,State_Code,State_Name,Crash_ID,Count_Non_Motorists,Count_Vehicles_Total,Count_Vehicle_Forms,Count_PVH_Involved,Count_Occupants_MV,City_Name,Month_Name,Day_of_Month,Day_of_Week,Crash_Hour,Crash_Minute,Area_Rural_Urban,Road_Functional_Class,On_NHS_Road,Latitude,Longitude,Intersection_Type,Light_Condition,Weather_Condition,Notif_Hour,Notif_Minute,Arrival_Hour,Arrival_Minute,Hospital_Hour,Hospital_Minute,Fatalities_Count,Clean_Light_Condition,Clean_Weather_Condition,Total_Killed,Total_Alive,Fatal_Seats_List,Killed_Restraint_List,Any_Driver_Drinking,Total_Drinking_Drivers,Driver_License_Category,Driver_Max_Prev_Accident_Count,Driver_Max_Prev_Speeding_Count,Max_Driver_Age,Min_Driver_Age,Driver_Sex_List,Total_Exceeding_Limit_Vehicles,Total_Too_Fast_Vehicles,Max_Vehicle_Type_Severity_5,Max_Vehicle_Damage_Rank,Max_Harmful_Event_Severity,Crash_Road_Surface_Condition,Crash_Horizontal_Alignment,Crash_Vertical_Profile,Crash_Impairment_Category,Crash_Vehicle_Defect
28338,42,Pennsylvania,420869,0,2,2,0,3,NOT APPLICABLE,November,1,Wednesday,3,40,Urban,High Speed (Arterial),Yes,39.9899,-76.00088611,Non-Intersection,Dark - Not Lighted,Clear,Unknown,Unknown,Unknown EMS Scene Arrival Hour,Unknown EMS Scene Arrival Minutes,Unknown,Unknown EMS Hospital Arrival Time,1,Dark - Unlighted,Clear,1,2,['Driver'],['Shoulder_Lapbelt'],0,0,Valid,0.0,1.0,58.0,25.0,"['Female', 'Male']",0,0,3,4,5,Dry,Straight,Non-Trafficway,Lowest,No
28339,42,Pennsylvania,420870,1,1,1,0,1,PHILADELPHIA,October,6,Friday,6,32,Urban,Medium Speed (Collector),No,39.99546389,-75.10551111,Complex/Circle,Dark - Lighted,Clear,Unknown,Unknown,Unknown EMS Scene Arrival Hour,Unknown EMS Scene Arrival Minutes,Unknown,Unknown EMS Hospital Arrival Time,1,Dark - Lighted,Clear,0,1,[],[],0,0,Invalid,0.0,0.0,999.0,999.0,['Other'],0,0,2,3,4,Dry,Straight,Level,Lowest,No
28340,42,Pennsylvania,420871,0,1,1,0,2,NOT APPLICABLE,October,7,Saturday,9,2,Rural,High Speed (Arterial),Yes,40.22663889,-76.47861111,Non-Intersection,Daylight,Rain,Unknown,Unknown,Unknown EMS Scene Arrival Hour,Unknown EMS Scene Arrival Minutes,Unknown,Unknown EMS Hospital Arrival Time,1,Daylight,Rain/Wind/Minor,1,1,['Front_Passenger'],['None_Used'],0,0,Valid,0.0,0.0,20.0,20.0,['Female'],2,0,2,4,3,Wet/Standing Water,Curve,Level,Lowest,No
28341,42,Pennsylvania,420872,0,2,2,0,8,NOT APPLICABLE,October,7,Saturday,19,0,Urban,Medium Speed (Collector),No,40.36649722,-75.33458611,Non-Intersection,Dark - Lighted,Clear,7:00pm-7:59pm,16,7:00pm-7:59pm,22,8:00pm-8:59pm,0,2,Dark - Lighted,Clear,2,6,"['Driver', 'Front_Passenger']","['Shoulder_Only', 'None_Used']",0,0,Valid,0.0,0.0,70.0,29.0,"['Female', 'Female']",0,0,3,4,5,Dry,Straight,Non-Trafficway,Lowest,No
28342,42,Pennsylvania,420873,0,2,2,0,2,QUINCY,October,2,Monday,13,14,Rural,Medium Speed (Collector),No,39.79544444,-77.57511111,Non-Intersection,Daylight,Clear,Unknown,Unknown,Unknown EMS Scene Arrival Hour,Unknown EMS Scene Arrival Minutes,Unknown,Unknown EMS Hospital Arrival Time,1,Daylight,Clear,1,1,['Driver'],['None_Used'],0,0,Valid,1.0,0.0,84.0,66.0,"['Male', 'Male']",0,0,5,4,5,Dry,Straight,Level,Lowest,No
28343,42,Pennsylvania,420874,0,1,1,0,1,PHILADELPHIA,October,7,Saturday,8,15,Urban,Low Speed (Local),No,40.03175278,-75.17910278,Complex/Circle,Daylight,Clear,Unknown,Unknown,Unknown EMS Scene Arrival Hour,Unknown EMS Scene Arrival Minutes,Unknown,Unknown EMS Hospital Arrival Time,1,Daylight,Clear,1,0,['Driver'],['Shoulder_Lapbelt'],0,0,Invalid,0.0,0.0,35.0,35.0,['Male'],0,0,2,4,3,Dry,Straight,Level,Lowest,No
28344,42,Pennsylvania,420875,0,2,2,0,3,POCOPSON,October,3,Tuesday,20,14,Urban,Medium Speed (Collector),No,39.9045,-75.64616667,Non-Intersection,Dark - Not Lighted,Clear,Unknown,Unknown,Unknown EMS Scene Arrival Hour,Unknown EMS Scene Arrival Minutes,Unknown,Unknown EMS Hospital Arrival Time,2,Dark - Unlighted,Clear,2,1,"['Driver', 'Driver']","['Shoulder_Lapbelt', 'Shoulder_Lapbelt']",0,0,Valid,1.0,1.0,67.0,24.0,"['Male', 'Female']",1,0,2,4,5,Dry,Curve,Level,Lowest,No
28345,42,Pennsylvania,420876,0,2,2,0,5,HARRISBURG,October,3,Tuesday,0,34,Urban,Low Speed (Local),No,40.26452778,-76.85947222,Complex/Circle,Dark - Lighted,Clear,Unknown,Unknown,Unknown EMS Scene Arrival Hour,Unknown EMS Scene Arrival Minutes,Unknown,Unknown EMS Hospital Arrival Time,1,Dark - Lighted,Clear,1,3,['Front_Passenger'],['None_Used'],0,0,Invalid,1.0,1.0,29.0,20.0,"['Male', 'Male']",5,0,3,4,5,Dry,Straight,Level,Lowest,No
28346,42,Pennsylvania,420877,1,2,2,0,2,NOT APPLICABLE,October,22,Sunday,4,15,Rural,High Speed (Arterial),Yes,41.17843333,-79.12834167,Non-Intersection,Dark - Not Lighted,Clear,Unknown,Unknown,Unknown EMS Scene Arrival Hour,Unknown EMS Scene Arrival Minutes,Not Applicable (Not Transported),Not Applicable (Not Transported),1,Dark - Unlighted,Clear,0,2,[],[],0,0,Valid,0.0,0.0,47.0,47.0,['Male'],0,0,3,4,5,Wet/Standing Water,Straight,Level,Lowest,No
28347,42,Pennsylvania,420878,0,2,2,0,2,NOT APPLICABLE,October,4,Wednesday,11,2,Rural,Medium Speed (Collector),No,40.33872778,-78.43469167,Complex/Circle,Daylight,Clear,11:00am-11:59am,2,11:00am-11:59am,11,12:00pm-12:59pm,11,1,Daylight,Clear,1,1,['Driver'],['None_Used'],0,0,Valid,0.0,0.0,79.0,66.0,"['Female', 'Male']",0,0,5,4,5,Dry,Straight,Level,Lowest,No
28348,42,Pennsylvania,420879,9,1,1,0,1,PHILADELPHIA,September,21,Thursday,20,19,Urban,Low Speed (Local),No,39.97610556,-75.23857222,Complex/Circle,Dark - Lighted,Clear,Unknown,Unknown,Unknown EMS Scene Arrival Hour,Unknown EMS Scene Arrival Minutes,Unknown,Unknown EMS Hospital Arrival Time,1,Dark - Lighted,Clear,1,0,['Driver'],['None_Used'],0,0,Valid,0.0,0.0,20.0,20.0,['Male'],1,0,2,4,3,Dry,Straight,Level,Lowest,No
28349,42,Pennsylvania,420880,0,1,1,0,1,NOT APPLICABLE,February,17,Friday,0,0,Rural,Low Speed (Local),No,39.74588889,-77.71319444,Non-Intersection,Dark - Not Lighted,Clear,Unknown,Unknown,Unknown EMS Scene Arrival Hour,Unknown EMS Scene Arrival Minutes,Unknown,Unknown EMS Hospital Arrival Time,1,Dark - Unlighted,Clear,1,0,['Driver'],['None_Used'],1,1,Valid,0.0,0.0,53.0,53.0,['Male'],0,0,2,4,3,Wet/Standing Water,Straight,Grade/Hillcrest,Lowest,No
28350,42,Pennsylvania,420881,0,3,3,0,4,NOT APPLICABLE,August,23,Wednesday,14,50,Rural,Medium Speed (Collector),No,40.41683333,-80.29086111,Non-Intersection,Daylight,Rain,Unknown,Unknown,Unknown EMS Scene Arrival Hour,Unknown EMS Scene Arrival Minutes,Unknown,Unknown EMS Hospital Arrival Time,1,Daylight,Rain/Wind/Minor,1,3,['Driver'],['Shoulder_Lapbelt'],1,1,Invalid,1.0,0.0,79.0,47.0,"['Male', 'Male', 'Male']",0,0,3,4,5,Wet/Standing Water,Straight,Grade/Hillcrest,Lowest,No
28351,42,Pennsylvania,420882,0,1,1,0,2,WILKINSBURG,September,4,Monday,21,39,Urban,High Speed (Arterial),Yes,40.43238889,-79.86869444,Non-Intersection,Dark - Lighted,Clear,Unknown,Unknown,Unknown EMS Scene Arrival Hour,Unknown EMS Scene Arrival Minutes,Unknown,Unknown EMS Hospital Arrival Time,2,Dark - Lighted,Clear,2,0,"['Driver', 'Front_Passenger']","['Shoulder_Lapbelt', 'Shoulder_Lapbelt']",1,1,Valid,1.0,0.0,32.0,32.0,['Male'],0,0,3,4,2,Dry,Straight,Level,Lowest,No
28352,42,Pennsylvania,420883,0,2,2,0,2,HARRISBURG,October,2,Monday,19,34,Urban,Low Speed (Local),No,40.31997222,-76.89019444,Non-Intersection,Dark - Not Lighted,Clear,Unknown,Unknown,Unknown EMS Scene Arrival Hour,Unknown EMS Scene Arrival Minutes,Unknown,Unknown EMS Hospital Arrival Time,1,Dark - Unlighted,Clear,1,1,['Driver'],['None_Used'],1,1,Valid,0.0,0.0,72.0,27.0,"['Male', 'Male']",0,0,5,4,5,Dry,Straight,Non-Trafficway,Lowest,No
28353,42,Pennsylvania,420884,0,2,2,0,2,NOT APPLICABLE,October,11,Wednesday,14,2,Rural,Medium Speed (Collector),No,39.79928056,-77.774825,Simple Junction,Daylight,Clear,Unknown,Unknown,Unknown EMS Scene Arrival Hour,Unknown EMS Scene Arrival Minutes,Unknown,Unknown EMS Hospital Arrival Time,1,Daylight,Clear,1,1,['Driver'],['None_Used'],0,0,Valid,0.0,0.0,70.0,28.0,"['Male', 'Male']",0,0,5,4,5,Dry,Straight,Level,Lowest,No
28354,42,Pennsylvania,420885,0,1,1,0,1,BRADFORD,October,23,Monday,13,25,Urban,Medium Speed (Collector),No,41.95777778,-78.65769444,Non-Intersection,Daylight,Clear,Unknown,Unknown,Unknown EMS Scene Arrival Hour,Unknown EMS Scene Arrival Minutes,Unknown,Unknown EMS Hospital Arrival Time,1,Daylight,Clear,1,0,['Driver'],['Shoulder_Lapbelt'],0,0,Valid,0.0,0.0,81.0,81.0,['Male'],0,0,3,4,3,Dry,Straight,Grade/Hillcrest,Lowest,No
28355,42,Pennsylvania,420886,0,1,1,0,1,ARCHBALD,November,1,Wednesday,10,42,Rural,Medium Speed (Collector),No,41.51422222,-75.58186111,Non-Intersection,Daylight,Clear,Unknown,Unknown,Unknown EMS Scene Arrival Hour,Unknown EMS Scene Arrival Minutes,Unknown,Unknown EMS Hospital Arrival Time,1,Daylight,Clear,1,0,['Driver'],['None_Used'],0,0,Valid,0.0,0.0,65.0,65.0,['Male'],0,0,3,4,3,Dry,Curve,Grade/Hillcrest,Lowest,No
28356,42,Pennsylvania,420887,2,3,2,1,1,NOT APPLICABLE,December,4,Monday,17,38,Rural,High Speed (Arterial),Yes,41.98346111,-80.290075,Non-Intersection,Dark - Not Lighted,Other,5:00pm-5:59pm,41,5:00pm-5:59pm,53,7:00pm-7:59pm,1,1,Dark - Unlighted,Reduced Visibility,0,0,[],[],0,0,Invalid,0.0,0.0,68.0,68.0,['Male'],0,0,4,4,5,Dry,Straight,Grade/Hillcrest,Lowest,No
28357,42,Pennsylvania,420888,0,2,2,0,2,NOT APPLICABLE,November,3,Friday,22,26,Urban,High Speed (Arterial),Yes,40.73408333,-75.34766667,Non-Intersection,Dark - Not Lighted,Clear,Unknown,Unknown,Unknown EMS Scene Arrival Hour,Unknown EMS Scene Arrival Minutes,Unknown,Unknown EMS Hospital Arrival Time,1,Dark - Unlighted,Clear,1,1,['Driver'],['Shoulder_Lapbelt'],0,0,Valid,0.0,0.0,64.0,58.0,"['Female', 'Female']",0,0,3,4,5,Dry,Curve,Grade/Hillcrest,Lowest,No
28358,42,Pennsylvania,420889,0,1,1,0,2,NOT APPLICABLE,November,11,Saturday,1,20,Rural,Low Speed (Local),No,39.88181944,-76.34708333,Simple Junction,Dark - Not Lighted,Clear,Unknown,Unknown,Unknown EMS Scene Arrival Hour,Unknown EMS Scene Arrival Minutes,Unknown,Unknown EMS Hospital Arrival Time,1,Dark - Unlighted,Clear,1,0,['Driver'],['None_Used'],1,1,Valid,0.0,0.0,33.0,33.0,['Male'],2,0,3,4,2,Dry,Straight,Grade/Hillcrest,Lowest,No
28359,42,Pennsylvania,420890,2,3,2,1,2,EDGEWOOD,December,25,Monday,0,54,Urban,High Speed (Arterial),Yes,40.42960278,-79.87836389,Non-Intersection,Dark - Not Lighted,Clear,Unknown,Unknown,Unknown EMS Scene Arrival Hour,Unknown EMS Scene Arrival Minutes,Unknown,Unknown EMS Hospital Arrival Time,1,Dark - Unlighted,Clear,0,2,[],[],0,0,Valid,0.0,0.0,32.0,32.0,['Female'],0,0,3,4,5,Wet/Standing Water,Curve,Grade/Hillcrest,Lowest,No
28360,42,Pennsylvania,420891,0,1,1,0,1,NOT APPLICABLE,November,9,Thursday,20,23,Rural,Low Speed (Local),No,40.46303056,-76.36433333,Complex/Circle,Dark - Not Lighted,Clear,Unknown,Unknown,Unknown EMS Scene Arrival Hour,Unknown EMS Scene Arrival Minutes,Unknown,Unknown EMS Hospital Arrival Time,1,Dark - Unlighted,Clear,1,0,['Driver'],['None_Used'],0,0,Valid,4.0,2.0,21.0,21.0,['Male'],1,0,2,4,3,Dry,Curve,Grade/Hillcrest,Lowest,No
28361,42,Pennsylvania,420892,0,1,1,0,1,BLOOMING GROVE,November,14,Tuesday,8,32,Rural,Medium Speed (Collector),No,41.41019444,-75.13958333,Non-Intersection,Daylight,Cloudy,Unknown,Unknown,Unknown EMS Scene Arrival Hour,Unknown EMS Scene Arrival Minutes,Not Applicable (Not Transported),Not Applicable (Not Transported),1,Daylight,Reduced Visibility,1,0,['Driver'],['None_Used'],0,0,Invalid,0.0,0.0,29.0,29.0,['Male'],0,0,2,4,3,Dry,Curve,Level,Lowest,No
28362,42,Pennsylvania,420893,0,3,3,0,5,NOT APPLICABLE,October,25,Wednesday,16,11,Rural,High Speed (Arterial),No,40.78823611,-75.99556111,Non-Intersection,Daylight,Clear,Unknown,Unknown,Unknown EMS Scene Arrival Hour,Unknown EMS Scene Arrival Minutes,Unknown,Unknown EMS Hospital Arrival Time,1,Daylight,Clear,1,4,['Driver'],['None_Used'],0,0,Valid,1.0,1.0,52.0,23.0,"['Female', 'Female', 'Male']",1,0,2,4,5,Dry,Straight,Level,Lowest,No
28363,42,Pennsylvania,420894,0,1,1,0,2,NOT APPLICABLE,November,16,Thursday,16,55,Rural,Medium Speed (Collector),No,40.96851389,-80.43755,Non-Intersection,Dusk,Clear,Unknown,Unknown,Unknown EMS Scene Arrival Hour,Unknown EMS Scene Arrival Minutes,Unknown,Unknown EMS Hospital Arrival Time,1,Twilight,Clear,1,1,['Front_Passenger'],['Shoulder_Lapbelt'],0,0,Valid,0.0,0.0,67.0,67.0,['Male'],0,0,3,4,2,Dry,Straight,Level,Lowest,No
28364,42,Pennsylvania,420895,0,4,4,0,6,MURRYSVILLE,October,7,Saturday,20,4,Urban,High Speed (Arterial),Yes,40.42433611,-79.66689722,Complex/Circle,Dark - Lighted,Clear,Unknown,Unknown,Unknown EMS Scene Arrival Hour,Unknown EMS Scene Arrival Minutes,Unknown,Unknown EMS Hospital Arrival Time,1,Dark - Lighted,Clear,1,5,['Driver'],['None_Used'],1,1,Valid,0.0,0.0,73.0,40.0,"['Male', 'Male', 'Male', 'Male']",0,0,3,4,5,Dry,Straight,Level,Lowest,No
28365,42,Pennsylvania,420896,0,1,1,0,1,NOT APPLICABLE,November,15,Wednesday,13,30,Urban,Medium Speed (Collector),No,41.14017778,-75.90140556,Non-Intersection,Daylight,Clear,Unknown,Unknown,Unknown EMS Scene Arrival Hour,Unknown EMS Scene Arrival Minutes,Unknown,Unknown EMS Hospital Arrival Time,1,Daylight,Clear,1,0,['Driver'],['Shoulder_Lapbelt'],1,1,Valid,0.0,0.0,69.0,69.0,['Male'],0,0,3,4,3,Dry,Straight,Grade/Hillcrest,Lowest,No
28366,42,Pennsylvania,420897,0,1,1,0,1,NOT APPLICABLE,November,17,Friday,0,49,Rural,Medium Speed (Collector),No,40.74006667,-76.38871944,Non-Intersection,Dark - Not Lighted,Clear,Unknown,Unknown,Unknown EMS Scene Arrival Hour,Unknown EMS Scene Arrival Minutes,Not Applicable (Not Transported),Not Applicable (Not Transported),1,Dark - Unlighted,Clear,1,0,['Driver'],['None_Used'],0,0,Valid,1.0,2.0,31.0,31.0,['Male'],0,0,3,4,2,Dry,Straight,Grade/Hillcrest,Lowest,No
28367,42,Pennsylvania,420898,0,3,3,0,3,NOT APPLICABLE,December,8,Friday,13,19,Urban,High Speed (Arterial),Yes,40.08354722,-75.89000556,Simple Junction,Daylight,Clear,1:00pm-1:59pm,18,1:00pm-1:59pm,23,2:00pm-2:59pm,7,1,Daylight,Clear,1,2,['Driver'],['Shoulder_Lapbelt'],0,0,Valid,1.0,1.0,88.0,24.0,"['Female', 'Male', 'Female']",0,0,3,4,5,Dry,Straight,Level,Lowest,No
28368,42,Pennsylvania,420899,0,1,1,0,1,EASTON,November,8,Wednesday,19,15,Urban,High Speed (Arterial),Yes,40.64553056,-75.28107778,Non-Intersection,Dark - Not Lighted,Clear,Unknown,Unknown,Unknown EMS Scene Arrival Hour,Unknown EMS Scene Arrival Minutes,Unknown,Unknown EMS Hospital Arrival Time,1,Dark - Unlighted,Clear,1,0,['Driver'],['None_Used'],0,0,Valid,4.0,0.0,40.0,40.0,['Female'],1,0,2,4,3,Dry,Straight,Level,Lowest,No
28369,42,Pennsylvania,420900,2,1,1,0,1,ALLENTOWN,December,10,Sunday,1,16,Urban,Low Speed (Local),No,40.6044,-75.46381111,Non-Intersection,Dark - Lighted,Clear,Unknown,Unknown,Unknown EMS Scene Arrival Hour,Unknown EMS Scene Arrival Minutes,Unknown,Unknown EMS Hospital Arrival Time,2,Dark - Lighted,Clear,0,1,[],[],0,0,Invalid,0.0,0.0,22.0,22.0,['Male'],0,0,2,3,4,Dry,Straight,Level,Lowest,No
28370,42,Pennsylvania,420901,0,3,3,0,6,NOT APPLICABLE,December,22,Friday,14,37,Urban,High Speed (Arterial),Yes,40.31821667,-75.87376944,Non-Intersection,Daylight,Not Reported,Unknown,Unknown,Unknown EMS Scene Arrival Hour,Unknown EMS Scene Arrival Minutes,Unknown,Unknown EMS Hospital Arrival Time,1,Daylight,Clear,1,5,['Rear_Seat'],['None_Used'],0,0,Valid,0.0,0.0,69.0,46.0,"['Female', 'Male', 'Female']",0,0,2,4,5,Dry,Straight,Level,Medium,No
28371,42,Pennsylvania,420902,0,1,1,0,2,NOT APPLICABLE,November,2,Thursday,16,23,Urban,Medium Speed (Collector),No,39.92886667,-75.33104722,Simple Junction,Daylight,Clear,4:00pm-4:59pm,26,4:00pm-4:59pm,34,5:00pm-5:59pm,8,1,Daylight,Clear,1,0,['Driver'],['Shoulder_Lapbelt'],0,0,Valid,0.0,0.0,91.0,91.0,['Female'],0,0,2,4,3,Dry,Straight,Level,Lowest,No
28372,42,Pennsylvania,420903,0,1,1,0,1,NOT APPLICABLE,November,3,Friday,5,43,Urban,High Speed (Arterial),Yes,40.68413889,-80.09552778,Non-Intersection,Dark - Not Lighted,Clear,Unknown,Unknown,Unknown EMS Scene Arrival Hour,Unknown EMS Scene Arrival Minutes,Not Applicable (Not Transported),Not Applicable (Not Transported),1,Dark - Unlighted,Clear,1,0,['Driver'],['None_Used'],0,0,Valid,1.0,0.0,52.0,52.0,['Male'],0,0,5,4,1,Dry,Straight,Level,Lowest,No
28373,42,Pennsylvania,420904,0,1,1,0,1,NOT APPLICABLE,November,2,Thursday,19,43,Rural,Low Speed (Local),No,40.03502778,-77.90758333,Non-Intersection,Dark - Not Lighted,Clear,Unknown,Unknown,Unknown EMS Scene Arrival Hour,Unknown EMS Scene Arrival Minutes,Unknown,Unknown EMS Hospital Arrival Time,1,Dark - Unlighted,Clear,1,0,['Driver'],['Shoulder_Lapbelt'],0,0,Valid,0.0,0.0,87.0,87.0,['Female'],0,0,3,4,3,Dry,Straight,Grade/Hillcrest,Medium,No
28374,42,Pennsylvania,420905,0,1,1,0,1,NOT APPLICABLE,November,3,Friday,7,12,Urban,Medium Speed (Collector),No,40.20438889,-74.90222222,Non-Intersection,Dark - Not Lighted,Reported as Unknown,7:00am-7:59am,42,Unknown EMS Scene Arrival Hour,Officially Cancelled,Unknown,Officially Canceled,1,Dark - Unlighted,Clear,1,0,['Driver'],['Shoulder_Lapbelt'],1,1,Valid,0.0,0.0,66.0,66.0,['Male'],1,0,3,4,3,Dry,Curve,Level,Lowest,No
28375,42,Pennsylvania,420906,0,3,3,0,6,NOT APPLICABLE,December,25,Monday,13,3,Urban,Medium Speed (Collector),No,40.01389444,-76.32856944,Non-Intersection,Daylight,Clear,Unknown,Unknown,Unknown EMS Scene Arrival Hour,Unknown EMS Scene Arrival Minutes,Unknown,Unknown EMS Hospital Arrival Time,1,Daylight,Clear,1,5,['Front_Passenger'],['None_Used'],0,0,Valid,0.0,0.0,54.0,21.0,"['Male', 'Male', 'Male']",0,0,3,4,5,Dry,Curve,Level,Lowest,No
28376,42,Pennsylvania,420907,0,3,3,0,4,NOT APPLICABLE,December,6,Wednesday,10,44,Urban,High Speed (Arterial),Yes,40.26530833,-75.75308056,Non-Intersection,Daylight,Cloudy,Unknown,Unknown,Unknown EMS Scene Arrival Hour,Unknown EMS Scene Arrival Minutes,Unknown,Unknown EMS Hospital Arrival Time,1,Daylight,Reduced Visibility,1,1,['Driver'],['None_Used'],0,0,Valid,1.0,0.0,65.0,27.0,"['Male', 'Male', 'Male']",2,0,4,4,5,Wet/Standing Water,Straight,Grade/Hillcrest,Lowest,Yes
28377,42,Pennsylvania,420908,0,2,2,0,3,NOT APPLICABLE,October,30,Monday,12,57,Rural,Low Speed (Local),No,40.55672222,-75.58302778,Non-Intersection,Daylight,Cloudy,Unknown,Unknown,Unknown EMS Scene Arrival Hour,Unknown EMS Scene Arrival Minutes,Unknown,Unknown EMS Hospital Arrival Time,2,Daylight,Reduced Visibility,2,1,"['Driver', 'Front_Passenger']","['Shoulder_Lapbelt', 'Shoulder_Lapbelt']",0,0,Valid,1.0,0.0,73.0,21.0,"['Male', 'Male']",0,0,3,4,5,Dry,Straight,Non-Trafficway,Lowest,No
28378,42,Pennsylvania,420909,0,1,1,0,1,NOT APPLICABLE,November,28,Tuesday,19,47,Rural,Low Speed (Local),No,40.1215,-76.78222222,Non-Intersection,Dark - Lighted,Clear,Unknown,Unknown,Unknown EMS Scene Arrival Hour,Unknown EMS Scene Arrival Minutes,Not Applicable (Not Transported),Not Applicable (Not Transported),1,Dark - Lighted,Clear,1,0,['Driver'],['Shoulder_Lapbelt'],1,1,Valid,1.0,1.0,30.0,30.0,['Male'],1,0,2,4,3,Dry,Straight,Level,Lowest,No
28379,42,Pennsylvania,420910,0,1,1,0,1,PHILADELPHIA,November,29,Wednesday,5,49,Urban,High Speed (Arterial),Yes,39.89555556,-75.23172222,Non-Intersection,Dark - Lighted,Clear,Unknown,Unknown,Unknown EMS Scene Arrival Hour,Unknown EMS Scene Arrival Minutes,Not Applicable (Not Transported),Not Applicable (Not Transported),1,Dark - Lighted,Clear,1,0,['Driver'],['Shoulder_Lapbelt'],0,0,Valid,0.0,0.0,51.0,51.0,['Male'],0,0,3,4,3,Icy/Snowy,Curve,Level,Lowest,No
28380,42,Pennsylvania,420911,2,1,1,0,0,NOT APPLICABLE,October,30,Monday,9,4,Urban,Low Speed (Local),No,40.01279167,-75.22765,Non-Intersection,Daylight,Clear,9:00am-9:59am,5,9:00am-9:59am,13,9:00am-9:59am,34,2,Daylight,Clear,0,0,[],[],0,0,Valid,0.0,0.0,49.0,34.0,Other,0,0,2,2,4,Dry,Straight,Non-Trafficway,Lowest,No
28381,42,Pennsylvania,420912,0,1,1,0,2,NOT APPLICABLE,November,25,Saturday,2,52,Rural,Low Speed (Local),No,40.27194444,-78.71722222,Non-Intersection,Dark - Not Lighted,Clear,Unknown,Unknown,Unknown EMS Scene Arrival Hour,Unknown EMS Scene Arrival Minutes,Unknown,Unknown EMS Hospital Arrival Time,1,Dark - Unlighted,Clear,1,1,['Driver'],['Shoulder_Lapbelt'],1,1,Valid,0.0,1.0,19.0,19.0,['Male'],0,0,2,4,3,Dry,Straight,Grade/Hillcrest,Lowest,No
28382,42,Pennsylvania,420913,0,3,3,0,6,NOT APPLICABLE,December,17,Sunday,13,0,Rural,Medium Speed (Collector),No,41.91479722,-79.91459167,Non-Intersection,Daylight,Rain,Unknown,Unknown,Unknown EMS Scene Arrival Hour,Unknown EMS Scene Arrival Minutes,Unknown,Unknown EMS Hospital Arrival Time,1,Daylight,Rain/Wind/Minor,1,0,['Driver'],['Shoulder_Lapbelt'],0,0,Valid,0.0,0.0,37.0,24.0,"['Male', 'Female', 'Male']",1,0,3,4,5,Wet/Standing Water,Straight,Grade/Hillcrest,Lowest,No
28383,42,Pennsylvania,420914,0,1,1,0,1,ALLENTOWN,November,26,Sunday,2,48,Urban,Low Speed (Local),No,40.60033333,-75.45805556,Non-Intersection,Dark - Lighted,Clear,Unknown,Unknown,Unknown EMS Scene Arrival Hour,Unknown EMS Scene Arrival Minutes,Not Applicable (Not Transported),Not Applicable (Not Transported),1,Dark - Lighted,Clear,1,0,['Driver'],['None_Used'],0,0,Invalid,0.0,1.0,26.0,26.0,['Male'],1,0,2,4,3,Dry,Curve,Grade/Hillcrest,Lowest,No
28384,42,Pennsylvania,420915,0,1,1,0,1,NOT APPLICABLE,November,28,Tuesday,14,36,Rural,High Speed (Arterial),Yes,41.07883333,-75.61266667,Non-Intersection,Daylight,Snow,Unknown,Unknown,Unknown EMS Scene Arrival Hour,Unknown EMS Scene Arrival Minutes,Not Applicable (Not Transported),Not Applicable (Not Transported),1,Daylight,Snow/Ice/Severe,1,0,['Driver'],['Shoulder_Lapbelt'],0,0,Invalid,0.0,0.0,60.0,60.0,['Male'],1,0,4,4,3,Icy/Snowy,Curve,Level,Lowest,No
28385,42,Pennsylvania,420916,0,3,3,0,4,NOT APPLICABLE,December,29,Friday,16,33,Urban,Medium Speed (Collector),No,40.31615278,-79.32811944,Simple Junction,Daylight,Clear,Unknown,Unknown,Unknown EMS Scene Arrival Hour,Unknown EMS Scene Arrival Minutes,Unknown,Unknown EMS Hospital Arrival Time,1,Daylight,Clear,1,3,['Front_Passenger'],['None_Used'],0,0,Valid,0.0,1.0,64.0,30.0,"['Female', 'Female', 'Male']",0,0,3,4,5,Dry,Curve,Level,Lowest,No
28386,42,Pennsylvania,420917,0,1,1,0,2,NOT APPLICABLE,November,27,Monday,0,54,Rural,Medium Speed (Collector),No,40.87708333,-76.71555556,Non-Intersection,Dark - Not Lighted,Clear,Unknown,Unknown,Unknown EMS Scene Arrival Hour,Unknown EMS Scene Arrival Minutes,Not Applicable (Not Transported),Not Applicable (Not Transported),1,Dark - Unlighted,Clear,1,1,['Driver'],['None_Used'],1,1,Valid,1.0,0.0,18.0,18.0,['Female'],2,0,2,4,3,Wet/Standing Water,Curve,Level,Lowest,No
28387,42,Pennsylvania,420918,0,1,1,0,1,NOT APPLICABLE,October,13,Friday,22,59,Rural,Medium Speed (Collector),No,40.21191111,-77.92583611,Simple Junction,Dark - Not Lighted,Clear,10:00pm-10:59pm,58,11:00pm-11:59pm,7,Not Applicable (Not Transported),Not Applicable (Not Transported),1,Dark - Unlighted,Clear,1,0,['Driver'],['None_Used'],1,1,Valid,0.0,0.0,60.0,60.0,['Male'],0,0,5,2,1,Dry,Straight,Level,Lowest,No
28388,42,Pennsylvania,420919,0,1,1,0,3,NOT APPLICABLE,November,26,Sunday,20,10,Rural,High Speed (Arterial),Yes,40.56100278,-75.45405278,Non-Intersection,Dark - Not Lighted,Rain,Unknown,Unknown,Unknown EMS Scene Arrival Hour,Unknown EMS Scene Arrival Minutes,Unknown,Unknown EMS Hospital Arrival Time,1,Dark - Unlighted,Rain/Wind/Minor,1,2,['Front_Passenger'],['Shoulder_Lapbelt'],0,0,Valid,0.0,1.0,64.0,64.0,['Male'],3,0,2,4,3,Wet/Standing Water,Straight,Grade/Hillcrest,Lowest,No