,State_Code,State_Name,Crash_ID,Count_Non_Motorists,Count_Vehicles_Total,Count_Vehicle_Forms,Count_PVH_Involved,Count_Occupants_MV,City_Name,Month_Name,Day_of_Month,Day_of_Week,Crash_Hour,Crash_Minute,Area_Rural_Urban,Road_Functional_Class,On_NHS_Road,Latitude,Longitude,Intersection_Type,Light_Condition,Weather_Condition,Notif_Hour,Notif_Minute,Arrival_Hour,Arrival_Minute,Hospital_Hour,Hospital_Minute,Fatalities_Count,Clean_Light_Condition,Clean_Weather_Condition,Total_Killed,Total_Alive,Fatal_Seats_List,Killed_Restraint_List,Any_Driver_Drinking,Total_Drinking_Drivers,Driver_License_Category,Driver_Max_Prev_Accident_Count,Driver_Max_Prev_Speeding_Count,Max_Driver_Age,Min_Driver_Age,Driver_Sex_List,Total_Exceeding_Limit_Vehicles,Total_Too_Fast_Vehicles,Max_Vehicle_Type_Severity_5,Max_Vehicle_Damage_Rank,Max_Harmful_Event_Severity,Crash_Road_Surface_Condition,Crash_Horizontal_Alignment,Crash_Vertical_Profile,Crash_Impairment_Category,Crash_Vehicle_Defect
28389,42,Pennsylvania,420920,0,1,1,0,3,NOT APPLICABLE,November,24,Friday,12,13,Urban,High Speed (Arterial),Yes,41.31930278,-75.738775,Non-Intersection,Daylight,Clear,12:00pm-12:59pm,19,12:00pm-12:59pm,22,12:00pm-12:59pm,53,1,Daylight,Clear,1,2,['Rear_Seat'],['Shoulder_Lapbelt'],0,0,Valid,0.0,0.0,55.0,55.0,['Female'],0,0,3,4,2,Dry,Curve,Level,Lowest,No
28390,42,Pennsylvania,420921,0,2,2,0,4,NOT APPLICABLE,October,30,Monday,17,33,Urban,High Speed (Arterial),Yes,40.50097222,-80.07413889,Simple Junction,Dark - Lighted,Rain,Unknown,Unknown,Unknown EMS Scene Arrival Hour,Unknown EMS Scene Arrival Minutes,Unknown,Unknown EMS Hospital Arrival Time,1,Dark - Lighted,Rain/Wind/Minor,1,3,['Driver'],['None_Used'],0,0,Valid,0.0,0.0,36.0,18.0,"['Male', 'Female']",1,0,3,4,5,Wet/Standing Water,Straight,Grade/Hillcrest,Lowest,No
28391,42,Pennsylvania,420922,1,1,1,0,1,NOT APPLICABLE,October,17,Tuesday,19,0,Rural,Low Speed (Local),No,40.78813889,-77.90555556,Non-Intersection,Dark - Not Lighted,Clear,7:00pm-7:59pm,1,7:00pm-7:59pm,11,7:00pm-7:59pm,37,1,Dark - Unlighted,Clear,0,1,[],[],0,0,Valid,0.0,0.0,48.0,48.0,['Male'],0,0,3,2,4,Dry,Straight,Grade/Hillcrest,Lowest,No
28392,42,Pennsylvania,420923,0,1,1,0,1,PHILADELPHIA,October,15,Sunday,16,55,Urban,High Speed (Arterial),Yes,39.98626111,-75.25745278,Non-Intersection,Daylight,Clear,Unknown,Unknown,Unknown EMS Scene Arrival Hour,Unknown EMS Scene Arrival Minutes,Not Applicable (Not Transported),Not Applicable (Not Transported),1,Daylight,Clear,1,0,['Driver'],['Shoulder_Lapbelt'],1,1,Valid,1.0,1.0,21.0,21.0,['Male'],1,0,2,4,3,Dry,Straight,Grade/Hillcrest,Lowest,No
28393,42,Pennsylvania,420924,1,1,1,0,1,NOT APPLICABLE,October,17,Tuesday,6,50,Urban,High Speed (Arterial),Yes,39.94651111,-75.29257778,Complex/Circle,Daylight,Clear,Unknown,Unknown,Unknown EMS Scene Arrival Hour,Unknown EMS Scene Arrival Minutes,Unknown,Unknown EMS Hospital Arrival Time,1,Daylight,Clear,0,1,[],[],0,0,Valid,1.0,0.0,19.0,19.0,['Male'],0,0,3,2,4,Dry,Straight,Level,Lowest,No
28394,42,Pennsylvania,420925,0,2,2,0,2,NOT APPLICABLE,October,12,Thursday,12,11,Urban,High Speed (Arterial),Yes,40.186875,-75.09775,Simple Junction,Daylight,Clear,12:00pm-12:59pm,11,12:00pm-12:59pm,16,12:00pm-12:59pm,44,1,Daylight,Clear,1,1,['Driver'],['None_Used'],0,0,Valid,1.0,0.0,62.0,20.0,"['Female', 'Male']",0,0,5,4,5,Dry,Straight,Level,Lowest,No
28395,42,Pennsylvania,420926,1,1,1,0,1,PHILADELPHIA,October,11,Wednesday,5,41,Urban,High Speed (Arterial),Yes,39.95561111,-75.18072222,Simple Junction,Dark - Not Lighted,Clear,Unknown,Unknown,Unknown EMS Scene Arrival Hour,Unknown EMS Scene Arrival Minutes,Unknown,Unknown EMS Hospital Arrival Time,1,Dark - Unlighted,Clear,0,1,[],[],0,0,Valid,1.0,0.0,36.0,36.0,['Male'],0,0,2,4,4,Dry,Straight,Level,Lowest,No
28396,42,Pennsylvania,420927,1,1,1,0,1,NOT APPLICABLE,October,11,Wednesday,13,38,Urban,High Speed (Arterial),Yes,40.07545833,-75.15886389,Non-Intersection,Daylight,Clear,1:00pm-1:59pm,41,1:00pm-1:59pm,46,2:00pm-2:59pm,15,1,Daylight,Clear,0,1,[],[],0,0,Valid,0.0,0.0,30.0,30.0,['Male'],0,0,3,2,4,Dry,Straight,Level,Lowest,No
28397,42,Pennsylvania,420928,0,1,1,0,2,PHILADELPHIA,October,7,Saturday,3,10,Urban,High Speed (Arterial),Yes,40.02519444,-75.07391667,Non-Intersection,Dark - Lighted,Clear,Unknown,Unknown,Unknown EMS Scene Arrival Hour,Unknown EMS Scene Arrival Minutes,Unknown,Unknown EMS Hospital Arrival Time,1,Dark - Lighted,Clear,1,1,['Front_Passenger'],['Shoulder_Lapbelt'],0,0,Valid,0.0,0.0,34.0,34.0,['Male'],2,0,3,4,3,Dry,Curve,Grade/Hillcrest,Lowest,No
28398,42,Pennsylvania,420929,0,2,2,0,2,NOT APPLICABLE,October,9,Monday,14,47,Rural,Medium Speed (Collector),No,40.29358333,-76.46677778,Non-Intersection,Daylight,Clear,Unknown,Unknown,Unknown EMS Scene Arrival Hour,Unknown EMS Scene Arrival Minutes,Unknown,Unknown EMS Hospital Arrival Time,1,Daylight,Clear,1,1,['Driver'],['Shoulder_Lapbelt'],1,1,Valid,1.0,0.0,79.0,52.0,"['Male', 'Female']",1,0,2,4,5,Dry,Curve,Grade/Hillcrest,Lowest,No
28399,42,Pennsylvania,420930,0,2,2,0,2,NOT APPLICABLE,October,16,Monday,10,40,Urban,Medium Speed (Collector),No,40.10652778,-76.32333333,Non-Intersection,Daylight,Cloudy,Unknown,Unknown,Unknown EMS Scene Arrival Hour,Unknown EMS Scene Arrival Minutes,Unknown,Unknown EMS Hospital Arrival Time,1,Daylight,Reduced Visibility,1,1,['Driver'],['Shoulder_Lapbelt'],1,1,Valid,1.0,0.0,55.0,35.0,"['Male', 'Male']",1,0,3,4,5,Dry,Straight,Grade/Hillcrest,Lowest,No
28400,42,Pennsylvania,420931,0,1,1,0,1,NOT APPLICABLE,October,14,Saturday,0,16,Urban,Medium Speed (Collector),No,40.4385,-78.41783333,Non-Intersection,Dark - Not Lighted,Clear,0:00am-0:59am,19,0:00am-0:59am,22,Not Applicable (Not Transported),Not Applicable (Not Transported),1,Dark - Unlighted,Clear,1,0,['Driver'],['None_Used'],0,0,Invalid,0.0,1.0,21.0,21.0,['Male'],1,0,5,4,2,Dry,Straight,Level,Lowest,No
28401,42,Pennsylvania,420932,0,1,1,0,1,NOT APPLICABLE,October,13,Friday,19,48,Rural,Low Speed (Local),No,40.20111111,-75.03072222,Non-Intersection,Dark - Not Lighted,Clear,7:00pm-7:59pm,51,7:00pm-7:59pm,54,Not Applicable (Not Transported),Not Applicable (Not Transported),1,Dark - Unlighted,Clear,1,0,['Driver'],['Shoulder_Lapbelt'],0,0,Valid,0.0,0.0,17.0,17.0,['Male'],1,0,2,4,3,Dry,Straight,Grade/Hillcrest,Lowest,No
28402,42,Pennsylvania,420933,0,1,1,0,1,NOT APPLICABLE,October,13,Friday,14,39,Urban,Medium Speed (Collector),No,41.24661111,-76.94319444,Non-Intersection,Daylight,Clear,2:00pm-2:59pm,38,2:00pm-2:59pm,41,3:00pm-3:59pm,3,1,Daylight,Clear,1,0,['Driver'],['Shoulder_Lapbelt'],0,0,Valid,0.0,0.0,95.0,95.0,['Female'],0,0,2,4,3,Dry,Curve,Level,Lowest,No
28403,42,Pennsylvania,420934,0,1,1,0,1,NOT APPLICABLE,October,17,Tuesday,6,0,Rural,Medium Speed (Collector),No,41.88138889,-78.02916667,Non-Intersection,Dark - Not Lighted,Clear,Unknown,Unknown,Unknown EMS Scene Arrival Hour,Unknown EMS Scene Arrival Minutes,Unknown,Unknown EMS Hospital Arrival Time,1,Dark - Unlighted,Clear,1,0,['Driver'],['Shoulder_Lapbelt'],0,0,Valid,0.0,0.0,22.0,22.0,['Female'],0,0,3,4,3,Dry,Curve,Level,Lowest,No
28404,42,Pennsylvania,420935,1,1,1,0,1,NOT APPLICABLE,October,13,Friday,19,34,Rural,Medium Speed (Collector),No,41.02394444,-76.07897222,Non-Intersection,Dark - Not Lighted,Clear,7:00pm-7:59pm,38,7:00pm-7:59pm,44,8:00pm-8:59pm,1,1,Dark - Unlighted,Clear,0,1,[],[],0,0,Valid,0.0,0.0,56.0,56.0,['Male'],0,0,3,2,4,Dry,Straight,Level,Lowest,No
28405,42,Pennsylvania,420936,0,2,2,0,2,NOT APPLICABLE,October,9,Monday,17,34,Rural,Medium Speed (Collector),No,41.37386111,-75.52502778,Non-Intersection,Daylight,Clear,5:00pm-5:59pm,30,5:00pm-5:59pm,40,6:00pm-6:59pm,28,1,Daylight,Clear,1,1,['Driver'],['None_Used'],0,0,Valid,0.0,0.0,25.0,18.0,"['Male', 'Male']",0,0,3,4,5,Dry,Curve,Grade/Hillcrest,Lowest,No
28406,42,Pennsylvania,420937,0,2,2,0,3,NOT APPLICABLE,October,7,Saturday,14,10,Rural,High Speed (Arterial),Yes,40.53743056,-75.18068889,Non-Intersection,Daylight,Clear,2:00pm-2:59pm,2,2:00pm-2:59pm,25,3:00pm-3:59pm,11,1,Daylight,Clear,1,2,['Driver'],['Shoulder_Lapbelt'],1,1,Invalid,1.0,0.0,55.0,28.0,"['Male', 'Male']",0,0,3,4,5,Dry,Curve,Grade/Hillcrest,Lowest,No
28407,42,Pennsylvania,420938,0,2,2,0,2,BEAVER FALLS,October,7,Saturday,23,44,Urban,Medium Speed (Collector),No,40.76408056,-80.32065833,Complex/Circle,Dark - Lighted,Clear,Unknown,Unknown,Unknown EMS Scene Arrival Hour,Unknown EMS Scene Arrival Minutes,Not Applicable (Not Transported),Not Applicable (Not Transported),1,Dark - Lighted,Clear,1,1,['Driver'],['None_Used'],0,0,Valid,1.0,0.0,39.0,30.0,"['Male', 'Male']",1,0,5,4,5,Dry,Straight,Level,Lowest,No
28408,42,Pennsylvania,420939,0,1,1,0,1,NOT APPLICABLE,October,13,Friday,0,10,Rural,Low Speed (Local),No,41.69672222,-80.37088056,Non-Intersection,Dark - Not Lighted,Clear,Unknown,Unknown,Unknown EMS Scene Arrival Hour,Unknown EMS Scene Arrival Minutes,Not Applicable (Not Transported),Not Applicable (Not Transported),1,Dark - Unlighted,Clear,1,0,['Driver'],['None_Used'],0,0,Valid,0.0,0.0,31.0,31.0,['Male'],0,0,5,2,1,Dry,Straight,Level,Lowest,No
28409,42,Pennsylvania,420940,0,1,1,0,1,NOT APPLICABLE,October,17,Tuesday,14,57,Urban,High Speed (Arterial),Yes,41.35061111,-80.411,Non-Intersection,Daylight,Clear,Unknown,Unknown,Unknown EMS Scene Arrival Hour,Unknown EMS Scene Arrival Minutes,Not Applicable (Not Transported),Not Applicable (Not Transported),1,Daylight,Clear,1,0,['Driver'],['None_Used'],1,1,Valid,2.0,0.0,35.0,35.0,['Male'],1,0,3,4,3,Dry,Straight,Level,Lowest,No
28410,42,Pennsylvania,420941,0,1,1,0,2,NOT APPLICABLE,October,20,Friday,21,0,Urban,High Speed (Arterial),Yes,40.05591667,-75.65302778,Non-Intersection,Dark - Not Lighted,Rain,9:00pm-9:59pm,4,9:00pm-9:59pm,8,Unknown,Unknown EMS Hospital Arrival Time,1,Dark - Unlighted,Rain/Wind/Minor,1,1,['Driver'],['None_Used'],1,1,Valid,0.0,1.0,25.0,25.0,['Male'],2,0,2,4,3,Wet/Standing Water,Straight,Level,Lowest,Yes
28411,42,Pennsylvania,420942,0,1,1,0,1,NOT APPLICABLE,October,21,Saturday,15,55,Rural,Medium Speed (Collector),No,40.7245,-75.49497222,Non-Intersection,Daylight,Clear,Unknown,Unknown,Unknown EMS Scene Arrival Hour,Unknown EMS Scene Arrival Minutes,Unknown,Unknown EMS Hospital Arrival Time,1,Daylight,Clear,1,0,['Driver'],['None_Used'],0,0,Valid,0.0,0.0,47.0,47.0,['Male'],1,0,5,4,2,Dry,Curve,Level,Lowest,No
28412,42,Pennsylvania,420943,0,1,1,0,1,NOT APPLICABLE,October,21,Saturday,18,20,Rural,Medium Speed (Collector),No,41.76372222,-80.18844444,Non-Intersection,Dusk,Clear,Unknown,Unknown,Unknown EMS Scene Arrival Hour,Unknown EMS Scene Arrival Minutes,Not Applicable (Not Transported),Not Applicable (Not Transported),1,Twilight,Clear,1,0,['Driver'],['None_Used'],1,1,Valid,0.0,0.0,48.0,48.0,['Male'],1,0,3,4,3,Wet/Standing Water,Curve,Level,Lowest,No
28413,42,Pennsylvania,420944,0,2,2,0,3,NOT APPLICABLE,October,8,Sunday,11,35,Urban,Medium Speed (Collector),No,40.162,-79.53522222,Non-Intersection,Daylight,Clear,Unknown,Unknown,Unknown EMS Scene Arrival Hour,Unknown EMS Scene Arrival Minutes,Unknown,Unknown EMS Hospital Arrival Time,1,Daylight,Clear,1,2,['Driver'],['None_Used'],0,0,Valid,0.0,0.0,59.0,36.0,"['Male', 'Female']",0,0,3,4,5,Dry,Curve,Level,Lowest,No
28414,42,Pennsylvania,420945,0,1,1,0,2,NOT APPLICABLE,October,14,Saturday,0,29,Rural,Medium Speed (Collector),No,39.90096944,-76.26886667,Non-Intersection,Dark - Not Lighted,Clear,Unknown,Unknown,Unknown EMS Scene Arrival Hour,Unknown EMS Scene Arrival Minutes,Unknown,Unknown EMS Hospital Arrival Time,1,Dark - Unlighted,Clear,1,1,['Driver'],['None_Used'],1,1,Valid,2.0,0.0,30.0,30.0,['Male'],2,0,2,4,3,Dry,Curve,Grade/Hillcrest,Lowest,No
28415,42,Pennsylvania,420946,0,2,2,0,4,NOT APPLICABLE,October,14,Saturday,15,10,Rural,Medium Speed (Collector),No,41.65605556,-80.28833333,Non-Intersection,Daylight,Rain,Unknown,Unknown,Unknown EMS Scene Arrival Hour,Unknown EMS Scene Arrival Minutes,Unknown,Unknown EMS Hospital Arrival Time,1,Daylight,Rain/Wind/Minor,1,3,['Driver'],['None_Used'],0,0,Valid,0.0,1.0,79.0,23.0,"['Male', 'Male']",2,0,3,4,5,Wet/Standing Water,Curve,Grade/Hillcrest,Lowest,Yes
28416,42,Pennsylvania,420947,0,2,2,0,2,NOT APPLICABLE,October,13,Friday,13,34,Rural,High Speed (Arterial),Yes,40.32158333,-77.87075,Non-Intersection,Daylight,Clear,Unknown,Unknown,Unknown EMS Scene Arrival Hour,Unknown EMS Scene Arrival Minutes,Unknown,Unknown EMS Hospital Arrival Time,1,Daylight,Clear,1,1,['Driver'],['Shoulder_Lapbelt'],0,0,Valid,0.0,0.0,88.0,50.0,"['Female', 'Male']",0,0,3,4,5,Dry,Straight,Level,Lowest,No
28417,42,Pennsylvania,420948,1,1,1,0,2,NOT APPLICABLE,October,9,Monday,19,40,Urban,Medium Speed (Collector),No,40.71184444,-75.21796389,Simple Junction,Dark - Not Lighted,Clear,Unknown,Unknown,Unknown EMS Scene Arrival Hour,Unknown EMS Scene Arrival Minutes,Unknown,Unknown EMS Hospital Arrival Time,1,Dark - Unlighted,Clear,0,2,[],[],0,0,Valid,0.0,0.0,64.0,64.0,['Male'],0,0,3,1,4,Dry,Straight,Level,Lowest,No
28418,42,Pennsylvania,420949,0,2,2,0,2,NOT APPLICABLE,October,9,Monday,2,36,Urban,High Speed (Arterial),Yes,39.97767222,-76.69660278,Non-Intersection,Dark - Not Lighted,Clear,Unknown,Unknown,Unknown EMS Scene Arrival Hour,Unknown EMS Scene Arrival Minutes,Not Applicable (Not Transported),Not Applicable (Not Transported),1,Dark - Unlighted,Clear,1,1,['Driver'],['None_Used'],1,1,Valid,0.0,0.0,47.0,43.0,"['Male', 'Male']",0,0,4,4,5,Dry,Curve,Level,Lowest,No
28419,42,Pennsylvania,420950,0,2,2,0,2,NOT APPLICABLE,October,17,Tuesday,9,4,Urban,High Speed (Arterial),Yes,40.29511389,-76.82481667,Non-Intersection,Daylight,Clear,Unknown,Unknown,Unknown EMS Scene Arrival Hour,Unknown EMS Scene Arrival Minutes,Not Applicable (Not Transported),Not Applicable (Not Transported),1,Daylight,Clear,1,1,['Driver'],['Shoulder_Lapbelt'],0,0,Valid,0.0,0.0,64.0,41.0,"['Male', 'Male']",1,0,4,4,5,Dry,Straight,Grade/Hillcrest,Lowest,No
28420,42,Pennsylvania,420951,1,1,1,0,1,PHILADELPHIA,May,26,Friday,15,33,Urban,Low Speed (Local),No,39.98385278,-75.11841111,Non-Intersection,Daylight,Cloudy,3:00pm-3:59pm,36,3:00pm-3:59pm,39,3:00pm-3:59pm,56,1,Daylight,Reduced Visibility,0,0,[],[],0,0,Invalid,0.0,0.0,999.0,999.0,['Other'],0,0,1,0,4,Dry,Straight,Level,Lowest,No
28421,42,Pennsylvania,420952,1,1,1,0,1,Other,July,15,Saturday,17,14,Rural,Medium Speed (Collector),No,41.10963889,-75.26479722,Non-Intersection,Daylight,Clear,Unknown,Unknown,Unknown EMS Scene Arrival Hour,Unknown EMS Scene Arrival Minutes,Unknown,Unknown EMS Hospital Arrival Time,1,Daylight,Clear,0,1,[],[],0,0,Valid,0.0,0.0,19.0,19.0,['Male'],0,0,3,4,4,Dry,Straight,Grade/Hillcrest,Lowest,No
28422,42,Pennsylvania,420954,0,1,1,0,1,MARTINSBURG,December,19,Tuesday,11,39,Rural,Medium Speed (Collector),No,40.31416667,-78.33027778,Non-Intersection,Daylight,Clear,11:00am-11:59am,41,11:00am-11:59am,43,11:00am-11:59am,53,1,Daylight,Clear,1,0,['Driver'],['None_Used'],0,0,Valid,0.0,0.0,75.0,75.0,['Male'],0,0,2,4,3,Wet/Standing Water,Straight,Grade/Hillcrest,Medium,No
28423,42,Pennsylvania,420955,0,2,2,0,3,RIDGWAY,September,16,Saturday,17,14,Rural,High Speed (Arterial),Yes,41.40614444,-78.70634444,Non-Intersection,Daylight,Clear,Unknown,Unknown,Unknown EMS Scene Arrival Hour,Unknown EMS Scene Arrival Minutes,Not Applicable (Not Transported),Not Applicable (Not Transported),1,Daylight,Clear,1,2,['Driver'],['None_Used'],0,0,Valid,0.0,0.0,78.0,78.0,"['Male', 'Male']",0,0,5,4,5,Dry,Straight,Level,Lowest,No
28424,42,Pennsylvania,420956,0,1,1,0,1,NOT APPLICABLE,October,15,Sunday,22,0,Rural,Medium Speed (Collector),No,41.23625,-75.23033333,Non-Intersection,Dark - Not Lighted,Cloudy,Unknown,Unknown,Unknown EMS Scene Arrival Hour,Unknown EMS Scene Arrival Minutes,Unknown,Unknown EMS Hospital Arrival Time,1,Dark - Unlighted,Reduced Visibility,1,0,['Driver'],['None_Used'],1,1,Valid,0.0,0.0,61.0,61.0,['Male'],1,0,2,4,3,Dry,Curve,Level,Lowest,No
28425,42,Pennsylvania,420957,0,2,2,0,8,PHILADELPHIA,October,1,Sunday,17,51,Urban,High Speed (Arterial),Yes,39.98208333,-75.20763889,Non-Intersection,Daylight,Clear,Unknown,Unknown,Unknown EMS Scene Arrival Hour,Unknown EMS Scene Arrival Minutes,Unknown,Unknown EMS Hospital Arrival Time,1,Daylight,Clear,1,7,['Rear_Seat'],['None_Used'],0,0,Invalid,0.0,0.0,41.0,14.0,"['Female', 'Male']",4,0,3,4,5,Dry,Curve,Level,Lowest,No
28426,42,Pennsylvania,420958,0,1,1,0,1,NOT APPLICABLE,October,28,Saturday,1,11,Urban,Medium Speed (Collector),No,40.29244444,-79.34077778,Non-Intersection,Dark - Not Lighted,Clear,Unknown,Unknown,Unknown EMS Scene Arrival Hour,Unknown EMS Scene Arrival Minutes,Not Applicable (Not Transported),Not Applicable (Not Transported),1,Dark - Unlighted,Clear,1,0,['Driver'],['None_Used'],1,1,Invalid,0.0,0.0,35.0,35.0,['Male'],0,0,5,4,3,Dry,Straight,Level,Lowest,No
28427,42,Pennsylvania,420959,0,1,1,0,1,NOT APPLICABLE,October,26,Thursday,10,5,Rural,Low Speed (Local),No,40.04965,-79.35808333,Non-Intersection,Daylight,Clear,Unknown,Unknown,Unknown EMS Scene Arrival Hour,Unknown EMS Scene Arrival Minutes,Not Applicable (Not Transported),Not Applicable (Not Transported),1,Daylight,Clear,1,0,['Driver'],['None_Used'],1,1,Invalid,0.0,0.0,50.0,50.0,['Male'],1,0,5,4,2,Dry,Curve,Level,Lowest,No
28428,42,Pennsylvania,420960,0,1,1,0,1,NOT APPLICABLE,October,26,Thursday,4,50,Rural,Low Speed (Local),No,40.88313889,-79.96311111,Non-Intersection,Dark - Not Lighted,Clear,Unknown,Unknown,Unknown EMS Scene Arrival Hour,Unknown EMS Scene Arrival Minutes,Not Applicable (Not Transported),Not Applicable (Not Transported),1,Dark - Unlighted,Clear,1,0,['Driver'],['None_Used'],1,1,Invalid,0.0,0.0,27.0,27.0,['Male'],1,0,3,4,3,Dry,Curve,Grade/Hillcrest,Lowest,No
28429,42,Pennsylvania,420961,0,1,1,0,2,PHILADELPHIA,October,23,Monday,3,49,Urban,Low Speed (Local),No,40.03005556,-75.14563889,Non-Intersection,Dark - Lighted,Clear,Unknown,Unknown,Unknown EMS Scene Arrival Hour,Unknown EMS Scene Arrival Minutes,Unknown,Unknown EMS Hospital Arrival Time,1,Dark - Lighted,Clear,1,1,['Driver'],['Shoulder_Lapbelt'],0,0,Invalid,0.0,0.0,32.0,32.0,['Male'],0,0,2,4,3,Dry,Straight,Level,Lowest,No
28430,42,Pennsylvania,420962,1,1,1,0,1,NOT APPLICABLE,October,2,Monday,0,45,Urban,Medium Speed (Collector),No,40.18548889,-74.76248333,Non-Intersection,Dark - Lighted,Clear,0:00am-0:59am,48,0:00am-0:59am,52,Not Applicable (Not Transported),Not Applicable (Not Transported),1,Dark - Lighted,Clear,0,1,[],[],0,0,Valid,0.0,0.0,24.0,24.0,['Male'],0,0,2,0,4,Dry,Straight,Level,Lowest,No
28431,42,Pennsylvania,420963,1,1,1,0,2,NOT APPLICABLE,October,3,Tuesday,11,54,Urban,Medium Speed (Collector),No,39.81778611,-75.90941389,Non-Intersection,Daylight,Clear,11:00am-11:59am,51,11:00am-11:59am,55,12:00pm-12:59pm,2,1,Daylight,Clear,0,1,[],[],0,0,Valid,0.0,0.0,39.0,39.0,['Female'],0,0,3,1,4,Dry,Straight,Level,Lowest,No
28432,42,Pennsylvania,420964,0,2,2,0,2,PHILADELPHIA,October,3,Tuesday,16,9,Urban,High Speed (Arterial),Yes,39.89052778,-75.22038889,Non-Intersection,Daylight,Clear,Unknown,Unknown,Unknown EMS Scene Arrival Hour,Unknown EMS Scene Arrival Minutes,Not Applicable (Not Transported),Not Applicable (Not Transported),1,Daylight,Clear,1,1,['Driver'],['None_Used'],0,0,Valid,0.0,0.0,28.0,18.0,"['Male', 'Male']",1,0,5,4,5,Dry,Straight,Level,Lowest,No
28433,42,Pennsylvania,420965,0,2,2,0,2,WILLIAMSPORT,October,23,Monday,18,11,Urban,High Speed (Arterial),No,41.24015833,-77.04987222,Complex/Circle,Daylight,Clear,Unknown,Unknown,Unknown EMS Scene Arrival Hour,Unknown EMS Scene Arrival Minutes,Not Applicable (Not Transported),Not Applicable (Not Transported),1,Daylight,Clear,1,1,['Driver'],['None_Used'],1,1,Valid,1.0,1.0,75.0,21.0,"['Male', 'Male']",1,0,5,4,5,Dry,Straight,Level,Lowest,No
28434,42,Pennsylvania,420966,0,1,1,0,2,NOT APPLICABLE,October,25,Wednesday,8,49,Urban,High Speed (Arterial),Yes,39.92728333,-79.74444444,Non-Intersection,Daylight,Clear,Unknown,Unknown,Unknown EMS Scene Arrival Hour,Unknown EMS Scene Arrival Minutes,Not Applicable (Not Transported),Not Applicable (Not Transported),2,Daylight,Clear,2,0,"['Driver', 'Rear_Seat']","['None_Used', 'None_Used']",0,0,Valid,0.0,1.0,30.0,30.0,['Male'],2,0,5,4,1,Dry,Straight,Level,Lowest,No
28435,42,Pennsylvania,420967,0,1,1,0,1,CALN,October,27,Friday,2,0,Urban,High Speed (Arterial),Yes,40.01909722,-75.69436389,Simple Junction,Dark - Not Lighted,Clear,2:00am-2:59am,3,2:00am-2:59am,12,Not Applicable (Not Transported),Not Applicable (Not Transported),1,Dark - Unlighted,Clear,1,0,['Driver'],['None_Used'],0,0,Valid,0.0,0.0,31.0,31.0,['Male'],1,0,5,3,2,Dry,Straight,Level,Lowest,No
28436,42,Pennsylvania,420968,0,2,2,0,2,NOT APPLICABLE,October,11,Wednesday,15,54,Rural,High Speed (Arterial),Yes,39.93633333,-77.96766667,Simple Junction,Daylight,Clear,Unknown,Unknown,Unknown EMS Scene Arrival Hour,Unknown EMS Scene Arrival Minutes,Unknown,Unknown EMS Hospital Arrival Time,1,Daylight,Clear,1,1,['Driver'],['None_Used'],1,1,Invalid,0.0,0.0,81.0,61.0,"['Male', 'Male']",0,0,3,4,5,Dry,Straight,Grade/Hillcrest,Lowest,No
28437,42,Pennsylvania,420969,0,2,2,0,4,NOT APPLICABLE,October,13,Friday,6,33,Urban,Medium Speed (Collector),No,39.95928889,-76.09956667,Complex/Circle,Daylight,Clear,Unknown,Unknown,Unknown EMS Scene Arrival Hour,Unknown EMS Scene Arrival Minutes,Unknown,Unknown EMS Hospital Arrival Time,1,Daylight,Clear,1,3,['Driver'],['None_Used'],0,0,Valid,0.0,0.0,47.0,41.0,"['Male', 'Male']",0,0,3,4,5,Dry,Straight,Level,Lowest,No
28438,42,Pennsylvania,420970,0,3,3,0,3,NOT APPLICABLE,November,17,Friday,17,16,Rural,High Speed (Arterial),Yes,40.11497222,-78.56177778,Non-Intersection,Dark - Not Lighted,Rain,5:00pm-5:59pm,18,5:00pm-5:59pm,30,6:00pm-6:59pm,30,1,Dark - Unlighted,Rain/Wind/Minor,1,2,['Driver'],['Shoulder_Lapbelt'],0,0,Valid,0.0,0.0,84.0,48.0,"['Female', 'Male', 'Male']",1,0,4,4,5,Wet/Standing Water,Straight,Level,Lowest,No
28439,42,Pennsylvania,420971,0,2,2,0,3,NOT APPLICABLE,October,13,Friday,21,58,Rural,Medium Speed (Collector),No,40.77439167,-79.75776111,Non-Intersection,Dark - Not Lighted,Clear,Unknown,Unknown,Unknown EMS Scene Arrival Hour,Unknown EMS Scene Arrival Minutes,Not Applicable (Not Transported),Not Applicable (Not Transported),2,Dark - Unlighted,Clear,2,1,"['Driver', 'Front_Passenger']","['None_Used', 'Shoulder_Lapbelt']",1,1,Valid,0.0,2.0,65.0,29.0,"['Male', 'Male']",2,0,4,4,5,Dry,Curve,Level,Lowest,No
28440,42,Pennsylvania,420972,0,2,2,0,4,NOT APPLICABLE,October,16,Monday,14,26,Rural,Medium Speed (Collector),No,40.85394444,-76.56716667,Non-Intersection,Daylight,Cloudy,Unknown,Unknown,Unknown EMS Scene Arrival Hour,Unknown EMS Scene Arrival Minutes,Unknown,Unknown EMS Hospital Arrival Time,1,Daylight,Reduced Visibility,1,3,['Front_Passenger'],['Shoulder_Lapbelt'],0,0,Invalid,0.0,0.0,35.0,20.0,"['Female', 'Female']",0,0,3,4,5,Dry,Curve,Level,Lowest,No