,State_Code,State_Name,Crash_ID,Count_Non_Motorists,Count_Vehicles_Total,Count_Vehicle_Forms,Count_PVH_Involved,Count_Occupants_MV,City_Name,Month_Name,Day_of_Month,Day_of_Week,Crash_Hour,Crash_Minute,Area_Rural_Urban,Road_Functional_Class,On_NHS_Road,Latitude,Longitude,Intersection_Type,Light_Condition,Weather_Condition,Notif_Hour,Notif_Minute,Arrival_Hour,Arrival_Minute,Hospital_Hour,Hospital_Minute,Fatalities_Count,Clean_Light_Condition,Clean_Weather_Condition,Total_Killed,Total_Alive,Fatal_Seats_List,Killed_Restraint_List,Any_Driver_Drinking,Total_Drinking_Drivers,Driver_License_Category,Driver_Max_Prev_Accident_Count,Driver_Max_Prev_Speeding_Count,Max_Driver_Age,Min_Driver_Age,Driver_Sex_List,Total_Exceeding_Limit_Vehicles,Total_Too_Fast_Vehicles,Max_Vehicle_Type_Severity_5,Max_Vehicle_Damage_Rank,Max_Harmful_Event_Severity,Crash_Road_Surface_Condition,Crash_Horizontal_Alignment,Crash_Vertical_Profile,Crash_Impairment_Category,Crash_Vehicle_Defect
28441,42,Pennsylvania,420973,0,2,2,0,4,PITTSBURGH,October,28,Saturday,18,14,Urban,Medium Speed (Collector),No,40.37571667,-79.92676667,Non-Intersection,Dark - Lighted,Cloudy,Unknown,Unknown,Unknown EMS Scene Arrival Hour,Unknown EMS Scene Arrival Minutes,Unknown,Unknown EMS Hospital Arrival Time,1,Dark - Lighted,Reduced Visibility,1,3,['Driver'],['None_Used'],0,0,Valid,1.0,1.0,62.0,55.0,"['Male', 'Male']",0,0,3,4,5,Wet/Standing Water,Straight,Level,Lowest,No
28442,42,Pennsylvania,420974,0,2,2,0,2,CHELTENHAM,November,25,Saturday,17,53,Urban,High Speed (Arterial),Yes,40.07215,-75.13271944,Non-Intersection,Dark - Lighted,Clear,5:00pm-5:59pm,54,5:00pm-5:59pm,59,6:00pm-6:59pm,5,1,Dark - Lighted,Clear,1,1,['Driver'],['None_Used'],1,1,Invalid,1.0,0.0,37.0,33.0,"['Male', 'Female']",1,0,3,4,5,Dry,Curve,Grade/Hillcrest,Lowest,No
28443,42,Pennsylvania,420975,0,2,2,0,3,NOT APPLICABLE,October,28,Saturday,20,50,Urban,Medium Speed (Collector),No,40.13202778,-76.21566111,Non-Intersection,Dark - Lighted,Clear,Unknown,Unknown,Unknown EMS Scene Arrival Hour,Unknown EMS Scene Arrival Minutes,Unknown,Unknown EMS Hospital Arrival Time,1,Dark - Lighted,Clear,1,2,['Driver'],['None_Used'],1,1,Valid,1.0,0.0,72.0,57.0,"['Male', 'Male']",1,0,5,4,5,Dry,Straight,Level,Lowest,No
28444,42,Pennsylvania,420976,0,2,2,0,2,NOT APPLICABLE,October,29,Sunday,8,35,Rural,Medium Speed (Collector),No,40.85013889,-76.53541667,Non-Intersection,Daylight,Cloudy,Unknown,Unknown,Unknown EMS Scene Arrival Hour,Unknown EMS Scene Arrival Minutes,Unknown,Unknown EMS Hospital Arrival Time,1,Daylight,Reduced Visibility,1,1,['Driver'],['Shoulder_Lapbelt'],0,0,Valid,0.0,0.0,69.0,22.0,"['Male', 'Male']",1,0,3,4,5,Wet/Standing Water,Curve,Grade/Hillcrest,Lowest,No
28445,42,Pennsylvania,420977,0,2,2,0,2,NOT APPLICABLE,November,26,Sunday,6,8,Urban,High Speed (Arterial),Yes,40.4573,-75.97473333,Non-Intersection,Dark - Not Lighted,Clear,Unknown,Unknown,Unknown EMS Scene Arrival Hour,Unknown EMS Scene Arrival Minutes,Not Applicable (Not Transported),Not Applicable (Not Transported),2,Dark - Unlighted,Clear,2,0,"['Driver', 'Driver']","['None_Used', 'Shoulder_Lapbelt']",0,0,Valid,0.0,0.0,41.0,35.0,"['Male', 'Female']",1,0,2,4,5,Dry,Straight,Level,Lowest,No
28446,42,Pennsylvania,420978,0,1,1,0,1,NOT APPLICABLE,October,27,Friday,23,7,Urban,High Speed (Arterial),Yes,40.49775,-75.80866667,Non-Intersection,Dark - Not Lighted,Clear,Unknown,Unknown,Unknown EMS Scene Arrival Hour,Unknown EMS Scene Arrival Minutes,Unknown,Unknown EMS Hospital Arrival Time,1,Dark - Unlighted,Clear,1,0,['Driver'],['None_Used'],0,0,Valid,0.0,1.0,25.0,25.0,['Male'],1,0,5,4,2,Dry,Curve,Level,Lowest,No
28447,42,Pennsylvania,420979,0,1,1,0,1,NOT APPLICABLE,October,28,Saturday,8,36,Urban,Medium Speed (Collector),No,40.81743889,-79.52979722,Non-Intersection,Daylight,Cloudy,Unknown,Unknown,Unknown EMS Scene Arrival Hour,Unknown EMS Scene Arrival Minutes,Not Applicable (Not Transported),Not Applicable (Not Transported),1,Daylight,Reduced Visibility,1,0,['Driver'],['None_Used'],0,0,Valid,0.0,0.0,67.0,67.0,['Male'],0,0,2,4,3,Wet/Standing Water,Curve,Level,Lowest,No
28448,42,Pennsylvania,420980,0,2,2,0,2,ALLENTOWN,October,27,Friday,16,33,Urban,High Speed (Arterial),Yes,40.55791667,-75.48139444,Simple Junction,Daylight,Clear,Unknown,Unknown,Unknown EMS Scene Arrival Hour,Unknown EMS Scene Arrival Minutes,Unknown,Unknown EMS Hospital Arrival Time,1,Daylight,Clear,1,0,['Driver'],['None_Used'],0,0,Valid,0.0,0.0,45.0,26.0,"['Female', 'Male']",0,0,5,4,5,Dry,Straight,Level,Lowest,No
28449,42,Pennsylvania,420981,1,1,1,0,1,SCRANTON,November,21,Tuesday,18,20,Urban,Medium Speed (Collector),No,41.42943611,-75.66620278,Non-Intersection,Dark - Lighted,Rain,Unknown,Unknown,Unknown EMS Scene Arrival Hour,Unknown EMS Scene Arrival Minutes,Unknown,Unknown EMS Hospital Arrival Time,1,Dark - Lighted,Rain/Wind/Minor,0,1,[],[],0,0,Valid,1.0,2.0,20.0,20.0,['Male'],0,0,2,4,4,Wet/Standing Water,Straight,Grade/Hillcrest,Lowest,No
28450,42,Pennsylvania,420982,0,2,2,0,5,PHILADELPHIA,October,27,Friday,11,1,Urban,High Speed (Arterial),Yes,39.98883333,-75.12435556,Simple Junction,Daylight,Clear,Unknown,Unknown,Unknown EMS Scene Arrival Hour,Unknown EMS Scene Arrival Minutes,Unknown,Unknown EMS Hospital Arrival Time,2,Daylight,Clear,2,0,"['Driver', 'Front_Passenger']","['Shoulder_Lapbelt', 'Shoulder_Lapbelt']",0,0,Valid,0.0,0.0,45.0,32.0,"['Female', 'Female']",2,0,3,4,5,Dry,Straight,Level,Lowest,No
28451,42,Pennsylvania,420983,1,1,1,0,2,NOT APPLICABLE,November,24,Friday,22,18,Urban,Low Speed (Local),No,40.13480556,-74.83161111,Non-Intersection,Dark - Lighted,Clear,10:00pm-10:59pm,19,10:00pm-10:59pm,25,Not Applicable (Not Transported),Not Applicable (Not Transported),1,Dark - Lighted,Clear,0,0,[],[],0,0,Valid,0.0,0.0,25.0,25.0,['Male'],2,0,2,3,4,Dry,Straight,Level,Lowest,No
28452,42,Pennsylvania,420984,1,1,1,0,1,NOT APPLICABLE,October,27,Friday,6,46,Urban,High Speed (Arterial),Yes,40.09891667,-75.12580556,Non-Intersection,Dark - Not Lighted,Clear,6:00am-6:59am,47,6:00am-6:59am,50,7:00am-7:59am,2,1,Dark - Unlighted,Clear,0,1,[],[],0,0,Valid,0.0,0.0,38.0,38.0,['Male'],0,0,2,3,4,Dry,Straight,Level,Lowest,No
28453,42,Pennsylvania,420985,0,2,2,0,2,NOT APPLICABLE,November,23,Thursday,12,44,Urban,High Speed (Arterial),Yes,40.58600278,-75.42707778,Simple Junction,Daylight,Clear,Unknown,Unknown,Unknown EMS Scene Arrival Hour,Unknown EMS Scene Arrival Minutes,Unknown,Unknown EMS Hospital Arrival Time,1,Daylight,Clear,1,1,['Driver'],['None_Used'],0,0,Valid,2.0,1.0,30.0,20.0,"['Male', 'Male']",1,0,5,4,5,Dry,Straight,Level,Lowest,No
28454,42,Pennsylvania,420986,0,1,1,0,2,NOT APPLICABLE,October,30,Monday,6,25,Rural,High Speed (Arterial),Yes,39.92986944,-78.23223333,Non-Intersection,Dark - Not Lighted,Clear,Unknown,Unknown,Unknown EMS Scene Arrival Hour,Unknown EMS Scene Arrival Minutes,Not Applicable (Not Transported),Not Applicable (Not Transported),2,Dark - Unlighted,Clear,2,0,"['Driver', 'Front_Passenger']","['None_Used', 'None_Used']",0,0,Invalid,0.0,0.0,62.0,62.0,['Male'],0,0,3,4,3,Wet/Standing Water,Curve,Grade/Hillcrest,Lowest,No
28455,42,Pennsylvania,420987,0,2,1,1,1,NOT APPLICABLE,November,23,Thursday,12,48,Rural,Medium Speed (Collector),No,40.36336111,-78.94903333,Non-Intersection,Daylight,Reported as Unknown,12:00pm-12:59pm,47,12:00pm-12:59pm,52,Not Applicable (Not Transported),Not Applicable (Not Transported),1,Daylight,Clear,1,0,['Driver'],['Shoulder_Only'],0,0,Valid,0.0,0.0,87.0,87.0,['Female'],0,0,2,4,5,Wet/Standing Water,Curve,Level,Lowest,No
28456,42,Pennsylvania,420988,1,1,1,0,1,NOT APPLICABLE,October,28,Saturday,6,19,Rural,Medium Speed (Collector),No,42.20338889,-79.86775,Non-Intersection,Dark - Not Lighted,Rain,Unknown,Unknown,Unknown EMS Scene Arrival Hour,Unknown EMS Scene Arrival Minutes,Not Applicable (Not Transported),Not Applicable (Not Transported),1,Dark - Unlighted,Rain/Wind/Minor,0,1,[],[],0,0,Valid,0.0,0.0,48.0,48.0,['Male'],0,0,3,2,4,Wet/Standing Water,Straight,Level,Lowest,No
28457,42,Pennsylvania,420989,0,2,2,0,3,NOT APPLICABLE,November,27,Monday,6,47,Rural,Medium Speed (Collector),No,41.10091944,-75.34750556,Non-Intersection,Dawn,Clear,Unknown,Unknown,Unknown EMS Scene Arrival Hour,Unknown EMS Scene Arrival Minutes,Unknown,Unknown EMS Hospital Arrival Time,1,Twilight,Clear,1,2,['Front_Passenger'],['None_Used'],0,0,Valid,0.0,0.0,59.0,58.0,"['Male', 'Male']",3,0,3,4,5,Icy/Snowy,Straight,Grade/Hillcrest,Lowest,No
28458,42,Pennsylvania,420990,0,2,2,0,2,NOT APPLICABLE,October,30,Monday,13,29,Urban,High Speed (Arterial),Yes,40.72560278,-80.32654722,Simple Junction,Daylight,Clear,Unknown,Unknown,Unknown EMS Scene Arrival Hour,Unknown EMS Scene Arrival Minutes,Not Applicable (Not Transported),Not Applicable (Not Transported),1,Daylight,Clear,1,1,['Driver'],['Shoulder_Lapbelt'],0,0,Valid,0.0,0.0,86.0,54.0,"['Male', 'Male']",0,0,3,4,5,Dry,Straight,Grade/Hillcrest,Lowest,No
28459,42,Pennsylvania,420991,1,1,1,0,1,NOT APPLICABLE,November,26,Sunday,23,0,Rural,High Speed (Arterial),Yes,41.15425556,-75.41205833,Non-Intersection,Dark - Not Lighted,Rain,Unknown,Unknown,Unknown EMS Scene Arrival Hour,Unknown EMS Scene Arrival Minutes,Unknown,Unknown EMS Hospital Arrival Time,1,Dark - Unlighted,Rain/Wind/Minor,0,1,[],[],0,0,Invalid,0.0,0.0,21.0,21.0,['Male'],0,0,3,4,4,Wet/Standing Water,Straight,Level,Lowest,No
28460,42,Pennsylvania,420992,0,1,1,0,1,NOT APPLICABLE,October,31,Tuesday,9,30,Rural,Medium Speed (Collector),No,41.08269444,-76.24211111,Non-Intersection,Daylight,Clear,9:00am-9:59am,30,9:00am-9:59am,43,Not Applicable (Not Transported),Not Applicable (Not Transported),1,Daylight,Clear,1,0,['Driver'],['None_Used'],0,0,Valid,0.0,0.0,69.0,69.0,['Male'],0,0,3,4,3,Dry,Curve,Grade/Hillcrest,Lowest,No
28461,42,Pennsylvania,420993,1,1,1,0,1,NOT APPLICABLE,October,29,Sunday,19,58,Urban,High Speed (Arterial),Yes,40.39471667,-75.92755833,Non-Intersection,Dark - Not Lighted,Rain,Unknown,Unknown,Unknown EMS Scene Arrival Hour,Unknown EMS Scene Arrival Minutes,Not Applicable (Not Transported),Not Applicable (Not Transported),1,Dark - Unlighted,Rain/Wind/Minor,0,1,[],[],0,0,Valid,0.0,0.0,69.0,69.0,['Male'],0,0,3,2,4,Wet/Standing Water,Straight,Grade/Hillcrest,Lowest,No
28462,42,Pennsylvania,420994,0,1,1,0,1,NOT APPLICABLE,October,31,Tuesday,7,22,Rural,Low Speed (Local),No,40.05777778,-79.43594444,Non-Intersection,Dawn,"Fog, Smog, Smoke",Unknown,Unknown,Unknown EMS Scene Arrival Hour,Unknown EMS Scene Arrival Minutes,Not Applicable (Not Transported),Not Applicable (Not Transported),1,Twilight,Reduced Visibility,1,0,['Driver'],['None_Used'],0,0,Valid,0.0,0.0,31.0,31.0,['Female'],1,0,2,4,3,Dry,Curve,Level,Lowest,No
28463,42,Pennsylvania,420995,1,1,1,0,1,PHILADELPHIA,November,1,Wednesday,3,6,Urban,High Speed (Arterial),Yes,39.988,-75.12346667,Complex/Circle,Dark - Lighted,Clear,Unknown,Unknown,Unknown EMS Scene Arrival Hour,Unknown EMS Scene Arrival Minutes,Not Applicable (Not Transported),Not Applicable (Not Transported),1,Dark - Lighted,Clear,0,1,[],[],0,0,Invalid,0.0,0.0,999.0,999.0,['Other'],1,0,3,3,4,Wet/Standing Water,Straight,Level,Lowest,No
28464,42,Pennsylvania,420996,0,2,2,0,5,NOT APPLICABLE,October,31,Tuesday,14,22,Urban,High Speed (Arterial),Yes,40.53126667,-75.50885278,Complex/Circle,Daylight,Clear,Unknown,Unknown,Unknown EMS Scene Arrival Hour,Unknown EMS Scene Arrival Minutes,Unknown,Unknown EMS Hospital Arrival Time,1,Daylight,Clear,1,3,['Rear_Seat'],['Shoulder_Lapbelt'],0,0,Valid,0.0,0.0,66.0,17.0,"['Male', 'Male']",0,0,3,4,5,Dry,Straight,Level,Lowest,No
28465,42,Pennsylvania,420997,1,1,1,0,1,NOT APPLICABLE,November,3,Friday,18,39,Urban,Medium Speed (Collector),No,40.40169444,-80.18852778,Non-Intersection,Dark - Not Lighted,Cloudy,Unknown,Unknown,Unknown EMS Scene Arrival Hour,Unknown EMS Scene Arrival Minutes,Not Applicable (Not Transported),Not Applicable (Not Transported),1,Dark - Unlighted,Reduced Visibility,0,1,[],[],0,0,Valid,0.0,0.0,25.0,25.0,['Female'],0,0,3,3,4,Dry,Straight,Level,Lowest,No
28466,42,Pennsylvania,420998,0,8,8,0,10,NOT APPLICABLE,November,1,Wednesday,5,45,Rural,High Speed (Arterial),Yes,41.18735278,-80.25866389,Non-Intersection,Dark - Not Lighted,Snow,Unknown,Unknown,Unknown EMS Scene Arrival Hour,Unknown EMS Scene Arrival Minutes,Unknown,Unknown EMS Hospital Arrival Time,1,Dark - Unlighted,Snow/Ice/Severe,1,7,['Front_Passenger'],['Shoulder_Lapbelt'],0,0,Valid,2.0,0.0,999.0,27.0,"['Male', 'Male', 'Male', 'Female', 'Other', 'Other', 'Male', 'Male']",0,0,4,4,5,Icy/Snowy,Curve,Grade/Hillcrest,Lowest,No
28467,42,Pennsylvania,420999,1,1,1,0,2,PHILADELPHIA,November,24,Friday,20,1,Urban,Low Speed (Local),No,39.97165833,-75.16026111,Complex/Circle,Dark - Lighted,Clear,Unknown,Unknown,Unknown EMS Scene Arrival Hour,Unknown EMS Scene Arrival Minutes,Unknown,Unknown EMS Hospital Arrival Time,1,Dark - Lighted,Clear,0,2,[],[],0,0,Valid,0.0,0.0,38.0,38.0,['Male'],0,0,3,1,4,Dry,Straight,Level,Lowest,No
28468,42,Pennsylvania,421000,1,1,1,0,1,PITTSBURGH,November,29,Wednesday,9,25,Urban,Low Speed (Local),No,40.4432,-79.96156944,Non-Intersection,Daylight,Clear,Unknown,Unknown,Unknown EMS Scene Arrival Hour,Unknown EMS Scene Arrival Minutes,Unknown,Unknown EMS Hospital Arrival Time,1,Daylight,Clear,0,1,[],[],0,0,Valid,0.0,0.0,73.0,73.0,['Male'],0,0,1,1,4,Dry,Straight,Grade/Hillcrest,Lowest,No
28469,42,Pennsylvania,421001,2,1,1,0,1,NOT APPLICABLE,November,29,Wednesday,6,0,Urban,High Speed (Arterial),Yes,39.90111944,-75.28780833,Complex/Circle,Dark - Lighted,Clear,6:00am-6:59am,1,6:00am-6:59am,4,Not Applicable (Not Transported),Not Applicable (Not Transported),1,Dark - Lighted,Clear,0,1,[],[],0,0,Valid,1.0,0.0,41.0,41.0,['Male'],0,0,3,3,4,Dry,Straight,Level,Lowest,No
28470,42,Pennsylvania,421002,0,2,2,0,2,NOT APPLICABLE,November,29,Wednesday,17,50,Rural,Low Speed (Local),No,40.16146111,-76.42640556,Complex/Circle,Dark - Not Lighted,Clear,Unknown,Unknown,Unknown EMS Scene Arrival Hour,Unknown EMS Scene Arrival Minutes,Unknown,Unknown EMS Hospital Arrival Time,1,Dark - Unlighted,Clear,1,1,['Driver'],['None_Used'],0,0,Valid,0.0,0.0,86.0,31.0,"['Male', 'Male']",0,0,3,4,5,Dry,Straight,Grade/Hillcrest,Lowest,No
28471,42,Pennsylvania,421003,0,2,2,0,2,NOT APPLICABLE,November,24,Friday,13,58,Rural,Medium Speed (Collector),No,41.83811944,-75.59097778,Complex/Circle,Daylight,Clear,2:00pm-2:59pm,8,2:00pm-2:59pm,12,3:00pm-3:59pm,5,1,Daylight,Clear,1,1,['Driver'],['Shoulder_Lapbelt'],0,0,Valid,0.0,0.0,72.0,52.0,"['Male', 'Male']",0,0,3,4,5,Dry,Straight,Level,Lowest,Yes
28472,42,Pennsylvania,421004,0,1,1,0,2,NOT APPLICABLE,November,29,Wednesday,16,48,Rural,High Speed (Arterial),Yes,41.15016667,-78.848,Non-Intersection,Dusk,Clear,Unknown,Unknown,Unknown EMS Scene Arrival Hour,Unknown EMS Scene Arrival Minutes,Unknown,Unknown EMS Hospital Arrival Time,1,Twilight,Clear,1,1,['Driver'],['Shoulder_Lapbelt'],0,0,Valid,0.0,0.0,38.0,38.0,['Male'],0,0,4,4,3,Dry,Curve,Level,Lowest,No
28473,42,Pennsylvania,421005,0,1,1,0,2,NOT APPLICABLE,December,2,Saturday,13,12,Rural,Medium Speed (Collector),No,40.11952222,-75.75291944,Non-Intersection,Daylight,Cloudy,1:00pm-1:59pm,11,1:00pm-1:59pm,11,2:00pm-2:59pm,9,1,Daylight,Reduced Visibility,1,0,['Front_Passenger'],['Shoulder_Lapbelt'],0,0,Valid,0.0,0.0,61.0,61.0,['Male'],2,0,3,4,3,Wet/Standing Water,Curve,Grade/Hillcrest,Lowest,No
28474,42,Pennsylvania,421007,0,1,1,0,1,NOT APPLICABLE,November,6,Monday,18,4,Urban,High Speed (Arterial),Yes,40.90413889,-77.78827778,Non-Intersection,Dark - Lighted,Clear,Unknown,Unknown,Unknown EMS Scene Arrival Hour,Unknown EMS Scene Arrival Minutes,Unknown,Unknown EMS Hospital Arrival Time,1,Dark - Lighted,Clear,1,0,['Driver'],['Lapbelt_Only'],0,0,Valid,0.0,0.0,50.0,50.0,['Female'],0,0,3,4,3,Dry,Straight,Grade/Hillcrest,Medium,No
28475,42,Pennsylvania,421008,0,2,2,0,3,NOT APPLICABLE,December,1,Friday,11,54,Rural,High Speed (Arterial),Yes,40.24589167,-76.34013611,Non-Intersection,Daylight,Rain,Unknown,Unknown,Unknown EMS Scene Arrival Hour,Unknown EMS Scene Arrival Minutes,Unknown,Unknown EMS Hospital Arrival Time,2,Daylight,Rain/Wind/Minor,2,1,"['Driver', 'Front_Passenger']","['Shoulder_Lapbelt', 'Shoulder_Lapbelt']",0,0,Valid,0.0,0.0,85.0,50.0,"['Female', 'Male']",1,0,3,4,5,Wet/Standing Water,Straight,Level,Lowest,No
28476,42,Pennsylvania,421009,0,2,2,0,2,NOT APPLICABLE,October,18,Wednesday,14,46,Urban,Medium Speed (Collector),No,40.34684444,-79.57378889,Simple Junction,Daylight,Clear,Unknown,Unknown,Unknown EMS Scene Arrival Hour,Unknown EMS Scene Arrival Minutes,Unknown,Unknown EMS Hospital Arrival Time,1,Daylight,Clear,1,1,['Driver'],['Shoulder_Lapbelt'],0,0,Valid,0.0,0.0,61.0,51.0,"['Female', 'Female']",0,0,3,4,5,Dry,Curve,Level,Lowest,No
28477,42,Pennsylvania,421010,0,1,1,0,3,NOT APPLICABLE,December,2,Saturday,9,39,Rural,Medium Speed (Collector),No,40.21995833,-78.84419722,Non-Intersection,Daylight,Clear,Unknown,Unknown,Unknown EMS Scene Arrival Hour,Unknown EMS Scene Arrival Minutes,Unknown,Unknown EMS Hospital Arrival Time,1,Daylight,Clear,1,2,['Rear_Seat'],['None_Used'],1,1,Invalid,1.0,0.0,36.0,36.0,['Male'],0,0,2,4,3,Wet/Standing Water,Straight,Level,Lowest,No
28478,42,Pennsylvania,421011,1,1,1,0,1,HARRISBURG,October,31,Tuesday,14,43,Rural,Low Speed (Local),No,40.23766111,-76.65235556,Non-Intersection,Daylight,Clear,Unknown,Unknown,Unknown EMS Scene Arrival Hour,Unknown EMS Scene Arrival Minutes,Unknown,Unknown EMS Hospital Arrival Time,1,Daylight,Clear,0,1,[],[],0,0,Valid,0.0,0.0,85.0,85.0,['Female'],0,0,2,3,4,Dry,Curve,Grade/Hillcrest,Lowest,No
28479,42,Pennsylvania,421012,0,2,2,0,3,NOT APPLICABLE,December,3,Sunday,12,58,Urban,Medium Speed (Collector),No,40.27753889,-75.72255833,Non-Intersection,Daylight,Rain,Unknown,Unknown,Unknown EMS Scene Arrival Hour,Unknown EMS Scene Arrival Minutes,Unknown,Unknown EMS Hospital Arrival Time,1,Daylight,Rain/Wind/Minor,1,2,['Driver'],['Shoulder_Lapbelt'],0,0,Valid,0.0,0.0,59.0,20.0,"['Female', 'Male']",1,0,2,4,5,Wet/Standing Water,Curve,Level,Lowest,No
28480,42,Pennsylvania,421013,1,1,1,0,1,Other,November,1,Wednesday,23,14,Urban,Medium Speed (Collector),No,40.16650833,-74.87875556,Non-Intersection,Dark - Not Lighted,Clear,11:00pm-11:59pm,17,11:00pm-11:59pm,22,Not Applicable (Not Transported),Not Applicable (Not Transported),1,Dark - Unlighted,Clear,0,1,[],[],0,0,Valid,0.0,0.0,34.0,34.0,['Male'],0,0,3,3,4,Dry,Straight,Level,Lowest,No
28481,42,Pennsylvania,421014,0,2,2,0,2,NOT APPLICABLE,December,2,Saturday,18,32,Rural,Low Speed (Local),No,39.72390556,-76.53086667,Non-Intersection,Dark - Not Lighted,"Fog, Smog, Smoke",Unknown,Unknown,Unknown EMS Scene Arrival Hour,Unknown EMS Scene Arrival Minutes,Unknown,Unknown EMS Hospital Arrival Time,1,Dark - Unlighted,Reduced Visibility,1,1,['Driver'],['None_Used'],0,0,Valid,0.0,0.0,68.0,19.0,"['Male', 'Male']",1,0,5,4,5,Wet/Standing Water,Straight,Level,Lowest,No
28482,42,Pennsylvania,421015,0,2,2,0,7,NOT APPLICABLE,December,3,Sunday,16,7,Rural,Medium Speed (Collector),No,40.57356944,-76.63459722,Non-Intersection,Daylight,Rain,Unknown,Unknown,Unknown EMS Scene Arrival Hour,Unknown EMS Scene Arrival Minutes,Unknown,Unknown EMS Hospital Arrival Time,1,Daylight,Rain/Wind/Minor,1,2,['Driver'],['Shoulder_Lapbelt'],0,0,Valid,0.0,0.0,45.0,17.0,"['Male', 'Female']",0,0,3,4,5,Wet/Standing Water,Straight,Level,Lowest,No
28483,42,Pennsylvania,421016,1,1,1,0,1,PHILADELPHIA,December,27,Wednesday,0,38,Urban,Medium Speed (Collector),No,39.97933333,-75.22555556,Non-Intersection,Dark - Lighted,Clear,Unknown,Unknown,Unknown EMS Scene Arrival Hour,Unknown EMS Scene Arrival Minutes,Unknown,Unknown EMS Hospital Arrival Time,1,Dark - Lighted,Clear,0,1,[],[],0,0,Invalid,0.0,0.0,999.0,999.0,['Other'],1,0,2,0,4,Dry,Straight,Level,Lowest,No
28484,42,Pennsylvania,421017,1,1,1,0,1,NOT APPLICABLE,November,3,Friday,17,28,Urban,High Speed (Arterial),Yes,40.07820278,-75.8569,Non-Intersection,Daylight,Clear,5:00pm-5:59pm,27,5:00pm-5:59pm,32,Not Applicable (Not Transported),Not Applicable (Not Transported),1,Daylight,Clear,0,1,[],[],0,0,Valid,0.0,0.0,58.0,58.0,['Female'],0,0,3,2,4,Dry,Straight,Level,Lowest,No
28485,42,Pennsylvania,421018,0,2,2,0,3,PHILADELPHIA,December,27,Wednesday,17,5,Urban,Medium Speed (Collector),No,40.04446667,-75.11944444,Complex/Circle,Dark - Lighted,Rain,5:00pm-5:59pm,10,5:00pm-5:59pm,16,5:00pm-5:59pm,50,1,Dark - Lighted,Rain/Wind/Minor,1,1,['Front_Passenger'],['Shoulder_Lapbelt'],0,0,Invalid,0.0,0.0,999.0,28.0,"['Other', 'Female']",0,0,2,4,5,Wet/Standing Water,Straight,Level,Lowest,No
28486,42,Pennsylvania,421019,1,1,1,0,1,NOT APPLICABLE,December,4,Monday,19,15,Urban,Medium Speed (Collector),No,40.59209722,-75.58816389,Non-Intersection,Dark - Not Lighted,Clear,Unknown,Unknown,Unknown EMS Scene Arrival Hour,Unknown EMS Scene Arrival Minutes,Unknown,Unknown EMS Hospital Arrival Time,1,Dark - Unlighted,Clear,0,1,[],[],0,0,Valid,0.0,0.0,49.0,49.0,['Male'],0,0,3,4,4,Dry,Straight,Grade/Hillcrest,Lowest,No
28487,42,Pennsylvania,421020,1,1,1,0,1,PHILADELPHIA,December,20,Wednesday,19,26,Urban,High Speed (Arterial),Yes,40.0035,-75.22161111,Non-Intersection,Dark - Lighted,Clear,Unknown,Unknown,Unknown EMS Scene Arrival Hour,Unknown EMS Scene Arrival Minutes,Unknown,Unknown EMS Hospital Arrival Time,1,Dark - Lighted,Clear,0,1,[],[],0,0,Valid,0.0,0.0,33.0,33.0,['Male'],0,0,3,3,4,Dry,Straight,Level,Lowest,No
28488,42,Pennsylvania,421021,0,2,2,0,2,PHILADELPHIA,December,12,Tuesday,12,0,Urban,Low Speed (Local),No,40.03327778,-75.15579167,Non-Intersection,Daylight,Clear,12:00pm-12:59pm,3,12:00pm-12:59pm,8,12:00pm-12:59pm,28,1,Daylight,Clear,1,1,['Driver'],['Shoulder_Lapbelt'],0,0,Valid,1.0,0.0,55.0,24.0,"['Female', 'Male']",0,0,3,4,5,Dry,Curve,Grade/Hillcrest,Lowest,No
28489,42,Pennsylvania,421022,0,2,2,0,2,NOT APPLICABLE,November,4,Saturday,5,26,Urban,High Speed (Arterial),Yes,39.82595833,-75.43594722,Non-Intersection,Dark - Not Lighted,Clear,5:00am-5:59am,28,5:00am-5:59am,35,5:00am-5:59am,54,1,Dark - Unlighted,Clear,1,1,['Driver'],['None_Used'],0,0,Valid,0.0,0.0,58.0,36.0,"['Male', 'Male']",0,0,3,4,5,Dry,Straight,Level,Lowest,No
28490,42,Pennsylvania,421023,0,1,1,0,1,NOT APPLICABLE,December,4,Monday,9,47,Rural,Medium Speed (Collector),No,40.62549722,-78.84874167,Non-Intersection,Daylight,Cloudy,Unknown,Unknown,Unknown EMS Scene Arrival Hour,Unknown EMS Scene Arrival Minutes,Not Applicable (Not Transported),Not Applicable (Not Transported),1,Daylight,Reduced Visibility,1,0,['Driver'],['None_Used'],0,0,Valid,0.0,0.0,48.0,48.0,['Male'],0,0,3,4,3,Wet/Standing Water,Curve,Level,Lowest,No
28491,42,Pennsylvania,421024,1,1,1,0,1,PHILADELPHIA,October,19,Thursday,17,12,Urban,Low Speed (Local),No,39.93205556,-75.161,Complex/Circle,Daylight,Clear,0:00am-0:59am,Unknown,Unknown EMS Scene Arrival Hour,Unknown EMS Scene Arrival Minutes,Unknown,Unknown EMS Hospital Arrival Time,1,Daylight,Clear,0,1,[],[],0,0,Valid,0.0,0.0,48.0,48.0,['Female'],0,0,3,3,4,Dry,Straight,Level,Lowest,No