,State_Code,State_Name,Crash_ID,Count_Non_Motorists,Count_Vehicles_Total,Count_Vehicle_Forms,Count_PVH_Involved,Count_Occupants_MV,City_Name,Month_Name,Day_of_Month,Day_of_Week,Crash_Hour,Crash_Minute,Area_Rural_Urban,Road_Functional_Class,On_NHS_Road,Latitude,Longitude,Intersection_Type,Light_Condition,Weather_Condition,Notif_Hour,Notif_Minute,Arrival_Hour,Arrival_Minute,Hospital_Hour,Hospital_Minute,Fatalities_Count,Clean_Light_Condition,Clean_Weather_Condition,Total_Killed,Total_Alive,Fatal_Seats_List,Killed_Restraint_List,Any_Driver_Drinking,Total_Drinking_Drivers,Driver_License_Category,Driver_Max_Prev_Accident_Count,Driver_Max_Prev_Speeding_Count,Max_Driver_Age,Min_Driver_Age,Driver_Sex_List,Total_Exceeding_Limit_Vehicles,Total_Too_Fast_Vehicles,Max_Vehicle_Type_Severity_5,Max_Vehicle_Damage_Rank,Max_Harmful_Event_Severity,Crash_Road_Surface_Condition,Crash_Horizontal_Alignment,Crash_Vertical_Profile,Crash_Impairment_Category,Crash_Vehicle_Defect
28492,42,Pennsylvania,421025,0,1,1,0,2,PHILADELPHIA,December,23,Saturday,0,50,Urban,Medium Speed (Collector),No,40.08067222,-74.99613056,Non-Intersection,Dark - Lighted,Clear,0:00am-0:59am,58,1:00am-1:59am,4,1:00am-1:59am,25,1,Dark - Lighted,Clear,1,1,['Driver'],['Shoulder_Lapbelt'],0,0,Valid,0.0,0.0,19.0,19.0,['Male'],2,0,2,4,3,Dry,Straight,Level,Lowest,No
28493,42,Pennsylvania,421026,1,1,1,0,1,PHILADELPHIA,October,25,Wednesday,22,37,Urban,High Speed (Arterial),Yes,40.06031944,-75.16681944,Non-Intersection,Dark - Lighted,Clear,Unknown,Unknown,Unknown EMS Scene Arrival Hour,Unknown EMS Scene Arrival Minutes,Unknown,Unknown EMS Hospital Arrival Time,1,Dark - Lighted,Clear,0,1,[],[],0,0,Valid,0.0,1.0,65.0,65.0,['Male'],0,0,3,3,4,Dry,Straight,Level,Lowest,No
28494,42,Pennsylvania,421027,0,1,1,0,1,NOT APPLICABLE,December,5,Tuesday,20,16,Rural,High Speed (Arterial),Yes,41.07906944,-75.61067778,Non-Intersection,Dark - Not Lighted,Snow,Unknown,Unknown,Unknown EMS Scene Arrival Hour,Unknown EMS Scene Arrival Minutes,Not Applicable (Not Transported),Not Applicable (Not Transported),1,Dark - Unlighted,Snow/Ice/Severe,1,0,['Driver'],['Shoulder_Only'],0,0,Valid,0.0,0.0,71.0,71.0,['Male'],1,0,3,4,3,Wet/Standing Water,Curve,Grade/Hillcrest,Lowest,No
28495,42,Pennsylvania,421028,1,2,1,1,1,PHILADELPHIA,November,12,Sunday,17,56,Urban,Medium Speed (Collector),No,40.02348611,-75.11085833,Non-Intersection,Dusk,Clear,Unknown,Unknown,Unknown EMS Scene Arrival Hour,Unknown EMS Scene Arrival Minutes,Unknown,Unknown EMS Hospital Arrival Time,1,Twilight,Clear,0,1,[],[],0,0,Invalid,0.0,0.0,999.0,999.0,['Other'],0,0,3,2,4,Dry,Straight,Grade/Hillcrest,Lowest,No
28496,42,Pennsylvania,421029,0,2,2,0,2,ERIE,November,3,Friday,15,41,Urban,High Speed (Arterial),Yes,42.10938056,-80.05278889,Complex/Circle,Daylight,Cloudy,Unknown,Unknown,Unknown EMS Scene Arrival Hour,Unknown EMS Scene Arrival Minutes,Unknown,Unknown EMS Hospital Arrival Time,1,Daylight,Reduced Visibility,1,1,['Driver'],['None_Used'],0,0,Valid,0.0,1.0,89.0,26.0,"['Male', 'Male']",1,0,5,4,5,Dry,Straight,Level,Lowest,No
28497,42,Pennsylvania,421030,0,1,1,0,1,NOT APPLICABLE,December,5,Tuesday,8,31,Rural,Medium Speed (Collector),No,41.65851667,-76.44677778,Non-Intersection,Daylight,Clear,8:00am-8:59am,30,8:00am-8:59am,45,9:00am-9:59am,2,1,Daylight,Clear,1,0,['Driver'],['None_Used'],0,0,Valid,0.0,0.0,80.0,80.0,['Female'],0,0,2,4,3,Dry,Curve,Level,Lowest,No
28498,42,Pennsylvania,421031,0,1,1,0,1,NOT APPLICABLE,December,6,Wednesday,7,45,Rural,Medium Speed (Collector),No,41.12443333,-76.35948611,Non-Intersection,Daylight,Clear,7:00am-7:59am,44,7:00am-7:59am,53,Not Applicable (Not Transported),Not Applicable (Not Transported),1,Daylight,Clear,1,0,['Driver'],['None_Used'],0,0,Valid,0.0,0.0,17.0,17.0,['Male'],1,0,3,4,3,Wet/Standing Water,Straight,Level,Lowest,No
28499,42,Pennsylvania,421032,0,2,2,0,2,NOT APPLICABLE,November,3,Friday,12,12,Urban,High Speed (Arterial),Yes,41.01455,-75.63985833,Non-Intersection,Daylight,Clear,Unknown,Unknown,Unknown EMS Scene Arrival Hour,Unknown EMS Scene Arrival Minutes,Unknown,Unknown EMS Hospital Arrival Time,1,Daylight,Clear,1,1,['Driver'],['Shoulder_Lapbelt'],0,0,Valid,0.0,0.0,44.0,36.0,"['Male', 'Male']",0,0,4,4,5,Dry,Straight,Level,Lowest,No
28500,42,Pennsylvania,421033,0,2,2,0,5,NOT APPLICABLE,December,5,Tuesday,18,4,Urban,Medium Speed (Collector),No,39.90472222,-77.67252778,Non-Intersection,Dark - Not Lighted,Clear,Unknown,Unknown,Unknown EMS Scene Arrival Hour,Unknown EMS Scene Arrival Minutes,Unknown,Unknown EMS Hospital Arrival Time,1,Dark - Unlighted,Clear,1,4,['Driver'],['None_Used'],1,2,Valid,0.0,0.0,36.0,31.0,"['Male', 'Female']",0,0,2,4,5,Dry,Straight,Non-Trafficway,Lowest,No
28501,42,Pennsylvania,421034,0,2,2,0,2,NOT APPLICABLE,December,6,Wednesday,23,2,Rural,Medium Speed (Collector),No,41.10409167,-76.73420278,Complex/Circle,Dark - Not Lighted,Clear,Unknown,Unknown,Unknown EMS Scene Arrival Hour,Unknown EMS Scene Arrival Minutes,Unknown,Unknown EMS Hospital Arrival Time,1,Dark - Unlighted,Clear,1,1,['Driver'],['None_Used'],1,1,Valid,1.0,0.0,32.0,18.0,"['Female', 'Female']",0,0,2,4,5,Dry,Straight,Level,Medium,No
28502,42,Pennsylvania,421035,0,2,2,0,2,YORK,December,8,Friday,17,50,Urban,Low Speed (Local),No,39.96208889,-76.74765278,Complex/Circle,Dark - Lighted,Cloudy,Unknown,Unknown,Unknown EMS Scene Arrival Hour,Unknown EMS Scene Arrival Minutes,Not Applicable (Not Transported),Not Applicable (Not Transported),1,Dark - Lighted,Reduced Visibility,1,1,['Driver'],['None_Used'],0,0,Invalid,0.0,0.0,63.0,25.0,"['Male', 'Male']",1,0,5,4,5,Dry,Straight,Level,Lowest,No
28503,42,Pennsylvania,421036,1,1,1,0,4,NOT APPLICABLE,December,9,Saturday,19,33,Urban,High Speed (Arterial),Yes,40.19263889,-75.07516667,Non-Intersection,Dark - Not Lighted,Clear,7:00pm-7:59pm,34,7:00pm-7:59pm,35,Not Applicable (Not Transported),Not Applicable (Not Transported),1,Dark - Unlighted,Clear,0,4,[],[],0,0,Valid,0.0,0.0,43.0,43.0,['Male'],0,0,3,4,4,Dry,Straight,Level,Lowest,No
28504,42,Pennsylvania,421037,0,1,1,0,1,NOT APPLICABLE,December,10,Sunday,4,27,Rural,Medium Speed (Collector),No,40.72294444,-76.22069167,Non-Intersection,Dark - Lighted,Clear,Unknown,Unknown,Unknown EMS Scene Arrival Hour,Unknown EMS Scene Arrival Minutes,Not Applicable (Not Transported),Not Applicable (Not Transported),1,Dark - Lighted,Clear,1,0,['Driver'],['None_Used'],1,1,Valid,0.0,0.0,16.0,16.0,['Male'],1,0,2,4,3,Oil/Contaminated,Curve,Grade/Hillcrest,Lowest,No
28505,42,Pennsylvania,421038,0,1,1,0,1,PITTSBURGH,December,11,Monday,14,45,Urban,Low Speed (Local),No,40.464625,-79.89898611,Non-Intersection,Daylight,Clear,Unknown,Unknown,Unknown EMS Scene Arrival Hour,Unknown EMS Scene Arrival Minutes,Not Applicable (Not Transported),Not Applicable (Not Transported),1,Daylight,Clear,1,0,['Driver'],['None_Used'],0,0,Invalid,0.0,0.0,33.0,33.0,['Female'],1,0,2,4,3,Dry,Curve,Grade/Hillcrest,Lowest,No
28506,42,Pennsylvania,421039,1,1,1,0,2,HARRISBURG,December,6,Wednesday,20,20,Urban,High Speed (Arterial),Yes,40.25639444,-76.86995278,Non-Intersection,Dark - Lighted,Clear,Unknown,Unknown,Unknown EMS Scene Arrival Hour,Unknown EMS Scene Arrival Minutes,Unknown,Unknown EMS Hospital Arrival Time,1,Dark - Lighted,Clear,0,2,[],[],0,0,Valid,1.0,0.0,31.0,31.0,['Male'],0,0,2,2,4,Dry,Straight,Level,Lowest,No
28507,42,Pennsylvania,421040,0,2,2,0,2,NOT APPLICABLE,December,11,Monday,8,22,Rural,Medium Speed (Collector),No,40.33694444,-76.61843333,Non-Intersection,Daylight,Clear,Unknown,Unknown,Unknown EMS Scene Arrival Hour,Unknown EMS Scene Arrival Minutes,Unknown,Unknown EMS Hospital Arrival Time,1,Daylight,Clear,1,0,['Driver'],['Shoulder_Lapbelt'],0,0,Valid,0.0,0.0,65.0,28.0,"['Male', 'Male']",0,0,3,4,5,Wet/Standing Water,Curve,Level,Lowest,No
28508,42,Pennsylvania,421041,0,2,2,0,2,NOT APPLICABLE,December,11,Monday,7,50,Rural,Medium Speed (Collector),No,41.80276111,-79.795925,Non-Intersection,Daylight,Cloudy,Unknown,Unknown,Unknown EMS Scene Arrival Hour,Unknown EMS Scene Arrival Minutes,Unknown,Unknown EMS Hospital Arrival Time,1,Daylight,Reduced Visibility,1,1,['Driver'],['None_Used'],0,0,Invalid,0.0,0.0,59.0,23.0,"['Male', 'Male']",1,0,4,4,5,Wet/Standing Water,Straight,Grade/Hillcrest,Lowest,No
28509,42,Pennsylvania,421042,0,1,1,0,1,NOT APPLICABLE,December,10,Sunday,18,12,Rural,High Speed (Arterial),Yes,41.06133889,-77.393825,Non-Intersection,Dark - Not Lighted,Rain,6:00pm-6:59pm,15,6:00pm-6:59pm,21,Not Applicable (Not Transported),Not Applicable (Not Transported),1,Dark - Unlighted,Rain/Wind/Minor,1,0,['Driver'],['None_Used'],1,1,Valid,0.0,0.0,43.0,43.0,['Male'],1,0,2,4,2,Wet/Standing Water,Straight,Grade/Hillcrest,Lowest,No
28510,42,Pennsylvania,421043,1,1,1,0,1,NOT APPLICABLE,December,11,Monday,6,20,Urban,High Speed (Arterial),Yes,40.50639722,-80.22327778,Simple Junction,Dark - Lighted,Rain,Unknown,Unknown,Unknown EMS Scene Arrival Hour,Unknown EMS Scene Arrival Minutes,Unknown,Unknown EMS Hospital Arrival Time,1,Dark - Lighted,Rain/Wind/Minor,0,1,[],[],0,0,Valid,0.0,0.0,69.0,69.0,['Male'],0,0,3,3,4,Wet/Standing Water,Straight,Level,Lowest,No
28511,42,Pennsylvania,421044,0,2,2,0,2,NOT APPLICABLE,December,12,Tuesday,22,5,Urban,Medium Speed (Collector),No,40.51143056,-79.95732222,Non-Intersection,Dark - Lighted,Clear,Unknown,Unknown,Unknown EMS Scene Arrival Hour,Unknown EMS Scene Arrival Minutes,Not Applicable (Not Transported),Not Applicable (Not Transported),1,Dark - Lighted,Clear,1,1,['Driver'],['Shoulder_Lapbelt'],0,0,Valid,1.0,0.0,58.0,39.0,"['Female', 'Male']",0,0,3,4,5,Dry,Straight,Level,Lowest,No
28512,42,Pennsylvania,421045,0,1,1,0,1,NOT APPLICABLE,November,3,Friday,4,48,Urban,High Speed (Arterial),Yes,40.21611667,-78.81254167,Non-Intersection,Dark - Not Lighted,Clear,Unknown,Unknown,Unknown EMS Scene Arrival Hour,Unknown EMS Scene Arrival Minutes,Unknown,Unknown EMS Hospital Arrival Time,1,Dark - Unlighted,Clear,1,0,['Driver'],['None_Used'],0,0,Valid,0.0,0.0,35.0,35.0,['Male'],0,0,4,4,3,Dry,Curve,Grade/Hillcrest,Lowest,No
28513,42,Pennsylvania,421046,0,2,2,0,2,NOT APPLICABLE,November,16,Thursday,7,56,Urban,High Speed (Arterial),Yes,42.14910833,-80.03313333,Simple Junction,Daylight,Clear,Unknown,Unknown,Unknown EMS Scene Arrival Hour,Unknown EMS Scene Arrival Minutes,Unknown,Unknown EMS Hospital Arrival Time,1,Daylight,Clear,1,1,['Driver'],['None_Used'],0,0,Valid,0.0,0.0,69.0,47.0,"['Male', 'Male']",0,0,2,4,5,Dry,Straight,Level,Lowest,No
28514,42,Pennsylvania,421047,1,1,1,0,1,ALTOONA,December,1,Friday,23,2,Rural,High Speed (Arterial),Yes,40.51251667,-78.39610833,Complex/Circle,Dark - Lighted,Clear,Unknown,Unknown,Unknown EMS Scene Arrival Hour,Unknown EMS Scene Arrival Minutes,Not Applicable (Not Transported),Not Applicable (Not Transported),1,Dark - Lighted,Clear,0,1,[],[],1,1,Valid,0.0,0.0,57.0,57.0,['Male'],0,0,3,2,4,Wet/Standing Water,Straight,Level,Lowest,No
28515,42,Pennsylvania,421048,1,1,1,0,4,NOT APPLICABLE,November,4,Saturday,22,45,Rural,Medium Speed (Collector),No,41.76696389,-75.15083333,Non-Intersection,Dark - Not Lighted,Clear,Unknown,Unknown,Unknown EMS Scene Arrival Hour,Unknown EMS Scene Arrival Minutes,Not Applicable (Not Transported),Not Applicable (Not Transported),1,Dark - Unlighted,Clear,0,4,[],[],0,0,Valid,0.0,0.0,20.0,20.0,['Male'],0,0,3,3,4,Dry,Straight,Level,Lowest,No
28516,42,Pennsylvania,421049,0,1,1,0,1,NOT APPLICABLE,December,4,Monday,18,10,Urban,Low Speed (Local),No,40.46354444,-79.70429444,Simple Junction,Dark - Lighted,Clear,Unknown,Unknown,Unknown EMS Scene Arrival Hour,Unknown EMS Scene Arrival Minutes,Unknown,Unknown EMS Hospital Arrival Time,1,Dark - Lighted,Clear,1,0,['Driver'],['Shoulder_Lapbelt'],0,0,Valid,0.0,0.0,94.0,94.0,['Female'],0,0,2,4,3,Dry,Straight,Level,Lowest,No
28517,42,Pennsylvania,421050,0,2,2,0,2,NOT APPLICABLE,November,13,Monday,2,37,Urban,High Speed (Arterial),Yes,40.84673889,-77.81106944,Non-Intersection,Dark - Not Lighted,Clear,2:00am-2:59am,36,2:00am-2:59am,52,3:00am-3:59am,21,1,Dark - Unlighted,Clear,1,1,['Driver'],['Shoulder_Lapbelt'],0,0,Valid,0.0,0.0,77.0,73.0,"['Male', 'Male']",0,0,4,4,5,Dry,Straight,Level,Medium,No
28518,42,Pennsylvania,421051,1,1,1,0,2,NOT APPLICABLE,December,30,Saturday,13,21,Urban,Medium Speed (Collector),No,40.06165833,-76.72083333,Simple Junction,Daylight,Cloudy,Unknown,Unknown,Unknown EMS Scene Arrival Hour,Unknown EMS Scene Arrival Minutes,Unknown,Unknown EMS Hospital Arrival Time,1,Daylight,Reduced Visibility,0,2,[],[],0,0,Valid,0.0,0.0,57.0,57.0,['Male'],0,0,2,4,4,Dry,Straight,Grade/Hillcrest,Lowest,No
28519,42,Pennsylvania,421052,0,2,2,0,2,NOT APPLICABLE,December,13,Wednesday,15,4,Rural,Medium Speed (Collector),No,39.72863889,-76.45513056,Non-Intersection,Daylight,Clear,Unknown,Unknown,Unknown EMS Scene Arrival Hour,Unknown EMS Scene Arrival Minutes,Not Applicable (Not Transported),Not Applicable (Not Transported),1,Daylight,Clear,1,1,['Driver'],['None_Used'],0,0,Valid,0.0,0.0,64.0,17.0,"['Male', 'Male']",1,0,5,4,5,Dry,Straight,Level,Lowest,No
28520,42,Pennsylvania,421053,0,2,2,0,4,NOT APPLICABLE,December,13,Wednesday,15,29,Rural,Medium Speed (Collector),No,41.58658889,-75.33752778,Non-Intersection,Daylight,Clear,Unknown,Unknown,Unknown EMS Scene Arrival Hour,Unknown EMS Scene Arrival Minutes,Unknown,Unknown EMS Hospital Arrival Time,1,Daylight,Clear,1,3,['Front_Passenger'],['Shoulder_Lapbelt'],0,0,Valid,0.0,0.0,28.0,23.0,"['Female', 'Male']",0,0,3,4,5,Dry,Curve,Level,Lowest,No
28521,42,Pennsylvania,421054,0,1,1,0,1,NOT APPLICABLE,December,19,Tuesday,11,25,Urban,Medium Speed (Collector),No,39.90613889,-76.63738889,Non-Intersection,Daylight,Cloudy,Unknown,Unknown,Unknown EMS Scene Arrival Hour,Unknown EMS Scene Arrival Minutes,Unknown,Unknown EMS Hospital Arrival Time,1,Daylight,Reduced Visibility,1,0,['Driver'],['None_Used'],1,1,Valid,0.0,0.0,62.0,62.0,['Male'],1,0,2,4,3,Dry,Straight,Grade/Hillcrest,Lowest,No
28522,42,Pennsylvania,421055,0,2,2,0,3,NOT APPLICABLE,December,16,Saturday,18,0,Rural,Medium Speed (Collector),No,40.11644444,-76.82472222,Non-Intersection,Dark - Not Lighted,Clear,Unknown,Unknown,Unknown EMS Scene Arrival Hour,Unknown EMS Scene Arrival Minutes,Not Applicable (Not Transported),Not Applicable (Not Transported),1,Dark - Unlighted,Clear,1,2,['Driver'],['None_Used'],0,0,Valid,0.0,0.0,56.0,38.0,"['Female', 'Male']",1,0,5,4,5,Dry,Curve,Grade/Hillcrest,Lowest,No
28523,42,Pennsylvania,421056,0,1,1,0,1,STERLING,December,15,Friday,21,45,Rural,High Speed (Arterial),Yes,41.34911111,-75.39628333,Non-Intersection,Dark - Not Lighted,Clear,9:00pm-9:59pm,49,10:00pm-10:59pm,6,Not Applicable (Not Transported),Not Applicable (Not Transported),1,Dark - Unlighted,Clear,1,0,['Driver'],['Shoulder_Lapbelt'],1,1,Valid,1.0,0.0,21.0,21.0,['Female'],1,0,2,4,2,Dry,Curve,Grade/Hillcrest,Lowest,No
28524,42,Pennsylvania,421057,0,1,1,0,1,NOT APPLICABLE,November,18,Saturday,4,5,Urban,Medium Speed (Collector),No,40.28822222,-76.779,Non-Intersection,Dark - Lighted,Rain,Unknown,Unknown,Unknown EMS Scene Arrival Hour,Unknown EMS Scene Arrival Minutes,Not Applicable (Not Transported),Not Applicable (Not Transported),1,Dark - Lighted,Rain/Wind/Minor,1,0,['Driver'],['None_Used'],1,1,Invalid,0.0,0.0,57.0,57.0,['Male'],1,0,2,4,3,Wet/Standing Water,Curve,Grade/Hillcrest,Lowest,No
28525,42,Pennsylvania,421058,1,1,1,0,1,ALLENTOWN,October,19,Thursday,7,0,Urban,High Speed (Arterial),Yes,40.624325,-75.44055,Complex/Circle,Daylight,Clear,Unknown,Unknown,Unknown EMS Scene Arrival Hour,Unknown EMS Scene Arrival Minutes,Not Applicable (Not Transported),Not Applicable (Not Transported),1,Daylight,Clear,0,1,[],[],0,0,Valid,0.0,0.0,38.0,38.0,['Male'],1,0,2,3,4,Dry,Straight,Level,Lowest,No
28526,42,Pennsylvania,421059,1,1,1,0,1,NOT APPLICABLE,October,19,Thursday,15,37,Urban,Low Speed (Local),No,88.8888,888.8888,Simple Junction,Daylight,Cloudy,Unknown,Unknown,Unknown EMS Scene Arrival Hour,Unknown EMS Scene Arrival Minutes,Unknown,Unknown EMS Hospital Arrival Time,1,Daylight,Reduced Visibility,0,1,[],[],0,0,Invalid,0.0,0.0,38.0,38.0,['Male'],1,0,2,2,4,Dry,Straight,Level,Lowest,No
28527,42,Pennsylvania,421060,0,2,2,0,2,NOT APPLICABLE,October,19,Thursday,15,30,Rural,High Speed (Arterial),No,39.802075,-77.08525278,Complex/Circle,Daylight,Clear,Unknown,Unknown,Unknown EMS Scene Arrival Hour,Unknown EMS Scene Arrival Minutes,Unknown,Unknown EMS Hospital Arrival Time,1,Daylight,Clear,1,1,['Driver'],['None_Used'],0,0,Valid,0.0,0.0,42.0,24.0,"['Male', 'Male']",0,0,4,4,5,Dry,Straight,Level,Lowest,No
28528,42,Pennsylvania,421061,0,2,2,0,2,NOT APPLICABLE,October,23,Monday,15,52,Urban,Medium Speed (Collector),No,40.35431667,-75.66364444,Complex/Circle,Daylight,Clear,Unknown,Unknown,Unknown EMS Scene Arrival Hour,Unknown EMS Scene Arrival Minutes,Not Applicable (Not Transported),Not Applicable (Not Transported),1,Daylight,Clear,1,1,['Driver'],['Shoulder_Lapbelt'],0,0,Valid,3.0,0.0,74.0,37.0,"['Female', 'Male']",0,0,3,4,5,Dry,Straight,Level,Lowest,No
28529,42,Pennsylvania,421062,1,1,1,0,1,NOT APPLICABLE,October,18,Wednesday,17,47,Urban,Low Speed (Local),No,40.44305556,-80.06047222,Non-Intersection,Dark - Not Lighted,Clear,Unknown,Unknown,Unknown EMS Scene Arrival Hour,Unknown EMS Scene Arrival Minutes,Unknown,Unknown EMS Hospital Arrival Time,1,Dark - Unlighted,Clear,0,1,[],[],0,0,Valid,0.0,0.0,19.0,19.0,['Male'],0,0,2,2,4,Dry,Curve,Grade/Hillcrest,Lowest,No
28530,42,Pennsylvania,421063,0,2,2,0,2,NOT APPLICABLE,October,26,Thursday,2,48,Rural,Low Speed (Local),No,40.06480833,-76.10447222,Non-Intersection,Dark - Not Lighted,Clear,Unknown,Unknown,Unknown EMS Scene Arrival Hour,Unknown EMS Scene Arrival Minutes,Not Applicable (Not Transported),Not Applicable (Not Transported),1,Dark - Unlighted,Clear,1,1,['Driver'],['Shoulder_Lapbelt'],1,1,Valid,1.0,1.0,67.0,25.0,"['Male', 'Male']",1,0,4,4,5,Dry,Straight,Level,Lowest,No
28531,42,Pennsylvania,421064,0,2,2,0,3,BETHLEHEM,December,17,Sunday,15,54,Urban,Low Speed (Local),No,40.62783611,-75.41572778,Complex/Circle,Daylight,Rain,Unknown,Unknown,Unknown EMS Scene Arrival Hour,Unknown EMS Scene Arrival Minutes,Unknown,Unknown EMS Hospital Arrival Time,1,Daylight,Rain/Wind/Minor,1,2,['Front_Passenger'],['Shoulder_Lapbelt'],0,0,Valid,2.0,0.0,62.0,54.0,"['Male', 'Male']",1,0,3,4,5,Wet/Standing Water,Straight,Level,Lowest,No
28532,42,Pennsylvania,421065,0,2,1,1,1,NOT APPLICABLE,December,15,Friday,8,46,Rural,Medium Speed (Collector),No,41.29225278,-75.51891111,Non-Intersection,Daylight,Clear,8:00am-8:59am,47,8:00am-8:59am,57,9:00am-9:59am,37,1,Daylight,Clear,1,0,['Driver'],['None_Used'],0,0,Valid,0.0,0.0,28.0,28.0,['Male'],0,0,3,4,3,Dry,Straight,Level,Lowest,No
28533,42,Pennsylvania,421066,0,2,2,0,2,NOT APPLICABLE,October,24,Tuesday,5,56,Urban,High Speed (Arterial),Yes,40.31491667,-75.63116667,Non-Intersection,Dawn,Clear,5:00am-5:59am,58,6:00am-6:59am,6,7:00am-7:59am,14,2,Twilight,Clear,2,0,"['Driver', 'Driver']","['None_Used', 'Shoulder_Only']",0,0,Valid,0.0,1.0,64.0,32.0,"['Male', 'Male']",0,0,3,4,5,Dry,Straight,Level,Lowest,Yes
28534,42,Pennsylvania,421067,1,1,1,0,1,NOT APPLICABLE,December,15,Friday,11,20,Urban,High Speed (Arterial),Yes,40.96420556,-76.88517222,Non-Intersection,Daylight,Clear,11:00am-11:59am,8,11:00am-11:59am,10,Not Applicable (Not Transported),Not Applicable (Not Transported),1,Daylight,Clear,0,1,[],[],0,0,Valid,0.0,0.0,50.0,50.0,['Male'],0,0,4,1,4,Dry,Straight,Level,Lowest,No
28535,42,Pennsylvania,421068,0,1,1,0,2,NOT APPLICABLE,November,6,Monday,13,14,Rural,Low Speed (Local),No,41.63199167,-75.899125,Non-Intersection,Daylight,Clear,Unknown,Unknown,Unknown EMS Scene Arrival Hour,Unknown EMS Scene Arrival Minutes,Unknown,Unknown EMS Hospital Arrival Time,1,Daylight,Clear,1,1,['Driver'],['None_Used'],0,0,Valid,0.0,0.0,83.0,83.0,['Male'],0,0,3,4,3,Dry,Curve,Grade/Hillcrest,Lowest,No
28536,42,Pennsylvania,421069,0,2,2,0,2,NOT APPLICABLE,November,8,Wednesday,12,35,Urban,High Speed (Arterial),Yes,40.78175,-77.78013889,Non-Intersection,Daylight,Clear,12:00pm-12:59pm,34,12:00pm-12:59pm,38,Not Applicable (Not Transported),Not Applicable (Not Transported),1,Daylight,Clear,1,1,['Driver'],['Shoulder_Lapbelt'],0,0,Valid,0.0,0.0,67.0,25.0,"['Female', 'Male']",0,0,4,4,5,Dry,Straight,Grade/Hillcrest,Lowest,No
28537,42,Pennsylvania,421070,0,2,2,0,2,NOT APPLICABLE,October,19,Thursday,23,12,Urban,Low Speed (Local),No,40.14653056,-74.84012778,Simple Junction,Dark - Lighted,Clear,11:00pm-11:59pm,14,11:00pm-11:59pm,19,11:00pm-11:59pm,58,1,Dark - Lighted,Clear,1,1,['Driver'],['Shoulder_Lapbelt'],1,1,Valid,3.0,1.0,52.0,38.0,"['Male', 'Male']",1,0,2,4,5,Dry,Straight,Level,Lowest,No
28538,42,Pennsylvania,421071,0,2,2,0,3,NOT APPLICABLE,November,9,Thursday,17,19,Rural,Medium Speed (Collector),No,40.40340833,-76.04685556,Non-Intersection,Dark - Not Lighted,Clear,Unknown,Unknown,Unknown EMS Scene Arrival Hour,Unknown EMS Scene Arrival Minutes,Unknown,Unknown EMS Hospital Arrival Time,1,Dark - Unlighted,Clear,1,0,['Driver'],['Shoulder_Lapbelt'],0,0,Valid,1.0,0.0,65.0,39.0,"['Male', 'Male']",0,0,3,4,5,Dry,Straight,Grade/Hillcrest,Medium,No
28539,42,Pennsylvania,421072,0,2,2,0,4,NOT APPLICABLE,October,28,Saturday,14,53,Urban,Medium Speed (Collector),No,40.36870833,-76.43246389,Simple Junction,Daylight,Clear,Unknown,Unknown,Unknown EMS Scene Arrival Hour,Unknown EMS Scene Arrival Minutes,Unknown,Unknown EMS Hospital Arrival Time,1,Daylight,Clear,1,1,['Driver'],['Shoulder_Lapbelt'],0,0,Valid,0.0,0.0,81.0,19.0,"['Male', 'Female']",0,0,2,4,5,Dry,Straight,Level,Medium,No
28540,42,Pennsylvania,421073,1,1,1,0,1,NOT APPLICABLE,November,9,Thursday,8,14,Urban,Low Speed (Local),No,40.39555556,-79.84919444,Non-Intersection,Daylight,Clear,Unknown,Unknown,Unknown EMS Scene Arrival Hour,Unknown EMS Scene Arrival Minutes,Unknown,Unknown EMS Hospital Arrival Time,1,Daylight,Clear,0,1,[],[],0,0,Invalid,2.0,0.0,36.0,36.0,['Male'],0,0,2,4,4,Dry,Straight,Level,Lowest,No
28541,42,Pennsylvania,421074,0,1,1,0,3,NOT APPLICABLE,December,16,Saturday,16,13,Rural,Low Speed (Local),No,41.109675,-79.12035833,Non-Intersection,Daylight,Clear,Unknown,Unknown,Unknown EMS Scene Arrival Hour,Unknown EMS Scene Arrival Minutes,Unknown,Unknown EMS Hospital Arrival Time,1,Daylight,Clear,1,2,['Driver'],['None_Used'],0,0,Valid,0.0,0.0,17.0,17.0,['Male'],3,0,2,4,3,Dry,Straight,Grade/Hillcrest,Lowest,No
28542,42,Pennsylvania,421075,0,1,1,0,3,CORRY,November,1,Wednesday,0,8,Urban,Medium Speed (Collector),No,41.91652778,-79.65766667,Non-Intersection,Dark - Not Lighted,Snow,Unknown,Unknown,Unknown EMS Scene Arrival Hour,Unknown EMS Scene Arrival Minutes,Unknown,Unknown EMS Hospital Arrival Time,2,Dark - Unlighted,Snow/Ice/Severe,2,1,"['Driver', 'Front_Passenger']","['None_Used', 'None_Used']",1,1,Invalid,0.0,0.0,33.0,33.0,['Male'],3,0,3,4,3,Icy/Snowy,Curve,Level,Lowest,No