,State_Code,State_Name,Crash_ID,Count_Non_Motorists,Count_Vehicles_Total,Count_Vehicle_Forms,Count_PVH_Involved,Count_Occupants_MV,City_Name,Month_Name,Day_of_Month,Day_of_Week,Crash_Hour,Crash_Minute,Area_Rural_Urban,Road_Functional_Class,On_NHS_Road,Latitude,Longitude,Intersection_Type,Light_Condition,Weather_Condition,Notif_Hour,Notif_Minute,Arrival_Hour,Arrival_Minute,Hospital_Hour,Hospital_Minute,Fatalities_Count,Clean_Light_Condition,Clean_Weather_Condition,Total_Killed,Total_Alive,Fatal_Seats_List,Killed_Restraint_List,Any_Driver_Drinking,Total_Drinking_Drivers,Driver_License_Category,Driver_Max_Prev_Accident_Count,Driver_Max_Prev_Speeding_Count,Max_Driver_Age,Min_Driver_Age,Driver_Sex_List,Total_Exceeding_Limit_Vehicles,Total_Too_Fast_Vehicles,Max_Vehicle_Type_Severity_5,Max_Vehicle_Damage_Rank,Max_Harmful_Event_Severity,Crash_Road_Surface_Condition,Crash_Horizontal_Alignment,Crash_Vertical_Profile,Crash_Impairment_Category,Crash_Vehicle_Defect
28543,42,Pennsylvania,421076,0,1,1,0,1,NOT APPLICABLE,December,17,Sunday,14,12,Rural,High Speed (Arterial),Yes,39.96280833,-78.02539722,Non-Intersection,Daylight,Rain,1:00pm-1:59pm,48,Unknown EMS Scene Arrival Hour,Officially Cancelled,Unknown,Officially Canceled,1,Daylight,Rain/Wind/Minor,1,0,['Driver'],['None_Used'],0,0,Invalid,0.0,0.0,43.0,43.0,['Female'],1,0,2,4,3,Wet/Standing Water,Curve,Grade/Hillcrest,Lowest,No
28544,42,Pennsylvania,421077,0,1,1,0,1,NOT APPLICABLE,December,18,Monday,15,19,Rural,Low Speed (Local),No,40.40291944,-75.74173056,Non-Intersection,Daylight,Clear,Unknown,Unknown,Unknown EMS Scene Arrival Hour,Unknown EMS Scene Arrival Minutes,Not Applicable (Not Transported),Not Applicable (Not Transported),1,Daylight,Clear,1,0,['Driver'],['None_Used'],0,0,Valid,0.0,0.0,81.0,81.0,['Female'],0,0,3,4,3,Wet/Standing Water,Straight,Level,Lowest,No
28545,42,Pennsylvania,421078,0,2,2,0,2,NOT APPLICABLE,November,13,Monday,7,43,Rural,Medium Speed (Collector),No,40.85748611,-77.05769444,Complex/Circle,Daylight,"Fog, Smog, Smoke",Unknown,Unknown,Unknown EMS Scene Arrival Hour,Unknown EMS Scene Arrival Minutes,Not Applicable (Not Transported),Not Applicable (Not Transported),1,Daylight,Reduced Visibility,1,1,['Driver'],['Shoulder_Lapbelt'],0,0,Valid,0.0,0.0,49.0,16.0,"['Male', 'Male']",0,0,4,4,5,Dry,Straight,Level,Lowest,No
28546,42,Pennsylvania,421079,0,1,1,0,1,NOT APPLICABLE,December,19,Tuesday,9,59,Urban,Medium Speed (Collector),No,41.21902222,-75.85670556,Non-Intersection,Daylight,Clear,9:00am-9:59am,54,10:00am-10:59am,8,Not Applicable (Not Transported),Not Applicable (Not Transported),1,Daylight,Clear,1,0,['Driver'],['Shoulder_Lapbelt'],0,0,Valid,0.0,0.0,24.0,24.0,['Male'],0,0,4,4,3,Dry,Curve,Grade/Hillcrest,Lowest,No
28547,42,Pennsylvania,421080,0,1,1,0,1,NOT APPLICABLE,December,20,Wednesday,14,22,Urban,Low Speed (Local),No,40.33532778,-79.3406,Non-Intersection,Daylight,Clear,Unknown,Unknown,Unknown EMS Scene Arrival Hour,Unknown EMS Scene Arrival Minutes,Not Applicable (Not Transported),Not Applicable (Not Transported),1,Daylight,Clear,1,0,['Driver'],['None_Used'],0,0,Valid,0.0,0.0,40.0,40.0,['Male'],0,0,2,4,3,Dry,Straight,Level,Lowest,No
28548,42,Pennsylvania,421081,0,2,2,0,3,NOT APPLICABLE,November,14,Tuesday,7,4,Urban,High Speed (Arterial),No,39.96316389,-75.99737222,Complex/Circle,Daylight,Clear,Unknown,Unknown,Unknown EMS Scene Arrival Hour,Unknown EMS Scene Arrival Minutes,Unknown,Unknown EMS Hospital Arrival Time,1,Daylight,Clear,1,2,['Driver'],['Shoulder_Lapbelt'],0,0,Valid,0.0,0.0,53.0,36.0,"['Male', 'Female']",1,0,4,4,5,Dry,Straight,Level,Lowest,No
28549,42,Pennsylvania,421082,0,1,1,0,1,NOT APPLICABLE,December,20,Wednesday,9,23,Rural,High Speed (Arterial),Yes,41.05872778,-75.89734722,Non-Intersection,Daylight,Clear,Unknown,Unknown,Unknown EMS Scene Arrival Hour,Unknown EMS Scene Arrival Minutes,Not Applicable (Not Transported),Not Applicable (Not Transported),1,Daylight,Clear,1,0,['Driver'],['None_Used'],0,0,Valid,0.0,0.0,43.0,43.0,['Female'],1,0,3,4,2,Dry,Straight,Level,Lowest,No
28550,42,Pennsylvania,421083,0,2,2,0,3,NOT APPLICABLE,November,15,Wednesday,15,41,Rural,Medium Speed (Collector),No,41.75240556,-79.66997222,Complex/Circle,Daylight,Clear,Unknown,Unknown,Unknown EMS Scene Arrival Hour,Unknown EMS Scene Arrival Minutes,Unknown,Unknown EMS Hospital Arrival Time,1,Daylight,Clear,1,2,['Front_Passenger'],['Shoulder_Lapbelt'],0,0,Valid,0.0,1.0,67.0,32.0,"['Male', 'Male']",0,0,4,4,5,Dry,Straight,Level,Lowest,No
28551,42,Pennsylvania,421084,1,1,1,0,1,NOT APPLICABLE,December,16,Saturday,22,37,Urban,High Speed (Arterial),Yes,40.06774167,-75.14696944,Non-Intersection,Dark - Lighted,Clear,10:00pm-10:59pm,37,10:00pm-10:59pm,54,11:00pm-11:59pm,2,1,Dark - Lighted,Clear,0,1,[],[],0,0,Valid,0.0,0.0,42.0,42.0,['Male'],0,0,2,3,4,Dry,Straight,Level,Lowest,No
28552,42,Pennsylvania,421085,0,2,2,0,2,NOT APPLICABLE,November,16,Thursday,12,16,Urban,High Speed (Arterial),Yes,40.00600278,-76.11070833,Non-Intersection,Daylight,Clear,Unknown,Unknown,Unknown EMS Scene Arrival Hour,Unknown EMS Scene Arrival Minutes,Unknown,Unknown EMS Hospital Arrival Time,1,Daylight,Clear,1,1,['Driver'],['None_Used'],0,0,Invalid,0.0,1.0,59.0,52.0,"['Female', 'Male']",0,0,4,4,5,Dry,Straight,Level,Lowest,No
28553,42,Pennsylvania,421086,0,2,2,0,3,NOT APPLICABLE,December,21,Thursday,18,2,Rural,Medium Speed (Collector),No,40.79843611,-75.77555278,Non-Intersection,Dark - Not Lighted,Clear,Unknown,Unknown,Unknown EMS Scene Arrival Hour,Unknown EMS Scene Arrival Minutes,Unknown,Unknown EMS Hospital Arrival Time,1,Dark - Unlighted,Clear,1,2,['Driver'],['None_Used'],1,1,Valid,2.0,0.0,51.0,43.0,"['Male', 'Female']",0,0,2,4,5,Dry,Straight,Non-Trafficway,Lowest,No
28554,42,Pennsylvania,421087,0,2,2,0,2,NOT APPLICABLE,December,20,Wednesday,15,7,Rural,High Speed (Arterial),Yes,40.73323333,-75.33009444,Non-Intersection,Daylight,Clear,Unknown,Unknown,Unknown EMS Scene Arrival Hour,Unknown EMS Scene Arrival Minutes,Unknown,Unknown EMS Hospital Arrival Time,1,Daylight,Clear,1,1,['Driver'],['None_Used'],0,0,Valid,1.0,0.0,87.0,59.0,"['Female', 'Male']",0,0,4,4,5,Dry,Straight,Level,Lowest,No
28555,42,Pennsylvania,421088,1,1,1,0,2,NOT APPLICABLE,November,17,Friday,23,19,Rural,Low Speed (Local),No,41.19502778,-75.95388889,Non-Intersection,Dark - Lighted,Rain,11:00pm-11:59pm,20,11:00pm-11:59pm,31,Not Applicable (Not Transported),Not Applicable (Not Transported),1,Dark - Lighted,Rain/Wind/Minor,0,2,[],[],0,0,Valid,1.0,0.0,36.0,36.0,['Male'],0,0,2,3,4,Wet/Standing Water,Straight,Grade/Hillcrest,Lowest,No
28556,42,Pennsylvania,421089,0,1,1,0,1,NOT APPLICABLE,December,1,Friday,10,51,Rural,Medium Speed (Collector),No,41.18902778,-80.10996667,Non-Intersection,Daylight,Rain,Unknown,Unknown,Unknown EMS Scene Arrival Hour,Unknown EMS Scene Arrival Minutes,Unknown,Unknown EMS Hospital Arrival Time,1,Daylight,Rain/Wind/Minor,1,0,['Driver'],['None_Used'],0,0,Valid,0.0,0.0,86.0,86.0,['Male'],1,0,3,4,3,Wet/Standing Water,Straight,Level,Lowest,No
28557,42,Pennsylvania,421090,0,2,2,0,4,NOT APPLICABLE,November,9,Thursday,22,40,Rural,Medium Speed (Collector),No,40.13306111,-75.76390278,Non-Intersection,Dark - Not Lighted,Clear,10:00pm-10:59pm,38,10:00pm-10:59pm,47,11:00pm-11:59pm,39,1,Dark - Unlighted,Clear,1,1,['Driver'],['Shoulder_Lapbelt'],0,0,Valid,0.0,0.0,66.0,46.0,"['Male', 'Female']",0,0,3,4,5,Dry,Straight,Level,Lowest,No
28558,42,Pennsylvania,421091,0,1,1,0,6,NOT APPLICABLE,December,23,Saturday,3,19,Rural,Low Speed (Local),No,40.60138333,-79.99642222,Non-Intersection,Dark - Not Lighted,Clear,Unknown,Unknown,Unknown EMS Scene Arrival Hour,Unknown EMS Scene Arrival Minutes,Unknown,Unknown EMS Hospital Arrival Time,2,Dark - Unlighted,Clear,2,4,"['Rear_Seat', 'Rear_Seat']","['None_Used', 'None_Used']",1,1,Valid,0.0,0.0,18.0,18.0,['Male'],6,0,3,4,3,Dry,Curve,Level,Lowest,No
28559,42,Pennsylvania,421092,0,1,1,0,1,NOT APPLICABLE,October,22,Sunday,20,32,Urban,High Speed (Arterial),Yes,40.221,-80.20711111,Complex/Circle,Dark - Lighted,Clear,Unknown,Unknown,Unknown EMS Scene Arrival Hour,Unknown EMS Scene Arrival Minutes,Unknown,Unknown EMS Hospital Arrival Time,1,Dark - Lighted,Clear,1,0,['Driver'],['None_Used'],0,0,Valid,0.0,0.0,51.0,51.0,['Male'],0,0,5,4,3,Dry,Straight,Level,Lowest,No
28560,42,Pennsylvania,421093,0,2,2,0,3,NOT APPLICABLE,November,18,Saturday,9,33,Rural,Medium Speed (Collector),No,40.46871389,-76.14791944,Non-Intersection,Daylight,Clear,Unknown,Unknown,Unknown EMS Scene Arrival Hour,Unknown EMS Scene Arrival Minutes,Unknown,Unknown EMS Hospital Arrival Time,1,Daylight,Clear,1,0,['Driver'],['Shoulder_Lapbelt'],0,0,Valid,0.0,0.0,43.0,30.0,"['Female', 'Male']",0,0,3,4,5,Dry,Curve,Grade/Hillcrest,Lowest,No
28561,42,Pennsylvania,421094,1,1,1,0,2,BETHLEHEM,November,11,Saturday,11,33,Urban,Low Speed (Local),No,40.63830556,-75.34880556,Non-Intersection,Daylight,Clear,Unknown,Unknown,Unknown EMS Scene Arrival Hour,Unknown EMS Scene Arrival Minutes,Unknown,Unknown EMS Hospital Arrival Time,1,Daylight,Clear,0,2,[],[],0,0,Valid,0.0,0.0,41.0,41.0,['Female'],0,0,3,3,4,Dry,Straight,Level,Lowest,No
28562,42,Pennsylvania,421095,0,1,1,0,1,NOT APPLICABLE,November,19,Sunday,3,24,Rural,High Speed (Arterial),Yes,40.13080833,-80.32615278,Non-Intersection,Dark - Not Lighted,Clear,Unknown,Unknown,Unknown EMS Scene Arrival Hour,Unknown EMS Scene Arrival Minutes,Not Applicable (Not Transported),Not Applicable (Not Transported),1,Dark - Unlighted,Clear,1,0,['Driver'],['Shoulder_Lapbelt'],1,1,Valid,1.0,0.0,33.0,33.0,['Female'],0,0,3,4,3,Dry,Curve,Grade/Hillcrest,Lowest,No
28563,42,Pennsylvania,421096,0,1,1,0,1,COALDALE,December,7,Thursday,15,0,Urban,Medium Speed (Collector),No,40.81169444,-75.93125,Non-Intersection,Daylight,Clear,Unknown,Unknown,Unknown EMS Scene Arrival Hour,Unknown EMS Scene Arrival Minutes,Unknown,Unknown EMS Hospital Arrival Time,1,Daylight,Clear,1,0,['Driver'],['None_Used'],0,0,Valid,0.0,0.0,42.0,42.0,['Female'],1,0,2,4,3,Wet/Standing Water,Straight,Grade/Hillcrest,Lowest,No
28564,42,Pennsylvania,421097,0,2,2,0,3,NOT APPLICABLE,November,19,Sunday,7,24,Urban,Medium Speed (Collector),No,40.54756389,-75.55218889,Complex/Circle,Daylight,Clear,Unknown,Unknown,Unknown EMS Scene Arrival Hour,Unknown EMS Scene Arrival Minutes,Unknown,Unknown EMS Hospital Arrival Time,1,Daylight,Clear,1,2,['Driver'],['None_Used'],0,0,Valid,0.0,0.0,80.0,60.0,"['Male', 'Male']",0,0,3,4,5,Dry,Straight,Level,Lowest,No
28565,42,Pennsylvania,421098,2,3,1,2,2,NOT APPLICABLE,July,13,Thursday,10,48,Urban,Low Speed (Local),No,41.36941667,-75.71066667,Non-Intersection,Daylight,Clear,Unknown,Unknown,Unknown EMS Scene Arrival Hour,Unknown EMS Scene Arrival Minutes,Unknown,Unknown EMS Hospital Arrival Time,1,Daylight,Clear,0,2,[],[],0,0,Valid,0.0,0.0,78.0,78.0,['Male'],0,0,2,4,4,Dry,Straight,Level,Lowest,No
28566,42,Pennsylvania,421099,1,1,1,0,1,NOT APPLICABLE,October,23,Monday,18,31,Urban,High Speed (Arterial),Yes,40.17694444,-74.91755556,Non-Intersection,Dusk,Clear,6:00pm-6:59pm,35,6:00pm-6:59pm,45,6:00pm-6:59pm,52,1,Twilight,Clear,0,1,[],[],0,0,Valid,0.0,0.0,66.0,66.0,['Male'],0,0,3,2,4,Dry,Straight,Level,Lowest,No
28567,42,Pennsylvania,421100,1,1,1,0,1,NOT APPLICABLE,October,26,Thursday,8,58,Rural,Low Speed (Local),No,41.57197222,-75.56177778,Non-Intersection,Daylight,Clear,Unknown,Unknown,Unknown EMS Scene Arrival Hour,Unknown EMS Scene Arrival Minutes,Unknown,Unknown EMS Hospital Arrival Time,1,Daylight,Clear,0,1,[],[],0,0,Valid,0.0,0.0,30.0,30.0,['Female'],0,0,3,2,4,Dry,Straight,Level,Lowest,No
28568,42,Pennsylvania,421101,0,2,2,0,4,NOT APPLICABLE,November,5,Sunday,12,20,Rural,Medium Speed (Collector),No,40.81403333,-79.42948333,Non-Intersection,Daylight,Clear,Unknown,Unknown,Unknown EMS Scene Arrival Hour,Unknown EMS Scene Arrival Minutes,Unknown,Unknown EMS Hospital Arrival Time,1,Daylight,Clear,1,3,['Front_Passenger'],['Shoulder_Lapbelt'],0,0,Valid,0.0,0.0,54.0,37.0,"['Male', 'Male']",0,0,3,4,5,Dry,Straight,Level,Lowest,No
28569,42,Pennsylvania,421102,0,2,2,0,3,NOT APPLICABLE,October,28,Saturday,11,53,Rural,Medium Speed (Collector),No,41.23902778,-76.80527778,Non-Intersection,Daylight,Clear,Unknown,Unknown,Unknown EMS Scene Arrival Hour,Unknown EMS Scene Arrival Minutes,Unknown,Unknown EMS Hospital Arrival Time,1,Daylight,Clear,1,2,['Driver'],['Shoulder_Lapbelt'],0,0,Valid,0.0,0.0,83.0,54.0,"['Female', 'Female']",0,0,3,4,5,Dry,Straight,Level,Lowest,No
28570,42,Pennsylvania,421103,0,2,2,0,2,NOT APPLICABLE,December,11,Monday,18,59,Rural,Medium Speed (Collector),No,41.16121944,-80.16781944,Non-Intersection,Dark - Not Lighted,Clear,6:00pm-6:59pm,59,7:00pm-7:59pm,11,8:00pm-8:59pm,2,1,Dark - Unlighted,Clear,1,1,['Driver'],['None_Used'],0,0,Valid,0.0,1.0,29.0,20.0,"['Male', 'Male']",0,0,3,4,5,Dry,Straight,Level,Lowest,No
28571,42,Pennsylvania,421104,1,2,2,0,2,NOT APPLICABLE,November,19,Sunday,18,58,Urban,High Speed (Arterial),Yes,40.34400278,-79.97143056,Simple Junction,Dark - Lighted,Clear,Unknown,Unknown,Unknown EMS Scene Arrival Hour,Unknown EMS Scene Arrival Minutes,Unknown,Unknown EMS Hospital Arrival Time,1,Dark - Lighted,Clear,0,2,[],[],0,0,Valid,1.0,0.0,42.0,38.0,"['Male', 'Male']",0,0,3,2,4,Dry,Straight,Level,Lowest,No
28572,42,Pennsylvania,421105,0,2,2,0,2,NOT APPLICABLE,November,8,Wednesday,13,45,Urban,High Speed (Arterial),Yes,39.98688611,-75.34119167,Non-Intersection,Daylight,Clear,1:00pm-1:59pm,47,1:00pm-1:59pm,55,2:00pm-2:59pm,33,1,Daylight,Clear,1,1,['Driver'],['Shoulder_Lapbelt'],0,0,Valid,1.0,0.0,74.0,28.0,"['Female', 'Male']",0,0,3,4,5,Dry,Straight,Level,Lowest,No
28573,42,Pennsylvania,421106,0,2,2,0,2,NOT APPLICABLE,November,20,Monday,8,39,Urban,High Speed (Arterial),No,41.534625,-75.73788889,Non-Intersection,Daylight,Clear,8:00am-8:59am,46,8:00am-8:59am,56,Unknown,Unknown EMS Hospital Arrival Time,1,Daylight,Clear,1,1,['Driver'],['Shoulder_Only'],0,0,Valid,0.0,0.0,35.0,30.0,"['Female', 'Male']",0,0,2,4,5,Dry,Straight,Level,Lowest,No
28574,42,Pennsylvania,421107,0,1,1,0,2,NOT APPLICABLE,December,26,Tuesday,13,37,Urban,High Speed (Arterial),Yes,40.20244444,-75.48336111,Non-Intersection,Daylight,Clear,Unknown,Unknown,Unknown EMS Scene Arrival Hour,Unknown EMS Scene Arrival Minutes,Unknown,Unknown EMS Hospital Arrival Time,1,Daylight,Clear,1,1,['Front_Passenger'],['Shoulder_Lapbelt'],0,0,Invalid,0.0,0.0,61.0,61.0,['Male'],0,0,3,4,3,Dry,Straight,Level,Medium,No
28575,42,Pennsylvania,421108,1,1,1,0,1,NOT APPLICABLE,November,21,Tuesday,23,47,Urban,High Speed (Arterial),Yes,40.68008056,-80.10005833,Non-Intersection,Dark - Not Lighted,Rain,Unknown,Unknown,Unknown EMS Scene Arrival Hour,Unknown EMS Scene Arrival Minutes,Unknown,Unknown EMS Hospital Arrival Time,1,Dark - Unlighted,Rain/Wind/Minor,0,1,[],[],0,0,Valid,0.0,0.0,69.0,69.0,['Male'],0,0,3,3,4,Wet/Standing Water,Straight,Grade/Hillcrest,Lowest,No
28576,42,Pennsylvania,421109,1,1,1,0,1,NOT APPLICABLE,December,8,Friday,17,12,Urban,Medium Speed (Collector),No,40.15747222,-76.05447222,Non-Intersection,Dark - Not Lighted,Clear,Unknown,Unknown,Unknown EMS Scene Arrival Hour,Unknown EMS Scene Arrival Minutes,Unknown,Unknown EMS Hospital Arrival Time,1,Dark - Unlighted,Clear,0,1,[],[],0,0,Valid,0.0,0.0,30.0,30.0,['Male'],0,0,2,2,4,Dry,Straight,Grade/Hillcrest,Lowest,No
28577,42,Pennsylvania,421110,0,1,1,0,1,NOT APPLICABLE,November,21,Tuesday,21,40,Rural,Medium Speed (Collector),No,40.78697222,-76.13716667,Non-Intersection,Dark - Not Lighted,Rain,Unknown,Unknown,Unknown EMS Scene Arrival Hour,Unknown EMS Scene Arrival Minutes,Not Applicable (Not Transported),Not Applicable (Not Transported),1,Dark - Unlighted,Rain/Wind/Minor,1,0,['Driver'],['None_Used'],1,1,Valid,0.0,0.0,52.0,52.0,['Male'],0,0,3,4,3,Wet/Standing Water,Curve,Grade/Hillcrest,Lowest,No
28578,42,Pennsylvania,421111,0,2,2,0,2,NOT APPLICABLE,November,21,Tuesday,15,34,Rural,Medium Speed (Collector),No,40.61705556,-79.43322222,Non-Intersection,Daylight,Rain,Unknown,Unknown,Unknown EMS Scene Arrival Hour,Unknown EMS Scene Arrival Minutes,Unknown,Unknown EMS Hospital Arrival Time,1,Daylight,Rain/Wind/Minor,1,1,['Driver'],['Shoulder_Lapbelt'],1,1,Valid,1.0,0.0,39.0,32.0,"['Male', 'Male']",0,0,3,4,5,Wet/Standing Water,Straight,Grade/Hillcrest,Lowest,No
28579,42,Pennsylvania,421112,0,1,1,0,1,NOT APPLICABLE,December,31,Sunday,10,45,Urban,High Speed (Arterial),Yes,40.45897222,-80.18977778,Non-Intersection,Daylight,Cloudy,Unknown,Unknown,Unknown EMS Scene Arrival Hour,Unknown EMS Scene Arrival Minutes,Unknown,Unknown EMS Hospital Arrival Time,1,Daylight,Reduced Visibility,1,0,['Driver'],['Shoulder_Lapbelt'],0,0,Valid,0.0,0.0,64.0,64.0,['Female'],0,0,3,2,3,Dry,Straight,Level,Lowest,No
28580,42,Pennsylvania,421113,0,1,1,0,1,NOT APPLICABLE,November,21,Tuesday,21,33,Rural,Low Speed (Local),No,40.43379722,-77.15844444,Non-Intersection,Dark - Not Lighted,Rain,Unknown,Unknown,Unknown EMS Scene Arrival Hour,Unknown EMS Scene Arrival Minutes,Unknown,Unknown EMS Hospital Arrival Time,1,Dark - Unlighted,Rain/Wind/Minor,1,0,['Driver'],['None_Used'],1,1,Valid,0.0,0.0,41.0,41.0,['Female'],0,0,3,4,3,Wet/Standing Water,Curve,Grade/Hillcrest,Lowest,No
28581,42,Pennsylvania,421114,0,1,1,0,2,NOT APPLICABLE,December,31,Sunday,11,50,Rural,Medium Speed (Collector),No,41.96038611,-76.00112222,Non-Intersection,Daylight,Clear,11:00am-11:59am,46,12:00pm-12:59pm,7,Not Applicable (Not Transported),Not Applicable (Not Transported),1,Daylight,Clear,1,1,['Front_Passenger'],['None_Used'],0,0,Valid,0.0,0.0,44.0,44.0,['Male'],0,0,5,1,1,Dry,Straight,Grade/Hillcrest,Lowest,No
28582,42,Pennsylvania,421115,0,1,1,0,1,NOT APPLICABLE,December,30,Saturday,13,50,Rural,Medium Speed (Collector),No,40.98343889,-75.44945833,Non-Intersection,Daylight,Clear,Unknown,Unknown,Unknown EMS Scene Arrival Hour,Unknown EMS Scene Arrival Minutes,Not Applicable (Not Transported),Not Applicable (Not Transported),1,Daylight,Clear,1,0,['Driver'],['None_Used'],1,1,Valid,1.0,0.0,45.0,45.0,['Male'],0,0,3,4,3,Dry,Straight,Level,Lowest,No
28583,42,Pennsylvania,421116,1,1,1,0,1,NOT APPLICABLE,October,14,Saturday,15,36,Urban,Low Speed (Local),No,41.47161111,-75.60463889,Non-Intersection,Daylight,Clear,Unknown,Unknown,Unknown EMS Scene Arrival Hour,Unknown EMS Scene Arrival Minutes,Unknown,Unknown EMS Hospital Arrival Time,1,Daylight,Clear,0,1,[],[],0,0,Valid,0.0,0.0,85.0,85.0,['Male'],0,0,3,1,4,Dry,Straight,Level,Lowest,No
28584,42,Pennsylvania,421117,0,2,2,0,2,NOT APPLICABLE,December,29,Friday,17,13,Urban,High Speed (Arterial),Yes,40.23386111,-78.91068889,Non-Intersection,Dark - Not Lighted,Clear,5:00pm-5:59pm,16,5:00pm-5:59pm,24,5:00pm-5:59pm,57,1,Dark - Unlighted,Clear,1,1,['Driver'],['Shoulder_Lapbelt'],0,0,Valid,0.0,0.0,85.0,46.0,"['Male', 'Female']",0,0,3,4,5,Dry,Straight,Level,Lowest,No
28585,42,Pennsylvania,421118,0,2,2,0,2,NOT APPLICABLE,December,25,Monday,10,7,Urban,High Speed (Arterial),Yes,40.35702778,-76.45683333,Non-Intersection,Daylight,Clear,Unknown,Unknown,Unknown EMS Scene Arrival Hour,Unknown EMS Scene Arrival Minutes,Unknown,Unknown EMS Hospital Arrival Time,1,Daylight,Clear,1,1,['Driver'],['None_Used'],0,0,Valid,0.0,0.0,76.0,20.0,"['Male', 'Female']",0,0,3,4,5,Dry,Curve,Grade/Hillcrest,Lowest,No
28586,42,Pennsylvania,421119,0,2,2,0,2,NOT APPLICABLE,December,14,Thursday,8,28,Urban,Medium Speed (Collector),No,39.99889444,-79.4495,Non-Intersection,Daylight,Clear,Unknown,Unknown,Unknown EMS Scene Arrival Hour,Unknown EMS Scene Arrival Minutes,Unknown,Unknown EMS Hospital Arrival Time,1,Daylight,Clear,1,0,['Driver'],['Shoulder_Lapbelt'],0,0,Valid,2.0,2.0,90.0,39.0,"['Female', 'Female']",0,0,3,4,5,Dry,Straight,Non-Trafficway,Lowest,No
28587,42,Pennsylvania,421120,0,1,1,0,1,NOT APPLICABLE,December,27,Wednesday,23,46,Urban,Medium Speed (Collector),No,39.82069444,-75.85819444,Non-Intersection,Dark - Not Lighted,Rain,Unknown,Unknown,Unknown EMS Scene Arrival Hour,Unknown EMS Scene Arrival Minutes,Not Applicable (Not Transported),Not Applicable (Not Transported),1,Dark - Unlighted,Rain/Wind/Minor,1,0,['Driver'],['Shoulder_Lapbelt'],0,0,Valid,0.0,0.0,18.0,18.0,['Male'],1,0,2,4,3,Wet/Standing Water,Curve,Level,Lowest,No
28588,42,Pennsylvania,421121,1,1,1,0,1,NOT APPLICABLE,December,27,Wednesday,4,49,Urban,Medium Speed (Collector),No,40.63146667,-79.14389722,Non-Intersection,Dark - Not Lighted,Rain,Unknown,Unknown,Unknown EMS Scene Arrival Hour,Unknown EMS Scene Arrival Minutes,Not Applicable (Not Transported),Not Applicable (Not Transported),1,Dark - Unlighted,Rain/Wind/Minor,0,1,[],[],0,0,Valid,1.0,0.0,31.0,31.0,['Male'],0,0,3,4,4,Wet/Standing Water,Curve,Grade/Hillcrest,Lowest,No
28589,42,Pennsylvania,421122,0,1,1,0,1,NOT APPLICABLE,December,13,Wednesday,17,32,Rural,Low Speed (Local),No,41.05916667,-76.32875,Non-Intersection,Dark - Not Lighted,Clear,5:00pm-5:59pm,34,5:00pm-5:59pm,41,Not Applicable (Not Transported),Not Applicable (Not Transported),1,Dark - Unlighted,Clear,1,0,['Driver'],['None_Used'],0,0,Valid,0.0,0.0,62.0,62.0,['Female'],0,0,2,4,2,Dry,Straight,Level,Lowest,No
28590,42,Pennsylvania,421123,0,2,1,1,1,NOT APPLICABLE,December,14,Thursday,18,20,Urban,Low Speed (Local),No,40.25316667,-75.80841667,Non-Intersection,Dark - Lighted,Clear,Unknown,Unknown,Unknown EMS Scene Arrival Hour,Unknown EMS Scene Arrival Minutes,Not Applicable (Not Transported),Not Applicable (Not Transported),1,Dark - Lighted,Clear,1,0,['Driver'],['None_Used'],1,1,Invalid,0.0,0.0,38.0,38.0,['Male'],1,0,2,4,3,Dry,Straight,Grade/Hillcrest,Lowest,No
28591,42,Pennsylvania,421124,1,1,1,0,1,NOT APPLICABLE,December,23,Saturday,10,18,Urban,Low Speed (Local),No,39.98219444,-75.36238889,Simple Junction,Daylight,Cloudy,Unknown,Unknown,Unknown EMS Scene Arrival Hour,Unknown EMS Scene Arrival Minutes,Unknown,Unknown EMS Hospital Arrival Time,1,Daylight,Reduced Visibility,0,1,[],[],0,0,Valid,0.0,0.0,74.0,74.0,['Male'],0,0,3,1,4,Dry,Straight,Level,Lowest,No
28592,42,Pennsylvania,421125,0,1,1,0,1,NOT APPLICABLE,December,24,Sunday,13,20,Rural,Medium Speed (Collector),No,41.36014444,-76.88076667,Non-Intersection,Daylight,Cloudy,Unknown,Unknown,Unknown EMS Scene Arrival Hour,Unknown EMS Scene Arrival Minutes,Unknown,Unknown EMS Hospital Arrival Time,1,Daylight,Reduced Visibility,1,0,['Driver'],['None_Used'],0,0,Valid,1.0,0.0,23.0,23.0,['Male'],1,0,2,4,3,Wet/Standing Water,Curve,Grade/Hillcrest,Lowest,No
28593,42,Pennsylvania,421126,0,2,2,0,4,NOT APPLICABLE,December,24,Sunday,8,50,Urban,Medium Speed (Collector),No,40.02430556,-75.94566667,Non-Intersection,Daylight,Cloudy,Unknown,Unknown,Unknown EMS Scene Arrival Hour,Unknown EMS Scene Arrival Minutes,Unknown,Unknown EMS Hospital Arrival Time,1,Daylight,Reduced Visibility,1,3,['Rear_Seat'],['Shoulder_Lapbelt'],0,0,Valid,0.0,0.0,39.0,18.0,"['Female', 'Male']",0,0,3,4,5,Wet/Standing Water,Straight,Level,Medium,No