,State_Code,State_Name,Crash_ID,Count_Non_Motorists,Count_Vehicles_Total,Count_Vehicle_Forms,Count_PVH_Involved,Count_Occupants_MV,City_Name,Month_Name,Day_of_Month,Day_of_Week,Crash_Hour,Crash_Minute,Area_Rural_Urban,Road_Functional_Class,On_NHS_Road,Latitude,Longitude,Intersection_Type,Light_Condition,Weather_Condition,Notif_Hour,Notif_Minute,Arrival_Hour,Arrival_Minute,Hospital_Hour,Hospital_Minute,Fatalities_Count,Clean_Light_Condition,Clean_Weather_Condition,Total_Killed,Total_Alive,Fatal_Seats_List,Killed_Restraint_List,Any_Driver_Drinking,Total_Drinking_Drivers,Driver_License_Category,Driver_Max_Prev_Accident_Count,Driver_Max_Prev_Speeding_Count,Max_Driver_Age,Min_Driver_Age,Driver_Sex_List,Total_Exceeding_Limit_Vehicles,Total_Too_Fast_Vehicles,Max_Vehicle_Type_Severity_5,Max_Vehicle_Damage_Rank,Max_Harmful_Event_Severity,Crash_Road_Surface_Condition,Crash_Horizontal_Alignment,Crash_Vertical_Profile,Crash_Impairment_Category,Crash_Vehicle_Defect
28594,42,Pennsylvania,421127,1,1,1,0,1,NOT APPLICABLE,December,22,Friday,20,47,Urban,Medium Speed (Collector),No,40.22880556,-75.28275556,Non-Intersection,Dark - Not Lighted,Clear,8:00pm-8:59pm,49,8:00pm-8:59pm,53,9:00pm-9:59pm,23,1,Dark - Unlighted,Clear,0,1,[],[],0,0,Valid,0.0,0.0,38.0,38.0,['Male'],0,0,3,4,4,Dry,Straight,Level,Lowest,No
28595,42,Pennsylvania,421128,0,2,2,0,3,PITTSBURGH,December,24,Sunday,11,44,Urban,High Speed (Arterial),No,40.42102222,-79.92749167,Simple Junction,Daylight,Clear,Unknown,Unknown,Unknown EMS Scene Arrival Hour,Unknown EMS Scene Arrival Minutes,Unknown,Unknown EMS Hospital Arrival Time,1,Daylight,Clear,1,2,['Driver'],['None_Used'],0,0,Valid,1.0,0.0,83.0,60.0,"['Female', 'Female']",0,0,5,4,5,Dry,Straight,Level,Lowest,No
28596,42,Pennsylvania,421129,0,1,1,0,1,NOT APPLICABLE,December,10,Sunday,5,10,Urban,High Speed (Arterial),Yes,40.05795,-79.5622,Non-Intersection,Dark - Not Lighted,Rain,Unknown,Unknown,Unknown EMS Scene Arrival Hour,Unknown EMS Scene Arrival Minutes,Unknown,Unknown EMS Hospital Arrival Time,1,Dark - Unlighted,Rain/Wind/Minor,1,0,['Driver'],['None_Used'],0,0,Valid,0.0,0.0,27.0,27.0,['Male'],1,0,5,4,2,Wet/Standing Water,Straight,Level,Lowest,No
28597,42,Pennsylvania,421130,0,2,2,0,2,NOT APPLICABLE,December,22,Friday,16,0,Rural,High Speed (Arterial),Yes,40.01919722,-77.09461667,Simple Junction,Daylight,Clear,Unknown,Unknown,Unknown EMS Scene Arrival Hour,Unknown EMS Scene Arrival Minutes,Not Applicable (Not Transported),Not Applicable (Not Transported),1,Daylight,Clear,1,1,['Driver'],['Shoulder_Lapbelt'],0,0,Valid,2.0,0.0,61.0,35.0,"['Male', 'Female']",0,0,4,4,5,Dry,Straight,Level,Lowest,No
28598,42,Pennsylvania,421131,0,2,2,0,4,NOT APPLICABLE,November,19,Sunday,1,3,Urban,High Speed (Arterial),Yes,40.000675,-76.07935278,Complex/Circle,Dark - Not Lighted,Clear,Unknown,Unknown,Unknown EMS Scene Arrival Hour,Unknown EMS Scene Arrival Minutes,Unknown,Unknown EMS Hospital Arrival Time,1,Dark - Unlighted,Clear,1,3,['Driver'],['Shoulder_Lapbelt'],0,0,Valid,0.0,0.0,83.0,45.0,"['Female', 'Male']",0,0,3,4,5,Dry,Straight,Level,Lowest,No
28599,42,Pennsylvania,421132,0,2,2,0,4,NOT APPLICABLE,November,25,Saturday,11,53,Rural,High Speed (Arterial),Yes,41.79494444,-78.25058611,Non-Intersection,Daylight,Clear,Unknown,Unknown,Unknown EMS Scene Arrival Hour,Unknown EMS Scene Arrival Minutes,Unknown,Unknown EMS Hospital Arrival Time,1,Daylight,Clear,1,3,['Driver'],['Shoulder_Lapbelt'],0,0,Valid,1.0,0.0,55.0,48.0,"['Female', 'Female']",0,0,3,4,5,Dry,Straight,Level,Lowest,No
28600,42,Pennsylvania,421133,0,2,2,0,3,NOT APPLICABLE,November,22,Wednesday,22,28,Rural,Medium Speed (Collector),No,39.86171111,-77.63065556,Non-Intersection,Dark - Not Lighted,Clear,Unknown,Unknown,Unknown EMS Scene Arrival Hour,Unknown EMS Scene Arrival Minutes,Unknown,Unknown EMS Hospital Arrival Time,1,Dark - Unlighted,Clear,1,2,['Driver'],['None_Used'],0,0,Valid,1.0,0.0,25.0,18.0,"['Male', 'Female']",2,0,3,4,5,Dry,Curve,Grade/Hillcrest,Lowest,No
28601,42,Pennsylvania,421134,0,1,1,0,1,PITTSBURGH,November,20,Monday,5,47,Urban,High Speed (Arterial),Yes,40.48405556,-79.90711111,Non-Intersection,Dark - Lighted,Rain,Unknown,Unknown,Unknown EMS Scene Arrival Hour,Unknown EMS Scene Arrival Minutes,Not Applicable (Not Transported),Not Applicable (Not Transported),1,Dark - Lighted,Rain/Wind/Minor,1,0,['Driver'],['None_Used'],0,0,Invalid,0.0,0.0,27.0,27.0,['Male'],1,0,2,4,3,Wet/Standing Water,Straight,Level,Lowest,No
28602,42,Pennsylvania,421135,0,2,2,0,3,NOT APPLICABLE,November,22,Wednesday,18,37,Urban,Medium Speed (Collector),No,39.867,-75.30916667,Non-Intersection,Dark - Lighted,Not Reported,6:00pm-6:59pm,38,7:00pm-7:59pm,0,7:00pm-7:59pm,16,1,Dark - Lighted,Clear,1,2,['Driver'],['Shoulder_Lapbelt'],1,1,Valid,0.0,0.0,44.0,27.0,"['Male', 'Female']",2,0,2,4,5,Dry,Curve,Level,Lowest,No
28603,42,Pennsylvania,421136,5,3,2,1,5,NOT APPLICABLE,December,30,Saturday,14,47,Rural,Low Speed (Local),No,40.01671111,-75.24266389,Non-Intersection,Daylight,Clear,Unknown,Unknown,Unknown EMS Scene Arrival Hour,Unknown EMS Scene Arrival Minutes,Unknown,Unknown EMS Hospital Arrival Time,1,Daylight,Clear,0,5,[],[],0,0,Valid,0.0,0.0,80.0,20.0,"['Male', 'Female']",0,0,3,4,5,Dry,Straight,Level,Lowest,No
28604,44,Rhode Island,440001,0,2,2,0,2,NORTH SMITHFIELD,January,9,Monday,11,30,Urban,High Speed (Arterial),Yes,42.00063611,-71.55626111,Non-Intersection,Daylight,Clear,11:00am-11:59am,34,11:00am-11:59am,39,12:00pm-12:59pm,13,1,Daylight,Clear,1,1,['Driver'],['Shoulder_Lapbelt'],0,0,Valid,0.0,0.0,84.0,33.0,"['Male', 'Male']",0,0,3,4,5,Dry,Straight,Non-Trafficway,Lowest,No
28605,44,Rhode Island,440002,1,2,2,0,3,WOONSOCKET,January,22,Sunday,20,0,Urban,Medium Speed (Collector),No,42.005,-71.4977,Non-Intersection,Dark - Not Lighted,Rain,8:00pm-8:59pm,12,8:00pm-8:59pm,15,8:00pm-8:59pm,33,1,Dark - Unlighted,Rain/Wind/Minor,0,3,[],[],0,0,Valid,0.0,0.0,62.0,31.0,"['Male', 'Male']",2,0,3,2,4,Wet/Standing Water,Straight,Grade/Hillcrest,Lowest,No
28606,44,Rhode Island,440003,0,1,1,0,1,WEST WARWICK,January,23,Monday,1,45,Urban,High Speed (Arterial),Yes,41.66663611,-71.50429444,Non-Intersection,Dark - Not Lighted,Rain,1:00am-1:59am,57,2:00am-2:59am,10,Not Applicable (Not Transported),Not Applicable (Not Transported),1,Dark - Unlighted,Rain/Wind/Minor,1,0,['Driver'],['Shoulder_Lapbelt'],0,0,Valid,0.0,0.0,25.0,25.0,['Female'],0,0,2,4,3,Wet/Standing Water,Straight,Level,Lowest,No
28607,44,Rhode Island,440004,1,1,1,0,1,SMITHFIELD,January,24,Tuesday,11,15,Urban,High Speed (Arterial),Yes,41.87159167,-71.53106111,Non-Intersection,Daylight,Clear,11:00am-11:59am,17,11:00am-11:59am,19,11:00am-11:59am,45,1,Daylight,Clear,0,1,[],[],0,0,Valid,0.0,0.0,75.0,75.0,['Male'],0,0,3,3,4,Dry,Straight,Level,Lowest,No
28608,44,Rhode Island,440005,0,2,2,0,2,LINCOLN,January,24,Tuesday,20,0,Urban,Medium Speed (Collector),No,41.97772222,-71.48808056,Non-Intersection,Dark - Lighted,Clear,6:00pm-6:59pm,49,7:00pm-7:59pm,1,7:00pm-7:59pm,26,1,Dark - Lighted,Clear,1,0,['Driver'],['Shoulder_Lapbelt'],0,0,Valid,0.0,0.0,51.0,16.0,"['Male', 'Male']",1,0,3,4,5,Dry,Straight,Grade/Hillcrest,Lowest,No
28609,44,Rhode Island,440006,0,1,1,0,1,JAMESTOWN,January,26,Thursday,17,18,Urban,Medium Speed (Collector),No,41.56988056,-71.3656,Non-Intersection,Dark - Not Lighted,Clear,5:00pm-5:59pm,17,5:00pm-5:59pm,26,6:00pm-6:59pm,8,1,Dark - Unlighted,Clear,1,0,['Driver'],['None_Used'],0,0,Valid,0.0,0.0,83.0,83.0,['Female'],0,0,2,4,3,Dry,Straight,Level,Lowest,Yes
28610,44,Rhode Island,440007,0,3,1,2,1,CRANSTON,February,1,Wednesday,21,0,Urban,Medium Speed (Collector),No,41.793525,-71.45775,Non-Intersection,Dark - Lighted,Clear,9:00pm-9:59pm,2,9:00pm-9:59pm,9,Not Applicable (Not Transported),Not Applicable (Not Transported),1,Dark - Lighted,Clear,1,0,['Driver'],['None_Used'],1,1,Valid,0.0,0.0,71.0,71.0,['Male'],0,0,3,4,3,Dry,Straight,Level,Medium,No
28611,44,Rhode Island,440008,0,2,2,0,3,ANTHONY,February,7,Tuesday,13,44,Urban,Medium Speed (Collector),No,41.70366389,-71.54041667,Simple Junction,Daylight,Clear,1:00pm-1:59pm,44,1:00pm-1:59pm,49,2:00pm-2:59pm,12,1,Daylight,Clear,1,2,['Driver'],['None_Used'],0,0,Valid,1.0,0.0,49.0,24.0,"['Female', 'Male']",1,0,5,4,5,Dry,Straight,Level,Lowest,No
28612,44,Rhode Island,440009,0,1,1,0,1,FISHERVILLE,February,8,Wednesday,6,59,Rural,High Speed (Arterial),Yes,41.59019444,-71.63776111,Non-Intersection,Daylight,Clear,7:00am-7:59am,0,7:00am-7:59am,7,7:00am-7:59am,35,1,Daylight,Clear,1,0,['Driver'],['None_Used'],0,0,Valid,1.0,1.0,56.0,56.0,['Male'],1,0,3,4,3,Icy/Snowy,Straight,Grade/Hillcrest,Lowest,No
28613,44,Rhode Island,440010,0,1,1,0,2,PROVIDENCE,February,11,Saturday,19,30,Urban,High Speed (Arterial),Yes,41.82134444,-71.47263333,Non-Intersection,Dark - Lighted,Clear,7:00pm-7:59pm,37,7:00pm-7:59pm,38,7:00pm-7:59pm,54,1,Dark - Lighted,Clear,1,1,['Driver'],['None_Used'],1,1,Invalid,1.0,0.0,49.0,49.0,['Male'],2,0,2,4,3,Dry,Curve,Grade/Hillcrest,Lowest,No
28614,44,Rhode Island,440011,0,1,1,0,2,PROVIDENCE,February,12,Sunday,4,45,Urban,High Speed (Arterial),Yes,41.81724444,-71.415075,Simple Junction,Dark - Lighted,Clear,4:00am-4:59am,43,4:00am-4:59am,46,Not Applicable (Not Transported),Not Applicable (Not Transported),2,Dark - Lighted,Clear,2,0,"['Driver', 'Front_Passenger']","['None_Used', 'None_Used']",1,1,Valid,0.0,0.0,27.0,27.0,['Male'],2,0,3,4,3,Dry,Straight,Grade/Hillcrest,Lowest,No
28615,44,Rhode Island,440012,0,2,2,0,2,CUMBERLAND HILL (CUMBERLAND),February,13,Monday,12,30,Urban,High Speed (Arterial),Yes,42.00896111,-71.42846389,Non-Intersection,Daylight,Clear,12:00pm-12:59pm,26,12:00pm-12:59pm,30,Not Applicable (Not Transported),Not Applicable (Not Transported),2,Daylight,Clear,2,0,"['Driver', 'Driver']","['None_Used', 'Shoulder_Lapbelt']",1,1,Valid,1.0,0.0,57.0,25.0,"['Female', 'Female']",1,0,3,4,5,Dry,Curve,Grade/Hillcrest,Lowest,No
28616,44,Rhode Island,440013,1,1,1,0,1,PROVIDENCE,February,14,Tuesday,22,0,Urban,High Speed (Arterial),Yes,41.83870556,-71.40918611,Non-Intersection,Dark - Not Lighted,Clear,9:00pm-9:59pm,54,9:00pm-9:59pm,56,10:00pm-10:59pm,5,1,Dark - Unlighted,Clear,0,0,[],[],0,0,Valid,1.0,0.0,34.0,34.0,['Female'],0,0,1,0,4,Dry,Straight,Level,Lowest,No
28617,44,Rhode Island,440014,1,1,1,0,1,WESTERLY,February,16,Thursday,23,10,Rural,Medium Speed (Collector),No,41.38309167,-71.82145278,Non-Intersection,Dark - Lighted,Clear,11:00pm-11:59pm,9,11:00pm-11:59pm,11,11:00pm-11:59pm,22,1,Dark - Lighted,Clear,0,1,[],[],1,1,Valid,0.0,0.0,36.0,36.0,['Male'],0,0,2,4,4,Wet/Standing Water,Straight,Grade/Hillcrest,Lowest,No
28618,44,Rhode Island,440015,0,1,1,0,1,JOHNSTON,January,25,Wednesday,9,0,Urban,High Speed (Arterial),Yes,41.78766667,-71.50588056,Non-Intersection,Daylight,Clear,8:00am-8:59am,57,9:00am-9:59am,3,9:00am-9:59am,20,1,Daylight,Clear,1,0,['Driver'],['None_Used'],0,0,Valid,0.0,0.0,81.0,81.0,['Male'],0,0,2,4,2,Dry,Straight,Level,Lowest,No
28619,44,Rhode Island,440016,0,2,2,0,2,EAST GREENWICH,February,20,Monday,11,45,Urban,High Speed (Arterial),Yes,41.64829444,-71.46008333,Non-Intersection,Daylight,Clear,11:00am-11:59am,14,11:00am-11:59am,18,11:00am-11:59am,40,1,Daylight,Clear,1,1,['Driver'],['None_Used'],0,0,Valid,0.0,0.0,92.0,39.0,"['Male', 'Male']",0,0,3,4,5,Dry,Straight,Level,Medium,No
28620,44,Rhode Island,440017,0,2,2,0,6,CUMBERLAND HILL,February,20,Monday,19,20,Urban,High Speed (Arterial),Yes,41.97368889,-71.45507778,Non-Intersection,Dark - Lighted,Clear,7:00pm-7:59pm,18,7:00pm-7:59pm,26,8:00pm-8:59pm,8,1,Dark - Lighted,Clear,1,5,['Rear_Seat'],['Shoulder_Lapbelt'],0,0,Valid,0.0,1.0,55.0,45.0,"['Male', 'Male']",0,0,3,4,5,Dry,Straight,Level,Medium,No
28621,44,Rhode Island,440018,0,1,1,0,1,RICHMOND,February,26,Sunday,14,30,Rural,High Speed (Arterial),Yes,41.46674722,-71.62021667,Non-Intersection,Daylight,Cloudy,2:00pm-2:59pm,38,2:00pm-2:59pm,47,3:00pm-3:59pm,42,1,Daylight,Reduced Visibility,1,0,['Driver'],['Shoulder_Lapbelt'],0,0,Valid,1.0,0.0,92.0,92.0,['Male'],0,0,2,4,3,Dry,Curve,Grade/Hillcrest,Lowest,No
28622,44,Rhode Island,440019,0,2,2,0,2,LINCOLN,March,8,Wednesday,22,34,Urban,High Speed (Arterial),Yes,41.90373889,-71.44767778,Non-Intersection,Dark - Lighted,Clear,10:00pm-10:59pm,44,10:00pm-10:59pm,54,11:00pm-11:59pm,27,1,Dark - Lighted,Clear,1,1,['Driver'],['Shoulder_Lapbelt'],0,0,Valid,1.0,1.0,82.0,44.0,"['Female', 'Male']",0,0,3,4,3,Dry,Straight,Level,Lowest,No
28623,44,Rhode Island,440020,0,2,2,0,3,CRANSTON,March,22,Wednesday,20,13,Urban,High Speed (Arterial),Yes,41.78065,-71.40082778,Complex/Circle,Dark - Lighted,Clear,8:00pm-8:59pm,15,8:00pm-8:59pm,19,8:00pm-8:59pm,38,2,Dark - Lighted,Clear,2,1,"['Driver', 'Rear_Seat']","['None_Used', 'None_Used']",0,0,Valid,2.0,4.0,30.0,21.0,"['Female', 'Male']",2,0,5,4,5,Dry,Straight,Level,Lowest,Yes
28624,44,Rhode Island,440021,0,1,1,0,1,PORTSMOUTH,April,2,Sunday,10,56,Urban,Medium Speed (Collector),No,77.7777,777.7777,Non-Intersection,Daylight,Clear,11:00am-11:59am,3,11:00am-11:59am,9,11:00am-11:59am,53,1,Daylight,Clear,1,0,['Driver'],['None_Used'],0,0,Valid,1.0,0.0,70.0,70.0,['Female'],1,0,2,4,3,Dry,Straight,Level,Lowest,No
28625,44,Rhode Island,440022,0,1,1,0,1,PAWTUCKET,April,15,Saturday,0,1,Urban,Medium Speed (Collector),No,41.87798333,-71.39063889,Simple Junction,Dark - Lighted,Clear,0:00am-0:59am,12,0:00am-0:59am,16,0:00am-0:59am,41,1,Dark - Lighted,Clear,1,0,['Driver'],['None_Used'],0,0,Invalid,0.0,0.0,58.0,58.0,['Male'],1,0,5,4,2,Dry,Straight,Level,Lowest,No
28626,44,Rhode Island,440023,0,1,1,0,1,WARWICK,April,22,Saturday,3,31,Urban,High Speed (Arterial),Yes,41.70915278,-71.39787778,Simple Junction,Dark - Lighted,Clear,3:00am-3:59am,40,3:00am-3:59am,44,4:00am-4:59am,15,1,Dark - Lighted,Clear,1,0,['Driver'],['None_Used'],1,1,Invalid,0.0,0.0,31.0,31.0,['Male'],1,0,5,4,2,Dry,Straight,Level,Lowest,No
28627,44,Rhode Island,440024,0,2,2,0,3,JOHNSTON,April,23,Sunday,22,30,Urban,High Speed (Arterial),Yes,41.834725,-71.56455,Non-Intersection,Dark - Lighted,Clear,10:00pm-10:59pm,42,10:00pm-10:59pm,42,11:00pm-11:59pm,28,1,Dark - Lighted,Clear,1,2,['Driver'],['None_Used'],1,1,Invalid,0.0,0.0,57.0,37.0,"['Male', 'Male']",0,0,4,4,5,Dry,Straight,Non-Trafficway,Lowest,No
28628,44,Rhode Island,440025,0,2,2,0,3,WOONSOCKET,April,21,Friday,23,29,Urban,Medium Speed (Collector),No,41.99648333,-71.52257778,Simple Junction,Dark - Lighted,Clear,11:00pm-11:59pm,30,11:00pm-11:59pm,37,0:00am-0:59am,10,1,Dark - Lighted,Clear,1,1,['Front_Passenger'],['None_Used'],1,1,Valid,0.0,0.0,55.0,22.0,"['Male', 'Male']",1,0,3,4,5,Dry,Straight,Level,Lowest,No
28629,44,Rhode Island,440026,0,1,1,0,1,EAST PROVIDENCE,April,30,Sunday,2,24,Urban,High Speed (Arterial),Yes,41.8123,-71.35787222,Non-Intersection,Dark - Lighted,Rain,2:00am-2:59am,25,2:00am-2:59am,39,2:00am-2:59am,54,1,Dark - Lighted,Rain/Wind/Minor,1,0,['Driver'],['None_Used'],1,1,Invalid,0.0,0.0,18.0,18.0,['Male'],0,0,2,4,2,Wet/Standing Water,Straight,Level,Lowest,No
28630,44,Rhode Island,440027,0,1,1,0,1,WARWICK,February,23,Thursday,13,6,Urban,Medium Speed (Collector),No,41.73715833,-71.43988611,Non-Intersection,Daylight,Cloudy,1:00pm-1:59pm,8,1:00pm-1:59pm,16,1:00pm-1:59pm,40,1,Daylight,Reduced Visibility,1,0,['Driver'],['None_Used'],0,0,Valid,0.0,0.0,81.0,81.0,['Male'],0,0,1,4,3,Dry,Straight,Level,Medium,No
28631,44,Rhode Island,440029,0,1,1,0,1,PORTSMOUTH,May,22,Monday,19,21,Urban,Low Speed (Local),No,41.52039167,-71.23322222,Non-Intersection,Daylight,Clear,7:00pm-7:59pm,16,7:00pm-7:59pm,25,7:00pm-7:59pm,50,1,Daylight,Clear,1,0,['Driver'],['None_Used'],0,0,Valid,0.0,0.0,69.0,69.0,['Female'],0,0,2,4,3,Dry,Straight,Level,Lowest,No
28632,44,Rhode Island,440030,0,2,2,0,3,SCITUATE,May,27,Saturday,19,0,Rural,Medium Speed (Collector),No,41.74590278,-71.60098611,Non-Intersection,Daylight,Clear,2:00pm-2:59pm,24,2:00pm-2:59pm,32,3:00pm-3:59pm,24,1,Daylight,Clear,1,2,['Driver'],['None_Used'],1,1,Valid,0.0,0.0,47.0,32.0,"['Male', 'Male']",0,0,5,4,5,Dry,Curve,Level,Lowest,No
28633,44,Rhode Island,440031,0,1,1,0,1,RICHMOND,June,3,Saturday,16,50,Rural,Medium Speed (Collector),No,41.54042778,-71.67710833,Non-Intersection,Daylight,Cloudy,4:00pm-4:59pm,51,4:00pm-4:59pm,57,5:00pm-5:59pm,49,1,Daylight,Reduced Visibility,1,0,['Driver'],['Shoulder_Lapbelt'],0,0,Valid,0.0,0.0,78.0,78.0,['Male'],0,0,3,4,3,Dry,Curve,Grade/Hillcrest,Lowest,No
28634,44,Rhode Island,440032,0,1,1,0,1,NORTH PROVIDENCE,June,8,Thursday,17,23,Urban,High Speed (Arterial),Yes,41.86870833,-71.43076944,Non-Intersection,Daylight,Clear,5:00pm-5:59pm,20,5:00pm-5:59pm,26,5:00pm-5:59pm,47,1,Daylight,Clear,1,0,['Driver'],['None_Used'],0,0,Valid,2.0,0.0,40.0,40.0,['Male'],0,0,5,4,2,Dry,Straight,Level,Lowest,No
28635,44,Rhode Island,440033,0,2,2,0,3,CRANSTON,June,19,Monday,20,49,Rural,Medium Speed (Collector),No,41.76686944,-71.54418889,Non-Intersection,Dark - Not Lighted,Clear,8:00pm-8:59pm,51,9:00pm-9:59pm,1,9:00pm-9:59pm,38,1,Dark - Unlighted,Clear,1,2,['Driver'],['Shoulder_Lapbelt'],0,0,Valid,0.0,0.0,61.0,38.0,"['Male', 'Male']",0,0,3,4,5,Dry,Straight,Level,Medium,No
28636,44,Rhode Island,440034,0,2,2,0,2,WARWICK,June,22,Thursday,7,30,Urban,High Speed (Arterial),Yes,41.71433611,-71.37805556,Complex/Circle,Daylight,Clear,7:00am-7:59am,23,7:00am-7:59am,30,7:00am-7:59am,53,1,Daylight,Clear,1,1,['Driver'],['None_Used'],0,0,Valid,0.0,1.0,61.0,22.0,"['Male', 'Male']",0,0,5,4,5,Dry,Straight,Level,Lowest,No
28637,44,Rhode Island,440035,0,1,1,0,1,WEST WARWICK,June,29,Thursday,23,0,Urban,Medium Speed (Collector),No,41.67349167,-71.53017778,Simple Junction,Dark - Lighted,Clear,10:00pm-10:59pm,26,10:00pm-10:59pm,27,11:00pm-11:59pm,0,1,Dark - Lighted,Clear,1,0,['Driver'],['None_Used'],0,0,Invalid,1.0,0.0,54.0,54.0,['Male'],1,0,5,4,3,Dry,Curve,Grade/Hillcrest,Lowest,No
28638,44,Rhode Island,440036,0,1,1,0,1,WOONSOCKET,July,2,Sunday,2,41,Urban,High Speed (Arterial),Yes,42.00234167,-71.509,Simple Junction,Dark - Lighted,Clear,2:00am-2:59am,41,2:00am-2:59am,45,2:00am-2:59am,58,1,Dark - Lighted,Clear,1,0,['Driver'],['None_Used'],1,1,Valid,1.0,0.0,29.0,29.0,['Male'],1,0,5,4,3,Dry,Straight,Level,Lowest,No
28639,44,Rhode Island,440037,0,2,2,0,2,CRANSTON,July,17,Monday,14,10,Urban,High Speed (Arterial),Yes,41.77842778,-71.46996667,Complex/Circle,Daylight,Clear,2:00pm-2:59pm,18,2:00pm-2:59pm,32,2:00pm-2:59pm,50,1,Daylight,Clear,1,1,['Driver'],['None_Used'],0,0,Valid,0.0,0.0,90.0,56.0,"['Male', 'Male']",1,0,3,4,5,Dry,Straight,Grade/Hillcrest,Lowest,No
28640,44,Rhode Island,440038,0,1,1,0,1,EAST PROVIDENCE,July,29,Saturday,22,45,Urban,High Speed (Arterial),Yes,41.83406111,-71.34825833,Simple Junction,Dark - Lighted,Rain,10:00pm-10:59pm,47,10:00pm-10:59pm,52,11:00pm-11:59pm,11,1,Dark - Lighted,Rain/Wind/Minor,1,0,['Driver'],['Shoulder_Lapbelt'],1,1,Valid,1.0,0.0,33.0,33.0,['Female'],0,0,2,4,3,Wet/Standing Water,Curve,Level,Lowest,No
28641,44,Rhode Island,440039,3,1,1,0,1,SMITHFIELD,June,7,Wednesday,14,53,Rural,Low Speed (Local),No,41.87145556,-71.52878889,Non-Intersection,Daylight,Clear,2:00pm-2:59pm,58,3:00pm-3:59pm,8,3:00pm-3:59pm,44,1,Daylight,Clear,0,1,[],[],0,0,Valid,2.0,0.0,69.0,69.0,['Male'],1,0,2,4,3,Dry,Straight,Level,Lowest,No
28642,44,Rhode Island,440040,0,1,1,0,1,PAWTUCKET,August,4,Friday,16,45,Urban,High Speed (Arterial),Yes,41.87561667,-71.37984722,Non-Intersection,Daylight,Clear,4:00pm-4:59pm,44,4:00pm-4:59pm,52,Not Applicable (Not Transported),Not Applicable (Not Transported),1,Daylight,Clear,1,0,['Driver'],['None_Used'],0,0,Invalid,1.0,0.0,37.0,37.0,['Male'],0,0,5,4,3,Dry,Curve,Level,Lowest,No
28643,44,Rhode Island,440041,0,2,2,0,3,HARRISVILLE,July,31,Monday,18,10,Urban,High Speed (Arterial),Yes,41.94308056,-71.65922778,Complex/Circle,Daylight,Clear,6:00pm-6:59pm,10,6:00pm-6:59pm,35,7:00pm-7:59pm,30,1,Daylight,Clear,1,2,['Driver'],['None_Used'],0,0,Valid,0.0,1.0,72.0,19.0,"['Male', 'Male']",1,0,5,4,5,Dry,Straight,Level,Lowest,No
28644,44,Rhode Island,440042,0,2,2,0,2,PROVIDENCE,July,30,Sunday,3,0,Urban,Medium Speed (Collector),No,41.81255,-71.42970556,Complex/Circle,Dark - Lighted,Cloudy,3:00am-3:59am,1,3:00am-3:59am,6,3:00am-3:59am,22,1,Dark - Lighted,Reduced Visibility,1,1,['Driver'],['None_Used'],1,1,Invalid,1.0,0.0,31.0,23.0,"['Male', 'Male']",1,0,3,4,5,Dry,Straight,Level,Lowest,No
28645,44,Rhode Island,440043,0,1,1,0,1,PAWTUCKET,August,1,Tuesday,5,24,Urban,High Speed (Arterial),Yes,41.86678056,-71.40203333,Non-Intersection,Dawn,Clear,5:00am-5:59am,23,5:00am-5:59am,31,5:00am-5:59am,59,1,Twilight,Clear,1,0,['Driver'],['Shoulder_Lapbelt'],0,0,Valid,0.0,1.0,53.0,53.0,['Male'],0,0,3,4,3,Dry,Straight,Level,Medium,No
28646,44,Rhode Island,440044,0,1,1,0,1,WESTERLY,August,4,Friday,23,57,Rural,Low Speed (Local),No,41.39278056,-71.7485,Non-Intersection,Dark - Not Lighted,Clear,11:00pm-11:59pm,55,0:00am-0:59am,4,0:00am-0:59am,58,1,Dark - Unlighted,Clear,1,0,['Driver'],['None_Used'],0,0,Valid,0.0,1.0,50.0,50.0,['Male'],0,0,5,4,3,Dry,Curve,Level,Lowest,No
28647,44,Rhode Island,440045,0,2,2,0,3,EAST PROVIDENCE,August,18,Friday,19,51,Urban,High Speed (Arterial),Yes,41.84660556,-71.35323333,Complex/Circle,Dusk,Clear,7:00pm-7:59pm,51,7:00pm-7:59pm,56,8:00pm-8:59pm,27,1,Twilight,Clear,1,2,['Front_Passenger'],['Shoulder_Lapbelt'],0,0,Valid,0.0,0.0,27.0,22.0,"['Male', 'Male']",2,0,2,4,5,Dry,Curve,Level,Lowest,No
28648,44,Rhode Island,440046,0,2,2,0,2,QUIDNESSETT,August,9,Wednesday,23,30,Urban,High Speed (Arterial),Yes,41.59628056,-71.43920833,Simple Junction,Dark - Lighted,Clear,11:00pm-11:59pm,56,0:00am-0:59am,1,0:00am-0:59am,27,1,Dark - Lighted,Clear,1,1,['Driver'],['Shoulder_Lapbelt'],0,0,Valid,1.0,0.0,41.0,18.0,"['Male', 'Male']",1,0,4,4,5,Dry,Straight,Level,Lowest,No
28649,44,Rhode Island,440048,0,1,1,0,1,SOUTH KINGSTOWN,May,8,Monday,11,30,Rural,High Speed (Arterial),Yes,41.39418889,-71.61156944,Non-Intersection,Daylight,Clear,Unknown,Unknown,Unknown EMS Scene Arrival Hour,Unknown EMS Scene Arrival Minutes,Unknown,Unknown EMS Hospital Arrival Time,1,Daylight,Clear,1,0,['Driver'],['None_Used'],0,0,Valid,0.0,0.0,79.0,79.0,['Male'],0,0,3,4,3,Dry,Straight,Level,Lowest,No
28650,44,Rhode Island,440049,1,1,1,0,1,WOONSOCKET,August,28,Monday,10,0,Urban,Medium Speed (Collector),No,41.99968889,-71.51623889,Simple Junction,Daylight,Clear,10:00am-10:59am,1,10:00am-10:59am,2,10:00am-10:59am,40,1,Daylight,Clear,0,1,[],[],0,0,Valid,1.0,0.0,31.0,31.0,['Female'],0,0,3,1,4,Dry,Straight,Level,Lowest,No
28651,44,Rhode Island,440050,0,1,1,0,1,BARRINGTON,August,31,Thursday,22,10,Urban,Medium Speed (Collector),No,41.76623056,-71.29526944,Non-Intersection,Dark - Lighted,Clear,10:00pm-10:59pm,14,10:00pm-10:59pm,24,10:00pm-10:59pm,57,1,Dark - Lighted,Clear,1,0,['Driver'],['None_Used'],1,1,Valid,0.0,0.0,34.0,34.0,['Male'],1,0,5,4,3,Dry,Straight,Level,Lowest,No
28652,44,Rhode Island,440051,0,1,1,0,1,JOHNSTON,September,2,Saturday,10,55,Urban,High Speed (Arterial),Yes,41.86043889,-71.53036389,Non-Intersection,Daylight,Clear,10:00am-10:59am,55,11:00am-11:59am,0,11:00am-11:59am,27,1,Daylight,Clear,1,0,['Driver'],['Shoulder_Lapbelt'],0,0,Valid,0.0,0.0,93.0,93.0,['Male'],0,0,3,4,3,Dry,Straight,Level,Medium,No