,State_Code,State_Name,Crash_ID,Count_Non_Motorists,Count_Vehicles_Total,Count_Vehicle_Forms,Count_PVH_Involved,Count_Occupants_MV,City_Name,Month_Name,Day_of_Month,Day_of_Week,Crash_Hour,Crash_Minute,Area_Rural_Urban,Road_Functional_Class,On_NHS_Road,Latitude,Longitude,Intersection_Type,Light_Condition,Weather_Condition,Notif_Hour,Notif_Minute,Arrival_Hour,Arrival_Minute,Hospital_Hour,Hospital_Minute,Fatalities_Count,Clean_Light_Condition,Clean_Weather_Condition,Total_Killed,Total_Alive,Fatal_Seats_List,Killed_Restraint_List,Any_Driver_Drinking,Total_Drinking_Drivers,Driver_License_Category,Driver_Max_Prev_Accident_Count,Driver_Max_Prev_Speeding_Count,Max_Driver_Age,Min_Driver_Age,Driver_Sex_List,Total_Exceeding_Limit_Vehicles,Total_Too_Fast_Vehicles,Max_Vehicle_Type_Severity_5,Max_Vehicle_Damage_Rank,Max_Harmful_Event_Severity,Crash_Road_Surface_Condition,Crash_Horizontal_Alignment,Crash_Vertical_Profile,Crash_Impairment_Category,Crash_Vehicle_Defect
28653,44,Rhode Island,440052,0,1,1,0,1,CRANSTON,September,7,Thursday,15,50,Urban,Medium Speed (Collector),No,41.79928611,-71.4416,Non-Intersection,Daylight,Clear,3:00pm-3:59pm,50,3:00pm-3:59pm,58,4:00pm-4:59pm,35,1,Daylight,Clear,1,0,['Driver'],['Shoulder_Lapbelt'],0,0,Valid,0.0,0.0,79.0,79.0,['Male'],0,0,3,4,3,Dry,Straight,Level,Lowest,Yes
28654,44,Rhode Island,440053,0,1,1,0,1,EAST PROVIDENCE,September,10,Sunday,4,30,Urban,Medium Speed (Collector),No,41.80918889,-71.38701111,Non-Intersection,Dark - Lighted,Clear,4:00am-4:59am,51,4:00am-4:59am,57,Not Applicable (Not Transported),Not Applicable (Not Transported),1,Dark - Lighted,Clear,1,0,['Driver'],['Shoulder_Lapbelt'],1,1,Valid,0.0,0.0,28.0,28.0,['Male'],0,0,2,4,3,Dry,Curve,Level,Lowest,No
28655,44,Rhode Island,440054,0,1,1,0,3,CRANSTON,September,10,Sunday,6,17,Urban,High Speed (Arterial),Yes,41.79775556,-71.44096111,Non-Intersection,Daylight,Clear,6:00am-6:59am,17,6:00am-6:59am,20,6:00am-6:59am,54,1,Daylight,Clear,1,2,['Driver'],['None_Used'],1,1,Valid,0.0,0.0,20.0,20.0,['Male'],3,0,2,4,3,Dry,Straight,Level,Lowest,No
28656,44,Rhode Island,440055,0,3,3,0,3,PAWTUCKET,September,17,Sunday,18,10,Urban,Medium Speed (Collector),No,41.88548611,-71.34645,Simple Junction,Daylight,Clear,6:00pm-6:59pm,12,6:00pm-6:59pm,16,6:00pm-6:59pm,40,1,Daylight,Clear,1,1,['Driver'],['None_Used'],0,0,Valid,0.0,3.0,54.0,21.0,"['Female', 'Male', 'Male']",2,0,5,4,5,Dry,Straight,Level,Lowest,No
28657,44,Rhode Island,440056,1,1,1,0,1,PROVIDENCE,October,4,Wednesday,6,15,Urban,High Speed (Arterial),Yes,41.83980833,-71.40879444,Non-Intersection,Dawn,Clear,6:00am-6:59am,17,6:00am-6:59am,23,7:00am-7:59am,10,1,Twilight,Clear,0,0,[],[],0,0,Valid,0.0,0.0,27.0,27.0,['Female'],0,0,2,3,4,Dry,Straight,Level,Lowest,No
28658,44,Rhode Island,440058,1,1,1,0,1,NEWPORT,October,11,Wednesday,8,0,Urban,High Speed (Arterial),Yes,41.50759444,-71.307825,Complex/Circle,Daylight,Clear,7:00am-7:59am,52,7:00am-7:59am,56,8:00am-8:59am,13,1,Daylight,Clear,0,1,[],[],0,0,Valid,0.0,0.0,53.0,53.0,['Male'],0,0,4,2,4,Dry,Straight,Grade/Hillcrest,Lowest,No
28659,44,Rhode Island,440059,1,1,1,0,1,PROVIDENCE,October,11,Wednesday,9,13,Urban,High Speed (Arterial),Yes,41.83836944,-71.4149,Non-Intersection,Daylight,Clear,9:00am-9:59am,14,9:00am-9:59am,18,9:00am-9:59am,40,1,Daylight,Clear,0,1,[],[],0,0,Valid,0.0,0.0,30.0,30.0,['Female'],0,0,3,2,4,Dry,Straight,Level,Lowest,No
28660,44,Rhode Island,440060,0,1,1,0,2,HARRISVILLE,October,13,Friday,15,30,Rural,Medium Speed (Collector),No,41.94781667,-71.68249167,Non-Intersection,Daylight,Clear,3:00pm-3:59pm,31,3:00pm-3:59pm,37,4:00pm-4:59pm,8,2,Daylight,Clear,2,0,"['Driver', 'Front_Passenger']","['Shoulder_Lapbelt', 'Shoulder_Lapbelt']",0,0,Valid,1.0,1.0,19.0,19.0,['Male'],2,0,2,4,3,Dry,Curve,Level,Lowest,No
28661,44,Rhode Island,440061,0,1,1,0,1,PAWTUCKET,October,18,Wednesday,1,30,Urban,Medium Speed (Collector),No,41.86690278,-71.38455278,Simple Junction,Dark - Lighted,Clear,1:00am-1:59am,19,1:00am-1:59am,25,Not Applicable (Not Transported),Not Applicable (Not Transported),1,Dark - Lighted,Clear,1,0,['Driver'],['None_Used'],1,1,Valid,0.0,0.0,65.0,65.0,['Male'],1,0,2,4,3,Dry,Straight,Level,Lowest,No
28662,44,Rhode Island,440062,2,1,1,0,1,NORTH SMITHFIELD,October,25,Wednesday,21,40,Urban,High Speed (Arterial),Yes,41.95859722,-71.49210556,Non-Intersection,Dark - Lighted,Clear,9:00pm-9:59pm,37,9:00pm-9:59pm,42,10:00pm-10:59pm,10,1,Dark - Lighted,Clear,0,1,[],[],1,1,Valid,1.0,2.0,25.0,25.0,['Male'],0,0,2,4,4,Dry,Straight,Level,Lowest,No
28663,44,Rhode Island,440063,0,3,1,2,3,PROVIDENCE,October,29,Sunday,3,41,Urban,Medium Speed (Collector),No,41.79311944,-71.43768333,Non-Intersection,Dark - Lighted,Clear,3:00am-3:59am,18,3:00am-3:59am,27,3:00am-3:59am,58,1,Dark - Lighted,Clear,1,2,['Front_Passenger'],['Shoulder_Lapbelt'],1,1,Valid,0.0,0.0,26.0,26.0,['Male'],3,0,2,4,5,Dry,Curve,Level,Lowest,No
28664,44,Rhode Island,440064,1,1,1,0,1,WOONSOCKET,November,2,Thursday,18,15,Urban,High Speed (Arterial),Yes,42.01554722,-71.49726111,Non-Intersection,Daylight,Clear,6:00pm-6:59pm,15,6:00pm-6:59pm,18,6:00pm-6:59pm,31,1,Daylight,Clear,0,1,[],[],0,0,Valid,0.0,0.0,30.0,30.0,['Male'],0,0,2,2,4,Dry,Straight,Level,Lowest,No
28665,44,Rhode Island,440065,1,1,1,0,1,PROVIDENCE,November,24,Friday,6,5,Urban,Medium Speed (Collector),No,41.82021111,-71.42761944,Non-Intersection,Dark - Lighted,Clear,6:00am-6:59am,12,6:00am-6:59am,17,7:00am-7:59am,30,1,Dark - Lighted,Clear,0,0,[],[],0,0,Invalid,0.0,0.0,999.0,999.0,['Other'],0,0,1,0,4,Dry,Straight,Level,Lowest,No
28666,44,Rhode Island,440066,1,2,2,0,2,PAWTUCKET,December,1,Friday,19,0,Urban,High Speed (Arterial),Yes,41.87684167,-71.37927222,Non-Intersection,Dark - Lighted,Clear,7:00pm-7:59pm,6,7:00pm-7:59pm,10,7:00pm-7:59pm,22,1,Dark - Lighted,Clear,0,2,[],[],0,0,Valid,0.0,0.0,33.0,20.0,"['Male', 'Male']",0,0,2,2,4,Dry,Straight,Level,Lowest,No
28667,44,Rhode Island,440067,0,1,1,0,1,CRANSTON,December,6,Wednesday,1,15,Urban,High Speed (Arterial),Yes,41.73401389,-71.47924167,Non-Intersection,Dark - Lighted,Clear,1:00am-1:59am,14,1:00am-1:59am,21,1:00am-1:59am,38,1,Dark - Lighted,Clear,1,0,['Driver'],['None_Used'],1,1,Invalid,0.0,0.0,40.0,40.0,['Male'],1,0,5,4,1,Dry,Curve,Grade/Hillcrest,Lowest,No
28668,44,Rhode Island,440068,0,1,1,0,2,EAST PROVIDENCE,December,10,Sunday,1,0,Urban,Medium Speed (Collector),No,41.79619444,-71.36929167,Non-Intersection,Dark - Not Lighted,"Fog, Smog, Smoke",1:00am-1:59am,7,1:00am-1:59am,17,1:00am-1:59am,29,1,Dark - Unlighted,Reduced Visibility,1,1,['Front_Passenger'],['None_Used'],1,1,Invalid,1.0,1.0,20.0,20.0,['Male'],2,0,2,4,3,Dry,Curve,Grade/Hillcrest,Lowest,No
28669,44,Rhode Island,440069,1,1,1,0,1,PROVIDENCE,December,31,Sunday,19,20,Urban,High Speed (Arterial),Yes,41.84677778,-71.40506111,Simple Junction,Dark - Lighted,Clear,7:00pm-7:59pm,21,7:00pm-7:59pm,28,7:00pm-7:59pm,42,1,Dark - Lighted,Clear,0,0,[],[],0,0,Invalid,0.0,0.0,999.0,999.0,['Other'],0,0,1,0,4,Dry,Straight,Level,Lowest,No
28670,44,Rhode Island,440070,0,1,1,0,2,EAST PROVIDENCE,December,23,Saturday,14,10,Urban,Medium Speed (Collector),No,41.76557222,-71.36111389,Non-Intersection,Daylight,Clear,1:00pm-1:59pm,49,1:00pm-1:59pm,54,2:00pm-2:59pm,25,1,Daylight,Clear,1,1,['Driver'],['Shoulder_Lapbelt'],0,0,Valid,0.0,0.0,78.0,78.0,['Male'],0,0,3,4,3,Dry,Straight,Level,Medium,No
28671,45,South Carolina,450001,1,1,1,0,1,NOT APPLICABLE,January,1,Sunday,0,30,Urban,Low Speed (Local),No,32.43453333,-80.72544444,Non-Intersection,Dark - Not Lighted,"Fog, Smog, Smoke",Unknown,Unknown if Notified,Unknown EMS Scene Arrival Hour,Unknown if Arrived,Not Applicable (Not Transported),Not Applicable (Not Transported),1,Dark - Unlighted,Reduced Visibility,0,1,[],[],0,0,Valid,0.0,0.0,57.0,57.0,['Female'],0,0,3,1,4,Wet/Standing Water,Straight,Level,Lowest,No
28672,45,South Carolina,450002,0,1,1,0,1,NOT APPLICABLE,January,1,Sunday,11,25,Rural,Low Speed (Local),No,33.59522778,-81.64554167,Non-Intersection,Daylight,Clear,Unknown,Unknown,Unknown EMS Scene Arrival Hour,Unknown EMS Scene Arrival Minutes,Unknown,Unknown EMS Hospital Arrival Time,1,Daylight,Clear,1,0,['Driver'],['None_Used'],0,0,Valid,0.0,1.0,71.0,71.0,['Male'],1,0,3,4,2,Dry,Straight,Level,Lowest,No
28673,45,South Carolina,450003,0,1,1,0,1,NOT APPLICABLE,January,1,Sunday,12,0,Urban,Medium Speed (Collector),No,33.04451944,-80.09301944,Non-Intersection,Daylight,Clear,Unknown,Unknown if Notified,Unknown EMS Scene Arrival Hour,Unknown if Arrived,Not Applicable (Not Transported),Not Applicable (Not Transported),1,Daylight,Clear,1,0,['Driver'],['None_Used'],0,0,Valid,1.0,0.0,92.0,92.0,['Male'],0,0,2,4,3,Dry,Curve,Level,Lowest,No
28674,45,South Carolina,450004,0,2,2,0,3,NOT APPLICABLE,January,1,Sunday,12,2,Rural,High Speed (Arterial),Yes,33.90235278,-80.24945278,Non-Intersection,Daylight,Clear,Unknown,Unknown,Unknown EMS Scene Arrival Hour,Unknown EMS Scene Arrival Minutes,Unknown,Unknown EMS Hospital Arrival Time,1,Daylight,Clear,1,2,['Front_Passenger'],['Shoulder_Lapbelt'],0,0,Invalid,3.0,1.0,41.0,33.0,"['Male', 'Male']",1,0,3,4,5,Dry,Straight,Level,Lowest,No
28675,45,South Carolina,450005,0,2,2,0,2,NOT APPLICABLE,January,2,Monday,22,45,Urban,Medium Speed (Collector),No,33.83948611,-81.15480556,Non-Intersection,Dark - Not Lighted,Clear,Unknown,Unknown,Unknown EMS Scene Arrival Hour,Unknown EMS Scene Arrival Minutes,Unknown,Unknown EMS Hospital Arrival Time,1,Dark - Unlighted,Clear,1,1,['Driver'],['None_Used'],0,0,Invalid,2.0,3.0,37.0,36.0,"['Male', 'Male']",1,0,5,4,5,Dry,Straight,Level,Lowest,No
28676,45,South Carolina,450006,1,1,1,0,6,NOT APPLICABLE,January,2,Monday,5,5,Rural,High Speed (Arterial),Yes,34.68167222,-83.009175,Non-Intersection,Dark - Not Lighted,Cloudy,Unknown,Unknown,Unknown EMS Scene Arrival Hour,Unknown EMS Scene Arrival Minutes,Unknown,Unknown EMS Hospital Arrival Time,1,Dark - Unlighted,Reduced Visibility,0,6,[],[],0,0,Valid,0.0,1.0,24.0,24.0,['Female'],0,0,3,4,4,Wet/Standing Water,Straight,Level,Lowest,No
28677,45,South Carolina,450007,0,1,1,0,1,NOT APPLICABLE,January,3,Tuesday,13,57,Rural,Low Speed (Local),No,35.06625,-82.11634722,Non-Intersection,Daylight,Cloudy,Unknown,Unknown,Unknown EMS Scene Arrival Hour,Unknown EMS Scene Arrival Minutes,Unknown,Unknown EMS Hospital Arrival Time,1,Daylight,Reduced Visibility,1,0,['Driver'],['Shoulder_Lapbelt'],0,0,Valid,1.0,0.0,18.0,18.0,['Female'],1,0,2,4,3,Wet/Standing Water,Curve,Level,Lowest,No
28678,45,South Carolina,450008,0,2,2,0,2,NOT APPLICABLE,January,3,Tuesday,17,35,Rural,Medium Speed (Collector),No,33.85624444,-78.75803056,Simple Junction,Daylight,Clear,Unknown,Unknown,Unknown EMS Scene Arrival Hour,Unknown EMS Scene Arrival Minutes,Unknown,Unknown EMS Hospital Arrival Time,1,Daylight,Clear,1,1,['Driver'],['None_Used'],0,0,Valid,0.0,0.0,57.0,52.0,"['Male', 'Male']",0,0,5,3,5,Dry,Straight,Level,Lowest,No
28679,45,South Carolina,450009,0,2,2,0,6,NOT APPLICABLE,January,3,Tuesday,12,24,Urban,High Speed (Arterial),No,35.0074,-80.92485,Non-Intersection,Daylight,Clear,Unknown,Unknown,Unknown EMS Scene Arrival Hour,Unknown EMS Scene Arrival Minutes,Unknown,Unknown EMS Hospital Arrival Time,1,Daylight,Clear,1,5,['Driver'],['Shoulder_Lapbelt'],0,0,Valid,0.0,1.0,72.0,42.0,"['Female', 'Male']",0,0,3,4,5,Dry,Straight,Level,Medium,No
28680,45,South Carolina,450010,1,1,1,0,1,CHARLESTON,January,3,Tuesday,18,38,Urban,High Speed (Arterial),Yes,32.79353889,-79.93191111,Non-Intersection,Dark - Lighted,Clear,Unknown,Unknown,Unknown EMS Scene Arrival Hour,Unknown EMS Scene Arrival Minutes,Unknown,Unknown EMS Hospital Arrival Time,1,Dark - Lighted,Clear,0,1,[],[],0,0,Valid,0.0,0.0,17.0,17.0,['Female'],0,0,2,3,4,Dry,Straight,Level,Lowest,No
28681,45,South Carolina,450011,0,1,1,0,1,NOT APPLICABLE,January,4,Wednesday,18,1,Rural,High Speed (Arterial),Yes,33.74006944,-80.20796111,Non-Intersection,Dark - Not Lighted,Clear,Unknown,Unknown if Notified,Unknown EMS Scene Arrival Hour,Unknown if Arrived,Not Applicable (Not Transported),Not Applicable (Not Transported),1,Dark - Unlighted,Clear,1,0,['Driver'],['Shoulder_Lapbelt'],0,0,Valid,0.0,0.0,28.0,28.0,['Male'],1,0,2,4,3,Wet/Standing Water,Straight,Level,Lowest,No
28682,45,South Carolina,450012,1,1,1,0,1,COLUMBIA,January,4,Wednesday,23,11,Urban,Medium Speed (Collector),No,34.02971944,-81.03198889,Non-Intersection,Dark - Lighted,Clear,Unknown,Unknown,Unknown EMS Scene Arrival Hour,Unknown EMS Scene Arrival Minutes,Unknown,Unknown EMS Hospital Arrival Time,1,Dark - Lighted,Clear,0,1,[],[],0,0,Valid,3.0,3.0,23.0,23.0,['Female'],0,0,2,3,4,Dry,Straight,Level,Lowest,No
28683,45,South Carolina,450013,0,2,2,0,2,NOT APPLICABLE,January,4,Wednesday,21,26,Rural,High Speed (Arterial),Yes,34.18803333,-79.33332222,Non-Intersection,Dark - Not Lighted,Clear,Unknown,Unknown,Unknown EMS Scene Arrival Hour,Unknown EMS Scene Arrival Minutes,Unknown,Unknown EMS Hospital Arrival Time,1,Dark - Unlighted,Clear,1,1,['Driver'],['None_Used'],1,1,Valid,2.0,2.0,48.0,43.0,"['Female', 'Male']",1,0,3,4,5,Wet/Standing Water,Straight,Level,Lowest,No
28684,45,South Carolina,450014,0,1,1,0,1,NOT APPLICABLE,January,4,Wednesday,22,50,Rural,Medium Speed (Collector),No,34.67109444,-79.98388056,Non-Intersection,Dark - Not Lighted,"Fog, Smog, Smoke",Unknown,Unknown,Unknown EMS Scene Arrival Hour,Unknown EMS Scene Arrival Minutes,Unknown,Unknown EMS Hospital Arrival Time,1,Dark - Unlighted,Reduced Visibility,1,0,['Driver'],['None_Used'],0,0,Valid,0.0,0.0,64.0,64.0,['Male'],0,0,3,4,3,Dry,Straight,Level,Lowest,No
28685,45,South Carolina,450015,1,1,1,0,1,ROCK HILL,January,5,Thursday,19,10,Urban,High Speed (Arterial),No,34.97671944,-80.9931,Non-Intersection,Dark - Lighted,Clear,Unknown,Unknown,Unknown EMS Scene Arrival Hour,Unknown EMS Scene Arrival Minutes,Unknown,Unknown EMS Hospital Arrival Time,1,Dark - Lighted,Clear,0,1,[],[],0,0,Valid,0.0,0.0,50.0,50.0,['Female'],0,0,2,3,4,Dry,Straight,Level,Lowest,No
28686,45,South Carolina,450016,0,2,2,0,2,NOT APPLICABLE,January,5,Thursday,11,25,Urban,High Speed (Arterial),Yes,34.07316944,-81.00794167,Non-Intersection,Daylight,Clear,Unknown,Unknown if Notified,Unknown EMS Scene Arrival Hour,Unknown if Arrived,Not Applicable (Not Transported),Not Applicable (Not Transported),1,Daylight,Clear,1,1,['Driver'],['None_Used'],0,0,Valid,1.0,2.0,44.0,21.0,"['Male', 'Male']",1,0,3,4,5,Dry,Curve,Level,Lowest,No
28687,45,South Carolina,450017,0,2,2,0,3,NOT APPLICABLE,January,5,Thursday,20,57,Rural,High Speed (Arterial),Yes,34.44495833,-81.77105278,Non-Intersection,Dark - Not Lighted,Clear,Unknown,Unknown,Unknown EMS Scene Arrival Hour,Unknown EMS Scene Arrival Minutes,Unknown,Unknown EMS Hospital Arrival Time,1,Dark - Unlighted,Clear,1,2,['Front_Passenger'],['Shoulder_Lapbelt'],0,0,Valid,0.0,0.0,26.0,25.0,"['Female', 'Male']",0,0,3,4,5,Dry,Straight,Grade/Hillcrest,Lowest,No
28688,45,South Carolina,450018,1,1,1,0,1,NOT APPLICABLE,January,6,Friday,1,0,Urban,Medium Speed (Collector),No,35.03023611,-81.96788056,Non-Intersection,Dark - Not Lighted,Clear,Unknown,Unknown,Unknown EMS Scene Arrival Hour,Unknown EMS Scene Arrival Minutes,Unknown,Unknown EMS Hospital Arrival Time,1,Dark - Unlighted,Clear,0,1,[],[],0,0,Invalid,0.0,0.0,999.0,999.0,['Other'],0,0,1,0,4,Dry,Straight,Grade/Hillcrest,Lowest,No
28689,45,South Carolina,450019,0,2,2,0,2,NOT APPLICABLE,January,7,Saturday,10,55,Urban,High Speed (Arterial),Yes,34.47601667,-82.66860278,Non-Intersection,Daylight,Clear,Unknown,Unknown if Notified,Unknown EMS Scene Arrival Hour,Unknown if Arrived,Not Applicable (Not Transported),Not Applicable (Not Transported),1,Daylight,Clear,1,1,['Driver'],['Shoulder_Lapbelt'],0,0,Valid,8.0,1.0,54.0,51.0,"['Male', 'Male']",0,0,4,4,5,Dry,Straight,Level,Lowest,No
28690,45,South Carolina,450020,1,1,1,0,2,NORTH CHARLESTON,January,7,Saturday,5,46,Urban,Medium Speed (Collector),No,32.86568056,-80.02773889,Non-Intersection,Dark - Unknown Lighting,Clear,Unknown,Unknown,Unknown EMS Scene Arrival Hour,Unknown EMS Scene Arrival Minutes,Unknown,Unknown EMS Hospital Arrival Time,1,Dark - Unlighted,Clear,0,2,[],[],0,0,Valid,2.0,0.0,43.0,43.0,['Male'],0,0,3,4,4,Dry,Straight,Level,Lowest,No
28691,45,South Carolina,450021,0,1,1,0,1,NOT APPLICABLE,January,8,Sunday,4,0,Urban,Medium Speed (Collector),No,33.43321944,-81.71441111,Non-Intersection,Dark - Not Lighted,Clear,Unknown,Unknown if Notified,Unknown EMS Scene Arrival Hour,Unknown if Arrived,Not Applicable (Not Transported),Not Applicable (Not Transported),1,Dark - Unlighted,Clear,1,0,['Driver'],['None_Used'],1,1,Valid,0.0,0.0,31.0,31.0,['Male'],1,0,2,4,3,Dry,Straight,Level,Lowest,No
28692,45,South Carolina,450022,0,2,2,0,2,NOT APPLICABLE,January,8,Sunday,14,45,Rural,Low Speed (Local),No,32.29713889,-81.08783056,Non-Intersection,Daylight,Clear,Unknown,Unknown,Unknown EMS Scene Arrival Hour,Unknown EMS Scene Arrival Minutes,Unknown,Unknown EMS Hospital Arrival Time,1,Daylight,Clear,1,1,['Driver'],['None_Used'],0,0,Valid,0.0,7.0,29.0,23.0,"['Male', 'Male']",1,0,5,4,5,Dry,Straight,Level,Lowest,No
28693,45,South Carolina,450023,1,1,1,0,1,NOT APPLICABLE,January,8,Sunday,18,7,Urban,High Speed (Arterial),Yes,34.84728056,-82.44730833,Non-Intersection,Dark - Not Lighted,Clear,Unknown,Unknown if Notified,Unknown EMS Scene Arrival Hour,Unknown if Arrived,Not Applicable (Not Transported),Not Applicable (Not Transported),1,Dark - Unlighted,Clear,0,1,[],[],0,0,Valid,0.0,0.0,54.0,54.0,['Male'],0,0,3,3,4,Dry,Straight,Level,Lowest,No
28694,45,South Carolina,450024,0,2,2,0,2,NOT APPLICABLE,January,9,Monday,17,20,Rural,Medium Speed (Collector),No,33.09085,-79.80493889,Non-Intersection,Dark - Not Lighted,Clear,Unknown,Unknown,Unknown EMS Scene Arrival Hour,Unknown EMS Scene Arrival Minutes,Unknown,Unknown EMS Hospital Arrival Time,1,Dark - Unlighted,Clear,1,1,['Driver'],['None_Used'],1,1,Valid,0.0,1.0,29.0,20.0,"['Male', 'Male']",1,0,2,4,5,Dry,Straight,Level,Lowest,No
28695,45,South Carolina,450025,1,1,1,0,1,NOT APPLICABLE,January,9,Monday,18,15,Urban,Medium Speed (Collector),No,34.22892222,-79.74904722,Non-Intersection,Dark - Not Lighted,Clear,Unknown,Unknown if Notified,Unknown EMS Scene Arrival Hour,Unknown if Arrived,Not Applicable (Not Transported),Not Applicable (Not Transported),1,Dark - Unlighted,Clear,0,1,[],[],0,0,Valid,0.0,0.0,19.0,19.0,['Male'],0,0,3,3,4,Dry,Straight,Level,Lowest,No
28696,45,South Carolina,450026,0,1,1,0,1,NOT APPLICABLE,January,10,Tuesday,2,50,Rural,High Speed (Arterial),Yes,33.95781111,-80.70466944,Non-Intersection,Dark - Not Lighted,Clear,Unknown,Unknown if Notified,Unknown EMS Scene Arrival Hour,Unknown if Arrived,Not Applicable (Not Transported),Not Applicable (Not Transported),1,Dark - Unlighted,Clear,1,0,['Driver'],['Shoulder_Lapbelt'],1,1,Invalid,1.0,1.0,29.0,29.0,['Female'],0,0,2,4,3,Dry,Straight,Grade/Hillcrest,Lowest,No
28697,45,South Carolina,450027,0,1,1,0,1,NOT APPLICABLE,January,10,Tuesday,12,29,Urban,High Speed (Arterial),No,34.19033889,-82.23676389,Non-Intersection,Daylight,Clear,Unknown,Unknown if Notified,Unknown EMS Scene Arrival Hour,Unknown if Arrived,Not Applicable (Not Transported),Not Applicable (Not Transported),1,Daylight,Clear,1,0,['Driver'],['Shoulder_Lapbelt'],0,0,Valid,0.0,0.0,26.0,26.0,['Male'],0,0,1,4,3,Dry,Straight,Level,Lowest,No
28698,45,South Carolina,450028,0,2,2,0,3,NOT APPLICABLE,January,10,Tuesday,19,40,Rural,High Speed (Arterial),Yes,34.28141944,-80.11505556,Non-Intersection,Dark - Lighted,Clear,Unknown,Unknown,Unknown EMS Scene Arrival Hour,Unknown EMS Scene Arrival Minutes,Unknown,Unknown EMS Hospital Arrival Time,1,Dark - Lighted,Clear,1,2,['Front_Passenger'],['Shoulder_Lapbelt'],0,0,Valid,3.0,3.0,30.0,21.0,"['Female', 'Female']",0,0,3,4,5,Dry,Straight,Level,Lowest,No
28699,45,South Carolina,450029,0,2,2,0,2,NOT APPLICABLE,January,11,Wednesday,12,55,Urban,Medium Speed (Collector),No,35.04671944,-81.98303056,Complex/Circle,Daylight,Cloudy,Unknown,Unknown,Unknown EMS Scene Arrival Hour,Unknown EMS Scene Arrival Minutes,Unknown,Unknown EMS Hospital Arrival Time,1,Daylight,Reduced Visibility,1,1,['Driver'],['None_Used'],0,0,Valid,0.0,1.0,71.0,26.0,"['Female', 'Male']",0,0,5,4,5,Dry,Straight,Level,Lowest,No
28700,45,South Carolina,450030,0,1,1,0,1,NOT APPLICABLE,January,13,Friday,19,0,Rural,Low Speed (Local),No,34.65551944,-79.58274444,Non-Intersection,Dark - Not Lighted,Cloudy,Unknown,Unknown,Unknown EMS Scene Arrival Hour,Unknown EMS Scene Arrival Minutes,Unknown,Unknown EMS Hospital Arrival Time,1,Dark - Unlighted,Reduced Visibility,1,0,['Driver'],['None_Used'],0,0,Valid,0.0,0.0,73.0,73.0,['Male'],0,0,3,4,3,Dry,Straight,Level,Lowest,No
28701,45,South Carolina,450031,1,1,1,0,3,NOT APPLICABLE,January,13,Friday,19,45,Rural,Medium Speed (Collector),No,33.73922778,-79.4483,Non-Intersection,Dark - Not Lighted,Clear,Unknown,Unknown,Unknown EMS Scene Arrival Hour,Unknown EMS Scene Arrival Minutes,Unknown,Unknown EMS Hospital Arrival Time,1,Dark - Unlighted,Clear,0,3,[],[],0,0,Invalid,0.0,4.0,29.0,29.0,['Male'],0,0,2,4,4,Dry,Straight,Level,Lowest,No
28702,45,South Carolina,450032,0,2,1,1,2,NOT APPLICABLE,January,14,Saturday,6,0,Rural,High Speed (Arterial),Yes,34.20576944,-79.99744444,Non-Intersection,Dark - Not Lighted,Clear,Unknown,Unknown,Unknown EMS Scene Arrival Hour,Unknown EMS Scene Arrival Minutes,Unknown,Unknown EMS Hospital Arrival Time,1,Dark - Unlighted,Clear,1,1,['Driver'],['Shoulder_Lapbelt'],0,0,Valid,0.0,0.0,53.0,53.0,['Male'],0,0,4,4,3,Dry,Straight,Level,Medium,No
28703,45,South Carolina,450033,0,1,1,0,1,NOT APPLICABLE,January,15,Sunday,2,40,Rural,Medium Speed (Collector),No,33.61209722,-80.39343056,Complex/Circle,Dark - Unknown Lighting,Clear,Unknown,Unknown,Unknown EMS Scene Arrival Hour,Unknown EMS Scene Arrival Minutes,Unknown,Unknown EMS Hospital Arrival Time,1,Dark - Unlighted,Clear,1,0,['Driver'],['None_Used'],0,0,Valid,2.0,1.0,37.0,37.0,['Male'],1,0,2,4,2,Dry,Straight,Grade/Hillcrest,Lowest,No
28704,45,South Carolina,450034,0,1,1,0,1,NOT APPLICABLE,January,15,Sunday,11,30,Rural,High Speed (Arterial),Yes,33.37434167,-80.52184722,Non-Intersection,Daylight,Clear,Unknown,Unknown if Notified,Unknown EMS Scene Arrival Hour,Unknown if Arrived,Not Applicable (Not Transported),Not Applicable (Not Transported),1,Daylight,Clear,1,0,['Driver'],['None_Used'],1,1,Valid,1.0,2.0,25.0,25.0,['Male'],1,0,2,4,3,Dry,Straight,Level,Lowest,No
28705,45,South Carolina,450035,1,1,1,0,3,HILTON HEAD ISL,January,15,Sunday,22,50,Urban,High Speed (Arterial),Yes,32.21579444,-80.70558611,Non-Intersection,Dark - Not Lighted,Clear,Unknown,Unknown if Notified,Unknown EMS Scene Arrival Hour,Unknown if Arrived,Not Applicable (Not Transported),Not Applicable (Not Transported),1,Dark - Unlighted,Clear,0,3,[],[],0,0,Valid,0.0,0.0,19.0,19.0,['Male'],0,0,2,3,4,Dry,Straight,Level,Lowest,No