,State_Code,State_Name,Crash_ID,Count_Non_Motorists,Count_Vehicles_Total,Count_Vehicle_Forms,Count_PVH_Involved,Count_Occupants_MV,City_Name,Month_Name,Day_of_Month,Day_of_Week,Crash_Hour,Crash_Minute,Area_Rural_Urban,Road_Functional_Class,On_NHS_Road,Latitude,Longitude,Intersection_Type,Light_Condition,Weather_Condition,Notif_Hour,Notif_Minute,Arrival_Hour,Arrival_Minute,Hospital_Hour,Hospital_Minute,Fatalities_Count,Clean_Light_Condition,Clean_Weather_Condition,Total_Killed,Total_Alive,Fatal_Seats_List,Killed_Restraint_List,Any_Driver_Drinking,Total_Drinking_Drivers,Driver_License_Category,Driver_Max_Prev_Accident_Count,Driver_Max_Prev_Speeding_Count,Max_Driver_Age,Min_Driver_Age,Driver_Sex_List,Total_Exceeding_Limit_Vehicles,Total_Too_Fast_Vehicles,Max_Vehicle_Type_Severity_5,Max_Vehicle_Damage_Rank,Max_Harmful_Event_Severity,Crash_Road_Surface_Condition,Crash_Horizontal_Alignment,Crash_Vertical_Profile,Crash_Impairment_Category,Crash_Vehicle_Defect
28706,45,South Carolina,450036,1,2,1,1,2,NOT APPLICABLE,January,16,Monday,3,16,Urban,High Speed (Arterial),Yes,33.76999444,-78.97843611,Non-Intersection,Dark - Not Lighted,Clear,Unknown,Unknown,Unknown EMS Scene Arrival Hour,Unknown EMS Scene Arrival Minutes,Unknown,Unknown EMS Hospital Arrival Time,1,Dark - Unlighted,Clear,1,1,['Front_Passenger'],['Shoulder_Lapbelt'],1,1,Valid,0.0,0.0,46.0,46.0,['Male'],0,0,3,4,5,Dry,Straight,Level,Lowest,No
28707,45,South Carolina,450037,0,2,2,0,2,NOT APPLICABLE,January,16,Monday,20,20,Rural,Medium Speed (Collector),No,33.3089,-79.97441111,Non-Intersection,Dark - Not Lighted,Clear,Unknown,Unknown,Unknown EMS Scene Arrival Hour,Unknown EMS Scene Arrival Minutes,Unknown,Unknown EMS Hospital Arrival Time,1,Dark - Unlighted,Clear,1,1,['Driver'],['Shoulder_Lapbelt'],1,1,Valid,1.0,1.0,35.0,18.0,"['Male', 'Male']",1,0,3,4,3,Dry,Curve,Level,Lowest,No
28708,45,South Carolina,450038,0,1,1,0,1,NOT APPLICABLE,January,17,Tuesday,4,5,Rural,High Speed (Arterial),Yes,34.042775,-80.32098889,Non-Intersection,Dark - Not Lighted,Clear,Unknown,Unknown,Unknown EMS Scene Arrival Hour,Unknown EMS Scene Arrival Minutes,Unknown,Unknown EMS Hospital Arrival Time,1,Dark - Unlighted,Clear,1,0,['Driver'],['None_Used'],1,1,Invalid,0.0,0.0,35.0,35.0,['Male'],0,0,2,4,3,Dry,Curve,Level,Lowest,No
28709,45,South Carolina,450039,0,2,2,0,6,DARLINGTON,January,17,Tuesday,6,45,Rural,Medium Speed (Collector),No,34.28057778,-80.08603889,Non-Intersection,Dark - Not Lighted,Cloudy,Unknown,Unknown,Unknown EMS Scene Arrival Hour,Unknown EMS Scene Arrival Minutes,Unknown,Unknown EMS Hospital Arrival Time,2,Dark - Unlighted,Reduced Visibility,2,4,"['Driver', 'Driver']","['Shoulder_Lapbelt', 'None_Used']",0,0,Valid,1.0,2.0,31.0,30.0,"['Male', 'Female']",0,0,3,4,5,Dry,Straight,Level,Lowest,No
28710,45,South Carolina,450040,0,2,2,0,2,NOT APPLICABLE,January,17,Tuesday,18,40,Urban,High Speed (Arterial),Yes,34.89098056,-80.95163889,Non-Intersection,Dark - Not Lighted,Clear,Unknown,Unknown if Notified,Unknown EMS Scene Arrival Hour,Unknown if Arrived,Not Applicable (Not Transported),Not Applicable (Not Transported),1,Dark - Unlighted,Clear,1,1,['Driver'],['None_Used'],0,0,Invalid,2.0,0.0,42.0,32.0,"['Male', 'Female']",1,0,5,4,5,Dry,Straight,Level,Lowest,No
28711,45,South Carolina,450041,1,1,1,0,1,NOT APPLICABLE,January,18,Wednesday,18,0,Urban,High Speed (Arterial),Yes,34.91183611,-80.97431944,Non-Intersection,Dusk,Clear,Unknown,Unknown,Unknown EMS Scene Arrival Hour,Unknown EMS Scene Arrival Minutes,Unknown,Unknown EMS Hospital Arrival Time,1,Twilight,Clear,0,1,[],[],0,0,Valid,1.0,0.0,55.0,55.0,['Male'],0,0,3,2,4,Dry,Straight,Level,Lowest,No
28712,45,South Carolina,450042,0,1,1,0,2,NOT APPLICABLE,January,19,Thursday,5,5,Rural,Medium Speed (Collector),No,33.62627778,-80.68498889,Non-Intersection,Dark - Not Lighted,"Fog, Smog, Smoke",Unknown,Unknown,Unknown EMS Scene Arrival Hour,Unknown EMS Scene Arrival Minutes,Unknown,Unknown EMS Hospital Arrival Time,1,Dark - Unlighted,Reduced Visibility,1,1,['Front_Passenger'],['None_Used'],0,0,Valid,0.0,1.0,74.0,74.0,['Female'],0,0,3,4,3,Wet/Standing Water,Straight,Grade/Hillcrest,Lowest,No
28713,45,South Carolina,450043,1,1,1,0,1,NOT APPLICABLE,January,19,Thursday,7,5,Urban,High Speed (Arterial),Yes,33.66576944,-78.96984444,Complex/Circle,Dawn,Clear,Unknown,Unknown if Notified,Unknown EMS Scene Arrival Hour,Unknown if Arrived,Not Applicable (Not Transported),Not Applicable (Not Transported),1,Twilight,Clear,0,1,[],[],0,0,Valid,0.0,0.0,40.0,40.0,['Male'],0,0,3,3,4,Dry,Straight,Level,Lowest,No
28714,45,South Carolina,450044,0,1,1,0,1,NOT APPLICABLE,January,19,Thursday,23,15,Rural,Medium Speed (Collector),No,35.01616667,-82.48193889,Non-Intersection,Dark - Not Lighted,Clear,Unknown,Unknown if Notified,Unknown EMS Scene Arrival Hour,Unknown if Arrived,Not Applicable (Not Transported),Not Applicable (Not Transported),1,Dark - Unlighted,Clear,1,0,['Driver'],['Shoulder_Lapbelt'],1,1,Valid,1.0,1.0,38.0,38.0,['Male'],1,0,3,4,3,Dry,Curve,Level,Lowest,No
28715,45,South Carolina,450045,0,2,2,0,2,NOT APPLICABLE,January,20,Friday,16,23,Rural,Medium Speed (Collector),No,33.96122222,-79.80458333,Non-Intersection,Daylight,Clear,Unknown,Unknown,Unknown EMS Scene Arrival Hour,Unknown EMS Scene Arrival Minutes,Unknown,Unknown EMS Hospital Arrival Time,1,Daylight,Clear,1,1,['Driver'],['None_Used'],0,0,Invalid,0.0,0.0,34.0,34.0,"['Male', 'Male']",0,0,3,4,5,Dry,Straight,Level,Lowest,No
28716,45,South Carolina,450046,0,1,1,0,1,NOT APPLICABLE,January,21,Saturday,2,25,Rural,Medium Speed (Collector),No,33.56365556,-80.90557222,Non-Intersection,Dark - Lighted,Clear,Unknown,Unknown,Unknown EMS Scene Arrival Hour,Unknown EMS Scene Arrival Minutes,Unknown,Unknown EMS Hospital Arrival Time,1,Dark - Lighted,Clear,1,0,['Driver'],['None_Used'],0,0,Valid,0.0,0.0,21.0,21.0,['Male'],1,0,3,4,3,Dry,Straight,Level,Lowest,No
28717,45,South Carolina,450047,1,1,1,0,3,NOT APPLICABLE,January,21,Saturday,20,59,Urban,High Speed (Arterial),Yes,33.49996389,-81.90861944,Non-Intersection,Dark - Not Lighted,Clear,Unknown,Unknown if Notified,Unknown EMS Scene Arrival Hour,Unknown if Arrived,Not Applicable (Not Transported),Not Applicable (Not Transported),1,Dark - Unlighted,Clear,0,3,[],[],0,0,Valid,0.0,2.0,47.0,47.0,['Female'],0,0,2,4,4,Dry,Straight,Grade/Hillcrest,Lowest,No
28718,45,South Carolina,450048,0,2,2,0,2,NOT APPLICABLE,January,22,Sunday,15,30,Urban,Medium Speed (Collector),No,34.23347778,-80.73816944,Non-Intersection,Daylight,Rain,Unknown,Unknown,Unknown EMS Scene Arrival Hour,Unknown EMS Scene Arrival Minutes,Unknown,Unknown EMS Hospital Arrival Time,1,Daylight,Rain/Wind/Minor,1,1,['Driver'],['Shoulder_Lapbelt'],0,0,Valid,0.0,1.0,23.0,16.0,"['Male', 'Male']",1,0,3,4,5,Wet/Standing Water,Straight,Grade/Hillcrest,Lowest,No
28719,45,South Carolina,450049,0,1,1,0,1,NOT APPLICABLE,January,22,Sunday,20,30,Rural,Medium Speed (Collector),No,33.79091667,-81.04725278,Non-Intersection,Dark - Not Lighted,Rain,Unknown,Unknown if Notified,Unknown EMS Scene Arrival Hour,Unknown if Arrived,Not Applicable (Not Transported),Not Applicable (Not Transported),1,Dark - Unlighted,Rain/Wind/Minor,1,0,['Driver'],['Shoulder_Lapbelt'],0,0,Valid,0.0,2.0,18.0,18.0,['Male'],1,0,3,4,3,Wet/Standing Water,Straight,Grade/Hillcrest,Lowest,No
28720,45,South Carolina,450050,0,1,1,0,4,NOT APPLICABLE,January,22,Sunday,22,40,Rural,Low Speed (Local),No,34.30783611,-81.12595556,Non-Intersection,Dark - Not Lighted,Rain,Unknown,Unknown,Unknown EMS Scene Arrival Hour,Unknown EMS Scene Arrival Minutes,Unknown,Unknown EMS Hospital Arrival Time,1,Dark - Unlighted,Rain/Wind/Minor,1,3,['Rear_Seat'],['Shoulder_Lapbelt'],0,0,Valid,1.0,0.0,39.0,39.0,['Female'],0,0,3,4,3,Wet/Standing Water,Curve,Level,Lowest,No
28721,45,South Carolina,450051,0,1,1,0,1,NOT APPLICABLE,January,23,Monday,15,0,Rural,High Speed (Arterial),Yes,34.818875,-81.03383056,Non-Intersection,Daylight,Clear,Unknown,Unknown if Notified,Unknown EMS Scene Arrival Hour,Unknown if Arrived,Not Applicable (Not Transported),Not Applicable (Not Transported),1,Daylight,Clear,1,0,['Driver'],['Shoulder_Lapbelt'],0,0,Invalid,1.0,3.0,30.0,30.0,['Female'],0,0,2,4,3,Dry,Straight,Level,Lowest,No
28722,45,South Carolina,450052,0,2,2,0,2,NOT APPLICABLE,January,25,Wednesday,7,25,Urban,High Speed (Arterial),Yes,34.74938056,-82.71028611,Non-Intersection,Dark - Not Lighted,Rain,Unknown,Unknown if Notified,Unknown EMS Scene Arrival Hour,Unknown if Arrived,Not Applicable (Not Transported),Not Applicable (Not Transported),1,Dark - Unlighted,Rain/Wind/Minor,1,1,['Driver'],['Shoulder_Lapbelt'],0,0,Valid,2.0,0.0,49.0,27.0,"['Male', 'Female']",1,0,4,4,5,Wet/Standing Water,Straight,Level,Lowest,No
28723,45,South Carolina,450053,0,1,1,0,1,NOT APPLICABLE,January,25,Wednesday,14,8,Rural,Medium Speed (Collector),No,33.56194444,-79.71102778,Non-Intersection,Daylight,Rain,Unknown,Unknown,Unknown EMS Scene Arrival Hour,Unknown EMS Scene Arrival Minutes,Unknown,Unknown EMS Hospital Arrival Time,1,Daylight,Rain/Wind/Minor,1,0,['Driver'],['Shoulder_Lapbelt'],0,0,Valid,1.0,1.0,39.0,39.0,['Male'],1,0,3,4,3,Wet/Standing Water,Straight,Level,Lowest,No
28724,45,South Carolina,450054,0,2,2,0,2,NOT APPLICABLE,January,26,Thursday,15,47,Rural,High Speed (Arterial),Yes,35.16698056,-81.84334444,Non-Intersection,Daylight,Clear,Unknown,Unknown if Notified,Unknown EMS Scene Arrival Hour,Unknown if Arrived,Not Applicable (Not Transported),Not Applicable (Not Transported),1,Daylight,Clear,1,1,['Driver'],['None_Used'],1,1,Valid,1.0,1.0,46.0,39.0,"['Male', 'Male']",0,0,4,4,5,Dry,Curve,Grade/Hillcrest,Lowest,No
28725,45,South Carolina,450055,0,2,2,0,2,NOT APPLICABLE,January,26,Thursday,6,44,Rural,Medium Speed (Collector),No,32.96156111,-79.81623889,Non-Intersection,Dawn,Clear,Unknown,Unknown,Unknown EMS Scene Arrival Hour,Unknown EMS Scene Arrival Minutes,Unknown,Unknown EMS Hospital Arrival Time,1,Twilight,Clear,1,1,['Driver'],['Shoulder_Lapbelt'],0,0,Valid,1.0,0.0,61.0,23.0,"['Female', 'Male']",0,0,3,4,5,Dry,Straight,Level,Lowest,No
28726,45,South Carolina,450057,1,1,1,0,1,ORANGEBURG,January,27,Friday,21,25,Urban,High Speed (Arterial),Yes,33.48703889,-80.86221111,Non-Intersection,Dark - Lighted,Clear,Unknown,Unknown,Unknown EMS Scene Arrival Hour,Unknown EMS Scene Arrival Minutes,Unknown,Unknown EMS Hospital Arrival Time,1,Dark - Lighted,Clear,0,1,[],[],0,0,Invalid,0.0,3.0,22.0,22.0,['Female'],0,0,2,1,4,Dry,Straight,Level,Lowest,No
28727,45,South Carolina,450058,0,2,2,0,2,NOT APPLICABLE,January,27,Friday,16,27,Rural,Medium Speed (Collector),No,34.53474722,-82.43586111,Complex/Circle,Daylight,Clear,Unknown,Unknown,Unknown EMS Scene Arrival Hour,Unknown EMS Scene Arrival Minutes,Unknown,Unknown EMS Hospital Arrival Time,1,Daylight,Clear,1,1,['Driver'],['Shoulder_Lapbelt'],1,1,Valid,0.0,1.0,27.0,18.0,"['Male', 'Male']",0,0,3,4,5,Dry,Straight,Level,Lowest,No
28728,45,South Carolina,450059,0,2,2,0,2,NOT APPLICABLE,January,27,Friday,18,20,Urban,High Speed (Arterial),Yes,34.73109444,-82.38969722,Simple Junction,Daylight,Clear,Unknown,Unknown,Unknown EMS Scene Arrival Hour,Unknown EMS Scene Arrival Minutes,Unknown,Unknown EMS Hospital Arrival Time,1,Daylight,Clear,1,1,['Driver'],['None_Used'],0,0,Valid,0.0,0.0,86.0,44.0,"['Male', 'Female']",1,0,3,4,5,Dry,Straight,Level,Lowest,No
28729,45,South Carolina,450060,0,2,2,0,2,NOT APPLICABLE,January,28,Saturday,0,2,Rural,Medium Speed (Collector),No,34.47293611,-81.97420278,Non-Intersection,Dark - Not Lighted,Clear,Unknown,Unknown,Unknown EMS Scene Arrival Hour,Unknown EMS Scene Arrival Minutes,Unknown,Unknown EMS Hospital Arrival Time,1,Dark - Unlighted,Clear,1,1,['Driver'],['None_Used'],1,1,Valid,0.0,1.0,48.0,18.0,"['Female', 'Male']",1,0,3,4,5,Dry,Straight,Grade/Hillcrest,Lowest,No
28730,45,South Carolina,450061,0,2,2,0,2,NOT APPLICABLE,January,28,Saturday,10,28,Urban,Low Speed (Local),No,34.17035,-80.93971111,Non-Intersection,Daylight,Clear,Unknown,Unknown,Unknown EMS Scene Arrival Hour,Unknown EMS Scene Arrival Minutes,Unknown,Unknown EMS Hospital Arrival Time,1,Daylight,Clear,1,1,['Driver'],['Shoulder_Lapbelt'],1,1,Valid,1.0,2.0,70.0,39.0,"['Male', 'Male']",1,0,3,4,5,Dry,Straight,Grade/Hillcrest,Lowest,No
28731,45,South Carolina,450062,0,2,2,0,2,NOT APPLICABLE,January,28,Saturday,4,15,Urban,High Speed (Arterial),Yes,34.07386944,-80.95763889,Non-Intersection,Dark - Not Lighted,Clear,Unknown,Unknown,Unknown EMS Scene Arrival Hour,Unknown EMS Scene Arrival Minutes,Unknown,Unknown EMS Hospital Arrival Time,1,Dark - Unlighted,Clear,1,1,['Driver'],['Shoulder_Lapbelt'],0,0,Valid,2.0,2.0,70.0,66.0,"['Female', 'Male']",0,0,3,4,5,Dry,Straight,Level,Lowest,No
28732,45,South Carolina,450063,0,1,1,0,1,NOT APPLICABLE,January,28,Saturday,4,3,Urban,High Speed (Arterial),No,34.93751389,-82.19021667,Non-Intersection,Dark - Not Lighted,Clear,Unknown,Unknown if Notified,Unknown EMS Scene Arrival Hour,Unknown if Arrived,Not Applicable (Not Transported),Not Applicable (Not Transported),1,Dark - Unlighted,Clear,1,0,['Driver'],['None_Used'],1,1,Valid,1.0,0.0,34.0,34.0,['Male'],1,0,2,4,2,Dry,Straight,Level,Lowest,No
28733,45,South Carolina,450064,1,1,1,0,1,NOT APPLICABLE,January,28,Saturday,6,20,Urban,High Speed (Arterial),Yes,34.99793056,-81.99168611,Non-Intersection,Dark - Not Lighted,Clear,Unknown,Unknown,Unknown EMS Scene Arrival Hour,Unknown EMS Scene Arrival Minutes,Unknown,Unknown EMS Hospital Arrival Time,1,Dark - Unlighted,Clear,0,1,[],[],0,0,Valid,0.0,0.0,55.0,55.0,['Female'],0,0,3,4,4,Dry,Straight,Level,Lowest,No
28734,45,South Carolina,450065,0,1,1,0,1,NOT APPLICABLE,January,29,Sunday,1,15,Urban,High Speed (Arterial),No,34.21418611,-80.70819167,Simple Junction,Dark - Lighted,Clear,Unknown,Unknown if Notified,Unknown EMS Scene Arrival Hour,Unknown if Arrived,Not Applicable (Not Transported),Not Applicable (Not Transported),1,Dark - Lighted,Clear,1,0,['Driver'],['None_Used'],0,0,Valid,0.0,0.0,17.0,17.0,['Female'],1,0,2,4,3,Dry,Straight,Level,Lowest,No
28735,45,South Carolina,450066,0,2,2,0,2,NOT APPLICABLE,January,29,Sunday,10,42,Urban,Medium Speed (Collector),No,34.88748333,-82.06891111,Non-Intersection,Daylight,Cloudy,Unknown,Unknown,Unknown EMS Scene Arrival Hour,Unknown EMS Scene Arrival Minutes,Unknown,Unknown EMS Hospital Arrival Time,1,Daylight,Reduced Visibility,1,1,['Driver'],['Shoulder_Lapbelt'],0,0,Valid,0.0,0.0,90.0,52.0,"['Male', 'Male']",0,0,2,4,5,Dry,Straight,Level,Lowest,No
28736,45,South Carolina,450067,0,1,1,0,1,NOT APPLICABLE,January,30,Monday,23,2,Rural,Low Speed (Local),No,34.68480278,-82.30603333,Non-Intersection,Dark - Not Lighted,Clear,Unknown,Unknown if Notified,Unknown EMS Scene Arrival Hour,Unknown if Arrived,Not Applicable (Not Transported),Not Applicable (Not Transported),1,Dark - Unlighted,Clear,1,0,['Driver'],['Shoulder_Lapbelt'],1,1,Valid,3.0,2.0,34.0,34.0,['Male'],1,0,3,4,3,Dry,Curve,Level,Lowest,No
28737,45,South Carolina,450068,1,1,1,0,1,COLUMBIA,January,31,Tuesday,18,37,Urban,High Speed (Arterial),Yes,33.96283889,-80.94183889,Complex/Circle,Dark - Lighted,Clear,Unknown,Unknown,Unknown EMS Scene Arrival Hour,Unknown EMS Scene Arrival Minutes,Unknown,Unknown EMS Hospital Arrival Time,1,Dark - Lighted,Clear,0,1,[],[],0,0,Invalid,0.0,0.0,999.0,999.0,['Other'],0,0,1,0,4,Dry,Straight,Grade/Hillcrest,Lowest,No
28738,45,South Carolina,450069,1,1,1,0,1,NORTH CHARLESTON,February,1,Wednesday,19,34,Urban,High Speed (Arterial),No,32.88338056,-80.0658,Non-Intersection,Dark - Unknown Lighting,Cloudy,Unknown,Unknown if Notified,Unknown EMS Scene Arrival Hour,Unknown if Arrived,Not Applicable (Not Transported),Not Applicable (Not Transported),1,Dark - Unlighted,Reduced Visibility,0,1,[],[],0,0,Valid,0.0,5.0,30.0,30.0,['Male'],0,0,2,4,4,Dry,Straight,Level,Lowest,No
28739,45,South Carolina,450070,0,1,1,0,2,NOT APPLICABLE,February,1,Wednesday,23,15,Rural,Low Speed (Local),No,33.40870278,-80.71099444,Non-Intersection,Dark - Unknown Lighting,Clear,Unknown,Unknown,Unknown EMS Scene Arrival Hour,Unknown EMS Scene Arrival Minutes,Unknown,Unknown EMS Hospital Arrival Time,1,Dark - Unlighted,Clear,1,1,['Driver'],['None_Used'],1,1,Valid,2.0,2.0,31.0,31.0,['Male'],2,0,3,4,3,Dry,Straight,Level,Lowest,No
28740,45,South Carolina,450071,0,2,1,1,1,NOT APPLICABLE,February,3,Friday,18,30,Rural,High Speed (Arterial),Yes,33.87763056,-80.10233611,Non-Intersection,Dusk,Clear,Unknown,Unknown,Unknown EMS Scene Arrival Hour,Unknown EMS Scene Arrival Minutes,Unknown,Unknown EMS Hospital Arrival Time,1,Twilight,Clear,1,0,['Driver'],['None_Used'],1,1,Valid,0.0,1.0,31.0,31.0,['Male'],1,0,3,4,3,Dry,Straight,Level,Lowest,No
28741,45,South Carolina,450072,0,1,1,0,1,NOT APPLICABLE,February,3,Friday,21,30,Rural,Low Speed (Local),No,34.64213611,-83.21626111,Non-Intersection,Dark - Not Lighted,Clear,Unknown,Unknown,Unknown EMS Scene Arrival Hour,Unknown EMS Scene Arrival Minutes,Unknown,Unknown EMS Hospital Arrival Time,1,Dark - Unlighted,Clear,1,0,['Driver'],['None_Used'],1,1,Valid,0.0,2.0,20.0,20.0,['Male'],0,0,3,4,3,Dry,Curve,Grade/Hillcrest,Lowest,No
28742,45,South Carolina,450073,1,1,1,0,1,CHARLESTON,February,3,Friday,6,14,Urban,High Speed (Arterial),No,32.78696111,-79.95421111,Non-Intersection,Dark - Lighted,Rain,Unknown,Unknown,Unknown EMS Scene Arrival Hour,Unknown EMS Scene Arrival Minutes,Unknown,Unknown EMS Hospital Arrival Time,1,Dark - Lighted,Rain/Wind/Minor,0,1,[],[],0,0,Valid,1.0,2.0,25.0,25.0,['Male'],1,0,3,3,4,Wet/Standing Water,Straight,Level,Lowest,No
28743,45,South Carolina,450074,0,1,1,0,1,NOT APPLICABLE,February,5,Sunday,2,45,Rural,Medium Speed (Collector),No,34.10256389,-82.24458611,Non-Intersection,Dark - Not Lighted,Clear,Unknown,Unknown if Notified,Unknown EMS Scene Arrival Hour,Unknown if Arrived,Not Applicable (Not Transported),Not Applicable (Not Transported),1,Dark - Unlighted,Clear,1,0,['Driver'],['Shoulder_Lapbelt'],1,1,Valid,0.0,0.0,48.0,48.0,['Male'],1,0,2,4,2,Dry,Curve,Level,Lowest,No
28744,45,South Carolina,450075,0,1,1,0,1,NOT APPLICABLE,February,5,Sunday,0,15,Rural,Medium Speed (Collector),No,33.89388056,-81.58073611,Non-Intersection,Dark - Not Lighted,Clear,Unknown,Unknown if Notified,Unknown EMS Scene Arrival Hour,Unknown if Arrived,Not Applicable (Not Transported),Not Applicable (Not Transported),1,Dark - Unlighted,Clear,1,0,['Driver'],['None_Used'],1,1,Valid,1.0,1.0,45.0,45.0,['Male'],0,0,2,4,3,Dry,Curve,Level,Lowest,No
28745,45,South Carolina,450076,0,2,2,0,2,NOT APPLICABLE,February,5,Sunday,4,45,Rural,High Speed (Arterial),Yes,33.06423056,-80.18076944,Non-Intersection,Dark - Not Lighted,Clear,Unknown,Unknown,Unknown EMS Scene Arrival Hour,Unknown EMS Scene Arrival Minutes,Unknown,Unknown EMS Hospital Arrival Time,2,Dark - Unlighted,Clear,2,0,"['Driver', 'Driver']","['None_Used', 'None_Used']",1,1,Valid,1.0,4.0,35.0,26.0,"['Male', 'Female']",0,0,3,4,5,Dry,Straight,Level,Lowest,No
28746,45,South Carolina,450077,1,1,1,0,1,NOT APPLICABLE,February,5,Sunday,22,46,Rural,High Speed (Arterial),Yes,33.37990556,-79.42854444,Non-Intersection,Dark - Unknown Lighting,"Fog, Smog, Smoke",Unknown,Unknown,Unknown EMS Scene Arrival Hour,Unknown EMS Scene Arrival Minutes,Unknown,Unknown EMS Hospital Arrival Time,1,Dark - Unlighted,Reduced Visibility,0,1,[],[],0,0,Valid,1.0,1.0,18.0,18.0,['Female'],0,0,2,4,4,Wet/Standing Water,Straight,Level,Lowest,No
28747,45,South Carolina,450078,0,2,2,0,5,NOT APPLICABLE,February,6,Monday,17,0,Urban,Low Speed (Local),No,33.03385833,-80.14334444,Non-Intersection,Daylight,Clear,Unknown,Unknown,Unknown EMS Scene Arrival Hour,Unknown EMS Scene Arrival Minutes,Unknown,Unknown EMS Hospital Arrival Time,1,Daylight,Clear,1,4,['Driver'],['None_Used'],0,0,Valid,0.0,0.0,77.0,32.0,"['Male', 'Male']",0,0,3,4,5,Dry,Straight,Level,Lowest,No
28748,45,South Carolina,450079,0,2,2,0,4,NOT APPLICABLE,February,6,Monday,0,16,Urban,Medium Speed (Collector),No,34.87405278,-82.30813889,Non-Intersection,Dark - Not Lighted,Clear,Unknown,Unknown,Unknown EMS Scene Arrival Hour,Unknown EMS Scene Arrival Minutes,Unknown,Unknown EMS Hospital Arrival Time,1,Dark - Unlighted,Clear,1,3,['Front_Passenger'],['Shoulder_Lapbelt'],0,0,Valid,0.0,0.0,22.0,19.0,"['Male', 'Male']",2,0,2,4,5,Dry,Straight,Level,Lowest,No
28749,45,South Carolina,450080,1,1,1,0,1,NOT APPLICABLE,February,6,Monday,17,40,Rural,High Speed (Arterial),Yes,33.68153611,-81.62651111,Non-Intersection,Daylight,Clear,Unknown,Unknown if Notified,Unknown EMS Scene Arrival Hour,Unknown if Arrived,Not Applicable (Not Transported),Not Applicable (Not Transported),1,Daylight,Clear,0,1,[],[],0,0,Invalid,0.0,0.0,999.0,999.0,['Other'],0,0,1,0,4,Dry,Straight,Level,Lowest,No
28750,45,South Carolina,450081,1,1,1,0,1,NOT APPLICABLE,February,6,Monday,19,52,Rural,Medium Speed (Collector),No,35.169675,-81.98851389,Non-Intersection,Dark - Not Lighted,Clear,Unknown,Unknown,Unknown EMS Scene Arrival Hour,Unknown EMS Scene Arrival Minutes,Unknown,Unknown EMS Hospital Arrival Time,1,Dark - Unlighted,Clear,0,0,[],[],0,0,Invalid,0.0,0.0,999.0,999.0,['Other'],0,0,1,0,4,Dry,Straight,Level,Lowest,No
28751,45,South Carolina,450082,0,1,1,0,1,CHARLESTON,February,6,Monday,0,45,Rural,Medium Speed (Collector),No,32.76975,-80.09378056,Non-Intersection,Dark - Not Lighted,"Fog, Smog, Smoke",Unknown,Unknown if Notified,Unknown EMS Scene Arrival Hour,Unknown if Arrived,Not Applicable (Not Transported),Not Applicable (Not Transported),1,Dark - Unlighted,Reduced Visibility,1,0,['Driver'],['None_Used'],1,1,Valid,0.0,0.0,26.0,26.0,['Male'],0,0,5,3,2,Dry,Curve,Level,Lowest,No
28752,45,South Carolina,450083,0,1,1,0,1,NOT APPLICABLE,February,7,Tuesday,15,11,Rural,High Speed (Arterial),No,34.54254722,-81.53939167,Non-Intersection,Daylight,Clear,Unknown,Unknown if Notified,Unknown EMS Scene Arrival Hour,Unknown if Arrived,Not Applicable (Not Transported),Not Applicable (Not Transported),1,Daylight,Clear,1,0,['Driver'],['Shoulder_Lapbelt'],1,1,Invalid,0.0,0.0,60.0,60.0,['Male'],0,0,2,4,3,Dry,Straight,Level,Lowest,No
28753,45,South Carolina,450084,0,1,1,0,2,NOT APPLICABLE,February,8,Wednesday,12,2,Urban,Medium Speed (Collector),No,34.89088889,-81.96952778,Non-Intersection,Daylight,Clear,Unknown,Unknown,Unknown EMS Scene Arrival Hour,Unknown EMS Scene Arrival Minutes,Unknown,Unknown EMS Hospital Arrival Time,1,Daylight,Clear,1,1,['Driver'],['None_Used'],0,0,Invalid,2.0,1.0,24.0,24.0,['Male'],0,0,2,4,3,Dry,Curve,Level,Lowest,No
28754,45,South Carolina,450085,1,2,2,0,2,NOT APPLICABLE,February,8,Wednesday,21,30,Rural,Low Speed (Local),No,33.70679167,-80.918725,Non-Intersection,Dark - Not Lighted,Clear,Unknown,Unknown if Notified,Unknown EMS Scene Arrival Hour,Unknown if Arrived,Not Applicable (Not Transported),Not Applicable (Not Transported),1,Dark - Unlighted,Clear,0,2,[],[],0,0,Valid,0.0,4.0,39.0,34.0,"['Female', 'Female']",0,0,2,3,4,Dry,Straight,Level,Lowest,No