,State_Code,State_Name,Crash_ID,Count_Non_Motorists,Count_Vehicles_Total,Count_Vehicle_Forms,Count_PVH_Involved,Count_Occupants_MV,City_Name,Month_Name,Day_of_Month,Day_of_Week,Crash_Hour,Crash_Minute,Area_Rural_Urban,Road_Functional_Class,On_NHS_Road,Latitude,Longitude,Intersection_Type,Light_Condition,Weather_Condition,Notif_Hour,Notif_Minute,Arrival_Hour,Arrival_Minute,Hospital_Hour,Hospital_Minute,Fatalities_Count,Clean_Light_Condition,Clean_Weather_Condition,Total_Killed,Total_Alive,Fatal_Seats_List,Killed_Restraint_List,Any_Driver_Drinking,Total_Drinking_Drivers,Driver_License_Category,Driver_Max_Prev_Accident_Count,Driver_Max_Prev_Speeding_Count,Max_Driver_Age,Min_Driver_Age,Driver_Sex_List,Total_Exceeding_Limit_Vehicles,Total_Too_Fast_Vehicles,Max_Vehicle_Type_Severity_5,Max_Vehicle_Damage_Rank,Max_Harmful_Event_Severity,Crash_Road_Surface_Condition,Crash_Horizontal_Alignment,Crash_Vertical_Profile,Crash_Impairment_Category,Crash_Vehicle_Defect
28755,45,South Carolina,450086,0,2,2,0,2,NOT APPLICABLE,February,9,Thursday,9,5,Rural,Low Speed (Local),No,34.32265,-80.17501944,Complex/Circle,Daylight,Clear,Unknown,Unknown if Notified,Unknown EMS Scene Arrival Hour,Unknown if Arrived,Not Applicable (Not Transported),Not Applicable (Not Transported),1,Daylight,Clear,1,1,['Driver'],['None_Used'],1,1,Valid,1.0,1.0,41.0,36.0,"['Female', 'Female']",0,0,3,4,5,Dry,Straight,Level,Lowest,No
28756,45,South Carolina,450087,0,2,2,0,2,NOT APPLICABLE,February,9,Thursday,11,5,Urban,High Speed (Arterial),Yes,33.59456667,-81.69124722,Non-Intersection,Daylight,Clear,Unknown,Unknown if Notified,Unknown EMS Scene Arrival Hour,Unknown if Arrived,Not Applicable (Not Transported),Not Applicable (Not Transported),1,Daylight,Clear,1,1,['Driver'],['None_Used'],0,0,Valid,0.0,0.0,63.0,37.0,"['Male', 'Male']",1,0,5,4,5,Dry,Straight,Level,Lowest,No
28757,45,South Carolina,450088,0,1,1,0,1,NOT APPLICABLE,February,9,Thursday,15,56,Rural,Low Speed (Local),No,34.886325,-82.77198056,Non-Intersection,Daylight,Cloudy,Unknown,Unknown,Unknown EMS Scene Arrival Hour,Unknown EMS Scene Arrival Minutes,Unknown,Unknown EMS Hospital Arrival Time,1,Daylight,Reduced Visibility,1,0,['Driver'],['None_Used'],1,1,Valid,0.0,0.0,53.0,53.0,['Male'],1,0,2,4,3,Dry,Curve,Level,Lowest,No
28758,45,South Carolina,450089,0,2,2,0,2,NOT APPLICABLE,February,9,Thursday,16,15,Urban,High Speed (Arterial),Yes,35.00401389,-80.85507222,Non-Intersection,Daylight,Clear,Unknown,Unknown,Unknown EMS Scene Arrival Hour,Unknown EMS Scene Arrival Minutes,Unknown,Unknown EMS Hospital Arrival Time,1,Daylight,Clear,1,1,['Driver'],['None_Used'],0,0,Valid,0.0,1.0,53.0,51.0,"['Male', 'Male']",1,0,5,4,3,Dry,Straight,Level,Lowest,No
28759,45,South Carolina,450090,0,1,1,0,1,NOT APPLICABLE,February,10,Friday,1,10,Rural,Medium Speed (Collector),No,34.23887222,-80.61674167,Simple Junction,Dark - Not Lighted,Rain,Unknown,Unknown if Notified,Unknown EMS Scene Arrival Hour,Unknown if Arrived,Not Applicable (Not Transported),Not Applicable (Not Transported),1,Dark - Unlighted,Rain/Wind/Minor,1,0,['Driver'],['None_Used'],1,1,Valid,1.0,0.0,59.0,59.0,['Male'],0,0,5,4,3,Wet/Standing Water,Straight,Level,Lowest,No
28760,45,South Carolina,450091,1,1,1,0,2,NOT APPLICABLE,February,10,Friday,19,38,Urban,High Speed (Arterial),Yes,33.84113056,-79.76566944,Non-Intersection,Dark - Not Lighted,Clear,Unknown,Unknown,Unknown EMS Scene Arrival Hour,Unknown EMS Scene Arrival Minutes,Unknown,Unknown EMS Hospital Arrival Time,1,Dark - Unlighted,Clear,0,2,[],[],0,0,Valid,1.0,0.0,23.0,23.0,['Female'],0,0,3,4,4,Wet/Standing Water,Straight,Level,Lowest,No
28761,45,South Carolina,450092,1,1,1,0,2,NOT APPLICABLE,February,11,Saturday,1,4,Rural,Low Speed (Local),No,33.88207778,-78.60999444,Non-Intersection,Dark - Not Lighted,Rain,Unknown,Unknown if Notified,Unknown EMS Scene Arrival Hour,Unknown if Arrived,Not Applicable (Not Transported),Not Applicable (Not Transported),1,Dark - Unlighted,Rain/Wind/Minor,0,2,[],[],0,0,Valid,1.0,0.0,48.0,48.0,['Female'],0,0,3,4,4,Wet/Standing Water,Straight,Level,Lowest,No
28762,45,South Carolina,450093,1,3,2,1,2,NOT APPLICABLE,February,11,Saturday,2,50,Urban,High Speed (Arterial),Yes,32.99846111,-80.09411944,Non-Intersection,Dark - Not Lighted,Rain,Unknown,Unknown if Notified,Unknown EMS Scene Arrival Hour,Unknown if Arrived,Not Applicable (Not Transported),Not Applicable (Not Transported),1,Dark - Unlighted,Rain/Wind/Minor,0,2,[],[],0,0,Valid,2.0,1.0,21.0,20.0,"['Male', 'Male']",0,0,2,4,5,Wet/Standing Water,Straight,Level,Lowest,No
28763,45,South Carolina,450094,0,1,1,0,1,NOT APPLICABLE,February,11,Saturday,14,32,Urban,Medium Speed (Collector),No,34.99883611,-82.31226667,Non-Intersection,Daylight,Clear,Unknown,Unknown if Notified,Unknown EMS Scene Arrival Hour,Unknown if Arrived,Not Applicable (Not Transported),Not Applicable (Not Transported),1,Daylight,Clear,1,0,['Driver'],['None_Used'],0,0,Valid,1.0,3.0,24.0,24.0,['Male'],1,0,5,4,3,Dry,Straight,Level,Lowest,No
28764,45,South Carolina,450095,0,1,1,0,1,NOT APPLICABLE,February,11,Saturday,23,30,Urban,Medium Speed (Collector),No,34.65083889,-82.48819167,Non-Intersection,Dark - Not Lighted,Rain,Unknown,Unknown if Notified,Unknown EMS Scene Arrival Hour,Unknown if Arrived,Not Applicable (Not Transported),Not Applicable (Not Transported),1,Dark - Unlighted,Rain/Wind/Minor,1,0,['Driver'],['None_Used'],1,1,Invalid,1.0,0.0,45.0,45.0,['Male'],0,0,3,4,3,Wet/Standing Water,Curve,Level,Lowest,No
28765,45,South Carolina,450096,0,1,1,0,1,NOT APPLICABLE,February,12,Sunday,0,0,Urban,High Speed (Arterial),Yes,34.06575,-80.31828889,Non-Intersection,Dark - Unknown Lighting,Rain,Unknown,Unknown if Notified,Unknown EMS Scene Arrival Hour,Unknown if Arrived,Not Applicable (Not Transported),Not Applicable (Not Transported),1,Dark - Unlighted,Rain/Wind/Minor,1,0,['Driver'],['Shoulder_Lapbelt'],1,1,Valid,1.0,1.0,25.0,25.0,['Female'],0,0,2,4,3,Wet/Standing Water,Straight,Level,Lowest,No
28766,45,South Carolina,450097,3,3,1,2,1,NOT APPLICABLE,February,12,Sunday,1,48,Urban,Medium Speed (Collector),No,33.030275,-80.09125556,Non-Intersection,Dark - Not Lighted,Rain,Unknown,Unknown if Notified,Unknown EMS Scene Arrival Hour,Unknown if Arrived,Not Applicable (Not Transported),Not Applicable (Not Transported),1,Dark - Unlighted,Rain/Wind/Minor,0,1,[],[],1,1,Invalid,0.0,5.0,21.0,21.0,['Male'],0,0,3,3,5,Wet/Standing Water,Straight,Level,Lowest,No
28767,45,South Carolina,450098,0,1,1,0,1,NOT APPLICABLE,February,12,Sunday,23,14,Urban,Low Speed (Local),No,33.78981389,-78.77319444,Non-Intersection,Dark - Not Lighted,Clear,Unknown,Unknown,Unknown EMS Scene Arrival Hour,Unknown EMS Scene Arrival Minutes,Unknown,Unknown EMS Hospital Arrival Time,1,Dark - Unlighted,Clear,1,0,['Driver'],['None_Used'],1,1,Valid,0.0,0.0,29.0,29.0,['Male'],1,0,5,4,3,Wet/Standing Water,Curve,Level,Lowest,No
28768,45,South Carolina,450099,0,2,2,0,2,NOT APPLICABLE,February,13,Monday,21,5,Rural,Medium Speed (Collector),No,33.35128056,-80.42356111,Non-Intersection,Dark - Not Lighted,Clear,Unknown,Unknown if Notified,Unknown EMS Scene Arrival Hour,Unknown if Arrived,Not Applicable (Not Transported),Not Applicable (Not Transported),1,Dark - Unlighted,Clear,1,1,['Driver'],['None_Used'],1,1,Valid,1.0,3.0,55.0,23.0,"['Male', 'Male']",0,0,5,4,5,Dry,Straight,Level,Lowest,No
28769,45,South Carolina,450100,0,2,2,0,2,NOT APPLICABLE,February,13,Monday,15,25,Rural,Medium Speed (Collector),No,34.78316944,-80.57165556,Non-Intersection,Daylight,Clear,Unknown,Unknown,Unknown EMS Scene Arrival Hour,Unknown EMS Scene Arrival Minutes,Unknown,Unknown EMS Hospital Arrival Time,1,Daylight,Clear,1,1,['Driver'],['Shoulder_Lapbelt'],1,1,Valid,0.0,0.0,59.0,45.0,"['Male', 'Male']",0,0,3,4,5,Dry,Straight,Level,Lowest,No
28770,45,South Carolina,450101,0,1,1,0,1,NOT APPLICABLE,February,13,Monday,20,14,Rural,Medium Speed (Collector),No,33.57387222,-79.42859722,Non-Intersection,Dark - Not Lighted,Clear,Unknown,Unknown if Notified,Unknown EMS Scene Arrival Hour,Unknown if Arrived,Not Applicable (Not Transported),Not Applicable (Not Transported),1,Dark - Unlighted,Clear,1,0,['Driver'],['None_Used'],0,0,Invalid,0.0,0.0,32.0,32.0,['Male'],1,0,3,4,3,Dry,Curve,Level,Lowest,No
28771,45,South Carolina,450102,1,1,1,0,1,NOT APPLICABLE,February,13,Monday,23,10,Rural,Low Speed (Local),No,33.806275,-79.47913889,Non-Intersection,Dark - Not Lighted,Clear,Unknown,Unknown,Unknown EMS Scene Arrival Hour,Unknown EMS Scene Arrival Minutes,Unknown,Unknown EMS Hospital Arrival Time,1,Dark - Unlighted,Clear,0,1,[],[],0,0,Invalid,0.0,0.0,49.0,49.0,['Male'],0,0,3,2,4,Dry,Straight,Level,Lowest,No
28772,45,South Carolina,450103,1,2,2,0,2,NOT APPLICABLE,February,15,Wednesday,18,44,Urban,High Speed (Arterial),No,34.88927222,-82.383575,Non-Intersection,Dark - Unknown Lighting,Cloudy,Unknown,Unknown if Notified,Unknown EMS Scene Arrival Hour,Unknown if Arrived,Not Applicable (Not Transported),Not Applicable (Not Transported),1,Dark - Unlighted,Reduced Visibility,0,2,[],[],0,0,Invalid,0.0,1.0,27.0,20.0,"['Male', 'Male']",0,0,3,4,4,Wet/Standing Water,Straight,Level,Lowest,No
28773,45,South Carolina,450104,0,1,1,0,2,HANAHAN,February,15,Wednesday,2,20,Urban,Low Speed (Local),No,32.91648889,-80.0188,Simple Junction,Dark - Lighted,Clear,Unknown,Unknown,Unknown EMS Scene Arrival Hour,Unknown EMS Scene Arrival Minutes,Unknown,Unknown EMS Hospital Arrival Time,1,Dark - Lighted,Clear,1,1,['Driver'],['None_Used'],1,1,Invalid,0.0,0.0,22.0,22.0,['Male'],2,0,2,4,3,Dry,Straight,Level,Lowest,No
28774,45,South Carolina,450105,0,3,3,0,3,ROCK HILL,February,15,Wednesday,18,36,Urban,High Speed (Arterial),No,34.91025,-81.01610278,Non-Intersection,Dark - Lighted,Clear,Unknown,Unknown,Unknown EMS Scene Arrival Hour,Unknown EMS Scene Arrival Minutes,Unknown,Unknown EMS Hospital Arrival Time,1,Dark - Lighted,Clear,1,2,['Driver'],['None_Used'],1,1,Valid,1.0,3.0,42.0,25.0,"['Female', 'Male', 'Male']",1,0,5,4,5,Dry,Straight,Level,Lowest,No
28775,45,South Carolina,450106,0,2,2,0,2,SUMTER,February,6,Monday,21,40,Urban,Medium Speed (Collector),No,33.91240556,-80.32331944,Simple Junction,Dark - Not Lighted,Clear,Unknown,Unknown if Notified,Unknown EMS Scene Arrival Hour,Unknown if Arrived,Not Applicable (Not Transported),Not Applicable (Not Transported),1,Dark - Unlighted,Clear,1,1,['Driver'],['None_Used'],1,1,Valid,0.0,0.0,61.0,44.0,"['Female', 'Male']",0,0,5,4,5,Dry,Straight,Level,Lowest,No
28776,45,South Carolina,450107,0,4,4,0,7,NOT APPLICABLE,February,16,Thursday,22,3,Rural,High Speed (Arterial),Yes,35.15012222,-81.49208056,Non-Intersection,Dark - Not Lighted,Clear,Unknown,Unknown,Unknown EMS Scene Arrival Hour,Unknown EMS Scene Arrival Minutes,Unknown,Unknown EMS Hospital Arrival Time,1,Dark - Unlighted,Clear,1,6,['Driver'],['None_Used'],0,0,Valid,1.0,1.0,53.0,17.0,"['Male', 'Female', 'Female', 'Male']",3,0,3,4,5,Dry,Straight,Grade/Hillcrest,Lowest,No
28777,45,South Carolina,450108,1,1,1,0,1,NOT APPLICABLE,February,16,Thursday,13,50,Rural,High Speed (Arterial),Yes,33.71299167,-80.20096389,Non-Intersection,Daylight,Clear,Unknown,Unknown,Unknown EMS Scene Arrival Hour,Unknown EMS Scene Arrival Minutes,Unknown,Unknown EMS Hospital Arrival Time,1,Daylight,Clear,0,1,[],[],0,0,Valid,1.0,0.0,17.0,17.0,['Male'],1,0,3,4,4,Dry,Straight,Level,Lowest,No
28778,45,South Carolina,450109,0,1,1,0,1,NOT APPLICABLE,February,16,Thursday,13,20,Rural,High Speed (Arterial),Yes,33.46986389,-80.79941111,Non-Intersection,Daylight,Clear,Unknown,Unknown,Unknown EMS Scene Arrival Hour,Unknown EMS Scene Arrival Minutes,Unknown,Unknown EMS Hospital Arrival Time,1,Daylight,Clear,1,0,['Driver'],['None_Used'],0,0,Invalid,2.0,2.0,21.0,21.0,['Male'],1,0,2,4,3,Dry,Straight,Level,Lowest,No
28779,45,South Carolina,450110,0,2,2,0,6,NOT APPLICABLE,February,16,Thursday,15,0,Urban,Medium Speed (Collector),No,32.91629722,-79.88405556,Non-Intersection,Daylight,Clear,Unknown,Unknown,Unknown EMS Scene Arrival Hour,Unknown EMS Scene Arrival Minutes,Unknown,Unknown EMS Hospital Arrival Time,1,Daylight,Clear,1,5,['Rear_Seat'],['Child_Safety'],0,0,Valid,1.0,1.0,46.0,34.0,"['Female', 'Male']",1,0,3,4,5,Dry,Straight,Level,Lowest,No
28780,45,South Carolina,450111,0,3,3,0,4,NOT APPLICABLE,February,16,Thursday,20,20,Urban,High Speed (Arterial),Yes,33.85358611,-78.69790556,Non-Intersection,Dark - Not Lighted,Clear,Unknown,Unknown,Unknown EMS Scene Arrival Hour,Unknown EMS Scene Arrival Minutes,Unknown,Unknown EMS Hospital Arrival Time,1,Dark - Unlighted,Clear,1,3,['Driver'],['Shoulder_Lapbelt'],1,1,Valid,0.0,1.0,33.0,19.0,"['Female', 'Female', 'Male']",0,0,3,4,5,Dry,Straight,Level,Lowest,No
28781,45,South Carolina,450112,0,2,2,0,3,NOT APPLICABLE,February,18,Saturday,17,31,Rural,Medium Speed (Collector),No,32.86643333,-80.28048333,Non-Intersection,Daylight,Clear,Unknown,Unknown,Unknown EMS Scene Arrival Hour,Unknown EMS Scene Arrival Minutes,Unknown,Unknown EMS Hospital Arrival Time,1,Daylight,Clear,1,2,['Driver'],['Shoulder_Lapbelt'],1,1,Valid,0.0,0.0,69.0,56.0,"['Female', 'Female']",0,0,3,4,5,Dry,Straight,Level,Lowest,No
28782,45,South Carolina,450113,1,1,1,0,2,NOT APPLICABLE,February,18,Saturday,19,0,Rural,Low Speed (Local),No,33.38288056,-79.85823056,Non-Intersection,Dark - Not Lighted,Clear,Unknown,Unknown if Notified,Unknown EMS Scene Arrival Hour,Unknown if Arrived,Not Applicable (Not Transported),Not Applicable (Not Transported),1,Dark - Unlighted,Clear,0,2,[],[],0,0,Valid,0.0,0.0,40.0,40.0,['Female'],0,0,3,2,4,Dry,Straight,Level,Lowest,No
28783,45,South Carolina,450114,1,1,1,0,2,NOT APPLICABLE,February,16,Thursday,21,41,Urban,High Speed (Arterial),Yes,34.80412222,-82.43084444,Non-Intersection,Dark - Unknown Lighting,Clear,Unknown,Unknown,Unknown EMS Scene Arrival Hour,Unknown EMS Scene Arrival Minutes,Unknown,Unknown EMS Hospital Arrival Time,1,Dark - Unlighted,Clear,0,2,[],[],0,0,Valid,0.0,0.0,22.0,22.0,['Male'],0,0,2,4,4,Dry,Straight,Level,Lowest,No
28784,45,South Carolina,450115,2,1,1,0,2,NOT APPLICABLE,February,18,Saturday,18,30,Urban,Medium Speed (Collector),No,34.21943611,-79.25788889,Simple Junction,Dark - Lighted,Clear,Unknown,Unknown,Unknown EMS Scene Arrival Hour,Unknown EMS Scene Arrival Minutes,Unknown,Unknown EMS Hospital Arrival Time,1,Dark - Lighted,Clear,0,2,[],[],0,0,Valid,1.0,0.0,33.0,33.0,['Male'],0,0,3,3,4,Dry,Straight,Level,Lowest,No
28785,45,South Carolina,450116,0,2,2,0,5,NOT APPLICABLE,February,18,Saturday,22,10,Rural,High Speed (Arterial),Yes,34.61431944,-79.8751,Non-Intersection,Dark - Not Lighted,Clear,Unknown,Unknown,Unknown EMS Scene Arrival Hour,Unknown EMS Scene Arrival Minutes,Unknown,Unknown EMS Hospital Arrival Time,1,Dark - Unlighted,Clear,1,4,['Driver'],['Shoulder_Lapbelt'],1,2,Valid,0.0,0.0,52.0,28.0,"['Male', 'Male']",0,0,3,4,5,Dry,Curve,Level,Lowest,No
28786,45,South Carolina,450117,0,1,1,0,1,NOT APPLICABLE,February,19,Sunday,6,20,Rural,Medium Speed (Collector),No,33.37714444,-79.84228333,Non-Intersection,Dark - Not Lighted,Clear,Unknown,Unknown if Notified,Unknown EMS Scene Arrival Hour,Unknown if Arrived,Not Applicable (Not Transported),Not Applicable (Not Transported),1,Dark - Unlighted,Clear,1,0,['Driver'],['None_Used'],1,1,Invalid,1.0,0.0,29.0,29.0,['Male'],1,0,3,4,3,Dry,Straight,Level,Lowest,No
28787,45,South Carolina,450118,0,2,2,0,2,NOT APPLICABLE,February,19,Sunday,16,30,Urban,High Speed (Arterial),No,32.31160556,-80.93466667,Complex/Circle,Daylight,Clear,Unknown,Unknown,Unknown EMS Scene Arrival Hour,Unknown EMS Scene Arrival Minutes,Unknown,Unknown EMS Hospital Arrival Time,1,Daylight,Clear,1,1,['Driver'],['None_Used'],0,0,Valid,0.0,0.0,77.0,25.0,"['Male', 'Female']",1,0,5,4,5,Dry,Straight,Level,Lowest,No
28788,45,South Carolina,450119,0,1,1,0,1,NOT APPLICABLE,February,20,Monday,22,40,Rural,High Speed (Arterial),Yes,32.36317222,-80.4516,Non-Intersection,Dark - Not Lighted,Clear,Unknown,Unknown if Notified,Unknown EMS Scene Arrival Hour,Unknown if Arrived,Not Applicable (Not Transported),Not Applicable (Not Transported),1,Dark - Unlighted,Clear,1,0,['Driver'],['None_Used'],1,1,Invalid,0.0,1.0,26.0,26.0,['Female'],1,0,2,4,3,Dry,Straight,Level,Lowest,No
28789,45,South Carolina,450120,2,1,1,0,1,NOT APPLICABLE,February,20,Monday,0,0,Rural,High Speed (Arterial),Yes,33.37626111,-79.9334,Non-Intersection,Dark - Not Lighted,Clear,Unknown,Unknown,Unknown EMS Scene Arrival Hour,Unknown EMS Scene Arrival Minutes,Unknown,Unknown EMS Hospital Arrival Time,1,Dark - Unlighted,Clear,0,1,[],[],0,0,Valid,0.0,0.0,50.0,50.0,['Female'],0,0,3,2,4,Dry,Straight,Level,Lowest,No
28790,45,South Carolina,450121,0,1,1,0,3,NOT APPLICABLE,February,20,Monday,12,40,Rural,Medium Speed (Collector),No,34.62303056,-81.08715,Non-Intersection,Daylight,Clear,Unknown,Unknown,Unknown EMS Scene Arrival Hour,Unknown EMS Scene Arrival Minutes,Unknown,Unknown EMS Hospital Arrival Time,1,Daylight,Clear,1,2,['Driver'],['None_Used'],0,0,Valid,3.0,6.0,19.0,19.0,['Male'],0,0,3,4,3,Dry,Curve,Grade/Hillcrest,Lowest,No
28791,45,South Carolina,450122,0,1,1,0,3,NOT APPLICABLE,February,21,Tuesday,11,51,Rural,Medium Speed (Collector),No,34.80634722,-81.01301944,Non-Intersection,Daylight,Clear,Unknown,Unknown,Unknown EMS Scene Arrival Hour,Unknown EMS Scene Arrival Minutes,Unknown,Unknown EMS Hospital Arrival Time,2,Daylight,Clear,2,1,"['Driver', 'Rear_Seat']","['Shoulder_Lapbelt', 'None_Used']",0,0,Valid,0.0,0.0,82.0,82.0,['Male'],3,0,3,4,2,Dry,Curve,Level,Lowest,No
28792,45,South Carolina,450123,0,2,2,0,2,NOT APPLICABLE,February,21,Tuesday,14,0,Rural,Medium Speed (Collector),No,33.90498889,-80.21366389,Complex/Circle,Daylight,Cloudy,Unknown,Unknown,Unknown EMS Scene Arrival Hour,Unknown EMS Scene Arrival Minutes,Unknown,Unknown EMS Hospital Arrival Time,1,Daylight,Reduced Visibility,1,1,['Driver'],['Shoulder_Lapbelt'],1,1,Valid,0.0,1.0,77.0,61.0,"['Male', 'Male']",0,0,4,4,5,Dry,Straight,Level,Lowest,No
28793,45,South Carolina,450124,1,2,2,0,3,FLORENCE,February,22,Wednesday,21,34,Urban,High Speed (Arterial),Yes,34.22393056,-79.79228056,Non-Intersection,Dark - Unknown Lighting,Clear,Unknown,Unknown,Unknown EMS Scene Arrival Hour,Unknown EMS Scene Arrival Minutes,Unknown,Unknown EMS Hospital Arrival Time,1,Dark - Unlighted,Clear,0,3,[],[],0,0,Valid,2.0,5.0,37.0,34.0,"['Female', 'Female']",0,0,3,4,4,Dry,Straight,Level,Lowest,No
28794,45,South Carolina,450125,0,2,2,0,2,NOT APPLICABLE,February,22,Wednesday,5,45,Rural,Medium Speed (Collector),No,34.28713889,-80.91393889,Non-Intersection,Dark - Not Lighted,Clear,Unknown,Unknown,Unknown EMS Scene Arrival Hour,Unknown EMS Scene Arrival Minutes,Unknown,Unknown EMS Hospital Arrival Time,1,Dark - Unlighted,Clear,1,1,['Driver'],['Shoulder_Lapbelt'],0,0,Valid,0.0,1.0,31.0,21.0,"['Male', 'Male']",0,0,3,4,5,Dry,Straight,Level,Lowest,No
28795,45,South Carolina,450126,0,1,1,0,3,NOT APPLICABLE,February,22,Wednesday,18,0,Rural,Low Speed (Local),No,34.72072222,-82.57643056,Non-Intersection,Dark - Not Lighted,Clear,Unknown,Unknown,Unknown EMS Scene Arrival Hour,Unknown EMS Scene Arrival Minutes,Unknown,Unknown EMS Hospital Arrival Time,1,Dark - Unlighted,Clear,1,2,['Front_Passenger'],['Shoulder_Lapbelt'],0,0,Valid,3.0,0.0,77.0,77.0,['Male'],3,0,2,4,3,Dry,Straight,Level,Lowest,No
28796,45,South Carolina,450127,0,3,1,2,1,NOT APPLICABLE,February,23,Thursday,0,17,Urban,Medium Speed (Collector),No,34.76895278,-82.34760556,Non-Intersection,Dark - Not Lighted,Clear,Unknown,Unknown,Unknown EMS Scene Arrival Hour,Unknown EMS Scene Arrival Minutes,Unknown,Unknown EMS Hospital Arrival Time,1,Dark - Unlighted,Clear,1,0,['Driver'],['None_Used'],1,1,Invalid,1.0,0.0,24.0,24.0,['Male'],1,0,3,4,3,Dry,Curve,Grade/Hillcrest,Lowest,No
28797,45,South Carolina,450128,0,1,1,0,1,NOT APPLICABLE,February,23,Thursday,17,45,Urban,High Speed (Arterial),Yes,34.14825833,-82.14277778,Non-Intersection,Daylight,Clear,Unknown,Unknown,Unknown EMS Scene Arrival Hour,Unknown EMS Scene Arrival Minutes,Unknown,Unknown EMS Hospital Arrival Time,1,Daylight,Clear,1,0,['Driver'],['None_Used'],1,1,Valid,0.0,0.0,60.0,60.0,['Male'],0,0,3,4,3,Dry,Straight,Level,Lowest,No
28798,45,South Carolina,450129,1,1,1,0,1,NOT APPLICABLE,February,24,Friday,1,41,Urban,High Speed (Arterial),No,34.7103,-81.19081944,Non-Intersection,Dark - Not Lighted,Clear,Unknown,Unknown if Notified,Unknown EMS Scene Arrival Hour,Unknown if Arrived,Not Applicable (Not Transported),Not Applicable (Not Transported),1,Dark - Unlighted,Clear,0,1,[],[],0,0,Valid,0.0,0.0,40.0,40.0,['Male'],0,0,2,3,4,Wet/Standing Water,Straight,Level,Lowest,No
28799,45,South Carolina,450130,0,2,2,0,2,NOT APPLICABLE,February,24,Friday,7,38,Urban,High Speed (Arterial),Yes,33.95202778,-80.96676944,Non-Intersection,Daylight,Clear,Unknown,Unknown,Unknown EMS Scene Arrival Hour,Unknown EMS Scene Arrival Minutes,Unknown,Unknown EMS Hospital Arrival Time,1,Daylight,Clear,1,1,['Driver'],['None_Used'],0,0,Valid,2.0,2.0,35.0,34.0,"['Female', 'Male']",1,0,5,4,5,Dry,Straight,Level,Lowest,No
28800,45,South Carolina,450131,0,1,1,0,2,NOT APPLICABLE,February,25,Saturday,4,45,Rural,High Speed (Arterial),Yes,33.93226944,-81.4844,Non-Intersection,Dark - Not Lighted,Rain,Unknown,Unknown,Unknown EMS Scene Arrival Hour,Unknown EMS Scene Arrival Minutes,Unknown,Unknown EMS Hospital Arrival Time,1,Dark - Unlighted,Rain/Wind/Minor,1,1,['Driver'],['None_Used'],1,1,Invalid,0.0,0.0,33.0,33.0,['Male'],2,0,3,4,3,Wet/Standing Water,Curve,Grade/Hillcrest,Lowest,No
28801,45,South Carolina,450132,0,2,2,0,2,CONWAY,February,24,Friday,13,48,Urban,High Speed (Arterial),Yes,33.86468333,-79.09625833,Non-Intersection,Daylight,Clear,Unknown,Unknown if Notified,Unknown EMS Scene Arrival Hour,Unknown if Arrived,Not Applicable (Not Transported),Not Applicable (Not Transported),1,Daylight,Clear,1,1,['Driver'],['None_Used'],0,0,Valid,0.0,1.0,20.0,19.0,"['Male', 'Male']",0,0,5,4,5,Dry,Straight,Level,Lowest,No
28802,45,South Carolina,450133,0,2,2,0,2,NOT APPLICABLE,February,25,Saturday,8,57,Rural,Medium Speed (Collector),No,34.87564444,-82.14557222,Complex/Circle,Daylight,Clear,Unknown,Unknown,Unknown EMS Scene Arrival Hour,Unknown EMS Scene Arrival Minutes,Unknown,Unknown EMS Hospital Arrival Time,1,Daylight,Clear,1,1,['Driver'],['Shoulder_Lapbelt'],0,0,Valid,1.0,0.0,70.0,53.0,"['Male', 'Male']",0,0,3,4,5,Dry,Straight,Level,Lowest,No
28803,45,South Carolina,450134,0,1,1,0,2,NOT APPLICABLE,February,25,Saturday,23,10,Rural,High Speed (Arterial),Yes,35.1661,-82.47063056,Non-Intersection,Dark - Not Lighted,Cloudy,Unknown,Unknown,Unknown EMS Scene Arrival Hour,Unknown EMS Scene Arrival Minutes,Unknown,Unknown EMS Hospital Arrival Time,1,Dark - Unlighted,Reduced Visibility,1,1,['Driver'],['None_Used'],0,0,Invalid,0.0,0.0,22.0,22.0,['Male'],2,0,3,4,3,Dry,Straight,Grade/Hillcrest,Lowest,No