,State_Code,State_Name,Crash_ID,Count_Non_Motorists,Count_Vehicles_Total,Count_Vehicle_Forms,Count_PVH_Involved,Count_Occupants_MV,City_Name,Month_Name,Day_of_Month,Day_of_Week,Crash_Hour,Crash_Minute,Area_Rural_Urban,Road_Functional_Class,On_NHS_Road,Latitude,Longitude,Intersection_Type,Light_Condition,Weather_Condition,Notif_Hour,Notif_Minute,Arrival_Hour,Arrival_Minute,Hospital_Hour,Hospital_Minute,Fatalities_Count,Clean_Light_Condition,Clean_Weather_Condition,Total_Killed,Total_Alive,Fatal_Seats_List,Killed_Restraint_List,Any_Driver_Drinking,Total_Drinking_Drivers,Driver_License_Category,Driver_Max_Prev_Accident_Count,Driver_Max_Prev_Speeding_Count,Max_Driver_Age,Min_Driver_Age,Driver_Sex_List,Total_Exceeding_Limit_Vehicles,Total_Too_Fast_Vehicles,Max_Vehicle_Type_Severity_5,Max_Vehicle_Damage_Rank,Max_Harmful_Event_Severity,Crash_Road_Surface_Condition,Crash_Horizontal_Alignment,Crash_Vertical_Profile,Crash_Impairment_Category,Crash_Vehicle_Defect
28804,45,South Carolina,450135,1,1,1,0,2,NOT APPLICABLE,February,25,Saturday,21,28,Rural,High Speed (Arterial),Yes,33.46268333,-80.51376389,Non-Intersection,Dark - Lighted,Clear,Unknown,Unknown,Unknown EMS Scene Arrival Hour,Unknown EMS Scene Arrival Minutes,Unknown,Unknown EMS Hospital Arrival Time,1,Dark - Lighted,Clear,0,2,[],[],1,1,Valid,2.0,1.0,27.0,27.0,['Male'],0,0,3,4,4,Dry,Straight,Level,Lowest,No
28805,45,South Carolina,450136,0,1,1,0,4,NOT APPLICABLE,February,25,Saturday,16,11,Rural,High Speed (Arterial),Yes,33.41391944,-80.49721111,Non-Intersection,Daylight,Clear,Unknown,Unknown,Unknown EMS Scene Arrival Hour,Unknown EMS Scene Arrival Minutes,Unknown,Unknown EMS Hospital Arrival Time,1,Daylight,Clear,1,3,['Driver'],['Shoulder_Lapbelt'],0,0,Valid,0.0,0.0,83.0,83.0,['Male'],0,0,2,4,3,Dry,Straight,Level,Lowest,Yes
28806,45,South Carolina,450137,1,1,1,0,1,NOT APPLICABLE,February,27,Monday,19,28,Urban,High Speed (Arterial),Yes,32.44121667,-80.71943611,Non-Intersection,Dark - Not Lighted,Clear,Unknown,Unknown,Unknown EMS Scene Arrival Hour,Unknown EMS Scene Arrival Minutes,Unknown,Unknown EMS Hospital Arrival Time,1,Dark - Unlighted,Clear,0,1,[],[],0,0,Valid,1.0,0.0,22.0,22.0,['Female'],0,0,3,3,4,Dry,Straight,Level,Lowest,No
28807,45,South Carolina,450138,0,3,3,0,5,NOT APPLICABLE,February,27,Monday,6,29,Rural,Medium Speed (Collector),No,33.15799167,-80.08302222,Non-Intersection,Dark - Not Lighted,"Fog, Smog, Smoke",Unknown,Unknown,Unknown EMS Scene Arrival Hour,Unknown EMS Scene Arrival Minutes,Unknown,Unknown EMS Hospital Arrival Time,2,Dark - Unlighted,Reduced Visibility,2,3,"['Driver', 'Driver']","['Shoulder_Lapbelt', 'None_Used']",0,0,Valid,1.0,2.0,52.0,40.0,"['Male', 'Male', 'Male']",1,0,3,4,5,Dry,Straight,Level,Lowest,No
28808,45,South Carolina,450139,1,1,1,0,1,NOT APPLICABLE,February,28,Tuesday,19,0,Rural,Medium Speed (Collector),No,33.11749167,-81.04708056,Non-Intersection,Dark - Not Lighted,Clear,Unknown,Unknown if Notified,Unknown EMS Scene Arrival Hour,Unknown if Arrived,Not Applicable (Not Transported),Not Applicable (Not Transported),1,Dark - Unlighted,Clear,0,1,[],[],0,0,Valid,0.0,0.0,47.0,47.0,['Male'],0,0,3,2,4,Dry,Straight,Level,Lowest,No
28809,45,South Carolina,450140,1,1,1,0,1,NOT APPLICABLE,February,28,Tuesday,21,10,Urban,High Speed (Arterial),Yes,34.24821944,-79.8227,Non-Intersection,Dark - Not Lighted,Clear,Unknown,Unknown,Unknown EMS Scene Arrival Hour,Unknown EMS Scene Arrival Minutes,Unknown,Unknown EMS Hospital Arrival Time,1,Dark - Unlighted,Clear,0,1,[],[],0,0,Valid,2.0,2.0,27.0,27.0,['Male'],0,0,3,4,4,Dry,Straight,Grade/Hillcrest,Lowest,No
28810,45,South Carolina,450141,0,3,3,0,3,NOT APPLICABLE,February,28,Tuesday,10,5,Urban,Medium Speed (Collector),No,34.08613333,-81.22518056,Complex/Circle,Daylight,Clear,Unknown,Unknown,Unknown EMS Scene Arrival Hour,Unknown EMS Scene Arrival Minutes,Unknown,Unknown EMS Hospital Arrival Time,1,Daylight,Clear,1,2,['Driver'],['Shoulder_Lapbelt'],0,0,Valid,0.0,1.0,86.0,29.0,"['Female', 'Male', 'Female']",0,0,3,4,5,Dry,Straight,Level,Lowest,No
28811,45,South Carolina,450142,0,2,2,0,2,NOT APPLICABLE,February,28,Tuesday,15,40,Urban,Medium Speed (Collector),No,33.56646944,-81.8924,Complex/Circle,Daylight,Clear,Unknown,Unknown,Unknown EMS Scene Arrival Hour,Unknown EMS Scene Arrival Minutes,Unknown,Unknown EMS Hospital Arrival Time,1,Daylight,Clear,1,1,['Driver'],['Shoulder_Lapbelt'],1,1,Valid,1.0,0.0,63.0,46.0,"['Male', 'Female']",0,0,3,4,5,Dry,Straight,Level,Lowest,No
28812,45,South Carolina,450143,1,1,1,0,1,CHARLESTON,February,20,Monday,21,44,Urban,High Speed (Arterial),Yes,32.7821,-79.98631111,Non-Intersection,Dark - Unknown Lighting,Clear,Unknown,Unknown if Notified,Unknown EMS Scene Arrival Hour,Unknown if Arrived,Not Applicable (Not Transported),Not Applicable (Not Transported),1,Dark - Unlighted,Clear,0,1,[],[],0,0,Valid,0.0,0.0,19.0,19.0,['Female'],0,0,3,4,4,Dry,Straight,Level,Lowest,No
28813,45,South Carolina,450144,1,1,1,0,1,SPARTANBURG,February,24,Friday,12,50,Urban,High Speed (Arterial),Yes,34.93983889,-81.92803889,Non-Intersection,Daylight,Clear,Unknown,Unknown,Unknown EMS Scene Arrival Hour,Unknown EMS Scene Arrival Minutes,Unknown,Unknown EMS Hospital Arrival Time,1,Daylight,Clear,0,1,[],[],0,0,Valid,0.0,1.0,24.0,24.0,['Male'],0,0,3,2,4,Dry,Straight,Level,Lowest,No
28814,45,South Carolina,450145,0,1,1,0,3,NOT APPLICABLE,March,1,Wednesday,2,17,Rural,Low Speed (Local),No,35.02496944,-82.33204722,Non-Intersection,Dark - Not Lighted,Clear,Unknown,Unknown,Unknown EMS Scene Arrival Hour,Unknown EMS Scene Arrival Minutes,Unknown,Unknown EMS Hospital Arrival Time,1,Dark - Unlighted,Clear,1,2,['Front_Passenger'],['None_Used'],1,1,Invalid,1.0,0.0,25.0,25.0,['Male'],3,0,2,4,3,Dry,Curve,Level,Lowest,No
28815,45,South Carolina,450146,0,2,2,0,4,CHARLESTON,March,1,Wednesday,14,49,Urban,High Speed (Arterial),No,32.68545,-79.95948889,Simple Junction,Daylight,Clear,Unknown,Unknown if Notified,Unknown EMS Scene Arrival Hour,Unknown if Arrived,Not Applicable (Not Transported),Not Applicable (Not Transported),1,Daylight,Clear,1,3,['Driver'],['None_Used'],0,0,Valid,0.0,0.0,88.0,67.0,"['Male', 'Male']",0,0,5,4,5,Dry,Straight,Level,Lowest,No
28816,45,South Carolina,450147,0,2,2,0,3,NORTH CHARLESTON,March,2,Thursday,11,39,Urban,High Speed (Arterial),No,32.85311111,-79.98803056,Complex/Circle,Daylight,Clear,Unknown,Unknown,Unknown EMS Scene Arrival Hour,Unknown EMS Scene Arrival Minutes,Unknown,Unknown EMS Hospital Arrival Time,2,Daylight,Clear,2,1,"['Driver', 'Front_Passenger']","['Shoulder_Lapbelt', 'None_Used']",1,2,Valid,2.0,0.0,34.0,22.0,"['Female', 'Male']",2,0,3,4,5,Dry,Straight,Level,Lowest,No
28817,45,South Carolina,450148,0,2,2,0,2,NOT APPLICABLE,March,2,Thursday,12,15,Rural,High Speed (Arterial),Yes,34.03013056,-81.65059444,Complex/Circle,Daylight,Cloudy,Unknown,Unknown if Notified,Unknown EMS Scene Arrival Hour,Unknown if Arrived,Not Applicable (Not Transported),Not Applicable (Not Transported),1,Daylight,Reduced Visibility,1,1,['Driver'],['Shoulder_Lapbelt'],0,0,Valid,0.0,0.0,56.0,24.0,"['Male', 'Male']",0,0,3,4,5,Dry,Straight,Level,Lowest,No
28818,45,South Carolina,450149,1,1,1,0,3,MYRTLE BEACH,January,2,Monday,15,1,Urban,Low Speed (Local),No,33.6708,-78.9546,Complex/Circle,Daylight,Clear,Unknown,Unknown,Unknown EMS Scene Arrival Hour,Unknown EMS Scene Arrival Minutes,Unknown,Unknown EMS Hospital Arrival Time,1,Daylight,Clear,0,3,[],[],0,0,Valid,0.0,1.0,40.0,40.0,['Female'],0,0,3,3,4,Dry,Straight,Level,Lowest,No
28819,45,South Carolina,450150,0,4,4,0,6,ROCK HILL,January,22,Sunday,18,24,Urban,High Speed (Arterial),Yes,34.95378889,-81.01463056,Non-Intersection,Dark - Lighted,Rain,Unknown,Unknown,Unknown EMS Scene Arrival Hour,Unknown EMS Scene Arrival Minutes,Unknown,Unknown EMS Hospital Arrival Time,1,Dark - Lighted,Rain/Wind/Minor,1,5,['Driver'],['None_Used'],0,0,Valid,1.0,0.0,39.0,19.0,"['Female', 'Male', 'Male', 'Male']",0,0,3,4,5,Wet/Standing Water,Straight,Level,Medium,No
28820,45,South Carolina,450151,0,1,1,0,1,GREENVILLE,February,4,Saturday,22,5,Urban,Low Speed (Local),No,34.84273056,-82.32996944,Non-Intersection,Dark - Unknown Lighting,Clear,Unknown,Unknown,Unknown EMS Scene Arrival Hour,Unknown EMS Scene Arrival Minutes,Unknown,Unknown EMS Hospital Arrival Time,1,Dark - Unlighted,Clear,1,0,['Driver'],['Shoulder_Lapbelt'],0,0,Valid,0.0,0.0,43.0,43.0,['Male'],1,0,2,4,3,Dry,Straight,Level,Lowest,No
28821,45,South Carolina,450152,1,1,1,0,2,NOT APPLICABLE,February,7,Tuesday,19,12,Urban,Medium Speed (Collector),No,32.92186944,-80.67098889,Non-Intersection,Dark - Unknown Lighting,Clear,Unknown,Unknown,Unknown EMS Scene Arrival Hour,Unknown EMS Scene Arrival Minutes,Unknown,Unknown EMS Hospital Arrival Time,1,Dark - Unlighted,Clear,0,2,[],[],0,0,Valid,0.0,0.0,16.0,16.0,['Female'],0,0,3,2,4,Dry,Straight,Level,Lowest,Yes
28822,45,South Carolina,450153,0,1,1,0,1,RAVENEL,February,23,Thursday,20,19,Rural,Medium Speed (Collector),No,32.7646,-80.24021944,Non-Intersection,Dark - Lighted,Clear,Unknown,Unknown if Notified,Unknown EMS Scene Arrival Hour,Unknown if Arrived,Not Applicable (Not Transported),Not Applicable (Not Transported),1,Dark - Lighted,Clear,1,0,['Driver'],['Shoulder_Lapbelt'],1,1,Valid,0.0,0.0,26.0,26.0,['Male'],0,0,3,4,4,Dry,Straight,Level,Lowest,No
28823,45,South Carolina,450154,0,1,1,0,1,NOT APPLICABLE,March,2,Thursday,1,45,Rural,High Speed (Arterial),Yes,32.77490278,-80.79869722,Non-Intersection,Dark - Not Lighted,Clear,Unknown,Unknown if Notified,Unknown EMS Scene Arrival Hour,Unknown if Arrived,Not Applicable (Not Transported),Not Applicable (Not Transported),1,Dark - Unlighted,Clear,1,0,['Driver'],['None_Used'],0,0,Valid,0.0,0.0,69.0,69.0,['Male'],0,0,2,4,3,Dry,Straight,Level,Medium,No
28824,45,South Carolina,450155,0,1,1,0,3,FORT MILL,March,2,Thursday,23,45,Urban,Medium Speed (Collector),No,35.01458889,-80.96631111,Non-Intersection,Dark - Unknown Lighting,Rain,Unknown,Unknown,Unknown EMS Scene Arrival Hour,Unknown EMS Scene Arrival Minutes,Unknown,Unknown EMS Hospital Arrival Time,1,Dark - Unlighted,Rain/Wind/Minor,1,2,['Rear_Seat'],['None_Used'],1,1,Valid,1.0,1.0,26.0,26.0,['Male'],3,0,2,4,3,Wet/Standing Water,Straight,Grade/Hillcrest,Lowest,No
28825,45,South Carolina,450156,0,1,1,0,1,NOT APPLICABLE,March,3,Friday,10,18,Rural,Low Speed (Local),No,32.375825,-80.5873,Non-Intersection,Daylight,Clear,Unknown,Unknown if Notified,Unknown EMS Scene Arrival Hour,Unknown if Arrived,Not Applicable (Not Transported),Not Applicable (Not Transported),1,Daylight,Clear,1,0,['Driver'],['None_Used'],1,1,Valid,1.0,0.0,53.0,53.0,['Male'],1,0,2,4,3,Dry,Straight,Level,Lowest,No
28826,45,South Carolina,450157,0,2,2,0,2,NOT APPLICABLE,March,3,Friday,17,35,Rural,Medium Speed (Collector),No,33.42679722,-79.29143889,Non-Intersection,Daylight,Clear,Unknown,Unknown,Unknown EMS Scene Arrival Hour,Unknown EMS Scene Arrival Minutes,Unknown,Unknown EMS Hospital Arrival Time,1,Daylight,Clear,1,1,['Driver'],['None_Used'],0,0,Valid,1.0,1.0,73.0,65.0,"['Female', 'Female']",0,0,3,4,5,Dry,Straight,Level,Lowest,No
28827,45,South Carolina,450158,1,2,2,0,2,SPARTANBURG,March,3,Friday,18,38,Urban,Medium Speed (Collector),No,34.92936944,-81.98856944,Non-Intersection,Dusk,Rain,Unknown,Unknown if Notified,Unknown EMS Scene Arrival Hour,Unknown if Arrived,Not Applicable (Not Transported),Not Applicable (Not Transported),1,Twilight,Rain/Wind/Minor,0,2,[],[],0,0,Valid,0.0,0.0,69.0,62.0,"['Male', 'Female']",0,0,3,3,4,Wet/Standing Water,Straight,Grade/Hillcrest,Lowest,No
28828,45,South Carolina,450159,0,1,1,0,1,NOT APPLICABLE,March,3,Friday,21,24,Urban,Medium Speed (Collector),No,34.82016111,-82.41465,Simple Junction,Dark - Lighted,Rain,Unknown,Unknown,Unknown EMS Scene Arrival Hour,Unknown EMS Scene Arrival Minutes,Unknown,Unknown EMS Hospital Arrival Time,1,Dark - Lighted,Rain/Wind/Minor,1,0,['Driver'],['Shoulder_Lapbelt'],1,1,Valid,0.0,0.0,47.0,47.0,['Male'],1,0,3,4,3,Wet/Standing Water,Straight,Level,Lowest,No
28829,45,South Carolina,450160,0,1,1,0,1,NOT APPLICABLE,March,4,Saturday,2,20,Rural,Medium Speed (Collector),No,32.70258889,-80.10843056,Non-Intersection,Dark - Not Lighted,Cloudy,Unknown,Unknown if Notified,Unknown EMS Scene Arrival Hour,Unknown if Arrived,Not Applicable (Not Transported),Not Applicable (Not Transported),1,Dark - Unlighted,Reduced Visibility,1,0,['Driver'],['None_Used'],1,1,Valid,2.0,0.0,21.0,21.0,['Male'],1,0,2,4,3,Dry,Curve,Level,Lowest,No
28830,45,South Carolina,450161,1,1,1,0,1,NOT APPLICABLE,March,4,Saturday,5,32,Urban,High Speed (Arterial),Yes,34.00514444,-80.956375,Non-Intersection,Dawn,Clear,Unknown,Unknown,Unknown EMS Scene Arrival Hour,Unknown EMS Scene Arrival Minutes,Unknown,Unknown EMS Hospital Arrival Time,1,Twilight,Clear,0,1,[],[],0,0,Valid,0.0,0.0,39.0,39.0,['Female'],0,0,3,4,4,Dry,Straight,Level,Lowest,No
28831,45,South Carolina,450162,0,2,2,0,3,NOT APPLICABLE,March,4,Saturday,12,35,Urban,High Speed (Arterial),Yes,33.95158889,-81.24531944,Non-Intersection,Daylight,Clear,Unknown,Unknown,Unknown EMS Scene Arrival Hour,Unknown EMS Scene Arrival Minutes,Unknown,Unknown EMS Hospital Arrival Time,1,Daylight,Clear,1,2,['Front_Passenger'],['Shoulder_Lapbelt'],0,0,Valid,1.0,1.0,69.0,18.0,"['Female', 'Female']",1,0,3,4,5,Dry,Straight,Level,Lowest,No
28832,45,South Carolina,450163,0,2,2,0,3,NOT APPLICABLE,March,4,Saturday,10,40,Rural,High Speed (Arterial),No,34.753675,-80.55441389,Non-Intersection,Daylight,Clear,Unknown,Unknown,Unknown EMS Scene Arrival Hour,Unknown EMS Scene Arrival Minutes,Unknown,Unknown EMS Hospital Arrival Time,1,Daylight,Clear,1,2,['Driver'],['None_Used'],1,1,Valid,1.0,3.0,76.0,56.0,"['Female', 'Male']",0,0,5,4,5,Dry,Straight,Level,Lowest,No
28833,45,South Carolina,450164,0,2,2,0,5,NORTH CHARLESTON,March,4,Saturday,14,41,Urban,High Speed (Arterial),Yes,32.9265,-80.03361944,Simple Junction,Daylight,Clear,Unknown,Unknown,Unknown EMS Scene Arrival Hour,Unknown EMS Scene Arrival Minutes,Unknown,Unknown EMS Hospital Arrival Time,1,Daylight,Clear,1,4,['Driver'],['Shoulder_Lapbelt'],1,1,Invalid,0.0,0.0,50.0,44.0,"['Male', 'Female']",0,0,3,4,5,Dry,Straight,Level,Lowest,No
28834,45,South Carolina,450165,0,2,2,0,2,NOT APPLICABLE,March,4,Saturday,16,8,Rural,Medium Speed (Collector),No,34.97251111,-82.50602222,Simple Junction,Daylight,Clear,Unknown,Unknown,Unknown EMS Scene Arrival Hour,Unknown EMS Scene Arrival Minutes,Unknown,Unknown EMS Hospital Arrival Time,1,Daylight,Clear,1,1,['Driver'],['Shoulder_Lapbelt'],0,0,Invalid,0.0,0.0,83.0,39.0,"['Male', 'Male']",0,0,3,4,5,Dry,Curve,Level,Lowest,No
28835,45,South Carolina,450166,0,1,1,0,3,NOT APPLICABLE,March,4,Saturday,17,28,Rural,Medium Speed (Collector),No,32.73583611,-80.80913333,Non-Intersection,Daylight,Clear,Unknown,Unknown,Unknown EMS Scene Arrival Hour,Unknown EMS Scene Arrival Minutes,Unknown,Unknown EMS Hospital Arrival Time,1,Daylight,Clear,1,2,['Rear_Seat'],['None_Used'],1,1,Invalid,1.0,0.0,50.0,50.0,['Male'],3,0,2,4,3,Dry,Straight,Level,Lowest,No
28836,45,South Carolina,450167,0,2,2,0,4,NOT APPLICABLE,March,5,Sunday,15,55,Urban,Medium Speed (Collector),No,34.5591,-82.64306944,Non-Intersection,Daylight,Clear,Unknown,Unknown,Unknown EMS Scene Arrival Hour,Unknown EMS Scene Arrival Minutes,Unknown,Unknown EMS Hospital Arrival Time,1,Daylight,Clear,1,3,['Driver'],['None_Used'],1,1,Valid,1.0,1.0,34.0,29.0,"['Female', 'Male']",0,0,2,4,5,Dry,Straight,Level,Lowest,No
28837,45,South Carolina,450168,0,1,1,0,1,COLUMBIA,March,5,Sunday,2,58,Urban,High Speed (Arterial),No,34.03403056,-81.02816111,Non-Intersection,Dark - Not Lighted,Clear,Unknown,Unknown if Notified,Unknown EMS Scene Arrival Hour,Unknown if Arrived,Not Applicable (Not Transported),Not Applicable (Not Transported),1,Dark - Unlighted,Clear,1,0,['Driver'],['None_Used'],1,1,Valid,2.0,2.0,22.0,22.0,['Male'],1,0,2,4,3,Dry,Straight,Level,Lowest,No
28838,45,South Carolina,450169,0,2,2,0,2,NOT APPLICABLE,March,6,Monday,6,14,Rural,Medium Speed (Collector),No,34.25629167,-81.3123,Non-Intersection,Dark - Not Lighted,Clear,Unknown,Unknown,Unknown EMS Scene Arrival Hour,Unknown EMS Scene Arrival Minutes,Unknown,Unknown EMS Hospital Arrival Time,1,Dark - Unlighted,Clear,1,1,['Driver'],['None_Used'],0,0,Invalid,0.0,2.0,55.0,18.0,"['Male', 'Male']",0,0,4,4,5,Dry,Straight,Level,Lowest,No
28839,45,South Carolina,450170,0,2,2,0,2,NOT APPLICABLE,March,7,Tuesday,9,55,Rural,Medium Speed (Collector),No,33.46065,-80.44475556,Non-Intersection,Daylight,Clear,Unknown,Unknown if Notified,Unknown EMS Scene Arrival Hour,Unknown if Arrived,Not Applicable (Not Transported),Not Applicable (Not Transported),1,Daylight,Clear,1,1,['Driver'],['None_Used'],0,0,Valid,2.0,0.0,35.0,35.0,"['Male', 'Male']",0,0,4,4,5,Dry,Curve,Level,Lowest,No
28840,45,South Carolina,450171,0,2,2,0,3,NOT APPLICABLE,March,7,Tuesday,13,15,Urban,Medium Speed (Collector),No,34.98846111,-81.94643889,Non-Intersection,Daylight,Clear,Unknown,Unknown,Unknown EMS Scene Arrival Hour,Unknown EMS Scene Arrival Minutes,Unknown,Unknown EMS Hospital Arrival Time,1,Daylight,Clear,1,2,['Driver'],['Shoulder_Lapbelt'],0,0,Valid,3.0,1.0,25.0,22.0,"['Female', 'Male']",0,0,3,4,5,Dry,Straight,Level,Lowest,No
28841,45,South Carolina,450172,0,2,2,0,2,NOT APPLICABLE,March,7,Tuesday,11,44,Rural,Medium Speed (Collector),No,34.08766944,-81.37455556,Non-Intersection,Daylight,Clear,Unknown,Unknown if Notified,Unknown EMS Scene Arrival Hour,Unknown if Arrived,Not Applicable (Not Transported),Not Applicable (Not Transported),1,Daylight,Clear,1,1,['Driver'],['Shoulder_Lapbelt'],1,1,Valid,1.0,0.0,41.0,34.0,"['Female', 'Female']",0,0,4,4,5,Dry,Curve,Level,Lowest,No
28842,45,South Carolina,450173,1,1,1,0,3,NOT APPLICABLE,March,7,Tuesday,19,50,Rural,High Speed (Arterial),Yes,33.36523056,-79.93736944,Non-Intersection,Dark - Not Lighted,Clear,Unknown,Unknown if Notified,Unknown EMS Scene Arrival Hour,Unknown if Arrived,Not Applicable (Not Transported),Not Applicable (Not Transported),1,Dark - Unlighted,Clear,0,3,[],[],0,0,Valid,0.0,2.0,24.0,24.0,['Female'],0,0,2,4,4,Dry,Straight,Level,Lowest,No
28843,45,South Carolina,450174,1,1,1,0,1,NOT APPLICABLE,March,7,Tuesday,17,40,Rural,High Speed (Arterial),Yes,32.64104722,-80.85273056,Simple Junction,Dusk,Clear,Unknown,Unknown,Unknown EMS Scene Arrival Hour,Unknown EMS Scene Arrival Minutes,Unknown,Unknown EMS Hospital Arrival Time,1,Twilight,Clear,0,1,[],[],0,0,Valid,0.0,0.0,75.0,75.0,['Female'],0,0,3,4,4,Dry,Straight,Level,Lowest,No
28844,45,South Carolina,450175,0,2,2,0,2,NOT APPLICABLE,March,7,Tuesday,18,36,Rural,High Speed (Arterial),Yes,33.39267222,-79.37050278,Non-Intersection,Dusk,Clear,Unknown,Unknown,Unknown EMS Scene Arrival Hour,Unknown EMS Scene Arrival Minutes,Unknown,Unknown EMS Hospital Arrival Time,1,Twilight,Clear,1,1,['Driver'],['None_Used'],0,0,Invalid,0.0,1.0,44.0,41.0,"['Male', 'Female']",1,0,5,4,5,Dry,Straight,Level,Lowest,No
28845,45,South Carolina,450176,0,2,2,0,2,NOT APPLICABLE,March,8,Wednesday,3,7,Rural,High Speed (Arterial),No,34.55798611,-79.66128333,Non-Intersection,Dark - Lighted,Clear,Unknown,Unknown,Unknown EMS Scene Arrival Hour,Unknown EMS Scene Arrival Minutes,Unknown,Unknown EMS Hospital Arrival Time,1,Dark - Lighted,Clear,1,1,['Driver'],['Shoulder_Lapbelt'],0,0,Valid,0.0,0.0,51.0,23.0,"['Male', 'Male']",0,0,2,4,5,Dry,Straight,Level,Lowest,No
28846,45,South Carolina,450177,0,5,5,0,6,NOT APPLICABLE,March,8,Wednesday,12,36,Urban,High Speed (Arterial),Yes,34.04935278,-81.10498056,Complex/Circle,Daylight,Clear,Unknown,Unknown,Unknown EMS Scene Arrival Hour,Unknown EMS Scene Arrival Minutes,Unknown,Unknown EMS Hospital Arrival Time,1,Daylight,Clear,1,5,['Driver'],['None_Used'],0,0,Valid,2.0,1.0,73.0,42.0,"['Female', 'Female', 'Female', 'Female', 'Male']",1,0,3,4,5,Dry,Straight,Level,Lowest,No
28847,45,South Carolina,450178,0,2,2,0,2,NOT APPLICABLE,March,8,Wednesday,5,40,Rural,Medium Speed (Collector),No,32.93056944,-80.17253333,Non-Intersection,Dark - Not Lighted,Clear,Unknown,Unknown if Notified,Unknown EMS Scene Arrival Hour,Unknown if Arrived,Not Applicable (Not Transported),Not Applicable (Not Transported),1,Dark - Unlighted,Clear,1,1,['Driver'],['Shoulder_Lapbelt'],0,0,Valid,3.0,0.0,26.0,20.0,"['Female', 'Male']",1,0,2,4,5,Dry,Straight,Level,Lowest,No
28848,45,South Carolina,450179,0,1,1,0,1,NOT APPLICABLE,March,8,Wednesday,19,44,Rural,Medium Speed (Collector),No,32.77266389,-80.68723333,Non-Intersection,Dark - Not Lighted,Clear,Unknown,Unknown if Notified,Unknown EMS Scene Arrival Hour,Unknown if Arrived,Not Applicable (Not Transported),Not Applicable (Not Transported),1,Dark - Unlighted,Clear,1,0,['Driver'],['Shoulder_Lapbelt'],0,0,Invalid,1.0,1.0,47.0,47.0,['Male'],1,0,3,4,3,Dry,Straight,Level,Lowest,No
28849,45,South Carolina,450180,0,2,2,0,2,NOT APPLICABLE,March,8,Wednesday,6,15,Urban,Medium Speed (Collector),No,33.68520278,-78.97039167,Non-Intersection,Dawn,Clear,Unknown,Unknown,Unknown EMS Scene Arrival Hour,Unknown EMS Scene Arrival Minutes,Unknown,Unknown EMS Hospital Arrival Time,1,Twilight,Clear,1,1,['Driver'],['Shoulder_Lapbelt'],0,0,Valid,1.0,0.0,69.0,53.0,"['Male', 'Male']",0,0,4,4,5,Dry,Straight,Level,Lowest,No
28850,45,South Carolina,450181,1,5,5,0,5,NORTH CHARLESTON,March,9,Thursday,16,16,Urban,High Speed (Arterial),No,32.90463889,-80.02086111,Complex/Circle,Daylight,Clear,Unknown,Unknown,Unknown EMS Scene Arrival Hour,Unknown EMS Scene Arrival Minutes,Unknown,Unknown EMS Hospital Arrival Time,1,Daylight,Clear,0,5,[],[],0,0,Invalid,0.0,0.0,56.0,18.0,"['Female', 'Male', 'Male', 'Female', 'Female']",0,0,4,4,5,Dry,Straight,Level,Lowest,No
28851,45,South Carolina,450182,0,2,2,0,2,NOT APPLICABLE,March,9,Thursday,15,45,Rural,Medium Speed (Collector),No,33.92169722,-81.70771944,Non-Intersection,Daylight,Clear,Unknown,Unknown if Notified,Unknown EMS Scene Arrival Hour,Unknown if Arrived,Not Applicable (Not Transported),Not Applicable (Not Transported),1,Daylight,Clear,1,1,['Driver'],['Shoulder_Lapbelt'],0,0,Valid,0.0,0.0,65.0,39.0,"['Male', 'Female']",0,0,4,4,5,Dry,Straight,Level,Lowest,No
28852,45,South Carolina,450183,0,1,1,0,1,NOT APPLICABLE,March,9,Thursday,12,20,Rural,Medium Speed (Collector),No,33.98620278,-81.032775,Non-Intersection,Daylight,Clear,Unknown,Unknown if Notified,Unknown EMS Scene Arrival Hour,Unknown if Arrived,Not Applicable (Not Transported),Not Applicable (Not Transported),1,Daylight,Clear,1,0,['Driver'],['None_Used'],1,1,Valid,5.0,1.0,27.0,27.0,['Male'],0,0,2,4,3,Dry,Straight,Level,Lowest,No
28853,45,South Carolina,450184,0,2,2,0,3,NOT APPLICABLE,March,10,Friday,18,56,Urban,High Speed (Arterial),Yes,33.41901944,-79.17934167,Non-Intersection,Dark - Lighted,Clear,Unknown,Unknown,Unknown EMS Scene Arrival Hour,Unknown EMS Scene Arrival Minutes,Unknown,Unknown EMS Hospital Arrival Time,1,Dark - Lighted,Clear,1,2,['Driver'],['Shoulder_Lapbelt'],0,0,Valid,0.0,1.0,78.0,25.0,"['Male', 'Female']",0,0,3,4,5,Dry,Straight,Level,Lowest,No