,State_Code,State_Name,Crash_ID,Count_Non_Motorists,Count_Vehicles_Total,Count_Vehicle_Forms,Count_PVH_Involved,Count_Occupants_MV,City_Name,Month_Name,Day_of_Month,Day_of_Week,Crash_Hour,Crash_Minute,Area_Rural_Urban,Road_Functional_Class,On_NHS_Road,Latitude,Longitude,Intersection_Type,Light_Condition,Weather_Condition,Notif_Hour,Notif_Minute,Arrival_Hour,Arrival_Minute,Hospital_Hour,Hospital_Minute,Fatalities_Count,Clean_Light_Condition,Clean_Weather_Condition,Total_Killed,Total_Alive,Fatal_Seats_List,Killed_Restraint_List,Any_Driver_Drinking,Total_Drinking_Drivers,Driver_License_Category,Driver_Max_Prev_Accident_Count,Driver_Max_Prev_Speeding_Count,Max_Driver_Age,Min_Driver_Age,Driver_Sex_List,Total_Exceeding_Limit_Vehicles,Total_Too_Fast_Vehicles,Max_Vehicle_Type_Severity_5,Max_Vehicle_Damage_Rank,Max_Harmful_Event_Severity,Crash_Road_Surface_Condition,Crash_Horizontal_Alignment,Crash_Vertical_Profile,Crash_Impairment_Category,Crash_Vehicle_Defect
28854,45,South Carolina,450185,1,1,1,0,1,NOT APPLICABLE,March,10,Friday,23,5,Urban,High Speed (Arterial),Yes,34.9744,-81.94066389,Non-Intersection,Dark - Not Lighted,Clear,Unknown,Unknown if Notified,Unknown EMS Scene Arrival Hour,Unknown if Arrived,Not Applicable (Not Transported),Not Applicable (Not Transported),1,Dark - Unlighted,Clear,0,1,[],[],0,0,Valid,1.0,1.0,30.0,30.0,['Male'],0,0,3,4,4,Dry,Straight,Grade/Hillcrest,Lowest,No
28855,45,South Carolina,450186,0,1,1,0,1,MONCKS CORNER,March,10,Friday,13,8,Urban,Low Speed (Local),No,33.19139444,-80.00643889,Non-Intersection,Daylight,Cloudy,Unknown,Unknown if Notified,Unknown EMS Scene Arrival Hour,Unknown if Arrived,Not Applicable (Not Transported),Not Applicable (Not Transported),1,Daylight,Reduced Visibility,1,0,['Driver'],['None_Used'],0,0,Valid,1.0,0.0,67.0,67.0,['Male'],0,0,2,4,3,Wet/Standing Water,Curve,Level,Lowest,No
28856,45,South Carolina,450188,0,2,2,0,3,SPARTANBURG,March,10,Friday,23,52,Urban,High Speed (Arterial),Yes,34.97898333,-81.87196944,Complex/Circle,Dark - Unknown Lighting,Clear,Unknown,Unknown if Notified,Unknown EMS Scene Arrival Hour,Unknown if Arrived,Not Applicable (Not Transported),Not Applicable (Not Transported),3,Dark - Unlighted,Clear,3,0,"['Driver', 'Front_Passenger', 'Driver']","['Shoulder_Lapbelt', 'Shoulder_Lapbelt', 'None_Used']",1,1,Valid,0.0,1.0,72.0,28.0,"['Female', 'Male']",1,0,2,4,5,Dry,Straight,Level,Lowest,No
28857,45,South Carolina,450189,0,1,1,0,1,NOT APPLICABLE,March,12,Sunday,9,20,Urban,High Speed (Arterial),No,34.00662222,-80.49084722,Non-Intersection,Daylight,Rain,Unknown,Unknown if Notified,Unknown EMS Scene Arrival Hour,Unknown if Arrived,Not Applicable (Not Transported),Not Applicable (Not Transported),1,Daylight,Rain/Wind/Minor,1,0,['Driver'],['None_Used'],0,0,Valid,0.0,0.0,54.0,54.0,['Female'],1,0,2,4,3,Wet/Standing Water,Straight,Level,Lowest,No
28858,45,South Carolina,450190,0,2,2,0,2,NOT APPLICABLE,March,12,Sunday,21,3,Urban,High Speed (Arterial),No,34.94081389,-82.18580833,Non-Intersection,Dark - Not Lighted,Cloudy,Unknown,Unknown if Notified,Unknown EMS Scene Arrival Hour,Unknown if Arrived,Not Applicable (Not Transported),Not Applicable (Not Transported),1,Dark - Unlighted,Reduced Visibility,1,1,['Driver'],['None_Used'],0,0,Valid,0.0,0.0,65.0,25.0,"['Male', 'Male']",1,0,5,4,5,Dry,Straight,Grade/Hillcrest,Lowest,No
28859,45,South Carolina,450191,0,2,2,0,3,NOT APPLICABLE,March,12,Sunday,10,40,Urban,Medium Speed (Collector),No,33.40412222,-81.85445278,Simple Junction,Daylight,Rain,Unknown,Unknown,Unknown EMS Scene Arrival Hour,Unknown EMS Scene Arrival Minutes,Unknown,Unknown EMS Hospital Arrival Time,1,Daylight,Rain/Wind/Minor,1,2,['Driver'],['Shoulder_Lapbelt'],0,0,Valid,1.0,0.0,74.0,20.0,"['Female', 'Female']",0,0,3,4,5,Wet/Standing Water,Straight,Level,Lowest,No
28860,45,South Carolina,450192,0,1,1,0,1,CHARLESTON,March,12,Sunday,23,21,Urban,Medium Speed (Collector),No,32.80183056,-80.10893056,Complex/Circle,Dark - Unknown Lighting,Rain,Unknown,Unknown if Notified,Unknown EMS Scene Arrival Hour,Unknown if Arrived,Not Applicable (Not Transported),Not Applicable (Not Transported),1,Dark - Unlighted,Rain/Wind/Minor,1,0,['Driver'],['None_Used'],0,0,Valid,0.0,0.0,64.0,64.0,['Male'],1,0,5,4,2,Wet/Standing Water,Straight,Level,Lowest,No
28861,45,South Carolina,450193,0,2,2,0,2,NOT APPLICABLE,March,13,Monday,16,28,Rural,High Speed (Arterial),Yes,32.43450556,-81.00516389,Non-Intersection,Daylight,Clear,Unknown,Unknown,Unknown EMS Scene Arrival Hour,Unknown EMS Scene Arrival Minutes,Unknown,Unknown EMS Hospital Arrival Time,1,Daylight,Clear,1,1,['Driver'],['None_Used'],1,1,Valid,0.0,0.0,64.0,43.0,"['Male', 'Male']",0,0,4,4,5,Dry,Straight,Level,Lowest,No
28862,45,South Carolina,450194,0,1,1,0,1,NOT APPLICABLE,March,14,Tuesday,7,39,Rural,High Speed (Arterial),Yes,34.61638056,-81.90053333,Non-Intersection,Daylight,Clear,Unknown,Unknown,Unknown EMS Scene Arrival Hour,Unknown EMS Scene Arrival Minutes,Unknown,Unknown EMS Hospital Arrival Time,1,Daylight,Clear,1,0,['Driver'],['Shoulder_Lapbelt'],0,0,Valid,0.0,0.0,63.0,63.0,['Male'],0,0,4,4,3,Dry,Straight,Level,Medium,No
28863,45,South Carolina,450195,0,2,2,0,2,NOT APPLICABLE,March,15,Wednesday,7,48,Urban,Medium Speed (Collector),No,33.93703889,-80.46258889,Non-Intersection,Daylight,Clear,Unknown,Unknown,Unknown EMS Scene Arrival Hour,Unknown EMS Scene Arrival Minutes,Unknown,Unknown EMS Hospital Arrival Time,1,Daylight,Clear,1,1,['Driver'],['None_Used'],1,1,Valid,1.0,1.0,46.0,41.0,"['Male', 'Male']",1,0,4,4,5,Dry,Straight,Level,Lowest,No
28864,45,South Carolina,450197,0,4,4,0,6,NOT APPLICABLE,March,15,Wednesday,12,14,Urban,Medium Speed (Collector),No,34.19778611,-79.81933611,Complex/Circle,Daylight,Clear,Unknown,Unknown,Unknown EMS Scene Arrival Hour,Unknown EMS Scene Arrival Minutes,Unknown,Unknown EMS Hospital Arrival Time,1,Daylight,Clear,1,5,['Driver'],['Shoulder_Lapbelt'],0,0,Invalid,1.0,0.0,78.0,17.0,"['Male', 'Male', 'Female', 'Male']",2,0,3,4,5,Dry,Straight,Level,Medium,No
28865,45,South Carolina,450198,0,2,2,0,7,NOT APPLICABLE,March,15,Wednesday,8,0,Urban,Medium Speed (Collector),No,33.93734722,-80.46691389,Non-Intersection,Daylight,Clear,Unknown,Unknown,Unknown EMS Scene Arrival Hour,Unknown EMS Scene Arrival Minutes,Unknown,Unknown EMS Hospital Arrival Time,1,Daylight,Clear,1,6,['Rear_Seat'],['Child_Safety'],0,0,Valid,0.0,0.0,32.0,22.0,"['Female', 'Male']",2,0,3,4,5,Dry,Straight,Level,Lowest,No
28866,45,South Carolina,450199,0,2,2,0,2,COLUMBIA,March,15,Wednesday,20,0,Urban,High Speed (Arterial),Yes,33.95636111,-80.92993889,Complex/Circle,Dark - Lighted,Clear,Unknown,Unknown,Unknown EMS Scene Arrival Hour,Unknown EMS Scene Arrival Minutes,Unknown,Unknown EMS Hospital Arrival Time,1,Dark - Lighted,Clear,1,1,['Driver'],['None_Used'],1,1,Invalid,2.0,0.0,66.0,33.0,"['Male', 'Male']",0,0,5,4,5,Dry,Straight,Level,Lowest,No
28867,45,South Carolina,450200,1,1,1,0,1,CLEMSON,March,15,Wednesday,20,1,Urban,Low Speed (Local),No,34.68226111,-82.8479,Simple Junction,Dusk,Clear,Unknown,Unknown if Notified,Unknown EMS Scene Arrival Hour,Unknown if Arrived,Not Applicable (Not Transported),Not Applicable (Not Transported),1,Twilight,Clear,0,1,[],[],0,0,Valid,1.0,2.0,22.0,22.0,['Male'],0,0,3,3,4,Dry,Straight,Level,Lowest,No
28868,45,South Carolina,450201,0,2,2,0,2,NOT APPLICABLE,March,18,Saturday,0,20,Rural,High Speed (Arterial),Yes,34.81550833,-80.41714722,Complex/Circle,Dark - Lighted,Rain,Unknown,Unknown,Unknown EMS Scene Arrival Hour,Unknown EMS Scene Arrival Minutes,Unknown,Unknown EMS Hospital Arrival Time,1,Dark - Lighted,Rain/Wind/Minor,1,1,['Driver'],['Shoulder_Lapbelt'],0,0,Valid,0.0,0.0,58.0,30.0,"['Male', 'Male']",1,0,4,4,3,Wet/Standing Water,Straight,Level,Lowest,No
28869,45,South Carolina,450202,0,1,1,0,1,NOT APPLICABLE,March,18,Saturday,2,16,Rural,Medium Speed (Collector),No,34.48665833,-79.39749444,Simple Junction,Dark - Not Lighted,Rain,Unknown,Unknown,Unknown EMS Scene Arrival Hour,Unknown EMS Scene Arrival Minutes,Unknown,Unknown EMS Hospital Arrival Time,1,Dark - Unlighted,Rain/Wind/Minor,1,0,['Driver'],['Shoulder_Lapbelt'],0,0,Valid,0.0,0.0,32.0,32.0,['Male'],1,0,2,4,3,Wet/Standing Water,Curve,Level,Lowest,No
28870,45,South Carolina,450203,0,2,2,0,5,NOT APPLICABLE,March,18,Saturday,23,1,Urban,Medium Speed (Collector),No,34.14475278,-79.85599722,Non-Intersection,Dark - Not Lighted,Clear,Unknown,Unknown,Unknown EMS Scene Arrival Hour,Unknown EMS Scene Arrival Minutes,Unknown,Unknown EMS Hospital Arrival Time,1,Dark - Unlighted,Clear,1,4,['Rear_Seat'],['Shoulder_Lapbelt'],1,1,Valid,1.0,1.0,55.0,33.0,"['Male', 'Male']",0,0,3,4,5,Dry,Straight,Level,Lowest,No
28871,45,South Carolina,450204,0,1,1,0,1,NOT APPLICABLE,March,19,Sunday,19,15,Rural,High Speed (Arterial),Yes,33.43323333,-80.69629722,Non-Intersection,Dusk,Clear,Unknown,Unknown if Notified,Unknown EMS Scene Arrival Hour,Unknown if Arrived,Not Applicable (Not Transported),Not Applicable (Not Transported),1,Twilight,Clear,1,0,['Driver'],['Shoulder_Lapbelt'],0,0,Valid,0.0,1.0,45.0,45.0,['Male'],1,0,2,4,3,Dry,Straight,Level,Lowest,No
28872,45,South Carolina,450205,0,2,2,0,2,NOT APPLICABLE,March,20,Monday,16,43,Urban,High Speed (Arterial),Yes,33.43386389,-79.13728611,Complex/Circle,Daylight,Clear,Unknown,Unknown,Unknown EMS Scene Arrival Hour,Unknown EMS Scene Arrival Minutes,Unknown,Unknown EMS Hospital Arrival Time,1,Daylight,Clear,1,1,['Driver'],['None_Used'],1,1,Valid,0.0,1.0,80.0,25.0,"['Female', 'Female']",0,0,3,4,5,Dry,Straight,Level,Lowest,No
28873,45,South Carolina,450206,0,1,1,0,1,NOT APPLICABLE,March,21,Tuesday,20,50,Urban,Low Speed (Local),No,33.85213889,-81.65898056,Simple Junction,Dark - Lighted,Clear,Unknown,Unknown,Unknown EMS Scene Arrival Hour,Unknown EMS Scene Arrival Minutes,Unknown,Unknown EMS Hospital Arrival Time,1,Dark - Lighted,Clear,1,0,['Driver'],['None_Used'],1,1,Valid,0.0,0.0,72.0,72.0,['Male'],0,0,3,4,3,Dry,Straight,Level,Lowest,No
28874,45,South Carolina,450207,1,1,1,0,1,NOT APPLICABLE,March,21,Tuesday,0,18,Rural,High Speed (Arterial),Yes,34.92520556,-81.83493056,Non-Intersection,Dark - Unknown Lighting,Clear,Unknown,Unknown,Unknown EMS Scene Arrival Hour,Unknown EMS Scene Arrival Minutes,Unknown,Unknown EMS Hospital Arrival Time,1,Dark - Unlighted,Clear,0,1,[],[],0,0,Valid,0.0,0.0,19.0,19.0,['Male'],0,0,2,3,4,Dry,Straight,Level,Lowest,No
28875,45,South Carolina,450208,0,1,1,0,2,SUMTER,March,20,Monday,22,9,Urban,Low Speed (Local),No,33.92300278,-80.38079722,Non-Intersection,Dark - Unknown Lighting,Clear,Unknown,Unknown,Unknown EMS Scene Arrival Hour,Unknown EMS Scene Arrival Minutes,Unknown,Unknown EMS Hospital Arrival Time,1,Dark - Unlighted,Clear,1,1,['Driver'],['None_Used'],1,1,Invalid,0.0,3.0,34.0,34.0,['Male'],2,0,2,4,3,Dry,Curve,Level,Lowest,No
28876,45,South Carolina,450209,0,1,1,0,1,NOT APPLICABLE,March,21,Tuesday,0,1,Rural,High Speed (Arterial),Yes,33.94776111,-80.61903056,Non-Intersection,Dark - Not Lighted,Clear,Unknown,Unknown,Unknown EMS Scene Arrival Hour,Unknown EMS Scene Arrival Minutes,Unknown,Unknown EMS Hospital Arrival Time,1,Dark - Unlighted,Clear,1,0,['Driver'],['Shoulder_Lapbelt'],1,1,Valid,0.0,0.0,39.0,39.0,['Male'],0,0,2,4,1,Dry,Straight,Level,Lowest,No
28877,45,South Carolina,450210,0,2,2,0,3,NOT APPLICABLE,March,22,Wednesday,18,20,Rural,Medium Speed (Collector),No,34.04124722,-78.96695833,Complex/Circle,Daylight,Rain,Unknown,Unknown,Unknown EMS Scene Arrival Hour,Unknown EMS Scene Arrival Minutes,Unknown,Unknown EMS Hospital Arrival Time,1,Daylight,Rain/Wind/Minor,1,2,['Driver'],['None_Used'],0,0,Valid,0.0,2.0,60.0,35.0,"['Female', 'Female']",0,0,3,4,5,Wet/Standing Water,Straight,Level,Lowest,No
28878,45,South Carolina,450211,0,2,2,0,4,NOT APPLICABLE,March,24,Friday,7,20,Rural,High Speed (Arterial),Yes,33.92196111,-79.15466944,Simple Junction,Daylight,Clear,Unknown,Unknown,Unknown EMS Scene Arrival Hour,Unknown EMS Scene Arrival Minutes,Unknown,Unknown EMS Hospital Arrival Time,1,Daylight,Clear,1,3,['Driver'],['Shoulder_Lapbelt'],0,0,Valid,0.0,1.0,33.0,29.0,"['Female', 'Male']",0,0,3,4,5,Dry,Straight,Level,Lowest,No
28879,45,South Carolina,450212,0,3,3,0,8,NOT APPLICABLE,January,20,Friday,20,23,Rural,Medium Speed (Collector),No,33.14021944,-81.25126944,Non-Intersection,Dark - Not Lighted,Clear,Unknown,Unknown,Unknown EMS Scene Arrival Hour,Unknown EMS Scene Arrival Minutes,Unknown,Unknown EMS Hospital Arrival Time,2,Dark - Unlighted,Clear,2,6,"['Front_Passenger', 'Rear_Seat']","['None_Used', 'None_Used']",0,0,Invalid,0.0,0.0,54.0,26.0,"['Female', 'Male', 'Female']",5,0,3,4,5,Dry,Straight,Level,Lowest,No
28880,45,South Carolina,450213,0,1,1,0,1,NOT APPLICABLE,March,24,Friday,21,0,Rural,Medium Speed (Collector),No,34.90448056,-82.98749722,Non-Intersection,Dusk,Clear,Unknown,Unknown if Notified,Unknown EMS Scene Arrival Hour,Unknown if Arrived,Not Applicable (Not Transported),Not Applicable (Not Transported),1,Twilight,Clear,1,0,['Driver'],['None_Used'],1,1,Valid,0.0,0.0,70.0,70.0,['Male'],1,0,5,4,3,Dry,Curve,Level,Lowest,No
28881,45,South Carolina,450214,0,1,1,0,1,SPARTANBURG,March,24,Friday,4,32,Urban,Medium Speed (Collector),No,34.94761667,-81.95110833,Non-Intersection,Dark - Not Lighted,Clear,Unknown,Unknown if Notified,Unknown EMS Scene Arrival Hour,Unknown if Arrived,Not Applicable (Not Transported),Not Applicable (Not Transported),1,Dark - Unlighted,Clear,1,0,['Driver'],['None_Used'],1,1,Valid,1.0,1.0,39.0,39.0,['Female'],0,0,2,4,3,Dry,Curve,Level,Lowest,No
28882,45,South Carolina,450215,1,1,1,0,1,NOT APPLICABLE,March,25,Saturday,7,20,Rural,Medium Speed (Collector),No,33.69914444,-80.45420278,Non-Intersection,Dawn,Clear,Unknown,Unknown if Notified,Unknown EMS Scene Arrival Hour,Unknown if Arrived,Not Applicable (Not Transported),Not Applicable (Not Transported),1,Twilight,Clear,0,1,[],[],0,0,Valid,0.0,0.0,27.0,27.0,['Male'],0,0,3,0,4,Dry,Straight,Level,Lowest,No
28883,45,South Carolina,450216,0,1,1,0,1,NOT APPLICABLE,March,25,Saturday,3,50,Rural,Medium Speed (Collector),No,33.37786667,-80.82331667,Non-Intersection,Dark - Not Lighted,Clear,Unknown,Unknown if Notified,Unknown EMS Scene Arrival Hour,Unknown if Arrived,Not Applicable (Not Transported),Not Applicable (Not Transported),1,Dark - Unlighted,Clear,1,0,['Driver'],['None_Used'],1,1,Invalid,0.0,1.0,26.0,26.0,['Male'],1,0,2,4,3,Dry,Curve,Level,Lowest,No
28884,45,South Carolina,450217,1,1,1,0,1,NOT APPLICABLE,March,25,Saturday,20,20,Urban,Medium Speed (Collector),No,33.68581389,-78.974825,Non-Intersection,Dark - Not Lighted,Clear,Unknown,Unknown if Notified,Unknown EMS Scene Arrival Hour,Unknown if Arrived,Not Applicable (Not Transported),Not Applicable (Not Transported),1,Dark - Unlighted,Clear,0,1,[],[],0,0,Valid,1.0,1.0,47.0,47.0,['Male'],0,0,3,3,4,Dry,Straight,Level,Lowest,No
28885,45,South Carolina,450218,0,1,1,0,2,NOT APPLICABLE,March,25,Saturday,20,49,Rural,Medium Speed (Collector),No,33.14971389,-80.19186667,Non-Intersection,Dark - Not Lighted,Clear,Unknown,Unknown if Notified,Unknown EMS Scene Arrival Hour,Unknown if Arrived,Not Applicable (Not Transported),Not Applicable (Not Transported),2,Dark - Unlighted,Clear,2,0,"['Driver', 'Rear_Seat']","['None_Used', 'None_Used']",0,0,Valid,0.0,0.0,44.0,44.0,['Male'],2,0,5,4,3,Dry,Curve,Level,Lowest,No
28886,45,South Carolina,450219,0,3,3,0,4,NORTH AUGUSTA,March,25,Saturday,11,3,Urban,Medium Speed (Collector),No,33.52205,-81.97948056,Non-Intersection,Daylight,Rain,Unknown,Unknown,Unknown EMS Scene Arrival Hour,Unknown EMS Scene Arrival Minutes,Unknown,Unknown EMS Hospital Arrival Time,1,Daylight,Rain/Wind/Minor,1,3,['Front_Passenger'],['Shoulder_Lapbelt'],0,0,Invalid,0.0,1.0,72.0,43.0,"['Female', 'Male', 'Male']",2,0,4,4,5,Wet/Standing Water,Straight,Grade/Hillcrest,Lowest,No
28887,45,South Carolina,450220,0,1,1,0,1,NOT APPLICABLE,March,25,Saturday,22,40,Rural,Low Speed (Local),No,33.62648889,-81.39658889,Non-Intersection,Dark - Not Lighted,Clear,Unknown,Unknown if Notified,Unknown EMS Scene Arrival Hour,Unknown if Arrived,Not Applicable (Not Transported),Not Applicable (Not Transported),1,Dark - Unlighted,Clear,1,0,['Driver'],['None_Used'],1,1,Valid,0.0,0.0,23.0,23.0,['Female'],1,0,3,4,3,Dry,Curve,Level,Lowest,No
28888,45,South Carolina,450221,1,1,1,0,1,NOT APPLICABLE,March,25,Saturday,16,20,Rural,Low Speed (Local),No,34.64925,-82.18193889,Non-Intersection,Daylight,Clear,Unknown,Unknown,Unknown EMS Scene Arrival Hour,Unknown EMS Scene Arrival Minutes,Unknown,Unknown EMS Hospital Arrival Time,1,Daylight,Clear,0,1,[],[],0,0,Invalid,0.0,2.0,27.0,27.0,['Male'],0,0,3,3,4,Dry,Straight,Level,Lowest,No
28889,45,South Carolina,450222,0,2,2,0,3,NOT APPLICABLE,March,26,Sunday,16,35,Rural,High Speed (Arterial),Yes,33.90752222,-80.14609444,Complex/Circle,Daylight,Rain,Unknown,Unknown,Unknown EMS Scene Arrival Hour,Unknown EMS Scene Arrival Minutes,Unknown,Unknown EMS Hospital Arrival Time,1,Daylight,Rain/Wind/Minor,1,2,['Driver'],['Shoulder_Lapbelt'],1,1,Valid,0.0,2.0,63.0,24.0,"['Male', 'Male']",0,0,3,4,5,Wet/Standing Water,Straight,Level,Lowest,No
28890,45,South Carolina,450223,0,2,2,0,2,NOT APPLICABLE,March,26,Sunday,21,8,Urban,Medium Speed (Collector),No,33.03153056,-80.24535278,Non-Intersection,Dark - Not Lighted,Clear,Unknown,Unknown if Notified,Unknown EMS Scene Arrival Hour,Unknown if Arrived,Not Applicable (Not Transported),Not Applicable (Not Transported),1,Dark - Unlighted,Clear,1,1,['Driver'],['Shoulder_Lapbelt'],1,1,Valid,1.0,0.0,53.0,42.0,"['Male', 'Female']",0,0,3,4,5,Dry,Straight,Level,Lowest,No
28891,45,South Carolina,450224,0,2,2,0,3,NOT APPLICABLE,March,26,Sunday,13,10,Rural,High Speed (Arterial),Yes,34.23734722,-81.4561,Non-Intersection,Daylight,Cloudy,Unknown,Unknown,Unknown EMS Scene Arrival Hour,Unknown EMS Scene Arrival Minutes,Unknown,Unknown EMS Hospital Arrival Time,1,Daylight,Reduced Visibility,1,2,['Front_Passenger'],['Shoulder_Lapbelt'],0,0,Valid,0.0,0.0,999.0,57.0,"['Female', 'Other']",0,0,3,4,2,Wet/Standing Water,Straight,Level,Lowest,Yes
28892,45,South Carolina,450225,0,1,1,0,1,PINERIDGE,March,26,Sunday,7,9,Urban,Medium Speed (Collector),No,33.90786111,-81.106,Non-Intersection,Daylight,Cloudy,Unknown,Unknown,Unknown EMS Scene Arrival Hour,Unknown EMS Scene Arrival Minutes,Unknown,Unknown EMS Hospital Arrival Time,1,Daylight,Reduced Visibility,1,0,['Driver'],['Shoulder_Lapbelt'],0,0,Valid,0.0,0.0,58.0,58.0,['Male'],1,0,3,4,3,Wet/Standing Water,Straight,Level,Lowest,No
28893,45,South Carolina,450226,1,1,1,0,1,NOT APPLICABLE,March,27,Monday,21,23,Urban,High Speed (Arterial),Yes,34.75216111,-82.39286944,Non-Intersection,Dark - Not Lighted,Clear,Unknown,Unknown if Notified,Unknown EMS Scene Arrival Hour,Unknown if Arrived,Not Applicable (Not Transported),Not Applicable (Not Transported),1,Dark - Unlighted,Clear,0,1,[],[],0,0,Valid,1.0,0.0,65.0,65.0,['Male'],0,0,3,4,4,Dry,Straight,Grade/Hillcrest,Lowest,No
28894,45,South Carolina,450227,0,2,2,0,3,HARDEEVILLE,March,27,Monday,8,48,Urban,Low Speed (Local),No,32.31083056,-81.08443889,Non-Intersection,Daylight,Clear,Unknown,Unknown if Notified,Unknown EMS Scene Arrival Hour,Unknown if Arrived,Not Applicable (Not Transported),Not Applicable (Not Transported),2,Daylight,Clear,2,1,"['Driver', 'Front_Passenger']","['None_Used', 'None_Used']",1,1,Valid,0.0,0.0,60.0,44.0,"['Male', 'Female']",2,0,4,4,5,Dry,Straight,Level,Lowest,No
28895,45,South Carolina,450228,0,2,2,0,3,HOLLYWOOD,March,27,Monday,13,37,Urban,Medium Speed (Collector),No,32.73151944,-80.26306111,Non-Intersection,Daylight,Cloudy,Unknown,Unknown,Unknown EMS Scene Arrival Hour,Unknown EMS Scene Arrival Minutes,Unknown,Unknown EMS Hospital Arrival Time,1,Daylight,Reduced Visibility,1,2,['Driver'],['Shoulder_Lapbelt'],1,1,Valid,1.0,0.0,66.0,50.0,"['Female', 'Male']",0,0,3,4,5,Dry,Straight,Level,Lowest,No
28896,45,South Carolina,450229,1,1,1,0,1,MONCKS CORNER,March,27,Monday,21,53,Rural,High Speed (Arterial),Yes,33.21091111,-79.98038889,Non-Intersection,Dark - Lighted,Clear,Unknown,Unknown if Notified,Unknown EMS Scene Arrival Hour,Unknown if Arrived,Not Applicable (Not Transported),Not Applicable (Not Transported),1,Dark - Lighted,Clear,0,1,[],[],0,0,Invalid,0.0,0.0,999.0,999.0,['Other'],0,0,1,0,4,Dry,Straight,Level,Lowest,No
28897,45,South Carolina,450230,0,2,2,0,2,NOT APPLICABLE,March,28,Tuesday,14,50,Urban,High Speed (Arterial),No,33.64152778,-78.97074722,Non-Intersection,Daylight,Clear,Unknown,Unknown,Unknown EMS Scene Arrival Hour,Unknown EMS Scene Arrival Minutes,Unknown,Unknown EMS Hospital Arrival Time,1,Daylight,Clear,1,1,['Driver'],['Shoulder_Lapbelt'],0,0,Valid,1.0,0.0,80.0,35.0,"['Male', 'Female']",0,0,2,4,5,Dry,Straight,Level,Lowest,No
28898,45,South Carolina,450231,0,2,2,0,2,NOT APPLICABLE,March,29,Wednesday,7,0,Rural,High Speed (Arterial),Yes,34.73591944,-82.72086111,Non-Intersection,Dawn,Clear,Unknown,Unknown,Unknown EMS Scene Arrival Hour,Unknown EMS Scene Arrival Minutes,Unknown,Unknown EMS Hospital Arrival Time,1,Twilight,Clear,1,1,['Driver'],['None_Used'],0,0,Valid,0.0,0.0,42.0,41.0,"['Male', 'Male']",1,0,4,4,5,Dry,Straight,Level,Lowest,No
28899,45,South Carolina,450232,0,1,1,0,1,NOT APPLICABLE,March,29,Wednesday,7,31,Rural,Low Speed (Local),No,33.51521389,-80.40271944,Non-Intersection,Daylight,Clear,Unknown,Unknown if Notified,Unknown EMS Scene Arrival Hour,Unknown if Arrived,Not Applicable (Not Transported),Not Applicable (Not Transported),1,Daylight,Clear,1,0,['Driver'],['None_Used'],0,0,Valid,0.0,0.0,68.0,68.0,['Male'],1,0,2,4,3,Dry,Straight,Level,Lowest,No
28900,45,South Carolina,450233,0,2,2,0,4,NOT APPLICABLE,March,29,Wednesday,12,10,Rural,Medium Speed (Collector),No,33.73951944,-81.26190556,Non-Intersection,Daylight,Clear,Unknown,Unknown,Unknown EMS Scene Arrival Hour,Unknown EMS Scene Arrival Minutes,Unknown,Unknown EMS Hospital Arrival Time,1,Daylight,Clear,1,3,['Driver'],['None_Used'],1,1,Valid,1.0,2.0,64.0,34.0,"['Male', 'Female']",0,0,2,4,5,Dry,Straight,Level,Lowest,No
28901,45,South Carolina,450234,1,1,1,0,1,NOT APPLICABLE,March,30,Thursday,5,27,Urban,High Speed (Arterial),Yes,34.44055278,-79.37650833,Non-Intersection,Dark - Not Lighted,Clear,Unknown,Unknown,Unknown EMS Scene Arrival Hour,Unknown EMS Scene Arrival Minutes,Unknown,Unknown EMS Hospital Arrival Time,1,Dark - Unlighted,Clear,0,1,[],[],0,0,Valid,0.0,0.0,78.0,78.0,['Male'],0,0,4,3,4,Dry,Straight,Level,Lowest,No
28902,45,South Carolina,450235,0,2,2,0,2,NOT APPLICABLE,March,31,Friday,10,30,Rural,High Speed (Arterial),Yes,34.68163611,-81.02916389,Non-Intersection,Daylight,Clear,Unknown,Unknown if Notified,Unknown EMS Scene Arrival Hour,Unknown if Arrived,Not Applicable (Not Transported),Not Applicable (Not Transported),1,Daylight,Clear,1,1,['Driver'],['Shoulder_Lapbelt'],0,0,Valid,1.0,0.0,42.0,31.0,"['Male', 'Male']",1,0,4,4,5,Dry,Straight,Level,Lowest,No