,State_Code,State_Name,Crash_ID,Count_Non_Motorists,Count_Vehicles_Total,Count_Vehicle_Forms,Count_PVH_Involved,Count_Occupants_MV,City_Name,Month_Name,Day_of_Month,Day_of_Week,Crash_Hour,Crash_Minute,Area_Rural_Urban,Road_Functional_Class,On_NHS_Road,Latitude,Longitude,Intersection_Type,Light_Condition,Weather_Condition,Notif_Hour,Notif_Minute,Arrival_Hour,Arrival_Minute,Hospital_Hour,Hospital_Minute,Fatalities_Count,Clean_Light_Condition,Clean_Weather_Condition,Total_Killed,Total_Alive,Fatal_Seats_List,Killed_Restraint_List,Any_Driver_Drinking,Total_Drinking_Drivers,Driver_License_Category,Driver_Max_Prev_Accident_Count,Driver_Max_Prev_Speeding_Count,Max_Driver_Age,Min_Driver_Age,Driver_Sex_List,Total_Exceeding_Limit_Vehicles,Total_Too_Fast_Vehicles,Max_Vehicle_Type_Severity_5,Max_Vehicle_Damage_Rank,Max_Harmful_Event_Severity,Crash_Road_Surface_Condition,Crash_Horizontal_Alignment,Crash_Vertical_Profile,Crash_Impairment_Category,Crash_Vehicle_Defect
28903,45,South Carolina,450236,0,2,2,0,2,NOT APPLICABLE,March,31,Friday,16,25,Rural,High Speed (Arterial),Yes,33.12536667,-80.28591111,Non-Intersection,Daylight,Clear,Unknown,Unknown,Unknown EMS Scene Arrival Hour,Unknown EMS Scene Arrival Minutes,Unknown,Unknown EMS Hospital Arrival Time,1,Daylight,Clear,1,1,['Driver'],['None_Used'],0,0,Valid,0.0,1.0,31.0,25.0,"['Female', 'Male']",0,0,3,4,5,Dry,Straight,Level,Lowest,No
28904,45,South Carolina,450237,0,3,1,2,1,COLUMBIA,March,31,Friday,17,44,Urban,High Speed (Arterial),Yes,34.0171,-81.01461111,Non-Intersection,Daylight,Clear,Unknown,Unknown,Unknown EMS Scene Arrival Hour,Unknown EMS Scene Arrival Minutes,Unknown,Unknown EMS Hospital Arrival Time,1,Daylight,Clear,1,0,['Driver'],['None_Used'],0,0,Invalid,0.0,0.0,22.0,22.0,['Male'],1,0,5,4,5,Dry,Straight,Level,Lowest,No
28905,45,South Carolina,450238,0,2,2,0,8,NOT APPLICABLE,April,1,Saturday,18,42,Urban,High Speed (Arterial),Yes,35.00046111,-82.00498611,Non-Intersection,Daylight,Clear,Unknown,Unknown,Unknown EMS Scene Arrival Hour,Unknown EMS Scene Arrival Minutes,Unknown,Unknown EMS Hospital Arrival Time,1,Daylight,Clear,1,7,['Front_Passenger'],['Shoulder_Lapbelt'],0,0,Valid,0.0,0.0,34.0,17.0,"['Female', 'Male']",0,0,3,4,5,Dry,Straight,Non-Trafficway,Lowest,No
28906,45,South Carolina,450239,0,1,1,0,3,NOT APPLICABLE,April,1,Saturday,12,5,Urban,Medium Speed (Collector),No,34.8772,-81.96279444,Complex/Circle,Daylight,Clear,Unknown,Unknown,Unknown EMS Scene Arrival Hour,Unknown EMS Scene Arrival Minutes,Unknown,Unknown EMS Hospital Arrival Time,3,Daylight,Clear,3,0,"['Driver', 'Rear_Seat', 'Front_Passenger']","['Shoulder_Lapbelt', 'None_Used', 'Shoulder_Lapbelt']",0,0,Valid,0.0,0.0,64.0,64.0,['Male'],0,0,2,4,3,Dry,Curve,Level,Medium,No
28907,45,South Carolina,450240,0,2,2,0,6,NOT APPLICABLE,April,1,Saturday,19,50,Urban,High Speed (Arterial),Yes,35.02371944,-81.8953,Simple Junction,Daylight,Clear,Unknown,Unknown,Unknown EMS Scene Arrival Hour,Unknown EMS Scene Arrival Minutes,Unknown,Unknown EMS Hospital Arrival Time,1,Daylight,Clear,1,5,['Driver'],['None_Used'],0,0,Valid,0.0,0.0,51.0,22.0,"['Female', 'Male']",0,0,5,4,5,Dry,Straight,Level,Lowest,No
28908,45,South Carolina,450241,0,1,1,0,1,NOT APPLICABLE,April,2,Sunday,23,30,Rural,Medium Speed (Collector),No,33.63396944,-80.24041389,Non-Intersection,Dark - Not Lighted,Clear,Unknown,Unknown if Notified,Unknown EMS Scene Arrival Hour,Unknown if Arrived,Not Applicable (Not Transported),Not Applicable (Not Transported),1,Dark - Unlighted,Clear,1,0,['Driver'],['None_Used'],1,1,Valid,0.0,0.0,26.0,26.0,['Male'],1,0,3,4,3,Dry,Curve,Level,Lowest,No
28909,45,South Carolina,450242,0,3,3,0,6,NOT APPLICABLE,April,2,Sunday,19,50,Urban,High Speed (Arterial),Yes,33.88724444,-79.11746111,Non-Intersection,Dusk,Clear,Unknown,Unknown,Unknown EMS Scene Arrival Hour,Unknown EMS Scene Arrival Minutes,Unknown,Unknown EMS Hospital Arrival Time,1,Twilight,Clear,1,5,['Driver'],['None_Used'],1,1,Valid,0.0,0.0,52.0,30.0,"['Male', 'Female', 'Female']",0,0,3,4,5,Dry,Straight,Level,Lowest,No
28910,45,South Carolina,450243,0,2,2,0,2,NOT APPLICABLE,April,3,Monday,12,10,Rural,High Speed (Arterial),Yes,34.66175,-82.39293889,Complex/Circle,Daylight,Rain,Unknown,Unknown if Notified,Unknown EMS Scene Arrival Hour,Unknown if Arrived,Not Applicable (Not Transported),Not Applicable (Not Transported),1,Daylight,Rain/Wind/Minor,1,1,['Driver'],['Shoulder_Lapbelt'],0,0,Valid,0.0,2.0,59.0,53.0,"['Male', 'Female']",0,0,4,4,5,Wet/Standing Water,Straight,Level,Lowest,No
28911,45,South Carolina,450244,0,1,1,0,1,NOT APPLICABLE,April,3,Monday,21,0,Rural,Medium Speed (Collector),No,35.01990278,-81.20511944,Non-Intersection,Dark - Not Lighted,Clear,Unknown,Unknown if Notified,Unknown EMS Scene Arrival Hour,Unknown if Arrived,Not Applicable (Not Transported),Not Applicable (Not Transported),1,Dark - Unlighted,Clear,1,0,['Driver'],['None_Used'],0,0,Valid,0.0,0.0,32.0,32.0,['Male'],0,0,3,4,3,Wet/Standing Water,Straight,Level,Lowest,No
28912,45,South Carolina,450245,0,2,2,0,3,NOT APPLICABLE,April,4,Tuesday,19,50,Urban,Medium Speed (Collector),No,34.87778611,-82.31929722,Complex/Circle,Dusk,Clear,Unknown,Unknown,Unknown EMS Scene Arrival Hour,Unknown EMS Scene Arrival Minutes,Unknown,Unknown EMS Hospital Arrival Time,1,Twilight,Clear,1,2,['Driver'],['None_Used'],1,1,Valid,0.0,0.0,52.0,25.0,"['Male', 'Male']",1,0,5,4,5,Dry,Straight,Level,Lowest,No
28913,45,South Carolina,450246,1,1,1,0,1,NOT APPLICABLE,April,4,Tuesday,21,30,Urban,Low Speed (Local),No,34.30806111,-79.89496389,Non-Intersection,Dark - Not Lighted,Clear,Unknown,Unknown if Notified,Unknown EMS Scene Arrival Hour,Unknown if Arrived,Not Applicable (Not Transported),Not Applicable (Not Transported),1,Dark - Unlighted,Clear,0,1,[],[],0,0,Valid,0.0,0.0,23.0,23.0,['Female'],0,0,3,3,4,Dry,Straight,Level,Lowest,No
28914,45,South Carolina,450247,0,1,1,0,1,NOT APPLICABLE,April,5,Wednesday,12,20,Urban,High Speed (Arterial),Yes,32.91111944,-80.70003889,Non-Intersection,Daylight,Clear,Unknown,Unknown,Unknown EMS Scene Arrival Hour,Unknown EMS Scene Arrival Minutes,Unknown,Unknown EMS Hospital Arrival Time,1,Daylight,Clear,1,0,['Driver'],['None_Used'],0,0,Invalid,0.0,0.0,52.0,52.0,['Female'],1,0,3,4,3,Dry,Straight,Level,Lowest,No
28915,45,South Carolina,450248,0,1,1,0,1,NOT APPLICABLE,April,7,Friday,0,2,Rural,Medium Speed (Collector),No,33.48109444,-81.85032222,Non-Intersection,Dark - Not Lighted,Clear,Unknown,Unknown if Notified,Unknown EMS Scene Arrival Hour,Unknown if Arrived,Not Applicable (Not Transported),Not Applicable (Not Transported),1,Dark - Unlighted,Clear,1,0,['Driver'],['None_Used'],1,1,Valid,0.0,0.0,36.0,36.0,['Male'],1,0,3,4,3,Dry,Curve,Level,Lowest,No
28916,45,South Carolina,450249,0,1,1,0,1,NOT APPLICABLE,April,7,Friday,21,0,Rural,Low Speed (Local),No,32.97076389,-79.778275,Non-Intersection,Dark - Not Lighted,Clear,Unknown,Unknown if Notified,Unknown EMS Scene Arrival Hour,Unknown if Arrived,Not Applicable (Not Transported),Not Applicable (Not Transported),1,Dark - Unlighted,Clear,1,0,['Driver'],['Shoulder_Lapbelt'],1,1,Valid,0.0,0.0,45.0,45.0,['Male'],1,0,2,4,3,Dry,Straight,Level,Lowest,Yes
28917,45,South Carolina,450250,0,2,2,0,2,NOT APPLICABLE,April,7,Friday,22,50,Rural,High Speed (Arterial),Yes,34.20549444,-79.98585,Non-Intersection,Dark - Not Lighted,Rain,Unknown,Unknown,Unknown EMS Scene Arrival Hour,Unknown EMS Scene Arrival Minutes,Unknown,Unknown EMS Hospital Arrival Time,1,Dark - Unlighted,Rain/Wind/Minor,1,1,['Driver'],['None_Used'],0,0,Valid,0.0,0.0,69.0,47.0,"['Male', 'Male']",1,0,5,4,5,Wet/Standing Water,Straight,Level,Lowest,No
28918,45,South Carolina,450251,0,1,1,0,1,NOT APPLICABLE,April,8,Saturday,1,5,Rural,High Speed (Arterial),Yes,32.92860833,-80.37449722,Non-Intersection,Dark - Not Lighted,Clear,Unknown,Unknown if Notified,Unknown EMS Scene Arrival Hour,Unknown if Arrived,Not Applicable (Not Transported),Not Applicable (Not Transported),1,Dark - Unlighted,Clear,1,0,['Driver'],['None_Used'],1,1,Valid,0.0,0.0,21.0,21.0,['Male'],1,0,2,4,3,Dry,Curve,Level,Lowest,No
28919,45,South Carolina,450252,0,1,1,0,1,NOT APPLICABLE,April,8,Saturday,4,0,Urban,High Speed (Arterial),No,34.90669167,-81.92270278,Non-Intersection,Dark - Unknown Lighting,Rain,Unknown,Unknown if Notified,Unknown EMS Scene Arrival Hour,Unknown if Arrived,Not Applicable (Not Transported),Not Applicable (Not Transported),1,Dark - Unlighted,Rain/Wind/Minor,1,0,['Driver'],['None_Used'],1,1,Valid,0.0,0.0,28.0,28.0,['Male'],0,0,2,4,3,Wet/Standing Water,Curve,Level,Lowest,No
28920,45,South Carolina,450253,0,2,2,0,2,NOT APPLICABLE,April,8,Saturday,14,45,Rural,High Speed (Arterial),Yes,34.35669444,-81.51995278,Non-Intersection,Daylight,Rain,Unknown,Unknown if Notified,Unknown EMS Scene Arrival Hour,Unknown if Arrived,Not Applicable (Not Transported),Not Applicable (Not Transported),1,Daylight,Rain/Wind/Minor,1,1,['Driver'],['Shoulder_Lapbelt'],0,0,Valid,0.0,0.0,49.0,39.0,"['Female', 'Male']",1,0,3,4,5,Wet/Standing Water,Straight,Level,Lowest,No
28921,45,South Carolina,450254,0,2,2,0,3,NOT APPLICABLE,April,8,Saturday,23,56,Urban,High Speed (Arterial),Yes,34.84464722,-82.32044444,Non-Intersection,Dark - Unknown Lighting,Clear,Unknown,Unknown,Unknown EMS Scene Arrival Hour,Unknown EMS Scene Arrival Minutes,Unknown,Unknown EMS Hospital Arrival Time,1,Dark - Unlighted,Clear,1,2,['Driver'],['Shoulder_Lapbelt'],1,1,Valid,0.0,0.0,68.0,35.0,"['Female', 'Male']",0,0,3,4,5,Dry,Straight,Level,Lowest,No
28922,45,South Carolina,450255,0,1,1,0,2,NORTH CHARLESTON,April,9,Sunday,2,0,Urban,Medium Speed (Collector),No,32.84371111,-79.96586111,Non-Intersection,Dark - Not Lighted,Rain,Unknown,Unknown if Notified,Unknown EMS Scene Arrival Hour,Unknown if Arrived,Not Applicable (Not Transported),Not Applicable (Not Transported),2,Dark - Unlighted,Rain/Wind/Minor,2,0,"['Driver', 'Front_Passenger']","['Shoulder_Lapbelt', 'Shoulder_Lapbelt']",1,1,Valid,0.0,0.0,33.0,33.0,['Female'],0,0,3,4,3,Wet/Standing Water,Straight,Level,Lowest,No
28923,45,South Carolina,450256,0,2,2,0,2,NOT APPLICABLE,April,9,Sunday,10,52,Rural,High Speed (Arterial),Yes,32.10393889,-81.08687222,Non-Intersection,Daylight,Cloudy,Unknown,Unknown if Notified,Unknown EMS Scene Arrival Hour,Unknown if Arrived,Not Applicable (Not Transported),Not Applicable (Not Transported),2,Daylight,Reduced Visibility,2,0,"['Driver', 'Driver']","['None_Used', 'None_Used']",1,1,Valid,0.0,1.0,32.0,31.0,"['Female', 'Male']",1,0,2,4,5,Dry,Straight,Level,Lowest,No
28924,45,South Carolina,450257,0,1,1,0,2,NOT APPLICABLE,April,9,Sunday,15,0,Rural,High Speed (Arterial),Yes,32.75160833,-80.82802778,Non-Intersection,Daylight,Clear,Unknown,Unknown,Unknown EMS Scene Arrival Hour,Unknown EMS Scene Arrival Minutes,Unknown,Unknown EMS Hospital Arrival Time,1,Daylight,Clear,1,1,['Front_Passenger'],['Shoulder_Lapbelt'],0,0,Valid,0.0,0.0,56.0,56.0,['Male'],0,0,3,4,3,Dry,Straight,Level,Lowest,No
28925,45,South Carolina,450258,0,1,1,0,3,NOT APPLICABLE,April,9,Sunday,17,5,Rural,High Speed (Arterial),Yes,33.30473889,-80.64221111,Non-Intersection,Daylight,Clear,Unknown,Unknown,Unknown EMS Scene Arrival Hour,Unknown EMS Scene Arrival Minutes,Unknown,Unknown EMS Hospital Arrival Time,2,Daylight,Clear,2,1,"['Rear_Seat', 'Rear_Seat']","['Shoulder_Lapbelt', 'Shoulder_Lapbelt']",0,0,Valid,1.0,0.0,27.0,27.0,['Male'],0,0,3,4,3,Dry,Straight,Level,Lowest,No
28926,45,South Carolina,450259,0,1,1,0,4,NORTH MYRTLE BEACH,April,10,Monday,15,40,Urban,High Speed (Arterial),No,33.87837778,-78.68311111,Non-Intersection,Daylight,Clear,Unknown,Unknown,Unknown EMS Scene Arrival Hour,Unknown EMS Scene Arrival Minutes,Unknown,Unknown EMS Hospital Arrival Time,1,Daylight,Clear,1,3,['Driver'],['None_Used'],1,1,Invalid,0.0,0.0,33.0,33.0,['Female'],4,0,2,4,3,Dry,Curve,Level,Lowest,No
28927,45,South Carolina,450260,0,2,2,0,2,NOT APPLICABLE,April,12,Wednesday,17,27,Rural,Medium Speed (Collector),No,32.29681111,-81.10245,Simple Junction,Daylight,Clear,Unknown,Unknown,Unknown EMS Scene Arrival Hour,Unknown EMS Scene Arrival Minutes,Unknown,Unknown EMS Hospital Arrival Time,1,Daylight,Clear,1,1,['Driver'],['None_Used'],0,0,Valid,0.0,0.0,44.0,27.0,"['Male', 'Male']",0,0,5,4,5,Dry,Straight,Level,Lowest,No
28928,45,South Carolina,450261,0,1,1,0,1,NORTH CHARLESTON,April,13,Thursday,15,59,Urban,Medium Speed (Collector),No,32.88148889,-79.98661944,Non-Intersection,Daylight,Cloudy,Unknown,Unknown,Unknown EMS Scene Arrival Hour,Unknown EMS Scene Arrival Minutes,Unknown,Unknown EMS Hospital Arrival Time,1,Daylight,Reduced Visibility,1,0,['Driver'],['None_Used'],1,1,Valid,0.0,0.0,59.0,59.0,['Male'],0,0,3,4,3,Dry,Curve,Level,Medium,No
28929,45,South Carolina,450262,0,2,2,0,2,RIDGELAND,April,13,Thursday,16,25,Urban,Medium Speed (Collector),No,32.47273056,-80.88323889,Non-Intersection,Daylight,Rain,Unknown,Unknown,Unknown EMS Scene Arrival Hour,Unknown EMS Scene Arrival Minutes,Unknown,Unknown EMS Hospital Arrival Time,1,Daylight,Rain/Wind/Minor,1,1,['Driver'],['Shoulder_Lapbelt'],1,1,Valid,0.0,0.0,85.0,68.0,"['Female', 'Male']",1,0,3,4,5,Wet/Standing Water,Curve,Level,Lowest,No
28930,45,South Carolina,450263,0,1,1,0,1,NOT APPLICABLE,April,13,Thursday,20,56,Urban,High Speed (Arterial),Yes,35.02950833,-82.04244444,Non-Intersection,Dark - Not Lighted,Rain,Unknown,Unknown,Unknown EMS Scene Arrival Hour,Unknown EMS Scene Arrival Minutes,Unknown,Unknown EMS Hospital Arrival Time,1,Dark - Unlighted,Rain/Wind/Minor,1,0,['Driver'],['None_Used'],1,1,Valid,0.0,0.0,25.0,25.0,['Male'],0,0,2,4,3,Wet/Standing Water,Straight,Level,Lowest,No
28931,45,South Carolina,450264,0,2,2,0,3,NOT APPLICABLE,April,14,Friday,21,50,Rural,High Speed (Arterial),Yes,33.16740833,-80.19840556,Non-Intersection,Dark - Not Lighted,Clear,Unknown,Unknown,Unknown EMS Scene Arrival Hour,Unknown EMS Scene Arrival Minutes,Unknown,Unknown EMS Hospital Arrival Time,1,Dark - Unlighted,Clear,1,2,['Rear_Seat'],['None_Used'],1,1,Valid,0.0,0.0,48.0,33.0,"['Female', 'Male']",0,0,3,4,5,Wet/Standing Water,Straight,Level,Lowest,No
28932,45,South Carolina,450265,0,2,2,0,2,NOT APPLICABLE,April,15,Saturday,22,44,Rural,High Speed (Arterial),Yes,34.74273056,-82.04016111,Non-Intersection,Dark - Not Lighted,Clear,Unknown,Unknown,Unknown EMS Scene Arrival Hour,Unknown EMS Scene Arrival Minutes,Unknown,Unknown EMS Hospital Arrival Time,1,Dark - Unlighted,Clear,1,1,['Driver'],['None_Used'],0,0,Valid,1.0,0.0,83.0,23.0,"['Male', 'Female']",1,0,5,4,5,Dry,Straight,Level,Lowest,No
28933,45,South Carolina,450266,0,1,1,0,1,NOT APPLICABLE,April,15,Saturday,17,50,Urban,High Speed (Arterial),Yes,34.04016111,-81.0923,Non-Intersection,Daylight,Clear,Unknown,Unknown if Notified,Unknown EMS Scene Arrival Hour,Unknown if Arrived,Not Applicable (Not Transported),Not Applicable (Not Transported),1,Daylight,Clear,1,0,['Driver'],['Shoulder_Lapbelt'],0,0,Valid,0.0,0.0,56.0,56.0,['Female'],1,0,3,4,2,Dry,Straight,Level,Lowest,No
28934,45,South Carolina,450267,1,1,1,0,1,COLUMBIA,April,6,Thursday,23,10,Urban,High Speed (Arterial),No,34.023475,-80.95282778,Non-Intersection,Dark - Not Lighted,Clear,Unknown,Unknown,Unknown EMS Scene Arrival Hour,Unknown EMS Scene Arrival Minutes,Unknown,Unknown EMS Hospital Arrival Time,1,Dark - Unlighted,Clear,0,1,[],[],0,0,Valid,0.0,0.0,31.0,31.0,['Female'],0,0,2,4,4,Dry,Straight,Level,Lowest,No
28935,45,South Carolina,450268,0,2,2,0,8,NOT APPLICABLE,April,15,Saturday,11,35,Rural,High Speed (Arterial),Yes,33.90695278,-80.14686111,Complex/Circle,Daylight,Clear,Unknown,Unknown,Unknown EMS Scene Arrival Hour,Unknown EMS Scene Arrival Minutes,Unknown,Unknown EMS Hospital Arrival Time,1,Daylight,Clear,1,7,['Rear_Seat'],['Shoulder_Lapbelt'],0,0,Valid,0.0,0.0,29.0,20.0,"['Male', 'Female']",0,0,3,4,5,Dry,Straight,Level,Lowest,No
28936,45,South Carolina,450269,0,1,1,0,1,NOT APPLICABLE,April,15,Saturday,19,35,Rural,Medium Speed (Collector),No,35.12956667,-81.84075833,Non-Intersection,Dark - Not Lighted,Clear,Unknown,Unknown,Unknown EMS Scene Arrival Hour,Unknown EMS Scene Arrival Minutes,Unknown,Unknown EMS Hospital Arrival Time,1,Dark - Unlighted,Clear,1,0,['Driver'],['None_Used'],1,1,Valid,0.0,0.0,24.0,24.0,['Male'],1,0,5,4,3,Dry,Straight,Level,Lowest,No
28937,45,South Carolina,450270,0,2,2,0,3,NOT APPLICABLE,April,15,Saturday,21,55,Urban,Medium Speed (Collector),No,34.87134722,-82.43279444,Non-Intersection,Dark - Not Lighted,Clear,Unknown,Unknown,Unknown EMS Scene Arrival Hour,Unknown EMS Scene Arrival Minutes,Unknown,Unknown EMS Hospital Arrival Time,1,Dark - Unlighted,Clear,1,2,['Driver'],['None_Used'],1,1,Invalid,2.0,3.0,55.0,18.0,"['Male', 'Male']",0,0,5,4,5,Dry,Straight,Level,Lowest,No
28938,45,South Carolina,450271,1,3,2,1,4,NORTH MYRTLE BEACH,April,15,Saturday,2,35,Rural,High Speed (Arterial),Yes,33.82076111,-78.73761944,Non-Intersection,Dark - Not Lighted,Clear,Unknown,Unknown if Notified,Unknown EMS Scene Arrival Hour,Unknown if Arrived,Not Applicable (Not Transported),Not Applicable (Not Transported),1,Dark - Unlighted,Clear,0,4,[],[],1,1,Valid,0.0,0.0,28.0,16.0,"['Male', 'Male']",0,0,2,4,5,Dry,Straight,Level,Lowest,No
28939,45,South Carolina,450272,0,1,1,0,11,NOT APPLICABLE,April,16,Sunday,2,40,Rural,High Speed (Arterial),Yes,35.19307222,-82.16685556,Non-Intersection,Dark - Not Lighted,Clear,Unknown,Unknown,Unknown EMS Scene Arrival Hour,Unknown EMS Scene Arrival Minutes,Unknown,Unknown EMS Hospital Arrival Time,2,Dark - Unlighted,Clear,2,9,"['Front_Passenger', 'Front_Passenger']","['None_Used', 'None_Used']",1,1,Valid,0.0,0.0,20.0,20.0,['Male'],0,0,3,4,3,Dry,Straight,Level,Lowest,No
28940,45,South Carolina,450273,0,1,1,0,1,NOT APPLICABLE,April,16,Sunday,1,18,Urban,Medium Speed (Collector),No,34.11086111,-80.98365,Non-Intersection,Dark - Not Lighted,Clear,Unknown,Unknown if Notified,Unknown EMS Scene Arrival Hour,Unknown if Arrived,Not Applicable (Not Transported),Not Applicable (Not Transported),1,Dark - Unlighted,Clear,1,0,['Driver'],['None_Used'],1,1,Valid,0.0,0.0,35.0,35.0,['Male'],0,0,5,4,2,Dry,Straight,Level,Lowest,No
28941,45,South Carolina,450274,0,2,2,0,2,NOT APPLICABLE,April,16,Sunday,13,34,Rural,Medium Speed (Collector),No,33.84153333,-81.23151111,Complex/Circle,Daylight,Clear,Unknown,Unknown,Unknown EMS Scene Arrival Hour,Unknown EMS Scene Arrival Minutes,Unknown,Unknown EMS Hospital Arrival Time,1,Daylight,Clear,1,1,['Driver'],['None_Used'],0,0,Valid,0.0,0.0,50.0,26.0,"['Male', 'Male']",0,0,3,4,5,Dry,Straight,Grade/Hillcrest,Lowest,No
28942,45,South Carolina,450275,0,2,2,0,2,NOT APPLICABLE,April,16,Sunday,21,15,Rural,High Speed (Arterial),No,34.50298056,-80.31983889,Non-Intersection,Other,Clear,Unknown,Unknown,Unknown EMS Scene Arrival Hour,Unknown EMS Scene Arrival Minutes,Unknown,Unknown EMS Hospital Arrival Time,1,Dark - Unlighted,Clear,1,1,['Driver'],['Shoulder_Lapbelt'],0,0,Valid,0.0,0.0,25.0,20.0,"['Male', 'Female']",0,0,2,4,5,Wet/Standing Water,Straight,Level,Lowest,No
28943,45,South Carolina,450276,2,2,1,1,3,NOT APPLICABLE,April,16,Sunday,1,34,Rural,High Speed (Arterial),Yes,32.78281111,-80.78800556,Non-Intersection,Dark - Not Lighted,Clear,Unknown,Unknown,Unknown EMS Scene Arrival Hour,Unknown EMS Scene Arrival Minutes,Unknown,Unknown EMS Hospital Arrival Time,1,Dark - Unlighted,Clear,0,3,[],[],0,0,Valid,0.0,0.0,37.0,37.0,['Male'],0,0,3,4,5,Dry,Straight,Level,Lowest,No
28944,45,South Carolina,450277,0,1,1,0,1,NOT APPLICABLE,April,17,Monday,22,10,Rural,Medium Speed (Collector),No,34.27443056,-82.17969444,Non-Intersection,Dark - Not Lighted,Clear,Unknown,Unknown if Notified,Unknown EMS Scene Arrival Hour,Unknown if Arrived,Not Applicable (Not Transported),Not Applicable (Not Transported),1,Dark - Unlighted,Clear,1,0,['Driver'],['None_Used'],1,1,Valid,0.0,0.0,43.0,43.0,['Male'],1,0,5,4,2,Dry,Straight,Level,Lowest,No
28945,45,South Carolina,450278,0,1,1,0,1,NOT APPLICABLE,April,17,Monday,20,0,Urban,High Speed (Arterial),Yes,33.91553333,-80.29104444,Non-Intersection,Dark - Not Lighted,Clear,Unknown,Unknown,Unknown EMS Scene Arrival Hour,Unknown EMS Scene Arrival Minutes,Unknown,Unknown EMS Hospital Arrival Time,1,Dark - Unlighted,Clear,1,0,['Driver'],['None_Used'],1,1,Valid,0.0,0.0,66.0,66.0,['Male'],1,0,3,4,3,Dry,Curve,Level,Lowest,No
28946,45,South Carolina,450279,1,1,1,0,1,NOT APPLICABLE,April,17,Monday,22,40,Rural,Medium Speed (Collector),No,34.50630556,-82.59121111,Non-Intersection,Dark - Unknown Lighting,Clear,Unknown,Unknown,Unknown EMS Scene Arrival Hour,Unknown EMS Scene Arrival Minutes,Unknown,Unknown EMS Hospital Arrival Time,1,Dark - Unlighted,Clear,0,1,[],[],0,0,Valid,0.0,0.0,48.0,48.0,['Male'],0,0,3,3,4,Dry,Straight,Level,Lowest,No
28947,45,South Carolina,450280,0,2,2,0,2,NOT APPLICABLE,April,18,Tuesday,17,30,Rural,Medium Speed (Collector),No,34.71838889,-82.57130556,Simple Junction,Daylight,Clear,Unknown,Unknown,Unknown EMS Scene Arrival Hour,Unknown EMS Scene Arrival Minutes,Unknown,Unknown EMS Hospital Arrival Time,1,Daylight,Clear,1,1,['Driver'],['None_Used'],1,1,Valid,0.0,0.0,68.0,39.0,"['Female', 'Female']",0,0,5,4,5,Dry,Straight,Level,Lowest,No
28948,45,South Carolina,450281,0,2,2,0,2,NOT APPLICABLE,April,18,Tuesday,17,0,Rural,Medium Speed (Collector),No,35.03633333,-82.14863056,Simple Junction,Daylight,Clear,Unknown,Unknown,Unknown EMS Scene Arrival Hour,Unknown EMS Scene Arrival Minutes,Unknown,Unknown EMS Hospital Arrival Time,1,Daylight,Clear,1,1,['Driver'],['None_Used'],0,0,Valid,0.0,0.0,77.0,59.0,"['Male', 'Male']",0,0,5,4,5,Dry,Straight,Level,Lowest,No
28949,45,South Carolina,450282,0,2,2,0,3,NOT APPLICABLE,April,20,Thursday,17,50,Rural,Medium Speed (Collector),No,35.12218611,-81.76230556,Non-Intersection,Daylight,Clear,Unknown,Unknown,Unknown EMS Scene Arrival Hour,Unknown EMS Scene Arrival Minutes,Unknown,Unknown EMS Hospital Arrival Time,1,Daylight,Clear,1,2,['Driver'],['Shoulder_Lapbelt'],0,0,Valid,1.0,0.0,63.0,19.0,"['Male', 'Female']",0,0,3,4,5,Dry,Curve,Level,Medium,No
28950,45,South Carolina,450283,0,2,2,0,2,NOT APPLICABLE,April,21,Friday,10,35,Urban,High Speed (Arterial),Yes,34.05066667,-81.106375,Non-Intersection,Daylight,Clear,Unknown,Unknown,Unknown EMS Scene Arrival Hour,Unknown EMS Scene Arrival Minutes,Unknown,Unknown EMS Hospital Arrival Time,1,Daylight,Clear,1,1,['Driver'],['None_Used'],0,0,Valid,0.0,0.0,49.0,19.0,"['Female', 'Male']",1,0,5,4,5,Dry,Straight,Level,Lowest,No
28951,45,South Carolina,450284,0,1,1,0,1,NOT APPLICABLE,April,21,Friday,13,23,Urban,High Speed (Arterial),Yes,34.78942222,-82.43974722,Non-Intersection,Daylight,Clear,Unknown,Unknown,Unknown EMS Scene Arrival Hour,Unknown EMS Scene Arrival Minutes,Unknown,Unknown EMS Hospital Arrival Time,1,Daylight,Clear,1,0,['Driver'],['Shoulder_Lapbelt'],0,0,Valid,0.0,0.0,62.0,62.0,['Male'],0,0,3,4,3,Dry,Straight,Level,Lowest,No