,State_Code,State_Name,Crash_ID,Count_Non_Motorists,Count_Vehicles_Total,Count_Vehicle_Forms,Count_PVH_Involved,Count_Occupants_MV,City_Name,Month_Name,Day_of_Month,Day_of_Week,Crash_Hour,Crash_Minute,Area_Rural_Urban,Road_Functional_Class,On_NHS_Road,Latitude,Longitude,Intersection_Type,Light_Condition,Weather_Condition,Notif_Hour,Notif_Minute,Arrival_Hour,Arrival_Minute,Hospital_Hour,Hospital_Minute,Fatalities_Count,Clean_Light_Condition,Clean_Weather_Condition,Total_Killed,Total_Alive,Fatal_Seats_List,Killed_Restraint_List,Any_Driver_Drinking,Total_Drinking_Drivers,Driver_License_Category,Driver_Max_Prev_Accident_Count,Driver_Max_Prev_Speeding_Count,Max_Driver_Age,Min_Driver_Age,Driver_Sex_List,Total_Exceeding_Limit_Vehicles,Total_Too_Fast_Vehicles,Max_Vehicle_Type_Severity_5,Max_Vehicle_Damage_Rank,Max_Harmful_Event_Severity,Crash_Road_Surface_Condition,Crash_Horizontal_Alignment,Crash_Vertical_Profile,Crash_Impairment_Category,Crash_Vehicle_Defect
28952,45,South Carolina,450285,0,2,2,0,2,GREENVILLE,April,21,Friday,15,24,Urban,Low Speed (Local),No,34.79816389,-82.346375,Complex/Circle,Daylight,Clear,Unknown,Unknown,Unknown EMS Scene Arrival Hour,Unknown EMS Scene Arrival Minutes,Unknown,Unknown EMS Hospital Arrival Time,1,Daylight,Clear,1,1,['Driver'],['None_Used'],0,0,Valid,0.0,0.0,26.0,16.0,"['Male', 'Male']",1,0,5,4,5,Dry,Straight,Level,Lowest,No
28953,45,South Carolina,450286,0,1,1,0,1,NOT APPLICABLE,April,21,Friday,13,40,Rural,Medium Speed (Collector),No,34.65317222,-80.59106389,Non-Intersection,Daylight,Clear,Unknown,Unknown,Unknown EMS Scene Arrival Hour,Unknown EMS Scene Arrival Minutes,Unknown,Unknown EMS Hospital Arrival Time,1,Daylight,Clear,1,0,['Driver'],['Shoulder_Lapbelt'],0,0,Valid,0.0,0.0,83.0,83.0,['Female'],1,0,3,4,3,Dry,Curve,Level,Lowest,No
28954,45,South Carolina,450287,0,2,2,0,2,NOT APPLICABLE,April,22,Saturday,14,21,Rural,Medium Speed (Collector),No,34.61202222,-82.20095,Simple Junction,Daylight,Clear,Unknown,Unknown,Unknown EMS Scene Arrival Hour,Unknown EMS Scene Arrival Minutes,Unknown,Unknown EMS Hospital Arrival Time,1,Daylight,Clear,1,1,['Driver'],['None_Used'],0,0,Valid,0.0,0.0,63.0,46.0,"['Male', 'Female']",0,0,3,4,5,Dry,Straight,Level,Lowest,No
28955,45,South Carolina,450288,1,1,1,0,1,NOT APPLICABLE,April,23,Sunday,1,9,Urban,Medium Speed (Collector),No,35.02807778,-80.97426389,Non-Intersection,Dark - Unknown Lighting,Clear,Unknown,Unknown if Notified,Unknown EMS Scene Arrival Hour,Unknown if Arrived,Not Applicable (Not Transported),Not Applicable (Not Transported),1,Dark - Unlighted,Clear,0,1,[],[],1,1,Valid,0.0,0.0,27.0,27.0,['Female'],0,0,3,4,4,Dry,Straight,Level,Lowest,No
28956,45,South Carolina,450289,0,2,2,0,2,NOT APPLICABLE,April,23,Sunday,12,0,Rural,Medium Speed (Collector),No,34.53768611,-83.05275278,Simple Junction,Daylight,Clear,Unknown,Unknown,Unknown EMS Scene Arrival Hour,Unknown EMS Scene Arrival Minutes,Unknown,Unknown EMS Hospital Arrival Time,1,Daylight,Clear,1,1,['Driver'],['Shoulder_Lapbelt'],0,0,Valid,0.0,0.0,76.0,54.0,"['Male', 'Female']",0,0,3,4,5,Dry,Straight,Level,Lowest,No
28957,45,South Carolina,450290,0,1,1,0,1,NOT APPLICABLE,April,22,Saturday,21,45,Rural,Medium Speed (Collector),No,33.67158611,-80.87494722,Non-Intersection,Dark - Not Lighted,Clear,Unknown,Unknown if Notified,Unknown EMS Scene Arrival Hour,Unknown if Arrived,Not Applicable (Not Transported),Not Applicable (Not Transported),1,Dark - Unlighted,Clear,1,0,['Driver'],['None_Used'],1,1,Valid,0.0,0.0,29.0,29.0,['Female'],1,0,3,4,3,Dry,Straight,Level,Lowest,No
28958,45,South Carolina,450291,0,2,2,0,3,CHARLESTON,April,23,Sunday,18,44,Urban,High Speed (Arterial),Yes,32.78053056,-79.96931111,Non-Intersection,Daylight,Clear,Unknown,Unknown,Unknown EMS Scene Arrival Hour,Unknown EMS Scene Arrival Minutes,Unknown,Unknown EMS Hospital Arrival Time,1,Daylight,Clear,1,2,['Driver'],['None_Used'],1,1,Valid,0.0,1.0,45.0,29.0,"['Female', 'Male']",1,0,5,4,3,Dry,Curve,Grade/Hillcrest,Lowest,No
28959,45,South Carolina,450292,0,1,1,0,1,NOT APPLICABLE,April,23,Sunday,23,40,Urban,Medium Speed (Collector),No,34.99321111,-82.393475,Non-Intersection,Dark - Unknown Lighting,Clear,Unknown,Unknown if Notified,Unknown EMS Scene Arrival Hour,Unknown if Arrived,Not Applicable (Not Transported),Not Applicable (Not Transported),1,Dark - Unlighted,Clear,1,0,['Driver'],['None_Used'],1,1,Valid,0.0,0.0,36.0,36.0,['Male'],1,0,5,4,2,Dry,Curve,Level,Lowest,No
28960,45,South Carolina,450293,0,1,1,0,2,NOT APPLICABLE,April,24,Monday,13,10,Urban,High Speed (Arterial),No,33.75149722,-78.86527778,Non-Intersection,Daylight,Clear,Unknown,Unknown,Unknown EMS Scene Arrival Hour,Unknown EMS Scene Arrival Minutes,Unknown,Unknown EMS Hospital Arrival Time,1,Daylight,Clear,1,1,['Front_Passenger'],['Shoulder_Lapbelt'],1,1,Valid,0.0,0.0,30.0,30.0,['Male'],0,0,3,4,3,Dry,Straight,Level,Lowest,No
28961,45,South Carolina,450294,1,1,1,0,1,HOLLYWOOD,April,24,Monday,13,18,Rural,Medium Speed (Collector),No,32.73251944,-80.25578056,Non-Intersection,Daylight,Clear,Unknown,Unknown,Unknown EMS Scene Arrival Hour,Unknown EMS Scene Arrival Minutes,Unknown,Unknown EMS Hospital Arrival Time,1,Daylight,Clear,0,1,[],[],0,0,Valid,0.0,0.0,68.0,68.0,['Male'],0,0,2,3,4,Dry,Straight,Level,Lowest,No
28962,45,South Carolina,450295,0,3,3,0,4,NOT APPLICABLE,April,25,Tuesday,4,41,Urban,High Speed (Arterial),Yes,34.98016389,-82.01430556,Non-Intersection,Daylight,Clear,Unknown,Unknown,Unknown EMS Scene Arrival Hour,Unknown EMS Scene Arrival Minutes,Unknown,Unknown EMS Hospital Arrival Time,1,Daylight,Clear,1,3,['Front_Passenger'],['Shoulder_Lapbelt'],0,0,Valid,0.0,0.0,64.0,19.0,"['Female', 'Male', 'Male']",0,0,3,4,5,Dry,Straight,Level,Lowest,No
28963,45,South Carolina,450296,0,1,1,0,1,NOT APPLICABLE,April,25,Tuesday,7,0,Rural,Medium Speed (Collector),No,33.96075278,-78.688,Non-Intersection,Dawn,Clear,Unknown,Unknown if Notified,Unknown EMS Scene Arrival Hour,Unknown if Arrived,Not Applicable (Not Transported),Not Applicable (Not Transported),1,Twilight,Clear,1,0,['Driver'],['Shoulder_Lapbelt'],0,0,Valid,1.0,1.0,24.0,24.0,['Male'],1,0,3,4,3,Dry,Straight,Level,Lowest,No
28964,45,South Carolina,450297,0,1,1,0,2,NOT APPLICABLE,April,26,Wednesday,6,45,Rural,Medium Speed (Collector),No,34.56015556,-82.08036944,Non-Intersection,Dawn,Clear,Unknown,Unknown,Unknown EMS Scene Arrival Hour,Unknown EMS Scene Arrival Minutes,Unknown,Unknown EMS Hospital Arrival Time,1,Twilight,Clear,1,1,['Driver'],['None_Used'],1,1,Valid,0.0,0.0,22.0,22.0,['Female'],0,0,3,4,3,Wet/Standing Water,Straight,Level,Lowest,No
28965,45,South Carolina,450298,0,2,2,0,3,NOT APPLICABLE,April,27,Thursday,16,30,Rural,High Speed (Arterial),Yes,35.16693056,-81.44688056,Non-Intersection,Daylight,Rain,Unknown,Unknown,Unknown EMS Scene Arrival Hour,Unknown EMS Scene Arrival Minutes,Unknown,Unknown EMS Hospital Arrival Time,2,Daylight,Rain/Wind/Minor,2,1,"['Driver', 'Front_Passenger']","['Shoulder_Lapbelt', 'Shoulder_Lapbelt']",0,0,Valid,0.0,0.0,56.0,47.0,"['Female', 'Male']",2,0,4,4,5,Wet/Standing Water,Straight,Level,Lowest,No
28966,45,South Carolina,450299,0,3,3,0,4,NOT APPLICABLE,April,27,Thursday,16,30,Rural,High Speed (Arterial),Yes,35.16741944,-81.44552778,Non-Intersection,Daylight,Rain,Unknown,Unknown,Unknown EMS Scene Arrival Hour,Unknown EMS Scene Arrival Minutes,Unknown,Unknown EMS Hospital Arrival Time,1,Daylight,Rain/Wind/Minor,1,3,['Driver'],['Shoulder_Lapbelt'],0,0,Invalid,1.0,0.0,74.0,25.0,"['Male', 'Male', 'Male']",2,0,4,4,5,Wet/Standing Water,Straight,Level,Lowest,No
28967,45,South Carolina,450300,0,2,2,0,5,NOT APPLICABLE,April,28,Friday,11,47,Rural,High Speed (Arterial),Yes,33.85698056,-79.31201111,Non-Intersection,Daylight,Clear,Unknown,Unknown,Unknown EMS Scene Arrival Hour,Unknown EMS Scene Arrival Minutes,Unknown,Unknown EMS Hospital Arrival Time,4,Daylight,Clear,4,1,"['Driver', 'Rear_Seat', 'Front_Passenger', 'Driver']","['Shoulder_Lapbelt', 'Shoulder_Lapbelt', 'Shoulder_Lapbelt', 'None_Used']",0,0,Valid,0.0,0.0,73.0,37.0,"['Female', 'Female']",0,0,3,4,5,Dry,Straight,Level,Lowest,No
28968,45,South Carolina,450301,0,2,2,0,5,FOLLY BEACH,April,28,Friday,22,11,Urban,Low Speed (Local),No,32.665825,-79.91645,Non-Intersection,Dark - Lighted,Clear,Unknown,Unknown,Unknown EMS Scene Arrival Hour,Unknown EMS Scene Arrival Minutes,Unknown,Unknown EMS Hospital Arrival Time,1,Dark - Lighted,Clear,1,4,['Rear_Seat'],['None_Used'],1,1,Valid,0.0,0.0,44.0,25.0,"['Female', 'Male']",0,0,2,4,5,Dry,Straight,Level,Lowest,No
28969,45,South Carolina,450302,0,2,1,1,1,NORTH CHARLESTON,April,29,Saturday,5,43,Urban,Low Speed (Local),No,32.9486,-80.06121111,Non-Intersection,Dark - Unknown Lighting,Clear,Unknown,Unknown,Unknown EMS Scene Arrival Hour,Unknown EMS Scene Arrival Minutes,Unknown,Unknown EMS Hospital Arrival Time,1,Dark - Unlighted,Clear,1,0,['Driver'],['Shoulder_Lapbelt'],0,0,Valid,0.0,0.0,68.0,68.0,['Male'],0,0,2,4,5,Dry,Straight,Level,Lowest,No
28970,45,South Carolina,450303,0,2,2,0,2,NOT APPLICABLE,April,29,Saturday,6,20,Urban,Medium Speed (Collector),No,34.25572778,-79.84688056,Non-Intersection,Dark - Not Lighted,Clear,Unknown,Unknown,Unknown EMS Scene Arrival Hour,Unknown EMS Scene Arrival Minutes,Unknown,Unknown EMS Hospital Arrival Time,1,Dark - Unlighted,Clear,1,1,['Driver'],['Shoulder_Lapbelt'],0,0,Valid,0.0,0.0,60.0,27.0,"['Male', 'Male']",0,0,2,4,5,Dry,Straight,Level,Lowest,No
28971,45,South Carolina,450304,1,1,1,0,1,NOT APPLICABLE,April,29,Saturday,10,36,Rural,Low Speed (Local),No,34.02752222,-79.86979444,Non-Intersection,Daylight,Clear,Unknown,Unknown if Notified,Unknown EMS Scene Arrival Hour,Unknown if Arrived,Not Applicable (Not Transported),Not Applicable (Not Transported),1,Daylight,Clear,0,1,[],[],0,0,Valid,0.0,0.0,49.0,49.0,['Female'],0,0,3,4,4,Dry,Straight,Level,Lowest,No
28972,45,South Carolina,450305,0,2,2,0,3,NOT APPLICABLE,April,30,Sunday,11,50,Rural,Low Speed (Local),No,32.71376944,-81.24228056,Non-Intersection,Daylight,Cloudy,Unknown,Unknown,Unknown EMS Scene Arrival Hour,Unknown EMS Scene Arrival Minutes,Unknown,Unknown EMS Hospital Arrival Time,2,Daylight,Reduced Visibility,2,1,"['Driver', 'Front_Passenger']","['None_Used', 'Shoulder_Lapbelt']",0,0,Valid,0.0,0.0,65.0,20.0,"['Male', 'Male']",2,0,3,4,5,Wet/Standing Water,Curve,Level,Lowest,No
28973,45,South Carolina,450306,0,1,1,0,2,NOT APPLICABLE,April,30,Sunday,18,0,Rural,Medium Speed (Collector),No,34.46058889,-82.78605278,Non-Intersection,Daylight,Clear,Unknown,Unknown,Unknown EMS Scene Arrival Hour,Unknown EMS Scene Arrival Minutes,Unknown,Unknown EMS Hospital Arrival Time,1,Daylight,Clear,1,1,['Front_Passenger'],['None_Used'],0,0,Valid,0.0,0.0,17.0,17.0,['Male'],2,0,2,4,3,Dry,Curve,Level,Lowest,No
28974,45,South Carolina,450307,1,1,1,0,1,MYRTLE BEACH,April,30,Sunday,1,0,Urban,High Speed (Arterial),Yes,33.71728889,-78.88933056,Non-Intersection,Dark - Unknown Lighting,Rain,Unknown,Unknown if Notified,Unknown EMS Scene Arrival Hour,Unknown if Arrived,Not Applicable (Not Transported),Not Applicable (Not Transported),1,Dark - Unlighted,Rain/Wind/Minor,0,1,[],[],0,0,Valid,0.0,0.0,45.0,45.0,['Male'],0,0,3,3,4,Wet/Standing Water,Straight,Level,Lowest,No
28975,45,South Carolina,450308,0,4,4,0,7,NOT APPLICABLE,April,30,Sunday,14,39,Rural,High Speed (Arterial),Yes,35.12475556,-82.09445,Non-Intersection,Daylight,Clear,Unknown,Unknown,Unknown EMS Scene Arrival Hour,Unknown EMS Scene Arrival Minutes,Unknown,Unknown EMS Hospital Arrival Time,1,Daylight,Clear,1,6,['Rear_Seat'],['Shoulder_Lapbelt'],0,0,Valid,0.0,0.0,66.0,19.0,"['Male', 'Male', 'Female', 'Female']",1,0,3,4,5,Dry,Straight,Level,Lowest,No
28976,45,South Carolina,450309,0,2,2,0,3,NOT APPLICABLE,March,3,Friday,17,14,Urban,Medium Speed (Collector),No,33.75948056,-78.93096389,Simple Junction,Daylight,Clear,Unknown,Unknown,Unknown EMS Scene Arrival Hour,Unknown EMS Scene Arrival Minutes,Unknown,Unknown EMS Hospital Arrival Time,1,Daylight,Clear,1,2,['Driver'],['Shoulder_Lapbelt'],0,0,Valid,0.0,0.0,80.0,31.0,"['Male', 'Female']",0,0,3,4,5,Dry,Straight,Level,Lowest,No
28977,45,South Carolina,450310,0,2,1,1,1,NOT APPLICABLE,April,25,Tuesday,23,12,Urban,High Speed (Arterial),Yes,33.53868056,-81.99666944,Non-Intersection,Dark - Not Lighted,Clear,Unknown,Unknown,Unknown EMS Scene Arrival Hour,Unknown EMS Scene Arrival Minutes,Unknown,Unknown EMS Hospital Arrival Time,1,Dark - Unlighted,Clear,1,0,['Driver'],['None_Used'],0,0,Valid,0.0,0.0,59.0,59.0,['Male'],0,0,5,4,5,Dry,Straight,Level,Lowest,No
28978,45,South Carolina,450311,0,2,2,0,2,NOT APPLICABLE,May,1,Monday,16,0,Rural,Low Speed (Local),No,33.56961667,-79.05960833,Non-Intersection,Daylight,Clear,Unknown,Unknown,Unknown EMS Scene Arrival Hour,Unknown EMS Scene Arrival Minutes,Unknown,Unknown EMS Hospital Arrival Time,1,Daylight,Clear,1,1,['Driver'],['None_Used'],0,0,Valid,1.0,0.0,68.0,60.0,"['Male', 'Female']",0,0,5,4,5,Dry,Curve,Level,Lowest,No
28979,45,South Carolina,450312,0,1,1,0,3,NOT APPLICABLE,May,1,Monday,8,0,Urban,Low Speed (Local),No,34.35150278,-80.08445556,Non-Intersection,Daylight,Clear,Unknown,Unknown,Unknown EMS Scene Arrival Hour,Unknown EMS Scene Arrival Minutes,Unknown,Unknown EMS Hospital Arrival Time,1,Daylight,Clear,1,2,['Rear_Seat'],['Child_Safety'],0,0,Valid,0.0,0.0,25.0,25.0,['Female'],0,0,2,4,3,Dry,Straight,Level,Lowest,No
28980,45,South Carolina,450313,0,2,2,0,2,NOT APPLICABLE,May,2,Tuesday,6,40,Rural,Medium Speed (Collector),No,33.31331944,-80.35856111,Non-Intersection,Daylight,Clear,Unknown,Unknown,Unknown EMS Scene Arrival Hour,Unknown EMS Scene Arrival Minutes,Unknown,Unknown EMS Hospital Arrival Time,1,Daylight,Clear,1,1,['Driver'],['None_Used'],0,0,Valid,1.0,0.0,32.0,30.0,"['Male', 'Male']",0,0,2,4,5,Dry,Straight,Level,Lowest,No
28981,45,South Carolina,450314,0,1,1,0,1,NOT APPLICABLE,May,2,Tuesday,20,50,Urban,High Speed (Arterial),Yes,32.94157778,-80.05025833,Non-Intersection,Dark - Not Lighted,Clear,Unknown,Unknown if Notified,Unknown EMS Scene Arrival Hour,Unknown if Arrived,Not Applicable (Not Transported),Not Applicable (Not Transported),1,Dark - Unlighted,Clear,1,0,['Driver'],['None_Used'],0,0,Valid,0.0,0.0,20.0,20.0,['Male'],1,0,5,4,2,Dry,Curve,Level,Lowest,No
28982,45,South Carolina,450315,0,2,2,0,2,GREENVILLE,May,2,Tuesday,15,56,Urban,High Speed (Arterial),Yes,34.85038889,-82.37596111,Simple Junction,Daylight,Clear,Unknown,Unknown,Unknown EMS Scene Arrival Hour,Unknown EMS Scene Arrival Minutes,Unknown,Unknown EMS Hospital Arrival Time,1,Daylight,Clear,1,1,['Driver'],['None_Used'],0,0,Invalid,1.0,3.0,52.0,35.0,"['Male', 'Female']",1,0,5,4,5,Dry,Straight,Grade/Hillcrest,Lowest,No
28983,45,South Carolina,450316,0,4,4,0,5,NOT APPLICABLE,February,2,Thursday,12,19,Urban,High Speed (Arterial),Yes,35.03381389,-80.96148056,Non-Intersection,Daylight,Rain,Unknown,Unknown,Unknown EMS Scene Arrival Hour,Unknown EMS Scene Arrival Minutes,Unknown,Unknown EMS Hospital Arrival Time,1,Daylight,Rain/Wind/Minor,1,4,['Driver'],['Shoulder_Lapbelt'],0,0,Valid,1.0,1.0,74.0,38.0,"['Male', 'Male', 'Female', 'Female']",1,0,4,4,5,Wet/Standing Water,Straight,Level,Lowest,No
28984,45,South Carolina,450317,0,2,2,0,2,NOT APPLICABLE,February,11,Saturday,21,35,Urban,Medium Speed (Collector),No,33.0,-80.09226111,Non-Intersection,Dark - Lighted,Rain,Unknown,Unknown,Unknown EMS Scene Arrival Hour,Unknown EMS Scene Arrival Minutes,Unknown,Unknown EMS Hospital Arrival Time,1,Dark - Lighted,Rain/Wind/Minor,1,1,['Driver'],['Shoulder_Lapbelt'],0,0,Valid,0.0,0.0,75.0,20.0,"['Male', 'Male']",1,0,2,4,5,Wet/Standing Water,Straight,Level,Lowest,No
28985,45,South Carolina,450318,0,1,1,0,2,NOT APPLICABLE,March,30,Thursday,12,31,Urban,High Speed (Arterial),Yes,32.93444444,-80.68747778,Non-Intersection,Daylight,Clear,Unknown,Unknown,Unknown EMS Scene Arrival Hour,Unknown EMS Scene Arrival Minutes,Unknown,Unknown EMS Hospital Arrival Time,1,Daylight,Clear,1,1,['Driver'],['Shoulder_Lapbelt'],0,0,Valid,0.0,0.0,83.0,83.0,['Male'],0,0,2,4,3,Dry,Straight,Level,Medium,No
28986,45,South Carolina,450319,0,2,2,0,2,MT PLEASANT,April,5,Wednesday,22,20,Urban,High Speed (Arterial),No,32.81458889,-79.80785,Non-Intersection,Dark - Not Lighted,Clear,Unknown,Unknown,Unknown EMS Scene Arrival Hour,Unknown EMS Scene Arrival Minutes,Unknown,Unknown EMS Hospital Arrival Time,1,Dark - Unlighted,Clear,1,1,['Driver'],['Shoulder_Lapbelt'],0,0,Valid,0.0,0.0,76.0,19.0,"['Female', 'Female']",0,0,2,4,5,Dry,Straight,Level,Medium,No
28987,45,South Carolina,450320,0,2,2,0,3,NOT APPLICABLE,April,24,Monday,17,0,Urban,Medium Speed (Collector),No,35.05140278,-81.14763889,Non-Intersection,Daylight,Clear,Unknown,Unknown,Unknown EMS Scene Arrival Hour,Unknown EMS Scene Arrival Minutes,Unknown,Unknown EMS Hospital Arrival Time,1,Daylight,Clear,1,2,['Front_Passenger'],['Shoulder_Lapbelt'],0,0,Valid,1.0,1.0,61.0,21.0,"['Male', 'Female']",0,0,3,4,5,Dry,Straight,Grade/Hillcrest,Lowest,No
28988,45,South Carolina,450321,0,2,2,0,3,NOT APPLICABLE,May,3,Wednesday,12,34,Rural,High Speed (Arterial),No,35.09765278,-81.463125,Non-Intersection,Daylight,Clear,Unknown,Unknown,Unknown EMS Scene Arrival Hour,Unknown EMS Scene Arrival Minutes,Unknown,Unknown EMS Hospital Arrival Time,1,Daylight,Clear,1,2,['Driver'],['Shoulder_Lapbelt'],0,0,Valid,0.0,0.0,48.0,45.0,"['Male', 'Male']",1,0,4,4,5,Dry,Straight,Level,Lowest,No
28989,45,South Carolina,450322,0,1,1,0,2,NOT APPLICABLE,May,3,Wednesday,20,3,Rural,Medium Speed (Collector),No,33.57491111,-81.41561111,Non-Intersection,Dusk,Clear,Unknown,Unknown,Unknown EMS Scene Arrival Hour,Unknown EMS Scene Arrival Minutes,Unknown,Unknown EMS Hospital Arrival Time,1,Twilight,Clear,1,1,['Rear_Seat'],['Child_Safety'],1,1,Valid,1.0,0.0,25.0,25.0,['Female'],2,0,2,4,3,Dry,Straight,Level,Lowest,No
28990,45,South Carolina,450323,0,2,2,0,2,NOT APPLICABLE,May,3,Wednesday,3,55,Rural,High Speed (Arterial),Yes,33.57913333,-80.37155,Non-Intersection,Dark - Not Lighted,Clear,Unknown,Unknown if Notified,Unknown EMS Scene Arrival Hour,Unknown if Arrived,Not Applicable (Not Transported),Not Applicable (Not Transported),2,Dark - Unlighted,Clear,2,0,"['Driver', 'Driver']","['Shoulder_Lapbelt', 'Shoulder_Lapbelt']",0,0,Valid,1.0,0.0,64.0,57.0,"['Female', 'Male']",1,0,4,4,5,Dry,Straight,Level,Lowest,No
28991,45,South Carolina,450324,0,1,1,0,1,NOT APPLICABLE,May,3,Wednesday,17,45,Urban,Low Speed (Local),No,33.935125,-81.26001111,Non-Intersection,Daylight,Clear,Unknown,Unknown if Notified,Unknown EMS Scene Arrival Hour,Unknown if Arrived,Not Applicable (Not Transported),Not Applicable (Not Transported),1,Daylight,Clear,1,0,['Driver'],['None_Used'],1,1,Invalid,0.0,0.0,36.0,36.0,['Male'],1,0,3,4,3,Dry,Curve,Grade/Hillcrest,Lowest,No
28992,45,South Carolina,450325,1,2,2,0,2,NOT APPLICABLE,May,4,Thursday,21,0,Rural,Medium Speed (Collector),No,33.08276944,-80.2062,Non-Intersection,Dark - Not Lighted,Clear,Unknown,Unknown if Notified,Unknown EMS Scene Arrival Hour,Unknown if Arrived,Not Applicable (Not Transported),Not Applicable (Not Transported),1,Dark - Unlighted,Clear,0,2,[],[],0,0,Valid,1.0,0.0,59.0,27.0,"['Male', 'Female']",0,0,3,4,4,Dry,Straight,Level,Lowest,No
28993,45,South Carolina,450326,0,2,2,0,2,MYRTLE BEACH,May,4,Thursday,10,48,Urban,High Speed (Arterial),Yes,33.7005,-78.9362,Non-Intersection,Daylight,Clear,Unknown,Unknown,Unknown EMS Scene Arrival Hour,Unknown EMS Scene Arrival Minutes,Unknown,Unknown EMS Hospital Arrival Time,1,Daylight,Clear,1,1,['Driver'],['None_Used'],0,0,Invalid,1.0,0.0,70.0,64.0,"['Male', 'Male']",0,0,5,3,5,Dry,Straight,Level,Lowest,No
28994,45,South Carolina,450327,0,2,2,0,3,SPARTANBURG,May,4,Thursday,18,11,Urban,High Speed (Arterial),No,34.91989167,-81.89126667,Non-Intersection,Daylight,Clear,Unknown,Unknown,Unknown EMS Scene Arrival Hour,Unknown EMS Scene Arrival Minutes,Unknown,Unknown EMS Hospital Arrival Time,1,Daylight,Clear,1,2,['Driver'],['Shoulder_Lapbelt'],0,0,Valid,0.0,3.0,77.0,23.0,"['Male', 'Male']",2,0,2,4,5,Dry,Straight,Non-Trafficway,Lowest,No
28995,45,South Carolina,450328,0,4,4,0,4,NOT APPLICABLE,May,5,Friday,3,7,Rural,High Speed (Arterial),Yes,32.93090278,-80.36716667,Non-Intersection,Dark - Not Lighted,Clear,Unknown,Unknown,Unknown EMS Scene Arrival Hour,Unknown EMS Scene Arrival Minutes,Unknown,Unknown EMS Hospital Arrival Time,1,Dark - Unlighted,Clear,1,3,['Driver'],['Shoulder_Lapbelt'],0,0,Valid,1.0,2.0,54.0,36.0,"['Female', 'Female', 'Female', 'Female']",1,0,3,4,5,Dry,Straight,Level,Lowest,No
28996,45,South Carolina,450329,0,3,2,1,2,NOT APPLICABLE,May,5,Friday,13,34,Urban,High Speed (Arterial),Yes,34.14825556,-82.13631389,Non-Intersection,Daylight,Clear,Unknown,Unknown,Unknown EMS Scene Arrival Hour,Unknown EMS Scene Arrival Minutes,Unknown,Unknown EMS Hospital Arrival Time,1,Daylight,Clear,1,1,['Driver'],['None_Used'],0,0,Valid,0.0,0.0,90.0,76.0,"['Male', 'Female']",0,0,3,4,5,Dry,Straight,Level,Lowest,No
28997,45,South Carolina,450330,1,1,1,0,1,NOT APPLICABLE,May,5,Friday,22,30,Urban,High Speed (Arterial),Yes,34.07631944,-80.94466944,Complex/Circle,Dark - Lighted,Clear,Unknown,Unknown if Notified,Unknown EMS Scene Arrival Hour,Unknown if Arrived,Not Applicable (Not Transported),Not Applicable (Not Transported),1,Dark - Lighted,Clear,0,1,[],[],0,0,Valid,1.0,0.0,62.0,62.0,['Male'],0,0,3,3,4,Dry,Straight,Level,Lowest,No
28998,45,South Carolina,450331,0,1,1,0,2,NOT APPLICABLE,May,5,Friday,22,3,Urban,High Speed (Arterial),Yes,34.44401944,-79.34649722,Non-Intersection,Dark - Not Lighted,Clear,Unknown,Unknown,Unknown EMS Scene Arrival Hour,Unknown EMS Scene Arrival Minutes,Unknown,Unknown EMS Hospital Arrival Time,2,Dark - Unlighted,Clear,2,0,"['Driver', 'Front_Passenger']","['None_Used', 'None_Used']",0,0,Invalid,0.0,1.0,28.0,28.0,['Female'],2,0,3,4,3,Dry,Straight,Level,Lowest,No
28999,45,South Carolina,450332,0,2,2,0,5,NOT APPLICABLE,May,6,Saturday,13,40,Urban,High Speed (Arterial),Yes,34.80138333,-82.42726667,Simple Junction,Daylight,Clear,Unknown,Unknown,Unknown EMS Scene Arrival Hour,Unknown EMS Scene Arrival Minutes,Unknown,Unknown EMS Hospital Arrival Time,1,Daylight,Clear,1,4,['Driver'],['Shoulder_Lapbelt'],0,0,Invalid,1.0,0.0,71.0,41.0,"['Male', 'Male']",0,0,3,4,5,Dry,Straight,Level,Lowest,No
29000,45,South Carolina,450333,0,2,2,0,3,CHARLESTON,May,6,Saturday,16,50,Urban,High Speed (Arterial),No,32.81343056,-79.99921111,Non-Intersection,Daylight,Clear,Unknown,Unknown,Unknown EMS Scene Arrival Hour,Unknown EMS Scene Arrival Minutes,Unknown,Unknown EMS Hospital Arrival Time,1,Daylight,Clear,1,2,['Driver'],['None_Used'],1,1,Valid,1.0,0.0,54.0,33.0,"['Male', 'Male']",1,0,3,4,5,Dry,Straight,Level,Lowest,No
29001,45,South Carolina,450334,0,2,2,0,2,NOT APPLICABLE,May,6,Saturday,23,52,Rural,Medium Speed (Collector),No,33.54135833,-81.14114444,Non-Intersection,Dark - Not Lighted,Clear,Unknown,Unknown,Unknown EMS Scene Arrival Hour,Unknown EMS Scene Arrival Minutes,Unknown,Unknown EMS Hospital Arrival Time,1,Dark - Unlighted,Clear,1,1,['Driver'],['None_Used'],1,1,Valid,1.0,1.0,37.0,26.0,"['Male', 'Male']",0,0,5,4,5,Dry,Straight,Level,Lowest,No