,State_Code,State_Name,Crash_ID,Count_Non_Motorists,Count_Vehicles_Total,Count_Vehicle_Forms,Count_PVH_Involved,Count_Occupants_MV,City_Name,Month_Name,Day_of_Month,Day_of_Week,Crash_Hour,Crash_Minute,Area_Rural_Urban,Road_Functional_Class,On_NHS_Road,Latitude,Longitude,Intersection_Type,Light_Condition,Weather_Condition,Notif_Hour,Notif_Minute,Arrival_Hour,Arrival_Minute,Hospital_Hour,Hospital_Minute,Fatalities_Count,Clean_Light_Condition,Clean_Weather_Condition,Total_Killed,Total_Alive,Fatal_Seats_List,Killed_Restraint_List,Any_Driver_Drinking,Total_Drinking_Drivers,Driver_License_Category,Driver_Max_Prev_Accident_Count,Driver_Max_Prev_Speeding_Count,Max_Driver_Age,Min_Driver_Age,Driver_Sex_List,Total_Exceeding_Limit_Vehicles,Total_Too_Fast_Vehicles,Max_Vehicle_Type_Severity_5,Max_Vehicle_Damage_Rank,Max_Harmful_Event_Severity,Crash_Road_Surface_Condition,Crash_Horizontal_Alignment,Crash_Vertical_Profile,Crash_Impairment_Category,Crash_Vehicle_Defect
29002,45,South Carolina,450335,1,1,1,0,1,NOT APPLICABLE,May,6,Saturday,19,59,Urban,High Speed (Arterial),Yes,33.48788611,-80.83036111,Non-Intersection,Dusk,Clear,Unknown,Unknown if Notified,Unknown EMS Scene Arrival Hour,Unknown if Arrived,Not Applicable (Not Transported),Not Applicable (Not Transported),1,Twilight,Clear,0,1,[],[],0,0,Valid,0.0,0.0,33.0,33.0,['Male'],1,0,3,4,3,Dry,Curve,Level,Lowest,No
29003,45,South Carolina,450336,0,2,1,1,1,NOT APPLICABLE,May,9,Tuesday,8,4,Rural,Low Speed (Local),No,32.95245556,-80.84354722,Non-Intersection,Daylight,Clear,Unknown,Unknown,Unknown EMS Scene Arrival Hour,Unknown EMS Scene Arrival Minutes,Unknown,Unknown EMS Hospital Arrival Time,1,Daylight,Clear,1,0,['Driver'],['None_Used'],0,0,Valid,0.0,0.0,63.0,63.0,['Female'],1,0,3,4,5,Dry,Curve,Grade/Hillcrest,Lowest,No
29004,45,South Carolina,450337,0,2,2,0,3,NOT APPLICABLE,May,10,Wednesday,15,10,Rural,Medium Speed (Collector),No,34.33698611,-81.85385556,Non-Intersection,Daylight,Clear,Unknown,Unknown,Unknown EMS Scene Arrival Hour,Unknown EMS Scene Arrival Minutes,Unknown,Unknown EMS Hospital Arrival Time,1,Daylight,Clear,1,2,['Driver'],['Shoulder_Lapbelt'],0,0,Valid,0.0,4.0,71.0,25.0,"['Female', 'Female']",3,0,3,4,5,Dry,Straight,Level,Lowest,No
29005,45,South Carolina,450338,1,1,1,0,5,NOT APPLICABLE,May,10,Wednesday,0,45,Urban,High Speed (Arterial),Yes,34.11923056,-80.87896111,Non-Intersection,Dark - Lighted,Clear,Unknown,Unknown if Notified,Unknown EMS Scene Arrival Hour,Unknown if Arrived,Not Applicable (Not Transported),Not Applicable (Not Transported),1,Dark - Lighted,Clear,0,5,[],[],0,0,Valid,1.0,0.0,19.0,19.0,['Female'],0,0,3,4,4,Dry,Straight,Level,Lowest,No
29006,45,South Carolina,450339,0,1,1,0,1,NOT APPLICABLE,May,10,Wednesday,20,50,Urban,Medium Speed (Collector),No,33.59506944,-81.7418,Non-Intersection,Dark - Not Lighted,Clear,Unknown,Unknown if Notified,Unknown EMS Scene Arrival Hour,Unknown if Arrived,Not Applicable (Not Transported),Not Applicable (Not Transported),1,Dark - Unlighted,Clear,1,0,['Driver'],['None_Used'],1,1,Valid,0.0,0.0,32.0,32.0,['Male'],1,0,5,4,2,Dry,Straight,Level,Lowest,No
29007,45,South Carolina,450340,0,2,2,0,3,NOT APPLICABLE,May,11,Thursday,15,20,Rural,Medium Speed (Collector),No,33.86291111,-80.8673,Complex/Circle,Daylight,Clear,Unknown,Unknown,Unknown EMS Scene Arrival Hour,Unknown EMS Scene Arrival Minutes,Unknown,Unknown EMS Hospital Arrival Time,1,Daylight,Clear,1,2,['Front_Passenger'],['Shoulder_Lapbelt'],0,0,Valid,1.0,2.0,79.0,71.0,"['Male', 'Male']",0,0,2,4,5,Dry,Straight,Level,Lowest,No
29008,45,South Carolina,450341,0,2,2,0,5,NOT APPLICABLE,May,11,Thursday,13,37,Urban,High Speed (Arterial),Yes,34.28528056,-79.87471944,Complex/Circle,Daylight,Clear,Unknown,Unknown,Unknown EMS Scene Arrival Hour,Unknown EMS Scene Arrival Minutes,Unknown,Unknown EMS Hospital Arrival Time,2,Daylight,Clear,2,3,"['Front_Passenger', 'Rear_Seat']","['Shoulder_Lapbelt', 'Child_Safety']",0,0,Valid,0.0,1.0,73.0,21.0,"['Male', 'Female']",1,0,4,4,5,Dry,Straight,Level,Lowest,No
29009,45,South Carolina,450342,0,2,2,0,2,NOT APPLICABLE,May,11,Thursday,17,35,Urban,High Speed (Arterial),Yes,33.96939722,-81.00299722,Non-Intersection,Daylight,Clear,Unknown,Unknown,Unknown EMS Scene Arrival Hour,Unknown EMS Scene Arrival Minutes,Unknown,Unknown EMS Hospital Arrival Time,1,Daylight,Clear,1,1,['Driver'],['None_Used'],0,0,Valid,0.0,1.0,38.0,36.0,"['Male', 'Male']",0,0,2,4,5,Dry,Straight,Level,Lowest,No
29010,45,South Carolina,450343,0,4,1,3,4,NOT APPLICABLE,May,11,Thursday,21,40,Urban,Medium Speed (Collector),No,34.80184722,-82.42507222,Non-Intersection,Dark - Not Lighted,Clear,Unknown,Unknown,Unknown EMS Scene Arrival Hour,Unknown EMS Scene Arrival Minutes,Unknown,Unknown EMS Hospital Arrival Time,2,Dark - Unlighted,Clear,2,2,"['Front_Passenger', 'Front_Passenger']","['Shoulder_Lapbelt', 'Shoulder_Lapbelt']",0,0,Invalid,0.0,0.0,14.0,14.0,['Male'],4,0,2,4,3,Dry,Curve,Level,Lowest,No
29011,45,South Carolina,450344,0,2,2,0,3,NOT APPLICABLE,May,12,Friday,6,42,Urban,Low Speed (Local),No,34.32682778,-79.88390556,Non-Intersection,Dawn,Clear,Unknown,Unknown,Unknown EMS Scene Arrival Hour,Unknown EMS Scene Arrival Minutes,Unknown,Unknown EMS Hospital Arrival Time,1,Twilight,Clear,1,2,['Driver'],['Shoulder_Lapbelt'],0,0,Valid,0.0,0.0,41.0,16.0,"['Male', 'Male']",0,0,4,4,5,Dry,Curve,Level,Lowest,No
29012,45,South Carolina,450345,0,1,1,0,1,NOT APPLICABLE,May,12,Friday,14,35,Rural,High Speed (Arterial),Yes,33.34410278,-80.53324444,Non-Intersection,Daylight,Clear,Unknown,Unknown if Notified,Unknown EMS Scene Arrival Hour,Unknown if Arrived,Not Applicable (Not Transported),Not Applicable (Not Transported),1,Daylight,Clear,1,0,['Driver'],['None_Used'],1,1,Valid,2.0,0.0,22.0,22.0,['Male'],1,0,5,4,3,Dry,Straight,Level,Lowest,No
29013,45,South Carolina,450346,0,2,2,0,5,NOT APPLICABLE,May,12,Friday,14,31,Rural,Low Speed (Local),No,35.00784444,-81.62360556,Non-Intersection,Daylight,Clear,Unknown,Unknown,Unknown EMS Scene Arrival Hour,Unknown EMS Scene Arrival Minutes,Unknown,Unknown EMS Hospital Arrival Time,1,Daylight,Clear,1,4,['Driver'],['None_Used'],0,0,Valid,1.0,0.0,66.0,35.0,"['Male', 'Female']",0,0,3,4,5,Dry,Straight,Grade/Hillcrest,Lowest,No
29014,45,South Carolina,450347,0,1,1,0,1,NOT APPLICABLE,May,12,Friday,17,20,Urban,Low Speed (Local),No,33.88499444,-79.78740556,Non-Intersection,Daylight,Clear,Unknown,Unknown if Notified,Unknown EMS Scene Arrival Hour,Unknown if Arrived,Not Applicable (Not Transported),Not Applicable (Not Transported),1,Daylight,Clear,1,0,['Driver'],['None_Used'],0,0,Valid,1.0,0.0,81.0,81.0,['Female'],1,0,3,4,3,Dry,Curve,Level,Lowest,No
29015,45,South Carolina,450348,0,3,3,0,4,NOT APPLICABLE,May,12,Friday,17,40,Rural,High Speed (Arterial),No,34.76331389,-81.13964444,Non-Intersection,Daylight,Clear,Unknown,Unknown,Unknown EMS Scene Arrival Hour,Unknown EMS Scene Arrival Minutes,Unknown,Unknown EMS Hospital Arrival Time,1,Daylight,Clear,1,3,['Driver'],['Shoulder_Lapbelt'],1,1,Invalid,1.0,2.0,44.0,19.0,"['Male', 'Male', 'Male']",1,0,3,4,5,Dry,Straight,Level,Lowest,No
29016,45,South Carolina,450349,0,2,2,0,3,NOT APPLICABLE,May,13,Saturday,9,10,Rural,Medium Speed (Collector),No,34.53214444,-80.03673889,Non-Intersection,Daylight,Clear,Unknown,Unknown,Unknown EMS Scene Arrival Hour,Unknown EMS Scene Arrival Minutes,Unknown,Unknown EMS Hospital Arrival Time,1,Daylight,Clear,1,2,['Driver'],['Shoulder_Lapbelt'],0,0,Valid,0.0,1.0,52.0,22.0,"['Female', 'Male']",1,0,3,4,3,Dry,Straight,Level,Lowest,No
29017,45,South Carolina,450350,0,1,1,0,1,NOT APPLICABLE,May,13,Saturday,16,46,Rural,Medium Speed (Collector),No,33.54548333,-81.43824444,Non-Intersection,Daylight,Clear,Unknown,Unknown if Notified,Unknown EMS Scene Arrival Hour,Unknown if Arrived,Not Applicable (Not Transported),Not Applicable (Not Transported),1,Daylight,Clear,1,0,['Driver'],['None_Used'],1,1,Invalid,0.0,0.0,36.0,36.0,['Male'],0,0,3,4,3,Dry,Straight,Level,Lowest,No
29018,45,South Carolina,450351,0,1,1,0,1,NOT APPLICABLE,May,13,Saturday,20,25,Urban,Low Speed (Local),No,34.01188611,-81.257325,Non-Intersection,Dusk,Clear,Unknown,Unknown if Notified,Unknown EMS Scene Arrival Hour,Unknown if Arrived,Not Applicable (Not Transported),Not Applicable (Not Transported),1,Twilight,Clear,1,0,['Driver'],['None_Used'],0,0,Valid,0.0,0.0,17.0,17.0,['Male'],1,0,5,4,3,Dry,Curve,Level,Lowest,No
29019,45,South Carolina,450352,0,1,1,0,1,HOLLYWOOD,May,13,Saturday,18,40,Rural,Medium Speed (Collector),No,32.66189444,-80.34049167,Simple Junction,Daylight,Clear,Unknown,Unknown if Notified,Unknown EMS Scene Arrival Hour,Unknown if Arrived,Not Applicable (Not Transported),Not Applicable (Not Transported),1,Daylight,Clear,1,0,['Driver'],['None_Used'],0,0,Valid,0.0,1.0,65.0,65.0,['Male'],1,0,5,4,3,Dry,Curve,Grade/Hillcrest,Lowest,No
29020,45,South Carolina,450353,0,1,1,0,1,NOT APPLICABLE,May,13,Saturday,23,50,Rural,Medium Speed (Collector),No,33.35564722,-80.17006389,Non-Intersection,Dark - Not Lighted,Clear,Unknown,Unknown,Unknown EMS Scene Arrival Hour,Unknown EMS Scene Arrival Minutes,Unknown,Unknown EMS Hospital Arrival Time,1,Dark - Unlighted,Clear,1,0,['Driver'],['None_Used'],1,1,Valid,0.0,0.0,33.0,33.0,['Male'],1,0,2,4,3,Dry,Straight,Level,Lowest,No
29021,45,South Carolina,450354,0,1,1,0,1,NOT APPLICABLE,May,13,Saturday,0,58,Urban,Low Speed (Local),No,33.88709722,-81.07501944,Non-Intersection,Dark - Lighted,Clear,Unknown,Unknown if Notified,Unknown EMS Scene Arrival Hour,Unknown if Arrived,Not Applicable (Not Transported),Not Applicable (Not Transported),1,Dark - Lighted,Clear,1,0,['Driver'],['Shoulder_Lapbelt'],1,1,Invalid,0.0,0.0,60.0,60.0,['Male'],0,0,2,4,3,Wet/Standing Water,Straight,Level,Lowest,No
29022,45,South Carolina,450355,0,2,2,0,6,NOT APPLICABLE,May,14,Sunday,14,15,Rural,Medium Speed (Collector),No,33.73700833,-80.35330278,Non-Intersection,Daylight,Clear,Unknown,Unknown,Unknown EMS Scene Arrival Hour,Unknown EMS Scene Arrival Minutes,Unknown,Unknown EMS Hospital Arrival Time,1,Daylight,Clear,1,5,['Driver'],['Shoulder_Lapbelt'],0,0,Valid,0.0,0.0,66.0,42.0,"['Male', 'Female']",0,0,3,4,5,Dry,Straight,Level,Medium,No
29023,45,South Carolina,450356,0,2,2,0,2,NOT APPLICABLE,May,14,Sunday,12,1,Rural,High Speed (Arterial),Yes,34.84265556,-81.96855556,Non-Intersection,Daylight,Clear,Unknown,Unknown if Notified,Unknown EMS Scene Arrival Hour,Unknown if Arrived,Not Applicable (Not Transported),Not Applicable (Not Transported),1,Daylight,Clear,1,1,['Driver'],['None_Used'],0,0,Valid,1.0,0.0,89.0,43.0,"['Male', 'Female']",0,0,5,4,5,Dry,Straight,Level,Lowest,No
29024,45,South Carolina,450357,0,3,3,0,8,COLUMBIA,May,9,Tuesday,16,1,Urban,Medium Speed (Collector),No,34.00833056,-80.97976111,Complex/Circle,Daylight,Clear,Unknown,Unknown,Unknown EMS Scene Arrival Hour,Unknown EMS Scene Arrival Minutes,Unknown,Unknown EMS Hospital Arrival Time,1,Daylight,Clear,1,7,['Front_Passenger'],['None_Used'],0,0,Valid,1.0,0.0,68.0,41.0,"['Female', 'Male', 'Female']",0,0,4,4,5,Dry,Straight,Level,Lowest,No
29025,45,South Carolina,450358,0,1,1,0,1,NOT APPLICABLE,May,14,Sunday,21,24,Rural,Medium Speed (Collector),No,34.27465,-80.25746389,Non-Intersection,Dark - Not Lighted,Clear,Unknown,Unknown if Notified,Unknown EMS Scene Arrival Hour,Unknown if Arrived,Not Applicable (Not Transported),Not Applicable (Not Transported),1,Dark - Unlighted,Clear,1,0,['Driver'],['Shoulder_Lapbelt'],0,0,Valid,0.0,0.0,64.0,64.0,['Male'],0,0,3,4,3,Dry,Straight,Level,Lowest,No
29026,45,South Carolina,450359,0,1,1,0,2,NOT APPLICABLE,May,14,Sunday,17,4,Urban,Medium Speed (Collector),No,32.4508,-80.89878056,Non-Intersection,Daylight,Clear,Unknown,Unknown,Unknown EMS Scene Arrival Hour,Unknown EMS Scene Arrival Minutes,Unknown,Unknown EMS Hospital Arrival Time,1,Daylight,Clear,1,1,['Driver'],['None_Used'],0,0,Valid,1.0,2.0,61.0,61.0,['Female'],2,0,2,4,3,Dry,Straight,Level,Lowest,No
29027,45,South Carolina,450360,0,2,2,0,3,NOT APPLICABLE,May,13,Saturday,20,45,Urban,Medium Speed (Collector),No,34.97744444,-82.35074444,Non-Intersection,Dark - Not Lighted,Clear,Unknown,Unknown,Unknown EMS Scene Arrival Hour,Unknown EMS Scene Arrival Minutes,Unknown,Unknown EMS Hospital Arrival Time,1,Dark - Unlighted,Clear,1,2,['Driver'],['Shoulder_Lapbelt'],0,0,Valid,0.0,1.0,57.0,20.0,"['Male', 'Male']",0,0,3,4,5,Dry,Curve,Level,Lowest,No
29028,45,South Carolina,450361,0,2,2,0,2,NOT APPLICABLE,May,15,Monday,10,42,Rural,Medium Speed (Collector),No,34.29842778,-82.21998611,Non-Intersection,Daylight,Clear,Unknown,Unknown,Unknown EMS Scene Arrival Hour,Unknown EMS Scene Arrival Minutes,Unknown,Unknown EMS Hospital Arrival Time,1,Daylight,Clear,1,1,['Driver'],['None_Used'],0,0,Valid,4.0,2.0,53.0,25.0,"['Female', 'Male']",1,0,3,4,5,Dry,Curve,Level,Lowest,No
29029,45,South Carolina,450362,0,3,3,0,6,NOT APPLICABLE,May,15,Monday,16,0,Rural,High Speed (Arterial),Yes,34.05441389,-79.24221389,Complex/Circle,Daylight,Clear,Unknown,Unknown,Unknown EMS Scene Arrival Hour,Unknown EMS Scene Arrival Minutes,Unknown,Unknown EMS Hospital Arrival Time,1,Daylight,Clear,1,5,['Front_Passenger'],['None_Used'],1,1,Valid,1.0,1.0,54.0,24.0,"['Female', 'Female', 'Male']",0,0,3,4,5,Dry,Straight,Level,Lowest,No
29030,45,South Carolina,450363,1,1,1,0,1,NEWBERRY,May,16,Tuesday,17,58,Urban,Medium Speed (Collector),No,34.2954,-81.63045,Simple Junction,Daylight,Clear,Unknown,Unknown,Unknown EMS Scene Arrival Hour,Unknown EMS Scene Arrival Minutes,Unknown,Unknown EMS Hospital Arrival Time,1,Daylight,Clear,0,1,[],[],0,0,Invalid,0.0,0.0,18.0,18.0,['Female'],0,0,2,3,4,Dry,Straight,Level,Lowest,No
29031,45,South Carolina,450364,0,2,2,0,3,ROCK HILL,May,16,Tuesday,15,19,Urban,High Speed (Arterial),Yes,34.94778889,-80.99858889,Non-Intersection,Daylight,Clear,Unknown,Unknown,Unknown EMS Scene Arrival Hour,Unknown EMS Scene Arrival Minutes,Unknown,Unknown EMS Hospital Arrival Time,1,Daylight,Clear,1,2,['Driver'],['None_Used'],1,1,Valid,1.0,0.0,60.0,28.0,"['Female', 'Male']",0,0,3,4,5,Dry,Straight,Grade/Hillcrest,Medium,No
29032,45,South Carolina,450365,0,1,1,0,4,NOT APPLICABLE,May,16,Tuesday,17,45,Urban,Medium Speed (Collector),No,34.8447,-82.56134722,Non-Intersection,Daylight,Clear,Unknown,Unknown if Notified,Unknown EMS Scene Arrival Hour,Unknown if Arrived,Not Applicable (Not Transported),Not Applicable (Not Transported),1,Daylight,Clear,1,3,['Rear_Seat'],['None_Used'],0,0,Valid,0.0,0.0,26.0,26.0,['Female'],0,0,2,1,1,Dry,Straight,Level,Lowest,No
29033,45,South Carolina,450366,1,1,1,0,1,NORTH CHARLESTON,May,16,Tuesday,21,39,Urban,High Speed (Arterial),No,32.88218889,-80.065375,Non-Intersection,Dark - Not Lighted,Clear,Unknown,Unknown,Unknown EMS Scene Arrival Hour,Unknown EMS Scene Arrival Minutes,Unknown,Unknown EMS Hospital Arrival Time,1,Dark - Unlighted,Clear,0,1,[],[],0,0,Valid,0.0,0.0,21.0,21.0,['Male'],0,0,3,3,4,Dry,Straight,Level,Lowest,No
29034,45,South Carolina,450367,0,2,2,0,2,NOT APPLICABLE,May,17,Wednesday,13,0,Urban,High Speed (Arterial),Yes,32.24179722,-80.82308056,Non-Intersection,Daylight,Clear,Unknown,Unknown,Unknown EMS Scene Arrival Hour,Unknown EMS Scene Arrival Minutes,Unknown,Unknown EMS Hospital Arrival Time,1,Daylight,Clear,1,1,['Driver'],['None_Used'],0,0,Valid,2.0,2.0,42.0,32.0,"['Male', 'Female']",0,0,2,4,5,Dry,Curve,Level,Lowest,No
29035,45,South Carolina,450368,0,2,2,0,5,NOT APPLICABLE,May,16,Tuesday,12,55,Rural,High Speed (Arterial),Yes,33.35438611,-81.01087222,Complex/Circle,Daylight,Clear,Unknown,Unknown,Unknown EMS Scene Arrival Hour,Unknown EMS Scene Arrival Minutes,Unknown,Unknown EMS Hospital Arrival Time,1,Daylight,Clear,1,4,['Rear_Seat'],['Shoulder_Lapbelt'],0,0,Valid,0.0,0.0,60.0,29.0,"['Female', 'Male']",0,0,3,4,5,Dry,Straight,Level,Lowest,No
29036,45,South Carolina,450369,1,1,1,0,2,NOT APPLICABLE,May,17,Wednesday,23,8,Urban,High Speed (Arterial),Yes,33.59604167,-78.99901944,Non-Intersection,Dark - Not Lighted,Clear,Unknown,Unknown,Unknown EMS Scene Arrival Hour,Unknown EMS Scene Arrival Minutes,Unknown,Unknown EMS Hospital Arrival Time,1,Dark - Unlighted,Clear,0,2,[],[],0,0,Valid,0.0,0.0,45.0,45.0,['Male'],0,0,5,4,4,Dry,Straight,Level,Lowest,No
29037,45,South Carolina,450370,0,1,1,0,1,NOT APPLICABLE,May,17,Wednesday,18,24,Rural,High Speed (Arterial),Yes,33.94158889,-80.72350556,Non-Intersection,Daylight,Clear,Unknown,Unknown if Notified,Unknown EMS Scene Arrival Hour,Unknown if Arrived,Not Applicable (Not Transported),Not Applicable (Not Transported),1,Daylight,Clear,1,0,['Driver'],['None_Used'],0,0,Invalid,0.0,0.0,30.0,30.0,['Female'],1,0,2,4,3,Dry,Straight,Level,Lowest,No
29038,45,South Carolina,450371,0,1,1,0,1,NOT APPLICABLE,May,17,Wednesday,9,8,Rural,Medium Speed (Collector),No,34.71683889,-82.73268611,Non-Intersection,Daylight,Clear,Unknown,Unknown,Unknown EMS Scene Arrival Hour,Unknown EMS Scene Arrival Minutes,Unknown,Unknown EMS Hospital Arrival Time,1,Daylight,Clear,1,0,['Driver'],['None_Used'],0,0,Valid,0.0,0.0,59.0,59.0,['Male'],1,0,3,4,3,Dry,Straight,Level,Lowest,No
29039,45,South Carolina,450372,0,1,1,0,1,NOT APPLICABLE,May,17,Wednesday,21,40,Rural,Medium Speed (Collector),No,34.17373611,-82.03235833,Non-Intersection,Dark - Lighted,Clear,Unknown,Unknown if Notified,Unknown EMS Scene Arrival Hour,Unknown if Arrived,Not Applicable (Not Transported),Not Applicable (Not Transported),1,Dark - Lighted,Clear,1,0,['Driver'],['None_Used'],1,1,Valid,1.0,1.0,27.0,27.0,['Male'],1,0,2,4,3,Dry,Straight,Level,Lowest,No
29040,45,South Carolina,450373,1,3,2,1,4,NOT APPLICABLE,May,17,Wednesday,2,3,Rural,High Speed (Arterial),Yes,34.14651944,-79.87636389,Non-Intersection,Dark - Not Lighted,Clear,Unknown,Unknown,Unknown EMS Scene Arrival Hour,Unknown EMS Scene Arrival Minutes,Unknown,Unknown EMS Hospital Arrival Time,1,Dark - Unlighted,Clear,0,4,[],[],0,0,Valid,0.0,0.0,47.0,39.0,"['Male', 'Female']",0,0,4,4,5,Dry,Straight,Level,Lowest,No
29041,45,South Carolina,450374,0,1,1,0,1,CHARLESTON,May,18,Thursday,12,28,Urban,Medium Speed (Collector),No,32.73718056,-80.05046111,Non-Intersection,Daylight,Rain,Unknown,Unknown if Notified,Unknown EMS Scene Arrival Hour,Unknown if Arrived,Not Applicable (Not Transported),Not Applicable (Not Transported),1,Daylight,Rain/Wind/Minor,1,0,['Driver'],['None_Used'],0,0,Valid,0.0,1.0,66.0,66.0,['Female'],0,0,3,4,3,Wet/Standing Water,Straight,Level,Lowest,No
29042,45,South Carolina,450375,1,1,1,0,3,MYRTLE BEACH,May,18,Thursday,1,7,Urban,Low Speed (Local),No,33.69221111,-78.90713889,Simple Junction,Dark - Unknown Lighting,Rain,Unknown,Unknown,Unknown EMS Scene Arrival Hour,Unknown EMS Scene Arrival Minutes,Unknown,Unknown EMS Hospital Arrival Time,1,Dark - Unlighted,Rain/Wind/Minor,0,3,[],[],0,0,Valid,2.0,0.0,60.0,60.0,['Male'],0,0,3,1,4,Wet/Standing Water,Straight,Level,Lowest,No
29043,45,South Carolina,450376,0,1,1,0,1,MYRTLE BEACH,May,20,Saturday,20,37,Urban,High Speed (Arterial),Yes,33.71041111,-78.91223056,Non-Intersection,Dark - Not Lighted,Clear,Unknown,Unknown,Unknown EMS Scene Arrival Hour,Unknown EMS Scene Arrival Minutes,Unknown,Unknown EMS Hospital Arrival Time,1,Dark - Unlighted,Clear,1,0,['Driver'],['Shoulder_Lapbelt'],0,0,Valid,0.0,1.0,51.0,51.0,['Male'],1,0,3,4,3,Dry,Straight,Level,Lowest,No
29044,45,South Carolina,450377,0,2,2,0,4,NOT APPLICABLE,May,20,Saturday,2,40,Rural,Medium Speed (Collector),No,33.91393889,-80.81970278,Non-Intersection,Dark - Unknown Lighting,Clear,Unknown,Unknown,Unknown EMS Scene Arrival Hour,Unknown EMS Scene Arrival Minutes,Unknown,Unknown EMS Hospital Arrival Time,1,Dark - Unlighted,Clear,1,3,['Driver'],['None_Used'],1,1,Valid,0.0,0.0,999.0,27.0,"['Male', 'Other']",0,0,2,4,5,Wet/Standing Water,Straight,Level,Lowest,No
29045,45,South Carolina,450378,0,1,1,0,1,NOT APPLICABLE,May,20,Saturday,16,10,Rural,Medium Speed (Collector),No,34.03972778,-81.74068056,Non-Intersection,Daylight,Clear,Unknown,Unknown if Notified,Unknown EMS Scene Arrival Hour,Unknown if Arrived,Not Applicable (Not Transported),Not Applicable (Not Transported),1,Daylight,Clear,1,0,['Driver'],['None_Used'],1,1,Valid,0.0,1.0,34.0,34.0,['Female'],0,0,2,4,3,Dry,Straight,Level,Lowest,No
29046,45,South Carolina,450379,0,1,1,0,3,NOT APPLICABLE,May,20,Saturday,20,40,Rural,High Speed (Arterial),Yes,33.66086667,-81.10755,Non-Intersection,Dark - Not Lighted,Clear,Unknown,Unknown,Unknown EMS Scene Arrival Hour,Unknown EMS Scene Arrival Minutes,Unknown,Unknown EMS Hospital Arrival Time,1,Dark - Unlighted,Clear,1,2,['Driver'],['Shoulder_Lapbelt'],0,0,Valid,0.0,0.0,59.0,59.0,['Female'],0,0,2,4,1,Dry,Straight,Level,Lowest,No
29047,45,South Carolina,450380,0,2,2,0,2,NOT APPLICABLE,May,22,Monday,21,10,Rural,Medium Speed (Collector),No,33.10767778,-80.69472222,Non-Intersection,Dark - Not Lighted,Clear,Unknown,Unknown,Unknown EMS Scene Arrival Hour,Unknown EMS Scene Arrival Minutes,Unknown,Unknown EMS Hospital Arrival Time,1,Dark - Unlighted,Clear,1,1,['Driver'],['None_Used'],1,1,Valid,2.0,2.0,48.0,37.0,"['Female', 'Male']",0,0,5,4,5,Dry,Straight,Level,Lowest,No
29048,45,South Carolina,450381,0,2,2,0,2,NOT APPLICABLE,May,23,Tuesday,12,8,Urban,Low Speed (Local),No,34.88024444,-82.40545,Non-Intersection,Daylight,Clear,Unknown,Unknown if Notified,Unknown EMS Scene Arrival Hour,Unknown if Arrived,Not Applicable (Not Transported),Not Applicable (Not Transported),1,Daylight,Clear,1,1,['Driver'],['None_Used'],1,1,Valid,2.0,0.0,59.0,51.0,"['Male', 'Male']",0,0,5,4,5,Dry,Straight,Non-Trafficway,Lowest,No
29049,45,South Carolina,450382,0,1,1,0,1,NOT APPLICABLE,May,24,Wednesday,1,50,Rural,Medium Speed (Collector),No,34.39528889,-81.85157222,Non-Intersection,Dark - Not Lighted,Clear,Unknown,Unknown,Unknown EMS Scene Arrival Hour,Unknown EMS Scene Arrival Minutes,Unknown,Unknown EMS Hospital Arrival Time,1,Dark - Unlighted,Clear,1,0,['Driver'],['None_Used'],1,1,Valid,0.0,1.0,20.0,20.0,['Male'],0,0,2,4,3,Dry,Straight,Level,Lowest,No
29050,45,South Carolina,450383,0,1,1,0,1,NOT APPLICABLE,May,24,Wednesday,16,51,Urban,High Speed (Arterial),Yes,33.97388056,-81.10358611,Non-Intersection,Daylight,Clear,Unknown,Unknown if Notified,Unknown EMS Scene Arrival Hour,Unknown if Arrived,Not Applicable (Not Transported),Not Applicable (Not Transported),1,Daylight,Clear,1,0,['Driver'],['None_Used'],1,1,Invalid,1.0,0.0,50.0,50.0,['Female'],0,0,2,4,0,Dry,Straight,Level,Lowest,No
29051,45,South Carolina,450384,0,2,2,0,3,COLUMBIA,May,24,Wednesday,21,8,Urban,Medium Speed (Collector),No,34.03590833,-81.0119,Complex/Circle,Dark - Lighted,Clear,Unknown,Unknown,Unknown EMS Scene Arrival Hour,Unknown EMS Scene Arrival Minutes,Unknown,Unknown EMS Hospital Arrival Time,1,Dark - Lighted,Clear,1,2,['Driver'],['None_Used'],0,0,Valid,0.0,0.0,72.0,18.0,"['Female', 'Male']",0,0,5,4,5,Dry,Straight,Level,Lowest,No