,State_Code,State_Name,Crash_ID,Count_Non_Motorists,Count_Vehicles_Total,Count_Vehicle_Forms,Count_PVH_Involved,Count_Occupants_MV,City_Name,Month_Name,Day_of_Month,Day_of_Week,Crash_Hour,Crash_Minute,Area_Rural_Urban,Road_Functional_Class,On_NHS_Road,Latitude,Longitude,Intersection_Type,Light_Condition,Weather_Condition,Notif_Hour,Notif_Minute,Arrival_Hour,Arrival_Minute,Hospital_Hour,Hospital_Minute,Fatalities_Count,Clean_Light_Condition,Clean_Weather_Condition,Total_Killed,Total_Alive,Fatal_Seats_List,Killed_Restraint_List,Any_Driver_Drinking,Total_Drinking_Drivers,Driver_License_Category,Driver_Max_Prev_Accident_Count,Driver_Max_Prev_Speeding_Count,Max_Driver_Age,Min_Driver_Age,Driver_Sex_List,Total_Exceeding_Limit_Vehicles,Total_Too_Fast_Vehicles,Max_Vehicle_Type_Severity_5,Max_Vehicle_Damage_Rank,Max_Harmful_Event_Severity,Crash_Road_Surface_Condition,Crash_Horizontal_Alignment,Crash_Vertical_Profile,Crash_Impairment_Category,Crash_Vehicle_Defect
29052,45,South Carolina,450385,0,2,2,0,3,NOT APPLICABLE,May,25,Thursday,19,51,Urban,Medium Speed (Collector),No,33.95096111,-81.23401667,Non-Intersection,Daylight,Cloudy,Unknown,Unknown,Unknown EMS Scene Arrival Hour,Unknown EMS Scene Arrival Minutes,Unknown,Unknown EMS Hospital Arrival Time,1,Daylight,Reduced Visibility,1,2,['Driver'],['None_Used'],0,0,Valid,0.0,0.0,70.0,48.0,"['Male', 'Male']",0,0,5,4,5,Dry,Straight,Level,Lowest,No
29053,45,South Carolina,450386,0,2,2,0,6,NOT APPLICABLE,May,25,Thursday,13,30,Rural,High Speed (Arterial),Yes,34.35694167,-79.41640278,Non-Intersection,Daylight,Clear,Unknown,Unknown,Unknown EMS Scene Arrival Hour,Unknown EMS Scene Arrival Minutes,Unknown,Unknown EMS Hospital Arrival Time,1,Daylight,Clear,1,5,['Driver'],['Shoulder_Lapbelt'],0,0,Valid,1.0,0.0,86.0,25.0,"['Female', 'Male']",0,0,3,4,5,Dry,Straight,Level,Lowest,No
29054,45,South Carolina,450387,0,2,2,0,2,NOT APPLICABLE,May,26,Friday,12,13,Urban,High Speed (Arterial),Yes,34.863675,-82.24684722,Non-Intersection,Daylight,Clear,Unknown,Unknown,Unknown EMS Scene Arrival Hour,Unknown EMS Scene Arrival Minutes,Unknown,Unknown EMS Hospital Arrival Time,1,Daylight,Clear,1,1,['Driver'],['None_Used'],0,0,Valid,1.0,1.0,50.0,33.0,"['Male', 'Male']",1,0,5,4,5,Dry,Straight,Level,Lowest,No
29055,45,South Carolina,450388,0,1,1,0,2,NOT APPLICABLE,May,13,Saturday,11,0,Rural,Low Speed (Local),No,34.11111111,-81.46363889,Non-Intersection,Daylight,Clear,Unknown,Unknown,Unknown EMS Scene Arrival Hour,Unknown EMS Scene Arrival Minutes,Unknown,Unknown EMS Hospital Arrival Time,1,Daylight,Clear,1,1,['Driver'],['None_Used'],1,1,Invalid,0.0,3.0,40.0,40.0,['Female'],2,0,3,4,3,Dry,Curve,Grade/Hillcrest,Lowest,No
29056,45,South Carolina,450389,1,1,1,0,2,NOT APPLICABLE,May,26,Friday,21,41,Rural,High Speed (Arterial),Yes,33.9476,-80.69325556,Non-Intersection,Dark - Not Lighted,Clear,Unknown,Unknown if Notified,Unknown EMS Scene Arrival Hour,Unknown if Arrived,Not Applicable (Not Transported),Not Applicable (Not Transported),1,Dark - Unlighted,Clear,0,2,[],[],0,0,Valid,0.0,1.0,42.0,42.0,['Female'],0,0,2,3,4,Dry,Straight,Level,Lowest,No
29057,45,South Carolina,450390,1,1,1,0,1,NOT APPLICABLE,May,26,Friday,22,5,Rural,Medium Speed (Collector),No,34.746025,-81.97183611,Non-Intersection,Dark - Not Lighted,Clear,Unknown,Unknown if Notified,Unknown EMS Scene Arrival Hour,Unknown if Arrived,Not Applicable (Not Transported),Not Applicable (Not Transported),1,Dark - Unlighted,Clear,0,1,[],[],0,0,Valid,0.0,0.0,52.0,52.0,['Female'],0,0,2,4,4,Dry,Straight,Level,Lowest,No
29058,45,South Carolina,450391,0,1,1,0,1,NOT APPLICABLE,May,27,Saturday,5,0,Rural,Medium Speed (Collector),No,34.48804722,-80.10231389,Non-Intersection,Dark - Not Lighted,Cloudy,Unknown,Unknown if Notified,Unknown EMS Scene Arrival Hour,Unknown if Arrived,Not Applicable (Not Transported),Not Applicable (Not Transported),1,Dark - Unlighted,Reduced Visibility,1,0,['Driver'],['Shoulder_Lapbelt'],1,1,Valid,0.0,0.0,57.0,57.0,['Male'],1,0,3,4,3,Dry,Curve,Grade/Hillcrest,Lowest,No
29059,45,South Carolina,450392,0,1,1,0,1,NOT APPLICABLE,May,27,Saturday,7,15,Rural,Medium Speed (Collector),No,33.35156667,-80.29027222,Non-Intersection,Daylight,Rain,Unknown,Unknown if Notified,Unknown EMS Scene Arrival Hour,Unknown if Arrived,Not Applicable (Not Transported),Not Applicable (Not Transported),1,Daylight,Rain/Wind/Minor,1,0,['Driver'],['None_Used'],0,0,Valid,0.0,0.0,17.0,17.0,['Male'],1,0,3,4,3,Wet/Standing Water,Straight,Level,Lowest,No
29060,45,South Carolina,450393,0,2,2,0,4,NOT APPLICABLE,May,27,Saturday,21,28,Urban,Medium Speed (Collector),No,34.92245833,-82.47291667,Non-Intersection,Dark - Not Lighted,Rain,Unknown,Unknown,Unknown EMS Scene Arrival Hour,Unknown EMS Scene Arrival Minutes,Unknown,Unknown EMS Hospital Arrival Time,1,Dark - Unlighted,Rain/Wind/Minor,1,3,['Driver'],['None_Used'],1,1,Valid,0.0,0.0,44.0,33.0,"['Female', 'Male']",0,0,3,4,5,Wet/Standing Water,Straight,Level,Lowest,Yes
29061,45,South Carolina,450394,0,2,2,0,3,NOT APPLICABLE,May,28,Sunday,13,0,Urban,Medium Speed (Collector),No,35.09171944,-81.63445,Simple Junction,Daylight,Rain,Unknown,Unknown,Unknown EMS Scene Arrival Hour,Unknown EMS Scene Arrival Minutes,Unknown,Unknown EMS Hospital Arrival Time,1,Daylight,Rain/Wind/Minor,1,2,['Driver'],['None_Used'],0,0,Valid,2.0,1.0,49.0,17.0,"['Female', 'Female']",0,0,2,4,5,Wet/Standing Water,Straight,Level,Lowest,No
29062,45,South Carolina,450395,0,1,1,0,1,NOT APPLICABLE,May,29,Monday,12,30,Rural,Medium Speed (Collector),No,34.15599722,-82.60018611,Non-Intersection,Daylight,Clear,Unknown,Unknown,Unknown EMS Scene Arrival Hour,Unknown EMS Scene Arrival Minutes,Unknown,Unknown EMS Hospital Arrival Time,1,Daylight,Clear,1,0,['Driver'],['None_Used'],0,0,Valid,0.0,0.0,22.0,22.0,['Female'],1,0,3,4,3,Dry,Straight,Grade/Hillcrest,Lowest,No
29063,45,South Carolina,450396,0,1,1,0,1,NOT APPLICABLE,May,31,Wednesday,13,15,Urban,Medium Speed (Collector),No,34.54629167,-82.49391389,Non-Intersection,Daylight,Cloudy,Unknown,Unknown,Unknown EMS Scene Arrival Hour,Unknown EMS Scene Arrival Minutes,Unknown,Unknown EMS Hospital Arrival Time,1,Daylight,Reduced Visibility,1,0,['Driver'],['Shoulder_Lapbelt'],0,0,Valid,2.0,0.0,68.0,68.0,['Female'],1,0,3,4,3,Dry,Straight,Level,Lowest,No
29064,45,South Carolina,450397,0,2,2,0,5,NOT APPLICABLE,May,31,Wednesday,15,23,Rural,Medium Speed (Collector),No,34.50855556,-80.99917222,Simple Junction,Daylight,Clear,Unknown,Unknown,Unknown EMS Scene Arrival Hour,Unknown EMS Scene Arrival Minutes,Unknown,Unknown EMS Hospital Arrival Time,1,Daylight,Clear,1,4,['Driver'],['Shoulder_Lapbelt'],0,0,Valid,2.0,0.0,80.0,38.0,"['Male', 'Female']",0,0,3,4,5,Dry,Straight,Level,Lowest,No
29065,45,South Carolina,450398,0,2,2,0,2,NOT APPLICABLE,May,31,Wednesday,21,3,Urban,Medium Speed (Collector),No,34.82143611,-82.28395278,Non-Intersection,Dark - Lighted,Clear,Unknown,Unknown if Notified,Unknown EMS Scene Arrival Hour,Unknown if Arrived,Not Applicable (Not Transported),Not Applicable (Not Transported),1,Dark - Lighted,Clear,1,1,['Driver'],['None_Used'],1,1,Valid,0.0,3.0,39.0,21.0,"['Male', 'Male']",0,0,5,4,5,Dry,Straight,Level,Lowest,No
29066,45,South Carolina,450399,0,2,2,0,3,NOT APPLICABLE,May,31,Wednesday,11,50,Rural,High Speed (Arterial),Yes,33.74138611,-80.18600556,Complex/Circle,Daylight,Clear,Unknown,Unknown,Unknown EMS Scene Arrival Hour,Unknown EMS Scene Arrival Minutes,Unknown,Unknown EMS Hospital Arrival Time,1,Daylight,Clear,1,2,['Front_Passenger'],['Shoulder_Lapbelt'],0,0,Valid,0.0,1.0,70.0,38.0,"['Male', 'Male']",0,0,4,4,3,Dry,Straight,Level,Lowest,No
29067,45,South Carolina,450400,0,2,2,0,2,YEMASSEE,May,31,Wednesday,9,20,Rural,High Speed (Arterial),Yes,32.64101111,-80.85298889,Complex/Circle,Daylight,Clear,Unknown,Unknown,Unknown EMS Scene Arrival Hour,Unknown EMS Scene Arrival Minutes,Unknown,Unknown EMS Hospital Arrival Time,1,Daylight,Clear,1,1,['Driver'],['Shoulder_Lapbelt'],1,1,Valid,0.0,0.0,55.0,37.0,"['Male', 'Female']",0,0,3,4,5,Dry,Curve,Level,Lowest,No
29068,45,South Carolina,450401,0,2,2,0,2,MONCKS CORNER,May,31,Wednesday,11,20,Rural,High Speed (Arterial),Yes,33.11516944,-80.0281,Non-Intersection,Daylight,Clear,Unknown,Unknown if Notified,Unknown EMS Scene Arrival Hour,Unknown if Arrived,Not Applicable (Not Transported),Not Applicable (Not Transported),1,Daylight,Clear,1,1,['Driver'],['None_Used'],0,0,Invalid,2.0,0.0,59.0,19.0,"['Male', 'Male']",0,0,5,4,5,Dry,Straight,Level,Lowest,No
29069,45,South Carolina,450402,0,2,2,0,2,NOT APPLICABLE,June,1,Thursday,9,43,Rural,Medium Speed (Collector),No,34.15886389,-80.71674444,Simple Junction,Daylight,Clear,Unknown,Unknown if Notified,Unknown EMS Scene Arrival Hour,Unknown if Arrived,Not Applicable (Not Transported),Not Applicable (Not Transported),1,Daylight,Clear,1,1,['Driver'],['None_Used'],0,0,Valid,0.0,1.0,63.0,23.0,"['Male', 'Male']",1,0,5,4,5,Dry,Straight,Grade/Hillcrest,Lowest,No
29070,45,South Carolina,450403,0,3,3,0,3,NOT APPLICABLE,June,1,Thursday,11,55,Urban,High Speed (Arterial),No,35.03513889,-80.97451111,Non-Intersection,Daylight,Clear,Unknown,Unknown if Notified,Unknown EMS Scene Arrival Hour,Unknown if Arrived,Not Applicable (Not Transported),Not Applicable (Not Transported),1,Daylight,Clear,1,2,['Driver'],['Shoulder_Lapbelt'],0,0,Valid,0.0,1.0,68.0,38.0,"['Male', 'Female', 'Male']",0,0,3,4,5,Dry,Straight,Level,Lowest,No
29071,45,South Carolina,450404,0,2,2,0,2,NOT APPLICABLE,June,1,Thursday,12,35,Urban,Medium Speed (Collector),No,34.84221944,-82.6436,Non-Intersection,Daylight,Clear,Unknown,Unknown,Unknown EMS Scene Arrival Hour,Unknown EMS Scene Arrival Minutes,Unknown,Unknown EMS Hospital Arrival Time,1,Daylight,Clear,1,1,['Driver'],['Shoulder_Lapbelt'],0,0,Valid,0.0,0.0,82.0,59.0,"['Female', 'Male']",0,0,3,4,5,Dry,Straight,Grade/Hillcrest,Lowest,No
29072,45,South Carolina,450405,0,2,2,0,4,NOT APPLICABLE,June,1,Thursday,22,15,Urban,Medium Speed (Collector),No,33.56858889,-79.03573611,Complex/Circle,Dark - Unknown Lighting,Clear,Unknown,Unknown,Unknown EMS Scene Arrival Hour,Unknown EMS Scene Arrival Minutes,Unknown,Unknown EMS Hospital Arrival Time,1,Dark - Unlighted,Clear,1,3,['Driver'],['None_Used'],0,0,Valid,0.0,0.0,75.0,35.0,"['Male', 'Male']",0,0,3,4,5,Dry,Straight,Level,Lowest,No
29073,45,South Carolina,450406,0,2,2,0,3,SUMTER,June,2,Friday,8,40,Urban,High Speed (Arterial),Yes,33.90898056,-80.33738889,Complex/Circle,Daylight,Clear,Unknown,Unknown,Unknown EMS Scene Arrival Hour,Unknown EMS Scene Arrival Minutes,Unknown,Unknown EMS Hospital Arrival Time,1,Daylight,Clear,1,2,['Driver'],['None_Used'],0,0,Valid,1.0,0.0,78.0,18.0,"['Male', 'Male']",0,0,3,4,5,Dry,Straight,Level,Lowest,No
29074,45,South Carolina,450407,1,2,1,1,2,NOT APPLICABLE,June,2,Friday,10,56,Urban,Medium Speed (Collector),No,34.17965556,-82.389075,Non-Intersection,Daylight,Clear,Unknown,Unknown,Unknown EMS Scene Arrival Hour,Unknown EMS Scene Arrival Minutes,Unknown,Unknown EMS Hospital Arrival Time,1,Daylight,Clear,1,1,['Driver'],['Shoulder_Lapbelt'],0,0,Valid,0.0,0.0,81.0,81.0,['Female'],0,0,3,4,5,Dry,Straight,Grade/Hillcrest,Lowest,No
29075,45,South Carolina,450408,0,2,2,0,2,MT PLEASANT,June,3,Saturday,13,5,Urban,High Speed (Arterial),Yes,32.86471111,-79.78706111,Complex/Circle,Daylight,Clear,Unknown,Unknown,Unknown EMS Scene Arrival Hour,Unknown EMS Scene Arrival Minutes,Unknown,Unknown EMS Hospital Arrival Time,1,Daylight,Clear,1,1,['Driver'],['None_Used'],0,0,Valid,2.0,0.0,74.0,19.0,"['Female', 'Male']",1,0,5,4,5,Dry,Straight,Level,Lowest,No
29076,45,South Carolina,450409,0,1,1,0,1,NOT APPLICABLE,June,3,Saturday,2,3,Urban,High Speed (Arterial),Yes,33.90121944,-79.75244444,Non-Intersection,Dark - Not Lighted,Clear,Unknown,Unknown,Unknown EMS Scene Arrival Hour,Unknown EMS Scene Arrival Minutes,Unknown,Unknown EMS Hospital Arrival Time,1,Dark - Unlighted,Clear,1,0,['Driver'],['None_Used'],1,1,Valid,0.0,1.0,35.0,35.0,['Female'],1,0,2,4,2,Dry,Straight,Level,Lowest,No
29077,45,South Carolina,450410,2,2,1,1,3,NOT APPLICABLE,June,3,Saturday,20,28,Urban,Low Speed (Local),No,34.99018056,-81.05160556,Non-Intersection,Dusk,Cloudy,Unknown,Unknown,Unknown EMS Scene Arrival Hour,Unknown EMS Scene Arrival Minutes,Unknown,Unknown EMS Hospital Arrival Time,2,Twilight,Reduced Visibility,1,2,['Rear_Seat'],['None_Used'],1,1,Valid,0.0,2.0,19.0,19.0,['Male'],0,0,3,4,3,Dry,Straight,Level,Lowest,No
29078,45,South Carolina,450411,0,1,1,0,1,NOT APPLICABLE,June,3,Saturday,21,0,Rural,Medium Speed (Collector),No,33.71647778,-80.67337222,Non-Intersection,Daylight,Clear,Unknown,Unknown,Unknown EMS Scene Arrival Hour,Unknown EMS Scene Arrival Minutes,Unknown,Unknown EMS Hospital Arrival Time,1,Daylight,Clear,1,0,['Driver'],['None_Used'],1,1,Valid,0.0,0.0,64.0,64.0,['Female'],0,0,3,4,2,Dry,Straight,Level,Lowest,No
29079,45,South Carolina,450412,0,1,1,0,3,NOT APPLICABLE,June,3,Saturday,18,50,Rural,Low Speed (Local),No,33.74340556,-81.29763056,Non-Intersection,Daylight,Clear,Unknown,Unknown,Unknown EMS Scene Arrival Hour,Unknown EMS Scene Arrival Minutes,Unknown,Unknown EMS Hospital Arrival Time,1,Daylight,Clear,1,2,['Driver'],['None_Used'],0,0,Valid,0.0,0.0,41.0,41.0,['Female'],3,0,2,4,3,Dry,Curve,Level,Lowest,No
29080,45,South Carolina,450413,1,1,1,0,1,NOT APPLICABLE,June,4,Sunday,21,15,Urban,High Speed (Arterial),Yes,33.47135278,-79.10533056,Non-Intersection,Dark - Lighted,Clear,Unknown,Unknown,Unknown EMS Scene Arrival Hour,Unknown EMS Scene Arrival Minutes,Unknown,Unknown EMS Hospital Arrival Time,1,Dark - Lighted,Clear,0,1,[],[],0,0,Valid,2.0,0.0,44.0,44.0,['Male'],0,0,2,3,4,Dry,Straight,Level,Lowest,No
29081,45,South Carolina,450414,0,2,2,0,2,NOT APPLICABLE,June,4,Sunday,15,20,Urban,High Speed (Arterial),Yes,34.07373333,-80.94755833,Non-Intersection,Daylight,Clear,Unknown,Unknown,Unknown EMS Scene Arrival Hour,Unknown EMS Scene Arrival Minutes,Unknown,Unknown EMS Hospital Arrival Time,1,Daylight,Clear,1,1,['Driver'],['None_Used'],0,0,Valid,0.0,0.0,47.0,43.0,"['Male', 'Male']",0,0,5,4,5,Dry,Straight,Grade/Hillcrest,Lowest,No
29082,45,South Carolina,450415,0,2,2,0,5,NOT APPLICABLE,June,6,Tuesday,17,0,Urban,Medium Speed (Collector),No,34.91344722,-82.01187778,Non-Intersection,Daylight,Clear,Unknown,Unknown,Unknown EMS Scene Arrival Hour,Unknown EMS Scene Arrival Minutes,Unknown,Unknown EMS Hospital Arrival Time,1,Daylight,Clear,1,4,['Front_Passenger'],['None_Used'],0,0,Valid,2.0,0.0,38.0,20.0,"['Male', 'Male']",0,0,2,4,5,Dry,Straight,Level,Lowest,No
29083,45,South Carolina,450416,0,2,2,0,2,NOT APPLICABLE,June,6,Tuesday,21,59,Urban,Medium Speed (Collector),No,34.81731944,-82.62554444,Simple Junction,Dark - Not Lighted,Clear,Unknown,Unknown,Unknown EMS Scene Arrival Hour,Unknown EMS Scene Arrival Minutes,Unknown,Unknown EMS Hospital Arrival Time,1,Dark - Unlighted,Clear,1,1,['Driver'],['None_Used'],0,0,Valid,1.0,0.0,65.0,17.0,"['Male', 'Male']",0,0,5,4,5,Dry,Straight,Level,Lowest,No
29084,45,South Carolina,450417,1,1,1,0,1,NOT APPLICABLE,June,6,Tuesday,22,0,Urban,High Speed (Arterial),Yes,34.24301389,-82.21254444,Non-Intersection,Dark - Not Lighted,Clear,Unknown,Unknown,Unknown EMS Scene Arrival Hour,Unknown EMS Scene Arrival Minutes,Unknown,Unknown EMS Hospital Arrival Time,1,Dark - Unlighted,Clear,0,1,[],[],0,0,Valid,0.0,0.0,55.0,55.0,['Female'],0,0,3,3,4,Dry,Straight,Level,Lowest,No
29085,45,South Carolina,450418,0,1,1,0,1,NOT APPLICABLE,June,7,Wednesday,15,0,Rural,Medium Speed (Collector),No,35.06798889,-82.2416,Non-Intersection,Daylight,Cloudy,Unknown,Unknown if Notified,Unknown EMS Scene Arrival Hour,Unknown if Arrived,Not Applicable (Not Transported),Not Applicable (Not Transported),1,Daylight,Reduced Visibility,1,0,['Driver'],['Shoulder_Lapbelt'],0,0,Valid,0.0,0.0,83.0,83.0,['Female'],0,0,3,4,3,Dry,Curve,Grade/Hillcrest,Lowest,No
29086,45,South Carolina,450419,0,2,2,0,3,NOT APPLICABLE,June,5,Monday,5,20,Rural,High Speed (Arterial),Yes,32.71846944,-80.85878333,Non-Intersection,Dark - Not Lighted,Clear,Unknown,Unknown,Unknown EMS Scene Arrival Hour,Unknown EMS Scene Arrival Minutes,Unknown,Unknown EMS Hospital Arrival Time,1,Dark - Unlighted,Clear,1,2,['Front_Passenger'],['Shoulder_Lapbelt'],0,0,Valid,0.0,0.0,84.0,23.0,"['Male', 'Male']",0,0,3,4,5,Dry,Straight,Level,Lowest,No
29087,45,South Carolina,450420,0,1,1,0,1,NOT APPLICABLE,June,7,Wednesday,22,0,Urban,Medium Speed (Collector),No,34.75945556,-82.41338889,Non-Intersection,Dark - Not Lighted,Rain,Unknown,Unknown,Unknown EMS Scene Arrival Hour,Unknown EMS Scene Arrival Minutes,Unknown,Unknown EMS Hospital Arrival Time,1,Dark - Unlighted,Rain/Wind/Minor,1,0,['Driver'],['None_Used'],1,1,Invalid,1.0,1.0,23.0,23.0,['Male'],0,0,2,4,3,Wet/Standing Water,Straight,Level,Lowest,No
29088,45,South Carolina,450421,0,1,1,0,2,NOT APPLICABLE,June,8,Thursday,14,20,Rural,Low Speed (Local),No,34.01925556,-78.80856944,Non-Intersection,Daylight,Clear,Unknown,Unknown,Unknown EMS Scene Arrival Hour,Unknown EMS Scene Arrival Minutes,Unknown,Unknown EMS Hospital Arrival Time,1,Daylight,Clear,1,1,['Front_Passenger'],['None_Used'],0,0,Valid,1.0,1.0,44.0,44.0,['Male'],2,0,1,1,1,Dry,Curve,Level,Lowest,No
29089,45,South Carolina,450422,0,1,1,0,1,NOT APPLICABLE,June,8,Thursday,23,54,Rural,Low Speed (Local),No,34.44833333,-82.51107778,Non-Intersection,Dark - Not Lighted,Clear,Unknown,Unknown,Unknown EMS Scene Arrival Hour,Unknown EMS Scene Arrival Minutes,Unknown,Unknown EMS Hospital Arrival Time,1,Dark - Unlighted,Clear,1,0,['Driver'],['None_Used'],0,0,Invalid,0.0,0.0,58.0,58.0,['Male'],0,0,5,4,1,Dry,Straight,Level,Lowest,No
29090,45,South Carolina,450423,0,1,1,0,1,NOT APPLICABLE,June,8,Thursday,21,30,Rural,High Speed (Arterial),No,34.85558056,-81.08804167,Non-Intersection,Dark - Not Lighted,Clear,Unknown,Unknown if Notified,Unknown EMS Scene Arrival Hour,Unknown if Arrived,Not Applicable (Not Transported),Not Applicable (Not Transported),1,Dark - Unlighted,Clear,1,0,['Driver'],['None_Used'],0,0,Valid,0.0,0.0,57.0,57.0,['Female'],0,0,5,4,3,Dry,Curve,Level,Lowest,No
29091,45,South Carolina,450424,0,1,1,0,1,NOT APPLICABLE,June,9,Friday,22,38,Urban,High Speed (Arterial),Yes,34.68399167,-82.20974722,Non-Intersection,Dark - Not Lighted,Clear,Unknown,Unknown if Notified,Unknown EMS Scene Arrival Hour,Unknown if Arrived,Not Applicable (Not Transported),Not Applicable (Not Transported),1,Dark - Unlighted,Clear,1,0,['Driver'],['None_Used'],1,1,Invalid,3.0,1.0,67.0,67.0,['Female'],0,0,3,4,3,Dry,Straight,Level,Lowest,No
29092,45,South Carolina,450425,0,2,2,0,3,NOT APPLICABLE,June,10,Saturday,16,0,Rural,Low Speed (Local),No,34.66411111,-82.17502222,Simple Junction,Daylight,Clear,Unknown,Unknown,Unknown EMS Scene Arrival Hour,Unknown EMS Scene Arrival Minutes,Unknown,Unknown EMS Hospital Arrival Time,1,Daylight,Clear,1,2,['Driver'],['None_Used'],0,0,Valid,0.0,1.0,62.0,43.0,"['Male', 'Male']",0,0,5,4,5,Dry,Straight,Level,Lowest,No
29093,45,South Carolina,450427,0,2,2,0,2,NOT APPLICABLE,June,10,Saturday,19,45,Urban,Low Speed (Local),No,35.03709444,-81.96691944,Non-Intersection,Daylight,Clear,Unknown,Unknown if Notified,Unknown EMS Scene Arrival Hour,Unknown if Arrived,Not Applicable (Not Transported),Not Applicable (Not Transported),1,Daylight,Clear,1,1,['Driver'],['None_Used'],1,1,Valid,0.0,0.0,53.0,36.0,"['Male', 'Male']",0,0,5,4,5,Dry,Curve,Level,Lowest,No
29094,45,South Carolina,450428,0,1,1,0,1,NOT APPLICABLE,June,10,Saturday,20,50,Rural,Medium Speed (Collector),No,33.09482222,-81.20546944,Non-Intersection,Dark - Unknown Lighting,Clear,Unknown,Unknown if Notified,Unknown EMS Scene Arrival Hour,Unknown if Arrived,Not Applicable (Not Transported),Not Applicable (Not Transported),1,Dark - Unlighted,Clear,1,0,['Driver'],['Shoulder_Lapbelt'],1,1,Invalid,1.0,0.0,39.0,39.0,['Male'],1,0,3,4,3,Dry,Straight,Grade/Hillcrest,Lowest,No
29095,45,South Carolina,450429,0,3,3,0,3,SUMTER,June,10,Saturday,15,1,Urban,High Speed (Arterial),Yes,33.95703056,-80.3798,Simple Junction,Daylight,Clear,Unknown,Unknown,Unknown EMS Scene Arrival Hour,Unknown EMS Scene Arrival Minutes,Unknown,Unknown EMS Hospital Arrival Time,1,Daylight,Clear,1,2,['Driver'],['None_Used'],1,1,Valid,0.0,1.0,55.0,30.0,"['Male', 'Male', 'Male']",0,0,5,4,5,Dry,Straight,Level,Lowest,No
29096,45,South Carolina,450430,0,1,1,0,3,NOT APPLICABLE,June,11,Sunday,3,40,Urban,Medium Speed (Collector),No,32.24101944,-80.89085278,Non-Intersection,Dark - Lighted,Clear,Unknown,Unknown,Unknown EMS Scene Arrival Hour,Unknown EMS Scene Arrival Minutes,Unknown,Unknown EMS Hospital Arrival Time,2,Dark - Lighted,Clear,2,1,"['Driver', 'Rear_Seat']","['None_Used', 'None_Used']",1,1,Valid,1.0,1.0,29.0,29.0,['Male'],0,0,3,4,3,Dry,Curve,Level,Lowest,No
29097,45,South Carolina,450431,0,3,3,0,5,NOT APPLICABLE,April,18,Tuesday,20,30,Urban,Low Speed (Local),No,34.90393889,-81.90818056,Non-Intersection,Daylight,Clear,Unknown,Unknown,Unknown EMS Scene Arrival Hour,Unknown EMS Scene Arrival Minutes,Unknown,Unknown EMS Hospital Arrival Time,1,Daylight,Clear,1,4,['Driver'],['None_Used'],1,1,Valid,1.0,1.0,47.0,26.0,"['Male', 'Male', 'Male']",0,0,2,4,5,Dry,Curve,Grade/Hillcrest,Lowest,No
29098,45,South Carolina,450432,0,1,1,0,5,NOT APPLICABLE,May,7,Sunday,2,40,Rural,Medium Speed (Collector),No,33.51265278,-80.58544444,Non-Intersection,Dark - Not Lighted,"Fog, Smog, Smoke",Unknown,Unknown,Unknown EMS Scene Arrival Hour,Unknown EMS Scene Arrival Minutes,Unknown,Unknown EMS Hospital Arrival Time,1,Dark - Unlighted,Reduced Visibility,1,4,['Rear_Seat'],['None_Used'],0,0,Valid,0.0,0.0,15.0,15.0,['Male'],5,0,2,4,3,Dry,Straight,Level,Lowest,No
29099,45,South Carolina,450433,0,1,1,0,2,NOT APPLICABLE,June,11,Sunday,6,46,Rural,Medium Speed (Collector),No,33.417975,-79.98505556,Non-Intersection,Dawn,Clear,Unknown,Unknown,Unknown EMS Scene Arrival Hour,Unknown EMS Scene Arrival Minutes,Unknown,Unknown EMS Hospital Arrival Time,1,Twilight,Clear,1,1,['Non_Standard_Risk'],['None_Used'],0,0,Valid,0.0,2.0,19.0,19.0,['Female'],0,0,2,4,3,Dry,Straight,Level,Lowest,No
29100,45,South Carolina,450434,0,1,1,0,1,NOT APPLICABLE,June,11,Sunday,13,22,Rural,High Speed (Arterial),Yes,33.77561944,-81.49486111,Non-Intersection,Daylight,Clear,Unknown,Unknown if Notified,Unknown EMS Scene Arrival Hour,Unknown if Arrived,Not Applicable (Not Transported),Not Applicable (Not Transported),1,Daylight,Clear,1,0,['Driver'],['Shoulder_Lapbelt'],1,1,Valid,0.0,0.0,53.0,53.0,['Male'],1,0,2,4,3,Dry,Straight,Level,Lowest,No
29101,45,South Carolina,450435,0,1,1,0,1,NOT APPLICABLE,June,12,Monday,11,37,Urban,Medium Speed (Collector),No,33.68630556,-79.00365,Complex/Circle,Daylight,Clear,Unknown,Unknown if Notified,Unknown EMS Scene Arrival Hour,Unknown if Arrived,Not Applicable (Not Transported),Not Applicable (Not Transported),1,Daylight,Clear,1,0,['Driver'],['Shoulder_Lapbelt'],0,0,Invalid,1.0,1.0,23.0,23.0,['Male'],0,0,2,4,3,Dry,Straight,Level,Lowest,No