,State_Code,State_Name,Crash_ID,Count_Non_Motorists,Count_Vehicles_Total,Count_Vehicle_Forms,Count_PVH_Involved,Count_Occupants_MV,City_Name,Month_Name,Day_of_Month,Day_of_Week,Crash_Hour,Crash_Minute,Area_Rural_Urban,Road_Functional_Class,On_NHS_Road,Latitude,Longitude,Intersection_Type,Light_Condition,Weather_Condition,Notif_Hour,Notif_Minute,Arrival_Hour,Arrival_Minute,Hospital_Hour,Hospital_Minute,Fatalities_Count,Clean_Light_Condition,Clean_Weather_Condition,Total_Killed,Total_Alive,Fatal_Seats_List,Killed_Restraint_List,Any_Driver_Drinking,Total_Drinking_Drivers,Driver_License_Category,Driver_Max_Prev_Accident_Count,Driver_Max_Prev_Speeding_Count,Max_Driver_Age,Min_Driver_Age,Driver_Sex_List,Total_Exceeding_Limit_Vehicles,Total_Too_Fast_Vehicles,Max_Vehicle_Type_Severity_5,Max_Vehicle_Damage_Rank,Max_Harmful_Event_Severity,Crash_Road_Surface_Condition,Crash_Horizontal_Alignment,Crash_Vertical_Profile,Crash_Impairment_Category,Crash_Vehicle_Defect
29102,45,South Carolina,450436,0,1,1,0,3,NOT APPLICABLE,June,12,Monday,15,45,Rural,Low Speed (Local),No,33.89963056,-80.8681,Non-Intersection,Daylight,Clear,Unknown,Unknown,Unknown EMS Scene Arrival Hour,Unknown EMS Scene Arrival Minutes,Unknown,Unknown EMS Hospital Arrival Time,1,Daylight,Clear,1,2,['Front_Passenger'],['None_Used'],0,0,Valid,0.0,0.0,52.0,52.0,['Male'],0,0,4,4,4,Dry,Straight,Grade/Hillcrest,Lowest,No
29103,45,South Carolina,450437,1,1,1,0,1,NOT APPLICABLE,June,12,Monday,0,53,Urban,High Speed (Arterial),Yes,34.06894167,-80.95268611,Non-Intersection,Dark - Lighted,Clear,Unknown,Unknown if Notified,Unknown EMS Scene Arrival Hour,Unknown if Arrived,Not Applicable (Not Transported),Not Applicable (Not Transported),1,Dark - Lighted,Clear,0,1,[],[],0,0,Invalid,0.0,0.0,43.0,43.0,['Male'],0,0,3,3,4,Dry,Straight,Level,Lowest,No
29104,45,South Carolina,450438,0,1,1,0,1,WEST COLUMBIA,June,12,Monday,6,58,Urban,High Speed (Arterial),Yes,33.98081111,-81.10761111,Non-Intersection,Daylight,Cloudy,Unknown,Unknown if Notified,Unknown EMS Scene Arrival Hour,Unknown if Arrived,Not Applicable (Not Transported),Not Applicable (Not Transported),1,Daylight,Reduced Visibility,1,0,['Driver'],['None_Used'],0,0,Valid,0.0,0.0,63.0,63.0,['Male'],1,0,5,4,3,Wet/Standing Water,Straight,Level,Lowest,No
29105,45,South Carolina,450439,1,1,1,0,1,NOT APPLICABLE,June,13,Tuesday,6,20,Rural,Medium Speed (Collector),No,33.67714167,-81.67915278,Non-Intersection,Dawn,Clear,Unknown,Unknown if Notified,Unknown EMS Scene Arrival Hour,Unknown if Arrived,Not Applicable (Not Transported),Not Applicable (Not Transported),1,Twilight,Clear,0,1,[],[],0,0,Valid,0.0,4.0,56.0,56.0,['Male'],0,0,2,3,4,Dry,Straight,Level,Lowest,No
29106,45,South Carolina,450440,0,2,2,0,2,NOT APPLICABLE,June,14,Wednesday,19,27,Rural,Low Speed (Local),No,34.74943056,-82.03961111,Non-Intersection,Daylight,Clear,Unknown,Unknown,Unknown EMS Scene Arrival Hour,Unknown EMS Scene Arrival Minutes,Unknown,Unknown EMS Hospital Arrival Time,1,Daylight,Clear,1,1,['Driver'],['None_Used'],0,0,Invalid,1.0,1.0,61.0,19.0,"['Male', 'Male']",1,0,5,4,5,Dry,Curve,Level,Lowest,No
29107,45,South Carolina,450441,0,2,2,0,3,NOT APPLICABLE,June,14,Wednesday,17,37,Urban,High Speed (Arterial),Yes,33.94981944,-80.91561389,Non-Intersection,Daylight,Rain,Unknown,Unknown,Unknown EMS Scene Arrival Hour,Unknown EMS Scene Arrival Minutes,Unknown,Unknown EMS Hospital Arrival Time,1,Daylight,Rain/Wind/Minor,1,2,['Driver'],['None_Used'],0,0,Valid,1.0,2.0,61.0,32.0,"['Female', 'Male']",0,0,5,4,5,Dry,Straight,Non-Trafficway,Lowest,No
29108,45,South Carolina,450442,1,1,1,0,1,ROCK HILL,June,15,Thursday,13,40,Urban,High Speed (Arterial),Yes,34.97543889,-80.98403889,Complex/Circle,Daylight,Clear,Unknown,Unknown if Notified,Unknown EMS Scene Arrival Hour,Unknown if Arrived,Not Applicable (Not Transported),Not Applicable (Not Transported),1,Daylight,Clear,0,1,[],[],0,0,Valid,0.0,0.0,71.0,71.0,['Male'],0,0,3,1,4,Dry,Straight,Level,Lowest,No
29109,45,South Carolina,450443,1,1,1,0,1,NORTH CHARLESTON,June,15,Thursday,3,45,Urban,High Speed (Arterial),Yes,32.95773056,-80.04293056,Non-Intersection,Dark - Lighted,Clear,Unknown,Unknown,Unknown EMS Scene Arrival Hour,Unknown EMS Scene Arrival Minutes,Unknown,Unknown EMS Hospital Arrival Time,1,Dark - Lighted,Clear,0,1,[],[],0,0,Valid,1.0,0.0,60.0,60.0,['Male'],0,0,3,2,4,Dry,Straight,Level,Lowest,No
29110,45,South Carolina,450444,0,2,2,0,2,NOT APPLICABLE,June,15,Thursday,12,30,Urban,High Speed (Arterial),No,34.43654167,-81.89446667,Complex/Circle,Daylight,Clear,Unknown,Unknown if Notified,Unknown EMS Scene Arrival Hour,Unknown if Arrived,Not Applicable (Not Transported),Not Applicable (Not Transported),1,Daylight,Clear,1,1,['Driver'],['Shoulder_Lapbelt'],0,0,Valid,0.0,0.0,75.0,33.0,"['Male', 'Male']",0,0,4,4,5,Dry,Straight,Level,Lowest,No
29111,45,South Carolina,450445,1,1,1,0,1,NOT APPLICABLE,June,15,Thursday,13,45,Rural,Medium Speed (Collector),No,34.66927778,-79.95462778,Non-Intersection,Daylight,Clear,Unknown,Unknown if Notified,Unknown EMS Scene Arrival Hour,Unknown if Arrived,Not Applicable (Not Transported),Not Applicable (Not Transported),1,Daylight,Clear,0,1,[],[],0,0,Invalid,0.0,0.0,999.0,999.0,['Other'],0,0,1,0,4,Dry,Straight,Level,Lowest,No
29112,45,South Carolina,450446,0,2,2,0,2,NOT APPLICABLE,June,16,Friday,9,55,Rural,Low Speed (Local),No,33.18285,-81.25663056,Non-Intersection,Daylight,Clear,Unknown,Unknown,Unknown EMS Scene Arrival Hour,Unknown EMS Scene Arrival Minutes,Unknown,Unknown EMS Hospital Arrival Time,1,Daylight,Clear,1,1,['Driver'],['Shoulder_Lapbelt'],0,0,Valid,0.0,1.0,79.0,75.0,"['Male', 'Female']",0,0,3,4,5,Dry,Straight,Non-Trafficway,Lowest,No
29113,45,South Carolina,450447,0,1,1,0,1,NOT APPLICABLE,June,16,Friday,19,30,Rural,Medium Speed (Collector),No,34.24414722,-80.81491944,Non-Intersection,Daylight,Clear,Unknown,Unknown if Notified,Unknown EMS Scene Arrival Hour,Unknown if Arrived,Not Applicable (Not Transported),Not Applicable (Not Transported),1,Daylight,Clear,1,0,['Driver'],['None_Used'],0,0,Valid,0.0,0.0,61.0,61.0,['Female'],1,0,3,4,3,Dry,Curve,Level,Lowest,No
29114,45,South Carolina,450448,0,2,2,0,3,NOT APPLICABLE,June,16,Friday,15,45,Rural,High Speed (Arterial),Yes,34.33155833,-79.89756389,Simple Junction,Daylight,Clear,Unknown,Unknown,Unknown EMS Scene Arrival Hour,Unknown EMS Scene Arrival Minutes,Unknown,Unknown EMS Hospital Arrival Time,1,Daylight,Clear,1,2,['Driver'],['Shoulder_Lapbelt'],0,0,Invalid,0.0,0.0,62.0,34.0,"['Male', 'Male']",0,0,3,4,5,Dry,Curve,Grade/Hillcrest,Lowest,No
29115,45,South Carolina,450449,0,1,1,0,1,NOT APPLICABLE,June,17,Saturday,1,58,Rural,Low Speed (Local),No,34.25593611,-82.26008889,Non-Intersection,Dark - Not Lighted,Clear,Unknown,Unknown,Unknown EMS Scene Arrival Hour,Unknown EMS Scene Arrival Minutes,Unknown,Unknown EMS Hospital Arrival Time,1,Dark - Unlighted,Clear,1,0,['Driver'],['None_Used'],1,1,Valid,1.0,3.0,21.0,21.0,['Male'],0,0,3,4,3,Dry,Curve,Level,Lowest,No
29116,45,South Carolina,450450,0,2,2,0,2,NOT APPLICABLE,June,17,Saturday,12,36,Rural,Medium Speed (Collector),No,33.74217778,-80.51279722,Non-Intersection,Daylight,Clear,Unknown,Unknown,Unknown EMS Scene Arrival Hour,Unknown EMS Scene Arrival Minutes,Unknown,Unknown EMS Hospital Arrival Time,1,Daylight,Clear,1,1,['Driver'],['None_Used'],0,0,Valid,1.0,0.0,67.0,57.0,"['Male', 'Female']",1,0,3,4,5,Dry,Curve,Level,Lowest,No
29117,45,South Carolina,450451,0,1,1,0,1,GREENVILLE,June,17,Saturday,20,32,Urban,Medium Speed (Collector),No,34.82046111,-82.39695,Non-Intersection,Dusk,Clear,Unknown,Unknown if Notified,Unknown EMS Scene Arrival Hour,Unknown if Arrived,Not Applicable (Not Transported),Not Applicable (Not Transported),1,Twilight,Clear,1,0,['Driver'],['None_Used'],1,1,Valid,1.0,1.0,65.0,65.0,['Female'],1,0,2,4,3,Dry,Curve,Level,Lowest,No
29118,45,South Carolina,450452,0,1,1,0,3,NOT APPLICABLE,June,18,Sunday,18,17,Rural,Medium Speed (Collector),No,33.70825556,-81.26592222,Non-Intersection,Daylight,Clear,Unknown,Unknown,Unknown EMS Scene Arrival Hour,Unknown EMS Scene Arrival Minutes,Unknown,Unknown EMS Hospital Arrival Time,1,Daylight,Clear,1,2,['Driver'],['Shoulder_Lapbelt'],1,1,Valid,1.0,0.0,26.0,26.0,['Female'],0,0,3,4,3,Dry,Straight,Level,Lowest,No
29119,45,South Carolina,450453,0,1,1,0,1,NOT APPLICABLE,June,18,Sunday,20,45,Rural,Medium Speed (Collector),No,33.79147778,-81.25035278,Non-Intersection,Dusk,Clear,Unknown,Unknown if Notified,Unknown EMS Scene Arrival Hour,Unknown if Arrived,Not Applicable (Not Transported),Not Applicable (Not Transported),1,Twilight,Clear,1,0,['Driver'],['None_Used'],1,1,Valid,0.0,0.0,69.0,69.0,['Male'],0,0,2,4,3,Dry,Straight,Level,Lowest,No
29120,45,South Carolina,450454,0,2,2,0,2,NOT APPLICABLE,June,18,Sunday,21,15,Urban,Medium Speed (Collector),No,33.4591,-79.11954722,Complex/Circle,Dark - Not Lighted,Clear,Unknown,Unknown,Unknown EMS Scene Arrival Hour,Unknown EMS Scene Arrival Minutes,Unknown,Unknown EMS Hospital Arrival Time,1,Dark - Unlighted,Clear,1,1,['Driver'],['None_Used'],0,0,Valid,0.0,0.0,53.0,46.0,"['Male', 'Female']",0,0,5,4,5,Dry,Straight,Level,Lowest,No
29121,45,South Carolina,450455,0,2,2,0,5,NOT APPLICABLE,June,18,Sunday,22,30,Rural,Medium Speed (Collector),No,35.06864722,-82.60951111,Non-Intersection,Dark - Not Lighted,Clear,Unknown,Unknown,Unknown EMS Scene Arrival Hour,Unknown EMS Scene Arrival Minutes,Unknown,Unknown EMS Hospital Arrival Time,2,Dark - Unlighted,Clear,2,3,"['Front_Passenger', 'Rear_Seat']","['None_Used', 'None_Used']",0,0,Valid,2.0,6.0,30.0,17.0,"['Female', 'Male']",0,0,3,4,5,Dry,Straight,Level,Lowest,No
29122,45,South Carolina,450456,0,2,2,0,2,HONEA PATH,January,9,Monday,17,57,Rural,Medium Speed (Collector),No,34.44598056,-82.38716111,Simple Junction,Dusk,Clear,Unknown,Unknown,Unknown EMS Scene Arrival Hour,Unknown EMS Scene Arrival Minutes,Unknown,Unknown EMS Hospital Arrival Time,1,Twilight,Clear,1,1,['Driver'],['None_Used'],0,0,Invalid,0.0,0.0,53.0,36.0,"['Male', 'Male']",1,0,5,4,5,Dry,Straight,Level,Lowest,No
29123,45,South Carolina,450457,1,1,1,0,1,CHARLESTON,March,8,Wednesday,19,20,Urban,High Speed (Arterial),Yes,32.79885,-79.94398056,Non-Intersection,Dark - Unknown Lighting,Clear,Unknown,Unknown if Notified,Unknown EMS Scene Arrival Hour,Unknown if Arrived,Not Applicable (Not Transported),Not Applicable (Not Transported),1,Dark - Unlighted,Clear,0,1,[],[],0,0,Valid,0.0,0.0,72.0,72.0,['Female'],0,0,3,2,4,Dry,Straight,Level,Lowest,No
29124,45,South Carolina,450458,0,2,2,0,6,NORTH MYRTLE BEACH,June,18,Sunday,19,57,Urban,Medium Speed (Collector),No,33.83549167,-78.68589167,Non-Intersection,Daylight,Clear,Unknown,Unknown,Unknown EMS Scene Arrival Hour,Unknown EMS Scene Arrival Minutes,Unknown,Unknown EMS Hospital Arrival Time,1,Daylight,Clear,1,5,['Front_Passenger'],['Shoulder_Lapbelt'],1,1,Valid,0.0,0.0,62.0,39.0,"['Female', 'Female']",1,0,2,4,5,Dry,Straight,Grade/Hillcrest,Lowest,No
29125,45,South Carolina,450459,0,2,2,0,3,NOT APPLICABLE,June,19,Monday,21,30,Rural,Medium Speed (Collector),No,33.04790278,-80.59783611,Simple Junction,Dark - Not Lighted,Rain,Unknown,Unknown,Unknown EMS Scene Arrival Hour,Unknown EMS Scene Arrival Minutes,Unknown,Unknown EMS Hospital Arrival Time,1,Dark - Unlighted,Rain/Wind/Minor,1,2,['Driver'],['None_Used'],1,1,Valid,1.0,0.0,45.0,26.0,"['Female', 'Male']",1,0,3,4,5,Wet/Standing Water,Straight,Level,Lowest,No
29126,45,South Carolina,450460,1,1,1,0,1,NOT APPLICABLE,June,19,Monday,21,25,Rural,High Speed (Arterial),Yes,34.35023056,-79.90508611,Non-Intersection,Dark - Not Lighted,Rain,Unknown,Unknown if Notified,Unknown EMS Scene Arrival Hour,Unknown if Arrived,Not Applicable (Not Transported),Not Applicable (Not Transported),1,Dark - Unlighted,Rain/Wind/Minor,0,1,[],[],0,0,Valid,0.0,0.0,48.0,48.0,['Female'],0,0,3,3,4,Wet/Standing Water,Straight,Level,Lowest,No
29127,45,South Carolina,450461,1,2,1,1,1,SUMTER,June,21,Wednesday,17,12,Urban,High Speed (Arterial),Yes,33.90984722,-80.33758333,Non-Intersection,Daylight,Rain,Unknown,Unknown,Unknown EMS Scene Arrival Hour,Unknown EMS Scene Arrival Minutes,Unknown,Unknown EMS Hospital Arrival Time,1,Daylight,Rain/Wind/Minor,0,1,[],[],0,0,Valid,1.0,0.0,34.0,34.0,['Female'],0,0,3,4,5,Wet/Standing Water,Curve,Level,Lowest,No
29128,45,South Carolina,450462,0,1,1,0,1,NORTH CHARLESTON,June,22,Thursday,14,28,Urban,Medium Speed (Collector),No,32.92723056,-80.11748889,Non-Intersection,Daylight,Cloudy,Unknown,Unknown,Unknown EMS Scene Arrival Hour,Unknown EMS Scene Arrival Minutes,Unknown,Unknown EMS Hospital Arrival Time,1,Daylight,Reduced Visibility,1,0,['Driver'],['None_Used'],1,1,Valid,1.0,0.0,55.0,55.0,['Male'],1,0,3,4,3,Dry,Curve,Level,Lowest,No
29129,45,South Carolina,450463,0,4,4,0,5,NOT APPLICABLE,June,22,Thursday,3,45,Rural,High Speed (Arterial),Yes,33.84648611,-81.4111,Non-Intersection,Dark - Not Lighted,Rain,Unknown,Unknown,Unknown EMS Scene Arrival Hour,Unknown EMS Scene Arrival Minutes,Unknown,Unknown EMS Hospital Arrival Time,1,Dark - Unlighted,Rain/Wind/Minor,1,4,['Driver'],['None_Used'],0,0,Valid,1.0,1.0,71.0,40.0,"['Male', 'Male', 'Male', 'Male']",1,0,4,4,5,Wet/Standing Water,Straight,Level,Lowest,No
29130,45,South Carolina,450464,1,1,1,0,1,HOLLYWOOD,June,22,Thursday,21,11,Rural,Medium Speed (Collector),No,32.73863611,-80.2237,Non-Intersection,Dark - Not Lighted,Clear,Unknown,Unknown,Unknown EMS Scene Arrival Hour,Unknown EMS Scene Arrival Minutes,Unknown,Unknown EMS Hospital Arrival Time,1,Dark - Unlighted,Clear,0,1,[],[],0,0,Valid,0.0,0.0,74.0,74.0,['Male'],0,0,2,4,4,Dry,Straight,Level,Lowest,No
29131,45,South Carolina,450465,0,1,1,0,1,NOT APPLICABLE,June,23,Friday,16,10,Rural,High Speed (Arterial),Yes,34.16029444,-79.35053056,Simple Junction,Daylight,Clear,Unknown,Unknown,Unknown EMS Scene Arrival Hour,Unknown EMS Scene Arrival Minutes,Unknown,Unknown EMS Hospital Arrival Time,1,Daylight,Clear,1,0,['Driver'],['None_Used'],0,0,Valid,3.0,1.0,40.0,40.0,['Female'],0,0,3,4,2,Dry,Straight,Level,Lowest,No
29132,45,South Carolina,450466,0,2,2,0,3,NOT APPLICABLE,June,23,Friday,21,30,Urban,Medium Speed (Collector),No,34.77346111,-82.41627222,Complex/Circle,Dark - Not Lighted,Clear,Unknown,Unknown,Unknown EMS Scene Arrival Hour,Unknown EMS Scene Arrival Minutes,Unknown,Unknown EMS Hospital Arrival Time,2,Dark - Unlighted,Clear,2,1,"['Driver', 'Rear_Seat']","['None_Used', 'None_Used']",0,0,Invalid,0.0,0.0,33.0,16.0,"['Male', 'Male']",0,0,5,4,5,Dry,Straight,Level,Lowest,No
29133,45,South Carolina,450467,0,1,1,0,1,NEWBERRY,June,24,Saturday,1,0,Rural,Medium Speed (Collector),No,34.12358333,-81.45974444,Non-Intersection,Dark - Lighted,Clear,Unknown,Unknown if Notified,Unknown EMS Scene Arrival Hour,Unknown if Arrived,Not Applicable (Not Transported),Not Applicable (Not Transported),1,Dark - Lighted,Clear,1,0,['Driver'],['Shoulder_Lapbelt'],1,1,Valid,2.0,1.0,25.0,25.0,['Male'],1,0,2,4,3,Dry,Curve,Level,Lowest,No
29134,45,South Carolina,450468,0,3,3,0,5,YEMASSEE,June,24,Saturday,14,35,Rural,High Speed (Arterial),Yes,32.64079167,-80.85301389,Simple Junction,Daylight,Clear,Unknown,Unknown,Unknown EMS Scene Arrival Hour,Unknown EMS Scene Arrival Minutes,Unknown,Unknown EMS Hospital Arrival Time,1,Daylight,Clear,1,4,['Driver'],['Shoulder_Lapbelt'],0,0,Valid,1.0,0.0,45.0,25.0,"['Male', 'Male', 'Male']",0,0,4,4,5,Dry,Curve,Level,Lowest,No
29135,45,South Carolina,450469,0,2,2,0,2,NOT APPLICABLE,June,23,Friday,23,35,Rural,Medium Speed (Collector),No,32.75372222,-81.21981667,Non-Intersection,Dark - Not Lighted,Cloudy,Unknown,Unknown,Unknown EMS Scene Arrival Hour,Unknown EMS Scene Arrival Minutes,Unknown,Unknown EMS Hospital Arrival Time,1,Dark - Unlighted,Reduced Visibility,1,1,['Driver'],['None_Used'],1,1,Valid,0.0,0.0,29.0,22.0,"['Female', 'Female']",1,0,2,4,5,Dry,Straight,Level,Lowest,No
29136,45,South Carolina,450470,0,2,2,0,2,NORTH CHARLESTON,June,24,Saturday,7,49,Urban,High Speed (Arterial),No,32.88656944,-80.0674,Non-Intersection,Daylight,Clear,Unknown,Unknown if Notified,Unknown EMS Scene Arrival Hour,Unknown if Arrived,Not Applicable (Not Transported),Not Applicable (Not Transported),1,Daylight,Clear,1,1,['Driver'],['Shoulder_Lapbelt'],0,0,Valid,1.0,0.0,73.0,18.0,"['Male', 'Male']",0,0,4,4,5,Dry,Straight,Level,Lowest,No
29137,45,South Carolina,450471,0,1,1,0,1,NOT APPLICABLE,June,25,Sunday,5,53,Rural,Medium Speed (Collector),No,34.64358056,-81.85193889,Non-Intersection,Dawn,Clear,Unknown,Unknown if Notified,Unknown EMS Scene Arrival Hour,Unknown if Arrived,Not Applicable (Not Transported),Not Applicable (Not Transported),1,Twilight,Clear,1,0,['Driver'],['None_Used'],1,1,Invalid,0.0,0.0,44.0,44.0,['Male'],0,0,2,4,3,Dry,Straight,Level,Lowest,No
29138,45,South Carolina,450472,0,1,1,0,1,NOT APPLICABLE,June,25,Sunday,15,30,Urban,Low Speed (Local),No,33.88460556,-81.24819444,Non-Intersection,Daylight,Clear,Unknown,Unknown if Notified,Unknown EMS Scene Arrival Hour,Unknown if Arrived,Not Applicable (Not Transported),Not Applicable (Not Transported),1,Daylight,Clear,1,0,['Driver'],['Shoulder_Lapbelt'],0,0,Valid,0.0,0.0,63.0,63.0,['Female'],1,0,3,4,3,Dry,Curve,Level,Lowest,No
29139,45,South Carolina,450473,0,2,2,0,2,NOT APPLICABLE,June,25,Sunday,17,1,Urban,Medium Speed (Collector),No,34.89622778,-82.03906389,Simple Junction,Daylight,Clear,Unknown,Unknown,Unknown EMS Scene Arrival Hour,Unknown EMS Scene Arrival Minutes,Unknown,Unknown EMS Hospital Arrival Time,1,Daylight,Clear,1,1,['Driver'],['Shoulder_Lapbelt'],0,0,Valid,1.0,3.0,80.0,22.0,"['Male', 'Female']",0,0,3,4,5,Dry,Straight,Level,Lowest,No
29140,45,South Carolina,450474,0,1,1,0,1,NOT APPLICABLE,June,26,Monday,11,45,Rural,Medium Speed (Collector),No,33.76574722,-81.20156389,Non-Intersection,Daylight,Clear,Unknown,Unknown if Notified,Unknown EMS Scene Arrival Hour,Unknown if Arrived,Not Applicable (Not Transported),Not Applicable (Not Transported),1,Daylight,Clear,1,0,['Driver'],['Shoulder_Lapbelt'],0,0,Invalid,0.0,0.0,32.0,32.0,['Male'],1,0,2,4,3,Dry,Straight,Level,Lowest,No
29141,45,South Carolina,450475,0,2,2,0,2,NOT APPLICABLE,June,26,Monday,11,55,Rural,Medium Speed (Collector),No,34.61313611,-80.60786111,Non-Intersection,Daylight,Clear,Unknown,Unknown,Unknown EMS Scene Arrival Hour,Unknown EMS Scene Arrival Minutes,Unknown,Unknown EMS Hospital Arrival Time,1,Daylight,Clear,1,1,['Driver'],['Shoulder_Lapbelt'],1,1,Valid,1.0,0.0,59.0,58.0,"['Male', 'Male']",0,0,3,4,5,Dry,Curve,Level,Lowest,No
29142,45,South Carolina,450476,0,2,2,0,2,NOT APPLICABLE,June,26,Monday,18,55,Rural,Low Speed (Local),No,34.63537778,-82.57876111,Non-Intersection,Daylight,Clear,Unknown,Unknown if Notified,Unknown EMS Scene Arrival Hour,Unknown if Arrived,Not Applicable (Not Transported),Not Applicable (Not Transported),1,Daylight,Clear,1,1,['Driver'],['Shoulder_Lapbelt'],1,1,Valid,0.0,0.0,27.0,22.0,"['Male', 'Male']",0,0,4,4,5,Dry,Curve,Level,Lowest,No
29143,45,South Carolina,450477,0,2,2,0,3,NOT APPLICABLE,June,26,Monday,21,55,Rural,High Speed (Arterial),Yes,33.96344444,-81.64811111,Non-Intersection,Dark - Not Lighted,Rain,Unknown,Unknown,Unknown EMS Scene Arrival Hour,Unknown EMS Scene Arrival Minutes,Unknown,Unknown EMS Hospital Arrival Time,1,Dark - Unlighted,Rain/Wind/Minor,1,2,['Driver'],['Shoulder_Lapbelt'],1,1,Valid,1.0,0.0,53.0,24.0,"['Female', 'Male']",0,0,3,4,5,Wet/Standing Water,Straight,Level,Lowest,No
29144,45,South Carolina,450478,1,1,1,0,1,NOT APPLICABLE,June,26,Monday,5,1,Urban,High Speed (Arterial),Yes,32.78950833,-79.95143889,Complex/Circle,Dark - Lighted,Clear,Unknown,Unknown,Unknown EMS Scene Arrival Hour,Unknown EMS Scene Arrival Minutes,Unknown,Unknown EMS Hospital Arrival Time,1,Dark - Lighted,Clear,0,1,[],[],0,0,Valid,0.0,0.0,27.0,27.0,['Male'],0,0,2,3,4,Dry,Straight,Level,Lowest,No
29145,45,South Carolina,450479,0,2,2,0,2,NOT APPLICABLE,June,27,Tuesday,15,10,Rural,High Speed (Arterial),Yes,33.76825833,-81.28560833,Complex/Circle,Daylight,Clear,Unknown,Unknown,Unknown EMS Scene Arrival Hour,Unknown EMS Scene Arrival Minutes,Unknown,Unknown EMS Hospital Arrival Time,1,Daylight,Clear,1,1,['Driver'],['Shoulder_Lapbelt'],0,0,Valid,2.0,3.0,63.0,29.0,"['Male', 'Male']",0,0,4,4,5,Dry,Straight,Level,Lowest,No
29146,45,South Carolina,450480,0,1,1,0,1,NOT APPLICABLE,June,28,Wednesday,17,34,Rural,Medium Speed (Collector),No,34.86882222,-81.63096111,Non-Intersection,Daylight,Clear,Unknown,Unknown,Unknown EMS Scene Arrival Hour,Unknown EMS Scene Arrival Minutes,Unknown,Unknown EMS Hospital Arrival Time,1,Daylight,Clear,1,0,['Driver'],['None_Used'],0,0,Valid,0.0,0.0,45.0,45.0,['Male'],1,0,3,4,3,Dry,Curve,Grade/Hillcrest,Lowest,No
29147,45,South Carolina,450481,1,1,1,0,1,NOT APPLICABLE,June,29,Thursday,8,45,Urban,High Speed (Arterial),No,32.85548056,-79.97693889,Complex/Circle,Daylight,Clear,Unknown,Unknown if Notified,Unknown EMS Scene Arrival Hour,Unknown if Arrived,Not Applicable (Not Transported),Not Applicable (Not Transported),1,Daylight,Clear,0,1,[],[],0,0,Valid,1.0,0.0,64.0,64.0,['Male'],0,0,4,3,4,Dry,Straight,Level,Lowest,No
29148,45,South Carolina,450482,0,2,2,0,3,NOT APPLICABLE,June,29,Thursday,19,20,Rural,Medium Speed (Collector),No,34.27371389,-79.78619444,Non-Intersection,Daylight,Cloudy,Unknown,Unknown,Unknown EMS Scene Arrival Hour,Unknown EMS Scene Arrival Minutes,Unknown,Unknown EMS Hospital Arrival Time,1,Daylight,Reduced Visibility,1,2,['Driver'],['None_Used'],1,1,Valid,0.0,0.0,69.0,58.0,"['Male', 'Male']",0,0,3,4,5,Dry,Curve,Level,Lowest,No
29149,45,South Carolina,450483,0,1,1,0,1,NOT APPLICABLE,June,30,Friday,20,45,Rural,Medium Speed (Collector),No,33.28106944,-80.22063611,Non-Intersection,Dark - Not Lighted,Clear,Unknown,Unknown if Notified,Unknown EMS Scene Arrival Hour,Unknown if Arrived,Not Applicable (Not Transported),Not Applicable (Not Transported),1,Dark - Unlighted,Clear,1,0,['Driver'],['None_Used'],1,1,Valid,0.0,0.0,46.0,46.0,['Male'],1,0,5,4,2,Dry,Straight,Level,Lowest,No
29150,45,South Carolina,450484,0,1,1,0,1,NOT APPLICABLE,May,12,Friday,2,50,Rural,Medium Speed (Collector),No,34.14940278,-80.30630556,Non-Intersection,Dark - Not Lighted,Clear,Unknown,Unknown,Unknown EMS Scene Arrival Hour,Unknown EMS Scene Arrival Minutes,Unknown,Unknown EMS Hospital Arrival Time,1,Dark - Unlighted,Clear,1,0,['Driver'],['None_Used'],0,0,Valid,1.0,0.0,66.0,66.0,['Male'],1,0,5,4,3,Dry,Curve,Level,Lowest,No
29151,45,South Carolina,450485,0,3,3,0,4,NORTH CHARLESTON,June,10,Saturday,23,33,Urban,High Speed (Arterial),No,32.87008056,-80.05481944,Complex/Circle,Dark - Lighted,Clear,Unknown,Unknown,Unknown EMS Scene Arrival Hour,Unknown EMS Scene Arrival Minutes,Unknown,Unknown EMS Hospital Arrival Time,1,Dark - Lighted,Clear,1,3,['Driver'],['Shoulder_Lapbelt'],1,1,Valid,1.0,0.0,59.0,33.0,"['Male', 'Male', 'Male']",0,0,3,4,5,Dry,Straight,Level,Lowest,No