,State_Code,State_Name,Crash_ID,Count_Non_Motorists,Count_Vehicles_Total,Count_Vehicle_Forms,Count_PVH_Involved,Count_Occupants_MV,City_Name,Month_Name,Day_of_Month,Day_of_Week,Crash_Hour,Crash_Minute,Area_Rural_Urban,Road_Functional_Class,On_NHS_Road,Latitude,Longitude,Intersection_Type,Light_Condition,Weather_Condition,Notif_Hour,Notif_Minute,Arrival_Hour,Arrival_Minute,Hospital_Hour,Hospital_Minute,Fatalities_Count,Clean_Light_Condition,Clean_Weather_Condition,Total_Killed,Total_Alive,Fatal_Seats_List,Killed_Restraint_List,Any_Driver_Drinking,Total_Drinking_Drivers,Driver_License_Category,Driver_Max_Prev_Accident_Count,Driver_Max_Prev_Speeding_Count,Max_Driver_Age,Min_Driver_Age,Driver_Sex_List,Total_Exceeding_Limit_Vehicles,Total_Too_Fast_Vehicles,Max_Vehicle_Type_Severity_5,Max_Vehicle_Damage_Rank,Max_Harmful_Event_Severity,Crash_Road_Surface_Condition,Crash_Horizontal_Alignment,Crash_Vertical_Profile,Crash_Impairment_Category,Crash_Vehicle_Defect
29152,45,South Carolina,450486,0,2,2,0,2,NOT APPLICABLE,June,26,Monday,18,53,Urban,Medium Speed (Collector),No,33.90903611,-80.34466111,Complex/Circle,Daylight,Clear,Unknown,Unknown,Unknown EMS Scene Arrival Hour,Unknown EMS Scene Arrival Minutes,Unknown,Unknown EMS Hospital Arrival Time,1,Daylight,Clear,1,1,['Driver'],['None_Used'],0,0,Valid,0.0,0.0,64.0,18.0,"['Male', 'Male']",0,0,5,4,5,Dry,Straight,Level,Lowest,No
29153,45,South Carolina,450488,1,1,1,0,1,GREENVILLE,June,29,Thursday,1,23,Urban,High Speed (Arterial),Yes,34.86718056,-82.40441944,Non-Intersection,Dark - Not Lighted,Clear,Unknown,Unknown if Notified,Unknown EMS Scene Arrival Hour,Unknown if Arrived,Not Applicable (Not Transported),Not Applicable (Not Transported),1,Dark - Unlighted,Clear,0,1,[],[],0,0,Invalid,0.0,0.0,999.0,999.0,['Other'],0,0,1,0,4,Dry,Straight,Level,Lowest,No
29154,45,South Carolina,450489,1,1,1,0,1,CHARLESTON,July,1,Saturday,2,32,Urban,High Speed (Arterial),Yes,32.83056944,-79.95313056,Non-Intersection,Dark - Not Lighted,Clear,Unknown,Unknown if Notified,Unknown EMS Scene Arrival Hour,Unknown if Arrived,Not Applicable (Not Transported),Not Applicable (Not Transported),1,Dark - Unlighted,Clear,0,1,[],[],0,0,Invalid,0.0,0.0,30.0,30.0,['Male'],1,0,2,3,4,Dry,Curve,Level,Lowest,No
29155,45,South Carolina,450490,0,2,1,1,1,NOT APPLICABLE,July,1,Saturday,3,37,Urban,Medium Speed (Collector),No,34.85706389,-82.47404167,Non-Intersection,Dark - Not Lighted,Clear,Unknown,Unknown,Unknown EMS Scene Arrival Hour,Unknown EMS Scene Arrival Minutes,Unknown,Unknown EMS Hospital Arrival Time,1,Dark - Unlighted,Clear,1,0,['Driver'],['None_Used'],1,1,Valid,0.0,0.0,21.0,21.0,['Male'],1,0,2,4,3,Dry,Curve,Level,Lowest,No
29156,45,South Carolina,450491,0,2,2,0,3,NOT APPLICABLE,July,1,Saturday,7,55,Rural,Medium Speed (Collector),No,34.22059167,-79.62219444,Non-Intersection,Daylight,Cloudy,Unknown,Unknown,Unknown EMS Scene Arrival Hour,Unknown EMS Scene Arrival Minutes,Unknown,Unknown EMS Hospital Arrival Time,1,Daylight,Reduced Visibility,1,2,['Driver'],['Shoulder_Lapbelt'],0,0,Valid,0.0,1.0,66.0,57.0,"['Male', 'Female']",0,0,3,4,5,Dry,Curve,Level,Lowest,No
29157,45,South Carolina,450492,1,1,1,0,1,NOT APPLICABLE,July,2,Sunday,2,50,Urban,High Speed (Arterial),Yes,33.73408889,-78.83423056,Non-Intersection,Dark - Unknown Lighting,Clear,Unknown,Unknown,Unknown EMS Scene Arrival Hour,Unknown EMS Scene Arrival Minutes,Unknown,Unknown EMS Hospital Arrival Time,1,Dark - Unlighted,Clear,0,1,[],[],0,0,Valid,1.0,0.0,20.0,20.0,['Male'],0,0,2,2,4,Dry,Straight,Level,Lowest,No
29158,45,South Carolina,450493,0,2,2,0,2,NOT APPLICABLE,July,3,Monday,13,25,Urban,High Speed (Arterial),Yes,32.41283056,-80.65179722,Non-Intersection,Daylight,Clear,Unknown,Unknown,Unknown EMS Scene Arrival Hour,Unknown EMS Scene Arrival Minutes,Unknown,Unknown EMS Hospital Arrival Time,1,Daylight,Clear,1,1,['Driver'],['Shoulder_Lapbelt'],0,0,Valid,0.0,0.0,90.0,20.0,"['Male', 'Male']",0,0,3,4,5,Dry,Straight,Level,Lowest,No
29159,45,South Carolina,450494,0,3,3,0,3,PELION,July,3,Monday,12,2,Rural,Medium Speed (Collector),No,33.79911111,-81.26404444,Non-Intersection,Daylight,Clear,Unknown,Unknown,Unknown EMS Scene Arrival Hour,Unknown EMS Scene Arrival Minutes,Unknown,Unknown EMS Hospital Arrival Time,1,Daylight,Clear,1,2,['Driver'],['Shoulder_Lapbelt'],0,0,Valid,0.0,1.0,65.0,21.0,"['Female', 'Male', 'Male']",0,0,4,4,5,Dry,Straight,Level,Lowest,No
29160,45,South Carolina,450495,0,2,2,0,3,NOT APPLICABLE,July,3,Monday,16,15,Rural,Low Speed (Local),No,34.40088056,-80.79521944,Non-Intersection,Daylight,Clear,Unknown,Unknown,Unknown EMS Scene Arrival Hour,Unknown EMS Scene Arrival Minutes,Unknown,Unknown EMS Hospital Arrival Time,1,Daylight,Clear,1,2,['Front_Passenger'],['None_Used'],0,0,Valid,1.0,0.0,89.0,27.0,"['Male', 'Female']",0,0,3,4,5,Dry,Curve,Level,Lowest,No
29161,45,South Carolina,450496,0,1,1,0,1,NOT APPLICABLE,July,4,Tuesday,1,40,Urban,High Speed (Arterial),Yes,33.84286944,-79.10319444,Non-Intersection,Dark - Not Lighted,Clear,Unknown,Unknown if Notified,Unknown EMS Scene Arrival Hour,Unknown if Arrived,Not Applicable (Not Transported),Not Applicable (Not Transported),1,Dark - Unlighted,Clear,1,0,['Driver'],['None_Used'],1,1,Valid,1.0,0.0,35.0,35.0,['Male'],1,0,3,4,3,Dry,Straight,Level,Lowest,No
29162,45,South Carolina,450497,1,1,1,0,1,NOT APPLICABLE,July,4,Tuesday,4,15,Urban,High Speed (Arterial),No,34.99582778,-81.13092222,Non-Intersection,Dark - Not Lighted,Clear,Unknown,Unknown if Notified,Unknown EMS Scene Arrival Hour,Unknown if Arrived,Not Applicable (Not Transported),Not Applicable (Not Transported),1,Dark - Unlighted,Clear,0,1,[],[],0,0,Valid,0.0,1.0,59.0,59.0,['Female'],0,0,2,4,4,Dry,Straight,Level,Lowest,No
29163,45,South Carolina,450498,0,1,1,0,1,NOT APPLICABLE,July,4,Tuesday,6,0,Rural,Medium Speed (Collector),No,33.22598056,-80.86136111,Non-Intersection,Dawn,Clear,Unknown,Unknown if Notified,Unknown EMS Scene Arrival Hour,Unknown if Arrived,Not Applicable (Not Transported),Not Applicable (Not Transported),1,Twilight,Clear,1,0,['Driver'],['None_Used'],1,1,Valid,0.0,0.0,44.0,44.0,['Male'],1,0,3,4,3,Dry,Curve,Level,Lowest,No
29164,45,South Carolina,450499,0,1,1,0,2,NOT APPLICABLE,July,4,Tuesday,20,41,Rural,Low Speed (Local),No,34.21553889,-79.51373611,Non-Intersection,Dark - Not Lighted,Rain,Unknown,Unknown,Unknown EMS Scene Arrival Hour,Unknown EMS Scene Arrival Minutes,Unknown,Unknown EMS Hospital Arrival Time,2,Dark - Unlighted,Rain/Wind/Minor,2,0,"['Driver', 'Front_Passenger']","['None_Used', 'None_Used']",0,0,Valid,0.0,0.0,59.0,59.0,['Male'],2,0,2,4,2,Wet/Standing Water,Straight,Level,Lowest,No
29165,45,South Carolina,450500,0,1,1,0,5,NOT APPLICABLE,July,4,Tuesday,22,18,Rural,Low Speed (Local),No,33.84036944,-78.77064444,Non-Intersection,Dark - Not Lighted,Rain,Unknown,Unknown,Unknown EMS Scene Arrival Hour,Unknown EMS Scene Arrival Minutes,Unknown,Unknown EMS Hospital Arrival Time,1,Dark - Unlighted,Rain/Wind/Minor,1,4,['Rear_Seat'],['None_Used'],0,0,Valid,1.0,1.0,18.0,18.0,['Male'],5,0,2,4,3,Wet/Standing Water,Straight,Level,Lowest,No
29166,45,South Carolina,450501,0,2,2,0,2,NOT APPLICABLE,July,4,Tuesday,18,10,Urban,High Speed (Arterial),Yes,33.15495,-80.03298056,Non-Intersection,Daylight,Clear,Unknown,Unknown,Unknown EMS Scene Arrival Hour,Unknown EMS Scene Arrival Minutes,Unknown,Unknown EMS Hospital Arrival Time,1,Daylight,Clear,1,1,['Driver'],['None_Used'],1,1,Invalid,4.0,2.0,24.0,20.0,"['Male', 'Male']",1,0,3,4,5,Dry,Straight,Level,Lowest,No
29167,45,South Carolina,450502,0,2,2,0,4,SPRINGDALE,July,5,Wednesday,16,55,Urban,Medium Speed (Collector),No,33.95883889,-81.10953889,Complex/Circle,Daylight,Clear,Unknown,Unknown,Unknown EMS Scene Arrival Hour,Unknown EMS Scene Arrival Minutes,Unknown,Unknown EMS Hospital Arrival Time,1,Daylight,Clear,1,3,['Rear_Seat'],['None_Used'],0,0,Invalid,1.0,0.0,47.0,36.0,"['Female', 'Male']",3,0,3,4,5,Wet/Standing Water,Straight,Level,Lowest,No
29168,45,South Carolina,450503,1,2,2,0,3,NOT APPLICABLE,July,5,Wednesday,21,44,Rural,High Speed (Arterial),Yes,35.08779722,-82.44704722,Non-Intersection,Dark - Not Lighted,Clear,Unknown,Unknown if Notified,Unknown EMS Scene Arrival Hour,Unknown if Arrived,Not Applicable (Not Transported),Not Applicable (Not Transported),1,Dark - Unlighted,Clear,0,3,[],[],0,0,Valid,1.0,0.0,59.0,55.0,"['Male', 'Male']",0,0,4,3,4,Dry,Straight,Level,Lowest,No
29169,45,South Carolina,450504,0,1,1,0,2,NOT APPLICABLE,July,7,Friday,0,30,Rural,Medium Speed (Collector),No,33.39245556,-80.42245556,Simple Junction,Dark - Not Lighted,Clear,Unknown,Unknown,Unknown EMS Scene Arrival Hour,Unknown EMS Scene Arrival Minutes,Unknown,Unknown EMS Hospital Arrival Time,1,Dark - Unlighted,Clear,1,1,['Front_Passenger'],['None_Used'],1,1,Valid,1.0,0.0,44.0,44.0,['Male'],0,0,2,4,3,Dry,Straight,Level,Lowest,No
29170,45,South Carolina,450505,0,2,2,0,2,NOT APPLICABLE,July,7,Friday,13,38,Rural,Medium Speed (Collector),No,33.95060833,-78.947775,Complex/Circle,Daylight,Clear,Unknown,Unknown if Notified,Unknown EMS Scene Arrival Hour,Unknown if Arrived,Not Applicable (Not Transported),Not Applicable (Not Transported),1,Daylight,Clear,1,1,['Driver'],['None_Used'],0,0,Valid,0.0,0.0,46.0,45.0,"['Male', 'Male']",0,0,4,4,5,Dry,Straight,Level,Lowest,No
29171,45,South Carolina,450506,0,1,1,0,2,NOT APPLICABLE,July,7,Friday,16,15,Rural,Medium Speed (Collector),No,34.35130278,-81.29799722,Non-Intersection,Daylight,Clear,Unknown,Unknown if Notified,Unknown EMS Scene Arrival Hour,Unknown if Arrived,Not Applicable (Not Transported),Not Applicable (Not Transported),2,Daylight,Clear,2,0,"['Driver', 'Front_Passenger']","['None_Used', 'None_Used']",0,0,Invalid,0.0,0.0,52.0,52.0,['Male'],0,0,4,4,3,Wet/Standing Water,Straight,Level,Lowest,No
29172,45,South Carolina,450507,1,1,1,0,1,NOT APPLICABLE,July,7,Friday,22,22,Urban,Medium Speed (Collector),No,34.88759444,-82.13266667,Complex/Circle,Dark - Not Lighted,Clear,Unknown,Unknown if Notified,Unknown EMS Scene Arrival Hour,Unknown if Arrived,Not Applicable (Not Transported),Not Applicable (Not Transported),1,Dark - Unlighted,Clear,0,1,[],[],0,0,Valid,3.0,1.0,50.0,50.0,['Male'],0,0,2,4,4,Dry,Straight,Level,Lowest,No
29173,45,South Carolina,450508,1,1,1,0,1,NOT APPLICABLE,July,8,Saturday,22,0,Urban,High Speed (Arterial),Yes,33.15513611,-80.05924444,Non-Intersection,Dark - Not Lighted,Rain,Unknown,Unknown if Notified,Unknown EMS Scene Arrival Hour,Unknown if Arrived,Not Applicable (Not Transported),Not Applicable (Not Transported),1,Dark - Unlighted,Rain/Wind/Minor,0,1,[],[],0,0,Valid,2.0,1.0,34.0,34.0,['Male'],0,0,2,3,4,Wet/Standing Water,Straight,Level,Lowest,No
29174,45,South Carolina,450509,0,2,2,0,3,SPARTANBURG,July,8,Saturday,20,5,Urban,High Speed (Arterial),Yes,34.96956944,-81.88935278,Non-Intersection,Dusk,Clear,Unknown,Unknown if Notified,Unknown EMS Scene Arrival Hour,Unknown if Arrived,Not Applicable (Not Transported),Not Applicable (Not Transported),1,Twilight,Clear,1,2,['Driver'],['None_Used'],1,1,Valid,0.0,1.0,37.0,20.0,"['Male', 'Male']",1,0,5,4,5,Dry,Straight,Level,Lowest,No
29175,45,South Carolina,450510,1,1,1,0,1,NOT APPLICABLE,July,8,Saturday,6,0,Rural,Medium Speed (Collector),No,33.43526111,-81.79205,Non-Intersection,Dark - Not Lighted,Clear,Unknown,Unknown if Notified,Unknown EMS Scene Arrival Hour,Unknown if Arrived,Not Applicable (Not Transported),Not Applicable (Not Transported),1,Dark - Unlighted,Clear,0,1,[],[],0,0,Invalid,0.0,0.0,999.0,999.0,['Other'],0,0,1,0,4,Dry,Straight,Grade/Hillcrest,Lowest,No
29176,45,South Carolina,450511,0,2,2,0,3,NOT APPLICABLE,July,8,Saturday,14,3,Rural,Medium Speed (Collector),No,33.56836944,-81.34634722,Complex/Circle,Daylight,Clear,Unknown,Unknown,Unknown EMS Scene Arrival Hour,Unknown EMS Scene Arrival Minutes,Unknown,Unknown EMS Hospital Arrival Time,1,Daylight,Clear,1,2,['Front_Passenger'],['None_Used'],0,0,Valid,2.0,0.0,74.0,43.0,"['Female', 'Male']",0,0,3,4,5,Dry,Straight,Level,Lowest,No
29177,45,South Carolina,450512,0,1,1,0,1,NOT APPLICABLE,July,8,Saturday,18,1,Rural,Medium Speed (Collector),No,34.40130833,-80.4714,Non-Intersection,Daylight,Clear,Unknown,Unknown if Notified,Unknown EMS Scene Arrival Hour,Unknown if Arrived,Not Applicable (Not Transported),Not Applicable (Not Transported),1,Daylight,Clear,1,0,['Driver'],['None_Used'],1,1,Valid,0.0,0.0,27.0,27.0,['Male'],0,0,5,4,3,Dry,Curve,Level,Lowest,No
29178,45,South Carolina,450513,1,1,1,0,5,NOT APPLICABLE,July,8,Saturday,23,34,Rural,High Speed (Arterial),Yes,34.89391667,-82.34405278,Non-Intersection,Dark - Unknown Lighting,Clear,Unknown,Unknown if Notified,Unknown EMS Scene Arrival Hour,Unknown if Arrived,Not Applicable (Not Transported),Not Applicable (Not Transported),1,Dark - Unlighted,Clear,0,5,[],[],0,0,Valid,0.0,0.0,17.0,17.0,['Male'],0,0,2,4,4,Dry,Straight,Level,Lowest,No
29179,45,South Carolina,450514,0,1,1,0,2,NOT APPLICABLE,July,9,Sunday,20,45,Rural,Medium Speed (Collector),No,32.5691,-80.69340833,Non-Intersection,Dusk,Clear,Unknown,Unknown,Unknown EMS Scene Arrival Hour,Unknown EMS Scene Arrival Minutes,Unknown,Unknown EMS Hospital Arrival Time,1,Twilight,Clear,1,1,['Driver'],['None_Used'],1,1,Valid,0.0,0.0,42.0,42.0,['Male'],2,0,2,4,2,Dry,Curve,Level,Lowest,No
29180,45,South Carolina,450515,1,1,1,0,2,NOT APPLICABLE,July,9,Sunday,21,40,Rural,High Speed (Arterial),Yes,34.47958056,-81.94047778,Non-Intersection,Dark - Not Lighted,Clear,Unknown,Unknown,Unknown EMS Scene Arrival Hour,Unknown EMS Scene Arrival Minutes,Unknown,Unknown EMS Hospital Arrival Time,1,Dark - Unlighted,Clear,0,2,[],[],0,0,Valid,1.0,0.0,25.0,25.0,['Male'],0,0,3,3,4,Dry,Straight,Level,Lowest,No
29181,45,South Carolina,450516,1,1,1,0,1,NOT APPLICABLE,July,10,Monday,21,30,Urban,Medium Speed (Collector),No,34.70384722,-80.768575,Non-Intersection,Dark - Lighted,Clear,Unknown,Unknown if Notified,Unknown EMS Scene Arrival Hour,Unknown if Arrived,Not Applicable (Not Transported),Not Applicable (Not Transported),1,Dark - Lighted,Clear,0,1,[],[],0,0,Invalid,0.0,0.0,999.0,999.0,['Other'],0,0,1,0,4,Dry,Straight,Level,Lowest,No
29182,45,South Carolina,450517,0,2,2,0,4,BLUFFTON,July,10,Monday,5,45,Urban,Medium Speed (Collector),No,32.26491944,-80.88171667,Complex/Circle,Dawn,Clear,Unknown,Unknown,Unknown EMS Scene Arrival Hour,Unknown EMS Scene Arrival Minutes,Unknown,Unknown EMS Hospital Arrival Time,2,Twilight,Clear,2,2,"['Rear_Seat', 'Rear_Seat']","['None_Used', 'None_Used']",0,0,Valid,1.0,0.0,33.0,27.0,"['Male', 'Male']",1,0,3,4,5,Dry,Straight,Level,Lowest,No
29183,45,South Carolina,450518,0,2,2,0,2,NOT APPLICABLE,July,13,Thursday,6,23,Rural,Medium Speed (Collector),No,34.946025,-81.70495278,Simple Junction,Daylight,Clear,Unknown,Unknown,Unknown EMS Scene Arrival Hour,Unknown EMS Scene Arrival Minutes,Unknown,Unknown EMS Hospital Arrival Time,1,Daylight,Clear,1,1,['Driver'],['None_Used'],0,0,Invalid,2.0,4.0,28.0,24.0,"['Male', 'Male']",1,0,5,4,5,Dry,Straight,Level,Lowest,No
29184,45,South Carolina,450519,0,2,2,0,2,NOT APPLICABLE,July,14,Friday,21,27,Rural,High Speed (Arterial),Yes,33.80999444,-80.35999444,Non-Intersection,Dark - Not Lighted,Cloudy,Unknown,Unknown if Notified,Unknown EMS Scene Arrival Hour,Unknown if Arrived,Not Applicable (Not Transported),Not Applicable (Not Transported),1,Dark - Unlighted,Reduced Visibility,1,1,['Driver'],['None_Used'],0,0,Invalid,0.0,0.0,999.0,55.0,"['Male', 'Other']",0,0,5,4,5,Dry,Straight,Level,Lowest,No
29185,45,South Carolina,450520,2,2,1,1,1,NOT APPLICABLE,July,14,Friday,3,5,Rural,High Speed (Arterial),Yes,33.44630278,-80.71482778,Non-Intersection,Dark - Not Lighted,Clear,Unknown,Unknown,Unknown EMS Scene Arrival Hour,Unknown EMS Scene Arrival Minutes,Unknown,Unknown EMS Hospital Arrival Time,1,Dark - Unlighted,Clear,0,1,[],[],1,1,Valid,0.0,0.0,36.0,36.0,['Male'],1,0,2,4,5,Dry,Straight,Level,Lowest,No
29186,45,South Carolina,450521,0,1,1,0,6,IRMO,July,15,Saturday,23,53,Urban,Low Speed (Local),No,34.12190556,-81.13805833,Non-Intersection,Dark - Not Lighted,Clear,Unknown,Unknown,Unknown EMS Scene Arrival Hour,Unknown EMS Scene Arrival Minutes,Unknown,Unknown EMS Hospital Arrival Time,1,Dark - Unlighted,Clear,1,5,['Front_Passenger'],['Shoulder_Lapbelt'],0,0,Valid,1.0,0.0,17.0,17.0,['Male'],0,0,3,4,4,Dry,Curve,Level,Lowest,No
29187,45,South Carolina,450522,0,3,3,0,10,NOT APPLICABLE,July,16,Sunday,18,3,Rural,High Speed (Arterial),Yes,35.07133889,-81.76103056,Non-Intersection,Daylight,Clear,Unknown,Unknown,Unknown EMS Scene Arrival Hour,Unknown EMS Scene Arrival Minutes,Unknown,Unknown EMS Hospital Arrival Time,1,Daylight,Clear,1,9,['Driver'],['Shoulder_Lapbelt'],0,0,Valid,0.0,1.0,56.0,27.0,"['Male', 'Female', 'Male']",1,0,3,4,5,Dry,Straight,Level,Lowest,No
29188,45,South Carolina,450523,0,1,1,0,1,NOT APPLICABLE,July,16,Sunday,19,35,Urban,Medium Speed (Collector),No,33.03442222,-80.09048056,Non-Intersection,Daylight,Clear,Unknown,Unknown if Notified,Unknown EMS Scene Arrival Hour,Unknown if Arrived,Not Applicable (Not Transported),Not Applicable (Not Transported),1,Daylight,Clear,1,0,['Driver'],['None_Used'],1,1,Valid,0.0,0.0,46.0,46.0,['Male'],1,0,5,4,2,Dry,Curve,Level,Lowest,No
29189,45,South Carolina,450524,0,2,2,0,5,NOT APPLICABLE,July,16,Sunday,22,42,Urban,Medium Speed (Collector),No,34.87296111,-82.43815833,Simple Junction,Daylight,Clear,Unknown,Unknown,Unknown EMS Scene Arrival Hour,Unknown EMS Scene Arrival Minutes,Unknown,Unknown EMS Hospital Arrival Time,1,Daylight,Clear,1,4,['Rear_Seat'],['Shoulder_Lapbelt'],1,1,Valid,0.0,0.0,44.0,17.0,"['Male', 'Male']",0,0,3,4,5,Dry,Straight,Level,Lowest,No
29190,45,South Carolina,450525,1,1,1,0,2,NOT APPLICABLE,July,16,Sunday,22,30,Urban,High Speed (Arterial),Yes,35.08728889,-81.85658056,Non-Intersection,Dark - Unknown Lighting,Clear,Unknown,Unknown if Notified,Unknown EMS Scene Arrival Hour,Unknown if Arrived,Not Applicable (Not Transported),Not Applicable (Not Transported),1,Dark - Unlighted,Clear,0,2,[],[],0,0,Valid,1.0,0.0,37.0,37.0,['Female'],0,0,3,4,4,Dry,Straight,Level,Lowest,No
29191,45,South Carolina,450526,1,1,1,0,1,GREENWOOD,July,16,Sunday,7,17,Urban,High Speed (Arterial),No,34.15867222,-82.14036389,Complex/Circle,Daylight,Clear,Unknown,Unknown if Notified,Unknown EMS Scene Arrival Hour,Unknown if Arrived,Not Applicable (Not Transported),Not Applicable (Not Transported),1,Daylight,Clear,0,1,[],[],0,0,Valid,0.0,0.0,63.0,63.0,['Male'],1,0,3,3,4,Dry,Straight,Level,Lowest,No
29192,45,South Carolina,450527,0,2,2,0,2,NOT APPLICABLE,July,16,Sunday,16,5,Rural,Medium Speed (Collector),No,33.71353611,-81.41226944,Non-Intersection,Daylight,Clear,Unknown,Unknown,Unknown EMS Scene Arrival Hour,Unknown EMS Scene Arrival Minutes,Unknown,Unknown EMS Hospital Arrival Time,1,Daylight,Clear,1,1,['Driver'],['None_Used'],1,1,Valid,1.0,0.0,72.0,65.0,"['Male', 'Female']",1,0,5,4,5,Dry,Curve,Level,Lowest,No
29193,45,South Carolina,450528,0,2,2,0,5,NOT APPLICABLE,July,16,Sunday,7,25,Rural,Medium Speed (Collector),No,32.69633889,-80.34871944,Non-Intersection,Daylight,Clear,Unknown,Unknown,Unknown EMS Scene Arrival Hour,Unknown EMS Scene Arrival Minutes,Unknown,Unknown EMS Hospital Arrival Time,1,Daylight,Clear,1,4,['Driver'],['None_Used'],1,1,Valid,0.0,1.0,60.0,17.0,"['Female', 'Female']",0,0,2,4,5,Dry,Straight,Grade/Hillcrest,Medium,No
29194,45,South Carolina,450529,0,1,1,0,3,NOT APPLICABLE,July,17,Monday,3,4,Urban,Medium Speed (Collector),No,34.08302778,-80.8893,Non-Intersection,Dark - Not Lighted,Clear,Unknown,Unknown,Unknown EMS Scene Arrival Hour,Unknown EMS Scene Arrival Minutes,Unknown,Unknown EMS Hospital Arrival Time,2,Dark - Unlighted,Clear,2,1,"['Rear_Seat', 'Front_Passenger']","['Shoulder_Lapbelt', 'None_Used']",0,0,Valid,0.0,0.0,18.0,18.0,['Male'],3,0,3,4,3,Dry,Straight,Level,Lowest,No
29195,45,South Carolina,450530,1,1,1,0,1,NOT APPLICABLE,July,18,Tuesday,20,55,Rural,Low Speed (Local),No,33.49552778,-79.509075,Non-Intersection,Dark - Not Lighted,Clear,Unknown,Unknown,Unknown EMS Scene Arrival Hour,Unknown EMS Scene Arrival Minutes,Unknown,Unknown EMS Hospital Arrival Time,1,Dark - Unlighted,Clear,0,1,[],[],0,0,Valid,1.0,0.0,59.0,59.0,['Male'],0,0,3,3,4,Dry,Straight,Level,Lowest,No
29196,45,South Carolina,450531,0,1,1,0,2,NOT APPLICABLE,July,18,Tuesday,18,30,Rural,High Speed (Arterial),Yes,35.1661,-82.47063056,Non-Intersection,Daylight,Rain,Unknown,Unknown,Unknown EMS Scene Arrival Hour,Unknown EMS Scene Arrival Minutes,Unknown,Unknown EMS Hospital Arrival Time,1,Daylight,Rain/Wind/Minor,1,1,['Rear_Seat'],['None_Used'],0,0,Valid,1.0,0.0,31.0,31.0,['Male'],2,0,3,4,2,Wet/Standing Water,Straight,Grade/Hillcrest,Lowest,No
29197,45,South Carolina,450532,1,1,1,0,1,NOT APPLICABLE,July,18,Tuesday,5,34,Urban,High Speed (Arterial),Yes,33.91579444,-80.287475,Non-Intersection,Dawn,"Fog, Smog, Smoke",Unknown,Unknown,Unknown EMS Scene Arrival Hour,Unknown EMS Scene Arrival Minutes,Unknown,Unknown EMS Hospital Arrival Time,1,Twilight,Reduced Visibility,0,1,[],[],0,0,Valid,1.0,0.0,50.0,50.0,['Male'],0,0,3,3,4,Dry,Straight,Level,Lowest,No
29198,45,South Carolina,450534,0,2,2,0,2,NORTH MYRTLE BEACH,July,19,Wednesday,21,6,Rural,Medium Speed (Collector),No,33.8494,-78.63748056,Non-Intersection,Dark - Not Lighted,Clear,Unknown,Unknown,Unknown EMS Scene Arrival Hour,Unknown EMS Scene Arrival Minutes,Unknown,Unknown EMS Hospital Arrival Time,1,Dark - Unlighted,Clear,1,1,['Driver'],['None_Used'],0,0,Valid,1.0,1.0,67.0,45.0,"['Male', 'Male']",1,0,5,4,5,Dry,Straight,Level,Lowest,No
29199,45,South Carolina,450535,0,1,1,0,1,NOT APPLICABLE,July,20,Thursday,12,29,Rural,Medium Speed (Collector),No,34.71013611,-80.62321111,Non-Intersection,Daylight,Clear,Unknown,Unknown,Unknown EMS Scene Arrival Hour,Unknown EMS Scene Arrival Minutes,Unknown,Unknown EMS Hospital Arrival Time,1,Daylight,Clear,1,0,['Driver'],['None_Used'],1,1,Invalid,0.0,0.0,48.0,48.0,['Male'],0,0,3,4,3,Dry,Straight,Level,Lowest,No
29200,45,South Carolina,450536,1,1,1,0,1,NORTH AUGUSTA,July,21,Friday,20,45,Urban,Medium Speed (Collector),No,33.49121111,-81.95042778,Non-Intersection,Dark - Not Lighted,Clear,Unknown,Unknown if Notified,Unknown EMS Scene Arrival Hour,Unknown if Arrived,Not Applicable (Not Transported),Not Applicable (Not Transported),1,Dark - Unlighted,Clear,0,1,[],[],0,0,Valid,0.0,0.0,59.0,59.0,['Male'],0,0,2,3,4,Dry,Straight,Level,Lowest,No
29201,45,South Carolina,450537,0,2,2,0,7,NOT APPLICABLE,July,14,Friday,21,30,Urban,Medium Speed (Collector),No,32.23089722,-80.90878889,Non-Intersection,Dark - Not Lighted,Clear,Unknown,Unknown,Unknown EMS Scene Arrival Hour,Unknown EMS Scene Arrival Minutes,Unknown,Unknown EMS Hospital Arrival Time,1,Dark - Unlighted,Clear,1,6,['Front_Passenger'],['Shoulder_Lapbelt'],1,1,Valid,0.0,0.0,60.0,21.0,"['Female', 'Male']",0,0,3,4,5,Dry,Straight,Level,Lowest,No