,State_Code,State_Name,Crash_ID,Count_Non_Motorists,Count_Vehicles_Total,Count_Vehicle_Forms,Count_PVH_Involved,Count_Occupants_MV,City_Name,Month_Name,Day_of_Month,Day_of_Week,Crash_Hour,Crash_Minute,Area_Rural_Urban,Road_Functional_Class,On_NHS_Road,Latitude,Longitude,Intersection_Type,Light_Condition,Weather_Condition,Notif_Hour,Notif_Minute,Arrival_Hour,Arrival_Minute,Hospital_Hour,Hospital_Minute,Fatalities_Count,Clean_Light_Condition,Clean_Weather_Condition,Total_Killed,Total_Alive,Fatal_Seats_List,Killed_Restraint_List,Any_Driver_Drinking,Total_Drinking_Drivers,Driver_License_Category,Driver_Max_Prev_Accident_Count,Driver_Max_Prev_Speeding_Count,Max_Driver_Age,Min_Driver_Age,Driver_Sex_List,Total_Exceeding_Limit_Vehicles,Total_Too_Fast_Vehicles,Max_Vehicle_Type_Severity_5,Max_Vehicle_Damage_Rank,Max_Harmful_Event_Severity,Crash_Road_Surface_Condition,Crash_Horizontal_Alignment,Crash_Vertical_Profile,Crash_Impairment_Category,Crash_Vehicle_Defect
29202,45,South Carolina,450538,0,1,1,0,4,NOT APPLICABLE,July,23,Sunday,6,30,Urban,Medium Speed (Collector),No,33.90986111,-78.64903889,Non-Intersection,Dawn,"Fog, Smog, Smoke",Unknown,Unknown,Unknown EMS Scene Arrival Hour,Unknown EMS Scene Arrival Minutes,Unknown,Unknown EMS Hospital Arrival Time,1,Twilight,Reduced Visibility,1,3,['Driver'],['None_Used'],1,1,Valid,0.0,0.0,19.0,19.0,['Female'],4,0,2,4,3,Dry,Curve,Level,Lowest,No
29203,45,South Carolina,450539,0,2,2,0,2,NOT APPLICABLE,July,23,Sunday,17,57,Rural,Medium Speed (Collector),No,33.77502778,-81.77525278,Complex/Circle,Daylight,Clear,Unknown,Unknown,Unknown EMS Scene Arrival Hour,Unknown EMS Scene Arrival Minutes,Unknown,Unknown EMS Hospital Arrival Time,1,Daylight,Clear,1,1,['Driver'],['None_Used'],0,0,Valid,1.0,2.0,24.0,24.0,"['Male', 'Male']",1,0,3,4,5,Dry,Straight,Level,Lowest,No
29204,45,South Carolina,450540,0,1,1,0,3,NOT APPLICABLE,July,23,Sunday,5,15,Rural,High Speed (Arterial),Yes,33.70036389,-79.10903889,Non-Intersection,Dark - Not Lighted,Clear,Unknown,Unknown,Unknown EMS Scene Arrival Hour,Unknown EMS Scene Arrival Minutes,Unknown,Unknown EMS Hospital Arrival Time,1,Dark - Unlighted,Clear,1,2,['Driver'],['None_Used'],1,1,Valid,0.0,0.0,25.0,25.0,['Female'],3,0,3,4,3,Dry,Straight,Level,Lowest,No
29205,45,South Carolina,450541,0,1,1,0,1,NOT APPLICABLE,July,24,Monday,0,0,Rural,Low Speed (Local),No,33.61373889,-80.31206389,Non-Intersection,Dark - Unknown Lighting,Clear,Unknown,Unknown if Notified,Unknown EMS Scene Arrival Hour,Unknown if Arrived,Not Applicable (Not Transported),Not Applicable (Not Transported),1,Dark - Unlighted,Clear,1,0,['Driver'],['None_Used'],0,0,Valid,1.0,1.0,42.0,42.0,['Male'],0,0,2,4,3,Dry,Curve,Level,Lowest,No
29206,45,South Carolina,450542,0,1,1,0,2,NOT APPLICABLE,July,24,Monday,7,37,Urban,High Speed (Arterial),Yes,33.96742222,-80.95330833,Non-Intersection,Daylight,Clear,Unknown,Unknown,Unknown EMS Scene Arrival Hour,Unknown EMS Scene Arrival Minutes,Unknown,Unknown EMS Hospital Arrival Time,1,Daylight,Clear,1,1,['Front_Passenger'],['Shoulder_Lapbelt'],0,0,Valid,1.0,1.0,20.0,20.0,['Male'],0,0,3,4,3,Dry,Straight,Level,Lowest,No
29207,45,South Carolina,450543,0,2,2,0,3,NOT APPLICABLE,July,24,Monday,18,40,Rural,Medium Speed (Collector),No,35.07888056,-82.20530278,Complex/Circle,Daylight,Clear,Unknown,Unknown,Unknown EMS Scene Arrival Hour,Unknown EMS Scene Arrival Minutes,Unknown,Unknown EMS Hospital Arrival Time,1,Daylight,Clear,1,2,['Front_Passenger'],['None_Used'],0,0,Valid,0.0,3.0,36.0,35.0,"['Male', 'Male']",0,0,3,4,5,Dry,Straight,Level,Lowest,No
29208,45,South Carolina,450544,0,2,2,0,2,NOT APPLICABLE,July,25,Tuesday,19,16,Urban,High Speed (Arterial),No,32.97066111,-80.01181111,Complex/Circle,Daylight,Clear,Unknown,Unknown,Unknown EMS Scene Arrival Hour,Unknown EMS Scene Arrival Minutes,Unknown,Unknown EMS Hospital Arrival Time,1,Daylight,Clear,1,1,['Driver'],['None_Used'],0,0,Valid,0.0,1.0,21.0,20.0,"['Male', 'Male']",0,0,5,4,5,Wet/Standing Water,Straight,Level,Lowest,No
29209,45,South Carolina,450545,0,1,1,0,2,NOT APPLICABLE,July,25,Tuesday,2,0,Rural,High Speed (Arterial),Yes,33.72691944,-80.9296,Non-Intersection,Dark - Not Lighted,Clear,Unknown,Unknown,Unknown EMS Scene Arrival Hour,Unknown EMS Scene Arrival Minutes,Unknown,Unknown EMS Hospital Arrival Time,1,Dark - Unlighted,Clear,1,1,['Driver'],['None_Used'],1,1,Valid,0.0,0.0,27.0,27.0,['Male'],2,0,2,4,3,Dry,Straight,Grade/Hillcrest,Lowest,No
29210,45,South Carolina,450546,0,2,2,0,2,NOT APPLICABLE,July,26,Wednesday,12,13,Rural,Medium Speed (Collector),No,34.471175,-80.50910833,Complex/Circle,Daylight,Clear,Unknown,Unknown,Unknown EMS Scene Arrival Hour,Unknown EMS Scene Arrival Minutes,Unknown,Unknown EMS Hospital Arrival Time,1,Daylight,Clear,1,1,['Driver'],['Shoulder_Lapbelt'],0,0,Valid,2.0,1.0,41.0,23.0,"['Male', 'Male']",0,0,4,4,5,Dry,Straight,Grade/Hillcrest,Lowest,No
29211,45,South Carolina,450547,0,2,2,0,2,NOT APPLICABLE,July,26,Wednesday,17,40,Urban,Medium Speed (Collector),No,34.26181111,-81.61070556,Complex/Circle,Daylight,Clear,Unknown,Unknown,Unknown EMS Scene Arrival Hour,Unknown EMS Scene Arrival Minutes,Unknown,Unknown EMS Hospital Arrival Time,1,Daylight,Clear,1,1,['Driver'],['None_Used'],0,0,Valid,0.0,0.0,48.0,32.0,"['Male', 'Male']",0,0,4,4,5,Dry,Straight,Level,Lowest,No
29212,45,South Carolina,450548,0,2,2,0,3,NOT APPLICABLE,July,27,Thursday,17,23,Rural,High Speed (Arterial),No,34.81306111,-81.60648333,Simple Junction,Daylight,Clear,Unknown,Unknown,Unknown EMS Scene Arrival Hour,Unknown EMS Scene Arrival Minutes,Unknown,Unknown EMS Hospital Arrival Time,1,Daylight,Clear,1,2,['Driver'],['Shoulder_Lapbelt'],0,0,Valid,0.0,1.0,61.0,18.0,"['Male', 'Male']",0,0,3,4,5,Dry,Straight,Level,Lowest,No
29213,45,South Carolina,450549,0,1,1,0,1,NOT APPLICABLE,July,27,Thursday,19,32,Rural,High Speed (Arterial),No,33.6407,-81.73678889,Complex/Circle,Daylight,Clear,Unknown,Unknown,Unknown EMS Scene Arrival Hour,Unknown EMS Scene Arrival Minutes,Unknown,Unknown EMS Hospital Arrival Time,1,Daylight,Clear,1,0,['Driver'],['None_Used'],0,0,Valid,3.0,0.0,60.0,60.0,['Male'],1,0,4,4,3,Dry,Straight,Level,Lowest,No
29214,45,South Carolina,450550,1,1,1,0,1,NOT APPLICABLE,July,28,Friday,3,37,Urban,High Speed (Arterial),Yes,34.78412778,-82.40509444,Non-Intersection,Dark - Not Lighted,Clear,Unknown,Unknown if Notified,Unknown EMS Scene Arrival Hour,Unknown if Arrived,Not Applicable (Not Transported),Not Applicable (Not Transported),1,Dark - Unlighted,Clear,0,1,[],[],0,0,Valid,1.0,2.0,26.0,26.0,['Male'],0,0,2,3,4,Dry,Straight,Level,Lowest,No
29215,45,South Carolina,450551,0,1,1,0,2,NOT APPLICABLE,July,28,Friday,3,39,Urban,High Speed (Arterial),Yes,34.47880278,-82.59800278,Non-Intersection,Dark - Not Lighted,Clear,Unknown,Unknown,Unknown EMS Scene Arrival Hour,Unknown EMS Scene Arrival Minutes,Unknown,Unknown EMS Hospital Arrival Time,2,Dark - Unlighted,Clear,2,0,"['Driver', 'Front_Passenger']","['None_Used', 'Shoulder_Lapbelt']",1,1,Invalid,2.0,1.0,27.0,27.0,['Male'],2,0,2,4,3,Dry,Straight,Level,Lowest,No
29216,45,South Carolina,450552,1,1,1,0,1,NOT APPLICABLE,July,28,Friday,9,50,Rural,Medium Speed (Collector),No,33.09782778,-81.03121389,Non-Intersection,Daylight,Cloudy,Unknown,Unknown if Notified,Unknown EMS Scene Arrival Hour,Unknown if Arrived,Not Applicable (Not Transported),Not Applicable (Not Transported),1,Daylight,Reduced Visibility,0,1,[],[],0,0,Valid,0.0,0.0,50.0,50.0,['Male'],0,0,3,4,4,Wet/Standing Water,Straight,Level,Lowest,No
29217,45,South Carolina,450553,0,2,2,0,2,NOT APPLICABLE,July,28,Friday,20,12,Rural,High Speed (Arterial),Yes,32.92705278,-80.3966,Non-Intersection,Daylight,Rain,Unknown,Unknown if Notified,Unknown EMS Scene Arrival Hour,Unknown if Arrived,Not Applicable (Not Transported),Not Applicable (Not Transported),1,Daylight,Rain/Wind/Minor,1,1,['Driver'],['None_Used'],1,1,Valid,1.0,1.0,71.0,34.0,"['Male', 'Male']",0,0,5,4,5,Wet/Standing Water,Straight,Level,Lowest,No
29218,45,South Carolina,450554,1,1,1,0,1,NOT APPLICABLE,July,28,Friday,23,55,Urban,High Speed (Arterial),Yes,33.71403889,-78.92160556,Non-Intersection,Dark - Not Lighted,Clear,Unknown,Unknown if Notified,Unknown EMS Scene Arrival Hour,Unknown if Arrived,Not Applicable (Not Transported),Not Applicable (Not Transported),1,Dark - Unlighted,Clear,0,1,[],[],1,1,Valid,2.0,0.0,61.0,61.0,['Male'],0,0,3,2,4,Dry,Straight,Level,Lowest,No
29219,45,South Carolina,450555,2,1,1,0,1,NOT APPLICABLE,July,28,Friday,8,52,Urban,Medium Speed (Collector),No,35.05108056,-81.18764444,Non-Intersection,Daylight,Clear,Unknown,Unknown,Unknown EMS Scene Arrival Hour,Unknown EMS Scene Arrival Minutes,Unknown,Unknown EMS Hospital Arrival Time,1,Daylight,Clear,0,1,[],[],0,0,Valid,0.0,0.0,84.0,84.0,['Female'],1,0,3,3,4,Dry,Straight,Level,Lowest,No
29220,45,South Carolina,450556,1,1,1,0,1,NOT APPLICABLE,July,29,Saturday,21,25,Urban,Medium Speed (Collector),No,34.25440833,-79.7785,Non-Intersection,Dark - Not Lighted,Cloudy,Unknown,Unknown,Unknown EMS Scene Arrival Hour,Unknown EMS Scene Arrival Minutes,Unknown,Unknown EMS Hospital Arrival Time,1,Dark - Unlighted,Reduced Visibility,0,1,[],[],0,0,Valid,1.0,0.0,44.0,44.0,['Male'],0,0,3,3,4,Wet/Standing Water,Straight,Level,Lowest,No
29221,45,South Carolina,450557,0,1,1,0,1,NOT APPLICABLE,July,28,Friday,23,50,Rural,Low Speed (Local),No,34.92285278,-80.90975833,Non-Intersection,Dark - Unknown Lighting,Clear,Unknown,Unknown if Notified,Unknown EMS Scene Arrival Hour,Unknown if Arrived,Not Applicable (Not Transported),Not Applicable (Not Transported),1,Dark - Unlighted,Clear,1,0,['Driver'],['None_Used'],0,0,Valid,1.0,1.0,28.0,28.0,['Male'],1,0,5,4,3,Dry,Straight,Level,Lowest,No
29222,45,South Carolina,450558,0,1,1,0,4,NOT APPLICABLE,July,30,Sunday,11,0,Rural,Medium Speed (Collector),No,32.91293611,-80.52770556,Non-Intersection,Daylight,Clear,Unknown,Unknown,Unknown EMS Scene Arrival Hour,Unknown EMS Scene Arrival Minutes,Unknown,Unknown EMS Hospital Arrival Time,1,Daylight,Clear,1,3,['Rear_Seat'],['Child_Safety'],0,0,Valid,0.0,0.0,32.0,32.0,['Male'],4,0,3,4,3,Dry,Curve,Level,Lowest,No
29223,45,South Carolina,450559,0,1,1,0,2,NOT APPLICABLE,May,29,Monday,18,24,Rural,Medium Speed (Collector),No,33.95672222,-78.79372778,Non-Intersection,Daylight,Clear,Unknown,Unknown,Unknown EMS Scene Arrival Hour,Unknown EMS Scene Arrival Minutes,Unknown,Unknown EMS Hospital Arrival Time,1,Daylight,Clear,1,1,['Front_Passenger'],['None_Used'],0,0,Invalid,0.0,0.0,37.0,37.0,['Male'],2,0,2,4,3,Dry,Straight,Level,Lowest,No
29224,45,South Carolina,450560,1,1,1,0,1,NOT APPLICABLE,May,27,Saturday,22,22,Urban,High Speed (Arterial),Yes,33.77376111,-78.79655,Simple Junction,Dark - Unknown Lighting,Cloudy,Unknown,Unknown if Notified,Unknown EMS Scene Arrival Hour,Unknown if Arrived,Not Applicable (Not Transported),Not Applicable (Not Transported),1,Dark - Unlighted,Reduced Visibility,0,1,[],[],0,0,Valid,0.0,3.0,47.0,47.0,['Male'],0,0,3,3,4,Wet/Standing Water,Straight,Level,Lowest,No
29225,45,South Carolina,450561,0,1,1,0,1,SPARTANBURG,July,31,Monday,16,47,Urban,High Speed (Arterial),Yes,34.899,-81.99208889,Non-Intersection,Daylight,Clear,Unknown,Unknown if Notified,Unknown EMS Scene Arrival Hour,Unknown if Arrived,Not Applicable (Not Transported),Not Applicable (Not Transported),1,Daylight,Clear,1,0,['Driver'],['Shoulder_Lapbelt'],0,0,Valid,0.0,0.0,52.0,52.0,['Male'],0,0,4,4,3,Dry,Straight,Level,Lowest,Yes
29226,45,South Carolina,450562,0,2,2,0,2,NOT APPLICABLE,July,31,Monday,7,24,Urban,Low Speed (Local),No,34.16308056,-80.87681389,Complex/Circle,Daylight,Clear,Unknown,Unknown,Unknown EMS Scene Arrival Hour,Unknown EMS Scene Arrival Minutes,Unknown,Unknown EMS Hospital Arrival Time,1,Daylight,Clear,1,1,['Driver'],['None_Used'],0,0,Valid,2.0,2.0,73.0,32.0,"['Male', 'Male']",0,0,5,4,5,Dry,Straight,Level,Lowest,No
29227,45,South Carolina,450563,0,2,2,0,2,NOT APPLICABLE,July,31,Monday,7,0,Urban,Medium Speed (Collector),No,34.80700278,-82.6619,Non-Intersection,Daylight,Clear,Unknown,Unknown if Notified,Unknown EMS Scene Arrival Hour,Unknown if Arrived,Not Applicable (Not Transported),Not Applicable (Not Transported),1,Daylight,Clear,1,1,['Driver'],['None_Used'],0,0,Valid,1.0,0.0,57.0,31.0,"['Male', 'Female']",1,0,5,4,5,Dry,Straight,Grade/Hillcrest,Lowest,No
29228,45,South Carolina,450564,0,2,2,0,3,NOT APPLICABLE,August,1,Tuesday,20,50,Urban,Medium Speed (Collector),No,32.99448889,-80.09776944,Non-Intersection,Dark - Not Lighted,Clear,Unknown,Unknown,Unknown EMS Scene Arrival Hour,Unknown EMS Scene Arrival Minutes,Unknown,Unknown EMS Hospital Arrival Time,1,Dark - Unlighted,Clear,1,2,['Driver'],['None_Used'],0,0,Valid,1.0,0.0,48.0,41.0,"['Male', 'Male']",1,0,5,4,5,Dry,Straight,Level,Lowest,No
29229,45,South Carolina,450565,0,1,1,0,1,NOT APPLICABLE,August,1,Tuesday,20,5,Urban,High Speed (Arterial),Yes,34.727425,-82.38887222,Non-Intersection,Dusk,Clear,Unknown,Unknown,Unknown EMS Scene Arrival Hour,Unknown EMS Scene Arrival Minutes,Unknown,Unknown EMS Hospital Arrival Time,1,Twilight,Clear,1,0,['Driver'],['None_Used'],0,0,Invalid,0.0,0.0,33.0,33.0,['Male'],0,0,2,4,3,Dry,Straight,Level,Lowest,No
29230,45,South Carolina,450566,0,1,1,0,1,NOT APPLICABLE,August,1,Tuesday,23,44,Rural,Low Speed (Local),No,33.409225,-81.43660556,Non-Intersection,Dark - Not Lighted,Clear,Unknown,Unknown if Notified,Unknown EMS Scene Arrival Hour,Unknown if Arrived,Not Applicable (Not Transported),Not Applicable (Not Transported),1,Dark - Unlighted,Clear,1,0,['Driver'],['None_Used'],1,1,Valid,0.0,0.0,37.0,37.0,['Male'],1,0,2,4,3,Dry,Curve,Level,Lowest,No
29231,45,South Carolina,450567,0,3,3,0,3,NOT APPLICABLE,August,1,Tuesday,7,9,Rural,High Speed (Arterial),Yes,33.23159444,-79.95207222,Non-Intersection,Daylight,Clear,Unknown,Unknown,Unknown EMS Scene Arrival Hour,Unknown EMS Scene Arrival Minutes,Unknown,Unknown EMS Hospital Arrival Time,1,Daylight,Clear,1,2,['Driver'],['None_Used'],0,0,Valid,2.0,0.0,61.0,32.0,"['Female', 'Male', 'Male']",0,0,4,4,5,Dry,Straight,Level,Lowest,No
29232,45,South Carolina,450568,0,1,1,0,4,NOT APPLICABLE,August,4,Friday,19,47,Urban,Medium Speed (Collector),No,34.96596667,-82.00091389,Non-Intersection,Dark - Not Lighted,Clear,Unknown,Unknown,Unknown EMS Scene Arrival Hour,Unknown EMS Scene Arrival Minutes,Unknown,Unknown EMS Hospital Arrival Time,4,Dark - Unlighted,Clear,4,0,"['Driver', 'Rear_Seat', 'Rear_Seat', 'Front_Passenger']","['Shoulder_Lapbelt', 'Shoulder_Lapbelt', 'Shoulder_Lapbelt', 'Shoulder_Lapbelt']",1,1,Invalid,0.0,0.0,25.0,25.0,['Male'],4,0,3,4,2,Wet/Standing Water,Straight,Level,Lowest,No
29233,45,South Carolina,450569,0,1,1,0,1,NOT APPLICABLE,August,5,Saturday,1,30,Urban,Medium Speed (Collector),No,33.561975,-81.83422778,Non-Intersection,Dark - Not Lighted,Clear,Unknown,Unknown if Notified,Unknown EMS Scene Arrival Hour,Unknown if Arrived,Not Applicable (Not Transported),Not Applicable (Not Transported),1,Dark - Unlighted,Clear,1,0,['Driver'],['None_Used'],1,1,Invalid,2.0,1.0,36.0,36.0,['Male'],1,0,3,4,3,Dry,Curve,Grade/Hillcrest,Lowest,No
29234,45,South Carolina,450570,0,1,1,0,1,NOT APPLICABLE,August,5,Saturday,13,9,Urban,Medium Speed (Collector),No,33.56923056,-81.85435,Non-Intersection,Daylight,Clear,Unknown,Unknown if Notified,Unknown EMS Scene Arrival Hour,Unknown if Arrived,Not Applicable (Not Transported),Not Applicable (Not Transported),1,Daylight,Clear,1,0,['Driver'],['Shoulder_Lapbelt'],0,0,Invalid,1.0,0.0,49.0,49.0,['Male'],1,0,3,4,3,Dry,Straight,Grade/Hillcrest,Lowest,No
29235,45,South Carolina,450571,0,1,1,0,1,NOT APPLICABLE,August,20,Sunday,2,5,Rural,Medium Speed (Collector),No,34.49356667,-82.10748611,Non-Intersection,Dark - Unknown Lighting,Clear,Unknown,Unknown if Notified,Unknown EMS Scene Arrival Hour,Unknown if Arrived,Not Applicable (Not Transported),Not Applicable (Not Transported),1,Dark - Unlighted,Clear,1,0,['Driver'],['None_Used'],0,0,Valid,0.0,0.0,38.0,38.0,['Male'],1,0,5,4,3,Dry,Curve,Level,Lowest,No
29236,45,South Carolina,450572,0,1,1,0,1,NOT APPLICABLE,August,26,Saturday,20,49,Rural,High Speed (Arterial),Yes,34.52416111,-82.17989444,Non-Intersection,Dark - Not Lighted,Clear,Unknown,Unknown if Notified,Unknown EMS Scene Arrival Hour,Unknown if Arrived,Not Applicable (Not Transported),Not Applicable (Not Transported),1,Dark - Unlighted,Clear,1,0,['Driver'],['None_Used'],0,0,Valid,0.0,0.0,22.0,22.0,['Male'],1,0,3,4,3,Dry,Curve,Level,Lowest,No
29237,45,South Carolina,450573,0,2,2,0,4,NOT APPLICABLE,August,6,Sunday,1,35,Rural,High Speed (Arterial),Yes,34.59016111,-82.67196944,Non-Intersection,Dark - Not Lighted,Clear,Unknown,Unknown,Unknown EMS Scene Arrival Hour,Unknown EMS Scene Arrival Minutes,Unknown,Unknown EMS Hospital Arrival Time,2,Dark - Unlighted,Clear,2,2,"['Driver', 'Non_Standard_Risk']","['Shoulder_Lapbelt', 'None_Used']",0,0,Valid,0.0,0.0,55.0,46.0,"['Male', 'Female']",0,0,4,4,5,Dry,Straight,Level,Lowest,No
29238,45,South Carolina,450574,0,1,1,0,1,NOT APPLICABLE,August,6,Sunday,6,0,Rural,Medium Speed (Collector),No,35.09236389,-81.35607222,Non-Intersection,Dark - Not Lighted,Clear,Unknown,Unknown if Notified,Unknown EMS Scene Arrival Hour,Unknown if Arrived,Not Applicable (Not Transported),Not Applicable (Not Transported),1,Dark - Unlighted,Clear,1,0,['Driver'],['None_Used'],0,0,Valid,1.0,0.0,22.0,22.0,['Male'],1,0,2,4,3,Dry,Curve,Level,Lowest,No
29239,45,South Carolina,450575,0,1,1,0,2,NOT APPLICABLE,August,6,Sunday,7,19,Urban,Medium Speed (Collector),No,34.90296111,-82.03409444,Non-Intersection,Daylight,Clear,Unknown,Unknown,Unknown EMS Scene Arrival Hour,Unknown EMS Scene Arrival Minutes,Unknown,Unknown EMS Hospital Arrival Time,1,Daylight,Clear,1,1,['Driver'],['None_Used'],0,0,Valid,0.0,0.0,38.0,38.0,['Female'],2,0,2,4,3,Dry,Straight,Level,Lowest,No
29240,45,South Carolina,450576,0,2,2,0,2,NOT APPLICABLE,August,7,Monday,11,25,Rural,Medium Speed (Collector),No,35.08408056,-82.07819444,Complex/Circle,Daylight,Clear,Unknown,Unknown,Unknown EMS Scene Arrival Hour,Unknown EMS Scene Arrival Minutes,Unknown,Unknown EMS Hospital Arrival Time,1,Daylight,Clear,1,1,['Driver'],['Shoulder_Lapbelt'],0,0,Valid,0.0,0.0,67.0,46.0,"['Female', 'Female']",0,0,3,4,5,Dry,Straight,Level,Lowest,No
29241,45,South Carolina,450577,0,1,1,0,1,NOT APPLICABLE,August,7,Monday,16,45,Urban,High Speed (Arterial),Yes,34.20051111,-80.98568889,Non-Intersection,Daylight,Clear,Unknown,Unknown if Notified,Unknown EMS Scene Arrival Hour,Unknown if Arrived,Not Applicable (Not Transported),Not Applicable (Not Transported),1,Daylight,Clear,1,0,['Driver'],['Shoulder_Lapbelt'],0,0,Valid,0.0,0.0,43.0,43.0,['Female'],1,0,2,4,3,Dry,Straight,Level,Lowest,No
29242,45,South Carolina,450578,0,1,1,0,1,NOT APPLICABLE,August,7,Monday,21,16,Rural,Low Speed (Local),No,32.97868056,-79.76733056,Non-Intersection,Dark - Not Lighted,Rain,Unknown,Unknown,Unknown EMS Scene Arrival Hour,Unknown EMS Scene Arrival Minutes,Unknown,Unknown EMS Hospital Arrival Time,1,Dark - Unlighted,Rain/Wind/Minor,1,0,['Driver'],['None_Used'],0,0,Valid,1.0,0.0,69.0,69.0,['Male'],0,0,2,4,3,Wet/Standing Water,Curve,Level,Lowest,No
29243,45,South Carolina,450579,0,1,1,0,1,CONWAY,August,8,Tuesday,14,10,Rural,Medium Speed (Collector),No,33.85958056,-79.03586111,Non-Intersection,Daylight,Clear,Unknown,Unknown if Notified,Unknown EMS Scene Arrival Hour,Unknown if Arrived,Not Applicable (Not Transported),Not Applicable (Not Transported),1,Daylight,Clear,1,0,['Driver'],['Shoulder_Lapbelt'],0,0,Valid,2.0,0.0,71.0,71.0,['Male'],0,0,3,4,3,Dry,Straight,Level,Lowest,No
29244,45,South Carolina,450580,1,1,1,0,1,NOT APPLICABLE,August,8,Tuesday,5,10,Urban,High Speed (Arterial),Yes,33.75747778,-78.96709722,Non-Intersection,Dark - Not Lighted,Clear,Unknown,Unknown if Notified,Unknown EMS Scene Arrival Hour,Unknown if Arrived,Not Applicable (Not Transported),Not Applicable (Not Transported),1,Dark - Unlighted,Clear,0,1,[],[],0,0,Valid,0.0,0.0,45.0,45.0,['Male'],0,0,3,4,4,Dry,Straight,Level,Lowest,No
29245,45,South Carolina,450581,0,2,2,0,2,NOT APPLICABLE,August,8,Tuesday,18,49,Rural,Medium Speed (Collector),No,34.62723611,-82.09770556,Non-Intersection,Daylight,Clear,Unknown,Unknown if Notified,Unknown EMS Scene Arrival Hour,Unknown if Arrived,Not Applicable (Not Transported),Not Applicable (Not Transported),2,Daylight,Clear,2,0,"['Driver', 'Driver']","['None_Used', 'None_Used']",1,2,Valid,1.0,0.0,68.0,49.0,"['Male', 'Male']",0,0,3,4,5,Dry,Straight,Grade/Hillcrest,Lowest,No
29246,45,South Carolina,450582,0,2,2,0,2,GREER,June,23,Friday,19,45,Urban,Medium Speed (Collector),No,34.89643889,-82.16415,Simple Junction,Daylight,Clear,Unknown,Unknown if Notified,Unknown EMS Scene Arrival Hour,Unknown if Arrived,Not Applicable (Not Transported),Not Applicable (Not Transported),1,Daylight,Clear,1,1,['Driver'],['None_Used'],0,0,Valid,7.0,2.0,47.0,25.0,"['Male', 'Male']",1,0,5,4,5,Dry,Straight,Grade/Hillcrest,Lowest,No
29247,45,South Carolina,450583,1,1,1,0,1,EASLEY,July,28,Friday,8,0,Urban,High Speed (Arterial),Yes,34.82181944,-82.58646111,Non-Intersection,Daylight,Clear,Unknown,Unknown if Notified,Unknown EMS Scene Arrival Hour,Unknown if Arrived,Not Applicable (Not Transported),Not Applicable (Not Transported),1,Daylight,Clear,0,1,[],[],0,0,Valid,0.0,0.0,50.0,50.0,['Female'],0,0,2,4,4,Dry,Straight,Level,Lowest,No
29248,45,South Carolina,450584,0,2,2,0,4,NOT APPLICABLE,August,9,Wednesday,7,15,Urban,Medium Speed (Collector),No,34.52488611,-82.71539722,Non-Intersection,Daylight,Clear,Unknown,Unknown,Unknown EMS Scene Arrival Hour,Unknown EMS Scene Arrival Minutes,Unknown,Unknown EMS Hospital Arrival Time,1,Daylight,Clear,1,3,['Driver'],['Shoulder_Lapbelt'],0,0,Valid,0.0,0.0,61.0,56.0,"['Female', 'Male']",2,0,3,4,5,Dry,Straight,Level,Lowest,No
29249,45,South Carolina,450585,0,1,1,0,1,NOT APPLICABLE,August,9,Wednesday,11,12,Rural,Medium Speed (Collector),No,34.86641111,-81.88456389,Non-Intersection,Daylight,Clear,Unknown,Unknown if Notified,Unknown EMS Scene Arrival Hour,Unknown if Arrived,Not Applicable (Not Transported),Not Applicable (Not Transported),1,Daylight,Clear,1,0,['Driver'],['Shoulder_Lapbelt'],0,0,Valid,0.0,0.0,58.0,58.0,['Male'],0,0,3,4,3,Dry,Straight,Level,Medium,No
29250,45,South Carolina,450586,1,1,1,0,1,NOT APPLICABLE,August,9,Wednesday,6,18,Urban,High Speed (Arterial),Yes,34.82081111,-82.41641111,Non-Intersection,Dawn,Clear,Unknown,Unknown,Unknown EMS Scene Arrival Hour,Unknown EMS Scene Arrival Minutes,Unknown,Unknown EMS Hospital Arrival Time,1,Twilight,Clear,0,1,[],[],0,0,Valid,1.0,0.0,45.0,45.0,['Female'],0,0,2,4,4,Dry,Straight,Level,Lowest,No
29251,45,South Carolina,450587,0,2,2,0,2,NOT APPLICABLE,August,10,Thursday,9,20,Rural,Medium Speed (Collector),No,32.91183889,-80.98826389,Non-Intersection,Daylight,Clear,Unknown,Unknown,Unknown EMS Scene Arrival Hour,Unknown EMS Scene Arrival Minutes,Unknown,Unknown EMS Hospital Arrival Time,1,Daylight,Clear,1,1,['Driver'],['None_Used'],0,0,Valid,0.0,5.0,74.0,36.0,"['Male', 'Male']",0,0,3,4,5,Dry,Straight,Level,Lowest,No