,State_Code,State_Name,Crash_ID,Count_Non_Motorists,Count_Vehicles_Total,Count_Vehicle_Forms,Count_PVH_Involved,Count_Occupants_MV,City_Name,Month_Name,Day_of_Month,Day_of_Week,Crash_Hour,Crash_Minute,Area_Rural_Urban,Road_Functional_Class,On_NHS_Road,Latitude,Longitude,Intersection_Type,Light_Condition,Weather_Condition,Notif_Hour,Notif_Minute,Arrival_Hour,Arrival_Minute,Hospital_Hour,Hospital_Minute,Fatalities_Count,Clean_Light_Condition,Clean_Weather_Condition,Total_Killed,Total_Alive,Fatal_Seats_List,Killed_Restraint_List,Any_Driver_Drinking,Total_Drinking_Drivers,Driver_License_Category,Driver_Max_Prev_Accident_Count,Driver_Max_Prev_Speeding_Count,Max_Driver_Age,Min_Driver_Age,Driver_Sex_List,Total_Exceeding_Limit_Vehicles,Total_Too_Fast_Vehicles,Max_Vehicle_Type_Severity_5,Max_Vehicle_Damage_Rank,Max_Harmful_Event_Severity,Crash_Road_Surface_Condition,Crash_Horizontal_Alignment,Crash_Vertical_Profile,Crash_Impairment_Category,Crash_Vehicle_Defect
29252,45,South Carolina,450588,2,1,1,0,1,NOT APPLICABLE,August,10,Thursday,4,15,Rural,High Speed (Arterial),Yes,33.46334444,-80.50393889,Non-Intersection,Dark - Not Lighted,Clear,Unknown,Unknown,Unknown EMS Scene Arrival Hour,Unknown EMS Scene Arrival Minutes,Unknown,Unknown EMS Hospital Arrival Time,1,Dark - Unlighted,Clear,0,1,[],[],0,0,Valid,0.0,0.0,50.0,50.0,['Male'],0,0,2,4,4,Dry,Straight,Level,Lowest,No
29253,45,South Carolina,450589,0,2,2,0,2,NOT APPLICABLE,August,10,Thursday,10,47,Rural,High Speed (Arterial),Yes,33.93021111,-79.03576111,Non-Intersection,Daylight,Cloudy,Unknown,Unknown,Unknown EMS Scene Arrival Hour,Unknown EMS Scene Arrival Minutes,Unknown,Unknown EMS Hospital Arrival Time,1,Daylight,Reduced Visibility,1,1,['Driver'],['Shoulder_Lapbelt'],0,0,Valid,0.0,0.0,74.0,15.0,"['Male', 'Male']",1,0,3,4,5,Dry,Straight,Level,Lowest,No
29254,45,South Carolina,450590,0,1,1,0,1,NOT APPLICABLE,August,11,Friday,23,40,Rural,Medium Speed (Collector),No,32.67839444,-80.97921389,Non-Intersection,Dark - Not Lighted,Clear,Unknown,Unknown if Notified,Unknown EMS Scene Arrival Hour,Unknown if Arrived,Not Applicable (Not Transported),Not Applicable (Not Transported),1,Dark - Unlighted,Clear,1,0,['Driver'],['None_Used'],1,1,Invalid,2.0,1.0,25.0,25.0,['Male'],1,0,3,4,3,Dry,Straight,Level,Lowest,No
29255,45,South Carolina,450591,0,2,2,0,2,NOT APPLICABLE,August,12,Saturday,0,30,Rural,High Speed (Arterial),Yes,33.19308056,-80.39198056,Non-Intersection,Dark - Not Lighted,Clear,Unknown,Unknown if Notified,Unknown EMS Scene Arrival Hour,Unknown if Arrived,Not Applicable (Not Transported),Not Applicable (Not Transported),1,Dark - Unlighted,Clear,1,1,['Driver'],['Shoulder_Lapbelt'],0,0,Valid,2.0,0.0,50.0,28.0,"['Male', 'Male']",1,0,4,4,5,Dry,Straight,Level,Lowest,No
29256,45,South Carolina,450592,0,1,1,0,1,NOT APPLICABLE,August,12,Saturday,20,50,Rural,Medium Speed (Collector),No,33.42563889,-81.72759722,Non-Intersection,Dark - Not Lighted,Rain,Unknown,Unknown,Unknown EMS Scene Arrival Hour,Unknown EMS Scene Arrival Minutes,Unknown,Unknown EMS Hospital Arrival Time,1,Dark - Unlighted,Rain/Wind/Minor,1,0,['Driver'],['Shoulder_Lapbelt'],1,1,Invalid,0.0,0.0,61.0,61.0,['Male'],1,0,3,4,3,Wet/Standing Water,Straight,Level,Lowest,No
29257,45,South Carolina,450593,0,1,1,0,2,NOT APPLICABLE,August,12,Saturday,21,20,Rural,Medium Speed (Collector),No,34.34571944,-82.06101944,Complex/Circle,Dark - Not Lighted,Cloudy,Unknown,Unknown,Unknown EMS Scene Arrival Hour,Unknown EMS Scene Arrival Minutes,Unknown,Unknown EMS Hospital Arrival Time,1,Dark - Unlighted,Reduced Visibility,1,1,['Driver'],['None_Used'],1,1,Invalid,1.0,1.0,46.0,46.0,['Male'],0,0,2,4,3,Wet/Standing Water,Straight,Grade/Hillcrest,Lowest,No
29258,45,South Carolina,450594,0,1,1,0,1,NOT APPLICABLE,August,13,Sunday,1,30,Rural,Low Speed (Local),No,33.24761667,-79.41966111,Non-Intersection,Dark - Not Lighted,Clear,Unknown,Unknown if Notified,Unknown EMS Scene Arrival Hour,Unknown if Arrived,Not Applicable (Not Transported),Not Applicable (Not Transported),1,Dark - Unlighted,Clear,1,0,['Driver'],['None_Used'],0,0,Valid,0.0,2.0,58.0,58.0,['Male'],1,0,3,4,3,Dry,Straight,Level,Lowest,No
29259,45,South Carolina,450595,0,3,3,0,7,NOT APPLICABLE,August,13,Sunday,8,1,Rural,Medium Speed (Collector),No,34.61966111,-82.3957,Non-Intersection,Daylight,Clear,Unknown,Unknown,Unknown EMS Scene Arrival Hour,Unknown EMS Scene Arrival Minutes,Unknown,Unknown EMS Hospital Arrival Time,1,Daylight,Clear,1,6,['Driver'],['None_Used'],1,1,Valid,0.0,2.0,38.0,19.0,"['Male', 'Male', 'Male']",0,0,3,4,5,Dry,Straight,Level,Lowest,No
29260,45,South Carolina,450596,0,2,2,0,4,NOT APPLICABLE,August,13,Sunday,21,18,Rural,Medium Speed (Collector),No,33.81539722,-81.22230556,Non-Intersection,Dark - Not Lighted,Clear,Unknown,Unknown,Unknown EMS Scene Arrival Hour,Unknown EMS Scene Arrival Minutes,Unknown,Unknown EMS Hospital Arrival Time,1,Dark - Unlighted,Clear,1,3,['Rear_Seat'],['None_Used'],1,1,Invalid,0.0,0.0,64.0,25.0,"['Male', 'Male']",1,0,3,4,5,Dry,Straight,Level,Lowest,No
29261,45,South Carolina,450597,0,1,1,0,1,NORTH CHARLESTON,August,13,Sunday,0,38,Urban,High Speed (Arterial),No,32.87151944,-80.05643889,Non-Intersection,Dark - Lighted,Clear,Unknown,Unknown if Notified,Unknown EMS Scene Arrival Hour,Unknown if Arrived,Not Applicable (Not Transported),Not Applicable (Not Transported),1,Dark - Lighted,Clear,1,0,['Driver'],['None_Used'],1,1,Valid,0.0,0.0,22.0,22.0,['Male'],0,0,3,4,3,Dry,Straight,Level,Lowest,No
29262,45,South Carolina,450598,0,1,1,0,1,NOT APPLICABLE,August,14,Monday,17,20,Rural,Medium Speed (Collector),No,34.66576389,-79.50973611,Non-Intersection,Daylight,Rain,Unknown,Unknown,Unknown EMS Scene Arrival Hour,Unknown EMS Scene Arrival Minutes,Unknown,Unknown EMS Hospital Arrival Time,1,Daylight,Rain/Wind/Minor,1,0,['Driver'],['Shoulder_Lapbelt'],0,0,Valid,0.0,0.0,73.0,73.0,['Male'],0,0,4,4,3,Wet/Standing Water,Straight,Level,Lowest,No
29263,45,South Carolina,450599,0,2,2,0,2,NOT APPLICABLE,August,15,Tuesday,19,17,Urban,High Speed (Arterial),No,35.03785,-81.81375556,Simple Junction,Daylight,Clear,Unknown,Unknown,Unknown EMS Scene Arrival Hour,Unknown EMS Scene Arrival Minutes,Unknown,Unknown EMS Hospital Arrival Time,1,Daylight,Clear,1,1,['Driver'],['None_Used'],0,0,Valid,2.0,0.0,93.0,64.0,"['Male', 'Male']",0,0,5,4,5,Dry,Straight,Level,Lowest,No
29264,45,South Carolina,450600,0,1,1,0,1,WESTMINSTER,August,15,Tuesday,0,31,Rural,High Speed (Arterial),Yes,34.65805,-83.08448889,Non-Intersection,Dark - Lighted,Clear,Unknown,Unknown if Notified,Unknown EMS Scene Arrival Hour,Unknown if Arrived,Not Applicable (Not Transported),Not Applicable (Not Transported),1,Dark - Lighted,Clear,1,0,['Driver'],['None_Used'],0,0,Valid,0.0,0.0,20.0,20.0,['Male'],1,0,5,4,2,Dry,Curve,Grade/Hillcrest,Lowest,No
29265,45,South Carolina,450601,0,1,1,0,1,NOT APPLICABLE,August,16,Wednesday,20,0,Rural,High Speed (Arterial),No,34.22410556,-79.12347778,Simple Junction,Dark - Not Lighted,Rain,Unknown,Unknown if Notified,Unknown EMS Scene Arrival Hour,Unknown if Arrived,Not Applicable (Not Transported),Not Applicable (Not Transported),1,Dark - Unlighted,Rain/Wind/Minor,1,0,['Driver'],['Shoulder_Lapbelt'],1,1,Valid,0.0,1.0,56.0,56.0,['Male'],1,0,3,4,3,Wet/Standing Water,Curve,Level,Lowest,No
29266,45,South Carolina,450602,0,2,2,0,2,NOT APPLICABLE,August,16,Wednesday,13,50,Rural,High Speed (Arterial),Yes,34.59886944,-82.35410556,Non-Intersection,Daylight,Clear,Unknown,Unknown,Unknown EMS Scene Arrival Hour,Unknown EMS Scene Arrival Minutes,Unknown,Unknown EMS Hospital Arrival Time,1,Daylight,Clear,1,1,['Driver'],['None_Used'],1,1,Valid,0.0,1.0,28.0,18.0,"['Male', 'Male']",0,0,3,4,5,Dry,Straight,Level,Lowest,No
29267,45,South Carolina,450603,0,1,1,0,1,NOT APPLICABLE,August,16,Wednesday,23,15,Rural,High Speed (Arterial),Yes,34.70728611,-82.67674722,Non-Intersection,Dark - Not Lighted,Clear,Unknown,Unknown,Unknown EMS Scene Arrival Hour,Unknown EMS Scene Arrival Minutes,Unknown,Unknown EMS Hospital Arrival Time,1,Dark - Unlighted,Clear,1,0,['Driver'],['None_Used'],1,1,Valid,0.0,0.0,65.0,65.0,['Male'],0,0,5,4,2,Dry,Straight,Level,Lowest,No
29268,45,South Carolina,450604,0,1,1,0,1,NOT APPLICABLE,August,17,Thursday,18,0,Rural,Medium Speed (Collector),No,34.74700278,-82.65991389,Non-Intersection,Daylight,Clear,Unknown,Unknown if Notified,Unknown EMS Scene Arrival Hour,Unknown if Arrived,Not Applicable (Not Transported),Not Applicable (Not Transported),1,Daylight,Clear,1,0,['Driver'],['None_Used'],0,0,Invalid,3.0,0.0,25.0,25.0,['Male'],0,0,2,4,3,Dry,Curve,Level,Lowest,No
29269,45,South Carolina,450605,1,1,1,0,1,NOT APPLICABLE,August,17,Thursday,20,50,Rural,Medium Speed (Collector),No,33.46418056,-79.56926944,Non-Intersection,Dark - Not Lighted,Clear,Unknown,Unknown if Notified,Unknown EMS Scene Arrival Hour,Unknown if Arrived,Not Applicable (Not Transported),Not Applicable (Not Transported),1,Dark - Unlighted,Clear,0,1,[],[],0,0,Valid,1.0,0.0,57.0,57.0,['Male'],0,0,2,3,4,Dry,Straight,Level,Lowest,No
29270,45,South Carolina,450606,0,1,1,0,1,NOT APPLICABLE,August,18,Friday,14,42,Rural,High Speed (Arterial),Yes,34.07201111,-79.28486389,Non-Intersection,Daylight,Clear,Unknown,Unknown,Unknown EMS Scene Arrival Hour,Unknown EMS Scene Arrival Minutes,Unknown,Unknown EMS Hospital Arrival Time,1,Daylight,Clear,1,0,['Driver'],['Shoulder_Lapbelt'],0,0,Valid,0.0,0.0,48.0,48.0,['Male'],1,0,1,4,3,Dry,Straight,Level,Lowest,No
29271,45,South Carolina,450607,0,2,2,0,2,NOT APPLICABLE,August,18,Friday,14,52,Rural,Medium Speed (Collector),No,34.49901111,-82.92449167,Non-Intersection,Daylight,Clear,Unknown,Unknown,Unknown EMS Scene Arrival Hour,Unknown EMS Scene Arrival Minutes,Unknown,Unknown EMS Hospital Arrival Time,1,Daylight,Clear,1,1,['Driver'],['None_Used'],1,1,Valid,0.0,2.0,57.0,33.0,"['Male', 'Female']",0,0,3,4,5,Dry,Straight,Level,Lowest,No
29272,45,South Carolina,450608,0,1,1,0,1,NOT APPLICABLE,August,18,Friday,21,5,Rural,Medium Speed (Collector),No,33.48170556,-81.83819444,Non-Intersection,Dark - Not Lighted,Clear,Unknown,Unknown if Notified,Unknown EMS Scene Arrival Hour,Unknown if Arrived,Not Applicable (Not Transported),Not Applicable (Not Transported),1,Dark - Unlighted,Clear,1,0,['Driver'],['None_Used'],1,1,Valid,1.0,0.0,34.0,34.0,['Male'],0,0,3,4,3,Dry,Curve,Level,Lowest,No
29273,45,South Carolina,450609,0,1,1,0,1,NOT APPLICABLE,August,19,Saturday,18,30,Rural,Medium Speed (Collector),No,34.56762222,-82.17515278,Non-Intersection,Dark - Lighted,Clear,Unknown,Unknown if Notified,Unknown EMS Scene Arrival Hour,Unknown if Arrived,Not Applicable (Not Transported),Not Applicable (Not Transported),1,Dark - Lighted,Clear,1,0,['Driver'],['None_Used'],0,0,Invalid,1.0,0.0,20.0,20.0,['Male'],1,0,3,4,3,Dry,Curve,Level,Lowest,No
29274,45,South Carolina,450610,0,1,1,0,1,NOT APPLICABLE,August,19,Saturday,20,11,Rural,Low Speed (Local),No,34.40103889,-79.81331944,Non-Intersection,Dark - Not Lighted,Clear,Unknown,Unknown,Unknown EMS Scene Arrival Hour,Unknown EMS Scene Arrival Minutes,Unknown,Unknown EMS Hospital Arrival Time,1,Dark - Unlighted,Clear,1,0,['Driver'],['None_Used'],1,1,Invalid,0.0,0.0,14.0,14.0,['Male'],1,0,3,4,3,Dry,Straight,Level,Lowest,No
29275,45,South Carolina,450611,0,2,2,0,5,NOT APPLICABLE,August,20,Sunday,1,50,Urban,High Speed (Arterial),Yes,33.94758611,-81.25272222,Non-Intersection,Dark - Unknown Lighting,Clear,Unknown,Unknown,Unknown EMS Scene Arrival Hour,Unknown EMS Scene Arrival Minutes,Unknown,Unknown EMS Hospital Arrival Time,1,Dark - Unlighted,Clear,1,4,['Driver'],['None_Used'],1,1,Invalid,0.0,2.0,55.0,39.0,"['Male', 'Male']",0,0,3,4,5,Dry,Straight,Level,Lowest,No
29276,45,South Carolina,450612,1,2,1,1,1,NOT APPLICABLE,August,21,Monday,19,10,Urban,High Speed (Arterial),Yes,34.07279722,-80.90818056,Non-Intersection,Dusk,Clear,Unknown,Unknown,Unknown EMS Scene Arrival Hour,Unknown EMS Scene Arrival Minutes,Unknown,Unknown EMS Hospital Arrival Time,1,Twilight,Clear,1,0,['Driver'],['None_Used'],0,0,Valid,0.0,1.0,55.0,55.0,['Male'],0,0,5,4,5,Dry,Straight,Level,Lowest,No
29277,45,South Carolina,450613,1,1,1,0,2,NOT APPLICABLE,August,21,Monday,21,40,Urban,High Speed (Arterial),Yes,34.05026389,-81.10596944,Complex/Circle,Dark - Not Lighted,Clear,Unknown,Unknown if Notified,Unknown EMS Scene Arrival Hour,Unknown if Arrived,Not Applicable (Not Transported),Not Applicable (Not Transported),1,Dark - Unlighted,Clear,0,2,[],[],0,0,Invalid,0.0,1.0,22.0,22.0,['Male'],0,0,3,3,4,Dry,Straight,Level,Lowest,No
29278,45,South Carolina,450614,0,2,2,0,2,NORTH CHARLESTON,August,21,Monday,6,32,Urban,High Speed (Arterial),Yes,32.97351111,-80.05528889,Simple Junction,Dark - Unknown Lighting,Clear,Unknown,Unknown,Unknown EMS Scene Arrival Hour,Unknown EMS Scene Arrival Minutes,Unknown,Unknown EMS Hospital Arrival Time,1,Dark - Unlighted,Clear,1,1,['Driver'],['None_Used'],0,0,Valid,2.0,0.0,57.0,32.0,"['Male', 'Male']",0,0,5,4,5,Dry,Straight,Level,Lowest,No
29279,45,South Carolina,450615,1,1,1,0,1,NORTH AUGUSTA,August,21,Monday,23,20,Urban,High Speed (Arterial),Yes,33.52721944,-81.94931111,Non-Intersection,Dark - Lighted,Clear,Unknown,Unknown if Notified,Unknown EMS Scene Arrival Hour,Unknown if Arrived,Not Applicable (Not Transported),Not Applicable (Not Transported),1,Dark - Lighted,Clear,0,1,[],[],0,0,Valid,0.0,1.0,41.0,41.0,['Male'],0,0,3,3,4,Dry,Straight,Level,Lowest,No
29280,45,South Carolina,450616,0,3,3,0,6,NOT APPLICABLE,August,22,Tuesday,11,2,Urban,Low Speed (Local),No,34.82072222,-82.42967778,Simple Junction,Daylight,Clear,Unknown,Unknown,Unknown EMS Scene Arrival Hour,Unknown EMS Scene Arrival Minutes,Unknown,Unknown EMS Hospital Arrival Time,1,Daylight,Clear,1,5,['Driver'],['Shoulder_Lapbelt'],0,0,Valid,1.0,1.0,81.0,32.0,"['Female', 'Male', 'Male']",0,0,3,4,5,Dry,Straight,Level,Lowest,No
29281,45,South Carolina,450617,1,1,1,0,3,NOT APPLICABLE,August,23,Wednesday,21,0,Urban,Medium Speed (Collector),No,34.68073333,-80.76756667,Non-Intersection,Dark - Not Lighted,Clear,Unknown,Unknown,Unknown EMS Scene Arrival Hour,Unknown EMS Scene Arrival Minutes,Unknown,Unknown EMS Hospital Arrival Time,1,Dark - Unlighted,Clear,0,3,[],[],0,0,Valid,2.0,0.0,34.0,34.0,['Male'],0,0,3,2,4,Dry,Straight,Level,Lowest,No
29282,45,South Carolina,450618,0,2,2,0,2,NOT APPLICABLE,August,23,Wednesday,0,20,Rural,Medium Speed (Collector),No,32.82454722,-80.60108611,Non-Intersection,Dark - Not Lighted,Clear,Unknown,Unknown if Notified,Unknown EMS Scene Arrival Hour,Unknown if Arrived,Not Applicable (Not Transported),Not Applicable (Not Transported),1,Dark - Unlighted,Clear,1,1,['Driver'],['None_Used'],1,2,Invalid,0.0,0.0,48.0,26.0,"['Male', 'Male']",0,0,5,4,5,Dry,Straight,Level,Lowest,No
29283,45,South Carolina,450619,0,2,2,0,2,NOT APPLICABLE,August,23,Wednesday,7,2,Rural,High Speed (Arterial),Yes,34.83349444,-81.98400556,Complex/Circle,Daylight,Clear,Unknown,Unknown,Unknown EMS Scene Arrival Hour,Unknown EMS Scene Arrival Minutes,Unknown,Unknown EMS Hospital Arrival Time,1,Daylight,Clear,1,1,['Driver'],['Lapbelt_Only'],0,0,Valid,1.0,2.0,47.0,22.0,"['Female', 'Male']",0,0,3,4,5,Dry,Straight,Level,Lowest,No
29284,45,South Carolina,450620,1,1,1,0,2,NOT APPLICABLE,June,25,Sunday,1,54,Urban,High Speed (Arterial),Yes,33.05245278,-80.23390278,Non-Intersection,Dark - Not Lighted,Clear,Unknown,Unknown,Unknown EMS Scene Arrival Hour,Unknown EMS Scene Arrival Minutes,Unknown,Unknown EMS Hospital Arrival Time,1,Dark - Unlighted,Clear,0,2,[],[],0,0,Invalid,0.0,0.0,42.0,42.0,['Male'],0,0,3,4,4,Dry,Straight,Level,Lowest,No
29285,45,South Carolina,450621,2,5,1,4,1,NOT APPLICABLE,August,23,Wednesday,12,29,Rural,Medium Speed (Collector),No,33.65148056,-81.36193056,Complex/Circle,Daylight,Clear,Unknown,Unknown,Unknown EMS Scene Arrival Hour,Unknown EMS Scene Arrival Minutes,Unknown,Unknown EMS Hospital Arrival Time,1,Daylight,Clear,0,1,[],[],0,0,Valid,0.0,0.0,64.0,64.0,['Male'],0,0,4,3,2,Dry,Straight,Level,Lowest,No
29286,45,South Carolina,450622,1,2,2,0,2,NOT APPLICABLE,August,24,Thursday,4,45,Urban,High Speed (Arterial),Yes,33.83366944,-81.09251111,Non-Intersection,Dark - Unknown Lighting,Clear,Unknown,Unknown,Unknown EMS Scene Arrival Hour,Unknown EMS Scene Arrival Minutes,Unknown,Unknown EMS Hospital Arrival Time,1,Dark - Unlighted,Clear,0,2,[],[],0,0,Valid,0.0,3.0,40.0,30.0,"['Female', 'Male']",0,0,3,4,4,Dry,Straight,Level,Lowest,No
29287,45,South Carolina,450623,0,2,2,0,2,NOT APPLICABLE,August,24,Thursday,9,50,Rural,Medium Speed (Collector),No,33.19390833,-80.8342,Non-Intersection,Daylight,Clear,Unknown,Unknown,Unknown EMS Scene Arrival Hour,Unknown EMS Scene Arrival Minutes,Unknown,Unknown EMS Hospital Arrival Time,1,Daylight,Clear,1,1,['Driver'],['Shoulder_Lapbelt'],0,0,Valid,3.0,1.0,78.0,33.0,"['Male', 'Male']",0,0,3,4,5,Dry,Straight,Level,Lowest,No
29288,45,South Carolina,450624,0,1,1,0,1,NOT APPLICABLE,August,24,Thursday,23,45,Rural,Medium Speed (Collector),No,34.01315833,-79.69358611,Non-Intersection,Dark - Not Lighted,Clear,Unknown,Unknown if Notified,Unknown EMS Scene Arrival Hour,Unknown if Arrived,Not Applicable (Not Transported),Not Applicable (Not Transported),1,Dark - Unlighted,Clear,1,0,['Driver'],['None_Used'],1,1,Valid,1.0,0.0,26.0,26.0,['Male'],0,0,3,4,3,Dry,Straight,Level,Lowest,No
29289,45,South Carolina,450625,0,2,2,0,2,NOT APPLICABLE,August,24,Thursday,10,15,Rural,Medium Speed (Collector),No,33.29051111,-80.984325,Complex/Circle,Daylight,Clear,Unknown,Unknown,Unknown EMS Scene Arrival Hour,Unknown EMS Scene Arrival Minutes,Unknown,Unknown EMS Hospital Arrival Time,1,Daylight,Clear,1,1,['Driver'],['Shoulder_Lapbelt'],0,0,Valid,0.0,2.0,84.0,38.0,"['Male', 'Male']",0,0,3,4,5,Dry,Straight,Level,Lowest,No
29290,45,South Carolina,450626,0,1,1,0,1,NOT APPLICABLE,August,25,Friday,17,36,Rural,High Speed (Arterial),Yes,33.83290556,-80.29321389,Non-Intersection,Daylight,Clear,Unknown,Unknown,Unknown EMS Scene Arrival Hour,Unknown EMS Scene Arrival Minutes,Unknown,Unknown EMS Hospital Arrival Time,1,Daylight,Clear,1,0,['Driver'],['None_Used'],0,0,Valid,0.0,0.0,17.0,17.0,['Male'],1,0,2,4,3,Dry,Curve,Level,Lowest,No
29291,45,South Carolina,450627,0,1,1,0,1,NOT APPLICABLE,August,25,Friday,3,25,Urban,Low Speed (Local),No,33.57388056,-81.7446,Non-Intersection,Dark - Lighted,Clear,Unknown,Unknown if Notified,Unknown EMS Scene Arrival Hour,Unknown if Arrived,Not Applicable (Not Transported),Not Applicable (Not Transported),1,Dark - Lighted,Clear,1,0,['Driver'],['None_Used'],0,0,Invalid,0.0,0.0,49.0,49.0,['Male'],1,0,5,4,3,Dry,Curve,Level,Lowest,No
29292,45,South Carolina,450628,1,1,1,0,1,NOT APPLICABLE,August,25,Friday,21,49,Urban,Medium Speed (Collector),No,34.03054722,-81.11200556,Simple Junction,Dark - Unknown Lighting,Clear,Unknown,Unknown if Notified,Unknown EMS Scene Arrival Hour,Unknown if Arrived,Not Applicable (Not Transported),Not Applicable (Not Transported),1,Dark - Unlighted,Clear,0,1,[],[],0,0,Valid,1.0,0.0,50.0,50.0,['Male'],0,0,2,4,4,Dry,Straight,Grade/Hillcrest,Lowest,No
29293,45,South Carolina,450629,0,1,1,0,1,NOT APPLICABLE,August,26,Saturday,21,46,Rural,High Speed (Arterial),Yes,34.01874722,-81.41760556,Non-Intersection,Dark - Not Lighted,Clear,Unknown,Unknown if Notified,Unknown EMS Scene Arrival Hour,Unknown if Arrived,Not Applicable (Not Transported),Not Applicable (Not Transported),1,Dark - Unlighted,Clear,1,0,['Driver'],['None_Used'],1,1,Valid,0.0,0.0,64.0,64.0,['Female'],0,0,2,4,2,Dry,Straight,Level,Lowest,No
29294,45,South Carolina,450630,0,1,1,0,2,YORK,August,26,Saturday,7,0,Urban,Medium Speed (Collector),No,34.99486667,-81.2241,Non-Intersection,Dawn,Clear,Unknown,Unknown,Unknown EMS Scene Arrival Hour,Unknown EMS Scene Arrival Minutes,Unknown,Unknown EMS Hospital Arrival Time,1,Twilight,Clear,1,1,['Driver'],['None_Used'],1,1,Valid,1.0,2.0,24.0,24.0,['Male'],2,0,2,4,3,Dry,Straight,Level,Lowest,No
29295,45,South Carolina,450631,0,1,1,0,1,NOT APPLICABLE,August,26,Saturday,20,28,Rural,Low Speed (Local),No,33.21080278,-79.618125,Non-Intersection,Dark - Not Lighted,Rain,Unknown,Unknown,Unknown EMS Scene Arrival Hour,Unknown EMS Scene Arrival Minutes,Unknown,Unknown EMS Hospital Arrival Time,1,Dark - Unlighted,Rain/Wind/Minor,1,0,['Driver'],['None_Used'],1,1,Valid,0.0,1.0,33.0,33.0,['Male'],0,0,3,4,3,Wet/Standing Water,Straight,Level,Lowest,No
29296,45,South Carolina,450632,0,1,1,0,1,NOT APPLICABLE,August,27,Sunday,2,0,Rural,Low Speed (Local),No,34.57748889,-83.06105278,Non-Intersection,Dark - Not Lighted,Clear,Unknown,Unknown if Notified,Unknown EMS Scene Arrival Hour,Unknown if Arrived,Not Applicable (Not Transported),Not Applicable (Not Transported),1,Dark - Unlighted,Clear,1,0,['Driver'],['None_Used'],0,0,Valid,0.0,0.0,43.0,43.0,['Male'],1,0,3,4,3,Dry,Straight,Level,Lowest,No
29297,45,South Carolina,450633,0,2,2,0,2,NOT APPLICABLE,August,28,Monday,16,0,Rural,Medium Speed (Collector),No,34.64686111,-80.8388,Non-Intersection,Daylight,Clear,Unknown,Unknown,Unknown EMS Scene Arrival Hour,Unknown EMS Scene Arrival Minutes,Unknown,Unknown EMS Hospital Arrival Time,1,Daylight,Clear,1,1,['Driver'],['Shoulder_Lapbelt'],0,0,Valid,3.0,0.0,49.0,36.0,"['Female', 'Male']",0,0,3,4,5,Dry,Straight,Level,Lowest,No
29298,45,South Carolina,450634,1,1,1,0,3,NOT APPLICABLE,August,17,Thursday,21,17,Rural,Medium Speed (Collector),No,33.29866111,-81.33103056,Non-Intersection,Dark - Not Lighted,Clear,Unknown,Unknown,Unknown EMS Scene Arrival Hour,Unknown EMS Scene Arrival Minutes,Unknown,Unknown EMS Hospital Arrival Time,1,Dark - Unlighted,Clear,0,3,[],[],0,0,Valid,1.0,2.0,51.0,51.0,['Female'],0,0,2,3,4,Dry,Straight,Level,Lowest,No
29299,45,South Carolina,450635,0,2,2,0,2,RAVENEL,August,28,Monday,16,21,Rural,Medium Speed (Collector),No,32.80863333,-80.26973333,Non-Intersection,Daylight,Clear,Unknown,Unknown,Unknown EMS Scene Arrival Hour,Unknown EMS Scene Arrival Minutes,Unknown,Unknown EMS Hospital Arrival Time,1,Daylight,Clear,1,1,['Driver'],['Shoulder_Lapbelt'],0,0,Valid,0.0,1.0,79.0,57.0,"['Male', 'Male']",0,0,3,4,5,Dry,Straight,Level,Lowest,No
29300,45,South Carolina,450636,0,2,2,0,2,NOT APPLICABLE,August,29,Tuesday,16,42,Rural,Medium Speed (Collector),No,32.36898333,-80.88429444,Non-Intersection,Daylight,Rain,Unknown,Unknown if Notified,Unknown EMS Scene Arrival Hour,Unknown if Arrived,Not Applicable (Not Transported),Not Applicable (Not Transported),1,Daylight,Rain/Wind/Minor,1,1,['Driver'],['None_Used'],0,0,Valid,1.0,3.0,46.0,21.0,"['Female', 'Female']",1,0,4,4,5,Wet/Standing Water,Curve,Level,Lowest,No
29301,45,South Carolina,450637,0,1,1,0,1,NOT APPLICABLE,August,29,Tuesday,18,45,Rural,Medium Speed (Collector),No,33.813275,-79.11643056,Non-Intersection,Daylight,Clear,Unknown,Unknown if Notified,Unknown EMS Scene Arrival Hour,Unknown if Arrived,Not Applicable (Not Transported),Not Applicable (Not Transported),1,Daylight,Clear,1,0,['Driver'],['Shoulder_Lapbelt'],0,0,Valid,1.0,1.0,35.0,35.0,['Female'],1,0,3,4,3,Dry,Curve,Level,Lowest,No