,State_Code,State_Name,Crash_ID,Count_Non_Motorists,Count_Vehicles_Total,Count_Vehicle_Forms,Count_PVH_Involved,Count_Occupants_MV,City_Name,Month_Name,Day_of_Month,Day_of_Week,Crash_Hour,Crash_Minute,Area_Rural_Urban,Road_Functional_Class,On_NHS_Road,Latitude,Longitude,Intersection_Type,Light_Condition,Weather_Condition,Notif_Hour,Notif_Minute,Arrival_Hour,Arrival_Minute,Hospital_Hour,Hospital_Minute,Fatalities_Count,Clean_Light_Condition,Clean_Weather_Condition,Total_Killed,Total_Alive,Fatal_Seats_List,Killed_Restraint_List,Any_Driver_Drinking,Total_Drinking_Drivers,Driver_License_Category,Driver_Max_Prev_Accident_Count,Driver_Max_Prev_Speeding_Count,Max_Driver_Age,Min_Driver_Age,Driver_Sex_List,Total_Exceeding_Limit_Vehicles,Total_Too_Fast_Vehicles,Max_Vehicle_Type_Severity_5,Max_Vehicle_Damage_Rank,Max_Harmful_Event_Severity,Crash_Road_Surface_Condition,Crash_Horizontal_Alignment,Crash_Vertical_Profile,Crash_Impairment_Category,Crash_Vehicle_Defect
29302,45,South Carolina,450638,1,1,1,0,2,NOT APPLICABLE,August,29,Tuesday,21,1,Urban,High Speed (Arterial),No,34.77414444,-82.382525,Simple Junction,Dark - Not Lighted,Rain,Unknown,Unknown if Notified,Unknown EMS Scene Arrival Hour,Unknown if Arrived,Not Applicable (Not Transported),Not Applicable (Not Transported),1,Dark - Unlighted,Rain/Wind/Minor,0,2,[],[],0,0,Valid,0.0,2.0,25.0,25.0,['Male'],0,0,3,2,4,Wet/Standing Water,Straight,Level,Lowest,No
29303,45,South Carolina,450639,0,1,1,0,1,NOT APPLICABLE,August,29,Tuesday,21,46,Urban,Medium Speed (Collector),No,34.58107778,-82.63005278,Non-Intersection,Dark - Not Lighted,Rain,Unknown,Unknown if Notified,Unknown EMS Scene Arrival Hour,Unknown if Arrived,Not Applicable (Not Transported),Not Applicable (Not Transported),1,Dark - Unlighted,Rain/Wind/Minor,1,0,['Driver'],['None_Used'],1,1,Valid,0.0,0.0,52.0,52.0,['Male'],0,0,3,4,3,Wet/Standing Water,Curve,Level,Lowest,No
29304,45,South Carolina,450640,0,2,2,0,4,NOT APPLICABLE,August,29,Tuesday,20,10,Urban,High Speed (Arterial),No,34.8723,-82.22464722,Non-Intersection,Dusk,Cloudy,Unknown,Unknown,Unknown EMS Scene Arrival Hour,Unknown EMS Scene Arrival Minutes,Unknown,Unknown EMS Hospital Arrival Time,1,Twilight,Reduced Visibility,1,3,['Front_Passenger'],['Shoulder_Lapbelt'],0,0,Invalid,0.0,1.0,64.0,34.0,"['Male', 'Male']",3,0,4,4,5,Dry,Straight,Level,Lowest,No
29305,45,South Carolina,450641,0,1,1,0,1,MEGGETT,July,26,Wednesday,15,48,Rural,Medium Speed (Collector),No,32.65841944,-80.34148889,Non-Intersection,Daylight,Clear,Unknown,Unknown,Unknown EMS Scene Arrival Hour,Unknown EMS Scene Arrival Minutes,Unknown,Unknown EMS Hospital Arrival Time,1,Daylight,Clear,1,0,['Driver'],['None_Used'],1,1,Invalid,0.0,0.0,34.0,34.0,['Male'],1,0,2,4,3,Dry,Straight,Level,Lowest,No
29306,45,South Carolina,450642,0,1,1,0,1,RAVENEL,August,2,Wednesday,17,47,Rural,High Speed (Arterial),Yes,32.78293056,-80.21238889,Non-Intersection,Daylight,Clear,Unknown,Unknown,Unknown EMS Scene Arrival Hour,Unknown EMS Scene Arrival Minutes,Unknown,Unknown EMS Hospital Arrival Time,1,Daylight,Clear,1,0,['Driver'],['None_Used'],0,0,Invalid,0.0,1.0,34.0,34.0,['Male'],1,0,5,4,2,Dry,Straight,Grade/Hillcrest,Lowest,No
29307,45,South Carolina,450643,0,1,1,0,3,NOT APPLICABLE,August,30,Wednesday,23,8,Rural,Medium Speed (Collector),No,34.17732222,-79.64996667,Non-Intersection,Dark - Not Lighted,Rain,Unknown,Unknown,Unknown EMS Scene Arrival Hour,Unknown EMS Scene Arrival Minutes,Unknown,Unknown EMS Hospital Arrival Time,1,Dark - Unlighted,Rain/Wind/Minor,1,2,['Front_Passenger'],['Shoulder_Lapbelt'],0,0,Valid,0.0,1.0,23.0,23.0,['Male'],0,0,3,4,3,Wet/Standing Water,Straight,Level,Lowest,No
29308,45,South Carolina,450644,0,1,1,0,1,NOT APPLICABLE,August,31,Thursday,20,25,Rural,Medium Speed (Collector),No,33.68303611,-79.23901944,Non-Intersection,Dark - Not Lighted,Clear,Unknown,Unknown if Notified,Unknown EMS Scene Arrival Hour,Unknown if Arrived,Not Applicable (Not Transported),Not Applicable (Not Transported),1,Dark - Unlighted,Clear,1,0,['Driver'],['Shoulder_Lapbelt'],0,0,Valid,0.0,0.0,80.0,80.0,['Male'],0,0,2,4,2,Dry,Straight,Level,Lowest,No
29309,45,South Carolina,450645,0,4,4,0,5,BLUFFTON,August,6,Sunday,19,0,Rural,High Speed (Arterial),Yes,32.29068056,-80.90896389,Complex/Circle,Daylight,Clear,Unknown,Unknown,Unknown EMS Scene Arrival Hour,Unknown EMS Scene Arrival Minutes,Unknown,Unknown EMS Hospital Arrival Time,1,Daylight,Clear,1,4,['Driver'],['None_Used'],1,1,Valid,1.0,0.0,59.0,39.0,"['Female', 'Male', 'Male', 'Male']",1,0,5,4,5,Dry,Straight,Level,Lowest,No
29310,45,South Carolina,450646,0,2,2,0,2,NOT APPLICABLE,September,1,Friday,5,55,Rural,Medium Speed (Collector),No,34.16456944,-79.23665278,Non-Intersection,Dawn,Clear,Unknown,Unknown,Unknown EMS Scene Arrival Hour,Unknown EMS Scene Arrival Minutes,Unknown,Unknown EMS Hospital Arrival Time,1,Twilight,Clear,1,1,['Driver'],['Shoulder_Lapbelt'],0,0,Valid,1.0,2.0,86.0,25.0,"['Male', 'Male']",0,0,2,4,5,Dry,Straight,Level,Medium,No
29311,45,South Carolina,450647,0,1,1,0,1,NOT APPLICABLE,September,2,Saturday,22,23,Rural,Low Speed (Local),No,34.17433889,-81.50258889,Non-Intersection,Dark - Not Lighted,Clear,Unknown,Unknown,Unknown EMS Scene Arrival Hour,Unknown EMS Scene Arrival Minutes,Unknown,Unknown EMS Hospital Arrival Time,1,Dark - Unlighted,Clear,1,0,['Driver'],['None_Used'],0,0,Invalid,0.0,1.0,39.0,39.0,['Male'],1,0,2,4,3,Dry,Curve,Level,Lowest,No
29312,45,South Carolina,450648,0,1,1,0,1,COLUMBIA,September,2,Saturday,22,11,Urban,High Speed (Arterial),Yes,33.9805,-80.95443056,Non-Intersection,Dark - Not Lighted,Clear,Unknown,Unknown if Notified,Unknown EMS Scene Arrival Hour,Unknown if Arrived,Not Applicable (Not Transported),Not Applicable (Not Transported),1,Dark - Unlighted,Clear,1,0,['Driver'],['None_Used'],0,0,Valid,0.0,1.0,63.0,63.0,['Male'],0,0,5,4,2,Dry,Curve,Grade/Hillcrest,Lowest,No
29313,45,South Carolina,450649,3,2,1,1,1,NOT APPLICABLE,September,4,Monday,14,55,Rural,High Speed (Arterial),Yes,34.78882222,-80.79694444,Non-Intersection,Daylight,Clear,Unknown,Unknown,Unknown EMS Scene Arrival Hour,Unknown EMS Scene Arrival Minutes,Unknown,Unknown EMS Hospital Arrival Time,2,Daylight,Clear,0,1,[],[],0,0,Invalid,0.0,1.0,33.0,33.0,['Male'],0,0,2,4,3,Dry,Straight,Level,Lowest,No
29314,45,South Carolina,450650,0,1,1,0,2,NOT APPLICABLE,September,4,Monday,15,45,Rural,Medium Speed (Collector),No,34.34113056,-81.87146667,Non-Intersection,Daylight,Clear,Unknown,Unknown if Notified,Unknown EMS Scene Arrival Hour,Unknown if Arrived,Not Applicable (Not Transported),Not Applicable (Not Transported),2,Daylight,Clear,2,0,"['Driver', 'Front_Passenger']","['None_Used', 'Shoulder_Lapbelt']",1,1,Invalid,0.0,0.0,41.0,41.0,['Male'],2,0,2,4,3,Dry,Curve,Grade/Hillcrest,Lowest,No
29315,45,South Carolina,450651,0,1,1,0,1,NOT APPLICABLE,September,4,Monday,19,45,Rural,Low Speed (Local),No,34.35802222,-79.95579444,Non-Intersection,Dark - Not Lighted,Clear,Unknown,Unknown if Notified,Unknown EMS Scene Arrival Hour,Unknown if Arrived,Not Applicable (Not Transported),Not Applicable (Not Transported),1,Dark - Unlighted,Clear,1,0,['Driver'],['Shoulder_Lapbelt'],1,1,Valid,0.0,0.0,46.0,46.0,['Male'],0,0,3,4,3,Dry,Curve,Grade/Hillcrest,Lowest,No
29316,45,South Carolina,450652,0,1,1,0,1,NOT APPLICABLE,September,5,Tuesday,15,55,Rural,Medium Speed (Collector),No,33.33033056,-80.15186111,Non-Intersection,Daylight,Clear,Unknown,Unknown,Unknown EMS Scene Arrival Hour,Unknown EMS Scene Arrival Minutes,Unknown,Unknown EMS Hospital Arrival Time,1,Daylight,Clear,1,0,['Driver'],['None_Used'],0,0,Invalid,0.0,0.0,39.0,39.0,['Male'],1,0,5,4,2,Dry,Straight,Level,Lowest,No
29317,45,South Carolina,450653,0,2,2,0,2,NOT APPLICABLE,September,6,Wednesday,17,30,Rural,High Speed (Arterial),Yes,34.38914167,-79.46328889,Non-Intersection,Daylight,Clear,Unknown,Unknown,Unknown EMS Scene Arrival Hour,Unknown EMS Scene Arrival Minutes,Unknown,Unknown EMS Hospital Arrival Time,1,Daylight,Clear,1,1,['Driver'],['Shoulder_Lapbelt'],0,0,Valid,0.0,0.0,41.0,40.0,"['Female', 'Male']",1,0,4,4,5,Dry,Straight,Level,Lowest,No
29318,45,South Carolina,450654,0,2,2,0,2,NOT APPLICABLE,September,6,Wednesday,19,9,Rural,Low Speed (Local),No,34.131475,-82.23375556,Non-Intersection,Daylight,Clear,Unknown,Unknown,Unknown EMS Scene Arrival Hour,Unknown EMS Scene Arrival Minutes,Unknown,Unknown EMS Hospital Arrival Time,1,Daylight,Clear,1,1,['Driver'],['None_Used'],1,1,Valid,1.0,2.0,19.0,17.0,"['Male', 'Male']",1,0,5,4,5,Dry,Straight,Grade/Hillcrest,Lowest,No
29319,45,South Carolina,450655,0,2,2,0,2,NOT APPLICABLE,September,6,Wednesday,13,32,Rural,High Speed (Arterial),Yes,34.05471944,-80.48936111,Complex/Circle,Daylight,Clear,Unknown,Unknown,Unknown EMS Scene Arrival Hour,Unknown EMS Scene Arrival Minutes,Unknown,Unknown EMS Hospital Arrival Time,1,Daylight,Clear,1,1,['Driver'],['None_Used'],0,0,Valid,0.0,1.0,56.0,32.0,"['Male', 'Female']",0,0,3,4,5,Dry,Straight,Level,Lowest,No
29320,45,South Carolina,450656,1,1,1,0,1,NOT APPLICABLE,September,6,Wednesday,20,15,Urban,Low Speed (Local),No,32.88646389,-80.63955,Non-Intersection,Dark - Not Lighted,Clear,Unknown,Unknown,Unknown EMS Scene Arrival Hour,Unknown EMS Scene Arrival Minutes,Unknown,Unknown EMS Hospital Arrival Time,1,Dark - Unlighted,Clear,0,1,[],[],0,0,Valid,3.0,0.0,66.0,66.0,['Male'],0,0,2,3,4,Dry,Curve,Level,Lowest,No
29321,45,South Carolina,450657,0,2,2,0,2,NOT APPLICABLE,September,8,Friday,11,45,Urban,High Speed (Arterial),No,34.89399444,-82.22728611,Simple Junction,Daylight,Clear,Unknown,Unknown if Notified,Unknown EMS Scene Arrival Hour,Unknown if Arrived,Not Applicable (Not Transported),Not Applicable (Not Transported),1,Daylight,Clear,1,1,['Driver'],['None_Used'],0,0,Valid,0.0,4.0,63.0,19.0,"['Male', 'Male']",0,0,5,4,5,Dry,Curve,Level,Lowest,No
29322,45,South Carolina,450658,0,2,2,0,3,LORIS,September,9,Saturday,13,25,Rural,Medium Speed (Collector),No,34.05420833,-78.88431667,Simple Junction,Daylight,Clear,Unknown,Unknown if Notified,Unknown EMS Scene Arrival Hour,Unknown if Arrived,Not Applicable (Not Transported),Not Applicable (Not Transported),1,Daylight,Clear,1,2,['Driver'],['None_Used'],0,0,Invalid,0.0,1.0,43.0,40.0,"['Male', 'Male']",0,0,5,4,5,Dry,Straight,Level,Lowest,No
29323,45,South Carolina,450659,0,2,2,0,3,NOT APPLICABLE,September,9,Saturday,12,50,Rural,High Speed (Arterial),Yes,33.36493889,-79.22545833,Simple Junction,Daylight,Cloudy,Unknown,Unknown,Unknown EMS Scene Arrival Hour,Unknown EMS Scene Arrival Minutes,Unknown,Unknown EMS Hospital Arrival Time,2,Daylight,Reduced Visibility,2,1,"['Driver', 'Front_Passenger']","['Shoulder_Lapbelt', 'Shoulder_Lapbelt']",0,0,Valid,0.0,0.0,76.0,43.0,"['Male', 'Female']",0,0,3,4,5,Dry,Straight,Level,Lowest,No
29324,45,South Carolina,450660,0,2,2,0,4,NOT APPLICABLE,September,10,Sunday,10,5,Rural,Medium Speed (Collector),No,35.14021111,-82.10069167,Complex/Circle,Daylight,Cloudy,Unknown,Unknown,Unknown EMS Scene Arrival Hour,Unknown EMS Scene Arrival Minutes,Unknown,Unknown EMS Hospital Arrival Time,1,Daylight,Reduced Visibility,1,3,['Driver'],['Shoulder_Lapbelt'],0,0,Valid,0.0,0.0,81.0,68.0,"['Female', 'Male']",0,0,3,4,5,Dry,Straight,Level,Lowest,No
29325,45,South Carolina,450661,0,1,1,0,1,NORTH CHARLESTON,September,10,Sunday,9,20,Urban,Low Speed (Local),No,32.95528056,-80.06653889,Simple Junction,Daylight,Clear,Unknown,Unknown,Unknown EMS Scene Arrival Hour,Unknown EMS Scene Arrival Minutes,Unknown,Unknown EMS Hospital Arrival Time,1,Daylight,Clear,1,0,['Driver'],['Shoulder_Lapbelt'],0,0,Invalid,0.0,0.0,52.0,52.0,['Male'],0,0,2,4,3,Dry,Straight,Level,Lowest,No
29326,45,South Carolina,450662,0,1,1,0,1,NOT APPLICABLE,September,11,Monday,9,57,Rural,Medium Speed (Collector),No,33.94174167,-78.98263611,Non-Intersection,Daylight,Clear,Unknown,Unknown if Notified,Unknown EMS Scene Arrival Hour,Unknown if Arrived,Not Applicable (Not Transported),Not Applicable (Not Transported),1,Daylight,Clear,1,0,['Driver'],['Shoulder_Lapbelt'],0,0,Valid,0.0,0.0,36.0,36.0,['Male'],1,0,3,4,3,Dry,Curve,Level,Lowest,No
29327,45,South Carolina,450663,1,1,1,0,4,NOT APPLICABLE,September,12,Tuesday,14,30,Rural,High Speed (Arterial),Yes,33.36266944,-80.52645,Non-Intersection,Daylight,Clear,Unknown,Unknown,Unknown EMS Scene Arrival Hour,Unknown EMS Scene Arrival Minutes,Unknown,Unknown EMS Hospital Arrival Time,1,Daylight,Clear,0,4,[],[],0,0,Valid,0.0,0.0,74.0,74.0,['Female'],4,0,3,4,4,Dry,Straight,Level,Lowest,No
29328,45,South Carolina,450664,0,2,2,0,3,NOT APPLICABLE,September,13,Wednesday,21,0,Rural,Medium Speed (Collector),No,33.57275278,-81.56342222,Simple Junction,Dark - Not Lighted,Cloudy,Unknown,Unknown,Unknown EMS Scene Arrival Hour,Unknown EMS Scene Arrival Minutes,Unknown,Unknown EMS Hospital Arrival Time,1,Dark - Unlighted,Reduced Visibility,1,2,['Driver'],['Shoulder_Lapbelt'],0,0,Valid,1.0,1.0,87.0,30.0,"['Female', 'Male']",0,0,3,4,5,Wet/Standing Water,Straight,Level,Lowest,No
29329,45,South Carolina,450665,0,2,2,0,3,NOT APPLICABLE,September,15,Friday,15,44,Urban,High Speed (Arterial),Yes,34.33671389,-80.07355556,Complex/Circle,Daylight,Clear,Unknown,Unknown,Unknown EMS Scene Arrival Hour,Unknown EMS Scene Arrival Minutes,Unknown,Unknown EMS Hospital Arrival Time,1,Daylight,Clear,1,2,['Front_Passenger'],['Shoulder_Lapbelt'],0,0,Valid,0.0,1.0,83.0,46.0,"['Female', 'Male']",1,0,3,4,5,Dry,Curve,Level,Lowest,No
29330,45,South Carolina,450666,0,2,2,0,5,NOT APPLICABLE,September,15,Friday,17,12,Rural,High Speed (Arterial),Yes,35.12191944,-81.86263056,Simple Junction,Daylight,Clear,Unknown,Unknown,Unknown EMS Scene Arrival Hour,Unknown EMS Scene Arrival Minutes,Unknown,Unknown EMS Hospital Arrival Time,2,Daylight,Clear,2,3,"['Driver', 'Rear_Seat']","['Shoulder_Lapbelt', 'Shoulder_Lapbelt']",0,0,Valid,1.0,1.0,54.0,30.0,"['Male', 'Female']",1,0,3,4,5,Dry,Straight,Level,Lowest,No
29331,45,South Carolina,450667,0,1,1,0,1,NOT APPLICABLE,September,15,Friday,15,42,Urban,Medium Speed (Collector),No,34.79631944,-82.42453889,Non-Intersection,Daylight,Clear,Unknown,Unknown if Notified,Unknown EMS Scene Arrival Hour,Unknown if Arrived,Not Applicable (Not Transported),Not Applicable (Not Transported),1,Daylight,Clear,1,0,['Driver'],['None_Used'],0,0,Valid,1.0,1.0,20.0,20.0,['Male'],0,0,3,4,3,Dry,Straight,Level,Lowest,No
29332,45,South Carolina,450668,0,2,2,0,5,WEST COLUMBIA,September,15,Friday,19,27,Urban,Medium Speed (Collector),No,33.98641944,-81.07228056,Complex/Circle,Daylight,Clear,Unknown,Unknown,Unknown EMS Scene Arrival Hour,Unknown EMS Scene Arrival Minutes,Unknown,Unknown EMS Hospital Arrival Time,2,Daylight,Clear,2,3,"['Driver', 'Rear_Seat']","['Shoulder_Lapbelt', 'Shoulder_Lapbelt']",1,1,Valid,1.0,2.0,68.0,24.0,"['Male', 'Male']",0,0,3,4,5,Dry,Straight,Level,Lowest,No
29333,45,South Carolina,450669,0,2,2,0,3,NOT APPLICABLE,September,16,Saturday,14,58,Urban,Medium Speed (Collector),No,35.06590556,-81.15305278,Non-Intersection,Daylight,Clear,Unknown,Unknown,Unknown EMS Scene Arrival Hour,Unknown EMS Scene Arrival Minutes,Unknown,Unknown EMS Hospital Arrival Time,1,Daylight,Clear,1,2,['Front_Passenger'],['Shoulder_Lapbelt'],1,1,Valid,0.0,0.0,65.0,17.0,"['Male', 'Male']",1,0,3,4,5,Dry,Straight,Level,Lowest,No
29334,45,South Carolina,450670,0,2,2,0,3,NOT APPLICABLE,September,17,Sunday,10,40,Rural,High Speed (Arterial),Yes,34.62121389,-82.09012222,Non-Intersection,Daylight,Rain,Unknown,Unknown,Unknown EMS Scene Arrival Hour,Unknown EMS Scene Arrival Minutes,Unknown,Unknown EMS Hospital Arrival Time,2,Daylight,Rain/Wind/Minor,2,1,"['Driver', 'Rear_Seat']","['None_Used', 'None_Used']",0,0,Valid,0.0,0.0,56.0,55.0,"['Male', 'Male']",1,0,5,4,5,Wet/Standing Water,Straight,Level,Lowest,No
29335,45,South Carolina,450671,0,1,1,0,1,NOT APPLICABLE,September,17,Sunday,23,47,Rural,Medium Speed (Collector),No,33.15575,-80.09788333,Non-Intersection,Dark - Not Lighted,Clear,Unknown,Unknown if Notified,Unknown EMS Scene Arrival Hour,Unknown if Arrived,Not Applicable (Not Transported),Not Applicable (Not Transported),1,Dark - Unlighted,Clear,1,0,['Driver'],['Shoulder_Lapbelt'],1,1,Invalid,0.0,0.0,17.0,17.0,['Male'],1,0,2,4,3,Dry,Curve,Grade/Hillcrest,Lowest,No
29336,45,South Carolina,450672,1,1,1,0,1,CONWAY,September,19,Tuesday,4,7,Urban,High Speed (Arterial),Yes,33.81711944,-79.04181111,Non-Intersection,Dark - Not Lighted,Clear,Unknown,Unknown,Unknown EMS Scene Arrival Hour,Unknown EMS Scene Arrival Minutes,Unknown,Unknown EMS Hospital Arrival Time,1,Dark - Unlighted,Clear,0,1,[],[],0,0,Valid,1.0,0.0,78.0,78.0,['Female'],0,0,2,4,4,Dry,Straight,Grade/Hillcrest,Lowest,No
29337,45,South Carolina,450673,0,2,2,0,2,NOT APPLICABLE,September,19,Tuesday,16,25,Rural,High Speed (Arterial),Yes,34.62221667,-79.61861944,Non-Intersection,Daylight,Clear,Unknown,Unknown,Unknown EMS Scene Arrival Hour,Unknown EMS Scene Arrival Minutes,Unknown,Unknown EMS Hospital Arrival Time,1,Daylight,Clear,1,1,['Driver'],['Shoulder_Lapbelt'],0,0,Valid,0.0,0.0,50.0,41.0,"['Male', 'Female']",0,0,3,4,5,Dry,Curve,Level,Lowest,No
29338,45,South Carolina,450674,1,2,2,0,3,NOT APPLICABLE,September,20,Wednesday,3,35,Urban,High Speed (Arterial),Yes,34.26141389,-79.74755556,Non-Intersection,Dark - Not Lighted,Clear,Unknown,Unknown if Notified,Unknown EMS Scene Arrival Hour,Unknown if Arrived,Not Applicable (Not Transported),Not Applicable (Not Transported),1,Dark - Unlighted,Clear,0,3,[],[],0,0,Valid,1.0,0.0,56.0,45.0,"['Female', 'Male']",0,0,4,3,4,Dry,Straight,Level,Lowest,No
29339,45,South Carolina,450675,0,2,2,0,2,NOT APPLICABLE,September,20,Wednesday,12,34,Urban,High Speed (Arterial),Yes,34.92558889,-81.83810278,Complex/Circle,Daylight,Cloudy,Unknown,Unknown,Unknown EMS Scene Arrival Hour,Unknown EMS Scene Arrival Minutes,Unknown,Unknown EMS Hospital Arrival Time,1,Daylight,Reduced Visibility,1,1,['Driver'],['Shoulder_Lapbelt'],0,0,Valid,1.0,2.0,27.0,24.0,"['Male', 'Male']",1,0,4,4,5,Dry,Straight,Level,Lowest,No
29340,45,South Carolina,450676,0,2,2,0,2,NOT APPLICABLE,September,20,Wednesday,14,28,Rural,Medium Speed (Collector),No,34.689425,-83.04490556,Complex/Circle,Daylight,Clear,Unknown,Unknown if Notified,Unknown EMS Scene Arrival Hour,Unknown if Arrived,Not Applicable (Not Transported),Not Applicable (Not Transported),1,Daylight,Clear,1,1,['Driver'],['None_Used'],0,0,Valid,0.0,0.0,41.0,20.0,"['Male', 'Female']",0,0,5,4,5,Dry,Straight,Level,Lowest,No
29341,45,South Carolina,450677,0,2,2,0,2,NOT APPLICABLE,September,20,Wednesday,18,8,Rural,High Speed (Arterial),Yes,34.35850833,-80.95606389,Simple Junction,Daylight,Clear,Unknown,Unknown,Unknown EMS Scene Arrival Hour,Unknown EMS Scene Arrival Minutes,Unknown,Unknown EMS Hospital Arrival Time,1,Daylight,Clear,1,1,['Driver'],['Shoulder_Lapbelt'],0,0,Valid,3.0,0.0,56.0,37.0,"['Male', 'Male']",0,0,4,4,5,Dry,Straight,Level,Lowest,No
29342,45,South Carolina,450678,0,2,2,0,5,NOT APPLICABLE,September,21,Thursday,21,55,Urban,Medium Speed (Collector),No,33.03273056,-80.09056944,Non-Intersection,Dark - Lighted,Clear,Unknown,Unknown,Unknown EMS Scene Arrival Hour,Unknown EMS Scene Arrival Minutes,Unknown,Unknown EMS Hospital Arrival Time,1,Dark - Lighted,Clear,1,4,['Front_Passenger'],['None_Used'],1,1,Valid,2.0,0.0,26.0,19.0,"['Male', 'Male']",4,0,3,4,5,Dry,Straight,Level,Lowest,No
29343,45,South Carolina,450679,1,2,1,1,1,NOT APPLICABLE,September,22,Friday,2,5,Rural,High Speed (Arterial),Yes,34.55428889,-82.78565,Non-Intersection,Dark - Not Lighted,Clear,Unknown,Unknown,Unknown EMS Scene Arrival Hour,Unknown EMS Scene Arrival Minutes,Unknown,Unknown EMS Hospital Arrival Time,1,Dark - Unlighted,Clear,0,1,[],[],0,0,Valid,0.0,0.0,55.0,55.0,['Male'],0,0,4,4,5,Dry,Straight,Level,Lowest,No
29344,45,South Carolina,450680,0,2,2,0,2,NOT APPLICABLE,September,22,Friday,17,35,Rural,High Speed (Arterial),Yes,35.17063333,-81.80663889,Non-Intersection,Daylight,Clear,Unknown,Unknown,Unknown EMS Scene Arrival Hour,Unknown EMS Scene Arrival Minutes,Unknown,Unknown EMS Hospital Arrival Time,1,Daylight,Clear,1,1,['Driver'],['Shoulder_Lapbelt'],1,1,Valid,0.0,1.0,66.0,60.0,"['Male', 'Female']",0,0,3,4,5,Dry,Straight,Non-Trafficway,Lowest,No
29345,45,South Carolina,450681,0,2,2,0,2,NOT APPLICABLE,September,23,Saturday,11,34,Urban,High Speed (Arterial),Yes,33.43441389,-79.13616111,Non-Intersection,Daylight,Clear,Unknown,Unknown,Unknown EMS Scene Arrival Hour,Unknown EMS Scene Arrival Minutes,Unknown,Unknown EMS Hospital Arrival Time,1,Daylight,Clear,1,1,['Driver'],['Shoulder_Lapbelt'],0,0,Valid,1.0,1.0,64.0,41.0,"['Female', 'Male']",1,0,3,4,5,Dry,Straight,Level,Lowest,No
29346,45,South Carolina,450682,0,3,3,0,4,NOT APPLICABLE,September,24,Sunday,1,38,Urban,Medium Speed (Collector),No,34.8548,-82.44639444,Non-Intersection,Dark - Not Lighted,Clear,Unknown,Unknown,Unknown EMS Scene Arrival Hour,Unknown EMS Scene Arrival Minutes,Unknown,Unknown EMS Hospital Arrival Time,1,Dark - Unlighted,Clear,1,3,['Driver'],['None_Used'],1,2,Invalid,0.0,2.0,54.0,24.0,"['Male', 'Female', 'Male']",1,0,5,4,5,Dry,Straight,Grade/Hillcrest,Lowest,No
29347,45,South Carolina,450683,1,1,1,0,1,NOT APPLICABLE,September,24,Sunday,0,22,Rural,High Speed (Arterial),Yes,34.69167778,-81.60962778,Non-Intersection,Dark - Not Lighted,Clear,Unknown,Unknown if Notified,Unknown EMS Scene Arrival Hour,Unknown if Arrived,Not Applicable (Not Transported),Not Applicable (Not Transported),1,Dark - Unlighted,Clear,0,1,[],[],0,0,Valid,0.0,1.0,43.0,43.0,['Female'],0,0,3,4,4,Dry,Straight,Level,Lowest,No
29348,45,South Carolina,450684,0,2,2,0,2,NOT APPLICABLE,September,25,Monday,7,50,Rural,High Speed (Arterial),Yes,34.75738056,-81.6434,Simple Junction,Daylight,Clear,Unknown,Unknown,Unknown EMS Scene Arrival Hour,Unknown EMS Scene Arrival Minutes,Unknown,Unknown EMS Hospital Arrival Time,1,Daylight,Clear,1,1,['Driver'],['None_Used'],0,0,Valid,0.0,0.0,47.0,46.0,"['Male', 'Male']",0,0,5,4,5,Dry,Straight,Level,Lowest,No
29349,45,South Carolina,450685,1,1,1,0,1,NOT APPLICABLE,September,25,Monday,16,0,Rural,Medium Speed (Collector),No,34.624475,-81.07969444,Non-Intersection,Daylight,Clear,Unknown,Unknown if Notified,Unknown EMS Scene Arrival Hour,Unknown if Arrived,Not Applicable (Not Transported),Not Applicable (Not Transported),1,Daylight,Clear,0,1,[],[],0,0,Valid,0.0,1.0,50.0,50.0,['Female'],0,0,3,4,4,Dry,Straight,Grade/Hillcrest,Lowest,No
29350,45,South Carolina,450686,1,1,1,0,1,NOT APPLICABLE,September,26,Tuesday,20,17,Urban,Medium Speed (Collector),No,34.88271667,-82.45378611,Non-Intersection,Daylight,Clear,Unknown,Unknown if Notified,Unknown EMS Scene Arrival Hour,Unknown if Arrived,Not Applicable (Not Transported),Not Applicable (Not Transported),1,Daylight,Clear,0,1,[],[],0,0,Invalid,0.0,0.0,20.0,20.0,['Male'],0,0,3,3,4,Dry,Straight,Level,Lowest,No