,State_Code,State_Name,Crash_ID,Count_Non_Motorists,Count_Vehicles_Total,Count_Vehicle_Forms,Count_PVH_Involved,Count_Occupants_MV,City_Name,Month_Name,Day_of_Month,Day_of_Week,Crash_Hour,Crash_Minute,Area_Rural_Urban,Road_Functional_Class,On_NHS_Road,Latitude,Longitude,Intersection_Type,Light_Condition,Weather_Condition,Notif_Hour,Notif_Minute,Arrival_Hour,Arrival_Minute,Hospital_Hour,Hospital_Minute,Fatalities_Count,Clean_Light_Condition,Clean_Weather_Condition,Total_Killed,Total_Alive,Fatal_Seats_List,Killed_Restraint_List,Any_Driver_Drinking,Total_Drinking_Drivers,Driver_License_Category,Driver_Max_Prev_Accident_Count,Driver_Max_Prev_Speeding_Count,Max_Driver_Age,Min_Driver_Age,Driver_Sex_List,Total_Exceeding_Limit_Vehicles,Total_Too_Fast_Vehicles,Max_Vehicle_Type_Severity_5,Max_Vehicle_Damage_Rank,Max_Harmful_Event_Severity,Crash_Road_Surface_Condition,Crash_Horizontal_Alignment,Crash_Vertical_Profile,Crash_Impairment_Category,Crash_Vehicle_Defect
29351,45,South Carolina,450687,0,1,1,0,1,NOT APPLICABLE,September,27,Wednesday,1,5,Urban,Low Speed (Local),No,34.74710278,-82.29133333,Non-Intersection,Dark - Not Lighted,Clear,Unknown,Unknown if Notified,Unknown EMS Scene Arrival Hour,Unknown if Arrived,Not Applicable (Not Transported),Not Applicable (Not Transported),1,Dark - Unlighted,Clear,1,0,['Driver'],['None_Used'],1,1,Valid,0.0,1.0,26.0,26.0,['Male'],1,0,2,4,3,Dry,Straight,Level,Lowest,No
29352,45,South Carolina,450689,0,2,1,1,1,NOT APPLICABLE,September,29,Friday,3,10,Urban,Low Speed (Local),No,33.03365833,-80.12056944,Non-Intersection,Dark - Lighted,Clear,Unknown,Unknown if Notified,Unknown EMS Scene Arrival Hour,Unknown if Arrived,Not Applicable (Not Transported),Not Applicable (Not Transported),1,Dark - Lighted,Clear,1,0,['Driver'],['None_Used'],1,1,Valid,0.0,0.0,30.0,30.0,['Male'],1,0,1,4,3,Dry,Curve,Level,Lowest,No
29353,45,South Carolina,450690,1,1,1,0,1,NOT APPLICABLE,September,29,Friday,5,0,Rural,Medium Speed (Collector),No,35.10063611,-82.161925,Non-Intersection,Dark - Not Lighted,Clear,Unknown,Unknown if Notified,Unknown EMS Scene Arrival Hour,Unknown if Arrived,Not Applicable (Not Transported),Not Applicable (Not Transported),1,Dark - Unlighted,Clear,0,1,[],[],0,0,Invalid,0.0,0.0,999.0,999.0,['Other'],0,0,1,0,4,Dry,Straight,Level,Lowest,No
29354,45,South Carolina,450691,0,1,1,0,1,NOT APPLICABLE,September,29,Friday,16,15,Rural,High Speed (Arterial),Yes,34.33524722,-79.55527222,Non-Intersection,Daylight,Clear,Unknown,Unknown,Unknown EMS Scene Arrival Hour,Unknown EMS Scene Arrival Minutes,Unknown,Unknown EMS Hospital Arrival Time,1,Daylight,Clear,1,0,['Driver'],['Shoulder_Lapbelt'],0,0,Invalid,0.0,0.0,41.0,41.0,['Male'],0,0,3,4,3,Dry,Straight,Level,Lowest,Yes
29355,45,South Carolina,450692,0,1,1,0,3,NOT APPLICABLE,September,30,Saturday,12,5,Rural,Medium Speed (Collector),No,34.28150556,-79.78118889,Non-Intersection,Daylight,Clear,Unknown,Unknown,Unknown EMS Scene Arrival Hour,Unknown EMS Scene Arrival Minutes,Unknown,Unknown EMS Hospital Arrival Time,1,Daylight,Clear,1,2,['Driver'],['None_Used'],0,0,Valid,0.0,0.0,16.0,16.0,['Female'],3,0,3,4,3,Dry,Straight,Level,Lowest,No
29356,45,South Carolina,450693,0,1,1,0,2,NOT APPLICABLE,October,1,Sunday,1,50,Urban,Low Speed (Local),No,34.35965556,-81.07776944,Simple Junction,Dark - Lighted,Clear,Unknown,Unknown,Unknown EMS Scene Arrival Hour,Unknown EMS Scene Arrival Minutes,Unknown,Unknown EMS Hospital Arrival Time,1,Dark - Lighted,Clear,1,1,['Front_Passenger'],['None_Used'],1,1,Valid,0.0,0.0,23.0,23.0,['Female'],0,0,2,4,3,Dry,Curve,Level,Lowest,No
29357,45,South Carolina,450694,0,2,2,0,2,NOT APPLICABLE,October,2,Monday,15,21,Urban,High Speed (Arterial),Yes,33.81076944,-79.02861111,Simple Junction,Daylight,Clear,Unknown,Unknown if Notified,Unknown EMS Scene Arrival Hour,Unknown if Arrived,Not Applicable (Not Transported),Not Applicable (Not Transported),1,Daylight,Clear,1,1,['Driver'],['None_Used'],0,0,Valid,0.0,0.0,45.0,16.0,"['Male', 'Male']",1,0,5,4,5,Dry,Straight,Level,Lowest,No
29358,45,South Carolina,450695,0,1,1,0,1,NOT APPLICABLE,October,3,Tuesday,18,50,Rural,High Speed (Arterial),Yes,33.75802778,-80.911375,Non-Intersection,Daylight,Clear,Unknown,Unknown,Unknown EMS Scene Arrival Hour,Unknown EMS Scene Arrival Minutes,Unknown,Unknown EMS Hospital Arrival Time,1,Daylight,Clear,1,0,['Driver'],['None_Used'],0,0,Valid,0.0,5.0,21.0,21.0,['Male'],1,0,2,4,3,Dry,Straight,Level,Lowest,No
29359,45,South Carolina,450696,0,2,2,0,2,CONWAY,October,4,Wednesday,19,58,Urban,Medium Speed (Collector),No,33.86441111,-79.06513056,Non-Intersection,Daylight,Clear,Unknown,Unknown,Unknown EMS Scene Arrival Hour,Unknown EMS Scene Arrival Minutes,Unknown,Unknown EMS Hospital Arrival Time,1,Daylight,Clear,1,1,['Driver'],['None_Used'],0,0,Valid,1.0,0.0,68.0,19.0,"['Female', 'Female']",0,0,5,4,5,Dry,Straight,Non-Trafficway,Lowest,No
29360,45,South Carolina,450697,1,1,1,0,1,NOT APPLICABLE,October,4,Wednesday,21,0,Rural,Medium Speed (Collector),No,34.16326389,-79.91290556,Non-Intersection,Dark - Not Lighted,Clear,Unknown,Unknown if Notified,Unknown EMS Scene Arrival Hour,Unknown if Arrived,Not Applicable (Not Transported),Not Applicable (Not Transported),1,Dark - Unlighted,Clear,0,1,[],[],0,0,Invalid,1.0,0.0,37.0,37.0,['Male'],0,0,3,0,4,Dry,Straight,Level,Lowest,No
29361,45,South Carolina,450698,0,2,2,0,2,NOT APPLICABLE,October,5,Thursday,0,4,Rural,High Speed (Arterial),Yes,32.41106111,-81.01366111,Non-Intersection,Dark - Not Lighted,Clear,Unknown,Unknown if Notified,Unknown EMS Scene Arrival Hour,Unknown if Arrived,Not Applicable (Not Transported),Not Applicable (Not Transported),1,Dark - Unlighted,Clear,1,1,['Driver'],['None_Used'],1,1,Invalid,0.0,0.0,41.0,38.0,"['Male', 'Male']",0,0,5,4,5,Dry,Straight,Level,Lowest,No
29362,45,South Carolina,450699,0,1,1,0,2,NOT APPLICABLE,October,6,Friday,0,30,Rural,High Speed (Arterial),Yes,34.55565278,-81.00823056,Non-Intersection,Dark - Not Lighted,Clear,Unknown,Unknown,Unknown EMS Scene Arrival Hour,Unknown EMS Scene Arrival Minutes,Unknown,Unknown EMS Hospital Arrival Time,1,Dark - Unlighted,Clear,1,1,['Driver'],['None_Used'],0,0,Valid,0.0,0.0,20.0,20.0,['Male'],2,0,3,4,3,Dry,Straight,Level,Medium,No
29363,45,South Carolina,450700,0,2,2,0,4,NOT APPLICABLE,October,6,Friday,9,38,Rural,Medium Speed (Collector),No,34.60116944,-83.02460278,Non-Intersection,Daylight,Clear,Unknown,Unknown,Unknown EMS Scene Arrival Hour,Unknown EMS Scene Arrival Minutes,Unknown,Unknown EMS Hospital Arrival Time,1,Daylight,Clear,1,3,['Driver'],['None_Used'],1,1,Valid,0.0,0.0,57.0,23.0,"['Male', 'Male']",0,0,3,4,5,Dry,Straight,Level,Lowest,No
29364,45,South Carolina,450701,0,2,2,0,2,NOT APPLICABLE,October,6,Friday,16,39,Urban,High Speed (Arterial),No,34.89328889,-82.23364722,Simple Junction,Daylight,Clear,Unknown,Unknown if Notified,Unknown EMS Scene Arrival Hour,Unknown if Arrived,Not Applicable (Not Transported),Not Applicable (Not Transported),1,Daylight,Clear,1,1,['Driver'],['None_Used'],1,1,Valid,1.0,1.0,62.0,41.0,"['Male', 'Female']",0,0,5,4,5,Dry,Straight,Level,Lowest,No
29365,45,South Carolina,450702,0,1,1,0,1,NOT APPLICABLE,October,6,Friday,20,12,Rural,High Speed (Arterial),Yes,33.28846389,-79.82296389,Non-Intersection,Dark - Not Lighted,Clear,Unknown,Unknown,Unknown EMS Scene Arrival Hour,Unknown EMS Scene Arrival Minutes,Unknown,Unknown EMS Hospital Arrival Time,1,Dark - Unlighted,Clear,1,0,['Driver'],['None_Used'],0,0,Valid,0.0,0.0,55.0,55.0,['Female'],1,0,5,4,2,Dry,Straight,Level,Lowest,No
29366,45,South Carolina,450703,1,1,1,0,1,NOT APPLICABLE,October,6,Friday,23,10,Rural,High Speed (Arterial),Yes,33.44173889,-79.54421944,Non-Intersection,Dark - Not Lighted,Clear,Unknown,Unknown,Unknown EMS Scene Arrival Hour,Unknown EMS Scene Arrival Minutes,Unknown,Unknown EMS Hospital Arrival Time,1,Dark - Unlighted,Clear,0,1,[],[],0,0,Invalid,2.0,4.0,40.0,40.0,['Female'],0,0,3,3,4,Dry,Straight,Level,Lowest,No
29367,45,South Carolina,450704,0,1,1,0,2,NOT APPLICABLE,October,7,Saturday,5,20,Rural,High Speed (Arterial),Yes,33.43942222,-80.79320833,Non-Intersection,Dark - Not Lighted,Clear,Unknown,Unknown,Unknown EMS Scene Arrival Hour,Unknown EMS Scene Arrival Minutes,Unknown,Unknown EMS Hospital Arrival Time,1,Dark - Unlighted,Clear,1,1,['Driver'],['None_Used'],1,1,Invalid,0.0,0.0,18.0,18.0,['Male'],2,0,3,4,3,Dry,Straight,Level,Lowest,No
29368,45,South Carolina,450706,1,1,1,0,2,COLUMBIA,August,26,Saturday,20,20,Urban,High Speed (Arterial),Yes,34.04011111,-80.99881111,Non-Intersection,Dark - Not Lighted,Clear,Unknown,Unknown,Unknown EMS Scene Arrival Hour,Unknown EMS Scene Arrival Minutes,Unknown,Unknown EMS Hospital Arrival Time,1,Dark - Unlighted,Clear,0,2,[],[],0,0,Valid,0.0,0.0,55.0,55.0,['Female'],0,0,2,4,4,Dry,Straight,Grade/Hillcrest,Lowest,No
29369,45,South Carolina,450707,0,2,2,0,5,SPARTANBURG,August,27,Sunday,0,58,Urban,Medium Speed (Collector),No,34.92993889,-81.95486111,Non-Intersection,Dark - Lighted,Clear,Unknown,Unknown,Unknown EMS Scene Arrival Hour,Unknown EMS Scene Arrival Minutes,Unknown,Unknown EMS Hospital Arrival Time,1,Dark - Lighted,Clear,1,4,['Front_Passenger'],['None_Used'],0,0,Valid,2.0,2.0,31.0,28.0,"['Male', 'Male']",2,0,3,4,5,Dry,Curve,Level,Lowest,No
29370,45,South Carolina,450708,1,1,1,0,1,SUMMERVILLE,September,13,Wednesday,23,46,Urban,Medium Speed (Collector),No,33.03181111,-80.19053056,Non-Intersection,Dark - Lighted,Clear,Unknown,Unknown if Notified,Unknown EMS Scene Arrival Hour,Unknown if Arrived,Not Applicable (Not Transported),Not Applicable (Not Transported),1,Dark - Lighted,Clear,0,1,[],[],0,0,Valid,3.0,2.0,46.0,46.0,['Male'],0,0,3,3,4,Dry,Straight,Level,Lowest,No
29371,45,South Carolina,450709,0,3,3,0,3,GREER,September,16,Saturday,14,25,Urban,High Speed (Arterial),Yes,34.93968056,-82.26558889,Complex/Circle,Daylight,Clear,Unknown,Unknown,Unknown EMS Scene Arrival Hour,Unknown EMS Scene Arrival Minutes,Unknown,Unknown EMS Hospital Arrival Time,1,Daylight,Clear,1,2,['Driver'],['None_Used'],1,1,Valid,0.0,0.0,82.0,24.0,"['Male', 'Female', 'Male']",1,0,5,4,5,Dry,Straight,Grade/Hillcrest,Lowest,No
29372,45,South Carolina,450710,0,1,1,0,2,WEST COLUMBIA,October,1,Sunday,1,18,Urban,High Speed (Arterial),Yes,33.98038889,-81.10638889,Non-Intersection,Dark - Not Lighted,Clear,Unknown,Unknown,Unknown EMS Scene Arrival Hour,Unknown EMS Scene Arrival Minutes,Unknown,Unknown EMS Hospital Arrival Time,1,Dark - Unlighted,Clear,1,1,['Driver'],['Shoulder_Lapbelt'],0,0,Valid,0.0,0.0,17.0,17.0,['Male'],2,0,2,4,3,Dry,Straight,Level,Lowest,No
29373,45,South Carolina,450711,1,1,1,0,1,NOT APPLICABLE,October,3,Tuesday,22,6,Urban,Medium Speed (Collector),No,34.87992778,-82.44796667,Non-Intersection,Dark - Lighted,Clear,Unknown,Unknown,Unknown EMS Scene Arrival Hour,Unknown EMS Scene Arrival Minutes,Unknown,Unknown EMS Hospital Arrival Time,1,Dark - Lighted,Clear,0,1,[],[],0,0,Invalid,0.0,0.0,999.0,999.0,['Other'],0,0,1,0,4,Dry,Straight,Level,Lowest,No
29374,45,South Carolina,450712,0,3,3,0,3,LYMAN,October,4,Wednesday,15,34,Urban,Medium Speed (Collector),No,34.984275,-82.11206667,Non-Intersection,Daylight,Clear,Unknown,Unknown,Unknown EMS Scene Arrival Hour,Unknown EMS Scene Arrival Minutes,Unknown,Unknown EMS Hospital Arrival Time,1,Daylight,Clear,1,2,['Driver'],['None_Used'],1,1,Valid,0.0,1.0,75.0,31.0,"['Male', 'Male', 'Female']",0,0,3,4,5,Dry,Straight,Level,Lowest,No
29375,45,South Carolina,450713,0,1,1,0,1,NOT APPLICABLE,October,5,Thursday,1,45,Urban,Low Speed (Local),No,33.59965,-79.02426389,Non-Intersection,Dark - Not Lighted,Clear,Unknown,Unknown if Notified,Unknown EMS Scene Arrival Hour,Unknown if Arrived,Not Applicable (Not Transported),Not Applicable (Not Transported),1,Dark - Unlighted,Clear,1,0,['Driver'],['None_Used'],1,1,Valid,0.0,0.0,28.0,28.0,['Male'],1,0,5,4,3,Dry,Straight,Level,Lowest,No
29376,45,South Carolina,450714,0,1,1,0,2,NOT APPLICABLE,October,7,Saturday,20,28,Rural,High Speed (Arterial),Yes,34.0678,-80.92238056,Non-Intersection,Dark - Not Lighted,Clear,Unknown,Unknown if Notified,Unknown EMS Scene Arrival Hour,Unknown if Arrived,Not Applicable (Not Transported),Not Applicable (Not Transported),2,Dark - Unlighted,Clear,2,0,"['Driver', 'Front_Passenger']","['None_Used', 'None_Used']",1,1,Valid,0.0,0.0,53.0,53.0,['Female'],2,0,3,4,3,Dry,Curve,Grade/Hillcrest,Lowest,No
29377,45,South Carolina,450715,0,2,2,0,8,NOT APPLICABLE,October,7,Saturday,22,8,Rural,High Speed (Arterial),Yes,34.20954722,-80.64794722,Non-Intersection,Dark - Not Lighted,Clear,Unknown,Unknown,Unknown EMS Scene Arrival Hour,Unknown EMS Scene Arrival Minutes,Unknown,Unknown EMS Hospital Arrival Time,2,Dark - Unlighted,Clear,2,6,"['Driver', 'Front_Passenger']","['Shoulder_Lapbelt', 'None_Used']",0,0,Valid,1.0,0.0,48.0,20.0,"['Female', 'Male']",1,0,3,4,3,Dry,Straight,Level,Lowest,No
29378,45,South Carolina,450716,1,1,1,0,1,NOT APPLICABLE,October,8,Sunday,0,41,Urban,High Speed (Arterial),No,32.97191389,-80.01708056,Non-Intersection,Dark - Not Lighted,Clear,Unknown,Unknown,Unknown EMS Scene Arrival Hour,Unknown EMS Scene Arrival Minutes,Unknown,Unknown EMS Hospital Arrival Time,1,Dark - Unlighted,Clear,0,1,[],[],0,0,Valid,0.0,0.0,18.0,18.0,['Male'],0,0,3,3,4,Dry,Straight,Level,Lowest,No
29379,45,South Carolina,450717,1,1,1,0,1,SOUTH CONGAREE,April,10,Monday,17,21,Urban,Medium Speed (Collector),No,33.90676944,-81.15476111,Non-Intersection,Daylight,Clear,Unknown,Unknown,Unknown EMS Scene Arrival Hour,Unknown EMS Scene Arrival Minutes,Unknown,Unknown EMS Hospital Arrival Time,1,Daylight,Clear,0,1,[],[],0,0,Valid,0.0,1.0,47.0,47.0,['Female'],0,0,3,3,4,Dry,Straight,Level,Lowest,No
29380,45,South Carolina,450718,0,2,2,0,3,NOT APPLICABLE,October,8,Sunday,2,8,Rural,High Speed (Arterial),Yes,33.70048889,-79.10876111,Non-Intersection,Dark - Not Lighted,Clear,Unknown,Unknown,Unknown EMS Scene Arrival Hour,Unknown EMS Scene Arrival Minutes,Unknown,Unknown EMS Hospital Arrival Time,2,Dark - Unlighted,Clear,2,1,"['Driver', 'Driver']","['None_Used', 'Shoulder_Lapbelt']",1,1,Valid,0.0,0.0,48.0,16.0,"['Male', 'Female']",0,0,2,4,5,Dry,Straight,Level,Lowest,No
29381,45,South Carolina,450719,0,2,2,0,6,NOT APPLICABLE,October,8,Sunday,16,10,Rural,High Speed (Arterial),Yes,34.50926944,-82.08386944,Complex/Circle,Daylight,Clear,Unknown,Unknown,Unknown EMS Scene Arrival Hour,Unknown EMS Scene Arrival Minutes,Unknown,Unknown EMS Hospital Arrival Time,1,Daylight,Clear,1,5,['Rear_Seat'],['Child_Safety'],0,0,Invalid,0.0,0.0,58.0,25.0,"['Male', 'Female']",0,0,3,4,5,Dry,Straight,Level,Lowest,No
29382,45,South Carolina,450720,1,1,1,0,3,NOT APPLICABLE,October,11,Wednesday,20,49,Urban,Medium Speed (Collector),No,33.00833056,-80.08834444,Non-Intersection,Dark - Not Lighted,Rain,Unknown,Unknown,Unknown EMS Scene Arrival Hour,Unknown EMS Scene Arrival Minutes,Unknown,Unknown EMS Hospital Arrival Time,1,Dark - Unlighted,Rain/Wind/Minor,0,3,[],[],0,0,Valid,0.0,0.0,60.0,60.0,['Male'],0,0,3,4,4,Wet/Standing Water,Straight,Level,Lowest,No
29383,45,South Carolina,450721,0,2,2,0,2,NOT APPLICABLE,October,11,Wednesday,0,41,Urban,Medium Speed (Collector),No,35.02711944,-81.97063611,Non-Intersection,Dark - Not Lighted,Clear,Unknown,Unknown,Unknown EMS Scene Arrival Hour,Unknown EMS Scene Arrival Minutes,Unknown,Unknown EMS Hospital Arrival Time,1,Dark - Unlighted,Clear,1,1,['Driver'],['None_Used'],0,0,Valid,2.0,0.0,40.0,34.0,"['Female', 'Male']",0,0,5,4,5,Dry,Curve,Level,Lowest,No
29384,45,South Carolina,450722,0,1,1,0,1,NOT APPLICABLE,October,12,Thursday,6,35,Rural,Medium Speed (Collector),No,33.80033611,-80.29409722,Non-Intersection,Dawn,Rain,Unknown,Unknown if Notified,Unknown EMS Scene Arrival Hour,Unknown if Arrived,Not Applicable (Not Transported),Not Applicable (Not Transported),1,Twilight,Rain/Wind/Minor,1,0,['Driver'],['Shoulder_Lapbelt'],0,0,Valid,0.0,2.0,34.0,34.0,['Male'],1,0,3,4,3,Wet/Standing Water,Straight,Level,Lowest,No
29385,45,South Carolina,450723,0,2,2,0,2,NOT APPLICABLE,October,13,Friday,4,0,Rural,High Speed (Arterial),Yes,33.33536389,-80.56518889,Non-Intersection,Dark - Not Lighted,Clear,Unknown,Unknown,Unknown EMS Scene Arrival Hour,Unknown EMS Scene Arrival Minutes,Unknown,Unknown EMS Hospital Arrival Time,1,Dark - Unlighted,Clear,1,1,['Driver'],['None_Used'],1,1,Valid,0.0,2.0,44.0,36.0,"['Male', 'Male']",1,0,4,4,5,Dry,Straight,Level,Lowest,No
29386,45,South Carolina,450724,1,1,1,0,1,NOT APPLICABLE,October,13,Friday,7,55,Rural,Low Speed (Local),No,33.81724167,-81.21182778,Non-Intersection,Daylight,Cloudy,Unknown,Unknown if Notified,Unknown EMS Scene Arrival Hour,Unknown if Arrived,Not Applicable (Not Transported),Not Applicable (Not Transported),1,Daylight,Reduced Visibility,0,1,[],[],0,0,Valid,1.0,5.0,22.0,22.0,['Male'],1,0,3,2,4,Dry,Straight,Grade/Hillcrest,Lowest,No
29387,45,South Carolina,450725,0,2,2,0,2,NOT APPLICABLE,October,14,Saturday,21,18,Rural,Medium Speed (Collector),No,33.66462222,-80.23688611,Non-Intersection,Dark - Not Lighted,Clear,Unknown,Unknown,Unknown EMS Scene Arrival Hour,Unknown EMS Scene Arrival Minutes,Unknown,Unknown EMS Hospital Arrival Time,1,Dark - Unlighted,Clear,1,1,['Driver'],['None_Used'],1,1,Valid,0.0,0.0,61.0,17.0,"['Male', 'Male']",0,0,5,4,5,Dry,Straight,Level,Lowest,No
29388,45,South Carolina,450726,0,1,1,0,5,NOT APPLICABLE,October,15,Sunday,5,30,Urban,High Speed (Arterial),Yes,33.82734167,-79.77188056,Non-Intersection,Dark - Not Lighted,Clear,Unknown,Unknown,Unknown EMS Scene Arrival Hour,Unknown EMS Scene Arrival Minutes,Unknown,Unknown EMS Hospital Arrival Time,2,Dark - Unlighted,Clear,2,3,"['Driver', 'Rear_Seat']","['None_Used', 'None_Used']",1,1,Valid,0.0,0.0,24.0,24.0,['Male'],5,0,2,4,3,Dry,Straight,Level,Lowest,No
29389,45,South Carolina,450727,0,1,1,0,1,NOT APPLICABLE,October,15,Sunday,20,45,Rural,Low Speed (Local),No,34.56726667,-79.68244722,Non-Intersection,Dark - Not Lighted,Clear,Unknown,Unknown,Unknown EMS Scene Arrival Hour,Unknown EMS Scene Arrival Minutes,Unknown,Unknown EMS Hospital Arrival Time,1,Dark - Unlighted,Clear,1,0,['Driver'],['None_Used'],0,0,Invalid,0.0,0.0,60.0,60.0,['Male'],1,0,2,4,3,Dry,Straight,Level,Lowest,No
29390,45,South Carolina,450728,1,1,1,0,1,BEAUFORT,October,15,Sunday,21,20,Urban,Medium Speed (Collector),No,32.43005833,-80.71885556,Non-Intersection,Dark - Not Lighted,Clear,Unknown,Unknown,Unknown EMS Scene Arrival Hour,Unknown EMS Scene Arrival Minutes,Unknown,Unknown EMS Hospital Arrival Time,1,Dark - Unlighted,Clear,0,1,[],[],0,0,Valid,2.0,0.0,55.0,55.0,['Female'],0,0,2,4,4,Dry,Straight,Level,Lowest,No
29391,45,South Carolina,450729,1,1,1,0,1,SUMMERVILLE,October,14,Saturday,21,30,Urban,High Speed (Arterial),No,32.9508,-80.1595,Non-Intersection,Dark - Lighted,Clear,Unknown,Unknown,Unknown EMS Scene Arrival Hour,Unknown EMS Scene Arrival Minutes,Unknown,Unknown EMS Hospital Arrival Time,1,Dark - Lighted,Clear,0,1,[],[],0,0,Valid,0.0,0.0,16.0,16.0,['Female'],1,0,2,4,4,Dry,Curve,Level,Lowest,No
29392,45,South Carolina,450730,1,1,1,0,1,LANCASTER,March,27,Monday,20,19,Urban,Low Speed (Local),No,34.72871667,-80.77756944,Complex/Circle,Dark - Not Lighted,Clear,Unknown,Unknown,Unknown EMS Scene Arrival Hour,Unknown EMS Scene Arrival Minutes,Unknown,Unknown EMS Hospital Arrival Time,1,Dark - Unlighted,Clear,0,1,[],[],0,0,Valid,0.0,0.0,63.0,63.0,['Female'],0,0,3,3,4,Dry,Straight,Level,Lowest,No
29393,45,South Carolina,450731,1,2,1,1,1,NOT APPLICABLE,October,16,Monday,2,2,Rural,High Speed (Arterial),Yes,34.26436111,-80.99773056,Non-Intersection,Dark - Not Lighted,Clear,Unknown,Unknown if Notified,Unknown EMS Scene Arrival Hour,Unknown if Arrived,Not Applicable (Not Transported),Not Applicable (Not Transported),1,Dark - Unlighted,Clear,0,1,[],[],0,0,Valid,0.0,0.0,57.0,57.0,['Male'],0,0,4,4,5,Dry,Straight,Level,Lowest,No
29394,45,South Carolina,450732,0,2,2,0,2,NOT APPLICABLE,October,17,Tuesday,12,17,Urban,High Speed (Arterial),Yes,33.16057778,-80.05795278,Complex/Circle,Daylight,Clear,Unknown,Unknown,Unknown EMS Scene Arrival Hour,Unknown EMS Scene Arrival Minutes,Unknown,Unknown EMS Hospital Arrival Time,1,Daylight,Clear,1,1,['Driver'],['None_Used'],1,1,Valid,1.0,0.0,72.0,43.0,"['Female', 'Male']",0,0,2,4,5,Dry,Straight,Level,Lowest,No
29395,45,South Carolina,450733,0,1,1,0,2,NOT APPLICABLE,October,17,Tuesday,17,45,Rural,Medium Speed (Collector),No,33.86918611,-81.41159722,Simple Junction,Dusk,Clear,Unknown,Unknown,Unknown EMS Scene Arrival Hour,Unknown EMS Scene Arrival Minutes,Unknown,Unknown EMS Hospital Arrival Time,1,Twilight,Clear,1,1,['Driver'],['Shoulder_Lapbelt'],0,0,Valid,0.0,0.0,36.0,36.0,['Female'],0,0,3,4,3,Dry,Curve,Grade/Hillcrest,Lowest,No
29396,45,South Carolina,450734,0,3,3,0,5,NOT APPLICABLE,October,18,Wednesday,19,15,Rural,High Speed (Arterial),Yes,34.1956,-79.74784444,Complex/Circle,Dark - Not Lighted,Clear,Unknown,Unknown,Unknown EMS Scene Arrival Hour,Unknown EMS Scene Arrival Minutes,Unknown,Unknown EMS Hospital Arrival Time,1,Dark - Unlighted,Clear,1,4,['Driver'],['None_Used'],0,0,Valid,0.0,0.0,56.0,27.0,"['Female', 'Male', 'Male']",1,0,5,4,5,Dry,Straight,Level,Lowest,No
29397,45,South Carolina,450735,0,2,2,0,2,NOT APPLICABLE,October,19,Thursday,19,15,Urban,Medium Speed (Collector),No,34.238625,-82.15327222,Non-Intersection,Dark - Not Lighted,Clear,Unknown,Unknown,Unknown EMS Scene Arrival Hour,Unknown EMS Scene Arrival Minutes,Unknown,Unknown EMS Hospital Arrival Time,1,Dark - Unlighted,Clear,1,1,['Driver'],['None_Used'],0,0,Valid,0.0,2.0,76.0,24.0,"['Male', 'Male']",0,0,5,4,5,Dry,Straight,Level,Lowest,No
29398,45,South Carolina,450736,0,1,1,0,1,NOT APPLICABLE,October,19,Thursday,5,17,Rural,Medium Speed (Collector),No,34.58769722,-79.57133056,Non-Intersection,Dark - Not Lighted,Clear,Unknown,Unknown,Unknown EMS Scene Arrival Hour,Unknown EMS Scene Arrival Minutes,Unknown,Unknown EMS Hospital Arrival Time,1,Dark - Unlighted,Clear,1,0,['Driver'],['None_Used'],0,0,Valid,0.0,3.0,21.0,21.0,['Male'],1,0,2,4,3,Dry,Straight,Level,Lowest,No
29399,45,South Carolina,450737,1,1,1,0,1,NOT APPLICABLE,October,19,Thursday,6,36,Rural,High Speed (Arterial),Yes,33.09388889,-81.21771667,Non-Intersection,Dark - Not Lighted,Clear,Unknown,Unknown,Unknown EMS Scene Arrival Hour,Unknown EMS Scene Arrival Minutes,Unknown,Unknown EMS Hospital Arrival Time,1,Dark - Unlighted,Clear,0,1,[],[],0,0,Valid,0.0,0.0,73.0,73.0,['Female'],0,0,3,3,4,Dry,Straight,Level,Lowest,No
29400,45,South Carolina,450738,0,2,2,0,2,NOT APPLICABLE,October,19,Thursday,20,16,Urban,Medium Speed (Collector),No,34.80222778,-82.67544167,Non-Intersection,Dark - Not Lighted,Clear,Unknown,Unknown,Unknown EMS Scene Arrival Hour,Unknown EMS Scene Arrival Minutes,Unknown,Unknown EMS Hospital Arrival Time,1,Dark - Unlighted,Clear,1,1,['Driver'],['None_Used'],0,0,Valid,0.0,3.0,28.0,18.0,"['Female', 'Male']",0,0,3,4,5,Dry,Straight,Level,Lowest,No