,State_Code,State_Name,Crash_ID,Count_Non_Motorists,Count_Vehicles_Total,Count_Vehicle_Forms,Count_PVH_Involved,Count_Occupants_MV,City_Name,Month_Name,Day_of_Month,Day_of_Week,Crash_Hour,Crash_Minute,Area_Rural_Urban,Road_Functional_Class,On_NHS_Road,Latitude,Longitude,Intersection_Type,Light_Condition,Weather_Condition,Notif_Hour,Notif_Minute,Arrival_Hour,Arrival_Minute,Hospital_Hour,Hospital_Minute,Fatalities_Count,Clean_Light_Condition,Clean_Weather_Condition,Total_Killed,Total_Alive,Fatal_Seats_List,Killed_Restraint_List,Any_Driver_Drinking,Total_Drinking_Drivers,Driver_License_Category,Driver_Max_Prev_Accident_Count,Driver_Max_Prev_Speeding_Count,Max_Driver_Age,Min_Driver_Age,Driver_Sex_List,Total_Exceeding_Limit_Vehicles,Total_Too_Fast_Vehicles,Max_Vehicle_Type_Severity_5,Max_Vehicle_Damage_Rank,Max_Harmful_Event_Severity,Crash_Road_Surface_Condition,Crash_Horizontal_Alignment,Crash_Vertical_Profile,Crash_Impairment_Category,Crash_Vehicle_Defect
29401,45,South Carolina,450739,0,1,1,0,1,NOT APPLICABLE,October,20,Friday,19,50,Rural,High Speed (Arterial),Yes,33.38294444,-80.52104722,Non-Intersection,Dark - Not Lighted,Rain,Unknown,Unknown if Notified,Unknown EMS Scene Arrival Hour,Unknown if Arrived,Not Applicable (Not Transported),Not Applicable (Not Transported),1,Dark - Unlighted,Rain/Wind/Minor,1,0,['Driver'],['None_Used'],1,1,Valid,0.0,0.0,72.0,72.0,['Male'],1,0,3,4,3,Wet/Standing Water,Straight,Level,Lowest,No
29402,45,South Carolina,450740,0,2,2,0,2,NOT APPLICABLE,October,20,Friday,22,8,Urban,High Speed (Arterial),Yes,34.91253611,-80.98265556,Non-Intersection,Dark - Not Lighted,Clear,Unknown,Unknown,Unknown EMS Scene Arrival Hour,Unknown EMS Scene Arrival Minutes,Unknown,Unknown EMS Hospital Arrival Time,1,Dark - Unlighted,Clear,1,1,['Driver'],['Shoulder_Lapbelt'],0,0,Valid,1.0,2.0,42.0,24.0,"['Male', 'Female']",1,0,2,4,5,Dry,Straight,Level,Lowest,No
29403,45,South Carolina,450741,1,1,1,0,1,NOT APPLICABLE,October,21,Saturday,1,26,Urban,High Speed (Arterial),Yes,33.79026944,-78.765625,Non-Intersection,Dark - Not Lighted,Clear,Unknown,Unknown if Notified,Unknown EMS Scene Arrival Hour,Unknown if Arrived,Not Applicable (Not Transported),Not Applicable (Not Transported),1,Dark - Unlighted,Clear,0,1,[],[],0,0,Valid,1.0,1.0,40.0,40.0,['Male'],0,0,3,3,4,Dry,Straight,Level,Lowest,No
29404,45,South Carolina,450742,0,1,1,0,2,NOT APPLICABLE,October,21,Saturday,18,50,Rural,Medium Speed (Collector),No,34.80569444,-81.73752222,Non-Intersection,Dark - Not Lighted,Clear,Unknown,Unknown,Unknown EMS Scene Arrival Hour,Unknown EMS Scene Arrival Minutes,Unknown,Unknown EMS Hospital Arrival Time,1,Dark - Unlighted,Clear,1,1,['Front_Passenger'],['Shoulder_Lapbelt'],1,1,Valid,1.0,0.0,62.0,62.0,['Male'],0,0,3,4,3,Dry,Curve,Level,Lowest,No
29405,45,South Carolina,450743,3,1,1,0,1,FLORENCE,October,21,Saturday,19,50,Urban,High Speed (Arterial),Yes,34.23221944,-79.80263056,Non-Intersection,Dark - Not Lighted,Clear,Unknown,Unknown,Unknown EMS Scene Arrival Hour,Unknown EMS Scene Arrival Minutes,Unknown,Unknown EMS Hospital Arrival Time,2,Dark - Unlighted,Clear,0,1,[],[],0,0,Valid,0.0,0.0,58.0,58.0,['Female'],0,0,3,4,4,Dry,Straight,Level,Lowest,No
29406,45,South Carolina,450744,1,2,1,1,1,NOT APPLICABLE,October,23,Monday,11,15,Rural,High Speed (Arterial),Yes,33.458375,-80.7104,Non-Intersection,Daylight,Clear,Unknown,Unknown,Unknown EMS Scene Arrival Hour,Unknown EMS Scene Arrival Minutes,Unknown,Unknown EMS Hospital Arrival Time,1,Daylight,Clear,0,1,[],[],0,0,Valid,1.0,0.0,44.0,44.0,['Male'],1,0,3,4,4,Dry,Straight,Level,Lowest,No
29407,45,South Carolina,450745,0,1,1,0,2,NOT APPLICABLE,October,24,Tuesday,14,25,Rural,Medium Speed (Collector),No,33.974,-80.02753056,Non-Intersection,Daylight,Clear,Unknown,Unknown,Unknown EMS Scene Arrival Hour,Unknown EMS Scene Arrival Minutes,Unknown,Unknown EMS Hospital Arrival Time,1,Daylight,Clear,1,1,['Front_Passenger'],['Shoulder_Lapbelt'],0,0,Valid,0.0,0.0,74.0,74.0,['Female'],0,0,3,4,3,Dry,Straight,Level,Medium,No
29408,45,South Carolina,450746,0,3,3,0,8,NOT APPLICABLE,October,25,Wednesday,17,15,Rural,High Speed (Arterial),Yes,34.51085,-82.20771389,Simple Junction,Daylight,Clear,Unknown,Unknown,Unknown EMS Scene Arrival Hour,Unknown EMS Scene Arrival Minutes,Unknown,Unknown EMS Hospital Arrival Time,1,Daylight,Clear,1,7,['Driver'],['None_Used'],1,1,Valid,1.0,2.0,51.0,41.0,"['Male', 'Male', 'Male']",0,0,5,4,5,Dry,Straight,Level,Lowest,No
29409,45,South Carolina,450747,1,1,1,0,1,NOT APPLICABLE,October,25,Wednesday,19,55,Urban,High Speed (Arterial),Yes,34.89689167,-82.340675,Non-Intersection,Dark - Unknown Lighting,Clear,Unknown,Unknown if Notified,Unknown EMS Scene Arrival Hour,Unknown if Arrived,Not Applicable (Not Transported),Not Applicable (Not Transported),1,Dark - Unlighted,Clear,0,1,[],[],0,0,Valid,0.0,0.0,77.0,77.0,['Female'],0,0,3,4,4,Dry,Straight,Level,Lowest,No
29410,45,South Carolina,450748,0,2,2,0,2,NOT APPLICABLE,October,26,Thursday,5,45,Rural,Medium Speed (Collector),No,33.01249722,-79.81178611,Complex/Circle,Dark - Not Lighted,Clear,Unknown,Unknown if Notified,Unknown EMS Scene Arrival Hour,Unknown if Arrived,Not Applicable (Not Transported),Not Applicable (Not Transported),1,Dark - Unlighted,Clear,1,1,['Driver'],['None_Used'],0,0,Valid,2.0,1.0,53.0,53.0,"['Male', 'Male']",0,0,4,4,5,Dry,Straight,Level,Lowest,No
29411,45,South Carolina,450749,0,2,2,0,2,NOT APPLICABLE,October,27,Friday,21,13,Urban,High Speed (Arterial),Yes,34.96094444,-82.05347778,Non-Intersection,Dark - Not Lighted,Clear,Unknown,Unknown if Notified,Unknown EMS Scene Arrival Hour,Unknown if Arrived,Not Applicable (Not Transported),Not Applicable (Not Transported),1,Dark - Unlighted,Clear,1,1,['Driver'],['Shoulder_Lapbelt'],1,1,Valid,0.0,0.0,30.0,24.0,"['Female', 'Male']",0,0,3,4,5,Dry,Straight,Level,Lowest,No
29412,45,South Carolina,450750,0,1,1,0,1,NOT APPLICABLE,October,28,Saturday,1,21,Rural,High Speed (Arterial),Yes,33.56856944,-79.79116111,Non-Intersection,Dark - Not Lighted,Clear,Unknown,Unknown if Notified,Unknown EMS Scene Arrival Hour,Unknown if Arrived,Not Applicable (Not Transported),Not Applicable (Not Transported),1,Dark - Unlighted,Clear,1,0,['Driver'],['None_Used'],0,0,Valid,1.0,0.0,38.0,38.0,['Female'],1,0,3,4,3,Dry,Curve,Level,Lowest,No
29413,45,South Carolina,450751,1,1,1,0,2,NOT APPLICABLE,October,28,Saturday,4,45,Rural,High Speed (Arterial),Yes,34.42164722,-82.23447778,Non-Intersection,Daylight,Clear,Unknown,Unknown if Notified,Unknown EMS Scene Arrival Hour,Unknown if Arrived,Not Applicable (Not Transported),Not Applicable (Not Transported),1,Daylight,Clear,0,2,[],[],0,0,Valid,0.0,0.0,18.0,18.0,['Male'],0,0,3,2,4,Dry,Straight,Level,Lowest,No
29414,45,South Carolina,450752,1,1,1,0,1,NOT APPLICABLE,October,28,Saturday,6,25,Rural,Medium Speed (Collector),No,34.63059167,-82.13267778,Non-Intersection,Dark - Unknown Lighting,Clear,Unknown,Unknown if Notified,Unknown EMS Scene Arrival Hour,Unknown if Arrived,Not Applicable (Not Transported),Not Applicable (Not Transported),1,Dark - Unlighted,Clear,0,1,[],[],0,0,Valid,0.0,1.0,39.0,39.0,['Male'],0,0,2,3,4,Dry,Straight,Level,Lowest,No
29415,45,South Carolina,450753,0,2,2,0,2,NOT APPLICABLE,October,28,Saturday,19,28,Rural,High Speed (Arterial),Yes,34.32989167,-80.08369722,Simple Junction,Dusk,Clear,Unknown,Unknown,Unknown EMS Scene Arrival Hour,Unknown EMS Scene Arrival Minutes,Unknown,Unknown EMS Hospital Arrival Time,1,Twilight,Clear,1,1,['Driver'],['None_Used'],0,0,Valid,0.0,0.0,66.0,51.0,"['Female', 'Female']",0,0,5,4,5,Dry,Curve,Level,Lowest,No
29416,45,South Carolina,450754,0,3,3,0,4,NOT APPLICABLE,October,29,Sunday,12,33,Rural,Medium Speed (Collector),No,34.1574,-82.60048056,Non-Intersection,Daylight,Clear,Unknown,Unknown,Unknown EMS Scene Arrival Hour,Unknown EMS Scene Arrival Minutes,Unknown,Unknown EMS Hospital Arrival Time,2,Daylight,Clear,2,2,"['Driver', 'Front_Passenger']","['None_Used', 'None_Used']",0,0,Valid,0.0,3.0,25.0,16.0,"['Male', 'Male', 'Male']",0,0,3,4,5,Dry,Straight,Level,Lowest,No
29417,45,South Carolina,450755,0,3,3,0,5,NOT APPLICABLE,October,29,Sunday,21,35,Urban,High Speed (Arterial),Yes,32.92561111,-80.04203056,Non-Intersection,Dark - Not Lighted,Clear,Unknown,Unknown,Unknown EMS Scene Arrival Hour,Unknown EMS Scene Arrival Minutes,Unknown,Unknown EMS Hospital Arrival Time,1,Dark - Unlighted,Clear,1,4,['Driver'],['None_Used'],0,0,Valid,2.0,1.0,39.0,25.0,"['Male', 'Male', 'Male']",1,0,5,4,5,Dry,Straight,Level,Lowest,No
29418,45,South Carolina,450756,0,1,1,0,1,NOT APPLICABLE,October,30,Monday,1,27,Urban,Medium Speed (Collector),No,32.91969444,-80.10079444,Non-Intersection,Dark - Not Lighted,Clear,Unknown,Unknown if Notified,Unknown EMS Scene Arrival Hour,Unknown if Arrived,Not Applicable (Not Transported),Not Applicable (Not Transported),1,Dark - Unlighted,Clear,1,0,['Driver'],['Shoulder_Lapbelt'],0,0,Invalid,2.0,0.0,20.0,20.0,['Male'],1,0,2,4,3,Dry,Straight,Level,Lowest,No
29419,45,South Carolina,450757,0,3,3,0,4,NOT APPLICABLE,October,31,Tuesday,6,15,Rural,High Speed (Arterial),Yes,34.198875,-80.58631111,Non-Intersection,Dark - Not Lighted,Clear,Unknown,Unknown,Unknown EMS Scene Arrival Hour,Unknown EMS Scene Arrival Minutes,Unknown,Unknown EMS Hospital Arrival Time,1,Dark - Unlighted,Clear,1,3,['Driver'],['Shoulder_Lapbelt'],0,0,Valid,1.0,1.0,54.0,24.0,"['Male', 'Female', 'Male']",0,0,3,4,5,Dry,Straight,Level,Lowest,No
29420,45,South Carolina,450758,0,1,1,0,2,NOT APPLICABLE,October,31,Tuesday,23,20,Rural,Medium Speed (Collector),No,34.26034444,-81.27252222,Non-Intersection,Dark - Not Lighted,Clear,Unknown,Unknown,Unknown EMS Scene Arrival Hour,Unknown EMS Scene Arrival Minutes,Unknown,Unknown EMS Hospital Arrival Time,2,Dark - Unlighted,Clear,2,0,"['Driver', 'Front_Passenger']","['None_Used', 'None_Used']",0,0,Valid,1.0,0.0,24.0,24.0,['Female'],0,0,2,4,3,Dry,Curve,Level,Lowest,No
29421,45,South Carolina,450759,0,2,2,0,3,NOT APPLICABLE,September,21,Thursday,23,15,Rural,Medium Speed (Collector),No,34.11628333,-79.30993056,Simple Junction,Dark - Not Lighted,Clear,Unknown,Unknown if Notified,Unknown EMS Scene Arrival Hour,Unknown if Arrived,Not Applicable (Not Transported),Not Applicable (Not Transported),1,Dark - Unlighted,Clear,1,2,['Driver'],['None_Used'],0,0,Invalid,0.0,1.0,53.0,37.0,"['Male', 'Male']",0,0,5,4,5,Dry,Straight,Level,Lowest,No
29422,45,South Carolina,450760,1,2,1,1,1,NORTH CHARLESTON,September,30,Saturday,20,13,Urban,High Speed (Arterial),Yes,32.8629,-80.02573611,Non-Intersection,Dark - Not Lighted,Clear,Unknown,Unknown,Unknown EMS Scene Arrival Hour,Unknown EMS Scene Arrival Minutes,Unknown,Unknown EMS Hospital Arrival Time,1,Dark - Unlighted,Clear,0,1,[],[],0,0,Valid,0.0,0.0,28.0,28.0,['Male'],0,0,2,4,5,Dry,Straight,Level,Lowest,No
29423,45,South Carolina,450761,1,1,1,0,1,NORTH CHARLESTON,October,27,Friday,20,27,Urban,High Speed (Arterial),No,32.90143889,-79.99527222,Non-Intersection,Dark - Lighted,Clear,Unknown,Unknown,Unknown EMS Scene Arrival Hour,Unknown EMS Scene Arrival Minutes,Unknown,Unknown EMS Hospital Arrival Time,1,Dark - Lighted,Clear,0,1,[],[],0,0,Valid,0.0,0.0,32.0,32.0,['Male'],0,0,3,0,4,Dry,Straight,Level,Lowest,No
29424,45,South Carolina,450762,1,1,1,0,2,COLUMBIA,October,21,Saturday,0,2,Urban,High Speed (Arterial),Yes,33.99468889,-81.02511111,Simple Junction,Dark - Lighted,Clear,Unknown,Unknown if Notified,Unknown EMS Scene Arrival Hour,Unknown if Arrived,Not Applicable (Not Transported),Not Applicable (Not Transported),1,Dark - Lighted,Clear,0,2,[],[],0,0,Valid,2.0,2.0,25.0,25.0,['Male'],0,0,2,4,4,Dry,Straight,Grade/Hillcrest,Lowest,No
29425,45,South Carolina,450763,0,2,2,0,2,CONWAY,October,25,Wednesday,19,42,Urban,High Speed (Arterial),Yes,33.83183056,-79.05656111,Complex/Circle,Dark - Lighted,Clear,Unknown,Unknown,Unknown EMS Scene Arrival Hour,Unknown EMS Scene Arrival Minutes,Unknown,Unknown EMS Hospital Arrival Time,1,Dark - Lighted,Clear,1,1,['Driver'],['None_Used'],0,0,Valid,0.0,5.0,63.0,53.0,"['Male', 'Male']",0,0,5,4,5,Dry,Straight,Level,Lowest,No
29426,45,South Carolina,450764,0,1,1,0,1,NOT APPLICABLE,November,1,Wednesday,2,33,Rural,Medium Speed (Collector),No,35.09357222,-82.2239,Non-Intersection,Dark - Unknown Lighting,Clear,Unknown,Unknown if Notified,Unknown EMS Scene Arrival Hour,Unknown if Arrived,Not Applicable (Not Transported),Not Applicable (Not Transported),1,Dark - Unlighted,Clear,1,0,['Driver'],['None_Used'],1,1,Valid,0.0,0.0,18.0,18.0,['Male'],1,0,3,4,3,Dry,Curve,Grade/Hillcrest,Lowest,No
29427,45,South Carolina,450765,0,1,1,0,1,NOT APPLICABLE,November,1,Wednesday,16,0,Rural,Medium Speed (Collector),No,33.20908611,-80.30816667,Non-Intersection,Daylight,Clear,Unknown,Unknown if Notified,Unknown EMS Scene Arrival Hour,Unknown if Arrived,Not Applicable (Not Transported),Not Applicable (Not Transported),1,Daylight,Clear,1,0,['Driver'],['None_Used'],1,1,Invalid,0.0,0.0,57.0,57.0,['Male'],1,0,2,4,3,Dry,Curve,Level,Lowest,No
29428,45,South Carolina,450766,0,2,2,0,3,NOT APPLICABLE,November,2,Thursday,18,47,Rural,High Speed (Arterial),Yes,32.52164444,-81.00351944,Non-Intersection,Dark - Not Lighted,Clear,Unknown,Unknown,Unknown EMS Scene Arrival Hour,Unknown EMS Scene Arrival Minutes,Unknown,Unknown EMS Hospital Arrival Time,1,Dark - Unlighted,Clear,1,2,['Driver'],['None_Used'],0,0,Valid,0.0,2.0,82.0,35.0,"['Male', 'Female']",0,0,3,4,5,Dry,Straight,Level,Lowest,No
29429,45,South Carolina,450767,0,1,1,0,1,NOT APPLICABLE,November,3,Friday,4,15,Rural,Medium Speed (Collector),No,32.80309722,-81.117,Non-Intersection,Dark - Not Lighted,Clear,Unknown,Unknown if Notified,Unknown EMS Scene Arrival Hour,Unknown if Arrived,Not Applicable (Not Transported),Not Applicable (Not Transported),1,Dark - Unlighted,Clear,1,0,['Driver'],['None_Used'],1,1,Valid,0.0,0.0,43.0,43.0,['Male'],0,0,2,4,2,Dry,Curve,Level,Lowest,No
29430,45,South Carolina,450768,0,2,2,0,2,NOT APPLICABLE,November,3,Friday,10,39,Rural,High Speed (Arterial),Yes,34.27009722,-79.42620278,Non-Intersection,Daylight,Clear,Unknown,Unknown if Notified,Unknown EMS Scene Arrival Hour,Unknown if Arrived,Not Applicable (Not Transported),Not Applicable (Not Transported),1,Daylight,Clear,1,1,['Driver'],['Shoulder_Lapbelt'],0,0,Valid,1.0,0.0,84.0,32.0,"['Male', 'Female']",1,0,4,4,5,Dry,Straight,Level,Lowest,No
29431,45,South Carolina,450769,0,1,1,0,2,NOT APPLICABLE,November,3,Friday,19,55,Rural,Medium Speed (Collector),No,34.07141111,-80.37081111,Non-Intersection,Dark - Not Lighted,Clear,Unknown,Unknown,Unknown EMS Scene Arrival Hour,Unknown EMS Scene Arrival Minutes,Unknown,Unknown EMS Hospital Arrival Time,1,Dark - Unlighted,Clear,1,1,['Front_Passenger'],['None_Used'],1,1,Invalid,1.0,0.0,66.0,66.0,['Male'],0,0,2,4,2,Dry,Straight,Level,Lowest,No
29432,45,South Carolina,450770,1,1,1,0,4,NOT APPLICABLE,November,3,Friday,19,13,Rural,High Speed (Arterial),Yes,33.66417778,-81.67419722,Complex/Circle,Dark - Lighted,Clear,Unknown,Unknown,Unknown EMS Scene Arrival Hour,Unknown EMS Scene Arrival Minutes,Unknown,Unknown EMS Hospital Arrival Time,1,Dark - Lighted,Clear,0,4,[],[],0,0,Valid,1.0,1.0,64.0,64.0,['Female'],0,0,3,4,4,Dry,Straight,Level,Lowest,No
29433,45,South Carolina,450771,0,1,1,0,2,NOT APPLICABLE,November,5,Sunday,2,35,Rural,Medium Speed (Collector),No,34.55659444,-82.132525,Non-Intersection,Dark - Not Lighted,Clear,Unknown,Unknown,Unknown EMS Scene Arrival Hour,Unknown EMS Scene Arrival Minutes,Unknown,Unknown EMS Hospital Arrival Time,1,Dark - Unlighted,Clear,1,1,['Driver'],['None_Used'],1,1,Invalid,0.0,2.0,22.0,22.0,['Female'],0,0,2,4,3,Dry,Straight,Grade/Hillcrest,Lowest,No
29434,45,South Carolina,450772,0,1,1,0,1,NOT APPLICABLE,November,5,Sunday,8,35,Rural,High Speed (Arterial),Yes,33.67064167,-81.66255556,Non-Intersection,Daylight,Clear,Unknown,Unknown,Unknown EMS Scene Arrival Hour,Unknown EMS Scene Arrival Minutes,Unknown,Unknown EMS Hospital Arrival Time,1,Daylight,Clear,1,0,['Driver'],['None_Used'],1,1,Valid,0.0,0.0,61.0,61.0,['Male'],0,0,5,4,0,Dry,Straight,Level,Lowest,No
29435,45,South Carolina,450773,1,2,2,0,4,NOT APPLICABLE,November,6,Monday,16,35,Urban,Medium Speed (Collector),No,34.05556667,-81.18430278,Non-Intersection,Dusk,Clear,Unknown,Unknown,Unknown EMS Scene Arrival Hour,Unknown EMS Scene Arrival Minutes,Unknown,Unknown EMS Hospital Arrival Time,1,Twilight,Clear,0,4,[],[],0,0,Valid,0.0,0.0,58.0,35.0,"['Male', 'Female']",0,0,4,4,5,Dry,Straight,Grade/Hillcrest,Lowest,No
29436,45,South Carolina,450774,0,2,2,0,2,NOT APPLICABLE,November,7,Tuesday,14,10,Rural,Medium Speed (Collector),No,34.75224167,-80.34629444,Simple Junction,Daylight,Clear,Unknown,Unknown if Notified,Unknown EMS Scene Arrival Hour,Unknown if Arrived,Not Applicable (Not Transported),Not Applicable (Not Transported),1,Daylight,Clear,1,1,['Driver'],['Shoulder_Lapbelt'],0,0,Valid,3.0,0.0,74.0,51.0,"['Male', 'Male']",0,0,4,4,5,Dry,Straight,Level,Lowest,No
29437,45,South Carolina,450775,0,1,1,0,1,NOT APPLICABLE,November,8,Wednesday,19,30,Rural,Medium Speed (Collector),No,34.40443889,-81.83373889,Non-Intersection,Dark - Not Lighted,Clear,Unknown,Unknown if Notified,Unknown EMS Scene Arrival Hour,Unknown if Arrived,Not Applicable (Not Transported),Not Applicable (Not Transported),1,Dark - Unlighted,Clear,1,0,['Driver'],['None_Used'],1,1,Valid,0.0,0.0,38.0,38.0,['Male'],1,0,3,4,3,Dry,Straight,Level,Lowest,No
29438,45,South Carolina,450776,0,2,2,0,5,NOT APPLICABLE,November,9,Thursday,22,50,Urban,High Speed (Arterial),Yes,34.45648333,-79.336725,Complex/Circle,Dark - Lighted,Clear,Unknown,Unknown,Unknown EMS Scene Arrival Hour,Unknown EMS Scene Arrival Minutes,Unknown,Unknown EMS Hospital Arrival Time,2,Dark - Lighted,Clear,2,3,"['Driver', 'Rear_Seat']","['None_Used', 'None_Used']",0,0,Valid,0.0,0.0,18.0,17.0,"['Male', 'Male']",1,0,3,4,5,Dry,Straight,Level,Lowest,No
29439,45,South Carolina,450777,0,1,1,0,1,NOT APPLICABLE,November,10,Friday,2,52,Rural,High Speed (Arterial),Yes,32.97917222,-80.63455,Non-Intersection,Dark - Not Lighted,Clear,Unknown,Unknown if Notified,Unknown EMS Scene Arrival Hour,Unknown if Arrived,Not Applicable (Not Transported),Not Applicable (Not Transported),1,Dark - Unlighted,Clear,1,0,['Driver'],['Shoulder_Lapbelt'],1,1,Valid,0.0,1.0,63.0,63.0,['Male'],1,0,3,4,3,Dry,Curve,Level,Lowest,No
29440,45,South Carolina,450778,0,2,2,0,2,NOT APPLICABLE,November,10,Friday,14,19,Rural,High Speed (Arterial),Yes,34.195675,-80.27935833,Simple Junction,Daylight,Cloudy,Unknown,Unknown,Unknown EMS Scene Arrival Hour,Unknown EMS Scene Arrival Minutes,Unknown,Unknown EMS Hospital Arrival Time,1,Daylight,Reduced Visibility,1,1,['Driver'],['Shoulder_Lapbelt'],0,0,Valid,0.0,1.0,88.0,59.0,"['Male', 'Female']",0,0,4,4,5,Dry,Straight,Level,Lowest,No
29441,45,South Carolina,450779,1,1,1,0,1,NOT APPLICABLE,November,10,Friday,18,54,Urban,Medium Speed (Collector),No,34.98016389,-81.89243056,Non-Intersection,Dark - Not Lighted,Clear,Unknown,Unknown if Notified,Unknown EMS Scene Arrival Hour,Unknown if Arrived,Not Applicable (Not Transported),Not Applicable (Not Transported),1,Dark - Unlighted,Clear,0,1,[],[],0,0,Valid,0.0,0.0,56.0,56.0,['Male'],0,0,3,3,4,Dry,Straight,Level,Lowest,No
29442,45,South Carolina,450780,1,1,1,0,1,NORTH CHARLESTON,November,10,Friday,21,22,Urban,High Speed (Arterial),Yes,32.92593889,-80.04206111,Non-Intersection,Dark - Not Lighted,Clear,Unknown,Unknown if Notified,Unknown EMS Scene Arrival Hour,Unknown if Arrived,Not Applicable (Not Transported),Not Applicable (Not Transported),1,Dark - Unlighted,Clear,0,1,[],[],0,0,Valid,0.0,0.0,26.0,26.0,['Female'],0,0,3,3,4,Dry,Straight,Level,Lowest,No
29443,45,South Carolina,450781,0,1,1,0,1,NOT APPLICABLE,November,11,Saturday,0,57,Urban,High Speed (Arterial),Yes,32.87538889,-80.01428056,Non-Intersection,Dark - Not Lighted,Clear,Unknown,Unknown if Notified,Unknown EMS Scene Arrival Hour,Unknown if Arrived,Not Applicable (Not Transported),Not Applicable (Not Transported),1,Dark - Unlighted,Clear,1,0,['Driver'],['None_Used'],1,1,Valid,0.0,0.0,35.0,35.0,['Male'],1,0,3,4,3,Dry,Curve,Level,Lowest,No
29444,45,South Carolina,450782,0,1,1,0,1,NOT APPLICABLE,November,11,Saturday,1,21,Rural,Low Speed (Local),No,33.86393889,-78.9469,Non-Intersection,Dark - Not Lighted,Clear,Unknown,Unknown,Unknown EMS Scene Arrival Hour,Unknown EMS Scene Arrival Minutes,Unknown,Unknown EMS Hospital Arrival Time,1,Dark - Unlighted,Clear,1,0,['Driver'],['None_Used'],0,0,Invalid,0.0,0.0,25.0,25.0,['Male'],0,0,2,4,3,Dry,Curve,Level,Lowest,No
29445,45,South Carolina,450783,0,1,1,0,2,NOT APPLICABLE,November,12,Sunday,7,4,Urban,Medium Speed (Collector),No,33.94332778,-80.49125,Non-Intersection,Daylight,Rain,Unknown,Unknown,Unknown EMS Scene Arrival Hour,Unknown EMS Scene Arrival Minutes,Unknown,Unknown EMS Hospital Arrival Time,1,Daylight,Rain/Wind/Minor,1,1,['Driver'],['Shoulder_Lapbelt'],0,0,Invalid,1.0,1.0,37.0,37.0,['Male'],0,0,2,4,3,Wet/Standing Water,Straight,Level,Lowest,No
29446,45,South Carolina,450784,0,1,1,0,1,NOT APPLICABLE,November,12,Sunday,14,45,Rural,Medium Speed (Collector),No,34.29829722,-80.05539722,Non-Intersection,Daylight,Clear,Unknown,Unknown,Unknown EMS Scene Arrival Hour,Unknown EMS Scene Arrival Minutes,Unknown,Unknown EMS Hospital Arrival Time,1,Daylight,Clear,1,0,['Driver'],['None_Used'],0,0,Invalid,0.0,0.0,39.0,39.0,['Male'],1,0,2,4,3,Dry,Straight,Level,Lowest,No
29447,45,South Carolina,450785,1,1,1,0,1,NOT APPLICABLE,November,13,Monday,17,42,Urban,High Speed (Arterial),Yes,34.91469444,-82.461725,Non-Intersection,Daylight,Reported as Unknown,Unknown,Unknown if Notified,Unknown EMS Scene Arrival Hour,Unknown if Arrived,Not Applicable (Not Transported),Not Applicable (Not Transported),1,Daylight,Clear,0,1,[],[],0,0,Invalid,0.0,0.0,999.0,999.0,['Other'],0,0,1,0,4,Dry,Straight,Level,Lowest,No
29448,45,South Carolina,450786,0,2,2,0,3,NOT APPLICABLE,November,15,Wednesday,18,4,Rural,Medium Speed (Collector),No,33.95611944,-79.86728611,Complex/Circle,Dark - Not Lighted,Clear,Unknown,Unknown,Unknown EMS Scene Arrival Hour,Unknown EMS Scene Arrival Minutes,Unknown,Unknown EMS Hospital Arrival Time,1,Dark - Unlighted,Clear,1,2,['Rear_Seat'],['None_Used'],0,0,Valid,0.0,1.0,65.0,34.0,"['Female', 'Female']",0,0,3,4,5,Dry,Straight,Level,Lowest,No
29449,45,South Carolina,450787,0,1,1,0,1,NOT APPLICABLE,November,15,Wednesday,19,34,Rural,Medium Speed (Collector),No,34.94380278,-82.73981389,Simple Junction,Dark - Not Lighted,Clear,Unknown,Unknown,Unknown EMS Scene Arrival Hour,Unknown EMS Scene Arrival Minutes,Unknown,Unknown EMS Hospital Arrival Time,1,Dark - Unlighted,Clear,1,0,['Driver'],['None_Used'],1,1,Valid,0.0,1.0,69.0,69.0,['Male'],0,0,3,4,2,Dry,Straight,Level,Lowest,No