,State_Code,State_Name,Crash_ID,Count_Non_Motorists,Count_Vehicles_Total,Count_Vehicle_Forms,Count_PVH_Involved,Count_Occupants_MV,City_Name,Month_Name,Day_of_Month,Day_of_Week,Crash_Hour,Crash_Minute,Area_Rural_Urban,Road_Functional_Class,On_NHS_Road,Latitude,Longitude,Intersection_Type,Light_Condition,Weather_Condition,Notif_Hour,Notif_Minute,Arrival_Hour,Arrival_Minute,Hospital_Hour,Hospital_Minute,Fatalities_Count,Clean_Light_Condition,Clean_Weather_Condition,Total_Killed,Total_Alive,Fatal_Seats_List,Killed_Restraint_List,Any_Driver_Drinking,Total_Drinking_Drivers,Driver_License_Category,Driver_Max_Prev_Accident_Count,Driver_Max_Prev_Speeding_Count,Max_Driver_Age,Min_Driver_Age,Driver_Sex_List,Total_Exceeding_Limit_Vehicles,Total_Too_Fast_Vehicles,Max_Vehicle_Type_Severity_5,Max_Vehicle_Damage_Rank,Max_Harmful_Event_Severity,Crash_Road_Surface_Condition,Crash_Horizontal_Alignment,Crash_Vertical_Profile,Crash_Impairment_Category,Crash_Vehicle_Defect
29450,45,South Carolina,450788,1,1,1,0,1,NOT APPLICABLE,November,15,Wednesday,9,10,Rural,Medium Speed (Collector),No,34.54938889,-83.04908889,Non-Intersection,Daylight,Cloudy,Unknown,Unknown if Notified,Unknown EMS Scene Arrival Hour,Unknown if Arrived,Not Applicable (Not Transported),Not Applicable (Not Transported),1,Daylight,Reduced Visibility,0,1,[],[],0,0,Valid,0.0,0.0,45.0,45.0,['Male'],0,0,4,1,4,Dry,Straight,Level,Lowest,No
29451,45,South Carolina,450789,0,1,1,0,1,NOT APPLICABLE,November,16,Thursday,20,31,Rural,Medium Speed (Collector),No,34.32012222,-79.97524167,Non-Intersection,Dark - Not Lighted,Clear,Unknown,Unknown if Notified,Unknown EMS Scene Arrival Hour,Unknown if Arrived,Not Applicable (Not Transported),Not Applicable (Not Transported),1,Dark - Unlighted,Clear,1,0,['Driver'],['None_Used'],0,0,Valid,0.0,1.0,30.0,30.0,['Male'],1,0,3,4,3,Dry,Curve,Level,Lowest,No
29452,45,South Carolina,450790,0,1,1,0,5,CHARLESTON,November,18,Saturday,1,23,Urban,Medium Speed (Collector),No,32.71811111,-79.98286667,Non-Intersection,Dark - Unknown Lighting,Clear,Unknown,Unknown,Unknown EMS Scene Arrival Hour,Unknown EMS Scene Arrival Minutes,Unknown,Unknown EMS Hospital Arrival Time,4,Dark - Unlighted,Clear,4,1,"['Front_Passenger', 'Front_Passenger', 'Front_Passenger', 'Front_Passenger']","['None_Used', 'Shoulder_Lapbelt', 'None_Used', 'Shoulder_Lapbelt']",1,1,Valid,4.0,0.0,25.0,25.0,['Female'],5,0,3,4,3,Dry,Curve,Level,Lowest,No
29453,45,South Carolina,450791,0,3,3,0,4,NOT APPLICABLE,November,18,Saturday,16,13,Rural,Medium Speed (Collector),No,33.82223056,-81.21933611,Non-Intersection,Daylight,Clear,Unknown,Unknown,Unknown EMS Scene Arrival Hour,Unknown EMS Scene Arrival Minutes,Unknown,Unknown EMS Hospital Arrival Time,1,Daylight,Clear,1,3,['Driver'],['None_Used'],0,0,Valid,2.0,1.0,65.0,36.0,"['Male', 'Male', 'Male']",1,0,5,4,5,Dry,Straight,Level,Lowest,No
29454,45,South Carolina,450792,0,2,2,0,5,NOT APPLICABLE,November,18,Saturday,17,15,Rural,Medium Speed (Collector),No,33.87785833,-82.2036,Simple Junction,Daylight,Clear,Unknown,Unknown if Notified,Unknown EMS Scene Arrival Hour,Unknown if Arrived,Not Applicable (Not Transported),Not Applicable (Not Transported),1,Daylight,Clear,1,4,['Driver'],['None_Used'],1,1,Valid,0.0,2.0,51.0,32.0,"['Female', 'Male']",1,0,5,4,5,Dry,Curve,Grade/Hillcrest,Lowest,No
29455,45,South Carolina,450793,0,2,2,0,2,NORTH CHARLESTON,November,18,Saturday,20,21,Urban,High Speed (Arterial),Yes,32.98143611,-80.08692778,Simple Junction,Dark - Lighted,Clear,Unknown,Unknown,Unknown EMS Scene Arrival Hour,Unknown EMS Scene Arrival Minutes,Unknown,Unknown EMS Hospital Arrival Time,1,Dark - Lighted,Clear,1,1,['Driver'],['None_Used'],0,0,Valid,0.0,0.0,52.0,31.0,"['Female', 'Male']",0,0,5,4,5,Dry,Straight,Grade/Hillcrest,Lowest,No
29456,45,South Carolina,450794,0,1,1,0,2,NOT APPLICABLE,November,19,Sunday,2,0,Urban,Medium Speed (Collector),No,33.49307222,-81.90305278,Non-Intersection,Dark - Not Lighted,Clear,Unknown,Unknown,Unknown EMS Scene Arrival Hour,Unknown EMS Scene Arrival Minutes,Unknown,Unknown EMS Hospital Arrival Time,1,Dark - Unlighted,Clear,1,1,['Driver'],['Shoulder_Lapbelt'],1,1,Valid,1.0,2.0,18.0,18.0,['Female'],0,0,2,4,3,Dry,Straight,Level,Lowest,No
29457,45,South Carolina,450795,0,1,1,0,1,NOT APPLICABLE,November,19,Sunday,2,35,Rural,Medium Speed (Collector),No,35.08293611,-81.37636667,Non-Intersection,Dark - Not Lighted,Clear,Unknown,Unknown,Unknown EMS Scene Arrival Hour,Unknown EMS Scene Arrival Minutes,Unknown,Unknown EMS Hospital Arrival Time,1,Dark - Unlighted,Clear,1,0,['Driver'],['None_Used'],1,1,Valid,1.0,1.0,29.0,29.0,['Male'],0,0,3,4,3,Dry,Straight,Level,Lowest,No
29458,45,South Carolina,450796,0,2,2,0,2,NOT APPLICABLE,November,19,Sunday,15,31,Rural,Medium Speed (Collector),No,33.39578333,-79.96810278,Non-Intersection,Daylight,Clear,Unknown,Unknown,Unknown EMS Scene Arrival Hour,Unknown EMS Scene Arrival Minutes,Unknown,Unknown EMS Hospital Arrival Time,1,Daylight,Clear,1,1,['Driver'],['None_Used'],1,1,Valid,0.0,0.0,17.0,16.0,"['Male', 'Male']",0,0,3,4,5,Dry,Straight,Level,Lowest,No
29459,45,South Carolina,450797,0,2,2,0,4,NOT APPLICABLE,November,20,Monday,16,10,Urban,Medium Speed (Collector),No,34.20953611,-82.11710278,Simple Junction,Daylight,Clear,Unknown,Unknown,Unknown EMS Scene Arrival Hour,Unknown EMS Scene Arrival Minutes,Unknown,Unknown EMS Hospital Arrival Time,2,Daylight,Clear,2,2,"['Driver', 'Rear_Seat']","['None_Used', 'None_Used']",1,1,Valid,0.0,0.0,66.0,28.0,"['Male', 'Male']",0,0,5,4,5,Dry,Straight,Level,Lowest,No
29460,45,South Carolina,450798,0,2,2,0,2,NOT APPLICABLE,November,21,Tuesday,21,40,Urban,High Speed (Arterial),Yes,34.87410556,-82.21979167,Non-Intersection,Dark - Unknown Lighting,Clear,Unknown,Unknown if Notified,Unknown EMS Scene Arrival Hour,Unknown if Arrived,Not Applicable (Not Transported),Not Applicable (Not Transported),1,Dark - Unlighted,Clear,1,1,['Driver'],['Shoulder_Lapbelt'],0,0,Valid,0.0,0.0,53.0,35.0,"['Male', 'Male']",1,0,4,4,5,Dry,Straight,Level,Lowest,No
29461,45,South Carolina,450799,0,2,2,0,2,NOT APPLICABLE,November,22,Wednesday,15,1,Rural,High Speed (Arterial),Yes,33.45751111,-80.58691389,Non-Intersection,Daylight,Clear,Unknown,Unknown,Unknown EMS Scene Arrival Hour,Unknown EMS Scene Arrival Minutes,Unknown,Unknown EMS Hospital Arrival Time,1,Daylight,Clear,1,1,['Driver'],['None_Used'],1,1,Invalid,0.0,3.0,48.0,31.0,"['Male', 'Female']",1,0,2,4,5,Dry,Straight,Level,Lowest,No
29462,45,South Carolina,450800,0,2,2,0,2,NOT APPLICABLE,November,22,Wednesday,17,45,Rural,Medium Speed (Collector),No,34.00244444,-79.59895556,Non-Intersection,Dark - Not Lighted,Clear,Unknown,Unknown,Unknown EMS Scene Arrival Hour,Unknown EMS Scene Arrival Minutes,Unknown,Unknown EMS Hospital Arrival Time,1,Dark - Unlighted,Clear,1,1,['Driver'],['None_Used'],1,1,Valid,0.0,0.0,49.0,16.0,"['Female', 'Male']",1,0,3,4,5,Wet/Standing Water,Straight,Level,Lowest,No
29463,45,South Carolina,450801,0,1,1,0,1,FOUNTAIN INN,November,22,Wednesday,19,35,Urban,Low Speed (Local),No,34.68808333,-82.21671111,Non-Intersection,Dark - Not Lighted,Clear,Unknown,Unknown if Notified,Unknown EMS Scene Arrival Hour,Unknown if Arrived,Not Applicable (Not Transported),Not Applicable (Not Transported),1,Dark - Unlighted,Clear,1,0,['Driver'],['None_Used'],1,1,Valid,0.0,0.0,31.0,31.0,['Female'],1,0,2,4,3,Dry,Curve,Grade/Hillcrest,Lowest,No
29464,45,South Carolina,450802,0,1,1,0,1,NOT APPLICABLE,November,25,Saturday,6,40,Rural,Medium Speed (Collector),No,34.59208889,-79.61129444,Non-Intersection,Dark - Not Lighted,Clear,Unknown,Unknown,Unknown EMS Scene Arrival Hour,Unknown EMS Scene Arrival Minutes,Unknown,Unknown EMS Hospital Arrival Time,1,Dark - Unlighted,Clear,1,0,['Driver'],['None_Used'],0,0,Invalid,0.0,0.0,23.0,23.0,['Female'],1,0,2,4,3,Dry,Straight,Level,Lowest,No
29465,45,South Carolina,450803,0,1,1,0,2,NOT APPLICABLE,November,25,Saturday,16,39,Rural,Medium Speed (Collector),No,33.56295,-81.61913889,Non-Intersection,Daylight,Clear,Unknown,Unknown,Unknown EMS Scene Arrival Hour,Unknown EMS Scene Arrival Minutes,Unknown,Unknown EMS Hospital Arrival Time,1,Daylight,Clear,1,1,['Driver'],['Shoulder_Lapbelt'],1,1,Valid,0.0,1.0,79.0,79.0,['Male'],0,0,3,4,3,Dry,Curve,Level,Medium,No
29466,45,South Carolina,450804,0,1,1,0,1,NOT APPLICABLE,November,25,Saturday,20,25,Rural,Medium Speed (Collector),No,34.26081389,-81.12140556,Non-Intersection,Dark - Not Lighted,Clear,Unknown,Unknown if Notified,Unknown EMS Scene Arrival Hour,Unknown if Arrived,Not Applicable (Not Transported),Not Applicable (Not Transported),1,Dark - Unlighted,Clear,1,0,['Driver'],['None_Used'],1,1,Invalid,1.0,1.0,61.0,61.0,['Male'],1,0,2,4,3,Dry,Straight,Level,Lowest,No
29467,45,South Carolina,450805,1,1,1,0,1,NOT APPLICABLE,November,26,Sunday,19,32,Rural,High Speed (Arterial),Yes,33.18181111,-80.56260556,Non-Intersection,Dark - Not Lighted,Rain,Unknown,Unknown if Notified,Unknown EMS Scene Arrival Hour,Unknown if Arrived,Not Applicable (Not Transported),Not Applicable (Not Transported),1,Dark - Unlighted,Rain/Wind/Minor,0,1,[],[],0,0,Valid,0.0,0.0,67.0,67.0,['Male'],0,0,3,3,4,Wet/Standing Water,Straight,Level,Lowest,No
29468,45,South Carolina,450806,0,2,2,0,3,NOT APPLICABLE,November,26,Sunday,19,36,Rural,High Speed (Arterial),Yes,34.14021111,-80.75387222,Non-Intersection,Dark - Not Lighted,Rain,Unknown,Unknown,Unknown EMS Scene Arrival Hour,Unknown EMS Scene Arrival Minutes,Unknown,Unknown EMS Hospital Arrival Time,1,Dark - Unlighted,Rain/Wind/Minor,1,2,['Driver'],['Shoulder_Lapbelt'],0,0,Valid,0.0,0.0,77.0,72.0,"['Male', 'Male']",1,0,3,4,5,Wet/Standing Water,Straight,Level,Lowest,No
29469,45,South Carolina,450807,0,1,1,0,1,NOT APPLICABLE,November,27,Monday,19,52,Rural,Medium Speed (Collector),No,34.323575,-81.54906111,Non-Intersection,Dark - Unknown Lighting,Clear,Unknown,Unknown,Unknown EMS Scene Arrival Hour,Unknown EMS Scene Arrival Minutes,Unknown,Unknown EMS Hospital Arrival Time,1,Dark - Unlighted,Clear,1,0,['Driver'],['Shoulder_Lapbelt'],1,1,Invalid,0.0,0.0,65.0,65.0,['Male'],1,0,3,4,3,Dry,Straight,Level,Lowest,No
29470,45,South Carolina,450808,0,1,1,0,1,GREENVILLE,November,27,Monday,12,46,Urban,High Speed (Arterial),Yes,34.80394444,-82.35156389,Non-Intersection,Daylight,Clear,Unknown,Unknown if Notified,Unknown EMS Scene Arrival Hour,Unknown if Arrived,Not Applicable (Not Transported),Not Applicable (Not Transported),1,Daylight,Clear,1,0,['Driver'],['None_Used'],0,0,Valid,0.0,0.0,63.0,63.0,['Male'],1,0,2,4,3,Dry,Curve,Grade/Hillcrest,Lowest,No
29471,45,South Carolina,450809,0,1,1,0,1,NOT APPLICABLE,November,28,Tuesday,8,35,Rural,Medium Speed (Collector),No,34.21398889,-80.05034167,Non-Intersection,Daylight,Clear,Unknown,Unknown,Unknown EMS Scene Arrival Hour,Unknown EMS Scene Arrival Minutes,Unknown,Unknown EMS Hospital Arrival Time,1,Daylight,Clear,1,0,['Driver'],['None_Used'],0,0,Valid,0.0,1.0,43.0,43.0,['Male'],1,0,2,4,3,Dry,Curve,Level,Lowest,No
29472,45,South Carolina,450810,1,1,1,0,1,NOT APPLICABLE,November,27,Monday,22,54,Rural,Medium Speed (Collector),No,33.15406389,-80.10414167,Non-Intersection,Dark - Not Lighted,Clear,Unknown,Unknown if Notified,Unknown EMS Scene Arrival Hour,Unknown if Arrived,Not Applicable (Not Transported),Not Applicable (Not Transported),1,Dark - Unlighted,Clear,0,1,[],[],0,0,Valid,0.0,0.0,58.0,58.0,['Male'],0,0,4,2,4,Dry,Straight,Level,Lowest,No
29473,45,South Carolina,450811,0,2,2,0,2,NOT APPLICABLE,November,29,Wednesday,15,36,Urban,Medium Speed (Collector),No,34.88650278,-82.46108333,Non-Intersection,Daylight,Clear,Unknown,Unknown,Unknown EMS Scene Arrival Hour,Unknown EMS Scene Arrival Minutes,Unknown,Unknown EMS Hospital Arrival Time,1,Daylight,Clear,1,1,['Driver'],['Shoulder_Lapbelt'],1,1,Valid,0.0,0.0,60.0,35.0,"['Male', 'Female']",1,0,3,4,5,Dry,Straight,Level,Lowest,No
29474,45,South Carolina,450812,1,1,1,0,1,NOT APPLICABLE,November,30,Thursday,21,55,Urban,High Speed (Arterial),Yes,34.6871,-82.99776111,Non-Intersection,Dark - Not Lighted,Clear,Unknown,Unknown,Unknown EMS Scene Arrival Hour,Unknown EMS Scene Arrival Minutes,Unknown,Unknown EMS Hospital Arrival Time,1,Dark - Unlighted,Clear,0,1,[],[],0,0,Valid,0.0,0.0,19.0,19.0,['Female'],0,0,2,4,4,Dry,Straight,Grade/Hillcrest,Lowest,No
29475,45,South Carolina,450813,0,2,2,0,3,NOT APPLICABLE,November,30,Thursday,16,10,Rural,High Speed (Arterial),Yes,34.09012778,-80.18385556,Simple Junction,Daylight,Clear,Unknown,Unknown if Notified,Unknown EMS Scene Arrival Hour,Unknown if Arrived,Not Applicable (Not Transported),Not Applicable (Not Transported),1,Daylight,Clear,1,2,['Driver'],['Shoulder_Lapbelt'],0,0,Valid,1.0,1.0,58.0,35.0,"['Male', 'Female']",1,0,2,4,5,Dry,Straight,Level,Lowest,No
29476,45,South Carolina,450814,0,1,1,0,1,NORTH CHARLESTON,November,4,Saturday,1,51,Urban,Medium Speed (Collector),No,32.97136944,-80.12033056,Non-Intersection,Dark - Lighted,Clear,Unknown,Unknown if Notified,Unknown EMS Scene Arrival Hour,Unknown if Arrived,Not Applicable (Not Transported),Not Applicable (Not Transported),1,Dark - Lighted,Clear,1,0,['Driver'],['Shoulder_Lapbelt'],1,1,Valid,1.0,1.0,28.0,28.0,['Male'],1,0,2,4,3,Dry,Straight,Level,Lowest,No
29477,45,South Carolina,450815,0,2,2,0,3,NOT APPLICABLE,August,19,Saturday,16,0,Rural,Medium Speed (Collector),No,33.79993611,-81.19870556,Non-Intersection,Daylight,Clear,Unknown,Unknown,Unknown EMS Scene Arrival Hour,Unknown EMS Scene Arrival Minutes,Unknown,Unknown EMS Hospital Arrival Time,1,Daylight,Clear,1,2,['Front_Passenger'],['Shoulder_Lapbelt'],1,1,Valid,1.0,3.0,52.0,49.0,"['Male', 'Male']",0,0,3,4,5,Dry,Straight,Level,Lowest,No
29478,45,South Carolina,450816,0,1,1,0,1,NOT APPLICABLE,September,9,Saturday,6,0,Rural,Medium Speed (Collector),No,34.22606389,-80.871925,Non-Intersection,Dark - Unknown Lighting,Clear,Unknown,Unknown,Unknown EMS Scene Arrival Hour,Unknown EMS Scene Arrival Minutes,Unknown,Unknown EMS Hospital Arrival Time,1,Dark - Unlighted,Clear,1,0,['Driver'],['None_Used'],0,0,Valid,0.0,1.0,52.0,52.0,['Male'],0,0,2,4,3,Dry,Curve,Grade/Hillcrest,Lowest,No
29479,45,South Carolina,450817,0,1,1,0,1,COLUMBIA,October,21,Saturday,20,0,Urban,Medium Speed (Collector),No,34.05398056,-80.92018889,Non-Intersection,Dark - Not Lighted,Clear,Unknown,Unknown if Notified,Unknown EMS Scene Arrival Hour,Unknown if Arrived,Not Applicable (Not Transported),Not Applicable (Not Transported),1,Dark - Unlighted,Clear,1,0,['Driver'],['None_Used'],1,1,Invalid,0.0,2.0,39.0,39.0,['Male'],0,0,5,4,3,Dry,Straight,Level,Lowest,No
29480,45,South Carolina,450818,0,1,1,0,1,NOT APPLICABLE,October,24,Tuesday,8,29,Urban,High Speed (Arterial),Yes,32.88153889,-79.93448889,Non-Intersection,Daylight,Clear,Unknown,Unknown if Notified,Unknown EMS Scene Arrival Hour,Unknown if Arrived,Not Applicable (Not Transported),Not Applicable (Not Transported),1,Daylight,Clear,1,0,['Driver'],['None_Used'],0,0,Valid,0.0,0.0,37.0,37.0,['Male'],0,0,3,4,3,Dry,Straight,Grade/Hillcrest,Lowest,No
29481,45,South Carolina,450819,0,2,2,0,2,LINCOLNVILLE,November,1,Wednesday,18,39,Urban,Medium Speed (Collector),No,33.01051944,-80.15708889,Simple Junction,Dusk,Clear,Unknown,Unknown,Unknown EMS Scene Arrival Hour,Unknown EMS Scene Arrival Minutes,Unknown,Unknown EMS Hospital Arrival Time,1,Twilight,Clear,1,1,['Driver'],['None_Used'],0,0,Valid,1.0,0.0,71.0,25.0,"['Male', 'Female']",1,0,5,4,5,Dry,Straight,Grade/Hillcrest,Lowest,No
29482,45,South Carolina,450820,0,1,1,0,4,FLORENCE,November,2,Thursday,15,41,Rural,Medium Speed (Collector),No,34.11960556,-79.82674722,Non-Intersection,Daylight,Clear,Unknown,Unknown,Unknown EMS Scene Arrival Hour,Unknown EMS Scene Arrival Minutes,Unknown,Unknown EMS Hospital Arrival Time,1,Daylight,Clear,1,3,['Driver'],['Shoulder_Lapbelt'],0,0,Valid,0.0,2.0,20.0,20.0,['Male'],0,0,2,4,3,Dry,Straight,Level,Lowest,No
29483,45,South Carolina,450821,0,1,1,0,1,CHARLESTON,November,5,Sunday,4,17,Urban,Medium Speed (Collector),No,32.80841389,-80.02465833,Non-Intersection,Dark - Lighted,Clear,Unknown,Unknown,Unknown EMS Scene Arrival Hour,Unknown EMS Scene Arrival Minutes,Unknown,Unknown EMS Hospital Arrival Time,1,Dark - Lighted,Clear,1,0,['Driver'],['Shoulder_Lapbelt'],1,1,Valid,0.0,1.0,48.0,48.0,['Male'],1,0,3,4,3,Dry,Curve,Level,Lowest,No
29484,45,South Carolina,450822,1,1,1,0,2,GREENVILLE,November,9,Thursday,17,59,Urban,Medium Speed (Collector),No,34.86416944,-82.3442,Non-Intersection,Dark - Lighted,Clear,Unknown,Unknown if Notified,Unknown EMS Scene Arrival Hour,Unknown if Arrived,Not Applicable (Not Transported),Not Applicable (Not Transported),1,Dark - Lighted,Clear,0,2,[],[],0,0,Valid,1.0,2.0,34.0,34.0,['Female'],0,0,2,3,4,Dry,Straight,Grade/Hillcrest,Lowest,No
29485,45,South Carolina,450823,0,1,1,0,1,RAVENEL,November,18,Saturday,0,2,Rural,Medium Speed (Collector),No,32.81981944,-80.2447,Non-Intersection,Dark - Not Lighted,Clear,Unknown,Unknown,Unknown EMS Scene Arrival Hour,Unknown EMS Scene Arrival Minutes,Unknown,Unknown EMS Hospital Arrival Time,1,Dark - Unlighted,Clear,1,0,['Driver'],['None_Used'],1,1,Valid,0.0,0.0,43.0,43.0,['Male'],1,0,3,4,3,Dry,Straight,Level,Lowest,No
29486,45,South Carolina,450824,2,1,1,0,2,TRAVELERS REST,November,25,Saturday,20,34,Urban,High Speed (Arterial),Yes,34.96793889,-82.43593889,Non-Intersection,Dark - Lighted,"Fog, Smog, Smoke",Unknown,Unknown,Unknown EMS Scene Arrival Hour,Unknown EMS Scene Arrival Minutes,Unknown,Unknown EMS Hospital Arrival Time,1,Dark - Lighted,Reduced Visibility,0,2,[],[],0,0,Valid,2.0,0.0,25.0,25.0,['Female'],0,0,2,3,4,Dry,Straight,Level,Lowest,No
29487,45,South Carolina,450825,0,2,2,0,2,COLUMBIA,July,3,Monday,20,50,Rural,Medium Speed (Collector),No,34.00223056,-80.79148056,Simple Junction,Dark - Not Lighted,Clear,Unknown,Unknown,Unknown EMS Scene Arrival Hour,Unknown EMS Scene Arrival Minutes,Unknown,Unknown EMS Hospital Arrival Time,1,Dark - Unlighted,Clear,1,1,['Driver'],['None_Used'],0,0,Valid,1.0,2.0,40.0,31.0,"['Female', 'Male']",0,0,5,4,5,Dry,Straight,Level,Lowest,No
29488,45,South Carolina,450826,0,2,2,0,2,WILLIAMSTON,July,15,Saturday,21,45,Urban,Medium Speed (Collector),No,34.61118611,-82.49639167,Simple Junction,Dark - Lighted,Clear,Unknown,Unknown,Unknown EMS Scene Arrival Hour,Unknown EMS Scene Arrival Minutes,Unknown,Unknown EMS Hospital Arrival Time,1,Dark - Lighted,Clear,1,1,['Driver'],['None_Used'],1,1,Valid,2.0,1.0,50.0,26.0,"['Male', 'Male']",0,0,5,4,5,Dry,Straight,Level,Lowest,No
29489,45,South Carolina,450827,0,1,1,0,2,NOT APPLICABLE,July,29,Saturday,22,20,Urban,Low Speed (Local),No,33.95728056,-80.37745,Non-Intersection,Dark - Not Lighted,Clear,Unknown,Unknown,Unknown EMS Scene Arrival Hour,Unknown EMS Scene Arrival Minutes,Unknown,Unknown EMS Hospital Arrival Time,1,Dark - Unlighted,Clear,1,1,['Driver'],['None_Used'],1,1,Invalid,0.0,1.0,34.0,34.0,['Male'],2,0,3,4,3,Dry,Straight,Level,Lowest,No
29490,45,South Carolina,450828,0,2,2,0,4,NOT APPLICABLE,December,2,Saturday,15,15,Rural,Medium Speed (Collector),No,34.67496389,-83.03378889,Simple Junction,Daylight,Cloudy,Unknown,Unknown,Unknown EMS Scene Arrival Hour,Unknown EMS Scene Arrival Minutes,Unknown,Unknown EMS Hospital Arrival Time,1,Daylight,Reduced Visibility,1,3,['Driver'],['Shoulder_Lapbelt'],0,0,Valid,0.0,0.0,54.0,38.0,"['Female', 'Male']",0,0,3,4,5,Wet/Standing Water,Straight,Level,Lowest,No
29491,45,South Carolina,450829,0,2,2,0,2,NOT APPLICABLE,August,7,Monday,6,50,Urban,High Speed (Arterial),Yes,34.93636944,-82.01402222,Non-Intersection,Dawn,Clear,Unknown,Unknown,Unknown EMS Scene Arrival Hour,Unknown EMS Scene Arrival Minutes,Unknown,Unknown EMS Hospital Arrival Time,1,Twilight,Clear,1,1,['Driver'],['Shoulder_Lapbelt'],0,0,Valid,1.0,0.0,44.0,41.0,"['Male', 'Male']",1,0,2,4,5,Dry,Straight,Level,Lowest,No
29492,45,South Carolina,450830,0,2,2,0,2,NOT APPLICABLE,August,15,Tuesday,8,0,Rural,Medium Speed (Collector),No,34.09391111,-79.69620278,Non-Intersection,Daylight,Clear,Unknown,Unknown,Unknown EMS Scene Arrival Hour,Unknown EMS Scene Arrival Minutes,Unknown,Unknown EMS Hospital Arrival Time,1,Daylight,Clear,1,1,['Driver'],['None_Used'],0,0,Valid,0.0,0.0,61.0,28.0,"['Female', 'Male']",1,0,5,4,5,Dry,Straight,Level,Lowest,No
29493,45,South Carolina,450831,0,2,2,0,3,CHARLESTON,September,8,Friday,19,16,Urban,Medium Speed (Collector),No,32.83913889,-80.06451111,Non-Intersection,Daylight,Clear,Unknown,Unknown,Unknown EMS Scene Arrival Hour,Unknown EMS Scene Arrival Minutes,Unknown,Unknown EMS Hospital Arrival Time,1,Daylight,Clear,1,2,['Driver'],['None_Used'],1,1,Valid,1.0,1.0,60.0,48.0,"['Male', 'Female']",0,0,3,4,5,Dry,Straight,Level,Lowest,No
29494,45,South Carolina,450832,0,4,2,2,2,GREENVILLE,September,13,Wednesday,18,39,Urban,Medium Speed (Collector),No,34.82411944,-82.40691111,Simple Junction,Daylight,Clear,Unknown,Unknown,Unknown EMS Scene Arrival Hour,Unknown EMS Scene Arrival Minutes,Unknown,Unknown EMS Hospital Arrival Time,1,Daylight,Clear,1,1,['Driver'],['None_Used'],0,0,Valid,0.0,0.0,82.0,38.0,"['Female', 'Female']",0,0,3,4,5,Dry,Straight,Level,Lowest,No
29495,45,South Carolina,450833,0,1,1,0,1,COLUMBIA,September,30,Saturday,4,9,Urban,High Speed (Arterial),Yes,34.03003889,-81.10331944,Non-Intersection,Dark - Lighted,Clear,Unknown,Unknown if Notified,Unknown EMS Scene Arrival Hour,Unknown if Arrived,Not Applicable (Not Transported),Not Applicable (Not Transported),1,Dark - Lighted,Clear,1,0,['Driver'],['None_Used'],1,1,Valid,0.0,0.0,40.0,40.0,['Male'],1,0,5,4,3,Dry,Straight,Level,Lowest,No
29496,45,South Carolina,450834,1,1,1,0,1,NOT APPLICABLE,December,2,Saturday,18,53,Urban,Medium Speed (Collector),No,33.68494167,-78.98528889,Simple Junction,Dark - Lighted,Rain,Unknown,Unknown if Notified,Unknown EMS Scene Arrival Hour,Unknown if Arrived,Not Applicable (Not Transported),Not Applicable (Not Transported),1,Dark - Lighted,Rain/Wind/Minor,0,1,[],[],0,0,Valid,1.0,1.0,34.0,34.0,['Male'],0,0,2,3,4,Wet/Standing Water,Straight,Level,Lowest,No
29497,45,South Carolina,450835,0,1,1,0,2,NOT APPLICABLE,December,2,Saturday,21,55,Rural,Medium Speed (Collector),No,33.92843611,-78.83379444,Non-Intersection,Dark - Not Lighted,Clear,Unknown,Unknown if Notified,Unknown EMS Scene Arrival Hour,Unknown if Arrived,Not Applicable (Not Transported),Not Applicable (Not Transported),2,Dark - Unlighted,Clear,2,0,"['Driver', 'Front_Passenger']","['Shoulder_Lapbelt', 'Shoulder_Lapbelt']",0,0,Invalid,0.0,0.0,37.0,37.0,['Male'],2,0,2,4,3,Wet/Standing Water,Curve,Level,Lowest,No
29498,45,South Carolina,450836,1,1,1,0,1,NOT APPLICABLE,December,3,Sunday,2,15,Rural,High Speed (Arterial),Yes,33.69096111,-80.910625,Non-Intersection,Dark - Not Lighted,Clear,Unknown,Unknown if Notified,Unknown EMS Scene Arrival Hour,Unknown if Arrived,Not Applicable (Not Transported),Not Applicable (Not Transported),1,Dark - Unlighted,Clear,0,1,[],[],0,0,Valid,2.0,1.0,30.0,30.0,['Male'],0,0,3,3,4,Dry,Straight,Level,Lowest,No