,State_Code,State_Name,Crash_ID,Count_Non_Motorists,Count_Vehicles_Total,Count_Vehicle_Forms,Count_PVH_Involved,Count_Occupants_MV,City_Name,Month_Name,Day_of_Month,Day_of_Week,Crash_Hour,Crash_Minute,Area_Rural_Urban,Road_Functional_Class,On_NHS_Road,Latitude,Longitude,Intersection_Type,Light_Condition,Weather_Condition,Notif_Hour,Notif_Minute,Arrival_Hour,Arrival_Minute,Hospital_Hour,Hospital_Minute,Fatalities_Count,Clean_Light_Condition,Clean_Weather_Condition,Total_Killed,Total_Alive,Fatal_Seats_List,Killed_Restraint_List,Any_Driver_Drinking,Total_Drinking_Drivers,Driver_License_Category,Driver_Max_Prev_Accident_Count,Driver_Max_Prev_Speeding_Count,Max_Driver_Age,Min_Driver_Age,Driver_Sex_List,Total_Exceeding_Limit_Vehicles,Total_Too_Fast_Vehicles,Max_Vehicle_Type_Severity_5,Max_Vehicle_Damage_Rank,Max_Harmful_Event_Severity,Crash_Road_Surface_Condition,Crash_Horizontal_Alignment,Crash_Vertical_Profile,Crash_Impairment_Category,Crash_Vehicle_Defect
29499,45,South Carolina,450837,0,1,1,0,1,NOT APPLICABLE,December,4,Monday,1,30,Rural,Medium Speed (Collector),No,33.47418611,-79.26113611,Non-Intersection,Dark - Not Lighted,Clear,Unknown,Unknown,Unknown EMS Scene Arrival Hour,Unknown EMS Scene Arrival Minutes,Unknown,Unknown EMS Hospital Arrival Time,1,Dark - Unlighted,Clear,1,0,['Driver'],['None_Used'],0,0,Valid,0.0,0.0,43.0,43.0,['Male'],1,0,3,4,3,Dry,Curve,Level,Lowest,No
29500,45,South Carolina,450838,0,1,1,0,1,NOT APPLICABLE,December,4,Monday,19,45,Rural,Medium Speed (Collector),No,34.37869444,-79.95048056,Non-Intersection,Dark - Lighted,Clear,Unknown,Unknown,Unknown EMS Scene Arrival Hour,Unknown EMS Scene Arrival Minutes,Unknown,Unknown EMS Hospital Arrival Time,1,Dark - Lighted,Clear,1,0,['Driver'],['Shoulder_Lapbelt'],1,1,Invalid,0.0,0.0,45.0,45.0,['Male'],1,0,3,4,3,Dry,Curve,Grade/Hillcrest,Lowest,No
29501,45,South Carolina,450839,0,1,1,0,1,NOT APPLICABLE,December,4,Monday,22,0,Urban,Low Speed (Local),No,33.03730278,-80.03336111,Non-Intersection,Dark - Not Lighted,Clear,Unknown,Unknown,Unknown EMS Scene Arrival Hour,Unknown EMS Scene Arrival Minutes,Unknown,Unknown EMS Hospital Arrival Time,1,Dark - Unlighted,Clear,1,0,['Driver'],['None_Used'],1,1,Invalid,0.0,0.0,24.0,24.0,['Male'],0,0,3,4,4,Dry,Straight,Level,Lowest,No
29502,45,South Carolina,450840,1,1,1,0,1,NOT APPLICABLE,December,4,Monday,18,20,Urban,High Speed (Arterial),Yes,34.77851944,-82.39335556,Non-Intersection,Dark - Not Lighted,Clear,Unknown,Unknown,Unknown EMS Scene Arrival Hour,Unknown EMS Scene Arrival Minutes,Unknown,Unknown EMS Hospital Arrival Time,1,Dark - Unlighted,Clear,0,1,[],[],0,0,Valid,0.0,0.0,43.0,43.0,['Female'],0,0,2,3,4,Dry,Straight,Level,Lowest,No
29503,45,South Carolina,450841,0,1,1,0,1,NOT APPLICABLE,December,5,Tuesday,13,50,Rural,Low Speed (Local),No,34.048,-81.38076111,Simple Junction,Daylight,Clear,Unknown,Unknown,Unknown EMS Scene Arrival Hour,Unknown EMS Scene Arrival Minutes,Unknown,Unknown EMS Hospital Arrival Time,1,Daylight,Clear,1,0,['Driver'],['None_Used'],0,0,Valid,0.0,4.0,79.0,79.0,['Male'],0,0,2,4,3,Dry,Curve,Level,Lowest,No
29504,45,South Carolina,450842,0,1,1,0,1,NOT APPLICABLE,December,5,Tuesday,16,50,Rural,Low Speed (Local),No,33.77863056,-79.84871389,Non-Intersection,Daylight,Clear,Unknown,Unknown if Notified,Unknown EMS Scene Arrival Hour,Unknown if Arrived,Not Applicable (Not Transported),Not Applicable (Not Transported),1,Daylight,Clear,1,0,['Driver'],['None_Used'],0,0,Valid,0.0,1.0,59.0,59.0,['Female'],1,0,3,4,3,Dry,Curve,Level,Lowest,No
29505,45,South Carolina,450843,0,3,3,0,4,NORTH CHARLESTON,December,5,Tuesday,17,38,Urban,High Speed (Arterial),Yes,32.85615556,-80.02235,Non-Intersection,Dusk,Clear,Unknown,Unknown,Unknown EMS Scene Arrival Hour,Unknown EMS Scene Arrival Minutes,Unknown,Unknown EMS Hospital Arrival Time,1,Twilight,Clear,1,3,['Driver'],['Shoulder_Lapbelt'],0,0,Valid,2.0,1.0,55.0,53.0,"['Male', 'Male', 'Female']",1,0,3,4,5,Dry,Straight,Level,Lowest,No
29506,45,South Carolina,450844,0,2,2,0,2,CHARLESTON,December,5,Tuesday,11,0,Urban,Medium Speed (Collector),No,32.77828056,-79.94772222,Simple Junction,Daylight,Clear,Unknown,Unknown,Unknown EMS Scene Arrival Hour,Unknown EMS Scene Arrival Minutes,Unknown,Unknown EMS Hospital Arrival Time,1,Daylight,Clear,1,1,['Driver'],['None_Used'],0,0,Valid,0.0,1.0,62.0,22.0,"['Male', 'Female']",0,0,5,4,5,Dry,Straight,Level,Lowest,No
29507,45,South Carolina,450845,1,1,1,0,1,NOT APPLICABLE,December,6,Wednesday,3,0,Rural,High Speed (Arterial),Yes,35.11118056,-81.63516944,Non-Intersection,Dark - Not Lighted,Clear,Unknown,Unknown if Notified,Unknown EMS Scene Arrival Hour,Unknown if Arrived,Not Applicable (Not Transported),Not Applicable (Not Transported),1,Dark - Unlighted,Clear,0,1,[],[],0,0,Valid,0.0,0.0,64.0,64.0,['Male'],0,0,4,4,4,Dry,Straight,Grade/Hillcrest,Lowest,No
29508,45,South Carolina,450846,0,3,3,0,3,NOT APPLICABLE,December,6,Wednesday,3,50,Rural,Medium Speed (Collector),No,33.83465278,-80.43853611,Non-Intersection,Dark - Not Lighted,Clear,Unknown,Unknown,Unknown EMS Scene Arrival Hour,Unknown EMS Scene Arrival Minutes,Unknown,Unknown EMS Hospital Arrival Time,1,Dark - Unlighted,Clear,1,2,['Driver'],['None_Used'],1,1,Valid,0.0,4.0,39.0,34.0,"['Male', 'Male', 'Male']",0,0,3,4,5,Dry,Straight,Level,Lowest,No
29509,45,South Carolina,450847,1,1,1,0,1,NOT APPLICABLE,December,8,Friday,22,57,Rural,High Speed (Arterial),Yes,33.6391,-79.90417778,Non-Intersection,Dark - Not Lighted,Clear,Unknown,Unknown if Notified,Unknown EMS Scene Arrival Hour,Unknown if Arrived,Not Applicable (Not Transported),Not Applicable (Not Transported),1,Dark - Unlighted,Clear,0,1,[],[],0,0,Valid,0.0,1.0,61.0,61.0,['Female'],0,0,2,4,4,Dry,Straight,Level,Lowest,No
29510,45,South Carolina,450848,0,2,2,0,2,NOT APPLICABLE,December,9,Saturday,14,35,Rural,High Speed (Arterial),Yes,33.34728611,-79.94387778,Complex/Circle,Daylight,Clear,Unknown,Unknown,Unknown EMS Scene Arrival Hour,Unknown EMS Scene Arrival Minutes,Unknown,Unknown EMS Hospital Arrival Time,1,Daylight,Clear,1,1,['Driver'],['None_Used'],0,0,Valid,0.0,0.0,73.0,37.0,"['Male', 'Female']",0,0,5,4,5,Dry,Straight,Level,Lowest,No
29511,45,South Carolina,450849,1,1,1,0,1,NORTH MYRTLE BEACH,December,9,Saturday,15,5,Urban,High Speed (Arterial),Yes,33.804625,-78.72155,Complex/Circle,Daylight,Clear,Unknown,Unknown,Unknown EMS Scene Arrival Hour,Unknown EMS Scene Arrival Minutes,Unknown,Unknown EMS Hospital Arrival Time,1,Daylight,Clear,0,1,[],[],0,0,Valid,2.0,0.0,80.0,80.0,['Male'],0,0,2,3,4,Dry,Straight,Level,Lowest,No
29512,45,South Carolina,450850,0,3,3,0,3,NOT APPLICABLE,December,9,Saturday,0,53,Urban,High Speed (Arterial),Yes,34.21625833,-82.15733889,Complex/Circle,Dark - Lighted,Clear,Unknown,Unknown,Unknown EMS Scene Arrival Hour,Unknown EMS Scene Arrival Minutes,Unknown,Unknown EMS Hospital Arrival Time,1,Dark - Lighted,Clear,1,2,['Driver'],['Shoulder_Lapbelt'],1,1,Invalid,1.0,1.0,85.0,40.0,"['Male', 'Female', 'Male']",0,0,3,4,5,Dry,Straight,Level,Lowest,No
29513,45,South Carolina,450851,0,1,1,0,1,NOT APPLICABLE,December,10,Sunday,0,30,Rural,High Speed (Arterial),Yes,33.83858889,-81.47704167,Non-Intersection,Dark - Unknown Lighting,Rain,Unknown,Unknown if Notified,Unknown EMS Scene Arrival Hour,Unknown if Arrived,Not Applicable (Not Transported),Not Applicable (Not Transported),1,Dark - Unlighted,Rain/Wind/Minor,1,0,['Driver'],['None_Used'],1,1,Invalid,0.0,0.0,46.0,46.0,['Male'],0,0,2,4,3,Wet/Standing Water,Straight,Level,Lowest,No
29514,45,South Carolina,450852,0,1,1,0,2,NOT APPLICABLE,December,10,Sunday,2,0,Rural,High Speed (Arterial),Yes,34.48708889,-79.33247222,Non-Intersection,Dark - Not Lighted,Clear,Unknown,Unknown,Unknown EMS Scene Arrival Hour,Unknown EMS Scene Arrival Minutes,Unknown,Unknown EMS Hospital Arrival Time,2,Dark - Unlighted,Clear,2,0,"['Driver', 'Front_Passenger']","['None_Used', 'None_Used']",0,0,Valid,0.0,0.0,39.0,39.0,['Male'],2,0,3,4,3,Dry,Straight,Level,Lowest,No
29515,45,South Carolina,450853,0,2,2,0,3,NOT APPLICABLE,December,11,Monday,9,28,Rural,Medium Speed (Collector),No,34.26413056,-81.30411111,Complex/Circle,Daylight,Clear,Unknown,Unknown,Unknown EMS Scene Arrival Hour,Unknown EMS Scene Arrival Minutes,Unknown,Unknown EMS Hospital Arrival Time,1,Daylight,Clear,1,2,['Driver'],['Shoulder_Lapbelt'],0,0,Valid,1.0,1.0,52.0,23.0,"['Male', 'Male']",0,0,3,4,5,Dry,Straight,Grade/Hillcrest,Lowest,No
29516,45,South Carolina,450854,1,1,1,0,1,NOT APPLICABLE,December,11,Monday,10,45,Urban,Medium Speed (Collector),No,34.20036389,-79.683825,Non-Intersection,Daylight,Clear,Unknown,Unknown,Unknown EMS Scene Arrival Hour,Unknown EMS Scene Arrival Minutes,Unknown,Unknown EMS Hospital Arrival Time,1,Daylight,Clear,0,1,[],[],0,0,Valid,1.0,1.0,37.0,37.0,['Male'],0,0,3,4,4,Dry,Straight,Level,Lowest,No
29517,45,South Carolina,450855,0,1,1,0,1,NOT APPLICABLE,December,13,Wednesday,19,30,Rural,Medium Speed (Collector),No,34.7519,-80.98231944,Non-Intersection,Dark - Not Lighted,Clear,Unknown,Unknown if Notified,Unknown EMS Scene Arrival Hour,Unknown if Arrived,Not Applicable (Not Transported),Not Applicable (Not Transported),1,Dark - Unlighted,Clear,1,0,['Driver'],['None_Used'],1,1,Valid,0.0,0.0,55.0,55.0,['Male'],1,0,2,4,3,Dry,Curve,Level,Lowest,No
29518,45,South Carolina,450856,0,1,1,0,2,NOT APPLICABLE,December,15,Friday,19,15,Rural,Medium Speed (Collector),No,33.98455556,-79.70119444,Non-Intersection,Dark - Not Lighted,Clear,Unknown,Unknown,Unknown EMS Scene Arrival Hour,Unknown EMS Scene Arrival Minutes,Unknown,Unknown EMS Hospital Arrival Time,1,Dark - Unlighted,Clear,1,1,['Front_Passenger'],['Shoulder_Lapbelt'],1,1,Invalid,0.0,0.0,22.0,22.0,['Male'],0,0,2,4,3,Dry,Curve,Level,Lowest,No
29519,45,South Carolina,450857,0,1,1,0,1,NOT APPLICABLE,December,15,Friday,22,35,Rural,Medium Speed (Collector),No,33.61809444,-82.08268056,Non-Intersection,Dark - Not Lighted,Clear,Unknown,Unknown if Notified,Unknown EMS Scene Arrival Hour,Unknown if Arrived,Not Applicable (Not Transported),Not Applicable (Not Transported),1,Dark - Unlighted,Clear,1,0,['Driver'],['Shoulder_Lapbelt'],1,1,Valid,0.0,0.0,51.0,51.0,['Male'],1,0,3,4,3,Dry,Curve,Level,Lowest,No
29520,45,South Carolina,450858,0,1,1,0,1,NOT APPLICABLE,December,16,Saturday,4,3,Rural,High Speed (Arterial),Yes,33.93915556,-80.79097778,Non-Intersection,Dark - Not Lighted,Clear,Unknown,Unknown if Notified,Unknown EMS Scene Arrival Hour,Unknown if Arrived,Not Applicable (Not Transported),Not Applicable (Not Transported),1,Dark - Unlighted,Clear,1,0,['Driver'],['None_Used'],1,1,Invalid,0.0,0.0,34.0,34.0,['Male'],1,0,2,4,3,Dry,Straight,Level,Lowest,No
29521,45,South Carolina,450859,0,3,3,0,3,NOT APPLICABLE,December,16,Saturday,10,5,Rural,Medium Speed (Collector),No,33.83213333,-82.05352778,Complex/Circle,Daylight,Clear,Unknown,Unknown,Unknown EMS Scene Arrival Hour,Unknown EMS Scene Arrival Minutes,Unknown,Unknown EMS Hospital Arrival Time,1,Daylight,Clear,1,2,['Driver'],['None_Used'],0,0,Valid,2.0,0.0,65.0,30.0,"['Male', 'Female', 'Male']",0,0,5,4,5,Dry,Straight,Grade/Hillcrest,Lowest,No
29522,45,South Carolina,450860,0,1,1,0,1,NOT APPLICABLE,December,17,Sunday,3,0,Rural,High Speed (Arterial),Yes,32.43201389,-81.00633333,Non-Intersection,Dark - Not Lighted,Rain,Unknown,Unknown if Notified,Unknown EMS Scene Arrival Hour,Unknown if Arrived,Not Applicable (Not Transported),Not Applicable (Not Transported),1,Dark - Unlighted,Rain/Wind/Minor,1,0,['Driver'],['None_Used'],0,0,Invalid,0.0,0.0,16.0,16.0,['Male'],1,0,2,4,3,Wet/Standing Water,Straight,Level,Lowest,No
29523,45,South Carolina,450861,0,2,2,0,5,FLORENCE,December,9,Saturday,20,55,Urban,Low Speed (Local),No,34.19063889,-79.75721944,Complex/Circle,Dark - Not Lighted,Clear,Unknown,Unknown,Unknown EMS Scene Arrival Hour,Unknown EMS Scene Arrival Minutes,Unknown,Unknown EMS Hospital Arrival Time,2,Dark - Unlighted,Clear,2,3,"['Front_Passenger', 'Rear_Seat']","['None_Used', 'None_Used']",0,0,Invalid,1.0,0.0,45.0,15.0,"['Male', 'Female']",0,0,3,4,5,Dry,Straight,Level,Lowest,No
29524,45,South Carolina,450862,0,1,1,0,1,NOT APPLICABLE,December,18,Monday,7,53,Rural,Medium Speed (Collector),No,34.10300556,-81.53252222,Non-Intersection,Daylight,Clear,Unknown,Unknown if Notified,Unknown EMS Scene Arrival Hour,Unknown if Arrived,Not Applicable (Not Transported),Not Applicable (Not Transported),1,Daylight,Clear,1,0,['Driver'],['None_Used'],0,0,Valid,1.0,0.0,60.0,60.0,['Male'],0,0,3,4,3,Dry,Curve,Level,Lowest,No
29525,45,South Carolina,450863,0,2,2,0,2,NOT APPLICABLE,December,18,Monday,14,56,Rural,High Speed (Arterial),Yes,34.92548611,-81.83681389,Complex/Circle,Daylight,Clear,Unknown,Unknown,Unknown EMS Scene Arrival Hour,Unknown EMS Scene Arrival Minutes,Unknown,Unknown EMS Hospital Arrival Time,1,Daylight,Clear,1,1,['Driver'],['Shoulder_Lapbelt'],0,0,Valid,0.0,0.0,75.0,54.0,"['Female', 'Male']",1,0,4,4,5,Dry,Straight,Level,Lowest,No
29526,45,South Carolina,450864,0,2,2,0,2,NOT APPLICABLE,December,18,Monday,18,50,Rural,High Speed (Arterial),Yes,33.63621111,-79.18334444,Non-Intersection,Dark - Not Lighted,Clear,Unknown,Unknown,Unknown EMS Scene Arrival Hour,Unknown EMS Scene Arrival Minutes,Unknown,Unknown EMS Hospital Arrival Time,1,Dark - Unlighted,Clear,1,1,['Driver'],['Shoulder_Lapbelt'],0,0,Valid,1.0,0.0,70.0,38.0,"['Male', 'Male']",0,0,3,4,5,Dry,Straight,Level,Lowest,No
29527,45,South Carolina,450865,0,2,2,0,4,NOT APPLICABLE,December,19,Tuesday,18,22,Rural,High Speed (Arterial),Yes,33.46995278,-80.80007222,Simple Junction,Dark - Lighted,Clear,Unknown,Unknown if Notified,Unknown EMS Scene Arrival Hour,Unknown if Arrived,Not Applicable (Not Transported),Not Applicable (Not Transported),3,Dark - Lighted,Clear,3,1,"['Driver', 'Front_Passenger', 'Rear_Seat']","['None_Used', 'Shoulder_Lapbelt', 'Child_Safety']",1,1,Invalid,1.0,5.0,43.0,33.0,"['Male', 'Male']",0,0,4,4,5,Dry,Straight,Level,Lowest,No
29528,45,South Carolina,450866,0,2,2,0,5,NOT APPLICABLE,December,19,Tuesday,18,35,Rural,High Speed (Arterial),Yes,33.23160556,-80.88995,Simple Junction,Dark - Not Lighted,Clear,Unknown,Unknown,Unknown EMS Scene Arrival Hour,Unknown EMS Scene Arrival Minutes,Unknown,Unknown EMS Hospital Arrival Time,1,Dark - Unlighted,Clear,1,4,['Rear_Seat'],['None_Used'],0,0,Valid,0.0,0.0,59.0,16.0,"['Male', 'Male']",1,0,3,4,5,Dry,Curve,Grade/Hillcrest,Lowest,No
29529,45,South Carolina,450867,1,1,1,0,1,NOT APPLICABLE,December,19,Tuesday,20,27,Urban,High Speed (Arterial),No,33.69673889,-79.01248611,Non-Intersection,Dark - Not Lighted,Clear,Unknown,Unknown if Notified,Unknown EMS Scene Arrival Hour,Unknown if Arrived,Not Applicable (Not Transported),Not Applicable (Not Transported),1,Dark - Unlighted,Clear,0,1,[],[],0,0,Valid,6.0,1.0,37.0,37.0,['Female'],0,0,3,3,4,Dry,Straight,Level,Lowest,No
29530,45,South Carolina,450868,0,2,2,0,2,NOT APPLICABLE,December,19,Tuesday,21,20,Urban,Medium Speed (Collector),No,34.90891389,-82.20232222,Non-Intersection,Dark - Not Lighted,Clear,Unknown,Unknown if Notified,Unknown EMS Scene Arrival Hour,Unknown if Arrived,Not Applicable (Not Transported),Not Applicable (Not Transported),2,Dark - Unlighted,Clear,2,0,"['Driver', 'Driver']","['Shoulder_Lapbelt', 'None_Used']",1,1,Valid,0.0,0.0,37.0,34.0,"['Female', 'Male']",0,0,3,4,5,Dry,Straight,Level,Lowest,No
29531,45,South Carolina,450869,0,1,1,0,1,CHARLESTON,December,20,Wednesday,2,2,Urban,Medium Speed (Collector),No,32.74928056,-80.03221111,Non-Intersection,Dark - Not Lighted,Clear,Unknown,Unknown if Notified,Unknown EMS Scene Arrival Hour,Unknown if Arrived,Not Applicable (Not Transported),Not Applicable (Not Transported),1,Dark - Unlighted,Clear,1,0,['Driver'],['None_Used'],1,1,Invalid,0.0,1.0,22.0,22.0,['Male'],1,0,2,4,3,Dry,Curve,Grade/Hillcrest,Lowest,No
29532,45,South Carolina,450870,1,1,1,0,1,NOT APPLICABLE,December,20,Wednesday,17,53,Rural,Low Speed (Local),No,33.82736111,-81.83797222,Non-Intersection,Dark - Not Lighted,Clear,Unknown,Unknown if Notified,Unknown EMS Scene Arrival Hour,Unknown if Arrived,Not Applicable (Not Transported),Not Applicable (Not Transported),1,Dark - Unlighted,Clear,0,1,[],[],0,0,Valid,0.0,0.0,18.0,18.0,['Male'],0,0,3,4,4,Dry,Straight,Grade/Hillcrest,Lowest,No
29533,45,South Carolina,450871,0,1,1,0,1,NOT APPLICABLE,December,20,Wednesday,20,25,Rural,High Speed (Arterial),Yes,32.58426667,-81.162075,Non-Intersection,Dark - Not Lighted,Clear,Unknown,Unknown if Notified,Unknown EMS Scene Arrival Hour,Unknown if Arrived,Not Applicable (Not Transported),Not Applicable (Not Transported),1,Dark - Unlighted,Clear,1,0,['Driver'],['None_Used'],0,0,Valid,0.0,2.0,61.0,61.0,['Male'],0,0,3,4,2,Dry,Straight,Level,Lowest,No
29534,45,South Carolina,450872,0,2,2,0,3,WEST COLUMBIA,December,20,Wednesday,20,30,Urban,Medium Speed (Collector),No,33.97348889,-81.08601111,Complex/Circle,Dark - Lighted,Clear,Unknown,Unknown,Unknown EMS Scene Arrival Hour,Unknown EMS Scene Arrival Minutes,Unknown,Unknown EMS Hospital Arrival Time,1,Dark - Lighted,Clear,1,2,['Driver'],['None_Used'],0,0,Valid,1.0,0.0,67.0,47.0,"['Female', 'Male']",0,0,3,4,5,Dry,Straight,Level,Lowest,No
29535,45,South Carolina,450873,0,3,3,0,6,NOT APPLICABLE,December,21,Thursday,12,10,Rural,High Speed (Arterial),Yes,34.11987778,-78.87586111,Non-Intersection,Daylight,Clear,Unknown,Unknown,Unknown EMS Scene Arrival Hour,Unknown EMS Scene Arrival Minutes,Unknown,Unknown EMS Hospital Arrival Time,1,Daylight,Clear,1,5,['Driver'],['Shoulder_Lapbelt'],0,0,Valid,2.0,1.0,76.0,21.0,"['Male', 'Female', 'Male']",0,0,2,4,5,Dry,Straight,Level,Lowest,No
29536,45,South Carolina,450874,2,2,1,1,1,NOT APPLICABLE,December,21,Thursday,16,40,Rural,High Speed (Arterial),Yes,34.08493056,-82.20553889,Non-Intersection,Daylight,Clear,Unknown,Unknown if Notified,Unknown EMS Scene Arrival Hour,Unknown if Arrived,Not Applicable (Not Transported),Not Applicable (Not Transported),1,Daylight,Clear,0,1,[],[],0,0,Invalid,4.0,1.0,53.0,53.0,['Male'],1,0,2,4,5,Dry,Straight,Grade/Hillcrest,Lowest,No
29537,45,South Carolina,450875,0,3,3,0,5,NOT APPLICABLE,December,21,Thursday,21,45,Rural,Medium Speed (Collector),No,34.89019722,-82.56744167,Non-Intersection,Dark - Not Lighted,Clear,Unknown,Unknown,Unknown EMS Scene Arrival Hour,Unknown EMS Scene Arrival Minutes,Unknown,Unknown EMS Hospital Arrival Time,1,Dark - Unlighted,Clear,1,4,['Rear_Seat'],['None_Used'],1,1,Valid,2.0,0.0,62.0,40.0,"['Female', 'Male', 'Male']",0,0,5,4,5,Dry,Straight,Level,Lowest,No
29538,45,South Carolina,450876,0,1,1,0,1,NOT APPLICABLE,December,21,Thursday,22,30,Rural,Medium Speed (Collector),No,32.21418611,-81.07021944,Non-Intersection,Dark - Not Lighted,Clear,Unknown,Unknown if Notified,Unknown EMS Scene Arrival Hour,Unknown if Arrived,Not Applicable (Not Transported),Not Applicable (Not Transported),1,Dark - Unlighted,Clear,1,0,['Driver'],['None_Used'],1,1,Valid,0.0,1.0,37.0,37.0,['Female'],1,0,3,4,2,Dry,Curve,Level,Lowest,No
29539,45,South Carolina,450877,0,4,1,3,1,NOT APPLICABLE,December,22,Friday,4,20,Rural,High Speed (Arterial),Yes,33.56505278,-80.95710556,Non-Intersection,Dark - Not Lighted,Clear,Unknown,Unknown if Notified,Unknown EMS Scene Arrival Hour,Unknown if Arrived,Not Applicable (Not Transported),Not Applicable (Not Transported),1,Dark - Unlighted,Clear,1,0,['Driver'],['None_Used'],1,1,Valid,0.0,0.0,42.0,42.0,['Male'],1,0,2,4,3,Dry,Curve,Level,Lowest,No
29540,45,South Carolina,450878,0,2,2,0,5,NOT APPLICABLE,December,22,Friday,13,11,Rural,Medium Speed (Collector),No,34.76263889,-79.70805,Non-Intersection,Daylight,Clear,Unknown,Unknown,Unknown EMS Scene Arrival Hour,Unknown EMS Scene Arrival Minutes,Unknown,Unknown EMS Hospital Arrival Time,1,Daylight,Clear,1,4,['Driver'],['None_Used'],0,0,Valid,0.0,1.0,40.0,24.0,"['Female', 'Female']",0,0,3,4,5,Dry,Straight,Level,Lowest,No
29541,45,South Carolina,450879,0,2,2,0,2,NOT APPLICABLE,December,22,Friday,20,45,Urban,High Speed (Arterial),Yes,35.01268056,-82.03133889,Non-Intersection,Dark - Not Lighted,Clear,Unknown,Unknown,Unknown EMS Scene Arrival Hour,Unknown EMS Scene Arrival Minutes,Unknown,Unknown EMS Hospital Arrival Time,1,Dark - Unlighted,Clear,1,1,['Driver'],['None_Used'],1,1,Valid,1.0,1.0,46.0,35.0,"['Male', 'Female']",0,0,3,4,5,Dry,Straight,Level,Lowest,No
29542,45,South Carolina,450881,1,1,1,0,2,SUMMERVILLE,December,23,Saturday,21,40,Urban,Medium Speed (Collector),No,32.96345,-80.16586944,Non-Intersection,Dark - Not Lighted,Clear,Unknown,Unknown,Unknown EMS Scene Arrival Hour,Unknown EMS Scene Arrival Minutes,Unknown,Unknown EMS Hospital Arrival Time,1,Dark - Unlighted,Clear,0,2,[],[],0,0,Valid,1.0,2.0,33.0,33.0,['Female'],0,0,2,3,4,Dry,Straight,Level,Lowest,No
29543,45,South Carolina,450882,0,1,1,0,1,NOT APPLICABLE,December,23,Saturday,23,13,Urban,Low Speed (Local),No,34.68069167,-82.27586111,Non-Intersection,Dark - Not Lighted,Clear,Unknown,Unknown if Notified,Unknown EMS Scene Arrival Hour,Unknown if Arrived,Not Applicable (Not Transported),Not Applicable (Not Transported),1,Dark - Unlighted,Clear,1,0,['Driver'],['Shoulder_Lapbelt'],1,1,Valid,0.0,0.0,45.0,45.0,['Male'],0,0,2,4,3,Dry,Curve,Level,Lowest,No
29544,45,South Carolina,450883,0,1,1,0,1,NOT APPLICABLE,December,24,Sunday,0,45,Rural,Medium Speed (Collector),No,33.6473,-79.27526111,Non-Intersection,Dark - Not Lighted,Clear,Unknown,Unknown,Unknown EMS Scene Arrival Hour,Unknown EMS Scene Arrival Minutes,Unknown,Unknown EMS Hospital Arrival Time,1,Dark - Unlighted,Clear,1,0,['Driver'],['None_Used'],0,0,Valid,0.0,3.0,24.0,24.0,['Female'],1,0,2,4,3,Dry,Curve,Level,Lowest,No
29545,45,South Carolina,450884,0,2,2,0,2,NOT APPLICABLE,December,25,Monday,18,0,Rural,High Speed (Arterial),Yes,33.97462222,-80.23065833,Simple Junction,Dark - Lighted,Rain,Unknown,Unknown,Unknown EMS Scene Arrival Hour,Unknown EMS Scene Arrival Minutes,Unknown,Unknown EMS Hospital Arrival Time,1,Dark - Lighted,Rain/Wind/Minor,1,1,['Driver'],['Shoulder_Lapbelt'],0,0,Valid,1.0,2.0,79.0,66.0,"['Female', 'Male']",0,0,3,4,5,Wet/Standing Water,Straight,Level,Lowest,No
29546,45,South Carolina,450885,1,1,1,0,1,NOT APPLICABLE,December,27,Wednesday,18,20,Rural,Low Speed (Local),No,32.53155278,-80.95817778,Non-Intersection,Dark - Not Lighted,Clear,Unknown,Unknown if Notified,Unknown EMS Scene Arrival Hour,Unknown if Arrived,Not Applicable (Not Transported),Not Applicable (Not Transported),1,Dark - Unlighted,Clear,0,1,[],[],0,0,Valid,0.0,0.0,35.0,35.0,['Male'],0,0,1,0,4,Dry,Straight,Level,Lowest,No
29547,45,South Carolina,450886,0,2,2,0,2,NORTH CHARLESTON,December,27,Wednesday,11,52,Urban,High Speed (Arterial),Yes,32.8965,-80.0159,Complex/Circle,Daylight,Clear,Unknown,Unknown,Unknown EMS Scene Arrival Hour,Unknown EMS Scene Arrival Minutes,Unknown,Unknown EMS Hospital Arrival Time,1,Daylight,Clear,1,1,['Driver'],['Shoulder_Lapbelt'],0,0,Valid,0.0,2.0,71.0,49.0,"['Male', 'Male']",0,0,3,4,5,Dry,Straight,Level,Lowest,No