,State_Code,State_Name,Crash_ID,Count_Non_Motorists,Count_Vehicles_Total,Count_Vehicle_Forms,Count_PVH_Involved,Count_Occupants_MV,City_Name,Month_Name,Day_of_Month,Day_of_Week,Crash_Hour,Crash_Minute,Area_Rural_Urban,Road_Functional_Class,On_NHS_Road,Latitude,Longitude,Intersection_Type,Light_Condition,Weather_Condition,Notif_Hour,Notif_Minute,Arrival_Hour,Arrival_Minute,Hospital_Hour,Hospital_Minute,Fatalities_Count,Clean_Light_Condition,Clean_Weather_Condition,Total_Killed,Total_Alive,Fatal_Seats_List,Killed_Restraint_List,Any_Driver_Drinking,Total_Drinking_Drivers,Driver_License_Category,Driver_Max_Prev_Accident_Count,Driver_Max_Prev_Speeding_Count,Max_Driver_Age,Min_Driver_Age,Driver_Sex_List,Total_Exceeding_Limit_Vehicles,Total_Too_Fast_Vehicles,Max_Vehicle_Type_Severity_5,Max_Vehicle_Damage_Rank,Max_Harmful_Event_Severity,Crash_Road_Surface_Condition,Crash_Horizontal_Alignment,Crash_Vertical_Profile,Crash_Impairment_Category,Crash_Vehicle_Defect
29548,45,South Carolina,450887,1,1,1,0,1,NOT APPLICABLE,December,28,Thursday,1,15,Urban,High Speed (Arterial),Yes,33.78266111,-78.98990278,Non-Intersection,Dark - Not Lighted,Clear,Unknown,Unknown if Notified,Unknown EMS Scene Arrival Hour,Unknown if Arrived,Not Applicable (Not Transported),Not Applicable (Not Transported),1,Dark - Unlighted,Clear,0,1,[],[],0,0,Valid,0.0,0.0,48.0,48.0,['Male'],0,0,4,3,4,Dry,Straight,Level,Lowest,No
29549,45,South Carolina,450888,0,2,2,0,3,NOT APPLICABLE,December,28,Thursday,18,20,Rural,High Speed (Arterial),No,34.31606944,-79.48573056,Non-Intersection,Dark - Not Lighted,Clear,Unknown,Unknown,Unknown EMS Scene Arrival Hour,Unknown EMS Scene Arrival Minutes,Unknown,Unknown EMS Hospital Arrival Time,1,Dark - Unlighted,Clear,1,2,['Front_Passenger'],['Shoulder_Lapbelt'],0,0,Valid,1.0,1.0,36.0,29.0,"['Female', 'Male']",0,0,4,4,5,Dry,Straight,Level,Lowest,No
29550,45,South Carolina,450889,1,1,1,0,1,NOT APPLICABLE,December,28,Thursday,17,50,Rural,Low Speed (Local),No,34.43334722,-82.49726389,Non-Intersection,Dusk,Clear,Unknown,Unknown,Unknown EMS Scene Arrival Hour,Unknown EMS Scene Arrival Minutes,Unknown,Unknown EMS Hospital Arrival Time,1,Twilight,Clear,0,1,[],[],0,0,Valid,0.0,0.0,75.0,75.0,['Female'],1,0,3,4,4,Dry,Straight,Grade/Hillcrest,Lowest,No
29551,45,South Carolina,450890,0,2,2,0,2,FLORENCE,December,29,Friday,12,12,Urban,Medium Speed (Collector),No,34.19323889,-79.82366111,Non-Intersection,Daylight,Clear,Unknown,Unknown,Unknown EMS Scene Arrival Hour,Unknown EMS Scene Arrival Minutes,Unknown,Unknown EMS Hospital Arrival Time,1,Daylight,Clear,1,1,['Driver'],['Shoulder_Lapbelt'],0,0,Valid,0.0,0.0,68.0,51.0,"['Male', 'Female']",0,0,3,4,5,Dry,Straight,Level,Lowest,No
29552,45,South Carolina,450891,0,1,1,0,3,NOT APPLICABLE,December,29,Friday,5,10,Rural,High Speed (Arterial),No,34.74522222,-80.60460833,Non-Intersection,Dark - Unknown Lighting,Clear,Unknown,Unknown,Unknown EMS Scene Arrival Hour,Unknown EMS Scene Arrival Minutes,Unknown,Unknown EMS Hospital Arrival Time,2,Dark - Unlighted,Clear,2,1,"['Driver', 'Front_Passenger']","['None_Used', 'None_Used']",0,0,Valid,2.0,5.0,22.0,22.0,['Male'],3,0,2,4,2,Dry,Curve,Level,Lowest,No
29553,45,South Carolina,450892,0,2,2,0,5,NOT APPLICABLE,December,29,Friday,17,42,Rural,Medium Speed (Collector),No,34.82091389,-82.80950556,Non-Intersection,Dusk,Clear,Unknown,Unknown,Unknown EMS Scene Arrival Hour,Unknown EMS Scene Arrival Minutes,Unknown,Unknown EMS Hospital Arrival Time,1,Twilight,Clear,1,4,['Driver'],['None_Used'],0,0,Valid,1.0,0.0,49.0,23.0,"['Male', 'Female']",0,0,3,4,5,Dry,Straight,Level,Lowest,No
29554,45,South Carolina,450893,1,1,1,0,1,NOT APPLICABLE,December,29,Friday,23,30,Urban,High Speed (Arterial),Yes,33.94168611,-81.08855556,Non-Intersection,Dark - Not Lighted,Clear,Unknown,Unknown,Unknown EMS Scene Arrival Hour,Unknown EMS Scene Arrival Minutes,Unknown,Unknown EMS Hospital Arrival Time,1,Dark - Unlighted,Clear,0,1,[],[],0,0,Valid,1.0,1.0,25.0,25.0,['Male'],0,0,2,4,4,Dry,Straight,Level,Lowest,No
29555,45,South Carolina,450894,0,1,1,0,2,NOT APPLICABLE,December,30,Saturday,2,20,Rural,High Speed (Arterial),No,32.36942222,-80.81233889,Non-Intersection,Dark - Not Lighted,Clear,Unknown,Unknown if Notified,Unknown EMS Scene Arrival Hour,Unknown if Arrived,Not Applicable (Not Transported),Not Applicable (Not Transported),2,Dark - Unlighted,Clear,2,0,"['Driver', 'Front_Passenger']","['None_Used', 'None_Used']",1,1,Valid,0.0,1.0,23.0,23.0,['Male'],2,0,2,4,3,Dry,Straight,Level,Lowest,No
29556,45,South Carolina,450895,0,1,1,0,1,NOT APPLICABLE,December,30,Saturday,0,58,Rural,Medium Speed (Collector),No,33.88457778,-79.17899722,Non-Intersection,Dark - Unknown Lighting,Clear,Unknown,Unknown if Notified,Unknown EMS Scene Arrival Hour,Unknown if Arrived,Not Applicable (Not Transported),Not Applicable (Not Transported),1,Dark - Unlighted,Clear,1,0,['Driver'],['Shoulder_Lapbelt'],1,1,Invalid,1.0,3.0,33.0,33.0,['Female'],1,0,2,4,3,Dry,Curve,Level,Lowest,No
29557,45,South Carolina,450896,2,1,1,0,2,NOT APPLICABLE,December,30,Saturday,21,25,Rural,High Speed (Arterial),Yes,33.14056944,-80.15724167,Non-Intersection,Dark - Not Lighted,Clear,Unknown,Unknown,Unknown EMS Scene Arrival Hour,Unknown EMS Scene Arrival Minutes,Unknown,Unknown EMS Hospital Arrival Time,1,Dark - Unlighted,Clear,0,2,[],[],0,0,Valid,0.0,0.0,33.0,33.0,['Male'],0,0,3,4,4,Dry,Straight,Level,Lowest,No
29558,45,South Carolina,450897,1,1,1,0,1,SURFSIDE BEACH,December,31,Sunday,5,42,Urban,High Speed (Arterial),Yes,33.58118056,-79.01891667,Non-Intersection,Dark - Unknown Lighting,Clear,Unknown,Unknown if Notified,Unknown EMS Scene Arrival Hour,Unknown if Arrived,Not Applicable (Not Transported),Not Applicable (Not Transported),1,Dark - Unlighted,Clear,0,1,[],[],0,0,Valid,1.0,2.0,59.0,59.0,['Male'],0,0,3,4,4,Dry,Straight,Level,Lowest,No
29559,45,South Carolina,450898,0,1,1,0,1,NOT APPLICABLE,December,31,Sunday,16,30,Rural,Medium Speed (Collector),No,34.65103056,-83.24589444,Non-Intersection,Daylight,Clear,Unknown,Unknown if Notified,Unknown EMS Scene Arrival Hour,Unknown if Arrived,Not Applicable (Not Transported),Not Applicable (Not Transported),1,Daylight,Clear,1,0,['Driver'],['None_Used'],1,1,Valid,1.0,0.0,39.0,39.0,['Male'],1,0,3,4,3,Dry,Straight,Level,Lowest,No
29560,45,South Carolina,450899,0,3,3,0,5,NOT APPLICABLE,December,31,Sunday,20,40,Urban,High Speed (Arterial),Yes,35.01275833,-81.95552778,Non-Intersection,Dark - Unknown Lighting,Clear,Unknown,Unknown,Unknown EMS Scene Arrival Hour,Unknown EMS Scene Arrival Minutes,Unknown,Unknown EMS Hospital Arrival Time,1,Dark - Unlighted,Clear,1,4,['Driver'],['None_Used'],0,0,Valid,0.0,0.0,28.0,21.0,"['Male', 'Male', 'Male']",0,0,3,4,5,Dry,Straight,Level,Lowest,No
29561,45,South Carolina,450900,1,1,1,0,1,MANNING,May,1,Monday,17,13,Rural,Low Speed (Local),No,33.69657778,-80.21355278,Simple Junction,Daylight,Clear,Unknown,Unknown,Unknown EMS Scene Arrival Hour,Unknown EMS Scene Arrival Minutes,Unknown,Unknown EMS Hospital Arrival Time,1,Daylight,Clear,0,1,[],[],0,0,Valid,0.0,0.0,53.0,53.0,['Male'],0,0,3,1,4,Dry,Straight,Level,Lowest,No
29562,45,South Carolina,450901,0,2,2,0,2,NOT APPLICABLE,July,12,Wednesday,12,45,Rural,High Speed (Arterial),No,33.98824444,-78.74756389,Non-Intersection,Daylight,Clear,Unknown,Unknown,Unknown EMS Scene Arrival Hour,Unknown EMS Scene Arrival Minutes,Unknown,Unknown EMS Hospital Arrival Time,1,Daylight,Clear,1,1,['Driver'],['None_Used'],0,0,Valid,1.0,0.0,82.0,38.0,"['Male', 'Male']",0,0,5,4,5,Dry,Straight,Non-Trafficway,Lowest,No
29563,45,South Carolina,450902,0,2,2,0,3,KERSHAW,July,19,Wednesday,7,1,Urban,High Speed (Arterial),Yes,34.55417222,-80.58424167,Non-Intersection,Daylight,Clear,Unknown,Unknown,Unknown EMS Scene Arrival Hour,Unknown EMS Scene Arrival Minutes,Unknown,Unknown EMS Hospital Arrival Time,1,Daylight,Clear,1,2,['Driver'],['None_Used'],0,0,Valid,0.0,0.0,40.0,29.0,"['Female', 'Female']",0,0,3,4,5,Dry,Straight,Level,Lowest,No
29564,45,South Carolina,450903,0,1,1,0,1,NORTH AUGUSTA,August,6,Sunday,2,0,Urban,Medium Speed (Collector),No,33.51380556,-81.95677222,Simple Junction,Dark - Lighted,Clear,Unknown,Unknown if Notified,Unknown EMS Scene Arrival Hour,Unknown if Arrived,Not Applicable (Not Transported),Not Applicable (Not Transported),1,Dark - Lighted,Clear,1,0,['Driver'],['None_Used'],1,1,Valid,0.0,0.0,24.0,24.0,['Male'],1,0,5,4,2,Dry,Curve,Level,Lowest,No
29565,45,South Carolina,450904,1,1,1,0,1,COLUMBIA,August,16,Wednesday,20,51,Urban,High Speed (Arterial),Yes,34.06338056,-81.00811944,Non-Intersection,Dark - Not Lighted,Clear,Unknown,Unknown,Unknown EMS Scene Arrival Hour,Unknown EMS Scene Arrival Minutes,Unknown,Unknown EMS Hospital Arrival Time,1,Dark - Unlighted,Clear,0,1,[],[],0,0,Valid,0.0,0.0,37.0,37.0,['Female'],0,0,3,2,4,Dry,Straight,Level,Lowest,No
29566,45,South Carolina,450905,0,2,2,0,2,PENDLETON,August,21,Monday,15,30,Urban,High Speed (Arterial),Yes,34.64172222,-82.79336111,Non-Intersection,Daylight,Clear,Unknown,Unknown,Unknown EMS Scene Arrival Hour,Unknown EMS Scene Arrival Minutes,Unknown,Unknown EMS Hospital Arrival Time,1,Daylight,Clear,1,1,['Driver'],['Shoulder_Lapbelt'],0,0,Valid,0.0,1.0,72.0,65.0,"['Male', 'Male']",0,0,3,4,5,Dry,Straight,Grade/Hillcrest,Medium,No
29567,45,South Carolina,450906,1,1,1,0,1,CHARLESTON,August,29,Tuesday,10,40,Urban,High Speed (Arterial),Yes,32.79901111,-80.00798056,Non-Intersection,Daylight,Clear,Unknown,Unknown,Unknown EMS Scene Arrival Hour,Unknown EMS Scene Arrival Minutes,Unknown,Unknown EMS Hospital Arrival Time,1,Daylight,Clear,0,1,[],[],0,0,Valid,0.0,1.0,25.0,25.0,['Male'],0,0,3,3,4,Dry,Straight,Level,Lowest,No
29568,45,South Carolina,450907,1,2,2,0,4,WINNSBORO,September,5,Tuesday,20,9,Urban,High Speed (Arterial),Yes,34.3719,-81.10088889,Non-Intersection,Dark - Not Lighted,Clear,Unknown,Unknown if Notified,Unknown EMS Scene Arrival Hour,Unknown if Arrived,Not Applicable (Not Transported),Not Applicable (Not Transported),1,Dark - Unlighted,Clear,0,4,[],[],0,0,Valid,0.0,0.0,60.0,48.0,"['Female', 'Female']",0,0,2,3,4,Dry,Straight,Level,Lowest,No
29569,45,South Carolina,450908,1,1,1,0,1,COLUMBIA,September,14,Thursday,22,42,Urban,Medium Speed (Collector),No,33.98728889,-81.02928056,Complex/Circle,Dark - Lighted,Clear,Unknown,Unknown,Unknown EMS Scene Arrival Hour,Unknown EMS Scene Arrival Minutes,Unknown,Unknown EMS Hospital Arrival Time,1,Dark - Lighted,Clear,0,1,[],[],0,0,Valid,0.0,0.0,52.0,52.0,['Male'],0,0,4,2,4,Dry,Straight,Level,Lowest,No
29570,45,South Carolina,450909,0,1,1,0,3,NOT APPLICABLE,September,17,Sunday,15,33,Rural,High Speed (Arterial),Yes,34.19849444,-79.61362222,Non-Intersection,Daylight,Rain,Unknown,Unknown,Unknown EMS Scene Arrival Hour,Unknown EMS Scene Arrival Minutes,Unknown,Unknown EMS Hospital Arrival Time,1,Daylight,Rain/Wind/Minor,1,2,['Rear_Seat'],['Shoulder_Lapbelt'],0,0,Valid,0.0,1.0,20.0,20.0,['Male'],3,0,2,4,3,Wet/Standing Water,Straight,Level,Lowest,No
29571,45,South Carolina,450910,0,1,1,0,1,YORK,August,17,Thursday,1,0,Rural,Medium Speed (Collector),No,35.10614722,-81.26737222,Simple Junction,Dark - Not Lighted,Clear,Unknown,Unknown,Unknown EMS Scene Arrival Hour,Unknown EMS Scene Arrival Minutes,Unknown,Unknown EMS Hospital Arrival Time,1,Dark - Unlighted,Clear,1,0,['Driver'],['Shoulder_Lapbelt'],0,0,Valid,0.0,3.0,79.0,79.0,['Male'],0,0,3,4,2,Dry,Straight,Level,Lowest,No
29572,45,South Carolina,450911,1,1,1,0,1,MANNING,September,19,Tuesday,20,45,Rural,Medium Speed (Collector),No,33.68691667,-80.21208333,Non-Intersection,Dark - Lighted,Clear,Unknown,Unknown if Notified,Unknown EMS Scene Arrival Hour,Unknown if Arrived,Not Applicable (Not Transported),Not Applicable (Not Transported),1,Dark - Lighted,Clear,0,1,[],[],0,0,Valid,0.0,1.0,71.0,71.0,['Male'],0,0,3,3,4,Dry,Straight,Level,Lowest,No
29573,45,South Carolina,450912,0,2,2,0,2,ORANGEBURG,September,29,Friday,22,0,Urban,High Speed (Arterial),Yes,33.51614444,-80.86606944,Complex/Circle,Dark - Lighted,Clear,Unknown,Unknown,Unknown EMS Scene Arrival Hour,Unknown EMS Scene Arrival Minutes,Unknown,Unknown EMS Hospital Arrival Time,1,Dark - Lighted,Clear,1,1,['Driver'],['None_Used'],0,0,Valid,1.0,2.0,37.0,22.0,"['Male', 'Male']",0,0,5,4,5,Dry,Straight,Level,Lowest,No
29574,45,South Carolina,450913,0,1,1,0,1,NOT APPLICABLE,October,9,Monday,21,35,Rural,Medium Speed (Collector),No,33.86131389,-81.376925,Non-Intersection,Dark - Not Lighted,Clear,Unknown,Unknown,Unknown EMS Scene Arrival Hour,Unknown EMS Scene Arrival Minutes,Unknown,Unknown EMS Hospital Arrival Time,1,Dark - Unlighted,Clear,1,0,['Driver'],['None_Used'],0,0,Valid,0.0,1.0,41.0,41.0,['Male'],0,0,3,4,3,Dry,Straight,Level,Lowest,No
29575,45,South Carolina,450914,0,2,2,0,2,MT PLEASANT,October,14,Saturday,19,37,Urban,High Speed (Arterial),Yes,32.83273889,-79.82721944,Complex/Circle,Dark - Lighted,Clear,Unknown,Unknown if Notified,Unknown EMS Scene Arrival Hour,Unknown if Arrived,Not Applicable (Not Transported),Not Applicable (Not Transported),1,Dark - Lighted,Clear,1,1,['Driver'],['None_Used'],0,0,Valid,0.0,0.0,48.0,18.0,"['Male', 'Male']",0,0,5,4,5,Dry,Straight,Level,Lowest,No
29576,45,South Carolina,450915,0,1,1,0,4,NOT APPLICABLE,October,21,Saturday,21,26,Rural,Medium Speed (Collector),No,34.71097778,-82.33566389,Non-Intersection,Dark - Not Lighted,Clear,Unknown,Unknown,Unknown EMS Scene Arrival Hour,Unknown EMS Scene Arrival Minutes,Unknown,Unknown EMS Hospital Arrival Time,1,Dark - Unlighted,Clear,1,3,['Driver'],['None_Used'],0,0,Valid,0.0,0.0,30.0,30.0,['Female'],4,0,3,4,3,Dry,Straight,Level,Medium,No
29577,45,South Carolina,450916,1,1,1,0,1,NOT APPLICABLE,October,22,Sunday,13,24,Urban,High Speed (Arterial),Yes,34.94108611,-81.95542778,Non-Intersection,Daylight,Clear,Unknown,Unknown if Notified,Unknown EMS Scene Arrival Hour,Unknown if Arrived,Not Applicable (Not Transported),Not Applicable (Not Transported),1,Daylight,Clear,0,1,[],[],0,0,Valid,1.0,0.0,60.0,60.0,['Female'],0,0,2,3,4,Dry,Straight,Level,Lowest,No
29578,45,South Carolina,450917,0,2,2,0,2,ROCK HILL,October,24,Tuesday,18,30,Urban,High Speed (Arterial),No,34.97646111,-81.00421111,Complex/Circle,Dusk,Clear,Unknown,Unknown,Unknown EMS Scene Arrival Hour,Unknown EMS Scene Arrival Minutes,Unknown,Unknown EMS Hospital Arrival Time,1,Twilight,Clear,1,1,['Driver'],['None_Used'],0,0,Valid,1.0,0.0,67.0,49.0,"['Male', 'Female']",0,0,5,4,5,Dry,Straight,Level,Lowest,No
29579,45,South Carolina,450918,1,1,1,0,1,GOOSE CREEK,October,25,Wednesday,19,4,Urban,High Speed (Arterial),Yes,32.99063889,-80.03966944,Non-Intersection,Dark - Lighted,Clear,Unknown,Unknown if Notified,Unknown EMS Scene Arrival Hour,Unknown if Arrived,Not Applicable (Not Transported),Not Applicable (Not Transported),1,Dark - Lighted,Clear,0,1,[],[],0,0,Valid,0.0,0.0,65.0,65.0,['Female'],0,0,2,3,4,Dry,Straight,Level,Lowest,No
29580,45,South Carolina,450919,0,1,1,0,1,LINCOLNVILLE,October,28,Saturday,1,32,Urban,High Speed (Arterial),Yes,33.01805,-80.14437778,Non-Intersection,Dark - Lighted,Clear,Unknown,Unknown if Notified,Unknown EMS Scene Arrival Hour,Unknown if Arrived,Not Applicable (Not Transported),Not Applicable (Not Transported),1,Dark - Lighted,Clear,1,0,['Driver'],['None_Used'],1,1,Invalid,0.0,0.0,37.0,37.0,['Male'],1,0,3,4,3,Dry,Curve,Level,Lowest,No
29581,45,South Carolina,450920,1,1,1,0,1,PENDLETON,October,28,Saturday,1,28,Urban,High Speed (Arterial),Yes,34.62918889,-82.78113889,Non-Intersection,Dark - Lighted,Clear,Unknown,Unknown,Unknown EMS Scene Arrival Hour,Unknown EMS Scene Arrival Minutes,Unknown,Unknown EMS Hospital Arrival Time,1,Dark - Lighted,Clear,0,1,[],[],0,0,Valid,1.0,3.0,27.0,27.0,['Male'],0,0,3,3,4,Dry,Straight,Level,Lowest,No
29582,45,South Carolina,450921,0,2,2,0,2,ANDERSON,November,3,Friday,19,8,Urban,High Speed (Arterial),Yes,34.49151111,-82.61191944,Non-Intersection,Dark - Lighted,Clear,Unknown,Unknown,Unknown EMS Scene Arrival Hour,Unknown EMS Scene Arrival Minutes,Unknown,Unknown EMS Hospital Arrival Time,1,Dark - Lighted,Clear,1,1,['Driver'],['None_Used'],0,0,Valid,1.0,1.0,69.0,52.0,"['Male', 'Female']",1,0,5,4,5,Dry,Straight,Grade/Hillcrest,Lowest,No
29583,45,South Carolina,450922,1,1,1,0,4,COLUMBIA,November,5,Sunday,18,27,Urban,High Speed (Arterial),Yes,34.03365,-81.08835,Simple Junction,Dark - Lighted,Clear,Unknown,Unknown,Unknown EMS Scene Arrival Hour,Unknown EMS Scene Arrival Minutes,Unknown,Unknown EMS Hospital Arrival Time,1,Dark - Lighted,Clear,0,4,[],[],0,0,Valid,0.0,1.0,40.0,40.0,['Male'],0,0,3,3,4,Dry,Straight,Level,Lowest,No
29584,45,South Carolina,450923,0,2,2,0,3,NOT APPLICABLE,November,18,Saturday,2,50,Rural,Low Speed (Local),No,33.13926944,-80.10345278,Non-Intersection,Dark - Not Lighted,Clear,Unknown,Unknown,Unknown EMS Scene Arrival Hour,Unknown EMS Scene Arrival Minutes,Unknown,Unknown EMS Hospital Arrival Time,1,Dark - Unlighted,Clear,1,2,['Driver'],['Shoulder_Lapbelt'],0,0,Valid,1.0,1.0,42.0,36.0,"['Female', 'Male']",0,0,3,4,5,Dry,Straight,Level,Lowest,No
29585,45,South Carolina,450924,0,2,2,0,8,RAVENEL,November,18,Saturday,20,52,Rural,High Speed (Arterial),Yes,32.78038056,-80.22608889,Non-Intersection,Dark - Lighted,Clear,Unknown,Unknown,Unknown EMS Scene Arrival Hour,Unknown EMS Scene Arrival Minutes,Unknown,Unknown EMS Hospital Arrival Time,1,Dark - Lighted,Clear,1,7,['Driver'],['Shoulder_Lapbelt'],1,1,Valid,0.0,2.0,37.0,25.0,"['Male', 'Male']",0,0,3,4,5,Dry,Straight,Level,Lowest,No
29586,45,South Carolina,450925,1,2,2,0,5,EASLEY,November,20,Monday,0,21,Urban,High Speed (Arterial),Yes,34.82625833,-82.54498889,Complex/Circle,Dark - Not Lighted,Clear,Unknown,Unknown if Notified,Unknown EMS Scene Arrival Hour,Unknown if Arrived,Not Applicable (Not Transported),Not Applicable (Not Transported),1,Dark - Unlighted,Clear,0,5,[],[],0,0,Valid,1.0,0.0,67.0,18.0,"['Male', 'Female']",0,0,3,3,4,Dry,Straight,Grade/Hillcrest,Lowest,No
29587,45,South Carolina,450926,1,1,1,0,1,NOT APPLICABLE,September,30,Saturday,23,35,Urban,High Speed (Arterial),Yes,33.47377222,-79.10343333,Non-Intersection,Dark - Not Lighted,Clear,Unknown,Unknown,Unknown EMS Scene Arrival Hour,Unknown EMS Scene Arrival Minutes,Unknown,Unknown EMS Hospital Arrival Time,1,Dark - Unlighted,Clear,0,1,[],[],0,0,Valid,0.0,1.0,55.0,55.0,['Male'],0,0,3,3,4,Dry,Straight,Level,Lowest,No
29588,45,South Carolina,450927,0,1,1,0,1,NOT APPLICABLE,October,9,Monday,19,24,Urban,Low Speed (Local),No,34.89288056,-82.10115,Non-Intersection,Dark - Not Lighted,Clear,Unknown,Unknown,Unknown EMS Scene Arrival Hour,Unknown EMS Scene Arrival Minutes,Unknown,Unknown EMS Hospital Arrival Time,1,Dark - Unlighted,Clear,1,0,['Driver'],['Shoulder_Lapbelt'],1,1,Invalid,0.0,0.0,44.0,44.0,['Male'],0,0,3,4,3,Dry,Curve,Level,Lowest,No
29589,45,South Carolina,450928,0,2,2,0,5,NOT APPLICABLE,October,28,Saturday,15,47,Rural,Medium Speed (Collector),No,33.06173889,-79.69043056,Complex/Circle,Daylight,Clear,Unknown,Unknown,Unknown EMS Scene Arrival Hour,Unknown EMS Scene Arrival Minutes,Unknown,Unknown EMS Hospital Arrival Time,1,Daylight,Clear,1,4,['Rear_Seat'],['Shoulder_Lapbelt'],0,0,Valid,0.0,0.0,64.0,19.0,"['Female', 'Male']",0,0,3,4,5,Dry,Straight,Level,Lowest,No
29590,45,South Carolina,450929,0,1,1,0,1,NORTH CHARLESTON,November,3,Friday,11,25,Urban,Low Speed (Local),No,32.8994,-80.08298056,Simple Junction,Daylight,Clear,Unknown,Unknown if Notified,Unknown EMS Scene Arrival Hour,Unknown if Arrived,Not Applicable (Not Transported),Not Applicable (Not Transported),1,Daylight,Clear,1,0,['Driver'],['Shoulder_Lapbelt'],0,0,Valid,0.0,0.0,38.0,38.0,['Female'],0,0,3,4,3,Dry,Straight,Level,Medium,No
29591,45,South Carolina,450930,0,2,2,0,3,COLUMBIA,November,4,Saturday,21,4,Urban,High Speed (Arterial),No,34.00891111,-81.03876111,Complex/Circle,Dark - Lighted,Clear,Unknown,Unknown,Unknown EMS Scene Arrival Hour,Unknown EMS Scene Arrival Minutes,Unknown,Unknown EMS Hospital Arrival Time,1,Dark - Lighted,Clear,1,2,['Driver'],['None_Used'],0,0,Valid,2.0,2.0,31.0,29.0,"['Male', 'Male']",1,0,3,4,3,Dry,Straight,Grade/Hillcrest,Lowest,No
29592,45,South Carolina,450931,1,1,1,0,1,NORTH CHARLESTON,November,22,Wednesday,19,44,Urban,High Speed (Arterial),Yes,32.93888889,-80.03991944,Non-Intersection,Dark - Lighted,Clear,Unknown,Unknown,Unknown EMS Scene Arrival Hour,Unknown EMS Scene Arrival Minutes,Unknown,Unknown EMS Hospital Arrival Time,1,Dark - Lighted,Clear,0,1,[],[],0,0,Valid,5.0,1.0,29.0,29.0,['Male'],0,0,2,3,4,Dry,Straight,Level,Lowest,No
29593,45,South Carolina,450932,0,1,1,0,1,CHARLESTON,November,23,Thursday,1,57,Urban,Medium Speed (Collector),No,32.77825,-80.10618333,Non-Intersection,Dark - Not Lighted,Clear,Unknown,Unknown if Notified,Unknown EMS Scene Arrival Hour,Unknown if Arrived,Not Applicable (Not Transported),Not Applicable (Not Transported),1,Dark - Unlighted,Clear,1,0,['Driver'],['None_Used'],1,1,Valid,0.0,0.0,36.0,36.0,['Male'],1,0,3,4,3,Dry,Straight,Level,Lowest,No
29594,45,South Carolina,450933,1,1,1,0,1,NOT APPLICABLE,November,24,Friday,21,50,Rural,High Speed (Arterial),Yes,33.57852222,-81.10694722,Non-Intersection,Dark - Not Lighted,Clear,Unknown,Unknown,Unknown EMS Scene Arrival Hour,Unknown EMS Scene Arrival Minutes,Unknown,Unknown EMS Hospital Arrival Time,1,Dark - Unlighted,Clear,0,1,[],[],0,0,Valid,0.0,0.0,28.0,28.0,['Female'],0,0,2,4,4,Dry,Straight,Level,Lowest,No
29595,45,South Carolina,450934,1,1,1,0,1,MONCKS CORNER,December,4,Monday,13,10,Urban,High Speed (Arterial),Yes,33.20441944,-79.98746111,Non-Intersection,Daylight,Clear,Unknown,Unknown,Unknown EMS Scene Arrival Hour,Unknown EMS Scene Arrival Minutes,Unknown,Unknown EMS Hospital Arrival Time,1,Daylight,Clear,0,1,[],[],0,0,Valid,1.0,0.0,50.0,50.0,['Female'],0,0,3,4,4,Dry,Straight,Level,Lowest,No
29596,45,South Carolina,450935,1,1,1,0,1,CHARLESTON,December,5,Tuesday,18,10,Urban,High Speed (Arterial),Yes,32.80178889,-80.01725,Non-Intersection,Dark - Lighted,Clear,Unknown,Unknown,Unknown EMS Scene Arrival Hour,Unknown EMS Scene Arrival Minutes,Unknown,Unknown EMS Hospital Arrival Time,1,Dark - Lighted,Clear,0,1,[],[],0,0,Valid,0.0,0.0,38.0,38.0,['Male'],0,0,3,4,4,Dry,Straight,Level,Lowest,No
29597,45,South Carolina,450936,0,1,1,0,1,MYRTLE BEACH,December,6,Wednesday,0,1,Urban,High Speed (Arterial),Yes,33.67681111,-78.90243889,Complex/Circle,Dark - Lighted,Clear,Unknown,Unknown,Unknown EMS Scene Arrival Hour,Unknown EMS Scene Arrival Minutes,Unknown,Unknown EMS Hospital Arrival Time,1,Dark - Lighted,Clear,1,0,['Driver'],['None_Used'],0,0,Valid,0.0,1.0,30.0,30.0,['Female'],0,0,2,4,3,Dry,Straight,Level,Lowest,No
29598,45,South Carolina,450937,0,2,2,0,2,NOT APPLICABLE,December,6,Wednesday,1,20,Urban,High Speed (Arterial),Yes,34.77411944,-82.27283889,Non-Intersection,Dark - Not Lighted,Clear,Unknown,Unknown,Unknown EMS Scene Arrival Hour,Unknown EMS Scene Arrival Minutes,Unknown,Unknown EMS Hospital Arrival Time,1,Dark - Unlighted,Clear,1,1,['Driver'],['Shoulder_Lapbelt'],1,1,Valid,1.0,1.0,44.0,34.0,"['Male', 'Female']",0,0,4,4,5,Dry,Straight,Level,Lowest,No