,State_Code,State_Name,Crash_ID,Count_Non_Motorists,Count_Vehicles_Total,Count_Vehicle_Forms,Count_PVH_Involved,Count_Occupants_MV,City_Name,Month_Name,Day_of_Month,Day_of_Week,Crash_Hour,Crash_Minute,Area_Rural_Urban,Road_Functional_Class,On_NHS_Road,Latitude,Longitude,Intersection_Type,Light_Condition,Weather_Condition,Notif_Hour,Notif_Minute,Arrival_Hour,Arrival_Minute,Hospital_Hour,Hospital_Minute,Fatalities_Count,Clean_Light_Condition,Clean_Weather_Condition,Total_Killed,Total_Alive,Fatal_Seats_List,Killed_Restraint_List,Any_Driver_Drinking,Total_Drinking_Drivers,Driver_License_Category,Driver_Max_Prev_Accident_Count,Driver_Max_Prev_Speeding_Count,Max_Driver_Age,Min_Driver_Age,Driver_Sex_List,Total_Exceeding_Limit_Vehicles,Total_Too_Fast_Vehicles,Max_Vehicle_Type_Severity_5,Max_Vehicle_Damage_Rank,Max_Harmful_Event_Severity,Crash_Road_Surface_Condition,Crash_Horizontal_Alignment,Crash_Vertical_Profile,Crash_Impairment_Category,Crash_Vehicle_Defect
29599,45,South Carolina,450938,0,1,1,0,1,NOT APPLICABLE,December,9,Saturday,11,15,Rural,High Speed (Arterial),Yes,33.82354444,-80.29013889,Non-Intersection,Daylight,Clear,Unknown,Unknown,Unknown EMS Scene Arrival Hour,Unknown EMS Scene Arrival Minutes,Unknown,Unknown EMS Hospital Arrival Time,1,Daylight,Clear,1,0,['Driver'],['Shoulder_Lapbelt'],0,0,Valid,0.0,0.0,69.0,69.0,['Female'],0,0,2,4,2,Dry,Straight,Level,Lowest,No
29600,45,South Carolina,450939,0,1,1,0,1,PELION,October,22,Sunday,14,7,Rural,High Speed (Arterial),Yes,33.76348889,-81.24546944,Simple Junction,Daylight,Clear,Unknown,Unknown,Unknown EMS Scene Arrival Hour,Unknown EMS Scene Arrival Minutes,Unknown,Unknown EMS Hospital Arrival Time,1,Daylight,Clear,1,0,['Driver'],['Shoulder_Lapbelt'],1,1,Valid,0.0,0.0,58.0,58.0,['Male'],1,0,3,4,3,Dry,Straight,Level,Lowest,No
29601,45,South Carolina,450940,0,1,1,0,1,DARLINGTON,December,16,Saturday,1,35,Urban,High Speed (Arterial),Yes,34.3025,-79.88333056,Non-Intersection,Dark - Not Lighted,Clear,Unknown,Unknown if Notified,Unknown EMS Scene Arrival Hour,Unknown if Arrived,Not Applicable (Not Transported),Not Applicable (Not Transported),1,Dark - Unlighted,Clear,1,0,['Driver'],['Shoulder_Lapbelt'],0,0,Valid,0.0,0.0,26.0,26.0,['Male'],1,0,2,4,3,Dry,Straight,Grade/Hillcrest,Lowest,No
29602,45,South Carolina,450941,0,1,1,0,1,COLUMBIA,December,29,Friday,19,55,Urban,Medium Speed (Collector),No,34.06106944,-80.99171944,Non-Intersection,Dark - Lighted,Clear,Unknown,Unknown if Notified,Unknown EMS Scene Arrival Hour,Unknown if Arrived,Not Applicable (Not Transported),Not Applicable (Not Transported),1,Dark - Lighted,Clear,1,0,['Driver'],['None_Used'],1,1,Invalid,0.0,0.0,42.0,42.0,['Male'],1,0,3,4,3,Dry,Straight,Level,Lowest,No
29603,45,South Carolina,450942,0,2,2,0,2,COLUMBIA,October,30,Monday,16,27,Urban,Medium Speed (Collector),No,34.05703056,-81.00081944,Simple Junction,Daylight,Clear,Unknown,Unknown,Unknown EMS Scene Arrival Hour,Unknown EMS Scene Arrival Minutes,Unknown,Unknown EMS Hospital Arrival Time,1,Daylight,Clear,1,1,['Driver'],['None_Used'],0,0,Valid,0.0,0.0,76.0,41.0,"['Male', 'Male']",1,0,5,4,5,Dry,Curve,Level,Lowest,No
29604,45,South Carolina,450943,1,1,1,0,1,COLUMBIA,November,10,Friday,1,9,Urban,Medium Speed (Collector),No,34.05721944,-81.0006,Non-Intersection,Dark - Lighted,Clear,Unknown,Unknown,Unknown EMS Scene Arrival Hour,Unknown EMS Scene Arrival Minutes,Unknown,Unknown EMS Hospital Arrival Time,1,Dark - Lighted,Clear,0,1,[],[],0,0,Invalid,0.0,0.0,999.0,999.0,['Other'],0,0,1,0,4,Dry,Straight,Level,Lowest,No
29605,45,South Carolina,450944,0,3,3,0,6,CHARLESTON,November,16,Thursday,16,30,Urban,High Speed (Arterial),Yes,32.82661111,-80.03003889,Non-Intersection,Daylight,Clear,Unknown,Unknown,Unknown EMS Scene Arrival Hour,Unknown EMS Scene Arrival Minutes,Unknown,Unknown EMS Hospital Arrival Time,1,Daylight,Clear,1,5,['Driver'],['Shoulder_Lapbelt'],0,0,Valid,0.0,0.0,74.0,33.0,"['Male', 'Female', 'Female']",1,0,3,4,5,Dry,Straight,Level,Lowest,No
29606,45,South Carolina,450945,0,1,1,0,2,HOLLYWOOD,December,27,Wednesday,0,10,Rural,Medium Speed (Collector),No,32.72646944,-80.25938611,Non-Intersection,Dark - Not Lighted,Rain,Unknown,Unknown,Unknown EMS Scene Arrival Hour,Unknown EMS Scene Arrival Minutes,Unknown,Unknown EMS Hospital Arrival Time,1,Dark - Unlighted,Rain/Wind/Minor,1,1,['Driver'],['None_Used'],0,0,Valid,0.0,0.0,62.0,62.0,['Male'],0,0,3,4,2,Wet/Standing Water,Straight,Level,Lowest,No
29607,45,South Carolina,450946,0,2,2,0,3,HOLLYWOOD,December,26,Tuesday,14,25,Rural,Medium Speed (Collector),No,32.74993056,-80.17363056,Non-Intersection,Daylight,Cloudy,Unknown,Unknown,Unknown EMS Scene Arrival Hour,Unknown EMS Scene Arrival Minutes,Unknown,Unknown EMS Hospital Arrival Time,1,Daylight,Reduced Visibility,1,2,['Driver'],['Shoulder_Lapbelt'],0,0,Valid,0.0,0.0,85.0,50.0,"['Male', 'Female']",1,0,3,4,5,Wet/Standing Water,Curve,Grade/Hillcrest,Lowest,No
29608,45,South Carolina,450947,1,1,1,0,1,MANNING,August,2,Wednesday,13,39,Rural,High Speed (Arterial),No,33.69519444,-80.21080556,Complex/Circle,Daylight,Clear,Unknown,Unknown,Unknown EMS Scene Arrival Hour,Unknown EMS Scene Arrival Minutes,Unknown,Unknown EMS Hospital Arrival Time,1,Daylight,Clear,0,1,[],[],0,0,Valid,0.0,0.0,18.0,18.0,['Male'],0,0,3,1,4,Dry,Straight,Level,Lowest,No
29609,45,South Carolina,450948,1,2,2,0,5,NOT APPLICABLE,December,25,Monday,18,52,Urban,Medium Speed (Collector),No,32.97927222,-80.02548333,Non-Intersection,Dark - Not Lighted,Rain,Unknown,Unknown,Unknown EMS Scene Arrival Hour,Unknown EMS Scene Arrival Minutes,Unknown,Unknown EMS Hospital Arrival Time,1,Dark - Unlighted,Rain/Wind/Minor,0,5,[],[],0,0,Valid,0.0,0.0,32.0,32.0,['Male'],0,0,3,3,5,Wet/Standing Water,Straight,Grade/Hillcrest,Lowest,No
29610,45,South Carolina,450949,0,2,2,0,2,NOT APPLICABLE,December,16,Saturday,23,15,Rural,High Speed (Arterial),No,34.67698056,-79.74458056,Non-Intersection,Dark - Not Lighted,Cloudy,Unknown,Unknown,Unknown EMS Scene Arrival Hour,Unknown EMS Scene Arrival Minutes,Unknown,Unknown EMS Hospital Arrival Time,1,Dark - Unlighted,Reduced Visibility,1,1,['Driver'],['None_Used'],1,1,Invalid,0.0,0.0,43.0,37.0,"['Female', 'Female']",0,0,3,4,5,Dry,Straight,Level,Lowest,No
29611,45,South Carolina,450950,0,4,4,0,7,NOT APPLICABLE,December,10,Sunday,5,18,Urban,High Speed (Arterial),Yes,34.85126944,-82.27793611,Non-Intersection,Dark - Not Lighted,Rain,Unknown,Unknown,Unknown EMS Scene Arrival Hour,Unknown EMS Scene Arrival Minutes,Unknown,Unknown EMS Hospital Arrival Time,3,Dark - Unlighted,Rain/Wind/Minor,3,4,"['Front_Passenger', 'Driver', 'Driver']","['Shoulder_Lapbelt', 'None_Used', 'None_Used']",1,1,Valid,0.0,1.0,69.0,27.0,"['Male', 'Female', 'Male', 'Male']",0,0,3,4,5,Wet/Standing Water,Curve,Grade/Hillcrest,Lowest,No
29612,45,South Carolina,450951,0,1,1,0,1,NOT APPLICABLE,November,16,Thursday,14,30,Rural,Medium Speed (Collector),No,33.79712222,-81.04625278,Simple Junction,Daylight,Clear,Unknown,Unknown,Unknown EMS Scene Arrival Hour,Unknown EMS Scene Arrival Minutes,Unknown,Unknown EMS Hospital Arrival Time,1,Daylight,Clear,1,0,['Driver'],['Shoulder_Lapbelt'],0,0,Valid,0.0,0.0,87.0,87.0,['Female'],1,0,3,4,3,Dry,Straight,Level,Lowest,No
29613,45,South Carolina,450952,1,2,1,1,1,NOT APPLICABLE,November,16,Thursday,20,39,Urban,High Speed (Arterial),Yes,34.10932222,-81.02565278,Non-Intersection,Dark - Not Lighted,Clear,Unknown,Unknown,Unknown EMS Scene Arrival Hour,Unknown EMS Scene Arrival Minutes,Unknown,Unknown EMS Hospital Arrival Time,1,Dark - Unlighted,Clear,0,1,[],[],0,0,Valid,1.0,1.0,32.0,32.0,['Male'],1,0,3,4,4,Dry,Straight,Level,Lowest,No
29614,45,South Carolina,450953,0,4,4,0,4,NOT APPLICABLE,October,25,Wednesday,22,25,Urban,High Speed (Arterial),Yes,34.98958056,-82.00054444,Non-Intersection,Dark - Not Lighted,Clear,Unknown,Unknown,Unknown EMS Scene Arrival Hour,Unknown EMS Scene Arrival Minutes,Unknown,Unknown EMS Hospital Arrival Time,2,Dark - Unlighted,Clear,2,2,"['Driver', 'Driver']","['None_Used', 'Shoulder_Lapbelt']",0,0,Valid,1.0,1.0,58.0,20.0,"['Male', 'Male', 'Male', 'Male']",1,0,4,4,5,Dry,Curve,Level,Lowest,No
29615,45,South Carolina,450954,0,3,3,0,5,NOT APPLICABLE,October,25,Wednesday,14,54,Rural,High Speed (Arterial),No,34.81966389,-81.10598333,Non-Intersection,Daylight,Clear,Unknown,Unknown,Unknown EMS Scene Arrival Hour,Unknown EMS Scene Arrival Minutes,Unknown,Unknown EMS Hospital Arrival Time,1,Daylight,Clear,1,4,['Driver'],['Shoulder_Lapbelt'],1,1,Valid,0.0,0.0,68.0,25.0,"['Male', 'Male', 'Female']",0,0,3,4,5,Dry,Curve,Grade/Hillcrest,Lowest,No
29616,45,South Carolina,450955,1,3,3,0,6,NORTH CHARLESTON,October,7,Saturday,19,50,Urban,High Speed (Arterial),Yes,32.98975278,-80.08442222,Non-Intersection,Dark - Not Lighted,Clear,Unknown,Unknown if Notified,Unknown EMS Scene Arrival Hour,Unknown if Arrived,Not Applicable (Not Transported),Not Applicable (Not Transported),1,Dark - Unlighted,Clear,0,6,[],[],0,0,Invalid,0.0,0.0,999.0,62.0,"['Male', 'Male', 'Other']",0,0,3,3,4,Dry,Straight,Level,Lowest,No
29617,45,South Carolina,450956,0,2,2,0,2,NOT APPLICABLE,September,29,Friday,20,17,Urban,Medium Speed (Collector),No,33.93293611,-80.96998333,Simple Junction,Dark - Lighted,Clear,Unknown,Unknown,Unknown EMS Scene Arrival Hour,Unknown EMS Scene Arrival Minutes,Unknown,Unknown EMS Hospital Arrival Time,1,Dark - Lighted,Clear,1,1,['Driver'],['Shoulder_Lapbelt'],0,0,Valid,0.0,0.0,66.0,23.0,"['Male', 'Male']",0,0,4,4,5,Dry,Straight,Level,Lowest,No
29618,45,South Carolina,450957,0,1,1,0,4,NOT APPLICABLE,September,29,Friday,15,31,Rural,Low Speed (Local),No,35.14881389,-81.88405556,Non-Intersection,Daylight,Clear,Unknown,Unknown,Unknown EMS Scene Arrival Hour,Unknown EMS Scene Arrival Minutes,Unknown,Unknown EMS Hospital Arrival Time,3,Daylight,Clear,3,1,"['Rear_Seat', 'Rear_Seat', 'Front_Passenger']","['Shoulder_Lapbelt', 'Shoulder_Lapbelt', 'Shoulder_Lapbelt']",0,0,Valid,0.0,0.0,18.0,18.0,['Male'],4,0,2,4,3,Dry,Straight,Level,Lowest,No
29619,45,South Carolina,450958,0,1,1,0,3,NOT APPLICABLE,September,22,Friday,7,30,Rural,Medium Speed (Collector),No,34.84588889,-80.99342222,Non-Intersection,Daylight,Clear,Unknown,Unknown,Unknown EMS Scene Arrival Hour,Unknown EMS Scene Arrival Minutes,Unknown,Unknown EMS Hospital Arrival Time,1,Daylight,Clear,1,2,['Rear_Seat'],['Shoulder_Lapbelt'],0,0,Invalid,2.0,0.0,46.0,46.0,['Male'],0,0,3,4,3,Dry,Straight,Level,Lowest,No
29620,45,South Carolina,450959,0,2,2,0,3,BURNETTOWN,May,17,Wednesday,16,0,Urban,High Speed (Arterial),Yes,33.53541667,-81.83397222,Non-Intersection,Daylight,Clear,Unknown,Unknown,Unknown EMS Scene Arrival Hour,Unknown EMS Scene Arrival Minutes,Unknown,Unknown EMS Hospital Arrival Time,1,Daylight,Clear,1,2,['Driver'],['None_Used'],0,0,Valid,0.0,1.0,19.0,16.0,"['Female', 'Male']",0,0,3,4,5,Dry,Straight,Grade/Hillcrest,Lowest,No
29621,45,South Carolina,450960,0,1,1,0,1,NOT APPLICABLE,April,15,Saturday,22,45,Rural,Low Speed (Local),No,32.64011111,-80.87273333,Non-Intersection,Dark - Not Lighted,Clear,Unknown,Unknown if Notified,Unknown EMS Scene Arrival Hour,Unknown if Arrived,Not Applicable (Not Transported),Not Applicable (Not Transported),1,Dark - Unlighted,Clear,1,0,['Driver'],['Shoulder_Lapbelt'],0,0,Valid,1.0,0.0,86.0,86.0,['Male'],0,0,3,4,3,Dry,Straight,Level,Lowest,No
29622,45,South Carolina,450961,0,1,1,0,1,NOT APPLICABLE,September,18,Monday,13,54,Rural,Low Speed (Local),No,34.96924722,-81.25946944,Non-Intersection,Daylight,Clear,Unknown,Unknown,Unknown EMS Scene Arrival Hour,Unknown EMS Scene Arrival Minutes,Unknown,Unknown EMS Hospital Arrival Time,1,Daylight,Clear,1,0,['Driver'],['Shoulder_Lapbelt'],0,0,Valid,0.0,0.0,73.0,73.0,['Female'],1,0,3,4,3,Dry,Straight,Level,Lowest,No
29623,45,South Carolina,450962,0,1,1,0,1,COLUMBIA,October,7,Saturday,13,20,Urban,High Speed (Arterial),Yes,34.05726944,-81.01316111,Non-Intersection,Daylight,Clear,Unknown,Unknown,Unknown EMS Scene Arrival Hour,Unknown EMS Scene Arrival Minutes,Unknown,Unknown EMS Hospital Arrival Time,1,Daylight,Clear,1,0,['Driver'],['Shoulder_Lapbelt'],1,1,Valid,0.0,1.0,62.0,62.0,['Female'],0,0,3,4,3,Dry,Straight,Level,Lowest,No
29624,45,South Carolina,450963,0,1,1,0,1,NOT APPLICABLE,October,13,Friday,19,9,Urban,High Speed (Arterial),Yes,34.99389722,-81.99648611,Non-Intersection,Dusk,Rain,Unknown,Unknown,Unknown EMS Scene Arrival Hour,Unknown EMS Scene Arrival Minutes,Unknown,Unknown EMS Hospital Arrival Time,1,Twilight,Rain/Wind/Minor,1,0,['Driver'],['None_Used'],0,0,Invalid,0.0,0.0,39.0,39.0,['Female'],0,0,5,4,2,Wet/Standing Water,Straight,Level,Lowest,No
29625,45,South Carolina,450964,0,1,1,0,1,NOT APPLICABLE,October,14,Saturday,23,30,Rural,Medium Speed (Collector),No,35.07935278,-81.26904444,Non-Intersection,Dark - Not Lighted,Clear,Unknown,Unknown,Unknown EMS Scene Arrival Hour,Unknown EMS Scene Arrival Minutes,Unknown,Unknown EMS Hospital Arrival Time,1,Dark - Unlighted,Clear,1,0,['Driver'],['None_Used'],0,0,Invalid,0.0,0.0,35.0,35.0,['Male'],0,0,5,4,1,Dry,Straight,Level,Lowest,No
29626,45,South Carolina,450966,0,1,1,0,1,WESTMINSTER,October,28,Saturday,2,5,Urban,High Speed (Arterial),Yes,34.66469722,-83.09644167,Non-Intersection,Dark - Lighted,Clear,Unknown,Unknown if Notified,Unknown EMS Scene Arrival Hour,Unknown if Arrived,Not Applicable (Not Transported),Not Applicable (Not Transported),1,Dark - Lighted,Clear,1,0,['Driver'],['Shoulder_Lapbelt'],1,1,Valid,0.0,0.0,33.0,33.0,['Female'],1,0,2,4,3,Dry,Curve,Grade/Hillcrest,Lowest,No
29627,45,South Carolina,450967,1,1,1,0,3,BELTON,November,9,Thursday,18,21,Rural,Medium Speed (Collector),No,34.54594444,-82.43247778,Non-Intersection,Dark - Not Lighted,Clear,Unknown,Unknown,Unknown EMS Scene Arrival Hour,Unknown EMS Scene Arrival Minutes,Unknown,Unknown EMS Hospital Arrival Time,1,Dark - Unlighted,Clear,0,3,[],[],0,0,Valid,0.0,0.0,27.0,27.0,['Female'],0,0,3,3,4,Dry,Straight,Level,Lowest,No
29628,45,South Carolina,450968,0,1,1,0,1,NOT APPLICABLE,November,23,Thursday,16,15,Rural,High Speed (Arterial),No,34.69663056,-79.78743611,Non-Intersection,Daylight,Clear,Unknown,Unknown,Unknown EMS Scene Arrival Hour,Unknown EMS Scene Arrival Minutes,Unknown,Unknown EMS Hospital Arrival Time,1,Daylight,Clear,1,0,['Driver'],['None_Used'],0,0,Valid,1.0,0.0,32.0,32.0,['Male'],1,0,3,4,3,Dry,Straight,Level,Lowest,No
29629,45,South Carolina,450969,0,1,1,0,2,NOT APPLICABLE,December,4,Monday,22,5,Urban,Medium Speed (Collector),No,33.01899444,-80.12325278,Non-Intersection,Dark - Not Lighted,Clear,Unknown,Unknown,Unknown EMS Scene Arrival Hour,Unknown EMS Scene Arrival Minutes,Unknown,Unknown EMS Hospital Arrival Time,1,Dark - Unlighted,Clear,1,1,['Front_Passenger'],['None_Used'],0,0,Invalid,2.0,0.0,45.0,45.0,['Male'],2,0,3,4,3,Dry,Curve,Level,Lowest,No
29630,45,South Carolina,450970,0,1,1,0,1,NOT APPLICABLE,December,6,Wednesday,17,10,Urban,Medium Speed (Collector),No,34.19605278,-82.25176944,Non-Intersection,Dusk,Clear,Unknown,Unknown,Unknown EMS Scene Arrival Hour,Unknown EMS Scene Arrival Minutes,Unknown,Unknown EMS Hospital Arrival Time,1,Twilight,Clear,1,0,['Driver'],['Shoulder_Lapbelt'],1,1,Invalid,2.0,1.0,69.0,69.0,['Male'],0,0,2,4,3,Dry,Straight,Grade/Hillcrest,Lowest,No
29631,45,South Carolina,450971,0,2,2,0,2,UNION,December,8,Friday,10,59,Urban,High Speed (Arterial),Yes,34.71898611,-81.63962778,Complex/Circle,Daylight,Clear,Unknown,Unknown,Unknown EMS Scene Arrival Hour,Unknown EMS Scene Arrival Minutes,Unknown,Unknown EMS Hospital Arrival Time,1,Daylight,Clear,1,1,['Driver'],['Shoulder_Lapbelt'],0,0,Valid,1.0,0.0,49.0,21.0,"['Female', 'Male']",0,0,2,4,5,Dry,Straight,Level,Lowest,No
29632,45,South Carolina,450972,0,2,2,0,2,NOT APPLICABLE,December,12,Tuesday,5,45,Rural,High Speed (Arterial),Yes,34.10135556,-79.78024444,Non-Intersection,Dark - Not Lighted,Clear,Unknown,Unknown,Unknown EMS Scene Arrival Hour,Unknown EMS Scene Arrival Minutes,Unknown,Unknown EMS Hospital Arrival Time,1,Dark - Unlighted,Clear,1,1,['Driver'],['Shoulder_Lapbelt'],0,0,Valid,0.0,0.0,37.0,23.0,"['Male', 'Male']",1,0,4,4,5,Dry,Straight,Level,Lowest,No
29633,45,South Carolina,450973,0,2,2,0,2,NOT APPLICABLE,December,12,Tuesday,11,30,Rural,Medium Speed (Collector),No,34.01690278,-79.61776944,Simple Junction,Daylight,Clear,Unknown,Unknown,Unknown EMS Scene Arrival Hour,Unknown EMS Scene Arrival Minutes,Unknown,Unknown EMS Hospital Arrival Time,1,Daylight,Clear,1,1,['Driver'],['None_Used'],0,0,Valid,0.0,1.0,81.0,42.0,"['Male', 'Male']",1,0,4,4,5,Dry,Straight,Level,Lowest,No
29634,45,South Carolina,450974,0,4,4,0,5,NOT APPLICABLE,December,13,Wednesday,14,15,Rural,High Speed (Arterial),Yes,33.87757222,-81.37999722,Non-Intersection,Daylight,Clear,Unknown,Unknown,Unknown EMS Scene Arrival Hour,Unknown EMS Scene Arrival Minutes,Unknown,Unknown EMS Hospital Arrival Time,1,Daylight,Clear,1,4,['Driver'],['Shoulder_Lapbelt'],0,0,Valid,0.0,1.0,85.0,46.0,"['Male', 'Male', 'Male', 'Female']",1,0,4,4,5,Dry,Straight,Level,Lowest,No
29635,45,South Carolina,450975,0,2,2,0,2,NOT APPLICABLE,December,14,Thursday,18,4,Urban,High Speed (Arterial),Yes,32.25466111,-81.0781,Non-Intersection,Dark - Not Lighted,Clear,Unknown,Unknown if Notified,Unknown EMS Scene Arrival Hour,Unknown if Arrived,Not Applicable (Not Transported),Not Applicable (Not Transported),1,Dark - Unlighted,Clear,1,1,['Driver'],['None_Used'],1,1,Valid,1.0,1.0,43.0,29.0,"['Male', 'Male']",1,0,4,4,5,Dry,Straight,Level,Lowest,No
29636,45,South Carolina,450976,0,2,2,0,3,NOT APPLICABLE,December,16,Saturday,1,10,Urban,Medium Speed (Collector),No,33.54666944,-81.67793056,Complex/Circle,Dark - Unknown Lighting,Clear,Unknown,Unknown,Unknown EMS Scene Arrival Hour,Unknown EMS Scene Arrival Minutes,Unknown,Unknown EMS Hospital Arrival Time,1,Dark - Unlighted,Clear,1,2,['Front_Passenger'],['None_Used'],1,1,Valid,1.0,1.0,32.0,20.0,"['Female', 'Male']",0,0,2,4,5,Dry,Straight,Level,Lowest,No
29637,45,South Carolina,450977,1,1,1,0,5,NOT APPLICABLE,December,21,Thursday,14,6,Urban,High Speed (Arterial),Yes,33.53733611,-80.83447778,Non-Intersection,Daylight,Clear,Unknown,Unknown,Unknown EMS Scene Arrival Hour,Unknown EMS Scene Arrival Minutes,Unknown,Unknown EMS Hospital Arrival Time,1,Daylight,Clear,0,5,[],[],0,0,Valid,0.0,0.0,17.0,17.0,['Female'],0,0,2,3,4,Dry,Straight,Level,Lowest,No
29638,45,South Carolina,450978,1,1,1,0,1,GREER,December,23,Saturday,18,0,Urban,Medium Speed (Collector),No,34.93175,-82.22248889,Simple Junction,Dark - Lighted,Clear,Unknown,Unknown,Unknown EMS Scene Arrival Hour,Unknown EMS Scene Arrival Minutes,Unknown,Unknown EMS Hospital Arrival Time,1,Dark - Lighted,Clear,0,1,[],[],0,0,Invalid,0.0,0.0,999.0,999.0,['Other'],1,0,1,0,4,Dry,Straight,Level,Lowest,No
29639,45,South Carolina,450979,0,2,2,0,2,SOUTH CONGAREE,December,24,Sunday,1,5,Urban,Medium Speed (Collector),No,33.90313333,-81.14448056,Non-Intersection,Dark - Unknown Lighting,Clear,Unknown,Unknown,Unknown EMS Scene Arrival Hour,Unknown EMS Scene Arrival Minutes,Unknown,Unknown EMS Hospital Arrival Time,1,Dark - Unlighted,Clear,1,1,['Driver'],['Shoulder_Lapbelt'],0,0,Valid,0.0,0.0,77.0,46.0,"['Male', 'Female']",0,0,3,4,5,Dry,Straight,Level,Lowest,No
29640,45,South Carolina,450980,0,2,2,0,2,MYRTLE BEACH,December,26,Tuesday,21,26,Urban,High Speed (Arterial),Yes,33.68736111,-78.95624722,Non-Intersection,Dark - Not Lighted,Clear,Unknown,Unknown,Unknown EMS Scene Arrival Hour,Unknown EMS Scene Arrival Minutes,Unknown,Unknown EMS Hospital Arrival Time,1,Dark - Unlighted,Clear,1,1,['Driver'],['None_Used'],0,0,Valid,0.0,0.0,60.0,25.0,"['Male', 'Male']",1,0,5,4,5,Dry,Straight,Level,Lowest,No
29641,45,South Carolina,450981,0,1,1,0,2,SUMMERVILLE,December,30,Saturday,18,19,Urban,High Speed (Arterial),Yes,33.04658056,-80.22298889,Non-Intersection,Dark - Not Lighted,Clear,Unknown,Unknown,Unknown EMS Scene Arrival Hour,Unknown EMS Scene Arrival Minutes,Unknown,Unknown EMS Hospital Arrival Time,1,Dark - Unlighted,Clear,1,1,['Front_Passenger'],['Shoulder_Lapbelt'],1,1,Invalid,0.0,0.0,31.0,31.0,['Male'],0,0,3,4,4,Dry,Straight,Level,Lowest,No
29642,45,South Carolina,450982,0,6,6,0,9,NOT APPLICABLE,November,30,Thursday,17,26,Urban,Medium Speed (Collector),No,34.08773889,-80.95953056,Non-Intersection,Daylight,Clear,Unknown,Unknown,Unknown EMS Scene Arrival Hour,Unknown EMS Scene Arrival Minutes,Unknown,Unknown EMS Hospital Arrival Time,1,Daylight,Clear,1,8,['Rear_Seat'],['None_Used'],0,0,Valid,1.0,1.0,999.0,21.0,"['Male', 'Female', 'Female', 'Male', 'Female', 'Other']",0,0,3,4,5,Dry,Straight,Level,Lowest,No
29643,45,South Carolina,450983,0,3,3,0,4,COLUMBIA,December,29,Friday,14,25,Urban,High Speed (Arterial),Yes,34.01887222,-81.09267778,Non-Intersection,Daylight,Cloudy,Unknown,Unknown,Unknown EMS Scene Arrival Hour,Unknown EMS Scene Arrival Minutes,Unknown,Unknown EMS Hospital Arrival Time,1,Daylight,Reduced Visibility,1,3,['Driver'],['Shoulder_Lapbelt'],0,0,Valid,0.0,0.0,56.0,48.0,"['Female', 'Female', 'Male']",0,0,3,4,5,Dry,Straight,Level,Lowest,No
29644,45,South Carolina,450984,0,2,2,0,2,NOT APPLICABLE,June,19,Monday,19,38,Urban,High Speed (Arterial),Yes,32.86703056,-79.90755,Non-Intersection,Dusk,Rain,Unknown,Unknown,Unknown EMS Scene Arrival Hour,Unknown EMS Scene Arrival Minutes,Unknown,Unknown EMS Hospital Arrival Time,1,Twilight,Rain/Wind/Minor,1,1,['Driver'],['Shoulder_Lapbelt'],1,1,Valid,0.0,0.0,37.0,21.0,"['Male', 'Male']",0,0,3,4,5,Wet/Standing Water,Straight,Level,Lowest,No
29645,45,South Carolina,450985,0,2,2,0,5,NOT APPLICABLE,December,14,Thursday,12,12,Urban,Medium Speed (Collector),No,33.57316111,-81.67371111,Complex/Circle,Daylight,Clear,Unknown,Unknown,Unknown EMS Scene Arrival Hour,Unknown EMS Scene Arrival Minutes,Unknown,Unknown EMS Hospital Arrival Time,2,Daylight,Clear,2,3,"['Driver', 'Front_Passenger']","['Shoulder_Lapbelt', 'Shoulder_Lapbelt']",0,0,Valid,0.0,0.0,30.0,29.0,"['Female', 'Female']",0,0,2,4,5,Dry,Straight,Level,Lowest,No
29646,45,South Carolina,450986,1,1,1,0,1,NOT APPLICABLE,December,14,Thursday,21,40,Urban,High Speed (Arterial),Yes,34.91003889,-82.32606111,Non-Intersection,Dark - Unknown Lighting,Clear,Unknown,Unknown,Unknown EMS Scene Arrival Hour,Unknown EMS Scene Arrival Minutes,Unknown,Unknown EMS Hospital Arrival Time,1,Dark - Unlighted,Clear,0,1,[],[],0,0,Valid,0.0,0.0,23.0,23.0,['Female'],0,0,2,3,4,Dry,Straight,Level,Lowest,No
29647,46,South Dakota,460001,0,1,1,0,2,NOT APPLICABLE,January,11,Wednesday,21,50,Rural,High Speed (Arterial),Yes,43.66549722,-97.69308611,Non-Intersection,Dark - Not Lighted,Blowing Snow,Unknown,Unknown,Unknown EMS Scene Arrival Hour,Unknown EMS Scene Arrival Minutes,Unknown,Unknown EMS Hospital Arrival Time,1,Dark - Unlighted,Snow/Ice/Severe,1,1,['Driver'],['None_Used'],0,0,Valid,0.0,0.0,52.0,52.0,['Male'],2,0,3,4,3,Icy/Snowy,Straight,Level,Lowest,No