,State_Code,State_Name,Crash_ID,Count_Non_Motorists,Count_Vehicles_Total,Count_Vehicle_Forms,Count_PVH_Involved,Count_Occupants_MV,City_Name,Month_Name,Day_of_Month,Day_of_Week,Crash_Hour,Crash_Minute,Area_Rural_Urban,Road_Functional_Class,On_NHS_Road,Latitude,Longitude,Intersection_Type,Light_Condition,Weather_Condition,Notif_Hour,Notif_Minute,Arrival_Hour,Arrival_Minute,Hospital_Hour,Hospital_Minute,Fatalities_Count,Clean_Light_Condition,Clean_Weather_Condition,Total_Killed,Total_Alive,Fatal_Seats_List,Killed_Restraint_List,Any_Driver_Drinking,Total_Drinking_Drivers,Driver_License_Category,Driver_Max_Prev_Accident_Count,Driver_Max_Prev_Speeding_Count,Max_Driver_Age,Min_Driver_Age,Driver_Sex_List,Total_Exceeding_Limit_Vehicles,Total_Too_Fast_Vehicles,Max_Vehicle_Type_Severity_5,Max_Vehicle_Damage_Rank,Max_Harmful_Event_Severity,Crash_Road_Surface_Condition,Crash_Horizontal_Alignment,Crash_Vertical_Profile,Crash_Impairment_Category,Crash_Vehicle_Defect
29648,46,South Dakota,460002,0,2,2,0,3,NOT APPLICABLE,January,9,Monday,6,55,Rural,Medium Speed (Collector),No,45.90491111,-100.81089722,Non-Intersection,Dawn,Clear,7:00am-7:59am,34,7:00am-7:59am,46,9:00am-9:59am,46,1,Twilight,Clear,1,2,['Driver'],['None_Used'],0,0,Invalid,0.0,0.0,32.0,24.0,"['Male', 'Male']",0,0,3,4,5,Dry,Straight,Level,Lowest,No
29649,46,South Dakota,460003,0,1,1,0,2,NOT APPLICABLE,January,25,Wednesday,10,31,Rural,High Speed (Arterial),Yes,43.42409722,-96.79645,Non-Intersection,Daylight,Blowing Snow,10:00am-10:59am,32,10:00am-10:59am,40,11:00am-11:59am,19,1,Daylight,Snow/Ice/Severe,1,1,['Driver'],['None_Used'],0,0,Valid,1.0,0.0,49.0,49.0,['Female'],2,0,3,4,3,Icy/Snowy,Straight,Level,Lowest,No
29650,46,South Dakota,460004,0,1,1,0,1,NOT APPLICABLE,February,1,Wednesday,14,47,Rural,Medium Speed (Collector),No,43.30065556,-99.87026944,Non-Intersection,Daylight,Clear,Not Applicable (Not Notified),Not Applicable (Not Notified),Not Applicable,Not Applicable,Not Applicable (Not Transported),Not Applicable (Not Transported),1,Daylight,Clear,1,0,['Driver'],['None_Used'],0,0,Valid,0.0,0.0,69.0,69.0,['Male'],0,0,3,4,3,Icy/Snowy,Straight,Grade/Hillcrest,Lowest,No
29651,46,South Dakota,460005,1,1,1,0,1,NOT APPLICABLE,January,1,Sunday,4,30,Rural,High Speed (Arterial),Yes,43.08224444,-98.45518611,Non-Intersection,Dark - Not Lighted,Clear,4:00am-4:59am,50,5:00am-5:59am,8,Not Applicable (Not Transported),Not Applicable (Not Transported),1,Dark - Unlighted,Clear,0,0,[],[],0,0,Invalid,0.0,0.0,999.0,999.0,['Other'],0,0,1,0,4,Dry,Straight,Grade/Hillcrest,Lowest,No
29652,46,South Dakota,460006,0,3,3,0,3,NOT APPLICABLE,February,14,Tuesday,12,28,Rural,Medium Speed (Collector),No,43.08370833,-96.74307222,Non-Intersection,Daylight,Rain,12:00pm-12:59pm,30,12:00pm-12:59pm,39,2:00pm-2:59pm,6,1,Daylight,Rain/Wind/Minor,1,2,['Driver'],['None_Used'],0,0,Valid,1.0,6.0,76.0,38.0,"['Male', 'Male', 'Male']",1,0,4,4,5,Wet/Standing Water,Straight,Grade/Hillcrest,Lowest,No
29653,46,South Dakota,460007,0,2,2,0,2,NOT APPLICABLE,February,20,Monday,6,58,Rural,Medium Speed (Collector),No,43.46040278,-96.68770833,Complex/Circle,Dawn,Clear,6:00am-6:59am,56,7:00am-7:59am,5,7:00am-7:59am,51,1,Twilight,Clear,1,1,['Driver'],['Shoulder_Lapbelt'],0,0,Valid,1.0,0.0,60.0,52.0,"['Female', 'Female']",0,0,3,4,5,Dry,Straight,Level,Lowest,No
29654,46,South Dakota,460008,0,1,1,0,1,SIOUX FALLS,February,11,Saturday,10,25,Urban,Medium Speed (Collector),No,43.5582,-96.77544444,Complex/Circle,Daylight,Clear,10:00am-10:59am,27,10:00am-10:59am,31,Not Applicable (Not Transported),Not Applicable (Not Transported),1,Daylight,Clear,1,0,['Driver'],['Shoulder_Lapbelt'],0,0,Valid,0.0,0.0,50.0,50.0,['Male'],0,0,3,4,2,Dry,Straight,Level,Lowest,No
29655,46,South Dakota,460009,0,1,1,0,2,NOT APPLICABLE,February,5,Sunday,13,52,Rural,Medium Speed (Collector),No,43.83394444,-98.17073056,Non-Intersection,Daylight,Clear,1:00pm-1:59pm,56,2:00pm-2:59pm,15,Not Applicable (Not Transported),Not Applicable (Not Transported),1,Daylight,Clear,1,1,['Driver'],['None_Used'],0,0,Valid,0.0,0.0,42.0,42.0,['Male'],2,0,2,4,3,Dry,Straight,Level,Lowest,No
29656,46,South Dakota,460010,0,2,2,0,3,SIOUX FALLS,February,11,Saturday,17,30,Urban,Medium Speed (Collector),No,43.54856111,-96.74401389,Complex/Circle,Dusk,Clear,5:00pm-5:59pm,32,5:00pm-5:59pm,38,5:00pm-5:59pm,48,1,Twilight,Clear,1,2,['Driver'],['None_Used'],0,0,Valid,1.0,0.0,40.0,35.0,"['Male', 'Female']",2,0,5,4,5,Dry,Straight,Grade/Hillcrest,Lowest,No
29657,46,South Dakota,460011,2,7,1,6,1,RAPID CITY,February,10,Friday,4,10,Urban,Low Speed (Local),No,44.07243056,-103.14248889,Non-Intersection,Dark - Not Lighted,Clear,Unknown,Unknown,Unknown EMS Scene Arrival Hour,Unknown EMS Scene Arrival Minutes,Unknown,Unknown EMS Hospital Arrival Time,1,Dark - Unlighted,Clear,1,0,['Driver'],['Shoulder_Lapbelt'],0,0,Invalid,2.0,0.0,55.0,55.0,['Male'],1,0,3,4,3,Dry,Curve,Grade/Hillcrest,Lowest,No
29658,46,South Dakota,460012,0,1,1,0,1,SPEARFISH,February,21,Tuesday,23,30,Urban,High Speed (Arterial),Yes,44.47841111,-103.74123056,Non-Intersection,Dark - Not Lighted,Snow,Not Applicable (Not Notified),Not Applicable (Not Notified),Not Applicable,Not Applicable,Not Applicable (Not Transported),Not Applicable (Not Transported),1,Dark - Unlighted,Snow/Ice/Severe,1,0,['Driver'],['None_Used'],0,0,Invalid,0.0,0.0,41.0,41.0,['Male'],1,0,3,4,3,Icy/Snowy,Straight,Level,Lowest,No
29659,46,South Dakota,460013,0,1,1,0,1,NOT APPLICABLE,March,10,Friday,1,0,Rural,Medium Speed (Collector),No,43.02412222,-99.44404722,Non-Intersection,Dark - Not Lighted,Cloudy,Not Applicable (Not Notified),Not Applicable (Not Notified),Not Applicable,Not Applicable,Not Applicable (Not Transported),Not Applicable (Not Transported),1,Dark - Unlighted,Reduced Visibility,1,0,['Driver'],['None_Used'],1,1,Valid,0.0,0.0,22.0,22.0,['Male'],0,0,3,4,3,Dry,Straight,Level,Lowest,No
29660,46,South Dakota,460014,0,2,2,0,2,HURON,March,10,Friday,17,11,Urban,High Speed (Arterial),Yes,44.32714444,-98.21425556,Complex/Circle,Daylight,Cloudy,Unknown,Unknown,Unknown EMS Scene Arrival Hour,Unknown EMS Scene Arrival Minutes,Unknown,Unknown EMS Hospital Arrival Time,1,Daylight,Reduced Visibility,1,1,['Driver'],['None_Used'],1,2,Valid,1.0,1.0,65.0,22.0,"['Male', 'Male']",0,0,3,4,5,Dry,Straight,Level,Lowest,No
29661,46,South Dakota,460015,0,2,2,0,2,NOT APPLICABLE,March,14,Tuesday,9,5,Rural,Medium Speed (Collector),No,45.79024167,-97.595,Non-Intersection,Daylight,Blowing Snow,8:00am-8:59am,58,9:00am-9:59am,10,9:00am-9:59am,40,1,Daylight,Snow/Ice/Severe,1,1,['Driver'],['Shoulder_Lapbelt'],0,0,Valid,0.0,1.0,83.0,18.0,"['Male', 'Male']",0,0,3,4,5,Icy/Snowy,Curve,Level,Lowest,No
29662,46,South Dakota,460016,0,2,2,0,2,NOT APPLICABLE,March,17,Friday,10,52,Rural,Medium Speed (Collector),No,43.38834167,-96.80241667,Non-Intersection,Daylight,Clear,10:00am-10:59am,53,11:00am-11:59am,4,Not Applicable (Not Transported),Not Applicable (Not Transported),1,Daylight,Clear,1,1,['Driver'],['None_Used'],0,0,Valid,2.0,1.0,71.0,32.0,"['Female', 'Male']",1,0,4,4,5,Icy/Snowy,Straight,Level,Lowest,Yes
29663,46,South Dakota,460017,1,1,1,0,1,SIOUX FALLS,March,17,Friday,22,18,Urban,Medium Speed (Collector),No,43.57722222,-96.79106667,Non-Intersection,Daylight,Clear,10:00pm-10:59pm,19,10:00pm-10:59pm,26,10:00pm-10:59pm,55,1,Daylight,Clear,0,0,[],[],0,0,Invalid,0.0,0.0,999.0,999.0,['Other'],0,0,1,0,4,Icy/Snowy,Straight,Level,Lowest,No
29664,46,South Dakota,460018,0,1,1,0,1,NOT APPLICABLE,March,8,Wednesday,20,57,Rural,High Speed (Arterial),Yes,43.37126389,-103.39765833,Non-Intersection,Dark - Not Lighted,Snow,9:00pm-9:59pm,2,9:00pm-9:59pm,13,9:00pm-9:59pm,40,1,Dark - Unlighted,Snow/Ice/Severe,1,0,['Driver'],['None_Used'],0,0,Valid,0.0,0.0,30.0,30.0,['Female'],1,0,3,4,3,Icy/Snowy,Curve,Grade/Hillcrest,Lowest,No
29665,46,South Dakota,460019,0,2,2,0,2,NOT APPLICABLE,April,7,Friday,15,5,Rural,Medium Speed (Collector),No,44.99098889,-97.267525,Non-Intersection,Daylight,Clear,3:00pm-3:59pm,8,3:00pm-3:59pm,18,Not Applicable (Not Transported),Not Applicable (Not Transported),2,Daylight,Clear,2,0,"['Driver', 'Driver']","['Shoulder_Lapbelt', 'Shoulder_Lapbelt']",0,0,Valid,0.0,0.0,82.0,49.0,"['Male', 'Female']",0,0,3,4,5,Dry,Curve,Level,Lowest,No
29666,46,South Dakota,460020,0,1,1,0,2,NOT APPLICABLE,April,8,Saturday,10,18,Rural,Medium Speed (Collector),No,43.305675,-102.46797778,Non-Intersection,Daylight,Clear,10:00am-10:59am,21,10:00am-10:59am,44,Not Applicable (Not Transported),Not Applicable (Not Transported),2,Daylight,Clear,2,0,"['Driver', 'Front_Passenger']","['None_Used', 'None_Used']",1,1,Invalid,1.0,0.0,41.0,41.0,['Female'],0,0,2,4,3,Dry,Straight,Level,Lowest,No
29667,46,South Dakota,460021,0,1,1,0,2,REDFIELD,April,29,Saturday,23,10,Rural,High Speed (Arterial),Yes,44.88210278,-98.51313056,Non-Intersection,Dark - Not Lighted,Clear,Unknown,Unknown,Unknown EMS Scene Arrival Hour,Unknown EMS Scene Arrival Minutes,Not Applicable (Not Transported),Not Applicable (Not Transported),1,Dark - Unlighted,Clear,1,1,['Driver'],['None_Used'],1,1,Valid,0.0,0.0,27.0,27.0,['Female'],2,0,2,4,3,Dry,Curve,Level,Lowest,No
29668,46,South Dakota,460022,0,1,1,0,1,NOT APPLICABLE,April,16,Sunday,18,0,Rural,Medium Speed (Collector),No,44.22479722,-97.06946667,Non-Intersection,Daylight,Clear,6:00pm-6:59pm,5,6:00pm-6:59pm,27,Not Applicable (Not Transported),Not Applicable (Not Transported),1,Daylight,Clear,1,0,['Driver'],['None_Used'],1,1,Invalid,1.0,0.0,61.0,61.0,['Male'],0,0,2,4,3,Dry,Straight,Level,Lowest,No
29669,46,South Dakota,460023,0,1,1,0,2,NOT APPLICABLE,April,27,Thursday,15,35,Rural,High Speed (Arterial),Yes,43.886425,-100.84901944,Non-Intersection,Daylight,Clear,4:00pm-4:59pm,35,4:00pm-4:59pm,51,5:00pm-5:59pm,50,1,Daylight,Clear,1,1,['Front_Passenger'],['None_Used'],0,0,Valid,0.0,0.0,52.0,52.0,['Female'],0,0,3,4,3,Dry,Straight,Grade/Hillcrest,Medium,No
29670,46,South Dakota,460024,0,1,1,0,2,NOT APPLICABLE,April,19,Wednesday,22,50,Rural,Medium Speed (Collector),No,44.02798056,-99.50781667,Non-Intersection,Dark - Not Lighted,Clear,Unknown,Unknown,Unknown EMS Scene Arrival Hour,Unknown EMS Scene Arrival Minutes,Not Applicable (Not Transported),Not Applicable (Not Transported),2,Dark - Unlighted,Clear,2,0,"['Front_Passenger', 'Front_Passenger']","['None_Used', 'None_Used']",0,0,Valid,0.0,0.0,49.0,34.0,Other,0,0,3,4,3,Dry,Straight,Grade/Hillcrest,Lowest,No
29671,46,South Dakota,460025,0,1,1,0,1,NOT APPLICABLE,April,29,Saturday,20,24,Rural,Medium Speed (Collector),No,45.7606,-101.00915556,Non-Intersection,Dusk,Clear,Unknown,Unknown,Unknown EMS Scene Arrival Hour,Unknown EMS Scene Arrival Minutes,Not Applicable (Not Transported),Not Applicable (Not Transported),1,Twilight,Clear,1,0,['Driver'],['Shoulder_Lapbelt'],0,0,Invalid,0.0,0.0,26.0,26.0,['Male'],0,0,2,4,3,Dry,Straight,Level,Lowest,No
29672,46,South Dakota,460026,0,2,2,0,8,NOT APPLICABLE,February,18,Saturday,18,45,Rural,Medium Speed (Collector),No,43.36513056,-102.38605,Non-Intersection,Dark - Not Lighted,Clear,7:00pm-7:59pm,13,7:00pm-7:59pm,50,8:00pm-8:59pm,48,1,Dark - Unlighted,Clear,1,7,['Front_Passenger'],['Shoulder_Lapbelt'],1,1,Invalid,0.0,0.0,64.0,32.0,"['Male', 'Female']",0,0,3,4,5,Dry,Straight,Grade/Hillcrest,Lowest,No
29673,46,South Dakota,460027,0,2,2,0,3,NOT APPLICABLE,May,13,Saturday,21,46,Rural,High Speed (Arterial),Yes,43.69499444,-98.43546944,Non-Intersection,Dark - Not Lighted,Rain,Unknown,Unknown,Unknown EMS Scene Arrival Hour,Unknown EMS Scene Arrival Minutes,Not Applicable (Not Transported),Not Applicable (Not Transported),2,Dark - Unlighted,Rain/Wind/Minor,2,1,"['Driver', 'Front_Passenger']","['None_Used', 'None_Used']",0,0,Valid,0.0,0.0,63.0,17.0,"['Male', 'Male']",0,0,4,4,5,Wet/Standing Water,Straight,Level,Lowest,No
29674,46,South Dakota,460028,0,1,1,0,1,NOT APPLICABLE,May,14,Sunday,20,49,Rural,Medium Speed (Collector),No,45.66735,-97.01959444,Non-Intersection,Daylight,Clear,Unknown,Unknown,Unknown EMS Scene Arrival Hour,Unknown EMS Scene Arrival Minutes,Not Applicable (Not Transported),Not Applicable (Not Transported),1,Daylight,Clear,1,0,['Driver'],['None_Used'],1,1,Invalid,1.0,0.0,25.0,25.0,['Male'],1,0,3,4,3,Dry,Curve,Grade/Hillcrest,Lowest,No
29675,46,South Dakota,460029,0,2,2,0,2,NOT APPLICABLE,May,17,Wednesday,16,5,Rural,Medium Speed (Collector),No,43.86108333,-97.67058333,Non-Intersection,Daylight,Clear,4:00pm-4:59pm,16,4:00pm-4:59pm,41,Not Applicable (Not Transported),Not Applicable (Not Transported),1,Daylight,Clear,1,1,['Driver'],['None_Used'],0,0,Valid,1.0,1.0,66.0,37.0,"['Female', 'Male']",0,0,3,4,5,Dry,Straight,Level,Lowest,No
29676,46,South Dakota,460030,0,2,2,0,2,NOT APPLICABLE,May,23,Tuesday,12,50,Rural,High Speed (Arterial),Yes,43.24162222,-97.41928333,Complex/Circle,Daylight,Clear,1:00pm-1:59pm,54,2:00pm-2:59pm,6,2:00pm-2:59pm,23,1,Daylight,Clear,1,1,['Driver'],['Shoulder_Lapbelt'],0,0,Valid,0.0,2.0,92.0,60.0,"['Male', 'Male']",0,0,3,4,5,Dry,Straight,Level,Lowest,No
29677,46,South Dakota,460031,0,2,2,0,3,NOT APPLICABLE,May,28,Sunday,21,13,Rural,High Speed (Arterial),Yes,43.90889167,-100.49169444,Non-Intersection,Dark - Not Lighted,Rain,10:00pm-10:59pm,42,11:00pm-11:59pm,2,11:00pm-11:59pm,31,1,Dark - Unlighted,Rain/Wind/Minor,1,2,['Rear_Seat'],['None_Used'],0,0,Valid,0.0,0.0,52.0,16.0,"['Male', 'Female']",0,0,5,4,5,Wet/Standing Water,Straight,Level,Lowest,No
29678,46,South Dakota,460032,0,2,2,0,2,NOT APPLICABLE,May,31,Wednesday,21,0,Rural,Medium Speed (Collector),No,43.89460556,-98.0922,Non-Intersection,Dusk,Clear,9:00pm-9:59pm,7,9:00pm-9:59pm,35,9:00pm-9:59pm,58,1,Twilight,Clear,1,1,['Driver'],['Shoulder_Lapbelt'],0,0,Invalid,1.0,0.0,46.0,19.0,"['Male', 'Male']",0,0,4,4,5,Dry,Straight,Level,Lowest,No
29679,46,South Dakota,460033,0,1,1,0,2,NOT APPLICABLE,May,2,Tuesday,7,20,Rural,High Speed (Arterial),Yes,43.12854444,-102.66441667,Non-Intersection,Daylight,Clear,7:00am-7:59am,31,7:00am-7:59am,40,Not Applicable (Not Transported),Not Applicable (Not Transported),1,Daylight,Clear,1,1,['Front_Passenger'],['None_Used'],1,1,Valid,0.0,0.0,23.0,23.0,['Male'],0,0,3,4,3,Dry,Straight,Grade/Hillcrest,Lowest,No
29680,46,South Dakota,460034,0,1,1,0,1,NOT APPLICABLE,May,21,Sunday,21,0,Rural,Medium Speed (Collector),No,44.42151667,-96.48535278,Non-Intersection,Dark - Not Lighted,Clear,9:00pm-9:59pm,39,9:00pm-9:59pm,57,10:00pm-10:59pm,33,1,Dark - Unlighted,Clear,1,0,['Driver'],['None_Used'],0,0,Valid,0.0,0.0,29.0,29.0,['Male'],0,0,5,4,3,Dry,Curve,Grade/Hillcrest,Lowest,No
29681,46,South Dakota,460035,0,3,3,0,5,NOT APPLICABLE,May,10,Wednesday,10,0,Rural,High Speed (Arterial),Yes,42.87977222,-97.35450556,Non-Intersection,Daylight,Clear,10:00am-10:59am,8,10:00am-10:59am,11,10:00am-10:59am,40,2,Daylight,Clear,2,3,"['Driver', 'Front_Passenger']","['Shoulder_Lapbelt', 'Shoulder_Lapbelt']",0,0,Invalid,0.0,0.0,71.0,27.0,"['Female', 'Male', 'Male']",3,0,3,4,5,Dry,Straight,Level,Lowest,Yes
29682,46,South Dakota,460036,0,1,1,0,2,NOT APPLICABLE,May,28,Sunday,19,33,Rural,Low Speed (Local),No,43.953525,-97.02811389,Non-Intersection,Daylight,Clear,Unknown,Unknown,Unknown EMS Scene Arrival Hour,Unknown EMS Scene Arrival Minutes,Unknown,Unknown EMS Hospital Arrival Time,1,Daylight,Clear,1,1,['Rear_Seat'],['None_Used'],1,1,Valid,0.0,2.0,19.0,19.0,['Male'],0,0,5,3,3,Dry,Straight,Level,Lowest,No
29683,46,South Dakota,460037,0,2,2,0,2,NOT APPLICABLE,June,23,Friday,12,44,Rural,High Speed (Arterial),Yes,45.72055,-98.51809167,Complex/Circle,Daylight,Rain,12:00pm-12:59pm,46,1:00pm-1:59pm,5,1:00pm-1:59pm,37,1,Daylight,Rain/Wind/Minor,1,1,['Driver'],['None_Used'],0,0,Valid,0.0,1.0,85.0,40.0,"['Male', 'Male']",0,0,3,4,5,Wet/Standing Water,Straight,Level,Lowest,No
29684,46,South Dakota,460038,0,1,1,0,1,NOT APPLICABLE,June,27,Tuesday,19,37,Rural,Low Speed (Local),No,45.52177778,-98.55708333,Non-Intersection,Daylight,Rain,Not Applicable (Not Notified),Not Applicable (Not Notified),Not Applicable,Not Applicable,Not Applicable (Not Transported),Not Applicable (Not Transported),1,Daylight,Rain/Wind/Minor,1,0,['Driver'],['None_Used'],1,1,Valid,0.0,1.0,55.0,55.0,['Male'],0,0,3,4,3,Wet/Standing Water,Straight,Level,Lowest,No
29685,46,South Dakota,460039,0,3,3,0,3,SIOUX FALLS,June,23,Friday,13,49,Urban,Medium Speed (Collector),No,43.51471944,-96.83073333,Complex/Circle,Daylight,Cloudy,1:00pm-1:59pm,50,2:00pm-2:59pm,1,2:00pm-2:59pm,27,1,Daylight,Reduced Visibility,1,2,['Driver'],['None_Used'],0,0,Valid,0.0,1.0,36.0,28.0,"['Male', 'Male', 'Male']",0,0,5,4,5,Wet/Standing Water,Straight,Level,Lowest,No
29686,46,South Dakota,460040,1,1,1,0,1,SIOUX FALLS,February,27,Monday,19,43,Urban,Medium Speed (Collector),No,43.54750833,-96.71145,Non-Intersection,Dark - Lighted,Clear,7:00pm-7:59pm,46,7:00pm-7:59pm,48,8:00pm-8:59pm,7,1,Dark - Lighted,Clear,0,1,[],[],0,0,Invalid,1.0,2.0,22.0,22.0,['Male'],0,0,2,3,4,Icy/Snowy,Straight,Level,Lowest,No
29687,46,South Dakota,460041,0,2,2,0,2,SIOUX FALLS,March,18,Saturday,8,29,Urban,Medium Speed (Collector),No,43.52929167,-96.70328056,Simple Junction,Daylight,Clear,8:00am-8:59am,31,8:00am-8:59am,35,8:00am-8:59am,50,1,Daylight,Clear,1,1,['Driver'],['Shoulder_Lapbelt'],0,0,Valid,0.0,0.0,68.0,60.0,"['Male', 'Male']",0,0,3,4,5,Dry,Straight,Level,Medium,No
29688,46,South Dakota,460042,0,1,1,0,3,NOT APPLICABLE,May,24,Wednesday,14,0,Rural,High Speed (Arterial),Yes,43.05051667,-102.56776944,Non-Intersection,Daylight,Clear,2:00pm-2:59pm,18,2:00pm-2:59pm,27,2:00pm-2:59pm,40,1,Daylight,Clear,1,2,['Front_Passenger'],['None_Used'],1,1,Valid,0.0,0.0,51.0,51.0,['Male'],0,0,2,4,3,Dry,Curve,Grade/Hillcrest,Lowest,No
29689,46,South Dakota,460043,0,2,2,0,2,NOT APPLICABLE,June,14,Wednesday,21,11,Rural,Medium Speed (Collector),No,45.84880278,-96.88946667,Non-Intersection,Dusk,Clear,9:00pm-9:59pm,19,9:00pm-9:59pm,40,Not Applicable (Not Transported),Not Applicable (Not Transported),1,Twilight,Clear,1,1,['Driver'],['None_Used'],0,0,Invalid,0.0,0.0,70.0,19.0,"['Female', 'Male']",0,0,5,4,5,Dry,Straight,Level,Lowest,No
29690,46,South Dakota,460044,0,1,1,0,2,SPEARFISH,June,14,Wednesday,20,4,Urban,Low Speed (Local),No,44.49097778,-103.87488056,Complex/Circle,Daylight,Cloudy,Unknown,Unknown,Unknown EMS Scene Arrival Hour,Unknown EMS Scene Arrival Minutes,Unknown,Unknown EMS Hospital Arrival Time,1,Daylight,Reduced Visibility,1,1,['Front_Passenger'],['None_Used'],0,0,Valid,0.0,0.0,43.0,43.0,['Male'],2,0,5,2,3,Dry,Straight,Level,Lowest,Yes
29691,46,South Dakota,460045,0,2,2,0,2,ABERDEEN,June,12,Monday,20,13,Urban,High Speed (Arterial),Yes,45.44501667,-98.51553611,Complex/Circle,Daylight,Clear,8:00pm-8:59pm,14,8:00pm-8:59pm,19,8:00pm-8:59pm,37,1,Daylight,Clear,1,1,['Driver'],['Shoulder_Lapbelt'],0,0,Valid,1.0,1.0,79.0,56.0,"['Male', 'Female']",0,0,4,4,5,Dry,Straight,Level,Lowest,No
29692,46,South Dakota,460046,0,2,2,0,2,NOT APPLICABLE,July,1,Saturday,11,31,Rural,Medium Speed (Collector),No,43.89160833,-97.06907222,Complex/Circle,Daylight,Clear,11:00am-11:59am,35,11:00am-11:59am,47,12:00pm-12:59pm,8,1,Daylight,Clear,1,1,['Driver'],['None_Used'],0,0,Valid,0.0,0.0,71.0,44.0,"['Female', 'Male']",0,0,5,4,5,Dry,Straight,Level,Lowest,No
29693,46,South Dakota,460047,0,2,2,0,2,NOT APPLICABLE,July,9,Sunday,16,16,Rural,Medium Speed (Collector),No,43.66840833,-96.57136667,Non-Intersection,Daylight,Clear,4:00pm-4:59pm,17,4:00pm-4:59pm,23,4:00pm-4:59pm,47,1,Daylight,Clear,1,1,['Driver'],['None_Used'],0,0,Valid,1.0,2.0,62.0,28.0,"['Male', 'Female']",0,0,5,4,5,Dry,Straight,Level,Lowest,No
29694,46,South Dakota,460048,0,2,2,0,3,NOT APPLICABLE,July,15,Saturday,15,16,Urban,High Speed (Arterial),Yes,44.18135556,-103.325075,Non-Intersection,Daylight,"Fog, Smog, Smoke",Unknown,Unknown,Unknown EMS Scene Arrival Hour,Unknown EMS Scene Arrival Minutes,Unknown,Unknown EMS Hospital Arrival Time,1,Daylight,Reduced Visibility,1,2,['Driver'],['None_Used'],0,0,Valid,0.0,0.0,54.0,16.0,"['Male', 'Male']",0,0,4,4,5,Dry,Straight,Level,Lowest,No
29695,46,South Dakota,460049,0,1,1,0,1,NOT APPLICABLE,July,14,Friday,7,20,Rural,Low Speed (Local),No,43.84910278,-97.638425,Non-Intersection,Daylight,Clear,8:00am-8:59am,15,8:00am-8:59am,33,Unknown,Unknown EMS Hospital Arrival Time,1,Daylight,Clear,1,0,['Driver'],['None_Used'],0,0,Valid,0.0,0.0,57.0,57.0,['Male'],0,0,5,1,1,Dry,Straight,Level,Lowest,No
29696,46,South Dakota,460050,1,2,2,0,1,NOT APPLICABLE,July,14,Friday,14,8,Rural,Low Speed (Local),No,45.66084444,-97.81400278,Non-Intersection,Daylight,Clear,Unknown,Unknown,Unknown EMS Scene Arrival Hour,Unknown EMS Scene Arrival Minutes,Unknown,Unknown EMS Hospital Arrival Time,1,Daylight,Clear,0,1,[],[],0,0,Valid,0.0,1.0,21.0,21.0,['Female'],0,0,5,3,5,Dry,Straight,Level,Lowest,No
29697,46,South Dakota,460051,0,2,2,0,2,NOT APPLICABLE,July,19,Wednesday,15,0,Rural,High Speed (Arterial),Yes,44.29165278,-103.68855833,Non-Intersection,Daylight,Clear,3:00pm-3:59pm,11,3:00pm-3:59pm,19,Not Applicable (Not Transported),Not Applicable (Not Transported),1,Daylight,Clear,1,1,['Driver'],['None_Used'],1,1,Valid,0.0,2.0,63.0,21.0,"['Male', 'Male']",1,0,5,4,5,Dry,Curve,Level,Lowest,No
29698,46,South Dakota,460052,0,1,1,0,2,MILBANK,July,22,Saturday,12,1,Rural,Low Speed (Local),No,45.21630556,-96.631575,Non-Intersection,Daylight,Clear,11:00am-11:59am,59,12:00pm-12:59pm,5,12:00pm-12:59pm,35,1,Daylight,Clear,1,1,['Front_Passenger'],['None_Used'],0,0,Invalid,0.0,0.0,34.0,34.0,['Male'],0,0,3,4,3,Dry,Straight,Level,Medium,No
29699,46,South Dakota,460053,0,2,2,0,3,NOT APPLICABLE,July,22,Saturday,21,39,Rural,High Speed (Arterial),Yes,43.83603889,-101.84695278,Non-Intersection,Dark - Not Lighted,Clear,9:00pm-9:59pm,41,10:00pm-10:59pm,9,10:00pm-10:59pm,54,1,Dark - Unlighted,Clear,1,2,['Driver'],['Shoulder_Lapbelt'],1,1,Valid,0.0,0.0,31.0,24.0,"['Male', 'Male']",0,0,3,4,5,Dry,Straight,Level,Lowest,No
29700,46,South Dakota,460054,0,1,1,0,1,WATERTOWN,July,7,Friday,18,47,Urban,Low Speed (Local),No,44.91235,-97.13188889,Non-Intersection,Daylight,Clear,6:00pm-6:59pm,51,6:00pm-6:59pm,53,7:00pm-7:59pm,3,1,Daylight,Clear,1,0,['Driver'],['None_Used'],1,1,Valid,0.0,1.0,35.0,35.0,['Male'],1,0,5,3,3,Dry,Straight,Level,Lowest,No
29701,46,South Dakota,460055,0,2,2,0,2,SIOUX FALLS,July,29,Saturday,1,36,Urban,High Speed (Arterial),Yes,43.54621667,-96.72268056,Non-Intersection,Dark - Lighted,Clear,1:00am-1:59am,38,1:00am-1:59am,42,Not Applicable (Not Transported),Not Applicable (Not Transported),1,Dark - Lighted,Clear,1,1,['Driver'],['None_Used'],1,1,Valid,0.0,1.0,47.0,20.0,"['Male', 'Female']",0,0,5,4,5,Dry,Straight,Grade/Hillcrest,Lowest,No
29702,46,South Dakota,460056,0,2,2,0,2,SIOUX FALLS,July,29,Saturday,22,42,Urban,High Speed (Arterial),Yes,43.54396944,-96.65222222,Complex/Circle,Dark - Lighted,Clear,10:00pm-10:59pm,45,10:00pm-10:59pm,48,Not Applicable (Not Transported),Not Applicable (Not Transported),1,Dark - Lighted,Clear,1,1,['Driver'],['None_Used'],1,1,Valid,3.0,8.0,37.0,29.0,"['Male', 'Male']",0,0,5,4,5,Dry,Straight,Level,Lowest,No