,State_Code,State_Name,Crash_ID,Count_Non_Motorists,Count_Vehicles_Total,Count_Vehicle_Forms,Count_PVH_Involved,Count_Occupants_MV,City_Name,Month_Name,Day_of_Month,Day_of_Week,Crash_Hour,Crash_Minute,Area_Rural_Urban,Road_Functional_Class,On_NHS_Road,Latitude,Longitude,Intersection_Type,Light_Condition,Weather_Condition,Notif_Hour,Notif_Minute,Arrival_Hour,Arrival_Minute,Hospital_Hour,Hospital_Minute,Fatalities_Count,Clean_Light_Condition,Clean_Weather_Condition,Total_Killed,Total_Alive,Fatal_Seats_List,Killed_Restraint_List,Any_Driver_Drinking,Total_Drinking_Drivers,Driver_License_Category,Driver_Max_Prev_Accident_Count,Driver_Max_Prev_Speeding_Count,Max_Driver_Age,Min_Driver_Age,Driver_Sex_List,Total_Exceeding_Limit_Vehicles,Total_Too_Fast_Vehicles,Max_Vehicle_Type_Severity_5,Max_Vehicle_Damage_Rank,Max_Harmful_Event_Severity,Crash_Road_Surface_Condition,Crash_Horizontal_Alignment,Crash_Vertical_Profile,Crash_Impairment_Category,Crash_Vehicle_Defect
29703,46,South Dakota,460057,0,1,1,0,1,NOT APPLICABLE,July,31,Monday,13,37,Rural,Low Speed (Local),No,43.64163889,-103.36756111,Non-Intersection,Daylight,Clear,1:00pm-1:59pm,37,2:00pm-2:59pm,0,2:00pm-2:59pm,58,1,Daylight,Clear,1,0,['Driver'],['None_Used'],0,0,Valid,1.0,0.0,65.0,65.0,['Male'],1,0,5,4,3,Dry,Curve,Level,Lowest,No
29704,46,South Dakota,460058,0,1,1,0,1,NOT APPLICABLE,August,2,Wednesday,16,56,Urban,High Speed (Arterial),Yes,44.14013333,-103.29509167,Non-Intersection,Daylight,Clear,Unknown,Unknown,Unknown EMS Scene Arrival Hour,Unknown EMS Scene Arrival Minutes,Unknown,Unknown EMS Hospital Arrival Time,1,Daylight,Clear,1,0,['Driver'],['None_Used'],0,0,Valid,0.0,0.0,68.0,68.0,['Male'],0,0,5,4,3,Dry,Curve,Grade/Hillcrest,Lowest,No
29705,46,South Dakota,460060,0,1,1,0,1,NOT APPLICABLE,August,4,Friday,12,33,Rural,High Speed (Arterial),Yes,44.37034167,-101.28063889,Non-Intersection,Daylight,Cloudy,12:00pm-12:59pm,32,12:00pm-12:59pm,53,1:00pm-1:59pm,45,1,Daylight,Reduced Visibility,1,0,['Driver'],['None_Used'],1,1,Valid,0.0,0.0,64.0,64.0,['Male'],1,0,5,4,2,Dry,Straight,Grade/Hillcrest,Lowest,No
29706,46,South Dakota,460061,0,4,4,0,6,NOT APPLICABLE,August,6,Sunday,9,49,Rural,High Speed (Arterial),Yes,44.34730556,-103.45024167,Non-Intersection,Daylight,Clear,9:00am-9:59am,51,10:00am-10:59am,0,10:00am-10:59am,21,1,Daylight,Clear,1,5,['Front_Passenger'],['None_Used'],0,0,Valid,0.0,1.0,72.0,55.0,"['Male', 'Male', 'Male', 'Male']",0,0,5,4,5,Dry,Straight,Level,Lowest,No
29707,46,South Dakota,460062,0,1,1,0,1,NOT APPLICABLE,August,6,Sunday,12,30,Rural,High Speed (Arterial),Yes,44.38816111,-103.68114722,Non-Intersection,Daylight,Clear,12:00pm-12:59pm,29,12:00pm-12:59pm,39,Not Applicable (Not Transported),Not Applicable (Not Transported),1,Daylight,Clear,1,0,['Driver'],['None_Used'],1,1,Valid,0.0,0.0,41.0,41.0,['Male'],1,0,5,4,3,Dry,Curve,Grade/Hillcrest,Lowest,No
29708,46,South Dakota,460063,0,2,2,0,2,RAPID CITY,July,21,Friday,13,20,Urban,Medium Speed (Collector),No,44.06755,-103.26203056,Non-Intersection,Daylight,Clear,Unknown,Unknown,Unknown EMS Scene Arrival Hour,Unknown EMS Scene Arrival Minutes,Unknown,Unknown EMS Hospital Arrival Time,1,Daylight,Clear,1,1,['Driver'],['None_Used'],0,0,Valid,0.0,0.0,59.0,23.0,"['Male', 'Female']",0,0,5,4,5,Dry,Straight,Level,Lowest,No
29709,46,South Dakota,460064,0,2,2,0,2,NOT APPLICABLE,August,10,Thursday,1,49,Rural,High Speed (Arterial),Yes,44.46808333,-103.63314167,Non-Intersection,Dark - Not Lighted,Clear,1:00am-1:59am,53,2:00am-2:59am,8,Not Applicable (Not Transported),Not Applicable (Not Transported),1,Dark - Unlighted,Clear,1,1,['Driver'],['None_Used'],0,0,Valid,1.0,0.0,61.0,38.0,"['Male', 'Female']",0,0,5,4,5,Dry,Straight,Level,Lowest,No
29710,46,South Dakota,460065,0,2,2,0,2,NOT APPLICABLE,August,11,Friday,13,31,Rural,High Speed (Arterial),Yes,43.08243889,-97.96980278,Complex/Circle,Daylight,Clear,1:00pm-1:59pm,26,1:00pm-1:59pm,42,Not Applicable (Not Transported),Not Applicable (Not Transported),1,Daylight,Clear,1,1,['Driver'],['Shoulder_Lapbelt'],1,1,Valid,0.0,0.0,63.0,43.0,"['Male', 'Male']",0,0,4,4,5,Dry,Straight,Level,Lowest,No
29711,46,South Dakota,460066,0,1,1,0,1,NOT APPLICABLE,August,11,Friday,18,0,Rural,Medium Speed (Collector),No,44.47334444,-103.84794167,Non-Intersection,Daylight,Clear,Unknown,Unknown,Unknown EMS Scene Arrival Hour,Unknown EMS Scene Arrival Minutes,Not Applicable (Not Transported),Not Applicable (Not Transported),1,Daylight,Clear,1,0,['Driver'],['None_Used'],0,0,Valid,0.0,1.0,73.0,73.0,['Male'],0,0,5,4,3,Dry,Curve,Level,Lowest,No
29712,46,South Dakota,460067,0,1,1,0,1,NOT APPLICABLE,August,11,Friday,19,28,Rural,Medium Speed (Collector),No,44.11732222,-103.42776111,Non-Intersection,Daylight,Clear,7:00pm-7:59pm,34,7:00pm-7:59pm,54,Not Applicable (Not Transported),Not Applicable (Not Transported),1,Daylight,Clear,1,0,['Driver'],['None_Used'],0,0,Valid,0.0,0.0,62.0,62.0,['Male'],0,0,5,3,3,Dry,Straight,Grade/Hillcrest,Lowest,No
29713,46,South Dakota,460068,0,1,1,0,1,NOT APPLICABLE,August,11,Friday,21,8,Rural,Medium Speed (Collector),No,44.02751944,-99.503575,Non-Intersection,Dark - Not Lighted,Clear,9:00pm-9:59pm,3,9:00pm-9:59pm,18,Not Applicable (Not Transported),Not Applicable (Not Transported),1,Dark - Unlighted,Clear,1,0,['Driver'],['None_Used'],1,1,Invalid,0.0,0.0,42.0,42.0,['Male'],0,0,3,4,3,Dry,Straight,Level,Lowest,No
29714,46,South Dakota,460069,0,1,1,0,2,NOT APPLICABLE,August,13,Sunday,12,1,Rural,Medium Speed (Collector),No,43.97165833,-103.26910556,Non-Intersection,Daylight,Clear,Unknown,Unknown,Unknown EMS Scene Arrival Hour,Unknown EMS Scene Arrival Minutes,Unknown,Unknown EMS Hospital Arrival Time,1,Daylight,Clear,1,1,['Rear_Seat'],['None_Used'],0,0,Valid,0.0,0.0,78.0,78.0,['Male'],0,0,5,3,2,Dry,Straight,Grade/Hillcrest,Lowest,No
29715,46,South Dakota,460070,0,5,5,0,6,NOT APPLICABLE,August,14,Monday,16,16,Rural,High Speed (Arterial),Yes,43.6187,-97.04681667,Non-Intersection,Daylight,Clear,Unknown,Unknown,Unknown EMS Scene Arrival Hour,Unknown EMS Scene Arrival Minutes,Unknown,Unknown EMS Hospital Arrival Time,3,Daylight,Clear,3,3,"['Driver', 'Driver', 'Front_Passenger']","['Shoulder_Lapbelt', 'Shoulder_Lapbelt', 'Shoulder_Lapbelt']",0,0,Invalid,1.0,1.0,63.0,28.0,"['Male', 'Male', 'Male', 'Male', 'Male']",0,0,3,4,5,Dry,Straight,Level,Lowest,No
29716,46,South Dakota,460071,0,2,2,0,2,NOT APPLICABLE,August,15,Tuesday,19,10,Rural,High Speed (Arterial),Yes,43.86847778,-99.69178889,Non-Intersection,Daylight,Clear,Unknown,Unknown if Notified,Unknown EMS Scene Arrival Hour,Unknown if Arrived,Not Applicable (Not Transported),Not Applicable (Not Transported),1,Daylight,Clear,1,1,['Driver'],['Shoulder_Lapbelt'],0,0,Valid,0.0,0.0,70.0,48.0,"['Male', 'Male']",0,0,4,4,5,Dry,Straight,Level,Lowest,Yes
29717,46,South Dakota,460072,0,1,1,0,1,STURGIS,August,16,Wednesday,14,35,Urban,High Speed (Arterial),Yes,44.41655833,-103.53025278,Non-Intersection,Daylight,Clear,2:00pm-2:59pm,36,2:00pm-2:59pm,42,2:00pm-2:59pm,53,1,Daylight,Clear,1,0,['Driver'],['Shoulder_Lapbelt'],0,0,Valid,0.0,0.0,70.0,70.0,['Male'],0,0,4,4,3,Dry,Curve,Level,Lowest,Yes
29718,46,South Dakota,460073,0,1,1,0,1,SIOUX FALLS,July,22,Saturday,0,24,Urban,Medium Speed (Collector),No,43.50409444,-96.67145556,Non-Intersection,Dark - Lighted,Clear,0:00am-0:59am,25,0:00am-0:59am,36,Not Applicable (Not Transported),Not Applicable (Not Transported),1,Dark - Lighted,Clear,1,0,['Driver'],['None_Used'],0,0,Valid,0.0,1.0,19.0,19.0,['Male'],1,0,5,4,3,Dry,Curve,Level,Lowest,No
29719,46,South Dakota,460074,0,1,1,0,2,NOT APPLICABLE,August,18,Friday,19,6,Rural,Medium Speed (Collector),No,44.24,-96.48924722,Non-Intersection,Daylight,Clear,Unknown,Unknown,Unknown EMS Scene Arrival Hour,Unknown EMS Scene Arrival Minutes,Not Applicable (Not Transported),Not Applicable (Not Transported),2,Daylight,Clear,2,0,"['Driver', 'Front_Passenger']","['Shoulder_Lapbelt', 'Shoulder_Lapbelt']",0,0,Invalid,0.0,0.0,28.0,28.0,['Male'],0,0,3,4,3,Dry,Curve,Level,Lowest,No
29720,46,South Dakota,460075,0,2,2,0,3,NOT APPLICABLE,August,19,Saturday,99,99,Rural,Medium Speed (Collector),No,45.44918333,-97.03321667,Non-Intersection,Daylight,Clear,11:00am-11:59am,15,11:00am-11:59am,28,11:00am-11:59am,53,1,Daylight,Clear,1,2,['Driver'],['None_Used'],0,0,Valid,1.0,2.0,37.0,31.0,"['Male', 'Female']",1,0,5,4,5,Dry,Straight,Grade/Hillcrest,Lowest,No
29721,46,South Dakota,460076,0,2,2,0,5,NOT APPLICABLE,August,21,Monday,12,46,Rural,High Speed (Arterial),Yes,43.83586667,-101.72700833,Non-Intersection,Daylight,Clear,12:00pm-12:59pm,47,1:00pm-1:59pm,3,1:00pm-1:59pm,21,1,Daylight,Clear,1,4,['Front_Passenger'],['None_Used'],0,0,Valid,0.0,0.0,39.0,22.0,"['Male', 'Female']",0,0,3,4,5,Dry,Straight,Level,Medium,No
29722,46,South Dakota,460077,0,2,2,0,2,NOT APPLICABLE,August,24,Thursday,9,53,Rural,High Speed (Arterial),Yes,42.94673889,-97.39798611,Non-Intersection,Daylight,Clear,Unknown,Unknown,Unknown EMS Scene Arrival Hour,Unknown EMS Scene Arrival Minutes,Not Applicable (Not Transported),Not Applicable (Not Transported),1,Daylight,Clear,1,1,['Driver'],['Shoulder_Lapbelt'],0,0,Valid,0.0,2.0,44.0,36.0,"['Male', 'Female']",0,0,4,4,5,Dry,Straight,Level,Lowest,No
29723,46,South Dakota,460078,0,1,1,0,1,NOT APPLICABLE,July,30,Sunday,12,24,Rural,High Speed (Arterial),Yes,44.33198056,-103.78872778,Non-Intersection,Daylight,Cloudy,12:00pm-12:59pm,24,12:00pm-12:59pm,33,Unknown,Unknown EMS Hospital Arrival Time,1,Daylight,Reduced Visibility,1,0,['Driver'],['None_Used'],0,0,Valid,0.0,0.0,18.0,18.0,['Male'],0,0,5,4,2,Dry,Curve,Level,Lowest,No
29724,46,South Dakota,460079,0,2,2,0,2,NOT APPLICABLE,August,24,Thursday,10,44,Rural,Medium Speed (Collector),No,43.01129722,-96.62811667,Complex/Circle,Daylight,Clear,10:00am-10:59am,34,10:00am-10:59am,44,11:00am-11:59am,27,1,Daylight,Clear,1,1,['Driver'],['None_Used'],0,0,Valid,0.0,0.0,81.0,30.0,"['Male', 'Female']",0,0,4,4,5,Dry,Straight,Grade/Hillcrest,Lowest,No
29725,46,South Dakota,460080,0,1,1,0,4,NOT APPLICABLE,August,24,Thursday,18,30,Rural,Medium Speed (Collector),No,44.07716389,-99.45765,Non-Intersection,Dusk,Clear,6:00pm-6:59pm,38,6:00pm-6:59pm,53,Not Applicable (Not Transported),Not Applicable (Not Transported),1,Twilight,Clear,1,3,['Front_Passenger'],['None_Used'],0,0,Invalid,0.0,0.0,31.0,31.0,['Male'],0,0,3,4,3,Dry,Straight,Level,Lowest,No
29726,46,South Dakota,460081,0,2,2,0,2,NOT APPLICABLE,August,25,Friday,13,34,Rural,Medium Speed (Collector),No,43.21420278,-96.76673889,Complex/Circle,Daylight,Clear,1:00pm-1:59pm,32,1:00pm-1:59pm,45,2:00pm-2:59pm,24,1,Daylight,Clear,1,1,['Driver'],['Shoulder_Lapbelt'],0,0,Valid,0.0,0.0,74.0,26.0,"['Male', 'Male']",0,0,5,4,5,Dry,Straight,Level,Lowest,No
29727,46,South Dakota,460082,0,1,1,0,1,NOT APPLICABLE,August,24,Thursday,13,55,Rural,Medium Speed (Collector),No,44.21100833,-103.51815556,Non-Intersection,Daylight,Cloudy,1:00pm-1:59pm,57,2:00pm-2:59pm,20,3:00pm-3:59pm,21,1,Daylight,Reduced Visibility,1,0,['Driver'],['None_Used'],1,1,Valid,0.0,1.0,59.0,59.0,['Female'],0,0,5,3,3,Dry,Straight,Level,Lowest,No
29728,46,South Dakota,460083,0,2,2,0,2,NOT APPLICABLE,August,29,Tuesday,21,28,Rural,High Speed (Arterial),Yes,43.08201389,-98.34785,Simple Junction,Dark - Lighted,Clear,9:00pm-9:59pm,27,9:00pm-9:59pm,33,9:00pm-9:59pm,45,1,Dark - Lighted,Clear,1,1,['Driver'],['None_Used'],0,0,Invalid,0.0,0.0,68.0,47.0,"['Male', 'Male']",0,0,3,4,5,Dry,Straight,Level,Lowest,No
29729,46,South Dakota,460084,0,2,2,0,5,NOT APPLICABLE,September,2,Saturday,1,20,Rural,High Speed (Arterial),Yes,44.00810278,-97.34603611,Non-Intersection,Dark - Not Lighted,Clear,1:00am-1:59am,23,1:00am-1:59am,38,2:00am-2:59am,18,1,Dark - Unlighted,Clear,1,4,['Driver'],['Shoulder_Lapbelt'],0,0,Valid,1.0,0.0,83.0,22.0,"['Male', 'Female']",0,0,3,4,5,Dry,Straight,Level,Lowest,No
29730,46,South Dakota,460085,0,1,1,0,2,WHITE RIVER,September,2,Saturday,2,10,Rural,Low Speed (Local),No,43.56505278,-100.74168889,Non-Intersection,Dark - Not Lighted,Clear,Unknown,Unknown,Unknown EMS Scene Arrival Hour,Unknown EMS Scene Arrival Minutes,Not Applicable (Not Transported),Not Applicable (Not Transported),1,Dark - Unlighted,Clear,1,1,['Front_Passenger'],['None_Used'],1,1,Valid,0.0,0.0,30.0,30.0,['Female'],0,0,3,1,1,Dry,Straight,Level,Lowest,No
29731,46,South Dakota,460086,1,2,2,0,2,NOT APPLICABLE,September,2,Saturday,20,48,Rural,Low Speed (Local),No,44.66788889,-103.80894444,Non-Intersection,Dark - Not Lighted,Cloudy,8:00pm-8:59pm,50,8:00pm-8:59pm,59,Not Applicable (Not Transported),Not Applicable (Not Transported),1,Dark - Unlighted,Reduced Visibility,0,2,[],[],0,0,Valid,0.0,0.0,19.0,19.0,['Male'],0,0,3,3,5,Dry,Straight,Level,Lowest,No
29732,46,South Dakota,460087,0,2,2,0,3,RAPID CITY,September,3,Sunday,0,28,Urban,Medium Speed (Collector),No,44.09966944,-103.22188333,Non-Intersection,Dark - Lighted,Clear,Unknown,Unknown,Unknown EMS Scene Arrival Hour,Unknown EMS Scene Arrival Minutes,Unknown,Unknown EMS Hospital Arrival Time,1,Dark - Lighted,Clear,1,2,['Front_Passenger'],['None_Used'],1,1,Invalid,0.0,1.0,26.0,25.0,"['Male', 'Male']",2,0,3,4,5,Dry,Straight,Level,Lowest,No
29733,46,South Dakota,460088,0,2,2,0,3,NOT APPLICABLE,September,5,Tuesday,10,37,Rural,Medium Speed (Collector),No,43.76813611,-103.58256667,Simple Junction,Daylight,Clear,10:00am-10:59am,38,10:00am-10:59am,47,Not Applicable (Not Transported),Not Applicable (Not Transported),2,Daylight,Clear,2,1,"['Driver', 'Rear_Seat']","['None_Used', 'None_Used']",0,0,Valid,0.0,1.0,78.0,67.0,"['Female', 'Male']",0,0,5,4,5,Dry,Curve,Level,Lowest,No
29734,46,South Dakota,460089,0,1,1,0,1,NOT APPLICABLE,September,9,Saturday,17,30,Rural,High Speed (Arterial),Yes,43.74007778,-98.99649722,Non-Intersection,Daylight,Clear,5:00pm-5:59pm,29,5:00pm-5:59pm,36,6:00pm-6:59pm,4,1,Daylight,Clear,1,0,['Driver'],['None_Used'],0,0,Valid,0.0,0.0,69.0,69.0,['Male'],0,0,5,3,3,Dry,Straight,Level,Lowest,Yes
29735,46,South Dakota,460090,1,1,1,0,1,NOT APPLICABLE,September,9,Saturday,22,25,Urban,Medium Speed (Collector),No,44.11348333,-103.07754444,Non-Intersection,Dark - Not Lighted,Cloudy,Unknown,Unknown,Unknown EMS Scene Arrival Hour,Unknown EMS Scene Arrival Minutes,Not Applicable (Not Transported),Not Applicable (Not Transported),1,Dark - Unlighted,Reduced Visibility,0,1,[],[],0,0,Valid,0.0,0.0,27.0,27.0,['Male'],0,0,2,4,4,Wet/Standing Water,Straight,Level,Lowest,No
29736,46,South Dakota,460091,0,1,1,0,1,NOT APPLICABLE,September,10,Sunday,3,49,Rural,Low Speed (Local),No,43.05363056,-98.13352222,Non-Intersection,Dark - Not Lighted,Cloudy,Unknown,Unknown if Notified,Unknown EMS Scene Arrival Hour,Unknown if Arrived,Not Applicable (Not Transported),Not Applicable (Not Transported),1,Dark - Unlighted,Reduced Visibility,1,0,['Driver'],['None_Used'],1,1,Valid,0.0,0.0,63.0,63.0,['Female'],0,0,3,4,3,Dry,Straight,Level,Lowest,No
29737,46,South Dakota,460092,1,1,1,0,1,NOT APPLICABLE,September,16,Saturday,2,6,Rural,High Speed (Arterial),Yes,43.84264444,-101.26078889,Non-Intersection,Dark - Not Lighted,Clear,Unknown,Unknown if Notified,Unknown EMS Scene Arrival Hour,Unknown if Arrived,Not Applicable (Not Transported),Not Applicable (Not Transported),1,Dark - Unlighted,Clear,0,1,[],[],0,0,Valid,0.0,1.0,55.0,55.0,['Male'],0,0,3,4,4,Dry,Straight,Level,Lowest,No
29738,46,South Dakota,460093,0,1,1,0,1,NOT APPLICABLE,September,18,Monday,21,15,Rural,High Speed (Arterial),Yes,43.61048611,-96.63404167,Non-Intersection,Dark - Not Lighted,Cloudy,9:00pm-9:59pm,17,9:00pm-9:59pm,27,9:00pm-9:59pm,55,1,Dark - Unlighted,Reduced Visibility,1,0,['Driver'],['None_Used'],0,0,Valid,1.0,2.0,41.0,41.0,['Male'],0,0,2,3,3,Dry,Straight,Grade/Hillcrest,Lowest,No
29739,46,South Dakota,460094,0,1,1,0,1,NOT APPLICABLE,September,19,Tuesday,11,0,Rural,Medium Speed (Collector),No,44.35423889,-97.39063333,Non-Intersection,Daylight,Clear,11:00am-11:59am,45,11:00am-11:59am,53,Not Applicable (Not Transported),Not Applicable (Not Transported),1,Daylight,Clear,1,0,['Driver'],['None_Used'],0,0,Valid,0.0,0.0,67.0,67.0,['Male'],0,0,5,3,3,Dry,Straight,Level,Lowest,No
29740,46,South Dakota,460095,0,2,2,0,2,NOT APPLICABLE,September,19,Tuesday,14,53,Rural,Medium Speed (Collector),No,43.38901944,-101.07836389,Complex/Circle,Daylight,Clear,3:00pm-3:59pm,56,4:00pm-4:59pm,16,Not Applicable (Not Transported),Not Applicable (Not Transported),1,Daylight,Clear,1,1,['Driver'],['None_Used'],0,0,Valid,0.0,0.0,82.0,51.0,"['Male', 'Male']",0,0,4,4,5,Dry,Straight,Level,Lowest,No
29741,46,South Dakota,460096,0,1,1,0,1,INTERIOR,September,21,Thursday,18,28,Rural,Medium Speed (Collector),No,43.71969167,-101.96961667,Non-Intersection,Dusk,Clear,6:00pm-6:59pm,29,7:00pm-7:59pm,7,Not Applicable (Not Transported),Not Applicable (Not Transported),1,Twilight,Clear,1,0,['Driver'],['None_Used'],0,0,Invalid,0.0,0.0,62.0,62.0,['Male'],0,0,5,4,2,Dry,Curve,Level,Lowest,No
29742,46,South Dakota,460097,1,1,1,0,1,NOT APPLICABLE,August,3,Thursday,23,15,Rural,High Speed (Arterial),Yes,43.04519722,-102.45028889,Non-Intersection,Dark - Not Lighted,Rain,Unknown,Unknown,Unknown EMS Scene Arrival Hour,Unknown EMS Scene Arrival Minutes,Not Applicable (Not Transported),Not Applicable (Not Transported),1,Dark - Unlighted,Rain/Wind/Minor,0,1,[],[],0,0,Valid,0.0,0.0,56.0,56.0,['Female'],0,0,3,3,4,Wet/Standing Water,Curve,Level,Lowest,No
29743,46,South Dakota,460098,2,1,1,0,1,NOT APPLICABLE,August,9,Wednesday,21,46,Rural,Medium Speed (Collector),No,43.24687222,-102.33662222,Non-Intersection,Dark - Not Lighted,Clear,9:00pm-9:59pm,55,10:00pm-10:59pm,11,Not Applicable (Not Transported),Not Applicable (Not Transported),2,Dark - Unlighted,Clear,0,1,[],[],0,0,Invalid,0.0,0.0,16.0,16.0,['Male'],0,0,3,3,4,Dry,Straight,Level,Lowest,No
29744,46,South Dakota,460099,0,1,1,0,3,NOT APPLICABLE,September,8,Friday,19,8,Rural,Medium Speed (Collector),No,44.26959722,-103.84654167,Non-Intersection,Dark - Not Lighted,Clear,7:00pm-7:59pm,21,7:00pm-7:59pm,21,8:00pm-8:59pm,33,1,Dark - Unlighted,Clear,1,2,['Non_Standard_Risk'],['Shoulder_Lapbelt'],1,1,Valid,0.0,0.0,30.0,30.0,['Male'],3,0,5,2,3,Dry,Curve,Grade/Hillcrest,Lowest,No
29745,46,South Dakota,460100,0,2,2,0,3,NOT APPLICABLE,June,28,Wednesday,11,49,Rural,High Speed (Arterial),Yes,44.41583889,-103.4483,Complex/Circle,Daylight,Clear,11:00am-11:59am,50,12:00pm-12:59pm,16,12:00pm-12:59pm,18,1,Daylight,Clear,1,2,['Front_Passenger'],['Shoulder_Lapbelt'],0,0,Valid,0.0,0.0,81.0,51.0,"['Male', 'Male']",0,0,3,4,5,Dry,Straight,Level,Lowest,No
29746,46,South Dakota,460101,1,1,1,0,1,NOT APPLICABLE,August,5,Saturday,3,30,Rural,Medium Speed (Collector),No,44.011125,-103.03234722,Non-Intersection,Dark - Not Lighted,Cloudy,Unknown,Unknown,Unknown EMS Scene Arrival Hour,Unknown EMS Scene Arrival Minutes,Not Applicable (Not Transported),Not Applicable (Not Transported),1,Dark - Unlighted,Reduced Visibility,0,1,[],[],0,0,Valid,1.0,3.0,23.0,23.0,['Male'],0,0,3,1,4,Dry,Straight,Level,Lowest,No
29747,46,South Dakota,460102,0,2,2,0,2,SPEARFISH,October,5,Thursday,18,45,Urban,High Speed (Arterial),Yes,44.47535556,-103.78069167,Non-Intersection,Dusk,Clear,6:00pm-6:59pm,50,6:00pm-6:59pm,55,Not Applicable (Not Transported),Not Applicable (Not Transported),1,Twilight,Clear,1,1,['Driver'],['None_Used'],0,0,Valid,0.0,2.0,39.0,20.0,"['Male', 'Male']",0,0,3,4,5,Dry,Straight,Level,Lowest,Yes
29748,46,South Dakota,460103,0,1,1,0,2,NOT APPLICABLE,October,6,Friday,5,20,Rural,Medium Speed (Collector),No,45.21613889,-100.84048333,Non-Intersection,Daylight,Clear,5:00am-5:59am,10,5:00am-5:59am,55,6:00am-6:59am,40,1,Daylight,Clear,1,1,['Driver'],['None_Used'],0,0,Invalid,0.0,0.0,42.0,42.0,['Male'],0,0,2,4,3,Dry,Curve,Grade/Hillcrest,Lowest,No
29749,46,South Dakota,460104,0,2,2,0,2,SIOUX FALLS,October,2,Monday,16,27,Urban,Low Speed (Local),No,43.54852778,-96.69900278,Complex/Circle,Daylight,Clear,4:00pm-4:59pm,29,4:00pm-4:59pm,31,4:00pm-4:59pm,55,1,Daylight,Clear,1,1,['Driver'],['None_Used'],1,1,Valid,2.0,1.0,26.0,25.0,"['Female', 'Male']",0,0,5,4,5,Dry,Straight,Grade/Hillcrest,Lowest,No
29750,46,South Dakota,460105,1,1,1,0,1,NOT APPLICABLE,October,15,Sunday,23,12,Rural,High Speed (Arterial),Yes,43.02732222,-102.54295556,Non-Intersection,Dark - Not Lighted,Clear,10:00pm-10:59pm,40,10:00pm-10:59pm,42,Not Applicable (Not Transported),Not Applicable (Not Transported),1,Dark - Unlighted,Clear,0,1,[],[],0,0,Valid,0.0,0.0,43.0,43.0,['Female'],0,0,2,4,4,Dry,Straight,Level,Lowest,No
29751,46,South Dakota,460106,0,2,2,0,2,NOT APPLICABLE,October,24,Tuesday,9,16,Rural,Medium Speed (Collector),No,45.02827778,-96.96392778,Non-Intersection,Daylight,"Fog, Smog, Smoke",Unknown,Unknown,Unknown EMS Scene Arrival Hour,Unknown EMS Scene Arrival Minutes,Not Applicable (Not Transported),Not Applicable (Not Transported),1,Daylight,Reduced Visibility,1,1,['Driver'],['None_Used'],0,0,Valid,1.0,1.0,60.0,20.0,"['Male', 'Male']",0,0,4,4,5,Wet/Standing Water,Straight,Level,Lowest,No
29752,46,South Dakota,460107,0,2,2,0,3,NOT APPLICABLE,October,25,Wednesday,17,16,Rural,Medium Speed (Collector),No,43.77344444,-103.42133611,Non-Intersection,Dusk,Clear,5:00pm-5:59pm,5,5:00pm-5:59pm,20,6:00pm-6:59pm,36,1,Twilight,Clear,1,2,['Driver'],['Shoulder_Lapbelt'],0,0,Valid,0.0,0.0,66.0,16.0,"['Male', 'Male']",1,0,3,4,5,Wet/Standing Water,Curve,Level,Lowest,No
29753,46,South Dakota,460108,0,2,2,0,2,NOT APPLICABLE,October,26,Thursday,17,15,Rural,High Speed (Arterial),Yes,45.44945833,-99.96687778,Non-Intersection,Daylight,Rain,5:00pm-5:59pm,17,5:00pm-5:59pm,35,6:00pm-6:59pm,7,1,Daylight,Rain/Wind/Minor,1,1,['Driver'],['Shoulder_Lapbelt'],0,0,Valid,1.0,0.0,73.0,21.0,"['Male', 'Male']",0,0,3,4,5,Wet/Standing Water,Straight,Level,Lowest,No
29754,46,South Dakota,460109,0,1,1,0,1,NOT APPLICABLE,October,28,Saturday,2,40,Rural,Medium Speed (Collector),No,44.07450833,-99.42678056,Non-Intersection,Dark - Not Lighted,Clear,2:00am-2:59am,50,2:00am-2:59am,52,3:00am-3:59am,30,1,Dark - Unlighted,Clear,1,0,['Driver'],['None_Used'],1,1,Valid,1.0,0.0,22.0,22.0,['Female'],1,0,2,4,3,Dry,Curve,Level,Lowest,No
29755,46,South Dakota,460110,0,1,1,0,1,NOT APPLICABLE,October,10,Tuesday,12,56,Rural,Medium Speed (Collector),No,43.70314167,-96.79150833,Non-Intersection,Daylight,Clear,1:00pm-1:59pm,1,1:00pm-1:59pm,14,Not Applicable (Not Transported),Not Applicable (Not Transported),1,Daylight,Clear,1,0,['Driver'],['None_Used'],0,0,Invalid,0.0,0.0,45.0,45.0,['Male'],0,0,3,3,3,Dry,Straight,Level,Lowest,No
29756,46,South Dakota,460111,0,1,1,0,1,NOT APPLICABLE,October,11,Wednesday,23,6,Rural,Low Speed (Local),No,43.9788,-97.47267778,Non-Intersection,Dark - Not Lighted,Clear,Unknown,Unknown,Unknown EMS Scene Arrival Hour,Unknown EMS Scene Arrival Minutes,Not Applicable (Not Transported),Not Applicable (Not Transported),1,Dark - Unlighted,Clear,1,0,['Driver'],['None_Used'],1,1,Invalid,1.0,0.0,49.0,49.0,['Male'],1,0,5,4,3,Dry,Straight,Level,Lowest,No