,State_Code,State_Name,Crash_ID,Count_Non_Motorists,Count_Vehicles_Total,Count_Vehicle_Forms,Count_PVH_Involved,Count_Occupants_MV,City_Name,Month_Name,Day_of_Month,Day_of_Week,Crash_Hour,Crash_Minute,Area_Rural_Urban,Road_Functional_Class,On_NHS_Road,Latitude,Longitude,Intersection_Type,Light_Condition,Weather_Condition,Notif_Hour,Notif_Minute,Arrival_Hour,Arrival_Minute,Hospital_Hour,Hospital_Minute,Fatalities_Count,Clean_Light_Condition,Clean_Weather_Condition,Total_Killed,Total_Alive,Fatal_Seats_List,Killed_Restraint_List,Any_Driver_Drinking,Total_Drinking_Drivers,Driver_License_Category,Driver_Max_Prev_Accident_Count,Driver_Max_Prev_Speeding_Count,Max_Driver_Age,Min_Driver_Age,Driver_Sex_List,Total_Exceeding_Limit_Vehicles,Total_Too_Fast_Vehicles,Max_Vehicle_Type_Severity_5,Max_Vehicle_Damage_Rank,Max_Harmful_Event_Severity,Crash_Road_Surface_Condition,Crash_Horizontal_Alignment,Crash_Vertical_Profile,Crash_Impairment_Category,Crash_Vehicle_Defect
29757,46,South Dakota,460112,0,2,2,0,2,NOT APPLICABLE,November,10,Friday,16,32,Rural,Medium Speed (Collector),No,44.49896944,-100.426425,Non-Intersection,Daylight,Clear,4:00pm-4:59pm,31,4:00pm-4:59pm,57,5:00pm-5:59pm,23,1,Daylight,Clear,1,1,['Driver'],['None_Used'],0,0,Valid,0.0,0.0,27.0,19.0,"['Male', 'Male']",0,0,3,4,5,Dry,Curve,Level,Lowest,No
29758,46,South Dakota,460113,0,1,1,0,2,NOT APPLICABLE,November,23,Thursday,20,50,Rural,Medium Speed (Collector),No,45.15673333,-98.40181667,Non-Intersection,Dark - Not Lighted,Clear,9:00pm-9:59pm,0,9:00pm-9:59pm,25,10:00pm-10:59pm,1,1,Dark - Unlighted,Clear,1,1,['Driver'],['None_Used'],0,0,Valid,0.0,0.0,68.0,68.0,['Male'],0,0,3,3,2,Dry,Straight,Grade/Hillcrest,Lowest,No
29759,46,South Dakota,460114,0,1,1,0,1,NOT APPLICABLE,November,25,Saturday,18,0,Rural,High Speed (Arterial),Yes,43.89738333,-102.02674722,Non-Intersection,Dark - Not Lighted,Cloudy,6:00pm-6:59pm,42,7:00pm-7:59pm,1,Not Applicable (Not Transported),Not Applicable (Not Transported),1,Dark - Unlighted,Reduced Visibility,1,0,['Driver'],['None_Used'],0,0,Valid,0.0,0.0,26.0,26.0,['Male'],1,0,3,4,3,Dry,Straight,Grade/Hillcrest,Lowest,No
29760,46,South Dakota,460115,0,2,2,0,2,NOT APPLICABLE,December,6,Wednesday,10,52,Rural,Medium Speed (Collector),No,43.69330556,-98.26565278,Non-Intersection,Daylight,Clear,Unknown,Unknown,Unknown EMS Scene Arrival Hour,Unknown EMS Scene Arrival Minutes,Not Applicable (Not Transported),Not Applicable (Not Transported),1,Daylight,Clear,1,1,['Driver'],['None_Used'],0,0,Valid,0.0,3.0,63.0,24.0,"['Male', 'Male']",0,0,5,4,5,Dry,Straight,Grade/Hillcrest,Lowest,No
29761,46,South Dakota,460116,1,1,1,0,1,SPEARFISH,November,21,Tuesday,15,8,Urban,Medium Speed (Collector),No,44.48889444,-103.8587,Complex/Circle,Daylight,Clear,3:00pm-3:59pm,9,3:00pm-3:59pm,12,3:00pm-3:59pm,23,1,Daylight,Clear,0,1,[],[],0,0,Valid,1.0,0.0,75.0,75.0,['Male'],0,0,3,1,4,Dry,Straight,Level,Lowest,No
29762,46,South Dakota,460117,0,1,1,0,1,NOT APPLICABLE,December,2,Saturday,14,35,Rural,Medium Speed (Collector),No,43.42971944,-97.40685278,Non-Intersection,Daylight,Clear,Unknown,Unknown,Unknown EMS Scene Arrival Hour,Unknown EMS Scene Arrival Minutes,Not Applicable (Not Transported),Not Applicable (Not Transported),1,Daylight,Clear,1,0,['Driver'],['None_Used'],0,0,Valid,0.0,1.0,17.0,17.0,['Female'],1,0,2,4,3,Dry,Straight,Level,Lowest,No
29763,46,South Dakota,460118,0,1,1,0,1,NOT APPLICABLE,December,17,Sunday,0,0,Rural,Medium Speed (Collector),No,43.44853333,-96.60916667,Simple Junction,Dark - Not Lighted,Clear,Unknown,Unknown,Unknown EMS Scene Arrival Hour,Unknown EMS Scene Arrival Minutes,Not Applicable (Not Transported),Not Applicable (Not Transported),1,Dark - Unlighted,Clear,1,0,['Driver'],['None_Used'],1,1,Valid,0.0,2.0,27.0,27.0,['Male'],0,0,3,4,2,Dry,Straight,Level,Lowest,No
29764,46,South Dakota,460119,0,2,2,0,2,NOT APPLICABLE,December,18,Monday,11,22,Rural,High Speed (Arterial),Yes,44.53965,-103.44728056,Non-Intersection,Daylight,Cloudy,Unknown,Unknown,Unknown EMS Scene Arrival Hour,Unknown EMS Scene Arrival Minutes,Not Applicable (Not Transported),Not Applicable (Not Transported),1,Daylight,Reduced Visibility,1,1,['Driver'],['Shoulder_Lapbelt'],1,1,Valid,0.0,1.0,56.0,29.0,"['Male', 'Male']",0,0,4,4,5,Dry,Straight,Level,Lowest,No
29765,46,South Dakota,460120,0,2,2,0,3,NOT APPLICABLE,December,18,Monday,17,49,Rural,Medium Speed (Collector),No,43.38796111,-96.64859444,Complex/Circle,Dark - Not Lighted,Clear,Unknown,Unknown,Unknown EMS Scene Arrival Hour,Unknown EMS Scene Arrival Minutes,Unknown,Unknown EMS Hospital Arrival Time,1,Dark - Unlighted,Clear,1,2,['Driver'],['Shoulder_Lapbelt'],0,0,Valid,0.0,2.0,67.0,21.0,"['Female', 'Male']",0,0,3,4,5,Dry,Straight,Level,Lowest,No
29766,46,South Dakota,460121,0,1,1,0,2,SIOUX FALLS,November,4,Saturday,3,9,Urban,Medium Speed (Collector),No,43.52995556,-96.68132778,Non-Intersection,Dark - Not Lighted,Clear,3:00am-3:59am,10,3:00am-3:59am,16,3:00am-3:59am,34,1,Dark - Unlighted,Clear,1,1,['Front_Passenger'],['None_Used'],0,0,Invalid,0.0,0.0,15.0,15.0,['Male'],2,0,2,4,3,Dry,Straight,Level,Lowest,No
29767,46,South Dakota,460122,1,1,1,0,1,SIOUX FALLS,December,13,Wednesday,7,38,Urban,High Speed (Arterial),Yes,43.54381944,-96.75842222,Complex/Circle,Dawn,Clear,Unknown,Unknown,Unknown EMS Scene Arrival Hour,Unknown EMS Scene Arrival Minutes,Not Applicable (Not Transported),Not Applicable (Not Transported),1,Twilight,Clear,0,1,[],[],0,0,Valid,0.0,1.0,42.0,42.0,['Male'],0,0,4,2,4,Dry,Straight,Level,Lowest,No
29768,46,South Dakota,460123,1,1,1,0,1,DEADWOOD,December,13,Wednesday,18,22,Rural,High Speed (Arterial),Yes,44.38048333,-103.72417222,Complex/Circle,Dark - Lighted,Clear,Unknown,Unknown,Unknown EMS Scene Arrival Hour,Unknown EMS Scene Arrival Minutes,Not Applicable (Not Transported),Not Applicable (Not Transported),1,Dark - Lighted,Clear,0,1,[],[],1,1,Valid,0.0,2.0,26.0,26.0,['Female'],1,0,3,4,4,Dry,Straight,Level,Lowest,No
29769,46,South Dakota,460124,0,2,2,0,2,NOT APPLICABLE,November,2,Thursday,13,22,Rural,High Speed (Arterial),Yes,45.35603611,-100.057125,Non-Intersection,Daylight,Clear,1:00pm-1:59pm,19,1:00pm-1:59pm,38,Not Applicable (Not Transported),Not Applicable (Not Transported),1,Daylight,Clear,1,1,['Driver'],['Shoulder_Lapbelt'],0,0,Valid,1.0,0.0,56.0,30.0,"['Male', 'Male']",0,0,4,4,3,Dry,Curve,Grade/Hillcrest,Lowest,No
29770,46,South Dakota,460125,0,1,1,0,3,NOT APPLICABLE,November,25,Saturday,8,58,Rural,High Speed (Arterial),Yes,43.27908889,-96.79628611,Non-Intersection,Daylight,Blowing Snow,9:00am-9:59am,1,9:00am-9:59am,23,9:00am-9:59am,55,1,Daylight,Snow/Ice/Severe,1,2,['Rear_Seat'],['None_Used'],0,0,Valid,0.0,0.0,61.0,61.0,['Female'],0,0,3,4,3,Icy/Snowy,Straight,Level,Lowest,No
29771,46,South Dakota,460126,0,2,2,0,3,NOT APPLICABLE,December,2,Saturday,14,15,Rural,High Speed (Arterial),Yes,43.66684722,-98.00657222,Non-Intersection,Daylight,Clear,Unknown,Unknown,Unknown EMS Scene Arrival Hour,Unknown EMS Scene Arrival Minutes,Unknown,Unknown EMS Hospital Arrival Time,1,Daylight,Clear,1,2,['Driver'],['Shoulder_Lapbelt'],1,1,Valid,0.0,0.0,63.0,57.0,"['Male', 'Male']",0,0,3,4,5,Dry,Straight,Level,Lowest,No
29772,46,South Dakota,460127,0,1,1,0,4,NOT APPLICABLE,October,23,Monday,15,40,Rural,Low Speed (Local),No,43.41763889,-96.918325,Non-Intersection,Daylight,Clear,3:00pm-3:59pm,42,3:00pm-3:59pm,52,4:00pm-4:59pm,35,1,Daylight,Clear,1,3,['Rear_Seat'],['None_Used'],0,0,Invalid,0.0,0.0,14.0,14.0,['Male'],4,0,3,4,3,Dry,Straight,Level,Lowest,No
29773,46,South Dakota,460128,0,1,1,0,4,NOT APPLICABLE,December,9,Saturday,4,0,Rural,Medium Speed (Collector),No,43.17075833,-96.85583889,Non-Intersection,Dark - Not Lighted,Cloudy,Unknown,Unknown,Unknown EMS Scene Arrival Hour,Unknown EMS Scene Arrival Minutes,Not Applicable (Not Transported),Not Applicable (Not Transported),3,Dark - Unlighted,Reduced Visibility,3,1,"['Rear_Seat', 'Front_Passenger', 'Front_Passenger']","['None_Used', 'None_Used', 'None_Used']",1,1,Valid,1.0,0.0,20.0,20.0,['Male'],4,0,3,4,2,Dry,Straight,Level,Lowest,No
29774,46,South Dakota,460129,0,2,2,0,3,WALL,December,16,Saturday,6,48,Rural,High Speed (Arterial),Yes,43.98663889,-102.23408611,Non-Intersection,Dawn,"Fog, Smog, Smoke",Unknown,Unknown,Unknown EMS Scene Arrival Hour,Unknown EMS Scene Arrival Minutes,Unknown,Unknown EMS Hospital Arrival Time,1,Twilight,Reduced Visibility,1,2,['Driver'],['Shoulder_Lapbelt'],0,0,Valid,0.0,0.0,39.0,34.0,"['Male', 'Female']",0,0,3,4,5,Wet/Standing Water,Straight,Grade/Hillcrest,Lowest,No
29775,47,Tennessee,470001,0,1,1,0,1,MEMPHIS,January,1,Sunday,3,30,Urban,High Speed (Arterial),Yes,35.10890278,-89.99573611,Non-Intersection,Dark - Lighted,Clear,Unknown,Unknown,Unknown EMS Scene Arrival Hour,Unknown EMS Scene Arrival Minutes,Not Applicable (Not Transported),Not Applicable (Not Transported),1,Dark - Lighted,Clear,1,0,['Driver'],['None_Used'],1,1,Valid,0.0,2.0,37.0,37.0,['Female'],0,0,3,4,3,Dry,Straight,Level,Lowest,No
29776,47,Tennessee,470002,0,1,1,0,1,KNOXVILLE,January,1,Sunday,6,50,Urban,Medium Speed (Collector),No,36.05068056,-83.96493056,Non-Intersection,Dark - Not Lighted,"Fog, Smog, Smoke",7:00am-7:59am,54,7:00am-7:59am,59,Not Applicable (Not Transported),Not Applicable (Not Transported),1,Dark - Unlighted,Reduced Visibility,1,0,['Driver'],['None_Used'],0,0,Valid,0.0,0.0,34.0,34.0,['Male'],1,0,2,4,3,Wet/Standing Water,Straight,Grade/Hillcrest,Lowest,No
29777,47,Tennessee,470003,0,2,2,0,2,MEMPHIS,January,2,Monday,22,4,Urban,High Speed (Arterial),Yes,35.14209722,-89.99381111,Non-Intersection,Dark - Lighted,Rain,10:00pm-10:59pm,5,10:00pm-10:59pm,15,10:00pm-10:59pm,25,1,Dark - Lighted,Rain/Wind/Minor,1,1,['Driver'],['None_Used'],1,1,Invalid,2.0,2.0,40.0,31.0,"['Male', 'Male']",0,0,3,4,5,Wet/Standing Water,Straight,Level,Lowest,No
29778,47,Tennessee,470004,0,1,1,0,2,NASHVILLE,January,1,Sunday,0,13,Urban,Medium Speed (Collector),No,36.2551,-86.70241111,Non-Intersection,Dark - Not Lighted,"Fog, Smog, Smoke",0:00am-0:59am,12,0:00am-0:59am,17,0:00am-0:59am,51,1,Dark - Unlighted,Reduced Visibility,1,1,['Driver'],['Shoulder_Lapbelt'],1,1,Valid,0.0,0.0,67.0,67.0,['Male'],2,0,3,4,3,Dry,Curve,Level,Lowest,No
29779,47,Tennessee,470005,1,1,1,0,1,NASHVILLE,January,1,Sunday,99,99,Urban,High Speed (Arterial),Yes,36.14458056,-86.7497,Non-Intersection,Dark - Lighted,Clear,10:00pm-10:59pm,16,10:00pm-10:59pm,19,10:00pm-10:59pm,32,1,Dark - Lighted,Clear,0,1,[],[],0,0,Valid,0.0,0.0,17.0,17.0,['Male'],0,0,2,3,4,Dry,Straight,Level,Lowest,No
29780,47,Tennessee,470006,0,1,1,0,1,NOT APPLICABLE,January,4,Wednesday,2,20,Rural,Medium Speed (Collector),No,36.14258889,-82.6883,Non-Intersection,Dark - Not Lighted,"Fog, Smog, Smoke",0:00am-0:59am,54,Unknown EMS Scene Arrival Hour,Unknown EMS Scene Arrival Minutes,Not Applicable (Not Transported),Not Applicable (Not Transported),1,Dark - Unlighted,Reduced Visibility,1,0,['Driver'],['None_Used'],0,0,Invalid,0.0,0.0,57.0,57.0,['Male'],0,0,3,4,3,Wet/Standing Water,Straight,Level,Lowest,No
29781,47,Tennessee,470007,0,1,1,0,3,NOT APPLICABLE,January,4,Wednesday,11,57,Rural,High Speed (Arterial),Yes,36.13533889,-85.64668889,Non-Intersection,Daylight,Clear,11:00am-11:59am,47,11:00am-11:59am,58,12:00pm-12:59pm,29,1,Daylight,Clear,1,2,['Rear_Seat'],['Child_Safety'],1,1,Valid,2.0,0.0,34.0,34.0,['Female'],0,0,3,4,3,Dry,Straight,Level,Lowest,No
29782,47,Tennessee,470008,1,1,1,0,1,CLARKSVILLE,January,3,Tuesday,6,26,Urban,Medium Speed (Collector),No,36.62168611,-87.42030833,Non-Intersection,Dark - Not Lighted,Rain,Unknown,Unknown,Unknown EMS Scene Arrival Hour,Unknown EMS Scene Arrival Minutes,Unknown,Unknown EMS Hospital Arrival Time,1,Dark - Unlighted,Rain/Wind/Minor,0,1,[],[],0,0,Valid,3.0,0.0,26.0,26.0,['Male'],0,0,3,3,4,Wet/Standing Water,Straight,Level,Lowest,No
29783,47,Tennessee,470009,0,2,2,0,3,MURFREESBORO,January,3,Tuesday,17,1,Urban,Medium Speed (Collector),No,35.85143056,-86.46888056,Non-Intersection,Dark - Lighted,Clear,5:00pm-5:59pm,11,5:00pm-5:59pm,14,5:00pm-5:59pm,37,2,Dark - Lighted,Clear,2,1,"['Rear_Seat', 'Driver']","['Shoulder_Lapbelt', 'Shoulder_Lapbelt']",0,0,Valid,0.0,0.0,62.0,37.0,"['Female', 'Male']",0,0,3,4,5,Wet/Standing Water,Straight,Level,Medium,No
29784,47,Tennessee,470010,0,2,2,0,2,MEMPHIS,January,7,Saturday,2,38,Urban,High Speed (Arterial),Yes,35.02071111,-89.94766111,Non-Intersection,Dark - Lighted,Rain,2:00am-2:59am,39,2:00am-2:59am,50,3:00am-3:59am,24,1,Dark - Lighted,Rain/Wind/Minor,1,1,['Driver'],['None_Used'],1,1,Invalid,0.0,0.0,45.0,32.0,"['Male', 'Female']",0,0,3,4,5,Wet/Standing Water,Straight,Level,Lowest,No
29785,47,Tennessee,470011,0,1,1,0,1,NOT APPLICABLE,January,7,Saturday,18,55,Rural,High Speed (Arterial),Yes,36.08801111,-87.0684,Non-Intersection,Dark - Not Lighted,Cloudy,6:00pm-6:59pm,45,6:00pm-6:59pm,53,Not Applicable (Not Transported),Not Applicable (Not Transported),1,Dark - Unlighted,Reduced Visibility,1,0,['Driver'],['Shoulder_Lapbelt'],1,1,Invalid,2.0,0.0,27.0,27.0,['Male'],0,0,2,4,3,Dry,Straight,Level,Lowest,No
29786,47,Tennessee,470013,0,2,2,0,2,NOT APPLICABLE,January,8,Sunday,11,43,Rural,High Speed (Arterial),Yes,35.80768889,-86.18436944,Non-Intersection,Daylight,Clear,11:00am-11:59am,41,11:00am-11:59am,52,12:00pm-12:59pm,18,1,Daylight,Clear,1,1,['Driver'],['None_Used'],1,1,Valid,1.0,0.0,78.0,22.0,"['Male', 'Male']",0,0,2,4,5,Dry,Straight,Grade/Hillcrest,Lowest,No
29787,47,Tennessee,470015,0,1,1,0,1,NASHVILLE,January,7,Saturday,2,24,Urban,High Speed (Arterial),Yes,36.23053056,-86.78203889,Non-Intersection,Dark - Lighted,Cloudy,2:00am-2:59am,24,2:00am-2:59am,35,2:00am-2:59am,49,1,Dark - Lighted,Reduced Visibility,1,0,['Driver'],['Shoulder_Lapbelt'],0,0,Valid,1.0,0.0,45.0,45.0,['Male'],1,0,3,4,3,Dry,Straight,Level,Lowest,No
29788,47,Tennessee,470016,0,2,1,1,1,CROSSVILLE,January,7,Saturday,2,24,Urban,High Speed (Arterial),Yes,35.96278889,-84.98488889,Non-Intersection,Dark - Lighted,Clear,2:00am-2:59am,26,2:00am-2:59am,30,3:00am-3:59am,34,1,Dark - Lighted,Clear,1,0,['Driver'],['None_Used'],1,1,Valid,2.0,2.0,20.0,20.0,['Male'],0,0,3,4,3,Dry,Curve,Grade/Hillcrest,Lowest,No
29789,47,Tennessee,470017,0,2,2,0,2,NASHVILLE,January,7,Saturday,7,14,Urban,High Speed (Arterial),Yes,36.05771111,-86.62103056,Non-Intersection,Daylight,Rain,7:00am-7:59am,20,7:00am-7:59am,28,7:00am-7:59am,59,1,Daylight,Rain/Wind/Minor,1,1,['Driver'],['None_Used'],0,0,Invalid,0.0,0.0,48.0,24.0,"['Female', 'Male']",0,0,2,4,5,Wet/Standing Water,Straight,Level,Lowest,No
29790,47,Tennessee,470018,0,2,2,0,4,NOT APPLICABLE,January,2,Monday,2,18,Urban,High Speed (Arterial),Yes,35.14952222,-90.04599722,Simple Junction,Dark - Lighted,Rain,2:00am-2:59am,20,2:00am-2:59am,25,3:00am-3:59am,16,1,Dark - Lighted,Rain/Wind/Minor,1,3,['Front_Passenger'],['Shoulder_Lapbelt'],0,0,Invalid,0.0,0.0,72.0,41.0,"['Male', 'Female']",2,0,3,4,5,Wet/Standing Water,Straight,Grade/Hillcrest,Lowest,Yes
29791,47,Tennessee,470019,0,1,1,0,1,NOT APPLICABLE,January,9,Monday,14,0,Rural,Medium Speed (Collector),No,35.48483056,-84.26773056,Non-Intersection,Daylight,Clear,5:00pm-5:59pm,38,5:00pm-5:59pm,53,Unknown,Unknown EMS Hospital Arrival Time,1,Daylight,Clear,1,0,['Driver'],['None_Used'],1,1,Invalid,0.0,0.0,31.0,31.0,['Male'],0,0,1,4,2,Dry,Straight,Level,Lowest,No
29792,47,Tennessee,470020,0,1,1,0,1,NOT APPLICABLE,January,10,Tuesday,16,25,Rural,Medium Speed (Collector),No,36.36613889,-82.82733889,Non-Intersection,Daylight,Clear,4:00pm-4:59pm,29,5:00pm-5:59pm,0,Not Applicable (Not Transported),Not Applicable (Not Transported),1,Daylight,Clear,1,0,['Driver'],['None_Used'],0,0,Invalid,0.0,0.0,45.0,45.0,['Male'],1,0,5,4,2,Dry,Curve,Level,Lowest,No
29793,47,Tennessee,470021,0,2,2,0,3,GREENEVILLE,January,6,Friday,12,22,Rural,Medium Speed (Collector),No,36.26635,-82.81981944,Simple Junction,Daylight,Clear,12:00pm-12:59pm,17,2:00pm-2:59pm,30,Unknown,Unknown EMS Hospital Arrival Time,1,Daylight,Clear,1,2,['Driver'],['None_Used'],0,0,Valid,1.0,1.0,62.0,59.0,"['Male', 'Female']",0,0,2,4,5,Dry,Straight,Level,Lowest,No
29794,47,Tennessee,470022,0,2,2,0,2,NOT APPLICABLE,January,10,Tuesday,4,30,Rural,High Speed (Arterial),No,35.99438056,-85.88941944,Non-Intersection,Dark - Not Lighted,Clear,4:00am-4:59am,18,4:00am-4:59am,34,4:00am-4:59am,56,1,Dark - Unlighted,Clear,1,1,['Driver'],['None_Used'],0,0,Valid,1.0,0.0,38.0,34.0,"['Male', 'Male']",0,0,3,4,5,Dry,Straight,Grade/Hillcrest,Lowest,No
29795,47,Tennessee,470023,1,1,1,0,1,ATHENS,January,11,Wednesday,22,2,Urban,High Speed (Arterial),Yes,35.47158889,-84.6427,Non-Intersection,Dark - Not Lighted,Clear,Unknown,Unknown,Unknown EMS Scene Arrival Hour,Unknown EMS Scene Arrival Minutes,Not Applicable (Not Transported),Not Applicable (Not Transported),1,Dark - Unlighted,Clear,0,1,[],[],0,0,Valid,0.0,0.0,24.0,24.0,['Male'],0,0,2,4,4,Dry,Straight,Level,Lowest,No
29796,47,Tennessee,470024,0,2,2,0,3,MEMPHIS,January,11,Wednesday,18,5,Urban,Medium Speed (Collector),No,35.14105,-90.04551944,Complex/Circle,Dark - Lighted,Clear,6:00pm-6:59pm,6,6:00pm-6:59pm,13,6:00pm-6:59pm,24,1,Dark - Lighted,Clear,1,2,['Driver'],['None_Used'],0,0,Valid,0.0,1.0,80.0,33.0,"['Male', 'Male']",1,0,5,4,5,Dry,Straight,Level,Lowest,No
29797,47,Tennessee,470025,1,1,1,0,2,SNEEDVILLE,January,7,Saturday,0,18,Rural,Medium Speed (Collector),No,36.55575,-83.16328889,Non-Intersection,Dark - Not Lighted,Clear,0:00am-0:59am,18,0:00am-0:59am,23,0:00am-0:59am,43,1,Dark - Unlighted,Clear,0,2,[],[],0,0,Valid,0.0,0.0,22.0,22.0,['Male'],0,0,2,3,4,Dry,Straight,Level,Lowest,No
29798,47,Tennessee,470026,0,2,2,0,2,NOT APPLICABLE,January,10,Tuesday,18,40,Rural,High Speed (Arterial),Yes,36.3007,-85.36878056,Complex/Circle,Dark - Not Lighted,Clear,6:00pm-6:59pm,42,6:00pm-6:59pm,49,7:00pm-7:59pm,9,1,Dark - Unlighted,Clear,1,1,['Driver'],['None_Used'],0,0,Valid,0.0,0.0,81.0,30.0,"['Male', 'Male']",0,0,3,4,5,Dry,Straight,Level,Lowest,No
29799,47,Tennessee,470027,0,2,2,0,3,NOT APPLICABLE,January,12,Thursday,11,24,Rural,High Speed (Arterial),Yes,35.78751111,-88.39853889,Non-Intersection,Daylight,Sleet or Hail,11:00am-11:59am,24,11:00am-11:59am,35,12:00pm-12:59pm,11,2,Daylight,Snow/Ice/Severe,2,1,"['Driver', 'Front_Passenger']","['Shoulder_Lapbelt', 'Shoulder_Lapbelt']",0,0,Valid,0.0,1.0,71.0,43.0,"['Male', 'Male']",0,0,4,4,5,Wet/Standing Water,Straight,Level,Lowest,No
29800,47,Tennessee,470028,0,2,2,0,2,NOT APPLICABLE,January,10,Tuesday,1,0,Rural,High Speed (Arterial),Yes,35.83223056,-86.72763056,Non-Intersection,Dark - Not Lighted,Clear,1:00am-1:59am,10,1:00am-1:59am,26,2:00am-2:59am,17,1,Dark - Unlighted,Clear,1,1,['Driver'],['Shoulder_Lapbelt'],1,1,Valid,0.0,0.0,61.0,45.0,"['Male', 'Male']",0,0,3,4,5,Dry,Straight,Level,Lowest,No
29801,47,Tennessee,470029,0,1,1,0,1,NOT APPLICABLE,January,14,Saturday,7,50,Rural,Medium Speed (Collector),No,35.29468889,-86.89815,Non-Intersection,Daylight,Clear,Unknown,Unknown,Unknown EMS Scene Arrival Hour,Unknown EMS Scene Arrival Minutes,Not Applicable (Not Transported),Not Applicable (Not Transported),1,Daylight,Clear,1,0,['Driver'],['None_Used'],0,0,Valid,0.0,2.0,28.0,28.0,['Male'],0,0,2,4,3,Dry,Straight,Level,Lowest,No
29802,47,Tennessee,470030,0,1,1,0,1,MEMPHIS,January,14,Saturday,23,59,Urban,Medium Speed (Collector),No,35.17206944,-89.81473056,Non-Intersection,Dark - Lighted,Clear,11:00pm-11:59pm,57,0:00am-0:59am,6,0:00am-0:59am,41,1,Dark - Lighted,Clear,1,0,['Driver'],['None_Used'],1,1,Valid,0.0,0.0,43.0,43.0,['Male'],0,0,2,4,3,Dry,Straight,Level,Lowest,No
29803,47,Tennessee,470031,1,1,1,0,1,MEMPHIS,January,15,Sunday,17,40,Urban,Medium Speed (Collector),No,35.042775,-90.08508889,Non-Intersection,Dark - Not Lighted,Clear,5:00pm-5:59pm,42,6:00pm-6:59pm,11,6:00pm-6:59pm,29,1,Dark - Unlighted,Clear,0,1,[],[],0,0,Invalid,1.0,0.0,31.0,31.0,['Male'],0,0,2,2,4,Dry,Straight,Level,Lowest,No
29804,47,Tennessee,470032,1,1,1,0,1,NOT APPLICABLE,January,12,Thursday,18,13,Urban,High Speed (Arterial),Yes,35.82163056,-86.84908889,Non-Intersection,Dark - Not Lighted,Cloudy,6:00pm-6:59pm,6,6:00pm-6:59pm,19,6:00pm-6:59pm,45,1,Dark - Unlighted,Reduced Visibility,0,1,[],[],0,0,Valid,0.0,0.0,52.0,52.0,['Male'],0,0,4,2,4,Wet/Standing Water,Straight,Level,Lowest,No
29805,47,Tennessee,470033,0,1,1,0,2,NOT APPLICABLE,January,8,Sunday,0,47,Urban,Medium Speed (Collector),No,35.02026111,-89.80448056,Non-Intersection,Dark - Not Lighted,"Fog, Smog, Smoke",Unknown,Unknown,Unknown EMS Scene Arrival Hour,Unknown EMS Scene Arrival Minutes,Not Applicable (Not Transported),Not Applicable (Not Transported),2,Dark - Unlighted,Reduced Visibility,2,0,"['Driver', 'Front_Passenger']","['None_Used', 'Shoulder_Lapbelt']",1,1,Invalid,0.0,0.0,22.0,22.0,['Male'],0,0,2,4,3,Wet/Standing Water,Straight,Level,Lowest,No
29806,47,Tennessee,470034,1,1,1,0,1,MEMPHIS,January,13,Friday,19,19,Urban,High Speed (Arterial),Yes,35.04741111,-90.06283611,Non-Intersection,Dark - Lighted,Clear,7:00pm-7:59pm,20,7:00pm-7:59pm,30,7:00pm-7:59pm,54,1,Dark - Lighted,Clear,0,1,[],[],0,0,Invalid,0.0,0.0,30.0,30.0,['Male'],0,0,3,3,4,Dry,Straight,Level,Lowest,No
29807,47,Tennessee,470035,0,2,2,0,5,MEMPHIS,January,15,Sunday,5,14,Urban,Medium Speed (Collector),No,35.22053056,-89.92718889,Complex/Circle,Dark - Lighted,Clear,7:00am-7:59am,42,8:00am-8:59am,19,9:00am-9:59am,1,1,Dark - Lighted,Clear,1,4,['Driver'],['None_Used'],0,0,Invalid,0.0,0.0,45.0,15.0,"['Male', 'Male']",4,0,2,4,5,Dry,Straight,Level,Lowest,No
29808,47,Tennessee,470036,0,3,3,0,4,NOT APPLICABLE,January,16,Monday,20,15,Rural,Medium Speed (Collector),No,36.10321111,-82.92365,Non-Intersection,Dark - Not Lighted,Clear,8:00pm-8:59pm,13,8:00pm-8:59pm,23,9:00pm-9:59pm,1,2,Dark - Unlighted,Clear,2,2,"['Driver', 'Driver']","['Shoulder_Lapbelt', 'None_Used']",0,0,Invalid,2.0,3.0,64.0,32.0,"['Male', 'Female', 'Male']",0,0,3,4,5,Dry,Straight,Level,Lowest,No
29809,47,Tennessee,470037,1,1,1,0,1,MADISON,January,14,Saturday,19,43,Urban,Low Speed (Local),No,36.26306944,-86.70051944,Non-Intersection,Dark - Lighted,Clear,7:00pm-7:59pm,43,7:00pm-7:59pm,49,8:00pm-8:59pm,2,1,Dark - Lighted,Clear,0,0,[],[],0,0,Invalid,0.0,0.0,998.0,998.0,['Other'],0,0,1,0,4,Dry,Straight,Level,Lowest,No
29810,47,Tennessee,470038,0,1,1,0,2,WOODBURY,January,17,Tuesday,2,52,Rural,High Speed (Arterial),Yes,35.82786111,-86.07283056,Non-Intersection,Dark - Lighted,Rain,2:00am-2:59am,55,2:00am-2:59am,59,4:00am-4:59am,39,1,Dark - Lighted,Rain/Wind/Minor,1,1,['Driver'],['None_Used'],1,1,Invalid,2.0,0.0,23.0,23.0,['Male'],0,0,1,4,3,Wet/Standing Water,Straight,Level,Lowest,No
29811,47,Tennessee,470039,0,1,1,0,1,NOT APPLICABLE,January,4,Wednesday,17,10,Rural,Medium Speed (Collector),No,36.46448056,-89.25976111,Non-Intersection,Daylight,Clear,5:00pm-5:59pm,7,5:00pm-5:59pm,35,7:00pm-7:59pm,12,1,Daylight,Clear,1,0,['Driver'],['None_Used'],0,0,Valid,0.0,0.0,67.0,67.0,['Female'],0,0,3,4,3,Dry,Curve,Grade/Hillcrest,Lowest,No