,State_Code,State_Name,Crash_ID,Count_Non_Motorists,Count_Vehicles_Total,Count_Vehicle_Forms,Count_PVH_Involved,Count_Occupants_MV,City_Name,Month_Name,Day_of_Month,Day_of_Week,Crash_Hour,Crash_Minute,Area_Rural_Urban,Road_Functional_Class,On_NHS_Road,Latitude,Longitude,Intersection_Type,Light_Condition,Weather_Condition,Notif_Hour,Notif_Minute,Arrival_Hour,Arrival_Minute,Hospital_Hour,Hospital_Minute,Fatalities_Count,Clean_Light_Condition,Clean_Weather_Condition,Total_Killed,Total_Alive,Fatal_Seats_List,Killed_Restraint_List,Any_Driver_Drinking,Total_Drinking_Drivers,Driver_License_Category,Driver_Max_Prev_Accident_Count,Driver_Max_Prev_Speeding_Count,Max_Driver_Age,Min_Driver_Age,Driver_Sex_List,Total_Exceeding_Limit_Vehicles,Total_Too_Fast_Vehicles,Max_Vehicle_Type_Severity_5,Max_Vehicle_Damage_Rank,Max_Harmful_Event_Severity,Crash_Road_Surface_Condition,Crash_Horizontal_Alignment,Crash_Vertical_Profile,Crash_Impairment_Category,Crash_Vehicle_Defect
29812,47,Tennessee,470040,1,1,1,0,1,NASHVILLE,January,17,Tuesday,15,42,Urban,High Speed (Arterial),Yes,36.10208056,-86.76503889,Non-Intersection,Daylight,Clear,Unknown,Unknown,Unknown EMS Scene Arrival Hour,Unknown EMS Scene Arrival Minutes,Not Applicable (Not Transported),Not Applicable (Not Transported),1,Daylight,Clear,0,1,[],[],0,0,Valid,1.0,0.0,29.0,29.0,['Male'],0,0,4,2,4,Dry,Straight,Level,Lowest,No
29813,47,Tennessee,470041,1,1,1,0,1,CHATTANOOGA,January,18,Wednesday,20,25,Urban,High Speed (Arterial),Yes,35.01864722,-85.33137778,Non-Intersection,Dark - Not Lighted,Rain,8:00pm-8:59pm,33,8:00pm-8:59pm,41,9:00pm-9:59pm,2,1,Dark - Unlighted,Rain/Wind/Minor,0,1,[],[],0,0,Valid,0.0,0.0,59.0,59.0,['Male'],0,0,3,3,4,Wet/Standing Water,Straight,Level,Lowest,No
29814,47,Tennessee,470042,0,1,1,0,1,NOT APPLICABLE,January,14,Saturday,16,38,Rural,High Speed (Arterial),Yes,36.19355,-86.23893889,Non-Intersection,Daylight,Clear,0:00am-0:59am,32,0:00am-0:59am,45,Unknown,Unknown EMS Hospital Arrival Time,1,Daylight,Clear,1,0,['Driver'],['Shoulder_Lapbelt'],0,0,Valid,0.0,0.0,70.0,70.0,['Male'],0,0,3,4,3,Dry,Straight,Level,Lowest,No
29815,47,Tennessee,470043,0,2,2,0,4,MEMPHIS,January,14,Saturday,22,20,Urban,Medium Speed (Collector),No,35.02981111,-90.00752222,Simple Junction,Dark - Lighted,Clear,10:00pm-10:59pm,21,10:00pm-10:59pm,31,10:00pm-10:59pm,53,1,Dark - Lighted,Clear,1,3,['Driver'],['Shoulder_Lapbelt'],0,0,Invalid,1.0,0.0,39.0,24.0,"['Female', 'Male']",0,0,2,4,5,Dry,Straight,Level,Lowest,No
29816,47,Tennessee,470044,0,2,2,0,2,MEMPHIS,January,21,Saturday,4,15,Urban,Medium Speed (Collector),No,35.06880278,-89.953475,Non-Intersection,Dark - Lighted,Clear,Unknown,Unknown,Unknown EMS Scene Arrival Hour,Unknown EMS Scene Arrival Minutes,Not Applicable (Not Transported),Not Applicable (Not Transported),1,Dark - Lighted,Clear,1,1,['Driver'],['Shoulder_Lapbelt'],0,0,Invalid,3.0,0.0,40.0,20.0,"['Male', 'Male']",0,0,2,4,5,Dry,Straight,Level,Lowest,No
29817,47,Tennessee,470045,0,1,1,0,3,CHATTANOOGA,January,21,Saturday,23,5,Urban,Medium Speed (Collector),No,34.99201111,-85.29594167,Non-Intersection,Dark - Lighted,Rain,11:00pm-11:59pm,7,11:00pm-11:59pm,16,11:00pm-11:59pm,44,1,Dark - Lighted,Rain/Wind/Minor,1,2,['Rear_Seat'],['Shoulder_Lapbelt'],0,0,Valid,1.0,2.0,42.0,42.0,['Male'],0,0,3,4,3,Wet/Standing Water,Straight,Level,Lowest,No
29818,47,Tennessee,470046,0,1,1,0,1,NOT APPLICABLE,January,22,Sunday,14,30,Rural,Medium Speed (Collector),No,36.03918889,-84.39728056,Non-Intersection,Daylight,Rain,2:00pm-2:59pm,34,2:00pm-2:59pm,46,Not Applicable (Not Transported),Not Applicable (Not Transported),1,Daylight,Rain/Wind/Minor,1,0,['Driver'],['Shoulder_Lapbelt'],0,0,Valid,0.0,0.0,19.0,19.0,['Male'],0,0,2,4,3,Wet/Standing Water,Straight,Level,Lowest,No
29819,47,Tennessee,470047,0,2,2,0,2,DOYLE,January,15,Sunday,19,55,Urban,High Speed (Arterial),Yes,35.84801111,-85.50426944,Complex/Circle,Dark - Not Lighted,Clear,7:00pm-7:59pm,58,8:00pm-8:59pm,5,8:00pm-8:59pm,42,1,Dark - Unlighted,Clear,1,1,['Driver'],['Shoulder_Lapbelt'],0,0,Valid,0.0,0.0,77.0,38.0,"['Female', 'Female']",0,0,3,4,5,Dry,Straight,Level,Lowest,No
29820,47,Tennessee,470048,0,1,1,0,1,MEMPHIS,January,12,Thursday,19,5,Urban,Low Speed (Local),No,35.09018056,-89.9311,Complex/Circle,Dark - Lighted,Clear,7:00pm-7:59pm,7,7:00pm-7:59pm,18,7:00pm-7:59pm,40,1,Dark - Lighted,Clear,1,0,['Driver'],['None_Used'],0,0,Valid,0.0,0.0,62.0,62.0,['Male'],0,0,2,4,3,Dry,Straight,Level,Lowest,No
29821,47,Tennessee,470049,0,3,3,0,5,SPRING HILL,January,20,Friday,5,59,Urban,High Speed (Arterial),Yes,35.72833889,-86.95973056,Non-Intersection,Dark - Not Lighted,Clear,Unknown,Unknown,Unknown EMS Scene Arrival Hour,Unknown EMS Scene Arrival Minutes,Not Applicable (Not Transported),Not Applicable (Not Transported),3,Dark - Unlighted,Clear,3,2,"['Driver', 'Driver', 'Front_Passenger']","['None_Used', 'Shoulder_Lapbelt', 'Shoulder_Lapbelt']",1,1,Valid,0.0,0.0,72.0,29.0,"['Female', 'Male', 'Female']",1,0,3,4,5,Dry,Straight,Level,Lowest,No
29822,47,Tennessee,470050,0,2,2,0,2,KNOXVILLE,January,9,Monday,13,19,Rural,High Speed (Arterial),Yes,35.99653889,-83.69979444,Non-Intersection,Daylight,Clear,12:00pm-12:59pm,23,12:00pm-12:59pm,35,1:00pm-1:59pm,10,1,Daylight,Clear,1,1,['Driver'],['Shoulder_Lapbelt'],0,0,Valid,3.0,0.0,81.0,53.0,"['Male', 'Male']",0,0,4,4,5,Dry,Straight,Level,Lowest,No
29823,47,Tennessee,470051,1,5,3,2,7,KNOXVILLE,January,17,Tuesday,15,11,Urban,High Speed (Arterial),Yes,35.99218611,-83.88916667,Complex/Circle,Daylight,Cloudy,2:00pm-2:59pm,10,2:00pm-2:59pm,16,2:00pm-2:59pm,30,1,Daylight,Reduced Visibility,1,6,['Driver'],['Shoulder_Lapbelt'],0,0,Invalid,1.0,0.0,65.0,20.0,"['Male', 'Female', 'Male']",4,0,3,4,5,Wet/Standing Water,Straight,Grade/Hillcrest,Lowest,No
29824,47,Tennessee,470052,0,4,4,0,10,MEMPHIS,January,22,Sunday,19,6,Urban,High Speed (Arterial),Yes,35.00096389,-89.88351389,Non-Intersection,Dark - Not Lighted,Rain,7:00pm-7:59pm,9,7:00pm-7:59pm,24,8:00pm-8:59pm,8,1,Dark - Unlighted,Rain/Wind/Minor,1,9,['Driver'],['Shoulder_Lapbelt'],0,0,Valid,0.0,1.0,77.0,40.0,"['Male', 'Male', 'Male', 'Male']",0,0,4,4,5,Wet/Standing Water,Straight,Grade/Hillcrest,Lowest,No
29825,47,Tennessee,470053,0,1,1,0,1,MEMPHIS,January,23,Monday,22,29,Urban,High Speed (Arterial),Yes,35.10851667,-89.9888,Non-Intersection,Dark - Lighted,Clear,10:00pm-10:59pm,30,10:00pm-10:59pm,34,10:00pm-10:59pm,55,1,Dark - Lighted,Clear,1,0,['Driver'],['None_Used'],1,1,Valid,1.0,0.0,25.0,25.0,['Male'],0,0,2,4,3,Dry,Curve,Level,Lowest,No
29826,47,Tennessee,470054,0,1,1,0,1,JOELTON,January,20,Friday,10,59,Rural,High Speed (Arterial),Yes,36.31168889,-86.86006111,Non-Intersection,Daylight,Clear,11:00am-11:59am,0,11:00am-11:59am,5,11:00am-11:59am,30,1,Daylight,Clear,1,0,['Driver'],['Shoulder_Lapbelt'],0,0,Valid,1.0,0.0,55.0,55.0,['Male'],0,0,3,4,2,Dry,Curve,Grade/Hillcrest,Lowest,No
29827,47,Tennessee,470055,0,1,1,0,1,NASHVILLE,January,17,Tuesday,1,43,Urban,Medium Speed (Collector),No,36.14383056,-86.72755,Non-Intersection,Dark - Lighted,Rain,5:00am-5:59am,33,5:00am-5:59am,42,5:00am-5:59am,59,1,Dark - Lighted,Rain/Wind/Minor,1,0,['Driver'],['None_Used'],1,1,Valid,2.0,0.0,24.0,24.0,['Male'],0,0,2,4,3,Wet/Standing Water,Straight,Level,Lowest,No
29828,47,Tennessee,470056,0,2,2,0,3,ETOWAH,January,17,Tuesday,20,6,Rural,High Speed (Arterial),No,35.35018889,-84.54916111,Non-Intersection,Dark - Not Lighted,"Fog, Smog, Smoke",Unknown,Unknown,Unknown EMS Scene Arrival Hour,Unknown EMS Scene Arrival Minutes,Unknown,Unknown EMS Hospital Arrival Time,1,Dark - Unlighted,Reduced Visibility,1,2,['Driver'],['None_Used'],0,0,Valid,0.0,1.0,77.0,22.0,"['Female', 'Male']",0,0,3,4,5,Wet/Standing Water,Straight,Level,Lowest,No
29829,47,Tennessee,470057,0,1,1,0,1,MEMPHIS,January,24,Tuesday,6,3,Urban,High Speed (Arterial),Yes,35.19731389,-89.92511111,Non-Intersection,Daylight,Clear,Unknown,Unknown,Unknown EMS Scene Arrival Hour,Unknown EMS Scene Arrival Minutes,Not Applicable (Not Transported),Not Applicable (Not Transported),1,Daylight,Clear,1,0,['Driver'],['Shoulder_Lapbelt'],0,0,Valid,0.0,2.0,20.0,20.0,['Male'],0,0,2,4,3,Dry,Straight,Level,Lowest,No
29830,47,Tennessee,470058,1,1,1,0,2,COOKEVILLE,January,13,Friday,22,10,Urban,High Speed (Arterial),Yes,36.16906111,-85.52211944,Non-Intersection,Dark - Lighted,Snow,11:00pm-11:59pm,26,11:00pm-11:59pm,30,0:00am-0:59am,21,1,Dark - Lighted,Snow/Ice/Severe,0,2,[],[],1,1,Invalid,1.0,0.0,35.0,35.0,['Female'],0,0,3,3,4,Wet/Standing Water,Straight,Grade/Hillcrest,Lowest,No
29831,47,Tennessee,470059,0,2,2,0,8,NOT APPLICABLE,January,21,Saturday,15,8,Rural,Low Speed (Local),No,35.49361944,-86.50593056,Complex/Circle,Daylight,Clear,3:00pm-3:59pm,9,3:00pm-3:59pm,16,3:00pm-3:59pm,37,2,Daylight,Clear,2,6,"['Rear_Seat', 'Front_Passenger']","['None_Used', 'Shoulder_Lapbelt']",0,0,Valid,0.0,1.0,42.0,18.0,"['Male', 'Male']",5,0,3,4,5,Dry,Straight,Grade/Hillcrest,Lowest,No
29832,47,Tennessee,470060,0,2,2,0,2,WINCHESTER,January,15,Sunday,9,15,Rural,Medium Speed (Collector),No,35.18136944,-86.14051111,Non-Intersection,Daylight,Clear,9:00am-9:59am,14,9:00am-9:59am,18,9:00am-9:59am,50,1,Daylight,Clear,1,1,['Driver'],['Shoulder_Lapbelt'],0,0,Valid,1.0,0.0,73.0,65.0,"['Male', 'Male']",0,0,3,4,5,Dry,Curve,Grade/Hillcrest,Lowest,No
29833,47,Tennessee,470061,0,2,2,0,3,NOT APPLICABLE,January,16,Monday,16,29,Urban,Medium Speed (Collector),No,35.06471944,-86.59558889,Simple Junction,Daylight,Rain,Unknown,Unknown,Unknown EMS Scene Arrival Hour,Unknown EMS Scene Arrival Minutes,Unknown,Unknown EMS Hospital Arrival Time,1,Daylight,Rain/Wind/Minor,1,2,['Driver'],['Shoulder_Lapbelt'],0,0,Valid,2.0,0.0,79.0,40.0,"['Male', 'Male']",0,0,3,4,5,Wet/Standing Water,Straight,Level,Lowest,No
29834,47,Tennessee,470062,0,2,2,0,2,NOT APPLICABLE,January,24,Tuesday,8,0,Rural,High Speed (Arterial),Yes,35.30481111,-87.4744,Complex/Circle,Daylight,Clear,Unknown,Unknown,Unknown EMS Scene Arrival Hour,Unknown EMS Scene Arrival Minutes,Not Applicable (Not Transported),Not Applicable (Not Transported),1,Daylight,Clear,1,1,['Driver'],['Shoulder_Lapbelt'],0,0,Valid,1.0,0.0,78.0,56.0,"['Female', 'Male']",0,0,4,4,5,Dry,Straight,Level,Lowest,No
29835,47,Tennessee,470063,1,1,1,0,1,CHATTANOOGA,January,25,Wednesday,12,40,Urban,Low Speed (Local),No,35.00789722,-85.29109167,Complex/Circle,Daylight,Cloudy,12:00pm-12:59pm,42,12:00pm-12:59pm,48,1:00pm-1:59pm,8,1,Daylight,Reduced Visibility,0,1,[],[],0,0,Invalid,0.0,0.0,59.0,59.0,['Male'],0,0,3,3,4,Dry,Straight,Level,Lowest,No
29836,47,Tennessee,470065,0,1,1,0,1,NOT APPLICABLE,January,29,Sunday,99,99,Rural,Low Speed (Local),No,36.06866111,-89.01405,Non-Intersection,Reported as Unknown,Rain,Unknown,Unknown,Unknown EMS Scene Arrival Hour,Unknown EMS Scene Arrival Minutes,Not Applicable (Not Transported),Not Applicable (Not Transported),1,Dark - Unlighted,Rain/Wind/Minor,1,0,['Driver'],['None_Used'],1,1,Valid,0.0,0.0,27.0,27.0,['Female'],0,0,2,4,3,Wet/Standing Water,Straight,Level,Lowest,No
29837,47,Tennessee,470066,0,2,2,0,2,NOT APPLICABLE,January,21,Saturday,1,50,Rural,High Speed (Arterial),Yes,36.49153889,-87.16723889,Non-Intersection,Dark - Not Lighted,Clear,1:00am-1:59am,50,2:00am-2:59am,7,Unknown,Unknown EMS Hospital Arrival Time,1,Dark - Unlighted,Clear,1,1,['Driver'],['None_Used'],1,1,Valid,3.0,2.0,30.0,26.0,"['Female', 'Male']",0,0,3,4,5,Dry,Straight,Level,Lowest,No
29838,47,Tennessee,470067,0,3,3,0,5,NOT APPLICABLE,January,22,Sunday,17,41,Urban,High Speed (Arterial),Yes,35.97868056,-86.57471944,Non-Intersection,Dark - Not Lighted,Cloudy,7:00pm-7:59pm,40,7:00pm-7:59pm,52,8:00pm-8:59pm,28,1,Dark - Unlighted,Reduced Visibility,1,4,['Driver'],['Shoulder_Lapbelt'],0,0,Valid,0.0,1.0,52.0,34.0,"['Male', 'Female', 'Male']",0,0,4,4,5,Wet/Standing Water,Straight,Level,Lowest,No
29839,47,Tennessee,470068,1,1,1,0,1,MEMPHIS,January,29,Sunday,17,40,Urban,High Speed (Arterial),Yes,35.05481944,-89.92931944,Non-Intersection,Dark - Lighted,Rain,Unknown,Unknown,Unknown EMS Scene Arrival Hour,Unknown EMS Scene Arrival Minutes,Not Applicable (Not Transported),Not Applicable (Not Transported),1,Dark - Lighted,Rain/Wind/Minor,0,0,[],[],0,0,Invalid,0.0,0.0,998.0,998.0,['Other'],0,0,1,0,4,Wet/Standing Water,Straight,Level,Lowest,No
29840,47,Tennessee,470069,1,1,1,0,1,NOT APPLICABLE,January,23,Monday,99,99,Rural,Low Speed (Local),No,35.62485,-88.53361111,Non-Intersection,Reported as Unknown,Reported as Unknown,Unknown,Unknown,Unknown EMS Scene Arrival Hour,Unknown EMS Scene Arrival Minutes,Not Applicable (Not Transported),Not Applicable (Not Transported),1,Dark - Unlighted,Clear,0,0,[],[],0,0,Invalid,0.0,0.0,998.0,998.0,['Other'],0,0,1,0,4,Dry,Straight,Grade/Hillcrest,Lowest,No
29841,47,Tennessee,470070,0,1,1,0,2,CARTHAGE,January,29,Sunday,13,55,Rural,Low Speed (Local),No,36.24333889,-85.93971111,Non-Intersection,Daylight,Clear,Unknown,Unknown,Unknown EMS Scene Arrival Hour,Unknown EMS Scene Arrival Minutes,Unknown,Unknown EMS Hospital Arrival Time,1,Daylight,Clear,1,1,['Driver'],['Shoulder_Lapbelt'],0,0,Valid,0.0,0.0,16.0,16.0,['Male'],0,0,3,4,3,Wet/Standing Water,Curve,Level,Lowest,No
29842,47,Tennessee,470071,0,2,2,0,3,MANCHESTER,January,24,Tuesday,5,20,Urban,Medium Speed (Collector),No,35.44698889,-86.02825,Non-Intersection,Dark - Not Lighted,Clear,5:00am-5:59am,20,5:00am-5:59am,24,Unknown,Unknown EMS Hospital Arrival Time,1,Dark - Unlighted,Clear,1,2,['Driver'],['None_Used'],1,1,Valid,0.0,1.0,56.0,29.0,"['Male', 'Female']",0,0,5,4,5,Icy/Snowy,Straight,Level,Lowest,No
29843,47,Tennessee,470072,1,1,1,0,1,MEMPHIS,January,28,Saturday,14,35,Urban,High Speed (Arterial),Yes,35.0133,-90.09468056,Non-Intersection,Daylight,Rain,2:00pm-2:59pm,42,2:00pm-2:59pm,47,3:00pm-3:59pm,10,1,Daylight,Rain/Wind/Minor,0,0,[],[],0,0,Invalid,0.0,0.0,999.0,999.0,['Other'],0,0,1,0,4,Wet/Standing Water,Straight,Grade/Hillcrest,Lowest,No
29844,47,Tennessee,470073,0,2,2,0,2,NOT APPLICABLE,January,31,Tuesday,16,41,Rural,High Speed (Arterial),Yes,36.52886111,-86.17901944,Non-Intersection,Daylight,Rain,4:00pm-4:59pm,31,4:00pm-4:59pm,34,6:00pm-6:59pm,10,1,Daylight,Rain/Wind/Minor,1,1,['Driver'],['None_Used'],0,0,Valid,0.0,1.0,68.0,38.0,"['Male', 'Female']",0,0,3,4,5,Wet/Standing Water,Curve,Level,Lowest,No
29845,47,Tennessee,470074,0,1,1,0,3,HAMPTON,January,25,Wednesday,19,28,Rural,High Speed (Arterial),Yes,36.25521111,-82.19133611,Non-Intersection,Dark - Not Lighted,Clear,7:00pm-7:59pm,22,7:00pm-7:59pm,36,8:00pm-8:59pm,19,1,Dark - Unlighted,Clear,1,2,['Driver'],['None_Used'],0,0,Valid,0.0,0.0,31.0,31.0,['Male'],0,0,3,4,3,Dry,Straight,Grade/Hillcrest,Lowest,No
29846,47,Tennessee,470075,0,2,2,0,4,NOT APPLICABLE,January,30,Monday,14,23,Rural,High Speed (Arterial),Yes,36.00431111,-83.09038056,Complex/Circle,Daylight,Clear,2:00pm-2:59pm,20,2:00pm-2:59pm,29,3:00pm-3:59pm,36,1,Daylight,Clear,1,3,['Front_Passenger'],['None_Used'],0,0,Valid,0.0,2.0,57.0,39.0,"['Female', 'Male']",0,0,3,4,5,Dry,Straight,Grade/Hillcrest,Lowest,No
29847,47,Tennessee,470076,0,1,1,0,3,MEMPHIS,February,1,Wednesday,0,30,Urban,Medium Speed (Collector),No,35.17423889,-89.96528056,Non-Intersection,Dark - Lighted,Snow,Unknown,Unknown,Unknown EMS Scene Arrival Hour,Unknown EMS Scene Arrival Minutes,Not Applicable (Not Transported),Not Applicable (Not Transported),2,Dark - Lighted,Snow/Ice/Severe,2,0,"['Driver', 'Rear_Seat']","['Shoulder_Lapbelt', 'None_Used']",0,0,Invalid,0.0,0.0,39.0,39.0,['Female'],0,0,3,4,4,Icy/Snowy,Straight,Level,Lowest,No
29848,47,Tennessee,470077,0,2,2,0,2,GREENBRIER,January,25,Wednesday,5,15,Urban,High Speed (Arterial),Yes,36.40858889,-86.7866,Non-Intersection,Dark - Lighted,Rain,5:00am-5:59am,21,5:00am-5:59am,33,5:00am-5:59am,59,1,Dark - Lighted,Rain/Wind/Minor,1,1,['Driver'],['Shoulder_Lapbelt'],0,0,Valid,1.0,0.0,55.0,40.0,"['Male', 'Female']",0,0,2,4,5,Wet/Standing Water,Straight,Level,Medium,No
29849,47,Tennessee,470078,1,1,1,0,1,MEMPHIS,January,30,Monday,18,20,Urban,High Speed (Arterial),Yes,35.21365278,-89.91661111,Complex/Circle,Dark - Not Lighted,Clear,Unknown,Unknown,Unknown EMS Scene Arrival Hour,Unknown EMS Scene Arrival Minutes,Not Applicable (Not Transported),Not Applicable (Not Transported),1,Dark - Unlighted,Clear,0,0,[],[],0,0,Invalid,0.0,0.0,999.0,999.0,['Other'],0,0,1,0,4,Dry,Straight,Level,Lowest,No
29850,47,Tennessee,470079,0,1,1,0,1,NOT APPLICABLE,February,2,Thursday,17,58,Rural,Medium Speed (Collector),No,36.08451111,-82.76371111,Non-Intersection,Dusk,Cloudy,5:00pm-5:59pm,50,6:00pm-6:59pm,18,Not Applicable (Not Transported),Not Applicable (Not Transported),1,Twilight,Reduced Visibility,1,0,['Driver'],['Shoulder_Lapbelt'],1,1,Valid,0.0,0.0,75.0,75.0,['Male'],1,0,3,4,3,Wet/Standing Water,Straight,Level,Lowest,No
29851,47,Tennessee,470080,0,1,1,0,1,ESTILL SPRINGS,January,22,Sunday,12,1,Urban,Low Speed (Local),No,35.24243056,-86.12295,Non-Intersection,Daylight,Rain,12:00pm-12:59pm,2,12:00pm-12:59pm,10,12:00pm-12:59pm,33,1,Daylight,Rain/Wind/Minor,1,0,['Driver'],['None_Used'],0,0,Invalid,0.0,0.0,24.0,24.0,['Male'],0,0,2,4,3,Wet/Standing Water,Curve,Grade/Hillcrest,Lowest,No
29852,47,Tennessee,470081,1,2,2,0,3,KNOXVILLE,January,26,Thursday,18,32,Urban,High Speed (Arterial),Yes,36.00781667,-83.96843333,Non-Intersection,Dark - Not Lighted,Clear,6:00pm-6:59pm,41,6:00pm-6:59pm,52,Not Applicable (Not Transported),Not Applicable (Not Transported),1,Dark - Unlighted,Clear,0,2,[],[],0,0,Invalid,0.0,0.0,999.0,52.0,"['Other', 'Male']",0,0,3,2,4,Dry,Straight,Level,Lowest,No
29853,47,Tennessee,470082,0,2,2,0,4,HENDERSONVILLE,January,27,Friday,19,43,Urban,High Speed (Arterial),Yes,36.31181111,-86.66563889,Non-Intersection,Dark - Not Lighted,Clear,7:00pm-7:59pm,44,7:00pm-7:59pm,53,8:00pm-8:59pm,11,1,Dark - Unlighted,Clear,1,3,['Front_Passenger'],['Shoulder_Lapbelt'],0,0,Valid,2.0,0.0,63.0,45.0,"['Female', 'Male']",0,0,2,4,5,Dry,Straight,Level,Lowest,Yes
29854,47,Tennessee,470083,0,1,1,0,1,KNOXVILLE,January,31,Tuesday,16,35,Urban,High Speed (Arterial),Yes,35.92337778,-84.06585833,Non-Intersection,Daylight,Rain,3:00pm-3:59pm,40,3:00pm-3:59pm,53,Not Applicable (Not Transported),Not Applicable (Not Transported),1,Daylight,Rain/Wind/Minor,1,0,['Driver'],['Shoulder_Lapbelt'],0,0,Valid,1.0,1.0,53.0,53.0,['Male'],0,0,2,4,3,Wet/Standing Water,Straight,Grade/Hillcrest,Lowest,No
29855,47,Tennessee,470084,0,2,2,0,2,KNOXVILLE,February,1,Wednesday,18,7,Urban,High Speed (Arterial),Yes,35.9142,-84.10895,Non-Intersection,Daylight,Clear,Unknown,Unknown,Unknown EMS Scene Arrival Hour,Unknown EMS Scene Arrival Minutes,Unknown,Unknown EMS Hospital Arrival Time,1,Daylight,Clear,1,1,['Driver'],['Shoulder_Lapbelt'],0,0,Valid,3.0,2.0,40.0,24.0,"['Male', 'Male']",1,0,3,4,5,Dry,Straight,Level,Lowest,No
29856,47,Tennessee,470085,0,4,4,0,7,KNOXVILLE,February,3,Friday,18,17,Urban,High Speed (Arterial),Yes,36.00821111,-84.03181944,Non-Intersection,Dark - Unknown Lighting,Clear,6:00pm-6:59pm,41,6:00pm-6:59pm,52,7:00pm-7:59pm,26,2,Dark - Unlighted,Clear,2,5,"['Driver', 'Driver']","['None_Used', 'Shoulder_Lapbelt']",1,1,Invalid,3.0,0.0,73.0,51.0,"['Female', 'Male', 'Male', 'Male']",1,0,3,4,5,Dry,Curve,Grade/Hillcrest,Lowest,No
29857,47,Tennessee,470086,0,2,2,0,3,NOT APPLICABLE,February,2,Thursday,12,20,Rural,High Speed (Arterial),Yes,35.71068889,-88.65846944,Non-Intersection,Daylight,Cloudy,12:00pm-12:59pm,20,12:00pm-12:59pm,40,2:00pm-2:59pm,16,1,Daylight,Reduced Visibility,1,2,['Driver'],['None_Used'],0,0,Valid,1.0,0.0,50.0,25.0,"['Male', 'Male']",0,0,3,4,5,Dry,Straight,Grade/Hillcrest,Lowest,No
29858,47,Tennessee,470087,0,2,2,0,3,NOT APPLICABLE,February,3,Friday,19,50,Rural,Medium Speed (Collector),No,35.77348889,-83.26266111,Non-Intersection,Dark - Not Lighted,Clear,7:00pm-7:59pm,47,8:00pm-8:59pm,1,9:00pm-9:59pm,45,3,Dark - Unlighted,Clear,3,0,"['Driver', 'Driver', 'Front_Passenger']","['None_Used', 'Shoulder_Lapbelt', 'Shoulder_Lapbelt']",1,1,Valid,0.0,0.0,48.0,43.0,"['Male', 'Female']",0,0,2,4,5,Dry,Straight,Grade/Hillcrest,Lowest,No
29859,47,Tennessee,470088,0,1,1,0,2,CLEVELAND,February,5,Sunday,5,0,Urban,High Speed (Arterial),Yes,35.19043056,-84.86684444,Non-Intersection,Dark - Lighted,Clear,5:00am-5:59am,6,5:00am-5:59am,11,5:00am-5:59am,31,1,Dark - Lighted,Clear,1,1,['Front_Passenger'],['Shoulder_Lapbelt'],1,1,Valid,0.0,0.0,24.0,24.0,['Female'],0,0,2,4,3,Dry,Straight,Level,Lowest,No
29860,47,Tennessee,470089,0,2,2,0,3,MEMPHIS,February,5,Sunday,6,0,Urban,High Speed (Arterial),Yes,35.05066944,-89.89171111,Complex/Circle,Daylight,Clear,6:00am-6:59am,3,6:00am-6:59am,9,6:00am-6:59am,37,1,Daylight,Clear,1,2,['Driver'],['Shoulder_Lapbelt'],0,0,Invalid,0.0,0.0,40.0,27.0,"['Male', 'Male']",0,0,3,4,5,Dry,Straight,Level,Lowest,No
29861,47,Tennessee,470090,0,2,2,0,4,LOUISVILLE,February,5,Sunday,12,46,Urban,High Speed (Arterial),Yes,35.8591,-83.9595,Non-Intersection,Daylight,Clear,12:00pm-12:59pm,47,12:00pm-12:59pm,56,1:00pm-1:59pm,13,1,Daylight,Clear,1,3,['Front_Passenger'],['Shoulder_Lapbelt'],0,0,Valid,0.0,0.0,81.0,78.0,"['Male', 'Female']",2,0,3,4,5,Dry,Curve,Grade/Hillcrest,Lowest,No
29862,47,Tennessee,470091,0,2,2,0,3,MEMPHIS,February,6,Monday,18,0,Urban,High Speed (Arterial),Yes,35.03396111,-89.91075,Complex/Circle,Dark - Lighted,Clear,6:00pm-6:59pm,7,Unknown EMS Scene Arrival Hour,Unknown EMS Scene Arrival Minutes,Unknown,Unknown EMS Hospital Arrival Time,1,Dark - Lighted,Clear,1,2,['Front_Passenger'],['None_Used'],0,0,Invalid,1.0,0.0,68.0,34.0,"['Male', 'Male']",2,0,4,4,5,Dry,Straight,Grade/Hillcrest,Lowest,No
29863,47,Tennessee,470092,0,2,2,0,2,CLARKSVILLE,February,6,Monday,19,20,Urban,High Speed (Arterial),Yes,36.54832778,-87.37856111,Simple Junction,Dark - Lighted,Clear,7:00pm-7:59pm,27,7:00pm-7:59pm,32,8:00pm-8:59pm,8,1,Dark - Lighted,Clear,1,1,['Driver'],['None_Used'],1,1,Invalid,1.0,1.0,63.0,23.0,"['Male', 'Male']",1,0,5,4,5,Dry,Straight,Level,Lowest,No
29864,47,Tennessee,470093,0,2,2,0,3,NASHVILLE,February,4,Saturday,2,52,Urban,High Speed (Arterial),Yes,36.26926111,-86.75573889,Complex/Circle,Dark - Lighted,Clear,2:00am-2:59am,56,2:00am-2:59am,58,3:00am-3:59am,15,1,Dark - Lighted,Clear,1,1,['Driver'],['None_Used'],1,1,Valid,2.0,2.0,998.0,26.0,"['Female', 'Male']",0,0,2,4,5,Dry,Straight,Level,Lowest,No
29865,47,Tennessee,470094,1,1,1,0,1,MEMPHIS,February,7,Tuesday,19,46,Urban,High Speed (Arterial),Yes,35.13095,-89.86776111,Non-Intersection,Dark - Lighted,Clear,Unknown,Unknown,Unknown EMS Scene Arrival Hour,Unknown EMS Scene Arrival Minutes,Not Applicable (Not Transported),Not Applicable (Not Transported),1,Dark - Lighted,Clear,0,1,[],[],0,0,Valid,0.0,0.0,31.0,31.0,['Male'],0,0,2,4,4,Dry,Straight,Level,Lowest,No
29866,47,Tennessee,470095,0,2,2,0,2,GALLATIN,February,5,Sunday,19,59,Urban,High Speed (Arterial),Yes,36.38323889,-86.45873889,Complex/Circle,Dark - Lighted,Clear,7:00pm-7:59pm,59,8:00pm-8:59pm,5,8:00pm-8:59pm,37,1,Dark - Lighted,Clear,1,1,['Driver'],['None_Used'],1,2,Invalid,0.0,0.0,56.0,24.0,"['Female', 'Male']",0,0,5,4,5,Dry,Straight,Level,Lowest,No