,State_Code,State_Name,Crash_ID,Count_Non_Motorists,Count_Vehicles_Total,Count_Vehicle_Forms,Count_PVH_Involved,Count_Occupants_MV,City_Name,Month_Name,Day_of_Month,Day_of_Week,Crash_Hour,Crash_Minute,Area_Rural_Urban,Road_Functional_Class,On_NHS_Road,Latitude,Longitude,Intersection_Type,Light_Condition,Weather_Condition,Notif_Hour,Notif_Minute,Arrival_Hour,Arrival_Minute,Hospital_Hour,Hospital_Minute,Fatalities_Count,Clean_Light_Condition,Clean_Weather_Condition,Total_Killed,Total_Alive,Fatal_Seats_List,Killed_Restraint_List,Any_Driver_Drinking,Total_Drinking_Drivers,Driver_License_Category,Driver_Max_Prev_Accident_Count,Driver_Max_Prev_Speeding_Count,Max_Driver_Age,Min_Driver_Age,Driver_Sex_List,Total_Exceeding_Limit_Vehicles,Total_Too_Fast_Vehicles,Max_Vehicle_Type_Severity_5,Max_Vehicle_Damage_Rank,Max_Harmful_Event_Severity,Crash_Road_Surface_Condition,Crash_Horizontal_Alignment,Crash_Vertical_Profile,Crash_Impairment_Category,Crash_Vehicle_Defect
29867,47,Tennessee,470096,0,1,1,0,2,LEBANON,February,6,Monday,2,39,Urban,Medium Speed (Collector),No,36.18978889,-86.30998056,Non-Intersection,Dark - Lighted,Clear,2:00am-2:59am,45,2:00am-2:59am,56,3:00am-3:59am,27,1,Dark - Lighted,Clear,1,1,['Driver'],['None_Used'],1,1,Invalid,0.0,0.0,20.0,20.0,['Male'],2,0,3,4,3,Dry,Curve,Level,Lowest,No
29868,47,Tennessee,470098,1,1,1,0,1,NOT APPLICABLE,February,6,Monday,12,5,Rural,Medium Speed (Collector),No,36.06983889,-84.46061111,Non-Intersection,Daylight,Clear,12:00pm-12:59pm,5,12:00pm-12:59pm,14,Not Applicable (Not Transported),Not Applicable (Not Transported),1,Daylight,Clear,0,1,[],[],0,0,Valid,0.0,0.0,79.0,79.0,['Female'],0,0,2,4,4,Dry,Straight,Level,Lowest,No
29869,47,Tennessee,470099,1,2,1,1,1,NASHVILLE,February,7,Tuesday,1,22,Urban,High Speed (Arterial),Yes,36.17746111,-86.80078889,Non-Intersection,Dark - Lighted,Clear,1:00am-1:59am,22,1:00am-1:59am,34,2:00am-2:59am,11,1,Dark - Lighted,Clear,1,0,['Driver'],['Shoulder_Lapbelt'],1,1,Invalid,1.0,0.0,29.0,29.0,['Female'],1,0,3,4,5,Dry,Straight,Level,Lowest,No
29870,47,Tennessee,470100,1,1,1,0,1,NASHVILLE,February,7,Tuesday,5,17,Urban,High Speed (Arterial),Yes,36.15548889,-86.7614,Non-Intersection,Dark - Lighted,Clear,Unknown,Unknown,Unknown EMS Scene Arrival Hour,Unknown EMS Scene Arrival Minutes,Not Applicable (Not Transported),Not Applicable (Not Transported),1,Dark - Lighted,Clear,0,1,[],[],0,0,Valid,1.0,0.0,45.0,45.0,['Male'],0,0,3,3,4,Dry,Curve,Grade/Hillcrest,Lowest,No
29871,47,Tennessee,470101,0,1,1,0,1,NOT APPLICABLE,February,6,Monday,99,99,Rural,High Speed (Arterial),Yes,35.77573889,-85.03876111,Non-Intersection,Dark - Not Lighted,Clear,9:00pm-9:59pm,7,9:00pm-9:59pm,20,10:00pm-10:59pm,21,1,Dark - Unlighted,Clear,1,0,['Driver'],['Shoulder_Lapbelt'],1,1,Invalid,0.0,0.0,63.0,63.0,['Male'],0,0,3,4,3,Dry,Curve,Grade/Hillcrest,Lowest,No
29872,47,Tennessee,470102,0,1,1,0,1,MEMPHIS,February,3,Friday,99,99,Urban,High Speed (Arterial),Yes,35.04993333,-89.80933889,Non-Intersection,Reported as Unknown,Clear,0:00am-0:59am,12,0:00am-0:59am,22,0:00am-0:59am,54,1,Dark - Unlighted,Clear,1,0,['Driver'],['Shoulder_Lapbelt'],0,0,Invalid,0.0,0.0,15.0,15.0,['Male'],0,0,2,4,3,Dry,Straight,Level,Lowest,Yes
29873,47,Tennessee,470103,0,2,2,0,2,MEMPHIS,February,10,Friday,1,0,Urban,High Speed (Arterial),Yes,35.05526944,-90.06011111,Complex/Circle,Dark - Lighted,Clear,Unknown,Unknown,Unknown EMS Scene Arrival Hour,Unknown EMS Scene Arrival Minutes,Not Applicable (Not Transported),Not Applicable (Not Transported),1,Dark - Lighted,Clear,1,1,['Driver'],['None_Used'],0,0,Valid,0.0,0.0,59.0,57.0,"['Male', 'Male']",0,0,5,4,5,Dry,Straight,Level,Lowest,No
29874,47,Tennessee,470104,0,2,2,0,3,MEMPHIS,February,10,Friday,20,26,Urban,High Speed (Arterial),Yes,35.05160556,-89.92606111,Complex/Circle,Dark - Lighted,Clear,8:00pm-8:59pm,33,8:00pm-8:59pm,42,9:00pm-9:59pm,17,1,Dark - Lighted,Clear,1,2,['Front_Passenger'],['None_Used'],1,1,Invalid,2.0,0.0,29.0,23.0,"['Male', 'Male']",0,0,3,4,5,Dry,Straight,Level,Lowest,No
29875,47,Tennessee,470105,0,1,1,0,1,NOT APPLICABLE,February,9,Thursday,99,99,Rural,Low Speed (Local),No,35.93476111,-83.11813889,Non-Intersection,Reported as Unknown,Clear,Unknown,Unknown,Unknown EMS Scene Arrival Hour,Unknown EMS Scene Arrival Minutes,Not Applicable (Not Transported),Not Applicable (Not Transported),1,Dark - Unlighted,Clear,1,0,['Driver'],['None_Used'],1,1,Valid,0.0,0.0,37.0,37.0,['Male'],0,0,5,4,3,Dry,Curve,Grade/Hillcrest,Lowest,No
29876,47,Tennessee,470107,0,2,2,0,3,NOT APPLICABLE,January,27,Friday,17,54,Rural,High Speed (Arterial),No,35.61086944,-84.55673056,Non-Intersection,Daylight,Clear,Unknown,Unknown,Unknown EMS Scene Arrival Hour,Unknown EMS Scene Arrival Minutes,Not Applicable (Not Transported),Not Applicable (Not Transported),1,Daylight,Clear,1,2,['Driver'],['None_Used'],0,0,Valid,0.0,0.0,45.0,31.0,"['Male', 'Male']",0,0,4,4,5,Dry,Straight,Level,Lowest,No
29877,47,Tennessee,470108,0,1,1,0,1,READYVILLE,February,3,Friday,20,31,Rural,Medium Speed (Collector),No,35.75768889,-86.16968889,Non-Intersection,Dark - Not Lighted,Clear,Unknown,Unknown,Unknown EMS Scene Arrival Hour,Unknown EMS Scene Arrival Minutes,Not Applicable (Not Transported),Not Applicable (Not Transported),1,Dark - Unlighted,Clear,1,0,['Driver'],['None_Used'],0,0,Invalid,0.0,0.0,55.0,55.0,['Female'],0,0,2,4,3,Dry,Curve,Level,Lowest,No
29878,47,Tennessee,470109,0,1,1,0,3,NOT APPLICABLE,February,11,Saturday,20,40,Rural,High Speed (Arterial),Yes,36.56226944,-85.79808889,Non-Intersection,Dark - Not Lighted,Clear,8:00pm-8:59pm,43,8:00pm-8:59pm,54,9:00pm-9:59pm,21,1,Dark - Unlighted,Clear,1,2,['Rear_Seat'],['None_Used'],0,0,Valid,0.0,0.0,18.0,18.0,['Male'],0,0,2,4,3,Dry,Straight,Grade/Hillcrest,Lowest,No
29879,47,Tennessee,470110,0,2,2,0,3,MEMPHIS,February,11,Saturday,12,5,Urban,Medium Speed (Collector),No,35.15714167,-90.01193889,Complex/Circle,Daylight,Clear,12:00pm-12:59pm,9,12:00pm-12:59pm,15,12:00pm-12:59pm,41,1,Daylight,Clear,1,2,['Driver'],['Shoulder_Lapbelt'],0,0,Invalid,1.0,0.0,47.0,18.0,"['Male', 'Male']",2,0,3,4,5,Dry,Straight,Grade/Hillcrest,Lowest,No
29880,47,Tennessee,470111,0,2,2,0,3,NOT APPLICABLE,February,13,Monday,15,36,Rural,Medium Speed (Collector),No,36.28494722,-89.47634722,Complex/Circle,Daylight,Clear,3:00pm-3:59pm,38,3:00pm-3:59pm,44,Not Applicable (Not Transported),Not Applicable (Not Transported),1,Daylight,Clear,1,2,['Driver'],['None_Used'],0,0,Valid,0.0,0.0,56.0,22.0,"['Male', 'Female']",0,0,3,4,5,Dry,Straight,Level,Lowest,No
29881,47,Tennessee,470112,0,2,2,0,5,NOT APPLICABLE,February,12,Sunday,12,51,Urban,Medium Speed (Collector),No,35.00485,-85.11848056,Non-Intersection,Daylight,Rain,12:00pm-12:59pm,53,12:00pm-12:59pm,56,1:00pm-1:59pm,33,1,Daylight,Rain/Wind/Minor,1,4,['Driver'],['Shoulder_Lapbelt'],0,0,Valid,0.0,1.0,44.0,23.0,"['Male', 'Female']",0,0,3,4,5,Wet/Standing Water,Straight,Grade/Hillcrest,Lowest,No
29882,47,Tennessee,470113,0,1,1,0,1,NOT APPLICABLE,February,12,Sunday,14,30,Rural,Medium Speed (Collector),No,35.27181111,-85.01773056,Non-Intersection,Daylight,Cloudy,1:00pm-1:59pm,50,2:00pm-2:59pm,18,2:00pm-2:59pm,40,1,Daylight,Reduced Visibility,1,0,['Driver'],['Shoulder_Lapbelt'],0,0,Valid,2.0,1.0,34.0,34.0,['Male'],0,0,2,4,3,Wet/Standing Water,Straight,Grade/Hillcrest,Lowest,No
29883,47,Tennessee,470114,0,3,2,1,2,NOT APPLICABLE,February,13,Monday,9,25,Rural,High Speed (Arterial),Yes,36.50721111,-87.83188889,Simple Junction,Daylight,Clear,9:00am-9:59am,24,9:00am-9:59am,27,10:00am-10:59am,3,1,Daylight,Clear,1,1,['Driver'],['None_Used'],0,0,Valid,0.0,0.0,80.0,43.0,"['Male', 'Male']",0,0,5,4,5,Dry,Straight,Level,Lowest,No
29884,47,Tennessee,470115,1,1,1,0,1,CHATTANOOGA,February,14,Tuesday,20,33,Urban,High Speed (Arterial),Yes,35.01538056,-85.27694444,Non-Intersection,Dark - Lighted,Clear,8:00pm-8:59pm,34,8:00pm-8:59pm,40,9:00pm-9:59pm,0,1,Dark - Lighted,Clear,0,1,[],[],0,0,Valid,1.0,1.0,48.0,48.0,['Male'],0,0,4,2,4,Dry,Straight,Grade/Hillcrest,Lowest,No
29885,47,Tennessee,470116,0,2,2,0,2,GUYS,February,5,Sunday,14,16,Rural,High Speed (Arterial),Yes,35.01888056,-88.52206944,Non-Intersection,Daylight,Clear,Unknown,Unknown,Unknown EMS Scene Arrival Hour,Unknown EMS Scene Arrival Minutes,Unknown,Unknown EMS Hospital Arrival Time,1,Daylight,Clear,1,1,['Driver'],['Shoulder_Lapbelt'],0,0,Valid,0.0,2.0,84.0,44.0,"['Male', 'Male']",0,0,4,4,5,Dry,Straight,Grade/Hillcrest,Lowest,No
29886,47,Tennessee,470117,0,1,1,0,1,NOT APPLICABLE,February,8,Wednesday,15,50,Rural,Low Speed (Local),No,36.49723056,-87.04853056,Non-Intersection,Daylight,Rain,3:00pm-3:59pm,50,4:00pm-4:59pm,2,Not Applicable (Not Transported),Not Applicable (Not Transported),1,Daylight,Rain/Wind/Minor,1,0,['Driver'],['None_Used'],0,0,Valid,0.0,0.0,46.0,46.0,['Male'],1,0,5,4,3,Wet/Standing Water,Straight,Grade/Hillcrest,Lowest,No
29887,47,Tennessee,470118,0,2,2,0,2,NOT APPLICABLE,February,12,Sunday,10,46,Rural,High Speed (Arterial),Yes,35.359,-85.3191,Non-Intersection,Daylight,Sleet or Hail,Unknown,Unknown,Unknown EMS Scene Arrival Hour,Unknown EMS Scene Arrival Minutes,Unknown,Unknown EMS Hospital Arrival Time,1,Daylight,Snow/Ice/Severe,1,1,['Driver'],['None_Used'],0,0,Valid,0.0,0.0,44.0,42.0,"['Male', 'Male']",0,0,4,4,5,Icy/Snowy,Straight,Grade/Hillcrest,Lowest,No
29888,47,Tennessee,470119,0,2,2,0,3,NOT APPLICABLE,February,14,Tuesday,20,30,Rural,High Speed (Arterial),Yes,35.99911111,-88.10938889,Non-Intersection,Dark - Not Lighted,Clear,8:00pm-8:59pm,33,8:00pm-8:59pm,40,9:00pm-9:59pm,3,1,Dark - Unlighted,Clear,1,2,['Driver'],['Shoulder_Lapbelt'],1,1,Valid,0.0,1.0,38.0,36.0,"['Female', 'Female']",0,0,4,4,5,Dry,Straight,Level,Lowest,No
29889,47,Tennessee,470120,0,2,2,0,2,TULLAHOMA,February,9,Thursday,16,33,Urban,High Speed (Arterial),Yes,35.36973056,-86.21863056,Simple Junction,Daylight,Clear,4:00pm-4:59pm,0,4:00pm-4:59pm,10,5:00pm-5:59pm,46,1,Daylight,Clear,1,1,['Driver'],['None_Used'],0,0,Valid,0.0,0.0,39.0,17.0,"['Male', 'Female']",0,0,5,4,5,Dry,Straight,Level,Lowest,No
29890,47,Tennessee,470121,0,3,3,0,3,MEMPHIS,February,17,Friday,16,15,Urban,Medium Speed (Collector),No,35.00641667,-90.01688056,Complex/Circle,Daylight,Clear,4:00pm-4:59pm,24,4:00pm-4:59pm,33,4:00pm-4:59pm,50,2,Daylight,Clear,2,1,"['Driver', 'Driver']","['None_Used', 'Shoulder_Lapbelt']",0,0,Invalid,0.0,5.0,80.0,27.0,"['Male', 'Female', 'Male']",1,0,3,4,5,Dry,Straight,Level,Lowest,No
29891,47,Tennessee,470122,0,1,1,0,1,NOT APPLICABLE,February,17,Friday,21,53,Urban,Low Speed (Local),No,36.01486111,-84.89165,Non-Intersection,Dark - Not Lighted,Clear,10:00pm-10:59pm,5,10:00pm-10:59pm,8,10:00pm-10:59pm,39,1,Dark - Unlighted,Clear,1,0,['Driver'],['None_Used'],0,0,Invalid,0.0,0.0,59.0,59.0,['Male'],0,0,3,4,2,Dry,Straight,Grade/Hillcrest,Lowest,No
29892,47,Tennessee,470123,0,3,3,0,4,MEMPHIS,February,18,Saturday,0,19,Urban,High Speed (Arterial),Yes,35.10181389,-89.87006111,Non-Intersection,Dark - Lighted,Clear,Unknown,Unknown,Unknown EMS Scene Arrival Hour,Unknown EMS Scene Arrival Minutes,Unknown,Unknown EMS Hospital Arrival Time,2,Dark - Lighted,Clear,2,2,"['Driver', 'Front_Passenger']","['None_Used', 'None_Used']",1,2,Invalid,0.0,1.0,35.0,24.0,"['Male', 'Male', 'Male']",2,0,3,4,5,Dry,Straight,Level,Lowest,No
29893,47,Tennessee,470124,0,2,2,0,2,NASHVILLE,February,14,Tuesday,6,3,Urban,High Speed (Arterial),Yes,36.16998056,-86.65451111,Simple Junction,Dark - Not Lighted,Cloudy,6:00am-6:59am,4,6:00am-6:59am,11,6:00am-6:59am,37,1,Dark - Unlighted,Reduced Visibility,1,1,['Driver'],['None_Used'],0,0,Invalid,1.0,0.0,47.0,24.0,"['Male', 'Female']",0,0,5,4,5,Dry,Straight,Grade/Hillcrest,Lowest,No
29894,47,Tennessee,470125,0,3,3,0,4,COOKEVILLE,February,17,Friday,20,30,Urban,High Speed (Arterial),No,36.12936944,-85.50518056,Non-Intersection,Dark - Lighted,Clear,Unknown,Unknown,Unknown EMS Scene Arrival Hour,Unknown EMS Scene Arrival Minutes,Unknown,Unknown EMS Hospital Arrival Time,1,Dark - Lighted,Clear,1,3,['Driver'],['None_Used'],1,1,Valid,1.0,1.0,35.0,26.0,"['Male', 'Male', 'Male']",0,0,3,4,5,Dry,Straight,Level,Lowest,No
29895,47,Tennessee,470126,0,2,2,0,14,NOT APPLICABLE,February,18,Saturday,11,5,Urban,High Speed (Arterial),Yes,36.13961111,-85.4356,Non-Intersection,Daylight,Clear,11:00am-11:59am,7,11:00am-11:59am,16,11:00am-11:59am,44,3,Daylight,Clear,3,11,"['Front_Passenger', 'Rear_Seat', 'Front_Passenger']","['None_Used', 'None_Used', 'None_Used']",0,0,Invalid,1.0,0.0,32.0,19.0,"['Male', 'Female']",0,0,3,4,5,Dry,Straight,Level,Lowest,No
29896,47,Tennessee,470127,0,2,2,0,2,NASHVILLE,February,19,Sunday,1,53,Urban,High Speed (Arterial),Yes,36.0721,-86.72398056,Non-Intersection,Dark - Lighted,Clear,1:00am-1:59am,53,1:00am-1:59am,58,2:00am-2:59am,33,2,Dark - Lighted,Clear,2,0,"['Driver', 'Driver']","['Shoulder_Lapbelt', 'None_Used']",1,1,Valid,0.0,0.0,31.0,24.0,"['Female', 'Male']",1,0,3,4,5,Dry,Curve,Level,Lowest,No
29897,47,Tennessee,470128,0,1,1,0,1,SMYRNA,February,19,Sunday,99,99,Urban,Medium Speed (Collector),No,35.9858,-86.5292,Non-Intersection,Dark - Unknown Lighting,Clear,Unknown,Unknown,Unknown EMS Scene Arrival Hour,Unknown EMS Scene Arrival Minutes,Not Applicable (Not Transported),Not Applicable (Not Transported),1,Dark - Unlighted,Clear,1,0,['Driver'],['None_Used'],0,0,Valid,0.0,1.0,58.0,58.0,['Male'],0,0,5,4,2,Dry,Curve,Level,Lowest,No
29898,47,Tennessee,470129,0,1,1,0,1,NASHVILLE,February,7,Tuesday,14,49,Urban,High Speed (Arterial),Yes,36.1169,-86.79905,Non-Intersection,Daylight,Clear,2:00pm-2:59pm,45,2:00pm-2:59pm,54,3:00pm-3:59pm,9,1,Daylight,Clear,1,0,['Driver'],['Shoulder_Lapbelt'],0,0,Valid,0.0,0.0,72.0,72.0,['Male'],0,0,3,4,3,Dry,Curve,Level,Lowest,No
29899,47,Tennessee,470130,0,1,1,0,1,MEMPHIS,February,12,Sunday,14,28,Urban,High Speed (Arterial),Yes,35.08143611,-89.87658889,Non-Intersection,Daylight,Clear,2:00pm-2:59pm,38,2:00pm-2:59pm,43,Unknown,Unknown EMS Hospital Arrival Time,1,Daylight,Clear,1,0,['Driver'],['Shoulder_Lapbelt'],1,1,Invalid,0.0,1.0,64.0,64.0,['Male'],0,0,3,4,3,Dry,Curve,Grade/Hillcrest,Lowest,No
29900,47,Tennessee,470131,1,1,1,0,1,PARIS,February,13,Monday,7,42,Urban,High Speed (Arterial),No,36.30188889,-88.32428056,Complex/Circle,Daylight,Clear,6:00am-6:59am,44,6:00am-6:59am,48,6:00am-6:59am,58,1,Daylight,Clear,0,1,[],[],0,0,Valid,0.0,0.0,21.0,21.0,['Male'],0,0,3,0,4,Dry,Straight,Level,Lowest,No
29901,47,Tennessee,470132,0,4,4,0,7,KINGSPORT,February,22,Wednesday,11,23,Urban,High Speed (Arterial),Yes,36.54824444,-82.52518056,Non-Intersection,Daylight,Clear,11:00am-11:59am,25,11:00am-11:59am,28,11:00am-11:59am,47,1,Daylight,Clear,1,6,['Driver'],['Shoulder_Lapbelt'],0,0,Valid,0.0,1.0,80.0,33.0,"['Male', 'Male', 'Male', 'Male']",0,0,3,4,5,Dry,Straight,Level,Lowest,No
29902,47,Tennessee,470133,0,2,2,0,3,MEMPHIS,February,22,Wednesday,20,11,Urban,High Speed (Arterial),Yes,35.19064722,-89.79243889,Simple Junction,Dark - Lighted,Clear,8:00pm-8:59pm,25,8:00pm-8:59pm,34,9:00pm-9:59pm,8,2,Dark - Lighted,Clear,2,1,"['Driver', 'Front_Passenger']","['Shoulder_Lapbelt', 'Shoulder_Lapbelt']",0,0,Invalid,0.0,0.0,19.0,16.0,"['Male', 'Male']",0,0,3,4,5,Wet/Standing Water,Straight,Level,Lowest,No
29903,47,Tennessee,470134,1,1,1,0,1,MEMPHIS,February,23,Thursday,22,27,Urban,High Speed (Arterial),Yes,35.06129444,-89.88624722,Non-Intersection,Dark - Lighted,Clear,Unknown,Unknown,Unknown EMS Scene Arrival Hour,Unknown EMS Scene Arrival Minutes,Not Applicable (Not Transported),Not Applicable (Not Transported),1,Dark - Lighted,Clear,0,0,[],[],0,0,Invalid,0.0,0.0,999.0,999.0,['Other'],0,0,1,0,4,Dry,Straight,Level,Lowest,No
29904,47,Tennessee,470135,0,1,1,0,4,MEMPHIS,February,24,Friday,2,20,Urban,High Speed (Arterial),Yes,35.02934722,-90.07928056,Non-Intersection,Dark - Lighted,Clear,2:00am-2:59am,28,2:00am-2:59am,36,3:00am-3:59am,10,3,Dark - Lighted,Clear,3,1,"['Driver', 'Front_Passenger', 'Rear_Seat']","['Shoulder_Lapbelt', 'Shoulder_Lapbelt', 'Shoulder_Lapbelt']",0,0,Invalid,0.0,0.0,22.0,22.0,['Male'],0,0,2,4,3,Dry,Straight,Level,Lowest,No
29905,47,Tennessee,470136,0,2,2,0,6,MEMPHIS,February,24,Friday,12,6,Urban,Medium Speed (Collector),No,35.03558056,-89.99661111,Simple Junction,Daylight,Rain,11:00am-11:59am,57,12:00pm-12:59pm,12,12:00pm-12:59pm,42,1,Daylight,Rain/Wind/Minor,1,5,['Front_Passenger'],['None_Used'],0,0,Invalid,0.0,0.0,51.0,21.0,"['Female', 'Female']",0,0,3,4,5,Wet/Standing Water,Straight,Level,Lowest,No
29906,47,Tennessee,470137,0,1,1,0,1,MEMPHIS,February,25,Saturday,0,37,Urban,High Speed (Arterial),Yes,35.10946944,-90.0158,Non-Intersection,Dark - Lighted,Rain,Unknown,Unknown,Unknown EMS Scene Arrival Hour,Unknown EMS Scene Arrival Minutes,Not Applicable (Not Transported),Not Applicable (Not Transported),1,Dark - Lighted,Rain/Wind/Minor,1,0,['Driver'],['None_Used'],1,1,Valid,1.0,2.0,46.0,46.0,['Female'],0,0,2,4,3,Wet/Standing Water,Straight,Level,Lowest,No
29907,47,Tennessee,470138,0,1,1,0,1,MILLERSVILLE,February,21,Tuesday,11,28,Urban,High Speed (Arterial),Yes,36.39915,-86.68956111,Non-Intersection,Daylight,Clear,11:00am-11:59am,29,11:00am-11:59am,47,12:00pm-12:59pm,10,1,Daylight,Clear,1,0,['Driver'],['None_Used'],0,0,Valid,0.0,0.0,66.0,66.0,['Male'],0,0,3,4,2,Dry,Curve,Grade/Hillcrest,Medium,No
29908,47,Tennessee,470139,1,1,1,0,2,CROSSVILLE,February,22,Wednesday,18,34,Urban,High Speed (Arterial),Yes,35.96013889,-85.05328889,Non-Intersection,Dark - Not Lighted,Clear,Unknown,Unknown,Unknown EMS Scene Arrival Hour,Unknown EMS Scene Arrival Minutes,Unknown,Unknown EMS Hospital Arrival Time,1,Dark - Unlighted,Clear,0,2,[],[],0,0,Valid,0.0,0.0,79.0,79.0,['Male'],0,0,3,2,4,Dry,Curve,Level,Lowest,No
29909,47,Tennessee,470140,1,1,1,0,1,MEMPHIS,February,23,Thursday,6,21,Urban,High Speed (Arterial),No,35.16658889,-89.86283889,Non-Intersection,Dawn,Clear,6:00am-6:59am,27,6:00am-6:59am,31,6:00am-6:59am,53,1,Twilight,Clear,0,1,[],[],0,0,Valid,0.0,0.0,23.0,23.0,['Female'],0,0,3,3,4,Wet/Standing Water,Straight,Level,Lowest,No
29910,47,Tennessee,470141,0,1,1,0,1,NOT APPLICABLE,February,20,Monday,8,25,Urban,Medium Speed (Collector),No,35.33018889,-86.22193056,Non-Intersection,Daylight,Cloudy,8:00am-8:59am,19,8:00am-8:59am,50,9:00am-9:59am,46,1,Daylight,Reduced Visibility,1,0,['Driver'],['None_Used'],0,0,Valid,1.0,4.0,41.0,41.0,['Male'],0,0,2,4,3,Dry,Curve,Level,Lowest,No
29911,47,Tennessee,470142,0,2,2,0,4,KNOXVILLE,February,18,Saturday,18,49,Urban,High Speed (Arterial),Yes,35.98703889,-83.89383889,Complex/Circle,Dark - Lighted,Clear,5:00pm-5:59pm,49,5:00pm-5:59pm,55,6:00pm-6:59pm,33,1,Dark - Lighted,Clear,1,3,['Driver'],['None_Used'],0,0,Invalid,0.0,0.0,52.0,29.0,"['Male', 'Male']",0,0,5,4,5,Dry,Straight,Level,Lowest,No
29912,47,Tennessee,470143,1,1,1,0,1,KNOXVILLE,February,21,Tuesday,12,15,Urban,High Speed (Arterial),Yes,36.04911944,-83.92648611,Non-Intersection,Daylight,Clear,Unknown,Unknown,Unknown EMS Scene Arrival Hour,Unknown EMS Scene Arrival Minutes,Unknown,Unknown EMS Hospital Arrival Time,1,Daylight,Clear,0,1,[],[],0,0,Valid,0.0,0.0,57.0,57.0,['Female'],0,0,2,4,4,Dry,Straight,Level,Lowest,No
29913,47,Tennessee,470144,0,1,1,0,2,LYNCHBURG,February,25,Saturday,3,50,Rural,High Speed (Arterial),Yes,35.3046,-86.3627,Non-Intersection,Dark - Not Lighted,Cloudy,4:00am-4:59am,2,4:00am-4:59am,11,4:00am-4:59am,49,1,Dark - Unlighted,Reduced Visibility,1,1,['Rear_Seat'],['None_Used'],0,0,Valid,0.0,0.0,20.0,20.0,['Male'],0,0,3,4,3,Wet/Standing Water,Straight,Level,Medium,No
29914,47,Tennessee,470145,0,2,2,0,3,NOT APPLICABLE,February,20,Monday,15,52,Urban,High Speed (Arterial),Yes,35.58626944,-87.13298889,Complex/Circle,Daylight,Clear,3:00pm-3:59pm,54,4:00pm-4:59pm,1,Unknown,Unknown EMS Hospital Arrival Time,2,Daylight,Clear,2,1,"['Driver', 'Front_Passenger']","['Shoulder_Lapbelt', 'Shoulder_Lapbelt']",0,0,Valid,2.0,0.0,83.0,44.0,"['Male', 'Male']",0,0,4,4,5,Dry,Straight,Level,Lowest,No
29915,47,Tennessee,470146,1,2,2,0,2,MADISON,February,22,Wednesday,19,59,Urban,High Speed (Arterial),Yes,36.26513889,-86.71121111,Non-Intersection,Dark - Lighted,Rain,8:00pm-8:59pm,0,8:00pm-8:59pm,7,8:00pm-8:59pm,46,1,Dark - Lighted,Rain/Wind/Minor,0,1,[],[],0,0,Invalid,2.0,1.0,999.0,28.0,"['Male', 'Male']",0,0,2,2,4,Wet/Standing Water,Straight,Level,Lowest,No
29916,47,Tennessee,470147,0,3,3,0,3,NOT APPLICABLE,February,23,Thursday,19,9,Rural,Medium Speed (Collector),No,35.47641944,-89.65236111,Non-Intersection,Dark - Not Lighted,Cloudy,7:00pm-7:59pm,11,7:00pm-7:59pm,19,10:00pm-10:59pm,20,1,Dark - Unlighted,Reduced Visibility,1,2,['Driver'],['Shoulder_Lapbelt'],0,0,Valid,1.0,0.0,37.0,21.0,"['Male', 'Female', 'Male']",0,0,3,4,5,Dry,Straight,Grade/Hillcrest,Lowest,No
29917,47,Tennessee,470148,0,1,1,0,1,NOT APPLICABLE,February,26,Sunday,13,20,Urban,High Speed (Arterial),Yes,36.14108056,-85.42206111,Non-Intersection,Daylight,Clear,1:00pm-1:59pm,19,1:00pm-1:59pm,35,2:00pm-2:59pm,22,1,Daylight,Clear,1,0,['Driver'],['None_Used'],0,0,Valid,0.0,0.0,32.0,32.0,['Female'],0,0,5,4,3,Dry,Curve,Level,Lowest,No
29918,47,Tennessee,470149,0,1,1,0,1,MEMPHIS,February,27,Monday,1,20,Urban,Medium Speed (Collector),No,35.03596389,-89.9987,Non-Intersection,Dark - Not Lighted,Clear,1:00am-1:59am,59,2:00am-2:59am,22,Not Applicable (Not Transported),Not Applicable (Not Transported),1,Dark - Unlighted,Clear,1,0,['Driver'],['None_Used'],1,1,Invalid,1.0,0.0,31.0,31.0,['Male'],0,0,2,4,3,Wet/Standing Water,Straight,Level,Lowest,No
29919,47,Tennessee,470150,1,1,1,0,1,MOUNT JULIET,February,27,Monday,7,50,Urban,High Speed (Arterial),Yes,36.23103889,-86.52218056,Non-Intersection,Daylight,Cloudy,Unknown,Unknown,Unknown EMS Scene Arrival Hour,Unknown EMS Scene Arrival Minutes,Unknown,Unknown EMS Hospital Arrival Time,1,Daylight,Reduced Visibility,0,1,[],[],0,0,Valid,0.0,1.0,37.0,37.0,['Male'],0,0,3,3,4,Dry,Straight,Level,Lowest,No
29920,47,Tennessee,470151,0,1,1,0,1,NOT APPLICABLE,January,17,Tuesday,11,35,Rural,Medium Speed (Collector),No,36.01976944,-83.6264,Non-Intersection,Daylight,Rain,11:00am-11:59am,35,11:00am-11:59am,46,12:00pm-12:59pm,24,1,Daylight,Rain/Wind/Minor,1,0,['Driver'],['Shoulder_Lapbelt'],0,0,Valid,0.0,0.0,69.0,69.0,['Female'],0,0,3,4,3,Wet/Standing Water,Curve,Grade/Hillcrest,Lowest,No
29921,47,Tennessee,470152,1,1,1,0,1,NASHVILLE,February,11,Saturday,6,14,Urban,High Speed (Arterial),Yes,36.04528889,-86.71403056,Non-Intersection,Daylight,Clear,6:00am-6:59am,14,6:00am-6:59am,18,6:00am-6:59am,27,1,Daylight,Clear,0,1,[],[],0,0,Valid,7.0,1.0,41.0,41.0,['Male'],0,0,2,2,4,Dry,Straight,Level,Lowest,No
29922,47,Tennessee,470153,1,1,1,0,1,NASHVILLE,February,22,Wednesday,18,6,Urban,High Speed (Arterial),Yes,36.24591944,-86.72161944,Non-Intersection,Dusk,Clear,6:00pm-6:59pm,6,6:00pm-6:59pm,11,6:00pm-6:59pm,27,1,Twilight,Clear,0,1,[],[],0,0,Valid,0.0,0.0,17.0,17.0,['Female'],0,0,2,3,4,Dry,Straight,Level,Lowest,No