,State_Code,State_Name,Crash_ID,Count_Non_Motorists,Count_Vehicles_Total,Count_Vehicle_Forms,Count_PVH_Involved,Count_Occupants_MV,City_Name,Month_Name,Day_of_Month,Day_of_Week,Crash_Hour,Crash_Minute,Area_Rural_Urban,Road_Functional_Class,On_NHS_Road,Latitude,Longitude,Intersection_Type,Light_Condition,Weather_Condition,Notif_Hour,Notif_Minute,Arrival_Hour,Arrival_Minute,Hospital_Hour,Hospital_Minute,Fatalities_Count,Clean_Light_Condition,Clean_Weather_Condition,Total_Killed,Total_Alive,Fatal_Seats_List,Killed_Restraint_List,Any_Driver_Drinking,Total_Drinking_Drivers,Driver_License_Category,Driver_Max_Prev_Accident_Count,Driver_Max_Prev_Speeding_Count,Max_Driver_Age,Min_Driver_Age,Driver_Sex_List,Total_Exceeding_Limit_Vehicles,Total_Too_Fast_Vehicles,Max_Vehicle_Type_Severity_5,Max_Vehicle_Damage_Rank,Max_Harmful_Event_Severity,Crash_Road_Surface_Condition,Crash_Horizontal_Alignment,Crash_Vertical_Profile,Crash_Impairment_Category,Crash_Vehicle_Defect
29923,47,Tennessee,470154,0,2,2,0,7,NOT APPLICABLE,February,22,Wednesday,19,1,Urban,High Speed (Arterial),Yes,35.17043056,-85.17931944,Non-Intersection,Dusk,Clear,Unknown,Unknown,Unknown EMS Scene Arrival Hour,Unknown EMS Scene Arrival Minutes,Not Applicable (Not Transported),Not Applicable (Not Transported),1,Twilight,Clear,1,6,['Driver'],['None_Used'],0,0,Valid,0.0,5.0,40.0,36.0,"['Male', 'Male']",1,0,5,4,5,Dry,Straight,Level,Lowest,No
29924,47,Tennessee,470155,0,1,1,0,2,NOT APPLICABLE,February,28,Tuesday,17,7,Rural,Medium Speed (Collector),No,36.1676,-87.13488889,Non-Intersection,Daylight,Clear,4:00pm-4:59pm,56,5:00pm-5:59pm,12,5:00pm-5:59pm,53,1,Daylight,Clear,1,1,['Non_Standard_Risk'],['None_Used'],0,0,Valid,0.0,0.0,50.0,50.0,['Male'],0,0,5,3,3,Dry,Curve,Grade/Hillcrest,Lowest,No
29925,47,Tennessee,470156,0,1,1,0,1,NOT APPLICABLE,February,24,Friday,0,27,Rural,Medium Speed (Collector),No,35.84938889,-85.12528889,Non-Intersection,Dark - Not Lighted,Clear,1:00am-1:59am,59,2:00am-2:59am,22,3:00am-3:59am,19,1,Dark - Unlighted,Clear,1,0,['Driver'],['None_Used'],1,1,Valid,0.0,0.0,44.0,44.0,['Male'],0,0,3,4,3,Dry,Curve,Level,Lowest,No
29926,47,Tennessee,470157,0,2,2,0,5,NOT APPLICABLE,February,25,Saturday,10,53,Rural,High Speed (Arterial),Yes,36.03688889,-85.04946944,Non-Intersection,Daylight,Rain,10:00am-10:59am,53,11:00am-11:59am,5,11:00am-11:59am,38,1,Daylight,Rain/Wind/Minor,1,4,['Front_Passenger'],['None_Used'],0,0,Valid,2.0,0.0,77.0,59.0,"['Male', 'Male']",0,0,3,4,5,Wet/Standing Water,Curve,Grade/Hillcrest,Lowest,No
29927,47,Tennessee,470158,0,3,3,0,4,KNOXVILLE,February,27,Monday,7,6,Rural,High Speed (Arterial),Yes,35.99668611,-83.69116111,Non-Intersection,Daylight,"Fog, Smog, Smoke",6:00am-6:59am,6,6:00am-6:59am,25,7:00am-7:59am,1,2,Daylight,Reduced Visibility,2,2,"['Driver', 'Front_Passenger']","['Shoulder_Lapbelt', 'Shoulder_Lapbelt']",1,1,Valid,0.0,0.0,58.0,41.0,"['Male', 'Male', 'Female']",0,0,4,4,5,Wet/Standing Water,Straight,Grade/Hillcrest,Lowest,No
29928,47,Tennessee,470159,0,1,1,0,1,MEMPHIS,March,1,Wednesday,16,6,Urban,High Speed (Arterial),Yes,35.10968056,-90.02898333,Non-Intersection,Daylight,Clear,3:00pm-3:59pm,39,3:00pm-3:59pm,46,4:00pm-4:59pm,11,1,Daylight,Clear,1,0,['Driver'],['Shoulder_Lapbelt'],1,1,Invalid,1.0,0.0,57.0,57.0,['Male'],0,0,3,4,2,Dry,Straight,Level,Lowest,No
29929,47,Tennessee,470160,1,1,1,0,1,MEMPHIS,March,2,Thursday,4,40,Urban,High Speed (Arterial),Yes,35.10188056,-89.87028611,Non-Intersection,Dark - Lighted,Rain,Unknown,Unknown,Unknown EMS Scene Arrival Hour,Unknown EMS Scene Arrival Minutes,Not Applicable (Not Transported),Not Applicable (Not Transported),1,Dark - Lighted,Rain/Wind/Minor,0,1,[],[],0,0,Valid,0.0,0.0,71.0,71.0,['Male'],0,0,3,2,4,Wet/Standing Water,Straight,Level,Lowest,No
29930,47,Tennessee,470161,0,1,1,0,5,NOT APPLICABLE,February,25,Saturday,20,15,Rural,Medium Speed (Collector),No,35.17298056,-84.73926944,Non-Intersection,Dark - Not Lighted,Cloudy,8:00pm-8:59pm,21,8:00pm-8:59pm,35,8:00pm-8:59pm,59,1,Dark - Unlighted,Reduced Visibility,1,4,['Rear_Seat'],['None_Used'],0,0,Valid,0.0,0.0,17.0,17.0,['Male'],0,0,2,4,3,Wet/Standing Water,Curve,Grade/Hillcrest,Lowest,No
29931,47,Tennessee,470162,0,1,1,0,1,SALTILLO,February,24,Friday,21,56,Rural,Low Speed (Local),No,35.37606111,-88.20181111,Simple Junction,Dark - Lighted,Clear,Unknown,Unknown,Unknown EMS Scene Arrival Hour,Unknown EMS Scene Arrival Minutes,Not Applicable (Not Transported),Not Applicable (Not Transported),1,Dark - Lighted,Clear,1,0,['Driver'],['Shoulder_Lapbelt'],0,0,Valid,0.0,2.0,63.0,63.0,['Male'],0,0,3,4,4,Dry,Straight,Grade/Hillcrest,Lowest,No
29932,47,Tennessee,470163,1,1,1,0,1,NOT APPLICABLE,February,27,Monday,3,35,Rural,High Speed (Arterial),Yes,36.15853056,-84.07221944,Non-Intersection,Dark - Not Lighted,"Fog, Smog, Smoke",Unknown,Unknown,Unknown EMS Scene Arrival Hour,Unknown EMS Scene Arrival Minutes,Not Applicable (Not Transported),Not Applicable (Not Transported),1,Dark - Unlighted,Reduced Visibility,0,1,[],[],0,0,Valid,0.0,0.0,52.0,52.0,['Male'],0,0,4,3,4,Wet/Standing Water,Straight,Level,Lowest,No
29933,47,Tennessee,470164,1,1,1,0,1,MEMPHIS,March,1,Wednesday,20,20,Urban,Medium Speed (Collector),No,35.02046111,-90.0481,Non-Intersection,Dark - Not Lighted,Rain,Unknown,Unknown,Unknown EMS Scene Arrival Hour,Unknown EMS Scene Arrival Minutes,Not Applicable (Not Transported),Not Applicable (Not Transported),1,Dark - Unlighted,Rain/Wind/Minor,0,0,[],[],0,0,Invalid,0.0,0.0,999.0,999.0,['Other'],0,0,1,0,4,Wet/Standing Water,Straight,Level,Lowest,No
29934,47,Tennessee,470166,0,1,1,0,1,RIPLEY,March,3,Friday,13,50,Urban,Medium Speed (Collector),No,35.75375,-89.52158056,Non-Intersection,Daylight,Clear,1:00pm-1:59pm,53,1:00pm-1:59pm,59,Not Applicable (Not Transported),Not Applicable (Not Transported),1,Daylight,Clear,1,0,['Driver'],['None_Used'],0,0,Valid,0.0,0.0,61.0,61.0,['Male'],0,0,5,0,3,Dry,Straight,Level,Lowest,No
29935,47,Tennessee,470167,0,2,2,0,2,NOT APPLICABLE,February,27,Monday,10,1,Rural,Medium Speed (Collector),No,36.43653056,-87.48146111,Complex/Circle,Daylight,Clear,9:00am-9:59am,56,10:00am-10:59am,4,Unknown,Unknown EMS Hospital Arrival Time,1,Daylight,Clear,1,1,['Driver'],['Shoulder_Lapbelt'],0,0,Valid,1.0,1.0,49.0,32.0,"['Male', 'Male']",0,0,4,4,5,Dry,Straight,Grade/Hillcrest,Lowest,No
29936,47,Tennessee,470168,0,5,1,4,1,MEMPHIS,March,4,Saturday,2,29,Urban,Medium Speed (Collector),No,35.21995,-89.99328611,Non-Intersection,Dark - Lighted,Clear,2:00am-2:59am,30,2:00am-2:59am,37,3:00am-3:59am,1,1,Dark - Lighted,Clear,1,0,['Driver'],['None_Used'],1,1,Invalid,2.0,1.0,32.0,32.0,['Male'],1,0,2,4,3,Dry,Straight,Grade/Hillcrest,Lowest,No
29937,47,Tennessee,470169,0,1,1,0,1,MEMPHIS,March,4,Saturday,5,26,Urban,High Speed (Arterial),Yes,35.02098056,-90.01604444,Non-Intersection,Dark - Lighted,Clear,Unknown,Unknown,Unknown EMS Scene Arrival Hour,Unknown EMS Scene Arrival Minutes,Not Applicable (Not Transported),Not Applicable (Not Transported),1,Dark - Lighted,Clear,1,0,['Driver'],['None_Used'],1,1,Valid,0.0,1.0,32.0,32.0,['Female'],0,0,2,4,3,Dry,Straight,Level,Lowest,No
29938,47,Tennessee,470170,0,1,1,0,1,NOT APPLICABLE,March,3,Friday,19,7,Rural,Medium Speed (Collector),No,36.34698056,-84.10288889,Non-Intersection,Dark - Not Lighted,Clear,7:00pm-7:59pm,2,7:00pm-7:59pm,16,7:00pm-7:59pm,44,1,Dark - Unlighted,Clear,1,0,['Driver'],['None_Used'],0,0,Valid,1.0,0.0,56.0,56.0,['Male'],0,0,5,4,1,Dry,Straight,Level,Lowest,No
29939,47,Tennessee,470171,1,1,1,0,1,NASHVILLE,March,4,Saturday,4,17,Urban,High Speed (Arterial),Yes,36.05476944,-86.90043056,Non-Intersection,Dark - Not Lighted,Clear,Unknown,Unknown,Unknown EMS Scene Arrival Hour,Unknown EMS Scene Arrival Minutes,Not Applicable (Not Transported),Not Applicable (Not Transported),1,Dark - Unlighted,Clear,0,1,[],[],0,0,Valid,0.0,0.0,32.0,32.0,['Male'],0,0,3,4,4,Dry,Curve,Grade/Hillcrest,Lowest,No
29940,47,Tennessee,470172,0,2,2,0,4,CLINTON,March,3,Friday,17,40,Rural,High Speed (Arterial),Yes,36.16468889,-84.08466944,Complex/Circle,Daylight,Severe Crosswinds,6:00pm-6:59pm,2,6:00pm-6:59pm,2,6:00pm-6:59pm,35,2,Daylight,Rain/Wind/Minor,2,2,"['Front_Passenger', 'Rear_Seat']","['Shoulder_Lapbelt', 'Shoulder_Lapbelt']",0,0,Valid,0.0,0.0,52.0,24.0,"['Female', 'Female']",1,0,2,4,5,Dry,Straight,Level,Lowest,No
29941,47,Tennessee,470175,0,4,4,0,7,MEMPHIS,February,27,Monday,7,10,Urban,High Speed (Arterial),Yes,35.02066111,-89.93996111,Non-Intersection,Daylight,Rain,7:00am-7:59am,11,7:00am-7:59am,18,7:00am-7:59am,57,1,Daylight,Rain/Wind/Minor,1,6,['Driver'],['Shoulder_Lapbelt'],0,0,Valid,0.0,1.0,53.0,34.0,"['Male', 'Female', 'Male', 'Male']",0,0,3,4,5,Wet/Standing Water,Straight,Level,Lowest,No
29942,47,Tennessee,470176,0,2,2,0,2,NOT APPLICABLE,March,3,Friday,18,4,Rural,High Speed (Arterial),Yes,35.75328056,-89.11018056,Non-Intersection,Dark - Not Lighted,Clear,6:00pm-6:59pm,2,6:00pm-6:59pm,2,6:00pm-6:59pm,35,1,Dark - Unlighted,Clear,1,1,['Driver'],['None_Used'],0,0,Valid,0.0,0.0,54.0,50.0,"['Female', 'Male']",0,0,4,4,5,Dry,Straight,Level,Lowest,No
29943,47,Tennessee,470177,0,3,3,0,3,NASHVILLE,March,6,Monday,16,39,Urban,High Speed (Arterial),Yes,36.19258889,-86.82948889,Non-Intersection,Daylight,Clear,4:00pm-4:59pm,39,4:00pm-4:59pm,50,5:00pm-5:59pm,10,1,Daylight,Clear,1,2,['Driver'],['Shoulder_Lapbelt'],0,0,Valid,0.0,0.0,34.0,27.0,"['Male', 'Male', 'Female']",1,0,3,4,5,Dry,Straight,Grade/Hillcrest,Lowest,No
29944,47,Tennessee,470178,0,1,1,0,1,BELLEVUE,March,6,Monday,17,16,Urban,Low Speed (Local),No,36.05656944,-86.96438889,Non-Intersection,Dark - Not Lighted,Clear,5:00pm-5:59pm,16,5:00pm-5:59pm,32,5:00pm-5:59pm,56,1,Dark - Unlighted,Clear,1,0,['Driver'],['None_Used'],1,1,Valid,1.0,0.0,33.0,33.0,['Female'],0,0,2,4,3,Dry,Straight,Grade/Hillcrest,Lowest,No
29945,47,Tennessee,470179,0,1,1,0,2,NOT APPLICABLE,March,6,Monday,16,30,Rural,Medium Speed (Collector),No,35.64608056,-84.74466111,Non-Intersection,Daylight,Clear,4:00pm-4:59pm,30,4:00pm-4:59pm,47,5:00pm-5:59pm,17,2,Daylight,Clear,2,0,"['Driver', 'Front_Passenger']","['None_Used', 'Shoulder_Lapbelt']",0,0,Valid,5.0,1.0,65.0,65.0,['Male'],2,0,3,4,3,Dry,Curve,Grade/Hillcrest,Lowest,No
29946,47,Tennessee,470180,1,1,1,0,1,LEBANON,March,3,Friday,18,14,Urban,High Speed (Arterial),Yes,36.19293056,-86.27316111,Non-Intersection,Dark - Lighted,Severe Crosswinds,Unknown,Unknown,Unknown EMS Scene Arrival Hour,Unknown EMS Scene Arrival Minutes,Not Applicable (Not Transported),Not Applicable (Not Transported),1,Dark - Lighted,Rain/Wind/Minor,0,1,[],[],0,0,Valid,1.0,0.0,25.0,25.0,['Female'],0,0,3,4,4,Dry,Straight,Level,Lowest,No
29947,47,Tennessee,470181,0,2,1,1,1,MOUNT JULIET,February,27,Monday,22,0,Urban,High Speed (Arterial),Yes,36.17261944,-86.50318889,Non-Intersection,Dark - Lighted,Clear,Unknown,Unknown,Unknown EMS Scene Arrival Hour,Unknown EMS Scene Arrival Minutes,Not Applicable (Not Transported),Not Applicable (Not Transported),1,Dark - Lighted,Clear,1,0,['Driver'],['Shoulder_Lapbelt'],0,0,Valid,0.0,0.0,43.0,43.0,['Male'],0,0,3,4,5,Dry,Straight,Level,Lowest,No
29948,47,Tennessee,470182,0,2,2,0,2,NOT APPLICABLE,March,2,Thursday,12,26,Rural,Medium Speed (Collector),No,35.80371944,-89.54561944,Non-Intersection,Daylight,Clear,12:00pm-12:59pm,23,12:00pm-12:59pm,40,1:00pm-1:59pm,1,1,Daylight,Clear,1,1,['Driver'],['None_Used'],0,0,Valid,2.0,0.0,44.0,40.0,"['Male', 'Male']",0,0,4,4,5,Dry,Straight,Level,Lowest,No
29949,47,Tennessee,470183,0,2,2,0,3,NOT APPLICABLE,March,6,Monday,5,18,Rural,Medium Speed (Collector),No,36.50103056,-86.60608056,Non-Intersection,Dark - Not Lighted,Clear,5:00am-5:59am,34,5:00am-5:59am,56,6:00am-6:59am,30,1,Dark - Unlighted,Clear,1,2,['Driver'],['None_Used'],0,0,Valid,0.0,0.0,39.0,28.0,"['Male', 'Male']",1,0,3,4,5,Dry,Curve,Level,Lowest,No
29950,47,Tennessee,470184,0,1,1,0,1,NOT APPLICABLE,March,6,Monday,99,99,Rural,Medium Speed (Collector),No,35.89531111,-88.06251111,Non-Intersection,Dark - Not Lighted,Clear,4:00am-4:59am,38,4:00am-4:59am,55,6:00am-6:59am,57,1,Dark - Unlighted,Clear,1,0,['Driver'],['Shoulder_Lapbelt'],0,0,Valid,0.0,3.0,35.0,35.0,['Male'],0,0,4,4,3,Dry,Straight,Level,Lowest,No
29951,47,Tennessee,470185,0,1,1,0,1,KINGSPORT,February,5,Sunday,20,9,Urban,Low Speed (Local),No,36.57703333,-82.56323889,Non-Intersection,Dark - Lighted,Clear,8:00pm-8:59pm,12,8:00pm-8:59pm,16,9:00pm-9:59pm,13,1,Dark - Lighted,Clear,1,0,['Driver'],['Shoulder_Lapbelt'],0,0,Valid,0.0,0.0,82.0,82.0,['Female'],0,0,2,4,3,Dry,Straight,Grade/Hillcrest,Lowest,No
29952,47,Tennessee,470186,1,1,1,0,1,KINGSPORT,March,9,Thursday,18,19,Urban,Medium Speed (Collector),No,36.54641389,-82.59268889,Non-Intersection,Dark - Lighted,Clear,Unknown,Unknown,Unknown EMS Scene Arrival Hour,Unknown EMS Scene Arrival Minutes,Unknown,Unknown EMS Hospital Arrival Time,1,Dark - Lighted,Clear,0,0,[],[],0,0,Invalid,0.0,0.0,28.0,28.0,['Male'],0,0,2,3,4,Dry,Curve,Grade/Hillcrest,Lowest,No
29953,47,Tennessee,470187,0,1,1,0,2,MEMPHIS,March,10,Friday,22,42,Urban,Low Speed (Local),No,35.151525,-90.02053056,Non-Intersection,Dark - Lighted,Clear,Unknown,Unknown,Unknown EMS Scene Arrival Hour,Unknown EMS Scene Arrival Minutes,Not Applicable (Not Transported),Not Applicable (Not Transported),2,Dark - Lighted,Clear,2,0,"['Driver', 'Front_Passenger']","['Shoulder_Lapbelt', 'Shoulder_Lapbelt']",0,0,Valid,0.0,0.0,19.0,19.0,['Male'],0,0,2,4,3,Dry,Straight,Level,Lowest,No
29954,47,Tennessee,470188,0,1,1,0,2,COSBY,March,2,Thursday,0,13,Rural,Medium Speed (Collector),No,35.80283889,-83.24155,Non-Intersection,Dark - Not Lighted,Rain,0:00am-0:59am,12,0:00am-0:59am,29,1:00am-1:59am,57,1,Dark - Unlighted,Rain/Wind/Minor,1,1,['Driver'],['None_Used'],1,1,Valid,0.0,0.0,20.0,20.0,['Male'],0,0,5,4,2,Wet/Standing Water,Straight,Level,Lowest,No
29955,47,Tennessee,470189,0,1,1,0,1,MEMPHIS,March,11,Saturday,11,20,Urban,Medium Speed (Collector),No,35.04443056,-90.03156111,Non-Intersection,Daylight,Rain,Unknown,Unknown,Unknown EMS Scene Arrival Hour,Unknown EMS Scene Arrival Minutes,Not Applicable (Not Transported),Not Applicable (Not Transported),1,Daylight,Rain/Wind/Minor,1,0,['Driver'],['Shoulder_Lapbelt'],0,0,Valid,1.0,2.0,37.0,37.0,['Male'],1,0,2,4,3,Wet/Standing Water,Straight,Level,Lowest,No
29956,47,Tennessee,470190,0,3,2,1,7,NOT APPLICABLE,March,11,Saturday,14,45,Rural,Medium Speed (Collector),No,35.24518889,-87.76341111,Non-Intersection,Daylight,Rain,2:00pm-2:59pm,51,2:00pm-2:59pm,58,4:00pm-4:59pm,34,1,Daylight,Rain/Wind/Minor,1,6,['Front_Passenger'],['Shoulder_Lapbelt'],0,0,Valid,1.0,0.0,79.0,36.0,"['Male', 'Male']",0,0,3,4,5,Wet/Standing Water,Straight,Level,Lowest,No
29957,47,Tennessee,470191,0,1,1,0,1,NOT APPLICABLE,March,4,Saturday,14,10,Rural,Medium Speed (Collector),No,35.28171944,-89.50276944,Non-Intersection,Daylight,Clear,Unknown,Unknown,Unknown EMS Scene Arrival Hour,Unknown EMS Scene Arrival Minutes,Not Applicable (Not Transported),Not Applicable (Not Transported),1,Daylight,Clear,1,0,['Driver'],['Shoulder_Lapbelt'],0,0,Valid,0.0,0.0,18.0,18.0,['Female'],0,0,3,4,3,Dry,Straight,Level,Lowest,No
29958,47,Tennessee,470192,1,2,2,0,2,MEMPHIS,March,12,Sunday,22,50,Urban,Medium Speed (Collector),No,35.17385556,-89.97571111,Non-Intersection,Dark - Lighted,Clear,10:00pm-10:59pm,50,10:00pm-10:59pm,55,11:00pm-11:59pm,14,1,Dark - Lighted,Clear,0,1,[],[],0,0,Invalid,0.0,1.0,999.0,35.0,"['Other', 'Female']",0,0,2,2,4,Dry,Straight,Level,Lowest,No
29959,47,Tennessee,470193,1,1,1,0,1,CHATTANOOGA,March,12,Sunday,3,16,Urban,High Speed (Arterial),Yes,35.03284722,-85.31896111,Non-Intersection,Dark - Lighted,Rain,Unknown,Unknown,Unknown EMS Scene Arrival Hour,Unknown EMS Scene Arrival Minutes,Not Applicable (Not Transported),Not Applicable (Not Transported),1,Dark - Lighted,Rain/Wind/Minor,0,1,[],[],1,1,Valid,1.0,0.0,46.0,46.0,['Male'],0,0,2,4,4,Wet/Standing Water,Curve,Level,Lowest,No
29960,47,Tennessee,470194,0,1,1,0,1,MEMPHIS,March,12,Sunday,23,37,Urban,Medium Speed (Collector),No,35.054175,-89.85733889,Non-Intersection,Dark - Lighted,Clear,11:00pm-11:59pm,39,11:00pm-11:59pm,53,0:00am-0:59am,24,1,Dark - Lighted,Clear,1,0,['Driver'],['None_Used'],0,0,Invalid,3.0,1.0,36.0,36.0,['Female'],0,0,2,4,3,Dry,Straight,Level,Lowest,No
29961,47,Tennessee,470195,0,2,2,0,2,COLUMBIA,March,4,Saturday,14,30,Urban,High Speed (Arterial),Yes,35.59296111,-87.04,Simple Junction,Daylight,Not Reported,2:00pm-2:59pm,31,2:00pm-2:59pm,35,2:00pm-2:59pm,55,1,Daylight,Clear,1,1,['Driver'],['None_Used'],0,0,Valid,1.0,0.0,43.0,32.0,"['Male', 'Female']",1,0,5,4,5,Dry,Straight,Level,Lowest,No
29962,47,Tennessee,470197,0,1,1,0,1,NOT APPLICABLE,March,2,Thursday,7,21,Rural,Low Speed (Local),No,35.42023889,-88.52621111,Non-Intersection,Daylight,Cloudy,7:00am-7:59am,22,7:00am-7:59am,39,8:00am-8:59am,26,1,Daylight,Reduced Visibility,1,0,['Driver'],['None_Used'],0,0,Valid,1.0,0.0,68.0,68.0,['Male'],0,0,3,4,3,Wet/Standing Water,Curve,Grade/Hillcrest,Medium,No
29963,47,Tennessee,470198,0,1,1,0,1,NOT APPLICABLE,March,10,Friday,14,35,Urban,Medium Speed (Collector),No,36.35733889,-82.23201111,Non-Intersection,Daylight,Clear,2:00pm-2:59pm,31,2:00pm-2:59pm,35,Not Applicable (Not Transported),Not Applicable (Not Transported),1,Daylight,Clear,1,0,['Driver'],['None_Used'],1,1,Valid,1.0,0.0,24.0,24.0,['Male'],1,0,5,4,2,Dry,Curve,Level,Lowest,No
29964,47,Tennessee,470199,0,1,1,0,3,KNOXVILLE,March,12,Sunday,0,47,Urban,Medium Speed (Collector),No,35.95149167,-84.01496111,Complex/Circle,Dark - Lighted,Rain,0:00am-0:59am,2,0:00am-0:59am,7,0:00am-0:59am,31,1,Dark - Lighted,Rain/Wind/Minor,1,2,['Rear_Seat'],['None_Used'],0,0,Invalid,0.0,0.0,19.0,19.0,['Male'],0,0,2,4,3,Wet/Standing Water,Straight,Level,Lowest,No
29965,47,Tennessee,470200,0,1,1,0,1,MEMPHIS,March,14,Tuesday,8,54,Urban,High Speed (Arterial),Yes,35.2135,-89.91661944,Complex/Circle,Daylight,Cloudy,Unknown,Unknown,Unknown EMS Scene Arrival Hour,Unknown EMS Scene Arrival Minutes,Not Applicable (Not Transported),Not Applicable (Not Transported),1,Daylight,Reduced Visibility,1,0,['Driver'],['Shoulder_Lapbelt'],0,0,Valid,5.0,0.0,67.0,67.0,['Female'],0,0,3,4,3,Dry,Straight,Level,Lowest,No
29966,47,Tennessee,470201,1,1,1,0,1,MEMPHIS,March,16,Thursday,4,59,Urban,Medium Speed (Collector),Yes,35.06876667,-89.96913056,Non-Intersection,Dark - Lighted,Clear,5:00am-5:59am,0,5:00am-5:59am,17,5:00am-5:59am,44,1,Dark - Lighted,Clear,0,1,[],[],0,0,Valid,0.0,0.0,58.0,58.0,['Female'],0,0,3,4,4,Dry,Straight,Level,Lowest,No
29967,47,Tennessee,470202,2,1,1,0,1,MANCHESTER,March,6,Monday,21,20,Urban,Medium Speed (Collector),No,35.45078889,-86.03486111,Non-Intersection,Dark - Not Lighted,Clear,Unknown,Unknown,Unknown EMS Scene Arrival Hour,Unknown EMS Scene Arrival Minutes,Unknown,Unknown EMS Hospital Arrival Time,1,Dark - Unlighted,Clear,0,1,[],[],0,0,Valid,0.0,0.0,36.0,36.0,['Male'],0,0,4,3,4,Dry,Straight,Level,Lowest,No
29968,47,Tennessee,470203,0,1,1,0,1,NOT APPLICABLE,March,14,Tuesday,4,44,Rural,Medium Speed (Collector),No,36.43015,-88.17905,Non-Intersection,Dark - Not Lighted,Clear,Unknown,Unknown,Unknown EMS Scene Arrival Hour,Unknown EMS Scene Arrival Minutes,Unknown,Unknown EMS Hospital Arrival Time,1,Dark - Unlighted,Clear,1,0,['Driver'],['None_Used'],1,1,Valid,0.0,0.0,62.0,62.0,['Male'],0,0,3,4,3,Dry,Curve,Grade/Hillcrest,Lowest,No
29969,47,Tennessee,470204,0,2,2,0,2,CLEVELAND,March,15,Wednesday,6,15,Urban,Medium Speed (Collector),No,35.20081944,-84.8136,Non-Intersection,Dark - Not Lighted,Clear,6:00am-6:59am,18,6:00am-6:59am,26,7:00am-7:59am,21,1,Dark - Unlighted,Clear,1,1,['Driver'],['None_Used'],0,0,Valid,2.0,0.0,65.0,41.0,"['Female', 'Female']",0,0,3,4,5,Dry,Curve,Grade/Hillcrest,Lowest,No
29970,47,Tennessee,470205,0,3,3,0,4,NOT APPLICABLE,March,17,Friday,10,18,Rural,High Speed (Arterial),Yes,36.40896944,-88.3332,Non-Intersection,Daylight,Cloudy,10:00am-10:59am,43,11:00am-11:59am,17,12:00pm-12:59pm,56,2,Daylight,Reduced Visibility,2,2,"['Driver', 'Front_Passenger']","['Shoulder_Lapbelt', 'Shoulder_Lapbelt']",1,1,Valid,0.0,0.0,86.0,38.0,"['Male', 'Male', 'Male']",0,0,4,4,5,Dry,Straight,Grade/Hillcrest,Lowest,No
29971,47,Tennessee,470206,0,1,1,0,1,ADAMSVILLE,March,13,Monday,5,7,Rural,Medium Speed (Collector),No,35.23783889,-88.43648056,Non-Intersection,Dark - Not Lighted,Clear,Unknown,Unknown,Unknown EMS Scene Arrival Hour,Unknown EMS Scene Arrival Minutes,Not Applicable (Not Transported),Not Applicable (Not Transported),1,Dark - Unlighted,Clear,1,0,['Driver'],['None_Used'],0,0,Valid,4.0,0.0,59.0,59.0,['Male'],0,0,3,4,3,Dry,Curve,Level,Lowest,No
29972,47,Tennessee,470207,0,1,1,0,1,CORNERSVILLE,March,18,Saturday,19,46,Rural,Low Speed (Local),No,35.34548056,-86.84106111,Non-Intersection,Dark - Not Lighted,Cloudy,7:00pm-7:59pm,49,8:00pm-8:59pm,21,9:00pm-9:59pm,17,1,Dark - Unlighted,Reduced Visibility,1,0,['Driver'],['None_Used'],0,0,Valid,0.0,0.0,26.0,26.0,['Male'],0,0,2,4,3,Dry,Straight,Grade/Hillcrest,Lowest,No
29973,47,Tennessee,470210,0,1,1,0,1,NOT APPLICABLE,March,7,Tuesday,99,99,Urban,Low Speed (Local),No,36.30798889,-82.31303889,Non-Intersection,Daylight,Clear,10:00am-10:59am,49,11:00am-11:59am,5,11:00am-11:59am,22,1,Daylight,Clear,1,0,['Driver'],['None_Used'],0,0,Valid,0.0,0.0,76.0,76.0,['Male'],0,0,5,2,3,Dry,Straight,Level,Lowest,No
29974,47,Tennessee,470211,0,2,2,0,5,MOUNT JULIET,March,19,Sunday,4,13,Urban,High Speed (Arterial),Yes,36.16931944,-86.52158056,Non-Intersection,Dark - Not Lighted,Clear,4:00am-4:59am,13,4:00am-4:59am,18,5:00am-5:59am,1,1,Dark - Unlighted,Clear,1,4,['Driver'],['None_Used'],0,0,Valid,2.0,1.0,34.0,24.0,"['Male', 'Male']",0,0,2,4,5,Dry,Straight,Level,Lowest,No
29975,47,Tennessee,470212,0,1,1,0,2,BRENTWOOD,March,18,Saturday,14,0,Urban,Low Speed (Local),No,36.00151944,-86.77361944,Complex/Circle,Daylight,Clear,Unknown,Unknown,Unknown EMS Scene Arrival Hour,Unknown EMS Scene Arrival Minutes,Not Applicable (Not Transported),Not Applicable (Not Transported),2,Daylight,Clear,2,0,"['Driver', 'Front_Passenger']","['Shoulder_Lapbelt', 'Shoulder_Lapbelt']",0,0,Valid,0.0,0.0,19.0,19.0,['Male'],2,0,3,4,3,Dry,Curve,Grade/Hillcrest,Lowest,No
29976,47,Tennessee,470213,0,1,1,0,1,NOT APPLICABLE,March,17,Friday,99,99,Rural,Medium Speed (Collector),No,36.12118056,-83.01511944,Non-Intersection,Dark - Not Lighted,Cloudy,5:00am-5:59am,46,6:00am-6:59am,30,Not Applicable (Not Transported),Not Applicable (Not Transported),1,Dark - Unlighted,Reduced Visibility,1,0,['Driver'],['None_Used'],1,1,Valid,0.0,0.0,17.0,17.0,['Male'],1,0,1,4,3,Wet/Standing Water,Straight,Grade/Hillcrest,Lowest,No
29977,47,Tennessee,470214,0,1,1,0,1,NOT APPLICABLE,March,18,Saturday,17,55,Rural,Low Speed (Local),No,99.9999,999.9999,Non-Intersection,Daylight,Clear,5:00pm-5:59pm,59,6:00pm-6:59pm,14,6:00pm-6:59pm,40,1,Daylight,Clear,1,0,['Driver'],['None_Used'],0,0,Valid,0.0,1.0,52.0,52.0,['Female'],0,0,5,3,3,Dry,Straight,Grade/Hillcrest,Lowest,No