,State_Code,State_Name,Crash_ID,Count_Non_Motorists,Count_Vehicles_Total,Count_Vehicle_Forms,Count_PVH_Involved,Count_Occupants_MV,City_Name,Month_Name,Day_of_Month,Day_of_Week,Crash_Hour,Crash_Minute,Area_Rural_Urban,Road_Functional_Class,On_NHS_Road,Latitude,Longitude,Intersection_Type,Light_Condition,Weather_Condition,Notif_Hour,Notif_Minute,Arrival_Hour,Arrival_Minute,Hospital_Hour,Hospital_Minute,Fatalities_Count,Clean_Light_Condition,Clean_Weather_Condition,Total_Killed,Total_Alive,Fatal_Seats_List,Killed_Restraint_List,Any_Driver_Drinking,Total_Drinking_Drivers,Driver_License_Category,Driver_Max_Prev_Accident_Count,Driver_Max_Prev_Speeding_Count,Max_Driver_Age,Min_Driver_Age,Driver_Sex_List,Total_Exceeding_Limit_Vehicles,Total_Too_Fast_Vehicles,Max_Vehicle_Type_Severity_5,Max_Vehicle_Damage_Rank,Max_Harmful_Event_Severity,Crash_Road_Surface_Condition,Crash_Horizontal_Alignment,Crash_Vertical_Profile,Crash_Impairment_Category,Crash_Vehicle_Defect
29978,47,Tennessee,470215,0,2,2,0,2,KNOXVILLE,March,14,Tuesday,22,47,Urban,Low Speed (Local),No,36.01171944,-83.91126111,Non-Intersection,Dark - Not Lighted,Clear,Unknown,Unknown,Unknown EMS Scene Arrival Hour,Unknown EMS Scene Arrival Minutes,Unknown,Unknown EMS Hospital Arrival Time,1,Dark - Unlighted,Clear,1,1,['Driver'],['None_Used'],0,0,Invalid,0.0,0.0,43.0,23.0,"['Male', 'Male']",0,0,3,4,5,Dry,Straight,Level,Lowest,No
29979,47,Tennessee,470216,0,2,2,0,2,NOT APPLICABLE,March,17,Friday,11,10,Urban,Medium Speed (Collector),No,35.171375,-89.73066667,Non-Intersection,Daylight,Clear,5:00pm-5:59pm,19,5:00pm-5:59pm,32,6:00pm-6:59pm,35,1,Daylight,Clear,1,1,['Driver'],['None_Used'],0,0,Invalid,0.0,0.0,55.0,40.0,"['Male', 'Female']",0,0,2,4,5,Dry,Straight,Level,Lowest,No
29980,47,Tennessee,470218,1,1,1,0,1,MEMPHIS,March,22,Wednesday,0,27,Urban,High Speed (Arterial),Yes,35.148375,-89.98143056,Non-Intersection,Dark - Lighted,Rain,Unknown,Unknown,Unknown EMS Scene Arrival Hour,Unknown EMS Scene Arrival Minutes,Not Applicable (Not Transported),Not Applicable (Not Transported),1,Dark - Lighted,Rain/Wind/Minor,0,1,[],[],0,0,Invalid,2.0,0.0,35.0,35.0,['Male'],0,0,2,3,4,Wet/Standing Water,Straight,Level,Lowest,No
29981,47,Tennessee,470219,1,1,1,0,3,MEMPHIS,March,3,Friday,19,15,Urban,Medium Speed (Collector),No,35.11547778,-90.03030833,Simple Junction,Dark - Lighted,Rain,Unknown,Unknown,Unknown EMS Scene Arrival Hour,Unknown EMS Scene Arrival Minutes,Unknown,Unknown EMS Hospital Arrival Time,1,Dark - Lighted,Rain/Wind/Minor,0,3,[],[],1,1,Valid,0.0,0.0,37.0,37.0,['Female'],0,0,2,3,4,Wet/Standing Water,Straight,Level,Lowest,No
29982,47,Tennessee,470220,1,1,1,0,1,MADISON,March,22,Wednesday,6,31,Urban,Low Speed (Local),No,36.26686944,-86.68141111,Non-Intersection,Dark - Not Lighted,Rain,6:00am-6:59am,31,6:00am-6:59am,37,6:00am-6:59am,49,1,Dark - Unlighted,Rain/Wind/Minor,0,0,[],[],0,0,Invalid,0.0,0.0,999.0,999.0,['Other'],0,0,3,3,4,Wet/Standing Water,Straight,Level,Lowest,No
29983,47,Tennessee,470221,0,2,2,0,2,MEMPHIS,March,22,Wednesday,5,36,Urban,Medium Speed (Collector),No,35.14758611,-90.05128056,Non-Intersection,Dark - Lighted,Rain,5:00am-5:59am,37,5:00am-5:59am,48,6:00am-6:59am,33,1,Dark - Lighted,Rain/Wind/Minor,1,1,['Driver'],['None_Used'],0,0,Invalid,1.0,0.0,48.0,36.0,"['Female', 'Male']",0,0,3,4,5,Wet/Standing Water,Straight,Grade/Hillcrest,Lowest,No
29984,47,Tennessee,470222,0,2,2,0,2,KNOXVILLE,March,23,Thursday,7,39,Urban,High Speed (Arterial),Yes,36.01835,-83.81031667,Complex/Circle,Dawn,"Fog, Smog, Smoke",6:00am-6:59am,39,6:00am-6:59am,47,7:00am-7:59am,19,1,Twilight,Reduced Visibility,1,1,['Driver'],['None_Used'],0,0,Valid,0.0,0.0,32.0,16.0,"['Female', 'Male']",0,0,5,4,5,Wet/Standing Water,Straight,Grade/Hillcrest,Lowest,Yes
29985,47,Tennessee,470223,4,4,3,1,3,ORLINDA,March,18,Saturday,3,53,Rural,High Speed (Arterial),Yes,36.58385,-86.61028056,Non-Intersection,Dark - Not Lighted,Clear,Unknown,Unknown,Unknown EMS Scene Arrival Hour,Unknown EMS Scene Arrival Minutes,Unknown,Unknown EMS Hospital Arrival Time,2,Dark - Unlighted,Clear,0,3,[],[],0,0,Valid,0.0,1.0,999.0,44.0,"['Female', 'Other', 'Male']",0,0,4,4,5,Dry,Curve,Grade/Hillcrest,Lowest,No
29986,47,Tennessee,470224,0,1,1,0,3,NOT APPLICABLE,March,19,Sunday,12,52,Rural,Medium Speed (Collector),No,36.14651944,-86.32026111,Non-Intersection,Daylight,Clear,12:00pm-12:59pm,48,12:00pm-12:59pm,55,1:00pm-1:59pm,13,3,Daylight,Clear,3,0,"['Driver', 'Front_Passenger', 'Rear_Seat']","['None_Used', 'None_Used', 'Child_Safety']",0,0,Valid,0.0,0.0,19.0,19.0,['Male'],0,0,2,4,3,Dry,Curve,Grade/Hillcrest,Lowest,No
29987,47,Tennessee,470225,0,1,1,0,1,NOT APPLICABLE,March,21,Tuesday,13,25,Rural,High Speed (Arterial),Yes,35.87866944,-84.36146111,Non-Intersection,Daylight,Clear,1:00pm-1:59pm,24,1:00pm-1:59pm,36,2:00pm-2:59pm,2,1,Daylight,Clear,1,0,['Driver'],['None_Used'],0,0,Valid,0.0,0.0,45.0,45.0,['Male'],0,0,3,4,3,Dry,Straight,Level,Lowest,No
29988,47,Tennessee,470226,0,2,2,0,2,NOT APPLICABLE,March,22,Wednesday,7,48,Rural,Medium Speed (Collector),No,35.53261944,-86.51651111,Non-Intersection,Daylight,Rain,7:00am-7:59am,41,7:00am-7:59am,48,8:00am-8:59am,29,1,Daylight,Rain/Wind/Minor,1,1,['Driver'],['None_Used'],0,0,Valid,1.0,0.0,58.0,57.0,"['Male', 'Female']",0,0,3,4,5,Wet/Standing Water,Straight,Level,Lowest,No
29989,47,Tennessee,470227,1,1,1,0,1,MEMPHIS,March,23,Thursday,21,0,Urban,Medium Speed (Collector),No,35.13416944,-89.99038056,Non-Intersection,Dark - Lighted,Clear,9:00pm-9:59pm,5,9:00pm-9:59pm,8,9:00pm-9:59pm,49,1,Dark - Lighted,Clear,0,0,[],[],0,0,Invalid,0.0,0.0,998.0,998.0,['Other'],0,0,1,0,4,Dry,Straight,Level,Lowest,No
29990,47,Tennessee,470228,0,1,1,0,1,NOT APPLICABLE,March,19,Sunday,99,99,Rural,Low Speed (Local),No,36.49196111,-86.69268056,Non-Intersection,Dark - Not Lighted,Clear,Unknown,Unknown,Unknown EMS Scene Arrival Hour,Unknown EMS Scene Arrival Minutes,Not Applicable (Not Transported),Not Applicable (Not Transported),1,Dark - Unlighted,Clear,1,0,['Driver'],['Shoulder_Lapbelt'],1,1,Valid,0.0,0.0,53.0,53.0,['Male'],0,0,2,4,3,Dry,Straight,Grade/Hillcrest,Lowest,No
29991,47,Tennessee,470229,0,2,2,0,2,CLARKSVILLE,March,23,Thursday,20,55,Urban,High Speed (Arterial),Yes,36.59205833,-87.41628889,Simple Junction,Dark - Lighted,Clear,8:00pm-8:59pm,58,9:00pm-9:59pm,2,9:00pm-9:59pm,50,1,Dark - Lighted,Clear,1,1,['Driver'],['None_Used'],0,0,Valid,1.0,1.0,23.0,19.0,"['Male', 'Female']",0,0,5,4,5,Dry,Straight,Level,Lowest,No
29992,47,Tennessee,470230,1,1,1,0,1,CHATTANOOGA,March,24,Friday,4,19,Urban,High Speed (Arterial),Yes,35.02410278,-85.37809167,Non-Intersection,Dark - Not Lighted,Clear,Unknown,Unknown,Unknown EMS Scene Arrival Hour,Unknown EMS Scene Arrival Minutes,Not Applicable (Not Transported),Not Applicable (Not Transported),1,Dark - Unlighted,Clear,0,1,[],[],0,0,Valid,0.0,0.0,63.0,63.0,['Male'],0,0,3,4,4,Dry,Straight,Level,Lowest,No
29993,47,Tennessee,470231,1,1,1,0,1,MEMPHIS,March,21,Tuesday,19,51,Urban,High Speed (Arterial),Yes,35.13638889,-90.01210278,Non-Intersection,Dark - Not Lighted,Rain,Unknown,Unknown,Unknown EMS Scene Arrival Hour,Unknown EMS Scene Arrival Minutes,Unknown,Unknown EMS Hospital Arrival Time,1,Dark - Unlighted,Rain/Wind/Minor,0,0,[],[],0,0,Invalid,0.0,0.0,998.0,998.0,['Other'],0,0,1,0,4,Wet/Standing Water,Straight,Level,Lowest,No
29994,47,Tennessee,470233,0,2,2,0,2,NOT APPLICABLE,March,23,Thursday,8,20,Rural,Medium Speed (Collector),No,35.42618889,-84.50628889,Non-Intersection,Daylight,Cloudy,Unknown,Unknown,Unknown EMS Scene Arrival Hour,Unknown EMS Scene Arrival Minutes,Unknown,Unknown EMS Hospital Arrival Time,1,Daylight,Reduced Visibility,1,1,['Driver'],['None_Used'],0,0,Invalid,3.0,1.0,32.0,25.0,"['Male', 'Female']",0,0,3,4,5,Wet/Standing Water,Straight,Grade/Hillcrest,Lowest,No
29995,47,Tennessee,470234,0,1,1,0,1,MEMPHIS,March,26,Sunday,4,6,Urban,Medium Speed (Collector),No,35.035525,-89.82408889,Non-Intersection,Dark - Lighted,Clear,Unknown,Unknown,Unknown EMS Scene Arrival Hour,Unknown EMS Scene Arrival Minutes,Not Applicable (Not Transported),Not Applicable (Not Transported),1,Dark - Lighted,Clear,1,0,['Driver'],['None_Used'],1,1,Valid,1.0,0.0,24.0,24.0,['Female'],1,0,2,4,3,Dry,Curve,Level,Lowest,No
29996,47,Tennessee,470235,1,1,1,0,1,MANCHESTER,March,23,Thursday,23,29,Urban,Medium Speed (Collector),No,35.44766111,-86.02941111,Non-Intersection,Dark - Not Lighted,Clear,Unknown,Unknown,Unknown EMS Scene Arrival Hour,Unknown EMS Scene Arrival Minutes,Not Applicable (Not Transported),Not Applicable (Not Transported),1,Dark - Unlighted,Clear,0,1,[],[],0,0,Valid,0.0,0.0,17.0,17.0,['Male'],0,0,3,3,4,Dry,Straight,Level,Lowest,No
29997,47,Tennessee,470236,1,1,1,0,1,MEMPHIS,March,26,Sunday,19,35,Urban,High Speed (Arterial),Yes,35.06310833,-90.05920278,Non-Intersection,Dusk,Clear,Unknown,Unknown,Unknown EMS Scene Arrival Hour,Unknown EMS Scene Arrival Minutes,Not Applicable (Not Transported),Not Applicable (Not Transported),1,Twilight,Clear,0,1,[],[],0,0,Valid,0.0,5.0,49.0,49.0,['Male'],0,0,3,4,4,Dry,Straight,Level,Lowest,No
29998,47,Tennessee,470238,8,2,1,1,1,KINGSPORT,March,26,Sunday,18,56,Urban,High Speed (Arterial),Yes,36.47921667,-82.48401944,Non-Intersection,Daylight,Clear,6:00pm-6:59pm,58,7:00pm-7:59pm,4,7:00pm-7:59pm,49,4,Daylight,Clear,0,1,[],[],1,1,Valid,0.0,0.0,60.0,60.0,['Male'],0,0,4,4,4,Dry,Straight,Level,Lowest,No
29999,47,Tennessee,470239,0,2,2,0,2,MOUNT JULIET,March,18,Saturday,16,41,Urban,High Speed (Arterial),Yes,36.17328056,-86.4968,Non-Intersection,Daylight,Clear,4:00pm-4:59pm,40,4:00pm-4:59pm,49,5:00pm-5:59pm,7,1,Daylight,Clear,1,1,['Driver'],['None_Used'],1,1,Valid,1.0,0.0,53.0,27.0,"['Female', 'Male']",0,0,5,4,5,Dry,Straight,Level,Lowest,No
30000,47,Tennessee,470240,0,2,2,0,9,NOT APPLICABLE,March,26,Sunday,1,53,Rural,High Speed (Arterial),Yes,36.4163,-87.04766944,Non-Intersection,Dark - Not Lighted,Clear,2:00am-2:59am,3,2:00am-2:59am,13,2:00am-2:59am,50,6,Dark - Unlighted,Clear,6,3,"['Driver', 'Rear_Seat', 'Rear_Seat', 'Rear_Seat', 'Rear_Seat', 'Rear_Seat']","['Shoulder_Lapbelt', 'None_Used', 'None_Used', 'None_Used', 'None_Used', 'None_Used']",1,1,Valid,1.0,1.0,23.0,19.0,"['Male', 'Female']",0,0,2,4,5,Dry,Straight,Level,Medium,No
30001,47,Tennessee,470241,0,2,2,0,3,NOT APPLICABLE,March,25,Saturday,11,5,Rural,High Speed (Arterial),Yes,36.49238889,-84.96841944,Simple Junction,Daylight,Clear,11:00am-11:59am,36,11:00am-11:59am,44,12:00pm-12:59pm,10,1,Daylight,Clear,1,2,['Driver'],['None_Used'],0,0,Valid,0.0,0.0,76.0,28.0,"['Male', 'Female']",0,0,5,4,5,Dry,Straight,Grade/Hillcrest,Lowest,No
30002,47,Tennessee,470242,0,2,2,0,2,NOT APPLICABLE,March,23,Thursday,16,51,Urban,Medium Speed (Collector),No,35.74291944,-86.32488889,Non-Intersection,Daylight,Clear,4:00pm-4:59pm,47,4:00pm-4:59pm,54,5:00pm-5:59pm,48,1,Daylight,Clear,1,1,['Driver'],['Shoulder_Lapbelt'],0,0,Valid,1.0,0.0,45.0,23.0,"['Male', 'Male']",0,0,4,4,5,Dry,Straight,Level,Lowest,No
30003,47,Tennessee,470243,0,1,1,0,1,KNOXVILLE,March,29,Wednesday,8,48,Urban,Low Speed (Local),No,35.97816944,-83.88508056,Non-Intersection,Daylight,Clear,Unknown,Unknown,Unknown EMS Scene Arrival Hour,Unknown EMS Scene Arrival Minutes,Unknown,Unknown EMS Hospital Arrival Time,1,Daylight,Clear,1,0,['Driver'],['None_Used'],0,0,Invalid,0.0,0.0,53.0,53.0,['Male'],1,0,2,4,3,Dry,Curve,Level,Lowest,Yes
30004,47,Tennessee,470244,0,1,1,0,1,JOHNSON CITY,March,14,Tuesday,6,10,Urban,High Speed (Arterial),Yes,36.36281111,-82.40853889,Non-Intersection,Dark - Not Lighted,Clear,6:00am-6:59am,12,6:00am-6:59am,17,6:00am-6:59am,43,1,Dark - Unlighted,Clear,1,0,['Driver'],['None_Used'],0,0,Valid,0.0,1.0,48.0,48.0,['Female'],0,0,2,4,2,Dry,Straight,Grade/Hillcrest,Lowest,No
30005,47,Tennessee,470245,1,2,2,0,2,CHATTANOOGA,March,29,Wednesday,21,35,Urban,High Speed (Arterial),Yes,35.060925,-85.13653889,Non-Intersection,Dark - Lighted,Clear,Unknown,Unknown,Unknown EMS Scene Arrival Hour,Unknown EMS Scene Arrival Minutes,Not Applicable (Not Transported),Not Applicable (Not Transported),1,Dark - Lighted,Clear,0,1,[],[],0,0,Valid,0.0,0.0,999.0,33.0,"['Male', 'Other']",0,0,3,4,4,Dry,Straight,Level,Lowest,No
30006,47,Tennessee,470246,0,1,1,0,1,NOT APPLICABLE,March,21,Tuesday,23,20,Rural,Medium Speed (Collector),No,35.91041944,-83.39273056,Non-Intersection,Dark - Not Lighted,Clear,11:00pm-11:59pm,25,11:00pm-11:59pm,35,11:00pm-11:59pm,51,1,Dark - Unlighted,Clear,1,0,['Driver'],['Shoulder_Lapbelt'],1,1,Valid,0.0,0.0,27.0,27.0,['Male'],1,0,2,4,3,Dry,Curve,Level,Lowest,No
30007,47,Tennessee,470247,1,1,1,0,1,KNOXVILLE,March,30,Thursday,4,43,Urban,Medium Speed (Collector),No,35.97102222,-83.90375,Non-Intersection,Dark - Not Lighted,Clear,3:00am-3:59am,43,3:00am-3:59am,54,Not Applicable (Not Transported),Not Applicable (Not Transported),1,Dark - Unlighted,Clear,0,1,[],[],0,0,Valid,1.0,0.0,19.0,19.0,['Male'],0,0,3,3,4,Dry,Straight,Grade/Hillcrest,Lowest,No
30008,47,Tennessee,470248,0,1,1,0,6,NOT APPLICABLE,March,30,Thursday,6,49,Rural,High Speed (Arterial),Yes,35.38375,-89.42988889,Non-Intersection,Daylight,Clear,7:00am-7:59am,4,7:00am-7:59am,16,8:00am-8:59am,32,1,Daylight,Clear,1,5,['Rear_Seat'],['Shoulder_Lapbelt'],0,0,Valid,0.0,0.0,51.0,51.0,['Female'],0,0,3,4,3,Dry,Straight,Level,Medium,No
30009,47,Tennessee,470249,0,2,2,0,6,NOT APPLICABLE,April,1,Saturday,14,25,Rural,High Speed (Arterial),Yes,35.20763889,-87.30393056,Complex/Circle,Daylight,Clear,2:00pm-2:59pm,24,2:00pm-2:59pm,30,3:00pm-3:59pm,8,2,Daylight,Clear,2,4,"['Driver', 'Front_Passenger']","['Shoulder_Lapbelt', 'Shoulder_Lapbelt']",0,0,Valid,1.0,0.0,84.0,76.0,"['Female', 'Male']",0,0,3,4,5,Dry,Straight,Level,Lowest,No
30010,47,Tennessee,470250,0,1,1,0,1,NOT APPLICABLE,April,1,Saturday,17,4,Rural,Low Speed (Local),No,35.60056111,-86.86701111,Non-Intersection,Daylight,Clear,5:00pm-5:59pm,3,5:00pm-5:59pm,15,5:00pm-5:59pm,52,1,Daylight,Clear,1,0,['Driver'],['None_Used'],0,0,Valid,1.0,0.0,23.0,23.0,['Male'],1,0,5,4,3,Dry,Curve,Level,Lowest,No
30011,47,Tennessee,470251,0,1,1,0,1,PARIS,April,1,Saturday,16,42,Urban,Low Speed (Local),No,36.29311944,-88.27543889,Non-Intersection,Daylight,Not Reported,3:00pm-3:59pm,45,3:00pm-3:59pm,52,Not Applicable (Not Transported),Not Applicable (Not Transported),1,Daylight,Clear,1,0,['Driver'],['None_Used'],1,1,Valid,0.0,1.0,50.0,50.0,['Male'],0,0,2,4,3,Dry,Straight,Level,Lowest,No
30012,47,Tennessee,470252,0,1,1,0,1,MEMPHIS,April,3,Monday,0,32,Urban,Medium Speed (Collector),No,35.00611389,-90.09196944,Non-Intersection,Dark - Lighted,Rain,Unknown,Unknown,Unknown EMS Scene Arrival Hour,Unknown EMS Scene Arrival Minutes,Not Applicable (Not Transported),Not Applicable (Not Transported),1,Dark - Lighted,Rain/Wind/Minor,1,0,['Driver'],['None_Used'],1,1,Invalid,0.0,1.0,36.0,36.0,['Male'],0,0,2,4,2,Wet/Standing Water,Straight,Grade/Hillcrest,Lowest,No
30013,47,Tennessee,470253,0,1,1,0,1,NASHVILLE,April,4,Tuesday,99,99,Urban,Medium Speed (Collector),No,36.11113889,-86.92928889,Non-Intersection,Daylight,Clear,1:00pm-1:59pm,57,2:00pm-2:59pm,8,Not Applicable (Not Transported),Not Applicable (Not Transported),1,Daylight,Clear,1,0,['Driver'],['Shoulder_Lapbelt'],0,0,Valid,1.0,0.0,37.0,37.0,['Female'],0,0,3,4,3,Dry,Curve,Grade/Hillcrest,Lowest,No
30014,47,Tennessee,470254,0,1,1,0,5,MILLINGTON,April,2,Sunday,17,10,Urban,High Speed (Arterial),Yes,35.31062778,-89.94281111,Non-Intersection,Daylight,Clear,5:00pm-5:59pm,12,5:00pm-5:59pm,20,5:00pm-5:59pm,58,1,Daylight,Clear,1,4,['Front_Passenger'],['Shoulder_Lapbelt'],0,0,Valid,1.0,1.0,34.0,34.0,['Female'],0,0,3,4,3,Dry,Straight,Grade/Hillcrest,Lowest,No
30015,47,Tennessee,470255,0,2,2,0,2,KNOXVILLE,March,29,Wednesday,21,35,Urban,High Speed (Arterial),Yes,35.966675,-83.94105,Non-Intersection,Dark - Lighted,Clear,8:00pm-8:59pm,38,8:00pm-8:59pm,40,9:00pm-9:59pm,1,1,Dark - Lighted,Clear,1,0,['Driver'],['None_Used'],0,0,Valid,1.0,0.0,54.0,33.0,"['Female', 'Male']",0,0,5,4,5,Dry,Straight,Level,Lowest,No
30016,47,Tennessee,470256,0,2,2,0,2,NOT APPLICABLE,March,8,Wednesday,16,45,Rural,Low Speed (Local),No,35.79473056,-86.97748056,Non-Intersection,Daylight,Cloudy,4:00pm-4:59pm,41,4:00pm-4:59pm,53,6:00pm-6:59pm,5,1,Daylight,Reduced Visibility,1,1,['Driver'],['Shoulder_Lapbelt'],0,0,Valid,1.0,0.0,66.0,29.0,"['Male', 'Male']",0,0,4,4,5,Dry,Straight,Grade/Hillcrest,Lowest,No
30017,47,Tennessee,470257,0,6,6,0,14,JACKSON,March,26,Sunday,16,17,Urban,High Speed (Arterial),Yes,35.65975,-88.86666944,Non-Intersection,Daylight,Clear,4:00pm-4:59pm,6,4:00pm-4:59pm,21,5:00pm-5:59pm,9,1,Daylight,Clear,1,13,['Rear_Seat'],['None_Used'],1,1,Invalid,1.0,2.0,60.0,26.0,"['Male', 'Female', 'Male', 'Male', 'Female', 'Male']",0,0,3,4,5,Dry,Straight,Level,Lowest,No
30018,47,Tennessee,470258,0,1,1,0,1,NOT APPLICABLE,April,4,Tuesday,20,40,Rural,Medium Speed (Collector),No,35.28265,-84.96153056,Non-Intersection,Dark - Not Lighted,Clear,9:00pm-9:59pm,0,9:00pm-9:59pm,7,9:00pm-9:59pm,52,1,Dark - Unlighted,Clear,1,0,['Driver'],['None_Used'],0,0,Valid,0.0,0.0,56.0,56.0,['Male'],0,0,2,4,3,Dry,Straight,Level,Lowest,No
30019,47,Tennessee,470259,0,1,1,0,1,KINGSPORT,April,1,Saturday,22,0,Urban,Low Speed (Local),No,36.49663056,-82.57383056,Non-Intersection,Dark - Not Lighted,Clear,10:00pm-10:59pm,6,10:00pm-10:59pm,11,10:00pm-10:59pm,27,1,Dark - Unlighted,Clear,1,0,['Driver'],['Shoulder_Lapbelt'],0,0,Valid,0.0,0.0,61.0,61.0,['Male'],0,0,3,4,3,Dry,Straight,Level,Lowest,No
30020,47,Tennessee,470260,0,2,2,0,3,NOT APPLICABLE,April,1,Saturday,22,55,Rural,High Speed (Arterial),Yes,36.38273056,-84.54865,Non-Intersection,Dark - Not Lighted,Clear,10:00pm-10:59pm,43,10:00pm-10:59pm,48,11:00pm-11:59pm,55,1,Dark - Unlighted,Clear,1,2,['Driver'],['None_Used'],0,0,Valid,0.0,0.0,75.0,68.0,"['Male', 'Female']",0,0,2,4,5,Dry,Straight,Level,Lowest,Yes
30021,47,Tennessee,470261,0,2,2,0,2,MADISON,April,3,Monday,20,0,Urban,High Speed (Arterial),Yes,36.26833889,-86.75616111,Simple Junction,Dark - Lighted,Clear,8:00pm-8:59pm,0,8:00pm-8:59pm,4,8:00pm-8:59pm,18,1,Dark - Lighted,Clear,1,1,['Driver'],['None_Used'],0,0,Invalid,2.0,0.0,62.0,34.0,"['Male', 'Male']",1,0,5,4,5,Dry,Straight,Level,Lowest,No
30022,47,Tennessee,470262,0,1,1,0,1,NOT APPLICABLE,April,4,Tuesday,5,35,Rural,High Speed (Arterial),Yes,35.77656111,-84.35118056,Non-Intersection,Dark - Not Lighted,Cloudy,6:00am-6:59am,5,6:00am-6:59am,21,Not Applicable (Not Transported),Not Applicable (Not Transported),1,Dark - Unlighted,Reduced Visibility,1,0,['Driver'],['None_Used'],0,0,Valid,1.0,0.0,45.0,45.0,['Male'],0,0,5,4,2,Dry,Straight,Level,Lowest,No
30023,47,Tennessee,470263,1,1,1,0,1,LAWRENCEBURG,April,5,Wednesday,11,12,Urban,High Speed (Arterial),Yes,35.27303056,-87.31896111,Non-Intersection,Daylight,Clear,11:00am-11:59am,20,11:00am-11:59am,45,12:00pm-12:59pm,33,1,Daylight,Clear,0,1,[],[],0,0,Valid,0.0,0.0,29.0,29.0,['Male'],0,0,3,3,4,Dry,Straight,Level,Lowest,No
30024,47,Tennessee,470264,0,3,3,0,3,MEMPHIS,April,6,Thursday,11,52,Urban,High Speed (Arterial),Yes,35.07845278,-89.95313889,Non-Intersection,Daylight,Rain,Unknown,Unknown,Unknown EMS Scene Arrival Hour,Unknown EMS Scene Arrival Minutes,Unknown,Unknown EMS Hospital Arrival Time,1,Daylight,Rain/Wind/Minor,1,2,['Driver'],['Shoulder_Lapbelt'],0,0,Valid,1.0,1.0,46.0,25.0,"['Female', 'Male', 'Male']",0,0,3,4,5,Wet/Standing Water,Straight,Level,Lowest,No
30025,47,Tennessee,470265,0,2,2,0,3,NOT APPLICABLE,March,4,Saturday,11,28,Rural,Medium Speed (Collector),No,36.46966111,-83.24338889,Non-Intersection,Daylight,Clear,10:00am-10:59am,45,11:00am-11:59am,12,11:00am-11:59am,46,1,Daylight,Clear,1,2,['Front_Passenger'],['Shoulder_Lapbelt'],0,0,Valid,1.0,3.0,73.0,22.0,"['Female', 'Male']",0,0,3,4,5,Dry,Straight,Grade/Hillcrest,Lowest,No
30026,47,Tennessee,470266,0,1,1,0,1,NOT APPLICABLE,March,26,Sunday,17,10,Rural,Medium Speed (Collector),No,35.41431111,-89.2803,Non-Intersection,Daylight,Clear,Unknown,Unknown,Unknown EMS Scene Arrival Hour,Unknown EMS Scene Arrival Minutes,Not Applicable (Not Transported),Not Applicable (Not Transported),1,Daylight,Clear,1,0,['Driver'],['None_Used'],0,0,Valid,0.0,0.0,66.0,66.0,['Female'],0,0,5,2,2,Dry,Curve,Level,Lowest,Yes
30027,47,Tennessee,470267,0,1,1,0,1,NOT APPLICABLE,April,3,Monday,9,6,Rural,High Speed (Arterial),Yes,35.00583056,-85.52353889,Non-Intersection,Daylight,Rain,Unknown,Unknown,Unknown EMS Scene Arrival Hour,Unknown EMS Scene Arrival Minutes,Not Applicable (Not Transported),Not Applicable (Not Transported),1,Daylight,Rain/Wind/Minor,1,0,['Driver'],['None_Used'],0,0,Invalid,1.0,0.0,55.0,55.0,['Female'],0,0,3,4,3,Wet/Standing Water,Curve,Level,Lowest,No
30028,47,Tennessee,470268,0,3,3,0,3,NOT APPLICABLE,April,5,Wednesday,13,56,Urban,High Speed (Arterial),Yes,36.07478889,-83.77103889,Complex/Circle,Daylight,Clear,Unknown,Unknown,Unknown EMS Scene Arrival Hour,Unknown EMS Scene Arrival Minutes,Not Applicable (Not Transported),Not Applicable (Not Transported),1,Daylight,Clear,1,2,['Driver'],['None_Used'],0,0,Valid,0.0,1.0,57.0,18.0,"['Male', 'Male', 'Male']",1,0,5,4,5,Dry,Straight,Grade/Hillcrest,Lowest,No
30029,47,Tennessee,470269,0,1,1,0,2,MEMPHIS,April,9,Sunday,1,1,Urban,Low Speed (Local),No,35.08729722,-90.07983889,Non-Intersection,Dark - Not Lighted,Clear,1:00am-1:59am,9,1:00am-1:59am,20,1:00am-1:59am,38,1,Dark - Unlighted,Clear,1,1,['Driver'],['None_Used'],1,1,Valid,0.0,0.0,22.0,22.0,['Male'],0,0,2,4,2,Dry,Straight,Level,Lowest,No
30030,47,Tennessee,470270,0,1,1,0,1,NOT APPLICABLE,April,9,Sunday,12,50,Urban,Medium Speed (Collector),No,35.90461944,-83.73398889,Non-Intersection,Daylight,Clear,12:00pm-12:59pm,49,12:00pm-12:59pm,56,1:00pm-1:59pm,38,1,Daylight,Clear,1,0,['Driver'],['None_Used'],0,0,Valid,0.0,0.0,66.0,66.0,['Male'],1,0,2,4,3,Dry,Curve,Level,Lowest,No
30031,47,Tennessee,470271,1,1,1,0,1,MEMPHIS,April,9,Sunday,15,31,Urban,Medium Speed (Collector),No,35.11678056,-90.00675,Non-Intersection,Daylight,Clear,3:00pm-3:59pm,38,3:00pm-3:59pm,43,3:00pm-3:59pm,59,1,Daylight,Clear,0,1,[],[],0,0,Invalid,0.0,0.0,17.0,17.0,['Male'],1,0,2,4,4,Dry,Straight,Level,Lowest,No
30032,47,Tennessee,470272,1,1,1,0,1,NASHVILLE,March,18,Saturday,0,44,Urban,High Speed (Arterial),Yes,36.20591111,-86.76895,Non-Intersection,Dark - Lighted,Clear,0:00am-0:59am,43,0:00am-0:59am,50,1:00am-1:59am,3,1,Dark - Lighted,Clear,0,0,[],[],0,0,Invalid,0.0,0.0,999.0,999.0,['Other'],0,0,1,0,4,Dry,Straight,Level,Lowest,No
30033,47,Tennessee,470273,0,2,2,0,6,NOT APPLICABLE,April,2,Sunday,4,7,Rural,High Speed (Arterial),Yes,35.48476944,-89.2725,Non-Intersection,Dark - Not Lighted,Clear,4:00am-4:59am,30,5:00am-5:59am,3,6:00am-6:59am,3,2,Dark - Unlighted,Clear,2,4,"['Driver', 'Rear_Seat']","['Shoulder_Lapbelt', 'Shoulder_Lapbelt']",1,1,Valid,0.0,0.0,58.0,27.0,"['Female', 'Female']",0,0,2,4,5,Dry,Straight,Level,Lowest,No