,State_Code,State_Name,Crash_ID,Count_Non_Motorists,Count_Vehicles_Total,Count_Vehicle_Forms,Count_PVH_Involved,Count_Occupants_MV,City_Name,Month_Name,Day_of_Month,Day_of_Week,Crash_Hour,Crash_Minute,Area_Rural_Urban,Road_Functional_Class,On_NHS_Road,Latitude,Longitude,Intersection_Type,Light_Condition,Weather_Condition,Notif_Hour,Notif_Minute,Arrival_Hour,Arrival_Minute,Hospital_Hour,Hospital_Minute,Fatalities_Count,Clean_Light_Condition,Clean_Weather_Condition,Total_Killed,Total_Alive,Fatal_Seats_List,Killed_Restraint_List,Any_Driver_Drinking,Total_Drinking_Drivers,Driver_License_Category,Driver_Max_Prev_Accident_Count,Driver_Max_Prev_Speeding_Count,Max_Driver_Age,Min_Driver_Age,Driver_Sex_List,Total_Exceeding_Limit_Vehicles,Total_Too_Fast_Vehicles,Max_Vehicle_Type_Severity_5,Max_Vehicle_Damage_Rank,Max_Harmful_Event_Severity,Crash_Road_Surface_Condition,Crash_Horizontal_Alignment,Crash_Vertical_Profile,Crash_Impairment_Category,Crash_Vehicle_Defect
30034,47,Tennessee,470274,0,1,1,0,1,NASHVILLE,April,8,Saturday,4,23,Urban,High Speed (Arterial),Yes,36.21503889,-86.76403056,Non-Intersection,Dark - Lighted,Clear,Unknown,Unknown,Unknown EMS Scene Arrival Hour,Unknown EMS Scene Arrival Minutes,Not Applicable (Not Transported),Not Applicable (Not Transported),1,Dark - Lighted,Clear,1,0,['Driver'],['Shoulder_Lapbelt'],1,1,Invalid,0.0,0.0,21.0,21.0,['Female'],1,0,2,4,3,Dry,Straight,Level,Lowest,No
30035,47,Tennessee,470275,0,2,2,0,2,NASHVILLE,April,9,Sunday,14,2,Urban,High Speed (Arterial),Yes,36.17526944,-86.79266111,Complex/Circle,Daylight,Clear,2:00pm-2:59pm,2,2:00pm-2:59pm,9,2:00pm-2:59pm,23,1,Daylight,Clear,1,1,['Driver'],['None_Used'],0,0,Valid,1.0,0.0,50.0,28.0,"['Male', 'Male']",0,0,5,4,5,Dry,Straight,Level,Lowest,No
30036,47,Tennessee,470276,0,2,2,0,2,NOT APPLICABLE,April,9,Sunday,17,44,Rural,Medium Speed (Collector),No,36.15581944,-85.28795,Non-Intersection,Daylight,Clear,5:00pm-5:59pm,34,5:00pm-5:59pm,53,6:00pm-6:59pm,49,1,Daylight,Clear,1,1,['Driver'],['None_Used'],1,1,Valid,1.0,0.0,58.0,29.0,"['Male', 'Male']",0,0,5,4,5,Dry,Curve,Grade/Hillcrest,Lowest,No
30037,47,Tennessee,470277,1,1,1,0,1,MEMPHIS,April,10,Monday,18,46,Urban,Low Speed (Local),No,35.05018056,-89.99976111,Simple Junction,Daylight,Clear,6:00pm-6:59pm,48,7:00pm-7:59pm,3,7:00pm-7:59pm,13,1,Daylight,Clear,0,1,[],[],0,0,Valid,0.0,0.0,48.0,48.0,['Female'],0,0,3,3,4,Dry,Straight,Level,Lowest,No
30038,47,Tennessee,470278,1,2,2,0,3,HUMBOLDT,April,10,Monday,21,55,Urban,High Speed (Arterial),Yes,35.83661944,-88.90431111,Non-Intersection,Dark - Not Lighted,Clear,Unknown,Unknown,Unknown EMS Scene Arrival Hour,Unknown EMS Scene Arrival Minutes,Not Applicable (Not Transported),Not Applicable (Not Transported),1,Dark - Unlighted,Clear,0,3,[],[],0,0,Valid,1.0,1.0,75.0,34.0,"['Male', 'Male']",0,0,3,3,4,Dry,Straight,Grade/Hillcrest,Lowest,No
30039,47,Tennessee,470279,0,2,2,0,4,CLARKSVILLE,April,8,Saturday,16,23,Urban,High Speed (Arterial),Yes,36.52283056,-87.2174,Non-Intersection,Daylight,Clear,4:00pm-4:59pm,20,4:00pm-4:59pm,23,4:00pm-4:59pm,57,2,Daylight,Clear,2,2,"['Driver', 'Rear_Seat']","['None_Used', 'None_Used']",0,0,Valid,1.0,1.0,42.0,37.0,"['Male', 'Male']",4,0,5,4,5,Dry,Straight,Level,Lowest,No
30040,47,Tennessee,470280,0,1,1,0,1,NOT APPLICABLE,April,2,Sunday,19,58,Rural,Low Speed (Local),No,35.31871111,-84.74976944,Non-Intersection,Daylight,Clear,7:00pm-7:59pm,56,8:00pm-8:59pm,14,9:00pm-9:59pm,20,1,Daylight,Clear,1,0,['Driver'],['None_Used'],1,1,Valid,1.0,2.0,58.0,58.0,['Male'],0,0,5,3,3,Dry,Curve,Level,Lowest,No
30041,47,Tennessee,470282,0,2,2,0,4,KINGSPORT,April,5,Wednesday,17,50,Urban,Medium Speed (Collector),No,36.54852222,-82.51251111,Complex/Circle,Daylight,Clear,5:00pm-5:59pm,54,5:00pm-5:59pm,56,6:00pm-6:59pm,27,1,Daylight,Clear,1,3,['Front_Passenger'],['Shoulder_Lapbelt'],0,0,Valid,0.0,1.0,64.0,51.0,"['Female', 'Female']",0,0,3,4,5,Dry,Straight,Level,Lowest,Yes
30042,47,Tennessee,470283,0,3,3,0,4,NOT APPLICABLE,April,11,Tuesday,7,41,Rural,Medium Speed (Collector),No,36.31275,-87.04793056,Non-Intersection,Daylight,Clear,7:00am-7:59am,39,7:00am-7:59am,50,8:00am-8:59am,16,2,Daylight,Clear,2,2,"['Driver', 'Rear_Seat']","['None_Used', 'Child_Safety']",0,0,Valid,4.0,1.0,35.0,27.0,"['Male', 'Female', 'Male']",0,0,4,4,5,Dry,Curve,Level,Lowest,No
30043,47,Tennessee,470284,0,2,2,0,5,MEMPHIS,April,11,Tuesday,15,13,Urban,High Speed (Arterial),Yes,35.02102222,-90.00753056,Complex/Circle,Daylight,Clear,3:00pm-3:59pm,5,3:00pm-3:59pm,18,4:00pm-4:59pm,3,3,Daylight,Clear,3,2,"['Driver', 'Front_Passenger', 'Rear_Seat']","['None_Used', 'None_Used', 'Shoulder_Lapbelt']",0,0,Invalid,1.0,0.0,27.0,19.0,"['Male', 'Male']",1,0,3,4,5,Dry,Straight,Level,Lowest,No
30044,47,Tennessee,470285,0,2,2,0,2,CORRYTON,April,7,Friday,3,11,Urban,Medium Speed (Collector),No,36.14951944,-83.88876111,Non-Intersection,Dark - Not Lighted,Not Reported,2:00am-2:59am,11,2:00am-2:59am,27,3:00am-3:59am,45,1,Dark - Unlighted,Clear,1,1,['Driver'],['None_Used'],1,1,Valid,0.0,0.0,43.0,25.0,"['Male', 'Male']",0,0,5,4,5,Dry,Straight,Grade/Hillcrest,Lowest,No
30045,47,Tennessee,470286,0,2,2,0,3,JACKSON,April,12,Wednesday,17,41,Urban,High Speed (Arterial),Yes,35.6813,-88.85536111,Complex/Circle,Daylight,Clear,5:00pm-5:59pm,46,6:00pm-6:59pm,0,6:00pm-6:59pm,17,1,Daylight,Clear,1,2,['Front_Passenger'],['Shoulder_Lapbelt'],0,0,Valid,0.0,0.0,78.0,23.0,"['Male', 'Female']",0,0,3,4,5,Dry,Straight,Level,Lowest,No
30046,47,Tennessee,470287,0,2,2,0,1,NOT APPLICABLE,April,11,Tuesday,11,10,Rural,Low Speed (Local),No,35.73491111,-83.69001944,Non-Intersection,Daylight,Clear,Unknown,Unknown,Unknown EMS Scene Arrival Hour,Unknown EMS Scene Arrival Minutes,Not Applicable (Not Transported),Not Applicable (Not Transported),1,Daylight,Clear,1,0,['Driver'],['Shoulder_Lapbelt'],0,0,Valid,3.0,0.0,42.0,42.0,['Male'],0,0,5,4,5,Dry,Straight,Grade/Hillcrest,Lowest,No
30047,47,Tennessee,470288,0,2,2,0,2,MEMPHIS,April,12,Wednesday,9,36,Urban,High Speed (Arterial),Yes,35.06878889,-89.94438056,Simple Junction,Daylight,Clear,9:00am-9:59am,42,9:00am-9:59am,52,Not Applicable (Not Transported),Not Applicable (Not Transported),1,Daylight,Clear,1,1,['Driver'],['None_Used'],0,0,Invalid,1.0,0.0,28.0,20.0,"['Male', 'Female']",1,0,5,4,5,Dry,Straight,Level,Lowest,No
30048,47,Tennessee,470289,0,2,2,0,2,NOT APPLICABLE,April,10,Monday,20,52,Urban,Medium Speed (Collector),No,36.41888889,-86.45651944,Non-Intersection,Dark - Not Lighted,Clear,Unknown,Unknown,Unknown EMS Scene Arrival Hour,Unknown EMS Scene Arrival Minutes,Unknown,Unknown EMS Hospital Arrival Time,1,Dark - Unlighted,Clear,1,1,['Driver'],['None_Used'],0,0,Valid,1.0,1.0,58.0,37.0,"['Male', 'Male']",1,0,5,4,5,Dry,Straight,Level,Lowest,No
30049,47,Tennessee,470290,1,1,1,0,1,KNOXVILLE,April,12,Wednesday,5,9,Urban,High Speed (Arterial),Yes,35.85680278,-84.024275,Non-Intersection,Dark - Not Lighted,Clear,Unknown,Unknown,Unknown EMS Scene Arrival Hour,Unknown EMS Scene Arrival Minutes,Not Applicable (Not Transported),Not Applicable (Not Transported),1,Dark - Unlighted,Clear,0,1,[],[],0,0,Valid,1.0,0.0,46.0,46.0,['Male'],0,0,3,3,4,Dry,Straight,Level,Lowest,No
30050,47,Tennessee,470291,0,2,2,0,2,NOT APPLICABLE,April,5,Wednesday,15,57,Rural,High Speed (Arterial),Yes,35.32896944,-87.69176111,Non-Intersection,Daylight,Sleet or Hail,Unknown,Unknown,Unknown EMS Scene Arrival Hour,Unknown EMS Scene Arrival Minutes,Not Applicable (Not Transported),Not Applicable (Not Transported),1,Daylight,Snow/Ice/Severe,1,1,['Driver'],['Shoulder_Lapbelt'],0,0,Valid,0.0,0.0,85.0,71.0,"['Male', 'Male']",0,0,4,4,5,Wet/Standing Water,Curve,Grade/Hillcrest,Lowest,Yes
30051,47,Tennessee,470292,0,2,2,0,2,NOT APPLICABLE,April,9,Sunday,99,99,Rural,Medium Speed (Collector),No,36.61748889,-85.79498889,Non-Intersection,Dark - Not Lighted,Clear,Unknown,Unknown,Unknown EMS Scene Arrival Hour,Unknown EMS Scene Arrival Minutes,Unknown,Unknown EMS Hospital Arrival Time,2,Dark - Unlighted,Clear,2,0,"['Driver', 'Driver']","['Shoulder_Lapbelt', 'None_Used']",1,2,Valid,0.0,0.0,50.0,39.0,"['Male', 'Male']",0,0,5,4,5,Dry,Straight,Level,Lowest,No
30052,47,Tennessee,470293,0,1,1,0,2,NASHVILLE,April,13,Thursday,17,24,Rural,Low Speed (Local),No,36.2407,-86.88946111,Non-Intersection,Daylight,Clear,5:00pm-5:59pm,24,5:00pm-5:59pm,39,6:00pm-6:59pm,15,1,Daylight,Clear,1,1,['Driver'],['None_Used'],1,1,Valid,2.0,0.0,49.0,49.0,['Male'],2,0,5,4,2,Dry,Curve,Grade/Hillcrest,Lowest,No
30053,47,Tennessee,470294,0,3,3,0,6,MEMPHIS,April,14,Friday,19,55,Urban,High Speed (Arterial),Yes,35.19178333,-89.93336389,Non-Intersection,Dark - Lighted,Clear,Unknown,Unknown,Unknown EMS Scene Arrival Hour,Unknown EMS Scene Arrival Minutes,Not Applicable (Not Transported),Not Applicable (Not Transported),2,Dark - Lighted,Clear,2,4,"['Front_Passenger', 'Rear_Seat']","['Shoulder_Lapbelt', 'None_Used']",1,1,Valid,1.0,1.0,37.0,19.0,"['Male', 'Female', 'Male']",3,0,4,4,5,Dry,Straight,Level,Lowest,No
30054,47,Tennessee,470295,0,2,2,0,2,MOUNT JULIET,April,8,Saturday,13,27,Urban,Medium Speed (Collector),No,36.17568889,-86.52735,Non-Intersection,Daylight,Rain,4:00pm-4:59pm,22,4:00pm-4:59pm,28,Unknown,Unknown EMS Hospital Arrival Time,1,Daylight,Rain/Wind/Minor,1,1,['Driver'],['None_Used'],1,1,Valid,1.0,2.0,65.0,19.0,"['Female', 'Male']",0,0,3,4,5,Wet/Standing Water,Curve,Grade/Hillcrest,Lowest,No
30055,47,Tennessee,470296,1,1,1,0,2,KNOXVILLE,April,16,Sunday,0,15,Urban,Medium Speed (Collector),No,35.90403056,-83.84576111,Non-Intersection,Dark - Not Lighted,Cloudy,Unknown,Unknown,Unknown EMS Scene Arrival Hour,Unknown EMS Scene Arrival Minutes,Not Applicable (Not Transported),Not Applicable (Not Transported),1,Dark - Unlighted,Reduced Visibility,0,2,[],[],0,0,Valid,0.0,0.0,68.0,68.0,['Male'],0,0,3,3,4,Dry,Straight,Level,Lowest,No
30056,47,Tennessee,470297,0,1,1,0,1,NOT APPLICABLE,April,16,Sunday,99,99,Rural,Low Speed (Local),No,35.61666944,-88.59306944,Non-Intersection,Dark - Not Lighted,Rain,1:00am-1:59am,41,2:00am-2:59am,7,3:00am-3:59am,19,1,Dark - Unlighted,Rain/Wind/Minor,1,0,['Driver'],['None_Used'],1,1,Valid,0.0,0.0,30.0,30.0,['Male'],0,0,5,4,3,Wet/Standing Water,Straight,Level,Lowest,No
30057,47,Tennessee,470298,1,2,1,1,1,MEMPHIS,January,14,Saturday,0,23,Urban,High Speed (Arterial),Yes,35.20561111,-89.77003889,Non-Intersection,Dark - Not Lighted,Clear,0:00am-0:59am,25,0:00am-0:59am,37,1:00am-1:59am,19,1,Dark - Unlighted,Clear,0,1,[],[],0,0,Valid,1.0,0.0,21.0,21.0,['Male'],0,0,2,4,4,Dry,Straight,Level,Lowest,No
30058,47,Tennessee,470299,0,2,2,0,2,NOT APPLICABLE,April,13,Thursday,15,19,Rural,Medium Speed (Collector),No,35.35093889,-84.30546111,Non-Intersection,Daylight,Cloudy,3:00pm-3:59pm,23,3:00pm-3:59pm,26,4:00pm-4:59pm,48,1,Daylight,Reduced Visibility,1,1,['Driver'],['None_Used'],0,0,Valid,0.0,0.0,59.0,57.0,"['Female', 'Male']",0,0,3,4,5,Dry,Straight,Level,Lowest,No
30059,47,Tennessee,470302,1,1,1,0,1,NASHVILLE,April,16,Sunday,20,26,Urban,High Speed (Arterial),Yes,36.04485,-86.66313056,Non-Intersection,Dark - Lighted,Clear,Unknown,Unknown,Unknown EMS Scene Arrival Hour,Unknown EMS Scene Arrival Minutes,Unknown,Unknown EMS Hospital Arrival Time,1,Dark - Lighted,Clear,0,0,[],[],0,0,Invalid,0.0,0.0,999.0,999.0,['Other'],0,0,1,3,4,Dry,Straight,Level,Lowest,No
30060,47,Tennessee,470303,0,3,3,0,5,MEMPHIS,April,17,Monday,22,46,Urban,Medium Speed (Collector),No,35.22263333,-89.95626944,Complex/Circle,Dark - Lighted,Clear,10:00pm-10:59pm,50,10:00pm-10:59pm,55,11:00pm-11:59pm,15,2,Dark - Lighted,Clear,2,3,"['Driver', 'Rear_Seat']","['Shoulder_Lapbelt', 'Shoulder_Lapbelt']",0,0,Invalid,0.0,1.0,37.0,22.0,"['Male', 'Male', 'Male']",0,0,3,4,5,Dry,Straight,Level,Lowest,No
30061,47,Tennessee,470304,0,2,2,0,2,NOT APPLICABLE,April,14,Friday,11,25,Rural,High Speed (Arterial),Yes,36.10428056,-88.48998056,Non-Intersection,Daylight,Clear,11:00am-11:59am,35,11:00am-11:59am,40,12:00pm-12:59pm,4,1,Daylight,Clear,1,1,['Driver'],['Shoulder_Lapbelt'],0,0,Valid,0.0,0.0,79.0,22.0,"['Female', 'Female']",0,0,3,4,5,Dry,Straight,Level,Lowest,No
30062,47,Tennessee,470305,0,1,1,0,1,FRANKLIN,April,15,Saturday,0,4,Urban,Low Speed (Local),No,35.9279,-86.86745,Non-Intersection,Dark - Lighted,Clear,0:00am-0:59am,4,0:00am-0:59am,20,1:00am-1:59am,14,1,Dark - Lighted,Clear,1,0,['Driver'],['Shoulder_Lapbelt'],1,1,Valid,0.0,1.0,28.0,28.0,['Male'],1,0,2,4,2,Dry,Curve,Level,Lowest,No
30063,47,Tennessee,470307,0,1,1,0,2,PIONEER,April,14,Friday,14,0,Rural,Medium Speed (Collector),No,36.49465,-84.23721944,Non-Intersection,Daylight,Clear,2:00pm-2:59pm,9,2:00pm-2:59pm,26,4:00pm-4:59pm,25,1,Daylight,Clear,1,1,['Front_Passenger'],['Shoulder_Lapbelt'],0,0,Valid,0.0,0.0,71.0,71.0,['Male'],0,0,3,4,3,Dry,Curve,Grade/Hillcrest,Lowest,No
30064,47,Tennessee,470308,0,2,2,0,2,CHATTANOOGA,April,18,Tuesday,8,21,Urban,High Speed (Arterial),No,35.00153056,-85.13941389,Non-Intersection,Daylight,Clear,8:00am-8:59am,23,8:00am-8:59am,36,9:00am-9:59am,15,1,Daylight,Clear,1,1,['Driver'],['None_Used'],0,0,Valid,0.0,0.0,42.0,21.0,"['Male', 'Male']",0,0,3,4,5,Dry,Curve,Level,Lowest,No
30065,47,Tennessee,470309,0,1,1,0,1,CLARKSVILLE,April,18,Tuesday,10,10,Urban,Medium Speed (Collector),No,36.56959722,-87.28715278,Complex/Circle,Daylight,Clear,10:00am-10:59am,13,10:00am-10:59am,15,Not Applicable (Not Transported),Not Applicable (Not Transported),1,Daylight,Clear,1,0,['Driver'],['Shoulder_Lapbelt'],0,0,Valid,0.0,0.0,18.0,18.0,['Male'],1,0,2,4,3,Dry,Curve,Grade/Hillcrest,Lowest,No
30066,47,Tennessee,470310,0,2,2,0,2,MEMPHIS,April,19,Wednesday,6,35,Urban,High Speed (Arterial),Yes,35.15306944,-89.88861111,Complex/Circle,Daylight,Clear,6:00am-6:59am,35,6:00am-6:59am,35,7:00am-7:59am,22,1,Daylight,Clear,1,1,['Driver'],['Shoulder_Lapbelt'],0,0,Valid,0.0,1.0,61.0,33.0,"['Male', 'Female']",0,0,2,4,5,Dry,Straight,Level,Lowest,No
30067,47,Tennessee,470311,0,2,2,0,3,MEMPHIS,April,19,Wednesday,10,1,Urban,High Speed (Arterial),Yes,35.05789722,-90.05971111,Non-Intersection,Daylight,Clear,10:00am-10:59am,2,10:00am-10:59am,12,10:00am-10:59am,32,1,Daylight,Clear,1,2,['Front_Passenger'],['None_Used'],0,0,Invalid,1.0,1.0,70.0,21.0,"['Male', 'Female']",2,0,3,4,5,Dry,Straight,Level,Lowest,No
30068,47,Tennessee,470312,0,2,2,0,4,GOODLETTSVILLE,April,19,Wednesday,11,49,Urban,High Speed (Arterial),Yes,36.30275,-86.69185,Non-Intersection,Daylight,Clear,11:00am-11:59am,51,11:00am-11:59am,58,12:00pm-12:59pm,12,1,Daylight,Clear,1,3,['Driver'],['None_Used'],0,0,Valid,1.0,1.0,25.0,20.0,"['Male', 'Female']",0,0,5,4,5,Dry,Straight,Level,Lowest,No
30069,47,Tennessee,470313,0,2,2,0,3,MEMPHIS,April,19,Wednesday,17,34,Urban,High Speed (Arterial),Yes,35.06370556,-90.05863056,Complex/Circle,Daylight,Clear,5:00pm-5:59pm,37,5:00pm-5:59pm,53,6:00pm-6:59pm,6,1,Daylight,Clear,1,2,['Driver'],['Shoulder_Lapbelt'],0,0,Valid,0.0,0.0,77.0,17.0,"['Male', 'Male']",0,0,3,4,5,Dry,Straight,Level,Lowest,No
30070,47,Tennessee,470314,0,2,2,0,4,COLUMBIA,March,21,Tuesday,19,21,Urban,High Speed (Arterial),Yes,35.62803056,-87.1055,Simple Junction,Dark - Not Lighted,Rain,7:00pm-7:59pm,33,7:00pm-7:59pm,40,8:00pm-8:59pm,6,1,Dark - Unlighted,Rain/Wind/Minor,1,3,['Front_Passenger'],['Shoulder_Lapbelt'],0,0,Valid,3.0,1.0,61.0,19.0,"['Female', 'Female']",0,0,3,4,5,Wet/Standing Water,Straight,Level,Lowest,No
30071,47,Tennessee,470315,0,2,2,0,2,DUNLAP,April,10,Monday,8,49,Rural,Medium Speed (Collector),No,35.35161944,-85.39475,Non-Intersection,Daylight,Clear,8:00am-8:59am,51,9:00am-9:59am,0,9:00am-9:59am,21,1,Daylight,Clear,1,1,['Driver'],['None_Used'],0,0,Valid,0.0,0.0,77.0,69.0,"['Male', 'Male']",0,0,3,4,5,Dry,Curve,Grade/Hillcrest,Lowest,No
30072,47,Tennessee,470317,0,2,2,0,4,NOT APPLICABLE,April,10,Monday,23,35,Urban,High Speed (Arterial),Yes,35.51598889,-86.40423889,Non-Intersection,Dark - Not Lighted,Clear,11:00pm-11:59pm,33,11:00pm-11:59pm,41,0:00am-0:59am,11,1,Dark - Unlighted,Clear,1,3,['Driver'],['Shoulder_Lapbelt'],0,0,Valid,1.0,0.0,58.0,49.0,"['Female', 'Male']",0,0,2,4,5,Dry,Curve,Grade/Hillcrest,Lowest,Yes
30073,47,Tennessee,470318,0,2,2,0,6,NOT APPLICABLE,April,18,Tuesday,7,38,Rural,Medium Speed (Collector),No,35.55293889,-84.45611111,Non-Intersection,Daylight,Clear,7:00am-7:59am,50,8:00am-8:59am,4,8:00am-8:59am,26,1,Daylight,Clear,1,5,['Driver'],['None_Used'],0,0,Invalid,7.0,3.0,36.0,33.0,"['Female', 'Male']",0,0,3,4,5,Dry,Straight,Level,Lowest,No
30074,47,Tennessee,470319,0,2,2,0,3,MEMPHIS,April,2,Sunday,18,17,Urban,Medium Speed (Collector),No,35.09635,-89.895775,Complex/Circle,Dusk,Clear,6:00pm-6:59pm,20,6:00pm-6:59pm,28,6:00pm-6:59pm,49,1,Twilight,Clear,1,2,['Driver'],['None_Used'],0,0,Invalid,1.0,0.0,64.0,35.0,"['Male', 'Male']",0,0,3,4,5,Dry,Straight,Level,Lowest,No
30075,47,Tennessee,470320,0,3,3,0,6,NOT APPLICABLE,April,15,Saturday,17,1,Rural,Medium Speed (Collector),No,36.39681111,-86.31681944,Simple Junction,Daylight,Clear,5:00pm-5:59pm,2,5:00pm-5:59pm,10,5:00pm-5:59pm,27,1,Daylight,Clear,1,5,['Front_Passenger'],['Shoulder_Lapbelt'],0,0,Valid,0.0,0.0,67.0,18.0,"['Male', 'Female', 'Female']",0,0,3,4,5,Dry,Straight,Level,Lowest,No
30076,47,Tennessee,470321,0,1,1,0,3,MEMPHIS,April,15,Saturday,20,54,Urban,Medium Speed (Collector),No,35.21086667,-89.95287778,Simple Junction,Dark - Lighted,Rain,8:00pm-8:59pm,56,9:00pm-9:59pm,7,9:00pm-9:59pm,43,1,Dark - Lighted,Rain/Wind/Minor,1,2,['Driver'],['Shoulder_Lapbelt'],0,0,Valid,1.0,2.0,29.0,29.0,['Male'],0,0,2,4,2,Wet/Standing Water,Straight,Grade/Hillcrest,Lowest,No
30077,47,Tennessee,470322,0,1,1,0,1,SEVIERVILLE,April,20,Thursday,23,33,Urban,High Speed (Arterial),Yes,35.98206944,-83.6079,Complex/Circle,Dark - Lighted,Clear,11:00pm-11:59pm,34,11:00pm-11:59pm,47,0:00am-0:59am,17,1,Dark - Lighted,Clear,1,0,['Driver'],['None_Used'],1,1,Invalid,1.0,1.0,24.0,24.0,['Male'],1,0,5,4,2,Dry,Curve,Grade/Hillcrest,Lowest,No
30078,47,Tennessee,470323,0,1,1,0,2,LEBANON,April,16,Sunday,0,8,Urban,Medium Speed (Collector),No,36.26951111,-86.33461111,Non-Intersection,Dark - Not Lighted,Clear,0:00am-0:59am,9,0:00am-0:59am,20,Unknown,Unknown EMS Hospital Arrival Time,1,Dark - Unlighted,Clear,1,1,['Front_Passenger'],['Shoulder_Lapbelt'],1,1,Valid,0.0,0.0,25.0,25.0,['Male'],2,0,2,4,2,Dry,Curve,Grade/Hillcrest,Lowest,No
30079,47,Tennessee,470324,0,2,2,0,2,KNOXVILLE,April,21,Friday,6,48,Urban,Medium Speed (Collector),No,35.93635278,-84.00263889,Simple Junction,Dawn,Clear,5:00am-5:59am,49,6:00am-6:59am,2,6:00am-6:59am,22,1,Twilight,Clear,1,1,['Driver'],['Shoulder_Lapbelt'],0,0,Valid,0.0,0.0,28.0,19.0,"['Male', 'Male']",0,0,2,4,5,Dry,Straight,Grade/Hillcrest,Lowest,No
30080,47,Tennessee,470325,0,1,1,0,1,CHATTANOOGA,April,23,Sunday,3,21,Urban,Medium Speed (Collector),No,35.059225,-85.23020833,Non-Intersection,Dark - Lighted,Clear,3:00am-3:59am,21,3:00am-3:59am,34,Not Applicable (Not Transported),Not Applicable (Not Transported),1,Dark - Lighted,Clear,1,0,['Driver'],['None_Used'],1,1,Invalid,3.0,1.0,27.0,27.0,['Male'],0,0,5,4,3,Dry,Straight,Level,Lowest,No
30081,47,Tennessee,470326,0,2,2,0,4,NOT APPLICABLE,April,21,Friday,16,28,Rural,Medium Speed (Collector),No,36.09371944,-85.58025,Complex/Circle,Daylight,Rain,4:00pm-4:59pm,27,4:00pm-4:59pm,36,5:00pm-5:59pm,10,1,Daylight,Rain/Wind/Minor,1,3,['Driver'],['Shoulder_Lapbelt'],0,0,Valid,0.0,0.0,51.0,17.0,"['Female', 'Female']",0,0,3,4,5,Wet/Standing Water,Straight,Level,Lowest,No
30082,47,Tennessee,470327,0,2,2,0,2,MURFREESBORO,April,4,Tuesday,15,51,Urban,High Speed (Arterial),Yes,35.8974,-86.4442,Non-Intersection,Daylight,Clear,Unknown,Unknown,Unknown EMS Scene Arrival Hour,Unknown EMS Scene Arrival Minutes,Not Applicable (Not Transported),Not Applicable (Not Transported),1,Daylight,Clear,1,1,['Driver'],['Shoulder_Lapbelt'],0,0,Valid,3.0,2.0,62.0,34.0,"['Male', 'Female']",0,0,3,4,5,Dry,Straight,Level,Lowest,No
30083,47,Tennessee,470328,0,2,2,0,2,MEMPHIS,April,24,Monday,7,0,Urban,Medium Speed (Collector),No,35.036025,-89.96385,Simple Junction,Daylight,Clear,7:00am-7:59am,2,7:00am-7:59am,15,7:00am-7:59am,45,1,Daylight,Clear,1,1,['Driver'],['None_Used'],0,0,Valid,1.0,0.0,38.0,30.0,"['Male', 'Female']",1,0,2,4,5,Dry,Straight,Level,Lowest,No
30084,47,Tennessee,470329,0,5,5,0,5,NOT APPLICABLE,April,18,Tuesday,14,0,Rural,High Speed (Arterial),Yes,36.56713056,-86.62075,Non-Intersection,Daylight,Clear,2:00pm-2:59pm,10,2:00pm-2:59pm,28,3:00pm-3:59pm,51,1,Daylight,Clear,1,4,['Driver'],['Shoulder_Lapbelt'],0,0,Valid,1.0,1.0,71.0,27.0,"['Female', 'Male', 'Male', 'Male', 'Male']",0,0,4,4,5,Dry,Straight,Grade/Hillcrest,Lowest,Yes
30085,47,Tennessee,470330,0,2,2,0,3,NOT APPLICABLE,April,22,Saturday,22,10,Rural,Medium Speed (Collector),No,36.45863889,-86.04638889,Non-Intersection,Dark - Not Lighted,Clear,10:00pm-10:59pm,7,10:00pm-10:59pm,10,11:00pm-11:59pm,24,1,Dark - Unlighted,Clear,1,2,['Driver'],['Shoulder_Lapbelt'],1,2,Invalid,0.0,0.0,65.0,31.0,"['Male', 'Male']",0,0,3,4,5,Dry,Curve,Level,Lowest,No
30086,47,Tennessee,470331,0,2,2,0,2,CEDAR HILL,April,23,Sunday,5,41,Rural,High Speed (Arterial),Yes,36.56626944,-87.02678889,Non-Intersection,Dark - Not Lighted,Clear,Unknown,Unknown,Unknown EMS Scene Arrival Hour,Unknown EMS Scene Arrival Minutes,Not Applicable (Not Transported),Not Applicable (Not Transported),1,Dark - Unlighted,Clear,1,1,['Driver'],['Shoulder_Lapbelt'],1,1,Valid,0.0,0.0,34.0,20.0,"['Male', 'Male']",1,0,4,4,5,Dry,Straight,Level,Lowest,No
30087,47,Tennessee,470332,0,2,2,0,3,MEMPHIS,April,25,Tuesday,2,56,Urban,High Speed (Arterial),Yes,35.02035,-89.86623889,Complex/Circle,Dark - Lighted,Clear,3:00am-3:59am,0,3:00am-3:59am,20,3:00am-3:59am,46,1,Dark - Lighted,Clear,1,2,['Driver'],['Shoulder_Lapbelt'],1,1,Valid,1.0,0.0,48.0,33.0,"['Male', 'Female']",0,0,4,4,5,Dry,Straight,Level,Lowest,No
30088,47,Tennessee,470333,0,2,2,0,3,PORTLAND,April,12,Wednesday,6,29,Urban,High Speed (Arterial),Yes,36.62217778,-86.55550833,Simple Junction,Daylight,Clear,Unknown,Unknown,Unknown EMS Scene Arrival Hour,Unknown EMS Scene Arrival Minutes,Unknown,Unknown EMS Hospital Arrival Time,1,Daylight,Clear,1,2,['Driver'],['None_Used'],0,0,Valid,0.0,0.0,53.0,23.0,"['Female', 'Male']",0,0,5,4,5,Dry,Straight,Level,Lowest,Yes
30089,47,Tennessee,470334,0,1,1,0,1,NOT APPLICABLE,April,13,Thursday,18,22,Rural,Medium Speed (Collector),No,36.41623889,-88.71586944,Non-Intersection,Daylight,Clear,10:00pm-10:59pm,15,10:00pm-10:59pm,40,0:00am-0:59am,8,1,Daylight,Clear,1,0,['Driver'],['None_Used'],0,0,Valid,0.0,0.0,80.0,80.0,['Male'],0,0,3,4,3,Dry,Straight,Level,Lowest,No
30090,47,Tennessee,470335,1,1,1,0,2,NOT APPLICABLE,April,22,Saturday,99,99,Rural,Low Speed (Local),No,36.33196111,-86.2487,Non-Intersection,Dark - Not Lighted,Clear,Unknown,Unknown,Unknown EMS Scene Arrival Hour,Unknown EMS Scene Arrival Minutes,Unknown,Unknown EMS Hospital Arrival Time,1,Dark - Unlighted,Clear,0,2,[],[],0,0,Invalid,0.0,0.0,42.0,42.0,['Male'],0,0,3,1,4,Dry,Straight,Level,Lowest,No