,State_Code,State_Name,Crash_ID,Count_Non_Motorists,Count_Vehicles_Total,Count_Vehicle_Forms,Count_PVH_Involved,Count_Occupants_MV,City_Name,Month_Name,Day_of_Month,Day_of_Week,Crash_Hour,Crash_Minute,Area_Rural_Urban,Road_Functional_Class,On_NHS_Road,Latitude,Longitude,Intersection_Type,Light_Condition,Weather_Condition,Notif_Hour,Notif_Minute,Arrival_Hour,Arrival_Minute,Hospital_Hour,Hospital_Minute,Fatalities_Count,Clean_Light_Condition,Clean_Weather_Condition,Total_Killed,Total_Alive,Fatal_Seats_List,Killed_Restraint_List,Any_Driver_Drinking,Total_Drinking_Drivers,Driver_License_Category,Driver_Max_Prev_Accident_Count,Driver_Max_Prev_Speeding_Count,Max_Driver_Age,Min_Driver_Age,Driver_Sex_List,Total_Exceeding_Limit_Vehicles,Total_Too_Fast_Vehicles,Max_Vehicle_Type_Severity_5,Max_Vehicle_Damage_Rank,Max_Harmful_Event_Severity,Crash_Road_Surface_Condition,Crash_Horizontal_Alignment,Crash_Vertical_Profile,Crash_Impairment_Category,Crash_Vehicle_Defect
30091,47,Tennessee,470336,0,3,3,0,3,MEMPHIS,April,26,Wednesday,17,45,Urban,Medium Speed (Collector),No,35.13199722,-90.00058056,Complex/Circle,Dusk,Clear,6:00pm-6:59pm,12,6:00pm-6:59pm,20,6:00pm-6:59pm,48,1,Twilight,Clear,1,2,['Driver'],['None_Used'],1,1,Invalid,3.0,0.0,73.0,24.0,"['Male', 'Male', 'Male']",0,0,5,4,5,Dry,Straight,Level,Lowest,No
30092,47,Tennessee,470337,0,2,2,0,5,SMYRNA,April,9,Sunday,1,39,Urban,Medium Speed (Collector),No,35.99018056,-86.49343056,Non-Intersection,Dark - Lighted,Clear,1:00am-1:59am,40,1:00am-1:59am,51,2:00am-2:59am,18,1,Dark - Lighted,Clear,1,3,['Rear_Seat'],['Shoulder_Lapbelt'],1,1,Invalid,1.0,2.0,44.0,22.0,"['Female', 'Male']",0,0,3,4,5,Wet/Standing Water,Straight,Level,Lowest,No
30093,47,Tennessee,470338,1,1,1,0,1,MEMPHIS,April,26,Wednesday,20,32,Urban,Medium Speed (Collector),No,35.02035,-90.11503889,Non-Intersection,Dark - Not Lighted,Clear,Unknown,Unknown,Unknown EMS Scene Arrival Hour,Unknown EMS Scene Arrival Minutes,Not Applicable (Not Transported),Not Applicable (Not Transported),1,Dark - Unlighted,Clear,0,0,[],[],0,0,Invalid,0.0,0.0,998.0,998.0,['Other'],0,0,1,0,4,Dry,Straight,Grade/Hillcrest,Lowest,No
30094,47,Tennessee,470339,0,2,2,0,4,NOT APPLICABLE,April,25,Tuesday,15,10,Rural,High Speed (Arterial),Yes,36.14533889,-88.136,Complex/Circle,Daylight,Clear,3:00pm-3:59pm,11,3:00pm-3:59pm,30,3:00pm-3:59pm,59,1,Daylight,Clear,1,3,['Rear_Seat'],['None_Used'],0,0,Valid,1.0,0.0,79.0,19.0,"['Female', 'Male']",0,0,3,4,5,Dry,Straight,Level,Lowest,No
30095,47,Tennessee,470340,0,2,2,0,2,NOT APPLICABLE,April,21,Friday,5,30,Urban,High Speed (Arterial),Yes,35.84928056,-83.78611944,Simple Junction,Dark - Not Lighted,Clear,5:00am-5:59am,35,5:00am-5:59am,53,6:00am-6:59am,25,1,Dark - Unlighted,Clear,1,1,['Driver'],['None_Used'],1,1,Valid,0.0,0.0,35.0,30.0,"['Male', 'Male']",0,0,5,4,5,Dry,Straight,Grade/Hillcrest,Lowest,No
30096,47,Tennessee,470341,0,1,1,0,1,NOT APPLICABLE,April,21,Friday,99,99,Rural,Medium Speed (Collector),No,35.62368056,-87.00536944,Non-Intersection,Dark - Not Lighted,Clear,4:00am-4:59am,22,4:00am-4:59am,31,Unknown,Unknown EMS Hospital Arrival Time,1,Dark - Unlighted,Clear,1,0,['Driver'],['None_Used'],1,1,Valid,0.0,0.0,44.0,44.0,['Male'],0,0,5,4,2,Dry,Curve,Level,Lowest,No
30097,47,Tennessee,470342,0,1,1,0,1,ATOKA,April,23,Sunday,11,20,Urban,High Speed (Arterial),Yes,35.43581111,-89.7997,Non-Intersection,Daylight,Clear,Unknown,Unknown,Unknown EMS Scene Arrival Hour,Unknown EMS Scene Arrival Minutes,Not Applicable (Not Transported),Not Applicable (Not Transported),1,Daylight,Clear,1,0,['Driver'],['None_Used'],0,0,Invalid,0.0,0.0,21.0,21.0,['Male'],0,0,3,4,3,Dry,Straight,Grade/Hillcrest,Lowest,No
30098,47,Tennessee,470343,0,1,1,0,1,NOT APPLICABLE,April,24,Monday,16,1,Rural,Medium Speed (Collector),No,36.50855,-83.49373056,Non-Intersection,Daylight,Clear,Unknown,Unknown,Unknown EMS Scene Arrival Hour,Unknown EMS Scene Arrival Minutes,Unknown,Unknown EMS Hospital Arrival Time,1,Daylight,Clear,1,0,['Driver'],['Shoulder_Lapbelt'],0,0,Valid,0.0,0.0,27.0,27.0,['Male'],0,0,1,4,3,Dry,Straight,Level,Lowest,No
30099,47,Tennessee,470344,0,1,1,0,1,NOT APPLICABLE,April,24,Monday,20,9,Rural,Medium Speed (Collector),No,35.82051111,-83.52198889,Non-Intersection,Dark - Not Lighted,Clear,8:00pm-8:59pm,8,8:00pm-8:59pm,18,9:00pm-9:59pm,7,1,Dark - Unlighted,Clear,1,0,['Driver'],['None_Used'],0,0,Valid,0.0,0.0,20.0,20.0,['Female'],0,0,3,4,3,Dry,Straight,Level,Lowest,No
30100,47,Tennessee,470345,0,3,3,0,3,NOT APPLICABLE,April,28,Friday,6,39,Rural,High Speed (Arterial),Yes,35.58593889,-86.23648889,Non-Intersection,Daylight,Rain,6:00am-6:59am,36,6:00am-6:59am,57,8:00am-8:59am,15,1,Daylight,Rain/Wind/Minor,1,2,['Driver'],['None_Used'],0,0,Valid,0.0,2.0,36.0,18.0,"['Male', 'Male', 'Male']",0,0,3,4,5,Wet/Standing Water,Straight,Level,Lowest,No
30101,47,Tennessee,470346,0,1,1,0,1,LENOIR CITY,April,25,Tuesday,14,33,Rural,Medium Speed (Collector),No,35.81596944,-84.33785,Non-Intersection,Daylight,Clear,2:00pm-2:59pm,32,2:00pm-2:59pm,40,3:00pm-3:59pm,54,1,Daylight,Clear,1,0,['Driver'],['None_Used'],1,1,Invalid,0.0,0.0,51.0,51.0,['Male'],0,0,3,4,3,Dry,Straight,Level,Lowest,No
30102,47,Tennessee,470347,0,1,1,0,1,NOT APPLICABLE,April,29,Saturday,21,35,Urban,High Speed (Arterial),Yes,35.50351944,-86.09393889,Non-Intersection,Dark - Not Lighted,Clear,9:00pm-9:59pm,39,10:00pm-10:59pm,35,Not Applicable (Not Transported),Not Applicable (Not Transported),1,Dark - Unlighted,Clear,1,0,['Driver'],['Shoulder_Lapbelt'],1,1,Valid,0.0,0.0,47.0,47.0,['Male'],0,0,3,4,3,Dry,Straight,Level,Lowest,No
30103,47,Tennessee,470348,1,1,1,0,1,MEMPHIS,April,29,Saturday,21,43,Urban,High Speed (Arterial),Yes,35.13513056,-90.00310556,Non-Intersection,Dark - Not Lighted,Clear,9:00pm-9:59pm,45,9:00pm-9:59pm,50,10:00pm-10:59pm,2,1,Dark - Unlighted,Clear,0,0,[],[],0,0,Invalid,0.0,0.0,999.0,999.0,['Other'],0,0,1,0,4,Dry,Straight,Level,Lowest,No
30104,47,Tennessee,470349,1,1,1,0,1,MEMPHIS,April,30,Sunday,16,49,Urban,Low Speed (Local),No,35.03620556,-90.1047,Simple Junction,Daylight,Clear,4:00pm-4:59pm,50,5:00pm-5:59pm,1,5:00pm-5:59pm,21,1,Daylight,Clear,0,1,[],[],0,0,Invalid,3.0,0.0,43.0,43.0,['Male'],0,0,2,2,4,Dry,Straight,Grade/Hillcrest,Lowest,No
30105,47,Tennessee,470350,0,1,1,0,1,BRIGHTON,April,23,Sunday,2,45,Rural,Medium Speed (Collector),No,35.42928056,-89.65493889,Non-Intersection,Dark - Not Lighted,Cloudy,Unknown,Unknown,Unknown EMS Scene Arrival Hour,Unknown EMS Scene Arrival Minutes,Not Applicable (Not Transported),Not Applicable (Not Transported),1,Dark - Unlighted,Reduced Visibility,1,0,['Driver'],['Shoulder_Lapbelt'],0,0,Valid,0.0,0.0,18.0,18.0,['Female'],0,0,2,4,3,Dry,Straight,Level,Lowest,No
30106,47,Tennessee,470351,0,2,2,0,2,NOT APPLICABLE,April,28,Friday,16,8,Urban,Medium Speed (Collector),No,34.99506111,-85.08373889,Non-Intersection,Daylight,Clear,4:00pm-4:59pm,8,4:00pm-4:59pm,23,5:00pm-5:59pm,2,1,Daylight,Clear,1,1,['Driver'],['None_Used'],1,1,Valid,0.0,0.0,62.0,23.0,"['Male', 'Female']",0,0,3,4,5,Dry,Curve,Grade/Hillcrest,Lowest,No
30107,47,Tennessee,470352,0,1,1,0,1,MARYVILLE,May,1,Monday,3,11,Urban,Low Speed (Local),No,35.73723889,-84.03863889,Non-Intersection,Dark - Not Lighted,Clear,Unknown,Unknown,Unknown EMS Scene Arrival Hour,Unknown EMS Scene Arrival Minutes,Not Applicable (Not Transported),Not Applicable (Not Transported),1,Dark - Unlighted,Clear,1,0,['Driver'],['Shoulder_Lapbelt'],0,0,Valid,0.0,0.0,20.0,20.0,['Male'],0,0,2,4,3,Dry,Curve,Level,Lowest,No
30108,47,Tennessee,470353,0,3,3,0,5,PORTLAND,April,26,Wednesday,11,25,Urban,High Speed (Arterial),Yes,36.56048056,-86.50961111,Complex/Circle,Daylight,Clear,11:00am-11:59am,29,11:00am-11:59am,29,12:00pm-12:59pm,19,1,Daylight,Clear,1,4,['Driver'],['Shoulder_Lapbelt'],1,1,Valid,1.0,1.0,45.0,26.0,"['Male', 'Female', 'Male']",1,0,2,4,5,Dry,Straight,Level,Lowest,No
30109,47,Tennessee,470354,1,1,1,0,1,NASHVILLE,April,29,Saturday,20,12,Urban,High Speed (Arterial),Yes,36.08153056,-86.71406944,Non-Intersection,Dark - Lighted,Clear,Unknown,Unknown,Unknown EMS Scene Arrival Hour,Unknown EMS Scene Arrival Minutes,Not Applicable (Not Transported),Not Applicable (Not Transported),1,Dark - Lighted,Clear,0,1,[],[],0,0,Valid,0.0,0.0,39.0,39.0,['Male'],0,0,3,3,4,Dry,Straight,Level,Lowest,No
30110,47,Tennessee,470355,1,1,1,0,1,GORDONSVILLE,May,2,Tuesday,19,25,Rural,High Speed (Arterial),Yes,36.17956944,-85.9486,Non-Intersection,Daylight,Clear,Unknown,Unknown,Unknown EMS Scene Arrival Hour,Unknown EMS Scene Arrival Minutes,Not Applicable (Not Transported),Not Applicable (Not Transported),1,Daylight,Clear,0,1,[],[],0,0,Valid,0.0,0.0,76.0,76.0,['Male'],1,0,3,2,4,Dry,Straight,Grade/Hillcrest,Lowest,No
30111,47,Tennessee,470356,0,1,1,0,1,NOT APPLICABLE,May,2,Tuesday,99,99,Rural,Medium Speed (Collector),No,36.20091944,-84.03256944,Non-Intersection,Dark - Not Lighted,Clear,Unknown,Unknown,Unknown EMS Scene Arrival Hour,Unknown EMS Scene Arrival Minutes,Not Applicable (Not Transported),Not Applicable (Not Transported),1,Dark - Unlighted,Clear,1,0,['Driver'],['None_Used'],1,1,Valid,1.0,0.0,32.0,32.0,['Male'],0,0,5,4,3,Dry,Curve,Level,Lowest,No
30112,47,Tennessee,470357,0,2,2,0,2,NASHVILLE,April,19,Wednesday,21,18,Urban,High Speed (Arterial),Yes,36.23821111,-86.62928889,Non-Intersection,Dark - Lighted,Reported as Unknown,10:00pm-10:59pm,6,10:00pm-10:59pm,18,10:00pm-10:59pm,30,1,Dark - Lighted,Clear,1,1,['Driver'],['None_Used'],0,0,Valid,0.0,0.0,61.0,41.0,"['Male', 'Male']",0,0,5,4,5,Dry,Straight,Non-Trafficway,Lowest,No
30113,47,Tennessee,470358,2,1,1,0,1,NASHVILLE,April,5,Wednesday,13,39,Urban,High Speed (Arterial),Yes,36.14506111,-86.81236111,Complex/Circle,Daylight,Clear,1:00pm-1:59pm,40,1:00pm-1:59pm,44,1:00pm-1:59pm,57,1,Daylight,Clear,0,0,[],[],0,0,Invalid,0.0,0.0,999.0,999.0,['Other'],0,0,1,0,4,Dry,Straight,Level,Lowest,No
30114,47,Tennessee,470359,0,2,2,0,2,NOT APPLICABLE,April,24,Monday,6,11,Rural,Medium Speed (Collector),No,36.2786,-82.23251111,Non-Intersection,Dawn,Clear,6:00am-6:59am,11,6:00am-6:59am,32,7:00am-7:59am,15,1,Twilight,Clear,1,1,['Driver'],['Shoulder_Lapbelt'],0,0,Valid,1.0,1.0,22.0,19.0,"['Female', 'Male']",0,0,3,4,5,Dry,Curve,Grade/Hillcrest,Lowest,No
30115,47,Tennessee,470360,0,2,2,0,2,NASHVILLE,April,30,Sunday,0,20,Urban,High Speed (Arterial),Yes,36.15346111,-86.76375,Non-Intersection,Dark - Lighted,Clear,0:00am-0:59am,21,0:00am-0:59am,25,0:00am-0:59am,32,2,Dark - Lighted,Clear,2,0,"['Driver', 'Driver']","['None_Used', 'Shoulder_Lapbelt']",0,0,Valid,1.0,0.0,54.0,43.0,"['Male', 'Male']",1,0,3,4,5,Dry,Straight,Level,Lowest,No
30116,47,Tennessee,470361,0,3,3,0,3,GREENEVILLE,May,3,Wednesday,6,55,Urban,High Speed (Arterial),Yes,36.17854167,-82.78409722,Non-Intersection,Dawn,Clear,Unknown,Unknown,Unknown EMS Scene Arrival Hour,Unknown EMS Scene Arrival Minutes,Not Applicable (Not Transported),Not Applicable (Not Transported),1,Twilight,Clear,1,2,['Driver'],['None_Used'],0,0,Valid,0.0,2.0,69.0,17.0,"['Male', 'Male', 'Male']",0,0,3,4,5,Dry,Straight,Level,Lowest,No
30117,47,Tennessee,470362,0,1,1,0,5,NASHVILLE,May,3,Wednesday,23,45,Urban,Medium Speed (Collector),No,36.08479167,-86.60604167,Simple Junction,Dark - Lighted,Clear,0:00am-0:59am,7,0:00am-0:59am,20,0:00am-0:59am,50,1,Dark - Lighted,Clear,1,3,['Rear_Seat'],['None_Used'],0,0,Invalid,0.0,0.0,999.0,999.0,['Male'],5,0,3,4,3,Dry,Curve,Level,Lowest,No
30118,47,Tennessee,470364,1,1,1,0,1,MILLINGTON,May,3,Wednesday,20,13,Urban,High Speed (Arterial),Yes,35.34051389,-89.91088056,Non-Intersection,Dark - Lighted,Clear,8:00pm-8:59pm,27,Unknown EMS Scene Arrival Hour,Unknown EMS Scene Arrival Minutes,Unknown,Unknown EMS Hospital Arrival Time,1,Dark - Lighted,Clear,0,1,[],[],0,0,Valid,0.0,1.0,43.0,43.0,['Male'],0,0,2,2,4,Dry,Straight,Level,Lowest,No
30119,47,Tennessee,470365,0,1,1,0,3,KNOXVILLE,April,30,Sunday,3,20,Urban,Medium Speed (Collector),No,35.95544167,-83.88117222,Non-Intersection,Dark - Lighted,Cloudy,3:00am-3:59am,21,3:00am-3:59am,35,4:00am-4:59am,19,1,Dark - Lighted,Reduced Visibility,1,2,['Front_Passenger'],['Shoulder_Lapbelt'],1,1,Valid,1.0,3.0,21.0,21.0,['Male'],3,0,2,4,3,Dry,Curve,Level,Lowest,No
30120,47,Tennessee,470366,0,2,2,0,2,NOT APPLICABLE,April,29,Saturday,18,0,Urban,Medium Speed (Collector),No,36.23031111,-86.58253056,Non-Intersection,Daylight,Clear,6:00pm-6:59pm,1,6:00pm-6:59pm,7,6:00pm-6:59pm,46,1,Daylight,Clear,1,1,['Driver'],['None_Used'],1,1,Valid,0.0,0.0,56.0,37.0,"['Male', 'Male']",0,0,5,4,5,Dry,Curve,Grade/Hillcrest,Lowest,No
30121,47,Tennessee,470367,0,2,2,0,2,CLARKSVILLE,May,4,Thursday,12,31,Urban,Medium Speed (Collector),No,36.52644722,-87.34592778,Simple Junction,Daylight,Clear,12:00pm-12:59pm,34,12:00pm-12:59pm,39,Not Applicable (Not Transported),Not Applicable (Not Transported),1,Daylight,Clear,1,0,['Driver'],['None_Used'],0,0,Valid,0.0,1.0,56.0,39.0,"['Male', 'Male']",1,0,3,4,5,Dry,Curve,Level,Lowest,No
30122,47,Tennessee,470368,0,1,1,0,1,MEMPHIS,May,5,Friday,19,15,Urban,High Speed (Arterial),Yes,35.10890278,-89.99573611,Non-Intersection,Dusk,Clear,Unknown,Unknown,Unknown EMS Scene Arrival Hour,Unknown EMS Scene Arrival Minutes,Unknown,Unknown EMS Hospital Arrival Time,1,Twilight,Clear,1,0,['Driver'],['Shoulder_Lapbelt'],1,1,Invalid,1.0,0.0,25.0,25.0,['Female'],1,0,2,4,2,Dry,Curve,Level,Lowest,No
30123,47,Tennessee,470369,0,1,1,0,1,MARYVILLE,May,5,Friday,20,35,Urban,High Speed (Arterial),Yes,35.75615833,-83.92650833,Non-Intersection,Dark - Not Lighted,Clear,8:00pm-8:59pm,36,8:00pm-8:59pm,39,Not Applicable (Not Transported),Not Applicable (Not Transported),1,Dark - Unlighted,Clear,1,0,['Driver'],['Shoulder_Lapbelt'],1,1,Invalid,0.0,0.0,48.0,48.0,['Male'],0,0,3,4,3,Dry,Straight,Level,Lowest,Yes
30124,47,Tennessee,470370,0,1,1,0,3,MEMPHIS,May,6,Saturday,0,22,Urban,Medium Speed (Collector),No,35.23547778,-89.96638056,Non-Intersection,Dark - Lighted,Clear,Unknown,Unknown,Unknown EMS Scene Arrival Hour,Unknown EMS Scene Arrival Minutes,Not Applicable (Not Transported),Not Applicable (Not Transported),1,Dark - Lighted,Clear,1,2,['Driver'],['None_Used'],1,1,Valid,2.0,2.0,26.0,26.0,['Female'],3,0,3,4,2,Dry,Curve,Level,Lowest,No
30125,47,Tennessee,470371,0,1,1,0,1,MEMPHIS,May,6,Saturday,1,53,Urban,High Speed (Arterial),Yes,35.07701389,-89.98536111,Non-Intersection,Dark - Lighted,Clear,Unknown,Unknown,Unknown EMS Scene Arrival Hour,Unknown EMS Scene Arrival Minutes,Not Applicable (Not Transported),Not Applicable (Not Transported),1,Dark - Lighted,Clear,1,0,['Driver'],['None_Used'],1,1,Invalid,0.0,0.0,28.0,28.0,['Male'],0,0,2,4,3,Dry,Curve,Level,Lowest,No
30126,47,Tennessee,470372,0,2,1,1,3,CAMDEN,April,27,Thursday,18,2,Rural,Low Speed (Local),No,36.07328056,-88.04823056,Non-Intersection,Dark - Not Lighted,Cloudy,6:00pm-6:59pm,0,6:00pm-6:59pm,8,6:00pm-6:59pm,40,1,Dark - Unlighted,Reduced Visibility,1,2,['Rear_Seat'],['None_Used'],0,0,Valid,0.0,0.0,16.0,16.0,['Female'],0,0,3,4,3,Wet/Standing Water,Curve,Grade/Hillcrest,Lowest,No
30127,47,Tennessee,470373,0,2,2,0,2,NOT APPLICABLE,May,3,Wednesday,15,5,Rural,Medium Speed (Collector),No,35.33318056,-89.06225,Non-Intersection,Daylight,Clear,3:00pm-3:59pm,5,3:00pm-3:59pm,14,3:00pm-3:59pm,51,1,Daylight,Clear,1,1,['Driver'],['Shoulder_Lapbelt'],0,0,Valid,0.0,0.0,54.0,33.0,"['Male', 'Male']",0,0,4,4,5,Dry,Straight,Level,Lowest,No
30128,47,Tennessee,470374,0,2,2,0,3,NOT APPLICABLE,May,3,Wednesday,17,13,Urban,High Speed (Arterial),Yes,35.44578056,-85.06818889,Simple Junction,Daylight,Clear,5:00pm-5:59pm,14,5:00pm-5:59pm,25,Not Applicable (Not Transported),Not Applicable (Not Transported),1,Daylight,Clear,1,2,['Driver'],['Shoulder_Lapbelt'],0,0,Valid,0.0,0.0,57.0,47.0,"['Female', 'Male']",0,0,3,4,5,Dry,Straight,Level,Lowest,No
30129,47,Tennessee,470375,0,1,1,0,2,GREENEVILLE,May,5,Friday,13,8,Urban,Medium Speed (Collector),No,36.14398889,-82.81881111,Non-Intersection,Daylight,Clear,1:00pm-1:59pm,12,1:00pm-1:59pm,19,3:00pm-3:59pm,2,1,Daylight,Clear,1,1,['Rear_Seat'],['None_Used'],0,0,Valid,0.0,3.0,42.0,42.0,['Female'],0,0,3,4,3,Dry,Curve,Level,Lowest,No
30130,47,Tennessee,470376,0,1,1,0,2,OAK RIDGE,May,6,Saturday,19,16,Urban,High Speed (Arterial),Yes,35.98011944,-84.33433056,Non-Intersection,Daylight,Clear,Unknown,Unknown,Unknown EMS Scene Arrival Hour,Unknown EMS Scene Arrival Minutes,Not Applicable (Not Transported),Not Applicable (Not Transported),2,Daylight,Clear,2,0,"['Driver', 'Front_Passenger']","['Shoulder_Lapbelt', 'Shoulder_Lapbelt']",0,0,Valid,0.0,1.0,27.0,27.0,['Female'],2,0,2,4,3,Dry,Curve,Level,Lowest,No
30131,47,Tennessee,470377,0,1,1,0,1,NOT APPLICABLE,April,9,Sunday,99,99,Urban,Low Speed (Local),No,35.94311944,-86.5704,Non-Intersection,Dark - Not Lighted,Cloudy,Unknown,Unknown,Unknown EMS Scene Arrival Hour,Unknown EMS Scene Arrival Minutes,Not Applicable (Not Transported),Not Applicable (Not Transported),1,Dark - Unlighted,Reduced Visibility,1,0,['Driver'],['None_Used'],1,1,Invalid,1.0,0.0,17.0,17.0,['Female'],1,0,2,4,3,Wet/Standing Water,Curve,Level,Lowest,No
30132,47,Tennessee,470378,0,1,1,0,1,CLEVELAND,May,5,Friday,3,9,Urban,Medium Speed (Collector),No,35.15001111,-84.84908056,Non-Intersection,Dark - Not Lighted,Clear,Unknown,Unknown,Unknown EMS Scene Arrival Hour,Unknown EMS Scene Arrival Minutes,Not Applicable (Not Transported),Not Applicable (Not Transported),1,Dark - Unlighted,Clear,1,0,['Driver'],['None_Used'],1,1,Valid,3.0,1.0,22.0,22.0,['Male'],1,0,5,4,3,Dry,Straight,Grade/Hillcrest,Lowest,No
30133,47,Tennessee,470379,0,1,1,0,1,NOT APPLICABLE,May,5,Friday,17,40,Rural,Medium Speed (Collector),No,36.52823056,-82.92825,Non-Intersection,Daylight,Clear,Unknown,Unknown,Unknown EMS Scene Arrival Hour,Unknown EMS Scene Arrival Minutes,Unknown,Unknown EMS Hospital Arrival Time,1,Daylight,Clear,1,0,['Driver'],['Shoulder_Lapbelt'],0,0,Invalid,0.0,0.0,49.0,49.0,['Male'],0,0,3,4,3,Dry,Curve,Level,Lowest,No
30134,47,Tennessee,470380,0,1,1,0,2,JOHNSON CITY,May,8,Monday,17,42,Urban,High Speed (Arterial),Yes,36.3938,-82.44838056,Non-Intersection,Daylight,Clear,5:00pm-5:59pm,42,5:00pm-5:59pm,46,6:00pm-6:59pm,14,1,Daylight,Clear,1,1,['Front_Passenger'],['Shoulder_Lapbelt'],0,0,Valid,0.0,0.0,77.0,77.0,['Male'],0,0,3,4,3,Dry,Straight,Grade/Hillcrest,Lowest,No
30135,47,Tennessee,470381,0,2,2,0,5,NOT APPLICABLE,April,15,Saturday,12,0,Rural,High Speed (Arterial),Yes,35.8761,-85.47038056,Non-Intersection,Daylight,Clear,11:00am-11:59am,57,12:00pm-12:59pm,3,12:00pm-12:59pm,37,1,Daylight,Clear,1,4,['Front_Passenger'],['Shoulder_Lapbelt'],0,0,Valid,1.0,1.0,57.0,40.0,"['Male', 'Male']",0,0,3,4,5,Dry,Straight,Level,Lowest,No
30136,47,Tennessee,470382,0,1,1,0,5,NOT APPLICABLE,April,25,Tuesday,21,19,Rural,Medium Speed (Collector),No,35.92306111,-84.49651944,Non-Intersection,Dark - Not Lighted,Clear,9:00pm-9:59pm,17,9:00pm-9:59pm,43,10:00pm-10:59pm,3,1,Dark - Unlighted,Clear,1,4,['Front_Passenger'],['None_Used'],0,0,Valid,0.0,1.0,17.0,17.0,['Male'],0,0,2,4,3,Dry,Curve,Grade/Hillcrest,Lowest,No
30137,47,Tennessee,470383,0,2,2,0,3,NOT APPLICABLE,May,8,Monday,9,0,Rural,High Speed (Arterial),Yes,36.0303,-88.8111,Non-Intersection,Daylight,Clear,12:00pm-12:59pm,41,12:00pm-12:59pm,51,1:00pm-1:59pm,20,1,Daylight,Clear,1,2,['Driver'],['None_Used'],0,0,Valid,2.0,3.0,37.0,28.0,"['Male', 'Male']",0,0,5,4,5,Dry,Straight,Level,Lowest,No
30138,47,Tennessee,470384,0,2,2,0,4,MEMPHIS,April,29,Saturday,14,54,Urban,Low Speed (Local),No,35.24453333,-89.9518,Complex/Circle,Daylight,Rain,2:00pm-2:59pm,46,2:00pm-2:59pm,55,Unknown,Unknown EMS Hospital Arrival Time,1,Daylight,Rain/Wind/Minor,1,2,['Driver'],['None_Used'],0,0,Valid,0.0,1.0,28.0,18.0,"['Male', 'Male']",0,0,2,4,5,Wet/Standing Water,Straight,Grade/Hillcrest,Lowest,No
30139,47,Tennessee,470385,0,2,1,1,3,CHATTANOOGA,May,7,Sunday,4,38,Urban,Medium Speed (Collector),No,35.02403611,-85.27800278,Non-Intersection,Dark - Lighted,Clear,4:00am-4:59am,39,4:00am-4:59am,48,5:00am-5:59am,6,1,Dark - Lighted,Clear,1,0,['Rear_Seat'],['Shoulder_Lapbelt'],0,0,Invalid,0.0,0.0,999.0,999.0,['Male'],3,0,2,4,3,Dry,Straight,Level,Lowest,No
30140,47,Tennessee,470386,0,2,2,0,2,GALLATIN,May,9,Tuesday,7,12,Urban,Medium Speed (Collector),No,36.39676111,-86.38666944,Non-Intersection,Daylight,Clear,7:00am-7:59am,13,7:00am-7:59am,19,8:00am-8:59am,11,1,Daylight,Clear,1,1,['Driver'],['Shoulder_Lapbelt'],0,0,Valid,0.0,0.0,64.0,26.0,"['Female', 'Male']",0,0,4,4,5,Dry,Straight,Level,Lowest,No
30141,47,Tennessee,470387,0,1,1,0,1,NASHVILLE,May,7,Sunday,1,44,Urban,High Speed (Arterial),Yes,36.12533056,-86.70933889,Non-Intersection,Dark - Lighted,Clear,Unknown,Unknown,Unknown EMS Scene Arrival Hour,Unknown EMS Scene Arrival Minutes,Not Applicable (Not Transported),Not Applicable (Not Transported),1,Dark - Lighted,Clear,1,0,['Driver'],['Shoulder_Lapbelt'],1,1,Invalid,0.0,0.0,28.0,28.0,['Male'],0,0,3,4,3,Dry,Straight,Level,Lowest,No
30142,47,Tennessee,470388,0,1,1,0,1,MCMINNVILLE,March,11,Saturday,22,9,Urban,Medium Speed (Collector),No,35.69543056,-85.74708056,Non-Intersection,Dark - Lighted,Rain,Unknown,Unknown,Unknown EMS Scene Arrival Hour,Unknown EMS Scene Arrival Minutes,Unknown,Unknown EMS Hospital Arrival Time,1,Dark - Lighted,Rain/Wind/Minor,1,0,['Driver'],['Shoulder_Lapbelt'],0,0,Valid,0.0,0.0,67.0,67.0,['Male'],0,0,3,4,3,Wet/Standing Water,Straight,Level,Lowest,No
30143,47,Tennessee,470389,0,2,2,0,2,MEMPHIS,April,30,Sunday,11,58,Urban,High Speed (Arterial),Yes,35.0354,-90.07321944,Complex/Circle,Daylight,Clear,11:00am-11:59am,59,12:00pm-12:59pm,15,12:00pm-12:59pm,44,1,Daylight,Clear,1,1,['Driver'],['Shoulder_Lapbelt'],0,0,Valid,2.0,2.0,68.0,22.0,"['Male', 'Female']",0,0,2,4,5,Dry,Straight,Level,Lowest,No
30144,47,Tennessee,470390,0,2,2,0,4,NOT APPLICABLE,May,3,Wednesday,13,24,Urban,High Speed (Arterial),Yes,35.72021111,-86.31886111,Non-Intersection,Daylight,Clear,1:00pm-1:59pm,36,1:00pm-1:59pm,51,2:00pm-2:59pm,25,1,Daylight,Clear,1,3,['Front_Passenger'],['Shoulder_Lapbelt'],0,0,Valid,0.0,0.0,61.0,25.0,"['Female', 'Male']",0,0,4,4,5,Dry,Straight,Level,Lowest,No
30145,47,Tennessee,470391,0,1,1,0,1,NOT APPLICABLE,May,10,Wednesday,1,6,Rural,High Speed (Arterial),Yes,35.27913056,-84.5468,Non-Intersection,Dark - Not Lighted,Clear,Unknown,Unknown,Unknown EMS Scene Arrival Hour,Unknown EMS Scene Arrival Minutes,Not Applicable (Not Transported),Not Applicable (Not Transported),1,Dark - Unlighted,Clear,1,0,['Driver'],['None_Used'],1,1,Valid,0.0,0.0,39.0,39.0,['Male'],0,0,5,4,2,Dry,Straight,Grade/Hillcrest,Lowest,No
30146,47,Tennessee,470392,0,2,2,0,2,MURFREESBORO,April,6,Thursday,9,5,Urban,Medium Speed (Collector),No,35.86248889,-86.42948889,Simple Junction,Daylight,Cloudy,Unknown,Unknown,Unknown EMS Scene Arrival Hour,Unknown EMS Scene Arrival Minutes,Not Applicable (Not Transported),Not Applicable (Not Transported),1,Daylight,Reduced Visibility,1,1,['Driver'],['Shoulder_Lapbelt'],0,0,Valid,0.0,0.0,94.0,41.0,"['Female', 'Female']",0,0,3,4,5,Wet/Standing Water,Straight,Level,Lowest,No