,State_Code,State_Name,Crash_ID,Count_Non_Motorists,Count_Vehicles_Total,Count_Vehicle_Forms,Count_PVH_Involved,Count_Occupants_MV,City_Name,Month_Name,Day_of_Month,Day_of_Week,Crash_Hour,Crash_Minute,Area_Rural_Urban,Road_Functional_Class,On_NHS_Road,Latitude,Longitude,Intersection_Type,Light_Condition,Weather_Condition,Notif_Hour,Notif_Minute,Arrival_Hour,Arrival_Minute,Hospital_Hour,Hospital_Minute,Fatalities_Count,Clean_Light_Condition,Clean_Weather_Condition,Total_Killed,Total_Alive,Fatal_Seats_List,Killed_Restraint_List,Any_Driver_Drinking,Total_Drinking_Drivers,Driver_License_Category,Driver_Max_Prev_Accident_Count,Driver_Max_Prev_Speeding_Count,Max_Driver_Age,Min_Driver_Age,Driver_Sex_List,Total_Exceeding_Limit_Vehicles,Total_Too_Fast_Vehicles,Max_Vehicle_Type_Severity_5,Max_Vehicle_Damage_Rank,Max_Harmful_Event_Severity,Crash_Road_Surface_Condition,Crash_Horizontal_Alignment,Crash_Vertical_Profile,Crash_Impairment_Category,Crash_Vehicle_Defect
30147,47,Tennessee,470393,0,2,2,0,4,NOT APPLICABLE,May,4,Thursday,22,51,Rural,High Speed (Arterial),Yes,35.45115,-87.26681111,Non-Intersection,Dark - Not Lighted,Clear,11:00pm-11:59pm,4,11:00pm-11:59pm,28,0:00am-0:59am,3,1,Dark - Unlighted,Clear,1,3,['Front_Passenger'],['None_Used'],0,0,Valid,2.0,0.0,60.0,34.0,"['Male', 'Female']",0,0,3,4,5,Dry,Curve,Level,Lowest,No
30148,47,Tennessee,470394,0,1,1,0,3,NOT APPLICABLE,April,1,Saturday,2,46,Rural,Low Speed (Local),No,36.38886944,-87.99988889,Non-Intersection,Dark - Lighted,Clear,2:00am-2:59am,39,3:00am-3:59am,19,4:00am-4:59am,12,1,Dark - Lighted,Clear,1,2,['Front_Passenger'],['None_Used'],0,0,Valid,0.0,0.0,33.0,33.0,['Female'],0,0,5,1,1,Dry,Curve,Level,Lowest,No
30149,47,Tennessee,470395,0,1,1,0,2,NOT APPLICABLE,April,13,Thursday,21,30,Rural,High Speed (Arterial),Yes,36.50898889,-84.20061944,Non-Intersection,Dark - Not Lighted,Clear,9:00pm-9:59pm,12,9:00pm-9:59pm,53,10:00pm-10:59pm,25,1,Dark - Unlighted,Clear,1,1,['Driver'],['None_Used'],0,0,Valid,1.0,0.0,40.0,40.0,['Female'],0,0,3,4,3,Dry,Straight,Level,Lowest,No
30150,47,Tennessee,470396,0,2,2,0,3,NOT APPLICABLE,April,21,Friday,18,43,Rural,Medium Speed (Collector),No,35.3417,-86.37223889,Non-Intersection,Daylight,Cloudy,6:00pm-6:59pm,32,6:00pm-6:59pm,41,7:00pm-7:59pm,21,2,Daylight,Reduced Visibility,2,1,"['Driver', 'Front_Passenger']","['Shoulder_Lapbelt', 'Shoulder_Lapbelt']",0,0,Invalid,0.0,0.0,51.0,21.0,"['Male', 'Female']",0,0,3,4,5,Dry,Curve,Grade/Hillcrest,Lowest,No
30151,47,Tennessee,470397,0,2,2,0,3,NOT APPLICABLE,May,6,Saturday,18,12,Urban,Low Speed (Local),No,36.14538056,-86.48261944,Non-Intersection,Daylight,Clear,6:00pm-6:59pm,8,6:00pm-6:59pm,14,6:00pm-6:59pm,26,1,Daylight,Clear,1,2,['Driver'],['None_Used'],0,0,Valid,2.0,3.0,36.0,30.0,"['Male', 'Female']",1,0,5,4,5,Dry,Straight,Level,Lowest,No
30152,47,Tennessee,470398,0,1,1,0,1,NOT APPLICABLE,May,7,Sunday,9,40,Rural,Medium Speed (Collector),No,35.52533056,-84.19321944,Non-Intersection,Daylight,Cloudy,Unknown,Unknown,Unknown EMS Scene Arrival Hour,Unknown EMS Scene Arrival Minutes,Unknown,Unknown EMS Hospital Arrival Time,1,Daylight,Reduced Visibility,1,0,['Driver'],['Shoulder_Lapbelt'],0,0,Valid,0.0,0.0,80.0,80.0,['Female'],0,0,2,4,3,Dry,Straight,Grade/Hillcrest,Lowest,No
30153,47,Tennessee,470399,0,1,1,0,1,NASHVILLE,May,9,Tuesday,19,37,Urban,Medium Speed (Collector),No,36.16376944,-86.87478889,Non-Intersection,Dark - Not Lighted,Clear,7:00pm-7:59pm,37,7:00pm-7:59pm,37,Not Applicable (Not Transported),Not Applicable (Not Transported),1,Dark - Unlighted,Clear,1,0,['Driver'],['Shoulder_Lapbelt'],0,0,Valid,0.0,0.0,37.0,37.0,['Male'],0,0,3,4,2,Dry,Curve,Level,Lowest,No
30154,47,Tennessee,470400,0,1,1,0,1,NOT APPLICABLE,May,10,Wednesday,19,19,Urban,Medium Speed (Collector),No,36.08663056,-83.93998056,Complex/Circle,Daylight,Clear,7:00pm-7:59pm,19,7:00pm-7:59pm,26,Not Applicable (Not Transported),Not Applicable (Not Transported),1,Daylight,Clear,1,0,['Driver'],['None_Used'],0,0,Valid,1.0,0.0,36.0,36.0,['Female'],0,0,5,4,3,Dry,Straight,Grade/Hillcrest,Lowest,No
30155,47,Tennessee,470401,0,2,2,0,4,NOT APPLICABLE,May,10,Wednesday,20,45,Rural,Medium Speed (Collector),No,36.21211944,-82.12346944,Non-Intersection,Dark - Not Lighted,Clear,8:00pm-8:59pm,50,9:00pm-9:59pm,12,9:00pm-9:59pm,30,2,Dark - Unlighted,Clear,2,2,"['Driver', 'Front_Passenger']","['Shoulder_Lapbelt', 'Shoulder_Lapbelt']",1,1,Valid,1.0,1.0,56.0,42.0,"['Male', 'Male']",0,0,3,4,5,Dry,Curve,Grade/Hillcrest,Lowest,Yes
30156,47,Tennessee,470402,0,2,2,0,3,MEMPHIS,May,8,Monday,20,45,Urban,High Speed (Arterial),Yes,35.16826111,-89.79323611,Complex/Circle,Dark - Lighted,Clear,8:00pm-8:59pm,48,8:00pm-8:59pm,58,9:00pm-9:59pm,35,1,Dark - Lighted,Clear,1,2,['Front_Passenger'],['Shoulder_Lapbelt'],0,0,Valid,1.0,0.0,25.0,19.0,"['Female', 'Male']",0,0,3,4,5,Dry,Straight,Level,Lowest,No
30157,47,Tennessee,470403,0,1,1,0,1,CLARKSVILLE,May,12,Friday,10,55,Urban,Medium Speed (Collector),No,36.63301389,-87.42398611,Non-Intersection,Daylight,Cloudy,10:00am-10:59am,59,11:00am-11:59am,4,11:00am-11:59am,37,1,Daylight,Reduced Visibility,1,0,['Driver'],['None_Used'],0,0,Invalid,0.0,0.0,54.0,54.0,['Male'],0,0,2,4,3,Dry,Straight,Grade/Hillcrest,Lowest,No
30158,47,Tennessee,470404,0,1,1,0,1,JACKSON,May,12,Friday,12,42,Rural,Low Speed (Local),No,35.74743889,-88.68845,Non-Intersection,Daylight,Cloudy,12:00pm-12:59pm,45,12:00pm-12:59pm,55,2:00pm-2:59pm,41,1,Daylight,Reduced Visibility,1,0,['Driver'],['Shoulder_Lapbelt'],1,1,Valid,0.0,0.0,41.0,41.0,['Male'],0,0,3,4,3,Dry,Straight,Grade/Hillcrest,Lowest,No
30159,47,Tennessee,470405,0,1,1,0,2,NOT APPLICABLE,May,13,Saturday,9,29,Rural,Low Speed (Local),No,35.72041111,-85.53558889,Non-Intersection,Daylight,Cloudy,9:00am-9:59am,11,9:00am-9:59am,22,Not Applicable (Not Transported),Not Applicable (Not Transported),1,Daylight,Reduced Visibility,1,1,['Rear_Seat'],['None_Used'],0,0,Valid,3.0,0.0,38.0,38.0,['Male'],0,0,5,4,2,Wet/Standing Water,Curve,Grade/Hillcrest,Lowest,No
30160,47,Tennessee,470406,0,2,2,0,2,MEMPHIS,May,13,Saturday,19,20,Urban,High Speed (Arterial),Yes,35.18557778,-89.87008889,Non-Intersection,Dusk,Clear,Unknown,Unknown,Unknown EMS Scene Arrival Hour,Unknown EMS Scene Arrival Minutes,Not Applicable (Not Transported),Not Applicable (Not Transported),1,Twilight,Clear,1,1,['Driver'],['None_Used'],0,0,Valid,0.0,1.0,31.0,23.0,"['Male', 'Male']",1,0,5,4,5,Dry,Straight,Non-Trafficway,Lowest,No
30161,47,Tennessee,470407,0,1,1,0,1,MARYVILLE,May,14,Sunday,22,11,Urban,Medium Speed (Collector),No,35.73467222,-83.98743889,Non-Intersection,Dark - Lighted,Clear,10:00pm-10:59pm,12,10:00pm-10:59pm,19,Not Applicable (Not Transported),Not Applicable (Not Transported),1,Dark - Lighted,Clear,1,0,['Driver'],['None_Used'],0,0,Valid,1.0,0.0,36.0,36.0,['Male'],0,0,5,4,3,Dry,Curve,Grade/Hillcrest,Lowest,No
30162,47,Tennessee,470408,0,2,2,0,2,NOT APPLICABLE,May,7,Sunday,10,9,Rural,Medium Speed (Collector),No,35.75108056,-86.46021111,Non-Intersection,Daylight,Clear,10:00am-10:59am,8,10:00am-10:59am,28,11:00am-11:59am,0,1,Daylight,Clear,1,1,['Driver'],['None_Used'],0,0,Valid,3.0,0.0,31.0,23.0,"['Male', 'Male']",0,0,5,4,5,Dry,Curve,Level,Lowest,No
30163,47,Tennessee,470409,0,1,1,0,1,NOT APPLICABLE,May,7,Sunday,15,56,Urban,High Speed (Arterial),No,35.6074,-84.53526944,Non-Intersection,Daylight,Clear,Unknown,Unknown,Unknown EMS Scene Arrival Hour,Unknown EMS Scene Arrival Minutes,Not Applicable (Not Transported),Not Applicable (Not Transported),1,Daylight,Clear,1,0,['Driver'],['Shoulder_Lapbelt'],0,0,Valid,0.0,0.0,64.0,64.0,['Male'],1,0,3,4,3,Dry,Straight,Level,Lowest,No
30164,47,Tennessee,470410,0,2,2,0,2,NOT APPLICABLE,May,11,Thursday,19,50,Rural,High Speed (Arterial),Yes,36.00593056,-83.534,Non-Intersection,Daylight,Clear,Unknown,Unknown,Unknown EMS Scene Arrival Hour,Unknown EMS Scene Arrival Minutes,Not Applicable (Not Transported),Not Applicable (Not Transported),1,Daylight,Clear,1,1,['Driver'],['Shoulder_Lapbelt'],0,0,Valid,1.0,1.0,51.0,20.0,"['Male', 'Male']",0,0,4,4,5,Dry,Straight,Level,Lowest,No
30165,47,Tennessee,470411,1,2,1,1,2,MEMPHIS,May,13,Saturday,12,14,Urban,High Speed (Arterial),No,35.18655833,-89.92998611,Non-Intersection,Daylight,Clear,Unknown,Unknown,Unknown EMS Scene Arrival Hour,Unknown EMS Scene Arrival Minutes,Unknown,Unknown EMS Hospital Arrival Time,1,Daylight,Clear,1,1,['Front_Passenger'],['None_Used'],0,0,Invalid,0.0,0.0,19.0,19.0,['Male'],2,0,2,4,3,Dry,Straight,Level,Lowest,No
30166,47,Tennessee,470412,0,3,3,0,8,MEMPHIS,May,15,Monday,8,41,Urban,Medium Speed (Collector),No,35.06205833,-89.89167778,Complex/Circle,Daylight,Clear,8:00am-8:59am,9,8:00am-8:59am,14,8:00am-8:59am,37,1,Daylight,Clear,1,7,['Rear_Seat'],['Child_Safety'],0,0,Valid,1.0,2.0,29.0,20.0,"['Male', 'Female', 'Female']",0,0,3,4,5,Dry,Straight,Level,Lowest,No
30167,47,Tennessee,470413,0,2,2,0,3,NOT APPLICABLE,May,15,Monday,14,23,Rural,Medium Speed (Collector),No,35.88786944,-83.44743056,Non-Intersection,Daylight,Clear,2:00pm-2:59pm,18,2:00pm-2:59pm,23,Unknown,Unknown EMS Hospital Arrival Time,1,Daylight,Clear,1,2,['Driver'],['None_Used'],0,0,Valid,1.0,1.0,29.0,23.0,"['Male', 'Male']",0,0,3,4,5,Dry,Straight,Level,Lowest,No
30168,47,Tennessee,470415,0,2,2,0,6,JASPER,May,6,Saturday,23,35,Urban,High Speed (Arterial),Yes,35.0512,-85.64115,Non-Intersection,Dark - Not Lighted,Clear,11:00pm-11:59pm,33,11:00pm-11:59pm,37,11:00pm-11:59pm,59,1,Dark - Unlighted,Clear,1,5,['Front_Passenger'],['None_Used'],1,1,Invalid,1.0,0.0,55.0,44.0,"['Male', 'Male']",0,0,3,4,5,Dry,Straight,Level,Lowest,No
30169,47,Tennessee,470416,1,1,1,0,2,KNOXVILLE,May,7,Sunday,21,24,Urban,High Speed (Arterial),Yes,35.93809722,-83.90871667,Non-Intersection,Dark - Lighted,Rain,8:00pm-8:59pm,30,8:00pm-8:59pm,38,8:00pm-8:59pm,45,1,Dark - Lighted,Rain/Wind/Minor,0,2,[],[],0,0,Valid,0.0,0.0,50.0,50.0,['Female'],0,0,2,3,4,Wet/Standing Water,Straight,Level,Lowest,No
30170,47,Tennessee,470417,0,1,1,0,1,NOT APPLICABLE,May,13,Saturday,10,50,Rural,Medium Speed (Collector),No,35.56746111,-87.58733056,Non-Intersection,Daylight,Rain,Unknown,Unknown,Unknown EMS Scene Arrival Hour,Unknown EMS Scene Arrival Minutes,Unknown,Unknown EMS Hospital Arrival Time,1,Daylight,Rain/Wind/Minor,1,0,['Driver'],['Shoulder_Lapbelt'],0,0,Valid,1.0,0.0,65.0,65.0,['Male'],0,0,3,4,2,Wet/Standing Water,Curve,Level,Lowest,No
30171,47,Tennessee,470418,0,3,3,0,5,NOT APPLICABLE,May,13,Saturday,20,59,Urban,Medium Speed (Collector),No,35.020475,-89.79602222,Complex/Circle,Dark - Lighted,Clear,9:00pm-9:59pm,31,9:00pm-9:59pm,47,10:00pm-10:59pm,12,1,Dark - Lighted,Clear,1,4,['Front_Passenger'],['None_Used'],0,0,Invalid,1.0,2.0,39.0,16.0,"['Male', 'Male', 'Female']",2,0,3,4,5,Dry,Straight,Level,Lowest,No
30172,47,Tennessee,470419,0,2,2,0,2,CLARKSVILLE,May,15,Monday,16,41,Rural,Medium Speed (Collector),No,36.56044444,-87.23488056,Simple Junction,Daylight,Clear,4:00pm-4:59pm,43,4:00pm-4:59pm,53,5:00pm-5:59pm,14,1,Daylight,Clear,1,1,['Driver'],['None_Used'],0,0,Valid,3.0,0.0,41.0,26.0,"['Female', 'Male']",0,0,5,4,5,Dry,Curve,Grade/Hillcrest,Lowest,No
30173,47,Tennessee,470420,0,2,2,0,2,MEMPHIS,May,18,Thursday,11,55,Urban,Medium Speed (Collector),No,35.00420278,-90.00731944,Non-Intersection,Daylight,Clear,12:00pm-12:59pm,2,12:00pm-12:59pm,7,12:00pm-12:59pm,19,1,Daylight,Clear,1,1,['Driver'],['None_Used'],0,0,Valid,0.0,0.0,75.0,20.0,"['Female', 'Female']",1,0,2,4,5,Dry,Straight,Level,Lowest,No
30174,47,Tennessee,470421,0,2,2,0,4,SODDY DAISY,May,12,Friday,22,22,Urban,High Speed (Arterial),Yes,35.21996944,-85.2107,Non-Intersection,Dark - Not Lighted,Clear,10:00pm-10:59pm,27,10:00pm-10:59pm,38,11:00pm-11:59pm,27,1,Dark - Unlighted,Clear,1,3,['Driver'],['None_Used'],1,1,Invalid,1.0,0.0,62.0,50.0,"['Male', 'Male']",0,0,3,4,5,Dry,Straight,Level,Lowest,No
30175,47,Tennessee,470422,0,1,1,0,4,NOT APPLICABLE,May,13,Saturday,1,32,Rural,Medium Speed (Collector),No,36.21215,-83.82948056,Non-Intersection,Dark - Not Lighted,Cloudy,1:00am-1:59am,19,1:00am-1:59am,22,Not Applicable (Not Transported),Not Applicable (Not Transported),1,Dark - Unlighted,Reduced Visibility,1,3,['Rear_Seat'],['None_Used'],1,1,Valid,1.0,0.0,18.0,18.0,['Male'],0,0,3,2,2,Dry,Curve,Grade/Hillcrest,Lowest,No
30176,47,Tennessee,470423,0,2,2,0,5,NOT APPLICABLE,May,16,Tuesday,16,25,Rural,Medium Speed (Collector),No,35.36406944,-84.59973056,Non-Intersection,Daylight,Clear,3:00pm-3:59pm,40,3:00pm-3:59pm,50,5:00pm-5:59pm,25,2,Daylight,Clear,2,3,"['Driver', 'Rear_Seat']","['Shoulder_Lapbelt', 'None_Used']",0,0,Valid,1.0,0.0,56.0,17.0,"['Male', 'Male']",0,0,3,4,5,Dry,Straight,Level,Lowest,No
30177,47,Tennessee,470424,0,3,3,0,3,MEMPHIS,May,19,Friday,3,12,Urban,High Speed (Arterial),Yes,35.08444722,-89.88003056,Non-Intersection,Dark - Not Lighted,Clear,3:00am-3:59am,14,3:00am-3:59am,24,3:00am-3:59am,48,1,Dark - Unlighted,Clear,1,2,['Driver'],['Shoulder_Lapbelt'],0,0,Invalid,1.0,1.0,34.0,27.0,"['Female', 'Male', 'Male']",0,0,3,4,5,Dry,Straight,Level,Lowest,No
30178,47,Tennessee,470425,0,1,1,0,1,NOT APPLICABLE,May,18,Thursday,99,99,Rural,Low Speed (Local),No,36.34228889,-89.47703056,Non-Intersection,Daylight,Clear,6:00am-6:59am,50,6:00am-6:59am,54,7:00am-7:59am,58,1,Daylight,Clear,1,0,['Driver'],['None_Used'],1,1,Valid,0.0,0.0,25.0,25.0,['Male'],0,0,2,4,3,Dry,Curve,Level,Lowest,No
30179,47,Tennessee,470426,0,1,1,0,1,NOT APPLICABLE,May,16,Tuesday,99,99,Rural,Low Speed (Local),No,35.16458056,-84.40988889,Non-Intersection,Dusk,Rain,Unknown,Unknown,Unknown EMS Scene Arrival Hour,Unknown EMS Scene Arrival Minutes,Unknown,Unknown EMS Hospital Arrival Time,1,Twilight,Rain/Wind/Minor,1,0,['Driver'],['None_Used'],0,0,Valid,0.0,0.0,81.0,81.0,['Male'],0,0,3,4,3,Wet/Standing Water,Straight,Grade/Hillcrest,Lowest,No
30180,47,Tennessee,470427,0,2,2,0,2,BEAN STATION,May,20,Saturday,12,50,Rural,High Speed (Arterial),Yes,36.30778889,-83.29168889,Complex/Circle,Daylight,Cloudy,12:00pm-12:59pm,47,12:00pm-12:59pm,55,Not Applicable (Not Transported),Not Applicable (Not Transported),1,Daylight,Reduced Visibility,1,1,['Driver'],['None_Used'],0,0,Valid,0.0,0.0,74.0,32.0,"['Female', 'Female']",1,0,5,4,5,Dry,Curve,Level,Lowest,No
30181,47,Tennessee,470428,0,1,1,0,2,BAILEYTON,May,20,Saturday,15,56,Rural,Medium Speed (Collector),No,36.33756111,-82.82708889,Non-Intersection,Daylight,Clear,3:00pm-3:59pm,46,3:00pm-3:59pm,50,Unknown,Unknown EMS Hospital Arrival Time,1,Daylight,Clear,1,1,['Front_Passenger'],['None_Used'],0,0,Valid,0.0,0.0,19.0,19.0,['Female'],2,0,3,4,3,Wet/Standing Water,Curve,Grade/Hillcrest,Lowest,No
30182,47,Tennessee,470430,0,1,1,0,4,KNOXVILLE,May,15,Monday,3,0,Urban,High Speed (Arterial),Yes,35.95117222,-83.94279444,Non-Intersection,Dark - Lighted,Clear,8:00am-8:59am,38,9:00am-9:59am,15,10:00am-10:59am,1,1,Dark - Lighted,Clear,1,3,['Rear_Seat'],['None_Used'],1,1,Invalid,0.0,0.0,21.0,21.0,['Male'],0,0,3,4,3,Dry,Straight,Level,Lowest,No
30183,47,Tennessee,470431,0,3,3,0,5,NOT APPLICABLE,May,21,Sunday,18,46,Rural,Medium Speed (Collector),No,35.82696111,-83.80893056,Simple Junction,Daylight,Clear,6:00pm-6:59pm,47,6:00pm-6:59pm,59,7:00pm-7:59pm,24,1,Daylight,Clear,1,4,['Driver'],['Shoulder_Lapbelt'],1,1,Valid,2.0,1.0,34.0,23.0,"['Male', 'Male', 'Male']",1,0,3,4,5,Dry,Straight,Level,Lowest,No
30184,47,Tennessee,470432,0,2,2,0,3,NOT APPLICABLE,May,14,Sunday,15,3,Rural,Low Speed (Local),No,35.83495,-83.78696944,Non-Intersection,Daylight,Rain,3:00pm-3:59pm,4,3:00pm-3:59pm,19,4:00pm-4:59pm,27,1,Daylight,Rain/Wind/Minor,1,1,['Driver'],['Shoulder_Lapbelt'],0,0,Valid,0.0,0.0,75.0,31.0,"['Male', 'Male']",1,0,3,4,5,Wet/Standing Water,Curve,Grade/Hillcrest,Lowest,No
30185,47,Tennessee,470433,0,1,1,0,1,NOT APPLICABLE,May,15,Monday,20,24,Rural,Medium Speed (Collector),No,36.20083056,-86.99723889,Non-Intersection,Dark - Not Lighted,Clear,Unknown,Unknown,Unknown EMS Scene Arrival Hour,Unknown EMS Scene Arrival Minutes,Unknown,Unknown EMS Hospital Arrival Time,1,Dark - Unlighted,Clear,1,0,['Driver'],['None_Used'],0,0,Valid,3.0,0.0,27.0,27.0,['Male'],0,0,2,4,3,Dry,Straight,Level,Lowest,No
30186,47,Tennessee,470434,0,1,1,0,2,NOT APPLICABLE,May,17,Wednesday,19,46,Rural,Medium Speed (Collector),No,35.67043056,-89.3039,Non-Intersection,Dark - Unknown Lighting,Clear,Unknown,Unknown,Unknown EMS Scene Arrival Hour,Unknown EMS Scene Arrival Minutes,Not Applicable (Not Transported),Not Applicable (Not Transported),2,Dark - Unlighted,Clear,2,0,"['Driver', 'Front_Passenger']","['Shoulder_Lapbelt', 'Shoulder_Lapbelt']",0,0,Valid,0.0,0.0,46.0,46.0,['Male'],0,0,1,4,3,Dry,Straight,Level,Lowest,Yes
30187,47,Tennessee,470435,0,1,1,0,2,NOT APPLICABLE,May,18,Thursday,10,8,Urban,High Speed (Arterial),Yes,36.13788889,-83.27506111,Non-Intersection,Daylight,Cloudy,10:00am-10:59am,11,10:00am-10:59am,25,10:00am-10:59am,50,1,Daylight,Reduced Visibility,1,1,['Rear_Seat'],['None_Used'],1,1,Valid,0.0,0.0,59.0,59.0,['Male'],0,0,5,4,2,Dry,Curve,Level,Lowest,No
30188,47,Tennessee,470436,0,2,2,0,3,NEW TAZEWELL,May,18,Thursday,17,53,Rural,Medium Speed (Collector),No,36.43465,-83.6134,Non-Intersection,Daylight,Clear,4:00pm-4:59pm,53,5:00pm-5:59pm,2,5:00pm-5:59pm,24,1,Daylight,Clear,1,2,['Driver'],['Shoulder_Lapbelt'],0,0,Valid,0.0,0.0,26.0,19.0,"['Male', 'Male']",0,0,3,4,5,Dry,Straight,Grade/Hillcrest,Lowest,No
30189,47,Tennessee,470437,0,3,3,0,7,MEMPHIS,May,18,Thursday,16,35,Urban,Medium Speed (Collector),No,35.07237222,-89.86343333,Simple Junction,Daylight,Clear,4:00pm-4:59pm,56,5:00pm-5:59pm,5,5:00pm-5:59pm,32,1,Daylight,Clear,1,6,['Driver'],['None_Used'],0,0,Valid,2.0,2.0,34.0,21.0,"['Male', 'Male', 'Female']",1,0,5,4,5,Dry,Straight,Level,Lowest,No
30190,47,Tennessee,470438,0,1,1,0,2,NOT APPLICABLE,May,20,Saturday,3,34,Urban,Medium Speed (Collector),No,35.22333889,-85.05943056,Non-Intersection,Dark - Not Lighted,Clear,Unknown,Unknown,Unknown EMS Scene Arrival Hour,Unknown EMS Scene Arrival Minutes,Not Applicable (Not Transported),Not Applicable (Not Transported),2,Dark - Unlighted,Clear,2,0,"['Driver', 'Rear_Seat']","['None_Used', 'None_Used']",1,1,Invalid,0.0,0.0,14.0,14.0,['Male'],0,0,5,4,2,Dry,Curve,Grade/Hillcrest,Lowest,No
30191,47,Tennessee,470441,0,1,1,0,1,NOT APPLICABLE,May,18,Thursday,99,99,Rural,Medium Speed (Collector),No,34.99353056,-85.60338056,Non-Intersection,Daylight,Clear,Unknown,Unknown,Unknown EMS Scene Arrival Hour,Unknown EMS Scene Arrival Minutes,Not Applicable (Not Transported),Not Applicable (Not Transported),1,Daylight,Clear,1,0,['Driver'],['None_Used'],0,0,Valid,1.0,0.0,46.0,46.0,['Male'],0,0,3,4,3,Dry,Curve,Level,Lowest,No
30192,47,Tennessee,470442,0,2,2,0,2,NOT APPLICABLE,May,20,Saturday,14,28,Rural,Medium Speed (Collector),No,35.29193889,-85.38081111,Non-Intersection,Daylight,Rain,Unknown,Unknown,Unknown EMS Scene Arrival Hour,Unknown EMS Scene Arrival Minutes,Not Applicable (Not Transported),Not Applicable (Not Transported),1,Daylight,Rain/Wind/Minor,1,1,['Driver'],['None_Used'],0,0,Valid,1.0,0.0,87.0,38.0,"['Male', 'Male']",0,0,3,4,5,Wet/Standing Water,Curve,Grade/Hillcrest,Lowest,No
30193,47,Tennessee,470443,0,1,1,0,1,NOT APPLICABLE,May,20,Saturday,23,30,Rural,Medium Speed (Collector),No,35.17136944,-85.9681,Non-Intersection,Dark - Not Lighted,Clear,11:00pm-11:59pm,35,11:00pm-11:59pm,43,0:00am-0:59am,51,1,Dark - Unlighted,Clear,1,0,['Driver'],['Shoulder_Lapbelt'],1,1,Valid,0.0,0.0,45.0,45.0,['Male'],1,0,3,4,3,Dry,Curve,Grade/Hillcrest,Lowest,No
30194,47,Tennessee,470444,0,2,2,0,2,LANCING,May,15,Monday,8,3,Rural,High Speed (Arterial),Yes,36.14723889,-84.63855,Non-Intersection,Daylight,Clear,8:00am-8:59am,6,8:00am-8:59am,15,9:00am-9:59am,11,1,Daylight,Clear,1,1,['Driver'],['Shoulder_Lapbelt'],0,0,Valid,2.0,0.0,52.0,46.0,"['Male', 'Female']",0,0,2,4,5,Dry,Curve,Grade/Hillcrest,Lowest,No
30195,47,Tennessee,470445,0,1,1,0,1,NOT APPLICABLE,May,19,Friday,9,30,Urban,Medium Speed (Collector),No,35.20881111,-86.05891111,Non-Intersection,Daylight,Clear,9:00am-9:59am,30,9:00am-9:59am,36,9:00am-9:59am,58,1,Daylight,Clear,1,0,['Driver'],['Shoulder_Lapbelt'],0,0,Invalid,0.0,0.0,61.0,61.0,['Male'],0,0,3,4,3,Dry,Straight,Level,Lowest,No
30196,47,Tennessee,470446,0,2,2,0,4,NOT APPLICABLE,May,24,Wednesday,10,7,Rural,Medium Speed (Collector),No,35.30051944,-88.35671111,Non-Intersection,Daylight,Clear,10:00am-10:59am,8,10:00am-10:59am,8,11:00am-11:59am,1,2,Daylight,Clear,2,2,"['Driver', 'Rear_Seat']","['None_Used', 'None_Used']",0,0,Valid,0.0,0.0,57.0,32.0,"['Male', 'Female']",0,0,3,4,5,Dry,Straight,Level,Lowest,No
30197,47,Tennessee,470447,0,1,1,0,1,KNOXVILLE,May,25,Thursday,4,23,Urban,Low Speed (Local),No,36.0653,-83.94358056,Non-Intersection,Dark - Not Lighted,Clear,Unknown,Unknown,Unknown EMS Scene Arrival Hour,Unknown EMS Scene Arrival Minutes,Unknown,Unknown EMS Hospital Arrival Time,1,Dark - Unlighted,Clear,1,0,['Driver'],['None_Used'],0,0,Valid,1.0,0.0,37.0,37.0,['Male'],1,0,5,4,2,Dry,Curve,Grade/Hillcrest,Lowest,No
30198,47,Tennessee,470448,0,2,2,0,2,NOT APPLICABLE,May,17,Wednesday,13,34,Urban,High Speed (Arterial),Yes,35.28806944,-89.05078889,Simple Junction,Daylight,Clear,1:00pm-1:59pm,42,1:00pm-1:59pm,47,1:00pm-1:59pm,59,1,Daylight,Clear,1,1,['Driver'],['None_Used'],0,0,Valid,2.0,0.0,76.0,50.0,"['Female', 'Male']",0,0,5,4,5,Dry,Straight,Level,Lowest,No
30199,47,Tennessee,470449,0,1,1,0,1,NOT APPLICABLE,May,19,Friday,6,8,Rural,High Speed (Arterial),Yes,36.46091111,-87.11508889,Non-Intersection,Daylight,Cloudy,6:00am-6:59am,11,6:00am-6:59am,26,Not Applicable (Not Transported),Not Applicable (Not Transported),1,Daylight,Reduced Visibility,1,0,['Driver'],['Shoulder_Lapbelt'],0,0,Valid,0.0,0.0,24.0,24.0,['Male'],0,0,2,4,3,Dry,Straight,Level,Lowest,No
30200,47,Tennessee,470450,0,1,1,0,1,NOT APPLICABLE,May,19,Friday,13,51,Rural,Low Speed (Local),No,35.51808889,-84.29576944,Non-Intersection,Daylight,Clear,1:00pm-1:59pm,55,2:00pm-2:59pm,11,Unknown,Unknown EMS Hospital Arrival Time,1,Daylight,Clear,1,0,['Driver'],['None_Used'],0,0,Valid,0.0,0.0,31.0,31.0,['Male'],0,0,3,4,3,Dry,Straight,Grade/Hillcrest,Lowest,No
30201,47,Tennessee,470451,0,1,1,0,1,NOT APPLICABLE,May,21,Sunday,13,0,Rural,Medium Speed (Collector),No,35.36071111,-84.12253056,Non-Intersection,Daylight,Clear,1:00pm-1:59pm,6,1:00pm-1:59pm,41,Unknown,Unknown EMS Hospital Arrival Time,1,Daylight,Clear,1,0,['Driver'],['None_Used'],0,0,Valid,0.0,1.0,69.0,69.0,['Male'],0,0,5,4,3,Dry,Curve,Grade/Hillcrest,Lowest,No
30202,47,Tennessee,470452,0,1,1,0,1,KNOXVILLE,May,6,Saturday,20,18,Urban,Low Speed (Local),No,36.01373889,-83.81336944,Non-Intersection,Daylight,Not Reported,7:00pm-7:59pm,19,7:00pm-7:59pm,32,8:00pm-8:59pm,10,1,Daylight,Clear,1,0,['Driver'],['None_Used'],1,1,Valid,0.0,2.0,26.0,26.0,['Male'],1,0,5,3,2,Dry,Straight,Grade/Hillcrest,Lowest,No
30203,47,Tennessee,470453,0,1,1,0,2,NOT APPLICABLE,May,12,Friday,22,53,Rural,High Speed (Arterial),Yes,36.55215,-84.13973056,Non-Intersection,Dark - Not Lighted,Clear,11:00pm-11:59pm,0,11:00pm-11:59pm,8,1:00am-1:59am,0,1,Dark - Unlighted,Clear,1,1,['Driver'],['Shoulder_Lapbelt'],0,0,Valid,0.0,0.0,82.0,82.0,['Male'],2,0,3,4,3,Dry,Straight,Grade/Hillcrest,Lowest,No