,State_Code,State_Name,Crash_ID,Count_Non_Motorists,Count_Vehicles_Total,Count_Vehicle_Forms,Count_PVH_Involved,Count_Occupants_MV,City_Name,Month_Name,Day_of_Month,Day_of_Week,Crash_Hour,Crash_Minute,Area_Rural_Urban,Road_Functional_Class,On_NHS_Road,Latitude,Longitude,Intersection_Type,Light_Condition,Weather_Condition,Notif_Hour,Notif_Minute,Arrival_Hour,Arrival_Minute,Hospital_Hour,Hospital_Minute,Fatalities_Count,Clean_Light_Condition,Clean_Weather_Condition,Total_Killed,Total_Alive,Fatal_Seats_List,Killed_Restraint_List,Any_Driver_Drinking,Total_Drinking_Drivers,Driver_License_Category,Driver_Max_Prev_Accident_Count,Driver_Max_Prev_Speeding_Count,Max_Driver_Age,Min_Driver_Age,Driver_Sex_List,Total_Exceeding_Limit_Vehicles,Total_Too_Fast_Vehicles,Max_Vehicle_Type_Severity_5,Max_Vehicle_Damage_Rank,Max_Harmful_Event_Severity,Crash_Road_Surface_Condition,Crash_Horizontal_Alignment,Crash_Vertical_Profile,Crash_Impairment_Category,Crash_Vehicle_Defect
30204,47,Tennessee,470454,0,1,1,0,1,NOT APPLICABLE,May,15,Monday,13,35,Rural,High Speed (Arterial),Yes,35.80396944,-86.01986111,Non-Intersection,Daylight,Clear,1:00pm-1:59pm,30,1:00pm-1:59pm,35,2:00pm-2:59pm,0,1,Daylight,Clear,1,0,['Driver'],['Shoulder_Lapbelt'],0,0,Valid,0.0,0.0,71.0,71.0,['Female'],0,0,3,4,3,Dry,Curve,Level,Medium,No
30205,47,Tennessee,470455,0,2,2,0,2,NOT APPLICABLE,May,24,Wednesday,19,30,Urban,High Speed (Arterial),Yes,35.87833889,-83.77293889,Non-Intersection,Daylight,Clear,7:00pm-7:59pm,31,7:00pm-7:59pm,33,Not Applicable (Not Transported),Not Applicable (Not Transported),1,Daylight,Clear,1,1,['Driver'],['None_Used'],1,1,Invalid,0.0,0.0,76.0,40.0,"['Male', 'Female']",1,0,5,4,5,Dry,Straight,Grade/Hillcrest,Lowest,No
30206,47,Tennessee,470456,0,2,2,0,2,NOT APPLICABLE,May,20,Saturday,14,45,Urban,High Speed (Arterial),Yes,36.31251944,-82.19713889,Non-Intersection,Daylight,Clear,2:00pm-2:59pm,22,2:00pm-2:59pm,37,3:00pm-3:59pm,4,1,Daylight,Clear,1,1,['Driver'],['None_Used'],0,0,Valid,1.0,0.0,82.0,37.0,"['Male', 'Male']",0,0,5,4,5,Dry,Straight,Level,Lowest,No
30207,47,Tennessee,470457,0,2,2,0,2,MEMPHIS,May,28,Sunday,99,99,Urban,Medium Speed (Collector),No,35.22343333,-89.96051111,Complex/Circle,Reported as Unknown,Clear,8:00am-8:59am,50,8:00am-8:59am,56,9:00am-9:59am,34,1,Dark - Unlighted,Clear,1,1,['Driver'],['Shoulder_Lapbelt'],1,1,Invalid,1.0,1.0,55.0,27.0,"['Male', 'Female']",0,0,2,4,5,Dry,Straight,Level,Lowest,No
30208,47,Tennessee,470458,0,2,2,0,10,GOODLETTSVILLE,May,19,Friday,22,38,Rural,High Speed (Arterial),Yes,36.37668056,-86.74878889,Complex/Circle,Dark - Lighted,Clear,10:00pm-10:59pm,41,11:00pm-11:59pm,0,11:00pm-11:59pm,32,2,Dark - Lighted,Clear,2,7,"['Rear_Seat', 'Rear_Seat']","['None_Used', 'None_Used']",0,0,Invalid,0.0,0.0,999.0,43.0,"['Male', 'Male']",0,0,3,4,5,Dry,Straight,Level,Lowest,No
30209,47,Tennessee,470459,0,1,1,0,2,NOT APPLICABLE,May,26,Friday,0,25,Rural,Medium Speed (Collector),No,36.21165,-83.03411111,Non-Intersection,Dark - Not Lighted,Cloudy,0:00am-0:59am,14,1:00am-1:59am,0,Unknown,Unknown EMS Hospital Arrival Time,1,Dark - Unlighted,Reduced Visibility,1,1,['Front_Passenger'],['None_Used'],0,0,Valid,0.0,0.0,42.0,42.0,['Male'],2,0,2,4,3,Dry,Curve,Level,Lowest,No
30210,47,Tennessee,470460,0,1,1,0,1,SPRING HILL,May,25,Thursday,21,29,Urban,High Speed (Arterial),Yes,35.7288,-86.95903889,Non-Intersection,Dark - Not Lighted,Clear,9:00pm-9:59pm,31,9:00pm-9:59pm,39,Not Applicable (Not Transported),Not Applicable (Not Transported),1,Dark - Unlighted,Clear,1,0,['Driver'],['None_Used'],1,1,Invalid,0.0,0.0,33.0,33.0,['Male'],0,0,3,4,3,Dry,Straight,Level,Lowest,No
30211,47,Tennessee,470461,0,2,2,0,2,CLARKSVILLE,May,29,Monday,22,34,Urban,High Speed (Arterial),Yes,36.63835833,-87.43581667,Simple Junction,Dark - Lighted,Clear,10:00pm-10:59pm,36,10:00pm-10:59pm,43,11:00pm-11:59pm,8,1,Dark - Lighted,Clear,1,1,['Driver'],['None_Used'],0,0,Valid,0.0,0.0,29.0,23.0,"['Female', 'Male']",0,0,5,4,5,Dry,Straight,Level,Lowest,No
30212,47,Tennessee,470463,0,2,2,0,3,NOT APPLICABLE,May,25,Thursday,14,50,Rural,High Speed (Arterial),Yes,35.40266944,-85.10296111,Non-Intersection,Daylight,Clear,2:00pm-2:59pm,53,2:00pm-2:59pm,58,3:00pm-3:59pm,47,1,Daylight,Clear,1,2,['Front_Passenger'],['Shoulder_Lapbelt'],0,0,Invalid,2.0,0.0,46.0,31.0,"['Male', 'Male']",0,0,3,4,5,Dry,Straight,Level,Lowest,No
30213,47,Tennessee,470464,0,2,2,0,3,KNOXVILLE,May,31,Wednesday,13,3,Urban,High Speed (Arterial),Yes,35.96001944,-83.92046944,Complex/Circle,Daylight,Clear,12:00pm-12:59pm,15,12:00pm-12:59pm,22,12:00pm-12:59pm,38,1,Daylight,Clear,1,2,['Driver'],['None_Used'],0,0,Invalid,2.0,0.0,61.0,20.0,"['Male', 'Male']",1,0,3,4,5,Dry,Straight,Grade/Hillcrest,Lowest,No
30214,47,Tennessee,470465,0,1,1,0,4,NOT APPLICABLE,May,26,Friday,11,15,Rural,Medium Speed (Collector),No,36.59076944,-83.53096944,Non-Intersection,Daylight,Clear,11:00am-11:59am,24,11:00am-11:59am,36,12:00pm-12:59pm,25,1,Daylight,Clear,1,3,['Driver'],['None_Used'],0,0,Valid,0.0,0.0,23.0,23.0,['Male'],0,0,3,4,3,Dry,Curve,Grade/Hillcrest,Lowest,No
30215,47,Tennessee,470466,0,2,2,0,4,NOT APPLICABLE,May,27,Saturday,20,10,Rural,High Speed (Arterial),Yes,36.19526111,-85.02056944,Non-Intersection,Dusk,Clear,Unknown,Unknown,Unknown EMS Scene Arrival Hour,Unknown EMS Scene Arrival Minutes,Not Applicable (Not Transported),Not Applicable (Not Transported),1,Twilight,Clear,1,3,['Driver'],['None_Used'],1,1,Invalid,1.0,0.0,39.0,34.0,"['Male', 'Female']",0,0,3,4,5,Dry,Curve,Level,Lowest,No
30216,47,Tennessee,470467,1,1,1,0,1,NASHVILLE,May,27,Saturday,23,6,Urban,High Speed (Arterial),Yes,36.24805,-86.72033056,Complex/Circle,Dark - Lighted,Clear,11:00pm-11:59pm,6,11:00pm-11:59pm,11,11:00pm-11:59pm,25,1,Dark - Lighted,Clear,0,0,[],[],0,0,Invalid,0.0,0.0,999.0,999.0,['Other'],0,0,1,0,4,Dry,Straight,Level,Lowest,No
30217,47,Tennessee,470468,0,2,2,0,2,NASHVILLE,May,28,Sunday,1,6,Urban,High Speed (Arterial),Yes,36.06255,-86.77191944,Non-Intersection,Dark - Lighted,Clear,Unknown,Unknown,Unknown EMS Scene Arrival Hour,Unknown EMS Scene Arrival Minutes,Not Applicable (Not Transported),Not Applicable (Not Transported),2,Dark - Lighted,Clear,2,0,"['Driver', 'Driver']","['Shoulder_Lapbelt', 'None_Used']",1,1,Valid,0.0,0.0,33.0,19.0,"['Male', 'Female']",0,0,3,4,5,Dry,Straight,Level,Lowest,No
30218,47,Tennessee,470469,0,1,1,0,1,MEMPHIS,May,25,Thursday,10,22,Urban,Medium Speed (Collector),No,35.14868611,-90.04984167,Non-Intersection,Daylight,Clear,Unknown,Unknown,Unknown EMS Scene Arrival Hour,Unknown EMS Scene Arrival Minutes,Not Applicable (Not Transported),Not Applicable (Not Transported),1,Daylight,Clear,1,0,['Driver'],['Shoulder_Lapbelt'],0,0,Valid,0.0,0.0,43.0,43.0,['Male'],0,0,3,4,4,Dry,Straight,Level,Lowest,No
30219,47,Tennessee,470470,0,1,1,0,2,NOT APPLICABLE,May,28,Sunday,23,41,Rural,Low Speed (Local),No,35.56011111,-88.00728889,Non-Intersection,Dark - Lighted,Clear,11:00pm-11:59pm,20,11:00pm-11:59pm,35,Not Applicable (Not Transported),Not Applicable (Not Transported),1,Dark - Lighted,Clear,1,1,['Driver'],['None_Used'],1,1,Valid,0.0,0.0,45.0,45.0,['Male'],0,0,5,3,3,Dry,Straight,Level,Lowest,No
30220,47,Tennessee,470471,1,1,1,0,5,NOT APPLICABLE,May,31,Wednesday,22,52,Urban,High Speed (Arterial),Yes,35.24416944,-84.84468056,Non-Intersection,Dark - Not Lighted,Clear,Unknown,Unknown,Unknown EMS Scene Arrival Hour,Unknown EMS Scene Arrival Minutes,Unknown,Unknown EMS Hospital Arrival Time,1,Dark - Unlighted,Clear,0,5,[],[],0,0,Valid,2.0,0.0,41.0,41.0,['Male'],0,0,3,4,4,Dry,Straight,Level,Lowest,No
30221,47,Tennessee,470472,0,2,2,0,4,MEMPHIS,June,1,Thursday,18,28,Urban,Medium Speed (Collector),No,35.17421111,-89.97281111,Non-Intersection,Daylight,Clear,6:00pm-6:59pm,38,6:00pm-6:59pm,46,7:00pm-7:59pm,8,1,Daylight,Clear,1,3,['Front_Passenger'],['Shoulder_Lapbelt'],0,0,Invalid,1.0,0.0,37.0,27.0,"['Male', 'Male']",0,0,2,4,5,Dry,Straight,Level,Lowest,No
30222,47,Tennessee,470473,1,1,1,0,1,NOT APPLICABLE,May,1,Monday,1,10,Urban,Medium Speed (Collector),No,35.56643889,-86.47018056,Non-Intersection,Dark - Not Lighted,Clear,Unknown,Unknown,Unknown EMS Scene Arrival Hour,Unknown EMS Scene Arrival Minutes,Unknown,Unknown EMS Hospital Arrival Time,1,Dark - Unlighted,Clear,0,0,[],[],0,0,Invalid,0.0,0.0,998.0,998.0,['Other'],0,0,1,0,4,Dry,Straight,Level,Lowest,No
30223,47,Tennessee,470474,0,2,2,0,4,MURFREESBORO,May,19,Friday,21,10,Urban,High Speed (Arterial),Yes,35.85026111,-86.43818889,Non-Intersection,Dark - Not Lighted,Clear,9:00pm-9:59pm,8,9:00pm-9:59pm,12,9:00pm-9:59pm,31,1,Dark - Unlighted,Clear,1,3,['Driver'],['Shoulder_Lapbelt'],0,0,Invalid,2.0,1.0,56.0,18.0,"['Male', 'Male']",0,0,4,4,5,Dry,Straight,Level,Lowest,No
30224,47,Tennessee,470475,0,1,1,0,1,NOT APPLICABLE,May,27,Saturday,17,5,Rural,Medium Speed (Collector),No,35.64515,-87.82268056,Non-Intersection,Daylight,Clear,Unknown,Unknown,Unknown EMS Scene Arrival Hour,Unknown EMS Scene Arrival Minutes,Not Applicable (Not Transported),Not Applicable (Not Transported),1,Daylight,Clear,1,0,['Driver'],['None_Used'],1,1,Invalid,1.0,0.0,39.0,39.0,['Male'],0,0,2,4,3,Dry,Curve,Level,Lowest,Yes
30225,47,Tennessee,470476,0,2,2,0,7,NOT APPLICABLE,May,27,Saturday,18,36,Urban,High Speed (Arterial),Yes,36.01986944,-87.26026111,Non-Intersection,Daylight,Clear,Unknown,Unknown,Unknown EMS Scene Arrival Hour,Unknown EMS Scene Arrival Minutes,Unknown,Unknown EMS Hospital Arrival Time,1,Daylight,Clear,1,6,['Driver'],['None_Used'],0,0,Valid,0.0,0.0,59.0,26.0,"['Male', 'Female']",0,0,5,4,5,Dry,Straight,Level,Lowest,No
30226,47,Tennessee,470477,0,1,1,0,1,MEMPHIS,June,1,Thursday,19,44,Urban,Medium Speed (Collector),No,35.02625278,-89.93201944,Non-Intersection,Dusk,Clear,Unknown,Unknown,Unknown EMS Scene Arrival Hour,Unknown EMS Scene Arrival Minutes,Not Applicable (Not Transported),Not Applicable (Not Transported),1,Twilight,Clear,1,0,['Driver'],['Shoulder_Lapbelt'],0,0,Valid,1.0,0.0,53.0,53.0,['Male'],0,0,3,4,2,Dry,Straight,Level,Lowest,No
30227,47,Tennessee,470478,0,3,3,0,4,NOT APPLICABLE,June,2,Friday,10,57,Rural,Medium Speed (Collector),No,36.14878889,-82.71016944,Non-Intersection,Daylight,Clear,10:00am-10:59am,53,11:00am-11:59am,52,Not Applicable (Not Transported),Not Applicable (Not Transported),1,Daylight,Clear,1,3,['Driver'],['Shoulder_Lapbelt'],0,0,Valid,0.0,0.0,91.0,51.0,"['Male', 'Male', 'Male']",0,0,3,4,5,Dry,Straight,Level,Lowest,No
30228,47,Tennessee,470479,0,3,3,0,7,CLARKSVILLE,June,2,Friday,21,25,Urban,High Speed (Arterial),Yes,36.58688889,-87.29663889,Non-Intersection,Dark - Lighted,Clear,9:00pm-9:59pm,30,9:00pm-9:59pm,33,9:00pm-9:59pm,52,1,Dark - Lighted,Clear,1,6,['Driver'],['None_Used'],1,1,Valid,0.0,1.0,29.0,23.0,"['Female', 'Male', 'Male']",1,0,5,4,5,Dry,Straight,Non-Trafficway,Lowest,No
30229,47,Tennessee,470480,0,2,2,0,3,MCKENZIE,May,20,Saturday,12,39,Urban,High Speed (Arterial),Yes,36.10778056,-88.49063056,Simple Junction,Daylight,Cloudy,12:00pm-12:59pm,32,12:00pm-12:59pm,37,12:00pm-12:59pm,56,1,Daylight,Reduced Visibility,1,2,['Front_Passenger'],['Shoulder_Lapbelt'],0,0,Valid,1.0,1.0,46.0,26.0,"['Female', 'Male']",0,0,3,4,5,Dry,Straight,Level,Lowest,No
30230,47,Tennessee,470481,1,1,1,0,1,CHATTANOOGA,June,4,Sunday,0,16,Urban,High Speed (Arterial),Yes,35.01446111,-85.27366111,Non-Intersection,Dark - Lighted,Clear,0:00am-0:59am,15,0:00am-0:59am,19,Not Applicable (Not Transported),Not Applicable (Not Transported),1,Dark - Lighted,Clear,0,0,[],[],0,0,Invalid,0.0,0.0,999.0,999.0,['Other'],0,0,1,0,4,Dry,Curve,Grade/Hillcrest,Lowest,No
30231,47,Tennessee,470482,0,2,2,0,2,NASHVILLE,May,27,Saturday,1,54,Urban,High Speed (Arterial),Yes,36.20661944,-86.7779,Complex/Circle,Dark - Lighted,Clear,1:00am-1:59am,56,2:00am-2:59am,1,2:00am-2:59am,39,1,Dark - Lighted,Clear,1,1,['Driver'],['None_Used'],1,2,Invalid,0.0,0.0,47.0,44.0,"['Female', 'Male']",0,0,3,4,5,Dry,Straight,Level,Lowest,No
30232,47,Tennessee,470483,1,1,1,0,1,NASHVILLE,May,30,Tuesday,21,15,Urban,High Speed (Arterial),Yes,36.12583889,-86.71001944,Non-Intersection,Dark - Not Lighted,Clear,9:00pm-9:59pm,17,9:00pm-9:59pm,23,9:00pm-9:59pm,39,1,Dark - Unlighted,Clear,0,1,[],[],1,1,Valid,1.0,0.0,53.0,53.0,['Male'],0,0,5,4,4,Dry,Straight,Level,Lowest,No
30233,47,Tennessee,470484,1,1,1,0,1,NOT APPLICABLE,May,30,Tuesday,22,11,Rural,Medium Speed (Collector),No,36.26276944,-89.47206944,Non-Intersection,Dark - Not Lighted,Clear,Unknown,Unknown,Unknown EMS Scene Arrival Hour,Unknown EMS Scene Arrival Minutes,Unknown,Unknown EMS Hospital Arrival Time,1,Dark - Unlighted,Clear,0,1,[],[],0,0,Valid,4.0,3.0,27.0,27.0,['Male'],0,0,3,3,4,Dry,Straight,Level,Lowest,Yes
30234,47,Tennessee,470485,1,2,1,1,1,MEMPHIS,May,28,Sunday,22,49,Urban,High Speed (Arterial),Yes,34.99529167,-89.87911944,Non-Intersection,Dark - Not Lighted,Clear,10:00pm-10:59pm,53,11:00pm-11:59pm,7,11:00pm-11:59pm,32,1,Dark - Unlighted,Clear,0,1,[],[],1,1,Invalid,0.0,1.0,40.0,40.0,['Male'],0,0,3,4,5,Dry,Curve,Level,Lowest,Yes
30235,47,Tennessee,470486,0,3,3,0,4,KNOXVILLE,June,4,Sunday,19,35,Urban,High Speed (Arterial),Yes,35.9201,-83.86031944,Non-Intersection,Dark - Unknown Lighting,Cloudy,6:00pm-6:59pm,35,6:00pm-6:59pm,43,Unknown,Unknown EMS Hospital Arrival Time,1,Dark - Unlighted,Reduced Visibility,1,3,['Driver'],['None_Used'],0,0,Valid,1.0,0.0,75.0,19.0,"['Male', 'Female', 'Female']",0,0,5,4,5,Dry,Curve,Grade/Hillcrest,Lowest,No
30236,47,Tennessee,470487,1,1,1,0,0,NASHVILLE,June,5,Monday,15,3,Urban,Low Speed (Local),No,36.15365,-86.88358056,Non-Intersection,Daylight,Clear,3:00pm-3:59pm,4,3:00pm-3:59pm,9,3:00pm-3:59pm,24,1,Daylight,Clear,0,0,[],[],0,0,Valid,0.0,0.0,49.0,34.0,Other,0,0,2,2,4,Dry,Curve,Grade/Hillcrest,Lowest,No
30237,47,Tennessee,470488,0,2,2,0,3,JACKSON,April,19,Wednesday,15,25,Urban,Medium Speed (Collector),No,35.66135,-88.82836111,Non-Intersection,Daylight,Not Reported,3:00pm-3:59pm,29,3:00pm-3:59pm,35,3:00pm-3:59pm,49,1,Daylight,Clear,1,2,['Driver'],['None_Used'],0,0,Valid,0.0,0.0,64.0,50.0,"['Male', 'Male']",0,0,5,4,5,Dry,Straight,Level,Lowest,No
30238,47,Tennessee,470489,0,2,2,0,3,NOT APPLICABLE,June,4,Sunday,17,35,Urban,Medium Speed (Collector),No,35.15280278,-89.75940278,Simple Junction,Daylight,Clear,5:00pm-5:59pm,43,5:00pm-5:59pm,55,6:00pm-6:59pm,15,1,Daylight,Clear,1,2,['Driver'],['None_Used'],0,0,Valid,0.0,1.0,63.0,55.0,"['Male', 'Male']",1,0,5,4,5,Dry,Straight,Grade/Hillcrest,Lowest,No
30239,47,Tennessee,470490,0,1,1,0,1,NOT APPLICABLE,June,5,Monday,17,51,Rural,Low Speed (Local),No,36.06941944,-87.48148056,Non-Intersection,Daylight,Cloudy,5:00pm-5:59pm,50,6:00pm-6:59pm,0,6:00pm-6:59pm,19,1,Daylight,Reduced Visibility,1,0,['Driver'],['None_Used'],1,1,Valid,0.0,0.0,40.0,40.0,['Male'],1,0,5,4,3,Dry,Curve,Grade/Hillcrest,Lowest,No
30240,47,Tennessee,470491,0,1,1,0,1,NOT APPLICABLE,June,5,Monday,16,15,Rural,Medium Speed (Collector),No,36.34651111,-83.45903056,Non-Intersection,Daylight,Clear,4:00pm-4:59pm,27,4:00pm-4:59pm,36,Not Applicable (Not Transported),Not Applicable (Not Transported),1,Daylight,Clear,1,0,['Driver'],['None_Used'],0,0,Valid,0.0,0.0,66.0,66.0,['Female'],0,0,5,4,2,Dry,Curve,Grade/Hillcrest,Lowest,No
30241,47,Tennessee,470492,0,1,1,0,2,KNOXVILLE,April,27,Thursday,18,19,Urban,High Speed (Arterial),Yes,36.01046111,-83.97138889,Non-Intersection,Daylight,Rain,Unknown,Unknown,Unknown EMS Scene Arrival Hour,Unknown EMS Scene Arrival Minutes,Unknown,Unknown EMS Hospital Arrival Time,1,Daylight,Rain/Wind/Minor,1,1,['Driver'],['None_Used'],0,0,Valid,0.0,0.0,28.0,28.0,['Female'],0,0,2,4,3,Wet/Standing Water,Curve,Grade/Hillcrest,Lowest,No
30242,47,Tennessee,470493,0,1,1,0,2,NOT APPLICABLE,June,6,Tuesday,15,48,Urban,Low Speed (Local),No,36.04206111,-84.02441111,Non-Intersection,Daylight,Not Reported,4:00pm-4:59pm,5,4:00pm-4:59pm,9,Unknown,Unknown EMS Hospital Arrival Time,1,Daylight,Clear,1,1,['Front_Passenger'],['Shoulder_Lapbelt'],1,1,Invalid,1.0,0.0,22.0,22.0,['Female'],2,0,2,4,3,Dry,Curve,Grade/Hillcrest,Lowest,No
30243,47,Tennessee,470494,0,1,1,0,1,MEMPHIS,June,7,Wednesday,3,43,Urban,High Speed (Arterial),Yes,35.07945278,-90.05733889,Non-Intersection,Dark - Lighted,Clear,Unknown,Unknown,Unknown EMS Scene Arrival Hour,Unknown EMS Scene Arrival Minutes,Not Applicable (Not Transported),Not Applicable (Not Transported),1,Dark - Lighted,Clear,1,0,['Driver'],['None_Used'],1,1,Valid,0.0,0.0,22.0,22.0,['Male'],0,0,5,4,3,Dry,Straight,Grade/Hillcrest,Lowest,No
30244,47,Tennessee,470495,0,5,5,0,5,CLARKSVILLE,June,7,Wednesday,7,20,Urban,High Speed (Arterial),Yes,36.50198889,-87.28715833,Non-Intersection,Dawn,Clear,7:00am-7:59am,37,7:00am-7:59am,53,8:00am-8:59am,34,1,Twilight,Clear,1,4,['Driver'],['None_Used'],0,0,Invalid,2.0,0.0,54.0,22.0,"['Male', 'Male', 'Male', 'Female', 'Male']",1,0,4,4,5,Dry,Straight,Grade/Hillcrest,Lowest,No
30245,47,Tennessee,470496,0,2,2,0,6,NOT APPLICABLE,May,28,Sunday,11,12,Rural,Medium Speed (Collector),No,35.27116944,-89.35578889,Non-Intersection,Daylight,Clear,11:00am-11:59am,2,11:00am-11:59am,13,12:00pm-12:59pm,15,1,Daylight,Clear,1,5,['Driver'],['None_Used'],0,0,Invalid,2.0,2.0,36.0,21.0,"['Male', 'Female']",3,0,2,4,5,Dry,Straight,Level,Lowest,No
30246,47,Tennessee,470497,0,3,3,0,4,NOT APPLICABLE,April,12,Wednesday,18,15,Rural,High Speed (Arterial),Yes,35.26581111,-85.46496944,Complex/Circle,Daylight,Clear,6:00pm-6:59pm,31,6:00pm-6:59pm,51,7:00pm-7:59pm,36,1,Daylight,Clear,1,3,['Driver'],['Shoulder_Lapbelt'],0,0,Valid,3.0,0.0,61.0,37.0,"['Female', 'Female', 'Male']",0,0,3,4,5,Dry,Straight,Level,Lowest,No
30247,47,Tennessee,470498,0,1,1,0,1,NOT APPLICABLE,May,4,Thursday,12,25,Urban,High Speed (Arterial),Yes,35.03268333,-89.78681111,Non-Intersection,Daylight,Clear,Unknown,Unknown,Unknown EMS Scene Arrival Hour,Unknown EMS Scene Arrival Minutes,Unknown,Unknown EMS Hospital Arrival Time,1,Daylight,Clear,1,0,['Driver'],['None_Used'],0,0,Valid,1.0,0.0,56.0,56.0,['Male'],0,0,5,4,2,Dry,Straight,Level,Lowest,No
30248,47,Tennessee,470499,0,1,1,0,1,JOHNSON CITY,May,26,Friday,14,31,Urban,High Speed (Arterial),No,36.34874722,-82.37826111,Non-Intersection,Daylight,Clear,Unknown,Unknown,Unknown EMS Scene Arrival Hour,Unknown EMS Scene Arrival Minutes,Unknown,Unknown EMS Hospital Arrival Time,1,Daylight,Clear,1,0,['Driver'],['Shoulder_Lapbelt'],0,0,Valid,1.0,1.0,86.0,86.0,['Female'],0,0,2,4,3,Dry,Curve,Grade/Hillcrest,Lowest,No
30249,47,Tennessee,470500,0,1,1,0,1,MURFREESBORO,June,4,Sunday,5,49,Urban,Low Speed (Local),No,35.8611,-86.36658056,Non-Intersection,Dawn,Clear,Unknown,Unknown,Unknown EMS Scene Arrival Hour,Unknown EMS Scene Arrival Minutes,Not Applicable (Not Transported),Not Applicable (Not Transported),1,Twilight,Clear,1,0,['Driver'],['Shoulder_Lapbelt'],0,0,Valid,1.0,0.0,62.0,62.0,['Male'],1,0,3,4,3,Dry,Straight,Level,Lowest,No
30250,47,Tennessee,470501,0,1,1,0,1,CLARKSVILLE,June,10,Saturday,19,55,Urban,Low Speed (Local),No,36.55043056,-87.36908333,Non-Intersection,Dark - Not Lighted,Clear,7:00pm-7:59pm,57,8:00pm-8:59pm,0,8:00pm-8:59pm,33,1,Dark - Unlighted,Clear,1,0,['Driver'],['None_Used'],0,0,Valid,1.0,0.0,34.0,34.0,['Male'],0,0,5,4,1,Dry,Straight,Grade/Hillcrest,Lowest,No
30251,47,Tennessee,470502,0,2,2,0,4,MEMPHIS,June,11,Sunday,4,11,Urban,Medium Speed (Collector),No,35.14353889,-89.9282,Non-Intersection,Dark - Lighted,Clear,4:00am-4:59am,16,4:00am-4:59am,19,4:00am-4:59am,43,3,Dark - Lighted,Clear,3,1,"['Driver', 'Rear_Seat', 'Front_Passenger']","['Shoulder_Lapbelt', 'Shoulder_Lapbelt', 'Shoulder_Lapbelt']",1,2,Invalid,0.0,0.0,40.0,37.0,"['Male', 'Male']",0,0,3,4,5,Dry,Straight,Level,Lowest,No
30252,47,Tennessee,470503,0,2,2,0,4,NOT APPLICABLE,June,6,Tuesday,16,41,Rural,Medium Speed (Collector),No,35.72151944,-86.01078889,Non-Intersection,Daylight,Clear,4:00pm-4:59pm,24,4:00pm-4:59pm,34,5:00pm-5:59pm,18,1,Daylight,Clear,1,3,['Front_Passenger'],['Shoulder_Lapbelt'],0,0,Valid,3.0,0.0,76.0,70.0,"['Female', 'Male']",0,0,3,4,5,Dry,Curve,Level,Lowest,Yes
30253,47,Tennessee,470504,0,1,1,0,2,NASHVILLE,June,8,Thursday,22,55,Urban,Low Speed (Local),No,36.10553889,-86.78513889,Simple Junction,Dark - Lighted,Clear,Unknown,Unknown,Unknown EMS Scene Arrival Hour,Unknown EMS Scene Arrival Minutes,Unknown,Unknown EMS Hospital Arrival Time,1,Dark - Lighted,Clear,1,1,['Driver'],['None_Used'],0,0,Valid,0.0,0.0,17.0,17.0,['Male'],0,0,5,4,2,Dry,Straight,Level,Lowest,No
30254,47,Tennessee,470505,0,1,1,0,1,NASHVILLE,June,10,Saturday,18,28,Urban,Medium Speed (Collector),No,36.25368056,-86.69966111,Non-Intersection,Daylight,Cloudy,Unknown,Unknown,Unknown EMS Scene Arrival Hour,Unknown EMS Scene Arrival Minutes,Not Applicable (Not Transported),Not Applicable (Not Transported),1,Daylight,Reduced Visibility,1,0,['Driver'],['None_Used'],1,1,Valid,0.0,0.0,40.0,40.0,['Male'],0,0,3,4,3,Dry,Curve,Grade/Hillcrest,Lowest,No
30255,47,Tennessee,470506,0,3,3,0,5,BLAINE,June,1,Thursday,15,50,Rural,Medium Speed (Collector),No,36.13501944,-83.71633056,Non-Intersection,Daylight,Clear,3:00pm-3:59pm,19,3:00pm-3:59pm,19,4:00pm-4:59pm,26,1,Daylight,Clear,1,4,['Front_Passenger'],['Shoulder_Lapbelt'],0,0,Valid,0.0,0.0,74.0,39.0,"['Male', 'Male', 'Male']",0,0,3,4,5,Dry,Straight,Non-Trafficway,Lowest,No
30256,47,Tennessee,470507,0,2,2,0,3,KNOXVILLE,June,7,Wednesday,13,56,Urban,High Speed (Arterial),Yes,35.90926944,-83.84875,Non-Intersection,Daylight,Cloudy,12:00pm-12:59pm,57,1:00pm-1:59pm,10,1:00pm-1:59pm,48,1,Daylight,Reduced Visibility,1,2,['Driver'],['Shoulder_Lapbelt'],0,0,Valid,1.0,1.0,51.0,44.0,"['Female', 'Male']",0,0,3,4,5,Dry,Straight,Non-Trafficway,Lowest,No
30257,47,Tennessee,470509,0,1,1,0,2,NOT APPLICABLE,June,5,Monday,15,45,Rural,Low Speed (Local),No,35.14021944,-85.51265,Non-Intersection,Daylight,Clear,Unknown,Unknown,Unknown EMS Scene Arrival Hour,Unknown EMS Scene Arrival Minutes,Unknown,Unknown EMS Hospital Arrival Time,1,Daylight,Clear,1,1,['Driver'],['None_Used'],0,0,Valid,0.0,0.0,64.0,64.0,['Female'],0,0,3,4,4,Dry,Curve,Level,Lowest,No
30258,47,Tennessee,470510,0,2,2,0,6,JOELTON,June,3,Saturday,3,3,Rural,High Speed (Arterial),Yes,36.30601944,-86.81676111,Non-Intersection,Dark - Not Lighted,Clear,3:00am-3:59am,9,3:00am-3:59am,29,3:00am-3:59am,48,1,Dark - Unlighted,Clear,1,5,['Rear_Seat'],['None_Used'],1,1,Valid,0.0,0.0,47.0,16.0,"['Male', 'Male']",0,0,3,4,5,Dry,Straight,Level,Lowest,No
30259,47,Tennessee,470511,0,2,2,0,3,NASHVILLE,June,5,Monday,20,1,Urban,High Speed (Arterial),Yes,36.14401111,-86.692,Non-Intersection,Dark - Lighted,Clear,Unknown,Unknown,Unknown EMS Scene Arrival Hour,Unknown EMS Scene Arrival Minutes,Not Applicable (Not Transported),Not Applicable (Not Transported),1,Dark - Lighted,Clear,1,2,['Driver'],['None_Used'],0,0,Valid,0.0,2.0,62.0,37.0,"['Male', 'Male']",0,0,5,4,5,Dry,Straight,Grade/Hillcrest,Lowest,No