,State_Code,State_Name,Crash_ID,Count_Non_Motorists,Count_Vehicles_Total,Count_Vehicle_Forms,Count_PVH_Involved,Count_Occupants_MV,City_Name,Month_Name,Day_of_Month,Day_of_Week,Crash_Hour,Crash_Minute,Area_Rural_Urban,Road_Functional_Class,On_NHS_Road,Latitude,Longitude,Intersection_Type,Light_Condition,Weather_Condition,Notif_Hour,Notif_Minute,Arrival_Hour,Arrival_Minute,Hospital_Hour,Hospital_Minute,Fatalities_Count,Clean_Light_Condition,Clean_Weather_Condition,Total_Killed,Total_Alive,Fatal_Seats_List,Killed_Restraint_List,Any_Driver_Drinking,Total_Drinking_Drivers,Driver_License_Category,Driver_Max_Prev_Accident_Count,Driver_Max_Prev_Speeding_Count,Max_Driver_Age,Min_Driver_Age,Driver_Sex_List,Total_Exceeding_Limit_Vehicles,Total_Too_Fast_Vehicles,Max_Vehicle_Type_Severity_5,Max_Vehicle_Damage_Rank,Max_Harmful_Event_Severity,Crash_Road_Surface_Condition,Crash_Horizontal_Alignment,Crash_Vertical_Profile,Crash_Impairment_Category,Crash_Vehicle_Defect
30260,47,Tennessee,470512,0,5,5,0,10,NASHVILLE,June,8,Thursday,16,31,Urban,High Speed (Arterial),Yes,36.13581111,-86.88515,Complex/Circle,Daylight,Clear,4:00pm-4:59pm,32,4:00pm-4:59pm,39,5:00pm-5:59pm,2,1,Daylight,Clear,1,9,['Front_Passenger'],['None_Used'],0,0,Invalid,0.0,0.0,62.0,21.0,"['Male', 'Female', 'Female', 'Female', 'Female']",0,0,3,4,5,Dry,Straight,Grade/Hillcrest,Lowest,No
30261,47,Tennessee,470513,0,1,1,0,1,NOT APPLICABLE,June,8,Thursday,8,48,Rural,Medium Speed (Collector),No,35.04456944,-88.99726944,Non-Intersection,Daylight,Cloudy,8:00am-8:59am,37,8:00am-8:59am,59,Unknown,Unknown EMS Hospital Arrival Time,1,Daylight,Reduced Visibility,1,0,['Driver'],['Shoulder_Lapbelt'],0,0,Valid,0.0,0.0,21.0,21.0,['Female'],1,0,2,4,3,Dry,Curve,Level,Lowest,No
30262,47,Tennessee,470514,0,2,2,0,2,NASHVILLE,June,8,Thursday,18,33,Urban,High Speed (Arterial),Yes,36.10991111,-86.73433889,Non-Intersection,Daylight,Clear,6:00pm-6:59pm,33,6:00pm-6:59pm,37,7:00pm-7:59pm,5,1,Daylight,Clear,1,1,['Driver'],['Shoulder_Lapbelt'],1,1,Valid,2.0,1.0,30.0,28.0,"['Male', 'Male']",1,0,2,4,5,Dry,Straight,Grade/Hillcrest,Lowest,No
30263,47,Tennessee,470515,0,2,2,0,3,NASHVILLE,June,10,Saturday,22,27,Urban,High Speed (Arterial),Yes,36.11093889,-86.74521944,Complex/Circle,Dark - Lighted,Cloudy,10:00pm-10:59pm,27,10:00pm-10:59pm,31,10:00pm-10:59pm,49,1,Dark - Lighted,Reduced Visibility,1,2,['Driver'],['None_Used'],0,0,Invalid,0.0,0.0,35.0,19.0,"['Male', 'Male']",0,0,5,4,5,Dry,Straight,Level,Lowest,No
30264,47,Tennessee,470516,0,1,1,0,3,DEL RIO,June,10,Saturday,99,99,Rural,Low Speed (Local),No,35.94501944,-82.93356111,Non-Intersection,Daylight,Clear,8:00pm-8:59pm,1,8:00pm-8:59pm,29,9:00pm-9:59pm,32,1,Daylight,Clear,1,2,['Non_Standard_Risk'],['None_Used'],1,1,Valid,0.0,0.0,18.0,18.0,['Female'],0,0,3,1,1,Dry,Straight,Grade/Hillcrest,Lowest,No
30265,47,Tennessee,470517,0,1,1,0,3,NASHVILLE,May,23,Tuesday,14,55,Urban,Medium Speed (Collector),No,36.0791,-86.72053889,Simple Junction,Daylight,Clear,4:00pm-4:59pm,4,4:00pm-4:59pm,24,5:00pm-5:59pm,25,1,Daylight,Clear,1,2,['Non_Standard_Risk'],['None_Used'],0,0,Valid,1.0,0.0,30.0,30.0,['Male'],0,0,4,1,1,Dry,Straight,Level,Lowest,No
30266,47,Tennessee,470518,0,1,1,0,1,KNOXVILLE,June,6,Tuesday,18,57,Urban,High Speed (Arterial),Yes,35.99221944,-83.8892,Complex/Circle,Daylight,Clear,Unknown,Unknown,Unknown EMS Scene Arrival Hour,Unknown EMS Scene Arrival Minutes,Not Applicable (Not Transported),Not Applicable (Not Transported),1,Daylight,Clear,1,0,['Driver'],['None_Used'],1,1,Valid,0.0,0.0,56.0,56.0,['Male'],0,0,2,4,3,Dry,Straight,Level,Lowest,No
30267,47,Tennessee,470519,0,1,1,0,1,NOT APPLICABLE,June,14,Wednesday,0,51,Urban,Low Speed (Local),No,36.01388056,-84.07943056,Non-Intersection,Dark - Not Lighted,Clear,Unknown,Unknown,Unknown EMS Scene Arrival Hour,Unknown EMS Scene Arrival Minutes,Unknown,Unknown EMS Hospital Arrival Time,1,Dark - Unlighted,Clear,1,0,['Driver'],['None_Used'],1,1,Valid,0.0,0.0,35.0,35.0,['Male'],0,0,5,4,2,Dry,Straight,Grade/Hillcrest,Lowest,No
30268,47,Tennessee,470520,0,1,1,0,1,NOT APPLICABLE,May,13,Saturday,13,45,Rural,Low Speed (Local),No,35.92756111,-83.49005,Non-Intersection,Daylight,Clear,12:00pm-12:59pm,58,1:00pm-1:59pm,4,2:00pm-2:59pm,6,1,Daylight,Clear,1,0,['Driver'],['None_Used'],0,0,Valid,0.0,0.0,58.0,58.0,['Male'],0,0,3,4,3,Dry,Curve,Grade/Hillcrest,Lowest,No
30269,47,Tennessee,470521,0,2,2,0,4,NASHVILLE,June,9,Friday,22,33,Urban,High Speed (Arterial),Yes,36.06768889,-86.68786944,Non-Intersection,Dark - Lighted,Clear,10:00pm-10:59pm,34,10:00pm-10:59pm,38,11:00pm-11:59pm,4,1,Dark - Lighted,Clear,1,3,['Driver'],['None_Used'],0,0,Valid,3.0,0.0,22.0,17.0,"['Male', 'Female']",1,0,2,4,2,Dry,Straight,Level,Lowest,No
30270,47,Tennessee,470522,1,2,2,0,1,BROWNSVILLE,June,10,Saturday,3,22,Urban,Medium Speed (Collector),No,35.60161944,-89.26186944,Non-Intersection,Dark - Lighted,Clear,3:00am-3:59am,11,3:00am-3:59am,18,4:00am-4:59am,15,1,Dark - Lighted,Clear,1,0,['Driver'],['Shoulder_Lapbelt'],0,0,Valid,0.0,0.0,19.0,19.0,['Male'],1,0,3,4,5,Dry,Curve,Level,Lowest,No
30271,47,Tennessee,470523,1,1,1,0,1,CASTALIAN SPRINGS,June,11,Sunday,0,52,Rural,Medium Speed (Collector),No,36.38598889,-86.27471944,Non-Intersection,Dark - Not Lighted,Clear,Unknown,Unknown,Unknown EMS Scene Arrival Hour,Unknown EMS Scene Arrival Minutes,Not Applicable (Not Transported),Not Applicable (Not Transported),1,Dark - Unlighted,Clear,0,1,[],[],0,0,Valid,0.0,0.0,40.0,40.0,['Male'],0,0,3,4,4,Dry,Straight,Level,Lowest,No
30272,47,Tennessee,470524,1,1,1,0,1,NOT APPLICABLE,June,11,Sunday,19,47,Rural,High Speed (Arterial),Yes,36.44331944,-85.22803889,Non-Intersection,Dusk,Rain,7:00pm-7:59pm,38,7:00pm-7:59pm,43,8:00pm-8:59pm,11,1,Twilight,Rain/Wind/Minor,0,1,[],[],0,0,Valid,0.0,0.0,83.0,83.0,['Male'],0,0,3,4,4,Wet/Standing Water,Straight,Grade/Hillcrest,Lowest,No
30273,47,Tennessee,470525,0,2,2,0,4,NOT APPLICABLE,June,8,Thursday,17,24,Rural,Medium Speed (Collector),No,35.89575,-83.53196111,Non-Intersection,Daylight,Clear,5:00pm-5:59pm,22,5:00pm-5:59pm,30,5:00pm-5:59pm,50,1,Daylight,Clear,1,3,['Rear_Seat'],['None_Used'],0,0,Valid,2.0,0.0,20.0,18.0,"['Male', 'Female']",0,0,3,4,5,Dry,Straight,Level,Lowest,No
30274,47,Tennessee,470526,0,1,1,0,2,NOT APPLICABLE,June,14,Wednesday,23,37,Rural,High Speed (Arterial),Yes,35.73565,-83.52065,Non-Intersection,Dark - Not Lighted,Clear,11:00pm-11:59pm,49,0:00am-0:59am,25,0:00am-0:59am,50,1,Dark - Unlighted,Clear,1,1,['Driver'],['Shoulder_Lapbelt'],0,0,Valid,0.0,0.0,22.0,22.0,['Male'],2,0,2,4,3,Dry,Curve,Level,Lowest,No
30275,47,Tennessee,470527,0,1,1,0,1,NOT APPLICABLE,May,29,Monday,17,15,Rural,Medium Speed (Collector),No,36.39416111,-85.63511111,Non-Intersection,Daylight,Clear,Unknown,Unknown,Unknown EMS Scene Arrival Hour,Unknown EMS Scene Arrival Minutes,Unknown,Unknown EMS Hospital Arrival Time,1,Daylight,Clear,1,0,['Driver'],['None_Used'],1,1,Valid,1.0,0.0,53.0,53.0,['Male'],0,0,5,2,2,Dry,Straight,Level,Lowest,No
30276,47,Tennessee,470528,0,1,1,0,3,NOT APPLICABLE,June,10,Saturday,20,8,Rural,Low Speed (Local),No,36.41335,-82.73136111,Non-Intersection,Daylight,Clear,8:00pm-8:59pm,11,8:00pm-8:59pm,28,10:00pm-10:59pm,8,1,Daylight,Clear,1,2,['Driver'],['None_Used'],0,0,Valid,0.0,0.0,26.0,26.0,['Female'],0,0,5,3,3,Dry,Curve,Level,Lowest,No
30277,47,Tennessee,470529,0,2,2,0,5,MEMPHIS,June,13,Tuesday,5,40,Urban,Medium Speed (Collector),No,35.09231944,-89.93046667,Non-Intersection,Dark - Lighted,Rain,5:00am-5:59am,41,5:00am-5:59am,44,6:00am-6:59am,21,1,Dark - Lighted,Rain/Wind/Minor,1,4,['Rear_Seat'],['Shoulder_Lapbelt'],0,0,Invalid,0.0,0.0,26.0,19.0,"['Male', 'Male']",0,0,2,4,5,Wet/Standing Water,Straight,Level,Lowest,No
30278,47,Tennessee,470530,0,3,3,0,4,SODDY DAISY,June,15,Thursday,6,53,Urban,High Speed (Arterial),Yes,35.24406944,-85.1823,Non-Intersection,Daylight,Clear,6:00am-6:59am,50,6:00am-6:59am,56,7:00am-7:59am,12,1,Daylight,Clear,1,3,['Front_Passenger'],['None_Used'],0,0,Valid,1.0,0.0,72.0,22.0,"['Male', 'Female', 'Male']",0,0,3,4,5,Dry,Straight,Grade/Hillcrest,Lowest,No
30279,47,Tennessee,470531,0,2,2,0,6,CHATTANOOGA,June,15,Thursday,16,59,Urban,High Speed (Arterial),Yes,35.10263611,-85.27574444,Non-Intersection,Daylight,Clear,5:00pm-5:59pm,1,5:00pm-5:59pm,3,5:00pm-5:59pm,27,1,Daylight,Clear,1,5,['Driver'],['None_Used'],0,0,Valid,2.0,1.0,41.0,30.0,"['Male', 'Male']",0,0,3,4,5,Dry,Straight,Level,Lowest,No
30280,47,Tennessee,470532,1,1,1,0,1,MEMPHIS,June,16,Friday,22,0,Urban,Medium Speed (Collector),No,35.21148333,-89.92316944,Non-Intersection,Dark - Lighted,Clear,Unknown,Unknown,Unknown EMS Scene Arrival Hour,Unknown EMS Scene Arrival Minutes,Not Applicable (Not Transported),Not Applicable (Not Transported),1,Dark - Lighted,Clear,0,0,[],[],0,0,Invalid,0.0,1.0,27.0,27.0,['Male'],1,0,2,0,4,Dry,Straight,Level,Lowest,No
30281,47,Tennessee,470533,0,1,1,0,1,NOT APPLICABLE,June,16,Friday,99,99,Rural,Medium Speed (Collector),No,36.27933889,-85.67261111,Non-Intersection,Reported as Unknown,Reported as Unknown,9:00am-9:59am,43,9:00am-9:59am,52,Not Applicable (Not Transported),Not Applicable (Not Transported),1,Dark - Unlighted,Clear,1,0,['Driver'],['None_Used'],1,1,Invalid,0.0,0.0,64.0,64.0,['Male'],0,0,5,4,2,Dry,Curve,Level,Lowest,No
30282,47,Tennessee,470534,0,2,2,0,7,JACKSON,June,17,Saturday,99,99,Urban,Medium Speed (Collector),No,35.62708056,-88.79766944,Non-Intersection,Dark - Lighted,Clear,10:00pm-10:59pm,14,10:00pm-10:59pm,23,11:00pm-11:59pm,0,1,Dark - Lighted,Clear,1,6,['Rear_Seat'],['None_Used'],1,1,Valid,1.0,0.0,26.0,22.0,"['Female', 'Male']",4,0,3,4,5,Dry,Curve,Grade/Hillcrest,Lowest,Yes
30283,47,Tennessee,470535,0,2,2,0,2,NOT APPLICABLE,June,8,Thursday,13,13,Rural,Medium Speed (Collector),No,36.5288,-81.90906944,Complex/Circle,Daylight,Clear,1:00pm-1:59pm,5,1:00pm-1:59pm,26,Unknown,Unknown EMS Hospital Arrival Time,1,Daylight,Clear,1,1,['Driver'],['Shoulder_Lapbelt'],0,0,Valid,0.0,0.0,94.0,57.0,"['Female', 'Male']",1,0,3,4,5,Dry,Straight,Level,Lowest,No
30284,47,Tennessee,470536,0,1,1,0,1,NOT APPLICABLE,June,12,Monday,21,6,Rural,Medium Speed (Collector),No,36.1584,-84.77501111,Non-Intersection,Dark - Not Lighted,Clear,Unknown,Unknown,Unknown EMS Scene Arrival Hour,Unknown EMS Scene Arrival Minutes,Not Applicable (Not Transported),Not Applicable (Not Transported),1,Dark - Unlighted,Clear,1,0,['Driver'],['None_Used'],0,0,Valid,0.0,0.0,16.0,16.0,['Male'],0,0,3,4,2,Dry,Straight,Level,Lowest,No
30285,47,Tennessee,470537,0,1,1,0,2,NOT APPLICABLE,June,9,Friday,99,99,Rural,Low Speed (Local),No,35.68813056,-84.95225,Non-Intersection,Dark - Not Lighted,Clear,Unknown,Unknown,Unknown EMS Scene Arrival Hour,Unknown EMS Scene Arrival Minutes,Unknown,Unknown EMS Hospital Arrival Time,1,Dark - Unlighted,Clear,1,1,['Front_Passenger'],['None_Used'],0,0,Valid,0.0,0.0,19.0,19.0,['Male'],0,0,3,4,3,Dry,Straight,Grade/Hillcrest,Lowest,Yes
30286,47,Tennessee,470538,0,2,2,0,2,NOT APPLICABLE,June,12,Monday,10,26,Urban,Medium Speed (Collector),No,35.91363056,-86.46993056,Complex/Circle,Daylight,Cloudy,10:00am-10:59am,30,10:00am-10:59am,35,10:00am-10:59am,49,1,Daylight,Reduced Visibility,1,1,['Driver'],['None_Used'],0,0,Valid,1.0,0.0,72.0,54.0,"['Male', 'Male']",0,0,4,4,5,Dry,Straight,Level,Lowest,Yes
30287,47,Tennessee,470539,0,1,1,0,1,NASHVILLE,June,17,Saturday,3,0,Urban,High Speed (Arterial),Yes,36.07101111,-86.72321944,Non-Intersection,Dark - Lighted,Clear,3:00am-3:59am,12,3:00am-3:59am,17,3:00am-3:59am,37,1,Dark - Lighted,Clear,1,0,['Driver'],['None_Used'],1,1,Valid,0.0,1.0,28.0,28.0,['Male'],1,0,5,4,3,Dry,Straight,Level,Lowest,No
30288,47,Tennessee,470540,0,1,1,0,1,NOT APPLICABLE,June,17,Saturday,19,38,Rural,Medium Speed (Collector),No,36.26166111,-82.22871944,Simple Junction,Daylight,Clear,6:00pm-6:59pm,59,Unknown EMS Scene Arrival Hour,Unknown EMS Scene Arrival Minutes,Not Applicable (Not Transported),Not Applicable (Not Transported),1,Daylight,Clear,1,0,['Driver'],['None_Used'],1,1,Invalid,2.0,0.0,34.0,34.0,['Male'],1,0,5,4,2,Dry,Curve,Level,Lowest,No
30289,47,Tennessee,470541,0,1,1,0,1,NOT APPLICABLE,June,18,Sunday,6,36,Rural,Medium Speed (Collector),No,36.46046111,-81.86246944,Non-Intersection,Daylight,Clear,Unknown,Unknown,Unknown EMS Scene Arrival Hour,Unknown EMS Scene Arrival Minutes,Unknown,Unknown EMS Hospital Arrival Time,1,Daylight,Clear,1,0,['Driver'],['None_Used'],0,0,Valid,0.0,1.0,73.0,73.0,['Male'],0,0,3,4,2,Dry,Curve,Level,Lowest,No
30290,47,Tennessee,470543,0,1,1,0,1,NOT APPLICABLE,June,20,Tuesday,3,30,Rural,Medium Speed (Collector),No,35.43538889,-86.51836944,Non-Intersection,Dark - Not Lighted,Rain,3:00am-3:59am,9,3:00am-3:59am,18,5:00am-5:59am,55,1,Dark - Unlighted,Rain/Wind/Minor,1,0,['Driver'],['None_Used'],0,0,Valid,0.0,1.0,31.0,31.0,['Male'],0,0,3,4,3,Wet/Standing Water,Straight,Level,Lowest,No
30291,47,Tennessee,470544,0,2,2,0,5,PORTLAND,June,14,Wednesday,19,41,Urban,Low Speed (Local),No,36.59056944,-86.56046944,Simple Junction,Daylight,Clear,7:00pm-7:59pm,42,7:00pm-7:59pm,50,8:00pm-8:59pm,11,1,Daylight,Clear,1,4,['Front_Passenger'],['None_Used'],0,0,Invalid,1.0,1.0,36.0,16.0,"['Male', 'Female']",3,0,5,4,5,Dry,Straight,Grade/Hillcrest,Lowest,Yes
30292,47,Tennessee,470545,0,1,1,0,3,NASHVILLE,June,18,Sunday,0,7,Urban,Medium Speed (Collector),No,36.09433056,-86.75826111,Simple Junction,Dark - Lighted,Clear,Unknown,Unknown,Unknown EMS Scene Arrival Hour,Unknown EMS Scene Arrival Minutes,Not Applicable (Not Transported),Not Applicable (Not Transported),3,Dark - Lighted,Clear,3,0,"['Driver', 'Front_Passenger', 'Rear_Seat']","['Shoulder_Lapbelt', 'None_Used', 'None_Used']",0,0,Valid,0.0,0.0,18.0,18.0,['Male'],3,0,2,4,3,Dry,Straight,Level,Lowest,No
30293,47,Tennessee,470546,0,1,1,0,1,NOT APPLICABLE,June,19,Monday,99,99,Rural,Medium Speed (Collector),No,36.07203889,-83.22181944,Non-Intersection,Daylight,Not Reported,7:00pm-7:59pm,49,7:00pm-7:59pm,59,8:00pm-8:59pm,58,1,Daylight,Clear,1,0,['Driver'],['None_Used'],0,0,Valid,1.0,0.0,72.0,72.0,['Male'],0,0,5,4,2,Wet/Standing Water,Curve,Grade/Hillcrest,Lowest,No
30294,47,Tennessee,470547,0,2,2,0,2,RIPLEY,May,30,Tuesday,20,1,Urban,High Speed (Arterial),Yes,35.72363056,-89.51225,Simple Junction,Dark - Not Lighted,Clear,8:00pm-8:59pm,0,8:00pm-8:59pm,6,8:00pm-8:59pm,29,1,Dark - Unlighted,Clear,1,1,['Driver'],['None_Used'],0,0,Valid,1.0,1.0,43.0,22.0,"['Male', 'Female']",1,0,5,4,5,Dry,Straight,Level,Lowest,No
30295,47,Tennessee,470548,0,2,2,0,2,CHATTANOOGA,June,21,Wednesday,15,20,Urban,High Speed (Arterial),Yes,35.03279167,-85.31898333,Non-Intersection,Daylight,Cloudy,3:00pm-3:59pm,22,3:00pm-3:59pm,27,3:00pm-3:59pm,54,1,Daylight,Reduced Visibility,1,1,['Driver'],['Shoulder_Lapbelt'],0,0,Valid,1.0,1.0,51.0,31.0,"['Male', 'Male']",1,0,3,4,5,Dry,Curve,Grade/Hillcrest,Lowest,No
30296,47,Tennessee,470549,0,2,2,0,3,NOT APPLICABLE,June,21,Wednesday,20,56,Urban,Medium Speed (Collector),No,36.00028889,-84.02138889,Simple Junction,Daylight,Not Reported,Unknown,Unknown,Unknown EMS Scene Arrival Hour,Unknown EMS Scene Arrival Minutes,Unknown,Unknown EMS Hospital Arrival Time,1,Daylight,Clear,1,2,['Driver'],['None_Used'],0,0,Invalid,0.0,1.0,45.0,42.0,"['Male', 'Female']",1,0,5,4,5,Dry,Straight,Grade/Hillcrest,Lowest,No
30297,47,Tennessee,470550,0,2,1,1,1,NOT APPLICABLE,June,16,Friday,20,48,Urban,Medium Speed (Collector),No,35.90688056,-85.06548889,Non-Intersection,Dark - Not Lighted,Clear,8:00pm-8:59pm,48,8:00pm-8:59pm,50,Not Applicable (Not Transported),Not Applicable (Not Transported),1,Dark - Unlighted,Clear,1,0,['Driver'],['None_Used'],0,0,Valid,1.0,1.0,25.0,25.0,['Male'],1,0,5,4,3,Dry,Curve,Level,Lowest,No
30298,47,Tennessee,470551,0,3,3,0,5,MEMPHIS,June,21,Wednesday,17,59,Urban,Medium Speed (Collector),No,35.04499444,-90.09698611,Non-Intersection,Dusk,Clear,5:00pm-5:59pm,55,5:00pm-5:59pm,59,6:00pm-6:59pm,13,1,Twilight,Clear,1,4,['Driver'],['Shoulder_Lapbelt'],0,0,Valid,2.0,0.0,31.0,19.0,"['Male', 'Male', 'Male']",0,0,2,4,5,Dry,Straight,Level,Lowest,No
30299,47,Tennessee,470552,1,2,2,0,2,MEMPHIS,June,22,Thursday,20,20,Urban,Medium Speed (Collector),No,35.09829167,-89.89115,Non-Intersection,Daylight,Clear,Unknown,Unknown,Unknown EMS Scene Arrival Hour,Unknown EMS Scene Arrival Minutes,Not Applicable (Not Transported),Not Applicable (Not Transported),1,Daylight,Clear,0,2,[],[],0,0,Valid,1.0,0.0,73.0,26.0,"['Male', 'Male']",0,0,3,2,4,Dry,Straight,Level,Lowest,No
30300,47,Tennessee,470553,0,1,1,0,4,NOT APPLICABLE,June,18,Sunday,1,28,Urban,Medium Speed (Collector),No,35.45473889,-86.1121,Non-Intersection,Dark - Not Lighted,Clear,1:00am-1:59am,16,1:00am-1:59am,26,1:00am-1:59am,56,1,Dark - Unlighted,Clear,1,3,['Driver'],['Shoulder_Lapbelt'],1,1,Valid,0.0,0.0,16.0,16.0,['Male'],4,0,3,4,3,Dry,Straight,Grade/Hillcrest,Lowest,No
30301,47,Tennessee,470554,0,2,2,0,2,MEMPHIS,June,4,Sunday,11,40,Urban,High Speed (Arterial),Yes,35.2072,-90.03326389,Non-Intersection,Daylight,Clear,11:00am-11:59am,42,11:00am-11:59am,48,12:00pm-12:59pm,25,1,Daylight,Clear,1,1,['Driver'],['Shoulder_Lapbelt'],0,0,Valid,2.0,1.0,86.0,39.0,"['Male', 'Female']",0,0,3,4,5,Dry,Straight,Non-Trafficway,Lowest,No
30302,47,Tennessee,470555,0,1,1,0,2,MEMPHIS,June,18,Sunday,18,52,Urban,Medium Speed (Collector),No,35.10072778,-90.01886944,Non-Intersection,Daylight,Rain,6:00pm-6:59pm,56,7:00pm-7:59pm,0,7:00pm-7:59pm,14,1,Daylight,Rain/Wind/Minor,1,1,['Front_Passenger'],['None_Used'],0,0,Valid,0.0,0.0,44.0,44.0,['Male'],0,0,3,4,3,Wet/Standing Water,Straight,Level,Lowest,No
30303,47,Tennessee,470556,0,1,1,0,2,NOT APPLICABLE,June,22,Thursday,5,56,Rural,Medium Speed (Collector),No,35.07706111,-88.08438889,Non-Intersection,Daylight,Clear,5:00am-5:59am,58,6:00am-6:59am,16,6:00am-6:59am,56,1,Daylight,Clear,1,1,['Driver'],['None_Used'],0,0,Invalid,0.0,0.0,41.0,41.0,['Male'],0,0,3,4,3,Dry,Straight,Level,Lowest,No
30304,47,Tennessee,470557,1,1,1,0,1,MEMPHIS,June,23,Friday,3,54,Urban,High Speed (Arterial),Yes,35.06310833,-90.05920278,Non-Intersection,Dark - Lighted,Clear,3:00am-3:59am,55,3:00am-3:59am,59,4:00am-4:59am,20,1,Dark - Lighted,Clear,0,1,[],[],0,0,Valid,0.0,0.0,55.0,55.0,['Female'],0,0,2,4,4,Dry,Straight,Level,Lowest,No
30305,47,Tennessee,470558,0,2,2,0,3,HALLS,June,24,Saturday,16,16,Urban,High Speed (Arterial),Yes,35.90918889,-89.41941111,Non-Intersection,Daylight,Clear,4:00pm-4:59pm,27,4:00pm-4:59pm,40,5:00pm-5:59pm,12,1,Daylight,Clear,1,2,['Driver'],['None_Used'],1,1,Invalid,1.0,0.0,62.0,23.0,"['Male', 'Male']",0,0,5,4,5,Dry,Straight,Level,Lowest,No
30306,47,Tennessee,470559,1,2,2,0,2,MEMPHIS,June,25,Sunday,0,53,Urban,High Speed (Arterial),Yes,35.10511111,-90.05514444,Non-Intersection,Dark - Lighted,Clear,Unknown,Unknown,Unknown EMS Scene Arrival Hour,Unknown EMS Scene Arrival Minutes,Unknown,Unknown EMS Hospital Arrival Time,1,Dark - Lighted,Clear,0,1,[],[],0,0,Invalid,0.0,0.0,999.0,34.0,"['Male', 'Other']",0,0,3,3,4,Dry,Straight,Level,Lowest,No
30307,47,Tennessee,470560,0,2,2,0,3,MEMPHIS,June,25,Sunday,0,59,Urban,Medium Speed (Collector),No,35.16465,-89.94673056,Simple Junction,Dark - Lighted,Clear,0:00am-0:59am,59,1:00am-1:59am,9,1:00am-1:59am,20,1,Dark - Lighted,Clear,1,2,['Driver'],['Shoulder_Lapbelt'],1,1,Valid,0.0,1.0,43.0,30.0,"['Male', 'Male']",0,0,2,4,5,Dry,Straight,Level,Lowest,No
30308,47,Tennessee,470561,0,3,3,0,3,KNOXVILLE,June,25,Sunday,4,26,Urban,High Speed (Arterial),Yes,36.00353889,-83.76831111,Non-Intersection,Dark - Not Lighted,Clear,3:00am-3:59am,28,3:00am-3:59am,40,4:00am-4:59am,24,1,Dark - Unlighted,Clear,1,2,['Driver'],['Shoulder_Lapbelt'],0,0,Invalid,0.0,3.0,43.0,21.0,"['Male', 'Female', 'Female']",0,0,2,4,5,Dry,Straight,Level,Lowest,No
30309,47,Tennessee,470562,0,1,1,0,5,NOT APPLICABLE,June,10,Saturday,7,36,Rural,High Speed (Arterial),Yes,35.38116944,-86.88328889,Non-Intersection,Daylight,Clear,7:00am-7:59am,42,Unknown EMS Scene Arrival Hour,Unknown EMS Scene Arrival Minutes,9:00am-9:59am,Unknown EMS Hospital Arrival Time,1,Daylight,Clear,1,4,['Driver'],['Shoulder_Lapbelt'],0,0,Invalid,0.0,0.0,28.0,28.0,['Male'],0,0,3,4,3,Dry,Straight,Level,Lowest,No
30310,47,Tennessee,470563,0,1,1,0,1,MURFREESBORO,June,15,Thursday,21,59,Urban,Low Speed (Local),No,35.82626944,-86.50353889,Non-Intersection,Dark - Not Lighted,Clear,9:00pm-9:59pm,57,10:00pm-10:59pm,4,Not Applicable (Not Transported),Not Applicable (Not Transported),1,Dark - Unlighted,Clear,1,0,['Driver'],['Shoulder_Lapbelt'],1,1,Invalid,2.0,1.0,20.0,20.0,['Male'],0,0,2,4,3,Dry,Curve,Level,Lowest,No
30311,47,Tennessee,470564,0,3,3,0,7,NOT APPLICABLE,June,24,Saturday,13,25,Rural,Medium Speed (Collector),No,36.411,-83.65933889,Non-Intersection,Daylight,Clear,Unknown,Unknown,Unknown EMS Scene Arrival Hour,Unknown EMS Scene Arrival Minutes,Unknown,Unknown EMS Hospital Arrival Time,1,Daylight,Clear,1,6,['Driver'],['Shoulder_Lapbelt'],0,0,Invalid,0.0,0.0,51.0,25.0,"['Male', 'Male', 'Female']",0,0,3,4,5,Dry,Curve,Grade/Hillcrest,Lowest,No
30312,47,Tennessee,470565,0,3,3,0,3,MEMPHIS,June,25,Sunday,21,15,Urban,High Speed (Arterial),Yes,35.05195278,-89.91915,Non-Intersection,Dark - Lighted,Clear,8:00pm-8:59pm,4,8:00pm-8:59pm,43,Unknown,Unknown EMS Hospital Arrival Time,1,Dark - Lighted,Clear,1,2,['Driver'],['Shoulder_Lapbelt'],1,1,Invalid,0.0,0.0,33.0,17.0,"['Male', 'Female', 'Male']",0,0,3,4,5,Wet/Standing Water,Straight,Level,Lowest,No
30313,47,Tennessee,470566,1,1,1,0,2,MEMPHIS,June,25,Sunday,23,2,Urban,High Speed (Arterial),Yes,35.19183056,-89.97578889,Non-Intersection,Dark - Lighted,Clear,Unknown,Unknown,Unknown EMS Scene Arrival Hour,Unknown EMS Scene Arrival Minutes,Not Applicable (Not Transported),Not Applicable (Not Transported),1,Dark - Lighted,Clear,0,2,[],[],0,0,Valid,0.0,0.0,52.0,52.0,['Female'],0,0,3,4,4,Dry,Straight,Level,Lowest,No
30314,47,Tennessee,470567,1,1,1,0,1,MEMPHIS,June,26,Monday,22,1,Urban,High Speed (Arterial),Yes,35.08891111,-90.02558889,Non-Intersection,Dark - Lighted,Clear,10:00pm-10:59pm,11,10:00pm-10:59pm,11,Unknown,Unknown EMS Hospital Arrival Time,1,Dark - Lighted,Clear,0,0,[],[],0,0,Invalid,0.0,0.0,999.0,999.0,['Other'],0,0,1,0,4,Dry,Straight,Level,Lowest,No
30315,47,Tennessee,470568,0,2,2,0,3,CHATTANOOGA,June,26,Monday,22,12,Urban,High Speed (Arterial),Yes,35.00413611,-85.21890556,Non-Intersection,Dark - Lighted,Clear,10:00pm-10:59pm,15,10:00pm-10:59pm,24,10:00pm-10:59pm,50,1,Dark - Lighted,Clear,1,2,['Driver'],['Shoulder_Lapbelt'],0,0,Valid,0.0,0.0,76.0,52.0,"['Male', 'Male']",0,0,4,4,5,Dry,Straight,Level,Lowest,No
30316,47,Tennessee,470569,1,1,1,0,1,NOT APPLICABLE,June,26,Monday,4,24,Rural,High Speed (Arterial),Yes,35.21993889,-87.23153889,Non-Intersection,Dark - Not Lighted,Clear,Unknown,Unknown,Unknown EMS Scene Arrival Hour,Unknown EMS Scene Arrival Minutes,Unknown,Unknown EMS Hospital Arrival Time,1,Dark - Unlighted,Clear,0,1,[],[],0,0,Valid,0.0,0.0,62.0,62.0,['Female'],0,0,2,4,4,Dry,Straight,Level,Lowest,No