,State_Code,State_Name,Crash_ID,Count_Non_Motorists,Count_Vehicles_Total,Count_Vehicle_Forms,Count_PVH_Involved,Count_Occupants_MV,City_Name,Month_Name,Day_of_Month,Day_of_Week,Crash_Hour,Crash_Minute,Area_Rural_Urban,Road_Functional_Class,On_NHS_Road,Latitude,Longitude,Intersection_Type,Light_Condition,Weather_Condition,Notif_Hour,Notif_Minute,Arrival_Hour,Arrival_Minute,Hospital_Hour,Hospital_Minute,Fatalities_Count,Clean_Light_Condition,Clean_Weather_Condition,Total_Killed,Total_Alive,Fatal_Seats_List,Killed_Restraint_List,Any_Driver_Drinking,Total_Drinking_Drivers,Driver_License_Category,Driver_Max_Prev_Accident_Count,Driver_Max_Prev_Speeding_Count,Max_Driver_Age,Min_Driver_Age,Driver_Sex_List,Total_Exceeding_Limit_Vehicles,Total_Too_Fast_Vehicles,Max_Vehicle_Type_Severity_5,Max_Vehicle_Damage_Rank,Max_Harmful_Event_Severity,Crash_Road_Surface_Condition,Crash_Horizontal_Alignment,Crash_Vertical_Profile,Crash_Impairment_Category,Crash_Vehicle_Defect
30317,47,Tennessee,470571,0,2,2,0,2,MEMPHIS,June,29,Thursday,2,4,Urban,Medium Speed (Collector),No,35.16323611,-89.99596944,Complex/Circle,Dark - Lighted,Clear,Unknown,Unknown,Unknown EMS Scene Arrival Hour,Unknown EMS Scene Arrival Minutes,Unknown,Unknown EMS Hospital Arrival Time,1,Dark - Lighted,Clear,1,0,['Driver'],['None_Used'],0,0,Invalid,1.0,2.0,999.0,50.0,"['Other', 'Male']",0,0,5,4,5,Dry,Straight,Level,Lowest,No
30318,47,Tennessee,470572,0,2,2,0,2,NOT APPLICABLE,June,28,Wednesday,14,5,Urban,Medium Speed (Collector),No,35.85731111,-83.7266,Non-Intersection,Daylight,Clear,2:00pm-2:59pm,4,2:00pm-2:59pm,10,Not Applicable (Not Transported),Not Applicable (Not Transported),1,Daylight,Clear,1,1,['Driver'],['Shoulder_Lapbelt'],0,0,Valid,0.0,0.0,80.0,55.0,"['Female', 'Male']",0,0,3,4,5,Dry,Straight,Non-Trafficway,Lowest,No
30319,47,Tennessee,470573,0,2,2,0,4,NOT APPLICABLE,June,17,Saturday,19,26,Rural,Medium Speed (Collector),No,35.65616111,-86.35906111,Non-Intersection,Daylight,Clear,7:00pm-7:59pm,29,7:00pm-7:59pm,49,7:00pm-7:59pm,57,1,Daylight,Clear,1,3,['Driver'],['Shoulder_Lapbelt'],1,1,Valid,1.0,1.0,66.0,40.0,"['Male', 'Male']",0,0,3,4,5,Dry,Curve,Grade/Hillcrest,Lowest,No
30320,47,Tennessee,470574,0,1,1,0,2,MEMPHIS,June,29,Thursday,3,46,Urban,High Speed (Arterial),Yes,35.00064444,-90.115525,Non-Intersection,Dark - Lighted,Clear,Unknown,Unknown,Unknown EMS Scene Arrival Hour,Unknown EMS Scene Arrival Minutes,Unknown,Unknown EMS Hospital Arrival Time,2,Dark - Lighted,Clear,2,0,"['Driver', 'Front_Passenger']","['Shoulder_Lapbelt', 'Shoulder_Lapbelt']",0,0,Valid,0.0,2.0,20.0,20.0,['Male'],2,0,2,4,3,Dry,Straight,Level,Lowest,No
30321,47,Tennessee,470575,0,2,2,0,2,NOT APPLICABLE,June,30,Friday,9,45,Rural,High Speed (Arterial),Yes,36.17005,-85.02808056,Non-Intersection,Daylight,Rain,9:00am-9:59am,53,10:00am-10:59am,12,11:00am-11:59am,3,1,Daylight,Rain/Wind/Minor,1,1,['Driver'],['None_Used'],0,0,Valid,0.0,0.0,67.0,22.0,"['Male', 'Male']",0,0,3,4,5,Wet/Standing Water,Curve,Grade/Hillcrest,Lowest,No
30322,47,Tennessee,470576,0,1,1,0,1,SWEETWATER,July,1,Saturday,9,35,Urban,Medium Speed (Collector),No,35.59336944,-84.453,Non-Intersection,Daylight,Clear,9:00am-9:59am,38,9:00am-9:59am,41,Not Applicable (Not Transported),Not Applicable (Not Transported),1,Daylight,Clear,1,0,['Driver'],['None_Used'],0,0,Valid,1.0,1.0,39.0,39.0,['Male'],0,0,3,4,3,Dry,Straight,Level,Lowest,Yes
30323,47,Tennessee,470577,0,2,2,0,2,WHITE PINE,June,27,Tuesday,16,51,Rural,Medium Speed (Collector),No,36.09778889,-83.27988056,Non-Intersection,Daylight,Clear,4:00pm-4:59pm,48,4:00pm-4:59pm,53,Not Applicable (Not Transported),Not Applicable (Not Transported),1,Daylight,Clear,1,1,['Driver'],['None_Used'],1,1,Invalid,0.0,0.0,74.0,46.0,"['Male', 'Male']",0,0,5,4,5,Dry,Straight,Grade/Hillcrest,Lowest,No
30324,47,Tennessee,470578,3,2,1,1,1,ERWIN,July,2,Sunday,7,55,Urban,High Speed (Arterial),Yes,36.16536944,-82.39686944,Non-Intersection,Daylight,Clear,8:00am-8:59am,1,8:00am-8:59am,9,8:00am-8:59am,40,2,Daylight,Clear,0,1,[],[],0,0,Valid,0.0,0.0,41.0,41.0,['Male'],0,0,4,4,4,Dry,Curve,Grade/Hillcrest,Lowest,No
30325,47,Tennessee,470579,0,3,2,1,3,NASHVILLE,July,2,Sunday,14,22,Urban,High Speed (Arterial),Yes,36.11776111,-86.74868056,Simple Junction,Daylight,Clear,2:00pm-2:59pm,22,2:00pm-2:59pm,24,2:00pm-2:59pm,55,1,Daylight,Clear,1,2,['Driver'],['None_Used'],0,0,Invalid,0.0,1.0,51.0,42.0,"['Male', 'Male']",1,0,5,4,5,Dry,Straight,Grade/Hillcrest,Lowest,No
30326,47,Tennessee,470580,0,1,1,0,1,NOT APPLICABLE,July,3,Monday,23,50,Urban,Low Speed (Local),No,35.89618056,-83.84811111,Non-Intersection,Dark - Not Lighted,Clear,Unknown,Unknown,Unknown EMS Scene Arrival Hour,Unknown EMS Scene Arrival Minutes,Unknown,Unknown EMS Hospital Arrival Time,1,Dark - Unlighted,Clear,1,0,['Driver'],['None_Used'],0,0,Valid,1.0,0.0,54.0,54.0,['Male'],0,0,3,4,3,Dry,Straight,Level,Lowest,No
30327,47,Tennessee,470581,0,2,1,1,1,NOT APPLICABLE,June,27,Tuesday,10,9,Rural,Low Speed (Local),No,35.55906944,-85.27358056,Non-Intersection,Daylight,Clear,Unknown,Unknown,Unknown EMS Scene Arrival Hour,Unknown EMS Scene Arrival Minutes,Not Applicable (Not Transported),Not Applicable (Not Transported),1,Daylight,Clear,1,0,['Driver'],['Shoulder_Lapbelt'],0,0,Valid,0.0,0.0,30.0,30.0,['Male'],0,0,4,4,3,Dry,Straight,Grade/Hillcrest,Lowest,No
30328,47,Tennessee,470582,0,2,2,0,2,NOT APPLICABLE,June,28,Wednesday,8,49,Rural,High Speed (Arterial),Yes,35.86991111,-85.47261944,Non-Intersection,Daylight,Clear,8:00am-8:59am,48,8:00am-8:59am,57,Not Applicable (Not Transported),Not Applicable (Not Transported),1,Daylight,Clear,1,1,['Driver'],['Shoulder_Lapbelt'],0,0,Valid,1.0,1.0,63.0,41.0,"['Female', 'Male']",0,0,5,4,5,Dry,Straight,Level,Lowest,No
30329,47,Tennessee,470583,0,2,2,0,2,NOT APPLICABLE,June,26,Monday,22,7,Urban,High Speed (Arterial),Yes,34.99831944,-89.64353056,Non-Intersection,Dark - Not Lighted,Clear,Unknown,Unknown,Unknown EMS Scene Arrival Hour,Unknown EMS Scene Arrival Minutes,Not Applicable (Not Transported),Not Applicable (Not Transported),1,Dark - Unlighted,Clear,1,1,['Driver'],['Shoulder_Lapbelt'],1,1,Valid,2.0,2.0,40.0,33.0,"['Male', 'Female']",0,0,3,4,5,Dry,Straight,Level,Lowest,No
30330,47,Tennessee,470584,0,2,2,0,3,NOT APPLICABLE,July,2,Sunday,22,39,Rural,Low Speed (Local),No,36.33921944,-89.47545,Complex/Circle,Dark - Not Lighted,Clear,10:00pm-10:59pm,40,10:00pm-10:59pm,45,11:00pm-11:59pm,25,1,Dark - Unlighted,Clear,1,2,['Driver'],['None_Used'],0,0,Valid,1.0,0.0,33.0,20.0,"['Male', 'Male']",0,0,3,4,5,Dry,Straight,Level,Lowest,No
30331,47,Tennessee,470585,0,1,1,0,1,NOT APPLICABLE,July,3,Monday,9,0,Rural,Medium Speed (Collector),No,35.7142,-84.86118056,Non-Intersection,Daylight,Clear,Unknown,Unknown,Unknown EMS Scene Arrival Hour,Unknown EMS Scene Arrival Minutes,Not Applicable (Not Transported),Not Applicable (Not Transported),1,Daylight,Clear,1,0,['Driver'],['None_Used'],0,0,Valid,1.0,0.0,74.0,74.0,['Male'],0,0,4,4,3,Dry,Straight,Grade/Hillcrest,Lowest,No
30332,47,Tennessee,470586,0,1,1,0,1,NOT APPLICABLE,July,5,Wednesday,19,30,Rural,Low Speed (Local),No,36.14446667,-83.10905,Non-Intersection,Daylight,Clear,Unknown,Unknown,Unknown EMS Scene Arrival Hour,Unknown EMS Scene Arrival Minutes,Unknown,Unknown EMS Hospital Arrival Time,1,Daylight,Clear,1,0,['Driver'],['Shoulder_Lapbelt'],0,0,Valid,0.0,1.0,73.0,73.0,['Male'],0,0,3,4,3,Dry,Curve,Level,Lowest,No
30333,47,Tennessee,470587,0,1,1,0,1,NOT APPLICABLE,June,25,Sunday,15,46,Rural,Medium Speed (Collector),No,36.30405,-87.0843,Non-Intersection,Daylight,Clear,3:00pm-3:59pm,44,3:00pm-3:59pm,52,4:00pm-4:59pm,50,1,Daylight,Clear,1,0,['Driver'],['None_Used'],0,0,Valid,0.0,0.0,70.0,70.0,['Female'],0,0,2,4,3,Dry,Curve,Level,Lowest,No
30334,47,Tennessee,470588,0,2,2,0,2,KNOXVILLE,June,27,Tuesday,17,9,Urban,High Speed (Arterial),Yes,36.01285,-83.86751944,Complex/Circle,Daylight,Clear,Unknown,Unknown,Unknown EMS Scene Arrival Hour,Unknown EMS Scene Arrival Minutes,Unknown,Unknown EMS Hospital Arrival Time,1,Daylight,Clear,1,1,['Driver'],['None_Used'],0,0,Valid,0.0,0.0,82.0,65.0,"['Male', 'Male']",0,0,3,4,5,Dry,Straight,Level,Lowest,No
30335,47,Tennessee,470589,0,2,2,0,7,MEMPHIS,July,3,Monday,0,48,Urban,Medium Speed (Collector),No,35.19343889,-89.76168889,Non-Intersection,Dark - Lighted,Rain,0:00am-0:59am,23,0:00am-0:59am,33,1:00am-1:59am,17,1,Dark - Lighted,Rain/Wind/Minor,1,6,['Rear_Seat'],['None_Used'],0,0,Valid,0.0,0.0,50.0,45.0,"['Male', 'Male']",0,0,2,4,5,Wet/Standing Water,Curve,Level,Lowest,No
30336,47,Tennessee,470590,0,2,2,0,2,MEMPHIS,July,5,Wednesday,15,15,Urban,High Speed (Arterial),Yes,35.19336944,-90.00793889,Simple Junction,Daylight,Clear,3:00pm-3:59pm,8,3:00pm-3:59pm,12,3:00pm-3:59pm,35,1,Daylight,Clear,1,1,['Driver'],['Shoulder_Lapbelt'],0,0,Invalid,2.0,1.0,32.0,14.0,"['Male', 'Male']",1,0,3,4,5,Dry,Straight,Level,Lowest,No
30337,47,Tennessee,470591,0,2,2,0,3,MEMPHIS,July,5,Wednesday,17,11,Urban,Medium Speed (Collector),No,35.10774167,-90.06238889,Complex/Circle,Daylight,Clear,4:00pm-4:59pm,56,5:00pm-5:59pm,9,5:00pm-5:59pm,25,1,Daylight,Clear,1,2,['Front_Passenger'],['None_Used'],0,0,Invalid,4.0,1.0,62.0,28.0,"['Male', 'Male']",0,0,4,4,5,Dry,Straight,Level,Lowest,No
30338,47,Tennessee,470592,0,2,2,0,2,MEMPHIS,July,5,Wednesday,23,43,Urban,High Speed (Arterial),Yes,35.1417,-89.989425,Simple Junction,Dark - Lighted,Clear,Unknown,Unknown,Unknown EMS Scene Arrival Hour,Unknown EMS Scene Arrival Minutes,Not Applicable (Not Transported),Not Applicable (Not Transported),1,Dark - Lighted,Clear,1,0,['Driver'],['None_Used'],0,0,Valid,1.0,0.0,40.0,18.0,"['Male', 'Male']",0,0,5,4,5,Dry,Straight,Grade/Hillcrest,Lowest,No
30339,47,Tennessee,470593,0,1,1,0,1,NOT APPLICABLE,July,6,Thursday,7,3,Rural,Medium Speed (Collector),No,36.1531,-87.42688889,Non-Intersection,Daylight,Clear,Unknown,Unknown,Unknown EMS Scene Arrival Hour,Unknown EMS Scene Arrival Minutes,Unknown,Unknown EMS Hospital Arrival Time,1,Daylight,Clear,1,0,['Driver'],['Shoulder_Lapbelt'],0,0,Valid,0.0,0.0,74.0,74.0,['Male'],0,0,3,4,3,Dry,Straight,Level,Lowest,No
30340,47,Tennessee,470594,0,2,2,0,3,NOT APPLICABLE,June,30,Friday,20,25,Rural,Medium Speed (Collector),No,36.47221111,-86.04281111,Non-Intersection,Dark - Not Lighted,Rain,8:00pm-8:59pm,18,8:00pm-8:59pm,24,8:00pm-8:59pm,44,1,Dark - Unlighted,Rain/Wind/Minor,1,2,['Driver'],['Shoulder_Lapbelt'],1,1,Invalid,1.0,1.0,52.0,27.0,"['Male', 'Female']",0,0,3,4,5,Wet/Standing Water,Straight,Level,Lowest,No
30341,47,Tennessee,470595,0,1,1,0,2,NOT APPLICABLE,July,2,Sunday,7,0,Rural,Medium Speed (Collector),No,36.61683056,-87.12571111,Non-Intersection,Daylight,Clear,8:00am-8:59am,40,8:00am-8:59am,57,9:00am-9:59am,35,1,Daylight,Clear,1,1,['Driver'],['Shoulder_Lapbelt'],0,0,Invalid,0.0,0.0,20.0,20.0,['Male'],0,0,3,4,3,Dry,Straight,Level,Medium,No
30342,47,Tennessee,470596,0,1,1,0,1,JONESBOROUGH,June,29,Thursday,15,22,Urban,Low Speed (Local),No,36.41743056,-82.5344,Non-Intersection,Daylight,Clear,3:00pm-3:59pm,20,3:00pm-3:59pm,31,3:00pm-3:59pm,59,1,Daylight,Clear,1,0,['Driver'],['None_Used'],0,0,Valid,2.0,0.0,65.0,65.0,['Male'],0,0,3,4,2,Dry,Straight,Grade/Hillcrest,Lowest,No
30343,47,Tennessee,470597,0,3,3,0,4,DYERSBURG,July,5,Wednesday,14,25,Urban,High Speed (Arterial),Yes,36.03536944,-89.41241944,Complex/Circle,Daylight,Clear,2:00pm-2:59pm,28,2:00pm-2:59pm,30,Unknown,Unknown EMS Hospital Arrival Time,1,Daylight,Clear,1,3,['Front_Passenger'],['None_Used'],0,0,Valid,1.0,0.0,59.0,36.0,"['Male', 'Male', 'Male']",0,0,4,4,5,Dry,Straight,Level,Lowest,No
30344,47,Tennessee,470598,0,2,2,0,2,GERMANTOWN,July,5,Wednesday,13,25,Urban,High Speed (Arterial),Yes,35.1049,-89.80423056,Simple Junction,Daylight,Clear,1:00pm-1:59pm,31,1:00pm-1:59pm,35,2:00pm-2:59pm,2,1,Daylight,Clear,1,1,['Driver'],['None_Used'],0,0,Valid,1.0,1.0,85.0,22.0,"['Male', 'Male']",1,0,5,4,5,Dry,Straight,Level,Lowest,No
30345,47,Tennessee,470599,0,1,1,0,3,NOT APPLICABLE,July,5,Wednesday,23,7,Rural,High Speed (Arterial),Yes,36.17781944,-86.00355,Non-Intersection,Dark - Not Lighted,Clear,11:00pm-11:59pm,4,11:00pm-11:59pm,16,0:00am-0:59am,12,1,Dark - Unlighted,Clear,1,2,['Driver'],['Shoulder_Lapbelt'],0,0,Valid,0.0,0.0,63.0,63.0,['Female'],0,0,3,4,3,Dry,Straight,Level,Lowest,No
30346,47,Tennessee,470600,0,2,2,0,6,LA VERGNE,July,6,Thursday,0,20,Urban,High Speed (Arterial),Yes,36.01485,-86.55498056,Non-Intersection,Dark - Lighted,Clear,0:00am-0:59am,22,0:00am-0:59am,30,0:00am-0:59am,51,1,Dark - Lighted,Clear,1,5,['Rear_Seat'],['Shoulder_Lapbelt'],0,0,Invalid,0.0,1.0,42.0,24.0,"['Male', 'Male']",5,0,5,4,5,Dry,Straight,Level,Lowest,No
30347,47,Tennessee,470601,0,2,2,0,2,MEMPHIS,July,6,Thursday,20,11,Urban,Medium Speed (Collector),No,35.05563333,-90.07306944,Simple Junction,Dark - Lighted,Clear,8:00pm-8:59pm,14,8:00pm-8:59pm,18,8:00pm-8:59pm,46,1,Dark - Lighted,Clear,1,0,['Driver'],['None_Used'],0,0,Valid,0.0,0.0,999.0,19.0,"['Other', 'Male']",0,0,5,4,5,Dry,Straight,Level,Lowest,No
30348,47,Tennessee,470602,0,2,2,0,6,ETOWAH,July,4,Tuesday,17,30,Rural,High Speed (Arterial),Yes,35.29571944,-84.5407,Simple Junction,Daylight,Clear,Unknown,Unknown,Unknown EMS Scene Arrival Hour,Unknown EMS Scene Arrival Minutes,Not Applicable (Not Transported),Not Applicable (Not Transported),1,Daylight,Clear,1,5,['Driver'],['None_Used'],0,0,Valid,0.0,0.0,47.0,37.0,"['Male', 'Male']",1,0,5,4,5,Dry,Straight,Level,Lowest,No
30349,47,Tennessee,470603,0,2,2,0,2,LENOIR CITY,June,30,Friday,23,21,Urban,High Speed (Arterial),Yes,35.824875,-84.27389722,Complex/Circle,Dark - Lighted,Clear,11:00pm-11:59pm,20,11:00pm-11:59pm,30,Not Applicable (Not Transported),Not Applicable (Not Transported),1,Dark - Lighted,Clear,1,1,['Driver'],['None_Used'],0,0,Invalid,1.0,0.0,39.0,31.0,"['Male', 'Male']",0,0,5,2,5,Dry,Straight,Level,Lowest,No
30350,47,Tennessee,470604,0,1,1,0,1,LA FOLLETTE,July,8,Saturday,0,38,Rural,Medium Speed (Collector),No,36.43806111,-84.07801944,Non-Intersection,Dark - Not Lighted,Clear,0:00am-0:59am,27,0:00am-0:59am,57,2:00am-2:59am,26,1,Dark - Unlighted,Clear,1,0,['Driver'],['None_Used'],1,1,Valid,1.0,0.0,53.0,53.0,['Male'],0,0,5,4,2,Dry,Curve,Level,Lowest,No
30351,47,Tennessee,470605,1,1,1,0,1,CHATTANOOGA,July,8,Saturday,11,0,Urban,Medium Speed (Collector),No,35.04047778,-85.29989167,Non-Intersection,Daylight,Clear,Unknown,Unknown,Unknown EMS Scene Arrival Hour,Unknown EMS Scene Arrival Minutes,Unknown,Unknown EMS Hospital Arrival Time,1,Daylight,Clear,0,1,[],[],0,0,Valid,0.0,0.0,21.0,21.0,['Female'],0,0,2,0,4,Dry,Straight,Level,Lowest,No
30352,47,Tennessee,470606,0,2,1,1,2,NOT APPLICABLE,June,30,Friday,22,59,Rural,Medium Speed (Collector),No,35.44005,-86.91603056,Non-Intersection,Dark - Not Lighted,Clear,Unknown,Unknown,Unknown EMS Scene Arrival Hour,Unknown EMS Scene Arrival Minutes,Not Applicable (Not Transported),Not Applicable (Not Transported),1,Dark - Unlighted,Clear,1,1,['Front_Passenger'],['None_Used'],0,0,Valid,0.0,0.0,37.0,37.0,['Male'],0,0,2,4,5,Dry,Curve,Grade/Hillcrest,Medium,No
30353,47,Tennessee,470607,0,2,2,0,5,BLOUNTVILLE,July,4,Tuesday,21,38,Rural,High Speed (Arterial),Yes,36.58025,-82.31498889,Non-Intersection,Dark - Not Lighted,Clear,9:00pm-9:59pm,37,9:00pm-9:59pm,44,Unknown,Unknown EMS Hospital Arrival Time,1,Dark - Unlighted,Clear,1,4,['Driver'],['None_Used'],0,0,Valid,0.0,0.0,62.0,24.0,"['Female', 'Male']",0,0,5,4,5,Dry,Curve,Level,Lowest,No
30354,47,Tennessee,470608,0,2,2,0,8,MEMPHIS,July,8,Saturday,17,47,Urban,Medium Speed (Collector),No,35.08318611,-89.93126944,Non-Intersection,Daylight,Clear,5:00pm-5:59pm,49,6:00pm-6:59pm,0,6:00pm-6:59pm,14,1,Daylight,Clear,1,7,['Rear_Seat'],['None_Used'],1,1,Invalid,0.0,0.0,34.0,25.0,"['Male', 'Female']",0,0,3,4,5,Dry,Straight,Level,Lowest,No
30355,47,Tennessee,470609,0,1,1,0,4,NOT APPLICABLE,July,9,Sunday,6,5,Rural,High Speed (Arterial),Yes,36.08623889,-87.04896944,Non-Intersection,Dawn,Cloudy,6:00am-6:59am,1,6:00am-6:59am,14,6:00am-6:59am,48,1,Twilight,Reduced Visibility,1,3,['Rear_Seat'],['None_Used'],0,0,Valid,0.0,1.0,25.0,25.0,['Male'],0,0,2,4,2,Dry,Curve,Level,Medium,No
30356,47,Tennessee,470610,0,2,2,0,2,NOT APPLICABLE,July,3,Monday,16,15,Urban,High Speed (Arterial),Yes,36.53826111,-82.3296,Non-Intersection,Daylight,Rain,Unknown,Unknown,Unknown EMS Scene Arrival Hour,Unknown EMS Scene Arrival Minutes,Unknown,Unknown EMS Hospital Arrival Time,1,Daylight,Rain/Wind/Minor,1,1,['Driver'],['Shoulder_Lapbelt'],0,0,Valid,0.0,0.0,49.0,46.0,"['Male', 'Male']",1,0,4,4,5,Wet/Standing Water,Straight,Grade/Hillcrest,Lowest,No
30357,47,Tennessee,470611,0,2,2,0,2,MURFREESBORO,July,7,Friday,9,52,Urban,Medium Speed (Collector),No,35.82708889,-86.37896111,Non-Intersection,Daylight,Clear,9:00am-9:59am,53,10:00am-10:59am,0,10:00am-10:59am,19,1,Daylight,Clear,1,1,['Driver'],['None_Used'],0,0,Invalid,5.0,0.0,46.0,30.0,"['Male', 'Male']",0,0,3,4,5,Dry,Straight,Level,Lowest,No
30358,47,Tennessee,470612,0,1,1,0,2,NOT APPLICABLE,June,18,Sunday,99,99,Rural,High Speed (Arterial),Yes,36.18368889,-86.15621111,Non-Intersection,Dark - Not Lighted,Not Reported,10:00pm-10:59pm,31,10:00pm-10:59pm,39,11:00pm-11:59pm,43,1,Dark - Unlighted,Clear,1,1,['Driver'],['None_Used'],1,1,Invalid,0.0,0.0,28.0,28.0,['Male'],0,0,2,4,3,Dry,Straight,Grade/Hillcrest,Lowest,No
30359,47,Tennessee,470613,0,1,1,0,2,MOUNT JULIET,June,30,Friday,9,48,Urban,Low Speed (Local),No,36.13853889,-86.48195,Non-Intersection,Daylight,Clear,9:00am-9:59am,54,10:00am-10:59am,6,11:00am-11:59am,3,1,Daylight,Clear,1,1,['Driver'],['Shoulder_Lapbelt'],0,0,Valid,0.0,0.0,20.0,20.0,['Male'],2,0,2,4,3,Dry,Straight,Level,Lowest,No
30360,47,Tennessee,470614,0,1,1,0,1,NOT APPLICABLE,July,7,Friday,17,5,Rural,Medium Speed (Collector),No,35.46583056,-88.15445,Non-Intersection,Daylight,Clear,6:00pm-6:59pm,12,6:00pm-6:59pm,33,8:00pm-8:59pm,15,1,Daylight,Clear,1,0,['Driver'],['None_Used'],0,0,Valid,1.0,0.0,37.0,37.0,['Male'],0,0,5,4,2,Dry,Curve,Level,Lowest,No
30361,47,Tennessee,470615,0,2,2,0,2,NOT APPLICABLE,July,10,Monday,16,59,Rural,Low Speed (Local),No,35.5413,-86.21313889,Non-Intersection,Daylight,Clear,4:00pm-4:59pm,57,5:00pm-5:59pm,10,Not Applicable (Not Transported),Not Applicable (Not Transported),1,Daylight,Clear,1,1,['Driver'],['None_Used'],1,1,Valid,1.0,1.0,47.0,22.0,"['Male', 'Female']",0,0,3,4,5,Dry,Curve,Level,Lowest,No
30362,47,Tennessee,470616,0,2,2,0,2,NOT APPLICABLE,July,2,Sunday,14,4,Rural,Medium Speed (Collector),No,35.80866111,-83.24911111,Non-Intersection,Daylight,Clear,1:00pm-1:59pm,10,1:00pm-1:59pm,30,2:00pm-2:59pm,17,1,Daylight,Clear,1,1,['Driver'],['None_Used'],1,1,Valid,0.0,0.0,61.0,54.0,"['Male', 'Female']",0,0,3,4,5,Dry,Curve,Level,Lowest,No
30363,47,Tennessee,470617,0,2,2,0,4,MEMPHIS,July,4,Tuesday,7,33,Urban,High Speed (Arterial),Yes,35.13471111,-89.84028056,Complex/Circle,Daylight,Clear,7:00am-7:59am,34,7:00am-7:59am,40,8:00am-8:59am,3,1,Daylight,Clear,1,3,['Rear_Seat'],['None_Used'],0,0,Valid,2.0,0.0,31.0,30.0,"['Male', 'Female']",3,0,2,4,5,Dry,Straight,Level,Lowest,No
30364,47,Tennessee,470618,0,1,1,0,1,CLARKSVILLE,July,10,Monday,18,57,Rural,Low Speed (Local),No,36.40053056,-87.28276111,Non-Intersection,Daylight,Clear,Unknown,Unknown,Unknown EMS Scene Arrival Hour,Unknown EMS Scene Arrival Minutes,Not Applicable (Not Transported),Not Applicable (Not Transported),1,Daylight,Clear,1,0,['Driver'],['None_Used'],1,1,Valid,0.0,0.0,49.0,49.0,['Male'],1,0,5,4,3,Dry,Curve,Level,Lowest,No
30365,47,Tennessee,470619,0,3,3,0,3,NOT APPLICABLE,July,7,Friday,8,15,Rural,High Speed (Arterial),Yes,35.27403889,-85.45868056,Non-Intersection,Daylight,Clear,8:00am-8:59am,20,8:00am-8:59am,31,9:00am-9:59am,2,1,Daylight,Clear,1,2,['Driver'],['Shoulder_Lapbelt'],0,0,Valid,2.0,0.0,51.0,40.0,"['Male', 'Female', 'Male']",0,0,3,4,5,Dry,Straight,Level,Lowest,No
30366,47,Tennessee,470620,0,1,1,0,1,MEMPHIS,July,7,Friday,11,30,Urban,Low Speed (Local),No,35.11138611,-89.91846944,Non-Intersection,Daylight,Clear,11:00am-11:59am,38,11:00am-11:59am,45,12:00pm-12:59pm,10,1,Daylight,Clear,1,0,['Driver'],['None_Used'],0,0,Valid,3.0,0.0,53.0,53.0,['Male'],0,0,5,3,3,Dry,Curve,Level,Lowest,No
30367,47,Tennessee,470621,1,1,1,0,2,NASHVILLE,June,29,Thursday,22,1,Urban,High Speed (Arterial),Yes,36.0707,-86.63488889,Non-Intersection,Dark - Lighted,Clear,10:00pm-10:59pm,2,10:00pm-10:59pm,5,10:00pm-10:59pm,22,1,Dark - Lighted,Clear,0,2,[],[],0,0,Valid,1.0,0.0,44.0,44.0,['Male'],0,0,3,3,4,Dry,Straight,Level,Lowest,No
30368,47,Tennessee,470622,0,2,2,0,2,NOT APPLICABLE,July,7,Friday,17,37,Rural,Medium Speed (Collector),No,36.50491111,-84.09391111,Non-Intersection,Daylight,Clear,5:00pm-5:59pm,39,5:00pm-5:59pm,55,6:00pm-6:59pm,56,1,Daylight,Clear,1,1,['Driver'],['None_Used'],0,0,Valid,0.0,0.0,64.0,29.0,"['Male', 'Male']",0,0,3,4,5,Dry,Straight,Level,Lowest,No
30369,47,Tennessee,470623,0,1,1,0,1,JONESBOROUGH,July,12,Wednesday,19,35,Rural,Low Speed (Local),No,36.2388,-82.46251944,Non-Intersection,Daylight,Clear,7:00pm-7:59pm,35,7:00pm-7:59pm,41,8:00pm-8:59pm,10,1,Daylight,Clear,1,0,['Driver'],['Lapbelt_Only'],0,0,Valid,0.0,0.0,77.0,77.0,['Female'],0,0,2,4,3,Dry,Straight,Level,Lowest,No
30370,47,Tennessee,470624,1,1,1,0,2,MEMPHIS,July,13,Thursday,0,52,Urban,Medium Speed (Collector),No,35.20091111,-89.912475,Non-Intersection,Dark - Lighted,Clear,0:00am-0:59am,53,0:00am-0:59am,56,1:00am-1:59am,14,1,Dark - Lighted,Clear,0,2,[],[],0,0,Valid,0.0,0.0,42.0,42.0,['Male'],0,0,2,2,4,Dry,Straight,Level,Lowest,No
30371,47,Tennessee,470626,0,1,1,0,1,NOT APPLICABLE,July,10,Monday,15,57,Rural,Low Speed (Local),No,36.0368,-84.08348056,Non-Intersection,Daylight,Clear,Unknown,Unknown,Unknown EMS Scene Arrival Hour,Unknown EMS Scene Arrival Minutes,Unknown,Unknown EMS Hospital Arrival Time,1,Daylight,Clear,1,0,['Driver'],['Shoulder_Lapbelt'],0,0,Valid,3.0,0.0,34.0,34.0,['Female'],0,0,2,4,2,Dry,Straight,Grade/Hillcrest,Lowest,No
30372,47,Tennessee,470627,0,2,2,0,2,CLEVELAND,July,12,Wednesday,17,16,Urban,High Speed (Arterial),Yes,35.14671111,-84.83213889,Simple Junction,Daylight,Clear,Unknown,Unknown,Unknown EMS Scene Arrival Hour,Unknown EMS Scene Arrival Minutes,Not Applicable (Not Transported),Not Applicable (Not Transported),1,Daylight,Clear,1,1,['Driver'],['Shoulder_Lapbelt'],0,0,Valid,0.0,0.0,59.0,17.0,"['Male', 'Male']",0,0,4,4,5,Dry,Straight,Level,Lowest,No
30373,47,Tennessee,470628,0,3,3,0,3,KNOXVILLE,July,12,Wednesday,7,28,Urban,High Speed (Arterial),Yes,35.93876944,-83.94896111,Non-Intersection,Daylight,Clear,6:00am-6:59am,28,6:00am-6:59am,47,6:00am-6:59am,53,1,Daylight,Clear,1,2,['Driver'],['Shoulder_Lapbelt'],0,0,Valid,3.0,0.0,38.0,26.0,"['Male', 'Female', 'Female']",0,0,4,4,5,Dry,Straight,Grade/Hillcrest,Lowest,No
30374,47,Tennessee,470629,0,1,1,0,1,NOT APPLICABLE,July,14,Friday,7,50,Rural,Medium Speed (Collector),No,36.37045,-84.39401111,Non-Intersection,Daylight,Clear,Unknown,Unknown,Unknown EMS Scene Arrival Hour,Unknown EMS Scene Arrival Minutes,Not Applicable (Not Transported),Not Applicable (Not Transported),1,Daylight,Clear,1,0,['Driver'],['Shoulder_Lapbelt'],0,0,Valid,0.0,1.0,78.0,78.0,['Male'],0,0,4,4,3,Dry,Curve,Grade/Hillcrest,Lowest,No