,State_Code,State_Name,Crash_ID,Count_Non_Motorists,Count_Vehicles_Total,Count_Vehicle_Forms,Count_PVH_Involved,Count_Occupants_MV,City_Name,Month_Name,Day_of_Month,Day_of_Week,Crash_Hour,Crash_Minute,Area_Rural_Urban,Road_Functional_Class,On_NHS_Road,Latitude,Longitude,Intersection_Type,Light_Condition,Weather_Condition,Notif_Hour,Notif_Minute,Arrival_Hour,Arrival_Minute,Hospital_Hour,Hospital_Minute,Fatalities_Count,Clean_Light_Condition,Clean_Weather_Condition,Total_Killed,Total_Alive,Fatal_Seats_List,Killed_Restraint_List,Any_Driver_Drinking,Total_Drinking_Drivers,Driver_License_Category,Driver_Max_Prev_Accident_Count,Driver_Max_Prev_Speeding_Count,Max_Driver_Age,Min_Driver_Age,Driver_Sex_List,Total_Exceeding_Limit_Vehicles,Total_Too_Fast_Vehicles,Max_Vehicle_Type_Severity_5,Max_Vehicle_Damage_Rank,Max_Harmful_Event_Severity,Crash_Road_Surface_Condition,Crash_Horizontal_Alignment,Crash_Vertical_Profile,Crash_Impairment_Category,Crash_Vehicle_Defect
30375,47,Tennessee,470630,0,1,1,0,3,MEMPHIS,July,14,Friday,14,18,Urban,High Speed (Arterial),Yes,35.02061389,-89.92480556,Non-Intersection,Daylight,Clear,2:00pm-2:59pm,20,2:00pm-2:59pm,43,3:00pm-3:59pm,0,1,Daylight,Clear,1,2,['Rear_Seat'],['Shoulder_Lapbelt'],0,0,Invalid,2.0,0.0,18.0,18.0,['Male'],0,0,2,4,3,Dry,Straight,Grade/Hillcrest,Lowest,No
30376,47,Tennessee,470631,0,2,2,0,2,MEMPHIS,July,14,Friday,18,0,Urban,Medium Speed (Collector),No,35.07906944,-89.98749444,Simple Junction,Dusk,Clear,6:00pm-6:59pm,6,6:00pm-6:59pm,12,Unknown,Unknown EMS Hospital Arrival Time,1,Twilight,Clear,1,1,['Driver'],['None_Used'],0,0,Valid,2.0,1.0,66.0,56.0,"['Male', 'Male']",0,0,3,4,5,Dry,Straight,Grade/Hillcrest,Lowest,No
30377,47,Tennessee,470632,0,1,1,0,1,NOT APPLICABLE,July,12,Wednesday,8,59,Rural,High Speed (Arterial),Yes,35.31808889,-86.53161111,Non-Intersection,Daylight,Clear,Unknown,Unknown,Unknown EMS Scene Arrival Hour,Unknown EMS Scene Arrival Minutes,Not Applicable (Not Transported),Not Applicable (Not Transported),1,Daylight,Clear,1,0,['Driver'],['Shoulder_Lapbelt'],0,0,Valid,0.0,0.0,73.0,73.0,['Female'],0,0,2,4,3,Dry,Curve,Level,Lowest,No
30378,47,Tennessee,470633,0,3,3,0,3,MAYNARDVILLE,July,14,Friday,5,20,Rural,Medium Speed (Collector),No,36.24333056,-83.81303056,Non-Intersection,Dark - Not Lighted,Clear,5:00am-5:59am,53,5:00am-5:59am,53,6:00am-6:59am,43,1,Dark - Unlighted,Clear,1,2,['Driver'],['None_Used'],1,1,Valid,2.0,1.0,47.0,22.0,"['Male', 'Female', 'Male']",0,0,3,4,5,Dry,Straight,Level,Lowest,No
30379,47,Tennessee,470634,0,1,1,0,3,MEMPHIS,July,15,Saturday,3,34,Urban,High Speed (Arterial),Yes,35.10911944,-89.997575,Non-Intersection,Dark - Lighted,Clear,3:00am-3:59am,28,3:00am-3:59am,32,Unknown,Unknown EMS Hospital Arrival Time,1,Dark - Lighted,Clear,1,2,['Front_Passenger'],['None_Used'],0,0,Invalid,1.0,0.0,37.0,37.0,['Female'],0,0,2,4,3,Wet/Standing Water,Straight,Level,Lowest,No
30380,47,Tennessee,470635,0,1,1,0,1,KNOXVILLE,July,16,Sunday,4,20,Urban,Low Speed (Local),No,35.98556944,-83.89223056,Simple Junction,Dark - Lighted,Cloudy,Unknown,Unknown,Unknown EMS Scene Arrival Hour,Unknown EMS Scene Arrival Minutes,Unknown,Unknown EMS Hospital Arrival Time,1,Dark - Lighted,Reduced Visibility,1,0,['Driver'],['None_Used'],0,0,Invalid,0.0,0.0,41.0,41.0,['Male'],1,0,2,4,2,Dry,Straight,Level,Lowest,Yes
30381,47,Tennessee,470636,0,3,1,2,1,MEMPHIS,July,16,Sunday,10,20,Urban,High Speed (Arterial),Yes,35.18530833,-89.89699722,Non-Intersection,Daylight,Clear,Unknown,Unknown,Unknown EMS Scene Arrival Hour,Unknown EMS Scene Arrival Minutes,Not Applicable (Not Transported),Not Applicable (Not Transported),1,Daylight,Clear,1,0,['Driver'],['Shoulder_Lapbelt'],0,0,Invalid,0.0,0.0,39.0,39.0,['Male'],0,0,3,4,5,Wet/Standing Water,Straight,Grade/Hillcrest,Lowest,No
30382,47,Tennessee,470637,0,1,1,0,4,KNOXVILLE,July,16,Sunday,6,54,Urban,High Speed (Arterial),Yes,35.99875,-83.87813056,Complex/Circle,Dark - Lighted,Clear,5:00am-5:59am,54,6:00am-6:59am,27,7:00am-7:59am,8,1,Dark - Lighted,Clear,1,3,['Front_Passenger'],['None_Used'],1,1,Invalid,0.0,0.0,24.0,24.0,['Male'],0,0,2,4,3,Dry,Straight,Level,Lowest,Yes
30383,47,Tennessee,470638,0,2,2,0,2,MADISON,June,8,Thursday,22,43,Urban,High Speed (Arterial),Yes,36.26395,-86.71161111,Non-Intersection,Dark - Lighted,Clear,Unknown,Unknown,Unknown EMS Scene Arrival Hour,Unknown EMS Scene Arrival Minutes,Unknown,Unknown EMS Hospital Arrival Time,1,Dark - Lighted,Clear,1,1,['Driver'],['None_Used'],0,0,Valid,1.0,0.0,31.0,17.0,"['Female', 'Male']",1,0,5,4,5,Dry,Straight,Non-Trafficway,Lowest,No
30384,47,Tennessee,470639,0,3,3,0,6,MEMPHIS,July,12,Wednesday,12,13,Urban,High Speed (Arterial),Yes,35.07403611,-89.90591111,Complex/Circle,Daylight,Cloudy,12:00pm-12:59pm,17,12:00pm-12:59pm,24,12:00pm-12:59pm,52,2,Daylight,Reduced Visibility,2,4,"['Rear_Seat', 'Front_Passenger']","['Shoulder_Lapbelt', 'Shoulder_Lapbelt']",0,0,Valid,0.0,1.0,43.0,22.0,"['Male', 'Female', 'Female']",0,0,3,4,5,Dry,Straight,Level,Lowest,No
30385,47,Tennessee,470640,0,2,2,0,2,NOT APPLICABLE,July,15,Saturday,1,41,Rural,Medium Speed (Collector),No,35.58298889,-85.57838056,Non-Intersection,Dark - Not Lighted,Clear,Unknown,Unknown,Unknown EMS Scene Arrival Hour,Unknown EMS Scene Arrival Minutes,Unknown,Unknown EMS Hospital Arrival Time,2,Dark - Unlighted,Clear,2,0,"['Driver', 'Driver']","['Shoulder_Lapbelt', 'Shoulder_Lapbelt']",1,1,Valid,1.0,0.0,27.0,26.0,"['Female', 'Female']",0,0,2,4,5,Dry,Straight,Level,Lowest,No
30386,47,Tennessee,470641,0,1,1,0,1,NOT APPLICABLE,July,14,Friday,10,37,Urban,Low Speed (Local),No,35.84528056,-84.06201944,Non-Intersection,Daylight,Clear,9:00am-9:59am,37,9:00am-9:59am,47,10:00am-10:59am,19,1,Daylight,Clear,1,0,['Driver'],['None_Used'],0,0,Invalid,1.0,0.0,62.0,62.0,['Male'],0,0,5,4,2,Dry,Curve,Grade/Hillcrest,Lowest,No
30387,47,Tennessee,470642,0,2,2,0,2,NOT APPLICABLE,June,2,Friday,8,31,Rural,Medium Speed (Collector),No,35.49328056,-88.7181,Non-Intersection,Daylight,Clear,8:00am-8:59am,29,8:00am-8:59am,40,8:00am-8:59am,59,1,Daylight,Clear,1,1,['Driver'],['Shoulder_Lapbelt'],0,0,Valid,0.0,0.0,76.0,62.0,"['Female', 'Male']",0,0,3,4,5,Dry,Straight,Level,Medium,No
30388,47,Tennessee,470643,0,1,1,0,2,NOT APPLICABLE,July,11,Tuesday,10,19,Rural,High Speed (Arterial),Yes,36.48721944,-87.15965,Non-Intersection,Daylight,Clear,10:00am-10:59am,32,10:00am-10:59am,57,11:00am-11:59am,36,1,Daylight,Clear,1,1,['Driver'],['Shoulder_Lapbelt'],0,0,Valid,0.0,0.0,63.0,63.0,['Male'],0,0,3,4,3,Dry,Straight,Level,Lowest,No
30389,47,Tennessee,470644,0,1,1,0,3,NASHVILLE,July,13,Thursday,20,30,Urban,Medium Speed (Collector),No,36.05478056,-86.69433056,Non-Intersection,Dark - Lighted,Clear,8:00pm-8:59pm,32,8:00pm-8:59pm,45,9:00pm-9:59pm,14,1,Dark - Lighted,Clear,1,2,['Rear_Seat'],['Shoulder_Lapbelt'],0,0,Invalid,0.0,0.0,16.0,16.0,['Male'],3,0,2,4,3,Dry,Straight,Grade/Hillcrest,Lowest,No
30390,47,Tennessee,470645,1,1,1,0,1,HARRIMAN,July,13,Thursday,21,10,Urban,Medium Speed (Collector),No,35.86716944,-84.58135,Non-Intersection,Dark - Not Lighted,Clear,9:00pm-9:59pm,10,9:00pm-9:59pm,12,9:00pm-9:59pm,30,1,Dark - Unlighted,Clear,0,1,[],[],0,0,Valid,0.0,0.0,40.0,40.0,['Male'],0,0,3,4,4,Dry,Straight,Level,Lowest,No
30391,47,Tennessee,470646,0,3,3,0,3,MEMPHIS,July,14,Friday,1,50,Urban,High Speed (Arterial),Yes,35.15306111,-90.05986944,Non-Intersection,Dark - Lighted,Clear,Unknown,Unknown,Unknown EMS Scene Arrival Hour,Unknown EMS Scene Arrival Minutes,Unknown,Unknown EMS Hospital Arrival Time,1,Dark - Lighted,Clear,1,1,['Driver'],['None_Used'],1,1,Valid,0.0,1.0,64.0,29.0,"['Male', 'Male', 'Male']",0,0,5,4,5,Dry,Straight,Level,Lowest,No
30392,47,Tennessee,470647,1,1,1,0,1,NASHVILLE,July,15,Saturday,2,14,Urban,High Speed (Arterial),Yes,36.13723889,-86.72763889,Non-Intersection,Dark - Not Lighted,Clear,2:00am-2:59am,14,2:00am-2:59am,16,Not Applicable (Not Transported),Not Applicable (Not Transported),1,Dark - Unlighted,Clear,0,0,[],[],0,0,Invalid,0.0,0.0,999.0,999.0,['Other'],0,0,1,3,4,Dry,Straight,Grade/Hillcrest,Lowest,No
30393,47,Tennessee,470648,0,2,2,0,4,ALGOOD,July,15,Saturday,16,13,Urban,Medium Speed (Collector),No,36.18461944,-85.45733056,Non-Intersection,Daylight,Clear,4:00pm-4:59pm,8,4:00pm-4:59pm,11,4:00pm-4:59pm,29,1,Daylight,Clear,1,3,['Driver'],['None_Used'],0,0,Valid,0.0,0.0,48.0,16.0,"['Female', 'Male']",1,0,5,4,5,Dry,Straight,Grade/Hillcrest,Lowest,No
30394,47,Tennessee,470649,0,1,1,0,1,NOT APPLICABLE,July,16,Sunday,7,57,Rural,Medium Speed (Collector),No,36.44645,-88.46568056,Non-Intersection,Daylight,Cloudy,7:00am-7:59am,9,7:00am-7:59am,26,Not Applicable (Not Transported),Not Applicable (Not Transported),1,Daylight,Reduced Visibility,1,0,['Driver'],['Shoulder_Lapbelt'],0,0,Valid,0.0,1.0,42.0,42.0,['Female'],0,0,2,4,2,Dry,Straight,Level,Lowest,No
30395,47,Tennessee,470650,0,1,1,0,2,NOT APPLICABLE,July,14,Friday,4,8,Rural,High Speed (Arterial),Yes,35.76358056,-84.36526944,Non-Intersection,Dark - Not Lighted,Clear,4:00am-4:59am,12,4:00am-4:59am,18,5:00am-5:59am,30,1,Dark - Unlighted,Clear,1,1,['Non_Standard_Risk'],['None_Used'],0,0,Valid,0.0,1.0,49.0,49.0,['Male'],0,0,4,4,3,Dry,Straight,Level,Medium,No
30396,47,Tennessee,470651,0,1,1,0,4,NOT APPLICABLE,July,15,Saturday,17,50,Rural,Medium Speed (Collector),No,35.92376944,-83.1726,Non-Intersection,Daylight,Rain,5:00pm-5:59pm,59,6:00pm-6:59pm,6,6:00pm-6:59pm,50,1,Daylight,Rain/Wind/Minor,1,3,['Front_Passenger'],['None_Used'],1,1,Valid,0.0,0.0,32.0,32.0,['Male'],4,0,3,4,3,Wet/Standing Water,Straight,Level,Lowest,Yes
30397,47,Tennessee,470652,0,1,1,0,1,NOT APPLICABLE,July,15,Saturday,23,27,Rural,Medium Speed (Collector),No,35.14153889,-86.69243889,Non-Intersection,Dark - Not Lighted,Cloudy,Unknown,Unknown,Unknown EMS Scene Arrival Hour,Unknown EMS Scene Arrival Minutes,Unknown,Unknown EMS Hospital Arrival Time,1,Dark - Unlighted,Reduced Visibility,1,0,['Driver'],['None_Used'],1,1,Invalid,0.0,0.0,38.0,38.0,['Female'],0,0,2,4,2,Dry,Straight,Level,Lowest,No
30398,47,Tennessee,470653,0,2,2,0,5,NOT APPLICABLE,July,12,Wednesday,20,44,Urban,Medium Speed (Collector),No,36.27625,-86.54615,Simple Junction,Dark - Not Lighted,Clear,Unknown,Unknown,Unknown EMS Scene Arrival Hour,Unknown EMS Scene Arrival Minutes,Not Applicable (Not Transported),Not Applicable (Not Transported),1,Dark - Unlighted,Clear,1,4,['Front_Passenger'],['Shoulder_Lapbelt'],0,0,Valid,1.0,0.0,27.0,25.0,"['Male', 'Male']",0,0,3,4,5,Dry,Straight,Level,Lowest,No
30399,47,Tennessee,470654,0,2,2,0,3,NOT APPLICABLE,July,13,Thursday,20,30,Urban,High Speed (Arterial),Yes,36.30606111,-84.22743889,Non-Intersection,Daylight,Clear,8:00pm-8:59pm,31,8:00pm-8:59pm,34,Unknown,Unknown EMS Hospital Arrival Time,1,Daylight,Clear,1,2,['Driver'],['Shoulder_Lapbelt'],0,0,Valid,0.0,0.0,47.0,45.0,"['Male', 'Male']",0,0,4,4,5,Dry,Curve,Grade/Hillcrest,Lowest,No
30400,47,Tennessee,470655,0,1,1,0,1,NOT APPLICABLE,July,16,Sunday,13,24,Urban,Medium Speed (Collector),No,35.84603056,-83.74073056,Non-Intersection,Daylight,Clear,1:00pm-1:59pm,17,1:00pm-1:59pm,23,Not Applicable (Not Transported),Not Applicable (Not Transported),1,Daylight,Clear,1,0,['Driver'],['None_Used'],0,0,Invalid,0.0,0.0,41.0,41.0,['Male'],1,0,5,4,3,Dry,Curve,Level,Lowest,No
30401,47,Tennessee,470656,0,1,1,0,1,KINGSTON,July,19,Wednesday,19,39,Urban,Medium Speed (Collector),No,35.86821944,-84.50663056,Non-Intersection,Daylight,Cloudy,7:00pm-7:59pm,29,7:00pm-7:59pm,37,Not Applicable (Not Transported),Not Applicable (Not Transported),1,Daylight,Reduced Visibility,1,0,['Driver'],['None_Used'],1,1,Invalid,0.0,0.0,56.0,56.0,['Male'],0,0,3,4,3,Dry,Curve,Grade/Hillcrest,Lowest,No
30402,47,Tennessee,470657,0,2,2,0,5,NOT APPLICABLE,May,19,Friday,20,12,Rural,Medium Speed (Collector),No,35.75061111,-85.23756111,Non-Intersection,Dark - Not Lighted,Clear,8:00pm-8:59pm,16,8:00pm-8:59pm,26,9:00pm-9:59pm,1,1,Dark - Unlighted,Clear,1,4,['Front_Passenger'],['None_Used'],1,1,Valid,2.0,0.0,44.0,39.0,"['Male', 'Male']",0,0,5,4,5,Dry,Straight,Level,Lowest,Yes
30403,47,Tennessee,470658,0,2,2,0,2,MURFREESBORO,June,30,Friday,13,11,Urban,Medium Speed (Collector),No,35.80078889,-86.47236111,Complex/Circle,Daylight,Clear,1:00pm-1:59pm,13,1:00pm-1:59pm,29,2:00pm-2:59pm,7,1,Daylight,Clear,1,1,['Driver'],['None_Used'],0,0,Valid,0.0,0.0,54.0,16.0,"['Female', 'Male']",0,0,5,4,5,Dry,Straight,Level,Lowest,No
30404,47,Tennessee,470659,0,2,2,0,3,MEMPHIS,July,11,Tuesday,23,49,Urban,High Speed (Arterial),Yes,35.07988889,-89.93133611,Non-Intersection,Dark - Lighted,Clear,11:00pm-11:59pm,42,11:00pm-11:59pm,42,0:00am-0:59am,16,1,Dark - Lighted,Clear,1,2,['Driver'],['Shoulder_Lapbelt'],0,0,Invalid,0.0,0.0,47.0,27.0,"['Male', 'Male']",0,0,2,4,5,Dry,Straight,Level,Lowest,No
30405,47,Tennessee,470660,0,1,1,0,1,NOT APPLICABLE,July,14,Friday,21,9,Rural,High Speed (Arterial),Yes,35.6752,-88.4664,Simple Junction,Dark - Not Lighted,Clear,9:00pm-9:59pm,22,9:00pm-9:59pm,58,11:00pm-11:59pm,22,1,Dark - Unlighted,Clear,1,0,['Driver'],['None_Used'],0,0,Valid,1.0,0.0,62.0,62.0,['Male'],0,0,5,4,2,Dry,Straight,Grade/Hillcrest,Lowest,No
30406,47,Tennessee,470661,0,2,2,0,2,MEMPHIS,July,17,Monday,1,10,Urban,High Speed (Arterial),Yes,35.026525,-89.90365556,Complex/Circle,Dark - Not Lighted,Clear,1:00am-1:59am,12,1:00am-1:59am,22,1:00am-1:59am,48,1,Dark - Unlighted,Clear,1,1,['Driver'],['None_Used'],0,0,Valid,1.0,1.0,42.0,32.0,"['Male', 'Male']",0,0,4,4,5,Dry,Straight,Grade/Hillcrest,Lowest,No
30407,47,Tennessee,470662,0,2,2,0,2,GALLATIN,July,20,Thursday,15,24,Urban,High Speed (Arterial),Yes,36.38686944,-86.48051944,Non-Intersection,Daylight,Clear,3:00pm-3:59pm,25,3:00pm-3:59pm,28,4:00pm-4:59pm,1,1,Daylight,Clear,1,1,['Driver'],['Shoulder_Lapbelt'],0,0,Valid,0.0,0.0,29.0,21.0,"['Male', 'Female']",0,0,2,4,5,Dry,Straight,Level,Lowest,No
30408,47,Tennessee,470663,1,1,1,0,1,CLARKSVILLE,July,20,Thursday,21,48,Urban,High Speed (Arterial),Yes,36.54166944,-87.36813889,Non-Intersection,Dark - Not Lighted,Cloudy,Unknown,Unknown,Unknown EMS Scene Arrival Hour,Unknown EMS Scene Arrival Minutes,Unknown,Unknown EMS Hospital Arrival Time,1,Dark - Unlighted,Reduced Visibility,0,1,[],[],0,0,Valid,0.0,0.0,31.0,31.0,['Male'],0,0,3,3,4,Dry,Straight,Level,Lowest,No
30409,47,Tennessee,470664,0,2,2,0,2,EASTVIEW,July,18,Tuesday,1,11,Rural,High Speed (Arterial),Yes,35.07615,-88.54551944,Non-Intersection,Dark - Not Lighted,Clear,Unknown,Unknown,Unknown EMS Scene Arrival Hour,Unknown EMS Scene Arrival Minutes,Not Applicable (Not Transported),Not Applicable (Not Transported),1,Dark - Unlighted,Clear,1,1,['Driver'],['Shoulder_Lapbelt'],1,1,Valid,0.0,1.0,44.0,21.0,"['Female', 'Male']",0,0,4,4,5,Dry,Straight,Level,Lowest,No
30410,47,Tennessee,470665,1,1,1,0,1,NOT APPLICABLE,July,18,Tuesday,23,55,Urban,High Speed (Arterial),Yes,35.86938056,-84.29228889,Non-Intersection,Dark - Not Lighted,Clear,Unknown,Unknown,Unknown EMS Scene Arrival Hour,Unknown EMS Scene Arrival Minutes,Not Applicable (Not Transported),Not Applicable (Not Transported),1,Dark - Unlighted,Clear,0,1,[],[],0,0,Valid,1.0,0.0,33.0,33.0,['Male'],0,0,2,4,4,Dry,Straight,Level,Lowest,No
30411,47,Tennessee,470666,0,2,2,0,2,SPRING HILL,July,22,Saturday,19,23,Rural,Medium Speed (Collector),No,35.74703889,-86.85415,Complex/Circle,Dark - Not Lighted,Clear,Unknown,Unknown,Unknown EMS Scene Arrival Hour,Unknown EMS Scene Arrival Minutes,Unknown,Unknown EMS Hospital Arrival Time,1,Dark - Unlighted,Clear,1,1,['Driver'],['None_Used'],0,0,Valid,1.0,0.0,20.0,16.0,"['Male', 'Male']",0,0,5,4,5,Dry,Straight,Grade/Hillcrest,Lowest,No
30412,47,Tennessee,470667,0,2,2,0,7,NOT APPLICABLE,July,12,Wednesday,20,0,Rural,High Speed (Arterial),Yes,35.41351111,-84.7003,Non-Intersection,Dusk,Clear,7:00pm-7:59pm,22,7:00pm-7:59pm,45,8:00pm-8:59pm,35,1,Twilight,Clear,1,6,['Driver'],['None_Used'],0,0,Invalid,1.0,2.0,28.0,28.0,"['Male', 'Female']",0,0,3,4,5,Dry,Straight,Level,Lowest,No
30413,47,Tennessee,470669,0,1,1,0,1,KNOXVILLE,July,24,Monday,2,56,Urban,High Speed (Arterial),Yes,35.96566944,-83.90595,Non-Intersection,Dark - Lighted,Clear,1:00am-1:59am,56,2:00am-2:59am,2,2:00am-2:59am,31,1,Dark - Lighted,Clear,1,0,['Driver'],['None_Used'],0,0,Valid,0.0,0.0,44.0,44.0,['Male'],0,0,5,4,3,Dry,Curve,Level,Lowest,No
30414,47,Tennessee,470670,0,2,2,0,2,NOT APPLICABLE,July,23,Sunday,17,46,Rural,Medium Speed (Collector),No,36.53735,-87.18671944,Simple Junction,Daylight,Clear,Unknown,Unknown,Unknown EMS Scene Arrival Hour,Unknown EMS Scene Arrival Minutes,Unknown,Unknown EMS Hospital Arrival Time,1,Daylight,Clear,1,1,['Driver'],['None_Used'],1,1,Valid,0.0,0.0,66.0,43.0,"['Male', 'Female']",0,0,5,4,5,Dry,Straight,Level,Lowest,No
30415,47,Tennessee,470671,0,4,4,0,6,MEMPHIS,July,13,Thursday,17,5,Urban,High Speed (Arterial),Yes,35.02039722,-89.84869444,Complex/Circle,Daylight,Clear,5:00pm-5:59pm,7,5:00pm-5:59pm,8,5:00pm-5:59pm,38,1,Daylight,Clear,1,4,['Rear_Seat'],['None_Used'],0,0,Valid,0.0,0.0,70.0,21.0,"['Male', 'Male', 'Male', 'Male']",0,0,3,4,5,Dry,Straight,Level,Lowest,No
30416,47,Tennessee,470672,0,1,1,0,2,MEMPHIS,July,24,Monday,2,3,Urban,High Speed (Arterial),Yes,35.20913889,-90.03278056,Complex/Circle,Dark - Lighted,Clear,2:00am-2:59am,4,2:00am-2:59am,8,2:00am-2:59am,32,1,Dark - Lighted,Clear,1,1,['Front_Passenger'],['None_Used'],1,1,Valid,0.0,0.0,18.0,18.0,['Female'],2,0,3,4,3,Dry,Straight,Level,Lowest,No
30417,47,Tennessee,470673,0,3,3,0,4,ROSSVILLE,July,13,Thursday,12,1,Rural,Medium Speed (Collector),No,35.04336111,-89.57446111,Non-Intersection,Daylight,Clear,11:00am-11:59am,59,12:00pm-12:59pm,26,1:00pm-1:59pm,25,1,Daylight,Clear,1,3,['Front_Passenger'],['Shoulder_Lapbelt'],0,0,Valid,0.0,1.0,68.0,15.0,"['Male', 'Male', 'Male']",0,0,3,4,5,Dry,Straight,Grade/Hillcrest,Lowest,No
30418,47,Tennessee,470674,0,2,2,0,3,MEMPHIS,July,25,Tuesday,0,23,Urban,Medium Speed (Collector),No,35.12601944,-89.99074722,Complex/Circle,Dark - Lighted,Clear,0:00am-0:59am,27,Unknown EMS Scene Arrival Hour,Unknown EMS Scene Arrival Minutes,Unknown,Unknown EMS Hospital Arrival Time,1,Dark - Lighted,Clear,1,0,['Driver'],['Shoulder_Lapbelt'],0,0,Invalid,0.0,0.0,20.0,18.0,"['Male', 'Female']",2,0,2,4,5,Dry,Straight,Level,Lowest,No
30419,47,Tennessee,470676,1,1,1,0,2,JACKSON,March,11,Saturday,20,34,Urban,Medium Speed (Collector),No,35.66748056,-88.82926111,Complex/Circle,Dark - Lighted,Rain,8:00pm-8:59pm,35,8:00pm-8:59pm,41,8:00pm-8:59pm,50,1,Dark - Lighted,Rain/Wind/Minor,0,2,[],[],0,0,Valid,0.0,1.0,45.0,45.0,['Male'],0,0,3,2,4,Wet/Standing Water,Straight,Level,Lowest,No
30420,47,Tennessee,470677,0,1,1,0,1,NASHVILLE,July,21,Friday,22,14,Urban,High Speed (Arterial),Yes,36.23828056,-86.78323056,Non-Intersection,Dark - Lighted,Clear,10:00pm-10:59pm,14,10:00pm-10:59pm,16,10:00pm-10:59pm,30,1,Dark - Lighted,Clear,1,0,['Driver'],['None_Used'],0,0,Valid,0.0,0.0,18.0,18.0,['Male'],0,0,3,4,3,Dry,Curve,Level,Lowest,No
30421,47,Tennessee,470678,0,1,1,0,1,HARRIMAN,July,22,Saturday,20,30,Urban,Medium Speed (Collector),No,35.92795,-84.53203889,Non-Intersection,Daylight,Clear,8:00pm-8:59pm,23,8:00pm-8:59pm,31,Not Applicable (Not Transported),Not Applicable (Not Transported),1,Daylight,Clear,1,0,['Driver'],['None_Used'],1,1,Valid,0.0,0.0,46.0,46.0,['Male'],0,0,2,4,3,Dry,Straight,Grade/Hillcrest,Lowest,No
30422,47,Tennessee,470679,0,1,1,0,2,MEMPHIS,July,26,Wednesday,2,0,Urban,High Speed (Arterial),Yes,35.109475,-90.01656111,Non-Intersection,Dark - Lighted,Rain,2:00am-2:59am,3,2:00am-2:59am,7,2:00am-2:59am,28,1,Dark - Lighted,Rain/Wind/Minor,1,1,['Front_Passenger'],['Shoulder_Lapbelt'],0,0,Invalid,0.0,0.0,37.0,37.0,['Male'],0,0,3,4,3,Wet/Standing Water,Straight,Grade/Hillcrest,Lowest,No
30423,47,Tennessee,470680,0,2,2,0,2,NOT APPLICABLE,July,12,Wednesday,11,54,Rural,Medium Speed (Collector),No,35.53441111,-88.79698889,Non-Intersection,Daylight,Clear,10:00am-10:59am,59,11:00am-11:59am,12,12:00pm-12:59pm,20,1,Daylight,Clear,1,1,['Driver'],['None_Used'],0,0,Valid,0.0,1.0,55.0,40.0,"['Male', 'Male']",0,0,2,4,5,Dry,Straight,Grade/Hillcrest,Lowest,No
30424,47,Tennessee,470681,0,2,2,0,2,HUNTSVILLE,July,23,Sunday,7,32,Rural,Medium Speed (Collector),No,36.3792,-84.39956944,Non-Intersection,Daylight,"Fog, Smog, Smoke",Unknown,Unknown,Unknown EMS Scene Arrival Hour,Unknown EMS Scene Arrival Minutes,Unknown,Unknown EMS Hospital Arrival Time,1,Daylight,Reduced Visibility,1,1,['Driver'],['None_Used'],0,0,Valid,0.0,0.0,91.0,22.0,"['Male', 'Female']",0,0,3,4,5,Dry,Straight,Non-Trafficway,Lowest,No
30425,47,Tennessee,470682,0,1,1,0,3,SWEETWATER,July,25,Tuesday,18,5,Rural,Medium Speed (Collector),No,35.61843056,-84.40755,Non-Intersection,Daylight,Cloudy,5:00pm-5:59pm,33,5:00pm-5:59pm,56,6:00pm-6:59pm,20,1,Daylight,Reduced Visibility,1,2,['Front_Passenger'],['None_Used'],0,0,Valid,0.0,0.0,18.0,18.0,['Female'],3,0,2,4,3,Wet/Standing Water,Curve,Grade/Hillcrest,Lowest,No
30426,47,Tennessee,470683,0,1,1,0,1,NOT APPLICABLE,July,26,Wednesday,8,20,Rural,Medium Speed (Collector),No,36.05958056,-83.26035,Non-Intersection,Daylight,Clear,8:00am-8:59am,13,8:00am-8:59am,21,8:00am-8:59am,56,1,Daylight,Clear,1,0,['Driver'],['None_Used'],0,0,Valid,1.0,0.0,75.0,75.0,['Male'],0,0,3,4,3,Dry,Straight,Grade/Hillcrest,Medium,No
30427,47,Tennessee,470684,1,1,1,0,1,PARIS,July,25,Tuesday,13,51,Urban,High Speed (Arterial),Yes,36.30188889,-88.32638889,Complex/Circle,Daylight,Clear,2:00pm-2:59pm,3,2:00pm-2:59pm,4,2:00pm-2:59pm,38,1,Daylight,Clear,0,1,[],[],0,0,Valid,0.0,0.0,78.0,78.0,['Male'],0,0,3,1,4,Dry,Straight,Level,Lowest,No
30428,47,Tennessee,470685,1,1,1,0,2,NOT APPLICABLE,July,21,Friday,5,28,Rural,High Speed (Arterial),Yes,36.51278056,-84.19668889,Non-Intersection,Dark - Not Lighted,"Fog, Smog, Smoke",Unknown,Unknown,Unknown EMS Scene Arrival Hour,Unknown EMS Scene Arrival Minutes,Not Applicable (Not Transported),Not Applicable (Not Transported),1,Dark - Unlighted,Reduced Visibility,0,2,[],[],0,0,Valid,0.0,0.0,26.0,26.0,['Male'],0,0,3,4,4,Wet/Standing Water,Curve,Grade/Hillcrest,Lowest,No
30429,47,Tennessee,470686,0,1,1,0,1,NOT APPLICABLE,July,24,Monday,99,99,Rural,High Speed (Arterial),Yes,35.49413889,-85.2987,Non-Intersection,Dark - Unknown Lighting,Reported as Unknown,5:00am-5:59am,39,6:00am-6:59am,4,6:00am-6:59am,35,1,Dark - Unlighted,Clear,1,0,['Driver'],['None_Used'],0,0,Valid,1.0,0.0,32.0,32.0,['Male'],0,0,2,4,2,Dry,Straight,Level,Lowest,No
30430,47,Tennessee,470687,0,1,1,0,2,NOT APPLICABLE,July,27,Thursday,18,17,Urban,Medium Speed (Collector),No,35.77926111,-84.09243889,Non-Intersection,Daylight,Clear,Unknown,Unknown,Unknown EMS Scene Arrival Hour,Unknown EMS Scene Arrival Minutes,Unknown,Unknown EMS Hospital Arrival Time,1,Daylight,Clear,1,1,['Front_Passenger'],['None_Used'],0,0,Valid,1.0,0.0,17.0,17.0,['Male'],2,0,2,4,3,Dry,Straight,Level,Lowest,No