,State_Code,State_Name,Crash_ID,Count_Non_Motorists,Count_Vehicles_Total,Count_Vehicle_Forms,Count_PVH_Involved,Count_Occupants_MV,City_Name,Month_Name,Day_of_Month,Day_of_Week,Crash_Hour,Crash_Minute,Area_Rural_Urban,Road_Functional_Class,On_NHS_Road,Latitude,Longitude,Intersection_Type,Light_Condition,Weather_Condition,Notif_Hour,Notif_Minute,Arrival_Hour,Arrival_Minute,Hospital_Hour,Hospital_Minute,Fatalities_Count,Clean_Light_Condition,Clean_Weather_Condition,Total_Killed,Total_Alive,Fatal_Seats_List,Killed_Restraint_List,Any_Driver_Drinking,Total_Drinking_Drivers,Driver_License_Category,Driver_Max_Prev_Accident_Count,Driver_Max_Prev_Speeding_Count,Max_Driver_Age,Min_Driver_Age,Driver_Sex_List,Total_Exceeding_Limit_Vehicles,Total_Too_Fast_Vehicles,Max_Vehicle_Type_Severity_5,Max_Vehicle_Damage_Rank,Max_Harmful_Event_Severity,Crash_Road_Surface_Condition,Crash_Horizontal_Alignment,Crash_Vertical_Profile,Crash_Impairment_Category,Crash_Vehicle_Defect
30431,47,Tennessee,470688,0,5,2,3,2,JOHNSON CITY,July,28,Friday,19,59,Urban,High Speed (Arterial),No,36.31400833,-82.378075,Simple Junction,Daylight,Clear,8:00pm-8:59pm,0,8:00pm-8:59pm,2,8:00pm-8:59pm,19,1,Daylight,Clear,1,1,['Driver'],['None_Used'],0,0,Invalid,0.0,4.0,38.0,26.0,"['Male', 'Male']",0,0,5,4,5,Dry,Straight,Grade/Hillcrest,Lowest,No
30432,47,Tennessee,470689,0,1,1,0,1,NOT APPLICABLE,July,28,Friday,21,48,Urban,High Speed (Arterial),Yes,35.71785,-86.41538889,Non-Intersection,Dark - Not Lighted,Clear,Unknown,Unknown,Unknown EMS Scene Arrival Hour,Unknown EMS Scene Arrival Minutes,Not Applicable (Not Transported),Not Applicable (Not Transported),1,Dark - Unlighted,Clear,1,0,['Driver'],['Shoulder_Lapbelt'],1,1,Invalid,0.0,2.0,30.0,30.0,['Male'],0,0,3,4,3,Dry,Straight,Level,Lowest,No
30433,47,Tennessee,470690,0,3,3,0,8,MEMPHIS,July,29,Saturday,21,8,Urban,Medium Speed (Collector),No,35.03976111,-89.84663889,Non-Intersection,Dark - Lighted,Clear,9:00pm-9:59pm,20,9:00pm-9:59pm,28,10:00pm-10:59pm,5,1,Dark - Lighted,Clear,1,7,['Driver'],['Shoulder_Lapbelt'],0,0,Invalid,0.0,0.0,44.0,25.0,"['Male', 'Male', 'Male']",0,0,3,4,5,Dry,Straight,Grade/Hillcrest,Lowest,No
30434,47,Tennessee,470691,0,2,2,0,2,MEMPHIS,July,30,Sunday,0,7,Urban,High Speed (Arterial),Yes,35.1683,-89.94841111,Simple Junction,Dark - Unknown Lighting,Clear,Unknown,Unknown,Unknown EMS Scene Arrival Hour,Unknown EMS Scene Arrival Minutes,Unknown,Unknown EMS Hospital Arrival Time,1,Dark - Unlighted,Clear,1,1,['Driver'],['None_Used'],0,0,Invalid,1.0,1.0,34.0,19.0,"['Male', 'Male']",0,0,5,4,5,Dry,Straight,Level,Lowest,No
30435,47,Tennessee,470692,0,3,3,0,4,KNOXVILLE,July,28,Friday,16,34,Urban,Medium Speed (Collector),No,35.90128889,-84.07108056,Non-Intersection,Dusk,Clear,3:00pm-3:59pm,34,3:00pm-3:59pm,46,4:00pm-4:59pm,24,1,Twilight,Clear,1,3,['Driver'],['None_Used'],0,0,Valid,0.0,1.0,39.0,31.0,"['Male', 'Male', 'Female']",0,0,3,4,5,Dry,Curve,Level,Lowest,No
30436,47,Tennessee,470693,1,1,1,0,2,PIKEVILLE,July,28,Friday,23,13,Rural,Medium Speed (Collector),No,35.60806944,-85.1888,Non-Intersection,Dark - Lighted,Clear,Unknown,Unknown,Unknown EMS Scene Arrival Hour,Unknown EMS Scene Arrival Minutes,Unknown,Unknown EMS Hospital Arrival Time,1,Dark - Lighted,Clear,0,2,[],[],0,0,Valid,1.0,0.0,20.0,20.0,['Female'],0,0,3,2,4,Dry,Straight,Level,Lowest,No
30437,47,Tennessee,470694,0,1,1,0,1,NOT APPLICABLE,July,29,Saturday,0,28,Rural,Medium Speed (Collector),No,36.29505,-88.57483056,Non-Intersection,Dark - Not Lighted,Clear,Unknown,Unknown,Unknown EMS Scene Arrival Hour,Unknown EMS Scene Arrival Minutes,Not Applicable (Not Transported),Not Applicable (Not Transported),1,Dark - Unlighted,Clear,1,0,['Driver'],['Shoulder_Lapbelt'],1,1,Valid,1.0,1.0,22.0,22.0,['Male'],0,0,3,4,3,Dry,Straight,Level,Lowest,No
30438,47,Tennessee,470695,0,2,2,0,2,NOT APPLICABLE,July,29,Saturday,0,40,Rural,Medium Speed (Collector),No,36.57226944,-86.06478889,Non-Intersection,Dark - Not Lighted,Clear,0:00am-0:59am,49,0:00am-0:59am,56,4:00am-4:59am,21,1,Dark - Unlighted,Clear,1,1,['Driver'],['None_Used'],1,1,Valid,1.0,1.0,55.0,24.0,"['Male', 'Male']",0,0,3,4,5,Dry,Curve,Level,Lowest,No
30439,47,Tennessee,470696,0,1,1,0,1,MINOR HILL,July,29,Saturday,22,6,Rural,Medium Speed (Collector),No,35.02648056,-87.18191944,Non-Intersection,Dark - Not Lighted,Cloudy,Unknown,Unknown,Unknown EMS Scene Arrival Hour,Unknown EMS Scene Arrival Minutes,Not Applicable (Not Transported),Not Applicable (Not Transported),1,Dark - Unlighted,Reduced Visibility,1,0,['Driver'],['None_Used'],1,1,Valid,2.0,0.0,20.0,20.0,['Male'],0,0,5,4,2,Dry,Curve,Grade/Hillcrest,Lowest,No
30440,47,Tennessee,470697,0,2,2,0,2,ESTILL SPRINGS,July,28,Friday,18,14,Rural,Medium Speed (Collector),No,35.28481111,-86.11511111,Complex/Circle,Dark - Unknown Lighting,Clear,6:00pm-6:59pm,15,6:00pm-6:59pm,18,Not Applicable (Not Transported),Not Applicable (Not Transported),1,Dark - Unlighted,Clear,1,1,['Driver'],['None_Used'],0,0,Invalid,0.0,2.0,48.0,31.0,"['Male', 'Male']",1,0,5,4,5,Dry,Straight,Level,Lowest,No
30441,47,Tennessee,470698,0,1,1,0,1,CLARKSVILLE,July,25,Tuesday,23,8,Urban,High Speed (Arterial),Yes,36.57643056,-87.44553056,Non-Intersection,Dark - Lighted,Clear,11:00pm-11:59pm,6,11:00pm-11:59pm,25,0:00am-0:59am,4,1,Dark - Lighted,Clear,1,0,['Driver'],['None_Used'],0,0,Valid,0.0,0.0,51.0,51.0,['Male'],0,0,5,4,2,Dry,Curve,Level,Lowest,No
30442,47,Tennessee,470699,3,2,1,1,1,PIONEER,July,23,Sunday,19,2,Rural,High Speed (Arterial),Yes,36.47223889,-84.22946111,Non-Intersection,Daylight,Clear,7:00pm-7:59pm,8,7:00pm-7:59pm,12,Unknown,Unknown EMS Hospital Arrival Time,2,Daylight,Clear,0,1,[],[],0,0,Valid,0.0,0.0,33.0,33.0,['Male'],0,0,4,4,4,Dry,Straight,Level,Lowest,No
30443,47,Tennessee,470700,0,4,4,0,4,MEMPHIS,July,29,Saturday,21,46,Urban,High Speed (Arterial),Yes,35.024975,-90.00285,Non-Intersection,Dark - Lighted,Clear,9:00pm-9:59pm,49,10:00pm-10:59pm,2,10:00pm-10:59pm,26,1,Dark - Lighted,Clear,1,1,['Driver'],['Shoulder_Lapbelt'],0,0,Valid,0.0,0.0,56.0,27.0,"['Female', 'Male', 'Male', 'Male']",0,0,3,4,5,Dry,Straight,Level,Lowest,No
30444,47,Tennessee,470701,1,2,1,1,2,NASHVILLE,July,30,Sunday,2,16,Urban,High Speed (Arterial),Yes,36.213,-86.77565,Non-Intersection,Dark - Lighted,Clear,2:00am-2:59am,16,2:00am-2:59am,27,2:00am-2:59am,51,1,Dark - Lighted,Clear,1,1,['Front_Passenger'],['None_Used'],0,0,Valid,0.0,0.0,19.0,19.0,['Male'],0,0,2,4,5,Dry,Straight,Level,Medium,No
30445,47,Tennessee,470702,1,1,1,0,1,NASHVILLE,July,30,Sunday,3,17,Urban,High Speed (Arterial),Yes,36.26541111,-86.75696944,Non-Intersection,Dark - Lighted,Clear,3:00am-3:59am,24,3:00am-3:59am,42,Unknown,Unknown EMS Hospital Arrival Time,1,Dark - Lighted,Clear,0,0,[],[],0,0,Invalid,0.0,0.0,999.0,999.0,['Other'],0,0,1,0,4,Dry,Straight,Level,Lowest,No
30446,47,Tennessee,470703,0,2,2,0,5,NASHVILLE,July,30,Sunday,9,36,Urban,High Speed (Arterial),Yes,36.11388056,-86.69136944,Non-Intersection,Daylight,Clear,9:00am-9:59am,37,9:00am-9:59am,42,10:00am-10:59am,1,1,Daylight,Clear,1,4,['Driver'],['None_Used'],0,0,Valid,0.0,0.0,54.0,26.0,"['Female', 'Male']",0,0,5,4,5,Dry,Straight,Level,Lowest,No
30447,47,Tennessee,470704,1,1,1,0,2,CHATTANOOGA,July,30,Sunday,21,20,Urban,High Speed (Arterial),Yes,35.00657222,-85.21329722,Non-Intersection,Dark - Lighted,Clear,9:00pm-9:59pm,26,9:00pm-9:59pm,40,Not Applicable (Not Transported),Not Applicable (Not Transported),1,Dark - Lighted,Clear,0,2,[],[],0,0,Valid,3.0,0.0,21.0,21.0,['Male'],0,0,3,3,4,Dry,Straight,Level,Lowest,No
30448,47,Tennessee,470705,0,2,2,0,2,CLARKSVILLE,July,31,Monday,5,50,Urban,Medium Speed (Collector),No,36.52701111,-87.20453889,Non-Intersection,Dawn,Clear,Unknown,Unknown,Unknown EMS Scene Arrival Hour,Unknown EMS Scene Arrival Minutes,Unknown,Unknown EMS Hospital Arrival Time,1,Twilight,Clear,1,1,['Driver'],['Shoulder_Lapbelt'],0,0,Valid,0.0,0.0,43.0,30.0,"['Male', 'Male']",0,0,3,4,5,Dry,Curve,Grade/Hillcrest,Lowest,No
30449,47,Tennessee,470706,0,1,1,0,2,KNOXVILLE,July,31,Monday,14,4,Urban,High Speed (Arterial),Yes,35.96478889,-83.93377778,Non-Intersection,Daylight,Clear,1:00pm-1:59pm,11,1:00pm-1:59pm,15,1:00pm-1:59pm,37,1,Daylight,Clear,1,1,['Driver'],['None_Used'],0,0,Valid,0.0,0.0,38.0,38.0,['Male'],0,0,3,4,3,Dry,Straight,Grade/Hillcrest,Lowest,No
30450,47,Tennessee,470707,0,2,2,0,2,CROSSVILLE,July,27,Thursday,3,45,Rural,Medium Speed (Collector),No,35.83695,-85.13301111,Non-Intersection,Dark - Not Lighted,Clear,3:00am-3:59am,45,3:00am-3:59am,59,4:00am-4:59am,59,2,Dark - Unlighted,Clear,2,0,"['Driver', 'Driver']","['None_Used', 'None_Used']",0,0,Valid,0.0,0.0,52.0,51.0,"['Male', 'Male']",0,0,3,4,5,Dry,Curve,Grade/Hillcrest,Lowest,No
30451,47,Tennessee,470708,1,1,1,0,1,MEMPHIS,August,1,Tuesday,21,39,Urban,High Speed (Arterial),Yes,35.14874722,-89.91826944,Non-Intersection,Dark - Lighted,Clear,Unknown,Unknown,Unknown EMS Scene Arrival Hour,Unknown EMS Scene Arrival Minutes,Unknown,Unknown EMS Hospital Arrival Time,1,Dark - Lighted,Clear,0,1,[],[],0,0,Valid,0.0,2.0,33.0,33.0,['Male'],0,0,3,4,4,Dry,Straight,Level,Lowest,No
30452,47,Tennessee,470709,4,3,1,2,1,SELMER,August,1,Tuesday,10,14,Rural,High Speed (Arterial),Yes,35.17033056,-88.55076944,Non-Intersection,Daylight,Clear,Unknown,Unknown,Unknown EMS Scene Arrival Hour,Unknown EMS Scene Arrival Minutes,Unknown,Unknown EMS Hospital Arrival Time,1,Daylight,Clear,0,1,[],[],0,0,Valid,2.0,0.0,57.0,57.0,['Male'],0,0,4,4,2,Dry,Straight,Level,Medium,No
30453,47,Tennessee,470710,0,1,1,0,1,NASHVILLE,July,25,Tuesday,22,25,Rural,Medium Speed (Collector),No,36.23341944,-86.86848889,Non-Intersection,Dark - Not Lighted,Clear,10:00pm-10:59pm,22,10:00pm-10:59pm,26,Not Applicable (Not Transported),Not Applicable (Not Transported),1,Dark - Unlighted,Clear,1,0,['Driver'],['Shoulder_Lapbelt'],1,1,Valid,0.0,0.0,49.0,49.0,['Male'],0,0,3,4,2,Dry,Curve,Level,Lowest,No
30454,47,Tennessee,470712,0,1,1,0,1,MEMPHIS,August,2,Wednesday,20,33,Urban,Low Speed (Local),No,35.12085278,-89.98053889,Non-Intersection,Dark - Lighted,Clear,8:00pm-8:59pm,35,8:00pm-8:59pm,40,8:00pm-8:59pm,52,1,Dark - Lighted,Clear,1,0,['Driver'],['None_Used'],1,1,Valid,1.0,0.0,65.0,65.0,['Male'],0,0,5,2,3,Dry,Straight,Level,Lowest,No
30455,47,Tennessee,470713,0,1,1,0,1,NOT APPLICABLE,August,1,Tuesday,21,17,Rural,Medium Speed (Collector),No,35.79028889,-89.46926111,Non-Intersection,Dark - Not Lighted,Clear,Unknown,Unknown,Unknown EMS Scene Arrival Hour,Unknown EMS Scene Arrival Minutes,Unknown,Unknown EMS Hospital Arrival Time,1,Dark - Unlighted,Clear,1,0,['Driver'],['None_Used'],1,1,Valid,1.0,0.0,61.0,61.0,['Male'],0,0,3,4,3,Dry,Curve,Grade/Hillcrest,Lowest,No
30456,47,Tennessee,470714,0,3,3,0,8,GATLINBURG,July,19,Wednesday,22,30,Rural,High Speed (Arterial),Yes,35.72261944,-83.50996111,Non-Intersection,Dark - Lighted,Clear,9:00pm-9:59pm,35,10:00pm-10:59pm,8,10:00pm-10:59pm,28,1,Dark - Lighted,Clear,1,7,['Front_Passenger'],['Shoulder_Lapbelt'],0,0,Valid,1.0,1.0,50.0,19.0,"['Male', 'Male', 'Male']",0,0,3,4,5,Dry,Straight,Level,Lowest,No
30457,47,Tennessee,470715,0,2,2,0,2,DAYTON,July,25,Tuesday,17,8,Urban,Low Speed (Local),No,35.47736111,-85.027,Non-Intersection,Daylight,Clear,5:00pm-5:59pm,9,5:00pm-5:59pm,18,5:00pm-5:59pm,46,1,Daylight,Clear,1,1,['Driver'],['None_Used'],0,0,Valid,1.0,1.0,74.0,27.0,"['Male', 'Male']",1,0,5,4,5,Dry,Straight,Level,Lowest,No
30458,47,Tennessee,470716,0,2,2,0,3,JASPER,July,26,Wednesday,15,32,Urban,Medium Speed (Collector),No,35.0945,-85.63201944,Non-Intersection,Daylight,Clear,3:00pm-3:59pm,36,3:00pm-3:59pm,45,4:00pm-4:59pm,19,1,Daylight,Clear,1,2,['Front_Passenger'],['Shoulder_Lapbelt'],0,0,Valid,0.0,0.0,49.0,27.0,"['Male', 'Female']",0,0,4,4,5,Dry,Straight,Level,Lowest,Yes
30459,47,Tennessee,470718,0,1,1,0,4,NOT APPLICABLE,July,30,Sunday,0,34,Rural,High Speed (Arterial),Yes,35.30083056,-89.08871944,Non-Intersection,Dark - Not Lighted,Cloudy,0:00am-0:59am,26,0:00am-0:59am,26,1:00am-1:59am,3,1,Dark - Unlighted,Reduced Visibility,1,3,['Front_Passenger'],['None_Used'],0,0,Valid,0.0,0.0,19.0,19.0,['Male'],4,0,2,4,3,Dry,Curve,Level,Lowest,No
30460,47,Tennessee,470719,0,1,1,0,2,SHELBYVILLE,August,1,Tuesday,12,58,Urban,Low Speed (Local),No,35.56675,-86.4545,Non-Intersection,Daylight,Clear,1:00pm-1:59pm,2,1:00pm-1:59pm,10,1:00pm-1:59pm,19,1,Daylight,Clear,1,1,['Driver'],['None_Used'],0,0,Valid,2.0,0.0,75.0,75.0,['Male'],0,0,5,4,2,Dry,Straight,Level,Lowest,No
30461,47,Tennessee,470720,0,3,3,0,7,MEMPHIS,August,3,Thursday,0,51,Urban,Medium Speed (Collector),No,35.11588333,-89.98071111,Non-Intersection,Dark - Lighted,Clear,0:00am-0:59am,53,0:00am-0:59am,59,1:00am-1:59am,16,3,Dark - Lighted,Clear,3,1,"['Driver', 'Front_Passenger', 'Driver']","['Shoulder_Lapbelt', 'Shoulder_Lapbelt', 'Shoulder_Lapbelt']",1,2,Invalid,0.0,0.0,998.0,54.0,"['Other', 'Male', 'Male']",0,0,2,4,5,Dry,Straight,Level,Lowest,No
30462,47,Tennessee,470721,0,2,2,0,3,ROCKFORD,August,3,Thursday,19,27,Urban,Medium Speed (Collector),No,35.83981111,-83.94135,Non-Intersection,Daylight,Rain,7:00pm-7:59pm,21,7:00pm-7:59pm,30,7:00pm-7:59pm,56,2,Daylight,Rain/Wind/Minor,2,1,"['Driver', 'Driver']","['Shoulder_Lapbelt', 'Shoulder_Lapbelt']",0,0,Valid,1.0,0.0,83.0,49.0,"['Female', 'Male']",0,0,3,4,5,Wet/Standing Water,Straight,Level,Lowest,No
30463,47,Tennessee,470722,0,2,2,0,2,CLARKSVILLE,August,4,Friday,18,27,Urban,High Speed (Arterial),Yes,36.57903333,-87.40876111,Complex/Circle,Daylight,Clear,6:00pm-6:59pm,31,6:00pm-6:59pm,35,7:00pm-7:59pm,1,1,Daylight,Clear,1,1,['Driver'],['None_Used'],0,0,Valid,0.0,0.0,26.0,21.0,"['Male', 'Female']",1,0,5,4,5,Dry,Straight,Level,Lowest,No
30464,47,Tennessee,470724,0,2,2,0,2,KNOXVILLE,August,5,Saturday,12,51,Urban,High Speed (Arterial),Yes,35.98888889,-83.95048889,Non-Intersection,Daylight,Clear,Unknown,Unknown,Unknown EMS Scene Arrival Hour,Unknown EMS Scene Arrival Minutes,Unknown,Unknown EMS Hospital Arrival Time,1,Daylight,Clear,1,1,['Driver'],['None_Used'],0,0,Valid,1.0,1.0,46.0,19.0,"['Male', 'Male']",0,0,3,4,5,Dry,Straight,Level,Lowest,No
30465,47,Tennessee,470725,0,1,1,0,1,NASHVILLE,May,5,Friday,15,57,Urban,Low Speed (Local),No,36.02313889,-86.75593056,Non-Intersection,Daylight,Cloudy,3:00pm-3:59pm,57,4:00pm-4:59pm,4,4:00pm-4:59pm,35,1,Daylight,Reduced Visibility,1,0,['Driver'],['Shoulder_Lapbelt'],0,0,Valid,1.0,0.0,72.0,72.0,['Male'],0,0,2,4,3,Dry,Straight,Grade/Hillcrest,Lowest,No
30466,47,Tennessee,470726,0,2,2,0,2,BROWNSVILLE,August,1,Tuesday,21,4,Urban,High Speed (Arterial),Yes,35.59256111,-89.28796111,Non-Intersection,Dark - Not Lighted,Clear,9:00pm-9:59pm,5,9:00pm-9:59pm,14,9:00pm-9:59pm,37,1,Dark - Unlighted,Clear,1,1,['Driver'],['None_Used'],1,2,Valid,1.0,5.0,66.0,31.0,"['Male', 'Male']",0,0,3,4,5,Dry,Straight,Level,Lowest,No
30467,47,Tennessee,470727,1,1,1,0,1,NOT APPLICABLE,August,6,Sunday,14,39,Urban,Medium Speed (Collector),No,35.71883889,-83.95626944,Simple Junction,Daylight,Clear,2:00pm-2:59pm,40,2:00pm-2:59pm,45,3:00pm-3:59pm,15,1,Daylight,Clear,0,1,[],[],0,0,Valid,0.0,0.0,21.0,21.0,['Female'],0,0,3,4,4,Dry,Straight,Level,Lowest,No
30468,47,Tennessee,470728,2,3,3,0,2,NOT APPLICABLE,June,3,Saturday,21,6,Rural,Medium Speed (Collector),No,35.29913333,-89.80426389,Non-Intersection,Dark - Not Lighted,Clear,9:00pm-9:59pm,6,9:00pm-9:59pm,9,9:00pm-9:59pm,13,1,Dark - Unlighted,Clear,0,2,[],[],0,0,Valid,0.0,0.0,34.0,34.0,['Female'],0,0,3,4,5,Dry,Straight,Grade/Hillcrest,Lowest,No
30469,47,Tennessee,470729,1,1,1,0,1,PIONEER,August,2,Wednesday,4,15,Urban,High Speed (Arterial),Yes,36.3643,-84.23168056,Non-Intersection,Dark - Not Lighted,Clear,7:00am-7:59am,30,7:00am-7:59am,54,8:00am-8:59am,33,1,Dark - Unlighted,Clear,0,1,[],[],0,0,Valid,0.0,0.0,49.0,49.0,['Male'],0,0,4,3,4,Dry,Straight,Level,Lowest,No
30470,47,Tennessee,470730,0,2,2,0,4,KNOXVILLE,August,7,Monday,1,51,Urban,High Speed (Arterial),Yes,35.94,-84.0059,Non-Intersection,Dark - Lighted,Clear,0:00am-0:59am,51,0:00am-0:59am,57,1:00am-1:59am,25,1,Dark - Lighted,Clear,1,3,['Front_Passenger'],['None_Used'],1,1,Invalid,0.0,1.0,40.0,36.0,"['Male', 'Male']",0,0,3,4,5,Dry,Straight,Level,Lowest,No
30471,47,Tennessee,470732,0,2,2,0,2,NOT APPLICABLE,July,27,Thursday,5,18,Urban,High Speed (Arterial),No,36.02688889,-84.08371111,Non-Intersection,Dark - Not Lighted,Clear,Unknown,Unknown,Unknown EMS Scene Arrival Hour,Unknown EMS Scene Arrival Minutes,Not Applicable (Not Transported),Not Applicable (Not Transported),1,Dark - Unlighted,Clear,1,1,['Driver'],['None_Used'],1,1,Valid,0.0,0.0,44.0,27.0,"['Female', 'Male']",0,0,5,4,5,Dry,Curve,Grade/Hillcrest,Lowest,No
30472,47,Tennessee,470733,0,2,2,0,2,NOT APPLICABLE,July,27,Thursday,0,6,Rural,High Speed (Arterial),No,35.42885,-89.49801944,Non-Intersection,Dark - Not Lighted,Clear,0:00am-0:59am,1,0:00am-0:59am,18,1:00am-1:59am,0,1,Dark - Unlighted,Clear,1,1,['Driver'],['None_Used'],1,1,Valid,4.0,3.0,60.0,21.0,"['Male', 'Female']",0,0,2,4,5,Dry,Straight,Level,Lowest,No
30473,47,Tennessee,470734,3,2,1,1,1,CLARKSVILLE,August,2,Wednesday,22,24,Urban,High Speed (Arterial),Yes,36.58641667,-87.39526389,Complex/Circle,Dark - Lighted,Clear,10:00pm-10:59pm,40,10:00pm-10:59pm,48,Unknown,Unknown EMS Hospital Arrival Time,1,Dark - Lighted,Clear,0,1,[],[],0,0,Valid,0.0,0.0,21.0,21.0,['Female'],0,0,2,4,4,Dry,Straight,Level,Lowest,No
30474,47,Tennessee,470735,0,2,2,0,2,NOT APPLICABLE,July,27,Thursday,22,50,Rural,Medium Speed (Collector),No,36.02861944,-87.44271111,Non-Intersection,Dark - Not Lighted,Clear,Unknown,Unknown,Unknown EMS Scene Arrival Hour,Unknown EMS Scene Arrival Minutes,Not Applicable (Not Transported),Not Applicable (Not Transported),1,Dark - Unlighted,Clear,1,1,['Driver'],['None_Used'],0,0,Valid,1.0,0.0,20.0,17.0,"['Male', 'Male']",0,0,5,4,5,Dry,Curve,Grade/Hillcrest,Lowest,No
30475,47,Tennessee,470736,0,3,3,0,6,ANTIOCH,July,31,Monday,14,55,Urban,High Speed (Arterial),Yes,36.05268056,-86.61701944,Non-Intersection,Daylight,Clear,2:00pm-2:59pm,56,3:00pm-3:59pm,8,3:00pm-3:59pm,37,1,Daylight,Clear,1,5,['Front_Passenger'],['None_Used'],0,0,Invalid,2.0,2.0,43.0,21.0,"['Male', 'Female', 'Male']",0,0,2,4,5,Dry,Straight,Level,Lowest,No
30476,47,Tennessee,470737,0,1,1,0,1,NOT APPLICABLE,August,4,Friday,11,45,Rural,Medium Speed (Collector),No,36.19533056,-88.76001944,Non-Intersection,Daylight,Rain,Unknown,Unknown,Unknown EMS Scene Arrival Hour,Unknown EMS Scene Arrival Minutes,Not Applicable (Not Transported),Not Applicable (Not Transported),1,Daylight,Rain/Wind/Minor,1,0,['Driver'],['Shoulder_Lapbelt'],0,0,Valid,0.0,1.0,47.0,47.0,['Male'],0,0,3,4,3,Wet/Standing Water,Straight,Grade/Hillcrest,Lowest,No
30477,47,Tennessee,470739,0,2,2,0,2,NASHVILLE,August,5,Saturday,20,57,Urban,High Speed (Arterial),Yes,36.0559,-86.85591111,Non-Intersection,Dark - Not Lighted,Clear,8:00pm-8:59pm,58,9:00pm-9:59pm,11,9:00pm-9:59pm,46,1,Dark - Unlighted,Clear,1,1,['Driver'],['None_Used'],1,1,Valid,1.0,0.0,64.0,34.0,"['Male', 'Female']",0,0,3,4,5,Dry,Straight,Level,Lowest,Yes
30478,47,Tennessee,470740,0,1,1,0,2,NOT APPLICABLE,August,3,Thursday,1,10,Rural,High Speed (Arterial),Yes,36.06153056,-85.18391111,Non-Intersection,Dark - Not Lighted,Clear,1:00am-1:59am,18,1:00am-1:59am,28,2:00am-2:59am,21,1,Dark - Unlighted,Clear,1,1,['Front_Passenger'],['Shoulder_Lapbelt'],0,0,Valid,0.0,0.0,42.0,42.0,['Female'],0,0,3,4,3,Dry,Straight,Level,Lowest,No
30479,47,Tennessee,470741,0,1,1,0,1,NOT APPLICABLE,August,3,Thursday,11,53,Rural,Low Speed (Local),No,36.42738889,-83.49958889,Non-Intersection,Daylight,Rain,Unknown,Unknown,Unknown EMS Scene Arrival Hour,Unknown EMS Scene Arrival Minutes,Unknown,Unknown EMS Hospital Arrival Time,1,Daylight,Rain/Wind/Minor,1,0,['Driver'],['None_Used'],0,0,Valid,0.0,0.0,81.0,81.0,['Male'],0,0,3,4,3,Loose/Unpaved,Straight,Grade/Hillcrest,Lowest,No
30480,47,Tennessee,470742,0,2,2,0,4,HERMITAGE,August,9,Wednesday,13,53,Urban,Low Speed (Local),No,36.15901944,-86.56925,Complex/Circle,Daylight,Cloudy,Unknown,Unknown,Unknown EMS Scene Arrival Hour,Unknown EMS Scene Arrival Minutes,Not Applicable (Not Transported),Not Applicable (Not Transported),1,Daylight,Reduced Visibility,1,3,['Driver'],['None_Used'],1,1,Invalid,0.0,0.0,54.0,44.0,"['Male', 'Male']",0,0,5,4,5,Dry,Straight,Grade/Hillcrest,Lowest,No
30481,47,Tennessee,470744,0,1,1,0,1,NOT APPLICABLE,August,6,Sunday,14,38,Rural,Low Speed (Local),No,36.35575,-81.93421111,Non-Intersection,Daylight,Rain,2:00pm-2:59pm,32,2:00pm-2:59pm,47,3:00pm-3:59pm,57,1,Daylight,Rain/Wind/Minor,1,0,['Driver'],['None_Used'],0,0,Valid,0.0,0.0,82.0,82.0,['Male'],0,0,5,3,2,Wet/Standing Water,Curve,Grade/Hillcrest,Lowest,No
30482,47,Tennessee,470745,0,2,2,0,2,NOT APPLICABLE,July,12,Wednesday,17,30,Urban,Medium Speed (Collector),No,36.17753056,-82.74457222,Complex/Circle,Daylight,Clear,6:00pm-6:59pm,5,6:00pm-6:59pm,18,6:00pm-6:59pm,37,1,Daylight,Clear,1,1,['Driver'],['Shoulder_Lapbelt'],0,0,Valid,0.0,1.0,82.0,20.0,"['Male', 'Male']",0,0,3,4,5,Dry,Straight,Grade/Hillcrest,Lowest,No
30483,47,Tennessee,470746,0,1,1,0,2,CEDAR HILL,August,1,Tuesday,12,38,Rural,Low Speed (Local),No,36.52636111,-86.94603056,Non-Intersection,Daylight,Clear,12:00pm-12:59pm,26,12:00pm-12:59pm,53,1:00pm-1:59pm,19,1,Daylight,Clear,1,1,['Driver'],['Shoulder_Lapbelt'],0,0,Invalid,0.0,0.0,17.0,17.0,['Male'],0,0,3,4,4,Dry,Straight,Level,Lowest,No
30484,47,Tennessee,470747,0,2,2,0,2,NOT APPLICABLE,August,6,Sunday,21,39,Urban,High Speed (Arterial),Yes,35.86498056,-86.51433056,Non-Intersection,Dark - Not Lighted,Clear,Unknown,Unknown,Unknown EMS Scene Arrival Hour,Unknown EMS Scene Arrival Minutes,Not Applicable (Not Transported),Not Applicable (Not Transported),1,Dark - Unlighted,Clear,1,1,['Driver'],['Shoulder_Lapbelt'],0,0,Invalid,1.0,1.0,29.0,22.0,"['Female', 'Male']",0,0,4,4,5,Dry,Straight,Level,Lowest,No
30485,47,Tennessee,470748,0,2,2,0,2,CHATTANOOGA,August,11,Friday,21,26,Urban,Medium Speed (Collector),No,35.06428889,-85.31191667,Simple Junction,Dark - Lighted,Clear,9:00pm-9:59pm,26,9:00pm-9:59pm,29,9:00pm-9:59pm,50,1,Dark - Lighted,Clear,1,1,['Driver'],['None_Used'],1,1,Valid,3.0,2.0,44.0,27.0,"['Female', 'Male']",0,0,5,4,5,Dry,Straight,Level,Lowest,No
30486,47,Tennessee,470749,0,1,1,0,1,NOT APPLICABLE,August,12,Saturday,99,99,Rural,High Speed (Arterial),Yes,35.47441944,-89.39031111,Non-Intersection,Dark - Not Lighted,Reported as Unknown,Unknown,Unknown,Unknown EMS Scene Arrival Hour,Unknown EMS Scene Arrival Minutes,Not Applicable (Not Transported),Not Applicable (Not Transported),1,Dark - Unlighted,Clear,1,0,['Driver'],['None_Used'],0,0,Valid,1.0,0.0,32.0,32.0,['Male'],0,0,5,4,3,Dry,Straight,Level,Lowest,No
30487,47,Tennessee,470750,0,2,2,0,2,NOT APPLICABLE,July,10,Monday,16,15,Rural,Low Speed (Local),No,35.4761,-86.62471111,Non-Intersection,Daylight,Clear,Unknown,Unknown,Unknown EMS Scene Arrival Hour,Unknown EMS Scene Arrival Minutes,Not Applicable (Not Transported),Not Applicable (Not Transported),1,Daylight,Clear,1,1,['Driver'],['Shoulder_Lapbelt'],0,0,Invalid,1.0,0.0,50.0,31.0,"['Male', 'Male']",0,0,3,4,5,Dry,Straight,Level,Lowest,No