,State_Code,State_Name,Crash_ID,Count_Non_Motorists,Count_Vehicles_Total,Count_Vehicle_Forms,Count_PVH_Involved,Count_Occupants_MV,City_Name,Month_Name,Day_of_Month,Day_of_Week,Crash_Hour,Crash_Minute,Area_Rural_Urban,Road_Functional_Class,On_NHS_Road,Latitude,Longitude,Intersection_Type,Light_Condition,Weather_Condition,Notif_Hour,Notif_Minute,Arrival_Hour,Arrival_Minute,Hospital_Hour,Hospital_Minute,Fatalities_Count,Clean_Light_Condition,Clean_Weather_Condition,Total_Killed,Total_Alive,Fatal_Seats_List,Killed_Restraint_List,Any_Driver_Drinking,Total_Drinking_Drivers,Driver_License_Category,Driver_Max_Prev_Accident_Count,Driver_Max_Prev_Speeding_Count,Max_Driver_Age,Min_Driver_Age,Driver_Sex_List,Total_Exceeding_Limit_Vehicles,Total_Too_Fast_Vehicles,Max_Vehicle_Type_Severity_5,Max_Vehicle_Damage_Rank,Max_Harmful_Event_Severity,Crash_Road_Surface_Condition,Crash_Horizontal_Alignment,Crash_Vertical_Profile,Crash_Impairment_Category,Crash_Vehicle_Defect
30488,47,Tennessee,470751,0,2,2,0,2,DOVER,August,5,Saturday,19,8,Rural,High Speed (Arterial),Yes,36.5313,-87.81195,Non-Intersection,Dusk,Clear,7:00pm-7:59pm,12,7:00pm-7:59pm,14,7:00pm-7:59pm,51,1,Twilight,Clear,1,1,['Driver'],['None_Used'],1,1,Valid,1.0,0.0,67.0,23.0,"['Male', 'Male']",1,0,5,4,3,Dry,Curve,Level,Lowest,No
30489,47,Tennessee,470752,0,1,1,0,1,CLARKSVILLE,August,8,Tuesday,15,22,Rural,Low Speed (Local),No,36.39021111,-87.30731111,Non-Intersection,Daylight,Clear,3:00pm-3:59pm,17,3:00pm-3:59pm,27,4:00pm-4:59pm,14,1,Daylight,Clear,1,0,['Driver'],['None_Used'],1,1,Valid,0.0,0.0,31.0,31.0,['Female'],1,0,3,4,3,Dry,Straight,Grade/Hillcrest,Lowest,No
30490,47,Tennessee,470753,0,2,2,0,2,TAZEWELL,August,10,Thursday,7,13,Rural,High Speed (Arterial),Yes,36.49163889,-83.5911,Non-Intersection,Daylight,Clear,7:00am-7:59am,41,7:00am-7:59am,49,Unknown,Unknown EMS Hospital Arrival Time,1,Daylight,Clear,1,1,['Driver'],['Shoulder_Lapbelt'],0,0,Valid,0.0,1.0,58.0,42.0,"['Female', 'Female']",0,0,3,4,5,Wet/Standing Water,Straight,Grade/Hillcrest,Lowest,No
30491,47,Tennessee,470754,0,6,6,0,9,KINGSTON SPRINGS,August,11,Friday,7,39,Rural,High Speed (Arterial),Yes,36.07673056,-87.11611944,Non-Intersection,Daylight,Clear,7:00am-7:59am,36,7:00am-7:59am,43,8:00am-8:59am,27,1,Daylight,Clear,1,8,['Rear_Seat'],['Lapbelt_Only'],0,0,Valid,3.0,1.0,65.0,27.0,"['Male', 'Male', 'Male', 'Male', 'Male', 'Female']",1,0,4,4,5,Dry,Straight,Grade/Hillcrest,Lowest,No
30492,47,Tennessee,470755,0,2,2,0,2,NOT APPLICABLE,August,11,Friday,15,6,Rural,Medium Speed (Collector),No,35.83411111,-89.09331944,Non-Intersection,Daylight,Clear,Unknown,Unknown,Unknown EMS Scene Arrival Hour,Unknown EMS Scene Arrival Minutes,Not Applicable (Not Transported),Not Applicable (Not Transported),1,Daylight,Clear,1,1,['Driver'],['Shoulder_Lapbelt'],0,0,Valid,0.0,0.0,62.0,46.0,"['Male', 'Female']",0,0,3,4,5,Dry,Straight,Level,Lowest,No
30493,47,Tennessee,470756,0,1,1,0,1,NOT APPLICABLE,August,12,Saturday,99,99,Rural,Low Speed (Local),No,36.32411111,-85.45446111,Non-Intersection,Dark - Not Lighted,Clear,11:00pm-11:59pm,59,0:00am-0:59am,15,1:00am-1:59am,0,1,Dark - Unlighted,Clear,1,0,['Driver'],['None_Used'],0,0,Valid,0.0,0.0,77.0,77.0,['Male'],0,0,3,4,3,Dry,Straight,Level,Lowest,No
30494,47,Tennessee,470757,0,2,2,0,3,MURFREESBORO,June,8,Thursday,7,48,Urban,Medium Speed (Collector),No,35.77948889,-86.35063889,Non-Intersection,Daylight,Clear,7:00am-7:59am,50,7:00am-7:59am,58,8:00am-8:59am,6,1,Daylight,Clear,1,2,['Driver'],['Shoulder_Lapbelt'],0,0,Valid,1.0,0.0,23.0,18.0,"['Male', 'Male']",0,0,2,4,5,Dry,Curve,Level,Lowest,No
30495,47,Tennessee,470758,0,2,2,0,2,NOT APPLICABLE,August,11,Friday,8,0,Rural,Medium Speed (Collector),No,35.42193056,-86.53198056,Non-Intersection,Daylight,Clear,7:00am-7:59am,57,8:00am-8:59am,10,9:00am-9:59am,16,1,Daylight,Clear,1,1,['Driver'],['Shoulder_Lapbelt'],0,0,Valid,1.0,0.0,63.0,21.0,"['Female', 'Male']",0,0,2,4,3,Dry,Straight,Grade/Hillcrest,Lowest,No
30496,47,Tennessee,470759,0,2,2,0,3,NOT APPLICABLE,August,4,Friday,14,11,Rural,Medium Speed (Collector),No,36.41953056,-83.23711944,Non-Intersection,Daylight,Clear,2:00pm-2:59pm,12,2:00pm-2:59pm,21,2:00pm-2:59pm,40,1,Daylight,Clear,1,2,['Driver'],['None_Used'],0,0,Valid,0.0,0.0,68.0,47.0,"['Male', 'Male']",0,0,5,4,5,Dry,Straight,Level,Lowest,No
30497,47,Tennessee,470760,0,1,1,0,2,NASHVILLE,June,27,Tuesday,21,59,Urban,Medium Speed (Collector),No,36.25515,-86.74888056,Non-Intersection,Dark - Not Lighted,Clear,4:00am-4:59am,35,4:00am-4:59am,42,4:00am-4:59am,58,1,Dark - Unlighted,Clear,1,1,['Driver'],['None_Used'],0,0,Valid,0.0,0.0,19.0,19.0,['Female'],2,0,2,4,2,Dry,Straight,Level,Lowest,No
30498,47,Tennessee,470761,0,2,2,0,3,NOT APPLICABLE,August,13,Sunday,6,45,Rural,Medium Speed (Collector),No,36.07166111,-84.48965,Non-Intersection,Dawn,Clear,Unknown,Unknown,Unknown EMS Scene Arrival Hour,Unknown EMS Scene Arrival Minutes,Not Applicable (Not Transported),Not Applicable (Not Transported),1,Twilight,Clear,1,2,['Driver'],['Shoulder_Lapbelt'],0,0,Valid,0.0,0.0,39.0,16.0,"['Male', 'Male']",0,0,4,4,5,Dry,Straight,Level,Lowest,No
30499,47,Tennessee,470762,0,1,1,0,1,COLUMBIA,July,29,Saturday,2,23,Urban,High Speed (Arterial),Yes,35.67748056,-86.99988889,Non-Intersection,Dark - Not Lighted,Not Reported,2:00am-2:59am,28,2:00am-2:59am,39,Not Applicable (Not Transported),Not Applicable (Not Transported),1,Dark - Unlighted,Clear,1,0,['Driver'],['Shoulder_Lapbelt'],1,1,Invalid,0.0,0.0,53.0,53.0,['Male'],0,0,2,4,3,Dry,Straight,Level,Lowest,No
30500,47,Tennessee,470763,0,2,2,0,4,NOT APPLICABLE,August,12,Saturday,11,50,Rural,Medium Speed (Collector),No,35.83331944,-89.04401111,Non-Intersection,Daylight,Clear,11:00am-11:59am,53,11:00am-11:59am,56,12:00pm-12:59pm,36,1,Daylight,Clear,1,3,['Driver'],['Shoulder_Lapbelt'],0,0,Valid,0.0,0.0,30.0,16.0,"['Female', 'Female']",0,0,3,4,5,Dry,Straight,Level,Lowest,No
30501,47,Tennessee,470764,0,2,2,0,2,MEMPHIS,August,15,Tuesday,18,10,Urban,High Speed (Arterial),Yes,35.09618333,-90.05578056,Non-Intersection,Daylight,Clear,6:00pm-6:59pm,14,Unknown EMS Scene Arrival Hour,Unknown EMS Scene Arrival Minutes,Unknown,Unknown EMS Hospital Arrival Time,1,Daylight,Clear,1,1,['Driver'],['None_Used'],0,0,Invalid,1.0,0.0,61.0,24.0,"['Female', 'Male']",1,0,5,4,5,Dry,Straight,Level,Lowest,No
30502,47,Tennessee,470765,0,1,1,0,1,AUBURNTOWN,August,5,Saturday,18,58,Rural,Low Speed (Local),No,35.87138056,-86.09316944,Non-Intersection,Daylight,Clear,Unknown,Unknown,Unknown EMS Scene Arrival Hour,Unknown EMS Scene Arrival Minutes,Unknown,Unknown EMS Hospital Arrival Time,1,Daylight,Clear,1,0,['Driver'],['None_Used'],1,1,Valid,0.0,0.0,74.0,74.0,['Male'],0,0,5,4,3,Dry,Straight,Level,Lowest,No
30503,47,Tennessee,470766,0,2,2,0,2,NOT APPLICABLE,August,13,Sunday,12,28,Rural,High Speed (Arterial),Yes,35.88983056,-84.99796111,Non-Intersection,Daylight,Cloudy,12:00pm-12:59pm,33,12:00pm-12:59pm,41,1:00pm-1:59pm,5,1,Daylight,Reduced Visibility,1,1,['Driver'],['Shoulder_Lapbelt'],0,0,Valid,0.0,0.0,90.0,60.0,"['Male', 'Female']",0,0,3,4,5,Dry,Straight,Level,Lowest,No
30504,47,Tennessee,470767,0,1,1,0,1,PELHAM,August,17,Thursday,16,49,Rural,Low Speed (Local),No,35.30446111,-85.84211944,Non-Intersection,Daylight,Clear,4:00pm-4:59pm,24,4:00pm-4:59pm,35,5:00pm-5:59pm,3,1,Daylight,Clear,1,0,['Driver'],['Shoulder_Lapbelt'],0,0,Valid,1.0,0.0,49.0,49.0,['Male'],0,0,3,4,3,Dry,Curve,Level,Lowest,No
30505,47,Tennessee,470768,0,2,2,0,2,NOT APPLICABLE,August,18,Friday,14,40,Rural,High Speed (Arterial),Yes,35.36863889,-88.64185,Simple Junction,Daylight,Clear,2:00pm-2:59pm,40,2:00pm-2:59pm,47,3:00pm-3:59pm,42,1,Daylight,Clear,1,1,['Driver'],['Shoulder_Lapbelt'],0,0,Valid,1.0,2.0,77.0,26.0,"['Female', 'Female']",0,0,3,4,5,Dry,Straight,Level,Lowest,No
30506,47,Tennessee,470769,0,2,2,0,5,CLARKSVILLE,August,18,Friday,23,16,Urban,High Speed (Arterial),Yes,36.56279722,-87.31380278,Complex/Circle,Dark - Unknown Lighting,Clear,Unknown,Unknown,Unknown EMS Scene Arrival Hour,Unknown EMS Scene Arrival Minutes,Unknown,Unknown EMS Hospital Arrival Time,1,Dark - Unlighted,Clear,1,4,['Driver'],['None_Used'],1,1,Valid,0.0,0.0,50.0,19.0,"['Female', 'Male']",0,0,5,4,5,Dry,Straight,Level,Lowest,No
30507,47,Tennessee,470770,0,1,1,0,1,NOT APPLICABLE,August,15,Tuesday,20,45,Rural,Medium Speed (Collector),No,36.23461111,-82.4404,Non-Intersection,Dark - Not Lighted,Clear,8:00pm-8:59pm,40,8:00pm-8:59pm,48,Not Applicable (Not Transported),Not Applicable (Not Transported),1,Dark - Unlighted,Clear,1,0,['Driver'],['None_Used'],1,1,Valid,0.0,0.0,58.0,58.0,['Male'],0,0,5,4,3,Dry,Curve,Level,Lowest,No
30508,47,Tennessee,470771,1,1,1,0,1,MEMPHIS,August,19,Saturday,1,18,Urban,High Speed (Arterial),Yes,35.07086944,-89.90528889,Non-Intersection,Dark - Lighted,Clear,Unknown,Unknown,Unknown EMS Scene Arrival Hour,Unknown EMS Scene Arrival Minutes,Unknown,Unknown EMS Hospital Arrival Time,1,Dark - Lighted,Clear,0,1,[],[],0,0,Valid,2.0,0.0,42.0,42.0,['Male'],0,0,3,4,4,Dry,Straight,Level,Lowest,No
30509,47,Tennessee,470772,0,1,1,0,1,NOT APPLICABLE,August,19,Saturday,15,1,Rural,Medium Speed (Collector),No,36.57121111,-86.12311944,Non-Intersection,Daylight,Clear,Unknown,Unknown,Unknown EMS Scene Arrival Hour,Unknown EMS Scene Arrival Minutes,Not Applicable (Not Transported),Not Applicable (Not Transported),1,Daylight,Clear,1,0,['Driver'],['None_Used'],0,0,Valid,0.0,0.0,70.0,70.0,['Male'],0,0,4,4,3,Dry,Curve,Level,Lowest,No
30510,47,Tennessee,470773,0,2,2,0,3,MEMPHIS,August,19,Saturday,19,41,Urban,Low Speed (Local),No,35.05591667,-89.93111389,Non-Intersection,Dark - Lighted,Clear,7:00pm-7:59pm,46,8:00pm-8:59pm,1,8:00pm-8:59pm,21,2,Dark - Lighted,Clear,2,1,"['Driver', 'Front_Passenger']","['Shoulder_Lapbelt', 'Shoulder_Lapbelt']",0,0,Invalid,1.0,1.0,74.0,23.0,"['Male', 'Male']",0,0,2,4,5,Dry,Straight,Level,Lowest,No
30511,47,Tennessee,470774,0,1,1,0,1,NOT APPLICABLE,August,17,Thursday,22,0,Rural,Low Speed (Local),No,36.10931111,-85.68633056,Non-Intersection,Dark - Lighted,Clear,9:00pm-9:59pm,56,10:00pm-10:59pm,5,10:00pm-10:59pm,52,1,Dark - Lighted,Clear,1,0,['Driver'],['None_Used'],1,1,Valid,1.0,0.0,43.0,43.0,['Male'],0,0,5,4,3,Dry,Straight,Level,Lowest,No
30512,47,Tennessee,470775,1,1,1,0,1,KNOXVILLE,August,21,Monday,99,99,Urban,High Speed (Arterial),Yes,35.97693889,-83.91323056,Non-Intersection,Dark - Lighted,Cloudy,Unknown,Unknown,Unknown EMS Scene Arrival Hour,Unknown EMS Scene Arrival Minutes,Not Applicable (Not Transported),Not Applicable (Not Transported),1,Dark - Lighted,Reduced Visibility,0,0,[],[],0,0,Invalid,0.0,0.0,999.0,999.0,['Other'],0,0,1,0,4,Dry,Straight,Grade/Hillcrest,Lowest,No
30513,47,Tennessee,470776,0,1,1,0,1,NOT APPLICABLE,August,19,Saturday,99,99,Rural,Medium Speed (Collector),No,35.00611111,-88.46085,Non-Intersection,Dark - Not Lighted,Clear,1:00pm-1:59pm,52,2:00pm-2:59pm,9,Not Applicable (Not Transported),Not Applicable (Not Transported),1,Dark - Unlighted,Clear,1,0,['Driver'],['None_Used'],0,0,Valid,0.0,0.0,18.0,18.0,['Male'],0,0,5,4,3,Dry,Straight,Grade/Hillcrest,Lowest,No
30514,47,Tennessee,470777,0,1,1,0,1,LAWRENCEBURG,August,20,Sunday,6,30,Rural,Medium Speed (Collector),No,35.37623889,-87.42033056,Non-Intersection,Daylight,Clear,Unknown,Unknown,Unknown EMS Scene Arrival Hour,Unknown EMS Scene Arrival Minutes,Not Applicable (Not Transported),Not Applicable (Not Transported),1,Daylight,Clear,1,0,['Driver'],['None_Used'],0,0,Valid,1.0,1.0,38.0,38.0,['Male'],0,0,3,4,3,Dry,Straight,Grade/Hillcrest,Lowest,No
30515,47,Tennessee,470778,0,2,2,0,2,KNOXVILLE,August,20,Sunday,11,40,Urban,High Speed (Arterial),Yes,35.95938889,-84.16758056,Non-Intersection,Daylight,Clear,Unknown,Unknown,Unknown EMS Scene Arrival Hour,Unknown EMS Scene Arrival Minutes,Unknown,Unknown EMS Hospital Arrival Time,1,Daylight,Clear,1,1,['Driver'],['None_Used'],0,0,Valid,0.0,0.0,38.0,25.0,"['Male', 'Male']",0,0,5,4,5,Dry,Straight,Level,Lowest,No
30516,47,Tennessee,470779,0,1,1,0,1,CHATTANOOGA,August,20,Sunday,23,31,Urban,High Speed (Arterial),Yes,35.01350833,-85.29481389,Non-Intersection,Dark - Lighted,Clear,11:00pm-11:59pm,21,11:00pm-11:59pm,26,0:00am-0:59am,3,1,Dark - Lighted,Clear,1,0,['Driver'],['Shoulder_Lapbelt'],0,0,Invalid,1.0,0.0,46.0,46.0,['Male'],1,0,2,4,3,Dry,Curve,Level,Lowest,No
30517,47,Tennessee,470780,1,1,1,0,1,KNOXVILLE,August,21,Monday,16,6,Urban,High Speed (Arterial),Yes,35.95078056,-83.95378889,Non-Intersection,Daylight,Clear,3:00pm-3:59pm,19,3:00pm-3:59pm,25,3:00pm-3:59pm,57,1,Daylight,Clear,0,1,[],[],0,0,Valid,0.0,0.0,44.0,44.0,['Male'],0,0,3,4,4,Dry,Straight,Grade/Hillcrest,Lowest,No
30518,47,Tennessee,470781,0,1,1,0,1,COLLINWOOD,August,22,Tuesday,3,0,Rural,Medium Speed (Collector),No,35.18641944,-87.73016944,Non-Intersection,Dark - Unknown Lighting,Not Reported,Unknown,Unknown,Unknown EMS Scene Arrival Hour,Unknown EMS Scene Arrival Minutes,Not Applicable (Not Transported),Not Applicable (Not Transported),1,Dark - Unlighted,Clear,1,0,['Driver'],['None_Used'],1,1,Invalid,0.0,0.0,30.0,30.0,['Female'],0,0,3,4,3,Dry,Curve,Level,Medium,No
30519,47,Tennessee,470782,0,8,8,0,8,MEMPHIS,August,21,Monday,11,6,Urban,Medium Speed (Collector),No,35.16290833,-89.85965,Complex/Circle,Daylight,Clear,11:00am-11:59am,22,11:00am-11:59am,23,11:00am-11:59am,48,1,Daylight,Clear,1,6,['Driver'],['Shoulder_Lapbelt'],0,0,Valid,1.0,1.0,998.0,21.0,"['Male', 'Female', 'Female', 'Female', 'Female', 'Female', 'Male', 'Other']",1,0,2,4,5,Dry,Straight,Grade/Hillcrest,Lowest,No
30520,47,Tennessee,470783,0,2,2,0,3,LIVINGSTON,August,22,Tuesday,14,34,Rural,High Speed (Arterial),Yes,36.39676111,-85.30143889,Simple Junction,Daylight,Clear,2:00pm-2:59pm,39,2:00pm-2:59pm,43,3:00pm-3:59pm,12,1,Daylight,Clear,1,2,['Front_Passenger'],['Shoulder_Lapbelt'],0,0,Valid,1.0,0.0,93.0,47.0,"['Male', 'Female']",0,0,4,4,5,Dry,Straight,Level,Lowest,No
30521,47,Tennessee,470784,0,2,2,0,2,NOT APPLICABLE,August,19,Saturday,13,50,Rural,Medium Speed (Collector),No,36.57871111,-86.06725,Non-Intersection,Daylight,Clear,1:00pm-1:59pm,53,2:00pm-2:59pm,10,2:00pm-2:59pm,37,1,Daylight,Clear,1,1,['Driver'],['Shoulder_Lapbelt'],0,0,Valid,0.0,0.0,73.0,44.0,"['Female', 'Male']",0,0,3,4,5,Dry,Straight,Level,Lowest,Yes
30522,47,Tennessee,470785,1,3,3,0,4,MEMPHIS,August,22,Tuesday,20,15,Urban,Medium Speed (Collector),No,35.09829722,-89.89055,Non-Intersection,Dark - Lighted,Clear,8:00pm-8:59pm,18,8:00pm-8:59pm,25,8:00pm-8:59pm,44,1,Dark - Lighted,Clear,0,4,[],[],0,0,Valid,1.0,0.0,62.0,35.0,"['Female', 'Female', 'Female']",0,0,3,4,4,Dry,Straight,Level,Lowest,No
30523,47,Tennessee,470786,0,1,1,0,1,KNOXVILLE,August,23,Wednesday,17,56,Urban,Low Speed (Local),No,35.90051111,-84.12763889,Non-Intersection,Daylight,Clear,Unknown,Unknown,Unknown EMS Scene Arrival Hour,Unknown EMS Scene Arrival Minutes,Not Applicable (Not Transported),Not Applicable (Not Transported),1,Daylight,Clear,1,0,['Driver'],['None_Used'],0,0,Valid,1.0,0.0,57.0,57.0,['Female'],1,0,2,4,2,Dry,Curve,Level,Lowest,No
30524,47,Tennessee,470787,0,1,1,0,1,NOT APPLICABLE,August,19,Saturday,14,5,Urban,High Speed (Arterial),Yes,35.06532222,-89.63828889,Non-Intersection,Daylight,Clear,Unknown,Unknown,Unknown EMS Scene Arrival Hour,Unknown EMS Scene Arrival Minutes,Not Applicable (Not Transported),Not Applicable (Not Transported),1,Daylight,Clear,1,0,['Driver'],['None_Used'],0,0,Invalid,0.0,0.0,48.0,48.0,['Male'],0,0,4,4,3,Dry,Straight,Level,Lowest,Yes
30525,47,Tennessee,470789,0,2,2,0,2,CLARKSVILLE,August,24,Thursday,20,32,Urban,High Speed (Arterial),Yes,36.56853056,-87.25648056,Non-Intersection,Dusk,Clear,8:00pm-8:59pm,28,8:00pm-8:59pm,32,9:00pm-9:59pm,6,1,Twilight,Clear,1,1,['Driver'],['None_Used'],1,1,Valid,2.0,0.0,52.0,32.0,"['Female', 'Male']",0,0,3,4,5,Dry,Straight,Level,Lowest,No
30526,47,Tennessee,470790,0,2,2,0,2,NASHVILLE,July,15,Saturday,8,38,Urban,High Speed (Arterial),Yes,36.10968889,-86.67146111,Complex/Circle,Daylight,Rain,Unknown,Unknown,Unknown EMS Scene Arrival Hour,Unknown EMS Scene Arrival Minutes,Unknown,Unknown EMS Hospital Arrival Time,1,Daylight,Rain/Wind/Minor,1,1,['Driver'],['Shoulder_Lapbelt'],0,0,Invalid,2.0,1.0,46.0,42.0,"['Male', 'Male']",0,0,4,4,5,Wet/Standing Water,Straight,Level,Lowest,No
30527,47,Tennessee,470791,0,1,1,0,1,NOT APPLICABLE,August,6,Sunday,16,49,Rural,Medium Speed (Collector),No,36.21348889,-82.76756944,Non-Intersection,Daylight,Clear,3:00pm-3:59pm,44,3:00pm-3:59pm,59,4:00pm-4:59pm,18,1,Daylight,Clear,1,0,['Driver'],['None_Used'],0,0,Valid,1.0,0.0,73.0,73.0,['Male'],0,0,2,4,3,Dry,Straight,Level,Lowest,No
30528,47,Tennessee,470792,0,1,1,0,1,NOT APPLICABLE,August,25,Friday,14,22,Rural,Medium Speed (Collector),No,35.56578056,-85.56063056,Non-Intersection,Daylight,Clear,Unknown,Unknown,Unknown EMS Scene Arrival Hour,Unknown EMS Scene Arrival Minutes,Unknown,Unknown EMS Hospital Arrival Time,1,Daylight,Clear,1,0,['Driver'],['Shoulder_Lapbelt'],0,0,Valid,0.0,1.0,29.0,29.0,['Male'],0,0,3,4,3,Dry,Straight,Level,Lowest,No
30529,47,Tennessee,470793,0,1,1,0,1,NOT APPLICABLE,August,21,Monday,15,9,Rural,Low Speed (Local),No,36.25261667,-82.49141944,Non-Intersection,Daylight,Clear,1:00pm-1:59pm,49,2:00pm-2:59pm,6,2:00pm-2:59pm,31,1,Daylight,Clear,1,0,['Driver'],['None_Used'],0,0,Valid,0.0,0.0,46.0,46.0,['Male'],0,0,5,4,2,Dry,Curve,Level,Lowest,No
30530,47,Tennessee,470794,0,3,3,0,3,NOT APPLICABLE,August,25,Friday,21,3,Urban,High Speed (Arterial),Yes,36.02356111,-87.29038889,Non-Intersection,Dark - Not Lighted,Clear,Unknown,Unknown,Unknown EMS Scene Arrival Hour,Unknown EMS Scene Arrival Minutes,Unknown,Unknown EMS Hospital Arrival Time,1,Dark - Unlighted,Clear,1,2,['Driver'],['Shoulder_Lapbelt'],0,0,Valid,1.0,1.0,50.0,23.0,"['Male', 'Male', 'Male']",0,0,3,4,5,Dry,Straight,Level,Lowest,No
30531,47,Tennessee,470795,0,3,3,0,3,CLARKRANGE,August,26,Saturday,13,0,Rural,High Speed (Arterial),Yes,36.20336111,-85.01921944,Non-Intersection,Daylight,Clear,Unknown,Unknown,Unknown EMS Scene Arrival Hour,Unknown EMS Scene Arrival Minutes,Unknown,Unknown EMS Hospital Arrival Time,1,Daylight,Clear,1,2,['Driver'],['None_Used'],0,0,Valid,0.0,0.0,49.0,20.0,"['Female', 'Male', 'Female']",0,0,5,4,5,Dry,Straight,Level,Lowest,No
30532,47,Tennessee,470796,1,1,1,0,1,MEMPHIS,August,26,Saturday,20,48,Urban,Medium Speed (Collector),No,35.04697778,-89.95463611,Simple Junction,Dark - Lighted,Clear,8:00pm-8:59pm,53,9:00pm-9:59pm,0,Not Applicable (Not Transported),Not Applicable (Not Transported),1,Dark - Lighted,Clear,0,1,[],[],0,0,Valid,0.0,0.0,39.0,39.0,['Male'],0,0,2,4,4,Dry,Curve,Level,Lowest,No
30533,47,Tennessee,470797,0,1,1,0,1,NASHVILLE,August,17,Thursday,15,28,Urban,High Speed (Arterial),Yes,36.16096111,-86.70205,Non-Intersection,Daylight,Clear,3:00pm-3:59pm,34,3:00pm-3:59pm,39,3:00pm-3:59pm,49,1,Daylight,Clear,1,0,['Driver'],['None_Used'],1,1,Valid,0.0,0.0,40.0,40.0,['Male'],1,0,5,4,3,Dry,Curve,Grade/Hillcrest,Lowest,No
30534,47,Tennessee,470799,0,2,2,0,2,NASHVILLE,August,27,Sunday,2,48,Urban,High Speed (Arterial),Yes,36.23608056,-86.76261111,Non-Intersection,Dark - Lighted,Clear,2:00am-2:59am,48,2:00am-2:59am,59,3:00am-3:59am,8,1,Dark - Lighted,Clear,1,1,['Driver'],['Shoulder_Lapbelt'],1,1,Valid,2.0,0.0,26.0,24.0,"['Female', 'Female']",0,0,3,4,5,Dry,Curve,Level,Lowest,Yes
30535,47,Tennessee,470800,0,1,1,0,1,ANTIOCH,August,27,Sunday,3,51,Urban,Medium Speed (Collector),No,36.05431944,-86.67265,Non-Intersection,Dark - Lighted,Clear,3:00am-3:59am,50,4:00am-4:59am,10,Not Applicable (Not Transported),Not Applicable (Not Transported),1,Dark - Lighted,Clear,1,0,['Driver'],['None_Used'],1,1,Invalid,0.0,0.0,30.0,30.0,['Male'],0,0,2,4,3,Dry,Straight,Level,Lowest,No
30536,47,Tennessee,470801,0,1,1,0,1,NOT APPLICABLE,August,27,Sunday,17,7,Rural,Medium Speed (Collector),No,36.0544,-83.7042,Simple Junction,Daylight,Cloudy,4:00pm-4:59pm,4,4:00pm-4:59pm,21,4:00pm-4:59pm,47,1,Daylight,Reduced Visibility,1,0,['Driver'],['None_Used'],1,1,Valid,1.0,2.0,58.0,58.0,['Male'],1,0,5,0,1,Dry,Curve,Grade/Hillcrest,Lowest,No
30537,47,Tennessee,470802,0,2,2,0,2,HARRIMAN,August,17,Thursday,17,27,Urban,Medium Speed (Collector),No,35.89015,-84.54935,Complex/Circle,Daylight,Clear,5:00pm-5:59pm,30,5:00pm-5:59pm,35,6:00pm-6:59pm,0,1,Daylight,Clear,1,1,['Driver'],['Shoulder_Lapbelt'],0,0,Valid,0.0,0.0,84.0,54.0,"['Male', 'Male']",0,0,3,4,5,Dry,Straight,Level,Lowest,No
30538,47,Tennessee,470803,0,2,2,0,4,HARRIMAN,August,22,Tuesday,12,3,Rural,High Speed (Arterial),Yes,35.96973056,-84.47836111,Non-Intersection,Not Reported,Cloudy,12:00pm-12:59pm,5,12:00pm-12:59pm,11,12:00pm-12:59pm,51,2,Dark - Unlighted,Reduced Visibility,2,1,"['Driver', 'Driver']","['Shoulder_Lapbelt', 'Shoulder_Lapbelt']",0,0,Valid,0.0,3.0,75.0,51.0,"['Female', 'Male']",0,0,3,4,5,Dry,Straight,Grade/Hillcrest,Lowest,No
30539,47,Tennessee,470804,0,1,1,0,1,NOT APPLICABLE,August,22,Tuesday,15,20,Rural,Low Speed (Local),No,35.63198056,-88.52456111,Non-Intersection,Daylight,Clear,3:00pm-3:59pm,20,3:00pm-3:59pm,36,4:00pm-4:59pm,9,1,Daylight,Clear,1,0,['Driver'],['None_Used'],0,0,Valid,0.0,0.0,70.0,70.0,['Male'],0,0,5,4,1,Dry,Straight,Grade/Hillcrest,Lowest,No
30540,47,Tennessee,470805,0,1,1,0,1,NOT APPLICABLE,August,24,Thursday,13,47,Rural,Medium Speed (Collector),No,36.33115,-86.95078889,Non-Intersection,Daylight,Clear,1:00pm-1:59pm,42,1:00pm-1:59pm,55,Not Applicable (Not Transported),Not Applicable (Not Transported),1,Daylight,Clear,1,0,['Driver'],['None_Used'],0,0,Valid,0.0,0.0,21.0,21.0,['Male'],0,0,2,4,3,Dry,Curve,Level,Lowest,No
30541,47,Tennessee,470806,0,1,1,0,1,NOT APPLICABLE,August,27,Sunday,1,5,Rural,Medium Speed (Collector),No,36.42263056,-88.98373056,Non-Intersection,Dark - Not Lighted,Cloudy,1:00am-1:59am,11,1:00am-1:59am,20,Not Applicable (Not Transported),Not Applicable (Not Transported),1,Dark - Unlighted,Reduced Visibility,1,0,['Driver'],['Shoulder_Lapbelt'],1,1,Invalid,0.0,0.0,29.0,29.0,['Male'],0,0,2,4,4,Dry,Straight,Level,Lowest,No
30542,47,Tennessee,470807,0,1,1,0,1,NOT APPLICABLE,August,28,Monday,13,2,Rural,Medium Speed (Collector),No,35.34561944,-89.07321944,Non-Intersection,Daylight,Clear,12:00pm-12:59pm,55,1:00pm-1:59pm,17,1:00pm-1:59pm,45,1,Daylight,Clear,1,0,['Driver'],['Shoulder_Lapbelt'],0,0,Valid,2.0,1.0,72.0,72.0,['Male'],0,0,4,4,3,Dry,Curve,Level,Lowest,No
30543,47,Tennessee,470808,0,1,1,0,1,NOT APPLICABLE,August,28,Monday,14,15,Rural,Medium Speed (Collector),No,35.48295,-88.23183889,Non-Intersection,Daylight,Clear,5:00pm-5:59pm,7,5:00pm-5:59pm,16,Not Applicable (Not Transported),Not Applicable (Not Transported),1,Daylight,Clear,1,0,['Driver'],['None_Used'],1,1,Invalid,0.0,1.0,47.0,47.0,['Male'],0,0,5,3,3,Dry,Straight,Level,Lowest,No