,State_Code,State_Name,Crash_ID,Count_Non_Motorists,Count_Vehicles_Total,Count_Vehicle_Forms,Count_PVH_Involved,Count_Occupants_MV,City_Name,Month_Name,Day_of_Month,Day_of_Week,Crash_Hour,Crash_Minute,Area_Rural_Urban,Road_Functional_Class,On_NHS_Road,Latitude,Longitude,Intersection_Type,Light_Condition,Weather_Condition,Notif_Hour,Notif_Minute,Arrival_Hour,Arrival_Minute,Hospital_Hour,Hospital_Minute,Fatalities_Count,Clean_Light_Condition,Clean_Weather_Condition,Total_Killed,Total_Alive,Fatal_Seats_List,Killed_Restraint_List,Any_Driver_Drinking,Total_Drinking_Drivers,Driver_License_Category,Driver_Max_Prev_Accident_Count,Driver_Max_Prev_Speeding_Count,Max_Driver_Age,Min_Driver_Age,Driver_Sex_List,Total_Exceeding_Limit_Vehicles,Total_Too_Fast_Vehicles,Max_Vehicle_Type_Severity_5,Max_Vehicle_Damage_Rank,Max_Harmful_Event_Severity,Crash_Road_Surface_Condition,Crash_Horizontal_Alignment,Crash_Vertical_Profile,Crash_Impairment_Category,Crash_Vehicle_Defect
30544,47,Tennessee,470809,0,3,3,0,3,NOT APPLICABLE,August,25,Friday,5,40,Rural,High Speed (Arterial),Yes,36.11153889,-89.61101111,Non-Intersection,Dark - Not Lighted,"Fog, Smog, Smoke",5:00am-5:59am,48,6:00am-6:59am,2,6:00am-6:59am,45,1,Dark - Unlighted,Reduced Visibility,1,2,['Driver'],['Shoulder_Lapbelt'],1,1,Valid,1.0,0.0,48.0,23.0,"['Male', 'Male', 'Male']",0,0,3,4,5,Dry,Straight,Grade/Hillcrest,Lowest,No
30545,47,Tennessee,470810,0,2,2,0,2,MEMPHIS,August,30,Wednesday,21,12,Urban,Medium Speed (Collector),No,35.02081111,-90.049575,Complex/Circle,Dark - Lighted,Clear,9:00pm-9:59pm,16,9:00pm-9:59pm,19,9:00pm-9:59pm,43,1,Dark - Lighted,Clear,1,1,['Driver'],['None_Used'],1,1,Invalid,0.0,0.0,43.0,35.0,"['Male', 'Male']",0,0,5,4,5,Dry,Straight,Level,Lowest,No
30546,47,Tennessee,470811,0,2,2,0,2,DUNLAP,August,24,Thursday,15,0,Rural,Medium Speed (Collector),No,35.53423056,-85.49618889,Non-Intersection,Daylight,Clear,3:00pm-3:59pm,18,4:00pm-4:59pm,0,4:00pm-4:59pm,37,1,Daylight,Clear,1,1,['Driver'],['None_Used'],0,0,Valid,0.0,0.0,63.0,29.0,"['Male', 'Female']",0,0,5,4,5,Dry,Straight,Level,Lowest,No
30547,47,Tennessee,470812,0,1,1,0,1,CLEVELAND,August,27,Sunday,21,47,Urban,Low Speed (Local),No,35.19860833,-84.87646389,Simple Junction,Dark - Lighted,Clear,9:00pm-9:59pm,45,9:00pm-9:59pm,48,9:00pm-9:59pm,53,1,Dark - Lighted,Clear,1,0,['Driver'],['None_Used'],0,0,Valid,0.0,0.0,48.0,48.0,['Male'],1,0,5,4,2,Dry,Straight,Level,Lowest,No
30548,47,Tennessee,470813,0,2,2,0,2,CLARKSVILLE,August,28,Monday,20,34,Urban,Medium Speed (Collector),No,36.56080556,-87.28790278,Complex/Circle,Dark - Lighted,Clear,8:00pm-8:59pm,35,8:00pm-8:59pm,39,Unknown,Unknown EMS Hospital Arrival Time,1,Dark - Lighted,Clear,1,1,['Driver'],['None_Used'],0,0,Valid,1.0,0.0,34.0,23.0,"['Female', 'Male']",0,0,5,4,5,Dry,Straight,Level,Lowest,No
30549,47,Tennessee,470814,1,1,1,0,1,MURFREESBORO,August,30,Wednesday,22,40,Urban,High Speed (Arterial),Yes,35.79618056,-86.39898889,Non-Intersection,Dark - Not Lighted,Clear,Unknown,Unknown,Unknown EMS Scene Arrival Hour,Unknown EMS Scene Arrival Minutes,Unknown,Unknown EMS Hospital Arrival Time,1,Dark - Unlighted,Clear,0,1,[],[],0,0,Valid,0.0,0.0,59.0,59.0,['Male'],0,0,3,2,4,Dry,Straight,Level,Lowest,No
30550,47,Tennessee,470815,0,2,2,0,2,NOT APPLICABLE,August,24,Thursday,19,32,Rural,Medium Speed (Collector),No,35.34338889,-84.39406944,Non-Intersection,Daylight,Clear,7:00pm-7:59pm,33,7:00pm-7:59pm,41,7:00pm-7:59pm,46,1,Daylight,Clear,1,1,['Driver'],['None_Used'],1,1,Valid,1.0,0.0,59.0,50.0,"['Male', 'Female']",0,0,5,4,5,Dry,Curve,Level,Lowest,No
30551,47,Tennessee,470816,0,1,1,0,2,CRAB ORCHARD,August,6,Sunday,15,36,Rural,High Speed (Arterial),Yes,35.89591111,-84.84381111,Non-Intersection,Daylight,Clear,3:00pm-3:59pm,44,3:00pm-3:59pm,59,4:00pm-4:59pm,18,1,Daylight,Clear,1,1,['Driver'],['Shoulder_Lapbelt'],0,0,Valid,0.0,0.0,47.0,47.0,['Male'],0,0,3,4,3,Dry,Curve,Grade/Hillcrest,Lowest,Yes
30552,47,Tennessee,470817,0,2,2,0,3,NOT APPLICABLE,August,26,Saturday,9,8,Rural,High Speed (Arterial),Yes,35.22633889,-88.28791944,Simple Junction,Daylight,Clear,9:00am-9:59am,8,9:00am-9:59am,15,9:00am-9:59am,45,1,Daylight,Clear,1,2,['Driver'],['Shoulder_Lapbelt'],0,0,Valid,1.0,4.0,68.0,25.0,"['Male', 'Male']",0,0,3,4,5,Dry,Straight,Level,Lowest,No
30553,47,Tennessee,470818,0,3,3,0,3,LEXINGTON,September,1,Friday,14,20,Urban,High Speed (Arterial),Yes,35.66503889,-88.43683889,Non-Intersection,Daylight,Clear,2:00pm-2:59pm,18,2:00pm-2:59pm,21,2:00pm-2:59pm,37,1,Daylight,Clear,1,2,['Driver'],['Shoulder_Lapbelt'],0,0,Valid,1.0,3.0,78.0,20.0,"['Female', 'Male', 'Female']",0,0,3,4,5,Dry,Straight,Level,Lowest,No
30554,47,Tennessee,470819,0,1,1,0,1,NOT APPLICABLE,September,1,Friday,18,45,Rural,Low Speed (Local),No,36.4928,-85.98946111,Non-Intersection,Dusk,Clear,7:00pm-7:59pm,38,Unknown EMS Scene Arrival Hour,Unknown EMS Scene Arrival Minutes,Unknown,Unknown EMS Hospital Arrival Time,1,Twilight,Clear,1,0,['Driver'],['None_Used'],1,1,Valid,0.0,0.0,39.0,39.0,['Male'],1,0,5,4,2,Dry,Curve,Level,Lowest,No
30555,47,Tennessee,470820,1,1,1,0,1,MEMPHIS,September,3,Sunday,0,22,Urban,High Speed (Arterial),Yes,35.15306944,-89.88861111,Non-Intersection,Dark - Lighted,Clear,Unknown,Unknown,Unknown EMS Scene Arrival Hour,Unknown EMS Scene Arrival Minutes,Not Applicable (Not Transported),Not Applicable (Not Transported),1,Dark - Lighted,Clear,0,0,[],[],0,0,Invalid,0.0,0.0,999.0,999.0,['Other'],0,0,1,0,4,Dry,Straight,Level,Lowest,No
30556,47,Tennessee,470821,0,1,1,0,1,TALLASSEE,August,22,Tuesday,12,48,Urban,High Speed (Arterial),Yes,35.54341944,-84.04211944,Non-Intersection,Daylight,Clear,Unknown,Unknown,Unknown EMS Scene Arrival Hour,Unknown EMS Scene Arrival Minutes,Unknown,Unknown EMS Hospital Arrival Time,1,Daylight,Clear,1,0,['Driver'],['None_Used'],0,0,Valid,0.0,0.0,47.0,47.0,['Female'],0,0,5,3,2,Dry,Curve,Level,Lowest,No
30557,47,Tennessee,470822,1,1,1,0,1,NOT APPLICABLE,August,26,Saturday,5,20,Rural,High Speed (Arterial),Yes,35.67103056,-88.94148889,Non-Intersection,Dark - Not Lighted,Clear,Unknown,Unknown,Unknown EMS Scene Arrival Hour,Unknown EMS Scene Arrival Minutes,Not Applicable (Not Transported),Not Applicable (Not Transported),1,Dark - Unlighted,Clear,0,1,[],[],0,0,Valid,0.0,0.0,34.0,34.0,['Male'],0,0,3,1,4,Dry,Straight,Level,Lowest,No
30558,47,Tennessee,470823,0,2,2,0,3,ROCKY TOP,August,31,Thursday,11,7,Urban,High Speed (Arterial),Yes,36.23101944,-84.15551944,Non-Intersection,Daylight,Cloudy,Unknown,Unknown,Unknown EMS Scene Arrival Hour,Unknown EMS Scene Arrival Minutes,Unknown,Unknown EMS Hospital Arrival Time,2,Daylight,Reduced Visibility,2,1,"['Driver', 'Front_Passenger']","['Shoulder_Lapbelt', 'Shoulder_Lapbelt']",1,1,Valid,1.0,0.0,54.0,25.0,"['Male', 'Female']",0,0,3,4,5,Dry,Straight,Level,Lowest,No
30559,47,Tennessee,470826,0,2,2,0,2,LAWRENCEBURG,September,2,Saturday,10,22,Urban,High Speed (Arterial),Yes,35.25121944,-87.37853889,Non-Intersection,Daylight,Clear,10:00am-10:59am,17,10:00am-10:59am,19,10:00am-10:59am,38,1,Daylight,Clear,1,1,['Driver'],['None_Used'],0,0,Valid,0.0,2.0,61.0,48.0,"['Male', 'Male']",0,0,3,4,5,Dry,Straight,Level,Lowest,No
30560,47,Tennessee,470827,0,1,1,0,1,NOT APPLICABLE,August,31,Thursday,20,0,Rural,Low Speed (Local),No,36.13891944,-88.59015,Non-Intersection,Dark - Not Lighted,Cloudy,7:00pm-7:59pm,56,8:00pm-8:59pm,5,8:00pm-8:59pm,20,1,Dark - Unlighted,Reduced Visibility,1,0,['Driver'],['None_Used'],0,0,Invalid,0.0,2.0,37.0,37.0,['Male'],0,0,5,4,3,Dry,Straight,Level,Lowest,No
30561,47,Tennessee,470828,0,2,2,0,2,CHATTANOOGA,September,1,Friday,13,40,Urban,Medium Speed (Collector),No,35.09911111,-85.05575278,Non-Intersection,Daylight,Clear,1:00pm-1:59pm,47,2:00pm-2:59pm,2,2:00pm-2:59pm,30,1,Daylight,Clear,1,1,['Driver'],['None_Used'],0,0,Valid,2.0,0.0,54.0,16.0,"['Male', 'Male']",0,0,3,4,5,Dry,Straight,Level,Lowest,No
30562,47,Tennessee,470829,0,2,2,0,4,ANTIOCH,September,4,Monday,19,59,Urban,High Speed (Arterial),Yes,36.04701111,-86.68093889,Non-Intersection,Dusk,Clear,8:00pm-8:59pm,6,8:00pm-8:59pm,17,8:00pm-8:59pm,48,1,Twilight,Clear,1,3,['Rear_Seat'],['None_Used'],1,1,Invalid,0.0,0.0,51.0,34.0,"['Male', 'Male']",0,0,2,4,5,Dry,Curve,Level,Lowest,No
30563,47,Tennessee,470830,0,1,1,0,2,SPRINGFIELD,September,1,Friday,22,44,Rural,Medium Speed (Collector),No,36.4975,-86.90858056,Non-Intersection,Dark - Lighted,Clear,10:00pm-10:59pm,35,10:00pm-10:59pm,43,11:00pm-11:59pm,14,1,Dark - Lighted,Clear,1,1,['Front_Passenger'],['None_Used'],0,0,Valid,0.0,0.0,21.0,21.0,['Male'],0,0,2,4,3,Dry,Straight,Level,Lowest,No
30564,47,Tennessee,470831,0,2,2,0,4,NOT APPLICABLE,September,4,Monday,13,55,Rural,Medium Speed (Collector),No,35.64911944,-86.59441111,Non-Intersection,Daylight,Clear,1:00pm-1:59pm,52,1:00pm-1:59pm,56,2:00pm-2:59pm,37,1,Daylight,Clear,1,3,['Driver'],['None_Used'],0,0,Valid,0.0,1.0,67.0,27.0,"['Female', 'Male']",0,0,5,4,5,Dry,Straight,Non-Trafficway,Lowest,No
30565,47,Tennessee,470832,0,2,2,0,2,KNOXVILLE,September,6,Wednesday,16,18,Urban,Low Speed (Local),No,35.91515,-84.13951111,Complex/Circle,Daylight,Cloudy,Unknown,Unknown,Unknown EMS Scene Arrival Hour,Unknown EMS Scene Arrival Minutes,Unknown,Unknown EMS Hospital Arrival Time,1,Daylight,Reduced Visibility,1,1,['Driver'],['None_Used'],0,0,Valid,0.0,1.0,47.0,27.0,"['Male', 'Male']",1,0,5,4,5,Dry,Straight,Level,Lowest,No
30566,47,Tennessee,470833,0,1,1,0,1,NOT APPLICABLE,September,6,Wednesday,0,30,Rural,Medium Speed (Collector),No,36.12225,-85.68978889,Non-Intersection,Dark - Not Lighted,Clear,Unknown,Unknown,Unknown EMS Scene Arrival Hour,Unknown EMS Scene Arrival Minutes,Not Applicable (Not Transported),Not Applicable (Not Transported),1,Dark - Unlighted,Clear,1,0,['Driver'],['Shoulder_Lapbelt'],1,1,Valid,1.0,2.0,22.0,22.0,['Male'],0,0,3,4,3,Dry,Curve,Level,Lowest,No
30567,47,Tennessee,470834,0,1,1,0,2,ATHENS,September,3,Sunday,0,47,Rural,Medium Speed (Collector),No,35.37871944,-84.5561,Non-Intersection,Dark - Not Lighted,Clear,Unknown,Unknown,Unknown EMS Scene Arrival Hour,Unknown EMS Scene Arrival Minutes,Unknown,Unknown EMS Hospital Arrival Time,1,Dark - Unlighted,Clear,1,1,['Front_Passenger'],['Shoulder_Lapbelt'],0,0,Valid,0.0,0.0,16.0,16.0,['Female'],0,0,2,4,3,Dry,Straight,Level,Lowest,No
30568,47,Tennessee,470835,0,1,1,0,1,CHARLESTON,September,6,Wednesday,8,51,Rural,Medium Speed (Collector),No,35.26328056,-84.7472,Non-Intersection,Daylight,Clear,Unknown,Unknown,Unknown EMS Scene Arrival Hour,Unknown EMS Scene Arrival Minutes,Not Applicable (Not Transported),Not Applicable (Not Transported),1,Daylight,Clear,1,0,['Driver'],['Shoulder_Lapbelt'],0,0,Valid,0.0,0.0,45.0,45.0,['Male'],1,0,2,4,3,Dry,Curve,Level,Lowest,No
30569,47,Tennessee,470837,0,2,2,0,3,ROCKWOOD,September,6,Wednesday,19,10,Urban,Medium Speed (Collector),No,35.87576111,-84.62856111,Simple Junction,Daylight,Clear,7:00pm-7:59pm,21,7:00pm-7:59pm,36,7:00pm-7:59pm,57,1,Daylight,Clear,1,2,['Driver'],['Shoulder_Lapbelt'],0,0,Valid,1.0,0.0,59.0,47.0,"['Female', 'Female']",1,0,2,4,5,Dry,Straight,Level,Lowest,No
30570,47,Tennessee,470838,0,2,2,0,6,MEMPHIS,September,2,Saturday,22,30,Urban,High Speed (Arterial),Yes,35.172025,-89.86841667,Complex/Circle,Dark - Lighted,Clear,11:00pm-11:59pm,42,11:00pm-11:59pm,46,0:00am-0:59am,5,4,Dark - Lighted,Clear,4,2,"['Driver', 'Driver', 'Front_Passenger', 'Front_Passenger']","['Shoulder_Lapbelt', 'Shoulder_Lapbelt', 'Shoulder_Lapbelt', 'Shoulder_Lapbelt']",1,2,Valid,0.0,0.0,60.0,33.0,"['Male', 'Male']",0,0,3,4,5,Dry,Straight,Level,Lowest,No
30571,47,Tennessee,470839,0,2,2,0,2,SOUTH PITTSBURG,September,3,Sunday,19,35,Rural,Low Speed (Local),No,35.06601111,-85.74823056,Non-Intersection,Dark - Lighted,Clear,7:00pm-7:59pm,27,7:00pm-7:59pm,40,9:00pm-9:59pm,43,1,Dark - Lighted,Clear,1,1,['Driver'],['Shoulder_Lapbelt'],1,2,Valid,0.0,0.0,52.0,19.0,"['Male', 'Male']",0,0,3,4,5,Dry,Straight,Grade/Hillcrest,Lowest,No
30572,47,Tennessee,470840,0,1,1,0,1,NOT APPLICABLE,September,7,Thursday,23,0,Urban,Low Speed (Local),No,35.80018889,-84.0586,Non-Intersection,Dark - Not Lighted,Clear,Unknown,Unknown,Unknown EMS Scene Arrival Hour,Unknown EMS Scene Arrival Minutes,Unknown,Unknown EMS Hospital Arrival Time,1,Dark - Unlighted,Clear,1,0,['Driver'],['None_Used'],0,0,Valid,0.0,1.0,18.0,18.0,['Male'],0,0,5,4,1,Dry,Straight,Level,Lowest,No
30573,47,Tennessee,470841,1,1,1,0,1,CHATTANOOGA,September,8,Friday,6,25,Urban,Medium Speed (Collector),No,35.03394167,-85.29530278,Non-Intersection,Dark - Unknown Lighting,Clear,Unknown,Unknown,Unknown EMS Scene Arrival Hour,Unknown EMS Scene Arrival Minutes,Unknown,Unknown EMS Hospital Arrival Time,1,Dark - Unlighted,Clear,0,1,[],[],0,0,Valid,0.0,0.0,32.0,32.0,['Male'],0,0,2,3,4,Dry,Straight,Level,Lowest,No
30574,47,Tennessee,470843,0,2,2,0,3,ETOWAH,August,29,Tuesday,21,45,Rural,High Speed (Arterial),Yes,35.3208,-84.5268,Non-Intersection,Dark - Lighted,Clear,9:00pm-9:59pm,41,9:00pm-9:59pm,48,11:00pm-11:59pm,17,1,Dark - Lighted,Clear,1,2,['Driver'],['Shoulder_Lapbelt'],1,1,Valid,0.0,0.0,45.0,45.0,"['Male', 'Male']",1,0,3,4,5,Dry,Straight,Level,Lowest,No
30575,47,Tennessee,470844,0,2,2,0,3,NOT APPLICABLE,September,2,Saturday,19,59,Urban,High Speed (Arterial),Yes,35.04813056,-89.63766111,Non-Intersection,Dark - Not Lighted,Clear,8:00pm-8:59pm,10,8:00pm-8:59pm,18,9:00pm-9:59pm,6,1,Dark - Unlighted,Clear,1,2,['Driver'],['None_Used'],0,0,Valid,0.0,0.0,50.0,20.0,"['Male', 'Female']",0,0,5,4,5,Dry,Straight,Grade/Hillcrest,Lowest,No
30576,47,Tennessee,470845,0,3,3,0,4,TULLAHOMA,September,6,Wednesday,14,41,Urban,High Speed (Arterial),Yes,35.40068889,-86.25231944,Non-Intersection,Daylight,Clear,2:00pm-2:59pm,34,2:00pm-2:59pm,41,Unknown,Unknown EMS Hospital Arrival Time,1,Daylight,Clear,1,3,['Driver'],['Shoulder_Lapbelt'],0,0,Valid,0.0,0.0,35.0,18.0,"['Male', 'Male', 'Female']",0,0,3,4,5,Dry,Straight,Level,Lowest,No
30577,47,Tennessee,470846,0,2,2,0,3,RICEVILLE,September,6,Wednesday,18,32,Urban,Medium Speed (Collector),No,35.39355,-84.72006944,Complex/Circle,Daylight,Clear,7:00pm-7:59pm,30,7:00pm-7:59pm,45,9:00pm-9:59pm,17,1,Daylight,Clear,1,2,['Driver'],['Shoulder_Lapbelt'],1,1,Valid,1.0,0.0,23.0,20.0,"['Male', 'Male']",0,0,3,4,5,Dry,Straight,Level,Lowest,No
30578,47,Tennessee,470847,0,3,3,0,3,KNOXVILLE,September,8,Friday,16,19,Urban,Medium Speed (Collector),No,35.91356944,-83.83148889,Simple Junction,Daylight,Clear,Unknown,Unknown,Unknown EMS Scene Arrival Hour,Unknown EMS Scene Arrival Minutes,Unknown,Unknown EMS Hospital Arrival Time,1,Daylight,Clear,1,2,['Driver'],['None_Used'],0,0,Valid,2.0,2.0,38.0,26.0,"['Male', 'Male', 'Male']",1,0,5,4,5,Dry,Straight,Level,Lowest,No
30579,47,Tennessee,470848,0,1,1,0,1,NOT APPLICABLE,September,8,Friday,17,38,Urban,High Speed (Arterial),Yes,35.32481111,-84.77993056,Non-Intersection,Dark - Lighted,Clear,Unknown,Unknown,Unknown EMS Scene Arrival Hour,Unknown EMS Scene Arrival Minutes,Unknown,Unknown EMS Hospital Arrival Time,1,Dark - Lighted,Clear,1,0,['Driver'],['None_Used'],0,0,Valid,0.0,0.0,36.0,36.0,['Female'],0,0,2,4,3,Dry,Straight,Level,Lowest,No
30580,47,Tennessee,470850,0,1,1,0,3,CHATTANOOGA,September,10,Sunday,3,6,Urban,High Speed (Arterial),Yes,35.01017778,-85.27113333,Complex/Circle,Dark - Lighted,Clear,3:00am-3:59am,15,3:00am-3:59am,25,4:00am-4:59am,7,1,Dark - Lighted,Clear,1,2,['Rear_Seat'],['None_Used'],0,0,Invalid,0.0,0.0,17.0,17.0,['Male'],0,0,2,4,2,Dry,Curve,Level,Lowest,No
30581,47,Tennessee,470851,0,1,1,0,3,NOT APPLICABLE,August,22,Tuesday,11,3,Rural,High Speed (Arterial),Yes,35.37346111,-85.97173889,Non-Intersection,Daylight,Clear,11:00am-11:59am,4,11:00am-11:59am,25,11:00am-11:59am,46,1,Daylight,Clear,1,2,['Rear_Seat'],['Shoulder_Lapbelt'],0,0,Valid,0.0,0.0,63.0,63.0,['Male'],0,0,3,4,3,Dry,Straight,Level,Lowest,No
30582,47,Tennessee,470852,0,1,1,0,1,NOT APPLICABLE,September,10,Sunday,19,20,Rural,Low Speed (Local),No,36.55211944,-87.92991944,Non-Intersection,Daylight,Clear,7:00pm-7:59pm,18,7:00pm-7:59pm,43,8:00pm-8:59pm,40,1,Daylight,Clear,1,0,['Driver'],['None_Used'],1,1,Valid,2.0,0.0,35.0,35.0,['Male'],0,0,3,4,3,Dry,Curve,Level,Lowest,Yes
30583,47,Tennessee,470853,0,2,2,0,6,NOT APPLICABLE,August,30,Wednesday,20,30,Urban,High Speed (Arterial),No,35.60731944,-84.53508889,Non-Intersection,Dark - Not Lighted,Clear,Unknown,Unknown,Unknown EMS Scene Arrival Hour,Unknown EMS Scene Arrival Minutes,Not Applicable (Not Transported),Not Applicable (Not Transported),1,Dark - Unlighted,Clear,1,5,['Driver'],['None_Used'],0,0,Valid,2.0,6.0,65.0,22.0,"['Male', 'Male']",0,0,3,4,5,Dry,Straight,Level,Lowest,Yes
30584,47,Tennessee,470855,0,3,3,0,5,NOT APPLICABLE,September,7,Thursday,11,46,Rural,Medium Speed (Collector),No,35.21008889,-85.03468889,Non-Intersection,Daylight,Clear,11:00am-11:59am,47,12:00pm-12:59pm,12,1:00pm-1:59pm,1,1,Daylight,Clear,1,4,['Driver'],['Shoulder_Lapbelt'],0,0,Invalid,1.0,0.0,70.0,40.0,"['Male', 'Male', 'Male']",0,0,3,4,5,Dry,Straight,Level,Lowest,No
30585,47,Tennessee,470856,0,1,1,0,1,ANTIOCH,August,31,Thursday,17,8,Urban,High Speed (Arterial),Yes,36.03128889,-86.6392,Non-Intersection,Daylight,Clear,5:00pm-5:59pm,9,5:00pm-5:59pm,10,5:00pm-5:59pm,15,1,Daylight,Clear,1,0,['Driver'],['Shoulder_Lapbelt'],0,0,Valid,1.0,0.0,20.0,20.0,['Male'],1,0,2,4,3,Dry,Straight,Level,Lowest,No
30586,47,Tennessee,470857,1,1,1,0,1,NASHVILLE,September,3,Sunday,10,47,Urban,High Speed (Arterial),Yes,36.12833056,-86.71308056,Non-Intersection,Daylight,Clear,10:00am-10:59am,48,10:00am-10:59am,54,11:00am-11:59am,10,1,Daylight,Clear,0,1,[],[],0,0,Invalid,1.0,0.0,18.0,18.0,['Male'],0,0,3,4,4,Dry,Straight,Level,Lowest,No
30587,47,Tennessee,470858,0,2,2,0,2,NOT APPLICABLE,September,4,Monday,7,30,Rural,High Speed (Arterial),Yes,35.48636111,-89.27183056,Non-Intersection,Daylight,Clear,Unknown,Unknown,Unknown EMS Scene Arrival Hour,Unknown EMS Scene Arrival Minutes,Unknown,Unknown EMS Hospital Arrival Time,1,Daylight,Clear,1,1,['Driver'],['None_Used'],0,0,Valid,2.0,2.0,60.0,48.0,"['Male', 'Male']",0,0,4,4,5,Dry,Straight,Level,Lowest,No
30588,47,Tennessee,470859,1,1,1,0,1,NASHVILLE,September,8,Friday,17,56,Urban,High Speed (Arterial),Yes,36.07413889,-86.8925,Non-Intersection,Daylight,Clear,Unknown,Unknown,Unknown EMS Scene Arrival Hour,Unknown EMS Scene Arrival Minutes,Unknown,Unknown EMS Hospital Arrival Time,1,Daylight,Clear,0,1,[],[],0,0,Valid,1.0,0.0,46.0,46.0,['Male'],0,0,3,2,4,Dry,Straight,Level,Lowest,No
30589,47,Tennessee,470860,1,1,1,0,1,POWELL,September,9,Saturday,23,18,Urban,High Speed (Arterial),Yes,36.02376111,-84.05868056,Non-Intersection,Dark - Not Lighted,Clear,Unknown,Unknown,Unknown EMS Scene Arrival Hour,Unknown EMS Scene Arrival Minutes,Not Applicable (Not Transported),Not Applicable (Not Transported),1,Dark - Unlighted,Clear,0,1,[],[],1,1,Valid,1.0,0.0,24.0,24.0,['Male'],0,0,3,4,4,Dry,Straight,Level,Lowest,No
30590,47,Tennessee,470861,0,1,1,0,1,CHRISTIANA,September,11,Monday,8,8,Rural,Low Speed (Local),No,35.69985,-86.42251944,Non-Intersection,Daylight,Clear,Unknown,Unknown,Unknown EMS Scene Arrival Hour,Unknown EMS Scene Arrival Minutes,Unknown,Unknown EMS Hospital Arrival Time,1,Daylight,Clear,1,0,['Driver'],['Shoulder_Lapbelt'],0,0,Valid,0.0,1.0,54.0,54.0,['Female'],0,0,3,4,3,Dry,Straight,Level,Lowest,Yes
30591,47,Tennessee,470862,0,2,2,0,3,MEMPHIS,September,11,Monday,5,58,Urban,Medium Speed (Collector),No,35.01051111,-89.99116389,Non-Intersection,Daylight,Clear,6:00am-6:59am,2,6:00am-6:59am,9,6:00am-6:59am,31,1,Daylight,Clear,1,2,['Front_Passenger'],['None_Used'],1,1,Invalid,0.0,0.0,52.0,22.0,"['Male', 'Female']",0,0,3,4,5,Dry,Straight,Level,Lowest,No
30592,47,Tennessee,470863,0,3,3,0,3,NOT APPLICABLE,August,30,Wednesday,4,49,Rural,High Speed (Arterial),Yes,35.06476111,-89.63823889,Non-Intersection,Dark - Not Lighted,Clear,5:00am-5:59am,0,5:00am-5:59am,11,Unknown,Unknown EMS Hospital Arrival Time,1,Dark - Unlighted,Clear,1,2,['Driver'],['None_Used'],0,0,Valid,0.0,0.0,49.0,28.0,"['Male', 'Male', 'Male']",0,0,4,4,5,Dry,Straight,Level,Lowest,No
30593,47,Tennessee,470864,0,1,1,0,1,NOT APPLICABLE,September,9,Saturday,22,57,Rural,Medium Speed (Collector),No,36.29725,-82.82375,Non-Intersection,Dark - Not Lighted,Cloudy,10:00pm-10:59pm,32,11:00pm-11:59pm,55,Not Applicable (Not Transported),Not Applicable (Not Transported),1,Dark - Unlighted,Reduced Visibility,1,0,['Driver'],['None_Used'],1,1,Valid,1.0,0.0,39.0,39.0,['Male'],0,0,3,4,3,Wet/Standing Water,Straight,Level,Lowest,No
30594,47,Tennessee,470865,0,2,2,0,2,MILLINGTON,September,8,Friday,22,23,Urban,Medium Speed (Collector),No,35.33906667,-89.86223611,Non-Intersection,Dark - Not Lighted,Clear,Unknown,Unknown,Unknown EMS Scene Arrival Hour,Unknown EMS Scene Arrival Minutes,Unknown,Unknown EMS Hospital Arrival Time,1,Dark - Unlighted,Clear,1,1,['Driver'],['None_Used'],1,1,Valid,3.0,1.0,30.0,26.0,"['Male', 'Female']",1,0,5,4,5,Dry,Straight,Grade/Hillcrest,Lowest,No
30595,47,Tennessee,470867,1,1,1,0,2,HERMITAGE,September,3,Sunday,22,44,Urban,High Speed (Arterial),Yes,36.20233056,-86.61668056,Non-Intersection,Dark - Lighted,Clear,Unknown,Unknown,Unknown EMS Scene Arrival Hour,Unknown EMS Scene Arrival Minutes,Not Applicable (Not Transported),Not Applicable (Not Transported),1,Dark - Lighted,Clear,0,2,[],[],0,0,Valid,0.0,0.0,17.0,17.0,['Male'],2,0,3,3,4,Dry,Straight,Level,Lowest,No
30596,47,Tennessee,470868,1,1,1,0,1,PIKEVILLE,September,7,Thursday,6,0,Rural,High Speed (Arterial),Yes,35.61361111,-85.18991111,Non-Intersection,Dark - Not Lighted,"Fog, Smog, Smoke",Unknown,Unknown,Unknown EMS Scene Arrival Hour,Unknown EMS Scene Arrival Minutes,Not Applicable (Not Transported),Not Applicable (Not Transported),1,Dark - Unlighted,Reduced Visibility,0,1,[],[],0,0,Valid,0.0,0.0,86.0,86.0,['Male'],0,0,3,2,4,Dry,Straight,Level,Lowest,No
30597,47,Tennessee,470869,0,3,3,0,3,HERMITAGE,September,11,Monday,16,46,Rural,Medium Speed (Collector),No,36.09775,-86.55388056,Non-Intersection,Daylight,Clear,4:00pm-4:59pm,46,4:00pm-4:59pm,58,5:00pm-5:59pm,53,1,Daylight,Clear,1,2,['Driver'],['Shoulder_Lapbelt'],0,0,Valid,1.0,3.0,37.0,27.0,"['Male', 'Female', 'Male']",0,0,3,4,5,Dry,Straight,Level,Lowest,No
30598,47,Tennessee,470870,1,1,1,0,1,MEMPHIS,September,13,Wednesday,21,10,Urban,High Speed (Arterial),Yes,35.11838889,-89.98485556,Non-Intersection,Dark - Not Lighted,Clear,Unknown,Unknown,Unknown EMS Scene Arrival Hour,Unknown EMS Scene Arrival Minutes,Unknown,Unknown EMS Hospital Arrival Time,1,Dark - Unlighted,Clear,0,1,[],[],0,0,Valid,1.0,0.0,69.0,69.0,['Male'],0,0,2,4,4,Dry,Straight,Level,Lowest,No
30599,47,Tennessee,470871,0,1,1,0,3,NOT APPLICABLE,September,12,Tuesday,17,40,Urban,Medium Speed (Collector),No,35.89426944,-84.053,Non-Intersection,Dusk,Cloudy,4:00pm-4:59pm,51,5:00pm-5:59pm,3,5:00pm-5:59pm,46,1,Twilight,Reduced Visibility,1,2,['Driver'],['Shoulder_Lapbelt'],0,0,Valid,0.0,0.0,48.0,48.0,['Female'],0,0,3,4,3,Dry,Straight,Grade/Hillcrest,Lowest,No