,State_Code,State_Name,Crash_ID,Count_Non_Motorists,Count_Vehicles_Total,Count_Vehicle_Forms,Count_PVH_Involved,Count_Occupants_MV,City_Name,Month_Name,Day_of_Month,Day_of_Week,Crash_Hour,Crash_Minute,Area_Rural_Urban,Road_Functional_Class,On_NHS_Road,Latitude,Longitude,Intersection_Type,Light_Condition,Weather_Condition,Notif_Hour,Notif_Minute,Arrival_Hour,Arrival_Minute,Hospital_Hour,Hospital_Minute,Fatalities_Count,Clean_Light_Condition,Clean_Weather_Condition,Total_Killed,Total_Alive,Fatal_Seats_List,Killed_Restraint_List,Any_Driver_Drinking,Total_Drinking_Drivers,Driver_License_Category,Driver_Max_Prev_Accident_Count,Driver_Max_Prev_Speeding_Count,Max_Driver_Age,Min_Driver_Age,Driver_Sex_List,Total_Exceeding_Limit_Vehicles,Total_Too_Fast_Vehicles,Max_Vehicle_Type_Severity_5,Max_Vehicle_Damage_Rank,Max_Harmful_Event_Severity,Crash_Road_Surface_Condition,Crash_Horizontal_Alignment,Crash_Vertical_Profile,Crash_Impairment_Category,Crash_Vehicle_Defect
30600,47,Tennessee,470872,0,5,5,0,5,NOT APPLICABLE,August,28,Monday,14,46,Rural,High Speed (Arterial),Yes,35.59653889,-89.05621111,Non-Intersection,Daylight,Clear,2:00pm-2:59pm,55,3:00pm-3:59pm,16,4:00pm-4:59pm,29,2,Daylight,Clear,2,3,"['Driver', 'Driver']","['Shoulder_Lapbelt', 'Shoulder_Lapbelt']",0,0,Valid,2.0,1.0,60.0,24.0,"['Female', 'Male', 'Male', 'Female', 'Male']",0,0,4,4,5,Dry,Straight,Level,Lowest,No
30601,47,Tennessee,470873,0,2,2,0,3,PARROTTSVILLE,September,7,Thursday,19,22,Rural,Medium Speed (Collector),No,36.00431111,-83.09038056,Complex/Circle,Daylight,Clear,7:00pm-7:59pm,22,7:00pm-7:59pm,31,7:00pm-7:59pm,55,1,Daylight,Clear,1,2,['Driver'],['Shoulder_Lapbelt'],0,0,Valid,3.0,0.0,72.0,19.0,"['Male', 'Male']",0,0,3,4,5,Dry,Straight,Level,Lowest,No
30602,47,Tennessee,470874,0,1,1,0,1,NOT APPLICABLE,September,4,Monday,6,34,Rural,Medium Speed (Collector),No,35.71406111,-89.07013056,Non-Intersection,Dark - Not Lighted,Clear,6:00am-6:59am,22,6:00am-6:59am,31,7:00am-7:59am,13,1,Dark - Unlighted,Clear,1,0,['Driver'],['None_Used'],1,1,Invalid,2.0,0.0,21.0,21.0,['Male'],0,0,3,4,3,Dry,Straight,Level,Lowest,No
30603,47,Tennessee,470875,0,1,1,0,1,NOT APPLICABLE,September,13,Wednesday,16,43,Urban,Medium Speed (Collector),No,35.88791111,-84.06563056,Non-Intersection,Daylight,Clear,Unknown,Unknown,Unknown EMS Scene Arrival Hour,Unknown EMS Scene Arrival Minutes,Unknown,Unknown EMS Hospital Arrival Time,1,Daylight,Clear,1,0,['Driver'],['Shoulder_Lapbelt'],0,0,Valid,1.0,0.0,17.0,17.0,['Male'],1,0,2,4,3,Dry,Curve,Grade/Hillcrest,Lowest,No
30604,47,Tennessee,470876,0,1,1,0,1,NOT APPLICABLE,September,11,Monday,14,10,Urban,Low Speed (Local),No,35.89596111,-84.01163056,Non-Intersection,Daylight,Clear,Unknown,Unknown,Unknown EMS Scene Arrival Hour,Unknown EMS Scene Arrival Minutes,Not Applicable (Not Transported),Not Applicable (Not Transported),1,Daylight,Clear,1,0,['Driver'],['Shoulder_Lapbelt'],0,0,Valid,0.0,0.0,69.0,69.0,['Female'],0,0,3,4,3,Dry,Curve,Level,Lowest,No
30605,47,Tennessee,470877,1,1,1,0,1,CLEVELAND,September,14,Thursday,21,18,Urban,Medium Speed (Collector),No,35.14113333,-84.88615,Non-Intersection,Dark - Lighted,Clear,Unknown,Unknown,Unknown EMS Scene Arrival Hour,Unknown EMS Scene Arrival Minutes,Unknown,Unknown EMS Hospital Arrival Time,1,Dark - Lighted,Clear,0,0,[],[],0,0,Invalid,0.0,0.0,999.0,999.0,['Other'],0,0,1,0,4,Dry,Curve,Grade/Hillcrest,Lowest,No
30606,47,Tennessee,470878,0,1,1,0,1,MEMPHIS,September,15,Friday,2,43,Urban,High Speed (Arterial),Yes,35.05718333,-89.99083889,Non-Intersection,Dark - Lighted,Clear,Unknown,Unknown,Unknown EMS Scene Arrival Hour,Unknown EMS Scene Arrival Minutes,Unknown,Unknown EMS Hospital Arrival Time,1,Dark - Lighted,Clear,1,0,['Driver'],['Shoulder_Lapbelt'],0,0,Invalid,0.0,0.0,19.0,19.0,['Male'],1,0,2,4,3,Dry,Curve,Level,Lowest,No
30607,47,Tennessee,470879,1,1,1,0,1,CHATTANOOGA,September,15,Friday,23,0,Urban,Medium Speed (Collector),No,35.03015556,-85.30832778,Non-Intersection,Dark - Lighted,Clear,11:00pm-11:59pm,9,Unknown EMS Scene Arrival Hour,Unknown EMS Scene Arrival Minutes,Unknown,Unknown EMS Hospital Arrival Time,1,Dark - Lighted,Clear,0,0,[],[],0,0,Invalid,0.0,0.0,999.0,999.0,['Other'],0,0,1,0,4,Dry,Straight,Level,Lowest,No
30608,47,Tennessee,470881,0,1,1,0,1,LEWISBURG,September,15,Friday,99,99,Urban,High Speed (Arterial),No,35.6063,-86.82243056,Non-Intersection,Dark - Not Lighted,Clear,Unknown,Unknown,Unknown EMS Scene Arrival Hour,Unknown EMS Scene Arrival Minutes,Not Applicable (Not Transported),Not Applicable (Not Transported),1,Dark - Unlighted,Clear,1,0,['Driver'],['Shoulder_Lapbelt'],0,0,Valid,0.0,0.0,30.0,30.0,['Female'],0,0,3,4,3,Dry,Curve,Level,Lowest,Yes
30609,47,Tennessee,470882,0,2,2,0,2,WHITES CREEK,September,14,Thursday,14,24,Urban,Medium Speed (Collector),No,36.25711111,-86.84885,Non-Intersection,Daylight,Clear,12:00pm-12:59pm,16,12:00pm-12:59pm,30,1:00pm-1:59pm,25,1,Daylight,Clear,1,1,['Driver'],['Shoulder_Lapbelt'],0,0,Valid,0.0,0.0,56.0,39.0,"['Female', 'Male']",0,0,2,4,5,Dry,Straight,Level,Lowest,No
30610,47,Tennessee,470883,1,1,1,0,1,MEMPHIS,September,14,Thursday,8,0,Urban,Medium Speed (Collector),No,35.16373056,-90.0367,Complex/Circle,Daylight,Clear,Unknown,Unknown,Unknown EMS Scene Arrival Hour,Unknown EMS Scene Arrival Minutes,Not Applicable (Not Transported),Not Applicable (Not Transported),1,Daylight,Clear,0,1,[],[],0,0,Valid,0.0,0.0,40.0,40.0,['Male'],0,0,4,2,4,Dry,Straight,Level,Lowest,No
30611,47,Tennessee,470884,0,1,1,0,1,NOT APPLICABLE,June,15,Thursday,0,20,Urban,High Speed (Arterial),Yes,36.36065,-82.20458889,Non-Intersection,Dark - Not Lighted,Clear,Unknown,Unknown,Unknown EMS Scene Arrival Hour,Unknown EMS Scene Arrival Minutes,Unknown,Unknown EMS Hospital Arrival Time,1,Dark - Unlighted,Clear,1,0,['Driver'],['None_Used'],0,0,Valid,0.0,1.0,56.0,56.0,['Male'],0,0,5,4,3,Dry,Curve,Level,Lowest,No
30612,47,Tennessee,470885,0,1,1,0,1,MICHIE,September,16,Saturday,10,4,Rural,Medium Speed (Collector),No,35.07626111,-88.42943056,Non-Intersection,Daylight,Clear,Unknown,Unknown,Unknown EMS Scene Arrival Hour,Unknown EMS Scene Arrival Minutes,Not Applicable (Not Transported),Not Applicable (Not Transported),1,Daylight,Clear,1,0,['Driver'],['Shoulder_Lapbelt'],0,0,Valid,2.0,1.0,42.0,42.0,['Male'],0,0,3,4,3,Dry,Curve,Level,Lowest,No
30613,47,Tennessee,470886,0,2,2,0,3,NOT APPLICABLE,September,17,Sunday,13,56,Rural,Medium Speed (Collector),No,35.91961111,-86.308,Non-Intersection,Daylight,Clear,1:00pm-1:59pm,55,2:00pm-2:59pm,2,2:00pm-2:59pm,52,2,Daylight,Clear,2,1,"['Driver', 'Driver']","['Shoulder_Lapbelt', 'Shoulder_Lapbelt']",0,0,Valid,0.0,0.0,85.0,39.0,"['Male', 'Female']",0,0,3,4,5,Dry,Straight,Level,Medium,No
30614,47,Tennessee,470887,0,1,1,0,1,BETHPAGE,August,22,Tuesday,17,24,Rural,Medium Speed (Collector),No,36.46373889,-86.31511944,Non-Intersection,Daylight,Clear,5:00pm-5:59pm,26,5:00pm-5:59pm,35,6:00pm-6:59pm,26,1,Daylight,Clear,1,0,['Driver'],['Shoulder_Lapbelt'],0,0,Valid,0.0,0.0,76.0,76.0,['Female'],1,0,2,4,3,Dry,Straight,Level,Lowest,No
30615,47,Tennessee,470888,0,2,2,0,4,JONESBOROUGH,September,15,Friday,21,53,Urban,Medium Speed (Collector),No,36.28368056,-82.46646944,Simple Junction,Dark - Not Lighted,Clear,9:00pm-9:59pm,36,10:00pm-10:59pm,26,Not Applicable (Not Transported),Not Applicable (Not Transported),1,Dark - Unlighted,Clear,1,3,['Driver'],['None_Used'],1,1,Invalid,1.0,1.0,49.0,26.0,"['Male', 'Female']",1,0,5,4,5,Dry,Straight,Level,Lowest,No
30616,47,Tennessee,470889,1,2,2,0,1,MEMPHIS,August,1,Tuesday,99,99,Urban,High Speed (Arterial),Yes,35.02138611,-90.002675,Non-Intersection,Dark - Lighted,Clear,Unknown,Unknown,Unknown EMS Scene Arrival Hour,Unknown EMS Scene Arrival Minutes,Not Applicable (Not Transported),Not Applicable (Not Transported),1,Dark - Lighted,Clear,0,1,[],[],0,0,Valid,0.0,0.0,64.0,64.0,['Male'],0,0,3,4,5,Dry,Straight,Level,Lowest,No
30617,47,Tennessee,470890,0,1,1,0,1,NASHVILLE,September,19,Tuesday,1,32,Urban,Medium Speed (Collector),No,36.12343889,-86.71723889,Non-Intersection,Dark - Unknown Lighting,Clear,Unknown,Unknown,Unknown EMS Scene Arrival Hour,Unknown EMS Scene Arrival Minutes,Not Applicable (Not Transported),Not Applicable (Not Transported),1,Dark - Unlighted,Clear,1,0,['Driver'],['None_Used'],1,1,Valid,2.0,0.0,40.0,40.0,['Male'],1,0,3,1,3,Dry,Curve,Level,Lowest,No
30618,47,Tennessee,470891,0,2,2,0,4,NOT APPLICABLE,September,11,Monday,12,10,Rural,Medium Speed (Collector),No,36.1872,-83.89803889,Non-Intersection,Daylight,Clear,12:00pm-12:59pm,8,12:00pm-12:59pm,16,12:00pm-12:59pm,54,1,Daylight,Clear,1,3,['Rear_Seat'],['None_Used'],0,0,Valid,1.0,1.0,50.0,33.0,"['Male', 'Male']",0,0,3,4,5,Dry,Curve,Level,Lowest,No
30619,47,Tennessee,470892,0,2,2,0,4,ANTIOCH,September,16,Saturday,5,32,Urban,Medium Speed (Collector),No,36.06931111,-86.69246111,Non-Intersection,Dark - Lighted,Cloudy,5:00am-5:59am,37,5:00am-5:59am,43,6:00am-6:59am,10,2,Dark - Lighted,Reduced Visibility,2,2,"['Driver', 'Rear_Seat']","['Shoulder_Lapbelt', 'Shoulder_Lapbelt']",1,1,Invalid,0.0,0.0,32.0,22.0,"['Female', 'Male']",0,0,3,4,5,Dry,Straight,Grade/Hillcrest,Lowest,No
30620,47,Tennessee,470893,0,1,1,0,1,NASHVILLE,September,18,Monday,22,21,Urban,High Speed (Arterial),Yes,36.07723889,-86.73738056,Non-Intersection,Dark - Lighted,Clear,Unknown,Unknown,Unknown EMS Scene Arrival Hour,Unknown EMS Scene Arrival Minutes,Not Applicable (Not Transported),Not Applicable (Not Transported),1,Dark - Lighted,Clear,1,0,['Driver'],['None_Used'],0,0,Valid,0.0,0.0,18.0,18.0,['Male'],1,0,2,4,2,Dry,Straight,Level,Lowest,No
30621,47,Tennessee,470894,1,1,1,0,1,MEMPHIS,September,20,Wednesday,20,15,Urban,Medium Speed (Collector),No,35.18657778,-89.88646944,Non-Intersection,Dark - Lighted,Rain,Unknown,Unknown,Unknown EMS Scene Arrival Hour,Unknown EMS Scene Arrival Minutes,Unknown,Unknown EMS Hospital Arrival Time,1,Dark - Lighted,Rain/Wind/Minor,0,1,[],[],0,0,Invalid,0.0,0.0,19.0,19.0,['Male'],0,0,2,4,4,Wet/Standing Water,Curve,Level,Lowest,No
30622,47,Tennessee,470895,0,1,1,0,2,NOT APPLICABLE,September,21,Thursday,14,13,Rural,Medium Speed (Collector),No,35.49895,-83.9417,Non-Intersection,Daylight,Clear,Unknown,Unknown,Unknown EMS Scene Arrival Hour,Unknown EMS Scene Arrival Minutes,Unknown,Unknown EMS Hospital Arrival Time,1,Daylight,Clear,1,1,['Driver'],['None_Used'],0,0,Valid,0.0,0.0,47.0,47.0,['Female'],0,0,5,3,3,Dry,Curve,Grade/Hillcrest,Lowest,No
30623,47,Tennessee,470896,0,2,2,0,4,MEMPHIS,September,20,Wednesday,12,43,Urban,Medium Speed (Collector),No,35.24696944,-89.94408056,Complex/Circle,Daylight,Rain,12:00pm-12:59pm,44,12:00pm-12:59pm,54,1:00pm-1:59pm,16,1,Daylight,Rain/Wind/Minor,1,3,['Driver'],['None_Used'],0,0,Valid,1.0,2.0,50.0,24.0,"['Male', 'Male']",0,0,4,4,5,Wet/Standing Water,Straight,Level,Lowest,No
30624,47,Tennessee,470897,0,2,2,0,3,HAMPTON,September,15,Friday,22,13,Rural,High Speed (Arterial),Yes,36.31841111,-82.08588889,Non-Intersection,Dark - Not Lighted,Clear,10:00pm-10:59pm,18,11:00pm-11:59pm,0,Not Applicable (Not Transported),Not Applicable (Not Transported),1,Dark - Unlighted,Clear,1,2,['Driver'],['Shoulder_Lapbelt'],0,0,Valid,4.0,0.0,55.0,44.0,"['Male', 'Male']",0,0,3,4,5,Dry,Curve,Level,Lowest,No
30625,47,Tennessee,470898,3,2,1,1,1,CLARKSVILLE,September,17,Sunday,5,50,Urban,High Speed (Arterial),Yes,36.5239,-87.21995,Non-Intersection,Dark - Not Lighted,"Fog, Smog, Smoke",5:00am-5:59am,50,5:00am-5:59am,57,6:00am-6:59am,35,1,Dark - Unlighted,Reduced Visibility,0,1,[],[],0,0,Valid,0.0,0.0,35.0,35.0,['Female'],0,0,2,4,5,Wet/Standing Water,Straight,Grade/Hillcrest,Lowest,No
30626,47,Tennessee,470900,0,1,1,0,2,NOT APPLICABLE,September,21,Thursday,20,15,Rural,Medium Speed (Collector),No,36.33606944,-86.98708056,Non-Intersection,Dark - Not Lighted,Clear,8:00pm-8:59pm,11,8:00pm-8:59pm,23,9:00pm-9:59pm,18,1,Dark - Unlighted,Clear,1,1,['Driver'],['None_Used'],0,0,Valid,0.0,0.0,60.0,60.0,['Male'],0,0,5,4,2,Dry,Curve,Grade/Hillcrest,Lowest,No
30627,47,Tennessee,470901,0,1,1,0,1,MEMPHIS,September,22,Friday,6,53,Urban,Low Speed (Local),No,35.09991389,-89.96995556,Non-Intersection,Daylight,Clear,6:00am-6:59am,55,7:00am-7:59am,0,Not Applicable (Not Transported),Not Applicable (Not Transported),1,Daylight,Clear,1,0,['Driver'],['None_Used'],0,0,Valid,0.0,0.0,75.0,75.0,['Male'],0,0,3,4,2,Dry,Straight,Level,Lowest,No
30628,47,Tennessee,470902,0,1,1,0,1,MEMPHIS,September,22,Friday,19,6,Urban,High Speed (Arterial),Yes,35.14048333,-89.98288056,Non-Intersection,Dark - Lighted,Clear,7:00pm-7:59pm,11,7:00pm-7:59pm,15,7:00pm-7:59pm,35,1,Dark - Lighted,Clear,1,0,['Driver'],['Shoulder_Lapbelt'],0,0,Valid,0.0,1.0,58.0,58.0,['Female'],0,0,3,4,3,Dry,Straight,Level,Lowest,No
30629,47,Tennessee,470903,0,2,2,0,3,MOORESBURG,September,21,Thursday,13,10,Rural,High Speed (Arterial),Yes,36.34343889,-83.20921111,Simple Junction,Daylight,Clear,1:00pm-1:59pm,10,Unknown EMS Scene Arrival Hour,Unknown EMS Scene Arrival Minutes,Unknown,Unknown EMS Hospital Arrival Time,1,Daylight,Clear,1,2,['Driver'],['None_Used'],0,0,Valid,0.0,0.0,57.0,39.0,"['Male', 'Male']",0,0,5,4,5,Dry,Straight,Level,Lowest,No
30630,47,Tennessee,470904,0,2,2,0,6,KNOXVILLE,May,7,Sunday,10,58,Urban,Medium Speed (Collector),No,36.05235556,-83.89550556,Complex/Circle,Daylight,Clear,9:00am-9:59am,58,10:00am-10:59am,10,10:00am-10:59am,41,1,Daylight,Clear,1,5,['Front_Passenger'],['Shoulder_Lapbelt'],0,0,Valid,1.0,0.0,64.0,33.0,"['Female', 'Male']",0,0,3,4,5,Dry,Straight,Level,Lowest,No
30631,47,Tennessee,470905,1,1,1,0,1,MEMPHIS,September,23,Saturday,99,99,Urban,High Speed (Arterial),Yes,35.04891111,-89.82338056,Non-Intersection,Dark - Lighted,Clear,Unknown,Unknown,Unknown EMS Scene Arrival Hour,Unknown EMS Scene Arrival Minutes,Not Applicable (Not Transported),Not Applicable (Not Transported),1,Dark - Lighted,Clear,0,1,[],[],0,0,Valid,1.0,0.0,19.0,19.0,['Male'],0,0,2,3,4,Dry,Straight,Level,Lowest,No
30632,47,Tennessee,470906,1,1,1,0,1,NASHVILLE,September,21,Thursday,19,12,Urban,High Speed (Arterial),Yes,36.18618056,-86.77353056,Non-Intersection,Dark - Lighted,Clear,7:00pm-7:59pm,13,7:00pm-7:59pm,20,7:00pm-7:59pm,35,1,Dark - Lighted,Clear,0,1,[],[],0,0,Valid,0.0,0.0,28.0,28.0,['Male'],0,0,2,2,4,Dry,Straight,Level,Lowest,No
30633,47,Tennessee,470907,1,1,1,0,1,NASHVILLE,September,21,Thursday,19,43,Urban,High Speed (Arterial),Yes,36.14838056,-86.7611,Complex/Circle,Dark - Lighted,Clear,7:00pm-7:59pm,44,7:00pm-7:59pm,46,7:00pm-7:59pm,59,1,Dark - Lighted,Clear,0,1,[],[],0,0,Valid,2.0,0.0,70.0,70.0,['Female'],0,0,2,2,4,Dry,Straight,Level,Lowest,No
30634,47,Tennessee,470908,0,1,1,0,2,JACKSON,September,4,Monday,22,2,Urban,High Speed (Arterial),Yes,35.65586111,-88.87663889,Non-Intersection,Dark - Lighted,Clear,Unknown,Unknown,Unknown EMS Scene Arrival Hour,Unknown EMS Scene Arrival Minutes,Not Applicable (Not Transported),Not Applicable (Not Transported),2,Dark - Lighted,Clear,2,0,"['Driver', 'Front_Passenger']","['Shoulder_Lapbelt', 'Shoulder_Lapbelt']",0,0,Valid,0.0,0.0,69.0,69.0,['Male'],0,0,1,4,3,Dry,Straight,Grade/Hillcrest,Lowest,No
30635,47,Tennessee,470909,0,2,2,0,3,MEMPHIS,September,25,Monday,14,8,Urban,Medium Speed (Collector),No,35.14220278,-90.03156944,Simple Junction,Daylight,Clear,2:00pm-2:59pm,13,2:00pm-2:59pm,18,2:00pm-2:59pm,44,1,Daylight,Clear,1,2,['Driver'],['Shoulder_Lapbelt'],0,0,Valid,2.0,1.0,46.0,38.0,"['Male', 'Male']",1,0,3,4,5,Dry,Straight,Level,Lowest,No
30636,47,Tennessee,470910,0,4,4,0,6,NOT APPLICABLE,September,22,Friday,20,59,Rural,Medium Speed (Collector),No,35.76845,-86.05286944,Simple Junction,Dark - Not Lighted,Clear,9:00pm-9:59pm,6,9:00pm-9:59pm,16,9:00pm-9:59pm,31,1,Dark - Unlighted,Clear,1,5,['Driver'],['None_Used'],0,0,Valid,3.0,5.0,48.0,23.0,"['Female', 'Male', 'Male', 'Male']",1,0,5,4,5,Dry,Straight,Grade/Hillcrest,Lowest,No
30637,47,Tennessee,470911,0,1,1,0,2,NASHVILLE,September,16,Saturday,20,5,Urban,Low Speed (Local),No,36.19051111,-86.83421111,Non-Intersection,Dark - Lighted,Clear,8:00pm-8:59pm,8,8:00pm-8:59pm,13,8:00pm-8:59pm,42,2,Dark - Lighted,Clear,2,0,"['Driver', 'Front_Passenger']","['Shoulder_Lapbelt', 'None_Used']",0,0,Invalid,1.0,0.0,67.0,67.0,['Male'],2,0,2,4,2,Dry,Straight,Level,Lowest,Yes
30638,47,Tennessee,470912,0,2,2,0,2,NOT APPLICABLE,September,20,Wednesday,19,35,Rural,Medium Speed (Collector),No,36.15018889,-89.08596111,Non-Intersection,Dark - Not Lighted,Clear,7:00pm-7:59pm,34,7:00pm-7:59pm,45,8:00pm-8:59pm,20,1,Dark - Unlighted,Clear,1,1,['Driver'],['None_Used'],0,0,Valid,0.0,0.0,88.0,47.0,"['Male', 'Male']",0,0,5,4,5,Dry,Straight,Level,Lowest,No
30639,47,Tennessee,470913,0,2,2,0,5,MEMPHIS,September,10,Sunday,1,56,Urban,High Speed (Arterial),Yes,35.17251667,-89.94263611,Complex/Circle,Dark - Lighted,Clear,1:00am-1:59am,59,2:00am-2:59am,3,2:00am-2:59am,35,1,Dark - Lighted,Clear,1,4,['Front_Passenger'],['Shoulder_Lapbelt'],0,0,Invalid,0.0,1.0,30.0,29.0,"['Male', 'Female']",0,0,3,4,5,Dry,Straight,Level,Lowest,No
30640,47,Tennessee,470914,1,1,1,0,1,NOT APPLICABLE,September,25,Monday,4,13,Rural,Medium Speed (Collector),No,36.26181944,-87.35496111,Non-Intersection,Dark - Not Lighted,Clear,Unknown,Unknown,Unknown EMS Scene Arrival Hour,Unknown EMS Scene Arrival Minutes,Not Applicable (Not Transported),Not Applicable (Not Transported),1,Dark - Unlighted,Clear,0,1,[],[],0,0,Valid,0.0,1.0,34.0,34.0,['Male'],0,0,2,4,4,Dry,Straight,Grade/Hillcrest,Lowest,No
30641,47,Tennessee,470916,0,1,1,0,1,CHATTANOOGA,September,21,Thursday,0,39,Urban,High Speed (Arterial),Yes,35.00941944,-85.27186111,Complex/Circle,Dark - Lighted,Clear,0:00am-0:59am,30,0:00am-0:59am,50,Not Applicable (Not Transported),Not Applicable (Not Transported),1,Dark - Lighted,Clear,1,0,['Driver'],['Shoulder_Lapbelt'],1,1,Invalid,2.0,1.0,35.0,35.0,['Male'],1,0,3,4,3,Dry,Straight,Level,Lowest,No
30642,47,Tennessee,470917,0,2,2,0,2,NASHVILLE,September,23,Saturday,5,9,Urban,Low Speed (Local),No,36.17776944,-86.80591944,Complex/Circle,Dark - Lighted,Clear,3:00am-3:59am,38,3:00am-3:59am,43,4:00am-4:59am,10,1,Dark - Lighted,Clear,1,1,['Driver'],['None_Used'],1,1,Valid,0.0,0.0,44.0,29.0,"['Male', 'Male']",0,0,5,4,5,Dry,Straight,Level,Lowest,No
30643,47,Tennessee,470918,0,1,1,0,1,NOT APPLICABLE,September,23,Saturday,6,0,Rural,Medium Speed (Collector),No,36.08901944,-84.08083056,Non-Intersection,Dark - Not Lighted,"Fog, Smog, Smoke",Unknown,Unknown,Unknown EMS Scene Arrival Hour,Unknown EMS Scene Arrival Minutes,Not Applicable (Not Transported),Not Applicable (Not Transported),1,Dark - Unlighted,Reduced Visibility,1,0,['Driver'],['Shoulder_Lapbelt'],0,0,Valid,0.0,0.0,24.0,24.0,['Male'],0,0,2,4,3,Dry,Straight,Level,Lowest,No
30644,47,Tennessee,470919,0,1,1,0,5,MIDWAY,September,25,Monday,0,4,Rural,Medium Speed (Collector),No,36.18125,-83.00816111,Non-Intersection,Dark - Not Lighted,"Fog, Smog, Smoke",Unknown,Unknown,Unknown EMS Scene Arrival Hour,Unknown EMS Scene Arrival Minutes,Unknown,Unknown EMS Hospital Arrival Time,1,Dark - Unlighted,Reduced Visibility,1,4,['Non_Standard_Risk'],['None_Used'],0,0,Valid,2.0,0.0,20.0,20.0,['Male'],0,0,3,1,1,Dry,Curve,Level,Lowest,No
30645,47,Tennessee,470920,0,2,2,0,2,MEMPHIS,September,26,Tuesday,19,30,Urban,Low Speed (Local),No,35.00643611,-89.99374444,Simple Junction,Dark - Lighted,Clear,Unknown,Unknown,Unknown EMS Scene Arrival Hour,Unknown EMS Scene Arrival Minutes,Unknown,Unknown EMS Hospital Arrival Time,1,Dark - Lighted,Clear,1,1,['Driver'],['None_Used'],1,1,Valid,0.0,0.0,46.0,34.0,"['Male', 'Male']",0,0,5,4,5,Dry,Straight,Level,Lowest,Yes
30646,47,Tennessee,470921,1,1,1,0,1,MEMPHIS,September,26,Tuesday,22,21,Urban,Medium Speed (Collector),No,35.08435278,-90.01838056,Simple Junction,Dark - Lighted,Clear,7:00pm-7:59pm,49,7:00pm-7:59pm,50,8:00pm-8:59pm,1,1,Dark - Lighted,Clear,0,0,[],[],0,0,Invalid,0.0,0.0,999.0,999.0,['Other'],0,0,1,0,4,Dry,Straight,Level,Lowest,No
30647,47,Tennessee,470922,0,1,1,0,1,NOT APPLICABLE,September,27,Wednesday,12,31,Rural,Medium Speed (Collector),No,35.86841111,-84.76871111,Non-Intersection,Daylight,Clear,12:00pm-12:59pm,33,12:00pm-12:59pm,51,2:00pm-2:59pm,7,1,Daylight,Clear,1,0,['Driver'],['None_Used'],0,0,Valid,0.0,0.0,59.0,59.0,['Male'],0,0,5,4,2,Dry,Curve,Grade/Hillcrest,Lowest,No
30648,47,Tennessee,470923,0,2,2,0,3,LEBANON,September,14,Thursday,12,11,Rural,High Speed (Arterial),Yes,36.09741111,-86.42105,Non-Intersection,Daylight,Clear,12:00pm-12:59pm,16,12:00pm-12:59pm,30,1:00pm-1:59pm,25,2,Daylight,Clear,2,1,"['Front_Passenger', 'Driver']","['Shoulder_Lapbelt', 'Shoulder_Lapbelt']",0,0,Valid,0.0,0.0,75.0,75.0,"['Male', 'Male']",0,0,3,4,5,Dry,Curve,Level,Lowest,No
30649,47,Tennessee,470924,0,2,2,0,2,LEBANON,September,24,Sunday,14,36,Rural,Medium Speed (Collector),No,36.25816111,-86.24213056,Simple Junction,Daylight,Cloudy,Unknown,Unknown,Unknown EMS Scene Arrival Hour,Unknown EMS Scene Arrival Minutes,Not Applicable (Not Transported),Not Applicable (Not Transported),1,Daylight,Reduced Visibility,1,1,['Driver'],['None_Used'],0,0,Valid,0.0,1.0,67.0,23.0,"['Male', 'Male']",0,0,5,4,5,Dry,Straight,Level,Lowest,No
30650,47,Tennessee,470926,0,3,1,2,1,MEMPHIS,September,27,Wednesday,21,4,Urban,Medium Speed (Collector),No,35.137975,-90.00281111,Non-Intersection,Dark - Not Lighted,Clear,9:00pm-9:59pm,9,9:00pm-9:59pm,19,9:00pm-9:59pm,32,1,Dark - Unlighted,Clear,1,0,['Driver'],['Shoulder_Lapbelt'],0,0,Invalid,0.0,1.0,35.0,35.0,['Male'],0,0,3,4,5,Dry,Straight,Level,Lowest,No
30651,47,Tennessee,470927,0,1,1,0,1,NOT APPLICABLE,September,26,Tuesday,13,0,Rural,Medium Speed (Collector),No,35.48096111,-85.27073889,Non-Intersection,Daylight,Clear,1:00pm-1:59pm,2,1:00pm-1:59pm,20,1:00pm-1:59pm,57,1,Daylight,Clear,1,0,['Driver'],['None_Used'],0,0,Valid,1.0,0.0,71.0,71.0,['Male'],0,0,5,4,2,Dry,Straight,Level,Lowest,No
30652,47,Tennessee,470928,0,3,3,0,4,GADSDEN,September,11,Monday,10,34,Rural,Medium Speed (Collector),No,35.76683889,-89.00718889,Non-Intersection,Daylight,Clear,Unknown,Unknown,Unknown EMS Scene Arrival Hour,Unknown EMS Scene Arrival Minutes,Not Applicable (Not Transported),Not Applicable (Not Transported),3,Daylight,Clear,3,1,"['Driver', 'Driver', 'Front_Passenger']","['Shoulder_Lapbelt', 'Shoulder_Lapbelt', 'Shoulder_Lapbelt']",0,0,Valid,0.0,0.0,67.0,20.0,"['Female', 'Male', 'Male']",0,0,4,4,5,Dry,Straight,Level,Lowest,No
30653,47,Tennessee,470930,1,1,1,0,1,MEMPHIS,September,11,Monday,2,40,Urban,High Speed (Arterial),Yes,35.11973611,-89.98485556,Non-Intersection,Dark - Lighted,Clear,2:00am-2:59am,24,2:00am-2:59am,29,2:00am-2:59am,48,1,Dark - Lighted,Clear,0,1,[],[],0,0,Valid,0.0,0.0,32.0,32.0,['Female'],0,0,2,3,4,Dry,Straight,Level,Lowest,No
30654,47,Tennessee,470931,0,1,1,0,1,NOT APPLICABLE,September,22,Friday,18,10,Rural,Low Speed (Local),No,35.37293889,-89.19976111,Non-Intersection,Daylight,Clear,Unknown,Unknown,Unknown EMS Scene Arrival Hour,Unknown EMS Scene Arrival Minutes,Unknown,Unknown EMS Hospital Arrival Time,1,Daylight,Clear,1,0,['Driver'],['Shoulder_Lapbelt'],0,0,Valid,0.0,0.0,42.0,42.0,['Male'],0,0,3,4,3,Dry,Straight,Level,Lowest,No