,State_Code,State_Name,Crash_ID,Count_Non_Motorists,Count_Vehicles_Total,Count_Vehicle_Forms,Count_PVH_Involved,Count_Occupants_MV,City_Name,Month_Name,Day_of_Month,Day_of_Week,Crash_Hour,Crash_Minute,Area_Rural_Urban,Road_Functional_Class,On_NHS_Road,Latitude,Longitude,Intersection_Type,Light_Condition,Weather_Condition,Notif_Hour,Notif_Minute,Arrival_Hour,Arrival_Minute,Hospital_Hour,Hospital_Minute,Fatalities_Count,Clean_Light_Condition,Clean_Weather_Condition,Total_Killed,Total_Alive,Fatal_Seats_List,Killed_Restraint_List,Any_Driver_Drinking,Total_Drinking_Drivers,Driver_License_Category,Driver_Max_Prev_Accident_Count,Driver_Max_Prev_Speeding_Count,Max_Driver_Age,Min_Driver_Age,Driver_Sex_List,Total_Exceeding_Limit_Vehicles,Total_Too_Fast_Vehicles,Max_Vehicle_Type_Severity_5,Max_Vehicle_Damage_Rank,Max_Harmful_Event_Severity,Crash_Road_Surface_Condition,Crash_Horizontal_Alignment,Crash_Vertical_Profile,Crash_Impairment_Category,Crash_Vehicle_Defect
30655,47,Tennessee,470932,1,1,1,0,1,HUMBOLDT,September,27,Wednesday,99,99,Urban,High Speed (Arterial),Yes,35.83996111,-88.91498056,Non-Intersection,Dark - Not Lighted,Clear,Unknown,Unknown,Unknown EMS Scene Arrival Hour,Unknown EMS Scene Arrival Minutes,Unknown,Unknown EMS Hospital Arrival Time,1,Dark - Unlighted,Clear,0,1,[],[],0,0,Valid,0.0,0.0,31.0,31.0,['Male'],0,0,3,0,4,Dry,Straight,Level,Lowest,No
30656,47,Tennessee,470934,0,1,1,0,2,CHATTANOOGA,September,29,Friday,17,22,Urban,High Speed (Arterial),Yes,35.01146111,-85.38925,Non-Intersection,Daylight,Clear,5:00pm-5:59pm,23,5:00pm-5:59pm,51,6:00pm-6:59pm,18,1,Daylight,Clear,1,1,['Driver'],['None_Used'],0,0,Valid,0.0,0.0,54.0,54.0,['Male'],0,0,5,3,1,Dry,Straight,Level,Lowest,No
30657,47,Tennessee,470935,0,2,2,0,3,MEMPHIS,September,29,Friday,19,4,Urban,High Speed (Arterial),Yes,35.02061111,-89.93123889,Simple Junction,Dark - Lighted,Clear,7:00pm-7:59pm,5,7:00pm-7:59pm,18,7:00pm-7:59pm,53,1,Dark - Lighted,Clear,1,2,['Driver'],['Shoulder_Lapbelt'],0,0,Valid,0.0,0.0,36.0,23.0,"['Male', 'Male']",0,0,2,4,5,Dry,Straight,Level,Lowest,No
30658,47,Tennessee,470936,0,1,1,0,1,MEMPHIS,September,30,Saturday,3,13,Urban,High Speed (Arterial),Yes,35.1798,-89.82666111,Non-Intersection,Dark - Lighted,Clear,Unknown,Unknown,Unknown EMS Scene Arrival Hour,Unknown EMS Scene Arrival Minutes,Unknown,Unknown EMS Hospital Arrival Time,1,Dark - Lighted,Clear,1,0,['Driver'],['None_Used'],1,1,Invalid,0.0,0.0,36.0,36.0,['Male'],1,0,2,4,2,Dry,Straight,Level,Lowest,No
30659,47,Tennessee,470937,0,1,1,0,1,LEWISBURG,September,18,Monday,20,37,Rural,Medium Speed (Collector),No,35.39228056,-86.81781944,Non-Intersection,Dark - Not Lighted,Cloudy,8:00pm-8:59pm,35,8:00pm-8:59pm,39,8:00pm-8:59pm,59,1,Dark - Unlighted,Reduced Visibility,1,0,['Driver'],['None_Used'],0,0,Valid,2.0,0.0,59.0,59.0,['Male'],0,0,2,4,3,Dry,Straight,Level,Lowest,No
30660,47,Tennessee,470938,0,2,2,0,3,MEMPHIS,September,17,Sunday,14,45,Urban,High Speed (Arterial),Yes,35.15396111,-89.79528889,Non-Intersection,Daylight,Clear,2:00pm-2:59pm,53,3:00pm-3:59pm,8,Unknown,Unknown EMS Hospital Arrival Time,1,Daylight,Clear,1,2,['Driver'],['None_Used'],0,0,Valid,2.0,2.0,85.0,54.0,"['Female', 'Male']",0,0,5,4,5,Dry,Straight,Non-Trafficway,Lowest,No
30661,47,Tennessee,470939,1,1,1,0,1,CALHOUN,September,26,Tuesday,21,9,Rural,Low Speed (Local),No,35.36495,-84.81773889,Non-Intersection,Dark - Not Lighted,Clear,9:00pm-9:59pm,12,9:00pm-9:59pm,20,Not Applicable (Not Transported),Not Applicable (Not Transported),1,Dark - Unlighted,Clear,0,1,[],[],0,0,Valid,0.0,1.0,16.0,16.0,['Male'],0,0,3,3,4,Dry,Straight,Level,Lowest,No
30662,47,Tennessee,470940,0,1,1,0,1,OAK RIDGE,September,29,Friday,23,22,Urban,High Speed (Arterial),Yes,36.00161944,-84.24331944,Complex/Circle,Dark - Lighted,Clear,Unknown,Unknown,Unknown EMS Scene Arrival Hour,Unknown EMS Scene Arrival Minutes,Not Applicable (Not Transported),Not Applicable (Not Transported),1,Dark - Lighted,Clear,1,0,['Driver'],['None_Used'],1,1,Invalid,0.0,1.0,36.0,36.0,['Male'],1,0,3,4,3,Dry,Straight,Level,Lowest,No
30663,47,Tennessee,470941,1,1,1,0,1,MEMPHIS,October,1,Sunday,2,33,Urban,Medium Speed (Collector),No,35.06070278,-89.83386111,Non-Intersection,Dark - Not Lighted,Clear,Unknown,Unknown,Unknown EMS Scene Arrival Hour,Unknown EMS Scene Arrival Minutes,Unknown,Unknown EMS Hospital Arrival Time,1,Dark - Unlighted,Clear,0,1,[],[],0,0,Valid,0.0,2.0,61.0,61.0,['Female'],0,0,3,3,4,Dry,Straight,Level,Lowest,No
30664,47,Tennessee,470942,0,2,2,0,2,CHATTANOOGA,September,20,Wednesday,20,0,Urban,High Speed (Arterial),Yes,35.01593889,-85.27826944,Non-Intersection,Dark - Lighted,Clear,7:00pm-7:59pm,59,8:00pm-8:59pm,7,8:00pm-8:59pm,38,1,Dark - Lighted,Clear,1,1,['Driver'],['Shoulder_Lapbelt'],1,1,Invalid,0.0,0.0,45.0,40.0,"['Male', 'Male']",0,0,4,4,5,Dry,Straight,Grade/Hillcrest,Lowest,No
30665,47,Tennessee,470943,0,2,2,0,3,NOT APPLICABLE,September,26,Tuesday,11,17,Urban,High Speed (Arterial),No,36.02723889,-84.07671111,Non-Intersection,Daylight,Clear,Unknown,Unknown,Unknown EMS Scene Arrival Hour,Unknown EMS Scene Arrival Minutes,Unknown,Unknown EMS Hospital Arrival Time,2,Daylight,Clear,2,1,"['Driver', 'Front_Passenger']","['Shoulder_Lapbelt', 'Shoulder_Lapbelt']",0,0,Invalid,2.0,3.0,80.0,30.0,"['Female', 'Male']",0,0,3,4,5,Dry,Curve,Grade/Hillcrest,Lowest,No
30666,47,Tennessee,470944,0,2,2,0,2,NOT APPLICABLE,September,27,Wednesday,19,20,Rural,Medium Speed (Collector),No,35.58615,-86.55181944,Simple Junction,Dark - Not Lighted,Clear,7:00pm-7:59pm,27,7:00pm-7:59pm,39,Unknown,Unknown EMS Hospital Arrival Time,1,Dark - Unlighted,Clear,1,1,['Driver'],['None_Used'],0,0,Valid,1.0,0.0,54.0,48.0,"['Male', 'Male']",1,0,5,4,5,Dry,Curve,Level,Lowest,No
30667,47,Tennessee,470945,0,1,1,0,1,KNOXVILLE,October,1,Sunday,1,14,Urban,Medium Speed (Collector),No,36.00301111,-83.9604,Non-Intersection,Dark - Lighted,Clear,0:00am-0:59am,14,0:00am-0:59am,20,0:00am-0:59am,45,1,Dark - Lighted,Clear,1,0,['Driver'],['None_Used'],1,1,Valid,1.0,0.0,30.0,30.0,['Female'],0,0,2,4,3,Dry,Curve,Grade/Hillcrest,Lowest,No
30668,47,Tennessee,470946,0,2,2,0,3,HILLSBORO,September,17,Sunday,9,40,Rural,Medium Speed (Collector),No,35.45841944,-85.92921111,Complex/Circle,Daylight,Clear,9:00am-9:59am,32,9:00am-9:59am,45,10:00am-10:59am,27,1,Daylight,Clear,1,2,['Driver'],['Shoulder_Lapbelt'],0,0,Valid,0.0,0.0,78.0,57.0,"['Male', 'Female']",0,0,3,4,5,Dry,Straight,Level,Lowest,No
30669,47,Tennessee,470947,0,1,1,0,1,RIPLEY,September,30,Saturday,9,43,Rural,Medium Speed (Collector),No,35.75056944,-89.62661944,Non-Intersection,Daylight,Clear,Unknown,Unknown,Unknown EMS Scene Arrival Hour,Unknown EMS Scene Arrival Minutes,Not Applicable (Not Transported),Not Applicable (Not Transported),1,Daylight,Clear,1,0,['Driver'],['None_Used'],0,0,Valid,0.0,0.0,78.0,78.0,['Male'],0,0,3,4,3,Dry,Straight,Level,Lowest,No
30670,47,Tennessee,470948,0,2,2,0,3,TULLAHOMA,September,30,Saturday,11,0,Urban,High Speed (Arterial),Yes,35.33126111,-86.18203056,Non-Intersection,Daylight,Clear,11:00am-11:59am,1,11:00am-11:59am,9,11:00am-11:59am,31,1,Daylight,Clear,1,2,['Driver'],['None_Used'],0,0,Valid,3.0,3.0,55.0,23.0,"['Male', 'Male']",1,0,3,4,5,Dry,Straight,Level,Lowest,No
30671,47,Tennessee,470949,0,1,1,0,1,CROSSVILLE,October,2,Monday,14,11,Rural,Low Speed (Local),No,35.9768,-84.9118,Non-Intersection,Daylight,Clear,1:00pm-1:59pm,59,2:00pm-2:59pm,9,3:00pm-3:59pm,10,1,Daylight,Clear,1,0,['Driver'],['None_Used'],0,0,Invalid,0.0,0.0,35.0,35.0,['Male'],1,0,5,4,3,Dry,Curve,Level,Lowest,No
30672,47,Tennessee,470950,0,2,2,0,2,CROSSVILLE,October,2,Monday,6,50,Rural,High Speed (Arterial),Yes,36.02218056,-85.04331111,Non-Intersection,Dawn,Clear,6:00am-6:59am,56,7:00am-7:59am,3,Not Applicable (Not Transported),Not Applicable (Not Transported),1,Twilight,Clear,1,1,['Driver'],['Shoulder_Lapbelt'],0,0,Valid,0.0,2.0,61.0,40.0,"['Male', 'Male']",0,0,4,4,5,Dry,Curve,Level,Lowest,No
30673,47,Tennessee,470951,0,2,2,0,2,MILAN,October,2,Monday,17,31,Urban,High Speed (Arterial),Yes,35.92118889,-88.75926111,Non-Intersection,Daylight,Clear,5:00pm-5:59pm,29,5:00pm-5:59pm,43,6:00pm-6:59pm,6,1,Daylight,Clear,1,0,['Driver'],['Shoulder_Lapbelt'],1,1,Valid,0.0,0.0,52.0,46.0,"['Male', 'Male']",0,0,4,4,5,Dry,Straight,Level,Lowest,No
30674,47,Tennessee,470952,0,1,1,0,1,MEMPHIS,October,3,Tuesday,2,47,Urban,High Speed (Arterial),Yes,35.020725,-89.9501,Simple Junction,Dark - Lighted,Clear,Unknown,Unknown,Unknown EMS Scene Arrival Hour,Unknown EMS Scene Arrival Minutes,Unknown,Unknown EMS Hospital Arrival Time,1,Dark - Lighted,Clear,1,0,['Driver'],['None_Used'],1,1,Invalid,0.0,0.0,22.0,22.0,['Female'],0,0,3,4,3,Dry,Straight,Grade/Hillcrest,Lowest,No
30675,47,Tennessee,470953,0,1,1,0,1,SEVIERVILLE,October,1,Sunday,17,10,Rural,Low Speed (Local),No,35.85461111,-83.62985,Non-Intersection,Daylight,Clear,Unknown,Unknown,Unknown EMS Scene Arrival Hour,Unknown EMS Scene Arrival Minutes,Unknown,Unknown EMS Hospital Arrival Time,1,Daylight,Clear,1,0,['Driver'],['None_Used'],0,0,Valid,0.0,0.0,49.0,49.0,['Female'],0,0,5,4,2,Dry,Curve,Grade/Hillcrest,Lowest,No
30676,47,Tennessee,470954,0,2,2,0,2,MEMPHIS,October,3,Tuesday,19,15,Urban,High Speed (Arterial),Yes,35.05835278,-89.93393056,Non-Intersection,Dark - Lighted,Clear,7:00pm-7:59pm,15,7:00pm-7:59pm,25,7:00pm-7:59pm,59,1,Dark - Lighted,Clear,1,1,['Driver'],['Shoulder_Lapbelt'],0,0,Valid,0.0,1.0,63.0,49.0,"['Female', 'Male']",0,0,3,4,5,Dry,Straight,Level,Lowest,No
30677,47,Tennessee,470955,0,1,1,0,1,GALLATIN,October,3,Tuesday,1,20,Urban,High Speed (Arterial),Yes,36.38671944,-86.45221944,Non-Intersection,Dark - Lighted,Clear,Unknown,Unknown,Unknown EMS Scene Arrival Hour,Unknown EMS Scene Arrival Minutes,Not Applicable (Not Transported),Not Applicable (Not Transported),1,Dark - Lighted,Clear,1,0,['Driver'],['Shoulder_Lapbelt'],0,0,Valid,0.0,0.0,63.0,63.0,['Male'],1,0,2,4,3,Dry,Curve,Level,Lowest,No
30678,47,Tennessee,470956,0,2,2,0,2,MEMPHIS,July,21,Friday,2,0,Urban,Medium Speed (Collector),No,35.08671944,-89.931175,Non-Intersection,Dark - Lighted,Clear,2:00am-2:59am,13,2:00am-2:59am,18,3:00am-3:59am,2,1,Dark - Lighted,Clear,1,0,['Driver'],['Shoulder_Lapbelt'],0,0,Valid,1.0,1.0,68.0,22.0,"['Male', 'Male']",0,0,2,4,5,Dry,Straight,Non-Trafficway,Lowest,No
30679,47,Tennessee,470957,0,3,3,0,3,CORRYTON,September,30,Saturday,3,20,Rural,Medium Speed (Collector),No,36.11753889,-83.72905,Non-Intersection,Dark - Not Lighted,Clear,Unknown,Unknown,Unknown EMS Scene Arrival Hour,Unknown EMS Scene Arrival Minutes,Not Applicable (Not Transported),Not Applicable (Not Transported),1,Dark - Unlighted,Clear,1,1,['Driver'],['None_Used'],0,0,Valid,2.0,1.0,999.0,27.0,"['Male', 'Male', 'Other']",0,0,5,4,5,Dry,Straight,Level,Lowest,No
30680,47,Tennessee,470960,0,1,1,0,1,PEGRAM,September,29,Friday,22,41,Rural,Medium Speed (Collector),No,36.10846944,-87.07303889,Non-Intersection,Dark - Not Lighted,Clear,Unknown,Unknown,Unknown EMS Scene Arrival Hour,Unknown EMS Scene Arrival Minutes,Not Applicable (Not Transported),Not Applicable (Not Transported),1,Dark - Unlighted,Clear,1,0,['Driver'],['None_Used'],0,0,Valid,2.0,0.0,27.0,27.0,['Male'],0,0,5,4,2,Dry,Curve,Level,Lowest,No
30681,47,Tennessee,470961,0,1,1,0,1,NEW TAZEWELL,October,1,Sunday,22,4,Rural,Medium Speed (Collector),No,36.40601111,-83.65985,Non-Intersection,Dark - Not Lighted,Clear,10:00pm-10:59pm,15,10:00pm-10:59pm,15,Not Applicable (Not Transported),Not Applicable (Not Transported),1,Dark - Unlighted,Clear,1,0,['Driver'],['None_Used'],0,0,Valid,0.0,0.0,48.0,48.0,['Male'],0,0,5,4,2,Dry,Curve,Grade/Hillcrest,Lowest,No
30682,47,Tennessee,470963,0,3,3,0,3,PULASKI,October,4,Wednesday,6,21,Urban,High Speed (Arterial),Yes,35.19683056,-87.03201111,Complex/Circle,Dawn,Clear,Unknown,Unknown,Unknown EMS Scene Arrival Hour,Unknown EMS Scene Arrival Minutes,Not Applicable (Not Transported),Not Applicable (Not Transported),2,Twilight,Clear,2,1,"['Driver', 'Driver']","['None_Used', 'Shoulder_Lapbelt']",0,0,Valid,2.0,2.0,85.0,20.0,"['Male', 'Male', 'Male']",1,0,3,4,5,Dry,Straight,Level,Lowest,No
30683,47,Tennessee,470964,0,1,1,0,1,NOT APPLICABLE,October,3,Tuesday,99,99,Rural,Medium Speed (Collector),No,35.5089,-88.93265,Non-Intersection,Reported as Unknown,Reported as Unknown,Unknown,Unknown,Unknown EMS Scene Arrival Hour,Unknown EMS Scene Arrival Minutes,Not Applicable (Not Transported),Not Applicable (Not Transported),1,Dark - Unlighted,Clear,1,0,['Driver'],['None_Used'],0,0,Valid,1.0,0.0,63.0,63.0,['Male'],0,0,3,4,1,Dry,Curve,Level,Lowest,No
30684,47,Tennessee,470966,0,2,2,0,2,NOT APPLICABLE,October,4,Wednesday,17,55,Urban,Medium Speed (Collector),No,35.46226944,-84.57411944,Non-Intersection,Daylight,Clear,Unknown,Unknown,Unknown EMS Scene Arrival Hour,Unknown EMS Scene Arrival Minutes,Unknown,Unknown EMS Hospital Arrival Time,1,Daylight,Clear,1,1,['Driver'],['None_Used'],0,0,Valid,0.0,1.0,49.0,40.0,"['Male', 'Female']",0,0,5,4,5,Dry,Curve,Level,Lowest,No
30685,47,Tennessee,470967,1,1,1,0,1,MANCHESTER,October,4,Wednesday,19,5,Rural,Medium Speed (Collector),No,35.51656111,-86.13491944,Simple Junction,Dark - Not Lighted,Clear,Unknown,Unknown,Unknown EMS Scene Arrival Hour,Unknown EMS Scene Arrival Minutes,Unknown,Unknown EMS Hospital Arrival Time,1,Dark - Unlighted,Clear,0,1,[],[],0,0,Valid,0.0,0.0,27.0,27.0,['Female'],0,0,2,4,4,Dry,Straight,Level,Lowest,No
30686,47,Tennessee,470968,1,1,1,0,1,CHATTANOOGA,October,7,Saturday,0,33,Urban,High Speed (Arterial),Yes,35.08171944,-85.26294722,Complex/Circle,Dark - Lighted,Clear,Unknown,Unknown,Unknown EMS Scene Arrival Hour,Unknown EMS Scene Arrival Minutes,Not Applicable (Not Transported),Not Applicable (Not Transported),1,Dark - Lighted,Clear,0,1,[],[],0,0,Valid,0.0,0.0,28.0,28.0,['Male'],0,0,3,3,4,Dry,Straight,Level,Lowest,No
30687,47,Tennessee,470969,1,2,1,1,0,ANTIOCH,September,28,Thursday,23,0,Urban,Low Speed (Local),No,36.07251111,-86.65706111,Non-Intersection,Dark - Not Lighted,Clear,Unknown,Unknown,Unknown EMS Scene Arrival Hour,Unknown EMS Scene Arrival Minutes,Not Applicable (Not Transported),Not Applicable (Not Transported),1,Dark - Unlighted,Clear,0,0,[],[],0,0,Valid,0.0,0.0,49.0,34.0,Other,0,0,2,2,4,Dry,Curve,Grade/Hillcrest,Lowest,No
30688,47,Tennessee,470970,1,1,1,0,1,HERMITAGE,October,7,Saturday,22,33,Urban,Medium Speed (Collector),No,36.17326111,-86.60151111,Non-Intersection,Dark - Lighted,Clear,10:00pm-10:59pm,34,10:00pm-10:59pm,42,11:00pm-11:59pm,10,1,Dark - Lighted,Clear,0,0,[],[],0,0,Invalid,0.0,0.0,999.0,999.0,['Other'],0,0,1,3,4,Dry,Straight,Level,Lowest,No
30689,47,Tennessee,470971,0,2,2,0,3,MORRISTOWN,October,3,Tuesday,12,59,Urban,High Speed (Arterial),Yes,36.18818889,-83.30453889,Simple Junction,Daylight,Clear,1:00pm-1:59pm,0,1:00pm-1:59pm,6,1:00pm-1:59pm,24,1,Daylight,Clear,1,2,['Driver'],['Shoulder_Lapbelt'],0,0,Valid,0.0,0.0,72.0,28.0,"['Male', 'Male']",0,0,3,4,5,Dry,Straight,Grade/Hillcrest,Lowest,No
30690,47,Tennessee,470972,0,1,1,0,1,NOT APPLICABLE,October,7,Saturday,16,43,Rural,Medium Speed (Collector),No,35.60773889,-86.55491111,Non-Intersection,Daylight,Clear,Unknown,Unknown,Unknown EMS Scene Arrival Hour,Unknown EMS Scene Arrival Minutes,Not Applicable (Not Transported),Not Applicable (Not Transported),1,Daylight,Clear,1,0,['Driver'],['None_Used'],1,1,Valid,0.0,0.0,26.0,26.0,['Male'],1,0,5,4,3,Dry,Curve,Level,Lowest,No
30691,47,Tennessee,470973,0,2,2,0,2,NASHVILLE,October,8,Sunday,0,10,Urban,High Speed (Arterial),Yes,36.07633056,-86.64036111,Non-Intersection,Dark - Lighted,Clear,Unknown,Unknown,Unknown EMS Scene Arrival Hour,Unknown EMS Scene Arrival Minutes,Not Applicable (Not Transported),Not Applicable (Not Transported),1,Dark - Lighted,Clear,1,1,['Driver'],['Shoulder_Lapbelt'],0,0,Valid,0.0,0.0,36.0,18.0,"['Male', 'Male']",0,0,2,4,3,Dry,Straight,Grade/Hillcrest,Lowest,No
30692,47,Tennessee,470974,0,1,1,0,3,NASHVILLE,October,8,Sunday,3,4,Urban,High Speed (Arterial),Yes,36.03821944,-86.6469,Non-Intersection,Dark - Lighted,Clear,Unknown,Unknown,Unknown EMS Scene Arrival Hour,Unknown EMS Scene Arrival Minutes,Not Applicable (Not Transported),Not Applicable (Not Transported),3,Dark - Lighted,Clear,3,0,"['Driver', 'Front_Passenger', 'Rear_Seat']","['Shoulder_Lapbelt', 'Shoulder_Lapbelt', 'None_Used']",0,0,Valid,1.0,0.0,47.0,47.0,['Male'],0,0,2,4,3,Dry,Straight,Level,Lowest,No
30693,47,Tennessee,470975,1,1,1,0,1,CLARKSVILLE,October,7,Saturday,22,31,Urban,High Speed (Arterial),Yes,36.59579444,-87.28319444,Non-Intersection,Dark - Not Lighted,Clear,10:00pm-10:59pm,39,10:00pm-10:59pm,42,11:00pm-11:59pm,11,1,Dark - Unlighted,Clear,0,1,[],[],0,0,Valid,0.0,0.0,37.0,37.0,['Male'],0,0,3,3,4,Dry,Straight,Level,Lowest,No
30694,47,Tennessee,470976,0,2,2,0,2,MEMPHIS,October,9,Monday,23,12,Urban,Medium Speed (Collector),No,35.03498611,-89.87778889,Simple Junction,Dark - Lighted,Clear,Unknown,Unknown,Unknown EMS Scene Arrival Hour,Unknown EMS Scene Arrival Minutes,Not Applicable (Not Transported),Not Applicable (Not Transported),1,Dark - Lighted,Clear,1,1,['Driver'],['None_Used'],1,1,Valid,3.0,1.0,34.0,32.0,"['Female', 'Female']",1,0,4,4,5,Dry,Straight,Level,Lowest,No
30695,47,Tennessee,470977,0,2,2,0,3,POWELL,October,1,Sunday,8,29,Urban,Medium Speed (Collector),No,36.00748889,-84.07663889,Simple Junction,Daylight,Clear,7:00am-7:59am,38,7:00am-7:59am,41,8:00am-8:59am,17,1,Daylight,Clear,1,2,['Driver'],['None_Used'],0,0,Valid,1.0,0.0,50.0,39.0,"['Male', 'Male']",0,0,5,4,5,Dry,Straight,Level,Lowest,No
30696,47,Tennessee,470978,0,3,3,0,3,NASHVILLE,October,10,Tuesday,9,34,Urban,High Speed (Arterial),Yes,36.10178056,-86.62658056,Non-Intersection,Daylight,Clear,Unknown,Unknown,Unknown EMS Scene Arrival Hour,Unknown EMS Scene Arrival Minutes,Not Applicable (Not Transported),Not Applicable (Not Transported),1,Daylight,Clear,1,2,['Driver'],['Shoulder_Lapbelt'],0,0,Valid,0.0,0.0,72.0,33.0,"['Male', 'Male', 'Male']",0,0,4,4,5,Dry,Straight,Level,Lowest,No
30697,47,Tennessee,470979,0,3,3,0,5,KNOXVILLE,October,10,Tuesday,17,14,Urban,High Speed (Arterial),Yes,35.90075,-83.82176111,Complex/Circle,Daylight,Clear,5:00pm-5:59pm,21,5:00pm-5:59pm,28,5:00pm-5:59pm,56,2,Daylight,Clear,2,3,"['Driver', 'Front_Passenger']","['None_Used', 'None_Used']",1,1,Invalid,0.0,0.0,62.0,30.0,"['Male', 'Female', 'Female']",2,0,3,4,5,Dry,Straight,Level,Lowest,No
30698,47,Tennessee,470981,0,1,1,0,1,NASHVILLE,September,27,Wednesday,22,58,Urban,High Speed (Arterial),Yes,36.16838056,-86.79636111,Non-Intersection,Dark - Lighted,Clear,10:00pm-10:59pm,59,11:00pm-11:59pm,1,11:00pm-11:59pm,20,1,Dark - Lighted,Clear,1,0,['Driver'],['Shoulder_Lapbelt'],0,0,Valid,0.0,0.0,28.0,28.0,['Female'],0,0,3,4,3,Dry,Straight,Level,Lowest,No
30699,47,Tennessee,470982,0,2,2,0,3,MEMPHIS,October,11,Wednesday,21,44,Urban,High Speed (Arterial),Yes,35.18168611,-89.7929,Non-Intersection,Dark - Lighted,Clear,9:00pm-9:59pm,50,9:00pm-9:59pm,58,10:00pm-10:59pm,20,1,Dark - Lighted,Clear,1,2,['Driver'],['Shoulder_Lapbelt'],0,0,Valid,0.0,0.0,59.0,37.0,"['Male', 'Female']",0,0,3,4,5,Dry,Straight,Level,Lowest,No
30700,47,Tennessee,470983,1,2,1,1,2,SURGOINSVILLE,October,11,Wednesday,16,22,Rural,Medium Speed (Collector),No,36.48758889,-82.82475,Non-Intersection,Daylight,Cloudy,4:00pm-4:59pm,14,4:00pm-4:59pm,54,Unknown,Unknown EMS Hospital Arrival Time,1,Daylight,Reduced Visibility,0,2,[],[],0,0,Valid,3.0,2.0,24.0,24.0,['Male'],0,0,3,4,5,Dry,Straight,Level,Lowest,No
30701,47,Tennessee,470985,1,1,1,0,1,MORRISTOWN,October,12,Thursday,17,41,Urban,Low Speed (Local),No,36.24581944,-83.2773,Non-Intersection,Daylight,Cloudy,Unknown,Unknown,Unknown EMS Scene Arrival Hour,Unknown EMS Scene Arrival Minutes,Unknown,Unknown EMS Hospital Arrival Time,1,Daylight,Reduced Visibility,0,1,[],[],0,0,Valid,0.0,0.0,56.0,56.0,['Male'],0,0,3,2,4,Dry,Straight,Grade/Hillcrest,Lowest,No
30702,47,Tennessee,470986,0,1,1,0,1,NOT APPLICABLE,October,5,Thursday,9,21,Rural,Low Speed (Local),No,36.17765,-88.49083056,Non-Intersection,Daylight,Rain,Unknown,Unknown,Unknown EMS Scene Arrival Hour,Unknown EMS Scene Arrival Minutes,Not Applicable (Not Transported),Not Applicable (Not Transported),1,Daylight,Rain/Wind/Minor,1,0,['Driver'],['Shoulder_Lapbelt'],0,0,Valid,0.0,0.0,19.0,19.0,['Female'],0,0,2,4,3,Wet/Standing Water,Curve,Level,Lowest,No
30703,47,Tennessee,470987,0,2,2,0,5,HAMPTON,October,6,Friday,22,19,Rural,Medium Speed (Collector),No,36.22701944,-82.18463056,Non-Intersection,Dark - Not Lighted,Rain,10:00pm-10:59pm,41,10:00pm-10:59pm,41,11:00pm-11:59pm,19,1,Dark - Unlighted,Rain/Wind/Minor,1,4,['Driver'],['Shoulder_Lapbelt'],0,0,Valid,1.0,1.0,39.0,27.0,"['Male', 'Male']",0,0,3,4,5,Wet/Standing Water,Straight,Grade/Hillcrest,Lowest,No
30704,47,Tennessee,470988,0,2,2,0,2,MEMPHIS,October,13,Friday,12,48,Urban,High Speed (Arterial),Yes,35.06310833,-90.05920278,Complex/Circle,Daylight,Clear,Unknown,Unknown,Unknown EMS Scene Arrival Hour,Unknown EMS Scene Arrival Minutes,Not Applicable (Not Transported),Not Applicable (Not Transported),1,Daylight,Clear,1,1,['Driver'],['Shoulder_Lapbelt'],0,0,Valid,0.0,2.0,45.0,33.0,"['Male', 'Male']",0,0,3,4,5,Dry,Straight,Grade/Hillcrest,Lowest,No
30705,47,Tennessee,470989,0,1,1,0,1,SEVIERVILLE,October,15,Sunday,99,99,Urban,High Speed (Arterial),Yes,35.98448056,-83.59798889,Non-Intersection,Dark - Not Lighted,Reported as Unknown,Unknown,Unknown,Unknown EMS Scene Arrival Hour,Unknown EMS Scene Arrival Minutes,Not Applicable (Not Transported),Not Applicable (Not Transported),1,Dark - Unlighted,Clear,1,0,['Driver'],['None_Used'],1,1,Valid,0.0,2.0,37.0,37.0,['Male'],0,0,3,4,3,Dry,Straight,Level,Lowest,No
30706,47,Tennessee,470990,0,2,2,0,2,NEW JOHNSONVILLE,October,7,Saturday,15,18,Rural,Low Speed (Local),No,35.99636111,-87.96986111,Non-Intersection,Daylight,Clear,2:00pm-2:59pm,49,3:00pm-3:59pm,2,3:00pm-3:59pm,52,1,Daylight,Clear,1,1,['Driver'],['None_Used'],0,0,Valid,0.0,0.0,16.0,16.0,"['Male', 'Male']",0,0,5,4,5,Dry,Straight,Level,Lowest,Yes
30707,47,Tennessee,470991,0,2,2,0,3,DENMARK,October,9,Monday,11,4,Rural,Medium Speed (Collector),No,35.58511111,-89.05525,Complex/Circle,Daylight,Clear,11:00am-11:59am,4,11:00am-11:59am,18,12:00pm-12:59pm,4,1,Daylight,Clear,1,2,['Driver'],['Shoulder_Lapbelt'],0,0,Valid,1.0,0.0,66.0,17.0,"['Male', 'Male']",0,0,4,4,5,Dry,Straight,Level,Lowest,No
30708,47,Tennessee,470992,1,1,1,0,1,JOHNSON CITY,October,14,Saturday,2,15,Urban,High Speed (Arterial),Yes,36.30945,-82.39983056,Non-Intersection,Dark - Lighted,Rain,Unknown,Unknown,Unknown EMS Scene Arrival Hour,Unknown EMS Scene Arrival Minutes,Unknown,Unknown EMS Hospital Arrival Time,1,Dark - Lighted,Rain/Wind/Minor,0,1,[],[],0,0,Invalid,3.0,2.0,19.0,19.0,['Male'],0,0,3,2,4,Wet/Standing Water,Straight,Grade/Hillcrest,Lowest,Yes