,State_Code,State_Name,Crash_ID,Count_Non_Motorists,Count_Vehicles_Total,Count_Vehicle_Forms,Count_PVH_Involved,Count_Occupants_MV,City_Name,Month_Name,Day_of_Month,Day_of_Week,Crash_Hour,Crash_Minute,Area_Rural_Urban,Road_Functional_Class,On_NHS_Road,Latitude,Longitude,Intersection_Type,Light_Condition,Weather_Condition,Notif_Hour,Notif_Minute,Arrival_Hour,Arrival_Minute,Hospital_Hour,Hospital_Minute,Fatalities_Count,Clean_Light_Condition,Clean_Weather_Condition,Total_Killed,Total_Alive,Fatal_Seats_List,Killed_Restraint_List,Any_Driver_Drinking,Total_Drinking_Drivers,Driver_License_Category,Driver_Max_Prev_Accident_Count,Driver_Max_Prev_Speeding_Count,Max_Driver_Age,Min_Driver_Age,Driver_Sex_List,Total_Exceeding_Limit_Vehicles,Total_Too_Fast_Vehicles,Max_Vehicle_Type_Severity_5,Max_Vehicle_Damage_Rank,Max_Harmful_Event_Severity,Crash_Road_Surface_Condition,Crash_Horizontal_Alignment,Crash_Vertical_Profile,Crash_Impairment_Category,Crash_Vehicle_Defect
30709,47,Tennessee,470993,0,2,2,0,3,CHATTANOOGA,October,14,Saturday,10,7,Urban,High Speed (Arterial),Yes,35.02044722,-85.32739167,Non-Intersection,Daylight,Clear,10:00am-10:59am,8,10:00am-10:59am,24,10:00am-10:59am,59,1,Daylight,Clear,1,2,['Driver'],['None_Used'],0,0,Valid,3.0,0.0,68.0,44.0,"['Male', 'Male']",1,0,5,4,5,Dry,Straight,Level,Lowest,No
30710,47,Tennessee,470994,0,1,1,0,1,MONTEREY,October,16,Monday,10,5,Rural,Medium Speed (Collector),No,36.12796111,-85.20173056,Non-Intersection,Daylight,Rain,9:00am-9:59am,53,10:00am-10:59am,0,Unknown,Unknown EMS Hospital Arrival Time,1,Daylight,Rain/Wind/Minor,1,0,['Driver'],['Shoulder_Lapbelt'],0,0,Valid,0.0,0.0,71.0,71.0,['Male'],0,0,2,4,3,Wet/Standing Water,Curve,Grade/Hillcrest,Lowest,No
30711,47,Tennessee,470995,0,1,1,0,1,WINCHESTER,October,15,Sunday,99,99,Rural,Medium Speed (Collector),No,35.14941111,-86.05816944,Non-Intersection,Dark - Not Lighted,Rain,2:00am-2:59am,51,2:00am-2:59am,56,Not Applicable (Not Transported),Not Applicable (Not Transported),1,Dark - Unlighted,Rain/Wind/Minor,1,0,['Driver'],['Shoulder_Lapbelt'],1,1,Invalid,0.0,1.0,25.0,25.0,['Male'],1,0,2,4,3,Wet/Standing Water,Curve,Grade/Hillcrest,Lowest,No
30712,47,Tennessee,470996,0,2,1,1,2,KNOXVILLE,October,15,Sunday,14,20,Urban,Medium Speed (Collector),No,36.02558889,-83.73718889,Simple Junction,Daylight,Cloudy,1:00pm-1:59pm,36,1:00pm-1:59pm,43,2:00pm-2:59pm,22,1,Daylight,Reduced Visibility,1,1,['Front_Passenger'],['Shoulder_Lapbelt'],0,0,Valid,0.0,1.0,30.0,30.0,['Male'],2,0,2,4,5,Dry,Curve,Grade/Hillcrest,Lowest,No
30713,47,Tennessee,470997,1,1,1,0,1,NASHVILLE,August,26,Saturday,20,39,Urban,High Speed (Arterial),Yes,36.22706111,-86.75978889,Non-Intersection,Dark - Lighted,Rain,8:00pm-8:59pm,40,8:00pm-8:59pm,43,8:00pm-8:59pm,52,1,Dark - Lighted,Rain/Wind/Minor,0,1,[],[],0,0,Valid,1.0,1.0,37.0,37.0,['Female'],0,0,3,4,4,Wet/Standing Water,Straight,Level,Lowest,No
30714,47,Tennessee,470998,1,1,1,0,1,HERMITAGE,October,13,Friday,23,23,Urban,Medium Speed (Collector),No,36.18425556,-86.61033889,Non-Intersection,Dark - Not Lighted,Clear,Unknown,Unknown,Unknown EMS Scene Arrival Hour,Unknown EMS Scene Arrival Minutes,Not Applicable (Not Transported),Not Applicable (Not Transported),1,Dark - Unlighted,Clear,0,1,[],[],0,0,Valid,0.0,0.0,60.0,60.0,['Female'],0,0,3,3,4,Dry,Straight,Level,Lowest,No
30715,47,Tennessee,470999,0,1,1,0,1,NASHVILLE,October,14,Saturday,23,45,Urban,High Speed (Arterial),Yes,36.16891111,-86.65598056,Non-Intersection,Dark - Lighted,Rain,Unknown,Unknown,Unknown EMS Scene Arrival Hour,Unknown EMS Scene Arrival Minutes,Not Applicable (Not Transported),Not Applicable (Not Transported),1,Dark - Lighted,Rain/Wind/Minor,1,0,['Driver'],['None_Used'],0,0,Valid,1.0,1.0,21.0,21.0,['Male'],1,0,2,4,3,Wet/Standing Water,Curve,Grade/Hillcrest,Lowest,No
30716,47,Tennessee,471000,0,1,1,0,1,NASHVILLE,October,15,Sunday,22,0,Rural,High Speed (Arterial),Yes,36.02508889,-87.02366111,Non-Intersection,Dark - Lighted,Cloudy,Unknown,Unknown,Unknown EMS Scene Arrival Hour,Unknown EMS Scene Arrival Minutes,Not Applicable (Not Transported),Not Applicable (Not Transported),1,Dark - Lighted,Reduced Visibility,1,0,['Driver'],['None_Used'],0,0,Valid,0.0,0.0,61.0,61.0,['Male'],0,0,3,4,3,Dry,Curve,Level,Lowest,No
30717,47,Tennessee,471001,1,1,1,0,1,KNOXVILLE,September,30,Saturday,22,27,Urban,High Speed (Arterial),Yes,35.99116111,-83.92006944,Non-Intersection,Dark - Lighted,Clear,Unknown,Unknown,Unknown EMS Scene Arrival Hour,Unknown EMS Scene Arrival Minutes,Unknown,Unknown EMS Hospital Arrival Time,1,Dark - Lighted,Clear,0,1,[],[],0,0,Valid,0.0,2.0,36.0,36.0,['Female'],0,0,2,3,4,Dry,Straight,Level,Lowest,No
30718,47,Tennessee,471002,0,1,1,0,1,PORTLAND,October,6,Friday,23,10,Urban,High Speed (Arterial),Yes,36.59259722,-86.59088056,Non-Intersection,Dark - Not Lighted,Clear,11:00pm-11:59pm,14,11:00pm-11:59pm,28,0:00am-0:59am,8,1,Dark - Unlighted,Clear,1,0,['Driver'],['Shoulder_Lapbelt'],0,0,Valid,0.0,0.0,76.0,76.0,['Male'],0,0,3,4,3,Dry,Straight,Level,Lowest,No
30719,47,Tennessee,471003,0,2,2,0,2,FRANKLIN,October,13,Friday,4,42,Rural,High Speed (Arterial),Yes,35.81538056,-86.76731944,Non-Intersection,Dark - Not Lighted,Clear,Unknown,Unknown,Unknown EMS Scene Arrival Hour,Unknown EMS Scene Arrival Minutes,Not Applicable (Not Transported),Not Applicable (Not Transported),1,Dark - Unlighted,Clear,1,1,['Driver'],['Shoulder_Lapbelt'],1,1,Valid,1.0,0.0,36.0,27.0,"['Male', 'Male']",0,0,4,4,5,Dry,Straight,Grade/Hillcrest,Lowest,No
30720,47,Tennessee,471004,0,2,2,0,2,YUMA,October,16,Monday,13,53,Rural,Low Speed (Local),No,35.83698889,-88.33568889,Non-Intersection,Daylight,Cloudy,1:00pm-1:59pm,52,2:00pm-2:59pm,12,2:00pm-2:59pm,31,1,Daylight,Reduced Visibility,1,1,['Driver'],['None_Used'],0,0,Valid,3.0,1.0,49.0,43.0,"['Female', 'Male']",0,0,5,4,5,Dry,Curve,Grade/Hillcrest,Lowest,No
30721,47,Tennessee,471005,1,2,2,0,1,MEMPHIS,October,18,Wednesday,23,32,Urban,High Speed (Arterial),Yes,35.07428889,-90.00193056,Non-Intersection,Dark - Lighted,Clear,Unknown,Unknown,Unknown EMS Scene Arrival Hour,Unknown EMS Scene Arrival Minutes,Not Applicable (Not Transported),Not Applicable (Not Transported),1,Dark - Lighted,Clear,0,1,[],[],0,0,Valid,3.0,2.0,24.0,24.0,['Male'],0,0,3,4,5,Dry,Straight,Level,Lowest,No
30722,47,Tennessee,471006,0,1,1,0,1,NOT APPLICABLE,October,7,Saturday,23,27,Rural,Medium Speed (Collector),No,35.54173889,-88.88923889,Non-Intersection,Dark - Not Lighted,Clear,11:00pm-11:59pm,46,11:00pm-11:59pm,58,Not Applicable (Not Transported),Not Applicable (Not Transported),1,Dark - Unlighted,Clear,1,0,['Driver'],['None_Used'],1,1,Invalid,1.0,5.0,29.0,29.0,['Female'],0,0,2,4,2,Dry,Curve,Level,Lowest,No
30723,47,Tennessee,471007,0,1,1,0,1,PIKEVILLE,October,18,Wednesday,15,28,Rural,Medium Speed (Collector),No,35.72128056,-85.22766944,Non-Intersection,Daylight,Clear,Unknown,Unknown,Unknown EMS Scene Arrival Hour,Unknown EMS Scene Arrival Minutes,Not Applicable (Not Transported),Not Applicable (Not Transported),1,Daylight,Clear,1,0,['Driver'],['None_Used'],0,0,Valid,0.0,0.0,41.0,41.0,['Male'],0,0,5,4,3,Dry,Curve,Level,Lowest,No
30724,47,Tennessee,471008,0,4,3,1,5,NOT APPLICABLE,September,13,Wednesday,14,17,Rural,Medium Speed (Collector),No,35.68783056,-88.73691111,Non-Intersection,Daylight,Clear,2:00pm-2:59pm,20,2:00pm-2:59pm,25,2:00pm-2:59pm,48,1,Daylight,Clear,1,4,['Front_Passenger'],['Shoulder_Lapbelt'],0,0,Valid,0.0,0.0,88.0,60.0,"['Male', 'Male', 'Male']",0,0,3,4,5,Dry,Straight,Level,Lowest,No
30725,47,Tennessee,471009,0,2,2,0,2,MEMPHIS,October,7,Saturday,22,15,Urban,High Speed (Arterial),Yes,35.22133333,-89.89419722,Complex/Circle,Dark - Not Lighted,Clear,10:00pm-10:59pm,11,10:00pm-10:59pm,16,10:00pm-10:59pm,47,1,Dark - Unlighted,Clear,1,1,['Driver'],['Shoulder_Lapbelt'],0,0,Valid,2.0,0.0,59.0,30.0,"['Male', 'Female']",0,0,3,4,5,Dry,Straight,Level,Lowest,No
30726,47,Tennessee,471010,0,1,1,0,1,COLUMBIA,October,11,Wednesday,15,47,Urban,Medium Speed (Collector),No,35.60118056,-87.03838889,Non-Intersection,Daylight,Cloudy,4:00pm-4:59pm,5,4:00pm-4:59pm,17,4:00pm-4:59pm,56,1,Daylight,Reduced Visibility,1,0,['Driver'],['Shoulder_Lapbelt'],1,1,Valid,0.0,1.0,71.0,71.0,['Male'],0,0,3,4,3,Dry,Straight,Level,Lowest,No
30727,47,Tennessee,471011,0,2,2,0,2,NOT APPLICABLE,October,20,Friday,23,15,Rural,High Speed (Arterial),Yes,36.3103,-86.26205,Non-Intersection,Dark - Not Lighted,Clear,3:00am-3:59am,19,3:00am-3:59am,46,4:00am-4:59am,24,1,Dark - Unlighted,Clear,1,1,['Driver'],['None_Used'],1,1,Valid,0.0,0.0,43.0,29.0,"['Female', 'Male']",0,0,2,4,5,Dry,Straight,Level,Lowest,No
30728,47,Tennessee,471012,0,1,1,0,1,NOT APPLICABLE,October,16,Monday,16,45,Rural,Low Speed (Local),No,36.35761944,-89.47703889,Non-Intersection,Daylight,Clear,5:00pm-5:59pm,5,5:00pm-5:59pm,10,Not Applicable (Not Transported),Not Applicable (Not Transported),1,Daylight,Clear,1,0,['Driver'],['None_Used'],1,1,Valid,0.0,0.0,64.0,64.0,['Male'],0,0,2,4,3,Dry,Straight,Level,Lowest,No
30729,47,Tennessee,471013,0,2,2,0,3,MEMPHIS,October,21,Saturday,1,37,Urban,High Speed (Arterial),Yes,35.06641944,-90.05886944,Non-Intersection,Dark - Lighted,Clear,1:00am-1:59am,47,1:00am-1:59am,55,2:00am-2:59am,39,2,Dark - Lighted,Clear,2,1,"['Driver', 'Front_Passenger']","['None_Used', 'Shoulder_Lapbelt']",1,1,Invalid,2.0,1.0,45.0,32.0,"['Male', 'Male']",0,0,2,4,5,Dry,Straight,Level,Lowest,Yes
30730,47,Tennessee,471014,0,1,1,0,1,MARYVILLE,October,10,Tuesday,10,38,Rural,Medium Speed (Collector),No,35.6028,-84.09938889,Non-Intersection,Daylight,Clear,Unknown,Unknown,Unknown EMS Scene Arrival Hour,Unknown EMS Scene Arrival Minutes,Unknown,Unknown EMS Hospital Arrival Time,1,Daylight,Clear,1,0,['Driver'],['None_Used'],0,0,Valid,0.0,0.0,66.0,66.0,['Male'],1,0,5,4,2,Dry,Curve,Level,Lowest,No
30731,47,Tennessee,471015,0,1,1,0,1,NOT APPLICABLE,October,15,Sunday,99,99,Urban,High Speed (Arterial),Yes,35.54316944,-84.04236944,Non-Intersection,Dark - Not Lighted,Rain,Unknown,Unknown,Unknown EMS Scene Arrival Hour,Unknown EMS Scene Arrival Minutes,Not Applicable (Not Transported),Not Applicable (Not Transported),1,Dark - Unlighted,Rain/Wind/Minor,1,0,['Driver'],['None_Used'],1,1,Valid,0.0,0.0,18.0,18.0,['Male'],0,0,3,4,4,Wet/Standing Water,Curve,Level,Lowest,No
30732,47,Tennessee,471016,0,4,4,0,5,THORN HILL,October,6,Friday,21,55,Rural,High Speed (Arterial),Yes,36.34701111,-83.4248,Non-Intersection,Dark - Not Lighted,Rain,Unknown,Unknown,Unknown EMS Scene Arrival Hour,Unknown EMS Scene Arrival Minutes,Unknown,Unknown EMS Hospital Arrival Time,1,Dark - Unlighted,Rain/Wind/Minor,1,4,['Driver'],['None_Used'],0,0,Valid,1.0,1.0,81.0,40.0,"['Female', 'Male', 'Male', 'Male']",0,0,3,4,5,Wet/Standing Water,Straight,Grade/Hillcrest,Lowest,Yes
30733,47,Tennessee,471017,0,2,2,0,3,MEMPHIS,October,22,Sunday,3,42,Urban,High Speed (Arterial),Yes,35.18668889,-89.81053056,Non-Intersection,Dark - Lighted,Clear,Unknown,Unknown,Unknown EMS Scene Arrival Hour,Unknown EMS Scene Arrival Minutes,Not Applicable (Not Transported),Not Applicable (Not Transported),1,Dark - Lighted,Clear,1,2,['Driver'],['None_Used'],1,1,Valid,0.0,0.0,29.0,23.0,"['Male', 'Male']",1,0,4,4,5,Dry,Straight,Level,Lowest,No
30734,47,Tennessee,471018,0,2,2,0,2,CLARKSVILLE,October,21,Saturday,13,30,Urban,High Speed (Arterial),Yes,36.56376667,-87.40276389,Simple Junction,Daylight,Clear,1:00pm-1:59pm,47,1:00pm-1:59pm,58,2:00pm-2:59pm,36,1,Daylight,Clear,1,1,['Driver'],['None_Used'],0,0,Valid,0.0,0.0,33.0,19.0,"['Male', 'Female']",0,0,5,4,5,Dry,Straight,Level,Lowest,No
30735,47,Tennessee,471019,0,2,2,0,3,GALLATIN,October,21,Saturday,18,12,Urban,High Speed (Arterial),Yes,36.3933,-86.44481944,Complex/Circle,Dusk,Clear,6:00pm-6:59pm,12,6:00pm-6:59pm,17,6:00pm-6:59pm,40,1,Twilight,Clear,1,2,['Driver'],['None_Used'],1,1,Valid,3.0,0.0,63.0,26.0,"['Female', 'Male']",0,0,5,4,5,Dry,Straight,Level,Lowest,No
30736,47,Tennessee,471020,1,1,1,0,1,MORRISTOWN,October,23,Monday,7,27,Urban,Medium Speed (Collector),No,36.21193889,-83.30581111,Simple Junction,Dawn,Clear,Unknown,Unknown,Unknown EMS Scene Arrival Hour,Unknown EMS Scene Arrival Minutes,Unknown,Unknown EMS Hospital Arrival Time,1,Twilight,Clear,0,1,[],[],0,0,Valid,0.0,0.0,73.0,73.0,['Female'],0,0,3,2,4,Dry,Straight,Grade/Hillcrest,Lowest,No
30737,47,Tennessee,471021,0,2,2,0,2,KNOXVILLE,October,24,Tuesday,7,17,Urban,High Speed (Arterial),Yes,35.95151111,-83.94703056,Complex/Circle,Dawn,Clear,6:00pm-6:59pm,22,6:00pm-6:59pm,28,6:00pm-6:59pm,42,1,Twilight,Clear,1,1,['Driver'],['Shoulder_Lapbelt'],0,0,Valid,1.0,1.0,41.0,31.0,"['Female', 'Female']",0,0,3,4,5,Dry,Straight,Level,Lowest,No
30738,47,Tennessee,471023,0,1,1,0,2,THORN HILL,October,21,Saturday,1,30,Rural,Medium Speed (Collector),No,36.35323889,-83.43931111,Non-Intersection,Dark - Not Lighted,Clear,Unknown,Unknown,Unknown EMS Scene Arrival Hour,Unknown EMS Scene Arrival Minutes,Unknown,Unknown EMS Hospital Arrival Time,1,Dark - Unlighted,Clear,1,1,['Driver'],['Shoulder_Lapbelt'],0,0,Invalid,0.0,1.0,23.0,23.0,['Male'],0,0,2,4,3,Dry,Straight,Grade/Hillcrest,Lowest,No
30739,47,Tennessee,471024,0,2,2,0,2,MEMPHIS,October,17,Tuesday,4,38,Urban,Medium Speed (Collector),No,35.11608611,-89.99120278,Complex/Circle,Dark - Lighted,Clear,4:00am-4:59am,40,4:00am-4:59am,45,5:00am-5:59am,12,1,Dark - Lighted,Clear,1,1,['Driver'],['Shoulder_Lapbelt'],1,1,Valid,1.0,1.0,36.0,25.0,"['Male', 'Male']",0,0,3,4,5,Dry,Straight,Level,Lowest,No
30740,47,Tennessee,471025,0,2,2,0,10,LEXINGTON,October,18,Wednesday,20,4,Rural,Medium Speed (Collector),No,35.66781111,-88.38436111,Non-Intersection,Dark - Lighted,Clear,8:00pm-8:59pm,5,8:00pm-8:59pm,9,8:00pm-8:59pm,55,2,Dark - Lighted,Clear,2,8,"['Driver', 'Rear_Seat']","['Shoulder_Lapbelt', 'Shoulder_Lapbelt']",1,1,Invalid,0.0,1.0,33.0,25.0,"['Male', 'Female']",0,0,3,4,5,Dry,Straight,Level,Medium,No
30741,47,Tennessee,471026,0,2,2,0,2,CHATTANOOGA,October,23,Monday,6,54,Urban,High Speed (Arterial),Yes,34.99181944,-85.29001111,Simple Junction,Dawn,Clear,Unknown,Unknown,Unknown EMS Scene Arrival Hour,Unknown EMS Scene Arrival Minutes,Unknown,Unknown EMS Hospital Arrival Time,1,Twilight,Clear,1,1,['Driver'],['None_Used'],0,0,Valid,1.0,0.0,40.0,36.0,"['Male', 'Male']",1,0,5,4,5,Dry,Straight,Level,Lowest,No
30742,47,Tennessee,471027,0,2,2,0,2,POWELL,October,25,Wednesday,11,22,Urban,Medium Speed (Collector),No,36.01923889,-84.05606111,Non-Intersection,Daylight,Clear,10:00am-10:59am,22,10:00am-10:59am,26,11:00am-11:59am,38,1,Daylight,Clear,1,1,['Driver'],['None_Used'],0,0,Valid,0.0,0.0,27.0,23.0,"['Male', 'Female']",1,0,3,4,5,Dry,Straight,Level,Lowest,Yes
30743,47,Tennessee,471028,1,1,1,0,1,SMYRNA,September,9,Saturday,0,52,Urban,Medium Speed (Collector),No,35.99826944,-86.50658056,Non-Intersection,Dark - Not Lighted,Clear,Unknown,Unknown,Unknown EMS Scene Arrival Hour,Unknown EMS Scene Arrival Minutes,Unknown,Unknown EMS Hospital Arrival Time,1,Dark - Unlighted,Clear,0,1,[],[],1,1,Valid,0.0,0.0,55.0,55.0,['Male'],0,0,5,4,4,Dry,Curve,Level,Lowest,No
30744,47,Tennessee,471029,0,1,1,0,1,FRANKLIN,October,25,Wednesday,12,56,Urban,High Speed (Arterial),Yes,35.93063889,-86.91548056,Non-Intersection,Daylight,Clear,12:00pm-12:59pm,57,1:00pm-1:59pm,5,1:00pm-1:59pm,39,1,Daylight,Clear,1,0,['Driver'],['None_Used'],0,0,Valid,0.0,0.0,53.0,53.0,['Male'],0,0,3,4,3,Dry,Straight,Level,Lowest,No
30745,47,Tennessee,471030,0,3,3,0,4,MEMPHIS,October,26,Thursday,16,8,Urban,High Speed (Arterial),Yes,35.066625,-89.84371111,Complex/Circle,Daylight,Clear,Unknown,Unknown,Unknown EMS Scene Arrival Hour,Unknown EMS Scene Arrival Minutes,Unknown,Unknown EMS Hospital Arrival Time,1,Daylight,Clear,1,3,['Driver'],['Shoulder_Lapbelt'],0,0,Invalid,1.0,0.0,64.0,37.0,"['Male', 'Female', 'Male']",0,0,3,4,5,Dry,Straight,Grade/Hillcrest,Lowest,No
30746,47,Tennessee,471031,1,1,1,0,1,NASHVILLE,October,19,Thursday,19,7,Urban,High Speed (Arterial),Yes,36.08686944,-86.69663056,Non-Intersection,Dark - Not Lighted,Rain,7:00pm-7:59pm,11,7:00pm-7:59pm,17,7:00pm-7:59pm,34,1,Dark - Unlighted,Rain/Wind/Minor,0,1,[],[],0,0,Invalid,0.0,0.0,46.0,46.0,['Male'],0,0,2,4,4,Wet/Standing Water,Straight,Grade/Hillcrest,Lowest,No
30747,47,Tennessee,471032,0,2,2,0,3,NASHVILLE,October,21,Saturday,0,57,Urban,High Speed (Arterial),Yes,36.18523056,-86.63658889,Simple Junction,Dark - Lighted,Clear,1:00am-1:59am,2,1:00am-1:59am,9,2:00am-2:59am,0,1,Dark - Lighted,Clear,1,2,['Front_Passenger'],['Shoulder_Lapbelt'],1,1,Valid,0.0,0.0,40.0,35.0,"['Male', 'Male']",0,0,3,4,5,Dry,Straight,Level,Lowest,No
30748,47,Tennessee,471033,0,2,2,0,2,NOT APPLICABLE,October,19,Thursday,10,31,Urban,Medium Speed (Collector),No,35.95458889,-83.15123889,Non-Intersection,Daylight,Clear,10:00am-10:59am,39,10:00am-10:59am,41,11:00am-11:59am,0,1,Daylight,Clear,1,1,['Driver'],['Shoulder_Lapbelt'],0,0,Valid,0.0,1.0,92.0,62.0,"['Female', 'Male']",0,0,4,4,5,Dry,Straight,Grade/Hillcrest,Lowest,No
30749,47,Tennessee,471034,0,2,2,0,3,MCMINNVILLE,October,23,Monday,18,20,Urban,Medium Speed (Collector),No,35.63881944,-85.78245,Non-Intersection,Dark - Not Lighted,Clear,6:00pm-6:59pm,19,6:00pm-6:59pm,30,7:00pm-7:59pm,14,1,Dark - Unlighted,Clear,1,2,['Driver'],['Shoulder_Lapbelt'],0,0,Valid,0.0,0.0,52.0,30.0,"['Female', 'Male']",0,0,3,4,5,Dry,Straight,Grade/Hillcrest,Lowest,No
30750,47,Tennessee,471035,0,2,2,0,3,NOT APPLICABLE,October,26,Thursday,11,20,Rural,High Speed (Arterial),No,36.01405,-86.00205,Simple Junction,Daylight,Clear,11:00am-11:59am,29,11:00am-11:59am,39,12:00pm-12:59pm,25,1,Daylight,Clear,1,2,['Front_Passenger'],['Shoulder_Lapbelt'],0,0,Valid,0.0,0.0,82.0,78.0,"['Female', 'Female']",0,0,3,4,5,Dry,Straight,Level,Lowest,No
30751,47,Tennessee,471036,0,2,1,1,2,MEMPHIS,October,24,Tuesday,7,50,Urban,High Speed (Arterial),Yes,35.19015556,-89.95163889,Non-Intersection,Daylight,Clear,7:00am-7:59am,58,8:00am-8:59am,1,8:00am-8:59am,27,1,Daylight,Clear,1,1,['Rear_Seat'],['Shoulder_Lapbelt'],0,0,Valid,1.0,0.0,34.0,34.0,['Female'],2,0,2,4,5,Dry,Straight,Level,Lowest,No
30752,47,Tennessee,471037,0,3,3,0,3,CLARKSVILLE,October,26,Thursday,19,4,Urban,High Speed (Arterial),Yes,36.58616944,-87.39105556,Non-Intersection,Dark - Not Lighted,Clear,Unknown,Unknown,Unknown EMS Scene Arrival Hour,Unknown EMS Scene Arrival Minutes,Unknown,Unknown EMS Hospital Arrival Time,1,Dark - Unlighted,Clear,1,2,['Driver'],['None_Used'],0,0,Valid,2.0,0.0,56.0,29.0,"['Female', 'Male', 'Male']",0,0,5,4,5,Dry,Straight,Level,Lowest,No
30753,47,Tennessee,471038,1,2,2,0,2,MEMPHIS,October,27,Friday,13,46,Urban,High Speed (Arterial),Yes,35.07241111,-89.90506111,Non-Intersection,Daylight,Cloudy,1:00pm-1:59pm,49,1:00pm-1:59pm,51,2:00pm-2:59pm,13,1,Daylight,Reduced Visibility,0,1,[],[],0,0,Invalid,0.0,0.0,999.0,24.0,"['Other', 'Male']",0,0,3,0,4,Dry,Straight,Level,Lowest,No
30754,47,Tennessee,471039,0,1,1,0,2,SODDY DAISY,October,19,Thursday,21,19,Urban,High Speed (Arterial),Yes,35.22496111,-85.20613056,Non-Intersection,Dark - Not Lighted,Clear,8:00pm-8:59pm,13,8:00pm-8:59pm,21,Not Applicable (Not Transported),Not Applicable (Not Transported),1,Dark - Unlighted,Clear,1,1,['Driver'],['None_Used'],1,1,Valid,0.0,0.0,31.0,31.0,['Male'],2,0,3,4,3,Dry,Straight,Level,Lowest,No
30755,47,Tennessee,471040,0,2,2,0,2,SPENCER,October,23,Monday,16,18,Rural,High Speed (Arterial),Yes,35.77293056,-85.4635,Non-Intersection,Daylight,Clear,4:00pm-4:59pm,18,4:00pm-4:59pm,28,5:00pm-5:59pm,11,1,Daylight,Clear,1,1,['Driver'],['Shoulder_Lapbelt'],0,0,Valid,0.0,0.0,24.0,18.0,"['Male', 'Male']",0,0,2,4,5,Dry,Curve,Grade/Hillcrest,Lowest,No
30756,47,Tennessee,471041,0,1,1,0,1,MEMPHIS,October,27,Friday,18,15,Urban,High Speed (Arterial),Yes,35.03632778,-89.99045,Non-Intersection,Dusk,Clear,Unknown,Unknown,Unknown EMS Scene Arrival Hour,Unknown EMS Scene Arrival Minutes,Not Applicable (Not Transported),Not Applicable (Not Transported),1,Twilight,Clear,1,0,['Driver'],['Shoulder_Lapbelt'],1,1,Invalid,2.0,0.0,38.0,38.0,['Male'],1,0,2,4,3,Dry,Straight,Level,Lowest,No
30757,47,Tennessee,471042,0,1,1,0,1,PETERSBURG,October,28,Saturday,1,36,Rural,Medium Speed (Collector),No,35.23768889,-86.77948889,Non-Intersection,Dark - Lighted,Clear,Unknown,Unknown,Unknown EMS Scene Arrival Hour,Unknown EMS Scene Arrival Minutes,Unknown,Unknown EMS Hospital Arrival Time,1,Dark - Lighted,Clear,1,0,['Driver'],['Shoulder_Lapbelt'],1,1,Valid,0.0,0.0,49.0,49.0,['Male'],0,0,3,4,3,Dry,Curve,Grade/Hillcrest,Lowest,No
30758,47,Tennessee,471043,0,2,2,0,3,MEMPHIS,October,28,Saturday,21,15,Urban,High Speed (Arterial),Yes,35.05176111,-90.06101111,Non-Intersection,Dark - Lighted,Rain,Unknown,Unknown,Unknown EMS Scene Arrival Hour,Unknown EMS Scene Arrival Minutes,Unknown,Unknown EMS Hospital Arrival Time,1,Dark - Lighted,Rain/Wind/Minor,1,2,['Driver'],['Shoulder_Lapbelt'],0,0,Valid,1.0,0.0,58.0,22.0,"['Male', 'Male']",2,0,2,4,5,Wet/Standing Water,Straight,Level,Lowest,No
30759,47,Tennessee,471044,0,2,2,0,5,KODAK,October,28,Saturday,23,48,Urban,High Speed (Arterial),Yes,35.98281944,-83.62995,Non-Intersection,Dark - Not Lighted,Clear,11:00pm-11:59pm,49,11:00pm-11:59pm,55,0:00am-0:59am,40,1,Dark - Unlighted,Clear,1,4,['Driver'],['None_Used'],1,1,Invalid,0.0,0.0,64.0,21.0,"['Male', 'Male']",0,0,3,4,5,Dry,Straight,Level,Lowest,Yes
30760,47,Tennessee,471045,0,3,2,1,3,MEMPHIS,October,29,Sunday,15,55,Urban,Medium Speed (Collector),No,35.00616111,-90.01245,Non-Intersection,Daylight,Clear,Unknown,Unknown,Unknown EMS Scene Arrival Hour,Unknown EMS Scene Arrival Minutes,Not Applicable (Not Transported),Not Applicable (Not Transported),1,Daylight,Clear,1,2,['Driver'],['None_Used'],0,0,Valid,0.0,0.0,76.0,42.0,"['Male', 'Male']",1,0,3,4,5,Dry,Straight,Level,Lowest,No
30761,47,Tennessee,471046,0,1,1,0,1,CLEVELAND,October,25,Wednesday,12,0,Urban,High Speed (Arterial),Yes,35.21341389,-84.88319444,Non-Intersection,Reported as Unknown,Clear,Unknown,Unknown,Unknown EMS Scene Arrival Hour,Unknown EMS Scene Arrival Minutes,Unknown,Unknown EMS Hospital Arrival Time,1,Dark - Unlighted,Clear,1,0,['Driver'],['Shoulder_Lapbelt'],0,0,Valid,1.0,0.0,80.0,80.0,['Male'],0,0,2,2,2,Dry,Straight,Level,Lowest,No
30762,47,Tennessee,471047,0,2,2,0,2,CHATTANOOGA,October,28,Saturday,0,50,Urban,High Speed (Arterial),Yes,35.02248056,-85.33963056,Non-Intersection,Dark - Not Lighted,Clear,0:00am-0:59am,47,0:00am-0:59am,56,Not Applicable (Not Transported),Not Applicable (Not Transported),2,Dark - Unlighted,Clear,2,0,"['Driver', 'Driver']","['Shoulder_Lapbelt', 'Shoulder_Lapbelt']",1,2,Invalid,1.0,0.0,43.0,31.0,"['Male', 'Female']",1,0,3,4,5,Dry,Straight,Level,Lowest,No
30763,47,Tennessee,471048,0,2,2,0,2,KNOXVILLE,October,28,Saturday,3,52,Urban,High Speed (Arterial),Yes,35.97563056,-83.99935,Non-Intersection,Dark - Lighted,Clear,2:00am-2:59am,53,2:00am-2:59am,59,3:00am-3:59am,28,1,Dark - Lighted,Clear,1,1,['Driver'],['None_Used'],1,1,Valid,0.0,0.0,41.0,40.0,"['Female', 'Female']",0,0,2,4,5,Dry,Straight,Grade/Hillcrest,Lowest,No