,State_Code,State_Name,Crash_ID,Count_Non_Motorists,Count_Vehicles_Total,Count_Vehicle_Forms,Count_PVH_Involved,Count_Occupants_MV,City_Name,Month_Name,Day_of_Month,Day_of_Week,Crash_Hour,Crash_Minute,Area_Rural_Urban,Road_Functional_Class,On_NHS_Road,Latitude,Longitude,Intersection_Type,Light_Condition,Weather_Condition,Notif_Hour,Notif_Minute,Arrival_Hour,Arrival_Minute,Hospital_Hour,Hospital_Minute,Fatalities_Count,Clean_Light_Condition,Clean_Weather_Condition,Total_Killed,Total_Alive,Fatal_Seats_List,Killed_Restraint_List,Any_Driver_Drinking,Total_Drinking_Drivers,Driver_License_Category,Driver_Max_Prev_Accident_Count,Driver_Max_Prev_Speeding_Count,Max_Driver_Age,Min_Driver_Age,Driver_Sex_List,Total_Exceeding_Limit_Vehicles,Total_Too_Fast_Vehicles,Max_Vehicle_Type_Severity_5,Max_Vehicle_Damage_Rank,Max_Harmful_Event_Severity,Crash_Road_Surface_Condition,Crash_Horizontal_Alignment,Crash_Vertical_Profile,Crash_Impairment_Category,Crash_Vehicle_Defect
30764,47,Tennessee,471050,0,1,1,0,1,MADISON,October,30,Monday,99,99,Urban,High Speed (Arterial),Yes,36.30868056,-86.68145,Non-Intersection,Dark - Lighted,Rain,Unknown,Unknown,Unknown EMS Scene Arrival Hour,Unknown EMS Scene Arrival Minutes,Not Applicable (Not Transported),Not Applicable (Not Transported),1,Dark - Lighted,Rain/Wind/Minor,1,0,['Driver'],['Shoulder_Lapbelt'],0,0,Valid,0.0,1.0,59.0,59.0,['Male'],1,0,2,4,3,Wet/Standing Water,Curve,Level,Lowest,No
30765,47,Tennessee,471051,0,2,2,0,3,BOLIVAR,October,27,Friday,99,99,Rural,High Speed (Arterial),No,35.30583889,-88.94955,Non-Intersection,Daylight,Clear,4:00pm-4:59pm,19,4:00pm-4:59pm,23,4:00pm-4:59pm,40,1,Daylight,Clear,1,2,['Driver'],['Shoulder_Lapbelt'],0,0,Valid,1.0,0.0,29.0,17.0,"['Female', 'Male']",0,0,4,4,5,Dry,Straight,Level,Lowest,No
30766,47,Tennessee,471052,0,1,1,0,1,NOT APPLICABLE,October,28,Saturday,4,16,Rural,Low Speed (Local),No,35.06011111,-87.20233889,Non-Intersection,Dark - Not Lighted,"Fog, Smog, Smoke",Unknown,Unknown,Unknown EMS Scene Arrival Hour,Unknown EMS Scene Arrival Minutes,Unknown,Unknown EMS Hospital Arrival Time,1,Dark - Unlighted,Reduced Visibility,1,0,['Driver'],['None_Used'],0,0,Valid,1.0,0.0,60.0,60.0,['Male'],0,0,2,4,3,Dry,Straight,Grade/Hillcrest,Lowest,No
30767,47,Tennessee,471053,1,1,1,0,1,NASHVILLE,October,30,Monday,99,99,Urban,High Speed (Arterial),Yes,36.1264,-86.7108,Non-Intersection,Dark - Lighted,Rain,5:00am-5:59am,49,5:00am-5:59am,54,6:00am-6:59am,14,1,Dark - Lighted,Rain/Wind/Minor,0,0,[],[],0,0,Invalid,0.0,0.0,999.0,999.0,['Other'],0,0,1,0,4,Wet/Standing Water,Straight,Level,Lowest,No
30768,47,Tennessee,471054,0,2,2,0,2,JACKSON,October,31,Tuesday,23,23,Urban,Medium Speed (Collector),No,35.64931944,-88.82921944,Non-Intersection,Dark - Lighted,Clear,11:00pm-11:59pm,25,11:00pm-11:59pm,30,Unknown,Unknown EMS Hospital Arrival Time,1,Dark - Lighted,Clear,1,1,['Driver'],['Shoulder_Lapbelt'],0,0,Valid,1.0,1.0,48.0,23.0,"['Male', 'Male']",1,0,3,4,5,Dry,Straight,Level,Lowest,No
30769,47,Tennessee,471055,0,1,1,0,1,SPRING HILL,September,23,Saturday,15,13,Urban,High Speed (Arterial),Yes,35.73215,-86.95593056,Non-Intersection,Daylight,Clear,3:00pm-3:59pm,13,3:00pm-3:59pm,22,3:00pm-3:59pm,52,1,Daylight,Clear,1,0,['Driver'],['None_Used'],1,1,Invalid,1.0,0.0,32.0,32.0,['Male'],0,0,3,4,2,Dry,Straight,Level,Lowest,No
30770,47,Tennessee,471056,0,1,1,0,1,CLARKSVILLE,November,1,Wednesday,2,36,Urban,Medium Speed (Collector),No,36.52069722,-87.271825,Non-Intersection,Dark - Lighted,Clear,Unknown,Unknown,Unknown EMS Scene Arrival Hour,Unknown EMS Scene Arrival Minutes,Unknown,Unknown EMS Hospital Arrival Time,1,Dark - Lighted,Clear,1,0,['Driver'],['Shoulder_Lapbelt'],0,0,Valid,0.0,2.0,30.0,30.0,['Male'],1,0,2,4,3,Dry,Straight,Grade/Hillcrest,Lowest,No
30771,47,Tennessee,471057,0,3,3,0,3,FRANKLIN,October,30,Monday,8,0,Urban,High Speed (Arterial),Yes,35.86458889,-86.83136111,Non-Intersection,Daylight,Cloudy,7:00am-7:59am,59,8:00am-8:59am,5,8:00am-8:59am,57,1,Daylight,Reduced Visibility,1,2,['Driver'],['Shoulder_Lapbelt'],1,1,Valid,0.0,0.0,59.0,33.0,"['Male', 'Female', 'Male']",0,0,3,4,5,Wet/Standing Water,Straight,Level,Lowest,No
30772,47,Tennessee,471058,0,2,2,0,2,MURFREESBORO,October,31,Tuesday,7,30,Urban,High Speed (Arterial),Yes,35.84283056,-86.52263889,Non-Intersection,Dawn,Clear,7:00am-7:59am,28,7:00am-7:59am,38,Not Applicable (Not Transported),Not Applicable (Not Transported),1,Twilight,Clear,1,1,['Driver'],['Shoulder_Lapbelt'],0,0,Valid,2.0,0.0,53.0,18.0,"['Female', 'Male']",1,0,4,4,5,Dry,Straight,Grade/Hillcrest,Lowest,No
30773,47,Tennessee,471059,0,2,2,0,2,MURFREESBORO,November,1,Wednesday,9,25,Rural,High Speed (Arterial),Yes,36.01253056,-86.42736111,Non-Intersection,Daylight,Clear,9:00am-9:59am,35,9:00am-9:59am,52,10:00am-10:59am,18,1,Daylight,Clear,1,1,['Driver'],['Shoulder_Lapbelt'],0,0,Invalid,1.0,0.0,30.0,20.0,"['Male', 'Male']",0,0,4,4,5,Dry,Straight,Level,Lowest,Yes
30774,47,Tennessee,471060,0,2,2,0,3,CRUMP,October,27,Friday,11,47,Urban,High Speed (Arterial),Yes,35.22243056,-88.32483056,Simple Junction,Daylight,Cloudy,12:00pm-12:59pm,5,12:00pm-12:59pm,13,12:00pm-12:59pm,40,2,Daylight,Reduced Visibility,2,1,"['Driver', 'Front_Passenger']","['Shoulder_Lapbelt', 'Shoulder_Lapbelt']",0,0,Valid,0.0,0.0,62.0,50.0,"['Male', 'Female']",0,0,2,4,5,Dry,Straight,Level,Lowest,No
30775,47,Tennessee,471061,0,1,1,0,2,DECATUR,October,28,Saturday,20,0,Rural,Medium Speed (Collector),No,35.57506944,-84.73293889,Non-Intersection,Dark - Not Lighted,Clear,7:00pm-7:59pm,58,8:00pm-8:59pm,6,9:00pm-9:59pm,30,1,Dark - Unlighted,Clear,1,1,['Driver'],['Shoulder_Lapbelt'],1,1,Valid,0.0,0.0,36.0,36.0,['Male'],0,0,3,4,3,Dry,Curve,Level,Lowest,No
30776,47,Tennessee,471062,1,2,2,0,3,CHATTANOOGA,November,1,Wednesday,20,5,Urban,High Speed (Arterial),Yes,35.00169167,-85.29318333,Non-Intersection,Daylight,Clear,Unknown,Unknown,Unknown EMS Scene Arrival Hour,Unknown EMS Scene Arrival Minutes,Unknown,Unknown EMS Hospital Arrival Time,1,Daylight,Clear,0,3,[],[],0,0,Valid,2.0,1.0,73.0,54.0,"['Female', 'Male']",0,0,3,3,4,Dry,Straight,Level,Lowest,No
30777,47,Tennessee,471063,1,1,1,0,1,MEMPHIS,October,29,Sunday,5,8,Urban,High Speed (Arterial),Yes,35.10748333,-90.05545,Complex/Circle,Dark - Lighted,Clear,5:00am-5:59am,10,5:00am-5:59am,15,5:00am-5:59am,31,1,Dark - Lighted,Clear,0,0,[],[],0,0,Invalid,0.0,0.0,999.0,999.0,['Other'],0,0,1,0,4,Dry,Straight,Level,Lowest,No
30778,47,Tennessee,471064,0,1,1,0,1,GRANVILLE,November,2,Thursday,13,29,Rural,Medium Speed (Collector),No,36.27546111,-85.72106111,Non-Intersection,Daylight,Clear,2:00pm-2:59pm,29,2:00pm-2:59pm,40,3:00pm-3:59pm,24,1,Daylight,Clear,1,0,['Driver'],['None_Used'],0,0,Valid,0.0,0.0,76.0,76.0,['Male'],0,0,3,3,3,Dry,Curve,Grade/Hillcrest,Lowest,No
30779,47,Tennessee,471065,0,2,2,0,2,NOT APPLICABLE,November,3,Friday,14,23,Urban,Medium Speed (Collector),No,35.91126111,-84.11071944,Simple Junction,Daylight,Clear,Unknown,Unknown,Unknown EMS Scene Arrival Hour,Unknown EMS Scene Arrival Minutes,Unknown,Unknown EMS Hospital Arrival Time,1,Daylight,Clear,1,1,['Driver'],['None_Used'],0,0,Valid,0.0,0.0,81.0,20.0,"['Male', 'Female']",1,0,5,4,5,Dry,Straight,Level,Lowest,No
30780,47,Tennessee,471066,0,2,2,0,2,SMYRNA,November,4,Saturday,12,59,Urban,Low Speed (Local),No,36.00263889,-86.52893056,Non-Intersection,Daylight,Clear,Unknown,Unknown,Unknown EMS Scene Arrival Hour,Unknown EMS Scene Arrival Minutes,Not Applicable (Not Transported),Not Applicable (Not Transported),1,Daylight,Clear,1,1,['Driver'],['None_Used'],0,0,Valid,2.0,0.0,49.0,21.0,"['Male', 'Male']",0,0,5,4,5,Dry,Straight,Level,Lowest,No
30781,47,Tennessee,471068,0,1,1,0,1,MCMINNVILLE,November,6,Monday,12,20,Urban,Low Speed (Local),No,35.69616111,-85.79703056,Non-Intersection,Daylight,Clear,12:00pm-12:59pm,23,12:00pm-12:59pm,26,12:00pm-12:59pm,56,1,Daylight,Clear,1,0,['Driver'],['Shoulder_Lapbelt'],0,0,Valid,0.0,0.0,78.0,78.0,['Female'],0,0,3,4,3,Dry,Straight,Grade/Hillcrest,Lowest,No
30782,47,Tennessee,471069,0,1,1,0,4,MADISONVILLE,November,4,Saturday,23,54,Rural,Low Speed (Local),No,35.47853056,-84.35483056,Non-Intersection,Dark - Not Lighted,Clear,11:00pm-11:59pm,39,11:00pm-11:59pm,53,0:00am-0:59am,3,1,Dark - Unlighted,Clear,1,3,['Driver'],['None_Used'],1,1,Invalid,1.0,0.0,21.0,21.0,['Female'],4,0,2,4,3,Dry,Straight,Level,Lowest,No
30783,47,Tennessee,471070,3,3,1,2,1,MEMPHIS,November,5,Sunday,18,17,Urban,High Speed (Arterial),Yes,35.06848611,-90.02571111,Non-Intersection,Dark - Lighted,Clear,6:00pm-6:59pm,22,6:00pm-6:59pm,28,6:00pm-6:59pm,42,1,Dark - Lighted,Clear,0,1,[],[],0,0,Invalid,2.0,0.0,32.0,32.0,['Male'],0,0,3,4,5,Dry,Curve,Level,Lowest,No
30784,47,Tennessee,471071,0,1,1,0,1,MEMPHIS,November,5,Sunday,16,55,Urban,Medium Speed (Collector),No,35.21755,-90.003425,Complex/Circle,Daylight,Clear,Unknown,Unknown,Unknown EMS Scene Arrival Hour,Unknown EMS Scene Arrival Minutes,Not Applicable (Not Transported),Not Applicable (Not Transported),1,Daylight,Clear,1,0,['Driver'],['Shoulder_Lapbelt'],0,0,Invalid,0.0,0.0,998.0,998.0,['Other'],1,0,2,4,3,Dry,Straight,Level,Lowest,No
30785,47,Tennessee,471072,0,1,1,0,5,MEMPHIS,November,6,Monday,14,3,Urban,High Speed (Arterial),Yes,35.01988333,-89.90846111,Non-Intersection,Daylight,Clear,2:00pm-2:59pm,17,2:00pm-2:59pm,29,2:00pm-2:59pm,50,1,Daylight,Clear,1,2,['Driver'],['None_Used'],0,0,Invalid,0.0,0.0,14.0,14.0,['Male'],0,0,2,4,3,Dry,Straight,Level,Lowest,No
30786,47,Tennessee,471073,0,2,2,0,2,BRIGHTON,October,3,Tuesday,18,19,Urban,High Speed (Arterial),Yes,35.49003611,-89.73133889,Simple Junction,Daylight,Clear,6:00pm-6:59pm,29,6:00pm-6:59pm,35,Unknown,Unknown EMS Hospital Arrival Time,1,Daylight,Clear,1,1,['Driver'],['None_Used'],0,0,Valid,1.0,1.0,60.0,52.0,"['Female', 'Male']",0,0,5,4,5,Dry,Straight,Level,Lowest,No
30787,47,Tennessee,471075,0,2,2,0,3,MEMPHIS,November,6,Monday,22,9,Urban,High Speed (Arterial),Yes,35.20676111,-89.89450556,Complex/Circle,Dark - Lighted,Clear,Unknown,Unknown,Unknown EMS Scene Arrival Hour,Unknown EMS Scene Arrival Minutes,Unknown,Unknown EMS Hospital Arrival Time,1,Dark - Lighted,Clear,1,2,['Driver'],['None_Used'],0,0,Valid,0.0,2.0,42.0,30.0,"['Male', 'Male']",0,0,5,4,5,Dry,Straight,Level,Lowest,No
30788,47,Tennessee,471077,0,1,1,0,1,LA FOLLETTE,October,28,Saturday,22,27,Urban,Low Speed (Local),No,36.3925,-84.0434,Non-Intersection,Dark - Not Lighted,Clear,10:00pm-10:59pm,32,10:00pm-10:59pm,53,11:00pm-11:59pm,11,1,Dark - Unlighted,Clear,1,0,['Driver'],['None_Used'],0,0,Invalid,1.0,0.0,60.0,60.0,['Male'],0,0,5,4,3,Dry,Straight,Grade/Hillcrest,Lowest,No
30789,47,Tennessee,471078,1,4,4,0,4,NASHVILLE,November,1,Wednesday,18,40,Urban,High Speed (Arterial),Yes,36.1112,-86.75195,Non-Intersection,Dark - Not Lighted,Clear,Unknown,Unknown,Unknown EMS Scene Arrival Hour,Unknown EMS Scene Arrival Minutes,Not Applicable (Not Transported),Not Applicable (Not Transported),1,Dark - Unlighted,Clear,0,3,[],[],0,0,Valid,0.0,0.0,998.0,41.0,"['Female', 'Male', 'Male', 'Other']",0,0,3,2,4,Dry,Straight,Level,Lowest,No
30790,47,Tennessee,471079,0,1,1,0,1,NOT APPLICABLE,November,2,Thursday,10,30,Rural,Medium Speed (Collector),No,35.0682,-87.1687,Non-Intersection,Daylight,Clear,Unknown,Unknown,Unknown EMS Scene Arrival Hour,Unknown EMS Scene Arrival Minutes,Not Applicable (Not Transported),Not Applicable (Not Transported),1,Daylight,Clear,1,0,['Driver'],['None_Used'],1,1,Invalid,0.0,0.0,30.0,30.0,['Male'],0,0,2,4,3,Dry,Straight,Grade/Hillcrest,Lowest,No
30791,47,Tennessee,471080,0,2,2,0,2,NOT APPLICABLE,November,3,Friday,10,56,Urban,High Speed (Arterial),No,36.03426111,-84.10175,Non-Intersection,Daylight,Clear,Unknown,Unknown,Unknown EMS Scene Arrival Hour,Unknown EMS Scene Arrival Minutes,Unknown,Unknown EMS Hospital Arrival Time,1,Daylight,Clear,1,1,['Driver'],['Shoulder_Lapbelt'],0,0,Invalid,0.0,1.0,58.0,42.0,"['Female', 'Male']",0,0,3,4,5,Dry,Straight,Level,Lowest,No
30792,47,Tennessee,471081,0,2,2,0,2,CLARKSVILLE,November,5,Sunday,3,19,Rural,Medium Speed (Collector),No,36.61636111,-87.23988056,Non-Intersection,Dark - Not Lighted,Clear,3:00am-3:59am,10,3:00am-3:59am,20,3:00am-3:59am,46,1,Dark - Unlighted,Clear,1,1,['Driver'],['Shoulder_Lapbelt'],1,1,Valid,1.0,0.0,53.0,22.0,"['Male', 'Female']",0,0,2,4,5,Dry,Straight,Grade/Hillcrest,Lowest,No
30793,47,Tennessee,471082,0,3,3,0,3,HUNTSVILLE,October,20,Friday,14,35,Rural,Medium Speed (Collector),No,36.40831944,-84.45453889,Non-Intersection,Daylight,Clear,2:00pm-2:59pm,38,2:00pm-2:59pm,42,3:00pm-3:59pm,55,1,Daylight,Clear,1,2,['Driver'],['Shoulder_Lapbelt'],0,0,Invalid,1.0,0.0,53.0,46.0,"['Male', 'Male', 'Male']",0,0,4,4,5,Dry,Straight,Level,Lowest,No
30794,47,Tennessee,471083,0,1,1,0,1,NOT APPLICABLE,November,8,Wednesday,22,10,Urban,Low Speed (Local),No,35.87881944,-83.82515,Simple Junction,Dark - Not Lighted,Clear,Unknown,Unknown,Unknown EMS Scene Arrival Hour,Unknown EMS Scene Arrival Minutes,Not Applicable (Not Transported),Not Applicable (Not Transported),1,Dark - Unlighted,Clear,1,0,['Driver'],['None_Used'],1,1,Valid,0.0,0.0,48.0,48.0,['Male'],1,0,3,4,2,Dry,Straight,Grade/Hillcrest,Lowest,No
30795,47,Tennessee,471084,0,1,1,0,1,NOT APPLICABLE,October,17,Tuesday,15,56,Rural,Medium Speed (Collector),No,35.57371944,-84.20465,Non-Intersection,Daylight,Clear,Unknown,Unknown,Unknown EMS Scene Arrival Hour,Unknown EMS Scene Arrival Minutes,Unknown,Unknown EMS Hospital Arrival Time,1,Daylight,Clear,1,0,['Driver'],['Shoulder_Lapbelt'],1,1,Valid,0.0,0.0,75.0,75.0,['Male'],1,0,2,4,3,Dry,Straight,Level,Lowest,No
30796,47,Tennessee,471086,1,1,1,0,2,MEMPHIS,November,8,Wednesday,20,35,Urban,Medium Speed (Collector),No,35.24418611,-89.94718889,Non-Intersection,Dark - Lighted,Clear,9:00pm-9:59pm,35,9:00pm-9:59pm,33,Not Applicable (Not Transported),Not Applicable (Not Transported),1,Dark - Lighted,Clear,0,2,[],[],0,0,Invalid,0.0,0.0,16.0,16.0,['Male'],0,0,3,3,4,Dry,Straight,Level,Lowest,No
30797,47,Tennessee,471087,1,1,1,0,1,MEMPHIS,November,8,Wednesday,20,42,Urban,Medium Speed (Collector),No,35.14393611,-89.89806111,Non-Intersection,Dark - Lighted,Clear,Unknown,Unknown,Unknown EMS Scene Arrival Hour,Unknown EMS Scene Arrival Minutes,Unknown,Unknown EMS Hospital Arrival Time,1,Dark - Lighted,Clear,0,1,[],[],0,0,Invalid,0.0,0.0,45.0,45.0,['Male'],0,0,2,4,4,Dry,Straight,Level,Lowest,No
30798,47,Tennessee,471088,1,1,1,0,1,HENDERSONVILLE,November,9,Thursday,17,57,Urban,High Speed (Arterial),Yes,36.30235,-86.63285,Non-Intersection,Dark - Not Lighted,Rain,Unknown,Unknown,Unknown EMS Scene Arrival Hour,Unknown EMS Scene Arrival Minutes,Unknown,Unknown EMS Hospital Arrival Time,1,Dark - Unlighted,Rain/Wind/Minor,0,1,[],[],0,0,Valid,1.0,0.0,28.0,28.0,['Male'],0,0,3,3,4,Wet/Standing Water,Straight,Grade/Hillcrest,Lowest,No
30799,47,Tennessee,471089,0,2,2,0,2,CHURCH HILL,November,10,Friday,3,31,Urban,High Speed (Arterial),Yes,36.51646944,-82.75528889,Non-Intersection,Dark - Not Lighted,Clear,3:00am-3:59am,22,4:00am-4:59am,20,Not Applicable (Not Transported),Not Applicable (Not Transported),1,Dark - Unlighted,Clear,1,1,['Driver'],['None_Used'],1,1,Invalid,1.0,0.0,49.0,31.0,"['Male', 'Male']",0,0,4,4,5,Dry,Straight,Level,Lowest,No
30800,47,Tennessee,471090,0,1,1,0,2,NOT APPLICABLE,November,4,Saturday,1,18,Rural,Medium Speed (Collector),No,36.02923889,-87.4403,Non-Intersection,Dark - Not Lighted,Clear,1:00am-1:59am,21,1:00am-1:59am,28,4:00am-4:59am,46,2,Dark - Unlighted,Clear,2,0,"['Driver', 'Front_Passenger']","['None_Used', 'Shoulder_Lapbelt']",1,1,Valid,0.0,1.0,23.0,23.0,['Male'],0,0,2,4,3,Dry,Curve,Grade/Hillcrest,Lowest,No
30801,47,Tennessee,471091,0,4,4,0,9,JOHNSON CITY,November,11,Saturday,12,0,Urban,High Speed (Arterial),Yes,36.38275,-82.42845,Non-Intersection,Daylight,Clear,12:00pm-12:59pm,2,12:00pm-12:59pm,7,12:00pm-12:59pm,59,1,Daylight,Clear,1,8,['Rear_Seat'],['Child_Safety'],0,0,Valid,1.0,2.0,68.0,33.0,"['Female', 'Female', 'Female', 'Male']",0,0,3,4,5,Dry,Curve,Level,Lowest,No
30802,47,Tennessee,471092,1,1,1,0,1,NOT APPLICABLE,November,12,Sunday,5,0,Urban,High Speed (Arterial),Yes,36.01958889,-87.26341111,Non-Intersection,Dark - Not Lighted,Clear,Unknown,Unknown,Unknown EMS Scene Arrival Hour,Unknown EMS Scene Arrival Minutes,Not Applicable (Not Transported),Not Applicable (Not Transported),1,Dark - Unlighted,Clear,0,0,[],[],0,0,Invalid,0.0,0.0,998.0,998.0,['Other'],0,0,1,0,4,Dry,Straight,Level,Lowest,No
30803,47,Tennessee,471093,0,1,1,0,1,HILHAM,November,11,Saturday,11,57,Rural,Medium Speed (Collector),No,36.45195,-85.44356111,Non-Intersection,Daylight,Clear,12:00pm-12:59pm,2,12:00pm-12:59pm,13,12:00pm-12:59pm,46,1,Daylight,Clear,1,0,['Driver'],['None_Used'],0,0,Valid,0.0,0.0,73.0,73.0,['Male'],0,0,5,4,2,Dry,Curve,Grade/Hillcrest,Lowest,No
30804,47,Tennessee,471094,0,2,2,0,5,MEMPHIS,November,11,Saturday,19,37,Urban,High Speed (Arterial),Yes,35.05163889,-89.92608056,Complex/Circle,Dark - Lighted,Clear,7:00pm-7:59pm,47,7:00pm-7:59pm,55,8:00pm-8:59pm,17,2,Dark - Lighted,Clear,2,3,"['Driver', 'Front_Passenger']","['Shoulder_Lapbelt', 'Shoulder_Lapbelt']",1,1,Valid,0.0,3.0,49.0,27.0,"['Male', 'Male']",0,0,2,4,5,Dry,Straight,Level,Lowest,No
30805,47,Tennessee,471095,1,1,1,0,1,MEMPHIS,November,11,Saturday,20,47,Urban,Medium Speed (Collector),No,35.12638889,-89.94530556,Non-Intersection,Dark - Lighted,Clear,Unknown,Unknown,Unknown EMS Scene Arrival Hour,Unknown EMS Scene Arrival Minutes,Not Applicable (Not Transported),Not Applicable (Not Transported),1,Dark - Lighted,Clear,0,0,[],[],0,0,Invalid,0.0,0.0,998.0,998.0,['Other'],0,0,2,0,4,Dry,Straight,Level,Lowest,No
30806,47,Tennessee,471096,0,3,3,0,4,NASHVILLE,November,4,Saturday,2,8,Urban,High Speed (Arterial),Yes,36.11093889,-86.74521944,Complex/Circle,Dark - Lighted,Clear,Unknown,Unknown,Unknown EMS Scene Arrival Hour,Unknown EMS Scene Arrival Minutes,Not Applicable (Not Transported),Not Applicable (Not Transported),1,Dark - Lighted,Clear,1,3,['Driver'],['Shoulder_Lapbelt'],1,1,Invalid,1.0,1.0,41.0,20.0,"['Male', 'Female', 'Male']",0,0,3,4,5,Dry,Straight,Level,Lowest,No
30807,47,Tennessee,471097,1,1,1,0,1,NASHVILLE,November,8,Wednesday,1,3,Urban,Low Speed (Local),No,36.1527,-86.75616111,Non-Intersection,Dark - Not Lighted,Clear,1:00am-1:59am,3,1:00am-1:59am,8,1:00am-1:59am,31,1,Dark - Unlighted,Clear,0,0,[],[],0,0,Invalid,0.0,0.0,999.0,999.0,['Male'],0,0,1,0,4,Dry,Straight,Grade/Hillcrest,Lowest,No
30808,47,Tennessee,471098,1,2,2,0,2,NASHVILLE,November,12,Sunday,4,6,Urban,High Speed (Arterial),Yes,36.07785,-86.69513889,Non-Intersection,Dark - Lighted,Clear,Unknown,Unknown,Unknown EMS Scene Arrival Hour,Unknown EMS Scene Arrival Minutes,Not Applicable (Not Transported),Not Applicable (Not Transported),1,Dark - Lighted,Clear,0,1,[],[],0,0,Invalid,0.0,0.0,999.0,18.0,"['Male', 'Male']",0,0,3,2,4,Dry,Straight,Level,Lowest,No
30809,47,Tennessee,471099,0,2,2,0,3,NASHVILLE,November,12,Sunday,16,15,Urban,Medium Speed (Collector),No,36.20445,-86.74686111,Non-Intersection,Daylight,Clear,4:00pm-4:59pm,19,4:00pm-4:59pm,23,4:00pm-4:59pm,49,2,Daylight,Clear,2,1,"['Driver', 'Front_Passenger']","['None_Used', 'Shoulder_Lapbelt']",0,0,Valid,1.0,1.0,33.0,29.0,"['Male', 'Male']",2,0,3,4,5,Dry,Straight,Non-Trafficway,Lowest,No
30810,47,Tennessee,471100,0,1,1,0,1,LYNCHBURG,November,12,Sunday,11,0,Rural,Medium Speed (Collector),No,35.26601111,-86.37338889,Non-Intersection,Daylight,Clear,10:00am-10:59am,32,10:00am-10:59am,34,Not Applicable (Not Transported),Not Applicable (Not Transported),1,Daylight,Clear,1,0,['Driver'],['None_Used'],0,0,Valid,1.0,0.0,64.0,64.0,['Male'],0,0,5,4,2,Dry,Curve,Grade/Hillcrest,Lowest,No
30811,47,Tennessee,471101,0,1,1,0,2,COLUMBIA,November,9,Thursday,15,16,Urban,High Speed (Arterial),Yes,35.68723056,-86.99433889,Non-Intersection,Daylight,Rain,3:00pm-3:59pm,18,3:00pm-3:59pm,24,4:00pm-4:59pm,35,1,Daylight,Rain/Wind/Minor,1,1,['Driver'],['Shoulder_Lapbelt'],0,0,Valid,1.0,0.0,32.0,32.0,['Male'],2,0,3,4,2,Wet/Standing Water,Straight,Level,Lowest,Yes
30812,47,Tennessee,471102,1,2,1,1,1,JOHNSON CITY,November,14,Tuesday,14,29,Urban,High Speed (Arterial),Yes,36.37348611,-82.42363889,Non-Intersection,Daylight,Clear,Unknown,Unknown,Unknown EMS Scene Arrival Hour,Unknown EMS Scene Arrival Minutes,Not Applicable (Not Transported),Not Applicable (Not Transported),1,Daylight,Clear,0,1,[],[],0,0,Valid,0.0,0.0,27.0,27.0,['Female'],0,0,2,4,4,Dry,Curve,Grade/Hillcrest,Lowest,No
30813,47,Tennessee,471103,0,1,1,0,1,NASHVILLE,November,15,Wednesday,5,58,Urban,Medium Speed (Collector),No,36.13181944,-86.7005,Non-Intersection,Dawn,Clear,6:00am-6:59am,1,6:00am-6:59am,9,6:00am-6:59am,44,1,Twilight,Clear,1,0,['Driver'],['Shoulder_Lapbelt'],0,0,Invalid,0.0,0.0,44.0,44.0,['Male'],1,0,2,4,3,Dry,Curve,Level,Lowest,No
30814,47,Tennessee,471105,0,1,1,0,1,NOT APPLICABLE,November,15,Wednesday,3,30,Rural,Medium Speed (Collector),No,35.0771,-88.51248889,Non-Intersection,Dark - Not Lighted,Clear,3:00am-3:59am,42,3:00am-3:59am,53,Unknown,Unknown EMS Hospital Arrival Time,1,Dark - Unlighted,Clear,1,0,['Driver'],['Shoulder_Lapbelt'],0,0,Valid,0.0,0.0,69.0,69.0,['Male'],0,0,3,4,3,Dry,Straight,Grade/Hillcrest,Lowest,No
30815,47,Tennessee,471106,0,1,1,0,2,NOT APPLICABLE,November,5,Sunday,20,2,Rural,High Speed (Arterial),Yes,35.77916944,-88.81498889,Non-Intersection,Dark - Not Lighted,Clear,8:00pm-8:59pm,6,8:00pm-8:59pm,21,9:00pm-9:59pm,5,1,Dark - Unlighted,Clear,1,1,['Front_Passenger'],['None_Used'],0,0,Valid,0.0,0.0,18.0,18.0,['Male'],0,0,2,4,3,Dry,Straight,Level,Lowest,No
30816,47,Tennessee,471107,0,1,1,0,1,NOT APPLICABLE,November,10,Friday,22,43,Urban,Medium Speed (Collector),No,36.26828889,-86.51703889,Non-Intersection,Dark - Not Lighted,Clear,Unknown,Unknown,Unknown EMS Scene Arrival Hour,Unknown EMS Scene Arrival Minutes,Not Applicable (Not Transported),Not Applicable (Not Transported),1,Dark - Unlighted,Clear,1,0,['Driver'],['None_Used'],1,1,Valid,1.0,0.0,22.0,22.0,['Male'],0,0,5,4,1,Dry,Straight,Grade/Hillcrest,Lowest,No
30817,47,Tennessee,471108,0,2,2,0,3,NOT APPLICABLE,November,15,Wednesday,18,9,Rural,High Speed (Arterial),Yes,35.40295,-85.01473889,Non-Intersection,Dark - Not Lighted,Clear,Unknown,Unknown,Unknown EMS Scene Arrival Hour,Unknown EMS Scene Arrival Minutes,Unknown,Unknown EMS Hospital Arrival Time,3,Dark - Unlighted,Clear,3,0,"['Driver', 'Driver', 'Rear_Seat']","['Shoulder_Lapbelt', 'Shoulder_Lapbelt', 'Child_Safety']",1,1,Valid,0.0,0.0,42.0,32.0,"['Male', 'Female']",0,0,3,4,5,Dry,Straight,Level,Lowest,No
30818,47,Tennessee,471109,0,1,1,0,1,KODAK,November,16,Thursday,20,48,Urban,Medium Speed (Collector),No,35.992,-83.61041111,Non-Intersection,Dark - Not Lighted,Clear,Unknown,Unknown,Unknown EMS Scene Arrival Hour,Unknown EMS Scene Arrival Minutes,Unknown,Unknown EMS Hospital Arrival Time,1,Dark - Unlighted,Clear,1,0,['Driver'],['None_Used'],0,0,Valid,2.0,1.0,45.0,45.0,['Female'],0,0,2,4,2,Dry,Curve,Level,Lowest,No