,State_Code,State_Name,Crash_ID,Count_Non_Motorists,Count_Vehicles_Total,Count_Vehicle_Forms,Count_PVH_Involved,Count_Occupants_MV,City_Name,Month_Name,Day_of_Month,Day_of_Week,Crash_Hour,Crash_Minute,Area_Rural_Urban,Road_Functional_Class,On_NHS_Road,Latitude,Longitude,Intersection_Type,Light_Condition,Weather_Condition,Notif_Hour,Notif_Minute,Arrival_Hour,Arrival_Minute,Hospital_Hour,Hospital_Minute,Fatalities_Count,Clean_Light_Condition,Clean_Weather_Condition,Total_Killed,Total_Alive,Fatal_Seats_List,Killed_Restraint_List,Any_Driver_Drinking,Total_Drinking_Drivers,Driver_License_Category,Driver_Max_Prev_Accident_Count,Driver_Max_Prev_Speeding_Count,Max_Driver_Age,Min_Driver_Age,Driver_Sex_List,Total_Exceeding_Limit_Vehicles,Total_Too_Fast_Vehicles,Max_Vehicle_Type_Severity_5,Max_Vehicle_Damage_Rank,Max_Harmful_Event_Severity,Crash_Road_Surface_Condition,Crash_Horizontal_Alignment,Crash_Vertical_Profile,Crash_Impairment_Category,Crash_Vehicle_Defect
30819,47,Tennessee,471110,0,2,2,0,3,JACKSON,November,17,Friday,13,53,Urban,Medium Speed (Collector),No,35.66955,-88.81011944,Non-Intersection,Daylight,Rain,1:00pm-1:59pm,57,2:00pm-2:59pm,5,2:00pm-2:59pm,19,2,Daylight,Rain/Wind/Minor,2,1,"['Rear_Seat', 'Driver']","['Child_Safety', 'None_Used']",0,0,Valid,1.0,0.0,54.0,27.0,"['Female', 'Male']",1,0,3,4,5,Wet/Standing Water,Curve,Level,Lowest,Yes
30820,47,Tennessee,471111,1,1,1,0,2,MEMPHIS,November,17,Friday,23,39,Urban,Medium Speed (Collector),No,35.12588056,-89.98199444,Non-Intersection,Dark - Lighted,Clear,Unknown,Unknown,Unknown EMS Scene Arrival Hour,Unknown EMS Scene Arrival Minutes,Not Applicable (Not Transported),Not Applicable (Not Transported),1,Dark - Lighted,Clear,0,2,[],[],0,0,Valid,0.0,1.0,18.0,18.0,['Male'],0,0,3,4,4,Wet/Standing Water,Straight,Level,Lowest,No
30821,47,Tennessee,471112,0,2,2,0,3,NOT APPLICABLE,November,13,Monday,14,50,Rural,Medium Speed (Collector),No,35.58441944,-86.47888056,Simple Junction,Daylight,Clear,Unknown,Unknown,Unknown EMS Scene Arrival Hour,Unknown EMS Scene Arrival Minutes,Unknown,Unknown EMS Hospital Arrival Time,1,Daylight,Clear,1,2,['Driver'],['None_Used'],0,0,Valid,1.0,2.0,73.0,34.0,"['Male', 'Male']",0,0,3,4,5,Dry,Straight,Level,Lowest,No
30822,47,Tennessee,471113,0,2,2,0,2,MEMPHIS,November,17,Friday,20,46,Urban,High Speed (Arterial),Yes,35.06155833,-90.02106389,Simple Junction,Dark - Not Lighted,Clear,8:00pm-8:59pm,49,9:00pm-9:59pm,2,9:00pm-9:59pm,27,1,Dark - Unlighted,Clear,1,1,['Driver'],['Shoulder_Lapbelt'],1,1,Valid,0.0,0.0,41.0,30.0,"['Male', 'Female']",0,0,3,4,5,Dry,Straight,Level,Lowest,No
30823,47,Tennessee,471114,0,2,2,0,7,MCMINNVILLE,November,18,Saturday,4,57,Rural,Medium Speed (Collector),No,35.65291944,-85.73428056,Non-Intersection,Dark - Not Lighted,Clear,4:00am-4:59am,51,5:00am-5:59am,2,5:00am-5:59am,40,2,Dark - Unlighted,Clear,2,5,"['Driver', 'Driver']","['Shoulder_Lapbelt', 'None_Used']",1,1,Valid,3.0,1.0,44.0,18.0,"['Male', 'Male']",4,0,2,4,5,Dry,Straight,Level,Lowest,No
30824,47,Tennessee,471115,0,1,1,0,2,NOT APPLICABLE,November,7,Tuesday,16,47,Rural,Medium Speed (Collector),No,36.12496944,-85.6872,Non-Intersection,Dusk,Clear,Unknown,Unknown,Unknown EMS Scene Arrival Hour,Unknown EMS Scene Arrival Minutes,Unknown,Unknown EMS Hospital Arrival Time,1,Twilight,Clear,1,1,['Front_Passenger'],['None_Used'],0,0,Valid,0.0,0.0,79.0,79.0,['Male'],0,0,3,4,3,Dry,Curve,Level,Lowest,Yes
30825,47,Tennessee,471116,1,2,2,0,2,NASHVILLE,November,8,Wednesday,18,19,Urban,High Speed (Arterial),Yes,36.21613889,-86.76358889,Non-Intersection,Dark - Lighted,Clear,Unknown,Unknown,Unknown EMS Scene Arrival Hour,Unknown EMS Scene Arrival Minutes,Not Applicable (Not Transported),Not Applicable (Not Transported),1,Dark - Lighted,Clear,0,2,[],[],0,0,Invalid,5.0,0.0,62.0,19.0,"['Female', 'Male']",0,0,3,4,4,Dry,Straight,Level,Lowest,No
30826,47,Tennessee,471117,0,2,2,0,2,NASHVILLE,November,21,Tuesday,1,4,Urban,High Speed (Arterial),Yes,36.15185,-86.75238889,Non-Intersection,Dark - Lighted,Rain,Unknown,Unknown,Unknown EMS Scene Arrival Hour,Unknown EMS Scene Arrival Minutes,Not Applicable (Not Transported),Not Applicable (Not Transported),1,Dark - Lighted,Rain/Wind/Minor,1,1,['Driver'],['None_Used'],0,0,Valid,2.0,2.0,56.0,20.0,"['Male', 'Male']",1,0,4,4,5,Wet/Standing Water,Straight,Level,Lowest,No
30827,47,Tennessee,471118,0,3,3,0,3,MEMPHIS,November,21,Tuesday,13,21,Urban,Medium Speed (Collector),No,35.03497222,-89.84766944,Complex/Circle,Daylight,Cloudy,1:00pm-1:59pm,40,1:00pm-1:59pm,40,2:00pm-2:59pm,18,1,Daylight,Reduced Visibility,1,2,['Driver'],['None_Used'],0,0,Invalid,1.0,0.0,60.0,27.0,"['Male', 'Female', 'Male']",1,0,3,4,5,Dry,Straight,Level,Lowest,No
30828,47,Tennessee,471119,0,2,2,0,2,NOT APPLICABLE,November,11,Saturday,1,52,Urban,High Speed (Arterial),Yes,36.13986111,-85.43046111,Non-Intersection,Dark - Not Lighted,Clear,1:00am-1:59am,49,2:00am-2:59am,0,2:00am-2:59am,34,1,Dark - Unlighted,Clear,1,1,['Driver'],['Shoulder_Lapbelt'],0,0,Valid,3.0,0.0,85.0,79.0,"['Male', 'Male']",0,0,3,4,5,Dry,Straight,Level,Lowest,No
30829,47,Tennessee,471120,0,6,6,0,9,FAIRVIEW,November,9,Thursday,17,17,Rural,High Speed (Arterial),Yes,36.04008889,-87.15205,Non-Intersection,Dark - Not Lighted,Rain,5:00pm-5:59pm,15,5:00pm-5:59pm,30,6:00pm-6:59pm,34,1,Dark - Unlighted,Rain/Wind/Minor,1,8,['Driver'],['Shoulder_Lapbelt'],0,0,Invalid,0.0,0.0,60.0,24.0,"['Male', 'Female', 'Male', 'Female', 'Male', 'Male']",0,0,4,4,5,Wet/Standing Water,Straight,Level,Lowest,No
30830,47,Tennessee,471121,2,3,1,2,1,SPRINGFIELD,November,12,Sunday,2,18,Urban,Low Speed (Local),No,36.51045,-86.87631111,Non-Intersection,Dark - Lighted,Clear,2:00am-2:59am,56,3:00am-3:59am,9,3:00am-3:59am,26,1,Dark - Lighted,Clear,0,1,[],[],1,1,Invalid,0.0,0.0,17.0,17.0,['Male'],0,0,2,4,4,Dry,Straight,Level,Lowest,No
30831,47,Tennessee,471122,0,2,2,0,2,NASHVILLE,November,13,Monday,18,4,Urban,High Speed (Arterial),Yes,36.13913056,-86.81936944,Non-Intersection,Dark - Lighted,Clear,Unknown,Unknown,Unknown EMS Scene Arrival Hour,Unknown EMS Scene Arrival Minutes,Unknown,Unknown EMS Hospital Arrival Time,1,Dark - Lighted,Clear,1,1,['Driver'],['None_Used'],0,0,Invalid,1.0,1.0,40.0,32.0,"['Male', 'Male']",0,0,5,4,5,Dry,Straight,Level,Lowest,No
30832,47,Tennessee,471123,0,2,2,0,4,NOT APPLICABLE,November,19,Sunday,10,21,Rural,Medium Speed (Collector),No,35.47683889,-86.59018056,Non-Intersection,Daylight,Clear,10:00am-10:59am,37,10:00am-10:59am,57,11:00am-11:59am,45,1,Daylight,Clear,1,3,['Driver'],['Shoulder_Lapbelt'],0,0,Valid,2.0,1.0,82.0,30.0,"['Female', 'Female']",0,0,3,4,5,Dry,Straight,Non-Trafficway,Lowest,No
30833,47,Tennessee,471124,0,2,2,0,2,NOT APPLICABLE,November,19,Sunday,19,14,Urban,Medium Speed (Collector),No,35.98256944,-87.31691111,Simple Junction,Dark - Not Lighted,Clear,7:00pm-7:59pm,22,7:00pm-7:59pm,29,Not Applicable (Not Transported),Not Applicable (Not Transported),1,Dark - Unlighted,Clear,1,1,['Driver'],['None_Used'],1,1,Invalid,2.0,0.0,48.0,29.0,"['Male', 'Male']",1,0,5,4,5,Dry,Straight,Level,Lowest,No
30834,47,Tennessee,471125,0,2,2,0,3,LEBANON,November,19,Sunday,23,0,Urban,High Speed (Arterial),Yes,36.18455,-86.37983889,Non-Intersection,Dark - Not Lighted,Clear,Unknown,Unknown,Unknown EMS Scene Arrival Hour,Unknown EMS Scene Arrival Minutes,Not Applicable (Not Transported),Not Applicable (Not Transported),1,Dark - Unlighted,Clear,1,2,['Driver'],['Shoulder_Lapbelt'],0,0,Valid,0.0,2.0,33.0,31.0,"['Female', 'Male']",0,0,4,4,5,Dry,Straight,Level,Lowest,No
30835,47,Tennessee,471126,0,1,1,0,1,GAINESBORO,November,20,Monday,16,14,Rural,Low Speed (Local),No,36.30675,-85.56366111,Non-Intersection,Daylight,Clear,5:00pm-5:59pm,12,5:00pm-5:59pm,36,Not Applicable (Not Transported),Not Applicable (Not Transported),1,Daylight,Clear,1,0,['Driver'],['None_Used'],1,1,Valid,0.0,0.0,50.0,50.0,['Male'],0,0,3,4,3,Dry,Curve,Grade/Hillcrest,Lowest,No
30836,47,Tennessee,471127,0,2,2,0,2,ALAMO,November,8,Wednesday,17,12,Rural,Medium Speed (Collector),No,35.75376944,-89.10338889,Non-Intersection,Dusk,Clear,4:00pm-4:59pm,58,5:00pm-5:59pm,8,5:00pm-5:59pm,37,1,Twilight,Clear,1,1,['Driver'],['Shoulder_Lapbelt'],0,0,Valid,0.0,0.0,79.0,41.0,"['Female', 'Male']",0,0,3,4,5,Dry,Straight,Level,Lowest,No
30837,47,Tennessee,471128,0,1,1,0,1,SMYRNA,November,13,Monday,10,31,Urban,Medium Speed (Collector),No,35.98256944,-86.51966111,Non-Intersection,Daylight,Clear,Unknown,Unknown,Unknown EMS Scene Arrival Hour,Unknown EMS Scene Arrival Minutes,Unknown,Unknown EMS Hospital Arrival Time,1,Daylight,Clear,1,0,['Driver'],['Shoulder_Lapbelt'],0,0,Valid,0.0,0.0,51.0,51.0,['Male'],0,0,3,4,4,Dry,Straight,Grade/Hillcrest,Lowest,No
30838,47,Tennessee,471129,1,1,1,0,1,KNOXVILLE,November,20,Monday,5,53,Urban,High Speed (Arterial),Yes,35.96655,-83.94026944,Non-Intersection,Dark - Lighted,Cloudy,Unknown,Unknown,Unknown EMS Scene Arrival Hour,Unknown EMS Scene Arrival Minutes,Unknown,Unknown EMS Hospital Arrival Time,1,Dark - Lighted,Reduced Visibility,0,1,[],[],0,0,Valid,0.0,0.0,30.0,30.0,['Male'],0,0,3,2,4,Dry,Straight,Grade/Hillcrest,Lowest,No
30839,47,Tennessee,471130,0,2,2,0,3,SELMER,November,21,Tuesday,19,20,Rural,High Speed (Arterial),Yes,35.14986944,-88.59586944,Non-Intersection,Dark - Not Lighted,Clear,7:00pm-7:59pm,26,7:00pm-7:59pm,49,Not Applicable (Not Transported),Not Applicable (Not Transported),1,Dark - Unlighted,Clear,1,2,['Driver'],['Shoulder_Lapbelt'],0,0,Invalid,0.0,0.0,70.0,17.0,"['Male', 'Female']",0,0,3,4,5,Dry,Curve,Level,Lowest,No
30840,47,Tennessee,471131,0,1,1,0,2,BETHPAGE,November,21,Tuesday,20,13,Rural,High Speed (Arterial),Yes,36.46658889,-86.26998889,Non-Intersection,Dark - Not Lighted,Clear,8:00pm-8:59pm,11,8:00pm-8:59pm,23,8:00pm-8:59pm,57,1,Dark - Unlighted,Clear,1,1,['Front_Passenger'],['Shoulder_Lapbelt'],0,0,Valid,0.0,0.0,74.0,74.0,['Female'],0,0,2,4,1,Dry,Straight,Grade/Hillcrest,Lowest,No
30841,47,Tennessee,471132,1,1,1,0,1,POWELL,November,22,Wednesday,0,58,Rural,Medium Speed (Collector),No,36.10901944,-84.02188056,Non-Intersection,Dark - Not Lighted,Cloudy,Unknown,Unknown,Unknown EMS Scene Arrival Hour,Unknown EMS Scene Arrival Minutes,Not Applicable (Not Transported),Not Applicable (Not Transported),1,Dark - Unlighted,Reduced Visibility,0,1,[],[],0,0,Valid,1.0,1.0,24.0,24.0,['Female'],0,0,2,3,4,Dry,Straight,Grade/Hillcrest,Lowest,No
30842,47,Tennessee,471133,0,2,2,0,3,NOT APPLICABLE,November,22,Wednesday,10,33,Rural,Medium Speed (Collector),No,35.88896944,-87.46488056,Non-Intersection,Daylight,Clear,10:00am-10:59am,50,11:00am-11:59am,2,11:00am-11:59am,52,1,Daylight,Clear,1,2,['Driver'],['Shoulder_Lapbelt'],0,0,Valid,0.0,0.0,64.0,52.0,"['Male', 'Female']",0,0,3,4,5,Dry,Curve,Level,Lowest,No
30843,47,Tennessee,471135,1,1,1,0,1,CLARKSVILLE,November,22,Wednesday,18,57,Urban,High Speed (Arterial),Yes,36.56783333,-87.40428611,Non-Intersection,Dark - Not Lighted,Cloudy,Unknown,Unknown,Unknown EMS Scene Arrival Hour,Unknown EMS Scene Arrival Minutes,Not Applicable (Not Transported),Not Applicable (Not Transported),1,Dark - Unlighted,Reduced Visibility,0,1,[],[],0,0,Valid,0.0,0.0,46.0,46.0,['Male'],0,0,3,3,4,Dry,Straight,Level,Lowest,No
30844,47,Tennessee,471136,0,2,2,0,8,MEMPHIS,November,22,Wednesday,19,13,Urban,Low Speed (Local),No,35.24482778,-89.95161111,Complex/Circle,Dark - Lighted,Clear,7:00pm-7:59pm,17,7:00pm-7:59pm,27,7:00pm-7:59pm,56,1,Dark - Lighted,Clear,1,7,['Front_Passenger'],['Shoulder_Lapbelt'],0,0,Invalid,0.0,0.0,20.0,16.0,"['Male', 'Male']",4,0,3,4,5,Dry,Straight,Level,Lowest,No
30845,47,Tennessee,471137,0,1,1,0,1,MCMINNVILLE,November,23,Thursday,11,20,Rural,Medium Speed (Collector),No,35.77081111,-85.72415,Non-Intersection,Daylight,Clear,10:00am-10:59am,56,11:00am-11:59am,10,11:00am-11:59am,59,1,Daylight,Clear,1,0,['Driver'],['None_Used'],1,1,Valid,0.0,0.0,29.0,29.0,['Male'],1,0,2,4,3,Dry,Curve,Grade/Hillcrest,Lowest,No
30846,47,Tennessee,471138,0,1,1,0,2,SALTILLO,November,23,Thursday,12,0,Rural,Low Speed (Local),No,35.3758,-88.2013,Non-Intersection,Daylight,"Fog, Smog, Smoke",9:00am-9:59am,20,9:00am-9:59am,55,10:00am-10:59am,42,1,Daylight,Reduced Visibility,1,1,['Driver'],['Shoulder_Lapbelt'],0,0,Invalid,0.0,0.0,25.0,25.0,['Male'],0,0,2,4,4,Dry,Straight,Grade/Hillcrest,Lowest,No
30847,47,Tennessee,471139,0,2,2,0,5,NOT APPLICABLE,November,22,Wednesday,12,18,Rural,Medium Speed (Collector),No,35.35115,-84.35153889,Non-Intersection,Daylight,Cloudy,12:00pm-12:59pm,17,12:00pm-12:59pm,22,1:00pm-1:59pm,24,1,Daylight,Reduced Visibility,1,4,['Front_Passenger'],['Shoulder_Lapbelt'],0,0,Valid,0.0,0.0,68.0,17.0,"['Female', 'Female']",0,0,3,4,5,Wet/Standing Water,Straight,Level,Lowest,No
30848,47,Tennessee,471140,0,2,2,0,2,MEMPHIS,November,26,Sunday,19,22,Urban,Medium Speed (Collector),No,35.12265,-89.92581944,Simple Junction,Dark - Lighted,Clear,7:00pm-7:59pm,23,7:00pm-7:59pm,30,Unknown,Unknown EMS Hospital Arrival Time,1,Dark - Lighted,Clear,1,1,['Driver'],['Shoulder_Lapbelt'],1,2,Valid,1.0,0.0,65.0,26.0,"['Male', 'Female']",0,0,2,4,5,Dry,Straight,Level,Lowest,No
30849,47,Tennessee,471141,1,1,1,0,2,MEMPHIS,November,24,Friday,9,22,Urban,Medium Speed (Collector),No,35.08690556,-89.92768056,Non-Intersection,Daylight,Clear,9:00am-9:59am,25,9:00am-9:59am,36,9:00am-9:59am,59,1,Daylight,Clear,0,2,[],[],0,0,Valid,0.0,0.0,27.0,27.0,['Female'],0,0,3,4,4,Dry,Straight,Grade/Hillcrest,Lowest,No
30850,47,Tennessee,471142,0,2,2,0,4,COLUMBIA,November,6,Monday,8,45,Urban,Medium Speed (Collector),No,35.60083056,-87.07198056,Complex/Circle,Daylight,Clear,Unknown,Unknown,Unknown EMS Scene Arrival Hour,Unknown EMS Scene Arrival Minutes,Not Applicable (Not Transported),Not Applicable (Not Transported),1,Daylight,Clear,1,3,['Driver'],['None_Used'],0,0,Invalid,0.0,1.0,56.0,45.0,"['Male', 'Male']",0,0,3,4,5,Dry,Straight,Level,Lowest,No
30851,47,Tennessee,471143,0,2,2,0,3,MEMPHIS,November,26,Sunday,22,29,Urban,High Speed (Arterial),Yes,35.02061389,-89.92480556,Simple Junction,Dark - Lighted,Clear,10:00pm-10:59pm,35,10:00pm-10:59pm,43,11:00pm-11:59pm,16,1,Dark - Lighted,Clear,1,1,['Driver'],['Shoulder_Lapbelt'],0,0,Invalid,0.0,0.0,19.0,17.0,"['Male', 'Female']",1,0,3,4,5,Dry,Straight,Level,Lowest,No
30852,47,Tennessee,471144,0,2,2,0,2,NOT APPLICABLE,November,27,Monday,2,4,Urban,Medium Speed (Collector),No,35.90908889,-84.14891111,Simple Junction,Dark - Lighted,Clear,Unknown,Unknown,Unknown EMS Scene Arrival Hour,Unknown EMS Scene Arrival Minutes,Unknown,Unknown EMS Hospital Arrival Time,1,Dark - Lighted,Clear,1,0,['Driver'],['None_Used'],0,0,Valid,1.0,0.0,38.0,27.0,"['Male', 'Male']",0,0,5,4,5,Dry,Straight,Level,Lowest,No
30853,47,Tennessee,471145,0,1,1,0,1,NOT APPLICABLE,November,28,Tuesday,10,49,Rural,Medium Speed (Collector),No,35.54166111,-88.85653889,Non-Intersection,Daylight,Clear,10:00am-10:59am,52,10:00am-10:59am,52,11:00am-11:59am,57,1,Daylight,Clear,1,0,['Driver'],['Shoulder_Lapbelt'],1,1,Valid,0.0,8.0,23.0,23.0,['Male'],0,0,3,4,3,Dry,Curve,Level,Lowest,No
30854,47,Tennessee,471146,3,2,2,0,2,CHATTANOOGA,November,25,Saturday,15,16,Urban,Medium Speed (Collector),No,35.06238333,-85.30662222,Non-Intersection,Daylight,Clear,3:00pm-3:59pm,17,3:00pm-3:59pm,26,3:00pm-3:59pm,37,2,Daylight,Clear,0,2,[],[],1,1,Valid,0.0,1.0,51.0,44.0,"['Male', 'Male']",1,0,3,4,5,Dry,Straight,Level,Lowest,No
30855,47,Tennessee,471147,0,1,1,0,1,NOT APPLICABLE,November,27,Monday,21,50,Rural,Medium Speed (Collector),No,36.20071944,-89.17091111,Non-Intersection,Dark - Not Lighted,Clear,9:00pm-9:59pm,55,10:00pm-10:59pm,14,Not Applicable (Not Transported),Not Applicable (Not Transported),1,Dark - Unlighted,Clear,1,0,['Driver'],['None_Used'],1,1,Valid,0.0,0.0,45.0,45.0,['Male'],0,0,3,4,3,Dry,Curve,Level,Lowest,No
30856,47,Tennessee,471148,0,1,1,0,1,LYNCHBURG,October,31,Tuesday,14,12,Rural,Medium Speed (Collector),No,35.26781944,-86.38743056,Non-Intersection,Daylight,Clear,2:00pm-2:59pm,8,2:00pm-2:59pm,10,2:00pm-2:59pm,44,1,Daylight,Clear,1,0,['Driver'],['None_Used'],0,0,Valid,0.0,0.0,56.0,56.0,['Male'],0,0,3,4,3,Dry,Straight,Level,Lowest,No
30857,47,Tennessee,471149,0,1,1,0,1,ARLINGTON,November,22,Wednesday,0,20,Urban,Low Speed (Local),No,35.27606667,-89.63779722,Non-Intersection,Dark - Not Lighted,Clear,Unknown,Unknown,Unknown EMS Scene Arrival Hour,Unknown EMS Scene Arrival Minutes,Not Applicable (Not Transported),Not Applicable (Not Transported),1,Dark - Unlighted,Clear,1,0,['Driver'],['Shoulder_Lapbelt'],0,0,Valid,1.0,0.0,19.0,19.0,['Male'],1,0,2,4,3,Dry,Straight,Level,Lowest,No
30858,47,Tennessee,471150,0,2,2,0,3,ANTIOCH,November,16,Thursday,19,4,Urban,High Speed (Arterial),Yes,36.02838889,-86.59048056,Complex/Circle,Dark - Lighted,Clear,7:00pm-7:59pm,7,7:00pm-7:59pm,14,7:00pm-7:59pm,40,1,Dark - Lighted,Clear,1,2,['Driver'],['None_Used'],0,0,Invalid,1.0,0.0,41.0,25.0,"['Male', 'Male']",0,0,5,4,5,Dry,Straight,Level,Lowest,No
30859,47,Tennessee,471151,0,2,2,0,3,NASHVILLE,November,19,Sunday,23,51,Urban,High Speed (Arterial),Yes,36.04325,-86.68923889,Non-Intersection,Dark - Not Lighted,Clear,11:00pm-11:59pm,51,0:00am-0:59am,1,0:00am-0:59am,29,1,Dark - Unlighted,Clear,1,2,['Driver'],['Shoulder_Lapbelt'],1,1,Valid,1.0,0.0,23.0,23.0,"['Female', 'Female']",0,0,2,4,5,Dry,Straight,Level,Lowest,No
30860,47,Tennessee,471152,0,1,1,0,1,MORRISTOWN,November,29,Wednesday,15,38,Urban,Low Speed (Local),No,36.20168611,-83.328575,Non-Intersection,Daylight,Cloudy,Unknown,Unknown,Unknown EMS Scene Arrival Hour,Unknown EMS Scene Arrival Minutes,Not Applicable (Not Transported),Not Applicable (Not Transported),1,Daylight,Reduced Visibility,1,0,['Driver'],['Shoulder_Lapbelt'],0,0,Invalid,0.0,0.0,42.0,42.0,['Male'],0,0,2,4,4,Dry,Straight,Level,Lowest,No
30861,47,Tennessee,471153,0,2,2,0,2,MAYNARDVILLE,November,9,Thursday,6,27,Rural,Medium Speed (Collector),No,36.25003056,-83.8011,Non-Intersection,Dark - Not Lighted,Clear,6:00am-6:59am,30,6:00am-6:59am,32,Not Applicable (Not Transported),Not Applicable (Not Transported),1,Dark - Unlighted,Clear,1,1,['Driver'],['None_Used'],0,0,Valid,1.0,0.0,46.0,42.0,"['Male', 'Male']",0,0,4,4,5,Dry,Straight,Grade/Hillcrest,Lowest,No
30862,47,Tennessee,471154,0,1,1,0,2,NOT APPLICABLE,November,26,Sunday,99,99,Rural,Low Speed (Local),No,36.43036944,-81.7806,Non-Intersection,Dark - Not Lighted,Clear,7:00am-7:59am,12,8:00am-8:59am,51,Unknown,Unknown EMS Hospital Arrival Time,1,Dark - Unlighted,Clear,1,1,['Front_Passenger'],['None_Used'],0,0,Valid,0.0,0.0,30.0,30.0,['Male'],0,0,3,4,3,Dry,Straight,Level,Lowest,No
30863,47,Tennessee,471155,0,1,1,0,1,NOT APPLICABLE,November,29,Wednesday,21,25,Urban,Medium Speed (Collector),No,35.06351944,-86.6288,Non-Intersection,Dark - Not Lighted,Clear,Unknown,Unknown,Unknown EMS Scene Arrival Hour,Unknown EMS Scene Arrival Minutes,Not Applicable (Not Transported),Not Applicable (Not Transported),1,Dark - Unlighted,Clear,1,0,['Driver'],['Shoulder_Lapbelt'],1,1,Valid,0.0,1.0,24.0,24.0,['Male'],1,0,1,4,3,Dry,Curve,Grade/Hillcrest,Lowest,No
30864,47,Tennessee,471156,0,1,1,0,1,HOHENWALD,November,29,Wednesday,15,45,Rural,Medium Speed (Collector),No,35.53806111,-87.5566,Non-Intersection,Daylight,Clear,Unknown,Unknown,Unknown EMS Scene Arrival Hour,Unknown EMS Scene Arrival Minutes,Not Applicable (Not Transported),Not Applicable (Not Transported),1,Daylight,Clear,1,0,['Driver'],['None_Used'],1,1,Valid,0.0,0.0,71.0,71.0,['Female'],1,0,2,4,3,Dry,Straight,Level,Lowest,No
30865,47,Tennessee,471157,1,1,1,0,1,MEMPHIS,December,1,Friday,0,59,Urban,High Speed (Arterial),Yes,35.07478056,-89.94915,Non-Intersection,Dark - Lighted,Rain,Unknown,Unknown,Unknown EMS Scene Arrival Hour,Unknown EMS Scene Arrival Minutes,Unknown,Unknown EMS Hospital Arrival Time,1,Dark - Lighted,Rain/Wind/Minor,0,1,[],[],0,0,Valid,0.0,1.0,30.0,30.0,['Male'],0,0,3,2,4,Wet/Standing Water,Straight,Level,Lowest,No
30866,47,Tennessee,471158,0,2,2,0,3,SOUTH PITTSBURG,December,1,Friday,7,30,Urban,High Speed (Arterial),Yes,35.03016111,-85.69296111,Non-Intersection,Daylight,Rain,7:00am-7:59am,46,7:00am-7:59am,51,Not Applicable (Not Transported),Not Applicable (Not Transported),1,Daylight,Rain/Wind/Minor,1,2,['Driver'],['Shoulder_Lapbelt'],0,0,Valid,0.0,1.0,34.0,17.0,"['Female', 'Female']",1,0,3,4,5,Wet/Standing Water,Curve,Grade/Hillcrest,Lowest,No
30867,47,Tennessee,471159,0,1,1,0,3,NOT APPLICABLE,November,27,Monday,14,0,Rural,Medium Speed (Collector),No,35.76546111,-83.29433056,Non-Intersection,Daylight,Clear,1:00pm-1:59pm,53,2:00pm-2:59pm,5,2:00pm-2:59pm,30,2,Daylight,Clear,2,1,"['Front_Passenger', 'Rear_Seat']","['Shoulder_Lapbelt', 'None_Used']",0,0,Valid,0.0,1.0,59.0,59.0,['Male'],0,0,3,4,3,Dry,Straight,Level,Lowest,No
30868,47,Tennessee,471160,2,1,1,0,1,MEMPHIS,December,2,Saturday,23,54,Urban,Medium Speed (Collector),No,35.20850833,-89.99435,Non-Intersection,Dark - Lighted,"Fog, Smog, Smoke",Unknown,Unknown,Unknown EMS Scene Arrival Hour,Unknown EMS Scene Arrival Minutes,Unknown,Unknown EMS Hospital Arrival Time,1,Dark - Lighted,Reduced Visibility,0,0,[],[],0,0,Invalid,0.0,0.0,50.0,50.0,['Male'],0,0,2,4,3,Dry,Straight,Level,Lowest,No
30869,47,Tennessee,471161,0,1,1,0,1,NOT APPLICABLE,November,18,Saturday,5,0,Rural,Low Speed (Local),No,35.9821,-83.15373889,Non-Intersection,Dark - Not Lighted,Clear,5:00am-5:59am,23,5:00am-5:59am,35,5:00am-5:59am,56,1,Dark - Unlighted,Clear,1,0,['Driver'],['Shoulder_Lapbelt'],0,0,Valid,0.0,0.0,38.0,38.0,['Male'],0,0,3,4,3,Wet/Standing Water,Curve,Grade/Hillcrest,Lowest,No
30870,47,Tennessee,471162,0,1,1,0,1,LAKELAND,November,22,Wednesday,99,99,Urban,Low Speed (Local),No,35.21881111,-89.71963889,Non-Intersection,Daylight,Clear,Unknown,Unknown,Unknown EMS Scene Arrival Hour,Unknown EMS Scene Arrival Minutes,Not Applicable (Not Transported),Not Applicable (Not Transported),1,Daylight,Clear,1,0,['Driver'],['None_Used'],0,0,Valid,0.0,1.0,54.0,54.0,['Male'],0,0,2,4,3,Dry,Curve,Grade/Hillcrest,Lowest,No
30871,47,Tennessee,471163,1,1,1,0,1,MEMPHIS,November,9,Thursday,17,35,Urban,Low Speed (Local),No,35.02193056,-89.85966111,Simple Junction,Dark - Lighted,Rain,Unknown,Unknown,Unknown EMS Scene Arrival Hour,Unknown EMS Scene Arrival Minutes,Unknown,Unknown EMS Hospital Arrival Time,1,Dark - Lighted,Rain/Wind/Minor,0,1,[],[],0,0,Valid,0.0,0.0,67.0,67.0,['Male'],0,0,3,3,4,Wet/Standing Water,Straight,Level,Lowest,No
30872,47,Tennessee,471164,0,1,1,0,3,MEMPHIS,November,30,Thursday,19,0,Urban,High Speed (Arterial),Yes,35.08019167,-89.95548056,Non-Intersection,Dark - Lighted,Rain,7:00pm-7:59pm,5,7:00pm-7:59pm,12,7:00pm-7:59pm,37,1,Dark - Lighted,Rain/Wind/Minor,1,2,['Driver'],['Shoulder_Lapbelt'],0,0,Valid,1.0,2.0,35.0,35.0,['Female'],0,0,2,4,3,Wet/Standing Water,Straight,Level,Lowest,No