,State_Code,State_Name,Crash_ID,Count_Non_Motorists,Count_Vehicles_Total,Count_Vehicle_Forms,Count_PVH_Involved,Count_Occupants_MV,City_Name,Month_Name,Day_of_Month,Day_of_Week,Crash_Hour,Crash_Minute,Area_Rural_Urban,Road_Functional_Class,On_NHS_Road,Latitude,Longitude,Intersection_Type,Light_Condition,Weather_Condition,Notif_Hour,Notif_Minute,Arrival_Hour,Arrival_Minute,Hospital_Hour,Hospital_Minute,Fatalities_Count,Clean_Light_Condition,Clean_Weather_Condition,Total_Killed,Total_Alive,Fatal_Seats_List,Killed_Restraint_List,Any_Driver_Drinking,Total_Drinking_Drivers,Driver_License_Category,Driver_Max_Prev_Accident_Count,Driver_Max_Prev_Speeding_Count,Max_Driver_Age,Min_Driver_Age,Driver_Sex_List,Total_Exceeding_Limit_Vehicles,Total_Too_Fast_Vehicles,Max_Vehicle_Type_Severity_5,Max_Vehicle_Damage_Rank,Max_Harmful_Event_Severity,Crash_Road_Surface_Condition,Crash_Horizontal_Alignment,Crash_Vertical_Profile,Crash_Impairment_Category,Crash_Vehicle_Defect
30873,47,Tennessee,471165,0,2,2,0,4,MOUNT JULIET,November,25,Saturday,11,8,Urban,High Speed (Arterial),Yes,36.23115,-86.48748056,Non-Intersection,Daylight,Clear,Unknown,Unknown,Unknown EMS Scene Arrival Hour,Unknown EMS Scene Arrival Minutes,Unknown,Unknown EMS Hospital Arrival Time,1,Daylight,Clear,1,3,['Driver'],['Shoulder_Lapbelt'],0,0,Valid,1.0,0.0,84.0,36.0,"['Male', 'Male']",0,0,3,4,5,Dry,Straight,Level,Lowest,No
30874,47,Tennessee,471166,1,1,1,0,1,FAIRVIEW,June,7,Wednesday,13,20,Urban,High Speed (Arterial),Yes,35.96176111,-87.1359,Simple Junction,Daylight,Not Reported,1:00pm-1:59pm,22,1:00pm-1:59pm,25,2:00pm-2:59pm,29,1,Daylight,Clear,0,1,[],[],0,0,Valid,0.0,0.0,73.0,73.0,['Male'],0,0,2,1,4,Dry,Straight,Level,Lowest,No
30875,47,Tennessee,471167,1,1,1,0,1,NASHVILLE,December,2,Saturday,20,6,Urban,Medium Speed (Collector),No,36.1259,-86.71261944,Non-Intersection,Dark - Lighted,Rain,8:00pm-8:59pm,6,8:00pm-8:59pm,10,8:00pm-8:59pm,29,1,Dark - Lighted,Rain/Wind/Minor,0,1,[],[],0,0,Valid,0.0,0.0,55.0,55.0,['Male'],0,0,3,2,4,Wet/Standing Water,Straight,Level,Lowest,No
30876,47,Tennessee,471168,0,3,3,0,8,NOT APPLICABLE,December,2,Saturday,12,31,Urban,High Speed (Arterial),Yes,36.59483056,-86.59493889,Non-Intersection,Daylight,Rain,12:00pm-12:59pm,16,12:00pm-12:59pm,19,Unknown,Unknown EMS Hospital Arrival Time,1,Daylight,Rain/Wind/Minor,1,7,['Driver'],['Shoulder_Lapbelt'],0,0,Valid,0.0,0.0,44.0,42.0,"['Female', 'Female', 'Male']",0,0,3,4,5,Wet/Standing Water,Straight,Level,Lowest,No
30877,47,Tennessee,471169,1,2,2,0,1,NOT APPLICABLE,December,3,Sunday,23,20,Rural,High Speed (Arterial),Yes,35.43561944,-89.3414,Non-Intersection,Dark - Not Lighted,Clear,11:00pm-11:59pm,24,11:00pm-11:59pm,41,0:00am-0:59am,24,1,Dark - Unlighted,Clear,0,1,[],[],0,0,Invalid,0.0,2.0,29.0,29.0,['Male'],1,0,4,4,5,Dry,Straight,Level,Lowest,No
30878,47,Tennessee,471170,0,1,1,0,1,NOT APPLICABLE,November,3,Friday,23,32,Rural,Low Speed (Local),No,36.31648056,-85.53158889,Non-Intersection,Dark - Not Lighted,Clear,0:00am-0:59am,31,0:00am-0:59am,49,1:00am-1:59am,24,1,Dark - Unlighted,Clear,1,0,['Driver'],['Shoulder_Lapbelt'],1,1,Invalid,2.0,0.0,38.0,38.0,['Male'],0,0,2,4,3,Dry,Straight,Level,Lowest,No
30879,47,Tennessee,471171,0,1,1,0,2,MEMPHIS,November,21,Tuesday,12,39,Urban,Low Speed (Local),No,35.10895,-89.895325,Non-Intersection,Daylight,Clear,12:00pm-12:59pm,23,12:00pm-12:59pm,49,1:00pm-1:59pm,0,1,Daylight,Clear,1,1,['Driver'],['Shoulder_Lapbelt'],0,0,Valid,0.0,0.0,86.0,86.0,['Male'],0,0,3,4,3,Dry,Curve,Grade/Hillcrest,Lowest,No
30880,47,Tennessee,471172,1,1,1,0,1,JEFFERSON CITY,November,30,Thursday,18,18,Urban,Medium Speed (Collector),No,36.12431944,-83.49208056,Complex/Circle,Dark - Lighted,Clear,Unknown,Unknown,Unknown EMS Scene Arrival Hour,Unknown EMS Scene Arrival Minutes,Unknown,Unknown EMS Hospital Arrival Time,1,Dark - Lighted,Clear,0,1,[],[],0,0,Valid,0.0,0.0,51.0,51.0,['Female'],0,0,3,3,4,Dry,Straight,Grade/Hillcrest,Lowest,No
30881,47,Tennessee,471173,0,2,2,0,2,CHATTANOOGA,October,24,Tuesday,16,0,Urban,High Speed (Arterial),Yes,35.02574167,-85.37134722,Non-Intersection,Daylight,Clear,4:00pm-4:59pm,11,4:00pm-4:59pm,16,4:00pm-4:59pm,43,1,Daylight,Clear,1,1,['Driver'],['Shoulder_Lapbelt'],0,0,Valid,0.0,0.0,59.0,35.0,"['Male', 'Female']",0,0,4,4,5,Dry,Straight,Level,Lowest,No
30882,47,Tennessee,471174,0,1,1,0,2,SMYRNA,December,1,Friday,0,6,Urban,Medium Speed (Collector),No,35.96903889,-86.56576944,Non-Intersection,Dark - Lighted,Rain,0:00am-0:59am,10,0:00am-0:59am,16,0:00am-0:59am,56,1,Dark - Lighted,Rain/Wind/Minor,1,1,['Front_Passenger'],['None_Used'],1,1,Invalid,0.0,0.0,19.0,19.0,['Male'],2,0,2,4,3,Wet/Standing Water,Straight,Level,Lowest,No
30883,47,Tennessee,471175,0,2,2,0,3,KNOXVILLE,December,7,Thursday,13,17,Urban,High Speed (Arterial),Yes,35.93028056,-84.03606111,Non-Intersection,Daylight,Clear,Unknown,Unknown,Unknown EMS Scene Arrival Hour,Unknown EMS Scene Arrival Minutes,Unknown,Unknown EMS Hospital Arrival Time,1,Daylight,Clear,1,2,['Driver'],['Shoulder_Lapbelt'],0,0,Valid,1.0,0.0,77.0,64.0,"['Female', 'Male']",0,0,3,4,1,Dry,Straight,Grade/Hillcrest,Lowest,Yes
30884,47,Tennessee,471176,1,1,1,0,1,NASHVILLE,December,3,Sunday,22,21,Urban,High Speed (Arterial),Yes,36.11201111,-86.74576944,Non-Intersection,Dark - Lighted,Clear,10:00pm-10:59pm,21,10:00pm-10:59pm,24,10:00pm-10:59pm,38,1,Dark - Lighted,Clear,0,0,[],[],0,0,Invalid,0.0,0.0,998.0,998.0,['Other'],1,0,2,3,4,Dry,Straight,Level,Lowest,No
30885,47,Tennessee,471177,1,1,1,0,1,NASHVILLE,December,2,Saturday,22,47,Urban,Medium Speed (Collector),No,36.17848056,-86.8104,Non-Intersection,Dark - Lighted,Cloudy,Unknown,Unknown,Unknown EMS Scene Arrival Hour,Unknown EMS Scene Arrival Minutes,Not Applicable (Not Transported),Not Applicable (Not Transported),1,Dark - Lighted,Reduced Visibility,0,0,[],[],0,0,Invalid,0.0,0.0,998.0,998.0,['Other'],0,0,1,0,4,Dry,Straight,Level,Lowest,No
30886,47,Tennessee,471178,0,1,1,0,1,NOT APPLICABLE,December,4,Monday,17,10,Rural,Low Speed (Local),No,35.48281111,-86.33121944,Non-Intersection,Daylight,Clear,9:00am-9:59am,29,9:00am-9:59am,33,Not Applicable (Not Transported),Not Applicable (Not Transported),1,Daylight,Clear,1,0,['Driver'],['None_Used'],1,1,Invalid,2.0,0.0,61.0,61.0,['Male'],0,0,3,4,3,Dry,Straight,Level,Lowest,No
30887,47,Tennessee,471179,0,1,1,0,1,NOT APPLICABLE,December,7,Thursday,99,99,Rural,High Speed (Arterial),Yes,36.16826111,-84.65355,Non-Intersection,Daylight,Clear,12:00pm-12:59pm,46,12:00pm-12:59pm,58,Not Applicable (Not Transported),Not Applicable (Not Transported),1,Daylight,Clear,1,0,['Driver'],['None_Used'],1,1,Invalid,0.0,0.0,39.0,39.0,['Male'],0,0,5,4,3,Dry,Curve,Level,Lowest,No
30888,47,Tennessee,471180,1,1,1,0,2,NOT APPLICABLE,December,1,Friday,17,23,Rural,Medium Speed (Collector),No,35.59401111,-89.3112,Non-Intersection,Dark - Not Lighted,Clear,Unknown,Unknown,Unknown EMS Scene Arrival Hour,Unknown EMS Scene Arrival Minutes,Unknown,Unknown EMS Hospital Arrival Time,1,Dark - Unlighted,Clear,0,2,[],[],0,0,Valid,1.0,0.0,62.0,62.0,['Male'],0,0,3,2,4,Wet/Standing Water,Straight,Level,Lowest,No
30889,47,Tennessee,471181,0,1,1,0,1,NOT APPLICABLE,December,4,Monday,13,29,Rural,Medium Speed (Collector),No,35.59661111,-88.27136111,Non-Intersection,Daylight,Clear,Unknown,Unknown,Unknown EMS Scene Arrival Hour,Unknown EMS Scene Arrival Minutes,Unknown,Unknown EMS Hospital Arrival Time,1,Daylight,Clear,1,0,['Driver'],['Shoulder_Lapbelt'],0,0,Valid,1.0,0.0,51.0,51.0,['Male'],0,0,2,4,3,Dry,Straight,Level,Lowest,No
30890,47,Tennessee,471182,0,2,2,0,2,MEMPHIS,December,8,Friday,18,26,Urban,Medium Speed (Collector),No,35.06215278,-89.88368056,Non-Intersection,Dark - Lighted,Rain,6:00pm-6:59pm,28,6:00pm-6:59pm,51,7:00pm-7:59pm,16,1,Dark - Lighted,Rain/Wind/Minor,1,1,['Driver'],['None_Used'],0,0,Valid,0.0,0.0,32.0,28.0,"['Male', 'Male']",0,0,3,4,5,Wet/Standing Water,Curve,Level,Lowest,Yes
30891,47,Tennessee,471183,0,1,1,0,1,NOT APPLICABLE,December,1,Friday,23,19,Rural,Medium Speed (Collector),No,36.43826944,-88.80158056,Non-Intersection,Dark - Not Lighted,Clear,Unknown,Unknown,Unknown EMS Scene Arrival Hour,Unknown EMS Scene Arrival Minutes,Unknown,Unknown EMS Hospital Arrival Time,1,Dark - Unlighted,Clear,1,0,['Driver'],['None_Used'],1,1,Valid,1.0,0.0,53.0,53.0,['Male'],0,0,5,4,3,Dry,Curve,Level,Lowest,No
30892,47,Tennessee,471184,0,1,1,0,1,NOT APPLICABLE,December,1,Friday,8,37,Rural,High Speed (Arterial),No,35.37788889,-88.89888056,Non-Intersection,Daylight,Rain,Unknown,Unknown,Unknown EMS Scene Arrival Hour,Unknown EMS Scene Arrival Minutes,Unknown,Unknown EMS Hospital Arrival Time,1,Daylight,Rain/Wind/Minor,1,0,['Driver'],['Shoulder_Lapbelt'],0,0,Valid,0.0,1.0,65.0,65.0,['Male'],0,0,2,4,3,Wet/Standing Water,Straight,Grade/Hillcrest,Lowest,No
30893,47,Tennessee,471185,1,2,2,0,2,MEMPHIS,December,9,Saturday,21,16,Urban,Medium Speed (Collector),No,35.09958333,-89.95098056,Non-Intersection,Dark - Lighted,Clear,Unknown,Unknown,Unknown EMS Scene Arrival Hour,Unknown EMS Scene Arrival Minutes,Unknown,Unknown EMS Hospital Arrival Time,1,Dark - Lighted,Clear,0,0,[],[],0,0,Invalid,0.0,0.0,998.0,998.0,"['Other', 'Other']",0,0,1,0,4,Dry,Straight,Level,Lowest,No
30894,47,Tennessee,471186,1,1,1,0,1,MEMPHIS,December,10,Sunday,5,9,Urban,High Speed (Arterial),Yes,35.14372222,-89.87303889,Non-Intersection,Dark - Lighted,Clear,Unknown,Unknown,Unknown EMS Scene Arrival Hour,Unknown EMS Scene Arrival Minutes,Not Applicable (Not Transported),Not Applicable (Not Transported),1,Dark - Lighted,Clear,0,0,[],[],0,0,Invalid,0.0,0.0,998.0,998.0,['Other'],0,0,1,0,4,Dry,Straight,Level,Lowest,No
30895,47,Tennessee,471188,0,2,2,0,2,LAWRENCEBURG,December,5,Tuesday,15,32,Urban,High Speed (Arterial),Yes,35.18908056,-87.33988056,Non-Intersection,Daylight,Clear,3:00pm-3:59pm,28,3:00pm-3:59pm,29,Not Applicable (Not Transported),Not Applicable (Not Transported),1,Daylight,Clear,1,1,['Driver'],['None_Used'],0,0,Invalid,1.0,2.0,57.0,41.0,"['Male', 'Male']",0,0,4,4,5,Dry,Straight,Level,Lowest,No
30896,47,Tennessee,471189,0,2,2,0,3,KNOXVILLE,December,10,Sunday,1,22,Urban,High Speed (Arterial),Yes,35.95818889,-83.96836944,Non-Intersection,Dark - Lighted,Rain,Unknown,Unknown,Unknown EMS Scene Arrival Hour,Unknown EMS Scene Arrival Minutes,Unknown,Unknown EMS Hospital Arrival Time,1,Dark - Lighted,Rain/Wind/Minor,1,2,['Front_Passenger'],['Shoulder_Lapbelt'],1,1,Valid,1.0,0.0,67.0,34.0,"['Female', 'Male']",0,0,2,4,5,Wet/Standing Water,Straight,Grade/Hillcrest,Lowest,No
30897,47,Tennessee,471190,0,1,1,0,2,CHATTANOOGA,November,18,Saturday,12,50,Urban,Medium Speed (Collector),Yes,35.031475,-85.30882222,Non-Intersection,Daylight,Clear,12:00pm-12:59pm,51,12:00pm-12:59pm,54,1:00pm-1:59pm,22,1,Daylight,Clear,1,1,['Front_Passenger'],['None_Used'],0,0,Invalid,2.0,0.0,30.0,30.0,['Male'],0,0,3,4,3,Dry,Straight,Level,Lowest,No
30898,47,Tennessee,471191,0,1,1,0,1,WARTBURG,December,5,Tuesday,99,99,Rural,Medium Speed (Collector),No,36.10246944,-84.57358889,Non-Intersection,Dark - Not Lighted,Cloudy,Unknown,Unknown,Unknown EMS Scene Arrival Hour,Unknown EMS Scene Arrival Minutes,Not Applicable (Not Transported),Not Applicable (Not Transported),1,Dark - Unlighted,Reduced Visibility,1,0,['Driver'],['None_Used'],0,0,Valid,2.0,0.0,52.0,52.0,['Female'],1,0,3,4,2,Dry,Straight,Level,Lowest,No
30899,47,Tennessee,471192,0,3,3,0,3,CHATTANOOGA,December,7,Thursday,13,51,Urban,High Speed (Arterial),Yes,35.08852222,-85.22128889,Non-Intersection,Daylight,Clear,1:00pm-1:59pm,49,1:00pm-1:59pm,50,Not Applicable (Not Transported),Not Applicable (Not Transported),1,Daylight,Clear,1,2,['Driver'],['Shoulder_Lapbelt'],0,0,Valid,0.0,0.0,52.0,21.0,"['Female', 'Male', 'Male']",0,0,4,4,5,Dry,Straight,Level,Lowest,No
30900,47,Tennessee,471193,0,2,2,0,2,NASHVILLE,December,8,Friday,19,55,Rural,High Speed (Arterial),Yes,36.23096944,-86.759,Non-Intersection,Dark - Lighted,Clear,8:00pm-8:59pm,0,8:00pm-8:59pm,3,8:00pm-8:59pm,15,1,Dark - Lighted,Clear,1,1,['Driver'],['None_Used'],0,0,Valid,0.0,1.0,42.0,30.0,"['Male', 'Male']",1,0,5,4,5,Dry,Straight,Level,Lowest,No
30901,47,Tennessee,471194,1,1,1,0,1,MEMPHIS,December,12,Tuesday,21,44,Urban,Medium Speed (Collector),No,35.22062222,-89.92425,Non-Intersection,Dark - Lighted,Clear,Unknown,Unknown,Unknown EMS Scene Arrival Hour,Unknown EMS Scene Arrival Minutes,Not Applicable (Not Transported),Not Applicable (Not Transported),1,Dark - Lighted,Clear,0,0,[],[],0,0,Invalid,0.0,0.0,999.0,999.0,['Other'],0,0,1,0,4,Dry,Straight,Level,Lowest,No
30902,47,Tennessee,471195,1,1,1,0,1,GOODLETTSVILLE,December,13,Wednesday,4,54,Urban,High Speed (Arterial),Yes,36.34551111,-86.72028889,Non-Intersection,Dark - Lighted,Clear,5:00am-5:59am,6,Unknown EMS Scene Arrival Hour,Unknown EMS Scene Arrival Minutes,Unknown,Unknown EMS Hospital Arrival Time,1,Dark - Lighted,Clear,0,1,[],[],0,0,Valid,0.0,0.0,57.0,57.0,['Male'],0,0,3,2,4,Dry,Straight,Level,Lowest,No
30903,47,Tennessee,471196,0,2,2,0,2,NOT APPLICABLE,December,1,Friday,19,18,Rural,Medium Speed (Collector),No,35.59748889,-89.72136111,Non-Intersection,Dark - Not Lighted,Clear,7:00pm-7:59pm,19,7:00pm-7:59pm,30,8:00pm-8:59pm,45,1,Dark - Unlighted,Clear,1,1,['Driver'],['Shoulder_Lapbelt'],1,1,Valid,0.0,1.0,52.0,40.0,"['Female', 'Male']",0,0,3,4,5,Dry,Straight,Level,Lowest,No
30904,47,Tennessee,471197,0,1,1,0,1,NOT APPLICABLE,December,8,Friday,11,56,Rural,Medium Speed (Collector),No,36.10656111,-83.16343056,Non-Intersection,Daylight,Clear,11:00am-11:59am,55,12:00pm-12:59pm,14,1:00pm-1:59pm,10,1,Daylight,Clear,1,0,['Driver'],['Shoulder_Lapbelt'],0,0,Valid,0.0,0.0,75.0,75.0,['Female'],0,0,3,4,3,Dry,Straight,Level,Lowest,No
30905,47,Tennessee,471198,0,2,2,0,3,EAST RIDGE,November,30,Thursday,13,59,Urban,High Speed (Arterial),Yes,34.99598889,-85.2078,Non-Intersection,Daylight,Clear,2:00pm-2:59pm,0,2:00pm-2:59pm,15,Not Applicable (Not Transported),Not Applicable (Not Transported),1,Daylight,Clear,1,2,['Driver'],['Shoulder_Lapbelt'],0,0,Valid,0.0,0.0,57.0,44.0,"['Male', 'Male']",0,0,4,4,5,Dry,Straight,Level,Lowest,No
30906,47,Tennessee,471199,0,1,1,0,1,SMYRNA,December,10,Sunday,20,30,Urban,Medium Speed (Collector),No,35.99521944,-86.50886944,Non-Intersection,Dark - Lighted,Clear,Unknown,Unknown,Unknown EMS Scene Arrival Hour,Unknown EMS Scene Arrival Minutes,Not Applicable (Not Transported),Not Applicable (Not Transported),1,Dark - Lighted,Clear,1,0,['Driver'],['None_Used'],1,1,Valid,1.0,0.0,46.0,46.0,['Male'],1,0,3,4,3,Dry,Curve,Grade/Hillcrest,Lowest,Yes
30907,47,Tennessee,471200,0,3,3,0,5,MEMPHIS,December,13,Wednesday,10,30,Urban,High Speed (Arterial),Yes,35.07616944,-89.98553889,Non-Intersection,Daylight,Clear,10:00am-10:59am,26,10:00am-10:59am,38,10:00am-10:59am,54,1,Daylight,Clear,1,4,['Front_Passenger'],['None_Used'],0,0,Invalid,2.0,0.0,66.0,20.0,"['Male', 'Female', 'Male']",2,0,3,4,5,Dry,Straight,Level,Lowest,No
30908,47,Tennessee,471201,0,2,2,0,2,CLARKSVILLE,December,11,Monday,10,52,Urban,Medium Speed (Collector),No,36.60281944,-87.37931111,Non-Intersection,Daylight,Clear,10:00am-10:59am,36,10:00am-10:59am,43,11:00am-11:59am,12,1,Daylight,Clear,1,1,['Driver'],['Shoulder_Lapbelt'],0,0,Valid,0.0,0.0,73.0,47.0,"['Male', 'Male']",0,0,3,4,5,Dry,Curve,Grade/Hillcrest,Lowest,No
30909,47,Tennessee,471202,0,2,2,0,2,NOT APPLICABLE,December,1,Friday,17,0,Rural,Medium Speed (Collector),No,35.60698889,-86.76216944,Non-Intersection,Dark - Not Lighted,Rain,5:00pm-5:59pm,10,5:00pm-5:59pm,21,6:00pm-6:59pm,28,1,Dark - Unlighted,Rain/Wind/Minor,1,1,['Driver'],['Shoulder_Lapbelt'],0,0,Valid,1.0,0.0,69.0,23.0,"['Female', 'Male']",0,0,3,4,5,Wet/Standing Water,Straight,Level,Lowest,No
30910,47,Tennessee,471203,0,2,2,0,3,MEMPHIS,December,12,Tuesday,16,4,Urban,Medium Speed (Collector),No,35.0832,-89.89273056,Non-Intersection,Daylight,Clear,4:00pm-4:59pm,15,4:00pm-4:59pm,36,4:00pm-4:59pm,55,1,Daylight,Clear,1,2,['Driver'],['None_Used'],0,0,Valid,2.0,1.0,43.0,35.0,"['Male', 'Male']",0,0,3,4,5,Dry,Straight,Level,Lowest,Yes
30911,47,Tennessee,471204,0,1,1,0,2,NOT APPLICABLE,December,14,Thursday,18,0,Rural,Medium Speed (Collector),No,35.01873889,-87.80571111,Non-Intersection,Dark - Not Lighted,Clear,6:00pm-6:59pm,3,6:00pm-6:59pm,31,7:00pm-7:59pm,10,1,Dark - Unlighted,Clear,1,1,['Driver'],['None_Used'],0,0,Valid,0.0,0.0,35.0,35.0,['Male'],0,0,3,4,3,Dry,Curve,Grade/Hillcrest,Lowest,No
30912,47,Tennessee,471205,0,1,1,0,1,NOT APPLICABLE,December,15,Friday,15,55,Urban,Medium Speed (Collector),No,35.58365,-87.02663889,Non-Intersection,Daylight,Cloudy,3:00pm-3:59pm,55,4:00pm-4:59pm,0,4:00pm-4:59pm,24,1,Daylight,Reduced Visibility,1,0,['Driver'],['None_Used'],0,0,Valid,1.0,3.0,22.0,22.0,['Male'],0,0,5,4,3,Dry,Curve,Level,Lowest,No
30913,47,Tennessee,471206,0,1,1,0,3,NOT APPLICABLE,December,15,Friday,99,99,Urban,High Speed (Arterial),Yes,35.50646944,-86.05223056,Non-Intersection,Dark - Not Lighted,Clear,0:00am-0:59am,25,0:00am-0:59am,32,1:00am-1:59am,24,1,Dark - Unlighted,Clear,1,2,['Driver'],['Shoulder_Lapbelt'],0,0,Valid,0.0,0.0,18.0,18.0,['Female'],0,0,3,4,3,Dry,Straight,Level,Lowest,No
30914,47,Tennessee,471207,0,2,2,0,4,MEMPHIS,December,5,Tuesday,13,39,Urban,Medium Speed (Collector),No,35.19811944,-89.90518889,Simple Junction,Daylight,Clear,12:00pm-12:59pm,43,12:00pm-12:59pm,52,1:00pm-1:59pm,15,1,Daylight,Clear,1,3,['Driver'],['Shoulder_Lapbelt'],0,0,Valid,2.0,0.0,83.0,38.0,"['Male', 'Male']",3,0,3,4,5,Dry,Curve,Level,Lowest,No
30915,47,Tennessee,471208,0,2,2,0,2,GOODLETTSVILLE,December,8,Friday,15,53,Urban,High Speed (Arterial),Yes,36.37261111,-86.744,Non-Intersection,Daylight,Clear,Unknown,Unknown,Unknown EMS Scene Arrival Hour,Unknown EMS Scene Arrival Minutes,Not Applicable (Not Transported),Not Applicable (Not Transported),1,Daylight,Clear,1,1,['Driver'],['Shoulder_Lapbelt'],0,0,Valid,1.0,0.0,75.0,58.0,"['Male', 'Male']",0,0,3,4,5,Dry,Straight,Level,Lowest,No
30916,47,Tennessee,471209,0,2,2,0,3,NASHVILLE,December,12,Tuesday,14,30,Urban,Low Speed (Local),No,36.15875,-86.84893056,Complex/Circle,Daylight,Clear,Unknown,Unknown,Unknown EMS Scene Arrival Hour,Unknown EMS Scene Arrival Minutes,Not Applicable (Not Transported),Not Applicable (Not Transported),1,Daylight,Clear,1,2,['Front_Passenger'],['None_Used'],0,0,Valid,2.0,0.0,41.0,39.0,"['Male', 'Female']",2,0,3,4,5,Dry,Straight,Level,Lowest,No
30917,47,Tennessee,471210,0,1,1,0,1,NOT APPLICABLE,December,15,Friday,8,20,Rural,High Speed (Arterial),Yes,36.05785,-85.17983056,Non-Intersection,Daylight,Clear,8:00am-8:59am,28,8:00am-8:59am,35,9:00am-9:59am,21,1,Daylight,Clear,1,0,['Driver'],['None_Used'],0,0,Valid,2.0,0.0,61.0,61.0,['Male'],0,0,3,4,3,Dry,Straight,Level,Lowest,No
30918,47,Tennessee,471211,0,2,2,0,2,NOT APPLICABLE,November,17,Friday,20,23,Urban,High Speed (Arterial),Yes,36.01913056,-87.25768889,Non-Intersection,Dark - Not Lighted,Clear,9:00pm-9:59pm,46,10:00pm-10:59pm,1,11:00pm-11:59pm,7,1,Dark - Unlighted,Clear,1,1,['Driver'],['None_Used'],1,1,Valid,0.0,0.0,70.0,40.0,"['Male', 'Male']",0,0,3,4,5,Dry,Straight,Level,Lowest,No
30919,47,Tennessee,471212,0,1,1,0,1,SMYRNA,December,15,Friday,11,29,Urban,High Speed (Arterial),Yes,35.94598889,-86.48671111,Non-Intersection,Daylight,Clear,Unknown,Unknown,Unknown EMS Scene Arrival Hour,Unknown EMS Scene Arrival Minutes,Unknown,Unknown EMS Hospital Arrival Time,1,Daylight,Clear,1,0,['Driver'],['Shoulder_Lapbelt'],0,0,Valid,0.0,0.0,60.0,60.0,['Male'],0,0,3,4,3,Dry,Straight,Level,Lowest,No
30920,47,Tennessee,471213,0,2,2,0,2,CHATTANOOGA,December,18,Monday,13,53,Urban,Medium Speed (Collector),No,34.98844722,-85.39045833,Non-Intersection,Daylight,Clear,1:00pm-1:59pm,55,2:00pm-2:59pm,3,2:00pm-2:59pm,29,1,Daylight,Clear,1,1,['Driver'],['Shoulder_Lapbelt'],0,0,Valid,0.0,0.0,73.0,44.0,"['Female', 'Female']",0,0,3,4,5,Dry,Straight,Level,Lowest,No
30921,47,Tennessee,471214,1,2,2,0,6,MEMPHIS,December,14,Thursday,16,5,Urban,Medium Speed (Collector),No,35.00638889,-90.05065,Non-Intersection,Daylight,Clear,4:00pm-4:59pm,12,4:00pm-4:59pm,36,5:00pm-5:59pm,2,1,Daylight,Clear,0,3,[],[],0,0,Valid,0.0,0.0,25.0,23.0,"['Male', 'Male']",0,0,3,4,5,Dry,Straight,Level,Lowest,No
30922,47,Tennessee,471215,0,1,1,0,1,JOHNSON CITY,November,14,Tuesday,11,49,Urban,High Speed (Arterial),Yes,36.34342222,-82.36986944,Non-Intersection,Daylight,Clear,11:00am-11:59am,50,11:00am-11:59am,57,12:00pm-12:59pm,16,1,Daylight,Clear,1,0,['Driver'],['Shoulder_Lapbelt'],0,0,Valid,0.0,1.0,45.0,45.0,['Male'],0,0,3,4,3,Dry,Curve,Grade/Hillcrest,Lowest,No
30923,47,Tennessee,471216,0,2,2,0,4,NOT APPLICABLE,December,11,Monday,1,22,Rural,High Speed (Arterial),Yes,36.41788056,-87.05001111,Non-Intersection,Dark - Not Lighted,Clear,1:00am-1:59am,22,1:00am-1:59am,32,2:00am-2:59am,20,1,Dark - Unlighted,Clear,1,3,['Rear_Seat'],['Shoulder_Lapbelt'],0,0,Valid,2.0,0.0,21.0,20.0,"['Male', 'Female']",0,0,3,4,5,Dry,Straight,Level,Lowest,No
30924,47,Tennessee,471218,0,1,1,0,2,KINGSPORT,December,18,Monday,20,18,Urban,Medium Speed (Collector),No,36.49715278,-82.48813056,Non-Intersection,Dark - Not Lighted,Rain,8:00pm-8:59pm,20,8:00pm-8:59pm,24,8:00pm-8:59pm,55,1,Dark - Unlighted,Rain/Wind/Minor,1,1,['Driver'],['Shoulder_Lapbelt'],0,0,Valid,0.0,0.0,36.0,36.0,['Male'],2,0,3,4,3,Wet/Standing Water,Curve,Grade/Hillcrest,Lowest,No
30925,47,Tennessee,471219,0,1,1,0,4,JACKSBORO,December,18,Monday,15,25,Urban,Low Speed (Local),No,36.32763056,-84.20986111,Non-Intersection,Daylight,Cloudy,3:00pm-3:59pm,24,3:00pm-3:59pm,29,3:00pm-3:59pm,50,1,Daylight,Reduced Visibility,1,3,['Non_Standard_Risk'],['None_Used'],0,0,Valid,0.0,0.0,16.0,16.0,['Male'],4,0,3,4,3,Dry,Curve,Grade/Hillcrest,Lowest,No
30926,47,Tennessee,471220,0,2,2,0,2,NASHVILLE,November,20,Monday,8,4,Urban,High Speed (Arterial),Yes,36.07423056,-86.63835,Non-Intersection,Daylight,Cloudy,8:00am-8:59am,4,8:00am-8:59am,19,8:00am-8:59am,44,1,Daylight,Reduced Visibility,1,1,['Driver'],['Shoulder_Lapbelt'],0,0,Invalid,1.0,1.0,60.0,27.0,"['Male', 'Male']",0,0,3,4,5,Dry,Straight,Grade/Hillcrest,Lowest,Yes
30927,47,Tennessee,471221,0,1,1,0,1,NASHVILLE,December,8,Friday,20,22,Urban,High Speed (Arterial),Yes,36.15613056,-86.80813056,Non-Intersection,Dark - Lighted,Clear,8:00pm-8:59pm,22,8:00pm-8:59pm,26,8:00pm-8:59pm,37,1,Dark - Lighted,Clear,1,0,['Driver'],['Shoulder_Lapbelt'],0,0,Invalid,0.0,0.0,31.0,31.0,['Female'],0,0,2,4,3,Dry,Straight,Level,Lowest,No
30928,47,Tennessee,471222,0,1,1,0,1,CLEVELAND,December,15,Friday,99,99,Urban,Low Speed (Local),No,35.22286944,-84.86308889,Non-Intersection,Dark - Not Lighted,Clear,Unknown,Unknown,Unknown EMS Scene Arrival Hour,Unknown EMS Scene Arrival Minutes,Not Applicable (Not Transported),Not Applicable (Not Transported),1,Dark - Unlighted,Clear,1,0,['Driver'],['None_Used'],1,1,Valid,1.0,0.0,23.0,23.0,['Male'],0,0,3,4,3,Dry,Curve,Level,Lowest,No
30929,47,Tennessee,471223,0,2,2,0,3,NOT APPLICABLE,December,16,Saturday,14,54,Rural,High Speed (Arterial),Yes,35.20881111,-84.60526944,Complex/Circle,Daylight,Clear,2:00pm-2:59pm,56,3:00pm-3:59pm,10,3:00pm-3:59pm,27,1,Daylight,Clear,1,2,['Driver'],['None_Used'],0,0,Valid,1.0,0.0,79.0,48.0,"['Female', 'Male']",0,0,5,4,5,Dry,Straight,Level,Lowest,No