,State_Code,State_Name,Crash_ID,Count_Non_Motorists,Count_Vehicles_Total,Count_Vehicle_Forms,Count_PVH_Involved,Count_Occupants_MV,City_Name,Month_Name,Day_of_Month,Day_of_Week,Crash_Hour,Crash_Minute,Area_Rural_Urban,Road_Functional_Class,On_NHS_Road,Latitude,Longitude,Intersection_Type,Light_Condition,Weather_Condition,Notif_Hour,Notif_Minute,Arrival_Hour,Arrival_Minute,Hospital_Hour,Hospital_Minute,Fatalities_Count,Clean_Light_Condition,Clean_Weather_Condition,Total_Killed,Total_Alive,Fatal_Seats_List,Killed_Restraint_List,Any_Driver_Drinking,Total_Drinking_Drivers,Driver_License_Category,Driver_Max_Prev_Accident_Count,Driver_Max_Prev_Speeding_Count,Max_Driver_Age,Min_Driver_Age,Driver_Sex_List,Total_Exceeding_Limit_Vehicles,Total_Too_Fast_Vehicles,Max_Vehicle_Type_Severity_5,Max_Vehicle_Damage_Rank,Max_Harmful_Event_Severity,Crash_Road_Surface_Condition,Crash_Horizontal_Alignment,Crash_Vertical_Profile,Crash_Impairment_Category,Crash_Vehicle_Defect
30930,47,Tennessee,471224,0,1,1,0,2,NASHVILLE,December,17,Sunday,2,55,Urban,High Speed (Arterial),Yes,36.13098889,-86.75581111,Non-Intersection,Dark - Lighted,Rain,Unknown,Unknown,Unknown EMS Scene Arrival Hour,Unknown EMS Scene Arrival Minutes,Not Applicable (Not Transported),Not Applicable (Not Transported),2,Dark - Lighted,Rain/Wind/Minor,2,0,"['Driver', 'Front_Passenger']","['Shoulder_Lapbelt', 'Shoulder_Lapbelt']",0,0,Invalid,0.0,0.0,23.0,23.0,['Male'],2,0,2,4,3,Wet/Standing Water,Straight,Grade/Hillcrest,Lowest,No
30931,47,Tennessee,471225,0,1,1,0,1,NOT APPLICABLE,October,31,Tuesday,21,48,Rural,High Speed (Arterial),Yes,35.19086944,-89.65116111,Non-Intersection,Dark - Not Lighted,Clear,9:00pm-9:59pm,52,9:00pm-9:59pm,57,Not Applicable (Not Transported),Not Applicable (Not Transported),1,Dark - Unlighted,Clear,1,0,['Driver'],['Shoulder_Lapbelt'],0,0,Valid,0.0,0.0,78.0,78.0,['Male'],0,0,3,4,3,Dry,Straight,Level,Lowest,No
30932,47,Tennessee,471226,0,2,2,0,2,KINGSPORT,December,12,Tuesday,5,19,Urban,High Speed (Arterial),Yes,36.45045,-82.52128056,Non-Intersection,Dark - Not Lighted,Clear,5:00am-5:59am,24,5:00am-5:59am,29,6:00am-6:59am,4,1,Dark - Unlighted,Clear,1,1,['Driver'],['Shoulder_Lapbelt'],0,0,Valid,1.0,0.0,66.0,24.0,"['Male', 'Male']",0,0,3,4,5,Dry,Straight,Grade/Hillcrest,Lowest,No
30933,47,Tennessee,471227,0,3,3,0,6,MEMPHIS,December,16,Saturday,19,15,Urban,High Speed (Arterial),Yes,35.04765278,-90.06280556,Complex/Circle,Dark - Lighted,Rain,10:00pm-10:59pm,1,10:00pm-10:59pm,13,11:00pm-11:59pm,37,1,Dark - Lighted,Rain/Wind/Minor,1,2,['Driver'],['None_Used'],0,0,Invalid,0.0,0.0,999.0,42.0,"['Other', 'Male', 'Female']",0,0,3,4,5,Wet/Standing Water,Straight,Level,Lowest,No
30934,47,Tennessee,471228,0,2,2,0,3,BAXTER,December,20,Wednesday,8,46,Urban,High Speed (Arterial),Yes,36.13878056,-85.61963056,Non-Intersection,Daylight,Clear,8:00am-8:59am,47,8:00am-8:59am,53,10:00am-10:59am,2,1,Daylight,Clear,1,2,['Driver'],['Shoulder_Lapbelt'],0,0,Invalid,0.0,0.0,58.0,51.0,"['Male', 'Female']",0,0,3,4,5,Dry,Straight,Level,Lowest,No
30935,47,Tennessee,471229,0,2,2,0,5,MEMPHIS,December,21,Thursday,23,38,Urban,High Speed (Arterial),Yes,35.15949167,-89.79356389,Complex/Circle,Dark - Lighted,Clear,11:00pm-11:59pm,48,11:00pm-11:59pm,56,Unknown,Unknown EMS Hospital Arrival Time,2,Dark - Lighted,Clear,2,3,"['Driver', 'Front_Passenger']","['Shoulder_Lapbelt', 'Shoulder_Lapbelt']",0,0,Invalid,0.0,0.0,35.0,22.0,"['Male', 'Male']",4,0,2,4,5,Dry,Straight,Grade/Hillcrest,Lowest,No
30936,47,Tennessee,471230,0,1,1,0,1,NOT APPLICABLE,December,14,Thursday,16,30,Rural,Low Speed (Local),No,35.68573056,-84.39306111,Non-Intersection,Daylight,Clear,Unknown,Unknown,Unknown EMS Scene Arrival Hour,Unknown EMS Scene Arrival Minutes,Not Applicable (Not Transported),Not Applicable (Not Transported),1,Daylight,Clear,1,0,['Driver'],['Shoulder_Lapbelt'],0,0,Invalid,0.0,0.0,36.0,36.0,['Male'],0,0,2,4,4,Dry,Straight,Grade/Hillcrest,Lowest,No
30937,47,Tennessee,471231,0,1,1,0,1,NOT APPLICABLE,December,22,Friday,20,34,Rural,Medium Speed (Collector),No,35.42423056,-87.09973889,Non-Intersection,Dark - Not Lighted,Clear,8:00pm-8:59pm,34,8:00pm-8:59pm,59,Not Applicable (Not Transported),Not Applicable (Not Transported),1,Dark - Unlighted,Clear,1,0,['Driver'],['Shoulder_Lapbelt'],0,0,Valid,0.0,0.0,39.0,39.0,['Male'],0,0,2,4,3,Dry,Curve,Level,Lowest,No
30938,47,Tennessee,471232,0,1,1,0,1,MEMPHIS,December,27,Wednesday,1,33,Urban,Medium Speed (Collector),No,35.02338056,-90.09653611,Non-Intersection,Dark - Not Lighted,Clear,1:00am-1:59am,43,1:00am-1:59am,48,2:00am-2:59am,19,1,Dark - Unlighted,Clear,1,0,['Driver'],['None_Used'],1,1,Valid,0.0,0.0,49.0,49.0,['Female'],0,0,3,4,3,Dry,Straight,Level,Lowest,No
30939,47,Tennessee,471233,1,1,1,0,3,NOT APPLICABLE,December,26,Tuesday,12,31,Rural,Medium Speed (Collector),No,35.1366,-89.0172,Non-Intersection,Daylight,Clear,Unknown,Unknown,Unknown EMS Scene Arrival Hour,Unknown EMS Scene Arrival Minutes,Not Applicable (Not Transported),Not Applicable (Not Transported),1,Daylight,Clear,0,3,[],[],0,0,Valid,3.0,1.0,28.0,28.0,['Male'],0,0,3,4,4,Dry,Straight,Level,Lowest,No
30940,47,Tennessee,471234,1,1,1,0,2,HUNTSVILLE,December,14,Thursday,18,51,Rural,High Speed (Arterial),Yes,36.4346,-84.53901944,Non-Intersection,Dark - Not Lighted,Clear,Unknown,Unknown,Unknown EMS Scene Arrival Hour,Unknown EMS Scene Arrival Minutes,Not Applicable (Not Transported),Not Applicable (Not Transported),1,Dark - Unlighted,Clear,0,2,[],[],0,0,Valid,1.0,0.0,41.0,41.0,['Female'],0,0,3,4,4,Dry,Straight,Level,Lowest,No
30941,47,Tennessee,471235,1,1,1,0,1,NASHVILLE,December,26,Tuesday,5,47,Urban,High Speed (Arterial),Yes,36.176,-86.64596944,Non-Intersection,Dark - Lighted,Rain,Unknown,Unknown,Unknown EMS Scene Arrival Hour,Unknown EMS Scene Arrival Minutes,Not Applicable (Not Transported),Not Applicable (Not Transported),1,Dark - Lighted,Rain/Wind/Minor,0,1,[],[],0,0,Valid,0.0,0.0,61.0,61.0,['Male'],0,0,3,4,4,Wet/Standing Water,Straight,Level,Lowest,No
30942,47,Tennessee,471236,0,1,1,0,1,NOT APPLICABLE,December,21,Thursday,14,46,Urban,High Speed (Arterial),Yes,36.44624167,-86.69895833,Non-Intersection,Daylight,Clear,2:00pm-2:59pm,35,2:00pm-2:59pm,41,3:00pm-3:59pm,11,1,Daylight,Clear,1,0,['Driver'],['Shoulder_Lapbelt'],0,0,Valid,0.0,1.0,57.0,57.0,['Male'],0,0,3,4,3,Dry,Curve,Level,Lowest,No
30943,47,Tennessee,471237,0,3,3,0,8,NOT APPLICABLE,December,21,Thursday,17,15,Rural,High Speed (Arterial),Yes,35.78693889,-85.99011944,Complex/Circle,Dark - Not Lighted,Clear,5:00pm-5:59pm,23,5:00pm-5:59pm,30,6:00pm-6:59pm,9,1,Dark - Unlighted,Clear,1,7,['Front_Passenger'],['Shoulder_Lapbelt'],0,0,Valid,2.0,0.0,58.0,19.0,"['Male', 'Female', 'Male']",0,0,3,4,5,Dry,Straight,Level,Lowest,No
30944,47,Tennessee,471238,0,1,1,0,1,MEMPHIS,December,28,Thursday,1,20,Urban,High Speed (Arterial),Yes,35.18277778,-90.01823056,Non-Intersection,Dark - Lighted,Clear,Unknown,Unknown,Unknown EMS Scene Arrival Hour,Unknown EMS Scene Arrival Minutes,Unknown,Unknown EMS Hospital Arrival Time,1,Dark - Lighted,Clear,1,0,['Driver'],['Shoulder_Lapbelt'],0,0,Invalid,2.0,7.0,29.0,29.0,['Male'],0,0,2,4,2,Dry,Straight,Level,Lowest,No
30945,47,Tennessee,471239,0,3,3,0,4,NOT APPLICABLE,December,22,Friday,22,57,Urban,High Speed (Arterial),Yes,36.07121111,-83.92736111,Non-Intersection,Dark - Lighted,Clear,9:00pm-9:59pm,57,10:00pm-10:59pm,6,10:00pm-10:59pm,56,1,Dark - Lighted,Clear,1,3,['Front_Passenger'],['Shoulder_Lapbelt'],1,1,Invalid,1.0,1.0,75.0,39.0,"['Female', 'Male', 'Female']",0,0,3,4,5,Dry,Straight,Level,Lowest,No
30946,47,Tennessee,471241,0,2,2,0,2,MEMPHIS,December,30,Saturday,16,58,Urban,Medium Speed (Collector),No,35.0661,-89.83883889,Simple Junction,Daylight,Clear,Unknown,Unknown,Unknown EMS Scene Arrival Hour,Unknown EMS Scene Arrival Minutes,Unknown,Unknown EMS Hospital Arrival Time,1,Daylight,Clear,1,1,['Driver'],['None_Used'],0,0,Valid,1.0,0.0,63.0,56.0,"['Male', 'Male']",0,0,5,4,5,Dry,Straight,Level,Lowest,No
30947,47,Tennessee,471242,0,1,1,0,2,FRANKLIN,December,26,Tuesday,7,55,Urban,High Speed (Arterial),Yes,35.83728889,-86.83298889,Non-Intersection,Daylight,Clear,Unknown,Unknown,Unknown EMS Scene Arrival Hour,Unknown EMS Scene Arrival Minutes,Unknown,Unknown EMS Hospital Arrival Time,1,Daylight,Clear,1,1,['Front_Passenger'],['Shoulder_Lapbelt'],0,0,Valid,1.0,0.0,21.0,21.0,['Female'],0,0,2,4,2,Dry,Straight,Level,Medium,No
30948,47,Tennessee,471243,0,1,1,0,1,NEW TAZEWELL,December,29,Friday,11,0,Rural,Medium Speed (Collector),No,36.45998056,-83.61666111,Non-Intersection,Daylight,Blowing Snow,Unknown,Unknown,Unknown EMS Scene Arrival Hour,Unknown EMS Scene Arrival Minutes,Unknown,Unknown EMS Hospital Arrival Time,1,Daylight,Snow/Ice/Severe,1,0,['Driver'],['Shoulder_Lapbelt'],0,0,Valid,0.0,0.0,19.0,19.0,['Female'],1,0,3,4,3,Wet/Standing Water,Curve,Grade/Hillcrest,Lowest,No
30949,47,Tennessee,471244,0,2,2,0,2,GALLATIN,December,31,Sunday,23,50,Urban,High Speed (Arterial),Yes,36.36931111,-86.51381944,Non-Intersection,Dark - Not Lighted,Clear,11:00pm-11:59pm,53,11:00pm-11:59pm,57,Not Applicable (Not Transported),Not Applicable (Not Transported),2,Dark - Unlighted,Clear,2,0,"['Driver', 'Driver']","['Shoulder_Lapbelt', 'Shoulder_Lapbelt']",0,0,Valid,0.0,0.0,49.0,27.0,"['Female', 'Female']",0,0,3,4,5,Dry,Straight,Level,Lowest,No
30950,47,Tennessee,471245,0,2,2,0,3,NASHVILLE,December,9,Saturday,23,2,Urban,Medium Speed (Collector),No,36.19505,-86.74313889,Complex/Circle,Dark - Lighted,Clear,11:00pm-11:59pm,3,11:00pm-11:59pm,6,11:00pm-11:59pm,27,1,Dark - Lighted,Clear,1,2,['Driver'],['None_Used'],1,1,Valid,1.0,0.0,34.0,18.0,"['Male', 'Female']",0,0,3,4,5,Dry,Straight,Level,Lowest,Yes
30951,47,Tennessee,471246,0,2,2,0,5,NOT APPLICABLE,December,19,Tuesday,12,20,Urban,High Speed (Arterial),Yes,35.51778056,-86.41313889,Complex/Circle,Daylight,Clear,Unknown,Unknown,Unknown EMS Scene Arrival Hour,Unknown EMS Scene Arrival Minutes,Unknown,Unknown EMS Hospital Arrival Time,1,Daylight,Clear,1,4,['Front_Passenger'],['Shoulder_Lapbelt'],0,0,Valid,0.0,0.0,47.0,25.0,"['Male', 'Female']",0,0,3,4,5,Dry,Straight,Level,Lowest,No
30952,47,Tennessee,471247,0,2,2,0,3,NOT APPLICABLE,December,29,Friday,7,28,Rural,High Speed (Arterial),Yes,36.48731111,-86.31001111,Complex/Circle,Daylight,Cloudy,7:00am-7:59am,32,7:00am-7:59am,42,8:00am-8:59am,35,1,Daylight,Reduced Visibility,1,2,['Front_Passenger'],['Shoulder_Lapbelt'],0,0,Invalid,1.0,0.0,60.0,41.0,"['Male', 'Male']",0,0,3,4,5,Dry,Straight,Level,Lowest,No
30953,47,Tennessee,471248,2,2,2,0,3,FRANKLIN,December,16,Saturday,8,41,Urban,High Speed (Arterial),Yes,35.92956111,-86.84215,Complex/Circle,Daylight,Cloudy,8:00am-8:59am,41,8:00am-8:59am,46,9:00am-9:59am,14,1,Daylight,Reduced Visibility,0,3,[],[],1,1,Valid,0.0,2.0,69.0,23.0,"['Male', 'Male']",0,0,3,4,5,Dry,Straight,Level,Lowest,No
30954,47,Tennessee,471249,0,2,2,0,2,COLLEGEDALE,December,28,Thursday,9,31,Urban,High Speed (Arterial),Yes,35.03058889,-85.02496111,Simple Junction,Daylight,Clear,9:00am-9:59am,33,9:00am-9:59am,38,10:00am-10:59am,40,1,Daylight,Clear,1,1,['Driver'],['Shoulder_Lapbelt'],0,0,Valid,1.0,0.0,93.0,39.0,"['Male', 'Female']",0,0,3,4,5,Dry,Straight,Grade/Hillcrest,Lowest,No
30955,47,Tennessee,471250,0,1,1,0,1,NOT APPLICABLE,December,25,Monday,21,34,Urban,Low Speed (Local),No,36.24833889,-86.47501944,Non-Intersection,Dark - Not Lighted,Rain,Unknown,Unknown,Unknown EMS Scene Arrival Hour,Unknown EMS Scene Arrival Minutes,Unknown,Unknown EMS Hospital Arrival Time,1,Dark - Unlighted,Rain/Wind/Minor,1,0,['Driver'],['None_Used'],0,0,Valid,0.0,1.0,68.0,68.0,['Female'],0,0,3,4,3,Wet/Standing Water,Curve,Level,Lowest,No
30956,47,Tennessee,471251,0,1,1,0,1,NOT APPLICABLE,December,12,Tuesday,18,31,Rural,Medium Speed (Collector),No,36.05733056,-87.89755,Non-Intersection,Dark - Not Lighted,Clear,6:00pm-6:59pm,28,6:00pm-6:59pm,35,7:00pm-7:59pm,30,1,Dark - Unlighted,Clear,1,0,['Driver'],['Shoulder_Lapbelt'],0,0,Valid,0.0,0.0,49.0,49.0,['Male'],0,0,3,4,3,Dry,Straight,Level,Lowest,No
30957,47,Tennessee,471252,1,2,1,1,1,NASHVILLE,December,10,Sunday,22,20,Urban,Low Speed (Local),No,36.12031944,-86.7467,Non-Intersection,Dark - Lighted,Cloudy,Unknown,Unknown,Unknown EMS Scene Arrival Hour,Unknown EMS Scene Arrival Minutes,Unknown,Unknown EMS Hospital Arrival Time,1,Dark - Lighted,Reduced Visibility,1,0,['Driver'],['Shoulder_Lapbelt'],1,1,Valid,0.0,0.0,21.0,21.0,['Male'],1,0,2,4,5,Dry,Straight,Level,Lowest,No
30958,47,Tennessee,471253,1,1,1,0,1,NASHVILLE,December,30,Saturday,17,58,Urban,High Speed (Arterial),Yes,36.14811111,-86.7603,Simple Junction,Dark - Lighted,Clear,Unknown,Unknown,Unknown EMS Scene Arrival Hour,Unknown EMS Scene Arrival Minutes,Unknown,Unknown EMS Hospital Arrival Time,1,Dark - Lighted,Clear,0,1,[],[],0,0,Invalid,0.0,0.0,29.0,29.0,['Male'],0,0,3,4,4,Dry,Straight,Level,Lowest,No
30959,47,Tennessee,471254,0,1,1,0,1,NOT APPLICABLE,November,3,Friday,20,12,Rural,Medium Speed (Collector),No,36.23488056,-85.92175,Non-Intersection,Dark - Not Lighted,Clear,8:00pm-8:59pm,8,8:00pm-8:59pm,18,8:00pm-8:59pm,47,1,Dark - Unlighted,Clear,1,0,['Driver'],['Shoulder_Lapbelt'],0,0,Valid,0.0,0.0,57.0,57.0,['Female'],0,0,3,4,2,Dry,Straight,Level,Lowest,No
30960,47,Tennessee,471255,0,3,3,0,6,PIGEON FORGE,November,14,Tuesday,18,45,Urban,High Speed (Arterial),Yes,35.82594722,-83.57491389,Non-Intersection,Dark - Lighted,Clear,6:00pm-6:59pm,44,6:00pm-6:59pm,53,7:00pm-7:59pm,15,1,Dark - Lighted,Clear,1,5,['Driver'],['Shoulder_Lapbelt'],0,0,Valid,1.0,1.0,82.0,24.0,"['Female', 'Male', 'Male']",0,0,3,4,5,Dry,Straight,Level,Lowest,No
30961,47,Tennessee,471256,0,2,2,0,2,Other,December,27,Wednesday,14,19,Rural,Medium Speed (Collector),No,36.15143611,-82.59740278,Non-Intersection,Daylight,Cloudy,1:00pm-1:59pm,42,1:00pm-1:59pm,59,2:00pm-2:59pm,30,1,Daylight,Reduced Visibility,1,1,['Driver'],['None_Used'],0,0,Valid,2.0,0.0,77.0,35.0,"['Male', 'Male']",0,0,5,4,5,Dry,Straight,Level,Lowest,Yes
30962,47,Tennessee,471257,0,1,1,0,1,MURFREESBORO,December,29,Friday,99,99,Urban,High Speed (Arterial),Yes,35.92531944,-86.3817,Non-Intersection,Dark - Not Lighted,Clear,Unknown,Unknown,Unknown EMS Scene Arrival Hour,Unknown EMS Scene Arrival Minutes,Not Applicable (Not Transported),Not Applicable (Not Transported),1,Dark - Unlighted,Clear,1,0,['Driver'],['None_Used'],0,0,Valid,1.0,0.0,18.0,18.0,['Male'],0,0,3,4,3,Dry,Straight,Level,Lowest,No
30963,47,Tennessee,471258,0,3,3,0,3,LIVINGSTON,December,12,Tuesday,17,30,Rural,High Speed (Arterial),Yes,36.37805,-85.33491111,Simple Junction,Dark - Lighted,Clear,5:00pm-5:59pm,40,5:00pm-5:59pm,44,5:00pm-5:59pm,56,1,Dark - Lighted,Clear,1,2,['Driver'],['Shoulder_Lapbelt'],0,0,Valid,0.0,0.0,60.0,28.0,"['Female', 'Female', 'Male']",0,0,3,4,5,Dry,Straight,Level,Medium,No
30964,47,Tennessee,471259,0,1,1,0,1,MADISON,December,20,Wednesday,15,30,Urban,Low Speed (Local),No,36.27133889,-86.68421111,Non-Intersection,Daylight,Reported as Unknown,3:00pm-3:59pm,37,3:00pm-3:59pm,41,4:00pm-4:59pm,4,1,Daylight,Clear,1,0,['Driver'],['Shoulder_Lapbelt'],0,0,Invalid,0.0,0.0,43.0,43.0,['Male'],0,0,3,4,3,Dry,Straight,Level,Lowest,No
30965,47,Tennessee,471260,0,1,1,0,3,NASHVILLE,December,29,Friday,15,0,Urban,High Speed (Arterial),Yes,36.20971111,-86.69076111,Non-Intersection,Daylight,Clear,2:00pm-2:59pm,57,3:00pm-3:59pm,9,4:00pm-4:59pm,19,1,Daylight,Clear,1,2,['Front_Passenger'],['None_Used'],0,0,Invalid,0.0,0.0,20.0,20.0,['Male'],3,0,2,4,3,Dry,Straight,Level,Lowest,No
30966,47,Tennessee,471261,0,3,3,0,4,KNOXVILLE,December,11,Monday,18,23,Urban,Medium Speed (Collector),No,36.03533056,-83.88798889,Complex/Circle,Dark - Lighted,Clear,Unknown,Unknown,Unknown EMS Scene Arrival Hour,Unknown EMS Scene Arrival Minutes,Unknown,Unknown EMS Hospital Arrival Time,1,Dark - Lighted,Clear,1,3,['Driver'],['Shoulder_Lapbelt'],0,0,Valid,1.0,0.0,58.0,28.0,"['Female', 'Female', 'Female']",2,0,3,4,5,Dry,Straight,Level,Lowest,No
30967,47,Tennessee,471262,0,1,1,0,1,NOT APPLICABLE,December,22,Friday,8,24,Urban,Low Speed (Local),No,35.81538889,-84.15041111,Non-Intersection,Daylight,Clear,7:00am-7:59am,33,7:00am-7:59am,51,8:00am-8:59am,2,1,Daylight,Clear,1,0,['Driver'],['Shoulder_Lapbelt'],0,0,Valid,1.0,0.0,64.0,64.0,['Female'],0,0,3,4,3,Dry,Curve,Grade/Hillcrest,Lowest,No
30968,47,Tennessee,471263,0,1,1,0,2,MURFREESBORO,December,29,Friday,14,51,Urban,Medium Speed (Collector),No,35.90036111,-86.41946111,Non-Intersection,Daylight,Cloudy,2:00pm-2:59pm,51,2:00pm-2:59pm,58,3:00pm-3:59pm,20,1,Daylight,Reduced Visibility,1,1,['Front_Passenger'],['Shoulder_Lapbelt'],0,0,Valid,0.0,0.0,77.0,77.0,['Female'],0,0,3,4,3,Dry,Straight,Level,Lowest,No
30969,47,Tennessee,471264,0,2,2,0,3,MOUNT JULIET,November,6,Monday,16,4,Urban,High Speed (Arterial),Yes,36.23093889,-86.5289,Simple Junction,Daylight,Clear,4:00pm-4:59pm,7,4:00pm-4:59pm,10,4:00pm-4:59pm,36,1,Daylight,Clear,1,2,['Front_Passenger'],['Shoulder_Lapbelt'],0,0,Valid,1.0,0.0,73.0,55.0,"['Male', 'Female']",0,0,3,4,5,Dry,Straight,Level,Lowest,No
30970,47,Tennessee,471265,0,2,1,1,1,MEMPHIS,November,7,Tuesday,14,45,Urban,High Speed (Arterial),Yes,35.158675,-90.00906111,Non-Intersection,Daylight,Clear,2:00pm-2:59pm,53,2:00pm-2:59pm,57,3:00pm-3:59pm,15,1,Daylight,Clear,1,0,['Driver'],['Shoulder_Lapbelt'],1,1,Invalid,0.0,0.0,32.0,32.0,['Male'],1,0,2,4,3,Dry,Straight,Level,Lowest,No
30971,47,Tennessee,471266,0,2,2,0,2,MEMPHIS,October,21,Saturday,17,0,Urban,Medium Speed (Collector),No,35.20583889,-89.913925,Complex/Circle,Daylight,Clear,5:00pm-5:59pm,1,5:00pm-5:59pm,9,5:00pm-5:59pm,40,1,Daylight,Clear,1,1,['Driver'],['Shoulder_Lapbelt'],0,0,Valid,2.0,0.0,70.0,18.0,"['Male', 'Male']",0,0,3,4,5,Dry,Straight,Level,Lowest,No
30972,47,Tennessee,471267,0,1,1,0,2,NOT APPLICABLE,July,6,Thursday,19,15,Rural,Low Speed (Local),No,35.77180278,-83.38466389,Non-Intersection,Daylight,Clear,7:00pm-7:59pm,15,8:00pm-8:59pm,18,9:00pm-9:59pm,28,1,Daylight,Clear,1,0,['Driver'],['Shoulder_Lapbelt'],0,0,Valid,0.0,0.0,53.0,53.0,['Male'],0,0,3,4,2,Dry,Curve,Grade/Hillcrest,Lowest,No
30973,47,Tennessee,471268,0,1,1,0,1,LYNCHBURG,October,1,Sunday,12,23,Rural,Medium Speed (Collector),No,35.3191,-86.36165,Non-Intersection,Daylight,Clear,12:00pm-12:59pm,25,12:00pm-12:59pm,30,12:00pm-12:59pm,51,1,Daylight,Clear,1,0,['Driver'],['None_Used'],0,0,Valid,0.0,0.0,72.0,72.0,['Male'],0,0,5,4,2,Dry,Straight,Level,Lowest,No
30974,47,Tennessee,471269,0,2,2,0,2,DICKSON,October,1,Sunday,15,19,Urban,High Speed (Arterial),Yes,36.06116111,-87.37553056,Non-Intersection,Daylight,Clear,3:00pm-3:59pm,22,3:00pm-3:59pm,24,3:00pm-3:59pm,38,1,Daylight,Clear,1,1,['Driver'],['Shoulder_Lapbelt'],0,0,Valid,1.0,0.0,86.0,45.0,"['Female', 'Male']",0,0,2,4,5,Dry,Straight,Grade/Hillcrest,Lowest,No
30975,47,Tennessee,471270,0,2,2,0,3,MEMPHIS,February,27,Monday,18,45,Urban,Medium Speed (Collector),No,35.07182222,-89.87556111,Simple Junction,Dark - Lighted,Clear,6:00pm-6:59pm,44,6:00pm-6:59pm,58,Not Applicable (Not Transported),Not Applicable (Not Transported),1,Dark - Lighted,Clear,1,2,['Rear_Seat'],['Shoulder_Lapbelt'],0,0,Valid,2.0,2.0,31.0,23.0,"['Male', 'Female']",0,0,3,4,5,Dry,Straight,Level,Lowest,No
30976,47,Tennessee,471271,0,1,1,0,1,KNOXVILLE,July,24,Monday,9,43,Urban,High Speed (Arterial),Yes,36.0013,-83.95995,Non-Intersection,Daylight,Clear,Unknown,Unknown,Unknown EMS Scene Arrival Hour,Unknown EMS Scene Arrival Minutes,Unknown,Unknown EMS Hospital Arrival Time,1,Daylight,Clear,1,0,['Driver'],['None_Used'],0,0,Valid,0.0,0.0,76.0,76.0,['Male'],0,0,2,4,3,Dry,Straight,Level,Medium,No
30977,47,Tennessee,471272,0,1,1,0,1,MEMPHIS,September,7,Thursday,14,20,Urban,High Speed (Arterial),Yes,35.14855556,-89.98151389,Simple Junction,Daylight,Clear,2:00pm-2:59pm,21,2:00pm-2:59pm,40,3:00pm-3:59pm,3,1,Daylight,Clear,1,0,['Driver'],['Shoulder_Lapbelt'],0,0,Invalid,0.0,0.0,60.0,60.0,['Male'],0,0,2,4,3,Dry,Straight,Level,Lowest,No
30978,47,Tennessee,471273,0,2,2,0,2,FAIRVIEW,October,21,Saturday,12,43,Urban,High Speed (Arterial),No,36.00911944,-87.14416111,Non-Intersection,Daylight,Clear,Unknown,Unknown,Unknown EMS Scene Arrival Hour,Unknown EMS Scene Arrival Minutes,Not Applicable (Not Transported),Not Applicable (Not Transported),1,Daylight,Clear,1,1,['Driver'],['Shoulder_Only'],0,0,Valid,0.0,0.0,80.0,66.0,"['Female', 'Male']",0,0,2,4,5,Dry,Straight,Level,Lowest,No
30979,47,Tennessee,471274,0,2,2,0,2,MUNFORD,October,28,Saturday,17,55,Urban,Medium Speed (Collector),No,35.4381,-89.81848889,Non-Intersection,Daylight,Rain,4:00pm-4:59pm,3,4:00pm-4:59pm,10,4:00pm-4:59pm,50,1,Daylight,Rain/Wind/Minor,1,1,['Driver'],['Shoulder_Lapbelt'],0,0,Valid,1.0,0.0,40.0,39.0,"['Female', 'Female']",1,0,3,4,5,Wet/Standing Water,Curve,Level,Lowest,No
30980,47,Tennessee,471275,1,1,1,0,1,KNOXVILLE,November,13,Monday,17,54,Urban,High Speed (Arterial),Yes,35.96941111,-83.92415,Complex/Circle,Dark - Lighted,Clear,Unknown,Unknown,Unknown EMS Scene Arrival Hour,Unknown EMS Scene Arrival Minutes,Unknown,Unknown EMS Hospital Arrival Time,1,Dark - Lighted,Clear,0,1,[],[],0,0,Valid,0.0,0.0,74.0,74.0,['Male'],0,0,3,2,4,Dry,Straight,Level,Lowest,No
30981,47,Tennessee,471276,0,1,1,0,1,NOT APPLICABLE,September,21,Thursday,17,37,Urban,Low Speed (Local),No,35.98106111,-86.85466944,Non-Intersection,Daylight,Clear,Unknown,Unknown,Unknown EMS Scene Arrival Hour,Unknown EMS Scene Arrival Minutes,Unknown,Unknown EMS Hospital Arrival Time,1,Daylight,Clear,1,0,['Driver'],['Shoulder_Lapbelt'],0,0,Valid,0.0,0.0,64.0,64.0,['Female'],0,0,3,4,3,Dry,Curve,Level,Lowest,No
30982,47,Tennessee,471277,0,1,1,0,1,NOT APPLICABLE,September,28,Thursday,99,99,Rural,Low Speed (Local),No,35.71216111,-83.73616111,Non-Intersection,Reported as Unknown,Not Reported,Unknown,Unknown,Unknown EMS Scene Arrival Hour,Unknown EMS Scene Arrival Minutes,Unknown,Unknown EMS Hospital Arrival Time,1,Dark - Unlighted,Clear,1,0,['Driver'],['None_Used'],0,0,Valid,0.0,0.0,75.0,75.0,['Male'],0,0,1,4,3,Dry,Curve,Level,Lowest,No
30983,47,Tennessee,471278,0,2,2,0,2,NOT APPLICABLE,April,19,Wednesday,9,1,Urban,Medium Speed (Collector),No,35.66136944,-84.28518056,Complex/Circle,Daylight,Clear,Unknown,Unknown,Unknown EMS Scene Arrival Hour,Unknown EMS Scene Arrival Minutes,Unknown,Unknown EMS Hospital Arrival Time,1,Daylight,Clear,1,1,['Driver'],['Shoulder_Lapbelt'],0,0,Valid,0.0,1.0,80.0,66.0,"['Male', 'Male']",0,0,4,4,5,Dry,Straight,Level,Lowest,No
30984,47,Tennessee,471279,0,3,3,0,3,NOT APPLICABLE,September,20,Wednesday,12,47,Urban,Medium Speed (Collector),No,35.66133889,-84.28526111,Complex/Circle,Daylight,Clear,Unknown,Unknown,Unknown EMS Scene Arrival Hour,Unknown EMS Scene Arrival Minutes,Unknown,Unknown EMS Hospital Arrival Time,1,Daylight,Clear,1,2,['Driver'],['Shoulder_Lapbelt'],0,0,Valid,1.0,1.0,83.0,22.0,"['Female', 'Male', 'Male']",0,0,3,4,5,Dry,Straight,Level,Lowest,No