,State_Code,State_Name,Crash_ID,Count_Non_Motorists,Count_Vehicles_Total,Count_Vehicle_Forms,Count_PVH_Involved,Count_Occupants_MV,City_Name,Month_Name,Day_of_Month,Day_of_Week,Crash_Hour,Crash_Minute,Area_Rural_Urban,Road_Functional_Class,On_NHS_Road,Latitude,Longitude,Intersection_Type,Light_Condition,Weather_Condition,Notif_Hour,Notif_Minute,Arrival_Hour,Arrival_Minute,Hospital_Hour,Hospital_Minute,Fatalities_Count,Clean_Light_Condition,Clean_Weather_Condition,Total_Killed,Total_Alive,Fatal_Seats_List,Killed_Restraint_List,Any_Driver_Drinking,Total_Drinking_Drivers,Driver_License_Category,Driver_Max_Prev_Accident_Count,Driver_Max_Prev_Speeding_Count,Max_Driver_Age,Min_Driver_Age,Driver_Sex_List,Total_Exceeding_Limit_Vehicles,Total_Too_Fast_Vehicles,Max_Vehicle_Type_Severity_5,Max_Vehicle_Damage_Rank,Max_Harmful_Event_Severity,Crash_Road_Surface_Condition,Crash_Horizontal_Alignment,Crash_Vertical_Profile,Crash_Impairment_Category,Crash_Vehicle_Defect
30985,47,Tennessee,471280,1,1,1,0,1,NOT APPLICABLE,September,29,Friday,15,41,Urban,Low Speed (Local),No,35.9,-84.12271944,Non-Intersection,Daylight,Clear,Unknown,Unknown,Unknown EMS Scene Arrival Hour,Unknown EMS Scene Arrival Minutes,Unknown,Unknown EMS Hospital Arrival Time,1,Daylight,Clear,0,1,[],[],0,0,Valid,1.0,0.0,74.0,74.0,['Male'],0,0,3,1,4,Dry,Straight,Level,Lowest,No
30986,47,Tennessee,471281,1,1,1,0,1,NOT APPLICABLE,July,15,Saturday,0,45,Urban,High Speed (Arterial),Yes,35.90123056,-83.18393889,Non-Intersection,Dark - Not Lighted,Clear,Unknown,Unknown,Unknown EMS Scene Arrival Hour,Unknown EMS Scene Arrival Minutes,Not Applicable (Not Transported),Not Applicable (Not Transported),1,Dark - Unlighted,Clear,0,0,[],[],0,0,Invalid,0.0,0.0,998.0,998.0,['Female'],0,0,1,3,4,Dry,Straight,Level,Lowest,No
30987,47,Tennessee,471282,0,2,2,0,4,TULLAHOMA,October,11,Wednesday,12,40,Urban,Medium Speed (Collector),No,35.38258056,-86.22081944,Non-Intersection,Daylight,Cloudy,Unknown,Unknown,Unknown EMS Scene Arrival Hour,Unknown EMS Scene Arrival Minutes,Unknown,Unknown EMS Hospital Arrival Time,1,Daylight,Reduced Visibility,1,3,['Driver'],['Shoulder_Lapbelt'],0,0,Valid,1.0,0.0,87.0,70.0,"['Male', 'Female']",0,0,3,4,5,Dry,Straight,Level,Lowest,No
30988,47,Tennessee,471283,0,1,1,0,1,NOT APPLICABLE,September,28,Thursday,18,16,Urban,Medium Speed (Collector),No,35.92123056,-83.84661944,Non-Intersection,Daylight,Clear,Unknown,Unknown,Unknown EMS Scene Arrival Hour,Unknown EMS Scene Arrival Minutes,Unknown,Unknown EMS Hospital Arrival Time,1,Daylight,Clear,1,0,['Driver'],['None_Used'],1,1,Valid,1.0,0.0,44.0,44.0,['Female'],1,0,3,4,3,Dry,Curve,Grade/Hillcrest,Lowest,No
30989,47,Tennessee,471284,0,1,1,0,1,NOT APPLICABLE,October,13,Friday,99,99,Rural,Medium Speed (Collector),No,35.78628889,-87.32348056,Non-Intersection,Daylight,Clear,1:00pm-1:59pm,2,1:00pm-1:59pm,20,2:00pm-2:59pm,16,1,Daylight,Clear,1,0,['Driver'],['Shoulder_Lapbelt'],0,0,Valid,0.0,0.0,59.0,59.0,['Male'],0,0,3,4,3,Dry,Straight,Level,Medium,No
30990,47,Tennessee,471285,0,1,1,0,2,NOT APPLICABLE,December,3,Sunday,16,30,Rural,Low Speed (Local),No,35.76258056,-83.42146111,Non-Intersection,Daylight,Not Reported,Unknown,Unknown,Unknown EMS Scene Arrival Hour,Unknown EMS Scene Arrival Minutes,Unknown,Unknown EMS Hospital Arrival Time,1,Daylight,Clear,1,1,['Driver'],['Shoulder_Lapbelt'],0,0,Valid,0.0,0.0,85.0,85.0,['Male'],0,0,3,4,3,Dry,Curve,Level,Lowest,No
30991,47,Tennessee,471286,0,1,1,0,1,NOT APPLICABLE,October,12,Thursday,19,40,Urban,Low Speed (Local),No,36.05848056,-83.93401111,Non-Intersection,Dark - Not Lighted,Clear,Unknown,Unknown,Unknown EMS Scene Arrival Hour,Unknown EMS Scene Arrival Minutes,Unknown,Unknown EMS Hospital Arrival Time,1,Dark - Unlighted,Clear,1,0,['Driver'],['Shoulder_Lapbelt'],0,0,Valid,0.0,0.0,48.0,48.0,['Male'],0,0,3,4,1,Dry,Curve,Grade/Hillcrest,Lowest,No
30992,47,Tennessee,471287,0,2,2,0,6,MEMPHIS,May,6,Saturday,2,53,Urban,Medium Speed (Collector),No,35.10848333,-89.98349167,Non-Intersection,Dark - Lighted,Clear,3:00am-3:59am,6,3:00am-3:59am,13,3:00am-3:59am,41,1,Dark - Lighted,Clear,1,4,['Rear_Seat'],['Shoulder_Lapbelt'],1,1,Invalid,0.0,0.0,59.0,20.0,"['Male', 'Male']",5,0,2,4,5,Dry,Straight,Grade/Hillcrest,Lowest,No
30993,47,Tennessee,471288,1,1,1,0,2,COVINGTON,July,15,Saturday,14,0,Urban,High Speed (Arterial),Yes,35.57701111,-89.64347778,Non-Intersection,Daylight,Clear,2:00pm-2:59pm,3,2:00pm-2:59pm,9,Unknown,Unknown EMS Hospital Arrival Time,1,Daylight,Clear,0,2,[],[],0,0,Valid,0.0,0.0,45.0,45.0,['Female'],0,0,2,4,4,Dry,Straight,Level,Lowest,No
30994,48,Texas,480001,0,1,1,0,1,NOT APPLICABLE,January,2,Monday,12,15,Rural,Medium Speed (Collector),No,29.83813611,-94.98771389,Non-Intersection,Daylight,Rain,Unknown,Unknown,Unknown EMS Scene Arrival Hour,Unknown EMS Scene Arrival Minutes,Not Applicable (Not Transported),Not Applicable (Not Transported),1,Daylight,Rain/Wind/Minor,1,0,['Driver'],['None_Used'],0,0,Invalid,4.0,0.0,55.0,55.0,['Male'],0,0,3,1,3,Wet/Standing Water,Straight,Level,Lowest,No
30995,48,Texas,480002,1,1,1,0,1,HOUSTON,January,1,Sunday,23,32,Rural,Medium Speed (Collector),No,29.72358889,-95.3511,Non-Intersection,Dark - Lighted,Clear,11:00pm-11:59pm,32,11:00pm-11:59pm,34,Not Applicable (Not Transported),Not Applicable (Not Transported),1,Dark - Lighted,Clear,0,1,[],[],0,0,Valid,0.0,0.0,51.0,51.0,['Male'],0,0,4,1,4,Dry,Straight,Level,Lowest,No
30996,48,Texas,480003,0,2,2,0,4,LUBBOCK,January,1,Sunday,1,16,Urban,High Speed (Arterial),Yes,33.5701,-101.85527778,Complex/Circle,Dark - Lighted,Cloudy,Unknown,Unknown,Unknown EMS Scene Arrival Hour,Unknown EMS Scene Arrival Minutes,Unknown,Unknown EMS Hospital Arrival Time,1,Dark - Lighted,Reduced Visibility,1,3,['Front_Passenger'],['Shoulder_Lapbelt'],1,1,Valid,0.0,0.0,61.0,23.0,"['Male', 'Male']",1,0,3,1,5,Dry,Straight,Level,Lowest,No
30997,48,Texas,480004,0,5,5,0,7,ODESSA,January,4,Wednesday,12,19,Urban,High Speed (Arterial),Yes,31.86772778,-102.39779167,Complex/Circle,Daylight,Clear,Unknown,Unknown,Unknown EMS Scene Arrival Hour,Unknown EMS Scene Arrival Minutes,Unknown,Unknown EMS Hospital Arrival Time,1,Daylight,Clear,1,6,['Front_Passenger'],['Shoulder_Lapbelt'],0,0,Valid,1.0,0.0,35.0,21.0,"['Male', 'Male', 'Male', 'Male', 'Female']",0,0,3,2,5,Dry,Straight,Level,Lowest,No
30998,48,Texas,480005,0,1,1,0,1,SAN ANTONIO,January,1,Sunday,4,33,Urban,High Speed (Arterial),Yes,29.51248611,-98.39755833,Non-Intersection,Dark - Lighted,"Fog, Smog, Smoke",Unknown,Unknown if Notified,Unknown EMS Scene Arrival Hour,Unknown if Arrived,Not Applicable (Not Transported),Not Applicable (Not Transported),1,Dark - Lighted,Reduced Visibility,1,0,['Driver'],['None_Used'],1,1,Valid,0.0,0.0,43.0,43.0,['Male'],1,0,3,1,3,Dry,Straight,Level,Lowest,No
30999,48,Texas,480006,0,1,1,0,1,NOT APPLICABLE,January,1,Sunday,2,55,Urban,Medium Speed (Collector),No,32.96716944,-96.541325,Non-Intersection,Dark - Lighted,Clear,Unknown,Unknown,Unknown EMS Scene Arrival Hour,Unknown EMS Scene Arrival Minutes,Unknown,Unknown EMS Hospital Arrival Time,1,Dark - Lighted,Clear,1,0,['Driver'],['Shoulder_Lapbelt'],1,1,Invalid,0.0,0.0,23.0,23.0,['Male'],0,0,3,0,2,Dry,Curve,Level,Lowest,No
31000,48,Texas,480007,0,2,2,0,2,NOT APPLICABLE,January,4,Wednesday,12,42,Rural,High Speed (Arterial),Yes,36.06729722,-102.00933333,Simple Junction,Daylight,Clear,12:00pm-12:59pm,49,1:00pm-1:59pm,8,1:00pm-1:59pm,45,1,Daylight,Clear,1,1,['Driver'],['Shoulder_Lapbelt'],0,0,Valid,0.0,1.0,67.0,64.0,"['Male', 'Male']",0,0,4,1,5,Dry,Straight,Level,Lowest,No
31001,48,Texas,480008,0,1,1,0,1,DALLAS,January,3,Tuesday,13,10,Urban,High Speed (Arterial),Yes,32.75935,-96.80934167,Non-Intersection,Daylight,Cloudy,Unknown,Unknown,Unknown EMS Scene Arrival Hour,Unknown EMS Scene Arrival Minutes,Not Applicable (Not Transported),Not Applicable (Not Transported),1,Daylight,Reduced Visibility,1,0,['Driver'],['Shoulder_Lapbelt'],0,0,Valid,0.0,0.0,40.0,40.0,['Male'],0,0,3,1,3,Dry,Curve,Level,Lowest,No
31002,48,Texas,480009,0,2,2,0,2,NOT APPLICABLE,January,2,Monday,17,0,Urban,Medium Speed (Collector),No,33.56886111,-97.82973333,Simple Junction,Dusk,Clear,Unknown,Unknown,Unknown EMS Scene Arrival Hour,Unknown EMS Scene Arrival Minutes,Unknown,Unknown EMS Hospital Arrival Time,1,Twilight,Clear,1,1,['Driver'],['None_Used'],0,0,Valid,0.0,0.0,49.0,16.0,"['Male', 'Male']",0,0,4,1,5,Dry,Curve,Grade/Hillcrest,Lowest,No
31003,48,Texas,480010,0,1,1,0,2,LIVINGSTON,January,3,Tuesday,6,25,Urban,Medium Speed (Collector),No,30.71061389,-94.95319167,Non-Intersection,Dark - Not Lighted,Rain,Unknown,Unknown,Unknown EMS Scene Arrival Hour,Unknown EMS Scene Arrival Minutes,Unknown,Unknown EMS Hospital Arrival Time,1,Dark - Unlighted,Rain/Wind/Minor,1,1,['Front_Passenger'],['Shoulder_Lapbelt'],0,0,Valid,0.0,0.0,45.0,45.0,['Male'],2,0,3,1,3,Wet/Standing Water,Curve,Level,Lowest,No
31004,48,Texas,480012,0,3,3,0,3,HOUSTON,January,6,Friday,18,50,Urban,High Speed (Arterial),Yes,29.80881389,-95.44109722,Non-Intersection,Dark - Lighted,Clear,Unknown,Unknown if Notified,Unknown EMS Scene Arrival Hour,Unknown if Arrived,Not Applicable (Not Transported),Not Applicable (Not Transported),1,Dark - Lighted,Clear,1,1,['Driver'],['None_Used'],0,0,Invalid,0.0,0.0,999.0,30.0,"['Male', 'Other', 'Male']",0,0,5,1,5,Dry,Straight,Level,Lowest,No
31005,48,Texas,480013,1,1,1,0,1,NOT APPLICABLE,January,8,Sunday,0,34,Urban,High Speed (Arterial),No,30.01386944,-95.451525,Non-Intersection,Dark - Lighted,Rain,Unknown,Unknown if Notified,Unknown EMS Scene Arrival Hour,Unknown if Arrived,Not Applicable (Not Transported),Not Applicable (Not Transported),1,Dark - Lighted,Rain/Wind/Minor,0,1,[],[],0,0,Valid,0.0,0.0,41.0,41.0,['Male'],0,0,3,1,4,Wet/Standing Water,Straight,Level,Lowest,No
31006,48,Texas,480014,0,2,2,0,2,NOT APPLICABLE,January,6,Friday,15,38,Rural,Medium Speed (Collector),No,29.48131667,-98.83611667,Non-Intersection,Daylight,Clear,Unknown,Unknown,Unknown EMS Scene Arrival Hour,Unknown EMS Scene Arrival Minutes,Unknown,Unknown EMS Hospital Arrival Time,1,Daylight,Clear,1,1,['Driver'],['None_Used'],0,0,Valid,2.0,4.0,75.0,37.0,"['Male', 'Male']",0,0,3,1,5,Dry,Straight,Level,Lowest,Yes
31007,48,Texas,480016,0,1,1,0,1,NOT APPLICABLE,January,1,Sunday,13,59,Rural,High Speed (Arterial),Yes,30.445525,-95.02899167,Complex/Circle,Daylight,Clear,Unknown,Unknown if Notified,Unknown EMS Scene Arrival Hour,Unknown if Arrived,Not Applicable (Not Transported),Not Applicable (Not Transported),1,Daylight,Clear,1,0,['Driver'],['None_Used'],1,1,Invalid,0.0,0.0,17.0,17.0,['Male'],0,0,3,1,3,Dry,Straight,Level,Lowest,No
31008,48,Texas,480017,0,1,1,0,1,PARIS,January,6,Friday,0,52,Rural,Medium Speed (Collector),No,33.68573333,-95.59576389,Non-Intersection,Dark - Not Lighted,Clear,Unknown,Unknown if Notified,Unknown EMS Scene Arrival Hour,Unknown if Arrived,Not Applicable (Not Transported),Not Applicable (Not Transported),1,Dark - Unlighted,Clear,1,0,['Driver'],['Shoulder_Lapbelt'],0,0,Valid,0.0,1.0,21.0,21.0,['Male'],1,0,2,1,3,Dry,Curve,Grade/Hillcrest,Lowest,No
31009,48,Texas,480018,0,2,2,0,2,NOT APPLICABLE,January,3,Tuesday,11,15,Rural,High Speed (Arterial),Yes,29.31416667,-97.96286667,Non-Intersection,Daylight,Clear,11:00am-11:59am,18,11:00am-11:59am,25,12:00pm-12:59pm,53,1,Daylight,Clear,1,1,['Driver'],['None_Used'],0,0,Valid,0.0,2.0,62.0,53.0,"['Male', 'Female']",0,0,3,1,5,Dry,Straight,Grade/Hillcrest,Lowest,No
31010,48,Texas,480019,2,1,1,0,1,FORT STOCKTON,January,8,Sunday,14,56,Urban,Medium Speed (Collector),No,30.89090833,-102.89007222,Complex/Circle,Daylight,Clear,Unknown,Unknown,Unknown EMS Scene Arrival Hour,Unknown EMS Scene Arrival Minutes,Unknown,Unknown EMS Hospital Arrival Time,1,Daylight,Clear,0,1,[],[],0,0,Valid,0.0,0.0,67.0,67.0,['Female'],0,0,3,1,4,Dry,Straight,Level,Lowest,No
31011,48,Texas,480020,0,2,2,0,2,NOT APPLICABLE,January,1,Sunday,13,4,Rural,High Speed (Arterial),Yes,35.03393333,-101.18284167,Simple Junction,Daylight,Clear,Unknown,Unknown if Notified,Unknown EMS Scene Arrival Hour,Unknown if Arrived,Not Applicable (Not Transported),Not Applicable (Not Transported),1,Daylight,Clear,1,1,['Driver'],['Shoulder_Lapbelt'],0,0,Valid,0.0,0.0,58.0,32.0,"['Male', 'Male']",1,0,4,4,5,Dry,Straight,Level,Lowest,No
31012,48,Texas,480021,0,2,2,0,6,SAN ANTONIO,January,8,Sunday,22,20,Urban,Medium Speed (Collector),No,29.54859722,-98.40507778,Simple Junction,Dark - Lighted,Clear,10:00pm-10:59pm,21,10:00pm-10:59pm,27,11:00pm-11:59pm,7,3,Dark - Lighted,Clear,3,3,"['Driver', 'Front_Passenger', 'Front_Passenger']","['Shoulder_Lapbelt', 'None_Used', 'Shoulder_Lapbelt']",0,0,Invalid,0.0,0.0,18.0,18.0,"['Male', 'Male']",0,0,3,4,5,Dry,Curve,Grade/Hillcrest,Lowest,No
31013,48,Texas,480022,1,1,1,0,1,NOT APPLICABLE,January,3,Tuesday,5,52,Rural,Medium Speed (Collector),No,33.79352778,-101.38776667,Non-Intersection,Dark - Not Lighted,Cloudy,Unknown,Unknown if Notified,Unknown EMS Scene Arrival Hour,Unknown if Arrived,Not Applicable (Not Transported),Not Applicable (Not Transported),1,Dark - Unlighted,Reduced Visibility,0,1,[],[],0,0,Valid,0.0,0.0,44.0,44.0,['Male'],0,0,4,1,3,Dry,Straight,Level,Lowest,No
31014,48,Texas,480023,1,1,1,0,1,MIDLAND,January,1,Sunday,18,30,Urban,Low Speed (Local),No,32.06102222,-102.07761667,Complex/Circle,Dark - Not Lighted,Clear,Unknown,Unknown if Notified,Unknown EMS Scene Arrival Hour,Unknown if Arrived,Not Applicable (Not Transported),Not Applicable (Not Transported),1,Dark - Unlighted,Clear,0,1,[],[],0,0,Valid,0.0,0.0,28.0,28.0,['Female'],0,0,3,2,4,Dry,Straight,Level,Lowest,No
31015,48,Texas,480024,1,1,1,0,1,ARLINGTON,January,9,Monday,19,22,Urban,High Speed (Arterial),Yes,32.70867222,-97.11733056,Non-Intersection,Dark - Lighted,Clear,Unknown,Unknown if Notified,Unknown EMS Scene Arrival Hour,Unknown if Arrived,Not Applicable (Not Transported),Not Applicable (Not Transported),1,Dark - Lighted,Clear,0,1,[],[],0,0,Valid,0.0,0.0,19.0,19.0,['Male'],0,0,2,2,4,Dry,Straight,Grade/Hillcrest,Lowest,No
31016,48,Texas,480025,0,1,1,0,1,NOT APPLICABLE,January,8,Sunday,23,25,Rural,Medium Speed (Collector),No,35.44426389,-100.05015556,Non-Intersection,Dark - Not Lighted,Clear,11:00pm-11:59pm,37,11:00pm-11:59pm,49,Not Applicable (Not Transported),Not Applicable (Not Transported),1,Dark - Unlighted,Clear,1,0,['Driver'],['None_Used'],1,1,Valid,0.0,0.0,28.0,28.0,['Male'],0,0,3,1,3,Dry,Straight,Level,Lowest,No
31017,48,Texas,480026,0,1,1,0,1,NOT APPLICABLE,January,3,Tuesday,21,4,Rural,High Speed (Arterial),Yes,30.70995556,-101.16820556,Non-Intersection,Dark - Lighted,Clear,Unknown,Unknown if Notified,Unknown EMS Scene Arrival Hour,Unknown if Arrived,Not Applicable (Not Transported),Not Applicable (Not Transported),1,Dark - Lighted,Clear,1,0,['Driver'],['None_Used'],1,1,Valid,0.0,0.0,44.0,44.0,['Male'],0,0,3,1,3,Dry,Curve,Grade/Hillcrest,Medium,No
31018,48,Texas,480027,0,1,1,0,2,ARLINGTON,January,1,Sunday,17,14,Urban,High Speed (Arterial),Yes,32.76011111,-97.13625278,Non-Intersection,Dark - Not Lighted,Clear,Unknown,Unknown,Unknown EMS Scene Arrival Hour,Unknown EMS Scene Arrival Minutes,Unknown,Unknown EMS Hospital Arrival Time,1,Dark - Unlighted,Clear,1,1,['Driver'],['None_Used'],0,0,Invalid,0.0,0.0,27.0,27.0,['Male'],2,0,2,1,3,Dry,Straight,Level,Lowest,No
31019,48,Texas,480028,0,2,2,0,3,DENTON,January,1,Sunday,13,32,Urban,High Speed (Arterial),Yes,33.23437222,-97.11178333,Complex/Circle,Daylight,Clear,Unknown,Unknown if Notified,Unknown EMS Scene Arrival Hour,Unknown if Arrived,Not Applicable (Not Transported),Not Applicable (Not Transported),1,Daylight,Clear,1,2,['Driver'],['None_Used'],0,0,Valid,1.0,1.0,39.0,28.0,"['Male', 'Male']",1,0,5,1,5,Dry,Straight,Grade/Hillcrest,Lowest,No
31020,48,Texas,480030,0,2,2,0,2,NOT APPLICABLE,January,10,Tuesday,16,45,Rural,High Speed (Arterial),Yes,29.15842778,-97.28256944,Non-Intersection,Daylight,Clear,Unknown,Unknown,Unknown EMS Scene Arrival Hour,Unknown EMS Scene Arrival Minutes,Unknown,Unknown EMS Hospital Arrival Time,1,Daylight,Clear,1,1,['Driver'],['None_Used'],0,0,Valid,0.0,0.0,82.0,34.0,"['Female', 'Female']",0,0,3,1,5,Dry,Straight,Grade/Hillcrest,Lowest,No
31021,48,Texas,480031,1,1,1,0,1,DALLAS,January,4,Wednesday,9,26,Urban,High Speed (Arterial),Yes,32.80160278,-96.82699722,Non-Intersection,Daylight,Clear,Unknown,Unknown if Notified,Unknown EMS Scene Arrival Hour,Unknown if Arrived,Not Applicable (Not Transported),Not Applicable (Not Transported),1,Daylight,Clear,0,0,[],[],0,0,Invalid,0.0,0.0,999.0,999.0,['Other'],0,0,1,0,4,Dry,Straight,Grade/Hillcrest,Lowest,No
31022,48,Texas,480032,0,7,3,4,4,EL PASO,January,4,Wednesday,17,35,Urban,High Speed (Arterial),No,31.79319444,-106.46595,Simple Junction,Daylight,Clear,Unknown,Unknown,Unknown EMS Scene Arrival Hour,Unknown EMS Scene Arrival Minutes,Unknown,Unknown EMS Hospital Arrival Time,1,Daylight,Clear,1,3,['Front_Passenger'],['None_Used'],1,1,Valid,1.0,0.0,58.0,40.0,"['Male', 'Male', 'Female']",0,0,3,4,5,Dry,Straight,Level,Lowest,No
31023,48,Texas,480033,1,1,1,0,1,Other,January,1,Sunday,18,8,Urban,High Speed (Arterial),Yes,32.72276667,-97.57569444,Non-Intersection,Dark - Not Lighted,Clear,Unknown,Unknown if Notified,Unknown EMS Scene Arrival Hour,Unknown if Arrived,Not Applicable (Not Transported),Not Applicable (Not Transported),1,Dark - Unlighted,Clear,0,1,[],[],0,0,Valid,0.0,0.0,45.0,45.0,['Female'],0,0,2,1,4,Dry,Straight,Level,Lowest,No
31024,48,Texas,480034,0,2,2,0,3,SUNNYVALE,January,4,Wednesday,10,18,Urban,High Speed (Arterial),Yes,32.78345556,-96.55371944,Non-Intersection,Daylight,Clear,Unknown,Unknown if Notified,Unknown EMS Scene Arrival Hour,Unknown if Arrived,Not Applicable (Not Transported),Not Applicable (Not Transported),1,Daylight,Clear,1,2,['Driver'],['None_Used'],0,0,Valid,0.0,0.0,75.0,72.0,"['Male', 'Male']",1,0,3,4,5,Dry,Straight,Level,Lowest,No
31025,48,Texas,480035,5,2,1,1,4,AUSTIN,January,1,Sunday,20,55,Urban,High Speed (Arterial),Yes,30.20556667,-97.68309444,Non-Intersection,Dark - Not Lighted,Clear,8:00pm-8:59pm,58,9:00pm-9:59pm,4,9:00pm-9:59pm,45,1,Dark - Unlighted,Clear,1,3,['Front_Passenger'],['Shoulder_Lapbelt'],1,1,Invalid,0.0,0.0,33.0,33.0,['Male'],4,0,2,4,5,Dry,Straight,Level,Lowest,No
31026,48,Texas,480036,1,1,1,0,1,HOUSTON,January,8,Sunday,3,18,Urban,Medium Speed (Collector),No,29.72419444,-95.33640556,Non-Intersection,Dark - Not Lighted,Rain,Unknown,Unknown if Notified,Unknown EMS Scene Arrival Hour,Unknown if Arrived,Not Applicable (Not Transported),Not Applicable (Not Transported),1,Dark - Unlighted,Rain/Wind/Minor,0,0,[],[],0,0,Invalid,0.0,0.0,999.0,999.0,['Other'],0,0,1,2,4,Wet/Standing Water,Straight,Level,Lowest,No
31027,48,Texas,480037,1,1,1,0,1,NOT APPLICABLE,January,4,Wednesday,23,37,Urban,Medium Speed (Collector),No,29.93066667,-95.30632222,Non-Intersection,Dark - Lighted,Clear,Unknown,Unknown if Notified,Unknown EMS Scene Arrival Hour,Unknown if Arrived,Not Applicable (Not Transported),Not Applicable (Not Transported),1,Dark - Lighted,Clear,0,1,[],[],0,0,Valid,1.0,0.0,25.0,25.0,['Male'],0,0,3,1,4,Dry,Straight,Level,Lowest,No
31028,48,Texas,480038,0,2,2,0,4,ARLINGTON,January,8,Sunday,2,3,Urban,High Speed (Arterial),Yes,32.67761389,-97.09429167,Non-Intersection,Dark - Not Lighted,Clear,Unknown,Unknown,Unknown EMS Scene Arrival Hour,Unknown EMS Scene Arrival Minutes,Unknown,Unknown EMS Hospital Arrival Time,1,Dark - Unlighted,Clear,1,3,['Driver'],['None_Used'],1,1,Valid,0.0,1.0,62.0,21.0,"['Female', 'Male']",0,0,3,2,5,Dry,Straight,Level,Lowest,No
31029,48,Texas,480039,0,2,2,0,3,SAN ANTONIO,January,5,Thursday,12,31,Urban,High Speed (Arterial),Yes,29.45571389,-98.41365278,Non-Intersection,Daylight,Clear,12:00pm-12:59pm,32,12:00pm-12:59pm,46,1:00pm-1:59pm,16,1,Daylight,Clear,1,2,['Front_Passenger'],['Shoulder_Lapbelt'],0,0,Invalid,0.0,0.0,51.0,28.0,"['Male', 'Male']",0,0,4,4,5,Dry,Curve,Level,Lowest,No
31030,48,Texas,480040,1,1,1,0,1,NOT APPLICABLE,January,8,Sunday,19,36,Rural,Medium Speed (Collector),No,35.06650556,-101.91880556,Non-Intersection,Dark - Not Lighted,Clear,Unknown,Unknown,Unknown EMS Scene Arrival Hour,Unknown EMS Scene Arrival Minutes,Unknown,Unknown EMS Hospital Arrival Time,1,Dark - Unlighted,Clear,0,1,[],[],0,0,Valid,0.0,0.0,74.0,74.0,['Male'],0,0,3,2,4,Dry,Straight,Level,Lowest,No
31031,48,Texas,480041,0,4,4,0,6,CONROE,January,1,Sunday,14,8,Urban,High Speed (Arterial),Yes,30.31518611,-95.47210278,Complex/Circle,Daylight,Clear,Unknown,Unknown,Unknown EMS Scene Arrival Hour,Unknown EMS Scene Arrival Minutes,Unknown,Unknown EMS Hospital Arrival Time,1,Daylight,Clear,1,5,['Driver'],['Shoulder_Lapbelt'],0,0,Valid,0.0,1.0,42.0,24.0,"['Male', 'Female', 'Male', 'Male']",0,0,3,1,5,Dry,Straight,Level,Lowest,No
31032,48,Texas,480042,0,2,2,0,6,NOT APPLICABLE,January,3,Tuesday,21,51,Rural,Medium Speed (Collector),No,30.21367778,-97.31149444,Non-Intersection,Dark - Not Lighted,Clear,Unknown,Unknown,Unknown EMS Scene Arrival Hour,Unknown EMS Scene Arrival Minutes,Unknown,Unknown EMS Hospital Arrival Time,1,Dark - Unlighted,Clear,1,5,['Driver'],['Shoulder_Lapbelt'],0,0,Valid,0.0,2.0,38.0,34.0,"['Female', 'Female']",0,0,3,1,5,Dry,Curve,Level,Lowest,No
31033,48,Texas,480043,0,2,2,0,3,NOT APPLICABLE,January,7,Saturday,21,26,Rural,High Speed (Arterial),Yes,32.7746,-95.61179167,Non-Intersection,Dark - Not Lighted,Clear,Unknown,Unknown if Notified,Unknown EMS Scene Arrival Hour,Unknown if Arrived,Not Applicable (Not Transported),Not Applicable (Not Transported),2,Dark - Unlighted,Clear,2,0,"['Driver', 'Driver']","['Shoulder_Lapbelt', 'Shoulder_Lapbelt']",0,0,Invalid,1.0,0.0,44.0,39.0,"['Female', 'Female']",0,0,3,4,5,Dry,Straight,Grade/Hillcrest,Medium,No
31034,48,Texas,480044,0,3,3,0,3,NOT APPLICABLE,January,10,Tuesday,16,44,Rural,High Speed (Arterial),Yes,30.42590556,-96.04403333,Non-Intersection,Daylight,Clear,Unknown,Unknown if Notified,Unknown EMS Scene Arrival Hour,Unknown if Arrived,Not Applicable (Not Transported),Not Applicable (Not Transported),2,Daylight,Clear,2,1,"['Driver', 'Driver']","['Shoulder_Lapbelt', 'Shoulder_Lapbelt']",0,0,Valid,1.0,0.0,63.0,17.0,"['Male', 'Male', 'Male']",0,0,3,2,5,Dry,Curve,Level,Lowest,No
31035,48,Texas,480045,0,3,3,0,3,BELTON,January,1,Sunday,14,37,Urban,High Speed (Arterial),Yes,31.04642778,-97.47114167,Non-Intersection,Daylight,Cloudy,Unknown,Unknown if Notified,Unknown EMS Scene Arrival Hour,Unknown if Arrived,Not Applicable (Not Transported),Not Applicable (Not Transported),1,Daylight,Reduced Visibility,1,2,['Driver'],['Shoulder_Lapbelt'],0,0,Invalid,0.0,3.0,67.0,34.0,"['Female', 'Female']",1,0,3,1,5,Dry,Straight,Grade/Hillcrest,Lowest,No
31036,48,Texas,480046,0,1,1,0,1,WILLIS,January,5,Thursday,20,27,Urban,Medium Speed (Collector),No,30.43422778,-95.46939722,Non-Intersection,Dark - Lighted,Clear,Unknown,Unknown if Notified,Unknown EMS Scene Arrival Hour,Unknown if Arrived,Not Applicable (Not Transported),Not Applicable (Not Transported),1,Dark - Lighted,Clear,1,0,['Driver'],['None_Used'],1,1,Valid,0.0,0.0,51.0,51.0,['Female'],1,0,3,1,3,Dry,Straight,Level,Lowest,No