,State_Code,State_Name,Crash_ID,Count_Non_Motorists,Count_Vehicles_Total,Count_Vehicle_Forms,Count_PVH_Involved,Count_Occupants_MV,City_Name,Month_Name,Day_of_Month,Day_of_Week,Crash_Hour,Crash_Minute,Area_Rural_Urban,Road_Functional_Class,On_NHS_Road,Latitude,Longitude,Intersection_Type,Light_Condition,Weather_Condition,Notif_Hour,Notif_Minute,Arrival_Hour,Arrival_Minute,Hospital_Hour,Hospital_Minute,Fatalities_Count,Clean_Light_Condition,Clean_Weather_Condition,Total_Killed,Total_Alive,Fatal_Seats_List,Killed_Restraint_List,Any_Driver_Drinking,Total_Drinking_Drivers,Driver_License_Category,Driver_Max_Prev_Accident_Count,Driver_Max_Prev_Speeding_Count,Max_Driver_Age,Min_Driver_Age,Driver_Sex_List,Total_Exceeding_Limit_Vehicles,Total_Too_Fast_Vehicles,Max_Vehicle_Type_Severity_5,Max_Vehicle_Damage_Rank,Max_Harmful_Event_Severity,Crash_Road_Surface_Condition,Crash_Horizontal_Alignment,Crash_Vertical_Profile,Crash_Impairment_Category,Crash_Vehicle_Defect
31037,48,Texas,480047,0,1,1,0,1,NOT APPLICABLE,January,9,Monday,14,0,Rural,Medium Speed (Collector),No,29.89003333,-99.59465278,Non-Intersection,Daylight,Clear,Unknown,Unknown if Notified,Unknown EMS Scene Arrival Hour,Unknown if Arrived,Not Applicable (Not Transported),Not Applicable (Not Transported),1,Daylight,Clear,1,0,['Driver'],['None_Used'],1,1,Invalid,0.0,0.0,24.0,24.0,['Male'],0,0,1,1,3,Dry,Straight,Level,Lowest,No
31038,48,Texas,480048,0,2,2,0,2,NOT APPLICABLE,January,4,Wednesday,21,26,Rural,Medium Speed (Collector),No,31.39624722,-102.41231389,Non-Intersection,Dark - Not Lighted,Clear,Unknown,Unknown,Unknown EMS Scene Arrival Hour,Unknown EMS Scene Arrival Minutes,Unknown,Unknown EMS Hospital Arrival Time,1,Dark - Unlighted,Clear,1,1,['Driver'],['Shoulder_Lapbelt'],0,0,Valid,1.0,0.0,50.0,21.0,"['Male', 'Male']",0,0,4,4,5,Dry,Straight,Level,Lowest,No
31039,48,Texas,480049,1,1,1,0,1,AUSTIN,January,10,Tuesday,1,58,Urban,Medium Speed (Collector),No,30.23073889,-97.73285278,Non-Intersection,Dark - Lighted,Clear,Unknown,Unknown,Unknown EMS Scene Arrival Hour,Unknown EMS Scene Arrival Minutes,Unknown,Unknown EMS Hospital Arrival Time,1,Dark - Lighted,Clear,0,0,[],[],0,0,Invalid,0.0,0.0,999.0,999.0,['Other'],0,0,1,0,4,Dry,Curve,Level,Lowest,No
31040,48,Texas,480050,0,2,2,0,3,NOT APPLICABLE,January,9,Monday,7,32,Rural,Medium Speed (Collector),No,32.83185556,-97.76599444,Complex/Circle,Daylight,Cloudy,Unknown,Unknown,Unknown EMS Scene Arrival Hour,Unknown EMS Scene Arrival Minutes,Unknown,Unknown EMS Hospital Arrival Time,1,Daylight,Reduced Visibility,1,2,['Driver'],['Shoulder_Lapbelt'],0,0,Valid,0.0,0.0,39.0,27.0,"['Female', 'Male']",0,0,4,2,5,Dry,Straight,Level,Lowest,No
31041,48,Texas,480051,1,1,1,0,1,PLANO,January,10,Tuesday,23,9,Urban,High Speed (Arterial),Yes,33.09390556,-96.80565,Non-Intersection,Dark - Lighted,Clear,Unknown,Unknown,Unknown EMS Scene Arrival Hour,Unknown EMS Scene Arrival Minutes,Not Applicable (Not Transported),Not Applicable (Not Transported),1,Dark - Lighted,Clear,0,1,[],[],0,0,Valid,0.0,0.0,53.0,53.0,['Female'],0,0,3,1,4,Dry,Straight,Grade/Hillcrest,Lowest,No
31042,48,Texas,480052,0,1,1,0,1,NOT APPLICABLE,January,5,Thursday,9,35,Urban,High Speed (Arterial),Yes,32.56085,-96.66446667,Non-Intersection,Daylight,Cloudy,Unknown,Unknown,Unknown EMS Scene Arrival Hour,Unknown EMS Scene Arrival Minutes,Not Applicable (Not Transported),Not Applicable (Not Transported),1,Daylight,Reduced Visibility,1,0,['Driver'],['Shoulder_Lapbelt'],0,0,Valid,0.0,0.0,55.0,55.0,['Male'],0,0,4,1,3,Dry,Straight,Level,Lowest,No
31043,48,Texas,480053,0,2,2,0,2,NOT APPLICABLE,January,6,Friday,11,25,Rural,Medium Speed (Collector),No,33.62061111,-97.75884167,Non-Intersection,Daylight,Cloudy,Unknown,Unknown,Unknown EMS Scene Arrival Hour,Unknown EMS Scene Arrival Minutes,Unknown,Unknown EMS Hospital Arrival Time,1,Daylight,Reduced Visibility,1,1,['Driver'],['None_Used'],0,0,Valid,0.0,0.0,92.0,44.0,"['Male', 'Male']",0,0,3,1,5,Dry,Straight,Non-Trafficway,Lowest,No
31044,48,Texas,480054,0,1,1,0,5,FORT WORTH,January,7,Saturday,2,25,Urban,High Speed (Arterial),Yes,32.73614167,-97.43716667,Non-Intersection,Dark - Not Lighted,Clear,2:00am-2:59am,29,2:00am-2:59am,37,3:00am-3:59am,8,1,Dark - Unlighted,Clear,1,4,['Rear_Seat'],['None_Used'],1,1,Invalid,0.0,0.0,23.0,23.0,['Female'],5,0,2,1,3,Dry,Straight,Grade/Hillcrest,Lowest,No
31045,48,Texas,480055,0,1,1,0,2,HOUSTON,January,2,Monday,12,38,Urban,Medium Speed (Collector),No,29.74794444,-95.57525,Non-Intersection,Daylight,Rain,Unknown,Unknown,Unknown EMS Scene Arrival Hour,Unknown EMS Scene Arrival Minutes,Unknown,Unknown EMS Hospital Arrival Time,2,Daylight,Rain/Wind/Minor,2,0,"['Driver', 'Front_Passenger']","['None_Used', 'None_Used']",0,0,Invalid,0.0,0.0,21.0,21.0,['Male'],2,0,2,4,3,Wet/Standing Water,Straight,Level,Lowest,No
31046,48,Texas,480056,0,2,2,0,3,TAYLOR,January,7,Saturday,23,5,Urban,Medium Speed (Collector),No,30.60513056,-97.41836667,Non-Intersection,Dark - Not Lighted,Clear,Unknown,Unknown,Unknown EMS Scene Arrival Hour,Unknown EMS Scene Arrival Minutes,Unknown,Unknown EMS Hospital Arrival Time,1,Dark - Unlighted,Clear,1,2,['Driver'],['None_Used'],1,1,Valid,0.0,0.0,42.0,25.0,"['Male', 'Male']",0,0,3,4,5,Dry,Straight,Level,Lowest,No
31047,48,Texas,480057,0,2,2,0,2,NOT APPLICABLE,January,13,Friday,3,43,Urban,Medium Speed (Collector),No,29.83609444,-95.64051389,Simple Junction,Dark - Lighted,Clear,Unknown,Unknown,Unknown EMS Scene Arrival Hour,Unknown EMS Scene Arrival Minutes,Not Applicable (Not Transported),Not Applicable (Not Transported),1,Dark - Lighted,Clear,1,0,['Driver'],['Shoulder_Lapbelt'],0,0,Valid,1.0,0.0,45.0,31.0,"['Male', 'Male']",0,0,3,1,5,Dry,Straight,Level,Lowest,No
31048,48,Texas,480058,0,5,5,0,11,TYLER,January,12,Thursday,8,50,Urban,High Speed (Arterial),Yes,32.30605833,-95.33636667,Complex/Circle,Daylight,Clear,Unknown,Unknown,Unknown EMS Scene Arrival Hour,Unknown EMS Scene Arrival Minutes,Unknown,Unknown EMS Hospital Arrival Time,1,Daylight,Clear,1,10,['Front_Passenger'],['Shoulder_Lapbelt'],0,0,Valid,0.0,1.0,94.0,35.0,"['Male', 'Female', 'Male', 'Female', 'Female']",0,0,3,2,5,Dry,Straight,Level,Lowest,No
31049,48,Texas,480059,0,2,2,0,3,NOT APPLICABLE,January,6,Friday,15,36,Urban,Medium Speed (Collector),No,29.90691389,-95.72633333,Complex/Circle,Daylight,Clear,Unknown,Unknown,Unknown EMS Scene Arrival Hour,Unknown EMS Scene Arrival Minutes,Unknown,Unknown EMS Hospital Arrival Time,1,Daylight,Clear,1,2,['Driver'],['None_Used'],0,0,Valid,0.0,3.0,36.0,26.0,"['Female', 'Male']",1,0,3,1,5,Dry,Straight,Level,Lowest,No
31050,48,Texas,480060,0,2,2,0,2,DALLAS,January,10,Tuesday,10,53,Urban,High Speed (Arterial),Yes,32.86208611,-96.71744167,Simple Junction,Daylight,Clear,Unknown,Unknown,Unknown EMS Scene Arrival Hour,Unknown EMS Scene Arrival Minutes,Unknown,Unknown EMS Hospital Arrival Time,1,Daylight,Clear,1,1,['Driver'],['None_Used'],0,0,Valid,0.0,0.0,74.0,33.0,"['Male', 'Male']",1,0,3,1,5,Dry,Straight,Level,Lowest,No
31051,48,Texas,480062,1,1,1,0,1,NOT APPLICABLE,January,9,Monday,18,12,Urban,Medium Speed (Collector),No,29.77548333,-95.136925,Non-Intersection,Dark - Not Lighted,Clear,Unknown,Unknown,Unknown EMS Scene Arrival Hour,Unknown EMS Scene Arrival Minutes,Not Applicable (Not Transported),Not Applicable (Not Transported),1,Dark - Unlighted,Clear,0,1,[],[],0,0,Valid,0.0,1.0,22.0,22.0,['Male'],0,0,3,1,4,Dry,Straight,Level,Lowest,No
31052,48,Texas,480063,0,2,2,0,3,SAN ANTONIO,January,15,Sunday,10,20,Urban,Medium Speed (Collector),No,29.58767222,-98.58889167,Non-Intersection,Daylight,Clear,Unknown,Unknown,Unknown EMS Scene Arrival Hour,Unknown EMS Scene Arrival Minutes,Unknown,Unknown EMS Hospital Arrival Time,1,Daylight,Clear,1,2,['Driver'],['Shoulder_Lapbelt'],0,0,Valid,0.0,0.0,38.0,29.0,"['Female', 'Female']",0,0,3,1,5,Dry,Straight,Non-Trafficway,Lowest,No
31053,48,Texas,480064,0,1,1,0,3,NOT APPLICABLE,January,1,Sunday,1,34,Urban,Medium Speed (Collector),No,29.54861111,-98.27340278,Non-Intersection,Dark - Lighted,Clear,Unknown,Unknown if Notified,Unknown EMS Scene Arrival Hour,Unknown if Arrived,Not Applicable (Not Transported),Not Applicable (Not Transported),1,Dark - Lighted,Clear,1,2,['Front_Passenger'],['None_Used'],0,0,Valid,0.0,0.0,34.0,34.0,['Female'],0,0,3,1,1,Dry,Curve,Grade/Hillcrest,Lowest,No
31054,48,Texas,480065,0,1,1,0,1,NOT APPLICABLE,January,14,Saturday,10,32,Rural,High Speed (Arterial),Yes,32.49375556,-94.29610278,Non-Intersection,Daylight,Clear,Unknown,Unknown,Unknown EMS Scene Arrival Hour,Unknown EMS Scene Arrival Minutes,Unknown,Unknown EMS Hospital Arrival Time,1,Daylight,Clear,1,0,['Driver'],['Shoulder_Lapbelt'],0,0,Valid,0.0,0.0,20.0,20.0,['Male'],0,0,3,1,3,Dry,Straight,Grade/Hillcrest,Lowest,No
31055,48,Texas,480066,1,2,2,0,3,EL PASO,January,13,Friday,12,51,Urban,High Speed (Arterial),Yes,31.82591944,-106.43804444,Non-Intersection,Daylight,Clear,Unknown,Unknown if Notified,Unknown EMS Scene Arrival Hour,Unknown if Arrived,Not Applicable (Not Transported),Not Applicable (Not Transported),1,Daylight,Clear,0,3,[],[],0,0,Valid,0.0,1.0,43.0,21.0,"['Male', 'Male']",0,0,3,2,5,Dry,Curve,Level,Lowest,No
31056,48,Texas,480067,0,1,1,0,1,NOT APPLICABLE,January,7,Saturday,0,17,Rural,Medium Speed (Collector),No,34.80309444,-100.20496111,Non-Intersection,Dark - Not Lighted,Clear,Unknown,Unknown,Unknown EMS Scene Arrival Hour,Unknown EMS Scene Arrival Minutes,Not Applicable (Not Transported),Not Applicable (Not Transported),1,Dark - Unlighted,Clear,1,0,['Driver'],['None_Used'],0,0,Valid,0.0,1.0,52.0,52.0,['Male'],1,0,3,4,3,Dry,Curve,Level,Lowest,No
31057,48,Texas,480068,0,2,2,0,2,NOT APPLICABLE,January,5,Thursday,2,29,Rural,High Speed (Arterial),Yes,33.05504722,-96.16706389,Non-Intersection,Dark - Not Lighted,Cloudy,Unknown,Unknown if Notified,Unknown EMS Scene Arrival Hour,Unknown if Arrived,Not Applicable (Not Transported),Not Applicable (Not Transported),1,Dark - Unlighted,Reduced Visibility,1,1,['Driver'],['None_Used'],1,1,Invalid,1.0,1.0,71.0,29.0,"['Male', 'Male']",1,0,4,1,5,Dry,Straight,Grade/Hillcrest,Lowest,Yes
31058,48,Texas,480069,0,1,1,0,1,LUFKIN,January,15,Sunday,1,13,Urban,Medium Speed (Collector),No,31.32464167,-94.74145556,Non-Intersection,Dark - Lighted,Clear,Unknown,Unknown if Notified,Unknown EMS Scene Arrival Hour,Unknown if Arrived,Not Applicable (Not Transported),Not Applicable (Not Transported),1,Dark - Lighted,Clear,1,0,['Driver'],['None_Used'],1,1,Valid,0.0,0.0,64.0,64.0,['Male'],1,0,3,1,3,Dry,Curve,Level,Lowest,No
31059,48,Texas,480070,0,2,2,0,3,EL PASO,January,13,Friday,20,46,Urban,High Speed (Arterial),Yes,31.93143333,-106.39858889,Simple Junction,Dark - Not Lighted,Clear,Unknown,Unknown if Notified,Unknown EMS Scene Arrival Hour,Unknown if Arrived,Not Applicable (Not Transported),Not Applicable (Not Transported),1,Dark - Unlighted,Clear,1,2,['Driver'],['None_Used'],1,1,Valid,0.0,0.0,54.0,27.0,"['Male', 'Male']",0,0,5,4,5,Dry,Straight,Level,Lowest,No
31060,48,Texas,480071,0,1,1,0,1,FLOWER MOUND,January,6,Friday,0,35,Urban,Medium Speed (Collector),No,33.06642222,-97.08803056,Complex/Circle,Dark - Lighted,Clear,Unknown,Unknown if Notified,Unknown EMS Scene Arrival Hour,Unknown if Arrived,Not Applicable (Not Transported),Not Applicable (Not Transported),1,Dark - Lighted,Clear,1,0,['Driver'],['None_Used'],0,0,Valid,1.0,1.0,23.0,23.0,['Male'],1,0,5,1,3,Dry,Straight,Level,Lowest,No
31061,48,Texas,480072,1,1,1,0,1,CONROE,January,4,Wednesday,20,30,Urban,Medium Speed (Collector),No,30.31039444,-95.45796667,Complex/Circle,Dark - Lighted,Cloudy,Unknown,Unknown,Unknown EMS Scene Arrival Hour,Unknown EMS Scene Arrival Minutes,Unknown,Unknown EMS Hospital Arrival Time,1,Dark - Lighted,Reduced Visibility,0,1,[],[],1,1,Invalid,0.0,0.0,43.0,43.0,['Male'],0,0,3,1,4,Dry,Straight,Level,Lowest,No
31062,48,Texas,480073,0,3,3,0,3,NOT APPLICABLE,January,8,Sunday,20,7,Urban,Medium Speed (Collector),No,26.27947222,-98.10689167,Simple Junction,Dark - Not Lighted,Clear,Unknown,Unknown,Unknown EMS Scene Arrival Hour,Unknown EMS Scene Arrival Minutes,Unknown,Unknown EMS Hospital Arrival Time,1,Dark - Unlighted,Clear,1,1,['Driver'],['None_Used'],0,0,Invalid,0.0,0.0,999.0,21.0,"['Other', 'Male', 'Male']",1,0,3,4,5,Dry,Straight,Level,Lowest,No
31063,48,Texas,480074,0,2,2,0,1,FORT WORTH,January,7,Saturday,2,25,Urban,High Speed (Arterial),Yes,32.73584444,-97.43598333,Non-Intersection,Dark - Not Lighted,Clear,Unknown,Unknown if Notified,Unknown EMS Scene Arrival Hour,Unknown if Arrived,Not Applicable (Not Transported),Not Applicable (Not Transported),1,Dark - Unlighted,Clear,1,0,['Driver'],['None_Used'],0,0,Valid,2.0,0.0,25.0,25.0,['Male'],0,0,5,1,5,Dry,Curve,Level,Lowest,Yes
31064,48,Texas,480075,0,5,5,0,8,FORT WORTH,January,13,Friday,15,20,Urban,High Speed (Arterial),Yes,32.69474722,-97.25164167,Non-Intersection,Daylight,Clear,Unknown,Unknown,Unknown EMS Scene Arrival Hour,Unknown EMS Scene Arrival Minutes,Unknown,Unknown EMS Hospital Arrival Time,1,Daylight,Clear,1,7,['Driver'],['Shoulder_Lapbelt'],0,0,Valid,0.0,0.0,69.0,36.0,"['Male', 'Male', 'Male', 'Male', 'Male']",3,0,4,2,5,Dry,Straight,Level,Lowest,No
31065,48,Texas,480076,0,4,4,0,7,NOT APPLICABLE,January,5,Thursday,18,3,Rural,Medium Speed (Collector),No,32.25260556,-95.940175,Non-Intersection,Dusk,Clear,Unknown,Unknown,Unknown EMS Scene Arrival Hour,Unknown EMS Scene Arrival Minutes,Unknown,Unknown EMS Hospital Arrival Time,2,Twilight,Clear,2,5,"['Front_Passenger', 'Driver']","['Shoulder_Lapbelt', 'Shoulder_Lapbelt']",0,0,Valid,0.0,2.0,51.0,26.0,"['Female', 'Male', 'Female', 'Female']",0,0,3,4,5,Dry,Straight,Grade/Hillcrest,Lowest,No
31066,48,Texas,480077,0,1,1,0,1,NOT APPLICABLE,January,15,Sunday,18,46,Rural,Medium Speed (Collector),No,30.58991944,-95.94455,Non-Intersection,Dark - Not Lighted,Cloudy,Unknown,Unknown if Notified,Unknown EMS Scene Arrival Hour,Unknown if Arrived,Not Applicable (Not Transported),Not Applicable (Not Transported),1,Dark - Unlighted,Reduced Visibility,1,0,['Driver'],['Shoulder_Lapbelt'],0,0,Valid,0.0,0.0,20.0,20.0,['Male'],0,0,2,1,3,Dry,Straight,Level,Lowest,No
31067,48,Texas,480078,0,1,1,0,1,NOT APPLICABLE,January,16,Monday,3,3,Rural,High Speed (Arterial),Yes,30.75096944,-94.60743889,Non-Intersection,Dark - Not Lighted,Clear,Unknown,Unknown if Notified,Unknown EMS Scene Arrival Hour,Unknown if Arrived,Not Applicable (Not Transported),Not Applicable (Not Transported),1,Dark - Unlighted,Clear,1,0,['Driver'],['Shoulder_Lapbelt'],0,0,Valid,0.0,0.0,37.0,37.0,['Male'],0,0,3,4,3,Dry,Straight,Grade/Hillcrest,Lowest,No
31068,48,Texas,480079,0,2,2,0,2,LUBBOCK,January,12,Thursday,2,15,Urban,High Speed (Arterial),Yes,33.52963889,-101.90218611,Non-Intersection,Dark - Lighted,Clear,Unknown,Unknown,Unknown EMS Scene Arrival Hour,Unknown EMS Scene Arrival Minutes,Unknown,Unknown EMS Hospital Arrival Time,1,Dark - Lighted,Clear,1,1,['Driver'],['None_Used'],1,1,Invalid,0.0,0.0,36.0,33.0,"['Male', 'Male']",1,0,3,1,5,Dry,Curve,Level,Lowest,No
31069,48,Texas,480080,0,1,1,0,1,NOT APPLICABLE,January,13,Friday,1,33,Urban,Medium Speed (Collector),No,29.97503889,-95.42078889,Non-Intersection,Dark - Not Lighted,Clear,Unknown,Unknown,Unknown EMS Scene Arrival Hour,Unknown EMS Scene Arrival Minutes,Not Applicable (Not Transported),Not Applicable (Not Transported),1,Dark - Unlighted,Clear,1,0,['Driver'],['None_Used'],1,1,Valid,0.0,0.0,32.0,32.0,['Male'],0,0,2,1,3,Dry,Straight,Level,Lowest,No
31070,48,Texas,480082,0,5,5,0,5,EULESS,January,15,Sunday,0,52,Urban,High Speed (Arterial),Yes,32.83759722,-97.07153889,Non-Intersection,Dark - Lighted,Clear,Unknown,Unknown,Unknown EMS Scene Arrival Hour,Unknown EMS Scene Arrival Minutes,Unknown,Unknown EMS Hospital Arrival Time,1,Dark - Lighted,Clear,1,4,['Driver'],['Shoulder_Lapbelt'],0,0,Valid,1.0,1.0,80.0,21.0,"['Male', 'Male', 'Male', 'Female', 'Male']",1,0,3,4,5,Dry,Curve,Grade/Hillcrest,Lowest,No
31071,48,Texas,480083,0,1,1,0,1,NOT APPLICABLE,January,4,Wednesday,4,37,Urban,High Speed (Arterial),Yes,31.68747222,-106.26936667,Simple Junction,Dark - Not Lighted,Clear,Unknown,Unknown if Notified,Unknown EMS Scene Arrival Hour,Unknown if Arrived,Not Applicable (Not Transported),Not Applicable (Not Transported),1,Dark - Unlighted,Clear,1,0,['Driver'],['None_Used'],0,0,Valid,0.0,0.0,28.0,28.0,['Male'],0,0,5,1,2,Dry,Curve,Level,Lowest,No
31072,48,Texas,480084,0,2,2,0,2,FORT WORTH,January,16,Monday,7,56,Urban,Medium Speed (Collector),No,32.77454444,-97.48651111,Non-Intersection,Daylight,Clear,Unknown,Unknown if Notified,Unknown EMS Scene Arrival Hour,Unknown if Arrived,Not Applicable (Not Transported),Not Applicable (Not Transported),1,Daylight,Clear,1,1,['Driver'],['None_Used'],0,0,Valid,0.0,0.0,26.0,24.0,"['Male', 'Male']",0,0,5,2,5,Dry,Curve,Level,Lowest,No
31073,48,Texas,480085,0,2,2,0,2,GILMER,January,17,Tuesday,5,41,Rural,High Speed (Arterial),Yes,32.75090556,-94.93940833,Non-Intersection,Dark - Not Lighted,"Fog, Smog, Smoke",Unknown,Unknown if Notified,Unknown EMS Scene Arrival Hour,Unknown if Arrived,Not Applicable (Not Transported),Not Applicable (Not Transported),1,Dark - Unlighted,Reduced Visibility,1,1,['Driver'],['Shoulder_Lapbelt'],0,0,Invalid,0.0,0.0,76.0,32.0,"['Male', 'Male']",0,0,4,4,5,Dry,Straight,Non-Trafficway,Lowest,No
31074,48,Texas,480086,0,2,2,0,2,NOT APPLICABLE,January,8,Sunday,14,59,Rural,Medium Speed (Collector),No,33.26016111,-97.19986667,Simple Junction,Daylight,Clear,Unknown,Unknown,Unknown EMS Scene Arrival Hour,Unknown EMS Scene Arrival Minutes,Unknown,Unknown EMS Hospital Arrival Time,1,Daylight,Clear,1,1,['Driver'],['Shoulder_Lapbelt'],0,0,Invalid,0.0,0.0,55.0,42.0,"['Male', 'Female']",0,0,3,1,5,Dry,Straight,Level,Lowest,No
31075,48,Texas,480087,0,1,1,0,1,NOT APPLICABLE,January,14,Saturday,18,42,Rural,Low Speed (Local),No,32.15135833,-99.09555833,Non-Intersection,Dark - Not Lighted,Clear,Unknown,Unknown if Notified,Unknown EMS Scene Arrival Hour,Unknown if Arrived,Not Applicable (Not Transported),Not Applicable (Not Transported),1,Dark - Unlighted,Clear,1,0,['Driver'],['None_Used'],1,1,Valid,0.0,0.0,55.0,55.0,['Male'],1,0,5,2,3,Dry,Straight,Level,Lowest,No
31076,48,Texas,480088,0,3,3,0,4,DALLAS,January,11,Wednesday,15,35,Urban,Medium Speed (Collector),No,32.65381111,-96.754325,Non-Intersection,Daylight,Clear,Unknown,Unknown,Unknown EMS Scene Arrival Hour,Unknown EMS Scene Arrival Minutes,Unknown,Unknown EMS Hospital Arrival Time,1,Daylight,Clear,1,3,['Driver'],['None_Used'],1,1,Invalid,0.0,0.0,48.0,37.0,"['Female', 'Female', 'Male']",1,0,4,2,5,Dry,Straight,Level,Lowest,No
31077,48,Texas,480089,0,2,2,0,2,BEDFORD,January,14,Saturday,22,6,Urban,High Speed (Arterial),Yes,32.83682222,-97.13835278,Non-Intersection,Dark - Not Lighted,Clear,Unknown,Unknown if Notified,Unknown EMS Scene Arrival Hour,Unknown if Arrived,Not Applicable (Not Transported),Not Applicable (Not Transported),1,Dark - Unlighted,Clear,1,1,['Driver'],['None_Used'],0,0,Valid,0.0,1.0,35.0,33.0,"['Male', 'Female']",1,0,5,2,5,Dry,Straight,Level,Lowest,No
31078,48,Texas,480090,0,1,1,0,2,LEWISVILLE,January,17,Tuesday,18,23,Urban,Medium Speed (Collector),No,33.06764722,-97.01626667,Non-Intersection,Dark - Not Lighted,Clear,Unknown,Unknown,Unknown EMS Scene Arrival Hour,Unknown EMS Scene Arrival Minutes,Unknown,Unknown EMS Hospital Arrival Time,1,Dark - Unlighted,Clear,1,1,['Driver'],['Shoulder_Lapbelt'],0,0,Valid,0.0,0.0,52.0,52.0,['Female'],0,0,3,1,3,Dry,Straight,Level,Lowest,No
31079,48,Texas,480091,0,2,2,0,3,NOT APPLICABLE,January,4,Wednesday,20,45,Urban,High Speed (Arterial),Yes,31.35363056,-94.67306389,Simple Junction,Dark - Not Lighted,Clear,Unknown,Unknown,Unknown EMS Scene Arrival Hour,Unknown EMS Scene Arrival Minutes,Unknown,Unknown EMS Hospital Arrival Time,1,Dark - Unlighted,Clear,1,2,['Front_Passenger'],['None_Used'],0,0,Valid,0.0,1.0,37.0,19.0,"['Male', 'Male']",2,0,4,1,5,Dry,Straight,Level,Lowest,No
31080,48,Texas,480092,0,3,3,0,3,NOT APPLICABLE,January,16,Monday,19,20,Urban,High Speed (Arterial),Yes,29.89766389,-95.44559444,Simple Junction,Dark - Lighted,Clear,Unknown,Unknown,Unknown EMS Scene Arrival Hour,Unknown EMS Scene Arrival Minutes,Unknown,Unknown EMS Hospital Arrival Time,1,Dark - Lighted,Clear,1,2,['Driver'],['Shoulder_Lapbelt'],0,0,Invalid,0.0,0.0,62.0,30.0,"['Male', 'Male', 'Male']",0,0,3,1,5,Dry,Straight,Level,Lowest,No
31081,48,Texas,480093,2,1,1,0,1,SAN ANTONIO,January,12,Thursday,18,26,Urban,Medium Speed (Collector),No,29.36834722,-98.48128889,Non-Intersection,Dark - Not Lighted,Clear,Unknown,Unknown,Unknown EMS Scene Arrival Hour,Unknown EMS Scene Arrival Minutes,Unknown,Unknown EMS Hospital Arrival Time,1,Dark - Unlighted,Clear,0,1,[],[],0,0,Valid,0.0,0.0,53.0,53.0,['Male'],0,0,3,2,4,Dry,Straight,Level,Lowest,No
31082,48,Texas,480094,0,1,1,0,2,ANGLETON,January,14,Saturday,21,57,Urban,Medium Speed (Collector),No,29.15882778,-95.4313,Non-Intersection,Dark - Lighted,Clear,Unknown,Unknown if Notified,Unknown EMS Scene Arrival Hour,Unknown if Arrived,Not Applicable (Not Transported),Not Applicable (Not Transported),2,Dark - Lighted,Clear,2,0,"['Driver', 'Front_Passenger']","['None_Used', 'Shoulder_Lapbelt']",1,1,Valid,0.0,0.0,59.0,59.0,['Female'],2,0,3,1,4,Dry,Straight,Level,Lowest,No
31083,48,Texas,480095,1,1,1,0,1,DALLAS,January,10,Tuesday,8,41,Urban,High Speed (Arterial),Yes,32.77985833,-96.91748333,Non-Intersection,Daylight,Clear,Unknown,Unknown,Unknown EMS Scene Arrival Hour,Unknown EMS Scene Arrival Minutes,Unknown,Unknown EMS Hospital Arrival Time,1,Daylight,Clear,0,1,[],[],0,0,Valid,0.0,1.0,29.0,29.0,['Male'],0,0,3,2,4,Dry,Straight,Level,Lowest,No
31084,48,Texas,480096,1,1,1,0,1,CORPUS CHRISTI,January,7,Saturday,19,36,Urban,High Speed (Arterial),Yes,27.69930278,-97.35303056,Non-Intersection,Dark - Not Lighted,Clear,Unknown,Unknown if Notified,Unknown EMS Scene Arrival Hour,Unknown if Arrived,Not Applicable (Not Transported),Not Applicable (Not Transported),1,Dark - Unlighted,Clear,0,1,[],[],0,0,Valid,0.0,0.0,16.0,16.0,['Male'],0,0,3,3,4,Dry,Straight,Level,Lowest,No
31085,48,Texas,480097,0,1,1,0,2,LIVE OAK,January,16,Monday,18,53,Urban,High Speed (Arterial),No,29.55078056,-98.35087222,Non-Intersection,Dark - Lighted,Clear,Unknown,Unknown,Unknown EMS Scene Arrival Hour,Unknown EMS Scene Arrival Minutes,Unknown,Unknown EMS Hospital Arrival Time,1,Dark - Lighted,Clear,1,1,['Driver'],['Shoulder_Lapbelt'],1,1,Valid,0.0,2.0,40.0,40.0,['Male'],2,0,5,1,3,Dry,Straight,Grade/Hillcrest,Lowest,No