,State_Code,State_Name,Crash_ID,Count_Non_Motorists,Count_Vehicles_Total,Count_Vehicle_Forms,Count_PVH_Involved,Count_Occupants_MV,City_Name,Month_Name,Day_of_Month,Day_of_Week,Crash_Hour,Crash_Minute,Area_Rural_Urban,Road_Functional_Class,On_NHS_Road,Latitude,Longitude,Intersection_Type,Light_Condition,Weather_Condition,Notif_Hour,Notif_Minute,Arrival_Hour,Arrival_Minute,Hospital_Hour,Hospital_Minute,Fatalities_Count,Clean_Light_Condition,Clean_Weather_Condition,Total_Killed,Total_Alive,Fatal_Seats_List,Killed_Restraint_List,Any_Driver_Drinking,Total_Drinking_Drivers,Driver_License_Category,Driver_Max_Prev_Accident_Count,Driver_Max_Prev_Speeding_Count,Max_Driver_Age,Min_Driver_Age,Driver_Sex_List,Total_Exceeding_Limit_Vehicles,Total_Too_Fast_Vehicles,Max_Vehicle_Type_Severity_5,Max_Vehicle_Damage_Rank,Max_Harmful_Event_Severity,Crash_Road_Surface_Condition,Crash_Horizontal_Alignment,Crash_Vertical_Profile,Crash_Impairment_Category,Crash_Vehicle_Defect
31086,48,Texas,480098,0,1,1,0,2,NOT APPLICABLE,January,9,Monday,8,18,Rural,Medium Speed (Collector),No,31.46399167,-95.56967222,Non-Intersection,Daylight,Clear,Unknown,Unknown,Unknown EMS Scene Arrival Hour,Unknown EMS Scene Arrival Minutes,Unknown,Unknown EMS Hospital Arrival Time,1,Daylight,Clear,1,1,['Front_Passenger'],['None_Used'],1,1,Valid,0.0,0.0,17.0,17.0,['Male'],0,0,3,1,3,Dry,Curve,Grade/Hillcrest,Lowest,No
31087,48,Texas,480099,0,2,2,0,3,NOT APPLICABLE,January,11,Wednesday,5,13,Rural,High Speed (Arterial),Yes,27.77723333,-97.94424722,Non-Intersection,Dark - Not Lighted,Clear,Unknown,Unknown if Notified,Unknown EMS Scene Arrival Hour,Unknown if Arrived,Not Applicable (Not Transported),Not Applicable (Not Transported),1,Dark - Unlighted,Clear,1,2,['Driver'],['Shoulder_Lapbelt'],0,0,Valid,0.0,1.0,69.0,31.0,"['Male', 'Male']",1,0,4,1,5,Dry,Straight,Level,Lowest,No
31088,48,Texas,480100,0,2,2,0,3,NOT APPLICABLE,January,12,Thursday,20,53,Rural,Medium Speed (Collector),No,30.66010556,-97.93784167,Non-Intersection,Dark - Not Lighted,Clear,Unknown,Unknown,Unknown EMS Scene Arrival Hour,Unknown EMS Scene Arrival Minutes,Not Applicable (Not Transported),Not Applicable (Not Transported),1,Dark - Unlighted,Clear,1,2,['Driver'],['Shoulder_Lapbelt'],0,0,Valid,0.0,0.0,55.0,16.0,"['Female', 'Female']",1,0,3,2,5,Dry,Straight,Level,Lowest,No
31089,48,Texas,480101,1,1,1,0,1,AUSTIN,January,14,Saturday,3,5,Urban,Medium Speed (Collector),No,30.41536111,-97.65561944,Simple Junction,Dark - Not Lighted,Clear,Unknown,Unknown if Notified,Unknown EMS Scene Arrival Hour,Unknown if Arrived,Not Applicable (Not Transported),Not Applicable (Not Transported),1,Dark - Unlighted,Clear,0,1,[],[],0,0,Invalid,0.0,0.0,47.0,47.0,['Male'],0,0,3,2,4,Dry,Curve,Grade/Hillcrest,Lowest,No
31090,48,Texas,480102,0,1,1,0,1,NOT APPLICABLE,January,1,Sunday,15,15,Rural,Medium Speed (Collector),No,30.22236389,-97.50835278,Non-Intersection,Daylight,Clear,Unknown,Unknown,Unknown EMS Scene Arrival Hour,Unknown EMS Scene Arrival Minutes,Unknown,Unknown EMS Hospital Arrival Time,1,Daylight,Clear,1,0,['Driver'],['None_Used'],0,0,Valid,0.0,0.0,67.0,67.0,['Male'],1,0,5,1,3,Dry,Curve,Level,Lowest,Yes
31091,48,Texas,480103,0,3,3,0,3,HOUSTON,January,8,Sunday,18,21,Urban,High Speed (Arterial),Yes,29.68016389,-95.37900278,Non-Intersection,Dark - Lighted,Clear,Unknown,Unknown,Unknown EMS Scene Arrival Hour,Unknown EMS Scene Arrival Minutes,7:00pm-7:59pm,12,1,Dark - Lighted,Clear,1,2,['Driver'],['None_Used'],1,1,Valid,1.0,2.0,57.0,27.0,"['Male', 'Male', 'Male']",1,0,5,2,5,Dry,Curve,Level,Lowest,No
31092,48,Texas,480104,0,3,3,0,5,DESOTO,January,17,Tuesday,18,45,Urban,High Speed (Arterial),Yes,32.58979167,-96.89118056,Complex/Circle,Dark - Lighted,Clear,Unknown,Unknown,Unknown EMS Scene Arrival Hour,Unknown EMS Scene Arrival Minutes,Unknown,Unknown EMS Hospital Arrival Time,1,Dark - Lighted,Clear,1,4,['Driver'],['None_Used'],1,1,Valid,0.0,0.0,64.0,53.0,"['Female', 'Male', 'Female']",0,0,5,2,5,Dry,Straight,Level,Lowest,No
31093,48,Texas,480105,0,2,2,0,2,LANCASTER,January,15,Sunday,0,1,Urban,High Speed (Arterial),Yes,32.61867222,-96.76753611,Complex/Circle,Dark - Lighted,Clear,Unknown,Unknown,Unknown EMS Scene Arrival Hour,Unknown EMS Scene Arrival Minutes,Unknown,Unknown EMS Hospital Arrival Time,1,Dark - Lighted,Clear,1,1,['Driver'],['Shoulder_Lapbelt'],1,1,Valid,0.0,0.0,57.0,53.0,"['Male', 'Male']",0,0,4,1,5,Dry,Straight,Level,Lowest,No
31094,48,Texas,480106,0,2,2,0,2,NOT APPLICABLE,January,9,Monday,19,52,Rural,Medium Speed (Collector),No,30.865025,-96.69793611,Non-Intersection,Dark - Not Lighted,Clear,Unknown,Unknown,Unknown EMS Scene Arrival Hour,Unknown EMS Scene Arrival Minutes,Unknown,Unknown EMS Hospital Arrival Time,1,Dark - Unlighted,Clear,1,1,['Driver'],['Shoulder_Lapbelt'],0,0,Valid,0.0,3.0,32.0,21.0,"['Female', 'Male']",0,0,3,4,5,Dry,Straight,Level,Lowest,No
31095,48,Texas,480107,0,3,3,0,6,MIDLAND,January,7,Saturday,13,34,Urban,High Speed (Arterial),Yes,32.07853056,-102.09042778,Simple Junction,Daylight,Clear,Unknown,Unknown,Unknown EMS Scene Arrival Hour,Unknown EMS Scene Arrival Minutes,Unknown,Unknown EMS Hospital Arrival Time,1,Daylight,Clear,1,5,['Driver'],['Shoulder_Lapbelt'],0,0,Valid,0.0,1.0,76.0,25.0,"['Male', 'Male', 'Female']",0,0,3,1,5,Dry,Straight,Level,Lowest,No
31096,48,Texas,480108,1,1,1,0,1,EL PASO,January,19,Thursday,3,34,Urban,High Speed (Arterial),Yes,31.93573333,-106.38156111,Non-Intersection,Dark - Not Lighted,Clear,Unknown,Unknown,Unknown EMS Scene Arrival Hour,Unknown EMS Scene Arrival Minutes,Unknown,Unknown EMS Hospital Arrival Time,1,Dark - Unlighted,Clear,0,1,[],[],0,0,Valid,0.0,0.0,56.0,56.0,['Male'],0,0,2,1,4,Dry,Straight,Level,Lowest,No
31097,48,Texas,480109,1,1,1,0,1,HENDERSON,January,19,Thursday,3,11,Urban,Medium Speed (Collector),No,32.16755556,-94.81923611,Non-Intersection,Dark - Lighted,Clear,Unknown,Unknown,Unknown EMS Scene Arrival Hour,Unknown EMS Scene Arrival Minutes,Unknown,Unknown EMS Hospital Arrival Time,1,Dark - Lighted,Clear,0,1,[],[],0,0,Valid,1.0,0.0,78.0,78.0,['Male'],0,0,3,1,4,Dry,Straight,Level,Lowest,No
31098,48,Texas,480110,1,1,1,0,1,SUGAR LAND,January,19,Thursday,5,27,Urban,High Speed (Arterial),Yes,29.58910556,-95.59707222,Complex/Circle,Dark - Lighted,Clear,Unknown,Unknown if Notified,Unknown EMS Scene Arrival Hour,Unknown if Arrived,Not Applicable (Not Transported),Not Applicable (Not Transported),1,Dark - Lighted,Clear,0,1,[],[],0,0,Valid,0.0,1.0,65.0,65.0,['Male'],0,0,3,2,4,Dry,Straight,Level,Lowest,No
31099,48,Texas,480111,0,2,2,0,3,NOT APPLICABLE,January,7,Saturday,0,40,Rural,High Speed (Arterial),Yes,29.75279167,-97.94805556,Complex/Circle,Dark - Not Lighted,Clear,Unknown,Unknown,Unknown EMS Scene Arrival Hour,Unknown EMS Scene Arrival Minutes,Not Applicable (Not Transported),Not Applicable (Not Transported),1,Dark - Unlighted,Clear,1,2,['Driver'],['None_Used'],0,0,Valid,0.0,0.0,52.0,27.0,"['Male', 'Male']",1,0,5,1,5,Dry,Straight,Grade/Hillcrest,Lowest,No
31100,48,Texas,480112,1,1,1,0,1,NOT APPLICABLE,January,12,Thursday,18,18,Rural,Low Speed (Local),No,29.92443611,-95.55646667,Non-Intersection,Dark - Lighted,Clear,Unknown,Unknown if Notified,Unknown EMS Scene Arrival Hour,Unknown if Arrived,Not Applicable (Not Transported),Not Applicable (Not Transported),1,Dark - Lighted,Clear,0,1,[],[],0,0,Valid,0.0,0.0,18.0,18.0,['Male'],0,0,2,2,4,Dry,Straight,Level,Lowest,No
31101,48,Texas,480113,0,1,1,0,5,SEGUIN,January,16,Monday,7,38,Urban,High Speed (Arterial),Yes,29.56316667,-98.02958056,Non-Intersection,Daylight,Clear,Unknown,Unknown,Unknown EMS Scene Arrival Hour,Unknown EMS Scene Arrival Minutes,Unknown,Unknown EMS Hospital Arrival Time,2,Daylight,Clear,2,3,"['Driver', 'Non_Standard_Risk']","['None_Used', 'None_Used']",0,0,Valid,0.0,0.0,21.0,21.0,['Male'],5,0,3,1,3,Dry,Curve,Level,Lowest,No
31102,48,Texas,480114,0,1,1,0,1,AUSTIN,January,3,Tuesday,16,24,Urban,Medium Speed (Collector),No,30.26760556,-97.75770833,Non-Intersection,Daylight,Clear,Unknown,Unknown,Unknown EMS Scene Arrival Hour,Unknown EMS Scene Arrival Minutes,Unknown,Unknown EMS Hospital Arrival Time,1,Daylight,Clear,1,0,['Driver'],['Shoulder_Lapbelt'],0,0,Valid,0.0,0.0,79.0,79.0,['Male'],0,0,3,1,3,Dry,Curve,Level,Medium,No
31103,48,Texas,480115,0,2,2,0,3,BAYTOWN,January,1,Sunday,19,17,Urban,Medium Speed (Collector),No,29.77835278,-94.97986111,Non-Intersection,Dark - Not Lighted,"Fog, Smog, Smoke",7:00pm-7:59pm,17,7:00pm-7:59pm,24,7:00pm-7:59pm,48,1,Dark - Unlighted,Reduced Visibility,1,2,['Driver'],['None_Used'],0,0,Valid,0.0,1.0,26.0,20.0,"['Female', 'Male']",0,0,5,1,5,Wet/Standing Water,Straight,Level,Lowest,No
31104,48,Texas,480116,0,1,1,0,1,NOT APPLICABLE,January,11,Wednesday,13,57,Rural,Medium Speed (Collector),No,33.33283056,-95.39224444,Non-Intersection,Daylight,Cloudy,Unknown,Unknown,Unknown EMS Scene Arrival Hour,Unknown EMS Scene Arrival Minutes,Unknown,Unknown EMS Hospital Arrival Time,1,Daylight,Reduced Visibility,1,0,['Driver'],['None_Used'],0,0,Valid,0.0,0.0,73.0,73.0,['Male'],0,0,5,1,3,Dry,Curve,Level,Lowest,No
31105,48,Texas,480117,0,2,2,0,3,MESQUITE,January,17,Tuesday,3,37,Urban,High Speed (Arterial),Yes,32.80261111,-96.67103889,Non-Intersection,Dark - Not Lighted,Clear,Unknown,Unknown,Unknown EMS Scene Arrival Hour,Unknown EMS Scene Arrival Minutes,Unknown,Unknown EMS Hospital Arrival Time,2,Dark - Unlighted,Clear,2,1,"['Driver', 'Front_Passenger']","['None_Used', 'None_Used']",0,0,Valid,0.0,1.0,44.0,22.0,"['Male', 'Female']",0,0,4,4,5,Dry,Straight,Level,Lowest,No
31106,48,Texas,480118,0,2,2,0,2,SAN ANGELO,January,11,Wednesday,6,48,Urban,Medium Speed (Collector),No,31.47621111,-100.43224167,Non-Intersection,Dark - Not Lighted,Clear,Unknown,Unknown,Unknown EMS Scene Arrival Hour,Unknown EMS Scene Arrival Minutes,Unknown,Unknown EMS Hospital Arrival Time,1,Dark - Unlighted,Clear,1,1,['Driver'],['None_Used'],0,0,Valid,0.0,0.0,84.0,81.0,"['Male', 'Male']",1,0,5,2,5,Dry,Straight,Level,Lowest,No
31107,48,Texas,480119,0,4,4,0,8,EARLY,January,12,Thursday,17,46,Urban,High Speed (Arterial),Yes,31.74267778,-98.94500833,Complex/Circle,Daylight,Clear,Unknown,Unknown,Unknown EMS Scene Arrival Hour,Unknown EMS Scene Arrival Minutes,Unknown,Unknown EMS Hospital Arrival Time,1,Daylight,Clear,1,7,['Front_Passenger'],['Shoulder_Lapbelt'],0,0,Valid,1.0,0.0,53.0,25.0,"['Male', 'Female', 'Male', 'Female']",2,0,3,2,5,Dry,Straight,Level,Lowest,No
31108,48,Texas,480120,1,1,1,0,1,SAN ANTONIO,January,18,Wednesday,6,44,Urban,High Speed (Arterial),Yes,29.42764722,-98.40552778,Simple Junction,Dark - Lighted,Cloudy,Unknown,Unknown if Notified,Unknown EMS Scene Arrival Hour,Unknown if Arrived,Not Applicable (Not Transported),Not Applicable (Not Transported),1,Dark - Lighted,Reduced Visibility,0,0,[],[],0,0,Invalid,0.0,0.0,999.0,999.0,['Other'],0,0,1,1,4,Dry,Straight,Level,Lowest,No
31109,48,Texas,480121,0,2,2,0,2,SAN ANTONIO,January,17,Tuesday,15,21,Urban,Medium Speed (Collector),No,29.59014722,-98.60019722,Complex/Circle,Daylight,Clear,Unknown,Unknown,Unknown EMS Scene Arrival Hour,Unknown EMS Scene Arrival Minutes,Unknown,Unknown EMS Hospital Arrival Time,2,Daylight,Clear,2,0,"['Driver', 'Driver']","['None_Used', 'Shoulder_Lapbelt']",0,0,Invalid,0.0,0.0,63.0,25.0,"['Male', 'Male']",0,0,4,1,3,Dry,Straight,Level,Lowest,No
31110,48,Texas,480122,0,1,1,0,1,NOT APPLICABLE,January,1,Sunday,17,1,Rural,Medium Speed (Collector),No,33.66405833,-102.76571667,Non-Intersection,Daylight,Clear,Unknown,Unknown if Notified,Unknown EMS Scene Arrival Hour,Unknown if Arrived,Not Applicable (Not Transported),Not Applicable (Not Transported),1,Daylight,Clear,1,0,['Driver'],['None_Used'],1,1,Invalid,0.0,0.0,44.0,44.0,['Female'],0,0,3,1,3,Dry,Straight,Grade/Hillcrest,Medium,No
31111,48,Texas,480123,1,1,1,0,4,NOT APPLICABLE,January,15,Sunday,19,36,Rural,High Speed (Arterial),Yes,30.12822222,-97.44344722,Non-Intersection,Dark - Not Lighted,Clear,Unknown,Unknown if Notified,Unknown EMS Scene Arrival Hour,Unknown if Arrived,Not Applicable (Not Transported),Not Applicable (Not Transported),1,Dark - Unlighted,Clear,0,4,[],[],0,0,Valid,0.0,0.0,44.0,44.0,['Male'],0,0,3,3,4,Dry,Straight,Level,Lowest,No
31112,48,Texas,480124,0,2,2,0,2,NOT APPLICABLE,January,2,Monday,23,36,Urban,High Speed (Arterial),Yes,29.70673611,-95.01301667,Non-Intersection,Dark - Lighted,Clear,Unknown,Unknown if Notified,Unknown EMS Scene Arrival Hour,Unknown if Arrived,Not Applicable (Not Transported),Not Applicable (Not Transported),2,Dark - Lighted,Clear,2,0,"['Driver', 'Driver']","['None_Used', 'None_Used']",1,1,Valid,0.0,0.0,90.0,27.0,"['Male', 'Male']",0,0,3,1,5,Dry,Curve,Grade/Hillcrest,Lowest,No
31113,48,Texas,480125,0,1,1,0,1,NOT APPLICABLE,January,20,Friday,1,0,Rural,Low Speed (Local),No,34.81759722,-100.22302222,Non-Intersection,Dark - Lighted,Clear,Unknown,Unknown if Notified,Unknown EMS Scene Arrival Hour,Unknown if Arrived,Not Applicable (Not Transported),Not Applicable (Not Transported),1,Dark - Lighted,Clear,1,0,['Driver'],['None_Used'],1,1,Valid,0.0,0.0,57.0,57.0,['Male'],0,0,3,1,3,Dry,Straight,Level,Lowest,No
31114,48,Texas,480126,0,1,1,0,1,NOT APPLICABLE,January,20,Friday,23,48,Rural,Medium Speed (Collector),No,32.10049167,-96.60851111,Non-Intersection,Dark - Not Lighted,Cloudy,Unknown,Unknown if Notified,Unknown EMS Scene Arrival Hour,Unknown if Arrived,Not Applicable (Not Transported),Not Applicable (Not Transported),1,Dark - Unlighted,Reduced Visibility,1,0,['Driver'],['Shoulder_Lapbelt'],1,1,Valid,0.0,1.0,29.0,29.0,['Male'],0,0,2,1,3,Dry,Straight,Level,Medium,No
31115,48,Texas,480127,0,1,1,0,1,LANCASTER,January,19,Thursday,17,47,Urban,Medium Speed (Collector),No,32.56454444,-96.82198889,Non-Intersection,Daylight,Clear,Unknown,Unknown,Unknown EMS Scene Arrival Hour,Unknown EMS Scene Arrival Minutes,Unknown,Unknown EMS Hospital Arrival Time,1,Daylight,Clear,1,0,['Driver'],['Shoulder_Lapbelt'],1,1,Invalid,0.0,0.0,21.0,21.0,['Male'],0,0,3,1,3,Dry,Straight,Level,Lowest,No
31116,48,Texas,480128,0,1,1,0,1,DALLAS,January,21,Saturday,3,0,Urban,High Speed (Arterial),Yes,32.76603056,-96.91129722,Non-Intersection,Dark - Lighted,Clear,Unknown,Unknown if Notified,Unknown EMS Scene Arrival Hour,Unknown if Arrived,Not Applicable (Not Transported),Not Applicable (Not Transported),1,Dark - Lighted,Clear,1,0,['Driver'],['Shoulder_Lapbelt'],1,1,Valid,0.0,0.0,32.0,32.0,['Female'],0,0,2,1,3,Dry,Straight,Grade/Hillcrest,Lowest,No
31117,48,Texas,480129,1,1,1,0,1,AMARILLO,January,21,Saturday,20,3,Urban,Medium Speed (Collector),No,35.18599167,-101.81333333,Non-Intersection,Dark - Lighted,Cloudy,Unknown,Unknown if Notified,Unknown EMS Scene Arrival Hour,Unknown if Arrived,Not Applicable (Not Transported),Not Applicable (Not Transported),1,Dark - Lighted,Reduced Visibility,0,1,[],[],0,0,Valid,0.0,0.0,71.0,71.0,['Female'],0,0,2,2,4,Dry,Straight,Level,Lowest,No
31118,48,Texas,480130,0,3,3,0,5,NOT APPLICABLE,January,4,Wednesday,19,45,Urban,High Speed (Arterial),No,30.07410278,-95.51270556,Non-Intersection,Dark - Lighted,Clear,Unknown,Unknown,Unknown EMS Scene Arrival Hour,Unknown EMS Scene Arrival Minutes,Unknown,Unknown EMS Hospital Arrival Time,1,Dark - Lighted,Clear,1,4,['Rear_Seat'],['Child_Safety'],1,1,Invalid,0.0,0.0,36.0,21.0,"['Male', 'Female', 'Male']",1,0,3,2,5,Dry,Straight,Level,Lowest,No
31119,48,Texas,480131,0,1,1,0,1,NOT APPLICABLE,January,22,Sunday,16,34,Rural,Medium Speed (Collector),No,30.03208333,-95.84325,Non-Intersection,Daylight,Clear,Unknown,Unknown,Unknown EMS Scene Arrival Hour,Unknown EMS Scene Arrival Minutes,5:00pm-5:59pm,37,1,Daylight,Clear,1,0,['Driver'],['None_Used'],0,0,Valid,0.0,0.0,84.0,84.0,['Male'],0,0,2,1,3,Dry,Straight,Level,Lowest,No
31120,48,Texas,480132,1,1,1,0,1,NOT APPLICABLE,January,22,Sunday,18,54,Urban,Medium Speed (Collector),No,29.88943889,-95.38575,Non-Intersection,Dark - Not Lighted,Clear,Unknown,Unknown,Unknown EMS Scene Arrival Hour,Unknown EMS Scene Arrival Minutes,Unknown,Unknown EMS Hospital Arrival Time,1,Dark - Unlighted,Clear,0,0,[],[],0,0,Invalid,0.0,0.0,999.0,999.0,['Other'],0,0,1,0,4,Dry,Straight,Level,Lowest,No
31121,48,Texas,480133,0,1,1,0,1,NOT APPLICABLE,January,11,Wednesday,13,49,Rural,High Speed (Arterial),Yes,27.98124722,-98.0929,Non-Intersection,Daylight,Clear,Unknown,Unknown,Unknown EMS Scene Arrival Hour,Unknown EMS Scene Arrival Minutes,Not Applicable (Not Transported),Not Applicable (Not Transported),1,Daylight,Clear,1,0,['Driver'],['None_Used'],0,0,Valid,0.0,0.0,68.0,68.0,['Male'],0,0,4,4,3,Dry,Straight,Level,Lowest,No
31122,48,Texas,480134,0,2,2,0,4,NOT APPLICABLE,January,20,Friday,10,48,Rural,High Speed (Arterial),No,32.67061389,-95.57873889,Simple Junction,Daylight,Clear,Unknown,Unknown,Unknown EMS Scene Arrival Hour,Unknown EMS Scene Arrival Minutes,Unknown,Unknown EMS Hospital Arrival Time,1,Daylight,Clear,1,3,['Driver'],['Shoulder_Lapbelt'],0,0,Valid,0.0,0.0,89.0,23.0,"['Male', 'Male']",1,0,2,4,5,Dry,Straight,Level,Lowest,No
31123,48,Texas,480135,1,1,1,0,6,HOUSTON,January,1,Sunday,0,52,Urban,High Speed (Arterial),Yes,29.71125,-95.30968889,Non-Intersection,Dark - Lighted,"Fog, Smog, Smoke",Unknown,Unknown if Notified,Unknown EMS Scene Arrival Hour,Unknown if Arrived,Not Applicable (Not Transported),Not Applicable (Not Transported),1,Dark - Lighted,Reduced Visibility,0,6,[],[],0,0,Valid,0.0,0.0,35.0,35.0,['Female'],0,0,3,2,4,Wet/Standing Water,Straight,Level,Lowest,No
31124,48,Texas,480136,0,1,1,0,1,NOT APPLICABLE,January,21,Saturday,1,53,Rural,High Speed (Arterial),Yes,31.309425,-96.21489167,Non-Intersection,Dark - Not Lighted,Clear,Unknown,Unknown if Notified,Unknown EMS Scene Arrival Hour,Unknown if Arrived,Not Applicable (Not Transported),Not Applicable (Not Transported),1,Dark - Unlighted,Clear,1,0,['Driver'],['None_Used'],1,1,Valid,0.0,2.0,23.0,23.0,['Male'],0,0,3,1,3,Dry,Straight,Grade/Hillcrest,Lowest,No
31125,48,Texas,480137,0,2,2,0,2,NOT APPLICABLE,January,23,Monday,11,24,Rural,Medium Speed (Collector),No,28.74058333,-97.38598889,Non-Intersection,Daylight,Cloudy,Unknown,Unknown if Notified,Unknown EMS Scene Arrival Hour,Unknown if Arrived,Not Applicable (Not Transported),Not Applicable (Not Transported),1,Daylight,Reduced Visibility,1,1,['Driver'],['Shoulder_Lapbelt'],0,0,Valid,0.0,0.0,41.0,30.0,"['Male', 'Male']",1,0,4,1,5,Dry,Straight,Level,Lowest,No
31126,48,Texas,480138,0,1,1,0,4,MINERAL WELLS,January,22,Sunday,1,25,Rural,Medium Speed (Collector),No,32.78909722,-98.08193611,Non-Intersection,Dark - Not Lighted,Clear,Unknown,Unknown,Unknown EMS Scene Arrival Hour,Unknown EMS Scene Arrival Minutes,Unknown,Unknown EMS Hospital Arrival Time,1,Dark - Unlighted,Clear,1,3,['Rear_Seat'],['None_Used'],1,1,Invalid,0.0,0.0,19.0,19.0,['Male'],4,0,2,1,2,Dry,Curve,Level,Lowest,No
31127,48,Texas,480139,0,2,2,0,6,NOT APPLICABLE,January,22,Sunday,19,12,Urban,High Speed (Arterial),Yes,29.79034167,-95.05199722,Non-Intersection,Dark - Not Lighted,Clear,Unknown,Unknown,Unknown EMS Scene Arrival Hour,Unknown EMS Scene Arrival Minutes,Unknown,Unknown EMS Hospital Arrival Time,1,Dark - Unlighted,Clear,1,5,['Driver'],['None_Used'],1,1,Valid,0.0,0.0,37.0,30.0,"['Male', 'Male']",0,0,5,2,5,Dry,Curve,Level,Lowest,No
31128,48,Texas,480140,1,1,1,0,1,AUSTIN,January,13,Friday,10,17,Urban,Medium Speed (Collector),No,30.188575,-97.76545556,Non-Intersection,Daylight,Clear,Unknown,Unknown,Unknown EMS Scene Arrival Hour,Unknown EMS Scene Arrival Minutes,Unknown,Unknown EMS Hospital Arrival Time,1,Daylight,Clear,0,1,[],[],0,0,Valid,0.0,0.0,55.0,55.0,['Male'],0,0,3,2,4,Dry,Straight,Level,Lowest,No
31129,48,Texas,480141,0,1,1,0,1,NOT APPLICABLE,January,17,Tuesday,6,5,Rural,Medium Speed (Collector),No,26.48295556,-97.68796944,Non-Intersection,Dark - Not Lighted,"Fog, Smog, Smoke",Unknown,Unknown if Notified,Unknown EMS Scene Arrival Hour,Unknown if Arrived,Not Applicable (Not Transported),Not Applicable (Not Transported),1,Dark - Unlighted,Reduced Visibility,1,0,['Driver'],['Shoulder_Lapbelt'],0,0,Valid,0.0,0.0,72.0,72.0,['Female'],0,0,3,1,3,Dry,Straight,Level,Medium,No
31130,48,Texas,480142,0,1,1,0,1,WYLIE,January,15,Sunday,11,45,Urban,Medium Speed (Collector),No,32.98959444,-96.54258333,Non-Intersection,Daylight,Clear,Unknown,Unknown if Notified,Unknown EMS Scene Arrival Hour,Unknown if Arrived,Not Applicable (Not Transported),Not Applicable (Not Transported),1,Daylight,Clear,1,0,['Driver'],['None_Used'],0,0,Valid,0.0,0.0,40.0,40.0,['Male'],1,0,5,1,3,Dry,Curve,Level,Lowest,No
31131,48,Texas,480143,0,1,1,0,1,WHITESBORO,January,9,Monday,19,21,Rural,Medium Speed (Collector),No,33.653975,-96.89308056,Non-Intersection,Dark - Not Lighted,Clear,Unknown,Unknown,Unknown EMS Scene Arrival Hour,Unknown EMS Scene Arrival Minutes,Unknown,Unknown EMS Hospital Arrival Time,1,Dark - Unlighted,Clear,1,0,['Driver'],['None_Used'],0,0,Valid,1.0,0.0,53.0,53.0,['Male'],0,0,2,1,3,Dry,Curve,Grade/Hillcrest,Lowest,No
31132,48,Texas,480144,0,2,2,0,2,NOT APPLICABLE,January,14,Saturday,0,11,Rural,Medium Speed (Collector),No,31.91549444,-102.76353611,Non-Intersection,Dark - Not Lighted,Clear,Unknown,Unknown,Unknown EMS Scene Arrival Hour,Unknown EMS Scene Arrival Minutes,Unknown,Unknown EMS Hospital Arrival Time,1,Dark - Unlighted,Clear,1,1,['Driver'],['Shoulder_Lapbelt'],1,1,Valid,0.0,0.0,53.0,37.0,"['Male', 'Male']",0,0,4,1,5,Dry,Straight,Level,Lowest,No
31133,48,Texas,480145,0,2,2,0,2,DALLAS,January,4,Wednesday,8,59,Urban,High Speed (Arterial),No,32.909575,-96.83829167,Complex/Circle,Daylight,Clear,8:00am-8:59am,59,9:00am-9:59am,10,9:00am-9:59am,34,1,Daylight,Clear,1,1,['Driver'],['Shoulder_Lapbelt'],0,0,Invalid,0.0,0.0,56.0,44.0,"['Male', 'Male']",0,0,3,1,5,Dry,Straight,Level,Lowest,No
31134,48,Texas,480146,1,1,1,0,1,NOT APPLICABLE,January,17,Tuesday,18,15,Urban,Medium Speed (Collector),No,29.938125,-95.49808056,Non-Intersection,Dusk,Clear,Unknown,Unknown,Unknown EMS Scene Arrival Hour,Unknown EMS Scene Arrival Minutes,Unknown,Unknown EMS Hospital Arrival Time,1,Twilight,Clear,0,1,[],[],0,0,Valid,0.0,0.0,22.0,22.0,['Male'],0,0,3,2,4,Dry,Straight,Level,Lowest,No
31135,48,Texas,480147,0,1,1,0,1,CARROLLTON,January,21,Saturday,2,45,Urban,Medium Speed (Collector),No,32.98099167,-96.85576667,Non-Intersection,Dark - Lighted,Clear,Unknown,Unknown if Notified,Unknown EMS Scene Arrival Hour,Unknown if Arrived,Not Applicable (Not Transported),Not Applicable (Not Transported),1,Dark - Lighted,Clear,1,0,['Driver'],['None_Used'],1,1,Valid,0.0,0.0,50.0,50.0,['Female'],1,0,3,1,3,Dry,Curve,Level,Lowest,No
31136,48,Texas,480148,1,1,1,0,1,LAREDO,January,9,Monday,19,45,Urban,High Speed (Arterial),No,27.53746111,-99.48435,Non-Intersection,Dark - Lighted,Clear,Unknown,Unknown,Unknown EMS Scene Arrival Hour,Unknown EMS Scene Arrival Minutes,Unknown,Unknown EMS Hospital Arrival Time,1,Dark - Lighted,Clear,0,1,[],[],0,0,Valid,0.0,0.0,31.0,31.0,['Male'],0,0,3,2,4,Dry,Straight,Level,Lowest,No