,State_Code,State_Name,Crash_ID,Count_Non_Motorists,Count_Vehicles_Total,Count_Vehicle_Forms,Count_PVH_Involved,Count_Occupants_MV,City_Name,Month_Name,Day_of_Month,Day_of_Week,Crash_Hour,Crash_Minute,Area_Rural_Urban,Road_Functional_Class,On_NHS_Road,Latitude,Longitude,Intersection_Type,Light_Condition,Weather_Condition,Notif_Hour,Notif_Minute,Arrival_Hour,Arrival_Minute,Hospital_Hour,Hospital_Minute,Fatalities_Count,Clean_Light_Condition,Clean_Weather_Condition,Total_Killed,Total_Alive,Fatal_Seats_List,Killed_Restraint_List,Any_Driver_Drinking,Total_Drinking_Drivers,Driver_License_Category,Driver_Max_Prev_Accident_Count,Driver_Max_Prev_Speeding_Count,Max_Driver_Age,Min_Driver_Age,Driver_Sex_List,Total_Exceeding_Limit_Vehicles,Total_Too_Fast_Vehicles,Max_Vehicle_Type_Severity_5,Max_Vehicle_Damage_Rank,Max_Harmful_Event_Severity,Crash_Road_Surface_Condition,Crash_Horizontal_Alignment,Crash_Vertical_Profile,Crash_Impairment_Category,Crash_Vehicle_Defect
31137,48,Texas,480149,1,1,1,0,1,LA MARQUE,January,23,Monday,19,55,Urban,High Speed (Arterial),Yes,29.37040833,-94.96045278,Non-Intersection,Dark - Lighted,Clear,Unknown,Unknown if Notified,Unknown EMS Scene Arrival Hour,Unknown if Arrived,Not Applicable (Not Transported),Not Applicable (Not Transported),1,Dark - Lighted,Clear,0,0,[],[],0,0,Invalid,0.0,0.0,999.0,999.0,['Other'],0,0,2,1,4,Dry,Straight,Level,Lowest,No
31138,48,Texas,480150,0,2,2,0,2,NOT APPLICABLE,January,11,Wednesday,14,50,Rural,High Speed (Arterial),Yes,30.78947778,-96.97249444,Simple Junction,Daylight,Clear,Unknown,Unknown,Unknown EMS Scene Arrival Hour,Unknown EMS Scene Arrival Minutes,Unknown,Unknown EMS Hospital Arrival Time,1,Daylight,Clear,1,1,['Driver'],['Shoulder_Lapbelt'],0,0,Valid,1.0,0.0,93.0,48.0,"['Male', 'Male']",0,0,4,4,5,Dry,Curve,Grade/Hillcrest,Lowest,No
31139,48,Texas,480151,1,3,3,0,2,DALLAS,January,15,Sunday,22,23,Urban,High Speed (Arterial),Yes,32.76603333,-96.91834167,Non-Intersection,Dark - Lighted,Clear,Unknown,Unknown,Unknown EMS Scene Arrival Hour,Unknown EMS Scene Arrival Minutes,Unknown,Unknown EMS Hospital Arrival Time,1,Dark - Lighted,Clear,0,2,[],[],0,0,Invalid,0.0,0.0,44.0,26.0,"['Female', 'Female']",0,0,3,2,5,Dry,Straight,Level,Lowest,Yes
31140,48,Texas,480152,0,1,1,0,1,NOT APPLICABLE,January,17,Tuesday,1,10,Rural,High Speed (Arterial),Yes,31.99849444,-96.42993333,Non-Intersection,Dark - Not Lighted,Clear,Unknown,Unknown if Notified,Unknown EMS Scene Arrival Hour,Unknown if Arrived,Not Applicable (Not Transported),Not Applicable (Not Transported),1,Dark - Unlighted,Clear,1,0,['Driver'],['None_Used'],0,0,Valid,0.0,1.0,31.0,31.0,['Male'],0,0,3,1,3,Dry,Straight,Level,Medium,No
31141,48,Texas,480153,0,3,3,0,4,NOT APPLICABLE,January,15,Sunday,16,4,Rural,Medium Speed (Collector),No,31.97153056,-96.09018056,Simple Junction,Daylight,Clear,Unknown,Unknown if Notified,Unknown EMS Scene Arrival Hour,Unknown if Arrived,Not Applicable (Not Transported),Not Applicable (Not Transported),1,Daylight,Clear,1,3,['Driver'],['Shoulder_Lapbelt'],0,0,Valid,2.0,0.0,55.0,43.0,"['Male', 'Male', 'Female']",2,0,3,3,5,Dry,Straight,Level,Lowest,No
31142,48,Texas,480154,0,1,1,0,1,RICHARDSON,January,12,Thursday,1,35,Urban,High Speed (Arterial),No,32.97413611,-96.69372778,Non-Intersection,Dark - Lighted,Clear,Unknown,Unknown,Unknown EMS Scene Arrival Hour,Unknown EMS Scene Arrival Minutes,Unknown,Unknown EMS Hospital Arrival Time,1,Dark - Lighted,Clear,1,0,['Driver'],['None_Used'],1,1,Invalid,3.0,1.0,31.0,31.0,['Male'],0,0,5,1,2,Dry,Curve,Level,Lowest,No
31143,48,Texas,480155,0,1,1,0,1,NOT APPLICABLE,January,15,Sunday,21,52,Urban,High Speed (Arterial),Yes,29.71186111,-98.66055278,Non-Intersection,Dark - Not Lighted,Clear,Unknown,Unknown,Unknown EMS Scene Arrival Hour,Unknown EMS Scene Arrival Minutes,Unknown,Unknown EMS Hospital Arrival Time,1,Dark - Unlighted,Clear,1,0,['Driver'],['None_Used'],1,1,Valid,0.0,0.0,29.0,29.0,['Male'],1,0,2,1,3,Dry,Straight,Level,Lowest,No
31144,48,Texas,480156,0,2,2,0,2,NOT APPLICABLE,January,21,Saturday,6,27,Rural,High Speed (Arterial),Yes,29.13427778,-97.27534722,Non-Intersection,Dark - Not Lighted,Clear,Unknown,Unknown if Notified,Unknown EMS Scene Arrival Hour,Unknown if Arrived,Not Applicable (Not Transported),Not Applicable (Not Transported),1,Dark - Unlighted,Clear,1,1,['Driver'],['Shoulder_Lapbelt'],0,0,Valid,0.0,0.0,43.0,38.0,"['Male', 'Female']",0,0,4,4,5,Dry,Curve,Grade/Hillcrest,Medium,No
31145,48,Texas,480157,1,1,1,0,1,FORT WORTH,January,4,Wednesday,7,40,Urban,High Speed (Arterial),Yes,32.74454722,-97.32714444,Non-Intersection,Daylight,Clear,Unknown,Unknown if Notified,Unknown EMS Scene Arrival Hour,Unknown if Arrived,Not Applicable (Not Transported),Not Applicable (Not Transported),1,Daylight,Clear,0,0,[],[],0,0,Invalid,0.0,0.0,999.0,999.0,['Other'],0,0,1,0,4,Dry,Straight,Level,Lowest,No
31146,48,Texas,480158,0,2,2,0,2,LOS INDIOS,January,11,Wednesday,10,0,Urban,High Speed (Arterial),Yes,26.04604444,-97.71192222,Simple Junction,Daylight,Clear,Unknown,Unknown if Notified,Unknown EMS Scene Arrival Hour,Unknown if Arrived,Not Applicable (Not Transported),Not Applicable (Not Transported),1,Daylight,Clear,1,1,['Driver'],['Shoulder_Lapbelt'],0,0,Valid,0.0,0.0,75.0,57.0,"['Male', 'Male']",0,0,4,2,5,Dry,Straight,Level,Lowest,No
31147,48,Texas,480159,1,1,1,0,2,TYLER,January,6,Friday,19,18,Urban,High Speed (Arterial),Yes,32.37815556,-95.33181667,Non-Intersection,Dark - Not Lighted,Clear,Unknown,Unknown,Unknown EMS Scene Arrival Hour,Unknown EMS Scene Arrival Minutes,Unknown,Unknown EMS Hospital Arrival Time,1,Dark - Unlighted,Clear,0,2,[],[],0,0,Valid,0.0,3.0,36.0,36.0,['Male'],0,0,3,2,4,Dry,Straight,Grade/Hillcrest,Lowest,No
31148,48,Texas,480160,0,1,1,0,2,NOT APPLICABLE,January,22,Sunday,17,25,Rural,Low Speed (Local),No,29.826875,-94.95227778,Non-Intersection,Daylight,Clear,Unknown,Unknown if Notified,Unknown EMS Scene Arrival Hour,Unknown if Arrived,Not Applicable (Not Transported),Not Applicable (Not Transported),1,Daylight,Clear,1,1,['Front_Passenger'],['None_Used'],1,1,Valid,0.0,0.0,59.0,59.0,['Female'],0,0,3,2,3,Dry,Straight,Level,Lowest,No
31149,48,Texas,480161,0,1,1,0,1,DALLAS,January,15,Sunday,2,28,Urban,Medium Speed (Collector),No,32.99029444,-96.82874722,Simple Junction,Dark - Lighted,Clear,Unknown,Unknown,Unknown EMS Scene Arrival Hour,Unknown EMS Scene Arrival Minutes,Unknown,Unknown EMS Hospital Arrival Time,1,Dark - Lighted,Clear,1,0,['Driver'],['None_Used'],1,1,Valid,1.0,0.0,25.0,25.0,['Female'],1,0,3,1,3,Dry,Curve,Level,Lowest,No
31150,48,Texas,480162,1,1,1,0,2,GARLAND,January,22,Sunday,20,53,Urban,High Speed (Arterial),No,32.87782778,-96.62039167,Simple Junction,Dark - Lighted,Clear,Unknown,Unknown if Notified,Unknown EMS Scene Arrival Hour,Unknown if Arrived,Not Applicable (Not Transported),Not Applicable (Not Transported),1,Dark - Lighted,Clear,0,2,[],[],0,0,Valid,1.0,0.0,29.0,29.0,['Female'],0,0,2,2,4,Dry,Straight,Level,Lowest,No
31151,48,Texas,480163,0,5,5,0,5,DALLAS,January,4,Wednesday,16,29,Urban,High Speed (Arterial),Yes,32.92467222,-96.78526111,Non-Intersection,Daylight,Clear,Unknown,Unknown if Notified,Unknown EMS Scene Arrival Hour,Unknown if Arrived,Not Applicable (Not Transported),Not Applicable (Not Transported),1,Daylight,Clear,1,4,['Driver'],['Shoulder_Lapbelt'],0,0,Valid,0.0,0.0,60.0,23.0,"['Male', 'Male', 'Male', 'Female', 'Female']",0,0,4,2,5,Dry,Straight,Level,Lowest,No
31152,48,Texas,480164,0,1,1,0,4,NOT APPLICABLE,January,8,Sunday,3,59,Rural,Medium Speed (Collector),No,34.52696389,-101.72122222,Non-Intersection,Dark - Not Lighted,Clear,Unknown,Unknown,Unknown EMS Scene Arrival Hour,Unknown EMS Scene Arrival Minutes,Unknown,Unknown EMS Hospital Arrival Time,1,Dark - Unlighted,Clear,1,3,['Rear_Seat'],['None_Used'],1,1,Invalid,0.0,0.0,16.0,16.0,['Male'],0,0,2,1,3,Dry,Straight,Level,Lowest,No
31153,48,Texas,480165,0,2,2,0,3,CORPUS CHRISTI,January,13,Friday,19,33,Urban,High Speed (Arterial),No,27.75723889,-97.37764722,Simple Junction,Dark - Lighted,Clear,Unknown,Unknown if Notified,Unknown EMS Scene Arrival Hour,Unknown if Arrived,Not Applicable (Not Transported),Not Applicable (Not Transported),1,Dark - Lighted,Clear,1,2,['Driver'],['None_Used'],0,0,Valid,0.0,1.0,53.0,27.0,"['Male', 'Male']",1,0,5,1,5,Dry,Straight,Level,Lowest,No
31154,48,Texas,480166,0,2,2,0,2,NOT APPLICABLE,January,18,Wednesday,12,50,Rural,High Speed (Arterial),Yes,32.41832222,-98.73815833,Complex/Circle,Daylight,Clear,Unknown,Unknown,Unknown EMS Scene Arrival Hour,Unknown EMS Scene Arrival Minutes,Unknown,Unknown EMS Hospital Arrival Time,1,Daylight,Clear,1,1,['Driver'],['None_Used'],0,0,Invalid,0.0,0.0,63.0,35.0,"['Male', 'Female']",0,0,5,2,5,Dry,Straight,Level,Lowest,Yes
31155,48,Texas,480167,0,1,1,0,1,EL PASO,January,15,Sunday,1,56,Urban,Low Speed (Local),No,31.76835556,-106.405175,Non-Intersection,Dark - Lighted,Clear,Unknown,Unknown if Notified,Unknown EMS Scene Arrival Hour,Unknown if Arrived,Not Applicable (Not Transported),Not Applicable (Not Transported),1,Dark - Lighted,Clear,1,0,['Driver'],['None_Used'],1,1,Invalid,0.0,0.0,59.0,59.0,['Male'],0,0,3,1,3,Dry,Curve,Level,Lowest,No
31156,48,Texas,480168,0,2,2,0,3,NOT APPLICABLE,January,20,Friday,6,56,Rural,High Speed (Arterial),Yes,35.86573611,-102.02604167,Non-Intersection,Dark - Not Lighted,Clear,6:00am-6:59am,56,7:00am-7:59am,5,7:00am-7:59am,18,1,Dark - Unlighted,Clear,1,2,['Driver'],['None_Used'],0,0,Invalid,0.0,1.0,42.0,33.0,"['Male', 'Female']",0,0,5,1,5,Dry,Straight,Level,Lowest,No
31157,48,Texas,480169,5,5,1,4,1,NOT APPLICABLE,January,10,Tuesday,22,46,Rural,High Speed (Arterial),No,30.641375,-96.51831389,Non-Intersection,Dark - Not Lighted,Clear,Unknown,Unknown,Unknown EMS Scene Arrival Hour,Unknown EMS Scene Arrival Minutes,Unknown,Unknown EMS Hospital Arrival Time,1,Dark - Unlighted,Clear,0,1,[],[],0,0,Valid,1.0,0.0,32.0,32.0,['Male'],1,0,4,1,5,Dry,Straight,Level,Lowest,No
31158,48,Texas,480171,0,2,2,0,4,ROUND ROCK,January,23,Monday,15,17,Urban,High Speed (Arterial),Yes,30.51738333,-97.66086667,Non-Intersection,Daylight,Clear,Unknown,Unknown,Unknown EMS Scene Arrival Hour,Unknown EMS Scene Arrival Minutes,Unknown,Unknown EMS Hospital Arrival Time,1,Daylight,Clear,1,3,['Front_Passenger'],['Shoulder_Lapbelt'],0,0,Valid,0.0,0.0,72.0,18.0,"['Male', 'Male']",2,0,2,1,5,Dry,Curve,Level,Lowest,No
31159,48,Texas,480172,0,2,2,0,2,NOT APPLICABLE,January,14,Saturday,17,45,Urban,Medium Speed (Collector),No,28.93710833,-98.56058056,Simple Junction,Daylight,Clear,Unknown,Unknown,Unknown EMS Scene Arrival Hour,Unknown EMS Scene Arrival Minutes,Unknown,Unknown EMS Hospital Arrival Time,1,Daylight,Clear,1,1,['Driver'],['Shoulder_Lapbelt'],0,0,Valid,1.0,0.0,64.0,33.0,"['Female', 'Male']",0,0,4,2,5,Dry,Straight,Level,Lowest,No
31160,48,Texas,480173,1,1,1,0,1,HOUSTON,January,25,Wednesday,19,5,Urban,Medium Speed (Collector),No,29.6887,-95.5686,Non-Intersection,Dark - Lighted,Cloudy,Unknown,Unknown,Unknown EMS Scene Arrival Hour,Unknown EMS Scene Arrival Minutes,Unknown,Unknown EMS Hospital Arrival Time,1,Dark - Lighted,Reduced Visibility,0,0,[],[],0,0,Invalid,0.0,0.0,999.0,999.0,['Other'],0,0,1,1,4,Dry,Straight,Level,Lowest,No
31161,48,Texas,480174,1,2,2,0,2,UNIVERSAL CITY,January,18,Wednesday,3,50,Urban,High Speed (Arterial),Yes,29.54585833,-98.28401111,Non-Intersection,Dark - Not Lighted,Clear,Unknown,Unknown if Notified,Unknown EMS Scene Arrival Hour,Unknown if Arrived,Not Applicable (Not Transported),Not Applicable (Not Transported),1,Dark - Unlighted,Clear,0,2,[],[],0,0,Valid,0.0,0.0,45.0,32.0,"['Female', 'Male']",0,0,3,2,4,Dry,Straight,Level,Lowest,No
31162,48,Texas,480176,1,1,1,0,1,HOUSTON,January,4,Wednesday,21,1,Urban,High Speed (Arterial),No,29.65841389,-95.46404167,Non-Intersection,Dark - Not Lighted,Clear,Unknown,Unknown if Notified,Unknown EMS Scene Arrival Hour,Unknown if Arrived,Not Applicable (Not Transported),Not Applicable (Not Transported),1,Dark - Unlighted,Clear,0,1,[],[],0,0,Valid,1.0,0.0,23.0,23.0,['Male'],0,0,2,1,4,Dry,Straight,Level,Lowest,No
31163,48,Texas,480177,0,2,2,0,2,NOT APPLICABLE,January,15,Sunday,16,10,Urban,Medium Speed (Collector),No,33.91962222,-98.56901389,Non-Intersection,Daylight,Clear,Unknown,Unknown,Unknown EMS Scene Arrival Hour,Unknown EMS Scene Arrival Minutes,Unknown,Unknown EMS Hospital Arrival Time,1,Daylight,Clear,1,1,['Driver'],['None_Used'],0,0,Valid,1.0,3.0,63.0,25.0,"['Male', 'Male']",1,0,5,1,5,Dry,Curve,Level,Lowest,No
31164,48,Texas,480178,0,2,2,0,8,NOT APPLICABLE,January,22,Sunday,18,19,Rural,Medium Speed (Collector),No,29.777675,-98.21664722,Non-Intersection,Dusk,Clear,Unknown,Unknown,Unknown EMS Scene Arrival Hour,Unknown EMS Scene Arrival Minutes,Unknown,Unknown EMS Hospital Arrival Time,7,Twilight,Clear,7,1,"['Driver', 'Front_Passenger', 'Driver', 'Front_Passenger', 'Rear_Seat', 'Rear_Seat', 'Rear_Seat']","['Shoulder_Lapbelt', 'Shoulder_Lapbelt', 'Shoulder_Lapbelt', 'Shoulder_Lapbelt', 'Shoulder_Lapbelt', 'Shoulder_Lapbelt', 'Shoulder_Lapbelt']",1,1,Invalid,0.0,0.0,39.0,26.0,"['Male', 'Male']",0,0,3,1,5,Dry,Straight,Level,Lowest,No
31165,48,Texas,480179,0,1,1,0,4,FORT WORTH,January,22,Sunday,23,16,Urban,High Speed (Arterial),No,32.75895556,-97.34586944,Complex/Circle,Dark - Lighted,Clear,Unknown,Unknown,Unknown EMS Scene Arrival Hour,Unknown EMS Scene Arrival Minutes,Unknown,Unknown EMS Hospital Arrival Time,2,Dark - Lighted,Clear,2,2,"['Driver', 'Rear_Seat']","['None_Used', 'None_Used']",0,0,Invalid,0.0,0.0,24.0,24.0,['Female'],4,0,2,1,3,Dry,Curve,Level,Lowest,No
31166,48,Texas,480180,0,2,2,0,2,NOT APPLICABLE,January,14,Saturday,12,14,Rural,Medium Speed (Collector),No,28.72689167,-96.36639444,Complex/Circle,Daylight,Clear,Unknown,Unknown,Unknown EMS Scene Arrival Hour,Unknown EMS Scene Arrival Minutes,Unknown,Unknown EMS Hospital Arrival Time,2,Daylight,Clear,2,0,"['Driver', 'Driver']","['None_Used', 'Shoulder_Lapbelt']",0,0,Valid,0.0,0.0,85.0,64.0,"['Male', 'Female']",0,0,3,1,5,Dry,Straight,Level,Lowest,No
31167,48,Texas,480181,0,2,2,0,2,NOT APPLICABLE,January,26,Thursday,1,14,Rural,Medium Speed (Collector),No,30.21846389,-97.47885833,Non-Intersection,Dark - Not Lighted,Clear,Unknown,Unknown,Unknown EMS Scene Arrival Hour,Unknown EMS Scene Arrival Minutes,Unknown,Unknown EMS Hospital Arrival Time,1,Dark - Unlighted,Clear,1,1,['Driver'],['Shoulder_Lapbelt'],0,0,Valid,1.0,0.0,41.0,26.0,"['Male', 'Female']",0,0,3,1,5,Dry,Curve,Level,Lowest,No
31168,48,Texas,480182,0,1,1,0,1,NOT APPLICABLE,January,24,Tuesday,0,38,Urban,High Speed (Arterial),Yes,30.16274167,-97.65253611,Non-Intersection,Dark - Not Lighted,Cloudy,Unknown,Unknown if Notified,Unknown EMS Scene Arrival Hour,Unknown if Arrived,Not Applicable (Not Transported),Not Applicable (Not Transported),1,Dark - Unlighted,Reduced Visibility,1,0,['Driver'],['Shoulder_Lapbelt'],1,1,Valid,1.0,3.0,53.0,53.0,['Male'],1,0,2,4,3,Dry,Straight,Grade/Hillcrest,Lowest,No
31169,48,Texas,480183,0,1,1,0,2,NOT APPLICABLE,January,24,Tuesday,7,45,Rural,High Speed (Arterial),Yes,29.03077778,-98.43299444,Non-Intersection,Daylight,Rain,Unknown,Unknown,Unknown EMS Scene Arrival Hour,Unknown EMS Scene Arrival Minutes,Unknown,Unknown EMS Hospital Arrival Time,1,Daylight,Rain/Wind/Minor,1,1,['Driver'],['Shoulder_Lapbelt'],0,0,Valid,0.0,0.0,67.0,67.0,['Male'],2,0,3,1,3,Wet/Standing Water,Curve,Level,Lowest,No
31170,48,Texas,480184,1,3,3,0,7,BALCONES HEIGHTS,January,18,Wednesday,20,8,Urban,High Speed (Arterial),Yes,29.49208611,-98.54703889,Non-Intersection,Dark - Not Lighted,Clear,Unknown,Unknown if Notified,Unknown EMS Scene Arrival Hour,Unknown if Arrived,Not Applicable (Not Transported),Not Applicable (Not Transported),1,Dark - Unlighted,Clear,0,7,[],[],0,0,Valid,1.0,0.0,64.0,25.0,"['Female', 'Female', 'Male']",0,0,3,1,4,Dry,Straight,Level,Lowest,No
31171,48,Texas,480185,0,2,2,0,5,SAN ANTONIO,January,29,Sunday,15,34,Urban,High Speed (Arterial),Yes,29.50359444,-98.55020833,Non-Intersection,Daylight,Clear,Unknown,Unknown,Unknown EMS Scene Arrival Hour,Unknown EMS Scene Arrival Minutes,Unknown,Unknown EMS Hospital Arrival Time,1,Daylight,Clear,1,3,['Driver'],['Shoulder_Lapbelt'],0,0,Invalid,0.0,0.0,999.0,37.0,"['Other', 'Female']",1,0,5,1,5,Dry,Straight,Level,Lowest,No
31172,48,Texas,480186,0,1,1,0,1,NOT APPLICABLE,January,23,Monday,20,40,Rural,Medium Speed (Collector),No,31.80271667,-95.62213611,Non-Intersection,Dark - Not Lighted,Clear,Unknown,Unknown if Notified,Unknown EMS Scene Arrival Hour,Unknown if Arrived,Not Applicable (Not Transported),Not Applicable (Not Transported),1,Dark - Unlighted,Clear,1,0,['Driver'],['None_Used'],1,1,Invalid,0.0,0.0,17.0,17.0,['Male'],1,0,3,1,3,Dry,Curve,Grade/Hillcrest,Lowest,No
31173,48,Texas,480187,1,2,2,0,2,NOT APPLICABLE,January,29,Sunday,19,39,Urban,Medium Speed (Collector),No,30.38618611,-94.17495556,Non-Intersection,Dark - Not Lighted,Rain,Unknown,Unknown,Unknown EMS Scene Arrival Hour,Unknown EMS Scene Arrival Minutes,Unknown,Unknown EMS Hospital Arrival Time,1,Dark - Unlighted,Rain/Wind/Minor,0,1,[],[],0,0,Valid,2.0,0.0,999.0,25.0,"['Male', 'Other']",0,0,3,1,4,Wet/Standing Water,Straight,Level,Lowest,No
31174,48,Texas,480188,0,4,4,0,6,HARLINGEN,January,20,Friday,14,22,Urban,Medium Speed (Collector),Yes,26.191675,-97.61785278,Non-Intersection,Daylight,Rain,Unknown,Unknown,Unknown EMS Scene Arrival Hour,Unknown EMS Scene Arrival Minutes,Unknown,Unknown EMS Hospital Arrival Time,2,Daylight,Rain/Wind/Minor,2,4,"['Driver', 'Driver']","['Shoulder_Lapbelt', 'Shoulder_Lapbelt']",0,0,Invalid,0.0,1.0,65.0,25.0,"['Male', 'Female', 'Male', 'Male']",1,0,4,1,5,Wet/Standing Water,Curve,Level,Lowest,No
31175,48,Texas,480189,0,2,2,0,2,MIDLAND,January,26,Thursday,22,47,Urban,High Speed (Arterial),Yes,32.01928889,-102.15533333,Non-Intersection,Dark - Lighted,Clear,Unknown,Unknown,Unknown EMS Scene Arrival Hour,Unknown EMS Scene Arrival Minutes,Unknown,Unknown EMS Hospital Arrival Time,1,Dark - Lighted,Clear,1,1,['Driver'],['Shoulder_Lapbelt'],1,1,Valid,0.0,0.0,37.0,33.0,"['Male', 'Male']",0,0,3,1,5,Dry,Straight,Level,Lowest,No
31176,48,Texas,480190,0,2,2,0,6,MISSION,January,16,Monday,1,1,Urban,High Speed (Arterial),Yes,26.229525,-98.31309722,Complex/Circle,Dark - Lighted,Clear,Unknown,Unknown,Unknown EMS Scene Arrival Hour,Unknown EMS Scene Arrival Minutes,Unknown,Unknown EMS Hospital Arrival Time,1,Dark - Lighted,Clear,1,5,['Rear_Seat'],['None_Used'],0,0,Valid,0.0,0.0,43.0,19.0,"['Male', 'Male']",0,0,3,4,5,Dry,Straight,Level,Lowest,No
31177,48,Texas,480191,0,2,2,0,4,NOT APPLICABLE,January,17,Tuesday,18,23,Rural,High Speed (Arterial),No,30.760875,-98.27161389,Simple Junction,Dark - Not Lighted,Clear,Unknown,Unknown if Notified,Unknown EMS Scene Arrival Hour,Unknown if Arrived,Not Applicable (Not Transported),Not Applicable (Not Transported),1,Dark - Unlighted,Clear,1,3,['Driver'],['None_Used'],1,1,Valid,0.0,0.0,50.0,32.0,"['Female', 'Male']",3,0,5,2,5,Dry,Straight,Level,Lowest,No
31178,48,Texas,480192,0,2,2,0,3,CORRIGAN,January,20,Friday,13,32,Rural,High Speed (Arterial),Yes,31.01005,-94.82478611,Simple Junction,Daylight,Rain,Unknown,Unknown,Unknown EMS Scene Arrival Hour,Unknown EMS Scene Arrival Minutes,Unknown,Unknown EMS Hospital Arrival Time,2,Daylight,Rain/Wind/Minor,2,1,"['Driver', 'Front_Passenger']","['Shoulder_Lapbelt', 'Shoulder_Lapbelt']",0,0,Valid,0.0,0.0,68.0,18.0,"['Male', 'Male']",0,0,4,1,5,Dry,Straight,Level,Lowest,No
31179,48,Texas,480193,0,2,2,0,2,NOT APPLICABLE,January,25,Wednesday,21,24,Rural,Medium Speed (Collector),No,35.93751944,-101.92866111,Non-Intersection,Dark - Not Lighted,Clear,9:00pm-9:59pm,21,9:00pm-9:59pm,28,9:00pm-9:59pm,54,1,Dark - Unlighted,Clear,1,1,['Driver'],['None_Used'],1,1,Invalid,0.0,0.0,47.0,18.0,"['Male', 'Female']",0,0,3,1,5,Dry,Straight,Non-Trafficway,Lowest,No
31180,48,Texas,480194,0,1,1,0,1,NOT APPLICABLE,January,22,Sunday,2,20,Urban,High Speed (Arterial),Yes,31.0504,-97.48745,Non-Intersection,Dark - Not Lighted,Clear,Unknown,Unknown if Notified,Unknown EMS Scene Arrival Hour,Unknown if Arrived,Not Applicable (Not Transported),Not Applicable (Not Transported),1,Dark - Unlighted,Clear,1,0,['Driver'],['None_Used'],1,1,Invalid,0.0,0.0,21.0,21.0,['Male'],0,0,3,1,3,Dry,Straight,Level,Lowest,No
31181,48,Texas,480195,0,1,1,0,4,NOT APPLICABLE,January,21,Saturday,11,50,Rural,High Speed (Arterial),Yes,30.97899722,-95.89626667,Non-Intersection,Daylight,Rain,Unknown,Unknown,Unknown EMS Scene Arrival Hour,Unknown EMS Scene Arrival Minutes,Unknown,Unknown EMS Hospital Arrival Time,1,Daylight,Rain/Wind/Minor,1,3,['Rear_Seat'],['None_Used'],0,0,Invalid,0.0,0.0,77.0,77.0,['Male'],0,0,3,1,3,Wet/Standing Water,Straight,Grade/Hillcrest,Medium,No
31182,48,Texas,480196,0,2,2,0,4,NOT APPLICABLE,January,29,Sunday,9,35,Rural,High Speed (Arterial),No,30.33118611,-96.91320833,Non-Intersection,Daylight,Rain,Unknown,Unknown,Unknown EMS Scene Arrival Hour,Unknown EMS Scene Arrival Minutes,Unknown,Unknown EMS Hospital Arrival Time,2,Daylight,Rain/Wind/Minor,2,2,"['Driver', 'Front_Passenger']","['Shoulder_Lapbelt', 'Shoulder_Lapbelt']",0,0,Valid,0.0,0.0,66.0,62.0,"['Male', 'Male']",2,0,3,1,5,Wet/Standing Water,Straight,Level,Lowest,No
31183,48,Texas,480197,0,2,2,0,5,EL PASO,January,8,Sunday,3,27,Urban,High Speed (Arterial),Yes,31.781575,-106.41444444,Non-Intersection,Dark - Lighted,Clear,3:00am-3:59am,27,3:00am-3:59am,33,3:00am-3:59am,52,1,Dark - Lighted,Clear,1,4,['Driver'],['None_Used'],0,0,Invalid,0.0,1.0,61.0,23.0,"['Male', 'Male']",3,0,4,3,5,Dry,Curve,Level,Lowest,No
31184,48,Texas,480198,0,1,1,0,1,NOT APPLICABLE,January,29,Sunday,4,0,Rural,Medium Speed (Collector),No,33.47889167,-94.19223889,Non-Intersection,Dark - Not Lighted,Rain,Unknown,Unknown if Notified,Unknown EMS Scene Arrival Hour,Unknown if Arrived,Not Applicable (Not Transported),Not Applicable (Not Transported),1,Dark - Unlighted,Rain/Wind/Minor,1,0,['Driver'],['None_Used'],1,1,Invalid,0.0,1.0,22.0,22.0,['Male'],0,0,5,1,3,Wet/Standing Water,Straight,Level,Lowest,No
31185,48,Texas,480199,1,1,1,0,1,LIVINGSTON,January,29,Sunday,10,50,Urban,High Speed (Arterial),Yes,30.71098056,-94.93284167,Simple Junction,Daylight,Rain,Unknown,Unknown,Unknown EMS Scene Arrival Hour,Unknown EMS Scene Arrival Minutes,Unknown,Unknown EMS Hospital Arrival Time,1,Daylight,Rain/Wind/Minor,0,1,[],[],0,0,Valid,1.0,0.0,36.0,36.0,['Male'],0,0,3,2,4,Wet/Standing Water,Straight,Level,Lowest,No
31186,48,Texas,480200,0,1,1,0,1,HOUSTON,January,26,Thursday,17,55,Urban,High Speed (Arterial),Yes,29.72234167,-95.49286111,Non-Intersection,Dark - Lighted,Clear,Unknown,Unknown,Unknown EMS Scene Arrival Hour,Unknown EMS Scene Arrival Minutes,Not Applicable (Not Transported),Not Applicable (Not Transported),1,Dark - Lighted,Clear,1,0,['Driver'],['None_Used'],0,0,Invalid,0.0,0.0,20.0,20.0,['Male'],1,0,5,1,3,Dry,Curve,Grade/Hillcrest,Lowest,No