,State_Code,State_Name,Crash_ID,Count_Non_Motorists,Count_Vehicles_Total,Count_Vehicle_Forms,Count_PVH_Involved,Count_Occupants_MV,City_Name,Month_Name,Day_of_Month,Day_of_Week,Crash_Hour,Crash_Minute,Area_Rural_Urban,Road_Functional_Class,On_NHS_Road,Latitude,Longitude,Intersection_Type,Light_Condition,Weather_Condition,Notif_Hour,Notif_Minute,Arrival_Hour,Arrival_Minute,Hospital_Hour,Hospital_Minute,Fatalities_Count,Clean_Light_Condition,Clean_Weather_Condition,Total_Killed,Total_Alive,Fatal_Seats_List,Killed_Restraint_List,Any_Driver_Drinking,Total_Drinking_Drivers,Driver_License_Category,Driver_Max_Prev_Accident_Count,Driver_Max_Prev_Speeding_Count,Max_Driver_Age,Min_Driver_Age,Driver_Sex_List,Total_Exceeding_Limit_Vehicles,Total_Too_Fast_Vehicles,Max_Vehicle_Type_Severity_5,Max_Vehicle_Damage_Rank,Max_Harmful_Event_Severity,Crash_Road_Surface_Condition,Crash_Horizontal_Alignment,Crash_Vertical_Profile,Crash_Impairment_Category,Crash_Vehicle_Defect
31187,48,Texas,480201,0,2,2,0,2,MESQUITE,January,30,Monday,2,24,Urban,High Speed (Arterial),Yes,32.79229722,-96.63590278,Non-Intersection,Dark - Lighted,Cloudy,Unknown,Unknown,Unknown EMS Scene Arrival Hour,Unknown EMS Scene Arrival Minutes,Unknown,Unknown EMS Hospital Arrival Time,1,Dark - Lighted,Reduced Visibility,1,1,['Driver'],['None_Used'],1,1,Valid,0.0,1.0,38.0,30.0,"['Male', 'Male']",1,0,4,1,5,Dry,Straight,Level,Lowest,No
31188,48,Texas,480202,0,2,2,0,4,HOUSTON,January,29,Sunday,5,0,Urban,High Speed (Arterial),Yes,29.88831944,-95.41207778,Non-Intersection,Dark - Not Lighted,Rain,5:00am-5:59am,41,5:00am-5:59am,54,6:00am-6:59am,39,1,Dark - Unlighted,Rain/Wind/Minor,1,3,['Driver'],['None_Used'],1,1,Invalid,1.0,0.0,37.0,28.0,"['Female', 'Male']",0,0,3,1,5,Wet/Standing Water,Straight,Level,Lowest,No
31189,48,Texas,480203,0,1,1,0,1,NOT APPLICABLE,January,29,Sunday,0,30,Urban,Medium Speed (Collector),No,30.09529722,-94.08133889,Non-Intersection,Dark - Not Lighted,Clear,Unknown,Unknown,Unknown EMS Scene Arrival Hour,Unknown EMS Scene Arrival Minutes,Unknown,Unknown EMS Hospital Arrival Time,1,Dark - Unlighted,Clear,1,0,['Driver'],['Shoulder_Lapbelt'],0,0,Invalid,0.0,0.0,38.0,38.0,['Male'],1,0,3,1,3,Dry,Curve,Level,Lowest,No
31190,48,Texas,480204,0,1,1,0,1,NOT APPLICABLE,January,26,Thursday,12,58,Urban,High Speed (Arterial),Yes,31.95622222,-106.58275278,Non-Intersection,Daylight,Clear,Unknown,Unknown,Unknown EMS Scene Arrival Hour,Unknown EMS Scene Arrival Minutes,Unknown,Unknown EMS Hospital Arrival Time,1,Daylight,Clear,1,0,['Driver'],['None_Used'],1,1,Valid,0.0,0.0,39.0,39.0,['Male'],1,0,3,1,3,Dry,Straight,Level,Lowest,No
31191,48,Texas,480205,0,2,2,0,3,NOT APPLICABLE,January,13,Friday,18,10,Rural,Medium Speed (Collector),No,30.66066667,-103.79167222,Non-Intersection,Daylight,Clear,Unknown,Unknown,Unknown EMS Scene Arrival Hour,Unknown EMS Scene Arrival Minutes,Unknown,Unknown EMS Hospital Arrival Time,1,Daylight,Clear,1,2,['Driver'],['Shoulder_Lapbelt'],0,0,Invalid,0.0,0.0,65.0,31.0,"['Male', 'Male']",1,0,4,4,5,Dry,Curve,Level,Lowest,No
31192,48,Texas,480206,0,1,1,0,1,LYTLE,January,16,Monday,22,38,Rural,High Speed (Arterial),Yes,29.22872222,-98.78788333,Non-Intersection,Dark - Lighted,Clear,Unknown,Unknown,Unknown EMS Scene Arrival Hour,Unknown EMS Scene Arrival Minutes,Unknown,Unknown EMS Hospital Arrival Time,1,Dark - Lighted,Clear,1,0,['Driver'],['None_Used'],1,1,Valid,0.0,7.0,45.0,45.0,['Male'],0,0,3,1,3,Dry,Straight,Grade/Hillcrest,Lowest,No
31193,48,Texas,480207,1,1,1,0,1,NOT APPLICABLE,January,19,Thursday,6,25,Rural,High Speed (Arterial),Yes,28.7791,-100.51050556,Non-Intersection,Dark - Not Lighted,Clear,Unknown,Unknown if Notified,Unknown EMS Scene Arrival Hour,Unknown if Arrived,Not Applicable (Not Transported),Not Applicable (Not Transported),1,Dark - Unlighted,Clear,0,1,[],[],0,0,Valid,0.0,0.0,58.0,58.0,['Male'],0,0,3,1,4,Dry,Straight,Grade/Hillcrest,Lowest,No
31194,48,Texas,480208,1,1,1,0,1,NOT APPLICABLE,January,29,Sunday,21,0,Urban,High Speed (Arterial),No,29.80136389,-95.05599722,Non-Intersection,Dark - Not Lighted,Rain,Unknown,Unknown,Unknown EMS Scene Arrival Hour,Unknown EMS Scene Arrival Minutes,Unknown,Unknown EMS Hospital Arrival Time,1,Dark - Unlighted,Rain/Wind/Minor,0,1,[],[],0,0,Valid,0.0,0.0,28.0,28.0,['Male'],0,0,2,2,4,Wet/Standing Water,Straight,Level,Lowest,No
31195,48,Texas,480209,0,1,1,0,2,DALLAS,January,11,Wednesday,0,34,Urban,Medium Speed (Collector),No,32.85726111,-96.70115,Non-Intersection,Dark - Lighted,Clear,Unknown,Unknown,Unknown EMS Scene Arrival Hour,Unknown EMS Scene Arrival Minutes,Unknown,Unknown EMS Hospital Arrival Time,1,Dark - Lighted,Clear,1,1,['Driver'],['Shoulder_Lapbelt'],0,0,Invalid,0.0,0.0,19.0,19.0,['Male'],2,0,3,1,3,Dry,Curve,Level,Lowest,No
31196,48,Texas,480210,1,2,1,1,1,DALLAS,January,27,Friday,17,56,Urban,High Speed (Arterial),Yes,32.71129167,-96.92756667,Non-Intersection,Daylight,Clear,Unknown,Unknown,Unknown EMS Scene Arrival Hour,Unknown EMS Scene Arrival Minutes,Not Applicable (Not Transported),Not Applicable (Not Transported),1,Daylight,Clear,0,1,[],[],0,0,Invalid,0.0,0.0,27.0,27.0,['Male'],0,0,3,1,5,Dry,Curve,Grade/Hillcrest,Medium,No
31197,48,Texas,480211,0,1,1,0,3,EL PASO,January,28,Saturday,22,43,Urban,Medium Speed (Collector),No,31.78178333,-106.27898056,Non-Intersection,Dark - Lighted,Clear,Unknown,Unknown,Unknown EMS Scene Arrival Hour,Unknown EMS Scene Arrival Minutes,Not Applicable (Not Transported),Not Applicable (Not Transported),1,Dark - Lighted,Clear,1,2,['Front_Passenger'],['Shoulder_Lapbelt'],0,0,Invalid,0.0,0.0,14.0,14.0,['Male'],3,0,2,1,2,Dry,Curve,Level,Lowest,No
31198,48,Texas,480212,1,1,1,0,1,HOUSTON,January,29,Sunday,0,25,Urban,Medium Speed (Collector),No,29.75323611,-95.37158056,Complex/Circle,Dark - Lighted,Clear,0:00am-0:59am,24,0:00am-0:59am,25,0:00am-0:59am,34,1,Dark - Lighted,Clear,0,0,[],[],0,0,Invalid,0.0,0.0,999.0,999.0,['Other'],0,0,1,2,4,Wet/Standing Water,Straight,Level,Lowest,No
31199,48,Texas,480213,0,3,3,0,4,CORSICANA,January,31,Tuesday,19,19,Urban,High Speed (Arterial),Yes,32.07484167,-96.49762222,Non-Intersection,Dark - Lighted,Cloudy,Unknown,Unknown,Unknown EMS Scene Arrival Hour,Unknown EMS Scene Arrival Minutes,Unknown,Unknown EMS Hospital Arrival Time,1,Dark - Lighted,Reduced Visibility,1,3,['Driver'],['Shoulder_Lapbelt'],0,0,Valid,1.0,3.0,48.0,21.0,"['Female', 'Female', 'Female']",1,0,3,1,5,Icy/Snowy,Straight,Level,Lowest,No
31200,48,Texas,480214,0,2,2,0,2,VICTORIA,January,19,Thursday,16,19,Urban,High Speed (Arterial),Yes,28.79045556,-97.02013611,Non-Intersection,Daylight,Clear,Unknown,Unknown,Unknown EMS Scene Arrival Hour,Unknown EMS Scene Arrival Minutes,Unknown,Unknown EMS Hospital Arrival Time,1,Daylight,Clear,1,1,['Driver'],['Shoulder_Lapbelt'],0,0,Valid,0.0,2.0,38.0,21.0,"['Female', 'Male']",1,0,2,1,5,Dry,Straight,Level,Lowest,No
31201,48,Texas,480215,1,1,1,0,1,NOT APPLICABLE,January,24,Tuesday,8,15,Rural,Medium Speed (Collector),No,28.89338889,-96.15773889,Non-Intersection,Daylight,Rain,Unknown,Unknown if Notified,Unknown EMS Scene Arrival Hour,Unknown if Arrived,Not Applicable (Not Transported),Not Applicable (Not Transported),1,Daylight,Rain/Wind/Minor,0,1,[],[],0,0,Valid,0.0,0.0,68.0,68.0,['Male'],0,0,4,0,4,Wet/Standing Water,Straight,Level,Lowest,No
31202,48,Texas,480216,0,2,2,0,2,NOT APPLICABLE,January,18,Wednesday,11,25,Rural,Medium Speed (Collector),No,30.53975556,-94.82490556,Non-Intersection,Daylight,Cloudy,Unknown,Unknown,Unknown EMS Scene Arrival Hour,Unknown EMS Scene Arrival Minutes,Unknown,Unknown EMS Hospital Arrival Time,1,Daylight,Reduced Visibility,1,1,['Driver'],['Shoulder_Lapbelt'],0,0,Valid,0.0,0.0,66.0,58.0,"['Female', 'Male']",0,0,4,1,5,Dry,Straight,Level,Lowest,No
31203,48,Texas,480217,0,2,2,0,4,NOT APPLICABLE,January,21,Saturday,18,53,Rural,Medium Speed (Collector),No,32.54741667,-95.94118611,Complex/Circle,Dark - Not Lighted,Cloudy,Unknown,Unknown,Unknown EMS Scene Arrival Hour,Unknown EMS Scene Arrival Minutes,Unknown,Unknown EMS Hospital Arrival Time,1,Dark - Unlighted,Reduced Visibility,1,3,['Driver'],['None_Used'],0,0,Valid,1.0,0.0,42.0,37.0,"['Female', 'Male']",0,0,3,1,5,Dry,Straight,Level,Lowest,No
31204,48,Texas,480218,0,3,3,0,4,NOT APPLICABLE,January,26,Thursday,6,18,Rural,Medium Speed (Collector),No,31.56768056,-101.962475,Non-Intersection,Dark - Not Lighted,Clear,Unknown,Unknown,Unknown EMS Scene Arrival Hour,Unknown EMS Scene Arrival Minutes,Unknown,Unknown EMS Hospital Arrival Time,2,Dark - Unlighted,Clear,2,2,"['Driver', 'Driver']","['Shoulder_Lapbelt', 'Shoulder_Lapbelt']",0,0,Invalid,1.0,5.0,31.0,22.0,"['Male', 'Female', 'Male']",0,0,3,2,5,Dry,Straight,Level,Lowest,No
31205,48,Texas,480219,0,3,3,0,3,NOT APPLICABLE,January,26,Thursday,18,35,Rural,Medium Speed (Collector),No,33.46435278,-96.28075833,Simple Junction,Dark - Not Lighted,Clear,Unknown,Unknown,Unknown EMS Scene Arrival Hour,Unknown EMS Scene Arrival Minutes,Unknown,Unknown EMS Hospital Arrival Time,1,Dark - Unlighted,Clear,1,2,['Driver'],['Shoulder_Lapbelt'],0,0,Valid,1.0,0.0,56.0,38.0,"['Male', 'Male', 'Female']",1,0,3,1,5,Dry,Straight,Level,Lowest,No
31206,48,Texas,480221,1,1,1,0,1,NOT APPLICABLE,January,29,Sunday,23,5,Urban,High Speed (Arterial),Yes,29.88544444,-95.54955278,Non-Intersection,Dark - Lighted,Clear,Unknown,Unknown,Unknown EMS Scene Arrival Hour,Unknown EMS Scene Arrival Minutes,Unknown,Unknown EMS Hospital Arrival Time,1,Dark - Lighted,Clear,0,1,[],[],0,0,Valid,0.0,0.0,70.0,70.0,['Female'],0,0,2,1,4,Dry,Straight,Level,Lowest,No
31207,48,Texas,480222,0,2,2,0,3,NOT APPLICABLE,January,20,Friday,0,7,Rural,High Speed (Arterial),Yes,29.20975278,-98.81053611,Non-Intersection,Dark - Not Lighted,Clear,Unknown,Unknown if Notified,Unknown EMS Scene Arrival Hour,Unknown if Arrived,Not Applicable (Not Transported),Not Applicable (Not Transported),2,Dark - Unlighted,Clear,2,1,"['Driver', 'Front_Passenger']","['Shoulder_Lapbelt', 'Shoulder_Lapbelt']",1,1,Valid,0.0,0.0,58.0,51.0,"['Male', 'Male']",0,0,4,2,5,Dry,Straight,Level,Lowest,No
31208,48,Texas,480223,1,1,1,0,1,SAN ANTONIO,January,28,Saturday,6,42,Urban,Medium Speed (Collector),No,29.58169444,-98.40320556,Non-Intersection,Dark - Not Lighted,Rain,Unknown,Unknown,Unknown EMS Scene Arrival Hour,Unknown EMS Scene Arrival Minutes,Not Applicable (Not Transported),Not Applicable (Not Transported),1,Dark - Unlighted,Rain/Wind/Minor,0,1,[],[],0,0,Valid,0.0,1.0,49.0,49.0,['Male'],0,0,3,2,4,Wet/Standing Water,Straight,Level,Lowest,No
31209,48,Texas,480224,1,1,1,0,1,DALLAS,January,7,Saturday,22,33,Urban,High Speed (Arterial),Yes,32.861675,-96.90156944,Non-Intersection,Dark - Not Lighted,Clear,Unknown,Unknown,Unknown EMS Scene Arrival Hour,Unknown EMS Scene Arrival Minutes,Not Applicable (Not Transported),Not Applicable (Not Transported),1,Dark - Unlighted,Clear,0,1,[],[],0,0,Valid,0.0,0.0,28.0,28.0,['Male'],0,0,2,1,4,Dry,Straight,Level,Lowest,No
31210,48,Texas,480225,0,1,1,0,1,ARLINGTON,January,30,Monday,20,44,Urban,High Speed (Arterial),Yes,32.67505833,-97.19270833,Non-Intersection,Dark - Not Lighted,Rain,Unknown,Unknown,Unknown EMS Scene Arrival Hour,Unknown EMS Scene Arrival Minutes,Unknown,Unknown EMS Hospital Arrival Time,1,Dark - Unlighted,Rain/Wind/Minor,1,0,['Driver'],['None_Used'],0,0,Valid,0.0,0.0,45.0,45.0,['Male'],1,0,3,1,3,Wet/Standing Water,Straight,Level,Lowest,No
31211,48,Texas,480226,0,2,2,0,3,NOT APPLICABLE,January,26,Thursday,17,15,Rural,High Speed (Arterial),Yes,33.17758333,-95.937275,Simple Junction,Daylight,Clear,Unknown,Unknown,Unknown EMS Scene Arrival Hour,Unknown EMS Scene Arrival Minutes,Unknown,Unknown EMS Hospital Arrival Time,1,Daylight,Clear,1,2,['Front_Passenger'],['Shoulder_Lapbelt'],0,0,Valid,0.0,0.0,62.0,18.0,"['Male', 'Male']",1,0,2,1,5,Dry,Straight,Level,Lowest,No
31212,48,Texas,480227,0,2,2,0,3,DALLAS,January,27,Friday,16,41,Urban,High Speed (Arterial),Yes,32.73321389,-96.7647,Non-Intersection,Daylight,Clear,Unknown,Unknown,Unknown EMS Scene Arrival Hour,Unknown EMS Scene Arrival Minutes,Unknown,Unknown EMS Hospital Arrival Time,1,Daylight,Clear,1,2,['Driver'],['None_Used'],0,0,Valid,1.0,0.0,50.0,26.0,"['Female', 'Male']",1,0,4,1,5,Dry,Straight,Level,Lowest,No
31213,48,Texas,480228,0,2,2,0,4,NOT APPLICABLE,January,27,Friday,16,6,Rural,Medium Speed (Collector),No,31.30583056,-98.94649444,Non-Intersection,Daylight,Clear,Unknown,Unknown,Unknown EMS Scene Arrival Hour,Unknown EMS Scene Arrival Minutes,Unknown,Unknown EMS Hospital Arrival Time,2,Daylight,Clear,2,2,"['Driver', 'Driver']","['Shoulder_Lapbelt', 'Shoulder_Lapbelt']",1,1,Valid,0.0,0.0,65.0,52.0,"['Male', 'Male']",0,0,3,4,5,Dry,Straight,Level,Lowest,No
31214,48,Texas,480229,0,4,4,0,4,NOT APPLICABLE,January,26,Thursday,17,30,Rural,Medium Speed (Collector),No,32.50500833,-95.27428611,Non-Intersection,Dusk,Clear,Unknown,Unknown,Unknown EMS Scene Arrival Hour,Unknown EMS Scene Arrival Minutes,Unknown,Unknown EMS Hospital Arrival Time,1,Twilight,Clear,1,3,['Driver'],['None_Used'],0,0,Invalid,0.0,1.0,53.0,37.0,"['Male', 'Male', 'Female', 'Female']",0,0,3,1,5,Dry,Straight,Grade/Hillcrest,Lowest,No
31215,48,Texas,480230,0,2,2,0,5,NOT APPLICABLE,January,28,Saturday,14,19,Rural,High Speed (Arterial),Yes,31.55165833,-95.92550278,Non-Intersection,Daylight,Rain,Unknown,Unknown,Unknown EMS Scene Arrival Hour,Unknown EMS Scene Arrival Minutes,Unknown,Unknown EMS Hospital Arrival Time,3,Daylight,Rain/Wind/Minor,3,2,"['Driver', 'Front_Passenger', 'Rear_Seat']","['Shoulder_Lapbelt', 'Shoulder_Lapbelt', 'None_Used']",0,0,Valid,0.0,0.0,65.0,49.0,"['Male', 'Female']",2,0,3,1,5,Wet/Standing Water,Straight,Grade/Hillcrest,Lowest,No
31216,48,Texas,480231,0,1,1,0,1,GODLEY,January,26,Thursday,7,0,Rural,Medium Speed (Collector),No,32.43161111,-97.48905,Non-Intersection,Daylight,Clear,Unknown,Unknown,Unknown EMS Scene Arrival Hour,Unknown EMS Scene Arrival Minutes,Unknown,Unknown EMS Hospital Arrival Time,1,Daylight,Clear,1,0,['Driver'],['Shoulder_Lapbelt'],0,0,Valid,0.0,1.0,63.0,63.0,['Male'],1,0,2,1,3,Dry,Curve,Level,Lowest,No
31217,48,Texas,480232,0,1,1,0,1,NOT APPLICABLE,January,13,Friday,9,55,Rural,High Speed (Arterial),Yes,31.01215,-103.792525,Non-Intersection,Daylight,Clear,Unknown,Unknown,Unknown EMS Scene Arrival Hour,Unknown EMS Scene Arrival Minutes,Unknown,Unknown EMS Hospital Arrival Time,1,Daylight,Clear,1,0,['Driver'],['None_Used'],0,0,Valid,0.0,0.0,80.0,80.0,['Male'],0,0,1,1,3,Dry,Curve,Level,Lowest,No
31218,48,Texas,480233,1,1,1,0,1,IRVING,January,27,Friday,18,47,Urban,Medium Speed (Collector),No,32.79886944,-96.976975,Complex/Circle,Dark - Lighted,Clear,6:00pm-6:59pm,50,6:00pm-6:59pm,53,7:00pm-7:59pm,9,1,Dark - Lighted,Clear,0,1,[],[],0,0,Valid,1.0,0.0,78.0,78.0,['Female'],0,0,3,2,4,Dry,Straight,Level,Lowest,No
31219,48,Texas,480234,0,1,1,0,1,PHARR,February,1,Wednesday,8,6,Urban,High Speed (Arterial),No,26.21768056,-98.20090278,Non-Intersection,Daylight,Rain,Unknown,Unknown,Unknown EMS Scene Arrival Hour,Unknown EMS Scene Arrival Minutes,Not Applicable (Not Transported),Not Applicable (Not Transported),1,Daylight,Rain/Wind/Minor,1,0,['Driver'],['None_Used'],0,0,Valid,0.0,1.0,60.0,60.0,['Male'],1,0,1,4,2,Wet/Standing Water,Straight,Level,Medium,No
31220,48,Texas,480236,1,5,2,3,2,FORT WORTH,February,2,Thursday,23,1,Urban,High Speed (Arterial),Yes,32.71226111,-97.27719444,Non-Intersection,Dark - Lighted,Cloudy,Unknown,Unknown,Unknown EMS Scene Arrival Hour,Unknown EMS Scene Arrival Minutes,Unknown,Unknown EMS Hospital Arrival Time,1,Dark - Lighted,Reduced Visibility,1,1,['Driver'],['None_Used'],1,1,Valid,0.0,0.0,27.0,23.0,"['Female', 'Male']",1,0,3,1,5,Icy/Snowy,Curve,Grade/Hillcrest,Lowest,No
31221,48,Texas,480237,1,1,1,0,1,DALLAS,January,18,Wednesday,3,20,Urban,Medium Speed (Collector),No,32.74428056,-96.81551389,Complex/Circle,Dark - Lighted,Cloudy,Unknown,Unknown,Unknown EMS Scene Arrival Hour,Unknown EMS Scene Arrival Minutes,Unknown,Unknown EMS Hospital Arrival Time,1,Dark - Lighted,Reduced Visibility,0,1,[],[],0,0,Invalid,0.0,0.0,38.0,38.0,['Male'],0,0,3,2,4,Dry,Straight,Level,Lowest,No
31222,48,Texas,480238,0,2,2,0,3,SAN ANTONIO,January,27,Friday,6,45,Urban,Medium Speed (Collector),No,29.54323333,-98.41843056,Non-Intersection,Daylight,Clear,Unknown,Unknown,Unknown EMS Scene Arrival Hour,Unknown EMS Scene Arrival Minutes,Unknown,Unknown EMS Hospital Arrival Time,1,Daylight,Clear,1,2,['Front_Passenger'],['Shoulder_Lapbelt'],0,0,Valid,0.0,0.0,43.0,39.0,"['Female', 'Male']",0,0,4,1,5,Dry,Straight,Level,Lowest,No
31223,48,Texas,480239,1,1,1,0,1,DALLAS,January,26,Thursday,23,53,Urban,High Speed (Arterial),No,32.78031944,-96.80463056,Complex/Circle,Dark - Lighted,Clear,Unknown,Unknown if Notified,Unknown EMS Scene Arrival Hour,Unknown if Arrived,Not Applicable (Not Transported),Not Applicable (Not Transported),1,Dark - Lighted,Clear,0,1,[],[],0,0,Valid,0.0,0.0,72.0,72.0,['Male'],0,0,4,1,4,Dry,Straight,Level,Lowest,No
31224,48,Texas,480240,0,1,1,0,1,DALLAS,January,20,Friday,1,24,Urban,Medium Speed (Collector),No,32.797325,-96.83343056,Non-Intersection,Dark - Lighted,Clear,Unknown,Unknown,Unknown EMS Scene Arrival Hour,Unknown EMS Scene Arrival Minutes,Not Applicable (Not Transported),Not Applicable (Not Transported),1,Dark - Lighted,Clear,1,0,['Driver'],['Shoulder_Lapbelt'],1,1,Invalid,0.0,0.0,22.0,22.0,['Male'],0,0,2,1,3,Dry,Straight,Level,Lowest,No
31225,48,Texas,480242,1,1,1,0,1,MISSOURI CITY,January,28,Saturday,22,10,Urban,Medium Speed (Collector),No,29.60133056,-95.51021111,Non-Intersection,Dark - Lighted,Clear,Unknown,Unknown,Unknown EMS Scene Arrival Hour,Unknown EMS Scene Arrival Minutes,Unknown,Unknown EMS Hospital Arrival Time,1,Dark - Lighted,Clear,0,0,[],[],0,0,Invalid,0.0,0.0,999.0,999.0,['Other'],0,0,1,0,4,Wet/Standing Water,Straight,Level,Lowest,No
31226,48,Texas,480244,0,1,1,0,1,DESOTO,February,3,Friday,23,19,Urban,High Speed (Arterial),Yes,32.60301944,-96.82288611,Non-Intersection,Dark - Lighted,Clear,Unknown,Unknown,Unknown EMS Scene Arrival Hour,Unknown EMS Scene Arrival Minutes,Not Applicable (Not Transported),Not Applicable (Not Transported),1,Dark - Lighted,Clear,1,0,['Driver'],['Lapbelt_Only'],1,1,Invalid,0.0,0.0,44.0,44.0,['Male'],0,0,3,4,3,Dry,Curve,Level,Lowest,No
31227,48,Texas,480245,0,1,1,0,2,HOUSTON,January,13,Friday,6,30,Urban,High Speed (Arterial),Yes,29.80786389,-95.336225,Non-Intersection,Daylight,Clear,Unknown,Unknown if Notified,Unknown EMS Scene Arrival Hour,Unknown if Arrived,Not Applicable (Not Transported),Not Applicable (Not Transported),1,Daylight,Clear,1,1,['Driver'],['Shoulder_Lapbelt'],0,0,Valid,0.0,0.0,69.0,69.0,['Male'],0,0,3,1,3,Dry,Straight,Level,Lowest,Yes
31228,48,Texas,480246,1,1,1,0,1,NOT APPLICABLE,January,30,Monday,6,44,Rural,High Speed (Arterial),Yes,32.47966944,-94.09082778,Non-Intersection,Dark - Not Lighted,Rain,Unknown,Unknown if Notified,Unknown EMS Scene Arrival Hour,Unknown if Arrived,Not Applicable (Not Transported),Not Applicable (Not Transported),1,Dark - Unlighted,Rain/Wind/Minor,0,1,[],[],0,0,Valid,1.0,0.0,55.0,55.0,['Male'],0,0,4,2,4,Wet/Standing Water,Straight,Level,Lowest,No
31229,48,Texas,480247,0,1,1,0,1,SHERMAN,January,30,Monday,8,34,Rural,High Speed (Arterial),Yes,33.55206389,-96.60689444,Non-Intersection,Daylight,Sleet or Hail,Unknown,Unknown,Unknown EMS Scene Arrival Hour,Unknown EMS Scene Arrival Minutes,Unknown,Unknown EMS Hospital Arrival Time,1,Daylight,Snow/Ice/Severe,1,0,['Driver'],['Shoulder_Lapbelt'],0,0,Valid,0.0,0.0,59.0,59.0,['Male'],0,0,3,1,3,Icy/Snowy,Straight,Grade/Hillcrest,Lowest,No
31230,48,Texas,480248,1,1,1,0,1,ADDISON,January,26,Thursday,19,43,Urban,Medium Speed (Collector),No,32.96863333,-96.82724722,Non-Intersection,Dark - Not Lighted,Clear,Unknown,Unknown,Unknown EMS Scene Arrival Hour,Unknown EMS Scene Arrival Minutes,Unknown,Unknown EMS Hospital Arrival Time,1,Dark - Unlighted,Clear,0,1,[],[],0,0,Valid,0.0,0.0,25.0,25.0,['Female'],0,0,3,1,4,Dry,Straight,Level,Lowest,No
31231,48,Texas,480249,1,2,1,1,1,TEMPLE,February,3,Friday,6,33,Urban,High Speed (Arterial),Yes,31.13896389,-97.32950556,Non-Intersection,Dark - Not Lighted,Cloudy,Unknown,Unknown if Notified,Unknown EMS Scene Arrival Hour,Unknown if Arrived,Not Applicable (Not Transported),Not Applicable (Not Transported),1,Dark - Unlighted,Reduced Visibility,1,0,['Driver'],['None_Used'],1,1,Valid,0.0,0.0,61.0,61.0,['Male'],1,0,3,1,5,Icy/Snowy,Straight,Grade/Hillcrest,Lowest,No
31232,48,Texas,480250,0,2,2,0,2,TEMPLE,February,4,Saturday,17,15,Urban,High Speed (Arterial),Yes,31.12473611,-97.33561111,Simple Junction,Daylight,Clear,Unknown,Unknown,Unknown EMS Scene Arrival Hour,Unknown EMS Scene Arrival Minutes,Unknown,Unknown EMS Hospital Arrival Time,1,Daylight,Clear,1,1,['Driver'],['Shoulder_Lapbelt'],1,1,Valid,0.0,0.0,59.0,45.0,"['Male', 'Female']",1,0,3,1,5,Dry,Curve,Grade/Hillcrest,Lowest,No
31233,48,Texas,480251,0,2,2,0,2,FORT WORTH,February,4,Saturday,10,51,Urban,Medium Speed (Collector),No,32.72857222,-97.26201944,Non-Intersection,Daylight,Clear,Unknown,Unknown,Unknown EMS Scene Arrival Hour,Unknown EMS Scene Arrival Minutes,Unknown,Unknown EMS Hospital Arrival Time,1,Daylight,Clear,1,1,['Driver'],['Shoulder_Lapbelt'],1,1,Invalid,0.0,0.0,25.0,16.0,"['Male', 'Female']",0,0,3,1,5,Dry,Straight,Level,Lowest,No
31234,48,Texas,480252,0,2,2,0,2,HUTCHINS,February,6,Monday,0,0,Urban,Medium Speed (Collector),No,32.64821111,-96.69479722,Non-Intersection,Dark - Not Lighted,Clear,Unknown,Unknown,Unknown EMS Scene Arrival Hour,Unknown EMS Scene Arrival Minutes,Unknown,Unknown EMS Hospital Arrival Time,1,Dark - Unlighted,Clear,1,1,['Driver'],['None_Used'],1,1,Invalid,1.0,0.0,42.0,42.0,"['Female', 'Male']",0,0,3,1,5,Dry,Curve,Level,Lowest,No
31235,48,Texas,480253,1,1,1,0,2,BROWNSVILLE,February,4,Saturday,18,49,Urban,Medium Speed (Collector),No,25.92931389,-97.51094722,Non-Intersection,Dark - Lighted,Clear,Unknown,Unknown,Unknown EMS Scene Arrival Hour,Unknown EMS Scene Arrival Minutes,Unknown,Unknown EMS Hospital Arrival Time,1,Dark - Lighted,Clear,0,2,[],[],0,0,Valid,0.0,0.0,19.0,19.0,['Female'],0,0,2,2,4,Dry,Straight,Level,Lowest,No
31236,48,Texas,480254,1,1,1,0,1,DALLAS,January,5,Thursday,22,26,Urban,High Speed (Arterial),Yes,32.69574167,-96.76896389,Non-Intersection,Dark - Not Lighted,Clear,10:00pm-10:59pm,26,10:00pm-10:59pm,33,10:00pm-10:59pm,52,1,Dark - Unlighted,Clear,0,0,[],[],0,0,Invalid,0.0,0.0,999.0,999.0,['Other'],0,0,1,0,4,Dry,Straight,Level,Lowest,No
31237,48,Texas,480255,0,2,2,0,3,NOT APPLICABLE,January,25,Wednesday,7,13,Urban,Medium Speed (Collector),No,30.14803889,-95.30018333,Non-Intersection,Daylight,Clear,Unknown,Unknown,Unknown EMS Scene Arrival Hour,Unknown EMS Scene Arrival Minutes,Unknown,Unknown EMS Hospital Arrival Time,1,Daylight,Clear,1,2,['Front_Passenger'],['Shoulder_Lapbelt'],0,0,Valid,0.0,0.0,20.0,18.0,"['Female', 'Male']",0,0,3,1,5,Dry,Straight,Level,Lowest,No