,State_Code,State_Name,Crash_ID,Count_Non_Motorists,Count_Vehicles_Total,Count_Vehicle_Forms,Count_PVH_Involved,Count_Occupants_MV,City_Name,Month_Name,Day_of_Month,Day_of_Week,Crash_Hour,Crash_Minute,Area_Rural_Urban,Road_Functional_Class,On_NHS_Road,Latitude,Longitude,Intersection_Type,Light_Condition,Weather_Condition,Notif_Hour,Notif_Minute,Arrival_Hour,Arrival_Minute,Hospital_Hour,Hospital_Minute,Fatalities_Count,Clean_Light_Condition,Clean_Weather_Condition,Total_Killed,Total_Alive,Fatal_Seats_List,Killed_Restraint_List,Any_Driver_Drinking,Total_Drinking_Drivers,Driver_License_Category,Driver_Max_Prev_Accident_Count,Driver_Max_Prev_Speeding_Count,Max_Driver_Age,Min_Driver_Age,Driver_Sex_List,Total_Exceeding_Limit_Vehicles,Total_Too_Fast_Vehicles,Max_Vehicle_Type_Severity_5,Max_Vehicle_Damage_Rank,Max_Harmful_Event_Severity,Crash_Road_Surface_Condition,Crash_Horizontal_Alignment,Crash_Vertical_Profile,Crash_Impairment_Category,Crash_Vehicle_Defect
31238,48,Texas,480256,0,2,2,0,2,NOT APPLICABLE,February,3,Friday,18,38,Rural,High Speed (Arterial),Yes,31.71035,-94.63145,Non-Intersection,Dark - Not Lighted,Clear,Unknown,Unknown,Unknown EMS Scene Arrival Hour,Unknown EMS Scene Arrival Minutes,Unknown,Unknown EMS Hospital Arrival Time,1,Dark - Unlighted,Clear,1,1,['Driver'],['None_Used'],0,0,Invalid,0.0,0.0,62.0,16.0,"['Male', 'Male']",0,0,5,1,5,Dry,Straight,Grade/Hillcrest,Lowest,No
31239,48,Texas,480257,1,2,2,0,1,MELISSA,January,28,Saturday,23,57,Urban,High Speed (Arterial),Yes,33.26036389,-96.605175,Non-Intersection,Dark - Not Lighted,Clear,Unknown,Unknown,Unknown EMS Scene Arrival Hour,Unknown EMS Scene Arrival Minutes,Unknown,Unknown EMS Hospital Arrival Time,1,Dark - Unlighted,Clear,0,1,[],[],0,0,Invalid,0.0,0.0,23.0,23.0,['Female'],0,0,3,1,5,Dry,Straight,Grade/Hillcrest,Medium,No
31240,48,Texas,480258,0,1,1,0,2,NOT APPLICABLE,February,3,Friday,16,21,Rural,High Speed (Arterial),Yes,32.37505556,-98.85754722,Non-Intersection,Daylight,Clear,Unknown,Unknown,Unknown EMS Scene Arrival Hour,Unknown EMS Scene Arrival Minutes,Unknown,Unknown EMS Hospital Arrival Time,1,Daylight,Clear,1,1,['Driver'],['None_Used'],0,0,Valid,1.0,3.0,29.0,29.0,['Male'],0,0,3,1,3,Dry,Straight,Level,Lowest,No
31241,48,Texas,480259,1,5,2,3,4,DALLAS,January,10,Tuesday,14,36,Urban,High Speed (Arterial),No,32.68455,-96.85700556,Non-Intersection,Daylight,Clear,Unknown,Unknown,Unknown EMS Scene Arrival Hour,Unknown EMS Scene Arrival Minutes,Unknown,Unknown EMS Hospital Arrival Time,2,Daylight,Clear,2,2,"['Front_Passenger', 'Rear_Seat']","['None_Used', 'None_Used']",1,1,Invalid,1.0,0.0,43.0,36.0,"['Female', 'Male']",3,0,3,1,5,Dry,Straight,Level,Lowest,No
31242,48,Texas,480260,0,4,4,0,4,DALLAS,January,28,Saturday,16,36,Urban,High Speed (Arterial),Yes,32.76273056,-96.68258889,Complex/Circle,Daylight,Cloudy,Unknown,Unknown,Unknown EMS Scene Arrival Hour,Unknown EMS Scene Arrival Minutes,Unknown,Unknown EMS Hospital Arrival Time,1,Daylight,Reduced Visibility,1,3,['Driver'],['None_Used'],0,0,Invalid,1.0,1.0,51.0,17.0,"['Male', 'Male', 'Female', 'Female']",0,0,3,2,5,Dry,Straight,Level,Lowest,No
31243,48,Texas,480261,1,1,1,0,1,NOT APPLICABLE,February,5,Sunday,18,59,Urban,High Speed (Arterial),No,29.94829722,-95.46821389,Non-Intersection,Dark - Lighted,Clear,Unknown,Unknown,Unknown EMS Scene Arrival Hour,Unknown EMS Scene Arrival Minutes,Not Applicable (Not Transported),Not Applicable (Not Transported),1,Dark - Lighted,Clear,0,1,[],[],0,0,Invalid,0.0,0.0,20.0,20.0,['Male'],0,0,2,1,4,Dry,Straight,Level,Lowest,No
31244,48,Texas,480262,1,1,1,0,1,PASADENA,January,28,Saturday,17,27,Urban,Medium Speed (Collector),No,29.65273056,-95.17914722,Non-Intersection,Daylight,Clear,Unknown,Unknown if Notified,Unknown EMS Scene Arrival Hour,Unknown if Arrived,Not Applicable (Not Transported),Not Applicable (Not Transported),1,Daylight,Clear,0,0,[],[],0,0,Invalid,0.0,0.0,999.0,999.0,['Other'],0,0,3,0,4,Dry,Straight,Level,Lowest,No
31245,48,Texas,480263,0,5,2,3,4,EL PASO,February,5,Sunday,1,22,Urban,Medium Speed (Collector),No,31.76288889,-106.48944722,Complex/Circle,Dark - Lighted,Clear,Unknown,Unknown,Unknown EMS Scene Arrival Hour,Unknown EMS Scene Arrival Minutes,Unknown,Unknown EMS Hospital Arrival Time,1,Dark - Lighted,Clear,1,2,['Driver'],['Shoulder_Lapbelt'],1,1,Valid,0.0,0.0,41.0,20.0,"['Male', 'Female']",3,0,3,1,5,Dry,Straight,Level,Lowest,No
31246,48,Texas,480264,0,1,1,0,2,NOT APPLICABLE,February,2,Thursday,13,56,Rural,Medium Speed (Collector),No,32.45841944,-98.36089722,Non-Intersection,Daylight,Rain,Unknown,Unknown,Unknown EMS Scene Arrival Hour,Unknown EMS Scene Arrival Minutes,Unknown,Unknown EMS Hospital Arrival Time,1,Daylight,Rain/Wind/Minor,1,1,['Driver'],['None_Used'],0,0,Valid,0.0,0.0,67.0,67.0,['Male'],2,0,3,1,3,Icy/Snowy,Straight,Grade/Hillcrest,Lowest,No
31247,48,Texas,480265,0,1,1,0,3,ITALY,January,31,Tuesday,17,51,Rural,High Speed (Arterial),Yes,32.19578056,-96.89951667,Non-Intersection,Dark - Lighted,Sleet or Hail,Unknown,Unknown,Unknown EMS Scene Arrival Hour,Unknown EMS Scene Arrival Minutes,Unknown,Unknown EMS Hospital Arrival Time,1,Dark - Lighted,Snow/Ice/Severe,1,2,['Rear_Seat'],['None_Used'],0,0,Invalid,0.0,0.0,35.0,35.0,['Male'],3,0,3,1,3,Icy/Snowy,Straight,Grade/Hillcrest,Lowest,No
31248,48,Texas,480266,0,2,2,0,3,NOT APPLICABLE,January,30,Monday,9,7,Rural,High Speed (Arterial),Yes,33.66722222,-101.66535,Complex/Circle,Daylight,Sleet or Hail,Unknown,Unknown,Unknown EMS Scene Arrival Hour,Unknown EMS Scene Arrival Minutes,Unknown,Unknown EMS Hospital Arrival Time,1,Daylight,Snow/Ice/Severe,1,2,['Driver'],['Shoulder_Lapbelt'],0,0,Invalid,0.0,0.0,33.0,20.0,"['Male', 'Female']",0,0,4,2,5,Icy/Snowy,Straight,Level,Lowest,No
31249,48,Texas,480267,0,1,1,0,1,NOT APPLICABLE,January,29,Sunday,20,52,Rural,High Speed (Arterial),Yes,31.05415556,-104.62159722,Non-Intersection,Dark - Not Lighted,Clear,Unknown,Unknown,Unknown EMS Scene Arrival Hour,Unknown EMS Scene Arrival Minutes,Not Applicable (Not Transported),Not Applicable (Not Transported),1,Dark - Unlighted,Clear,1,0,['Driver'],['None_Used'],1,1,Invalid,0.0,0.0,37.0,37.0,['Male'],1,0,4,1,3,Dry,Curve,Level,Lowest,No
31250,48,Texas,480268,0,2,2,0,2,ENNIS,January,20,Friday,5,5,Urban,High Speed (Arterial),Yes,32.29408889,-96.632025,Non-Intersection,Dark - Not Lighted,Clear,Unknown,Unknown,Unknown EMS Scene Arrival Hour,Unknown EMS Scene Arrival Minutes,Unknown,Unknown EMS Hospital Arrival Time,1,Dark - Unlighted,Clear,1,1,['Driver'],['None_Used'],0,0,Valid,1.0,4.0,51.0,46.0,"['Male', 'Male']",1,0,4,4,5,Dry,Curve,Level,Lowest,No
31251,48,Texas,480269,0,1,1,0,5,NOT APPLICABLE,January,31,Tuesday,10,14,Rural,High Speed (Arterial),Yes,33.32604722,-95.58970278,Non-Intersection,Daylight,Sleet or Hail,Unknown,Unknown,Unknown EMS Scene Arrival Hour,Unknown EMS Scene Arrival Minutes,Unknown,Unknown EMS Hospital Arrival Time,1,Daylight,Snow/Ice/Severe,1,4,['Rear_Seat'],['None_Used'],0,0,Valid,0.0,0.0,31.0,31.0,['Male'],5,0,3,1,3,Icy/Snowy,Straight,Level,Lowest,No
31252,48,Texas,480270,0,1,1,0,1,HOUSTON,February,3,Friday,2,52,Urban,High Speed (Arterial),Yes,29.93989722,-95.29216389,Non-Intersection,Dark - Lighted,Clear,Unknown,Unknown,Unknown EMS Scene Arrival Hour,Unknown EMS Scene Arrival Minutes,Not Applicable (Not Transported),Not Applicable (Not Transported),1,Dark - Lighted,Clear,1,0,['Driver'],['Shoulder_Lapbelt'],0,0,Valid,0.0,0.0,67.0,67.0,['Male'],1,0,2,4,3,Dry,Curve,Grade/Hillcrest,Lowest,No
31253,48,Texas,480271,1,10,10,0,9,AUSTIN,January,31,Tuesday,6,4,Urban,High Speed (Arterial),Yes,30.22555,-97.76845833,Non-Intersection,Dark - Unknown Lighting,Sleet or Hail,Unknown,Unknown,Unknown EMS Scene Arrival Hour,Unknown EMS Scene Arrival Minutes,Not Applicable (Not Transported),Not Applicable (Not Transported),1,Dark - Unlighted,Snow/Ice/Severe,0,9,[],[],0,0,Valid,0.0,0.0,55.0,19.0,"['Male', 'Male', 'Female', 'Male', 'Male', 'Male', 'Male', 'Male', 'Male']",0,0,3,4,5,Icy/Snowy,Curve,Grade/Hillcrest,Lowest,No
31254,48,Texas,480272,0,1,1,0,2,DALLAS,January,22,Sunday,2,21,Urban,High Speed (Arterial),Yes,32.69734444,-96.82354167,Non-Intersection,Dark - Lighted,Clear,Unknown,Unknown,Unknown EMS Scene Arrival Hour,Unknown EMS Scene Arrival Minutes,Not Applicable (Not Transported),Not Applicable (Not Transported),2,Dark - Lighted,Clear,2,0,"['Driver', 'Front_Passenger']","['Shoulder_Lapbelt', 'None_Used']",1,1,Valid,0.0,0.0,29.0,29.0,['Male'],2,0,2,1,3,Dry,Straight,Grade/Hillcrest,Lowest,No
31255,48,Texas,480273,1,1,1,0,2,HOUSTON,January,17,Tuesday,0,19,Urban,Medium Speed (Collector),No,29.65216389,-95.56682778,Non-Intersection,Dark - Lighted,"Fog, Smog, Smoke",Unknown,Unknown if Notified,Unknown EMS Scene Arrival Hour,Unknown if Arrived,Not Applicable (Not Transported),Not Applicable (Not Transported),1,Dark - Lighted,Reduced Visibility,0,2,[],[],0,0,Valid,0.0,0.0,23.0,23.0,['Male'],0,0,3,1,4,Dry,Straight,Level,Lowest,No
31256,48,Texas,480274,4,5,2,3,6,AUSTIN,February,4,Saturday,16,24,Urban,Medium Speed (Collector),No,30.37596389,-97.69400278,Complex/Circle,Daylight,Clear,Unknown,Unknown,Unknown EMS Scene Arrival Hour,Unknown EMS Scene Arrival Minutes,Unknown,Unknown EMS Hospital Arrival Time,1,Daylight,Clear,0,5,[],[],0,0,Invalid,0.0,0.0,49.0,17.0,"['Male', 'Male']",5,0,3,1,5,Dry,Straight,Level,Lowest,No
31257,48,Texas,480275,0,1,1,0,3,NOT APPLICABLE,January,16,Monday,1,30,Rural,High Speed (Arterial),Yes,32.09508611,-102.09846944,Non-Intersection,Dark - Not Lighted,Clear,Unknown,Unknown,Unknown EMS Scene Arrival Hour,Unknown EMS Scene Arrival Minutes,Unknown,Unknown EMS Hospital Arrival Time,1,Dark - Unlighted,Clear,1,2,['Rear_Seat'],['Shoulder_Lapbelt'],1,1,Valid,0.0,0.0,27.0,27.0,['Male'],3,0,2,1,2,Dry,Curve,Level,Medium,No
31258,48,Texas,480276,0,1,1,0,2,NOT APPLICABLE,January,31,Tuesday,19,39,Rural,Medium Speed (Collector),No,32.36576111,-95.43004444,Complex/Circle,Dark - Not Lighted,Rain,Unknown,Unknown,Unknown EMS Scene Arrival Hour,Unknown EMS Scene Arrival Minutes,Unknown,Unknown EMS Hospital Arrival Time,1,Dark - Unlighted,Rain/Wind/Minor,1,1,['Front_Passenger'],['None_Used'],0,0,Invalid,0.0,0.0,39.0,39.0,['Male'],2,0,3,1,3,Icy/Snowy,Straight,Level,Lowest,No
31259,48,Texas,480277,1,1,1,0,1,NOT APPLICABLE,February,4,Saturday,5,30,Urban,Medium Speed (Collector),No,29.78886111,-95.14851111,Non-Intersection,Dark - Not Lighted,Clear,Unknown,Unknown if Notified,Unknown EMS Scene Arrival Hour,Unknown if Arrived,Not Applicable (Not Transported),Not Applicable (Not Transported),1,Dark - Unlighted,Clear,0,0,[],[],0,0,Invalid,0.0,0.0,999.0,999.0,['Other'],0,0,1,0,4,Dry,Straight,Level,Lowest,No
31260,48,Texas,480278,0,1,1,0,2,WOLFFORTH,January,31,Tuesday,9,31,Rural,High Speed (Arterial),Yes,33.469425,-102.07671944,Non-Intersection,Daylight,Sleet or Hail,Unknown,Unknown,Unknown EMS Scene Arrival Hour,Unknown EMS Scene Arrival Minutes,Unknown,Unknown EMS Hospital Arrival Time,1,Daylight,Snow/Ice/Severe,1,1,['Front_Passenger'],['Shoulder_Lapbelt'],0,0,Valid,0.0,1.0,18.0,18.0,['Male'],0,0,3,1,3,Icy/Snowy,Curve,Grade/Hillcrest,Lowest,No
31261,48,Texas,480279,0,2,2,0,3,NOT APPLICABLE,January,19,Thursday,10,17,Urban,Medium Speed (Collector),No,30.09221944,-95.11094167,Simple Junction,Daylight,Clear,Unknown,Unknown,Unknown EMS Scene Arrival Hour,Unknown EMS Scene Arrival Minutes,Unknown,Unknown EMS Hospital Arrival Time,1,Daylight,Clear,1,2,['Driver'],['None_Used'],0,0,Invalid,0.0,1.0,36.0,31.0,"['Male', 'Male']",1,0,5,4,5,Dry,Straight,Level,Lowest,No
31262,48,Texas,480280,0,3,3,0,4,DALLAS,January,30,Monday,22,17,Urban,High Speed (Arterial),Yes,32.76720833,-96.86338333,Non-Intersection,Dark - Lighted,Sleet or Hail,Unknown,Unknown if Notified,Unknown EMS Scene Arrival Hour,Unknown if Arrived,Not Applicable (Not Transported),Not Applicable (Not Transported),1,Dark - Lighted,Snow/Ice/Severe,1,3,['Driver'],['None_Used'],0,0,Valid,0.0,2.0,73.0,22.0,"['Male', 'Male', 'Male']",1,0,4,2,5,Wet/Standing Water,Curve,Level,Lowest,No
31263,48,Texas,480281,0,5,5,0,10,DALLAS,February,4,Saturday,22,4,Urban,High Speed (Arterial),Yes,32.78765556,-96.80384444,Non-Intersection,Dark - Lighted,Clear,Unknown,Unknown,Unknown EMS Scene Arrival Hour,Unknown EMS Scene Arrival Minutes,Unknown,Unknown EMS Hospital Arrival Time,1,Dark - Lighted,Clear,1,9,['Driver'],['Shoulder_Lapbelt'],1,1,Invalid,0.0,3.0,63.0,19.0,"['Male', 'Female', 'Male', 'Male', 'Male']",5,0,3,2,5,Dry,Straight,Level,Lowest,No
31264,48,Texas,480282,0,1,1,0,1,NOT APPLICABLE,February,5,Sunday,6,50,Rural,High Speed (Arterial),Yes,34.8844,-102.25414167,Non-Intersection,Dark - Not Lighted,Clear,Unknown,Unknown if Notified,Unknown EMS Scene Arrival Hour,Unknown if Arrived,Not Applicable (Not Transported),Not Applicable (Not Transported),1,Dark - Unlighted,Clear,1,0,['Driver'],['None_Used'],0,0,Valid,0.0,1.0,18.0,18.0,['Male'],0,0,2,1,3,Dry,Straight,Level,Medium,No
31265,48,Texas,480283,0,2,2,0,2,RICHARDSON,January,29,Sunday,16,25,Urban,Medium Speed (Collector),No,32.96049167,-96.68715833,Simple Junction,Daylight,Cloudy,Unknown,Unknown,Unknown EMS Scene Arrival Hour,Unknown EMS Scene Arrival Minutes,Unknown,Unknown EMS Hospital Arrival Time,1,Daylight,Reduced Visibility,1,1,['Driver'],['None_Used'],1,1,Valid,0.0,0.0,74.0,55.0,"['Male', 'Female']",1,0,5,1,5,Dry,Straight,Grade/Hillcrest,Lowest,No
31266,48,Texas,480284,0,4,1,3,1,SAN ANTONIO,January,12,Thursday,0,48,Urban,Medium Speed (Collector),No,29.41840556,-98.62959444,Non-Intersection,Dark - Lighted,Clear,Unknown,Unknown,Unknown EMS Scene Arrival Hour,Unknown EMS Scene Arrival Minutes,Not Applicable (Not Transported),Not Applicable (Not Transported),1,Dark - Lighted,Clear,1,0,['Driver'],['Shoulder_Lapbelt'],0,0,Invalid,0.0,0.0,25.0,25.0,['Male'],1,0,2,1,3,Dry,Straight,Level,Lowest,No
31267,48,Texas,480285,0,1,1,0,1,NOT APPLICABLE,January,29,Sunday,7,15,Urban,Medium Speed (Collector),No,26.13113611,-97.49203889,Simple Junction,Dark - Not Lighted,Clear,Unknown,Unknown if Notified,Unknown EMS Scene Arrival Hour,Unknown if Arrived,Not Applicable (Not Transported),Not Applicable (Not Transported),1,Dark - Unlighted,Clear,1,0,['Driver'],['None_Used'],1,1,Invalid,0.0,0.0,41.0,41.0,['Male'],0,0,2,4,3,Dry,Straight,Level,Lowest,No
31268,48,Texas,480286,0,2,2,0,2,NOT APPLICABLE,January,24,Tuesday,5,57,Rural,Medium Speed (Collector),No,32.54666944,-97.64726111,Non-Intersection,Dark - Not Lighted,Rain,Unknown,Unknown,Unknown EMS Scene Arrival Hour,Unknown EMS Scene Arrival Minutes,Unknown,Unknown EMS Hospital Arrival Time,1,Dark - Unlighted,Rain/Wind/Minor,1,1,['Driver'],['None_Used'],0,0,Invalid,2.0,2.0,60.0,35.0,"['Female', 'Male']",1,0,4,1,5,Wet/Standing Water,Curve,Grade/Hillcrest,Lowest,No
31269,48,Texas,480287,0,2,2,0,2,NOT APPLICABLE,January,9,Monday,18,39,Urban,High Speed (Arterial),Yes,31.90194167,-102.23326667,Non-Intersection,Dark - Not Lighted,Clear,Unknown,Unknown if Notified,Unknown EMS Scene Arrival Hour,Unknown if Arrived,Not Applicable (Not Transported),Not Applicable (Not Transported),1,Dark - Unlighted,Clear,1,1,['Driver'],['Shoulder_Lapbelt'],1,1,Valid,1.0,1.0,37.0,27.0,"['Male', 'Male']",1,0,4,2,5,Dry,Straight,Level,Lowest,No
31270,48,Texas,480288,0,2,2,0,2,NOT APPLICABLE,January,21,Saturday,7,32,Rural,Medium Speed (Collector),No,31.73822222,-102.01774444,Non-Intersection,Dawn,Clear,Unknown,Unknown if Notified,Unknown EMS Scene Arrival Hour,Unknown if Arrived,Not Applicable (Not Transported),Not Applicable (Not Transported),1,Twilight,Clear,1,1,['Driver'],['None_Used'],0,0,Valid,2.0,1.0,66.0,21.0,"['Male', 'Male']",0,0,4,4,5,Dry,Straight,Non-Trafficway,Lowest,No
31271,48,Texas,480289,0,1,1,0,1,NOT APPLICABLE,February,1,Wednesday,20,8,Urban,High Speed (Arterial),Yes,32.33751111,-96.85674444,Non-Intersection,Dark - Not Lighted,Rain,Unknown,Unknown,Unknown EMS Scene Arrival Hour,Unknown EMS Scene Arrival Minutes,Unknown,Unknown EMS Hospital Arrival Time,1,Dark - Unlighted,Rain/Wind/Minor,1,0,['Driver'],['None_Used'],1,1,Invalid,2.0,1.0,35.0,35.0,['Male'],1,0,2,1,3,Icy/Snowy,Straight,Level,Lowest,No
31272,48,Texas,480290,1,1,1,0,1,HOUSTON,January,26,Thursday,4,30,Urban,Medium Speed (Collector),No,29.75271944,-95.41079444,Non-Intersection,Dark - Lighted,Clear,Unknown,Unknown if Notified,Unknown EMS Scene Arrival Hour,Unknown if Arrived,Not Applicable (Not Transported),Not Applicable (Not Transported),1,Dark - Lighted,Clear,0,0,[],[],0,0,Invalid,0.0,0.0,999.0,999.0,['Other'],0,0,1,2,4,Dry,Straight,Level,Lowest,No
31273,48,Texas,480291,0,1,1,0,1,NOT APPLICABLE,January,19,Thursday,13,22,Rural,Medium Speed (Collector),No,30.06368889,-101.12126944,Non-Intersection,Daylight,Clear,Unknown,Unknown if Notified,Unknown EMS Scene Arrival Hour,Unknown if Arrived,Not Applicable (Not Transported),Not Applicable (Not Transported),1,Daylight,Clear,1,0,['Driver'],['None_Used'],1,1,Invalid,0.0,0.0,23.0,23.0,['Male'],1,0,2,1,3,Dry,Curve,Level,Lowest,No
31274,48,Texas,480292,1,1,1,0,2,LANCASTER,February,6,Monday,6,38,Urban,High Speed (Arterial),Yes,32.64321389,-96.7958,Non-Intersection,Dark - Not Lighted,Clear,Unknown,Unknown if Notified,Unknown EMS Scene Arrival Hour,Unknown if Arrived,Not Applicable (Not Transported),Not Applicable (Not Transported),1,Dark - Unlighted,Clear,0,2,[],[],0,0,Valid,0.0,0.0,43.0,43.0,['Male'],0,0,3,1,4,Dry,Straight,Level,Lowest,No
31275,48,Texas,480293,0,3,3,0,7,DALLAS,February,5,Sunday,2,47,Urban,High Speed (Arterial),Yes,32.76646389,-96.89665556,Non-Intersection,Dark - Lighted,Clear,Unknown,Unknown,Unknown EMS Scene Arrival Hour,Unknown EMS Scene Arrival Minutes,Unknown,Unknown EMS Hospital Arrival Time,1,Dark - Lighted,Clear,1,6,['Driver'],['Shoulder_Lapbelt'],1,2,Invalid,0.0,0.0,45.0,21.0,"['Male', 'Male', 'Female']",1,0,2,1,5,Dry,Straight,Level,Lowest,No
31276,48,Texas,480294,0,1,1,0,1,DALLAS,February,7,Tuesday,3,45,Urban,High Speed (Arterial),Yes,32.87097778,-96.89863611,Non-Intersection,Dark - Lighted,Clear,Unknown,Unknown if Notified,Unknown EMS Scene Arrival Hour,Unknown if Arrived,Not Applicable (Not Transported),Not Applicable (Not Transported),1,Dark - Lighted,Clear,1,0,['Driver'],['Shoulder_Lapbelt'],1,1,Valid,0.0,0.0,21.0,21.0,['Female'],0,0,2,1,3,Dry,Straight,Level,Lowest,No
31277,48,Texas,480295,0,3,3,0,3,NOT APPLICABLE,January,21,Saturday,0,21,Urban,High Speed (Arterial),Yes,31.79231667,-96.249925,Non-Intersection,Dark - Not Lighted,Clear,Unknown,Unknown if Notified,Unknown EMS Scene Arrival Hour,Unknown if Arrived,Not Applicable (Not Transported),Not Applicable (Not Transported),1,Dark - Unlighted,Clear,1,1,['Driver'],['None_Used'],1,1,Invalid,1.0,0.0,999.0,21.0,"['Male', 'Male', 'Other']",0,0,4,2,5,Dry,Straight,Grade/Hillcrest,Medium,No
31278,48,Texas,480296,1,1,1,0,1,HOUSTON,January,8,Sunday,18,48,Urban,High Speed (Arterial),No,29.74049722,-95.46715556,Complex/Circle,Dark - Lighted,Clear,Unknown,Unknown,Unknown EMS Scene Arrival Hour,Unknown EMS Scene Arrival Minutes,7:00pm-7:59pm,5,1,Dark - Lighted,Clear,0,1,[],[],0,0,Invalid,0.0,0.0,35.0,35.0,['Male'],0,0,2,1,4,Dry,Curve,Level,Lowest,No
31279,48,Texas,480297,1,2,2,0,1,ARLINGTON,February,2,Thursday,23,32,Urban,High Speed (Arterial),Yes,32.69098056,-97.06283333,Non-Intersection,Dark - Not Lighted,Clear,Unknown,Unknown,Unknown EMS Scene Arrival Hour,Unknown EMS Scene Arrival Minutes,Unknown,Unknown EMS Hospital Arrival Time,1,Dark - Unlighted,Clear,0,1,[],[],0,0,Valid,0.0,0.0,53.0,53.0,['Male'],1,0,3,2,5,Icy/Snowy,Straight,Grade/Hillcrest,Lowest,No
31280,48,Texas,480298,2,4,4,0,2,GARLAND,February,3,Friday,1,34,Urban,High Speed (Arterial),Yes,32.87575833,-96.68411389,Non-Intersection,Dark - Lighted,Clear,Unknown,Unknown,Unknown EMS Scene Arrival Hour,Unknown EMS Scene Arrival Minutes,Unknown,Unknown EMS Hospital Arrival Time,1,Dark - Lighted,Clear,0,2,[],[],0,0,Valid,0.0,0.0,67.0,33.0,"['Male', 'Male']",0,0,4,2,5,Icy/Snowy,Curve,Grade/Hillcrest,Lowest,No
31281,48,Texas,480299,0,2,2,0,3,DALLAS,January,12,Thursday,16,33,Urban,High Speed (Arterial),No,32.78001944,-96.78542222,Complex/Circle,Daylight,Clear,4:00pm-4:59pm,33,4:00pm-4:59pm,40,4:00pm-4:59pm,52,1,Daylight,Clear,1,2,['Driver'],['None_Used'],1,1,Valid,1.0,0.0,57.0,22.0,"['Male', 'Male']",0,0,5,1,5,Dry,Straight,Level,Lowest,No
31282,48,Texas,480300,2,1,1,0,1,SAN ANTONIO,February,8,Wednesday,20,54,Urban,High Speed (Arterial),No,29.43460833,-98.55350278,Simple Junction,Dark - Lighted,Clear,Unknown,Unknown,Unknown EMS Scene Arrival Hour,Unknown EMS Scene Arrival Minutes,Unknown,Unknown EMS Hospital Arrival Time,1,Dark - Lighted,Clear,0,1,[],[],0,0,Valid,1.0,0.0,19.0,19.0,['Male'],0,0,5,2,4,Dry,Straight,Level,Lowest,No
31283,48,Texas,480301,0,2,2,0,2,NOT APPLICABLE,February,5,Sunday,13,14,Rural,Medium Speed (Collector),No,29.8304,-94.80332778,Complex/Circle,Daylight,Clear,Unknown,Unknown,Unknown EMS Scene Arrival Hour,Unknown EMS Scene Arrival Minutes,Unknown,Unknown EMS Hospital Arrival Time,1,Daylight,Clear,1,1,['Driver'],['None_Used'],0,0,Valid,0.0,1.0,65.0,64.0,"['Female', 'Male']",0,0,5,2,5,Dry,Straight,Level,Lowest,No
31284,48,Texas,480302,0,2,2,0,2,CORPUS CHRISTI,February,3,Friday,21,58,Urban,Medium Speed (Collector),No,27.84623889,-97.57228889,Complex/Circle,Dark - Lighted,Clear,Unknown,Unknown,Unknown EMS Scene Arrival Hour,Unknown EMS Scene Arrival Minutes,Unknown,Unknown EMS Hospital Arrival Time,1,Dark - Lighted,Clear,1,1,['Driver'],['None_Used'],0,0,Valid,0.0,0.0,59.0,51.0,"['Male', 'Male']",0,0,5,3,5,Dry,Straight,Level,Lowest,No
31285,48,Texas,480303,0,2,2,0,5,LAKE DALLAS,January,7,Saturday,16,56,Urban,High Speed (Arterial),No,33.13055278,-97.02773333,Non-Intersection,Daylight,Not Reported,Unknown,Unknown,Unknown EMS Scene Arrival Hour,Unknown EMS Scene Arrival Minutes,Unknown,Unknown EMS Hospital Arrival Time,1,Daylight,Clear,1,4,['Driver'],['Lapbelt_Only'],0,0,Invalid,0.0,0.0,64.0,56.0,"['Male', 'Male']",0,0,3,1,5,Dry,Curve,Level,Lowest,No
31286,48,Texas,480304,0,4,4,0,5,NOT APPLICABLE,February,3,Friday,7,9,Urban,High Speed (Arterial),Yes,31.12165278,-97.74964444,Non-Intersection,Dawn,Rain,Unknown,Unknown,Unknown EMS Scene Arrival Hour,Unknown EMS Scene Arrival Minutes,Unknown,Unknown EMS Hospital Arrival Time,1,Twilight,Rain/Wind/Minor,1,4,['Driver'],['None_Used'],0,0,Valid,0.0,0.0,39.0,21.0,"['Male', 'Male', 'Male', 'Male']",2,0,3,1,5,Icy/Snowy,Straight,Level,Lowest,No
31287,48,Texas,480305,0,2,2,0,4,MONAHANS,January,25,Wednesday,20,13,Urban,Medium Speed (Collector),No,31.574775,-102.91055556,Complex/Circle,Dark - Lighted,Clear,Unknown,Unknown,Unknown EMS Scene Arrival Hour,Unknown EMS Scene Arrival Minutes,Unknown,Unknown EMS Hospital Arrival Time,1,Dark - Lighted,Clear,1,3,['Rear_Seat'],['None_Used'],1,1,Invalid,0.0,1.0,54.0,32.0,"['Male', 'Male']",0,0,4,1,5,Dry,Straight,Level,Lowest,No
31288,48,Texas,480306,0,2,2,0,4,NOT APPLICABLE,February,1,Wednesday,6,59,Rural,High Speed (Arterial),No,27.77940556,-97.99209722,Non-Intersection,Dark - Not Lighted,Rain,Unknown,Unknown,Unknown EMS Scene Arrival Hour,Unknown EMS Scene Arrival Minutes,Unknown,Unknown EMS Hospital Arrival Time,3,Dark - Unlighted,Rain/Wind/Minor,3,1,"['Driver', 'Front_Passenger', 'Front_Passenger']","['None_Used', 'Shoulder_Lapbelt', 'Shoulder_Lapbelt']",0,0,Valid,0.0,2.0,42.0,34.0,"['Male', 'Female']",0,0,3,1,3,Wet/Standing Water,Straight,Level,Lowest,No