,State_Code,State_Name,Crash_ID,Count_Non_Motorists,Count_Vehicles_Total,Count_Vehicle_Forms,Count_PVH_Involved,Count_Occupants_MV,City_Name,Month_Name,Day_of_Month,Day_of_Week,Crash_Hour,Crash_Minute,Area_Rural_Urban,Road_Functional_Class,On_NHS_Road,Latitude,Longitude,Intersection_Type,Light_Condition,Weather_Condition,Notif_Hour,Notif_Minute,Arrival_Hour,Arrival_Minute,Hospital_Hour,Hospital_Minute,Fatalities_Count,Clean_Light_Condition,Clean_Weather_Condition,Total_Killed,Total_Alive,Fatal_Seats_List,Killed_Restraint_List,Any_Driver_Drinking,Total_Drinking_Drivers,Driver_License_Category,Driver_Max_Prev_Accident_Count,Driver_Max_Prev_Speeding_Count,Max_Driver_Age,Min_Driver_Age,Driver_Sex_List,Total_Exceeding_Limit_Vehicles,Total_Too_Fast_Vehicles,Max_Vehicle_Type_Severity_5,Max_Vehicle_Damage_Rank,Max_Harmful_Event_Severity,Crash_Road_Surface_Condition,Crash_Horizontal_Alignment,Crash_Vertical_Profile,Crash_Impairment_Category,Crash_Vehicle_Defect
31289,48,Texas,480308,1,4,2,2,2,NOT APPLICABLE,January,31,Tuesday,18,50,Rural,High Speed (Arterial),Yes,31.88647222,-97.08436389,Non-Intersection,Dark - Not Lighted,Sleet or Hail,Unknown,Unknown if Notified,Unknown EMS Scene Arrival Hour,Unknown if Arrived,Not Applicable (Not Transported),Not Applicable (Not Transported),1,Dark - Unlighted,Snow/Ice/Severe,0,2,[],[],0,0,Valid,0.0,0.0,57.0,55.0,"['Male', 'Male']",1,0,4,2,5,Icy/Snowy,Straight,Grade/Hillcrest,Lowest,No
31290,48,Texas,480309,0,1,1,0,1,BROWNSVILLE,February,6,Monday,1,58,Urban,Low Speed (Local),No,25.96038611,-97.42649722,Non-Intersection,Dark - Not Lighted,Cloudy,Unknown,Unknown if Notified,Unknown EMS Scene Arrival Hour,Unknown if Arrived,Not Applicable (Not Transported),Not Applicable (Not Transported),1,Dark - Unlighted,Reduced Visibility,1,0,['Driver'],['None_Used'],0,0,Invalid,0.0,0.0,999.0,999.0,['Male'],1,0,5,4,3,Dry,Curve,Level,Lowest,No
31291,48,Texas,480310,0,1,1,0,3,NOT APPLICABLE,January,26,Thursday,15,48,Rural,High Speed (Arterial),Yes,30.73316389,-96.89687778,Non-Intersection,Daylight,Clear,Unknown,Unknown if Notified,Unknown EMS Scene Arrival Hour,Unknown if Arrived,Not Applicable (Not Transported),Not Applicable (Not Transported),3,Daylight,Clear,3,0,"['Driver', 'Front_Passenger', 'Front_Passenger']","['Shoulder_Lapbelt', 'Shoulder_Lapbelt', 'Shoulder_Lapbelt']",0,0,Valid,0.0,0.0,19.0,19.0,['Male'],3,0,2,4,3,Dry,Straight,Level,Lowest,No
31292,48,Texas,480311,0,3,3,0,4,ARLINGTON,February,4,Saturday,18,27,Urban,Medium Speed (Collector),No,32.67724444,-97.10411667,Non-Intersection,Dusk,Clear,Unknown,Unknown,Unknown EMS Scene Arrival Hour,Unknown EMS Scene Arrival Minutes,Unknown,Unknown EMS Hospital Arrival Time,2,Twilight,Clear,2,2,"['Driver', 'Front_Passenger']","['Shoulder_Lapbelt', 'Shoulder_Lapbelt']",0,0,Valid,0.0,0.0,28.0,16.0,"['Male', 'Male', 'Male']",2,0,3,1,5,Dry,Straight,Grade/Hillcrest,Lowest,No
31293,48,Texas,480312,0,1,1,0,1,FORNEY,January,6,Friday,13,14,Urban,High Speed (Arterial),Yes,32.75601111,-96.468275,Non-Intersection,Daylight,Clear,11:00am-11:59am,49,11:00am-11:59am,54,12:00pm-12:59pm,29,1,Daylight,Clear,1,0,['Driver'],['Shoulder_Lapbelt'],0,0,Valid,0.0,0.0,38.0,38.0,['Female'],0,0,2,1,3,Dry,Straight,Level,Lowest,No
31294,48,Texas,480313,3,4,4,0,4,FOREST HILL,January,22,Sunday,22,51,Urban,High Speed (Arterial),Yes,32.66139722,-97.27021389,Non-Intersection,Dark - Lighted,Clear,Unknown,Unknown,Unknown EMS Scene Arrival Hour,Unknown EMS Scene Arrival Minutes,Unknown,Unknown EMS Hospital Arrival Time,1,Dark - Lighted,Clear,0,3,[],[],0,0,Invalid,0.0,2.0,25.0,21.0,"['Female', 'Male', 'Female']",0,0,3,2,5,Dry,Straight,Grade/Hillcrest,Lowest,No
31295,48,Texas,480314,0,1,1,0,1,LEWISVILLE,February,4,Saturday,16,57,Urban,Medium Speed (Collector),No,33.07431389,-97.02173611,Non-Intersection,Daylight,Clear,Unknown,Unknown if Notified,Unknown EMS Scene Arrival Hour,Unknown if Arrived,Not Applicable (Not Transported),Not Applicable (Not Transported),1,Daylight,Clear,1,0,['Driver'],['None_Used'],0,0,Invalid,0.0,0.0,17.0,17.0,['Male'],1,0,2,1,3,Dry,Straight,Grade/Hillcrest,Lowest,No
31296,48,Texas,480315,0,2,2,0,2,NOT APPLICABLE,February,7,Tuesday,5,22,Urban,Medium Speed (Collector),No,29.69465833,-95.84600556,Complex/Circle,Dark - Not Lighted,Cloudy,Unknown,Unknown,Unknown EMS Scene Arrival Hour,Unknown EMS Scene Arrival Minutes,Unknown,Unknown EMS Hospital Arrival Time,1,Dark - Unlighted,Reduced Visibility,1,1,['Driver'],['Shoulder_Lapbelt'],0,0,Valid,2.0,1.0,60.0,53.0,"['Male', 'Male']",0,0,4,1,5,Dry,Straight,Level,Lowest,No
31297,48,Texas,480316,0,2,2,0,2,DALLAS,February,8,Wednesday,17,13,Urban,High Speed (Arterial),No,32.85328056,-96.84409722,Complex/Circle,Daylight,Cloudy,5:00pm-5:59pm,15,5:00pm-5:59pm,24,5:00pm-5:59pm,46,1,Daylight,Reduced Visibility,1,1,['Driver'],['None_Used'],0,0,Valid,0.0,2.0,72.0,36.0,"['Male', 'Male']",0,0,5,1,5,Dry,Straight,Level,Lowest,No
31298,48,Texas,480317,0,2,2,0,3,NOT APPLICABLE,January,29,Sunday,20,18,Urban,High Speed (Arterial),No,30.05348611,-95.49406389,Non-Intersection,Dark - Not Lighted,"Fog, Smog, Smoke",Unknown,Unknown,Unknown EMS Scene Arrival Hour,Unknown EMS Scene Arrival Minutes,Unknown,Unknown EMS Hospital Arrival Time,1,Dark - Unlighted,Reduced Visibility,1,2,['Driver'],['None_Used'],1,1,Valid,1.0,0.0,48.0,20.0,"['Male', 'Male']",0,0,3,1,5,Wet/Standing Water,Straight,Level,Lowest,No
31299,48,Texas,480319,1,1,1,0,1,HOUSTON,January,8,Sunday,22,6,Urban,Medium Speed (Collector),No,29.74582778,-95.3464,Non-Intersection,Dark - Lighted,Clear,Unknown,Unknown if Notified,Unknown EMS Scene Arrival Hour,Unknown if Arrived,Not Applicable (Not Transported),Not Applicable (Not Transported),2,Dark - Lighted,Clear,1,0,['Driver'],['None_Used'],1,1,Invalid,1.0,0.0,37.0,37.0,['Male'],1,0,5,1,4,Dry,Straight,Level,Lowest,No
31300,48,Texas,480320,0,2,2,0,3,NOT APPLICABLE,February,9,Thursday,16,8,Urban,High Speed (Arterial),Yes,30.54740556,-97.74828056,Simple Junction,Daylight,Clear,4:00pm-4:59pm,12,4:00pm-4:59pm,20,4:00pm-4:59pm,54,1,Daylight,Clear,1,2,['Driver'],['Shoulder_Lapbelt'],0,0,Valid,0.0,0.0,44.0,18.0,"['Female', 'Female']",0,0,3,1,5,Dry,Straight,Level,Lowest,No
31301,48,Texas,480321,1,1,1,0,10,SAN ANTONIO,January,22,Sunday,11,39,Urban,High Speed (Arterial),No,29.426625,-98.55479167,Non-Intersection,Daylight,Clear,Unknown,Unknown,Unknown EMS Scene Arrival Hour,Unknown EMS Scene Arrival Minutes,Not Applicable (Not Transported),Not Applicable (Not Transported),1,Daylight,Clear,0,10,[],[],0,0,Invalid,0.0,0.0,36.0,36.0,['Male'],0,0,3,1,4,Dry,Straight,Non-Trafficway,Lowest,No
31302,48,Texas,480322,0,2,2,0,2,ENNIS,February,10,Friday,12,15,Rural,High Speed (Arterial),Yes,32.32663611,-96.74779444,Simple Junction,Daylight,Clear,Unknown,Unknown,Unknown EMS Scene Arrival Hour,Unknown EMS Scene Arrival Minutes,Unknown,Unknown EMS Hospital Arrival Time,1,Daylight,Clear,1,1,['Driver'],['Shoulder_Lapbelt'],0,0,Valid,0.0,0.0,79.0,39.0,"['Female', 'Female']",0,0,3,1,5,Dry,Straight,Level,Lowest,No
31303,48,Texas,480323,0,1,1,0,2,NOT APPLICABLE,January,21,Saturday,23,28,Rural,High Speed (Arterial),Yes,31.43645556,-94.83347222,Non-Intersection,Dark - Not Lighted,Cloudy,Unknown,Unknown,Unknown EMS Scene Arrival Hour,Unknown EMS Scene Arrival Minutes,Unknown,Unknown EMS Hospital Arrival Time,1,Dark - Unlighted,Reduced Visibility,1,1,['Driver'],['None_Used'],1,1,Invalid,0.0,0.0,31.0,31.0,['Male'],2,0,2,1,3,Wet/Standing Water,Straight,Level,Lowest,No
31304,48,Texas,480324,0,1,1,0,1,NOT APPLICABLE,February,9,Thursday,14,47,Rural,Medium Speed (Collector),No,30.51972778,-95.72512222,Non-Intersection,Daylight,Clear,Unknown,Unknown if Notified,Unknown EMS Scene Arrival Hour,Unknown if Arrived,Not Applicable (Not Transported),Not Applicable (Not Transported),1,Daylight,Clear,1,0,['Driver'],['None_Used'],0,0,Valid,0.0,0.0,24.0,24.0,['Male'],1,0,5,1,3,Dry,Curve,Level,Lowest,No
31305,48,Texas,480325,0,2,2,0,2,NOT APPLICABLE,February,10,Friday,19,33,Rural,High Speed (Arterial),Yes,32.26014444,-97.70969722,Non-Intersection,Dark - Not Lighted,Clear,Unknown,Unknown if Notified,Unknown EMS Scene Arrival Hour,Unknown if Arrived,Not Applicable (Not Transported),Not Applicable (Not Transported),1,Dark - Unlighted,Clear,1,1,['Driver'],['Shoulder_Lapbelt'],1,1,Valid,0.0,1.0,46.0,32.0,"['Male', 'Male']",1,0,3,1,5,Dry,Straight,Level,Lowest,No
31306,48,Texas,480326,0,1,1,0,1,NOT APPLICABLE,January,27,Friday,23,33,Rural,High Speed (Arterial),Yes,35.02192222,-101.07495,Non-Intersection,Dark - Not Lighted,Clear,Unknown,Unknown,Unknown EMS Scene Arrival Hour,Unknown EMS Scene Arrival Minutes,Not Applicable (Not Transported),Not Applicable (Not Transported),1,Dark - Unlighted,Clear,1,0,['Driver'],['None_Used'],0,0,Invalid,0.0,1.0,39.0,39.0,['Male'],0,0,2,4,3,Dry,Straight,Level,Medium,No
31307,48,Texas,480327,0,1,1,0,1,TOMBALL,February,11,Saturday,8,10,Urban,Medium Speed (Collector),No,30.08406944,-95.63589722,Non-Intersection,Daylight,Clear,Unknown,Unknown if Notified,Unknown EMS Scene Arrival Hour,Unknown if Arrived,Not Applicable (Not Transported),Not Applicable (Not Transported),1,Daylight,Clear,1,0,['Driver'],['Shoulder_Lapbelt'],0,0,Valid,1.0,0.0,20.0,20.0,['Male'],0,0,2,1,3,Dry,Straight,Level,Lowest,No
31308,48,Texas,480328,1,2,2,0,3,FORT WORTH,February,4,Saturday,22,21,Urban,High Speed (Arterial),Yes,32.66974722,-97.36297778,Non-Intersection,Dark - Lighted,Clear,Unknown,Unknown,Unknown EMS Scene Arrival Hour,Unknown EMS Scene Arrival Minutes,Unknown,Unknown EMS Hospital Arrival Time,2,Dark - Lighted,Clear,1,2,['Driver'],['None_Used'],0,0,Valid,0.0,1.0,34.0,24.0,"['Male', 'Female']",0,0,5,4,5,Dry,Straight,Level,Lowest,No
31309,48,Texas,480329,0,2,2,0,4,NOT APPLICABLE,January,26,Thursday,18,30,Rural,Medium Speed (Collector),No,33.86736111,-97.67490556,Simple Junction,Dark - Not Lighted,Clear,Unknown,Unknown,Unknown EMS Scene Arrival Hour,Unknown EMS Scene Arrival Minutes,Unknown,Unknown EMS Hospital Arrival Time,1,Dark - Unlighted,Clear,1,3,['Front_Passenger'],['Shoulder_Lapbelt'],0,0,Invalid,0.0,0.0,43.0,27.0,"['Male', 'Male']",0,0,4,1,5,Dry,Straight,Level,Lowest,No
31310,48,Texas,480330,0,2,2,0,2,DALLAS,February,10,Friday,2,58,Urban,High Speed (Arterial),Yes,32.82109444,-96.87009167,Non-Intersection,Dark - Lighted,Rain,3:00am-3:59am,5,3:00am-3:59am,21,3:00am-3:59am,35,1,Dark - Lighted,Rain/Wind/Minor,1,1,['Driver'],['Shoulder_Lapbelt'],1,1,Valid,1.0,1.0,68.0,21.0,"['Male', 'Male']",1,0,3,1,5,Wet/Standing Water,Straight,Level,Lowest,No
31311,48,Texas,480331,1,2,2,0,2,FORT WORTH,January,25,Wednesday,18,53,Urban,High Speed (Arterial),No,32.69209444,-97.2803,Non-Intersection,Dark - Not Lighted,Clear,Unknown,Unknown,Unknown EMS Scene Arrival Hour,Unknown EMS Scene Arrival Minutes,Unknown,Unknown EMS Hospital Arrival Time,1,Dark - Unlighted,Clear,0,1,[],[],0,0,Invalid,0.0,1.0,998.0,39.0,"['Other', 'Male']",0,0,2,1,4,Dry,Straight,Level,Lowest,No
31312,48,Texas,480332,0,2,2,0,5,NOT APPLICABLE,February,11,Saturday,23,22,Urban,High Speed (Arterial),Yes,31.81543889,-106.19997222,Simple Junction,Dark - Lighted,Clear,Unknown,Unknown,Unknown EMS Scene Arrival Hour,Unknown EMS Scene Arrival Minutes,Unknown,Unknown EMS Hospital Arrival Time,1,Dark - Lighted,Clear,1,4,['Driver'],['None_Used'],0,0,Invalid,0.0,1.0,40.0,25.0,"['Male', 'Female']",0,0,2,1,5,Dry,Straight,Level,Lowest,No
31313,48,Texas,480333,0,1,1,0,1,NOT APPLICABLE,February,4,Saturday,18,31,Urban,Low Speed (Local),No,30.50045833,-97.73740556,Non-Intersection,Dark - Not Lighted,Clear,Unknown,Unknown if Notified,Unknown EMS Scene Arrival Hour,Unknown if Arrived,Not Applicable (Not Transported),Not Applicable (Not Transported),1,Dark - Unlighted,Clear,1,0,['Driver'],['None_Used'],1,1,Valid,1.0,0.0,18.0,18.0,['Male'],1,0,3,1,3,Dry,Curve,Level,Lowest,No
31314,48,Texas,480334,1,1,1,0,1,EL PASO,February,10,Friday,20,35,Urban,High Speed (Arterial),Yes,31.90653611,-106.58266111,Non-Intersection,Dark - Not Lighted,Clear,Unknown,Unknown if Notified,Unknown EMS Scene Arrival Hour,Unknown if Arrived,Not Applicable (Not Transported),Not Applicable (Not Transported),1,Dark - Unlighted,Clear,0,0,[],[],0,0,Invalid,0.0,0.0,999.0,999.0,['Other'],0,0,1,0,4,Dry,Straight,Level,Lowest,No
31315,48,Texas,480335,0,1,1,0,2,NOT APPLICABLE,February,12,Sunday,2,2,Urban,Medium Speed (Collector),No,29.87941111,-95.31652778,Non-Intersection,Dark - Not Lighted,Cloudy,Unknown,Unknown,Unknown EMS Scene Arrival Hour,Unknown EMS Scene Arrival Minutes,Unknown,Unknown EMS Hospital Arrival Time,1,Dark - Unlighted,Reduced Visibility,1,1,['Driver'],['None_Used'],1,1,Valid,0.0,1.0,24.0,24.0,['Female'],0,0,2,1,2,Dry,Curve,Level,Lowest,No
31316,48,Texas,480336,1,1,1,0,1,HALTOM CITY,February,11,Saturday,22,17,Urban,High Speed (Arterial),No,32.78836944,-97.29066667,Non-Intersection,Dark - Lighted,Clear,Unknown,Unknown,Unknown EMS Scene Arrival Hour,Unknown EMS Scene Arrival Minutes,Unknown,Unknown EMS Hospital Arrival Time,1,Dark - Lighted,Clear,0,1,[],[],0,0,Valid,0.0,0.0,54.0,54.0,['Male'],0,0,3,1,4,Dry,Straight,Level,Lowest,No
31317,48,Texas,480337,0,1,1,0,1,ARLINGTON,February,12,Sunday,3,51,Urban,High Speed (Arterial),No,32.78448889,-97.09310833,Simple Junction,Dark - Lighted,Clear,Unknown,Unknown if Notified,Unknown EMS Scene Arrival Hour,Unknown if Arrived,Not Applicable (Not Transported),Not Applicable (Not Transported),1,Dark - Lighted,Clear,1,0,['Driver'],['None_Used'],1,1,Valid,0.0,0.0,22.0,22.0,['Male'],0,0,2,1,3,Dry,Curve,Grade/Hillcrest,Lowest,No
31318,48,Texas,480338,0,2,2,0,3,LUBBOCK,February,11,Saturday,23,4,Urban,High Speed (Arterial),Yes,33.51607222,-101.77217778,Non-Intersection,Dark - Not Lighted,Clear,Unknown,Unknown,Unknown EMS Scene Arrival Hour,Unknown EMS Scene Arrival Minutes,Unknown,Unknown EMS Hospital Arrival Time,1,Dark - Unlighted,Clear,1,2,['Driver'],['None_Used'],0,0,Invalid,0.0,1.0,35.0,18.0,"['Male', 'Male']",0,0,3,1,5,Dry,Curve,Level,Lowest,No
31319,48,Texas,480339,0,2,2,0,2,NOT APPLICABLE,January,14,Saturday,16,37,Urban,High Speed (Arterial),Yes,30.33063333,-95.36719444,Non-Intersection,Daylight,Clear,Unknown,Unknown,Unknown EMS Scene Arrival Hour,Unknown EMS Scene Arrival Minutes,Unknown,Unknown EMS Hospital Arrival Time,1,Daylight,Clear,1,1,['Driver'],['None_Used'],0,0,Valid,1.0,0.0,37.0,27.0,"['Male', 'Male']",0,0,5,1,5,Dry,Straight,Level,Lowest,No
31320,48,Texas,480340,0,1,1,0,7,NOT APPLICABLE,January,14,Saturday,15,46,Rural,Medium Speed (Collector),No,29.81654722,-95.88983056,Complex/Circle,Daylight,Clear,Unknown,Unknown,Unknown EMS Scene Arrival Hour,Unknown EMS Scene Arrival Minutes,Unknown,Unknown EMS Hospital Arrival Time,1,Daylight,Clear,1,6,['Rear_Seat'],['Shoulder_Lapbelt'],0,0,Invalid,0.0,0.0,44.0,44.0,['Male'],0,0,3,1,3,Dry,Straight,Level,Lowest,No
31321,48,Texas,480341,0,4,4,0,6,NOT APPLICABLE,February,8,Wednesday,19,35,Urban,High Speed (Arterial),Yes,31.83603889,-102.40988889,Complex/Circle,Dark - Lighted,Clear,Unknown,Unknown,Unknown EMS Scene Arrival Hour,Unknown EMS Scene Arrival Minutes,Unknown,Unknown EMS Hospital Arrival Time,1,Dark - Lighted,Clear,1,5,['Front_Passenger'],['None_Used'],1,1,Valid,0.0,2.0,41.0,36.0,"['Male', 'Male', 'Male', 'Male']",2,0,4,2,5,Dry,Straight,Level,Lowest,No
31322,48,Texas,480342,0,2,2,0,3,NOT APPLICABLE,February,10,Friday,15,56,Rural,High Speed (Arterial),Yes,28.68166389,-97.30910556,Non-Intersection,Daylight,Clear,Unknown,Unknown,Unknown EMS Scene Arrival Hour,Unknown EMS Scene Arrival Minutes,Unknown,Unknown EMS Hospital Arrival Time,1,Daylight,Clear,1,2,['Front_Passenger'],['None_Used'],0,0,Valid,0.0,2.0,81.0,25.0,"['Male', 'Female']",0,0,2,1,5,Dry,Straight,Grade/Hillcrest,Lowest,No
31323,48,Texas,480343,0,1,1,0,1,AUSTIN,January,11,Wednesday,10,22,Urban,Low Speed (Local),No,30.32365833,-97.75293889,Non-Intersection,Daylight,Cloudy,Unknown,Unknown,Unknown EMS Scene Arrival Hour,Unknown EMS Scene Arrival Minutes,Unknown,Unknown EMS Hospital Arrival Time,1,Daylight,Reduced Visibility,1,0,['Driver'],['Shoulder_Lapbelt'],0,0,Valid,0.0,0.0,73.0,73.0,['Male'],0,0,3,1,3,Dry,Straight,Level,Lowest,No
31324,48,Texas,480344,0,2,2,0,2,FORT WORTH,January,30,Monday,19,52,Urban,High Speed (Arterial),Yes,32.79520278,-97.31601944,Non-Intersection,Dark - Lighted,Sleet or Hail,Unknown,Unknown,Unknown EMS Scene Arrival Hour,Unknown EMS Scene Arrival Minutes,Unknown,Unknown EMS Hospital Arrival Time,1,Dark - Lighted,Snow/Ice/Severe,1,1,['Driver'],['None_Used'],0,0,Valid,0.0,1.0,52.0,34.0,"['Male', 'Male']",1,0,3,1,5,Icy/Snowy,Straight,Grade/Hillcrest,Lowest,No
31325,48,Texas,480345,0,2,2,0,2,NOT APPLICABLE,February,4,Saturday,5,49,Urban,High Speed (Arterial),Yes,29.85138333,-95.16653889,Non-Intersection,Dark - Not Lighted,Clear,Unknown,Unknown,Unknown EMS Scene Arrival Hour,Unknown EMS Scene Arrival Minutes,Unknown,Unknown EMS Hospital Arrival Time,1,Dark - Unlighted,Clear,1,1,['Driver'],['Shoulder_Lapbelt'],1,1,Valid,1.0,0.0,28.0,26.0,"['Male', 'Male']",1,0,3,1,5,Dry,Straight,Level,Lowest,No
31326,48,Texas,480346,0,2,2,0,2,ENNIS,February,3,Friday,19,2,Urban,High Speed (Arterial),Yes,32.32033333,-96.66010556,Non-Intersection,Dark - Not Lighted,Clear,Unknown,Unknown,Unknown EMS Scene Arrival Hour,Unknown EMS Scene Arrival Minutes,Unknown,Unknown EMS Hospital Arrival Time,1,Dark - Unlighted,Clear,1,1,['Driver'],['Shoulder_Lapbelt'],1,1,Valid,0.0,1.0,48.0,38.0,"['Male', 'Female']",0,0,4,1,5,Dry,Curve,Grade/Hillcrest,Lowest,No
31327,48,Texas,480347,0,2,2,0,2,NOT APPLICABLE,January,31,Tuesday,18,40,Urban,Medium Speed (Collector),No,33.05084444,-102.51507778,Non-Intersection,Dusk,Clear,Unknown,Unknown,Unknown EMS Scene Arrival Hour,Unknown EMS Scene Arrival Minutes,Not Applicable (Not Transported),Not Applicable (Not Transported),1,Twilight,Clear,1,1,['Driver'],['Shoulder_Lapbelt'],0,0,Invalid,0.0,0.0,69.0,56.0,"['Male', 'Male']",1,0,5,2,5,Dry,Straight,Level,Lowest,No
31328,48,Texas,480348,0,1,1,0,1,NOT APPLICABLE,January,30,Monday,10,20,Rural,Low Speed (Local),No,33.13853333,-102.701975,Non-Intersection,Daylight,Cloudy,Unknown,Unknown if Notified,Unknown EMS Scene Arrival Hour,Unknown if Arrived,Not Applicable (Not Transported),Not Applicable (Not Transported),1,Daylight,Reduced Visibility,1,0,['Driver'],['None_Used'],0,0,Valid,0.0,2.0,60.0,60.0,['Male'],0,0,4,1,3,Dry,Straight,Level,Lowest,No
31329,48,Texas,480349,0,1,1,0,2,HOUSTON,February,12,Sunday,21,39,Urban,High Speed (Arterial),Yes,29.80633333,-95.37290278,Non-Intersection,Dark - Not Lighted,Clear,Unknown,Unknown,Unknown EMS Scene Arrival Hour,Unknown EMS Scene Arrival Minutes,Not Applicable (Not Transported),Not Applicable (Not Transported),1,Dark - Unlighted,Clear,1,1,['Non_Standard_Risk'],['None_Used'],1,1,Valid,0.0,0.0,23.0,23.0,['Male'],0,0,2,1,1,Dry,Straight,Grade/Hillcrest,Lowest,No
31330,48,Texas,480350,0,2,2,0,2,NOT APPLICABLE,February,10,Friday,17,27,Urban,Medium Speed (Collector),No,33.03003611,-96.54716944,Simple Junction,Daylight,Cloudy,Unknown,Unknown,Unknown EMS Scene Arrival Hour,Unknown EMS Scene Arrival Minutes,Unknown,Unknown EMS Hospital Arrival Time,1,Daylight,Reduced Visibility,1,1,['Driver'],['Shoulder_Lapbelt'],0,0,Valid,0.0,0.0,22.0,21.0,"['Female', 'Male']",0,0,2,1,5,Dry,Curve,Level,Lowest,No
31331,48,Texas,480351,0,1,1,0,4,AUSTIN,February,11,Saturday,1,0,Urban,Medium Speed (Collector),No,30.36486667,-97.69606944,Complex/Circle,Dark - Lighted,Clear,Unknown,Unknown if Notified,Unknown EMS Scene Arrival Hour,Unknown if Arrived,Not Applicable (Not Transported),Not Applicable (Not Transported),1,Dark - Lighted,Clear,1,3,['Front_Passenger'],['None_Used'],0,0,Invalid,0.0,0.0,31.0,31.0,['Male'],0,0,3,1,1,Dry,Straight,Non-Trafficway,Lowest,No
31332,48,Texas,480353,1,1,1,0,1,PLANO,February,12,Sunday,18,44,Urban,Medium Speed (Collector),No,33.01881667,-96.76831667,Non-Intersection,Dark - Not Lighted,Clear,Unknown,Unknown,Unknown EMS Scene Arrival Hour,Unknown EMS Scene Arrival Minutes,Unknown,Unknown EMS Hospital Arrival Time,1,Dark - Unlighted,Clear,0,1,[],[],0,0,Valid,3.0,3.0,35.0,35.0,['Male'],1,0,2,3,4,Dry,Curve,Level,Lowest,No
31333,48,Texas,480354,0,1,1,0,1,LONGVIEW,February,10,Friday,17,14,Urban,High Speed (Arterial),Yes,32.50999722,-94.81534444,Non-Intersection,Daylight,Cloudy,Unknown,Unknown if Notified,Unknown EMS Scene Arrival Hour,Unknown if Arrived,Not Applicable (Not Transported),Not Applicable (Not Transported),1,Daylight,Reduced Visibility,1,0,['Driver'],['None_Used'],0,0,Valid,0.0,0.0,37.0,37.0,['Male'],1,0,5,1,3,Dry,Straight,Level,Lowest,Yes
31334,48,Texas,480356,0,2,2,0,7,NOT APPLICABLE,February,8,Wednesday,8,15,Rural,Medium Speed (Collector),No,31.69392778,-94.711625,Non-Intersection,Daylight,Rain,Unknown,Unknown,Unknown EMS Scene Arrival Hour,Unknown EMS Scene Arrival Minutes,Unknown,Unknown EMS Hospital Arrival Time,1,Daylight,Rain/Wind/Minor,1,6,['Rear_Seat'],['Child_Safety'],0,0,Invalid,0.0,1.0,34.0,34.0,"['Female', 'Male']",0,0,3,1,5,Wet/Standing Water,Straight,Grade/Hillcrest,Lowest,No
31335,48,Texas,480357,0,2,2,0,2,NOT APPLICABLE,February,11,Saturday,21,0,Urban,High Speed (Arterial),Yes,30.15114167,-96.67215833,Simple Junction,Dark - Not Lighted,Clear,Unknown,Unknown if Notified,Unknown EMS Scene Arrival Hour,Unknown if Arrived,Not Applicable (Not Transported),Not Applicable (Not Transported),1,Dark - Unlighted,Clear,1,1,['Driver'],['Shoulder_Lapbelt'],0,0,Valid,0.0,0.0,54.0,20.0,"['Male', 'Male']",1,0,4,1,5,Dry,Straight,Level,Lowest,No
31336,48,Texas,480358,1,1,1,0,1,FORT WORTH,February,14,Tuesday,22,0,Urban,High Speed (Arterial),Yes,32.83823056,-97.052375,Non-Intersection,Dark - Not Lighted,Clear,Unknown,Unknown,Unknown EMS Scene Arrival Hour,Unknown EMS Scene Arrival Minutes,Unknown,Unknown EMS Hospital Arrival Time,1,Dark - Unlighted,Clear,0,1,[],[],0,0,Valid,0.0,0.0,51.0,51.0,['Male'],0,0,2,1,4,Dry,Straight,Level,Lowest,No
31337,48,Texas,480359,0,2,2,0,3,AUSTIN,February,14,Tuesday,12,8,Urban,High Speed (Arterial),Yes,30.2775,-97.66743333,Non-Intersection,Daylight,Clear,Unknown,Unknown,Unknown EMS Scene Arrival Hour,Unknown EMS Scene Arrival Minutes,Unknown,Unknown EMS Hospital Arrival Time,1,Daylight,Clear,1,2,['Driver'],['Shoulder_Lapbelt'],0,0,Valid,0.0,1.0,49.0,19.0,"['Male', 'Female']",3,0,2,1,5,Dry,Straight,Level,Lowest,No
31338,48,Texas,480360,0,1,1,0,1,PHARR,February,4,Saturday,5,14,Urban,Medium Speed (Collector),No,26.23860556,-98.18894722,Non-Intersection,Dark - Not Lighted,Clear,Unknown,Unknown,Unknown EMS Scene Arrival Hour,Unknown EMS Scene Arrival Minutes,Unknown,Unknown EMS Hospital Arrival Time,1,Dark - Unlighted,Clear,1,0,['Driver'],['Shoulder_Lapbelt'],0,0,Valid,0.0,0.0,44.0,44.0,['Male'],1,0,2,4,3,Dry,Straight,Level,Lowest,No