,State_Code,State_Name,Crash_ID,Count_Non_Motorists,Count_Vehicles_Total,Count_Vehicle_Forms,Count_PVH_Involved,Count_Occupants_MV,City_Name,Month_Name,Day_of_Month,Day_of_Week,Crash_Hour,Crash_Minute,Area_Rural_Urban,Road_Functional_Class,On_NHS_Road,Latitude,Longitude,Intersection_Type,Light_Condition,Weather_Condition,Notif_Hour,Notif_Minute,Arrival_Hour,Arrival_Minute,Hospital_Hour,Hospital_Minute,Fatalities_Count,Clean_Light_Condition,Clean_Weather_Condition,Total_Killed,Total_Alive,Fatal_Seats_List,Killed_Restraint_List,Any_Driver_Drinking,Total_Drinking_Drivers,Driver_License_Category,Driver_Max_Prev_Accident_Count,Driver_Max_Prev_Speeding_Count,Max_Driver_Age,Min_Driver_Age,Driver_Sex_List,Total_Exceeding_Limit_Vehicles,Total_Too_Fast_Vehicles,Max_Vehicle_Type_Severity_5,Max_Vehicle_Damage_Rank,Max_Harmful_Event_Severity,Crash_Road_Surface_Condition,Crash_Horizontal_Alignment,Crash_Vertical_Profile,Crash_Impairment_Category,Crash_Vehicle_Defect
31339,48,Texas,480361,1,1,1,0,1,SAN ANTONIO,February,14,Tuesday,19,34,Urban,Medium Speed (Collector),No,29.55066667,-98.47001667,Non-Intersection,Dark - Lighted,Clear,Unknown,Unknown,Unknown EMS Scene Arrival Hour,Unknown EMS Scene Arrival Minutes,Not Applicable (Not Transported),Not Applicable (Not Transported),1,Dark - Lighted,Clear,0,1,[],[],1,1,Valid,0.0,0.0,44.0,44.0,['Male'],0,0,3,2,4,Dry,Straight,Level,Lowest,No
31340,48,Texas,480362,0,1,1,0,1,NOT APPLICABLE,January,30,Monday,21,45,Rural,High Speed (Arterial),Yes,30.96465,-100.57688889,Non-Intersection,Dark - Not Lighted,Freezing Rain or Drizzle,Unknown,Unknown if Notified,Unknown EMS Scene Arrival Hour,Unknown if Arrived,Not Applicable (Not Transported),Not Applicable (Not Transported),1,Dark - Unlighted,Snow/Ice/Severe,1,0,['Driver'],['Shoulder_Lapbelt'],0,0,Valid,0.0,0.0,49.0,49.0,['Female'],1,0,3,1,3,Icy/Snowy,Straight,Level,Lowest,No
31341,48,Texas,480363,1,1,1,0,1,MIDLAND,February,7,Tuesday,19,24,Urban,Medium Speed (Collector),No,31.97759167,-102.05100556,Non-Intersection,Dark - Not Lighted,Cloudy,Unknown,Unknown,Unknown EMS Scene Arrival Hour,Unknown EMS Scene Arrival Minutes,Unknown,Unknown EMS Hospital Arrival Time,1,Dark - Unlighted,Reduced Visibility,0,0,[],[],0,0,Invalid,0.0,0.0,999.0,999.0,['Other'],0,0,1,1,4,Dry,Straight,Level,Lowest,No
31342,48,Texas,480364,0,2,2,0,2,NOT APPLICABLE,January,16,Monday,18,15,Rural,Medium Speed (Collector),No,33.69936944,-96.18484167,Complex/Circle,Dark - Not Lighted,Cloudy,Unknown,Unknown if Notified,Unknown EMS Scene Arrival Hour,Unknown if Arrived,Not Applicable (Not Transported),Not Applicable (Not Transported),1,Dark - Unlighted,Reduced Visibility,1,1,['Driver'],['None_Used'],0,0,Invalid,0.0,0.0,65.0,60.0,"['Male', 'Male']",0,0,5,4,5,Dry,Straight,Level,Lowest,No
31343,48,Texas,480365,1,1,1,0,2,NOT APPLICABLE,January,28,Saturday,19,30,Rural,Medium Speed (Collector),No,29.78299167,-94.64651667,Non-Intersection,Dark - Not Lighted,Clear,Unknown,Unknown,Unknown EMS Scene Arrival Hour,Unknown EMS Scene Arrival Minutes,Unknown,Unknown EMS Hospital Arrival Time,1,Dark - Unlighted,Clear,0,2,[],[],0,0,Valid,0.0,0.0,15.0,15.0,['Female'],0,0,3,1,4,Dry,Straight,Level,Lowest,No
31344,48,Texas,480366,0,2,2,0,3,AMARILLO,February,8,Wednesday,23,4,Urban,Medium Speed (Collector),No,35.17088889,-101.84844444,Non-Intersection,Dark - Lighted,Clear,Unknown,Unknown,Unknown EMS Scene Arrival Hour,Unknown EMS Scene Arrival Minutes,Unknown,Unknown EMS Hospital Arrival Time,1,Dark - Lighted,Clear,1,2,['Front_Passenger'],['None_Used'],0,0,Invalid,0.0,0.0,41.0,28.0,"['Male', 'Female']",1,0,3,1,5,Dry,Straight,Level,Lowest,No
31345,48,Texas,480367,0,1,1,0,2,NOT APPLICABLE,January,31,Tuesday,12,10,Rural,High Speed (Arterial),Yes,32.67066944,-101.87842222,Non-Intersection,Daylight,Cloudy,Unknown,Unknown,Unknown EMS Scene Arrival Hour,Unknown EMS Scene Arrival Minutes,Unknown,Unknown EMS Hospital Arrival Time,1,Daylight,Reduced Visibility,1,1,['Front_Passenger'],['None_Used'],0,0,Valid,0.0,0.0,64.0,64.0,['Male'],2,0,3,1,3,Icy/Snowy,Straight,Level,Lowest,No
31346,48,Texas,480368,1,1,1,0,1,HOUSTON,February,8,Wednesday,18,50,Urban,Medium Speed (Collector),No,29.80380278,-95.37290833,Complex/Circle,Dark - Lighted,Clear,Unknown,Unknown,Unknown EMS Scene Arrival Hour,Unknown EMS Scene Arrival Minutes,Unknown,Unknown EMS Hospital Arrival Time,1,Dark - Lighted,Clear,0,1,[],[],0,0,Invalid,1.0,1.0,45.0,45.0,['Female'],0,0,2,2,4,Dry,Straight,Level,Lowest,No
31347,48,Texas,480369,1,1,1,0,2,NOT APPLICABLE,February,14,Tuesday,21,2,Urban,High Speed (Arterial),Yes,29.97336667,-95.42050278,Non-Intersection,Dark - Not Lighted,Clear,Unknown,Unknown,Unknown EMS Scene Arrival Hour,Unknown EMS Scene Arrival Minutes,Not Applicable (Not Transported),Not Applicable (Not Transported),1,Dark - Unlighted,Clear,0,2,[],[],0,0,Valid,0.0,0.0,27.0,27.0,['Female'],0,0,2,1,4,Dry,Straight,Grade/Hillcrest,Lowest,No
31348,48,Texas,480370,0,1,1,0,2,NOT APPLICABLE,February,4,Saturday,21,18,Rural,Low Speed (Local),No,29.82088333,-98.0855,Non-Intersection,Dark - Not Lighted,Clear,Unknown,Unknown,Unknown EMS Scene Arrival Hour,Unknown EMS Scene Arrival Minutes,Unknown,Unknown EMS Hospital Arrival Time,1,Dark - Unlighted,Clear,1,1,['Front_Passenger'],['None_Used'],1,1,Valid,0.0,0.0,47.0,47.0,['Male'],2,0,5,1,3,Dry,Curve,Grade/Hillcrest,Lowest,No
31349,48,Texas,480371,0,1,1,0,1,SAN ANTONIO,February,16,Thursday,2,29,Urban,Medium Speed (Collector),No,29.52119444,-98.55463056,Non-Intersection,Dark - Lighted,Clear,Unknown,Unknown,Unknown EMS Scene Arrival Hour,Unknown EMS Scene Arrival Minutes,Unknown,Unknown EMS Hospital Arrival Time,1,Dark - Lighted,Clear,1,0,['Driver'],['Shoulder_Lapbelt'],1,1,Invalid,0.0,1.0,20.0,20.0,['Male'],1,0,2,1,3,Dry,Straight,Grade/Hillcrest,Lowest,No
31350,48,Texas,480372,0,1,1,0,1,HOUSTON,January,9,Monday,19,52,Urban,High Speed (Arterial),Yes,29.93841389,-95.29615278,Non-Intersection,Dark - Lighted,Clear,Unknown,Unknown,Unknown EMS Scene Arrival Hour,Unknown EMS Scene Arrival Minutes,Unknown,Unknown EMS Hospital Arrival Time,1,Dark - Lighted,Clear,1,0,['Driver'],['Shoulder_Lapbelt'],0,0,Invalid,0.0,0.0,30.0,30.0,['Male'],0,0,2,1,0,Dry,Straight,Level,Lowest,No
31351,48,Texas,480373,1,1,1,0,2,FORT WORTH,February,17,Friday,23,58,Urban,High Speed (Arterial),Yes,32.96220278,-97.40975,Non-Intersection,Dark - Not Lighted,Clear,Unknown,Unknown if Notified,Unknown EMS Scene Arrival Hour,Unknown if Arrived,Not Applicable (Not Transported),Not Applicable (Not Transported),1,Dark - Unlighted,Clear,0,2,[],[],0,0,Valid,0.0,0.0,49.0,49.0,['Female'],0,0,3,1,4,Dry,Straight,Level,Lowest,No
31352,48,Texas,480374,0,1,1,0,4,NOT APPLICABLE,January,31,Tuesday,7,35,Rural,Medium Speed (Collector),No,33.182525,-102.45524444,Non-Intersection,Daylight,Cloudy,7:00am-7:59am,30,7:00am-7:59am,52,8:00am-8:59am,53,3,Daylight,Reduced Visibility,3,1,"['Driver', 'Front_Passenger', 'Rear_Seat']","['None_Used', 'None_Used', 'None_Used']",1,1,Invalid,0.0,0.0,46.0,46.0,['Male'],4,0,3,1,3,Icy/Snowy,Straight,Level,Lowest,No
31353,48,Texas,480376,0,2,2,0,2,NOT APPLICABLE,February,9,Thursday,11,31,Rural,Medium Speed (Collector),No,30.57296667,-98.24594444,Non-Intersection,Daylight,Clear,Unknown,Unknown,Unknown EMS Scene Arrival Hour,Unknown EMS Scene Arrival Minutes,Unknown,Unknown EMS Hospital Arrival Time,1,Daylight,Clear,1,1,['Driver'],['None_Used'],0,0,Invalid,3.0,2.0,41.0,36.0,"['Female', 'Female']",0,0,2,1,5,Dry,Curve,Grade/Hillcrest,Lowest,No
31354,48,Texas,480377,0,2,2,0,4,NOT APPLICABLE,February,12,Sunday,9,57,Rural,High Speed (Arterial),No,31.43179444,-97.70301944,Non-Intersection,Daylight,Clear,Unknown,Unknown,Unknown EMS Scene Arrival Hour,Unknown EMS Scene Arrival Minutes,Unknown,Unknown EMS Hospital Arrival Time,1,Daylight,Clear,1,3,['Front_Passenger'],['Shoulder_Lapbelt'],0,0,Valid,0.0,0.0,68.0,34.0,"['Male', 'Female']",0,0,3,1,5,Dry,Straight,Level,Lowest,No
31355,48,Texas,480378,0,1,1,0,1,NOT APPLICABLE,February,18,Saturday,0,22,Rural,Medium Speed (Collector),No,32.48003333,-97.91313889,Non-Intersection,Dark - Not Lighted,Clear,Unknown,Unknown if Notified,Unknown EMS Scene Arrival Hour,Unknown if Arrived,Not Applicable (Not Transported),Not Applicable (Not Transported),1,Dark - Unlighted,Clear,1,0,['Driver'],['None_Used'],1,1,Valid,0.0,1.0,49.0,49.0,['Male'],1,0,3,4,3,Dry,Curve,Grade/Hillcrest,Lowest,No
31356,48,Texas,480379,1,1,1,0,1,SAN ANTONIO,February,7,Tuesday,18,45,Urban,Medium Speed (Collector),No,29.53470278,-98.41114722,Non-Intersection,Dark - Lighted,Clear,Unknown,Unknown,Unknown EMS Scene Arrival Hour,Unknown EMS Scene Arrival Minutes,Unknown,Unknown EMS Hospital Arrival Time,1,Dark - Lighted,Clear,0,1,[],[],0,0,Valid,2.0,1.0,25.0,25.0,['Male'],0,0,2,1,4,Dry,Straight,Level,Lowest,No
31357,48,Texas,480380,0,1,1,0,1,LUBBOCK,January,17,Tuesday,4,54,Urban,High Speed (Arterial),No,33.56425556,-101.95715833,Non-Intersection,Dark - Lighted,Cloudy,Unknown,Unknown,Unknown EMS Scene Arrival Hour,Unknown EMS Scene Arrival Minutes,Unknown,Unknown EMS Hospital Arrival Time,1,Dark - Lighted,Reduced Visibility,1,0,['Driver'],['None_Used'],0,0,Valid,0.0,0.0,56.0,56.0,['Female'],0,0,3,1,3,Dry,Straight,Level,Lowest,No
31358,48,Texas,480381,1,1,1,0,1,NOT APPLICABLE,February,8,Wednesday,12,34,Urban,High Speed (Arterial),Yes,28.98568333,-95.37843333,Complex/Circle,Daylight,Cloudy,Unknown,Unknown if Notified,Unknown EMS Scene Arrival Hour,Unknown if Arrived,Not Applicable (Not Transported),Not Applicable (Not Transported),1,Daylight,Reduced Visibility,1,0,['Driver'],['None_Used'],0,0,Valid,0.0,1.0,70.0,70.0,['Female'],0,0,2,1,4,Dry,Straight,Level,Lowest,No
31359,48,Texas,480382,0,2,2,0,2,NOT APPLICABLE,February,9,Thursday,15,23,Rural,Medium Speed (Collector),No,30.81115,-96.09804167,Non-Intersection,Daylight,Clear,Unknown,Unknown,Unknown EMS Scene Arrival Hour,Unknown EMS Scene Arrival Minutes,Unknown,Unknown EMS Hospital Arrival Time,1,Daylight,Clear,1,1,['Driver'],['Shoulder_Lapbelt'],0,0,Valid,0.0,1.0,64.0,37.0,"['Female', 'Male']",0,0,3,1,5,Dry,Straight,Level,Lowest,No
31360,48,Texas,480383,0,2,2,0,2,NOT APPLICABLE,February,14,Tuesday,21,20,Rural,Medium Speed (Collector),No,32.87747778,-94.62555278,Complex/Circle,Dark - Not Lighted,Clear,Unknown,Unknown if Notified,Unknown EMS Scene Arrival Hour,Unknown if Arrived,Not Applicable (Not Transported),Not Applicable (Not Transported),1,Dark - Unlighted,Clear,1,1,['Driver'],['None_Used'],1,1,Valid,0.0,0.0,66.0,62.0,"['Female', 'Male']",0,0,4,1,5,Dry,Straight,Level,Lowest,No
31361,48,Texas,480384,0,2,2,0,3,NOT APPLICABLE,February,4,Saturday,23,42,Rural,Medium Speed (Collector),No,31.82975278,-103.15171389,Simple Junction,Dark - Not Lighted,Clear,Unknown,Unknown,Unknown EMS Scene Arrival Hour,Unknown EMS Scene Arrival Minutes,Unknown,Unknown EMS Hospital Arrival Time,2,Dark - Unlighted,Clear,2,1,"['Driver', 'Front_Passenger']","['Shoulder_Lapbelt', 'Shoulder_Lapbelt']",1,1,Valid,0.0,1.0,31.0,27.0,"['Male', 'Male']",0,0,4,2,5,Dry,Straight,Level,Lowest,No
31362,48,Texas,480385,0,1,1,0,1,NOT APPLICABLE,February,19,Sunday,2,20,Rural,Medium Speed (Collector),No,29.62351667,-97.05233611,Non-Intersection,Dark - Not Lighted,Clear,Unknown,Unknown if Notified,Unknown EMS Scene Arrival Hour,Unknown if Arrived,Not Applicable (Not Transported),Not Applicable (Not Transported),1,Dark - Unlighted,Clear,1,0,['Driver'],['None_Used'],0,0,Invalid,0.0,0.0,53.0,53.0,['Male'],0,0,3,1,3,Dry,Curve,Grade/Hillcrest,Lowest,No
31363,48,Texas,480386,0,2,2,0,2,SAN ANTONIO,January,31,Tuesday,18,17,Urban,High Speed (Arterial),Yes,29.37563611,-98.61146389,Non-Intersection,Dark - Not Lighted,Cloudy,Unknown,Unknown,Unknown EMS Scene Arrival Hour,Unknown EMS Scene Arrival Minutes,Unknown,Unknown EMS Hospital Arrival Time,1,Dark - Unlighted,Reduced Visibility,1,1,['Driver'],['Shoulder_Lapbelt'],0,0,Valid,1.0,0.0,62.0,29.0,"['Female', 'Male']",1,0,3,1,5,Dry,Straight,Non-Trafficway,Lowest,No
31364,48,Texas,480387,1,1,1,0,1,NOT APPLICABLE,February,16,Thursday,3,15,Urban,High Speed (Arterial),Yes,29.92163056,-95.496175,Non-Intersection,Dark - Lighted,Rain,Unknown,Unknown,Unknown EMS Scene Arrival Hour,Unknown EMS Scene Arrival Minutes,Unknown,Unknown EMS Hospital Arrival Time,1,Dark - Lighted,Rain/Wind/Minor,0,1,[],[],0,0,Valid,0.0,0.0,62.0,62.0,['Male'],0,0,3,2,4,Wet/Standing Water,Straight,Level,Lowest,No
31365,48,Texas,480388,1,1,1,0,1,TYLER,February,15,Wednesday,21,15,Urban,High Speed (Arterial),Yes,32.35006667,-95.26749167,Non-Intersection,Dark - Lighted,Clear,Unknown,Unknown if Notified,Unknown EMS Scene Arrival Hour,Unknown if Arrived,Not Applicable (Not Transported),Not Applicable (Not Transported),1,Dark - Lighted,Clear,0,1,[],[],0,0,Valid,0.0,1.0,31.0,31.0,['Male'],0,0,3,2,4,Dry,Straight,Grade/Hillcrest,Lowest,No
31366,48,Texas,480389,0,2,2,0,4,NOT APPLICABLE,January,20,Friday,8,25,Rural,High Speed (Arterial),Yes,31.71669722,-103.815225,Non-Intersection,Daylight,Clear,Unknown,Unknown,Unknown EMS Scene Arrival Hour,Unknown EMS Scene Arrival Minutes,Unknown,Unknown EMS Hospital Arrival Time,1,Daylight,Clear,1,3,['Driver'],['None_Used'],0,0,Valid,1.0,0.0,53.0,28.0,"['Male', 'Male']",0,0,3,1,5,Dry,Straight,Level,Lowest,No
31367,48,Texas,480390,0,2,2,0,2,GUN BARREL CITY,February,17,Friday,8,3,Urban,Medium Speed (Collector),No,32.33076389,-96.08564444,Non-Intersection,Daylight,Clear,Unknown,Unknown,Unknown EMS Scene Arrival Hour,Unknown EMS Scene Arrival Minutes,Not Applicable (Not Transported),Not Applicable (Not Transported),1,Daylight,Clear,1,1,['Driver'],['None_Used'],0,0,Valid,0.0,1.0,37.0,25.0,"['Female', 'Male']",0,0,3,1,5,Dry,Straight,Level,Lowest,No
31368,48,Texas,480391,0,2,2,0,2,NOT APPLICABLE,February,14,Tuesday,2,33,Urban,High Speed (Arterial),Yes,30.10264167,-95.43546111,Non-Intersection,Dark - Not Lighted,Clear,Unknown,Unknown if Notified,Unknown EMS Scene Arrival Hour,Unknown if Arrived,Not Applicable (Not Transported),Not Applicable (Not Transported),1,Dark - Unlighted,Clear,1,1,['Driver'],['Shoulder_Lapbelt'],1,1,Valid,0.0,0.0,52.0,40.0,"['Male', 'Male']",1,0,4,4,5,Dry,Straight,Level,Lowest,No
31369,48,Texas,480392,2,2,2,0,1,NOT APPLICABLE,February,11,Saturday,22,45,Rural,Medium Speed (Collector),No,33.5151,-95.00067778,Non-Intersection,Dark - Not Lighted,Clear,Unknown,Unknown,Unknown EMS Scene Arrival Hour,Unknown EMS Scene Arrival Minutes,Unknown,Unknown EMS Hospital Arrival Time,2,Dark - Unlighted,Clear,0,1,[],[],0,0,Invalid,0.0,0.0,75.0,75.0,['Male'],1,0,3,2,5,Dry,Straight,Level,Lowest,Yes
31370,48,Texas,480393,0,4,4,0,9,NOT APPLICABLE,February,14,Tuesday,18,9,Rural,Medium Speed (Collector),No,30.41097222,-94.92765,Non-Intersection,Daylight,Clear,Unknown,Unknown,Unknown EMS Scene Arrival Hour,Unknown EMS Scene Arrival Minutes,Unknown,Unknown EMS Hospital Arrival Time,1,Daylight,Clear,1,8,['Driver'],['Shoulder_Lapbelt'],0,0,Invalid,0.0,1.0,69.0,18.0,"['Female', 'Female', 'Female', 'Male']",0,0,3,1,5,Dry,Straight,Level,Medium,No
31371,48,Texas,480394,0,2,2,0,2,NOT APPLICABLE,February,17,Friday,0,9,Rural,Medium Speed (Collector),No,32.97411667,-94.96502222,Non-Intersection,Dark - Not Lighted,Clear,Unknown,Unknown,Unknown EMS Scene Arrival Hour,Unknown EMS Scene Arrival Minutes,Unknown,Unknown EMS Hospital Arrival Time,2,Dark - Unlighted,Clear,2,0,"['Driver', 'Driver']","['None_Used', 'None_Used']",1,1,Valid,1.0,0.0,45.0,31.0,"['Male', 'Male']",1,0,3,1,5,Dry,Straight,Level,Lowest,No
31372,48,Texas,480395,0,1,1,0,1,NOT APPLICABLE,February,19,Sunday,3,25,Rural,Medium Speed (Collector),No,30.642075,-94.89892222,Non-Intersection,Dark - Not Lighted,Clear,Unknown,Unknown,Unknown EMS Scene Arrival Hour,Unknown EMS Scene Arrival Minutes,Unknown,Unknown EMS Hospital Arrival Time,1,Dark - Unlighted,Clear,1,0,['Driver'],['None_Used'],0,0,Invalid,0.0,0.0,28.0,28.0,['Male'],1,0,2,4,3,Dry,Straight,Level,Medium,No
31373,48,Texas,480396,0,3,3,0,6,NACOGDOCHES,February,15,Wednesday,19,25,Urban,High Speed (Arterial),Yes,31.63615,-94.61476944,Non-Intersection,Dark - Lighted,Cloudy,Unknown,Unknown,Unknown EMS Scene Arrival Hour,Unknown EMS Scene Arrival Minutes,Unknown,Unknown EMS Hospital Arrival Time,1,Dark - Lighted,Reduced Visibility,1,5,['Driver'],['Shoulder_Lapbelt'],1,1,Valid,1.0,0.0,69.0,27.0,"['Male', 'Male', 'Female']",1,0,3,2,5,Dry,Straight,Level,Lowest,No
31374,48,Texas,480397,0,3,3,0,3,BALCH SPRINGS,February,12,Sunday,13,40,Urban,High Speed (Arterial),Yes,32.70448056,-96.6247,Non-Intersection,Daylight,Clear,Unknown,Unknown,Unknown EMS Scene Arrival Hour,Unknown EMS Scene Arrival Minutes,Unknown,Unknown EMS Hospital Arrival Time,1,Daylight,Clear,1,2,['Driver'],['None_Used'],0,0,Valid,1.0,0.0,54.0,31.0,"['Male', 'Male', 'Male']",1,0,3,2,5,Dry,Curve,Level,Lowest,No
31375,48,Texas,480398,0,1,1,0,1,Other,February,8,Wednesday,11,0,Rural,Medium Speed (Collector),No,32.99183611,-96.25235556,Non-Intersection,Daylight,Rain,Unknown,Unknown if Notified,Unknown EMS Scene Arrival Hour,Unknown if Arrived,Not Applicable (Not Transported),Not Applicable (Not Transported),1,Daylight,Rain/Wind/Minor,1,0,['Driver'],['Shoulder_Lapbelt'],0,0,Valid,0.0,0.0,80.0,80.0,['Male'],0,0,3,0,4,Wet/Standing Water,Straight,Level,Lowest,No
31376,48,Texas,480399,0,1,1,0,1,SEGUIN,February,9,Thursday,2,1,Urban,High Speed (Arterial),Yes,29.58231944,-98.02511111,Non-Intersection,Dark - Lighted,Reported as Unknown,Unknown,Unknown,Unknown EMS Scene Arrival Hour,Unknown EMS Scene Arrival Minutes,Not Applicable (Not Transported),Not Applicable (Not Transported),1,Dark - Lighted,Clear,1,0,['Driver'],['Shoulder_Lapbelt'],0,0,Valid,0.0,0.0,29.0,29.0,['Male'],1,0,3,0,4,Wet/Standing Water,Straight,Level,Lowest,No
31377,48,Texas,480400,0,1,1,0,1,DEL RIO,January,27,Friday,21,10,Urban,Medium Speed (Collector),No,29.359125,-100.93869722,Non-Intersection,Dark - Lighted,Clear,Unknown,Unknown,Unknown EMS Scene Arrival Hour,Unknown EMS Scene Arrival Minutes,Unknown,Unknown EMS Hospital Arrival Time,1,Dark - Lighted,Clear,1,0,['Driver'],['None_Used'],1,1,Invalid,0.0,0.0,21.0,21.0,['Male'],1,0,3,1,3,Dry,Curve,Level,Lowest,No
31378,48,Texas,480401,0,2,2,0,2,SAN ANTONIO,February,16,Thursday,9,26,Urban,Medium Speed (Collector),No,29.48110833,-98.56167222,Non-Intersection,Daylight,Cloudy,Unknown,Unknown,Unknown EMS Scene Arrival Hour,Unknown EMS Scene Arrival Minutes,Unknown,Unknown EMS Hospital Arrival Time,1,Daylight,Reduced Visibility,1,1,['Driver'],['Shoulder_Lapbelt'],1,1,Valid,2.0,1.0,34.0,21.0,"['Male', 'Female']",0,0,3,1,5,Dry,Straight,Grade/Hillcrest,Lowest,No
31379,48,Texas,480402,0,1,1,0,1,NOT APPLICABLE,February,14,Tuesday,20,53,Urban,Medium Speed (Collector),No,30.04630833,-95.38581111,Non-Intersection,Dark - Not Lighted,Clear,Unknown,Unknown if Notified,Unknown EMS Scene Arrival Hour,Unknown if Arrived,Not Applicable (Not Transported),Not Applicable (Not Transported),1,Dark - Unlighted,Clear,1,0,['Driver'],['None_Used'],0,0,Valid,0.0,0.0,36.0,36.0,['Male'],1,0,2,1,3,Dry,Straight,Level,Lowest,No
31380,48,Texas,480403,0,1,1,0,1,NOT APPLICABLE,February,12,Sunday,14,51,Rural,High Speed (Arterial),Yes,30.18608611,-99.315675,Non-Intersection,Daylight,Clear,Unknown,Unknown if Notified,Unknown EMS Scene Arrival Hour,Unknown if Arrived,Not Applicable (Not Transported),Not Applicable (Not Transported),1,Daylight,Clear,1,0,['Driver'],['None_Used'],0,0,Invalid,0.0,0.0,64.0,64.0,['Male'],0,0,3,4,3,Dry,Straight,Level,Lowest,No
31381,48,Texas,480404,1,1,1,0,1,NOT APPLICABLE,January,27,Friday,2,25,Rural,High Speed (Arterial),Yes,29.45311111,-95.82315278,Non-Intersection,Dark - Not Lighted,Cloudy,Unknown,Unknown,Unknown EMS Scene Arrival Hour,Unknown EMS Scene Arrival Minutes,Unknown,Unknown EMS Hospital Arrival Time,1,Dark - Unlighted,Reduced Visibility,0,1,[],[],0,0,Valid,0.0,0.0,54.0,54.0,['Male'],0,0,2,1,4,Dry,Straight,Level,Lowest,No
31382,48,Texas,480405,2,1,1,0,1,DALLAS,February,3,Friday,23,30,Urban,Low Speed (Local),No,32.76047222,-96.77784167,Non-Intersection,Dark - Lighted,Clear,Unknown,Unknown,Unknown EMS Scene Arrival Hour,Unknown EMS Scene Arrival Minutes,Unknown,Unknown EMS Hospital Arrival Time,1,Dark - Lighted,Clear,0,0,[],[],0,0,Invalid,0.0,0.0,999.0,999.0,['Other'],0,0,1,0,4,Dry,Straight,Level,Lowest,No
31383,48,Texas,480406,1,2,2,0,4,NOT APPLICABLE,February,8,Wednesday,20,16,Rural,High Speed (Arterial),Yes,32.69448611,-97.97905833,Non-Intersection,Dark - Not Lighted,Clear,Unknown,Unknown if Notified,Unknown EMS Scene Arrival Hour,Unknown if Arrived,Not Applicable (Not Transported),Not Applicable (Not Transported),1,Dark - Unlighted,Clear,0,4,[],[],0,0,Valid,0.0,0.0,57.0,21.0,"['Male', 'Male']",0,0,4,1,4,Dry,Straight,Grade/Hillcrest,Lowest,No
31384,48,Texas,480407,0,1,1,0,1,SAN BENITO,February,15,Wednesday,15,56,Urban,High Speed (Arterial),Yes,26.11167778,-97.60589167,Non-Intersection,Daylight,Clear,Unknown,Unknown if Notified,Unknown EMS Scene Arrival Hour,Unknown if Arrived,Not Applicable (Not Transported),Not Applicable (Not Transported),1,Daylight,Clear,1,0,['Driver'],['Shoulder_Lapbelt'],0,0,Valid,0.0,0.0,75.0,75.0,['Female'],1,0,3,1,0,Dry,Curve,Level,Lowest,No
31385,48,Texas,480408,0,2,2,0,2,HOUSTON,February,13,Monday,21,37,Urban,Medium Speed (Collector),No,29.83299444,-95.47304167,Complex/Circle,Dark - Lighted,Cloudy,Unknown,Unknown if Notified,Unknown EMS Scene Arrival Hour,Unknown if Arrived,Not Applicable (Not Transported),Not Applicable (Not Transported),1,Dark - Lighted,Reduced Visibility,1,1,['Driver'],['Shoulder_Lapbelt'],0,0,Valid,0.0,1.0,59.0,34.0,"['Male', 'Male']",1,0,3,4,5,Dry,Straight,Level,Lowest,No
31386,48,Texas,480409,1,1,1,0,2,NOT APPLICABLE,February,18,Saturday,20,5,Rural,Medium Speed (Collector),No,30.49975833,-99.92299444,Non-Intersection,Dark - Not Lighted,Clear,Unknown,Unknown,Unknown EMS Scene Arrival Hour,Unknown EMS Scene Arrival Minutes,Unknown,Unknown EMS Hospital Arrival Time,1,Dark - Unlighted,Clear,0,2,[],[],0,0,Valid,0.0,0.0,38.0,38.0,['Male'],0,0,3,2,4,Dry,Straight,Level,Lowest,No
31387,48,Texas,480410,1,1,1,0,1,HOUSTON,January,29,Sunday,5,14,Urban,Medium Speed (Collector),No,29.88306944,-95.45782778,Non-Intersection,Dark - Lighted,Rain,Unknown,Unknown,Unknown EMS Scene Arrival Hour,Unknown EMS Scene Arrival Minutes,Not Applicable (Not Transported),Not Applicable (Not Transported),1,Dark - Lighted,Rain/Wind/Minor,0,0,[],[],0,0,Invalid,0.0,0.0,999.0,999.0,['Other'],0,0,1,0,4,Wet/Standing Water,Curve,Level,Lowest,No
31388,48,Texas,480411,0,1,1,0,2,AUSTIN,February,18,Saturday,23,22,Urban,High Speed (Arterial),Yes,30.31597778,-97.66325556,Non-Intersection,Dark - Lighted,Cloudy,Unknown,Unknown if Notified,Unknown EMS Scene Arrival Hour,Unknown if Arrived,Not Applicable (Not Transported),Not Applicable (Not Transported),1,Dark - Lighted,Reduced Visibility,1,1,['Front_Passenger'],['None_Used'],1,1,Invalid,0.0,0.0,29.0,29.0,['Male'],0,0,3,1,3,Dry,Curve,Level,Lowest,No