,State_Code,State_Name,Crash_ID,Count_Non_Motorists,Count_Vehicles_Total,Count_Vehicle_Forms,Count_PVH_Involved,Count_Occupants_MV,City_Name,Month_Name,Day_of_Month,Day_of_Week,Crash_Hour,Crash_Minute,Area_Rural_Urban,Road_Functional_Class,On_NHS_Road,Latitude,Longitude,Intersection_Type,Light_Condition,Weather_Condition,Notif_Hour,Notif_Minute,Arrival_Hour,Arrival_Minute,Hospital_Hour,Hospital_Minute,Fatalities_Count,Clean_Light_Condition,Clean_Weather_Condition,Total_Killed,Total_Alive,Fatal_Seats_List,Killed_Restraint_List,Any_Driver_Drinking,Total_Drinking_Drivers,Driver_License_Category,Driver_Max_Prev_Accident_Count,Driver_Max_Prev_Speeding_Count,Max_Driver_Age,Min_Driver_Age,Driver_Sex_List,Total_Exceeding_Limit_Vehicles,Total_Too_Fast_Vehicles,Max_Vehicle_Type_Severity_5,Max_Vehicle_Damage_Rank,Max_Harmful_Event_Severity,Crash_Road_Surface_Condition,Crash_Horizontal_Alignment,Crash_Vertical_Profile,Crash_Impairment_Category,Crash_Vehicle_Defect
31389,48,Texas,480412,0,2,2,0,2,NOT APPLICABLE,February,12,Sunday,10,8,Rural,Medium Speed (Collector),No,33.28741389,-96.38928333,Non-Intersection,Daylight,Clear,Unknown,Unknown,Unknown EMS Scene Arrival Hour,Unknown EMS Scene Arrival Minutes,Unknown,Unknown EMS Hospital Arrival Time,1,Daylight,Clear,1,1,['Driver'],['None_Used'],1,1,Valid,0.0,0.0,50.0,42.0,"['Male', 'Male']",0,0,3,1,5,Dry,Curve,Grade/Hillcrest,Lowest,No
31390,48,Texas,480413,0,2,2,0,2,NOT APPLICABLE,February,12,Sunday,19,42,Urban,Medium Speed (Collector),No,32.85557778,-96.06417222,Simple Junction,Dark - Lighted,Clear,Unknown,Unknown,Unknown EMS Scene Arrival Hour,Unknown EMS Scene Arrival Minutes,Not Applicable (Not Transported),Not Applicable (Not Transported),1,Dark - Lighted,Clear,1,1,['Driver'],['None_Used'],1,1,Valid,1.0,0.0,35.0,29.0,"['Male', 'Male']",0,0,5,1,5,Dry,Curve,Level,Lowest,No
31391,48,Texas,480414,0,2,2,0,2,NOT APPLICABLE,February,20,Monday,6,15,Rural,Medium Speed (Collector),No,29.78299167,-97.18764444,Non-Intersection,Dark - Not Lighted,"Fog, Smog, Smoke",6:00am-6:59am,20,6:00am-6:59am,29,8:00am-8:59am,7,1,Dark - Unlighted,Reduced Visibility,1,1,['Driver'],['Shoulder_Lapbelt'],0,0,Invalid,0.0,0.0,51.0,37.0,"['Female', 'Male']",0,0,2,1,5,Wet/Standing Water,Curve,Level,Lowest,No
31392,48,Texas,480415,0,3,3,0,8,AUSTIN,February,21,Tuesday,7,39,Urban,Medium Speed (Collector),No,30.33226389,-97.68669167,Complex/Circle,Daylight,Clear,Unknown,Unknown,Unknown EMS Scene Arrival Hour,Unknown EMS Scene Arrival Minutes,Unknown,Unknown EMS Hospital Arrival Time,1,Daylight,Clear,1,7,['Rear_Seat'],['None_Used'],0,0,Invalid,0.0,0.0,62.0,35.0,"['Male', 'Male', 'Female']",0,0,3,4,5,Dry,Straight,Grade/Hillcrest,Lowest,No
31393,48,Texas,480416,1,1,1,0,1,GEORGETOWN,February,12,Sunday,22,8,Urban,Medium Speed (Collector),No,30.61068611,-97.66288333,Non-Intersection,Dark - Not Lighted,Clear,Unknown,Unknown if Notified,Unknown EMS Scene Arrival Hour,Unknown if Arrived,Not Applicable (Not Transported),Not Applicable (Not Transported),1,Dark - Unlighted,Clear,0,1,[],[],0,0,Valid,0.0,0.0,30.0,30.0,['Male'],0,0,2,2,4,Dry,Straight,Level,Lowest,No
31394,48,Texas,480417,0,2,2,0,3,NOT APPLICABLE,February,14,Tuesday,6,27,Rural,High Speed (Arterial),No,32.90043333,-96.28898611,Non-Intersection,Dark - Not Lighted,Rain,Unknown,Unknown,Unknown EMS Scene Arrival Hour,Unknown EMS Scene Arrival Minutes,Unknown,Unknown EMS Hospital Arrival Time,1,Dark - Unlighted,Rain/Wind/Minor,1,2,['Driver'],['None_Used'],0,0,Valid,0.0,2.0,44.0,26.0,"['Male', 'Male']",0,0,5,2,5,Wet/Standing Water,Straight,Grade/Hillcrest,Lowest,No
31395,48,Texas,480418,0,1,1,0,1,NOT APPLICABLE,February,9,Thursday,20,24,Rural,Low Speed (Local),No,29.31590556,-96.35058333,Non-Intersection,Dark - Not Lighted,Clear,Unknown,Unknown if Notified,Unknown EMS Scene Arrival Hour,Unknown if Arrived,Not Applicable (Not Transported),Not Applicable (Not Transported),1,Dark - Unlighted,Clear,1,0,['Driver'],['Shoulder_Lapbelt'],0,0,Valid,0.0,0.0,71.0,71.0,['Male'],0,0,3,2,3,Dry,Curve,Level,Medium,No
31396,48,Texas,480419,0,1,1,0,1,NOT APPLICABLE,February,14,Tuesday,1,58,Rural,Medium Speed (Collector),No,31.24484444,-93.76799167,Non-Intersection,Dark - Not Lighted,Clear,Unknown,Unknown if Notified,Unknown EMS Scene Arrival Hour,Unknown if Arrived,Not Applicable (Not Transported),Not Applicable (Not Transported),1,Dark - Unlighted,Clear,1,0,['Driver'],['Shoulder_Lapbelt'],1,1,Valid,0.0,0.0,62.0,62.0,['Male'],1,0,3,1,3,Dry,Curve,Level,Lowest,No
31397,48,Texas,480420,0,1,1,0,1,NOT APPLICABLE,February,21,Tuesday,21,10,Rural,Medium Speed (Collector),No,32.69671667,-95.66147778,Non-Intersection,Dark - Not Lighted,Cloudy,Unknown,Unknown,Unknown EMS Scene Arrival Hour,Unknown EMS Scene Arrival Minutes,Unknown,Unknown EMS Hospital Arrival Time,1,Dark - Unlighted,Reduced Visibility,1,0,['Driver'],['None_Used'],0,0,Invalid,2.0,0.0,37.0,37.0,['Male'],1,0,5,1,2,Dry,Curve,Level,Lowest,No
31398,48,Texas,480421,0,2,2,0,2,NOT APPLICABLE,February,22,Wednesday,6,20,Rural,Medium Speed (Collector),No,33.48071111,-97.02695278,Simple Junction,Dark - Not Lighted,Rain,Unknown,Unknown if Notified,Unknown EMS Scene Arrival Hour,Unknown if Arrived,Not Applicable (Not Transported),Not Applicable (Not Transported),1,Dark - Unlighted,Rain/Wind/Minor,1,1,['Driver'],['Shoulder_Lapbelt'],0,0,Invalid,0.0,0.0,34.0,29.0,"['Male', 'Male']",1,0,3,1,5,Wet/Standing Water,Straight,Level,Lowest,No
31399,48,Texas,480422,1,2,2,0,1,NOT APPLICABLE,February,9,Thursday,19,0,Rural,High Speed (Arterial),Yes,33.51101389,-101.76179722,Non-Intersection,Dark - Not Lighted,Cloudy,Unknown,Unknown if Notified,Unknown EMS Scene Arrival Hour,Unknown if Arrived,Not Applicable (Not Transported),Not Applicable (Not Transported),1,Dark - Unlighted,Reduced Visibility,0,1,[],[],0,0,Valid,1.0,0.0,63.0,63.0,['Male'],0,0,3,2,5,Dry,Straight,Level,Lowest,No
31400,48,Texas,480423,1,3,3,0,5,NOT APPLICABLE,February,1,Wednesday,18,44,Rural,Low Speed (Local),No,29.92146389,-95.02259722,Non-Intersection,Dark - Not Lighted,Rain,Unknown,Unknown,Unknown EMS Scene Arrival Hour,Unknown EMS Scene Arrival Minutes,6:00pm-6:59pm,46,1,Dark - Unlighted,Rain/Wind/Minor,0,4,[],[],0,0,Invalid,1.0,1.0,999.0,26.0,"['Other', 'Male']",4,0,3,2,5,Wet/Standing Water,Straight,Level,Lowest,No
31401,48,Texas,480424,0,1,1,0,1,DALLAS,February,11,Saturday,6,27,Urban,High Speed (Arterial),Yes,32.69498333,-96.93710556,Non-Intersection,Daylight,Clear,Unknown,Unknown if Notified,Unknown EMS Scene Arrival Hour,Unknown if Arrived,Not Applicable (Not Transported),Not Applicable (Not Transported),1,Daylight,Clear,1,0,['Driver'],['None_Used'],1,1,Valid,0.0,1.0,21.0,21.0,['Male'],0,0,2,1,3,Dry,Straight,Level,Lowest,No
31402,48,Texas,480425,1,2,2,0,7,SAN DIEGO,February,6,Monday,18,42,Rural,Medium Speed (Collector),No,27.75637778,-98.24140833,Non-Intersection,Dark - Lighted,Clear,Unknown,Unknown,Unknown EMS Scene Arrival Hour,Unknown EMS Scene Arrival Minutes,Unknown,Unknown EMS Hospital Arrival Time,1,Dark - Lighted,Clear,0,7,[],[],0,0,Valid,0.0,0.0,56.0,28.0,"['Male', 'Female']",0,0,3,2,5,Dry,Straight,Grade/Hillcrest,Lowest,No
31403,48,Texas,480426,1,1,1,0,1,NOT APPLICABLE,February,14,Tuesday,5,21,Urban,Medium Speed (Collector),No,35.14203333,-101.84852222,Non-Intersection,Dark - Not Lighted,Clear,Unknown,Unknown if Notified,Unknown EMS Scene Arrival Hour,Unknown if Arrived,Not Applicable (Not Transported),Not Applicable (Not Transported),1,Dark - Unlighted,Clear,0,0,[],[],0,0,Invalid,0.0,0.0,39.0,39.0,['Male'],0,0,3,2,4,Dry,Straight,Level,Lowest,No
31404,48,Texas,480427,0,1,1,0,1,ARLINGTON,February,22,Wednesday,21,54,Urban,High Speed (Arterial),No,32.60685278,-97.10061944,Non-Intersection,Dark - Not Lighted,Clear,Unknown,Unknown if Notified,Unknown EMS Scene Arrival Hour,Unknown if Arrived,Not Applicable (Not Transported),Not Applicable (Not Transported),1,Dark - Unlighted,Clear,1,0,['Driver'],['None_Used'],1,1,Valid,0.0,0.0,30.0,30.0,['Male'],1,0,5,1,3,Dry,Straight,Level,Lowest,No
31405,48,Texas,480428,0,2,2,0,3,MIDLOTHIAN,February,15,Wednesday,16,20,Urban,High Speed (Arterial),Yes,32.48213889,-97.00728056,Non-Intersection,Daylight,Clear,4:00pm-4:59pm,20,4:00pm-4:59pm,24,4:00pm-4:59pm,35,2,Daylight,Clear,2,1,"['Driver', 'Rear_Seat']","['None_Used', 'None_Used']",1,1,Valid,1.0,0.0,70.0,58.0,"['Male', 'Male']",0,0,5,2,5,Dry,Straight,Level,Lowest,No
31406,48,Texas,480429,0,1,1,0,2,NOT APPLICABLE,February,4,Saturday,14,41,Rural,High Speed (Arterial),Yes,29.82711111,-94.3963,Non-Intersection,Daylight,Clear,Unknown,Unknown,Unknown EMS Scene Arrival Hour,Unknown EMS Scene Arrival Minutes,Unknown,Unknown EMS Hospital Arrival Time,1,Daylight,Clear,1,1,['Driver'],['Shoulder_Lapbelt'],1,1,Valid,0.0,0.0,32.0,32.0,['Male'],2,0,2,1,2,Dry,Straight,Level,Lowest,No
31407,48,Texas,480430,0,1,1,0,1,NOT APPLICABLE,February,11,Saturday,17,9,Rural,Medium Speed (Collector),No,33.01055556,-95.18280556,Non-Intersection,Daylight,Clear,Unknown,Unknown if Notified,Unknown EMS Scene Arrival Hour,Unknown if Arrived,Not Applicable (Not Transported),Not Applicable (Not Transported),1,Daylight,Clear,1,0,['Driver'],['None_Used'],1,1,Valid,0.0,0.0,60.0,60.0,['Male'],0,0,3,1,3,Dry,Curve,Level,Lowest,No
31408,48,Texas,480431,0,1,1,0,1,NOT APPLICABLE,February,7,Tuesday,20,56,Rural,High Speed (Arterial),Yes,31.51340833,-96.95596111,Non-Intersection,Dark - Not Lighted,Rain,Unknown,Unknown if Notified,Unknown EMS Scene Arrival Hour,Unknown if Arrived,Not Applicable (Not Transported),Not Applicable (Not Transported),1,Dark - Unlighted,Rain/Wind/Minor,1,0,['Driver'],['None_Used'],1,1,Valid,0.0,2.0,21.0,21.0,['Male'],1,0,2,1,3,Wet/Standing Water,Straight,Level,Lowest,No
31409,48,Texas,480432,0,2,2,0,2,SAGINAW,February,15,Wednesday,11,47,Urban,Medium Speed (Collector),No,32.88343611,-97.37250833,Non-Intersection,Daylight,Clear,Unknown,Unknown if Notified,Unknown EMS Scene Arrival Hour,Unknown if Arrived,Not Applicable (Not Transported),Not Applicable (Not Transported),1,Daylight,Clear,1,0,['Driver'],['None_Used'],0,0,Valid,0.0,1.0,35.0,25.0,"['Male', 'Male']",1,0,5,2,5,Dry,Curve,Level,Lowest,No
31410,48,Texas,480433,3,2,1,1,1,BROOKSHIRE,February,11,Saturday,7,35,Rural,High Speed (Arterial),Yes,29.77877222,-95.94634722,Non-Intersection,Daylight,Clear,Unknown,Unknown,Unknown EMS Scene Arrival Hour,Unknown EMS Scene Arrival Minutes,Unknown,Unknown EMS Hospital Arrival Time,2,Daylight,Clear,0,0,[],[],0,0,Valid,0.0,1.0,28.0,28.0,['Male'],0,0,4,1,5,Dry,Straight,Level,Lowest,No
31411,48,Texas,480434,0,1,1,0,1,HOUSTON,January,28,Saturday,1,30,Urban,Medium Speed (Collector),No,29.84716667,-95.41823333,Non-Intersection,Dark - Not Lighted,Clear,Unknown,Unknown,Unknown EMS Scene Arrival Hour,Unknown EMS Scene Arrival Minutes,Unknown,Unknown EMS Hospital Arrival Time,1,Dark - Unlighted,Clear,1,0,['Driver'],['None_Used'],1,1,Invalid,0.0,0.0,46.0,46.0,['Female'],0,0,2,1,3,Dry,Straight,Level,Lowest,No
31412,48,Texas,480435,0,1,1,0,2,HOUSTON,February,9,Thursday,22,57,Urban,Medium Speed (Collector),No,29.72867778,-95.54562222,Non-Intersection,Dark - Lighted,Cloudy,Unknown,Unknown,Unknown EMS Scene Arrival Hour,Unknown EMS Scene Arrival Minutes,Unknown,Unknown EMS Hospital Arrival Time,1,Dark - Lighted,Reduced Visibility,1,1,['Front_Passenger'],['None_Used'],1,1,Valid,0.0,0.0,26.0,26.0,['Male'],0,0,2,1,3,Dry,Straight,Level,Lowest,No
31413,48,Texas,480436,0,1,1,0,1,NOT APPLICABLE,February,11,Saturday,4,30,Urban,High Speed (Arterial),Yes,29.89985833,-95.54955556,Non-Intersection,Dark - Not Lighted,Clear,Unknown,Unknown,Unknown EMS Scene Arrival Hour,Unknown EMS Scene Arrival Minutes,5:00am-5:59am,15,1,Dark - Unlighted,Clear,1,0,['Driver'],['None_Used'],1,1,Invalid,1.0,0.0,27.0,27.0,['Male'],1,0,2,1,3,Dry,Curve,Level,Lowest,No
31414,48,Texas,480437,1,2,2,0,2,PHARR,February,23,Thursday,20,39,Urban,High Speed (Arterial),Yes,26.182975,-98.20675833,Non-Intersection,Dark - Not Lighted,Clear,Unknown,Unknown,Unknown EMS Scene Arrival Hour,Unknown EMS Scene Arrival Minutes,Unknown,Unknown EMS Hospital Arrival Time,1,Dark - Unlighted,Clear,0,1,[],[],0,0,Valid,0.0,1.0,999.0,19.0,"['Male', 'Other']",0,0,3,2,4,Dry,Straight,Level,Lowest,No
31415,48,Texas,480438,0,1,1,0,1,NOT APPLICABLE,February,12,Sunday,99,99,Rural,Low Speed (Local),No,29.81410278,-100.02219722,Non-Intersection,Dark - Not Lighted,Cloudy,Unknown,Unknown,Unknown EMS Scene Arrival Hour,Unknown EMS Scene Arrival Minutes,Not Applicable (Not Transported),Not Applicable (Not Transported),1,Dark - Unlighted,Reduced Visibility,1,0,['Driver'],['None_Used'],1,1,Valid,0.0,0.0,31.0,31.0,['Male'],0,0,3,1,4,Loose/Unpaved,Curve,Level,Lowest,No
31416,48,Texas,480439,0,3,3,0,3,AUSTIN,February,23,Thursday,11,35,Urban,High Speed (Arterial),Yes,30.46674167,-97.80443056,Complex/Circle,Daylight,Clear,Unknown,Unknown if Notified,Unknown EMS Scene Arrival Hour,Unknown if Arrived,Not Applicable (Not Transported),Not Applicable (Not Transported),1,Daylight,Clear,1,2,['Driver'],['Shoulder_Lapbelt'],0,0,Valid,0.0,0.0,87.0,22.0,"['Female', 'Female', 'Male']",0,0,3,1,5,Dry,Curve,Level,Lowest,No
31417,48,Texas,480440,1,1,1,0,1,NOT APPLICABLE,February,19,Sunday,18,46,Rural,Medium Speed (Collector),No,32.11847778,-99.13071944,Non-Intersection,Dark - Not Lighted,Clear,Unknown,Unknown if Notified,Unknown EMS Scene Arrival Hour,Unknown if Arrived,Not Applicable (Not Transported),Not Applicable (Not Transported),1,Dark - Unlighted,Clear,0,1,[],[],0,0,Valid,0.0,0.0,60.0,60.0,['Male'],0,0,3,2,4,Dry,Straight,Level,Lowest,No
31418,48,Texas,480441,0,2,2,0,5,NOT APPLICABLE,February,16,Thursday,21,42,Urban,High Speed (Arterial),Yes,28.77082778,-97.09632222,Complex/Circle,Dark - Not Lighted,Clear,Unknown,Unknown,Unknown EMS Scene Arrival Hour,Unknown EMS Scene Arrival Minutes,Unknown,Unknown EMS Hospital Arrival Time,1,Dark - Unlighted,Clear,1,4,['Driver'],['Shoulder_Lapbelt'],0,0,Valid,0.0,1.0,79.0,40.0,"['Male', 'Male']",0,0,3,4,5,Dry,Straight,Level,Lowest,No
31419,48,Texas,480443,0,2,2,0,3,LONGVIEW,February,22,Wednesday,13,10,Urban,High Speed (Arterial),Yes,32.55479444,-94.75186944,Non-Intersection,Daylight,Clear,Unknown,Unknown,Unknown EMS Scene Arrival Hour,Unknown EMS Scene Arrival Minutes,Unknown,Unknown EMS Hospital Arrival Time,1,Daylight,Clear,1,2,['Driver'],['Shoulder_Lapbelt'],0,0,Valid,0.0,0.0,43.0,34.0,"['Female', 'Female']",2,0,3,1,5,Wet/Standing Water,Straight,Level,Lowest,No
31420,48,Texas,480444,0,2,2,0,5,NOT APPLICABLE,February,5,Sunday,15,25,Rural,Medium Speed (Collector),No,33.33798611,-94.45673611,Simple Junction,Daylight,Clear,Unknown,Unknown,Unknown EMS Scene Arrival Hour,Unknown EMS Scene Arrival Minutes,Unknown,Unknown EMS Hospital Arrival Time,1,Daylight,Clear,1,4,['Driver'],['Shoulder_Lapbelt'],0,0,Valid,0.0,0.0,70.0,31.0,"['Male', 'Male']",0,0,3,1,5,Dry,Curve,Level,Lowest,No
31421,48,Texas,480445,1,1,1,0,1,NOT APPLICABLE,February,17,Friday,21,33,Urban,Medium Speed (Collector),No,29.89798611,-95.51828889,Non-Intersection,Dark - Not Lighted,Clear,Unknown,Unknown,Unknown EMS Scene Arrival Hour,Unknown EMS Scene Arrival Minutes,Not Applicable (Not Transported),Not Applicable (Not Transported),1,Dark - Unlighted,Clear,0,1,[],[],0,0,Valid,0.0,0.0,28.0,28.0,['Male'],0,0,4,2,4,Dry,Straight,Level,Lowest,No
31422,48,Texas,480446,0,1,1,0,2,HOUSTON,February,8,Wednesday,21,57,Urban,High Speed (Arterial),Yes,29.65241667,-95.22555833,Non-Intersection,Dark - Lighted,Cloudy,Unknown,Unknown,Unknown EMS Scene Arrival Hour,Unknown EMS Scene Arrival Minutes,Not Applicable (Not Transported),Not Applicable (Not Transported),1,Dark - Lighted,Reduced Visibility,1,1,['Front_Passenger'],['None_Used'],1,1,Invalid,0.0,2.0,34.0,34.0,['Male'],0,0,3,0,1,Dry,Straight,Level,Lowest,No
31423,48,Texas,480447,0,3,3,0,7,DALLAS,February,3,Friday,14,4,Urban,High Speed (Arterial),No,32.73408611,-96.66566667,Complex/Circle,Daylight,Clear,Unknown,Unknown,Unknown EMS Scene Arrival Hour,Unknown EMS Scene Arrival Minutes,Unknown,Unknown EMS Hospital Arrival Time,1,Daylight,Clear,1,6,['Driver'],['Shoulder_Lapbelt'],0,0,Invalid,1.0,0.0,81.0,19.0,"['Male', 'Male', 'Female']",3,0,3,2,5,Dry,Straight,Level,Lowest,No
31424,48,Texas,480448,0,2,2,0,3,NOT APPLICABLE,February,19,Sunday,23,52,Rural,High Speed (Arterial),Yes,32.02591111,-102.43102778,Non-Intersection,Dark - Not Lighted,Clear,Unknown,Unknown,Unknown EMS Scene Arrival Hour,Unknown EMS Scene Arrival Minutes,Unknown,Unknown EMS Hospital Arrival Time,1,Dark - Unlighted,Clear,1,2,['Driver'],['None_Used'],1,1,Invalid,1.0,2.0,37.0,23.0,"['Male', 'Male']",0,0,3,1,5,Dry,Straight,Level,Lowest,No
31425,48,Texas,480449,0,2,2,0,2,LAMESA,February,22,Wednesday,22,25,Urban,High Speed (Arterial),Yes,32.73421667,-101.967325,Complex/Circle,Dark - Lighted,Cloudy,Unknown,Unknown,Unknown EMS Scene Arrival Hour,Unknown EMS Scene Arrival Minutes,Unknown,Unknown EMS Hospital Arrival Time,1,Dark - Lighted,Reduced Visibility,1,1,['Driver'],['Shoulder_Lapbelt'],0,0,Valid,0.0,0.0,67.0,49.0,"['Male', 'Female']",0,0,3,1,5,Dry,Straight,Level,Lowest,No
31426,48,Texas,480450,0,2,2,0,5,HOUSTON,February,9,Thursday,18,38,Urban,Medium Speed (Collector),No,29.66781667,-95.422475,Non-Intersection,Dark - Lighted,Clear,Unknown,Unknown,Unknown EMS Scene Arrival Hour,Unknown EMS Scene Arrival Minutes,Unknown,Unknown EMS Hospital Arrival Time,2,Dark - Lighted,Clear,2,3,"['Rear_Seat', 'Rear_Seat']","['None_Used', 'None_Used']",1,1,Invalid,0.0,0.0,49.0,33.0,"['Male', 'Male']",4,0,3,3,5,Dry,Straight,Level,Lowest,No
31427,48,Texas,480451,1,2,1,1,2,NOT APPLICABLE,February,26,Sunday,4,27,Rural,High Speed (Arterial),Yes,29.33531389,-95.42600278,Non-Intersection,Dark - Not Lighted,Cloudy,Unknown,Unknown,Unknown EMS Scene Arrival Hour,Unknown EMS Scene Arrival Minutes,Unknown,Unknown EMS Hospital Arrival Time,1,Dark - Unlighted,Reduced Visibility,1,1,['Front_Passenger'],['Shoulder_Lapbelt'],1,1,Valid,1.0,5.0,21.0,21.0,['Male'],0,0,3,4,5,Dry,Straight,Level,Lowest,No
31428,48,Texas,480452,0,2,2,0,2,NOT APPLICABLE,February,10,Friday,7,24,Rural,High Speed (Arterial),Yes,29.33676111,-99.17654722,Non-Intersection,Daylight,Clear,Unknown,Unknown,Unknown EMS Scene Arrival Hour,Unknown EMS Scene Arrival Minutes,Unknown,Unknown EMS Hospital Arrival Time,1,Daylight,Clear,1,1,['Driver'],['None_Used'],0,0,Invalid,0.0,0.0,55.0,28.0,"['Male', 'Male']",0,0,3,1,5,Dry,Straight,Level,Lowest,Yes
31429,48,Texas,480453,1,1,1,0,2,NOT APPLICABLE,January,12,Thursday,5,38,Rural,Medium Speed (Collector),No,29.84238333,-94.988525,Non-Intersection,Dark - Not Lighted,Rain,5:00am-5:59am,39,5:00am-5:59am,47,6:00am-6:59am,30,1,Dark - Unlighted,Rain/Wind/Minor,0,2,[],[],0,0,Invalid,0.0,0.0,48.0,48.0,['Male'],0,0,3,2,4,Wet/Standing Water,Straight,Level,Lowest,No
31430,48,Texas,480454,0,4,4,0,6,NOT APPLICABLE,February,9,Thursday,19,18,Rural,High Speed (Arterial),Yes,32.17858889,-102.12341389,Non-Intersection,Dark - Not Lighted,Cloudy,7:00pm-7:59pm,26,7:00pm-7:59pm,40,8:00pm-8:59pm,16,1,Dark - Unlighted,Reduced Visibility,1,5,['Driver'],['Shoulder_Lapbelt'],0,0,Valid,1.0,3.0,56.0,18.0,"['Male', 'Female', 'Male', 'Female']",0,0,4,1,5,Dry,Straight,Level,Lowest,No
31431,48,Texas,480455,0,2,2,0,3,TRENTON,February,10,Friday,14,50,Rural,High Speed (Arterial),Yes,33.43665,-96.34155833,Non-Intersection,Daylight,Cloudy,Unknown,Unknown,Unknown EMS Scene Arrival Hour,Unknown EMS Scene Arrival Minutes,Unknown,Unknown EMS Hospital Arrival Time,1,Daylight,Reduced Visibility,1,2,['Driver'],['Shoulder_Lapbelt'],0,0,Valid,0.0,0.0,70.0,26.0,"['Male', 'Male']",0,0,4,1,5,Dry,Curve,Level,Lowest,No
31432,48,Texas,480456,0,2,2,0,2,DENTON,February,20,Monday,21,48,Urban,High Speed (Arterial),Yes,33.23611111,-97.06606667,Non-Intersection,Dark - Not Lighted,Clear,Unknown,Unknown,Unknown EMS Scene Arrival Hour,Unknown EMS Scene Arrival Minutes,Unknown,Unknown EMS Hospital Arrival Time,1,Dark - Unlighted,Clear,1,1,['Driver'],['None_Used'],1,1,Valid,0.0,0.0,30.0,27.0,"['Female', 'Male']",0,0,4,1,5,Dry,Straight,Level,Lowest,No
31433,48,Texas,480457,0,1,1,0,3,SAN MARCOS,February,24,Friday,8,29,Rural,Low Speed (Local),No,29.8589,-97.93836944,Non-Intersection,Daylight,Cloudy,Unknown,Unknown if Notified,Unknown EMS Scene Arrival Hour,Unknown if Arrived,Not Applicable (Not Transported),Not Applicable (Not Transported),1,Daylight,Reduced Visibility,1,2,['Rear_Seat'],['None_Used'],0,0,Valid,0.0,0.0,31.0,31.0,['Female'],0,0,3,1,1,Dry,Straight,Non-Trafficway,Lowest,No
31434,48,Texas,480458,0,2,2,0,2,COLLEGE STATION,February,23,Thursday,0,24,Urban,Medium Speed (Collector),No,30.63746111,-96.29456667,Non-Intersection,Dark - Not Lighted,Clear,Unknown,Unknown,Unknown EMS Scene Arrival Hour,Unknown EMS Scene Arrival Minutes,Unknown,Unknown EMS Hospital Arrival Time,1,Dark - Unlighted,Clear,1,1,['Driver'],['Shoulder_Lapbelt'],1,2,Invalid,0.0,0.0,35.0,29.0,"['Male', 'Male']",2,0,3,1,5,Dry,Straight,Level,Lowest,No
31435,48,Texas,480459,1,1,1,0,1,AUSTIN,February,25,Saturday,20,29,Urban,High Speed (Arterial),Yes,30.42257222,-97.67196389,Non-Intersection,Dark - Lighted,Clear,Unknown,Unknown if Notified,Unknown EMS Scene Arrival Hour,Unknown if Arrived,Not Applicable (Not Transported),Not Applicable (Not Transported),1,Dark - Lighted,Clear,0,1,[],[],0,0,Valid,0.0,0.0,58.0,58.0,['Male'],0,0,3,1,4,Dry,Straight,Level,Lowest,No
31436,48,Texas,480460,1,3,3,0,2,BALCH SPRINGS,February,25,Saturday,8,53,Urban,High Speed (Arterial),Yes,32.70307778,-96.59798056,Non-Intersection,Daylight,Cloudy,Unknown,Unknown,Unknown EMS Scene Arrival Hour,Unknown EMS Scene Arrival Minutes,Unknown,Unknown EMS Hospital Arrival Time,1,Daylight,Reduced Visibility,0,1,[],[],0,0,Valid,0.0,3.0,999.0,28.0,"['Male', 'Other']",1,0,2,1,5,Wet/Standing Water,Straight,Level,Lowest,No
31437,48,Texas,480461,1,2,2,0,3,HOUSTON,February,19,Sunday,23,42,Urban,High Speed (Arterial),Yes,29.70695556,-95.30320556,Non-Intersection,Dark - Not Lighted,Clear,Unknown,Unknown if Notified,Unknown EMS Scene Arrival Hour,Unknown if Arrived,Not Applicable (Not Transported),Not Applicable (Not Transported),1,Dark - Unlighted,Clear,0,3,[],[],1,1,Invalid,0.0,0.0,36.0,32.0,"['Male', 'Male']",0,0,3,1,5,Dry,Straight,Level,Lowest,No
31438,48,Texas,480462,1,1,1,0,1,NOT APPLICABLE,February,11,Saturday,9,0,Rural,High Speed (Arterial),Yes,27.01776667,-97.79426111,Non-Intersection,Daylight,Clear,Unknown,Unknown if Notified,Unknown EMS Scene Arrival Hour,Unknown if Arrived,Not Applicable (Not Transported),Not Applicable (Not Transported),1,Daylight,Clear,0,1,[],[],0,0,Valid,0.0,0.0,58.0,58.0,['Male'],0,0,4,1,4,Dry,Straight,Level,Lowest,No