,State_Code,State_Name,Crash_ID,Count_Non_Motorists,Count_Vehicles_Total,Count_Vehicle_Forms,Count_PVH_Involved,Count_Occupants_MV,City_Name,Month_Name,Day_of_Month,Day_of_Week,Crash_Hour,Crash_Minute,Area_Rural_Urban,Road_Functional_Class,On_NHS_Road,Latitude,Longitude,Intersection_Type,Light_Condition,Weather_Condition,Notif_Hour,Notif_Minute,Arrival_Hour,Arrival_Minute,Hospital_Hour,Hospital_Minute,Fatalities_Count,Clean_Light_Condition,Clean_Weather_Condition,Total_Killed,Total_Alive,Fatal_Seats_List,Killed_Restraint_List,Any_Driver_Drinking,Total_Drinking_Drivers,Driver_License_Category,Driver_Max_Prev_Accident_Count,Driver_Max_Prev_Speeding_Count,Max_Driver_Age,Min_Driver_Age,Driver_Sex_List,Total_Exceeding_Limit_Vehicles,Total_Too_Fast_Vehicles,Max_Vehicle_Type_Severity_5,Max_Vehicle_Damage_Rank,Max_Harmful_Event_Severity,Crash_Road_Surface_Condition,Crash_Horizontal_Alignment,Crash_Vertical_Profile,Crash_Impairment_Category,Crash_Vehicle_Defect
31439,48,Texas,480463,0,2,2,0,2,NOT APPLICABLE,February,19,Sunday,22,48,Rural,Medium Speed (Collector),No,31.33371389,-95.42909722,Non-Intersection,Dark - Not Lighted,Clear,10:00pm-10:59pm,53,11:00pm-11:59pm,34,0:00am-0:59am,17,1,Dark - Unlighted,Clear,1,1,['Driver'],['None_Used'],1,2,Valid,0.0,0.0,52.0,31.0,"['Male', 'Male']",0,0,3,1,5,Dry,Straight,Grade/Hillcrest,Lowest,No
31440,48,Texas,480464,0,1,1,0,1,NOT APPLICABLE,February,20,Monday,11,0,Rural,Medium Speed (Collector),No,29.77162778,-96.03549167,Non-Intersection,Daylight,Clear,Unknown,Unknown,Unknown EMS Scene Arrival Hour,Unknown EMS Scene Arrival Minutes,Not Applicable (Not Transported),Not Applicable (Not Transported),1,Daylight,Clear,1,0,['Driver'],['Shoulder_Lapbelt'],1,1,Valid,0.0,0.0,91.0,91.0,['Male'],0,0,3,4,3,Dry,Curve,Level,Lowest,No
31441,48,Texas,480465,0,1,1,0,1,DALLAS,February,12,Sunday,9,11,Urban,High Speed (Arterial),Yes,32.94316667,-96.74223056,Non-Intersection,Daylight,Clear,Unknown,Unknown,Unknown EMS Scene Arrival Hour,Unknown EMS Scene Arrival Minutes,Not Applicable (Not Transported),Not Applicable (Not Transported),1,Daylight,Clear,1,0,['Driver'],['None_Used'],0,0,Valid,0.0,0.0,60.0,60.0,['Male'],0,0,5,1,3,Dry,Curve,Level,Lowest,No
31442,48,Texas,480466,0,2,2,0,2,NOT APPLICABLE,February,8,Wednesday,23,15,Urban,Low Speed (Local),No,29.78705,-95.79296389,Non-Intersection,Dark - Lighted,Clear,Unknown,Unknown,Unknown EMS Scene Arrival Hour,Unknown EMS Scene Arrival Minutes,Not Applicable (Not Transported),Not Applicable (Not Transported),1,Dark - Lighted,Clear,1,1,['Driver'],['None_Used'],0,0,Invalid,1.0,0.0,21.0,18.0,"['Male', 'Male']",1,0,5,1,5,Dry,Straight,Non-Trafficway,Lowest,No
31443,48,Texas,480467,0,2,2,0,3,HOUSTON,February,4,Saturday,22,6,Urban,High Speed (Arterial),Yes,29.67749444,-95.42507222,Non-Intersection,Dark - Lighted,Clear,Unknown,Unknown,Unknown EMS Scene Arrival Hour,Unknown EMS Scene Arrival Minutes,Not Applicable (Not Transported),Not Applicable (Not Transported),1,Dark - Lighted,Clear,1,2,['Driver'],['Shoulder_Lapbelt'],0,0,Valid,0.0,0.0,61.0,24.0,"['Male', 'Male']",1,0,2,2,5,Dry,Curve,Level,Lowest,No
31444,48,Texas,480468,0,3,3,0,3,HOUSTON,February,14,Tuesday,15,20,Urban,High Speed (Arterial),Yes,29.940175,-95.29289167,Non-Intersection,Daylight,Clear,Unknown,Unknown,Unknown EMS Scene Arrival Hour,Unknown EMS Scene Arrival Minutes,Unknown,Unknown EMS Hospital Arrival Time,1,Daylight,Clear,1,2,['Driver'],['None_Used'],0,0,Valid,0.0,1.0,49.0,30.0,"['Male', 'Male', 'Male']",1,0,4,2,5,Dry,Straight,Grade/Hillcrest,Lowest,No
31445,48,Texas,480469,1,1,1,0,2,SULLIVAN CITY,February,21,Tuesday,22,5,Rural,High Speed (Arterial),Yes,26.25386667,-98.52106667,Non-Intersection,Dark - Not Lighted,Clear,Unknown,Unknown if Notified,Unknown EMS Scene Arrival Hour,Unknown if Arrived,Not Applicable (Not Transported),Not Applicable (Not Transported),1,Dark - Unlighted,Clear,0,2,[],[],0,0,Valid,0.0,0.0,28.0,28.0,['Male'],0,0,3,1,4,Dry,Straight,Level,Lowest,No
31446,48,Texas,480470,0,1,1,0,2,HOUSTON,January,29,Sunday,0,56,Urban,High Speed (Arterial),Yes,29.726075,-95.48555278,Non-Intersection,Dark - Not Lighted,Rain,Unknown,Unknown,Unknown EMS Scene Arrival Hour,Unknown EMS Scene Arrival Minutes,Unknown,Unknown EMS Hospital Arrival Time,1,Dark - Unlighted,Rain/Wind/Minor,1,1,['Driver'],['Shoulder_Lapbelt'],1,1,Valid,0.0,1.0,45.0,45.0,['Male'],0,0,2,1,3,Wet/Standing Water,Curve,Grade/Hillcrest,Lowest,No
31447,48,Texas,480471,0,2,2,0,3,ROSENBERG,February,19,Sunday,15,18,Urban,High Speed (Arterial),Yes,29.52114444,-95.87913889,Non-Intersection,Daylight,Clear,Unknown,Unknown,Unknown EMS Scene Arrival Hour,Unknown EMS Scene Arrival Minutes,Unknown,Unknown EMS Hospital Arrival Time,1,Daylight,Clear,1,2,['Driver'],['Shoulder_Lapbelt'],0,0,Valid,1.0,4.0,83.0,27.0,"['Male', 'Male']",0,0,3,1,5,Dry,Straight,Level,Lowest,No
31448,48,Texas,480472,0,1,1,0,1,BIG SPRING,February,19,Sunday,22,22,Urban,High Speed (Arterial),Yes,32.21992222,-101.47066389,Non-Intersection,Dark - Lighted,Clear,Unknown,Unknown if Notified,Unknown EMS Scene Arrival Hour,Unknown if Arrived,Not Applicable (Not Transported),Not Applicable (Not Transported),1,Dark - Lighted,Clear,1,0,['Driver'],['None_Used'],1,1,Valid,0.0,1.0,34.0,34.0,['Male'],0,0,5,1,3,Dry,Straight,Level,Lowest,No
31449,48,Texas,480473,0,2,2,0,2,MIDLAND,February,24,Friday,16,21,Urban,Medium Speed (Collector),No,31.97364167,-102.11630278,Non-Intersection,Daylight,Clear,Unknown,Unknown if Notified,Unknown EMS Scene Arrival Hour,Unknown if Arrived,Not Applicable (Not Transported),Not Applicable (Not Transported),1,Daylight,Clear,1,1,['Driver'],['Shoulder_Lapbelt'],0,0,Valid,1.0,0.0,40.0,39.0,"['Male', 'Male']",0,0,3,1,5,Dry,Straight,Level,Lowest,No
31450,48,Texas,480474,0,1,1,0,1,NOT APPLICABLE,February,19,Sunday,10,20,Rural,Low Speed (Local),No,32.13121111,-96.56549722,Non-Intersection,Daylight,Clear,Unknown,Unknown if Notified,Unknown EMS Scene Arrival Hour,Unknown if Arrived,Not Applicable (Not Transported),Not Applicable (Not Transported),1,Daylight,Clear,1,0,['Driver'],['Shoulder_Lapbelt'],0,0,Valid,1.0,0.0,23.0,23.0,['Male'],1,0,3,1,3,Dry,Straight,Level,Lowest,No
31451,48,Texas,480475,1,1,1,0,1,DALLAS,February,15,Wednesday,7,16,Urban,High Speed (Arterial),Yes,32.795375,-96.693625,Non-Intersection,Dawn,Clear,Unknown,Unknown if Notified,Unknown EMS Scene Arrival Hour,Unknown if Arrived,Not Applicable (Not Transported),Not Applicable (Not Transported),1,Twilight,Clear,0,0,[],[],0,0,Invalid,0.0,0.0,999.0,999.0,['Other'],0,0,1,0,4,Dry,Straight,Level,Lowest,No
31452,48,Texas,480476,1,2,2,0,4,FORT WORTH,February,21,Tuesday,21,36,Urban,Medium Speed (Collector),No,32.70621667,-97.32026944,Complex/Circle,Dark - Lighted,Clear,Unknown,Unknown,Unknown EMS Scene Arrival Hour,Unknown EMS Scene Arrival Minutes,Unknown,Unknown EMS Hospital Arrival Time,1,Dark - Lighted,Clear,0,4,[],[],0,0,Invalid,0.0,1.0,45.0,34.0,"['Male', 'Male']",0,0,3,3,5,Dry,Straight,Level,Lowest,No
31453,48,Texas,480477,0,1,1,0,2,NOT APPLICABLE,February,3,Friday,14,0,Rural,High Speed (Arterial),Yes,31.55334444,-100.51940556,Non-Intersection,Daylight,Clear,Unknown,Unknown if Notified,Unknown EMS Scene Arrival Hour,Unknown if Arrived,Not Applicable (Not Transported),Not Applicable (Not Transported),2,Daylight,Clear,2,0,"['Driver', 'Front_Passenger']","['Shoulder_Lapbelt', 'Shoulder_Lapbelt']",0,0,Valid,0.0,0.0,84.0,84.0,['Female'],0,0,3,1,3,Dry,Straight,Level,Lowest,No
31454,48,Texas,480478,0,3,2,1,2,WACO,February,25,Saturday,21,27,Urban,Low Speed (Local),No,31.56989444,-97.16849167,Simple Junction,Daylight,Clear,Unknown,Unknown,Unknown EMS Scene Arrival Hour,Unknown EMS Scene Arrival Minutes,Unknown,Unknown EMS Hospital Arrival Time,1,Daylight,Clear,1,1,['Driver'],['None_Used'],0,0,Invalid,0.0,0.0,55.0,29.0,"['Male', 'Female']",1,0,5,1,5,Dry,Straight,Level,Lowest,No
31455,48,Texas,480479,0,2,2,0,2,MIDLOTHIAN,February,27,Monday,7,56,Urban,High Speed (Arterial),Yes,32.45773889,-96.93840556,Complex/Circle,Daylight,Clear,Unknown,Unknown,Unknown EMS Scene Arrival Hour,Unknown EMS Scene Arrival Minutes,Unknown,Unknown EMS Hospital Arrival Time,1,Daylight,Clear,1,1,['Driver'],['Shoulder_Lapbelt'],0,0,Valid,0.0,0.0,75.0,36.0,"['Female', 'Male']",0,0,3,1,5,Dry,Straight,Level,Lowest,No
31456,48,Texas,480480,0,4,4,0,4,NOT APPLICABLE,February,8,Wednesday,16,5,Urban,Medium Speed (Collector),No,29.96583611,-95.41190556,Non-Intersection,Daylight,Rain,Unknown,Unknown,Unknown EMS Scene Arrival Hour,Unknown EMS Scene Arrival Minutes,Unknown,Unknown EMS Hospital Arrival Time,1,Daylight,Rain/Wind/Minor,1,3,['Driver'],['None_Used'],0,0,Valid,0.0,0.0,51.0,16.0,"['Male', 'Male', 'Male', 'Female']",1,0,3,1,5,Wet/Standing Water,Straight,Level,Lowest,No
31457,48,Texas,480481,0,1,1,0,1,NOT APPLICABLE,February,24,Friday,4,5,Rural,High Speed (Arterial),Yes,32.73973889,-96.39446111,Non-Intersection,Dark - Not Lighted,Clear,Unknown,Unknown if Notified,Unknown EMS Scene Arrival Hour,Unknown if Arrived,Not Applicable (Not Transported),Not Applicable (Not Transported),1,Dark - Unlighted,Clear,1,0,['Driver'],['None_Used'],0,0,Valid,0.0,0.0,47.0,47.0,['Male'],0,0,3,4,3,Dry,Straight,Level,Lowest,No
31458,48,Texas,480482,0,3,3,0,3,NOT APPLICABLE,February,7,Tuesday,18,5,Urban,High Speed (Arterial),No,29.94490833,-95.56555278,Non-Intersection,Daylight,Cloudy,Unknown,Unknown if Notified,Unknown EMS Scene Arrival Hour,Unknown if Arrived,Not Applicable (Not Transported),Not Applicable (Not Transported),1,Daylight,Reduced Visibility,1,2,['Driver'],['None_Used'],0,0,Valid,1.0,0.0,46.0,22.0,"['Male', 'Female', 'Male']",0,0,5,2,5,Dry,Straight,Level,Lowest,No
31459,48,Texas,480483,0,1,1,0,1,DALLAS,February,20,Monday,22,55,Urban,Low Speed (Local),No,32.76371944,-96.74916944,Non-Intersection,Dark - Lighted,Clear,Unknown,Unknown,Unknown EMS Scene Arrival Hour,Unknown EMS Scene Arrival Minutes,Unknown,Unknown EMS Hospital Arrival Time,1,Dark - Lighted,Clear,1,0,['Driver'],['None_Used'],1,1,Valid,0.0,0.0,61.0,61.0,['Male'],1,0,3,1,3,Dry,Straight,Non-Trafficway,Lowest,No
31460,48,Texas,480484,1,1,1,0,1,DALLAS,February,20,Monday,21,44,Urban,High Speed (Arterial),Yes,32.75126389,-96.68281389,Non-Intersection,Dark - Lighted,Clear,Unknown,Unknown,Unknown EMS Scene Arrival Hour,Unknown EMS Scene Arrival Minutes,Unknown,Unknown EMS Hospital Arrival Time,1,Dark - Lighted,Clear,0,1,[],[],0,0,Invalid,0.0,0.0,19.0,19.0,['Male'],0,0,3,1,4,Dry,Straight,Level,Lowest,No
31461,48,Texas,480485,1,1,1,0,1,DALLAS,February,20,Monday,20,35,Urban,Medium Speed (Collector),No,32.73068333,-96.64843611,Simple Junction,Dark - Not Lighted,Clear,Unknown,Unknown,Unknown EMS Scene Arrival Hour,Unknown EMS Scene Arrival Minutes,Unknown,Unknown EMS Hospital Arrival Time,1,Dark - Unlighted,Clear,0,0,[],[],0,0,Invalid,0.0,0.0,999.0,999.0,['Other'],0,0,1,0,4,Dry,Straight,Level,Lowest,No
31462,48,Texas,480486,0,1,1,0,2,NOT APPLICABLE,February,27,Monday,17,28,Urban,Medium Speed (Collector),No,32.84253889,-97.53329167,Non-Intersection,Daylight,Clear,Unknown,Unknown if Notified,Unknown EMS Scene Arrival Hour,Unknown if Arrived,Not Applicable (Not Transported),Not Applicable (Not Transported),1,Daylight,Clear,1,0,['Driver'],['Shoulder_Lapbelt'],0,0,Valid,1.0,0.0,49.0,49.0,['Male'],2,0,3,1,3,Dry,Curve,Level,Lowest,No
31463,48,Texas,480487,0,2,2,0,3,MINEOLA,February,14,Tuesday,15,9,Urban,High Speed (Arterial),Yes,32.65917778,-95.48935556,Non-Intersection,Daylight,Clear,Unknown,Unknown,Unknown EMS Scene Arrival Hour,Unknown EMS Scene Arrival Minutes,Not Applicable (Not Transported),Not Applicable (Not Transported),1,Daylight,Clear,1,2,['Driver'],['Shoulder_Lapbelt'],0,0,Valid,0.0,1.0,82.0,66.0,"['Male', 'Male']",1,0,4,2,5,Dry,Straight,Level,Lowest,No
31464,48,Texas,480488,0,3,3,0,3,NOT APPLICABLE,February,21,Tuesday,10,15,Rural,Medium Speed (Collector),No,33.51466667,-94.28926111,Non-Intersection,Daylight,Clear,Unknown,Unknown if Notified,Unknown EMS Scene Arrival Hour,Unknown if Arrived,Not Applicable (Not Transported),Not Applicable (Not Transported),1,Daylight,Clear,1,2,['Driver'],['None_Used'],0,0,Valid,1.0,0.0,51.0,29.0,"['Male', 'Male', 'Male']",0,0,5,2,5,Dry,Straight,Level,Lowest,No
31465,48,Texas,480489,0,3,3,0,3,NOT APPLICABLE,February,23,Thursday,5,25,Rural,Medium Speed (Collector),No,29.89598333,-94.69895833,Non-Intersection,Dark - Not Lighted,Clear,Unknown,Unknown,Unknown EMS Scene Arrival Hour,Unknown EMS Scene Arrival Minutes,Unknown,Unknown EMS Hospital Arrival Time,1,Dark - Unlighted,Clear,1,2,['Driver'],['Shoulder_Lapbelt'],0,0,Invalid,2.0,0.0,57.0,32.0,"['Male', 'Male', 'Male']",0,0,3,4,3,Dry,Curve,Grade/Hillcrest,Lowest,No
31466,48,Texas,480490,0,2,2,0,3,NOT APPLICABLE,February,25,Saturday,15,57,Rural,Medium Speed (Collector),No,30.43391389,-97.49598333,Simple Junction,Daylight,Cloudy,Unknown,Unknown,Unknown EMS Scene Arrival Hour,Unknown EMS Scene Arrival Minutes,Unknown,Unknown EMS Hospital Arrival Time,1,Daylight,Reduced Visibility,1,2,['Driver'],['Shoulder_Lapbelt'],0,0,Valid,0.0,1.0,34.0,31.0,"['Male', 'Male']",0,0,3,1,5,Dry,Straight,Level,Lowest,No
31467,48,Texas,480491,0,2,2,0,3,NOT APPLICABLE,February,17,Friday,18,55,Rural,High Speed (Arterial),Yes,28.55746667,-99.83544444,Non-Intersection,Dark - Not Lighted,Clear,Unknown,Unknown,Unknown EMS Scene Arrival Hour,Unknown EMS Scene Arrival Minutes,Unknown,Unknown EMS Hospital Arrival Time,3,Dark - Unlighted,Clear,3,0,"['Driver', 'Driver', 'Front_Passenger']","['None_Used', 'None_Used', 'Shoulder_Lapbelt']",0,0,Invalid,0.0,0.0,53.0,30.0,"['Female', 'Female']",0,0,3,1,5,Dry,Curve,Level,Lowest,No
31468,48,Texas,480492,0,2,2,0,3,NOT APPLICABLE,February,18,Saturday,0,13,Rural,Medium Speed (Collector),No,28.58126111,-99.50660833,Non-Intersection,Dark - Not Lighted,Clear,Unknown,Unknown,Unknown EMS Scene Arrival Hour,Unknown EMS Scene Arrival Minutes,Unknown,Unknown EMS Hospital Arrival Time,2,Dark - Unlighted,Clear,2,1,"['Front_Passenger', 'Driver']","['Shoulder_Lapbelt', 'None_Used']",1,1,Valid,0.0,1.0,33.0,18.0,"['Male', 'Male']",0,0,3,1,5,Dry,Straight,Level,Lowest,No
31469,48,Texas,480493,0,1,1,0,1,CORPUS CHRISTI,February,24,Friday,21,54,Urban,High Speed (Arterial),Yes,27.71384722,-97.38295556,Simple Junction,Dark - Lighted,Clear,Unknown,Unknown if Notified,Unknown EMS Scene Arrival Hour,Unknown if Arrived,Not Applicable (Not Transported),Not Applicable (Not Transported),1,Dark - Lighted,Clear,1,0,['Driver'],['None_Used'],0,0,Valid,2.0,2.0,66.0,66.0,['Male'],1,0,5,1,2,Dry,Straight,Grade/Hillcrest,Lowest,No
31470,48,Texas,480494,0,2,2,0,3,NOT APPLICABLE,February,21,Tuesday,6,15,Urban,Medium Speed (Collector),No,30.26968611,-95.35123889,Non-Intersection,Dark - Not Lighted,Cloudy,Unknown,Unknown,Unknown EMS Scene Arrival Hour,Unknown EMS Scene Arrival Minutes,Unknown,Unknown EMS Hospital Arrival Time,1,Dark - Unlighted,Reduced Visibility,1,2,['Front_Passenger'],['Shoulder_Lapbelt'],0,0,Valid,0.0,1.0,46.0,20.0,"['Male', 'Male']",0,0,3,1,5,Dry,Straight,Grade/Hillcrest,Lowest,No
31471,48,Texas,480495,1,2,2,0,2,BRYAN,February,26,Sunday,13,42,Urban,Medium Speed (Collector),No,30.65269444,-96.33579167,Complex/Circle,Daylight,Clear,1:00pm-1:59pm,43,1:00pm-1:59pm,48,2:00pm-2:59pm,0,1,Daylight,Clear,0,2,[],[],0,0,Valid,0.0,1.0,28.0,17.0,"['Male', 'Male']",0,0,3,1,5,Dry,Straight,Level,Lowest,No
31472,48,Texas,480496,2,3,2,1,3,NOT APPLICABLE,February,22,Wednesday,6,50,Rural,High Speed (Arterial),Yes,29.94404444,-98.87406944,Non-Intersection,Dawn,Clear,Unknown,Unknown,Unknown EMS Scene Arrival Hour,Unknown EMS Scene Arrival Minutes,Unknown,Unknown EMS Hospital Arrival Time,1,Twilight,Clear,1,2,['Front_Passenger'],['None_Used'],0,0,Valid,0.0,0.0,62.0,56.0,"['Female', 'Female']",0,0,3,1,5,Dry,Straight,Level,Medium,No
31473,48,Texas,480497,1,2,2,0,2,SAN ANTONIO,February,27,Monday,21,7,Urban,High Speed (Arterial),No,29.41303889,-98.55633333,Non-Intersection,Dark - Lighted,Clear,Unknown,Unknown if Notified,Unknown EMS Scene Arrival Hour,Unknown if Arrived,Not Applicable (Not Transported),Not Applicable (Not Transported),1,Dark - Lighted,Clear,0,1,[],[],0,0,Invalid,0.0,0.0,999.0,21.0,"['Other', 'Female']",0,0,2,0,4,Dry,Straight,Level,Lowest,No
31474,48,Texas,480499,0,1,1,0,1,GRAND PRAIRIE,January,23,Monday,0,52,Urban,Medium Speed (Collector),No,32.75998056,-97.01319167,Non-Intersection,Dark - Not Lighted,Clear,Unknown,Unknown if Notified,Unknown EMS Scene Arrival Hour,Unknown if Arrived,Not Applicable (Not Transported),Not Applicable (Not Transported),1,Dark - Unlighted,Clear,1,0,['Driver'],['None_Used'],1,1,Valid,0.0,0.0,27.0,27.0,['Male'],1,0,3,1,3,Dry,Straight,Level,Lowest,No
31475,48,Texas,480500,0,1,1,0,1,ARLINGTON,February,24,Friday,7,9,Urban,High Speed (Arterial),Yes,32.66601944,-97.20259722,Non-Intersection,Daylight,Clear,Unknown,Unknown,Unknown EMS Scene Arrival Hour,Unknown EMS Scene Arrival Minutes,Unknown,Unknown EMS Hospital Arrival Time,1,Daylight,Clear,1,0,['Driver'],['Shoulder_Lapbelt'],0,0,Valid,0.0,0.0,34.0,34.0,['Male'],0,0,3,1,3,Dry,Curve,Grade/Hillcrest,Medium,No
31476,48,Texas,480501,1,1,1,0,1,KATY,February,15,Wednesday,19,4,Urban,Medium Speed (Collector),No,29.78570278,-95.82079167,Complex/Circle,Dark - Lighted,Cloudy,Unknown,Unknown,Unknown EMS Scene Arrival Hour,Unknown EMS Scene Arrival Minutes,Unknown,Unknown EMS Hospital Arrival Time,1,Dark - Lighted,Reduced Visibility,0,1,[],[],0,0,Valid,0.0,0.0,38.0,38.0,['Male'],0,0,3,2,4,Dry,Straight,Level,Lowest,No
31477,48,Texas,480502,0,3,3,0,3,NOT APPLICABLE,February,11,Saturday,10,25,Rural,High Speed (Arterial),Yes,30.45621667,-96.66067778,Non-Intersection,Daylight,Clear,Unknown,Unknown if Notified,Unknown EMS Scene Arrival Hour,Unknown if Arrived,Not Applicable (Not Transported),Not Applicable (Not Transported),1,Daylight,Clear,1,2,['Driver'],['Shoulder_Lapbelt'],0,0,Valid,0.0,1.0,42.0,23.0,"['Female', 'Male', 'Female']",0,0,4,4,5,Dry,Straight,Level,Lowest,No
31478,48,Texas,480503,0,2,2,0,2,NOT APPLICABLE,February,16,Thursday,16,45,Rural,Medium Speed (Collector),No,33.51212222,-94.40754722,Non-Intersection,Daylight,Cloudy,Unknown,Unknown if Notified,Unknown EMS Scene Arrival Hour,Unknown if Arrived,Not Applicable (Not Transported),Not Applicable (Not Transported),1,Daylight,Reduced Visibility,1,1,['Driver'],['None_Used'],0,0,Valid,0.0,0.0,83.0,49.0,"['Female', 'Male']",0,0,4,1,5,Dry,Straight,Grade/Hillcrest,Lowest,No
31479,48,Texas,480504,0,1,1,0,1,SAN ANTONIO,February,9,Thursday,9,25,Urban,Medium Speed (Collector),No,29.48203056,-98.37180556,Non-Intersection,Daylight,Clear,Unknown,Unknown,Unknown EMS Scene Arrival Hour,Unknown EMS Scene Arrival Minutes,Unknown,Unknown EMS Hospital Arrival Time,1,Daylight,Clear,1,0,['Driver'],['Shoulder_Lapbelt'],0,0,Valid,0.0,0.0,46.0,46.0,['Male'],1,0,3,1,2,Dry,Curve,Level,Lowest,No
31480,48,Texas,480505,0,2,2,0,4,DENTON,February,10,Friday,19,42,Urban,Medium Speed (Collector),No,33.17597778,-97.11314167,Complex/Circle,Dark - Lighted,Clear,Unknown,Unknown,Unknown EMS Scene Arrival Hour,Unknown EMS Scene Arrival Minutes,Unknown,Unknown EMS Hospital Arrival Time,1,Dark - Lighted,Clear,1,3,['Front_Passenger'],['Shoulder_Lapbelt'],0,0,Valid,0.0,0.0,43.0,26.0,"['Female', 'Male']",0,0,3,1,5,Wet/Standing Water,Straight,Level,Lowest,No
31481,48,Texas,480506,0,3,3,0,4,DALLAS,February,18,Saturday,12,5,Urban,High Speed (Arterial),No,32.73431944,-96.70023889,Complex/Circle,Daylight,Cloudy,Unknown,Unknown,Unknown EMS Scene Arrival Hour,Unknown EMS Scene Arrival Minutes,Unknown,Unknown EMS Hospital Arrival Time,1,Daylight,Reduced Visibility,1,3,['Front_Passenger'],['Shoulder_Lapbelt'],0,0,Invalid,0.0,0.0,68.0,48.0,"['Male', 'Male', 'Male']",0,0,3,1,5,Dry,Straight,Level,Lowest,No
31482,48,Texas,480507,0,1,1,0,1,NOT APPLICABLE,February,24,Friday,18,32,Rural,Medium Speed (Collector),No,31.55976389,-99.93771111,Non-Intersection,Dark - Not Lighted,Cloudy,Unknown,Unknown if Notified,Unknown EMS Scene Arrival Hour,Unknown if Arrived,Not Applicable (Not Transported),Not Applicable (Not Transported),1,Dark - Unlighted,Reduced Visibility,1,0,['Driver'],['None_Used'],1,1,Valid,0.0,0.0,69.0,69.0,['Male'],0,0,3,1,3,Dry,Curve,Level,Lowest,No
31483,48,Texas,480508,0,2,2,0,2,NOT APPLICABLE,February,14,Tuesday,19,15,Urban,Medium Speed (Collector),No,26.17708611,-97.87825,Non-Intersection,Dark - Not Lighted,Clear,Unknown,Unknown if Notified,Unknown EMS Scene Arrival Hour,Unknown if Arrived,Not Applicable (Not Transported),Not Applicable (Not Transported),1,Dark - Unlighted,Clear,1,1,['Driver'],['None_Used'],1,1,Invalid,0.0,0.0,35.0,31.0,"['Female', 'Male']",1,0,3,1,5,Dry,Straight,Level,Lowest,No
31484,48,Texas,480509,0,3,3,0,5,ARLINGTON,February,25,Saturday,20,25,Urban,High Speed (Arterial),Yes,32.66595833,-97.13405833,Non-Intersection,Dark - Lighted,Clear,Unknown,Unknown,Unknown EMS Scene Arrival Hour,Unknown EMS Scene Arrival Minutes,Unknown,Unknown EMS Hospital Arrival Time,1,Dark - Lighted,Clear,1,4,['Driver'],['None_Used'],1,1,Valid,1.0,1.0,23.0,17.0,"['Male', 'Male', 'Male']",1,0,5,1,5,Dry,Straight,Level,Lowest,Yes
31485,48,Texas,480510,0,2,2,0,5,NOT APPLICABLE,January,25,Wednesday,14,6,Rural,Medium Speed (Collector),No,26.31495556,-97.96544444,Simple Junction,Daylight,Clear,Unknown,Unknown,Unknown EMS Scene Arrival Hour,Unknown EMS Scene Arrival Minutes,Unknown,Unknown EMS Hospital Arrival Time,3,Daylight,Clear,3,2,"['Rear_Seat', 'Rear_Seat', 'Front_Passenger']","['None_Used', 'None_Used', 'None_Used']",0,0,Invalid,0.0,1.0,50.0,27.0,"['Female', 'Male']",0,0,4,1,5,Dry,Curve,Level,Lowest,No
31486,48,Texas,480511,1,1,1,0,1,HOUSTON,February,9,Thursday,19,8,Urban,Medium Speed (Collector),No,29.67481389,-95.58721667,Non-Intersection,Dark - Lighted,Clear,Unknown,Unknown,Unknown EMS Scene Arrival Hour,Unknown EMS Scene Arrival Minutes,Unknown,Unknown EMS Hospital Arrival Time,1,Dark - Lighted,Clear,0,1,[],[],0,0,Valid,0.0,0.0,63.0,63.0,['Male'],0,0,3,2,4,Dry,Straight,Level,Lowest,No
31487,48,Texas,480512,0,2,2,0,2,CONROE,February,21,Tuesday,21,16,Urban,High Speed (Arterial),Yes,30.27625833,-95.456925,Non-Intersection,Dark - Lighted,Clear,Unknown,Unknown,Unknown EMS Scene Arrival Hour,Unknown EMS Scene Arrival Minutes,Unknown,Unknown EMS Hospital Arrival Time,1,Dark - Lighted,Clear,1,1,['Driver'],['None_Used'],0,0,Valid,0.0,0.0,19.0,17.0,"['Male', 'Male']",2,0,5,1,5,Dry,Curve,Grade/Hillcrest,Lowest,No
31488,48,Texas,480513,0,2,2,0,2,KILLEEN,February,18,Saturday,18,46,Urban,Medium Speed (Collector),No,31.12302222,-97.67525833,Simple Junction,Dark - Not Lighted,Clear,6:00pm-6:59pm,46,6:00pm-6:59pm,50,7:00pm-7:59pm,24,1,Dark - Unlighted,Clear,1,1,['Driver'],['None_Used'],1,1,Invalid,0.0,5.0,30.0,28.0,"['Male', 'Male']",1,0,5,1,5,Dry,Straight,Level,Lowest,No
31489,48,Texas,480514,0,3,3,0,4,NOT APPLICABLE,February,14,Tuesday,6,42,Rural,Medium Speed (Collector),No,31.6707,-94.36479167,Non-Intersection,Daylight,Cloudy,Unknown,Unknown,Unknown EMS Scene Arrival Hour,Unknown EMS Scene Arrival Minutes,Unknown,Unknown EMS Hospital Arrival Time,1,Daylight,Reduced Visibility,1,3,['Driver'],['Shoulder_Lapbelt'],0,0,Invalid,0.0,0.0,72.0,22.0,"['Female', 'Male', 'Female']",0,0,3,1,5,Wet/Standing Water,Straight,Level,Lowest,No