,State_Code,State_Name,Crash_ID,Count_Non_Motorists,Count_Vehicles_Total,Count_Vehicle_Forms,Count_PVH_Involved,Count_Occupants_MV,City_Name,Month_Name,Day_of_Month,Day_of_Week,Crash_Hour,Crash_Minute,Area_Rural_Urban,Road_Functional_Class,On_NHS_Road,Latitude,Longitude,Intersection_Type,Light_Condition,Weather_Condition,Notif_Hour,Notif_Minute,Arrival_Hour,Arrival_Minute,Hospital_Hour,Hospital_Minute,Fatalities_Count,Clean_Light_Condition,Clean_Weather_Condition,Total_Killed,Total_Alive,Fatal_Seats_List,Killed_Restraint_List,Any_Driver_Drinking,Total_Drinking_Drivers,Driver_License_Category,Driver_Max_Prev_Accident_Count,Driver_Max_Prev_Speeding_Count,Max_Driver_Age,Min_Driver_Age,Driver_Sex_List,Total_Exceeding_Limit_Vehicles,Total_Too_Fast_Vehicles,Max_Vehicle_Type_Severity_5,Max_Vehicle_Damage_Rank,Max_Harmful_Event_Severity,Crash_Road_Surface_Condition,Crash_Horizontal_Alignment,Crash_Vertical_Profile,Crash_Impairment_Category,Crash_Vehicle_Defect
31490,48,Texas,480515,0,1,1,0,5,NOT APPLICABLE,February,12,Sunday,13,17,Rural,Low Speed (Local),No,35.56181389,-101.03060278,Non-Intersection,Daylight,Clear,Unknown,Unknown,Unknown EMS Scene Arrival Hour,Unknown EMS Scene Arrival Minutes,Unknown,Unknown EMS Hospital Arrival Time,1,Daylight,Clear,1,4,['Front_Passenger'],['None_Used'],0,0,Valid,0.0,0.0,16.0,16.0,['Female'],5,0,3,1,3,Dry,Straight,Level,Lowest,No
31491,48,Texas,480516,0,2,2,0,3,NOT APPLICABLE,February,22,Wednesday,19,45,Rural,Medium Speed (Collector),No,30.10335556,-97.61465,Non-Intersection,Dark - Not Lighted,Clear,Unknown,Unknown,Unknown EMS Scene Arrival Hour,Unknown EMS Scene Arrival Minutes,Unknown,Unknown EMS Hospital Arrival Time,1,Dark - Unlighted,Clear,1,2,['Rear_Seat'],['Child_Safety'],0,0,Invalid,0.0,0.0,29.0,22.0,"['Male', 'Female']",1,0,3,1,5,Dry,Curve,Level,Lowest,No
31492,48,Texas,480517,1,1,1,0,1,NOT APPLICABLE,March,3,Friday,4,41,Urban,Medium Speed (Collector),No,29.68844167,-95.62249444,Complex/Circle,Dark - Lighted,Clear,Unknown,Unknown if Notified,Unknown EMS Scene Arrival Hour,Unknown if Arrived,Not Applicable (Not Transported),Not Applicable (Not Transported),1,Dark - Lighted,Clear,0,1,[],[],0,0,Valid,0.0,0.0,67.0,67.0,['Male'],0,0,3,2,4,Dry,Straight,Level,Lowest,No
31493,48,Texas,480518,0,2,2,0,3,NOT APPLICABLE,February,20,Monday,17,0,Rural,High Speed (Arterial),Yes,30.65648611,-97.87678611,Simple Junction,Daylight,Clear,Unknown,Unknown,Unknown EMS Scene Arrival Hour,Unknown EMS Scene Arrival Minutes,Not Applicable (Not Transported),Not Applicable (Not Transported),1,Daylight,Clear,1,2,['Driver'],['None_Used'],1,1,Valid,1.0,1.0,54.0,44.0,"['Male', 'Male']",1,0,5,4,5,Dry,Straight,Level,Lowest,No
31494,48,Texas,480519,1,1,1,0,1,NOT APPLICABLE,February,11,Saturday,22,0,Urban,Low Speed (Local),No,30.15088333,-95.23498889,Non-Intersection,Dark - Not Lighted,Clear,Unknown,Unknown if Notified,Unknown EMS Scene Arrival Hour,Unknown if Arrived,Not Applicable (Not Transported),Not Applicable (Not Transported),1,Dark - Unlighted,Clear,0,0,[],[],0,0,Invalid,0.0,0.0,999.0,999.0,['Other'],0,0,1,0,4,Dry,Straight,Level,Lowest,No
31495,48,Texas,480520,0,3,3,0,3,FORT WORTH,February,28,Tuesday,19,22,Urban,High Speed (Arterial),No,32.75506944,-97.28905,Non-Intersection,Dark - Lighted,Cloudy,7:00pm-7:59pm,23,7:00pm-7:59pm,27,8:00pm-8:59pm,8,1,Dark - Lighted,Reduced Visibility,1,2,['Driver'],['Shoulder_Lapbelt'],0,0,Invalid,0.0,1.0,69.0,34.0,"['Male', 'Female', 'Male']",0,0,3,1,5,Dry,Curve,Level,Lowest,No
31496,48,Texas,480521,0,1,1,0,1,EL PASO,February,1,Wednesday,21,56,Urban,High Speed (Arterial),No,31.75658889,-106.37365833,Simple Junction,Dark - Lighted,Clear,Unknown,Unknown,Unknown EMS Scene Arrival Hour,Unknown EMS Scene Arrival Minutes,Unknown,Unknown EMS Hospital Arrival Time,1,Dark - Lighted,Clear,1,0,['Driver'],['None_Used'],0,0,Valid,0.0,1.0,24.0,24.0,['Male'],1,0,5,1,2,Dry,Curve,Level,Lowest,No
31497,48,Texas,480522,1,1,1,0,1,SAN ANTONIO,February,24,Friday,21,32,Urban,High Speed (Arterial),Yes,29.46141667,-98.40403056,Non-Intersection,Dark - Lighted,Cloudy,Unknown,Unknown,Unknown EMS Scene Arrival Hour,Unknown EMS Scene Arrival Minutes,Unknown,Unknown EMS Hospital Arrival Time,1,Dark - Lighted,Reduced Visibility,0,1,[],[],0,0,Valid,0.0,0.0,30.0,30.0,['Male'],0,0,3,2,4,Dry,Straight,Level,Lowest,No
31498,48,Texas,480523,1,1,1,0,1,COLUMBUS,February,24,Friday,12,18,Rural,Medium Speed (Collector),No,29.70879722,-96.54689722,Complex/Circle,Daylight,Clear,Unknown,Unknown,Unknown EMS Scene Arrival Hour,Unknown EMS Scene Arrival Minutes,Unknown,Unknown EMS Hospital Arrival Time,1,Daylight,Clear,0,1,[],[],0,0,Valid,1.0,1.0,41.0,41.0,['Male'],0,0,2,1,4,Dry,Straight,Grade/Hillcrest,Lowest,No
31499,48,Texas,480524,1,1,1,0,1,NOT APPLICABLE,February,27,Monday,3,43,Urban,Medium Speed (Collector),No,30.01297222,-95.595475,Non-Intersection,Dark - Lighted,Clear,Unknown,Unknown,Unknown EMS Scene Arrival Hour,Unknown EMS Scene Arrival Minutes,Not Applicable (Not Transported),Not Applicable (Not Transported),1,Dark - Lighted,Clear,0,1,[],[],0,0,Valid,0.0,0.0,47.0,47.0,['Male'],0,0,2,2,4,Dry,Straight,Level,Lowest,No
31500,48,Texas,480525,0,2,2,0,5,NOT APPLICABLE,February,24,Friday,12,41,Rural,Medium Speed (Collector),No,33.167725,-96.07708056,Non-Intersection,Daylight,Cloudy,Unknown,Unknown,Unknown EMS Scene Arrival Hour,Unknown EMS Scene Arrival Minutes,Unknown,Unknown EMS Hospital Arrival Time,1,Daylight,Reduced Visibility,1,4,['Front_Passenger'],['Shoulder_Lapbelt'],0,0,Invalid,0.0,0.0,45.0,23.0,"['Male', 'Female']",0,0,2,1,5,Dry,Straight,Grade/Hillcrest,Lowest,No
31501,48,Texas,480526,0,1,1,0,1,NOT APPLICABLE,February,16,Thursday,23,33,Rural,Medium Speed (Collector),No,34.24251111,-102.72336111,Complex/Circle,Dark - Not Lighted,Clear,Unknown,Unknown if Notified,Unknown EMS Scene Arrival Hour,Unknown if Arrived,Not Applicable (Not Transported),Not Applicable (Not Transported),1,Dark - Unlighted,Clear,1,0,['Driver'],['None_Used'],1,1,Valid,0.0,0.0,39.0,39.0,['Male'],0,0,3,1,3,Dry,Straight,Grade/Hillcrest,Lowest,No
31502,48,Texas,480527,0,1,1,0,1,LA PORTE,February,18,Saturday,1,40,Urban,High Speed (Arterial),Yes,29.68441944,-95.03010833,Non-Intersection,Dark - Lighted,Clear,Unknown,Unknown if Notified,Unknown EMS Scene Arrival Hour,Unknown if Arrived,Not Applicable (Not Transported),Not Applicable (Not Transported),1,Dark - Lighted,Clear,1,0,['Driver'],['Shoulder_Lapbelt'],0,0,Valid,0.0,2.0,27.0,27.0,['Female'],0,0,3,4,3,Dry,Straight,Grade/Hillcrest,Lowest,No
31503,48,Texas,480528,0,1,1,0,1,NOT APPLICABLE,February,22,Wednesday,16,45,Rural,Medium Speed (Collector),No,31.02715,-96.167675,Non-Intersection,Daylight,Clear,Unknown,Unknown if Notified,Unknown EMS Scene Arrival Hour,Unknown if Arrived,Not Applicable (Not Transported),Not Applicable (Not Transported),1,Daylight,Clear,1,0,['Driver'],['None_Used'],1,1,Valid,0.0,0.0,47.0,47.0,['Male'],0,0,3,1,4,Dry,Curve,Level,Medium,No
31504,48,Texas,480529,0,2,2,0,2,NOT APPLICABLE,February,25,Saturday,6,1,Rural,High Speed (Arterial),No,28.93051389,-99.88645278,Non-Intersection,Dark - Unknown Lighting,Cloudy,Unknown,Unknown,Unknown EMS Scene Arrival Hour,Unknown EMS Scene Arrival Minutes,Unknown,Unknown EMS Hospital Arrival Time,2,Dark - Unlighted,Reduced Visibility,2,0,"['Driver', 'Driver']","['None_Used', 'Shoulder_Lapbelt']",0,0,Invalid,0.0,0.0,67.0,18.0,"['Male', 'Male']",0,0,3,1,5,Dry,Straight,Level,Medium,No
31505,48,Texas,480530,0,2,2,0,3,CAMPBELL,February,19,Sunday,1,3,Rural,High Speed (Arterial),Yes,33.15284722,-95.93855,Non-Intersection,Dark - Not Lighted,Clear,Unknown,Unknown,Unknown EMS Scene Arrival Hour,Unknown EMS Scene Arrival Minutes,Unknown,Unknown EMS Hospital Arrival Time,1,Dark - Unlighted,Clear,1,2,['Driver'],['Shoulder_Lapbelt'],1,1,Invalid,1.0,0.0,32.0,19.0,"['Male', 'Male']",0,0,3,4,5,Dry,Curve,Level,Lowest,No
31506,48,Texas,480531,1,1,1,0,2,AMARILLO,March,2,Thursday,20,12,Urban,Medium Speed (Collector),No,35.18744444,-101.86617222,Non-Intersection,Dark - Lighted,Clear,Unknown,Unknown,Unknown EMS Scene Arrival Hour,Unknown EMS Scene Arrival Minutes,Unknown,Unknown EMS Hospital Arrival Time,1,Dark - Lighted,Clear,0,2,[],[],0,0,Valid,1.0,0.0,35.0,35.0,['Female'],0,0,3,1,4,Dry,Straight,Level,Lowest,No
31507,48,Texas,480532,0,1,1,0,1,KINGSVILLE,March,2,Thursday,23,30,Urban,Medium Speed (Collector),No,27.53103611,-97.85606667,Non-Intersection,Dark - Lighted,Clear,Unknown,Unknown,Unknown EMS Scene Arrival Hour,Unknown EMS Scene Arrival Minutes,Unknown,Unknown EMS Hospital Arrival Time,1,Dark - Lighted,Clear,1,0,['Driver'],['None_Used'],0,0,Invalid,0.0,1.0,34.0,34.0,['Male'],1,0,3,1,3,Dry,Straight,Grade/Hillcrest,Lowest,No
31508,48,Texas,480533,0,2,1,1,1,MIDLAND,February,14,Tuesday,23,50,Urban,High Speed (Arterial),No,32.00606111,-102.12051944,Complex/Circle,Dark - Lighted,Cloudy,Unknown,Unknown if Notified,Unknown EMS Scene Arrival Hour,Unknown if Arrived,Not Applicable (Not Transported),Not Applicable (Not Transported),1,Dark - Lighted,Reduced Visibility,1,0,['Driver'],['Shoulder_Lapbelt'],1,1,Valid,0.0,0.0,23.0,23.0,['Male'],1,0,3,1,5,Dry,Straight,Level,Lowest,No
31509,48,Texas,480534,0,2,2,0,5,NOT APPLICABLE,February,10,Friday,17,53,Rural,Medium Speed (Collector),No,32.23931667,-96.73949167,Non-Intersection,Daylight,Clear,Unknown,Unknown if Notified,Unknown EMS Scene Arrival Hour,Unknown if Arrived,Not Applicable (Not Transported),Not Applicable (Not Transported),1,Daylight,Clear,1,4,['Driver'],['None_Used'],0,0,Valid,1.0,0.0,31.0,25.0,"['Male', 'Female']",0,0,5,1,5,Dry,Curve,Grade/Hillcrest,Lowest,No
31510,48,Texas,480535,0,1,1,0,1,NOT APPLICABLE,February,27,Monday,21,20,Rural,Medium Speed (Collector),No,30.23184444,-98.15323611,Non-Intersection,Dark - Not Lighted,Clear,Unknown,Unknown if Notified,Unknown EMS Scene Arrival Hour,Unknown if Arrived,Not Applicable (Not Transported),Not Applicable (Not Transported),1,Dark - Unlighted,Clear,1,0,['Driver'],['Shoulder_Lapbelt'],0,0,Valid,0.0,0.0,16.0,16.0,['Male'],0,0,3,4,3,Dry,Curve,Grade/Hillcrest,Lowest,No
31511,48,Texas,480536,0,3,3,0,5,NOT APPLICABLE,February,21,Tuesday,21,31,Rural,Medium Speed (Collector),No,30.03503889,-96.03675,Non-Intersection,Dark - Lighted,Clear,Unknown,Unknown,Unknown EMS Scene Arrival Hour,Unknown EMS Scene Arrival Minutes,Unknown,Unknown EMS Hospital Arrival Time,1,Dark - Lighted,Clear,1,4,['Front_Passenger'],['None_Used'],0,0,Invalid,0.0,0.0,69.0,40.0,"['Male', 'Male', 'Male']",0,0,3,1,5,Dry,Straight,Level,Lowest,No
31512,48,Texas,480537,0,2,2,0,5,RANGER,January,16,Monday,23,0,Rural,Medium Speed (Collector),No,32.47254722,-98.67511389,Non-Intersection,Dark - Not Lighted,Clear,Unknown,Unknown,Unknown EMS Scene Arrival Hour,Unknown EMS Scene Arrival Minutes,Unknown,Unknown EMS Hospital Arrival Time,1,Dark - Unlighted,Clear,1,4,['Driver'],['None_Used'],1,1,Invalid,0.0,0.0,26.0,20.0,"['Male', 'Male']",0,0,3,1,5,Dry,Curve,Level,Lowest,No
31513,48,Texas,480538,0,2,2,0,5,FORT WORTH,February,2,Thursday,23,43,Urban,High Speed (Arterial),Yes,32.83846944,-97.06114167,Non-Intersection,Dark - Lighted,Sleet or Hail,Unknown,Unknown,Unknown EMS Scene Arrival Hour,Unknown EMS Scene Arrival Minutes,Unknown,Unknown EMS Hospital Arrival Time,1,Dark - Lighted,Snow/Ice/Severe,1,4,['Driver'],['None_Used'],0,0,Invalid,0.0,1.0,49.0,22.0,"['Male', 'Male']",1,0,3,1,5,Icy/Snowy,Straight,Grade/Hillcrest,Lowest,No
31514,48,Texas,480539,0,3,3,0,5,NOT APPLICABLE,February,25,Saturday,14,46,Urban,Medium Speed (Collector),No,29.37825833,-95.25906667,Non-Intersection,Daylight,Clear,Unknown,Unknown,Unknown EMS Scene Arrival Hour,Unknown EMS Scene Arrival Minutes,Unknown,Unknown EMS Hospital Arrival Time,1,Daylight,Clear,1,4,['Driver'],['Shoulder_Lapbelt'],0,0,Valid,1.0,2.0,68.0,16.0,"['Female', 'Male', 'Female']",1,0,3,1,5,Dry,Straight,Level,Medium,No
31515,48,Texas,480540,0,1,1,0,1,NOT APPLICABLE,February,26,Sunday,0,57,Rural,Medium Speed (Collector),No,32.34038333,-94.92200833,Non-Intersection,Dark - Not Lighted,Clear,Unknown,Unknown if Notified,Unknown EMS Scene Arrival Hour,Unknown if Arrived,Not Applicable (Not Transported),Not Applicable (Not Transported),1,Dark - Unlighted,Clear,1,0,['Driver'],['Shoulder_Lapbelt'],1,1,Valid,0.0,0.0,22.0,22.0,['Male'],1,0,3,1,3,Dry,Curve,Grade/Hillcrest,Lowest,No
31516,48,Texas,480541,0,1,1,0,3,NOT APPLICABLE,February,26,Sunday,1,30,Rural,Medium Speed (Collector),No,32.98570833,-95.18324167,Non-Intersection,Dark - Not Lighted,"Fog, Smog, Smoke",Unknown,Unknown,Unknown EMS Scene Arrival Hour,Unknown EMS Scene Arrival Minutes,Unknown,Unknown EMS Hospital Arrival Time,2,Dark - Unlighted,Reduced Visibility,2,1,"['Driver', 'Rear_Seat']","['None_Used', 'None_Used']",1,1,Valid,0.0,2.0,18.0,18.0,['Male'],3,0,3,1,3,Wet/Standing Water,Curve,Level,Lowest,No
31517,48,Texas,480542,0,1,1,0,2,NOT APPLICABLE,February,26,Sunday,21,4,Rural,Medium Speed (Collector),No,30.60429167,-95.15148889,Non-Intersection,Dark - Not Lighted,Clear,Unknown,Unknown,Unknown EMS Scene Arrival Hour,Unknown EMS Scene Arrival Minutes,Unknown,Unknown EMS Hospital Arrival Time,1,Dark - Unlighted,Clear,1,1,['Front_Passenger'],['None_Used'],0,0,Valid,0.0,1.0,38.0,38.0,['Male'],2,0,2,1,3,Dry,Curve,Level,Lowest,No
31518,48,Texas,480543,0,2,2,0,4,NOT APPLICABLE,March,1,Wednesday,11,14,Rural,High Speed (Arterial),Yes,33.48816111,-94.522,Simple Junction,Daylight,Cloudy,Unknown,Unknown,Unknown EMS Scene Arrival Hour,Unknown EMS Scene Arrival Minutes,Unknown,Unknown EMS Hospital Arrival Time,2,Daylight,Reduced Visibility,2,2,"['Driver', 'Front_Passenger']","['Shoulder_Lapbelt', 'Shoulder_Lapbelt']",0,0,Valid,0.0,0.0,74.0,53.0,"['Male', 'Male']",0,0,3,1,5,Dry,Straight,Level,Lowest,No
31519,48,Texas,480545,0,1,1,0,1,GALVESTON,February,25,Saturday,1,27,Urban,High Speed (Arterial),Yes,29.28833611,-94.85121389,Non-Intersection,Dark - Lighted,"Fog, Smog, Smoke",Unknown,Unknown if Notified,Unknown EMS Scene Arrival Hour,Unknown if Arrived,Not Applicable (Not Transported),Not Applicable (Not Transported),1,Dark - Lighted,Reduced Visibility,1,0,['Driver'],['Shoulder_Lapbelt'],1,1,Valid,0.0,1.0,21.0,21.0,['Male'],1,0,2,1,3,Dry,Straight,Level,Lowest,No
31520,48,Texas,480546,1,1,1,0,1,CONROE,February,22,Wednesday,0,35,Urban,Medium Speed (Collector),No,30.23671944,-95.46374722,Non-Intersection,Dark - Not Lighted,Clear,Unknown,Unknown if Notified,Unknown EMS Scene Arrival Hour,Unknown if Arrived,Not Applicable (Not Transported),Not Applicable (Not Transported),1,Dark - Unlighted,Clear,0,1,[],[],0,0,Valid,0.0,3.0,27.0,27.0,['Female'],0,0,3,2,4,Dry,Straight,Level,Lowest,No
31521,48,Texas,480547,0,2,2,0,4,NOT APPLICABLE,March,4,Saturday,17,55,Rural,Medium Speed (Collector),No,32.40804722,-94.95167778,Complex/Circle,Daylight,Clear,Unknown,Unknown,Unknown EMS Scene Arrival Hour,Unknown EMS Scene Arrival Minutes,Unknown,Unknown EMS Hospital Arrival Time,1,Daylight,Clear,1,3,['Front_Passenger'],['Shoulder_Lapbelt'],0,0,Valid,0.0,0.0,64.0,47.0,"['Male', 'Male']",2,0,3,1,5,Dry,Straight,Level,Lowest,No
31522,48,Texas,480548,0,1,1,0,1,WICHITA FALLS,March,3,Friday,22,47,Urban,High Speed (Arterial),Yes,33.88304444,-98.47740556,Non-Intersection,Dark - Lighted,Clear,Unknown,Unknown,Unknown EMS Scene Arrival Hour,Unknown EMS Scene Arrival Minutes,Not Applicable (Not Transported),Not Applicable (Not Transported),1,Dark - Lighted,Clear,1,0,['Driver'],['Shoulder_Lapbelt'],1,1,Valid,0.0,1.0,34.0,34.0,['Female'],0,0,3,4,3,Dry,Curve,Level,Lowest,No
31523,48,Texas,480549,0,2,2,0,2,ARLINGTON,February,28,Tuesday,21,9,Urban,High Speed (Arterial),Yes,32.67718611,-97.06308056,Non-Intersection,Dark - Not Lighted,Clear,Unknown,Unknown,Unknown EMS Scene Arrival Hour,Unknown EMS Scene Arrival Minutes,Not Applicable (Not Transported),Not Applicable (Not Transported),1,Dark - Unlighted,Clear,1,1,['Driver'],['Shoulder_Lapbelt'],0,0,Valid,0.0,0.0,75.0,33.0,"['Female', 'Male']",0,0,3,4,5,Loose/Unpaved,Curve,Grade/Hillcrest,Lowest,No
31524,48,Texas,480550,0,1,1,0,1,NOT APPLICABLE,February,26,Sunday,18,4,Rural,Medium Speed (Collector),No,29.49883611,-97.58378056,Non-Intersection,Daylight,Cloudy,Unknown,Unknown if Notified,Unknown EMS Scene Arrival Hour,Unknown if Arrived,Not Applicable (Not Transported),Not Applicable (Not Transported),1,Daylight,Reduced Visibility,1,0,['Driver'],['None_Used'],1,1,Invalid,0.0,0.0,63.0,63.0,['Male'],0,0,3,1,3,Dry,Curve,Level,Lowest,No
31525,48,Texas,480551,1,1,1,0,1,HOUSTON,February,24,Friday,23,25,Urban,High Speed (Arterial),No,29.73776944,-95.49434167,Non-Intersection,Dark - Lighted,Clear,Unknown,Unknown if Notified,Unknown EMS Scene Arrival Hour,Unknown if Arrived,Not Applicable (Not Transported),Not Applicable (Not Transported),1,Dark - Lighted,Clear,0,1,[],[],0,0,Valid,0.0,0.0,51.0,51.0,['Male'],0,0,3,1,4,Dry,Straight,Level,Lowest,No
31526,48,Texas,480552,0,2,2,0,2,HOUSTON,February,26,Sunday,7,30,Urban,Medium Speed (Collector),No,29.64176111,-95.43029722,Non-Intersection,Daylight,Clear,Unknown,Unknown,Unknown EMS Scene Arrival Hour,Unknown EMS Scene Arrival Minutes,Unknown,Unknown EMS Hospital Arrival Time,1,Daylight,Clear,1,1,['Driver'],['None_Used'],1,1,Invalid,0.0,2.0,35.0,34.0,"['Male', 'Male']",0,0,2,1,5,Dry,Straight,Level,Lowest,No
31527,48,Texas,480553,0,2,2,0,3,BAYTOWN,March,3,Friday,16,48,Urban,High Speed (Arterial),Yes,29.73815556,-94.95479167,Simple Junction,Daylight,Clear,4:00pm-4:59pm,47,6:00pm-6:59pm,6,6:00pm-6:59pm,25,1,Daylight,Clear,1,2,['Driver'],['None_Used'],0,0,Valid,0.0,0.0,49.0,28.0,"['Male', 'Female']",0,0,5,1,5,Dry,Straight,Level,Lowest,No
31528,48,Texas,480554,0,1,1,0,1,NOT APPLICABLE,February,20,Monday,18,38,Rural,Low Speed (Local),No,30.12699444,-98.82162778,Non-Intersection,Dark - Not Lighted,Clear,Unknown,Unknown if Notified,Unknown EMS Scene Arrival Hour,Unknown if Arrived,Not Applicable (Not Transported),Not Applicable (Not Transported),1,Dark - Unlighted,Clear,1,0,['Driver'],['None_Used'],1,1,Valid,0.0,0.0,32.0,32.0,['Female'],1,0,3,4,3,Dry,Curve,Grade/Hillcrest,Lowest,Yes
31529,48,Texas,480555,0,1,1,0,1,NOT APPLICABLE,March,3,Friday,6,40,Rural,Medium Speed (Collector),No,32.14980833,-96.46839444,Non-Intersection,Dark - Not Lighted,Rain,Unknown,Unknown if Notified,Unknown EMS Scene Arrival Hour,Unknown if Arrived,Not Applicable (Not Transported),Not Applicable (Not Transported),1,Dark - Unlighted,Rain/Wind/Minor,1,0,['Driver'],['None_Used'],0,0,Invalid,0.0,0.0,30.0,30.0,['Male'],1,0,3,1,3,Wet/Standing Water,Curve,Level,Lowest,No
31530,48,Texas,480556,0,1,1,0,1,GRAND PRAIRIE,February,28,Tuesday,23,30,Urban,High Speed (Arterial),No,32.68245,-97.02428611,Non-Intersection,Dark - Lighted,Clear,Unknown,Unknown if Notified,Unknown EMS Scene Arrival Hour,Unknown if Arrived,Not Applicable (Not Transported),Not Applicable (Not Transported),1,Dark - Lighted,Clear,1,0,['Driver'],['None_Used'],1,1,Valid,0.0,0.0,53.0,53.0,['Male'],0,0,5,1,3,Dry,Straight,Level,Lowest,No
31531,48,Texas,480557,0,1,1,0,1,NOT APPLICABLE,March,6,Monday,10,52,Urban,High Speed (Arterial),Yes,32.576275,-97.21730556,Non-Intersection,Daylight,Clear,Unknown,Unknown if Notified,Unknown EMS Scene Arrival Hour,Unknown if Arrived,Not Applicable (Not Transported),Not Applicable (Not Transported),1,Daylight,Clear,1,0,['Driver'],['None_Used'],0,0,Valid,0.0,1.0,31.0,31.0,['Male'],0,0,3,1,2,Dry,Curve,Grade/Hillcrest,Medium,No
31532,48,Texas,480558,1,1,1,0,1,VIDOR,March,7,Tuesday,20,55,Urban,High Speed (Arterial),Yes,30.1324,-93.98439444,Non-Intersection,Dark - Not Lighted,Cloudy,Unknown,Unknown if Notified,Unknown EMS Scene Arrival Hour,Unknown if Arrived,Not Applicable (Not Transported),Not Applicable (Not Transported),1,Dark - Unlighted,Reduced Visibility,0,1,[],[],0,0,Invalid,0.0,2.0,54.0,54.0,['Male'],0,0,3,1,4,Dry,Straight,Level,Lowest,No
31533,48,Texas,480559,0,2,2,0,2,COTULLA,February,14,Tuesday,7,17,Rural,Medium Speed (Collector),No,28.44813333,-99.24289167,Simple Junction,Daylight,Clear,Unknown,Unknown if Notified,Unknown EMS Scene Arrival Hour,Unknown if Arrived,Not Applicable (Not Transported),Not Applicable (Not Transported),1,Daylight,Clear,1,1,['Driver'],['None_Used'],0,0,Invalid,0.0,3.0,61.0,48.0,"['Male', 'Male']",0,0,5,2,5,Dry,Curve,Level,Lowest,No
31534,48,Texas,480560,1,1,1,0,1,HOUSTON,February,24,Friday,19,20,Urban,Low Speed (Local),No,29.87793611,-95.49443333,Complex/Circle,Dark - Lighted,Clear,Unknown,Unknown,Unknown EMS Scene Arrival Hour,Unknown EMS Scene Arrival Minutes,Unknown,Unknown EMS Hospital Arrival Time,1,Dark - Lighted,Clear,0,1,[],[],0,0,Valid,0.0,2.0,26.0,26.0,['Male'],0,0,3,2,4,Dry,Straight,Level,Lowest,No
31535,48,Texas,480561,1,3,1,2,1,HOUSTON,February,18,Saturday,3,43,Urban,High Speed (Arterial),Yes,29.784775,-95.54832222,Non-Intersection,Dark - Not Lighted,Clear,Unknown,Unknown if Notified,Unknown EMS Scene Arrival Hour,Unknown if Arrived,Not Applicable (Not Transported),Not Applicable (Not Transported),1,Dark - Unlighted,Clear,0,1,[],[],1,1,Valid,0.0,0.0,21.0,21.0,['Male'],0,0,3,1,4,Dry,Straight,Grade/Hillcrest,Lowest,No
31536,48,Texas,480562,0,1,1,0,1,NOT APPLICABLE,February,22,Wednesday,15,1,Rural,Medium Speed (Collector),No,29.92461667,-98.21814722,Simple Junction,Daylight,Clear,Unknown,Unknown,Unknown EMS Scene Arrival Hour,Unknown EMS Scene Arrival Minutes,Unknown,Unknown EMS Hospital Arrival Time,1,Daylight,Clear,1,0,['Driver'],['Shoulder_Lapbelt'],0,0,Valid,0.0,0.0,68.0,68.0,['Male'],1,0,3,1,3,Dry,Straight,Level,Lowest,No
31537,48,Texas,480563,0,2,2,0,3,ALVIN,March,5,Sunday,18,8,Urban,High Speed (Arterial),Yes,29.42444167,-95.23061389,Simple Junction,Daylight,Clear,Unknown,Unknown,Unknown EMS Scene Arrival Hour,Unknown EMS Scene Arrival Minutes,Unknown,Unknown EMS Hospital Arrival Time,1,Daylight,Clear,1,2,['Driver'],['None_Used'],0,0,Valid,0.0,0.0,62.0,60.0,"['Female', 'Male']",0,0,5,1,5,Dry,Straight,Level,Lowest,No
31538,48,Texas,480564,0,1,1,0,1,NOT APPLICABLE,February,22,Wednesday,4,45,Rural,Medium Speed (Collector),No,32.54571667,-95.44453333,Non-Intersection,Dark - Not Lighted,Cloudy,Unknown,Unknown if Notified,Unknown EMS Scene Arrival Hour,Unknown if Arrived,Not Applicable (Not Transported),Not Applicable (Not Transported),1,Dark - Unlighted,Reduced Visibility,1,0,['Driver'],['Shoulder_Lapbelt'],0,0,Valid,0.0,0.0,44.0,44.0,['Female'],1,0,2,1,3,Dry,Curve,Grade/Hillcrest,Lowest,No
31539,48,Texas,480565,0,2,2,0,2,NOT APPLICABLE,March,3,Friday,18,9,Rural,Medium Speed (Collector),No,30.28758611,-96.39384444,Non-Intersection,Dusk,Clear,Unknown,Unknown,Unknown EMS Scene Arrival Hour,Unknown EMS Scene Arrival Minutes,Unknown,Unknown EMS Hospital Arrival Time,1,Twilight,Clear,1,1,['Driver'],['None_Used'],0,0,Valid,1.0,1.0,44.0,41.0,"['Female', 'Male']",1,0,5,1,5,Dry,Curve,Grade/Hillcrest,Lowest,No