,State_Code,State_Name,Crash_ID,Count_Non_Motorists,Count_Vehicles_Total,Count_Vehicle_Forms,Count_PVH_Involved,Count_Occupants_MV,City_Name,Month_Name,Day_of_Month,Day_of_Week,Crash_Hour,Crash_Minute,Area_Rural_Urban,Road_Functional_Class,On_NHS_Road,Latitude,Longitude,Intersection_Type,Light_Condition,Weather_Condition,Notif_Hour,Notif_Minute,Arrival_Hour,Arrival_Minute,Hospital_Hour,Hospital_Minute,Fatalities_Count,Clean_Light_Condition,Clean_Weather_Condition,Total_Killed,Total_Alive,Fatal_Seats_List,Killed_Restraint_List,Any_Driver_Drinking,Total_Drinking_Drivers,Driver_License_Category,Driver_Max_Prev_Accident_Count,Driver_Max_Prev_Speeding_Count,Max_Driver_Age,Min_Driver_Age,Driver_Sex_List,Total_Exceeding_Limit_Vehicles,Total_Too_Fast_Vehicles,Max_Vehicle_Type_Severity_5,Max_Vehicle_Damage_Rank,Max_Harmful_Event_Severity,Crash_Road_Surface_Condition,Crash_Horizontal_Alignment,Crash_Vertical_Profile,Crash_Impairment_Category,Crash_Vehicle_Defect
31540,48,Texas,480566,1,1,1,0,1,AUSTIN,March,5,Sunday,20,49,Urban,High Speed (Arterial),Yes,30.39118056,-97.73347778,Non-Intersection,Dark - Not Lighted,Clear,Unknown,Unknown if Notified,Unknown EMS Scene Arrival Hour,Unknown if Arrived,Not Applicable (Not Transported),Not Applicable (Not Transported),1,Dark - Unlighted,Clear,0,1,[],[],0,0,Valid,0.0,0.0,37.0,37.0,['Male'],0,0,2,1,4,Dry,Straight,Grade/Hillcrest,Lowest,No
31541,48,Texas,480567,0,3,3,0,4,NOT APPLICABLE,March,6,Monday,18,20,Urban,Medium Speed (Collector),No,30.08345,-95.49685,Complex/Circle,Dusk,Cloudy,Unknown,Unknown,Unknown EMS Scene Arrival Hour,Unknown EMS Scene Arrival Minutes,Not Applicable (Not Transported),Not Applicable (Not Transported),1,Twilight,Reduced Visibility,1,3,['Driver'],['None_Used'],0,0,Valid,0.0,0.0,67.0,19.0,"['Female', 'Male', 'Male']",1,0,5,2,5,Dry,Straight,Level,Lowest,No
31542,48,Texas,480568,0,3,3,0,4,NOT APPLICABLE,February,27,Monday,7,40,Rural,High Speed (Arterial),Yes,35.26714444,-102.54904722,Non-Intersection,Dawn,Clear,Unknown,Unknown,Unknown EMS Scene Arrival Hour,Unknown EMS Scene Arrival Minutes,Unknown,Unknown EMS Hospital Arrival Time,2,Twilight,Clear,2,2,"['Driver', 'Driver']","['Shoulder_Lapbelt', 'Shoulder_Lapbelt']",0,0,Valid,1.0,0.0,82.0,31.0,"['Male', 'Male', 'Male']",0,0,4,4,5,Dry,Curve,Level,Lowest,No
31543,48,Texas,480569,0,2,2,0,2,NOT APPLICABLE,March,2,Thursday,17,29,Urban,Low Speed (Local),No,29.5147,-95.36663889,Non-Intersection,Dusk,Clear,Unknown,Unknown if Notified,Unknown EMS Scene Arrival Hour,Unknown if Arrived,Not Applicable (Not Transported),Not Applicable (Not Transported),1,Twilight,Clear,1,1,['Driver'],['None_Used'],0,0,Valid,1.0,0.0,82.0,19.0,"['Male', 'Male']",1,0,5,2,5,Dry,Straight,Level,Lowest,No
31544,48,Texas,480570,0,2,2,0,3,NOT APPLICABLE,March,1,Wednesday,1,0,Rural,High Speed (Arterial),Yes,29.83170556,-94.79511944,Non-Intersection,Dark - Lighted,Clear,Unknown,Unknown,Unknown EMS Scene Arrival Hour,Unknown EMS Scene Arrival Minutes,1:00am-1:59am,55,1,Dark - Lighted,Clear,1,2,['Driver'],['Shoulder_Lapbelt'],0,0,Invalid,1.0,1.0,49.0,38.0,"['Female', 'Male']",0,0,2,4,5,Dry,Straight,Level,Lowest,No
31545,48,Texas,480571,0,1,1,0,1,TYE,February,28,Tuesday,7,58,Urban,High Speed (Arterial),Yes,32.45965833,-99.87315,Non-Intersection,Daylight,Clear,Unknown,Unknown if Notified,Unknown EMS Scene Arrival Hour,Unknown if Arrived,Not Applicable (Not Transported),Not Applicable (Not Transported),1,Daylight,Clear,1,0,['Driver'],['None_Used'],1,1,Valid,1.0,0.0,29.0,29.0,['Female'],1,0,3,1,2,Dry,Straight,Level,Medium,No
31546,48,Texas,480572,0,1,1,0,1,NOT APPLICABLE,March,8,Wednesday,1,29,Rural,Medium Speed (Collector),No,31.48540278,-97.00251944,Non-Intersection,Dark - Unknown Lighting,Cloudy,Unknown,Unknown if Notified,Unknown EMS Scene Arrival Hour,Unknown if Arrived,Not Applicable (Not Transported),Not Applicable (Not Transported),1,Dark - Unlighted,Reduced Visibility,1,0,['Driver'],['Shoulder_Lapbelt'],0,0,Valid,0.0,1.0,23.0,23.0,['Male'],1,0,2,1,3,Dry,Curve,Level,Medium,No
31547,48,Texas,480574,0,3,3,0,4,NOT APPLICABLE,March,7,Tuesday,19,59,Rural,Medium Speed (Collector),No,33.12183333,-96.4842,Simple Junction,Dark - Not Lighted,Cloudy,Unknown,Unknown,Unknown EMS Scene Arrival Hour,Unknown EMS Scene Arrival Minutes,Unknown,Unknown EMS Hospital Arrival Time,1,Dark - Unlighted,Reduced Visibility,1,3,['Driver'],['None_Used'],0,0,Valid,0.0,1.0,35.0,16.0,"['Male', 'Male', 'Male']",0,0,5,1,5,Dry,Straight,Level,Lowest,Yes
31548,48,Texas,480575,0,2,2,0,2,NOT APPLICABLE,February,28,Tuesday,15,21,Urban,Medium Speed (Collector),No,33.11853889,-96.49338056,Non-Intersection,Daylight,Clear,Unknown,Unknown,Unknown EMS Scene Arrival Hour,Unknown EMS Scene Arrival Minutes,Unknown,Unknown EMS Hospital Arrival Time,1,Daylight,Clear,1,1,['Driver'],['Shoulder_Lapbelt'],0,0,Valid,0.0,1.0,52.0,27.0,"['Female', 'Male']",1,0,3,1,5,Dry,Curve,Level,Lowest,No
31549,48,Texas,480576,0,2,2,0,7,NOT APPLICABLE,February,26,Sunday,3,19,Rural,High Speed (Arterial),Yes,30.49016389,-98.22421944,Non-Intersection,Dark - Lighted,Clear,Unknown,Unknown,Unknown EMS Scene Arrival Hour,Unknown EMS Scene Arrival Minutes,Unknown,Unknown EMS Hospital Arrival Time,3,Dark - Lighted,Clear,3,4,"['Driver', 'Front_Passenger', 'Rear_Seat']","['Shoulder_Lapbelt', 'Shoulder_Lapbelt', 'Shoulder_Lapbelt']",1,1,Invalid,0.0,0.0,22.0,21.0,"['Male', 'Male']",0,0,3,1,5,Dry,Straight,Level,Lowest,No
31550,48,Texas,480577,0,3,3,0,4,NOT APPLICABLE,February,27,Monday,5,49,Rural,High Speed (Arterial),Yes,29.83042222,-94.48452778,Non-Intersection,Dark - Not Lighted,Cloudy,Unknown,Unknown if Notified,Unknown EMS Scene Arrival Hour,Unknown if Arrived,Not Applicable (Not Transported),Not Applicable (Not Transported),1,Dark - Unlighted,Reduced Visibility,1,3,['Driver'],['None_Used'],0,0,Valid,1.0,1.0,39.0,36.0,"['Male', 'Male', 'Female']",2,0,5,4,5,Dry,Straight,Level,Lowest,No
31551,48,Texas,480578,0,2,2,0,2,NOT APPLICABLE,March,1,Wednesday,13,20,Rural,Medium Speed (Collector),No,30.36400556,-96.14631111,Simple Junction,Daylight,Cloudy,Unknown,Unknown if Notified,Unknown EMS Scene Arrival Hour,Unknown if Arrived,Not Applicable (Not Transported),Not Applicable (Not Transported),1,Daylight,Reduced Visibility,1,1,['Driver'],['None_Used'],0,0,Valid,3.0,0.0,50.0,18.0,"['Male', 'Female']",0,0,4,4,5,Dry,Straight,Level,Medium,No
31552,48,Texas,480579,0,2,2,0,2,NOT APPLICABLE,February,21,Tuesday,15,31,Rural,Medium Speed (Collector),No,30.80042778,-95.45411389,Non-Intersection,Daylight,Cloudy,Unknown,Unknown,Unknown EMS Scene Arrival Hour,Unknown EMS Scene Arrival Minutes,Unknown,Unknown EMS Hospital Arrival Time,1,Daylight,Reduced Visibility,1,1,['Driver'],['None_Used'],0,0,Invalid,1.0,0.0,41.0,19.0,"['Male', 'Male']",0,0,5,1,5,Dry,Straight,Non-Trafficway,Lowest,No
31553,48,Texas,480580,0,2,2,0,2,NOT APPLICABLE,March,5,Sunday,17,24,Rural,Medium Speed (Collector),No,32.21677222,-95.50884444,Non-Intersection,Daylight,Clear,Unknown,Unknown,Unknown EMS Scene Arrival Hour,Unknown EMS Scene Arrival Minutes,Unknown,Unknown EMS Hospital Arrival Time,1,Daylight,Clear,1,1,['Driver'],['None_Used'],1,1,Valid,0.0,0.0,56.0,45.0,"['Male', 'Male']",1,0,5,1,5,Dry,Curve,Grade/Hillcrest,Lowest,No
31554,48,Texas,480581,0,2,2,0,2,BROWNSVILLE,February,19,Sunday,16,0,Urban,High Speed (Arterial),Yes,25.96531944,-97.53920833,Non-Intersection,Daylight,Clear,Unknown,Unknown,Unknown EMS Scene Arrival Hour,Unknown EMS Scene Arrival Minutes,Unknown,Unknown EMS Hospital Arrival Time,1,Daylight,Clear,1,1,['Driver'],['None_Used'],0,0,Valid,0.0,0.0,67.0,22.0,"['Male', 'Male']",0,0,2,1,5,Dry,Straight,Level,Lowest,No
31555,48,Texas,480582,0,2,2,0,2,SAN ANTONIO,March,9,Thursday,16,45,Urban,Medium Speed (Collector),Yes,29.540375,-98.37905,Simple Junction,Daylight,Clear,Unknown,Unknown,Unknown EMS Scene Arrival Hour,Unknown EMS Scene Arrival Minutes,Unknown,Unknown EMS Hospital Arrival Time,1,Daylight,Clear,1,1,['Driver'],['None_Used'],0,0,Invalid,0.0,0.0,59.0,33.0,"['Male', 'Male']",1,0,3,1,5,Dry,Straight,Level,Lowest,No
31556,48,Texas,480583,0,1,1,0,2,NOT APPLICABLE,March,5,Sunday,16,46,Rural,High Speed (Arterial),Yes,29.93885,-98.31716389,Non-Intersection,Daylight,Clear,Unknown,Unknown,Unknown EMS Scene Arrival Hour,Unknown EMS Scene Arrival Minutes,Unknown,Unknown EMS Hospital Arrival Time,1,Daylight,Clear,1,1,['Rear_Seat'],['None_Used'],1,1,Valid,0.0,0.0,49.0,49.0,['Male'],2,0,5,1,3,Dry,Straight,Grade/Hillcrest,Lowest,No
31557,48,Texas,480584,0,4,4,0,4,ANGUS,March,7,Tuesday,14,20,Urban,High Speed (Arterial),Yes,32.00696389,-96.43343611,Non-Intersection,Daylight,Clear,Unknown,Unknown if Notified,Unknown EMS Scene Arrival Hour,Unknown if Arrived,Not Applicable (Not Transported),Not Applicable (Not Transported),1,Daylight,Clear,1,3,['Driver'],['Shoulder_Lapbelt'],0,0,Valid,1.0,0.0,59.0,36.0,"['Male', 'Male', 'Male', 'Female']",1,0,4,4,5,Dry,Straight,Level,Lowest,No
31558,48,Texas,480585,0,1,1,0,1,NOT APPLICABLE,February,24,Friday,20,55,Urban,Low Speed (Local),No,29.78133611,-98.54995556,Non-Intersection,Dark - Not Lighted,Clear,Unknown,Unknown if Notified,Unknown EMS Scene Arrival Hour,Unknown if Arrived,Not Applicable (Not Transported),Not Applicable (Not Transported),1,Dark - Unlighted,Clear,1,0,['Driver'],['None_Used'],1,1,Valid,0.0,0.0,45.0,45.0,['Male'],1,0,3,1,3,Dry,Curve,Level,Lowest,No
31559,48,Texas,480586,1,1,1,0,1,NOT APPLICABLE,March,3,Friday,8,22,Rural,High Speed (Arterial),Yes,35.22691111,-100.07078056,Non-Intersection,Daylight,Clear,Unknown,Unknown if Notified,Unknown EMS Scene Arrival Hour,Unknown if Arrived,Not Applicable (Not Transported),Not Applicable (Not Transported),1,Daylight,Clear,0,1,[],[],0,0,Valid,1.0,0.0,66.0,66.0,['Female'],0,0,3,3,4,Dry,Straight,Grade/Hillcrest,Lowest,No
31560,48,Texas,480587,0,1,1,0,1,PORT ARTHUR,March,8,Wednesday,14,13,Urban,High Speed (Arterial),Yes,29.88743611,-94.020875,Non-Intersection,Daylight,Clear,Unknown,Unknown,Unknown EMS Scene Arrival Hour,Unknown EMS Scene Arrival Minutes,Unknown,Unknown EMS Hospital Arrival Time,1,Daylight,Clear,1,0,['Driver'],['Shoulder_Lapbelt'],0,0,Valid,0.0,0.0,35.0,35.0,['Male'],0,0,4,1,3,Dry,Straight,Level,Lowest,No
31561,48,Texas,480588,0,2,2,0,2,COFFEE CITY,February,22,Wednesday,2,23,Rural,High Speed (Arterial),Yes,32.14150278,-95.47804722,Non-Intersection,Dark - Not Lighted,Clear,3:00am-3:59am,8,3:00am-3:59am,19,4:00am-4:59am,6,1,Dark - Unlighted,Clear,1,1,['Driver'],['None_Used'],0,0,Valid,1.0,1.0,31.0,18.0,"['Female', 'Male']",0,0,3,4,5,Dry,Straight,Grade/Hillcrest,Lowest,Yes
31562,48,Texas,480589,0,2,2,0,3,DALLAS,February,11,Saturday,1,13,Urban,High Speed (Arterial),Yes,32.71875556,-96.757325,Non-Intersection,Dark - Lighted,Clear,Unknown,Unknown,Unknown EMS Scene Arrival Hour,Unknown EMS Scene Arrival Minutes,Unknown,Unknown EMS Hospital Arrival Time,1,Dark - Lighted,Clear,1,2,['Front_Passenger'],['Shoulder_Lapbelt'],0,0,Invalid,1.0,0.0,48.0,26.0,"['Male', 'Female']",2,0,4,1,5,Dry,Straight,Level,Lowest,No
31563,48,Texas,480590,0,1,1,0,1,NOT APPLICABLE,March,6,Monday,16,4,Rural,High Speed (Arterial),Yes,31.06014722,-104.964125,Non-Intersection,Daylight,Clear,Unknown,Unknown,Unknown EMS Scene Arrival Hour,Unknown EMS Scene Arrival Minutes,Unknown,Unknown EMS Hospital Arrival Time,1,Daylight,Clear,1,0,['Driver'],['Shoulder_Lapbelt'],1,1,Valid,0.0,0.0,62.0,62.0,['Male'],1,0,3,4,3,Dry,Curve,Grade/Hillcrest,Lowest,No
31564,48,Texas,480591,1,1,1,0,2,NOT APPLICABLE,February,24,Friday,19,13,Rural,High Speed (Arterial),Yes,30.63491111,-93.90180556,Non-Intersection,Dark - Not Lighted,Clear,Unknown,Unknown if Notified,Unknown EMS Scene Arrival Hour,Unknown if Arrived,Not Applicable (Not Transported),Not Applicable (Not Transported),1,Dark - Unlighted,Clear,0,2,[],[],1,1,Invalid,0.0,0.0,24.0,24.0,['Male'],0,0,3,4,4,Dry,Straight,Level,Lowest,No
31565,48,Texas,480592,0,2,2,0,2,NOT APPLICABLE,March,6,Monday,6,30,Urban,High Speed (Arterial),Yes,35.20700556,-101.63963889,Non-Intersection,Dark - Not Lighted,Cloudy,Unknown,Unknown,Unknown EMS Scene Arrival Hour,Unknown EMS Scene Arrival Minutes,Unknown,Unknown EMS Hospital Arrival Time,1,Dark - Unlighted,Reduced Visibility,1,1,['Driver'],['None_Used'],0,0,Valid,0.0,0.0,53.0,20.0,"['Male', 'Female']",0,0,4,4,5,Dry,Straight,Level,Lowest,No
31566,48,Texas,480593,1,1,1,0,1,NOT APPLICABLE,March,8,Wednesday,19,30,Urban,High Speed (Arterial),Yes,29.90822778,-95.475325,Non-Intersection,Dark - Not Lighted,Cloudy,Unknown,Unknown if Notified,Unknown EMS Scene Arrival Hour,Unknown if Arrived,Not Applicable (Not Transported),Not Applicable (Not Transported),1,Dark - Unlighted,Reduced Visibility,0,1,[],[],0,0,Valid,0.0,0.0,28.0,28.0,['Male'],0,0,2,2,4,Dry,Straight,Level,Lowest,No
31567,48,Texas,480594,0,2,2,0,2,EL PASO,March,11,Saturday,20,31,Urban,High Speed (Arterial),No,31.79566389,-106.4042,Complex/Circle,Dark - Lighted,Clear,Unknown,Unknown,Unknown EMS Scene Arrival Hour,Unknown EMS Scene Arrival Minutes,Unknown,Unknown EMS Hospital Arrival Time,1,Dark - Lighted,Clear,1,1,['Driver'],['Shoulder_Lapbelt'],0,0,Valid,0.0,1.0,51.0,42.0,"['Female', 'Female']",0,0,2,1,5,Dry,Straight,Level,Lowest,No
31568,48,Texas,480595,0,2,2,0,3,TOMBALL,March,11,Saturday,22,31,Urban,Medium Speed (Collector),No,30.11364167,-95.64245556,Complex/Circle,Dark - Lighted,Clear,Unknown,Unknown,Unknown EMS Scene Arrival Hour,Unknown EMS Scene Arrival Minutes,Unknown,Unknown EMS Hospital Arrival Time,1,Dark - Lighted,Clear,1,2,['Driver'],['Shoulder_Lapbelt'],1,2,Valid,1.0,0.0,64.0,31.0,"['Male', 'Male']",0,0,3,1,5,Dry,Straight,Level,Lowest,No
31569,48,Texas,480596,0,1,1,0,1,NOT APPLICABLE,February,23,Thursday,1,0,Rural,Medium Speed (Collector),No,30.80635,-97.67495833,Non-Intersection,Dark - Not Lighted,Clear,Unknown,Unknown if Notified,Unknown EMS Scene Arrival Hour,Unknown if Arrived,Not Applicable (Not Transported),Not Applicable (Not Transported),1,Dark - Unlighted,Clear,1,0,['Driver'],['Shoulder_Lapbelt'],1,1,Valid,0.0,0.0,23.0,23.0,['Male'],1,0,3,1,3,Dry,Curve,Level,Lowest,No
31570,48,Texas,480597,0,1,1,0,2,NOT APPLICABLE,March,6,Monday,15,40,Rural,High Speed (Arterial),Yes,32.75699444,-95.58619722,Non-Intersection,Daylight,Clear,Unknown,Unknown,Unknown EMS Scene Arrival Hour,Unknown EMS Scene Arrival Minutes,Unknown,Unknown EMS Hospital Arrival Time,1,Daylight,Clear,1,1,['Front_Passenger'],['None_Used'],0,0,Valid,0.0,1.0,55.0,55.0,['Male'],0,0,2,1,1,Dry,Straight,Grade/Hillcrest,Lowest,No
31571,48,Texas,480598,0,1,1,0,1,NOT APPLICABLE,March,8,Wednesday,0,30,Rural,Medium Speed (Collector),No,32.44466944,-95.03560556,Non-Intersection,Dark - Not Lighted,Cloudy,Unknown,Unknown if Notified,Unknown EMS Scene Arrival Hour,Unknown if Arrived,Not Applicable (Not Transported),Not Applicable (Not Transported),1,Dark - Unlighted,Reduced Visibility,1,0,['Driver'],['None_Used'],1,1,Valid,0.0,0.0,41.0,41.0,['Male'],0,0,5,1,3,Dry,Curve,Grade/Hillcrest,Lowest,No
31572,48,Texas,480599,0,1,1,0,2,NOT APPLICABLE,March,11,Saturday,20,55,Urban,Low Speed (Local),No,30.29396944,-94.24644167,Non-Intersection,Dark - Not Lighted,Cloudy,Unknown,Unknown,Unknown EMS Scene Arrival Hour,Unknown EMS Scene Arrival Minutes,Unknown,Unknown EMS Hospital Arrival Time,1,Dark - Unlighted,Reduced Visibility,1,1,['Driver'],['None_Used'],0,0,Valid,0.0,0.0,55.0,55.0,['Female'],2,0,2,1,2,Dry,Curve,Level,Lowest,No
31573,48,Texas,480600,0,1,1,0,1,NOT APPLICABLE,March,11,Saturday,13,55,Rural,Medium Speed (Collector),No,30.33678889,-95.97950278,Simple Junction,Daylight,Clear,Unknown,Unknown,Unknown EMS Scene Arrival Hour,Unknown EMS Scene Arrival Minutes,Unknown,Unknown EMS Hospital Arrival Time,1,Daylight,Clear,1,0,['Driver'],['None_Used'],0,0,Valid,0.0,0.0,35.0,35.0,['Female'],1,0,5,1,3,Dry,Straight,Grade/Hillcrest,Lowest,No
31574,48,Texas,480601,0,1,1,0,1,NOT APPLICABLE,March,4,Saturday,7,12,Rural,Low Speed (Local),No,32.82849444,-103.064775,Simple Junction,Daylight,Clear,Unknown,Unknown if Notified,Unknown EMS Scene Arrival Hour,Unknown if Arrived,Not Applicable (Not Transported),Not Applicable (Not Transported),1,Daylight,Clear,1,0,['Driver'],['None_Used'],1,1,Invalid,0.0,0.0,20.0,20.0,['Male'],0,0,3,1,3,Dry,Straight,Level,Lowest,No
31575,48,Texas,480602,0,3,3,0,3,HOUSTON,February,10,Friday,16,32,Urban,Medium Speed (Collector),No,29.89103056,-95.41261944,Non-Intersection,Dark - Lighted,Clear,Unknown,Unknown if Notified,Unknown EMS Scene Arrival Hour,Unknown if Arrived,Not Applicable (Not Transported),Not Applicable (Not Transported),1,Dark - Lighted,Clear,1,2,['Driver'],['None_Used'],1,1,Invalid,1.0,0.0,49.0,20.0,"['Male', 'Male', 'Female']",1,0,3,2,5,Dry,Straight,Level,Lowest,No
31576,48,Texas,480603,0,1,1,0,1,BUDA,March,12,Sunday,1,35,Urban,Medium Speed (Collector),No,30.08908611,-97.8198,Non-Intersection,Dark - Lighted,Clear,Unknown,Unknown if Notified,Unknown EMS Scene Arrival Hour,Unknown if Arrived,Not Applicable (Not Transported),Not Applicable (Not Transported),1,Dark - Lighted,Clear,1,0,['Driver'],['None_Used'],0,0,Valid,0.0,0.0,52.0,52.0,['Male'],0,0,5,1,3,Dry,Straight,Level,Lowest,No
31577,48,Texas,480604,0,1,1,0,1,NOT APPLICABLE,February,25,Saturday,11,20,Rural,High Speed (Arterial),No,28.86621944,-100.27563056,Non-Intersection,Daylight,Cloudy,Unknown,Unknown if Notified,Unknown EMS Scene Arrival Hour,Unknown if Arrived,Not Applicable (Not Transported),Not Applicable (Not Transported),1,Daylight,Reduced Visibility,1,0,['Driver'],['Shoulder_Lapbelt'],0,0,Valid,0.0,0.0,66.0,66.0,['Male'],0,0,4,4,3,Dry,Straight,Grade/Hillcrest,Lowest,No
31578,48,Texas,480605,0,4,4,0,7,NOT APPLICABLE,February,25,Saturday,22,8,Rural,High Speed (Arterial),Yes,29.74241389,-96.32551111,Non-Intersection,Dark - Not Lighted,Cloudy,Unknown,Unknown,Unknown EMS Scene Arrival Hour,Unknown EMS Scene Arrival Minutes,Unknown,Unknown EMS Hospital Arrival Time,2,Dark - Unlighted,Reduced Visibility,2,5,"['Driver', 'Front_Passenger']","['Shoulder_Lapbelt', 'Shoulder_Lapbelt']",0,0,Valid,0.0,3.0,63.0,46.0,"['Male', 'Male', 'Female', 'Female']",1,0,4,1,5,Dry,Straight,Level,Lowest,No
31579,48,Texas,480606,1,1,1,0,1,AMARILLO,March,1,Wednesday,13,55,Urban,Medium Speed (Collector),No,35.20013333,-101.80428056,Simple Junction,Daylight,Clear,Unknown,Unknown,Unknown EMS Scene Arrival Hour,Unknown EMS Scene Arrival Minutes,Not Applicable (Not Transported),Not Applicable (Not Transported),1,Daylight,Clear,0,1,[],[],0,0,Valid,0.0,0.0,29.0,29.0,['Male'],0,0,3,2,4,Dry,Curve,Level,Lowest,No
31580,48,Texas,480607,0,3,3,0,3,GRANBURY,March,9,Thursday,17,42,Urban,Medium Speed (Collector),No,32.45570833,-97.774225,Simple Junction,Daylight,Rain,Unknown,Unknown,Unknown EMS Scene Arrival Hour,Unknown EMS Scene Arrival Minutes,Unknown,Unknown EMS Hospital Arrival Time,1,Daylight,Rain/Wind/Minor,1,2,['Driver'],['Shoulder_Lapbelt'],0,0,Valid,0.0,0.0,43.0,32.0,"['Male', 'Female', 'Female']",1,0,3,2,5,Wet/Standing Water,Straight,Grade/Hillcrest,Lowest,No
31581,48,Texas,480608,0,2,2,0,3,ATHENS,March,7,Tuesday,18,13,Urban,High Speed (Arterial),Yes,32.20588611,-95.83451944,Simple Junction,Daylight,Clear,Unknown,Unknown,Unknown EMS Scene Arrival Hour,Unknown EMS Scene Arrival Minutes,Unknown,Unknown EMS Hospital Arrival Time,1,Daylight,Clear,1,2,['Driver'],['None_Used'],0,0,Valid,0.0,0.0,62.0,26.0,"['Male', 'Male']",0,0,5,2,5,Dry,Straight,Level,Lowest,No
31582,48,Texas,480609,1,1,1,0,2,FORT WORTH,March,10,Friday,5,5,Urban,High Speed (Arterial),Yes,32.83256111,-97.06131667,Non-Intersection,Dark - Lighted,Cloudy,Unknown,Unknown,Unknown EMS Scene Arrival Hour,Unknown EMS Scene Arrival Minutes,Unknown,Unknown EMS Hospital Arrival Time,1,Dark - Lighted,Reduced Visibility,0,2,[],[],0,0,Invalid,0.0,0.0,45.0,45.0,['Female'],0,0,3,1,4,Dry,Straight,Level,Lowest,No
31583,48,Texas,480610,0,1,1,0,1,FORT WORTH,March,6,Monday,11,59,Urban,Medium Speed (Collector),No,32.75437222,-97.20897778,Simple Junction,Daylight,Clear,Unknown,Unknown if Notified,Unknown EMS Scene Arrival Hour,Unknown if Arrived,Not Applicable (Not Transported),Not Applicable (Not Transported),1,Daylight,Clear,1,0,['Driver'],['None_Used'],0,0,Valid,0.0,0.0,55.0,55.0,['Female'],1,0,3,1,3,Dry,Straight,Grade/Hillcrest,Lowest,No
31584,48,Texas,480611,0,1,1,0,2,NOT APPLICABLE,March,2,Thursday,3,54,Rural,Medium Speed (Collector),No,29.53927222,-97.88200556,Non-Intersection,Dark - Not Lighted,Cloudy,Unknown,Unknown if Notified,Unknown EMS Scene Arrival Hour,Unknown if Arrived,Not Applicable (Not Transported),Not Applicable (Not Transported),2,Dark - Unlighted,Reduced Visibility,2,0,"['Driver', 'Front_Passenger']","['None_Used', 'Shoulder_Lapbelt']",0,0,Valid,0.0,0.0,73.0,73.0,['Male'],0,0,3,1,3,Wet/Standing Water,Straight,Level,Lowest,No
31585,48,Texas,480612,0,3,3,0,3,ARLINGTON,March,4,Saturday,2,57,Urban,High Speed (Arterial),Yes,32.678025,-97.10303611,Non-Intersection,Dark - Not Lighted,Clear,Unknown,Unknown,Unknown EMS Scene Arrival Hour,Unknown EMS Scene Arrival Minutes,Unknown,Unknown EMS Hospital Arrival Time,1,Dark - Unlighted,Clear,1,2,['Driver'],['None_Used'],1,1,Invalid,0.0,4.0,50.0,30.0,"['Male', 'Male', 'Male']",0,0,3,1,5,Dry,Straight,Level,Lowest,No
31586,48,Texas,480613,0,2,2,0,2,NOT APPLICABLE,March,10,Friday,3,25,Urban,High Speed (Arterial),Yes,29.774225,-95.13985278,Non-Intersection,Dark - Lighted,Clear,Unknown,Unknown if Notified,Unknown EMS Scene Arrival Hour,Unknown if Arrived,Not Applicable (Not Transported),Not Applicable (Not Transported),1,Dark - Lighted,Clear,1,1,['Driver'],['None_Used'],1,1,Valid,1.0,1.0,61.0,38.0,"['Male', 'Male']",0,0,3,1,5,Dry,Straight,Level,Lowest,No
31587,48,Texas,480614,1,1,1,0,1,NOT APPLICABLE,March,8,Wednesday,12,28,Urban,High Speed (Arterial),Yes,29.30606389,-94.90581944,Non-Intersection,Daylight,Clear,Unknown,Unknown,Unknown EMS Scene Arrival Hour,Unknown EMS Scene Arrival Minutes,Unknown,Unknown EMS Hospital Arrival Time,1,Daylight,Clear,0,1,[],[],0,0,Valid,2.0,0.0,46.0,46.0,['Male'],0,0,4,1,4,Dry,Straight,Level,Lowest,No
31588,48,Texas,480615,1,1,1,0,3,FORT WORTH,March,13,Monday,21,20,Urban,Medium Speed (Collector),No,32.72704167,-97.26212222,Complex/Circle,Dark - Not Lighted,Clear,Unknown,Unknown,Unknown EMS Scene Arrival Hour,Unknown EMS Scene Arrival Minutes,Unknown,Unknown EMS Hospital Arrival Time,1,Dark - Unlighted,Clear,0,3,[],[],0,0,Valid,0.0,0.0,36.0,36.0,['Male'],0,0,2,3,4,Dry,Straight,Level,Lowest,No
31589,48,Texas,480616,1,1,1,0,1,CORPUS CHRISTI,February,28,Tuesday,2,17,Urban,High Speed (Arterial),Yes,27.82340556,-97.52493333,Non-Intersection,Dark - Not Lighted,Clear,Unknown,Unknown,Unknown EMS Scene Arrival Hour,Unknown EMS Scene Arrival Minutes,Unknown,Unknown EMS Hospital Arrival Time,1,Dark - Unlighted,Clear,0,1,[],[],0,0,Valid,0.0,0.0,51.0,51.0,['Male'],0,0,1,2,4,Dry,Straight,Grade/Hillcrest,Lowest,No