,State_Code,State_Name,Crash_ID,Count_Non_Motorists,Count_Vehicles_Total,Count_Vehicle_Forms,Count_PVH_Involved,Count_Occupants_MV,City_Name,Month_Name,Day_of_Month,Day_of_Week,Crash_Hour,Crash_Minute,Area_Rural_Urban,Road_Functional_Class,On_NHS_Road,Latitude,Longitude,Intersection_Type,Light_Condition,Weather_Condition,Notif_Hour,Notif_Minute,Arrival_Hour,Arrival_Minute,Hospital_Hour,Hospital_Minute,Fatalities_Count,Clean_Light_Condition,Clean_Weather_Condition,Total_Killed,Total_Alive,Fatal_Seats_List,Killed_Restraint_List,Any_Driver_Drinking,Total_Drinking_Drivers,Driver_License_Category,Driver_Max_Prev_Accident_Count,Driver_Max_Prev_Speeding_Count,Max_Driver_Age,Min_Driver_Age,Driver_Sex_List,Total_Exceeding_Limit_Vehicles,Total_Too_Fast_Vehicles,Max_Vehicle_Type_Severity_5,Max_Vehicle_Damage_Rank,Max_Harmful_Event_Severity,Crash_Road_Surface_Condition,Crash_Horizontal_Alignment,Crash_Vertical_Profile,Crash_Impairment_Category,Crash_Vehicle_Defect
31590,48,Texas,480617,0,2,1,1,7,Other,February,25,Saturday,3,36,Urban,Medium Speed (Collector),No,27.36392778,-99.46717222,Non-Intersection,Dark - Lighted,Clear,Unknown,Unknown,Unknown EMS Scene Arrival Hour,Unknown EMS Scene Arrival Minutes,Unknown,Unknown EMS Hospital Arrival Time,3,Dark - Lighted,Clear,3,4,"['Driver', 'Front_Passenger', 'Front_Passenger']","['Shoulder_Lapbelt', 'Shoulder_Lapbelt', 'Shoulder_Lapbelt']",0,0,Invalid,0.0,0.0,20.0,20.0,['Male'],7,0,2,1,3,Dry,Straight,Level,Lowest,Yes
31591,48,Texas,480618,1,1,1,0,1,WHITESBORO,March,1,Wednesday,19,12,Rural,High Speed (Arterial),Yes,33.674425,-96.88475,Non-Intersection,Dark - Not Lighted,Cloudy,Unknown,Unknown if Notified,Unknown EMS Scene Arrival Hour,Unknown if Arrived,Not Applicable (Not Transported),Not Applicable (Not Transported),1,Dark - Unlighted,Reduced Visibility,0,0,[],[],0,0,Invalid,0.0,0.0,999.0,999.0,['Other'],1,0,1,0,4,Dry,Straight,Level,Lowest,No
31592,48,Texas,480619,0,2,2,0,3,ENCINAL,March,4,Saturday,5,49,Rural,High Speed (Arterial),Yes,28.03785,-99.35148889,Non-Intersection,Dark - Unknown Lighting,Clear,Unknown,Unknown if Notified,Unknown EMS Scene Arrival Hour,Unknown if Arrived,Not Applicable (Not Transported),Not Applicable (Not Transported),3,Dark - Unlighted,Clear,3,0,"['Driver', 'Driver', 'Front_Passenger']","['Shoulder_Lapbelt', 'Shoulder_Lapbelt', 'Shoulder_Lapbelt']",1,1,Valid,0.0,2.0,33.0,26.0,"['Male', 'Female']",0,0,2,1,5,Dry,Curve,Level,Lowest,No
31593,48,Texas,480620,0,2,2,0,2,MIDLAND,March,8,Wednesday,21,57,Urban,High Speed (Arterial),Yes,32.05933889,-102.08429167,Complex/Circle,Dark - Lighted,Clear,Unknown,Unknown,Unknown EMS Scene Arrival Hour,Unknown EMS Scene Arrival Minutes,Unknown,Unknown EMS Hospital Arrival Time,1,Dark - Lighted,Clear,1,1,['Driver'],['Shoulder_Lapbelt'],1,2,Valid,1.0,1.0,34.0,21.0,"['Female', 'Male']",1,0,3,1,5,Dry,Straight,Level,Lowest,No
31594,48,Texas,480621,0,1,1,0,1,NOT APPLICABLE,March,5,Sunday,12,7,Rural,Medium Speed (Collector),No,32.04943889,-96.25748333,Non-Intersection,Daylight,Clear,Unknown,Unknown if Notified,Unknown EMS Scene Arrival Hour,Unknown if Arrived,Not Applicable (Not Transported),Not Applicable (Not Transported),1,Daylight,Clear,1,0,['Driver'],['None_Used'],1,1,Valid,1.0,0.0,64.0,64.0,['Male'],0,0,3,1,3,Dry,Curve,Grade/Hillcrest,Lowest,No
31595,48,Texas,480622,0,3,1,2,1,GAINESVILLE,March,13,Monday,21,18,Urban,Medium Speed (Collector),No,33.66935833,-97.14989722,Non-Intersection,Dark - Not Lighted,Clear,Unknown,Unknown,Unknown EMS Scene Arrival Hour,Unknown EMS Scene Arrival Minutes,Unknown,Unknown EMS Hospital Arrival Time,1,Dark - Unlighted,Clear,1,0,['Driver'],['None_Used'],0,0,Valid,1.0,0.0,42.0,42.0,['Female'],1,0,2,4,5,Dry,Curve,Level,Lowest,No
31596,48,Texas,480623,0,1,1,0,1,NOT APPLICABLE,March,4,Saturday,23,17,Rural,Medium Speed (Collector),No,29.42628889,-99.62606667,Non-Intersection,Dark - Not Lighted,Clear,Unknown,Unknown if Notified,Unknown EMS Scene Arrival Hour,Unknown if Arrived,Not Applicable (Not Transported),Not Applicable (Not Transported),1,Dark - Unlighted,Clear,1,0,['Driver'],['Shoulder_Lapbelt'],1,1,Valid,0.0,0.0,25.0,25.0,['Female'],0,0,3,1,3,Dry,Curve,Level,Lowest,No
31597,48,Texas,480624,0,1,1,0,2,NOT APPLICABLE,March,7,Tuesday,15,30,Rural,High Speed (Arterial),Yes,32.27188889,-102.15558611,Non-Intersection,Daylight,Clear,Unknown,Unknown,Unknown EMS Scene Arrival Hour,Unknown EMS Scene Arrival Minutes,Unknown,Unknown EMS Hospital Arrival Time,1,Daylight,Clear,1,1,['Driver'],['None_Used'],0,0,Valid,0.0,0.0,22.0,22.0,['Female'],0,0,3,1,3,Dry,Straight,Level,Lowest,Yes
31598,48,Texas,480625,0,3,3,0,7,RICHARDSON,February,24,Friday,10,15,Urban,High Speed (Arterial),No,32.97837222,-96.76827222,Complex/Circle,Daylight,Cloudy,Unknown,Unknown,Unknown EMS Scene Arrival Hour,Unknown EMS Scene Arrival Minutes,Unknown,Unknown EMS Hospital Arrival Time,1,Daylight,Reduced Visibility,1,6,['Front_Passenger'],['Shoulder_Lapbelt'],0,0,Invalid,0.0,0.0,48.0,20.0,"['Female', 'Female', 'Male']",0,0,3,2,5,Dry,Straight,Level,Lowest,No
31599,48,Texas,480626,1,1,1,0,1,NOT APPLICABLE,March,7,Tuesday,20,0,Urban,Medium Speed (Collector),No,29.868025,-95.68325278,Simple Junction,Dark - Not Lighted,Clear,Unknown,Unknown,Unknown EMS Scene Arrival Hour,Unknown EMS Scene Arrival Minutes,Unknown,Unknown EMS Hospital Arrival Time,1,Dark - Unlighted,Clear,0,0,[],[],0,0,Invalid,0.0,0.0,999.0,999.0,['Other'],0,0,1,0,4,Dry,Straight,Level,Lowest,No
31600,48,Texas,480627,1,1,1,0,1,AUSTIN,March,14,Tuesday,21,15,Urban,High Speed (Arterial),Yes,30.46281667,-97.81398889,Complex/Circle,Dark - Lighted,Cloudy,Unknown,Unknown if Notified,Unknown EMS Scene Arrival Hour,Unknown if Arrived,Not Applicable (Not Transported),Not Applicable (Not Transported),1,Dark - Lighted,Reduced Visibility,0,1,[],[],0,0,Valid,0.0,0.0,17.0,17.0,['Female'],0,0,3,1,4,Dry,Straight,Level,Lowest,No
31601,48,Texas,480628,0,2,2,0,2,PFLUGERVILLE,March,13,Monday,21,35,Urban,High Speed (Arterial),Yes,30.42691389,-97.71836944,Simple Junction,Dark - Not Lighted,Clear,Unknown,Unknown,Unknown EMS Scene Arrival Hour,Unknown EMS Scene Arrival Minutes,Not Applicable (Not Transported),Not Applicable (Not Transported),1,Dark - Unlighted,Clear,1,1,['Driver'],['None_Used'],0,0,Valid,0.0,1.0,21.0,17.0,"['Male', 'Male']",1,0,5,1,5,Dry,Straight,Grade/Hillcrest,Lowest,No
31602,48,Texas,480629,2,1,1,0,2,CORPUS CHRISTI,March,5,Sunday,0,21,Urban,High Speed (Arterial),No,27.78409722,-97.40205278,Non-Intersection,Dark - Not Lighted,Clear,Unknown,Unknown,Unknown EMS Scene Arrival Hour,Unknown EMS Scene Arrival Minutes,Unknown,Unknown EMS Hospital Arrival Time,1,Dark - Unlighted,Clear,0,2,[],[],0,0,Valid,0.0,3.0,39.0,39.0,['Female'],0,0,3,2,4,Dry,Straight,Level,Lowest,No
31603,48,Texas,480630,0,2,2,0,2,NOT APPLICABLE,February,22,Wednesday,6,55,Rural,Medium Speed (Collector),No,28.79451667,-96.55520278,Simple Junction,Daylight,Clear,Unknown,Unknown,Unknown EMS Scene Arrival Hour,Unknown EMS Scene Arrival Minutes,Unknown,Unknown EMS Hospital Arrival Time,1,Daylight,Clear,1,1,['Driver'],['None_Used'],0,0,Valid,0.0,1.0,72.0,19.0,"['Male', 'Male']",0,0,3,1,5,Dry,Straight,Level,Lowest,No
31604,48,Texas,480631,0,1,1,0,1,NOT APPLICABLE,March,1,Wednesday,1,12,Rural,Medium Speed (Collector),No,32.25683889,-96.04574722,Non-Intersection,Dark - Not Lighted,Clear,Unknown,Unknown if Notified,Unknown EMS Scene Arrival Hour,Unknown if Arrived,Not Applicable (Not Transported),Not Applicable (Not Transported),1,Dark - Unlighted,Clear,1,0,['Driver'],['None_Used'],1,1,Valid,1.0,0.0,66.0,66.0,['Male'],0,0,3,1,3,Dry,Curve,Level,Lowest,No
31605,48,Texas,480632,0,1,1,0,1,NOT APPLICABLE,March,3,Friday,8,0,Rural,High Speed (Arterial),Yes,28.46356389,-99.2315,Non-Intersection,Daylight,Clear,Unknown,Unknown,Unknown EMS Scene Arrival Hour,Unknown EMS Scene Arrival Minutes,Unknown,Unknown EMS Hospital Arrival Time,1,Daylight,Clear,1,0,['Driver'],['None_Used'],0,0,Valid,0.0,0.0,31.0,31.0,['Male'],0,0,3,4,3,Dry,Curve,Level,Medium,No
31606,48,Texas,480633,0,2,2,0,3,NOT APPLICABLE,February,15,Wednesday,21,43,Rural,Medium Speed (Collector),No,33.35998056,-97.79829167,Non-Intersection,Dark - Not Lighted,Clear,Unknown,Unknown,Unknown EMS Scene Arrival Hour,Unknown EMS Scene Arrival Minutes,Unknown,Unknown EMS Hospital Arrival Time,1,Dark - Unlighted,Clear,1,2,['Driver'],['None_Used'],0,0,Valid,0.0,1.0,50.0,27.0,"['Male', 'Female']",1,0,3,1,5,Dry,Curve,Grade/Hillcrest,Lowest,No
31607,48,Texas,480634,0,2,2,0,2,SOUTH LAKE,February,27,Monday,18,26,Urban,High Speed (Arterial),No,32.94114722,-97.16284167,Simple Junction,Daylight,Clear,6:00pm-6:59pm,26,6:00pm-6:59pm,31,6:00pm-6:59pm,44,1,Daylight,Clear,1,1,['Driver'],['None_Used'],0,0,Valid,0.0,0.0,28.0,21.0,"['Male', 'Male']",1,0,5,4,5,Dry,Straight,Level,Lowest,No
31608,48,Texas,480635,0,2,2,0,4,CALVERT,March,14,Tuesday,0,29,Rural,High Speed (Arterial),Yes,30.98147778,-96.67673889,Non-Intersection,Dark - Not Lighted,Clear,Unknown,Unknown,Unknown EMS Scene Arrival Hour,Unknown EMS Scene Arrival Minutes,Unknown,Unknown EMS Hospital Arrival Time,1,Dark - Unlighted,Clear,1,3,['Driver'],['Shoulder_Lapbelt'],0,0,Valid,0.0,0.0,86.0,22.0,"['Male', 'Male']",0,0,3,1,5,Dry,Straight,Level,Lowest,No
31609,48,Texas,480637,0,1,1,0,1,ZAPATA,February,24,Friday,22,31,Urban,High Speed (Arterial),Yes,26.86616389,-99.25375556,Non-Intersection,Dark - Not Lighted,Clear,10:00pm-10:59pm,30,10:00pm-10:59pm,36,11:00pm-11:59pm,42,1,Dark - Unlighted,Clear,1,0,['Driver'],['None_Used'],0,0,Invalid,0.0,0.0,20.0,20.0,['Male'],1,0,3,1,3,Dry,Curve,Grade/Hillcrest,Lowest,No
31610,48,Texas,480638,1,1,1,0,1,LITTLE ELM,March,4,Saturday,20,28,Urban,High Speed (Arterial),Yes,33.15591944,-96.94502222,Non-Intersection,Dark - Lighted,Clear,Unknown,Unknown,Unknown EMS Scene Arrival Hour,Unknown EMS Scene Arrival Minutes,Unknown,Unknown EMS Hospital Arrival Time,1,Dark - Lighted,Clear,0,1,[],[],0,0,Valid,0.0,0.0,18.0,18.0,['Female'],0,0,3,1,4,Dry,Straight,Level,Lowest,No
31611,48,Texas,480639,1,3,3,0,5,PLANO,March,13,Monday,21,29,Urban,High Speed (Arterial),Yes,33.06884722,-96.68885,Non-Intersection,Dark - Not Lighted,Cloudy,Unknown,Unknown if Notified,Unknown EMS Scene Arrival Hour,Unknown if Arrived,Not Applicable (Not Transported),Not Applicable (Not Transported),1,Dark - Unlighted,Reduced Visibility,0,5,[],[],0,0,Valid,1.0,1.0,55.0,25.0,"['Male', 'Female', 'Male']",0,0,4,2,5,Dry,Straight,Level,Lowest,No
31612,48,Texas,480640,0,2,2,0,3,NOT APPLICABLE,March,5,Sunday,19,57,Rural,High Speed (Arterial),Yes,29.93888889,-98.317275,Non-Intersection,Dark - Not Lighted,Clear,Unknown,Unknown,Unknown EMS Scene Arrival Hour,Unknown EMS Scene Arrival Minutes,Unknown,Unknown EMS Hospital Arrival Time,2,Dark - Unlighted,Clear,2,1,"['Driver', 'Rear_Seat']","['None_Used', 'None_Used']",1,1,Valid,0.0,0.0,77.0,58.0,"['Male', 'Male']",0,0,5,1,5,Dry,Curve,Level,Lowest,No
31613,48,Texas,480641,0,1,1,0,3,NOT APPLICABLE,March,12,Sunday,9,12,Rural,Medium Speed (Collector),No,29.20908611,-98.58464444,Non-Intersection,Daylight,Clear,Unknown,Unknown,Unknown EMS Scene Arrival Hour,Unknown EMS Scene Arrival Minutes,Unknown,Unknown EMS Hospital Arrival Time,1,Daylight,Clear,1,2,['Driver'],['Shoulder_Lapbelt'],0,0,Valid,0.0,0.0,39.0,39.0,['Female'],0,0,2,1,3,Dry,Curve,Level,Lowest,No
31614,48,Texas,480642,0,2,2,0,2,NOT APPLICABLE,January,24,Tuesday,10,30,Rural,Medium Speed (Collector),No,32.14535556,-95.82863333,Non-Intersection,Daylight,Rain,Unknown,Unknown,Unknown EMS Scene Arrival Hour,Unknown EMS Scene Arrival Minutes,Unknown,Unknown EMS Hospital Arrival Time,1,Daylight,Rain/Wind/Minor,1,1,['Driver'],['Shoulder_Lapbelt'],0,0,Valid,0.0,1.0,34.0,33.0,"['Female', 'Male']",1,0,3,4,5,Wet/Standing Water,Straight,Grade/Hillcrest,Lowest,Yes
31615,48,Texas,480643,0,1,1,0,2,NOT APPLICABLE,March,6,Monday,5,50,Rural,High Speed (Arterial),Yes,28.07411111,-98.09913889,Non-Intersection,Dark - Not Lighted,Clear,Unknown,Unknown,Unknown EMS Scene Arrival Hour,Unknown EMS Scene Arrival Minutes,Unknown,Unknown EMS Hospital Arrival Time,1,Dark - Unlighted,Clear,1,1,['Front_Passenger'],['None_Used'],0,0,Valid,0.0,0.0,19.0,19.0,['Male'],0,0,3,1,3,Dry,Curve,Level,Medium,No
31616,48,Texas,480644,0,2,2,0,2,NOT APPLICABLE,March,10,Friday,5,13,Urban,Medium Speed (Collector),No,29.84991667,-95.22847222,Non-Intersection,Dark - Not Lighted,Clear,Unknown,Unknown,Unknown EMS Scene Arrival Hour,Unknown EMS Scene Arrival Minutes,Unknown,Unknown EMS Hospital Arrival Time,1,Dark - Unlighted,Clear,1,1,['Driver'],['None_Used'],0,0,Invalid,0.0,0.0,36.0,32.0,"['Male', 'Female']",0,0,2,1,5,Dry,Straight,Grade/Hillcrest,Lowest,No
31617,48,Texas,480645,0,2,2,0,2,NOT APPLICABLE,March,16,Thursday,2,17,Urban,High Speed (Arterial),Yes,29.89560833,-95.05698889,Non-Intersection,Dark - Not Lighted,Clear,Unknown,Unknown,Unknown EMS Scene Arrival Hour,Unknown EMS Scene Arrival Minutes,3:00am-3:59am,33,1,Dark - Unlighted,Clear,1,1,['Driver'],['Shoulder_Lapbelt'],1,1,Valid,0.0,1.0,52.0,21.0,"['Male', 'Male']",0,0,3,1,5,Dry,Curve,Grade/Hillcrest,Lowest,No
31618,48,Texas,480646,0,1,1,0,1,NOT APPLICABLE,March,8,Wednesday,8,2,Urban,Medium Speed (Collector),No,30.27979167,-97.90845278,Non-Intersection,Daylight,Cloudy,Unknown,Unknown,Unknown EMS Scene Arrival Hour,Unknown EMS Scene Arrival Minutes,Not Applicable (Not Transported),Not Applicable (Not Transported),1,Daylight,Reduced Visibility,1,0,['Driver'],['None_Used'],0,0,Valid,1.0,1.0,20.0,20.0,['Male'],1,0,5,1,2,Dry,Curve,Level,Lowest,No
31619,48,Texas,480647,0,2,2,0,3,HOUSTON,March,1,Wednesday,4,18,Urban,High Speed (Arterial),No,29.73695,-95.54835278,Complex/Circle,Dark - Lighted,Clear,Unknown,Unknown,Unknown EMS Scene Arrival Hour,Unknown EMS Scene Arrival Minutes,Not Applicable (Not Transported),Not Applicable (Not Transported),1,Dark - Lighted,Clear,1,2,['Driver'],['Shoulder_Lapbelt'],0,0,Invalid,0.0,0.0,55.0,32.0,"['Male', 'Male']",0,0,4,1,5,Dry,Curve,Level,Lowest,No
31620,48,Texas,480648,1,1,1,0,1,HOUSTON,March,1,Wednesday,10,36,Urban,Low Speed (Local),No,29.87398056,-95.33934722,Non-Intersection,Daylight,Cloudy,Unknown,Unknown,Unknown EMS Scene Arrival Hour,Unknown EMS Scene Arrival Minutes,11:00am-11:59am,10,1,Daylight,Reduced Visibility,0,1,[],[],0,0,Valid,0.0,0.0,64.0,64.0,['Male'],1,0,2,2,4,Dry,Curve,Level,Lowest,No
31621,48,Texas,480649,0,1,1,0,3,NOT APPLICABLE,March,6,Monday,12,57,Rural,Medium Speed (Collector),No,29.00570556,-99.08396389,Non-Intersection,Daylight,Clear,Unknown,Unknown,Unknown EMS Scene Arrival Hour,Unknown EMS Scene Arrival Minutes,Unknown,Unknown EMS Hospital Arrival Time,2,Daylight,Clear,2,1,"['Front_Passenger', 'Rear_Seat']","['None_Used', 'None_Used']",0,0,Invalid,0.0,0.0,18.0,18.0,['Female'],0,0,3,1,3,Dry,Curve,Level,Lowest,No
31622,48,Texas,480650,0,2,2,0,1,DALLAS,March,4,Saturday,5,15,Urban,High Speed (Arterial),Yes,32.89514722,-96.89812222,Non-Intersection,Dark - Lighted,Clear,Unknown,Unknown,Unknown EMS Scene Arrival Hour,Unknown EMS Scene Arrival Minutes,Unknown,Unknown EMS Hospital Arrival Time,1,Dark - Lighted,Clear,1,0,['Driver'],['Shoulder_Lapbelt'],0,0,Valid,0.0,0.0,83.0,83.0,['Male'],0,0,3,1,5,Dry,Straight,Grade/Hillcrest,Lowest,Yes
31623,48,Texas,480651,0,2,2,0,2,NOT APPLICABLE,February,24,Friday,0,6,Urban,Medium Speed (Collector),No,26.368975,-98.01157778,Non-Intersection,Dark - Not Lighted,Clear,Unknown,Unknown if Notified,Unknown EMS Scene Arrival Hour,Unknown if Arrived,Not Applicable (Not Transported),Not Applicable (Not Transported),1,Dark - Unlighted,Clear,1,1,['Driver'],['Shoulder_Lapbelt'],1,1,Valid,0.0,0.0,48.0,30.0,"['Male', 'Female']",0,0,4,2,5,Dry,Straight,Level,Lowest,No
31624,48,Texas,480652,0,1,1,0,1,NOT APPLICABLE,March,12,Sunday,8,1,Urban,Medium Speed (Collector),No,33.840375,-98.60358333,Non-Intersection,Other,Not Reported,Unknown,Unknown if Notified,Unknown EMS Scene Arrival Hour,Unknown if Arrived,Not Applicable (Not Transported),Not Applicable (Not Transported),1,Dark - Unlighted,Clear,1,0,['Driver'],['None_Used'],1,1,Invalid,1.0,5.0,32.0,32.0,['Male'],0,0,5,4,3,Dry,Curve,Level,Lowest,No
31625,48,Texas,480653,1,1,1,0,1,NACOGDOCHES,March,13,Monday,23,7,Urban,High Speed (Arterial),Yes,31.56148611,-94.68042778,Non-Intersection,Dark - Not Lighted,Cloudy,Unknown,Unknown if Notified,Unknown EMS Scene Arrival Hour,Unknown if Arrived,Not Applicable (Not Transported),Not Applicable (Not Transported),1,Dark - Unlighted,Reduced Visibility,0,0,[],[],0,0,Invalid,0.0,0.0,999.0,999.0,['Other'],0,0,1,0,4,Dry,Curve,Grade/Hillcrest,Lowest,No
31626,48,Texas,480654,0,3,3,0,3,FORT WORTH,March,13,Monday,12,30,Urban,High Speed (Arterial),Yes,32.82751389,-97.31306944,Non-Intersection,Daylight,Cloudy,Unknown,Unknown,Unknown EMS Scene Arrival Hour,Unknown EMS Scene Arrival Minutes,Unknown,Unknown EMS Hospital Arrival Time,1,Daylight,Reduced Visibility,1,2,['Driver'],['None_Used'],0,0,Valid,0.0,0.0,75.0,24.0,"['Female', 'Male', 'Female']",1,0,4,4,5,Dry,Straight,Level,Lowest,No
31627,48,Texas,480655,1,2,2,0,3,CARROLLTON,March,4,Saturday,21,45,Urban,High Speed (Arterial),No,33.01801944,-96.93719722,Non-Intersection,Dark - Not Lighted,Clear,Unknown,Unknown if Notified,Unknown EMS Scene Arrival Hour,Unknown if Arrived,Not Applicable (Not Transported),Not Applicable (Not Transported),1,Dark - Unlighted,Clear,0,3,[],[],0,0,Valid,0.0,0.0,999.0,57.0,"['Male', 'Other']",0,0,3,2,4,Dry,Straight,Grade/Hillcrest,Lowest,No
31628,48,Texas,480656,0,1,1,0,1,DALLAS,March,6,Monday,13,30,Urban,High Speed (Arterial),Yes,32.65456389,-96.87645278,Non-Intersection,Daylight,Clear,Unknown,Unknown,Unknown EMS Scene Arrival Hour,Unknown EMS Scene Arrival Minutes,Unknown,Unknown EMS Hospital Arrival Time,1,Daylight,Clear,1,0,['Driver'],['None_Used'],0,0,Valid,0.0,0.0,82.0,82.0,['Male'],0,0,5,1,3,Dry,Curve,Grade/Hillcrest,Lowest,No
31629,48,Texas,480657,0,2,2,0,2,DALLAS,March,18,Saturday,2,39,Urban,High Speed (Arterial),Yes,32.72250278,-96.82718333,Non-Intersection,Dark - Lighted,Clear,Unknown,Unknown,Unknown EMS Scene Arrival Hour,Unknown EMS Scene Arrival Minutes,Unknown,Unknown EMS Hospital Arrival Time,1,Dark - Lighted,Clear,1,1,['Driver'],['Shoulder_Lapbelt'],1,1,Valid,0.0,1.0,29.0,28.0,"['Male', 'Male']",1,0,2,1,5,Dry,Curve,Level,Lowest,No
31630,48,Texas,480658,0,2,2,0,4,EL PASO,March,15,Wednesday,21,50,Urban,Medium Speed (Collector),No,31.85220556,-106.45411944,Simple Junction,Dark - Lighted,Clear,9:00pm-9:59pm,51,9:00pm-9:59pm,55,10:00pm-10:59pm,20,1,Dark - Lighted,Clear,1,3,['Driver'],['None_Used'],0,0,Valid,0.0,0.0,46.0,21.0,"['Female', 'Male']",0,0,5,2,5,Dry,Straight,Grade/Hillcrest,Lowest,No
31631,48,Texas,480659,0,2,2,0,3,NOT APPLICABLE,March,8,Wednesday,19,7,Urban,Medium Speed (Collector),No,29.49398056,-95.46660556,Simple Junction,Dark - Not Lighted,Cloudy,Unknown,Unknown,Unknown EMS Scene Arrival Hour,Unknown EMS Scene Arrival Minutes,Not Applicable (Not Transported),Not Applicable (Not Transported),1,Dark - Unlighted,Reduced Visibility,1,2,['Driver'],['None_Used'],0,0,Invalid,1.0,1.0,44.0,18.0,"['Male', 'Male']",0,0,5,1,5,Dry,Straight,Level,Lowest,No
31632,48,Texas,480660,0,1,1,0,2,NOT APPLICABLE,March,12,Sunday,20,38,Rural,Medium Speed (Collector),No,26.23222222,-98.12710556,Non-Intersection,Dark - Not Lighted,Clear,10:00pm-10:59pm,7,10:00pm-10:59pm,8,10:00pm-10:59pm,23,1,Dark - Unlighted,Clear,1,1,['Front_Passenger'],['None_Used'],1,1,Invalid,0.0,0.0,45.0,45.0,['Female'],0,0,3,2,3,Dry,Straight,Level,Lowest,Yes
31633,48,Texas,480661,1,4,2,2,2,HOUSTON,March,6,Monday,19,0,Urban,High Speed (Arterial),Yes,29.78565,-95.26517778,Non-Intersection,Dark - Lighted,Clear,Unknown,Unknown,Unknown EMS Scene Arrival Hour,Unknown EMS Scene Arrival Minutes,Unknown,Unknown EMS Hospital Arrival Time,1,Dark - Lighted,Clear,0,1,[],[],0,0,Invalid,0.0,0.0,999.0,40.0,"['Other', 'Male']",1,0,2,3,5,Dry,Straight,Grade/Hillcrest,Lowest,No
31634,48,Texas,480662,0,1,1,0,2,NOT APPLICABLE,March,8,Wednesday,23,16,Urban,Medium Speed (Collector),No,32.75332778,-100.91886667,Non-Intersection,Dark - Not Lighted,"Fog, Smog, Smoke",Unknown,Unknown,Unknown EMS Scene Arrival Hour,Unknown EMS Scene Arrival Minutes,Unknown,Unknown EMS Hospital Arrival Time,1,Dark - Unlighted,Reduced Visibility,1,1,['Front_Passenger'],['Shoulder_Lapbelt'],0,0,Invalid,0.0,0.0,27.0,27.0,['Male'],2,0,3,1,3,Wet/Standing Water,Straight,Level,Lowest,No
31635,48,Texas,480663,0,1,1,0,2,NOT APPLICABLE,March,4,Saturday,17,10,Urban,High Speed (Arterial),Yes,30.13814167,-95.44510278,Non-Intersection,Daylight,Clear,Unknown,Unknown,Unknown EMS Scene Arrival Hour,Unknown EMS Scene Arrival Minutes,Unknown,Unknown EMS Hospital Arrival Time,1,Daylight,Clear,1,1,['Driver'],['None_Used'],0,0,Valid,1.0,1.0,48.0,48.0,['Male'],0,0,5,1,3,Dry,Straight,Level,Lowest,No
31636,48,Texas,480664,1,1,1,0,1,NOT APPLICABLE,March,12,Sunday,23,24,Rural,Medium Speed (Collector),No,30.89187778,-102.81351389,Non-Intersection,Dark - Not Lighted,Clear,11:00pm-11:59pm,27,11:00pm-11:59pm,28,0:00am-0:59am,12,1,Dark - Unlighted,Clear,0,1,[],[],0,0,Invalid,0.0,0.0,30.0,30.0,['Male'],0,0,3,1,4,Dry,Straight,Level,Lowest,No
31637,48,Texas,480665,0,2,2,0,3,NOT APPLICABLE,March,13,Monday,11,37,Rural,Medium Speed (Collector),No,31.05180278,-97.19538889,Simple Junction,Daylight,Clear,Unknown,Unknown,Unknown EMS Scene Arrival Hour,Unknown EMS Scene Arrival Minutes,Unknown,Unknown EMS Hospital Arrival Time,1,Daylight,Clear,1,2,['Rear_Seat'],['Child_Safety'],0,0,Valid,0.0,2.0,33.0,24.0,"['Female', 'Female']",1,0,3,1,5,Dry,Straight,Level,Medium,No
31638,48,Texas,480666,0,4,4,0,5,BULVERDE,March,9,Thursday,15,20,Rural,Medium Speed (Collector),No,29.74918889,-98.40039167,Simple Junction,Daylight,Clear,Unknown,Unknown,Unknown EMS Scene Arrival Hour,Unknown EMS Scene Arrival Minutes,Unknown,Unknown EMS Hospital Arrival Time,1,Daylight,Clear,1,4,['Driver'],['Shoulder_Lapbelt'],0,0,Valid,0.0,0.0,84.0,20.0,"['Female', 'Female', 'Female', 'Male']",0,0,4,4,5,Dry,Straight,Level,Lowest,No
31639,48,Texas,480668,0,1,1,0,1,INGLESIDE,March,7,Tuesday,16,40,Urban,Medium Speed (Collector),No,27.85463056,-97.21787222,Non-Intersection,Daylight,Clear,Unknown,Unknown,Unknown EMS Scene Arrival Hour,Unknown EMS Scene Arrival Minutes,Unknown,Unknown EMS Hospital Arrival Time,1,Daylight,Clear,1,0,['Driver'],['None_Used'],0,0,Valid,0.0,0.0,37.0,37.0,['Male'],1,0,5,1,2,Dry,Straight,Level,Lowest,No
31640,48,Texas,480669,0,3,3,0,3,NOT APPLICABLE,March,2,Thursday,18,31,Urban,Medium Speed (Collector),No,30.22324444,-95.67168611,Simple Junction,Dark - Not Lighted,Clear,Unknown,Unknown,Unknown EMS Scene Arrival Hour,Unknown EMS Scene Arrival Minutes,Unknown,Unknown EMS Hospital Arrival Time,1,Dark - Unlighted,Clear,1,2,['Driver'],['Shoulder_Lapbelt'],1,1,Valid,2.0,0.0,55.0,26.0,"['Male', 'Male', 'Female']",0,0,3,1,5,Dry,Straight,Level,Lowest,No