,State_Code,State_Name,Crash_ID,Count_Non_Motorists,Count_Vehicles_Total,Count_Vehicle_Forms,Count_PVH_Involved,Count_Occupants_MV,City_Name,Month_Name,Day_of_Month,Day_of_Week,Crash_Hour,Crash_Minute,Area_Rural_Urban,Road_Functional_Class,On_NHS_Road,Latitude,Longitude,Intersection_Type,Light_Condition,Weather_Condition,Notif_Hour,Notif_Minute,Arrival_Hour,Arrival_Minute,Hospital_Hour,Hospital_Minute,Fatalities_Count,Clean_Light_Condition,Clean_Weather_Condition,Total_Killed,Total_Alive,Fatal_Seats_List,Killed_Restraint_List,Any_Driver_Drinking,Total_Drinking_Drivers,Driver_License_Category,Driver_Max_Prev_Accident_Count,Driver_Max_Prev_Speeding_Count,Max_Driver_Age,Min_Driver_Age,Driver_Sex_List,Total_Exceeding_Limit_Vehicles,Total_Too_Fast_Vehicles,Max_Vehicle_Type_Severity_5,Max_Vehicle_Damage_Rank,Max_Harmful_Event_Severity,Crash_Road_Surface_Condition,Crash_Horizontal_Alignment,Crash_Vertical_Profile,Crash_Impairment_Category,Crash_Vehicle_Defect
31641,48,Texas,480670,0,2,2,0,2,HEATH,January,24,Tuesday,9,25,Urban,Medium Speed (Collector),No,32.83971944,-96.4693,Non-Intersection,Daylight,Rain,Unknown,Unknown,Unknown EMS Scene Arrival Hour,Unknown EMS Scene Arrival Minutes,Unknown,Unknown EMS Hospital Arrival Time,1,Daylight,Rain/Wind/Minor,1,1,['Driver'],['None_Used'],0,0,Valid,0.0,0.0,63.0,17.0,"['Male', 'Male']",1,0,3,1,5,Wet/Standing Water,Curve,Level,Lowest,Yes
31642,48,Texas,480671,0,3,3,0,4,ARLINGTON,February,6,Monday,18,44,Urban,High Speed (Arterial),Yes,32.68719444,-97.06235556,Non-Intersection,Dark - Lighted,Clear,Unknown,Unknown,Unknown EMS Scene Arrival Hour,Unknown EMS Scene Arrival Minutes,Unknown,Unknown EMS Hospital Arrival Time,1,Dark - Lighted,Clear,1,3,['Front_Passenger'],['Shoulder_Lapbelt'],0,0,Valid,0.0,0.0,74.0,40.0,"['Male', 'Male', 'Male']",2,0,3,2,5,Dry,Straight,Level,Lowest,No
31643,48,Texas,480672,0,1,1,0,2,IRVING,March,7,Tuesday,12,36,Urban,High Speed (Arterial),No,32.90011389,-96.96479167,Non-Intersection,Daylight,Clear,Unknown,Unknown,Unknown EMS Scene Arrival Hour,Unknown EMS Scene Arrival Minutes,Unknown,Unknown EMS Hospital Arrival Time,1,Daylight,Clear,1,1,['Driver'],['Shoulder_Lapbelt'],0,0,Valid,0.0,0.0,69.0,69.0,['Male'],0,0,3,1,3,Dry,Straight,Level,Lowest,Yes
31644,48,Texas,480673,0,7,2,5,2,AMARILLO,March,18,Saturday,19,28,Urban,High Speed (Arterial),Yes,35.21010278,-101.83139722,Complex/Circle,Daylight,Clear,Unknown,Unknown,Unknown EMS Scene Arrival Hour,Unknown EMS Scene Arrival Minutes,Unknown,Unknown EMS Hospital Arrival Time,1,Daylight,Clear,1,1,['Driver'],['Shoulder_Lapbelt'],0,0,Invalid,0.0,0.0,48.0,42.0,"['Male', 'Female']",1,0,3,1,5,Dry,Straight,Level,Lowest,No
31645,48,Texas,480674,0,1,1,0,1,NOT APPLICABLE,March,11,Saturday,5,30,Rural,Medium Speed (Collector),No,29.94661389,-94.32825556,Non-Intersection,Dark - Not Lighted,"Fog, Smog, Smoke",Unknown,Unknown if Notified,Unknown EMS Scene Arrival Hour,Unknown if Arrived,Not Applicable (Not Transported),Not Applicable (Not Transported),1,Dark - Unlighted,Reduced Visibility,1,0,['Driver'],['Shoulder_Lapbelt'],0,0,Valid,0.0,0.0,73.0,73.0,['Male'],1,0,3,1,3,Dry,Curve,Level,Lowest,No
31646,48,Texas,480675,0,1,1,0,1,NOT APPLICABLE,March,17,Friday,22,45,Rural,Medium Speed (Collector),No,33.24829722,-95.96033611,Non-Intersection,Dark - Not Lighted,Clear,Unknown,Unknown if Notified,Unknown EMS Scene Arrival Hour,Unknown if Arrived,Not Applicable (Not Transported),Not Applicable (Not Transported),1,Dark - Unlighted,Clear,1,0,['Driver'],['None_Used'],1,1,Invalid,0.0,2.0,52.0,52.0,['Male'],0,0,2,1,3,Dry,Curve,Grade/Hillcrest,Lowest,No
31647,48,Texas,480676,0,2,2,0,2,FORT WORTH,March,16,Thursday,18,55,Urban,High Speed (Arterial),Yes,32.83969444,-97.30557778,Non-Intersection,Daylight,Clear,Unknown,Unknown if Notified,Unknown EMS Scene Arrival Hour,Unknown if Arrived,Not Applicable (Not Transported),Not Applicable (Not Transported),1,Daylight,Clear,1,1,['Driver'],['Shoulder_Lapbelt'],0,0,Valid,0.0,2.0,62.0,23.0,"['Male', 'Male']",0,0,3,1,5,Wet/Standing Water,Straight,Level,Lowest,No
31648,48,Texas,480677,0,1,1,0,1,NOT APPLICABLE,March,17,Friday,13,30,Rural,High Speed (Arterial),Yes,29.12219722,-96.38643889,Non-Intersection,Daylight,Clear,Unknown,Unknown if Notified,Unknown EMS Scene Arrival Hour,Unknown if Arrived,Not Applicable (Not Transported),Not Applicable (Not Transported),1,Daylight,Clear,1,0,['Driver'],['None_Used'],0,0,Valid,0.0,0.0,40.0,40.0,['Male'],1,0,2,1,3,Dry,Curve,Level,Lowest,No
31649,48,Texas,480678,2,1,1,0,1,NOT APPLICABLE,March,8,Wednesday,8,50,Rural,High Speed (Arterial),Yes,30.26366667,-98.46948611,Non-Intersection,Daylight,Clear,8:00am-8:59am,58,9:00am-9:59am,33,10:00am-10:59am,2,1,Daylight,Clear,0,1,[],[],0,0,Valid,0.0,0.0,56.0,56.0,['Male'],1,0,3,2,4,Dry,Straight,Grade/Hillcrest,Lowest,No
31650,48,Texas,480679,0,2,2,0,3,NOT APPLICABLE,March,14,Tuesday,21,13,Rural,Medium Speed (Collector),No,29.906325,-97.72390833,Non-Intersection,Dark - Not Lighted,Clear,Unknown,Unknown,Unknown EMS Scene Arrival Hour,Unknown EMS Scene Arrival Minutes,Unknown,Unknown EMS Hospital Arrival Time,1,Dark - Unlighted,Clear,1,2,['Driver'],['Shoulder_Lapbelt'],0,0,Valid,0.0,0.0,23.0,17.0,"['Male', 'Male']",0,0,2,1,5,Dry,Curve,Level,Medium,No
31651,48,Texas,480680,0,1,1,0,3,NOT APPLICABLE,March,18,Saturday,16,0,Rural,Low Speed (Local),No,32.02857222,-94.73864444,Non-Intersection,Daylight,Cloudy,Unknown,Unknown if Notified,Unknown EMS Scene Arrival Hour,Unknown if Arrived,Not Applicable (Not Transported),Not Applicable (Not Transported),1,Daylight,Reduced Visibility,1,2,['Front_Passenger'],['None_Used'],0,0,Valid,0.0,0.0,39.0,39.0,['Male'],0,0,5,1,3,Dry,Straight,Grade/Hillcrest,Lowest,No
31652,48,Texas,480681,0,1,1,0,1,NOT APPLICABLE,March,20,Monday,5,5,Rural,Medium Speed (Collector),No,30.44443056,-94.18680278,Non-Intersection,Dark - Not Lighted,Clear,Unknown,Unknown if Notified,Unknown EMS Scene Arrival Hour,Unknown if Arrived,Not Applicable (Not Transported),Not Applicable (Not Transported),1,Dark - Unlighted,Clear,1,0,['Driver'],['Shoulder_Lapbelt'],0,0,Valid,1.0,0.0,53.0,53.0,['Male'],0,0,2,1,1,Dry,Straight,Level,Lowest,No
31653,48,Texas,480682,0,1,1,0,1,BATSON,March,21,Tuesday,7,0,Rural,High Speed (Arterial),No,30.25011111,-94.61359167,Non-Intersection,Dawn,Clear,Unknown,Unknown if Notified,Unknown EMS Scene Arrival Hour,Unknown if Arrived,Not Applicable (Not Transported),Not Applicable (Not Transported),1,Twilight,Clear,1,0,['Driver'],['Shoulder_Lapbelt'],0,0,Valid,0.0,0.0,47.0,47.0,['Male'],0,0,3,1,3,Dry,Straight,Level,Medium,No
31654,48,Texas,480683,0,2,2,0,2,HOUSTON,March,5,Sunday,2,4,Urban,High Speed (Arterial),No,29.65230278,-95.54909722,Non-Intersection,Dark - Lighted,Cloudy,Unknown,Unknown if Notified,Unknown EMS Scene Arrival Hour,Unknown if Arrived,Not Applicable (Not Transported),Not Applicable (Not Transported),1,Dark - Lighted,Reduced Visibility,1,1,['Driver'],['Shoulder_Lapbelt'],0,0,Valid,0.0,1.0,50.0,23.0,"['Male', 'Male']",1,0,3,2,5,Dry,Straight,Grade/Hillcrest,Lowest,No
31655,48,Texas,480684,0,1,1,0,7,HOUSTON,March,12,Sunday,22,34,Urban,High Speed (Arterial),Yes,29.87329167,-95.40983056,Non-Intersection,Dark - Lighted,Clear,10:00pm-10:59pm,37,10:00pm-10:59pm,51,11:00pm-11:59pm,13,1,Dark - Lighted,Clear,1,6,['Rear_Seat'],['None_Used'],1,1,Invalid,0.0,0.0,33.0,33.0,['Male'],0,0,3,1,3,Dry,Straight,Level,Lowest,No
31656,48,Texas,480685,1,1,1,0,1,ARLINGTON,March,19,Sunday,3,17,Urban,High Speed (Arterial),Yes,32.61388333,-97.14129167,Non-Intersection,Dark - Not Lighted,Clear,Unknown,Unknown,Unknown EMS Scene Arrival Hour,Unknown EMS Scene Arrival Minutes,Not Applicable (Not Transported),Not Applicable (Not Transported),1,Dark - Unlighted,Clear,0,1,[],[],0,0,Valid,0.0,0.0,62.0,62.0,['Male'],0,0,3,2,4,Dry,Straight,Level,Lowest,No
31657,48,Texas,480687,0,2,2,0,5,ANNA,March,4,Saturday,15,21,Urban,High Speed (Arterial),Yes,33.319525,-96.59051667,Non-Intersection,Daylight,Clear,Unknown,Unknown,Unknown EMS Scene Arrival Hour,Unknown EMS Scene Arrival Minutes,Unknown,Unknown EMS Hospital Arrival Time,1,Daylight,Clear,1,4,['Driver'],['None_Used'],0,0,Valid,0.0,1.0,40.0,31.0,"['Male', 'Male']",1,0,5,1,5,Dry,Straight,Level,Lowest,No
31658,48,Texas,480688,0,1,1,0,1,NOT APPLICABLE,March,5,Sunday,15,16,Rural,Medium Speed (Collector),No,33.30128056,-101.45120833,Non-Intersection,Daylight,Clear,3:00pm-3:59pm,10,3:00pm-3:59pm,24,4:00pm-4:59pm,0,1,Daylight,Clear,1,0,['Driver'],['None_Used'],0,0,Valid,1.0,1.0,49.0,49.0,['Male'],1,0,5,4,3,Dry,Curve,Grade/Hillcrest,Lowest,No
31659,48,Texas,480689,0,1,1,0,1,MIDLAND,March,5,Sunday,18,47,Urban,Medium Speed (Collector),No,31.97526667,-102.15080278,Non-Intersection,Dark - Lighted,Clear,Unknown,Unknown,Unknown EMS Scene Arrival Hour,Unknown EMS Scene Arrival Minutes,Unknown,Unknown EMS Hospital Arrival Time,1,Dark - Lighted,Clear,1,0,['Driver'],['None_Used'],0,0,Valid,2.0,0.0,66.0,66.0,['Male'],1,0,5,1,2,Dry,Curve,Level,Lowest,No
31660,48,Texas,480690,1,2,2,0,2,HOUSTON,March,16,Thursday,3,38,Urban,High Speed (Arterial),Yes,29.774325,-95.31612222,Non-Intersection,Dark - Not Lighted,Cloudy,Unknown,Unknown if Notified,Unknown EMS Scene Arrival Hour,Unknown if Arrived,Not Applicable (Not Transported),Not Applicable (Not Transported),1,Dark - Unlighted,Reduced Visibility,0,2,[],[],0,0,Valid,0.0,0.0,52.0,34.0,"['Male', 'Male']",0,0,4,2,5,Dry,Straight,Level,Lowest,No
31661,48,Texas,480691,1,1,1,0,1,MESQUITE,March,19,Sunday,21,5,Rural,Medium Speed (Collector),No,32.79291389,-96.60765278,Non-Intersection,Dark - Not Lighted,Clear,Unknown,Unknown,Unknown EMS Scene Arrival Hour,Unknown EMS Scene Arrival Minutes,Unknown,Unknown EMS Hospital Arrival Time,1,Dark - Unlighted,Clear,0,1,[],[],0,0,Valid,1.0,0.0,44.0,44.0,['Female'],0,0,3,2,4,Dry,Straight,Level,Lowest,No
31662,48,Texas,480692,0,1,1,0,1,CORPUS CHRISTI,March,13,Monday,1,34,Urban,Medium Speed (Collector),No,27.68891111,-97.37415,Simple Junction,Dark - Lighted,Clear,Unknown,Unknown,Unknown EMS Scene Arrival Hour,Unknown EMS Scene Arrival Minutes,Unknown,Unknown EMS Hospital Arrival Time,1,Dark - Lighted,Clear,1,0,['Driver'],['None_Used'],0,0,Invalid,0.0,3.0,30.0,30.0,['Male'],1,0,3,1,3,Dry,Straight,Level,Lowest,No
31663,48,Texas,480693,1,1,1,0,1,AUSTIN,March,18,Saturday,21,48,Urban,Medium Speed (Collector),No,30.30210278,-97.62105,Non-Intersection,Dark - Not Lighted,Clear,Unknown,Unknown if Notified,Unknown EMS Scene Arrival Hour,Unknown if Arrived,Not Applicable (Not Transported),Not Applicable (Not Transported),1,Dark - Unlighted,Clear,0,1,[],[],0,0,Valid,0.0,0.0,45.0,45.0,['Female'],0,0,3,1,4,Dry,Straight,Level,Lowest,No
31664,48,Texas,480694,0,4,3,1,6,NOT APPLICABLE,March,19,Sunday,1,10,Urban,Medium Speed (Collector),No,29.885875,-95.54077222,Complex/Circle,Dark - Lighted,Clear,Unknown,Unknown,Unknown EMS Scene Arrival Hour,Unknown EMS Scene Arrival Minutes,Unknown,Unknown EMS Hospital Arrival Time,1,Dark - Lighted,Clear,1,5,['Driver'],['Shoulder_Lapbelt'],0,0,Invalid,0.0,0.0,48.0,35.0,"['Male', 'Male', 'Female']",0,0,3,4,5,Dry,Curve,Level,Lowest,No
31665,48,Texas,480695,0,2,2,0,2,SAN ANTONIO,March,20,Monday,7,50,Urban,Medium Speed (Collector),No,29.40523889,-98.50268333,Simple Junction,Daylight,Cloudy,Unknown,Unknown,Unknown EMS Scene Arrival Hour,Unknown EMS Scene Arrival Minutes,Not Applicable (Not Transported),Not Applicable (Not Transported),1,Daylight,Reduced Visibility,1,1,['Driver'],['None_Used'],0,0,Valid,1.0,1.0,63.0,20.0,"['Male', 'Male']",1,0,5,2,5,Dry,Straight,Level,Lowest,No
31666,48,Texas,480696,0,2,2,0,3,NOT APPLICABLE,March,12,Sunday,3,19,Rural,High Speed (Arterial),Yes,34.33315556,-99.879825,Simple Junction,Dark - Not Lighted,Cloudy,Unknown,Unknown,Unknown EMS Scene Arrival Hour,Unknown EMS Scene Arrival Minutes,Unknown,Unknown EMS Hospital Arrival Time,3,Dark - Unlighted,Reduced Visibility,3,0,"['Driver', 'Driver', 'Front_Passenger']","['None_Used', 'Shoulder_Lapbelt', 'Shoulder_Lapbelt']",0,0,Valid,0.0,0.0,32.0,23.0,"['Male', 'Male']",0,0,4,4,5,Dry,Straight,Level,Lowest,No
31667,48,Texas,480697,0,2,2,0,5,NOT APPLICABLE,March,11,Saturday,20,42,Rural,Medium Speed (Collector),No,30.33100278,-97.42538333,Non-Intersection,Dark - Not Lighted,Clear,Unknown,Unknown,Unknown EMS Scene Arrival Hour,Unknown EMS Scene Arrival Minutes,Unknown,Unknown EMS Hospital Arrival Time,1,Dark - Unlighted,Clear,1,4,['Rear_Seat'],['None_Used'],0,0,Valid,1.0,0.0,57.0,23.0,"['Female', 'Male']",0,0,3,1,5,Dry,Straight,Level,Lowest,No
31668,48,Texas,480698,0,2,2,0,2,ANNA,March,13,Monday,7,21,Rural,High Speed (Arterial),Yes,33.35067222,-96.45446389,Non-Intersection,Dark - Not Lighted,Clear,Unknown,Unknown if Notified,Unknown EMS Scene Arrival Hour,Unknown if Arrived,Not Applicable (Not Transported),Not Applicable (Not Transported),1,Dark - Unlighted,Clear,1,1,['Driver'],['Shoulder_Only'],0,0,Valid,0.0,0.0,74.0,60.0,"['Female', 'Male']",0,0,3,1,5,Dry,Straight,Level,Lowest,No
31669,48,Texas,480699,0,2,2,0,2,GRAND PRAIRIE,March,10,Friday,1,55,Urban,Medium Speed (Collector),No,32.67353611,-97.05343611,Non-Intersection,Dark - Lighted,Clear,Unknown,Unknown,Unknown EMS Scene Arrival Hour,Unknown EMS Scene Arrival Minutes,Unknown,Unknown EMS Hospital Arrival Time,1,Dark - Lighted,Clear,1,1,['Driver'],['Shoulder_Lapbelt'],1,1,Valid,0.0,0.0,41.0,24.0,"['Female', 'Female']",1,0,2,1,5,Dry,Curve,Level,Lowest,No
31670,48,Texas,480700,0,2,2,0,2,GRAPEVINE,March,18,Saturday,23,9,Urban,High Speed (Arterial),Yes,32.92735278,-97.05385,Non-Intersection,Dark - Lighted,Clear,Unknown,Unknown,Unknown EMS Scene Arrival Hour,Unknown EMS Scene Arrival Minutes,Unknown,Unknown EMS Hospital Arrival Time,1,Dark - Lighted,Clear,1,1,['Driver'],['Shoulder_Lapbelt'],0,0,Valid,0.0,0.0,63.0,30.0,"['Male', 'Male']",0,0,3,1,5,Dry,Straight,Level,Lowest,No
31671,48,Texas,480701,0,4,4,0,17,OZONA,March,13,Monday,20,12,Urban,Medium Speed (Collector),Yes,30.70532222,-101.20188333,Complex/Circle,Dusk,Clear,Unknown,Unknown,Unknown EMS Scene Arrival Hour,Unknown EMS Scene Arrival Minutes,Unknown,Unknown EMS Hospital Arrival Time,4,Twilight,Clear,4,13,"['Non_Standard_Risk', 'Non_Standard_Risk', 'Driver', 'Front_Passenger']","['None_Used', 'None_Used', 'None_Used', 'None_Used']",0,0,Invalid,0.0,0.0,71.0,21.0,"['Male', 'Female', 'Male', 'Male']",13,0,3,4,5,Dry,Curve,Level,Lowest,No
31672,48,Texas,480702,0,2,2,0,2,AMARILLO,January,17,Tuesday,21,17,Urban,High Speed (Arterial),Yes,35.22788056,-101.72447778,Simple Junction,Dark - Not Lighted,Clear,Unknown,Unknown if Notified,Unknown EMS Scene Arrival Hour,Unknown if Arrived,Not Applicable (Not Transported),Not Applicable (Not Transported),1,Dark - Unlighted,Clear,1,1,['Driver'],['Shoulder_Lapbelt'],0,0,Valid,0.0,0.0,68.0,38.0,"['Female', 'Male']",0,0,4,1,5,Dry,Straight,Level,Lowest,No
31673,48,Texas,480703,0,1,1,0,2,NOT APPLICABLE,March,9,Thursday,15,16,Rural,High Speed (Arterial),Yes,28.63368611,-97.04582778,Non-Intersection,Daylight,Clear,Unknown,Unknown,Unknown EMS Scene Arrival Hour,Unknown EMS Scene Arrival Minutes,Unknown,Unknown EMS Hospital Arrival Time,1,Daylight,Clear,1,1,['Driver'],['Shoulder_Lapbelt'],0,0,Invalid,0.0,0.0,70.0,70.0,['Male'],0,0,1,4,3,Dry,Straight,Level,Lowest,Yes
31674,48,Texas,480704,0,2,2,0,6,SAN ANTONIO,March,22,Wednesday,18,33,Urban,High Speed (Arterial),Yes,29.40645833,-98.60775556,Non-Intersection,Daylight,Clear,Unknown,Unknown,Unknown EMS Scene Arrival Hour,Unknown EMS Scene Arrival Minutes,Unknown,Unknown EMS Hospital Arrival Time,1,Daylight,Clear,1,5,['Driver'],['None_Used'],0,0,Invalid,0.0,0.0,78.0,33.0,"['Male', 'Female']",0,0,3,1,5,Dry,Curve,Level,Lowest,No
31675,48,Texas,480705,0,1,1,0,1,NOT APPLICABLE,March,13,Monday,1,22,Rural,Medium Speed (Collector),No,29.40710278,-98.88991111,Non-Intersection,Dark - Not Lighted,Cloudy,Unknown,Unknown if Notified,Unknown EMS Scene Arrival Hour,Unknown if Arrived,Not Applicable (Not Transported),Not Applicable (Not Transported),1,Dark - Unlighted,Reduced Visibility,1,0,['Driver'],['None_Used'],0,0,Valid,0.0,1.0,23.0,23.0,['Female'],0,0,3,1,3,Dry,Curve,Level,Medium,No
31676,48,Texas,480706,0,2,2,0,3,NOT APPLICABLE,March,14,Tuesday,20,29,Rural,Medium Speed (Collector),No,31.62078889,-98.96044167,Non-Intersection,Dark - Not Lighted,Clear,8:00pm-8:59pm,34,9:00pm-9:59pm,3,10:00pm-10:59pm,46,2,Dark - Unlighted,Clear,2,1,"['Driver', 'Driver']","['None_Used', 'None_Used']",0,0,Valid,2.0,0.0,64.0,53.0,"['Male', 'Male']",0,0,3,1,5,Dry,Curve,Level,Medium,No
31677,48,Texas,480707,0,1,1,0,1,NOT APPLICABLE,March,19,Sunday,23,36,Rural,Medium Speed (Collector),No,31.72379167,-97.7097,Non-Intersection,Dark - Not Lighted,Clear,Unknown,Unknown,Unknown EMS Scene Arrival Hour,Unknown EMS Scene Arrival Minutes,Unknown,Unknown EMS Hospital Arrival Time,1,Dark - Unlighted,Clear,1,0,['Driver'],['Shoulder_Lapbelt'],0,0,Valid,1.0,0.0,85.0,85.0,['Male'],1,0,2,1,2,Dry,Straight,Level,Medium,No
31678,48,Texas,480708,0,2,2,0,2,NOT APPLICABLE,March,3,Friday,16,13,Rural,Medium Speed (Collector),No,33.27636667,-94.95261667,Non-Intersection,Daylight,Clear,Unknown,Unknown,Unknown EMS Scene Arrival Hour,Unknown EMS Scene Arrival Minutes,Unknown,Unknown EMS Hospital Arrival Time,1,Daylight,Clear,1,1,['Driver'],['None_Used'],0,0,Valid,1.0,0.0,64.0,59.0,"['Male', 'Male']",1,0,5,2,5,Dry,Straight,Level,Lowest,No
31679,48,Texas,480709,0,1,1,0,1,STAFFORD,March,12,Sunday,7,10,Urban,High Speed (Arterial),Yes,29.64189444,-95.53676111,Non-Intersection,Daylight,Clear,Unknown,Unknown if Notified,Unknown EMS Scene Arrival Hour,Unknown if Arrived,Not Applicable (Not Transported),Not Applicable (Not Transported),1,Daylight,Clear,1,0,['Driver'],['None_Used'],1,1,Invalid,0.0,0.0,21.0,21.0,['Male'],0,0,3,1,3,Dry,Straight,Level,Lowest,No
31680,48,Texas,480710,1,1,1,0,1,FORT WORTH,March,20,Monday,0,35,Urban,Medium Speed (Collector),No,32.71238889,-97.29140278,Complex/Circle,Dark - Lighted,Clear,Unknown,Unknown,Unknown EMS Scene Arrival Hour,Unknown EMS Scene Arrival Minutes,Unknown,Unknown EMS Hospital Arrival Time,1,Dark - Lighted,Clear,0,1,[],[],0,0,Valid,0.0,0.0,52.0,52.0,['Male'],0,0,2,2,4,Dry,Straight,Grade/Hillcrest,Lowest,No
31681,48,Texas,480711,0,5,5,0,8,NOT APPLICABLE,March,13,Monday,12,26,Rural,High Speed (Arterial),No,32.13234444,-96.46755,Non-Intersection,Daylight,Clear,Unknown,Unknown,Unknown EMS Scene Arrival Hour,Unknown EMS Scene Arrival Minutes,Unknown,Unknown EMS Hospital Arrival Time,1,Daylight,Clear,1,7,['Driver'],['None_Used'],0,0,Valid,1.0,1.0,72.0,18.0,"['Male', 'Male', 'Male', 'Male', 'Female']",1,0,3,2,5,Oil/Contaminated,Straight,Level,Lowest,No
31682,48,Texas,480712,0,3,3,0,3,PEARLAND,March,22,Wednesday,16,42,Urban,High Speed (Arterial),No,29.55911111,-95.34458611,Simple Junction,Daylight,Clear,Unknown,Unknown,Unknown EMS Scene Arrival Hour,Unknown EMS Scene Arrival Minutes,Unknown,Unknown EMS Hospital Arrival Time,1,Daylight,Clear,1,2,['Driver'],['None_Used'],0,0,Valid,1.0,0.0,76.0,20.0,"['Male', 'Female', 'Female']",1,0,5,1,5,Dry,Straight,Level,Lowest,No
31683,48,Texas,480713,0,2,2,0,3,LA MARQUE,March,18,Saturday,22,10,Urban,Medium Speed (Collector),No,29.40173056,-95.03431944,Complex/Circle,Dark - Lighted,Clear,Unknown,Unknown,Unknown EMS Scene Arrival Hour,Unknown EMS Scene Arrival Minutes,Unknown,Unknown EMS Hospital Arrival Time,1,Dark - Lighted,Clear,1,2,['Driver'],['Shoulder_Lapbelt'],0,0,Valid,0.0,0.0,72.0,34.0,"['Male', 'Male']",0,0,3,1,5,Dry,Straight,Level,Lowest,No
31684,48,Texas,480714,1,1,1,0,1,RICHARDSON,March,17,Friday,9,59,Urban,High Speed (Arterial),No,32.986425,-96.69957778,Non-Intersection,Daylight,Clear,Unknown,Unknown if Notified,Unknown EMS Scene Arrival Hour,Unknown if Arrived,Not Applicable (Not Transported),Not Applicable (Not Transported),1,Daylight,Clear,0,1,[],[],0,0,Valid,0.0,0.0,65.0,65.0,['Male'],1,0,3,1,4,Dry,Straight,Grade/Hillcrest,Lowest,No
31685,48,Texas,480715,0,3,3,0,5,NOT APPLICABLE,February,15,Wednesday,8,22,Urban,High Speed (Arterial),Yes,29.99243889,-95.76896389,Non-Intersection,Daylight,Cloudy,Unknown,Unknown,Unknown EMS Scene Arrival Hour,Unknown EMS Scene Arrival Minutes,9:00am-9:59am,40,2,Daylight,Reduced Visibility,2,3,"['Driver', 'Rear_Seat']","['Shoulder_Lapbelt', 'Child_Safety']",0,0,Invalid,0.0,1.0,33.0,28.0,"['Female', 'Female', 'Male']",0,0,3,2,5,Dry,Curve,Grade/Hillcrest,Lowest,No
31686,48,Texas,480716,0,1,1,0,1,NOT APPLICABLE,March,23,Thursday,14,25,Rural,Medium Speed (Collector),No,33.40758333,-94.36566667,Non-Intersection,Daylight,Clear,Unknown,Unknown,Unknown EMS Scene Arrival Hour,Unknown EMS Scene Arrival Minutes,Unknown,Unknown EMS Hospital Arrival Time,1,Daylight,Clear,1,0,['Driver'],['Shoulder_Lapbelt'],0,0,Valid,0.0,0.0,83.0,83.0,['Female'],0,0,2,1,3,Dry,Straight,Grade/Hillcrest,Medium,No
31687,48,Texas,480717,1,2,2,0,3,GREENVILLE,March,12,Sunday,14,15,Urban,High Speed (Arterial),Yes,33.11646111,-96.099375,Non-Intersection,Daylight,Clear,Unknown,Unknown if Notified,Unknown EMS Scene Arrival Hour,Unknown if Arrived,Not Applicable (Not Transported),Not Applicable (Not Transported),1,Daylight,Clear,0,3,[],[],0,0,Valid,0.0,0.0,64.0,48.0,"['Female', 'Female']",0,0,3,2,5,Dry,Curve,Level,Lowest,No
31688,48,Texas,480718,0,1,1,0,1,KILLEEN,March,23,Thursday,2,8,Urban,Medium Speed (Collector),No,31.11582222,-97.68427222,Simple Junction,Dark - Not Lighted,Clear,Unknown,Unknown,Unknown EMS Scene Arrival Hour,Unknown EMS Scene Arrival Minutes,Unknown,Unknown EMS Hospital Arrival Time,1,Dark - Unlighted,Clear,1,0,['Driver'],['None_Used'],0,0,Valid,0.0,0.0,46.0,46.0,['Male'],0,0,5,1,2,Dry,Curve,Level,Lowest,No
31689,48,Texas,480719,0,1,1,0,1,FORT WORTH,March,21,Tuesday,6,37,Urban,High Speed (Arterial),No,32.89270556,-97.28625556,Non-Intersection,Dark - Lighted,Clear,Unknown,Unknown,Unknown EMS Scene Arrival Hour,Unknown EMS Scene Arrival Minutes,Unknown,Unknown EMS Hospital Arrival Time,1,Dark - Lighted,Clear,1,0,['Driver'],['None_Used'],0,0,Valid,0.0,0.0,25.0,25.0,['Male'],0,0,3,1,3,Dry,Curve,Level,Lowest,No
31690,48,Texas,480720,0,1,1,0,2,EDINBURG,March,12,Sunday,23,4,Urban,Medium Speed (Collector),No,26.25520278,-98.16899167,Non-Intersection,Dark - Lighted,Clear,Unknown,Unknown,Unknown EMS Scene Arrival Hour,Unknown EMS Scene Arrival Minutes,Unknown,Unknown EMS Hospital Arrival Time,1,Dark - Lighted,Clear,1,1,['Front_Passenger'],['None_Used'],0,0,Valid,0.0,0.0,20.0,20.0,['Female'],0,0,3,1,3,Dry,Straight,Level,Lowest,No
31691,48,Texas,480721,0,2,2,0,2,NOT APPLICABLE,March,18,Saturday,18,40,Urban,Medium Speed (Collector),No,29.97586111,-95.40818889,Complex/Circle,Daylight,Cloudy,Unknown,Unknown if Notified,Unknown EMS Scene Arrival Hour,Unknown if Arrived,Not Applicable (Not Transported),Not Applicable (Not Transported),1,Daylight,Reduced Visibility,1,1,['Driver'],['None_Used'],1,1,Invalid,1.0,1.0,32.0,29.0,"['Female', 'Male']",1,0,2,1,5,Dry,Curve,Grade/Hillcrest,Lowest,No