,State_Code,State_Name,Crash_ID,Count_Non_Motorists,Count_Vehicles_Total,Count_Vehicle_Forms,Count_PVH_Involved,Count_Occupants_MV,City_Name,Month_Name,Day_of_Month,Day_of_Week,Crash_Hour,Crash_Minute,Area_Rural_Urban,Road_Functional_Class,On_NHS_Road,Latitude,Longitude,Intersection_Type,Light_Condition,Weather_Condition,Notif_Hour,Notif_Minute,Arrival_Hour,Arrival_Minute,Hospital_Hour,Hospital_Minute,Fatalities_Count,Clean_Light_Condition,Clean_Weather_Condition,Total_Killed,Total_Alive,Fatal_Seats_List,Killed_Restraint_List,Any_Driver_Drinking,Total_Drinking_Drivers,Driver_License_Category,Driver_Max_Prev_Accident_Count,Driver_Max_Prev_Speeding_Count,Max_Driver_Age,Min_Driver_Age,Driver_Sex_List,Total_Exceeding_Limit_Vehicles,Total_Too_Fast_Vehicles,Max_Vehicle_Type_Severity_5,Max_Vehicle_Damage_Rank,Max_Harmful_Event_Severity,Crash_Road_Surface_Condition,Crash_Horizontal_Alignment,Crash_Vertical_Profile,Crash_Impairment_Category,Crash_Vehicle_Defect
31692,48,Texas,480722,0,2,2,0,2,HOUSTON,March,4,Saturday,19,23,Urban,High Speed (Arterial),Yes,29.79786111,-95.34013611,Non-Intersection,Dark - Lighted,Clear,Unknown,Unknown if Notified,Unknown EMS Scene Arrival Hour,Unknown if Arrived,Not Applicable (Not Transported),Not Applicable (Not Transported),1,Dark - Lighted,Clear,1,1,['Driver'],['None_Used'],0,0,Invalid,2.0,1.0,47.0,42.0,"['Male', 'Male']",1,0,5,2,5,Dry,Straight,Level,Lowest,Yes
31693,48,Texas,480723,1,1,1,0,1,GAINESVILLE,March,15,Wednesday,4,16,Urban,High Speed (Arterial),Yes,33.65145556,-97.15567222,Non-Intersection,Dark - Not Lighted,Clear,Unknown,Unknown if Notified,Unknown EMS Scene Arrival Hour,Unknown if Arrived,Not Applicable (Not Transported),Not Applicable (Not Transported),1,Dark - Unlighted,Clear,0,1,[],[],0,0,Valid,0.0,0.0,47.0,47.0,['Male'],0,0,4,2,4,Dry,Curve,Grade/Hillcrest,Lowest,No
31694,48,Texas,480724,0,2,2,0,3,NOT APPLICABLE,March,16,Thursday,7,13,Rural,Medium Speed (Collector),No,31.36066111,-95.53350556,Non-Intersection,Daylight,Cloudy,Unknown,Unknown,Unknown EMS Scene Arrival Hour,Unknown EMS Scene Arrival Minutes,Unknown,Unknown EMS Hospital Arrival Time,1,Daylight,Reduced Visibility,1,2,['Driver'],['Shoulder_Lapbelt'],0,0,Valid,0.0,0.0,43.0,36.0,"['Female', 'Female']",0,0,3,1,5,Dry,Curve,Level,Lowest,No
31695,48,Texas,480725,0,2,2,0,2,NOT APPLICABLE,March,16,Thursday,0,10,Rural,Medium Speed (Collector),Yes,28.19750556,-97.73035278,Non-Intersection,Dark - Not Lighted,Cloudy,Unknown,Unknown,Unknown EMS Scene Arrival Hour,Unknown EMS Scene Arrival Minutes,Unknown,Unknown EMS Hospital Arrival Time,1,Dark - Unlighted,Reduced Visibility,1,1,['Driver'],['Shoulder_Lapbelt'],1,1,Valid,1.0,0.0,44.0,33.0,"['Male', 'Male']",0,0,4,4,5,Dry,Straight,Level,Lowest,No
31696,48,Texas,480726,0,2,2,0,2,NOT APPLICABLE,March,19,Sunday,2,10,Urban,Medium Speed (Collector),No,29.91476667,-95.43697778,Non-Intersection,Dark - Not Lighted,Clear,Unknown,Unknown,Unknown EMS Scene Arrival Hour,Unknown EMS Scene Arrival Minutes,Unknown,Unknown EMS Hospital Arrival Time,1,Dark - Unlighted,Clear,1,1,['Driver'],['Shoulder_Lapbelt'],1,1,Valid,0.0,2.0,33.0,23.0,"['Male', 'Male']",1,0,3,4,3,Dry,Straight,Level,Lowest,No
31697,48,Texas,480727,0,2,2,0,2,WICHITA FALLS,March,16,Thursday,9,43,Urban,High Speed (Arterial),Yes,33.90725,-98.53240278,Complex/Circle,Daylight,Clear,Unknown,Unknown,Unknown EMS Scene Arrival Hour,Unknown EMS Scene Arrival Minutes,Unknown,Unknown EMS Hospital Arrival Time,1,Daylight,Clear,1,1,['Driver'],['Shoulder_Lapbelt'],0,0,Invalid,0.0,0.0,68.0,37.0,"['Male', 'Female']",0,0,3,1,5,Dry,Straight,Level,Lowest,No
31698,48,Texas,480728,0,2,2,0,6,RICHWOOD,March,11,Saturday,20,49,Urban,High Speed (Arterial),Yes,29.0746,-95.410175,Complex/Circle,Dark - Lighted,Clear,Unknown,Unknown,Unknown EMS Scene Arrival Hour,Unknown EMS Scene Arrival Minutes,Unknown,Unknown EMS Hospital Arrival Time,1,Dark - Lighted,Clear,1,5,['Front_Passenger'],['None_Used'],0,0,Valid,0.0,2.0,58.0,32.0,"['Male', 'Female']",0,0,3,1,5,Dry,Straight,Level,Lowest,No
31699,48,Texas,480729,0,2,2,0,2,SAN ANTONIO,March,12,Sunday,13,2,Urban,Medium Speed (Collector),No,29.36996111,-98.38628333,Simple Junction,Daylight,Clear,Unknown,Unknown,Unknown EMS Scene Arrival Hour,Unknown EMS Scene Arrival Minutes,Unknown,Unknown EMS Hospital Arrival Time,1,Daylight,Clear,1,1,['Driver'],['None_Used'],0,0,Valid,0.0,0.0,47.0,30.0,"['Male', 'Female']",1,0,5,4,5,Dry,Straight,Level,Lowest,No
31700,48,Texas,480730,0,1,1,0,2,NOT APPLICABLE,March,24,Friday,21,0,Rural,Medium Speed (Collector),No,33.60875556,-97.09646111,Non-Intersection,Dark - Not Lighted,Cloudy,Unknown,Unknown if Notified,Unknown EMS Scene Arrival Hour,Unknown if Arrived,Not Applicable (Not Transported),Not Applicable (Not Transported),2,Dark - Unlighted,Reduced Visibility,2,0,"['Driver', 'Rear_Seat']","['None_Used', 'None_Used']",1,1,Valid,1.0,0.0,39.0,39.0,['Male'],2,0,5,1,2,Dry,Curve,Level,Lowest,No
31701,48,Texas,480731,0,2,2,0,2,NOT APPLICABLE,March,22,Wednesday,17,20,Rural,High Speed (Arterial),Yes,33.66083333,-101.69860833,Simple Junction,Daylight,Clear,Unknown,Unknown,Unknown EMS Scene Arrival Hour,Unknown EMS Scene Arrival Minutes,Not Applicable (Not Transported),Not Applicable (Not Transported),1,Daylight,Clear,1,1,['Driver'],['Shoulder_Lapbelt'],0,0,Valid,0.0,0.0,75.0,27.0,"['Female', 'Female']",0,0,3,1,5,Dry,Straight,Level,Lowest,No
31702,48,Texas,480732,0,2,2,0,2,SAN MARCOS,March,17,Friday,0,42,Urban,Medium Speed (Collector),No,29.84615556,-97.94062222,Complex/Circle,Dark - Lighted,Clear,Unknown,Unknown,Unknown EMS Scene Arrival Hour,Unknown EMS Scene Arrival Minutes,Not Applicable (Not Transported),Not Applicable (Not Transported),1,Dark - Lighted,Clear,1,1,['Driver'],['Shoulder_Lapbelt'],0,0,Valid,0.0,1.0,27.0,23.0,"['Male', 'Male']",1,0,3,1,5,Dry,Straight,Level,Lowest,No
31703,48,Texas,480733,0,1,1,0,1,MARSHALL,March,19,Sunday,19,13,Urban,Low Speed (Local),No,32.56427778,-94.36938889,Complex/Circle,Dark - Lighted,Clear,Unknown,Unknown if Notified,Unknown EMS Scene Arrival Hour,Unknown if Arrived,Not Applicable (Not Transported),Not Applicable (Not Transported),1,Dark - Lighted,Clear,1,0,['Driver'],['None_Used'],0,0,Invalid,0.0,0.0,16.0,16.0,['Male'],1,0,5,1,3,Dry,Straight,Grade/Hillcrest,Lowest,No
31704,48,Texas,480734,0,5,5,0,5,DALLAS,March,24,Friday,2,25,Urban,High Speed (Arterial),Yes,32.65639722,-96.74445833,Non-Intersection,Dark - Not Lighted,Clear,Unknown,Unknown if Notified,Unknown EMS Scene Arrival Hour,Unknown if Arrived,Not Applicable (Not Transported),Not Applicable (Not Transported),1,Dark - Unlighted,Clear,1,4,['Driver'],['None_Used'],1,1,Invalid,0.0,1.0,58.0,36.0,"['Male', 'Male', 'Male', 'Female', 'Female']",1,0,5,2,5,Dry,Straight,Grade/Hillcrest,Lowest,No
31705,48,Texas,480735,0,2,2,0,2,NOT APPLICABLE,March,15,Wednesday,10,23,Rural,Medium Speed (Collector),No,29.69075556,-98.33222778,Non-Intersection,Daylight,Clear,Unknown,Unknown if Notified,Unknown EMS Scene Arrival Hour,Unknown if Arrived,Not Applicable (Not Transported),Not Applicable (Not Transported),1,Daylight,Clear,1,1,['Driver'],['Shoulder_Lapbelt'],0,0,Valid,1.0,0.0,65.0,36.0,"['Male', 'Female']",0,0,4,1,5,Dry,Curve,Level,Lowest,No
31706,48,Texas,480736,0,1,1,0,1,NOT APPLICABLE,March,15,Wednesday,22,7,Rural,High Speed (Arterial),Yes,35.220575,-101.58483889,Non-Intersection,Dark - Not Lighted,Clear,Unknown,Unknown if Notified,Unknown EMS Scene Arrival Hour,Unknown if Arrived,Not Applicable (Not Transported),Not Applicable (Not Transported),1,Dark - Unlighted,Clear,1,0,['Driver'],['None_Used'],1,1,Invalid,0.0,2.0,25.0,25.0,['Male'],1,0,3,1,3,Dry,Straight,Level,Lowest,No
31707,48,Texas,480737,0,1,1,0,2,NOT APPLICABLE,March,21,Tuesday,11,15,Rural,High Speed (Arterial),No,30.09671667,-95.02330278,Non-Intersection,Daylight,Cloudy,Unknown,Unknown,Unknown EMS Scene Arrival Hour,Unknown EMS Scene Arrival Minutes,Unknown,Unknown EMS Hospital Arrival Time,1,Daylight,Reduced Visibility,1,1,['Rear_Seat'],['None_Used'],0,0,Valid,2.0,1.0,52.0,52.0,['Male'],0,0,2,1,2,Dry,Straight,Level,Medium,No
31708,48,Texas,480738,0,2,2,0,2,NOT APPLICABLE,March,16,Thursday,17,50,Rural,Medium Speed (Collector),No,32.04395,-95.20932778,Simple Junction,Daylight,Rain,Unknown,Unknown,Unknown EMS Scene Arrival Hour,Unknown EMS Scene Arrival Minutes,Unknown,Unknown EMS Hospital Arrival Time,1,Daylight,Rain/Wind/Minor,1,1,['Driver'],['Shoulder_Lapbelt'],0,0,Valid,0.0,0.0,51.0,36.0,"['Male', 'Male']",0,0,3,1,5,Wet/Standing Water,Curve,Grade/Hillcrest,Lowest,No
31709,48,Texas,480739,0,2,2,0,4,NOT APPLICABLE,March,14,Tuesday,15,27,Rural,High Speed (Arterial),Yes,28.35912222,-98.13644444,Non-Intersection,Daylight,Clear,Unknown,Unknown,Unknown EMS Scene Arrival Hour,Unknown EMS Scene Arrival Minutes,Unknown,Unknown EMS Hospital Arrival Time,1,Daylight,Clear,1,3,['Front_Passenger'],['Shoulder_Lapbelt'],0,0,Valid,0.0,1.0,86.0,27.0,"['Female', 'Male']",0,0,3,4,5,Dry,Straight,Non-Trafficway,Lowest,No
31710,48,Texas,480740,0,3,3,0,6,NOT APPLICABLE,March,18,Saturday,12,14,Rural,High Speed (Arterial),Yes,28.971025,-98.00574167,Non-Intersection,Daylight,Rain,Unknown,Unknown,Unknown EMS Scene Arrival Hour,Unknown EMS Scene Arrival Minutes,Unknown,Unknown EMS Hospital Arrival Time,1,Daylight,Rain/Wind/Minor,1,5,['Driver'],['Shoulder_Lapbelt'],0,0,Valid,0.0,0.0,57.0,39.0,"['Male', 'Female', 'Male']",2,0,3,4,5,Wet/Standing Water,Curve,Grade/Hillcrest,Lowest,No
31711,48,Texas,480742,0,1,1,0,1,NOT APPLICABLE,January,24,Tuesday,6,50,Rural,Medium Speed (Collector),No,26.21909444,-97.87911667,Non-Intersection,Dark - Not Lighted,Cloudy,Unknown,Unknown,Unknown EMS Scene Arrival Hour,Unknown EMS Scene Arrival Minutes,Unknown,Unknown EMS Hospital Arrival Time,1,Dark - Unlighted,Reduced Visibility,1,0,['Driver'],['None_Used'],0,0,Valid,1.0,0.0,67.0,67.0,['Male'],0,0,3,1,2,Wet/Standing Water,Straight,Level,Medium,No
31712,48,Texas,480743,0,1,1,0,1,LEWISVILLE,March,23,Thursday,6,41,Urban,High Speed (Arterial),Yes,33.07478889,-97.02179167,Non-Intersection,Dark - Not Lighted,Clear,Unknown,Unknown if Notified,Unknown EMS Scene Arrival Hour,Unknown if Arrived,Not Applicable (Not Transported),Not Applicable (Not Transported),1,Dark - Unlighted,Clear,1,0,['Driver'],['None_Used'],0,0,Valid,2.0,0.0,31.0,31.0,['Male'],1,0,5,1,3,Dry,Straight,Level,Lowest,No
31713,48,Texas,480744,0,2,2,0,2,Other,March,13,Monday,0,2,Urban,Medium Speed (Collector),No,32.64748333,-96.87020833,Non-Intersection,Dark - Lighted,Clear,Unknown,Unknown,Unknown EMS Scene Arrival Hour,Unknown EMS Scene Arrival Minutes,Unknown,Unknown EMS Hospital Arrival Time,1,Dark - Lighted,Clear,1,1,['Driver'],['Shoulder_Lapbelt'],0,0,Invalid,0.0,0.0,43.0,21.0,"['Male', 'Male']",1,0,3,1,5,Dry,Straight,Grade/Hillcrest,Lowest,No
31714,48,Texas,480745,0,1,1,0,1,NOT APPLICABLE,March,26,Sunday,19,54,Rural,High Speed (Arterial),Yes,32.50680833,-96.26202222,Non-Intersection,Dark - Not Lighted,Clear,Unknown,Unknown if Notified,Unknown EMS Scene Arrival Hour,Unknown if Arrived,Not Applicable (Not Transported),Not Applicable (Not Transported),1,Dark - Unlighted,Clear,1,0,['Driver'],['None_Used'],1,1,Valid,1.0,4.0,21.0,21.0,['Male'],0,0,3,1,3,Dry,Straight,Level,Lowest,No
31715,48,Texas,480746,0,1,1,0,1,DALLAS,March,26,Sunday,2,8,Urban,High Speed (Arterial),Yes,32.75943056,-96.80948056,Non-Intersection,Dark - Lighted,Clear,Unknown,Unknown,Unknown EMS Scene Arrival Hour,Unknown EMS Scene Arrival Minutes,Not Applicable (Not Transported),Not Applicable (Not Transported),1,Dark - Lighted,Clear,1,0,['Driver'],['Shoulder_Lapbelt'],1,1,Invalid,0.0,0.0,46.0,46.0,['Male'],0,0,2,1,3,Dry,Curve,Level,Lowest,No
31716,48,Texas,480747,0,2,2,0,4,NOT APPLICABLE,March,15,Wednesday,7,32,Rural,Medium Speed (Collector),No,30.12754444,-97.53434167,Non-Intersection,Dawn,Clear,Unknown,Unknown,Unknown EMS Scene Arrival Hour,Unknown EMS Scene Arrival Minutes,Unknown,Unknown EMS Hospital Arrival Time,1,Twilight,Clear,1,3,['Front_Passenger'],['Shoulder_Lapbelt'],0,0,Valid,0.0,0.0,45.0,32.0,"['Male', 'Female']",0,0,3,1,5,Dry,Curve,Level,Lowest,No
31717,48,Texas,480748,1,1,1,0,1,Other,March,20,Monday,6,9,Urban,Medium Speed (Collector),No,29.51341389,-98.24036111,Non-Intersection,Dark - Not Lighted,Clear,Unknown,Unknown if Notified,Unknown EMS Scene Arrival Hour,Unknown if Arrived,Not Applicable (Not Transported),Not Applicable (Not Transported),1,Dark - Unlighted,Clear,0,1,[],[],0,0,Valid,0.0,0.0,58.0,58.0,['Male'],0,0,3,1,4,Dry,Straight,Level,Lowest,No
31718,48,Texas,480749,0,2,2,0,2,LAREDO,March,21,Tuesday,16,50,Urban,Medium Speed (Collector),No,27.51668889,-99.48966111,Complex/Circle,Daylight,Clear,Unknown,Unknown,Unknown EMS Scene Arrival Hour,Unknown EMS Scene Arrival Minutes,Unknown,Unknown EMS Hospital Arrival Time,1,Daylight,Clear,1,1,['Driver'],['None_Used'],0,0,Invalid,1.0,0.0,52.0,29.0,"['Male', 'Male']",0,0,5,1,5,Dry,Straight,Level,Lowest,No
31719,48,Texas,480750,0,2,2,0,2,NOT APPLICABLE,March,17,Friday,6,11,Rural,Medium Speed (Collector),No,31.91419722,-102.76925833,Simple Junction,Dark - Not Lighted,Clear,Unknown,Unknown if Notified,Unknown EMS Scene Arrival Hour,Unknown if Arrived,Not Applicable (Not Transported),Not Applicable (Not Transported),1,Dark - Unlighted,Clear,1,1,['Driver'],['None_Used'],1,1,Valid,0.0,0.0,60.0,42.0,"['Male', 'Male']",1,0,4,1,5,Dry,Straight,Level,Lowest,No
31720,48,Texas,480751,0,2,2,0,2,NOT APPLICABLE,March,23,Thursday,6,45,Rural,High Speed (Arterial),Yes,32.26927778,-94.86240833,Complex/Circle,Dawn,Cloudy,Unknown,Unknown,Unknown EMS Scene Arrival Hour,Unknown EMS Scene Arrival Minutes,Unknown,Unknown EMS Hospital Arrival Time,1,Twilight,Reduced Visibility,1,1,['Driver'],['Shoulder_Lapbelt'],0,0,Valid,0.0,0.0,45.0,42.0,"['Male', 'Male']",0,0,4,1,5,Dry,Straight,Level,Lowest,No
31721,48,Texas,480752,0,1,1,0,1,NOT APPLICABLE,March,23,Thursday,16,25,Rural,High Speed (Arterial),Yes,30.91378056,-93.92915556,Non-Intersection,Daylight,Cloudy,Unknown,Unknown if Notified,Unknown EMS Scene Arrival Hour,Unknown if Arrived,Not Applicable (Not Transported),Not Applicable (Not Transported),1,Daylight,Reduced Visibility,1,0,['Driver'],['Shoulder_Lapbelt'],1,1,Valid,0.0,2.0,43.0,43.0,['Male'],0,0,3,1,3,Dry,Curve,Level,Lowest,Yes
31722,48,Texas,480753,1,1,1,0,1,HOUSTON,March,13,Monday,6,28,Urban,High Speed (Arterial),Yes,29.63420556,-95.23599444,Non-Intersection,Dark - Not Lighted,Cloudy,Unknown,Unknown if Notified,Unknown EMS Scene Arrival Hour,Unknown if Arrived,Not Applicable (Not Transported),Not Applicable (Not Transported),1,Dark - Unlighted,Reduced Visibility,0,1,[],[],0,0,Valid,0.0,0.0,30.0,30.0,['Female'],0,0,4,1,4,Dry,Straight,Level,Lowest,No
31723,48,Texas,480754,1,2,2,0,2,AUSTIN,February,28,Tuesday,20,20,Urban,Medium Speed (Collector),No,30.36496111,-97.69593611,Complex/Circle,Dark - Lighted,Clear,Unknown,Unknown if Notified,Unknown EMS Scene Arrival Hour,Unknown if Arrived,Not Applicable (Not Transported),Not Applicable (Not Transported),1,Dark - Lighted,Clear,0,2,[],[],0,0,Invalid,0.0,0.0,999.0,29.0,"['Other', 'Female']",0,0,3,0,4,Dry,Straight,Level,Lowest,No
31724,48,Texas,480755,1,2,2,0,2,HOUSTON,March,20,Monday,0,13,Urban,High Speed (Arterial),Yes,29.77358889,-95.23797778,Non-Intersection,Dark - Not Lighted,Clear,Unknown,Unknown if Notified,Unknown EMS Scene Arrival Hour,Unknown if Arrived,Not Applicable (Not Transported),Not Applicable (Not Transported),1,Dark - Unlighted,Clear,0,1,[],[],0,0,Valid,0.0,0.0,999.0,62.0,"['Male', 'Other']",0,0,3,1,4,Dry,Curve,Level,Lowest,No
31725,48,Texas,480756,0,2,2,0,6,NOT APPLICABLE,March,25,Saturday,13,20,Rural,High Speed (Arterial),Yes,29.15567222,-96.33372222,Simple Junction,Daylight,Clear,Unknown,Unknown,Unknown EMS Scene Arrival Hour,Unknown EMS Scene Arrival Minutes,Unknown,Unknown EMS Hospital Arrival Time,1,Daylight,Clear,1,5,['Driver'],['Shoulder_Lapbelt'],0,0,Valid,0.0,0.0,84.0,32.0,"['Female', 'Female']",0,0,3,1,5,Dry,Straight,Level,Lowest,No
31726,48,Texas,480757,0,2,2,0,3,Other,March,16,Thursday,21,23,Urban,Medium Speed (Collector),No,30.306475,-97.977975,Non-Intersection,Dark - Not Lighted,Rain,Unknown,Unknown,Unknown EMS Scene Arrival Hour,Unknown EMS Scene Arrival Minutes,Unknown,Unknown EMS Hospital Arrival Time,1,Dark - Unlighted,Rain/Wind/Minor,1,2,['Driver'],['Shoulder_Lapbelt'],0,0,Valid,1.0,1.0,72.0,29.0,"['Male', 'Male']",0,0,3,1,5,Dry,Straight,Non-Trafficway,Lowest,No
31727,48,Texas,480758,0,1,1,0,1,RHOME,March,10,Friday,7,13,Urban,High Speed (Arterial),Yes,33.05848333,-97.47789722,Non-Intersection,Daylight,Clear,Unknown,Unknown,Unknown EMS Scene Arrival Hour,Unknown EMS Scene Arrival Minutes,Unknown,Unknown EMS Hospital Arrival Time,1,Daylight,Clear,1,0,['Driver'],['None_Used'],0,0,Valid,2.0,0.0,55.0,55.0,['Male'],0,0,5,1,3,Dry,Curve,Grade/Hillcrest,Lowest,No
31728,48,Texas,480759,1,1,1,0,1,HOUSTON,February,23,Thursday,19,38,Urban,Medium Speed (Collector),No,29.85972222,-95.34995,Non-Intersection,Dark - Lighted,Cloudy,Unknown,Unknown if Notified,Unknown EMS Scene Arrival Hour,Unknown if Arrived,Not Applicable (Not Transported),Not Applicable (Not Transported),1,Dark - Lighted,Reduced Visibility,0,1,[],[],0,0,Valid,0.0,0.0,52.0,52.0,['Male'],0,0,3,0,4,Dry,Straight,Level,Lowest,No
31729,48,Texas,480760,0,1,1,0,1,FORT WORTH,March,28,Tuesday,5,0,Urban,Medium Speed (Collector),No,32.71711667,-97.35210833,Non-Intersection,Dark - Lighted,Clear,Unknown,Unknown,Unknown EMS Scene Arrival Hour,Unknown EMS Scene Arrival Minutes,Unknown,Unknown EMS Hospital Arrival Time,1,Dark - Lighted,Clear,1,0,['Driver'],['Shoulder_Lapbelt'],1,1,Valid,0.0,0.0,29.0,29.0,['Male'],1,0,3,1,2,Dry,Curve,Level,Lowest,No
31730,48,Texas,480761,1,1,1,0,1,AUSTIN,March,24,Friday,23,43,Urban,Medium Speed (Collector),No,30.21143611,-97.77913056,Non-Intersection,Dark - Lighted,Clear,Unknown,Unknown,Unknown EMS Scene Arrival Hour,Unknown EMS Scene Arrival Minutes,Unknown,Unknown EMS Hospital Arrival Time,1,Dark - Lighted,Clear,0,1,[],[],0,0,Valid,0.0,0.0,23.0,23.0,['Female'],0,0,2,1,4,Dry,Curve,Level,Lowest,No
31731,48,Texas,480762,2,4,2,2,2,EL PASO,March,28,Tuesday,13,22,Urban,High Speed (Arterial),No,31.76888611,-106.31773056,Simple Junction,Daylight,Clear,Unknown,Unknown,Unknown EMS Scene Arrival Hour,Unknown EMS Scene Arrival Minutes,Unknown,Unknown EMS Hospital Arrival Time,1,Daylight,Clear,0,2,[],[],0,0,Valid,0.0,0.0,84.0,18.0,"['Female', 'Female']",0,0,2,1,5,Dry,Straight,Level,Lowest,No
31732,48,Texas,480763,0,1,1,0,1,LEAGUE CITY,March,29,Wednesday,0,22,Urban,High Speed (Arterial),Yes,29.46476667,-95.08996111,Non-Intersection,Dark - Lighted,Clear,Unknown,Unknown if Notified,Unknown EMS Scene Arrival Hour,Unknown if Arrived,Not Applicable (Not Transported),Not Applicable (Not Transported),1,Dark - Lighted,Clear,1,0,['Driver'],['None_Used'],1,1,Invalid,0.0,0.0,39.0,39.0,['Male'],1,0,5,1,3,Dry,Straight,Level,Lowest,No
31733,48,Texas,480764,0,1,1,0,1,HOUSTON,February,19,Sunday,15,51,Urban,High Speed (Arterial),Yes,29.813825,-95.35280833,Non-Intersection,Daylight,Clear,Unknown,Unknown if Notified,Unknown EMS Scene Arrival Hour,Unknown if Arrived,Not Applicable (Not Transported),Not Applicable (Not Transported),1,Daylight,Clear,1,0,['Driver'],['None_Used'],0,0,Valid,0.0,0.0,16.0,16.0,['Male'],0,0,5,1,3,Dry,Curve,Grade/Hillcrest,Lowest,No
31734,48,Texas,480765,1,2,2,0,3,HUMBLE,March,22,Wednesday,22,47,Urban,High Speed (Arterial),No,30.00494722,-95.27701111,Non-Intersection,Dark - Not Lighted,Cloudy,Unknown,Unknown if Notified,Unknown EMS Scene Arrival Hour,Unknown if Arrived,Not Applicable (Not Transported),Not Applicable (Not Transported),1,Dark - Unlighted,Reduced Visibility,0,2,[],[],0,0,Invalid,0.0,0.0,999.0,25.0,"['Other', 'Female']",1,0,3,2,4,Dry,Straight,Level,Lowest,No
31735,48,Texas,480766,0,2,2,0,4,NOT APPLICABLE,March,9,Thursday,9,58,Rural,High Speed (Arterial),Yes,29.38415278,-100.81973611,Complex/Circle,Daylight,Cloudy,Unknown,Unknown,Unknown EMS Scene Arrival Hour,Unknown EMS Scene Arrival Minutes,Unknown,Unknown EMS Hospital Arrival Time,1,Daylight,Reduced Visibility,1,3,['Rear_Seat'],['None_Used'],0,0,Valid,0.0,0.0,39.0,21.0,"['Male', 'Male']",0,0,3,1,5,Dry,Straight,Level,Lowest,No
31736,48,Texas,480767,0,2,2,0,2,NOT APPLICABLE,March,26,Sunday,18,15,Rural,Medium Speed (Collector),No,32.75846389,-95.515875,Non-Intersection,Daylight,Clear,Unknown,Unknown,Unknown EMS Scene Arrival Hour,Unknown EMS Scene Arrival Minutes,Unknown,Unknown EMS Hospital Arrival Time,2,Daylight,Clear,2,0,"['Driver', 'Driver']","['Shoulder_Lapbelt', 'Shoulder_Lapbelt']",0,0,Valid,0.0,0.0,69.0,17.0,"['Female', 'Female']",0,0,3,1,5,Dry,Straight,Level,Lowest,No
31737,48,Texas,480768,1,1,1,0,2,SAN ANTONIO,March,25,Saturday,1,25,Urban,Medium Speed (Collector),No,29.40985,-98.49637778,Simple Junction,Dark - Lighted,Clear,Unknown,Unknown if Notified,Unknown EMS Scene Arrival Hour,Unknown if Arrived,Not Applicable (Not Transported),Not Applicable (Not Transported),1,Dark - Lighted,Clear,0,2,[],[],0,0,Valid,0.0,1.0,29.0,29.0,['Male'],2,0,2,1,4,Dry,Curve,Level,Lowest,No
31738,48,Texas,480769,1,1,1,0,1,SAN ANTONIO,March,25,Saturday,21,37,Urban,High Speed (Arterial),No,29.40445,-98.55703611,Non-Intersection,Dark - Not Lighted,Cloudy,Unknown,Unknown,Unknown EMS Scene Arrival Hour,Unknown EMS Scene Arrival Minutes,Not Applicable (Not Transported),Not Applicable (Not Transported),1,Dark - Unlighted,Reduced Visibility,0,1,[],[],0,0,Invalid,0.0,1.0,53.0,53.0,['Male'],0,0,3,2,4,Dry,Straight,Level,Lowest,No
31739,48,Texas,480770,0,2,2,0,2,HOUSTON,March,7,Tuesday,14,33,Urban,High Speed (Arterial),Yes,29.74629167,-95.55769722,Non-Intersection,Daylight,Clear,Unknown,Unknown,Unknown EMS Scene Arrival Hour,Unknown EMS Scene Arrival Minutes,Not Applicable (Not Transported),Not Applicable (Not Transported),1,Daylight,Clear,1,1,['Driver'],['Shoulder_Lapbelt'],1,1,Invalid,2.0,0.0,40.0,31.0,"['Female', 'Male']",1,0,4,1,5,Dry,Straight,Level,Lowest,No
31740,48,Texas,480771,0,2,2,0,3,ATASCOSA,March,15,Wednesday,11,0,Rural,Low Speed (Local),No,29.25909167,-98.79011389,Non-Intersection,Daylight,Cloudy,Unknown,Unknown,Unknown EMS Scene Arrival Hour,Unknown EMS Scene Arrival Minutes,Unknown,Unknown EMS Hospital Arrival Time,1,Daylight,Reduced Visibility,1,2,['Driver'],['None_Used'],0,0,Valid,0.0,0.0,28.0,23.0,"['Female', 'Male']",2,0,3,3,5,Dry,Straight,Level,Lowest,No
31741,48,Texas,480772,0,2,2,0,2,SUNNYVALE,March,26,Sunday,13,23,Urban,Medium Speed (Collector),No,32.81580278,-96.55953056,Non-Intersection,Daylight,Clear,Unknown,Unknown,Unknown EMS Scene Arrival Hour,Unknown EMS Scene Arrival Minutes,Unknown,Unknown EMS Hospital Arrival Time,1,Daylight,Clear,1,1,['Driver'],['None_Used'],0,0,Valid,0.0,0.0,43.0,22.0,"['Male', 'Female']",0,0,3,1,5,Dry,Straight,Level,Lowest,No