,State_Code,State_Name,Crash_ID,Count_Non_Motorists,Count_Vehicles_Total,Count_Vehicle_Forms,Count_PVH_Involved,Count_Occupants_MV,City_Name,Month_Name,Day_of_Month,Day_of_Week,Crash_Hour,Crash_Minute,Area_Rural_Urban,Road_Functional_Class,On_NHS_Road,Latitude,Longitude,Intersection_Type,Light_Condition,Weather_Condition,Notif_Hour,Notif_Minute,Arrival_Hour,Arrival_Minute,Hospital_Hour,Hospital_Minute,Fatalities_Count,Clean_Light_Condition,Clean_Weather_Condition,Total_Killed,Total_Alive,Fatal_Seats_List,Killed_Restraint_List,Any_Driver_Drinking,Total_Drinking_Drivers,Driver_License_Category,Driver_Max_Prev_Accident_Count,Driver_Max_Prev_Speeding_Count,Max_Driver_Age,Min_Driver_Age,Driver_Sex_List,Total_Exceeding_Limit_Vehicles,Total_Too_Fast_Vehicles,Max_Vehicle_Type_Severity_5,Max_Vehicle_Damage_Rank,Max_Harmful_Event_Severity,Crash_Road_Surface_Condition,Crash_Horizontal_Alignment,Crash_Vertical_Profile,Crash_Impairment_Category,Crash_Vehicle_Defect
31742,48,Texas,480773,0,1,1,0,3,NOT APPLICABLE,March,28,Tuesday,8,7,Rural,Medium Speed (Collector),No,27.57637778,-97.72315,Non-Intersection,Daylight,Rain,Unknown,Unknown,Unknown EMS Scene Arrival Hour,Unknown EMS Scene Arrival Minutes,Unknown,Unknown EMS Hospital Arrival Time,1,Daylight,Rain/Wind/Minor,1,2,['Front_Passenger'],['None_Used'],0,0,Invalid,0.0,0.0,39.0,39.0,['Male'],3,0,3,1,3,Wet/Standing Water,Curve,Level,Lowest,No
31743,48,Texas,480775,0,2,2,0,3,DALLAS,March,3,Friday,3,46,Urban,Medium Speed (Collector),No,32.83672222,-96.82200833,Complex/Circle,Dark - Not Lighted,Rain,Unknown,Unknown,Unknown EMS Scene Arrival Hour,Unknown EMS Scene Arrival Minutes,Unknown,Unknown EMS Hospital Arrival Time,1,Dark - Unlighted,Rain/Wind/Minor,1,2,['Driver'],['Shoulder_Lapbelt'],0,0,Valid,0.0,0.0,54.0,46.0,"['Female', 'Male']",0,0,3,1,5,Wet/Standing Water,Straight,Level,Lowest,No
31744,48,Texas,480776,2,3,3,0,1,SAN ANTONIO,March,30,Thursday,22,15,Urban,Medium Speed (Collector),No,29.488125,-98.49361389,Non-Intersection,Dark - Lighted,Clear,Unknown,Unknown,Unknown EMS Scene Arrival Hour,Unknown EMS Scene Arrival Minutes,Unknown,Unknown EMS Hospital Arrival Time,1,Dark - Lighted,Clear,0,1,[],[],0,0,Invalid,0.0,1.0,24.0,24.0,['Male'],0,0,3,2,5,Dry,Straight,Level,Lowest,Yes
31745,48,Texas,480777,0,2,2,0,3,SAN ANTONIO,March,29,Wednesday,19,32,Urban,Medium Speed (Collector),No,29.46649167,-98.49553611,Complex/Circle,Dusk,Clear,Unknown,Unknown if Notified,Unknown EMS Scene Arrival Hour,Unknown if Arrived,Not Applicable (Not Transported),Not Applicable (Not Transported),1,Twilight,Clear,1,2,['Driver'],['None_Used'],1,1,Valid,0.0,0.0,59.0,39.0,"['Male', 'Male']",1,0,3,4,5,Dry,Straight,Level,Lowest,No
31746,48,Texas,480778,0,2,2,0,3,NOT APPLICABLE,March,21,Tuesday,21,40,Urban,Medium Speed (Collector),No,32.69126111,-96.45953611,Non-Intersection,Dark - Not Lighted,Rain,Unknown,Unknown,Unknown EMS Scene Arrival Hour,Unknown EMS Scene Arrival Minutes,Unknown,Unknown EMS Hospital Arrival Time,1,Dark - Unlighted,Rain/Wind/Minor,1,2,['Driver'],['None_Used'],0,0,Valid,0.0,0.0,27.0,21.0,"['Female', 'Female']",2,0,3,1,5,Wet/Standing Water,Curve,Level,Lowest,No
31747,48,Texas,480779,1,1,1,0,3,AMARILLO,March,23,Thursday,22,28,Urban,High Speed (Arterial),Yes,35.22204722,-101.87544722,Non-Intersection,Dark - Lighted,Rain,Unknown,Unknown,Unknown EMS Scene Arrival Hour,Unknown EMS Scene Arrival Minutes,Not Applicable (Not Transported),Not Applicable (Not Transported),1,Dark - Lighted,Rain/Wind/Minor,0,3,[],[],0,0,Valid,0.0,0.0,20.0,20.0,['Male'],3,0,2,1,4,Wet/Standing Water,Straight,Level,Lowest,No
31748,48,Texas,480780,1,1,1,0,1,PLANO,March,27,Monday,6,51,Urban,High Speed (Arterial),Yes,33.05013611,-96.79450833,Complex/Circle,Dark - Lighted,Cloudy,Unknown,Unknown,Unknown EMS Scene Arrival Hour,Unknown EMS Scene Arrival Minutes,Unknown,Unknown EMS Hospital Arrival Time,1,Dark - Lighted,Reduced Visibility,0,1,[],[],0,0,Invalid,0.0,0.0,38.0,38.0,['Male'],0,0,3,2,4,Dry,Straight,Grade/Hillcrest,Lowest,No
31749,48,Texas,480781,0,3,3,0,3,AMARILLO,March,29,Wednesday,9,25,Urban,High Speed (Arterial),Yes,35.19352222,-101.69321944,Non-Intersection,Daylight,Clear,Unknown,Unknown,Unknown EMS Scene Arrival Hour,Unknown EMS Scene Arrival Minutes,Unknown,Unknown EMS Hospital Arrival Time,1,Daylight,Clear,1,2,['Driver'],['Shoulder_Lapbelt'],0,0,Valid,0.0,0.0,72.0,42.0,"['Female', 'Female', 'Male']",0,0,4,1,5,Dry,Straight,Level,Lowest,No
31750,48,Texas,480782,0,1,1,0,1,NOT APPLICABLE,March,29,Wednesday,13,59,Rural,Medium Speed (Collector),No,30.74005833,-98.42165,Non-Intersection,Daylight,Clear,Unknown,Unknown,Unknown EMS Scene Arrival Hour,Unknown EMS Scene Arrival Minutes,Not Applicable (Not Transported),Not Applicable (Not Transported),1,Daylight,Clear,1,0,['Driver'],['None_Used'],0,0,Invalid,0.0,0.0,26.0,26.0,['Female'],1,0,3,4,3,Dry,Curve,Level,Lowest,No
31751,48,Texas,480783,0,1,1,0,1,NOT APPLICABLE,March,20,Monday,0,48,Rural,Medium Speed (Collector),No,33.32721667,-97.46158056,Non-Intersection,Dark - Not Lighted,Clear,Unknown,Unknown if Notified,Unknown EMS Scene Arrival Hour,Unknown if Arrived,Not Applicable (Not Transported),Not Applicable (Not Transported),1,Dark - Unlighted,Clear,1,0,['Driver'],['Shoulder_Lapbelt'],1,1,Valid,1.0,0.0,22.0,22.0,['Male'],0,0,3,1,2,Dry,Straight,Level,Medium,No
31752,48,Texas,480784,1,1,1,0,1,LUBBOCK,March,24,Friday,23,24,Urban,Medium Speed (Collector),No,33.57770556,-102.01275833,Non-Intersection,Dark - Not Lighted,Clear,Unknown,Unknown,Unknown EMS Scene Arrival Hour,Unknown EMS Scene Arrival Minutes,Not Applicable (Not Transported),Not Applicable (Not Transported),1,Dark - Unlighted,Clear,0,1,[],[],1,1,Valid,0.0,0.0,22.0,22.0,['Male'],0,0,3,3,4,Dry,Straight,Level,Lowest,Yes
31753,48,Texas,480785,1,2,2,0,2,EL PASO,March,29,Wednesday,19,51,Urban,High Speed (Arterial),Yes,31.76554167,-106.48319722,Non-Intersection,Daylight,Clear,Unknown,Unknown if Notified,Unknown EMS Scene Arrival Hour,Unknown if Arrived,Not Applicable (Not Transported),Not Applicable (Not Transported),1,Daylight,Clear,0,2,[],[],0,0,Valid,0.0,0.0,54.0,28.0,"['Male', 'Female']",0,0,3,1,4,Dry,Straight,Level,Lowest,No
31754,48,Texas,480786,0,1,1,0,1,NOT APPLICABLE,March,23,Thursday,16,16,Urban,Low Speed (Local),No,30.00721111,-95.58554444,Non-Intersection,Daylight,Cloudy,Unknown,Unknown if Notified,Unknown EMS Scene Arrival Hour,Unknown if Arrived,Not Applicable (Not Transported),Not Applicable (Not Transported),1,Daylight,Reduced Visibility,1,0,['Driver'],['None_Used'],0,0,Valid,0.0,0.0,25.0,25.0,['Male'],0,0,5,1,2,Dry,Straight,Level,Lowest,No
31755,48,Texas,480787,1,1,1,0,2,SAN ANTONIO,March,25,Saturday,14,49,Urban,Medium Speed (Collector),No,29.53288889,-98.38925556,Complex/Circle,Daylight,Clear,Unknown,Unknown,Unknown EMS Scene Arrival Hour,Unknown EMS Scene Arrival Minutes,Unknown,Unknown EMS Hospital Arrival Time,1,Daylight,Clear,0,2,[],[],0,0,Valid,0.0,0.0,80.0,80.0,['Male'],0,0,3,2,4,Dry,Straight,Level,Lowest,No
31756,48,Texas,480788,0,1,1,0,2,NOT APPLICABLE,March,23,Thursday,23,55,Rural,Medium Speed (Collector),No,30.50116389,-95.27789167,Non-Intersection,Dark - Lighted,Cloudy,Unknown,Unknown if Notified,Unknown EMS Scene Arrival Hour,Unknown if Arrived,Not Applicable (Not Transported),Not Applicable (Not Transported),1,Dark - Lighted,Reduced Visibility,1,1,['Front_Passenger'],['Shoulder_Lapbelt'],0,0,Invalid,0.0,0.0,37.0,37.0,['Male'],2,0,2,1,3,Dry,Straight,Level,Lowest,No
31757,48,Texas,480790,0,1,1,0,1,LUFKIN,April,2,Sunday,0,23,Urban,Medium Speed (Collector),No,31.32068333,-94.76522778,Non-Intersection,Dark - Lighted,Clear,Unknown,Unknown,Unknown EMS Scene Arrival Hour,Unknown EMS Scene Arrival Minutes,Not Applicable (Not Transported),Not Applicable (Not Transported),1,Dark - Lighted,Clear,1,0,['Driver'],['None_Used'],1,1,Valid,0.0,0.0,23.0,23.0,['Male'],1,0,3,1,3,Dry,Straight,Grade/Hillcrest,Lowest,No
31758,48,Texas,480791,0,1,1,0,1,Other,March,30,Thursday,11,7,Rural,Medium Speed (Collector),No,30.47251944,-97.96311667,Non-Intersection,Daylight,Rain,Unknown,Unknown if Notified,Unknown EMS Scene Arrival Hour,Unknown if Arrived,Not Applicable (Not Transported),Not Applicable (Not Transported),1,Daylight,Rain/Wind/Minor,1,0,['Driver'],['None_Used'],0,0,Invalid,0.0,0.0,25.0,25.0,['Male'],1,0,3,1,3,Wet/Standing Water,Curve,Grade/Hillcrest,Lowest,No
31759,48,Texas,480792,0,4,4,0,4,ODESSA,March,28,Tuesday,19,55,Urban,High Speed (Arterial),Yes,31.89476111,-102.32626944,Complex/Circle,Daylight,Clear,Unknown,Unknown,Unknown EMS Scene Arrival Hour,Unknown EMS Scene Arrival Minutes,Unknown,Unknown EMS Hospital Arrival Time,1,Daylight,Clear,1,3,['Driver'],['None_Used'],0,0,Valid,0.0,2.0,27.0,22.0,"['Female', 'Male', 'Male', 'Male']",3,0,5,2,5,Dry,Straight,Level,Lowest,No
31760,48,Texas,480793,0,1,1,0,1,HARKER HEIGHTS,March,21,Tuesday,22,36,Urban,Medium Speed (Collector),No,31.05576944,-97.60012778,Non-Intersection,Dark - Not Lighted,Cloudy,Unknown,Unknown if Notified,Unknown EMS Scene Arrival Hour,Unknown if Arrived,Not Applicable (Not Transported),Not Applicable (Not Transported),1,Dark - Unlighted,Reduced Visibility,1,0,['Driver'],['None_Used'],1,1,Valid,0.0,0.0,27.0,27.0,['Male'],0,0,3,1,3,Wet/Standing Water,Curve,Level,Lowest,No
31761,48,Texas,480794,0,2,2,0,6,COLLEGE STATION,March,24,Friday,2,40,Urban,High Speed (Arterial),Yes,30.57128056,-96.31086944,Complex/Circle,Dark - Lighted,Clear,Unknown,Unknown if Notified,Unknown EMS Scene Arrival Hour,Unknown if Arrived,Not Applicable (Not Transported),Not Applicable (Not Transported),1,Dark - Lighted,Clear,1,5,['Driver'],['None_Used'],1,1,Valid,0.0,0.0,21.0,20.0,"['Male', 'Male']",1,0,5,4,5,Dry,Straight,Level,Lowest,No
31762,48,Texas,480795,0,3,3,0,5,FARMERSVILLE,April,1,Saturday,7,41,Rural,High Speed (Arterial),Yes,33.15955556,-96.40852222,Non-Intersection,Daylight,Clear,Unknown,Unknown,Unknown EMS Scene Arrival Hour,Unknown EMS Scene Arrival Minutes,Unknown,Unknown EMS Hospital Arrival Time,1,Daylight,Clear,1,4,['Driver'],['None_Used'],1,1,Valid,0.0,1.0,43.0,21.0,"['Male', 'Male', 'Male']",1,0,3,1,5,Dry,Straight,Grade/Hillcrest,Lowest,No
31763,48,Texas,480796,0,3,3,0,4,GRAND PRAIRIE,March,24,Friday,6,40,Urban,High Speed (Arterial),Yes,32.72185,-96.99403333,Non-Intersection,Dark - Lighted,Rain,6:00am-6:59am,42,6:00am-6:59am,47,7:00am-7:59am,17,1,Dark - Lighted,Rain/Wind/Minor,1,3,['Front_Passenger'],['None_Used'],1,1,Invalid,2.0,0.0,55.0,29.0,"['Male', 'Male', 'Male']",0,0,3,2,5,Wet/Standing Water,Straight,Level,Lowest,No
31764,48,Texas,480797,0,2,2,0,7,TYLER,April,2,Sunday,18,30,Urban,High Speed (Arterial),Yes,32.32574444,-95.34119722,Non-Intersection,Dusk,Cloudy,Unknown,Unknown,Unknown EMS Scene Arrival Hour,Unknown EMS Scene Arrival Minutes,Unknown,Unknown EMS Hospital Arrival Time,1,Twilight,Reduced Visibility,1,6,['Front_Passenger'],['Shoulder_Lapbelt'],0,0,Invalid,0.0,0.0,67.0,22.0,"['Male', 'Male']",0,0,3,1,5,Wet/Standing Water,Straight,Grade/Hillcrest,Lowest,No
31765,48,Texas,480798,0,2,2,0,2,HUDSON,March,30,Thursday,13,49,Urban,Medium Speed (Collector),No,31.32556944,-94.79369722,Non-Intersection,Daylight,Clear,Unknown,Unknown,Unknown EMS Scene Arrival Hour,Unknown EMS Scene Arrival Minutes,Unknown,Unknown EMS Hospital Arrival Time,1,Daylight,Clear,1,1,['Driver'],['None_Used'],0,0,Valid,0.0,1.0,56.0,33.0,"['Male', 'Male']",0,0,5,4,5,Dry,Straight,Non-Trafficway,Lowest,No
31766,48,Texas,480799,1,1,1,0,1,NOT APPLICABLE,April,2,Sunday,7,0,Rural,High Speed (Arterial),Yes,33.64898889,-101.72898889,Non-Intersection,Dark - Not Lighted,Clear,Unknown,Unknown if Notified,Unknown EMS Scene Arrival Hour,Unknown if Arrived,Not Applicable (Not Transported),Not Applicable (Not Transported),1,Dark - Unlighted,Clear,0,1,[],[],0,0,Valid,0.0,1.0,22.0,22.0,['Male'],0,0,3,2,4,Dry,Straight,Level,Lowest,No
31767,48,Texas,480800,0,2,2,0,2,NOT APPLICABLE,March,20,Monday,14,32,Rural,Low Speed (Local),No,30.44762778,-95.66023333,Non-Intersection,Daylight,Clear,Unknown,Unknown if Notified,Unknown EMS Scene Arrival Hour,Unknown if Arrived,Not Applicable (Not Transported),Not Applicable (Not Transported),1,Daylight,Clear,1,1,['Driver'],['Shoulder_Lapbelt'],0,0,Valid,0.0,0.0,62.0,48.0,"['Male', 'Male']",1,0,3,1,5,Dry,Curve,Level,Lowest,No
31768,48,Texas,480801,0,2,2,0,6,NOT APPLICABLE,March,25,Saturday,1,11,Rural,Low Speed (Local),No,27.93855833,-97.35438056,Non-Intersection,Dark - Not Lighted,Clear,Unknown,Unknown,Unknown EMS Scene Arrival Hour,Unknown EMS Scene Arrival Minutes,Unknown,Unknown EMS Hospital Arrival Time,1,Dark - Unlighted,Clear,1,5,['Driver'],['None_Used'],1,1,Valid,0.0,0.0,60.0,41.0,"['Male', 'Male']",0,0,3,1,5,Dry,Straight,Level,Lowest,No
31769,48,Texas,480802,0,1,1,0,2,NOT APPLICABLE,March,24,Friday,12,44,Rural,Medium Speed (Collector),No,29.7417,-99.60925,Non-Intersection,Daylight,Clear,Unknown,Unknown if Notified,Unknown EMS Scene Arrival Hour,Unknown if Arrived,Not Applicable (Not Transported),Not Applicable (Not Transported),2,Daylight,Clear,2,0,"['Driver', 'Rear_Seat']","['None_Used', 'None_Used']",0,0,Valid,0.0,0.0,73.0,73.0,['Male'],2,0,5,1,2,Dry,Curve,Grade/Hillcrest,Lowest,No
31770,48,Texas,480803,0,2,2,0,2,NOT APPLICABLE,March,26,Sunday,6,11,Rural,High Speed (Arterial),Yes,27.77562222,-98.28615556,Non-Intersection,Dark - Not Lighted,Cloudy,Unknown,Unknown,Unknown EMS Scene Arrival Hour,Unknown EMS Scene Arrival Minutes,Unknown,Unknown EMS Hospital Arrival Time,1,Dark - Unlighted,Reduced Visibility,1,1,['Driver'],['Shoulder_Lapbelt'],1,1,Valid,0.0,0.0,35.0,25.0,"['Male', 'Male']",0,0,4,4,5,Dry,Straight,Level,Lowest,No
31771,48,Texas,480804,0,1,1,0,1,NOT APPLICABLE,March,30,Thursday,8,25,Rural,Medium Speed (Collector),No,29.17760556,-96.64978889,Non-Intersection,Daylight,Clear,Unknown,Unknown if Notified,Unknown EMS Scene Arrival Hour,Unknown if Arrived,Not Applicable (Not Transported),Not Applicable (Not Transported),1,Daylight,Clear,1,0,['Driver'],['Shoulder_Lapbelt'],0,0,Valid,0.0,1.0,63.0,63.0,['Male'],0,0,3,1,3,Dry,Curve,Level,Lowest,No
31772,48,Texas,480805,0,1,1,0,1,NOT APPLICABLE,March,31,Friday,22,33,Rural,Medium Speed (Collector),No,30.43471389,-95.73855556,Non-Intersection,Dark - Not Lighted,Clear,Unknown,Unknown if Notified,Unknown EMS Scene Arrival Hour,Unknown if Arrived,Not Applicable (Not Transported),Not Applicable (Not Transported),1,Dark - Unlighted,Clear,1,0,['Driver'],['None_Used'],1,1,Valid,0.0,0.0,41.0,41.0,['Male'],1,0,5,1,3,Dry,Curve,Level,Lowest,No
31773,48,Texas,480806,0,1,1,0,1,NOT APPLICABLE,March,30,Thursday,20,42,Rural,Medium Speed (Collector),No,32.440025,-94.77841944,Non-Intersection,Dark - Not Lighted,Cloudy,Unknown,Unknown,Unknown EMS Scene Arrival Hour,Unknown EMS Scene Arrival Minutes,Unknown,Unknown EMS Hospital Arrival Time,1,Dark - Unlighted,Reduced Visibility,1,0,['Driver'],['None_Used'],1,1,Invalid,0.0,0.0,44.0,44.0,['Male'],1,0,2,1,2,Dry,Curve,Level,Lowest,No
31774,48,Texas,480807,0,2,2,0,4,HOUSTON,March,11,Saturday,1,26,Urban,High Speed (Arterial),No,29.87093611,-95.33791389,Complex/Circle,Dark - Lighted,Clear,Unknown,Unknown,Unknown EMS Scene Arrival Hour,Unknown EMS Scene Arrival Minutes,Unknown,Unknown EMS Hospital Arrival Time,1,Dark - Lighted,Clear,1,3,['Rear_Seat'],['None_Used'],0,0,Invalid,0.0,0.0,35.0,19.0,"['Male', 'Female']",0,0,3,1,5,Dry,Straight,Level,Lowest,No
31775,48,Texas,480808,0,1,1,0,1,NOT APPLICABLE,March,30,Thursday,18,7,Urban,Medium Speed (Collector),No,29.59431667,-95.20785556,Non-Intersection,Daylight,Cloudy,Unknown,Unknown if Notified,Unknown EMS Scene Arrival Hour,Unknown if Arrived,Not Applicable (Not Transported),Not Applicable (Not Transported),1,Daylight,Reduced Visibility,1,0,['Driver'],['None_Used'],0,0,Invalid,0.0,0.0,49.0,49.0,['Male'],0,0,3,1,3,Dry,Straight,Level,Lowest,No
31776,48,Texas,480809,0,1,1,0,1,NOT APPLICABLE,April,1,Saturday,20,30,Urban,Medium Speed (Collector),No,30.0366,-95.79837222,Non-Intersection,Dark - Not Lighted,Clear,Unknown,Unknown,Unknown EMS Scene Arrival Hour,Unknown EMS Scene Arrival Minutes,Unknown,Unknown EMS Hospital Arrival Time,1,Dark - Unlighted,Clear,1,0,['Driver'],['None_Used'],0,0,Valid,1.0,0.0,24.0,24.0,['Male'],0,0,5,1,2,Dry,Curve,Level,Lowest,No
31777,48,Texas,480810,1,2,1,1,1,HOUSTON,March,12,Sunday,4,19,Urban,Low Speed (Local),No,29.72791667,-95.49185833,Non-Intersection,Dark - Lighted,Clear,Unknown,Unknown,Unknown EMS Scene Arrival Hour,Unknown EMS Scene Arrival Minutes,Not Applicable (Not Transported),Not Applicable (Not Transported),1,Dark - Lighted,Clear,0,0,[],[],0,0,Invalid,0.0,0.0,999.0,999.0,['Other'],1,0,2,0,4,Dry,Curve,Level,Lowest,No
31778,48,Texas,480811,0,2,2,0,3,NOT APPLICABLE,March,16,Thursday,16,42,Urban,Medium Speed (Collector),No,29.66569444,-95.68289444,Simple Junction,Daylight,Cloudy,Unknown,Unknown,Unknown EMS Scene Arrival Hour,Unknown EMS Scene Arrival Minutes,Unknown,Unknown EMS Hospital Arrival Time,1,Daylight,Reduced Visibility,1,2,['Front_Passenger'],['Shoulder_Lapbelt'],1,1,Valid,0.0,0.0,51.0,23.0,"['Female', 'Female']",0,0,3,1,5,Dry,Straight,Level,Lowest,No
31779,48,Texas,480812,1,1,1,0,2,ROCKPORT,March,21,Tuesday,22,0,Rural,Medium Speed (Collector),No,27.98367222,-97.08504167,Non-Intersection,Dark - Not Lighted,Clear,Unknown,Unknown if Notified,Unknown EMS Scene Arrival Hour,Unknown if Arrived,Not Applicable (Not Transported),Not Applicable (Not Transported),1,Dark - Unlighted,Clear,0,2,[],[],1,1,Valid,0.0,0.0,61.0,61.0,['Male'],0,0,3,1,4,Wet/Standing Water,Straight,Level,Lowest,No
31780,48,Texas,480813,0,2,2,0,5,NOT APPLICABLE,March,22,Wednesday,15,10,Rural,High Speed (Arterial),Yes,31.96104722,-104.67919444,Non-Intersection,Daylight,Clear,Unknown,Unknown,Unknown EMS Scene Arrival Hour,Unknown EMS Scene Arrival Minutes,Unknown,Unknown EMS Hospital Arrival Time,2,Daylight,Clear,2,3,"['Driver', 'Front_Passenger']","['Shoulder_Lapbelt', 'Shoulder_Lapbelt']",0,0,Valid,0.0,0.0,76.0,62.0,"['Male', 'Male']",0,0,3,1,5,Dry,Curve,Level,Lowest,No
31781,48,Texas,480814,0,2,2,0,3,GARLAND,March,27,Monday,5,44,Urban,High Speed (Arterial),No,32.90304444,-96.63083056,Complex/Circle,Dark - Lighted,Cloudy,5:00am-5:59am,44,5:00am-5:59am,50,6:00am-6:59am,22,2,Dark - Lighted,Reduced Visibility,2,1,"['Driver', 'Front_Passenger']","['Shoulder_Lapbelt', 'Shoulder_Lapbelt']",0,0,Valid,0.0,0.0,30.0,25.0,"['Male', 'Male']",1,0,3,1,5,Dry,Straight,Level,Lowest,No
31782,48,Texas,480815,0,1,1,0,1,NOT APPLICABLE,March,12,Sunday,17,0,Rural,Low Speed (Local),No,30.57596389,-93.77266389,Non-Intersection,Daylight,Cloudy,Unknown,Unknown if Notified,Unknown EMS Scene Arrival Hour,Unknown if Arrived,Not Applicable (Not Transported),Not Applicable (Not Transported),1,Daylight,Reduced Visibility,1,0,['Driver'],['None_Used'],0,0,Valid,0.0,0.0,73.0,73.0,['Male'],1,0,3,1,3,Dry,Curve,Level,Medium,No
31783,48,Texas,480816,1,1,1,0,1,NOT APPLICABLE,April,2,Sunday,3,18,Rural,Medium Speed (Collector),No,32.73381944,-94.56126389,Non-Intersection,Dark - Not Lighted,Clear,Unknown,Unknown if Notified,Unknown EMS Scene Arrival Hour,Unknown if Arrived,Not Applicable (Not Transported),Not Applicable (Not Transported),1,Dark - Unlighted,Clear,0,0,[],[],0,0,Invalid,0.0,0.0,999.0,999.0,['Other'],0,0,1,0,4,Dry,Straight,Level,Lowest,No
31784,48,Texas,480817,1,2,2,0,2,ORANGE,March,30,Thursday,5,39,Urban,Medium Speed (Collector),No,30.09760278,-93.78065278,Non-Intersection,Dark - Not Lighted,Clear,Unknown,Unknown,Unknown EMS Scene Arrival Hour,Unknown EMS Scene Arrival Minutes,Unknown,Unknown EMS Hospital Arrival Time,1,Dark - Unlighted,Clear,0,2,[],[],0,0,Valid,0.0,0.0,56.0,22.0,"['Male', 'Male']",0,0,3,2,4,Dry,Straight,Level,Lowest,No
31785,48,Texas,480818,1,1,1,0,1,ARLINGTON,March,10,Friday,5,49,Urban,High Speed (Arterial),Yes,32.73575556,-97.13882778,Non-Intersection,Dark - Lighted,Clear,Unknown,Unknown,Unknown EMS Scene Arrival Hour,Unknown EMS Scene Arrival Minutes,Unknown,Unknown EMS Hospital Arrival Time,1,Dark - Lighted,Clear,0,1,[],[],0,0,Valid,0.0,0.0,33.0,33.0,['Female'],0,0,2,2,4,Dry,Straight,Level,Lowest,No
31786,48,Texas,480819,1,1,1,0,1,TYLER,March,28,Tuesday,7,53,Urban,Low Speed (Local),No,32.34651111,-95.30588611,Complex/Circle,Daylight,Clear,Unknown,Unknown,Unknown EMS Scene Arrival Hour,Unknown EMS Scene Arrival Minutes,Unknown,Unknown EMS Hospital Arrival Time,1,Daylight,Clear,0,1,[],[],0,0,Valid,0.0,0.0,35.0,35.0,['Male'],0,0,3,2,4,Dry,Straight,Level,Lowest,No
31787,48,Texas,480820,0,1,1,0,2,TYLER,April,1,Saturday,17,15,Urban,High Speed (Arterial),Yes,32.25380278,-95.34725,Complex/Circle,Daylight,Clear,Unknown,Unknown,Unknown EMS Scene Arrival Hour,Unknown EMS Scene Arrival Minutes,Unknown,Unknown EMS Hospital Arrival Time,1,Daylight,Clear,1,1,['Driver'],['Shoulder_Lapbelt'],0,0,Valid,0.0,0.0,72.0,72.0,['Male'],2,0,3,1,3,Dry,Straight,Level,Lowest,No
31788,48,Texas,480821,0,2,2,0,2,HOUSTON,February,26,Sunday,16,31,Urban,High Speed (Arterial),No,29.73744722,-95.50692222,Non-Intersection,Daylight,Clear,Unknown,Unknown,Unknown EMS Scene Arrival Hour,Unknown EMS Scene Arrival Minutes,Unknown,Unknown EMS Hospital Arrival Time,1,Daylight,Clear,1,1,['Driver'],['None_Used'],0,0,Invalid,0.0,1.0,38.0,20.0,"['Male', 'Male']",1,0,5,1,5,Dry,Straight,Level,Lowest,No
31789,48,Texas,480822,0,2,2,0,3,BALCH SPRINGS,March,12,Sunday,17,44,Urban,Low Speed (Local),No,32.74467222,-96.63719444,Non-Intersection,Daylight,Clear,Unknown,Unknown,Unknown EMS Scene Arrival Hour,Unknown EMS Scene Arrival Minutes,Unknown,Unknown EMS Hospital Arrival Time,1,Daylight,Clear,1,2,['Driver'],['None_Used'],0,0,Invalid,1.0,0.0,36.0,28.0,"['Female', 'Male']",1,0,5,4,5,Dry,Straight,Level,Lowest,No
31790,48,Texas,480823,1,1,1,0,1,HOUSTON,March,20,Monday,23,46,Urban,High Speed (Arterial),Yes,29.67153611,-95.54695556,Non-Intersection,Dark - Lighted,Clear,Unknown,Unknown if Notified,Unknown EMS Scene Arrival Hour,Unknown if Arrived,Not Applicable (Not Transported),Not Applicable (Not Transported),1,Dark - Lighted,Clear,0,0,[],[],0,0,Invalid,0.0,0.0,999.0,999.0,['Other'],0,0,1,2,4,Dry,Straight,Level,Lowest,No
31791,48,Texas,480824,0,1,1,0,1,NOT APPLICABLE,March,23,Thursday,0,30,Rural,High Speed (Arterial),Yes,34.20582222,-99.37230278,Non-Intersection,Dark - Not Lighted,Cloudy,Unknown,Unknown if Notified,Unknown EMS Scene Arrival Hour,Unknown if Arrived,Not Applicable (Not Transported),Not Applicable (Not Transported),1,Dark - Unlighted,Reduced Visibility,1,0,['Driver'],['Lapbelt_Only'],0,0,Valid,0.0,1.0,45.0,45.0,['Male'],0,0,4,1,3,Dry,Curve,Grade/Hillcrest,Medium,No
31792,48,Texas,480825,0,1,1,0,2,NOT APPLICABLE,April,1,Saturday,15,10,Rural,Medium Speed (Collector),No,33.22287222,-96.54666667,Non-Intersection,Daylight,Clear,Unknown,Unknown,Unknown EMS Scene Arrival Hour,Unknown EMS Scene Arrival Minutes,Unknown,Unknown EMS Hospital Arrival Time,1,Daylight,Clear,1,1,['Driver'],['None_Used'],1,1,Valid,0.0,0.0,55.0,55.0,['Male'],0,0,5,1,3,Dry,Curve,Level,Lowest,No