,State_Code,State_Name,Crash_ID,Count_Non_Motorists,Count_Vehicles_Total,Count_Vehicle_Forms,Count_PVH_Involved,Count_Occupants_MV,City_Name,Month_Name,Day_of_Month,Day_of_Week,Crash_Hour,Crash_Minute,Area_Rural_Urban,Road_Functional_Class,On_NHS_Road,Latitude,Longitude,Intersection_Type,Light_Condition,Weather_Condition,Notif_Hour,Notif_Minute,Arrival_Hour,Arrival_Minute,Hospital_Hour,Hospital_Minute,Fatalities_Count,Clean_Light_Condition,Clean_Weather_Condition,Total_Killed,Total_Alive,Fatal_Seats_List,Killed_Restraint_List,Any_Driver_Drinking,Total_Drinking_Drivers,Driver_License_Category,Driver_Max_Prev_Accident_Count,Driver_Max_Prev_Speeding_Count,Max_Driver_Age,Min_Driver_Age,Driver_Sex_List,Total_Exceeding_Limit_Vehicles,Total_Too_Fast_Vehicles,Max_Vehicle_Type_Severity_5,Max_Vehicle_Damage_Rank,Max_Harmful_Event_Severity,Crash_Road_Surface_Condition,Crash_Horizontal_Alignment,Crash_Vertical_Profile,Crash_Impairment_Category,Crash_Vehicle_Defect
31793,48,Texas,480826,0,1,1,0,1,NOT APPLICABLE,March,26,Sunday,15,18,Rural,Medium Speed (Collector),No,30.79689722,-98.66295833,Non-Intersection,Daylight,Clear,Unknown,Unknown,Unknown EMS Scene Arrival Hour,Unknown EMS Scene Arrival Minutes,Unknown,Unknown EMS Hospital Arrival Time,1,Daylight,Clear,1,0,['Driver'],['None_Used'],0,0,Valid,1.0,0.0,50.0,50.0,['Male'],0,0,5,1,3,Dry,Straight,Level,Medium,No
31794,48,Texas,480827,1,2,2,0,1,NOT APPLICABLE,March,28,Tuesday,7,10,Rural,Medium Speed (Collector),No,32.87506111,-99.59962222,Non-Intersection,Dawn,Clear,Unknown,Unknown,Unknown EMS Scene Arrival Hour,Unknown EMS Scene Arrival Minutes,Unknown,Unknown EMS Hospital Arrival Time,1,Twilight,Clear,1,0,['Driver'],['Shoulder_Lapbelt'],0,0,Invalid,0.0,0.0,64.0,64.0,['Male'],0,0,3,1,5,Dry,Straight,Level,Lowest,No
31795,48,Texas,480828,1,1,1,0,1,TEMPLE,March,30,Thursday,21,10,Urban,High Speed (Arterial),Yes,31.08611111,-97.40211944,Non-Intersection,Dark - Lighted,Cloudy,Unknown,Unknown if Notified,Unknown EMS Scene Arrival Hour,Unknown if Arrived,Not Applicable (Not Transported),Not Applicable (Not Transported),1,Dark - Lighted,Reduced Visibility,0,0,[],[],0,0,Invalid,0.0,0.0,999.0,999.0,['Other'],0,0,1,0,4,Dry,Straight,Grade/Hillcrest,Lowest,No
31796,48,Texas,480829,0,2,2,0,3,NOT APPLICABLE,March,22,Wednesday,5,25,Rural,Medium Speed (Collector),No,31.41038056,-103.54584722,Simple Junction,Dark - Not Lighted,Clear,Unknown,Unknown if Notified,Unknown EMS Scene Arrival Hour,Unknown if Arrived,Not Applicable (Not Transported),Not Applicable (Not Transported),1,Dark - Unlighted,Clear,1,2,['Driver'],['None_Used'],0,0,Valid,1.0,1.0,42.0,29.0,"['Male', 'Male']",0,0,4,1,5,Dry,Straight,Level,Lowest,No
31797,48,Texas,480830,0,2,2,0,2,SCHERTZ,March,23,Thursday,2,1,Urban,High Speed (Arterial),Yes,29.60168333,-98.27469167,Non-Intersection,Dark - Not Lighted,Clear,Unknown,Unknown if Notified,Unknown EMS Scene Arrival Hour,Unknown if Arrived,Not Applicable (Not Transported),Not Applicable (Not Transported),1,Dark - Unlighted,Clear,1,1,['Driver'],['None_Used'],0,0,Valid,0.0,1.0,53.0,38.0,"['Male', 'Male']",0,0,5,2,5,Dry,Straight,Level,Lowest,No
31798,48,Texas,480831,1,1,1,0,1,NOT APPLICABLE,April,2,Sunday,21,5,Rural,High Speed (Arterial),Yes,28.00037778,-97.53878611,Non-Intersection,Dark - Lighted,Clear,Unknown,Unknown if Notified,Unknown EMS Scene Arrival Hour,Unknown if Arrived,Not Applicable (Not Transported),Not Applicable (Not Transported),1,Dark - Lighted,Clear,0,1,[],[],0,0,Valid,0.0,0.0,19.0,19.0,['Female'],0,0,2,1,4,Dry,Straight,Level,Lowest,No
31799,48,Texas,480832,0,1,1,0,1,NOT APPLICABLE,April,3,Monday,0,0,Rural,Medium Speed (Collector),No,33.73740556,-95.94738889,Non-Intersection,Dark - Not Lighted,Cloudy,Unknown,Unknown if Notified,Unknown EMS Scene Arrival Hour,Unknown if Arrived,Not Applicable (Not Transported),Not Applicable (Not Transported),1,Dark - Unlighted,Reduced Visibility,1,0,['Driver'],['Shoulder_Lapbelt'],0,0,Valid,0.0,0.0,26.0,26.0,['Male'],1,0,2,1,3,Wet/Standing Water,Curve,Level,Lowest,No
31800,48,Texas,480833,0,2,2,0,4,NOT APPLICABLE,March,31,Friday,15,9,Rural,High Speed (Arterial),No,31.2262,-97.47975,Non-Intersection,Daylight,Rain,Unknown,Unknown,Unknown EMS Scene Arrival Hour,Unknown EMS Scene Arrival Minutes,Unknown,Unknown EMS Hospital Arrival Time,1,Daylight,Rain/Wind/Minor,1,3,['Driver'],['Shoulder_Lapbelt'],0,0,Valid,0.0,0.0,48.0,43.0,"['Male', 'Male']",3,0,3,1,5,Wet/Standing Water,Straight,Grade/Hillcrest,Lowest,Yes
31801,48,Texas,480834,1,1,1,0,1,SAN ANTONIO,March,29,Wednesday,0,9,Urban,Medium Speed (Collector),No,29.44926944,-98.5685,Non-Intersection,Dark - Lighted,Clear,Unknown,Unknown if Notified,Unknown EMS Scene Arrival Hour,Unknown if Arrived,Not Applicable (Not Transported),Not Applicable (Not Transported),1,Dark - Lighted,Clear,0,1,[],[],0,0,Valid,1.0,0.0,50.0,50.0,['Male'],0,0,3,2,4,Dry,Straight,Level,Lowest,No
31802,48,Texas,480835,0,2,1,1,2,NOT APPLICABLE,March,24,Friday,23,45,Urban,Low Speed (Local),No,30.04387778,-95.11145833,Non-Intersection,Dark - Not Lighted,"Fog, Smog, Smoke",Unknown,Unknown,Unknown EMS Scene Arrival Hour,Unknown EMS Scene Arrival Minutes,Unknown,Unknown EMS Hospital Arrival Time,1,Dark - Unlighted,Reduced Visibility,1,1,['Driver'],['None_Used'],1,1,Valid,0.0,0.0,50.0,50.0,['Female'],0,0,5,1,5,Dry,Curve,Level,Lowest,No
31803,48,Texas,480836,1,1,1,0,1,MARSHALL,March,5,Sunday,19,55,Urban,High Speed (Arterial),Yes,32.54081389,-94.34948056,Complex/Circle,Dark - Not Lighted,Clear,Unknown,Unknown if Notified,Unknown EMS Scene Arrival Hour,Unknown if Arrived,Not Applicable (Not Transported),Not Applicable (Not Transported),1,Dark - Unlighted,Clear,0,1,[],[],0,0,Valid,2.0,0.0,25.0,25.0,['Male'],1,0,2,1,4,Dry,Straight,Level,Lowest,No
31804,48,Texas,480837,0,2,2,0,3,NOT APPLICABLE,March,30,Thursday,15,41,Rural,Medium Speed (Collector),No,31.79115,-95.67461111,Simple Junction,Daylight,Clear,Unknown,Unknown if Notified,Unknown EMS Scene Arrival Hour,Unknown if Arrived,Not Applicable (Not Transported),Not Applicable (Not Transported),2,Daylight,Clear,2,1,"['Driver', 'Front_Passenger']","['Shoulder_Lapbelt', 'Shoulder_Only']",0,0,Invalid,0.0,0.0,61.0,33.0,"['Male', 'Male']",0,0,4,4,5,Dry,Curve,Level,Lowest,No
31805,48,Texas,480838,0,3,3,0,6,LITTLE ELM,March,25,Saturday,15,34,Urban,High Speed (Arterial),Yes,33.22356944,-96.97419722,Non-Intersection,Daylight,Clear,Unknown,Unknown,Unknown EMS Scene Arrival Hour,Unknown EMS Scene Arrival Minutes,Unknown,Unknown EMS Hospital Arrival Time,1,Daylight,Clear,1,5,['Driver'],['None_Used'],0,0,Valid,1.0,0.0,68.0,49.0,"['Male', 'Male', 'Male']",0,0,3,2,5,Dry,Straight,Level,Lowest,No
31806,48,Texas,480839,0,1,1,0,1,NOT APPLICABLE,March,29,Wednesday,6,20,Rural,Medium Speed (Collector),No,32.33613889,-97.31443333,Non-Intersection,Dark - Not Lighted,Cloudy,Unknown,Unknown if Notified,Unknown EMS Scene Arrival Hour,Unknown if Arrived,Not Applicable (Not Transported),Not Applicable (Not Transported),1,Dark - Unlighted,Reduced Visibility,1,0,['Driver'],['Shoulder_Lapbelt'],0,0,Valid,0.0,1.0,35.0,35.0,['Male'],1,0,3,1,3,Dry,Straight,Level,Lowest,No
31807,48,Texas,480840,3,2,2,0,2,DALLAS,March,14,Tuesday,5,43,Urban,High Speed (Arterial),Yes,32.702975,-96.74775278,Non-Intersection,Dark - Not Lighted,Clear,Unknown,Unknown,Unknown EMS Scene Arrival Hour,Unknown EMS Scene Arrival Minutes,Unknown,Unknown EMS Hospital Arrival Time,1,Dark - Unlighted,Clear,0,2,[],[],0,0,Invalid,0.0,0.0,52.0,29.0,"['Male', 'Female']",0,0,3,1,5,Dry,Straight,Grade/Hillcrest,Lowest,No
31808,48,Texas,480841,0,2,2,0,3,EARLY,April,1,Saturday,14,24,Urban,High Speed (Arterial),Yes,31.73594167,-98.96135,Non-Intersection,Daylight,Clear,Unknown,Unknown,Unknown EMS Scene Arrival Hour,Unknown EMS Scene Arrival Minutes,Unknown,Unknown EMS Hospital Arrival Time,1,Daylight,Clear,1,2,['Driver'],['Shoulder_Lapbelt'],0,0,Valid,0.0,0.0,64.0,19.0,"['Female', 'Male']",0,0,3,1,5,Dry,Straight,Level,Medium,No
31809,48,Texas,480842,1,1,1,0,1,NOT APPLICABLE,March,30,Thursday,17,47,Rural,Medium Speed (Collector),No,32.30261389,-94.92403056,Non-Intersection,Dark - Not Lighted,Clear,Unknown,Unknown if Notified,Unknown EMS Scene Arrival Hour,Unknown if Arrived,Not Applicable (Not Transported),Not Applicable (Not Transported),1,Dark - Unlighted,Clear,0,1,[],[],0,0,Valid,1.0,0.0,64.0,64.0,['Male'],0,0,2,1,4,Dry,Straight,Grade/Hillcrest,Lowest,No
31810,48,Texas,480843,0,2,2,0,2,BOYD,March,30,Thursday,11,18,Rural,Medium Speed (Collector),No,33.06894722,-97.56459444,Non-Intersection,Daylight,Cloudy,Unknown,Unknown if Notified,Unknown EMS Scene Arrival Hour,Unknown if Arrived,Not Applicable (Not Transported),Not Applicable (Not Transported),1,Daylight,Reduced Visibility,1,1,['Driver'],['Shoulder_Lapbelt'],0,0,Valid,0.0,0.0,53.0,51.0,"['Female', 'Male']",0,0,4,1,5,Dry,Curve,Grade/Hillcrest,Lowest,No
31811,48,Texas,480844,0,3,3,0,3,NOT APPLICABLE,March,16,Thursday,9,24,Rural,High Speed (Arterial),Yes,29.22020278,-96.23195556,Non-Intersection,Daylight,Cloudy,Unknown,Unknown,Unknown EMS Scene Arrival Hour,Unknown EMS Scene Arrival Minutes,Unknown,Unknown EMS Hospital Arrival Time,1,Daylight,Reduced Visibility,1,2,['Driver'],['Shoulder_Lapbelt'],0,0,Valid,0.0,1.0,79.0,35.0,"['Male', 'Male', 'Male']",1,0,4,1,5,Dry,Straight,Level,Lowest,No
31812,48,Texas,480845,0,2,2,0,2,NOT APPLICABLE,April,1,Saturday,4,41,Rural,Low Speed (Local),No,30.17498056,-97.60365,Non-Intersection,Dark - Not Lighted,Clear,Unknown,Unknown if Notified,Unknown EMS Scene Arrival Hour,Unknown if Arrived,Not Applicable (Not Transported),Not Applicable (Not Transported),1,Dark - Unlighted,Clear,1,1,['Driver'],['Shoulder_Lapbelt'],1,1,Invalid,0.0,0.0,52.0,26.0,"['Male', 'Male']",0,0,3,4,5,Dry,Straight,Level,Lowest,No
31813,48,Texas,480846,0,2,2,0,2,NOT APPLICABLE,April,6,Thursday,23,5,Rural,High Speed (Arterial),No,30.34480833,-95.95488056,Non-Intersection,Dark - Not Lighted,Rain,Unknown,Unknown,Unknown EMS Scene Arrival Hour,Unknown EMS Scene Arrival Minutes,Unknown,Unknown EMS Hospital Arrival Time,1,Dark - Unlighted,Rain/Wind/Minor,1,1,['Driver'],['Shoulder_Lapbelt'],1,1,Valid,0.0,0.0,22.0,19.0,"['Male', 'Female']",0,0,2,1,5,Wet/Standing Water,Curve,Level,Lowest,No
31814,48,Texas,480847,0,2,2,0,3,Other,March,26,Sunday,18,58,Urban,Medium Speed (Collector),No,31.65780833,-106.30375833,Non-Intersection,Daylight,Clear,Unknown,Unknown,Unknown EMS Scene Arrival Hour,Unknown EMS Scene Arrival Minutes,Unknown,Unknown EMS Hospital Arrival Time,1,Daylight,Clear,1,2,['Driver'],['Shoulder_Lapbelt'],1,1,Valid,2.0,1.0,54.0,29.0,"['Male', 'Male']",0,0,2,1,5,Dry,Straight,Level,Lowest,No
31815,48,Texas,480848,1,1,1,0,1,NOT APPLICABLE,March,30,Thursday,22,25,Urban,High Speed (Arterial),Yes,29.93811111,-95.45968889,Non-Intersection,Dark - Not Lighted,Clear,Unknown,Unknown,Unknown EMS Scene Arrival Hour,Unknown EMS Scene Arrival Minutes,Unknown,Unknown EMS Hospital Arrival Time,1,Dark - Unlighted,Clear,0,0,[],[],0,0,Invalid,0.0,0.0,999.0,999.0,['Other'],0,0,1,2,4,Dry,Straight,Level,Lowest,No
31816,48,Texas,480849,0,1,1,0,1,NOT APPLICABLE,March,25,Saturday,18,0,Rural,High Speed (Arterial),No,29.57404722,-99.0934,Non-Intersection,Daylight,Clear,Unknown,Unknown if Notified,Unknown EMS Scene Arrival Hour,Unknown if Arrived,Not Applicable (Not Transported),Not Applicable (Not Transported),1,Daylight,Clear,1,0,['Driver'],['None_Used'],1,1,Valid,0.0,0.0,76.0,76.0,['Male'],1,0,5,1,3,Dry,Curve,Level,Lowest,No
31817,48,Texas,480850,0,5,5,0,10,CARROLLTON,March,25,Saturday,0,44,Urban,High Speed (Arterial),Yes,32.98259722,-96.93130556,Non-Intersection,Dark - Lighted,Clear,Unknown,Unknown,Unknown EMS Scene Arrival Hour,Unknown EMS Scene Arrival Minutes,Unknown,Unknown EMS Hospital Arrival Time,4,Dark - Lighted,Clear,4,6,"['Front_Passenger', 'Rear_Seat', 'Driver', 'Front_Passenger']","['None_Used', 'None_Used', 'Shoulder_Lapbelt', 'Shoulder_Lapbelt']",0,0,Valid,0.0,0.0,56.0,40.0,"['Male', 'Male', 'Female', 'Male', 'Male']",1,0,3,4,5,Dry,Straight,Level,Lowest,No
31818,48,Texas,480851,0,1,1,0,1,NOT APPLICABLE,March,24,Friday,9,27,Rural,Medium Speed (Collector),No,29.96443056,-103.25719167,Non-Intersection,Daylight,Clear,Unknown,Unknown,Unknown EMS Scene Arrival Hour,Unknown EMS Scene Arrival Minutes,Unknown,Unknown EMS Hospital Arrival Time,1,Daylight,Clear,1,0,['Driver'],['None_Used'],0,0,Valid,0.0,0.0,62.0,62.0,['Male'],0,0,5,1,1,Dry,Curve,Grade/Hillcrest,Lowest,No
31819,48,Texas,480852,0,2,2,0,3,NOT APPLICABLE,March,21,Tuesday,6,30,Rural,Medium Speed (Collector),No,30.94019167,-97.04371667,Non-Intersection,Dark - Not Lighted,Cloudy,Unknown,Unknown,Unknown EMS Scene Arrival Hour,Unknown EMS Scene Arrival Minutes,Unknown,Unknown EMS Hospital Arrival Time,1,Dark - Unlighted,Reduced Visibility,1,2,['Front_Passenger'],['Shoulder_Lapbelt'],0,0,Invalid,0.0,0.0,30.0,22.0,"['Male', 'Male']",0,0,3,4,5,Dry,Straight,Grade/Hillcrest,Lowest,No
31820,48,Texas,480853,0,2,2,0,2,HOUSTON,March,22,Wednesday,21,9,Urban,High Speed (Arterial),No,29.62611944,-95.51783056,Non-Intersection,Dark - Lighted,Cloudy,Unknown,Unknown if Notified,Unknown EMS Scene Arrival Hour,Unknown if Arrived,Not Applicable (Not Transported),Not Applicable (Not Transported),1,Dark - Lighted,Reduced Visibility,1,1,['Driver'],['Shoulder_Lapbelt'],1,1,Valid,1.0,0.0,47.0,23.0,"['Male', 'Male']",0,0,3,2,5,Dry,Straight,Level,Medium,No
31821,48,Texas,480854,0,2,2,0,2,NOT APPLICABLE,April,1,Saturday,14,43,Rural,High Speed (Arterial),Yes,33.19010833,-98.13503056,Simple Junction,Daylight,Clear,Unknown,Unknown,Unknown EMS Scene Arrival Hour,Unknown EMS Scene Arrival Minutes,Unknown,Unknown EMS Hospital Arrival Time,1,Daylight,Clear,1,1,['Driver'],['None_Used'],0,0,Invalid,0.0,1.0,46.0,22.0,"['Male', 'Male']",0,0,5,1,5,Dry,Straight,Grade/Hillcrest,Lowest,No
31822,48,Texas,480855,0,1,1,0,1,NOT APPLICABLE,March,19,Sunday,2,7,Rural,High Speed (Arterial),Yes,32.07564444,-101.91874444,Non-Intersection,Dark - Not Lighted,Clear,Unknown,Unknown if Notified,Unknown EMS Scene Arrival Hour,Unknown if Arrived,Not Applicable (Not Transported),Not Applicable (Not Transported),1,Dark - Unlighted,Clear,1,0,['Driver'],['Shoulder_Lapbelt'],0,0,Invalid,0.0,0.0,21.0,21.0,['Male'],0,0,3,1,3,Dry,Straight,Level,Lowest,No
31823,48,Texas,480856,0,1,1,0,2,NOT APPLICABLE,March,31,Friday,17,57,Rural,High Speed (Arterial),Yes,31.82112222,-97.09748056,Non-Intersection,Daylight,Clear,Unknown,Unknown,Unknown EMS Scene Arrival Hour,Unknown EMS Scene Arrival Minutes,Unknown,Unknown EMS Hospital Arrival Time,1,Daylight,Clear,1,1,['Rear_Seat'],['None_Used'],0,0,Valid,1.0,0.0,45.0,45.0,['Male'],0,0,5,1,3,Dry,Straight,Level,Lowest,No
31824,48,Texas,480857,0,4,4,0,4,LEWISVILLE,March,31,Friday,20,59,Urban,High Speed (Arterial),Yes,33.02795833,-96.99051111,Non-Intersection,Dark - Lighted,Clear,Unknown,Unknown,Unknown EMS Scene Arrival Hour,Unknown EMS Scene Arrival Minutes,Unknown,Unknown EMS Hospital Arrival Time,1,Dark - Lighted,Clear,1,3,['Driver'],['None_Used'],0,0,Valid,0.0,0.0,23.0,18.0,"['Female', 'Male', 'Female', 'Female']",3,0,5,2,5,Dry,Curve,Grade/Hillcrest,Lowest,Yes
31825,48,Texas,480858,0,3,3,0,5,DALLAS,March,25,Saturday,13,25,Urban,Medium Speed (Collector),No,32.70868056,-96.64863333,Simple Junction,Daylight,Clear,Unknown,Unknown,Unknown EMS Scene Arrival Hour,Unknown EMS Scene Arrival Minutes,Unknown,Unknown EMS Hospital Arrival Time,1,Daylight,Clear,1,4,['Driver'],['Shoulder_Lapbelt'],1,1,Invalid,0.0,1.0,35.0,20.0,"['Male', 'Male', 'Male']",4,0,3,2,5,Dry,Straight,Level,Lowest,No
31826,48,Texas,480859,0,1,1,0,6,FARMERS BRANCH,April,4,Tuesday,20,59,Urban,Medium Speed (Collector),No,32.91925278,-96.89604167,Non-Intersection,Dark - Lighted,Clear,Unknown,Unknown,Unknown EMS Scene Arrival Hour,Unknown EMS Scene Arrival Minutes,Unknown,Unknown EMS Hospital Arrival Time,2,Dark - Lighted,Clear,2,4,"['Driver', 'Front_Passenger']","['Shoulder_Lapbelt', 'Shoulder_Lapbelt']",0,0,Invalid,0.0,0.0,15.0,15.0,['Male'],6,0,3,4,3,Dry,Curve,Grade/Hillcrest,Lowest,No
31827,48,Texas,480860,0,2,2,0,2,NOT APPLICABLE,March,27,Monday,7,20,Rural,Medium Speed (Collector),No,29.78595833,-99.21281667,Non-Intersection,Dawn,Cloudy,7:00am-7:59am,34,7:00am-7:59am,47,8:00am-8:59am,40,1,Twilight,Reduced Visibility,1,1,['Driver'],['None_Used'],0,0,Valid,0.0,0.0,55.0,20.0,"['Male', 'Male']",0,0,3,4,5,Dry,Curve,Level,Medium,No
31828,48,Texas,480861,0,2,2,0,2,MCKINNEY,March,13,Monday,14,42,Urban,Medium Speed (Collector),No,33.16759167,-96.63637222,Simple Junction,Daylight,Clear,Unknown,Unknown,Unknown EMS Scene Arrival Hour,Unknown EMS Scene Arrival Minutes,Unknown,Unknown EMS Hospital Arrival Time,1,Daylight,Clear,1,1,['Driver'],['None_Used'],0,0,Valid,1.0,0.0,24.0,20.0,"['Male', 'Male']",0,0,5,1,5,Dry,Straight,Non-Trafficway,Lowest,No
31829,48,Texas,480862,0,1,1,0,2,NOT APPLICABLE,April,7,Friday,4,49,Rural,High Speed (Arterial),No,29.75417778,-98.80724167,Non-Intersection,Dark - Not Lighted,Rain,4:00am-4:59am,50,5:00am-5:59am,7,5:00am-5:59am,59,1,Dark - Unlighted,Rain/Wind/Minor,1,1,['Front_Passenger'],['Shoulder_Lapbelt'],0,0,Valid,0.0,0.0,55.0,55.0,['Male'],0,0,3,1,3,Wet/Standing Water,Straight,Grade/Hillcrest,Lowest,No
31830,48,Texas,480863,1,1,1,0,2,SAN ANTONIO,March,31,Friday,21,44,Urban,Medium Speed (Collector),No,29.61980833,-98.60754444,Non-Intersection,Dark - Lighted,Clear,Unknown,Unknown if Notified,Unknown EMS Scene Arrival Hour,Unknown if Arrived,Not Applicable (Not Transported),Not Applicable (Not Transported),1,Dark - Lighted,Clear,0,2,[],[],0,0,Valid,2.0,0.0,29.0,29.0,['Female'],0,0,3,1,4,Dry,Straight,Level,Lowest,No
31831,48,Texas,480864,1,1,1,0,1,AUSTIN,April,2,Sunday,1,4,Urban,Medium Speed (Collector),No,30.22331944,-97.76352778,Simple Junction,Dark - Lighted,Clear,Unknown,Unknown if Notified,Unknown EMS Scene Arrival Hour,Unknown if Arrived,Not Applicable (Not Transported),Not Applicable (Not Transported),1,Dark - Lighted,Clear,0,1,[],[],0,0,Valid,1.0,1.0,29.0,29.0,['Male'],0,0,4,1,4,Dry,Straight,Level,Lowest,No
31832,48,Texas,480865,0,3,3,0,3,SAN ANTONIO,April,1,Saturday,16,15,Urban,Medium Speed (Collector),No,29.39446111,-98.54964722,Simple Junction,Daylight,Clear,Unknown,Unknown,Unknown EMS Scene Arrival Hour,Unknown EMS Scene Arrival Minutes,Unknown,Unknown EMS Hospital Arrival Time,1,Daylight,Clear,1,2,['Driver'],['None_Used'],0,0,Invalid,0.0,1.0,56.0,20.0,"['Male', 'Male', 'Female']",0,0,5,2,5,Dry,Straight,Level,Lowest,No
31833,48,Texas,480866,1,1,1,0,1,GARLAND,April,2,Sunday,16,18,Urban,High Speed (Arterial),Yes,32.87531944,-96.68321111,Simple Junction,Daylight,Cloudy,4:00pm-4:59pm,18,4:00pm-4:59pm,23,4:00pm-4:59pm,37,1,Daylight,Reduced Visibility,0,0,[],[],0,0,Invalid,0.0,0.0,999.0,999.0,['Other'],0,0,3,0,4,Dry,Straight,Level,Lowest,No
31834,48,Texas,480867,0,1,1,0,1,NOT APPLICABLE,March,23,Thursday,20,40,Urban,High Speed (Arterial),Yes,31.95840556,-102.14085556,Non-Intersection,Dark - Not Lighted,Clear,Unknown,Unknown if Notified,Unknown EMS Scene Arrival Hour,Unknown if Arrived,Not Applicable (Not Transported),Not Applicable (Not Transported),1,Dark - Unlighted,Clear,1,0,['Driver'],['None_Used'],0,0,Valid,0.0,0.0,23.0,23.0,['Male'],1,0,5,1,2,Dry,Curve,Level,Lowest,No
31835,48,Texas,480868,0,2,2,0,2,NOT APPLICABLE,March,30,Thursday,17,14,Rural,Medium Speed (Collector),No,32.20782222,-101.82798333,Non-Intersection,Daylight,"Blowing Sand, Soil, Dirt",Unknown,Unknown if Notified,Unknown EMS Scene Arrival Hour,Unknown if Arrived,Not Applicable (Not Transported),Not Applicable (Not Transported),1,Daylight,Rain/Wind/Minor,1,1,['Driver'],['None_Used'],0,0,Invalid,0.0,0.0,38.0,33.0,"['Male', 'Male']",1,0,4,1,5,Dry,Straight,Level,Lowest,No
31836,48,Texas,480869,0,2,2,0,3,MARBLE FALLS,March,16,Thursday,6,47,Rural,High Speed (Arterial),Yes,30.54760833,-98.27653333,Non-Intersection,Dark - Not Lighted,Rain,Unknown,Unknown,Unknown EMS Scene Arrival Hour,Unknown EMS Scene Arrival Minutes,Unknown,Unknown EMS Hospital Arrival Time,1,Dark - Unlighted,Rain/Wind/Minor,1,2,['Driver'],['Shoulder_Lapbelt'],0,0,Invalid,0.0,0.0,83.0,46.0,"['Male', 'Male']",0,0,3,1,5,Wet/Standing Water,Straight,Level,Lowest,No
31837,48,Texas,480870,0,1,1,0,1,DALLAS,March,21,Tuesday,23,19,Urban,High Speed (Arterial),Yes,32.74041667,-96.91938333,Non-Intersection,Dark - Lighted,Cloudy,Unknown,Unknown,Unknown EMS Scene Arrival Hour,Unknown EMS Scene Arrival Minutes,Unknown,Unknown EMS Hospital Arrival Time,1,Dark - Lighted,Reduced Visibility,1,0,['Driver'],['Shoulder_Lapbelt'],1,1,Valid,0.0,0.0,39.0,39.0,['Male'],1,0,3,1,3,Wet/Standing Water,Straight,Level,Lowest,No
31838,48,Texas,480871,0,2,2,0,3,NOT APPLICABLE,March,26,Sunday,18,5,Rural,Medium Speed (Collector),No,31.23945556,-94.64511111,Simple Junction,Daylight,Rain,Unknown,Unknown if Notified,Unknown EMS Scene Arrival Hour,Unknown if Arrived,Not Applicable (Not Transported),Not Applicable (Not Transported),1,Daylight,Rain/Wind/Minor,1,2,['Driver'],['None_Used'],0,0,Valid,0.0,0.0,62.0,39.0,"['Female', 'Male']",0,0,3,1,5,Wet/Standing Water,Straight,Level,Lowest,No
31839,48,Texas,480872,0,2,2,0,4,EL PASO,March,17,Friday,5,23,Urban,High Speed (Arterial),Yes,31.83558056,-106.55041667,Complex/Circle,Dark - Lighted,Clear,Unknown,Unknown,Unknown EMS Scene Arrival Hour,Unknown EMS Scene Arrival Minutes,Unknown,Unknown EMS Hospital Arrival Time,1,Dark - Lighted,Clear,1,3,['Rear_Seat'],['Shoulder_Lapbelt'],0,0,Valid,0.0,0.0,34.0,18.0,"['Male', 'Male']",3,0,2,1,5,Dry,Straight,Level,Lowest,No
31840,48,Texas,480873,0,2,2,0,2,KENNEDALE,March,31,Friday,11,27,Urban,High Speed (Arterial),Yes,32.64080278,-97.21507222,Non-Intersection,Daylight,Clear,Unknown,Unknown,Unknown EMS Scene Arrival Hour,Unknown EMS Scene Arrival Minutes,Unknown,Unknown EMS Hospital Arrival Time,1,Daylight,Clear,1,1,['Driver'],['None_Used'],0,0,Valid,0.0,0.0,84.0,47.0,"['Female', 'Male']",0,0,4,1,5,Dry,Straight,Non-Trafficway,Lowest,No
31841,48,Texas,480874,0,1,1,0,1,NOT APPLICABLE,April,8,Saturday,20,49,Rural,Low Speed (Local),No,33.58181389,-97.03645,Non-Intersection,Dark - Not Lighted,Clear,Unknown,Unknown,Unknown EMS Scene Arrival Hour,Unknown EMS Scene Arrival Minutes,Unknown,Unknown EMS Hospital Arrival Time,1,Dark - Unlighted,Clear,1,0,['Driver'],['None_Used'],1,1,Invalid,0.0,0.0,74.0,74.0,['Male'],1,0,3,1,3,Dry,Curve,Level,Lowest,No
31842,48,Texas,480875,0,1,1,0,1,NEW BRAUNFELS,March,29,Wednesday,6,25,Urban,Medium Speed (Collector),No,29.70016389,-98.09311944,Non-Intersection,Dark - Not Lighted,Clear,Unknown,Unknown,Unknown EMS Scene Arrival Hour,Unknown EMS Scene Arrival Minutes,Unknown,Unknown EMS Hospital Arrival Time,1,Dark - Unlighted,Clear,1,0,['Driver'],['None_Used'],0,0,Valid,0.0,2.0,42.0,42.0,['Male'],0,0,5,1,2,Dry,Straight,Level,Lowest,No