,State_Code,State_Name,Crash_ID,Count_Non_Motorists,Count_Vehicles_Total,Count_Vehicle_Forms,Count_PVH_Involved,Count_Occupants_MV,City_Name,Month_Name,Day_of_Month,Day_of_Week,Crash_Hour,Crash_Minute,Area_Rural_Urban,Road_Functional_Class,On_NHS_Road,Latitude,Longitude,Intersection_Type,Light_Condition,Weather_Condition,Notif_Hour,Notif_Minute,Arrival_Hour,Arrival_Minute,Hospital_Hour,Hospital_Minute,Fatalities_Count,Clean_Light_Condition,Clean_Weather_Condition,Total_Killed,Total_Alive,Fatal_Seats_List,Killed_Restraint_List,Any_Driver_Drinking,Total_Drinking_Drivers,Driver_License_Category,Driver_Max_Prev_Accident_Count,Driver_Max_Prev_Speeding_Count,Max_Driver_Age,Min_Driver_Age,Driver_Sex_List,Total_Exceeding_Limit_Vehicles,Total_Too_Fast_Vehicles,Max_Vehicle_Type_Severity_5,Max_Vehicle_Damage_Rank,Max_Harmful_Event_Severity,Crash_Road_Surface_Condition,Crash_Horizontal_Alignment,Crash_Vertical_Profile,Crash_Impairment_Category,Crash_Vehicle_Defect
31843,48,Texas,480877,0,3,3,0,4,NOT APPLICABLE,April,1,Saturday,8,39,Rural,High Speed (Arterial),No,30.29543333,-95.83351111,Non-Intersection,Daylight,"Fog, Smog, Smoke",Unknown,Unknown,Unknown EMS Scene Arrival Hour,Unknown EMS Scene Arrival Minutes,Unknown,Unknown EMS Hospital Arrival Time,2,Daylight,Reduced Visibility,2,2,"['Driver', 'Driver']","['None_Used', 'Shoulder_Lapbelt']",0,0,Invalid,0.0,0.0,32.0,20.0,"['Male', 'Male', 'Female']",0,0,3,4,5,Dry,Straight,Grade/Hillcrest,Lowest,No
31844,48,Texas,480878,0,1,1,0,1,SAN ANTONIO,April,1,Saturday,4,0,Rural,Medium Speed (Collector),No,29.36763611,-98.635875,Non-Intersection,Dark - Lighted,Cloudy,Unknown,Unknown,Unknown EMS Scene Arrival Hour,Unknown EMS Scene Arrival Minutes,Not Applicable (Not Transported),Not Applicable (Not Transported),1,Dark - Lighted,Reduced Visibility,1,0,['Driver'],['None_Used'],1,1,Valid,0.0,0.0,27.0,27.0,['Male'],1,0,3,1,3,Dry,Straight,Level,Lowest,No
31845,48,Texas,480879,0,2,2,0,3,EL PASO,January,9,Monday,18,17,Urban,High Speed (Arterial),Yes,31.91378056,-106.39923333,Non-Intersection,Dark - Lighted,Clear,Unknown,Unknown,Unknown EMS Scene Arrival Hour,Unknown EMS Scene Arrival Minutes,Unknown,Unknown EMS Hospital Arrival Time,1,Dark - Lighted,Clear,1,2,['Driver'],['Shoulder_Lapbelt'],0,0,Invalid,0.0,0.0,30.0,17.0,"['Female', 'Male']",0,0,3,1,5,Dry,Straight,Level,Lowest,No
31846,48,Texas,480880,0,1,1,0,2,LEANDER,March,12,Sunday,17,40,Rural,Medium Speed (Collector),No,30.57567222,-97.91467222,Non-Intersection,Daylight,Clear,5:00pm-5:59pm,43,5:00pm-5:59pm,53,6:00pm-6:59pm,31,1,Daylight,Clear,1,1,['Driver'],['Shoulder_Lapbelt'],1,1,Valid,1.0,0.0,21.0,21.0,['Male'],2,0,2,1,3,Dry,Curve,Grade/Hillcrest,Lowest,No
31847,48,Texas,480881,2,1,1,0,1,VICTORIA,March,31,Friday,20,20,Urban,Medium Speed (Collector),No,28.78621389,-96.96647778,Non-Intersection,Dark - Lighted,Clear,Unknown,Unknown,Unknown EMS Scene Arrival Hour,Unknown EMS Scene Arrival Minutes,Unknown,Unknown EMS Hospital Arrival Time,1,Dark - Lighted,Clear,0,1,[],[],0,0,Valid,0.0,0.0,67.0,67.0,['Male'],0,0,3,2,4,Dry,Straight,Level,Lowest,No
31848,48,Texas,480882,0,1,1,0,1,NOT APPLICABLE,April,8,Saturday,11,30,Rural,Low Speed (Local),No,30.98869167,-97.30946944,Non-Intersection,Reported as Unknown,Cloudy,Unknown,Unknown if Notified,Unknown EMS Scene Arrival Hour,Unknown if Arrived,Not Applicable (Not Transported),Not Applicable (Not Transported),1,Dark - Unlighted,Reduced Visibility,1,0,['Driver'],['Shoulder_Lapbelt'],0,0,Valid,0.0,0.0,53.0,53.0,['Female'],0,0,3,1,4,Loose/Unpaved,Straight,Level,Medium,No
31849,48,Texas,480883,1,1,1,0,1,LONGVIEW,April,7,Friday,10,15,Urban,High Speed (Arterial),Yes,32.51363333,-94.79306944,Non-Intersection,Daylight,Rain,Unknown,Unknown,Unknown EMS Scene Arrival Hour,Unknown EMS Scene Arrival Minutes,Unknown,Unknown EMS Hospital Arrival Time,1,Daylight,Rain/Wind/Minor,0,1,[],[],0,0,Valid,0.0,0.0,41.0,41.0,['Female'],0,0,3,2,4,Wet/Standing Water,Straight,Level,Lowest,No
31850,48,Texas,480884,0,2,2,0,3,NOT APPLICABLE,April,6,Thursday,17,15,Rural,High Speed (Arterial),Yes,30.21686944,-93.86073056,Non-Intersection,Daylight,Rain,Unknown,Unknown,Unknown EMS Scene Arrival Hour,Unknown EMS Scene Arrival Minutes,Unknown,Unknown EMS Hospital Arrival Time,1,Daylight,Rain/Wind/Minor,1,2,['Driver'],['Shoulder_Lapbelt'],0,0,Valid,1.0,0.0,67.0,47.0,"['Female', 'Male']",0,0,3,1,5,Wet/Standing Water,Straight,Level,Lowest,No
31851,48,Texas,480885,0,1,1,0,1,MCKINNEY,April,1,Saturday,2,31,Urban,Medium Speed (Collector),No,33.21775278,-96.72173889,Non-Intersection,Dark - Lighted,Clear,Unknown,Unknown,Unknown EMS Scene Arrival Hour,Unknown EMS Scene Arrival Minutes,Unknown,Unknown EMS Hospital Arrival Time,1,Dark - Lighted,Clear,1,0,['Driver'],['None_Used'],1,1,Valid,0.0,1.0,27.0,27.0,['Male'],1,0,3,1,3,Dry,Curve,Grade/Hillcrest,Lowest,No
31852,48,Texas,480886,0,2,2,0,2,NOT APPLICABLE,April,4,Tuesday,5,22,Rural,Medium Speed (Collector),No,29.08039167,-95.64971111,Simple Junction,Dark - Lighted,Cloudy,Unknown,Unknown,Unknown EMS Scene Arrival Hour,Unknown EMS Scene Arrival Minutes,Unknown,Unknown EMS Hospital Arrival Time,1,Dark - Lighted,Reduced Visibility,1,1,['Driver'],['Shoulder_Lapbelt'],0,0,Valid,0.0,3.0,65.0,45.0,"['Male', 'Male']",0,0,3,4,5,Dry,Straight,Level,Lowest,No
31853,48,Texas,480887,0,1,1,0,1,KATY,March,27,Monday,3,25,Urban,Medium Speed (Collector),No,29.78435,-95.80783056,Non-Intersection,Dark - Not Lighted,Cloudy,Unknown,Unknown if Notified,Unknown EMS Scene Arrival Hour,Unknown if Arrived,Not Applicable (Not Transported),Not Applicable (Not Transported),1,Dark - Unlighted,Reduced Visibility,1,0,['Driver'],['Shoulder_Lapbelt'],0,0,Invalid,0.0,0.0,999.0,999.0,['Male'],0,0,2,1,3,Dry,Curve,Level,Lowest,No
31854,48,Texas,480888,0,2,2,0,2,PLAINVIEW,April,4,Tuesday,13,59,Urban,High Speed (Arterial),Yes,34.17365833,-101.70648889,Complex/Circle,Daylight,Clear,Unknown,Unknown,Unknown EMS Scene Arrival Hour,Unknown EMS Scene Arrival Minutes,Unknown,Unknown EMS Hospital Arrival Time,1,Daylight,Clear,1,1,['Driver'],['Shoulder_Lapbelt'],0,0,Valid,0.0,0.0,61.0,54.0,"['Male', 'Male']",0,0,4,4,5,Dry,Straight,Level,Lowest,No
31855,48,Texas,480889,0,1,1,0,1,NOT APPLICABLE,March,30,Thursday,13,28,Urban,Medium Speed (Collector),No,30.18947222,-95.79047778,Non-Intersection,Daylight,Clear,Unknown,Unknown,Unknown EMS Scene Arrival Hour,Unknown EMS Scene Arrival Minutes,Unknown,Unknown EMS Hospital Arrival Time,1,Daylight,Clear,1,0,['Driver'],['Shoulder_Lapbelt'],0,0,Valid,0.0,0.0,80.0,80.0,['Female'],0,0,3,1,3,Dry,Straight,Level,Medium,No
31856,48,Texas,480890,0,1,1,0,2,NOT APPLICABLE,April,7,Friday,12,17,Rural,Medium Speed (Collector),No,32.33961111,-95.18575556,Non-Intersection,Daylight,Rain,Unknown,Unknown,Unknown EMS Scene Arrival Hour,Unknown EMS Scene Arrival Minutes,Unknown,Unknown EMS Hospital Arrival Time,1,Daylight,Rain/Wind/Minor,1,1,['Front_Passenger'],['None_Used'],0,0,Valid,0.0,0.0,62.0,62.0,['Male'],0,0,2,1,3,Wet/Standing Water,Straight,Level,Medium,No
31857,48,Texas,480891,0,3,3,0,3,ARLINGTON,April,2,Sunday,2,15,Urban,High Speed (Arterial),Yes,32.65820833,-97.13450556,Non-Intersection,Dark - Lighted,Clear,Unknown,Unknown,Unknown EMS Scene Arrival Hour,Unknown EMS Scene Arrival Minutes,Unknown,Unknown EMS Hospital Arrival Time,1,Dark - Lighted,Clear,1,2,['Driver'],['None_Used'],1,1,Invalid,1.0,0.0,56.0,29.0,"['Male', 'Male', 'Male']",0,0,3,1,5,Dry,Straight,Level,Lowest,No
31858,48,Texas,480892,1,1,1,0,3,ARLINGTON,April,4,Tuesday,18,29,Urban,Medium Speed (Collector),No,32.65504722,-97.07712778,Complex/Circle,Daylight,Clear,Unknown,Unknown,Unknown EMS Scene Arrival Hour,Unknown EMS Scene Arrival Minutes,Unknown,Unknown EMS Hospital Arrival Time,1,Daylight,Clear,0,3,[],[],0,0,Valid,0.0,0.0,50.0,50.0,['Female'],0,0,3,2,4,Dry,Straight,Level,Lowest,No
31859,48,Texas,480893,0,2,2,0,3,NOT APPLICABLE,April,2,Sunday,22,29,Urban,Medium Speed (Collector),No,31.84810556,-102.47007222,Simple Junction,Dark - Not Lighted,Clear,Unknown,Unknown if Notified,Unknown EMS Scene Arrival Hour,Unknown if Arrived,Not Applicable (Not Transported),Not Applicable (Not Transported),2,Dark - Unlighted,Clear,2,0,"['Driver', 'Rear_Seat']","['None_Used', 'None_Used']",0,0,Valid,0.0,4.0,41.0,40.0,"['Male', 'Male']",0,0,5,4,5,Dry,Straight,Level,Lowest,No
31860,48,Texas,480894,0,2,2,0,2,NOT APPLICABLE,April,2,Sunday,4,0,Urban,High Speed (Arterial),Yes,29.79475556,-95.16279167,Non-Intersection,Dark - Lighted,Cloudy,Unknown,Unknown,Unknown EMS Scene Arrival Hour,Unknown EMS Scene Arrival Minutes,Unknown,Unknown EMS Hospital Arrival Time,1,Dark - Lighted,Reduced Visibility,1,1,['Driver'],['Shoulder_Lapbelt'],1,1,Valid,1.0,0.0,50.0,31.0,"['Male', 'Male']",0,0,3,1,5,Dry,Straight,Level,Lowest,No
31861,48,Texas,480895,1,1,1,0,3,NOT APPLICABLE,April,10,Monday,22,32,Urban,High Speed (Arterial),No,30.02261111,-95.42472778,Non-Intersection,Dark - Not Lighted,Clear,Unknown,Unknown,Unknown EMS Scene Arrival Hour,Unknown EMS Scene Arrival Minutes,Unknown,Unknown EMS Hospital Arrival Time,1,Dark - Unlighted,Clear,0,3,[],[],0,0,Valid,0.0,0.0,39.0,39.0,['Female'],0,0,2,2,4,Dry,Straight,Grade/Hillcrest,Lowest,No
31862,48,Texas,480896,0,1,1,0,2,NOT APPLICABLE,April,1,Saturday,7,20,Rural,High Speed (Arterial),Yes,33.35883611,-101.55588611,Non-Intersection,Dawn,Clear,Unknown,Unknown,Unknown EMS Scene Arrival Hour,Unknown EMS Scene Arrival Minutes,Unknown,Unknown EMS Hospital Arrival Time,2,Twilight,Clear,2,0,"['Driver', 'Front_Passenger']","['Shoulder_Lapbelt', 'Shoulder_Lapbelt']",0,0,Valid,0.0,0.0,35.0,35.0,['Male'],0,0,3,1,3,Dry,Curve,Level,Lowest,No
31863,48,Texas,480897,0,2,2,0,4,BEAUMONT,April,9,Sunday,2,31,Urban,High Speed (Arterial),Yes,30.09353889,-94.13558056,Non-Intersection,Dark - Not Lighted,Clear,Unknown,Unknown,Unknown EMS Scene Arrival Hour,Unknown EMS Scene Arrival Minutes,Unknown,Unknown EMS Hospital Arrival Time,1,Dark - Unlighted,Clear,1,3,['Driver'],['None_Used'],1,1,Invalid,0.0,0.0,34.0,23.0,"['Female', 'Male']",1,0,2,1,5,Dry,Curve,Level,Lowest,No
31864,48,Texas,480898,1,1,1,0,1,NOT APPLICABLE,March,20,Monday,5,58,Rural,High Speed (Arterial),Yes,34.07678889,-99.02278889,Non-Intersection,Dark - Not Lighted,Clear,Unknown,Unknown if Notified,Unknown EMS Scene Arrival Hour,Unknown if Arrived,Not Applicable (Not Transported),Not Applicable (Not Transported),1,Dark - Unlighted,Clear,0,0,[],[],0,0,Invalid,0.0,0.0,999.0,999.0,['Other'],0,0,1,1,4,Dry,Straight,Level,Lowest,No
31865,48,Texas,480900,0,2,2,0,2,PLANO,April,3,Monday,21,56,Urban,High Speed (Arterial),No,33.018325,-96.6944,Simple Junction,Dark - Not Lighted,Clear,9:00pm-9:59pm,57,10:00pm-10:59pm,3,10:00pm-10:59pm,15,1,Dark - Unlighted,Clear,1,1,['Driver'],['None_Used'],1,1,Valid,1.0,0.0,44.0,22.0,"['Male', 'Male']",1,0,5,1,5,Dry,Straight,Level,Lowest,No
31866,48,Texas,480901,0,2,2,0,2,NOT APPLICABLE,March,30,Thursday,11,25,Rural,High Speed (Arterial),Yes,31.61705833,-97.05277778,Complex/Circle,Daylight,Cloudy,Unknown,Unknown if Notified,Unknown EMS Scene Arrival Hour,Unknown if Arrived,Not Applicable (Not Transported),Not Applicable (Not Transported),1,Daylight,Reduced Visibility,1,1,['Driver'],['None_Used'],0,0,Valid,0.0,0.0,34.0,26.0,"['Male', 'Male']",0,0,4,4,5,Dry,Straight,Level,Lowest,No
31867,48,Texas,480902,0,2,2,0,5,GARLAND,April,5,Wednesday,22,29,Urban,Medium Speed (Collector),No,32.911,-96.64811389,Complex/Circle,Dark - Lighted,Clear,Unknown,Unknown,Unknown EMS Scene Arrival Hour,Unknown EMS Scene Arrival Minutes,Unknown,Unknown EMS Hospital Arrival Time,1,Dark - Lighted,Clear,1,4,['Front_Passenger'],['Shoulder_Lapbelt'],0,0,Invalid,0.0,0.0,18.0,18.0,"['Male', 'Male']",3,0,2,1,5,Dry,Straight,Level,Lowest,No
31868,48,Texas,480903,0,2,2,0,2,COVINGTON,April,1,Saturday,23,21,Rural,Medium Speed (Collector),No,32.17470556,-97.25322222,Non-Intersection,Dark - Not Lighted,Clear,Unknown,Unknown,Unknown EMS Scene Arrival Hour,Unknown EMS Scene Arrival Minutes,Unknown,Unknown EMS Hospital Arrival Time,1,Dark - Unlighted,Clear,1,1,['Driver'],['None_Used'],1,1,Valid,1.0,0.0,43.0,30.0,"['Male', 'Male']",0,0,5,2,5,Dry,Straight,Level,Lowest,No
31869,48,Texas,480904,0,2,2,0,4,SAN ANTONIO,February,20,Monday,19,16,Urban,Medium Speed (Collector),No,29.42581389,-98.62561389,Non-Intersection,Dark - Lighted,Clear,Unknown,Unknown,Unknown EMS Scene Arrival Hour,Unknown EMS Scene Arrival Minutes,Unknown,Unknown EMS Hospital Arrival Time,1,Dark - Lighted,Clear,1,3,['Rear_Seat'],['None_Used'],0,0,Invalid,0.0,0.0,29.0,20.0,"['Male', 'Male']",1,0,3,1,5,Dry,Curve,Level,Lowest,Yes
31870,48,Texas,480905,0,1,1,0,1,CARROLLTON,March,22,Wednesday,1,36,Urban,High Speed (Arterial),Yes,32.97759167,-96.92576389,Non-Intersection,Dark - Lighted,Cloudy,Unknown,Unknown,Unknown EMS Scene Arrival Hour,Unknown EMS Scene Arrival Minutes,Unknown,Unknown EMS Hospital Arrival Time,1,Dark - Lighted,Reduced Visibility,1,0,['Driver'],['Shoulder_Lapbelt'],0,0,Invalid,0.0,0.0,29.0,29.0,['Female'],0,0,2,4,3,Wet/Standing Water,Straight,Level,Lowest,No
31871,48,Texas,480907,0,2,2,0,3,NOT APPLICABLE,March,29,Wednesday,13,18,Rural,Medium Speed (Collector),No,33.09448889,-95.57670278,Non-Intersection,Daylight,Cloudy,Unknown,Unknown,Unknown EMS Scene Arrival Hour,Unknown EMS Scene Arrival Minutes,Unknown,Unknown EMS Hospital Arrival Time,1,Daylight,Reduced Visibility,1,2,['Driver'],['None_Used'],0,0,Valid,0.0,0.0,80.0,44.0,"['Male', 'Female']",0,0,5,1,5,Dry,Straight,Level,Lowest,No
31872,48,Texas,480908,0,1,1,0,4,IRVING,April,5,Wednesday,13,15,Urban,Medium Speed (Collector),No,32.85901944,-96.97526389,Non-Intersection,Daylight,Cloudy,Unknown,Unknown,Unknown EMS Scene Arrival Hour,Unknown EMS Scene Arrival Minutes,Unknown,Unknown EMS Hospital Arrival Time,1,Daylight,Reduced Visibility,1,3,['Non_Standard_Risk'],['None_Used'],0,0,Invalid,0.0,0.0,15.0,15.0,['Female'],4,0,2,1,3,Dry,Curve,Grade/Hillcrest,Lowest,No
31873,48,Texas,480909,0,3,2,1,2,Other,April,8,Saturday,22,48,Urban,High Speed (Arterial),Yes,30.08085278,-97.69192222,Complex/Circle,Dark - Lighted,Cloudy,Unknown,Unknown,Unknown EMS Scene Arrival Hour,Unknown EMS Scene Arrival Minutes,Unknown,Unknown EMS Hospital Arrival Time,1,Dark - Lighted,Reduced Visibility,1,1,['Driver'],['Shoulder_Lapbelt'],0,0,Valid,0.0,0.0,26.0,19.0,"['Male', 'Male']",0,0,3,1,5,Dry,Straight,Level,Lowest,No
31874,48,Texas,480910,0,1,1,0,1,BEAUMONT,April,10,Monday,22,50,Urban,High Speed (Arterial),Yes,30.03350833,-94.06023889,Non-Intersection,Dark - Lighted,Clear,Unknown,Unknown if Notified,Unknown EMS Scene Arrival Hour,Unknown if Arrived,Not Applicable (Not Transported),Not Applicable (Not Transported),1,Dark - Lighted,Clear,1,0,['Driver'],['Shoulder_Lapbelt'],0,0,Valid,0.0,0.0,23.0,23.0,['Male'],1,0,3,4,3,Dry,Straight,Grade/Hillcrest,Lowest,No
31875,48,Texas,480911,1,1,1,0,2,NOT APPLICABLE,March,31,Friday,0,8,Rural,Medium Speed (Collector),No,29.79726667,-97.93803056,Non-Intersection,Dark - Not Lighted,Reported as Unknown,Unknown,Unknown if Notified,Unknown EMS Scene Arrival Hour,Unknown if Arrived,Not Applicable (Not Transported),Not Applicable (Not Transported),1,Dark - Unlighted,Clear,0,1,[],[],0,0,Valid,0.0,0.0,22.0,22.0,['Male'],0,0,3,3,4,Dry,Straight,Level,Lowest,No
31876,48,Texas,480912,0,2,2,0,4,NOT APPLICABLE,April,7,Friday,17,36,Rural,Medium Speed (Collector),No,33.26104722,-98.27024444,Complex/Circle,Daylight,Cloudy,Unknown,Unknown,Unknown EMS Scene Arrival Hour,Unknown EMS Scene Arrival Minutes,Unknown,Unknown EMS Hospital Arrival Time,2,Daylight,Reduced Visibility,2,2,"['Driver', 'Rear_Seat']","['Shoulder_Lapbelt', 'Shoulder_Lapbelt']",1,2,Valid,0.0,2.0,73.0,42.0,"['Male', 'Male']",0,0,3,1,5,Dry,Curve,Level,Lowest,No
31877,48,Texas,480913,0,2,2,0,3,NOT APPLICABLE,April,10,Monday,18,0,Rural,High Speed (Arterial),Yes,29.94526111,-104.24596389,Non-Intersection,Daylight,Clear,Unknown,Unknown,Unknown EMS Scene Arrival Hour,Unknown EMS Scene Arrival Minutes,Unknown,Unknown EMS Hospital Arrival Time,2,Daylight,Clear,2,1,"['Driver', 'Front_Passenger']","['Shoulder_Lapbelt', 'Shoulder_Lapbelt']",0,0,Valid,0.0,1.0,59.0,31.0,"['Female', 'Male']",0,0,3,1,5,Dry,Curve,Grade/Hillcrest,Lowest,No
31878,48,Texas,480914,1,1,1,0,1,DUNCANVILLE,April,3,Monday,7,49,Urban,Medium Speed (Collector),No,32.67458056,-96.90845556,Complex/Circle,Daylight,Clear,Unknown,Unknown if Notified,Unknown EMS Scene Arrival Hour,Unknown if Arrived,Not Applicable (Not Transported),Not Applicable (Not Transported),1,Daylight,Clear,0,1,[],[],0,0,Valid,0.0,0.0,51.0,51.0,['Male'],0,0,4,1,4,Dry,Straight,Level,Lowest,No
31879,48,Texas,480915,0,3,3,0,7,NOT APPLICABLE,March,27,Monday,11,38,Rural,Medium Speed (Collector),No,29.85104722,-97.83368333,Simple Junction,Daylight,Cloudy,Unknown,Unknown,Unknown EMS Scene Arrival Hour,Unknown EMS Scene Arrival Minutes,Unknown,Unknown EMS Hospital Arrival Time,1,Daylight,Reduced Visibility,1,6,['Rear_Seat'],['None_Used'],0,0,Valid,1.0,0.0,62.0,25.0,"['Male', 'Female', 'Male']",1,0,3,1,5,Dry,Straight,Level,Lowest,No
31880,48,Texas,480916,0,2,2,0,4,NEW BRAUNFELS,March,16,Thursday,1,44,Urban,High Speed (Arterial),Yes,29.74224722,-98.09503333,Non-Intersection,Dark - Not Lighted,Clear,1:00am-1:59am,44,2:00am-2:59am,7,2:00am-2:59am,23,1,Dark - Unlighted,Clear,1,3,['Driver'],['Shoulder_Lapbelt'],1,2,Valid,0.0,1.0,41.0,21.0,"['Female', 'Male']",0,0,3,1,5,Dry,Straight,Level,Lowest,No
31881,48,Texas,480917,0,2,2,0,2,NOT APPLICABLE,April,4,Tuesday,12,45,Rural,Medium Speed (Collector),No,32.24460278,-101.83968056,Non-Intersection,Daylight,Clear,Unknown,Unknown if Notified,Unknown EMS Scene Arrival Hour,Unknown if Arrived,Not Applicable (Not Transported),Not Applicable (Not Transported),1,Daylight,Clear,1,1,['Driver'],['None_Used'],0,0,Valid,0.0,0.0,48.0,46.0,"['Male', 'Male']",0,0,4,1,5,Dry,Straight,Level,Lowest,No
31882,48,Texas,480918,0,3,3,0,6,NOT APPLICABLE,April,10,Monday,19,0,Rural,Medium Speed (Collector),No,33.70908333,-96.64863611,Complex/Circle,Daylight,Clear,Unknown,Unknown,Unknown EMS Scene Arrival Hour,Unknown EMS Scene Arrival Minutes,Unknown,Unknown EMS Hospital Arrival Time,1,Daylight,Clear,1,5,['Driver'],['None_Used'],1,1,Valid,0.0,1.0,57.0,40.0,"['Male', 'Male', 'Male']",0,0,5,2,5,Dry,Straight,Level,Lowest,No
31883,48,Texas,480919,1,1,1,0,1,NOT APPLICABLE,April,10,Monday,4,36,Rural,Medium Speed (Collector),No,31.18130556,-97.98235556,Non-Intersection,Dark - Not Lighted,Cloudy,Unknown,Unknown,Unknown EMS Scene Arrival Hour,Unknown EMS Scene Arrival Minutes,Unknown,Unknown EMS Hospital Arrival Time,1,Dark - Unlighted,Reduced Visibility,0,1,[],[],0,0,Valid,0.0,0.0,63.0,63.0,['Male'],1,0,3,1,4,Dry,Straight,Level,Lowest,No
31884,48,Texas,480920,0,2,2,0,2,LONGVIEW,March,26,Sunday,23,6,Urban,High Speed (Arterial),Yes,32.5052,-94.77535278,Complex/Circle,Dark - Lighted,Clear,Unknown,Unknown,Unknown EMS Scene Arrival Hour,Unknown EMS Scene Arrival Minutes,Unknown,Unknown EMS Hospital Arrival Time,1,Dark - Lighted,Clear,1,1,['Driver'],['Shoulder_Lapbelt'],1,1,Valid,0.0,0.0,84.0,57.0,"['Female', 'Female']",0,0,3,1,5,Dry,Curve,Level,Lowest,No
31885,48,Texas,480921,0,2,2,0,3,RICHARDSON,April,5,Wednesday,10,2,Urban,Medium Speed (Collector),No,32.98203056,-96.68238333,Non-Intersection,Daylight,Clear,Unknown,Unknown,Unknown EMS Scene Arrival Hour,Unknown EMS Scene Arrival Minutes,Unknown,Unknown EMS Hospital Arrival Time,1,Daylight,Clear,1,2,['Front_Passenger'],['Shoulder_Lapbelt'],0,0,Valid,1.0,0.0,66.0,62.0,"['Male', 'Male']",0,0,3,2,5,Dry,Straight,Grade/Hillcrest,Lowest,No
31886,48,Texas,480922,1,1,1,0,1,TEXAS CITY,April,9,Sunday,3,15,Urban,High Speed (Arterial),Yes,29.39621111,-94.98706111,Non-Intersection,Dark - Not Lighted,Clear,Unknown,Unknown if Notified,Unknown EMS Scene Arrival Hour,Unknown if Arrived,Not Applicable (Not Transported),Not Applicable (Not Transported),1,Dark - Unlighted,Clear,0,0,[],[],0,0,Invalid,0.0,0.0,999.0,999.0,['Other'],0,0,1,1,4,Dry,Straight,Grade/Hillcrest,Lowest,No
31887,48,Texas,480923,0,1,1,0,1,DALLAS,March,30,Thursday,21,48,Urban,Low Speed (Local),No,32.71998056,-96.78922778,Non-Intersection,Dark - Lighted,Clear,Unknown,Unknown,Unknown EMS Scene Arrival Hour,Unknown EMS Scene Arrival Minutes,Not Applicable (Not Transported),Not Applicable (Not Transported),1,Dark - Lighted,Clear,1,0,['Driver'],['Shoulder_Lapbelt'],1,1,Valid,0.0,0.0,54.0,54.0,['Male'],0,0,2,4,3,Dry,Curve,Level,Lowest,No
31888,48,Texas,480924,0,2,2,0,5,NOT APPLICABLE,April,4,Tuesday,11,0,Rural,Medium Speed (Collector),No,33.41444167,-101.75586111,Non-Intersection,Daylight,Not Reported,Unknown,Unknown,Unknown EMS Scene Arrival Hour,Unknown EMS Scene Arrival Minutes,Unknown,Unknown EMS Hospital Arrival Time,2,Daylight,Clear,2,3,"['Driver', 'Rear_Seat']","['Shoulder_Lapbelt', 'None_Used']",0,0,Valid,0.0,0.0,76.0,60.0,"['Female', 'Male']",1,0,3,1,5,Dry,Straight,Level,Lowest,No
31889,48,Texas,480925,0,2,2,0,2,NOT APPLICABLE,April,10,Monday,19,6,Rural,Medium Speed (Collector),No,33.5929,-101.74765278,Non-Intersection,Daylight,Clear,Unknown,Unknown,Unknown EMS Scene Arrival Hour,Unknown EMS Scene Arrival Minutes,Unknown,Unknown EMS Hospital Arrival Time,1,Daylight,Clear,1,1,['Driver'],['None_Used'],0,0,Valid,0.0,0.0,65.0,40.0,"['Male', 'Male']",1,0,5,1,5,Dry,Straight,Level,Lowest,No
31890,48,Texas,480926,0,2,2,0,3,NOT APPLICABLE,April,9,Sunday,16,22,Rural,High Speed (Arterial),No,29.49726944,-99.10974167,Non-Intersection,Daylight,Clear,Unknown,Unknown,Unknown EMS Scene Arrival Hour,Unknown EMS Scene Arrival Minutes,Unknown,Unknown EMS Hospital Arrival Time,1,Daylight,Clear,1,2,['Driver'],['Shoulder_Lapbelt'],0,0,Valid,0.0,0.0,26.0,20.0,"['Male', 'Male']",0,0,3,1,5,Dry,Curve,Level,Medium,No
31891,48,Texas,480927,0,2,2,0,4,HOUSTON,April,12,Wednesday,14,37,Urban,Medium Speed (Collector),No,29.68439167,-95.51365278,Complex/Circle,Daylight,Clear,Unknown,Unknown,Unknown EMS Scene Arrival Hour,Unknown EMS Scene Arrival Minutes,Unknown,Unknown EMS Hospital Arrival Time,1,Daylight,Clear,1,3,['Driver'],['None_Used'],0,0,Invalid,0.0,0.0,57.0,27.0,"['Female', 'Male']",2,0,4,3,5,Dry,Straight,Level,Lowest,No
31892,48,Texas,480929,0,2,2,0,4,MIDLAND,April,3,Monday,19,13,Urban,Medium Speed (Collector),No,32.03687222,-102.14820556,Simple Junction,Daylight,Clear,Unknown,Unknown,Unknown EMS Scene Arrival Hour,Unknown EMS Scene Arrival Minutes,Unknown,Unknown EMS Hospital Arrival Time,2,Daylight,Clear,2,2,"['Driver', 'Rear_Seat']","['None_Used', 'None_Used']",0,0,Valid,0.0,0.0,36.0,23.0,"['Male', 'Male']",0,0,5,2,5,Dry,Straight,Level,Lowest,No
31893,48,Texas,480930,1,2,2,0,2,NOT APPLICABLE,April,1,Saturday,22,15,Rural,High Speed (Arterial),Yes,30.27374444,-96.04193056,Non-Intersection,Dark - Not Lighted,Clear,Unknown,Unknown if Notified,Unknown EMS Scene Arrival Hour,Unknown if Arrived,Not Applicable (Not Transported),Not Applicable (Not Transported),1,Dark - Unlighted,Clear,0,2,[],[],0,0,Valid,0.0,1.0,60.0,18.0,"['Male', 'Female']",0,0,3,1,5,Dry,Straight,Level,Lowest,No