,State_Code,State_Name,Crash_ID,Count_Non_Motorists,Count_Vehicles_Total,Count_Vehicle_Forms,Count_PVH_Involved,Count_Occupants_MV,City_Name,Month_Name,Day_of_Month,Day_of_Week,Crash_Hour,Crash_Minute,Area_Rural_Urban,Road_Functional_Class,On_NHS_Road,Latitude,Longitude,Intersection_Type,Light_Condition,Weather_Condition,Notif_Hour,Notif_Minute,Arrival_Hour,Arrival_Minute,Hospital_Hour,Hospital_Minute,Fatalities_Count,Clean_Light_Condition,Clean_Weather_Condition,Total_Killed,Total_Alive,Fatal_Seats_List,Killed_Restraint_List,Any_Driver_Drinking,Total_Drinking_Drivers,Driver_License_Category,Driver_Max_Prev_Accident_Count,Driver_Max_Prev_Speeding_Count,Max_Driver_Age,Min_Driver_Age,Driver_Sex_List,Total_Exceeding_Limit_Vehicles,Total_Too_Fast_Vehicles,Max_Vehicle_Type_Severity_5,Max_Vehicle_Damage_Rank,Max_Harmful_Event_Severity,Crash_Road_Surface_Condition,Crash_Horizontal_Alignment,Crash_Vertical_Profile,Crash_Impairment_Category,Crash_Vehicle_Defect
31894,48,Texas,480931,0,2,2,0,3,WACO,April,9,Sunday,21,6,Urban,Medium Speed (Collector),No,31.59291944,-97.15356389,Non-Intersection,Dark - Lighted,Clear,Unknown,Unknown,Unknown EMS Scene Arrival Hour,Unknown EMS Scene Arrival Minutes,Unknown,Unknown EMS Hospital Arrival Time,2,Dark - Lighted,Clear,2,1,"['Driver', 'Rear_Seat']","['None_Used', 'None_Used']",0,0,Invalid,0.0,0.0,28.0,18.0,"['Male', 'Male']",0,0,5,4,5,Dry,Straight,Level,Lowest,No
31895,48,Texas,480932,4,2,1,1,1,NOT APPLICABLE,April,8,Saturday,21,5,Rural,High Speed (Arterial),Yes,31.62385556,-97.03719722,Non-Intersection,Dark - Not Lighted,Clear,Unknown,Unknown,Unknown EMS Scene Arrival Hour,Unknown EMS Scene Arrival Minutes,Unknown,Unknown EMS Hospital Arrival Time,2,Dark - Unlighted,Clear,0,1,[],[],1,1,Invalid,0.0,0.0,26.0,26.0,['Male'],0,0,3,1,5,Dry,Straight,Level,Lowest,No
31896,48,Texas,480933,1,2,1,1,1,DALLAS,March,30,Thursday,23,41,Urban,High Speed (Arterial),Yes,32.76630833,-96.72844722,Non-Intersection,Dark - Lighted,Cloudy,Unknown,Unknown,Unknown EMS Scene Arrival Hour,Unknown EMS Scene Arrival Minutes,Unknown,Unknown EMS Hospital Arrival Time,1,Dark - Lighted,Reduced Visibility,1,0,['Driver'],['Shoulder_Lapbelt'],0,0,Valid,1.0,0.0,56.0,56.0,['Female'],1,0,3,1,5,Dry,Straight,Level,Lowest,No
31897,48,Texas,480934,1,1,1,0,1,DALLAS,March,28,Tuesday,6,2,Urban,Low Speed (Local),No,32.73731389,-96.80309444,Simple Junction,Dark - Lighted,Clear,Unknown,Unknown if Notified,Unknown EMS Scene Arrival Hour,Unknown if Arrived,Not Applicable (Not Transported),Not Applicable (Not Transported),1,Dark - Lighted,Clear,0,1,[],[],0,0,Valid,1.0,0.0,23.0,23.0,['Male'],0,0,3,1,4,Dry,Straight,Level,Lowest,No
31898,48,Texas,480935,0,4,4,0,7,KILLEEN,April,7,Friday,20,58,Urban,Medium Speed (Collector),No,31.08945833,-97.78998333,Non-Intersection,Dark - Lighted,Rain,Unknown,Unknown,Unknown EMS Scene Arrival Hour,Unknown EMS Scene Arrival Minutes,Unknown,Unknown EMS Hospital Arrival Time,1,Dark - Lighted,Rain/Wind/Minor,1,6,['Front_Passenger'],['Lapbelt_Only'],0,0,Valid,1.0,1.0,37.0,23.0,"['Male', 'Male', 'Male', 'Male']",3,0,2,1,5,Wet/Standing Water,Straight,Grade/Hillcrest,Lowest,No
31899,48,Texas,480936,0,2,2,0,3,BROWNSVILLE,April,15,Saturday,0,51,Urban,Medium Speed (Collector),No,25.93024444,-97.51780278,Simple Junction,Dark - Not Lighted,Clear,Unknown,Unknown,Unknown EMS Scene Arrival Hour,Unknown EMS Scene Arrival Minutes,Unknown,Unknown EMS Hospital Arrival Time,1,Dark - Unlighted,Clear,1,2,['Driver'],['None_Used'],1,1,Valid,0.0,0.0,25.0,24.0,"['Male', 'Male']",0,0,2,1,5,Dry,Straight,Level,Lowest,No
31900,48,Texas,480937,0,2,2,0,3,NOT APPLICABLE,April,7,Friday,9,47,Rural,High Speed (Arterial),Yes,27.76906667,-98.25804444,Non-Intersection,Daylight,Rain,Unknown,Unknown,Unknown EMS Scene Arrival Hour,Unknown EMS Scene Arrival Minutes,Unknown,Unknown EMS Hospital Arrival Time,1,Daylight,Rain/Wind/Minor,1,2,['Driver'],['Shoulder_Lapbelt'],0,0,Valid,0.0,0.0,46.0,35.0,"['Male', 'Male']",1,0,4,1,5,Wet/Standing Water,Straight,Level,Lowest,Yes
31901,48,Texas,480938,0,1,1,0,1,NOT APPLICABLE,April,13,Thursday,11,1,Rural,Medium Speed (Collector),No,32.47244444,-94.26815278,Non-Intersection,Daylight,Cloudy,Unknown,Unknown,Unknown EMS Scene Arrival Hour,Unknown EMS Scene Arrival Minutes,Unknown,Unknown EMS Hospital Arrival Time,1,Daylight,Reduced Visibility,1,0,['Driver'],['Shoulder_Lapbelt'],0,0,Valid,0.0,0.0,43.0,43.0,['Female'],0,0,3,1,3,Dry,Curve,Level,Lowest,No
31902,48,Texas,480939,0,3,3,0,3,DALLAS,April,11,Tuesday,21,36,Urban,High Speed (Arterial),Yes,32.82514722,-96.87183889,Non-Intersection,Dark - Lighted,Clear,Unknown,Unknown if Notified,Unknown EMS Scene Arrival Hour,Unknown if Arrived,Not Applicable (Not Transported),Not Applicable (Not Transported),1,Dark - Lighted,Clear,1,2,['Driver'],['None_Used'],0,0,Invalid,0.0,0.0,30.0,19.0,"['Male', 'Male', 'Male']",1,0,5,2,5,Dry,Straight,Grade/Hillcrest,Lowest,No
31903,48,Texas,480940,1,1,1,0,1,DALLAS,April,12,Wednesday,21,32,Urban,High Speed (Arterial),Yes,32.81189167,-96.86100278,Non-Intersection,Dark - Lighted,Clear,Unknown,Unknown if Notified,Unknown EMS Scene Arrival Hour,Unknown if Arrived,Not Applicable (Not Transported),Not Applicable (Not Transported),1,Dark - Lighted,Clear,0,1,[],[],0,0,Valid,1.0,0.0,41.0,41.0,['Male'],0,0,3,1,4,Dry,Curve,Level,Lowest,No
31904,48,Texas,480941,1,1,1,0,1,AUSTIN,January,25,Wednesday,19,45,Urban,Low Speed (Local),No,30.43814167,-97.78433333,Non-Intersection,Dark - Not Lighted,Clear,Unknown,Unknown,Unknown EMS Scene Arrival Hour,Unknown EMS Scene Arrival Minutes,Unknown,Unknown EMS Hospital Arrival Time,1,Dark - Unlighted,Clear,0,1,[],[],0,0,Valid,0.0,0.0,63.0,63.0,['Female'],0,0,2,2,4,Dry,Curve,Level,Lowest,No
31905,48,Texas,480942,0,3,3,0,6,PALESTINE,April,15,Saturday,23,7,Urban,High Speed (Arterial),Yes,31.76088056,-95.65834722,Complex/Circle,Dark - Lighted,Clear,Unknown,Unknown,Unknown EMS Scene Arrival Hour,Unknown EMS Scene Arrival Minutes,Unknown,Unknown EMS Hospital Arrival Time,1,Dark - Lighted,Clear,1,4,['Driver'],['None_Used'],1,1,Valid,0.0,0.0,999.0,45.0,"['Male', 'Male', 'Other']",1,0,3,1,5,Dry,Straight,Grade/Hillcrest,Lowest,No
31906,48,Texas,480943,0,2,2,0,5,ODESSA,April,13,Thursday,21,23,Urban,High Speed (Arterial),No,31.86336944,-102.33580278,Non-Intersection,Dark - Lighted,Clear,Unknown,Unknown,Unknown EMS Scene Arrival Hour,Unknown EMS Scene Arrival Minutes,Unknown,Unknown EMS Hospital Arrival Time,1,Dark - Lighted,Clear,1,4,['Driver'],['Shoulder_Lapbelt'],1,2,Valid,0.0,0.0,28.0,26.0,"['Male', 'Male']",2,0,3,1,5,Dry,Straight,Non-Trafficway,Lowest,No
31907,48,Texas,480944,0,2,2,0,2,ODESSA,April,14,Friday,21,57,Urban,High Speed (Arterial),Yes,31.89183056,-102.34183056,Complex/Circle,Dark - Lighted,Clear,Unknown,Unknown,Unknown EMS Scene Arrival Hour,Unknown EMS Scene Arrival Minutes,Unknown,Unknown EMS Hospital Arrival Time,1,Dark - Lighted,Clear,1,1,['Driver'],['None_Used'],0,0,Valid,0.0,0.0,52.0,21.0,"['Male', 'Male']",0,0,3,2,5,Dry,Straight,Level,Lowest,No
31908,48,Texas,480945,0,2,2,0,2,NOT APPLICABLE,April,4,Tuesday,21,53,Rural,Medium Speed (Collector),No,30.51269167,-98.37536944,Non-Intersection,Dark - Not Lighted,Clear,Unknown,Unknown,Unknown EMS Scene Arrival Hour,Unknown EMS Scene Arrival Minutes,Unknown,Unknown EMS Hospital Arrival Time,1,Dark - Unlighted,Clear,1,1,['Driver'],['None_Used'],1,1,Valid,1.0,0.0,53.0,18.0,"['Male', 'Male']",0,0,3,4,5,Dry,Straight,Level,Lowest,No
31909,48,Texas,480946,0,2,2,0,2,NOT APPLICABLE,March,25,Saturday,21,50,Rural,Medium Speed (Collector),No,30.94861944,-96.28936111,Non-Intersection,Daylight,Clear,Unknown,Unknown,Unknown EMS Scene Arrival Hour,Unknown EMS Scene Arrival Minutes,Unknown,Unknown EMS Hospital Arrival Time,1,Daylight,Clear,1,1,['Driver'],['Shoulder_Lapbelt'],1,1,Invalid,0.0,0.0,32.0,29.0,"['Male', 'Male']",0,0,3,1,5,Dry,Straight,Level,Lowest,No
31910,48,Texas,480947,0,2,2,0,2,NOT APPLICABLE,March,22,Wednesday,20,49,Rural,Medium Speed (Collector),No,28.75237222,-98.346575,Non-Intersection,Dark - Not Lighted,Cloudy,Unknown,Unknown if Notified,Unknown EMS Scene Arrival Hour,Unknown if Arrived,Not Applicable (Not Transported),Not Applicable (Not Transported),1,Dark - Unlighted,Reduced Visibility,1,1,['Driver'],['Shoulder_Lapbelt'],0,0,Valid,1.0,0.0,67.0,50.0,"['Male', 'Male']",0,0,4,4,5,Dry,Straight,Level,Lowest,No
31911,48,Texas,480948,1,4,4,0,2,NOT APPLICABLE,March,28,Tuesday,12,56,Rural,High Speed (Arterial),Yes,31.81532778,-97.09804722,Non-Intersection,Daylight,Clear,Unknown,Unknown,Unknown EMS Scene Arrival Hour,Unknown EMS Scene Arrival Minutes,Unknown,Unknown EMS Hospital Arrival Time,1,Daylight,Clear,0,2,[],[],0,0,Valid,1.0,0.0,71.0,30.0,"['Male', 'Male']",1,0,4,1,5,Dry,Straight,Level,Lowest,No
31912,48,Texas,480949,0,2,2,0,4,NOT APPLICABLE,April,9,Sunday,5,27,Rural,High Speed (Arterial),Yes,32.35550833,-95.20569167,Non-Intersection,Dark - Not Lighted,Clear,Unknown,Unknown,Unknown EMS Scene Arrival Hour,Unknown EMS Scene Arrival Minutes,Unknown,Unknown EMS Hospital Arrival Time,2,Dark - Unlighted,Clear,2,2,"['Driver', 'Driver']","['Shoulder_Lapbelt', 'None_Used']",1,2,Valid,0.0,1.0,24.0,21.0,"['Female', 'Female']",0,0,2,4,5,Dry,Straight,Level,Lowest,No
31913,48,Texas,480950,0,2,2,0,2,DENTON,April,2,Sunday,14,21,Urban,Medium Speed (Collector),Yes,33.19286944,-97.11616944,Complex/Circle,Daylight,Clear,Unknown,Unknown,Unknown EMS Scene Arrival Hour,Unknown EMS Scene Arrival Minutes,Unknown,Unknown EMS Hospital Arrival Time,1,Daylight,Clear,1,1,['Driver'],['None_Used'],1,1,Valid,0.0,0.0,68.0,35.0,"['Female', 'Male']",1,0,5,1,5,Dry,Straight,Grade/Hillcrest,Lowest,No
31914,48,Texas,480952,0,1,1,0,1,NOT APPLICABLE,April,15,Saturday,7,47,Rural,Medium Speed (Collector),No,30.28873889,-98.70131667,Non-Intersection,Dark - Unknown Lighting,Clear,Unknown,Unknown if Notified,Unknown EMS Scene Arrival Hour,Unknown if Arrived,Not Applicable (Not Transported),Not Applicable (Not Transported),1,Dark - Unlighted,Clear,1,0,['Driver'],['None_Used'],1,1,Valid,0.0,0.0,23.0,23.0,['Male'],0,0,3,1,3,Dry,Straight,Grade/Hillcrest,Lowest,No
31915,48,Texas,480953,0,3,3,0,3,FLOWER MOUND,April,16,Sunday,12,9,Urban,High Speed (Arterial),Yes,33.02420278,-97.07069444,Non-Intersection,Daylight,Clear,Unknown,Unknown,Unknown EMS Scene Arrival Hour,Unknown EMS Scene Arrival Minutes,Unknown,Unknown EMS Hospital Arrival Time,1,Daylight,Clear,1,2,['Driver'],['None_Used'],0,0,Valid,0.0,0.0,82.0,47.0,"['Male', 'Male', 'Male']",1,0,3,2,5,Dry,Straight,Level,Lowest,No
31916,48,Texas,480954,0,1,1,0,2,LUBBOCK,April,9,Sunday,1,21,Urban,Low Speed (Local),No,33.56317778,-102.02711667,Complex/Circle,Dark - Not Lighted,Cloudy,Unknown,Unknown,Unknown EMS Scene Arrival Hour,Unknown EMS Scene Arrival Minutes,Unknown,Unknown EMS Hospital Arrival Time,1,Dark - Unlighted,Reduced Visibility,1,1,['Driver'],['None_Used'],0,0,Valid,0.0,0.0,19.0,19.0,['Male'],2,0,3,1,3,Dry,Straight,Grade/Hillcrest,Lowest,No
31917,48,Texas,480955,1,1,1,0,1,ODESSA,April,17,Monday,20,53,Urban,Medium Speed (Collector),No,31.85908889,-102.39503611,Non-Intersection,Dark - Lighted,Clear,Unknown,Unknown,Unknown EMS Scene Arrival Hour,Unknown EMS Scene Arrival Minutes,Unknown,Unknown EMS Hospital Arrival Time,1,Dark - Lighted,Clear,0,1,[],[],0,0,Valid,2.0,2.0,24.0,24.0,['Male'],0,0,3,2,4,Dry,Straight,Level,Lowest,No
31918,48,Texas,480956,0,1,1,0,1,DALLAS,April,17,Monday,3,30,Urban,High Speed (Arterial),Yes,32.70974444,-96.82954444,Non-Intersection,Dark - Lighted,Clear,Unknown,Unknown,Unknown EMS Scene Arrival Hour,Unknown EMS Scene Arrival Minutes,Unknown,Unknown EMS Hospital Arrival Time,1,Dark - Lighted,Clear,1,0,['Driver'],['None_Used'],1,1,Valid,1.0,0.0,45.0,45.0,['Female'],0,0,3,1,3,Dry,Curve,Level,Lowest,No
31919,48,Texas,480957,0,2,2,0,3,HOUSTON,March,31,Friday,22,15,Urban,High Speed (Arterial),Yes,29.83107778,-95.21379444,Non-Intersection,Dark - Unknown Lighting,Clear,Unknown,Unknown if Notified,Unknown EMS Scene Arrival Hour,Unknown if Arrived,Not Applicable (Not Transported),Not Applicable (Not Transported),2,Dark - Unlighted,Clear,2,1,"['Driver', 'Front_Passenger']","['Shoulder_Lapbelt', 'Shoulder_Lapbelt']",1,1,Valid,2.0,0.0,51.0,21.0,"['Male', 'Male']",0,0,4,1,5,Dry,Straight,Level,Lowest,No
31920,48,Texas,480958,0,2,2,0,4,NOT APPLICABLE,April,8,Saturday,22,5,Urban,Low Speed (Local),No,26.3133,-98.55579167,Simple Junction,Dark - Lighted,Clear,Unknown,Unknown if Notified,Unknown EMS Scene Arrival Hour,Unknown if Arrived,Not Applicable (Not Transported),Not Applicable (Not Transported),1,Dark - Lighted,Clear,1,3,['Driver'],['None_Used'],0,0,Valid,0.0,0.0,22.0,20.0,"['Female', 'Male']",0,0,5,1,5,Dry,Straight,Level,Lowest,No
31921,48,Texas,480959,1,1,1,0,1,HOUSTON,March,31,Friday,6,50,Urban,Low Speed (Local),No,29.78865556,-95.37217222,Non-Intersection,Daylight,Clear,Unknown,Unknown,Unknown EMS Scene Arrival Hour,Unknown EMS Scene Arrival Minutes,Unknown,Unknown EMS Hospital Arrival Time,1,Daylight,Clear,0,1,[],[],0,0,Invalid,0.0,1.0,32.0,32.0,['Female'],0,0,2,2,4,Dry,Straight,Level,Lowest,No
31922,48,Texas,480960,0,2,2,0,3,WAXAHACHIE,April,6,Thursday,20,40,Urban,High Speed (Arterial),Yes,32.47379167,-96.82955278,Simple Junction,Dark - Not Lighted,Clear,Unknown,Unknown,Unknown EMS Scene Arrival Hour,Unknown EMS Scene Arrival Minutes,Unknown,Unknown EMS Hospital Arrival Time,1,Dark - Unlighted,Clear,1,2,['Driver'],['None_Used'],0,0,Valid,0.0,0.0,37.0,22.0,"['Male', 'Female']",1,0,5,4,5,Dry,Curve,Level,Lowest,No
31923,48,Texas,480961,0,2,2,0,6,MISSOURI CITY,April,16,Sunday,13,54,Urban,Medium Speed (Collector),No,29.583025,-95.54345278,Simple Junction,Daylight,Clear,Unknown,Unknown,Unknown EMS Scene Arrival Hour,Unknown EMS Scene Arrival Minutes,Unknown,Unknown EMS Hospital Arrival Time,1,Daylight,Clear,1,5,['Driver'],['Shoulder_Lapbelt'],0,0,Valid,0.0,0.0,41.0,30.0,"['Female', 'Female']",2,0,3,1,5,Dry,Straight,Level,Lowest,No
31924,48,Texas,480962,1,1,1,0,1,COMMERCE,April,11,Tuesday,15,32,Urban,High Speed (Arterial),Yes,33.22956389,-95.91260833,Non-Intersection,Daylight,Clear,Unknown,Unknown,Unknown EMS Scene Arrival Hour,Unknown EMS Scene Arrival Minutes,Unknown,Unknown EMS Hospital Arrival Time,1,Daylight,Clear,0,1,[],[],0,0,Valid,0.0,2.0,29.0,29.0,['Male'],0,0,2,1,4,Dry,Straight,Level,Lowest,No
31925,48,Texas,480963,3,3,2,1,2,GRAND PRAIRIE,April,9,Sunday,17,19,Urban,High Speed (Arterial),Yes,32.67497222,-97.00606944,Non-Intersection,Daylight,Clear,Unknown,Unknown,Unknown EMS Scene Arrival Hour,Unknown EMS Scene Arrival Minutes,Unknown,Unknown EMS Hospital Arrival Time,2,Daylight,Clear,0,2,[],[],0,0,Valid,1.0,1.0,50.0,22.0,"['Male', 'Female']",1,0,3,1,5,Dry,Straight,Level,Lowest,No
31926,48,Texas,480964,0,1,1,0,1,HOUSTON,March,25,Saturday,15,17,Urban,High Speed (Arterial),Yes,29.66908611,-95.38266667,Non-Intersection,Daylight,Clear,Unknown,Unknown if Notified,Unknown EMS Scene Arrival Hour,Unknown if Arrived,Not Applicable (Not Transported),Not Applicable (Not Transported),1,Daylight,Clear,1,0,['Driver'],['None_Used'],1,1,Valid,0.0,0.0,59.0,59.0,['Male'],0,0,5,1,2,Dry,Straight,Level,Lowest,No
31927,48,Texas,480965,0,1,1,0,1,NOT APPLICABLE,January,17,Tuesday,9,53,Rural,Medium Speed (Collector),No,31.16720278,-98.07879167,Simple Junction,Daylight,Clear,Unknown,Unknown,Unknown EMS Scene Arrival Hour,Unknown EMS Scene Arrival Minutes,Unknown,Unknown EMS Hospital Arrival Time,1,Daylight,Clear,1,0,['Driver'],['Shoulder_Lapbelt'],0,0,Valid,0.0,0.0,73.0,73.0,['Female'],0,0,3,2,2,Dry,Straight,Level,Medium,No
31928,48,Texas,480966,1,1,1,0,1,JASPER,March,5,Sunday,12,15,Urban,High Speed (Arterial),Yes,30.90768611,-94.01566111,Non-Intersection,Daylight,Clear,Unknown,Unknown if Notified,Unknown EMS Scene Arrival Hour,Unknown if Arrived,Not Applicable (Not Transported),Not Applicable (Not Transported),1,Daylight,Clear,0,1,[],[],0,0,Valid,1.0,0.0,79.0,79.0,['Male'],0,0,3,1,4,Dry,Straight,Non-Trafficway,Highest,No
31929,48,Texas,480967,0,2,2,0,2,NOT APPLICABLE,April,10,Monday,18,9,Rural,Medium Speed (Collector),No,30.43717778,-95.34828333,Non-Intersection,Dusk,Clear,Unknown,Unknown if Notified,Unknown EMS Scene Arrival Hour,Unknown if Arrived,Not Applicable (Not Transported),Not Applicable (Not Transported),1,Twilight,Clear,1,1,['Driver'],['None_Used'],0,0,Valid,0.0,0.0,72.0,66.0,"['Male', 'Male']",0,0,5,2,5,Dry,Straight,Level,Lowest,No
31930,48,Texas,480968,1,2,2,0,2,NOT APPLICABLE,April,10,Monday,5,16,Urban,High Speed (Arterial),Yes,29.77070278,-95.17915556,Non-Intersection,Dark - Lighted,Clear,Unknown,Unknown,Unknown EMS Scene Arrival Hour,Unknown EMS Scene Arrival Minutes,Unknown,Unknown EMS Hospital Arrival Time,1,Dark - Lighted,Clear,0,1,[],[],0,0,Valid,1.0,0.0,999.0,58.0,"['Male', 'Other']",0,0,3,2,4,Dry,Straight,Level,Lowest,No
31931,48,Texas,480969,0,1,1,0,1,NOT APPLICABLE,April,7,Friday,15,55,Urban,Low Speed (Local),No,29.89871389,-95.35763889,Non-Intersection,Daylight,Rain,Unknown,Unknown,Unknown EMS Scene Arrival Hour,Unknown EMS Scene Arrival Minutes,Unknown,Unknown EMS Hospital Arrival Time,1,Daylight,Rain/Wind/Minor,1,0,['Driver'],['None_Used'],0,0,Valid,0.0,0.0,17.0,17.0,['Male'],1,0,2,3,2,Wet/Standing Water,Straight,Level,Lowest,No
31932,48,Texas,480970,0,2,2,0,3,NOT APPLICABLE,April,11,Tuesday,6,30,Rural,Medium Speed (Collector),No,32.49633056,-101.16552778,Non-Intersection,Dark - Not Lighted,"Fog, Smog, Smoke",Unknown,Unknown if Notified,Unknown EMS Scene Arrival Hour,Unknown if Arrived,Not Applicable (Not Transported),Not Applicable (Not Transported),1,Dark - Unlighted,Reduced Visibility,1,2,['Front_Passenger'],['Shoulder_Lapbelt'],1,1,Valid,0.0,0.0,34.0,27.0,"['Male', 'Male']",0,0,3,1,5,Dry,Straight,Level,Lowest,No
31933,48,Texas,480971,0,3,3,0,6,NOT APPLICABLE,April,6,Thursday,18,8,Urban,High Speed (Arterial),Yes,31.12236389,-97.76118056,Non-Intersection,Daylight,Rain,Unknown,Unknown,Unknown EMS Scene Arrival Hour,Unknown EMS Scene Arrival Minutes,Unknown,Unknown EMS Hospital Arrival Time,2,Daylight,Rain/Wind/Minor,2,4,"['Front_Passenger', 'Front_Passenger']","['Child_Safety', 'Child_Safety']",1,1,Invalid,0.0,0.0,42.0,17.0,"['Male', 'Female', 'Male']",0,0,3,1,5,Wet/Standing Water,Straight,Level,Lowest,No
31934,48,Texas,480972,0,2,2,0,2,NOT APPLICABLE,March,31,Friday,20,57,Rural,Low Speed (Local),No,31.89858611,-103.678175,Non-Intersection,Dark - Not Lighted,Clear,Unknown,Unknown if Notified,Unknown EMS Scene Arrival Hour,Unknown if Arrived,Not Applicable (Not Transported),Not Applicable (Not Transported),1,Dark - Unlighted,Clear,1,1,['Driver'],['None_Used'],0,0,Invalid,0.0,3.0,44.0,35.0,"['Male', 'Male']",1,0,4,1,5,Dry,Straight,Level,Lowest,No
31935,48,Texas,480974,0,2,2,0,3,EL PASO,April,18,Tuesday,8,16,Urban,High Speed (Arterial),Yes,31.75206944,-106.41558056,Non-Intersection,Daylight,Clear,Unknown,Unknown,Unknown EMS Scene Arrival Hour,Unknown EMS Scene Arrival Minutes,Unknown,Unknown EMS Hospital Arrival Time,1,Daylight,Clear,1,2,['Driver'],['Shoulder_Lapbelt'],1,1,Valid,0.0,0.0,47.0,31.0,"['Male', 'Female']",0,0,3,1,5,Dry,Straight,Level,Lowest,No
31936,48,Texas,480975,0,1,1,0,1,GRAND PRAIRIE,April,9,Sunday,11,59,Urban,High Speed (Arterial),Yes,32.67578056,-97.01544167,Non-Intersection,Daylight,Cloudy,Unknown,Unknown,Unknown EMS Scene Arrival Hour,Unknown EMS Scene Arrival Minutes,Unknown,Unknown EMS Hospital Arrival Time,1,Daylight,Reduced Visibility,1,0,['Driver'],['None_Used'],0,0,Invalid,0.0,1.0,31.0,31.0,['Female'],1,0,3,4,0,Dry,Curve,Grade/Hillcrest,Lowest,No
31937,48,Texas,480976,0,2,2,0,2,NOT APPLICABLE,April,17,Monday,19,22,Urban,High Speed (Arterial),Yes,26.26071389,-98.0375,Simple Junction,Daylight,Clear,Unknown,Unknown,Unknown EMS Scene Arrival Hour,Unknown EMS Scene Arrival Minutes,Unknown,Unknown EMS Hospital Arrival Time,1,Daylight,Clear,1,1,['Driver'],['None_Used'],0,0,Valid,0.0,1.0,40.0,19.0,"['Male', 'Female']",0,0,5,1,5,Dry,Straight,Level,Lowest,No
31938,48,Texas,480977,1,1,1,0,1,AUSTIN,April,12,Wednesday,19,22,Urban,Medium Speed (Collector),No,30.35653056,-97.68975278,Non-Intersection,Dusk,Clear,Unknown,Unknown,Unknown EMS Scene Arrival Hour,Unknown EMS Scene Arrival Minutes,Unknown,Unknown EMS Hospital Arrival Time,1,Twilight,Clear,0,0,[],[],0,0,Invalid,0.0,0.0,999.0,999.0,['Male'],0,0,3,2,4,Dry,Straight,Non-Trafficway,Lowest,No
31939,48,Texas,480979,0,1,1,0,1,HOUSTON,March,21,Tuesday,13,16,Urban,High Speed (Arterial),No,29.77161944,-95.562775,Non-Intersection,Daylight,Clear,Unknown,Unknown if Notified,Unknown EMS Scene Arrival Hour,Unknown if Arrived,Not Applicable (Not Transported),Not Applicable (Not Transported),1,Daylight,Clear,1,0,['Driver'],['None_Used'],0,0,Valid,1.0,0.0,32.0,32.0,['Male'],0,0,5,1,3,Dry,Straight,Level,Lowest,No
31940,48,Texas,480981,1,1,1,0,1,INGLESIDE,April,14,Friday,13,39,Urban,Medium Speed (Collector),No,27.87997778,-97.21040278,Simple Junction,Daylight,Cloudy,Unknown,Unknown,Unknown EMS Scene Arrival Hour,Unknown EMS Scene Arrival Minutes,Unknown,Unknown EMS Hospital Arrival Time,1,Daylight,Reduced Visibility,0,1,[],[],0,0,Valid,0.0,0.0,73.0,73.0,['Male'],0,0,3,1,4,Dry,Straight,Level,Lowest,No
31941,48,Texas,480982,0,1,1,0,1,NOT APPLICABLE,April,18,Tuesday,1,45,Rural,Medium Speed (Collector),No,30.91864167,-95.90610278,Non-Intersection,Dark - Not Lighted,Reported as Unknown,Unknown,Unknown if Notified,Unknown EMS Scene Arrival Hour,Unknown if Arrived,Not Applicable (Not Transported),Not Applicable (Not Transported),1,Dark - Unlighted,Clear,1,0,['Driver'],['None_Used'],1,1,Invalid,0.0,0.0,38.0,38.0,['Male'],1,0,3,1,3,Dry,Curve,Level,Lowest,No
31942,48,Texas,480983,0,2,2,0,2,NOT APPLICABLE,April,4,Tuesday,12,36,Urban,Medium Speed (Collector),No,29.78270556,-94.88276667,Simple Junction,Daylight,Cloudy,Unknown,Unknown,Unknown EMS Scene Arrival Hour,Unknown EMS Scene Arrival Minutes,Unknown,Unknown EMS Hospital Arrival Time,1,Daylight,Reduced Visibility,1,1,['Driver'],['Shoulder_Lapbelt'],0,0,Valid,1.0,1.0,51.0,29.0,"['Male', 'Male']",0,0,4,1,5,Dry,Straight,Level,Lowest,Yes
31943,48,Texas,480984,0,2,2,0,3,NOT APPLICABLE,April,6,Thursday,6,20,Rural,High Speed (Arterial),Yes,26.07360278,-97.83490833,Non-Intersection,Dark - Lighted,Cloudy,Unknown,Unknown,Unknown EMS Scene Arrival Hour,Unknown EMS Scene Arrival Minutes,Unknown,Unknown EMS Hospital Arrival Time,1,Dark - Lighted,Reduced Visibility,1,2,['Driver'],['Shoulder_Lapbelt'],0,0,Valid,0.0,4.0,44.0,28.0,"['Male', 'Male']",0,0,4,2,5,Dry,Straight,Level,Lowest,No
31944,48,Texas,480985,1,1,1,0,2,NOT APPLICABLE,April,16,Sunday,3,8,Urban,Medium Speed (Collector),No,30.10752778,-95.50691944,Non-Intersection,Dark - Lighted,Clear,Unknown,Unknown if Notified,Unknown EMS Scene Arrival Hour,Unknown if Arrived,Not Applicable (Not Transported),Not Applicable (Not Transported),1,Dark - Lighted,Clear,0,1,[],[],0,0,Valid,0.0,0.0,20.0,20.0,['Male'],2,0,2,1,4,Dry,Straight,Level,Lowest,No