,State_Code,State_Name,Crash_ID,Count_Non_Motorists,Count_Vehicles_Total,Count_Vehicle_Forms,Count_PVH_Involved,Count_Occupants_MV,City_Name,Month_Name,Day_of_Month,Day_of_Week,Crash_Hour,Crash_Minute,Area_Rural_Urban,Road_Functional_Class,On_NHS_Road,Latitude,Longitude,Intersection_Type,Light_Condition,Weather_Condition,Notif_Hour,Notif_Minute,Arrival_Hour,Arrival_Minute,Hospital_Hour,Hospital_Minute,Fatalities_Count,Clean_Light_Condition,Clean_Weather_Condition,Total_Killed,Total_Alive,Fatal_Seats_List,Killed_Restraint_List,Any_Driver_Drinking,Total_Drinking_Drivers,Driver_License_Category,Driver_Max_Prev_Accident_Count,Driver_Max_Prev_Speeding_Count,Max_Driver_Age,Min_Driver_Age,Driver_Sex_List,Total_Exceeding_Limit_Vehicles,Total_Too_Fast_Vehicles,Max_Vehicle_Type_Severity_5,Max_Vehicle_Damage_Rank,Max_Harmful_Event_Severity,Crash_Road_Surface_Condition,Crash_Horizontal_Alignment,Crash_Vertical_Profile,Crash_Impairment_Category,Crash_Vehicle_Defect
31945,48,Texas,480986,0,2,2,0,4,NOT APPLICABLE,April,8,Saturday,23,5,Rural,High Speed (Arterial),Yes,31.52641111,-96.11393333,Non-Intersection,Dark - Not Lighted,Clear,Unknown,Unknown,Unknown EMS Scene Arrival Hour,Unknown EMS Scene Arrival Minutes,Unknown,Unknown EMS Hospital Arrival Time,1,Dark - Unlighted,Clear,1,3,['Rear_Seat'],['None_Used'],1,1,Invalid,0.0,0.0,54.0,36.0,"['Male', 'Female']",1,0,3,1,5,Dry,Straight,Level,Lowest,No
31946,48,Texas,480988,0,2,2,0,4,NOT APPLICABLE,April,10,Monday,12,33,Rural,Medium Speed (Collector),No,31.66338333,-96.34461944,Non-Intersection,Daylight,Cloudy,Unknown,Unknown,Unknown EMS Scene Arrival Hour,Unknown EMS Scene Arrival Minutes,Unknown,Unknown EMS Hospital Arrival Time,2,Daylight,Reduced Visibility,2,2,"['Driver', 'Front_Passenger']","['None_Used', 'None_Used']",1,1,Invalid,2.0,0.0,54.0,38.0,"['Female', 'Female']",0,0,3,4,5,Dry,Straight,Level,Lowest,No
31947,48,Texas,480989,1,1,1,0,1,NOT APPLICABLE,April,14,Friday,19,54,Rural,High Speed (Arterial),Yes,31.89621111,-97.08849444,Non-Intersection,Dark - Not Lighted,Clear,Unknown,Unknown,Unknown EMS Scene Arrival Hour,Unknown EMS Scene Arrival Minutes,Unknown,Unknown EMS Hospital Arrival Time,1,Dark - Unlighted,Clear,0,1,[],[],0,0,Valid,0.0,1.0,47.0,47.0,['Male'],0,0,4,0,4,Dry,Straight,Level,Lowest,No
31948,48,Texas,480990,0,1,1,0,1,DALLAS,April,19,Wednesday,19,48,Urban,High Speed (Arterial),Yes,32.76658611,-96.91311389,Non-Intersection,Daylight,Clear,Unknown,Unknown,Unknown EMS Scene Arrival Hour,Unknown EMS Scene Arrival Minutes,Unknown,Unknown EMS Hospital Arrival Time,1,Daylight,Clear,1,0,['Driver'],['None_Used'],1,1,Valid,0.0,0.0,57.0,57.0,['Male'],0,0,3,1,3,Dry,Straight,Grade/Hillcrest,Lowest,No
31949,48,Texas,480991,0,2,2,0,2,BRENHAM,April,20,Thursday,14,30,Urban,High Speed (Arterial),Yes,30.18028056,-96.41932222,Simple Junction,Daylight,Clear,Unknown,Unknown,Unknown EMS Scene Arrival Hour,Unknown EMS Scene Arrival Minutes,Unknown,Unknown EMS Hospital Arrival Time,1,Daylight,Clear,1,1,['Driver'],['Shoulder_Lapbelt'],0,0,Valid,0.0,0.0,64.0,60.0,"['Male', 'Female']",1,0,3,1,5,Dry,Straight,Level,Lowest,No
31950,48,Texas,480992,0,1,1,0,1,NOT APPLICABLE,April,18,Tuesday,15,34,Urban,Low Speed (Local),No,35.03718611,-101.92093611,Non-Intersection,Daylight,Clear,Unknown,Unknown,Unknown EMS Scene Arrival Hour,Unknown EMS Scene Arrival Minutes,Unknown,Unknown EMS Hospital Arrival Time,1,Daylight,Clear,1,0,['Driver'],['Shoulder_Lapbelt'],0,0,Valid,0.0,0.0,58.0,58.0,['Female'],1,0,3,1,2,Dry,Curve,Level,Lowest,No
31951,48,Texas,480993,1,1,1,0,1,AUSTIN,April,18,Tuesday,8,17,Urban,Medium Speed (Collector),No,30.27604722,-97.75171389,Non-Intersection,Daylight,Cloudy,Unknown,Unknown if Notified,Unknown EMS Scene Arrival Hour,Unknown if Arrived,Not Applicable (Not Transported),Not Applicable (Not Transported),1,Daylight,Reduced Visibility,0,1,[],[],0,0,Valid,0.0,0.0,50.0,50.0,['Male'],0,0,3,2,4,Dry,Straight,Level,Lowest,No
31952,48,Texas,480994,1,1,1,0,1,SAN ANTONIO,January,23,Monday,8,13,Urban,High Speed (Arterial),Yes,29.35147222,-98.461175,Non-Intersection,Daylight,Clear,Unknown,Unknown,Unknown EMS Scene Arrival Hour,Unknown EMS Scene Arrival Minutes,Unknown,Unknown EMS Hospital Arrival Time,1,Daylight,Clear,0,1,[],[],0,0,Valid,0.0,1.0,48.0,48.0,['Male'],0,0,3,1,4,Dry,Straight,Level,Lowest,No
31953,48,Texas,480995,0,1,1,0,1,SAN ANTONIO,April,21,Friday,6,19,Urban,High Speed (Arterial),Yes,29.49916389,-98.5506,Non-Intersection,Dark - Lighted,Cloudy,Unknown,Unknown,Unknown EMS Scene Arrival Hour,Unknown EMS Scene Arrival Minutes,Not Applicable (Not Transported),Not Applicable (Not Transported),1,Dark - Lighted,Reduced Visibility,1,0,['Driver'],['None_Used'],0,0,Valid,0.0,0.0,62.0,62.0,['Male'],1,0,5,1,3,Wet/Standing Water,Curve,Level,Lowest,No
31954,48,Texas,480996,0,2,2,0,3,HOUSTON,April,19,Wednesday,18,31,Urban,Medium Speed (Collector),Yes,30.03118611,-95.25588056,Complex/Circle,Daylight,Clear,Unknown,Unknown,Unknown EMS Scene Arrival Hour,Unknown EMS Scene Arrival Minutes,Unknown,Unknown EMS Hospital Arrival Time,1,Daylight,Clear,1,2,['Front_Passenger'],['Shoulder_Lapbelt'],0,0,Valid,0.0,0.0,60.0,46.0,"['Male', 'Male']",0,0,3,1,5,Dry,Straight,Level,Lowest,No
31955,48,Texas,480997,0,1,1,0,1,NOT APPLICABLE,April,20,Thursday,2,44,Rural,Low Speed (Local),No,30.48004167,-95.50451111,Non-Intersection,Dark - Not Lighted,Cloudy,Unknown,Unknown if Notified,Unknown EMS Scene Arrival Hour,Unknown if Arrived,Not Applicable (Not Transported),Not Applicable (Not Transported),1,Dark - Unlighted,Reduced Visibility,1,0,['Driver'],['None_Used'],1,1,Valid,1.0,2.0,23.0,23.0,['Male'],1,0,2,1,3,Dry,Straight,Level,Lowest,No
31956,48,Texas,480998,0,1,1,0,1,LUBBOCK,April,9,Sunday,1,32,Urban,Medium Speed (Collector),No,33.54198889,-101.92490278,Non-Intersection,Dark - Not Lighted,Cloudy,Unknown,Unknown,Unknown EMS Scene Arrival Hour,Unknown EMS Scene Arrival Minutes,Unknown,Unknown EMS Hospital Arrival Time,1,Dark - Unlighted,Reduced Visibility,1,0,['Driver'],['None_Used'],1,1,Valid,0.0,1.0,43.0,43.0,['Male'],0,0,5,1,2,Dry,Curve,Level,Lowest,No
31957,48,Texas,480999,0,1,1,0,1,HOUSTON,April,4,Tuesday,1,23,Urban,Medium Speed (Collector),No,29.66653889,-95.32206667,Non-Intersection,Dark - Not Lighted,Clear,Unknown,Unknown if Notified,Unknown EMS Scene Arrival Hour,Unknown if Arrived,Not Applicable (Not Transported),Not Applicable (Not Transported),1,Dark - Unlighted,Clear,1,0,['Driver'],['None_Used'],0,0,Invalid,0.0,1.0,34.0,34.0,['Male'],1,0,2,1,3,Dry,Straight,Level,Lowest,No
31958,48,Texas,481000,0,1,1,0,1,NOT APPLICABLE,March,9,Thursday,17,20,Rural,Low Speed (Local),No,31.97186944,-101.807025,Simple Junction,Daylight,Clear,Unknown,Unknown,Unknown EMS Scene Arrival Hour,Unknown EMS Scene Arrival Minutes,Unknown,Unknown EMS Hospital Arrival Time,1,Daylight,Clear,1,0,['Driver'],['None_Used'],0,0,Valid,0.0,0.0,19.0,19.0,['Male'],1,0,2,1,3,Dry,Curve,Level,Lowest,No
31959,48,Texas,481001,0,2,2,0,2,NOT APPLICABLE,March,10,Friday,14,50,Rural,Low Speed (Local),No,33.29508333,-97.08385,Simple Junction,Daylight,Clear,Unknown,Unknown if Notified,Unknown EMS Scene Arrival Hour,Unknown if Arrived,Not Applicable (Not Transported),Not Applicable (Not Transported),1,Daylight,Clear,1,1,['Driver'],['None_Used'],0,0,Invalid,0.0,0.0,51.0,31.0,"['Male', 'Male']",1,0,5,3,5,Dry,Curve,Grade/Hillcrest,Lowest,Yes
31960,48,Texas,481002,0,2,2,0,2,HOUSTON,March,3,Friday,16,19,Urban,Medium Speed (Collector),No,29.80279722,-95.48362222,Non-Intersection,Daylight,Clear,Unknown,Unknown,Unknown EMS Scene Arrival Hour,Unknown EMS Scene Arrival Minutes,Unknown,Unknown EMS Hospital Arrival Time,1,Daylight,Clear,1,1,['Driver'],['None_Used'],0,0,Valid,0.0,0.0,45.0,34.0,"['Male', 'Female']",1,0,5,1,5,Dry,Straight,Level,Lowest,No
31961,48,Texas,481003,1,2,2,0,2,AUSTIN,April,9,Sunday,2,17,Urban,Medium Speed (Collector),No,30.26555,-97.73422778,Complex/Circle,Dark - Lighted,Clear,Unknown,Unknown if Notified,Unknown EMS Scene Arrival Hour,Unknown if Arrived,Not Applicable (Not Transported),Not Applicable (Not Transported),1,Dark - Lighted,Clear,0,1,[],[],0,0,Valid,0.0,0.0,45.0,31.0,"['Male', 'Male']",0,0,3,1,5,Dry,Straight,Level,Lowest,No
31962,48,Texas,481004,1,1,1,0,1,HOUSTON,March,22,Wednesday,15,55,Urban,High Speed (Arterial),Yes,29.69818056,-95.28968056,Non-Intersection,Daylight,Clear,Unknown,Unknown if Notified,Unknown EMS Scene Arrival Hour,Unknown if Arrived,Not Applicable (Not Transported),Not Applicable (Not Transported),1,Daylight,Clear,0,1,[],[],0,0,Valid,0.0,0.0,21.0,21.0,['Male'],0,0,3,2,4,Dry,Straight,Level,Lowest,No
31963,48,Texas,481005,0,1,1,0,1,HOUSTON,March,18,Saturday,13,37,Urban,Low Speed (Local),No,29.71363611,-95.59233333,Non-Intersection,Daylight,Clear,Unknown,Unknown if Notified,Unknown EMS Scene Arrival Hour,Unknown if Arrived,Not Applicable (Not Transported),Not Applicable (Not Transported),1,Daylight,Clear,1,0,['Driver'],['None_Used'],1,1,Invalid,0.0,0.0,32.0,32.0,['Male'],0,0,3,1,3,Dry,Straight,Level,Lowest,No
31964,48,Texas,481006,0,2,2,0,2,NOT APPLICABLE,March,26,Sunday,17,0,Urban,High Speed (Arterial),Yes,29.52971667,-98.10956667,Non-Intersection,Daylight,Cloudy,Unknown,Unknown if Notified,Unknown EMS Scene Arrival Hour,Unknown if Arrived,Not Applicable (Not Transported),Not Applicable (Not Transported),1,Daylight,Reduced Visibility,1,0,['Driver'],['None_Used'],0,0,Valid,0.0,3.0,999.0,27.0,"['Male', 'Other']",1,0,5,1,5,Dry,Straight,Grade/Hillcrest,Lowest,No
31965,48,Texas,481007,1,1,1,0,1,HOUSTON,April,3,Monday,3,40,Urban,High Speed (Arterial),Yes,29.73122222,-95.64389167,Non-Intersection,Dark - Not Lighted,Cloudy,Unknown,Unknown,Unknown EMS Scene Arrival Hour,Unknown EMS Scene Arrival Minutes,Not Applicable (Not Transported),Not Applicable (Not Transported),1,Dark - Unlighted,Reduced Visibility,0,1,[],[],0,0,Valid,0.0,0.0,49.0,49.0,['Male'],0,0,4,2,4,Dry,Straight,Level,Lowest,No
31966,48,Texas,481008,0,2,2,0,3,NOT APPLICABLE,April,15,Saturday,19,0,Rural,Medium Speed (Collector),No,30.55368333,-96.89635278,Non-Intersection,Daylight,Clear,Unknown,Unknown,Unknown EMS Scene Arrival Hour,Unknown EMS Scene Arrival Minutes,Unknown,Unknown EMS Hospital Arrival Time,2,Daylight,Clear,2,1,"['Driver', 'Driver']","['Shoulder_Lapbelt', 'Shoulder_Lapbelt']",0,0,Valid,0.0,0.0,47.0,45.0,"['Male', 'Female']",0,0,3,1,5,Dry,Curve,Level,Lowest,No
31967,48,Texas,481009,1,1,1,0,1,NOT APPLICABLE,April,6,Thursday,6,22,Urban,High Speed (Arterial),Yes,29.89773611,-95.45280556,Simple Junction,Dark - Not Lighted,Rain,Unknown,Unknown if Notified,Unknown EMS Scene Arrival Hour,Unknown if Arrived,Not Applicable (Not Transported),Not Applicable (Not Transported),1,Dark - Unlighted,Rain/Wind/Minor,0,1,[],[],0,0,Valid,0.0,0.0,85.0,85.0,['Male'],0,0,3,1,4,Wet/Standing Water,Straight,Level,Lowest,No
31968,48,Texas,481010,0,1,1,0,1,NOT APPLICABLE,April,14,Friday,4,26,Rural,High Speed (Arterial),Yes,30.68022778,-101.31103056,Non-Intersection,Dark - Not Lighted,Clear,Unknown,Unknown if Notified,Unknown EMS Scene Arrival Hour,Unknown if Arrived,Not Applicable (Not Transported),Not Applicable (Not Transported),1,Dark - Unlighted,Clear,1,0,['Driver'],['Shoulder_Lapbelt'],1,1,Valid,0.0,0.0,53.0,53.0,['Male'],0,0,3,1,3,Dry,Straight,Level,Lowest,No
31969,48,Texas,481011,1,1,1,0,1,SAN BENITO,April,15,Saturday,9,17,Urban,High Speed (Arterial),Yes,26.12666944,-97.63644167,Non-Intersection,Daylight,Clear,Unknown,Unknown if Notified,Unknown EMS Scene Arrival Hour,Unknown if Arrived,Not Applicable (Not Transported),Not Applicable (Not Transported),1,Daylight,Clear,0,1,[],[],0,0,Valid,1.0,0.0,52.0,52.0,['Female'],0,0,2,1,4,Dry,Straight,Level,Lowest,No
31970,48,Texas,481012,0,1,1,0,1,NOT APPLICABLE,April,20,Thursday,21,48,Rural,Medium Speed (Collector),No,32.9345,-95.96749167,Non-Intersection,Dark - Not Lighted,Rain,Unknown,Unknown,Unknown EMS Scene Arrival Hour,Unknown EMS Scene Arrival Minutes,Unknown,Unknown EMS Hospital Arrival Time,1,Dark - Unlighted,Rain/Wind/Minor,1,0,['Driver'],['None_Used'],0,0,Invalid,0.0,0.0,65.0,65.0,['Male'],0,0,3,1,3,Wet/Standing Water,Curve,Level,Lowest,No
31971,48,Texas,481013,0,1,1,0,1,NOT APPLICABLE,April,23,Sunday,6,35,Rural,High Speed (Arterial),Yes,35.163075,-101.52649444,Non-Intersection,Dark - Not Lighted,Clear,Unknown,Unknown,Unknown EMS Scene Arrival Hour,Unknown EMS Scene Arrival Minutes,Not Applicable (Not Transported),Not Applicable (Not Transported),1,Dark - Unlighted,Clear,1,0,['Driver'],['None_Used'],1,1,Valid,0.0,0.0,26.0,26.0,['Male'],1,0,3,1,3,Dry,Straight,Level,Lowest,No
31972,48,Texas,481014,1,2,1,1,3,HOUSTON,April,19,Wednesday,2,25,Urban,Medium Speed (Collector),No,29.74469722,-95.39340556,Non-Intersection,Dark - Lighted,Clear,Unknown,Unknown,Unknown EMS Scene Arrival Hour,Unknown EMS Scene Arrival Minutes,Unknown,Unknown EMS Hospital Arrival Time,1,Dark - Lighted,Clear,0,3,[],[],0,0,Valid,0.0,0.0,32.0,32.0,['Female'],3,0,2,1,4,Dry,Curve,Level,Lowest,No
31973,48,Texas,481015,0,2,2,0,2,SAN ANTONIO,April,21,Friday,18,54,Urban,Medium Speed (Collector),No,29.45548056,-98.32682778,Non-Intersection,Daylight,Clear,Unknown,Unknown if Notified,Unknown EMS Scene Arrival Hour,Unknown if Arrived,Not Applicable (Not Transported),Not Applicable (Not Transported),1,Daylight,Clear,1,1,['Driver'],['None_Used'],0,0,Valid,0.0,0.0,37.0,28.0,"['Male', 'Male']",1,0,5,2,5,Dry,Straight,Grade/Hillcrest,Lowest,No
31974,48,Texas,481016,0,2,2,0,1,THE COLONY,April,19,Wednesday,2,28,Urban,Medium Speed (Collector),No,33.08020556,-96.85649167,Non-Intersection,Dark - Not Lighted,Cloudy,Unknown,Unknown,Unknown EMS Scene Arrival Hour,Unknown EMS Scene Arrival Minutes,Not Applicable (Not Transported),Not Applicable (Not Transported),1,Dark - Unlighted,Reduced Visibility,1,0,['Driver'],['None_Used'],1,1,Invalid,0.0,0.0,28.0,28.0,['Male'],1,0,5,1,5,Dry,Straight,Grade/Hillcrest,Lowest,No
31975,48,Texas,481017,0,2,2,0,2,NOT APPLICABLE,March,22,Wednesday,4,1,Rural,High Speed (Arterial),Yes,28.22669444,-97.65618889,Non-Intersection,Dark - Not Lighted,Clear,Unknown,Unknown,Unknown EMS Scene Arrival Hour,Unknown EMS Scene Arrival Minutes,Unknown,Unknown EMS Hospital Arrival Time,1,Dark - Unlighted,Clear,1,1,['Driver'],['None_Used'],1,1,Invalid,0.0,2.0,28.0,22.0,"['Male', 'Male']",0,0,5,0,5,Dry,Straight,Level,Lowest,No
31976,48,Texas,481018,0,3,3,0,6,NOT APPLICABLE,April,5,Wednesday,21,5,Urban,Medium Speed (Collector),No,30.16786111,-95.23566111,Non-Intersection,Dark - Not Lighted,Cloudy,Unknown,Unknown,Unknown EMS Scene Arrival Hour,Unknown EMS Scene Arrival Minutes,Unknown,Unknown EMS Hospital Arrival Time,1,Dark - Unlighted,Reduced Visibility,1,5,['Driver'],['None_Used'],1,1,Valid,0.0,0.0,46.0,25.0,"['Female', 'Female', 'Male']",1,0,3,2,5,Wet/Standing Water,Straight,Level,Lowest,No
31977,48,Texas,481020,1,1,1,0,2,LAREDO,April,12,Wednesday,21,32,Urban,Medium Speed (Collector),No,27.48478611,-99.38058889,Non-Intersection,Dark - Not Lighted,Clear,Unknown,Unknown,Unknown EMS Scene Arrival Hour,Unknown if Arrived,Not Applicable (Not Transported),Not Applicable (Not Transported),1,Dark - Unlighted,Clear,0,2,[],[],0,0,Invalid,0.0,0.0,36.0,36.0,['Male'],0,0,4,2,4,Dry,Straight,Level,Lowest,No
31978,48,Texas,481021,0,2,2,0,5,NOT APPLICABLE,March,31,Friday,15,53,Rural,High Speed (Arterial),Yes,31.28553056,-97.07994167,Non-Intersection,Daylight,Rain,Unknown,Unknown,Unknown EMS Scene Arrival Hour,Unknown EMS Scene Arrival Minutes,Unknown,Unknown EMS Hospital Arrival Time,3,Daylight,Rain/Wind/Minor,3,2,"['Driver', 'Front_Passenger', 'Rear_Seat']","['None_Used', 'None_Used', 'Shoulder_Lapbelt']",0,0,Valid,0.0,1.0,73.0,50.0,"['Female', 'Female']",2,0,3,1,5,Wet/Standing Water,Straight,Grade/Hillcrest,Lowest,Yes
31979,48,Texas,481022,0,1,1,0,6,SAN ANTONIO,April,16,Sunday,3,34,Rural,Low Speed (Local),No,29.50381667,-98.69648889,Non-Intersection,Dark - Not Lighted,Clear,Unknown,Unknown if Notified,Unknown EMS Scene Arrival Hour,Unknown if Arrived,Not Applicable (Not Transported),Not Applicable (Not Transported),1,Dark - Unlighted,Clear,1,5,['Rear_Seat'],['None_Used'],0,0,Invalid,0.0,0.0,15.0,15.0,['Female'],6,0,2,1,2,Dry,Curve,Level,Lowest,No
31980,48,Texas,481023,0,2,2,0,2,LUBBOCK,April,15,Saturday,20,24,Urban,High Speed (Arterial),Yes,33.57489167,-101.85539167,Complex/Circle,Dark - Lighted,Clear,Unknown,Unknown,Unknown EMS Scene Arrival Hour,Unknown EMS Scene Arrival Minutes,Unknown,Unknown EMS Hospital Arrival Time,1,Dark - Lighted,Clear,1,1,['Driver'],['None_Used'],0,0,Invalid,0.0,1.0,53.0,32.0,"['Male', 'Male']",0,0,5,2,5,Dry,Straight,Level,Lowest,No
31981,48,Texas,481024,0,2,2,0,3,CLEBURNE,April,15,Saturday,23,9,Urban,High Speed (Arterial),Yes,32.43503611,-97.38411111,Non-Intersection,Dark - Not Lighted,Clear,Unknown,Unknown,Unknown EMS Scene Arrival Hour,Unknown EMS Scene Arrival Minutes,Unknown,Unknown EMS Hospital Arrival Time,1,Dark - Unlighted,Clear,1,2,['Driver'],['None_Used'],0,0,Valid,1.0,0.0,69.0,44.0,"['Female', 'Female']",1,0,5,1,5,Dry,Straight,Level,Lowest,No
31982,48,Texas,481025,0,4,4,0,7,LAREDO,April,15,Saturday,13,39,Urban,High Speed (Arterial),Yes,27.43178889,-99.47992222,Simple Junction,Daylight,Clear,Unknown,Unknown,Unknown EMS Scene Arrival Hour,Unknown EMS Scene Arrival Minutes,Unknown,Unknown EMS Hospital Arrival Time,1,Daylight,Clear,1,6,['Driver'],['Shoulder_Lapbelt'],0,0,Invalid,1.0,0.0,66.0,27.0,"['Male', 'Male', 'Male', 'Male']",1,0,3,3,5,Dry,Straight,Level,Lowest,No
31983,48,Texas,481026,1,1,1,0,1,HOUSTON,April,11,Tuesday,21,27,Urban,High Speed (Arterial),Yes,29.70901111,-95.49328611,Complex/Circle,Dark - Lighted,Clear,Unknown,Unknown,Unknown EMS Scene Arrival Hour,Unknown EMS Scene Arrival Minutes,Unknown,Unknown EMS Hospital Arrival Time,1,Dark - Lighted,Clear,0,1,[],[],0,0,Valid,0.0,0.0,23.0,23.0,['Male'],0,0,2,1,4,Dry,Straight,Level,Lowest,No
31984,48,Texas,481027,0,2,2,0,4,DENTON,April,12,Wednesday,19,32,Rural,High Speed (Arterial),Yes,33.2316,-97.2147,Non-Intersection,Daylight,Clear,Unknown,Unknown,Unknown EMS Scene Arrival Hour,Unknown EMS Scene Arrival Minutes,Unknown,Unknown EMS Hospital Arrival Time,1,Daylight,Clear,1,3,['Front_Passenger'],['None_Used'],0,0,Invalid,0.0,0.0,62.0,51.0,"['Female', 'Male']",0,0,3,1,5,Dry,Straight,Level,Lowest,No
31985,48,Texas,481028,0,2,2,0,2,CANTON,April,13,Thursday,14,23,Rural,Medium Speed (Collector),No,32.598725,-95.92031111,Complex/Circle,Daylight,Clear,Unknown,Unknown,Unknown EMS Scene Arrival Hour,Unknown EMS Scene Arrival Minutes,Unknown,Unknown EMS Hospital Arrival Time,1,Daylight,Clear,1,1,['Driver'],['None_Used'],0,0,Valid,0.0,0.0,63.0,47.0,"['Male', 'Male']",0,0,5,1,5,Dry,Straight,Level,Lowest,No
31986,48,Texas,481029,1,1,1,0,3,NOT APPLICABLE,March,30,Thursday,21,2,Urban,High Speed (Arterial),Yes,26.08081111,-97.25563889,Complex/Circle,Dark - Not Lighted,Clear,Unknown,Unknown,Unknown EMS Scene Arrival Hour,Unknown EMS Scene Arrival Minutes,Unknown,Unknown EMS Hospital Arrival Time,1,Dark - Unlighted,Clear,0,3,[],[],0,0,Invalid,0.0,0.0,65.0,65.0,['Male'],0,0,3,2,4,Dry,Straight,Level,Lowest,No
31987,48,Texas,481030,0,1,1,0,1,DALLAS,April,11,Tuesday,10,22,Urban,High Speed (Arterial),Yes,32.8186,-96.71858889,Non-Intersection,Daylight,Clear,Unknown,Unknown,Unknown EMS Scene Arrival Hour,Unknown EMS Scene Arrival Minutes,Not Applicable (Not Transported),Not Applicable (Not Transported),1,Daylight,Clear,1,0,['Driver'],['Shoulder_Lapbelt'],0,0,Valid,0.0,1.0,19.0,19.0,['Male'],1,0,3,1,3,Dry,Straight,Level,Lowest,No
31988,48,Texas,481031,0,3,3,0,4,AMARILLO,April,3,Monday,4,42,Urban,High Speed (Arterial),Yes,35.17914722,-101.84067222,Non-Intersection,Dark - Lighted,Clear,Unknown,Unknown,Unknown EMS Scene Arrival Hour,Unknown EMS Scene Arrival Minutes,Unknown,Unknown EMS Hospital Arrival Time,1,Dark - Lighted,Clear,1,3,['Driver'],['None_Used'],0,0,Valid,1.0,0.0,39.0,26.0,"['Male', 'Male', 'Female']",1,0,3,2,5,Dry,Curve,Grade/Hillcrest,Lowest,No
31989,48,Texas,481032,0,2,2,0,3,NOT APPLICABLE,April,8,Saturday,3,0,Rural,Medium Speed (Collector),No,35.84912778,-101.63676389,Non-Intersection,Dark - Not Lighted,Clear,Unknown,Unknown,Unknown EMS Scene Arrival Hour,Unknown EMS Scene Arrival Minutes,Unknown,Unknown EMS Hospital Arrival Time,2,Dark - Unlighted,Clear,2,1,"['Driver', 'Driver']","['Shoulder_Lapbelt', 'Shoulder_Lapbelt']",1,2,Valid,0.0,0.0,45.0,25.0,"['Male', 'Male']",0,0,2,1,5,Dry,Straight,Level,Medium,No
31990,48,Texas,481033,0,2,2,0,3,LEAGUE CITY,April,4,Tuesday,19,35,Urban,High Speed (Arterial),Yes,29.47327222,-95.07996389,Non-Intersection,Dusk,Cloudy,Unknown,Unknown,Unknown EMS Scene Arrival Hour,Unknown EMS Scene Arrival Minutes,Unknown,Unknown EMS Hospital Arrival Time,2,Twilight,Reduced Visibility,2,1,"['Driver', 'Front_Passenger']","['None_Used', 'None_Used']",1,1,Valid,1.0,0.0,69.0,28.0,"['Male', 'Female']",0,0,3,1,5,Dry,Straight,Non-Trafficway,Lowest,No
31991,48,Texas,481034,0,1,1,0,1,HOUSTON,April,9,Sunday,21,57,Urban,High Speed (Arterial),Yes,29.76680556,-95.34555556,Non-Intersection,Dark - Not Lighted,Clear,Unknown,Unknown if Notified,Unknown EMS Scene Arrival Hour,Unknown if Arrived,Not Applicable (Not Transported),Not Applicable (Not Transported),1,Dark - Unlighted,Clear,1,0,['Driver'],['None_Used'],1,1,Valid,2.0,1.0,35.0,35.0,['Male'],1,0,5,1,2,Dry,Curve,Grade/Hillcrest,Lowest,No
31992,48,Texas,481035,1,1,1,0,2,HOUSTON,April,17,Monday,21,39,Urban,Medium Speed (Collector),No,29.850025,-95.26373333,Non-Intersection,Dark - Lighted,Clear,Unknown,Unknown,Unknown EMS Scene Arrival Hour,Unknown EMS Scene Arrival Minutes,Unknown,Unknown EMS Hospital Arrival Time,1,Dark - Lighted,Clear,0,2,[],[],0,0,Invalid,0.0,0.0,18.0,18.0,['Male'],0,0,2,1,4,Dry,Straight,Level,Lowest,No
31993,48,Texas,481036,0,2,2,0,2,ARLINGTON,April,21,Friday,15,44,Urban,Medium Speed (Collector),No,32.67028333,-97.14505556,Simple Junction,Daylight,Clear,Unknown,Unknown,Unknown EMS Scene Arrival Hour,Unknown EMS Scene Arrival Minutes,Unknown,Unknown EMS Hospital Arrival Time,1,Daylight,Clear,1,1,['Driver'],['None_Used'],0,0,Valid,1.0,0.0,78.0,19.0,"['Male', 'Male']",1,0,5,1,5,Dry,Straight,Grade/Hillcrest,Lowest,No
31994,48,Texas,481037,0,1,1,0,2,SAN ANTONIO,April,8,Saturday,18,49,Urban,Medium Speed (Collector),No,29.26273056,-98.31526667,Non-Intersection,Daylight,Clear,Unknown,Unknown,Unknown EMS Scene Arrival Hour,Unknown EMS Scene Arrival Minutes,Unknown,Unknown EMS Hospital Arrival Time,1,Daylight,Clear,1,1,['Driver'],['None_Used'],0,0,Invalid,0.0,0.0,26.0,26.0,['Female'],2,0,2,1,3,Loose/Unpaved,Straight,Level,Lowest,No
31995,48,Texas,481038,1,1,1,0,1,NOT APPLICABLE,April,21,Friday,23,40,Urban,High Speed (Arterial),Yes,29.89778333,-95.43964444,Non-Intersection,Dark - Not Lighted,Clear,Unknown,Unknown if Notified,Unknown EMS Scene Arrival Hour,Unknown if Arrived,Not Applicable (Not Transported),Not Applicable (Not Transported),1,Dark - Unlighted,Clear,0,1,[],[],0,0,Valid,0.0,1.0,20.0,20.0,['Male'],0,0,2,2,4,Dry,Straight,Level,Lowest,No