,State_Code,State_Name,Crash_ID,Count_Non_Motorists,Count_Vehicles_Total,Count_Vehicle_Forms,Count_PVH_Involved,Count_Occupants_MV,City_Name,Month_Name,Day_of_Month,Day_of_Week,Crash_Hour,Crash_Minute,Area_Rural_Urban,Road_Functional_Class,On_NHS_Road,Latitude,Longitude,Intersection_Type,Light_Condition,Weather_Condition,Notif_Hour,Notif_Minute,Arrival_Hour,Arrival_Minute,Hospital_Hour,Hospital_Minute,Fatalities_Count,Clean_Light_Condition,Clean_Weather_Condition,Total_Killed,Total_Alive,Fatal_Seats_List,Killed_Restraint_List,Any_Driver_Drinking,Total_Drinking_Drivers,Driver_License_Category,Driver_Max_Prev_Accident_Count,Driver_Max_Prev_Speeding_Count,Max_Driver_Age,Min_Driver_Age,Driver_Sex_List,Total_Exceeding_Limit_Vehicles,Total_Too_Fast_Vehicles,Max_Vehicle_Type_Severity_5,Max_Vehicle_Damage_Rank,Max_Harmful_Event_Severity,Crash_Road_Surface_Condition,Crash_Horizontal_Alignment,Crash_Vertical_Profile,Crash_Impairment_Category,Crash_Vehicle_Defect
31996,48,Texas,481039,0,1,1,0,2,MANSFIELD,April,15,Saturday,17,50,Urban,Low Speed (Local),No,32.60510278,-97.15893611,Non-Intersection,Daylight,Clear,Unknown,Unknown,Unknown EMS Scene Arrival Hour,Unknown EMS Scene Arrival Minutes,Unknown,Unknown EMS Hospital Arrival Time,1,Daylight,Clear,1,1,['Front_Passenger'],['None_Used'],0,0,Invalid,0.0,0.0,15.0,15.0,['Male'],2,0,5,2,3,Dry,Straight,Level,Lowest,No
31997,48,Texas,481040,1,1,1,0,1,NOT APPLICABLE,April,20,Thursday,22,36,Rural,High Speed (Arterial),Yes,33.48451667,-94.509625,Non-Intersection,Dark - Not Lighted,Rain,Unknown,Unknown if Notified,Unknown EMS Scene Arrival Hour,Unknown if Arrived,Not Applicable (Not Transported),Not Applicable (Not Transported),1,Dark - Unlighted,Rain/Wind/Minor,0,1,[],[],0,0,Valid,0.0,0.0,21.0,21.0,['Male'],0,0,3,1,4,Wet/Standing Water,Straight,Level,Lowest,No
31998,48,Texas,481041,0,1,1,0,1,NOT APPLICABLE,April,22,Saturday,21,57,Rural,Low Speed (Local),No,29.51162222,-99.07675,Non-Intersection,Dark - Not Lighted,Clear,Unknown,Unknown if Notified,Unknown EMS Scene Arrival Hour,Unknown if Arrived,Not Applicable (Not Transported),Not Applicable (Not Transported),1,Dark - Unlighted,Clear,1,0,['Driver'],['Shoulder_Lapbelt'],0,0,Valid,0.0,0.0,21.0,21.0,['Male'],1,0,3,1,2,Dry,Curve,Level,Lowest,No
31999,48,Texas,481042,0,1,1,0,1,CARROLLTON,April,23,Sunday,19,43,Urban,High Speed (Arterial),Yes,32.98277222,-96.93128333,Non-Intersection,Daylight,Clear,Unknown,Unknown,Unknown EMS Scene Arrival Hour,Unknown EMS Scene Arrival Minutes,Unknown,Unknown EMS Hospital Arrival Time,1,Daylight,Clear,1,0,['Driver'],['None_Used'],0,0,Valid,0.0,0.0,41.0,41.0,['Male'],1,0,3,1,3,Dry,Straight,Level,Lowest,No
32000,48,Texas,481043,0,1,1,0,1,NOT APPLICABLE,April,17,Monday,6,56,Rural,Medium Speed (Collector),No,34.31176389,-102.13377222,Non-Intersection,Dark - Not Lighted,Clear,Unknown,Unknown if Notified,Unknown EMS Scene Arrival Hour,Unknown if Arrived,Not Applicable (Not Transported),Not Applicable (Not Transported),1,Dark - Unlighted,Clear,1,0,['Driver'],['None_Used'],1,1,Invalid,0.0,0.0,33.0,33.0,['Male'],1,0,2,1,3,Dry,Curve,Level,Lowest,No
32001,48,Texas,481044,0,1,1,0,2,NOT APPLICABLE,April,23,Sunday,20,23,Urban,High Speed (Arterial),Yes,32.77787222,-96.51886944,Non-Intersection,Dark - Not Lighted,Clear,Unknown,Unknown,Unknown EMS Scene Arrival Hour,Unknown EMS Scene Arrival Minutes,Unknown,Unknown EMS Hospital Arrival Time,1,Dark - Unlighted,Clear,1,1,['Front_Passenger'],['None_Used'],1,1,Valid,0.0,1.0,24.0,24.0,['Female'],0,0,3,1,3,Dry,Straight,Level,Lowest,No
32002,48,Texas,481045,0,2,2,0,3,NOT APPLICABLE,March,21,Tuesday,18,55,Rural,Medium Speed (Collector),No,31.38096944,-94.67443056,Non-Intersection,Daylight,Clear,Unknown,Unknown,Unknown EMS Scene Arrival Hour,Unknown EMS Scene Arrival Minutes,Unknown,Unknown EMS Hospital Arrival Time,1,Daylight,Clear,1,2,['Front_Passenger'],['Shoulder_Lapbelt'],0,0,Valid,0.0,0.0,33.0,30.0,"['Male', 'Female']",0,0,4,1,5,Dry,Straight,Level,Lowest,No
32003,48,Texas,481046,0,1,1,0,1,NOT APPLICABLE,March,25,Saturday,19,15,Rural,Low Speed (Local),No,29.98716944,-95.93644722,Non-Intersection,Dark - Not Lighted,Clear,Unknown,Unknown,Unknown EMS Scene Arrival Hour,Unknown EMS Scene Arrival Minutes,Unknown,Unknown EMS Hospital Arrival Time,1,Dark - Unlighted,Clear,1,0,['Driver'],['None_Used'],0,0,Valid,0.0,0.0,94.0,94.0,['Male'],0,0,3,1,2,Dry,Straight,Level,Lowest,No
32004,48,Texas,481047,0,2,2,0,2,NOT APPLICABLE,April,23,Sunday,23,35,Urban,High Speed (Arterial),Yes,29.77041944,-95.182575,Non-Intersection,Dark - Lighted,Cloudy,Unknown,Unknown,Unknown EMS Scene Arrival Hour,Unknown EMS Scene Arrival Minutes,Unknown,Unknown EMS Hospital Arrival Time,1,Dark - Lighted,Reduced Visibility,1,1,['Driver'],['Shoulder_Lapbelt'],0,0,Valid,0.0,0.0,60.0,27.0,"['Male', 'Male']",0,0,3,1,5,Dry,Straight,Grade/Hillcrest,Lowest,No
32005,48,Texas,481048,0,1,1,0,1,NOT APPLICABLE,April,21,Friday,20,55,Urban,Low Speed (Local),No,30.10281111,-97.85217222,Non-Intersection,Dark - Not Lighted,Clear,Unknown,Unknown if Notified,Unknown EMS Scene Arrival Hour,Unknown if Arrived,Not Applicable (Not Transported),Not Applicable (Not Transported),1,Dark - Unlighted,Clear,1,0,['Driver'],['None_Used'],0,0,Valid,0.0,0.0,76.0,76.0,['Female'],1,0,2,1,3,Dry,Curve,Level,Lowest,No
32006,48,Texas,481049,1,1,1,0,1,SELMA,April,23,Sunday,1,37,Urban,High Speed (Arterial),Yes,29.581475,-98.31021667,Non-Intersection,Dark - Lighted,Clear,Unknown,Unknown if Notified,Unknown EMS Scene Arrival Hour,Unknown if Arrived,Not Applicable (Not Transported),Not Applicable (Not Transported),1,Dark - Lighted,Clear,0,1,[],[],0,0,Valid,0.0,0.0,20.0,20.0,['Female'],0,0,2,1,4,Dry,Curve,Grade/Hillcrest,Lowest,No
32007,48,Texas,481050,0,1,1,0,1,SAN ANTONIO,April,23,Sunday,4,16,Urban,Medium Speed (Collector),No,29.53931944,-98.57119444,Non-Intersection,Dark - Lighted,Clear,Unknown,Unknown,Unknown EMS Scene Arrival Hour,Unknown EMS Scene Arrival Minutes,Not Applicable (Not Transported),Not Applicable (Not Transported),1,Dark - Lighted,Clear,1,0,['Driver'],['Shoulder_Lapbelt'],1,1,Invalid,0.0,2.0,23.0,23.0,['Female'],1,0,2,1,3,Dry,Straight,Level,Lowest,No
32008,48,Texas,481051,0,1,1,0,1,LUBBOCK,April,23,Sunday,6,53,Urban,High Speed (Arterial),Yes,33.59271667,-101.8756,Non-Intersection,Dawn,Cloudy,Unknown,Unknown,Unknown EMS Scene Arrival Hour,Unknown EMS Scene Arrival Minutes,Unknown,Unknown EMS Hospital Arrival Time,1,Twilight,Reduced Visibility,1,0,['Driver'],['None_Used'],0,0,Invalid,0.0,0.0,49.0,49.0,['Female'],1,0,2,1,2,Dry,Curve,Level,Lowest,No
32009,48,Texas,481052,0,2,2,0,2,MIDLAND,April,25,Tuesday,6,55,Urban,Medium Speed (Collector),No,32.01952222,-102.19035833,Non-Intersection,Dark - Not Lighted,Cloudy,Unknown,Unknown if Notified,Unknown EMS Scene Arrival Hour,Unknown if Arrived,Not Applicable (Not Transported),Not Applicable (Not Transported),2,Dark - Unlighted,Reduced Visibility,2,0,"['Driver', 'Driver']","['None_Used', 'None_Used']",0,0,Valid,0.0,2.0,28.0,25.0,"['Male', 'Male']",0,0,2,1,5,Dry,Straight,Level,Lowest,No
32010,48,Texas,481053,0,1,1,0,1,NOT APPLICABLE,April,23,Sunday,13,56,Rural,Medium Speed (Collector),No,32.285475,-97.12937222,Non-Intersection,Daylight,Cloudy,Unknown,Unknown,Unknown EMS Scene Arrival Hour,Unknown EMS Scene Arrival Minutes,Not Applicable (Not Transported),Not Applicable (Not Transported),1,Daylight,Reduced Visibility,1,0,['Driver'],['None_Used'],1,1,Valid,0.0,0.0,17.0,17.0,['Male'],1,0,2,1,3,Wet/Standing Water,Curve,Level,Lowest,No
32011,48,Texas,481054,0,3,3,0,9,NOT APPLICABLE,April,10,Monday,0,33,Urban,High Speed (Arterial),Yes,29.84046944,-94.658725,Non-Intersection,Dark - Not Lighted,Clear,Unknown,Unknown,Unknown EMS Scene Arrival Hour,Unknown EMS Scene Arrival Minutes,Unknown,Unknown EMS Hospital Arrival Time,2,Dark - Unlighted,Clear,2,7,"['Driver', 'Front_Passenger']","['None_Used', 'None_Used']",0,0,Valid,0.0,0.0,56.0,18.0,"['Male', 'Male', 'Male']",2,0,3,4,5,Dry,Straight,Level,Lowest,Yes
32012,48,Texas,481055,0,1,1,0,1,NOT APPLICABLE,April,10,Monday,3,45,Rural,Medium Speed (Collector),No,30.84718056,-97.09354722,Simple Junction,Dark - Not Lighted,Cloudy,Unknown,Unknown if Notified,Unknown EMS Scene Arrival Hour,Unknown if Arrived,Not Applicable (Not Transported),Not Applicable (Not Transported),1,Dark - Unlighted,Reduced Visibility,1,0,['Driver'],['None_Used'],1,1,Valid,0.0,0.0,21.0,21.0,['Male'],1,0,3,1,3,Wet/Standing Water,Curve,Grade/Hillcrest,Lowest,No
32013,48,Texas,481056,0,1,1,0,1,AUSTIN,April,3,Monday,10,7,Urban,Medium Speed (Collector),No,30.31310556,-97.66213056,Non-Intersection,Daylight,Clear,Unknown,Unknown if Notified,Unknown EMS Scene Arrival Hour,Unknown if Arrived,Not Applicable (Not Transported),Not Applicable (Not Transported),1,Daylight,Clear,1,0,['Driver'],['None_Used'],0,0,Invalid,0.0,0.0,36.0,36.0,['Male'],1,0,3,1,3,Dry,Curve,Level,Lowest,No
32014,48,Texas,481057,0,1,1,0,1,NOT APPLICABLE,April,17,Monday,18,49,Urban,Medium Speed (Collector),Yes,26.02981389,-97.5331,Non-Intersection,Daylight,Clear,Unknown,Unknown if Notified,Unknown EMS Scene Arrival Hour,Unknown if Arrived,Not Applicable (Not Transported),Not Applicable (Not Transported),1,Daylight,Clear,1,0,['Driver'],['Shoulder_Lapbelt'],0,0,Invalid,0.0,0.0,47.0,47.0,['Male'],1,0,4,4,3,Dry,Curve,Level,Lowest,No
32015,48,Texas,481058,0,2,2,0,2,NOT APPLICABLE,April,20,Thursday,10,23,Rural,Low Speed (Local),No,29.93960833,-97.60963056,Non-Intersection,Daylight,Cloudy,Unknown,Unknown,Unknown EMS Scene Arrival Hour,Unknown EMS Scene Arrival Minutes,Unknown,Unknown EMS Hospital Arrival Time,1,Daylight,Reduced Visibility,1,1,['Driver'],['Shoulder_Lapbelt'],1,1,Valid,1.0,0.0,46.0,20.0,"['Male', 'Male']",1,0,2,1,5,Dry,Straight,Grade/Hillcrest,Lowest,No
32016,48,Texas,481059,0,2,2,0,3,NOT APPLICABLE,April,19,Wednesday,8,18,Urban,Medium Speed (Collector),No,31.81396667,-102.42529444,Simple Junction,Daylight,Clear,Unknown,Unknown,Unknown EMS Scene Arrival Hour,Unknown EMS Scene Arrival Minutes,Unknown,Unknown EMS Hospital Arrival Time,2,Daylight,Clear,2,1,"['Driver', 'Front_Passenger']","['None_Used', 'Shoulder_Lapbelt']",0,0,Valid,1.0,2.0,86.0,28.0,"['Male', 'Male']",0,0,3,1,5,Dry,Straight,Level,Lowest,No
32017,48,Texas,481060,3,2,1,1,1,NOT APPLICABLE,March,31,Friday,0,27,Urban,High Speed (Arterial),Yes,29.78835556,-95.09617778,Non-Intersection,Dark - Lighted,Clear,Unknown,Unknown if Notified,Unknown EMS Scene Arrival Hour,Unknown if Arrived,Not Applicable (Not Transported),Not Applicable (Not Transported),3,Dark - Lighted,Clear,0,1,[],[],1,1,Valid,0.0,0.0,24.0,24.0,['Male'],0,0,3,1,4,Dry,Straight,Level,Lowest,No
32018,48,Texas,481061,0,1,1,0,1,CLEBURNE,April,12,Wednesday,22,18,Urban,Medium Speed (Collector),No,32.32710556,-97.394025,Non-Intersection,Dark - Not Lighted,Clear,Unknown,Unknown if Notified,Unknown EMS Scene Arrival Hour,Unknown if Arrived,Not Applicable (Not Transported),Not Applicable (Not Transported),1,Dark - Unlighted,Clear,1,0,['Driver'],['None_Used'],0,0,Valid,0.0,3.0,40.0,40.0,['Male'],0,0,5,1,2,Dry,Curve,Level,Lowest,No
32019,48,Texas,481062,1,1,1,0,1,EL PASO,January,14,Saturday,4,30,Urban,High Speed (Arterial),Yes,31.73447778,-106.38249444,Non-Intersection,Dark - Lighted,Clear,Unknown,Unknown,Unknown EMS Scene Arrival Hour,Unknown EMS Scene Arrival Minutes,Unknown,Unknown EMS Hospital Arrival Time,1,Dark - Lighted,Clear,0,0,[],[],0,0,Invalid,0.0,0.0,999.0,999.0,['Other'],0,0,1,1,4,Dry,Straight,Level,Lowest,No
32020,48,Texas,481063,1,1,1,0,1,PHARR,April,26,Wednesday,10,40,Rural,High Speed (Arterial),No,26.19799722,-98.20194444,Complex/Circle,Daylight,Clear,Unknown,Unknown,Unknown EMS Scene Arrival Hour,Unknown EMS Scene Arrival Minutes,Unknown,Unknown EMS Hospital Arrival Time,1,Daylight,Clear,0,1,[],[],0,0,Valid,1.0,0.0,50.0,50.0,['Male'],0,0,4,1,4,Dry,Curve,Level,Lowest,No
32021,48,Texas,481064,0,2,2,0,2,GALVESTON,April,22,Saturday,20,39,Urban,High Speed (Arterial),Yes,29.29029167,-94.87536111,Non-Intersection,Dark - Lighted,Clear,Unknown,Unknown,Unknown EMS Scene Arrival Hour,Unknown EMS Scene Arrival Minutes,Unknown,Unknown EMS Hospital Arrival Time,1,Dark - Lighted,Clear,1,0,['Driver'],['None_Used'],0,0,Invalid,0.0,0.0,999.0,65.0,"['Other', 'Male']",1,0,5,1,5,Dry,Straight,Level,Lowest,No
32022,48,Texas,481065,0,2,2,0,2,NOT APPLICABLE,April,19,Wednesday,23,20,Rural,Medium Speed (Collector),No,29.21676667,-95.47117778,Simple Junction,Dark - Not Lighted,Cloudy,Unknown,Unknown if Notified,Unknown EMS Scene Arrival Hour,Unknown if Arrived,Not Applicable (Not Transported),Not Applicable (Not Transported),1,Dark - Unlighted,Reduced Visibility,1,1,['Driver'],['None_Used'],0,0,Valid,0.0,1.0,39.0,25.0,"['Male', 'Male']",0,0,5,1,5,Dry,Straight,Level,Lowest,No
32023,48,Texas,481066,0,1,1,0,1,PEARLAND,April,28,Friday,1,15,Urban,Medium Speed (Collector),No,29.54175278,-95.35463056,Non-Intersection,Dark - Lighted,Clear,Unknown,Unknown if Notified,Unknown EMS Scene Arrival Hour,Unknown if Arrived,Not Applicable (Not Transported),Not Applicable (Not Transported),1,Dark - Lighted,Clear,1,0,['Driver'],['Shoulder_Lapbelt'],1,1,Valid,0.0,0.0,27.0,27.0,['Male'],0,0,2,1,3,Wet/Standing Water,Straight,Level,Lowest,No
32024,48,Texas,481067,1,1,1,0,1,LAREDO,April,21,Friday,6,11,Urban,Medium Speed (Collector),No,27.5308,-99.50253611,Complex/Circle,Dark - Lighted,Clear,Unknown,Unknown if Notified,Unknown EMS Scene Arrival Hour,Unknown if Arrived,Not Applicable (Not Transported),Not Applicable (Not Transported),1,Dark - Lighted,Clear,0,1,[],[],0,0,Valid,0.0,0.0,22.0,22.0,['Male'],0,0,2,2,4,Dry,Straight,Level,Lowest,No
32025,48,Texas,481068,1,1,1,0,1,SAN ANTONIO,April,28,Friday,1,40,Urban,High Speed (Arterial),Yes,29.43848056,-98.48926111,Non-Intersection,Dark - Lighted,Clear,Unknown,Unknown if Notified,Unknown EMS Scene Arrival Hour,Unknown if Arrived,Not Applicable (Not Transported),Not Applicable (Not Transported),1,Dark - Lighted,Clear,0,0,[],[],0,0,Invalid,0.0,0.0,999.0,999.0,['Other'],0,0,1,1,4,Dry,Straight,Grade/Hillcrest,Lowest,No
32026,48,Texas,481069,0,1,1,0,1,EL PASO,April,20,Thursday,3,39,Urban,High Speed (Arterial),No,31.85513333,-106.557375,Complex/Circle,Dark - Lighted,Clear,Unknown,Unknown,Unknown EMS Scene Arrival Hour,Unknown EMS Scene Arrival Minutes,Unknown,Unknown EMS Hospital Arrival Time,1,Dark - Lighted,Clear,1,0,['Driver'],['None_Used'],1,1,Invalid,0.0,0.0,25.0,25.0,['Male'],0,0,5,1,1,Dry,Straight,Level,Lowest,No
32027,48,Texas,481070,0,2,2,0,2,NOT APPLICABLE,April,18,Tuesday,20,44,Urban,Medium Speed (Collector),No,32.18131111,-95.81535556,Non-Intersection,Dark - Not Lighted,Clear,Unknown,Unknown if Notified,Unknown EMS Scene Arrival Hour,Unknown if Arrived,Not Applicable (Not Transported),Not Applicable (Not Transported),2,Dark - Unlighted,Clear,2,0,"['Driver', 'Driver']","['None_Used', 'Shoulder_Lapbelt']",1,1,Valid,0.0,0.0,59.0,44.0,"['Male', 'Male']",0,0,3,1,5,Dry,Curve,Level,Lowest,No
32028,48,Texas,481071,0,3,3,0,5,NOT APPLICABLE,April,24,Monday,14,31,Urban,High Speed (Arterial),Yes,30.22141389,-97.95689444,Non-Intersection,Daylight,Clear,Unknown,Unknown,Unknown EMS Scene Arrival Hour,Unknown EMS Scene Arrival Minutes,Unknown,Unknown EMS Hospital Arrival Time,1,Daylight,Clear,1,4,['Front_Passenger'],['None_Used'],1,1,Invalid,0.0,0.0,67.0,25.0,"['Male', 'Male', 'Male']",0,0,3,1,5,Dry,Straight,Grade/Hillcrest,Lowest,No
32029,48,Texas,481072,1,1,1,0,1,NOT APPLICABLE,April,26,Wednesday,13,22,Rural,High Speed (Arterial),Yes,28.38685833,-97.19135278,Non-Intersection,Daylight,Clear,Unknown,Unknown if Notified,Unknown EMS Scene Arrival Hour,Unknown if Arrived,Not Applicable (Not Transported),Not Applicable (Not Transported),1,Daylight,Clear,1,0,['Driver'],['None_Used'],0,0,Valid,0.0,0.0,54.0,54.0,['Male'],0,0,4,4,4,Dry,Straight,Level,Lowest,No
32030,48,Texas,481073,0,2,2,0,5,NOT APPLICABLE,April,26,Wednesday,16,35,Rural,High Speed (Arterial),Yes,30.506575,-94.39948611,Simple Junction,Daylight,Cloudy,Unknown,Unknown,Unknown EMS Scene Arrival Hour,Unknown EMS Scene Arrival Minutes,Unknown,Unknown EMS Hospital Arrival Time,1,Daylight,Reduced Visibility,1,4,['Driver'],['None_Used'],0,0,Valid,0.0,0.0,91.0,21.0,"['Male', 'Male']",0,0,3,1,5,Dry,Straight,Level,Lowest,No
32031,48,Texas,481074,1,1,1,0,1,SAN ANTONIO,April,17,Monday,23,0,Urban,Medium Speed (Collector),No,29.24611111,-98.39724167,Non-Intersection,Dark - Not Lighted,Reported as Unknown,Unknown,Unknown if Notified,Unknown EMS Scene Arrival Hour,Unknown if Arrived,Not Applicable (Not Transported),Not Applicable (Not Transported),1,Dark - Unlighted,Clear,0,0,[],[],0,0,Invalid,0.0,0.0,999.0,999.0,['Other'],0,0,1,0,4,Dry,Straight,Level,Lowest,No
32032,48,Texas,481075,0,1,1,0,1,NOT APPLICABLE,March,28,Tuesday,6,47,Urban,Low Speed (Local),No,29.79009167,-95.19798056,Non-Intersection,Dark - Not Lighted,Cloudy,Unknown,Unknown,Unknown EMS Scene Arrival Hour,Unknown EMS Scene Arrival Minutes,Unknown,Unknown EMS Hospital Arrival Time,1,Dark - Unlighted,Reduced Visibility,1,0,['Driver'],['None_Used'],0,0,Invalid,0.0,0.0,44.0,44.0,['Male'],1,0,5,1,3,Wet/Standing Water,Straight,Level,Lowest,No
32033,48,Texas,481076,1,1,1,0,1,ANGLETON,April,19,Wednesday,7,40,Urban,Low Speed (Local),No,29.17616667,-95.45125833,Non-Intersection,Daylight,Clear,Unknown,Unknown,Unknown EMS Scene Arrival Hour,Unknown EMS Scene Arrival Minutes,Unknown,Unknown EMS Hospital Arrival Time,1,Daylight,Clear,0,1,[],[],0,0,Valid,0.0,0.0,17.0,17.0,['Male'],0,0,3,2,4,Dry,Straight,Level,Lowest,No
32034,48,Texas,481077,0,1,1,0,2,NORTH RICHLAND HILLS,April,23,Sunday,17,19,Urban,High Speed (Arterial),Yes,32.86032778,-97.22705833,Non-Intersection,Daylight,Clear,5:00pm-5:59pm,20,5:00pm-5:59pm,22,5:00pm-5:59pm,43,1,Daylight,Clear,1,1,['Front_Passenger'],['None_Used'],1,1,Valid,0.0,0.0,25.0,25.0,['Male'],2,0,2,1,3,Dry,Straight,Level,Lowest,No
32035,48,Texas,481078,0,3,3,0,3,ROUND ROCK,April,29,Saturday,23,46,Urban,High Speed (Arterial),Yes,30.504025,-97.68363889,Non-Intersection,Dark - Not Lighted,Clear,Unknown,Unknown,Unknown EMS Scene Arrival Hour,Unknown EMS Scene Arrival Minutes,Unknown,Unknown EMS Hospital Arrival Time,1,Dark - Unlighted,Clear,1,2,['Driver'],['Shoulder_Lapbelt'],1,1,Invalid,0.0,0.0,67.0,19.0,"['Female', 'Male', 'Female']",0,0,3,4,5,Dry,Curve,Grade/Hillcrest,Lowest,No
32036,48,Texas,481079,0,1,1,0,3,NOT APPLICABLE,April,22,Saturday,22,0,Urban,High Speed (Arterial),Yes,32.26566667,-101.42371667,Non-Intersection,Dark - Lighted,Clear,Unknown,Unknown,Unknown EMS Scene Arrival Hour,Unknown EMS Scene Arrival Minutes,Unknown,Unknown EMS Hospital Arrival Time,1,Dark - Lighted,Clear,1,2,['Front_Passenger'],['Shoulder_Lapbelt'],0,0,Invalid,0.0,0.0,18.0,18.0,['Male'],3,0,3,1,3,Dry,Curve,Grade/Hillcrest,Lowest,No
32037,48,Texas,481080,1,1,1,0,1,EL PASO,March,16,Thursday,23,8,Urban,High Speed (Arterial),Yes,31.83865278,-106.56683889,Non-Intersection,Dark - Not Lighted,Clear,Unknown,Unknown,Unknown EMS Scene Arrival Hour,Unknown EMS Scene Arrival Minutes,Unknown,Unknown EMS Hospital Arrival Time,1,Dark - Unlighted,Clear,0,1,[],[],0,0,Valid,0.0,0.0,54.0,54.0,['Male'],0,0,3,2,4,Dry,Straight,Level,Lowest,No
32038,48,Texas,481081,0,1,1,0,1,EL PASO,April,30,Sunday,9,53,Urban,High Speed (Arterial),Yes,31.80408889,-106.28442778,Non-Intersection,Daylight,Clear,Unknown,Unknown,Unknown EMS Scene Arrival Hour,Unknown EMS Scene Arrival Minutes,Unknown,Unknown EMS Hospital Arrival Time,1,Daylight,Clear,1,0,['Driver'],['None_Used'],0,0,Valid,1.0,0.0,28.0,28.0,['Male'],1,0,5,1,3,Dry,Curve,Level,Lowest,No
32039,48,Texas,481082,1,1,1,0,1,PLANO,April,22,Saturday,18,47,Urban,High Speed (Arterial),Yes,32.98589444,-96.66646667,Non-Intersection,Daylight,Clear,Unknown,Unknown if Notified,Unknown EMS Scene Arrival Hour,Unknown if Arrived,Not Applicable (Not Transported),Not Applicable (Not Transported),1,Daylight,Clear,0,1,[],[],0,0,Valid,0.0,1.0,33.0,33.0,['Male'],0,0,2,2,4,Dry,Straight,Level,Lowest,No
32040,48,Texas,481083,1,3,3,0,2,NOT APPLICABLE,April,20,Thursday,9,14,Urban,Medium Speed (Collector),No,30.01818333,-95.42800833,Non-Intersection,Daylight,Cloudy,Unknown,Unknown,Unknown EMS Scene Arrival Hour,Unknown EMS Scene Arrival Minutes,Unknown,Unknown EMS Hospital Arrival Time,1,Daylight,Reduced Visibility,0,2,[],[],0,0,Valid,0.0,1.0,61.0,32.0,"['Female', 'Female']",1,0,4,2,5,Dry,Straight,Level,Lowest,No
32041,48,Texas,481084,0,1,1,0,2,PEARLAND,April,29,Saturday,15,57,Urban,Medium Speed (Collector),No,29.52137778,-95.26027778,Simple Junction,Daylight,Clear,Unknown,Unknown,Unknown EMS Scene Arrival Hour,Unknown EMS Scene Arrival Minutes,Unknown,Unknown EMS Hospital Arrival Time,1,Daylight,Clear,1,1,['Driver'],['Shoulder_Lapbelt'],0,0,Invalid,0.0,0.0,15.0,15.0,['Male'],2,0,2,1,3,Dry,Straight,Level,Lowest,No
32042,48,Texas,481085,1,1,1,0,1,NOT APPLICABLE,April,1,Saturday,21,45,Urban,Medium Speed (Collector),No,31.85335,-102.44804167,Non-Intersection,Dark - Not Lighted,Clear,Unknown,Unknown,Unknown EMS Scene Arrival Hour,Unknown EMS Scene Arrival Minutes,Unknown,Unknown EMS Hospital Arrival Time,1,Dark - Unlighted,Clear,0,1,[],[],0,0,Valid,0.0,0.0,19.0,19.0,['Male'],0,0,3,2,4,Dry,Straight,Level,Lowest,No
32043,48,Texas,481086,0,2,2,0,2,NOT APPLICABLE,April,21,Friday,18,17,Urban,High Speed (Arterial),Yes,32.24328056,-95.38078056,Non-Intersection,Daylight,Clear,Unknown,Unknown,Unknown EMS Scene Arrival Hour,Unknown EMS Scene Arrival Minutes,Unknown,Unknown EMS Hospital Arrival Time,1,Daylight,Clear,1,1,['Driver'],['Shoulder_Lapbelt'],0,0,Invalid,0.0,3.0,65.0,36.0,"['Male', 'Female']",0,0,3,4,5,Dry,Curve,Grade/Hillcrest,Lowest,No
32044,48,Texas,481087,0,4,4,0,7,NOT APPLICABLE,April,15,Saturday,9,10,Urban,High Speed (Arterial),No,29.93712222,-95.48328611,Complex/Circle,Daylight,Clear,Unknown,Unknown,Unknown EMS Scene Arrival Hour,Unknown EMS Scene Arrival Minutes,Unknown,Unknown EMS Hospital Arrival Time,1,Daylight,Clear,1,6,['Front_Passenger'],['Shoulder_Lapbelt'],0,0,Valid,1.0,0.0,65.0,22.0,"['Female', 'Female', 'Female', 'Male']",0,0,3,2,5,Dry,Straight,Level,Lowest,No
32045,48,Texas,481088,0,1,1,0,1,LEONARD,April,30,Sunday,14,9,Rural,Medium Speed (Collector),No,33.37897778,-96.27678056,Non-Intersection,Daylight,Clear,Unknown,Unknown,Unknown EMS Scene Arrival Hour,Unknown EMS Scene Arrival Minutes,Unknown,Unknown EMS Hospital Arrival Time,1,Daylight,Clear,1,0,['Driver'],['None_Used'],0,0,Invalid,0.0,0.0,53.0,53.0,['Male'],1,0,5,1,3,Dry,Curve,Level,Lowest,No
32046,48,Texas,481089,0,4,4,0,4,NOT APPLICABLE,April,15,Saturday,5,47,Urban,High Speed (Arterial),Yes,29.77098611,-95.17116944,Non-Intersection,Dark - Lighted,Rain,Unknown,Unknown if Notified,Unknown EMS Scene Arrival Hour,Unknown if Arrived,Not Applicable (Not Transported),Not Applicable (Not Transported),1,Dark - Lighted,Rain/Wind/Minor,1,2,['Driver'],['Shoulder_Lapbelt'],0,0,Valid,0.0,1.0,999.0,22.0,"['Male', 'Female', 'Male', 'Other']",0,0,4,2,5,Wet/Standing Water,Straight,Level,Lowest,No