,State_Code,State_Name,Crash_ID,Count_Non_Motorists,Count_Vehicles_Total,Count_Vehicle_Forms,Count_PVH_Involved,Count_Occupants_MV,City_Name,Month_Name,Day_of_Month,Day_of_Week,Crash_Hour,Crash_Minute,Area_Rural_Urban,Road_Functional_Class,On_NHS_Road,Latitude,Longitude,Intersection_Type,Light_Condition,Weather_Condition,Notif_Hour,Notif_Minute,Arrival_Hour,Arrival_Minute,Hospital_Hour,Hospital_Minute,Fatalities_Count,Clean_Light_Condition,Clean_Weather_Condition,Total_Killed,Total_Alive,Fatal_Seats_List,Killed_Restraint_List,Any_Driver_Drinking,Total_Drinking_Drivers,Driver_License_Category,Driver_Max_Prev_Accident_Count,Driver_Max_Prev_Speeding_Count,Max_Driver_Age,Min_Driver_Age,Driver_Sex_List,Total_Exceeding_Limit_Vehicles,Total_Too_Fast_Vehicles,Max_Vehicle_Type_Severity_5,Max_Vehicle_Damage_Rank,Max_Harmful_Event_Severity,Crash_Road_Surface_Condition,Crash_Horizontal_Alignment,Crash_Vertical_Profile,Crash_Impairment_Category,Crash_Vehicle_Defect
32047,48,Texas,481090,1,1,1,0,2,NOT APPLICABLE,April,23,Sunday,9,27,Urban,High Speed (Arterial),No,29.6038,-95.06556944,Non-Intersection,Daylight,Cloudy,Unknown,Unknown,Unknown EMS Scene Arrival Hour,Unknown EMS Scene Arrival Minutes,Unknown,Unknown EMS Hospital Arrival Time,1,Daylight,Reduced Visibility,0,2,[],[],0,0,Valid,0.0,0.0,29.0,29.0,['Male'],2,0,1,2,4,Dry,Straight,Level,Lowest,No
32048,48,Texas,481091,0,1,1,0,1,NOT APPLICABLE,April,20,Thursday,20,46,Rural,Medium Speed (Collector),No,32.7104,-99.276225,Non-Intersection,Dark - Not Lighted,Clear,Unknown,Unknown if Notified,Unknown EMS Scene Arrival Hour,Unknown if Arrived,Not Applicable (Not Transported),Not Applicable (Not Transported),1,Dark - Unlighted,Clear,1,0,['Driver'],['None_Used'],1,1,Invalid,0.0,0.0,36.0,36.0,['Male'],0,0,1,4,3,Dry,Curve,Grade/Hillcrest,Lowest,No
32049,48,Texas,481092,0,2,2,0,2,NOT APPLICABLE,April,30,Sunday,5,34,Urban,High Speed (Arterial),Yes,35.18543333,-101.63183611,Non-Intersection,Dark - Not Lighted,Clear,Unknown,Unknown,Unknown EMS Scene Arrival Hour,Unknown EMS Scene Arrival Minutes,Unknown,Unknown EMS Hospital Arrival Time,1,Dark - Unlighted,Clear,1,1,['Driver'],['None_Used'],1,1,Valid,1.0,1.0,54.0,22.0,"['Male', 'Male']",0,0,4,1,5,Dry,Straight,Level,Lowest,No
32050,48,Texas,481093,0,1,1,0,1,NOT APPLICABLE,April,28,Friday,16,48,Rural,Medium Speed (Collector),No,32.59063889,-94.58936111,Non-Intersection,Daylight,Cloudy,Unknown,Unknown,Unknown EMS Scene Arrival Hour,Unknown EMS Scene Arrival Minutes,Not Applicable (Not Transported),Not Applicable (Not Transported),1,Daylight,Reduced Visibility,1,0,['Driver'],['None_Used'],1,1,Valid,0.0,0.0,55.0,55.0,['Male'],1,0,5,1,3,Wet/Standing Water,Curve,Grade/Hillcrest,Lowest,No
32051,48,Texas,481094,0,1,1,0,1,GEORGETOWN,April,26,Wednesday,2,13,Urban,Medium Speed (Collector),No,30.61306944,-97.704025,Non-Intersection,Dark - Not Lighted,Rain,Unknown,Unknown if Notified,Unknown EMS Scene Arrival Hour,Unknown if Arrived,Not Applicable (Not Transported),Not Applicable (Not Transported),1,Dark - Unlighted,Rain/Wind/Minor,1,0,['Driver'],['Shoulder_Lapbelt'],0,0,Valid,0.0,4.0,58.0,58.0,['Male'],1,0,3,1,3,Wet/Standing Water,Curve,Grade/Hillcrest,Lowest,No
32052,48,Texas,481095,1,1,1,0,2,NOT APPLICABLE,April,29,Saturday,20,18,Urban,Medium Speed (Collector),No,30.05329167,-95.38976389,Non-Intersection,Dark - Not Lighted,Clear,Unknown,Unknown,Unknown EMS Scene Arrival Hour,Unknown EMS Scene Arrival Minutes,Unknown,Unknown EMS Hospital Arrival Time,1,Dark - Unlighted,Clear,0,2,[],[],0,0,Valid,0.0,0.0,24.0,24.0,['Male'],0,0,3,2,4,Dry,Straight,Level,Lowest,No
32053,48,Texas,481096,0,1,1,0,1,NOT APPLICABLE,April,26,Wednesday,10,12,Rural,High Speed (Arterial),Yes,33.26558333,-98.33570556,Non-Intersection,Daylight,Rain,Unknown,Unknown if Notified,Unknown EMS Scene Arrival Hour,Unknown if Arrived,Not Applicable (Not Transported),Not Applicable (Not Transported),1,Daylight,Rain/Wind/Minor,1,0,['Driver'],['None_Used'],0,0,Valid,0.0,0.0,38.0,38.0,['Female'],1,0,3,1,3,Wet/Standing Water,Straight,Grade/Hillcrest,Lowest,No
32054,48,Texas,481097,0,3,3,0,4,ARANSAS PASS,April,11,Tuesday,17,27,Urban,Medium Speed (Collector),No,27.91884444,-97.13436944,Simple Junction,Daylight,Clear,Unknown,Unknown,Unknown EMS Scene Arrival Hour,Unknown EMS Scene Arrival Minutes,Unknown,Unknown EMS Hospital Arrival Time,1,Daylight,Clear,1,3,['Driver'],['None_Used'],0,0,Valid,1.0,2.0,47.0,34.0,"['Male', 'Male', 'Female']",1,0,3,2,5,Dry,Curve,Level,Lowest,No
32055,48,Texas,481098,0,2,2,0,2,NOT APPLICABLE,April,20,Thursday,19,10,Rural,Medium Speed (Collector),No,32.82968611,-97.82363056,Simple Junction,Daylight,Cloudy,Unknown,Unknown,Unknown EMS Scene Arrival Hour,Unknown EMS Scene Arrival Minutes,Unknown,Unknown EMS Hospital Arrival Time,1,Daylight,Reduced Visibility,1,1,['Driver'],['None_Used'],0,0,Valid,0.0,1.0,38.0,32.0,"['Male', 'Male']",0,0,5,1,5,Dry,Straight,Level,Lowest,No
32056,48,Texas,481099,0,1,1,0,1,NOT APPLICABLE,April,11,Tuesday,20,30,Rural,High Speed (Arterial),No,33.09374444,-97.64631111,Simple Junction,Dusk,Clear,Unknown,Unknown if Notified,Unknown EMS Scene Arrival Hour,Unknown if Arrived,Not Applicable (Not Transported),Not Applicable (Not Transported),1,Twilight,Clear,1,0,['Driver'],['Shoulder_Lapbelt'],0,0,Valid,0.0,0.0,88.0,88.0,['Male'],0,0,3,1,3,Dry,Curve,Level,Medium,No
32057,48,Texas,481100,0,2,2,0,3,NOT APPLICABLE,April,29,Saturday,2,6,Rural,High Speed (Arterial),Yes,33.80746667,-102.16763333,Non-Intersection,Dark - Not Lighted,Clear,Unknown,Unknown,Unknown EMS Scene Arrival Hour,Unknown EMS Scene Arrival Minutes,Unknown,Unknown EMS Hospital Arrival Time,2,Dark - Unlighted,Clear,2,1,"['Driver', 'Front_Passenger']","['None_Used', 'None_Used']",0,0,Valid,0.0,1.0,53.0,23.0,"['Female', 'Female']",0,0,4,2,5,Dry,Straight,Level,Lowest,No
32058,48,Texas,481101,0,4,4,0,6,NOT APPLICABLE,April,20,Thursday,17,0,Rural,Medium Speed (Collector),No,28.64246944,-96.88866389,Non-Intersection,Daylight,Clear,Unknown,Unknown,Unknown EMS Scene Arrival Hour,Unknown EMS Scene Arrival Minutes,Unknown,Unknown EMS Hospital Arrival Time,1,Daylight,Clear,1,5,['Driver'],['None_Used'],0,0,Invalid,1.0,0.0,64.0,17.0,"['Male', 'Male', 'Female', 'Male']",1,0,3,1,5,Dry,Curve,Level,Lowest,No
32059,48,Texas,481102,1,1,1,0,1,NOT APPLICABLE,April,22,Saturday,23,30,Urban,Medium Speed (Collector),No,26.21175556,-98.10624444,Non-Intersection,Not Reported,Clear,Unknown,Unknown if Notified,Unknown EMS Scene Arrival Hour,Unknown if Arrived,Not Applicable (Not Transported),Not Applicable (Not Transported),1,Dark - Unlighted,Clear,0,1,[],[],0,0,Valid,0.0,0.0,16.0,16.0,['Male'],0,0,3,1,4,Dry,Straight,Level,Lowest,No
32060,48,Texas,481103,0,2,2,0,2,BRYAN,April,27,Thursday,15,48,Urban,High Speed (Arterial),Yes,30.64611389,-96.35638611,Complex/Circle,Daylight,Clear,Unknown,Unknown,Unknown EMS Scene Arrival Hour,Unknown EMS Scene Arrival Minutes,Unknown,Unknown EMS Hospital Arrival Time,1,Daylight,Clear,1,1,['Driver'],['None_Used'],0,0,Valid,0.0,0.0,73.0,18.0,"['Male', 'Female']",1,0,5,2,5,Dry,Straight,Level,Lowest,No
32061,48,Texas,481104,1,2,1,1,1,NOT APPLICABLE,April,16,Sunday,19,0,Urban,High Speed (Arterial),Yes,30.12265556,-95.23105,Non-Intersection,Daylight,Clear,Unknown,Unknown,Unknown EMS Scene Arrival Hour,Unknown EMS Scene Arrival Minutes,Unknown,Unknown EMS Hospital Arrival Time,1,Daylight,Clear,0,1,[],[],0,0,Valid,0.0,0.0,55.0,55.0,['Male'],0,0,3,1,4,Dry,Straight,Level,Lowest,No
32062,48,Texas,481105,0,2,2,0,2,HOUSTON,April,6,Thursday,8,55,Urban,Medium Speed (Collector),No,29.67126111,-95.24309722,Non-Intersection,Daylight,Cloudy,Unknown,Unknown,Unknown EMS Scene Arrival Hour,Unknown EMS Scene Arrival Minutes,Unknown,Unknown EMS Hospital Arrival Time,1,Daylight,Reduced Visibility,1,1,['Driver'],['None_Used'],0,0,Valid,0.0,0.0,47.0,24.0,"['Male', 'Male']",0,0,5,1,5,Dry,Straight,Level,Lowest,No
32063,48,Texas,481106,0,2,2,0,2,NOT APPLICABLE,April,24,Monday,10,27,Rural,Medium Speed (Collector),No,32.27485556,-97.30131111,Non-Intersection,Daylight,Clear,Unknown,Unknown,Unknown EMS Scene Arrival Hour,Unknown EMS Scene Arrival Minutes,Unknown,Unknown EMS Hospital Arrival Time,1,Daylight,Clear,1,1,['Driver'],['Shoulder_Lapbelt'],0,0,Valid,0.0,3.0,61.0,41.0,"['Female', 'Male']",0,0,3,1,5,Dry,Curve,Level,Medium,No
32064,48,Texas,481108,0,1,1,0,1,NOT APPLICABLE,April,16,Sunday,10,0,Rural,Medium Speed (Collector),No,29.70151389,-99.54784167,Non-Intersection,Daylight,Clear,Unknown,Unknown if Notified,Unknown EMS Scene Arrival Hour,Unknown if Arrived,Not Applicable (Not Transported),Not Applicable (Not Transported),1,Daylight,Clear,1,0,['Driver'],['None_Used'],0,0,Valid,0.0,0.0,67.0,67.0,['Male'],1,0,5,1,2,Dry,Curve,Level,Lowest,No
32065,48,Texas,481109,0,1,1,0,1,NOT APPLICABLE,April,15,Saturday,16,0,Rural,High Speed (Arterial),Yes,30.74217778,-96.78194167,Non-Intersection,Daylight,Cloudy,Unknown,Unknown if Notified,Unknown EMS Scene Arrival Hour,Unknown if Arrived,Not Applicable (Not Transported),Not Applicable (Not Transported),1,Daylight,Reduced Visibility,1,0,['Driver'],['None_Used'],0,0,Valid,1.0,0.0,46.0,46.0,['Male'],0,0,5,1,3,Dry,Curve,Grade/Hillcrest,Lowest,No
32066,48,Texas,481110,0,2,2,0,3,NOT APPLICABLE,April,20,Thursday,18,16,Rural,Medium Speed (Collector),No,33.91040833,-98.42544722,Non-Intersection,Daylight,Clear,Unknown,Unknown,Unknown EMS Scene Arrival Hour,Unknown EMS Scene Arrival Minutes,Unknown,Unknown EMS Hospital Arrival Time,1,Daylight,Clear,1,2,['Driver'],['Shoulder_Lapbelt'],1,1,Valid,0.0,0.0,53.0,17.0,"['Male', 'Male']",2,0,3,1,5,Dry,Straight,Grade/Hillcrest,Lowest,No
32067,48,Texas,481111,0,2,2,0,3,FULTON,April,20,Thursday,20,32,Urban,Medium Speed (Collector),No,28.06142222,-97.04120278,Complex/Circle,Dark - Not Lighted,Clear,Unknown,Unknown,Unknown EMS Scene Arrival Hour,Unknown EMS Scene Arrival Minutes,Unknown,Unknown EMS Hospital Arrival Time,1,Dark - Unlighted,Clear,1,2,['Driver'],['None_Used'],1,1,Valid,0.0,0.0,41.0,23.0,"['Female', 'Male']",0,0,5,1,5,Dry,Straight,Level,Lowest,No
32068,48,Texas,481112,0,2,2,0,2,NOT APPLICABLE,April,25,Tuesday,10,21,Urban,Medium Speed (Collector),No,28.81551111,-97.83410278,Complex/Circle,Daylight,Cloudy,Unknown,Unknown,Unknown EMS Scene Arrival Hour,Unknown EMS Scene Arrival Minutes,Unknown,Unknown EMS Hospital Arrival Time,1,Daylight,Reduced Visibility,1,1,['Driver'],['Shoulder_Lapbelt'],0,0,Valid,0.0,0.0,65.0,59.0,"['Male', 'Male']",0,0,4,4,5,Dry,Straight,Level,Lowest,No
32069,48,Texas,481113,0,2,2,0,3,HOUSTON,April,13,Thursday,19,20,Urban,High Speed (Arterial),Yes,29.78490278,-95.62308056,Non-Intersection,Dusk,Clear,Unknown,Unknown,Unknown EMS Scene Arrival Hour,Unknown EMS Scene Arrival Minutes,Unknown,Unknown EMS Hospital Arrival Time,1,Twilight,Clear,1,2,['Front_Passenger'],['Shoulder_Lapbelt'],0,0,Valid,0.0,1.0,41.0,20.0,"['Female', 'Male']",0,0,3,1,5,Dry,Straight,Grade/Hillcrest,Lowest,No
32070,48,Texas,481114,1,1,1,0,3,NOT APPLICABLE,April,21,Friday,4,40,Rural,High Speed (Arterial),Yes,31.955225,-101.92397222,Non-Intersection,Dark - Not Lighted,Clear,Unknown,Unknown if Notified,Unknown EMS Scene Arrival Hour,Unknown if Arrived,Not Applicable (Not Transported),Not Applicable (Not Transported),1,Dark - Unlighted,Clear,0,3,[],[],0,0,Valid,1.0,0.0,30.0,30.0,['Male'],0,0,3,2,4,Dry,Straight,Level,Lowest,No
32071,48,Texas,481115,0,2,2,0,2,NOT APPLICABLE,April,24,Monday,7,6,Urban,High Speed (Arterial),Yes,31.91336944,-102.23439167,Simple Junction,Daylight,Rain,Unknown,Unknown,Unknown EMS Scene Arrival Hour,Unknown EMS Scene Arrival Minutes,Unknown,Unknown EMS Hospital Arrival Time,1,Daylight,Rain/Wind/Minor,1,1,['Driver'],['Shoulder_Lapbelt'],0,0,Valid,0.0,0.0,60.0,52.0,"['Male', 'Male']",0,0,3,1,5,Wet/Standing Water,Straight,Level,Lowest,No
32072,48,Texas,481116,1,1,1,0,1,HARLINGEN,April,26,Wednesday,12,4,Urban,High Speed (Arterial),Yes,26.17509444,-97.67233056,Complex/Circle,Daylight,Clear,Unknown,Unknown,Unknown EMS Scene Arrival Hour,Unknown EMS Scene Arrival Minutes,Unknown,Unknown EMS Hospital Arrival Time,1,Daylight,Clear,0,1,[],[],0,0,Valid,0.0,0.0,43.0,43.0,['Male'],0,0,3,1,4,Dry,Straight,Level,Lowest,No
32073,48,Texas,481117,0,3,3,0,4,CLEBURNE,May,1,Monday,17,6,Rural,Medium Speed (Collector),No,32.29896667,-97.38860556,Non-Intersection,Daylight,Clear,Unknown,Unknown,Unknown EMS Scene Arrival Hour,Unknown EMS Scene Arrival Minutes,Unknown,Unknown EMS Hospital Arrival Time,1,Daylight,Clear,1,3,['Driver'],['Shoulder_Lapbelt'],0,0,Invalid,0.0,0.0,33.0,24.0,"['Male', 'Female', 'Male']",1,0,3,1,5,Dry,Straight,Level,Lowest,No
32074,48,Texas,481118,0,2,2,0,3,NOT APPLICABLE,April,6,Thursday,19,56,Rural,Medium Speed (Collector),No,29.86197222,-95.99728333,Non-Intersection,Dark - Not Lighted,Rain,Unknown,Unknown,Unknown EMS Scene Arrival Hour,Unknown EMS Scene Arrival Minutes,Unknown,Unknown EMS Hospital Arrival Time,1,Dark - Unlighted,Rain/Wind/Minor,1,2,['Driver'],['None_Used'],0,0,Invalid,0.0,4.0,21.0,21.0,"['Male', 'Male']",1,0,3,1,5,Wet/Standing Water,Straight,Level,Lowest,No
32075,48,Texas,481119,0,2,2,0,4,NOT APPLICABLE,April,22,Saturday,2,35,Urban,Medium Speed (Collector),No,26.26412222,-98.00878889,Complex/Circle,Dark - Not Lighted,Clear,Unknown,Unknown,Unknown EMS Scene Arrival Hour,Unknown EMS Scene Arrival Minutes,Unknown,Unknown EMS Hospital Arrival Time,1,Dark - Unlighted,Clear,1,3,['Front_Passenger'],['Shoulder_Lapbelt'],1,2,Valid,0.0,2.0,46.0,24.0,"['Female', 'Male']",0,0,3,1,5,Dry,Straight,Level,Lowest,No
32076,48,Texas,481120,0,2,2,0,2,NOT APPLICABLE,April,26,Wednesday,17,30,Rural,Low Speed (Local),No,32.27885556,-95.16562222,Non-Intersection,Daylight,Rain,Unknown,Unknown if Notified,Unknown EMS Scene Arrival Hour,Unknown if Arrived,Not Applicable (Not Transported),Not Applicable (Not Transported),1,Daylight,Rain/Wind/Minor,1,1,['Driver'],['None_Used'],0,0,Valid,0.0,0.0,59.0,17.0,"['Male', 'Female']",1,0,3,1,5,Wet/Standing Water,Straight,Level,Lowest,No
32077,48,Texas,481121,0,2,2,0,2,NOT APPLICABLE,April,30,Sunday,10,55,Rural,Medium Speed (Collector),No,31.77443611,-94.48858611,Simple Junction,Daylight,Clear,Unknown,Unknown if Notified,Unknown EMS Scene Arrival Hour,Unknown if Arrived,Not Applicable (Not Transported),Not Applicable (Not Transported),1,Daylight,Clear,1,1,['Driver'],['None_Used'],0,0,Valid,0.0,0.0,61.0,45.0,"['Male', 'Male']",0,0,5,1,5,Dry,Straight,Grade/Hillcrest,Lowest,No
32078,48,Texas,481122,0,2,2,0,2,NOT APPLICABLE,May,2,Tuesday,7,57,Rural,Medium Speed (Collector),No,32.22158333,-95.45151667,Non-Intersection,Daylight,Clear,Unknown,Unknown if Notified,Unknown EMS Scene Arrival Hour,Unknown if Arrived,Not Applicable (Not Transported),Not Applicable (Not Transported),2,Daylight,Clear,2,0,"['Driver', 'Driver']","['Shoulder_Lapbelt', 'Shoulder_Lapbelt']",0,0,Valid,0.0,0.0,61.0,43.0,"['Male', 'Male']",0,0,3,4,5,Dry,Straight,Grade/Hillcrest,Lowest,No
32079,48,Texas,481123,0,1,1,0,1,NOT APPLICABLE,April,28,Friday,15,46,Rural,Low Speed (Local),No,30.35401111,-98.08208611,Non-Intersection,Daylight,Clear,Unknown,Unknown,Unknown EMS Scene Arrival Hour,Unknown EMS Scene Arrival Minutes,Unknown,Unknown EMS Hospital Arrival Time,1,Daylight,Clear,1,0,['Driver'],['None_Used'],0,0,Valid,0.0,0.0,43.0,43.0,['Male'],1,0,5,1,3,Dry,Curve,Level,Lowest,No
32080,48,Texas,481124,0,2,2,0,2,NOT APPLICABLE,April,27,Thursday,15,39,Rural,High Speed (Arterial),Yes,32.84998889,-102.05011667,Non-Intersection,Daylight,Cloudy,Unknown,Unknown if Notified,Unknown EMS Scene Arrival Hour,Unknown if Arrived,Not Applicable (Not Transported),Not Applicable (Not Transported),1,Daylight,Reduced Visibility,1,1,['Driver'],['None_Used'],0,0,Valid,0.0,0.0,61.0,50.0,"['Female', 'Male']",0,0,4,1,5,Dry,Straight,Level,Lowest,No
32081,48,Texas,481125,0,2,1,1,1,SNYDER,March,10,Friday,23,41,Urban,Low Speed (Local),No,32.71611111,-100.92179722,Non-Intersection,Dark - Not Lighted,Clear,Unknown,Unknown,Unknown EMS Scene Arrival Hour,Unknown EMS Scene Arrival Minutes,Unknown,Unknown EMS Hospital Arrival Time,1,Dark - Unlighted,Clear,1,0,['Driver'],['None_Used'],1,1,Valid,0.0,0.0,27.0,27.0,['Female'],0,0,3,1,5,Dry,Straight,Level,Lowest,No
32082,48,Texas,481126,0,1,1,0,1,NOT APPLICABLE,April,26,Wednesday,17,0,Rural,High Speed (Arterial),Yes,31.9594,-99.54343056,Non-Intersection,Daylight,Cloudy,Unknown,Unknown if Notified,Unknown EMS Scene Arrival Hour,Unknown if Arrived,Not Applicable (Not Transported),Not Applicable (Not Transported),1,Daylight,Reduced Visibility,1,0,['Driver'],['Shoulder_Lapbelt'],0,0,Valid,0.0,0.0,25.0,25.0,['Male'],0,0,4,1,3,Dry,Straight,Grade/Hillcrest,Lowest,No
32083,48,Texas,481127,1,4,3,1,3,NOT APPLICABLE,April,26,Wednesday,13,54,Rural,High Speed (Arterial),Yes,32.48199444,-95.50777222,Non-Intersection,Daylight,Rain,Unknown,Unknown,Unknown EMS Scene Arrival Hour,Unknown EMS Scene Arrival Minutes,Unknown,Unknown EMS Hospital Arrival Time,1,Daylight,Rain/Wind/Minor,1,2,['Driver'],['Shoulder_Lapbelt'],0,0,Invalid,0.0,0.0,60.0,50.0,"['Male', 'Male', 'Female']",1,0,4,2,5,Wet/Standing Water,Straight,Level,Lowest,No
32084,48,Texas,481128,0,2,2,0,6,SUGAR LAND,April,30,Sunday,3,59,Urban,High Speed (Arterial),Yes,29.62605278,-95.59556389,Non-Intersection,Dark - Lighted,Clear,Unknown,Unknown,Unknown EMS Scene Arrival Hour,Unknown EMS Scene Arrival Minutes,Unknown,Unknown EMS Hospital Arrival Time,2,Dark - Lighted,Clear,2,4,"['Driver', 'Front_Passenger']","['None_Used', 'None_Used']",0,0,Valid,0.0,1.0,44.0,19.0,"['Male', 'Male']",0,0,3,1,5,Dry,Straight,Grade/Hillcrest,Lowest,No
32085,48,Texas,481129,0,2,2,0,5,NOT APPLICABLE,April,23,Sunday,1,0,Rural,Medium Speed (Collector),No,29.97785556,-97.48061667,Non-Intersection,Dark - Not Lighted,Clear,Unknown,Unknown,Unknown EMS Scene Arrival Hour,Unknown EMS Scene Arrival Minutes,Unknown,Unknown EMS Hospital Arrival Time,3,Dark - Unlighted,Clear,3,2,"['Driver', 'Driver', 'Rear_Seat']","['None_Used', 'Shoulder_Lapbelt', 'Child_Safety']",1,1,Valid,0.0,2.0,41.0,23.0,"['Male', 'Female']",0,0,3,4,5,Dry,Straight,Level,Lowest,No
32086,48,Texas,481130,1,1,1,0,2,NOT APPLICABLE,April,30,Sunday,17,34,Urban,High Speed (Arterial),Yes,29.85053056,-95.16872222,Non-Intersection,Daylight,Clear,Unknown,Unknown,Unknown EMS Scene Arrival Hour,Unknown EMS Scene Arrival Minutes,Unknown,Unknown EMS Hospital Arrival Time,1,Daylight,Clear,0,2,[],[],0,0,Valid,0.0,0.0,23.0,23.0,['Male'],2,0,2,2,4,Dry,Straight,Level,Lowest,No
32087,48,Texas,481131,1,1,1,0,1,LITTLE ELM,April,30,Sunday,21,57,Urban,High Speed (Arterial),Yes,33.22009722,-96.91723889,Non-Intersection,Dark - Lighted,Clear,Unknown,Unknown,Unknown EMS Scene Arrival Hour,Unknown EMS Scene Arrival Minutes,Unknown,Unknown EMS Hospital Arrival Time,1,Dark - Lighted,Clear,0,1,[],[],0,0,Invalid,0.0,0.0,22.0,22.0,['Female'],0,0,3,1,4,Dry,Straight,Level,Lowest,No
32088,48,Texas,481132,1,1,1,0,2,SAN ANTONIO,April,29,Saturday,18,15,Urban,High Speed (Arterial),Yes,29.44075556,-98.67018889,Non-Intersection,Daylight,Clear,Unknown,Unknown,Unknown EMS Scene Arrival Hour,Unknown EMS Scene Arrival Minutes,Unknown,Unknown EMS Hospital Arrival Time,1,Daylight,Clear,0,2,[],[],0,0,Valid,0.0,0.0,34.0,34.0,['Female'],0,0,2,1,4,Dry,Straight,Level,Lowest,No
32089,48,Texas,481133,0,2,2,0,5,CORSICANA,April,28,Friday,16,33,Urban,High Speed (Arterial),Yes,32.12309444,-96.46560556,Simple Junction,Daylight,Rain,Unknown,Unknown,Unknown EMS Scene Arrival Hour,Unknown EMS Scene Arrival Minutes,Unknown,Unknown EMS Hospital Arrival Time,1,Daylight,Rain/Wind/Minor,1,4,['Driver'],['None_Used'],0,0,Valid,0.0,0.0,73.0,22.0,"['Male', 'Female']",0,0,3,1,5,Wet/Standing Water,Straight,Level,Lowest,No
32090,48,Texas,481134,0,1,1,0,1,NOT APPLICABLE,May,2,Tuesday,18,10,Rural,Medium Speed (Collector),No,33.58976944,-102.22578056,Non-Intersection,Daylight,Clear,Unknown,Unknown,Unknown EMS Scene Arrival Hour,Unknown EMS Scene Arrival Minutes,Unknown,Unknown EMS Hospital Arrival Time,1,Daylight,Clear,1,0,['Driver'],['None_Used'],0,0,Valid,0.0,0.0,18.0,18.0,['Female'],0,0,2,1,3,Dry,Straight,Level,Lowest,No
32091,48,Texas,481135,0,2,2,0,2,NOT APPLICABLE,April,25,Tuesday,12,13,Urban,Medium Speed (Collector),No,33.94649722,-98.63823333,Simple Junction,Daylight,Clear,Unknown,Unknown,Unknown EMS Scene Arrival Hour,Unknown EMS Scene Arrival Minutes,Unknown,Unknown EMS Hospital Arrival Time,1,Daylight,Clear,1,1,['Driver'],['None_Used'],0,0,Valid,0.0,0.0,79.0,64.0,"['Female', 'Male']",0,0,5,1,5,Dry,Straight,Level,Lowest,No
32092,48,Texas,481136,0,2,2,0,2,NOT APPLICABLE,May,4,Thursday,16,57,Rural,Medium Speed (Collector),No,29.35201389,-95.63201667,Non-Intersection,Daylight,Clear,Unknown,Unknown,Unknown EMS Scene Arrival Hour,Unknown EMS Scene Arrival Minutes,Unknown,Unknown EMS Hospital Arrival Time,1,Daylight,Clear,1,1,['Driver'],['Shoulder_Lapbelt'],1,1,Valid,0.0,1.0,71.0,37.0,"['Male', 'Female']",1,0,3,1,5,Dry,Straight,Level,Lowest,No
32093,48,Texas,481137,0,1,1,0,2,NOT APPLICABLE,March,30,Thursday,14,16,Urban,Medium Speed (Collector),No,30.63340278,-98.40921667,Non-Intersection,Daylight,Rain,Unknown,Unknown,Unknown EMS Scene Arrival Hour,Unknown EMS Scene Arrival Minutes,Unknown,Unknown EMS Hospital Arrival Time,1,Daylight,Rain/Wind/Minor,1,1,['Driver'],['Shoulder_Lapbelt'],0,0,Valid,0.0,0.0,59.0,59.0,['Male'],2,0,3,1,3,Wet/Standing Water,Curve,Grade/Hillcrest,Lowest,No
32094,48,Texas,481138,0,1,1,0,1,NOT APPLICABLE,April,20,Thursday,23,28,Urban,High Speed (Arterial),Yes,30.05233333,-95.69786389,Non-Intersection,Dark - Not Lighted,Rain,Unknown,Unknown,Unknown EMS Scene Arrival Hour,Unknown EMS Scene Arrival Minutes,Not Applicable (Not Transported),Not Applicable (Not Transported),1,Dark - Unlighted,Rain/Wind/Minor,1,0,['Driver'],['None_Used'],0,0,Valid,1.0,0.0,67.0,67.0,['Male'],0,0,4,1,3,Wet/Standing Water,Straight,Grade/Hillcrest,Lowest,No
32095,48,Texas,481139,0,3,3,0,3,GUN BARREL CITY,April,28,Friday,16,22,Urban,Medium Speed (Collector),No,32.33090278,-96.14915833,Non-Intersection,Daylight,Clear,Unknown,Unknown,Unknown EMS Scene Arrival Hour,Unknown EMS Scene Arrival Minutes,Unknown,Unknown EMS Hospital Arrival Time,1,Daylight,Clear,1,2,['Driver'],['Shoulder_Lapbelt'],0,0,Valid,0.0,4.0,69.0,19.0,"['Male', 'Male', 'Male']",0,0,2,2,5,Dry,Straight,Level,Lowest,No
32096,48,Texas,481140,0,2,2,0,4,NOT APPLICABLE,April,25,Tuesday,7,55,Urban,High Speed (Arterial),No,32.3214,-95.21743333,Complex/Circle,Daylight,Cloudy,Unknown,Unknown if Notified,Unknown EMS Scene Arrival Hour,Unknown if Arrived,Not Applicable (Not Transported),Not Applicable (Not Transported),1,Daylight,Reduced Visibility,1,3,['Driver'],['None_Used'],0,0,Valid,0.0,0.0,69.0,47.0,"['Male', 'Male']",0,0,4,2,5,Dry,Straight,Level,Lowest,No