,State_Code,State_Name,Crash_ID,Count_Non_Motorists,Count_Vehicles_Total,Count_Vehicle_Forms,Count_PVH_Involved,Count_Occupants_MV,City_Name,Month_Name,Day_of_Month,Day_of_Week,Crash_Hour,Crash_Minute,Area_Rural_Urban,Road_Functional_Class,On_NHS_Road,Latitude,Longitude,Intersection_Type,Light_Condition,Weather_Condition,Notif_Hour,Notif_Minute,Arrival_Hour,Arrival_Minute,Hospital_Hour,Hospital_Minute,Fatalities_Count,Clean_Light_Condition,Clean_Weather_Condition,Total_Killed,Total_Alive,Fatal_Seats_List,Killed_Restraint_List,Any_Driver_Drinking,Total_Drinking_Drivers,Driver_License_Category,Driver_Max_Prev_Accident_Count,Driver_Max_Prev_Speeding_Count,Max_Driver_Age,Min_Driver_Age,Driver_Sex_List,Total_Exceeding_Limit_Vehicles,Total_Too_Fast_Vehicles,Max_Vehicle_Type_Severity_5,Max_Vehicle_Damage_Rank,Max_Harmful_Event_Severity,Crash_Road_Surface_Condition,Crash_Horizontal_Alignment,Crash_Vertical_Profile,Crash_Impairment_Category,Crash_Vehicle_Defect
32097,48,Texas,481141,1,1,1,0,1,SAN ANTONIO,April,19,Wednesday,13,9,Urban,Medium Speed (Collector),No,29.51266389,-98.53526667,Non-Intersection,Daylight,Cloudy,Unknown,Unknown,Unknown EMS Scene Arrival Hour,Unknown EMS Scene Arrival Minutes,Unknown,Unknown EMS Hospital Arrival Time,1,Daylight,Reduced Visibility,0,1,[],[],0,0,Valid,0.0,0.0,57.0,57.0,['Female'],0,0,2,1,4,Dry,Straight,Non-Trafficway,Lowest,No
32098,48,Texas,481142,1,1,1,0,1,HOUSTON,April,8,Saturday,23,45,Urban,High Speed (Arterial),Yes,29.71760833,-95.31916667,Non-Intersection,Dark - Not Lighted,Cloudy,Unknown,Unknown,Unknown EMS Scene Arrival Hour,Unknown EMS Scene Arrival Minutes,Unknown,Unknown EMS Hospital Arrival Time,1,Dark - Unlighted,Reduced Visibility,0,1,[],[],1,1,Valid,0.0,0.0,55.0,55.0,['Male'],0,0,3,1,4,Dry,Straight,Level,Lowest,No
32099,48,Texas,481143,1,2,2,0,2,HOUSTON,April,22,Saturday,1,17,Urban,High Speed (Arterial),Yes,29.73176389,-95.39035833,Non-Intersection,Dark - Not Lighted,Clear,Unknown,Unknown,Unknown EMS Scene Arrival Hour,Unknown EMS Scene Arrival Minutes,Unknown,Unknown EMS Hospital Arrival Time,1,Dark - Unlighted,Clear,0,2,[],[],0,0,Valid,0.0,0.0,34.0,26.0,"['Male', 'Female']",1,0,2,1,5,Dry,Straight,Level,Lowest,No
32100,48,Texas,481144,1,1,1,0,1,WACO,May,7,Sunday,4,0,Urban,High Speed (Arterial),Yes,31.53699722,-97.12910833,Non-Intersection,Dark - Not Lighted,Cloudy,Unknown,Unknown,Unknown EMS Scene Arrival Hour,Unknown EMS Scene Arrival Minutes,Not Applicable (Not Transported),Not Applicable (Not Transported),1,Dark - Unlighted,Reduced Visibility,0,1,[],[],0,0,Valid,0.0,0.0,47.0,47.0,['Male'],0,0,4,3,4,Dry,Straight,Grade/Hillcrest,Lowest,No
32101,48,Texas,481145,1,1,1,0,1,DALLAS,April,22,Saturday,0,0,Urban,Low Speed (Local),No,32.77051667,-96.74486944,Non-Intersection,Dark - Not Lighted,Clear,Unknown,Unknown if Notified,Unknown EMS Scene Arrival Hour,Unknown if Arrived,Not Applicable (Not Transported),Not Applicable (Not Transported),1,Dark - Unlighted,Clear,0,0,[],[],0,0,Invalid,0.0,0.0,999.0,999.0,['Other'],0,0,1,0,4,Dry,Straight,Level,Lowest,No
32102,48,Texas,481146,1,1,1,0,1,NOT APPLICABLE,May,2,Tuesday,11,41,Rural,Medium Speed (Collector),No,31.20668889,-99.37659444,Non-Intersection,Daylight,Cloudy,Unknown,Unknown if Notified,Unknown EMS Scene Arrival Hour,Unknown if Arrived,Not Applicable (Not Transported),Not Applicable (Not Transported),1,Daylight,Reduced Visibility,0,1,[],[],0,0,Valid,0.0,0.0,53.0,53.0,['Male'],0,0,3,1,4,Dry,Straight,Grade/Hillcrest,Lowest,No
32103,48,Texas,481147,0,2,2,0,2,GRAPEVINE,May,4,Thursday,7,33,Urban,High Speed (Arterial),Yes,32.94888333,-97.05513611,Complex/Circle,Daylight,Cloudy,Unknown,Unknown if Notified,Unknown EMS Scene Arrival Hour,Unknown if Arrived,Not Applicable (Not Transported),Not Applicable (Not Transported),1,Daylight,Reduced Visibility,1,1,['Driver'],['Shoulder_Lapbelt'],0,0,Valid,0.0,0.0,52.0,22.0,"['Male', 'Male']",1,0,3,1,5,Dry,Straight,Level,Lowest,No
32104,48,Texas,481148,0,2,2,0,2,CONROE,April,28,Friday,16,24,Urban,Medium Speed (Collector),No,30.31073333,-95.40565556,Complex/Circle,Daylight,Cloudy,Unknown,Unknown if Notified,Unknown EMS Scene Arrival Hour,Unknown if Arrived,Not Applicable (Not Transported),Not Applicable (Not Transported),1,Daylight,Reduced Visibility,1,1,['Driver'],['None_Used'],0,0,Valid,1.0,3.0,55.0,27.0,"['Male', 'Male']",1,0,5,2,5,Dry,Straight,Level,Lowest,No
32105,48,Texas,481149,1,1,1,0,1,KATY,April,27,Thursday,15,24,Urban,Medium Speed (Collector),No,29.78533611,-95.80785278,Complex/Circle,Daylight,Clear,Unknown,Unknown,Unknown EMS Scene Arrival Hour,Unknown EMS Scene Arrival Minutes,Unknown,Unknown EMS Hospital Arrival Time,1,Daylight,Clear,0,1,[],[],0,0,Valid,0.0,0.0,59.0,59.0,['Female'],0,0,3,2,4,Dry,Straight,Level,Lowest,No
32106,48,Texas,481150,0,1,1,0,1,NOT APPLICABLE,April,29,Saturday,18,19,Rural,Low Speed (Local),No,32.61994444,-96.39233889,Non-Intersection,Daylight,Clear,Unknown,Unknown,Unknown EMS Scene Arrival Hour,Unknown EMS Scene Arrival Minutes,Unknown,Unknown EMS Hospital Arrival Time,1,Daylight,Clear,1,0,['Driver'],['None_Used'],0,0,Valid,0.0,0.0,27.0,27.0,['Male'],0,0,5,1,2,Dry,Straight,Grade/Hillcrest,Lowest,Yes
32107,48,Texas,481151,0,2,2,0,2,NOT APPLICABLE,May,6,Saturday,8,52,Rural,High Speed (Arterial),Yes,30.16188611,-97.20812778,Non-Intersection,Daylight,Clear,Unknown,Unknown,Unknown EMS Scene Arrival Hour,Unknown EMS Scene Arrival Minutes,Unknown,Unknown EMS Hospital Arrival Time,1,Daylight,Clear,1,1,['Driver'],['Shoulder_Lapbelt'],0,0,Invalid,0.0,1.0,54.0,45.0,"['Male', 'Male']",0,0,4,4,5,Dry,Straight,Level,Lowest,No
32108,48,Texas,481152,1,1,1,0,1,CISCO,April,10,Monday,13,55,Rural,High Speed (Arterial),No,32.38799444,-98.97927778,Complex/Circle,Daylight,Clear,Unknown,Unknown,Unknown EMS Scene Arrival Hour,Unknown EMS Scene Arrival Minutes,Unknown,Unknown EMS Hospital Arrival Time,1,Daylight,Clear,0,1,[],[],0,0,Valid,0.0,1.0,47.0,47.0,['Female'],0,0,3,2,4,Dry,Straight,Level,Lowest,No
32109,48,Texas,481153,0,2,2,0,3,SAN ANTONIO,May,6,Saturday,1,52,Urban,Medium Speed (Collector),No,29.59011389,-98.60021111,Complex/Circle,Dark - Lighted,Rain,Unknown,Unknown,Unknown EMS Scene Arrival Hour,Unknown EMS Scene Arrival Minutes,Unknown,Unknown EMS Hospital Arrival Time,1,Dark - Lighted,Rain/Wind/Minor,1,2,['Front_Passenger'],['Shoulder_Lapbelt'],1,1,Valid,1.0,0.0,23.0,21.0,"['Male', 'Male']",1,0,3,1,5,Wet/Standing Water,Straight,Level,Lowest,No
32110,48,Texas,481154,0,1,1,0,1,HOUSTON,May,4,Thursday,20,9,Urban,High Speed (Arterial),Yes,29.60106667,-95.21813611,Non-Intersection,Dark - Lighted,Clear,Unknown,Unknown,Unknown EMS Scene Arrival Hour,Unknown EMS Scene Arrival Minutes,Not Applicable (Not Transported),Not Applicable (Not Transported),1,Dark - Lighted,Clear,1,0,['Driver'],['None_Used'],1,1,Invalid,0.0,0.0,44.0,44.0,['Male'],0,0,3,1,3,Dry,Straight,Level,Lowest,No
32111,48,Texas,481155,0,2,2,0,2,HOUSTON,April,17,Monday,15,19,Urban,Medium Speed (Collector),No,29.63092778,-95.157575,Non-Intersection,Daylight,Clear,Unknown,Unknown,Unknown EMS Scene Arrival Hour,Unknown EMS Scene Arrival Minutes,3:00pm-3:59pm,26,1,Daylight,Clear,1,1,['Driver'],['None_Used'],0,0,Valid,0.0,0.0,65.0,19.0,"['Male', 'Male']",1,0,5,2,5,Dry,Straight,Level,Lowest,No
32112,48,Texas,481156,1,1,1,0,2,NOT APPLICABLE,May,2,Tuesday,5,19,Urban,High Speed (Arterial),Yes,29.90765278,-95.31033611,Non-Intersection,Dark - Lighted,Clear,Unknown,Unknown if Notified,Unknown EMS Scene Arrival Hour,Unknown if Arrived,Not Applicable (Not Transported),Not Applicable (Not Transported),1,Dark - Lighted,Clear,0,2,[],[],0,0,Valid,0.0,0.0,85.0,85.0,['Male'],0,0,3,1,4,Dry,Straight,Level,Lowest,No
32113,48,Texas,481157,0,2,2,0,2,AUSTIN,May,7,Sunday,19,11,Urban,Medium Speed (Collector),No,30.1636,-97.77846944,Non-Intersection,Daylight,Cloudy,Unknown,Unknown,Unknown EMS Scene Arrival Hour,Unknown EMS Scene Arrival Minutes,Unknown,Unknown EMS Hospital Arrival Time,1,Daylight,Reduced Visibility,1,1,['Driver'],['None_Used'],1,1,Valid,0.0,1.0,39.0,34.0,"['Male', 'Male']",1,0,5,2,5,Dry,Curve,Level,Lowest,No
32114,48,Texas,481158,0,1,1,0,1,LUBBOCK,April,29,Saturday,19,37,Urban,High Speed (Arterial),Yes,33.57997778,-101.840125,Non-Intersection,Daylight,Clear,Unknown,Unknown if Notified,Unknown EMS Scene Arrival Hour,Unknown if Arrived,Not Applicable (Not Transported),Not Applicable (Not Transported),1,Daylight,Clear,1,0,['Driver'],['None_Used'],1,1,Valid,0.0,0.0,35.0,35.0,['Male'],0,0,5,1,2,Dry,Curve,Grade/Hillcrest,Lowest,No
32115,48,Texas,481159,0,1,1,0,3,LUBBOCK,April,30,Sunday,4,29,Urban,High Speed (Arterial),Yes,33.52952778,-101.864575,Non-Intersection,Dark - Lighted,Clear,Unknown,Unknown,Unknown EMS Scene Arrival Hour,Unknown EMS Scene Arrival Minutes,Unknown,Unknown EMS Hospital Arrival Time,1,Dark - Lighted,Clear,1,2,['Driver'],['None_Used'],1,1,Valid,0.0,1.0,38.0,38.0,['Male'],0,0,3,1,3,Dry,Straight,Level,Lowest,No
32116,48,Texas,481160,0,2,2,0,2,HOUSTON,April,26,Wednesday,10,50,Rural,Low Speed (Local),No,29.72916389,-95.38565556,Complex/Circle,Daylight,Cloudy,Unknown,Unknown if Notified,Unknown EMS Scene Arrival Hour,Unknown if Arrived,Not Applicable (Not Transported),Not Applicable (Not Transported),1,Daylight,Reduced Visibility,1,1,['Driver'],['None_Used'],0,0,Valid,0.0,0.0,80.0,54.0,"['Male', 'Male']",0,0,3,3,5,Dry,Straight,Level,Lowest,No
32117,48,Texas,481161,0,5,5,0,10,HILLSBORO,April,27,Thursday,15,23,Urban,High Speed (Arterial),Yes,31.95415833,-97.11415833,Non-Intersection,Daylight,Clear,Unknown,Unknown,Unknown EMS Scene Arrival Hour,Unknown EMS Scene Arrival Minutes,Unknown,Unknown EMS Hospital Arrival Time,1,Daylight,Clear,1,9,['Rear_Seat'],['None_Used'],0,0,Invalid,0.0,0.0,48.0,23.0,"['Male', 'Female', 'Female', 'Male', 'Male']",0,0,4,2,5,Dry,Straight,Grade/Hillcrest,Lowest,Yes
32118,48,Texas,481162,0,2,2,0,2,NOT APPLICABLE,April,5,Wednesday,18,29,Urban,High Speed (Arterial),Yes,31.95561389,-102.06861944,Simple Junction,Daylight,Clear,Unknown,Unknown,Unknown EMS Scene Arrival Hour,Unknown EMS Scene Arrival Minutes,Unknown,Unknown EMS Hospital Arrival Time,1,Daylight,Clear,1,1,['Driver'],['Shoulder_Lapbelt'],0,0,Valid,0.0,0.0,19.0,18.0,"['Male', 'Male']",1,0,3,1,5,Dry,Straight,Level,Lowest,No
32119,48,Texas,481163,0,2,2,0,2,NOT APPLICABLE,April,21,Friday,6,12,Rural,High Speed (Arterial),Yes,30.18636111,-97.55341667,Simple Junction,Dawn,Cloudy,Unknown,Unknown,Unknown EMS Scene Arrival Hour,Unknown EMS Scene Arrival Minutes,Not Applicable (Not Transported),Not Applicable (Not Transported),1,Twilight,Reduced Visibility,1,1,['Driver'],['Shoulder_Lapbelt'],0,0,Invalid,0.0,0.0,53.0,27.0,"['Male', 'Male']",0,0,3,4,5,Wet/Standing Water,Curve,Level,Lowest,No
32120,48,Texas,481164,0,2,2,0,4,NOT APPLICABLE,April,20,Thursday,23,46,Urban,High Speed (Arterial),Yes,28.71453056,-97.040925,Simple Junction,Dark - Not Lighted,Cloudy,Unknown,Unknown,Unknown EMS Scene Arrival Hour,Unknown EMS Scene Arrival Minutes,Unknown,Unknown EMS Hospital Arrival Time,1,Dark - Unlighted,Reduced Visibility,1,3,['Driver'],['None_Used'],1,1,Valid,0.0,0.0,46.0,35.0,"['Male', 'Male']",0,0,3,1,5,Dry,Straight,Level,Lowest,No
32121,48,Texas,481165,0,1,1,0,1,NOT APPLICABLE,April,29,Saturday,18,28,Rural,Low Speed (Local),No,28.13038611,-97.86388889,Non-Intersection,Daylight,Clear,Unknown,Unknown if Notified,Unknown EMS Scene Arrival Hour,Unknown if Arrived,Not Applicable (Not Transported),Not Applicable (Not Transported),1,Daylight,Clear,1,0,['Driver'],['None_Used'],1,1,Valid,0.0,0.0,57.0,57.0,['Male'],1,0,2,1,3,Dry,Straight,Level,Lowest,No
32122,48,Texas,481166,0,4,4,0,6,NOT APPLICABLE,April,30,Sunday,18,29,Urban,High Speed (Arterial),No,32.58731944,-94.75341111,Complex/Circle,Daylight,Clear,Unknown,Unknown,Unknown EMS Scene Arrival Hour,Unknown EMS Scene Arrival Minutes,Unknown,Unknown EMS Hospital Arrival Time,1,Daylight,Clear,1,5,['Driver'],['Shoulder_Lapbelt'],0,0,Valid,1.0,2.0,54.0,21.0,"['Male', 'Male', 'Male', 'Male']",0,0,3,1,5,Dry,Straight,Level,Lowest,No
32123,48,Texas,481167,0,1,1,0,1,LAREDO,May,3,Wednesday,2,5,Urban,High Speed (Arterial),Yes,27.61069444,-99.45662222,Non-Intersection,Dark - Not Lighted,Clear,Unknown,Unknown if Notified,Unknown EMS Scene Arrival Hour,Unknown if Arrived,Not Applicable (Not Transported),Not Applicable (Not Transported),1,Dark - Unlighted,Clear,1,0,['Driver'],['None_Used'],0,0,Valid,0.0,0.0,22.0,22.0,['Male'],1,0,2,1,2,Dry,Curve,Level,Lowest,No
32124,48,Texas,481168,1,1,1,0,1,SAN ANTONIO,May,7,Sunday,10,28,Urban,Medium Speed (Collector),No,29.34178333,-98.55633611,Non-Intersection,Daylight,Rain,Unknown,Unknown,Unknown EMS Scene Arrival Hour,Unknown EMS Scene Arrival Minutes,Not Applicable (Not Transported),Not Applicable (Not Transported),1,Daylight,Rain/Wind/Minor,0,0,[],[],0,0,Invalid,0.0,0.0,999.0,999.0,['Other'],0,0,1,2,4,Wet/Standing Water,Straight,Level,Lowest,No
32125,48,Texas,481169,0,2,2,0,1,SHERMAN,April,24,Monday,21,38,Rural,High Speed (Arterial),Yes,33.67105556,-96.70709444,Non-Intersection,Dark - Unknown Lighting,Clear,Unknown,Unknown,Unknown EMS Scene Arrival Hour,Unknown EMS Scene Arrival Minutes,Unknown,Unknown EMS Hospital Arrival Time,1,Dark - Unlighted,Clear,1,0,['Driver'],['None_Used'],1,1,Valid,0.0,0.0,45.0,45.0,['Male'],0,0,5,2,5,Dry,Straight,Level,Lowest,No
32126,48,Texas,481170,0,1,1,0,1,DALLAS,April,30,Sunday,4,13,Urban,High Speed (Arterial),Yes,32.74740833,-96.75235,Non-Intersection,Dark - Not Lighted,Clear,Unknown,Unknown if Notified,Unknown EMS Scene Arrival Hour,Unknown if Arrived,Not Applicable (Not Transported),Not Applicable (Not Transported),1,Dark - Unlighted,Clear,1,0,['Driver'],['Shoulder_Lapbelt'],0,0,Invalid,0.0,0.0,34.0,34.0,['Male'],1,0,2,1,2,Dry,Straight,Level,Lowest,No
32127,48,Texas,481171,0,2,2,0,2,NOT APPLICABLE,April,19,Wednesday,17,56,Urban,High Speed (Arterial),Yes,30.09356667,-96.03457222,Non-Intersection,Daylight,Clear,Unknown,Unknown,Unknown EMS Scene Arrival Hour,Unknown EMS Scene Arrival Minutes,Unknown,Unknown EMS Hospital Arrival Time,1,Daylight,Clear,1,1,['Driver'],['Shoulder_Lapbelt'],0,0,Valid,0.0,0.0,54.0,48.0,"['Male', 'Male']",0,0,3,1,5,Dry,Straight,Level,Lowest,No
32128,48,Texas,481172,0,3,3,0,6,HOUSTON,May,5,Friday,13,16,Urban,High Speed (Arterial),Yes,29.73266667,-95.37978611,Non-Intersection,Daylight,Clear,Unknown,Unknown if Notified,Unknown EMS Scene Arrival Hour,Unknown if Arrived,Not Applicable (Not Transported),Not Applicable (Not Transported),1,Daylight,Clear,1,5,['Rear_Seat'],['Shoulder_Lapbelt'],0,0,Valid,0.0,0.0,37.0,29.0,"['Female', 'Female', 'Female']",4,0,3,3,5,Dry,Straight,Level,Lowest,No
32129,48,Texas,481173,0,3,3,0,3,NOT APPLICABLE,April,30,Sunday,20,26,Rural,High Speed (Arterial),Yes,30.18754722,-97.56290833,Non-Intersection,Dark - Not Lighted,Clear,Unknown,Unknown,Unknown EMS Scene Arrival Hour,Unknown EMS Scene Arrival Minutes,Not Applicable (Not Transported),Not Applicable (Not Transported),1,Dark - Unlighted,Clear,1,2,['Driver'],['None_Used'],1,1,Valid,0.0,1.0,61.0,22.0,"['Male', 'Female', 'Male']",1,0,5,2,5,Dry,Straight,Level,Lowest,No
32130,48,Texas,481174,0,2,2,0,8,HOUSTON,May,8,Monday,19,16,Urban,Medium Speed (Collector),No,29.82069722,-95.39968889,Non-Intersection,Daylight,Cloudy,Unknown,Unknown,Unknown EMS Scene Arrival Hour,Unknown EMS Scene Arrival Minutes,Unknown,Unknown EMS Hospital Arrival Time,1,Daylight,Reduced Visibility,1,7,['Driver'],['None_Used'],1,1,Invalid,0.0,0.0,19.0,18.0,"['Female', 'Male']",4,0,2,2,5,Dry,Straight,Level,Lowest,Yes
32131,48,Texas,481175,0,1,1,0,1,NOT APPLICABLE,April,23,Sunday,5,40,Urban,Medium Speed (Collector),No,26.36261667,-98.16689167,Non-Intersection,Dark - Not Lighted,Clear,Unknown,Unknown if Notified,Unknown EMS Scene Arrival Hour,Unknown if Arrived,Not Applicable (Not Transported),Not Applicable (Not Transported),1,Dark - Unlighted,Clear,1,0,['Driver'],['Shoulder_Lapbelt'],1,1,Valid,0.0,0.0,21.0,21.0,['Female'],1,0,3,1,3,Dry,Straight,Level,Lowest,No
32132,48,Texas,481176,1,1,1,0,2,NOT APPLICABLE,May,3,Wednesday,21,30,Urban,High Speed (Arterial),Yes,30.00326389,-95.46065,Simple Junction,Dark - Lighted,Clear,Unknown,Unknown if Notified,Unknown EMS Scene Arrival Hour,Unknown if Arrived,Not Applicable (Not Transported),Not Applicable (Not Transported),1,Dark - Lighted,Clear,0,2,[],[],0,0,Valid,1.0,0.0,36.0,36.0,['Female'],0,0,2,2,4,Dry,Straight,Level,Lowest,No
32133,48,Texas,481177,0,3,3,0,5,BROWNSVILLE,May,3,Wednesday,20,20,Urban,High Speed (Arterial),No,25.93550278,-97.489525,Non-Intersection,Dark - Lighted,Clear,Unknown,Unknown,Unknown EMS Scene Arrival Hour,Unknown EMS Scene Arrival Minutes,Unknown,Unknown EMS Hospital Arrival Time,1,Dark - Lighted,Clear,1,4,['Driver'],['Shoulder_Lapbelt'],0,0,Valid,0.0,0.0,57.0,30.0,"['Male', 'Female', 'Male']",0,0,3,2,5,Dry,Straight,Level,Lowest,No
32134,48,Texas,481178,1,2,2,0,2,KILLEEN,May,1,Monday,0,30,Urban,Medium Speed (Collector),No,31.07849167,-97.69576111,Non-Intersection,Dark - Lighted,Clear,Unknown,Unknown if Notified,Unknown EMS Scene Arrival Hour,Unknown if Arrived,Not Applicable (Not Transported),Not Applicable (Not Transported),1,Dark - Lighted,Clear,0,2,[],[],0,0,Valid,0.0,0.0,48.0,42.0,"['Male', 'Male']",0,0,3,1,4,Dry,Straight,Level,Lowest,No
32135,48,Texas,481179,0,3,3,0,4,ARLINGTON,May,8,Monday,17,57,Urban,High Speed (Arterial),Yes,32.69716389,-97.19022778,Complex/Circle,Daylight,Clear,Unknown,Unknown,Unknown EMS Scene Arrival Hour,Unknown EMS Scene Arrival Minutes,Not Applicable (Not Transported),Not Applicable (Not Transported),1,Daylight,Clear,1,3,['Driver'],['Shoulder_Lapbelt'],0,0,Valid,1.0,1.0,40.0,18.0,"['Male', 'Male', 'Male']",1,0,3,2,5,Dry,Straight,Level,Lowest,No
32136,48,Texas,481180,0,1,1,0,1,Other,April,30,Sunday,23,0,Urban,Low Speed (Local),No,32.54215833,-96.95259167,Non-Intersection,Dark - Not Lighted,Clear,Unknown,Unknown if Notified,Unknown EMS Scene Arrival Hour,Unknown if Arrived,Not Applicable (Not Transported),Not Applicable (Not Transported),1,Dark - Unlighted,Clear,1,0,['Driver'],['Shoulder_Lapbelt'],1,1,Invalid,0.0,0.0,21.0,21.0,['Male'],1,0,3,1,3,Dry,Curve,Grade/Hillcrest,Lowest,No
32137,48,Texas,481181,0,1,1,0,4,NOT APPLICABLE,April,29,Saturday,22,20,Rural,Low Speed (Local),No,32.27894444,-96.50635,Non-Intersection,Dark - Not Lighted,Clear,Unknown,Unknown,Unknown EMS Scene Arrival Hour,Unknown EMS Scene Arrival Minutes,Unknown,Unknown EMS Hospital Arrival Time,1,Dark - Unlighted,Clear,1,3,['Front_Passenger'],['None_Used'],1,1,Valid,0.0,0.0,40.0,40.0,['Female'],4,0,5,2,3,Dry,Curve,Grade/Hillcrest,Lowest,No
32138,48,Texas,481182,0,1,1,0,2,BURLESON,May,4,Thursday,4,17,Urban,Medium Speed (Collector),No,32.54297222,-97.31389167,Non-Intersection,Dark - Not Lighted,Cloudy,Unknown,Unknown,Unknown EMS Scene Arrival Hour,Unknown EMS Scene Arrival Minutes,Unknown,Unknown EMS Hospital Arrival Time,1,Dark - Unlighted,Reduced Visibility,1,1,['Front_Passenger'],['None_Used'],1,1,Invalid,0.0,1.0,27.0,27.0,['Female'],2,0,3,1,3,Dry,Straight,Grade/Hillcrest,Lowest,No
32139,48,Texas,481183,0,2,2,0,2,SAN ANTONIO,May,9,Tuesday,18,45,Urban,High Speed (Arterial),Yes,29.47727778,-98.64813611,Non-Intersection,Daylight,Rain,Unknown,Unknown,Unknown EMS Scene Arrival Hour,Unknown EMS Scene Arrival Minutes,Unknown,Unknown EMS Hospital Arrival Time,1,Daylight,Rain/Wind/Minor,1,1,['Driver'],['Shoulder_Lapbelt'],1,1,Valid,1.0,1.0,38.0,35.0,"['Female', 'Female']",1,0,3,1,5,Wet/Standing Water,Straight,Level,Lowest,No
32140,48,Texas,481184,0,3,3,0,5,NOLANVILLE,April,24,Monday,5,53,Urban,High Speed (Arterial),Yes,31.06858889,-97.58235,Non-Intersection,Dark - Lighted,Clear,Unknown,Unknown,Unknown EMS Scene Arrival Hour,Unknown EMS Scene Arrival Minutes,Unknown,Unknown EMS Hospital Arrival Time,1,Dark - Lighted,Clear,1,4,['Driver'],['Shoulder_Lapbelt'],0,0,Valid,0.0,1.0,43.0,38.0,"['Male', 'Male', 'Male']",1,0,4,1,5,Dry,Straight,Grade/Hillcrest,Lowest,No
32141,48,Texas,481185,0,3,3,0,4,NOT APPLICABLE,April,4,Tuesday,6,20,Rural,High Speed (Arterial),Yes,31.96424167,-101.97275278,Non-Intersection,Dark - Not Lighted,Clear,Unknown,Unknown,Unknown EMS Scene Arrival Hour,Unknown EMS Scene Arrival Minutes,Unknown,Unknown EMS Hospital Arrival Time,2,Dark - Unlighted,Clear,2,2,"['Driver', 'Front_Passenger']","['None_Used', 'Shoulder_Lapbelt']",0,0,Valid,0.0,3.0,42.0,30.0,"['Male', 'Male', 'Male']",1,0,3,4,5,Dry,Straight,Level,Lowest,No
32142,48,Texas,481186,0,2,2,0,4,NOT APPLICABLE,March,26,Sunday,14,24,Rural,High Speed (Arterial),Yes,30.04173889,-94.669925,Complex/Circle,Daylight,Clear,Unknown,Unknown,Unknown EMS Scene Arrival Hour,Unknown EMS Scene Arrival Minutes,Unknown,Unknown EMS Hospital Arrival Time,1,Daylight,Clear,1,3,['Driver'],['Shoulder_Lapbelt'],0,0,Valid,0.0,0.0,92.0,42.0,"['Male', 'Male']",0,0,3,4,5,Dry,Straight,Level,Lowest,No
32143,48,Texas,481187,0,2,2,0,2,NOT APPLICABLE,March,26,Sunday,7,10,Urban,Medium Speed (Collector),No,29.83116389,-95.73140556,Complex/Circle,Daylight,Cloudy,Unknown,Unknown,Unknown EMS Scene Arrival Hour,Unknown EMS Scene Arrival Minutes,Unknown,Unknown EMS Hospital Arrival Time,1,Daylight,Reduced Visibility,1,1,['Driver'],['None_Used'],0,0,Valid,1.0,0.0,45.0,41.0,"['Male', 'Male']",1,0,5,2,5,Dry,Straight,Level,Lowest,No
32144,48,Texas,481188,0,1,1,0,1,NOT APPLICABLE,May,7,Sunday,5,13,Rural,High Speed (Arterial),Yes,29.1805,-98.42640833,Non-Intersection,Dark - Not Lighted,Clear,Unknown,Unknown,Unknown EMS Scene Arrival Hour,Unknown EMS Scene Arrival Minutes,Unknown,Unknown EMS Hospital Arrival Time,1,Dark - Unlighted,Clear,1,0,['Driver'],['Shoulder_Lapbelt'],0,0,Invalid,0.0,0.0,21.0,21.0,['Male'],1,0,2,1,2,Dry,Straight,Level,Lowest,No
32145,48,Texas,481189,0,1,1,0,2,HOUSTON,April,26,Wednesday,22,17,Urban,High Speed (Arterial),Yes,29.82835,-95.38120278,Non-Intersection,Dark - Not Lighted,Cloudy,Unknown,Unknown,Unknown EMS Scene Arrival Hour,Unknown EMS Scene Arrival Minutes,Unknown,Unknown EMS Hospital Arrival Time,1,Dark - Unlighted,Reduced Visibility,1,1,['Non_Standard_Risk'],['None_Used'],0,0,Valid,0.0,0.0,30.0,30.0,['Male'],0,0,3,1,3,Dry,Curve,Level,Lowest,No
32146,48,Texas,481190,1,1,1,0,1,HOUSTON,April,22,Saturday,2,25,Urban,High Speed (Arterial),Yes,29.83793889,-95.38788611,Non-Intersection,Dark - Not Lighted,Clear,Unknown,Unknown,Unknown EMS Scene Arrival Hour,Unknown EMS Scene Arrival Minutes,Not Applicable (Not Transported),Not Applicable (Not Transported),1,Dark - Unlighted,Clear,0,1,[],[],0,0,Valid,0.0,0.0,50.0,50.0,['Male'],0,0,2,1,4,Dry,Straight,Level,Lowest,No
32147,48,Texas,481191,0,3,3,0,7,DENTON,April,30,Sunday,21,3,Urban,Medium Speed (Collector),No,33.15828611,-97.09927222,Non-Intersection,Dark - Lighted,Clear,Unknown,Unknown,Unknown EMS Scene Arrival Hour,Unknown EMS Scene Arrival Minutes,Unknown,Unknown EMS Hospital Arrival Time,1,Dark - Lighted,Clear,1,5,['Driver'],['None_Used'],0,0,Invalid,0.0,0.0,999.0,19.0,"['Other', 'Male', 'Female']",1,0,5,2,5,Dry,Straight,Level,Lowest,No