,State_Code,State_Name,Crash_ID,Count_Non_Motorists,Count_Vehicles_Total,Count_Vehicle_Forms,Count_PVH_Involved,Count_Occupants_MV,City_Name,Month_Name,Day_of_Month,Day_of_Week,Crash_Hour,Crash_Minute,Area_Rural_Urban,Road_Functional_Class,On_NHS_Road,Latitude,Longitude,Intersection_Type,Light_Condition,Weather_Condition,Notif_Hour,Notif_Minute,Arrival_Hour,Arrival_Minute,Hospital_Hour,Hospital_Minute,Fatalities_Count,Clean_Light_Condition,Clean_Weather_Condition,Total_Killed,Total_Alive,Fatal_Seats_List,Killed_Restraint_List,Any_Driver_Drinking,Total_Drinking_Drivers,Driver_License_Category,Driver_Max_Prev_Accident_Count,Driver_Max_Prev_Speeding_Count,Max_Driver_Age,Min_Driver_Age,Driver_Sex_List,Total_Exceeding_Limit_Vehicles,Total_Too_Fast_Vehicles,Max_Vehicle_Type_Severity_5,Max_Vehicle_Damage_Rank,Max_Harmful_Event_Severity,Crash_Road_Surface_Condition,Crash_Horizontal_Alignment,Crash_Vertical_Profile,Crash_Impairment_Category,Crash_Vehicle_Defect
32148,48,Texas,481192,0,1,1,0,1,NOT APPLICABLE,May,7,Sunday,0,15,Urban,Medium Speed (Collector),No,29.96151667,-95.57425833,Non-Intersection,Dark - Not Lighted,Cloudy,Unknown,Unknown if Notified,Unknown EMS Scene Arrival Hour,Unknown if Arrived,Not Applicable (Not Transported),Not Applicable (Not Transported),1,Dark - Unlighted,Reduced Visibility,1,0,['Driver'],['None_Used'],1,1,Valid,1.0,1.0,40.0,40.0,['Male'],1,0,3,1,3,Dry,Curve,Level,Lowest,No
32149,48,Texas,481193,0,2,2,0,2,NOT APPLICABLE,May,1,Monday,17,47,Rural,Low Speed (Local),No,33.34073889,-102.22195278,Non-Intersection,Daylight,Clear,Unknown,Unknown,Unknown EMS Scene Arrival Hour,Unknown EMS Scene Arrival Minutes,Unknown,Unknown EMS Hospital Arrival Time,1,Daylight,Clear,1,1,['Driver'],['Shoulder_Lapbelt'],0,0,Valid,0.0,0.0,60.0,18.0,"['Male', 'Male']",0,0,3,4,3,Dry,Straight,Level,Lowest,No
32150,48,Texas,481194,1,2,2,0,2,AMARILLO,May,10,Wednesday,21,6,Urban,High Speed (Arterial),Yes,35.22198611,-101.77855278,Non-Intersection,Dusk,Cloudy,Unknown,Unknown,Unknown EMS Scene Arrival Hour,Unknown EMS Scene Arrival Minutes,Not Applicable (Not Transported),Not Applicable (Not Transported),1,Twilight,Reduced Visibility,0,1,[],[],0,0,Invalid,0.0,0.0,999.0,56.0,"['Other', 'Male']",0,0,3,2,4,Dry,Straight,Level,Lowest,No
32151,48,Texas,481195,0,2,2,0,8,CORPUS CHRISTI,May,1,Monday,22,53,Urban,High Speed (Arterial),No,27.77799722,-97.42045278,Complex/Circle,Dark - Lighted,Clear,Unknown,Unknown,Unknown EMS Scene Arrival Hour,Unknown EMS Scene Arrival Minutes,Unknown,Unknown EMS Hospital Arrival Time,1,Dark - Lighted,Clear,1,7,['Front_Passenger'],['Shoulder_Lapbelt'],0,0,Invalid,1.0,3.0,41.0,35.0,"['Male', 'Female']",0,0,3,1,5,Dry,Straight,Level,Lowest,No
32152,48,Texas,481196,1,1,1,0,1,NOT APPLICABLE,May,8,Monday,23,41,Urban,Medium Speed (Collector),No,29.805975,-95.19484722,Non-Intersection,Dark - Not Lighted,Clear,Unknown,Unknown if Notified,Unknown EMS Scene Arrival Hour,Unknown if Arrived,Not Applicable (Not Transported),Not Applicable (Not Transported),1,Dark - Unlighted,Clear,0,0,[],[],0,0,Invalid,0.0,0.0,999.0,999.0,['Other'],0,0,1,0,4,Dry,Straight,Level,Lowest,No
32153,48,Texas,481197,0,1,1,0,1,NOT APPLICABLE,May,4,Thursday,17,45,Rural,High Speed (Arterial),Yes,32.98318056,-97.76355833,Non-Intersection,Daylight,Clear,Unknown,Unknown if Notified,Unknown EMS Scene Arrival Hour,Unknown if Arrived,Not Applicable (Not Transported),Not Applicable (Not Transported),1,Daylight,Clear,1,0,['Driver'],['None_Used'],0,0,Valid,0.0,0.0,61.0,61.0,['Male'],1,0,5,1,2,Dry,Curve,Level,Lowest,No
32154,48,Texas,481198,0,2,2,0,2,COPPELL,April,27,Thursday,20,51,Urban,High Speed (Arterial),Yes,32.95144444,-96.94026111,Simple Junction,Dark - Not Lighted,Clear,Unknown,Unknown,Unknown EMS Scene Arrival Hour,Unknown EMS Scene Arrival Minutes,Unknown,Unknown EMS Hospital Arrival Time,1,Dark - Unlighted,Clear,1,1,['Driver'],['None_Used'],0,0,Valid,0.0,2.0,31.0,27.0,"['Male', 'Male']",0,0,5,2,5,Dry,Straight,Level,Lowest,Yes
32155,48,Texas,481199,0,2,2,0,3,NOT APPLICABLE,April,27,Thursday,15,21,Rural,Medium Speed (Collector),No,29.78525833,-97.78887222,Complex/Circle,Daylight,Clear,Unknown,Unknown,Unknown EMS Scene Arrival Hour,Unknown EMS Scene Arrival Minutes,Unknown,Unknown EMS Hospital Arrival Time,1,Daylight,Clear,1,2,['Driver'],['Shoulder_Lapbelt'],0,0,Valid,0.0,0.0,87.0,54.0,"['Male', 'Male']",0,0,4,1,5,Dry,Straight,Grade/Hillcrest,Lowest,No
32156,48,Texas,481200,0,9,9,0,22,NOT APPLICABLE,April,15,Saturday,17,35,Rural,High Speed (Arterial),Yes,29.97991389,-94.21581111,Non-Intersection,Daylight,Cloudy,Unknown,Unknown,Unknown EMS Scene Arrival Hour,Unknown EMS Scene Arrival Minutes,Unknown,Unknown EMS Hospital Arrival Time,1,Daylight,Reduced Visibility,1,21,['Front_Passenger'],['Shoulder_Lapbelt'],0,0,Valid,1.0,1.0,72.0,19.0,"['Male', 'Female', 'Female', 'Female', 'Male', 'Female', 'Male', 'Female', 'Male']",1,0,4,2,5,Dry,Straight,Grade/Hillcrest,Lowest,No
32157,48,Texas,481201,0,2,2,0,5,SAGINAW,April,8,Saturday,13,50,Urban,Low Speed (Local),No,32.88374167,-97.35182222,Non-Intersection,Daylight,Clear,Unknown,Unknown,Unknown EMS Scene Arrival Hour,Unknown EMS Scene Arrival Minutes,Unknown,Unknown EMS Hospital Arrival Time,1,Daylight,Clear,1,4,['Rear_Seat'],['None_Used'],0,0,Valid,0.0,0.0,34.0,31.0,"['Male', 'Male']",5,0,3,2,3,Dry,Straight,Level,Lowest,No
32158,48,Texas,481202,0,1,1,0,1,NOT APPLICABLE,May,4,Thursday,23,57,Urban,Medium Speed (Collector),No,32.91833611,-97.46901944,Non-Intersection,Dark - Not Lighted,Cloudy,Unknown,Unknown if Notified,Unknown EMS Scene Arrival Hour,Unknown if Arrived,Not Applicable (Not Transported),Not Applicable (Not Transported),1,Dark - Unlighted,Reduced Visibility,1,0,['Driver'],['None_Used'],1,1,Valid,0.0,0.0,40.0,40.0,['Male'],0,0,5,1,2,Dry,Curve,Grade/Hillcrest,Lowest,No
32159,48,Texas,481203,0,4,1,3,1,NOT APPLICABLE,May,4,Thursday,8,51,Urban,High Speed (Arterial),Yes,32.61835833,-97.53463333,Simple Junction,Dark - Not Lighted,Cloudy,Unknown,Unknown if Notified,Unknown EMS Scene Arrival Hour,Unknown if Arrived,Not Applicable (Not Transported),Not Applicable (Not Transported),1,Dark - Unlighted,Reduced Visibility,1,0,['Driver'],['None_Used'],0,0,Invalid,0.0,0.0,53.0,53.0,['Male'],1,0,2,1,5,Dry,Straight,Level,Lowest,No
32160,48,Texas,481204,0,1,1,0,1,BROWNSBORO,April,27,Thursday,1,54,Rural,Medium Speed (Collector),No,32.31346667,-95.60560278,Non-Intersection,Dark - Not Lighted,Clear,Unknown,Unknown if Notified,Unknown EMS Scene Arrival Hour,Unknown if Arrived,Not Applicable (Not Transported),Not Applicable (Not Transported),1,Dark - Unlighted,Clear,1,0,['Driver'],['None_Used'],1,1,Valid,1.0,1.0,30.0,30.0,['Male'],1,0,3,1,3,Wet/Standing Water,Curve,Grade/Hillcrest,Lowest,No
32161,48,Texas,481205,0,2,2,0,2,NOT APPLICABLE,April,29,Saturday,23,50,Urban,High Speed (Arterial),Yes,30.11585556,-97.69516111,Non-Intersection,Dark - Not Lighted,Clear,Unknown,Unknown if Notified,Unknown EMS Scene Arrival Hour,Unknown if Arrived,Not Applicable (Not Transported),Not Applicable (Not Transported),1,Dark - Unlighted,Clear,1,0,['Driver'],['None_Used'],0,0,Invalid,1.0,2.0,43.0,37.0,"['Male', 'Male']",1,0,5,3,5,Dry,Straight,Level,Lowest,No
32162,48,Texas,481206,0,2,2,0,4,NOT APPLICABLE,April,30,Sunday,12,20,Rural,Medium Speed (Collector),No,32.53631667,-95.83445,Non-Intersection,Daylight,Clear,Unknown,Unknown,Unknown EMS Scene Arrival Hour,Unknown EMS Scene Arrival Minutes,Unknown,Unknown EMS Hospital Arrival Time,1,Daylight,Clear,1,3,['Front_Passenger'],['Shoulder_Lapbelt'],0,0,Valid,0.0,0.0,70.0,32.0,"['Male', 'Male']",0,0,5,1,5,Dry,Straight,Level,Lowest,No
32163,48,Texas,481207,0,1,1,0,2,SAN ANTONIO,May,8,Monday,16,13,Urban,High Speed (Arterial),Yes,29.32033611,-98.51499722,Non-Intersection,Daylight,Clear,Unknown,Unknown,Unknown EMS Scene Arrival Hour,Unknown EMS Scene Arrival Minutes,Unknown,Unknown EMS Hospital Arrival Time,1,Daylight,Clear,1,1,['Front_Passenger'],['None_Used'],0,0,Valid,0.0,0.0,18.0,18.0,['Male'],2,0,3,1,3,Dry,Straight,Level,Lowest,No
32164,48,Texas,481209,0,2,2,0,2,LEWISVILLE,May,9,Tuesday,7,30,Urban,Medium Speed (Collector),No,33.027475,-97.01057222,Complex/Circle,Daylight,Cloudy,Unknown,Unknown,Unknown EMS Scene Arrival Hour,Unknown EMS Scene Arrival Minutes,Unknown,Unknown EMS Hospital Arrival Time,1,Daylight,Reduced Visibility,1,1,['Driver'],['None_Used'],0,0,Valid,0.0,4.0,50.0,34.0,"['Male', 'Female']",0,0,5,1,5,Dry,Straight,Level,Lowest,No
32165,48,Texas,481210,0,4,4,0,6,NOT APPLICABLE,May,3,Wednesday,7,13,Rural,High Speed (Arterial),Yes,32.52498333,-99.756275,Non-Intersection,Daylight,Clear,Unknown,Unknown,Unknown EMS Scene Arrival Hour,Unknown EMS Scene Arrival Minutes,Unknown,Unknown EMS Hospital Arrival Time,1,Daylight,Clear,1,5,['Front_Passenger'],['None_Used'],0,0,Invalid,0.0,1.0,56.0,32.0,"['Male', 'Male', 'Male', 'Female']",2,0,3,4,5,Dry,Straight,Grade/Hillcrest,Lowest,No
32166,48,Texas,481211,1,1,1,0,1,ROUND ROCK,May,6,Saturday,21,3,Urban,High Speed (Arterial),Yes,30.51731111,-97.65884444,Non-Intersection,Dark - Lighted,Cloudy,Unknown,Unknown,Unknown EMS Scene Arrival Hour,Unknown EMS Scene Arrival Minutes,Not Applicable (Not Transported),Not Applicable (Not Transported),1,Dark - Lighted,Reduced Visibility,0,1,[],[],0,0,Invalid,0.0,0.0,31.0,31.0,['Male'],0,0,3,2,4,Dry,Straight,Level,Lowest,No
32167,48,Texas,481212,0,1,1,0,1,DALLAS,April,28,Friday,2,13,Urban,Medium Speed (Collector),No,32.80226667,-96.873725,Non-Intersection,Dark - Lighted,Clear,Unknown,Unknown,Unknown EMS Scene Arrival Hour,Unknown EMS Scene Arrival Minutes,Unknown,Unknown EMS Hospital Arrival Time,1,Dark - Lighted,Clear,1,0,['Driver'],['None_Used'],1,1,Valid,0.0,0.0,27.0,27.0,['Male'],1,0,5,1,2,Dry,Straight,Grade/Hillcrest,Lowest,No
32168,48,Texas,481213,0,2,2,0,2,NOT APPLICABLE,May,9,Tuesday,16,42,Rural,High Speed (Arterial),Yes,31.89708056,-97.6485,Non-Intersection,Daylight,Clear,Unknown,Unknown,Unknown EMS Scene Arrival Hour,Unknown EMS Scene Arrival Minutes,Unknown,Unknown EMS Hospital Arrival Time,1,Daylight,Clear,1,1,['Driver'],['Shoulder_Lapbelt'],0,0,Valid,0.0,2.0,53.0,23.0,"['Male', 'Male']",1,0,3,1,5,Dry,Curve,Level,Lowest,No
32169,48,Texas,481214,0,3,3,0,3,HOUSTON,April,30,Sunday,16,36,Urban,Medium Speed (Collector),No,29.84900556,-95.33407778,Non-Intersection,Daylight,Clear,Unknown,Unknown if Notified,Unknown EMS Scene Arrival Hour,Unknown if Arrived,Not Applicable (Not Transported),Not Applicable (Not Transported),1,Daylight,Clear,1,2,['Driver'],['Shoulder_Lapbelt'],0,0,Valid,0.0,0.0,79.0,51.0,"['Female', 'Male', 'Male']",1,0,3,1,5,Dry,Curve,Level,Lowest,No
32170,48,Texas,481216,0,1,1,0,5,NOT APPLICABLE,May,4,Thursday,7,5,Rural,High Speed (Arterial),Yes,35.22104167,-101.54379444,Non-Intersection,Daylight,Rain,Unknown,Unknown,Unknown EMS Scene Arrival Hour,Unknown EMS Scene Arrival Minutes,Unknown,Unknown EMS Hospital Arrival Time,1,Daylight,Rain/Wind/Minor,1,4,['Driver'],['None_Used'],0,0,Valid,0.0,0.0,38.0,38.0,['Female'],0,0,3,1,3,Wet/Standing Water,Straight,Level,Lowest,No
32171,48,Texas,481217,0,1,1,0,1,NOT APPLICABLE,May,6,Saturday,18,13,Urban,Medium Speed (Collector),No,30.01485,-95.59220556,Non-Intersection,Daylight,Clear,Unknown,Unknown,Unknown EMS Scene Arrival Hour,Unknown EMS Scene Arrival Minutes,Not Applicable (Not Transported),Not Applicable (Not Transported),1,Daylight,Clear,1,0,['Driver'],['None_Used'],0,0,Invalid,0.0,0.0,26.0,26.0,['Male'],0,0,2,1,3,Dry,Straight,Level,Lowest,No
32172,48,Texas,481218,0,1,1,0,3,NOT APPLICABLE,April,30,Sunday,2,34,Urban,Medium Speed (Collector),No,29.77484722,-94.90219722,Non-Intersection,Dark - Not Lighted,Clear,Unknown,Unknown,Unknown EMS Scene Arrival Hour,Unknown EMS Scene Arrival Minutes,Unknown,Unknown EMS Hospital Arrival Time,1,Dark - Unlighted,Clear,1,2,['Rear_Seat'],['None_Used'],1,1,Invalid,0.0,0.0,49.0,49.0,['Female'],0,0,2,1,3,Dry,Curve,Level,Lowest,No
32173,48,Texas,481219,0,2,2,0,4,NOT APPLICABLE,May,6,Saturday,14,10,Urban,Medium Speed (Collector),No,30.19406111,-95.58941944,Non-Intersection,Daylight,Clear,Unknown,Unknown,Unknown EMS Scene Arrival Hour,Unknown EMS Scene Arrival Minutes,Unknown,Unknown EMS Hospital Arrival Time,1,Daylight,Clear,1,3,['Front_Passenger'],['Shoulder_Lapbelt'],0,0,Valid,0.0,0.0,64.0,23.0,"['Male', 'Male']",0,0,3,1,5,Dry,Straight,Level,Lowest,No
32174,48,Texas,481220,0,1,1,0,1,ADDISON,May,12,Friday,2,13,Urban,Medium Speed (Collector),No,32.96837778,-96.83038056,Simple Junction,Dark - Lighted,Clear,Unknown,Unknown,Unknown EMS Scene Arrival Hour,Unknown EMS Scene Arrival Minutes,Unknown,Unknown EMS Hospital Arrival Time,1,Dark - Lighted,Clear,1,0,['Driver'],['None_Used'],1,1,Valid,0.0,2.0,30.0,30.0,['Male'],1,0,2,1,3,Dry,Curve,Level,Lowest,No
32175,48,Texas,481221,1,2,2,0,2,NOT APPLICABLE,May,13,Saturday,20,11,Urban,Medium Speed (Collector),No,29.87959444,-95.33965833,Non-Intersection,Dark - Lighted,Cloudy,Unknown,Unknown,Unknown EMS Scene Arrival Hour,Unknown EMS Scene Arrival Minutes,Unknown,Unknown EMS Hospital Arrival Time,1,Dark - Lighted,Reduced Visibility,0,0,[],[],0,0,Invalid,0.0,0.0,999.0,999.0,"['Other', 'Other']",0,0,1,0,4,Dry,Straight,Level,Lowest,No
32176,48,Texas,481223,0,4,4,0,4,TYLER,May,10,Wednesday,15,8,Urban,High Speed (Arterial),Yes,32.38212778,-95.32823056,Complex/Circle,Daylight,Rain,Unknown,Unknown,Unknown EMS Scene Arrival Hour,Unknown EMS Scene Arrival Minutes,Unknown,Unknown EMS Hospital Arrival Time,1,Daylight,Rain/Wind/Minor,1,3,['Driver'],['Shoulder_Lapbelt'],0,0,Valid,1.0,1.0,75.0,16.0,"['Male', 'Male', 'Male', 'Female']",0,0,3,2,5,Wet/Standing Water,Straight,Grade/Hillcrest,Lowest,Yes
32177,48,Texas,481224,0,2,2,0,5,LUBBOCK,May,6,Saturday,1,28,Urban,High Speed (Arterial),Yes,33.53476111,-101.96981111,Non-Intersection,Dark - Lighted,Clear,Unknown,Unknown,Unknown EMS Scene Arrival Hour,Unknown EMS Scene Arrival Minutes,Unknown,Unknown EMS Hospital Arrival Time,5,Dark - Lighted,Clear,5,0,"['Driver', 'Driver', 'Front_Passenger', 'Rear_Seat', 'Rear_Seat']","['None_Used', 'Shoulder_Lapbelt', 'Shoulder_Lapbelt', 'Child_Safety', 'Child_Safety']",1,1,Valid,2.0,0.0,46.0,23.0,"['Male', 'Male']",0,0,3,1,5,Dry,Straight,Level,Lowest,No
32178,48,Texas,481225,0,2,2,0,2,NOT APPLICABLE,May,8,Monday,6,38,Rural,Medium Speed (Collector),No,33.52797778,-96.22275,Non-Intersection,Dawn,Cloudy,Unknown,Unknown,Unknown EMS Scene Arrival Hour,Unknown EMS Scene Arrival Minutes,Unknown,Unknown EMS Hospital Arrival Time,1,Twilight,Reduced Visibility,1,0,['Driver'],['None_Used'],0,0,Valid,0.0,0.0,63.0,28.0,"['Male', 'Male']",0,0,5,1,5,Dry,Straight,Level,Lowest,No
32179,48,Texas,481226,0,2,2,0,2,NOT APPLICABLE,May,5,Friday,23,42,Urban,High Speed (Arterial),Yes,35.18165278,-101.74244444,Non-Intersection,Dark - Not Lighted,Clear,Unknown,Unknown if Notified,Unknown EMS Scene Arrival Hour,Unknown if Arrived,Not Applicable (Not Transported),Not Applicable (Not Transported),2,Dark - Unlighted,Clear,2,0,"['Driver', 'Driver']","['Shoulder_Lapbelt', 'None_Used']",1,1,Valid,0.0,0.0,47.0,27.0,"['Male', 'Female']",0,0,3,1,5,Dry,Straight,Level,Lowest,No
32180,48,Texas,481227,0,2,2,0,2,NOT APPLICABLE,April,20,Thursday,18,8,Rural,High Speed (Arterial),Yes,26.72217778,-98.10722222,Non-Intersection,Daylight,Clear,Unknown,Unknown,Unknown EMS Scene Arrival Hour,Unknown EMS Scene Arrival Minutes,Unknown,Unknown EMS Hospital Arrival Time,1,Daylight,Clear,1,1,['Driver'],['Shoulder_Lapbelt'],1,1,Invalid,0.0,0.0,46.0,46.0,"['Male', 'Female']",0,0,3,1,5,Dry,Straight,Level,Lowest,No
32181,48,Texas,481228,0,2,2,0,4,NOT APPLICABLE,May,11,Thursday,7,20,Rural,Medium Speed (Collector),No,28.56391111,-96.62908056,Non-Intersection,Daylight,Cloudy,Unknown,Unknown,Unknown EMS Scene Arrival Hour,Unknown EMS Scene Arrival Minutes,Unknown,Unknown EMS Hospital Arrival Time,1,Daylight,Reduced Visibility,1,3,['Driver'],['Shoulder_Lapbelt'],0,0,Invalid,0.0,0.0,59.0,41.0,"['Female', 'Female']",0,0,3,1,5,Dry,Straight,Level,Medium,No
32182,48,Texas,481229,0,2,2,0,2,WEBSTER,May,10,Wednesday,7,36,Urban,Medium Speed (Collector),No,29.52140556,-95.12442222,Complex/Circle,Dawn,Rain,Unknown,Unknown,Unknown EMS Scene Arrival Hour,Unknown EMS Scene Arrival Minutes,8:00am-8:59am,5,1,Twilight,Rain/Wind/Minor,1,1,['Driver'],['None_Used'],0,0,Valid,0.0,1.0,34.0,21.0,"['Male', 'Male']",0,0,3,4,5,Wet/Standing Water,Curve,Level,Lowest,No
32183,48,Texas,481230,0,1,1,0,3,AUSTIN,January,28,Saturday,10,53,Urban,Medium Speed (Collector),No,30.33908056,-97.61122778,Non-Intersection,Daylight,Cloudy,Unknown,Unknown,Unknown EMS Scene Arrival Hour,Unknown EMS Scene Arrival Minutes,Unknown,Unknown EMS Hospital Arrival Time,1,Daylight,Reduced Visibility,1,2,['Rear_Seat'],['Shoulder_Lapbelt'],0,0,Valid,0.0,0.0,32.0,32.0,['Female'],0,0,3,1,3,Wet/Standing Water,Curve,Grade/Hillcrest,Lowest,Yes
32184,48,Texas,481231,0,2,2,0,3,WESLACO,May,5,Friday,16,57,Urban,Medium Speed (Collector),No,26.17308889,-97.98441111,Non-Intersection,Daylight,Cloudy,Unknown,Unknown,Unknown EMS Scene Arrival Hour,Unknown EMS Scene Arrival Minutes,Unknown,Unknown EMS Hospital Arrival Time,2,Daylight,Reduced Visibility,2,1,"['Driver', 'Front_Passenger']","['None_Used', 'None_Used']",0,0,Invalid,0.0,0.0,30.0,17.0,"['Female', 'Male']",0,0,3,1,5,Dry,Straight,Level,Lowest,No
32185,48,Texas,481232,0,1,1,0,2,ROSCOE,April,30,Sunday,2,40,Rural,High Speed (Arterial),Yes,32.43887778,-100.51447778,Non-Intersection,Dark - Not Lighted,Clear,Unknown,Unknown if Notified,Unknown EMS Scene Arrival Hour,Unknown if Arrived,Not Applicable (Not Transported),Not Applicable (Not Transported),1,Dark - Unlighted,Clear,1,1,['Rear_Seat'],['None_Used'],1,1,Valid,1.0,0.0,37.0,37.0,['Male'],0,0,5,1,2,Dry,Curve,Grade/Hillcrest,Lowest,No
32186,48,Texas,481233,0,1,1,0,2,LAREDO,May,7,Sunday,2,34,Urban,Medium Speed (Collector),No,27.51611389,-99.51608611,Non-Intersection,Dark - Not Lighted,Clear,Unknown,Unknown,Unknown EMS Scene Arrival Hour,Unknown EMS Scene Arrival Minutes,Unknown,Unknown EMS Hospital Arrival Time,1,Dark - Unlighted,Clear,1,0,['Driver'],['None_Used'],1,1,Invalid,0.0,0.0,30.0,30.0,['Male'],2,0,5,2,2,Dry,Curve,Level,Lowest,No
32187,48,Texas,481234,0,1,1,0,1,NOT APPLICABLE,April,30,Sunday,21,15,Rural,Medium Speed (Collector),No,31.65710278,-94.39094167,Non-Intersection,Dark - Not Lighted,Clear,Unknown,Unknown if Notified,Unknown EMS Scene Arrival Hour,Unknown if Arrived,Not Applicable (Not Transported),Not Applicable (Not Transported),1,Dark - Unlighted,Clear,1,0,['Driver'],['None_Used'],0,0,Invalid,0.0,0.0,32.0,32.0,['Male'],0,0,3,1,3,Dry,Straight,Grade/Hillcrest,Lowest,No
32188,48,Texas,481235,0,2,2,0,2,NOT APPLICABLE,May,8,Monday,5,55,Rural,High Speed (Arterial),Yes,31.43751944,-94.72665556,Simple Junction,Dark - Unknown Lighting,Clear,Unknown,Unknown,Unknown EMS Scene Arrival Hour,Unknown EMS Scene Arrival Minutes,Unknown,Unknown EMS Hospital Arrival Time,1,Dark - Unlighted,Clear,1,1,['Driver'],['None_Used'],0,0,Valid,0.0,0.0,57.0,34.0,"['Female', 'Male']",0,0,5,2,5,Dry,Straight,Level,Lowest,No
32189,48,Texas,481236,0,2,2,0,2,TEXAS CITY,May,11,Thursday,21,2,Urban,Medium Speed (Collector),No,29.47154167,-94.97277778,Non-Intersection,Dark - Not Lighted,Cloudy,Unknown,Unknown,Unknown EMS Scene Arrival Hour,Unknown EMS Scene Arrival Minutes,Unknown,Unknown EMS Hospital Arrival Time,1,Dark - Unlighted,Reduced Visibility,1,1,['Driver'],['None_Used'],0,0,Invalid,0.0,0.0,59.0,17.0,"['Male', 'Male']",0,0,3,1,5,Dry,Curve,Level,Lowest,No
32190,48,Texas,481237,0,2,2,0,2,CROWLEY,May,14,Sunday,20,57,Urban,Medium Speed (Collector),Yes,32.56681944,-97.38083611,Non-Intersection,Dusk,Clear,Unknown,Unknown,Unknown EMS Scene Arrival Hour,Unknown EMS Scene Arrival Minutes,Unknown,Unknown EMS Hospital Arrival Time,1,Twilight,Clear,1,1,['Driver'],['None_Used'],0,0,Invalid,0.0,0.0,999.0,33.0,"['Male', 'Female']",1,0,2,1,5,Dry,Straight,Level,Lowest,No
32191,48,Texas,481238,0,2,2,0,3,AUSTIN,March,31,Friday,5,14,Urban,High Speed (Arterial),Yes,30.28663889,-97.72505,Non-Intersection,Dark - Lighted,Clear,Unknown,Unknown,Unknown EMS Scene Arrival Hour,Unknown EMS Scene Arrival Minutes,Unknown,Unknown EMS Hospital Arrival Time,1,Dark - Lighted,Clear,1,2,['Driver'],['Shoulder_Lapbelt'],1,1,Valid,0.0,3.0,57.0,24.0,"['Male', 'Male']",2,0,3,1,5,Dry,Straight,Level,Lowest,No
32192,48,Texas,481239,1,1,1,0,3,SAN ANTONIO,May,14,Sunday,22,37,Urban,Medium Speed (Collector),No,29.450125,-98.57652222,Non-Intersection,Dark - Lighted,Clear,Unknown,Unknown,Unknown EMS Scene Arrival Hour,Unknown EMS Scene Arrival Minutes,Unknown,Unknown EMS Hospital Arrival Time,1,Dark - Lighted,Clear,0,3,[],[],0,0,Valid,0.0,0.0,46.0,46.0,['Male'],0,0,3,2,4,Dry,Straight,Level,Lowest,No
32193,48,Texas,481240,1,1,1,0,2,HOUSTON,May,9,Tuesday,3,9,Urban,Medium Speed (Collector),No,29.757025,-95.37445278,Non-Intersection,Dark - Lighted,Clear,Unknown,Unknown if Notified,Unknown EMS Scene Arrival Hour,Unknown if Arrived,Not Applicable (Not Transported),Not Applicable (Not Transported),1,Dark - Lighted,Clear,0,2,[],[],0,0,Valid,2.0,1.0,31.0,31.0,['Male'],0,0,3,1,4,Dry,Straight,Grade/Hillcrest,Lowest,No
32194,48,Texas,481241,1,1,1,0,2,HOUSTON,April,30,Sunday,3,31,Urban,High Speed (Arterial),Yes,29.60410278,-95.28607222,Non-Intersection,Dark - Lighted,Clear,Unknown,Unknown,Unknown EMS Scene Arrival Hour,Unknown EMS Scene Arrival Minutes,Not Applicable (Not Transported),Not Applicable (Not Transported),1,Dark - Lighted,Clear,0,2,[],[],0,0,Valid,0.0,0.0,72.0,72.0,['Male'],0,0,3,2,4,Dry,Straight,Level,Lowest,No
32195,48,Texas,481242,0,2,2,0,5,HOUSTON,May,1,Monday,20,55,Urban,High Speed (Arterial),No,29.60584444,-95.46465,Complex/Circle,Daylight,Clear,Unknown,Unknown,Unknown EMS Scene Arrival Hour,Unknown EMS Scene Arrival Minutes,Unknown,Unknown EMS Hospital Arrival Time,2,Daylight,Clear,2,3,"['Driver', 'Front_Passenger']","['Shoulder_Lapbelt', 'Shoulder_Only']",0,0,Invalid,0.0,0.0,27.0,16.0,"['Male', 'Male']",3,0,3,1,5,Dry,Straight,Level,Lowest,No
32196,48,Texas,481244,0,2,2,0,3,NOT APPLICABLE,May,6,Saturday,21,32,Rural,High Speed (Arterial),Yes,33.13794444,-97.49656667,Non-Intersection,Dark - Not Lighted,Rain,Unknown,Unknown,Unknown EMS Scene Arrival Hour,Unknown EMS Scene Arrival Minutes,Unknown,Unknown EMS Hospital Arrival Time,1,Dark - Unlighted,Rain/Wind/Minor,1,2,['Front_Passenger'],['Shoulder_Lapbelt'],0,0,Valid,0.0,0.0,55.0,25.0,"['Male', 'Male']",1,0,3,1,5,Wet/Standing Water,Straight,Grade/Hillcrest,Lowest,No