,State_Code,State_Name,Crash_ID,Count_Non_Motorists,Count_Vehicles_Total,Count_Vehicle_Forms,Count_PVH_Involved,Count_Occupants_MV,City_Name,Month_Name,Day_of_Month,Day_of_Week,Crash_Hour,Crash_Minute,Area_Rural_Urban,Road_Functional_Class,On_NHS_Road,Latitude,Longitude,Intersection_Type,Light_Condition,Weather_Condition,Notif_Hour,Notif_Minute,Arrival_Hour,Arrival_Minute,Hospital_Hour,Hospital_Minute,Fatalities_Count,Clean_Light_Condition,Clean_Weather_Condition,Total_Killed,Total_Alive,Fatal_Seats_List,Killed_Restraint_List,Any_Driver_Drinking,Total_Drinking_Drivers,Driver_License_Category,Driver_Max_Prev_Accident_Count,Driver_Max_Prev_Speeding_Count,Max_Driver_Age,Min_Driver_Age,Driver_Sex_List,Total_Exceeding_Limit_Vehicles,Total_Too_Fast_Vehicles,Max_Vehicle_Type_Severity_5,Max_Vehicle_Damage_Rank,Max_Harmful_Event_Severity,Crash_Road_Surface_Condition,Crash_Horizontal_Alignment,Crash_Vertical_Profile,Crash_Impairment_Category,Crash_Vehicle_Defect
32197,48,Texas,481245,1,1,1,0,1,AUSTIN,April,25,Tuesday,5,17,Urban,Medium Speed (Collector),No,30.20667778,-97.63857778,Non-Intersection,Dark - Not Lighted,Cloudy,Unknown,Unknown if Notified,Unknown EMS Scene Arrival Hour,Unknown if Arrived,Not Applicable (Not Transported),Not Applicable (Not Transported),1,Dark - Unlighted,Reduced Visibility,0,1,[],[],0,0,Valid,0.0,0.0,42.0,42.0,['Male'],0,0,3,1,4,Dry,Straight,Grade/Hillcrest,Lowest,No
32198,48,Texas,481246,0,1,1,0,4,LONGVIEW,May,13,Saturday,2,1,Urban,Low Speed (Local),No,32.49788611,-94.74488056,Non-Intersection,Dark - Not Lighted,Cloudy,Unknown,Unknown,Unknown EMS Scene Arrival Hour,Unknown EMS Scene Arrival Minutes,Unknown,Unknown EMS Hospital Arrival Time,1,Dark - Unlighted,Reduced Visibility,1,3,['Front_Passenger'],['None_Used'],1,1,Invalid,0.0,0.0,22.0,22.0,['Male'],4,0,2,1,3,Dry,Curve,Grade/Hillcrest,Lowest,No
32199,48,Texas,481247,0,1,1,0,1,AUSTIN,March,21,Tuesday,22,54,Urban,Medium Speed (Collector),No,30.32057222,-97.70661667,Simple Junction,Dark - Lighted,Clear,Unknown,Unknown if Notified,Unknown EMS Scene Arrival Hour,Unknown if Arrived,Not Applicable (Not Transported),Not Applicable (Not Transported),1,Dark - Lighted,Clear,1,0,['Driver'],['Shoulder_Lapbelt'],0,0,Valid,1.0,0.0,44.0,44.0,['Male'],0,0,2,1,3,Dry,Straight,Level,Lowest,No
32200,48,Texas,481249,0,2,2,0,3,NOT APPLICABLE,May,14,Sunday,10,30,Rural,Medium Speed (Collector),No,32.64481944,-100.35088611,Non-Intersection,Daylight,Cloudy,Unknown,Unknown if Notified,Unknown EMS Scene Arrival Hour,Unknown if Arrived,Not Applicable (Not Transported),Not Applicable (Not Transported),1,Daylight,Reduced Visibility,1,2,['Driver'],['Shoulder_Lapbelt'],0,0,Invalid,1.0,0.0,35.0,30.0,"['Male', 'Male']",1,0,4,4,5,Dry,Curve,Level,Lowest,No
32201,48,Texas,481250,0,2,2,0,3,FORT WORTH,April,6,Thursday,22,41,Urban,Medium Speed (Collector),No,32.69698056,-97.32026944,Complex/Circle,Dark - Lighted,Clear,Unknown,Unknown,Unknown EMS Scene Arrival Hour,Unknown EMS Scene Arrival Minutes,Unknown,Unknown EMS Hospital Arrival Time,1,Dark - Lighted,Clear,1,2,['Driver'],['Shoulder_Lapbelt'],1,1,Valid,0.0,2.0,22.0,21.0,"['Male', 'Female']",0,0,3,1,5,Dry,Straight,Level,Lowest,No
32202,48,Texas,481251,0,3,3,0,3,CARROLLTON,April,2,Sunday,5,39,Urban,High Speed (Arterial),Yes,32.98934167,-96.94073889,Non-Intersection,Dark - Lighted,Clear,Unknown,Unknown,Unknown EMS Scene Arrival Hour,Unknown EMS Scene Arrival Minutes,Unknown,Unknown EMS Hospital Arrival Time,2,Dark - Lighted,Clear,2,1,"['Driver', 'Driver']","['Shoulder_Lapbelt', 'Shoulder_Lapbelt']",1,1,Valid,1.0,3.0,47.0,19.0,"['Male', 'Female', 'Male']",0,0,3,1,5,Dry,Straight,Level,Lowest,No
32203,48,Texas,481252,0,2,2,0,2,SILSBEE,May,1,Monday,7,19,Urban,High Speed (Arterial),Yes,30.35086111,-94.199275,Simple Junction,Dawn,Clear,Unknown,Unknown if Notified,Unknown EMS Scene Arrival Hour,Unknown if Arrived,Not Applicable (Not Transported),Not Applicable (Not Transported),1,Twilight,Clear,1,1,['Driver'],['Shoulder_Lapbelt'],0,0,Valid,0.0,0.0,49.0,17.0,"['Male', 'Male']",0,0,2,1,5,Dry,Straight,Grade/Hillcrest,Lowest,No
32204,48,Texas,481253,1,1,1,0,1,LONGVIEW,May,7,Sunday,22,47,Urban,High Speed (Arterial),Yes,32.50415,-94.71699722,Non-Intersection,Dark - Not Lighted,Clear,Unknown,Unknown,Unknown EMS Scene Arrival Hour,Unknown EMS Scene Arrival Minutes,Unknown,Unknown EMS Hospital Arrival Time,1,Dark - Unlighted,Clear,0,0,[],[],0,0,Invalid,0.0,0.0,999.0,999.0,['Other'],0,0,2,0,4,Dry,Straight,Level,Lowest,No
32205,48,Texas,481254,0,2,2,0,2,NOT APPLICABLE,May,5,Friday,4,36,Urban,Medium Speed (Collector),No,30.08076389,-94.86375278,Non-Intersection,Dark - Not Lighted,Cloudy,Unknown,Unknown if Notified,Unknown EMS Scene Arrival Hour,Unknown if Arrived,Not Applicable (Not Transported),Not Applicable (Not Transported),2,Dark - Unlighted,Reduced Visibility,2,0,"['Driver', 'Driver']","['None_Used', 'None_Used']",0,0,Invalid,0.0,0.0,42.0,22.0,"['Male', 'Male']",0,0,3,1,5,Wet/Standing Water,Curve,Grade/Hillcrest,Lowest,No
32206,48,Texas,481255,0,2,2,0,2,NOT APPLICABLE,May,13,Saturday,14,20,Rural,High Speed (Arterial),Yes,31.78976389,-94.540125,Simple Junction,Daylight,Clear,Unknown,Unknown if Notified,Unknown EMS Scene Arrival Hour,Unknown if Arrived,Not Applicable (Not Transported),Not Applicable (Not Transported),1,Daylight,Clear,1,1,['Driver'],['None_Used'],0,0,Invalid,0.0,0.0,43.0,41.0,"['Male', 'Male']",1,0,2,2,5,Dry,Straight,Level,Lowest,No
32207,48,Texas,481256,0,2,2,0,2,NOT APPLICABLE,May,14,Sunday,13,28,Rural,Medium Speed (Collector),No,32.38822778,-94.66263889,Simple Junction,Daylight,Cloudy,Unknown,Unknown,Unknown EMS Scene Arrival Hour,Unknown EMS Scene Arrival Minutes,Unknown,Unknown EMS Hospital Arrival Time,1,Daylight,Reduced Visibility,1,1,['Driver'],['None_Used'],0,0,Invalid,1.0,0.0,47.0,19.0,"['Female', 'Male']",0,0,3,1,5,Dry,Straight,Level,Lowest,No
32208,48,Texas,481257,0,1,1,0,1,SAN ANTONIO,May,14,Sunday,2,15,Rural,High Speed (Arterial),Yes,29.32273889,-98.43979444,Non-Intersection,Dark - Lighted,Cloudy,Unknown,Unknown,Unknown EMS Scene Arrival Hour,Unknown EMS Scene Arrival Minutes,Not Applicable (Not Transported),Not Applicable (Not Transported),1,Dark - Lighted,Reduced Visibility,1,0,['Driver'],['Shoulder_Lapbelt'],1,1,Valid,0.0,0.0,49.0,49.0,['Male'],0,0,3,1,3,Dry,Curve,Level,Lowest,No
32209,48,Texas,481258,0,3,3,0,4,HOUSTON,May,10,Wednesday,0,11,Urban,High Speed (Arterial),Yes,29.73163889,-95.34223889,Non-Intersection,Dark - Lighted,Cloudy,Unknown,Unknown if Notified,Unknown EMS Scene Arrival Hour,Unknown if Arrived,Not Applicable (Not Transported),Not Applicable (Not Transported),2,Dark - Lighted,Reduced Visibility,2,1,"['Driver', 'Rear_Seat']","['None_Used', 'None_Used']",0,0,Valid,1.0,1.0,37.0,29.0,"['Other', 'Male', 'Male']",1,0,5,2,5,Dry,Straight,Level,Lowest,No
32210,48,Texas,481259,0,2,2,0,2,NOT APPLICABLE,May,17,Wednesday,1,5,Rural,High Speed (Arterial),Yes,33.41041111,-97.73911667,Non-Intersection,Dark - Not Lighted,Clear,Unknown,Unknown,Unknown EMS Scene Arrival Hour,Unknown EMS Scene Arrival Minutes,Unknown,Unknown EMS Hospital Arrival Time,1,Dark - Unlighted,Clear,1,1,['Driver'],['None_Used'],0,0,Valid,0.0,1.0,50.0,27.0,"['Male', 'Male']",0,0,2,1,5,Dry,Straight,Level,Lowest,No
32211,48,Texas,481260,0,3,3,0,5,WACO,May,17,Wednesday,12,14,Urban,Medium Speed (Collector),No,31.56853889,-97.1358,Non-Intersection,Daylight,Clear,Unknown,Unknown,Unknown EMS Scene Arrival Hour,Unknown EMS Scene Arrival Minutes,Unknown,Unknown EMS Hospital Arrival Time,1,Daylight,Clear,1,4,['Rear_Seat'],['None_Used'],0,0,Valid,0.0,1.0,31.0,19.0,"['Female', 'Male', 'Male']",1,0,2,1,5,Dry,Straight,Level,Lowest,No
32212,48,Texas,481261,0,1,1,0,1,NOT APPLICABLE,April,24,Monday,6,28,Urban,High Speed (Arterial),Yes,34.23714167,-101.70978056,Non-Intersection,Dark - Lighted,Cloudy,Unknown,Unknown if Notified,Unknown EMS Scene Arrival Hour,Unknown if Arrived,Not Applicable (Not Transported),Not Applicable (Not Transported),1,Dark - Lighted,Reduced Visibility,1,0,['Driver'],['Shoulder_Lapbelt'],0,0,Valid,0.0,1.0,59.0,59.0,['Male'],1,0,3,1,3,Dry,Curve,Level,Lowest,No
32213,48,Texas,481262,0,1,1,0,1,CORPUS CHRISTI,May,13,Saturday,17,0,Urban,Medium Speed (Collector),No,27.65783333,-97.378425,Non-Intersection,Daylight,Clear,Unknown,Unknown if Notified,Unknown EMS Scene Arrival Hour,Unknown if Arrived,Not Applicable (Not Transported),Not Applicable (Not Transported),1,Daylight,Clear,1,0,['Driver'],['None_Used'],0,0,Valid,2.0,0.0,22.0,22.0,['Male'],1,0,5,1,3,Dry,Straight,Level,Lowest,No
32214,48,Texas,481263,0,2,2,0,2,TIOGA,April,14,Friday,8,49,Rural,Medium Speed (Collector),No,33.464875,-96.91934167,Simple Junction,Daylight,Clear,Unknown,Unknown,Unknown EMS Scene Arrival Hour,Unknown EMS Scene Arrival Minutes,Unknown,Unknown EMS Hospital Arrival Time,1,Daylight,Clear,1,1,['Driver'],['Shoulder_Lapbelt'],0,0,Valid,0.0,0.0,55.0,19.0,"['Male', 'Female']",0,0,2,1,5,Dry,Straight,Level,Lowest,No
32215,48,Texas,481264,0,3,3,0,4,GUN BARREL CITY,April,28,Friday,16,36,Urban,Medium Speed (Collector),No,32.33081944,-96.11727778,Simple Junction,Daylight,Cloudy,Unknown,Unknown if Notified,Unknown EMS Scene Arrival Hour,Unknown if Arrived,Not Applicable (Not Transported),Not Applicable (Not Transported),1,Daylight,Reduced Visibility,1,3,['Driver'],['None_Used'],0,0,Valid,0.0,3.0,57.0,23.0,"['Male', 'Male', 'Male']",1,0,5,2,5,Dry,Straight,Level,Lowest,No
32216,48,Texas,481265,0,2,2,0,3,NOT APPLICABLE,May,14,Sunday,22,39,Rural,Medium Speed (Collector),No,32.00855833,-102.49631944,Simple Junction,Dark - Not Lighted,Clear,Unknown,Unknown,Unknown EMS Scene Arrival Hour,Unknown EMS Scene Arrival Minutes,Unknown,Unknown EMS Hospital Arrival Time,1,Dark - Unlighted,Clear,1,2,['Driver'],['None_Used'],1,1,Valid,0.0,0.0,43.0,34.0,"['Male', 'Male']",0,0,4,1,5,Dry,Straight,Level,Lowest,No
32217,48,Texas,481266,1,1,1,0,1,NOT APPLICABLE,April,6,Thursday,6,30,Urban,Medium Speed (Collector),No,26.37903889,-98.09720278,Non-Intersection,Dark - Not Lighted,Rain,Unknown,Unknown if Notified,Unknown EMS Scene Arrival Hour,Unknown if Arrived,Not Applicable (Not Transported),Not Applicable (Not Transported),1,Dark - Unlighted,Rain/Wind/Minor,0,1,[],[],0,0,Invalid,0.0,0.0,17.0,17.0,['Male'],0,0,3,2,4,Wet/Standing Water,Straight,Level,Lowest,No
32218,48,Texas,481267,1,1,1,0,1,HENDERSON,May,12,Friday,23,5,Urban,Medium Speed (Collector),No,32.1528,-94.80455278,Simple Junction,Dark - Not Lighted,Clear,Unknown,Unknown if Notified,Unknown EMS Scene Arrival Hour,Unknown if Arrived,Not Applicable (Not Transported),Not Applicable (Not Transported),1,Dark - Unlighted,Clear,0,1,[],[],0,0,Valid,0.0,0.0,19.0,19.0,['Male'],1,0,1,2,4,Oil/Contaminated,Straight,Grade/Hillcrest,Lowest,No
32219,48,Texas,481268,0,2,2,0,2,NOT APPLICABLE,May,1,Monday,15,34,Rural,High Speed (Arterial),Yes,32.27091389,-102.15538056,Non-Intersection,Daylight,Clear,Unknown,Unknown if Notified,Unknown EMS Scene Arrival Hour,Unknown if Arrived,Not Applicable (Not Transported),Not Applicable (Not Transported),1,Daylight,Clear,1,1,['Driver'],['Shoulder_Lapbelt'],0,0,Valid,0.0,0.0,39.0,35.0,"['Female', 'Male']",1,0,4,4,5,Oil/Contaminated,Straight,Level,Lowest,No
32220,48,Texas,481269,0,2,2,0,3,NOT APPLICABLE,May,16,Tuesday,17,38,Rural,Medium Speed (Collector),No,30.78369444,-98.73240833,Non-Intersection,Daylight,Clear,Unknown,Unknown,Unknown EMS Scene Arrival Hour,Unknown EMS Scene Arrival Minutes,Unknown,Unknown EMS Hospital Arrival Time,1,Daylight,Clear,1,2,['Driver'],['Shoulder_Lapbelt'],0,0,Valid,1.0,0.0,40.0,21.0,"['Female', 'Male']",0,0,3,4,5,Dry,Curve,Level,Lowest,No
32221,48,Texas,481270,0,1,1,0,1,SAN ANTONIO,May,18,Thursday,2,25,Urban,Medium Speed (Collector),No,29.48176667,-98.40403333,Non-Intersection,Dark - Lighted,Clear,Unknown,Unknown if Notified,Unknown EMS Scene Arrival Hour,Unknown if Arrived,Not Applicable (Not Transported),Not Applicable (Not Transported),1,Dark - Lighted,Clear,1,0,['Driver'],['None_Used'],1,1,Valid,0.0,0.0,57.0,57.0,['Male'],0,0,3,1,3,Dry,Straight,Level,Lowest,No
32222,48,Texas,481271,1,1,1,0,1,MIDLAND,May,7,Sunday,1,48,Urban,Medium Speed (Collector),No,31.98922222,-102.07228333,Non-Intersection,Dark - Lighted,Clear,Unknown,Unknown if Notified,Unknown EMS Scene Arrival Hour,Unknown if Arrived,Not Applicable (Not Transported),Not Applicable (Not Transported),1,Dark - Lighted,Clear,0,1,[],[],0,0,Invalid,0.0,1.0,25.0,25.0,['Female'],0,0,2,2,4,Dry,Straight,Level,Lowest,No
32223,48,Texas,481272,0,2,2,0,2,FORT WORTH,April,30,Sunday,14,43,Urban,Medium Speed (Collector),No,32.83145833,-97.38551389,Non-Intersection,Daylight,Clear,Unknown,Unknown,Unknown EMS Scene Arrival Hour,Unknown EMS Scene Arrival Minutes,Unknown,Unknown EMS Hospital Arrival Time,1,Daylight,Clear,1,1,['Driver'],['None_Used'],1,1,Valid,1.0,0.0,46.0,40.0,"['Male', 'Female']",1,0,5,1,5,Dry,Curve,Level,Lowest,No
32224,48,Texas,481273,0,3,3,0,6,NOT APPLICABLE,May,12,Friday,18,39,Rural,Medium Speed (Collector),No,33.01976111,-96.37294167,Complex/Circle,Daylight,Clear,Unknown,Unknown,Unknown EMS Scene Arrival Hour,Unknown EMS Scene Arrival Minutes,Not Applicable (Not Transported),Not Applicable (Not Transported),1,Daylight,Clear,1,5,['Driver'],['None_Used'],0,0,Valid,0.0,1.0,32.0,18.0,"['Male', 'Female', 'Male']",0,0,5,2,5,Dry,Straight,Level,Lowest,No
32225,48,Texas,481274,1,1,1,0,1,HOUSTON,May,16,Tuesday,6,3,Urban,High Speed (Arterial),Yes,29.93871389,-95.38614722,Non-Intersection,Dark - Not Lighted,Clear,Unknown,Unknown if Notified,Unknown EMS Scene Arrival Hour,Unknown if Arrived,Not Applicable (Not Transported),Not Applicable (Not Transported),1,Dark - Unlighted,Clear,0,1,[],[],0,0,Valid,0.0,0.0,46.0,46.0,['Male'],0,0,3,1,4,Dry,Straight,Level,Lowest,No
32226,48,Texas,481275,0,1,1,0,1,NOT APPLICABLE,May,5,Friday,18,43,Rural,Low Speed (Local),No,31.46405278,-103.37052778,Non-Intersection,Daylight,Clear,Unknown,Unknown if Notified,Unknown EMS Scene Arrival Hour,Unknown if Arrived,Not Applicable (Not Transported),Not Applicable (Not Transported),1,Daylight,Clear,1,0,['Driver'],['Shoulder_Lapbelt'],0,0,Invalid,0.0,0.0,33.0,33.0,['Male'],0,0,4,4,4,Dry,Curve,Grade/Hillcrest,Lowest,No
32227,48,Texas,481277,1,1,1,0,1,FORT WORTH,April,13,Thursday,6,4,Urban,Medium Speed (Collector),No,32.70344722,-97.32028889,Non-Intersection,Dark - Not Lighted,Clear,Unknown,Unknown if Notified,Unknown EMS Scene Arrival Hour,Unknown if Arrived,Not Applicable (Not Transported),Not Applicable (Not Transported),1,Dark - Unlighted,Clear,0,1,[],[],0,0,Valid,0.0,0.0,29.0,29.0,['Male'],0,0,3,3,4,Dry,Straight,Grade/Hillcrest,Lowest,No
32228,48,Texas,481278,1,1,1,0,1,ROCKPORT,May,16,Tuesday,22,57,Urban,Medium Speed (Collector),No,28.01219167,-97.065125,Complex/Circle,Dark - Not Lighted,Cloudy,Unknown,Unknown,Unknown EMS Scene Arrival Hour,Unknown EMS Scene Arrival Minutes,Unknown,Unknown EMS Hospital Arrival Time,1,Dark - Unlighted,Reduced Visibility,0,1,[],[],1,1,Valid,0.0,1.0,60.0,60.0,['Male'],0,0,3,2,4,Dry,Straight,Level,Lowest,No
32229,48,Texas,481279,0,2,2,0,3,FORT WORTH,April,25,Tuesday,16,32,Urban,Medium Speed (Collector),No,32.78993889,-97.35533611,Complex/Circle,Daylight,Cloudy,Unknown,Unknown,Unknown EMS Scene Arrival Hour,Unknown EMS Scene Arrival Minutes,Unknown,Unknown EMS Hospital Arrival Time,1,Daylight,Reduced Visibility,1,2,['Driver'],['None_Used'],0,0,Valid,0.0,0.0,24.0,17.0,"['Male', 'Male']",0,0,5,2,5,Dry,Straight,Level,Lowest,No
32230,48,Texas,481280,0,2,2,0,2,FORT WORTH,April,9,Sunday,1,56,Urban,Medium Speed (Collector),No,32.95853889,-97.30981667,Complex/Circle,Dark - Lighted,Clear,Unknown,Unknown if Notified,Unknown EMS Scene Arrival Hour,Unknown if Arrived,Not Applicable (Not Transported),Not Applicable (Not Transported),1,Dark - Lighted,Clear,1,1,['Driver'],['None_Used'],1,1,Valid,1.0,1.0,48.0,32.0,"['Male', 'Male']",0,0,5,1,5,Dry,Straight,Level,Lowest,No
32231,48,Texas,481281,0,2,2,0,2,FORT WORTH,April,5,Wednesday,23,40,Urban,Medium Speed (Collector),No,32.87340556,-97.29720278,Complex/Circle,Dark - Lighted,Clear,Unknown,Unknown,Unknown EMS Scene Arrival Hour,Unknown EMS Scene Arrival Minutes,Unknown,Unknown EMS Hospital Arrival Time,1,Dark - Lighted,Clear,1,1,['Driver'],['None_Used'],0,0,Valid,0.0,0.0,57.0,22.0,"['Male', 'Male']",1,0,5,1,5,Dry,Straight,Level,Lowest,No
32232,48,Texas,481282,0,1,1,0,3,FORT WORTH,April,19,Wednesday,23,11,Urban,Medium Speed (Collector),No,32.73594722,-97.46054722,Non-Intersection,Dark - Lighted,Clear,Unknown,Unknown,Unknown EMS Scene Arrival Hour,Unknown EMS Scene Arrival Minutes,Unknown,Unknown EMS Hospital Arrival Time,1,Dark - Lighted,Clear,1,2,['Front_Passenger'],['None_Used'],1,1,Invalid,0.0,0.0,29.0,29.0,['Male'],3,0,3,1,3,Dry,Curve,Grade/Hillcrest,Lowest,Yes
32233,48,Texas,481283,0,2,2,0,2,FORT WORTH,May,7,Sunday,2,55,Urban,High Speed (Arterial),Yes,32.73523611,-97.32041111,Non-Intersection,Dark - Lighted,Clear,Unknown,Unknown,Unknown EMS Scene Arrival Hour,Unknown EMS Scene Arrival Minutes,Unknown,Unknown EMS Hospital Arrival Time,1,Dark - Lighted,Clear,1,1,['Driver'],['Shoulder_Lapbelt'],1,1,Invalid,0.0,0.0,33.0,32.0,"['Male', 'Male']",0,0,2,1,5,Dry,Straight,Level,Lowest,No
32234,48,Texas,481284,0,1,1,0,1,FORT WORTH,April,23,Sunday,0,28,Urban,High Speed (Arterial),Yes,32.69193056,-97.240475,Non-Intersection,Dark - Not Lighted,Clear,Unknown,Unknown,Unknown EMS Scene Arrival Hour,Unknown EMS Scene Arrival Minutes,Unknown,Unknown EMS Hospital Arrival Time,1,Dark - Unlighted,Clear,1,0,['Driver'],['Shoulder_Lapbelt'],1,1,Invalid,0.0,0.0,53.0,53.0,['Male'],1,0,2,1,2,Dry,Curve,Grade/Hillcrest,Lowest,No
32235,48,Texas,481285,0,1,1,0,1,BRYAN,May,11,Thursday,11,5,Urban,High Speed (Arterial),Yes,30.663175,-96.32765278,Non-Intersection,Daylight,Cloudy,Unknown,Unknown,Unknown EMS Scene Arrival Hour,Unknown EMS Scene Arrival Minutes,Unknown,Unknown EMS Hospital Arrival Time,1,Daylight,Reduced Visibility,1,0,['Driver'],['None_Used'],0,0,Invalid,0.0,0.0,20.0,20.0,['Male'],0,0,3,1,3,Dry,Straight,Level,Lowest,No
32236,48,Texas,481286,0,1,1,0,2,NOT APPLICABLE,May,6,Saturday,16,15,Urban,Low Speed (Local),No,32.56378056,-97.18107778,Non-Intersection,Daylight,Clear,Unknown,Unknown,Unknown EMS Scene Arrival Hour,Unknown EMS Scene Arrival Minutes,Unknown,Unknown EMS Hospital Arrival Time,1,Daylight,Clear,1,1,['Front_Passenger'],['None_Used'],0,0,Valid,0.0,0.0,19.0,19.0,['Male'],2,0,2,1,3,Dry,Straight,Level,Lowest,No
32237,48,Texas,481287,0,1,1,0,3,GARLAND,May,13,Saturday,22,45,Urban,Medium Speed (Collector),No,32.89441944,-96.68026944,Non-Intersection,Dark - Lighted,Cloudy,Unknown,Unknown,Unknown EMS Scene Arrival Hour,Unknown EMS Scene Arrival Minutes,Unknown,Unknown EMS Hospital Arrival Time,1,Dark - Lighted,Reduced Visibility,1,2,['Front_Passenger'],['Shoulder_Lapbelt'],0,0,Invalid,0.0,0.0,26.0,26.0,['Male'],3,0,3,1,3,Dry,Straight,Level,Lowest,No
32238,48,Texas,481288,0,2,2,0,2,NOT APPLICABLE,May,4,Thursday,17,30,Rural,High Speed (Arterial),Yes,30.63733611,-96.98946389,Complex/Circle,Daylight,Cloudy,Unknown,Unknown,Unknown EMS Scene Arrival Hour,Unknown EMS Scene Arrival Minutes,Unknown,Unknown EMS Hospital Arrival Time,1,Daylight,Reduced Visibility,1,1,['Driver'],['Shoulder_Lapbelt'],0,0,Valid,0.0,0.0,63.0,46.0,"['Female', 'Female']",0,0,3,1,5,Dry,Straight,Grade/Hillcrest,Lowest,No
32239,48,Texas,481289,1,1,1,0,1,SAN ANTONIO,May,19,Friday,1,40,Urban,Medium Speed (Collector),No,29.39537778,-98.43205556,Non-Intersection,Dark - Not Lighted,Clear,Unknown,Unknown,Unknown EMS Scene Arrival Hour,Unknown EMS Scene Arrival Minutes,Not Applicable (Not Transported),Not Applicable (Not Transported),1,Dark - Unlighted,Clear,0,0,[],[],0,0,Invalid,0.0,0.0,999.0,999.0,['Other'],0,0,1,3,4,Dry,Curve,Level,Lowest,No
32240,48,Texas,481290,3,1,1,0,1,NOT APPLICABLE,May,19,Friday,0,42,Urban,Medium Speed (Collector),No,29.96581667,-95.416225,Non-Intersection,Dark - Not Lighted,Clear,Unknown,Unknown,Unknown EMS Scene Arrival Hour,Unknown EMS Scene Arrival Minutes,Unknown,Unknown EMS Hospital Arrival Time,2,Dark - Unlighted,Clear,0,1,[],[],1,1,Valid,0.0,0.0,43.0,43.0,['Male'],0,0,3,2,4,Dry,Straight,Level,Lowest,No
32241,48,Texas,481291,1,1,1,0,1,NOT APPLICABLE,May,13,Saturday,23,42,Urban,High Speed (Arterial),Yes,29.78182222,-95.77780833,Non-Intersection,Dark - Lighted,Rain,Unknown,Unknown if Notified,Unknown EMS Scene Arrival Hour,Unknown if Arrived,Not Applicable (Not Transported),Not Applicable (Not Transported),1,Dark - Lighted,Rain/Wind/Minor,0,1,[],[],0,0,Valid,0.0,0.0,17.0,17.0,['Male'],0,0,2,2,4,Wet/Standing Water,Straight,Grade/Hillcrest,Lowest,No
32242,48,Texas,481292,0,2,2,0,2,NOT APPLICABLE,May,14,Sunday,2,42,Urban,High Speed (Arterial),Yes,30.03751944,-95.42956944,Non-Intersection,Dark - Not Lighted,Rain,Unknown,Unknown,Unknown EMS Scene Arrival Hour,Unknown EMS Scene Arrival Minutes,Unknown,Unknown EMS Hospital Arrival Time,1,Dark - Unlighted,Rain/Wind/Minor,1,1,['Driver'],['None_Used'],1,1,Valid,0.0,0.0,63.0,35.0,"['Male', 'Female']",1,0,3,1,5,Wet/Standing Water,Curve,Level,Lowest,No
32243,48,Texas,481293,2,2,1,1,1,LANCASTER,May,19,Friday,6,6,Urban,High Speed (Arterial),Yes,32.64201667,-96.80488611,Non-Intersection,Daylight,Clear,Unknown,Unknown if Notified,Unknown EMS Scene Arrival Hour,Unknown if Arrived,Not Applicable (Not Transported),Not Applicable (Not Transported),1,Daylight,Clear,1,0,['Driver'],['Lapbelt_Only'],0,0,Valid,0.0,0.0,30.0,30.0,['Male'],0,0,3,1,5,Dry,Straight,Level,Lowest,No
32244,48,Texas,481294,0,2,2,0,4,SAN ANTONIO,May,6,Saturday,21,58,Urban,High Speed (Arterial),Yes,29.33581111,-98.62299722,Simple Junction,Dark - Lighted,Clear,Unknown,Unknown,Unknown EMS Scene Arrival Hour,Unknown EMS Scene Arrival Minutes,Unknown,Unknown EMS Hospital Arrival Time,1,Dark - Lighted,Clear,1,3,['Front_Passenger'],['Shoulder_Lapbelt'],0,0,Invalid,0.0,0.0,44.0,20.0,"['Male', 'Male']",0,0,3,1,5,Dry,Straight,Level,Lowest,No
32245,48,Texas,481295,0,2,2,0,4,SAN ANTONIO,May,13,Saturday,21,7,Urban,Medium Speed (Collector),No,29.43593889,-98.64475833,Complex/Circle,Dark - Lighted,Clear,Unknown,Unknown if Notified,Unknown EMS Scene Arrival Hour,Unknown if Arrived,Not Applicable (Not Transported),Not Applicable (Not Transported),1,Dark - Lighted,Clear,1,3,['Driver'],['None_Used'],0,0,Valid,0.0,1.0,27.0,21.0,"['Male', 'Male']",1,0,5,4,5,Dry,Curve,Grade/Hillcrest,Lowest,No
32246,48,Texas,481296,0,2,2,0,3,NOT APPLICABLE,May,8,Monday,12,54,Urban,Medium Speed (Collector),No,30.14917778,-95.30126667,Non-Intersection,Daylight,Cloudy,Unknown,Unknown,Unknown EMS Scene Arrival Hour,Unknown EMS Scene Arrival Minutes,Unknown,Unknown EMS Hospital Arrival Time,2,Daylight,Reduced Visibility,2,1,"['Driver', 'Front_Passenger']","['Shoulder_Lapbelt', 'None_Used']",0,0,Valid,0.0,0.0,63.0,25.0,"['Male', 'Male']",0,0,3,4,5,Dry,Straight,Level,Lowest,No