,State_Code,State_Name,Crash_ID,Count_Non_Motorists,Count_Vehicles_Total,Count_Vehicle_Forms,Count_PVH_Involved,Count_Occupants_MV,City_Name,Month_Name,Day_of_Month,Day_of_Week,Crash_Hour,Crash_Minute,Area_Rural_Urban,Road_Functional_Class,On_NHS_Road,Latitude,Longitude,Intersection_Type,Light_Condition,Weather_Condition,Notif_Hour,Notif_Minute,Arrival_Hour,Arrival_Minute,Hospital_Hour,Hospital_Minute,Fatalities_Count,Clean_Light_Condition,Clean_Weather_Condition,Total_Killed,Total_Alive,Fatal_Seats_List,Killed_Restraint_List,Any_Driver_Drinking,Total_Drinking_Drivers,Driver_License_Category,Driver_Max_Prev_Accident_Count,Driver_Max_Prev_Speeding_Count,Max_Driver_Age,Min_Driver_Age,Driver_Sex_List,Total_Exceeding_Limit_Vehicles,Total_Too_Fast_Vehicles,Max_Vehicle_Type_Severity_5,Max_Vehicle_Damage_Rank,Max_Harmful_Event_Severity,Crash_Road_Surface_Condition,Crash_Horizontal_Alignment,Crash_Vertical_Profile,Crash_Impairment_Category,Crash_Vehicle_Defect
32247,48,Texas,481297,0,1,1,0,1,NOT APPLICABLE,May,20,Saturday,1,20,Urban,High Speed (Arterial),Yes,30.35626111,-94.138025,Non-Intersection,Dark - Not Lighted,Cloudy,Unknown,Unknown if Notified,Unknown EMS Scene Arrival Hour,Unknown if Arrived,Not Applicable (Not Transported),Not Applicable (Not Transported),1,Dark - Unlighted,Reduced Visibility,1,0,['Driver'],['None_Used'],0,0,Valid,0.0,0.0,55.0,55.0,['Male'],0,0,5,1,3,Dry,Curve,Level,Lowest,No
32248,48,Texas,481298,0,2,2,0,3,NOT APPLICABLE,May,19,Friday,13,20,Rural,Medium Speed (Collector),No,32.51335556,-96.03578611,Complex/Circle,Daylight,Clear,Unknown,Unknown,Unknown EMS Scene Arrival Hour,Unknown EMS Scene Arrival Minutes,Unknown,Unknown EMS Hospital Arrival Time,1,Daylight,Clear,1,2,['Front_Passenger'],['Shoulder_Lapbelt'],0,0,Valid,0.0,0.0,47.0,31.0,"['Male', 'Female']",0,0,3,4,5,Dry,Straight,Level,Lowest,No
32249,48,Texas,481299,0,2,2,0,2,MCKINNEY,May,3,Wednesday,7,32,Urban,High Speed (Arterial),Yes,33.21634167,-96.61357222,Simple Junction,Daylight,Clear,Unknown,Unknown,Unknown EMS Scene Arrival Hour,Unknown EMS Scene Arrival Minutes,Unknown,Unknown EMS Hospital Arrival Time,1,Daylight,Clear,1,1,['Driver'],['Shoulder_Lapbelt'],0,0,Valid,2.0,0.0,65.0,50.0,"['Male', 'Male']",0,0,4,1,5,Dry,Straight,Level,Lowest,No
32250,48,Texas,481300,0,2,2,0,4,LIVINGSTON,May,20,Saturday,9,8,Rural,High Speed (Arterial),Yes,30.72088889,-94.9644,Simple Junction,Daylight,Clear,Unknown,Unknown,Unknown EMS Scene Arrival Hour,Unknown EMS Scene Arrival Minutes,Unknown,Unknown EMS Hospital Arrival Time,1,Daylight,Clear,1,3,['Front_Passenger'],['Shoulder_Lapbelt'],0,0,Valid,1.0,0.0,90.0,76.0,"['Male', 'Male']",0,0,3,1,5,Dry,Straight,Level,Lowest,No
32251,48,Texas,481301,0,1,1,0,1,DALLAS,April,23,Sunday,5,10,Urban,Medium Speed (Collector),No,32.82763333,-96.68396111,Non-Intersection,Dark - Not Lighted,Rain,Unknown,Unknown if Notified,Unknown EMS Scene Arrival Hour,Unknown if Arrived,Not Applicable (Not Transported),Not Applicable (Not Transported),1,Dark - Unlighted,Rain/Wind/Minor,1,0,['Driver'],['Shoulder_Lapbelt'],1,1,Invalid,0.0,0.0,24.0,24.0,['Female'],1,0,3,1,3,Wet/Standing Water,Curve,Level,Lowest,No
32252,48,Texas,481303,0,2,2,0,3,NOT APPLICABLE,May,19,Friday,3,42,Rural,Medium Speed (Collector),No,31.68760833,-98.924825,Non-Intersection,Dark - Not Lighted,Clear,Unknown,Unknown if Notified,Unknown EMS Scene Arrival Hour,Unknown if Arrived,Not Applicable (Not Transported),Not Applicable (Not Transported),1,Dark - Unlighted,Clear,1,2,['Driver'],['Shoulder_Lapbelt'],0,0,Valid,0.0,1.0,79.0,32.0,"['Male', 'Male']",0,0,4,1,5,Dry,Curve,Grade/Hillcrest,Medium,No
32253,48,Texas,481304,0,1,1,0,1,NOT APPLICABLE,May,11,Thursday,5,48,Rural,High Speed (Arterial),Yes,32.65866389,-101.86368333,Non-Intersection,Dark - Not Lighted,Cloudy,Unknown,Unknown if Notified,Unknown EMS Scene Arrival Hour,Unknown if Arrived,Not Applicable (Not Transported),Not Applicable (Not Transported),1,Dark - Unlighted,Reduced Visibility,1,0,['Driver'],['None_Used'],1,1,Valid,0.0,1.0,34.0,34.0,['Male'],1,0,3,1,3,Wet/Standing Water,Straight,Level,Lowest,No
32254,48,Texas,481305,0,3,3,0,8,WACO,May,18,Thursday,16,15,Urban,Medium Speed (Collector),No,31.54295278,-97.13795556,Complex/Circle,Daylight,Clear,Unknown,Unknown,Unknown EMS Scene Arrival Hour,Unknown EMS Scene Arrival Minutes,Unknown,Unknown EMS Hospital Arrival Time,1,Daylight,Clear,1,7,['Rear_Seat'],['Child_Safety'],0,0,Invalid,0.0,0.0,74.0,28.0,"['Female', 'Female', 'Female']",3,0,3,1,5,Dry,Straight,Level,Lowest,No
32255,48,Texas,481306,0,1,1,0,4,NOT APPLICABLE,April,22,Saturday,23,55,Rural,Medium Speed (Collector),No,29.05710278,-96.25799167,Non-Intersection,Dark - Not Lighted,Clear,Unknown,Unknown,Unknown EMS Scene Arrival Hour,Unknown EMS Scene Arrival Minutes,Unknown,Unknown EMS Hospital Arrival Time,1,Dark - Unlighted,Clear,1,3,['Front_Passenger'],['None_Used'],1,1,Valid,0.0,1.0,25.0,25.0,['Female'],0,0,3,1,3,Dry,Straight,Level,Lowest,No
32256,48,Texas,481307,0,1,1,0,6,NOT APPLICABLE,May,2,Tuesday,2,30,Rural,Medium Speed (Collector),No,29.028,-99.44326111,Non-Intersection,Dark - Not Lighted,Clear,Unknown,Unknown,Unknown EMS Scene Arrival Hour,Unknown EMS Scene Arrival Minutes,Unknown,Unknown EMS Hospital Arrival Time,2,Dark - Unlighted,Clear,2,4,"['Non_Standard_Risk', 'Non_Standard_Risk']","['None_Used', 'None_Used']",0,0,Invalid,1.0,4.0,22.0,22.0,['Male'],6,0,2,1,3,Dry,Curve,Level,Lowest,No
32257,48,Texas,481308,0,2,2,0,4,NOT APPLICABLE,May,4,Thursday,11,23,Rural,High Speed (Arterial),No,28.94766667,-99.65427222,Non-Intersection,Daylight,Clear,Unknown,Unknown,Unknown EMS Scene Arrival Hour,Unknown EMS Scene Arrival Minutes,Unknown,Unknown EMS Hospital Arrival Time,2,Daylight,Clear,2,2,"['Front_Passenger', 'Front_Passenger']","['None_Used', 'Shoulder_Lapbelt']",0,0,Invalid,0.0,1.0,41.0,25.0,"['Male', 'Male']",0,0,4,4,5,Dry,Straight,Level,Lowest,No
32258,48,Texas,481309,0,1,1,0,6,NOT APPLICABLE,May,21,Sunday,2,58,Rural,Medium Speed (Collector),No,32.27637222,-95.44897222,Non-Intersection,Dark - Not Lighted,Clear,Unknown,Unknown,Unknown EMS Scene Arrival Hour,Unknown EMS Scene Arrival Minutes,Unknown,Unknown EMS Hospital Arrival Time,3,Dark - Unlighted,Clear,3,3,"['Driver', 'Front_Passenger', 'Front_Passenger']","['Shoulder_Lapbelt', 'None_Used', 'Shoulder_Lapbelt']",1,1,Valid,0.0,0.0,19.0,19.0,['Female'],6,0,2,4,3,Dry,Curve,Level,Lowest,No
32259,48,Texas,481310,0,1,1,0,1,LAKE JACKSON,May,15,Monday,8,30,Urban,High Speed (Arterial),Yes,29.04206667,-95.4544,Non-Intersection,Daylight,Clear,Unknown,Unknown,Unknown EMS Scene Arrival Hour,Unknown EMS Scene Arrival Minutes,Unknown,Unknown EMS Hospital Arrival Time,1,Daylight,Clear,1,0,['Driver'],['None_Used'],0,0,Invalid,0.0,0.0,18.0,18.0,['Male'],1,0,3,1,3,Dry,Straight,Grade/Hillcrest,Lowest,No
32260,48,Texas,481311,1,1,1,0,1,DALLAS,May,15,Monday,21,9,Urban,Medium Speed (Collector),No,32.92263056,-96.71723056,Complex/Circle,Dark - Lighted,Cloudy,Unknown,Unknown,Unknown EMS Scene Arrival Hour,Unknown EMS Scene Arrival Minutes,Unknown,Unknown EMS Hospital Arrival Time,1,Dark - Lighted,Reduced Visibility,0,0,[],[],0,0,Invalid,0.0,0.0,999.0,999.0,['Other'],0,0,1,0,4,Dry,Straight,Level,Lowest,No
32261,48,Texas,481312,0,1,1,0,2,DALLAS,May,19,Friday,13,11,Urban,High Speed (Arterial),Yes,32.70400556,-96.856675,Complex/Circle,Daylight,Clear,Unknown,Unknown,Unknown EMS Scene Arrival Hour,Unknown EMS Scene Arrival Minutes,Unknown,Unknown EMS Hospital Arrival Time,1,Daylight,Clear,1,1,['Front_Passenger'],['None_Used'],0,0,Invalid,0.0,0.0,79.0,79.0,['Male'],0,0,3,1,3,Dry,Straight,Grade/Hillcrest,Lowest,No
32262,48,Texas,481313,1,2,1,1,1,NOT APPLICABLE,May,16,Tuesday,23,55,Rural,High Speed (Arterial),Yes,35.22656389,-100.03679444,Non-Intersection,Dark - Not Lighted,Clear,Unknown,Unknown,Unknown EMS Scene Arrival Hour,Unknown EMS Scene Arrival Minutes,Not Applicable (Not Transported),Not Applicable (Not Transported),1,Dark - Unlighted,Clear,1,0,['Driver'],['None_Used'],0,0,Valid,0.0,2.0,59.0,59.0,['Male'],1,0,3,1,5,Dry,Straight,Level,Lowest,No
32263,48,Texas,481314,1,2,1,1,1,AMARILLO,May,14,Sunday,19,56,Urban,Low Speed (Local),No,35.14073333,-101.9414,Non-Intersection,Daylight,Clear,Unknown,Unknown,Unknown EMS Scene Arrival Hour,Unknown EMS Scene Arrival Minutes,Unknown,Unknown EMS Hospital Arrival Time,1,Daylight,Clear,0,1,[],[],0,0,Valid,0.0,0.0,19.0,19.0,['Female'],0,0,3,1,4,Dry,Straight,Level,Lowest,No
32264,48,Texas,481315,1,1,1,0,1,NAVASOTA,May,14,Sunday,4,25,Rural,High Speed (Arterial),Yes,30.37176389,-96.066825,Non-Intersection,Dark - Not Lighted,Rain,Unknown,Unknown if Notified,Unknown EMS Scene Arrival Hour,Unknown if Arrived,Not Applicable (Not Transported),Not Applicable (Not Transported),1,Dark - Unlighted,Rain/Wind/Minor,0,1,[],[],0,0,Valid,0.0,0.0,47.0,47.0,['Male'],0,0,4,1,4,Wet/Standing Water,Straight,Level,Lowest,No
32265,48,Texas,481316,0,2,2,0,3,NOT APPLICABLE,May,18,Thursday,4,39,Rural,High Speed (Arterial),Yes,32.65093056,-99.84496667,Non-Intersection,Dark - Not Lighted,Clear,Unknown,Unknown,Unknown EMS Scene Arrival Hour,Unknown EMS Scene Arrival Minutes,Unknown,Unknown EMS Hospital Arrival Time,2,Dark - Unlighted,Clear,2,1,"['Driver', 'Driver']","['None_Used', 'Shoulder_Lapbelt']",0,0,Valid,1.0,1.0,63.0,39.0,"['Male', 'Male']",0,0,2,1,5,Dry,Straight,Level,Lowest,No
32266,48,Texas,481317,0,2,2,0,3,NOT APPLICABLE,May,10,Wednesday,16,6,Rural,Medium Speed (Collector),No,29.77611944,-103.58103056,Non-Intersection,Daylight,Clear,Unknown,Unknown,Unknown EMS Scene Arrival Hour,Unknown EMS Scene Arrival Minutes,Unknown,Unknown EMS Hospital Arrival Time,1,Daylight,Clear,1,2,['Driver'],['Shoulder_Lapbelt'],0,0,Valid,0.0,0.0,75.0,31.0,"['Male', 'Male']",0,0,3,4,5,Dry,Curve,Level,Lowest,No
32267,48,Texas,481319,1,1,1,0,1,HOUSTON,May,15,Monday,20,18,Urban,Medium Speed (Collector),No,29.70904167,-95.50853889,Non-Intersection,Dark - Lighted,Clear,Unknown,Unknown if Notified,Unknown EMS Scene Arrival Hour,Unknown if Arrived,Not Applicable (Not Transported),Not Applicable (Not Transported),1,Dark - Lighted,Clear,0,1,[],[],0,0,Valid,2.0,0.0,44.0,44.0,['Male'],0,0,3,2,4,Dry,Straight,Non-Trafficway,Lowest,No
32268,48,Texas,481320,0,1,1,0,1,AUSTIN,May,6,Saturday,18,56,Urban,Medium Speed (Collector),No,30.414775,-97.67288611,Non-Intersection,Daylight,Clear,Unknown,Unknown,Unknown EMS Scene Arrival Hour,Unknown EMS Scene Arrival Minutes,Unknown,Unknown EMS Hospital Arrival Time,1,Daylight,Clear,1,0,['Driver'],['Shoulder_Lapbelt'],1,1,Invalid,0.0,0.0,41.0,41.0,['Male'],0,0,3,1,3,Dry,Straight,Level,Lowest,No
32269,48,Texas,481321,1,1,1,0,1,KERENS,May,13,Saturday,21,1,Urban,High Speed (Arterial),Yes,32.132225,-96.23608889,Non-Intersection,Dark - Not Lighted,Clear,Unknown,Unknown if Notified,Unknown EMS Scene Arrival Hour,Unknown if Arrived,Not Applicable (Not Transported),Not Applicable (Not Transported),1,Dark - Unlighted,Clear,0,1,[],[],0,0,Invalid,0.0,0.0,70.0,70.0,['Female'],0,0,3,1,4,Wet/Standing Water,Straight,Level,Lowest,No
32270,48,Texas,481323,1,1,1,0,1,KERMIT,May,4,Thursday,21,0,Urban,Medium Speed (Collector),No,31.85491667,-103.10402222,Non-Intersection,Dark - Lighted,Clear,Unknown,Unknown,Unknown EMS Scene Arrival Hour,Unknown EMS Scene Arrival Minutes,Unknown,Unknown EMS Hospital Arrival Time,1,Dark - Lighted,Clear,0,1,[],[],1,1,Valid,0.0,0.0,47.0,47.0,['Female'],0,0,3,1,4,Dry,Straight,Level,Lowest,No
32271,48,Texas,481324,0,1,1,0,1,GEORGETOWN,May,17,Wednesday,22,40,Urban,Medium Speed (Collector),No,30.70247222,-97.74219444,Non-Intersection,Dark - Not Lighted,Clear,Unknown,Unknown if Notified,Unknown EMS Scene Arrival Hour,Unknown if Arrived,Not Applicable (Not Transported),Not Applicable (Not Transported),1,Dark - Unlighted,Clear,1,0,['Driver'],['None_Used'],1,1,Valid,1.0,0.0,48.0,48.0,['Male'],1,0,2,1,3,Dry,Curve,Level,Lowest,No
32272,48,Texas,481325,0,2,2,0,2,LEWISVILLE,May,21,Sunday,22,58,Urban,High Speed (Arterial),Yes,33.02460833,-96.992975,Complex/Circle,Dark - Lighted,Clear,Unknown,Unknown,Unknown EMS Scene Arrival Hour,Unknown EMS Scene Arrival Minutes,Unknown,Unknown EMS Hospital Arrival Time,1,Dark - Lighted,Clear,1,1,['Driver'],['None_Used'],1,2,Valid,0.0,0.0,69.0,50.0,"['Female', 'Male']",0,0,5,1,5,Dry,Straight,Level,Lowest,No
32273,48,Texas,481326,1,1,1,0,1,SAN MARCOS,May,17,Wednesday,21,45,Urban,High Speed (Arterial),Yes,29.86914722,-97.93921111,Non-Intersection,Dark - Not Lighted,Clear,Unknown,Unknown if Notified,Unknown EMS Scene Arrival Hour,Unknown if Arrived,Not Applicable (Not Transported),Not Applicable (Not Transported),1,Dark - Unlighted,Clear,0,1,[],[],0,0,Valid,0.0,1.0,66.0,66.0,['Male'],1,0,3,1,4,Dry,Straight,Level,Lowest,No
32274,48,Texas,481327,0,2,2,0,2,SAN MARCOS,May,19,Friday,7,52,Rural,High Speed (Arterial),Yes,29.82893889,-97.98408611,Non-Intersection,Daylight,Cloudy,Unknown,Unknown if Notified,Unknown EMS Scene Arrival Hour,Unknown if Arrived,Not Applicable (Not Transported),Not Applicable (Not Transported),2,Daylight,Reduced Visibility,2,0,"['Driver', 'Driver']","['None_Used', 'Shoulder_Lapbelt']",0,0,Valid,0.0,1.0,50.0,28.0,"['Male', 'Female']",0,0,4,4,5,Dry,Straight,Level,Lowest,Yes
32275,48,Texas,481328,1,2,2,0,2,DALLAS,May,16,Tuesday,12,34,Urban,High Speed (Arterial),Yes,32.66205556,-96.87094167,Complex/Circle,Daylight,Cloudy,Unknown,Unknown,Unknown EMS Scene Arrival Hour,Unknown EMS Scene Arrival Minutes,Unknown,Unknown EMS Hospital Arrival Time,1,Daylight,Reduced Visibility,0,2,[],[],0,0,Valid,1.0,2.0,28.0,27.0,"['Male', 'Male']",0,0,3,1,5,Dry,Straight,Level,Lowest,No
32276,48,Texas,481329,0,1,1,0,1,FORT WORTH,May,13,Saturday,7,5,Urban,Medium Speed (Collector),No,32.68565278,-97.32015556,Non-Intersection,Daylight,Cloudy,Unknown,Unknown,Unknown EMS Scene Arrival Hour,Unknown EMS Scene Arrival Minutes,Unknown,Unknown EMS Hospital Arrival Time,1,Daylight,Reduced Visibility,1,0,['Driver'],['None_Used'],0,0,Invalid,0.0,0.0,36.0,36.0,['Male'],1,0,2,4,3,Dry,Straight,Level,Lowest,No
32277,48,Texas,481330,3,3,2,1,4,NOT APPLICABLE,May,14,Sunday,2,11,Rural,High Speed (Arterial),Yes,33.95739722,-98.61178889,Non-Intersection,Dark - Not Lighted,Cloudy,Unknown,Unknown,Unknown EMS Scene Arrival Hour,Unknown EMS Scene Arrival Minutes,Unknown,Unknown EMS Hospital Arrival Time,2,Dark - Unlighted,Reduced Visibility,2,2,"['Driver', 'Front_Passenger']","['None_Used', 'Shoulder_Lapbelt']",1,1,Invalid,0.0,0.0,68.0,45.0,"['Male', 'Male']",0,0,4,4,5,Dry,Straight,Level,Lowest,Yes
32278,48,Texas,481331,0,2,2,0,2,NOT APPLICABLE,May,12,Friday,17,0,Rural,Medium Speed (Collector),No,32.40555278,-101.34013611,Non-Intersection,Dusk,Rain,Unknown,Unknown if Notified,Unknown EMS Scene Arrival Hour,Unknown if Arrived,Not Applicable (Not Transported),Not Applicable (Not Transported),1,Twilight,Rain/Wind/Minor,1,1,['Driver'],['Shoulder_Lapbelt'],0,0,Valid,2.0,1.0,49.0,35.0,"['Male', 'Male']",1,0,4,1,5,Wet/Standing Water,Straight,Level,Lowest,No
32279,48,Texas,481332,0,1,1,0,5,FORT WORTH,May,15,Monday,0,28,Urban,Medium Speed (Collector),No,32.63750556,-97.39475278,Non-Intersection,Dark - Lighted,Clear,Unknown,Unknown,Unknown EMS Scene Arrival Hour,Unknown EMS Scene Arrival Minutes,Unknown,Unknown EMS Hospital Arrival Time,1,Dark - Lighted,Clear,1,4,['Front_Passenger'],['None_Used'],0,0,Valid,0.0,0.0,28.0,28.0,['Female'],5,0,3,1,3,Dry,Curve,Level,Lowest,No
32280,48,Texas,481333,0,2,2,0,2,TYLER,May,23,Tuesday,15,48,Urban,High Speed (Arterial),Yes,32.34273889,-95.36218056,Complex/Circle,Daylight,Clear,Unknown,Unknown,Unknown EMS Scene Arrival Hour,Unknown EMS Scene Arrival Minutes,Unknown,Unknown EMS Hospital Arrival Time,1,Daylight,Clear,1,1,['Driver'],['None_Used'],0,0,Invalid,0.0,0.0,55.0,19.0,"['Male', 'Male']",0,0,5,2,5,Dry,Straight,Level,Lowest,No
32281,48,Texas,481334,0,2,2,0,3,NOT APPLICABLE,May,23,Tuesday,14,44,Rural,Medium Speed (Collector),No,30.00171944,-97.51488889,Simple Junction,Daylight,Cloudy,Unknown,Unknown,Unknown EMS Scene Arrival Hour,Unknown EMS Scene Arrival Minutes,Unknown,Unknown EMS Hospital Arrival Time,1,Daylight,Reduced Visibility,1,2,['Driver'],['None_Used'],1,1,Invalid,0.0,0.0,37.0,26.0,"['Female', 'Male']",0,0,3,4,5,Dry,Straight,Level,Lowest,No
32282,48,Texas,481335,1,1,1,0,1,FORT WORTH,May,22,Monday,23,13,Urban,Medium Speed (Collector),No,32.61854722,-97.37043333,Complex/Circle,Dark - Not Lighted,Clear,Unknown,Unknown,Unknown EMS Scene Arrival Hour,Unknown EMS Scene Arrival Minutes,Not Applicable (Not Transported),Not Applicable (Not Transported),1,Dark - Unlighted,Clear,0,1,[],[],0,0,Invalid,0.0,0.0,54.0,54.0,['Male'],1,0,2,1,4,Dry,Straight,Level,Lowest,No
32283,48,Texas,481336,0,1,1,0,1,SHENANDOAH,May,1,Monday,2,25,Urban,Medium Speed (Collector),No,30.18564722,-95.45218333,Non-Intersection,Dark - Lighted,Clear,Unknown,Unknown if Notified,Unknown EMS Scene Arrival Hour,Unknown if Arrived,Not Applicable (Not Transported),Not Applicable (Not Transported),1,Dark - Lighted,Clear,1,0,['Driver'],['None_Used'],1,1,Valid,0.0,0.0,19.0,19.0,['Male'],0,0,5,4,3,Dry,Straight,Level,Lowest,No
32284,48,Texas,481337,0,2,2,0,5,NOT APPLICABLE,May,16,Tuesday,22,8,Urban,High Speed (Arterial),Yes,27.76870278,-98.10273056,Complex/Circle,Dark - Not Lighted,Cloudy,Unknown,Unknown,Unknown EMS Scene Arrival Hour,Unknown EMS Scene Arrival Minutes,Unknown,Unknown EMS Hospital Arrival Time,2,Dark - Unlighted,Reduced Visibility,2,3,"['Driver', 'Rear_Seat']","['None_Used', 'None_Used']",0,0,Valid,1.0,0.0,72.0,49.0,"['Male', 'Female']",0,0,4,1,5,Dry,Straight,Level,Lowest,No
32285,48,Texas,481338,0,2,2,0,3,NOT APPLICABLE,May,19,Friday,16,21,Rural,Medium Speed (Collector),No,33.09550833,-95.57834167,Non-Intersection,Daylight,Cloudy,Unknown,Unknown,Unknown EMS Scene Arrival Hour,Unknown EMS Scene Arrival Minutes,Unknown,Unknown EMS Hospital Arrival Time,1,Daylight,Reduced Visibility,1,2,['Driver'],['Shoulder_Lapbelt'],1,1,Invalid,0.0,0.0,40.0,18.0,"['Male', 'Female']",0,0,3,1,5,Dry,Straight,Grade/Hillcrest,Lowest,No
32286,48,Texas,481339,0,1,1,0,4,NOT APPLICABLE,May,21,Sunday,4,51,Rural,Medium Speed (Collector),No,31.08722222,-95.53382222,Non-Intersection,Dark - Not Lighted,Cloudy,Unknown,Unknown,Unknown EMS Scene Arrival Hour,Unknown EMS Scene Arrival Minutes,Unknown,Unknown EMS Hospital Arrival Time,1,Dark - Unlighted,Reduced Visibility,1,3,['Driver'],['None_Used'],1,1,Valid,0.0,0.0,16.0,16.0,['Female'],0,0,5,1,3,Dry,Curve,Level,Lowest,No
32287,48,Texas,481340,0,1,1,0,1,RICHARDS,May,21,Sunday,13,51,Rural,Medium Speed (Collector),No,30.54220556,-95.85641667,Non-Intersection,Daylight,Clear,Unknown,Unknown if Notified,Unknown EMS Scene Arrival Hour,Unknown if Arrived,Not Applicable (Not Transported),Not Applicable (Not Transported),1,Daylight,Clear,1,0,['Driver'],['None_Used'],0,0,Valid,0.0,0.0,68.0,68.0,['Male'],0,0,5,1,3,Dry,Curve,Level,Lowest,No
32288,48,Texas,481341,0,1,1,0,1,IRVING,May,7,Sunday,19,42,Urban,Low Speed (Local),No,32.86440278,-96.938175,Non-Intersection,Dark - Lighted,Clear,Unknown,Unknown,Unknown EMS Scene Arrival Hour,Unknown EMS Scene Arrival Minutes,Unknown,Unknown EMS Hospital Arrival Time,1,Dark - Lighted,Clear,1,0,['Driver'],['Shoulder_Lapbelt'],0,0,Valid,0.0,2.0,43.0,43.0,['Female'],1,0,2,4,0,Dry,Straight,Level,Lowest,No
32289,48,Texas,481342,0,3,3,0,6,AUSTIN,May,14,Sunday,15,57,Urban,High Speed (Arterial),Yes,30.2629,-97.62153611,Non-Intersection,Daylight,Clear,Unknown,Unknown,Unknown EMS Scene Arrival Hour,Unknown EMS Scene Arrival Minutes,Unknown,Unknown EMS Hospital Arrival Time,1,Daylight,Clear,1,5,['Driver'],['Shoulder_Lapbelt'],1,1,Invalid,0.0,0.0,49.0,26.0,"['Male', 'Male', 'Male']",0,0,3,1,5,Dry,Straight,Level,Lowest,No
32290,48,Texas,481343,0,1,1,0,1,SAN ANTONIO,May,22,Monday,1,30,Urban,High Speed (Arterial),Yes,29.39906389,-98.64185278,Non-Intersection,Dark - Lighted,Clear,Unknown,Unknown if Notified,Unknown EMS Scene Arrival Hour,Unknown if Arrived,Not Applicable (Not Transported),Not Applicable (Not Transported),1,Dark - Lighted,Clear,1,0,['Driver'],['Shoulder_Lapbelt'],1,1,Valid,0.0,0.0,35.0,35.0,['Female'],0,0,2,1,2,Dry,Curve,Level,Lowest,No
32291,48,Texas,481344,0,2,2,0,2,SAN ANTONIO,May,23,Tuesday,21,6,Urban,Medium Speed (Collector),No,29.36293056,-98.481425,Simple Junction,Dark - Lighted,Clear,Unknown,Unknown,Unknown EMS Scene Arrival Hour,Unknown EMS Scene Arrival Minutes,Unknown,Unknown EMS Hospital Arrival Time,1,Dark - Lighted,Clear,1,1,['Driver'],['None_Used'],1,1,Invalid,1.0,1.0,69.0,62.0,"['Male', 'Male']",1,0,5,1,5,Dry,Straight,Level,Lowest,No
32292,48,Texas,481345,0,1,1,0,1,EL PASO,May,20,Saturday,1,51,Urban,Medium Speed (Collector),No,31.73593611,-106.34089722,Non-Intersection,Dark - Unknown Lighting,Cloudy,Unknown,Unknown if Notified,Unknown EMS Scene Arrival Hour,Unknown if Arrived,Not Applicable (Not Transported),Not Applicable (Not Transported),1,Dark - Unlighted,Reduced Visibility,1,0,['Driver'],['None_Used'],1,1,Valid,1.0,0.0,42.0,42.0,['Male'],1,0,2,1,3,Dry,Curve,Level,Lowest,No
32293,48,Texas,481346,0,1,1,0,2,NOT APPLICABLE,May,21,Sunday,7,1,Urban,Medium Speed (Collector),No,35.64705556,-101.46779722,Non-Intersection,Dawn,Cloudy,Unknown,Unknown,Unknown EMS Scene Arrival Hour,Unknown EMS Scene Arrival Minutes,Unknown,Unknown EMS Hospital Arrival Time,2,Twilight,Reduced Visibility,2,0,"['Driver', 'Front_Passenger']","['Shoulder_Lapbelt', 'None_Used']",0,0,Valid,0.0,0.0,89.0,89.0,['Male'],0,0,3,4,3,Dry,Straight,Grade/Hillcrest,Medium,No
32294,48,Texas,481347,0,2,2,0,2,KILLEEN,May,18,Thursday,8,14,Urban,High Speed (Arterial),Yes,31.02243333,-97.75451389,Complex/Circle,Daylight,Clear,Unknown,Unknown,Unknown EMS Scene Arrival Hour,Unknown EMS Scene Arrival Minutes,Unknown,Unknown EMS Hospital Arrival Time,1,Daylight,Clear,1,1,['Driver'],['Shoulder_Lapbelt'],0,0,Valid,0.0,0.0,46.0,28.0,"['Male', 'Male']",1,0,2,4,5,Dry,Straight,Level,Lowest,No
32295,48,Texas,481348,0,1,1,0,1,IRVING,May,9,Tuesday,9,49,Urban,High Speed (Arterial),Yes,32.80523056,-96.92135556,Non-Intersection,Daylight,Cloudy,Unknown,Unknown,Unknown EMS Scene Arrival Hour,Unknown EMS Scene Arrival Minutes,Unknown,Unknown EMS Hospital Arrival Time,1,Daylight,Reduced Visibility,1,0,['Driver'],['None_Used'],1,1,Invalid,0.0,0.0,33.0,33.0,['Male'],1,0,3,1,3,Dry,Straight,Level,Lowest,No
32296,48,Texas,481349,0,3,3,0,5,NOT APPLICABLE,May,17,Wednesday,12,12,Rural,High Speed (Arterial),Yes,34.01711389,-98.86244444,Non-Intersection,Daylight,Clear,Unknown,Unknown,Unknown EMS Scene Arrival Hour,Unknown EMS Scene Arrival Minutes,Unknown,Unknown EMS Hospital Arrival Time,1,Daylight,Clear,1,4,['Rear_Seat'],['Child_Safety'],0,0,Valid,1.0,0.0,63.0,33.0,"['Male', 'Female', 'Female']",1,0,4,1,5,Dry,Straight,Level,Lowest,No
32297,48,Texas,481350,0,1,1,0,2,NOT APPLICABLE,May,22,Monday,11,59,Rural,Medium Speed (Collector),No,31.19683333,-95.02301389,Non-Intersection,Daylight,Cloudy,Unknown,Unknown,Unknown EMS Scene Arrival Hour,Unknown EMS Scene Arrival Minutes,Unknown,Unknown EMS Hospital Arrival Time,1,Daylight,Reduced Visibility,1,1,['Front_Passenger'],['None_Used'],0,0,Valid,0.0,0.0,63.0,63.0,['Male'],0,0,2,1,3,Dry,Straight,Level,Lowest,No