,State_Code,State_Name,Crash_ID,Count_Non_Motorists,Count_Vehicles_Total,Count_Vehicle_Forms,Count_PVH_Involved,Count_Occupants_MV,City_Name,Month_Name,Day_of_Month,Day_of_Week,Crash_Hour,Crash_Minute,Area_Rural_Urban,Road_Functional_Class,On_NHS_Road,Latitude,Longitude,Intersection_Type,Light_Condition,Weather_Condition,Notif_Hour,Notif_Minute,Arrival_Hour,Arrival_Minute,Hospital_Hour,Hospital_Minute,Fatalities_Count,Clean_Light_Condition,Clean_Weather_Condition,Total_Killed,Total_Alive,Fatal_Seats_List,Killed_Restraint_List,Any_Driver_Drinking,Total_Drinking_Drivers,Driver_License_Category,Driver_Max_Prev_Accident_Count,Driver_Max_Prev_Speeding_Count,Max_Driver_Age,Min_Driver_Age,Driver_Sex_List,Total_Exceeding_Limit_Vehicles,Total_Too_Fast_Vehicles,Max_Vehicle_Type_Severity_5,Max_Vehicle_Damage_Rank,Max_Harmful_Event_Severity,Crash_Road_Surface_Condition,Crash_Horizontal_Alignment,Crash_Vertical_Profile,Crash_Impairment_Category,Crash_Vehicle_Defect
32298,48,Texas,481351,1,1,1,0,1,GRAND PRAIRIE,May,3,Wednesday,22,0,Urban,Medium Speed (Collector),No,32.70783333,-96.98569444,Non-Intersection,Dark - Lighted,Clear,Unknown,Unknown if Notified,Unknown EMS Scene Arrival Hour,Unknown if Arrived,Not Applicable (Not Transported),Not Applicable (Not Transported),1,Dark - Lighted,Clear,0,1,[],[],0,0,Valid,0.0,0.0,44.0,44.0,['Male'],0,0,3,1,4,Dry,Straight,Level,Lowest,No
32299,48,Texas,481352,0,2,2,0,2,NOT APPLICABLE,May,18,Thursday,21,10,Rural,High Speed (Arterial),Yes,33.96942222,-98.7315,Non-Intersection,Dark - Not Lighted,Rain,Unknown,Unknown if Notified,Unknown EMS Scene Arrival Hour,Unknown if Arrived,Not Applicable (Not Transported),Not Applicable (Not Transported),1,Dark - Unlighted,Rain/Wind/Minor,1,1,['Driver'],['None_Used'],1,1,Valid,0.0,1.0,48.0,32.0,"['Male', 'Male']",0,0,4,4,5,Wet/Standing Water,Straight,Level,Lowest,No
32300,48,Texas,481353,1,1,1,0,1,FORT WORTH,April,8,Saturday,1,36,Urban,High Speed (Arterial),Yes,32.73699444,-97.32033611,Non-Intersection,Dark - Not Lighted,Clear,Unknown,Unknown if Notified,Unknown EMS Scene Arrival Hour,Unknown if Arrived,Not Applicable (Not Transported),Not Applicable (Not Transported),1,Dark - Unlighted,Clear,0,1,[],[],0,0,Valid,0.0,0.0,62.0,62.0,['Male'],0,0,2,1,4,Dry,Straight,Grade/Hillcrest,Lowest,No
32301,48,Texas,481354,19,1,1,0,1,BROWNSVILLE,May,7,Sunday,8,29,Urban,Medium Speed (Collector),No,25.92269167,-97.431825,Simple Junction,Daylight,Clear,Unknown,Unknown,Unknown EMS Scene Arrival Hour,Unknown EMS Scene Arrival Minutes,Unknown,Unknown EMS Hospital Arrival Time,8,Daylight,Clear,0,1,[],[],0,0,Valid,0.0,2.0,34.0,34.0,['Male'],1,0,3,1,4,Dry,Straight,Level,Lowest,No
32302,48,Texas,481355,0,2,2,0,2,NOT APPLICABLE,May,18,Thursday,17,15,Rural,High Speed (Arterial),Yes,33.64239444,-95.709525,Simple Junction,Daylight,Clear,Unknown,Unknown if Notified,Unknown EMS Scene Arrival Hour,Unknown if Arrived,Not Applicable (Not Transported),Not Applicable (Not Transported),2,Daylight,Clear,2,0,"['Driver', 'Driver']","['None_Used', 'Shoulder_Lapbelt']",0,0,Valid,0.0,2.0,64.0,59.0,"['Female', 'Female']",1,0,3,1,5,Dry,Straight,Grade/Hillcrest,Lowest,No
32303,48,Texas,481356,0,3,3,0,6,NOT APPLICABLE,May,19,Friday,16,7,Rural,High Speed (Arterial),Yes,31.80718889,-94.679275,Non-Intersection,Daylight,Clear,Unknown,Unknown,Unknown EMS Scene Arrival Hour,Unknown EMS Scene Arrival Minutes,Unknown,Unknown EMS Hospital Arrival Time,2,Daylight,Clear,2,4,"['Driver', 'Driver']","['Shoulder_Lapbelt', 'Shoulder_Lapbelt']",0,0,Valid,1.0,1.0,71.0,18.0,"['Male', 'Female', 'Male']",2,0,2,2,5,Dry,Straight,Grade/Hillcrest,Lowest,No
32304,48,Texas,481357,0,4,4,0,6,NOT APPLICABLE,May,19,Friday,19,28,Rural,High Speed (Arterial),Yes,31.26764444,-95.98713889,Non-Intersection,Daylight,Clear,Unknown,Unknown,Unknown EMS Scene Arrival Hour,Unknown EMS Scene Arrival Minutes,Unknown,Unknown EMS Hospital Arrival Time,1,Daylight,Clear,1,5,['Driver'],['Shoulder_Lapbelt'],0,0,Valid,0.0,0.0,62.0,22.0,"['Female', 'Male', 'Male', 'Male']",0,0,3,2,5,Dry,Straight,Level,Medium,No
32305,48,Texas,481358,0,1,1,0,1,NOT APPLICABLE,May,20,Saturday,0,25,Rural,Low Speed (Local),No,31.93192222,-94.66628889,Non-Intersection,Dark - Not Lighted,Clear,Unknown,Unknown if Notified,Unknown EMS Scene Arrival Hour,Unknown if Arrived,Not Applicable (Not Transported),Not Applicable (Not Transported),1,Dark - Unlighted,Clear,1,0,['Driver'],['Shoulder_Lapbelt'],0,0,Invalid,0.0,1.0,36.0,36.0,['Male'],1,0,2,1,3,Dry,Straight,Grade/Hillcrest,Lowest,No
32306,48,Texas,481359,0,1,1,0,1,NOT APPLICABLE,May,28,Sunday,14,30,Rural,High Speed (Arterial),No,32.68566667,-95.81579444,Non-Intersection,Daylight,Clear,Unknown,Unknown if Notified,Unknown EMS Scene Arrival Hour,Unknown if Arrived,Not Applicable (Not Transported),Not Applicable (Not Transported),1,Daylight,Clear,1,0,['Driver'],['None_Used'],0,0,Valid,0.0,0.0,55.0,55.0,['Male'],1,0,5,4,3,Dry,Curve,Level,Lowest,No
32307,48,Texas,481360,0,3,3,0,3,EL PASO,May,28,Sunday,11,30,Urban,Medium Speed (Collector),No,31.77248333,-106.47307778,Complex/Circle,Daylight,Clear,Unknown,Unknown,Unknown EMS Scene Arrival Hour,Unknown EMS Scene Arrival Minutes,Unknown,Unknown EMS Hospital Arrival Time,1,Daylight,Clear,1,2,['Driver'],['Shoulder_Lapbelt'],1,1,Valid,0.0,1.0,68.0,31.0,"['Male', 'Male', 'Female']",1,0,3,4,5,Dry,Straight,Level,Lowest,No
32308,48,Texas,481361,0,1,1,0,2,DALLAS,May,15,Monday,10,29,Urban,High Speed (Arterial),Yes,32.79300833,-96.80550278,Complex/Circle,Daylight,Cloudy,Unknown,Unknown,Unknown EMS Scene Arrival Hour,Unknown EMS Scene Arrival Minutes,Unknown,Unknown EMS Hospital Arrival Time,1,Daylight,Reduced Visibility,1,1,['Driver'],['None_Used'],0,0,Invalid,1.0,0.0,29.0,29.0,['Male'],2,0,2,1,3,Dry,Curve,Level,Lowest,No
32309,48,Texas,481362,0,2,2,0,3,NOT APPLICABLE,April,3,Monday,0,23,Urban,Medium Speed (Collector),No,26.237525,-98.05738333,Non-Intersection,Dark - Not Lighted,Clear,Unknown,Unknown,Unknown EMS Scene Arrival Hour,Unknown EMS Scene Arrival Minutes,Unknown,Unknown EMS Hospital Arrival Time,1,Dark - Unlighted,Clear,1,2,['Driver'],['None_Used'],1,1,Invalid,0.0,0.0,50.0,33.0,"['Male', 'Male']",0,0,3,1,5,Dry,Straight,Level,Lowest,No
32310,48,Texas,481363,0,2,2,0,3,EL PASO,May,21,Sunday,2,53,Urban,Medium Speed (Collector),No,31.79223889,-106.26764722,Complex/Circle,Dark - Lighted,Clear,Unknown,Unknown if Notified,Unknown EMS Scene Arrival Hour,Unknown if Arrived,Not Applicable (Not Transported),Not Applicable (Not Transported),1,Dark - Lighted,Clear,1,2,['Front_Passenger'],['Shoulder_Lapbelt'],1,1,Invalid,0.0,0.0,24.0,24.0,"['Female', 'Female']",0,0,3,1,5,Dry,Straight,Level,Lowest,No
32311,48,Texas,481364,0,1,1,0,1,GRAND SALINE,May,22,Monday,14,16,Rural,High Speed (Arterial),No,32.67413889,-95.73175833,Non-Intersection,Daylight,Clear,Unknown,Unknown,Unknown EMS Scene Arrival Hour,Unknown EMS Scene Arrival Minutes,Not Applicable (Not Transported),Not Applicable (Not Transported),1,Daylight,Clear,1,0,['Driver'],['Shoulder_Lapbelt'],0,0,Valid,0.0,0.0,66.0,66.0,['Male'],1,0,3,1,3,Dry,Straight,Level,Lowest,No
32312,48,Texas,481365,0,3,3,0,5,DALLAS,May,19,Friday,18,27,Urban,High Speed (Arterial),Yes,32.76765,-96.87774722,Non-Intersection,Daylight,Rain,Unknown,Unknown if Notified,Unknown EMS Scene Arrival Hour,Unknown if Arrived,Not Applicable (Not Transported),Not Applicable (Not Transported),1,Daylight,Rain/Wind/Minor,1,4,['Driver'],['None_Used'],0,0,Valid,0.0,0.0,48.0,20.0,"['Male', 'Female', 'Male']",1,0,4,2,5,Wet/Standing Water,Straight,Level,Lowest,No
32313,48,Texas,481366,1,3,3,0,4,FORT WORTH,May,5,Friday,20,43,Urban,Medium Speed (Collector),No,32.95664444,-97.30988611,Non-Intersection,Dark - Not Lighted,Clear,Unknown,Unknown if Notified,Unknown EMS Scene Arrival Hour,Unknown if Arrived,Not Applicable (Not Transported),Not Applicable (Not Transported),1,Dark - Unlighted,Clear,0,3,[],[],0,0,Invalid,0.0,0.0,999.0,38.0,"['Other', 'Female', 'Male']",0,0,3,2,4,Dry,Straight,Level,Lowest,No
32314,48,Texas,481367,0,2,2,0,2,GAINESVILLE,May,24,Wednesday,14,9,Urban,High Speed (Arterial),Yes,33.64111389,-97.13720556,Complex/Circle,Daylight,Clear,2:00pm-2:59pm,8,2:00pm-2:59pm,22,3:00pm-3:59pm,10,1,Daylight,Clear,1,1,['Driver'],['None_Used'],0,0,Valid,0.0,0.0,58.0,28.0,"['Male', 'Female']",1,0,5,2,5,Dry,Straight,Level,Lowest,No
32315,48,Texas,481368,0,1,1,0,1,NOT APPLICABLE,May,22,Monday,7,22,Rural,Medium Speed (Collector),No,31.38805,-97.17352778,Non-Intersection,Dark - Not Lighted,Clear,Unknown,Unknown if Notified,Unknown EMS Scene Arrival Hour,Unknown if Arrived,Not Applicable (Not Transported),Not Applicable (Not Transported),1,Dark - Unlighted,Clear,1,0,['Driver'],['None_Used'],0,0,Valid,0.0,0.0,29.0,29.0,['Male'],1,0,5,1,2,Dry,Curve,Grade/Hillcrest,Lowest,No
32316,48,Texas,481369,1,1,1,0,1,NOT APPLICABLE,May,18,Thursday,1,25,Rural,High Speed (Arterial),Yes,29.08638056,-98.96089167,Non-Intersection,Dark - Not Lighted,Clear,Unknown,Unknown,Unknown EMS Scene Arrival Hour,Unknown EMS Scene Arrival Minutes,Not Applicable (Not Transported),Not Applicable (Not Transported),1,Dark - Unlighted,Clear,0,1,[],[],0,0,Invalid,0.0,0.0,20.0,20.0,['Female'],0,0,2,1,4,Dry,Straight,Level,Lowest,No
32317,48,Texas,481370,0,1,1,0,1,EL PASO,May,23,Tuesday,10,39,Urban,High Speed (Arterial),No,31.77411667,-106.36083611,Simple Junction,Daylight,Clear,Unknown,Unknown if Notified,Unknown EMS Scene Arrival Hour,Unknown if Arrived,Not Applicable (Not Transported),Not Applicable (Not Transported),1,Daylight,Clear,1,0,['Driver'],['None_Used'],0,0,Valid,0.0,0.0,18.0,18.0,['Male'],1,0,2,1,3,Dry,Curve,Level,Lowest,No
32318,48,Texas,481371,0,2,2,0,4,NOT APPLICABLE,May,15,Monday,17,56,Rural,Medium Speed (Collector),No,31.57725556,-97.83613056,Non-Intersection,Daylight,Rain,Unknown,Unknown,Unknown EMS Scene Arrival Hour,Unknown EMS Scene Arrival Minutes,Unknown,Unknown EMS Hospital Arrival Time,1,Daylight,Rain/Wind/Minor,1,3,['Rear_Seat'],['None_Used'],0,0,Valid,0.0,0.0,66.0,32.0,"['Male', 'Male']",3,0,3,4,5,Wet/Standing Water,Curve,Level,Lowest,No
32319,48,Texas,481372,0,2,2,0,9,EL PASO,May,21,Sunday,3,0,Urban,High Speed (Arterial),Yes,31.89885,-106.40891389,Complex/Circle,Dark - Lighted,Clear,3:00am-3:59am,0,3:00am-3:59am,5,Unknown,Unknown EMS Hospital Arrival Time,2,Dark - Lighted,Clear,2,7,"['Rear_Seat', 'Rear_Seat']","['Shoulder_Lapbelt', 'None_Used']",0,0,Valid,0.0,0.0,35.0,27.0,"['Male', 'Male']",0,0,3,1,5,Dry,Straight,Level,Lowest,No
32320,48,Texas,481373,0,1,1,0,5,LA MARQUE,May,22,Monday,23,15,Urban,High Speed (Arterial),Yes,29.37699722,-95.00610556,Non-Intersection,Dark - Not Lighted,Clear,Unknown,Unknown,Unknown EMS Scene Arrival Hour,Unknown EMS Scene Arrival Minutes,Unknown,Unknown EMS Hospital Arrival Time,1,Dark - Unlighted,Clear,1,4,['Driver'],['None_Used'],1,1,Invalid,2.0,1.0,26.0,26.0,['Female'],5,0,3,4,3,Dry,Straight,Grade/Hillcrest,Lowest,No
32321,48,Texas,481374,0,1,1,0,1,NOT APPLICABLE,May,22,Monday,21,48,Rural,Medium Speed (Collector),No,31.61997222,-95.490475,Non-Intersection,Dark - Not Lighted,Clear,Unknown,Unknown if Notified,Unknown EMS Scene Arrival Hour,Unknown if Arrived,Not Applicable (Not Transported),Not Applicable (Not Transported),1,Dark - Unlighted,Clear,1,0,['Driver'],['None_Used'],1,1,Valid,0.0,0.0,26.0,26.0,['Male'],1,0,2,1,3,Dry,Curve,Level,Lowest,No
32322,48,Texas,481375,0,2,2,0,2,FORT WORTH,May,23,Tuesday,2,26,Urban,High Speed (Arterial),Yes,32.70012778,-97.32066389,Non-Intersection,Dark - Lighted,Cloudy,Unknown,Unknown if Notified,Unknown EMS Scene Arrival Hour,Unknown if Arrived,Not Applicable (Not Transported),Not Applicable (Not Transported),1,Dark - Lighted,Reduced Visibility,1,1,['Driver'],['Shoulder_Lapbelt'],0,0,Valid,0.0,1.0,60.0,59.0,"['Male', 'Male']",1,0,4,1,5,Dry,Straight,Grade/Hillcrest,Lowest,No
32323,48,Texas,481376,0,2,2,0,2,SULPHUR SPRINGS,May,18,Thursday,17,7,Urban,High Speed (Arterial),Yes,33.157875,-95.61316667,Complex/Circle,Daylight,Cloudy,Unknown,Unknown,Unknown EMS Scene Arrival Hour,Unknown EMS Scene Arrival Minutes,Unknown,Unknown EMS Hospital Arrival Time,1,Daylight,Reduced Visibility,1,1,['Driver'],['Shoulder_Lapbelt'],0,0,Valid,0.0,0.0,68.0,52.0,"['Female', 'Male']",0,0,3,1,5,Dry,Straight,Level,Lowest,No
32324,48,Texas,481377,0,2,2,0,3,NOT APPLICABLE,May,12,Friday,10,6,Rural,High Speed (Arterial),Yes,33.49835556,-94.55684167,Non-Intersection,Daylight,Cloudy,Unknown,Unknown,Unknown EMS Scene Arrival Hour,Unknown EMS Scene Arrival Minutes,Unknown,Unknown EMS Hospital Arrival Time,1,Daylight,Reduced Visibility,1,2,['Driver'],['Shoulder_Lapbelt'],0,0,Valid,0.0,0.0,71.0,70.0,"['Female', 'Male']",0,0,3,1,5,Dry,Straight,Level,Lowest,No
32325,48,Texas,481378,0,1,1,0,4,NOT APPLICABLE,May,27,Saturday,14,5,Rural,High Speed (Arterial),Yes,32.461325,-98.63965833,Non-Intersection,Daylight,Rain,Unknown,Unknown,Unknown EMS Scene Arrival Hour,Unknown EMS Scene Arrival Minutes,Unknown,Unknown EMS Hospital Arrival Time,1,Daylight,Rain/Wind/Minor,1,3,['Rear_Seat'],['None_Used'],0,0,Invalid,0.0,0.0,52.0,52.0,['Male'],4,0,3,1,3,Wet/Standing Water,Curve,Grade/Hillcrest,Lowest,Yes
32326,48,Texas,481379,0,1,1,0,1,NOT APPLICABLE,May,29,Monday,2,42,Urban,High Speed (Arterial),Yes,29.95626389,-95.41841111,Non-Intersection,Dark - Lighted,Clear,Unknown,Unknown,Unknown EMS Scene Arrival Hour,Unknown EMS Scene Arrival Minutes,Unknown,Unknown EMS Hospital Arrival Time,1,Dark - Lighted,Clear,1,0,['Driver'],['None_Used'],1,1,Invalid,0.0,0.0,37.0,37.0,['Male'],1,0,2,1,3,Dry,Straight,Level,Lowest,No
32327,48,Texas,481380,0,1,1,0,1,NOT APPLICABLE,May,21,Sunday,22,55,Rural,Medium Speed (Collector),No,32.52225833,-98.04170278,Non-Intersection,Dark - Not Lighted,Cloudy,Unknown,Unknown if Notified,Unknown EMS Scene Arrival Hour,Unknown if Arrived,Not Applicable (Not Transported),Not Applicable (Not Transported),1,Dark - Unlighted,Reduced Visibility,1,0,['Driver'],['None_Used'],1,1,Invalid,0.0,0.0,32.0,32.0,['Male'],1,0,3,1,3,Dry,Curve,Level,Lowest,No
32328,48,Texas,481381,0,1,1,0,1,NOT APPLICABLE,May,22,Monday,23,18,Rural,High Speed (Arterial),Yes,32.10195556,-101.86551389,Non-Intersection,Dark - Lighted,Clear,Unknown,Unknown if Notified,Unknown EMS Scene Arrival Hour,Unknown if Arrived,Not Applicable (Not Transported),Not Applicable (Not Transported),1,Dark - Lighted,Clear,1,0,['Driver'],['None_Used'],0,0,Valid,0.0,0.0,26.0,26.0,['Male'],1,0,3,1,3,Dry,Curve,Level,Lowest,No
32329,48,Texas,481382,0,2,2,0,5,NOT APPLICABLE,May,21,Sunday,19,5,Rural,High Speed (Arterial),Yes,31.52196389,-96.1106,Non-Intersection,Daylight,Clear,Unknown,Unknown,Unknown EMS Scene Arrival Hour,Unknown EMS Scene Arrival Minutes,Unknown,Unknown EMS Hospital Arrival Time,1,Daylight,Clear,1,4,['Driver'],['None_Used'],1,1,Valid,0.0,1.0,50.0,49.0,"['Male', 'Female']",0,0,3,2,5,Dry,Straight,Level,Lowest,No
32330,48,Texas,481383,0,2,2,0,2,NOT APPLICABLE,May,22,Monday,11,19,Rural,High Speed (Arterial),Yes,31.76395278,-104.91296667,Non-Intersection,Daylight,Clear,Unknown,Unknown,Unknown EMS Scene Arrival Hour,Unknown EMS Scene Arrival Minutes,Unknown,Unknown EMS Hospital Arrival Time,1,Daylight,Clear,1,1,['Driver'],['Shoulder_Lapbelt'],0,0,Valid,0.0,1.0,56.0,49.0,"['Male', 'Male']",0,0,4,2,5,Dry,Straight,Level,Lowest,No
32331,48,Texas,481384,0,1,1,0,1,NOT APPLICABLE,May,14,Sunday,1,0,Rural,Low Speed (Local),No,32.55684167,-95.47413333,Non-Intersection,Dark - Not Lighted,Clear,Unknown,Unknown if Notified,Unknown EMS Scene Arrival Hour,Unknown if Arrived,Not Applicable (Not Transported),Not Applicable (Not Transported),1,Dark - Unlighted,Clear,1,0,['Driver'],['None_Used'],0,0,Valid,0.0,1.0,22.0,22.0,['Male'],1,0,3,1,2,Dry,Curve,Grade/Hillcrest,Lowest,No
32332,48,Texas,481385,0,1,1,0,1,NOT APPLICABLE,May,29,Monday,0,10,Urban,Medium Speed (Collector),No,30.08280833,-95.46241111,Non-Intersection,Dark - Not Lighted,Cloudy,Unknown,Unknown if Notified,Unknown EMS Scene Arrival Hour,Unknown if Arrived,Not Applicable (Not Transported),Not Applicable (Not Transported),1,Dark - Unlighted,Reduced Visibility,1,0,['Driver'],['None_Used'],1,1,Valid,1.0,1.0,21.0,21.0,['Male'],0,0,3,2,3,Dry,Straight,Level,Lowest,No
32333,48,Texas,481386,0,1,1,0,1,COLLEGE STATION,May,29,Monday,10,22,Urban,Medium Speed (Collector),No,30.58306111,-96.28843889,Non-Intersection,Daylight,Cloudy,Unknown,Unknown,Unknown EMS Scene Arrival Hour,Unknown EMS Scene Arrival Minutes,Unknown,Unknown EMS Hospital Arrival Time,1,Daylight,Reduced Visibility,1,0,['Driver'],['None_Used'],0,0,Valid,0.0,0.0,20.0,20.0,['Female'],1,0,5,1,2,Dry,Curve,Level,Lowest,No
32334,48,Texas,481387,0,2,2,0,3,EL PASO,May,25,Thursday,20,46,Urban,High Speed (Arterial),Yes,31.75201389,-106.47235556,Non-Intersection,Dark - Lighted,Clear,Unknown,Unknown,Unknown EMS Scene Arrival Hour,Unknown EMS Scene Arrival Minutes,Unknown,Unknown EMS Hospital Arrival Time,2,Dark - Lighted,Clear,2,1,"['Driver', 'Rear_Seat']","['None_Used', 'None_Used']",0,0,Valid,0.0,1.0,25.0,23.0,"['Male', 'Male']",2,0,5,1,5,Dry,Curve,Level,Lowest,No
32335,48,Texas,481388,0,2,2,0,1,NOT APPLICABLE,May,8,Monday,21,39,Rural,High Speed (Arterial),Yes,31.55296389,-100.51788889,Complex/Circle,Dark - Unknown Lighting,Clear,Unknown,Unknown,Unknown EMS Scene Arrival Hour,Unknown EMS Scene Arrival Minutes,Unknown,Unknown EMS Hospital Arrival Time,1,Dark - Unlighted,Clear,1,0,['Driver'],['None_Used'],0,0,Valid,0.0,0.0,71.0,71.0,['Male'],1,0,3,2,5,Dry,Straight,Level,Lowest,No
32336,48,Texas,481389,0,1,1,0,1,MIDLOTHIAN,May,14,Sunday,0,32,Urban,Medium Speed (Collector),No,32.49453611,-96.99274167,Non-Intersection,Dark - Not Lighted,Cloudy,0:00am-0:59am,33,0:00am-0:59am,39,0:00am-0:59am,58,1,Dark - Unlighted,Reduced Visibility,1,0,['Driver'],['None_Used'],1,1,Valid,0.0,0.0,46.0,46.0,['Male'],0,0,5,1,3,Dry,Straight,Level,Medium,No
32337,48,Texas,481390,0,1,1,0,1,NOT APPLICABLE,May,21,Sunday,8,40,Rural,High Speed (Arterial),No,33.09370833,-97.64630556,Simple Junction,Dark - Not Lighted,Clear,Unknown,Unknown if Notified,Unknown EMS Scene Arrival Hour,Unknown if Arrived,Not Applicable (Not Transported),Not Applicable (Not Transported),1,Dark - Unlighted,Clear,1,0,['Driver'],['None_Used'],0,0,Valid,0.0,0.0,70.0,70.0,['Male'],1,0,5,1,3,Dry,Curve,Level,Medium,No
32338,48,Texas,481391,0,2,2,0,2,WAXAHACHIE,May,24,Wednesday,6,35,Urban,Medium Speed (Collector),No,32.42069167,-96.89218333,Non-Intersection,Daylight,Rain,Unknown,Unknown,Unknown EMS Scene Arrival Hour,Unknown EMS Scene Arrival Minutes,Unknown,Unknown EMS Hospital Arrival Time,1,Daylight,Rain/Wind/Minor,1,1,['Driver'],['Shoulder_Lapbelt'],0,0,Valid,0.0,3.0,63.0,28.0,"['Male', 'Female']",1,0,3,4,5,Wet/Standing Water,Curve,Grade/Hillcrest,Lowest,No
32339,48,Texas,481392,0,1,1,0,1,AUSTIN,May,25,Thursday,14,42,Urban,High Speed (Arterial),Yes,30.25626111,-97.802,Non-Intersection,Daylight,Clear,Unknown,Unknown if Notified,Unknown EMS Scene Arrival Hour,Unknown if Arrived,Not Applicable (Not Transported),Not Applicable (Not Transported),1,Daylight,Clear,1,0,['Driver'],['None_Used'],0,0,Valid,0.0,1.0,33.0,33.0,['Male'],1,0,5,1,3,Dry,Straight,Level,Lowest,No
32340,48,Texas,481393,0,1,1,0,1,BELTON,May,25,Thursday,21,50,Rural,High Speed (Arterial),Yes,30.97475,-97.51590278,Non-Intersection,Dark - Not Lighted,Clear,Unknown,Unknown if Notified,Unknown EMS Scene Arrival Hour,Unknown if Arrived,Not Applicable (Not Transported),Not Applicable (Not Transported),1,Dark - Unlighted,Clear,1,0,['Driver'],['None_Used'],0,0,Valid,0.0,0.0,58.0,58.0,['Male'],0,0,4,2,3,Dry,Straight,Grade/Hillcrest,Medium,No
32341,48,Texas,481394,1,1,1,0,1,AUSTIN,May,20,Saturday,3,34,Urban,Medium Speed (Collector),No,30.20578611,-97.75750833,Non-Intersection,Dark - Not Lighted,Rain,Unknown,Unknown if Notified,Unknown EMS Scene Arrival Hour,Unknown if Arrived,Not Applicable (Not Transported),Not Applicable (Not Transported),1,Dark - Unlighted,Rain/Wind/Minor,0,1,[],[],0,0,Valid,0.0,0.0,43.0,43.0,['Male'],0,0,2,2,4,Wet/Standing Water,Straight,Grade/Hillcrest,Lowest,No
32342,48,Texas,481395,1,1,1,0,1,AUSTIN,May,26,Friday,0,56,Urban,Medium Speed (Collector),No,30.22732778,-97.77395556,Non-Intersection,Dark - Lighted,Clear,Unknown,Unknown,Unknown EMS Scene Arrival Hour,Unknown EMS Scene Arrival Minutes,Not Applicable (Not Transported),Not Applicable (Not Transported),1,Dark - Lighted,Clear,0,1,[],[],0,0,Valid,0.0,0.0,35.0,35.0,['Male'],0,0,2,1,4,Dry,Straight,Level,Lowest,No
32343,48,Texas,481396,0,1,1,0,1,NOT APPLICABLE,May,23,Tuesday,11,24,Rural,Medium Speed (Collector),No,32.90809167,-98.40249167,Non-Intersection,Daylight,Clear,Unknown,Unknown if Notified,Unknown EMS Scene Arrival Hour,Unknown if Arrived,Not Applicable (Not Transported),Not Applicable (Not Transported),1,Daylight,Clear,1,0,['Driver'],['Shoulder_Lapbelt'],0,0,Valid,0.0,0.0,29.0,29.0,['Male'],0,0,4,1,3,Dry,Straight,Level,Lowest,No
32344,48,Texas,481397,1,2,2,0,2,AUSTIN,May,29,Monday,6,13,Urban,Medium Speed (Collector),No,30.30443333,-97.64543611,Non-Intersection,Dark - Lighted,Clear,Unknown,Unknown if Notified,Unknown EMS Scene Arrival Hour,Unknown if Arrived,Not Applicable (Not Transported),Not Applicable (Not Transported),1,Dark - Lighted,Clear,0,2,[],[],0,0,Invalid,0.0,2.0,58.0,51.0,"['Male', 'Male']",0,0,3,1,4,Dry,Straight,Level,Lowest,No
32345,48,Texas,481398,0,2,2,0,3,NOT APPLICABLE,May,13,Saturday,7,37,Rural,Medium Speed (Collector),No,28.99560278,-96.18621389,Non-Intersection,Daylight,Cloudy,Unknown,Unknown,Unknown EMS Scene Arrival Hour,Unknown EMS Scene Arrival Minutes,Unknown,Unknown EMS Hospital Arrival Time,2,Daylight,Reduced Visibility,2,1,"['Driver', 'Front_Passenger']","['Shoulder_Lapbelt', 'None_Used']",0,0,Valid,1.0,2.0,75.0,35.0,"['Male', 'Male']",0,0,3,1,5,Dry,Straight,Level,Lowest,No
32346,48,Texas,481399,0,1,1,0,1,DALLAS,May,26,Friday,3,24,Urban,High Speed (Arterial),Yes,32.77079722,-96.80877778,Non-Intersection,Dark - Lighted,Clear,Unknown,Unknown,Unknown EMS Scene Arrival Hour,Unknown EMS Scene Arrival Minutes,Unknown,Unknown EMS Hospital Arrival Time,1,Dark - Lighted,Clear,1,0,['Driver'],['None_Used'],0,0,Valid,0.0,0.0,48.0,48.0,['Male'],0,0,5,1,3,Dry,Curve,Grade/Hillcrest,Lowest,No
32347,48,Texas,481400,0,2,2,0,3,FRISCO,May,24,Wednesday,21,35,Urban,Medium Speed (Collector),No,33.18985556,-96.83947222,Complex/Circle,Dark - Not Lighted,Clear,Unknown,Unknown,Unknown EMS Scene Arrival Hour,Unknown EMS Scene Arrival Minutes,Unknown,Unknown EMS Hospital Arrival Time,1,Dark - Unlighted,Clear,1,2,['Driver'],['None_Used'],0,0,Valid,1.0,2.0,45.0,36.0,"['Male', 'Male']",0,0,5,1,5,Dry,Straight,Level,Lowest,No