,State_Code,State_Name,Crash_ID,Count_Non_Motorists,Count_Vehicles_Total,Count_Vehicle_Forms,Count_PVH_Involved,Count_Occupants_MV,City_Name,Month_Name,Day_of_Month,Day_of_Week,Crash_Hour,Crash_Minute,Area_Rural_Urban,Road_Functional_Class,On_NHS_Road,Latitude,Longitude,Intersection_Type,Light_Condition,Weather_Condition,Notif_Hour,Notif_Minute,Arrival_Hour,Arrival_Minute,Hospital_Hour,Hospital_Minute,Fatalities_Count,Clean_Light_Condition,Clean_Weather_Condition,Total_Killed,Total_Alive,Fatal_Seats_List,Killed_Restraint_List,Any_Driver_Drinking,Total_Drinking_Drivers,Driver_License_Category,Driver_Max_Prev_Accident_Count,Driver_Max_Prev_Speeding_Count,Max_Driver_Age,Min_Driver_Age,Driver_Sex_List,Total_Exceeding_Limit_Vehicles,Total_Too_Fast_Vehicles,Max_Vehicle_Type_Severity_5,Max_Vehicle_Damage_Rank,Max_Harmful_Event_Severity,Crash_Road_Surface_Condition,Crash_Horizontal_Alignment,Crash_Vertical_Profile,Crash_Impairment_Category,Crash_Vehicle_Defect
32348,48,Texas,481402,0,2,2,0,3,LIBERTY HILL,May,20,Saturday,6,37,Rural,High Speed (Arterial),Yes,30.67476667,-97.93206389,Complex/Circle,Dawn,Clear,Unknown,Unknown if Notified,Unknown EMS Scene Arrival Hour,Unknown if Arrived,Not Applicable (Not Transported),Not Applicable (Not Transported),1,Twilight,Clear,1,2,['Driver'],['Shoulder_Lapbelt'],0,0,Invalid,1.0,0.0,60.0,55.0,"['Female', 'Male']",0,0,4,1,5,Dry,Curve,Level,Lowest,No
32349,48,Texas,481403,0,2,2,0,2,STEPHENVILLE,May,22,Monday,13,24,Urban,Medium Speed (Collector),No,32.22506389,-98.22417222,Simple Junction,Daylight,Clear,Unknown,Unknown if Notified,Unknown EMS Scene Arrival Hour,Unknown if Arrived,Not Applicable (Not Transported),Not Applicable (Not Transported),1,Daylight,Clear,1,1,['Driver'],['Shoulder_Lapbelt'],0,0,Valid,0.0,0.0,71.0,63.0,"['Female', 'Female']",0,0,3,1,5,Dry,Straight,Level,Lowest,No
32350,48,Texas,481404,0,2,2,0,3,NOT APPLICABLE,May,26,Friday,12,43,Rural,High Speed (Arterial),No,32.726625,-96.201625,Simple Junction,Daylight,Clear,Unknown,Unknown,Unknown EMS Scene Arrival Hour,Unknown EMS Scene Arrival Minutes,Unknown,Unknown EMS Hospital Arrival Time,1,Daylight,Clear,1,2,['Front_Passenger'],['Shoulder_Lapbelt'],0,0,Valid,0.0,0.0,56.0,36.0,"['Female', 'Male']",0,0,4,1,5,Dry,Straight,Level,Lowest,No
32351,48,Texas,481405,0,5,5,0,12,LONGVIEW,May,29,Monday,17,3,Urban,High Speed (Arterial),Yes,32.54959444,-94.7284,Complex/Circle,Daylight,Cloudy,Unknown,Unknown,Unknown EMS Scene Arrival Hour,Unknown EMS Scene Arrival Minutes,Unknown,Unknown EMS Hospital Arrival Time,2,Daylight,Reduced Visibility,2,10,"['Driver', 'Rear_Seat']","['Shoulder_Lapbelt', 'None_Used']",0,0,Invalid,1.0,2.0,48.0,19.0,"['Female', 'Male', 'Male', 'Male', 'Female']",2,0,3,2,5,Dry,Straight,Level,Lowest,No
32352,48,Texas,481406,0,3,3,0,3,MCALLEN,May,29,Monday,3,11,Urban,High Speed (Arterial),Yes,26.313625,-98.24786944,Complex/Circle,Dark - Not Lighted,Clear,Unknown,Unknown,Unknown EMS Scene Arrival Hour,Unknown EMS Scene Arrival Minutes,Unknown,Unknown EMS Hospital Arrival Time,1,Dark - Unlighted,Clear,1,2,['Driver'],['Shoulder_Lapbelt'],1,1,Valid,0.0,0.0,47.0,26.0,"['Male', 'Male', 'Male']",1,0,3,1,5,Dry,Straight,Level,Lowest,No
32353,48,Texas,481407,1,1,1,0,1,LUFKIN,May,31,Wednesday,21,3,Urban,High Speed (Arterial),Yes,31.34170278,-94.71795,Non-Intersection,Dark - Not Lighted,Clear,Unknown,Unknown,Unknown EMS Scene Arrival Hour,Unknown EMS Scene Arrival Minutes,Unknown,Unknown EMS Hospital Arrival Time,1,Dark - Unlighted,Clear,0,1,[],[],0,0,Invalid,0.0,0.0,22.0,22.0,['Female'],0,0,2,1,4,Dry,Straight,Level,Lowest,No
32354,48,Texas,481408,1,1,1,0,2,WAXAHACHIE,May,23,Tuesday,21,45,Urban,High Speed (Arterial),Yes,32.4302,-96.83851667,Non-Intersection,Dark - Not Lighted,Clear,Unknown,Unknown,Unknown EMS Scene Arrival Hour,Unknown EMS Scene Arrival Minutes,Unknown,Unknown EMS Hospital Arrival Time,1,Dark - Unlighted,Clear,0,2,[],[],0,0,Valid,0.0,0.0,52.0,52.0,['Male'],0,0,3,2,4,Dry,Straight,Level,Lowest,No
32355,48,Texas,481409,0,2,2,0,2,NOT APPLICABLE,May,24,Wednesday,16,53,Rural,Medium Speed (Collector),No,32.21576111,-101.83050556,Non-Intersection,Daylight,Clear,Unknown,Unknown,Unknown EMS Scene Arrival Hour,Unknown EMS Scene Arrival Minutes,Unknown,Unknown EMS Hospital Arrival Time,1,Daylight,Clear,1,1,['Driver'],['Shoulder_Lapbelt'],0,0,Invalid,0.0,0.0,67.0,37.0,"['Male', 'Male']",0,0,4,4,5,Dry,Straight,Level,Lowest,No
32356,48,Texas,481410,1,1,1,0,3,CONROE,May,20,Saturday,3,38,Urban,High Speed (Arterial),Yes,30.32669444,-95.46505833,Non-Intersection,Dark - Lighted,Cloudy,Unknown,Unknown if Notified,Unknown EMS Scene Arrival Hour,Unknown if Arrived,Not Applicable (Not Transported),Not Applicable (Not Transported),1,Dark - Lighted,Reduced Visibility,0,3,[],[],1,1,Invalid,0.0,0.0,21.0,21.0,['Male'],3,0,3,1,4,Dry,Straight,Level,Lowest,No
32357,48,Texas,481411,0,2,2,0,2,CARROLLTON,May,31,Wednesday,6,38,Urban,Medium Speed (Collector),No,32.96037222,-96.85360278,Complex/Circle,Daylight,Clear,Unknown,Unknown,Unknown EMS Scene Arrival Hour,Unknown EMS Scene Arrival Minutes,Unknown,Unknown EMS Hospital Arrival Time,2,Daylight,Clear,2,0,"['Driver', 'Driver']","['None_Used', 'None_Used']",0,0,Valid,0.0,0.0,43.0,26.0,"['Male', 'Male']",1,0,5,4,5,Dry,Straight,Level,Lowest,No
32358,48,Texas,481412,0,1,1,0,1,AUSTIN,May,26,Friday,23,12,Urban,Medium Speed (Collector),No,30.37126944,-97.72113056,Non-Intersection,Dark - Lighted,Clear,Unknown,Unknown if Notified,Unknown EMS Scene Arrival Hour,Unknown if Arrived,Not Applicable (Not Transported),Not Applicable (Not Transported),1,Dark - Lighted,Clear,1,0,['Driver'],['Shoulder_Lapbelt'],1,1,Valid,0.0,0.0,36.0,36.0,['Male'],1,0,2,1,3,Dry,Curve,Level,Lowest,No
32359,48,Texas,481413,0,2,2,0,3,NOT APPLICABLE,May,24,Wednesday,8,54,Rural,Medium Speed (Collector),No,31.03079444,-101.46287222,Non-Intersection,Daylight,Clear,Unknown,Unknown,Unknown EMS Scene Arrival Hour,Unknown EMS Scene Arrival Minutes,Unknown,Unknown EMS Hospital Arrival Time,1,Daylight,Clear,1,2,['Driver'],['Shoulder_Lapbelt'],0,0,Valid,0.0,1.0,41.0,22.0,"['Male', 'Male']",0,0,4,4,5,Dry,Curve,Level,Lowest,No
32360,48,Texas,481414,1,1,1,0,1,BELTON,May,26,Friday,6,13,Urban,High Speed (Arterial),No,31.06438889,-97.46069444,Simple Junction,Dawn,Clear,Unknown,Unknown,Unknown EMS Scene Arrival Hour,Unknown EMS Scene Arrival Minutes,Unknown,Unknown EMS Hospital Arrival Time,1,Twilight,Clear,0,1,[],[],0,0,Valid,0.0,0.0,61.0,61.0,['Male'],0,0,3,1,4,Dry,Straight,Level,Lowest,No
32361,48,Texas,481415,1,1,1,0,1,NOT APPLICABLE,May,8,Monday,4,28,Rural,High Speed (Arterial),Yes,34.24431944,-99.45948056,Non-Intersection,Dark - Not Lighted,Clear,Unknown,Unknown if Notified,Unknown EMS Scene Arrival Hour,Unknown if Arrived,Not Applicable (Not Transported),Not Applicable (Not Transported),1,Dark - Unlighted,Clear,0,1,[],[],0,0,Valid,0.0,0.0,36.0,36.0,['Male'],0,0,4,2,4,Dry,Straight,Level,Lowest,No
32362,48,Texas,481416,0,1,1,0,1,NOT APPLICABLE,May,7,Sunday,21,4,Rural,High Speed (Arterial),Yes,27.34586389,-98.12549444,Non-Intersection,Dark - Not Lighted,Rain,Unknown,Unknown if Notified,Unknown EMS Scene Arrival Hour,Unknown if Arrived,Not Applicable (Not Transported),Not Applicable (Not Transported),1,Dark - Unlighted,Rain/Wind/Minor,1,0,['Driver'],['Shoulder_Lapbelt'],0,0,Valid,0.0,0.0,60.0,60.0,['Male'],0,0,4,1,3,Wet/Standing Water,Straight,Level,Lowest,No
32363,48,Texas,481417,0,2,2,0,3,NOT APPLICABLE,May,18,Thursday,3,38,Urban,High Speed (Arterial),No,29.87993333,-95.69626111,Non-Intersection,Dark - Not Lighted,Clear,Unknown,Unknown,Unknown EMS Scene Arrival Hour,Unknown EMS Scene Arrival Minutes,Unknown,Unknown EMS Hospital Arrival Time,1,Dark - Unlighted,Clear,1,2,['Driver'],['None_Used'],1,1,Valid,0.0,0.0,34.0,33.0,"['Male', 'Male']",1,0,5,2,5,Dry,Straight,Level,Lowest,No
32364,48,Texas,481418,1,1,1,0,1,HOUSTON,May,10,Wednesday,3,40,Urban,Medium Speed (Collector),No,29.81934167,-95.56993333,Non-Intersection,Dark - Lighted,Clear,Unknown,Unknown if Notified,Unknown EMS Scene Arrival Hour,Unknown if Arrived,Not Applicable (Not Transported),Not Applicable (Not Transported),1,Dark - Lighted,Clear,0,1,[],[],0,0,Valid,0.0,0.0,57.0,57.0,['Male'],0,0,3,3,4,Wet/Standing Water,Straight,Level,Lowest,No
32365,48,Texas,481419,0,2,2,0,2,MONT BELVIEU,May,23,Tuesday,17,50,Rural,High Speed (Arterial),Yes,29.86900833,-94.89298056,Simple Junction,Daylight,Clear,Unknown,Unknown,Unknown EMS Scene Arrival Hour,Unknown EMS Scene Arrival Minutes,Unknown,Unknown EMS Hospital Arrival Time,1,Daylight,Clear,1,1,['Driver'],['None_Used'],0,0,Valid,1.0,2.0,31.0,22.0,"['Male', 'Male']",0,0,3,4,5,Dry,Straight,Level,Lowest,No
32366,48,Texas,481420,0,1,1,0,1,KILLEEN,May,30,Tuesday,10,14,Urban,High Speed (Arterial),Yes,31.07649444,-97.75193056,Simple Junction,Daylight,Clear,Unknown,Unknown,Unknown EMS Scene Arrival Hour,Unknown EMS Scene Arrival Minutes,Unknown,Unknown EMS Hospital Arrival Time,1,Daylight,Clear,1,0,['Driver'],['None_Used'],0,0,Valid,0.0,0.0,41.0,41.0,['Female'],1,0,3,1,3,Dry,Straight,Level,Lowest,No
32367,48,Texas,481421,1,1,1,0,2,LUBBOCK,May,27,Saturday,5,2,Urban,High Speed (Arterial),Yes,33.58418333,-101.88989444,Non-Intersection,Dark - Lighted,Cloudy,Unknown,Unknown,Unknown EMS Scene Arrival Hour,Unknown EMS Scene Arrival Minutes,Unknown,Unknown EMS Hospital Arrival Time,1,Dark - Lighted,Reduced Visibility,0,2,[],[],0,0,Valid,1.0,0.0,22.0,22.0,['Male'],0,0,2,2,4,Wet/Standing Water,Straight,Level,Lowest,No
32368,48,Texas,481422,0,2,1,1,1,DENTON,May,31,Wednesday,6,29,Urban,Low Speed (Local),No,33.25280833,-97.10587778,Non-Intersection,Dark - Lighted,Clear,Unknown,Unknown if Notified,Unknown EMS Scene Arrival Hour,Unknown if Arrived,Not Applicable (Not Transported),Not Applicable (Not Transported),1,Dark - Lighted,Clear,1,0,['Driver'],['Shoulder_Lapbelt'],0,0,Invalid,0.0,0.0,29.0,29.0,['Male'],0,0,2,2,5,Dry,Straight,Level,Lowest,No
32369,48,Texas,481423,0,2,2,0,4,MONT BELVIEU,May,17,Wednesday,11,0,Rural,Medium Speed (Collector),No,29.86291389,-94.86933611,Non-Intersection,Daylight,Clear,Unknown,Unknown,Unknown EMS Scene Arrival Hour,Unknown EMS Scene Arrival Minutes,Unknown,Unknown EMS Hospital Arrival Time,2,Daylight,Clear,2,2,"['Driver', 'Rear_Seat']","['Shoulder_Lapbelt', 'Shoulder_Lapbelt']",0,0,Valid,1.0,0.0,52.0,40.0,"['Male', 'Female']",3,0,4,4,5,Dry,Straight,Level,Lowest,No
32370,48,Texas,481424,0,2,2,0,9,NOT APPLICABLE,April,25,Tuesday,6,50,Urban,Medium Speed (Collector),No,29.81425,-95.69292778,Simple Junction,Daylight,Clear,Unknown,Unknown,Unknown EMS Scene Arrival Hour,Unknown EMS Scene Arrival Minutes,Unknown,Unknown EMS Hospital Arrival Time,1,Daylight,Clear,1,8,['Driver'],['Shoulder_Lapbelt'],0,0,Valid,1.0,0.0,63.0,27.0,"['Female', 'Female']",0,0,3,2,5,Dry,Straight,Level,Lowest,No
32371,48,Texas,481425,0,1,1,0,2,SAN ANTONIO,May,25,Thursday,23,14,Urban,Low Speed (Local),No,29.65023889,-98.6179,Complex/Circle,Dark - Not Lighted,Clear,Unknown,Unknown,Unknown EMS Scene Arrival Hour,Unknown EMS Scene Arrival Minutes,Unknown,Unknown EMS Hospital Arrival Time,1,Dark - Unlighted,Clear,1,1,['Front_Passenger'],['None_Used'],1,1,Valid,0.0,0.0,53.0,53.0,['Male'],0,0,5,1,1,Dry,Straight,Level,Lowest,No
32372,48,Texas,481426,2,1,1,0,1,SAN ANTONIO,May,25,Thursday,21,3,Urban,Medium Speed (Collector),No,29.36666389,-98.50401389,Non-Intersection,Dark - Lighted,Clear,Unknown,Unknown if Notified,Unknown EMS Scene Arrival Hour,Unknown if Arrived,Not Applicable (Not Transported),Not Applicable (Not Transported),1,Dark - Lighted,Clear,0,1,[],[],0,0,Valid,0.0,1.0,26.0,26.0,['Female'],0,0,2,1,4,Dry,Straight,Level,Lowest,No
32373,48,Texas,481427,1,3,2,1,4,HENDERSON,May,24,Wednesday,15,32,Urban,High Speed (Arterial),Yes,32.189675,-94.80410278,Non-Intersection,Daylight,Clear,Unknown,Unknown,Unknown EMS Scene Arrival Hour,Unknown EMS Scene Arrival Minutes,Unknown,Unknown EMS Hospital Arrival Time,1,Daylight,Clear,1,3,['Driver'],['Shoulder_Lapbelt'],0,0,Valid,0.0,1.0,70.0,69.0,"['Female', 'Female']",0,0,3,1,5,Dry,Straight,Non-Trafficway,Lowest,No
32374,48,Texas,481428,0,1,1,0,1,MERCEDES,May,22,Monday,20,40,Urban,Medium Speed (Collector),No,26.15943889,-97.88879722,Non-Intersection,Dark - Lighted,Clear,Unknown,Unknown if Notified,Unknown EMS Scene Arrival Hour,Unknown if Arrived,Not Applicable (Not Transported),Not Applicable (Not Transported),1,Dark - Lighted,Clear,1,0,['Driver'],['None_Used'],0,0,Valid,0.0,0.0,24.0,24.0,['Male'],1,0,5,1,3,Dry,Straight,Grade/Hillcrest,Lowest,No
32375,48,Texas,481429,0,1,1,0,1,HOUSTON,April,5,Wednesday,19,25,Urban,High Speed (Arterial),Yes,29.93976111,-95.41093333,Non-Intersection,Daylight,Clear,Unknown,Unknown if Notified,Unknown EMS Scene Arrival Hour,Unknown if Arrived,Not Applicable (Not Transported),Not Applicable (Not Transported),1,Daylight,Clear,1,0,['Driver'],['None_Used'],1,1,Valid,0.0,0.0,57.0,57.0,['Female'],1,0,3,1,3,Dry,Curve,Level,Lowest,No
32376,48,Texas,481430,0,2,2,0,2,DALLAS,May,18,Thursday,10,27,Urban,High Speed (Arterial),Yes,32.85655,-96.77025278,Non-Intersection,Daylight,Clear,Unknown,Unknown,Unknown EMS Scene Arrival Hour,Unknown EMS Scene Arrival Minutes,Not Applicable (Not Transported),Not Applicable (Not Transported),1,Daylight,Clear,1,1,['Driver'],['None_Used'],0,0,Invalid,0.0,1.0,91.0,53.0,"['Male', 'Female']",0,0,5,2,5,Dry,Curve,Level,Lowest,Yes
32377,48,Texas,481431,0,2,2,0,2,NOT APPLICABLE,May,16,Tuesday,6,0,Rural,High Speed (Arterial),Yes,31.13906111,-96.7231,Complex/Circle,Dark - Not Lighted,"Fog, Smog, Smoke",Unknown,Unknown if Notified,Unknown EMS Scene Arrival Hour,Unknown if Arrived,Not Applicable (Not Transported),Not Applicable (Not Transported),1,Dark - Unlighted,Reduced Visibility,1,1,['Driver'],['Shoulder_Lapbelt'],0,0,Valid,0.0,0.0,43.0,32.0,"['Male', 'Male']",0,0,3,1,5,Dry,Straight,Level,Lowest,No
32378,48,Texas,481432,1,1,1,0,1,FRISCO,May,24,Wednesday,21,25,Urban,Medium Speed (Collector),No,33.138875,-96.80558056,Non-Intersection,Dark - Lighted,Clear,Unknown,Unknown,Unknown EMS Scene Arrival Hour,Unknown EMS Scene Arrival Minutes,Unknown,Unknown EMS Hospital Arrival Time,1,Dark - Lighted,Clear,0,1,[],[],0,0,Valid,0.0,1.0,36.0,36.0,['Male'],0,0,3,1,4,Dry,Straight,Level,Lowest,No
32379,48,Texas,481433,0,1,1,0,2,NOT APPLICABLE,May,21,Sunday,17,32,Urban,High Speed (Arterial),Yes,26.23460278,-98.03746111,Non-Intersection,Daylight,Cloudy,Unknown,Unknown,Unknown EMS Scene Arrival Hour,Unknown EMS Scene Arrival Minutes,Unknown,Unknown EMS Hospital Arrival Time,1,Daylight,Reduced Visibility,1,1,['Front_Passenger'],['Shoulder_Lapbelt'],0,0,Invalid,0.0,0.0,54.0,54.0,['Male'],2,0,3,1,3,Wet/Standing Water,Straight,Level,Lowest,No
32380,48,Texas,481434,0,2,2,0,3,ELGIN,May,18,Thursday,22,26,Urban,High Speed (Arterial),Yes,30.34734167,-97.38305,Complex/Circle,Dark - Lighted,Clear,Unknown,Unknown,Unknown EMS Scene Arrival Hour,Unknown EMS Scene Arrival Minutes,Unknown,Unknown EMS Hospital Arrival Time,1,Dark - Lighted,Clear,1,2,['Front_Passenger'],['Shoulder_Lapbelt'],0,0,Valid,0.0,0.0,28.0,25.0,"['Male', 'Male']",0,0,3,1,5,Dry,Straight,Level,Lowest,No
32381,48,Texas,481435,1,1,1,0,5,DALLAS,May,21,Sunday,20,52,Urban,High Speed (Arterial),Yes,32.769325,-96.756225,Complex/Circle,Dark - Not Lighted,Clear,Unknown,Unknown,Unknown EMS Scene Arrival Hour,Unknown EMS Scene Arrival Minutes,Not Applicable (Not Transported),Not Applicable (Not Transported),1,Dark - Unlighted,Clear,0,5,[],[],0,0,Valid,0.0,0.0,64.0,64.0,['Male'],0,0,3,2,4,Dry,Straight,Level,Lowest,No
32382,48,Texas,481436,1,1,1,0,2,MESQUITE,June,1,Thursday,21,26,Urban,Medium Speed (Collector),No,32.809925,-96.65477778,Non-Intersection,Dark - Lighted,Cloudy,Unknown,Unknown if Notified,Unknown EMS Scene Arrival Hour,Unknown if Arrived,Not Applicable (Not Transported),Not Applicable (Not Transported),1,Dark - Lighted,Reduced Visibility,0,2,[],[],0,0,Valid,0.0,0.0,77.0,77.0,['Male'],0,0,2,1,4,Dry,Straight,Grade/Hillcrest,Lowest,No
32383,48,Texas,481437,1,1,1,0,2,BROWNSVILLE,June,4,Sunday,20,18,Urban,Medium Speed (Collector),No,25.91698611,-97.40849167,Non-Intersection,Dark - Lighted,Rain,Unknown,Unknown if Notified,Unknown EMS Scene Arrival Hour,Unknown if Arrived,Not Applicable (Not Transported),Not Applicable (Not Transported),1,Dark - Lighted,Rain/Wind/Minor,0,2,[],[],0,0,Valid,1.0,1.0,36.0,36.0,['Male'],0,0,3,2,4,Wet/Standing Water,Straight,Level,Lowest,No
32384,48,Texas,481439,0,1,1,0,1,HOUSTON,May,20,Saturday,4,50,Urban,High Speed (Arterial),Yes,29.732875,-95.37381389,Non-Intersection,Dark - Lighted,Clear,Unknown,Unknown if Notified,Unknown EMS Scene Arrival Hour,Unknown if Arrived,Not Applicable (Not Transported),Not Applicable (Not Transported),1,Dark - Lighted,Clear,1,0,['Driver'],['None_Used'],1,1,Valid,0.0,2.0,25.0,25.0,['Male'],0,0,5,1,3,Dry,Curve,Level,Lowest,No
32385,48,Texas,481440,1,1,1,0,1,ABILENE,June,3,Saturday,5,12,Urban,High Speed (Arterial),Yes,32.44282222,-99.66449167,Non-Intersection,Dark - Not Lighted,Cloudy,Unknown,Unknown if Notified,Unknown EMS Scene Arrival Hour,Unknown if Arrived,Not Applicable (Not Transported),Not Applicable (Not Transported),1,Dark - Unlighted,Reduced Visibility,0,1,[],[],0,0,Valid,2.0,1.0,45.0,45.0,['Male'],0,0,4,1,4,Dry,Straight,Level,Lowest,No
32386,48,Texas,481441,0,4,4,0,5,NOT APPLICABLE,June,1,Thursday,10,0,Rural,High Speed (Arterial),Yes,34.40052222,-100.12907222,Non-Intersection,Daylight,Cloudy,Unknown,Unknown,Unknown EMS Scene Arrival Hour,Unknown EMS Scene Arrival Minutes,Unknown,Unknown EMS Hospital Arrival Time,3,Daylight,Reduced Visibility,3,2,"['Driver', 'Driver', 'Front_Passenger']","['Shoulder_Lapbelt', 'Shoulder_Lapbelt', 'Shoulder_Lapbelt']",0,0,Valid,0.0,1.0,66.0,47.0,"['Male', 'Male', 'Male', 'Male']",1,0,4,1,5,Dry,Straight,Level,Lowest,No
32387,48,Texas,481442,0,2,2,0,6,NOT APPLICABLE,May,26,Friday,21,44,Rural,High Speed (Arterial),Yes,29.78656111,-98.32956111,Non-Intersection,Dark - Not Lighted,Clear,Unknown,Unknown,Unknown EMS Scene Arrival Hour,Unknown EMS Scene Arrival Minutes,Unknown,Unknown EMS Hospital Arrival Time,2,Dark - Unlighted,Clear,2,4,"['Driver', 'Rear_Seat']","['Shoulder_Lapbelt', 'None_Used']",1,1,Valid,1.0,0.0,67.0,33.0,"['Male', 'Male']",1,0,3,1,5,Dry,Curve,Grade/Hillcrest,Lowest,No
32388,48,Texas,481443,0,1,1,0,2,NOT APPLICABLE,May,26,Friday,0,50,Urban,High Speed (Arterial),Yes,31.77999167,-102.37889444,Non-Intersection,Dark - Not Lighted,Clear,Unknown,Unknown,Unknown EMS Scene Arrival Hour,Unknown EMS Scene Arrival Minutes,Unknown,Unknown EMS Hospital Arrival Time,1,Dark - Unlighted,Clear,1,1,['Front_Passenger'],['Shoulder_Lapbelt'],1,1,Invalid,0.0,0.0,30.0,30.0,['Male'],0,0,2,1,2,Dry,Curve,Level,Lowest,No
32389,48,Texas,481444,0,1,1,0,1,NOT APPLICABLE,May,27,Saturday,20,13,Rural,Medium Speed (Collector),No,29.39067778,-99.02102778,Non-Intersection,Dusk,Clear,Unknown,Unknown,Unknown EMS Scene Arrival Hour,Unknown EMS Scene Arrival Minutes,Unknown,Unknown EMS Hospital Arrival Time,1,Twilight,Clear,1,0,['Driver'],['Shoulder_Lapbelt'],0,0,Valid,0.0,0.0,23.0,23.0,['Male'],1,0,3,1,3,Dry,Curve,Grade/Hillcrest,Lowest,No
32390,48,Texas,481445,1,2,2,0,2,EL PASO,June,3,Saturday,4,52,Urban,High Speed (Arterial),Yes,31.77759722,-106.43332222,Non-Intersection,Dark - Lighted,Clear,Unknown,Unknown if Notified,Unknown EMS Scene Arrival Hour,Unknown if Arrived,Not Applicable (Not Transported),Not Applicable (Not Transported),1,Dark - Lighted,Clear,0,2,[],[],0,0,Invalid,0.0,0.0,58.0,44.0,"['Male', 'Male']",0,0,3,1,4,Dry,Straight,Level,Lowest,No
32391,48,Texas,481446,0,2,2,0,2,Other,June,2,Friday,2,27,Urban,Medium Speed (Collector),No,30.47629722,-97.66169722,Non-Intersection,Dark - Lighted,Clear,Unknown,Unknown,Unknown EMS Scene Arrival Hour,Unknown EMS Scene Arrival Minutes,Unknown,Unknown EMS Hospital Arrival Time,1,Dark - Lighted,Clear,1,1,['Driver'],['None_Used'],1,1,Valid,0.0,0.0,36.0,24.0,"['Male', 'Female']",1,0,5,1,5,Dry,Straight,Level,Lowest,No
32392,48,Texas,481447,0,1,1,0,1,NOT APPLICABLE,June,1,Thursday,1,13,Rural,Low Speed (Local),No,33.642125,-102.58008611,Non-Intersection,Dark - Not Lighted,Cloudy,Unknown,Unknown,Unknown EMS Scene Arrival Hour,Unknown EMS Scene Arrival Minutes,Not Applicable (Not Transported),Not Applicable (Not Transported),1,Dark - Unlighted,Reduced Visibility,1,0,['Driver'],['None_Used'],1,1,Valid,0.0,0.0,38.0,38.0,['Female'],0,0,3,1,3,Dry,Straight,Level,Lowest,No
32393,48,Texas,481448,0,2,2,0,3,NOT APPLICABLE,June,1,Thursday,14,22,Rural,Medium Speed (Collector),No,32.44520556,-97.66776667,Simple Junction,Daylight,Cloudy,Unknown,Unknown,Unknown EMS Scene Arrival Hour,Unknown EMS Scene Arrival Minutes,Unknown,Unknown EMS Hospital Arrival Time,1,Daylight,Reduced Visibility,1,2,['Front_Passenger'],['Shoulder_Lapbelt'],0,0,Valid,0.0,2.0,34.0,27.0,"['Female', 'Male']",0,0,3,1,5,Dry,Curve,Grade/Hillcrest,Lowest,No
32394,48,Texas,481449,0,1,1,0,1,LUFKIN,May,30,Tuesday,16,26,Urban,Medium Speed (Collector),No,31.27956944,-94.73129722,Non-Intersection,Daylight,Clear,Unknown,Unknown,Unknown EMS Scene Arrival Hour,Unknown EMS Scene Arrival Minutes,Unknown,Unknown EMS Hospital Arrival Time,1,Daylight,Clear,1,0,['Driver'],['None_Used'],0,0,Valid,0.0,0.0,62.0,62.0,['Male'],0,0,5,1,3,Dry,Straight,Level,Lowest,No
32395,48,Texas,481450,0,2,2,0,2,SAN ANTONIO,June,1,Thursday,15,54,Urban,Medium Speed (Collector),No,29.38148056,-98.52816389,Non-Intersection,Daylight,Clear,Unknown,Unknown,Unknown EMS Scene Arrival Hour,Unknown EMS Scene Arrival Minutes,Unknown,Unknown EMS Hospital Arrival Time,1,Daylight,Clear,1,1,['Driver'],['None_Used'],0,0,Invalid,0.0,0.0,40.0,37.0,"['Male', 'Male']",1,0,5,1,5,Dry,Straight,Level,Lowest,No
32396,48,Texas,481451,0,2,2,0,2,NOT APPLICABLE,June,4,Sunday,9,30,Rural,Medium Speed (Collector),No,31.51742778,-100.16100556,Non-Intersection,Daylight,Clear,Unknown,Unknown,Unknown EMS Scene Arrival Hour,Unknown EMS Scene Arrival Minutes,Unknown,Unknown EMS Hospital Arrival Time,1,Daylight,Clear,1,1,['Driver'],['None_Used'],0,0,Valid,0.0,1.0,46.0,32.0,"['Female', 'Male']",0,0,4,1,5,Dry,Straight,Level,Lowest,No
32397,48,Texas,481452,0,1,1,0,3,CORPUS CHRISTI,May,31,Wednesday,2,39,Urban,Medium Speed (Collector),No,27.73973611,-97.39673333,Non-Intersection,Dark - Unknown Lighting,Clear,Unknown,Unknown,Unknown EMS Scene Arrival Hour,Unknown EMS Scene Arrival Minutes,Unknown,Unknown EMS Hospital Arrival Time,2,Dark - Unlighted,Clear,2,1,"['Driver', 'Front_Passenger']","['Shoulder_Lapbelt', 'Shoulder_Lapbelt']",1,1,Valid,0.0,0.0,25.0,25.0,['Female'],3,0,2,1,3,Dry,Straight,Level,Lowest,Yes
32398,48,Texas,481453,0,2,2,0,4,NOT APPLICABLE,May,27,Saturday,0,51,Rural,High Speed (Arterial),Yes,31.51639167,-96.107125,Non-Intersection,Dark - Not Lighted,Clear,Unknown,Unknown,Unknown EMS Scene Arrival Hour,Unknown EMS Scene Arrival Minutes,Unknown,Unknown EMS Hospital Arrival Time,3,Dark - Unlighted,Clear,3,1,"['Driver', 'Driver', 'Rear_Seat']","['Shoulder_Lapbelt', 'Shoulder_Lapbelt', 'None_Used']",0,0,Valid,1.0,1.0,33.0,28.0,"['Female', 'Male']",0,0,3,1,5,Dry,Straight,Grade/Hillcrest,Lowest,No