,State_Code,State_Name,Crash_ID,Count_Non_Motorists,Count_Vehicles_Total,Count_Vehicle_Forms,Count_PVH_Involved,Count_Occupants_MV,City_Name,Month_Name,Day_of_Month,Day_of_Week,Crash_Hour,Crash_Minute,Area_Rural_Urban,Road_Functional_Class,On_NHS_Road,Latitude,Longitude,Intersection_Type,Light_Condition,Weather_Condition,Notif_Hour,Notif_Minute,Arrival_Hour,Arrival_Minute,Hospital_Hour,Hospital_Minute,Fatalities_Count,Clean_Light_Condition,Clean_Weather_Condition,Total_Killed,Total_Alive,Fatal_Seats_List,Killed_Restraint_List,Any_Driver_Drinking,Total_Drinking_Drivers,Driver_License_Category,Driver_Max_Prev_Accident_Count,Driver_Max_Prev_Speeding_Count,Max_Driver_Age,Min_Driver_Age,Driver_Sex_List,Total_Exceeding_Limit_Vehicles,Total_Too_Fast_Vehicles,Max_Vehicle_Type_Severity_5,Max_Vehicle_Damage_Rank,Max_Harmful_Event_Severity,Crash_Road_Surface_Condition,Crash_Horizontal_Alignment,Crash_Vertical_Profile,Crash_Impairment_Category,Crash_Vehicle_Defect
32399,48,Texas,481454,0,2,2,0,3,NOT APPLICABLE,May,16,Tuesday,16,25,Rural,Medium Speed (Collector),No,27.73988889,-97.65202222,Complex/Circle,Daylight,Clear,Unknown,Unknown,Unknown EMS Scene Arrival Hour,Unknown EMS Scene Arrival Minutes,Unknown,Unknown EMS Hospital Arrival Time,2,Daylight,Clear,2,1,"['Driver', 'Rear_Seat']","['Shoulder_Lapbelt', 'Shoulder_Lapbelt']",0,0,Valid,1.0,1.0,51.0,24.0,"['Female', 'Female']",0,0,3,1,5,Dry,Straight,Level,Lowest,No
32400,48,Texas,481455,0,1,1,0,3,CLEVELAND,May,21,Sunday,2,28,Urban,Medium Speed (Collector),No,30.36593889,-95.0764,Non-Intersection,Dark - Not Lighted,Clear,Unknown,Unknown,Unknown EMS Scene Arrival Hour,Unknown EMS Scene Arrival Minutes,Unknown,Unknown EMS Hospital Arrival Time,1,Dark - Unlighted,Clear,1,2,['Front_Passenger'],['None_Used'],0,0,Invalid,0.0,0.0,19.0,19.0,['Male'],3,0,3,1,3,Dry,Curve,Level,Lowest,No
32401,48,Texas,481456,0,1,1,0,1,NOT APPLICABLE,May,27,Saturday,13,45,Rural,High Speed (Arterial),Yes,34.15349167,-99.24946667,Non-Intersection,Daylight,Clear,Unknown,Unknown if Notified,Unknown EMS Scene Arrival Hour,Unknown if Arrived,Not Applicable (Not Transported),Not Applicable (Not Transported),1,Daylight,Clear,1,0,['Driver'],['None_Used'],0,0,Valid,0.0,0.0,43.0,43.0,['Male'],0,0,5,1,3,Dry,Straight,Level,Lowest,No
32402,48,Texas,481457,0,1,1,0,3,NOT APPLICABLE,May,29,Monday,0,44,Rural,Medium Speed (Collector),No,33.57807222,-95.66067222,Non-Intersection,Dark - Not Lighted,Clear,Unknown,Unknown,Unknown EMS Scene Arrival Hour,Unknown EMS Scene Arrival Minutes,Unknown,Unknown EMS Hospital Arrival Time,1,Dark - Unlighted,Clear,1,2,['Front_Passenger'],['None_Used'],1,1,Invalid,0.0,0.0,18.0,18.0,['Male'],0,0,3,1,3,Dry,Curve,Grade/Hillcrest,Lowest,No
32403,48,Texas,481458,0,1,1,0,1,SAN ANTONIO,June,6,Tuesday,2,35,Urban,Medium Speed (Collector),No,29.54214444,-98.37942222,Non-Intersection,Dark - Lighted,Cloudy,Unknown,Unknown,Unknown EMS Scene Arrival Hour,Unknown EMS Scene Arrival Minutes,Not Applicable (Not Transported),Not Applicable (Not Transported),1,Dark - Lighted,Reduced Visibility,1,0,['Driver'],['None_Used'],1,1,Invalid,0.0,0.0,26.0,26.0,['Male'],1,0,2,1,3,Dry,Curve,Grade/Hillcrest,Lowest,No
32404,48,Texas,481459,0,1,1,0,2,HOUSTON,May,5,Friday,21,13,Urban,High Speed (Arterial),Yes,29.70761389,-95.37570278,Non-Intersection,Dark - Not Lighted,Clear,Unknown,Unknown,Unknown EMS Scene Arrival Hour,Unknown EMS Scene Arrival Minutes,Unknown,Unknown EMS Hospital Arrival Time,1,Dark - Unlighted,Clear,1,1,['Driver'],['None_Used'],1,1,Valid,2.0,0.0,26.0,26.0,['Female'],2,0,2,1,3,Dry,Straight,Level,Lowest,No
32405,48,Texas,481460,1,1,1,0,1,LUBBOCK,June,4,Sunday,21,45,Urban,High Speed (Arterial),Yes,33.59464722,-101.81468056,Non-Intersection,Dark - Not Lighted,Clear,Unknown,Unknown if Notified,Unknown EMS Scene Arrival Hour,Unknown if Arrived,Not Applicable (Not Transported),Not Applicable (Not Transported),1,Dark - Unlighted,Clear,0,1,[],[],0,0,Valid,0.0,0.0,20.0,20.0,['Female'],0,0,3,2,4,Dry,Straight,Level,Lowest,No
32406,48,Texas,481461,0,3,3,0,5,NOT APPLICABLE,May,29,Monday,15,41,Urban,High Speed (Arterial),No,32.17403333,-94.3611,Complex/Circle,Daylight,Cloudy,Unknown,Unknown,Unknown EMS Scene Arrival Hour,Unknown EMS Scene Arrival Minutes,Unknown,Unknown EMS Hospital Arrival Time,1,Daylight,Reduced Visibility,1,4,['Driver'],['Shoulder_Lapbelt'],0,0,Valid,0.0,0.0,63.0,22.0,"['Female', 'Male', 'Female']",0,0,3,2,5,Dry,Straight,Level,Lowest,No
32407,48,Texas,481462,0,2,2,0,5,NOT APPLICABLE,May,7,Sunday,15,50,Rural,Medium Speed (Collector),No,31.28860556,-97.21724722,Non-Intersection,Daylight,Clear,Unknown,Unknown,Unknown EMS Scene Arrival Hour,Unknown EMS Scene Arrival Minutes,Unknown,Unknown EMS Hospital Arrival Time,1,Daylight,Clear,1,4,['Driver'],['Shoulder_Lapbelt'],0,0,Valid,0.0,1.0,35.0,29.0,"['Female', 'Male']",1,0,3,1,5,Dry,Straight,Grade/Hillcrest,Lowest,No
32408,48,Texas,481463,1,1,1,0,1,MCKINNEY,April,16,Sunday,0,30,Urban,Medium Speed (Collector),No,33.16989444,-96.67355556,Non-Intersection,Dark - Lighted,Clear,Unknown,Unknown,Unknown EMS Scene Arrival Hour,Unknown EMS Scene Arrival Minutes,Unknown,Unknown EMS Hospital Arrival Time,1,Dark - Lighted,Clear,0,1,[],[],0,0,Valid,0.0,0.0,20.0,20.0,['Female'],0,0,2,1,4,Dry,Straight,Level,Lowest,No
32409,48,Texas,481464,0,3,3,0,3,HOUSTON,March,28,Tuesday,9,57,Urban,Medium Speed (Collector),No,29.81339444,-95.31725278,Complex/Circle,Daylight,Cloudy,Unknown,Unknown,Unknown EMS Scene Arrival Hour,Unknown EMS Scene Arrival Minutes,Unknown,Unknown EMS Hospital Arrival Time,1,Daylight,Reduced Visibility,1,2,['Driver'],['Shoulder_Lapbelt'],0,0,Valid,0.0,0.0,72.0,58.0,"['Female', 'Female', 'Female']",0,0,2,1,5,Dry,Straight,Level,Lowest,No
32410,48,Texas,481465,0,1,1,0,1,NOT APPLICABLE,April,30,Sunday,23,40,Rural,Medium Speed (Collector),No,31.35778056,-96.16136667,Non-Intersection,Dark - Not Lighted,Clear,Unknown,Unknown if Notified,Unknown EMS Scene Arrival Hour,Unknown if Arrived,Not Applicable (Not Transported),Not Applicable (Not Transported),1,Dark - Unlighted,Clear,1,0,['Driver'],['None_Used'],0,0,Invalid,0.0,0.0,53.0,53.0,['Female'],0,0,3,1,3,Dry,Straight,Level,Medium,No
32411,48,Texas,481466,0,2,2,0,3,NOT APPLICABLE,June,6,Tuesday,9,5,Rural,Medium Speed (Collector),No,30.91765833,-95.81187778,Simple Junction,Daylight,Clear,Unknown,Unknown,Unknown EMS Scene Arrival Hour,Unknown EMS Scene Arrival Minutes,Unknown,Unknown EMS Hospital Arrival Time,1,Daylight,Clear,1,2,['Driver'],['None_Used'],0,0,Invalid,0.0,0.0,53.0,28.0,"['Male', 'Male']",0,0,4,1,5,Dry,Straight,Level,Lowest,No
32412,48,Texas,481467,0,1,1,0,1,NOT APPLICABLE,June,6,Tuesday,8,5,Rural,Medium Speed (Collector),No,30.25880556,-100.57537778,Non-Intersection,Daylight,Cloudy,Unknown,Unknown,Unknown EMS Scene Arrival Hour,Unknown EMS Scene Arrival Minutes,Not Applicable (Not Transported),Not Applicable (Not Transported),1,Daylight,Reduced Visibility,1,0,['Driver'],['Shoulder_Lapbelt'],0,0,Valid,0.0,1.0,20.0,20.0,['Male'],0,0,3,4,3,Dry,Straight,Level,Medium,No
32413,48,Texas,481468,0,2,2,0,2,NOT APPLICABLE,March,25,Saturday,8,55,Urban,Medium Speed (Collector),No,29.895275,-95.30097222,Complex/Circle,Daylight,Clear,Unknown,Unknown,Unknown EMS Scene Arrival Hour,Unknown EMS Scene Arrival Minutes,Unknown,Unknown EMS Hospital Arrival Time,1,Daylight,Clear,1,0,['Driver'],['None_Used'],0,0,Valid,0.0,0.0,999.0,67.0,"['Male', 'Male']",0,0,5,1,5,Dry,Straight,Grade/Hillcrest,Lowest,No
32414,48,Texas,481469,0,2,2,0,4,Other,May,12,Friday,14,33,Rural,High Speed (Arterial),Yes,32.096525,-102.09635833,Simple Junction,Daylight,Cloudy,Unknown,Unknown,Unknown EMS Scene Arrival Hour,Unknown EMS Scene Arrival Minutes,Unknown,Unknown EMS Hospital Arrival Time,1,Daylight,Reduced Visibility,1,3,['Driver'],['Shoulder_Lapbelt'],0,0,Valid,0.0,0.0,71.0,25.0,"['Male', 'Female']",0,0,3,1,5,Dry,Straight,Level,Lowest,No
32415,48,Texas,481470,0,2,2,0,3,NOT APPLICABLE,May,12,Friday,23,10,Rural,High Speed (Arterial),Yes,29.95858611,-95.41834722,Non-Intersection,Dark - Not Lighted,Cloudy,Unknown,Unknown if Notified,Unknown EMS Scene Arrival Hour,Unknown if Arrived,Not Applicable (Not Transported),Not Applicable (Not Transported),1,Dark - Unlighted,Reduced Visibility,1,1,['Front_Passenger'],['None_Used'],1,1,Invalid,0.0,0.0,999.0,35.0,"['Other', 'Male']",0,0,3,1,5,Dry,Straight,Level,Lowest,No
32416,48,Texas,481471,0,1,1,0,1,NOT APPLICABLE,May,30,Tuesday,15,24,Rural,High Speed (Arterial),Yes,32.492725,-94.32538333,Non-Intersection,Daylight,Cloudy,Unknown,Unknown if Notified,Unknown EMS Scene Arrival Hour,Unknown if Arrived,Not Applicable (Not Transported),Not Applicable (Not Transported),1,Daylight,Reduced Visibility,1,0,['Driver'],['Shoulder_Lapbelt'],0,0,Valid,1.0,0.0,68.0,68.0,['Female'],0,0,3,1,3,Dry,Straight,Grade/Hillcrest,Lowest,Yes
32417,48,Texas,481472,0,2,2,0,4,NOT APPLICABLE,May,7,Sunday,14,0,Rural,Medium Speed (Collector),No,30.94912778,-95.54698611,Non-Intersection,Daylight,Clear,Unknown,Unknown,Unknown EMS Scene Arrival Hour,Unknown EMS Scene Arrival Minutes,Unknown,Unknown EMS Hospital Arrival Time,1,Daylight,Clear,1,3,['Driver'],['Shoulder_Lapbelt'],0,0,Valid,0.0,1.0,55.0,46.0,"['Male', 'Male']",0,0,3,1,5,Dry,Curve,Grade/Hillcrest,Lowest,Yes
32418,48,Texas,481473,1,1,1,0,1,NOT APPLICABLE,May,31,Wednesday,3,20,Urban,High Speed (Arterial),No,29.90148056,-95.43203611,Non-Intersection,Dark - Not Lighted,Cloudy,Unknown,Unknown,Unknown EMS Scene Arrival Hour,Unknown EMS Scene Arrival Minutes,Not Applicable (Not Transported),Not Applicable (Not Transported),1,Dark - Unlighted,Reduced Visibility,0,1,[],[],0,0,Valid,0.0,0.0,32.0,32.0,['Male'],0,0,2,2,4,Dry,Straight,Level,Lowest,No
32419,48,Texas,481474,0,1,1,0,1,GARLAND,May,12,Friday,4,54,Urban,Medium Speed (Collector),No,32.8482,-96.60440556,Non-Intersection,Dark - Unknown Lighting,Cloudy,Unknown,Unknown if Notified,Unknown EMS Scene Arrival Hour,Unknown if Arrived,Not Applicable (Not Transported),Not Applicable (Not Transported),1,Dark - Unlighted,Reduced Visibility,1,0,['Driver'],['Shoulder_Lapbelt'],1,1,Valid,0.0,1.0,26.0,26.0,['Male'],1,0,2,1,2,Dry,Curve,Level,Lowest,No
32420,48,Texas,481475,0,1,1,0,2,NOT APPLICABLE,June,3,Saturday,10,44,Rural,Medium Speed (Collector),No,30.868925,-99.49463889,Simple Junction,Daylight,Clear,Unknown,Unknown,Unknown EMS Scene Arrival Hour,Unknown EMS Scene Arrival Minutes,Unknown,Unknown EMS Hospital Arrival Time,2,Daylight,Clear,2,0,"['Driver', 'Front_Passenger']","['None_Used', 'None_Used']",0,0,Valid,0.0,0.0,80.0,80.0,['Male'],2,0,3,1,3,Dry,Curve,Level,Lowest,No
32421,48,Texas,481476,0,3,3,0,8,KILLEEN,June,3,Saturday,16,18,Urban,Medium Speed (Collector),No,31.07579167,-97.68848889,Simple Junction,Daylight,Clear,Unknown,Unknown,Unknown EMS Scene Arrival Hour,Unknown EMS Scene Arrival Minutes,Unknown,Unknown EMS Hospital Arrival Time,1,Daylight,Clear,1,7,['Driver'],['None_Used'],0,0,Invalid,0.0,0.0,47.0,18.0,"['Male', 'Female', 'Male']",2,0,4,1,5,Dry,Straight,Grade/Hillcrest,Lowest,No
32422,48,Texas,481477,1,1,1,0,1,HOUSTON,April,2,Sunday,0,41,Urban,High Speed (Arterial),No,29.83269167,-95.41065278,Non-Intersection,Dark - Not Lighted,Clear,Unknown,Unknown,Unknown EMS Scene Arrival Hour,Unknown EMS Scene Arrival Minutes,Unknown,Unknown EMS Hospital Arrival Time,1,Dark - Unlighted,Clear,0,1,[],[],1,1,Valid,0.0,0.0,53.0,53.0,['Female'],0,0,2,1,4,Dry,Straight,Level,Lowest,No
32423,48,Texas,481478,0,1,1,0,2,NOT APPLICABLE,May,29,Monday,12,37,Rural,High Speed (Arterial),No,32.19353056,-101.50251944,Non-Intersection,Daylight,Clear,Unknown,Unknown,Unknown EMS Scene Arrival Hour,Unknown EMS Scene Arrival Minutes,Unknown,Unknown EMS Hospital Arrival Time,2,Daylight,Clear,2,0,"['Driver', 'Front_Passenger']","['None_Used', 'None_Used']",0,0,Valid,0.0,0.0,56.0,56.0,['Male'],0,0,4,1,3,Dry,Straight,Grade/Hillcrest,Lowest,Yes
32424,48,Texas,481479,0,1,1,0,1,DALLAS,June,7,Wednesday,14,0,Urban,High Speed (Arterial),Yes,32.69911667,-96.64628889,Non-Intersection,Daylight,Clear,Unknown,Unknown,Unknown EMS Scene Arrival Hour,Unknown EMS Scene Arrival Minutes,Unknown,Unknown EMS Hospital Arrival Time,1,Daylight,Clear,1,0,['Driver'],['Shoulder_Lapbelt'],0,0,Valid,0.0,2.0,55.0,55.0,['Male'],0,0,3,1,2,Dry,Curve,Level,Lowest,No
32425,48,Texas,481480,0,2,2,0,3,WICHITA FALLS,June,3,Saturday,0,15,Urban,High Speed (Arterial),Yes,33.94788333,-98.51880833,Non-Intersection,Dark - Lighted,Cloudy,Unknown,Unknown,Unknown EMS Scene Arrival Hour,Unknown EMS Scene Arrival Minutes,Unknown,Unknown EMS Hospital Arrival Time,1,Dark - Lighted,Reduced Visibility,1,2,['Driver'],['Shoulder_Lapbelt'],1,1,Valid,0.0,2.0,39.0,25.0,"['Male', 'Male']",0,0,3,1,5,Wet/Standing Water,Straight,Level,Lowest,No
32426,48,Texas,481481,1,1,1,0,1,NOT APPLICABLE,June,1,Thursday,12,23,Urban,Medium Speed (Collector),No,29.777625,-95.12461944,Complex/Circle,Daylight,Clear,Unknown,Unknown if Notified,Unknown EMS Scene Arrival Hour,Unknown if Arrived,Not Applicable (Not Transported),Not Applicable (Not Transported),1,Daylight,Clear,0,1,[],[],0,0,Valid,0.0,1.0,37.0,37.0,['Male'],0,0,4,1,4,Dry,Straight,Level,Lowest,No
32427,48,Texas,481482,1,1,1,0,1,NOT APPLICABLE,June,1,Thursday,17,7,Urban,High Speed (Arterial),Yes,29.89743333,-95.63730833,Complex/Circle,Daylight,Clear,Unknown,Unknown,Unknown EMS Scene Arrival Hour,Unknown EMS Scene Arrival Minutes,Unknown,Unknown EMS Hospital Arrival Time,1,Daylight,Clear,0,1,[],[],0,0,Valid,0.0,0.0,60.0,60.0,['Male'],0,0,3,1,4,Dry,Straight,Level,Lowest,No
32428,48,Texas,481483,0,1,1,0,1,NOT APPLICABLE,June,6,Tuesday,12,58,Rural,High Speed (Arterial),Yes,32.39075,-99.342875,Non-Intersection,Daylight,Clear,Unknown,Unknown,Unknown EMS Scene Arrival Hour,Unknown EMS Scene Arrival Minutes,Not Applicable (Not Transported),Not Applicable (Not Transported),1,Daylight,Clear,1,0,['Driver'],['None_Used'],0,0,Valid,0.0,1.0,45.0,45.0,['Male'],0,0,4,4,2,Dry,Straight,Level,Lowest,No
32429,48,Texas,481484,0,1,1,0,1,DALLAS,May,15,Monday,0,7,Urban,Medium Speed (Collector),No,32.89523333,-96.85708889,Non-Intersection,Dark - Lighted,Clear,Unknown,Unknown if Notified,Unknown EMS Scene Arrival Hour,Unknown if Arrived,Not Applicable (Not Transported),Not Applicable (Not Transported),1,Dark - Lighted,Clear,1,0,['Driver'],['Shoulder_Lapbelt'],0,0,Valid,0.0,0.0,19.0,19.0,['Male'],1,0,2,1,3,Dry,Straight,Level,Lowest,No
32430,48,Texas,481485,0,1,1,0,1,NOT APPLICABLE,May,31,Wednesday,19,59,Rural,High Speed (Arterial),Yes,33.47052778,-94.24674722,Non-Intersection,Daylight,Clear,Unknown,Unknown,Unknown EMS Scene Arrival Hour,Unknown EMS Scene Arrival Minutes,Not Applicable (Not Transported),Not Applicable (Not Transported),1,Daylight,Clear,1,0,['Driver'],['Shoulder_Lapbelt'],0,0,Valid,1.0,0.0,49.0,49.0,['Male'],0,0,3,4,3,Dry,Straight,Level,Lowest,No
32431,48,Texas,481486,0,2,2,0,3,NOT APPLICABLE,May,26,Friday,18,45,Urban,Medium Speed (Collector),No,30.14535278,-97.67344444,Simple Junction,Daylight,Clear,Unknown,Unknown,Unknown EMS Scene Arrival Hour,Unknown EMS Scene Arrival Minutes,Unknown,Unknown EMS Hospital Arrival Time,1,Daylight,Clear,1,2,['Driver'],['None_Used'],1,1,Valid,0.0,0.0,56.0,36.0,"['Male', 'Male']",0,0,5,1,5,Dry,Curve,Level,Lowest,No
32432,48,Texas,481487,0,2,2,0,3,GALVESTON,May,28,Sunday,13,0,Urban,High Speed (Arterial),Yes,29.28871111,-94.84796667,Non-Intersection,Daylight,Clear,Unknown,Unknown if Notified,Unknown EMS Scene Arrival Hour,Unknown if Arrived,Not Applicable (Not Transported),Not Applicable (Not Transported),1,Daylight,Clear,1,2,['Driver'],['None_Used'],1,1,Valid,0.0,1.0,64.0,35.0,"['Male', 'Male']",1,0,5,2,5,Dry,Curve,Grade/Hillcrest,Lowest,No
32433,48,Texas,481488,0,2,2,0,3,NOT APPLICABLE,June,3,Saturday,12,55,Rural,Medium Speed (Collector),No,32.62166667,-95.21386944,Non-Intersection,Daylight,Cloudy,Unknown,Unknown,Unknown EMS Scene Arrival Hour,Unknown EMS Scene Arrival Minutes,Unknown,Unknown EMS Hospital Arrival Time,1,Daylight,Reduced Visibility,1,2,['Driver'],['Shoulder_Lapbelt'],0,0,Valid,1.0,1.0,65.0,16.0,"['Male', 'Male']",0,0,3,1,5,Dry,Curve,Level,Lowest,No
32434,48,Texas,481489,0,2,2,0,2,NOT APPLICABLE,May,25,Thursday,12,11,Rural,Medium Speed (Collector),No,29.6645,-98.31424444,Non-Intersection,Daylight,Clear,Unknown,Unknown,Unknown EMS Scene Arrival Hour,Unknown EMS Scene Arrival Minutes,Unknown,Unknown EMS Hospital Arrival Time,1,Daylight,Clear,1,1,['Driver'],['Shoulder_Lapbelt'],0,0,Valid,1.0,0.0,43.0,28.0,"['Male', 'Female']",0,0,3,1,5,Dry,Curve,Level,Lowest,No
32435,48,Texas,481490,0,1,1,0,1,AUSTIN,May,7,Sunday,21,20,Rural,Medium Speed (Collector),No,30.23257222,-97.98886944,Non-Intersection,Dark - Not Lighted,Clear,Unknown,Unknown if Notified,Unknown EMS Scene Arrival Hour,Unknown if Arrived,Not Applicable (Not Transported),Not Applicable (Not Transported),1,Dark - Unlighted,Clear,1,0,['Driver'],['None_Used'],0,0,Valid,0.0,0.0,38.0,38.0,['Female'],1,0,2,1,3,Dry,Curve,Level,Lowest,No
32436,48,Texas,481491,0,3,3,0,4,NOT APPLICABLE,May,27,Saturday,17,11,Rural,High Speed (Arterial),Yes,29.80133056,-98.10646667,Non-Intersection,Daylight,Clear,Unknown,Unknown,Unknown EMS Scene Arrival Hour,Unknown EMS Scene Arrival Minutes,Unknown,Unknown EMS Hospital Arrival Time,1,Daylight,Clear,1,3,['Driver'],['Shoulder_Lapbelt'],0,0,Valid,0.0,0.0,76.0,29.0,"['Male', 'Male', 'Female']",0,0,3,1,5,Dry,Straight,Level,Lowest,No
32437,48,Texas,481492,0,2,2,0,6,PORT ARTHUR,June,5,Monday,23,49,Urban,High Speed (Arterial),Yes,29.88558333,-94.00536944,Simple Junction,Dark - Lighted,Cloudy,Unknown,Unknown,Unknown EMS Scene Arrival Hour,Unknown EMS Scene Arrival Minutes,Unknown,Unknown EMS Hospital Arrival Time,2,Dark - Lighted,Reduced Visibility,2,4,"['Rear_Seat', 'Rear_Seat']","['Shoulder_Lapbelt', 'Shoulder_Lapbelt']",0,0,Valid,0.0,0.0,57.0,39.0,"['Male', 'Male']",1,0,4,1,5,Dry,Straight,Level,Lowest,No
32438,48,Texas,481493,0,2,2,0,3,PORT ARTHUR,June,6,Tuesday,6,11,Rural,Medium Speed (Collector),No,29.79651667,-93.94878611,Non-Intersection,Daylight,Cloudy,Unknown,Unknown if Notified,Unknown EMS Scene Arrival Hour,Unknown if Arrived,Not Applicable (Not Transported),Not Applicable (Not Transported),1,Daylight,Reduced Visibility,1,2,['Driver'],['Shoulder_Lapbelt'],0,0,Valid,1.0,1.0,38.0,27.0,"['Male', 'Male']",0,0,2,2,5,Dry,Straight,Level,Lowest,No
32439,48,Texas,481494,0,1,1,0,1,HOUSTON,June,2,Friday,3,10,Urban,Medium Speed (Collector),No,29.75130556,-95.59241111,Non-Intersection,Dark - Lighted,Clear,Unknown,Unknown if Notified,Unknown EMS Scene Arrival Hour,Unknown if Arrived,Not Applicable (Not Transported),Not Applicable (Not Transported),1,Dark - Lighted,Clear,1,0,['Driver'],['None_Used'],1,1,Valid,0.0,0.0,19.0,19.0,['Male'],1,0,2,1,3,Dry,Straight,Level,Lowest,No
32440,48,Texas,481495,1,1,1,0,1,HOUSTON,April,22,Saturday,0,39,Urban,High Speed (Arterial),No,29.86987778,-95.39184722,Non-Intersection,Dark - Lighted,Clear,Unknown,Unknown if Notified,Unknown EMS Scene Arrival Hour,Unknown if Arrived,Not Applicable (Not Transported),Not Applicable (Not Transported),1,Dark - Lighted,Clear,0,0,[],[],0,0,Invalid,0.0,0.0,999.0,999.0,['Other'],0,0,1,1,4,Dry,Straight,Level,Lowest,No
32441,48,Texas,481496,0,2,2,0,3,NOT APPLICABLE,May,28,Sunday,17,51,Rural,Medium Speed (Collector),No,30.01423889,-98.06368889,Non-Intersection,Daylight,Clear,Unknown,Unknown,Unknown EMS Scene Arrival Hour,Unknown EMS Scene Arrival Minutes,Unknown,Unknown EMS Hospital Arrival Time,1,Daylight,Clear,1,2,['Driver'],['Shoulder_Lapbelt'],0,0,Valid,0.0,0.0,40.0,40.0,"['Male', 'Male']",0,0,3,1,5,Dry,Straight,Level,Lowest,No
32442,48,Texas,481497,2,2,2,0,1,NOT APPLICABLE,June,2,Friday,18,5,Urban,High Speed (Arterial),Yes,32.69535,-97.525625,Non-Intersection,Daylight,Clear,Unknown,Unknown if Notified,Unknown EMS Scene Arrival Hour,Unknown if Arrived,Not Applicable (Not Transported),Not Applicable (Not Transported),2,Daylight,Clear,0,1,[],[],0,0,Valid,1.0,1.0,27.0,27.0,['Male'],0,0,3,2,5,Dry,Straight,Grade/Hillcrest,Lowest,No
32443,48,Texas,481498,0,1,1,0,1,NOT APPLICABLE,June,3,Saturday,21,50,Rural,Medium Speed (Collector),No,29.31816111,-98.24043889,Non-Intersection,Dark - Not Lighted,Clear,Unknown,Unknown if Notified,Unknown EMS Scene Arrival Hour,Unknown if Arrived,Not Applicable (Not Transported),Not Applicable (Not Transported),1,Dark - Unlighted,Clear,1,0,['Driver'],['None_Used'],1,1,Valid,1.0,0.0,40.0,40.0,['Male'],1,0,5,4,3,Dry,Curve,Level,Lowest,No
32444,48,Texas,481499,0,1,1,0,1,FORT WORTH,June,9,Friday,23,38,Urban,Medium Speed (Collector),No,32.76900278,-97.30156944,Complex/Circle,Dark - Lighted,Clear,Unknown,Unknown if Notified,Unknown EMS Scene Arrival Hour,Unknown if Arrived,Not Applicable (Not Transported),Not Applicable (Not Transported),1,Dark - Lighted,Clear,1,0,['Driver'],['None_Used'],1,1,Valid,0.0,0.0,22.0,22.0,['Female'],1,0,2,1,3,Dry,Curve,Level,Lowest,No
32445,48,Texas,481500,0,3,3,0,5,TYLER,June,9,Friday,18,46,Urban,High Speed (Arterial),Yes,32.3193,-95.34207222,Simple Junction,Daylight,Clear,Unknown,Unknown,Unknown EMS Scene Arrival Hour,Unknown EMS Scene Arrival Minutes,Unknown,Unknown EMS Hospital Arrival Time,1,Daylight,Clear,1,4,['Driver'],['Shoulder_Lapbelt'],0,0,Valid,0.0,0.0,78.0,19.0,"['Male', 'Male', 'Female']",0,0,3,2,5,Dry,Straight,Grade/Hillcrest,Lowest,No
32446,48,Texas,481501,0,2,2,0,4,NOT APPLICABLE,June,4,Sunday,2,56,Urban,High Speed (Arterial),Yes,35.18743333,-101.645475,Non-Intersection,Dark - Not Lighted,Clear,Unknown,Unknown,Unknown EMS Scene Arrival Hour,Unknown EMS Scene Arrival Minutes,Unknown,Unknown EMS Hospital Arrival Time,1,Dark - Unlighted,Clear,1,3,['Driver'],['Shoulder_Lapbelt'],0,0,Valid,1.0,1.0,33.0,22.0,"['Male', 'Male']",0,0,4,1,5,Dry,Straight,Level,Lowest,No
32447,48,Texas,481502,0,1,1,0,1,PRAIRIE VIEW,March,11,Saturday,23,55,Urban,Low Speed (Local),No,30.07683889,-96.01180556,Non-Intersection,Dark - Not Lighted,Clear,Unknown,Unknown,Unknown EMS Scene Arrival Hour,Unknown EMS Scene Arrival Minutes,Unknown,Unknown EMS Hospital Arrival Time,1,Dark - Unlighted,Clear,1,0,['Driver'],['None_Used'],1,1,Valid,0.0,0.0,34.0,34.0,['Male'],1,0,2,1,3,Dry,Straight,Level,Lowest,No
32448,48,Texas,481503,0,3,3,0,4,NOT APPLICABLE,June,7,Wednesday,10,10,Rural,High Speed (Arterial),Yes,31.85165,-95.50974722,Non-Intersection,Daylight,Cloudy,Unknown,Unknown,Unknown EMS Scene Arrival Hour,Unknown EMS Scene Arrival Minutes,Unknown,Unknown EMS Hospital Arrival Time,1,Daylight,Reduced Visibility,1,3,['Front_Passenger'],['Shoulder_Lapbelt'],0,0,Invalid,0.0,0.0,68.0,33.0,"['Female', 'Female', 'Male']",0,0,3,1,5,Dry,Curve,Level,Medium,No