,State_Code,State_Name,Crash_ID,Count_Non_Motorists,Count_Vehicles_Total,Count_Vehicle_Forms,Count_PVH_Involved,Count_Occupants_MV,City_Name,Month_Name,Day_of_Month,Day_of_Week,Crash_Hour,Crash_Minute,Area_Rural_Urban,Road_Functional_Class,On_NHS_Road,Latitude,Longitude,Intersection_Type,Light_Condition,Weather_Condition,Notif_Hour,Notif_Minute,Arrival_Hour,Arrival_Minute,Hospital_Hour,Hospital_Minute,Fatalities_Count,Clean_Light_Condition,Clean_Weather_Condition,Total_Killed,Total_Alive,Fatal_Seats_List,Killed_Restraint_List,Any_Driver_Drinking,Total_Drinking_Drivers,Driver_License_Category,Driver_Max_Prev_Accident_Count,Driver_Max_Prev_Speeding_Count,Max_Driver_Age,Min_Driver_Age,Driver_Sex_List,Total_Exceeding_Limit_Vehicles,Total_Too_Fast_Vehicles,Max_Vehicle_Type_Severity_5,Max_Vehicle_Damage_Rank,Max_Harmful_Event_Severity,Crash_Road_Surface_Condition,Crash_Horizontal_Alignment,Crash_Vertical_Profile,Crash_Impairment_Category,Crash_Vehicle_Defect
32449,48,Texas,481504,0,5,5,0,6,NOT APPLICABLE,May,26,Friday,15,55,Urban,High Speed (Arterial),Yes,30.05182778,-95.60010833,Non-Intersection,Daylight,Clear,Unknown,Unknown,Unknown EMS Scene Arrival Hour,Unknown EMS Scene Arrival Minutes,Not Applicable (Not Transported),Not Applicable (Not Transported),1,Daylight,Clear,1,5,['Driver'],['Shoulder_Lapbelt'],0,0,Valid,2.0,4.0,79.0,24.0,"['Male', 'Female', 'Male', 'Male', 'Male']",1,0,4,2,5,Dry,Curve,Grade/Hillcrest,Lowest,No
32450,48,Texas,481505,0,3,3,0,6,NOT APPLICABLE,May,31,Wednesday,15,1,Rural,Medium Speed (Collector),No,32.23284167,-95.85205278,Non-Intersection,Daylight,Clear,Unknown,Unknown if Notified,Unknown EMS Scene Arrival Hour,Unknown if Arrived,Not Applicable (Not Transported),Not Applicable (Not Transported),1,Daylight,Clear,1,5,['Driver'],['Shoulder_Lapbelt'],1,1,Valid,1.0,1.0,59.0,16.0,"['Male', 'Male', 'Female']",0,0,3,2,5,Dry,Straight,Level,Lowest,No
32451,48,Texas,481506,1,1,1,0,1,NOT APPLICABLE,June,5,Monday,3,30,Rural,Medium Speed (Collector),No,33.37875,-95.84525278,Non-Intersection,Dark - Not Lighted,Clear,Unknown,Unknown if Notified,Unknown EMS Scene Arrival Hour,Unknown if Arrived,Not Applicable (Not Transported),Not Applicable (Not Transported),1,Dark - Unlighted,Clear,0,0,[],[],0,0,Invalid,0.0,0.0,999.0,999.0,['Other'],0,0,1,0,4,Dry,Straight,Level,Lowest,No
32452,48,Texas,481507,0,2,2,0,3,NOT APPLICABLE,June,3,Saturday,15,17,Rural,High Speed (Arterial),Yes,32.28245833,-94.35045,Complex/Circle,Daylight,Cloudy,Unknown,Unknown,Unknown EMS Scene Arrival Hour,Unknown EMS Scene Arrival Minutes,Unknown,Unknown EMS Hospital Arrival Time,1,Daylight,Reduced Visibility,1,2,['Front_Passenger'],['Shoulder_Lapbelt'],0,0,Valid,0.0,0.0,51.0,51.0,"['Male', 'Male']",0,0,4,4,5,Dry,Straight,Level,Lowest,No
32453,48,Texas,481508,0,1,1,0,2,NOT APPLICABLE,June,3,Saturday,2,15,Rural,Low Speed (Local),No,32.26989722,-95.13255833,Non-Intersection,Dark - Not Lighted,Cloudy,Unknown,Unknown,Unknown EMS Scene Arrival Hour,Unknown EMS Scene Arrival Minutes,Unknown,Unknown EMS Hospital Arrival Time,1,Dark - Unlighted,Reduced Visibility,1,1,['Driver'],['None_Used'],0,0,Invalid,0.0,0.0,28.0,28.0,['Male'],2,0,2,1,3,Dry,Curve,Grade/Hillcrest,Lowest,No
32454,48,Texas,481509,0,1,1,0,1,NOT APPLICABLE,June,8,Thursday,2,0,Rural,Medium Speed (Collector),No,28.93726111,-97.50076111,Non-Intersection,Dark - Not Lighted,Clear,Unknown,Unknown if Notified,Unknown EMS Scene Arrival Hour,Unknown if Arrived,Not Applicable (Not Transported),Not Applicable (Not Transported),1,Dark - Unlighted,Clear,1,0,['Driver'],['Shoulder_Lapbelt'],1,1,Valid,0.0,1.0,42.0,42.0,['Female'],0,0,3,1,3,Dry,Straight,Level,Lowest,No
32455,48,Texas,481510,0,1,1,0,1,NOT APPLICABLE,June,10,Saturday,20,3,Rural,Medium Speed (Collector),No,30.93172222,-94.07911389,Non-Intersection,Dark - Not Lighted,Rain,Unknown,Unknown,Unknown EMS Scene Arrival Hour,Unknown EMS Scene Arrival Minutes,Unknown,Unknown EMS Hospital Arrival Time,1,Dark - Unlighted,Rain/Wind/Minor,1,0,['Driver'],['Shoulder_Lapbelt'],0,0,Valid,0.0,0.0,51.0,51.0,['Male'],1,0,3,4,3,Wet/Standing Water,Straight,Grade/Hillcrest,Lowest,No
32456,48,Texas,481511,0,2,2,0,2,IRVING,June,4,Sunday,6,38,Urban,High Speed (Arterial),Yes,32.80499167,-96.92183889,Non-Intersection,Dawn,Clear,Unknown,Unknown,Unknown EMS Scene Arrival Hour,Unknown EMS Scene Arrival Minutes,Unknown,Unknown EMS Hospital Arrival Time,1,Twilight,Clear,1,1,['Driver'],['Shoulder_Lapbelt'],1,1,Invalid,1.0,0.0,48.0,21.0,"['Male', 'Male']",0,0,3,1,5,Dry,Straight,Level,Lowest,No
32457,48,Texas,481512,0,2,2,0,2,SAN ANTONIO,June,10,Saturday,20,10,Urban,Medium Speed (Collector),No,29.60866389,-98.46830278,Complex/Circle,Daylight,Clear,Unknown,Unknown,Unknown EMS Scene Arrival Hour,Unknown EMS Scene Arrival Minutes,Not Applicable (Not Transported),Not Applicable (Not Transported),1,Daylight,Clear,1,1,['Driver'],['None_Used'],0,0,Valid,0.0,0.0,67.0,22.0,"['Female', 'Female']",0,0,5,1,5,Dry,Straight,Level,Lowest,No
32458,48,Texas,481513,0,1,1,0,2,NOT APPLICABLE,May,31,Wednesday,11,10,Rural,Medium Speed (Collector),No,31.58108889,-96.40636389,Non-Intersection,Daylight,Clear,Unknown,Unknown,Unknown EMS Scene Arrival Hour,Unknown EMS Scene Arrival Minutes,Unknown,Unknown EMS Hospital Arrival Time,1,Daylight,Clear,1,1,['Driver'],['None_Used'],0,0,Valid,0.0,0.0,83.0,83.0,['Male'],0,0,3,1,3,Dry,Straight,Level,Lowest,No
32459,48,Texas,481514,1,1,1,0,1,Other,June,7,Wednesday,4,0,Urban,High Speed (Arterial),Yes,29.59762222,-95.38678889,Non-Intersection,Dark - Not Lighted,Clear,Unknown,Unknown if Notified,Unknown EMS Scene Arrival Hour,Unknown if Arrived,Not Applicable (Not Transported),Not Applicable (Not Transported),1,Dark - Unlighted,Clear,0,1,[],[],0,0,Valid,0.0,0.0,58.0,58.0,['Male'],0,0,4,2,4,Dry,Straight,Level,Lowest,No
32460,48,Texas,481515,0,2,2,0,2,NOT APPLICABLE,June,1,Thursday,14,57,Rural,High Speed (Arterial),Yes,32.09836944,-99.897925,Complex/Circle,Daylight,Clear,Unknown,Unknown,Unknown EMS Scene Arrival Hour,Unknown EMS Scene Arrival Minutes,Unknown,Unknown EMS Hospital Arrival Time,1,Daylight,Clear,1,1,['Driver'],['None_Used'],0,0,Valid,1.0,0.0,67.0,66.0,"['Male', 'Male']",1,0,5,2,5,Dry,Straight,Level,Lowest,No
32461,48,Texas,481516,1,1,1,0,1,FORT WORTH,May,26,Friday,9,16,Urban,High Speed (Arterial),No,32.93166389,-97.28956389,Complex/Circle,Daylight,Clear,Unknown,Unknown,Unknown EMS Scene Arrival Hour,Unknown EMS Scene Arrival Minutes,Unknown,Unknown EMS Hospital Arrival Time,1,Daylight,Clear,0,1,[],[],0,0,Valid,0.0,1.0,39.0,39.0,['Female'],0,0,3,1,4,Dry,Straight,Level,Lowest,No
32462,48,Texas,481517,0,2,2,0,2,ROBY,May,25,Thursday,19,36,Rural,Medium Speed (Collector),No,32.74325833,-100.38680278,Simple Junction,Daylight,Clear,Unknown,Unknown if Notified,Unknown EMS Scene Arrival Hour,Unknown if Arrived,Not Applicable (Not Transported),Not Applicable (Not Transported),1,Daylight,Clear,1,1,['Driver'],['None_Used'],0,0,Valid,0.0,0.0,47.0,15.0,"['Male', 'Male']",0,0,5,1,5,Dry,Straight,Level,Lowest,No
32463,48,Texas,481518,0,2,2,0,4,NOT APPLICABLE,May,29,Monday,18,0,Rural,High Speed (Arterial),Yes,33.13666111,-96.16538333,Complex/Circle,Daylight,Cloudy,Unknown,Unknown,Unknown EMS Scene Arrival Hour,Unknown EMS Scene Arrival Minutes,Unknown,Unknown EMS Hospital Arrival Time,1,Daylight,Reduced Visibility,1,3,['Driver'],['Shoulder_Lapbelt'],0,0,Valid,1.0,0.0,85.0,21.0,"['Female', 'Female']",0,0,3,2,5,Dry,Straight,Level,Lowest,No
32464,48,Texas,481519,0,1,1,0,1,NOT APPLICABLE,May,29,Monday,18,44,Rural,Medium Speed (Collector),No,32.93456111,-96.07479444,Non-Intersection,Daylight,Cloudy,Unknown,Unknown,Unknown EMS Scene Arrival Hour,Unknown EMS Scene Arrival Minutes,Unknown,Unknown EMS Hospital Arrival Time,1,Daylight,Reduced Visibility,1,0,['Driver'],['None_Used'],1,1,Invalid,0.0,0.0,53.0,53.0,['Male'],0,0,2,1,3,Dry,Curve,Level,Lowest,No
32465,48,Texas,481520,0,1,1,0,1,NOT APPLICABLE,June,7,Wednesday,6,53,Rural,High Speed (Arterial),Yes,32.24245556,-95.905725,Non-Intersection,Dawn,Clear,Unknown,Unknown if Notified,Unknown EMS Scene Arrival Hour,Unknown if Arrived,Not Applicable (Not Transported),Not Applicable (Not Transported),1,Twilight,Clear,1,0,['Driver'],['None_Used'],0,0,Valid,1.0,1.0,25.0,25.0,['Male'],0,0,2,1,3,Dry,Straight,Level,Medium,No
32466,48,Texas,481521,1,1,1,0,1,RED OAK,June,4,Sunday,22,40,Urban,Medium Speed (Collector),No,32.50949167,-96.82179167,Non-Intersection,Dark - Not Lighted,Cloudy,Unknown,Unknown if Notified,Unknown EMS Scene Arrival Hour,Unknown if Arrived,Not Applicable (Not Transported),Not Applicable (Not Transported),1,Dark - Unlighted,Reduced Visibility,0,1,[],[],0,0,Valid,0.0,0.0,17.0,17.0,['Male'],0,0,3,1,4,Dry,Straight,Level,Lowest,No
32467,48,Texas,481522,1,1,1,0,1,Other,June,12,Monday,0,12,Rural,Medium Speed (Collector),No,32.997875,-96.29203333,Non-Intersection,Dark - Not Lighted,Cloudy,Unknown,Unknown,Unknown EMS Scene Arrival Hour,Unknown EMS Scene Arrival Minutes,Unknown,Unknown EMS Hospital Arrival Time,1,Dark - Unlighted,Reduced Visibility,0,1,[],[],0,0,Valid,0.0,0.0,24.0,24.0,['Female'],0,0,3,1,4,Wet/Standing Water,Straight,Level,Lowest,No
32468,48,Texas,481523,0,2,2,0,3,NOT APPLICABLE,May,30,Tuesday,8,10,Rural,High Speed (Arterial),Yes,29.79740278,-98.01918889,Non-Intersection,Daylight,Clear,Unknown,Unknown,Unknown EMS Scene Arrival Hour,Unknown EMS Scene Arrival Minutes,Unknown,Unknown EMS Hospital Arrival Time,1,Daylight,Clear,1,2,['Driver'],['None_Used'],0,0,Valid,0.0,1.0,31.0,29.0,"['Male', 'Male']",2,0,3,1,5,Dry,Curve,Level,Lowest,No
32469,48,Texas,481524,0,1,1,0,1,NOT APPLICABLE,May,30,Tuesday,16,45,Rural,Medium Speed (Collector),No,32.10005833,-99.05046111,Non-Intersection,Daylight,Cloudy,Unknown,Unknown if Notified,Unknown EMS Scene Arrival Hour,Unknown if Arrived,Not Applicable (Not Transported),Not Applicable (Not Transported),1,Daylight,Reduced Visibility,1,0,['Driver'],['None_Used'],0,0,Valid,0.0,0.0,59.0,59.0,['Male'],0,0,3,1,3,Dry,Straight,Level,Lowest,No
32470,48,Texas,481525,0,2,2,0,2,NOT APPLICABLE,May,26,Friday,15,51,Rural,Medium Speed (Collector),No,28.93677222,-97.83526667,Simple Junction,Daylight,Cloudy,Unknown,Unknown,Unknown EMS Scene Arrival Hour,Unknown EMS Scene Arrival Minutes,Unknown,Unknown EMS Hospital Arrival Time,1,Daylight,Reduced Visibility,1,1,['Driver'],['Shoulder_Lapbelt'],0,0,Valid,0.0,1.0,46.0,44.0,"['Female', 'Male']",0,0,2,1,5,Dry,Straight,Level,Lowest,No
32471,48,Texas,481526,0,2,2,0,2,GARDEN RIDGE,May,26,Friday,12,11,Urban,Medium Speed (Collector),No,29.62106944,-98.28917778,Non-Intersection,Daylight,Clear,Unknown,Unknown,Unknown EMS Scene Arrival Hour,Unknown EMS Scene Arrival Minutes,Unknown,Unknown EMS Hospital Arrival Time,1,Daylight,Clear,1,1,['Driver'],['None_Used'],0,0,Valid,0.0,0.0,21.0,17.0,"['Male', 'Male']",0,0,2,1,5,Dry,Straight,Grade/Hillcrest,Lowest,No
32472,48,Texas,481527,0,2,2,0,3,SOMERVILLE,June,4,Sunday,17,6,Rural,High Speed (Arterial),Yes,30.352225,-96.534,Non-Intersection,Daylight,Cloudy,Unknown,Unknown,Unknown EMS Scene Arrival Hour,Unknown EMS Scene Arrival Minutes,Unknown,Unknown EMS Hospital Arrival Time,1,Daylight,Reduced Visibility,1,2,['Driver'],['None_Used'],1,1,Invalid,0.0,0.0,31.0,28.0,"['Male', 'Male']",1,0,3,1,5,Dry,Straight,Level,Lowest,No
32473,48,Texas,481529,0,1,1,0,1,NOT APPLICABLE,May,29,Monday,19,0,Rural,Medium Speed (Collector),No,30.41578611,-96.73246111,Non-Intersection,Not Reported,Clear,Unknown,Unknown if Notified,Unknown EMS Scene Arrival Hour,Unknown if Arrived,Not Applicable (Not Transported),Not Applicable (Not Transported),1,Dark - Unlighted,Clear,1,0,['Driver'],['None_Used'],0,0,Valid,0.0,0.0,35.0,35.0,['Male'],0,0,3,4,3,Dry,Curve,Level,Lowest,No
32474,48,Texas,481530,0,1,1,0,1,NOT APPLICABLE,June,3,Saturday,12,38,Rural,Medium Speed (Collector),No,30.741725,-98.7244,Non-Intersection,Daylight,Clear,Unknown,Unknown,Unknown EMS Scene Arrival Hour,Unknown EMS Scene Arrival Minutes,Unknown,Unknown EMS Hospital Arrival Time,1,Daylight,Clear,1,0,['Driver'],['None_Used'],0,0,Valid,0.0,0.0,63.0,63.0,['Female'],0,0,5,1,3,Dry,Curve,Grade/Hillcrest,Lowest,No
32475,48,Texas,481531,0,1,1,0,1,AUSTIN,May,26,Friday,3,16,Urban,High Speed (Arterial),Yes,30.40069167,-97.74579167,Non-Intersection,Dark - Lighted,Clear,Unknown,Unknown,Unknown EMS Scene Arrival Hour,Unknown EMS Scene Arrival Minutes,Unknown,Unknown EMS Hospital Arrival Time,1,Dark - Lighted,Clear,1,0,['Driver'],['None_Used'],1,1,Valid,0.0,0.0,34.0,34.0,['Male'],1,0,5,1,0,Dry,Straight,Level,Lowest,No
32476,48,Texas,481532,0,2,2,0,2,DUNCANVILLE,June,11,Sunday,2,25,Urban,High Speed (Arterial),Yes,32.66423889,-96.90354444,Non-Intersection,Dark - Not Lighted,Clear,Unknown,Unknown,Unknown EMS Scene Arrival Hour,Unknown EMS Scene Arrival Minutes,Unknown,Unknown EMS Hospital Arrival Time,1,Dark - Unlighted,Clear,1,1,['Driver'],['None_Used'],0,0,Valid,0.0,1.0,61.0,27.0,"['Female', 'Female']",0,0,2,4,5,Dry,Straight,Level,Lowest,Yes
32477,48,Texas,481533,0,1,1,0,1,LIVINGSTON,June,12,Monday,9,1,Urban,Medium Speed (Collector),No,30.69205833,-94.95286944,Non-Intersection,Reported as Unknown,Clear,Unknown,Unknown if Notified,Unknown EMS Scene Arrival Hour,Unknown if Arrived,Not Applicable (Not Transported),Not Applicable (Not Transported),1,Dark - Unlighted,Clear,1,0,['Driver'],['None_Used'],1,1,Valid,0.0,0.0,25.0,25.0,['Male'],0,0,3,1,3,Dry,Curve,Level,Lowest,No
32478,48,Texas,481534,0,1,1,0,4,LAREDO,June,7,Wednesday,19,21,Rural,High Speed (Arterial),Yes,27.37941667,-99.47237778,Non-Intersection,Daylight,Clear,Unknown,Unknown,Unknown EMS Scene Arrival Hour,Unknown EMS Scene Arrival Minutes,Unknown,Unknown EMS Hospital Arrival Time,1,Daylight,Clear,1,3,['Front_Passenger'],['None_Used'],0,0,Invalid,0.0,1.0,22.0,22.0,['Male'],0,0,2,1,3,Dry,Curve,Level,Medium,No
32479,48,Texas,481535,1,1,1,0,2,DALLAS,May,30,Tuesday,17,25,Urban,Medium Speed (Collector),No,32.78997778,-96.87369444,Complex/Circle,Daylight,Cloudy,Unknown,Unknown if Notified,Unknown EMS Scene Arrival Hour,Unknown if Arrived,Not Applicable (Not Transported),Not Applicable (Not Transported),1,Daylight,Reduced Visibility,0,0,[],[],1,1,Invalid,0.0,0.0,25.0,25.0,['Male'],2,0,3,1,4,Dry,Straight,Level,Lowest,No
32480,48,Texas,481536,0,2,2,0,2,JOHNSON CITY,May,17,Wednesday,9,59,Rural,High Speed (Arterial),Yes,30.28717778,-98.40481667,Simple Junction,Daylight,Clear,Unknown,Unknown,Unknown EMS Scene Arrival Hour,Unknown EMS Scene Arrival Minutes,Not Applicable (Not Transported),Not Applicable (Not Transported),1,Daylight,Clear,1,1,['Driver'],['None_Used'],0,0,Valid,2.0,1.0,77.0,23.0,"['Male', 'Male']",1,0,5,1,5,Dry,Curve,Level,Lowest,No
32481,48,Texas,481537,0,2,2,0,2,NOT APPLICABLE,June,6,Tuesday,22,54,Urban,High Speed (Arterial),Yes,29.703975,-95.63817222,Simple Junction,Dark - Lighted,Clear,Unknown,Unknown if Notified,Unknown EMS Scene Arrival Hour,Unknown if Arrived,Not Applicable (Not Transported),Not Applicable (Not Transported),1,Dark - Lighted,Clear,1,1,['Driver'],['None_Used'],0,0,Valid,1.0,3.0,62.0,32.0,"['Male', 'Male']",0,0,5,1,5,Dry,Straight,Level,Lowest,No
32482,48,Texas,481538,1,1,1,0,1,DALLAS,May,27,Saturday,5,34,Urban,High Speed (Arterial),Yes,32.66208333,-96.88564444,Non-Intersection,Dark - Not Lighted,Clear,Unknown,Unknown,Unknown EMS Scene Arrival Hour,Unknown EMS Scene Arrival Minutes,Unknown,Unknown EMS Hospital Arrival Time,1,Dark - Unlighted,Clear,0,0,[],[],0,0,Invalid,0.0,0.0,999.0,999.0,['Other'],0,0,1,0,4,Dry,Straight,Level,Lowest,No
32483,48,Texas,481539,1,1,1,0,1,BROWNSVILLE,June,13,Tuesday,6,14,Urban,High Speed (Arterial),No,25.91119722,-97.50479167,Complex/Circle,Dawn,Cloudy,Unknown,Unknown,Unknown EMS Scene Arrival Hour,Unknown EMS Scene Arrival Minutes,Unknown,Unknown EMS Hospital Arrival Time,1,Twilight,Reduced Visibility,0,1,[],[],0,0,Valid,0.0,1.0,43.0,43.0,['Male'],0,0,3,2,4,Dry,Straight,Level,Lowest,No
32484,48,Texas,481540,0,1,1,0,1,GARLAND,June,5,Monday,2,54,Urban,High Speed (Arterial),Yes,32.83857222,-96.59934722,Non-Intersection,Dark - Lighted,Rain,Unknown,Unknown if Notified,Unknown EMS Scene Arrival Hour,Unknown if Arrived,Not Applicable (Not Transported),Not Applicable (Not Transported),1,Dark - Lighted,Rain/Wind/Minor,1,0,['Driver'],['Shoulder_Lapbelt'],0,0,Valid,1.0,0.0,43.0,43.0,['Male'],0,0,4,1,3,Wet/Standing Water,Straight,Grade/Hillcrest,Medium,No
32485,48,Texas,481541,0,2,2,0,2,PORT ARTHUR,June,9,Friday,13,59,Urban,High Speed (Arterial),Yes,29.88591667,-94.00553056,Simple Junction,Daylight,Clear,Unknown,Unknown,Unknown EMS Scene Arrival Hour,Unknown EMS Scene Arrival Minutes,Unknown,Unknown EMS Hospital Arrival Time,1,Daylight,Clear,1,1,['Driver'],['Shoulder_Lapbelt'],0,0,Valid,0.0,0.0,55.0,23.0,"['Male', 'Male']",0,0,4,1,5,Dry,Straight,Level,Lowest,No
32486,48,Texas,481542,0,2,2,0,2,NOT APPLICABLE,June,7,Wednesday,0,38,Urban,High Speed (Arterial),Yes,35.12080278,-101.78143889,Non-Intersection,Dark - Not Lighted,Clear,Unknown,Unknown,Unknown EMS Scene Arrival Hour,Unknown EMS Scene Arrival Minutes,Unknown,Unknown EMS Hospital Arrival Time,1,Dark - Unlighted,Clear,1,1,['Driver'],['Shoulder_Lapbelt'],1,1,Invalid,0.0,0.0,63.0,17.0,"['Female', 'Male']",0,0,4,1,5,Dry,Straight,Level,Lowest,No
32487,48,Texas,481543,0,2,2,0,2,FORT WORTH,June,8,Thursday,19,19,Urban,High Speed (Arterial),Yes,32.62514444,-97.34861667,Non-Intersection,Daylight,Cloudy,Unknown,Unknown,Unknown EMS Scene Arrival Hour,Unknown EMS Scene Arrival Minutes,Unknown,Unknown EMS Hospital Arrival Time,1,Daylight,Reduced Visibility,1,1,['Driver'],['None_Used'],0,0,Valid,2.0,0.0,44.0,42.0,"['Male', 'Male']",1,0,2,1,5,Dry,Straight,Level,Lowest,No
32488,48,Texas,481544,0,2,2,0,3,GARLAND,June,6,Tuesday,23,40,Urban,High Speed (Arterial),Yes,32.93431389,-96.59965833,Non-Intersection,Dark - Lighted,Clear,Unknown,Unknown,Unknown EMS Scene Arrival Hour,Unknown EMS Scene Arrival Minutes,Unknown,Unknown EMS Hospital Arrival Time,1,Dark - Lighted,Clear,1,2,['Driver'],['Shoulder_Lapbelt'],0,0,Valid,1.0,1.0,21.0,16.0,"['Male', 'Male']",3,0,2,1,3,Dry,Curve,Level,Lowest,No
32489,48,Texas,481545,1,1,1,0,1,NOT APPLICABLE,June,4,Sunday,23,9,Rural,Medium Speed (Collector),No,35.23543611,-102.38222778,Non-Intersection,Dark - Not Lighted,Cloudy,Unknown,Unknown if Notified,Unknown EMS Scene Arrival Hour,Unknown if Arrived,Not Applicable (Not Transported),Not Applicable (Not Transported),1,Dark - Unlighted,Reduced Visibility,0,1,[],[],0,0,Valid,0.0,0.0,16.0,16.0,['Male'],0,0,3,2,4,Dry,Straight,Level,Lowest,No
32490,48,Texas,481546,0,2,2,0,2,AUSTIN,June,14,Wednesday,6,45,Urban,High Speed (Arterial),Yes,30.38233056,-97.81313056,Simple Junction,Dawn,Clear,Unknown,Unknown if Notified,Unknown EMS Scene Arrival Hour,Unknown if Arrived,Not Applicable (Not Transported),Not Applicable (Not Transported),1,Twilight,Clear,1,1,['Driver'],['None_Used'],0,0,Valid,0.0,0.0,53.0,27.0,"['Male', 'Male']",1,0,5,1,5,Dry,Straight,Grade/Hillcrest,Lowest,No
32491,48,Texas,481547,0,1,1,0,1,NOT APPLICABLE,June,5,Monday,12,18,Rural,High Speed (Arterial),Yes,31.74114444,-96.90641667,Non-Intersection,Daylight,Clear,Unknown,Unknown if Notified,Unknown EMS Scene Arrival Hour,Unknown if Arrived,Not Applicable (Not Transported),Not Applicable (Not Transported),1,Daylight,Clear,1,0,['Driver'],['None_Used'],0,0,Valid,0.0,0.0,22.0,22.0,['Male'],0,0,2,1,3,Dry,Straight,Level,Lowest,No
32492,48,Texas,481548,0,2,2,0,3,HOUSTON,May,28,Sunday,2,2,Urban,High Speed (Arterial),Yes,29.78426667,-95.49148333,Non-Intersection,Dark - Lighted,Clear,Unknown,Unknown,Unknown EMS Scene Arrival Hour,Unknown EMS Scene Arrival Minutes,Not Applicable (Not Transported),Not Applicable (Not Transported),3,Dark - Lighted,Clear,3,0,"['Driver', 'Front_Passenger', 'Driver']","['Shoulder_Lapbelt', 'Shoulder_Lapbelt', 'Shoulder_Lapbelt']",1,1,Invalid,1.0,0.0,26.0,18.0,"['Male', 'Male']",0,0,2,4,5,Dry,Straight,Grade/Hillcrest,Lowest,No
32493,48,Texas,481549,1,3,3,0,2,HOUSTON,May,13,Saturday,4,43,Urban,High Speed (Arterial),Yes,29.94010833,-95.42348056,Non-Intersection,Dark - Unknown Lighting,Rain,Unknown,Unknown if Notified,Unknown EMS Scene Arrival Hour,Unknown if Arrived,Not Applicable (Not Transported),Not Applicable (Not Transported),1,Dark - Unlighted,Rain/Wind/Minor,0,2,[],[],0,0,Valid,0.0,3.0,24.0,22.0,"['Male', 'Female']",0,0,3,1,5,Wet/Standing Water,Straight,Grade/Hillcrest,Lowest,No
32494,48,Texas,481551,0,1,1,0,1,Other,May,27,Saturday,4,16,Urban,Medium Speed (Collector),No,30.43638056,-97.98685833,Non-Intersection,Dark - Not Lighted,Clear,Unknown,Unknown if Notified,Unknown EMS Scene Arrival Hour,Unknown if Arrived,Not Applicable (Not Transported),Not Applicable (Not Transported),1,Dark - Unlighted,Clear,1,0,['Driver'],['None_Used'],1,1,Valid,0.0,4.0,31.0,31.0,['Male'],1,0,5,1,2,Dry,Curve,Grade/Hillcrest,Lowest,No
32495,48,Texas,481552,0,2,2,0,2,NOT APPLICABLE,May,27,Saturday,10,50,Rural,High Speed (Arterial),Yes,31.27006389,-95.98709444,Non-Intersection,Daylight,Clear,Unknown,Unknown,Unknown EMS Scene Arrival Hour,Unknown EMS Scene Arrival Minutes,Unknown,Unknown EMS Hospital Arrival Time,1,Daylight,Clear,1,1,['Driver'],['Shoulder_Lapbelt'],0,0,Valid,0.0,0.0,70.0,39.0,"['Female', 'Male']",0,0,3,2,5,Dry,Curve,Level,Lowest,No
32496,48,Texas,481553,0,2,2,0,2,NOT APPLICABLE,June,8,Thursday,21,43,Rural,Medium Speed (Collector),No,27.97191111,-97.24958889,Non-Intersection,Dark - Not Lighted,Clear,Unknown,Unknown if Notified,Unknown EMS Scene Arrival Hour,Unknown if Arrived,Not Applicable (Not Transported),Not Applicable (Not Transported),2,Dark - Unlighted,Clear,2,0,"['Driver', 'Driver']","['Shoulder_Lapbelt', 'Shoulder_Lapbelt']",1,1,Valid,1.0,0.0,66.0,55.0,"['Male', 'Female']",0,0,3,4,5,Dry,Curve,Level,Lowest,No
32497,48,Texas,481554,1,1,1,0,1,CARROLLTON,May,23,Tuesday,22,23,Urban,High Speed (Arterial),Yes,32.95330556,-96.86854167,Complex/Circle,Dark - Lighted,Cloudy,Unknown,Unknown,Unknown EMS Scene Arrival Hour,Unknown EMS Scene Arrival Minutes,Unknown,Unknown EMS Hospital Arrival Time,1,Dark - Lighted,Reduced Visibility,0,1,[],[],0,0,Valid,1.0,5.0,22.0,22.0,['Male'],0,0,2,2,4,Dry,Straight,Grade/Hillcrest,Lowest,No
32498,48,Texas,481555,0,2,2,0,3,DALLAS,May,30,Tuesday,22,16,Urban,Medium Speed (Collector),No,32.93289167,-96.81331111,Complex/Circle,Dark - Lighted,Clear,Unknown,Unknown,Unknown EMS Scene Arrival Hour,Unknown EMS Scene Arrival Minutes,Unknown,Unknown EMS Hospital Arrival Time,1,Dark - Lighted,Clear,1,2,['Driver'],['Shoulder_Lapbelt'],1,1,Invalid,0.0,0.0,67.0,21.0,"['Male', 'Female']",0,0,3,1,5,Dry,Straight,Level,Lowest,No
32499,48,Texas,481556,0,1,1,0,2,NOT APPLICABLE,June,12,Monday,10,27,Urban,Medium Speed (Collector),No,30.05388889,-94.74344722,Non-Intersection,Daylight,Clear,Unknown,Unknown if Notified,Unknown EMS Scene Arrival Hour,Unknown if Arrived,Not Applicable (Not Transported),Not Applicable (Not Transported),2,Daylight,Clear,2,0,"['Driver', 'Front_Passenger']","['Shoulder_Lapbelt', 'Shoulder_Lapbelt']",0,0,Valid,0.0,0.0,63.0,63.0,['Female'],0,0,3,1,4,Dry,Straight,Level,Lowest,No