,State_Code,State_Name,Crash_ID,Count_Non_Motorists,Count_Vehicles_Total,Count_Vehicle_Forms,Count_PVH_Involved,Count_Occupants_MV,City_Name,Month_Name,Day_of_Month,Day_of_Week,Crash_Hour,Crash_Minute,Area_Rural_Urban,Road_Functional_Class,On_NHS_Road,Latitude,Longitude,Intersection_Type,Light_Condition,Weather_Condition,Notif_Hour,Notif_Minute,Arrival_Hour,Arrival_Minute,Hospital_Hour,Hospital_Minute,Fatalities_Count,Clean_Light_Condition,Clean_Weather_Condition,Total_Killed,Total_Alive,Fatal_Seats_List,Killed_Restraint_List,Any_Driver_Drinking,Total_Drinking_Drivers,Driver_License_Category,Driver_Max_Prev_Accident_Count,Driver_Max_Prev_Speeding_Count,Max_Driver_Age,Min_Driver_Age,Driver_Sex_List,Total_Exceeding_Limit_Vehicles,Total_Too_Fast_Vehicles,Max_Vehicle_Type_Severity_5,Max_Vehicle_Damage_Rank,Max_Harmful_Event_Severity,Crash_Road_Surface_Condition,Crash_Horizontal_Alignment,Crash_Vertical_Profile,Crash_Impairment_Category,Crash_Vehicle_Defect
32500,48,Texas,481558,1,4,4,0,4,NOT APPLICABLE,May,30,Tuesday,6,47,Rural,High Speed (Arterial),Yes,29.83862222,-94.61002778,Non-Intersection,Daylight,Clear,Unknown,Unknown,Unknown EMS Scene Arrival Hour,Unknown EMS Scene Arrival Minutes,Unknown,Unknown EMS Hospital Arrival Time,1,Daylight,Clear,1,3,['Driver'],['Shoulder_Lapbelt'],0,0,Valid,0.0,2.0,72.0,30.0,"['Male', 'Male', 'Male']",1,0,3,2,5,Dry,Straight,Level,Lowest,No
32501,48,Texas,481559,0,2,2,0,2,NOT APPLICABLE,May,24,Wednesday,8,57,Urban,Medium Speed (Collector),No,29.93321667,-95.37644167,Complex/Circle,Daylight,Cloudy,Unknown,Unknown,Unknown EMS Scene Arrival Hour,Unknown EMS Scene Arrival Minutes,Unknown,Unknown EMS Hospital Arrival Time,1,Daylight,Reduced Visibility,1,1,['Driver'],['Shoulder_Lapbelt'],0,0,Valid,0.0,0.0,82.0,27.0,"['Female', 'Male']",0,0,2,1,5,Dry,Curve,Level,Lowest,No
32502,48,Texas,481560,0,1,1,0,4,WEATHERFORD,June,11,Sunday,16,6,Urban,High Speed (Arterial),Yes,32.72746389,-97.79802222,Non-Intersection,Daylight,Clear,Unknown,Unknown,Unknown EMS Scene Arrival Hour,Unknown EMS Scene Arrival Minutes,Unknown,Unknown EMS Hospital Arrival Time,2,Daylight,Clear,2,1,"['Front_Passenger', 'Rear_Seat']","['Shoulder_Lapbelt', 'Shoulder_Lapbelt']",0,0,Valid,0.0,0.0,23.0,23.0,['Female'],4,0,3,1,3,Dry,Curve,Level,Lowest,No
32503,48,Texas,481561,2,1,1,0,1,Other,June,1,Thursday,13,29,Rural,Medium Speed (Collector),No,33.94022778,-98.34613889,Non-Intersection,Daylight,Clear,Unknown,Unknown,Unknown EMS Scene Arrival Hour,Unknown EMS Scene Arrival Minutes,Unknown,Unknown EMS Hospital Arrival Time,2,Daylight,Clear,0,1,[],[],0,0,Valid,0.0,0.0,50.0,50.0,['Male'],1,0,3,2,4,Dry,Straight,Level,Lowest,No
32504,48,Texas,481562,0,2,2,0,2,NOT APPLICABLE,May,30,Tuesday,13,55,Rural,Low Speed (Local),No,33.64450278,-97.76718333,Simple Junction,Daylight,Clear,Unknown,Unknown,Unknown EMS Scene Arrival Hour,Unknown EMS Scene Arrival Minutes,Unknown,Unknown EMS Hospital Arrival Time,1,Daylight,Clear,1,1,['Driver'],['None_Used'],0,0,Valid,0.0,3.0,60.0,39.0,"['Male', 'Male']",0,0,5,2,5,Dry,Curve,Level,Lowest,No
32505,48,Texas,481563,0,2,2,0,4,NOT APPLICABLE,May,4,Thursday,13,40,Rural,Medium Speed (Collector),No,34.08511111,-102.32488333,Non-Intersection,Daylight,Clear,Unknown,Unknown,Unknown EMS Scene Arrival Hour,Unknown EMS Scene Arrival Minutes,Unknown,Unknown EMS Hospital Arrival Time,2,Daylight,Clear,2,2,"['Front_Passenger', 'Rear_Seat']","['Shoulder_Lapbelt', 'None_Used']",0,0,Valid,0.0,0.0,61.0,52.0,"['Female', 'Female']",0,0,3,1,5,Dry,Straight,Grade/Hillcrest,Lowest,No
32506,48,Texas,481564,0,1,1,0,1,NOT APPLICABLE,May,30,Tuesday,8,25,Rural,High Speed (Arterial),Yes,31.47141389,-103.33685278,Non-Intersection,Daylight,Clear,Unknown,Unknown,Unknown EMS Scene Arrival Hour,Unknown EMS Scene Arrival Minutes,Unknown,Unknown EMS Hospital Arrival Time,1,Daylight,Clear,1,0,['Driver'],['Shoulder_Lapbelt'],0,0,Invalid,1.0,0.0,47.0,47.0,['Male'],0,0,3,1,3,Dry,Straight,Level,Lowest,No
32507,48,Texas,481565,0,2,2,0,3,COPPELL,June,11,Sunday,19,5,Urban,High Speed (Arterial),No,32.95218611,-96.94999444,Non-Intersection,Daylight,Cloudy,Unknown,Unknown,Unknown EMS Scene Arrival Hour,Unknown EMS Scene Arrival Minutes,Unknown,Unknown EMS Hospital Arrival Time,1,Daylight,Reduced Visibility,1,2,['Driver'],['Shoulder_Lapbelt'],1,1,Valid,0.0,0.0,35.0,22.0,"['Male', 'Female']",0,0,2,1,5,Dry,Straight,Level,Lowest,No
32508,48,Texas,481566,0,3,3,0,4,Other,May,20,Saturday,17,0,Rural,Medium Speed (Collector),No,31.75708889,-96.4711,Non-Intersection,Daylight,Clear,Unknown,Unknown,Unknown EMS Scene Arrival Hour,Unknown EMS Scene Arrival Minutes,Unknown,Unknown EMS Hospital Arrival Time,2,Daylight,Clear,2,2,"['Driver', 'Driver']","['Shoulder_Lapbelt', 'Shoulder_Lapbelt']",1,1,Valid,1.0,0.0,52.0,20.0,"['Male', 'Male', 'Male']",1,0,3,4,5,Wet/Standing Water,Straight,Grade/Hillcrest,Lowest,No
32509,48,Texas,481567,0,2,2,0,2,NOT APPLICABLE,June,10,Saturday,19,24,Urban,Medium Speed (Collector),No,29.7383,-95.78205278,Non-Intersection,Daylight,Clear,Unknown,Unknown,Unknown EMS Scene Arrival Hour,Unknown EMS Scene Arrival Minutes,Unknown,Unknown EMS Hospital Arrival Time,1,Daylight,Clear,1,1,['Driver'],['None_Used'],0,0,Valid,0.0,0.0,41.0,27.0,"['Male', 'Male']",1,0,5,2,5,Dry,Straight,Level,Lowest,No
32510,48,Texas,481568,0,2,2,0,3,NOT APPLICABLE,June,10,Saturday,5,10,Rural,Medium Speed (Collector),No,33.84674167,-97.94564722,Non-Intersection,Dark - Not Lighted,Clear,Unknown,Unknown,Unknown EMS Scene Arrival Hour,Unknown EMS Scene Arrival Minutes,Not Applicable (Not Transported),Not Applicable (Not Transported),3,Dark - Unlighted,Clear,3,0,"['Driver', 'Driver', 'Front_Passenger']","['Shoulder_Lapbelt', 'Shoulder_Lapbelt', 'Shoulder_Lapbelt']",0,0,Invalid,0.0,0.0,78.0,32.0,"['Female', 'Male']",0,0,3,4,5,Dry,Straight,Level,Lowest,No
32511,48,Texas,481569,0,2,2,0,2,ARLINGTON,June,12,Monday,10,1,Urban,High Speed (Arterial),Yes,32.71224722,-97.05348889,Simple Junction,Daylight,Clear,Unknown,Unknown if Notified,Unknown EMS Scene Arrival Hour,Unknown if Arrived,Not Applicable (Not Transported),Not Applicable (Not Transported),1,Daylight,Clear,1,1,['Driver'],['None_Used'],0,0,Valid,0.0,1.0,55.0,28.0,"['Male', 'Male']",1,0,4,1,5,Dry,Straight,Level,Lowest,No
32512,48,Texas,481570,0,2,2,0,5,NOT APPLICABLE,June,12,Monday,13,12,Urban,High Speed (Arterial),No,31.88452222,-102.45701389,Complex/Circle,Daylight,Clear,Unknown,Unknown,Unknown EMS Scene Arrival Hour,Unknown EMS Scene Arrival Minutes,Unknown,Unknown EMS Hospital Arrival Time,1,Daylight,Clear,1,4,['Front_Passenger'],['Shoulder_Lapbelt'],0,0,Valid,0.0,2.0,44.0,30.0,"['Male', 'Male']",0,0,3,1,5,Dry,Straight,Level,Lowest,No
32513,48,Texas,481571,1,1,1,0,1,HOUSTON,June,1,Thursday,13,10,Urban,Medium Speed (Collector),No,29.72755278,-95.55995278,Complex/Circle,Daylight,Clear,Unknown,Unknown,Unknown EMS Scene Arrival Hour,Unknown EMS Scene Arrival Minutes,Unknown,Unknown EMS Hospital Arrival Time,1,Daylight,Clear,0,1,[],[],0,0,Valid,0.0,0.0,69.0,69.0,['Male'],0,0,3,2,4,Dry,Straight,Level,Lowest,No
32514,48,Texas,481573,0,1,1,0,2,NOT APPLICABLE,May,26,Friday,0,49,Rural,Medium Speed (Collector),No,27.71498889,-98.12266944,Non-Intersection,Dark - Not Lighted,Clear,Unknown,Unknown if Notified,Unknown EMS Scene Arrival Hour,Unknown if Arrived,Not Applicable (Not Transported),Not Applicable (Not Transported),1,Dark - Unlighted,Clear,1,1,['Front_Passenger'],['Shoulder_Lapbelt'],1,1,Valid,0.0,0.0,18.0,18.0,['Male'],2,0,3,1,3,Dry,Straight,Level,Lowest,No
32515,48,Texas,481574,0,2,2,0,3,NOT APPLICABLE,May,31,Wednesday,19,0,Rural,Medium Speed (Collector),No,28.96676389,-95.546375,Simple Junction,Daylight,Cloudy,Unknown,Unknown,Unknown EMS Scene Arrival Hour,Unknown EMS Scene Arrival Minutes,Unknown,Unknown EMS Hospital Arrival Time,1,Daylight,Reduced Visibility,1,2,['Driver'],['None_Used'],1,1,Valid,0.0,0.0,64.0,24.0,"['Male', 'Male']",0,0,5,2,5,Dry,Straight,Level,Lowest,No
32516,48,Texas,481575,0,2,2,0,5,NOT APPLICABLE,June,6,Tuesday,20,0,Rural,High Speed (Arterial),Yes,32.48219722,-95.50980278,Non-Intersection,Daylight,Clear,Unknown,Unknown,Unknown EMS Scene Arrival Hour,Unknown EMS Scene Arrival Minutes,Unknown,Unknown EMS Hospital Arrival Time,1,Daylight,Clear,1,4,['Driver'],['None_Used'],0,0,Valid,0.0,0.0,38.0,20.0,"['Male', 'Male']",4,0,3,2,5,Dry,Straight,Level,Lowest,No
32517,48,Texas,481576,0,2,2,0,3,NOT APPLICABLE,June,11,Sunday,16,13,Rural,Medium Speed (Collector),No,32.42089444,-95.99141667,Non-Intersection,Daylight,Clear,Unknown,Unknown,Unknown EMS Scene Arrival Hour,Unknown EMS Scene Arrival Minutes,Unknown,Unknown EMS Hospital Arrival Time,1,Daylight,Clear,1,2,['Driver'],['None_Used'],0,0,Valid,0.0,0.0,42.0,36.0,"['Male', 'Male']",2,0,3,1,5,Dry,Straight,Grade/Hillcrest,Lowest,No
32518,48,Texas,481577,0,1,1,0,1,NOT APPLICABLE,June,2,Friday,20,15,Rural,Medium Speed (Collector),No,32.66409444,-94.04359722,Non-Intersection,Dark - Not Lighted,Clear,Unknown,Unknown,Unknown EMS Scene Arrival Hour,Unknown EMS Scene Arrival Minutes,Unknown,Unknown EMS Hospital Arrival Time,1,Dark - Unlighted,Clear,1,0,['Driver'],['None_Used'],1,1,Valid,0.0,0.0,37.0,37.0,['Male'],0,0,3,1,3,Dry,Straight,Level,Lowest,No
32519,48,Texas,481578,0,1,1,0,1,CEDAR HILL,June,16,Friday,5,10,Urban,Low Speed (Local),No,32.59301944,-96.9505,Non-Intersection,Dark - Not Lighted,Clear,Unknown,Unknown if Notified,Unknown EMS Scene Arrival Hour,Unknown if Arrived,Not Applicable (Not Transported),Not Applicable (Not Transported),1,Dark - Unlighted,Clear,1,0,['Driver'],['None_Used'],0,0,Valid,0.0,0.0,58.0,58.0,['Male'],1,0,5,2,3,Dry,Curve,Grade/Hillcrest,Lowest,No
32520,48,Texas,481580,0,2,2,0,5,NOT APPLICABLE,June,9,Friday,18,36,Rural,Medium Speed (Collector),No,30.52434167,-99.76716944,Non-Intersection,Daylight,Rain,Unknown,Unknown,Unknown EMS Scene Arrival Hour,Unknown EMS Scene Arrival Minutes,Unknown,Unknown EMS Hospital Arrival Time,2,Daylight,Rain/Wind/Minor,2,3,"['Driver', 'Driver']","['Shoulder_Lapbelt', 'None_Used']",0,0,Valid,0.0,1.0,32.0,28.0,"['Male', 'Male']",1,0,3,1,5,Wet/Standing Water,Straight,Level,Lowest,No
32521,48,Texas,481581,0,1,1,0,2,NOT APPLICABLE,June,9,Friday,23,11,Urban,Medium Speed (Collector),No,29.88258611,-95.25731111,Non-Intersection,Dark - Not Lighted,Clear,Unknown,Unknown,Unknown EMS Scene Arrival Hour,Unknown EMS Scene Arrival Minutes,Unknown,Unknown EMS Hospital Arrival Time,1,Dark - Unlighted,Clear,1,1,['Driver'],['None_Used'],1,1,Invalid,0.0,0.0,32.0,32.0,['Male'],2,0,2,1,3,Dry,Curve,Grade/Hillcrest,Lowest,No
32522,48,Texas,481582,0,1,1,0,1,LANCASTER,June,11,Sunday,0,6,Urban,High Speed (Arterial),Yes,32.62069444,-96.76830833,Simple Junction,Dark - Lighted,Clear,Unknown,Unknown,Unknown EMS Scene Arrival Hour,Unknown EMS Scene Arrival Minutes,Unknown,Unknown EMS Hospital Arrival Time,1,Dark - Lighted,Clear,1,0,['Driver'],['None_Used'],0,0,Valid,0.0,0.0,17.0,17.0,['Male'],1,0,2,1,3,Dry,Straight,Grade/Hillcrest,Lowest,No
32523,48,Texas,481583,1,1,1,0,1,NOT APPLICABLE,June,6,Tuesday,3,59,Urban,High Speed (Arterial),Yes,32.34841944,-95.25968611,Non-Intersection,Dark - Not Lighted,Clear,Unknown,Unknown if Notified,Unknown EMS Scene Arrival Hour,Unknown if Arrived,Not Applicable (Not Transported),Not Applicable (Not Transported),1,Dark - Unlighted,Clear,0,1,[],[],0,0,Valid,0.0,0.0,55.0,55.0,['Male'],0,0,4,2,4,Dry,Straight,Level,Lowest,No
32524,48,Texas,481584,0,3,3,0,4,NOT APPLICABLE,June,8,Thursday,20,25,Rural,High Speed (Arterial),Yes,29.44148333,-94.66765556,Complex/Circle,Dusk,Rain,Unknown,Unknown,Unknown EMS Scene Arrival Hour,Unknown EMS Scene Arrival Minutes,Not Applicable (Not Transported),Not Applicable (Not Transported),1,Twilight,Rain/Wind/Minor,1,3,['Driver'],['None_Used'],1,1,Valid,0.0,1.0,65.0,53.0,"['Male', 'Female', 'Male']",0,0,3,1,5,Dry,Straight,Level,Lowest,No
32525,48,Texas,481585,0,3,3,0,5,RICHARDSON,June,8,Thursday,12,1,Urban,High Speed (Arterial),Yes,32.94353333,-96.74136667,Non-Intersection,Daylight,Clear,Unknown,Unknown,Unknown EMS Scene Arrival Hour,Unknown EMS Scene Arrival Minutes,Unknown,Unknown EMS Hospital Arrival Time,1,Daylight,Clear,1,4,['Driver'],['Shoulder_Lapbelt'],0,0,Valid,0.0,1.0,44.0,26.0,"['Male', 'Female', 'Male']",0,0,4,1,5,Dry,Straight,Level,Lowest,No
32526,48,Texas,481586,0,1,1,0,1,RICHARDSON,June,9,Friday,2,32,Urban,Medium Speed (Collector),No,32.94577778,-96.68297222,Non-Intersection,Dark - Unknown Lighting,Clear,Unknown,Unknown if Notified,Unknown EMS Scene Arrival Hour,Unknown if Arrived,Not Applicable (Not Transported),Not Applicable (Not Transported),1,Dark - Unlighted,Clear,1,0,['Driver'],['None_Used'],1,1,Invalid,0.0,1.0,21.0,21.0,['Male'],1,0,2,0,3,Dry,Straight,Grade/Hillcrest,Lowest,No
32527,48,Texas,481587,0,1,1,0,1,DALLAS,June,5,Monday,9,50,Urban,Medium Speed (Collector),No,32.87550833,-96.78678333,Non-Intersection,Daylight,Cloudy,Unknown,Unknown,Unknown EMS Scene Arrival Hour,Unknown EMS Scene Arrival Minutes,Unknown,Unknown EMS Hospital Arrival Time,1,Daylight,Reduced Visibility,1,0,['Driver'],['Shoulder_Lapbelt'],0,0,Valid,0.0,0.0,67.0,67.0,['Female'],0,0,3,2,3,Dry,Straight,Level,Lowest,No
32528,48,Texas,481588,1,2,2,0,2,KILLEEN,June,11,Sunday,2,38,Urban,Medium Speed (Collector),No,31.07855833,-97.72859444,Non-Intersection,Dark - Lighted,Clear,Unknown,Unknown if Notified,Unknown EMS Scene Arrival Hour,Unknown if Arrived,Not Applicable (Not Transported),Not Applicable (Not Transported),1,Dark - Lighted,Clear,0,1,[],[],1,1,Invalid,0.0,0.0,999.0,29.0,"['Other', 'Female']",0,0,5,1,5,Dry,Straight,Level,Lowest,No
32529,48,Texas,481589,0,1,1,0,1,NOT APPLICABLE,June,8,Thursday,11,24,Rural,Medium Speed (Collector),No,30.06480833,-99.33943333,Non-Intersection,Daylight,Clear,Unknown,Unknown if Notified,Unknown EMS Scene Arrival Hour,Unknown if Arrived,Not Applicable (Not Transported),Not Applicable (Not Transported),1,Daylight,Clear,1,0,['Driver'],['None_Used'],0,0,Valid,0.0,0.0,61.0,61.0,['Male'],0,0,5,1,3,Dry,Straight,Grade/Hillcrest,Medium,No
32530,48,Texas,481590,0,2,2,0,4,FORT WORTH,June,14,Wednesday,13,21,Urban,Medium Speed (Collector),No,32.65323333,-97.31285556,Simple Junction,Daylight,Clear,Unknown,Unknown,Unknown EMS Scene Arrival Hour,Unknown EMS Scene Arrival Minutes,Unknown,Unknown EMS Hospital Arrival Time,1,Daylight,Clear,1,3,['Front_Passenger'],['None_Used'],0,0,Invalid,0.0,0.0,24.0,17.0,"['Male', 'Male']",3,0,3,4,5,Dry,Straight,Level,Lowest,No
32531,48,Texas,481591,0,1,1,0,1,NOT APPLICABLE,June,8,Thursday,21,50,Rural,High Speed (Arterial),Yes,28.70764444,-97.84520833,Non-Intersection,Dark - Not Lighted,Cloudy,Unknown,Unknown if Notified,Unknown EMS Scene Arrival Hour,Unknown if Arrived,Not Applicable (Not Transported),Not Applicable (Not Transported),1,Dark - Unlighted,Reduced Visibility,1,0,['Driver'],['None_Used'],0,0,Valid,0.0,2.0,21.0,21.0,['Male'],0,0,2,1,3,Dry,Straight,Grade/Hillcrest,Lowest,No
32532,48,Texas,481592,0,1,1,0,2,NOT APPLICABLE,June,9,Friday,18,42,Rural,Medium Speed (Collector),No,28.83836389,-97.67518889,Non-Intersection,Daylight,Clear,Unknown,Unknown if Notified,Unknown EMS Scene Arrival Hour,Unknown if Arrived,Not Applicable (Not Transported),Not Applicable (Not Transported),2,Daylight,Clear,2,0,"['Driver', 'Front_Passenger']","['None_Used', 'Shoulder_Lapbelt']",0,0,Valid,0.0,0.0,19.0,19.0,['Male'],2,0,2,1,3,Dry,Straight,Grade/Hillcrest,Lowest,No
32533,48,Texas,481593,1,1,1,0,1,LAREDO,May,20,Saturday,21,45,Urban,Low Speed (Local),No,27.51208611,-99.49610278,Non-Intersection,Dark - Lighted,Clear,Unknown,Unknown if Notified,Unknown EMS Scene Arrival Hour,Unknown if Arrived,Not Applicable (Not Transported),Not Applicable (Not Transported),1,Dark - Lighted,Clear,0,1,[],[],0,0,Valid,0.0,0.0,19.0,19.0,['Male'],1,0,3,2,4,Dry,Straight,Level,Lowest,No
32534,48,Texas,481595,0,1,1,0,2,PORT ARTHUR,June,17,Saturday,16,4,Urban,Low Speed (Local),No,29.89153056,-93.93516667,Non-Intersection,Daylight,Clear,Unknown,Unknown,Unknown EMS Scene Arrival Hour,Unknown EMS Scene Arrival Minutes,Unknown,Unknown EMS Hospital Arrival Time,1,Daylight,Clear,1,1,['Driver'],['None_Used'],0,0,Valid,0.0,1.0,53.0,53.0,['Male'],2,0,5,1,3,Dry,Straight,Level,Lowest,No
32535,48,Texas,481596,0,1,1,0,1,NOT APPLICABLE,June,13,Tuesday,22,50,Rural,Medium Speed (Collector),No,32.11644722,-94.24585833,Non-Intersection,Dark - Not Lighted,Cloudy,Unknown,Unknown if Notified,Unknown EMS Scene Arrival Hour,Unknown if Arrived,Not Applicable (Not Transported),Not Applicable (Not Transported),1,Dark - Unlighted,Reduced Visibility,1,0,['Driver'],['None_Used'],0,0,Valid,0.0,0.0,37.0,37.0,['Male'],0,0,4,1,3,Dry,Straight,Level,Lowest,No
32536,48,Texas,481597,0,1,1,0,1,NOT APPLICABLE,June,15,Thursday,5,15,Rural,Medium Speed (Collector),No,30.90643889,-94.75496667,Non-Intersection,Dark - Not Lighted,Cloudy,Unknown,Unknown if Notified,Unknown EMS Scene Arrival Hour,Unknown if Arrived,Not Applicable (Not Transported),Not Applicable (Not Transported),1,Dark - Unlighted,Reduced Visibility,1,0,['Driver'],['None_Used'],0,0,Valid,0.0,0.0,24.0,24.0,['Female'],0,0,3,1,3,Dry,Curve,Level,Lowest,No
32537,48,Texas,481598,1,1,1,0,1,NOT APPLICABLE,June,16,Friday,6,51,Rural,Medium Speed (Collector),No,30.42899722,-95.11779167,Non-Intersection,Daylight,Cloudy,Unknown,Unknown if Notified,Unknown EMS Scene Arrival Hour,Unknown if Arrived,Not Applicable (Not Transported),Not Applicable (Not Transported),1,Daylight,Reduced Visibility,0,1,[],[],0,0,Valid,0.0,0.0,17.0,17.0,['Male'],0,0,3,2,4,Dry,Straight,Level,Medium,No
32538,48,Texas,481599,0,1,1,0,5,VAN,May,24,Wednesday,3,20,Rural,High Speed (Arterial),Yes,32.50624444,-95.64101389,Non-Intersection,Dark - Lighted,Clear,Unknown,Unknown,Unknown EMS Scene Arrival Hour,Unknown EMS Scene Arrival Minutes,Unknown,Unknown EMS Hospital Arrival Time,3,Dark - Lighted,Clear,3,2,"['Driver', 'Front_Passenger', 'Front_Passenger']","['Shoulder_Lapbelt', 'Shoulder_Lapbelt', 'Shoulder_Lapbelt']",0,0,Valid,0.0,0.0,44.0,44.0,['Male'],5,0,3,1,3,Dry,Straight,Grade/Hillcrest,Medium,No
32539,48,Texas,481600,0,1,1,0,1,CANYON,June,16,Friday,22,58,Urban,Medium Speed (Collector),No,35.01173889,-101.91949722,Non-Intersection,Dark - Not Lighted,Clear,Unknown,Unknown if Notified,Unknown EMS Scene Arrival Hour,Unknown if Arrived,Not Applicable (Not Transported),Not Applicable (Not Transported),1,Dark - Unlighted,Clear,1,0,['Driver'],['Shoulder_Lapbelt'],1,1,Invalid,0.0,0.0,22.0,22.0,['Male'],1,0,3,1,3,Dry,Straight,Grade/Hillcrest,Lowest,No
32540,48,Texas,481601,1,1,1,0,2,EL PASO,June,16,Friday,19,50,Urban,Low Speed (Local),No,31.82779444,-106.573025,Non-Intersection,Reported as Unknown,Clear,Unknown,Unknown,Unknown EMS Scene Arrival Hour,Unknown EMS Scene Arrival Minutes,Unknown,Unknown EMS Hospital Arrival Time,1,Dark - Unlighted,Clear,0,2,[],[],1,1,Invalid,0.0,0.0,32.0,32.0,['Male'],0,0,2,1,4,Dry,Straight,Level,Lowest,No
32541,48,Texas,481602,1,1,1,0,7,TYLER,June,17,Saturday,21,6,Urban,High Speed (Arterial),Yes,32.33356111,-95.34043611,Non-Intersection,Dark - Not Lighted,Clear,Unknown,Unknown,Unknown EMS Scene Arrival Hour,Unknown EMS Scene Arrival Minutes,Unknown,Unknown EMS Hospital Arrival Time,1,Dark - Unlighted,Clear,0,7,[],[],0,0,Invalid,0.0,0.0,29.0,29.0,['Female'],0,0,2,2,4,Wet/Standing Water,Straight,Level,Lowest,No
32542,48,Texas,481603,1,1,1,0,1,HORIZON CITY,May,31,Wednesday,10,22,Urban,Medium Speed (Collector),No,31.68264167,-106.20007222,Complex/Circle,Daylight,Clear,Unknown,Unknown,Unknown EMS Scene Arrival Hour,Unknown EMS Scene Arrival Minutes,Unknown,Unknown EMS Hospital Arrival Time,1,Daylight,Clear,1,0,['Driver'],['Shoulder_Lapbelt'],0,0,Valid,0.0,0.0,74.0,74.0,['Male'],0,0,3,1,4,Dry,Straight,Level,Medium,No
32543,48,Texas,481604,0,2,2,0,3,NOT APPLICABLE,June,11,Sunday,5,25,Rural,Medium Speed (Collector),No,30.68696389,-93.83800556,Non-Intersection,Dawn,Clear,Unknown,Unknown,Unknown EMS Scene Arrival Hour,Unknown EMS Scene Arrival Minutes,Unknown,Unknown EMS Hospital Arrival Time,1,Twilight,Clear,1,2,['Driver'],['None_Used'],0,0,Invalid,0.0,1.0,51.0,33.0,"['Female', 'Male']",0,0,3,4,5,Dry,Straight,Level,Lowest,No
32544,48,Texas,481605,0,1,1,0,1,Other,June,13,Tuesday,21,30,Urban,Medium Speed (Collector),No,30.48163056,-97.97775,Non-Intersection,Dark - Lighted,Clear,Unknown,Unknown if Notified,Unknown EMS Scene Arrival Hour,Unknown if Arrived,Not Applicable (Not Transported),Not Applicable (Not Transported),1,Dark - Lighted,Clear,1,0,['Driver'],['None_Used'],0,0,Invalid,0.0,0.0,31.0,31.0,['Male'],1,0,5,1,2,Dry,Straight,Level,Lowest,No
32545,48,Texas,481606,0,2,2,0,3,RIO GRANDE CITY,June,5,Monday,13,26,Urban,High Speed (Arterial),Yes,26.37285556,-98.87414722,Simple Junction,Daylight,Clear,Unknown,Unknown,Unknown EMS Scene Arrival Hour,Unknown EMS Scene Arrival Minutes,Unknown,Unknown EMS Hospital Arrival Time,1,Daylight,Clear,1,2,['Driver'],['Shoulder_Lapbelt'],0,0,Valid,0.0,0.0,31.0,21.0,"['Male', 'Male']",0,0,3,1,5,Dry,Straight,Level,Lowest,No
32546,48,Texas,481607,0,2,2,0,2,NOT APPLICABLE,May,31,Wednesday,5,30,Rural,High Speed (Arterial),Yes,31.86299444,-101.50635833,Simple Junction,Dark - Not Lighted,Cloudy,Unknown,Unknown if Notified,Unknown EMS Scene Arrival Hour,Unknown if Arrived,Not Applicable (Not Transported),Not Applicable (Not Transported),1,Dark - Unlighted,Reduced Visibility,1,1,['Driver'],['None_Used'],0,0,Valid,0.0,0.0,47.0,32.0,"['Male', 'Male']",1,0,4,4,5,Dry,Straight,Level,Lowest,No
32547,48,Texas,481608,0,2,2,0,2,NOT APPLICABLE,June,12,Monday,4,56,Rural,High Speed (Arterial),Yes,32.48938611,-94.14104444,Non-Intersection,Dark - Not Lighted,Clear,Unknown,Unknown if Notified,Unknown EMS Scene Arrival Hour,Unknown if Arrived,Not Applicable (Not Transported),Not Applicable (Not Transported),1,Dark - Unlighted,Clear,1,1,['Driver'],['None_Used'],0,0,Valid,1.0,0.0,42.0,41.0,"['Male', 'Male']",0,0,4,1,5,Dry,Straight,Level,Lowest,No
32548,48,Texas,481609,0,2,2,0,3,SHEPHERD,June,7,Wednesday,11,45,Rural,High Speed (Arterial),Yes,30.513025,-94.98718333,Simple Junction,Daylight,Clear,Unknown,Unknown,Unknown EMS Scene Arrival Hour,Unknown EMS Scene Arrival Minutes,Unknown,Unknown EMS Hospital Arrival Time,1,Daylight,Clear,1,2,['Front_Passenger'],['None_Used'],0,0,Valid,0.0,0.0,83.0,47.0,"['Male', 'Female']",0,0,4,1,5,Dry,Curve,Level,Lowest,No
32549,48,Texas,481610,0,2,2,0,4,PLANO,June,14,Wednesday,20,21,Urban,Medium Speed (Collector),No,33.03789444,-96.68195278,Simple Junction,Dark - Lighted,Clear,Unknown,Unknown,Unknown EMS Scene Arrival Hour,Unknown EMS Scene Arrival Minutes,Unknown,Unknown EMS Hospital Arrival Time,1,Dark - Lighted,Clear,1,3,['Driver'],['None_Used'],1,1,Valid,1.0,0.0,70.0,35.0,"['Male', 'Male']",1,0,5,1,5,Dry,Curve,Level,Lowest,No