,State_Code,State_Name,Crash_ID,Count_Non_Motorists,Count_Vehicles_Total,Count_Vehicle_Forms,Count_PVH_Involved,Count_Occupants_MV,City_Name,Month_Name,Day_of_Month,Day_of_Week,Crash_Hour,Crash_Minute,Area_Rural_Urban,Road_Functional_Class,On_NHS_Road,Latitude,Longitude,Intersection_Type,Light_Condition,Weather_Condition,Notif_Hour,Notif_Minute,Arrival_Hour,Arrival_Minute,Hospital_Hour,Hospital_Minute,Fatalities_Count,Clean_Light_Condition,Clean_Weather_Condition,Total_Killed,Total_Alive,Fatal_Seats_List,Killed_Restraint_List,Any_Driver_Drinking,Total_Drinking_Drivers,Driver_License_Category,Driver_Max_Prev_Accident_Count,Driver_Max_Prev_Speeding_Count,Max_Driver_Age,Min_Driver_Age,Driver_Sex_List,Total_Exceeding_Limit_Vehicles,Total_Too_Fast_Vehicles,Max_Vehicle_Type_Severity_5,Max_Vehicle_Damage_Rank,Max_Harmful_Event_Severity,Crash_Road_Surface_Condition,Crash_Horizontal_Alignment,Crash_Vertical_Profile,Crash_Impairment_Category,Crash_Vehicle_Defect
32550,48,Texas,481611,0,2,2,0,3,DONNA,June,14,Wednesday,6,33,Urban,High Speed (Arterial),Yes,26.17673889,-98.085375,Non-Intersection,Dawn,Clear,Unknown,Unknown,Unknown EMS Scene Arrival Hour,Unknown EMS Scene Arrival Minutes,Unknown,Unknown EMS Hospital Arrival Time,1,Twilight,Clear,1,2,['Driver'],['None_Used'],1,1,Invalid,0.0,0.0,41.0,33.0,"['Male', 'Male']",0,0,5,1,5,Dry,Straight,Level,Lowest,No
32551,48,Texas,481612,1,1,1,0,2,SUGAR LAND,June,14,Wednesday,22,41,Urban,Medium Speed (Collector),No,29.60268333,-95.58225556,Non-Intersection,Dark - Lighted,Clear,Unknown,Unknown if Notified,Unknown EMS Scene Arrival Hour,Unknown if Arrived,Not Applicable (Not Transported),Not Applicable (Not Transported),1,Dark - Lighted,Clear,0,2,[],[],0,0,Valid,0.0,0.0,41.0,41.0,['Male'],0,0,2,2,4,Dry,Straight,Level,Lowest,No
32552,48,Texas,481613,0,2,2,0,3,NOT APPLICABLE,June,1,Thursday,6,5,Rural,Medium Speed (Collector),No,31.072375,-97.08070278,Non-Intersection,Dawn,Cloudy,Unknown,Unknown,Unknown EMS Scene Arrival Hour,Unknown EMS Scene Arrival Minutes,Unknown,Unknown EMS Hospital Arrival Time,3,Twilight,Reduced Visibility,3,0,"['Driver', 'Driver', 'Front_Passenger']","['Shoulder_Lapbelt', 'None_Used', 'None_Used']",0,0,Valid,0.0,0.0,40.0,28.0,"['Female', 'Male']",2,0,2,1,5,Dry,Straight,Level,Lowest,No
32553,48,Texas,481614,1,2,2,0,7,NOT APPLICABLE,June,11,Sunday,2,35,Rural,Medium Speed (Collector),No,32.23374167,-95.74266111,Non-Intersection,Dark - Not Lighted,Clear,Unknown,Unknown,Unknown EMS Scene Arrival Hour,Unknown EMS Scene Arrival Minutes,Unknown,Unknown EMS Hospital Arrival Time,1,Dark - Unlighted,Clear,0,7,[],[],1,1,Valid,0.0,0.0,19.0,19.0,"['Male', 'Male']",6,0,2,1,5,Dry,Straight,Grade/Hillcrest,Lowest,No
32554,48,Texas,481615,1,2,2,0,3,EL PASO,June,10,Saturday,20,41,Urban,High Speed (Arterial),Yes,31.85501111,-106.43788056,Complex/Circle,Dusk,Clear,Unknown,Unknown,Unknown EMS Scene Arrival Hour,Unknown EMS Scene Arrival Minutes,Unknown,Unknown EMS Hospital Arrival Time,1,Twilight,Clear,0,2,[],[],0,0,Invalid,0.0,0.0,999.0,28.0,"['Other', 'Male']",0,0,3,1,4,Dry,Straight,Level,Lowest,No
32555,48,Texas,481616,1,2,2,0,3,ALLEN,June,17,Saturday,23,45,Urban,Medium Speed (Collector),No,33.10084722,-96.69391389,Non-Intersection,Dark - Lighted,Cloudy,Unknown,Unknown if Notified,Unknown EMS Scene Arrival Hour,Unknown if Arrived,Not Applicable (Not Transported),Not Applicable (Not Transported),1,Dark - Lighted,Reduced Visibility,0,3,[],[],0,0,Valid,1.0,0.0,21.0,21.0,['Female'],0,0,3,2,5,Dry,Straight,Level,Lowest,No
32556,48,Texas,481617,0,1,1,0,1,LUBBOCK,June,7,Wednesday,5,58,Urban,Medium Speed (Collector),No,33.53754167,-101.79186667,Non-Intersection,Dark - Lighted,Clear,Unknown,Unknown,Unknown EMS Scene Arrival Hour,Unknown EMS Scene Arrival Minutes,Unknown,Unknown EMS Hospital Arrival Time,1,Dark - Lighted,Clear,1,0,['Driver'],['Shoulder_Lapbelt'],0,0,Valid,2.0,0.0,64.0,64.0,['Male'],0,0,3,4,3,Dry,Curve,Level,Lowest,No
32557,48,Texas,481618,0,1,1,0,1,NOT APPLICABLE,May,25,Thursday,9,45,Rural,High Speed (Arterial),Yes,32.45603611,-100.53561667,Non-Intersection,Daylight,Cloudy,Unknown,Unknown if Notified,Unknown EMS Scene Arrival Hour,Unknown if Arrived,Not Applicable (Not Transported),Not Applicable (Not Transported),1,Daylight,Reduced Visibility,1,0,['Driver'],['Shoulder_Lapbelt'],0,0,Valid,0.0,0.0,29.0,29.0,['Male'],1,0,3,1,3,Wet/Standing Water,Curve,Level,Lowest,No
32558,48,Texas,481619,0,1,1,0,1,SAN ANTONIO,June,12,Monday,22,30,Urban,High Speed (Arterial),No,29.31469167,-98.47548333,Non-Intersection,Dark - Not Lighted,Clear,Unknown,Unknown,Unknown EMS Scene Arrival Hour,Unknown EMS Scene Arrival Minutes,Unknown,Unknown EMS Hospital Arrival Time,1,Dark - Unlighted,Clear,1,0,['Driver'],['None_Used'],0,0,Invalid,0.0,0.0,54.0,54.0,['Male'],0,0,5,2,1,Dry,Straight,Level,Lowest,Yes
32559,48,Texas,481620,0,3,3,0,3,MANSFIELD,June,15,Thursday,9,35,Urban,High Speed (Arterial),Yes,32.60568889,-97.17799167,Non-Intersection,Daylight,Clear,Unknown,Unknown,Unknown EMS Scene Arrival Hour,Unknown EMS Scene Arrival Minutes,Unknown,Unknown EMS Hospital Arrival Time,1,Daylight,Clear,1,2,['Driver'],['Shoulder_Lapbelt'],0,0,Valid,2.0,0.0,53.0,29.0,"['Female', 'Male', 'Male']",1,0,4,2,5,Dry,Straight,Level,Lowest,No
32560,48,Texas,481621,0,1,1,0,2,FORT WORTH,June,18,Sunday,2,19,Urban,Low Speed (Local),No,32.78961944,-97.30746389,Non-Intersection,Dark - Not Lighted,Clear,Unknown,Unknown,Unknown EMS Scene Arrival Hour,Unknown EMS Scene Arrival Minutes,Unknown,Unknown EMS Hospital Arrival Time,1,Dark - Unlighted,Clear,1,1,['Rear_Seat'],['None_Used'],0,0,Valid,0.0,0.0,31.0,31.0,['Male'],0,0,5,2,3,Dry,Straight,Level,Lowest,Yes
32561,48,Texas,481622,1,1,1,0,1,AUSTIN,June,18,Sunday,4,51,Urban,High Speed (Arterial),Yes,30.35096389,-97.79635556,Non-Intersection,Dark - Not Lighted,Clear,Unknown,Unknown if Notified,Unknown EMS Scene Arrival Hour,Unknown if Arrived,Not Applicable (Not Transported),Not Applicable (Not Transported),1,Dark - Unlighted,Clear,0,1,[],[],0,0,Valid,0.0,0.0,31.0,31.0,['Male'],0,0,2,1,4,Dry,Straight,Level,Lowest,No
32562,48,Texas,481623,0,1,1,0,1,LUBBOCK,June,13,Tuesday,23,37,Urban,Low Speed (Local),No,33.55601667,-101.84128333,Non-Intersection,Dark - Lighted,Clear,Unknown,Unknown if Notified,Unknown EMS Scene Arrival Hour,Unknown if Arrived,Not Applicable (Not Transported),Not Applicable (Not Transported),1,Dark - Lighted,Clear,1,0,['Driver'],['None_Used'],1,1,Invalid,0.0,0.0,39.0,39.0,['Male'],1,0,3,2,3,Dry,Straight,Level,Lowest,No
32563,48,Texas,481624,0,1,1,0,1,NOT APPLICABLE,June,16,Friday,5,34,Rural,Medium Speed (Collector),No,31.09926389,-95.47671389,Non-Intersection,Dark - Not Lighted,Cloudy,Unknown,Unknown if Notified,Unknown EMS Scene Arrival Hour,Unknown if Arrived,Not Applicable (Not Transported),Not Applicable (Not Transported),1,Dark - Unlighted,Reduced Visibility,1,0,['Driver'],['None_Used'],0,0,Valid,0.0,0.0,75.0,75.0,['Male'],0,0,3,1,3,Dry,Curve,Level,Lowest,No
32564,48,Texas,481625,0,2,2,0,3,DESOTO,June,16,Friday,7,22,Urban,High Speed (Arterial),Yes,32.59001389,-96.90733056,Non-Intersection,Daylight,Clear,Unknown,Unknown,Unknown EMS Scene Arrival Hour,Unknown EMS Scene Arrival Minutes,Unknown,Unknown EMS Hospital Arrival Time,1,Daylight,Clear,1,2,['Driver'],['Shoulder_Lapbelt'],0,0,Valid,1.0,0.0,62.0,39.0,"['Female', 'Female', 'Female']",0,0,3,1,5,Dry,Straight,Level,Lowest,No
32565,48,Texas,481626,0,2,1,1,1,FORT WORTH,June,16,Friday,5,11,Urban,Low Speed (Local),No,32.76639444,-97.20328611,Non-Intersection,Dark - Not Lighted,Clear,Unknown,Unknown,Unknown EMS Scene Arrival Hour,Unknown EMS Scene Arrival Minutes,Unknown,Unknown EMS Hospital Arrival Time,1,Dark - Unlighted,Clear,1,0,['Driver'],['None_Used'],0,0,Valid,0.0,0.0,52.0,52.0,['Male'],0,0,5,2,5,Dry,Straight,Level,Medium,No
32566,48,Texas,481627,0,2,2,0,3,DALLAS,June,17,Saturday,7,20,Urban,Medium Speed (Collector),No,32.74598889,-96.75844444,Complex/Circle,Daylight,Clear,Unknown,Unknown,Unknown EMS Scene Arrival Hour,Unknown EMS Scene Arrival Minutes,Unknown,Unknown EMS Hospital Arrival Time,1,Daylight,Clear,1,2,['Driver'],['Shoulder_Lapbelt'],0,0,Invalid,0.0,0.0,63.0,37.0,"['Female', 'Male']",0,0,3,1,5,Dry,Straight,Level,Lowest,No
32567,48,Texas,481628,0,3,3,0,4,NOT APPLICABLE,June,12,Monday,13,52,Rural,High Speed (Arterial),Yes,32.49676944,-95.57565556,Non-Intersection,Daylight,Clear,Unknown,Unknown,Unknown EMS Scene Arrival Hour,Unknown EMS Scene Arrival Minutes,Unknown,Unknown EMS Hospital Arrival Time,1,Daylight,Clear,1,3,['Driver'],['Shoulder_Lapbelt'],0,0,Invalid,0.0,0.0,71.0,41.0,"['Male', 'Female', 'Female']",1,0,3,2,5,Dry,Straight,Grade/Hillcrest,Lowest,No
32568,48,Texas,481629,1,2,2,0,7,DESOTO,June,20,Tuesday,2,2,Urban,High Speed (Arterial),Yes,32.5981,-96.82264722,Non-Intersection,Dark - Not Lighted,Clear,Unknown,Unknown if Notified,Unknown EMS Scene Arrival Hour,Unknown if Arrived,Not Applicable (Not Transported),Not Applicable (Not Transported),1,Dark - Unlighted,Clear,0,7,[],[],0,0,Valid,0.0,2.0,64.0,37.0,"['Female', 'Male']",0,0,3,2,4,Dry,Straight,Level,Lowest,No
32569,48,Texas,481630,1,4,4,0,4,PFLUGERVILLE,June,13,Tuesday,3,36,Urban,High Speed (Arterial),Yes,30.45768889,-97.59405278,Non-Intersection,Dark - Lighted,Clear,Unknown,Unknown if Notified,Unknown EMS Scene Arrival Hour,Unknown if Arrived,Not Applicable (Not Transported),Not Applicable (Not Transported),1,Dark - Lighted,Clear,0,4,[],[],0,0,Valid,1.0,1.0,61.0,49.0,"['Male', 'Male', 'Male', 'Male']",0,0,4,3,4,Dry,Curve,Level,Lowest,No
32570,48,Texas,481631,0,1,1,0,2,FORT WORTH,June,14,Wednesday,17,25,Urban,Medium Speed (Collector),No,32.77136944,-97.47629444,Simple Junction,Daylight,Clear,Unknown,Unknown,Unknown EMS Scene Arrival Hour,Unknown EMS Scene Arrival Minutes,Unknown,Unknown EMS Hospital Arrival Time,1,Daylight,Clear,1,1,['Driver'],['Shoulder_Lapbelt'],0,0,Valid,1.0,1.0,26.0,26.0,['Female'],0,0,3,1,2,Dry,Straight,Level,Lowest,No
32571,48,Texas,481632,1,1,1,0,1,LLANO,June,3,Saturday,21,42,Rural,Medium Speed (Collector),No,30.75972778,-98.68620278,Non-Intersection,Dark - Unknown Lighting,Clear,Unknown,Unknown if Notified,Unknown EMS Scene Arrival Hour,Unknown if Arrived,Not Applicable (Not Transported),Not Applicable (Not Transported),1,Dark - Unlighted,Clear,0,1,[],[],0,0,Valid,0.0,0.0,72.0,72.0,['Male'],0,0,3,1,4,Dry,Curve,Level,Lowest,No
32572,48,Texas,481633,0,2,2,0,2,NOT APPLICABLE,June,8,Thursday,14,35,Rural,Medium Speed (Collector),No,29.35926389,-97.08723333,Non-Intersection,Daylight,Clear,Unknown,Unknown,Unknown EMS Scene Arrival Hour,Unknown EMS Scene Arrival Minutes,Unknown,Unknown EMS Hospital Arrival Time,1,Daylight,Clear,1,1,['Driver'],['Shoulder_Lapbelt'],0,0,Valid,1.0,0.0,74.0,20.0,"['Female', 'Female']",0,0,4,1,5,Dry,Straight,Level,Lowest,No
32573,48,Texas,481634,0,2,2,0,3,NOT APPLICABLE,June,14,Wednesday,11,31,Rural,Medium Speed (Collector),No,29.87458333,-95.85676667,Non-Intersection,Daylight,Clear,Unknown,Unknown,Unknown EMS Scene Arrival Hour,Unknown EMS Scene Arrival Minutes,Unknown,Unknown EMS Hospital Arrival Time,2,Daylight,Clear,2,1,"['Front_Passenger', 'Driver']","['Shoulder_Lapbelt', 'None_Used']",0,0,Valid,0.0,0.0,63.0,42.0,"['Male', 'Male']",1,0,3,1,5,Dry,Straight,Level,Lowest,No
32574,48,Texas,481635,0,2,2,0,3,NOT APPLICABLE,June,11,Sunday,10,26,Rural,High Speed (Arterial),Yes,32.70140278,-102.28030278,Non-Intersection,Daylight,Clear,Unknown,Unknown if Notified,Unknown EMS Scene Arrival Hour,Unknown if Arrived,Not Applicable (Not Transported),Not Applicable (Not Transported),1,Daylight,Clear,1,2,['Driver'],['None_Used'],0,0,Valid,0.0,1.0,64.0,54.0,"['Male', 'Male']",0,0,5,3,5,Dry,Straight,Grade/Hillcrest,Lowest,Yes
32575,48,Texas,481636,0,1,1,0,2,NOT APPLICABLE,June,8,Thursday,20,19,Rural,High Speed (Arterial),Yes,30.20280833,-99.37612778,Non-Intersection,Daylight,Clear,Unknown,Unknown,Unknown EMS Scene Arrival Hour,Unknown EMS Scene Arrival Minutes,Unknown,Unknown EMS Hospital Arrival Time,1,Daylight,Clear,1,1,['Driver'],['None_Used'],0,0,Invalid,0.0,0.0,37.0,37.0,['Male'],0,0,3,1,3,Dry,Straight,Level,Lowest,Yes
32576,48,Texas,481638,0,2,2,0,3,MIDLAND,June,12,Monday,12,56,Urban,Medium Speed (Collector),No,31.98256389,-102.05950833,Complex/Circle,Daylight,Clear,Unknown,Unknown,Unknown EMS Scene Arrival Hour,Unknown EMS Scene Arrival Minutes,Unknown,Unknown EMS Hospital Arrival Time,1,Daylight,Clear,1,2,['Front_Passenger'],['Shoulder_Lapbelt'],0,0,Valid,1.0,1.0,67.0,33.0,"['Male', 'Female']",1,0,3,2,5,Dry,Straight,Level,Lowest,No
32577,48,Texas,481639,0,2,2,0,2,NOT APPLICABLE,June,13,Tuesday,6,11,Rural,Medium Speed (Collector),No,31.47535833,-102.76912222,Non-Intersection,Dark - Unknown Lighting,Clear,Unknown,Unknown if Notified,Unknown EMS Scene Arrival Hour,Unknown if Arrived,Not Applicable (Not Transported),Not Applicable (Not Transported),1,Dark - Unlighted,Clear,1,1,['Driver'],['Shoulder_Lapbelt'],0,0,Valid,1.0,0.0,47.0,18.0,"['Male', 'Male']",0,0,4,4,5,Dry,Straight,Level,Medium,No
32578,48,Texas,481640,4,3,1,2,1,ROUND ROCK,June,18,Sunday,4,0,Urban,High Speed (Arterial),Yes,30.56086111,-97.69241111,Non-Intersection,Dark - Lighted,Clear,4:00am-4:59am,3,4:00am-4:59am,12,4:00am-4:59am,47,1,Dark - Lighted,Clear,0,1,[],[],0,0,Valid,0.0,1.0,34.0,34.0,['Male'],1,0,3,1,4,Dry,Straight,Level,Lowest,No
32579,48,Texas,481641,0,2,2,0,2,NOT APPLICABLE,May,26,Friday,5,53,Urban,High Speed (Arterial),Yes,29.49626667,-98.19959167,Non-Intersection,Dark - Not Lighted,Clear,Unknown,Unknown if Notified,Unknown EMS Scene Arrival Hour,Unknown if Arrived,Not Applicable (Not Transported),Not Applicable (Not Transported),1,Dark - Unlighted,Clear,1,1,['Driver'],['None_Used'],0,0,Valid,0.0,0.0,71.0,69.0,"['Male', 'Male']",1,0,4,1,5,Dry,Straight,Level,Lowest,No
32580,48,Texas,481642,2,1,1,0,2,HOUSTON,April,30,Sunday,18,4,Urban,Low Speed (Local),No,29.85785,-95.278075,Complex/Circle,Daylight,Clear,Unknown,Unknown,Unknown EMS Scene Arrival Hour,Unknown EMS Scene Arrival Minutes,Unknown,Unknown EMS Hospital Arrival Time,1,Daylight,Clear,1,1,['Front_Passenger'],['None_Used'],1,1,Invalid,0.0,0.0,34.0,34.0,['Male'],0,0,3,1,3,Dry,Straight,Level,Lowest,No
32581,48,Texas,481643,0,1,1,0,2,ROMAN FOREST,June,17,Saturday,1,46,Urban,Low Speed (Local),No,30.18473333,-95.16153611,Non-Intersection,Dark - Not Lighted,Clear,Unknown,Unknown if Notified,Unknown EMS Scene Arrival Hour,Unknown if Arrived,Not Applicable (Not Transported),Not Applicable (Not Transported),2,Dark - Unlighted,Clear,2,0,"['Driver', 'Front_Passenger']","['Shoulder_Lapbelt', 'Shoulder_Lapbelt']",1,1,Valid,1.0,0.0,18.0,18.0,['Male'],2,0,2,1,3,Dry,Curve,Level,Lowest,No
32582,48,Texas,481644,0,1,1,0,1,BEAUMONT,June,17,Saturday,6,4,Urban,High Speed (Arterial),Yes,30.03025833,-94.08209444,Non-Intersection,Dark - Lighted,Clear,Unknown,Unknown if Notified,Unknown EMS Scene Arrival Hour,Unknown if Arrived,Not Applicable (Not Transported),Not Applicable (Not Transported),1,Dark - Lighted,Clear,1,0,['Driver'],['None_Used'],1,1,Invalid,0.0,0.0,33.0,33.0,['Female'],1,0,3,1,3,Dry,Straight,Level,Lowest,No
32583,48,Texas,481645,0,2,2,0,3,NOT APPLICABLE,June,18,Sunday,15,23,Rural,Medium Speed (Collector),No,31.66175,-97.26344722,Complex/Circle,Daylight,Clear,Unknown,Unknown,Unknown EMS Scene Arrival Hour,Unknown EMS Scene Arrival Minutes,Unknown,Unknown EMS Hospital Arrival Time,1,Daylight,Clear,1,2,['Rear_Seat'],['None_Used'],0,0,Valid,0.0,0.0,81.0,17.0,"['Male', 'Female']",0,0,3,1,5,Dry,Straight,Level,Lowest,No
32584,48,Texas,481646,1,1,1,0,5,LUBBOCK,June,16,Friday,21,7,Urban,High Speed (Arterial),Yes,33.58985278,-101.85516944,Non-Intersection,Dark - Lighted,Clear,Unknown,Unknown if Notified,Unknown EMS Scene Arrival Hour,Unknown if Arrived,Not Applicable (Not Transported),Not Applicable (Not Transported),1,Dark - Lighted,Clear,0,5,[],[],0,0,Valid,0.0,0.0,29.0,29.0,['Female'],0,0,3,2,4,Dry,Straight,Level,Lowest,No
32585,48,Texas,481647,1,1,1,0,1,HOUSTON,June,15,Thursday,19,43,Urban,Medium Speed (Collector),No,29.86421111,-95.38483889,Non-Intersection,Daylight,Cloudy,Unknown,Unknown if Notified,Unknown EMS Scene Arrival Hour,Unknown if Arrived,Not Applicable (Not Transported),Not Applicable (Not Transported),1,Daylight,Reduced Visibility,0,1,[],[],0,0,Invalid,0.0,1.0,25.0,25.0,['Male'],1,0,2,2,4,Dry,Straight,Level,Lowest,No
32586,48,Texas,481648,0,2,2,0,5,NOT APPLICABLE,June,19,Monday,7,55,Rural,High Speed (Arterial),Yes,30.06978889,-98.92121944,Non-Intersection,Daylight,Clear,Unknown,Unknown if Notified,Unknown EMS Scene Arrival Hour,Unknown if Arrived,Not Applicable (Not Transported),Not Applicable (Not Transported),5,Daylight,Clear,5,0,"['Driver', 'Front_Passenger', 'Rear_Seat', 'Rear_Seat', 'Driver']","['Shoulder_Lapbelt', 'Shoulder_Lapbelt', 'None_Used', 'Shoulder_Lapbelt', 'Shoulder_Lapbelt']",0,0,Invalid,0.0,0.0,32.0,32.0,"['Male', 'Male']",0,0,3,1,5,Dry,Straight,Level,Lowest,No
32587,48,Texas,481649,0,1,1,0,3,NOT APPLICABLE,June,10,Saturday,13,58,Rural,Medium Speed (Collector),No,30.01291944,-99.36618056,Non-Intersection,Daylight,Clear,1:00pm-1:59pm,59,2:00pm-2:59pm,23,2:00pm-2:59pm,59,1,Daylight,Clear,1,2,['Front_Passenger'],['None_Used'],0,0,Invalid,0.0,0.0,25.0,25.0,['Male'],0,0,3,1,3,Dry,Curve,Level,Lowest,Yes
32588,48,Texas,481650,0,1,1,0,1,NOT APPLICABLE,June,19,Monday,21,41,Rural,Low Speed (Local),No,29.19340833,-95.51837778,Simple Junction,Dark - Not Lighted,Cloudy,Unknown,Unknown if Notified,Unknown EMS Scene Arrival Hour,Unknown if Arrived,Not Applicable (Not Transported),Not Applicable (Not Transported),1,Dark - Unlighted,Reduced Visibility,1,0,['Driver'],['None_Used'],1,1,Invalid,0.0,0.0,37.0,37.0,['Female'],1,0,2,1,3,Dry,Curve,Level,Lowest,No
32589,48,Texas,481651,0,2,2,0,2,NOT APPLICABLE,June,21,Wednesday,0,18,Rural,High Speed (Arterial),Yes,30.14754167,-97.48312778,Non-Intersection,Dark - Not Lighted,Clear,Unknown,Unknown if Notified,Unknown EMS Scene Arrival Hour,Unknown if Arrived,Not Applicable (Not Transported),Not Applicable (Not Transported),2,Dark - Unlighted,Clear,2,0,"['Driver', 'Driver']","['Shoulder_Lapbelt', 'Shoulder_Lapbelt']",1,1,Valid,0.0,2.0,56.0,34.0,"['Female', 'Male']",0,0,2,1,5,Dry,Straight,Grade/Hillcrest,Lowest,No
32590,48,Texas,481652,0,1,1,0,1,NOT APPLICABLE,May,24,Wednesday,17,47,Rural,Medium Speed (Collector),No,32.61778889,-97.777225,Non-Intersection,Daylight,Clear,Unknown,Unknown,Unknown EMS Scene Arrival Hour,Unknown EMS Scene Arrival Minutes,Unknown,Unknown EMS Hospital Arrival Time,1,Daylight,Clear,1,0,['Driver'],['None_Used'],0,0,Valid,0.0,0.0,68.0,68.0,['Male'],1,0,5,1,3,Dry,Curve,Level,Lowest,No
32591,48,Texas,481653,0,2,2,0,4,HOUSTON,June,7,Wednesday,18,5,Urban,Low Speed (Local),No,29.77930833,-95.29939444,Non-Intersection,Daylight,Clear,Unknown,Unknown,Unknown EMS Scene Arrival Hour,Unknown EMS Scene Arrival Minutes,Unknown,Unknown EMS Hospital Arrival Time,2,Daylight,Clear,2,2,"['Driver', 'Front_Passenger']","['Shoulder_Lapbelt', 'Shoulder_Lapbelt']",1,1,Valid,0.0,0.0,46.0,27.0,"['Male', 'Male']",1,0,3,1,5,Dry,Straight,Level,Lowest,No
32592,48,Texas,481654,0,1,1,0,1,NOT APPLICABLE,June,8,Thursday,12,30,Rural,High Speed (Arterial),Yes,32.51962778,-96.26945556,Non-Intersection,Daylight,Cloudy,Unknown,Unknown if Notified,Unknown EMS Scene Arrival Hour,Unknown if Arrived,Not Applicable (Not Transported),Not Applicable (Not Transported),1,Daylight,Reduced Visibility,1,0,['Driver'],['Shoulder_Lapbelt'],0,0,Valid,0.0,0.0,56.0,56.0,['Female'],0,0,3,1,3,Dry,Straight,Level,Medium,No
32593,48,Texas,481655,0,2,2,0,2,BROWNFIELD,June,13,Tuesday,16,22,Urban,High Speed (Arterial),Yes,33.16294722,-102.28869444,Simple Junction,Daylight,Clear,Unknown,Unknown,Unknown EMS Scene Arrival Hour,Unknown EMS Scene Arrival Minutes,Unknown,Unknown EMS Hospital Arrival Time,1,Daylight,Clear,1,1,['Driver'],['Shoulder_Lapbelt'],0,0,Valid,0.0,0.0,69.0,22.0,"['Female', 'Male']",1,0,4,2,5,Dry,Straight,Level,Lowest,No
32594,48,Texas,481656,0,1,1,0,1,NOT APPLICABLE,June,16,Friday,13,30,Rural,Medium Speed (Collector),No,31.78932778,-95.09909722,Non-Intersection,Daylight,Clear,Unknown,Unknown,Unknown EMS Scene Arrival Hour,Unknown EMS Scene Arrival Minutes,Unknown,Unknown EMS Hospital Arrival Time,1,Daylight,Clear,1,0,['Driver'],['None_Used'],0,0,Valid,0.0,2.0,39.0,39.0,['Female'],1,0,2,4,3,Dry,Curve,Grade/Hillcrest,Lowest,No
32595,48,Texas,481657,0,2,2,0,3,NOT APPLICABLE,June,18,Sunday,22,15,Rural,High Speed (Arterial),Yes,28.02837778,-97.53055278,Complex/Circle,Dark - Not Lighted,Clear,Unknown,Unknown,Unknown EMS Scene Arrival Hour,Unknown EMS Scene Arrival Minutes,Unknown,Unknown EMS Hospital Arrival Time,1,Dark - Unlighted,Clear,1,2,['Driver'],['None_Used'],0,0,Valid,0.0,0.0,62.0,58.0,"['Male', 'Male']",0,0,3,4,5,Dry,Straight,Level,Lowest,No
32596,48,Texas,481658,0,5,5,0,5,NOT APPLICABLE,June,10,Saturday,17,10,Rural,High Speed (Arterial),Yes,31.92513889,-98.53248056,Non-Intersection,Daylight,Clear,Unknown,Unknown,Unknown EMS Scene Arrival Hour,Unknown EMS Scene Arrival Minutes,Unknown,Unknown EMS Hospital Arrival Time,2,Daylight,Clear,2,3,"['Driver', 'Driver']","['None_Used', 'None_Used']",0,0,Invalid,1.0,1.0,78.0,32.0,"['Male', 'Female', 'Male', 'Male', 'Male']",0,0,5,2,5,Dry,Straight,Level,Medium,No
32597,48,Texas,481659,0,2,2,0,4,EL PASO,June,21,Wednesday,14,29,Urban,High Speed (Arterial),Yes,31.94084444,-106.40764444,Complex/Circle,Daylight,Clear,Unknown,Unknown,Unknown EMS Scene Arrival Hour,Unknown EMS Scene Arrival Minutes,Unknown,Unknown EMS Hospital Arrival Time,2,Daylight,Clear,2,2,"['Driver', 'Front_Passenger']","['Shoulder_Lapbelt', 'Shoulder_Lapbelt']",0,0,Valid,0.0,0.0,31.0,19.0,"['Male', 'Female']",2,0,3,1,5,Dry,Straight,Level,Lowest,No
32598,48,Texas,481660,0,2,2,0,2,NOT APPLICABLE,June,4,Sunday,17,24,Rural,High Speed (Arterial),Yes,31.70321111,-98.84858611,Non-Intersection,Daylight,Clear,Unknown,Unknown,Unknown EMS Scene Arrival Hour,Unknown EMS Scene Arrival Minutes,Unknown,Unknown EMS Hospital Arrival Time,1,Daylight,Clear,1,1,['Driver'],['Shoulder_Lapbelt'],0,0,Valid,0.0,0.0,91.0,32.0,"['Female', 'Female']",0,0,3,1,5,Dry,Straight,Grade/Hillcrest,Lowest,No
32599,48,Texas,481661,1,1,1,0,1,HOUSTON,June,9,Friday,2,0,Urban,High Speed (Arterial),Yes,29.67466111,-95.55988889,Complex/Circle,Dark - Lighted,Cloudy,Unknown,Unknown if Notified,Unknown EMS Scene Arrival Hour,Unknown if Arrived,Not Applicable (Not Transported),Not Applicable (Not Transported),1,Dark - Lighted,Reduced Visibility,0,1,[],[],0,0,Invalid,0.0,0.0,999.0,999.0,['Other'],1,0,1,1,4,Dry,Straight,Level,Lowest,No
32600,48,Texas,481662,1,1,1,0,1,MIDLAND,June,9,Friday,21,36,Urban,High Speed (Arterial),Yes,31.98010833,-102.11213611,Complex/Circle,Dark - Not Lighted,Cloudy,Unknown,Unknown if Notified,Unknown EMS Scene Arrival Hour,Unknown if Arrived,Not Applicable (Not Transported),Not Applicable (Not Transported),1,Dark - Unlighted,Reduced Visibility,0,1,[],[],0,0,Valid,0.0,1.0,49.0,49.0,['Male'],0,0,3,1,4,Dry,Curve,Level,Lowest,No