,State_Code,State_Name,Crash_ID,Count_Non_Motorists,Count_Vehicles_Total,Count_Vehicle_Forms,Count_PVH_Involved,Count_Occupants_MV,City_Name,Month_Name,Day_of_Month,Day_of_Week,Crash_Hour,Crash_Minute,Area_Rural_Urban,Road_Functional_Class,On_NHS_Road,Latitude,Longitude,Intersection_Type,Light_Condition,Weather_Condition,Notif_Hour,Notif_Minute,Arrival_Hour,Arrival_Minute,Hospital_Hour,Hospital_Minute,Fatalities_Count,Clean_Light_Condition,Clean_Weather_Condition,Total_Killed,Total_Alive,Fatal_Seats_List,Killed_Restraint_List,Any_Driver_Drinking,Total_Drinking_Drivers,Driver_License_Category,Driver_Max_Prev_Accident_Count,Driver_Max_Prev_Speeding_Count,Max_Driver_Age,Min_Driver_Age,Driver_Sex_List,Total_Exceeding_Limit_Vehicles,Total_Too_Fast_Vehicles,Max_Vehicle_Type_Severity_5,Max_Vehicle_Damage_Rank,Max_Harmful_Event_Severity,Crash_Road_Surface_Condition,Crash_Horizontal_Alignment,Crash_Vertical_Profile,Crash_Impairment_Category,Crash_Vehicle_Defect
32601,48,Texas,481663,0,2,2,0,2,NOT APPLICABLE,June,19,Monday,3,2,Rural,Medium Speed (Collector),No,35.64348611,-101.47723056,Non-Intersection,Dark - Not Lighted,Clear,Unknown,Unknown if Notified,Unknown EMS Scene Arrival Hour,Unknown if Arrived,Not Applicable (Not Transported),Not Applicable (Not Transported),2,Dark - Unlighted,Clear,2,0,"['Driver', 'Driver']","['None_Used', 'None_Used']",1,2,Invalid,1.0,2.0,35.0,21.0,"['Male', 'Female']",0,0,2,1,5,Dry,Straight,Grade/Hillcrest,Lowest,No
32602,48,Texas,481664,1,1,1,0,1,NOT APPLICABLE,June,12,Monday,5,33,Urban,High Speed (Arterial),Yes,34.150475,-99.25337778,Non-Intersection,Dark - Not Lighted,Cloudy,Unknown,Unknown if Notified,Unknown EMS Scene Arrival Hour,Unknown if Arrived,Not Applicable (Not Transported),Not Applicable (Not Transported),1,Dark - Unlighted,Reduced Visibility,0,1,[],[],0,0,Valid,0.0,3.0,21.0,21.0,['Female'],0,0,2,1,4,Dry,Straight,Level,Lowest,No
32603,48,Texas,481665,0,3,3,0,5,NOT APPLICABLE,June,9,Friday,11,14,Rural,High Speed (Arterial),Yes,34.14043611,-99.19528056,Complex/Circle,Daylight,Clear,Unknown,Unknown,Unknown EMS Scene Arrival Hour,Unknown EMS Scene Arrival Minutes,Unknown,Unknown EMS Hospital Arrival Time,1,Daylight,Clear,1,4,['Driver'],['Shoulder_Lapbelt'],0,0,Valid,0.0,0.0,61.0,19.0,"['Male', 'Male', 'Female']",1,0,4,4,5,Dry,Straight,Level,Lowest,No
32604,48,Texas,481666,0,2,2,0,4,NOT APPLICABLE,June,8,Thursday,5,55,Rural,Medium Speed (Collector),No,29.68499167,-97.417525,Complex/Circle,Dark - Not Lighted,Clear,Unknown,Unknown,Unknown EMS Scene Arrival Hour,Unknown EMS Scene Arrival Minutes,Unknown,Unknown EMS Hospital Arrival Time,1,Dark - Unlighted,Clear,1,3,['Driver'],['Shoulder_Lapbelt'],0,0,Valid,0.0,0.0,67.0,28.0,"['Male', 'Female']",0,0,4,1,5,Dry,Straight,Level,Lowest,No
32605,48,Texas,481667,0,2,2,0,2,ALMA,May,17,Wednesday,10,39,Rural,High Speed (Arterial),Yes,32.28386111,-96.53897778,Non-Intersection,Daylight,Clear,Unknown,Unknown if Notified,Unknown EMS Scene Arrival Hour,Unknown if Arrived,Not Applicable (Not Transported),Not Applicable (Not Transported),1,Daylight,Clear,1,1,['Driver'],['Shoulder_Lapbelt'],0,0,Valid,1.0,1.0,60.0,55.0,"['Male', 'Male']",1,0,4,4,5,Dry,Straight,Level,Lowest,No
32606,48,Texas,481668,0,2,2,0,4,HOUSTON,June,17,Saturday,15,59,Urban,High Speed (Arterial),Yes,29.7692,-95.32099444,Non-Intersection,Daylight,Clear,Unknown,Unknown,Unknown EMS Scene Arrival Hour,Unknown EMS Scene Arrival Minutes,4:00pm-4:59pm,28,1,Daylight,Clear,1,3,['Driver'],['Shoulder_Lapbelt'],1,1,Invalid,0.0,0.0,34.0,32.0,"['Male', 'Female']",1,0,2,1,5,Dry,Curve,Level,Lowest,No
32607,48,Texas,481670,0,4,4,0,4,HOUSTON,June,7,Wednesday,22,25,Urban,High Speed (Arterial),Yes,29.78506389,-95.59648056,Non-Intersection,Dark - Lighted,Clear,Unknown,Unknown,Unknown EMS Scene Arrival Hour,Unknown EMS Scene Arrival Minutes,Unknown,Unknown EMS Hospital Arrival Time,1,Dark - Lighted,Clear,1,3,['Driver'],['None_Used'],0,0,Valid,1.0,0.0,44.0,20.0,"['Male', 'Male', 'Male', 'Male']",3,0,5,1,5,Dry,Straight,Level,Lowest,No
32608,48,Texas,481671,1,1,1,0,1,DALLAS,June,1,Thursday,6,52,Rural,Low Speed (Local),No,32.69460556,-96.77325833,Non-Intersection,Dawn,Clear,Unknown,Unknown,Unknown EMS Scene Arrival Hour,Unknown EMS Scene Arrival Minutes,Unknown,Unknown EMS Hospital Arrival Time,1,Twilight,Clear,0,1,[],[],0,0,Valid,0.0,0.0,27.0,27.0,['Male'],0,0,3,1,4,Dry,Straight,Non-Trafficway,Lowest,No
32609,48,Texas,481672,0,1,1,0,1,HOUSTON,June,4,Sunday,2,50,Urban,High Speed (Arterial),Yes,29.73267222,-95.38095833,Non-Intersection,Dark - Lighted,Rain,Unknown,Unknown if Notified,Unknown EMS Scene Arrival Hour,Unknown if Arrived,Not Applicable (Not Transported),Not Applicable (Not Transported),1,Dark - Lighted,Rain/Wind/Minor,1,0,['Driver'],['Shoulder_Lapbelt'],1,1,Invalid,1.0,2.0,32.0,32.0,['Male'],0,0,2,4,3,Wet/Standing Water,Straight,Level,Lowest,No
32610,48,Texas,481673,0,3,3,0,4,NOT APPLICABLE,May,26,Friday,14,25,Rural,High Speed (Arterial),Yes,32.67697222,-96.17830556,Non-Intersection,Daylight,Clear,Unknown,Unknown if Notified,Unknown EMS Scene Arrival Hour,Unknown if Arrived,Not Applicable (Not Transported),Not Applicable (Not Transported),1,Daylight,Clear,1,3,['Driver'],['Shoulder_Lapbelt'],0,0,Valid,0.0,3.0,51.0,35.0,"['Male', 'Male', 'Male']",1,0,4,4,5,Dry,Straight,Level,Lowest,No
32611,48,Texas,481674,0,1,1,0,9,EL PASO,June,18,Sunday,2,47,Urban,High Speed (Arterial),Yes,31.84355833,-106.59170556,Complex/Circle,Dark - Lighted,Clear,Unknown,Unknown,Unknown EMS Scene Arrival Hour,Unknown EMS Scene Arrival Minutes,Unknown,Unknown EMS Hospital Arrival Time,2,Dark - Lighted,Clear,2,7,"['Driver', 'Front_Passenger']","['Shoulder_Lapbelt', 'Shoulder_Lapbelt']",0,0,Invalid,0.0,0.0,18.0,18.0,['Male'],9,0,2,1,2,Dry,Straight,Level,Lowest,No
32612,48,Texas,481675,0,1,1,0,1,AZLE,June,24,Saturday,20,44,Urban,High Speed (Arterial),Yes,32.90175278,-97.55080833,Non-Intersection,Dusk,Clear,Unknown,Unknown,Unknown EMS Scene Arrival Hour,Unknown EMS Scene Arrival Minutes,Unknown,Unknown EMS Hospital Arrival Time,1,Twilight,Clear,1,0,['Driver'],['None_Used'],0,0,Valid,0.0,1.0,63.0,63.0,['Male'],0,0,5,1,2,Dry,Straight,Level,Lowest,No
32613,48,Texas,481676,0,1,1,0,1,DALLAS,June,12,Monday,19,46,Urban,Medium Speed (Collector),No,32.9256,-96.83205278,Non-Intersection,Daylight,Cloudy,Unknown,Unknown,Unknown EMS Scene Arrival Hour,Unknown EMS Scene Arrival Minutes,Unknown,Unknown EMS Hospital Arrival Time,1,Daylight,Reduced Visibility,1,0,['Driver'],['None_Used'],1,1,Valid,2.0,0.0,50.0,50.0,['Male'],0,0,3,2,3,Dry,Curve,Level,Lowest,No
32614,48,Texas,481677,0,1,1,0,3,DALLAS,June,19,Monday,14,5,Urban,Medium Speed (Collector),No,32.89478889,-96.78972778,Non-Intersection,Daylight,Clear,Unknown,Unknown,Unknown EMS Scene Arrival Hour,Unknown EMS Scene Arrival Minutes,Unknown,Unknown EMS Hospital Arrival Time,1,Daylight,Clear,1,2,['Rear_Seat'],['Shoulder_Lapbelt'],0,0,Valid,0.0,0.0,73.0,73.0,['Male'],0,0,2,1,3,Dry,Straight,Level,Medium,No
32615,48,Texas,481678,0,2,2,0,4,NOT APPLICABLE,May,29,Monday,0,12,Rural,High Speed (Arterial),Yes,29.37323333,-98.77748611,Non-Intersection,Dark - Not Lighted,Cloudy,Unknown,Unknown,Unknown EMS Scene Arrival Hour,Unknown EMS Scene Arrival Minutes,Unknown,Unknown EMS Hospital Arrival Time,1,Dark - Unlighted,Reduced Visibility,1,3,['Driver'],['Shoulder_Lapbelt'],1,1,Valid,0.0,1.0,39.0,22.0,"['Male', 'Male']",0,0,3,1,5,Dry,Straight,Level,Lowest,No
32616,48,Texas,481679,1,1,1,0,1,NOT APPLICABLE,June,19,Monday,23,30,Urban,Medium Speed (Collector),No,32.41111944,-94.70250278,Non-Intersection,Dark - Not Lighted,Clear,Unknown,Unknown,Unknown EMS Scene Arrival Hour,Unknown EMS Scene Arrival Minutes,Unknown,Unknown EMS Hospital Arrival Time,1,Dark - Unlighted,Clear,0,0,[],[],0,0,Invalid,0.0,0.0,999.0,999.0,['Other'],0,0,1,0,4,Dry,Straight,Level,Lowest,No
32617,48,Texas,481680,0,2,2,0,3,SELMA,May,10,Wednesday,21,52,Urban,Medium Speed (Collector),No,29.58756667,-98.32489722,Complex/Circle,Dark - Lighted,Clear,Unknown,Unknown,Unknown EMS Scene Arrival Hour,Unknown EMS Scene Arrival Minutes,Unknown,Unknown EMS Hospital Arrival Time,1,Dark - Lighted,Clear,1,2,['Front_Passenger'],['Shoulder_Lapbelt'],1,1,Valid,0.0,0.0,54.0,40.0,"['Male', 'Female']",0,0,3,1,5,Dry,Straight,Level,Lowest,No
32618,48,Texas,481681,1,2,2,0,2,NOT APPLICABLE,June,18,Sunday,1,20,Urban,High Speed (Arterial),No,29.71171111,-95.63301111,Non-Intersection,Dark - Lighted,Clear,Unknown,Unknown,Unknown EMS Scene Arrival Hour,Unknown EMS Scene Arrival Minutes,Unknown,Unknown EMS Hospital Arrival Time,1,Dark - Lighted,Clear,0,2,[],[],1,1,Valid,0.0,0.0,36.0,22.0,"['Male', 'Male']",0,0,2,1,5,Dry,Straight,Level,Lowest,No
32619,48,Texas,481682,0,2,2,0,2,SELMA,June,25,Sunday,20,9,Urban,High Speed (Arterial),Yes,29.57230556,-98.32818889,Non-Intersection,Daylight,Clear,Unknown,Unknown if Notified,Unknown EMS Scene Arrival Hour,Unknown if Arrived,Not Applicable (Not Transported),Not Applicable (Not Transported),1,Daylight,Clear,1,1,['Driver'],['Shoulder_Lapbelt'],0,0,Invalid,0.0,0.0,21.0,20.0,"['Male', 'Male']",0,0,3,2,5,Dry,Straight,Level,Lowest,Yes
32620,48,Texas,481683,0,1,1,0,1,WICHITA FALLS,June,10,Saturday,16,45,Urban,High Speed (Arterial),Yes,33.90153333,-98.45953333,Non-Intersection,Daylight,Clear,Unknown,Unknown,Unknown EMS Scene Arrival Hour,Unknown EMS Scene Arrival Minutes,Unknown,Unknown EMS Hospital Arrival Time,1,Daylight,Clear,1,0,['Driver'],['None_Used'],0,0,Valid,0.0,1.0,25.0,25.0,['Male'],1,0,5,1,2,Dry,Curve,Grade/Hillcrest,Lowest,No
32621,48,Texas,481684,0,1,1,0,2,NOT APPLICABLE,June,9,Friday,12,20,Rural,Medium Speed (Collector),No,30.85617222,-100.76723611,Non-Intersection,Daylight,Clear,Unknown,Unknown,Unknown EMS Scene Arrival Hour,Unknown EMS Scene Arrival Minutes,Unknown,Unknown EMS Hospital Arrival Time,1,Daylight,Clear,1,1,['Front_Passenger'],['Shoulder_Lapbelt'],0,0,Valid,0.0,0.0,23.0,23.0,['Male'],0,0,3,1,3,Dry,Curve,Level,Medium,No
32622,48,Texas,481685,1,2,2,0,2,SAN MARCOS,June,14,Wednesday,0,45,Urban,High Speed (Arterial),Yes,29.86297778,-97.93893889,Non-Intersection,Dark - Lighted,Clear,Unknown,Unknown if Notified,Unknown EMS Scene Arrival Hour,Unknown if Arrived,Not Applicable (Not Transported),Not Applicable (Not Transported),1,Dark - Lighted,Clear,0,1,[],[],0,0,Valid,0.0,1.0,999.0,31.0,"['Male', 'Other']",0,0,4,1,4,Dry,Straight,Level,Lowest,No
32623,48,Texas,481686,0,1,1,0,2,NOT APPLICABLE,January,1,Sunday,8,56,Urban,Medium Speed (Collector),No,26.390775,-98.79989722,Non-Intersection,Daylight,Clear,Unknown,Unknown if Notified,Unknown EMS Scene Arrival Hour,Unknown if Arrived,Not Applicable (Not Transported),Not Applicable (Not Transported),1,Daylight,Clear,1,1,['Front_Passenger'],['None_Used'],0,0,Invalid,0.0,0.0,17.0,17.0,['Male'],0,0,2,1,3,Dry,Straight,Level,Lowest,No
32624,48,Texas,481687,0,2,2,0,2,DENTON,June,17,Saturday,11,3,Urban,High Speed (Arterial),Yes,33.20861667,-97.09097222,Simple Junction,Daylight,Clear,Unknown,Unknown,Unknown EMS Scene Arrival Hour,Unknown EMS Scene Arrival Minutes,Unknown,Unknown EMS Hospital Arrival Time,1,Daylight,Clear,1,1,['Driver'],['None_Used'],0,0,Valid,0.0,2.0,87.0,39.0,"['Male', 'Male']",1,0,5,1,5,Dry,Straight,Level,Lowest,No
32625,48,Texas,481688,0,2,2,0,3,MESQUITE,June,25,Sunday,2,57,Urban,High Speed (Arterial),Yes,32.80776389,-96.62712222,Non-Intersection,Dark - Lighted,Clear,Unknown,Unknown,Unknown EMS Scene Arrival Hour,Unknown EMS Scene Arrival Minutes,Unknown,Unknown EMS Hospital Arrival Time,1,Dark - Lighted,Clear,1,2,['Rear_Seat'],['Shoulder_Lapbelt'],1,2,Invalid,0.0,3.0,49.0,36.0,"['Male', 'Male']",0,0,3,1,5,Dry,Straight,Level,Lowest,No
32626,48,Texas,481689,0,1,1,0,1,HOUSTON,June,11,Sunday,23,0,Urban,High Speed (Arterial),Yes,29.78481389,-95.61367222,Non-Intersection,Dark - Lighted,Clear,Unknown,Unknown,Unknown EMS Scene Arrival Hour,Unknown EMS Scene Arrival Minutes,Unknown,Unknown EMS Hospital Arrival Time,1,Dark - Lighted,Clear,1,0,['Driver'],['Shoulder_Lapbelt'],1,1,Valid,0.0,0.0,41.0,41.0,['Female'],1,0,2,1,3,Dry,Straight,Level,Lowest,No
32627,48,Texas,481690,0,2,2,0,2,NOT APPLICABLE,June,2,Friday,21,0,Rural,Medium Speed (Collector),No,31.98645833,-100.27602778,Non-Intersection,Dark - Not Lighted,Clear,Unknown,Unknown,Unknown EMS Scene Arrival Hour,Unknown EMS Scene Arrival Minutes,Unknown,Unknown EMS Hospital Arrival Time,1,Dark - Unlighted,Clear,1,1,['Driver'],['None_Used'],0,0,Invalid,0.0,1.0,53.0,42.0,"['Male', 'Male']",0,0,4,1,5,Dry,Straight,Level,Lowest,No
32628,48,Texas,481691,0,1,1,0,3,GARLAND,June,20,Tuesday,3,9,Urban,Low Speed (Local),No,32.86605833,-96.63851667,Non-Intersection,Dark - Not Lighted,Clear,Unknown,Unknown,Unknown EMS Scene Arrival Hour,Unknown EMS Scene Arrival Minutes,Unknown,Unknown EMS Hospital Arrival Time,1,Dark - Unlighted,Clear,1,1,['Rear_Seat'],['None_Used'],0,0,Invalid,0.0,0.0,26.0,26.0,['Female'],0,0,2,1,1,Dry,Straight,Level,Lowest,No
32629,48,Texas,481692,1,1,1,0,1,FORT WORTH,June,16,Friday,21,12,Urban,High Speed (Arterial),No,32.79509444,-97.30045278,Non-Intersection,Dark - Lighted,Clear,Unknown,Unknown,Unknown EMS Scene Arrival Hour,Unknown EMS Scene Arrival Minutes,Unknown,Unknown EMS Hospital Arrival Time,1,Dark - Lighted,Clear,0,1,[],[],0,0,Valid,0.0,1.0,23.0,23.0,['Female'],0,0,2,1,4,Dry,Straight,Level,Lowest,No
32630,48,Texas,481693,0,1,1,0,1,NOT APPLICABLE,June,24,Saturday,14,0,Rural,Low Speed (Local),No,34.26904722,-100.94543056,Non-Intersection,Daylight,Clear,Unknown,Unknown,Unknown EMS Scene Arrival Hour,Unknown EMS Scene Arrival Minutes,Not Applicable (Not Transported),Not Applicable (Not Transported),1,Daylight,Clear,1,0,['Driver'],['None_Used'],0,0,Valid,0.0,0.0,81.0,81.0,['Male'],1,0,1,2,3,Loose/Unpaved,Straight,Level,Lowest,No
32631,48,Texas,481694,1,1,1,0,1,AUSTIN,June,1,Thursday,21,21,Urban,Medium Speed (Collector),No,30.32181389,-97.70448333,Non-Intersection,Dark - Not Lighted,Clear,Unknown,Unknown if Notified,Unknown EMS Scene Arrival Hour,Unknown if Arrived,Not Applicable (Not Transported),Not Applicable (Not Transported),1,Dark - Unlighted,Clear,0,1,[],[],0,0,Valid,0.0,1.0,33.0,33.0,['Male'],0,0,3,2,4,Dry,Curve,Level,Lowest,No
32632,48,Texas,481695,1,1,1,0,1,AUSTIN,June,24,Saturday,22,26,Urban,High Speed (Arterial),Yes,30.23555278,-97.87694167,Non-Intersection,Dark - Not Lighted,Clear,Unknown,Unknown if Notified,Unknown EMS Scene Arrival Hour,Unknown if Arrived,Not Applicable (Not Transported),Not Applicable (Not Transported),1,Dark - Unlighted,Clear,0,1,[],[],0,0,Valid,0.0,0.0,27.0,27.0,['Female'],0,0,2,1,4,Dry,Straight,Level,Lowest,No
32633,48,Texas,481696,0,2,2,0,4,NOT APPLICABLE,June,18,Sunday,15,25,Rural,High Speed (Arterial),Yes,30.57469167,-103.33924722,Non-Intersection,Daylight,Clear,Unknown,Unknown,Unknown EMS Scene Arrival Hour,Unknown EMS Scene Arrival Minutes,Unknown,Unknown EMS Hospital Arrival Time,1,Daylight,Clear,1,3,['Driver'],['Shoulder_Lapbelt'],0,0,Valid,0.0,0.0,27.0,23.0,"['Male', 'Female']",0,0,3,1,5,Dry,Straight,Level,Medium,No
32634,48,Texas,481697,0,1,1,0,1,HOUSTON,June,4,Sunday,0,30,Urban,High Speed (Arterial),Yes,29.6557,-95.25314167,Non-Intersection,Dark - Lighted,Cloudy,Unknown,Unknown,Unknown EMS Scene Arrival Hour,Unknown EMS Scene Arrival Minutes,Not Applicable (Not Transported),Not Applicable (Not Transported),1,Dark - Lighted,Reduced Visibility,1,0,['Driver'],['None_Used'],1,1,Invalid,0.0,0.0,32.0,32.0,['Male'],0,0,2,1,3,Dry,Straight,Level,Lowest,No
32635,48,Texas,481698,0,2,2,0,8,NOT APPLICABLE,June,17,Saturday,15,40,Rural,Medium Speed (Collector),No,32.73628611,-94.582025,Complex/Circle,Daylight,Clear,Unknown,Unknown,Unknown EMS Scene Arrival Hour,Unknown EMS Scene Arrival Minutes,Unknown,Unknown EMS Hospital Arrival Time,2,Daylight,Clear,2,6,"['Rear_Seat', 'Rear_Seat']","['Shoulder_Lapbelt', 'None_Used']",0,0,Valid,1.0,1.0,39.0,16.0,"['Male', 'Male']",0,0,3,1,5,Dry,Curve,Level,Lowest,No
32636,48,Texas,481699,0,1,1,0,1,WEATHERFORD,June,17,Saturday,20,58,Rural,Medium Speed (Collector),No,32.72800833,-97.87924444,Non-Intersection,Dark - Not Lighted,Cloudy,Unknown,Unknown if Notified,Unknown EMS Scene Arrival Hour,Unknown if Arrived,Not Applicable (Not Transported),Not Applicable (Not Transported),1,Dark - Unlighted,Reduced Visibility,1,0,['Driver'],['None_Used'],1,1,Valid,0.0,0.0,24.0,24.0,['Male'],1,0,3,1,3,Dry,Curve,Level,Lowest,No
32637,48,Texas,481700,0,1,1,0,2,DALLAS,June,18,Sunday,2,15,Urban,High Speed (Arterial),Yes,32.88055,-96.89782222,Non-Intersection,Dark - Lighted,Clear,Unknown,Unknown,Unknown EMS Scene Arrival Hour,Unknown EMS Scene Arrival Minutes,Unknown,Unknown EMS Hospital Arrival Time,1,Dark - Lighted,Clear,1,1,['Driver'],['None_Used'],1,1,Valid,0.0,2.0,38.0,38.0,['Male'],2,0,3,1,3,Dry,Straight,Level,Lowest,No
32638,48,Texas,481701,0,1,1,0,1,NOT APPLICABLE,June,20,Tuesday,14,57,Rural,Medium Speed (Collector),No,32.99146111,-95.21039167,Non-Intersection,Daylight,Clear,Unknown,Unknown if Notified,Unknown EMS Scene Arrival Hour,Unknown if Arrived,Not Applicable (Not Transported),Not Applicable (Not Transported),1,Daylight,Clear,1,0,['Driver'],['None_Used'],1,1,Valid,0.0,0.0,58.0,58.0,['Male'],0,0,2,1,3,Dry,Straight,Level,Lowest,No
32639,48,Texas,481702,0,1,1,0,1,NOT APPLICABLE,June,25,Sunday,1,51,Rural,Low Speed (Local),No,31.59992778,-94.379375,Non-Intersection,Dark - Not Lighted,Clear,Unknown,Unknown if Notified,Unknown EMS Scene Arrival Hour,Unknown if Arrived,Not Applicable (Not Transported),Not Applicable (Not Transported),1,Dark - Unlighted,Clear,1,0,['Driver'],['None_Used'],1,1,Valid,0.0,0.0,35.0,35.0,['Male'],0,0,1,1,3,Dry,Straight,Grade/Hillcrest,Lowest,No
32640,48,Texas,481703,1,1,1,0,1,EDINBURG,June,11,Sunday,18,39,Urban,High Speed (Arterial),Yes,26.30047222,-98.146725,Non-Intersection,Daylight,Clear,Unknown,Unknown if Notified,Unknown EMS Scene Arrival Hour,Unknown if Arrived,Not Applicable (Not Transported),Not Applicable (Not Transported),1,Daylight,Clear,0,1,[],[],0,0,Invalid,0.0,0.0,32.0,32.0,['Male'],0,0,3,1,4,Dry,Straight,Level,Lowest,No
32641,48,Texas,481704,0,1,1,0,4,HOUSTON,June,8,Thursday,1,46,Urban,High Speed (Arterial),Yes,29.68270556,-95.53513889,Non-Intersection,Dark - Not Lighted,Clear,Unknown,Unknown,Unknown EMS Scene Arrival Hour,Unknown EMS Scene Arrival Minutes,Unknown,Unknown EMS Hospital Arrival Time,1,Dark - Unlighted,Clear,1,3,['Driver'],['None_Used'],1,1,Valid,0.0,0.0,32.0,32.0,['Female'],0,0,3,1,3,Dry,Straight,Level,Lowest,No
32642,48,Texas,481705,0,3,3,0,7,NOT APPLICABLE,May,26,Friday,10,18,Urban,High Speed (Arterial),Yes,29.58876389,-95.18683056,Non-Intersection,Daylight,Clear,Unknown,Unknown,Unknown EMS Scene Arrival Hour,Unknown EMS Scene Arrival Minutes,Unknown,Unknown EMS Hospital Arrival Time,1,Daylight,Clear,1,6,['Front_Passenger'],['Shoulder_Lapbelt'],0,0,Valid,0.0,0.0,75.0,19.0,"['Male', 'Male', 'Female']",1,0,2,1,5,Dry,Straight,Level,Lowest,No
32643,48,Texas,481706,0,1,1,0,1,NOT APPLICABLE,June,4,Sunday,16,25,Rural,Medium Speed (Collector),No,32.93381667,-97.85811667,Non-Intersection,Daylight,Cloudy,Unknown,Unknown,Unknown EMS Scene Arrival Hour,Unknown EMS Scene Arrival Minutes,Unknown,Unknown EMS Hospital Arrival Time,1,Daylight,Reduced Visibility,1,0,['Driver'],['None_Used'],1,1,Invalid,0.0,0.0,68.0,68.0,['Male'],0,0,3,1,3,Dry,Curve,Grade/Hillcrest,Lowest,No
32644,48,Texas,481707,0,3,3,0,5,DALLAS,June,10,Saturday,2,54,Urban,Medium Speed (Collector),No,32.71956944,-96.66561389,Complex/Circle,Dark - Lighted,Clear,Unknown,Unknown,Unknown EMS Scene Arrival Hour,Unknown EMS Scene Arrival Minutes,Unknown,Unknown EMS Hospital Arrival Time,1,Dark - Lighted,Clear,1,4,['Driver'],['None_Used'],1,1,Invalid,0.0,1.0,44.0,32.0,"['Female', 'Male', 'Male']",0,0,3,1,5,Dry,Straight,Level,Lowest,No
32645,48,Texas,481708,0,4,4,0,9,HOUSTON,June,24,Saturday,16,3,Urban,High Speed (Arterial),Yes,29.77166667,-95.22630278,Non-Intersection,Daylight,Clear,Unknown,Unknown,Unknown EMS Scene Arrival Hour,Unknown EMS Scene Arrival Minutes,Unknown,Unknown EMS Hospital Arrival Time,1,Daylight,Clear,1,7,['Front_Passenger'],['None_Used'],0,0,Invalid,0.0,0.0,999.0,35.0,"['Male', 'Male', 'Male', 'Female']",4,0,2,2,5,Dry,Straight,Level,Lowest,No
32646,48,Texas,481709,0,1,1,0,1,NOT APPLICABLE,June,17,Saturday,0,7,Rural,High Speed (Arterial),Yes,33.48238889,-101.71021111,Non-Intersection,Dark - Not Lighted,Clear,Unknown,Unknown,Unknown EMS Scene Arrival Hour,Unknown EMS Scene Arrival Minutes,Unknown,Unknown EMS Hospital Arrival Time,1,Dark - Unlighted,Clear,1,0,['Driver'],['None_Used'],0,0,Valid,0.0,0.0,25.0,25.0,['Male'],0,0,3,1,3,Dry,Straight,Level,Medium,No
32647,48,Texas,481710,1,1,1,0,1,SAN MARCOS,May,30,Tuesday,0,46,Urban,Medium Speed (Collector),No,29.89168889,-97.90884444,Non-Intersection,Dark - Not Lighted,Cloudy,Unknown,Unknown if Notified,Unknown EMS Scene Arrival Hour,Unknown if Arrived,Not Applicable (Not Transported),Not Applicable (Not Transported),1,Dark - Unlighted,Reduced Visibility,0,1,[],[],0,0,Valid,0.0,0.0,20.0,20.0,['Female'],0,0,3,2,4,Dry,Straight,Level,Lowest,No
32648,48,Texas,481711,2,2,2,0,3,NOT APPLICABLE,June,22,Thursday,9,45,Rural,Low Speed (Local),No,33.065125,-96.38046389,Complex/Circle,Daylight,Clear,Unknown,Unknown,Unknown EMS Scene Arrival Hour,Unknown EMS Scene Arrival Minutes,Unknown,Unknown EMS Hospital Arrival Time,2,Daylight,Clear,1,2,['Front_Passenger'],['Shoulder_Lapbelt'],0,0,Valid,1.0,0.0,68.0,18.0,"['Male', 'Male']",0,0,3,1,5,Dry,Straight,Level,Lowest,No
32649,48,Texas,481712,0,1,1,0,1,NOT APPLICABLE,June,21,Wednesday,0,27,Urban,Low Speed (Local),No,32.49550278,-97.18331944,Non-Intersection,Dark - Not Lighted,Clear,Unknown,Unknown if Notified,Unknown EMS Scene Arrival Hour,Unknown if Arrived,Not Applicable (Not Transported),Not Applicable (Not Transported),1,Dark - Unlighted,Clear,1,0,['Driver'],['None_Used'],1,1,Invalid,0.0,0.0,35.0,35.0,['Male'],1,0,2,1,3,Dry,Curve,Level,Lowest,No
32650,48,Texas,481713,0,1,1,0,1,FORT WORTH,June,17,Saturday,21,42,Urban,Medium Speed (Collector),No,32.73564167,-97.45956944,Non-Intersection,Dark - Lighted,Clear,Unknown,Unknown,Unknown EMS Scene Arrival Hour,Unknown EMS Scene Arrival Minutes,Unknown,Unknown EMS Hospital Arrival Time,1,Dark - Lighted,Clear,1,0,['Driver'],['None_Used'],0,0,Valid,0.0,0.0,29.0,29.0,['Male'],0,0,5,2,3,Dry,Straight,Grade/Hillcrest,Lowest,No
32651,48,Texas,481714,0,2,1,1,1,NEW BRAUNFELS,June,21,Wednesday,6,15,Urban,Low Speed (Local),No,29.69125,-98.13936944,Non-Intersection,Daylight,Clear,Unknown,Unknown,Unknown EMS Scene Arrival Hour,Unknown EMS Scene Arrival Minutes,Unknown,Unknown EMS Hospital Arrival Time,1,Daylight,Clear,1,0,['Driver'],['None_Used'],0,0,Valid,0.0,0.0,73.0,73.0,['Male'],0,0,3,2,1,Dry,Straight,Non-Trafficway,Lowest,No