,State_Code,State_Name,Crash_ID,Count_Non_Motorists,Count_Vehicles_Total,Count_Vehicle_Forms,Count_PVH_Involved,Count_Occupants_MV,City_Name,Month_Name,Day_of_Month,Day_of_Week,Crash_Hour,Crash_Minute,Area_Rural_Urban,Road_Functional_Class,On_NHS_Road,Latitude,Longitude,Intersection_Type,Light_Condition,Weather_Condition,Notif_Hour,Notif_Minute,Arrival_Hour,Arrival_Minute,Hospital_Hour,Hospital_Minute,Fatalities_Count,Clean_Light_Condition,Clean_Weather_Condition,Total_Killed,Total_Alive,Fatal_Seats_List,Killed_Restraint_List,Any_Driver_Drinking,Total_Drinking_Drivers,Driver_License_Category,Driver_Max_Prev_Accident_Count,Driver_Max_Prev_Speeding_Count,Max_Driver_Age,Min_Driver_Age,Driver_Sex_List,Total_Exceeding_Limit_Vehicles,Total_Too_Fast_Vehicles,Max_Vehicle_Type_Severity_5,Max_Vehicle_Damage_Rank,Max_Harmful_Event_Severity,Crash_Road_Surface_Condition,Crash_Horizontal_Alignment,Crash_Vertical_Profile,Crash_Impairment_Category,Crash_Vehicle_Defect
32652,48,Texas,481715,1,1,1,0,1,HOUSTON,June,1,Thursday,9,0,Urban,High Speed (Arterial),No,29.72231111,-95.53938056,Complex/Circle,Daylight,Clear,Unknown,Unknown,Unknown EMS Scene Arrival Hour,Unknown EMS Scene Arrival Minutes,Unknown,Unknown EMS Hospital Arrival Time,1,Daylight,Clear,0,1,[],[],0,0,Valid,0.0,0.0,52.0,52.0,['Male'],0,0,3,1,4,Dry,Straight,Level,Lowest,No
32653,48,Texas,481716,0,2,2,0,5,NOT APPLICABLE,June,11,Sunday,7,4,Rural,Medium Speed (Collector),No,28.55138611,-99.863025,Non-Intersection,Daylight,Clear,Unknown,Unknown,Unknown EMS Scene Arrival Hour,Unknown EMS Scene Arrival Minutes,Unknown,Unknown EMS Hospital Arrival Time,2,Daylight,Clear,2,3,"['Driver', 'Rear_Seat']","['None_Used', 'None_Used']",0,0,Valid,0.0,0.0,56.0,30.0,"['Male', 'Male']",0,0,4,4,5,Dry,Curve,Level,Lowest,No
32654,48,Texas,481717,0,2,2,0,2,BIG SANDY,June,21,Wednesday,17,43,Rural,High Speed (Arterial),Yes,32.58380556,-95.11360278,Complex/Circle,Daylight,Clear,Unknown,Unknown,Unknown EMS Scene Arrival Hour,Unknown EMS Scene Arrival Minutes,Unknown,Unknown EMS Hospital Arrival Time,1,Daylight,Clear,1,1,['Driver'],['Shoulder_Lapbelt'],0,0,Valid,0.0,0.0,24.0,19.0,"['Female', 'Male']",0,0,3,4,5,Dry,Straight,Level,Lowest,No
32655,48,Texas,481718,1,1,1,0,2,LUBBOCK,June,21,Wednesday,22,34,Urban,Medium Speed (Collector),No,33.56386389,-101.83603889,Non-Intersection,Dark - Lighted,Clear,Unknown,Unknown if Notified,Unknown EMS Scene Arrival Hour,Unknown if Arrived,Not Applicable (Not Transported),Not Applicable (Not Transported),1,Dark - Lighted,Clear,0,2,[],[],0,0,Valid,0.0,0.0,52.0,52.0,['Female'],0,0,2,1,4,Dry,Straight,Level,Lowest,No
32656,48,Texas,481719,0,3,3,0,3,ROCKWALL,June,14,Wednesday,18,42,Urban,Medium Speed (Collector),No,32.89136111,-96.43694444,Simple Junction,Daylight,Clear,Unknown,Unknown,Unknown EMS Scene Arrival Hour,Unknown EMS Scene Arrival Minutes,Unknown,Unknown EMS Hospital Arrival Time,1,Daylight,Clear,1,2,['Driver'],['None_Used'],0,0,Invalid,1.0,1.0,47.0,40.0,"['Male', 'Male', 'Male']",1,0,5,2,5,Dry,Straight,Level,Lowest,No
32657,48,Texas,481720,1,1,1,0,1,DALLAS,June,11,Sunday,22,1,Urban,High Speed (Arterial),Yes,32.73421389,-96.66114167,Non-Intersection,Dark - Lighted,Clear,Unknown,Unknown,Unknown EMS Scene Arrival Hour,Unknown EMS Scene Arrival Minutes,Not Applicable (Not Transported),Not Applicable (Not Transported),1,Dark - Lighted,Clear,0,0,[],[],0,0,Invalid,0.0,0.0,999.0,999.0,['Other'],0,0,1,1,4,Dry,Straight,Level,Lowest,No
32658,48,Texas,481721,1,1,1,0,1,SAN ANTONIO,June,25,Sunday,3,5,Urban,Medium Speed (Collector),No,29.44241667,-98.49935833,Non-Intersection,Dark - Lighted,Clear,Unknown,Unknown,Unknown EMS Scene Arrival Hour,Unknown EMS Scene Arrival Minutes,Unknown,Unknown EMS Hospital Arrival Time,1,Dark - Lighted,Clear,0,0,[],[],0,0,Invalid,0.0,0.0,999.0,999.0,['Other'],0,0,1,3,4,Dry,Straight,Level,Lowest,No
32659,48,Texas,481722,1,1,1,0,1,SAN ANTONIO,June,25,Sunday,0,52,Urban,High Speed (Arterial),Yes,29.356725,-98.52866667,Non-Intersection,Dark - Lighted,Clear,Unknown,Unknown if Notified,Unknown EMS Scene Arrival Hour,Unknown if Arrived,Not Applicable (Not Transported),Not Applicable (Not Transported),1,Dark - Lighted,Clear,0,1,[],[],0,0,Valid,0.0,0.0,67.0,67.0,['Male'],0,0,3,1,4,Dry,Straight,Level,Lowest,No
32660,48,Texas,481723,1,2,2,0,2,HOUSTON,June,19,Monday,22,43,Urban,Low Speed (Local),No,29.672,-95.46170833,Non-Intersection,Dark - Not Lighted,Clear,Unknown,Unknown if Notified,Unknown EMS Scene Arrival Hour,Unknown if Arrived,Not Applicable (Not Transported),Not Applicable (Not Transported),1,Dark - Unlighted,Clear,0,1,[],[],0,0,Invalid,0.0,1.0,999.0,25.0,"['Other', 'Female']",0,0,2,2,4,Dry,Straight,Level,Lowest,No
32661,48,Texas,481724,1,1,1,0,3,SOUTH PADRE ISLAND,June,26,Monday,0,32,Urban,High Speed (Arterial),Yes,26.113775,-97.16938333,Non-Intersection,Dark - Lighted,Clear,Unknown,Unknown,Unknown EMS Scene Arrival Hour,Unknown EMS Scene Arrival Minutes,Unknown,Unknown EMS Hospital Arrival Time,1,Dark - Lighted,Clear,0,3,[],[],0,0,Invalid,0.0,0.0,17.0,17.0,['Female'],3,0,2,1,4,Dry,Straight,Level,Lowest,No
32662,48,Texas,481725,0,2,2,0,2,SAN MARCOS,June,21,Wednesday,10,30,Rural,Medium Speed (Collector),No,29.82798333,-97.98578333,Simple Junction,Daylight,Clear,Unknown,Unknown if Notified,Unknown EMS Scene Arrival Hour,Unknown if Arrived,Not Applicable (Not Transported),Not Applicable (Not Transported),1,Daylight,Clear,1,1,['Driver'],['Shoulder_Lapbelt'],0,0,Valid,0.0,0.0,63.0,30.0,"['Male', 'Female']",0,0,4,1,5,Dry,Straight,Level,Lowest,No
32663,48,Texas,481726,0,2,2,0,3,FORT WORTH,June,26,Monday,8,48,Urban,Medium Speed (Collector),No,32.83327222,-97.34293056,Non-Intersection,Daylight,Clear,Unknown,Unknown,Unknown EMS Scene Arrival Hour,Unknown EMS Scene Arrival Minutes,Unknown,Unknown EMS Hospital Arrival Time,1,Daylight,Clear,1,2,['Front_Passenger'],['Shoulder_Lapbelt'],0,0,Valid,1.0,0.0,50.0,46.0,"['Male', 'Male']",0,0,4,1,5,Dry,Straight,Level,Lowest,No
32664,48,Texas,481727,1,1,1,0,1,BAYTOWN,June,14,Wednesday,11,28,Urban,Medium Speed (Collector),No,29.80799444,-94.96285,Non-Intersection,Daylight,Clear,Unknown,Unknown if Notified,Unknown EMS Scene Arrival Hour,Unknown if Arrived,Not Applicable (Not Transported),Not Applicable (Not Transported),1,Daylight,Clear,0,0,[],[],0,0,Invalid,0.0,0.0,32.0,32.0,['Male'],0,0,3,2,4,Dry,Straight,Level,Lowest,No
32665,48,Texas,481728,0,2,2,0,6,NOT APPLICABLE,June,23,Friday,18,11,Rural,Medium Speed (Collector),No,32.45056667,-94.57741944,Complex/Circle,Daylight,Cloudy,Unknown,Unknown,Unknown EMS Scene Arrival Hour,Unknown EMS Scene Arrival Minutes,Unknown,Unknown EMS Hospital Arrival Time,1,Daylight,Reduced Visibility,1,5,['Front_Passenger'],['None_Used'],0,0,Valid,0.0,0.0,48.0,23.0,"['Male', 'Male']",0,0,3,1,5,Dry,Straight,Level,Lowest,No
32666,48,Texas,481729,1,1,1,0,1,FORT WORTH,May,16,Tuesday,1,44,Urban,Medium Speed (Collector),Yes,32.73213889,-97.32018056,Complex/Circle,Dark - Not Lighted,Cloudy,Unknown,Unknown if Notified,Unknown EMS Scene Arrival Hour,Unknown if Arrived,Not Applicable (Not Transported),Not Applicable (Not Transported),1,Dark - Unlighted,Reduced Visibility,0,0,[],[],0,0,Invalid,0.0,0.0,999.0,999.0,['Other'],0,0,1,0,4,Dry,Straight,Level,Lowest,No
32667,48,Texas,481730,0,1,1,0,1,COMBES,June,27,Tuesday,13,7,Urban,High Speed (Arterial),Yes,26.25486111,-97.73048056,Non-Intersection,Daylight,Clear,Unknown,Unknown if Notified,Unknown EMS Scene Arrival Hour,Unknown if Arrived,Not Applicable (Not Transported),Not Applicable (Not Transported),1,Daylight,Clear,1,0,['Driver'],['Shoulder_Lapbelt'],0,0,Valid,0.0,0.0,34.0,34.0,['Male'],1,0,3,1,3,Dry,Curve,Level,Lowest,No
32668,48,Texas,481732,1,1,1,0,1,ARLINGTON,June,25,Sunday,11,25,Urban,Medium Speed (Collector),No,32.63617222,-97.07527778,Non-Intersection,Daylight,Clear,Unknown,Unknown,Unknown EMS Scene Arrival Hour,Unknown EMS Scene Arrival Minutes,Unknown,Unknown EMS Hospital Arrival Time,1,Daylight,Clear,0,1,[],[],0,0,Valid,0.0,0.0,62.0,62.0,['Female'],0,0,3,2,4,Dry,Straight,Level,Lowest,No
32669,48,Texas,481733,1,2,2,0,2,AUSTIN,June,17,Saturday,0,26,Urban,High Speed (Arterial),Yes,30.37641667,-97.67661944,Non-Intersection,Dark - Lighted,Cloudy,Unknown,Unknown if Notified,Unknown EMS Scene Arrival Hour,Unknown if Arrived,Not Applicable (Not Transported),Not Applicable (Not Transported),1,Dark - Lighted,Reduced Visibility,0,2,[],[],0,0,Valid,1.0,0.0,60.0,20.0,"['Male', 'Female']",0,0,4,1,4,Wet/Standing Water,Straight,Level,Lowest,No
32670,48,Texas,481734,0,2,2,0,3,NOT APPLICABLE,June,22,Thursday,21,11,Rural,High Speed (Arterial),Yes,33.444875,-95.60469167,Simple Junction,Dark - Not Lighted,Cloudy,Unknown,Unknown if Notified,Unknown EMS Scene Arrival Hour,Unknown if Arrived,Not Applicable (Not Transported),Not Applicable (Not Transported),2,Dark - Unlighted,Reduced Visibility,2,1,"['Driver', 'Front_Passenger']","['Shoulder_Lapbelt', 'Shoulder_Lapbelt']",0,0,Valid,1.0,0.0,60.0,25.0,"['Female', 'Female']",0,0,3,1,5,Dry,Straight,Level,Lowest,No
32671,48,Texas,481735,0,1,1,0,2,NOT APPLICABLE,June,24,Saturday,9,30,Rural,Medium Speed (Collector),No,30.73071667,-96.55921667,Non-Intersection,Daylight,Clear,Unknown,Unknown,Unknown EMS Scene Arrival Hour,Unknown EMS Scene Arrival Minutes,Unknown,Unknown EMS Hospital Arrival Time,1,Daylight,Clear,1,1,['Driver'],['None_Used'],0,0,Valid,1.0,1.0,33.0,33.0,['Male'],2,0,4,4,3,Dry,Curve,Level,Lowest,No
32672,48,Texas,481736,1,1,1,0,1,NOT APPLICABLE,June,12,Monday,21,35,Rural,Medium Speed (Collector),No,31.81932222,-100.06778889,Non-Intersection,Dark - Not Lighted,Clear,Unknown,Unknown if Notified,Unknown EMS Scene Arrival Hour,Unknown if Arrived,Not Applicable (Not Transported),Not Applicable (Not Transported),1,Dark - Unlighted,Clear,0,1,[],[],0,0,Valid,0.0,0.0,82.0,82.0,['Male'],0,0,2,1,4,Dry,Straight,Level,Lowest,No
32673,48,Texas,481737,0,1,1,0,5,HOUSTON,June,26,Monday,11,51,Urban,Medium Speed (Collector),No,29.755925,-95.634775,Non-Intersection,Daylight,Clear,Unknown,Unknown,Unknown EMS Scene Arrival Hour,Unknown EMS Scene Arrival Minutes,Unknown,Unknown EMS Hospital Arrival Time,1,Daylight,Clear,1,4,['Driver'],['None_Used'],1,1,Invalid,0.0,0.0,18.0,18.0,['Male'],5,0,3,1,3,Dry,Straight,Level,Lowest,No
32674,48,Texas,481738,0,3,3,0,8,NOT APPLICABLE,June,19,Monday,10,21,Rural,Medium Speed (Collector),No,35.52725556,-102.26397778,Non-Intersection,Daylight,Clear,Unknown,Unknown,Unknown EMS Scene Arrival Hour,Unknown EMS Scene Arrival Minutes,Unknown,Unknown EMS Hospital Arrival Time,1,Daylight,Clear,1,7,['Driver'],['Shoulder_Lapbelt'],0,0,Valid,1.0,0.0,83.0,28.0,"['Male', 'Male', 'Male']",1,0,4,1,5,Dry,Straight,Level,Lowest,No
32675,48,Texas,481739,0,2,2,0,2,NOT APPLICABLE,June,17,Saturday,5,30,Rural,Medium Speed (Collector),No,31.8702,-103.00313333,Non-Intersection,Dark - Not Lighted,Clear,Unknown,Unknown,Unknown EMS Scene Arrival Hour,Unknown EMS Scene Arrival Minutes,Unknown,Unknown EMS Hospital Arrival Time,1,Dark - Unlighted,Clear,1,1,['Driver'],['Shoulder_Lapbelt'],0,0,Valid,0.0,0.0,55.0,23.0,"['Male', 'Male']",0,0,4,1,5,Dry,Straight,Level,Lowest,No
32676,48,Texas,481740,0,1,1,0,1,NOT APPLICABLE,June,18,Sunday,17,15,Rural,Medium Speed (Collector),No,34.0187,-98.43333333,Non-Intersection,Daylight,Clear,Unknown,Unknown if Notified,Unknown EMS Scene Arrival Hour,Unknown if Arrived,Not Applicable (Not Transported),Not Applicable (Not Transported),1,Daylight,Clear,1,0,['Driver'],['None_Used'],0,0,Valid,0.0,0.0,71.0,71.0,['Female'],1,0,5,1,3,Dry,Curve,Level,Lowest,No
32677,48,Texas,481741,0,2,2,0,5,NOT APPLICABLE,June,25,Sunday,12,43,Rural,Medium Speed (Collector),No,31.48149722,-102.88513056,Simple Junction,Daylight,Clear,Unknown,Unknown,Unknown EMS Scene Arrival Hour,Unknown EMS Scene Arrival Minutes,Unknown,Unknown EMS Hospital Arrival Time,1,Daylight,Clear,1,4,['Driver'],['Shoulder_Lapbelt'],0,0,Valid,0.0,0.0,52.0,35.0,"['Female', 'Female']",0,0,3,1,5,Dry,Straight,Level,Lowest,No
32678,48,Texas,481742,0,1,1,0,2,NOT APPLICABLE,June,24,Saturday,19,28,Rural,Low Speed (Local),No,32.68203611,-102.65768889,Non-Intersection,Daylight,Clear,Unknown,Unknown if Notified,Unknown EMS Scene Arrival Hour,Unknown if Arrived,Not Applicable (Not Transported),Not Applicable (Not Transported),2,Daylight,Clear,2,0,"['Driver', 'Front_Passenger']","['None_Used', 'None_Used']",1,1,Invalid,0.0,0.0,38.0,38.0,['Male'],2,0,2,4,3,Dry,Straight,Level,Lowest,Yes
32679,48,Texas,481743,0,1,1,0,4,NOT APPLICABLE,June,18,Sunday,4,3,Rural,High Speed (Arterial),Yes,30.24701944,-94.70679167,Non-Intersection,Dark - Not Lighted,Cloudy,Unknown,Unknown,Unknown EMS Scene Arrival Hour,Unknown EMS Scene Arrival Minutes,Unknown,Unknown EMS Hospital Arrival Time,1,Dark - Unlighted,Reduced Visibility,1,3,['Driver'],['None_Used'],1,1,Invalid,0.0,0.0,39.0,39.0,['Male'],0,0,2,1,2,Dry,Straight,Level,Lowest,No
32680,48,Texas,481744,0,1,1,0,1,NOT APPLICABLE,June,18,Sunday,19,15,Rural,Medium Speed (Collector),No,28.579175,-99.66931111,Non-Intersection,Daylight,Clear,Unknown,Unknown,Unknown EMS Scene Arrival Hour,Unknown EMS Scene Arrival Minutes,Unknown,Unknown EMS Hospital Arrival Time,1,Daylight,Clear,1,0,['Driver'],['Shoulder_Lapbelt'],0,0,Valid,0.0,3.0,37.0,37.0,['Male'],0,0,2,1,3,Dry,Curve,Level,Medium,No
32681,48,Texas,481745,0,5,5,0,13,GRAND PRAIRIE,June,18,Sunday,2,49,Urban,High Speed (Arterial),Yes,32.76271111,-96.94565278,Non-Intersection,Dark - Not Lighted,Cloudy,Unknown,Unknown,Unknown EMS Scene Arrival Hour,Unknown EMS Scene Arrival Minutes,Unknown,Unknown EMS Hospital Arrival Time,1,Dark - Unlighted,Reduced Visibility,1,12,['Rear_Seat'],['Shoulder_Lapbelt'],0,0,Invalid,0.0,0.0,35.0,25.0,"['Male', 'Female', 'Male', 'Female', 'Female']",1,0,3,2,5,Dry,Curve,Level,Lowest,No
32682,48,Texas,481746,0,2,2,0,2,NOT APPLICABLE,June,28,Wednesday,21,59,Urban,High Speed (Arterial),Yes,33.48921944,-95.58856667,Non-Intersection,Dark - Not Lighted,Clear,Unknown,Unknown if Notified,Unknown EMS Scene Arrival Hour,Unknown if Arrived,Not Applicable (Not Transported),Not Applicable (Not Transported),1,Dark - Unlighted,Clear,1,1,['Driver'],['None_Used'],1,1,Valid,0.0,0.0,50.0,21.0,"['Male', 'Male']",0,0,5,1,5,Dry,Straight,Level,Lowest,No
32683,48,Texas,481747,0,1,1,0,1,NOT APPLICABLE,June,17,Saturday,20,49,Rural,Medium Speed (Collector),No,32.47483333,-95.82296667,Non-Intersection,Dark - Not Lighted,Cloudy,Unknown,Unknown,Unknown EMS Scene Arrival Hour,Unknown EMS Scene Arrival Minutes,Unknown,Unknown EMS Hospital Arrival Time,1,Dark - Unlighted,Reduced Visibility,1,0,['Driver'],['None_Used'],0,0,Valid,0.0,0.0,63.0,63.0,['Male'],1,0,5,0,1,Dry,Curve,Level,Lowest,No
32684,48,Texas,481748,0,1,1,0,1,PLANO,June,8,Thursday,20,56,Urban,Medium Speed (Collector),No,33.02126389,-96.68291944,Non-Intersection,Dark - Lighted,Clear,Unknown,Unknown,Unknown EMS Scene Arrival Hour,Unknown EMS Scene Arrival Minutes,Unknown,Unknown EMS Hospital Arrival Time,1,Dark - Lighted,Clear,1,0,['Driver'],['Shoulder_Lapbelt'],0,0,Invalid,0.0,0.0,35.0,35.0,['Male'],1,0,3,1,3,Dry,Curve,Level,Lowest,No
32685,48,Texas,481749,0,2,2,0,3,DENTON,June,22,Thursday,22,29,Urban,Medium Speed (Collector),No,33.18289722,-97.09912778,Complex/Circle,Dark - Lighted,Clear,Unknown,Unknown,Unknown EMS Scene Arrival Hour,Unknown EMS Scene Arrival Minutes,Unknown,Unknown EMS Hospital Arrival Time,1,Dark - Lighted,Clear,1,2,['Rear_Seat'],['None_Used'],0,0,Invalid,0.0,0.0,26.0,19.0,"['Male', 'Male']",0,0,5,2,5,Dry,Straight,Grade/Hillcrest,Lowest,No
32686,48,Texas,481750,0,2,2,0,3,EAGLE PASS,June,23,Friday,15,45,Urban,High Speed (Arterial),Yes,28.7092,-100.46379167,Non-Intersection,Daylight,Clear,Unknown,Unknown,Unknown EMS Scene Arrival Hour,Unknown EMS Scene Arrival Minutes,Unknown,Unknown EMS Hospital Arrival Time,1,Daylight,Clear,1,2,['Front_Passenger'],['Shoulder_Lapbelt'],0,0,Invalid,1.0,0.0,51.0,26.0,"['Male', 'Male']",0,0,4,2,5,Dry,Straight,Level,Lowest,No
32687,48,Texas,481751,1,1,1,0,1,KOUNTZE,June,26,Monday,6,4,Rural,High Speed (Arterial),Yes,30.38604444,-94.32339444,Non-Intersection,Dark - Not Lighted,Clear,Unknown,Unknown if Notified,Unknown EMS Scene Arrival Hour,Unknown if Arrived,Not Applicable (Not Transported),Not Applicable (Not Transported),1,Dark - Unlighted,Clear,0,1,[],[],0,0,Valid,0.0,0.0,55.0,55.0,['Female'],0,0,2,1,4,Dry,Straight,Level,Lowest,No
32688,48,Texas,481752,0,3,2,1,4,GRAND PRAIRIE,June,23,Friday,22,43,Urban,High Speed (Arterial),Yes,32.71660833,-96.994275,Simple Junction,Dark - Lighted,Clear,Unknown,Unknown,Unknown EMS Scene Arrival Hour,Unknown EMS Scene Arrival Minutes,Unknown,Unknown EMS Hospital Arrival Time,1,Dark - Lighted,Clear,1,3,['Front_Passenger'],['Shoulder_Lapbelt'],0,0,Invalid,0.0,0.0,21.0,19.0,"['Male', 'Female']",2,0,2,1,5,Dry,Straight,Level,Lowest,No
32689,48,Texas,481753,0,2,2,0,5,NOT APPLICABLE,June,27,Tuesday,16,7,Urban,High Speed (Arterial),Yes,30.10018611,-97.69420556,Non-Intersection,Daylight,Clear,Unknown,Unknown,Unknown EMS Scene Arrival Hour,Unknown EMS Scene Arrival Minutes,Unknown,Unknown EMS Hospital Arrival Time,2,Daylight,Clear,2,3,"['Driver', 'Driver']","['Shoulder_Lapbelt', 'Shoulder_Lapbelt']",1,1,Valid,0.0,0.0,41.0,35.0,"['Male', 'Female']",0,0,3,1,5,Dry,Straight,Level,Lowest,No
32690,48,Texas,481754,1,2,2,0,2,AUSTIN,May,12,Friday,2,38,Urban,Medium Speed (Collector),No,30.26113611,-97.71534167,Non-Intersection,Dark - Lighted,Clear,Unknown,Unknown,Unknown EMS Scene Arrival Hour,Unknown EMS Scene Arrival Minutes,Unknown,Unknown EMS Hospital Arrival Time,1,Dark - Lighted,Clear,1,1,['Driver'],['None_Used'],1,1,Invalid,1.0,0.0,29.0,22.0,"['Male', 'Male']",1,0,2,1,5,Dry,Straight,Level,Lowest,No
32691,48,Texas,481755,1,1,1,0,1,AUSTIN,June,26,Monday,13,23,Urban,High Speed (Arterial),No,30.28455556,-97.65831667,Non-Intersection,Daylight,Clear,Unknown,Unknown,Unknown EMS Scene Arrival Hour,Unknown EMS Scene Arrival Minutes,Unknown,Unknown EMS Hospital Arrival Time,1,Daylight,Clear,0,1,[],[],0,0,Invalid,0.0,0.0,44.0,44.0,['Male'],0,0,3,4,4,Dry,Straight,Level,Lowest,No
32692,48,Texas,481756,0,1,1,0,1,NOT APPLICABLE,June,21,Wednesday,1,50,Rural,Medium Speed (Collector),No,32.45242778,-100.47432222,Non-Intersection,Dark - Not Lighted,Clear,Unknown,Unknown,Unknown EMS Scene Arrival Hour,Unknown EMS Scene Arrival Minutes,Unknown,Unknown EMS Hospital Arrival Time,1,Dark - Unlighted,Clear,1,0,['Driver'],['None_Used'],0,0,Valid,0.0,1.0,22.0,22.0,['Male'],0,0,3,1,3,Dry,Straight,Grade/Hillcrest,Lowest,No
32693,48,Texas,481757,0,2,2,0,2,NOT APPLICABLE,June,20,Tuesday,6,20,Rural,Medium Speed (Collector),No,34.36715278,-99.31797778,Complex/Circle,Daylight,Clear,Unknown,Unknown,Unknown EMS Scene Arrival Hour,Unknown EMS Scene Arrival Minutes,Unknown,Unknown EMS Hospital Arrival Time,1,Daylight,Clear,1,1,['Driver'],['Shoulder_Lapbelt'],0,0,Valid,0.0,0.0,53.0,52.0,"['Male', 'Female']",0,0,3,1,5,Dry,Straight,Grade/Hillcrest,Lowest,No
32694,48,Texas,481758,1,1,1,0,1,HEATH,June,12,Monday,19,58,Urban,Medium Speed (Collector),No,32.84483889,-96.47039444,Non-Intersection,Daylight,Cloudy,Unknown,Unknown,Unknown EMS Scene Arrival Hour,Unknown EMS Scene Arrival Minutes,Unknown,Unknown EMS Hospital Arrival Time,1,Daylight,Reduced Visibility,0,1,[],[],1,1,Valid,1.0,0.0,33.0,33.0,['Male'],0,0,3,1,4,Dry,Straight,Level,Lowest,No
32695,48,Texas,481759,0,1,1,0,4,NOT APPLICABLE,June,22,Thursday,19,55,Urban,Medium Speed (Collector),No,32.07778056,-96.46307222,Non-Intersection,Dusk,Clear,Unknown,Unknown,Unknown EMS Scene Arrival Hour,Unknown EMS Scene Arrival Minutes,Unknown,Unknown EMS Hospital Arrival Time,3,Twilight,Clear,3,1,"['Driver', 'Rear_Seat', 'Rear_Seat']","['None_Used', 'None_Used', 'None_Used']",1,1,Valid,2.0,2.0,34.0,34.0,['Male'],4,0,2,1,3,Dry,Straight,Grade/Hillcrest,Lowest,No
32696,48,Texas,481760,0,1,1,0,1,BURLESON,June,29,Thursday,23,17,Urban,Medium Speed (Collector),No,32.51813611,-97.30930833,Non-Intersection,Dark - Not Lighted,Clear,Unknown,Unknown if Notified,Unknown EMS Scene Arrival Hour,Unknown if Arrived,Not Applicable (Not Transported),Not Applicable (Not Transported),1,Dark - Unlighted,Clear,1,0,['Driver'],['Lapbelt_Only'],0,0,Valid,0.0,1.0,51.0,51.0,['Male'],1,0,3,1,3,Dry,Straight,Level,Lowest,No
32697,48,Texas,481761,0,1,1,0,2,HOUSTON,June,16,Friday,8,36,Urban,High Speed (Arterial),Yes,29.76292778,-95.64481389,Non-Intersection,Daylight,Clear,Unknown,Unknown,Unknown EMS Scene Arrival Hour,Unknown EMS Scene Arrival Minutes,Unknown,Unknown EMS Hospital Arrival Time,1,Daylight,Clear,1,1,['Front_Passenger'],['None_Used'],0,0,Valid,0.0,0.0,21.0,21.0,['Male'],0,0,3,1,3,Dry,Straight,Level,Lowest,No
32698,48,Texas,481762,0,2,2,0,2,HOUSTON,June,10,Saturday,16,11,Urban,Low Speed (Local),No,29.89178333,-95.40860556,Complex/Circle,Daylight,Cloudy,Unknown,Unknown,Unknown EMS Scene Arrival Hour,Unknown EMS Scene Arrival Minutes,Unknown,Unknown EMS Hospital Arrival Time,1,Daylight,Reduced Visibility,1,1,['Driver'],['None_Used'],0,0,Valid,0.0,0.0,73.0,37.0,"['Male', 'Male']",1,0,5,2,5,Wet/Standing Water,Straight,Level,Lowest,No
32699,48,Texas,481763,0,3,3,0,5,HOUSTON,June,19,Monday,15,22,Urban,Medium Speed (Collector),No,29.84659722,-95.45262778,Complex/Circle,Daylight,Clear,Unknown,Unknown,Unknown EMS Scene Arrival Hour,Unknown EMS Scene Arrival Minutes,Unknown,Unknown EMS Hospital Arrival Time,2,Daylight,Clear,2,3,"['Driver', 'Front_Passenger']","['Shoulder_Lapbelt', 'Shoulder_Lapbelt']",0,0,Invalid,0.0,1.0,42.0,18.0,"['Male', 'Female', 'Female']",0,0,3,2,5,Dry,Straight,Level,Lowest,No
32700,48,Texas,481764,0,1,1,0,1,NOT APPLICABLE,June,4,Sunday,0,12,Rural,High Speed (Arterial),Yes,28.399025,-98.06895,Non-Intersection,Dark - Not Lighted,Cloudy,Unknown,Unknown if Notified,Unknown EMS Scene Arrival Hour,Unknown if Arrived,Not Applicable (Not Transported),Not Applicable (Not Transported),1,Dark - Unlighted,Reduced Visibility,1,0,['Driver'],['Shoulder_Lapbelt'],0,0,Valid,0.0,0.0,49.0,49.0,['Male'],0,0,3,4,3,Dry,Straight,Level,Lowest,No
32701,48,Texas,481765,0,2,2,0,3,NOT APPLICABLE,June,19,Monday,16,7,Rural,Medium Speed (Collector),No,29.83958056,-97.72144722,Non-Intersection,Daylight,Clear,Unknown,Unknown,Unknown EMS Scene Arrival Hour,Unknown EMS Scene Arrival Minutes,Unknown,Unknown EMS Hospital Arrival Time,1,Daylight,Clear,1,2,['Front_Passenger'],['Shoulder_Lapbelt'],0,0,Valid,0.0,0.0,48.0,17.0,"['Female', 'Male']",0,0,3,1,5,Dry,Straight,Level,Lowest,No
32702,48,Texas,481766,0,1,1,0,1,NOT APPLICABLE,June,19,Monday,16,25,Rural,Low Speed (Local),No,34.18152778,-99.1184,Non-Intersection,Daylight,Clear,Unknown,Unknown if Notified,Unknown EMS Scene Arrival Hour,Unknown if Arrived,Not Applicable (Not Transported),Not Applicable (Not Transported),1,Daylight,Clear,1,0,['Driver'],['None_Used'],1,1,Valid,0.0,1.0,58.0,58.0,['Male'],0,0,3,1,3,Dry,Straight,Level,Lowest,No