,State_Code,State_Name,Crash_ID,Count_Non_Motorists,Count_Vehicles_Total,Count_Vehicle_Forms,Count_PVH_Involved,Count_Occupants_MV,City_Name,Month_Name,Day_of_Month,Day_of_Week,Crash_Hour,Crash_Minute,Area_Rural_Urban,Road_Functional_Class,On_NHS_Road,Latitude,Longitude,Intersection_Type,Light_Condition,Weather_Condition,Notif_Hour,Notif_Minute,Arrival_Hour,Arrival_Minute,Hospital_Hour,Hospital_Minute,Fatalities_Count,Clean_Light_Condition,Clean_Weather_Condition,Total_Killed,Total_Alive,Fatal_Seats_List,Killed_Restraint_List,Any_Driver_Drinking,Total_Drinking_Drivers,Driver_License_Category,Driver_Max_Prev_Accident_Count,Driver_Max_Prev_Speeding_Count,Max_Driver_Age,Min_Driver_Age,Driver_Sex_List,Total_Exceeding_Limit_Vehicles,Total_Too_Fast_Vehicles,Max_Vehicle_Type_Severity_5,Max_Vehicle_Damage_Rank,Max_Harmful_Event_Severity,Crash_Road_Surface_Condition,Crash_Horizontal_Alignment,Crash_Vertical_Profile,Crash_Impairment_Category,Crash_Vehicle_Defect
32703,48,Texas,481767,0,1,1,0,1,NOT APPLICABLE,June,24,Saturday,17,30,Rural,Low Speed (Local),No,30.21634444,-95.59393056,Non-Intersection,Daylight,Clear,Unknown,Unknown if Notified,Unknown EMS Scene Arrival Hour,Unknown if Arrived,Not Applicable (Not Transported),Not Applicable (Not Transported),1,Daylight,Clear,1,0,['Driver'],['None_Used'],1,1,Valid,0.0,0.0,43.0,43.0,['Male'],1,0,5,1,3,Dry,Curve,Level,Lowest,No
32704,48,Texas,481768,1,1,1,0,1,NOT APPLICABLE,June,26,Monday,21,37,Urban,Medium Speed (Collector),No,32.37165833,-95.35510833,Non-Intersection,Dark - Not Lighted,Clear,Unknown,Unknown if Notified,Unknown EMS Scene Arrival Hour,Unknown if Arrived,Not Applicable (Not Transported),Not Applicable (Not Transported),1,Dark - Unlighted,Clear,0,1,[],[],0,0,Valid,0.0,0.0,31.0,31.0,['Female'],0,0,3,2,4,Dry,Straight,Grade/Hillcrest,Lowest,No
32705,48,Texas,481769,0,1,1,0,1,HURST,June,24,Saturday,17,30,Urban,High Speed (Arterial),Yes,32.80682222,-97.21085,Non-Intersection,Daylight,Clear,Unknown,Unknown if Notified,Unknown EMS Scene Arrival Hour,Unknown if Arrived,Not Applicable (Not Transported),Not Applicable (Not Transported),1,Daylight,Clear,1,0,['Driver'],['None_Used'],0,0,Valid,0.0,0.0,61.0,61.0,['Male'],1,0,5,1,3,Dry,Curve,Level,Lowest,No
32706,48,Texas,481770,0,2,2,0,2,NOT APPLICABLE,July,2,Sunday,2,48,Urban,Medium Speed (Collector),No,29.88939444,-95.39498333,Complex/Circle,Dark - Not Lighted,Clear,Unknown,Unknown if Notified,Unknown EMS Scene Arrival Hour,Unknown if Arrived,Not Applicable (Not Transported),Not Applicable (Not Transported),1,Dark - Unlighted,Clear,1,1,['Driver'],['Shoulder_Lapbelt'],1,1,Invalid,0.0,1.0,34.0,23.0,"['Male', 'Male']",0,0,3,2,5,Dry,Straight,Level,Lowest,No
32707,48,Texas,481771,0,1,1,0,1,TEXAS CITY,July,2,Sunday,14,0,Urban,Medium Speed (Collector),No,29.35859444,-94.94012778,Non-Intersection,Daylight,Rain,Unknown,Unknown if Notified,Unknown EMS Scene Arrival Hour,Unknown if Arrived,Not Applicable (Not Transported),Not Applicable (Not Transported),1,Daylight,Rain/Wind/Minor,1,0,['Driver'],['Shoulder_Lapbelt'],0,0,Valid,1.0,0.0,21.0,21.0,['Male'],1,0,2,1,2,Wet/Standing Water,Straight,Level,Lowest,No
32708,48,Texas,481772,0,3,1,2,2,GALVESTON,July,3,Monday,2,17,Urban,Medium Speed (Collector),No,29.28878611,-94.80955278,Non-Intersection,Dark - Lighted,Clear,Unknown,Unknown,Unknown EMS Scene Arrival Hour,Unknown EMS Scene Arrival Minutes,Unknown,Unknown EMS Hospital Arrival Time,1,Dark - Lighted,Clear,1,1,['Driver'],['Shoulder_Lapbelt'],1,1,Invalid,0.0,0.0,22.0,22.0,['Male'],2,0,2,1,5,Dry,Straight,Level,Lowest,No
32709,48,Texas,481773,0,2,2,0,2,SAN ANTONIO,July,4,Tuesday,6,15,Urban,Medium Speed (Collector),No,29.48444167,-98.40351111,Complex/Circle,Dark - Lighted,Clear,Unknown,Unknown if Notified,Unknown EMS Scene Arrival Hour,Unknown if Arrived,Not Applicable (Not Transported),Not Applicable (Not Transported),1,Dark - Lighted,Clear,1,1,['Driver'],['Shoulder_Lapbelt'],0,0,Valid,0.0,2.0,63.0,58.0,"['Male', 'Male']",1,0,4,1,5,Dry,Straight,Level,Lowest,No
32710,48,Texas,481774,1,1,1,0,1,NOT APPLICABLE,June,26,Monday,21,12,Urban,Low Speed (Local),No,29.50266389,-98.34730556,Simple Junction,Dark - Not Lighted,Clear,Unknown,Unknown if Notified,Unknown EMS Scene Arrival Hour,Unknown if Arrived,Not Applicable (Not Transported),Not Applicable (Not Transported),1,Dark - Unlighted,Clear,0,1,[],[],0,0,Valid,1.0,0.0,27.0,27.0,['Female'],1,0,3,3,4,Dry,Curve,Level,Lowest,No
32711,48,Texas,481775,0,1,1,0,1,NOT APPLICABLE,June,4,Sunday,6,15,Rural,Medium Speed (Collector),No,31.2892,-97.07036667,Non-Intersection,Dawn,Rain,Unknown,Unknown if Notified,Unknown EMS Scene Arrival Hour,Unknown if Arrived,Not Applicable (Not Transported),Not Applicable (Not Transported),1,Twilight,Rain/Wind/Minor,1,0,['Driver'],['None_Used'],1,1,Valid,0.0,0.0,39.0,39.0,['Male'],1,0,2,1,3,Wet/Standing Water,Curve,Level,Lowest,No
32712,48,Texas,481776,1,1,1,0,2,DALLAS,June,14,Wednesday,21,23,Urban,High Speed (Arterial),Yes,32.86331944,-96.671125,Non-Intersection,Dark - Not Lighted,Clear,Unknown,Unknown if Notified,Unknown EMS Scene Arrival Hour,Unknown if Arrived,Not Applicable (Not Transported),Not Applicable (Not Transported),1,Dark - Unlighted,Clear,0,2,[],[],0,0,Invalid,0.0,1.0,25.0,25.0,['Male'],0,0,3,2,4,Dry,Straight,Level,Lowest,No
32713,48,Texas,481777,0,2,2,0,3,NOT APPLICABLE,June,20,Tuesday,16,21,Urban,High Speed (Arterial),Yes,29.56476667,-95.438325,Non-Intersection,Daylight,Clear,Unknown,Unknown,Unknown EMS Scene Arrival Hour,Unknown EMS Scene Arrival Minutes,Unknown,Unknown EMS Hospital Arrival Time,1,Daylight,Clear,1,2,['Front_Passenger'],['Shoulder_Lapbelt'],0,0,Valid,1.0,0.0,41.0,20.0,"['Male', 'Male']",0,0,4,2,5,Dry,Straight,Level,Lowest,No
32714,48,Texas,481778,0,2,2,0,2,BELTON,June,30,Friday,12,37,Urban,Medium Speed (Collector),No,31.04963056,-97.442275,Non-Intersection,Daylight,Clear,Unknown,Unknown if Notified,Unknown EMS Scene Arrival Hour,Unknown if Arrived,Not Applicable (Not Transported),Not Applicable (Not Transported),1,Daylight,Clear,1,1,['Driver'],['Shoulder_Lapbelt'],0,0,Valid,0.0,0.0,69.0,61.0,"['Female', 'Female']",0,0,3,1,5,Dry,Curve,Level,Lowest,No
32715,48,Texas,481779,0,2,2,0,3,WOODSON,June,22,Thursday,9,10,Rural,Medium Speed (Collector),No,33.01153333,-99.05229722,Non-Intersection,Daylight,Clear,Unknown,Unknown,Unknown EMS Scene Arrival Hour,Unknown EMS Scene Arrival Minutes,Unknown,Unknown EMS Hospital Arrival Time,1,Daylight,Clear,1,2,['Driver'],['None_Used'],0,0,Valid,0.0,0.0,72.0,50.0,"['Male', 'Male']",2,0,5,2,5,Dry,Curve,Level,Lowest,No
32716,48,Texas,481780,0,1,1,0,2,NOT APPLICABLE,June,27,Tuesday,20,42,Rural,High Speed (Arterial),Yes,35.19510556,-102.111025,Non-Intersection,Dusk,Clear,Unknown,Unknown,Unknown EMS Scene Arrival Hour,Unknown EMS Scene Arrival Minutes,Unknown,Unknown EMS Hospital Arrival Time,1,Twilight,Clear,1,1,['Rear_Seat'],['None_Used'],0,0,Invalid,0.0,0.0,46.0,46.0,['Male'],0,0,5,1,3,Dry,Straight,Level,Lowest,Yes
32717,48,Texas,481781,0,2,2,0,2,NOT APPLICABLE,June,29,Thursday,13,40,Urban,Medium Speed (Collector),No,29.90278056,-95.515825,Non-Intersection,Daylight,Clear,Unknown,Unknown,Unknown EMS Scene Arrival Hour,Unknown EMS Scene Arrival Minutes,Unknown,Unknown EMS Hospital Arrival Time,1,Daylight,Clear,1,1,['Driver'],['Shoulder_Lapbelt'],0,0,Valid,0.0,0.0,66.0,43.0,"['Male', 'Male']",1,0,2,1,5,Dry,Straight,Level,Lowest,No
32718,48,Texas,481782,0,1,1,0,4,NOT APPLICABLE,June,19,Monday,12,15,Rural,Medium Speed (Collector),No,32.45933611,-98.89587778,Non-Intersection,Daylight,Clear,Unknown,Unknown,Unknown EMS Scene Arrival Hour,Unknown EMS Scene Arrival Minutes,Unknown,Unknown EMS Hospital Arrival Time,1,Daylight,Clear,1,3,['Rear_Seat'],['Child_Safety'],0,0,Invalid,0.0,0.0,42.0,42.0,['Female'],0,0,3,1,3,Dry,Curve,Grade/Hillcrest,Medium,No
32719,48,Texas,481783,0,1,1,0,1,NOT APPLICABLE,June,19,Monday,12,0,Rural,Medium Speed (Collector),No,30.48075,-96.05755833,Non-Intersection,Daylight,Clear,Unknown,Unknown if Notified,Unknown EMS Scene Arrival Hour,Unknown if Arrived,Not Applicable (Not Transported),Not Applicable (Not Transported),1,Daylight,Clear,1,0,['Driver'],['None_Used'],0,0,Valid,0.0,0.0,35.0,35.0,['Male'],1,0,5,1,2,Dry,Curve,Grade/Hillcrest,Lowest,No
32720,48,Texas,481784,0,2,2,0,2,BAYTOWN,April,11,Tuesday,3,57,Urban,High Speed (Arterial),Yes,29.79814722,-95.03043611,Non-Intersection,Dark - Lighted,Clear,Unknown,Unknown if Notified,Unknown EMS Scene Arrival Hour,Unknown if Arrived,Not Applicable (Not Transported),Not Applicable (Not Transported),1,Dark - Lighted,Clear,1,1,['Driver'],['Shoulder_Lapbelt'],0,0,Valid,1.0,0.0,84.0,67.0,"['Male', 'Male']",0,0,3,1,5,Dry,Straight,Level,Lowest,No
32721,48,Texas,481785,0,2,2,0,2,SAN ANTONIO,June,17,Saturday,0,31,Urban,High Speed (Arterial),Yes,29.38928333,-98.67058333,Non-Intersection,Dark - Lighted,Clear,Unknown,Unknown,Unknown EMS Scene Arrival Hour,Unknown EMS Scene Arrival Minutes,Unknown,Unknown EMS Hospital Arrival Time,2,Dark - Lighted,Clear,2,0,"['Driver', 'Driver']","['Shoulder_Lapbelt', 'Shoulder_Lapbelt']",1,1,Valid,0.0,0.0,47.0,30.0,"['Female', 'Female']",0,0,2,1,5,Dry,Straight,Level,Lowest,No
32722,48,Texas,481786,1,1,1,0,1,SAN ANTONIO,June,18,Sunday,22,22,Urban,High Speed (Arterial),Yes,29.401875,-98.53806111,Non-Intersection,Dark - Lighted,Clear,Unknown,Unknown if Notified,Unknown EMS Scene Arrival Hour,Unknown if Arrived,Not Applicable (Not Transported),Not Applicable (Not Transported),1,Dark - Lighted,Clear,0,1,[],[],1,1,Valid,2.0,0.0,31.0,31.0,['Male'],0,0,3,1,4,Dry,Straight,Level,Lowest,No
32723,48,Texas,481787,0,1,1,0,1,NOT APPLICABLE,July,1,Saturday,12,25,Rural,High Speed (Arterial),Yes,29.69013333,-96.92873889,Non-Intersection,Daylight,Clear,Unknown,Unknown if Notified,Unknown EMS Scene Arrival Hour,Unknown if Arrived,Not Applicable (Not Transported),Not Applicable (Not Transported),1,Daylight,Clear,1,0,['Driver'],['Shoulder_Lapbelt'],0,0,Valid,1.0,0.0,49.0,49.0,['Female'],0,0,1,4,3,Dry,Curve,Grade/Hillcrest,Lowest,Yes
32724,48,Texas,481788,0,1,1,0,1,ARLINGTON,June,26,Monday,23,14,Urban,Medium Speed (Collector),No,32.68203333,-97.10361389,Non-Intersection,Dark - Lighted,Clear,Unknown,Unknown,Unknown EMS Scene Arrival Hour,Unknown EMS Scene Arrival Minutes,Unknown,Unknown EMS Hospital Arrival Time,1,Dark - Lighted,Clear,1,0,['Driver'],['None_Used'],0,0,Invalid,0.0,0.0,28.0,28.0,['Male'],1,0,5,1,3,Dry,Curve,Level,Lowest,No
32725,48,Texas,481789,0,2,2,0,2,SAN ANTONIO,June,30,Friday,16,38,Urban,High Speed (Arterial),No,29.4093,-98.55676111,Simple Junction,Daylight,Clear,Unknown,Unknown,Unknown EMS Scene Arrival Hour,Unknown EMS Scene Arrival Minutes,Unknown,Unknown EMS Hospital Arrival Time,1,Daylight,Clear,1,1,['Driver'],['None_Used'],0,0,Valid,0.0,0.0,47.0,30.0,"['Female', 'Male']",0,0,5,1,5,Dry,Straight,Level,Lowest,No
32726,48,Texas,481790,1,1,1,0,1,PLANO,June,25,Sunday,0,44,Urban,High Speed (Arterial),Yes,33.04031944,-96.70316944,Non-Intersection,Dark - Not Lighted,Clear,Unknown,Unknown if Notified,Unknown EMS Scene Arrival Hour,Unknown if Arrived,Not Applicable (Not Transported),Not Applicable (Not Transported),1,Dark - Unlighted,Clear,0,1,[],[],0,0,Valid,0.0,0.0,59.0,59.0,['Male'],0,0,2,2,4,Dry,Straight,Level,Lowest,No
32727,48,Texas,481791,1,1,1,0,1,AUSTIN,March,10,Friday,5,7,Urban,High Speed (Arterial),Yes,30.28526389,-97.66274722,Non-Intersection,Dark - Lighted,Clear,Unknown,Unknown if Notified,Unknown EMS Scene Arrival Hour,Unknown if Arrived,Not Applicable (Not Transported),Not Applicable (Not Transported),1,Dark - Lighted,Clear,0,1,[],[],0,0,Valid,0.0,0.0,31.0,31.0,['Male'],0,0,3,1,4,Dry,Straight,Grade/Hillcrest,Lowest,No
32728,48,Texas,481792,0,1,1,0,2,NOT APPLICABLE,June,17,Saturday,10,19,Urban,Medium Speed (Collector),No,29.90805833,-95.6572,Non-Intersection,Daylight,Clear,Unknown,Unknown,Unknown EMS Scene Arrival Hour,Unknown EMS Scene Arrival Minutes,Unknown,Unknown EMS Hospital Arrival Time,1,Daylight,Clear,1,1,['Rear_Seat'],['None_Used'],0,0,Valid,0.0,0.0,67.0,67.0,['Male'],0,0,3,1,3,Dry,Straight,Level,Lowest,No
32729,48,Texas,481793,1,1,1,0,1,WICHITA FALLS,June,24,Saturday,4,25,Urban,High Speed (Arterial),Yes,33.859425,-98.59570278,Non-Intersection,Dark - Not Lighted,Clear,Unknown,Unknown if Notified,Unknown EMS Scene Arrival Hour,Unknown if Arrived,Not Applicable (Not Transported),Not Applicable (Not Transported),1,Dark - Unlighted,Clear,0,1,[],[],0,0,Valid,3.0,0.0,20.0,20.0,['Female'],0,0,2,1,4,Dry,Straight,Level,Lowest,No
32730,48,Texas,481794,1,2,2,0,4,DALLAS,June,29,Thursday,21,50,Urban,High Speed (Arterial),Yes,32.70453889,-96.66794167,Non-Intersection,Dark - Lighted,Clear,Unknown,Unknown,Unknown EMS Scene Arrival Hour,Unknown EMS Scene Arrival Minutes,Unknown,Unknown EMS Hospital Arrival Time,1,Dark - Lighted,Clear,0,4,[],[],0,0,Invalid,0.0,0.0,34.0,25.0,"['Female', 'Male']",0,0,3,1,4,Dry,Straight,Level,Lowest,No
32731,48,Texas,481795,1,1,1,0,1,CELINA,June,28,Wednesday,16,25,Urban,Low Speed (Local),No,33.28430278,-96.80691389,Complex/Circle,Daylight,Clear,Unknown,Unknown,Unknown EMS Scene Arrival Hour,Unknown EMS Scene Arrival Minutes,Unknown,Unknown EMS Hospital Arrival Time,1,Daylight,Clear,0,1,[],[],0,0,Valid,2.0,0.0,33.0,33.0,['Male'],0,0,4,1,4,Dry,Straight,Level,Lowest,No
32732,48,Texas,481796,0,2,2,0,2,ROCKWALL,June,27,Tuesday,14,32,Urban,High Speed (Arterial),No,32.93640556,-96.41899722,Non-Intersection,Daylight,Clear,Unknown,Unknown,Unknown EMS Scene Arrival Hour,Unknown EMS Scene Arrival Minutes,Unknown,Unknown EMS Hospital Arrival Time,1,Daylight,Clear,1,1,['Driver'],['Shoulder_Lapbelt'],0,0,Valid,0.0,0.0,65.0,37.0,"['Male', 'Male']",0,0,3,2,5,Dry,Straight,Non-Trafficway,Lowest,No
32733,48,Texas,481797,0,1,1,0,2,NOT APPLICABLE,June,25,Sunday,14,32,Rural,High Speed (Arterial),Yes,32.725875,-102.89804167,Non-Intersection,Daylight,Clear,Unknown,Unknown if Notified,Unknown EMS Scene Arrival Hour,Unknown if Arrived,Not Applicable (Not Transported),Not Applicable (Not Transported),2,Daylight,Clear,2,0,"['Driver', 'Front_Passenger']","['None_Used', 'None_Used']",1,1,Valid,0.0,0.0,44.0,44.0,['Male'],0,0,3,1,3,Dry,Straight,Level,Lowest,No
32734,48,Texas,481798,0,2,2,0,2,NOT APPLICABLE,June,4,Sunday,10,30,Rural,Medium Speed (Collector),No,29.67557778,-94.60128056,Non-Intersection,Daylight,Clear,Unknown,Unknown if Notified,Unknown EMS Scene Arrival Hour,Unknown if Arrived,Not Applicable (Not Transported),Not Applicable (Not Transported),1,Daylight,Clear,1,1,['Driver'],['None_Used'],0,0,Invalid,0.0,3.0,62.0,21.0,"['Male', 'Male']",0,0,5,1,5,Dry,Straight,Level,Lowest,No
32735,48,Texas,481799,0,2,2,0,2,GRAND PRAIRIE,June,18,Sunday,1,55,Urban,High Speed (Arterial),Yes,32.76318611,-96.94306111,Non-Intersection,Dark - Not Lighted,Clear,Unknown,Unknown if Notified,Unknown EMS Scene Arrival Hour,Unknown if Arrived,Not Applicable (Not Transported),Not Applicable (Not Transported),1,Dark - Unlighted,Clear,1,1,['Driver'],['None_Used'],1,1,Invalid,0.0,0.0,45.0,26.0,"['Male', 'Male']",1,0,4,2,5,Dry,Straight,Grade/Hillcrest,Lowest,No
32736,48,Texas,481800,0,2,2,0,5,NOT APPLICABLE,June,23,Friday,0,7,Urban,Medium Speed (Collector),No,32.17743333,-94.82534167,Complex/Circle,Dark - Lighted,Cloudy,Unknown,Unknown,Unknown EMS Scene Arrival Hour,Unknown EMS Scene Arrival Minutes,Unknown,Unknown EMS Hospital Arrival Time,1,Dark - Lighted,Reduced Visibility,1,4,['Rear_Seat'],['None_Used'],0,0,Invalid,1.0,0.0,48.0,18.0,"['Male', 'Male']",0,0,3,1,5,Dry,Straight,Level,Lowest,No
32737,48,Texas,481801,0,1,1,0,5,NOT APPLICABLE,June,30,Friday,8,40,Rural,Medium Speed (Collector),No,31.79639167,-94.83769167,Non-Intersection,Daylight,Clear,9:00am-9:59am,3,9:00am-9:59am,27,10:00am-10:59am,41,2,Daylight,Clear,2,3,"['Driver', 'Rear_Seat']","['None_Used', 'Child_Safety']",0,0,Valid,0.0,0.0,28.0,28.0,['Female'],0,0,3,1,3,Dry,Curve,Level,Lowest,No
32738,48,Texas,481802,0,3,3,0,3,EL PASO,July,1,Saturday,4,18,Urban,High Speed (Arterial),Yes,31.73347778,-106.26759444,Non-Intersection,Dark - Lighted,Clear,Unknown,Unknown,Unknown EMS Scene Arrival Hour,Unknown EMS Scene Arrival Minutes,Unknown,Unknown EMS Hospital Arrival Time,1,Dark - Lighted,Clear,1,2,['Driver'],['Shoulder_Lapbelt'],1,2,Valid,1.0,1.0,37.0,32.0,"['Male', 'Female', 'Male']",0,0,3,1,5,Dry,Straight,Level,Lowest,No
32739,48,Texas,481803,1,1,1,0,1,SAN ANTONIO,July,1,Saturday,2,11,Urban,Medium Speed (Collector),No,29.44383056,-98.49426944,Complex/Circle,Dark - Lighted,Clear,Unknown,Unknown,Unknown EMS Scene Arrival Hour,Unknown EMS Scene Arrival Minutes,Unknown,Unknown EMS Hospital Arrival Time,1,Dark - Lighted,Clear,0,0,[],[],0,0,Invalid,0.0,0.0,999.0,999.0,['Other'],0,0,1,0,4,Dry,Straight,Level,Lowest,No
32740,48,Texas,481804,0,2,2,0,2,SEGUIN,July,1,Saturday,13,23,Urban,Medium Speed (Collector),No,29.57690556,-97.97431111,Complex/Circle,Daylight,Clear,Unknown,Unknown,Unknown EMS Scene Arrival Hour,Unknown EMS Scene Arrival Minutes,Unknown,Unknown EMS Hospital Arrival Time,1,Daylight,Clear,1,1,['Driver'],['None_Used'],0,0,Invalid,0.0,1.0,52.0,25.0,"['Male', 'Male']",0,0,5,2,5,Dry,Straight,Level,Lowest,No
32741,48,Texas,481805,1,1,1,0,1,SAN JUAN,July,3,Monday,21,7,Urban,High Speed (Arterial),Yes,26.19069444,-98.16122778,Non-Intersection,Dark - Not Lighted,Clear,Unknown,Unknown,Unknown EMS Scene Arrival Hour,Unknown EMS Scene Arrival Minutes,Unknown,Unknown EMS Hospital Arrival Time,1,Dark - Unlighted,Clear,0,1,[],[],0,0,Valid,0.0,0.0,56.0,56.0,['Male'],0,0,2,2,4,Dry,Straight,Level,Lowest,No
32742,48,Texas,481806,1,1,1,0,1,SAN ANTONIO,June,30,Friday,0,8,Urban,Medium Speed (Collector),No,29.34996944,-98.48821389,Non-Intersection,Dark - Lighted,Cloudy,Unknown,Unknown,Unknown EMS Scene Arrival Hour,Unknown EMS Scene Arrival Minutes,Not Applicable (Not Transported),Not Applicable (Not Transported),1,Dark - Lighted,Reduced Visibility,0,0,[],[],0,0,Invalid,0.0,0.0,999.0,999.0,['Other'],0,0,1,0,4,Dry,Straight,Level,Lowest,No
32743,48,Texas,481807,0,1,1,0,2,NOT APPLICABLE,June,25,Sunday,2,28,Rural,High Speed (Arterial),Yes,26.03164444,-97.24743333,Non-Intersection,Dark - Not Lighted,Clear,Unknown,Unknown,Unknown EMS Scene Arrival Hour,Unknown EMS Scene Arrival Minutes,Unknown,Unknown EMS Hospital Arrival Time,1,Dark - Unlighted,Clear,1,1,['Driver'],['None_Used'],1,1,Valid,0.0,0.0,18.0,18.0,['Male'],0,0,2,1,3,Dry,Curve,Level,Lowest,No
32744,48,Texas,481808,0,1,1,0,1,NOT APPLICABLE,June,26,Monday,15,46,Rural,Medium Speed (Collector),No,32.55140556,-97.94884444,Non-Intersection,Daylight,Clear,Unknown,Unknown if Notified,Unknown EMS Scene Arrival Hour,Unknown if Arrived,Not Applicable (Not Transported),Not Applicable (Not Transported),1,Daylight,Clear,1,0,['Driver'],['Shoulder_Lapbelt'],0,0,Valid,0.0,0.0,76.0,76.0,['Male'],1,0,3,1,3,Dry,Curve,Level,Lowest,No
32745,48,Texas,481809,1,3,1,2,1,NOT APPLICABLE,June,24,Saturday,23,58,Rural,Medium Speed (Collector),No,31.89825556,-98.58501667,Simple Junction,Dark - Lighted,Clear,Unknown,Unknown if Notified,Unknown EMS Scene Arrival Hour,Unknown if Arrived,Not Applicable (Not Transported),Not Applicable (Not Transported),1,Dark - Lighted,Clear,0,1,[],[],0,0,Invalid,0.0,0.0,31.0,31.0,['Male'],0,0,2,1,4,Dry,Curve,Grade/Hillcrest,Lowest,No
32746,48,Texas,481810,0,3,3,0,5,HOUSTON,June,23,Friday,6,45,Urban,Medium Speed (Collector),No,29.69344444,-95.26311111,Non-Intersection,Daylight,Clear,Unknown,Unknown,Unknown EMS Scene Arrival Hour,Unknown EMS Scene Arrival Minutes,Unknown,Unknown EMS Hospital Arrival Time,1,Daylight,Clear,1,4,['Driver'],['Shoulder_Lapbelt'],0,0,Invalid,0.0,0.0,51.0,22.0,"['Female', 'Female', 'Female']",1,0,3,2,5,Dry,Straight,Level,Lowest,No
32747,48,Texas,481811,0,4,4,0,8,MIDLAND,June,29,Thursday,12,50,Urban,High Speed (Arterial),Yes,31.98020278,-102.228575,Non-Intersection,Daylight,Clear,Unknown,Unknown if Notified,Unknown EMS Scene Arrival Hour,Unknown if Arrived,Not Applicable (Not Transported),Not Applicable (Not Transported),1,Daylight,Clear,1,6,['Driver'],['Shoulder_Lapbelt'],0,0,Valid,0.0,0.0,67.0,27.0,"['Female', 'Female', 'Female', 'Male']",1,0,3,2,5,Dry,Straight,Level,Lowest,No
32748,48,Texas,481813,0,1,1,0,1,HOUSTON,July,5,Wednesday,3,40,Urban,Medium Speed (Collector),No,29.769675,-95.35856111,Non-Intersection,Dark - Lighted,Cloudy,Unknown,Unknown if Notified,Unknown EMS Scene Arrival Hour,Unknown if Arrived,Not Applicable (Not Transported),Not Applicable (Not Transported),1,Dark - Lighted,Reduced Visibility,1,0,['Driver'],['None_Used'],1,1,Invalid,0.0,0.0,33.0,33.0,['Male'],0,0,2,1,3,Dry,Straight,Level,Lowest,No
32749,48,Texas,481814,0,1,1,0,1,PLANO,May,20,Saturday,19,3,Urban,High Speed (Arterial),Yes,33.03483056,-96.82956111,Non-Intersection,Daylight,Clear,Unknown,Unknown,Unknown EMS Scene Arrival Hour,Unknown EMS Scene Arrival Minutes,Unknown,Unknown EMS Hospital Arrival Time,1,Daylight,Clear,1,0,['Driver'],['None_Used'],0,0,Valid,0.0,0.0,23.0,23.0,['Male'],1,0,5,1,3,Dry,Straight,Grade/Hillcrest,Lowest,No
32750,48,Texas,481815,0,2,2,0,2,NOT APPLICABLE,June,29,Thursday,15,17,Rural,Medium Speed (Collector),No,30.342325,-95.87279722,Non-Intersection,Daylight,Clear,Unknown,Unknown if Notified,Unknown EMS Scene Arrival Hour,Unknown if Arrived,Not Applicable (Not Transported),Not Applicable (Not Transported),1,Daylight,Clear,1,1,['Driver'],['None_Used'],0,0,Valid,0.0,0.0,50.0,25.0,"['Male', 'Male']",0,0,5,2,5,Dry,Curve,Level,Lowest,No
32751,48,Texas,481816,0,1,1,0,1,NOT APPLICABLE,July,1,Saturday,6,40,Rural,Medium Speed (Collector),No,32.83321667,-94.50709444,Non-Intersection,Dawn,Clear,Unknown,Unknown if Notified,Unknown EMS Scene Arrival Hour,Unknown if Arrived,Not Applicable (Not Transported),Not Applicable (Not Transported),1,Twilight,Clear,1,0,['Driver'],['Shoulder_Lapbelt'],0,0,Valid,0.0,1.0,65.0,65.0,['Male'],0,0,3,1,3,Dry,Curve,Level,Lowest,No
32752,48,Texas,481817,0,2,2,0,4,NOT APPLICABLE,July,1,Saturday,18,4,Rural,Medium Speed (Collector),No,28.44226111,-96.41986389,Complex/Circle,Daylight,Clear,Unknown,Unknown,Unknown EMS Scene Arrival Hour,Unknown EMS Scene Arrival Minutes,Unknown,Unknown EMS Hospital Arrival Time,1,Daylight,Clear,1,3,['Front_Passenger'],['None_Used'],0,0,Valid,0.0,2.0,65.0,32.0,"['Male', 'Male']",0,0,5,1,5,Dry,Straight,Level,Lowest,No
32753,48,Texas,481818,0,2,2,0,3,AUSTIN,March,12,Sunday,17,53,Urban,High Speed (Arterial),Yes,30.23536389,-97.860475,Non-Intersection,Daylight,Cloudy,Unknown,Unknown,Unknown EMS Scene Arrival Hour,Unknown EMS Scene Arrival Minutes,Unknown,Unknown EMS Hospital Arrival Time,1,Daylight,Reduced Visibility,1,2,['Driver'],['None_Used'],1,1,Invalid,0.0,0.0,26.0,24.0,"['Male', 'Male']",0,0,3,1,5,Dry,Straight,Level,Lowest,No
32754,48,Texas,481819,0,1,1,0,1,AUSTIN,June,3,Saturday,2,20,Urban,High Speed (Arterial),Yes,30.24777222,-97.69071389,Non-Intersection,Dark - Lighted,Clear,Unknown,Unknown,Unknown EMS Scene Arrival Hour,Unknown EMS Scene Arrival Minutes,Unknown,Unknown EMS Hospital Arrival Time,1,Dark - Lighted,Clear,1,0,['Driver'],['Shoulder_Lapbelt'],1,1,Invalid,0.0,0.0,28.0,28.0,['Female'],1,0,2,1,3,Dry,Straight,Level,Lowest,No