,State_Code,State_Name,Crash_ID,Count_Non_Motorists,Count_Vehicles_Total,Count_Vehicle_Forms,Count_PVH_Involved,Count_Occupants_MV,City_Name,Month_Name,Day_of_Month,Day_of_Week,Crash_Hour,Crash_Minute,Area_Rural_Urban,Road_Functional_Class,On_NHS_Road,Latitude,Longitude,Intersection_Type,Light_Condition,Weather_Condition,Notif_Hour,Notif_Minute,Arrival_Hour,Arrival_Minute,Hospital_Hour,Hospital_Minute,Fatalities_Count,Clean_Light_Condition,Clean_Weather_Condition,Total_Killed,Total_Alive,Fatal_Seats_List,Killed_Restraint_List,Any_Driver_Drinking,Total_Drinking_Drivers,Driver_License_Category,Driver_Max_Prev_Accident_Count,Driver_Max_Prev_Speeding_Count,Max_Driver_Age,Min_Driver_Age,Driver_Sex_List,Total_Exceeding_Limit_Vehicles,Total_Too_Fast_Vehicles,Max_Vehicle_Type_Severity_5,Max_Vehicle_Damage_Rank,Max_Harmful_Event_Severity,Crash_Road_Surface_Condition,Crash_Horizontal_Alignment,Crash_Vertical_Profile,Crash_Impairment_Category,Crash_Vehicle_Defect
32755,48,Texas,481820,0,3,3,0,4,NOT APPLICABLE,June,9,Friday,23,42,Urban,High Speed (Arterial),Yes,29.78268333,-95.77699722,Simple Junction,Dark - Lighted,Clear,Unknown,Unknown,Unknown EMS Scene Arrival Hour,Unknown EMS Scene Arrival Minutes,Unknown,Unknown EMS Hospital Arrival Time,1,Dark - Lighted,Clear,1,3,['Driver'],['Shoulder_Lapbelt'],0,0,Valid,0.0,0.0,42.0,26.0,"['Male', 'Male', 'Female']",3,0,3,2,5,Dry,Straight,Grade/Hillcrest,Lowest,No
32756,48,Texas,481821,0,2,2,0,4,ROCKPORT,June,18,Sunday,16,42,Urban,Medium Speed (Collector),No,28.01789722,-97.08813056,Complex/Circle,Daylight,Clear,Unknown,Unknown,Unknown EMS Scene Arrival Hour,Unknown EMS Scene Arrival Minutes,Unknown,Unknown EMS Hospital Arrival Time,1,Daylight,Clear,1,3,['Driver'],['Shoulder_Lapbelt'],0,0,Valid,0.0,1.0,92.0,30.0,"['Male', 'Male']",0,0,3,1,5,Dry,Straight,Level,Lowest,No
32757,48,Texas,481822,1,1,1,0,1,HOUSTON,May,30,Tuesday,11,11,Urban,Medium Speed (Collector),No,29.81245833,-95.39936667,Complex/Circle,Daylight,Clear,Unknown,Unknown,Unknown EMS Scene Arrival Hour,Unknown EMS Scene Arrival Minutes,11:00am-11:59am,49,1,Daylight,Clear,0,1,[],[],0,0,Invalid,0.0,0.0,41.0,41.0,['Male'],0,0,3,2,4,Dry,Straight,Level,Lowest,No
32758,48,Texas,481823,0,2,2,0,2,CORPUS CHRISTI,July,4,Tuesday,21,13,Urban,Medium Speed (Collector),No,27.71578611,-97.33753333,Simple Junction,Dark - Lighted,Clear,Unknown,Unknown,Unknown EMS Scene Arrival Hour,Unknown EMS Scene Arrival Minutes,Not Applicable (Not Transported),Not Applicable (Not Transported),1,Dark - Lighted,Clear,1,1,['Driver'],['None_Used'],0,0,Valid,0.0,0.0,23.0,23.0,"['Female', 'Male']",0,0,5,1,5,Dry,Straight,Level,Lowest,No
32759,48,Texas,481824,0,2,2,0,6,NOT APPLICABLE,June,29,Thursday,20,3,Rural,Medium Speed (Collector),No,34.16009444,-101.69632222,Simple Junction,Daylight,Clear,Unknown,Unknown,Unknown EMS Scene Arrival Hour,Unknown EMS Scene Arrival Minutes,Unknown,Unknown EMS Hospital Arrival Time,1,Daylight,Clear,1,5,['Driver'],['Shoulder_Lapbelt'],0,0,Valid,0.0,0.0,49.0,16.0,"['Female', 'Male']",0,0,3,1,5,Dry,Straight,Level,Lowest,No
32760,48,Texas,481825,0,2,2,0,2,LUBBOCK,June,30,Friday,21,52,Urban,Medium Speed (Collector),No,33.56511944,-101.90503611,Complex/Circle,Dark - Lighted,Clear,Unknown,Unknown,Unknown EMS Scene Arrival Hour,Unknown EMS Scene Arrival Minutes,Unknown,Unknown EMS Hospital Arrival Time,1,Dark - Lighted,Clear,1,1,['Driver'],['None_Used'],1,1,Invalid,0.0,1.0,28.0,19.0,"['Male', 'Male']",0,0,5,1,5,Wet/Standing Water,Straight,Grade/Hillcrest,Lowest,No
32761,48,Texas,481826,0,2,2,0,7,IRVING,June,20,Tuesday,21,45,Urban,High Speed (Arterial),Yes,32.82176944,-96.99371389,Complex/Circle,Dark - Lighted,Clear,Unknown,Unknown,Unknown EMS Scene Arrival Hour,Unknown EMS Scene Arrival Minutes,Unknown,Unknown EMS Hospital Arrival Time,1,Dark - Lighted,Clear,1,6,['Rear_Seat'],['None_Used'],1,1,Valid,0.0,0.0,36.0,24.0,"['Male', 'Female']",1,0,3,1,5,Dry,Straight,Level,Lowest,No
32762,48,Texas,481827,0,1,1,0,4,NOT APPLICABLE,June,26,Monday,0,36,Urban,Medium Speed (Collector),No,32.73862778,-96.52303333,Non-Intersection,Dark - Not Lighted,Cloudy,Unknown,Unknown if Notified,Unknown EMS Scene Arrival Hour,Unknown if Arrived,Not Applicable (Not Transported),Not Applicable (Not Transported),1,Dark - Unlighted,Reduced Visibility,1,3,['Non_Standard_Risk'],['None_Used'],0,0,Valid,0.0,0.0,21.0,21.0,['Male'],0,0,3,1,1,Dry,Curve,Grade/Hillcrest,Lowest,No
32763,48,Texas,481828,0,2,2,0,2,AUSTIN,June,30,Friday,17,3,Urban,High Speed (Arterial),Yes,30.43899444,-97.77810278,Non-Intersection,Daylight,Clear,Unknown,Unknown,Unknown EMS Scene Arrival Hour,Unknown EMS Scene Arrival Minutes,Unknown,Unknown EMS Hospital Arrival Time,1,Daylight,Clear,1,1,['Driver'],['None_Used'],0,0,Valid,0.0,0.0,43.0,23.0,"['Female', 'Female']",0,0,3,1,5,Dry,Straight,Level,Lowest,Yes
32764,48,Texas,481829,0,2,2,0,8,NOT APPLICABLE,July,2,Sunday,19,9,Urban,Medium Speed (Collector),No,26.38034167,-98.10675556,Complex/Circle,Daylight,Clear,Unknown,Unknown,Unknown EMS Scene Arrival Hour,Unknown EMS Scene Arrival Minutes,Unknown,Unknown EMS Hospital Arrival Time,2,Daylight,Clear,2,6,"['Driver', 'Front_Passenger']","['Shoulder_Lapbelt', 'Shoulder_Lapbelt']",1,1,Invalid,0.0,0.0,41.0,30.0,"['Male', 'Female']",0,0,3,1,5,Dry,Straight,Level,Lowest,No
32765,48,Texas,481830,0,2,2,0,2,NOT APPLICABLE,June,22,Thursday,6,39,Rural,Medium Speed (Collector),No,32.96854167,-96.24636389,Non-Intersection,Dawn,Cloudy,Unknown,Unknown,Unknown EMS Scene Arrival Hour,Unknown EMS Scene Arrival Minutes,Unknown,Unknown EMS Hospital Arrival Time,1,Twilight,Reduced Visibility,1,1,['Driver'],['None_Used'],0,0,Valid,0.0,0.0,48.0,27.0,"['Male', 'Male']",0,0,3,1,5,Dry,Straight,Level,Lowest,No
32766,48,Texas,481831,0,1,1,0,1,NOT APPLICABLE,June,26,Monday,14,10,Urban,High Speed (Arterial),No,29.71860833,-95.67384167,Non-Intersection,Daylight,Clear,Unknown,Unknown if Notified,Unknown EMS Scene Arrival Hour,Unknown if Arrived,Not Applicable (Not Transported),Not Applicable (Not Transported),1,Daylight,Clear,1,0,['Driver'],['None_Used'],0,0,Valid,0.0,2.0,23.0,23.0,['Male'],1,0,3,1,2,Dry,Straight,Level,Lowest,No
32767,48,Texas,481832,1,1,1,0,1,DALLAS,June,30,Friday,5,29,Urban,Low Speed (Local),No,32.76336944,-96.68678056,Non-Intersection,Dark - Not Lighted,Clear,Unknown,Unknown,Unknown EMS Scene Arrival Hour,Unknown EMS Scene Arrival Minutes,Unknown,Unknown EMS Hospital Arrival Time,1,Dark - Unlighted,Clear,0,0,[],[],0,0,Invalid,0.0,0.0,999.0,999.0,['Other'],0,0,1,0,4,Dry,Straight,Grade/Hillcrest,Lowest,No
32768,48,Texas,481833,1,1,1,0,1,NOT APPLICABLE,June,29,Thursday,4,15,Urban,Medium Speed (Collector),No,30.21539167,-95.28037222,Non-Intersection,Dark - Not Lighted,Clear,Unknown,Unknown if Notified,Unknown EMS Scene Arrival Hour,Unknown if Arrived,Not Applicable (Not Transported),Not Applicable (Not Transported),1,Dark - Unlighted,Clear,0,1,[],[],0,0,Valid,0.0,0.0,46.0,46.0,['Male'],0,0,3,1,4,Dry,Straight,Level,Lowest,No
32769,48,Texas,481834,0,1,1,0,1,NOT APPLICABLE,June,30,Friday,10,47,Rural,Medium Speed (Collector),No,29.6201,-98.86997222,Non-Intersection,Daylight,Clear,Unknown,Unknown if Notified,Unknown EMS Scene Arrival Hour,Unknown if Arrived,Not Applicable (Not Transported),Not Applicable (Not Transported),1,Daylight,Clear,1,0,['Driver'],['None_Used'],0,0,Valid,0.0,0.0,19.0,19.0,['Female'],1,0,5,1,3,Dry,Curve,Grade/Hillcrest,Lowest,No
32770,48,Texas,481835,0,2,2,0,3,HOUSTON,June,11,Sunday,1,54,Urban,Medium Speed (Collector),No,29.84850556,-95.29264167,Non-Intersection,Dark - Lighted,Rain,Unknown,Unknown,Unknown EMS Scene Arrival Hour,Unknown EMS Scene Arrival Minutes,Unknown,Unknown EMS Hospital Arrival Time,1,Dark - Lighted,Rain/Wind/Minor,1,2,['Driver'],['None_Used'],1,1,Valid,1.0,0.0,50.0,46.0,"['Male', 'Female']",0,0,3,1,5,Wet/Standing Water,Straight,Grade/Hillcrest,Lowest,No
32771,48,Texas,481836,0,1,1,0,3,HOUSTON,June,11,Sunday,20,40,Urban,Medium Speed (Collector),No,29.61175278,-95.27584167,Non-Intersection,Dark - Lighted,Clear,Unknown,Unknown,Unknown EMS Scene Arrival Hour,Unknown EMS Scene Arrival Minutes,Unknown,Unknown EMS Hospital Arrival Time,2,Dark - Lighted,Clear,2,1,"['Driver', 'Front_Passenger']","['None_Used', 'None_Used']",1,1,Valid,0.0,0.0,34.0,34.0,['Female'],0,0,3,1,3,Dry,Straight,Level,Lowest,No
32772,48,Texas,481837,0,1,1,0,1,NOT APPLICABLE,July,2,Sunday,23,30,Rural,Low Speed (Local),No,27.30902222,-98.28886111,Non-Intersection,Dark - Not Lighted,Clear,Unknown,Unknown if Notified,Unknown EMS Scene Arrival Hour,Unknown if Arrived,Not Applicable (Not Transported),Not Applicable (Not Transported),1,Dark - Unlighted,Clear,1,0,['Driver'],['Shoulder_Lapbelt'],0,0,Valid,0.0,0.0,72.0,72.0,['Male'],0,0,3,1,3,Loose/Unpaved,Straight,Level,Medium,No
32773,48,Texas,481838,0,2,2,0,2,NOT APPLICABLE,June,24,Saturday,10,16,Rural,Medium Speed (Collector),No,31.71583611,-103.58855556,Non-Intersection,Daylight,Clear,Unknown,Unknown,Unknown EMS Scene Arrival Hour,Unknown EMS Scene Arrival Minutes,Unknown,Unknown EMS Hospital Arrival Time,1,Daylight,Clear,1,1,['Driver'],['Shoulder_Lapbelt'],0,0,Invalid,0.0,0.0,53.0,38.0,"['Male', 'Male']",0,0,4,4,5,Dry,Straight,Level,Lowest,No
32774,48,Texas,481839,0,3,3,0,4,FORT WORTH,July,6,Thursday,18,2,Urban,High Speed (Arterial),Yes,32.73204722,-97.31829444,Complex/Circle,Daylight,Clear,Unknown,Unknown,Unknown EMS Scene Arrival Hour,Unknown EMS Scene Arrival Minutes,Not Applicable (Not Transported),Not Applicable (Not Transported),1,Daylight,Clear,1,3,['Driver'],['None_Used'],0,0,Valid,0.0,0.0,57.0,35.0,"['Male', 'Male', 'Male']",1,0,3,2,5,Dry,Straight,Level,Lowest,No
32775,48,Texas,481840,0,1,1,0,1,PARIS,July,1,Saturday,2,22,Urban,High Speed (Arterial),Yes,33.69179444,-95.5539,Complex/Circle,Dark - Lighted,Cloudy,Unknown,Unknown if Notified,Unknown EMS Scene Arrival Hour,Unknown if Arrived,Not Applicable (Not Transported),Not Applicable (Not Transported),1,Dark - Lighted,Reduced Visibility,1,0,['Driver'],['Shoulder_Lapbelt'],0,0,Invalid,0.0,0.0,23.0,23.0,['Male'],1,0,2,1,3,Dry,Straight,Level,Lowest,No
32776,48,Texas,481841,1,1,1,0,1,NOT APPLICABLE,June,17,Saturday,5,30,Urban,Medium Speed (Collector),No,30.05438056,-95.485825,Non-Intersection,Dark - Not Lighted,Clear,Unknown,Unknown,Unknown EMS Scene Arrival Hour,Unknown EMS Scene Arrival Minutes,Not Applicable (Not Transported),Not Applicable (Not Transported),1,Dark - Unlighted,Clear,0,1,[],[],0,0,Valid,0.0,0.0,76.0,76.0,['Female'],0,0,2,2,4,Dry,Straight,Level,Lowest,No
32777,48,Texas,481842,0,2,2,0,3,NOT APPLICABLE,June,29,Thursday,14,10,Rural,Medium Speed (Collector),No,32.39458611,-95.55980278,Simple Junction,Daylight,Clear,Unknown,Unknown,Unknown EMS Scene Arrival Hour,Unknown EMS Scene Arrival Minutes,Not Applicable (Not Transported),Not Applicable (Not Transported),1,Daylight,Clear,1,2,['Driver'],['None_Used'],1,1,Valid,0.0,0.0,82.0,34.0,"['Female', 'Male']",1,0,3,3,5,Dry,Straight,Grade/Hillcrest,Lowest,No
32778,48,Texas,481843,0,1,1,0,1,NOT APPLICABLE,July,2,Sunday,18,18,Rural,Medium Speed (Collector),No,28.88426944,-96.13989444,Non-Intersection,Daylight,Clear,Unknown,Unknown if Notified,Unknown EMS Scene Arrival Hour,Unknown if Arrived,Not Applicable (Not Transported),Not Applicable (Not Transported),1,Daylight,Clear,1,0,['Driver'],['None_Used'],0,0,Valid,0.0,0.0,61.0,61.0,['Male'],0,0,3,1,3,Dry,Straight,Level,Lowest,No
32779,48,Texas,481844,0,2,2,0,2,SAN ANTONIO,July,2,Sunday,22,0,Urban,Medium Speed (Collector),No,29.44706667,-98.54521944,Simple Junction,Dark - Lighted,Clear,Unknown,Unknown if Notified,Unknown EMS Scene Arrival Hour,Unknown if Arrived,Not Applicable (Not Transported),Not Applicable (Not Transported),1,Dark - Lighted,Clear,1,0,['Driver'],['None_Used'],0,0,Valid,2.0,1.0,64.0,49.0,"['Male', 'Male']",0,0,5,1,5,Dry,Straight,Level,Lowest,No
32780,48,Texas,481845,0,1,1,0,1,NOT APPLICABLE,July,8,Saturday,6,55,Rural,Medium Speed (Collector),No,33.12098333,-95.70965833,Non-Intersection,Dark - Not Lighted,Clear,Unknown,Unknown if Notified,Unknown EMS Scene Arrival Hour,Unknown if Arrived,Not Applicable (Not Transported),Not Applicable (Not Transported),1,Dark - Unlighted,Clear,1,0,['Driver'],['None_Used'],1,1,Valid,0.0,2.0,33.0,33.0,['Male'],0,0,2,1,3,Dry,Curve,Level,Lowest,No
32781,48,Texas,481846,0,3,3,0,4,KYLE,July,7,Friday,1,20,Urban,High Speed (Arterial),Yes,29.97263056,-97.87448889,Non-Intersection,Dark - Lighted,Clear,Unknown,Unknown if Notified,Unknown EMS Scene Arrival Hour,Unknown if Arrived,Not Applicable (Not Transported),Not Applicable (Not Transported),1,Dark - Lighted,Clear,1,3,['Driver'],['None_Used'],0,0,Valid,2.0,0.0,48.0,24.0,"['Male', 'Male', 'Male']",1,0,5,1,5,Dry,Straight,Level,Lowest,No
32782,48,Texas,481847,1,1,1,0,1,BEAUMONT,July,2,Sunday,4,9,Urban,High Speed (Arterial),Yes,30.06795278,-94.15019722,Non-Intersection,Dark - Not Lighted,Clear,Unknown,Unknown if Notified,Unknown EMS Scene Arrival Hour,Unknown if Arrived,Not Applicable (Not Transported),Not Applicable (Not Transported),1,Dark - Unlighted,Clear,0,1,[],[],0,0,Invalid,0.0,0.0,35.0,35.0,['Male'],0,0,2,2,4,Dry,Straight,Grade/Hillcrest,Lowest,No
32783,48,Texas,481848,0,2,2,0,3,NOT APPLICABLE,July,3,Monday,17,27,Rural,Medium Speed (Collector),No,32.62561944,-95.94621111,Non-Intersection,Daylight,Clear,Unknown,Unknown,Unknown EMS Scene Arrival Hour,Unknown EMS Scene Arrival Minutes,Unknown,Unknown EMS Hospital Arrival Time,1,Daylight,Clear,1,2,['Driver'],['Shoulder_Lapbelt'],0,0,Valid,0.0,0.0,52.0,17.0,"['Male', 'Male']",0,0,4,2,5,Dry,Straight,Level,Lowest,No
32784,48,Texas,481849,0,2,2,0,2,NOT APPLICABLE,June,30,Friday,8,42,Rural,Medium Speed (Collector),No,32.45186389,-101.26197778,Complex/Circle,Daylight,Clear,8:00am-8:59am,33,8:00am-8:59am,57,9:00am-9:59am,45,1,Daylight,Clear,1,1,['Driver'],['Shoulder_Lapbelt'],0,0,Valid,0.0,1.0,33.0,22.0,"['Male', 'Male']",0,0,4,3,5,Dry,Straight,Level,Lowest,No
32785,48,Texas,481850,0,2,2,0,2,LAKE WORTH VILLAGE,July,10,Monday,9,9,Urban,Medium Speed (Collector),No,32.81501111,-97.40899722,Non-Intersection,Daylight,Clear,Unknown,Unknown,Unknown EMS Scene Arrival Hour,Unknown EMS Scene Arrival Minutes,Unknown,Unknown EMS Hospital Arrival Time,1,Daylight,Clear,1,1,['Driver'],['Shoulder_Lapbelt'],0,0,Valid,0.0,0.0,71.0,46.0,"['Female', 'Female']",0,0,3,4,5,Dry,Straight,Level,Lowest,No
32786,48,Texas,481851,0,1,1,0,1,FORT WORTH,July,8,Saturday,10,6,Urban,Medium Speed (Collector),No,32.91020278,-97.27898333,Non-Intersection,Daylight,Clear,Unknown,Unknown,Unknown EMS Scene Arrival Hour,Unknown EMS Scene Arrival Minutes,Unknown,Unknown EMS Hospital Arrival Time,1,Daylight,Clear,1,0,['Driver'],['None_Used'],0,0,Valid,0.0,0.0,33.0,33.0,['Male'],1,0,5,1,3,Dry,Curve,Level,Lowest,No
32787,48,Texas,481852,1,1,1,0,1,SAN ANTONIO,June,30,Friday,2,52,Urban,Low Speed (Local),No,29.48410278,-98.40722222,Non-Intersection,Dark - Lighted,Clear,Unknown,Unknown,Unknown EMS Scene Arrival Hour,Unknown EMS Scene Arrival Minutes,Not Applicable (Not Transported),Not Applicable (Not Transported),1,Dark - Lighted,Clear,0,1,[],[],0,0,Valid,0.0,0.0,74.0,74.0,['Female'],0,0,3,2,4,Dry,Straight,Grade/Hillcrest,Lowest,No
32788,48,Texas,481853,0,1,1,0,1,NOT APPLICABLE,June,28,Wednesday,11,26,Rural,Low Speed (Local),No,30.15367778,-95.06072222,Non-Intersection,Daylight,Clear,Unknown,Unknown if Notified,Unknown EMS Scene Arrival Hour,Unknown if Arrived,Not Applicable (Not Transported),Not Applicable (Not Transported),1,Daylight,Clear,1,0,['Driver'],['Shoulder_Lapbelt'],0,0,Invalid,0.0,0.0,46.0,46.0,['Male'],0,0,4,1,3,Dry,Straight,Level,Lowest,No
32789,48,Texas,481854,0,2,2,0,2,NOT APPLICABLE,June,29,Thursday,5,40,Rural,Medium Speed (Collector),No,32.31313611,-94.73540833,Non-Intersection,Dark - Not Lighted,Clear,Unknown,Unknown,Unknown EMS Scene Arrival Hour,Unknown EMS Scene Arrival Minutes,Unknown,Unknown EMS Hospital Arrival Time,1,Dark - Unlighted,Clear,1,1,['Driver'],['Shoulder_Lapbelt'],0,0,Valid,1.0,3.0,36.0,25.0,"['Male', 'Male']",0,0,2,4,5,Dry,Straight,Level,Lowest,No
32790,48,Texas,481855,0,2,2,0,7,SAN ANTONIO,July,2,Sunday,21,58,Urban,High Speed (Arterial),Yes,29.31161111,-98.397175,Non-Intersection,Dark - Lighted,Cloudy,Unknown,Unknown,Unknown EMS Scene Arrival Hour,Unknown EMS Scene Arrival Minutes,Unknown,Unknown EMS Hospital Arrival Time,2,Dark - Lighted,Reduced Visibility,2,5,"['Driver', 'Front_Passenger']","['Shoulder_Lapbelt', 'Shoulder_Lapbelt']",0,0,Valid,3.0,0.0,53.0,21.0,"['Male', 'Male']",0,0,3,1,5,Dry,Straight,Non-Trafficway,Lowest,No
32791,48,Texas,481856,0,4,4,0,12,SAN ANTONIO,July,4,Tuesday,17,34,Urban,High Speed (Arterial),Yes,29.47698056,-98.52025,Non-Intersection,Daylight,Clear,Unknown,Unknown,Unknown EMS Scene Arrival Hour,Unknown EMS Scene Arrival Minutes,Unknown,Unknown EMS Hospital Arrival Time,1,Daylight,Clear,1,11,['Rear_Seat'],['Shoulder_Lapbelt'],0,0,Valid,0.0,0.0,80.0,22.0,"['Female', 'Male', 'Male', 'Female']",0,0,3,1,5,Dry,Straight,Level,Lowest,No
32792,48,Texas,481857,0,1,1,0,1,RICHARDSON,June,10,Saturday,0,7,Urban,High Speed (Arterial),Yes,32.94020278,-96.7453,Non-Intersection,Dark - Unknown Lighting,Clear,Unknown,Unknown,Unknown EMS Scene Arrival Hour,Unknown EMS Scene Arrival Minutes,Unknown,Unknown EMS Hospital Arrival Time,1,Dark - Unlighted,Clear,1,0,['Driver'],['None_Used'],0,0,Valid,0.0,0.0,47.0,47.0,['Male'],0,0,5,1,3,Dry,Straight,Level,Lowest,No
32793,48,Texas,481858,1,1,1,0,1,PHARR,July,8,Saturday,6,50,Urban,Medium Speed (Collector),No,26.20578333,-98.17214722,Non-Intersection,Dark - Not Lighted,Clear,Unknown,Unknown if Notified,Unknown EMS Scene Arrival Hour,Unknown if Arrived,Not Applicable (Not Transported),Not Applicable (Not Transported),1,Dark - Unlighted,Clear,0,1,[],[],0,0,Valid,0.0,0.0,19.0,19.0,['Male'],1,0,3,1,4,Dry,Straight,Level,Lowest,No
32794,48,Texas,481859,0,2,2,0,5,DALLAS,July,3,Monday,17,11,Urban,Medium Speed (Collector),No,32.96046111,-96.80878889,Non-Intersection,Daylight,Cloudy,Unknown,Unknown,Unknown EMS Scene Arrival Hour,Unknown EMS Scene Arrival Minutes,Unknown,Unknown EMS Hospital Arrival Time,1,Daylight,Reduced Visibility,1,4,['Rear_Seat'],['Lapbelt_Only'],0,0,Valid,0.0,0.0,33.0,28.0,"['Male', 'Female']",1,0,3,2,5,Dry,Curve,Level,Lowest,No
32795,48,Texas,481861,0,2,2,0,2,NOT APPLICABLE,June,16,Friday,0,20,Rural,Medium Speed (Collector),No,32.29501111,-98.60295,Non-Intersection,Dark - Not Lighted,Clear,Unknown,Unknown,Unknown EMS Scene Arrival Hour,Unknown EMS Scene Arrival Minutes,Unknown,Unknown EMS Hospital Arrival Time,1,Dark - Unlighted,Clear,1,1,['Driver'],['Shoulder_Lapbelt'],0,0,Valid,1.0,5.0,54.0,50.0,"['Male', 'Female']",0,0,4,1,5,Dry,Straight,Level,Lowest,No
32796,48,Texas,481862,0,3,3,0,3,VICTORIA,July,6,Thursday,21,59,Urban,High Speed (Arterial),Yes,28.76440278,-96.97706667,Non-Intersection,Dark - Not Lighted,Cloudy,Unknown,Unknown if Notified,Unknown EMS Scene Arrival Hour,Unknown if Arrived,Not Applicable (Not Transported),Not Applicable (Not Transported),1,Dark - Unlighted,Reduced Visibility,1,2,['Driver'],['None_Used'],0,0,Invalid,1.0,1.0,52.0,30.0,"['Male', 'Male', 'Male']",0,0,4,1,5,Dry,Straight,Grade/Hillcrest,Lowest,No
32797,48,Texas,481863,1,1,1,0,1,NOT APPLICABLE,June,27,Tuesday,23,45,Rural,High Speed (Arterial),Yes,29.03205833,-97.93176111,Non-Intersection,Dark - Not Lighted,Cloudy,Unknown,Unknown if Notified,Unknown EMS Scene Arrival Hour,Unknown if Arrived,Not Applicable (Not Transported),Not Applicable (Not Transported),1,Dark - Unlighted,Reduced Visibility,0,1,[],[],0,0,Valid,0.0,0.0,36.0,36.0,['Male'],0,0,2,1,4,Dry,Straight,Level,Lowest,No
32798,48,Texas,481864,0,1,1,0,1,NOT APPLICABLE,July,9,Sunday,21,17,Rural,Medium Speed (Collector),No,29.58366389,-97.47156944,Non-Intersection,Dark - Not Lighted,Clear,Unknown,Unknown if Notified,Unknown EMS Scene Arrival Hour,Unknown if Arrived,Not Applicable (Not Transported),Not Applicable (Not Transported),1,Dark - Unlighted,Clear,1,0,['Driver'],['Shoulder_Lapbelt'],1,1,Valid,0.0,0.0,29.0,29.0,['Male'],0,0,3,4,3,Dry,Curve,Level,Lowest,No
32799,48,Texas,481865,0,3,2,1,5,LONGVIEW,July,6,Thursday,20,5,Urban,High Speed (Arterial),Yes,32.55372778,-94.75169444,Complex/Circle,Dusk,Rain,Unknown,Unknown,Unknown EMS Scene Arrival Hour,Unknown EMS Scene Arrival Minutes,Unknown,Unknown EMS Hospital Arrival Time,2,Twilight,Rain/Wind/Minor,2,3,"['Driver', 'Front_Passenger']","['None_Used', 'None_Used']",0,0,Valid,0.0,0.0,30.0,23.0,"['Male', 'Female']",0,0,3,1,5,Wet/Standing Water,Straight,Level,Lowest,No
32800,48,Texas,481866,0,2,2,0,6,NOT APPLICABLE,July,3,Monday,14,18,Rural,High Speed (Arterial),Yes,32.28073333,-97.61976389,Non-Intersection,Daylight,Cloudy,Unknown,Unknown,Unknown EMS Scene Arrival Hour,Unknown EMS Scene Arrival Minutes,Unknown,Unknown EMS Hospital Arrival Time,1,Daylight,Reduced Visibility,1,5,['Rear_Seat'],['Child_Safety'],0,0,Valid,0.0,0.0,36.0,23.0,"['Male', 'Male']",1,0,3,1,5,Dry,Straight,Level,Lowest,No
32801,48,Texas,481867,1,1,1,0,1,NOT APPLICABLE,July,8,Saturday,2,5,Rural,Medium Speed (Collector),No,30.24979722,-95.20205833,Non-Intersection,Dark - Not Lighted,Clear,Unknown,Unknown,Unknown EMS Scene Arrival Hour,Unknown EMS Scene Arrival Minutes,Unknown,Unknown EMS Hospital Arrival Time,1,Dark - Unlighted,Clear,0,1,[],[],0,0,Valid,0.0,0.0,46.0,46.0,['Female'],0,0,3,2,4,Dry,Curve,Level,Lowest,No
32802,48,Texas,481868,0,3,1,2,2,SAN BENITO,June,26,Monday,2,5,Urban,Medium Speed (Collector),No,26.12162222,-97.63058333,Complex/Circle,Dark - Lighted,Clear,Unknown,Unknown,Unknown EMS Scene Arrival Hour,Unknown EMS Scene Arrival Minutes,Unknown,Unknown EMS Hospital Arrival Time,1,Dark - Lighted,Clear,1,1,['Front_Passenger'],['Shoulder_Lapbelt'],0,0,Invalid,0.0,1.0,20.0,20.0,['Male'],0,0,3,1,3,Dry,Straight,Level,Lowest,No
32803,48,Texas,481869,0,3,3,0,8,CORPUS CHRISTI,July,3,Monday,20,30,Rural,Medium Speed (Collector),No,27.71836667,-97.145875,Non-Intersection,Dark - Lighted,Clear,Unknown,Unknown,Unknown EMS Scene Arrival Hour,Unknown EMS Scene Arrival Minutes,Unknown,Unknown EMS Hospital Arrival Time,1,Dark - Lighted,Clear,1,7,['Rear_Seat'],['None_Used'],1,1,Valid,0.0,0.0,52.0,19.0,"['Male', 'Male', 'Male']",0,0,3,1,5,Dry,Straight,Level,Lowest,No
32804,48,Texas,481871,0,2,2,0,2,DALLAS,July,3,Monday,16,2,Urban,Medium Speed (Collector),No,32.91630833,-96.71779167,Simple Junction,Daylight,Cloudy,Unknown,Unknown,Unknown EMS Scene Arrival Hour,Unknown EMS Scene Arrival Minutes,Not Applicable (Not Transported),Not Applicable (Not Transported),1,Daylight,Reduced Visibility,1,1,['Driver'],['Shoulder_Lapbelt'],0,0,Valid,0.0,0.0,47.0,30.0,"['Male', 'Male']",1,0,3,1,5,Dry,Straight,Level,Lowest,No