,State_Code,State_Name,Crash_ID,Count_Non_Motorists,Count_Vehicles_Total,Count_Vehicle_Forms,Count_PVH_Involved,Count_Occupants_MV,City_Name,Month_Name,Day_of_Month,Day_of_Week,Crash_Hour,Crash_Minute,Area_Rural_Urban,Road_Functional_Class,On_NHS_Road,Latitude,Longitude,Intersection_Type,Light_Condition,Weather_Condition,Notif_Hour,Notif_Minute,Arrival_Hour,Arrival_Minute,Hospital_Hour,Hospital_Minute,Fatalities_Count,Clean_Light_Condition,Clean_Weather_Condition,Total_Killed,Total_Alive,Fatal_Seats_List,Killed_Restraint_List,Any_Driver_Drinking,Total_Drinking_Drivers,Driver_License_Category,Driver_Max_Prev_Accident_Count,Driver_Max_Prev_Speeding_Count,Max_Driver_Age,Min_Driver_Age,Driver_Sex_List,Total_Exceeding_Limit_Vehicles,Total_Too_Fast_Vehicles,Max_Vehicle_Type_Severity_5,Max_Vehicle_Damage_Rank,Max_Harmful_Event_Severity,Crash_Road_Surface_Condition,Crash_Horizontal_Alignment,Crash_Vertical_Profile,Crash_Impairment_Category,Crash_Vehicle_Defect
32805,48,Texas,481872,0,2,2,0,2,AUSTIN,June,17,Saturday,11,56,Urban,Medium Speed (Collector),No,30.18182778,-97.75195556,Non-Intersection,Daylight,Clear,Unknown,Unknown if Notified,Unknown EMS Scene Arrival Hour,Unknown if Arrived,Not Applicable (Not Transported),Not Applicable (Not Transported),1,Daylight,Clear,1,1,['Driver'],['None_Used'],0,0,Invalid,0.0,1.0,50.0,31.0,"['Male', 'Male']",0,0,5,2,5,Dry,Straight,Level,Lowest,No
32806,48,Texas,481873,0,2,2,0,2,MANOR,June,13,Tuesday,21,17,Urban,Medium Speed (Collector),No,30.37335278,-97.53070833,Simple Junction,Dark - Lighted,Clear,Unknown,Unknown if Notified,Unknown EMS Scene Arrival Hour,Unknown if Arrived,Not Applicable (Not Transported),Not Applicable (Not Transported),1,Dark - Lighted,Clear,1,1,['Driver'],['Shoulder_Lapbelt'],1,1,Valid,1.0,0.0,46.0,19.0,"['Female', 'Male']",0,0,3,1,5,Dry,Straight,Level,Lowest,No
32807,48,Texas,481875,1,2,2,0,2,NOT APPLICABLE,June,24,Saturday,21,7,Urban,High Speed (Arterial),Yes,29.89159444,-95.26865556,Non-Intersection,Dark - Not Lighted,Clear,Unknown,Unknown if Notified,Unknown EMS Scene Arrival Hour,Unknown if Arrived,Not Applicable (Not Transported),Not Applicable (Not Transported),1,Dark - Unlighted,Clear,0,0,[],[],0,0,Invalid,0.0,0.0,999.0,999.0,"['Other', 'Other']",0,0,1,1,5,Dry,Straight,Level,Lowest,No
32808,48,Texas,481876,0,1,1,0,1,GRAPEVINE,July,8,Saturday,2,22,Urban,High Speed (Arterial),Yes,32.95068889,-97.0385,Non-Intersection,Dark - Lighted,Clear,Unknown,Unknown if Notified,Unknown EMS Scene Arrival Hour,Unknown if Arrived,Not Applicable (Not Transported),Not Applicable (Not Transported),1,Dark - Lighted,Clear,1,0,['Driver'],['None_Used'],0,0,Valid,0.0,0.0,44.0,44.0,['Male'],1,0,5,1,3,Dry,Curve,Level,Lowest,No
32809,48,Texas,481877,0,1,1,0,1,HOUSTON,July,3,Monday,6,30,Urban,Medium Speed (Collector),No,29.70815833,-95.50824444,Non-Intersection,Daylight,Clear,Unknown,Unknown,Unknown EMS Scene Arrival Hour,Unknown EMS Scene Arrival Minutes,Unknown,Unknown EMS Hospital Arrival Time,1,Daylight,Clear,1,0,['Driver'],['Shoulder_Lapbelt'],0,0,Valid,1.0,0.0,46.0,46.0,['Male'],0,0,2,1,3,Dry,Straight,Level,Lowest,No
32810,48,Texas,481878,0,2,2,0,2,WHITEWRIGHT,June,29,Thursday,22,51,Rural,High Speed (Arterial),Yes,33.53678611,-96.40455833,Non-Intersection,Dark - Not Lighted,Clear,Unknown,Unknown if Notified,Unknown EMS Scene Arrival Hour,Unknown if Arrived,Not Applicable (Not Transported),Not Applicable (Not Transported),1,Dark - Unlighted,Clear,1,1,['Driver'],['None_Used'],1,1,Valid,1.0,0.0,30.0,22.0,"['Male', 'Male']",0,0,4,1,5,Dry,Straight,Level,Lowest,No
32811,48,Texas,481879,0,1,1,0,3,ROSENBERG,July,4,Tuesday,12,58,Urban,Low Speed (Local),No,29.58576667,-95.80442778,Non-Intersection,Daylight,Cloudy,Unknown,Unknown,Unknown EMS Scene Arrival Hour,Unknown EMS Scene Arrival Minutes,Unknown,Unknown EMS Hospital Arrival Time,1,Daylight,Reduced Visibility,1,2,['Driver'],['None_Used'],1,1,Invalid,0.0,0.0,29.0,29.0,['Male'],3,0,5,1,2,Dry,Straight,Level,Lowest,No
32812,48,Texas,481880,0,2,2,0,2,NOT APPLICABLE,July,9,Sunday,2,12,Urban,Low Speed (Local),No,29.51685278,-95.45467222,Non-Intersection,Dark - Not Lighted,Clear,Unknown,Unknown,Unknown EMS Scene Arrival Hour,Unknown EMS Scene Arrival Minutes,Unknown,Unknown EMS Hospital Arrival Time,1,Dark - Unlighted,Clear,1,1,['Driver'],['None_Used'],1,1,Valid,0.0,1.0,61.0,30.0,"['Male', 'Male']",1,0,2,1,5,Dry,Straight,Level,Lowest,No
32813,48,Texas,481881,0,1,1,0,1,HOUSTON,June,27,Tuesday,22,46,Urban,High Speed (Arterial),Yes,29.63666667,-95.38727778,Non-Intersection,Dark - Not Lighted,Clear,Unknown,Unknown,Unknown EMS Scene Arrival Hour,Unknown EMS Scene Arrival Minutes,Unknown,Unknown EMS Hospital Arrival Time,1,Dark - Unlighted,Clear,1,0,['Driver'],['None_Used'],0,0,Valid,0.0,0.0,46.0,46.0,['Male'],0,0,3,1,3,Dry,Straight,Level,Lowest,No
32814,48,Texas,481882,0,2,2,0,3,NOT APPLICABLE,July,5,Wednesday,23,13,Urban,Low Speed (Local),No,29.80018333,-95.03013056,Non-Intersection,Dark - Lighted,Clear,Unknown,Unknown if Notified,Unknown EMS Scene Arrival Hour,Unknown if Arrived,Not Applicable (Not Transported),Not Applicable (Not Transported),1,Dark - Lighted,Clear,1,2,['Driver'],['None_Used'],0,0,Invalid,0.0,1.0,32.0,21.0,"['Female', 'Male']",0,0,2,2,5,Dry,Straight,Level,Lowest,No
32815,48,Texas,481883,1,1,1,0,1,BROWNSVILLE,July,10,Monday,22,3,Urban,High Speed (Arterial),Yes,25.93651944,-97.43952778,Simple Junction,Dark - Lighted,Cloudy,Unknown,Unknown,Unknown EMS Scene Arrival Hour,Unknown EMS Scene Arrival Minutes,Unknown,Unknown EMS Hospital Arrival Time,1,Dark - Lighted,Reduced Visibility,0,0,[],[],0,0,Invalid,0.0,0.0,999.0,999.0,['Other'],0,0,1,0,4,Dry,Straight,Level,Lowest,No
32816,48,Texas,481884,0,1,1,0,1,WICHITA FALLS,July,8,Saturday,21,6,Urban,High Speed (Arterial),No,33.85793611,-98.53798056,Non-Intersection,Dark - Lighted,Clear,Unknown,Unknown if Notified,Unknown EMS Scene Arrival Hour,Unknown if Arrived,Not Applicable (Not Transported),Not Applicable (Not Transported),1,Dark - Lighted,Clear,1,0,['Driver'],['Shoulder_Lapbelt'],1,1,Valid,0.0,0.0,71.0,71.0,['Male'],0,0,3,1,2,Dry,Straight,Level,Medium,No
32817,48,Texas,481885,0,2,2,0,4,CORPUS CHRISTI,June,30,Friday,20,56,Rural,Medium Speed (Collector),No,27.74759722,-97.12624722,Non-Intersection,Dark - Not Lighted,Clear,Unknown,Unknown,Unknown EMS Scene Arrival Hour,Unknown EMS Scene Arrival Minutes,Unknown,Unknown EMS Hospital Arrival Time,1,Dark - Unlighted,Clear,1,3,['Driver'],['Shoulder_Lapbelt'],1,1,Invalid,0.0,0.0,28.0,26.0,"['Male', 'Male']",0,0,3,1,5,Dry,Straight,Level,Lowest,No
32818,48,Texas,481886,0,2,2,0,5,NOT APPLICABLE,June,28,Wednesday,22,58,Urban,High Speed (Arterial),Yes,29.18360833,-99.79984167,Non-Intersection,Dark - Not Lighted,Clear,Unknown,Unknown,Unknown EMS Scene Arrival Hour,Unknown EMS Scene Arrival Minutes,Unknown,Unknown EMS Hospital Arrival Time,1,Dark - Unlighted,Clear,1,4,['Driver'],['None_Used'],0,0,Valid,0.0,0.0,28.0,23.0,"['Male', 'Female']",0,0,3,1,5,Dry,Straight,Level,Lowest,No
32819,48,Texas,481887,1,3,3,0,4,HOUSTON,June,17,Saturday,7,35,Urban,High Speed (Arterial),Yes,29.78400833,-95.48237222,Non-Intersection,Daylight,Clear,Unknown,Unknown,Unknown EMS Scene Arrival Hour,Unknown EMS Scene Arrival Minutes,Unknown,Unknown EMS Hospital Arrival Time,1,Daylight,Clear,0,4,[],[],0,0,Valid,1.0,0.0,37.0,21.0,"['Male', 'Male', 'Female']",0,0,3,2,5,Dry,Straight,Level,Lowest,No
32820,48,Texas,481888,1,1,1,0,1,HOUSTON,June,13,Tuesday,5,14,Urban,High Speed (Arterial),No,29.73751389,-95.50002778,Non-Intersection,Dark - Not Lighted,Clear,Unknown,Unknown if Notified,Unknown EMS Scene Arrival Hour,Unknown if Arrived,Not Applicable (Not Transported),Not Applicable (Not Transported),1,Dark - Unlighted,Clear,0,1,[],[],0,0,Valid,0.0,0.0,45.0,45.0,['Male'],0,0,2,2,4,Dry,Straight,Level,Lowest,No
32821,48,Texas,481889,0,2,2,0,4,HOUSTON,April,28,Friday,15,21,Urban,Medium Speed (Collector),No,29.93976389,-95.29524722,Complex/Circle,Daylight,Clear,Unknown,Unknown,Unknown EMS Scene Arrival Hour,Unknown EMS Scene Arrival Minutes,Unknown,Unknown EMS Hospital Arrival Time,1,Daylight,Clear,1,3,['Front_Passenger'],['Shoulder_Lapbelt'],0,0,Valid,0.0,0.0,37.0,32.0,"['Male', 'Female']",0,0,3,1,5,Dry,Straight,Level,Lowest,No
32822,48,Texas,481890,0,2,2,0,3,LA JOYA,June,1,Thursday,5,4,Urban,Medium Speed (Collector),No,26.28417222,-98.47934722,Non-Intersection,Dark - Not Lighted,Clear,Unknown,Unknown if Notified,Unknown EMS Scene Arrival Hour,Unknown if Arrived,Not Applicable (Not Transported),Not Applicable (Not Transported),2,Dark - Unlighted,Clear,2,1,"['Driver', 'Front_Passenger']","['Shoulder_Lapbelt', 'Shoulder_Lapbelt']",0,0,Invalid,0.0,0.0,55.0,25.0,"['Male', 'Male']",2,0,4,1,5,Dry,Straight,Level,Lowest,No
32823,48,Texas,481891,0,3,3,0,5,NOT APPLICABLE,July,3,Monday,8,55,Rural,High Speed (Arterial),Yes,32.73511667,-94.35318056,Complex/Circle,Daylight,Clear,Unknown,Unknown,Unknown EMS Scene Arrival Hour,Unknown EMS Scene Arrival Minutes,Unknown,Unknown EMS Hospital Arrival Time,2,Daylight,Clear,2,3,"['Driver', 'Front_Passenger']","['Shoulder_Lapbelt', 'Shoulder_Lapbelt']",1,1,Valid,1.0,2.0,61.0,25.0,"['Male', 'Male', 'Female']",0,0,4,1,5,Dry,Straight,Grade/Hillcrest,Lowest,No
32824,48,Texas,481892,0,2,2,0,5,SAN ANTONIO,July,7,Friday,19,25,Urban,Medium Speed (Collector),No,29.54831389,-98.48318611,Non-Intersection,Daylight,Clear,Unknown,Unknown,Unknown EMS Scene Arrival Hour,Unknown EMS Scene Arrival Minutes,Unknown,Unknown EMS Hospital Arrival Time,1,Daylight,Clear,1,4,['Driver'],['Shoulder_Lapbelt'],1,1,Valid,1.0,2.0,35.0,31.0,"['Male', 'Female']",4,0,3,1,5,Dry,Curve,Level,Lowest,No
32825,48,Texas,481893,0,1,1,0,1,DALLAS,June,25,Sunday,10,19,Urban,Low Speed (Local),No,32.91820278,-96.80187778,Non-Intersection,Daylight,Clear,Unknown,Unknown,Unknown EMS Scene Arrival Hour,Unknown EMS Scene Arrival Minutes,Not Applicable (Not Transported),Not Applicable (Not Transported),1,Daylight,Clear,1,0,['Driver'],['None_Used'],1,1,Invalid,0.0,0.0,23.0,23.0,['Male'],0,0,5,1,1,Dry,Straight,Level,Lowest,No
32826,48,Texas,481894,0,2,2,0,3,NOT APPLICABLE,July,1,Saturday,2,59,Rural,Medium Speed (Collector),No,32.46728889,-101.98247222,Non-Intersection,Dark - Not Lighted,Clear,Unknown,Unknown,Unknown EMS Scene Arrival Hour,Unknown EMS Scene Arrival Minutes,Unknown,Unknown EMS Hospital Arrival Time,1,Dark - Unlighted,Clear,1,2,['Driver'],['None_Used'],0,0,Valid,0.0,1.0,56.0,47.0,"['Male', 'Male']",0,0,4,1,5,Dry,Straight,Level,Lowest,No
32827,48,Texas,481895,1,1,1,0,2,HOUSTON,May,7,Sunday,21,6,Urban,Medium Speed (Collector),No,29.68817778,-95.49686944,Complex/Circle,Dark - Lighted,Cloudy,Unknown,Unknown if Notified,Unknown EMS Scene Arrival Hour,Unknown if Arrived,Not Applicable (Not Transported),Not Applicable (Not Transported),1,Dark - Lighted,Reduced Visibility,0,2,[],[],0,0,Valid,0.0,0.0,41.0,41.0,['Male'],2,0,1,1,4,Dry,Straight,Level,Lowest,No
32828,48,Texas,481897,0,2,2,0,2,HILLSBORO,July,12,Wednesday,22,19,Urban,High Speed (Arterial),Yes,31.995275,-97.10130556,Non-Intersection,Dark - Not Lighted,Clear,Unknown,Unknown if Notified,Unknown EMS Scene Arrival Hour,Unknown if Arrived,Not Applicable (Not Transported),Not Applicable (Not Transported),1,Dark - Unlighted,Clear,1,1,['Driver'],['Shoulder_Lapbelt'],1,1,Valid,0.0,0.0,49.0,49.0,"['Male', 'Male']",0,0,4,2,5,Dry,Straight,Level,Lowest,No
32829,48,Texas,481898,0,1,1,0,2,VIDOR,July,8,Saturday,6,18,Urban,High Speed (Arterial),Yes,30.13591389,-94.00345833,Non-Intersection,Dark - Unknown Lighting,Clear,Unknown,Unknown,Unknown EMS Scene Arrival Hour,Unknown EMS Scene Arrival Minutes,Unknown,Unknown EMS Hospital Arrival Time,1,Dark - Unlighted,Clear,1,1,['Driver'],['Shoulder_Lapbelt'],1,1,Valid,0.0,0.0,41.0,41.0,['Male'],0,0,3,1,3,Dry,Curve,Level,Lowest,No
32830,48,Texas,481899,0,2,2,0,2,HOUSTON,July,12,Wednesday,16,14,Urban,Medium Speed (Collector),No,29.85944444,-95.34313056,Complex/Circle,Daylight,Clear,Unknown,Unknown,Unknown EMS Scene Arrival Hour,Unknown EMS Scene Arrival Minutes,Unknown,Unknown EMS Hospital Arrival Time,1,Daylight,Clear,1,0,['Driver'],['None_Used'],0,0,Invalid,0.0,0.0,999.0,31.0,"['Male', 'Other']",0,0,5,1,5,Dry,Straight,Level,Lowest,No
32831,48,Texas,481900,0,2,2,0,2,NOT APPLICABLE,July,1,Saturday,14,21,Rural,Medium Speed (Collector),Yes,30.44005556,-97.38513056,Non-Intersection,Daylight,Clear,Unknown,Unknown if Notified,Unknown EMS Scene Arrival Hour,Unknown if Arrived,Not Applicable (Not Transported),Not Applicable (Not Transported),2,Daylight,Clear,2,0,"['Driver', 'Driver']","['Shoulder_Lapbelt', 'Shoulder_Lapbelt']",0,0,Valid,1.0,0.0,59.0,32.0,"['Male', 'Female']",0,0,3,4,3,Dry,Curve,Level,Lowest,No
32832,48,Texas,481901,0,1,1,0,1,NOT APPLICABLE,July,1,Saturday,21,27,Rural,Medium Speed (Collector),No,28.870375,-97.26064444,Non-Intersection,Dark - Not Lighted,Clear,Unknown,Unknown if Notified,Unknown EMS Scene Arrival Hour,Unknown if Arrived,Not Applicable (Not Transported),Not Applicable (Not Transported),1,Dark - Unlighted,Clear,1,0,['Driver'],['None_Used'],1,1,Invalid,0.0,0.0,32.0,32.0,['Male'],0,0,3,1,3,Dry,Curve,Level,Lowest,No
32833,48,Texas,481902,1,1,1,0,2,EL PASO,July,1,Saturday,23,13,Urban,High Speed (Arterial),Yes,31.74923056,-106.33967222,Non-Intersection,Dark - Lighted,Clear,Unknown,Unknown,Unknown EMS Scene Arrival Hour,Unknown EMS Scene Arrival Minutes,Not Applicable (Not Transported),Not Applicable (Not Transported),1,Dark - Lighted,Clear,0,2,[],[],0,0,Valid,0.0,0.0,22.0,22.0,['Male'],0,0,3,1,4,Dry,Straight,Level,Lowest,No
32834,48,Texas,481903,0,1,1,0,2,NOT APPLICABLE,July,2,Sunday,13,4,Urban,Medium Speed (Collector),No,29.78352778,-95.01055,Non-Intersection,Daylight,Clear,Unknown,Unknown if Notified,Unknown EMS Scene Arrival Hour,Unknown if Arrived,Not Applicable (Not Transported),Not Applicable (Not Transported),1,Daylight,Clear,1,1,['Front_Passenger'],['Shoulder_Lapbelt'],1,1,Valid,0.0,0.0,40.0,40.0,['Male'],2,0,3,2,3,Dry,Straight,Level,Lowest,No
32835,48,Texas,481904,1,1,1,0,2,NOT APPLICABLE,July,8,Saturday,22,0,Rural,High Speed (Arterial),No,29.82715833,-96.16684444,Non-Intersection,Dark - Not Lighted,Clear,Unknown,Unknown if Notified,Unknown EMS Scene Arrival Hour,Unknown if Arrived,Not Applicable (Not Transported),Not Applicable (Not Transported),1,Dark - Unlighted,Clear,0,2,[],[],0,0,Valid,0.0,0.0,27.0,27.0,['Female'],0,0,3,1,4,Dry,Straight,Level,Lowest,No
32836,48,Texas,481905,0,4,4,0,5,NOT APPLICABLE,July,7,Friday,23,29,Urban,High Speed (Arterial),No,29.99938056,-95.23146667,Non-Intersection,Dark - Not Lighted,Clear,Unknown,Unknown,Unknown EMS Scene Arrival Hour,Unknown EMS Scene Arrival Minutes,Unknown,Unknown EMS Hospital Arrival Time,1,Dark - Unlighted,Clear,1,4,['Driver'],['None_Used'],1,1,Valid,1.0,1.0,85.0,17.0,"['Male', 'Male', 'Male', 'Male']",1,0,3,4,5,Dry,Straight,Level,Lowest,No
32837,48,Texas,481906,0,2,2,0,3,NOT APPLICABLE,July,4,Tuesday,12,38,Urban,Medium Speed (Collector),No,29.25810556,-96.05663611,Complex/Circle,Daylight,Clear,Unknown,Unknown,Unknown EMS Scene Arrival Hour,Unknown EMS Scene Arrival Minutes,Unknown,Unknown EMS Hospital Arrival Time,2,Daylight,Clear,2,1,"['Driver', 'Front_Passenger']","['Shoulder_Lapbelt', 'None_Used']",0,0,Valid,0.0,1.0,42.0,23.0,"['Male', 'Male']",0,0,3,1,5,Dry,Straight,Level,Lowest,No
32838,48,Texas,481907,0,2,2,0,2,NOT APPLICABLE,June,25,Sunday,2,41,Rural,High Speed (Arterial),Yes,31.97518611,-102.01189722,Non-Intersection,Dark - Not Lighted,Clear,Unknown,Unknown,Unknown EMS Scene Arrival Hour,Unknown EMS Scene Arrival Minutes,Unknown,Unknown EMS Hospital Arrival Time,1,Dark - Unlighted,Clear,1,1,['Driver'],['None_Used'],1,1,Invalid,0.0,0.0,50.0,31.0,"['Male', 'Male']",0,0,4,4,5,Dry,Straight,Level,Lowest,No
32839,48,Texas,481908,0,2,2,0,3,WEST,June,18,Sunday,13,2,Rural,High Speed (Arterial),Yes,31.80294444,-97.10041944,Non-Intersection,Daylight,Clear,Unknown,Unknown,Unknown EMS Scene Arrival Hour,Unknown EMS Scene Arrival Minutes,Unknown,Unknown EMS Hospital Arrival Time,1,Daylight,Clear,1,2,['Front_Passenger'],['Shoulder_Lapbelt'],0,0,Valid,0.0,0.0,70.0,34.0,"['Male', 'Male']",2,0,4,1,5,Dry,Straight,Level,Lowest,No
32840,48,Texas,481909,0,2,2,0,3,NOT APPLICABLE,July,8,Saturday,23,50,Rural,High Speed (Arterial),Yes,32.56905278,-98.22705833,Non-Intersection,Dark - Not Lighted,Clear,Unknown,Unknown,Unknown EMS Scene Arrival Hour,Unknown EMS Scene Arrival Minutes,Not Applicable (Not Transported),Not Applicable (Not Transported),3,Dark - Unlighted,Clear,3,0,"['Driver', 'Driver', 'Rear_Seat']","['Shoulder_Lapbelt', 'Shoulder_Lapbelt', 'None_Used']",0,0,Valid,2.0,2.0,62.0,46.0,"['Male', 'Male']",0,0,4,4,5,Dry,Straight,Level,Lowest,No
32841,48,Texas,481911,1,1,1,0,1,TYLER,July,13,Thursday,21,8,Urban,High Speed (Arterial),Yes,32.34655556,-95.31825556,Non-Intersection,Dark - Lighted,Clear,Unknown,Unknown,Unknown EMS Scene Arrival Hour,Unknown EMS Scene Arrival Minutes,Unknown,Unknown EMS Hospital Arrival Time,1,Dark - Lighted,Clear,0,1,[],[],0,0,Valid,1.0,2.0,32.0,32.0,['Male'],0,0,3,2,4,Dry,Straight,Level,Lowest,No
32842,48,Texas,481912,1,1,1,0,2,SAN ANTONIO,July,12,Wednesday,22,31,Urban,High Speed (Arterial),Yes,29.39910556,-98.64208056,Non-Intersection,Dark - Lighted,Clear,Unknown,Unknown,Unknown EMS Scene Arrival Hour,Unknown EMS Scene Arrival Minutes,Not Applicable (Not Transported),Not Applicable (Not Transported),1,Dark - Lighted,Clear,0,2,[],[],0,0,Valid,0.0,0.0,34.0,34.0,['Male'],0,0,3,1,4,Dry,Straight,Level,Lowest,No
32843,48,Texas,481913,0,1,1,0,1,DALLAS,July,7,Friday,3,37,Urban,Medium Speed (Collector),No,32.83156389,-96.838,Non-Intersection,Dark - Lighted,Clear,Unknown,Unknown,Unknown EMS Scene Arrival Hour,Unknown EMS Scene Arrival Minutes,Not Applicable (Not Transported),Not Applicable (Not Transported),1,Dark - Lighted,Clear,1,0,['Driver'],['None_Used'],0,0,Valid,1.0,0.0,49.0,49.0,['Male'],0,0,2,1,4,Dry,Straight,Level,Lowest,No
32844,48,Texas,481914,0,1,1,0,1,NOT APPLICABLE,July,9,Sunday,5,40,Urban,Medium Speed (Collector),No,26.32239167,-98.35496944,Non-Intersection,Dark - Lighted,Clear,Unknown,Unknown if Notified,Unknown EMS Scene Arrival Hour,Unknown if Arrived,Not Applicable (Not Transported),Not Applicable (Not Transported),1,Dark - Lighted,Clear,1,0,['Driver'],['None_Used'],1,1,Invalid,0.0,0.0,22.0,22.0,['Male'],0,0,2,1,3,Dry,Straight,Level,Lowest,No
32845,48,Texas,481915,0,2,2,0,5,HOUSTON,June,18,Sunday,1,45,Urban,High Speed (Arterial),Yes,29.76883333,-95.64346389,Non-Intersection,Dark - Lighted,Clear,Unknown,Unknown,Unknown EMS Scene Arrival Hour,Unknown EMS Scene Arrival Minutes,Unknown,Unknown EMS Hospital Arrival Time,1,Dark - Lighted,Clear,1,4,['Driver'],['Shoulder_Lapbelt'],1,1,Invalid,0.0,1.0,37.0,27.0,"['Male', 'Male']",0,0,3,1,5,Dry,Straight,Level,Lowest,No
32846,48,Texas,481916,1,1,1,0,1,PORT ARTHUR,July,15,Saturday,0,57,Urban,Low Speed (Local),No,29.90179167,-93.93483056,Non-Intersection,Dark - Not Lighted,Clear,Unknown,Unknown,Unknown EMS Scene Arrival Hour,Unknown EMS Scene Arrival Minutes,Unknown,Unknown EMS Hospital Arrival Time,1,Dark - Unlighted,Clear,0,1,[],[],0,0,Valid,1.0,0.0,43.0,43.0,['Female'],0,0,2,0,4,Dry,Straight,Level,Lowest,No
32847,48,Texas,481917,0,2,2,0,2,COAHOMA,June,26,Monday,17,37,Rural,High Speed (Arterial),Yes,32.29380278,-101.30091111,Non-Intersection,Daylight,Clear,Unknown,Unknown,Unknown EMS Scene Arrival Hour,Unknown EMS Scene Arrival Minutes,Unknown,Unknown EMS Hospital Arrival Time,1,Daylight,Clear,1,1,['Driver'],['Shoulder_Lapbelt'],1,1,Invalid,0.0,0.0,69.0,48.0,"['Male', 'Male']",1,0,3,4,5,Dry,Straight,Grade/Hillcrest,Lowest,No
32848,48,Texas,481918,0,1,1,0,1,EL PASO,July,16,Sunday,0,30,Urban,High Speed (Arterial),Yes,31.78341944,-106.41862222,Simple Junction,Dark - Lighted,Clear,Unknown,Unknown,Unknown EMS Scene Arrival Hour,Unknown EMS Scene Arrival Minutes,Unknown,Unknown EMS Hospital Arrival Time,1,Dark - Lighted,Clear,1,0,['Driver'],['None_Used'],0,0,Invalid,0.0,0.0,17.0,17.0,['Male'],1,0,5,1,3,Dry,Curve,Grade/Hillcrest,Lowest,No
32849,48,Texas,481919,0,1,1,0,2,NOT APPLICABLE,June,15,Thursday,12,1,Rural,Low Speed (Local),No,29.0029,-96.63904167,Non-Intersection,Daylight,Clear,Unknown,Unknown,Unknown EMS Scene Arrival Hour,Unknown EMS Scene Arrival Minutes,Unknown,Unknown EMS Hospital Arrival Time,1,Daylight,Clear,1,1,['Front_Passenger'],['None_Used'],0,0,Invalid,0.0,0.0,24.0,24.0,['Female'],2,0,3,1,3,Dry,Straight,Level,Lowest,No
32850,48,Texas,481920,0,2,2,0,2,BIG SPRING,July,3,Monday,15,44,Urban,High Speed (Arterial),Yes,32.22663611,-101.470175,Simple Junction,Daylight,Clear,Unknown,Unknown,Unknown EMS Scene Arrival Hour,Unknown EMS Scene Arrival Minutes,Unknown,Unknown EMS Hospital Arrival Time,1,Daylight,Clear,1,1,['Driver'],['None_Used'],0,0,Valid,0.0,0.0,52.0,24.0,"['Male', 'Male']",1,0,5,1,5,Dry,Straight,Level,Lowest,No
32851,48,Texas,481921,0,1,1,0,1,NOT APPLICABLE,July,4,Tuesday,23,30,Rural,Medium Speed (Collector),No,33.23181389,-94.946475,Non-Intersection,Dark - Not Lighted,Clear,Unknown,Unknown if Notified,Unknown EMS Scene Arrival Hour,Unknown if Arrived,Not Applicable (Not Transported),Not Applicable (Not Transported),1,Dark - Unlighted,Clear,1,0,['Driver'],['None_Used'],0,0,Valid,0.0,0.0,43.0,43.0,['Male'],0,0,3,1,3,Dry,Curve,Grade/Hillcrest,Lowest,No
32852,48,Texas,481922,0,2,2,0,4,NOT APPLICABLE,July,6,Thursday,0,30,Urban,High Speed (Arterial),Yes,30.29121667,-97.56952778,Non-Intersection,Dark - Not Lighted,Clear,Unknown,Unknown,Unknown EMS Scene Arrival Hour,Unknown EMS Scene Arrival Minutes,Unknown,Unknown EMS Hospital Arrival Time,1,Dark - Unlighted,Clear,1,3,['Driver'],['None_Used'],0,0,Valid,1.0,0.0,34.0,25.0,"['Male', 'Female']",0,0,3,1,5,Dry,Curve,Level,Lowest,No
32853,48,Texas,481923,0,2,2,0,2,NOT APPLICABLE,January,7,Saturday,21,27,Rural,High Speed (Arterial),Yes,32.77448889,-95.61162778,Non-Intersection,Dark - Not Lighted,Clear,Unknown,Unknown if Notified,Unknown EMS Scene Arrival Hour,Unknown if Arrived,Not Applicable (Not Transported),Not Applicable (Not Transported),1,Dark - Unlighted,Clear,1,1,['Front_Passenger'],['Shoulder_Lapbelt'],0,0,Valid,0.0,1.0,64.0,64.0,['Male'],0,0,3,4,5,Dry,Straight,Grade/Hillcrest,Lowest,No
32854,48,Texas,481924,0,2,2,0,8,HOUSTON,July,4,Tuesday,10,34,Urban,Medium Speed (Collector),No,29.94921944,-95.41646389,Complex/Circle,Daylight,Clear,Unknown,Unknown,Unknown EMS Scene Arrival Hour,Unknown EMS Scene Arrival Minutes,Unknown,Unknown EMS Hospital Arrival Time,1,Daylight,Clear,1,7,['Front_Passenger'],['Shoulder_Lapbelt'],0,0,Valid,0.0,1.0,38.0,33.0,"['Male', 'Female']",0,0,4,1,5,Dry,Straight,Level,Lowest,No
32855,48,Texas,481925,1,1,1,0,1,LANCASTER,July,8,Saturday,8,11,Urban,High Speed (Arterial),Yes,32.65208056,-96.82315833,Non-Intersection,Daylight,Clear,Unknown,Unknown if Notified,Unknown EMS Scene Arrival Hour,Unknown if Arrived,Not Applicable (Not Transported),Not Applicable (Not Transported),1,Daylight,Clear,0,1,[],[],0,0,Valid,0.0,0.0,31.0,31.0,['Male'],0,0,4,0,4,Dry,Straight,Level,Lowest,No