,State_Code,State_Name,Crash_ID,Count_Non_Motorists,Count_Vehicles_Total,Count_Vehicle_Forms,Count_PVH_Involved,Count_Occupants_MV,City_Name,Month_Name,Day_of_Month,Day_of_Week,Crash_Hour,Crash_Minute,Area_Rural_Urban,Road_Functional_Class,On_NHS_Road,Latitude,Longitude,Intersection_Type,Light_Condition,Weather_Condition,Notif_Hour,Notif_Minute,Arrival_Hour,Arrival_Minute,Hospital_Hour,Hospital_Minute,Fatalities_Count,Clean_Light_Condition,Clean_Weather_Condition,Total_Killed,Total_Alive,Fatal_Seats_List,Killed_Restraint_List,Any_Driver_Drinking,Total_Drinking_Drivers,Driver_License_Category,Driver_Max_Prev_Accident_Count,Driver_Max_Prev_Speeding_Count,Max_Driver_Age,Min_Driver_Age,Driver_Sex_List,Total_Exceeding_Limit_Vehicles,Total_Too_Fast_Vehicles,Max_Vehicle_Type_Severity_5,Max_Vehicle_Damage_Rank,Max_Harmful_Event_Severity,Crash_Road_Surface_Condition,Crash_Horizontal_Alignment,Crash_Vertical_Profile,Crash_Impairment_Category,Crash_Vehicle_Defect
32856,48,Texas,481926,0,2,2,0,3,NOT APPLICABLE,June,23,Friday,22,24,Rural,Low Speed (Local),No,30.25281389,-97.57951389,Non-Intersection,Dark - Lighted,Clear,Unknown,Unknown if Notified,Unknown EMS Scene Arrival Hour,Unknown if Arrived,Not Applicable (Not Transported),Not Applicable (Not Transported),2,Dark - Lighted,Clear,2,0,"['Driver', 'Rear_Seat']","['None_Used', 'None_Used']",1,1,Invalid,0.0,0.0,26.0,24.0,"['Male', 'Male']",0,0,5,1,5,Dry,Straight,Level,Lowest,No
32857,48,Texas,481927,1,1,1,0,1,NOT APPLICABLE,July,12,Wednesday,3,20,Urban,High Speed (Arterial),Yes,30.46298333,-97.66850556,Non-Intersection,Dark - Lighted,Clear,Unknown,Unknown if Notified,Unknown EMS Scene Arrival Hour,Unknown if Arrived,Not Applicable (Not Transported),Not Applicable (Not Transported),1,Dark - Lighted,Clear,0,1,[],[],0,0,Valid,0.0,0.0,45.0,45.0,['Male'],0,0,2,1,4,Dry,Straight,Level,Lowest,No
32858,48,Texas,481928,0,1,1,0,1,LUBBOCK,July,16,Sunday,2,22,Urban,Medium Speed (Collector),No,33.62841111,-101.83481667,Complex/Circle,Dark - Not Lighted,Rain,Unknown,Unknown,Unknown EMS Scene Arrival Hour,Unknown EMS Scene Arrival Minutes,Unknown,Unknown EMS Hospital Arrival Time,1,Dark - Unlighted,Rain/Wind/Minor,1,0,['Driver'],['None_Used'],1,1,Valid,1.0,1.0,58.0,58.0,['Female'],1,0,3,1,3,Wet/Standing Water,Curve,Level,Lowest,No
32859,48,Texas,481929,0,1,1,0,1,CORPUS CHRISTI,July,14,Friday,2,20,Urban,Medium Speed (Collector),No,27.67165278,-97.28976667,Non-Intersection,Dark - Lighted,Clear,Unknown,Unknown,Unknown EMS Scene Arrival Hour,Unknown EMS Scene Arrival Minutes,Unknown,Unknown EMS Hospital Arrival Time,1,Dark - Lighted,Clear,1,0,['Driver'],['None_Used'],1,1,Valid,0.0,1.0,35.0,35.0,['Male'],0,0,3,1,3,Dry,Straight,Level,Lowest,No
32860,48,Texas,481930,0,2,2,0,2,AUSTIN,July,15,Saturday,12,14,Urban,High Speed (Arterial),Yes,30.355775,-97.78292778,Non-Intersection,Daylight,Clear,Unknown,Unknown if Notified,Unknown EMS Scene Arrival Hour,Unknown if Arrived,Not Applicable (Not Transported),Not Applicable (Not Transported),1,Daylight,Clear,1,1,['Driver'],['None_Used'],0,0,Valid,0.0,0.0,65.0,39.0,"['Male', 'Female']",1,0,5,4,5,Dry,Curve,Grade/Hillcrest,Lowest,No
32861,48,Texas,481931,1,3,3,0,3,NOT APPLICABLE,May,16,Tuesday,5,42,Urban,High Speed (Arterial),Yes,29.38851667,-98.62083056,Non-Intersection,Dark - Not Lighted,Cloudy,Unknown,Unknown,Unknown EMS Scene Arrival Hour,Unknown EMS Scene Arrival Minutes,Unknown,Unknown EMS Hospital Arrival Time,1,Dark - Unlighted,Reduced Visibility,0,3,[],[],0,0,Invalid,0.0,0.0,26.0,21.0,"['Female', 'Female', 'Female']",0,0,2,1,4,Dry,Straight,Level,Lowest,No
32862,48,Texas,481932,0,2,2,0,4,NOT APPLICABLE,July,15,Saturday,23,10,Urban,High Speed (Arterial),No,30.07401111,-95.50318611,Complex/Circle,Dark - Lighted,Clear,Unknown,Unknown,Unknown EMS Scene Arrival Hour,Unknown EMS Scene Arrival Minutes,Unknown,Unknown EMS Hospital Arrival Time,1,Dark - Lighted,Clear,1,3,['Driver'],['None_Used'],0,0,Valid,0.0,0.0,58.0,22.0,"['Male', 'Male']",0,0,5,4,5,Dry,Straight,Level,Lowest,No
32863,48,Texas,481933,0,3,3,0,7,NOT APPLICABLE,July,12,Wednesday,22,5,Urban,High Speed (Arterial),No,32.90215,-96.36923333,Complex/Circle,Dark - Not Lighted,Clear,Unknown,Unknown,Unknown EMS Scene Arrival Hour,Unknown EMS Scene Arrival Minutes,Unknown,Unknown EMS Hospital Arrival Time,1,Dark - Unlighted,Clear,1,6,['Driver'],['Shoulder_Lapbelt'],0,0,Valid,0.0,0.0,43.0,21.0,"['Female', 'Female', 'Female']",0,0,3,1,5,Dry,Straight,Level,Lowest,No
32864,48,Texas,481934,0,2,2,0,2,NOT APPLICABLE,June,18,Sunday,12,7,Rural,Medium Speed (Collector),No,32.54874444,-95.15773056,Non-Intersection,Daylight,Clear,Unknown,Unknown,Unknown EMS Scene Arrival Hour,Unknown EMS Scene Arrival Minutes,Unknown,Unknown EMS Hospital Arrival Time,1,Daylight,Clear,1,1,['Driver'],['Shoulder_Lapbelt'],0,0,Valid,0.0,0.0,79.0,47.0,"['Male', 'Female']",0,0,4,3,5,Dry,Straight,Level,Medium,No
32865,48,Texas,481935,1,1,1,0,1,NOT APPLICABLE,July,9,Sunday,21,51,Rural,Medium Speed (Collector),No,33.53472222,-95.92504167,Non-Intersection,Dark - Not Lighted,Cloudy,Unknown,Unknown if Notified,Unknown EMS Scene Arrival Hour,Unknown if Arrived,Not Applicable (Not Transported),Not Applicable (Not Transported),1,Dark - Unlighted,Reduced Visibility,0,1,[],[],0,0,Valid,2.0,1.0,36.0,36.0,['Female'],1,0,2,3,4,Dry,Straight,Level,Lowest,No
32866,48,Texas,481936,0,1,1,0,1,NOT APPLICABLE,July,15,Saturday,22,0,Urban,High Speed (Arterial),Yes,30.88846667,-94.05918889,Non-Intersection,Dark - Not Lighted,Clear,Unknown,Unknown if Notified,Unknown EMS Scene Arrival Hour,Unknown if Arrived,Not Applicable (Not Transported),Not Applicable (Not Transported),1,Dark - Unlighted,Clear,1,0,['Driver'],['None_Used'],0,0,Valid,0.0,1.0,67.0,67.0,['Male'],0,0,5,1,1,Dry,Straight,Grade/Hillcrest,Lowest,No
32867,48,Texas,481937,0,1,1,0,5,NOT APPLICABLE,July,16,Sunday,3,55,Rural,Medium Speed (Collector),No,28.32459722,-96.93533333,Non-Intersection,Dark - Not Lighted,"Fog, Smog, Smoke",Unknown,Unknown,Unknown EMS Scene Arrival Hour,Unknown EMS Scene Arrival Minutes,Unknown,Unknown EMS Hospital Arrival Time,1,Dark - Unlighted,Reduced Visibility,1,4,['Driver'],['Shoulder_Lapbelt'],0,0,Valid,0.0,1.0,33.0,33.0,['Female'],0,0,3,2,1,Dry,Straight,Level,Lowest,No
32868,48,Texas,481938,0,2,2,0,2,SAN ANTONIO,July,8,Saturday,2,25,Urban,High Speed (Arterial),Yes,29.39168333,-98.47685556,Non-Intersection,Dark - Lighted,Cloudy,Unknown,Unknown,Unknown EMS Scene Arrival Hour,Unknown EMS Scene Arrival Minutes,Not Applicable (Not Transported),Not Applicable (Not Transported),1,Dark - Lighted,Reduced Visibility,1,1,['Driver'],['Shoulder_Lapbelt'],1,1,Invalid,0.0,0.0,61.0,31.0,"['Male', 'Male']",1,0,3,4,5,Dry,Curve,Level,Lowest,No
32869,48,Texas,481939,1,1,1,0,1,AUSTIN,June,30,Friday,2,53,Urban,High Speed (Arterial),Yes,30.21612778,-97.75317778,Non-Intersection,Dark - Lighted,Clear,Unknown,Unknown if Notified,Unknown EMS Scene Arrival Hour,Unknown if Arrived,Not Applicable (Not Transported),Not Applicable (Not Transported),1,Dark - Lighted,Clear,0,1,[],[],0,0,Invalid,0.0,0.0,58.0,58.0,['Male'],0,0,3,0,4,Dry,Curve,Grade/Hillcrest,Medium,No
32870,48,Texas,481940,0,1,1,0,2,NOT APPLICABLE,July,4,Tuesday,1,3,Urban,Low Speed (Local),No,29.91804167,-95.41880556,Non-Intersection,Dark - Lighted,Clear,Unknown,Unknown,Unknown EMS Scene Arrival Hour,Unknown EMS Scene Arrival Minutes,Unknown,Unknown EMS Hospital Arrival Time,1,Dark - Lighted,Clear,1,1,['Front_Passenger'],['Shoulder_Lapbelt'],0,0,Valid,2.0,0.0,55.0,55.0,['Male'],0,0,3,1,2,Dry,Curve,Level,Medium,No
32871,48,Texas,481941,0,3,3,0,3,HOUSTON,June,23,Friday,5,55,Urban,High Speed (Arterial),Yes,29.90773056,-95.41234722,Non-Intersection,Daylight,Clear,Unknown,Unknown if Notified,Unknown EMS Scene Arrival Hour,Unknown if Arrived,Not Applicable (Not Transported),Not Applicable (Not Transported),1,Daylight,Clear,1,0,['Driver'],['None_Used'],0,0,Valid,0.0,0.0,999.0,24.0,"['Male', 'Other', 'Other']",1,0,5,1,5,Dry,Straight,Level,Lowest,No
32872,48,Texas,481942,0,2,2,0,3,DALLAS,June,29,Thursday,21,50,Urban,High Speed (Arterial),Yes,32.64204444,-96.83086667,Non-Intersection,Dark - Not Lighted,Clear,Unknown,Unknown,Unknown EMS Scene Arrival Hour,Unknown EMS Scene Arrival Minutes,Not Applicable (Not Transported),Not Applicable (Not Transported),1,Dark - Unlighted,Clear,1,2,['Driver'],['None_Used'],1,1,Valid,1.0,1.0,64.0,51.0,"['Male', 'Female']",1,0,5,2,5,Dry,Straight,Level,Lowest,No
32873,48,Texas,481943,0,2,2,0,2,NOT APPLICABLE,June,23,Friday,21,56,Rural,High Speed (Arterial),Yes,26.08416389,-97.90075,Simple Junction,Dark - Not Lighted,Cloudy,Unknown,Unknown if Notified,Unknown EMS Scene Arrival Hour,Unknown if Arrived,Not Applicable (Not Transported),Not Applicable (Not Transported),1,Dark - Unlighted,Reduced Visibility,1,1,['Driver'],['Shoulder_Lapbelt'],0,0,Valid,0.0,0.0,61.0,47.0,"['Male', 'Male']",0,0,4,1,5,Dry,Straight,Level,Lowest,No
32874,48,Texas,481944,0,2,2,0,3,SPRINGTOWN,July,12,Wednesday,18,34,Rural,High Speed (Arterial),Yes,32.94274167,-97.64255,Simple Junction,Daylight,Clear,Unknown,Unknown,Unknown EMS Scene Arrival Hour,Unknown EMS Scene Arrival Minutes,Unknown,Unknown EMS Hospital Arrival Time,1,Daylight,Clear,1,2,['Driver'],['None_Used'],0,0,Valid,0.0,0.0,44.0,29.0,"['Male', 'Male']",0,0,3,1,5,Dry,Straight,Level,Lowest,No
32875,48,Texas,481945,0,2,2,0,3,NOT APPLICABLE,July,5,Wednesday,2,45,Rural,High Speed (Arterial),Yes,31.17446667,-105.64696111,Non-Intersection,Dark - Not Lighted,Clear,Unknown,Unknown,Unknown EMS Scene Arrival Hour,Unknown EMS Scene Arrival Minutes,Unknown,Unknown EMS Hospital Arrival Time,2,Dark - Unlighted,Clear,2,1,"['Driver', 'Driver']","['Shoulder_Lapbelt', 'None_Used']",1,1,Valid,0.0,0.0,60.0,39.0,"['Male', 'Male']",0,0,3,4,5,Dry,Straight,Level,Lowest,No
32876,48,Texas,481946,0,1,1,0,1,NOT APPLICABLE,July,8,Saturday,0,22,Rural,High Speed (Arterial),Yes,33.10150556,-97.47125,Non-Intersection,Dark - Not Lighted,Clear,Unknown,Unknown if Notified,Unknown EMS Scene Arrival Hour,Unknown if Arrived,Not Applicable (Not Transported),Not Applicable (Not Transported),1,Dark - Unlighted,Clear,1,0,['Driver'],['None_Used'],1,1,Valid,0.0,1.0,45.0,45.0,['Male'],1,0,2,1,3,Dry,Curve,Level,Lowest,No
32877,48,Texas,481947,0,2,2,0,3,NOT APPLICABLE,June,28,Wednesday,14,50,Rural,Medium Speed (Collector),No,32.17283611,-97.39145,Non-Intersection,Daylight,Clear,Unknown,Unknown,Unknown EMS Scene Arrival Hour,Unknown EMS Scene Arrival Minutes,Unknown,Unknown EMS Hospital Arrival Time,3,Daylight,Clear,3,0,"['Driver', 'Driver', 'Front_Passenger']","['Shoulder_Lapbelt', 'Shoulder_Lapbelt', 'Shoulder_Lapbelt']",0,0,Valid,0.0,1.0,74.0,20.0,"['Male', 'Female']",0,0,3,1,5,Dry,Straight,Level,Lowest,No
32878,48,Texas,481948,0,1,1,0,3,NOT APPLICABLE,June,29,Thursday,13,46,Urban,Low Speed (Local),No,30.3679,-95.66744444,Non-Intersection,Daylight,Clear,Unknown,Unknown,Unknown EMS Scene Arrival Hour,Unknown EMS Scene Arrival Minutes,Unknown,Unknown EMS Hospital Arrival Time,1,Daylight,Clear,1,2,['Rear_Seat'],['None_Used'],0,0,Invalid,0.0,0.0,14.0,14.0,['Female'],0,0,5,0,1,Dry,Curve,Level,Lowest,No
32879,48,Texas,481949,0,2,2,0,5,NOT APPLICABLE,July,16,Sunday,4,50,Rural,High Speed (Arterial),Yes,28.42966667,-97.14500556,Non-Intersection,Dark - Not Lighted,Cloudy,Unknown,Unknown if Notified,Unknown EMS Scene Arrival Hour,Unknown if Arrived,Not Applicable (Not Transported),Not Applicable (Not Transported),3,Dark - Unlighted,Reduced Visibility,3,2,"['Driver', 'Front_Passenger', 'Front_Passenger']","['Shoulder_Lapbelt', 'Shoulder_Lapbelt', 'Shoulder_Lapbelt']",0,0,Valid,0.0,0.0,39.0,17.0,"['Male', 'Male']",2,0,3,4,5,Dry,Straight,Level,Medium,No
32880,48,Texas,481950,1,1,1,0,1,DESOTO,July,11,Tuesday,3,53,Urban,High Speed (Arterial),Yes,32.63117222,-96.8234,Non-Intersection,Dark - Not Lighted,Clear,Unknown,Unknown,Unknown EMS Scene Arrival Hour,Unknown EMS Scene Arrival Minutes,Not Applicable (Not Transported),Not Applicable (Not Transported),1,Dark - Unlighted,Clear,0,0,[],[],0,0,Invalid,0.0,0.0,999.0,999.0,['Other'],0,0,1,0,4,Dry,Straight,Grade/Hillcrest,Lowest,No
32881,48,Texas,481951,0,2,2,0,2,HARKER HEIGHTS,July,8,Saturday,7,14,Urban,Medium Speed (Collector),No,31.03736111,-97.65880556,Non-Intersection,Daylight,Clear,Unknown,Unknown,Unknown EMS Scene Arrival Hour,Unknown EMS Scene Arrival Minutes,Unknown,Unknown EMS Hospital Arrival Time,1,Daylight,Clear,1,1,['Driver'],['Shoulder_Lapbelt'],0,0,Valid,0.0,0.0,44.0,27.0,"['Male', 'Male']",1,0,3,1,5,Dry,Straight,Level,Medium,No
32882,48,Texas,481952,0,2,2,0,4,HOUSTON,July,6,Thursday,20,31,Urban,High Speed (Arterial),Yes,29.77263056,-95.34043056,Non-Intersection,Daylight,Cloudy,Unknown,Unknown,Unknown EMS Scene Arrival Hour,Unknown EMS Scene Arrival Minutes,Unknown,Unknown EMS Hospital Arrival Time,1,Daylight,Reduced Visibility,1,3,['Driver'],['Shoulder_Lapbelt'],0,0,Valid,0.0,0.0,73.0,54.0,"['Male', 'Male']",2,0,3,1,5,Dry,Straight,Level,Lowest,No
32883,48,Texas,481953,2,1,1,0,1,NOT APPLICABLE,July,7,Friday,6,40,Urban,Low Speed (Local),No,29.90212778,-95.33967778,Non-Intersection,Daylight,Clear,Unknown,Unknown,Unknown EMS Scene Arrival Hour,Unknown EMS Scene Arrival Minutes,Unknown,Unknown EMS Hospital Arrival Time,1,Daylight,Clear,0,1,[],[],0,0,Valid,0.0,0.0,17.0,17.0,['Male'],0,0,3,1,4,Dry,Straight,Level,Lowest,No
32884,48,Texas,481954,1,1,1,0,1,ROUND ROCK,July,14,Friday,21,51,Urban,High Speed (Arterial),Yes,30.53465556,-97.69191944,Non-Intersection,Dark - Lighted,Clear,Unknown,Unknown if Notified,Unknown EMS Scene Arrival Hour,Unknown if Arrived,Not Applicable (Not Transported),Not Applicable (Not Transported),1,Dark - Lighted,Clear,0,1,[],[],0,0,Valid,1.0,0.0,30.0,30.0,['Female'],0,0,3,1,4,Dry,Straight,Level,Lowest,No
32885,48,Texas,481955,0,1,1,0,1,NOT APPLICABLE,July,16,Sunday,5,19,Rural,Medium Speed (Collector),No,33.56291944,-97.09139722,Non-Intersection,Dark - Not Lighted,Clear,Unknown,Unknown if Notified,Unknown EMS Scene Arrival Hour,Unknown if Arrived,Not Applicable (Not Transported),Not Applicable (Not Transported),1,Dark - Unlighted,Clear,1,0,['Driver'],['None_Used'],1,1,Valid,1.0,0.0,25.0,25.0,['Female'],1,0,2,0,3,Dry,Curve,Grade/Hillcrest,Lowest,No
32886,48,Texas,481956,0,2,2,0,2,ABILENE,July,6,Thursday,13,26,Urban,Medium Speed (Collector),No,32.48221944,-99.74599167,Complex/Circle,Daylight,Cloudy,Unknown,Unknown if Notified,Unknown EMS Scene Arrival Hour,Unknown if Arrived,Not Applicable (Not Transported),Not Applicable (Not Transported),1,Daylight,Reduced Visibility,1,1,['Driver'],['None_Used'],0,0,Valid,0.0,0.0,61.0,26.0,"['Female', 'Male']",0,0,5,2,5,Dry,Straight,Level,Lowest,No
32887,48,Texas,481957,0,1,1,0,2,NOT APPLICABLE,June,15,Thursday,21,54,Rural,Medium Speed (Collector),No,28.00002778,-97.91339167,Non-Intersection,Dark - Not Lighted,Clear,Unknown,Unknown,Unknown EMS Scene Arrival Hour,Unknown EMS Scene Arrival Minutes,Unknown,Unknown EMS Hospital Arrival Time,1,Dark - Unlighted,Clear,1,1,['Front_Passenger'],['None_Used'],1,1,Valid,0.0,0.0,61.0,61.0,['Male'],2,0,3,4,2,Dry,Curve,Level,Lowest,No
32888,48,Texas,481958,0,1,1,0,2,NOT APPLICABLE,July,4,Tuesday,0,15,Urban,Medium Speed (Collector),No,32.21389444,-95.1905,Non-Intersection,Dark - Not Lighted,Clear,Unknown,Unknown,Unknown EMS Scene Arrival Hour,Unknown EMS Scene Arrival Minutes,Unknown,Unknown EMS Hospital Arrival Time,1,Dark - Unlighted,Clear,1,1,['Front_Passenger'],['None_Used'],1,1,Valid,0.0,0.0,28.0,28.0,['Male'],0,0,2,1,3,Dry,Curve,Level,Lowest,No
32889,48,Texas,481959,0,1,1,0,3,DALLAS,July,1,Saturday,2,41,Urban,High Speed (Arterial),Yes,32.79926111,-96.74035278,Non-Intersection,Dark - Lighted,Clear,Unknown,Unknown,Unknown EMS Scene Arrival Hour,Unknown EMS Scene Arrival Minutes,Unknown,Unknown EMS Hospital Arrival Time,2,Dark - Lighted,Clear,2,1,"['Driver', 'Driver']","['None_Used', 'None_Used']",1,2,Invalid,0.0,0.0,25.0,1.0,"['Male', 'Male']",3,0,2,1,3,Dry,Curve,Grade/Hillcrest,Lowest,No
32890,48,Texas,481960,0,2,2,0,4,NOT APPLICABLE,July,6,Thursday,22,30,Rural,High Speed (Arterial),Yes,30.74145556,-96.446325,Non-Intersection,Dark - Not Lighted,Clear,Unknown,Unknown,Unknown EMS Scene Arrival Hour,Unknown EMS Scene Arrival Minutes,Unknown,Unknown EMS Hospital Arrival Time,1,Dark - Unlighted,Clear,1,3,['Front_Passenger'],['Shoulder_Lapbelt'],1,1,Valid,0.0,0.0,67.0,21.0,"['Male', 'Male']",3,0,4,1,5,Dry,Straight,Level,Lowest,No
32891,48,Texas,481961,0,1,1,0,1,NOT APPLICABLE,July,15,Saturday,5,6,Rural,High Speed (Arterial),Yes,32.25584167,-94.21466667,Non-Intersection,Dark - Not Lighted,Cloudy,Unknown,Unknown if Notified,Unknown EMS Scene Arrival Hour,Unknown if Arrived,Not Applicable (Not Transported),Not Applicable (Not Transported),1,Dark - Unlighted,Reduced Visibility,1,0,['Driver'],['Shoulder_Lapbelt'],0,0,Valid,0.0,2.0,21.0,21.0,['Male'],1,0,3,4,3,Dry,Curve,Grade/Hillcrest,Medium,No
32892,48,Texas,481962,0,1,1,0,1,SAN ANTONIO,July,9,Sunday,18,22,Urban,Medium Speed (Collector),No,29.51541944,-98.43814167,Non-Intersection,Daylight,Clear,Unknown,Unknown,Unknown EMS Scene Arrival Hour,Unknown EMS Scene Arrival Minutes,Not Applicable (Not Transported),Not Applicable (Not Transported),1,Daylight,Clear,1,0,['Driver'],['None_Used'],1,1,Valid,0.0,0.0,43.0,43.0,['Male'],1,0,5,1,2,Dry,Curve,Grade/Hillcrest,Lowest,No
32893,48,Texas,481963,0,2,2,0,3,HOUSTON,April,13,Thursday,11,45,Urban,Medium Speed (Collector),No,29.673625,-95.29449722,Non-Intersection,Daylight,Clear,Unknown,Unknown,Unknown EMS Scene Arrival Hour,Unknown EMS Scene Arrival Minutes,Unknown,Unknown EMS Hospital Arrival Time,1,Daylight,Clear,1,2,['Driver'],['Shoulder_Lapbelt'],0,0,Valid,1.0,0.0,81.0,17.0,"['Male', 'Male']",0,0,3,2,5,Dry,Straight,Level,Lowest,No
32894,48,Texas,481964,0,2,2,0,3,TYLER,July,17,Monday,12,28,Urban,High Speed (Arterial),Yes,32.33646944,-95.30063889,Simple Junction,Daylight,Clear,Unknown,Unknown,Unknown EMS Scene Arrival Hour,Unknown EMS Scene Arrival Minutes,Unknown,Unknown EMS Hospital Arrival Time,2,Daylight,Clear,2,1,"['Driver', 'Front_Passenger']","['Shoulder_Lapbelt', 'Shoulder_Lapbelt']",0,0,Valid,0.0,0.0,84.0,40.0,"['Male', 'Male']",1,0,3,1,5,Dry,Straight,Level,Lowest,No
32895,48,Texas,481965,1,2,2,0,2,NOT APPLICABLE,July,16,Sunday,23,10,Urban,High Speed (Arterial),No,29.92196667,-95.60454167,Non-Intersection,Dark - Lighted,Clear,Unknown,Unknown,Unknown EMS Scene Arrival Hour,Unknown EMS Scene Arrival Minutes,Unknown,Unknown EMS Hospital Arrival Time,1,Dark - Lighted,Clear,0,1,[],[],0,0,Valid,0.0,0.0,999.0,21.0,"['Female', 'Other']",0,0,2,2,4,Dry,Straight,Level,Lowest,No
32896,48,Texas,481966,0,3,3,0,9,NOT APPLICABLE,July,15,Saturday,21,1,Urban,High Speed (Arterial),Yes,30.09246111,-97.263575,Non-Intersection,Dark - Not Lighted,Clear,Unknown,Unknown,Unknown EMS Scene Arrival Hour,Unknown EMS Scene Arrival Minutes,Unknown,Unknown EMS Hospital Arrival Time,3,Dark - Unlighted,Clear,3,6,"['Driver', 'Front_Passenger', 'Rear_Seat']","['Shoulder_Lapbelt', 'Shoulder_Lapbelt', 'Shoulder_Lapbelt']",1,1,Valid,0.0,0.0,40.0,22.0,"['Female', 'Male', 'Male']",0,0,3,1,5,Dry,Straight,Level,Lowest,No
32897,48,Texas,481967,0,3,3,0,6,SAN MARCOS,July,6,Thursday,20,2,Urban,High Speed (Arterial),Yes,29.88073056,-97.91293056,Complex/Circle,Daylight,Clear,Unknown,Unknown,Unknown EMS Scene Arrival Hour,Unknown EMS Scene Arrival Minutes,Unknown,Unknown EMS Hospital Arrival Time,2,Daylight,Clear,2,4,"['Driver', 'Rear_Seat']","['None_Used', 'None_Used']",0,0,Valid,0.0,0.0,74.0,27.0,"['Male', 'Male', 'Male']",2,0,5,4,5,Dry,Straight,Level,Lowest,No
32898,48,Texas,481968,0,2,2,0,4,NOT APPLICABLE,July,7,Friday,17,45,Rural,Medium Speed (Collector),No,33.60146389,-97.79003889,Non-Intersection,Daylight,Clear,Unknown,Unknown,Unknown EMS Scene Arrival Hour,Unknown EMS Scene Arrival Minutes,Unknown,Unknown EMS Hospital Arrival Time,1,Daylight,Clear,1,3,['Front_Passenger'],['Shoulder_Lapbelt'],0,0,Valid,0.0,1.0,62.0,21.0,"['Female', 'Male']",0,0,3,1,5,Dry,Straight,Grade/Hillcrest,Lowest,No
32899,48,Texas,481969,0,1,1,0,4,NOT APPLICABLE,July,16,Sunday,16,57,Rural,High Speed (Arterial),Yes,30.32471667,-98.91166667,Non-Intersection,Daylight,Clear,Unknown,Unknown if Notified,Unknown EMS Scene Arrival Hour,Unknown if Arrived,Not Applicable (Not Transported),Not Applicable (Not Transported),4,Daylight,Clear,4,0,"['Driver', 'Front_Passenger', 'Rear_Seat', 'Rear_Seat']","['Shoulder_Lapbelt', 'None_Used', 'None_Used', 'None_Used']",0,0,Invalid,0.0,0.0,998.0,998.0,['Male'],4,0,2,1,3,Dry,Curve,Level,Lowest,No
32900,48,Texas,481970,0,2,2,0,2,NOT APPLICABLE,July,15,Saturday,13,17,Rural,High Speed (Arterial),Yes,33.18014444,-97.54788056,Simple Junction,Daylight,Clear,Unknown,Unknown,Unknown EMS Scene Arrival Hour,Unknown EMS Scene Arrival Minutes,Unknown,Unknown EMS Hospital Arrival Time,1,Daylight,Clear,1,1,['Driver'],['None_Used'],0,0,Valid,0.0,0.0,47.0,42.0,"['Male', 'Male']",0,0,5,2,5,Dry,Curve,Level,Lowest,No
32901,48,Texas,481971,0,2,2,0,2,PLANO,July,13,Thursday,22,44,Urban,High Speed (Arterial),Yes,33.04595833,-96.79429444,Non-Intersection,Dark - Lighted,Clear,Unknown,Unknown,Unknown EMS Scene Arrival Hour,Unknown EMS Scene Arrival Minutes,Not Applicable (Not Transported),Not Applicable (Not Transported),1,Dark - Lighted,Clear,1,1,['Driver'],['Shoulder_Lapbelt'],1,1,Invalid,0.0,1.0,52.0,24.0,"['Male', 'Female']",1,0,3,4,5,Dry,Straight,Grade/Hillcrest,Lowest,No
32902,48,Texas,481972,0,2,2,0,4,NOT APPLICABLE,July,8,Saturday,7,40,Rural,High Speed (Arterial),Yes,32.16255,-96.92104167,Non-Intersection,Daylight,Clear,Unknown,Unknown,Unknown EMS Scene Arrival Hour,Unknown EMS Scene Arrival Minutes,Unknown,Unknown EMS Hospital Arrival Time,2,Daylight,Clear,2,2,"['Driver', 'Rear_Seat']","['Shoulder_Lapbelt', 'Shoulder_Lapbelt']",0,0,Valid,2.0,2.0,48.0,33.0,"['Male', 'Male']",2,0,4,2,5,Dry,Straight,Level,Lowest,No
32903,48,Texas,481973,0,1,1,0,4,ARCHER CITY,July,9,Sunday,21,39,Rural,Low Speed (Local),No,33.58676389,-98.61799444,Simple Junction,Dark - Not Lighted,Clear,Unknown,Unknown,Unknown EMS Scene Arrival Hour,Unknown EMS Scene Arrival Minutes,Unknown,Unknown EMS Hospital Arrival Time,1,Dark - Unlighted,Clear,1,3,['Front_Passenger'],['None_Used'],1,1,Valid,0.0,0.0,30.0,30.0,['Male'],4,0,3,1,3,Dry,Straight,Level,Lowest,No
32904,48,Texas,481974,1,2,1,1,1,NOT APPLICABLE,July,13,Thursday,21,57,Rural,High Speed (Arterial),Yes,29.03323611,-98.43178333,Non-Intersection,Dark - Not Lighted,Clear,Unknown,Unknown if Notified,Unknown EMS Scene Arrival Hour,Unknown if Arrived,Not Applicable (Not Transported),Not Applicable (Not Transported),1,Dark - Unlighted,Clear,1,0,['Driver'],['Shoulder_Lapbelt'],0,0,Valid,0.0,0.0,74.0,74.0,['Male'],1,0,3,1,5,Dry,Curve,Level,Lowest,No