,State_Code,State_Name,Crash_ID,Count_Non_Motorists,Count_Vehicles_Total,Count_Vehicle_Forms,Count_PVH_Involved,Count_Occupants_MV,City_Name,Month_Name,Day_of_Month,Day_of_Week,Crash_Hour,Crash_Minute,Area_Rural_Urban,Road_Functional_Class,On_NHS_Road,Latitude,Longitude,Intersection_Type,Light_Condition,Weather_Condition,Notif_Hour,Notif_Minute,Arrival_Hour,Arrival_Minute,Hospital_Hour,Hospital_Minute,Fatalities_Count,Clean_Light_Condition,Clean_Weather_Condition,Total_Killed,Total_Alive,Fatal_Seats_List,Killed_Restraint_List,Any_Driver_Drinking,Total_Drinking_Drivers,Driver_License_Category,Driver_Max_Prev_Accident_Count,Driver_Max_Prev_Speeding_Count,Max_Driver_Age,Min_Driver_Age,Driver_Sex_List,Total_Exceeding_Limit_Vehicles,Total_Too_Fast_Vehicles,Max_Vehicle_Type_Severity_5,Max_Vehicle_Damage_Rank,Max_Harmful_Event_Severity,Crash_Road_Surface_Condition,Crash_Horizontal_Alignment,Crash_Vertical_Profile,Crash_Impairment_Category,Crash_Vehicle_Defect
32905,48,Texas,481975,0,2,2,0,2,NOT APPLICABLE,July,20,Thursday,6,0,Rural,High Speed (Arterial),Yes,33.58138333,-99.98266111,Non-Intersection,Dark - Not Lighted,Cloudy,Unknown,Unknown if Notified,Unknown EMS Scene Arrival Hour,Unknown if Arrived,Not Applicable (Not Transported),Not Applicable (Not Transported),1,Dark - Unlighted,Reduced Visibility,1,1,['Driver'],['Shoulder_Lapbelt'],0,0,Invalid,0.0,0.0,72.0,42.0,"['Male', 'Male']",1,0,3,4,5,Dry,Straight,Grade/Hillcrest,Lowest,No
32906,48,Texas,481976,0,1,1,0,7,NOT APPLICABLE,July,12,Wednesday,18,3,Rural,High Speed (Arterial),No,29.71587222,-98.89669722,Non-Intersection,Daylight,Clear,Unknown,Unknown,Unknown EMS Scene Arrival Hour,Unknown EMS Scene Arrival Minutes,Unknown,Unknown EMS Hospital Arrival Time,1,Daylight,Clear,1,6,['Front_Passenger'],['None_Used'],0,0,Invalid,0.0,0.0,16.0,16.0,['Male'],7,0,3,1,3,Dry,Curve,Grade/Hillcrest,Lowest,No
32907,48,Texas,481977,0,1,1,0,3,NOT APPLICABLE,July,2,Sunday,13,35,Urban,Medium Speed (Collector),No,29.44805278,-98.75299444,Non-Intersection,Daylight,Cloudy,Unknown,Unknown,Unknown EMS Scene Arrival Hour,Unknown EMS Scene Arrival Minutes,Unknown,Unknown EMS Hospital Arrival Time,2,Daylight,Reduced Visibility,2,1,"['Driver', 'Rear_Seat']","['None_Used', 'None_Used']",0,0,Valid,0.0,0.0,19.0,19.0,['Male'],3,0,2,1,3,Dry,Straight,Grade/Hillcrest,Lowest,No
32908,48,Texas,481978,0,2,2,0,6,NOT APPLICABLE,June,24,Saturday,10,0,Urban,Medium Speed (Collector),No,32.177375,-94.82529167,Complex/Circle,Daylight,Clear,Unknown,Unknown,Unknown EMS Scene Arrival Hour,Unknown EMS Scene Arrival Minutes,Unknown,Unknown EMS Hospital Arrival Time,1,Daylight,Clear,1,5,['Front_Passenger'],['Shoulder_Lapbelt'],0,0,Valid,0.0,0.0,47.0,20.0,"['Female', 'Female']",0,0,3,1,5,Dry,Straight,Grade/Hillcrest,Lowest,No
32909,48,Texas,481979,0,1,1,0,2,NOT APPLICABLE,July,17,Monday,6,14,Rural,Medium Speed (Collector),No,32.44826944,-94.86250556,Non-Intersection,Dawn,Clear,Unknown,Unknown if Notified,Unknown EMS Scene Arrival Hour,Unknown if Arrived,Not Applicable (Not Transported),Not Applicable (Not Transported),2,Twilight,Clear,2,0,"['Front_Passenger', 'Front_Passenger']","['None_Used', 'None_Used']",0,0,Valid,0.0,0.0,49.0,34.0,Other,2,0,3,1,3,Dry,Curve,Grade/Hillcrest,Lowest,No
32910,48,Texas,481980,0,2,2,0,2,NOT APPLICABLE,July,5,Wednesday,20,30,Rural,Medium Speed (Collector),No,29.21231111,-98.79423056,Non-Intersection,Daylight,Clear,Unknown,Unknown,Unknown EMS Scene Arrival Hour,Unknown EMS Scene Arrival Minutes,Unknown,Unknown EMS Hospital Arrival Time,1,Daylight,Clear,1,1,['Driver'],['Shoulder_Lapbelt'],1,1,Valid,0.0,0.0,54.0,33.0,"['Female', 'Male']",0,0,5,2,5,Dry,Straight,Level,Lowest,No
32911,48,Texas,481982,0,2,2,0,3,AMARILLO,July,6,Thursday,18,6,Urban,Medium Speed (Collector),No,35.15773056,-101.88382778,Non-Intersection,Daylight,Clear,Unknown,Unknown if Notified,Unknown EMS Scene Arrival Hour,Unknown if Arrived,Not Applicable (Not Transported),Not Applicable (Not Transported),1,Daylight,Clear,1,2,['Driver'],['None_Used'],0,0,Invalid,0.0,1.0,46.0,21.0,"['Male', 'Female']",1,0,5,1,5,Dry,Straight,Level,Lowest,No
32912,48,Texas,481983,0,3,3,0,8,NOT APPLICABLE,July,12,Wednesday,19,10,Rural,High Speed (Arterial),No,32.91686667,-96.25473889,Complex/Circle,Daylight,Clear,Unknown,Unknown,Unknown EMS Scene Arrival Hour,Unknown EMS Scene Arrival Minutes,Unknown,Unknown EMS Hospital Arrival Time,1,Daylight,Clear,1,7,['Front_Passenger'],['Shoulder_Lapbelt'],0,0,Valid,0.0,0.0,79.0,40.0,"['Male', 'Female', 'Male']",0,0,5,2,5,Dry,Straight,Level,Lowest,No
32913,48,Texas,481984,0,1,1,0,7,NOT APPLICABLE,July,9,Sunday,18,8,Rural,Low Speed (Local),No,31.81501667,-96.833325,Non-Intersection,Daylight,Clear,Unknown,Unknown,Unknown EMS Scene Arrival Hour,Unknown EMS Scene Arrival Minutes,Unknown,Unknown EMS Hospital Arrival Time,1,Daylight,Clear,1,6,['Rear_Seat'],['None_Used'],0,0,Valid,0.0,0.0,50.0,50.0,['Female'],0,0,3,1,3,Dry,Straight,Level,Lowest,Yes
32914,48,Texas,481985,1,2,2,0,3,EL PASO,July,19,Wednesday,21,19,Urban,High Speed (Arterial),Yes,31.76128056,-106.50616111,Non-Intersection,Dark - Not Lighted,Clear,Unknown,Unknown if Notified,Unknown EMS Scene Arrival Hour,Unknown if Arrived,Not Applicable (Not Transported),Not Applicable (Not Transported),1,Dark - Unlighted,Clear,0,3,[],[],0,0,Valid,0.0,1.0,28.0,24.0,"['Female', 'Male']",0,0,2,1,4,Dry,Straight,Level,Lowest,No
32915,48,Texas,481986,0,1,1,0,1,MIDLAND,July,15,Saturday,2,17,Urban,Medium Speed (Collector),No,31.96745278,-102.1484,Non-Intersection,Dark - Lighted,Clear,Unknown,Unknown,Unknown EMS Scene Arrival Hour,Unknown EMS Scene Arrival Minutes,Not Applicable (Not Transported),Not Applicable (Not Transported),1,Dark - Lighted,Clear,1,0,['Driver'],['None_Used'],0,0,Valid,1.0,1.0,20.0,20.0,['Male'],1,0,5,1,3,Dry,Curve,Level,Lowest,No
32916,48,Texas,481987,0,2,2,0,6,NOT APPLICABLE,July,12,Wednesday,15,57,Rural,High Speed (Arterial),Yes,31.68181667,-102.33870278,Complex/Circle,Daylight,Clear,Unknown,Unknown,Unknown EMS Scene Arrival Hour,Unknown EMS Scene Arrival Minutes,Unknown,Unknown EMS Hospital Arrival Time,2,Daylight,Clear,2,4,"['Front_Passenger', 'Rear_Seat']","['None_Used', 'None_Used']",0,0,Valid,0.0,0.0,43.0,30.0,"['Male', 'Male']",0,0,3,1,5,Dry,Straight,Level,Lowest,No
32917,48,Texas,481988,0,1,1,0,2,CEDAR HILL,July,20,Thursday,5,13,Urban,High Speed (Arterial),Yes,32.55344444,-96.974125,Non-Intersection,Dark - Not Lighted,Clear,Unknown,Unknown,Unknown EMS Scene Arrival Hour,Unknown EMS Scene Arrival Minutes,Unknown,Unknown EMS Hospital Arrival Time,1,Dark - Unlighted,Clear,1,1,['Driver'],['Shoulder_Lapbelt'],0,0,Valid,0.0,0.0,35.0,35.0,['Male'],0,0,4,1,3,Dry,Curve,Level,Lowest,Yes
32918,48,Texas,481989,1,1,1,0,1,NOT APPLICABLE,July,19,Wednesday,10,18,Urban,Medium Speed (Collector),No,30.1123,-97.78116111,Non-Intersection,Daylight,Clear,Unknown,Unknown if Notified,Unknown EMS Scene Arrival Hour,Unknown if Arrived,Not Applicable (Not Transported),Not Applicable (Not Transported),1,Daylight,Clear,0,1,[],[],0,0,Valid,0.0,0.0,69.0,69.0,['Female'],0,0,3,1,4,Dry,Curve,Grade/Hillcrest,Lowest,No
32919,48,Texas,481990,1,1,1,0,1,SAN ANTONIO,July,21,Friday,22,0,Urban,Medium Speed (Collector),No,29.44399444,-98.52512778,Complex/Circle,Dark - Lighted,Clear,Unknown,Unknown,Unknown EMS Scene Arrival Hour,Unknown EMS Scene Arrival Minutes,Not Applicable (Not Transported),Not Applicable (Not Transported),1,Dark - Lighted,Clear,0,1,[],[],0,0,Valid,0.0,0.0,35.0,35.0,['Male'],0,0,2,1,4,Dry,Straight,Level,Lowest,No
32920,48,Texas,481991,0,3,3,0,6,NOT APPLICABLE,July,13,Thursday,12,34,Rural,High Speed (Arterial),Yes,31.51719444,-94.69807778,Non-Intersection,Daylight,Clear,Unknown,Unknown,Unknown EMS Scene Arrival Hour,Unknown EMS Scene Arrival Minutes,Unknown,Unknown EMS Hospital Arrival Time,1,Daylight,Clear,1,5,['Driver'],['Shoulder_Lapbelt'],0,0,Valid,0.0,0.0,72.0,22.0,"['Female', 'Male', 'Male']",0,0,4,2,5,Dry,Straight,Level,Lowest,No
32921,48,Texas,481992,0,2,2,0,3,NOT APPLICABLE,July,12,Wednesday,22,2,Rural,High Speed (Arterial),Yes,31.79555,-94.53389444,Non-Intersection,Dark - Not Lighted,Clear,Unknown,Unknown,Unknown EMS Scene Arrival Hour,Unknown EMS Scene Arrival Minutes,Unknown,Unknown EMS Hospital Arrival Time,1,Dark - Unlighted,Clear,1,2,['Front_Passenger'],['Shoulder_Lapbelt'],1,1,Valid,0.0,0.0,46.0,24.0,"['Male', 'Female']",0,0,4,1,5,Dry,Straight,Grade/Hillcrest,Lowest,No
32922,48,Texas,481993,1,1,1,0,1,HOUSTON,July,11,Tuesday,14,7,Urban,Medium Speed (Collector),No,29.83133056,-95.28403889,Complex/Circle,Daylight,Clear,Unknown,Unknown if Notified,Unknown EMS Scene Arrival Hour,Unknown if Arrived,Not Applicable (Not Transported),Not Applicable (Not Transported),1,Daylight,Clear,0,1,[],[],0,0,Valid,1.0,0.0,57.0,57.0,['Male'],0,0,4,1,4,Dry,Straight,Level,Lowest,No
32923,48,Texas,481995,0,1,1,0,2,NOT APPLICABLE,July,14,Friday,23,11,Rural,Medium Speed (Collector),No,30.11406389,-98.65555556,Non-Intersection,Dark - Not Lighted,Clear,Unknown,Unknown,Unknown EMS Scene Arrival Hour,Unknown EMS Scene Arrival Minutes,Unknown,Unknown EMS Hospital Arrival Time,1,Dark - Unlighted,Clear,1,1,['Driver'],['Shoulder_Lapbelt'],0,0,Valid,1.0,2.0,43.0,43.0,['Male'],2,0,2,1,3,Dry,Curve,Grade/Hillcrest,Lowest,No
32924,48,Texas,481996,1,1,1,0,1,WESLACO,July,15,Saturday,22,50,Urban,Medium Speed (Collector),No,26.14130833,-97.960275,Non-Intersection,Dark - Not Lighted,Clear,Unknown,Unknown,Unknown EMS Scene Arrival Hour,Unknown EMS Scene Arrival Minutes,Unknown,Unknown EMS Hospital Arrival Time,1,Dark - Unlighted,Clear,0,1,[],[],0,0,Invalid,0.0,0.0,18.0,18.0,['Male'],0,0,2,2,4,Dry,Straight,Level,Lowest,No
32925,48,Texas,481997,0,2,2,0,2,LEVELLAND,June,26,Monday,21,46,Urban,Medium Speed (Collector),No,33.57963611,-102.37551667,Non-Intersection,Dark - Not Lighted,Clear,Unknown,Unknown,Unknown EMS Scene Arrival Hour,Unknown EMS Scene Arrival Minutes,Unknown,Unknown EMS Hospital Arrival Time,1,Dark - Unlighted,Clear,1,1,['Driver'],['None_Used'],0,0,Valid,0.0,0.0,32.0,20.0,"['Female', 'Male']",0,0,5,2,5,Dry,Straight,Non-Trafficway,Lowest,No
32926,48,Texas,481998,0,2,2,0,3,Other,July,20,Thursday,15,55,Urban,Medium Speed (Collector),No,33.03902222,-97.30628889,Simple Junction,Daylight,Clear,Unknown,Unknown,Unknown EMS Scene Arrival Hour,Unknown EMS Scene Arrival Minutes,Unknown,Unknown EMS Hospital Arrival Time,1,Daylight,Clear,1,2,['Front_Passenger'],['Shoulder_Lapbelt'],0,0,Valid,1.0,1.0,34.0,33.0,"['Male', 'Male']",0,0,3,1,5,Dry,Straight,Level,Lowest,No
32927,48,Texas,481999,0,2,2,0,2,MUENSTER,July,22,Saturday,12,25,Rural,Medium Speed (Collector),No,33.66213056,-97.38153056,Simple Junction,Daylight,Clear,Unknown,Unknown if Notified,Unknown EMS Scene Arrival Hour,Unknown if Arrived,Not Applicable (Not Transported),Not Applicable (Not Transported),1,Daylight,Clear,1,1,['Driver'],['None_Used'],0,0,Invalid,1.0,1.0,64.0,27.0,"['Male', 'Female']",0,0,5,1,5,Dry,Straight,Grade/Hillcrest,Lowest,No
32928,48,Texas,482000,0,1,1,0,5,NOT APPLICABLE,July,12,Wednesday,2,15,Rural,Medium Speed (Collector),No,32.49816111,-99.656525,Simple Junction,Dark - Lighted,Clear,Unknown,Unknown,Unknown EMS Scene Arrival Hour,Unknown EMS Scene Arrival Minutes,Unknown,Unknown EMS Hospital Arrival Time,1,Dark - Lighted,Clear,1,4,['Driver'],['None_Used'],1,1,Invalid,0.0,0.0,48.0,48.0,['Male'],0,0,3,1,2,Dry,Curve,Level,Lowest,No
32929,48,Texas,482001,0,1,1,0,1,EDINBURG,June,30,Friday,21,43,Urban,Medium Speed (Collector),No,26.26739167,-98.157975,Non-Intersection,Dark - Lighted,Clear,Unknown,Unknown if Notified,Unknown EMS Scene Arrival Hour,Unknown if Arrived,Unknown,Unknown if Transported,1,Dark - Lighted,Clear,1,0,['Driver'],['None_Used'],0,0,Valid,0.0,0.0,37.0,37.0,['Male'],1,0,5,1,2,Dry,Straight,Level,Lowest,No
32930,48,Texas,482002,0,2,2,0,2,MONAHANS,July,7,Friday,19,15,Urban,Medium Speed (Collector),No,31.57670278,-102.88783611,Simple Junction,Daylight,Clear,Unknown,Unknown,Unknown EMS Scene Arrival Hour,Unknown EMS Scene Arrival Minutes,Unknown,Unknown EMS Hospital Arrival Time,1,Daylight,Clear,1,1,['Driver'],['None_Used'],0,0,Valid,1.0,2.0,60.0,21.0,"['Male', 'Male']",1,0,3,1,5,Dry,Straight,Level,Lowest,No
32931,48,Texas,482003,0,2,2,0,2,DALLAS,June,20,Tuesday,5,52,Urban,High Speed (Arterial),Yes,32.67056944,-96.97192778,Non-Intersection,Dawn,Clear,Unknown,Unknown,Unknown EMS Scene Arrival Hour,Unknown EMS Scene Arrival Minutes,Unknown,Unknown EMS Hospital Arrival Time,1,Twilight,Clear,1,0,['Driver'],['None_Used'],0,0,Valid,0.0,0.0,999.0,29.0,"['Male', 'Other']",0,0,5,1,5,Dry,Straight,Level,Lowest,No
32932,48,Texas,482004,0,2,2,0,4,NOT APPLICABLE,July,21,Friday,21,24,Rural,Medium Speed (Collector),No,30.61465278,-95.16888889,Non-Intersection,Dark - Not Lighted,Clear,Unknown,Unknown if Notified,Unknown EMS Scene Arrival Hour,Unknown if Arrived,Not Applicable (Not Transported),Not Applicable (Not Transported),1,Dark - Unlighted,Clear,1,3,['Driver'],['None_Used'],1,1,Valid,1.0,0.0,37.0,21.0,"['Male', 'Male']",3,0,5,1,5,Dry,Straight,Level,Lowest,No
32933,48,Texas,482005,1,1,1,0,2,NOT APPLICABLE,July,22,Saturday,5,50,Rural,High Speed (Arterial),Yes,31.89662778,-95.22354167,Non-Intersection,Dark - Not Lighted,Clear,Unknown,Unknown if Notified,Unknown EMS Scene Arrival Hour,Unknown if Arrived,Not Applicable (Not Transported),Not Applicable (Not Transported),1,Dark - Unlighted,Clear,0,2,[],[],0,0,Valid,1.0,0.0,36.0,36.0,['Female'],0,0,3,2,4,Dry,Straight,Level,Lowest,No
32934,48,Texas,482006,0,4,4,0,4,KERRVILLE,July,20,Thursday,11,6,Urban,High Speed (Arterial),No,30.07245,-99.20835556,Non-Intersection,Daylight,Clear,Unknown,Unknown,Unknown EMS Scene Arrival Hour,Unknown EMS Scene Arrival Minutes,Unknown,Unknown EMS Hospital Arrival Time,1,Daylight,Clear,1,3,['Driver'],['Shoulder_Lapbelt'],0,0,Valid,1.0,1.0,80.0,21.0,"['Male', 'Male', 'Male', 'Male']",0,0,3,2,5,Dry,Straight,Level,Lowest,No
32935,48,Texas,482007,0,2,2,0,2,DALLAS,June,24,Saturday,2,29,Rural,High Speed (Arterial),Yes,32.90881389,-96.89149167,Non-Intersection,Dark - Lighted,Clear,Unknown,Unknown,Unknown EMS Scene Arrival Hour,Unknown EMS Scene Arrival Minutes,Not Applicable (Not Transported),Not Applicable (Not Transported),1,Dark - Lighted,Clear,1,0,['Driver'],['Shoulder_Lapbelt'],1,1,Invalid,0.0,0.0,999.0,33.0,"['Other', 'Male']",1,0,2,4,5,Dry,Straight,Level,Lowest,No
32936,48,Texas,482008,0,1,1,0,2,TEMPLE,July,17,Monday,16,21,Urban,High Speed (Arterial),No,31.106775,-97.44938333,Non-Intersection,Daylight,Clear,Unknown,Unknown,Unknown EMS Scene Arrival Hour,Unknown EMS Scene Arrival Minutes,Unknown,Unknown EMS Hospital Arrival Time,1,Daylight,Clear,1,1,['Driver'],['None_Used'],1,1,Invalid,0.0,0.0,34.0,34.0,['Male'],2,0,3,1,3,Dry,Straight,Level,Lowest,No
32937,48,Texas,482009,2,1,1,0,1,KINGSVILLE,July,11,Tuesday,3,31,Urban,High Speed (Arterial),Yes,27.48828889,-97.84833333,Non-Intersection,Dark - Not Lighted,Clear,Unknown,Unknown,Unknown EMS Scene Arrival Hour,Unknown EMS Scene Arrival Minutes,Unknown,Unknown EMS Hospital Arrival Time,1,Dark - Unlighted,Clear,0,1,[],[],0,0,Valid,0.0,0.0,42.0,42.0,['Female'],0,0,2,2,4,Dry,Straight,Level,Lowest,No
32938,48,Texas,482010,1,1,1,0,1,LAREDO,July,17,Monday,7,59,Urban,Medium Speed (Collector),No,27.47746111,-99.44590556,Complex/Circle,Daylight,Clear,Unknown,Unknown,Unknown EMS Scene Arrival Hour,Unknown EMS Scene Arrival Minutes,Unknown,Unknown EMS Hospital Arrival Time,1,Daylight,Clear,0,1,[],[],0,0,Valid,0.0,0.0,19.0,19.0,['Male'],0,0,3,1,4,Dry,Straight,Level,Lowest,No
32939,48,Texas,482011,0,2,2,0,2,NOT APPLICABLE,July,21,Friday,2,29,Urban,Medium Speed (Collector),No,31.68592222,-106.26746667,Complex/Circle,Dark - Lighted,Clear,Unknown,Unknown,Unknown EMS Scene Arrival Hour,Unknown EMS Scene Arrival Minutes,Unknown,Unknown EMS Hospital Arrival Time,1,Dark - Lighted,Clear,1,1,['Driver'],['Shoulder_Lapbelt'],0,0,Valid,0.0,3.0,63.0,24.0,"['Female', 'Male']",1,0,2,1,5,Dry,Straight,Level,Lowest,No
32940,48,Texas,482012,1,1,1,0,1,KENNEDALE,July,16,Sunday,17,56,Urban,Medium Speed (Collector),No,32.65859167,-97.22689444,Non-Intersection,Daylight,Clear,Unknown,Unknown,Unknown EMS Scene Arrival Hour,Unknown EMS Scene Arrival Minutes,Unknown,Unknown EMS Hospital Arrival Time,1,Daylight,Clear,0,1,[],[],0,0,Valid,0.0,0.0,73.0,73.0,['Male'],0,0,3,2,4,Dry,Straight,Level,Lowest,No
32941,48,Texas,482013,0,1,1,0,3,NOT APPLICABLE,July,19,Wednesday,8,0,Rural,High Speed (Arterial),Yes,31.29570833,-95.99818333,Non-Intersection,Daylight,Clear,Unknown,Unknown,Unknown EMS Scene Arrival Hour,Unknown EMS Scene Arrival Minutes,Unknown,Unknown EMS Hospital Arrival Time,1,Daylight,Clear,1,2,['Driver'],['Shoulder_Lapbelt'],0,0,Valid,0.0,0.0,39.0,39.0,['Female'],0,0,3,1,3,Dry,Straight,Level,Lowest,Yes
32942,48,Texas,482014,0,1,1,0,1,PFLUGERVILLE,July,21,Friday,18,46,Urban,Medium Speed (Collector),No,30.48785278,-97.58353333,Non-Intersection,Daylight,Clear,Unknown,Unknown if Notified,Unknown EMS Scene Arrival Hour,Unknown if Arrived,Not Applicable (Not Transported),Not Applicable (Not Transported),1,Daylight,Clear,1,0,['Driver'],['None_Used'],1,1,Valid,0.0,1.0,65.0,65.0,['Male'],0,0,3,1,3,Dry,Straight,Grade/Hillcrest,Lowest,No
32943,48,Texas,482015,0,1,1,0,1,NOT APPLICABLE,July,13,Thursday,21,45,Rural,Medium Speed (Collector),No,32.52821389,-97.51985,Non-Intersection,Dark - Not Lighted,Clear,Unknown,Unknown if Notified,Unknown EMS Scene Arrival Hour,Unknown if Arrived,Not Applicable (Not Transported),Not Applicable (Not Transported),1,Dark - Unlighted,Clear,1,0,['Driver'],['Shoulder_Lapbelt'],1,1,Valid,0.0,0.0,33.0,33.0,['Male'],0,0,3,4,2,Dry,Straight,Level,Lowest,No
32944,48,Texas,482016,0,2,2,0,2,NOT APPLICABLE,July,17,Monday,16,45,Rural,High Speed (Arterial),Yes,29.79533333,-98.33257222,Simple Junction,Daylight,Clear,Unknown,Unknown,Unknown EMS Scene Arrival Hour,Unknown EMS Scene Arrival Minutes,Unknown,Unknown EMS Hospital Arrival Time,1,Daylight,Clear,1,1,['Driver'],['Shoulder_Lapbelt'],0,0,Valid,0.0,2.0,54.0,35.0,"['Male', 'Male']",0,0,3,1,5,Dry,Curve,Level,Lowest,No
32945,48,Texas,482017,0,1,1,0,1,EL PASO,July,11,Tuesday,8,1,Urban,Low Speed (Local),No,31.65570278,-106.311575,Non-Intersection,Dark - Not Lighted,Rain,Unknown,Unknown if Notified,Unknown EMS Scene Arrival Hour,Unknown if Arrived,Not Applicable (Not Transported),Not Applicable (Not Transported),1,Dark - Unlighted,Rain/Wind/Minor,1,0,['Driver'],['None_Used'],0,0,Invalid,0.0,0.0,31.0,31.0,['Male'],1,0,3,1,3,Wet/Standing Water,Straight,Level,Lowest,No
32946,48,Texas,482018,0,1,1,0,1,FORT WORTH,July,23,Sunday,1,24,Urban,Medium Speed (Collector),No,32.70838611,-97.26309722,Non-Intersection,Dark - Lighted,Clear,Unknown,Unknown,Unknown EMS Scene Arrival Hour,Unknown EMS Scene Arrival Minutes,Unknown,Unknown EMS Hospital Arrival Time,1,Dark - Lighted,Clear,1,0,['Driver'],['None_Used'],1,1,Invalid,0.0,0.0,32.0,32.0,['Male'],1,0,5,1,2,Dry,Straight,Level,Lowest,No
32947,48,Texas,482019,0,1,1,0,1,LAREDO,July,21,Friday,3,9,Urban,High Speed (Arterial),Yes,27.55339444,-99.50411944,Non-Intersection,Dark - Lighted,Clear,Unknown,Unknown if Notified,Unknown EMS Scene Arrival Hour,Unknown if Arrived,Not Applicable (Not Transported),Not Applicable (Not Transported),1,Dark - Lighted,Clear,1,0,['Driver'],['Shoulder_Lapbelt'],0,0,Valid,0.0,0.0,25.0,25.0,['Male'],1,0,3,1,3,Dry,Straight,Level,Lowest,No
32948,48,Texas,482020,1,2,2,0,4,GARLAND,July,15,Saturday,22,21,Urban,High Speed (Arterial),Yes,32.8345,-96.60963333,Non-Intersection,Dark - Lighted,Clear,Unknown,Unknown if Notified,Unknown EMS Scene Arrival Hour,Unknown if Arrived,Not Applicable (Not Transported),Not Applicable (Not Transported),1,Dark - Lighted,Clear,0,4,[],[],0,0,Invalid,0.0,2.0,64.0,24.0,"['Male', 'Male']",0,0,3,1,4,Dry,Straight,Level,Lowest,No
32949,48,Texas,482021,0,3,3,0,6,NOT APPLICABLE,July,21,Friday,14,5,Rural,Medium Speed (Collector),No,35.05810278,-101.98982778,Complex/Circle,Daylight,Cloudy,Unknown,Unknown,Unknown EMS Scene Arrival Hour,Unknown EMS Scene Arrival Minutes,Unknown,Unknown EMS Hospital Arrival Time,1,Daylight,Reduced Visibility,1,5,['Rear_Seat'],['Shoulder_Lapbelt'],0,0,Valid,0.0,0.0,68.0,21.0,"['Female', 'Female', 'Male']",0,0,3,2,5,Dry,Straight,Level,Lowest,No
32950,48,Texas,482022,0,2,2,0,2,NOT APPLICABLE,July,24,Monday,10,0,Rural,Medium Speed (Collector),No,30.15891944,-99.16290833,Non-Intersection,Daylight,Clear,Unknown,Unknown,Unknown EMS Scene Arrival Hour,Unknown EMS Scene Arrival Minutes,Unknown,Unknown EMS Hospital Arrival Time,1,Daylight,Clear,1,1,['Driver'],['Shoulder_Lapbelt'],0,0,Valid,0.0,0.0,72.0,69.0,"['Male', 'Male']",1,0,3,1,5,Dry,Curve,Level,Lowest,No
32951,48,Texas,482023,0,2,2,0,5,NOT APPLICABLE,July,18,Tuesday,19,5,Rural,Medium Speed (Collector),No,32.549325,-97.74488333,Non-Intersection,Daylight,Clear,Unknown,Unknown,Unknown EMS Scene Arrival Hour,Unknown EMS Scene Arrival Minutes,Unknown,Unknown EMS Hospital Arrival Time,1,Daylight,Clear,1,4,['Driver'],['Shoulder_Lapbelt'],0,0,Valid,0.0,0.0,55.0,52.0,"['Male', 'Female']",0,0,2,1,5,Dry,Curve,Grade/Hillcrest,Lowest,No
32952,48,Texas,482024,0,2,2,0,2,NOT APPLICABLE,June,27,Tuesday,10,24,Urban,Medium Speed (Collector),No,29.37855833,-98.24095278,Simple Junction,Daylight,Clear,Unknown,Unknown,Unknown EMS Scene Arrival Hour,Unknown EMS Scene Arrival Minutes,Unknown,Unknown EMS Hospital Arrival Time,1,Daylight,Clear,1,1,['Driver'],['Shoulder_Lapbelt'],0,0,Valid,0.0,0.0,26.0,26.0,"['Male', 'Male']",0,0,2,1,5,Dry,Straight,Level,Lowest,No
32953,48,Texas,482025,0,2,2,0,2,DENISON,April,4,Tuesday,14,13,Urban,Medium Speed (Collector),No,33.70641389,-96.58452778,Simple Junction,Daylight,Cloudy,Unknown,Unknown,Unknown EMS Scene Arrival Hour,Unknown EMS Scene Arrival Minutes,Unknown,Unknown EMS Hospital Arrival Time,1,Daylight,Reduced Visibility,1,1,['Driver'],['Shoulder_Lapbelt'],0,0,Valid,0.0,0.0,63.0,21.0,"['Male', 'Male']",0,0,4,1,5,Dry,Straight,Level,Lowest,No
32954,48,Texas,482026,1,1,1,0,1,HOUSTON,April,30,Sunday,20,50,Urban,High Speed (Arterial),Yes,29.77543611,-95.35046111,Non-Intersection,Dark - Lighted,Clear,Unknown,Unknown,Unknown EMS Scene Arrival Hour,Unknown EMS Scene Arrival Minutes,Unknown,Unknown EMS Hospital Arrival Time,1,Dark - Lighted,Clear,0,0,[],[],0,0,Invalid,0.0,0.0,999.0,999.0,['Other'],1,0,1,2,4,Dry,Straight,Grade/Hillcrest,Lowest,No
32955,48,Texas,482027,0,2,2,0,2,NOT APPLICABLE,July,17,Monday,10,12,Rural,Low Speed (Local),No,30.28487222,-95.30569167,Non-Intersection,Daylight,Clear,Unknown,Unknown,Unknown EMS Scene Arrival Hour,Unknown EMS Scene Arrival Minutes,Unknown,Unknown EMS Hospital Arrival Time,1,Daylight,Clear,1,1,['Driver'],['Shoulder_Lapbelt'],0,0,Valid,0.0,0.0,49.0,31.0,"['Male', 'Male']",0,0,2,1,5,Dry,Curve,Level,Lowest,No