,State_Code,State_Name,Crash_ID,Count_Non_Motorists,Count_Vehicles_Total,Count_Vehicle_Forms,Count_PVH_Involved,Count_Occupants_MV,City_Name,Month_Name,Day_of_Month,Day_of_Week,Crash_Hour,Crash_Minute,Area_Rural_Urban,Road_Functional_Class,On_NHS_Road,Latitude,Longitude,Intersection_Type,Light_Condition,Weather_Condition,Notif_Hour,Notif_Minute,Arrival_Hour,Arrival_Minute,Hospital_Hour,Hospital_Minute,Fatalities_Count,Clean_Light_Condition,Clean_Weather_Condition,Total_Killed,Total_Alive,Fatal_Seats_List,Killed_Restraint_List,Any_Driver_Drinking,Total_Drinking_Drivers,Driver_License_Category,Driver_Max_Prev_Accident_Count,Driver_Max_Prev_Speeding_Count,Max_Driver_Age,Min_Driver_Age,Driver_Sex_List,Total_Exceeding_Limit_Vehicles,Total_Too_Fast_Vehicles,Max_Vehicle_Type_Severity_5,Max_Vehicle_Damage_Rank,Max_Harmful_Event_Severity,Crash_Road_Surface_Condition,Crash_Horizontal_Alignment,Crash_Vertical_Profile,Crash_Impairment_Category,Crash_Vehicle_Defect
32956,48,Texas,482028,0,2,2,0,2,CONROE,July,18,Tuesday,13,59,Urban,Medium Speed (Collector),No,30.34999444,-95.46138056,Non-Intersection,Daylight,Clear,Unknown,Unknown,Unknown EMS Scene Arrival Hour,Unknown EMS Scene Arrival Minutes,Unknown,Unknown EMS Hospital Arrival Time,1,Daylight,Clear,1,1,['Driver'],['None_Used'],0,0,Valid,0.0,2.0,54.0,27.0,"['Male', 'Male']",0,0,5,1,5,Dry,Straight,Non-Trafficway,Lowest,No
32957,48,Texas,482029,1,1,1,0,1,FORT WORTH,July,22,Saturday,5,43,Urban,High Speed (Arterial),Yes,32.715275,-97.28218889,Non-Intersection,Dark - Not Lighted,Clear,Unknown,Unknown if Notified,Unknown EMS Scene Arrival Hour,Unknown if Arrived,Not Applicable (Not Transported),Not Applicable (Not Transported),1,Dark - Unlighted,Clear,0,1,[],[],0,0,Invalid,0.0,0.0,34.0,34.0,['Male'],0,0,2,1,4,Dry,Straight,Level,Lowest,No
32958,48,Texas,482030,0,2,2,0,3,NOT APPLICABLE,July,23,Sunday,20,45,Urban,Medium Speed (Collector),No,29.92320556,-95.70338333,Complex/Circle,Dark - Lighted,Clear,Unknown,Unknown,Unknown EMS Scene Arrival Hour,Unknown EMS Scene Arrival Minutes,Unknown,Unknown EMS Hospital Arrival Time,1,Dark - Lighted,Clear,1,2,['Driver'],['Shoulder_Lapbelt'],1,1,Valid,0.0,1.0,38.0,20.0,"['Male', 'Male']",1,0,3,1,5,Dry,Straight,Level,Lowest,No
32959,48,Texas,482031,0,2,2,0,3,NOT APPLICABLE,July,24,Monday,18,50,Urban,Medium Speed (Collector),No,30.03578611,-95.697525,Complex/Circle,Daylight,Clear,Unknown,Unknown,Unknown EMS Scene Arrival Hour,Unknown EMS Scene Arrival Minutes,7:00pm-7:59pm,52,1,Daylight,Clear,1,2,['Driver'],['Shoulder_Lapbelt'],0,0,Valid,0.0,5.0,63.0,34.0,"['Male', 'Male']",1,0,3,1,5,Wet/Standing Water,Straight,Level,Lowest,No
32960,48,Texas,482032,1,1,1,0,1,WEBSTER,July,23,Sunday,21,20,Urban,Medium Speed (Collector),No,29.54901389,-95.10917778,Non-Intersection,Dark - Lighted,Clear,Unknown,Unknown if Notified,Unknown EMS Scene Arrival Hour,Unknown if Arrived,Not Applicable (Not Transported),Not Applicable (Not Transported),1,Dark - Lighted,Clear,0,1,[],[],0,0,Invalid,0.0,0.0,32.0,32.0,['Male'],0,0,2,1,4,Dry,Straight,Level,Lowest,No
32961,48,Texas,482033,0,2,2,0,4,HOUSTON,May,2,Tuesday,22,6,Urban,High Speed (Arterial),No,29.87140556,-95.30437222,Complex/Circle,Dark - Lighted,Clear,Unknown,Unknown if Notified,Unknown EMS Scene Arrival Hour,Unknown if Arrived,Not Applicable (Not Transported),Not Applicable (Not Transported),1,Dark - Lighted,Clear,1,3,['Driver'],['None_Used'],0,0,Valid,2.0,1.0,24.0,21.0,"['Male', 'Male']",1,0,5,1,5,Dry,Straight,Level,Lowest,No
32962,48,Texas,482034,0,1,1,0,1,HOUSTON,May,8,Monday,20,10,Urban,High Speed (Arterial),Yes,29.69703333,-95.28696944,Non-Intersection,Dark - Lighted,Clear,Unknown,Unknown,Unknown EMS Scene Arrival Hour,Unknown EMS Scene Arrival Minutes,Unknown,Unknown EMS Hospital Arrival Time,1,Dark - Lighted,Clear,1,0,['Driver'],['None_Used'],0,0,Invalid,0.0,0.0,23.0,23.0,['Female'],1,0,2,1,3,Dry,Curve,Grade/Hillcrest,Lowest,No
32963,48,Texas,482035,0,1,1,0,1,NOT APPLICABLE,June,30,Friday,7,25,Rural,Low Speed (Local),No,29.49345556,-98.03885,Non-Intersection,Dawn,Clear,Unknown,Unknown,Unknown EMS Scene Arrival Hour,Unknown EMS Scene Arrival Minutes,Not Applicable (Not Transported),Not Applicable (Not Transported),1,Twilight,Clear,1,0,['Driver'],['None_Used'],0,0,Valid,0.0,0.0,33.0,33.0,['Male'],1,0,3,1,3,Dry,Curve,Level,Lowest,No
32964,48,Texas,482036,0,1,1,0,3,SAN MARCOS,July,15,Saturday,21,6,Urban,High Speed (Arterial),Yes,29.87559722,-97.94019444,Simple Junction,Dark - Lighted,Clear,Unknown,Unknown,Unknown EMS Scene Arrival Hour,Unknown EMS Scene Arrival Minutes,Unknown,Unknown EMS Hospital Arrival Time,1,Dark - Lighted,Clear,1,2,['Rear_Seat'],['Shoulder_Lapbelt'],1,1,Valid,1.0,2.0,22.0,22.0,['Male'],0,0,3,2,3,Dry,Straight,Level,Lowest,No
32965,48,Texas,482037,0,1,1,0,1,NOT APPLICABLE,July,21,Friday,13,15,Rural,High Speed (Arterial),Yes,30.248925,-94.54904167,Non-Intersection,Daylight,Clear,Unknown,Unknown if Notified,Unknown EMS Scene Arrival Hour,Unknown if Arrived,Not Applicable (Not Transported),Not Applicable (Not Transported),1,Daylight,Clear,1,0,['Driver'],['Shoulder_Lapbelt'],0,0,Valid,0.0,0.0,66.0,66.0,['Male'],0,0,4,1,3,Dry,Straight,Level,Lowest,Yes
32966,48,Texas,482038,0,2,2,0,5,MADISONVILLE,July,14,Friday,18,6,Rural,Medium Speed (Collector),No,30.94005556,-95.90815556,Non-Intersection,Daylight,Clear,Unknown,Unknown,Unknown EMS Scene Arrival Hour,Unknown EMS Scene Arrival Minutes,Unknown,Unknown EMS Hospital Arrival Time,1,Daylight,Clear,1,4,['Driver'],['Shoulder_Lapbelt'],0,0,Valid,0.0,0.0,31.0,31.0,"['Male', 'Female']",1,0,3,1,5,Dry,Curve,Level,Lowest,No
32967,48,Texas,482039,0,2,2,0,2,SAN ANTONIO,July,25,Tuesday,7,11,Urban,High Speed (Arterial),Yes,29.32184167,-98.45253056,Non-Intersection,Daylight,Clear,Unknown,Unknown,Unknown EMS Scene Arrival Hour,Unknown EMS Scene Arrival Minutes,Not Applicable (Not Transported),Not Applicable (Not Transported),1,Daylight,Clear,1,1,['Driver'],['None_Used'],0,0,Invalid,0.0,0.0,63.0,47.0,"['Male', 'Male']",1,0,5,1,5,Dry,Straight,Level,Lowest,No
32968,48,Texas,482040,0,2,2,0,2,NOT APPLICABLE,July,12,Wednesday,20,30,Urban,High Speed (Arterial),Yes,30.23101111,-97.93176389,Simple Junction,Daylight,Clear,Unknown,Unknown,Unknown EMS Scene Arrival Hour,Unknown EMS Scene Arrival Minutes,Unknown,Unknown EMS Hospital Arrival Time,1,Daylight,Clear,1,1,['Driver'],['None_Used'],0,0,Valid,0.0,0.0,75.0,29.0,"['Male', 'Male']",1,0,5,1,5,Dry,Straight,Grade/Hillcrest,Lowest,No
32969,48,Texas,482041,1,1,1,0,1,SAN ANTONIO,July,18,Tuesday,13,50,Urban,High Speed (Arterial),Yes,29.48407778,-98.23553333,Non-Intersection,Daylight,Clear,Unknown,Unknown,Unknown EMS Scene Arrival Hour,Unknown EMS Scene Arrival Minutes,Unknown,Unknown EMS Hospital Arrival Time,1,Daylight,Clear,0,1,[],[],0,0,Valid,0.0,0.0,67.0,67.0,['Male'],0,0,3,1,4,Dry,Straight,Level,Lowest,No
32970,48,Texas,482042,0,1,1,0,2,NOT APPLICABLE,July,8,Saturday,23,48,Rural,Medium Speed (Collector),No,31.55499167,-99.48097222,Non-Intersection,Dark - Not Lighted,Clear,Unknown,Unknown,Unknown EMS Scene Arrival Hour,Unknown EMS Scene Arrival Minutes,Unknown,Unknown EMS Hospital Arrival Time,1,Dark - Unlighted,Clear,1,1,['Driver'],['None_Used'],0,0,Valid,0.0,0.0,37.0,37.0,['Male'],0,0,5,1,3,Dry,Straight,Level,Lowest,No
32971,48,Texas,482043,1,1,1,0,1,EDINBURG,July,10,Monday,8,36,Urban,High Speed (Arterial),Yes,26.30130556,-98.16365,Simple Junction,Daylight,Clear,Unknown,Unknown,Unknown EMS Scene Arrival Hour,Unknown EMS Scene Arrival Minutes,Unknown,Unknown EMS Hospital Arrival Time,1,Daylight,Clear,0,1,[],[],0,0,Valid,0.0,1.0,47.0,47.0,['Male'],0,0,4,2,4,Dry,Straight,Level,Lowest,No
32972,48,Texas,482044,0,1,1,0,1,NOT APPLICABLE,July,10,Monday,16,57,Urban,Medium Speed (Collector),No,30.13431389,-97.85335556,Non-Intersection,Daylight,Clear,Unknown,Unknown,Unknown EMS Scene Arrival Hour,Unknown EMS Scene Arrival Minutes,Not Applicable (Not Transported),Not Applicable (Not Transported),1,Daylight,Clear,1,0,['Driver'],['Shoulder_Lapbelt'],0,0,Valid,0.0,0.0,73.0,73.0,['Male'],0,0,3,1,3,Dry,Straight,Grade/Hillcrest,Medium,No
32973,48,Texas,482045,0,3,3,0,10,LAREDO,July,24,Monday,19,18,Urban,High Speed (Arterial),No,27.46905278,-99.44838611,Non-Intersection,Daylight,Rain,Unknown,Unknown,Unknown EMS Scene Arrival Hour,Unknown EMS Scene Arrival Minutes,Unknown,Unknown EMS Hospital Arrival Time,3,Daylight,Rain/Wind/Minor,3,7,"['Front_Passenger', 'Rear_Seat', 'Rear_Seat']","['Shoulder_Lapbelt', 'None_Used', 'Shoulder_Lapbelt']",0,0,Valid,0.0,0.0,33.0,24.0,"['Female', 'Male', 'Female']",4,0,3,1,5,Wet/Standing Water,Straight,Level,Lowest,No
32974,48,Texas,482046,1,1,1,0,4,NOT APPLICABLE,July,5,Wednesday,23,38,Urban,High Speed (Arterial),Yes,30.15493333,-95.21573611,Non-Intersection,Dark - Not Lighted,Clear,Unknown,Unknown if Notified,Unknown EMS Scene Arrival Hour,Unknown if Arrived,Not Applicable (Not Transported),Not Applicable (Not Transported),1,Dark - Unlighted,Clear,0,4,[],[],0,0,Valid,0.0,0.0,54.0,54.0,['Male'],0,0,2,2,4,Dry,Straight,Grade/Hillcrest,Lowest,No
32975,48,Texas,482047,0,1,1,0,2,HOUSTON,July,10,Monday,2,17,Urban,High Speed (Arterial),Yes,29.94029722,-95.41255833,Non-Intersection,Dark - Lighted,Clear,Unknown,Unknown,Unknown EMS Scene Arrival Hour,Unknown EMS Scene Arrival Minutes,Unknown,Unknown EMS Hospital Arrival Time,1,Dark - Lighted,Clear,1,1,['Driver'],['None_Used'],0,0,Invalid,0.0,0.0,16.0,16.0,['Male'],2,0,3,4,3,Dry,Curve,Grade/Hillcrest,Lowest,No
32976,48,Texas,482048,1,3,3,0,3,EL PASO,July,14,Friday,0,5,Urban,High Speed (Arterial),Yes,31.765275,-106.50743889,Non-Intersection,Dark - Lighted,Rain,Unknown,Unknown if Notified,Unknown EMS Scene Arrival Hour,Unknown if Arrived,Not Applicable (Not Transported),Not Applicable (Not Transported),1,Dark - Lighted,Rain/Wind/Minor,0,3,[],[],0,0,Valid,0.0,1.0,43.0,41.0,"['Male', 'Male']",0,0,4,4,5,Wet/Standing Water,Curve,Level,Lowest,No
32977,48,Texas,482049,0,3,3,0,7,NOT APPLICABLE,June,18,Sunday,22,36,Urban,Medium Speed (Collector),No,29.72040556,-95.75144167,Complex/Circle,Dark - Lighted,Clear,Unknown,Unknown,Unknown EMS Scene Arrival Hour,Unknown EMS Scene Arrival Minutes,Unknown,Unknown EMS Hospital Arrival Time,1,Dark - Lighted,Clear,1,6,['Rear_Seat'],['Shoulder_Lapbelt'],0,0,Valid,0.0,0.0,36.0,23.0,"['Male', 'Male', 'Male']",0,0,3,1,5,Dry,Straight,Level,Lowest,No
32978,48,Texas,482050,1,1,1,0,1,NOT APPLICABLE,July,24,Monday,4,50,Rural,High Speed (Arterial),Yes,31.02683611,-97.31455556,Non-Intersection,Dark - Not Lighted,Clear,Unknown,Unknown if Notified,Unknown EMS Scene Arrival Hour,Unknown if Arrived,Not Applicable (Not Transported),Not Applicable (Not Transported),1,Dark - Unlighted,Clear,0,1,[],[],0,0,Valid,1.0,0.0,60.0,60.0,['Female'],0,0,3,2,4,Dry,Straight,Level,Lowest,No
32979,48,Texas,482051,1,1,1,0,1,GALVESTON,July,23,Sunday,0,10,Urban,High Speed (Arterial),Yes,29.30018611,-94.79200278,Complex/Circle,Dark - Lighted,Rain,Unknown,Unknown,Unknown EMS Scene Arrival Hour,Unknown EMS Scene Arrival Minutes,Unknown,Unknown EMS Hospital Arrival Time,1,Dark - Lighted,Rain/Wind/Minor,0,1,[],[],0,0,Valid,2.0,2.0,26.0,26.0,['Male'],0,0,2,2,4,Wet/Standing Water,Straight,Level,Lowest,No
32980,48,Texas,482052,1,1,1,0,1,NOT APPLICABLE,June,22,Thursday,0,14,Urban,High Speed (Arterial),Yes,31.90403889,-102.25311667,Non-Intersection,Dark - Not Lighted,Clear,Unknown,Unknown if Notified,Unknown EMS Scene Arrival Hour,Unknown if Arrived,Not Applicable (Not Transported),Not Applicable (Not Transported),1,Dark - Unlighted,Clear,0,1,[],[],0,0,Valid,0.0,0.0,41.0,41.0,['Male'],0,0,3,2,4,Dry,Straight,Level,Lowest,No
32981,48,Texas,482054,1,1,1,0,1,BEAUMONT,July,16,Sunday,21,49,Urban,Medium Speed (Collector),No,30.06830278,-94.13274444,Non-Intersection,Dark - Lighted,Clear,Unknown,Unknown if Notified,Unknown EMS Scene Arrival Hour,Unknown if Arrived,Not Applicable (Not Transported),Not Applicable (Not Transported),1,Dark - Lighted,Clear,0,1,[],[],1,1,Invalid,0.0,0.0,33.0,33.0,['Male'],1,0,3,1,4,Dry,Straight,Level,Lowest,No
32982,48,Texas,482055,0,2,2,0,4,DALLAS,July,3,Monday,0,52,Urban,High Speed (Arterial),Yes,32.88236944,-96.89793056,Non-Intersection,Dark - Lighted,Clear,Unknown,Unknown,Unknown EMS Scene Arrival Hour,Unknown EMS Scene Arrival Minutes,Unknown,Unknown EMS Hospital Arrival Time,1,Dark - Lighted,Clear,1,3,['Driver'],['None_Used'],1,1,Valid,1.0,3.0,51.0,22.0,"['Male', 'Male']",0,0,4,1,5,Dry,Straight,Level,Lowest,No
32983,48,Texas,482056,0,1,1,0,2,NOT APPLICABLE,July,17,Monday,4,20,Rural,Medium Speed (Collector),No,29.89445,-96.14990833,Non-Intersection,Dark - Not Lighted,Clear,Unknown,Unknown,Unknown EMS Scene Arrival Hour,Unknown EMS Scene Arrival Minutes,Unknown,Unknown EMS Hospital Arrival Time,1,Dark - Unlighted,Clear,1,1,['Rear_Seat'],['None_Used'],0,0,Valid,0.0,0.0,35.0,35.0,['Female'],0,0,2,1,3,Dry,Straight,Level,Lowest,No
32984,48,Texas,482057,0,1,1,0,4,NOT APPLICABLE,July,23,Sunday,14,33,Rural,Low Speed (Local),No,29.718425,-97.73305,Non-Intersection,Daylight,Rain,Unknown,Unknown,Unknown EMS Scene Arrival Hour,Unknown EMS Scene Arrival Minutes,Unknown,Unknown EMS Hospital Arrival Time,1,Daylight,Rain/Wind/Minor,1,3,['Front_Passenger'],['None_Used'],0,0,Valid,0.0,0.0,18.0,18.0,['Male'],4,0,3,1,3,Wet/Standing Water,Straight,Level,Lowest,No
32985,48,Texas,482058,0,1,1,0,1,OAKWOOD,July,3,Monday,16,57,Rural,High Speed (Arterial),Yes,31.58611389,-95.84674167,Non-Intersection,Daylight,Clear,Unknown,Unknown,Unknown EMS Scene Arrival Hour,Unknown EMS Scene Arrival Minutes,Unknown,Unknown EMS Hospital Arrival Time,1,Daylight,Clear,1,0,['Driver'],['None_Used'],1,1,Invalid,0.0,0.0,56.0,56.0,['Male'],0,0,5,2,3,Dry,Straight,Level,Lowest,No
32986,48,Texas,482059,0,2,2,0,3,FORNEY,July,14,Friday,9,58,Urban,Medium Speed (Collector),No,32.78174722,-96.47675833,Simple Junction,Daylight,Clear,Unknown,Unknown,Unknown EMS Scene Arrival Hour,Unknown EMS Scene Arrival Minutes,Unknown,Unknown EMS Hospital Arrival Time,2,Daylight,Clear,2,1,"['Driver', 'Front_Passenger']","['None_Used', 'Shoulder_Lapbelt']",0,0,Valid,0.0,2.0,86.0,21.0,"['Male', 'Male']",0,0,2,1,5,Dry,Curve,Level,Lowest,No
32987,48,Texas,482060,1,1,1,0,1,HOUSTON,July,24,Monday,13,0,Urban,Medium Speed (Collector),No,29.68136389,-95.33909722,Non-Intersection,Daylight,Clear,Unknown,Unknown,Unknown EMS Scene Arrival Hour,Unknown EMS Scene Arrival Minutes,Unknown,Unknown EMS Hospital Arrival Time,1,Daylight,Clear,0,1,[],[],0,0,Valid,0.0,0.0,38.0,38.0,['Male'],0,0,5,2,4,Dry,Curve,Level,Lowest,No
32988,48,Texas,482061,1,2,2,0,3,FORT WORTH,July,25,Tuesday,21,58,Urban,High Speed (Arterial),Yes,32.66737222,-97.29692222,Non-Intersection,Dark - Lighted,Clear,Unknown,Unknown if Notified,Unknown EMS Scene Arrival Hour,Unknown if Arrived,Not Applicable (Not Transported),Not Applicable (Not Transported),1,Dark - Lighted,Clear,0,3,[],[],0,0,Invalid,0.0,0.0,39.0,39.0,['Female'],0,0,3,1,5,Dry,Straight,Level,Lowest,No
32989,48,Texas,482062,0,1,1,0,2,NOT APPLICABLE,July,17,Monday,0,52,Urban,High Speed (Arterial),Yes,31.12208611,-97.82391111,Non-Intersection,Dark - Not Lighted,Clear,Unknown,Unknown if Notified,Unknown EMS Scene Arrival Hour,Unknown if Arrived,Not Applicable (Not Transported),Not Applicable (Not Transported),2,Dark - Unlighted,Clear,2,0,"['Driver', 'Front_Passenger']","['None_Used', 'None_Used']",0,0,Valid,0.0,0.0,18.0,18.0,['Male'],0,0,3,1,3,Dry,Straight,Grade/Hillcrest,Lowest,No
32990,48,Texas,482063,0,1,1,0,1,FORT WORTH,July,26,Wednesday,10,25,Urban,Medium Speed (Collector),No,32.91336944,-97.30445,Non-Intersection,Daylight,Clear,Unknown,Unknown,Unknown EMS Scene Arrival Hour,Unknown EMS Scene Arrival Minutes,Unknown,Unknown EMS Hospital Arrival Time,1,Daylight,Clear,1,0,['Driver'],['None_Used'],0,0,Valid,1.0,0.0,87.0,87.0,['Male'],0,0,2,4,3,Dry,Curve,Grade/Hillcrest,Medium,No
32991,48,Texas,482064,1,1,1,0,2,NOT APPLICABLE,July,2,Sunday,4,27,Urban,Medium Speed (Collector),No,26.26058889,-98.11012778,Complex/Circle,Dark - Lighted,Clear,Unknown,Unknown if Notified,Unknown EMS Scene Arrival Hour,Unknown if Arrived,Not Applicable (Not Transported),Not Applicable (Not Transported),1,Dark - Lighted,Clear,0,2,[],[],1,1,Valid,0.0,0.0,40.0,40.0,['Male'],0,0,3,2,4,Dry,Straight,Level,Lowest,No
32992,48,Texas,482065,1,1,1,0,1,NOT APPLICABLE,July,7,Friday,4,29,Rural,High Speed (Arterial),Yes,29.77368056,-96.0783,Non-Intersection,Dark - Not Lighted,Clear,Unknown,Unknown if Notified,Unknown EMS Scene Arrival Hour,Unknown if Arrived,Not Applicable (Not Transported),Not Applicable (Not Transported),1,Dark - Unlighted,Clear,0,1,[],[],0,0,Valid,0.0,0.0,45.0,45.0,['Male'],0,0,4,0,4,Dry,Straight,Level,Lowest,No
32993,48,Texas,482066,0,1,1,0,1,NOT APPLICABLE,July,24,Monday,22,3,Rural,Medium Speed (Collector),No,30.05556111,-96.46654444,Non-Intersection,Dark - Not Lighted,Cloudy,Unknown,Unknown if Notified,Unknown EMS Scene Arrival Hour,Unknown if Arrived,Not Applicable (Not Transported),Not Applicable (Not Transported),1,Dark - Unlighted,Reduced Visibility,1,0,['Driver'],['Shoulder_Lapbelt'],0,0,Valid,0.0,0.0,46.0,46.0,['Male'],0,0,2,1,3,Dry,Straight,Grade/Hillcrest,Lowest,No
32994,48,Texas,482067,0,1,1,0,1,TYLER,July,27,Thursday,19,20,Urban,Low Speed (Local),No,32.37221389,-95.321775,Non-Intersection,Daylight,Cloudy,Unknown,Unknown,Unknown EMS Scene Arrival Hour,Unknown EMS Scene Arrival Minutes,Unknown,Unknown EMS Hospital Arrival Time,1,Daylight,Reduced Visibility,1,0,['Driver'],['None_Used'],0,0,Invalid,0.0,1.0,32.0,32.0,['Male'],1,0,5,1,3,Dry,Straight,Grade/Hillcrest,Lowest,Yes
32995,48,Texas,482068,1,1,1,0,1,ROYSE CITY,July,7,Friday,2,33,Urban,High Speed (Arterial),Yes,32.96884722,-96.3325,Non-Intersection,Dark - Not Lighted,Clear,Unknown,Unknown,Unknown EMS Scene Arrival Hour,Unknown EMS Scene Arrival Minutes,Not Applicable (Not Transported),Not Applicable (Not Transported),1,Dark - Unlighted,Clear,0,1,[],[],0,0,Invalid,0.0,0.0,52.0,52.0,['Male'],0,0,4,1,4,Dry,Straight,Level,Lowest,No
32996,48,Texas,482069,0,2,2,0,3,NOT APPLICABLE,July,22,Saturday,21,11,Urban,Medium Speed (Collector),No,29.70961667,-98.48409722,Complex/Circle,Dark - Lighted,Cloudy,Unknown,Unknown,Unknown EMS Scene Arrival Hour,Unknown EMS Scene Arrival Minutes,Unknown,Unknown EMS Hospital Arrival Time,1,Dark - Lighted,Reduced Visibility,1,2,['Driver'],['None_Used'],1,1,Valid,0.0,2.0,19.0,16.0,"['Male', 'Male']",2,0,5,1,5,Dry,Straight,Level,Lowest,No
32997,48,Texas,482070,0,1,1,0,7,VON ORMY,July,22,Saturday,22,23,Urban,High Speed (Arterial),Yes,29.28554722,-98.65200556,Non-Intersection,Dark - Not Lighted,Cloudy,Unknown,Unknown,Unknown EMS Scene Arrival Hour,Unknown EMS Scene Arrival Minutes,Unknown,Unknown EMS Hospital Arrival Time,1,Dark - Unlighted,Reduced Visibility,1,6,['Rear_Seat'],['Shoulder_Lapbelt'],0,0,Invalid,0.0,0.0,15.0,15.0,['Female'],0,0,3,4,3,Dry,Straight,Grade/Hillcrest,Medium,No
32998,48,Texas,482071,1,1,1,0,1,LUFKIN,July,30,Sunday,6,17,Urban,Medium Speed (Collector),No,31.34573056,-94.73290833,Non-Intersection,Dark - Lighted,Clear,Unknown,Unknown,Unknown EMS Scene Arrival Hour,Unknown EMS Scene Arrival Minutes,Unknown,Unknown EMS Hospital Arrival Time,1,Dark - Lighted,Clear,0,0,[],[],0,0,Invalid,0.0,0.0,999.0,999.0,['Other'],0,0,3,3,4,Dry,Straight,Level,Lowest,No
32999,48,Texas,482072,1,1,1,0,6,NOT APPLICABLE,July,19,Wednesday,22,12,Rural,Low Speed (Local),No,29.94895556,-94.95836667,Non-Intersection,Dark - Not Lighted,Clear,Unknown,Unknown,Unknown EMS Scene Arrival Hour,Unknown EMS Scene Arrival Minutes,Unknown,Unknown EMS Hospital Arrival Time,1,Dark - Unlighted,Clear,0,6,[],[],0,0,Valid,0.0,3.0,35.0,35.0,['Female'],0,0,3,1,4,Dry,Straight,Level,Lowest,No
33000,48,Texas,482073,0,1,1,0,1,NOT APPLICABLE,July,20,Thursday,21,55,Rural,Low Speed (Local),No,30.92563333,-94.82871944,Non-Intersection,Dark - Not Lighted,Clear,Unknown,Unknown if Notified,Unknown EMS Scene Arrival Hour,Unknown if Arrived,Not Applicable (Not Transported),Not Applicable (Not Transported),1,Dark - Unlighted,Clear,1,0,['Driver'],['None_Used'],0,0,Valid,0.0,0.0,50.0,50.0,['Male'],1,0,5,1,3,Dry,Curve,Level,Lowest,No
33001,48,Texas,482074,0,1,1,0,1,NOT APPLICABLE,July,20,Thursday,13,11,Rural,Medium Speed (Collector),No,29.39573056,-100.29857778,Non-Intersection,Daylight,Clear,Unknown,Unknown if Notified,Unknown EMS Scene Arrival Hour,Unknown if Arrived,Not Applicable (Not Transported),Not Applicable (Not Transported),1,Daylight,Clear,1,0,['Driver'],['Shoulder_Lapbelt'],0,0,Valid,0.0,0.0,51.0,51.0,['Male'],1,0,3,1,3,Dry,Curve,Grade/Hillcrest,Lowest,No
33002,48,Texas,482075,1,1,1,0,1,NOT APPLICABLE,July,23,Sunday,3,23,Rural,Medium Speed (Collector),No,30.00010556,-97.516675,Non-Intersection,Dark - Not Lighted,Clear,Unknown,Unknown if Notified,Unknown EMS Scene Arrival Hour,Unknown if Arrived,Not Applicable (Not Transported),Not Applicable (Not Transported),1,Dark - Unlighted,Clear,0,0,[],[],0,0,Invalid,0.0,0.0,999.0,999.0,['Other'],0,0,1,1,4,Dry,Straight,Level,Lowest,No
33003,48,Texas,482076,0,1,1,0,1,SAN ANTONIO,July,22,Saturday,1,24,Urban,Medium Speed (Collector),No,29.34798611,-98.29713333,Non-Intersection,Dark - Not Lighted,Clear,Unknown,Unknown if Notified,Unknown EMS Scene Arrival Hour,Unknown if Arrived,Not Applicable (Not Transported),Not Applicable (Not Transported),1,Dark - Unlighted,Clear,1,0,['Driver'],['None_Used'],1,1,Valid,1.0,0.0,23.0,23.0,['Male'],0,0,3,1,3,Dry,Curve,Level,Lowest,No
33004,48,Texas,482077,0,2,2,0,3,FORT WORTH,June,24,Saturday,1,11,Urban,Medium Speed (Collector),No,32.70586667,-97.32092778,Complex/Circle,Dark - Lighted,Clear,Unknown,Unknown,Unknown EMS Scene Arrival Hour,Unknown EMS Scene Arrival Minutes,Unknown,Unknown EMS Hospital Arrival Time,1,Dark - Lighted,Clear,1,2,['Driver'],['Shoulder_Lapbelt'],0,0,Invalid,0.0,0.0,35.0,19.0,"['Male', 'Female']",0,0,3,4,5,Dry,Straight,Level,Lowest,No
33005,48,Texas,482078,0,1,1,0,1,ENNIS,July,21,Friday,19,23,Urban,Medium Speed (Collector),No,32.30575,-96.62683889,Non-Intersection,Daylight,Clear,Unknown,Unknown,Unknown EMS Scene Arrival Hour,Unknown EMS Scene Arrival Minutes,Unknown,Unknown EMS Hospital Arrival Time,1,Daylight,Clear,1,0,['Driver'],['None_Used'],0,0,Valid,0.0,0.0,35.0,35.0,['Male'],1,0,5,1,2,Dry,Curve,Level,Lowest,No
33006,48,Texas,482079,1,1,1,0,1,DAYTON,July,13,Thursday,21,45,Rural,High Speed (Arterial),Yes,29.96048333,-94.906475,Non-Intersection,Dark - Unknown Lighting,Clear,Unknown,Unknown if Notified,Unknown EMS Scene Arrival Hour,Unknown if Arrived,Not Applicable (Not Transported),Not Applicable (Not Transported),1,Dark - Unlighted,Clear,0,1,[],[],1,1,Invalid,1.0,2.0,37.0,37.0,['Female'],0,0,3,0,4,Dry,Straight,Grade/Hillcrest,Lowest,No
33007,48,Texas,482080,1,1,1,0,1,SAN ANTONIO,July,29,Saturday,21,37,Urban,Medium Speed (Collector),No,29.53180556,-98.38073611,Non-Intersection,Dark - Lighted,Clear,Unknown,Unknown,Unknown EMS Scene Arrival Hour,Unknown EMS Scene Arrival Minutes,Not Applicable (Not Transported),Not Applicable (Not Transported),1,Dark - Lighted,Clear,0,0,[],[],0,0,Invalid,0.0,0.0,999.0,999.0,['Other'],0,0,1,0,4,Dry,Straight,Level,Lowest,No