,State_Code,State_Name,Crash_ID,Count_Non_Motorists,Count_Vehicles_Total,Count_Vehicle_Forms,Count_PVH_Involved,Count_Occupants_MV,City_Name,Month_Name,Day_of_Month,Day_of_Week,Crash_Hour,Crash_Minute,Area_Rural_Urban,Road_Functional_Class,On_NHS_Road,Latitude,Longitude,Intersection_Type,Light_Condition,Weather_Condition,Notif_Hour,Notif_Minute,Arrival_Hour,Arrival_Minute,Hospital_Hour,Hospital_Minute,Fatalities_Count,Clean_Light_Condition,Clean_Weather_Condition,Total_Killed,Total_Alive,Fatal_Seats_List,Killed_Restraint_List,Any_Driver_Drinking,Total_Drinking_Drivers,Driver_License_Category,Driver_Max_Prev_Accident_Count,Driver_Max_Prev_Speeding_Count,Max_Driver_Age,Min_Driver_Age,Driver_Sex_List,Total_Exceeding_Limit_Vehicles,Total_Too_Fast_Vehicles,Max_Vehicle_Type_Severity_5,Max_Vehicle_Damage_Rank,Max_Harmful_Event_Severity,Crash_Road_Surface_Condition,Crash_Horizontal_Alignment,Crash_Vertical_Profile,Crash_Impairment_Category,Crash_Vehicle_Defect
33008,48,Texas,482081,0,2,2,0,3,EL PASO,July,30,Sunday,5,22,Urban,Medium Speed (Collector),No,31.92228056,-106.43945278,Complex/Circle,Dark - Lighted,Clear,Unknown,Unknown,Unknown EMS Scene Arrival Hour,Unknown EMS Scene Arrival Minutes,Unknown,Unknown EMS Hospital Arrival Time,1,Dark - Lighted,Clear,1,2,['Driver'],['Shoulder_Lapbelt'],1,1,Valid,0.0,0.0,51.0,34.0,"['Male', 'Male']",2,0,4,1,5,Dry,Curve,Level,Lowest,No
33009,48,Texas,482084,0,2,2,0,7,SEGUIN,July,12,Wednesday,21,28,Urban,Medium Speed (Collector),No,29.56564167,-97.94923333,Non-Intersection,Dark - Lighted,Clear,Unknown,Unknown if Notified,Unknown EMS Scene Arrival Hour,Unknown if Arrived,Not Applicable (Not Transported),Not Applicable (Not Transported),2,Dark - Lighted,Clear,2,5,"['Driver', 'Front_Passenger']","['Shoulder_Lapbelt', 'Shoulder_Lapbelt']",0,0,Valid,0.0,0.0,20.0,19.0,"['Male', 'Female']",2,0,3,2,5,Dry,Curve,Level,Lowest,No
33010,48,Texas,482085,0,2,2,0,2,NOT APPLICABLE,June,18,Sunday,22,56,Rural,High Speed (Arterial),Yes,31.36295556,-100.43364444,Simple Junction,Dark - Not Lighted,Clear,Unknown,Unknown,Unknown EMS Scene Arrival Hour,Unknown EMS Scene Arrival Minutes,Unknown,Unknown EMS Hospital Arrival Time,1,Dark - Unlighted,Clear,1,1,['Driver'],['Shoulder_Lapbelt'],0,0,Valid,0.0,1.0,66.0,52.0,"['Male', 'Female']",0,0,4,1,5,Dry,Straight,Level,Lowest,No
33011,48,Texas,482086,1,1,1,0,1,THE COLONY,July,25,Tuesday,13,32,Urban,High Speed (Arterial),Yes,33.06885278,-96.890875,Simple Junction,Daylight,Clear,Unknown,Unknown,Unknown EMS Scene Arrival Hour,Unknown EMS Scene Arrival Minutes,Unknown,Unknown EMS Hospital Arrival Time,1,Daylight,Clear,0,1,[],[],0,0,Valid,0.0,0.0,45.0,45.0,['Female'],0,0,3,2,4,Dry,Straight,Level,Lowest,No
33012,48,Texas,482087,0,2,2,0,2,GLADEWATER,July,3,Monday,22,55,Urban,High Speed (Arterial),Yes,32.53041111,-94.90991667,Complex/Circle,Dark - Lighted,Clear,Unknown,Unknown,Unknown EMS Scene Arrival Hour,Unknown EMS Scene Arrival Minutes,Unknown,Unknown EMS Hospital Arrival Time,1,Dark - Lighted,Clear,1,1,['Driver'],['None_Used'],0,0,Valid,0.0,0.0,63.0,51.0,"['Male', 'Male']",0,0,5,1,5,Dry,Straight,Level,Lowest,No
33013,48,Texas,482088,0,2,2,0,4,NOT APPLICABLE,July,29,Saturday,3,45,Urban,Medium Speed (Collector),Yes,30.11101667,-93.82086944,Non-Intersection,Dark - Not Lighted,Clear,Unknown,Unknown,Unknown EMS Scene Arrival Hour,Unknown EMS Scene Arrival Minutes,Unknown,Unknown EMS Hospital Arrival Time,1,Dark - Unlighted,Clear,1,3,['Driver'],['Shoulder_Lapbelt'],1,1,Invalid,0.0,0.0,58.0,30.0,"['Male', 'Male']",2,0,4,2,5,Dry,Straight,Non-Trafficway,Lowest,No
33014,48,Texas,482089,0,2,2,0,3,DENTON,July,26,Wednesday,2,17,Urban,High Speed (Arterial),Yes,33.20968056,-97.16374722,Non-Intersection,Dark - Lighted,Clear,Unknown,Unknown,Unknown EMS Scene Arrival Hour,Unknown EMS Scene Arrival Minutes,Unknown,Unknown EMS Hospital Arrival Time,1,Dark - Lighted,Clear,1,2,['Driver'],['Shoulder_Lapbelt'],0,0,Valid,2.0,0.0,75.0,60.0,"['Male', 'Male']",0,0,4,4,5,Oil/Contaminated,Curve,Level,Lowest,No
33015,48,Texas,482090,0,3,3,0,3,PFLUGERVILLE,July,15,Saturday,20,1,Urban,Medium Speed (Collector),No,30.46710278,-97.62989167,Complex/Circle,Daylight,Clear,Unknown,Unknown,Unknown EMS Scene Arrival Hour,Unknown EMS Scene Arrival Minutes,Unknown,Unknown EMS Hospital Arrival Time,1,Daylight,Clear,1,2,['Driver'],['None_Used'],0,0,Valid,3.0,0.0,42.0,23.0,"['Male', 'Male', 'Male']",1,0,4,2,5,Dry,Straight,Level,Lowest,No
33016,48,Texas,482091,1,1,1,0,2,NOT APPLICABLE,July,29,Saturday,5,50,Rural,High Speed (Arterial),Yes,32.55599167,-95.79681667,Non-Intersection,Dark - Not Lighted,Clear,Unknown,Unknown if Notified,Unknown EMS Scene Arrival Hour,Unknown if Arrived,Not Applicable (Not Transported),Not Applicable (Not Transported),1,Dark - Unlighted,Clear,0,2,[],[],0,0,Valid,0.0,0.0,35.0,35.0,['Female'],0,0,3,2,4,Dry,Straight,Grade/Hillcrest,Lowest,No
33017,48,Texas,482092,0,2,2,0,7,NEW BRAUNFELS,July,9,Sunday,14,40,Urban,High Speed (Arterial),Yes,29.72531111,-98.18568333,Simple Junction,Daylight,Clear,Unknown,Unknown,Unknown EMS Scene Arrival Hour,Unknown EMS Scene Arrival Minutes,Unknown,Unknown EMS Hospital Arrival Time,1,Daylight,Clear,1,6,['Front_Passenger'],['None_Used'],1,1,Invalid,0.0,0.0,39.0,16.0,"['Male', 'Male']",0,0,3,1,5,Dry,Straight,Grade/Hillcrest,Lowest,No
33018,48,Texas,482093,0,1,1,0,1,NOT APPLICABLE,July,30,Sunday,4,15,Rural,High Speed (Arterial),No,32.50401944,-95.0115,Non-Intersection,Dark - Not Lighted,Clear,Unknown,Unknown if Notified,Unknown EMS Scene Arrival Hour,Unknown if Arrived,Not Applicable (Not Transported),Not Applicable (Not Transported),1,Dark - Unlighted,Clear,1,0,['Driver'],['None_Used'],1,1,Valid,0.0,0.0,30.0,30.0,['Male'],0,0,2,1,3,Dry,Straight,Level,Lowest,No
33019,48,Texas,482094,1,4,3,1,3,DALLAS,July,18,Tuesday,10,25,Urban,High Speed (Arterial),Yes,32.79632778,-96.81545833,Non-Intersection,Daylight,Clear,Unknown,Unknown,Unknown EMS Scene Arrival Hour,Unknown EMS Scene Arrival Minutes,Unknown,Unknown EMS Hospital Arrival Time,1,Daylight,Clear,1,1,['Driver'],['Shoulder_Lapbelt'],0,0,Valid,1.0,0.0,999.0,42.0,"['Male', 'Other', 'Male']",0,0,4,4,5,Dry,Curve,Level,Lowest,No
33020,48,Texas,482095,1,1,1,0,1,PORT ARTHUR,July,29,Saturday,20,33,Urban,High Speed (Arterial),Yes,29.95046111,-93.98994722,Non-Intersection,Dark - Lighted,Clear,Unknown,Unknown if Notified,Unknown EMS Scene Arrival Hour,Unknown if Arrived,Not Applicable (Not Transported),Not Applicable (Not Transported),1,Dark - Lighted,Clear,0,1,[],[],0,0,Invalid,0.0,0.0,41.0,41.0,['Male'],0,0,3,2,4,Dry,Straight,Level,Lowest,No
33021,48,Texas,482096,0,1,1,0,1,SAN ANTONIO,July,27,Thursday,1,51,Urban,High Speed (Arterial),Yes,29.32117778,-98.49499722,Non-Intersection,Dark - Lighted,Clear,Unknown,Unknown,Unknown EMS Scene Arrival Hour,Unknown EMS Scene Arrival Minutes,Not Applicable (Not Transported),Not Applicable (Not Transported),1,Dark - Lighted,Clear,1,0,['Driver'],['None_Used'],1,1,Valid,0.0,1.0,38.0,38.0,['Male'],0,0,3,1,3,Dry,Straight,Level,Lowest,No
33022,48,Texas,482097,0,2,2,0,3,HOUSTON,July,5,Wednesday,1,26,Urban,High Speed (Arterial),Yes,29.77741111,-95.42333889,Non-Intersection,Dark - Lighted,Clear,Unknown,Unknown,Unknown EMS Scene Arrival Hour,Unknown EMS Scene Arrival Minutes,Not Applicable (Not Transported),Not Applicable (Not Transported),1,Dark - Lighted,Clear,1,2,['Driver'],['None_Used'],1,1,Valid,0.0,0.0,37.0,30.0,"['Male', 'Male']",1,0,5,1,5,Dry,Straight,Level,Lowest,No
33023,48,Texas,482098,0,1,1,0,2,MIDLOTHIAN,July,23,Sunday,3,44,Urban,High Speed (Arterial),Yes,32.46682778,-97.02801944,Non-Intersection,Dark - Not Lighted,Clear,Unknown,Unknown,Unknown EMS Scene Arrival Hour,Unknown EMS Scene Arrival Minutes,Unknown,Unknown EMS Hospital Arrival Time,1,Dark - Unlighted,Clear,1,1,['Front_Passenger'],['None_Used'],0,0,Invalid,0.0,0.0,21.0,21.0,['Male'],0,0,3,1,3,Dry,Straight,Level,Lowest,No
33024,48,Texas,482099,0,1,1,0,1,ODESSA,August,1,Tuesday,0,49,Urban,Medium Speed (Collector),No,31.82890833,-102.38526111,Simple Junction,Dark - Lighted,Clear,Unknown,Unknown if Notified,Unknown EMS Scene Arrival Hour,Unknown if Arrived,Not Applicable (Not Transported),Not Applicable (Not Transported),1,Dark - Lighted,Clear,1,0,['Driver'],['None_Used'],1,1,Valid,0.0,1.0,34.0,34.0,['Female'],1,0,2,1,3,Dry,Straight,Level,Lowest,No
33025,48,Texas,482100,1,1,1,0,1,WEST ORANGE,July,27,Thursday,21,7,Urban,Medium Speed (Collector),No,30.08401389,-93.74642778,Non-Intersection,Dark - Not Lighted,Clear,Unknown,Unknown if Notified,Unknown EMS Scene Arrival Hour,Unknown if Arrived,Not Applicable (Not Transported),Not Applicable (Not Transported),1,Dark - Unlighted,Clear,0,1,[],[],0,0,Valid,0.0,1.0,31.0,31.0,['Male'],0,0,3,1,4,Dry,Straight,Level,Lowest,No
33026,48,Texas,482101,1,1,1,0,1,ARLINGTON,July,24,Monday,0,40,Urban,High Speed (Arterial),Yes,32.67491389,-97.13825833,Non-Intersection,Dark - Not Lighted,Clear,Unknown,Unknown if Notified,Unknown EMS Scene Arrival Hour,Unknown if Arrived,Not Applicable (Not Transported),Not Applicable (Not Transported),1,Dark - Unlighted,Clear,0,1,[],[],0,0,Invalid,0.0,0.0,51.0,51.0,['Male'],0,0,3,1,4,Dry,Straight,Level,Lowest,No
33027,48,Texas,482102,0,2,2,0,5,EDINBURG,July,24,Monday,21,14,Urban,Medium Speed (Collector),No,26.28516111,-98.18978333,Non-Intersection,Dark - Lighted,Clear,Unknown,Unknown,Unknown EMS Scene Arrival Hour,Unknown EMS Scene Arrival Minutes,Unknown,Unknown EMS Hospital Arrival Time,4,Dark - Lighted,Clear,4,1,"['Driver', 'Front_Passenger', 'Rear_Seat', 'Non_Standard_Risk']","['Shoulder_Lapbelt', 'Shoulder_Lapbelt', 'Child_Safety', 'None_Used']",1,1,Invalid,0.0,2.0,50.0,46.0,"['Female', 'Male']",0,0,3,1,5,Dry,Straight,Level,Lowest,No
33028,48,Texas,482103,0,2,2,0,3,KELLER,July,22,Saturday,0,57,Urban,High Speed (Arterial),Yes,32.95572778,-97.25445556,Non-Intersection,Dark - Not Lighted,Clear,Unknown,Unknown,Unknown EMS Scene Arrival Hour,Unknown EMS Scene Arrival Minutes,Unknown,Unknown EMS Hospital Arrival Time,2,Dark - Unlighted,Clear,2,1,"['Driver', 'Front_Passenger']","['Shoulder_Lapbelt', 'Shoulder_Lapbelt']",1,1,Valid,2.0,0.0,59.0,44.0,"['Male', 'Male']",2,0,4,4,5,Dry,Curve,Level,Lowest,No
33029,48,Texas,482104,1,1,1,0,1,AZLE,July,25,Tuesday,4,7,Urban,High Speed (Arterial),Yes,32.90621389,-97.56769444,Non-Intersection,Dark - Not Lighted,Clear,Unknown,Unknown if Notified,Unknown EMS Scene Arrival Hour,Unknown if Arrived,Not Applicable (Not Transported),Not Applicable (Not Transported),1,Dark - Unlighted,Clear,0,1,[],[],0,0,Valid,1.0,0.0,55.0,55.0,['Male'],0,0,3,2,4,Dry,Straight,Level,Lowest,No
33030,48,Texas,482105,0,2,2,0,2,NOT APPLICABLE,July,30,Sunday,6,5,Urban,Medium Speed (Collector),No,31.69120278,-106.26094167,Complex/Circle,Dark - Lighted,Clear,Unknown,Unknown,Unknown EMS Scene Arrival Hour,Unknown EMS Scene Arrival Minutes,Unknown,Unknown EMS Hospital Arrival Time,1,Dark - Lighted,Clear,1,1,['Driver'],['None_Used'],1,1,Invalid,0.0,0.0,29.0,28.0,"['Male', 'Female']",1,0,3,4,5,Dry,Straight,Grade/Hillcrest,Lowest,No
33031,48,Texas,482106,0,1,1,0,1,NOT APPLICABLE,July,31,Monday,0,58,Urban,Medium Speed (Collector),No,32.97428333,-97.54372222,Non-Intersection,Dark - Not Lighted,Clear,Unknown,Unknown if Notified,Unknown EMS Scene Arrival Hour,Unknown if Arrived,Not Applicable (Not Transported),Not Applicable (Not Transported),1,Dark - Unlighted,Clear,1,0,['Driver'],['None_Used'],1,1,Valid,0.0,0.0,45.0,45.0,['Male'],0,0,3,4,3,Dry,Straight,Level,Lowest,No
33032,48,Texas,482107,1,1,1,0,1,Other,July,13,Thursday,5,45,Rural,Medium Speed (Collector),No,31.12335833,-97.11211667,Non-Intersection,Dark - Not Lighted,Cloudy,Unknown,Unknown if Notified,Unknown EMS Scene Arrival Hour,Unknown if Arrived,Not Applicable (Not Transported),Not Applicable (Not Transported),1,Dark - Unlighted,Reduced Visibility,0,1,[],[],0,0,Valid,0.0,0.0,18.0,18.0,['Male'],0,0,2,1,4,Dry,Straight,Level,Lowest,No
33033,48,Texas,482108,0,1,1,0,3,NOT APPLICABLE,July,26,Wednesday,3,50,Rural,Medium Speed (Collector),No,32.42674722,-103.0164,Non-Intersection,Dark - Not Lighted,Clear,Unknown,Unknown,Unknown EMS Scene Arrival Hour,Unknown EMS Scene Arrival Minutes,Unknown,Unknown EMS Hospital Arrival Time,2,Dark - Unlighted,Clear,2,1,"['Front_Passenger', 'Rear_Seat']","['None_Used', 'None_Used']",0,0,Invalid,0.0,0.0,31.0,31.0,['Male'],0,0,4,1,3,Dry,Straight,Level,Medium,No
33034,48,Texas,482109,1,1,1,0,1,EDINBURG,July,7,Friday,22,59,Urban,High Speed (Arterial),Yes,26.30001389,-98.15235278,Non-Intersection,Dark - Not Lighted,Clear,Unknown,Unknown,Unknown EMS Scene Arrival Hour,Unknown EMS Scene Arrival Minutes,Unknown,Unknown EMS Hospital Arrival Time,1,Dark - Unlighted,Clear,0,1,[],[],0,0,Valid,2.0,0.0,21.0,21.0,['Male'],0,0,2,1,4,Dry,Straight,Level,Lowest,No
33035,48,Texas,482110,1,1,1,0,4,DALLAS,July,2,Sunday,0,26,Urban,High Speed (Arterial),Yes,32.69822778,-96.76031389,Complex/Circle,Dark - Lighted,Clear,Unknown,Unknown,Unknown EMS Scene Arrival Hour,Unknown EMS Scene Arrival Minutes,Unknown,Unknown EMS Hospital Arrival Time,1,Dark - Lighted,Clear,0,4,[],[],0,0,Invalid,0.0,0.0,63.0,63.0,['Female'],0,0,3,2,4,Dry,Straight,Level,Lowest,No
33036,48,Texas,482111,1,1,1,0,3,DALLAS,July,2,Sunday,1,59,Urban,High Speed (Arterial),Yes,32.75828611,-96.68274444,Non-Intersection,Dark - Lighted,Clear,Unknown,Unknown,Unknown EMS Scene Arrival Hour,Unknown EMS Scene Arrival Minutes,Not Applicable (Not Transported),Not Applicable (Not Transported),1,Dark - Lighted,Clear,0,3,[],[],1,1,Invalid,0.0,0.0,21.0,21.0,['Female'],3,0,3,1,4,Dry,Straight,Level,Lowest,No
33037,48,Texas,482112,0,1,1,0,1,NOT APPLICABLE,July,29,Saturday,11,25,Rural,Medium Speed (Collector),No,31.74188056,-95.72268889,Non-Intersection,Daylight,Clear,Unknown,Unknown,Unknown EMS Scene Arrival Hour,Unknown EMS Scene Arrival Minutes,Unknown,Unknown EMS Hospital Arrival Time,1,Daylight,Clear,1,0,['Driver'],['None_Used'],0,0,Valid,0.0,0.0,75.0,75.0,['Male'],0,0,5,1,3,Dry,Curve,Grade/Hillcrest,Lowest,No
33038,48,Texas,482113,0,1,1,0,2,NOT APPLICABLE,July,29,Saturday,19,30,Rural,Low Speed (Local),No,33.360425,-95.04946111,Non-Intersection,Daylight,Clear,Unknown,Unknown if Notified,Unknown EMS Scene Arrival Hour,Unknown if Arrived,Not Applicable (Not Transported),Not Applicable (Not Transported),1,Daylight,Clear,1,1,['Driver'],['None_Used'],0,0,Invalid,0.0,0.0,51.0,51.0,['Male'],2,0,5,2,3,Dry,Curve,Level,Lowest,No
33039,48,Texas,482114,0,1,1,0,1,AUSTIN,July,30,Sunday,13,17,Urban,High Speed (Arterial),Yes,30.46813056,-97.79556944,Non-Intersection,Daylight,Clear,Unknown,Unknown if Notified,Unknown EMS Scene Arrival Hour,Unknown if Arrived,Not Applicable (Not Transported),Not Applicable (Not Transported),1,Daylight,Clear,1,0,['Driver'],['None_Used'],0,0,Valid,0.0,0.0,39.0,39.0,['Male'],0,0,5,1,3,Dry,Curve,Level,Lowest,Yes
33040,48,Texas,482115,0,1,1,0,1,EL PASO,July,31,Monday,23,43,Urban,Low Speed (Local),No,31.82607222,-106.41815,Non-Intersection,Dark - Lighted,Clear,Unknown,Unknown,Unknown EMS Scene Arrival Hour,Unknown EMS Scene Arrival Minutes,Unknown,Unknown EMS Hospital Arrival Time,1,Dark - Lighted,Clear,1,0,['Driver'],['None_Used'],0,0,Valid,0.0,0.0,23.0,23.0,['Male'],0,0,5,1,3,Dry,Curve,Level,Lowest,No
33041,48,Texas,482116,1,1,1,0,1,HOUSTON,July,31,Monday,0,52,Urban,High Speed (Arterial),No,29.74095833,-95.45883611,Non-Intersection,Dark - Lighted,Clear,Unknown,Unknown if Notified,Unknown EMS Scene Arrival Hour,Unknown if Arrived,Not Applicable (Not Transported),Not Applicable (Not Transported),1,Dark - Lighted,Clear,0,1,[],[],0,0,Valid,0.0,0.0,30.0,30.0,['Male'],0,0,2,1,4,Dry,Straight,Level,Lowest,No
33042,48,Texas,482117,0,2,2,0,2,NOT APPLICABLE,July,23,Sunday,2,33,Urban,High Speed (Arterial),Yes,32.77334722,-96.49838056,Non-Intersection,Dark - Not Lighted,Clear,Unknown,Unknown,Unknown EMS Scene Arrival Hour,Unknown EMS Scene Arrival Minutes,Unknown,Unknown EMS Hospital Arrival Time,1,Dark - Unlighted,Clear,1,1,['Driver'],['None_Used'],1,1,Valid,0.0,1.0,40.0,33.0,"['Male', 'Male']",0,0,2,1,5,Dry,Straight,Level,Lowest,No
33043,48,Texas,482118,0,1,1,0,1,ABILENE,July,14,Friday,13,40,Urban,High Speed (Arterial),Yes,32.38294722,-99.74241667,Non-Intersection,Daylight,Clear,Unknown,Unknown,Unknown EMS Scene Arrival Hour,Unknown EMS Scene Arrival Minutes,Unknown,Unknown EMS Hospital Arrival Time,1,Daylight,Clear,1,0,['Driver'],['None_Used'],0,0,Valid,0.0,0.0,16.0,16.0,['Male'],0,0,3,1,3,Dry,Curve,Level,Lowest,No
33044,48,Texas,482119,0,2,2,0,2,SAN ANTONIO,July,27,Thursday,16,7,Urban,High Speed (Arterial),No,29.5085,-98.74175556,Simple Junction,Daylight,Clear,Unknown,Unknown,Unknown EMS Scene Arrival Hour,Unknown EMS Scene Arrival Minutes,Not Applicable (Not Transported),Not Applicable (Not Transported),1,Daylight,Clear,1,1,['Driver'],['None_Used'],0,0,Invalid,0.0,0.0,50.0,43.0,"['Male', 'Female']",1,0,5,1,5,Dry,Straight,Level,Lowest,No
33045,48,Texas,482120,0,1,1,0,1,NOT APPLICABLE,July,30,Sunday,6,56,Urban,High Speed (Arterial),Yes,35.19806667,-101.93802222,Simple Junction,Dark - Not Lighted,Clear,Unknown,Unknown if Notified,Unknown EMS Scene Arrival Hour,Unknown if Arrived,Not Applicable (Not Transported),Not Applicable (Not Transported),1,Dark - Unlighted,Clear,1,0,['Driver'],['None_Used'],1,1,Valid,0.0,0.0,48.0,48.0,['Male'],1,0,5,1,2,Dry,Straight,Level,Lowest,No
33046,48,Texas,482121,1,1,1,0,1,DALLAS,July,24,Monday,23,32,Urban,Medium Speed (Collector),No,32.72365278,-96.784625,Non-Intersection,Dark - Lighted,Clear,Unknown,Unknown,Unknown EMS Scene Arrival Hour,Unknown EMS Scene Arrival Minutes,Not Applicable (Not Transported),Not Applicable (Not Transported),1,Dark - Lighted,Clear,0,1,[],[],0,0,Invalid,1.0,0.0,32.0,32.0,['Male'],1,0,3,1,4,Dry,Curve,Grade/Hillcrest,Lowest,No
33047,48,Texas,482122,1,1,1,0,1,NOT APPLICABLE,July,21,Friday,2,20,Rural,High Speed (Arterial),Yes,28.50870278,-99.21827778,Non-Intersection,Dark - Not Lighted,Clear,Unknown,Unknown if Notified,Unknown EMS Scene Arrival Hour,Unknown if Arrived,Not Applicable (Not Transported),Not Applicable (Not Transported),1,Dark - Unlighted,Clear,0,0,[],[],0,0,Invalid,0.0,0.0,999.0,999.0,['Other'],0,0,1,1,4,Dry,Straight,Level,Lowest,No
33048,48,Texas,482123,0,2,2,0,2,NOLANVILLE,June,30,Friday,19,0,Urban,High Speed (Arterial),Yes,31.07715278,-97.60938333,Non-Intersection,Daylight,Clear,Unknown,Unknown,Unknown EMS Scene Arrival Hour,Unknown EMS Scene Arrival Minutes,Not Applicable (Not Transported),Not Applicable (Not Transported),1,Daylight,Clear,1,0,['Driver'],['None_Used'],0,0,Valid,0.0,1.0,998.0,21.0,"['Male', 'Other']",1,0,5,4,5,Dry,Straight,Level,Lowest,No
33049,48,Texas,482124,0,1,1,0,1,NOT APPLICABLE,July,16,Sunday,2,12,Rural,Low Speed (Local),No,29.10915556,-95.35220278,Non-Intersection,Dark - Not Lighted,Clear,Unknown,Unknown if Notified,Unknown EMS Scene Arrival Hour,Unknown if Arrived,Not Applicable (Not Transported),Not Applicable (Not Transported),1,Dark - Unlighted,Clear,1,0,['Driver'],['None_Used'],1,1,Invalid,0.0,0.0,21.0,21.0,['Male'],0,0,3,1,3,Dry,Straight,Level,Lowest,No
33050,48,Texas,482126,0,3,3,0,4,NOT APPLICABLE,July,5,Wednesday,18,19,Urban,High Speed (Arterial),Yes,31.12254444,-97.86691944,Non-Intersection,Daylight,Clear,Unknown,Unknown,Unknown EMS Scene Arrival Hour,Unknown EMS Scene Arrival Minutes,Unknown,Unknown EMS Hospital Arrival Time,1,Daylight,Clear,1,3,['Driver'],['Shoulder_Lapbelt'],1,1,Valid,0.0,3.0,31.0,20.0,"['Female', 'Female', 'Male']",2,0,2,1,5,Dry,Curve,Grade/Hillcrest,Lowest,No
33051,48,Texas,482127,1,1,1,0,1,LUFKIN,July,12,Wednesday,6,41,Urban,Medium Speed (Collector),No,31.34753056,-94.71297778,Non-Intersection,Dawn,Cloudy,Unknown,Unknown,Unknown EMS Scene Arrival Hour,Unknown EMS Scene Arrival Minutes,Unknown,Unknown EMS Hospital Arrival Time,1,Twilight,Reduced Visibility,0,1,[],[],0,0,Valid,0.0,1.0,59.0,59.0,['Male'],0,0,3,2,4,Dry,Straight,Level,Lowest,No
33052,48,Texas,482128,0,4,4,0,5,EL PASO,July,22,Saturday,19,37,Urban,Medium Speed (Collector),No,31.83878056,-106.56922222,Complex/Circle,Daylight,Clear,Unknown,Unknown,Unknown EMS Scene Arrival Hour,Unknown EMS Scene Arrival Minutes,Unknown,Unknown EMS Hospital Arrival Time,1,Daylight,Clear,1,4,['Front_Passenger'],['Shoulder_Lapbelt'],1,1,Invalid,0.0,0.0,73.0,25.0,"['Male', 'Male', 'Male', 'Male']",1,0,3,4,5,Dry,Curve,Level,Lowest,No
33053,48,Texas,482129,0,1,1,0,1,NOT APPLICABLE,July,29,Saturday,16,59,Rural,High Speed (Arterial),Yes,33.145975,-101.32792778,Non-Intersection,Daylight,Clear,Unknown,Unknown if Notified,Unknown EMS Scene Arrival Hour,Unknown if Arrived,Not Applicable (Not Transported),Not Applicable (Not Transported),1,Daylight,Clear,1,0,['Driver'],['None_Used'],0,0,Valid,0.0,0.0,65.0,65.0,['Male'],0,0,5,1,2,Dry,Straight,Grade/Hillcrest,Lowest,No
33054,48,Texas,482130,0,1,1,0,1,NOT APPLICABLE,July,30,Sunday,18,4,Urban,Medium Speed (Collector),No,33.75468333,-96.51859722,Non-Intersection,Daylight,Clear,Unknown,Unknown,Unknown EMS Scene Arrival Hour,Unknown EMS Scene Arrival Minutes,Unknown,Unknown EMS Hospital Arrival Time,1,Daylight,Clear,1,0,['Driver'],['None_Used'],1,1,Valid,0.0,0.0,39.0,39.0,['Female'],0,0,5,1,2,Dry,Curve,Level,Lowest,No
33055,48,Texas,482131,0,2,2,0,7,NOT APPLICABLE,August,1,Tuesday,13,19,Rural,High Speed (Arterial),Yes,30.30049722,-99.30680833,Non-Intersection,Daylight,Clear,Unknown,Unknown,Unknown EMS Scene Arrival Hour,Unknown EMS Scene Arrival Minutes,Unknown,Unknown EMS Hospital Arrival Time,1,Daylight,Clear,1,6,['Driver'],['Shoulder_Lapbelt'],0,0,Valid,0.0,0.0,72.0,70.0,"['Female', 'Female']",0,0,3,1,5,Dry,Straight,Level,Medium,No
33056,48,Texas,482132,1,1,1,0,0,Other,July,28,Friday,13,57,Urban,Medium Speed (Collector),No,32.98908056,-97.04480278,Non-Intersection,Daylight,Clear,Unknown,Unknown if Notified,Unknown EMS Scene Arrival Hour,Unknown if Arrived,Not Applicable (Not Transported),Not Applicable (Not Transported),1,Daylight,Clear,0,0,[],[],0,0,Valid,0.0,0.0,49.0,34.0,Other,0,0,3,1,4,Dry,Straight,Grade/Hillcrest,Lowest,No
33057,48,Texas,482133,0,2,2,0,4,NOT APPLICABLE,August,1,Tuesday,21,33,Rural,Medium Speed (Collector),No,29.87407222,-95.92529167,Non-Intersection,Dark - Not Lighted,Clear,Unknown,Unknown,Unknown EMS Scene Arrival Hour,Unknown EMS Scene Arrival Minutes,Unknown,Unknown EMS Hospital Arrival Time,1,Dark - Unlighted,Clear,1,3,['Rear_Seat'],['None_Used'],1,1,Invalid,0.0,0.0,64.0,49.0,"['Male', 'Female']",0,0,3,1,5,Dry,Straight,Level,Lowest,No
33058,48,Texas,482134,0,2,2,0,3,SAN ANTONIO,July,9,Sunday,0,28,Urban,Medium Speed (Collector),No,29.41522778,-98.59968611,Complex/Circle,Dark - Lighted,Clear,Unknown,Unknown,Unknown EMS Scene Arrival Hour,Unknown EMS Scene Arrival Minutes,Unknown,Unknown EMS Hospital Arrival Time,1,Dark - Lighted,Clear,1,2,['Driver'],['None_Used'],0,0,Valid,1.0,2.0,39.0,26.0,"['Male', 'Female']",0,0,3,1,5,Dry,Straight,Level,Lowest,No