,State_Code,State_Name,Crash_ID,Count_Non_Motorists,Count_Vehicles_Total,Count_Vehicle_Forms,Count_PVH_Involved,Count_Occupants_MV,City_Name,Month_Name,Day_of_Month,Day_of_Week,Crash_Hour,Crash_Minute,Area_Rural_Urban,Road_Functional_Class,On_NHS_Road,Latitude,Longitude,Intersection_Type,Light_Condition,Weather_Condition,Notif_Hour,Notif_Minute,Arrival_Hour,Arrival_Minute,Hospital_Hour,Hospital_Minute,Fatalities_Count,Clean_Light_Condition,Clean_Weather_Condition,Total_Killed,Total_Alive,Fatal_Seats_List,Killed_Restraint_List,Any_Driver_Drinking,Total_Drinking_Drivers,Driver_License_Category,Driver_Max_Prev_Accident_Count,Driver_Max_Prev_Speeding_Count,Max_Driver_Age,Min_Driver_Age,Driver_Sex_List,Total_Exceeding_Limit_Vehicles,Total_Too_Fast_Vehicles,Max_Vehicle_Type_Severity_5,Max_Vehicle_Damage_Rank,Max_Harmful_Event_Severity,Crash_Road_Surface_Condition,Crash_Horizontal_Alignment,Crash_Vertical_Profile,Crash_Impairment_Category,Crash_Vehicle_Defect
33059,48,Texas,482135,0,2,2,0,2,NOT APPLICABLE,July,12,Wednesday,6,10,Rural,High Speed (Arterial),Yes,31.23670278,-101.89301111,Simple Junction,Daylight,Clear,Unknown,Unknown if Notified,Unknown EMS Scene Arrival Hour,Unknown if Arrived,Not Applicable (Not Transported),Not Applicable (Not Transported),1,Daylight,Clear,1,1,['Driver'],['Shoulder_Lapbelt'],0,0,Valid,2.0,2.0,59.0,35.0,"['Male', 'Male']",1,0,4,4,5,Dry,Straight,Level,Lowest,No
33060,48,Texas,482136,1,1,1,0,1,SOUTH LAKE,August,3,Thursday,9,29,Urban,High Speed (Arterial),Yes,32.93656389,-97.18567222,Non-Intersection,Daylight,Clear,Unknown,Unknown,Unknown EMS Scene Arrival Hour,Unknown EMS Scene Arrival Minutes,Unknown,Unknown EMS Hospital Arrival Time,1,Daylight,Clear,0,1,[],[],0,0,Valid,0.0,0.0,65.0,65.0,['Male'],0,0,3,2,4,Dry,Straight,Grade/Hillcrest,Lowest,No
33061,48,Texas,482137,1,1,1,0,1,HOUSTON,June,15,Thursday,6,1,Urban,High Speed (Arterial),Yes,29.60327222,-95.20216389,Non-Intersection,Dark - Not Lighted,Clear,Unknown,Unknown if Notified,Unknown EMS Scene Arrival Hour,Unknown if Arrived,Not Applicable (Not Transported),Not Applicable (Not Transported),1,Dark - Unlighted,Clear,0,1,[],[],0,0,Valid,0.0,0.0,51.0,51.0,['Female'],0,0,3,1,4,Dry,Straight,Level,Lowest,No
33062,48,Texas,482138,0,1,1,0,2,NOT APPLICABLE,July,15,Saturday,21,19,Rural,Medium Speed (Collector),No,31.71608611,-95.66605,Non-Intersection,Dark - Not Lighted,Clear,Unknown,Unknown,Unknown EMS Scene Arrival Hour,Unknown EMS Scene Arrival Minutes,Unknown,Unknown EMS Hospital Arrival Time,1,Dark - Unlighted,Clear,1,1,['Driver'],['Shoulder_Lapbelt'],1,1,Invalid,0.0,0.0,24.0,24.0,['Male'],2,0,2,1,3,Dry,Curve,Grade/Hillcrest,Lowest,No
33063,48,Texas,482139,0,1,1,0,1,NOT APPLICABLE,July,26,Wednesday,16,31,Rural,Medium Speed (Collector),No,28.497275,-100.1985,Non-Intersection,Daylight,Clear,Unknown,Unknown if Notified,Unknown EMS Scene Arrival Hour,Unknown if Arrived,Not Applicable (Not Transported),Not Applicable (Not Transported),1,Daylight,Clear,1,0,['Driver'],['Shoulder_Lapbelt'],0,0,Valid,0.0,1.0,22.0,22.0,['Male'],0,0,4,1,3,Dry,Straight,Level,Lowest,No
33064,48,Texas,482140,0,1,1,0,1,NOT APPLICABLE,July,29,Saturday,0,52,Rural,Medium Speed (Collector),No,33.62835278,-96.86416667,Non-Intersection,Dark - Not Lighted,Clear,Unknown,Unknown if Notified,Unknown EMS Scene Arrival Hour,Unknown if Arrived,Not Applicable (Not Transported),Not Applicable (Not Transported),1,Dark - Unlighted,Clear,1,0,['Driver'],['None_Used'],1,1,Valid,0.0,0.0,20.0,20.0,['Male'],0,0,3,1,3,Dry,Straight,Level,Lowest,No
33065,48,Texas,482141,0,2,2,0,3,NOT APPLICABLE,August,1,Tuesday,15,56,Rural,High Speed (Arterial),No,32.47088333,-95.85748056,Non-Intersection,Daylight,Clear,Unknown,Unknown,Unknown EMS Scene Arrival Hour,Unknown EMS Scene Arrival Minutes,Unknown,Unknown EMS Hospital Arrival Time,1,Daylight,Clear,1,2,['Driver'],['Shoulder_Lapbelt'],0,0,Valid,0.0,0.0,62.0,47.0,"['Male', 'Male']",1,0,3,1,5,Dry,Straight,Level,Lowest,No
33066,48,Texas,482142,1,1,1,0,2,NOT APPLICABLE,August,1,Tuesday,21,53,Urban,Medium Speed (Collector),No,32.47077222,-94.76948889,Non-Intersection,Dark - Not Lighted,Clear,Unknown,Unknown if Notified,Unknown EMS Scene Arrival Hour,Unknown if Arrived,Not Applicable (Not Transported),Not Applicable (Not Transported),1,Dark - Unlighted,Clear,0,2,[],[],1,1,Invalid,0.0,0.0,24.0,24.0,['Male'],0,0,2,2,4,Dry,Straight,Level,Lowest,No
33067,48,Texas,482143,0,1,1,0,1,NOT APPLICABLE,August,4,Friday,1,34,Rural,Low Speed (Local),No,30.3599,-98.02911111,Non-Intersection,Dark - Not Lighted,Clear,Unknown,Unknown if Notified,Unknown EMS Scene Arrival Hour,Unknown if Arrived,Not Applicable (Not Transported),Not Applicable (Not Transported),1,Dark - Unlighted,Clear,1,0,['Driver'],['None_Used'],1,1,Valid,0.0,0.0,18.0,18.0,['Male'],1,0,3,1,3,Dry,Curve,Level,Lowest,No
33068,48,Texas,482144,0,2,2,0,2,TRENTON,July,8,Saturday,17,59,Rural,Medium Speed (Collector),No,33.44426667,-96.31311667,Non-Intersection,Daylight,Cloudy,Unknown,Unknown,Unknown EMS Scene Arrival Hour,Unknown EMS Scene Arrival Minutes,Unknown,Unknown EMS Hospital Arrival Time,1,Daylight,Reduced Visibility,1,1,['Driver'],['Shoulder_Lapbelt'],0,0,Valid,0.0,1.0,37.0,23.0,"['Male', 'Male']",1,0,3,4,5,Wet/Standing Water,Curve,Grade/Hillcrest,Lowest,Yes
33069,48,Texas,482145,1,1,1,0,1,NOT APPLICABLE,August,2,Wednesday,6,50,Rural,Medium Speed (Collector),No,33.54874167,-102.01910556,Non-Intersection,Dawn,Clear,Unknown,Unknown if Notified,Unknown EMS Scene Arrival Hour,Unknown if Arrived,Not Applicable (Not Transported),Not Applicable (Not Transported),1,Twilight,Clear,0,1,[],[],0,0,Valid,1.0,1.0,68.0,68.0,['Male'],0,0,3,1,4,Dry,Straight,Level,Lowest,No
33070,48,Texas,482146,0,2,2,0,4,LIBERTY,August,3,Thursday,22,36,Rural,High Speed (Arterial),Yes,30.04624167,-94.69777778,Non-Intersection,Dark - Not Lighted,Clear,Unknown,Unknown,Unknown EMS Scene Arrival Hour,Unknown EMS Scene Arrival Minutes,Unknown,Unknown EMS Hospital Arrival Time,1,Dark - Unlighted,Clear,1,3,['Driver'],['Shoulder_Lapbelt'],0,0,Valid,0.0,0.0,71.0,34.0,"['Male', 'Male']",0,0,3,1,5,Dry,Straight,Level,Lowest,No
33071,48,Texas,482147,0,1,1,0,2,NOT APPLICABLE,July,30,Sunday,16,4,Rural,Low Speed (Local),No,33.63134444,-102.337475,Non-Intersection,Daylight,Clear,Unknown,Unknown,Unknown EMS Scene Arrival Hour,Unknown EMS Scene Arrival Minutes,Unknown,Unknown EMS Hospital Arrival Time,1,Daylight,Clear,1,1,['Driver'],['None_Used'],0,0,Invalid,0.0,0.0,18.0,18.0,['Male'],0,0,2,1,3,Dry,Straight,Level,Lowest,No
33072,48,Texas,482148,0,2,1,1,6,ROCKSPRINGS,February,28,Tuesday,1,40,Urban,Medium Speed (Collector),No,30.02134722,-100.20543611,Non-Intersection,Dark - Lighted,Cloudy,Unknown,Unknown,Unknown EMS Scene Arrival Hour,Unknown EMS Scene Arrival Minutes,Unknown,Unknown EMS Hospital Arrival Time,1,Dark - Lighted,Reduced Visibility,1,5,['Front_Passenger'],['None_Used'],0,0,Invalid,0.0,0.0,22.0,22.0,['Male'],0,0,2,1,5,Dry,Curve,Grade/Hillcrest,Lowest,No
33073,48,Texas,482149,0,1,1,0,1,NOT APPLICABLE,July,24,Monday,12,29,Rural,Medium Speed (Collector),No,33.77201667,-98.58501389,Non-Intersection,Daylight,Clear,Unknown,Unknown,Unknown EMS Scene Arrival Hour,Unknown EMS Scene Arrival Minutes,Unknown,Unknown EMS Hospital Arrival Time,1,Daylight,Clear,1,0,['Driver'],['None_Used'],0,0,Valid,0.0,0.0,61.0,61.0,['Female'],0,0,2,1,3,Dry,Straight,Level,Medium,No
33074,48,Texas,482150,0,1,1,0,1,EL PASO,July,23,Sunday,8,22,Urban,Medium Speed (Collector),No,31.96531667,-106.346825,Non-Intersection,Dawn,Cloudy,Unknown,Unknown if Notified,Unknown EMS Scene Arrival Hour,Unknown if Arrived,Not Applicable (Not Transported),Not Applicable (Not Transported),1,Twilight,Reduced Visibility,1,0,['Driver'],['Shoulder_Lapbelt'],0,0,Invalid,0.0,0.0,65.0,65.0,['Male'],1,0,2,1,2,Dry,Curve,Level,Lowest,No
33075,48,Texas,482151,0,1,1,0,1,TROY,July,20,Thursday,4,8,Urban,High Speed (Arterial),Yes,31.20635,-97.30304167,Non-Intersection,Dark - Not Lighted,Clear,Unknown,Unknown if Notified,Unknown EMS Scene Arrival Hour,Unknown if Arrived,Not Applicable (Not Transported),Not Applicable (Not Transported),1,Dark - Unlighted,Clear,1,0,['Driver'],['Shoulder_Lapbelt'],0,0,Valid,1.0,0.0,30.0,30.0,['Male'],0,0,4,4,3,Dry,Curve,Level,Medium,No
33076,48,Texas,482152,1,2,2,0,4,SAN ANTONIO,August,3,Thursday,21,21,Urban,Medium Speed (Collector),No,29.41573333,-98.55768333,Non-Intersection,Dark - Lighted,Clear,Unknown,Unknown,Unknown EMS Scene Arrival Hour,Unknown EMS Scene Arrival Minutes,Not Applicable (Not Transported),Not Applicable (Not Transported),1,Dark - Lighted,Clear,0,4,[],[],1,1,Valid,0.0,1.0,56.0,38.0,"['Female', 'Male']",0,0,3,2,4,Dry,Straight,Level,Lowest,No
33077,48,Texas,482153,0,1,1,0,1,SAN ANTONIO,August,3,Thursday,21,54,Urban,Low Speed (Local),No,29.54221944,-98.639325,Non-Intersection,Dark - Not Lighted,Clear,Unknown,Unknown,Unknown EMS Scene Arrival Hour,Unknown EMS Scene Arrival Minutes,Unknown,Unknown EMS Hospital Arrival Time,1,Dark - Unlighted,Clear,1,0,['Driver'],['None_Used'],0,0,Valid,0.0,0.0,42.0,42.0,['Male'],0,0,5,1,2,Dry,Straight,Grade/Hillcrest,Lowest,No
33078,48,Texas,482154,0,2,2,0,2,HOUSTON,June,18,Sunday,21,30,Urban,High Speed (Arterial),Yes,29.63696389,-95.21084167,Complex/Circle,Dark - Not Lighted,Cloudy,Unknown,Unknown if Notified,Unknown EMS Scene Arrival Hour,Unknown if Arrived,Not Applicable (Not Transported),Not Applicable (Not Transported),1,Dark - Unlighted,Reduced Visibility,1,1,['Driver'],['None_Used'],0,0,Valid,0.0,0.0,55.0,17.0,"['Female', 'Female']",1,0,3,1,5,Dry,Straight,Level,Lowest,No
33079,48,Texas,482155,0,1,1,0,1,SAN ANTONIO,August,4,Friday,19,56,Urban,High Speed (Arterial),Yes,29.43445,-98.39136667,Simple Junction,Daylight,Clear,Unknown,Unknown if Notified,Unknown EMS Scene Arrival Hour,Unknown if Arrived,Not Applicable (Not Transported),Not Applicable (Not Transported),1,Daylight,Clear,1,0,['Driver'],['None_Used'],1,1,Invalid,0.0,0.0,33.0,33.0,['Male'],1,0,2,1,2,Dry,Curve,Grade/Hillcrest,Lowest,No
33080,48,Texas,482156,0,2,2,0,3,NOT APPLICABLE,July,29,Saturday,18,21,Rural,Medium Speed (Collector),No,28.94661111,-95.55897222,Non-Intersection,Daylight,Clear,Unknown,Unknown,Unknown EMS Scene Arrival Hour,Unknown EMS Scene Arrival Minutes,7:00am-7:59am,41,1,Daylight,Clear,1,2,['Driver'],['None_Used'],0,0,Valid,0.0,0.0,47.0,34.0,"['Female', 'Female']",0,0,3,1,5,Dry,Straight,Level,Lowest,No
33081,48,Texas,482157,0,2,2,0,3,NOT APPLICABLE,July,18,Tuesday,20,17,Rural,Medium Speed (Collector),No,31.98824722,-98.64088056,Non-Intersection,Daylight,Clear,Unknown,Unknown,Unknown EMS Scene Arrival Hour,Unknown EMS Scene Arrival Minutes,Unknown,Unknown EMS Hospital Arrival Time,1,Daylight,Clear,1,2,['Driver'],['Shoulder_Lapbelt'],0,0,Valid,0.0,0.0,21.0,18.0,"['Male', 'Female']",0,0,3,1,5,Dry,Curve,Level,Lowest,No
33082,48,Texas,482158,0,2,2,0,3,NOT APPLICABLE,July,17,Monday,23,7,Rural,High Speed (Arterial),Yes,30.18638056,-97.55333889,Simple Junction,Dark - Not Lighted,Clear,Unknown,Unknown if Notified,Unknown EMS Scene Arrival Hour,Unknown if Arrived,Not Applicable (Not Transported),Not Applicable (Not Transported),2,Dark - Unlighted,Clear,2,1,"['Driver', 'Front_Passenger']","['None_Used', 'None_Used']",1,1,Invalid,0.0,1.0,58.0,56.0,"['Male', 'Male']",0,0,4,3,5,Dry,Straight,Level,Lowest,No
33083,48,Texas,482159,0,2,2,0,5,NOT APPLICABLE,July,21,Friday,10,55,Rural,High Speed (Arterial),Yes,33.78286667,-95.53390278,Complex/Circle,Daylight,Clear,Unknown,Unknown if Notified,Unknown EMS Scene Arrival Hour,Unknown if Arrived,Not Applicable (Not Transported),Not Applicable (Not Transported),4,Daylight,Clear,4,1,"['Driver', 'Front_Passenger', 'Rear_Seat', 'Rear_Seat']","['Shoulder_Lapbelt', 'Shoulder_Lapbelt', 'None_Used', 'Shoulder_Lapbelt']",0,0,Valid,0.0,0.0,84.0,48.0,"['Male', 'Female']",0,0,4,1,5,Dry,Straight,Level,Lowest,No
33084,48,Texas,482160,0,3,3,0,4,NOT APPLICABLE,July,23,Sunday,15,19,Rural,Medium Speed (Collector),No,27.71749722,-97.90796667,Complex/Circle,Daylight,Clear,Unknown,Unknown,Unknown EMS Scene Arrival Hour,Unknown EMS Scene Arrival Minutes,Unknown,Unknown EMS Hospital Arrival Time,1,Daylight,Clear,1,3,['Driver'],['Shoulder_Lapbelt'],0,0,Valid,0.0,0.0,57.0,24.0,"['Male', 'Female', 'Male']",1,0,3,1,5,Dry,Straight,Level,Lowest,No
33085,48,Texas,482161,0,2,2,0,3,GROESBECK,July,9,Sunday,18,33,Rural,Medium Speed (Collector),No,31.52686667,-96.532275,Complex/Circle,Daylight,Clear,Unknown,Unknown,Unknown EMS Scene Arrival Hour,Unknown EMS Scene Arrival Minutes,Unknown,Unknown EMS Hospital Arrival Time,1,Daylight,Clear,1,2,['Driver'],['None_Used'],0,0,Valid,0.0,0.0,65.0,38.0,"['Male', 'Female']",1,0,5,2,5,Dry,Straight,Level,Lowest,No
33086,48,Texas,482162,0,2,2,0,2,NOT APPLICABLE,July,13,Thursday,12,8,Urban,Medium Speed (Collector),No,32.49688333,-97.18430278,Complex/Circle,Daylight,Clear,Unknown,Unknown,Unknown EMS Scene Arrival Hour,Unknown EMS Scene Arrival Minutes,Unknown,Unknown EMS Hospital Arrival Time,1,Daylight,Clear,1,1,['Driver'],['Shoulder_Lapbelt'],0,0,Valid,2.0,0.0,33.0,32.0,"['Female', 'Male']",0,0,4,1,5,Dry,Straight,Level,Lowest,No
33087,48,Texas,482163,0,1,1,0,1,NOT APPLICABLE,July,30,Sunday,22,4,Rural,Medium Speed (Collector),No,30.82815,-97.80995,Non-Intersection,Dark - Not Lighted,Clear,Unknown,Unknown if Notified,Unknown EMS Scene Arrival Hour,Unknown if Arrived,Not Applicable (Not Transported),Not Applicable (Not Transported),1,Dark - Unlighted,Clear,1,0,['Driver'],['Shoulder_Lapbelt'],1,1,Invalid,0.0,0.0,32.0,32.0,['Male'],1,0,3,1,3,Dry,Curve,Grade/Hillcrest,Lowest,No
33088,48,Texas,482164,2,1,1,0,1,NOT APPLICABLE,August,4,Friday,20,57,Urban,Low Speed (Local),No,29.71406944,-95.81418611,Non-Intersection,Dark - Lighted,Clear,Unknown,Unknown,Unknown EMS Scene Arrival Hour,Unknown EMS Scene Arrival Minutes,Unknown,Unknown EMS Hospital Arrival Time,1,Dark - Lighted,Clear,0,1,[],[],0,0,Valid,0.0,0.0,21.0,21.0,['Male'],0,0,3,2,4,Dry,Curve,Level,Lowest,No
33089,48,Texas,482165,0,2,2,0,2,Other,July,29,Saturday,21,30,Rural,Medium Speed (Collector),No,31.93506389,-99.78012222,Complex/Circle,Dark - Not Lighted,Clear,Unknown,Unknown,Unknown EMS Scene Arrival Hour,Unknown EMS Scene Arrival Minutes,Unknown,Unknown EMS Hospital Arrival Time,1,Dark - Unlighted,Clear,1,1,['Driver'],['Shoulder_Lapbelt'],0,0,Valid,0.0,1.0,70.0,43.0,"['Male', 'Male']",0,0,3,1,5,Dry,Straight,Level,Lowest,No
33090,48,Texas,482166,0,2,2,0,2,NOT APPLICABLE,July,14,Friday,1,55,Urban,High Speed (Arterial),Yes,30.08809722,-97.74552778,Non-Intersection,Dark - Lighted,Clear,Unknown,Unknown,Unknown EMS Scene Arrival Hour,Unknown EMS Scene Arrival Minutes,Unknown,Unknown EMS Hospital Arrival Time,1,Dark - Lighted,Clear,1,1,['Driver'],['Shoulder_Lapbelt'],1,1,Valid,0.0,1.0,20.0,18.0,"['Male', 'Female']",0,0,3,4,5,Dry,Straight,Level,Lowest,No
33091,48,Texas,482167,0,1,1,0,1,IRVING,May,27,Saturday,22,3,Urban,High Speed (Arterial),Yes,32.89748056,-96.96975,Non-Intersection,Dark - Lighted,Clear,10:00pm-10:59pm,6,10:00pm-10:59pm,14,11:00pm-11:59pm,13,1,Dark - Lighted,Clear,1,0,['Driver'],['None_Used'],0,0,Valid,0.0,0.0,36.0,36.0,['Female'],1,0,2,4,3,Dry,Straight,Level,Lowest,No
33092,48,Texas,482168,0,1,1,0,1,GREENVILLE,July,2,Sunday,13,27,Urban,Medium Speed (Collector),No,33.11589722,-96.09975556,Non-Intersection,Daylight,Clear,Unknown,Unknown,Unknown EMS Scene Arrival Hour,Unknown EMS Scene Arrival Minutes,Unknown,Unknown EMS Hospital Arrival Time,1,Daylight,Clear,1,0,['Driver'],['Shoulder_Lapbelt'],0,0,Valid,0.0,0.0,74.0,74.0,['Male'],0,0,3,1,3,Dry,Straight,Level,Medium,No
33093,48,Texas,482169,0,2,2,0,2,BALCH SPRINGS,April,12,Wednesday,16,53,Urban,High Speed (Arterial),No,32.71244167,-96.58620833,Complex/Circle,Daylight,Clear,Unknown,Unknown,Unknown EMS Scene Arrival Hour,Unknown EMS Scene Arrival Minutes,Unknown,Unknown EMS Hospital Arrival Time,1,Daylight,Clear,1,1,['Driver'],['None_Used'],0,0,Invalid,0.0,0.0,86.0,31.0,"['Male', 'Female']",0,0,3,1,5,Dry,Curve,Level,Lowest,No
33094,48,Texas,482170,0,1,1,0,5,NOT APPLICABLE,July,21,Friday,20,32,Rural,High Speed (Arterial),Yes,33.14560556,-95.55435556,Non-Intersection,Dark - Not Lighted,Clear,Unknown,Unknown,Unknown EMS Scene Arrival Hour,Unknown EMS Scene Arrival Minutes,Unknown,Unknown EMS Hospital Arrival Time,1,Dark - Unlighted,Clear,1,4,['Rear_Seat'],['None_Used'],0,0,Valid,0.0,0.0,32.0,32.0,['Female'],0,0,3,1,3,Dry,Straight,Level,Lowest,No
33095,48,Texas,482171,0,1,1,0,1,NOT APPLICABLE,July,30,Sunday,14,9,Rural,Medium Speed (Collector),No,32.97962222,-95.39021111,Non-Intersection,Daylight,Clear,Unknown,Unknown if Notified,Unknown EMS Scene Arrival Hour,Unknown if Arrived,Not Applicable (Not Transported),Not Applicable (Not Transported),1,Daylight,Clear,1,0,['Driver'],['None_Used'],0,0,Valid,0.0,0.0,59.0,59.0,['Male'],0,0,3,1,3,Dry,Curve,Level,Lowest,No
33096,48,Texas,482172,1,1,1,0,1,NOT APPLICABLE,July,29,Saturday,22,34,Urban,Low Speed (Local),No,30.19870556,-97.29916667,Non-Intersection,Dark - Not Lighted,Clear,Unknown,Unknown,Unknown EMS Scene Arrival Hour,Unknown EMS Scene Arrival Minutes,Unknown,Unknown EMS Hospital Arrival Time,1,Dark - Unlighted,Clear,0,1,[],[],1,1,Valid,0.0,0.0,61.0,61.0,['Male'],0,0,1,2,4,Dry,Straight,Level,Lowest,No
33097,48,Texas,482173,0,2,2,0,4,NOT APPLICABLE,August,5,Saturday,13,40,Rural,Medium Speed (Collector),No,32.16441667,-95.3985,Simple Junction,Daylight,Clear,Unknown,Unknown if Notified,Unknown EMS Scene Arrival Hour,Unknown if Arrived,Not Applicable (Not Transported),Not Applicable (Not Transported),2,Daylight,Clear,2,2,"['Driver', 'Rear_Seat']","['None_Used', 'None_Used']",0,0,Valid,0.0,0.0,49.0,32.0,"['Male', 'Male']",0,0,5,1,5,Dry,Straight,Level,Lowest,No
33098,48,Texas,482174,0,2,2,0,2,LEWISVILLE,July,28,Friday,7,50,Urban,High Speed (Arterial),No,33.03444722,-96.99130556,Non-Intersection,Daylight,Clear,Unknown,Unknown,Unknown EMS Scene Arrival Hour,Unknown EMS Scene Arrival Minutes,Unknown,Unknown EMS Hospital Arrival Time,1,Daylight,Clear,1,1,['Driver'],['None_Used'],0,0,Invalid,0.0,0.0,49.0,28.0,"['Female', 'Male']",2,0,5,1,5,Dry,Straight,Non-Trafficway,Lowest,No
33099,48,Texas,482175,1,1,1,0,1,HOUSTON,May,15,Monday,22,45,Urban,High Speed (Arterial),No,29.73755556,-95.50568333,Non-Intersection,Dark - Unknown Lighting,Clear,Unknown,Unknown,Unknown EMS Scene Arrival Hour,Unknown EMS Scene Arrival Minutes,Unknown,Unknown EMS Hospital Arrival Time,1,Dark - Unlighted,Clear,0,1,[],[],0,0,Valid,0.0,0.0,22.0,22.0,['Male'],0,0,2,2,4,Dry,Straight,Level,Lowest,No
33100,48,Texas,482176,0,1,1,0,1,NOT APPLICABLE,July,27,Thursday,14,7,Rural,Low Speed (Local),No,30.11098056,-97.58403611,Non-Intersection,Daylight,Clear,Unknown,Unknown,Unknown EMS Scene Arrival Hour,Unknown EMS Scene Arrival Minutes,Unknown,Unknown EMS Hospital Arrival Time,1,Daylight,Clear,1,0,['Driver'],['None_Used'],0,0,Valid,0.0,0.0,83.0,83.0,['Female'],1,0,3,1,3,Dry,Straight,Level,Lowest,No
33101,48,Texas,482177,0,3,2,1,2,AUSTIN,August,2,Wednesday,9,47,Urban,Medium Speed (Collector),No,30.36259167,-97.72921111,Simple Junction,Daylight,Clear,Unknown,Unknown,Unknown EMS Scene Arrival Hour,Unknown EMS Scene Arrival Minutes,Unknown,Unknown EMS Hospital Arrival Time,1,Daylight,Clear,1,1,['Driver'],['Shoulder_Lapbelt'],0,0,Valid,0.0,0.0,77.0,61.0,"['Male', 'Male']",0,0,4,2,5,Dry,Straight,Level,Lowest,No
33102,48,Texas,482178,0,2,2,0,2,NOT APPLICABLE,June,30,Friday,0,3,Rural,High Speed (Arterial),Yes,31.82520833,-103.90894167,Complex/Circle,Dark - Lighted,Clear,Unknown,Unknown if Notified,Unknown EMS Scene Arrival Hour,Unknown if Arrived,Not Applicable (Not Transported),Not Applicable (Not Transported),1,Dark - Lighted,Clear,1,1,['Driver'],['Shoulder_Lapbelt'],0,0,Invalid,0.0,2.0,32.0,24.0,"['Male', 'Male']",0,0,4,1,5,Dry,Straight,Level,Lowest,No
33103,48,Texas,482179,0,1,1,0,2,NOT APPLICABLE,August,4,Friday,1,31,Rural,Medium Speed (Collector),No,33.00560556,-95.57178611,Non-Intersection,Dark - Not Lighted,Clear,Unknown,Unknown,Unknown EMS Scene Arrival Hour,Unknown EMS Scene Arrival Minutes,Unknown,Unknown EMS Hospital Arrival Time,1,Dark - Unlighted,Clear,1,1,['Driver'],['None_Used'],0,0,Valid,0.0,0.0,18.0,18.0,['Male'],0,0,3,1,3,Dry,Curve,Level,Lowest,No
33104,48,Texas,482180,1,1,1,0,1,NOT APPLICABLE,July,9,Sunday,22,55,Urban,Low Speed (Local),No,26.27537222,-98.09534167,Non-Intersection,Dark - Not Lighted,Clear,Unknown,Unknown if Notified,Unknown EMS Scene Arrival Hour,Unknown if Arrived,Not Applicable (Not Transported),Not Applicable (Not Transported),1,Dark - Unlighted,Clear,0,1,[],[],1,1,Valid,0.0,0.0,19.0,19.0,['Male'],1,0,3,3,4,Dry,Straight,Level,Lowest,No
33105,48,Texas,482181,0,1,1,0,1,SOUTH LAKE,August,6,Sunday,0,53,Urban,High Speed (Arterial),Yes,32.943575,-97.116275,Non-Intersection,Dark - Not Lighted,Clear,Unknown,Unknown if Notified,Unknown EMS Scene Arrival Hour,Unknown if Arrived,Not Applicable (Not Transported),Not Applicable (Not Transported),1,Dark - Unlighted,Clear,1,0,['Driver'],['Shoulder_Lapbelt'],0,0,Valid,0.0,0.0,28.0,28.0,['Male'],1,0,3,1,3,Dry,Straight,Level,Lowest,No
33106,48,Texas,482182,1,2,2,0,5,SEGUIN,July,28,Friday,22,11,Urban,High Speed (Arterial),Yes,29.57137222,-98.015,Non-Intersection,Dark - Not Lighted,Clear,Unknown,Unknown,Unknown EMS Scene Arrival Hour,Unknown EMS Scene Arrival Minutes,Unknown,Unknown EMS Hospital Arrival Time,1,Dark - Unlighted,Clear,0,5,[],[],0,0,Valid,0.0,0.0,68.0,20.0,"['Female', 'Male']",0,0,3,1,5,Dry,Straight,Level,Lowest,No
33107,48,Texas,482183,0,1,1,0,6,NOT APPLICABLE,July,30,Sunday,15,2,Rural,Medium Speed (Collector),No,29.97459722,-97.44373333,Non-Intersection,Daylight,Clear,Unknown,Unknown,Unknown EMS Scene Arrival Hour,Unknown EMS Scene Arrival Minutes,Unknown,Unknown EMS Hospital Arrival Time,1,Daylight,Clear,1,5,['Rear_Seat'],['None_Used'],0,0,Invalid,0.0,0.0,15.0,15.0,['Female'],0,0,3,1,3,Dry,Straight,Level,Medium,No
33108,48,Texas,482184,1,1,1,0,1,HOUSTON,July,30,Sunday,0,33,Urban,Medium Speed (Collector),No,29.74601389,-95.48554444,Complex/Circle,Dark - Lighted,Clear,Unknown,Unknown,Unknown EMS Scene Arrival Hour,Unknown EMS Scene Arrival Minutes,Unknown,Unknown EMS Hospital Arrival Time,1,Dark - Lighted,Clear,0,0,[],[],0,0,Invalid,0.0,0.0,999.0,999.0,['Other'],0,0,1,1,4,Dry,Straight,Level,Lowest,No
33109,48,Texas,482185,0,1,1,0,1,HOUSTON,July,30,Sunday,1,40,Urban,Medium Speed (Collector),No,29.66189444,-95.42541111,Non-Intersection,Dark - Lighted,Clear,Unknown,Unknown if Notified,Unknown EMS Scene Arrival Hour,Unknown if Arrived,Not Applicable (Not Transported),Not Applicable (Not Transported),1,Dark - Lighted,Clear,1,0,['Driver'],['None_Used'],1,1,Invalid,0.0,0.0,49.0,49.0,['Male'],1,0,2,1,0,Dry,Straight,Level,Lowest,No