,State_Code,State_Name,Crash_ID,Count_Non_Motorists,Count_Vehicles_Total,Count_Vehicle_Forms,Count_PVH_Involved,Count_Occupants_MV,City_Name,Month_Name,Day_of_Month,Day_of_Week,Crash_Hour,Crash_Minute,Area_Rural_Urban,Road_Functional_Class,On_NHS_Road,Latitude,Longitude,Intersection_Type,Light_Condition,Weather_Condition,Notif_Hour,Notif_Minute,Arrival_Hour,Arrival_Minute,Hospital_Hour,Hospital_Minute,Fatalities_Count,Clean_Light_Condition,Clean_Weather_Condition,Total_Killed,Total_Alive,Fatal_Seats_List,Killed_Restraint_List,Any_Driver_Drinking,Total_Drinking_Drivers,Driver_License_Category,Driver_Max_Prev_Accident_Count,Driver_Max_Prev_Speeding_Count,Max_Driver_Age,Min_Driver_Age,Driver_Sex_List,Total_Exceeding_Limit_Vehicles,Total_Too_Fast_Vehicles,Max_Vehicle_Type_Severity_5,Max_Vehicle_Damage_Rank,Max_Harmful_Event_Severity,Crash_Road_Surface_Condition,Crash_Horizontal_Alignment,Crash_Vertical_Profile,Crash_Impairment_Category,Crash_Vehicle_Defect
33110,48,Texas,482186,0,1,1,0,1,NOT APPLICABLE,August,4,Friday,21,36,Rural,Medium Speed (Collector),No,34.38051667,-102.74931389,Non-Intersection,Dark - Not Lighted,Clear,Unknown,Unknown,Unknown EMS Scene Arrival Hour,Unknown EMS Scene Arrival Minutes,Unknown,Unknown EMS Hospital Arrival Time,1,Dark - Unlighted,Clear,1,0,['Driver'],['None_Used'],1,1,Valid,0.0,0.0,32.0,32.0,['Male'],0,0,3,1,3,Dry,Curve,Level,Lowest,No
33111,48,Texas,482187,1,2,2,0,1,ORANGE,August,3,Thursday,2,35,Urban,High Speed (Arterial),Yes,30.12165,-93.75580278,Non-Intersection,Dark - Not Lighted,Clear,Unknown,Unknown if Notified,Unknown EMS Scene Arrival Hour,Unknown if Arrived,Not Applicable (Not Transported),Not Applicable (Not Transported),1,Dark - Unlighted,Clear,0,1,[],[],0,0,Valid,0.0,0.0,50.0,50.0,['Male'],0,0,4,4,5,Dry,Straight,Level,Lowest,No
33112,48,Texas,482188,0,1,1,0,1,NOT APPLICABLE,July,29,Saturday,21,50,Rural,Low Speed (Local),No,32.56718056,-96.62669167,Non-Intersection,Dark - Not Lighted,Clear,Unknown,Unknown if Notified,Unknown EMS Scene Arrival Hour,Unknown if Arrived,Not Applicable (Not Transported),Not Applicable (Not Transported),1,Dark - Unlighted,Clear,1,0,['Driver'],['None_Used'],1,1,Invalid,0.0,0.0,47.0,47.0,['Male'],0,0,3,1,2,Dry,Straight,Level,Lowest,No
33113,48,Texas,482189,1,1,1,0,1,CORPUS CHRISTI,August,2,Wednesday,14,35,Rural,Low Speed (Local),No,27.71074722,-97.38040556,Non-Intersection,Daylight,Clear,Unknown,Unknown,Unknown EMS Scene Arrival Hour,Unknown EMS Scene Arrival Minutes,Unknown,Unknown EMS Hospital Arrival Time,1,Daylight,Clear,0,1,[],[],0,0,Invalid,0.0,2.0,34.0,34.0,['Male'],1,0,3,1,4,Dry,Straight,Non-Trafficway,Lowest,No
33114,48,Texas,482190,1,1,1,0,1,SAN ANTONIO,August,4,Friday,6,20,Urban,Medium Speed (Collector),No,29.43121111,-98.55923056,Non-Intersection,Dark - Lighted,Clear,Unknown,Unknown if Notified,Unknown EMS Scene Arrival Hour,Unknown if Arrived,Not Applicable (Not Transported),Not Applicable (Not Transported),1,Dark - Lighted,Clear,0,1,[],[],0,0,Valid,0.0,0.0,35.0,35.0,['Male'],0,0,3,2,4,Dry,Straight,Level,Lowest,No
33115,48,Texas,482191,0,3,3,0,5,NOT APPLICABLE,July,17,Monday,14,15,Rural,High Speed (Arterial),Yes,31.58381111,-100.60483611,Non-Intersection,Daylight,Clear,Unknown,Unknown,Unknown EMS Scene Arrival Hour,Unknown EMS Scene Arrival Minutes,Unknown,Unknown EMS Hospital Arrival Time,1,Daylight,Clear,1,4,['Rear_Seat'],['Shoulder_Lapbelt'],0,0,Valid,0.0,3.0,58.0,23.0,"['Female', 'Male', 'Male']",1,0,5,1,5,Dry,Straight,Level,Lowest,No
33116,48,Texas,482192,0,2,2,0,2,PLANO,August,3,Thursday,20,18,Urban,High Speed (Arterial),Yes,33.05777778,-96.77036667,Non-Intersection,Daylight,Clear,Unknown,Unknown,Unknown EMS Scene Arrival Hour,Unknown EMS Scene Arrival Minutes,Unknown,Unknown EMS Hospital Arrival Time,1,Daylight,Clear,1,1,['Driver'],['None_Used'],0,0,Valid,1.0,0.0,59.0,26.0,"['Male', 'Male']",1,0,5,1,5,Dry,Straight,Level,Lowest,No
33117,48,Texas,482193,1,1,1,0,1,AUSTIN,July,8,Saturday,23,20,Urban,Low Speed (Local),No,30.31366111,-97.65391389,Non-Intersection,Dark - Not Lighted,Clear,Unknown,Unknown,Unknown EMS Scene Arrival Hour,Unknown EMS Scene Arrival Minutes,Unknown,Unknown EMS Hospital Arrival Time,1,Dark - Unlighted,Clear,0,1,[],[],1,1,Valid,1.0,1.0,27.0,27.0,['Female'],0,0,3,1,4,Dry,Straight,Level,Lowest,No
33118,48,Texas,482194,1,1,1,0,1,CORRIGAN,July,23,Sunday,21,47,Urban,High Speed (Arterial),Yes,30.99571944,-94.82718611,Non-Intersection,Dark - Not Lighted,Clear,Unknown,Unknown if Notified,Unknown EMS Scene Arrival Hour,Unknown if Arrived,Not Applicable (Not Transported),Not Applicable (Not Transported),1,Dark - Unlighted,Clear,0,1,[],[],0,0,Valid,0.0,0.0,31.0,31.0,['Male'],0,0,4,1,4,Dry,Straight,Level,Lowest,No
33119,48,Texas,482195,0,2,2,0,3,CORRIGAN,August,7,Monday,6,28,Rural,High Speed (Arterial),Yes,30.99538333,-94.82718056,Non-Intersection,Dawn,Clear,Unknown,Unknown,Unknown EMS Scene Arrival Hour,Unknown EMS Scene Arrival Minutes,Unknown,Unknown EMS Hospital Arrival Time,1,Twilight,Clear,1,2,['Front_Passenger'],['None_Used'],0,0,Valid,0.0,2.0,59.0,18.0,"['Male', 'Male']",0,0,4,4,5,Dry,Straight,Grade/Hillcrest,Medium,No
33120,48,Texas,482196,1,2,2,0,2,ARLINGTON,July,20,Thursday,22,27,Urban,Medium Speed (Collector),No,32.7561,-97.13173056,Non-Intersection,Dark - Lighted,Clear,Unknown,Unknown if Notified,Unknown EMS Scene Arrival Hour,Unknown if Arrived,Not Applicable (Not Transported),Not Applicable (Not Transported),1,Dark - Lighted,Clear,0,2,[],[],0,0,Valid,0.0,1.0,45.0,19.0,"['Male', 'Male']",0,0,2,1,4,Dry,Straight,Level,Lowest,No
33121,48,Texas,482197,0,4,4,0,5,ROYSE CITY,August,7,Monday,8,25,Urban,High Speed (Arterial),Yes,32.97379444,-96.32076389,Non-Intersection,Daylight,Clear,Unknown,Unknown,Unknown EMS Scene Arrival Hour,Unknown EMS Scene Arrival Minutes,Not Applicable (Not Transported),Not Applicable (Not Transported),2,Daylight,Clear,2,3,"['Driver', 'Front_Passenger']","['Shoulder_Lapbelt', 'Shoulder_Lapbelt']",0,0,Valid,0.0,0.0,71.0,16.0,"['Female', 'Male', 'Female', 'Male']",0,0,4,3,5,Dry,Straight,Level,Lowest,Yes
33122,48,Texas,482198,0,2,2,0,3,NOT APPLICABLE,July,1,Saturday,16,24,Rural,High Speed (Arterial),Yes,30.00073056,-97.74000278,Non-Intersection,Daylight,Clear,Unknown,Unknown,Unknown EMS Scene Arrival Hour,Unknown EMS Scene Arrival Minutes,Unknown,Unknown EMS Hospital Arrival Time,1,Daylight,Clear,1,2,['Front_Passenger'],['None_Used'],0,0,Invalid,0.0,0.0,27.0,26.0,"['Male', 'Male']",0,0,3,1,5,Dry,Straight,Level,Lowest,No
33123,48,Texas,482199,0,2,2,0,2,NOT APPLICABLE,July,20,Thursday,20,35,Rural,Low Speed (Local),No,30.28649167,-95.16616944,Simple Junction,Dark - Not Lighted,Clear,Unknown,Unknown,Unknown EMS Scene Arrival Hour,Unknown EMS Scene Arrival Minutes,Unknown,Unknown EMS Hospital Arrival Time,1,Dark - Unlighted,Clear,1,1,['Driver'],['None_Used'],0,0,Valid,0.0,0.0,62.0,19.0,"['Male', 'Male']",1,0,5,4,5,Dry,Curve,Grade/Hillcrest,Lowest,No
33124,48,Texas,482200,0,3,3,0,5,JONESTOWN,July,23,Sunday,8,43,Rural,Medium Speed (Collector),No,30.47825833,-97.94975556,Simple Junction,Daylight,Clear,Unknown,Unknown,Unknown EMS Scene Arrival Hour,Unknown EMS Scene Arrival Minutes,Unknown,Unknown EMS Hospital Arrival Time,1,Daylight,Clear,1,4,['Driver'],['None_Used'],0,0,Invalid,0.0,0.0,47.0,28.0,"['Male', 'Male', 'Male']",2,0,5,2,5,Dry,Straight,Grade/Hillcrest,Lowest,No
33125,48,Texas,482201,0,1,1,0,1,GRAND PRAIRIE,July,22,Saturday,4,9,Urban,High Speed (Arterial),Yes,32.75960833,-97.05188611,Non-Intersection,Dark - Lighted,Clear,Unknown,Unknown if Notified,Unknown EMS Scene Arrival Hour,Unknown if Arrived,Not Applicable (Not Transported),Not Applicable (Not Transported),1,Dark - Lighted,Clear,1,0,['Driver'],['None_Used'],0,0,Valid,1.0,1.0,50.0,50.0,['Male'],0,0,1,1,3,Dry,Straight,Level,Medium,No
33126,48,Texas,482202,0,2,2,0,6,RIO GRANDE CITY,July,22,Saturday,13,0,Urban,High Speed (Arterial),Yes,26.37995833,-98.89121111,Complex/Circle,Daylight,Clear,Unknown,Unknown,Unknown EMS Scene Arrival Hour,Unknown EMS Scene Arrival Minutes,Unknown,Unknown EMS Hospital Arrival Time,1,Daylight,Clear,1,5,['Front_Passenger'],['Shoulder_Lapbelt'],0,0,Invalid,0.0,0.0,58.0,48.0,"['Female', 'Female']",0,0,3,1,5,Dry,Straight,Level,Lowest,No
33127,48,Texas,482203,0,2,1,1,2,ODESSA,August,6,Sunday,3,13,Urban,Medium Speed (Collector),No,31.86952778,-102.34011667,Non-Intersection,Dark - Lighted,Clear,Unknown,Unknown if Notified,Unknown EMS Scene Arrival Hour,Unknown if Arrived,Not Applicable (Not Transported),Not Applicable (Not Transported),2,Dark - Lighted,Clear,2,0,"['Driver', 'Front_Passenger']","['None_Used', 'None_Used']",1,1,Invalid,0.0,0.0,20.0,20.0,['Male'],2,0,3,1,2,Dry,Straight,Level,Lowest,No
33128,48,Texas,482204,0,2,2,0,4,EDCOUCH,July,18,Tuesday,11,6,Urban,High Speed (Arterial),Yes,26.294125,-97.94534167,Non-Intersection,Daylight,Clear,Unknown,Unknown,Unknown EMS Scene Arrival Hour,Unknown EMS Scene Arrival Minutes,Unknown,Unknown EMS Hospital Arrival Time,1,Daylight,Clear,1,3,['Front_Passenger'],['Shoulder_Lapbelt'],1,1,Invalid,0.0,0.0,60.0,24.0,"['Female', 'Female']",0,0,3,4,5,Dry,Straight,Level,Lowest,No
33129,48,Texas,482205,1,1,1,0,1,DALLAS,August,4,Friday,2,45,Urban,High Speed (Arterial),Yes,32.750175,-96.80931389,Non-Intersection,Dark - Not Lighted,Clear,Unknown,Unknown if Notified,Unknown EMS Scene Arrival Hour,Unknown if Arrived,Not Applicable (Not Transported),Not Applicable (Not Transported),1,Dark - Unlighted,Clear,0,0,[],[],0,0,Invalid,0.0,0.0,999.0,999.0,['Other'],0,0,1,0,4,Dry,Curve,Level,Lowest,No
33130,48,Texas,482206,0,1,1,0,3,LEAGUE CITY,August,8,Tuesday,4,35,Urban,Medium Speed (Collector),No,29.49529722,-95.10921111,Non-Intersection,Dark - Not Lighted,Clear,Unknown,Unknown,Unknown EMS Scene Arrival Hour,Unknown EMS Scene Arrival Minutes,Unknown,Unknown EMS Hospital Arrival Time,1,Dark - Unlighted,Clear,1,2,['Driver'],['None_Used'],1,1,Valid,0.0,0.0,17.0,17.0,['Male'],3,0,2,1,3,Dry,Straight,Level,Lowest,No
33131,48,Texas,482207,0,2,2,0,2,NOT APPLICABLE,July,22,Saturday,15,45,Rural,High Speed (Arterial),Yes,32.0865,-102.14329444,Non-Intersection,Daylight,Clear,Unknown,Unknown,Unknown EMS Scene Arrival Hour,Unknown EMS Scene Arrival Minutes,Unknown,Unknown EMS Hospital Arrival Time,1,Daylight,Clear,1,1,['Driver'],['None_Used'],1,1,Valid,1.0,0.0,36.0,34.0,"['Male', 'Male']",0,0,4,3,5,Dry,Curve,Level,Lowest,No
33132,48,Texas,482208,0,1,1,0,2,HOUSTON,July,28,Friday,23,0,Urban,Low Speed (Local),No,29.69948611,-95.37063056,Complex/Circle,Dark - Lighted,Clear,Unknown,Unknown,Unknown EMS Scene Arrival Hour,Unknown EMS Scene Arrival Minutes,Unknown,Unknown EMS Hospital Arrival Time,1,Dark - Lighted,Clear,1,1,['Driver'],['Shoulder_Lapbelt'],1,1,Valid,1.0,1.0,25.0,25.0,['Male'],2,0,2,1,3,Dry,Straight,Grade/Hillcrest,Lowest,No
33133,48,Texas,482209,0,1,1,0,2,Other,August,7,Monday,23,29,Rural,High Speed (Arterial),Yes,29.82174167,-94.8991,Non-Intersection,Dark - Lighted,Clear,Unknown,Unknown,Unknown EMS Scene Arrival Hour,Unknown EMS Scene Arrival Minutes,Unknown,Unknown EMS Hospital Arrival Time,1,Dark - Lighted,Clear,1,1,['Front_Passenger'],['Shoulder_Lapbelt'],1,1,Invalid,0.0,0.0,36.0,36.0,['Female'],0,0,3,1,3,Dry,Straight,Level,Lowest,No
33134,48,Texas,482210,0,1,1,0,2,NOT APPLICABLE,July,8,Saturday,19,44,Rural,Medium Speed (Collector),No,29.96539167,-98.09158333,Non-Intersection,Daylight,Clear,Unknown,Unknown,Unknown EMS Scene Arrival Hour,Unknown EMS Scene Arrival Minutes,Unknown,Unknown EMS Hospital Arrival Time,1,Daylight,Clear,1,1,['Front_Passenger'],['Shoulder_Lapbelt'],0,0,Invalid,0.0,0.0,43.0,43.0,['Female'],2,0,3,1,3,Dry,Curve,Grade/Hillcrest,Lowest,No
33135,48,Texas,482211,1,1,1,0,1,SAN FELIPE,August,6,Sunday,10,47,Rural,Medium Speed (Collector),No,29.79620278,-96.10015,Complex/Circle,Daylight,Cloudy,Unknown,Unknown if Notified,Unknown EMS Scene Arrival Hour,Unknown if Arrived,Not Applicable (Not Transported),Not Applicable (Not Transported),1,Daylight,Reduced Visibility,0,1,[],[],0,0,Valid,0.0,0.0,17.0,17.0,['Male'],0,0,3,2,4,Dry,Straight,Level,Lowest,No
33136,48,Texas,482212,0,1,1,0,1,NOT APPLICABLE,July,31,Monday,22,14,Rural,Medium Speed (Collector),No,33.24153333,-96.10108611,Simple Junction,Dark - Not Lighted,Clear,Unknown,Unknown if Notified,Unknown EMS Scene Arrival Hour,Unknown if Arrived,Not Applicable (Not Transported),Not Applicable (Not Transported),1,Dark - Unlighted,Clear,1,0,['Driver'],['None_Used'],1,1,Invalid,0.0,0.0,35.0,35.0,['Male'],1,0,3,4,2,Dry,Straight,Level,Lowest,No
33137,48,Texas,482213,1,1,1,0,1,NOT APPLICABLE,August,2,Wednesday,5,32,Rural,Medium Speed (Collector),No,35.69498333,-101.40112222,Non-Intersection,Dark - Not Lighted,Clear,Unknown,Unknown if Notified,Unknown EMS Scene Arrival Hour,Unknown if Arrived,Not Applicable (Not Transported),Not Applicable (Not Transported),1,Dark - Unlighted,Clear,0,1,[],[],0,0,Valid,0.0,0.0,41.0,41.0,['Male'],0,0,3,1,4,Dry,Curve,Level,Lowest,No
33138,48,Texas,482214,0,1,1,0,1,NOT APPLICABLE,July,31,Monday,17,13,Urban,Medium Speed (Collector),No,29.93779444,-97.89454167,Non-Intersection,Daylight,Clear,Unknown,Unknown if Notified,Unknown EMS Scene Arrival Hour,Unknown if Arrived,Not Applicable (Not Transported),Not Applicable (Not Transported),1,Daylight,Clear,1,0,['Driver'],['Shoulder_Lapbelt'],0,0,Valid,0.0,0.0,54.0,54.0,['Male'],1,0,2,4,3,Dry,Curve,Level,Lowest,No
33139,48,Texas,482215,0,1,1,0,1,NOT APPLICABLE,August,2,Wednesday,21,2,Urban,High Speed (Arterial),Yes,30.15610556,-95.4509,Non-Intersection,Dark - Not Lighted,Clear,Unknown,Unknown if Notified,Unknown EMS Scene Arrival Hour,Unknown if Arrived,Not Applicable (Not Transported),Not Applicable (Not Transported),1,Dark - Unlighted,Clear,1,0,['Driver'],['None_Used'],1,1,Invalid,0.0,0.0,30.0,30.0,['Male'],1,0,2,1,3,Dry,Curve,Level,Lowest,No
33140,48,Texas,482216,1,1,1,0,1,NOT APPLICABLE,August,2,Wednesday,5,5,Rural,Low Speed (Local),No,30.21170556,-97.32850833,Non-Intersection,Dark - Not Lighted,Clear,Unknown,Unknown,Unknown EMS Scene Arrival Hour,Unknown EMS Scene Arrival Minutes,Unknown,Unknown EMS Hospital Arrival Time,1,Dark - Unlighted,Clear,0,0,[],[],0,0,Invalid,0.0,0.0,999.0,999.0,['Other'],0,0,1,0,4,Dry,Straight,Level,Lowest,No
33141,48,Texas,482217,0,2,2,0,2,NOT APPLICABLE,July,25,Tuesday,3,4,Rural,High Speed (Arterial),Yes,29.68977222,-96.67909167,Non-Intersection,Dark - Not Lighted,Clear,Unknown,Unknown if Notified,Unknown EMS Scene Arrival Hour,Unknown if Arrived,Not Applicable (Not Transported),Not Applicable (Not Transported),1,Dark - Unlighted,Clear,1,1,['Driver'],['Shoulder_Lapbelt'],1,1,Valid,0.0,0.0,40.0,39.0,"['Female', 'Male']",0,0,4,1,5,Dry,Straight,Level,Medium,No
33142,48,Texas,482218,0,2,2,0,2,ODESSA,August,1,Tuesday,5,3,Urban,Medium Speed (Collector),No,31.81728611,-102.38591667,Non-Intersection,Dark - Lighted,Clear,Unknown,Unknown,Unknown EMS Scene Arrival Hour,Unknown EMS Scene Arrival Minutes,Unknown,Unknown EMS Hospital Arrival Time,1,Dark - Lighted,Clear,1,1,['Driver'],['None_Used'],0,0,Invalid,0.0,0.0,67.0,33.0,"['Female', 'Male']",0,0,3,1,5,Dry,Curve,Level,Lowest,No
33143,48,Texas,482219,1,1,1,0,1,FORT WORTH,August,3,Thursday,4,45,Urban,Medium Speed (Collector),No,32.80725833,-97.39017222,Non-Intersection,Dark - Lighted,Clear,Unknown,Unknown if Notified,Unknown EMS Scene Arrival Hour,Unknown if Arrived,Not Applicable (Not Transported),Not Applicable (Not Transported),1,Dark - Lighted,Clear,0,1,[],[],0,0,Invalid,0.0,0.0,46.0,46.0,['Male'],0,0,3,2,4,Dry,Straight,Level,Lowest,No
33144,48,Texas,482220,0,1,1,0,1,LUBBOCK,August,8,Tuesday,16,32,Urban,Medium Speed (Collector),No,33.63509167,-101.87059722,Non-Intersection,Daylight,Clear,Unknown,Unknown if Notified,Unknown EMS Scene Arrival Hour,Unknown if Arrived,Not Applicable (Not Transported),Not Applicable (Not Transported),1,Daylight,Clear,1,0,['Driver'],['None_Used'],0,0,Invalid,0.0,0.0,70.0,70.0,['Male'],1,0,2,1,3,Dry,Straight,Level,Lowest,Yes
33145,48,Texas,482221,0,2,2,0,2,ALLEN,August,9,Wednesday,6,13,Urban,Medium Speed (Collector),No,33.10030833,-96.66213889,Complex/Circle,Dawn,Clear,Unknown,Unknown,Unknown EMS Scene Arrival Hour,Unknown EMS Scene Arrival Minutes,Unknown,Unknown EMS Hospital Arrival Time,1,Twilight,Clear,1,1,['Driver'],['None_Used'],0,0,Valid,0.0,0.0,58.0,56.0,"['Male', 'Male']",1,0,3,1,5,Dry,Curve,Grade/Hillcrest,Lowest,No
33146,48,Texas,482222,0,1,1,0,1,NOT APPLICABLE,August,8,Tuesday,8,2,Urban,Medium Speed (Collector),No,30.16505,-95.61911389,Non-Intersection,Daylight,Clear,Unknown,Unknown,Unknown EMS Scene Arrival Hour,Unknown EMS Scene Arrival Minutes,Not Applicable (Not Transported),Not Applicable (Not Transported),1,Daylight,Clear,1,0,['Driver'],['Shoulder_Lapbelt'],0,0,Valid,0.0,0.0,44.0,44.0,['Male'],0,0,1,1,3,Dry,Straight,Level,Medium,No
33147,48,Texas,482223,0,2,2,0,3,NOT APPLICABLE,August,1,Tuesday,16,51,Rural,High Speed (Arterial),Yes,32.45299167,-100.55230833,Complex/Circle,Daylight,Clear,Unknown,Unknown,Unknown EMS Scene Arrival Hour,Unknown EMS Scene Arrival Minutes,Unknown,Unknown EMS Hospital Arrival Time,2,Daylight,Clear,2,1,"['Driver', 'Front_Passenger']","['Shoulder_Lapbelt', 'Shoulder_Lapbelt']",0,0,Valid,0.0,0.0,66.0,56.0,"['Female', 'Male']",0,0,4,1,5,Dry,Straight,Level,Lowest,No
33148,48,Texas,482224,0,2,2,0,2,NOT APPLICABLE,July,31,Monday,7,22,Rural,High Speed (Arterial),Yes,29.24592222,-98.02633611,Complex/Circle,Daylight,Cloudy,Unknown,Unknown if Notified,Unknown EMS Scene Arrival Hour,Unknown if Arrived,Not Applicable (Not Transported),Not Applicable (Not Transported),1,Daylight,Reduced Visibility,1,1,['Driver'],['Shoulder_Lapbelt'],0,0,Valid,0.0,0.0,51.0,29.0,"['Female', 'Female']",0,0,3,1,5,Dry,Curve,Level,Lowest,No
33149,48,Texas,482225,0,2,2,0,6,LANCASTER,August,9,Wednesday,16,33,Urban,Medium Speed (Collector),No,32.56069444,-96.80547222,Complex/Circle,Daylight,Clear,Unknown,Unknown,Unknown EMS Scene Arrival Hour,Unknown EMS Scene Arrival Minutes,Unknown,Unknown EMS Hospital Arrival Time,2,Daylight,Clear,2,4,"['Front_Passenger', 'Rear_Seat']","['Shoulder_Lapbelt', 'None_Used']",0,0,Valid,0.0,1.0,35.0,29.0,"['Male', 'Male']",0,0,4,1,5,Dry,Straight,Level,Lowest,No
33150,48,Texas,482226,1,2,2,0,2,NOT APPLICABLE,August,6,Sunday,2,32,Rural,High Speed (Arterial),Yes,29.98657778,-94.20901389,Non-Intersection,Dark - Not Lighted,Clear,Unknown,Unknown,Unknown EMS Scene Arrival Hour,Unknown EMS Scene Arrival Minutes,Unknown,Unknown EMS Hospital Arrival Time,1,Dark - Unlighted,Clear,0,2,[],[],0,0,Valid,1.0,0.0,47.0,25.0,"['Female', 'Male']",0,0,2,1,5,Dry,Straight,Level,Lowest,No
33151,48,Texas,482227,1,1,1,0,1,DALLAS,July,26,Wednesday,20,41,Urban,High Speed (Arterial),Yes,32.73249722,-96.682975,Simple Junction,Dark - Lighted,Clear,Unknown,Unknown,Unknown EMS Scene Arrival Hour,Unknown EMS Scene Arrival Minutes,Unknown,Unknown EMS Hospital Arrival Time,1,Dark - Lighted,Clear,0,1,[],[],0,0,Invalid,0.0,0.0,37.0,37.0,['Male'],0,0,3,2,4,Dry,Straight,Level,Lowest,No
33152,48,Texas,482228,0,4,1,3,1,ABILENE,August,5,Saturday,12,16,Urban,Low Speed (Local),No,32.47298611,-99.73543333,Non-Intersection,Daylight,Clear,Unknown,Unknown,Unknown EMS Scene Arrival Hour,Unknown EMS Scene Arrival Minutes,Unknown,Unknown EMS Hospital Arrival Time,1,Daylight,Clear,1,0,['Driver'],['Shoulder_Lapbelt'],0,0,Valid,0.0,0.0,54.0,54.0,['Male'],0,0,3,1,5,Dry,Straight,Level,Medium,No
33153,48,Texas,482229,0,2,2,0,3,NOT APPLICABLE,July,5,Wednesday,20,15,Rural,High Speed (Arterial),Yes,31.75314722,-97.10451667,Non-Intersection,Dusk,Clear,Unknown,Unknown if Notified,Unknown EMS Scene Arrival Hour,Unknown if Arrived,Not Applicable (Not Transported),Not Applicable (Not Transported),1,Twilight,Clear,1,1,['Front_Passenger'],['Shoulder_Lapbelt'],0,0,Invalid,0.0,0.0,999.0,26.0,"['Other', 'Male']",0,0,3,4,5,Dry,Straight,Level,Lowest,Yes
33154,48,Texas,482230,0,2,2,0,3,NOT APPLICABLE,August,2,Wednesday,15,50,Rural,Medium Speed (Collector),No,30.87509167,-96.72540556,Non-Intersection,Daylight,Clear,Unknown,Unknown,Unknown EMS Scene Arrival Hour,Unknown EMS Scene Arrival Minutes,Unknown,Unknown EMS Hospital Arrival Time,1,Daylight,Clear,1,2,['Driver'],['Shoulder_Lapbelt'],1,1,Valid,0.0,0.0,61.0,19.0,"['Male', 'Male']",0,0,3,1,5,Dry,Straight,Grade/Hillcrest,Lowest,No
33155,48,Texas,482231,0,2,2,0,4,NOT APPLICABLE,July,31,Monday,6,24,Rural,High Speed (Arterial),Yes,32.17578889,-102.12252778,Non-Intersection,Dawn,Clear,Unknown,Unknown,Unknown EMS Scene Arrival Hour,Unknown EMS Scene Arrival Minutes,Unknown,Unknown EMS Hospital Arrival Time,1,Twilight,Clear,1,3,['Front_Passenger'],['None_Used'],0,0,Valid,1.0,1.0,30.0,30.0,"['Male', 'Female']",2,0,3,1,5,Dry,Straight,Level,Lowest,Yes
33156,48,Texas,482232,1,4,4,0,3,HOUSTON,July,29,Saturday,2,18,Urban,High Speed (Arterial),Yes,29.78288611,-95.45738056,Non-Intersection,Dark - Lighted,Clear,Unknown,Unknown if Notified,Unknown EMS Scene Arrival Hour,Unknown if Arrived,Not Applicable (Not Transported),Not Applicable (Not Transported),1,Dark - Lighted,Clear,0,2,[],[],0,0,Valid,0.0,0.0,999.0,28.0,"['Male', 'Male', 'Other']",0,0,5,2,5,Dry,Curve,Grade/Hillcrest,Lowest,Yes
33157,48,Texas,482233,0,2,2,0,4,HOUSTON,June,23,Friday,1,42,Urban,High Speed (Arterial),Yes,77.7777,777.7777,Non-Intersection,Dark - Not Lighted,Clear,Unknown,Unknown,Unknown EMS Scene Arrival Hour,Unknown EMS Scene Arrival Minutes,Unknown,Unknown EMS Hospital Arrival Time,1,Dark - Unlighted,Clear,1,3,['Driver'],['None_Used'],1,2,Invalid,0.0,3.0,42.0,25.0,"['Male', 'Male']",0,0,5,1,5,Dry,Curve,Grade/Hillcrest,Lowest,No
33158,48,Texas,482234,0,2,2,0,2,WACO,July,29,Saturday,5,49,Urban,Medium Speed (Collector),No,31.60818889,-97.12797778,Non-Intersection,Dark - Not Lighted,Clear,Unknown,Unknown,Unknown EMS Scene Arrival Hour,Unknown EMS Scene Arrival Minutes,Unknown,Unknown EMS Hospital Arrival Time,1,Dark - Unlighted,Clear,1,1,['Driver'],['None_Used'],0,0,Invalid,0.0,1.0,43.0,37.0,"['Male', 'Male']",0,0,3,1,5,Dry,Straight,Level,Lowest,No
33159,48,Texas,482235,0,1,1,0,1,NOT APPLICABLE,August,2,Wednesday,19,5,Rural,Medium Speed (Collector),No,33.103375,-95.32518056,Non-Intersection,Daylight,Clear,Unknown,Unknown,Unknown EMS Scene Arrival Hour,Unknown EMS Scene Arrival Minutes,Unknown,Unknown EMS Hospital Arrival Time,1,Daylight,Clear,1,0,['Driver'],['None_Used'],0,0,Invalid,0.0,0.0,61.0,61.0,['Male'],1,0,5,1,3,Dry,Curve,Level,Lowest,No
33160,48,Texas,482236,0,2,2,0,2,NOT APPLICABLE,July,28,Friday,6,18,Urban,High Speed (Arterial),Yes,28.77249167,-97.09725278,Non-Intersection,Dawn,Clear,Unknown,Unknown,Unknown EMS Scene Arrival Hour,Unknown EMS Scene Arrival Minutes,Unknown,Unknown EMS Hospital Arrival Time,1,Twilight,Clear,1,1,['Driver'],['Shoulder_Lapbelt'],0,0,Valid,0.0,0.0,76.0,60.0,"['Male', 'Female']",0,0,3,1,5,Dry,Curve,Level,Lowest,No