,State_Code,State_Name,Crash_ID,Count_Non_Motorists,Count_Vehicles_Total,Count_Vehicle_Forms,Count_PVH_Involved,Count_Occupants_MV,City_Name,Month_Name,Day_of_Month,Day_of_Week,Crash_Hour,Crash_Minute,Area_Rural_Urban,Road_Functional_Class,On_NHS_Road,Latitude,Longitude,Intersection_Type,Light_Condition,Weather_Condition,Notif_Hour,Notif_Minute,Arrival_Hour,Arrival_Minute,Hospital_Hour,Hospital_Minute,Fatalities_Count,Clean_Light_Condition,Clean_Weather_Condition,Total_Killed,Total_Alive,Fatal_Seats_List,Killed_Restraint_List,Any_Driver_Drinking,Total_Drinking_Drivers,Driver_License_Category,Driver_Max_Prev_Accident_Count,Driver_Max_Prev_Speeding_Count,Max_Driver_Age,Min_Driver_Age,Driver_Sex_List,Total_Exceeding_Limit_Vehicles,Total_Too_Fast_Vehicles,Max_Vehicle_Type_Severity_5,Max_Vehicle_Damage_Rank,Max_Harmful_Event_Severity,Crash_Road_Surface_Condition,Crash_Horizontal_Alignment,Crash_Vertical_Profile,Crash_Impairment_Category,Crash_Vehicle_Defect
33161,48,Texas,482237,0,3,3,0,3,NOT APPLICABLE,July,31,Monday,14,27,Rural,Medium Speed (Collector),No,30.02501389,-98.16336944,Non-Intersection,Daylight,Clear,Unknown,Unknown,Unknown EMS Scene Arrival Hour,Unknown EMS Scene Arrival Minutes,Unknown,Unknown EMS Hospital Arrival Time,1,Daylight,Clear,1,2,['Driver'],['Shoulder_Lapbelt'],0,0,Valid,0.0,0.0,80.0,16.0,"['Male', 'Male', 'Female']",1,0,3,1,5,Dry,Straight,Level,Lowest,No
33162,48,Texas,482238,0,1,1,0,4,NOT APPLICABLE,August,2,Wednesday,14,51,Rural,Medium Speed (Collector),No,30.61524444,-94.92946111,Non-Intersection,Daylight,Clear,Unknown,Unknown,Unknown EMS Scene Arrival Hour,Unknown EMS Scene Arrival Minutes,Unknown,Unknown EMS Hospital Arrival Time,1,Daylight,Clear,1,3,['Driver'],['None_Used'],1,1,Invalid,0.0,0.0,30.0,30.0,['Female'],4,0,3,4,3,Dry,Curve,Grade/Hillcrest,Lowest,No
33163,48,Texas,482239,0,1,1,0,1,NOT APPLICABLE,August,7,Monday,22,17,Rural,High Speed (Arterial),Yes,32.01942222,-95.37119167,Non-Intersection,Dark - Not Lighted,Clear,Unknown,Unknown,Unknown EMS Scene Arrival Hour,Unknown EMS Scene Arrival Minutes,Not Applicable (Not Transported),Not Applicable (Not Transported),1,Dark - Unlighted,Clear,1,0,['Driver'],['None_Used'],1,1,Invalid,1.0,1.0,29.0,29.0,['Male'],0,0,3,1,3,Dry,Straight,Level,Medium,No
33164,48,Texas,482240,0,2,2,0,3,NOT APPLICABLE,July,2,Sunday,13,36,Rural,Medium Speed (Collector),No,29.93207778,-97.30975,Complex/Circle,Daylight,Clear,Unknown,Unknown,Unknown EMS Scene Arrival Hour,Unknown EMS Scene Arrival Minutes,Unknown,Unknown EMS Hospital Arrival Time,1,Daylight,Clear,1,2,['Driver'],['Shoulder_Lapbelt'],0,0,Valid,1.0,0.0,51.0,16.0,"['Female', 'Male']",0,0,3,4,5,Dry,Curve,Level,Lowest,No
33165,48,Texas,482241,0,1,1,0,1,NOT APPLICABLE,August,9,Wednesday,17,35,Rural,Medium Speed (Collector),No,29.28988056,-96.042375,Non-Intersection,Daylight,Clear,Unknown,Unknown,Unknown EMS Scene Arrival Hour,Unknown EMS Scene Arrival Minutes,Unknown,Unknown EMS Hospital Arrival Time,1,Daylight,Clear,1,0,['Driver'],['Shoulder_Lapbelt'],0,0,Valid,0.0,0.0,69.0,69.0,['Female'],0,0,3,1,3,Dry,Straight,Level,Medium,No
33166,48,Texas,482242,1,1,1,0,1,NOT APPLICABLE,July,31,Monday,22,15,Rural,High Speed (Arterial),Yes,28.99543333,-99.06378889,Non-Intersection,Dark - Not Lighted,Clear,Unknown,Unknown if Notified,Unknown EMS Scene Arrival Hour,Unknown if Arrived,Not Applicable (Not Transported),Not Applicable (Not Transported),1,Dark - Unlighted,Clear,0,0,[],[],0,0,Invalid,0.0,0.0,999.0,999.0,['Other'],0,0,1,0,4,Dry,Straight,Level,Lowest,No
33167,48,Texas,482243,0,1,1,0,2,DALLAS,July,29,Saturday,3,16,Urban,Medium Speed (Collector),No,32.745425,-96.91959722,Non-Intersection,Dark - Not Lighted,Clear,Unknown,Unknown,Unknown EMS Scene Arrival Hour,Unknown EMS Scene Arrival Minutes,Unknown,Unknown EMS Hospital Arrival Time,1,Dark - Unlighted,Clear,1,1,['Front_Passenger'],['None_Used'],1,1,Invalid,0.0,0.0,22.0,22.0,['Male'],2,0,3,1,3,Dry,Curve,Level,Lowest,No
33168,48,Texas,482244,0,2,2,0,4,NOT APPLICABLE,August,2,Wednesday,6,5,Urban,High Speed (Arterial),Yes,29.93818889,-95.45480833,Complex/Circle,Dark - Unknown Lighting,Clear,Unknown,Unknown,Unknown EMS Scene Arrival Hour,Unknown EMS Scene Arrival Minutes,Unknown,Unknown EMS Hospital Arrival Time,1,Dark - Unlighted,Clear,1,2,['Rear_Seat'],['None_Used'],0,0,Valid,0.0,0.0,999.0,47.0,"['Female', 'Other']",0,0,3,2,5,Dry,Straight,Level,Lowest,No
33169,48,Texas,482245,0,1,1,0,2,NOT APPLICABLE,August,6,Sunday,17,31,Urban,Low Speed (Local),No,30.33537778,-97.81526667,Non-Intersection,Daylight,Clear,Unknown,Unknown,Unknown EMS Scene Arrival Hour,Unknown EMS Scene Arrival Minutes,Unknown,Unknown EMS Hospital Arrival Time,1,Daylight,Clear,1,1,['Driver'],['None_Used'],1,1,Valid,0.0,0.0,36.0,36.0,['Male'],2,0,3,1,3,Dry,Curve,Grade/Hillcrest,Lowest,No
33170,48,Texas,482246,0,1,1,0,2,NOT APPLICABLE,August,10,Thursday,15,30,Urban,Medium Speed (Collector),No,32.51666667,-96.77532222,Non-Intersection,Daylight,Clear,Unknown,Unknown if Notified,Unknown EMS Scene Arrival Hour,Unknown if Arrived,Not Applicable (Not Transported),Not Applicable (Not Transported),2,Daylight,Clear,2,0,"['Driver', 'Front_Passenger']","['None_Used', 'None_Used']",0,0,Invalid,0.0,0.0,17.0,17.0,['Female'],2,0,2,1,2,Loose/Unpaved,Straight,Level,Lowest,Yes
33171,48,Texas,482247,1,1,1,0,1,SAN ANTONIO,August,4,Friday,4,14,Urban,Medium Speed (Collector),No,29.47002222,-98.404125,Non-Intersection,Dark - Lighted,Clear,Unknown,Unknown if Notified,Unknown EMS Scene Arrival Hour,Unknown if Arrived,Not Applicable (Not Transported),Not Applicable (Not Transported),1,Dark - Lighted,Clear,0,1,[],[],0,0,Invalid,0.0,0.0,26.0,26.0,['Male'],0,0,2,1,4,Dry,Straight,Level,Lowest,No
33172,48,Texas,482248,0,2,2,0,3,NOT APPLICABLE,July,29,Saturday,19,3,Urban,Medium Speed (Collector),No,30.46983611,-97.89786944,Non-Intersection,Daylight,Clear,Unknown,Unknown if Notified,Unknown EMS Scene Arrival Hour,Unknown if Arrived,Not Applicable (Not Transported),Not Applicable (Not Transported),1,Daylight,Clear,1,2,['Driver'],['None_Used'],0,0,Valid,0.0,0.0,50.0,42.0,"['Male', 'Male']",1,0,5,4,5,Dry,Curve,Level,Lowest,No
33173,48,Texas,482249,2,1,1,0,1,LIBERTY,August,7,Monday,20,46,Rural,Medium Speed (Collector),No,30.04006389,-94.79301111,Non-Intersection,Dark - Not Lighted,Clear,Unknown,Unknown if Notified,Unknown EMS Scene Arrival Hour,Unknown if Arrived,Not Applicable (Not Transported),Not Applicable (Not Transported),1,Dark - Unlighted,Clear,0,1,[],[],0,0,Valid,0.0,0.0,27.0,27.0,['Female'],0,0,3,1,4,Dry,Straight,Level,Lowest,No
33174,48,Texas,482250,0,2,2,0,7,NOT APPLICABLE,August,6,Sunday,14,33,Rural,Medium Speed (Collector),No,33.16668889,-102.04961111,Complex/Circle,Daylight,Clear,Unknown,Unknown,Unknown EMS Scene Arrival Hour,Unknown EMS Scene Arrival Minutes,Unknown,Unknown EMS Hospital Arrival Time,4,Daylight,Clear,4,3,"['Front_Passenger', 'Driver', 'Front_Passenger', 'Rear_Seat']","['Shoulder_Lapbelt', 'Shoulder_Lapbelt', 'Shoulder_Lapbelt', 'Shoulder_Lapbelt']",0,0,Valid,0.0,0.0,67.0,35.0,"['Female', 'Male']",0,0,3,1,3,Dry,Straight,Level,Lowest,No
33175,48,Texas,482252,2,3,3,0,3,DALLAS,August,12,Saturday,2,29,Urban,High Speed (Arterial),Yes,32.78036667,-96.77395278,Non-Intersection,Dark - Lighted,Clear,Unknown,Unknown,Unknown EMS Scene Arrival Hour,Unknown EMS Scene Arrival Minutes,Unknown,Unknown EMS Hospital Arrival Time,1,Dark - Lighted,Clear,0,3,[],[],1,1,Invalid,0.0,0.0,33.0,33.0,['Female'],0,0,3,1,5,Dry,Straight,Grade/Hillcrest,Lowest,No
33176,48,Texas,482253,0,2,2,0,2,DENISON,August,8,Tuesday,10,14,Urban,High Speed (Arterial),Yes,33.72240833,-96.58523333,Non-Intersection,Daylight,Clear,Unknown,Unknown,Unknown EMS Scene Arrival Hour,Unknown EMS Scene Arrival Minutes,Unknown,Unknown EMS Hospital Arrival Time,1,Daylight,Clear,1,1,['Driver'],['None_Used'],0,0,Valid,0.0,0.0,75.0,75.0,"['Female', 'Male']",1,0,3,4,5,Dry,Curve,Level,Lowest,No
33177,48,Texas,482254,0,2,2,0,7,DALLAS,July,24,Monday,6,38,Urban,High Speed (Arterial),Yes,32.85461389,-96.88486389,Non-Intersection,Daylight,Clear,Unknown,Unknown,Unknown EMS Scene Arrival Hour,Unknown EMS Scene Arrival Minutes,Unknown,Unknown EMS Hospital Arrival Time,1,Daylight,Clear,1,6,['Driver'],['Shoulder_Lapbelt'],0,0,Valid,0.0,4.0,48.0,24.0,"['Male', 'Male']",0,0,3,1,5,Dry,Curve,Level,Lowest,No
33178,48,Texas,482255,1,1,1,0,2,NOT APPLICABLE,August,4,Friday,21,53,Rural,High Speed (Arterial),No,31.42773333,-97.66748333,Non-Intersection,Dark - Not Lighted,Clear,Unknown,Unknown if Notified,Unknown EMS Scene Arrival Hour,Unknown if Arrived,Not Applicable (Not Transported),Not Applicable (Not Transported),1,Dark - Unlighted,Clear,0,2,[],[],0,0,Valid,0.0,0.0,74.0,74.0,['Male'],0,0,3,1,4,Dry,Straight,Level,Lowest,No
33179,48,Texas,482256,1,1,1,0,1,HOUSTON,July,28,Friday,16,27,Urban,Medium Speed (Collector),No,29.61084722,-95.222375,Non-Intersection,Daylight,Clear,Unknown,Unknown,Unknown EMS Scene Arrival Hour,Unknown EMS Scene Arrival Minutes,Not Applicable (Not Transported),Not Applicable (Not Transported),1,Daylight,Clear,0,1,[],[],0,0,Valid,0.0,1.0,29.0,29.0,['Male'],0,0,4,2,4,Dry,Straight,Non-Trafficway,Lowest,No
33180,48,Texas,482257,0,5,5,0,6,SAN ANTONIO,April,3,Monday,18,22,Urban,High Speed (Arterial),Yes,29.43414444,-98.47798611,Non-Intersection,Daylight,Clear,Unknown,Unknown,Unknown EMS Scene Arrival Hour,Unknown EMS Scene Arrival Minutes,Unknown,Unknown EMS Hospital Arrival Time,1,Daylight,Clear,1,5,['Front_Passenger'],['Shoulder_Lapbelt'],0,0,Valid,1.0,0.0,998.0,26.0,"['Male', 'Male', 'Male', 'Male', 'Male']",0,0,3,1,5,Dry,Curve,Level,Lowest,No
33181,48,Texas,482258,1,1,1,0,1,SAN ANTONIO,April,21,Friday,4,35,Urban,Medium Speed (Collector),No,29.35326944,-98.48131389,Simple Junction,Dark - Lighted,Not Reported,Unknown,Unknown,Unknown EMS Scene Arrival Hour,Unknown EMS Scene Arrival Minutes,Unknown,Unknown EMS Hospital Arrival Time,1,Dark - Lighted,Clear,0,0,[],[],0,0,Invalid,0.0,0.0,999.0,999.0,['Other'],0,0,3,0,4,Wet/Standing Water,Straight,Level,Lowest,No
33182,48,Texas,482259,1,1,1,0,1,SAN ANTONIO,May,6,Saturday,16,8,Urban,High Speed (Arterial),Yes,29.356425,-98.53417778,Complex/Circle,Daylight,Cloudy,Unknown,Unknown,Unknown EMS Scene Arrival Hour,Unknown EMS Scene Arrival Minutes,Unknown,Unknown EMS Hospital Arrival Time,1,Daylight,Reduced Visibility,0,1,[],[],0,0,Valid,0.0,0.0,66.0,66.0,['Female'],0,0,3,2,4,Wet/Standing Water,Straight,Level,Lowest,No
33183,48,Texas,482260,0,2,2,0,2,SAN ANTONIO,April,24,Monday,19,32,Rural,High Speed (Arterial),Yes,77.7777,777.7777,Non-Intersection,Daylight,Clear,Unknown,Unknown,Unknown EMS Scene Arrival Hour,Unknown EMS Scene Arrival Minutes,Unknown,Unknown EMS Hospital Arrival Time,1,Daylight,Clear,1,1,['Driver'],['Shoulder_Lapbelt'],0,0,Valid,0.0,0.0,63.0,32.0,"['Male', 'Male']",0,0,3,1,5,Dry,Straight,Level,Lowest,No
33184,48,Texas,482261,1,1,1,0,1,SAN ANTONIO,May,26,Friday,16,53,Urban,Medium Speed (Collector),No,29.51913333,-98.53519722,Simple Junction,Daylight,Clear,Unknown,Unknown,Unknown EMS Scene Arrival Hour,Unknown EMS Scene Arrival Minutes,Unknown,Unknown EMS Hospital Arrival Time,1,Daylight,Clear,0,1,[],[],0,0,Valid,0.0,0.0,17.0,17.0,['Female'],0,0,3,2,4,Dry,Straight,Level,Lowest,No
33185,48,Texas,482262,1,2,1,1,1,SAN ANTONIO,May,30,Tuesday,7,58,Urban,Medium Speed (Collector),No,29.43573611,-98.487575,Non-Intersection,Daylight,Clear,Unknown,Unknown,Unknown EMS Scene Arrival Hour,Unknown EMS Scene Arrival Minutes,Unknown,Unknown EMS Hospital Arrival Time,1,Daylight,Clear,0,1,[],[],0,0,Invalid,0.0,0.0,23.0,23.0,['Male'],0,0,3,1,4,Dry,Straight,Level,Lowest,No
33186,48,Texas,482263,0,1,1,0,5,SAN ANTONIO,March,16,Thursday,16,20,Rural,High Speed (Arterial),Yes,29.23178611,-98.40469444,Non-Intersection,Daylight,Clear,Unknown,Unknown,Unknown EMS Scene Arrival Hour,Unknown EMS Scene Arrival Minutes,Unknown,Unknown EMS Hospital Arrival Time,1,Daylight,Clear,1,1,['Rear_Seat'],['None_Used'],0,0,Valid,0.0,0.0,21.0,21.0,['Female'],0,0,3,1,3,Dry,Straight,Level,Lowest,Yes
33187,48,Texas,482264,2,3,2,1,5,NOT APPLICABLE,July,15,Saturday,12,25,Rural,High Speed (Arterial),Yes,33.16326389,-95.26195556,Non-Intersection,Daylight,Clear,Unknown,Unknown,Unknown EMS Scene Arrival Hour,Unknown EMS Scene Arrival Minutes,Unknown,Unknown EMS Hospital Arrival Time,1,Daylight,Clear,1,4,['Rear_Seat'],['Shoulder_Lapbelt'],0,0,Valid,2.0,1.0,57.0,34.0,"['Male', 'Female']",2,0,3,1,5,Dry,Curve,Grade/Hillcrest,Lowest,No
33188,48,Texas,482265,1,1,1,0,3,NOT APPLICABLE,July,15,Saturday,23,24,Urban,Low Speed (Local),No,29.88033889,-95.33960833,Non-Intersection,Dark - Lighted,Clear,Unknown,Unknown,Unknown EMS Scene Arrival Hour,Unknown EMS Scene Arrival Minutes,Unknown,Unknown EMS Hospital Arrival Time,1,Dark - Lighted,Clear,1,2,['Front_Passenger'],['None_Used'],1,1,Invalid,0.0,0.0,29.0,29.0,['Male'],3,0,2,1,3,Dry,Straight,Level,Lowest,No
33189,48,Texas,482266,0,1,1,0,1,NOT APPLICABLE,August,11,Friday,22,0,Rural,Low Speed (Local),No,29.87701111,-95.0358,Complex/Circle,Dark - Not Lighted,Cloudy,Unknown,Unknown,Unknown EMS Scene Arrival Hour,Unknown EMS Scene Arrival Minutes,Unknown,Unknown EMS Hospital Arrival Time,1,Dark - Unlighted,Reduced Visibility,1,0,['Driver'],['None_Used'],1,1,Valid,0.0,0.0,19.0,19.0,['Male'],0,0,2,4,3,Dry,Straight,Level,Lowest,No
33190,48,Texas,482267,0,1,1,0,1,EL PASO,August,8,Tuesday,23,26,Urban,Medium Speed (Collector),No,31.77635833,-106.46115833,Non-Intersection,Dark - Lighted,Clear,Unknown,Unknown if Notified,Unknown EMS Scene Arrival Hour,Unknown if Arrived,Not Applicable (Not Transported),Not Applicable (Not Transported),1,Dark - Lighted,Clear,1,0,['Driver'],['Shoulder_Lapbelt'],1,1,Valid,0.0,0.0,21.0,21.0,['Female'],0,0,3,4,3,Dry,Curve,Grade/Hillcrest,Lowest,No
33191,48,Texas,482268,0,2,2,0,2,NOT APPLICABLE,July,29,Saturday,4,17,Rural,High Speed (Arterial),Yes,32.01075278,-102.25905833,Complex/Circle,Dark - Lighted,Clear,Unknown,Unknown,Unknown EMS Scene Arrival Hour,Unknown EMS Scene Arrival Minutes,Unknown,Unknown EMS Hospital Arrival Time,1,Dark - Lighted,Clear,1,1,['Driver'],['Shoulder_Lapbelt'],0,0,Valid,0.0,0.0,68.0,30.0,"['Female', 'Male']",0,0,3,1,5,Dry,Straight,Level,Lowest,No
33192,48,Texas,482270,0,1,1,0,1,NOT APPLICABLE,August,6,Sunday,10,10,Rural,Medium Speed (Collector),No,29.98610556,-97.49660556,Non-Intersection,Daylight,Clear,Unknown,Unknown if Notified,Unknown EMS Scene Arrival Hour,Unknown if Arrived,Not Applicable (Not Transported),Not Applicable (Not Transported),1,Daylight,Clear,1,0,['Driver'],['None_Used'],0,0,Valid,0.0,0.0,33.0,33.0,['Male'],1,0,5,1,3,Dry,Curve,Level,Lowest,No
33193,48,Texas,482271,0,2,2,0,2,FORT WORTH,August,15,Tuesday,7,45,Urban,Medium Speed (Collector),No,32.752375,-97.33381111,Complex/Circle,Daylight,Clear,Unknown,Unknown,Unknown EMS Scene Arrival Hour,Unknown EMS Scene Arrival Minutes,Unknown,Unknown EMS Hospital Arrival Time,1,Daylight,Clear,1,1,['Driver'],['None_Used'],0,0,Valid,2.0,0.0,47.0,40.0,"['Female', 'Male']",1,0,5,2,5,Dry,Straight,Level,Lowest,No
33194,48,Texas,482272,0,2,2,0,3,NOT APPLICABLE,July,30,Sunday,15,32,Urban,Medium Speed (Collector),No,32.4248,-97.31886389,Non-Intersection,Daylight,Clear,Unknown,Unknown,Unknown EMS Scene Arrival Hour,Unknown EMS Scene Arrival Minutes,Unknown,Unknown EMS Hospital Arrival Time,1,Daylight,Clear,1,2,['Driver'],['Shoulder_Lapbelt'],0,0,Valid,0.0,0.0,42.0,37.0,"['Female', 'Female']",2,0,3,1,5,Dry,Curve,Level,Lowest,No
33195,48,Texas,482273,0,2,2,0,2,NOT APPLICABLE,July,25,Tuesday,21,59,Urban,Medium Speed (Collector),No,29.21732222,-98.48890278,Simple Junction,Dark - Not Lighted,Clear,Unknown,Unknown if Notified,Unknown EMS Scene Arrival Hour,Unknown if Arrived,Not Applicable (Not Transported),Not Applicable (Not Transported),1,Dark - Unlighted,Clear,1,1,['Driver'],['Shoulder_Lapbelt'],1,1,Invalid,0.0,0.0,61.0,37.0,"['Male', 'Male']",1,0,4,2,5,Dry,Straight,Level,Lowest,No
33196,48,Texas,482274,0,2,2,0,3,NOT APPLICABLE,August,11,Friday,17,18,Rural,Medium Speed (Collector),No,31.94788889,-95.954875,Non-Intersection,Daylight,Clear,Unknown,Unknown,Unknown EMS Scene Arrival Hour,Unknown EMS Scene Arrival Minutes,Unknown,Unknown EMS Hospital Arrival Time,2,Daylight,Clear,2,1,"['Driver', 'Driver']","['Shoulder_Lapbelt', 'Shoulder_Lapbelt']",0,0,Invalid,0.0,0.0,36.0,23.0,"['Male', 'Male']",0,0,3,1,5,Dry,Curve,Grade/Hillcrest,Lowest,No
33197,48,Texas,482275,0,2,2,0,2,LUBBOCK,August,13,Sunday,12,6,Urban,High Speed (Arterial),Yes,33.577775,-101.93978611,Complex/Circle,Daylight,Clear,Unknown,Unknown,Unknown EMS Scene Arrival Hour,Unknown EMS Scene Arrival Minutes,Unknown,Unknown EMS Hospital Arrival Time,1,Daylight,Clear,1,1,['Driver'],['None_Used'],0,0,Valid,0.0,0.0,82.0,23.0,"['Female', 'Male']",0,0,5,2,5,Dry,Straight,Level,Lowest,No
33198,48,Texas,482276,0,2,2,0,2,NOT APPLICABLE,August,8,Tuesday,21,47,Urban,High Speed (Arterial),Yes,29.92941944,-95.30007222,Non-Intersection,Dark - Lighted,Clear,Unknown,Unknown if Notified,Unknown EMS Scene Arrival Hour,Unknown if Arrived,Not Applicable (Not Transported),Not Applicable (Not Transported),1,Dark - Lighted,Clear,1,1,['Driver'],['None_Used'],1,1,Valid,0.0,0.0,68.0,61.0,"['Male', 'Male']",1,0,5,2,5,Dry,Straight,Grade/Hillcrest,Lowest,No
33199,48,Texas,482277,0,2,2,0,2,LANCASTER,August,14,Monday,20,50,Urban,Medium Speed (Collector),No,32.62903611,-96.78512778,Non-Intersection,Dark - Lighted,Clear,Unknown,Unknown,Unknown EMS Scene Arrival Hour,Unknown EMS Scene Arrival Minutes,Unknown,Unknown EMS Hospital Arrival Time,1,Dark - Lighted,Clear,1,1,['Driver'],['None_Used'],0,0,Invalid,0.0,0.0,46.0,25.0,"['Male', 'Male']",1,0,5,1,5,Dry,Straight,Level,Lowest,No
33200,48,Texas,482278,1,1,1,0,2,NOT APPLICABLE,August,5,Saturday,21,10,Rural,High Speed (Arterial),Yes,31.75958611,-99.34981111,Non-Intersection,Dark - Not Lighted,Clear,Unknown,Unknown if Notified,Unknown EMS Scene Arrival Hour,Unknown if Arrived,Not Applicable (Not Transported),Not Applicable (Not Transported),1,Dark - Unlighted,Clear,0,2,[],[],0,0,Invalid,0.0,0.0,62.0,62.0,['Male'],0,0,3,1,4,Dry,Straight,Level,Lowest,No
33201,48,Texas,482279,0,2,2,0,6,AUSTIN,July,30,Sunday,2,32,Urban,Medium Speed (Collector),No,30.20395278,-97.76016667,Non-Intersection,Dark - Lighted,Clear,Unknown,Unknown,Unknown EMS Scene Arrival Hour,Unknown EMS Scene Arrival Minutes,Unknown,Unknown EMS Hospital Arrival Time,4,Dark - Lighted,Clear,4,2,"['Driver', 'Rear_Seat', 'Rear_Seat', 'Rear_Seat']","['Shoulder_Lapbelt', 'Shoulder_Lapbelt', 'Shoulder_Lapbelt', 'Shoulder_Lapbelt']",1,1,Invalid,1.0,0.0,50.0,35.0,"['Male', 'Female']",1,0,3,4,5,Dry,Straight,Level,Lowest,No
33202,48,Texas,482280,0,2,2,0,3,NOT APPLICABLE,July,29,Saturday,20,47,Rural,Medium Speed (Collector),No,33.69098333,-101.94007222,Non-Intersection,Daylight,Clear,Unknown,Unknown,Unknown EMS Scene Arrival Hour,Unknown EMS Scene Arrival Minutes,Unknown,Unknown EMS Hospital Arrival Time,1,Daylight,Clear,1,2,['Driver'],['None_Used'],1,1,Valid,0.0,0.0,34.0,29.0,"['Male', 'Male']",1,0,5,2,5,Dry,Straight,Level,Lowest,No
33203,48,Texas,482281,0,2,2,0,2,EL PASO,August,15,Tuesday,14,22,Urban,High Speed (Arterial),Yes,31.76372778,-106.50598611,Non-Intersection,Daylight,Clear,2:00pm-2:59pm,21,2:00pm-2:59pm,28,2:00pm-2:59pm,57,1,Daylight,Clear,1,1,['Driver'],['None_Used'],0,0,Valid,0.0,1.0,60.0,59.0,"['Male', 'Female']",1,0,5,1,5,Dry,Straight,Level,Lowest,No
33204,48,Texas,482282,0,1,1,0,1,ABERNATHY,August,11,Friday,14,2,Rural,High Speed (Arterial),Yes,33.83935278,-101.84169444,Non-Intersection,Daylight,Clear,Unknown,Unknown if Notified,Unknown EMS Scene Arrival Hour,Unknown if Arrived,Not Applicable (Not Transported),Not Applicable (Not Transported),1,Daylight,Clear,1,0,['Driver'],['None_Used'],0,0,Valid,0.0,0.0,55.0,55.0,['Male'],1,0,5,1,3,Dry,Curve,Grade/Hillcrest,Lowest,No
33205,48,Texas,482283,0,1,1,0,1,CEDAR PARK,August,11,Friday,23,48,Urban,High Speed (Arterial),Yes,30.52991944,-97.79955,Non-Intersection,Dark - Not Lighted,Clear,Unknown,Unknown if Notified,Unknown EMS Scene Arrival Hour,Unknown if Arrived,Not Applicable (Not Transported),Not Applicable (Not Transported),1,Dark - Unlighted,Clear,1,0,['Driver'],['None_Used'],1,1,Valid,0.0,0.0,18.0,18.0,['Female'],0,0,3,1,3,Dry,Straight,Level,Lowest,No
33206,48,Texas,482284,0,1,1,0,1,ALTON,July,26,Wednesday,21,6,Urban,Low Speed (Local),No,26.272625,-98.33250556,Non-Intersection,Dark - Not Lighted,Clear,Unknown,Unknown if Notified,Unknown EMS Scene Arrival Hour,Unknown if Arrived,Not Applicable (Not Transported),Not Applicable (Not Transported),1,Dark - Unlighted,Clear,1,0,['Driver'],['Shoulder_Lapbelt'],0,0,Invalid,0.0,0.0,39.0,39.0,['Male'],1,0,2,1,3,Dry,Straight,Level,Lowest,No
33207,48,Texas,482285,0,2,2,0,2,NOT APPLICABLE,August,1,Tuesday,17,7,Urban,High Speed (Arterial),Yes,33.011,-97.43811667,Non-Intersection,Daylight,Clear,Unknown,Unknown if Notified,Unknown EMS Scene Arrival Hour,Unknown if Arrived,Not Applicable (Not Transported),Not Applicable (Not Transported),1,Daylight,Clear,1,1,['Driver'],['Shoulder_Lapbelt'],0,0,Valid,0.0,3.0,42.0,29.0,"['Male', 'Female']",1,0,4,2,5,Dry,Straight,Level,Lowest,No
33208,48,Texas,482286,0,3,3,0,7,NOT APPLICABLE,August,6,Sunday,2,46,Urban,Low Speed (Local),No,29.936325,-95.69685278,Complex/Circle,Dark - Not Lighted,Cloudy,Unknown,Unknown,Unknown EMS Scene Arrival Hour,Unknown EMS Scene Arrival Minutes,Unknown,Unknown EMS Hospital Arrival Time,3,Dark - Unlighted,Reduced Visibility,3,4,"['Driver', 'Rear_Seat', 'Front_Passenger']","['None_Used', 'None_Used', 'None_Used']",1,2,Valid,0.0,0.0,41.0,21.0,"['Male', 'Male', 'Female']",3,0,5,2,5,Dry,Straight,Level,Lowest,No
33209,48,Texas,482287,0,1,1,0,5,NOT APPLICABLE,August,6,Sunday,9,10,Rural,High Speed (Arterial),Yes,28.85640556,-98.38451389,Non-Intersection,Daylight,Clear,Unknown,Unknown,Unknown EMS Scene Arrival Hour,Unknown EMS Scene Arrival Minutes,Unknown,Unknown EMS Hospital Arrival Time,1,Daylight,Clear,1,4,['Rear_Seat'],['None_Used'],0,0,Valid,1.0,0.0,20.0,20.0,['Male'],0,0,3,1,3,Dry,Straight,Level,Medium,No
33210,48,Texas,482288,0,3,3,0,3,NOT APPLICABLE,July,26,Wednesday,17,20,Urban,Medium Speed (Collector),No,29.60361111,-98.11451389,Complex/Circle,Daylight,Cloudy,Unknown,Unknown if Notified,Unknown EMS Scene Arrival Hour,Unknown if Arrived,Not Applicable (Not Transported),Not Applicable (Not Transported),1,Daylight,Reduced Visibility,1,2,['Driver'],['None_Used'],0,0,Valid,0.0,0.0,32.0,17.0,"['Male', 'Male', 'Male']",1,0,5,1,5,Dry,Straight,Grade/Hillcrest,Lowest,No
33211,48,Texas,482289,0,2,2,0,4,NOT APPLICABLE,August,12,Saturday,21,35,Rural,Medium Speed (Collector),No,29.52744444,-97.92185278,Complex/Circle,Dark - Lighted,Clear,Unknown,Unknown,Unknown EMS Scene Arrival Hour,Unknown EMS Scene Arrival Minutes,Unknown,Unknown EMS Hospital Arrival Time,1,Dark - Lighted,Clear,1,3,['Driver'],['Shoulder_Lapbelt'],1,1,Valid,1.0,0.0,26.0,21.0,"['Male', 'Female']",0,0,3,1,5,Dry,Straight,Level,Lowest,No