,State_Code,State_Name,Crash_ID,Count_Non_Motorists,Count_Vehicles_Total,Count_Vehicle_Forms,Count_PVH_Involved,Count_Occupants_MV,City_Name,Month_Name,Day_of_Month,Day_of_Week,Crash_Hour,Crash_Minute,Area_Rural_Urban,Road_Functional_Class,On_NHS_Road,Latitude,Longitude,Intersection_Type,Light_Condition,Weather_Condition,Notif_Hour,Notif_Minute,Arrival_Hour,Arrival_Minute,Hospital_Hour,Hospital_Minute,Fatalities_Count,Clean_Light_Condition,Clean_Weather_Condition,Total_Killed,Total_Alive,Fatal_Seats_List,Killed_Restraint_List,Any_Driver_Drinking,Total_Drinking_Drivers,Driver_License_Category,Driver_Max_Prev_Accident_Count,Driver_Max_Prev_Speeding_Count,Max_Driver_Age,Min_Driver_Age,Driver_Sex_List,Total_Exceeding_Limit_Vehicles,Total_Too_Fast_Vehicles,Max_Vehicle_Type_Severity_5,Max_Vehicle_Damage_Rank,Max_Harmful_Event_Severity,Crash_Road_Surface_Condition,Crash_Horizontal_Alignment,Crash_Vertical_Profile,Crash_Impairment_Category,Crash_Vehicle_Defect
33212,48,Texas,482290,0,2,2,0,3,NOT APPLICABLE,July,19,Wednesday,20,50,Rural,Medium Speed (Collector),No,32.74727222,-98.04756111,Non-Intersection,Dusk,Clear,Unknown,Unknown if Notified,Unknown EMS Scene Arrival Hour,Unknown if Arrived,Not Applicable (Not Transported),Not Applicable (Not Transported),1,Twilight,Clear,1,2,['Driver'],['None_Used'],0,0,Valid,0.0,0.0,56.0,19.0,"['Male', 'Male']",1,0,5,1,5,Dry,Curve,Level,Lowest,No
33213,48,Texas,482291,0,2,2,0,2,WICHITA FALLS,July,19,Wednesday,18,39,Rural,Medium Speed (Collector),No,33.88293889,-98.60534722,Non-Intersection,Daylight,Clear,Unknown,Unknown if Notified,Unknown EMS Scene Arrival Hour,Unknown if Arrived,Not Applicable (Not Transported),Not Applicable (Not Transported),1,Daylight,Clear,1,1,['Driver'],['None_Used'],0,0,Valid,0.0,0.0,36.0,24.0,"['Male', 'Male']",1,0,5,1,5,Dry,Straight,Level,Lowest,No
33214,48,Texas,482292,1,1,1,0,1,HOUSTON,August,15,Tuesday,18,55,Urban,Low Speed (Local),No,29.78869722,-95.408875,Complex/Circle,Daylight,Clear,Unknown,Unknown,Unknown EMS Scene Arrival Hour,Unknown EMS Scene Arrival Minutes,7:00pm-7:59pm,42,1,Daylight,Clear,0,1,[],[],0,0,Invalid,0.0,0.0,71.0,71.0,['Male'],0,0,3,2,4,Dry,Straight,Level,Lowest,No
33215,48,Texas,482293,0,2,2,0,2,NOT APPLICABLE,July,27,Thursday,20,41,Rural,High Speed (Arterial),Yes,30.73481944,-98.03483889,Non-Intersection,Dark - Lighted,Clear,Unknown,Unknown,Unknown EMS Scene Arrival Hour,Unknown EMS Scene Arrival Minutes,Unknown,Unknown EMS Hospital Arrival Time,1,Dark - Lighted,Clear,1,1,['Driver'],['Shoulder_Lapbelt'],1,1,Valid,1.0,2.0,38.0,22.0,"['Male', 'Female']",0,0,3,1,5,Dry,Curve,Grade/Hillcrest,Lowest,No
33216,48,Texas,482294,0,2,2,0,2,NOT APPLICABLE,August,9,Wednesday,12,17,Rural,High Speed (Arterial),Yes,30.22088611,-98.37991111,Non-Intersection,Daylight,Clear,Unknown,Unknown if Notified,Unknown EMS Scene Arrival Hour,Unknown if Arrived,Not Applicable (Not Transported),Not Applicable (Not Transported),1,Daylight,Clear,1,1,['Driver'],['None_Used'],1,1,Valid,1.0,0.0,55.0,25.0,"['Male', 'Male']",1,0,5,2,5,Dry,Straight,Level,Lowest,No
33217,48,Texas,482295,0,2,2,0,2,ROCKWALL,July,17,Monday,21,5,Urban,High Speed (Arterial),Yes,32.91350556,-96.44404722,Non-Intersection,Dark - Lighted,Clear,Unknown,Unknown,Unknown EMS Scene Arrival Hour,Unknown EMS Scene Arrival Minutes,Unknown,Unknown EMS Hospital Arrival Time,1,Dark - Lighted,Clear,1,1,['Driver'],['None_Used'],0,0,Valid,0.0,0.0,51.0,37.0,"['Male', 'Male']",0,0,4,2,5,Dry,Curve,Level,Lowest,No
33218,48,Texas,482296,0,2,2,0,2,CEDAR PARK,August,4,Friday,22,41,Urban,Medium Speed (Collector),No,30.507025,-97.79527778,Simple Junction,Dark - Lighted,Clear,Unknown,Unknown,Unknown EMS Scene Arrival Hour,Unknown EMS Scene Arrival Minutes,Unknown,Unknown EMS Hospital Arrival Time,1,Dark - Lighted,Clear,1,1,['Driver'],['None_Used'],0,0,Invalid,0.0,0.0,55.0,53.0,"['Male', 'Male']",0,0,5,2,5,Dry,Curve,Grade/Hillcrest,Lowest,No
33219,48,Texas,482297,0,3,3,0,3,CLEBURNE,August,11,Friday,14,44,Urban,Medium Speed (Collector),No,32.35512778,-97.42591111,Simple Junction,Daylight,Clear,Unknown,Unknown if Notified,Unknown EMS Scene Arrival Hour,Unknown if Arrived,Not Applicable (Not Transported),Not Applicable (Not Transported),1,Daylight,Clear,1,2,['Driver'],['None_Used'],0,0,Valid,0.0,0.0,82.0,30.0,"['Female', 'Male', 'Female']",0,0,5,2,5,Dry,Curve,Level,Lowest,No
33220,48,Texas,482298,0,2,2,0,3,NOT APPLICABLE,August,3,Thursday,13,52,Rural,High Speed (Arterial),Yes,32.22383611,-94.22776667,Non-Intersection,Daylight,Clear,Unknown,Unknown if Notified,Unknown EMS Scene Arrival Hour,Unknown if Arrived,Not Applicable (Not Transported),Not Applicable (Not Transported),2,Daylight,Clear,2,1,"['Driver', 'Front_Passenger']","['Shoulder_Lapbelt', 'Shoulder_Lapbelt']",0,0,Valid,0.0,0.0,34.0,28.0,"['Male', 'Female']",0,0,3,1,5,Dry,Straight,Level,Medium,No
33221,48,Texas,482299,0,1,1,0,1,EL PASO,August,16,Wednesday,0,57,Urban,High Speed (Arterial),Yes,31.7963,-106.44114167,Non-Intersection,Dark - Lighted,Clear,Unknown,Unknown if Notified,Unknown EMS Scene Arrival Hour,Unknown if Arrived,Not Applicable (Not Transported),Not Applicable (Not Transported),1,Dark - Lighted,Clear,1,0,['Driver'],['None_Used'],1,1,Invalid,0.0,0.0,47.0,47.0,['Male'],1,0,3,1,3,Dry,Straight,Level,Lowest,No
33222,48,Texas,482300,0,2,2,0,3,BUDA,August,16,Wednesday,19,13,Urban,Medium Speed (Collector),No,30.08545556,-97.87471667,Simple Junction,Daylight,Clear,Unknown,Unknown,Unknown EMS Scene Arrival Hour,Unknown EMS Scene Arrival Minutes,Unknown,Unknown EMS Hospital Arrival Time,1,Daylight,Clear,1,2,['Driver'],['Shoulder_Lapbelt'],0,0,Valid,0.0,1.0,33.0,20.0,"['Female', 'Male']",0,0,2,1,5,Dry,Straight,Level,Lowest,No
33223,48,Texas,482301,1,1,1,0,1,BURLESON,August,13,Sunday,0,45,Urban,High Speed (Arterial),Yes,32.48580833,-97.37688611,Non-Intersection,Dark - Not Lighted,Clear,Unknown,Unknown,Unknown EMS Scene Arrival Hour,Unknown EMS Scene Arrival Minutes,Unknown,Unknown EMS Hospital Arrival Time,1,Dark - Unlighted,Clear,0,1,[],[],0,0,Valid,0.0,0.0,19.0,19.0,['Female'],0,0,3,2,4,Dry,Straight,Level,Lowest,No
33224,48,Texas,482302,0,2,2,0,4,AMARILLO,August,10,Thursday,21,18,Urban,Medium Speed (Collector),No,35.171175,-101.84846389,Complex/Circle,Dark - Lighted,Clear,Unknown,Unknown,Unknown EMS Scene Arrival Hour,Unknown EMS Scene Arrival Minutes,Unknown,Unknown EMS Hospital Arrival Time,1,Dark - Lighted,Clear,1,3,['Driver'],['None_Used'],0,0,Valid,0.0,1.0,70.0,18.0,"['Male', 'Female']",1,0,5,4,5,Dry,Straight,Level,Lowest,No
33225,48,Texas,482303,1,1,1,0,1,HOUSTON,August,3,Thursday,21,5,Urban,High Speed (Arterial),Yes,29.77316389,-95.23283889,Non-Intersection,Dark - Not Lighted,Clear,Unknown,Unknown if Notified,Unknown EMS Scene Arrival Hour,Unknown if Arrived,Not Applicable (Not Transported),Not Applicable (Not Transported),1,Dark - Unlighted,Clear,0,1,[],[],0,0,Valid,0.0,1.0,35.0,35.0,['Male'],0,0,4,2,4,Dry,Straight,Level,Lowest,No
33226,48,Texas,482304,0,2,2,0,2,NOT APPLICABLE,August,13,Sunday,9,48,Urban,High Speed (Arterial),No,33.11358056,-96.15840833,Non-Intersection,Daylight,Clear,Unknown,Unknown if Notified,Unknown EMS Scene Arrival Hour,Unknown if Arrived,Not Applicable (Not Transported),Not Applicable (Not Transported),1,Daylight,Clear,1,1,['Driver'],['Shoulder_Lapbelt'],0,0,Valid,0.0,1.0,53.0,16.0,"['Male', 'Male']",1,0,4,4,5,Dry,Straight,Level,Lowest,No
33227,48,Texas,482305,1,1,1,0,1,FORT WORTH,August,14,Monday,18,12,Urban,Low Speed (Local),No,32.620325,-97.39375833,Non-Intersection,Daylight,Clear,Unknown,Unknown,Unknown EMS Scene Arrival Hour,Unknown EMS Scene Arrival Minutes,Unknown,Unknown EMS Hospital Arrival Time,1,Daylight,Clear,0,1,[],[],0,0,Valid,0.0,1.0,34.0,34.0,['Male'],0,0,3,2,4,Dry,Straight,Level,Lowest,No
33228,48,Texas,482306,0,2,2,0,2,HOUSTON,July,27,Thursday,12,13,Urban,High Speed (Arterial),Yes,29.67554167,-95.54246389,Non-Intersection,Daylight,Clear,Unknown,Unknown if Notified,Unknown EMS Scene Arrival Hour,Unknown if Arrived,Not Applicable (Not Transported),Not Applicable (Not Transported),1,Daylight,Clear,1,1,['Driver'],['None_Used'],0,0,Valid,0.0,0.0,53.0,40.0,"['Male', 'Male']",1,0,5,2,5,Dry,Straight,Level,Lowest,No
33229,48,Texas,482307,0,1,1,0,2,NOT APPLICABLE,August,9,Wednesday,0,21,Rural,High Speed (Arterial),Yes,31.27263056,-95.98745833,Non-Intersection,Dark - Lighted,Clear,Unknown,Unknown,Unknown EMS Scene Arrival Hour,Unknown EMS Scene Arrival Minutes,Unknown,Unknown EMS Hospital Arrival Time,1,Dark - Lighted,Clear,1,1,['Driver'],['None_Used'],0,0,Valid,0.0,0.0,34.0,34.0,['Male'],0,0,4,4,3,Dry,Curve,Level,Lowest,No
33230,48,Texas,482308,1,1,1,0,1,BROWNSVILLE,August,6,Sunday,21,17,Urban,High Speed (Arterial),Yes,25.94957778,-97.46884722,Non-Intersection,Dark - Not Lighted,Clear,Unknown,Unknown,Unknown EMS Scene Arrival Hour,Unknown EMS Scene Arrival Minutes,Unknown,Unknown EMS Hospital Arrival Time,1,Dark - Unlighted,Clear,0,1,[],[],0,0,Valid,0.0,0.0,23.0,23.0,['Female'],0,0,3,1,4,Dry,Straight,Level,Lowest,No
33231,48,Texas,482309,1,1,1,0,2,NOT APPLICABLE,August,13,Sunday,15,59,Urban,High Speed (Arterial),Yes,29.77094444,-95.17771389,Complex/Circle,Daylight,Clear,Unknown,Unknown,Unknown EMS Scene Arrival Hour,Unknown EMS Scene Arrival Minutes,Unknown,Unknown EMS Hospital Arrival Time,1,Daylight,Clear,0,1,[],[],1,1,Valid,0.0,0.0,29.0,29.0,['Male'],2,0,3,1,4,Dry,Straight,Level,Lowest,No
33232,48,Texas,482310,1,1,1,0,1,GLADEWATER,August,16,Wednesday,20,29,Urban,High Speed (Arterial),Yes,32.54498611,-94.93778056,Non-Intersection,Dusk,Clear,Unknown,Unknown,Unknown EMS Scene Arrival Hour,Unknown EMS Scene Arrival Minutes,Unknown,Unknown EMS Hospital Arrival Time,1,Twilight,Clear,0,1,[],[],0,0,Valid,0.0,0.0,34.0,34.0,['Female'],0,0,3,1,4,Dry,Straight,Level,Lowest,No
33233,48,Texas,482311,0,2,2,0,4,NOT APPLICABLE,August,12,Saturday,19,56,Urban,Medium Speed (Collector),No,29.48503889,-94.93604444,Complex/Circle,Daylight,Clear,7:00pm-7:59pm,56,8:00pm-8:59pm,5,8:00pm-8:59pm,42,2,Daylight,Clear,2,2,"['Driver', 'Rear_Seat']","['None_Used', 'None_Used']",1,1,Invalid,0.0,0.0,37.0,18.0,"['Male', 'Male']",2,0,5,1,5,Dry,Curve,Grade/Hillcrest,Lowest,No
33234,48,Texas,482312,0,1,1,0,1,HOUSTON,July,23,Sunday,2,39,Urban,Low Speed (Local),No,29.79361389,-95.31599167,Non-Intersection,Dark - Lighted,Clear,Unknown,Unknown if Notified,Unknown EMS Scene Arrival Hour,Unknown if Arrived,Not Applicable (Not Transported),Not Applicable (Not Transported),1,Dark - Lighted,Clear,1,0,['Driver'],['None_Used'],1,1,Valid,0.0,0.0,50.0,50.0,['Female'],1,0,2,2,2,Dry,Straight,Level,Lowest,No
33235,48,Texas,482313,0,2,2,0,2,BIG SPRING,August,4,Friday,9,23,Urban,High Speed (Arterial),Yes,32.24965278,-101.43698333,Non-Intersection,Daylight,Clear,Unknown,Unknown,Unknown EMS Scene Arrival Hour,Unknown EMS Scene Arrival Minutes,Unknown,Unknown EMS Hospital Arrival Time,1,Daylight,Clear,1,1,['Driver'],['None_Used'],0,0,Valid,0.0,1.0,90.0,31.0,"['Male', 'Male']",1,0,2,1,5,Dry,Straight,Level,Lowest,No
33236,48,Texas,482314,0,2,2,0,2,NOT APPLICABLE,August,12,Saturday,23,50,Rural,High Speed (Arterial),Yes,31.67378333,-97.50801944,Non-Intersection,Dark - Not Lighted,Clear,Unknown,Unknown,Unknown EMS Scene Arrival Hour,Unknown EMS Scene Arrival Minutes,Unknown,Unknown EMS Hospital Arrival Time,1,Dark - Unlighted,Clear,1,1,['Driver'],['None_Used'],0,0,Valid,1.0,0.0,47.0,29.0,"['Male', 'Female']",1,0,5,1,5,Dry,Curve,Grade/Hillcrest,Lowest,No
33237,48,Texas,482315,0,2,1,1,1,CORPUS CHRISTI,April,16,Sunday,4,49,Urban,Low Speed (Local),No,27.77793056,-97.43091944,Non-Intersection,Dark - Lighted,Clear,Unknown,Unknown,Unknown EMS Scene Arrival Hour,Unknown EMS Scene Arrival Minutes,Unknown,Unknown EMS Hospital Arrival Time,1,Dark - Lighted,Clear,1,0,['Driver'],['Shoulder_Lapbelt'],1,1,Invalid,0.0,0.0,27.0,27.0,['Male'],1,0,3,1,3,Dry,Straight,Level,Lowest,No
33238,48,Texas,482316,0,1,1,0,1,CORPUS CHRISTI,August,7,Monday,2,14,Urban,High Speed (Arterial),Yes,27.65562778,-97.25724167,Non-Intersection,Dark - Lighted,Cloudy,Unknown,Unknown if Notified,Unknown EMS Scene Arrival Hour,Unknown if Arrived,Not Applicable (Not Transported),Not Applicable (Not Transported),1,Dark - Lighted,Reduced Visibility,1,0,['Driver'],['None_Used'],1,1,Valid,0.0,0.0,34.0,34.0,['Male'],1,0,5,4,3,Dry,Curve,Level,Lowest,No
33239,48,Texas,482317,0,1,1,0,1,GARLAND,August,13,Sunday,1,59,Urban,Medium Speed (Collector),No,32.93071389,-96.64929722,Non-Intersection,Dark - Lighted,Clear,Unknown,Unknown,Unknown EMS Scene Arrival Hour,Unknown EMS Scene Arrival Minutes,Unknown,Unknown EMS Hospital Arrival Time,1,Dark - Lighted,Clear,1,0,['Driver'],['None_Used'],1,1,Valid,0.0,0.0,57.0,57.0,['Female'],1,0,3,1,3,Dry,Curve,Level,Lowest,No
33240,48,Texas,482318,0,2,2,0,2,NOT APPLICABLE,August,9,Wednesday,18,59,Urban,Medium Speed (Collector),No,29.89794167,-95.31453333,Non-Intersection,Daylight,Clear,Unknown,Unknown,Unknown EMS Scene Arrival Hour,Unknown EMS Scene Arrival Minutes,Unknown,Unknown EMS Hospital Arrival Time,1,Daylight,Clear,1,1,['Driver'],['None_Used'],0,0,Invalid,0.0,0.0,24.0,22.0,"['Male', 'Male']",0,0,2,1,5,Dry,Straight,Level,Lowest,No
33241,48,Texas,482319,1,1,1,0,1,NOT APPLICABLE,August,15,Tuesday,23,0,Urban,High Speed (Arterial),Yes,29.89758611,-95.45269167,Non-Intersection,Dark - Not Lighted,Clear,Unknown,Unknown,Unknown EMS Scene Arrival Hour,Unknown EMS Scene Arrival Minutes,Unknown,Unknown EMS Hospital Arrival Time,1,Dark - Unlighted,Clear,0,1,[],[],0,0,Valid,0.0,0.0,25.0,25.0,['Male'],0,0,2,2,4,Dry,Straight,Level,Lowest,No
33242,48,Texas,482320,0,2,2,0,2,TYLER,August,18,Friday,19,14,Urban,High Speed (Arterial),Yes,32.24533889,-95.30911389,Non-Intersection,Daylight,Clear,Unknown,Unknown,Unknown EMS Scene Arrival Hour,Unknown EMS Scene Arrival Minutes,Unknown,Unknown EMS Hospital Arrival Time,1,Daylight,Clear,1,1,['Driver'],['Shoulder_Lapbelt'],0,0,Valid,0.0,0.0,43.0,36.0,"['Male', 'Female']",0,0,3,2,5,Dry,Straight,Grade/Hillcrest,Lowest,No
33243,48,Texas,482321,1,1,1,0,1,MCKINNEY,August,9,Wednesday,5,24,Urban,Medium Speed (Collector),No,33.18198611,-96.75008333,Complex/Circle,Dark - Lighted,Clear,Unknown,Unknown if Notified,Unknown EMS Scene Arrival Hour,Unknown if Arrived,Not Applicable (Not Transported),Not Applicable (Not Transported),1,Dark - Lighted,Clear,0,1,[],[],0,0,Valid,0.0,0.0,34.0,34.0,['Male'],0,0,3,2,4,Dry,Straight,Level,Lowest,No
33244,48,Texas,482322,0,1,1,0,1,FORT WORTH,August,18,Friday,23,18,Urban,Low Speed (Local),No,32.79933889,-97.36010833,Non-Intersection,Dark - Not Lighted,Clear,Unknown,Unknown,Unknown EMS Scene Arrival Hour,Unknown EMS Scene Arrival Minutes,Unknown,Unknown EMS Hospital Arrival Time,1,Dark - Unlighted,Clear,1,0,['Driver'],['None_Used'],0,0,Valid,0.0,0.0,51.0,51.0,['Male'],1,0,5,1,3,Dry,Straight,Level,Lowest,No
33245,48,Texas,482323,0,2,2,0,2,PORT ARTHUR,August,19,Saturday,13,48,Urban,Low Speed (Local),No,29.92243889,-93.92266111,Complex/Circle,Daylight,Clear,Unknown,Unknown,Unknown EMS Scene Arrival Hour,Unknown EMS Scene Arrival Minutes,Unknown,Unknown EMS Hospital Arrival Time,1,Daylight,Clear,1,1,['Driver'],['None_Used'],0,0,Invalid,0.0,0.0,22.0,20.0,"['Male', 'Male']",0,0,5,2,5,Dry,Straight,Level,Lowest,No
33246,48,Texas,482324,0,1,1,0,1,BAYTOWN,August,13,Sunday,4,36,Urban,Medium Speed (Collector),No,29.72970556,-95.01042222,Non-Intersection,Dark - Lighted,Clear,Unknown,Unknown if Notified,Unknown EMS Scene Arrival Hour,Unknown if Arrived,Not Applicable (Not Transported),Not Applicable (Not Transported),1,Dark - Lighted,Clear,1,0,['Driver'],['None_Used'],1,1,Invalid,0.0,0.0,18.0,18.0,['Male'],1,0,3,4,2,Dry,Curve,Level,Lowest,No
33247,48,Texas,482325,0,1,1,0,1,WACO,August,19,Saturday,11,6,Urban,Medium Speed (Collector),No,31.51472222,-97.18440556,Non-Intersection,Daylight,Clear,Unknown,Unknown if Notified,Unknown EMS Scene Arrival Hour,Unknown if Arrived,Not Applicable (Not Transported),Not Applicable (Not Transported),1,Daylight,Clear,1,0,['Driver'],['None_Used'],0,0,Valid,0.0,0.0,19.0,19.0,['Male'],1,0,5,1,2,Dry,Curve,Level,Lowest,No
33248,48,Texas,482326,0,2,2,0,2,FORT WORTH,August,20,Sunday,0,7,Urban,Medium Speed (Collector),No,32.65931944,-97.35768611,Non-Intersection,Dark - Not Lighted,Clear,Unknown,Unknown,Unknown EMS Scene Arrival Hour,Unknown EMS Scene Arrival Minutes,Unknown,Unknown EMS Hospital Arrival Time,1,Dark - Unlighted,Clear,1,1,['Driver'],['Shoulder_Lapbelt'],1,1,Invalid,0.0,0.0,25.0,20.0,"['Male', 'Male']",1,0,3,1,5,Dry,Straight,Level,Lowest,No
33249,48,Texas,482328,1,4,4,0,5,HOUSTON,July,24,Monday,15,15,Urban,Medium Speed (Collector),No,29.62578611,-95.33945833,Complex/Circle,Daylight,Clear,Unknown,Unknown,Unknown EMS Scene Arrival Hour,Unknown EMS Scene Arrival Minutes,Unknown,Unknown EMS Hospital Arrival Time,1,Daylight,Clear,0,5,[],[],1,1,Valid,1.0,1.0,40.0,24.0,"['Male', 'Male', 'Male', 'Male']",1,0,3,2,5,Dry,Curve,Level,Lowest,No
33250,48,Texas,482330,1,1,1,0,1,MCKINNEY,August,16,Wednesday,21,11,Urban,High Speed (Arterial),Yes,33.2168,-96.64398889,Complex/Circle,Dark - Lighted,Clear,Unknown,Unknown,Unknown EMS Scene Arrival Hour,Unknown EMS Scene Arrival Minutes,Unknown,Unknown EMS Hospital Arrival Time,1,Dark - Lighted,Clear,0,0,[],[],0,0,Invalid,0.0,0.0,999.0,999.0,['Male'],0,0,1,0,4,Dry,Straight,Level,Lowest,No
33251,48,Texas,482331,0,1,1,0,1,NOT APPLICABLE,August,12,Saturday,13,27,Rural,High Speed (Arterial),Yes,33.72570833,-97.16081389,Non-Intersection,Daylight,Clear,Unknown,Unknown,Unknown EMS Scene Arrival Hour,Unknown EMS Scene Arrival Minutes,Not Applicable (Not Transported),Not Applicable (Not Transported),1,Daylight,Clear,1,0,['Driver'],['None_Used'],1,1,Valid,0.0,0.0,43.0,43.0,['Male'],1,0,5,1,3,Dry,Curve,Level,Lowest,No
33252,48,Texas,482332,0,1,1,0,3,NOT APPLICABLE,August,13,Sunday,0,45,Rural,Medium Speed (Collector),No,32.35494444,-97.32136667,Non-Intersection,Dark - Not Lighted,Clear,Unknown,Unknown,Unknown EMS Scene Arrival Hour,Unknown EMS Scene Arrival Minutes,Unknown,Unknown EMS Hospital Arrival Time,2,Dark - Unlighted,Clear,2,1,"['Driver', 'Front_Passenger']","['None_Used', 'None_Used']",0,0,Valid,0.0,0.0,22.0,22.0,['Male'],0,0,2,1,3,Dry,Curve,Level,Lowest,No
33253,48,Texas,482333,1,2,1,1,1,NOT APPLICABLE,July,23,Sunday,9,20,Rural,Low Speed (Local),No,31.83061111,-101.54916667,Non-Intersection,Daylight,Clear,Unknown,Unknown if Notified,Unknown EMS Scene Arrival Hour,Unknown if Arrived,Not Applicable (Not Transported),Not Applicable (Not Transported),1,Daylight,Clear,0,1,[],[],0,0,Invalid,0.0,0.0,60.0,60.0,['Male'],1,0,3,1,4,Dry,Straight,Level,Lowest,No
33254,48,Texas,482334,0,2,2,0,3,COMANCHE,August,19,Saturday,21,50,Rural,High Speed (Arterial),Yes,31.89738056,-98.60508056,Complex/Circle,Dark - Lighted,Clear,Unknown,Unknown if Notified,Unknown EMS Scene Arrival Hour,Unknown if Arrived,Not Applicable (Not Transported),Not Applicable (Not Transported),1,Dark - Lighted,Clear,1,2,['Driver'],['None_Used'],1,1,Valid,0.0,0.0,46.0,20.0,"['Male', 'Male']",0,0,5,1,5,Dry,Straight,Level,Lowest,No
33255,48,Texas,482335,0,1,1,0,1,NOT APPLICABLE,August,20,Sunday,3,25,Rural,Low Speed (Local),No,32.63303889,-97.81885,Non-Intersection,Dark - Not Lighted,Clear,Unknown,Unknown if Notified,Unknown EMS Scene Arrival Hour,Unknown if Arrived,Not Applicable (Not Transported),Not Applicable (Not Transported),1,Dark - Unlighted,Clear,1,0,['Driver'],['None_Used'],0,0,Invalid,0.0,0.0,39.0,39.0,['Male'],1,0,2,4,3,Dry,Straight,Grade/Hillcrest,Lowest,No
33256,48,Texas,482336,0,1,1,0,6,NOT APPLICABLE,August,5,Saturday,22,55,Rural,Medium Speed (Collector),No,32.89896111,-101.99456944,Non-Intersection,Dark - Not Lighted,Clear,Unknown,Unknown,Unknown EMS Scene Arrival Hour,Unknown EMS Scene Arrival Minutes,Unknown,Unknown EMS Hospital Arrival Time,1,Dark - Unlighted,Clear,1,5,['Driver'],['None_Used'],0,0,Valid,0.0,0.0,31.0,31.0,['Female'],0,0,3,1,3,Dry,Straight,Level,Lowest,No
33257,48,Texas,482337,0,3,3,0,3,NOT APPLICABLE,August,10,Thursday,5,41,Rural,Medium Speed (Collector),No,32.94382778,-102.80896944,Complex/Circle,Dark - Lighted,Clear,Unknown,Unknown if Notified,Unknown EMS Scene Arrival Hour,Unknown if Arrived,Not Applicable (Not Transported),Not Applicable (Not Transported),1,Dark - Lighted,Clear,1,2,['Driver'],['None_Used'],0,0,Valid,0.0,1.0,37.0,28.0,"['Male', 'Male', 'Male']",0,0,5,2,5,Dry,Straight,Level,Lowest,No
33258,48,Texas,482338,0,1,1,0,1,PLANO,August,16,Wednesday,2,23,Urban,Low Speed (Local),No,33.03945833,-96.83015556,Non-Intersection,Dark - Lighted,Clear,Unknown,Unknown,Unknown EMS Scene Arrival Hour,Unknown EMS Scene Arrival Minutes,Not Applicable (Not Transported),Not Applicable (Not Transported),1,Dark - Lighted,Clear,1,0,['Driver'],['Shoulder_Lapbelt'],1,1,Valid,0.0,0.0,27.0,27.0,['Male'],1,0,3,1,3,Dry,Curve,Level,Lowest,No
33259,48,Texas,482339,0,1,1,0,2,NOT APPLICABLE,August,8,Tuesday,3,46,Rural,Medium Speed (Collector),No,31.93316389,-97.31879722,Non-Intersection,Dark - Not Lighted,Clear,Unknown,Unknown if Notified,Unknown EMS Scene Arrival Hour,Unknown if Arrived,Not Applicable (Not Transported),Not Applicable (Not Transported),1,Dark - Unlighted,Clear,1,1,['Front_Passenger'],['None_Used'],0,0,Valid,0.0,0.0,53.0,53.0,['Male'],0,0,3,2,1,Dry,Straight,Level,Lowest,Yes
33260,48,Texas,482340,0,1,1,0,3,NOT APPLICABLE,August,10,Thursday,10,49,Rural,High Speed (Arterial),Yes,28.17556944,-97.87071667,Non-Intersection,Daylight,Clear,Unknown,Unknown,Unknown EMS Scene Arrival Hour,Unknown EMS Scene Arrival Minutes,Unknown,Unknown EMS Hospital Arrival Time,1,Daylight,Clear,1,2,['Rear_Seat'],['None_Used'],0,0,Valid,0.0,0.0,65.0,65.0,['Female'],3,0,2,1,3,Dry,Curve,Grade/Hillcrest,Lowest,No
33261,48,Texas,482341,0,1,1,0,1,NOT APPLICABLE,August,13,Sunday,23,40,Rural,Medium Speed (Collector),No,27.58578611,-97.60581389,Non-Intersection,Dark - Not Lighted,Reported as Unknown,Unknown,Unknown if Notified,Unknown EMS Scene Arrival Hour,Unknown if Arrived,Not Applicable (Not Transported),Not Applicable (Not Transported),1,Dark - Unlighted,Clear,1,0,['Driver'],['None_Used'],1,1,Valid,0.0,0.0,29.0,29.0,['Male'],1,0,2,1,3,Dry,Curve,Grade/Hillcrest,Lowest,No
33262,48,Texas,482342,0,1,1,0,2,HOUSTON,August,9,Wednesday,2,42,Urban,High Speed (Arterial),No,29.71005278,-95.557575,Non-Intersection,Dark - Lighted,Clear,Unknown,Unknown,Unknown EMS Scene Arrival Hour,Unknown EMS Scene Arrival Minutes,Unknown,Unknown EMS Hospital Arrival Time,1,Dark - Lighted,Clear,1,1,['Front_Passenger'],['None_Used'],1,1,Invalid,0.0,0.0,32.0,32.0,['Male'],0,0,3,1,3,Dry,Straight,Grade/Hillcrest,Lowest,No
33263,48,Texas,482343,0,1,1,0,1,NOT APPLICABLE,July,23,Sunday,14,10,Rural,Medium Speed (Collector),No,32.561025,-95.400075,Non-Intersection,Daylight,Cloudy,Unknown,Unknown,Unknown EMS Scene Arrival Hour,Unknown EMS Scene Arrival Minutes,Unknown,Unknown EMS Hospital Arrival Time,1,Daylight,Reduced Visibility,1,0,['Driver'],['None_Used'],0,0,Valid,0.0,0.0,70.0,70.0,['Male'],0,0,5,1,3,Dry,Curve,Grade/Hillcrest,Lowest,Yes