,State_Code,State_Name,Crash_ID,Count_Non_Motorists,Count_Vehicles_Total,Count_Vehicle_Forms,Count_PVH_Involved,Count_Occupants_MV,City_Name,Month_Name,Day_of_Month,Day_of_Week,Crash_Hour,Crash_Minute,Area_Rural_Urban,Road_Functional_Class,On_NHS_Road,Latitude,Longitude,Intersection_Type,Light_Condition,Weather_Condition,Notif_Hour,Notif_Minute,Arrival_Hour,Arrival_Minute,Hospital_Hour,Hospital_Minute,Fatalities_Count,Clean_Light_Condition,Clean_Weather_Condition,Total_Killed,Total_Alive,Fatal_Seats_List,Killed_Restraint_List,Any_Driver_Drinking,Total_Drinking_Drivers,Driver_License_Category,Driver_Max_Prev_Accident_Count,Driver_Max_Prev_Speeding_Count,Max_Driver_Age,Min_Driver_Age,Driver_Sex_List,Total_Exceeding_Limit_Vehicles,Total_Too_Fast_Vehicles,Max_Vehicle_Type_Severity_5,Max_Vehicle_Damage_Rank,Max_Harmful_Event_Severity,Crash_Road_Surface_Condition,Crash_Horizontal_Alignment,Crash_Vertical_Profile,Crash_Impairment_Category,Crash_Vehicle_Defect
33264,48,Texas,482344,0,1,1,0,1,MIDLOTHIAN,August,12,Saturday,0,11,Urban,High Speed (Arterial),Yes,32.47285,-96.9761,Non-Intersection,Dark - Lighted,Clear,Unknown,Unknown,Unknown EMS Scene Arrival Hour,Unknown EMS Scene Arrival Minutes,Unknown,Unknown EMS Hospital Arrival Time,1,Dark - Lighted,Clear,1,0,['Driver'],['None_Used'],1,1,Valid,0.0,1.0,45.0,45.0,['Male'],0,0,5,1,3,Dry,Straight,Grade/Hillcrest,Lowest,No
33265,48,Texas,482345,1,2,1,1,1,WESTLAKE,August,13,Sunday,0,3,Urban,High Speed (Arterial),Yes,32.99310278,-97.19371667,Non-Intersection,Dark - Lighted,Clear,Unknown,Unknown if Notified,Unknown EMS Scene Arrival Hour,Unknown if Arrived,Not Applicable (Not Transported),Not Applicable (Not Transported),1,Dark - Lighted,Clear,1,0,['Driver'],['Shoulder_Lapbelt'],0,0,Valid,1.0,1.0,28.0,28.0,['Male'],0,0,2,1,5,Dry,Curve,Level,Lowest,No
33266,48,Texas,482346,0,2,2,0,3,NOT APPLICABLE,August,7,Monday,20,43,Urban,Medium Speed (Collector),No,30.74126389,-97.79178889,Simple Junction,Dark - Not Lighted,Clear,Unknown,Unknown if Notified,Unknown EMS Scene Arrival Hour,Unknown if Arrived,Not Applicable (Not Transported),Not Applicable (Not Transported),1,Dark - Unlighted,Clear,1,2,['Driver'],['Shoulder_Lapbelt'],0,0,Valid,1.0,1.0,72.0,39.0,"['Female', 'Male']",0,0,4,4,5,Dry,Straight,Level,Lowest,No
33267,48,Texas,482347,0,2,2,0,3,JACKSONVILLE,August,12,Saturday,17,11,Urban,High Speed (Arterial),Yes,32.00553611,-95.27791667,Complex/Circle,Daylight,Clear,Unknown,Unknown,Unknown EMS Scene Arrival Hour,Unknown EMS Scene Arrival Minutes,Not Applicable (Not Transported),Not Applicable (Not Transported),1,Daylight,Clear,1,2,['Driver'],['None_Used'],0,0,Invalid,0.0,1.0,53.0,21.0,"['Male', 'Male']",0,0,5,1,5,Dry,Straight,Level,Lowest,No
33268,48,Texas,482348,0,2,2,0,2,BEAUMONT,August,12,Saturday,1,46,Urban,High Speed (Arterial),Yes,30.08409167,-94.1533,Simple Junction,Dark - Lighted,Clear,Unknown,Unknown if Notified,Unknown EMS Scene Arrival Hour,Unknown if Arrived,Not Applicable (Not Transported),Not Applicable (Not Transported),1,Dark - Lighted,Clear,1,1,['Driver'],['None_Used'],1,1,Valid,0.0,1.0,39.0,38.0,"['Male', 'Male']",0,0,3,1,5,Dry,Curve,Level,Lowest,No
33269,48,Texas,482349,0,2,2,0,4,NOT APPLICABLE,August,11,Friday,6,50,Rural,Medium Speed (Collector),No,32.06311389,-102.71020833,Non-Intersection,Daylight,Clear,Unknown,Unknown,Unknown EMS Scene Arrival Hour,Unknown EMS Scene Arrival Minutes,Unknown,Unknown EMS Hospital Arrival Time,2,Daylight,Clear,2,2,"['Driver', 'Rear_Seat']","['Shoulder_Lapbelt', 'Shoulder_Lapbelt']",1,1,Valid,0.0,0.0,41.0,31.0,"['Male', 'Male']",0,0,3,1,5,Dry,Straight,Level,Medium,No
33270,48,Texas,482350,0,2,2,0,2,NOT APPLICABLE,August,12,Saturday,16,24,Rural,Medium Speed (Collector),No,32.08457778,-97.74989722,Non-Intersection,Daylight,Clear,Unknown,Unknown if Notified,Unknown EMS Scene Arrival Hour,Unknown if Arrived,Not Applicable (Not Transported),Not Applicable (Not Transported),2,Daylight,Clear,2,0,"['Driver', 'Driver']","['None_Used', 'Shoulder_Lapbelt']",0,0,Valid,0.0,0.0,70.0,48.0,"['Female', 'Male']",0,0,3,1,5,Dry,Straight,Level,Lowest,No
33271,48,Texas,482351,0,2,2,0,3,NOT APPLICABLE,August,12,Saturday,12,36,Rural,Medium Speed (Collector),No,31.173225,-97.90990833,Non-Intersection,Daylight,Clear,Unknown,Unknown,Unknown EMS Scene Arrival Hour,Unknown EMS Scene Arrival Minutes,Unknown,Unknown EMS Hospital Arrival Time,1,Daylight,Clear,1,2,['Driver'],['Shoulder_Lapbelt'],0,0,Valid,0.0,0.0,48.0,46.0,"['Male', 'Male']",0,0,3,1,5,Dry,Straight,Level,Lowest,No
33272,48,Texas,482352,0,3,3,0,4,NOT APPLICABLE,August,9,Wednesday,14,20,Rural,Medium Speed (Collector),No,31.27843333,-97.52463611,Complex/Circle,Daylight,Clear,Unknown,Unknown,Unknown EMS Scene Arrival Hour,Unknown EMS Scene Arrival Minutes,Unknown,Unknown EMS Hospital Arrival Time,1,Daylight,Clear,1,3,['Front_Passenger'],['Shoulder_Lapbelt'],0,0,Valid,0.0,0.0,65.0,35.0,"['Male', 'Male', 'Male']",0,0,3,1,5,Dry,Straight,Level,Lowest,No
33273,48,Texas,482353,0,1,1,0,1,SUGAR LAND,August,19,Saturday,0,53,Urban,Medium Speed (Collector),No,29.59360833,-95.60423611,Non-Intersection,Dark - Lighted,Clear,Unknown,Unknown if Notified,Unknown EMS Scene Arrival Hour,Unknown if Arrived,Not Applicable (Not Transported),Not Applicable (Not Transported),1,Dark - Lighted,Clear,1,0,['Driver'],['None_Used'],0,0,Valid,0.0,0.0,35.0,35.0,['Male'],1,0,2,1,3,Dry,Straight,Level,Lowest,No
33274,48,Texas,482354,0,2,2,0,2,MISSOURI CITY,August,21,Monday,17,0,Urban,Medium Speed (Collector),No,29.58615278,-95.52621944,Simple Junction,Daylight,Clear,Unknown,Unknown if Notified,Unknown EMS Scene Arrival Hour,Unknown if Arrived,Not Applicable (Not Transported),Not Applicable (Not Transported),1,Daylight,Clear,1,1,['Driver'],['None_Used'],0,0,Valid,0.0,1.0,37.0,24.0,"['Female', 'Male']",0,0,5,1,5,Dry,Straight,Level,Lowest,No
33275,48,Texas,482355,0,2,2,0,5,NOT APPLICABLE,August,13,Sunday,17,16,Rural,Medium Speed (Collector),No,35.62985833,-101.55949444,Complex/Circle,Daylight,Clear,Unknown,Unknown,Unknown EMS Scene Arrival Hour,Unknown EMS Scene Arrival Minutes,Unknown,Unknown EMS Hospital Arrival Time,1,Daylight,Clear,1,4,['Driver'],['Shoulder_Lapbelt'],1,1,Invalid,0.0,0.0,36.0,26.0,"['Male', 'Male']",0,0,3,1,5,Dry,Straight,Level,Lowest,No
33276,48,Texas,482356,0,1,1,0,1,NOT APPLICABLE,August,5,Saturday,9,10,Urban,High Speed (Arterial),Yes,31.76664444,-94.18243889,Non-Intersection,Daylight,Clear,Unknown,Unknown if Notified,Unknown EMS Scene Arrival Hour,Unknown if Arrived,Not Applicable (Not Transported),Not Applicable (Not Transported),1,Daylight,Clear,1,0,['Driver'],['None_Used'],1,1,Valid,0.0,0.0,45.0,45.0,['Male'],1,0,2,1,3,Dry,Straight,Level,Lowest,No
33277,48,Texas,482357,0,2,2,0,3,NOT APPLICABLE,August,12,Saturday,19,30,Rural,Medium Speed (Collector),No,28.82802778,-97.10786111,Complex/Circle,Daylight,Clear,Unknown,Unknown,Unknown EMS Scene Arrival Hour,Unknown EMS Scene Arrival Minutes,Unknown,Unknown EMS Hospital Arrival Time,2,Daylight,Clear,2,1,"['Driver', 'Rear_Seat']","['Shoulder_Lapbelt', 'Shoulder_Lapbelt']",0,0,Valid,0.0,0.0,62.0,29.0,"['Female', 'Male']",0,0,3,1,5,Dry,Straight,Level,Lowest,No
33278,48,Texas,482358,0,1,1,0,2,BUDA,August,20,Sunday,2,41,Urban,High Speed (Arterial),Yes,30.09870278,-97.8134,Non-Intersection,Dark - Not Lighted,Clear,Unknown,Unknown,Unknown EMS Scene Arrival Hour,Unknown EMS Scene Arrival Minutes,Unknown,Unknown EMS Hospital Arrival Time,1,Dark - Unlighted,Clear,1,1,['Front_Passenger'],['None_Used'],0,0,Valid,0.0,0.0,23.0,23.0,['Male'],0,0,3,1,3,Dry,Straight,Level,Lowest,No
33279,48,Texas,482359,0,1,1,0,1,SHERMAN,August,11,Friday,0,0,Urban,Medium Speed (Collector),No,33.59821944,-96.64338333,Non-Intersection,Dark - Not Lighted,Clear,Unknown,Unknown if Notified,Unknown EMS Scene Arrival Hour,Unknown if Arrived,Not Applicable (Not Transported),Not Applicable (Not Transported),1,Dark - Unlighted,Clear,1,0,['Driver'],['None_Used'],1,1,Invalid,0.0,0.0,21.0,21.0,['Female'],1,0,2,4,3,Dry,Curve,Level,Lowest,No
33280,48,Texas,482360,0,2,2,0,2,SAN MARCOS,August,11,Friday,22,40,Urban,High Speed (Arterial),Yes,29.85267222,-97.93998889,Non-Intersection,Dark - Not Lighted,Clear,Unknown,Unknown,Unknown EMS Scene Arrival Hour,Unknown EMS Scene Arrival Minutes,Unknown,Unknown EMS Hospital Arrival Time,1,Dark - Unlighted,Clear,1,1,['Driver'],['None_Used'],0,0,Invalid,0.0,0.0,34.0,22.0,"['Male', 'Female']",1,0,2,1,5,Dry,Straight,Grade/Hillcrest,Lowest,No
33281,48,Texas,482361,0,1,1,0,1,HOUSTON,August,3,Thursday,3,15,Urban,Medium Speed (Collector),No,29.62319444,-95.22450833,Non-Intersection,Dark - Lighted,Clear,Unknown,Unknown if Notified,Unknown EMS Scene Arrival Hour,Unknown if Arrived,Not Applicable (Not Transported),Not Applicable (Not Transported),1,Dark - Lighted,Clear,1,0,['Driver'],['None_Used'],1,1,Invalid,0.0,0.0,25.0,25.0,['Male'],0,0,2,1,3,Dry,Straight,Level,Lowest,No
33282,48,Texas,482362,0,2,2,0,3,HOUSTON,August,4,Friday,16,0,Urban,Medium Speed (Collector),No,29.67982778,-95.45573056,Non-Intersection,Daylight,Clear,Unknown,Unknown,Unknown EMS Scene Arrival Hour,Unknown EMS Scene Arrival Minutes,Unknown,Unknown EMS Hospital Arrival Time,1,Daylight,Clear,1,2,['Driver'],['None_Used'],0,0,Invalid,1.0,1.0,26.0,24.0,"['Male', 'Female']",2,0,2,4,5,Dry,Curve,Level,Lowest,No
33283,48,Texas,482363,3,3,2,1,3,HOUSTON,August,13,Sunday,0,54,Urban,High Speed (Arterial),Yes,29.73158056,-95.39319722,Non-Intersection,Dark - Not Lighted,Clear,Unknown,Unknown,Unknown EMS Scene Arrival Hour,Unknown EMS Scene Arrival Minutes,Unknown,Unknown EMS Hospital Arrival Time,1,Dark - Unlighted,Clear,0,2,[],[],1,1,Invalid,0.0,0.0,40.0,32.0,"['Male', 'Male']",1,0,3,2,5,Dry,Straight,Level,Lowest,No
33284,48,Texas,482364,0,1,1,0,1,SAN ANTONIO,August,20,Sunday,12,25,Urban,Medium Speed (Collector),No,29.47052222,-98.40655278,Non-Intersection,Daylight,Clear,Unknown,Unknown,Unknown EMS Scene Arrival Hour,Unknown EMS Scene Arrival Minutes,Not Applicable (Not Transported),Not Applicable (Not Transported),1,Daylight,Clear,1,0,['Driver'],['None_Used'],1,1,Valid,2.0,0.0,41.0,41.0,['Male'],1,0,5,1,3,Dry,Curve,Level,Lowest,No
33285,48,Texas,482365,0,4,4,0,4,NOT APPLICABLE,August,7,Monday,15,15,Urban,Medium Speed (Collector),No,32.45906111,-97.28008611,Simple Junction,Daylight,Clear,Unknown,Unknown,Unknown EMS Scene Arrival Hour,Unknown EMS Scene Arrival Minutes,Unknown,Unknown EMS Hospital Arrival Time,1,Daylight,Clear,1,3,['Driver'],['Shoulder_Lapbelt'],0,0,Invalid,1.0,3.0,62.0,24.0,"['Male', 'Female', 'Male', 'Male']",1,0,3,1,5,Dry,Straight,Level,Lowest,No
33286,48,Texas,482366,0,2,2,0,2,BEDFORD,August,21,Monday,13,11,Urban,High Speed (Arterial),Yes,32.83782778,-97.12239722,Non-Intersection,Daylight,Clear,Unknown,Unknown,Unknown EMS Scene Arrival Hour,Unknown EMS Scene Arrival Minutes,Unknown,Unknown EMS Hospital Arrival Time,1,Daylight,Clear,1,1,['Driver'],['None_Used'],0,0,Valid,0.0,0.0,68.0,18.0,"['Male', 'Female']",1,0,5,2,5,Dry,Straight,Level,Lowest,No
33287,48,Texas,482367,0,2,2,0,2,Other,August,13,Sunday,0,3,Urban,High Speed (Arterial),Yes,29.79063056,-94.91039167,Non-Intersection,Dark - Not Lighted,Clear,Unknown,Unknown,Unknown EMS Scene Arrival Hour,Unknown EMS Scene Arrival Minutes,Unknown,Unknown EMS Hospital Arrival Time,1,Dark - Unlighted,Clear,1,1,['Driver'],['None_Used'],1,1,Invalid,0.0,1.0,51.0,34.0,"['Male', 'Female']",0,0,3,1,5,Dry,Straight,Level,Lowest,No
33288,48,Texas,482368,1,1,1,0,1,ATASCOSA,August,16,Wednesday,21,26,Rural,Medium Speed (Collector),No,29.25203056,-98.73872778,Non-Intersection,Dark - Not Lighted,Clear,Unknown,Unknown,Unknown EMS Scene Arrival Hour,Unknown EMS Scene Arrival Minutes,Unknown,Unknown EMS Hospital Arrival Time,1,Dark - Unlighted,Clear,0,0,[],[],0,0,Invalid,0.0,0.0,999.0,999.0,['Other'],0,0,1,0,4,Dry,Straight,Level,Lowest,No
33289,48,Texas,482369,0,1,1,0,1,ARLINGTON,August,15,Tuesday,9,40,Urban,Low Speed (Local),No,32.7096,-97.10110833,Non-Intersection,Daylight,Clear,Unknown,Unknown if Notified,Unknown EMS Scene Arrival Hour,Unknown if Arrived,Not Applicable (Not Transported),Not Applicable (Not Transported),1,Daylight,Clear,1,0,['Driver'],['None_Used'],0,0,Invalid,0.0,0.0,29.0,29.0,['Male'],0,0,3,1,3,Dry,Straight,Level,Medium,No
33290,48,Texas,482370,0,1,1,0,1,NOT APPLICABLE,August,17,Thursday,0,59,Urban,High Speed (Arterial),No,29.99948889,-95.15978889,Non-Intersection,Dark - Lighted,Clear,Unknown,Unknown,Unknown EMS Scene Arrival Hour,Unknown EMS Scene Arrival Minutes,Unknown,Unknown EMS Hospital Arrival Time,1,Dark - Lighted,Clear,1,0,['Driver'],['None_Used'],1,1,Valid,0.0,0.0,24.0,24.0,['Male'],1,0,3,4,3,Dry,Curve,Grade/Hillcrest,Lowest,No
33291,48,Texas,482371,0,2,2,0,3,NOT APPLICABLE,August,4,Friday,15,50,Rural,High Speed (Arterial),Yes,30.69587222,-96.89714722,Non-Intersection,Daylight,Clear,Unknown,Unknown,Unknown EMS Scene Arrival Hour,Unknown EMS Scene Arrival Minutes,Unknown,Unknown EMS Hospital Arrival Time,2,Daylight,Clear,2,1,"['Driver', 'Front_Passenger']","['Shoulder_Lapbelt', 'Shoulder_Lapbelt']",1,1,Valid,0.0,0.0,45.0,38.0,"['Male', 'Male']",0,0,3,1,5,Dry,Curve,Grade/Hillcrest,Lowest,No
33292,48,Texas,482372,0,1,1,0,1,NOT APPLICABLE,August,19,Saturday,4,49,Rural,Medium Speed (Collector),No,29.45350278,-96.07059722,Non-Intersection,Dark - Not Lighted,"Fog, Smog, Smoke",Unknown,Unknown if Notified,Unknown EMS Scene Arrival Hour,Unknown if Arrived,Not Applicable (Not Transported),Not Applicable (Not Transported),1,Dark - Unlighted,Reduced Visibility,1,0,['Driver'],['None_Used'],1,1,Valid,0.0,0.0,26.0,26.0,['Male'],0,0,3,1,3,Dry,Curve,Level,Lowest,No
33293,48,Texas,482373,0,1,1,0,1,NOT APPLICABLE,August,14,Monday,2,8,Rural,High Speed (Arterial),Yes,31.50269167,-96.09853056,Non-Intersection,Dark - Not Lighted,Clear,Unknown,Unknown if Notified,Unknown EMS Scene Arrival Hour,Unknown if Arrived,Not Applicable (Not Transported),Not Applicable (Not Transported),1,Dark - Unlighted,Clear,1,0,['Driver'],['None_Used'],1,1,Valid,0.0,0.0,22.0,22.0,['Male'],0,0,3,1,3,Dry,Curve,Level,Lowest,No
33294,48,Texas,482374,0,1,1,0,1,DALLAS,August,11,Friday,21,41,Urban,High Speed (Arterial),Yes,32.82791667,-96.82877778,Non-Intersection,Dark - Lighted,Clear,Unknown,Unknown,Unknown EMS Scene Arrival Hour,Unknown EMS Scene Arrival Minutes,Unknown,Unknown EMS Hospital Arrival Time,1,Dark - Lighted,Clear,1,0,['Driver'],['None_Used'],0,0,Invalid,0.0,0.0,27.0,27.0,['Male'],0,0,2,1,3,Dry,Straight,Level,Lowest,No
33295,48,Texas,482375,0,2,2,0,4,DALLAS,August,12,Saturday,14,25,Urban,Medium Speed (Collector),No,32.85080833,-96.65493889,Complex/Circle,Daylight,Clear,Unknown,Unknown,Unknown EMS Scene Arrival Hour,Unknown EMS Scene Arrival Minutes,Unknown,Unknown EMS Hospital Arrival Time,1,Daylight,Clear,1,3,['Driver'],['None_Used'],0,0,Valid,0.0,2.0,54.0,34.0,"['Male', 'Female']",1,0,5,2,5,Dry,Straight,Level,Lowest,No
33296,48,Texas,482377,0,2,2,0,3,NOT APPLICABLE,August,12,Saturday,21,29,Rural,High Speed (Arterial),Yes,29.826075,-94.25421667,Non-Intersection,Dark - Not Lighted,Clear,Unknown,Unknown,Unknown EMS Scene Arrival Hour,Unknown EMS Scene Arrival Minutes,Unknown,Unknown EMS Hospital Arrival Time,1,Dark - Unlighted,Clear,1,2,['Driver'],['None_Used'],1,1,Valid,0.0,0.0,45.0,21.0,"['Male', 'Male']",1,0,3,1,5,Dry,Straight,Level,Lowest,No
33297,48,Texas,482378,0,2,2,0,2,NOT APPLICABLE,August,21,Monday,18,23,Rural,Low Speed (Local),No,29.25861111,-97.98958056,Non-Intersection,Daylight,Clear,Unknown,Unknown,Unknown EMS Scene Arrival Hour,Unknown EMS Scene Arrival Minutes,Unknown,Unknown EMS Hospital Arrival Time,1,Daylight,Clear,1,1,['Driver'],['None_Used'],0,0,Valid,1.0,2.0,29.0,23.0,"['Male', 'Male']",1,0,2,4,5,Dry,Straight,Grade/Hillcrest,Lowest,No
33298,48,Texas,482379,1,1,1,0,1,DALLAS,August,6,Sunday,23,25,Urban,Medium Speed (Collector),No,32.82384722,-96.82883056,Complex/Circle,Dark - Lighted,Clear,Unknown,Unknown,Unknown EMS Scene Arrival Hour,Unknown EMS Scene Arrival Minutes,Unknown,Unknown EMS Hospital Arrival Time,1,Dark - Lighted,Clear,0,1,[],[],0,0,Valid,0.0,2.0,30.0,30.0,['Male'],1,0,2,2,4,Dry,Straight,Level,Lowest,No
33299,48,Texas,482380,0,1,1,0,1,NOT APPLICABLE,August,15,Tuesday,16,28,Rural,High Speed (Arterial),Yes,30.40286944,-99.64823056,Non-Intersection,Daylight,Clear,Unknown,Unknown if Notified,Unknown EMS Scene Arrival Hour,Unknown if Arrived,Not Applicable (Not Transported),Not Applicable (Not Transported),1,Daylight,Clear,1,0,['Driver'],['Shoulder_Lapbelt'],0,0,Valid,1.0,0.0,37.0,37.0,['Male'],0,0,4,4,3,Dry,Curve,Grade/Hillcrest,Lowest,No
33300,48,Texas,482381,0,2,2,0,3,CORPUS CHRISTI,August,20,Sunday,3,26,Urban,High Speed (Arterial),Yes,27.84400556,-97.56422778,Non-Intersection,Dark - Not Lighted,Clear,Unknown,Unknown,Unknown EMS Scene Arrival Hour,Unknown EMS Scene Arrival Minutes,Unknown,Unknown EMS Hospital Arrival Time,1,Dark - Unlighted,Clear,1,2,['Front_Passenger'],['Shoulder_Lapbelt'],1,1,Invalid,0.0,0.0,33.0,25.0,"['Male', 'Male']",0,0,3,1,5,Dry,Curve,Grade/Hillcrest,Lowest,No
33301,48,Texas,482382,1,1,1,0,1,CORPUS CHRISTI,August,20,Sunday,22,42,Urban,High Speed (Arterial),Yes,27.67290278,-97.39169444,Complex/Circle,Dark - Lighted,Clear,Unknown,Unknown,Unknown EMS Scene Arrival Hour,Unknown EMS Scene Arrival Minutes,Unknown,Unknown EMS Hospital Arrival Time,1,Dark - Lighted,Clear,0,1,[],[],0,0,Valid,0.0,0.0,18.0,18.0,['Female'],0,0,2,2,4,Dry,Straight,Level,Lowest,No
33302,48,Texas,482383,0,2,2,0,5,NOT APPLICABLE,July,3,Monday,14,25,Rural,Medium Speed (Collector),No,32.26143611,-97.73285556,Non-Intersection,Daylight,Rain,Unknown,Unknown,Unknown EMS Scene Arrival Hour,Unknown EMS Scene Arrival Minutes,Unknown,Unknown EMS Hospital Arrival Time,1,Daylight,Rain/Wind/Minor,1,4,['Front_Passenger'],['Shoulder_Lapbelt'],0,0,Invalid,0.0,0.0,71.0,42.0,"['Male', 'Male']",3,0,3,1,5,Wet/Standing Water,Curve,Grade/Hillcrest,Lowest,No
33303,48,Texas,482384,0,1,1,0,4,LAREDO,August,13,Sunday,1,25,Urban,High Speed (Arterial),Yes,27.49436944,-99.44398889,Non-Intersection,Dark - Not Lighted,Clear,Unknown,Unknown if Notified,Unknown EMS Scene Arrival Hour,Unknown if Arrived,Not Applicable (Not Transported),Not Applicable (Not Transported),4,Dark - Unlighted,Clear,4,0,"['Driver', 'Rear_Seat', 'Front_Passenger', 'Rear_Seat']","['Shoulder_Lapbelt', 'Shoulder_Lapbelt', 'Shoulder_Lapbelt', 'Shoulder_Lapbelt']",0,0,Valid,0.0,0.0,15.0,15.0,['Female'],4,0,2,4,3,Dry,Curve,Level,Lowest,No
33304,48,Texas,482385,0,2,2,0,2,NOT APPLICABLE,August,23,Wednesday,21,17,Rural,Medium Speed (Collector),No,29.87503889,-95.79055278,Complex/Circle,Dark - Not Lighted,Clear,Unknown,Unknown,Unknown EMS Scene Arrival Hour,Unknown EMS Scene Arrival Minutes,Unknown,Unknown EMS Hospital Arrival Time,1,Dark - Unlighted,Clear,1,1,['Driver'],['Shoulder_Lapbelt'],0,0,Valid,0.0,0.0,27.0,23.0,"['Male', 'Female']",0,0,3,1,5,Dry,Straight,Level,Lowest,No
33305,48,Texas,482386,1,1,1,0,2,FORT WORTH,August,25,Friday,1,12,Urban,High Speed (Arterial),Yes,32.83948889,-97.29145833,Non-Intersection,Dark - Not Lighted,Clear,Unknown,Unknown if Notified,Unknown EMS Scene Arrival Hour,Unknown if Arrived,Not Applicable (Not Transported),Not Applicable (Not Transported),1,Dark - Unlighted,Clear,0,2,[],[],0,0,Valid,0.0,1.0,23.0,23.0,['Male'],0,0,3,2,4,Dry,Straight,Grade/Hillcrest,Lowest,No
33306,48,Texas,482387,0,1,1,0,1,NOT APPLICABLE,August,18,Friday,23,15,Rural,Medium Speed (Collector),No,33.41887778,-98.02447778,Non-Intersection,Dark - Not Lighted,Clear,Unknown,Unknown if Notified,Unknown EMS Scene Arrival Hour,Unknown if Arrived,Not Applicable (Not Transported),Not Applicable (Not Transported),1,Dark - Unlighted,Clear,1,0,['Driver'],['None_Used'],0,0,Valid,0.0,0.0,40.0,40.0,['Male'],0,0,3,1,3,Dry,Curve,Level,Lowest,No
33307,48,Texas,482388,0,1,1,0,1,NOT APPLICABLE,July,31,Monday,11,5,Rural,Low Speed (Local),No,34.0214,-102.46206111,Non-Intersection,Daylight,Clear,Unknown,Unknown,Unknown EMS Scene Arrival Hour,Unknown EMS Scene Arrival Minutes,Unknown,Unknown EMS Hospital Arrival Time,1,Daylight,Clear,1,0,['Driver'],['None_Used'],0,0,Valid,0.0,2.0,25.0,25.0,['Male'],0,0,4,4,4,Dry,Straight,Grade/Hillcrest,Lowest,No
33308,48,Texas,482389,0,1,1,0,1,ARLINGTON,August,20,Sunday,1,12,Urban,Medium Speed (Collector),No,32.61997778,-97.1541,Non-Intersection,Dark - Not Lighted,Clear,Unknown,Unknown if Notified,Unknown EMS Scene Arrival Hour,Unknown if Arrived,Not Applicable (Not Transported),Not Applicable (Not Transported),1,Dark - Unlighted,Clear,1,0,['Driver'],['None_Used'],0,0,Valid,1.0,0.0,28.0,28.0,['Male'],1,0,3,1,3,Dry,Curve,Level,Lowest,No
33309,48,Texas,482390,0,1,1,0,1,IRVING,August,22,Tuesday,15,45,Urban,Medium Speed (Collector),No,32.84449444,-96.89865556,Non-Intersection,Daylight,Clear,Unknown,Unknown,Unknown EMS Scene Arrival Hour,Unknown EMS Scene Arrival Minutes,Unknown,Unknown EMS Hospital Arrival Time,1,Daylight,Clear,1,0,['Driver'],['None_Used'],0,0,Invalid,0.0,0.0,57.0,57.0,['Male'],0,0,1,1,1,Dry,Straight,Level,Lowest,No
33310,48,Texas,482391,0,1,1,0,1,NOT APPLICABLE,August,20,Sunday,2,28,Rural,Medium Speed (Collector),No,31.51070278,-96.40096667,Non-Intersection,Dark - Not Lighted,Clear,Unknown,Unknown if Notified,Unknown EMS Scene Arrival Hour,Unknown if Arrived,Not Applicable (Not Transported),Not Applicable (Not Transported),1,Dark - Unlighted,Clear,1,0,['Driver'],['None_Used'],0,0,Valid,0.0,1.0,48.0,48.0,['Male'],0,0,5,1,1,Dry,Straight,Level,Lowest,No
33311,48,Texas,482392,0,1,1,0,1,WACO,August,24,Thursday,9,38,Urban,Medium Speed (Collector),No,31.53999444,-97.13643611,Non-Intersection,Daylight,Clear,Unknown,Unknown,Unknown EMS Scene Arrival Hour,Unknown EMS Scene Arrival Minutes,Unknown,Unknown EMS Hospital Arrival Time,1,Daylight,Clear,1,0,['Driver'],['None_Used'],0,0,Invalid,0.0,0.0,33.0,33.0,['Male'],1,0,5,1,3,Dry,Straight,Grade/Hillcrest,Lowest,No
33312,48,Texas,482393,0,2,2,0,5,NOT APPLICABLE,August,20,Sunday,10,40,Rural,Medium Speed (Collector),No,30.66000278,-97.18743056,Non-Intersection,Daylight,Clear,Unknown,Unknown,Unknown EMS Scene Arrival Hour,Unknown EMS Scene Arrival Minutes,Unknown,Unknown EMS Hospital Arrival Time,2,Daylight,Clear,2,3,"['Front_Passenger', 'Rear_Seat']","['Shoulder_Lapbelt', 'None_Used']",0,0,Invalid,0.0,0.0,39.0,34.0,"['Female', 'Female']",1,0,3,1,5,Dry,Straight,Level,Lowest,No
33313,48,Texas,482394,1,1,1,0,1,DALLAS,August,4,Friday,22,17,Urban,Medium Speed (Collector),No,32.73676944,-96.700275,Simple Junction,Dark - Lighted,Clear,Unknown,Unknown,Unknown EMS Scene Arrival Hour,Unknown EMS Scene Arrival Minutes,Unknown,Unknown EMS Hospital Arrival Time,1,Dark - Lighted,Clear,0,1,[],[],0,0,Invalid,0.0,0.0,48.0,48.0,['Male'],0,0,3,2,4,Dry,Straight,Level,Lowest,No