,State_Code,State_Name,Crash_ID,Count_Non_Motorists,Count_Vehicles_Total,Count_Vehicle_Forms,Count_PVH_Involved,Count_Occupants_MV,City_Name,Month_Name,Day_of_Month,Day_of_Week,Crash_Hour,Crash_Minute,Area_Rural_Urban,Road_Functional_Class,On_NHS_Road,Latitude,Longitude,Intersection_Type,Light_Condition,Weather_Condition,Notif_Hour,Notif_Minute,Arrival_Hour,Arrival_Minute,Hospital_Hour,Hospital_Minute,Fatalities_Count,Clean_Light_Condition,Clean_Weather_Condition,Total_Killed,Total_Alive,Fatal_Seats_List,Killed_Restraint_List,Any_Driver_Drinking,Total_Drinking_Drivers,Driver_License_Category,Driver_Max_Prev_Accident_Count,Driver_Max_Prev_Speeding_Count,Max_Driver_Age,Min_Driver_Age,Driver_Sex_List,Total_Exceeding_Limit_Vehicles,Total_Too_Fast_Vehicles,Max_Vehicle_Type_Severity_5,Max_Vehicle_Damage_Rank,Max_Harmful_Event_Severity,Crash_Road_Surface_Condition,Crash_Horizontal_Alignment,Crash_Vertical_Profile,Crash_Impairment_Category,Crash_Vehicle_Defect
33314,48,Texas,482395,0,2,2,0,2,NOT APPLICABLE,August,13,Sunday,19,12,Rural,Medium Speed (Collector),No,31.65145,-103.00361944,Non-Intersection,Daylight,Cloudy,Unknown,Unknown if Notified,Unknown EMS Scene Arrival Hour,Unknown if Arrived,Not Applicable (Not Transported),Not Applicable (Not Transported),1,Daylight,Reduced Visibility,1,1,['Driver'],['Lapbelt_Only'],1,1,Invalid,0.0,1.0,48.0,32.0,"['Male', 'Male']",0,0,4,1,5,Dry,Straight,Level,Lowest,No
33315,48,Texas,482396,1,2,2,0,2,NOT APPLICABLE,August,19,Saturday,20,27,Urban,Medium Speed (Collector),No,29.99828611,-95.42608333,Non-Intersection,Dark - Not Lighted,Clear,Unknown,Unknown if Notified,Unknown EMS Scene Arrival Hour,Unknown if Arrived,Not Applicable (Not Transported),Not Applicable (Not Transported),1,Dark - Unlighted,Clear,0,1,[],[],0,0,Invalid,0.0,0.0,999.0,36.0,"['Other', 'Male']",0,0,2,1,4,Dry,Straight,Level,Lowest,No
33316,48,Texas,482397,0,2,2,0,2,NOT APPLICABLE,August,15,Tuesday,5,0,Rural,Medium Speed (Collector),No,32.09111944,-101.93381389,Non-Intersection,Dawn,Clear,Unknown,Unknown if Notified,Unknown EMS Scene Arrival Hour,Unknown if Arrived,Not Applicable (Not Transported),Not Applicable (Not Transported),1,Twilight,Clear,1,1,['Driver'],['Shoulder_Lapbelt'],0,0,Valid,1.0,1.0,35.0,22.0,"['Male', 'Male']",0,0,4,4,5,Dry,Straight,Level,Lowest,Yes
33317,48,Texas,482398,0,1,1,0,1,NOT APPLICABLE,August,25,Friday,1,23,Rural,High Speed (Arterial),Yes,31.05305833,-95.94775,Non-Intersection,Dark - Not Lighted,Clear,Unknown,Unknown,Unknown EMS Scene Arrival Hour,Unknown EMS Scene Arrival Minutes,Unknown,Unknown EMS Hospital Arrival Time,1,Dark - Unlighted,Clear,1,0,['Driver'],['None_Used'],0,0,Valid,2.0,1.0,36.0,36.0,['Male'],0,0,2,1,1,Dry,Straight,Level,Lowest,No
33318,48,Texas,482399,0,2,2,0,2,NOT APPLICABLE,August,21,Monday,15,32,Urban,Medium Speed (Collector),No,30.42437778,-97.65764722,Non-Intersection,Daylight,Clear,Unknown,Unknown,Unknown EMS Scene Arrival Hour,Unknown EMS Scene Arrival Minutes,Unknown,Unknown EMS Hospital Arrival Time,1,Daylight,Clear,1,1,['Driver'],['Shoulder_Lapbelt'],0,0,Invalid,0.0,0.0,87.0,52.0,"['Male', 'Female']",0,0,3,1,5,Dry,Curve,Level,Medium,No
33319,48,Texas,482400,0,2,2,0,2,WOODWAY,August,13,Sunday,10,40,Urban,High Speed (Arterial),Yes,31.48676111,-97.24763333,Simple Junction,Daylight,Clear,Unknown,Unknown,Unknown EMS Scene Arrival Hour,Unknown EMS Scene Arrival Minutes,Unknown,Unknown EMS Hospital Arrival Time,1,Daylight,Clear,1,1,['Driver'],['Shoulder_Lapbelt'],0,0,Valid,0.0,0.0,90.0,20.0,"['Female', 'Female']",0,0,3,1,5,Dry,Straight,Level,Lowest,No
33320,48,Texas,482401,0,2,2,0,3,NOT APPLICABLE,August,18,Friday,21,22,Urban,High Speed (Arterial),Yes,30.30225833,-97.839675,Non-Intersection,Dark - Lighted,Clear,Unknown,Unknown,Unknown EMS Scene Arrival Hour,Unknown EMS Scene Arrival Minutes,Unknown,Unknown EMS Hospital Arrival Time,2,Dark - Lighted,Clear,2,1,"['Driver', 'Front_Passenger']","['Shoulder_Lapbelt', 'Shoulder_Lapbelt']",0,0,Valid,0.0,0.0,55.0,21.0,"['Male', 'Female']",0,0,2,1,5,Dry,Straight,Level,Lowest,No
33321,48,Texas,482402,0,1,1,0,2,NOT APPLICABLE,August,26,Saturday,22,0,Urban,Medium Speed (Collector),No,30.15536944,-97.77384722,Non-Intersection,Dark - Lighted,Clear,Unknown,Unknown,Unknown EMS Scene Arrival Hour,Unknown EMS Scene Arrival Minutes,Unknown,Unknown EMS Hospital Arrival Time,1,Dark - Lighted,Clear,1,1,['Driver'],['None_Used'],1,1,Valid,0.0,0.0,17.0,17.0,['Female'],0,0,3,1,3,Dry,Curve,Level,Lowest,No
33322,48,Texas,482403,0,2,2,0,3,HOUSTON,June,26,Monday,22,17,Urban,High Speed (Arterial),Yes,29.79499722,-95.27920278,Non-Intersection,Dark - Lighted,Clear,Unknown,Unknown,Unknown EMS Scene Arrival Hour,Unknown EMS Scene Arrival Minutes,Unknown,Unknown EMS Hospital Arrival Time,1,Dark - Lighted,Clear,1,2,['Front_Passenger'],['Shoulder_Lapbelt'],1,1,Valid,0.0,0.0,47.0,23.0,"['Female', 'Male']",1,0,3,1,5,Dry,Straight,Level,Lowest,No
33323,48,Texas,482404,1,1,1,0,1,HOUSTON,July,30,Sunday,22,1,Urban,High Speed (Arterial),Yes,29.67191111,-95.53189444,Simple Junction,Dark - Not Lighted,Clear,Unknown,Unknown,Unknown EMS Scene Arrival Hour,Unknown EMS Scene Arrival Minutes,Unknown,Unknown EMS Hospital Arrival Time,1,Dark - Unlighted,Clear,0,1,[],[],0,0,Valid,0.0,0.0,44.0,44.0,['Male'],0,0,1,1,4,Dry,Curve,Level,Lowest,No
33324,48,Texas,482405,0,1,1,0,1,LAKE JACKSON,August,16,Wednesday,15,33,Urban,Medium Speed (Collector),No,29.06264167,-95.46842778,Non-Intersection,Daylight,Clear,Unknown,Unknown if Notified,Unknown EMS Scene Arrival Hour,Unknown if Arrived,Not Applicable (Not Transported),Not Applicable (Not Transported),1,Daylight,Clear,1,0,['Driver'],['Shoulder_Lapbelt'],0,0,Valid,1.0,0.0,70.0,70.0,['Male'],1,0,3,1,3,Dry,Curve,Level,Lowest,No
33325,48,Texas,482406,1,1,1,0,1,NOT APPLICABLE,August,21,Monday,22,48,Urban,High Speed (Arterial),No,30.015825,-95.44725,Non-Intersection,Dark - Lighted,Clear,Unknown,Unknown if Notified,Unknown EMS Scene Arrival Hour,Unknown if Arrived,Not Applicable (Not Transported),Not Applicable (Not Transported),1,Dark - Lighted,Clear,0,1,[],[],0,0,Valid,0.0,0.0,66.0,66.0,['Female'],0,0,2,1,4,Dry,Straight,Level,Lowest,No
33326,48,Texas,482407,0,2,2,0,5,DONNA,August,27,Sunday,3,20,Urban,High Speed (Arterial),Yes,26.18136944,-98.05105,Non-Intersection,Dark - Lighted,Clear,Unknown,Unknown,Unknown EMS Scene Arrival Hour,Unknown EMS Scene Arrival Minutes,Unknown,Unknown EMS Hospital Arrival Time,2,Dark - Lighted,Clear,2,3,"['Driver', 'Rear_Seat']","['Shoulder_Lapbelt', 'Shoulder_Lapbelt']",0,0,Valid,0.0,0.0,29.0,17.0,"['Male', 'Male']",0,0,3,1,5,Dry,Straight,Level,Lowest,No
33327,48,Texas,482408,0,1,1,0,1,NOT APPLICABLE,August,14,Monday,7,5,Rural,High Speed (Arterial),Yes,32.40706111,-100.68972222,Non-Intersection,Daylight,Clear,Unknown,Unknown if Notified,Unknown EMS Scene Arrival Hour,Unknown if Arrived,Not Applicable (Not Transported),Not Applicable (Not Transported),1,Daylight,Clear,1,0,['Driver'],['Shoulder_Lapbelt'],0,0,Valid,0.0,0.0,57.0,57.0,['Male'],0,0,4,4,3,Dry,Curve,Level,Lowest,No
33328,48,Texas,482409,0,2,2,0,2,DALLAS,August,14,Monday,19,30,Urban,Medium Speed (Collector),No,32.99808056,-96.79445556,Non-Intersection,Daylight,Cloudy,Unknown,Unknown,Unknown EMS Scene Arrival Hour,Unknown EMS Scene Arrival Minutes,Unknown,Unknown EMS Hospital Arrival Time,1,Daylight,Reduced Visibility,1,1,['Driver'],['None_Used'],1,1,Valid,0.0,2.0,43.0,33.0,"['Male', 'Male']",1,0,2,1,5,Dry,Curve,Level,Lowest,No
33329,48,Texas,482410,0,2,2,0,3,WATAUGA,August,26,Saturday,9,44,Urban,High Speed (Arterial),Yes,32.85397222,-97.26407222,Non-Intersection,Daylight,Clear,Unknown,Unknown,Unknown EMS Scene Arrival Hour,Unknown EMS Scene Arrival Minutes,Unknown,Unknown EMS Hospital Arrival Time,1,Daylight,Clear,1,2,['Driver'],['None_Used'],0,0,Valid,0.0,0.0,72.0,57.0,"['Male', 'Male']",0,0,5,1,5,Dry,Straight,Level,Lowest,No
33330,48,Texas,482411,1,1,1,0,2,DALLAS,August,13,Sunday,15,30,Urban,High Speed (Arterial),Yes,32.67011389,-96.78274722,Non-Intersection,Daylight,Clear,Unknown,Unknown,Unknown EMS Scene Arrival Hour,Unknown EMS Scene Arrival Minutes,Unknown,Unknown EMS Hospital Arrival Time,2,Daylight,Clear,2,0,"['Driver', 'Front_Passenger']","['None_Used', 'None_Used']",0,0,Invalid,0.0,0.0,44.0,44.0,['Male'],2,0,2,1,3,Dry,Curve,Level,Lowest,No
33331,48,Texas,482412,0,2,2,0,3,NOT APPLICABLE,August,14,Monday,18,31,Rural,Medium Speed (Collector),No,32.94386944,-102.80907778,Complex/Circle,Daylight,Clear,Unknown,Unknown,Unknown EMS Scene Arrival Hour,Unknown EMS Scene Arrival Minutes,Unknown,Unknown EMS Hospital Arrival Time,2,Daylight,Clear,2,1,"['Driver', 'Front_Passenger']","['Shoulder_Lapbelt', 'None_Used']",0,0,Invalid,0.0,0.0,55.0,40.0,"['Male', 'Female']",0,0,4,2,5,Dry,Straight,Level,Lowest,No
33332,48,Texas,482413,0,1,1,0,1,SAN ANTONIO,August,25,Friday,5,33,Urban,Medium Speed (Collector),No,29.42394167,-98.39018611,Complex/Circle,Dark - Lighted,Clear,Unknown,Unknown if Notified,Unknown EMS Scene Arrival Hour,Unknown if Arrived,Not Applicable (Not Transported),Not Applicable (Not Transported),1,Dark - Lighted,Clear,1,0,['Driver'],['Shoulder_Lapbelt'],0,0,Valid,0.0,0.0,52.0,52.0,['Female'],1,0,3,1,3,Dry,Straight,Level,Lowest,No
33333,48,Texas,482414,0,1,1,0,1,NOT APPLICABLE,August,17,Thursday,16,40,Rural,High Speed (Arterial),Yes,32.540575,-101.72218889,Non-Intersection,Daylight,Clear,Unknown,Unknown,Unknown EMS Scene Arrival Hour,Unknown EMS Scene Arrival Minutes,Unknown,Unknown EMS Hospital Arrival Time,1,Daylight,Clear,1,0,['Driver'],['None_Used'],1,1,Valid,0.0,0.0,42.0,42.0,['Male'],0,0,2,1,3,Dry,Straight,Level,Lowest,No
33334,48,Texas,482415,1,1,1,0,1,HOUSTON,July,2,Sunday,2,23,Urban,High Speed (Arterial),Yes,29.78483611,-95.7198,Non-Intersection,Dark - Lighted,Clear,Unknown,Unknown if Notified,Unknown EMS Scene Arrival Hour,Unknown if Arrived,Not Applicable (Not Transported),Not Applicable (Not Transported),1,Dark - Lighted,Clear,0,0,[],[],0,0,Invalid,0.0,0.0,999.0,999.0,['Other'],0,0,1,2,4,Dry,Straight,Level,Lowest,No
33335,48,Texas,482416,1,1,1,0,1,DALLAS,August,6,Sunday,17,37,Urban,High Speed (Arterial),No,32.77996111,-96.799375,Simple Junction,Daylight,Clear,Unknown,Unknown,Unknown EMS Scene Arrival Hour,Unknown EMS Scene Arrival Minutes,Unknown,Unknown EMS Hospital Arrival Time,1,Daylight,Clear,0,1,[],[],0,0,Valid,0.0,0.0,65.0,65.0,['Male'],0,0,3,2,4,Dry,Straight,Level,Lowest,No
33336,48,Texas,482417,0,1,1,0,1,NOT APPLICABLE,August,21,Monday,18,16,Rural,Medium Speed (Collector),No,30.31336667,-104.00253611,Non-Intersection,Daylight,Clear,Unknown,Unknown if Notified,Unknown EMS Scene Arrival Hour,Unknown if Arrived,Not Applicable (Not Transported),Not Applicable (Not Transported),1,Daylight,Clear,1,0,['Driver'],['None_Used'],1,1,Valid,0.0,0.0,35.0,35.0,['Male'],1,0,3,4,3,Dry,Curve,Level,Lowest,No
33337,48,Texas,482418,0,3,3,0,7,NOT APPLICABLE,August,8,Tuesday,7,25,Urban,High Speed (Arterial),Yes,30.19178611,-95.19121667,Non-Intersection,Daylight,Clear,Unknown,Unknown,Unknown EMS Scene Arrival Hour,Unknown EMS Scene Arrival Minutes,Unknown,Unknown EMS Hospital Arrival Time,1,Daylight,Clear,1,6,['Rear_Seat'],['Child_Safety'],0,0,Valid,1.0,1.0,46.0,36.0,"['Male', 'Female', 'Male']",0,0,3,2,5,Dry,Straight,Level,Lowest,No
33338,48,Texas,482419,1,1,1,0,1,HOUSTON,July,26,Wednesday,5,10,Urban,Medium Speed (Collector),No,29.77409444,-95.24729167,Complex/Circle,Dark - Lighted,Clear,Unknown,Unknown if Notified,Unknown EMS Scene Arrival Hour,Unknown if Arrived,Not Applicable (Not Transported),Not Applicable (Not Transported),1,Dark - Lighted,Clear,0,1,[],[],0,0,Valid,0.0,0.0,58.0,58.0,['Female'],0,0,3,3,4,Dry,Straight,Level,Lowest,No
33339,48,Texas,482420,0,1,1,0,1,GRAPEVINE,August,18,Friday,18,39,Urban,High Speed (Arterial),Yes,32.94547222,-97.03988056,Non-Intersection,Daylight,Clear,Unknown,Unknown,Unknown EMS Scene Arrival Hour,Unknown EMS Scene Arrival Minutes,Unknown,Unknown EMS Hospital Arrival Time,1,Daylight,Clear,1,0,['Driver'],['Shoulder_Lapbelt'],0,0,Valid,0.0,0.0,19.0,19.0,['Male'],0,0,2,1,3,Dry,Curve,Level,Lowest,No
33340,48,Texas,482421,0,1,1,0,1,SAN ANTONIO,August,19,Saturday,20,11,Urban,High Speed (Arterial),Yes,29.40082778,-98.63551667,Non-Intersection,Daylight,Clear,Unknown,Unknown if Notified,Unknown EMS Scene Arrival Hour,Unknown if Arrived,Not Applicable (Not Transported),Not Applicable (Not Transported),1,Daylight,Clear,1,0,['Driver'],['None_Used'],1,1,Valid,0.0,0.0,25.0,25.0,['Male'],0,0,5,1,2,Dry,Straight,Level,Lowest,No
33341,48,Texas,482422,0,1,1,0,1,CLEBURNE,August,19,Saturday,3,15,Urban,Medium Speed (Collector),No,32.3076,-97.38742778,Non-Intersection,Dark - Not Lighted,Clear,Unknown,Unknown,Unknown EMS Scene Arrival Hour,Unknown EMS Scene Arrival Minutes,Not Applicable (Not Transported),Not Applicable (Not Transported),1,Dark - Unlighted,Clear,1,0,['Driver'],['Shoulder_Lapbelt'],1,1,Valid,0.0,2.0,22.0,22.0,['Female'],0,0,2,4,3,Dry,Curve,Level,Lowest,No
33342,48,Texas,482423,0,1,1,0,1,IRVING,August,20,Sunday,15,37,Urban,High Speed (Arterial),Yes,32.87880278,-96.94056389,Non-Intersection,Daylight,Clear,Unknown,Unknown,Unknown EMS Scene Arrival Hour,Unknown EMS Scene Arrival Minutes,Not Applicable (Not Transported),Not Applicable (Not Transported),1,Daylight,Clear,1,0,['Driver'],['Shoulder_Lapbelt'],0,0,Invalid,0.0,0.0,30.0,30.0,['Male'],0,0,3,4,2,Dry,Curve,Grade/Hillcrest,Lowest,No
33343,48,Texas,482424,0,3,3,0,3,AUBREY,August,16,Wednesday,14,40,Rural,Medium Speed (Collector),No,33.34191667,-96.96901389,Non-Intersection,Daylight,Clear,Unknown,Unknown,Unknown EMS Scene Arrival Hour,Unknown EMS Scene Arrival Minutes,Unknown,Unknown EMS Hospital Arrival Time,1,Daylight,Clear,1,2,['Driver'],['Shoulder_Lapbelt'],0,0,Valid,1.0,0.0,52.0,18.0,"['Male', 'Male', 'Male']",0,0,4,1,5,Dry,Straight,Level,Lowest,No
33344,48,Texas,482425,0,1,1,0,1,MCALLEN,August,17,Thursday,16,59,Urban,Medium Speed (Collector),No,26.372375,-98.25426111,Non-Intersection,Daylight,Clear,Unknown,Unknown if Notified,Unknown EMS Scene Arrival Hour,Unknown if Arrived,Not Applicable (Not Transported),Not Applicable (Not Transported),1,Daylight,Clear,1,0,['Driver'],['Shoulder_Lapbelt'],0,0,Invalid,0.0,0.0,36.0,36.0,['Male'],1,0,3,1,3,Dry,Straight,Level,Lowest,No
33345,48,Texas,482426,0,2,2,0,5,SAN ANTONIO,August,5,Saturday,23,12,Urban,High Speed (Arterial),Yes,29.511075,-98.53611667,Non-Intersection,Dark - Lighted,Clear,Unknown,Unknown,Unknown EMS Scene Arrival Hour,Unknown EMS Scene Arrival Minutes,Unknown,Unknown EMS Hospital Arrival Time,1,Dark - Lighted,Clear,1,4,['Driver'],['None_Used'],0,0,Invalid,0.0,0.0,43.0,31.0,"['Female', 'Male']",0,0,3,1,5,Dry,Straight,Level,Lowest,No
33346,48,Texas,482427,0,1,1,0,1,NOT APPLICABLE,August,12,Saturday,9,11,Rural,Medium Speed (Collector),No,31.68533056,-102.00059722,Non-Intersection,Daylight,Clear,Unknown,Unknown if Notified,Unknown EMS Scene Arrival Hour,Unknown if Arrived,Not Applicable (Not Transported),Not Applicable (Not Transported),1,Daylight,Clear,1,0,['Driver'],['None_Used'],0,0,Valid,0.0,0.0,46.0,46.0,['Male'],0,0,4,1,3,Dry,Straight,Level,Lowest,Yes
33347,48,Texas,482428,0,2,2,0,4,EL PASO,August,26,Saturday,0,45,Urban,High Speed (Arterial),Yes,31.67648611,-106.33870833,Non-Intersection,Dark - Lighted,Clear,Unknown,Unknown,Unknown EMS Scene Arrival Hour,Unknown EMS Scene Arrival Minutes,Unknown,Unknown EMS Hospital Arrival Time,1,Dark - Lighted,Clear,1,3,['Front_Passenger'],['Shoulder_Lapbelt'],1,1,Valid,0.0,0.0,37.0,26.0,"['Female', 'Female']",1,0,3,1,5,Dry,Straight,Level,Lowest,No
33348,48,Texas,482429,1,1,1,0,1,NOT APPLICABLE,August,27,Sunday,20,45,Urban,Medium Speed (Collector),No,29.97696944,-95.576425,Complex/Circle,Dark - Lighted,Cloudy,Unknown,Unknown,Unknown EMS Scene Arrival Hour,Unknown EMS Scene Arrival Minutes,Not Applicable (Not Transported),Not Applicable (Not Transported),1,Dark - Lighted,Reduced Visibility,0,1,[],[],0,0,Valid,0.0,0.0,33.0,33.0,['Male'],0,0,3,1,4,Dry,Straight,Level,Lowest,No
33349,48,Texas,482430,0,2,2,0,2,ALVARADO,August,9,Wednesday,9,45,Rural,High Speed (Arterial),Yes,32.41474722,-97.23821667,Simple Junction,Daylight,Clear,Unknown,Unknown if Notified,Unknown EMS Scene Arrival Hour,Unknown if Arrived,Not Applicable (Not Transported),Not Applicable (Not Transported),1,Daylight,Clear,1,1,['Driver'],['None_Used'],0,0,Valid,1.0,0.0,85.0,46.0,"['Male', 'Male']",0,0,5,1,5,Dry,Straight,Level,Lowest,No
33350,48,Texas,482431,0,2,2,0,3,NOT APPLICABLE,August,22,Tuesday,17,55,Rural,High Speed (Arterial),Yes,29.84229167,-94.16313889,Non-Intersection,Daylight,Clear,Unknown,Unknown,Unknown EMS Scene Arrival Hour,Unknown EMS Scene Arrival Minutes,Unknown,Unknown EMS Hospital Arrival Time,2,Daylight,Clear,2,1,"['Driver', 'Front_Passenger']","['Shoulder_Lapbelt', 'Shoulder_Lapbelt']",0,0,Invalid,0.0,0.0,25.0,20.0,"['Male', 'Male']",0,0,3,4,5,Dry,Straight,Level,Lowest,No
33351,48,Texas,482432,0,1,1,0,1,HOUSTON,June,29,Thursday,23,45,Urban,Medium Speed (Collector),No,29.96701111,-95.55706389,Complex/Circle,Dark - Lighted,Clear,Unknown,Unknown,Unknown EMS Scene Arrival Hour,Unknown EMS Scene Arrival Minutes,Unknown,Unknown EMS Hospital Arrival Time,1,Dark - Lighted,Clear,1,0,['Driver'],['Shoulder_Lapbelt'],0,0,Valid,0.0,0.0,29.0,29.0,['Male'],1,0,2,1,3,Dry,Straight,Level,Lowest,No
33352,48,Texas,482433,0,3,3,0,6,NOT APPLICABLE,August,24,Thursday,7,25,Rural,Medium Speed (Collector),No,30.91528333,-97.59566111,Non-Intersection,Daylight,Clear,Unknown,Unknown if Notified,Unknown EMS Scene Arrival Hour,Unknown if Arrived,Not Applicable (Not Transported),Not Applicable (Not Transported),1,Daylight,Clear,1,5,['Driver'],['None_Used'],0,0,Valid,1.0,0.0,58.0,17.0,"['Male', 'Male', 'Male']",0,0,4,2,5,Dry,Curve,Grade/Hillcrest,Lowest,No
33353,48,Texas,482434,0,1,1,0,2,NOT APPLICABLE,August,21,Monday,2,50,Rural,Medium Speed (Collector),No,32.06839722,-101.92661389,Non-Intersection,Dark - Not Lighted,Clear,Unknown,Unknown,Unknown EMS Scene Arrival Hour,Unknown EMS Scene Arrival Minutes,Unknown,Unknown EMS Hospital Arrival Time,1,Dark - Unlighted,Clear,1,1,['Driver'],['None_Used'],1,1,Valid,0.0,1.0,58.0,58.0,['Male'],2,0,5,1,3,Dry,Curve,Grade/Hillcrest,Lowest,No
33354,48,Texas,482435,1,1,1,0,1,MARSHALL,August,4,Friday,22,40,Urban,Medium Speed (Collector),No,32.54433056,-94.33765,Non-Intersection,Dark - Lighted,Clear,Unknown,Unknown if Notified,Unknown EMS Scene Arrival Hour,Unknown if Arrived,Not Applicable (Not Transported),Not Applicable (Not Transported),1,Dark - Lighted,Clear,0,1,[],[],0,0,Valid,0.0,0.0,71.0,71.0,['Female'],0,0,3,1,4,Dry,Straight,Level,Lowest,No
33355,48,Texas,482436,1,1,1,0,1,SAN ANTONIO,August,15,Tuesday,10,0,Urban,High Speed (Arterial),Yes,29.22474444,-98.40885278,Non-Intersection,Daylight,Clear,Unknown,Unknown if Notified,Unknown EMS Scene Arrival Hour,Unknown if Arrived,Not Applicable (Not Transported),Not Applicable (Not Transported),1,Daylight,Clear,0,0,[],[],0,0,Invalid,0.0,0.0,999.0,999.0,['Other'],0,0,1,1,4,Dry,Straight,Level,Lowest,No
33356,48,Texas,482437,1,1,1,0,5,FORT WORTH,August,27,Sunday,0,29,Urban,High Speed (Arterial),Yes,32.68538333,-97.32071667,Non-Intersection,Dark - Not Lighted,Clear,Unknown,Unknown,Unknown EMS Scene Arrival Hour,Unknown EMS Scene Arrival Minutes,Unknown,Unknown EMS Hospital Arrival Time,1,Dark - Unlighted,Clear,0,5,[],[],0,0,Valid,0.0,0.0,55.0,55.0,['Female'],0,0,3,1,4,Dry,Straight,Grade/Hillcrest,Lowest,No
33357,48,Texas,482438,0,1,1,0,1,NOT APPLICABLE,August,12,Saturday,4,26,Rural,High Speed (Arterial),Yes,34.24081944,-99.45286667,Non-Intersection,Dark - Not Lighted,Clear,Unknown,Unknown if Notified,Unknown EMS Scene Arrival Hour,Unknown if Arrived,Not Applicable (Not Transported),Not Applicable (Not Transported),1,Dark - Unlighted,Clear,1,0,['Driver'],['None_Used'],0,0,Valid,0.0,1.0,38.0,38.0,['Male'],0,0,3,1,3,Dry,Curve,Grade/Hillcrest,Medium,No
33358,48,Texas,482439,0,2,2,0,2,ARLINGTON,August,23,Wednesday,5,33,Urban,High Speed (Arterial),Yes,32.67469444,-97.13996389,Non-Intersection,Dark - Lighted,Clear,Unknown,Unknown,Unknown EMS Scene Arrival Hour,Unknown EMS Scene Arrival Minutes,Not Applicable (Not Transported),Not Applicable (Not Transported),1,Dark - Lighted,Clear,1,1,['Driver'],['None_Used'],0,0,Valid,2.0,0.0,53.0,20.0,"['Male', 'Male']",1,0,3,2,5,Dry,Curve,Level,Lowest,No
33359,48,Texas,482440,0,2,2,0,3,NOT APPLICABLE,August,10,Thursday,11,7,Rural,Medium Speed (Collector),No,29.6999,-97.70046667,Simple Junction,Daylight,Clear,Unknown,Unknown,Unknown EMS Scene Arrival Hour,Unknown EMS Scene Arrival Minutes,Unknown,Unknown EMS Hospital Arrival Time,2,Daylight,Clear,2,1,"['Driver', 'Rear_Seat']","['Shoulder_Lapbelt', 'Child_Safety']",0,0,Valid,0.0,0.0,68.0,51.0,"['Female', 'Male']",1,0,4,4,5,Dry,Curve,Level,Lowest,No
33360,48,Texas,482441,0,2,2,0,2,NOT APPLICABLE,August,25,Friday,18,5,Rural,Medium Speed (Collector),No,29.17478889,-95.25243056,Complex/Circle,Daylight,Clear,Unknown,Unknown,Unknown EMS Scene Arrival Hour,Unknown EMS Scene Arrival Minutes,Unknown,Unknown EMS Hospital Arrival Time,1,Daylight,Clear,1,1,['Driver'],['Shoulder_Lapbelt'],0,0,Valid,0.0,0.0,83.0,39.0,"['Female', 'Male']",0,0,3,1,5,Dry,Straight,Level,Lowest,No
33361,48,Texas,482442,0,2,2,0,2,NOT APPLICABLE,August,26,Saturday,21,6,Rural,Medium Speed (Collector),No,29.90735556,-97.73815556,Non-Intersection,Dark - Not Lighted,Clear,Unknown,Unknown,Unknown EMS Scene Arrival Hour,Unknown EMS Scene Arrival Minutes,Unknown,Unknown EMS Hospital Arrival Time,1,Dark - Unlighted,Clear,1,1,['Driver'],['Shoulder_Lapbelt'],0,0,Valid,0.0,0.0,62.0,40.0,"['Male', 'Female']",0,0,3,1,5,Dry,Curve,Level,Lowest,No
33362,48,Texas,482443,1,1,1,0,2,BURKBURNETT,August,27,Sunday,3,56,Rural,High Speed (Arterial),Yes,34.09854444,-98.549225,Non-Intersection,Dark - Not Lighted,Clear,Unknown,Unknown if Notified,Unknown EMS Scene Arrival Hour,Unknown if Arrived,Not Applicable (Not Transported),Not Applicable (Not Transported),1,Dark - Unlighted,Clear,0,2,[],[],0,0,Valid,0.0,0.0,63.0,63.0,['Male'],0,0,4,4,4,Dry,Straight,Grade/Hillcrest,Lowest,No
33363,48,Texas,482444,0,2,2,0,3,NOT APPLICABLE,August,21,Monday,0,5,Urban,Medium Speed (Collector),No,29.96539444,-95.67343056,Complex/Circle,Dark - Lighted,Clear,Unknown,Unknown,Unknown EMS Scene Arrival Hour,Unknown EMS Scene Arrival Minutes,Unknown,Unknown EMS Hospital Arrival Time,1,Dark - Lighted,Clear,1,2,['Driver'],['Shoulder_Lapbelt'],1,1,Valid,0.0,0.0,20.0,19.0,"['Female', 'Female']",0,0,3,4,5,Dry,Straight,Level,Lowest,No
33364,48,Texas,482445,1,1,1,0,1,NOT APPLICABLE,August,28,Monday,23,22,Urban,Medium Speed (Collector),No,29.76839167,-95.75171389,Non-Intersection,Dark - Lighted,Clear,Unknown,Unknown if Notified,Unknown EMS Scene Arrival Hour,Unknown if Arrived,Not Applicable (Not Transported),Not Applicable (Not Transported),1,Dark - Lighted,Clear,0,0,[],[],0,0,Invalid,0.0,0.0,999.0,999.0,['Other'],0,0,3,0,4,Dry,Straight,Level,Lowest,No