,State_Code,State_Name,Crash_ID,Count_Non_Motorists,Count_Vehicles_Total,Count_Vehicle_Forms,Count_PVH_Involved,Count_Occupants_MV,City_Name,Month_Name,Day_of_Month,Day_of_Week,Crash_Hour,Crash_Minute,Area_Rural_Urban,Road_Functional_Class,On_NHS_Road,Latitude,Longitude,Intersection_Type,Light_Condition,Weather_Condition,Notif_Hour,Notif_Minute,Arrival_Hour,Arrival_Minute,Hospital_Hour,Hospital_Minute,Fatalities_Count,Clean_Light_Condition,Clean_Weather_Condition,Total_Killed,Total_Alive,Fatal_Seats_List,Killed_Restraint_List,Any_Driver_Drinking,Total_Drinking_Drivers,Driver_License_Category,Driver_Max_Prev_Accident_Count,Driver_Max_Prev_Speeding_Count,Max_Driver_Age,Min_Driver_Age,Driver_Sex_List,Total_Exceeding_Limit_Vehicles,Total_Too_Fast_Vehicles,Max_Vehicle_Type_Severity_5,Max_Vehicle_Damage_Rank,Max_Harmful_Event_Severity,Crash_Road_Surface_Condition,Crash_Horizontal_Alignment,Crash_Vertical_Profile,Crash_Impairment_Category,Crash_Vehicle_Defect
33365,48,Texas,482446,1,1,1,0,1,DALLAS,August,23,Wednesday,6,5,Urban,Medium Speed (Collector),No,32.91268889,-96.87728889,Non-Intersection,Dark - Lighted,Clear,Unknown,Unknown,Unknown EMS Scene Arrival Hour,Unknown EMS Scene Arrival Minutes,Not Applicable (Not Transported),Not Applicable (Not Transported),1,Dark - Lighted,Clear,0,0,[],[],0,0,Invalid,0.0,0.0,999.0,999.0,['Other'],0,0,1,0,4,Dry,Straight,Level,Lowest,No
33366,48,Texas,482447,0,2,2,0,3,NOT APPLICABLE,August,24,Thursday,13,11,Rural,High Speed (Arterial),Yes,34.48250278,-100.338475,Simple Junction,Daylight,Clear,Unknown,Unknown,Unknown EMS Scene Arrival Hour,Unknown EMS Scene Arrival Minutes,Unknown,Unknown EMS Hospital Arrival Time,2,Daylight,Clear,2,1,"['Driver', 'Front_Passenger']","['Shoulder_Lapbelt', 'Shoulder_Lapbelt']",0,0,Valid,0.0,0.0,85.0,64.0,"['Female', 'Male']",0,0,3,1,5,Dry,Straight,Level,Lowest,No
33367,48,Texas,482448,0,2,2,0,3,NOT APPLICABLE,August,26,Saturday,22,3,Rural,Medium Speed (Collector),No,32.010625,-102.26499167,Complex/Circle,Dark - Not Lighted,Clear,Unknown,Unknown,Unknown EMS Scene Arrival Hour,Unknown EMS Scene Arrival Minutes,Unknown,Unknown EMS Hospital Arrival Time,1,Dark - Unlighted,Clear,1,2,['Driver'],['None_Used'],0,0,Valid,1.0,0.0,48.0,24.0,"['Male', 'Male']",0,0,2,1,5,Dry,Straight,Level,Lowest,No
33368,48,Texas,482450,0,2,2,0,2,ARLINGTON,August,27,Sunday,5,17,Urban,High Speed (Arterial),Yes,32.68585,-97.06274722,Non-Intersection,Dark - Not Lighted,Clear,Unknown,Unknown if Notified,Unknown EMS Scene Arrival Hour,Unknown if Arrived,Not Applicable (Not Transported),Not Applicable (Not Transported),1,Dark - Unlighted,Clear,1,1,['Driver'],['Shoulder_Lapbelt'],1,2,Valid,0.0,0.0,35.0,33.0,"['Male', 'Male']",0,0,3,1,5,Dry,Straight,Level,Lowest,No
33369,48,Texas,482451,0,2,2,0,2,NOT APPLICABLE,August,20,Sunday,11,45,Rural,Medium Speed (Collector),No,33.176125,-96.06186389,Non-Intersection,Daylight,Clear,Unknown,Unknown,Unknown EMS Scene Arrival Hour,Unknown EMS Scene Arrival Minutes,Unknown,Unknown EMS Hospital Arrival Time,1,Daylight,Clear,1,1,['Driver'],['Shoulder_Lapbelt'],1,1,Valid,0.0,1.0,78.0,46.0,"['Male', 'Female']",0,0,3,4,5,Dry,Straight,Grade/Hillcrest,Lowest,No
33370,48,Texas,482452,0,2,2,0,4,NOT APPLICABLE,August,12,Saturday,20,45,Rural,Medium Speed (Collector),No,29.67611944,-94.43016944,Non-Intersection,Dark - Not Lighted,Clear,Unknown,Unknown,Unknown EMS Scene Arrival Hour,Unknown EMS Scene Arrival Minutes,Unknown,Unknown EMS Hospital Arrival Time,2,Dark - Unlighted,Clear,2,2,"['Front_Passenger', 'Rear_Seat']","['Shoulder_Lapbelt', 'Shoulder_Lapbelt']",1,2,Valid,0.0,0.0,41.0,17.0,"['Male', 'Male']",3,0,5,4,5,Dry,Straight,Level,Lowest,No
33371,48,Texas,482453,0,1,1,0,1,NOT APPLICABLE,August,20,Sunday,3,12,Rural,Medium Speed (Collector),No,31.65563333,-94.69288333,Non-Intersection,Dark - Not Lighted,Cloudy,Unknown,Unknown if Notified,Unknown EMS Scene Arrival Hour,Unknown if Arrived,Not Applicable (Not Transported),Not Applicable (Not Transported),1,Dark - Unlighted,Reduced Visibility,1,0,['Driver'],['None_Used'],1,1,Valid,0.0,0.0,42.0,42.0,['Male'],1,0,3,1,3,Dry,Curve,Grade/Hillcrest,Lowest,No
33372,48,Texas,482454,0,1,1,0,1,NOT APPLICABLE,August,21,Monday,23,28,Urban,Medium Speed (Collector),No,30.22978056,-95.51159167,Simple Junction,Dark - Lighted,Clear,Unknown,Unknown if Notified,Unknown EMS Scene Arrival Hour,Unknown if Arrived,Not Applicable (Not Transported),Not Applicable (Not Transported),1,Dark - Lighted,Clear,1,0,['Driver'],['Shoulder_Lapbelt'],0,0,Valid,0.0,0.0,18.0,18.0,['Male'],0,0,2,4,3,Dry,Straight,Level,Lowest,No
33373,48,Texas,482455,1,1,1,0,1,NOT APPLICABLE,July,6,Thursday,14,44,Urban,Medium Speed (Collector),No,29.80634722,-95.02590833,Non-Intersection,Daylight,Rain,Unknown,Unknown,Unknown EMS Scene Arrival Hour,Unknown EMS Scene Arrival Minutes,Unknown,Unknown EMS Hospital Arrival Time,1,Daylight,Rain/Wind/Minor,0,1,[],[],0,0,Valid,0.0,0.0,58.0,58.0,['Male'],0,0,3,2,4,Wet/Standing Water,Straight,Level,Lowest,No
33374,48,Texas,482456,0,1,1,0,5,NOT APPLICABLE,August,19,Saturday,14,15,Urban,High Speed (Arterial),Yes,29.55818611,-95.70443889,Non-Intersection,Daylight,Clear,Unknown,Unknown,Unknown EMS Scene Arrival Hour,Unknown EMS Scene Arrival Minutes,Unknown,Unknown EMS Hospital Arrival Time,1,Daylight,Clear,1,4,['Driver'],['None_Used'],0,0,Invalid,0.0,0.0,52.0,52.0,['Male'],0,0,3,1,3,Dry,Straight,Level,Lowest,No
33375,48,Texas,482457,0,2,2,0,2,NOT APPLICABLE,August,24,Thursday,6,15,Urban,High Speed (Arterial),Yes,29.95708333,-95.67896111,Non-Intersection,Dark - Lighted,Clear,Unknown,Unknown,Unknown EMS Scene Arrival Hour,Unknown EMS Scene Arrival Minutes,Not Applicable (Not Transported),Not Applicable (Not Transported),1,Dark - Lighted,Clear,1,1,['Driver'],['Shoulder_Lapbelt'],0,0,Valid,0.0,0.0,56.0,25.0,"['Male', 'Male']",1,0,4,2,5,Dry,Straight,Level,Lowest,No
33376,48,Texas,482458,0,2,2,0,2,NOT APPLICABLE,August,21,Monday,5,14,Rural,Medium Speed (Collector),No,29.87669444,-95.03576111,Simple Junction,Dark - Not Lighted,Clear,Unknown,Unknown if Notified,Unknown EMS Scene Arrival Hour,Unknown if Arrived,Not Applicable (Not Transported),Not Applicable (Not Transported),1,Dark - Unlighted,Clear,1,1,['Driver'],['None_Used'],0,0,Valid,0.0,1.0,51.0,40.0,"['Male', 'Male']",0,0,5,4,5,Dry,Straight,Level,Lowest,No
33377,48,Texas,482459,0,1,1,0,1,NOT APPLICABLE,August,31,Thursday,1,10,Rural,Medium Speed (Collector),No,30.41698333,-94.65837222,Non-Intersection,Dark - Not Lighted,Clear,Unknown,Unknown if Notified,Unknown EMS Scene Arrival Hour,Unknown if Arrived,Not Applicable (Not Transported),Not Applicable (Not Transported),1,Dark - Unlighted,Clear,1,0,['Driver'],['None_Used'],1,1,Valid,0.0,0.0,20.0,20.0,['Male'],1,0,3,1,3,Dry,Straight,Grade/Hillcrest,Lowest,No
33378,48,Texas,482460,0,2,2,0,3,PASADENA,August,6,Sunday,16,21,Urban,High Speed (Arterial),Yes,29.70174444,-95.20940556,Complex/Circle,Daylight,Clear,Unknown,Unknown,Unknown EMS Scene Arrival Hour,Unknown EMS Scene Arrival Minutes,Unknown,Unknown EMS Hospital Arrival Time,1,Daylight,Clear,1,2,['Driver'],['None_Used'],0,0,Invalid,0.0,0.0,45.0,20.0,"['Male', 'Female']",1,0,5,1,5,Dry,Straight,Level,Lowest,No
33379,48,Texas,482461,1,1,1,0,1,DALLAS,August,20,Sunday,19,10,Urban,High Speed (Arterial),Yes,32.79763889,-96.684175,Non-Intersection,Daylight,Clear,Unknown,Unknown,Unknown EMS Scene Arrival Hour,Unknown EMS Scene Arrival Minutes,Unknown,Unknown EMS Hospital Arrival Time,1,Daylight,Clear,0,1,[],[],0,0,Invalid,0.0,0.0,41.0,41.0,['Male'],0,0,2,1,4,Dry,Straight,Level,Lowest,No
33380,48,Texas,482462,0,2,2,0,2,NOT APPLICABLE,August,27,Sunday,1,38,Rural,Low Speed (Local),No,33.72605278,-101.90633333,Non-Intersection,Dark - Not Lighted,Clear,Unknown,Unknown if Notified,Unknown EMS Scene Arrival Hour,Unknown if Arrived,Not Applicable (Not Transported),Not Applicable (Not Transported),2,Dark - Unlighted,Clear,2,0,"['Driver', 'Driver']","['None_Used', 'None_Used']",1,1,Valid,0.0,1.0,20.0,19.0,"['Male', 'Male']",0,0,5,1,5,Dry,Straight,Level,Lowest,Yes
33381,48,Texas,482463,0,2,2,0,3,NOT APPLICABLE,August,13,Sunday,6,5,Urban,Medium Speed (Collector),No,26.29640833,-98.35115278,Non-Intersection,Dark - Not Lighted,Clear,Unknown,Unknown,Unknown EMS Scene Arrival Hour,Unknown EMS Scene Arrival Minutes,Unknown,Unknown EMS Hospital Arrival Time,1,Dark - Unlighted,Clear,1,2,['Driver'],['None_Used'],1,1,Invalid,0.0,0.0,32.0,24.0,"['Male', 'Female']",2,0,3,1,5,Dry,Straight,Level,Lowest,No
33382,48,Texas,482464,1,1,1,0,1,GRAND PRAIRIE,August,22,Tuesday,21,47,Urban,High Speed (Arterial),Yes,32.73746389,-96.99492778,Complex/Circle,Dark - Lighted,Cloudy,9:00pm-9:59pm,49,9:00pm-9:59pm,53,10:00pm-10:59pm,9,1,Dark - Lighted,Reduced Visibility,0,1,[],[],0,0,Invalid,0.0,0.0,51.0,51.0,['Male'],0,0,3,2,4,Dry,Curve,Level,Lowest,No
33383,48,Texas,482465,2,2,1,1,1,FORT WORTH,August,26,Saturday,2,31,Urban,High Speed (Arterial),Yes,32.66834444,-97.35518611,Non-Intersection,Dark - Lighted,Clear,Unknown,Unknown,Unknown EMS Scene Arrival Hour,Unknown EMS Scene Arrival Minutes,Unknown,Unknown EMS Hospital Arrival Time,1,Dark - Lighted,Clear,1,0,['Driver'],['None_Used'],0,0,Invalid,0.0,0.0,17.0,17.0,['Male'],1,0,3,1,3,Dry,Straight,Grade/Hillcrest,Lowest,No
33384,48,Texas,482466,0,2,2,0,3,NOT APPLICABLE,August,27,Sunday,19,59,Rural,High Speed (Arterial),Yes,32.25441389,-94.21473611,Non-Intersection,Dark - Not Lighted,Clear,Unknown,Unknown,Unknown EMS Scene Arrival Hour,Unknown EMS Scene Arrival Minutes,Unknown,Unknown EMS Hospital Arrival Time,1,Dark - Unlighted,Clear,1,2,['Driver'],['Shoulder_Lapbelt'],0,0,Valid,0.0,0.0,77.0,59.0,"['Male', 'Female']",0,0,3,1,5,Dry,Straight,Level,Lowest,No
33385,48,Texas,482467,0,4,4,0,10,LEANDER,August,26,Saturday,11,35,Urban,Medium Speed (Collector),No,30.58724722,-97.83995833,Complex/Circle,Daylight,Clear,Unknown,Unknown,Unknown EMS Scene Arrival Hour,Unknown EMS Scene Arrival Minutes,Unknown,Unknown EMS Hospital Arrival Time,2,Daylight,Clear,2,7,"['Driver', 'Front_Passenger']","['Shoulder_Lapbelt', 'Shoulder_Lapbelt']",0,0,Valid,0.0,0.0,35.0,16.0,"['Male', 'Male', 'Male', 'Female']",2,0,3,2,5,Dry,Straight,Level,Lowest,No
33386,48,Texas,482468,1,1,1,0,1,SAN ANTONIO,August,10,Thursday,5,49,Urban,High Speed (Arterial),Yes,29.34633889,-98.42421111,Non-Intersection,Dark - Lighted,Clear,Unknown,Unknown if Notified,Unknown EMS Scene Arrival Hour,Unknown if Arrived,Not Applicable (Not Transported),Not Applicable (Not Transported),1,Dark - Lighted,Clear,0,1,[],[],0,0,Invalid,0.0,0.0,23.0,23.0,['Male'],0,0,2,2,4,Dry,Straight,Grade/Hillcrest,Lowest,No
33387,48,Texas,482469,0,2,2,0,2,MCALLEN,August,4,Friday,10,2,Urban,High Speed (Arterial),Yes,26.22141389,-98.22689444,Complex/Circle,Daylight,Clear,Unknown,Unknown,Unknown EMS Scene Arrival Hour,Unknown EMS Scene Arrival Minutes,Unknown,Unknown EMS Hospital Arrival Time,1,Daylight,Clear,1,1,['Driver'],['None_Used'],0,0,Invalid,0.0,0.0,36.0,23.0,"['Male', 'Female']",0,0,5,2,5,Dry,Straight,Level,Lowest,No
33388,48,Texas,482470,0,1,1,0,1,NOT APPLICABLE,August,16,Wednesday,13,20,Urban,High Speed (Arterial),Yes,30.129625,-95.2263,Non-Intersection,Daylight,Clear,Unknown,Unknown if Notified,Unknown EMS Scene Arrival Hour,Unknown if Arrived,Not Applicable (Not Transported),Not Applicable (Not Transported),1,Daylight,Clear,1,0,['Driver'],['None_Used'],0,0,Valid,0.0,5.0,46.0,46.0,['Male'],0,0,2,1,3,Dry,Straight,Level,Lowest,No
33389,48,Texas,482471,0,1,1,0,1,NOT APPLICABLE,August,23,Wednesday,11,11,Rural,Medium Speed (Collector),No,31.30093056,-94.26190278,Non-Intersection,Daylight,Clear,Unknown,Unknown if Notified,Unknown EMS Scene Arrival Hour,Unknown if Arrived,Not Applicable (Not Transported),Not Applicable (Not Transported),1,Daylight,Clear,1,0,['Driver'],['None_Used'],0,0,Valid,0.0,0.0,80.0,80.0,['Male'],0,0,5,1,3,Dry,Curve,Grade/Hillcrest,Lowest,No
33390,48,Texas,482472,0,1,1,0,1,NOT APPLICABLE,September,2,Saturday,0,52,Rural,Medium Speed (Collector),No,30.16324167,-97.39905833,Non-Intersection,Dark - Not Lighted,Clear,Unknown,Unknown if Notified,Unknown EMS Scene Arrival Hour,Unknown if Arrived,Not Applicable (Not Transported),Not Applicable (Not Transported),1,Dark - Unlighted,Clear,1,0,['Driver'],['Shoulder_Lapbelt'],1,1,Invalid,0.0,0.0,20.0,20.0,['Male'],1,0,2,4,3,Dry,Curve,Level,Lowest,No
33391,48,Texas,482473,1,1,1,0,1,NOT APPLICABLE,September,3,Sunday,1,35,Rural,High Speed (Arterial),Yes,30.16884167,-97.19633611,Non-Intersection,Dark - Not Lighted,Clear,Unknown,Unknown if Notified,Unknown EMS Scene Arrival Hour,Unknown if Arrived,Not Applicable (Not Transported),Not Applicable (Not Transported),1,Dark - Unlighted,Clear,0,1,[],[],0,0,Invalid,0.0,0.0,32.0,32.0,['Male'],0,0,3,1,4,Dry,Straight,Level,Lowest,No
33392,48,Texas,482474,0,2,2,0,2,LUFKIN,July,13,Thursday,17,39,Urban,Medium Speed (Collector),No,31.33577778,-94.74729722,Simple Junction,Daylight,Cloudy,Unknown,Unknown,Unknown EMS Scene Arrival Hour,Unknown EMS Scene Arrival Minutes,Unknown,Unknown EMS Hospital Arrival Time,1,Daylight,Reduced Visibility,1,0,['Driver'],['Shoulder_Lapbelt'],0,0,Valid,0.0,0.0,74.0,38.0,"['Female', 'Male']",1,0,3,1,5,Dry,Straight,Level,Lowest,No
33393,48,Texas,482475,0,2,2,0,8,WACO,August,25,Friday,20,40,Urban,High Speed (Arterial),Yes,31.51337222,-97.13973333,Non-Intersection,Dark - Not Lighted,Clear,Unknown,Unknown,Unknown EMS Scene Arrival Hour,Unknown EMS Scene Arrival Minutes,Unknown,Unknown EMS Hospital Arrival Time,1,Dark - Unlighted,Clear,1,7,['Rear_Seat'],['None_Used'],0,0,Valid,0.0,0.0,63.0,45.0,"['Male', 'Male']",0,0,4,2,5,Dry,Straight,Level,Lowest,Yes
33394,48,Texas,482476,1,1,1,0,1,HOUSTON,August,24,Thursday,0,16,Urban,High Speed (Arterial),Yes,29.78467222,-95.56811111,Non-Intersection,Dark - Not Lighted,Clear,Unknown,Unknown if Notified,Unknown EMS Scene Arrival Hour,Unknown if Arrived,Not Applicable (Not Transported),Not Applicable (Not Transported),1,Dark - Unlighted,Clear,0,0,[],[],0,0,Invalid,0.0,0.0,999.0,999.0,['Other'],0,0,1,0,4,Dry,Straight,Level,Lowest,No
33395,48,Texas,482477,1,1,1,0,1,EAGLE LAKE,June,18,Sunday,0,20,Rural,Medium Speed (Collector),No,29.58992778,-96.31374444,Simple Junction,Dark - Not Lighted,Clear,Unknown,Unknown if Notified,Unknown EMS Scene Arrival Hour,Unknown if Arrived,Not Applicable (Not Transported),Not Applicable (Not Transported),1,Dark - Unlighted,Clear,0,0,[],[],0,0,Invalid,0.0,0.0,999.0,999.0,['Other'],0,0,1,1,4,Dry,Straight,Level,Lowest,No
33396,48,Texas,482478,0,2,2,0,3,NOT APPLICABLE,August,25,Friday,16,56,Urban,High Speed (Arterial),Yes,32.57709167,-97.19109167,Simple Junction,Daylight,Clear,Unknown,Unknown,Unknown EMS Scene Arrival Hour,Unknown EMS Scene Arrival Minutes,Unknown,Unknown EMS Hospital Arrival Time,1,Daylight,Clear,1,2,['Driver'],['None_Used'],0,0,Valid,0.0,0.0,32.0,22.0,"['Male', 'Male']",0,0,5,2,5,Dry,Straight,Grade/Hillcrest,Lowest,No
33397,48,Texas,482479,0,1,1,0,1,NOT APPLICABLE,August,11,Friday,11,5,Urban,High Speed (Arterial),Yes,30.21775278,-97.62294722,Non-Intersection,Daylight,Clear,Unknown,Unknown if Notified,Unknown EMS Scene Arrival Hour,Unknown if Arrived,Not Applicable (Not Transported),Not Applicable (Not Transported),1,Daylight,Clear,1,0,['Driver'],['None_Used'],1,1,Invalid,0.0,0.0,26.0,26.0,['Male'],1,0,2,1,3,Dry,Straight,Level,Lowest,No
33398,48,Texas,482480,2,2,2,0,1,Other,August,19,Saturday,0,25,Urban,High Speed (Arterial),Yes,32.98681111,-96.98476944,Non-Intersection,Dark - Not Lighted,Clear,Unknown,Unknown,Unknown EMS Scene Arrival Hour,Unknown EMS Scene Arrival Minutes,Unknown,Unknown EMS Hospital Arrival Time,1,Dark - Unlighted,Clear,0,1,[],[],0,0,Valid,1.0,0.0,33.0,33.0,['Male'],1,0,3,1,5,Dry,Curve,Level,Lowest,No
33399,48,Texas,482481,0,2,2,0,5,NOT APPLICABLE,August,23,Wednesday,17,40,Rural,Medium Speed (Collector),No,34.47718611,-101.57528611,Complex/Circle,Daylight,Clear,Unknown,Unknown,Unknown EMS Scene Arrival Hour,Unknown EMS Scene Arrival Minutes,Unknown,Unknown EMS Hospital Arrival Time,1,Daylight,Clear,1,4,['Driver'],['None_Used'],0,0,Valid,0.0,0.0,34.0,21.0,"['Male', 'Male']",0,0,3,4,5,Dry,Straight,Level,Lowest,No
33400,48,Texas,482482,0,2,2,0,5,HORIZON CITY,August,23,Wednesday,20,58,Urban,Medium Speed (Collector),No,31.68275,-106.15514444,Non-Intersection,Dark - Not Lighted,Clear,Unknown,Unknown,Unknown EMS Scene Arrival Hour,Unknown EMS Scene Arrival Minutes,Unknown,Unknown EMS Hospital Arrival Time,2,Dark - Unlighted,Clear,2,3,"['Driver', 'Front_Passenger']","['Shoulder_Lapbelt', 'Shoulder_Lapbelt']",0,0,Invalid,0.0,0.0,67.0,19.0,"['Male', 'Male']",1,0,3,1,5,Dry,Straight,Level,Lowest,No
33401,48,Texas,482483,1,1,1,0,0,SAN ANTONIO,September,1,Friday,0,1,Urban,High Speed (Arterial),Yes,29.48931667,-98.56407778,Non-Intersection,Dark - Lighted,Clear,Unknown,Unknown,Unknown EMS Scene Arrival Hour,Unknown EMS Scene Arrival Minutes,Not Applicable (Not Transported),Not Applicable (Not Transported),1,Dark - Lighted,Clear,0,0,[],[],0,0,Valid,0.0,0.0,49.0,34.0,Other,0,0,3,2,4,Dry,Straight,Level,Lowest,No
33402,48,Texas,482484,1,1,1,0,1,MIDLAND,August,18,Friday,0,24,Urban,High Speed (Arterial),No,32.01793611,-102.13260278,Non-Intersection,Dark - Not Lighted,Clear,Unknown,Unknown,Unknown EMS Scene Arrival Hour,Unknown EMS Scene Arrival Minutes,Unknown,Unknown EMS Hospital Arrival Time,1,Dark - Unlighted,Clear,0,1,[],[],0,0,Valid,0.0,0.0,31.0,31.0,['Male'],0,0,2,2,4,Dry,Straight,Level,Lowest,No
33403,48,Texas,482485,0,1,1,0,2,NOT APPLICABLE,August,26,Saturday,20,59,Urban,Low Speed (Local),No,26.28599167,-98.095675,Non-Intersection,Dark - Not Lighted,Clear,Unknown,Unknown,Unknown EMS Scene Arrival Hour,Unknown EMS Scene Arrival Minutes,Unknown,Unknown EMS Hospital Arrival Time,1,Dark - Unlighted,Clear,1,1,['Driver'],['None_Used'],1,1,Invalid,0.0,0.0,53.0,53.0,['Male'],0,0,2,2,2,Dry,Straight,Level,Lowest,No
33404,48,Texas,482486,0,1,1,0,1,MOUNT PLEASANT,August,20,Sunday,2,34,Urban,High Speed (Arterial),Yes,33.16310556,-94.99739167,Simple Junction,Dark - Not Lighted,Clear,Unknown,Unknown if Notified,Unknown EMS Scene Arrival Hour,Unknown if Arrived,Not Applicable (Not Transported),Not Applicable (Not Transported),1,Dark - Unlighted,Clear,1,0,['Driver'],['None_Used'],0,0,Valid,0.0,0.0,49.0,49.0,['Male'],0,0,5,1,2,Dry,Straight,Level,Lowest,No
33405,48,Texas,482487,0,1,1,0,2,NOT APPLICABLE,August,29,Tuesday,4,23,Urban,Medium Speed (Collector),No,29.70460278,-95.71819444,Non-Intersection,Dark - Lighted,Clear,Unknown,Unknown,Unknown EMS Scene Arrival Hour,Unknown EMS Scene Arrival Minutes,Unknown,Unknown EMS Hospital Arrival Time,1,Dark - Lighted,Clear,1,1,['Driver'],['None_Used'],1,1,Invalid,0.0,1.0,22.0,22.0,['Female'],2,0,2,1,3,Dry,Curve,Level,Lowest,No
33406,48,Texas,482488,0,2,2,0,3,NOT APPLICABLE,August,20,Sunday,2,32,Urban,High Speed (Arterial),No,30.01217778,-95.333525,Non-Intersection,Dark - Not Lighted,Clear,Unknown,Unknown,Unknown EMS Scene Arrival Hour,Unknown EMS Scene Arrival Minutes,Unknown,Unknown EMS Hospital Arrival Time,1,Dark - Unlighted,Clear,1,2,['Front_Passenger'],['Shoulder_Lapbelt'],1,2,Valid,0.0,0.0,71.0,24.0,"['Male', 'Male']",0,0,3,1,5,Dry,Straight,Level,Lowest,No
33407,48,Texas,482489,0,3,3,0,3,NOT APPLICABLE,August,8,Tuesday,17,39,Rural,High Speed (Arterial),Yes,30.977575,-98.07980278,Non-Intersection,Daylight,Clear,Unknown,Unknown,Unknown EMS Scene Arrival Hour,Unknown EMS Scene Arrival Minutes,Unknown,Unknown EMS Hospital Arrival Time,1,Daylight,Clear,1,2,['Driver'],['Shoulder_Lapbelt'],1,1,Invalid,0.0,0.0,26.0,18.0,"['Male', 'Female', 'Male']",0,0,3,4,5,Dry,Curve,Level,Lowest,No
33408,48,Texas,482490,1,1,1,0,1,NOT APPLICABLE,August,21,Monday,0,0,Rural,Medium Speed (Collector),No,35.22639444,-100.01096667,Non-Intersection,Dark - Not Lighted,Clear,Unknown,Unknown if Notified,Unknown EMS Scene Arrival Hour,Unknown if Arrived,Not Applicable (Not Transported),Not Applicable (Not Transported),1,Dark - Unlighted,Clear,0,0,[],[],0,0,Invalid,0.0,0.0,999.0,999.0,['Other'],0,0,1,0,4,Dry,Straight,Level,Lowest,No
33409,48,Texas,482491,0,2,2,0,2,NOT APPLICABLE,August,25,Friday,21,22,Rural,High Speed (Arterial),Yes,29.28943611,-96.96878056,Complex/Circle,Dark - Not Lighted,Clear,Unknown,Unknown,Unknown EMS Scene Arrival Hour,Unknown EMS Scene Arrival Minutes,Unknown,Unknown EMS Hospital Arrival Time,1,Dark - Unlighted,Clear,1,1,['Driver'],['Shoulder_Lapbelt'],0,0,Valid,0.0,0.0,61.0,21.0,"['Female', 'Female']",0,0,3,1,5,Dry,Straight,Level,Lowest,No
33410,48,Texas,482492,0,2,2,0,2,NOT APPLICABLE,August,16,Wednesday,5,23,Rural,Medium Speed (Collector),No,32.97654444,-96.05809167,Complex/Circle,Dark - Not Lighted,Clear,Unknown,Unknown,Unknown EMS Scene Arrival Hour,Unknown EMS Scene Arrival Minutes,Unknown,Unknown EMS Hospital Arrival Time,1,Dark - Unlighted,Clear,1,1,['Driver'],['None_Used'],0,0,Valid,0.0,0.0,63.0,52.0,"['Male', 'Female']",0,0,3,1,5,Dry,Straight,Level,Lowest,No
33411,48,Texas,482493,0,1,1,0,2,NOT APPLICABLE,August,17,Thursday,11,43,Rural,Low Speed (Local),No,30.29028056,-95.22740556,Non-Intersection,Daylight,Clear,Unknown,Unknown if Notified,Unknown EMS Scene Arrival Hour,Unknown if Arrived,Not Applicable (Not Transported),Not Applicable (Not Transported),2,Daylight,Clear,2,0,"['Driver', 'Front_Passenger']","['None_Used', 'None_Used']",0,0,Valid,0.0,1.0,30.0,30.0,['Female'],0,0,4,1,3,Dry,Straight,Level,Lowest,No
33412,48,Texas,482494,0,2,2,0,2,NOT APPLICABLE,August,21,Monday,0,30,Rural,High Speed (Arterial),Yes,32.15497778,-95.75183333,Complex/Circle,Dark - Not Lighted,Clear,Unknown,Unknown,Unknown EMS Scene Arrival Hour,Unknown EMS Scene Arrival Minutes,Unknown,Unknown EMS Hospital Arrival Time,1,Dark - Unlighted,Clear,1,1,['Driver'],['Shoulder_Lapbelt'],0,0,Valid,0.0,0.0,30.0,22.0,"['Male', 'Male']",0,0,3,1,5,Dry,Straight,Level,Lowest,No
33413,48,Texas,482495,0,2,2,0,2,NOT APPLICABLE,August,27,Sunday,19,37,Urban,Medium Speed (Collector),No,32.17146111,-95.830175,Non-Intersection,Dusk,Rain,Unknown,Unknown,Unknown EMS Scene Arrival Hour,Unknown EMS Scene Arrival Minutes,Unknown,Unknown EMS Hospital Arrival Time,1,Twilight,Rain/Wind/Minor,1,1,['Driver'],['Shoulder_Lapbelt'],0,0,Valid,0.0,0.0,87.0,16.0,"['Male', 'Male']",1,0,3,1,5,Dry,Curve,Level,Lowest,Yes
33414,48,Texas,482496,1,1,1,0,1,KILLEEN,August,19,Saturday,2,9,Urban,High Speed (Arterial),Yes,31.09004444,-97.71776944,Non-Intersection,Dark - Not Lighted,Clear,Unknown,Unknown if Notified,Unknown EMS Scene Arrival Hour,Unknown if Arrived,Not Applicable (Not Transported),Not Applicable (Not Transported),1,Dark - Unlighted,Clear,0,1,[],[],0,0,Valid,0.0,0.0,65.0,65.0,['Male'],0,0,3,1,4,Dry,Straight,Level,Lowest,No