,State_Code,State_Name,Crash_ID,Count_Non_Motorists,Count_Vehicles_Total,Count_Vehicle_Forms,Count_PVH_Involved,Count_Occupants_MV,City_Name,Month_Name,Day_of_Month,Day_of_Week,Crash_Hour,Crash_Minute,Area_Rural_Urban,Road_Functional_Class,On_NHS_Road,Latitude,Longitude,Intersection_Type,Light_Condition,Weather_Condition,Notif_Hour,Notif_Minute,Arrival_Hour,Arrival_Minute,Hospital_Hour,Hospital_Minute,Fatalities_Count,Clean_Light_Condition,Clean_Weather_Condition,Total_Killed,Total_Alive,Fatal_Seats_List,Killed_Restraint_List,Any_Driver_Drinking,Total_Drinking_Drivers,Driver_License_Category,Driver_Max_Prev_Accident_Count,Driver_Max_Prev_Speeding_Count,Max_Driver_Age,Min_Driver_Age,Driver_Sex_List,Total_Exceeding_Limit_Vehicles,Total_Too_Fast_Vehicles,Max_Vehicle_Type_Severity_5,Max_Vehicle_Damage_Rank,Max_Harmful_Event_Severity,Crash_Road_Surface_Condition,Crash_Horizontal_Alignment,Crash_Vertical_Profile,Crash_Impairment_Category,Crash_Vehicle_Defect
33415,48,Texas,482497,1,1,1,0,1,NOT APPLICABLE,August,19,Saturday,4,30,Urban,Medium Speed (Collector),No,29.86718333,-95.57878889,Non-Intersection,Dark - Lighted,Clear,Unknown,Unknown if Notified,Unknown EMS Scene Arrival Hour,Unknown if Arrived,Not Applicable (Not Transported),Not Applicable (Not Transported),1,Dark - Lighted,Clear,0,0,[],[],0,0,Invalid,0.0,0.0,999.0,999.0,['Other'],0,0,3,0,4,Dry,Straight,Level,Lowest,No
33416,48,Texas,482498,0,1,1,0,4,HOUSTON,September,2,Saturday,0,5,Urban,Medium Speed (Collector),No,29.67843056,-95.60274444,Non-Intersection,Dark - Lighted,Clear,Unknown,Unknown,Unknown EMS Scene Arrival Hour,Unknown EMS Scene Arrival Minutes,Unknown,Unknown EMS Hospital Arrival Time,1,Dark - Lighted,Clear,1,3,['Rear_Seat'],['None_Used'],0,0,Invalid,1.0,1.0,24.0,24.0,['Male'],0,0,2,4,3,Dry,Curve,Level,Lowest,No
33417,48,Texas,482499,0,1,1,0,2,GARLAND,August,24,Thursday,0,26,Urban,High Speed (Arterial),Yes,32.95120833,-96.61913333,Non-Intersection,Dark - Lighted,Clear,Unknown,Unknown,Unknown EMS Scene Arrival Hour,Unknown EMS Scene Arrival Minutes,Unknown,Unknown EMS Hospital Arrival Time,2,Dark - Lighted,Clear,2,0,"['Driver', 'Front_Passenger']","['None_Used', 'None_Used']",0,0,Valid,0.0,0.0,25.0,25.0,['Female'],2,0,2,4,3,Dry,Curve,Grade/Hillcrest,Lowest,No
33418,48,Texas,482500,0,2,2,0,2,NOT APPLICABLE,August,29,Tuesday,7,32,Rural,High Speed (Arterial),Yes,31.39444444,-94.18946667,Complex/Circle,Other,Clear,Unknown,Unknown if Notified,Unknown EMS Scene Arrival Hour,Unknown if Arrived,Not Applicable (Not Transported),Not Applicable (Not Transported),1,Dark - Unlighted,Clear,1,1,['Driver'],['None_Used'],0,0,Valid,0.0,1.0,55.0,25.0,"['Male', 'Male']",0,0,3,4,5,Dry,Curve,Level,Lowest,No
33419,48,Texas,482501,0,2,2,0,2,NOT APPLICABLE,August,18,Friday,7,44,Rural,Medium Speed (Collector),No,32.17215833,-96.76712222,Non-Intersection,Daylight,Clear,Unknown,Unknown,Unknown EMS Scene Arrival Hour,Unknown EMS Scene Arrival Minutes,Unknown,Unknown EMS Hospital Arrival Time,1,Daylight,Clear,1,1,['Driver'],['None_Used'],0,0,Valid,0.0,0.0,80.0,72.0,"['Female', 'Male']",0,0,5,1,5,Dry,Straight,Grade/Hillcrest,Lowest,No
33420,48,Texas,482502,0,1,1,0,1,NOT APPLICABLE,August,2,Wednesday,12,18,Rural,Medium Speed (Collector),No,25.94471389,-97.35256667,Non-Intersection,Daylight,Clear,Unknown,Unknown if Notified,Unknown EMS Scene Arrival Hour,Unknown if Arrived,Not Applicable (Not Transported),Not Applicable (Not Transported),1,Daylight,Clear,1,0,['Driver'],['Shoulder_Lapbelt'],0,0,Valid,0.0,0.0,50.0,50.0,['Male'],1,0,4,2,3,Dry,Curve,Level,Lowest,No
33421,48,Texas,482503,1,2,2,0,3,HOUSTON,August,21,Monday,0,45,Urban,Medium Speed (Collector),No,29.67795,-95.426975,Complex/Circle,Dark - Lighted,Clear,Unknown,Unknown,Unknown EMS Scene Arrival Hour,Unknown EMS Scene Arrival Minutes,Unknown,Unknown EMS Hospital Arrival Time,1,Dark - Lighted,Clear,0,2,[],[],0,0,Invalid,0.0,0.0,999.0,50.0,"['Other', 'Male']",1,0,3,1,5,Dry,Straight,Level,Lowest,No
33422,48,Texas,482504,1,1,1,0,1,CORSICANA,August,29,Tuesday,3,55,Urban,High Speed (Arterial),Yes,32.12546667,-96.46613611,Non-Intersection,Dark - Not Lighted,Clear,Unknown,Unknown,Unknown EMS Scene Arrival Hour,Unknown EMS Scene Arrival Minutes,Unknown,Unknown EMS Hospital Arrival Time,1,Dark - Unlighted,Clear,0,1,[],[],0,0,Valid,0.0,0.0,47.0,47.0,['Male'],0,0,4,2,4,Dry,Straight,Level,Lowest,No
33423,48,Texas,482505,0,2,2,0,2,NOT APPLICABLE,August,11,Friday,11,30,Rural,Medium Speed (Collector),No,33.07531111,-97.6494,Complex/Circle,Daylight,Clear,Unknown,Unknown if Notified,Unknown EMS Scene Arrival Hour,Unknown if Arrived,Not Applicable (Not Transported),Not Applicable (Not Transported),1,Daylight,Clear,1,1,['Driver'],['None_Used'],0,0,Valid,0.0,1.0,50.0,40.0,"['Male', 'Male']",0,0,5,1,5,Dry,Straight,Level,Lowest,No
33424,48,Texas,482506,0,2,2,0,2,NOT APPLICABLE,August,31,Thursday,1,25,Rural,Medium Speed (Collector),No,31.85826944,-103.04713333,Non-Intersection,Dark - Not Lighted,Clear,Unknown,Unknown,Unknown EMS Scene Arrival Hour,Unknown EMS Scene Arrival Minutes,Unknown,Unknown EMS Hospital Arrival Time,1,Dark - Unlighted,Clear,1,1,['Driver'],['None_Used'],1,1,Valid,0.0,0.0,30.0,23.0,"['Male', 'Female']",1,0,4,2,5,Dry,Straight,Level,Lowest,No
33425,48,Texas,482507,1,1,1,0,1,NOT APPLICABLE,August,30,Wednesday,5,40,Urban,High Speed (Arterial),Yes,33.03605833,-97.389525,Non-Intersection,Dark - Lighted,Clear,Unknown,Unknown if Notified,Unknown EMS Scene Arrival Hour,Unknown if Arrived,Not Applicable (Not Transported),Not Applicable (Not Transported),1,Dark - Lighted,Clear,0,1,[],[],0,0,Valid,0.0,0.0,53.0,53.0,['Male'],0,0,1,1,4,Dry,Straight,Level,Lowest,No
33426,48,Texas,482508,0,2,2,0,2,NOT APPLICABLE,August,28,Monday,19,15,Urban,Medium Speed (Collector),No,32.08951944,-96.53591111,Complex/Circle,Daylight,Clear,Unknown,Unknown,Unknown EMS Scene Arrival Hour,Unknown EMS Scene Arrival Minutes,Unknown,Unknown EMS Hospital Arrival Time,1,Daylight,Clear,1,1,['Driver'],['Shoulder_Lapbelt'],0,0,Valid,0.0,2.0,35.0,19.0,"['Male', 'Male']",0,0,4,1,5,Dry,Straight,Level,Lowest,No
33427,48,Texas,482509,0,2,2,0,2,NOT APPLICABLE,August,14,Monday,13,49,Rural,Medium Speed (Collector),No,30.16254722,-95.99736111,Non-Intersection,Daylight,Clear,Unknown,Unknown,Unknown EMS Scene Arrival Hour,Unknown EMS Scene Arrival Minutes,2:00am-2:59am,59,1,Daylight,Clear,1,1,['Driver'],['None_Used'],0,0,Invalid,0.0,0.0,57.0,52.0,"['Male', 'Male']",0,0,5,4,5,Dry,Curve,Level,Lowest,No
33428,48,Texas,482510,0,1,1,0,1,NOT APPLICABLE,September,2,Saturday,7,45,Rural,Medium Speed (Collector),No,28.75343056,-98.36776944,Non-Intersection,Dawn,Clear,Unknown,Unknown if Notified,Unknown EMS Scene Arrival Hour,Unknown if Arrived,Not Applicable (Not Transported),Not Applicable (Not Transported),1,Twilight,Clear,1,0,['Driver'],['None_Used'],1,1,Valid,0.0,0.0,23.0,23.0,['Male'],1,0,3,4,3,Dry,Curve,Level,Lowest,No
33429,48,Texas,482511,0,1,1,0,1,CONROE,September,2,Saturday,12,18,Urban,High Speed (Arterial),Yes,30.23843333,-95.45909167,Non-Intersection,Daylight,Clear,Unknown,Unknown if Notified,Unknown EMS Scene Arrival Hour,Unknown if Arrived,Not Applicable (Not Transported),Not Applicable (Not Transported),1,Daylight,Clear,1,0,['Driver'],['None_Used'],0,0,Valid,0.0,0.0,70.0,70.0,['Male'],0,0,5,1,2,Dry,Straight,Level,Lowest,No
33430,48,Texas,482512,0,1,1,0,1,KERRVILLE,September,3,Sunday,0,50,Urban,High Speed (Arterial),No,30.00079167,-99.11286944,Non-Intersection,Dark - Not Lighted,Clear,Unknown,Unknown,Unknown EMS Scene Arrival Hour,Unknown EMS Scene Arrival Minutes,Unknown,Unknown EMS Hospital Arrival Time,1,Dark - Unlighted,Clear,1,0,['Driver'],['None_Used'],1,1,Valid,0.0,0.0,29.0,29.0,['Male'],0,0,3,1,3,Dry,Curve,Level,Lowest,No
33431,48,Texas,482513,0,1,1,0,1,SAN ANTONIO,September,3,Sunday,9,49,Urban,Medium Speed (Collector),No,29.61065,-98.44561667,Non-Intersection,Daylight,Clear,Unknown,Unknown if Notified,Unknown EMS Scene Arrival Hour,Unknown if Arrived,Not Applicable (Not Transported),Not Applicable (Not Transported),1,Daylight,Clear,1,0,['Driver'],['Shoulder_Lapbelt'],0,0,Valid,0.0,0.0,23.0,23.0,['Male'],1,0,2,4,2,Dry,Straight,Level,Lowest,No
33432,48,Texas,482514,1,1,1,0,1,DALLAS,September,4,Monday,0,49,Urban,High Speed (Arterial),Yes,32.87071944,-96.89866389,Non-Intersection,Dark - Not Lighted,Clear,Unknown,Unknown if Notified,Unknown EMS Scene Arrival Hour,Unknown if Arrived,Not Applicable (Not Transported),Not Applicable (Not Transported),1,Dark - Unlighted,Clear,0,1,[],[],0,0,Valid,0.0,0.0,35.0,35.0,['Male'],0,0,3,1,4,Dry,Straight,Level,Lowest,No
33433,48,Texas,482515,1,1,1,0,1,SAN ANTONIO,August,31,Thursday,2,30,Urban,Medium Speed (Collector),No,29.45016111,-98.57789444,Non-Intersection,Dark - Lighted,Clear,Unknown,Unknown,Unknown EMS Scene Arrival Hour,Unknown EMS Scene Arrival Minutes,Not Applicable (Not Transported),Not Applicable (Not Transported),1,Dark - Lighted,Clear,0,1,[],[],0,0,Valid,0.0,0.0,28.0,28.0,['Male'],0,0,2,1,4,Dry,Curve,Level,Lowest,No
33434,48,Texas,482516,0,2,2,0,5,LAREDO,September,1,Friday,8,50,Rural,High Speed (Arterial),Yes,27.68113889,-99.68588056,Simple Junction,Daylight,Clear,Unknown,Unknown if Notified,Unknown EMS Scene Arrival Hour,Unknown if Arrived,Not Applicable (Not Transported),Not Applicable (Not Transported),2,Daylight,Clear,2,3,"['Driver', 'Front_Passenger']","['Shoulder_Lapbelt', 'Shoulder_Lapbelt']",0,0,Valid,0.0,1.0,51.0,21.0,"['Male', 'Male']",2,0,4,1,5,Dry,Straight,Level,Lowest,No
33435,48,Texas,482517,0,1,1,0,1,HURST,August,28,Monday,14,58,Urban,High Speed (Arterial),Yes,32.83969444,-97.17909167,Non-Intersection,Daylight,Clear,Unknown,Unknown,Unknown EMS Scene Arrival Hour,Unknown EMS Scene Arrival Minutes,Unknown,Unknown EMS Hospital Arrival Time,1,Daylight,Clear,1,0,['Driver'],['None_Used'],0,0,Valid,0.0,0.0,19.0,19.0,['Female'],0,0,3,1,3,Dry,Straight,Level,Lowest,No
33436,48,Texas,482518,1,1,1,0,1,DALLAS,August,29,Tuesday,9,38,Urban,Medium Speed (Collector),No,32.68537778,-96.82208611,Non-Intersection,Daylight,Clear,Unknown,Unknown,Unknown EMS Scene Arrival Hour,Unknown EMS Scene Arrival Minutes,Unknown,Unknown EMS Hospital Arrival Time,1,Daylight,Clear,0,1,[],[],0,0,Invalid,0.0,0.0,30.0,30.0,['Male'],0,0,3,2,4,Dry,Straight,Level,Lowest,No
33437,48,Texas,482519,1,2,1,1,1,SAN MARCOS,September,1,Friday,2,44,Rural,High Speed (Arterial),Yes,29.81719722,-97.99704722,Non-Intersection,Dark - Lighted,Clear,Unknown,Unknown if Notified,Unknown EMS Scene Arrival Hour,Unknown if Arrived,Not Applicable (Not Transported),Not Applicable (Not Transported),1,Dark - Lighted,Clear,1,0,['Driver'],['Shoulder_Lapbelt'],0,0,Invalid,0.0,0.0,33.0,33.0,['Male'],0,0,3,1,5,Dry,Straight,Level,Medium,No
33438,48,Texas,482520,1,1,1,0,1,VICTORIA,September,1,Friday,20,24,Urban,Medium Speed (Collector),No,28.79235,-97.00343333,Complex/Circle,Dark - Lighted,Clear,Unknown,Unknown,Unknown EMS Scene Arrival Hour,Unknown EMS Scene Arrival Minutes,Unknown,Unknown EMS Hospital Arrival Time,1,Dark - Lighted,Clear,0,1,[],[],0,0,Valid,0.0,0.0,43.0,43.0,['Male'],0,0,3,2,4,Dry,Straight,Level,Lowest,No
33439,48,Texas,482521,0,2,2,0,2,SAN ANTONIO,August,27,Sunday,17,27,Urban,Medium Speed (Collector),No,29.35320278,-98.44845,Non-Intersection,Daylight,Clear,Unknown,Unknown,Unknown EMS Scene Arrival Hour,Unknown EMS Scene Arrival Minutes,Unknown,Unknown EMS Hospital Arrival Time,1,Daylight,Clear,1,1,['Driver'],['None_Used'],0,0,Valid,0.0,1.0,77.0,22.0,"['Male', 'Female']",1,0,5,2,5,Dry,Straight,Level,Lowest,No
33440,48,Texas,482522,0,2,2,0,2,STRATFORD,August,24,Thursday,21,24,Rural,High Speed (Arterial),Yes,36.33618889,-102.066275,Non-Intersection,Dark - Lighted,Clear,Unknown,Unknown if Notified,Unknown EMS Scene Arrival Hour,Unknown if Arrived,Not Applicable (Not Transported),Not Applicable (Not Transported),1,Dark - Lighted,Clear,1,1,['Driver'],['Shoulder_Lapbelt'],1,1,Invalid,0.0,0.0,46.0,35.0,"['Male', 'Male']",1,0,4,4,5,Dry,Straight,Level,Lowest,No
33441,48,Texas,482523,1,1,1,0,1,TEMPLE,August,25,Friday,8,28,Urban,High Speed (Arterial),Yes,31.13634167,-97.33105,Non-Intersection,Daylight,Clear,Unknown,Unknown if Notified,Unknown EMS Scene Arrival Hour,Unknown if Arrived,Not Applicable (Not Transported),Not Applicable (Not Transported),1,Daylight,Clear,0,1,[],[],0,0,Valid,1.0,0.0,41.0,41.0,['Male'],0,0,1,2,4,Dry,Straight,Grade/Hillcrest,Lowest,No
33442,48,Texas,482524,0,2,2,0,3,NOT APPLICABLE,September,1,Friday,6,8,Rural,Medium Speed (Collector),No,33.37960833,-98.45076111,Non-Intersection,Dark - Not Lighted,Clear,Unknown,Unknown,Unknown EMS Scene Arrival Hour,Unknown EMS Scene Arrival Minutes,Unknown,Unknown EMS Hospital Arrival Time,1,Dark - Unlighted,Clear,1,2,['Front_Passenger'],['None_Used'],1,1,Invalid,0.0,1.0,48.0,20.0,"['Female', 'Male']",0,0,4,1,5,Dry,Straight,Grade/Hillcrest,Lowest,No
33443,48,Texas,482525,0,1,1,0,1,NOT APPLICABLE,August,19,Saturday,2,25,Urban,Low Speed (Local),No,29.51011389,-95.47967222,Non-Intersection,Dark - Not Lighted,Clear,Unknown,Unknown,Unknown EMS Scene Arrival Hour,Unknown EMS Scene Arrival Minutes,Not Applicable (Not Transported),Not Applicable (Not Transported),1,Dark - Unlighted,Clear,1,0,['Driver'],['None_Used'],0,0,Invalid,0.0,0.0,14.0,14.0,['Male'],1,0,2,4,3,Dry,Curve,Grade/Hillcrest,Lowest,No
33444,48,Texas,482526,1,1,1,0,2,NOT APPLICABLE,September,3,Sunday,0,19,Rural,High Speed (Arterial),Yes,31.58948333,-100.19794167,Non-Intersection,Dark - Not Lighted,Clear,Unknown,Unknown if Notified,Unknown EMS Scene Arrival Hour,Unknown if Arrived,Not Applicable (Not Transported),Not Applicable (Not Transported),1,Dark - Unlighted,Clear,0,2,[],[],0,0,Valid,1.0,1.0,37.0,37.0,['Male'],0,0,3,0,4,Dry,Straight,Level,Lowest,No
33445,48,Texas,482527,0,3,1,2,2,EARLY,August,27,Sunday,18,45,Urban,High Speed (Arterial),Yes,31.74984444,-98.926925,Non-Intersection,Daylight,Clear,Unknown,Unknown,Unknown EMS Scene Arrival Hour,Unknown EMS Scene Arrival Minutes,Unknown,Unknown EMS Hospital Arrival Time,1,Daylight,Clear,1,1,['Front_Passenger'],['None_Used'],0,0,Valid,0.0,1.0,19.0,19.0,['Male'],2,0,3,1,3,Dry,Straight,Level,Lowest,No
33446,48,Texas,482528,1,1,1,0,1,AUSTIN,August,21,Monday,6,4,Urban,High Speed (Arterial),Yes,30.338375,-97.70045556,Non-Intersection,Dark - Lighted,Clear,Unknown,Unknown if Notified,Unknown EMS Scene Arrival Hour,Unknown if Arrived,Not Applicable (Not Transported),Not Applicable (Not Transported),1,Dark - Lighted,Clear,0,1,[],[],0,0,Valid,0.0,0.0,20.0,20.0,['Male'],0,0,3,1,4,Dry,Straight,Level,Lowest,No
33447,48,Texas,482529,0,2,2,0,6,NOT APPLICABLE,August,20,Sunday,3,17,Rural,Medium Speed (Collector),No,32.101125,-102.30686667,Non-Intersection,Dark - Not Lighted,Clear,Unknown,Unknown,Unknown EMS Scene Arrival Hour,Unknown EMS Scene Arrival Minutes,Unknown,Unknown EMS Hospital Arrival Time,3,Dark - Unlighted,Clear,3,3,"['Driver', 'Rear_Seat', 'Driver']","['Shoulder_Lapbelt', 'None_Used', 'None_Used']",1,1,Valid,0.0,0.0,40.0,21.0,"['Male', 'Male']",0,0,3,1,5,Dry,Straight,Level,Lowest,No
33448,48,Texas,482530,1,1,1,0,1,PASADENA,August,30,Wednesday,21,20,Urban,High Speed (Arterial),No,29.66491667,-95.19451111,Non-Intersection,Dark - Not Lighted,Clear,Unknown,Unknown,Unknown EMS Scene Arrival Hour,Unknown EMS Scene Arrival Minutes,Unknown,Unknown EMS Hospital Arrival Time,1,Dark - Unlighted,Clear,0,1,[],[],0,0,Valid,2.0,0.0,19.0,19.0,['Male'],0,0,3,1,4,Dry,Straight,Level,Lowest,No
33449,48,Texas,482531,1,1,1,0,1,AMARILLO,August,31,Thursday,22,10,Urban,High Speed (Arterial),Yes,35.22204722,-101.84875556,Simple Junction,Dark - Lighted,Clear,Unknown,Unknown,Unknown EMS Scene Arrival Hour,Unknown EMS Scene Arrival Minutes,Unknown,Unknown EMS Hospital Arrival Time,1,Dark - Lighted,Clear,0,1,[],[],0,0,Valid,0.0,0.0,40.0,40.0,['Male'],0,0,3,2,4,Dry,Straight,Level,Lowest,No
33450,48,Texas,482532,0,2,2,0,4,NOT APPLICABLE,August,10,Thursday,13,41,Rural,Medium Speed (Collector),No,32.72756389,-95.47793889,Non-Intersection,Daylight,Clear,Unknown,Unknown,Unknown EMS Scene Arrival Hour,Unknown EMS Scene Arrival Minutes,Unknown,Unknown EMS Hospital Arrival Time,1,Daylight,Clear,1,3,['Front_Passenger'],['Shoulder_Lapbelt'],0,0,Valid,0.0,0.0,74.0,29.0,"['Female', 'Female']",0,0,3,1,5,Dry,Straight,Level,Lowest,No
33451,48,Texas,482533,0,2,2,0,2,LUFKIN,August,14,Monday,18,24,Urban,High Speed (Arterial),Yes,31.37181389,-94.73376111,Complex/Circle,Daylight,Clear,Unknown,Unknown,Unknown EMS Scene Arrival Hour,Unknown EMS Scene Arrival Minutes,Unknown,Unknown EMS Hospital Arrival Time,1,Daylight,Clear,1,1,['Driver'],['None_Used'],0,0,Valid,2.0,2.0,68.0,27.0,"['Female', 'Male']",1,0,3,4,5,Dry,Straight,Level,Lowest,No
33452,48,Texas,482534,0,2,2,0,2,NOT APPLICABLE,August,31,Thursday,14,14,Rural,Medium Speed (Collector),No,33.46378333,-94.33617778,Non-Intersection,Daylight,Clear,Unknown,Unknown if Notified,Unknown EMS Scene Arrival Hour,Unknown if Arrived,Not Applicable (Not Transported),Not Applicable (Not Transported),1,Daylight,Clear,1,1,['Driver'],['None_Used'],0,0,Valid,0.0,2.0,71.0,36.0,"['Male', 'Female']",0,0,5,2,5,Dry,Straight,Level,Lowest,No
33453,48,Texas,482535,0,2,2,0,3,NOT APPLICABLE,August,28,Monday,8,57,Urban,Medium Speed (Collector),No,30.06693056,-97.85697222,Complex/Circle,Daylight,Clear,Unknown,Unknown,Unknown EMS Scene Arrival Hour,Unknown EMS Scene Arrival Minutes,Unknown,Unknown EMS Hospital Arrival Time,1,Daylight,Clear,1,2,['Driver'],['None_Used'],0,0,Valid,0.0,0.0,57.0,35.0,"['Male', 'Male']",0,0,5,2,5,Dry,Straight,Level,Lowest,No
33454,48,Texas,482536,0,2,2,0,2,NOT APPLICABLE,September,5,Tuesday,9,5,Urban,High Speed (Arterial),No,32.33363056,-95.42045556,Non-Intersection,Daylight,Clear,Unknown,Unknown,Unknown EMS Scene Arrival Hour,Unknown EMS Scene Arrival Minutes,Unknown,Unknown EMS Hospital Arrival Time,1,Daylight,Clear,1,1,['Driver'],['Shoulder_Lapbelt'],0,0,Valid,0.0,0.0,66.0,43.0,"['Female', 'Male']",0,0,4,1,5,Dry,Straight,Grade/Hillcrest,Lowest,No
33455,48,Texas,482537,0,2,2,0,3,DONNA,August,21,Monday,21,39,Urban,High Speed (Arterial),Yes,26.1668,-98.03035,Complex/Circle,Dark - Lighted,Cloudy,Unknown,Unknown,Unknown EMS Scene Arrival Hour,Unknown EMS Scene Arrival Minutes,Unknown,Unknown EMS Hospital Arrival Time,1,Dark - Lighted,Reduced Visibility,1,2,['Driver'],['Shoulder_Lapbelt'],1,1,Invalid,0.0,0.0,37.0,27.0,"['Male', 'Male']",0,0,3,1,5,Dry,Straight,Level,Lowest,No
33456,48,Texas,482538,0,5,5,0,6,SAN MARCOS,September,1,Friday,6,50,Urban,High Speed (Arterial),Yes,29.86451944,-97.94443611,Non-Intersection,Dawn,Clear,Unknown,Unknown,Unknown EMS Scene Arrival Hour,Unknown EMS Scene Arrival Minutes,Unknown,Unknown EMS Hospital Arrival Time,2,Twilight,Clear,2,4,"['Front_Passenger', 'Driver']","['None_Used', 'Shoulder_Lapbelt']",0,0,Invalid,1.0,1.0,58.0,26.0,"['Male', 'Male', 'Male', 'Male', 'Male']",0,0,4,2,5,Dry,Straight,Level,Lowest,No
33457,48,Texas,482539,0,2,2,0,2,KAUFMAN,August,27,Sunday,0,50,Rural,High Speed (Arterial),No,32.58291389,-96.30221944,Non-Intersection,Dark - Not Lighted,Clear,Unknown,Unknown if Notified,Unknown EMS Scene Arrival Hour,Unknown if Arrived,Not Applicable (Not Transported),Not Applicable (Not Transported),1,Dark - Unlighted,Clear,1,1,['Driver'],['None_Used'],1,1,Valid,1.0,0.0,66.0,19.0,"['Male', 'Male']",1,0,5,2,5,Dry,Curve,Level,Lowest,No
33458,48,Texas,482540,0,1,1,0,1,ABILENE,August,26,Saturday,1,0,Urban,High Speed (Arterial),Yes,32.34515,-99.74256111,Non-Intersection,Dark - Lighted,Clear,Unknown,Unknown if Notified,Unknown EMS Scene Arrival Hour,Unknown if Arrived,Not Applicable (Not Transported),Not Applicable (Not Transported),1,Dark - Lighted,Clear,1,0,['Driver'],['Shoulder_Lapbelt'],0,0,Valid,0.0,0.0,35.0,35.0,['Male'],0,0,3,4,3,Dry,Curve,Level,Lowest,No
33459,48,Texas,482541,1,1,1,0,1,AUSTIN,September,6,Wednesday,21,12,Urban,High Speed (Arterial),Yes,30.20350278,-97.64083056,Non-Intersection,Dark - Not Lighted,Clear,Unknown,Unknown,Unknown EMS Scene Arrival Hour,Unknown EMS Scene Arrival Minutes,Unknown,Unknown EMS Hospital Arrival Time,1,Dark - Unlighted,Clear,0,1,[],[],0,0,Valid,0.0,0.0,34.0,34.0,['Male'],0,0,3,1,4,Dry,Straight,Grade/Hillcrest,Lowest,No
33460,48,Texas,482542,0,1,1,0,3,FORT WORTH,August,27,Sunday,16,39,Urban,High Speed (Arterial),No,32.67207222,-97.41915833,Non-Intersection,Daylight,Rain,Unknown,Unknown,Unknown EMS Scene Arrival Hour,Unknown EMS Scene Arrival Minutes,Unknown,Unknown EMS Hospital Arrival Time,1,Daylight,Rain/Wind/Minor,1,2,['Rear_Seat'],['Shoulder_Lapbelt'],0,0,Valid,0.0,0.0,49.0,49.0,['Male'],3,0,3,1,3,Wet/Standing Water,Straight,Grade/Hillcrest,Lowest,No
33461,48,Texas,482543,0,2,2,0,2,NOT APPLICABLE,September,2,Saturday,9,38,Rural,High Speed (Arterial),Yes,33.06431944,-97.93980278,Complex/Circle,Daylight,Clear,Unknown,Unknown,Unknown EMS Scene Arrival Hour,Unknown EMS Scene Arrival Minutes,Unknown,Unknown EMS Hospital Arrival Time,1,Daylight,Clear,1,1,['Driver'],['Shoulder_Only'],0,0,Valid,0.0,0.0,49.0,18.0,"['Female', 'Male']",0,0,3,1,5,Dry,Straight,Grade/Hillcrest,Lowest,No
33462,48,Texas,482544,0,2,2,0,2,NOT APPLICABLE,August,31,Thursday,7,30,Rural,High Speed (Arterial),Yes,32.05458333,-102.29890278,Simple Junction,Daylight,Clear,Unknown,Unknown,Unknown EMS Scene Arrival Hour,Unknown EMS Scene Arrival Minutes,Unknown,Unknown EMS Hospital Arrival Time,1,Daylight,Clear,1,1,['Driver'],['None_Used'],0,0,Invalid,1.0,1.0,33.0,28.0,"['Male', 'Male']",0,0,3,2,5,Dry,Curve,Level,Lowest,No
33463,48,Texas,482545,0,2,2,0,2,DALLAS,August,26,Saturday,4,35,Urban,High Speed (Arterial),Yes,32.81288056,-96.81790278,Non-Intersection,Dark - Lighted,Clear,Unknown,Unknown if Notified,Unknown EMS Scene Arrival Hour,Unknown if Arrived,Not Applicable (Not Transported),Not Applicable (Not Transported),2,Dark - Lighted,Clear,2,0,"['Driver', 'Driver']","['None_Used', 'Shoulder_Lapbelt']",1,1,Valid,0.0,0.0,55.0,27.0,"['Male', 'Male']",0,0,3,1,5,Dry,Straight,Level,Lowest,No
33464,48,Texas,482546,1,2,1,1,1,AMARILLO,September,7,Thursday,0,35,Urban,High Speed (Arterial),Yes,35.29377222,-101.83348056,Non-Intersection,Dark - Lighted,Clear,Unknown,Unknown,Unknown EMS Scene Arrival Hour,Unknown EMS Scene Arrival Minutes,Not Applicable (Not Transported),Not Applicable (Not Transported),1,Dark - Lighted,Clear,0,0,[],[],0,0,Invalid,0.0,0.0,999.0,999.0,['Other'],1,0,4,0,4,Dry,Straight,Grade/Hillcrest,Lowest,No
33465,48,Texas,482547,0,3,3,0,4,ROCKWALL,September,3,Sunday,18,59,Rural,High Speed (Arterial),Yes,32.89814722,-96.46643889,Non-Intersection,Daylight,Clear,Unknown,Unknown,Unknown EMS Scene Arrival Hour,Unknown EMS Scene Arrival Minutes,Not Applicable (Not Transported),Not Applicable (Not Transported),1,Daylight,Clear,1,3,['Driver'],['Shoulder_Lapbelt'],0,0,Valid,0.0,0.0,49.0,25.0,"['Female', 'Male', 'Male']",1,0,4,2,5,Dry,Straight,Level,Lowest,No