,State_Code,State_Name,Crash_ID,Count_Non_Motorists,Count_Vehicles_Total,Count_Vehicle_Forms,Count_PVH_Involved,Count_Occupants_MV,City_Name,Month_Name,Day_of_Month,Day_of_Week,Crash_Hour,Crash_Minute,Area_Rural_Urban,Road_Functional_Class,On_NHS_Road,Latitude,Longitude,Intersection_Type,Light_Condition,Weather_Condition,Notif_Hour,Notif_Minute,Arrival_Hour,Arrival_Minute,Hospital_Hour,Hospital_Minute,Fatalities_Count,Clean_Light_Condition,Clean_Weather_Condition,Total_Killed,Total_Alive,Fatal_Seats_List,Killed_Restraint_List,Any_Driver_Drinking,Total_Drinking_Drivers,Driver_License_Category,Driver_Max_Prev_Accident_Count,Driver_Max_Prev_Speeding_Count,Max_Driver_Age,Min_Driver_Age,Driver_Sex_List,Total_Exceeding_Limit_Vehicles,Total_Too_Fast_Vehicles,Max_Vehicle_Type_Severity_5,Max_Vehicle_Damage_Rank,Max_Harmful_Event_Severity,Crash_Road_Surface_Condition,Crash_Horizontal_Alignment,Crash_Vertical_Profile,Crash_Impairment_Category,Crash_Vehicle_Defect
33466,48,Texas,482548,0,2,2,0,3,NOT APPLICABLE,September,5,Tuesday,7,35,Rural,Medium Speed (Collector),No,31.061725,-94.21418889,Non-Intersection,Daylight,Clear,Unknown,Unknown,Unknown EMS Scene Arrival Hour,Unknown EMS Scene Arrival Minutes,Unknown,Unknown EMS Hospital Arrival Time,1,Daylight,Clear,1,2,['Front_Passenger'],['Shoulder_Lapbelt'],0,0,Invalid,0.0,0.0,65.0,30.0,"['Female', 'Male']",0,0,3,4,5,Dry,Straight,Level,Lowest,No
33467,48,Texas,482549,1,1,1,0,2,SAN ANTONIO,September,1,Friday,20,35,Urban,Medium Speed (Collector),No,29.479975,-98.54153889,Simple Junction,Dark - Not Lighted,Clear,Unknown,Unknown if Notified,Unknown EMS Scene Arrival Hour,Unknown if Arrived,Not Applicable (Not Transported),Not Applicable (Not Transported),1,Dark - Unlighted,Clear,0,2,[],[],0,0,Valid,0.0,0.0,21.0,21.0,['Female'],0,0,2,1,4,Dry,Straight,Level,Lowest,No
33468,48,Texas,482550,0,2,2,0,2,NOT APPLICABLE,September,2,Saturday,13,49,Urban,Medium Speed (Collector),No,29.88219167,-95.5248,Simple Junction,Daylight,Clear,Unknown,Unknown,Unknown EMS Scene Arrival Hour,Unknown EMS Scene Arrival Minutes,Unknown,Unknown EMS Hospital Arrival Time,1,Daylight,Clear,1,1,['Driver'],['None_Used'],1,1,Valid,2.0,0.0,52.0,42.0,"['Male', 'Male']",0,0,5,2,5,Dry,Straight,Level,Lowest,No
33469,48,Texas,482551,0,1,1,0,1,NOT APPLICABLE,August,14,Monday,11,19,Rural,Medium Speed (Collector),No,33.81516944,-96.67744167,Complex/Circle,Daylight,Clear,Unknown,Unknown,Unknown EMS Scene Arrival Hour,Unknown EMS Scene Arrival Minutes,Unknown,Unknown EMS Hospital Arrival Time,1,Daylight,Clear,1,0,['Driver'],['Shoulder_Lapbelt'],0,0,Valid,1.0,2.0,33.0,33.0,['Male'],0,0,4,1,3,Dry,Curve,Grade/Hillcrest,Lowest,Yes
33470,48,Texas,482552,0,1,1,0,1,NOT APPLICABLE,September,5,Tuesday,12,22,Rural,Medium Speed (Collector),No,28.28913611,-97.21580833,Non-Intersection,Daylight,Cloudy,Unknown,Unknown if Notified,Unknown EMS Scene Arrival Hour,Unknown if Arrived,Not Applicable (Not Transported),Not Applicable (Not Transported),1,Daylight,Reduced Visibility,1,0,['Driver'],['Shoulder_Lapbelt'],0,0,Valid,0.0,0.0,41.0,41.0,['Male'],0,0,4,1,3,Dry,Curve,Grade/Hillcrest,Lowest,No
33471,48,Texas,482553,0,2,2,0,2,HOUSTON,September,6,Wednesday,23,33,Urban,High Speed (Arterial),No,29.73686944,-95.56379722,Non-Intersection,Dark - Lighted,Clear,Unknown,Unknown,Unknown EMS Scene Arrival Hour,Unknown EMS Scene Arrival Minutes,Unknown,Unknown EMS Hospital Arrival Time,1,Dark - Lighted,Clear,1,1,['Driver'],['None_Used'],0,0,Valid,0.0,0.0,45.0,23.0,"['Male', 'Male']",1,0,5,1,5,Dry,Straight,Level,Lowest,No
33472,48,Texas,482554,0,1,1,0,1,TEXAS CITY,August,26,Saturday,15,7,Urban,Medium Speed (Collector),No,29.47306667,-94.98848889,Non-Intersection,Daylight,Clear,Unknown,Unknown if Notified,Unknown EMS Scene Arrival Hour,Unknown if Arrived,Not Applicable (Not Transported),Not Applicable (Not Transported),1,Daylight,Clear,1,0,['Driver'],['Shoulder_Lapbelt'],1,1,Valid,0.0,0.0,32.0,32.0,['Male'],1,0,2,1,2,Dry,Curve,Level,Lowest,No
33473,48,Texas,482555,0,1,1,0,1,HAMILTON,August,31,Thursday,7,0,Rural,Low Speed (Local),No,31.70719722,-98.11806944,Simple Junction,Dark - Not Lighted,Clear,Unknown,Unknown if Notified,Unknown EMS Scene Arrival Hour,Unknown if Arrived,Not Applicable (Not Transported),Not Applicable (Not Transported),1,Dark - Unlighted,Clear,1,0,['Driver'],['None_Used'],0,0,Valid,0.0,0.0,87.0,87.0,['Male'],1,0,3,1,3,Dry,Curve,Level,Lowest,No
33474,48,Texas,482556,0,2,2,0,2,LITTLE ELM,August,25,Friday,7,2,Urban,High Speed (Arterial),Yes,33.22173611,-96.95625833,Non-Intersection,Daylight,Clear,Unknown,Unknown,Unknown EMS Scene Arrival Hour,Unknown EMS Scene Arrival Minutes,Unknown,Unknown EMS Hospital Arrival Time,1,Daylight,Clear,1,1,['Driver'],['None_Used'],0,0,Valid,0.0,0.0,67.0,21.0,"['Male', 'Male']",1,0,5,2,5,Dry,Straight,Non-Trafficway,Lowest,No
33475,48,Texas,482557,1,1,1,0,1,LUBBOCK,September,5,Tuesday,22,5,Urban,High Speed (Arterial),Yes,33.57786944,-101.93408611,Simple Junction,Dark - Lighted,Clear,Unknown,Unknown,Unknown EMS Scene Arrival Hour,Unknown EMS Scene Arrival Minutes,Unknown,Unknown EMS Hospital Arrival Time,1,Dark - Lighted,Clear,0,1,[],[],0,0,Valid,0.0,0.0,20.0,20.0,['Male'],0,0,3,2,4,Dry,Straight,Level,Lowest,No
33476,48,Texas,482558,1,1,1,0,1,LUFKIN,September,4,Monday,21,10,Urban,High Speed (Arterial),Yes,31.32075833,-94.69840833,Non-Intersection,Daylight,Clear,Unknown,Unknown if Notified,Unknown EMS Scene Arrival Hour,Unknown if Arrived,Not Applicable (Not Transported),Not Applicable (Not Transported),1,Daylight,Clear,0,1,[],[],0,0,Valid,0.0,0.0,40.0,40.0,['Male'],0,0,3,1,4,Dry,Curve,Grade/Hillcrest,Lowest,No
33477,48,Texas,482559,0,1,1,0,1,IRVING,August,30,Wednesday,10,48,Urban,Medium Speed (Collector),No,32.85610556,-96.96813611,Non-Intersection,Daylight,Clear,Unknown,Unknown,Unknown EMS Scene Arrival Hour,Unknown EMS Scene Arrival Minutes,Unknown,Unknown EMS Hospital Arrival Time,1,Daylight,Clear,1,0,['Driver'],['None_Used'],0,0,Valid,0.0,0.0,36.0,36.0,['Male'],1,0,2,1,3,Dry,Curve,Level,Lowest,No
33478,48,Texas,482560,0,2,2,0,3,IRVING,September,4,Monday,9,29,Urban,High Speed (Arterial),Yes,32.83839167,-97.01692778,Non-Intersection,Daylight,Clear,Unknown,Unknown,Unknown EMS Scene Arrival Hour,Unknown EMS Scene Arrival Minutes,Unknown,Unknown EMS Hospital Arrival Time,1,Daylight,Clear,1,2,['Driver'],['Shoulder_Lapbelt'],0,0,Invalid,1.0,0.0,64.0,28.0,"['Male', 'Female']",0,0,3,1,5,Dry,Straight,Level,Lowest,No
33479,48,Texas,482561,0,2,2,0,2,NOT APPLICABLE,September,5,Tuesday,6,50,Rural,Medium Speed (Collector),No,30.22038056,-97.45275833,Non-Intersection,Dawn,Clear,Unknown,Unknown,Unknown EMS Scene Arrival Hour,Unknown EMS Scene Arrival Minutes,Unknown,Unknown EMS Hospital Arrival Time,1,Twilight,Clear,1,1,['Driver'],['Shoulder_Lapbelt'],0,0,Valid,1.0,0.0,49.0,22.0,"['Male', 'Male']",0,0,3,4,5,Dry,Straight,Level,Lowest,No
33480,48,Texas,482562,0,1,1,0,1,NOT APPLICABLE,August,29,Tuesday,18,34,Rural,Medium Speed (Collector),No,32.63215556,-102.03394722,Non-Intersection,Daylight,Cloudy,Unknown,Unknown if Notified,Unknown EMS Scene Arrival Hour,Unknown if Arrived,Not Applicable (Not Transported),Not Applicable (Not Transported),1,Daylight,Reduced Visibility,1,0,['Driver'],['None_Used'],1,1,Valid,0.0,0.0,63.0,63.0,['Male'],1,0,5,1,2,Dry,Curve,Grade/Hillcrest,Lowest,No
33481,48,Texas,482563,1,1,1,0,3,FOREST HILL,September,10,Sunday,3,4,Urban,High Speed (Arterial),Yes,32.67336667,-97.25862778,Non-Intersection,Dark - Not Lighted,Clear,Unknown,Unknown,Unknown EMS Scene Arrival Hour,Unknown EMS Scene Arrival Minutes,Unknown,Unknown EMS Hospital Arrival Time,1,Dark - Unlighted,Clear,0,3,[],[],0,0,Invalid,0.0,0.0,17.0,17.0,['Male'],0,0,2,2,4,Dry,Straight,Level,Lowest,No
33482,48,Texas,482564,0,2,2,0,2,ELGIN,August,26,Saturday,14,6,Urban,High Speed (Arterial),Yes,30.34261389,-97.37823333,Non-Intersection,Daylight,Clear,Unknown,Unknown,Unknown EMS Scene Arrival Hour,Unknown EMS Scene Arrival Minutes,Unknown,Unknown EMS Hospital Arrival Time,1,Daylight,Clear,1,1,['Driver'],['None_Used'],1,1,Valid,0.0,0.0,41.0,23.0,"['Male', 'Male']",1,0,4,1,5,Dry,Straight,Grade/Hillcrest,Lowest,No
33483,48,Texas,482565,1,1,1,0,1,VIDOR,September,8,Friday,23,10,Urban,High Speed (Arterial),Yes,30.13068889,-93.92206944,Non-Intersection,Dark - Not Lighted,Cloudy,Unknown,Unknown if Notified,Unknown EMS Scene Arrival Hour,Unknown if Arrived,Not Applicable (Not Transported),Not Applicable (Not Transported),1,Dark - Unlighted,Reduced Visibility,0,1,[],[],0,0,Valid,0.0,0.0,17.0,17.0,['Male'],0,0,3,0,4,Dry,Straight,Level,Lowest,No
33484,48,Texas,482566,1,1,1,0,4,ORANGE,August,30,Wednesday,4,46,Urban,High Speed (Arterial),Yes,30.12168889,-93.75763333,Non-Intersection,Dark - Not Lighted,Cloudy,Unknown,Unknown if Notified,Unknown EMS Scene Arrival Hour,Unknown if Arrived,Not Applicable (Not Transported),Not Applicable (Not Transported),1,Dark - Unlighted,Reduced Visibility,0,4,[],[],0,0,Valid,0.0,0.0,55.0,55.0,['Male'],0,0,3,1,4,Dry,Straight,Level,Lowest,No
33485,48,Texas,482567,1,1,1,0,1,NOT APPLICABLE,September,1,Friday,20,40,Rural,Medium Speed (Collector),No,33.42147222,-96.17896389,Non-Intersection,Dark - Not Lighted,Clear,Unknown,Unknown if Notified,Unknown EMS Scene Arrival Hour,Unknown if Arrived,Not Applicable (Not Transported),Not Applicable (Not Transported),1,Dark - Unlighted,Clear,0,1,[],[],0,0,Valid,0.0,0.0,53.0,53.0,['Male'],0,0,3,2,4,Dry,Straight,Grade/Hillcrest,Lowest,No
33486,48,Texas,482569,0,1,1,0,1,NOT APPLICABLE,September,9,Saturday,14,55,Rural,Medium Speed (Collector),No,31.02679167,-96.16869167,Non-Intersection,Daylight,Clear,Unknown,Unknown,Unknown EMS Scene Arrival Hour,Unknown EMS Scene Arrival Minutes,Unknown,Unknown EMS Hospital Arrival Time,1,Daylight,Clear,1,0,['Driver'],['None_Used'],1,1,Valid,0.0,0.0,73.0,73.0,['Female'],0,0,3,1,3,Dry,Curve,Grade/Hillcrest,Lowest,No
33487,48,Texas,482570,0,2,2,0,2,NOT APPLICABLE,September,7,Thursday,17,40,Rural,Medium Speed (Collector),No,32.44855278,-94.23798333,Complex/Circle,Daylight,Clear,Unknown,Unknown,Unknown EMS Scene Arrival Hour,Unknown EMS Scene Arrival Minutes,Unknown,Unknown EMS Hospital Arrival Time,1,Daylight,Clear,1,1,['Driver'],['Shoulder_Lapbelt'],1,1,Valid,0.0,1.0,66.0,34.0,"['Male', 'Male']",0,0,4,2,5,Dry,Curve,Level,Lowest,No
33488,48,Texas,482571,1,1,1,0,1,TYLER,September,6,Wednesday,23,51,Urban,High Speed (Arterial),Yes,32.34435833,-95.34616389,Non-Intersection,Dark - Not Lighted,Clear,Unknown,Unknown if Notified,Unknown EMS Scene Arrival Hour,Unknown if Arrived,Not Applicable (Not Transported),Not Applicable (Not Transported),1,Dark - Unlighted,Clear,0,1,[],[],0,0,Valid,3.0,2.0,67.0,67.0,['Male'],0,0,3,1,4,Dry,Straight,Grade/Hillcrest,Lowest,No
33489,48,Texas,482572,0,1,1,0,1,NOT APPLICABLE,August,28,Monday,19,44,Rural,High Speed (Arterial),Yes,32.31890278,-97.18507778,Non-Intersection,Daylight,Clear,Unknown,Unknown,Unknown EMS Scene Arrival Hour,Unknown EMS Scene Arrival Minutes,Unknown,Unknown EMS Hospital Arrival Time,1,Daylight,Clear,1,0,['Driver'],['None_Used'],0,0,Valid,0.0,0.0,58.0,58.0,['Male'],0,0,5,1,3,Dry,Straight,Level,Lowest,Yes
33490,48,Texas,482573,0,1,1,0,1,HOUSTON,August,21,Monday,11,45,Urban,Low Speed (Local),No,29.85496667,-95.260925,Simple Junction,Daylight,Cloudy,Unknown,Unknown,Unknown EMS Scene Arrival Hour,Unknown EMS Scene Arrival Minutes,Not Applicable (Not Transported),Not Applicable (Not Transported),1,Daylight,Reduced Visibility,1,0,['Driver'],['None_Used'],0,0,Invalid,0.0,1.0,36.0,36.0,['Male'],0,0,5,1,3,Dry,Curve,Level,Lowest,No
33491,48,Texas,482574,0,1,1,0,1,HOUSTON,September,2,Saturday,8,31,Urban,High Speed (Arterial),Yes,29.9528,-95.41805833,Non-Intersection,Daylight,Clear,Unknown,Unknown,Unknown EMS Scene Arrival Hour,Unknown EMS Scene Arrival Minutes,Not Applicable (Not Transported),Not Applicable (Not Transported),1,Daylight,Clear,1,0,['Driver'],['Shoulder_Lapbelt'],1,1,Valid,0.0,0.0,25.0,25.0,['Male'],1,0,3,1,3,Dry,Straight,Level,Lowest,No
33492,48,Texas,482575,0,1,1,0,4,NOT APPLICABLE,September,4,Monday,1,20,Rural,Low Speed (Local),No,31.27158056,-97.45878333,Non-Intersection,Dark - Not Lighted,Clear,Unknown,Unknown,Unknown EMS Scene Arrival Hour,Unknown EMS Scene Arrival Minutes,Unknown,Unknown EMS Hospital Arrival Time,2,Dark - Unlighted,Clear,2,2,"['Front_Passenger', 'Rear_Seat']","['None_Used', 'None_Used']",1,1,Valid,0.0,0.0,19.0,19.0,['Female'],4,0,3,1,3,Dry,Curve,Level,Lowest,No
33493,48,Texas,482576,1,1,1,0,1,NOT APPLICABLE,August,27,Sunday,12,50,Rural,Low Speed (Local),No,31.58828333,-100.66169444,Non-Intersection,Daylight,Clear,Unknown,Unknown,Unknown EMS Scene Arrival Hour,Unknown EMS Scene Arrival Minutes,Unknown,Unknown EMS Hospital Arrival Time,1,Daylight,Clear,0,1,[],[],0,0,Valid,0.0,0.0,38.0,38.0,['Female'],0,0,2,2,4,Dry,Straight,Level,Lowest,No
33494,48,Texas,482577,0,1,1,0,3,GAINESVILLE,September,7,Thursday,14,10,Urban,Medium Speed (Collector),No,33.626225,-97.15331111,Non-Intersection,Daylight,Clear,Unknown,Unknown,Unknown EMS Scene Arrival Hour,Unknown EMS Scene Arrival Minutes,Unknown,Unknown EMS Hospital Arrival Time,1,Daylight,Clear,1,2,['Driver'],['None_Used'],0,0,Invalid,0.0,0.0,32.0,32.0,['Male'],3,0,2,1,3,Dry,Straight,Level,Lowest,No
33495,48,Texas,482578,0,1,1,0,1,DALLAS,August,26,Saturday,0,54,Urban,Medium Speed (Collector),No,32.78238611,-96.70029444,Non-Intersection,Dark - Lighted,Clear,Unknown,Unknown,Unknown EMS Scene Arrival Hour,Unknown EMS Scene Arrival Minutes,Not Applicable (Not Transported),Not Applicable (Not Transported),1,Dark - Lighted,Clear,1,0,['Driver'],['None_Used'],0,0,Valid,1.0,0.0,49.0,49.0,['Male'],0,0,5,1,2,Dry,Straight,Grade/Hillcrest,Lowest,No
33496,48,Texas,482579,1,1,1,0,1,TYLER,September,10,Sunday,8,17,Urban,High Speed (Arterial),Yes,32.341775,-95.34038611,Non-Intersection,Dark - Not Lighted,Clear,Unknown,Unknown if Notified,Unknown EMS Scene Arrival Hour,Unknown if Arrived,Not Applicable (Not Transported),Not Applicable (Not Transported),1,Dark - Unlighted,Clear,0,1,[],[],0,0,Valid,0.0,1.0,56.0,56.0,['Male'],0,0,2,0,4,Dry,Straight,Grade/Hillcrest,Lowest,No
33497,48,Texas,482580,0,2,2,0,3,NOT APPLICABLE,August,16,Wednesday,0,16,Rural,Medium Speed (Collector),No,30.88345556,-100.36341944,Non-Intersection,Dark - Not Lighted,Clear,Unknown,Unknown,Unknown EMS Scene Arrival Hour,Unknown EMS Scene Arrival Minutes,Unknown,Unknown EMS Hospital Arrival Time,2,Dark - Unlighted,Clear,2,1,"['Driver', 'Front_Passenger']","['Shoulder_Lapbelt', 'Shoulder_Lapbelt']",0,0,Valid,0.0,0.0,34.0,25.0,"['Male', 'Male']",0,0,4,4,3,Dry,Straight,Level,Lowest,No
33498,48,Texas,482581,0,2,2,0,2,NOT APPLICABLE,August,29,Tuesday,16,33,Rural,Low Speed (Local),No,29.42858611,-96.14916667,Non-Intersection,Daylight,Clear,Unknown,Unknown,Unknown EMS Scene Arrival Hour,Unknown EMS Scene Arrival Minutes,Unknown,Unknown EMS Hospital Arrival Time,1,Daylight,Clear,1,1,['Driver'],['Shoulder_Lapbelt'],1,1,Valid,2.0,0.0,66.0,61.0,"['Male', 'Male']",0,0,3,1,5,Dry,Straight,Level,Lowest,No
33499,48,Texas,482582,0,2,2,0,4,ROUND ROCK,September,7,Thursday,20,23,Urban,High Speed (Arterial),Yes,30.48633611,-97.64643333,Non-Intersection,Dark - Lighted,Clear,Unknown,Unknown,Unknown EMS Scene Arrival Hour,Unknown EMS Scene Arrival Minutes,Not Applicable (Not Transported),Not Applicable (Not Transported),1,Dark - Lighted,Clear,1,3,['Driver'],['None_Used'],0,0,Valid,0.0,0.0,34.0,33.0,"['Male', 'Male']",1,0,5,2,5,Dry,Straight,Level,Lowest,No
33500,48,Texas,482583,0,2,2,0,3,IRVING,August,19,Saturday,0,42,Urban,High Speed (Arterial),Yes,32.91281389,-96.94695278,Non-Intersection,Dark - Not Lighted,Clear,Unknown,Unknown,Unknown EMS Scene Arrival Hour,Unknown EMS Scene Arrival Minutes,Unknown,Unknown EMS Hospital Arrival Time,1,Dark - Unlighted,Clear,1,2,['Driver'],['None_Used'],1,1,Invalid,0.0,0.0,53.0,24.0,"['Male', 'Male']",0,0,3,1,5,Dry,Straight,Grade/Hillcrest,Lowest,No
33501,48,Texas,482584,1,1,1,0,1,HOUSTON,August,25,Friday,1,41,Urban,High Speed (Arterial),Yes,29.80928611,-95.32072778,Non-Intersection,Dark - Lighted,Clear,Unknown,Unknown,Unknown EMS Scene Arrival Hour,Unknown EMS Scene Arrival Minutes,Unknown,Unknown EMS Hospital Arrival Time,1,Dark - Lighted,Clear,0,1,[],[],0,0,Valid,0.0,0.0,49.0,49.0,['Male'],0,0,3,1,4,Dry,Straight,Level,Lowest,No
33502,48,Texas,482585,0,1,1,0,1,WACO,September,9,Saturday,15,31,Rural,High Speed (Arterial),Yes,31.52898056,-97.23188611,Non-Intersection,Daylight,Clear,Unknown,Unknown if Notified,Unknown EMS Scene Arrival Hour,Unknown if Arrived,Not Applicable (Not Transported),Not Applicable (Not Transported),1,Daylight,Clear,1,0,['Driver'],['Shoulder_Lapbelt'],1,1,Valid,0.0,0.0,47.0,47.0,['Male'],0,0,3,1,3,Dry,Straight,Level,Medium,No
33503,48,Texas,482586,0,2,2,0,2,DALLAS,September,10,Sunday,5,15,Rural,High Speed (Arterial),Yes,32.734775,-96.82378056,Non-Intersection,Dark - Lighted,Clear,Unknown,Unknown if Notified,Unknown EMS Scene Arrival Hour,Unknown if Arrived,Not Applicable (Not Transported),Not Applicable (Not Transported),1,Dark - Lighted,Clear,1,0,['Driver'],['Shoulder_Lapbelt'],1,1,Valid,0.0,0.0,999.0,28.0,"['Female', 'Other']",0,0,2,1,5,Dry,Straight,Level,Lowest,No
33504,48,Texas,482587,0,1,1,0,1,AUSTIN,September,6,Wednesday,6,22,Urban,Medium Speed (Collector),No,30.26375,-97.73509444,Non-Intersection,Dark - Lighted,Clear,Unknown,Unknown,Unknown EMS Scene Arrival Hour,Unknown EMS Scene Arrival Minutes,Unknown,Unknown EMS Hospital Arrival Time,1,Dark - Lighted,Clear,1,0,['Driver'],['Shoulder_Lapbelt'],0,0,Invalid,0.0,0.0,24.0,24.0,['Male'],1,0,3,1,2,Dry,Curve,Level,Lowest,No
33505,48,Texas,482588,1,1,1,0,1,NOT APPLICABLE,August,31,Thursday,4,58,Rural,Medium Speed (Collector),No,36.06728056,-102.04830833,Non-Intersection,Dark - Not Lighted,Clear,Unknown,Unknown if Notified,Unknown EMS Scene Arrival Hour,Unknown if Arrived,Not Applicable (Not Transported),Not Applicable (Not Transported),1,Dark - Unlighted,Clear,0,1,[],[],0,0,Valid,0.0,0.0,19.0,19.0,['Male'],0,0,3,2,4,Dry,Straight,Level,Lowest,No
33506,48,Texas,482589,0,1,1,0,1,HASLET,September,3,Sunday,20,17,Urban,Medium Speed (Collector),No,32.96517222,-97.35382778,Non-Intersection,Dusk,Clear,Unknown,Unknown,Unknown EMS Scene Arrival Hour,Unknown EMS Scene Arrival Minutes,Unknown,Unknown EMS Hospital Arrival Time,1,Twilight,Clear,1,0,['Driver'],['None_Used'],0,0,Valid,0.0,0.0,21.0,21.0,['Male'],1,0,5,1,0,Dry,Curve,Grade/Hillcrest,Lowest,No
33507,48,Texas,482590,0,2,2,0,2,NOT APPLICABLE,September,5,Tuesday,9,15,Rural,Medium Speed (Collector),No,32.61625833,-97.69226944,Non-Intersection,Daylight,Clear,Unknown,Unknown,Unknown EMS Scene Arrival Hour,Unknown EMS Scene Arrival Minutes,Unknown,Unknown EMS Hospital Arrival Time,1,Daylight,Clear,1,1,['Driver'],['None_Used'],0,0,Valid,0.0,0.0,43.0,31.0,"['Male', 'Male']",0,0,3,1,5,Dry,Curve,Level,Lowest,No
33508,48,Texas,482591,0,2,2,0,2,NOT APPLICABLE,September,5,Tuesday,5,0,Rural,Medium Speed (Collector),No,29.85936111,-94.701625,Non-Intersection,Dark - Not Lighted,Clear,Unknown,Unknown,Unknown EMS Scene Arrival Hour,Unknown EMS Scene Arrival Minutes,Unknown,Unknown EMS Hospital Arrival Time,1,Dark - Unlighted,Clear,1,1,['Driver'],['Shoulder_Lapbelt'],0,0,Invalid,1.0,0.0,30.0,21.0,"['Male', 'Male']",0,0,3,1,5,Dry,Curve,Level,Lowest,No
33509,48,Texas,482592,0,1,1,0,2,NOT APPLICABLE,September,2,Saturday,2,1,Urban,Medium Speed (Collector),No,29.77608333,-98.08048889,Non-Intersection,Dark - Not Lighted,Clear,Unknown,Unknown,Unknown EMS Scene Arrival Hour,Unknown EMS Scene Arrival Minutes,Unknown,Unknown EMS Hospital Arrival Time,1,Dark - Unlighted,Clear,1,1,['Driver'],['None_Used'],0,0,Valid,0.0,0.0,60.0,60.0,['Male'],0,0,1,1,3,Dry,Straight,Grade/Hillcrest,Medium,No
33510,48,Texas,482593,1,1,1,0,3,LUBBOCK,September,10,Sunday,20,59,Urban,Medium Speed (Collector),No,33.52964167,-101.85865556,Simple Junction,Dark - Lighted,Cloudy,Unknown,Unknown if Notified,Unknown EMS Scene Arrival Hour,Unknown if Arrived,Not Applicable (Not Transported),Not Applicable (Not Transported),1,Dark - Lighted,Reduced Visibility,0,3,[],[],0,0,Valid,0.0,0.0,49.0,49.0,['Male'],0,0,3,2,4,Dry,Straight,Level,Lowest,No
33511,48,Texas,482594,0,1,1,0,2,CONROE,September,9,Saturday,0,46,Urban,High Speed (Arterial),Yes,30.33931111,-95.42485278,Non-Intersection,Dark - Not Lighted,Cloudy,Unknown,Unknown,Unknown EMS Scene Arrival Hour,Unknown EMS Scene Arrival Minutes,Unknown,Unknown EMS Hospital Arrival Time,2,Dark - Unlighted,Reduced Visibility,2,0,"['Driver', 'Front_Passenger']","['Shoulder_Lapbelt', 'Shoulder_Lapbelt']",1,1,Valid,0.0,0.0,19.0,19.0,['Male'],2,0,2,1,3,Dry,Straight,Level,Lowest,No
33512,48,Texas,482595,0,2,2,0,2,COLEMAN,September,5,Tuesday,17,21,Rural,Medium Speed (Collector),No,31.82725833,-99.42725833,Complex/Circle,Daylight,Clear,Unknown,Unknown,Unknown EMS Scene Arrival Hour,Unknown EMS Scene Arrival Minutes,Unknown,Unknown EMS Hospital Arrival Time,1,Daylight,Clear,1,1,['Driver'],['None_Used'],0,0,Valid,1.0,3.0,68.0,62.0,"['Male', 'Male']",0,0,3,1,5,Dry,Straight,Level,Lowest,No
33513,48,Texas,482596,1,1,1,0,1,NOT APPLICABLE,August,31,Thursday,9,7,Rural,High Speed (Arterial),Yes,30.79651667,-94.87964722,Non-Intersection,Not Reported,Clear,Unknown,Unknown if Notified,Unknown EMS Scene Arrival Hour,Unknown if Arrived,Not Applicable (Not Transported),Not Applicable (Not Transported),1,Dark - Unlighted,Clear,0,0,[],[],0,0,Invalid,0.0,0.0,999.0,999.0,['Other'],0,0,1,0,4,Dry,Straight,Level,Lowest,No
33514,48,Texas,482597,1,1,1,0,3,LAMESA,September,11,Monday,7,15,Urban,High Speed (Arterial),Yes,32.728425,-101.959875,Non-Intersection,Dark - Not Lighted,Rain,Unknown,Unknown if Notified,Unknown EMS Scene Arrival Hour,Unknown if Arrived,Not Applicable (Not Transported),Not Applicable (Not Transported),1,Dark - Unlighted,Rain/Wind/Minor,0,3,[],[],0,0,Valid,0.0,0.0,31.0,31.0,['Female'],0,0,3,1,4,Wet/Standing Water,Straight,Level,Lowest,No
33515,48,Texas,482598,0,1,1,0,1,NOT APPLICABLE,September,7,Thursday,20,23,Rural,Low Speed (Local),No,32.680725,-96.25450833,Complex/Circle,Dark - Not Lighted,Clear,Unknown,Unknown if Notified,Unknown EMS Scene Arrival Hour,Unknown if Arrived,Not Applicable (Not Transported),Not Applicable (Not Transported),1,Dark - Unlighted,Clear,1,0,['Driver'],['None_Used'],0,0,Valid,0.0,0.0,21.0,21.0,['Male'],1,0,5,1,2,Dry,Curve,Level,Lowest,No
33516,48,Texas,482599,0,1,1,0,1,NOT APPLICABLE,August,29,Tuesday,9,50,Rural,Medium Speed (Collector),No,31.86066667,-94.36014444,Non-Intersection,Daylight,Clear,Unknown,Unknown if Notified,Unknown EMS Scene Arrival Hour,Unknown if Arrived,Not Applicable (Not Transported),Not Applicable (Not Transported),1,Daylight,Clear,1,0,['Driver'],['Shoulder_Lapbelt'],1,1,Invalid,0.0,0.0,84.0,84.0,['Female'],0,0,3,4,3,Dry,Straight,Level,Lowest,No