,State_Code,State_Name,Crash_ID,Count_Non_Motorists,Count_Vehicles_Total,Count_Vehicle_Forms,Count_PVH_Involved,Count_Occupants_MV,City_Name,Month_Name,Day_of_Month,Day_of_Week,Crash_Hour,Crash_Minute,Area_Rural_Urban,Road_Functional_Class,On_NHS_Road,Latitude,Longitude,Intersection_Type,Light_Condition,Weather_Condition,Notif_Hour,Notif_Minute,Arrival_Hour,Arrival_Minute,Hospital_Hour,Hospital_Minute,Fatalities_Count,Clean_Light_Condition,Clean_Weather_Condition,Total_Killed,Total_Alive,Fatal_Seats_List,Killed_Restraint_List,Any_Driver_Drinking,Total_Drinking_Drivers,Driver_License_Category,Driver_Max_Prev_Accident_Count,Driver_Max_Prev_Speeding_Count,Max_Driver_Age,Min_Driver_Age,Driver_Sex_List,Total_Exceeding_Limit_Vehicles,Total_Too_Fast_Vehicles,Max_Vehicle_Type_Severity_5,Max_Vehicle_Damage_Rank,Max_Harmful_Event_Severity,Crash_Road_Surface_Condition,Crash_Horizontal_Alignment,Crash_Vertical_Profile,Crash_Impairment_Category,Crash_Vehicle_Defect
33517,48,Texas,482600,0,1,1,0,1,NOT APPLICABLE,August,17,Thursday,13,30,Rural,Medium Speed (Collector),No,32.00887778,-97.34240278,Non-Intersection,Daylight,Clear,Unknown,Unknown if Notified,Unknown EMS Scene Arrival Hour,Unknown if Arrived,Not Applicable (Not Transported),Not Applicable (Not Transported),1,Daylight,Clear,1,0,['Driver'],['None_Used'],1,1,Valid,0.0,0.0,48.0,48.0,['Female'],0,0,3,1,3,Dry,Curve,Level,Lowest,No
33518,48,Texas,482601,0,2,2,0,2,NOT APPLICABLE,August,31,Thursday,14,38,Rural,Medium Speed (Collector),No,31.35908056,-101.49570556,Non-Intersection,Daylight,Clear,Unknown,Unknown if Notified,Unknown EMS Scene Arrival Hour,Unknown if Arrived,Not Applicable (Not Transported),Not Applicable (Not Transported),2,Daylight,Clear,2,0,"['Driver', 'Driver']","['None_Used', 'Shoulder_Lapbelt']",1,1,Valid,0.0,0.0,38.0,27.0,"['Male', 'Male']",0,0,4,4,3,Dry,Straight,Level,Lowest,Yes
33519,48,Texas,482602,0,1,1,0,1,NOT APPLICABLE,September,7,Thursday,20,0,Rural,High Speed (Arterial),Yes,30.60335556,-96.17214444,Simple Junction,Dark - Lighted,Clear,Unknown,Unknown,Unknown EMS Scene Arrival Hour,Unknown EMS Scene Arrival Minutes,Unknown,Unknown EMS Hospital Arrival Time,1,Dark - Lighted,Clear,1,0,['Driver'],['None_Used'],1,1,Valid,0.0,0.0,50.0,50.0,['Male'],0,0,3,1,3,Dry,Curve,Level,Lowest,No
33520,48,Texas,482603,1,1,1,0,1,TYLER,September,2,Saturday,23,18,Urban,High Speed (Arterial),Yes,32.36975,-95.28849722,Non-Intersection,Dark - Not Lighted,Clear,Unknown,Unknown,Unknown EMS Scene Arrival Hour,Unknown EMS Scene Arrival Minutes,Unknown,Unknown EMS Hospital Arrival Time,1,Dark - Unlighted,Clear,0,0,[],[],0,0,Invalid,0.0,0.0,999.0,999.0,['Other'],0,0,1,0,4,Dry,Straight,Level,Lowest,No
33521,48,Texas,482604,0,1,1,0,1,NOT APPLICABLE,September,8,Friday,16,50,Rural,Medium Speed (Collector),No,31.28784167,-96.13475833,Non-Intersection,Daylight,Clear,Unknown,Unknown if Notified,Unknown EMS Scene Arrival Hour,Unknown if Arrived,Not Applicable (Not Transported),Not Applicable (Not Transported),1,Daylight,Clear,1,0,['Driver'],['None_Used'],0,0,Invalid,0.0,0.0,72.0,72.0,['Male'],0,0,3,1,3,Dry,Straight,Level,Lowest,No
33522,48,Texas,482605,1,1,1,0,1,CLUTE,August,24,Thursday,6,24,Urban,High Speed (Arterial),Yes,29.032525,-95.39809167,Non-Intersection,Dark - Lighted,Clear,Unknown,Unknown,Unknown EMS Scene Arrival Hour,Unknown EMS Scene Arrival Minutes,Unknown,Unknown EMS Hospital Arrival Time,1,Dark - Lighted,Clear,0,1,[],[],0,0,Valid,0.0,0.0,26.0,26.0,['Male'],0,0,3,2,4,Dry,Straight,Level,Lowest,No
33523,48,Texas,482606,0,3,3,0,3,HOUSTON,July,19,Wednesday,11,25,Urban,High Speed (Arterial),Yes,29.67473333,-95.42984444,Non-Intersection,Daylight,Clear,Unknown,Unknown,Unknown EMS Scene Arrival Hour,Unknown EMS Scene Arrival Minutes,Unknown,Unknown EMS Hospital Arrival Time,1,Daylight,Clear,1,2,['Driver'],['None_Used'],0,0,Valid,0.0,1.0,69.0,62.0,"['Male', 'Male', 'Male']",1,0,5,2,5,Dry,Straight,Grade/Hillcrest,Lowest,No
33524,48,Texas,482607,0,2,2,0,2,NOT APPLICABLE,August,28,Monday,18,38,Rural,High Speed (Arterial),Yes,30.06433889,-94.99376667,Non-Intersection,Daylight,Clear,Unknown,Unknown if Notified,Unknown EMS Scene Arrival Hour,Unknown if Arrived,Not Applicable (Not Transported),Not Applicable (Not Transported),1,Daylight,Clear,1,1,['Driver'],['None_Used'],0,0,Valid,0.0,1.0,50.0,31.0,"['Male', 'Male']",0,0,3,4,5,Dry,Curve,Level,Lowest,No
33525,48,Texas,482608,0,2,2,0,2,AUSTIN,September,9,Saturday,21,44,Urban,High Speed (Arterial),Yes,30.39408333,-97.73337778,Non-Intersection,Dark - Lighted,Clear,Unknown,Unknown if Notified,Unknown EMS Scene Arrival Hour,Unknown if Arrived,Not Applicable (Not Transported),Not Applicable (Not Transported),1,Dark - Lighted,Clear,1,0,['Driver'],['None_Used'],0,0,Invalid,0.0,0.0,999.0,37.0,"['Other', 'Male']",0,0,5,0,5,Dry,Straight,Level,Lowest,No
33526,48,Texas,482609,0,1,1,0,5,SUGAR LAND,September,9,Saturday,19,45,Urban,High Speed (Arterial),Yes,29.63758056,-95.65139167,Non-Intersection,Dark - Lighted,Clear,Unknown,Unknown,Unknown EMS Scene Arrival Hour,Unknown EMS Scene Arrival Minutes,Unknown,Unknown EMS Hospital Arrival Time,2,Dark - Lighted,Clear,2,3,"['Non_Standard_Risk', 'Non_Standard_Risk']","['None_Used', 'None_Used']",0,0,Invalid,0.0,0.0,48.0,48.0,['Male'],0,0,3,1,3,Dry,Straight,Level,Lowest,Yes
33527,48,Texas,482610,1,1,1,0,1,BEAUMONT,August,26,Saturday,13,57,Urban,High Speed (Arterial),Yes,30.02288333,-94.05347222,Non-Intersection,Daylight,Clear,Unknown,Unknown,Unknown EMS Scene Arrival Hour,Unknown EMS Scene Arrival Minutes,Unknown,Unknown EMS Hospital Arrival Time,1,Daylight,Clear,0,1,[],[],0,0,Invalid,0.0,0.0,29.0,29.0,['Male'],0,0,2,2,4,Dry,Straight,Grade/Hillcrest,Lowest,No
33528,48,Texas,482611,1,1,1,0,1,AUSTIN,September,7,Thursday,13,48,Urban,High Speed (Arterial),Yes,30.21347222,-97.70639444,Non-Intersection,Daylight,Clear,Unknown,Unknown if Notified,Unknown EMS Scene Arrival Hour,Unknown if Arrived,Not Applicable (Not Transported),Not Applicable (Not Transported),1,Daylight,Clear,0,1,[],[],0,0,Valid,0.0,0.0,31.0,31.0,['Male'],0,0,4,2,4,Dry,Straight,Level,Lowest,No
33529,48,Texas,482612,0,1,1,0,1,NOT APPLICABLE,September,9,Saturday,7,18,Rural,Low Speed (Local),No,32.38601389,-95.46497778,Non-Intersection,Dark - Lighted,Cloudy,Unknown,Unknown if Notified,Unknown EMS Scene Arrival Hour,Unknown if Arrived,Not Applicable (Not Transported),Not Applicable (Not Transported),1,Dark - Lighted,Reduced Visibility,1,0,['Driver'],['None_Used'],1,1,Invalid,0.0,2.0,24.0,24.0,['Male'],0,0,3,1,3,Dry,Straight,Grade/Hillcrest,Lowest,Yes
33530,48,Texas,482613,0,2,2,0,2,WEINERT,September,10,Sunday,12,39,Rural,High Speed (Arterial),Yes,33.32815278,-99.67650833,Complex/Circle,Daylight,Clear,Unknown,Unknown if Notified,Unknown EMS Scene Arrival Hour,Unknown if Arrived,Not Applicable (Not Transported),Not Applicable (Not Transported),1,Daylight,Clear,1,1,['Driver'],['Shoulder_Lapbelt'],0,0,Valid,0.0,1.0,70.0,25.0,"['Male', 'Female']",0,0,3,1,5,Dry,Straight,Level,Lowest,No
33531,48,Texas,482614,0,2,2,0,2,NOT APPLICABLE,September,5,Tuesday,7,35,Rural,Medium Speed (Collector),No,31.83226667,-102.02995833,Non-Intersection,Daylight,Clear,Unknown,Unknown,Unknown EMS Scene Arrival Hour,Unknown EMS Scene Arrival Minutes,Unknown,Unknown EMS Hospital Arrival Time,1,Daylight,Clear,1,1,['Driver'],['Shoulder_Lapbelt'],0,0,Valid,2.0,0.0,65.0,37.0,"['Male', 'Male']",0,0,4,4,5,Dry,Straight,Level,Medium,No
33532,48,Texas,482615,0,3,3,0,5,NOT APPLICABLE,September,8,Friday,16,0,Urban,High Speed (Arterial),Yes,32.25785556,-95.38465833,Complex/Circle,Daylight,Clear,Unknown,Unknown,Unknown EMS Scene Arrival Hour,Unknown EMS Scene Arrival Minutes,Unknown,Unknown EMS Hospital Arrival Time,1,Daylight,Clear,1,4,['Driver'],['None_Used'],0,0,Invalid,0.0,0.0,43.0,37.0,"['Female', 'Male', 'Female']",0,0,5,2,5,Dry,Straight,Level,Lowest,No
33533,48,Texas,482616,0,1,1,0,1,NOT APPLICABLE,September,10,Sunday,1,32,Rural,Medium Speed (Collector),No,29.34021667,-96.07796667,Non-Intersection,Dark - Not Lighted,Clear,Unknown,Unknown if Notified,Unknown EMS Scene Arrival Hour,Unknown if Arrived,Not Applicable (Not Transported),Not Applicable (Not Transported),1,Dark - Unlighted,Clear,1,0,['Driver'],['None_Used'],1,1,Valid,0.0,0.0,17.0,17.0,['Male'],0,0,3,1,3,Dry,Straight,Level,Lowest,No
33534,48,Texas,482617,0,1,1,0,1,NOT APPLICABLE,August,31,Thursday,23,51,Urban,High Speed (Arterial),Yes,33.95140556,-98.57286389,Simple Junction,Dark - Not Lighted,Clear,Unknown,Unknown if Notified,Unknown EMS Scene Arrival Hour,Unknown if Arrived,Not Applicable (Not Transported),Not Applicable (Not Transported),1,Dark - Unlighted,Clear,1,0,['Driver'],['None_Used'],1,1,Invalid,0.0,0.0,35.0,35.0,['Male'],1,0,5,1,3,Dry,Curve,Grade/Hillcrest,Lowest,No
33535,48,Texas,482618,0,2,2,0,3,NOT APPLICABLE,August,31,Thursday,23,13,Rural,Medium Speed (Collector),No,27.871225,-97.71183333,Non-Intersection,Dark - Not Lighted,Clear,Unknown,Unknown,Unknown EMS Scene Arrival Hour,Unknown EMS Scene Arrival Minutes,Unknown,Unknown EMS Hospital Arrival Time,2,Dark - Unlighted,Clear,2,1,"['Driver', 'Driver']","['Shoulder_Lapbelt', 'Shoulder_Lapbelt']",1,1,Valid,0.0,0.0,22.0,19.0,"['Male', 'Female']",0,0,2,4,5,Dry,Straight,Level,Lowest,No
33536,48,Texas,482619,0,1,1,0,1,NOT APPLICABLE,September,2,Saturday,18,40,Rural,Medium Speed (Collector),No,29.143625,-95.60435278,Non-Intersection,Daylight,Cloudy,Unknown,Unknown if Notified,Unknown EMS Scene Arrival Hour,Unknown if Arrived,Not Applicable (Not Transported),Not Applicable (Not Transported),1,Daylight,Reduced Visibility,1,0,['Driver'],['None_Used'],1,1,Invalid,0.0,0.0,66.0,66.0,['Male'],0,0,3,1,3,Dry,Straight,Level,Lowest,No
33537,48,Texas,482620,0,2,2,0,2,NOT APPLICABLE,September,1,Friday,19,40,Rural,Low Speed (Local),No,29.32152778,-98.68821667,Non-Intersection,Daylight,Clear,Unknown,Unknown,Unknown EMS Scene Arrival Hour,Unknown EMS Scene Arrival Minutes,Unknown,Unknown EMS Hospital Arrival Time,1,Daylight,Clear,1,1,['Driver'],['Shoulder_Lapbelt'],1,1,Valid,0.0,0.0,54.0,48.0,"['Male', 'Female']",1,0,3,2,5,Dry,Straight,Level,Lowest,No
33538,48,Texas,482621,0,2,2,0,3,HIDALGO,September,7,Thursday,12,19,Urban,High Speed (Arterial),Yes,26.10551944,-98.26570278,Complex/Circle,Daylight,Cloudy,Unknown,Unknown,Unknown EMS Scene Arrival Hour,Unknown EMS Scene Arrival Minutes,Unknown,Unknown EMS Hospital Arrival Time,1,Daylight,Reduced Visibility,1,2,['Driver'],['Shoulder_Lapbelt'],0,0,Valid,0.0,1.0,78.0,21.0,"['Female', 'Female']",0,0,2,1,5,Dry,Straight,Level,Lowest,No
33539,48,Texas,482622,0,2,2,0,2,EDINBURG,August,21,Monday,20,57,Urban,High Speed (Arterial),Yes,26.32962222,-98.14579722,Non-Intersection,Dark - Lighted,Clear,Unknown,Unknown,Unknown EMS Scene Arrival Hour,Unknown EMS Scene Arrival Minutes,Unknown,Unknown EMS Hospital Arrival Time,1,Dark - Lighted,Clear,1,1,['Driver'],['Shoulder_Lapbelt'],0,0,Invalid,0.0,0.0,44.0,28.0,"['Male', 'Male']",1,0,4,1,5,Dry,Straight,Level,Lowest,No
33540,48,Texas,482623,0,1,1,0,1,NOT APPLICABLE,September,9,Saturday,18,5,Rural,Medium Speed (Collector),No,29.79751111,-98.14891111,Non-Intersection,Daylight,Clear,Unknown,Unknown,Unknown EMS Scene Arrival Hour,Unknown EMS Scene Arrival Minutes,Unknown,Unknown EMS Hospital Arrival Time,1,Daylight,Clear,1,0,['Driver'],['None_Used'],0,0,Valid,0.0,0.0,55.0,55.0,['Male'],0,0,5,1,3,Dry,Curve,Grade/Hillcrest,Lowest,No
33541,48,Texas,482624,0,1,1,0,1,NOT APPLICABLE,September,9,Saturday,20,44,Rural,Low Speed (Local),No,29.03003056,-97.31642778,Simple Junction,Dark - Not Lighted,Clear,Unknown,Unknown if Notified,Unknown EMS Scene Arrival Hour,Unknown if Arrived,Not Applicable (Not Transported),Not Applicable (Not Transported),1,Dark - Unlighted,Clear,1,0,['Driver'],['None_Used'],1,1,Valid,0.0,0.0,23.0,23.0,['Male'],1,0,3,1,2,Dry,Straight,Level,Lowest,No
33542,48,Texas,482625,0,1,1,0,1,SAN MARCOS,September,11,Monday,12,57,Urban,Medium Speed (Collector),No,29.84381389,-97.94075278,Non-Intersection,Daylight,Clear,Unknown,Unknown if Notified,Unknown EMS Scene Arrival Hour,Unknown if Arrived,Not Applicable (Not Transported),Not Applicable (Not Transported),1,Daylight,Clear,1,0,['Driver'],['None_Used'],0,0,Valid,0.0,0.0,45.0,45.0,['Male'],1,0,5,1,0,Dry,Straight,Level,Lowest,No
33543,48,Texas,482626,0,4,4,0,6,HOUSTON,September,7,Thursday,10,13,Urban,Medium Speed (Collector),No,29.673725,-95.33635278,Complex/Circle,Daylight,Clear,Unknown,Unknown,Unknown EMS Scene Arrival Hour,Unknown EMS Scene Arrival Minutes,Unknown,Unknown EMS Hospital Arrival Time,1,Daylight,Clear,1,5,['Driver'],['Shoulder_Lapbelt'],0,0,Invalid,0.0,0.0,75.0,18.0,"['Male', 'Female', 'Male', 'Male']",2,0,3,3,5,Dry,Curve,Grade/Hillcrest,Lowest,No
33544,48,Texas,482627,0,2,2,0,2,NOT APPLICABLE,September,5,Tuesday,21,45,Rural,Medium Speed (Collector),No,31.00625278,-95.91748889,Non-Intersection,Dark - Not Lighted,Clear,Unknown,Unknown,Unknown EMS Scene Arrival Hour,Unknown EMS Scene Arrival Minutes,Unknown,Unknown EMS Hospital Arrival Time,1,Dark - Unlighted,Clear,1,1,['Driver'],['Shoulder_Lapbelt'],0,0,Invalid,0.0,0.0,21.0,21.0,"['Female', 'Female']",0,0,2,4,5,Dry,Straight,Level,Lowest,No
33545,48,Texas,482628,1,1,1,0,1,HOUSTON,August,19,Saturday,19,59,Urban,Medium Speed (Collector),No,29.64831389,-95.33745278,Non-Intersection,Daylight,Clear,Unknown,Unknown if Notified,Unknown EMS Scene Arrival Hour,Unknown if Arrived,Not Applicable (Not Transported),Not Applicable (Not Transported),1,Daylight,Clear,0,0,[],[],0,0,Invalid,0.0,0.0,22.0,22.0,['Male'],0,0,2,1,4,Dry,Straight,Level,Lowest,No
33546,48,Texas,482629,0,1,1,0,2,SAN ANTONIO,August,22,Tuesday,10,3,Urban,Low Speed (Local),No,29.34445556,-98.55589444,Non-Intersection,Daylight,Clear,Unknown,Unknown,Unknown EMS Scene Arrival Hour,Unknown EMS Scene Arrival Minutes,Unknown,Unknown EMS Hospital Arrival Time,1,Daylight,Clear,1,1,['Non_Standard_Risk'],['None_Used'],0,0,Valid,0.0,0.0,64.0,64.0,['Female'],0,0,3,1,1,Dry,Straight,Level,Lowest,No
33547,48,Texas,482630,1,1,1,0,1,HOUSTON,September,8,Friday,20,3,Urban,High Speed (Arterial),Yes,29.68349167,-95.55825556,Non-Intersection,Daylight,Clear,Unknown,Unknown if Notified,Unknown EMS Scene Arrival Hour,Unknown if Arrived,Not Applicable (Not Transported),Not Applicable (Not Transported),1,Daylight,Clear,0,0,[],[],0,0,Invalid,0.0,0.0,999.0,999.0,['Other'],0,0,1,2,4,Wet/Standing Water,Straight,Level,Lowest,No
33548,48,Texas,482631,1,1,1,0,2,NOT APPLICABLE,September,8,Friday,20,35,Rural,High Speed (Arterial),Yes,31.28765,-94.62898056,Non-Intersection,Dark - Not Lighted,Clear,Unknown,Unknown if Notified,Unknown EMS Scene Arrival Hour,Unknown if Arrived,Not Applicable (Not Transported),Not Applicable (Not Transported),1,Dark - Unlighted,Clear,0,2,[],[],0,0,Valid,0.0,0.0,20.0,20.0,['Male'],0,0,3,1,4,Dry,Straight,Grade/Hillcrest,Lowest,No
33549,48,Texas,482632,0,2,2,0,2,SAN ANTONIO,September,17,Sunday,1,30,Urban,Medium Speed (Collector),No,29.55138056,-98.54130833,Complex/Circle,Dark - Lighted,Clear,Unknown,Unknown if Notified,Unknown EMS Scene Arrival Hour,Unknown if Arrived,Not Applicable (Not Transported),Not Applicable (Not Transported),1,Dark - Lighted,Clear,1,1,['Driver'],['None_Used'],1,2,Valid,0.0,0.0,59.0,40.0,"['Male', 'Male']",0,0,5,2,5,Dry,Straight,Level,Lowest,No
33550,48,Texas,482634,0,2,2,0,2,NOT APPLICABLE,September,9,Saturday,14,4,Rural,Medium Speed (Collector),No,29.49035556,-95.68153333,Non-Intersection,Daylight,Clear,Unknown,Unknown,Unknown EMS Scene Arrival Hour,Unknown EMS Scene Arrival Minutes,Unknown,Unknown EMS Hospital Arrival Time,1,Daylight,Clear,1,1,['Driver'],['Shoulder_Lapbelt'],0,0,Valid,0.0,0.0,49.0,17.0,"['Female', 'Male']",0,0,3,1,5,Dry,Curve,Level,Lowest,No
33551,48,Texas,482635,0,2,2,0,2,FRISCO,September,14,Thursday,11,24,Urban,High Speed (Arterial),Yes,33.10465278,-96.78839722,Complex/Circle,Daylight,Clear,Unknown,Unknown,Unknown EMS Scene Arrival Hour,Unknown EMS Scene Arrival Minutes,Unknown,Unknown EMS Hospital Arrival Time,1,Daylight,Clear,1,1,['Driver'],['Shoulder_Lapbelt'],0,0,Valid,0.0,0.0,51.0,31.0,"['Female', 'Male']",0,0,3,1,5,Dry,Straight,Level,Lowest,No
33552,48,Texas,482636,0,2,2,0,3,NOT APPLICABLE,September,2,Saturday,2,41,Rural,High Speed (Arterial),Yes,30.18848611,-97.58931111,Non-Intersection,Dark - Not Lighted,Clear,Unknown,Unknown,Unknown EMS Scene Arrival Hour,Unknown EMS Scene Arrival Minutes,Unknown,Unknown EMS Hospital Arrival Time,1,Dark - Unlighted,Clear,1,2,['Driver'],['None_Used'],1,1,Invalid,0.0,0.0,40.0,30.0,"['Male', 'Male']",0,0,5,1,5,Dry,Straight,Level,Lowest,No
33553,48,Texas,482637,1,2,1,1,1,HOUSTON,July,22,Saturday,2,16,Urban,High Speed (Arterial),Yes,29.69967778,-95.32291944,Non-Intersection,Dark - Lighted,Cloudy,Unknown,Unknown if Notified,Unknown EMS Scene Arrival Hour,Unknown if Arrived,Not Applicable (Not Transported),Not Applicable (Not Transported),1,Dark - Lighted,Reduced Visibility,0,1,[],[],1,1,Valid,0.0,1.0,28.0,28.0,['Female'],1,0,2,1,4,Dry,Straight,Grade/Hillcrest,Lowest,No
33554,48,Texas,482638,0,2,2,0,4,LUBBOCK,August,8,Tuesday,12,29,Urban,Medium Speed (Collector),No,33.54886111,-101.78748056,Complex/Circle,Daylight,Clear,Unknown,Unknown,Unknown EMS Scene Arrival Hour,Unknown EMS Scene Arrival Minutes,Unknown,Unknown EMS Hospital Arrival Time,1,Daylight,Clear,1,3,['Driver'],['None_Used'],0,0,Valid,0.0,3.0,41.0,36.0,"['Female', 'Male']",2,0,5,1,5,Dry,Straight,Level,Lowest,No
33555,48,Texas,482639,0,1,1,0,1,NOT APPLICABLE,September,6,Wednesday,20,16,Rural,High Speed (Arterial),No,32.24891944,-96.03852778,Non-Intersection,Dark - Not Lighted,Clear,Unknown,Unknown if Notified,Unknown EMS Scene Arrival Hour,Unknown if Arrived,Not Applicable (Not Transported),Not Applicable (Not Transported),1,Dark - Unlighted,Clear,1,0,['Driver'],['Shoulder_Lapbelt'],1,1,Valid,0.0,0.0,23.0,23.0,['Male'],1,0,3,1,3,Dry,Curve,Level,Lowest,No
33556,48,Texas,482640,0,1,1,0,1,NOT APPLICABLE,September,14,Thursday,18,45,Rural,Medium Speed (Collector),No,30.90559167,-103.05513611,Non-Intersection,Daylight,Cloudy,Unknown,Unknown if Notified,Unknown EMS Scene Arrival Hour,Unknown if Arrived,Not Applicable (Not Transported),Not Applicable (Not Transported),1,Daylight,Reduced Visibility,1,0,['Driver'],['None_Used'],1,1,Valid,0.0,0.0,58.0,58.0,['Male'],1,0,2,1,3,Dry,Curve,Level,Lowest,No
33557,48,Texas,482641,0,1,1,0,5,TRENTON,September,7,Thursday,22,0,Rural,Medium Speed (Collector),No,33.46829167,-96.3387,Non-Intersection,Dark - Not Lighted,Clear,Unknown,Unknown,Unknown EMS Scene Arrival Hour,Unknown EMS Scene Arrival Minutes,Unknown,Unknown EMS Hospital Arrival Time,1,Dark - Unlighted,Clear,1,4,['Rear_Seat'],['None_Used'],1,1,Invalid,0.0,0.0,36.0,36.0,['Male'],5,0,2,1,2,Dry,Curve,Grade/Hillcrest,Lowest,No
33558,48,Texas,482642,1,1,1,0,2,DALLAS,September,8,Friday,9,29,Urban,High Speed (Arterial),Yes,32.95405556,-96.80599722,Non-Intersection,Daylight,Clear,Unknown,Unknown,Unknown EMS Scene Arrival Hour,Unknown EMS Scene Arrival Minutes,Unknown,Unknown EMS Hospital Arrival Time,1,Daylight,Clear,0,2,[],[],0,0,Invalid,0.0,0.0,22.0,22.0,['Male'],0,0,3,2,4,Dry,Straight,Grade/Hillcrest,Lowest,No
33559,48,Texas,482643,1,1,1,0,1,DALLAS,September,11,Monday,6,47,Urban,High Speed (Arterial),No,32.69596944,-96.76788889,Complex/Circle,Dawn,Clear,Unknown,Unknown,Unknown EMS Scene Arrival Hour,Unknown EMS Scene Arrival Minutes,Not Applicable (Not Transported),Not Applicable (Not Transported),1,Twilight,Clear,0,0,[],[],0,0,Invalid,0.0,0.0,999.0,999.0,['Other'],0,0,1,0,4,Dry,Curve,Level,Lowest,No
33560,48,Texas,482644,1,1,1,0,1,DALLAS,September,12,Tuesday,5,55,Urban,Medium Speed (Collector),No,32.71636667,-96.78813889,Non-Intersection,Dark - Not Lighted,Rain,Unknown,Unknown if Notified,Unknown EMS Scene Arrival Hour,Unknown if Arrived,Not Applicable (Not Transported),Not Applicable (Not Transported),1,Dark - Unlighted,Rain/Wind/Minor,0,0,[],[],0,0,Invalid,0.0,0.0,999.0,999.0,['Other'],0,0,1,0,4,Wet/Standing Water,Straight,Level,Lowest,No
33561,48,Texas,482645,1,1,1,0,3,NOT APPLICABLE,July,21,Friday,22,52,Rural,Medium Speed (Collector),No,28.03886944,-97.53313056,Non-Intersection,Dark - Not Lighted,Clear,Unknown,Unknown if Notified,Unknown EMS Scene Arrival Hour,Unknown if Arrived,Not Applicable (Not Transported),Not Applicable (Not Transported),1,Dark - Unlighted,Clear,0,3,[],[],0,0,Valid,0.0,0.0,25.0,25.0,['Male'],0,0,3,0,4,Dry,Straight,Level,Lowest,No
33562,48,Texas,482646,1,1,1,0,1,DALLAS,September,13,Wednesday,5,8,Urban,High Speed (Arterial),No,32.85840556,-96.87655556,Simple Junction,Dark - Lighted,Rain,Unknown,Unknown,Unknown EMS Scene Arrival Hour,Unknown EMS Scene Arrival Minutes,Not Applicable (Not Transported),Not Applicable (Not Transported),1,Dark - Lighted,Rain/Wind/Minor,0,1,[],[],0,0,Invalid,0.0,0.0,47.0,47.0,['Male'],0,0,3,2,4,Wet/Standing Water,Curve,Grade/Hillcrest,Lowest,No
33563,48,Texas,482647,1,1,1,0,2,PHARR,September,9,Saturday,1,34,Urban,Medium Speed (Collector),No,26.22440833,-98.17984722,Non-Intersection,Dark - Not Lighted,Clear,Unknown,Unknown if Notified,Unknown EMS Scene Arrival Hour,Unknown if Arrived,Not Applicable (Not Transported),Not Applicable (Not Transported),1,Dark - Unlighted,Clear,0,2,[],[],0,0,Valid,0.0,0.0,59.0,59.0,['Male'],0,0,3,2,4,Dry,Straight,Level,Lowest,No
33564,48,Texas,482648,0,2,2,0,2,NEW BRAUNFELS,September,16,Saturday,19,46,Urban,Medium Speed (Collector),No,29.71151389,-98.091125,Simple Junction,Daylight,Clear,Unknown,Unknown,Unknown EMS Scene Arrival Hour,Unknown EMS Scene Arrival Minutes,Unknown,Unknown EMS Hospital Arrival Time,1,Daylight,Clear,1,1,['Driver'],['None_Used'],0,0,Valid,0.0,1.0,68.0,24.0,"['Male', 'Male']",1,0,5,1,5,Dry,Straight,Level,Lowest,No
33565,48,Texas,482649,0,1,1,0,3,NOT APPLICABLE,September,7,Thursday,16,48,Rural,High Speed (Arterial),Yes,33.4682,-102.07905,Non-Intersection,Daylight,Clear,Unknown,Unknown,Unknown EMS Scene Arrival Hour,Unknown EMS Scene Arrival Minutes,Unknown,Unknown EMS Hospital Arrival Time,1,Daylight,Clear,1,2,['Rear_Seat'],['None_Used'],1,1,Invalid,0.0,1.0,69.0,69.0,['Male'],0,0,3,1,3,Dry,Straight,Level,Lowest,No
33566,48,Texas,482650,0,1,1,0,2,LUBBOCK,September,14,Thursday,2,47,Urban,High Speed (Arterial),Yes,33.61588889,-101.84395833,Simple Junction,Dark - Not Lighted,Rain,Unknown,Unknown,Unknown EMS Scene Arrival Hour,Unknown EMS Scene Arrival Minutes,Unknown,Unknown EMS Hospital Arrival Time,1,Dark - Unlighted,Rain/Wind/Minor,1,1,['Driver'],['None_Used'],1,1,Invalid,0.0,0.0,37.0,37.0,['Male'],0,0,3,1,3,Wet/Standing Water,Curve,Grade/Hillcrest,Lowest,No
33567,48,Texas,482651,0,1,1,0,1,NOT APPLICABLE,September,7,Thursday,22,34,Urban,Medium Speed (Collector),No,30.45660556,-97.67178056,Complex/Circle,Dark - Not Lighted,Clear,Unknown,Unknown if Notified,Unknown EMS Scene Arrival Hour,Unknown if Arrived,Not Applicable (Not Transported),Not Applicable (Not Transported),1,Dark - Unlighted,Clear,1,0,['Driver'],['None_Used'],0,0,Valid,0.0,0.0,44.0,44.0,['Male'],0,0,5,1,3,Dry,Straight,Level,Lowest,No