,State_Code,State_Name,Crash_ID,Count_Non_Motorists,Count_Vehicles_Total,Count_Vehicle_Forms,Count_PVH_Involved,Count_Occupants_MV,City_Name,Month_Name,Day_of_Month,Day_of_Week,Crash_Hour,Crash_Minute,Area_Rural_Urban,Road_Functional_Class,On_NHS_Road,Latitude,Longitude,Intersection_Type,Light_Condition,Weather_Condition,Notif_Hour,Notif_Minute,Arrival_Hour,Arrival_Minute,Hospital_Hour,Hospital_Minute,Fatalities_Count,Clean_Light_Condition,Clean_Weather_Condition,Total_Killed,Total_Alive,Fatal_Seats_List,Killed_Restraint_List,Any_Driver_Drinking,Total_Drinking_Drivers,Driver_License_Category,Driver_Max_Prev_Accident_Count,Driver_Max_Prev_Speeding_Count,Max_Driver_Age,Min_Driver_Age,Driver_Sex_List,Total_Exceeding_Limit_Vehicles,Total_Too_Fast_Vehicles,Max_Vehicle_Type_Severity_5,Max_Vehicle_Damage_Rank,Max_Harmful_Event_Severity,Crash_Road_Surface_Condition,Crash_Horizontal_Alignment,Crash_Vertical_Profile,Crash_Impairment_Category,Crash_Vehicle_Defect
33568,48,Texas,482654,0,2,2,0,2,NOT APPLICABLE,August,29,Tuesday,6,35,Rural,Medium Speed (Collector),No,30.53913889,-96.44862222,Complex/Circle,Dark - Not Lighted,Clear,Unknown,Unknown,Unknown EMS Scene Arrival Hour,Unknown EMS Scene Arrival Minutes,Unknown,Unknown EMS Hospital Arrival Time,1,Dark - Unlighted,Clear,1,1,['Driver'],['Shoulder_Lapbelt'],0,0,Valid,1.0,0.0,35.0,24.0,"['Male', 'Female']",0,0,4,4,5,Dry,Straight,Level,Lowest,No
33569,48,Texas,482655,1,1,1,0,3,NOT APPLICABLE,September,2,Saturday,20,25,Rural,Medium Speed (Collector),No,31.52331389,-97.01796667,Non-Intersection,Dark - Not Lighted,Clear,Unknown,Unknown if Notified,Unknown EMS Scene Arrival Hour,Unknown if Arrived,Not Applicable (Not Transported),Not Applicable (Not Transported),1,Dark - Unlighted,Clear,0,3,[],[],1,1,Valid,0.0,0.0,24.0,24.0,['Male'],3,0,3,2,4,Dry,Straight,Level,Lowest,No
33570,48,Texas,482656,1,1,1,0,1,HOUSTON,August,24,Thursday,1,16,Urban,High Speed (Arterial),Yes,29.88528611,-95.41201944,Non-Intersection,Dark - Lighted,Cloudy,Unknown,Unknown if Notified,Unknown EMS Scene Arrival Hour,Unknown if Arrived,Not Applicable (Not Transported),Not Applicable (Not Transported),1,Dark - Lighted,Reduced Visibility,0,1,[],[],0,0,Invalid,0.0,0.0,999.0,999.0,['Other'],1,0,1,0,4,Dry,Straight,Grade/Hillcrest,Lowest,No
33571,48,Texas,482657,0,2,2,0,2,NOT APPLICABLE,September,1,Friday,11,45,Urban,High Speed (Arterial),Yes,30.05231944,-95.69796667,Non-Intersection,Daylight,Clear,Unknown,Unknown if Notified,Unknown EMS Scene Arrival Hour,Unknown if Arrived,Not Applicable (Not Transported),Not Applicable (Not Transported),1,Daylight,Clear,1,1,['Driver'],['Shoulder_Lapbelt'],0,0,Valid,0.0,0.0,70.0,62.0,"['Male', 'Female']",0,0,3,2,5,Dry,Straight,Level,Lowest,No
33572,48,Texas,482658,0,2,2,0,2,NOLANVILLE,September,9,Saturday,13,15,Urban,Medium Speed (Collector),No,31.07490278,-97.594325,Simple Junction,Daylight,Clear,Unknown,Unknown if Notified,Unknown EMS Scene Arrival Hour,Unknown if Arrived,Not Applicable (Not Transported),Not Applicable (Not Transported),1,Daylight,Clear,1,1,['Driver'],['None_Used'],0,0,Invalid,0.0,1.0,62.0,27.0,"['Male', 'Male']",1,0,5,1,5,Dry,Straight,Level,Lowest,No
33573,48,Texas,482659,0,2,2,0,5,DALLAS,August,26,Saturday,20,12,Urban,High Speed (Arterial),Yes,32.86141111,-96.75624167,Non-Intersection,Dark - Lighted,Clear,Unknown,Unknown,Unknown EMS Scene Arrival Hour,Unknown EMS Scene Arrival Minutes,Unknown,Unknown EMS Hospital Arrival Time,1,Dark - Lighted,Clear,1,4,['Driver'],['Shoulder_Lapbelt'],0,0,Valid,0.0,0.0,53.0,16.0,"['Male', 'Male']",0,0,3,1,5,Dry,Straight,Grade/Hillcrest,Lowest,No
33574,48,Texas,482660,1,1,1,0,1,BEAUMONT,September,15,Friday,5,30,Urban,High Speed (Arterial),Yes,30.02476944,-94.05353889,Non-Intersection,Dark - Lighted,Clear,Unknown,Unknown if Notified,Unknown EMS Scene Arrival Hour,Unknown if Arrived,Not Applicable (Not Transported),Not Applicable (Not Transported),1,Dark - Lighted,Clear,0,0,[],[],0,0,Valid,0.0,0.0,25.0,25.0,['Female'],0,0,2,1,4,Dry,Straight,Level,Lowest,No
33575,48,Texas,482661,0,1,1,0,1,NOT APPLICABLE,August,18,Friday,18,7,Rural,High Speed (Arterial),Yes,32.49239444,-94.32793889,Non-Intersection,Daylight,Clear,Unknown,Unknown,Unknown EMS Scene Arrival Hour,Unknown EMS Scene Arrival Minutes,Unknown,Unknown EMS Hospital Arrival Time,1,Daylight,Clear,1,0,['Driver'],['Shoulder_Lapbelt'],0,0,Valid,0.0,0.0,94.0,94.0,['Male'],0,0,3,1,2,Dry,Straight,Level,Lowest,No
33576,48,Texas,482662,0,1,1,0,1,WICHITA FALLS,September,9,Saturday,1,0,Urban,High Speed (Arterial),Yes,33.88573333,-98.447975,Non-Intersection,Dark - Lighted,Clear,Unknown,Unknown if Notified,Unknown EMS Scene Arrival Hour,Unknown if Arrived,Not Applicable (Not Transported),Not Applicable (Not Transported),1,Dark - Lighted,Clear,1,0,['Driver'],['None_Used'],1,1,Valid,0.0,0.0,54.0,54.0,['Male'],0,0,5,1,3,Dry,Curve,Level,Lowest,No
33577,48,Texas,482663,1,1,1,0,1,TEMPLE,September,16,Saturday,0,41,Urban,Medium Speed (Collector),No,31.04179167,-97.41678889,Non-Intersection,Dark - Not Lighted,Clear,Unknown,Unknown,Unknown EMS Scene Arrival Hour,Unknown EMS Scene Arrival Minutes,Unknown,Unknown EMS Hospital Arrival Time,1,Dark - Unlighted,Clear,0,1,[],[],0,0,Valid,0.0,0.0,60.0,60.0,['Female'],0,0,2,1,4,Dry,Curve,Level,Lowest,No
33578,48,Texas,482664,0,2,2,0,7,NOT APPLICABLE,September,9,Saturday,18,30,Urban,High Speed (Arterial),Yes,31.41220556,-97.19946667,Non-Intersection,Daylight,Clear,Unknown,Unknown,Unknown EMS Scene Arrival Hour,Unknown EMS Scene Arrival Minutes,Unknown,Unknown EMS Hospital Arrival Time,1,Daylight,Clear,1,6,['Rear_Seat'],['None_Used'],0,0,Valid,0.0,4.0,48.0,28.0,"['Male', 'Male']",0,0,3,1,5,Dry,Straight,Level,Medium,No
33579,48,Texas,482665,1,1,1,0,1,SAN ANTONIO,September,18,Monday,20,11,Urban,Medium Speed (Collector),No,29.45758889,-98.63689444,Simple Junction,Dark - Lighted,Clear,Unknown,Unknown if Notified,Unknown EMS Scene Arrival Hour,Unknown if Arrived,Not Applicable (Not Transported),Not Applicable (Not Transported),1,Dark - Lighted,Clear,0,1,[],[],0,0,Valid,0.0,0.0,61.0,61.0,['Female'],0,0,3,2,4,Dry,Straight,Level,Lowest,No
33580,48,Texas,482666,0,1,1,0,1,EL PASO,September,15,Friday,22,12,Urban,High Speed (Arterial),Yes,31.726625,-106.35016111,Non-Intersection,Dark - Unknown Lighting,Clear,Unknown,Unknown,Unknown EMS Scene Arrival Hour,Unknown EMS Scene Arrival Minutes,Unknown,Unknown EMS Hospital Arrival Time,1,Dark - Unlighted,Clear,1,0,['Driver'],['None_Used'],0,0,Valid,1.0,0.0,47.0,47.0,['Male'],0,0,5,4,2,Dry,Curve,Level,Lowest,No
33581,48,Texas,482667,0,1,1,0,1,NOT APPLICABLE,September,15,Friday,7,0,Rural,Medium Speed (Collector),No,30.97337222,-94.75200833,Non-Intersection,Dawn,Cloudy,Unknown,Unknown if Notified,Unknown EMS Scene Arrival Hour,Unknown if Arrived,Not Applicable (Not Transported),Not Applicable (Not Transported),1,Twilight,Reduced Visibility,1,0,['Driver'],['None_Used'],0,0,Invalid,1.0,0.0,46.0,46.0,['Male'],0,0,3,1,3,Dry,Straight,Level,Lowest,No
33582,48,Texas,482668,0,1,1,0,1,NOT APPLICABLE,September,3,Sunday,14,18,Rural,High Speed (Arterial),No,30.52472778,-94.79771667,Non-Intersection,Daylight,Clear,Unknown,Unknown if Notified,Unknown EMS Scene Arrival Hour,Unknown if Arrived,Not Applicable (Not Transported),Not Applicable (Not Transported),1,Daylight,Clear,1,0,['Driver'],['None_Used'],0,0,Valid,1.0,0.0,80.0,80.0,['Female'],0,0,2,1,3,Dry,Straight,Level,Lowest,No
33583,48,Texas,482669,0,1,1,0,1,HOUSTON,August,25,Friday,5,50,Urban,High Speed (Arterial),Yes,29.80423056,-95.21880556,Non-Intersection,Dark - Not Lighted,Clear,Unknown,Unknown,Unknown EMS Scene Arrival Hour,Unknown EMS Scene Arrival Minutes,Unknown,Unknown EMS Hospital Arrival Time,1,Dark - Unlighted,Clear,1,0,['Driver'],['None_Used'],0,0,Valid,0.0,0.0,27.0,27.0,['Male'],0,0,5,0,1,Dry,Straight,Grade/Hillcrest,Lowest,No
33584,48,Texas,482670,0,1,1,0,1,CORPUS CHRISTI,September,1,Friday,16,0,Urban,High Speed (Arterial),Yes,27.71471944,-97.38421111,Non-Intersection,Daylight,Clear,Unknown,Unknown,Unknown EMS Scene Arrival Hour,Unknown EMS Scene Arrival Minutes,Unknown,Unknown EMS Hospital Arrival Time,1,Daylight,Clear,1,0,['Driver'],['None_Used'],0,0,Valid,0.0,0.0,25.0,25.0,['Female'],0,0,2,1,3,Dry,Straight,Level,Lowest,No
33585,48,Texas,482671,0,2,2,0,2,NOT APPLICABLE,September,16,Saturday,0,35,Rural,High Speed (Arterial),Yes,31.79294444,-94.53679167,Non-Intersection,Dark - Not Lighted,Clear,Unknown,Unknown if Notified,Unknown EMS Scene Arrival Hour,Unknown if Arrived,Not Applicable (Not Transported),Not Applicable (Not Transported),1,Dark - Unlighted,Clear,1,1,['Driver'],['Shoulder_Lapbelt'],0,0,Valid,0.0,0.0,56.0,53.0,"['Male', 'Female']",0,0,4,4,5,Dry,Straight,Grade/Hillcrest,Lowest,No
33586,48,Texas,482672,0,7,7,0,12,PASADENA,September,9,Saturday,17,40,Urban,High Speed (Arterial),Yes,29.63920833,-95.16041111,Complex/Circle,Daylight,Clear,Unknown,Unknown,Unknown EMS Scene Arrival Hour,Unknown EMS Scene Arrival Minutes,Unknown,Unknown EMS Hospital Arrival Time,2,Daylight,Clear,2,10,"['Rear_Seat', 'Rear_Seat']","['None_Used', 'None_Used']",1,1,Invalid,1.0,2.0,61.0,17.0,"['Male', 'Male', 'Male', 'Female', 'Male', 'Male', 'Female']",0,0,3,2,5,Dry,Straight,Level,Lowest,No
33587,48,Texas,482673,6,6,6,0,1,FORT WORTH,September,11,Monday,21,8,Urban,High Speed (Arterial),Yes,32.69356944,-97.32057778,Non-Intersection,Dark - Lighted,Cloudy,Unknown,Unknown,Unknown EMS Scene Arrival Hour,Unknown EMS Scene Arrival Minutes,Unknown,Unknown EMS Hospital Arrival Time,4,Dark - Lighted,Reduced Visibility,0,1,[],[],0,0,Valid,0.0,0.0,60.0,60.0,['Male'],0,0,4,1,5,Dry,Straight,Grade/Hillcrest,Lowest,No
33588,48,Texas,482674,0,1,1,0,1,NOT APPLICABLE,August,28,Monday,20,42,Rural,Medium Speed (Collector),No,29.87594722,-97.62144722,Non-Intersection,Daylight,Clear,Unknown,Unknown if Notified,Unknown EMS Scene Arrival Hour,Unknown if Arrived,Not Applicable (Not Transported),Not Applicable (Not Transported),1,Daylight,Clear,1,0,['Driver'],['Shoulder_Lapbelt'],0,0,Valid,0.0,2.0,25.0,25.0,['Male'],1,0,3,4,3,Dry,Straight,Level,Lowest,No
33589,48,Texas,482675,0,1,1,0,1,NOT APPLICABLE,September,13,Wednesday,16,19,Rural,Medium Speed (Collector),No,33.68448333,-97.17366111,Non-Intersection,Daylight,Clear,Unknown,Unknown,Unknown EMS Scene Arrival Hour,Unknown EMS Scene Arrival Minutes,Unknown,Unknown EMS Hospital Arrival Time,1,Daylight,Clear,1,0,['Driver'],['None_Used'],0,0,Valid,0.0,0.0,40.0,40.0,['Male'],0,0,5,1,3,Dry,Straight,Level,Lowest,No
33590,48,Texas,482676,0,1,1,0,1,NOT APPLICABLE,September,9,Saturday,18,45,Urban,High Speed (Arterial),Yes,35.20790278,-101.35751944,Non-Intersection,Daylight,Clear,Unknown,Unknown,Unknown EMS Scene Arrival Hour,Unknown EMS Scene Arrival Minutes,Unknown,Unknown EMS Hospital Arrival Time,1,Daylight,Clear,1,0,['Driver'],['None_Used'],0,0,Valid,0.0,0.0,49.0,49.0,['Male'],0,0,5,1,3,Dry,Curve,Level,Lowest,Yes
33591,48,Texas,482677,0,2,2,0,2,NOT APPLICABLE,September,8,Friday,23,8,Rural,Medium Speed (Collector),No,32.48483333,-95.17051667,Non-Intersection,Dark - Not Lighted,Rain,Unknown,Unknown if Notified,Unknown EMS Scene Arrival Hour,Unknown if Arrived,Not Applicable (Not Transported),Not Applicable (Not Transported),1,Dark - Unlighted,Rain/Wind/Minor,1,1,['Driver'],['None_Used'],1,1,Valid,0.0,0.0,42.0,22.0,"['Male', 'Male']",0,0,3,1,5,Wet/Standing Water,Straight,Level,Lowest,No
33592,48,Texas,482678,0,2,2,0,2,WAXAHACHIE,September,11,Monday,6,38,Urban,High Speed (Arterial),Yes,32.42546667,-96.86360556,Non-Intersection,Dark - Not Lighted,Clear,Unknown,Unknown,Unknown EMS Scene Arrival Hour,Unknown EMS Scene Arrival Minutes,Unknown,Unknown EMS Hospital Arrival Time,1,Dark - Unlighted,Clear,1,1,['Driver'],['Shoulder_Lapbelt'],0,0,Valid,0.0,0.0,34.0,18.0,"['Male', 'Male']",0,0,3,4,5,Dry,Straight,Grade/Hillcrest,Lowest,No
33593,48,Texas,482679,0,1,1,0,2,FORT WORTH,September,15,Friday,4,13,Urban,Medium Speed (Collector),No,32.82856111,-97.42045278,Non-Intersection,Dark - Lighted,Clear,Unknown,Unknown if Notified,Unknown EMS Scene Arrival Hour,Unknown if Arrived,Not Applicable (Not Transported),Not Applicable (Not Transported),2,Dark - Lighted,Clear,2,0,"['Driver', 'Rear_Seat']","['None_Used', 'Child_Safety']",0,0,Valid,0.0,1.0,27.0,27.0,['Female'],2,0,3,1,3,Wet/Standing Water,Curve,Level,Lowest,No
33594,48,Texas,482680,0,1,1,0,1,NOT APPLICABLE,September,5,Tuesday,17,42,Rural,Medium Speed (Collector),No,26.64920833,-98.34466667,Non-Intersection,Daylight,Clear,Unknown,Unknown if Notified,Unknown EMS Scene Arrival Hour,Unknown if Arrived,Not Applicable (Not Transported),Not Applicable (Not Transported),1,Daylight,Clear,1,0,['Driver'],['None_Used'],0,0,Valid,0.0,1.0,27.0,27.0,['Male'],1,0,3,2,3,Dry,Curve,Level,Lowest,No
33595,48,Texas,482681,0,1,1,0,3,NOT APPLICABLE,September,18,Monday,7,3,Rural,Medium Speed (Collector),No,32.76203056,-95.16271389,Non-Intersection,Daylight,Clear,Unknown,Unknown,Unknown EMS Scene Arrival Hour,Unknown EMS Scene Arrival Minutes,Unknown,Unknown EMS Hospital Arrival Time,1,Daylight,Clear,1,2,['Front_Passenger'],['None_Used'],1,1,Valid,1.0,0.0,24.0,24.0,['Male'],3,0,3,1,3,Dry,Straight,Level,Lowest,No
33596,48,Texas,482682,0,1,1,0,1,DALLAS,September,16,Saturday,2,55,Urban,High Speed (Arterial),Yes,32.86544444,-96.79346389,Non-Intersection,Dark - Not Lighted,Clear,Unknown,Unknown,Unknown EMS Scene Arrival Hour,Unknown EMS Scene Arrival Minutes,Unknown,Unknown EMS Hospital Arrival Time,1,Dark - Unlighted,Clear,1,0,['Driver'],['Shoulder_Lapbelt'],1,1,Valid,0.0,0.0,34.0,34.0,['Female'],0,0,3,1,3,Dry,Straight,Level,Lowest,No
33597,48,Texas,482683,0,2,2,0,2,NOT APPLICABLE,September,16,Saturday,21,4,Rural,Medium Speed (Collector),No,32.099775,-99.08004167,Non-Intersection,Dark - Not Lighted,Clear,Unknown,Unknown if Notified,Unknown EMS Scene Arrival Hour,Unknown if Arrived,Not Applicable (Not Transported),Not Applicable (Not Transported),1,Dark - Unlighted,Clear,1,1,['Driver'],['None_Used'],1,1,Invalid,0.0,1.0,69.0,38.0,"['Male', 'Female']",0,0,5,1,5,Dry,Straight,Grade/Hillcrest,Lowest,No
33598,48,Texas,482684,0,2,2,0,2,NOT APPLICABLE,September,1,Friday,5,55,Rural,Medium Speed (Collector),No,30.85053333,-95.50811667,Non-Intersection,Dark - Not Lighted,Clear,Unknown,Unknown,Unknown EMS Scene Arrival Hour,Unknown EMS Scene Arrival Minutes,Unknown,Unknown EMS Hospital Arrival Time,1,Dark - Unlighted,Clear,1,1,['Driver'],['Shoulder_Lapbelt'],0,0,Valid,0.0,1.0,53.0,52.0,"['Male', 'Female']",1,0,3,1,5,Dry,Straight,Level,Lowest,Yes
33599,48,Texas,482685,0,2,2,0,2,LA PORTE,September,18,Monday,6,42,Urban,Medium Speed (Collector),No,29.67404167,-95.02998333,Non-Intersection,Dawn,Clear,Unknown,Unknown,Unknown EMS Scene Arrival Hour,Unknown EMS Scene Arrival Minutes,Unknown,Unknown EMS Hospital Arrival Time,1,Twilight,Clear,1,1,['Driver'],['Shoulder_Lapbelt'],0,0,Valid,1.0,0.0,51.0,23.0,"['Male', 'Female']",0,0,4,1,5,Dry,Straight,Level,Lowest,No
33600,48,Texas,482686,0,4,4,0,8,LORENA,September,6,Wednesday,18,55,Urban,Medium Speed (Collector),No,31.40408056,-97.22676944,Complex/Circle,Daylight,Clear,Unknown,Unknown,Unknown EMS Scene Arrival Hour,Unknown EMS Scene Arrival Minutes,Unknown,Unknown EMS Hospital Arrival Time,1,Daylight,Clear,1,7,['Driver'],['Shoulder_Lapbelt'],1,1,Valid,0.0,0.0,79.0,42.0,"['Female', 'Female', 'Male', 'Male']",0,0,3,1,5,Dry,Straight,Level,Lowest,No
33601,48,Texas,482687,0,1,1,0,1,CONROE,September,17,Sunday,0,27,Urban,High Speed (Arterial),Yes,30.31572222,-95.4715,Non-Intersection,Dark - Lighted,Clear,Unknown,Unknown,Unknown EMS Scene Arrival Hour,Unknown EMS Scene Arrival Minutes,Unknown,Unknown EMS Hospital Arrival Time,1,Dark - Lighted,Clear,1,0,['Driver'],['None_Used'],0,0,Valid,0.0,2.0,30.0,30.0,['Male'],0,0,5,1,3,Dry,Straight,Level,Lowest,No
33602,48,Texas,482688,0,1,1,0,1,NOT APPLICABLE,September,17,Sunday,4,30,Rural,Medium Speed (Collector),No,31.9734,-98.56295556,Non-Intersection,Dark - Not Lighted,Clear,Unknown,Unknown if Notified,Unknown EMS Scene Arrival Hour,Unknown if Arrived,Not Applicable (Not Transported),Not Applicable (Not Transported),1,Dark - Unlighted,Clear,1,0,['Driver'],['None_Used'],1,1,Valid,0.0,0.0,19.0,19.0,['Male'],0,0,3,1,3,Dry,Straight,Grade/Hillcrest,Lowest,No
33603,48,Texas,482689,0,1,1,0,1,FORT WORTH,September,21,Thursday,5,3,Urban,Medium Speed (Collector),No,32.84370278,-97.31356111,Non-Intersection,Dark - Not Lighted,Clear,Unknown,Unknown if Notified,Unknown EMS Scene Arrival Hour,Unknown if Arrived,Not Applicable (Not Transported),Not Applicable (Not Transported),1,Dark - Unlighted,Clear,1,0,['Driver'],['None_Used'],1,1,Valid,0.0,1.0,61.0,61.0,['Male'],1,0,3,1,3,Dry,Curve,Level,Lowest,No
33604,48,Texas,482690,1,2,1,1,1,ATLANTA,August,28,Monday,12,31,Urban,High Speed (Arterial),Yes,33.10688889,-94.196025,Non-Intersection,Daylight,Clear,Unknown,Unknown,Unknown EMS Scene Arrival Hour,Unknown EMS Scene Arrival Minutes,Unknown,Unknown EMS Hospital Arrival Time,1,Daylight,Clear,1,0,['Driver'],['Shoulder_Lapbelt'],0,0,Valid,3.0,1.0,64.0,64.0,['Male'],1,0,4,4,1,Dry,Straight,Level,Lowest,Yes
33605,48,Texas,482691,0,1,1,0,2,NOT APPLICABLE,September,2,Saturday,20,50,Rural,Medium Speed (Collector),No,30.01346944,-95.09256111,Non-Intersection,Dark - Not Lighted,Clear,Unknown,Unknown,Unknown EMS Scene Arrival Hour,Unknown EMS Scene Arrival Minutes,Not Applicable (Not Transported),Not Applicable (Not Transported),1,Dark - Unlighted,Clear,1,1,['Front_Passenger'],['None_Used'],1,1,Invalid,0.0,0.0,34.0,34.0,['Male'],2,0,3,1,3,Dry,Straight,Level,Lowest,Yes
33606,48,Texas,482692,0,1,1,0,1,DALLAS,September,4,Monday,1,11,Urban,High Speed (Arterial),Yes,32.92407778,-96.84140833,Non-Intersection,Dark - Lighted,Clear,Unknown,Unknown,Unknown EMS Scene Arrival Hour,Unknown EMS Scene Arrival Minutes,Not Applicable (Not Transported),Not Applicable (Not Transported),1,Dark - Lighted,Clear,1,0,['Driver'],['None_Used'],1,1,Valid,0.0,1.0,34.0,34.0,['Male'],0,0,3,1,3,Dry,Straight,Level,Lowest,No
33607,48,Texas,482693,1,1,1,0,1,WEBSTER,June,16,Friday,22,30,Urban,Medium Speed (Collector),No,29.54430833,-95.10456111,Non-Intersection,Dark - Lighted,Clear,Unknown,Unknown,Unknown EMS Scene Arrival Hour,Unknown EMS Scene Arrival Minutes,Unknown,Unknown EMS Hospital Arrival Time,1,Dark - Lighted,Clear,0,1,[],[],0,0,Valid,0.0,0.0,58.0,58.0,['Female'],0,0,3,2,4,Dry,Straight,Level,Lowest,No
33608,48,Texas,482694,1,1,1,0,1,NOT APPLICABLE,July,13,Thursday,22,45,Urban,Medium Speed (Collector),No,29.91925556,-95.30193611,Non-Intersection,Dark - Not Lighted,Clear,Unknown,Unknown,Unknown EMS Scene Arrival Hour,Unknown EMS Scene Arrival Minutes,Unknown,Unknown EMS Hospital Arrival Time,1,Dark - Unlighted,Clear,0,0,[],[],0,0,Invalid,0.0,0.0,999.0,999.0,['Other'],0,0,3,1,4,Dry,Straight,Level,Lowest,No
33609,48,Texas,482695,0,2,2,0,3,NOT APPLICABLE,September,16,Saturday,15,53,Urban,High Speed (Arterial),Yes,32.70918611,-95.51822778,Simple Junction,Daylight,Clear,Unknown,Unknown,Unknown EMS Scene Arrival Hour,Unknown EMS Scene Arrival Minutes,Unknown,Unknown EMS Hospital Arrival Time,1,Daylight,Clear,1,2,['Driver'],['Shoulder_Lapbelt'],0,0,Valid,1.0,1.0,41.0,25.0,"['Male', 'Male']",1,0,3,1,5,Dry,Straight,Grade/Hillcrest,Lowest,No
33610,48,Texas,482696,0,1,1,0,1,HOUSTON,September,11,Monday,18,0,Urban,Low Speed (Local),No,29.69967778,-95.30559167,Non-Intersection,Daylight,Clear,Unknown,Unknown,Unknown EMS Scene Arrival Hour,Unknown EMS Scene Arrival Minutes,Unknown,Unknown EMS Hospital Arrival Time,1,Daylight,Clear,1,0,['Driver'],['Shoulder_Lapbelt'],0,0,Invalid,0.0,1.0,34.0,34.0,['Male'],0,0,3,2,2,Dry,Straight,Level,Lowest,No
33611,48,Texas,482697,0,2,2,0,2,NOT APPLICABLE,September,20,Wednesday,17,40,Urban,High Speed (Arterial),Yes,29.90493889,-95.46991667,Complex/Circle,Daylight,Clear,Unknown,Unknown,Unknown EMS Scene Arrival Hour,Unknown EMS Scene Arrival Minutes,Not Applicable (Not Transported),Not Applicable (Not Transported),1,Daylight,Clear,1,1,['Driver'],['None_Used'],0,0,Invalid,1.0,0.0,43.0,38.0,"['Male', 'Female']",0,0,3,1,5,Dry,Straight,Level,Lowest,No
33612,48,Texas,482698,0,1,1,0,1,LADONIA,September,21,Thursday,10,30,Rural,Medium Speed (Collector),No,33.41836389,-95.97440833,Non-Intersection,Daylight,Cloudy,Unknown,Unknown if Notified,Unknown EMS Scene Arrival Hour,Unknown if Arrived,Not Applicable (Not Transported),Not Applicable (Not Transported),1,Daylight,Reduced Visibility,1,0,['Driver'],['None_Used'],0,0,Valid,0.0,0.0,39.0,39.0,['Male'],0,0,2,1,3,Dry,Curve,Level,Medium,No
33613,48,Texas,482700,0,1,1,0,1,NOT APPLICABLE,September,17,Sunday,22,26,Rural,Medium Speed (Collector),No,30.07653333,-94.23449722,Non-Intersection,Dark - Not Lighted,Clear,Unknown,Unknown if Notified,Unknown EMS Scene Arrival Hour,Unknown if Arrived,Not Applicable (Not Transported),Not Applicable (Not Transported),1,Dark - Unlighted,Clear,1,0,['Driver'],['None_Used'],1,1,Valid,1.0,0.0,31.0,31.0,['Male'],1,0,3,1,3,Dry,Curve,Level,Lowest,No
33614,48,Texas,482701,0,2,2,0,2,Other,September,11,Monday,15,49,Urban,High Speed (Arterial),Yes,30.08881667,-97.69342222,Simple Junction,Daylight,Clear,Unknown,Unknown if Notified,Unknown EMS Scene Arrival Hour,Unknown if Arrived,Not Applicable (Not Transported),Not Applicable (Not Transported),1,Daylight,Clear,1,1,['Driver'],['Shoulder_Lapbelt'],1,1,Invalid,0.0,0.0,44.0,26.0,"['Male', 'Male']",1,0,4,4,5,Dry,Straight,Level,Lowest,No
33615,48,Texas,482702,0,2,2,0,4,NOT APPLICABLE,August,28,Monday,9,46,Urban,High Speed (Arterial),Yes,31.79585556,-102.30296389,Complex/Circle,Daylight,Cloudy,Unknown,Unknown,Unknown EMS Scene Arrival Hour,Unknown EMS Scene Arrival Minutes,Unknown,Unknown EMS Hospital Arrival Time,1,Daylight,Reduced Visibility,1,3,['Front_Passenger'],['Shoulder_Lapbelt'],0,0,Valid,0.0,0.0,58.0,22.0,"['Female', 'Male']",0,0,3,1,5,Dry,Curve,Level,Lowest,No
33616,48,Texas,482703,1,1,1,0,1,NOT APPLICABLE,September,21,Thursday,9,7,Rural,High Speed (Arterial),Yes,33.66995,-101.12380556,Non-Intersection,Daylight,Clear,Unknown,Unknown if Notified,Unknown EMS Scene Arrival Hour,Unknown if Arrived,Not Applicable (Not Transported),Not Applicable (Not Transported),1,Daylight,Clear,0,1,[],[],0,0,Valid,0.0,0.0,91.0,91.0,['Male'],0,0,3,1,4,Dry,Straight,Level,Lowest,No
33617,48,Texas,482704,0,3,3,0,3,NOT APPLICABLE,September,8,Friday,23,0,Urban,Medium Speed (Collector),No,31.840475,-102.43794444,Non-Intersection,Dark - Not Lighted,Clear,Unknown,Unknown,Unknown EMS Scene Arrival Hour,Unknown EMS Scene Arrival Minutes,Unknown,Unknown EMS Hospital Arrival Time,1,Dark - Unlighted,Clear,1,2,['Driver'],['None_Used'],1,1,Valid,0.0,0.0,61.0,17.0,"['Male', 'Male', 'Male']",0,0,5,1,5,Dry,Straight,Level,Lowest,No