,State_Code,State_Name,Crash_ID,Count_Non_Motorists,Count_Vehicles_Total,Count_Vehicle_Forms,Count_PVH_Involved,Count_Occupants_MV,City_Name,Month_Name,Day_of_Month,Day_of_Week,Crash_Hour,Crash_Minute,Area_Rural_Urban,Road_Functional_Class,On_NHS_Road,Latitude,Longitude,Intersection_Type,Light_Condition,Weather_Condition,Notif_Hour,Notif_Minute,Arrival_Hour,Arrival_Minute,Hospital_Hour,Hospital_Minute,Fatalities_Count,Clean_Light_Condition,Clean_Weather_Condition,Total_Killed,Total_Alive,Fatal_Seats_List,Killed_Restraint_List,Any_Driver_Drinking,Total_Drinking_Drivers,Driver_License_Category,Driver_Max_Prev_Accident_Count,Driver_Max_Prev_Speeding_Count,Max_Driver_Age,Min_Driver_Age,Driver_Sex_List,Total_Exceeding_Limit_Vehicles,Total_Too_Fast_Vehicles,Max_Vehicle_Type_Severity_5,Max_Vehicle_Damage_Rank,Max_Harmful_Event_Severity,Crash_Road_Surface_Condition,Crash_Horizontal_Alignment,Crash_Vertical_Profile,Crash_Impairment_Category,Crash_Vehicle_Defect
33618,48,Texas,482705,0,1,1,0,1,NOT APPLICABLE,September,14,Thursday,21,14,Rural,High Speed (Arterial),Yes,29.82536944,-94.31196944,Non-Intersection,Dark - Not Lighted,Cloudy,Unknown,Unknown if Notified,Unknown EMS Scene Arrival Hour,Unknown if Arrived,Not Applicable (Not Transported),Not Applicable (Not Transported),1,Dark - Unlighted,Reduced Visibility,1,0,['Driver'],['None_Used'],0,0,Invalid,0.0,0.0,29.0,29.0,['Male'],0,0,3,1,3,Wet/Standing Water,Straight,Level,Lowest,No
33619,48,Texas,482706,0,2,2,0,3,SAN ANTONIO,September,21,Thursday,12,49,Urban,Medium Speed (Collector),No,29.57530833,-98.59846944,Non-Intersection,Daylight,Clear,Unknown,Unknown,Unknown EMS Scene Arrival Hour,Unknown EMS Scene Arrival Minutes,Not Applicable (Not Transported),Not Applicable (Not Transported),1,Daylight,Clear,1,2,['Driver'],['None_Used'],0,0,Valid,1.0,0.0,55.0,24.0,"['Male', 'Male']",1,0,5,4,5,Dry,Straight,Non-Trafficway,Lowest,No
33620,48,Texas,482707,0,2,2,0,2,CORPUS CHRISTI,September,20,Wednesday,22,18,Urban,Medium Speed (Collector),No,27.85859444,-97.66225,Non-Intersection,Dark - Lighted,Clear,Unknown,Unknown,Unknown EMS Scene Arrival Hour,Unknown EMS Scene Arrival Minutes,Unknown,Unknown EMS Hospital Arrival Time,1,Dark - Lighted,Clear,1,1,['Driver'],['None_Used'],0,0,Valid,0.0,0.0,50.0,41.0,"['Male', 'Male']",1,0,5,1,5,Dry,Straight,Level,Lowest,No
33621,48,Texas,482708,0,2,2,0,4,GARLAND,September,14,Thursday,1,43,Urban,High Speed (Arterial),No,32.87528056,-96.66286667,Simple Junction,Dark - Lighted,Cloudy,Unknown,Unknown,Unknown EMS Scene Arrival Hour,Unknown EMS Scene Arrival Minutes,Unknown,Unknown EMS Hospital Arrival Time,1,Dark - Lighted,Reduced Visibility,1,3,['Rear_Seat'],['Shoulder_Lapbelt'],0,0,Invalid,0.0,0.0,32.0,18.0,"['Female', 'Female']",0,0,4,2,5,Wet/Standing Water,Straight,Level,Lowest,No
33622,48,Texas,482709,0,2,2,0,6,NOT APPLICABLE,September,13,Wednesday,6,36,Rural,High Speed (Arterial),Yes,29.12740556,-95.6389,Non-Intersection,Dark - Not Lighted,Cloudy,Unknown,Unknown if Notified,Unknown EMS Scene Arrival Hour,Unknown if Arrived,Not Applicable (Not Transported),Not Applicable (Not Transported),1,Dark - Unlighted,Reduced Visibility,1,5,['Driver'],['None_Used'],0,0,Valid,0.0,3.0,76.0,34.0,"['Female', 'Male']",0,0,4,1,5,Dry,Straight,Grade/Hillcrest,Lowest,No
33623,48,Texas,482710,1,1,1,0,1,IRVING,September,20,Wednesday,19,5,Urban,Medium Speed (Collector),No,32.83069444,-96.91866944,Non-Intersection,Daylight,Clear,Unknown,Unknown,Unknown EMS Scene Arrival Hour,Unknown EMS Scene Arrival Minutes,Unknown,Unknown EMS Hospital Arrival Time,1,Daylight,Clear,0,1,[],[],0,0,Valid,0.0,0.0,43.0,43.0,['Female'],0,0,3,2,4,Dry,Straight,Level,Lowest,No
33624,48,Texas,482711,1,1,1,0,1,HUMBLE,September,21,Thursday,1,56,Urban,High Speed (Arterial),No,30.00495556,-95.27176667,Non-Intersection,Dark - Not Lighted,Clear,Unknown,Unknown,Unknown EMS Scene Arrival Hour,Unknown EMS Scene Arrival Minutes,Not Applicable (Not Transported),Not Applicable (Not Transported),1,Dark - Unlighted,Clear,0,1,[],[],0,0,Valid,0.0,0.0,20.0,20.0,['Male'],0,0,3,2,4,Dry,Straight,Level,Lowest,No
33625,48,Texas,482712,1,1,1,0,3,DONNA,February,24,Friday,12,20,Urban,High Speed (Arterial),Yes,26.17109444,-98.05756944,Non-Intersection,Daylight,Clear,Unknown,Unknown,Unknown EMS Scene Arrival Hour,Unknown EMS Scene Arrival Minutes,Unknown,Unknown EMS Hospital Arrival Time,1,Daylight,Clear,0,3,[],[],0,0,Valid,0.0,0.0,37.0,37.0,['Male'],0,0,3,1,4,Dry,Straight,Non-Trafficway,Lowest,No
33626,48,Texas,482713,1,1,1,0,2,NOT APPLICABLE,September,1,Friday,23,36,Urban,High Speed (Arterial),No,29.97459444,-95.52261389,Simple Junction,Dark - Not Lighted,Clear,Unknown,Unknown if Notified,Unknown EMS Scene Arrival Hour,Unknown if Arrived,Not Applicable (Not Transported),Not Applicable (Not Transported),1,Dark - Unlighted,Clear,0,2,[],[],0,0,Valid,0.0,0.0,22.0,22.0,['Male'],2,0,2,2,4,Dry,Straight,Level,Lowest,No
33627,48,Texas,482714,0,1,1,0,1,EL PASO,September,17,Sunday,23,49,Urban,High Speed (Arterial),Yes,31.85257778,-106.57460278,Non-Intersection,Dark - Not Lighted,Rain,Unknown,Unknown,Unknown EMS Scene Arrival Hour,Unknown EMS Scene Arrival Minutes,Not Applicable (Not Transported),Not Applicable (Not Transported),1,Dark - Unlighted,Rain/Wind/Minor,1,0,['Driver'],['None_Used'],0,0,Valid,0.0,0.0,24.0,24.0,['Male'],1,0,2,1,3,Wet/Standing Water,Straight,Level,Lowest,No
33628,48,Texas,482715,1,1,1,0,1,HOUSTON,September,22,Friday,3,11,Urban,High Speed (Arterial),Yes,29.79458056,-95.37173889,Non-Intersection,Dark - Lighted,Clear,Unknown,Unknown if Notified,Unknown EMS Scene Arrival Hour,Unknown if Arrived,Not Applicable (Not Transported),Not Applicable (Not Transported),1,Dark - Lighted,Clear,0,1,[],[],0,0,Valid,1.0,0.0,41.0,41.0,['Male'],0,0,2,1,4,Dry,Straight,Grade/Hillcrest,Lowest,No
33629,48,Texas,482716,0,1,1,0,1,NOT APPLICABLE,March,15,Wednesday,5,30,Rural,High Speed (Arterial),Yes,32.40919167,-100.75191667,Non-Intersection,Dark - Not Lighted,Clear,Unknown,Unknown,Unknown EMS Scene Arrival Hour,Unknown EMS Scene Arrival Minutes,Unknown,Unknown EMS Hospital Arrival Time,1,Dark - Unlighted,Clear,1,0,['Driver'],['None_Used'],0,0,Invalid,0.0,0.0,60.0,60.0,['Male'],0,0,3,2,3,Dry,Straight,Level,Lowest,No
33630,48,Texas,482717,0,2,2,0,4,EL PASO,August,10,Thursday,20,32,Urban,High Speed (Arterial),Yes,31.93008056,-106.44161667,Complex/Circle,Dark - Unknown Lighting,Clear,Unknown,Unknown,Unknown EMS Scene Arrival Hour,Unknown EMS Scene Arrival Minutes,Unknown,Unknown EMS Hospital Arrival Time,1,Dark - Unlighted,Clear,1,3,['Rear_Seat'],['Shoulder_Lapbelt'],0,0,Valid,0.0,0.0,54.0,18.0,"['Male', 'Female']",0,0,3,1,5,Dry,Straight,Level,Lowest,No
33631,48,Texas,482718,1,1,1,0,1,DALLAS,August,25,Friday,20,13,Urban,Medium Speed (Collector),No,32.85763889,-96.74856389,Non-Intersection,Dark - Lighted,Clear,Unknown,Unknown,Unknown EMS Scene Arrival Hour,Unknown EMS Scene Arrival Minutes,Not Applicable (Not Transported),Not Applicable (Not Transported),1,Dark - Lighted,Clear,0,1,[],[],1,1,Valid,0.0,0.0,26.0,26.0,['Female'],1,0,2,2,4,Dry,Straight,Level,Lowest,No
33632,48,Texas,482719,0,2,2,0,2,NOT APPLICABLE,September,14,Thursday,6,42,Rural,Medium Speed (Collector),No,35.15269167,-100.25513611,Non-Intersection,Dark - Not Lighted,Rain,Unknown,Unknown if Notified,Unknown EMS Scene Arrival Hour,Unknown if Arrived,Not Applicable (Not Transported),Not Applicable (Not Transported),1,Dark - Unlighted,Rain/Wind/Minor,1,1,['Driver'],['Shoulder_Lapbelt'],0,0,Invalid,0.0,0.0,86.0,60.0,"['Male', 'Male']",0,0,4,1,5,Wet/Standing Water,Straight,Level,Lowest,No
33633,48,Texas,482720,1,1,1,0,4,SNYDER,September,10,Sunday,21,30,Urban,Medium Speed (Collector),No,32.70441389,-100.89429722,Simple Junction,Dark - Not Lighted,Clear,Unknown,Unknown,Unknown EMS Scene Arrival Hour,Unknown EMS Scene Arrival Minutes,Unknown,Unknown EMS Hospital Arrival Time,1,Dark - Unlighted,Clear,0,4,[],[],0,0,Valid,0.0,0.0,33.0,33.0,['Female'],0,0,3,2,4,Dry,Straight,Grade/Hillcrest,Lowest,No
33634,48,Texas,482721,0,2,2,0,1,IRVING,September,17,Sunday,4,31,Urban,High Speed (Arterial),Yes,32.79959722,-96.92177778,Non-Intersection,Dark - Lighted,Clear,Unknown,Unknown if Notified,Unknown EMS Scene Arrival Hour,Unknown if Arrived,Not Applicable (Not Transported),Not Applicable (Not Transported),1,Dark - Lighted,Clear,1,0,['Driver'],['Shoulder_Lapbelt'],1,1,Invalid,0.0,0.0,34.0,34.0,['Female'],1,0,3,1,5,Dry,Straight,Level,Lowest,No
33635,48,Texas,482722,0,1,1,0,2,NOT APPLICABLE,September,6,Wednesday,17,17,Rural,High Speed (Arterial),Yes,32.53109444,-96.274675,Non-Intersection,Daylight,Clear,Unknown,Unknown if Notified,Unknown EMS Scene Arrival Hour,Unknown if Arrived,Not Applicable (Not Transported),Not Applicable (Not Transported),2,Daylight,Clear,2,0,"['Driver', 'Front_Passenger']","['None_Used', 'None_Used']",0,0,Invalid,0.0,0.0,54.0,54.0,['Male'],0,0,3,1,2,Dry,Straight,Level,Medium,No
33636,48,Texas,482723,0,3,3,0,3,DALLAS,September,21,Thursday,6,3,Urban,High Speed (Arterial),Yes,32.68344722,-96.65395278,Non-Intersection,Dark - Not Lighted,Clear,Unknown,Unknown,Unknown EMS Scene Arrival Hour,Unknown EMS Scene Arrival Minutes,Unknown,Unknown EMS Hospital Arrival Time,1,Dark - Unlighted,Clear,1,1,['Driver'],['None_Used'],0,0,Valid,0.0,0.0,999.0,51.0,"['Male', 'Male', 'Other']",0,0,5,1,5,Dry,Straight,Grade/Hillcrest,Lowest,No
33637,48,Texas,482724,0,1,1,0,1,DALLAS,September,8,Friday,23,8,Urban,High Speed (Arterial),Yes,32.77231667,-96.812,Non-Intersection,Dark - Lighted,Rain,Unknown,Unknown if Notified,Unknown EMS Scene Arrival Hour,Unknown if Arrived,Not Applicable (Not Transported),Not Applicable (Not Transported),1,Dark - Lighted,Rain/Wind/Minor,1,0,['Driver'],['None_Used'],1,1,Valid,0.0,0.0,39.0,39.0,['Male'],1,0,5,1,3,Wet/Standing Water,Curve,Level,Lowest,No
33638,48,Texas,482725,1,1,1,0,1,SUGAR LAND,September,22,Friday,8,13,Urban,Medium Speed (Collector),No,29.59091389,-95.66814167,Complex/Circle,Daylight,Cloudy,Unknown,Unknown,Unknown EMS Scene Arrival Hour,Unknown EMS Scene Arrival Minutes,Unknown,Unknown EMS Hospital Arrival Time,1,Daylight,Reduced Visibility,0,1,[],[],0,0,Valid,1.0,0.0,50.0,50.0,['Male'],0,0,2,1,4,Dry,Straight,Level,Lowest,No
33639,48,Texas,482726,0,2,2,0,2,DALLAS,September,1,Friday,20,55,Urban,Medium Speed (Collector),No,32.87252222,-96.86461389,Complex/Circle,Dark - Lighted,Clear,Unknown,Unknown,Unknown EMS Scene Arrival Hour,Unknown EMS Scene Arrival Minutes,Unknown,Unknown EMS Hospital Arrival Time,1,Dark - Lighted,Clear,1,1,['Driver'],['None_Used'],0,0,Valid,0.0,0.0,56.0,17.0,"['Male', 'Male']",1,0,3,2,5,Dry,Straight,Level,Lowest,No
33640,48,Texas,482727,0,2,2,0,2,NOT APPLICABLE,August,28,Monday,16,32,Rural,High Speed (Arterial),Yes,30.70704167,-97.877325,Simple Junction,Daylight,Clear,Unknown,Unknown,Unknown EMS Scene Arrival Hour,Unknown EMS Scene Arrival Minutes,Unknown,Unknown EMS Hospital Arrival Time,1,Daylight,Clear,1,1,['Driver'],['Shoulder_Lapbelt'],0,0,Valid,1.0,2.0,80.0,23.0,"['Female', 'Female']",0,0,3,1,5,Dry,Straight,Level,Lowest,No
33641,48,Texas,482728,1,1,1,0,1,LA VERNIA,September,14,Thursday,20,16,Rural,High Speed (Arterial),Yes,29.35716389,-98.12839167,Complex/Circle,Dark - Unknown Lighting,Rain,Unknown,Unknown if Notified,Unknown EMS Scene Arrival Hour,Unknown if Arrived,Not Applicable (Not Transported),Not Applicable (Not Transported),1,Dark - Unlighted,Rain/Wind/Minor,0,1,[],[],0,0,Valid,0.0,0.0,38.0,38.0,['Female'],0,0,3,1,4,Wet/Standing Water,Straight,Level,Lowest,No
33642,48,Texas,482729,0,2,2,0,2,NOT APPLICABLE,September,9,Saturday,5,51,Rural,Medium Speed (Collector),No,29.75779722,-95.92070833,Complex/Circle,Dark - Not Lighted,Clear,Unknown,Unknown,Unknown EMS Scene Arrival Hour,Unknown EMS Scene Arrival Minutes,Unknown,Unknown EMS Hospital Arrival Time,1,Dark - Unlighted,Clear,1,1,['Driver'],['None_Used'],0,0,Valid,0.0,0.0,40.0,18.0,"['Male', 'Male']",1,0,5,1,5,Dry,Straight,Level,Lowest,No
33643,48,Texas,482730,0,2,2,0,2,NOT APPLICABLE,September,9,Saturday,14,0,Urban,High Speed (Arterial),No,30.004925,-95.28963889,Non-Intersection,Daylight,Clear,Unknown,Unknown,Unknown EMS Scene Arrival Hour,Unknown EMS Scene Arrival Minutes,Unknown,Unknown EMS Hospital Arrival Time,2,Daylight,Clear,2,0,"['Driver', 'Driver']","['None_Used', 'Shoulder_Lapbelt']",0,0,Valid,0.0,1.0,41.0,21.0,"['Male', 'Female']",1,0,2,1,5,Dry,Straight,Level,Lowest,No
33644,48,Texas,482731,0,2,2,0,2,NOT APPLICABLE,September,13,Wednesday,7,27,Rural,Medium Speed (Collector),No,29.54026667,-95.98935,Simple Junction,Daylight,Clear,Unknown,Unknown,Unknown EMS Scene Arrival Hour,Unknown EMS Scene Arrival Minutes,Unknown,Unknown EMS Hospital Arrival Time,1,Daylight,Clear,1,1,['Driver'],['Shoulder_Lapbelt'],0,0,Valid,0.0,0.0,63.0,38.0,"['Male', 'Male']",0,0,4,1,5,Dry,Straight,Level,Lowest,No
33645,48,Texas,482732,0,2,2,0,3,COLLEGE STATION,September,23,Saturday,18,44,Urban,High Speed (Arterial),Yes,30.62294444,-96.29751944,Non-Intersection,Daylight,Clear,Unknown,Unknown,Unknown EMS Scene Arrival Hour,Unknown EMS Scene Arrival Minutes,Unknown,Unknown EMS Hospital Arrival Time,1,Daylight,Clear,1,2,['Driver'],['None_Used'],0,0,Valid,0.0,0.0,77.0,58.0,"['Male', 'Male']",1,0,5,1,5,Dry,Straight,Level,Lowest,No
33646,48,Texas,482733,1,1,1,0,2,HOUSTON,September,18,Monday,5,40,Urban,High Speed (Arterial),No,29.73645556,-95.58842222,Complex/Circle,Dark - Lighted,Cloudy,Unknown,Unknown if Notified,Unknown EMS Scene Arrival Hour,Unknown if Arrived,Not Applicable (Not Transported),Not Applicable (Not Transported),1,Dark - Lighted,Reduced Visibility,0,2,[],[],0,0,Invalid,0.0,0.0,35.0,35.0,['Male'],0,0,3,1,4,Dry,Straight,Level,Lowest,No
33647,48,Texas,482734,1,1,1,0,1,DOUGLASSVILLE,September,10,Sunday,19,53,Rural,Medium Speed (Collector),No,33.19074722,-94.36184167,Non-Intersection,Dark - Not Lighted,Clear,Unknown,Unknown if Notified,Unknown EMS Scene Arrival Hour,Unknown if Arrived,Not Applicable (Not Transported),Not Applicable (Not Transported),1,Dark - Unlighted,Clear,0,1,[],[],0,0,Valid,0.0,0.0,60.0,60.0,['Male'],0,0,3,2,4,Dry,Straight,Level,Lowest,No
33648,48,Texas,482735,0,1,1,0,1,SWEETWATER,September,17,Sunday,8,38,Urban,High Speed (Arterial),Yes,32.48386944,-100.37310833,Non-Intersection,Daylight,Clear,Unknown,Unknown,Unknown EMS Scene Arrival Hour,Unknown EMS Scene Arrival Minutes,Unknown,Unknown EMS Hospital Arrival Time,1,Daylight,Clear,1,0,['Driver'],['Shoulder_Lapbelt'],0,0,Valid,0.0,0.0,23.0,23.0,['Male'],0,0,3,0,2,Dry,Straight,Level,Medium,No
33649,48,Texas,482736,0,1,1,0,1,AUSTIN,September,24,Sunday,16,45,Urban,Medium Speed (Collector),No,30.17904167,-97.74695,Non-Intersection,Daylight,Clear,Unknown,Unknown if Notified,Unknown EMS Scene Arrival Hour,Unknown if Arrived,Not Applicable (Not Transported),Not Applicable (Not Transported),1,Daylight,Clear,1,0,['Driver'],['None_Used'],0,0,Valid,0.0,0.0,46.0,46.0,['Male'],1,0,5,1,2,Dry,Curve,Level,Lowest,No
33650,48,Texas,482737,0,2,2,0,2,NOT APPLICABLE,September,13,Wednesday,15,57,Rural,Medium Speed (Collector),No,31.97168611,-103.74446111,Simple Junction,Daylight,Clear,Unknown,Unknown if Notified,Unknown EMS Scene Arrival Hour,Unknown if Arrived,Unknown,Unknown if Transported,1,Daylight,Clear,1,1,['Driver'],['Shoulder_Lapbelt'],0,0,Valid,0.0,0.0,43.0,31.0,"['Male', 'Male']",0,0,4,1,5,Dry,Straight,Level,Lowest,No
33651,48,Texas,482738,0,2,2,0,4,NOT APPLICABLE,September,5,Tuesday,16,40,Rural,High Speed (Arterial),Yes,34.10341944,-99.08259167,Non-Intersection,Daylight,Clear,Unknown,Unknown if Notified,Unknown EMS Scene Arrival Hour,Unknown if Arrived,Not Applicable (Not Transported),Not Applicable (Not Transported),1,Daylight,Clear,1,3,['Driver'],['Shoulder_Lapbelt'],0,0,Valid,0.0,0.0,59.0,34.0,"['Male', 'Male']",1,0,3,1,5,Dry,Straight,Level,Lowest,No
33652,48,Texas,482739,0,1,1,0,2,LEAGUE CITY,September,24,Sunday,22,0,Urban,Medium Speed (Collector),No,29.49610556,-95.15893056,Non-Intersection,Dark - Not Lighted,Clear,Unknown,Unknown if Notified,Unknown EMS Scene Arrival Hour,Unknown if Arrived,Not Applicable (Not Transported),Not Applicable (Not Transported),2,Dark - Unlighted,Clear,2,0,"['Driver', 'Front_Passenger']","['None_Used', 'None_Used']",1,1,Valid,0.0,0.0,27.0,27.0,['Female'],2,0,3,1,3,Dry,Curve,Grade/Hillcrest,Lowest,No
33653,48,Texas,482740,0,1,1,0,1,NOT APPLICABLE,September,22,Friday,18,58,Rural,High Speed (Arterial),Yes,32.490825,-94.36650556,Non-Intersection,Daylight,Clear,Unknown,Unknown if Notified,Unknown EMS Scene Arrival Hour,Unknown if Arrived,Not Applicable (Not Transported),Not Applicable (Not Transported),1,Daylight,Clear,1,0,['Driver'],['None_Used'],1,1,Valid,0.0,0.0,47.0,47.0,['Male'],0,0,3,1,2,Dry,Straight,Level,Lowest,No
33654,48,Texas,482741,0,2,2,0,2,IRVING,June,28,Wednesday,4,22,Urban,High Speed (Arterial),Yes,32.83687222,-97.00638056,Non-Intersection,Dark - Lighted,Clear,Unknown,Unknown,Unknown EMS Scene Arrival Hour,Unknown EMS Scene Arrival Minutes,Unknown,Unknown EMS Hospital Arrival Time,1,Dark - Lighted,Clear,1,1,['Driver'],['None_Used'],0,0,Valid,1.0,1.0,55.0,33.0,"['Male', 'Male']",0,0,5,1,5,Dry,Straight,Grade/Hillcrest,Medium,No
33655,48,Texas,482742,0,2,2,0,2,EL PASO,August,18,Friday,1,22,Urban,High Speed (Arterial),Yes,31.93140833,-106.42395278,Complex/Circle,Dark - Lighted,Clear,Unknown,Unknown,Unknown EMS Scene Arrival Hour,Unknown EMS Scene Arrival Minutes,Unknown,Unknown EMS Hospital Arrival Time,1,Dark - Lighted,Clear,1,1,['Driver'],['Shoulder_Lapbelt'],0,0,Valid,0.0,0.0,40.0,40.0,"['Male', 'Male']",0,0,4,1,5,Dry,Straight,Level,Lowest,No
33656,48,Texas,482743,0,2,2,0,3,NOT APPLICABLE,September,8,Friday,4,20,Rural,Medium Speed (Collector),No,29.89585556,-96.01409444,Simple Junction,Dark - Not Lighted,Clear,Unknown,Unknown if Notified,Unknown EMS Scene Arrival Hour,Unknown if Arrived,Not Applicable (Not Transported),Not Applicable (Not Transported),2,Dark - Unlighted,Clear,2,1,"['Driver', 'Front_Passenger']","['Shoulder_Lapbelt', 'Shoulder_Lapbelt']",0,0,Valid,0.0,0.0,53.0,40.0,"['Male', 'Male']",0,0,4,1,5,Dry,Straight,Level,Lowest,No
33657,48,Texas,482744,0,2,2,0,4,NOT APPLICABLE,September,12,Tuesday,15,57,Urban,Low Speed (Local),No,32.3856,-95.25078889,Non-Intersection,Daylight,Cloudy,Unknown,Unknown if Notified,Unknown EMS Scene Arrival Hour,Unknown if Arrived,Not Applicable (Not Transported),Not Applicable (Not Transported),1,Daylight,Reduced Visibility,1,3,['Driver'],['None_Used'],1,1,Invalid,0.0,1.0,36.0,22.0,"['Male', 'Female']",0,0,3,1,5,Dry,Straight,Grade/Hillcrest,Lowest,No
33658,48,Texas,482745,0,2,2,0,4,NOT APPLICABLE,September,22,Friday,9,37,Rural,High Speed (Arterial),No,32.36718889,-95.09520833,Non-Intersection,Daylight,Clear,Unknown,Unknown,Unknown EMS Scene Arrival Hour,Unknown EMS Scene Arrival Minutes,Unknown,Unknown EMS Hospital Arrival Time,2,Daylight,Clear,2,2,"['Driver', 'Front_Passenger']","['Shoulder_Lapbelt', 'Shoulder_Lapbelt']",0,0,Valid,1.0,1.0,59.0,26.0,"['Female', 'Male']",0,0,2,1,5,Dry,Straight,Level,Lowest,No
33659,48,Texas,482746,1,3,3,0,3,FORT WORTH,September,26,Tuesday,4,53,Urban,High Speed (Arterial),Yes,32.74519722,-97.28926944,Non-Intersection,Dark - Not Lighted,Clear,Unknown,Unknown if Notified,Unknown EMS Scene Arrival Hour,Unknown if Arrived,Not Applicable (Not Transported),Not Applicable (Not Transported),1,Dark - Unlighted,Clear,0,1,[],[],0,0,Invalid,0.0,0.0,998.0,54.0,"['Other', 'Male', 'Other']",0,0,3,1,4,Dry,Straight,Level,Lowest,No
33660,48,Texas,482747,0,2,2,0,2,SEGUIN,September,22,Friday,21,57,Rural,High Speed (Arterial),No,29.52361944,-97.96056111,Complex/Circle,Dark - Not Lighted,Clear,Unknown,Unknown,Unknown EMS Scene Arrival Hour,Unknown EMS Scene Arrival Minutes,Unknown,Unknown EMS Hospital Arrival Time,1,Dark - Unlighted,Clear,1,1,['Driver'],['None_Used'],0,0,Valid,1.0,0.0,48.0,22.0,"['Male', 'Male']",0,0,5,1,5,Dry,Straight,Level,Lowest,No
33661,48,Texas,482748,0,3,3,0,3,NOT APPLICABLE,September,21,Thursday,20,46,Rural,High Speed (Arterial),No,29.74554444,-98.99562778,Non-Intersection,Dark - Not Lighted,Clear,Unknown,Unknown,Unknown EMS Scene Arrival Hour,Unknown EMS Scene Arrival Minutes,Unknown,Unknown EMS Hospital Arrival Time,1,Dark - Unlighted,Clear,1,2,['Driver'],['None_Used'],1,1,Valid,0.0,0.0,78.0,54.0,"['Female', 'Male', 'Male']",0,0,5,1,5,Dry,Straight,Level,Lowest,No
33662,48,Texas,482749,0,1,1,0,1,WILMER,September,13,Wednesday,12,32,Urban,High Speed (Arterial),Yes,32.58963056,-96.67831111,Non-Intersection,Daylight,Clear,Unknown,Unknown if Notified,Unknown EMS Scene Arrival Hour,Unknown if Arrived,Not Applicable (Not Transported),Not Applicable (Not Transported),1,Daylight,Clear,1,0,['Driver'],['Shoulder_Lapbelt'],0,0,Valid,0.0,0.0,70.0,70.0,['Male'],1,0,2,1,3,Dry,Straight,Level,Lowest,No
33663,48,Texas,482751,0,2,2,0,2,GALVESTON,September,20,Wednesday,22,27,Urban,High Speed (Arterial),Yes,29.30267778,-94.78169444,Complex/Circle,Dark - Lighted,Cloudy,Unknown,Unknown,Unknown EMS Scene Arrival Hour,Unknown EMS Scene Arrival Minutes,Unknown,Unknown EMS Hospital Arrival Time,1,Dark - Lighted,Reduced Visibility,1,1,['Driver'],['Shoulder_Lapbelt'],0,0,Valid,0.0,0.0,51.0,47.0,"['Female', 'Male']",0,0,2,1,5,Dry,Straight,Level,Lowest,No
33664,48,Texas,482752,0,1,1,0,5,NOT APPLICABLE,August,22,Tuesday,2,22,Urban,Low Speed (Local),No,26.19818889,-98.08393056,Non-Intersection,Dark - Not Lighted,Clear,Unknown,Unknown,Unknown EMS Scene Arrival Hour,Unknown EMS Scene Arrival Minutes,Unknown,Unknown EMS Hospital Arrival Time,1,Dark - Unlighted,Clear,1,4,['Front_Passenger'],['None_Used'],1,1,Valid,0.0,0.0,15.0,15.0,['Male'],5,0,2,1,3,Dry,Straight,Grade/Hillcrest,Lowest,No
33665,48,Texas,482753,0,2,2,0,2,SAN ANTONIO,September,11,Monday,20,45,Urban,High Speed (Arterial),Yes,29.47019167,-98.27635,Non-Intersection,Dark - Not Lighted,Clear,Unknown,Unknown,Unknown EMS Scene Arrival Hour,Unknown EMS Scene Arrival Minutes,Unknown,Unknown EMS Hospital Arrival Time,1,Dark - Unlighted,Clear,1,1,['Driver'],['Shoulder_Lapbelt'],0,0,Valid,1.0,0.0,64.0,53.0,"['Female', 'Male']",0,0,4,4,5,Dry,Straight,Level,Lowest,No
33666,48,Texas,482754,0,2,2,0,2,NOT APPLICABLE,September,9,Saturday,8,50,Rural,Medium Speed (Collector),No,28.79464444,-98.59378333,Simple Junction,Daylight,Clear,Unknown,Unknown if Notified,Unknown EMS Scene Arrival Hour,Unknown if Arrived,Not Applicable (Not Transported),Not Applicable (Not Transported),1,Daylight,Clear,1,1,['Driver'],['None_Used'],0,0,Valid,0.0,0.0,56.0,18.0,"['Male', 'Male']",1,0,5,1,5,Dry,Straight,Grade/Hillcrest,Lowest,No
33667,48,Texas,482755,0,2,2,0,4,FORT WORTH,September,24,Sunday,0,15,Urban,High Speed (Arterial),Yes,32.76753056,-97.30807778,Non-Intersection,Dark - Lighted,Clear,Unknown,Unknown,Unknown EMS Scene Arrival Hour,Unknown EMS Scene Arrival Minutes,Unknown,Unknown EMS Hospital Arrival Time,1,Dark - Lighted,Clear,1,2,['Front_Passenger'],['Shoulder_Lapbelt'],0,0,Invalid,0.0,0.0,28.0,27.0,"['Male', 'Female']",1,0,3,1,5,Dry,Straight,Level,Lowest,No