,State_Code,State_Name,Crash_ID,Count_Non_Motorists,Count_Vehicles_Total,Count_Vehicle_Forms,Count_PVH_Involved,Count_Occupants_MV,City_Name,Month_Name,Day_of_Month,Day_of_Week,Crash_Hour,Crash_Minute,Area_Rural_Urban,Road_Functional_Class,On_NHS_Road,Latitude,Longitude,Intersection_Type,Light_Condition,Weather_Condition,Notif_Hour,Notif_Minute,Arrival_Hour,Arrival_Minute,Hospital_Hour,Hospital_Minute,Fatalities_Count,Clean_Light_Condition,Clean_Weather_Condition,Total_Killed,Total_Alive,Fatal_Seats_List,Killed_Restraint_List,Any_Driver_Drinking,Total_Drinking_Drivers,Driver_License_Category,Driver_Max_Prev_Accident_Count,Driver_Max_Prev_Speeding_Count,Max_Driver_Age,Min_Driver_Age,Driver_Sex_List,Total_Exceeding_Limit_Vehicles,Total_Too_Fast_Vehicles,Max_Vehicle_Type_Severity_5,Max_Vehicle_Damage_Rank,Max_Harmful_Event_Severity,Crash_Road_Surface_Condition,Crash_Horizontal_Alignment,Crash_Vertical_Profile,Crash_Impairment_Category,Crash_Vehicle_Defect
33668,48,Texas,482756,0,2,2,0,2,NOT APPLICABLE,September,21,Thursday,6,8,Urban,High Speed (Arterial),Yes,29.93441667,-95.21381667,Non-Intersection,Dawn,Clear,Unknown,Unknown,Unknown EMS Scene Arrival Hour,Unknown EMS Scene Arrival Minutes,Unknown,Unknown EMS Hospital Arrival Time,1,Twilight,Clear,1,1,['Driver'],['None_Used'],0,0,Valid,0.0,0.0,31.0,19.0,"['Male', 'Male']",1,0,5,1,5,Dry,Straight,Level,Lowest,No
33669,48,Texas,482757,0,2,2,0,3,NOT APPLICABLE,August,29,Tuesday,18,50,Rural,High Speed (Arterial),Yes,31.9646,-101.97378611,Simple Junction,Daylight,Clear,Unknown,Unknown if Notified,Unknown EMS Scene Arrival Hour,Unknown if Arrived,Not Applicable (Not Transported),Not Applicable (Not Transported),1,Daylight,Clear,1,2,['Front_Passenger'],['Shoulder_Lapbelt'],0,0,Valid,0.0,1.0,42.0,31.0,"['Male', 'Male']",0,0,3,1,5,Dry,Straight,Non-Trafficway,Lowest,No
33670,48,Texas,482758,1,1,1,0,1,FRISCO,September,23,Saturday,23,13,Urban,Medium Speed (Collector),No,33.08731111,-96.83923056,Complex/Circle,Dark - Lighted,Clear,Unknown,Unknown,Unknown EMS Scene Arrival Hour,Unknown EMS Scene Arrival Minutes,Unknown,Unknown EMS Hospital Arrival Time,1,Dark - Lighted,Clear,0,1,[],[],0,0,Valid,0.0,0.0,37.0,37.0,['Male'],0,0,2,2,4,Dry,Straight,Level,Lowest,No
33671,48,Texas,482759,1,1,1,0,1,JOSHUA,September,11,Monday,23,58,Urban,High Speed (Arterial),Yes,32.46127778,-97.38451944,Non-Intersection,Dark - Lighted,Rain,Unknown,Unknown if Notified,Unknown EMS Scene Arrival Hour,Unknown if Arrived,Not Applicable (Not Transported),Not Applicable (Not Transported),1,Dark - Lighted,Rain/Wind/Minor,0,1,[],[],0,0,Valid,0.0,0.0,80.0,80.0,['Male'],0,0,3,1,4,Wet/Standing Water,Straight,Level,Lowest,No
33672,48,Texas,482760,1,1,1,0,1,DALLAS,September,21,Thursday,5,50,Urban,Medium Speed (Collector),No,32.71311944,-96.68380556,Non-Intersection,Dark - Not Lighted,Clear,Unknown,Unknown,Unknown EMS Scene Arrival Hour,Unknown EMS Scene Arrival Minutes,Unknown,Unknown EMS Hospital Arrival Time,1,Dark - Unlighted,Clear,0,1,[],[],0,0,Valid,1.0,0.0,40.0,40.0,['Male'],0,0,3,1,4,Dry,Straight,Level,Lowest,No
33673,48,Texas,482761,0,3,3,0,4,NOT APPLICABLE,September,15,Friday,22,8,Rural,Medium Speed (Collector),No,30.87414167,-100.42115278,Non-Intersection,Dark - Not Lighted,Cloudy,Unknown,Unknown,Unknown EMS Scene Arrival Hour,Unknown EMS Scene Arrival Minutes,Unknown,Unknown EMS Hospital Arrival Time,1,Dark - Unlighted,Reduced Visibility,1,3,['Driver'],['Shoulder_Lapbelt'],0,0,Valid,0.0,1.0,66.0,38.0,"['Female', 'Male', 'Male']",0,0,4,2,5,Dry,Straight,Level,Lowest,No
33674,48,Texas,482763,0,1,1,0,2,NOT APPLICABLE,September,10,Sunday,2,34,Rural,Medium Speed (Collector),No,30.40475556,-95.37782778,Non-Intersection,Dark - Not Lighted,Clear,Unknown,Unknown,Unknown EMS Scene Arrival Hour,Unknown EMS Scene Arrival Minutes,Unknown,Unknown EMS Hospital Arrival Time,1,Dark - Unlighted,Clear,1,1,['Driver'],['None_Used'],1,1,Invalid,0.0,0.0,17.0,17.0,['Female'],0,0,2,1,3,Dry,Curve,Grade/Hillcrest,Lowest,No
33675,48,Texas,482764,0,1,1,0,2,NOT APPLICABLE,September,22,Friday,16,4,Rural,Medium Speed (Collector),No,30.66795278,-95.46385278,Non-Intersection,Daylight,Clear,Unknown,Unknown,Unknown EMS Scene Arrival Hour,Unknown EMS Scene Arrival Minutes,Unknown,Unknown EMS Hospital Arrival Time,1,Daylight,Clear,1,1,['Driver'],['Shoulder_Lapbelt'],0,0,Valid,0.0,0.0,16.0,16.0,['Female'],2,0,2,1,3,Dry,Straight,Level,Lowest,No
33676,48,Texas,482765,0,1,1,0,2,NOT APPLICABLE,September,16,Saturday,15,24,Urban,Low Speed (Local),No,29.96275,-95.62051389,Complex/Circle,Daylight,Clear,Unknown,Unknown,Unknown EMS Scene Arrival Hour,Unknown EMS Scene Arrival Minutes,Unknown,Unknown EMS Hospital Arrival Time,1,Daylight,Clear,1,1,['Front_Passenger'],['Shoulder_Lapbelt'],0,0,Valid,0.0,0.0,86.0,86.0,['Male'],2,0,3,1,3,Wet/Standing Water,Straight,Level,Lowest,No
33677,48,Texas,482766,0,2,2,0,2,NOT APPLICABLE,September,11,Monday,18,46,Rural,Medium Speed (Collector),No,29.16387778,-95.27705833,Complex/Circle,Daylight,Cloudy,Unknown,Unknown,Unknown EMS Scene Arrival Hour,Unknown EMS Scene Arrival Minutes,Unknown,Unknown EMS Hospital Arrival Time,1,Daylight,Reduced Visibility,1,1,['Driver'],['Shoulder_Lapbelt'],1,1,Valid,0.0,0.0,49.0,29.0,"['Male', 'Male']",0,0,4,1,5,Dry,Straight,Level,Lowest,No
33678,48,Texas,482768,0,2,2,0,3,STAFFORD,September,10,Sunday,6,17,Urban,Medium Speed (Collector),No,29.63281389,-95.56510278,Simple Junction,Dark - Lighted,Clear,Unknown,Unknown if Notified,Unknown EMS Scene Arrival Hour,Unknown if Arrived,Not Applicable (Not Transported),Not Applicable (Not Transported),1,Dark - Lighted,Clear,1,1,['Driver'],['Shoulder_Lapbelt'],0,0,Invalid,0.0,0.0,43.0,20.0,"['Male', 'Male']",1,0,3,1,5,Dry,Straight,Level,Lowest,No
33679,48,Texas,482769,0,2,2,0,2,NOT APPLICABLE,September,21,Thursday,5,40,Urban,Medium Speed (Collector),No,29.90211389,-95.38264444,Simple Junction,Dark - Not Lighted,Clear,Unknown,Unknown,Unknown EMS Scene Arrival Hour,Unknown EMS Scene Arrival Minutes,Not Applicable (Not Transported),Not Applicable (Not Transported),1,Dark - Unlighted,Clear,1,1,['Driver'],['None_Used'],0,0,Valid,0.0,0.0,32.0,21.0,"['Male', 'Male']",0,0,5,1,5,Dry,Straight,Level,Lowest,No
33680,48,Texas,482770,0,3,3,0,3,NOT APPLICABLE,September,9,Saturday,13,15,Rural,High Speed (Arterial),Yes,29.83764444,-94.76232222,Non-Intersection,Daylight,Clear,Unknown,Unknown,Unknown EMS Scene Arrival Hour,Unknown EMS Scene Arrival Minutes,2:00pm-2:59pm,5,1,Daylight,Clear,1,2,['Driver'],['Shoulder_Lapbelt'],0,0,Valid,0.0,0.0,67.0,46.0,"['Male', 'Female', 'Male']",1,0,5,1,5,Dry,Straight,Grade/Hillcrest,Lowest,No
33681,48,Texas,482771,0,1,1,0,1,NOT APPLICABLE,August,22,Tuesday,22,1,Rural,High Speed (Arterial),Yes,32.66073889,-96.11490278,Non-Intersection,Dark - Not Lighted,Clear,Unknown,Unknown,Unknown EMS Scene Arrival Hour,Unknown EMS Scene Arrival Minutes,Unknown,Unknown EMS Hospital Arrival Time,1,Dark - Unlighted,Clear,1,0,['Driver'],['Shoulder_Lapbelt'],0,0,Valid,1.0,0.0,71.0,71.0,['Male'],0,0,4,3,3,Dry,Straight,Grade/Hillcrest,Lowest,Yes
33682,48,Texas,482772,0,2,2,0,6,ARLINGTON,September,22,Friday,22,32,Urban,Medium Speed (Collector),No,32.68445556,-97.08658889,Simple Junction,Dark - Lighted,Clear,Unknown,Unknown,Unknown EMS Scene Arrival Hour,Unknown EMS Scene Arrival Minutes,Unknown,Unknown EMS Hospital Arrival Time,1,Dark - Lighted,Clear,1,5,['Front_Passenger'],['None_Used'],0,0,Valid,0.0,0.0,31.0,20.0,"['Male', 'Male']",2,0,2,2,5,Dry,Straight,Level,Lowest,No
33683,48,Texas,482773,0,2,2,0,2,NOT APPLICABLE,September,12,Tuesday,14,33,Rural,Medium Speed (Collector),No,29.97749444,-98.676675,Non-Intersection,Daylight,Clear,Unknown,Unknown,Unknown EMS Scene Arrival Hour,Unknown EMS Scene Arrival Minutes,Unknown,Unknown EMS Hospital Arrival Time,1,Daylight,Clear,1,1,['Driver'],['Shoulder_Lapbelt'],0,0,Valid,0.0,0.0,60.0,38.0,"['Male', 'Female']",0,0,3,1,5,Dry,Curve,Grade/Hillcrest,Lowest,No
33684,48,Texas,482774,0,2,2,0,2,NOT APPLICABLE,September,23,Saturday,12,47,Rural,Low Speed (Local),No,29.39610833,-95.389125,Non-Intersection,Daylight,Clear,Unknown,Unknown,Unknown EMS Scene Arrival Hour,Unknown EMS Scene Arrival Minutes,Unknown,Unknown EMS Hospital Arrival Time,1,Daylight,Clear,1,1,['Driver'],['Shoulder_Lapbelt'],0,0,Valid,0.0,0.0,51.0,41.0,"['Male', 'Female']",0,0,2,1,5,Dry,Straight,Level,Lowest,No
33685,48,Texas,482775,1,1,1,0,1,ROUND ROCK,September,23,Saturday,2,35,Urban,High Speed (Arterial),Yes,30.51894722,-97.68838056,Non-Intersection,Dark - Lighted,Clear,Unknown,Unknown,Unknown EMS Scene Arrival Hour,Unknown EMS Scene Arrival Minutes,Unknown,Unknown EMS Hospital Arrival Time,1,Dark - Lighted,Clear,0,1,[],[],0,0,Invalid,0.0,0.0,26.0,26.0,['Male'],0,0,3,1,4,Dry,Straight,Level,Lowest,No
33686,48,Texas,482776,0,4,3,1,3,GLEN ROSE,September,20,Wednesday,14,50,Rural,High Speed (Arterial),Yes,32.24045278,-97.75293611,Non-Intersection,Daylight,Clear,Unknown,Unknown,Unknown EMS Scene Arrival Hour,Unknown EMS Scene Arrival Minutes,Unknown,Unknown EMS Hospital Arrival Time,1,Daylight,Clear,1,2,['Driver'],['Shoulder_Lapbelt'],0,0,Valid,0.0,0.0,78.0,31.0,"['Male', 'Male', 'Female']",0,0,3,2,5,Dry,Straight,Non-Trafficway,Lowest,No
33687,48,Texas,482777,0,2,2,0,2,NOT APPLICABLE,September,19,Tuesday,21,30,Rural,High Speed (Arterial),No,29.72367222,-98.86418889,Simple Junction,Dark - Not Lighted,Clear,Unknown,Unknown,Unknown EMS Scene Arrival Hour,Unknown EMS Scene Arrival Minutes,Unknown,Unknown EMS Hospital Arrival Time,1,Dark - Unlighted,Clear,1,1,['Driver'],['None_Used'],0,0,Valid,0.0,1.0,84.0,44.0,"['Female', 'Male']",0,0,5,3,5,Dry,Straight,Grade/Hillcrest,Lowest,No
33688,48,Texas,482778,0,2,2,0,3,VALLEY MILLS,September,22,Friday,8,8,Rural,High Speed (Arterial),Yes,31.64869722,-97.45290556,Simple Junction,Daylight,Clear,Unknown,Unknown,Unknown EMS Scene Arrival Hour,Unknown EMS Scene Arrival Minutes,Unknown,Unknown EMS Hospital Arrival Time,1,Daylight,Clear,1,2,['Driver'],['Shoulder_Lapbelt'],0,0,Valid,0.0,0.0,44.0,19.0,"['Female', 'Male']",2,0,4,4,5,Dry,Straight,Grade/Hillcrest,Lowest,No
33689,48,Texas,482779,0,1,1,0,1,HOUSTON,August,20,Sunday,1,36,Urban,Medium Speed (Collector),No,29.74537222,-95.36753889,Non-Intersection,Dark - Lighted,Clear,Unknown,Unknown,Unknown EMS Scene Arrival Hour,Unknown EMS Scene Arrival Minutes,Unknown,Unknown EMS Hospital Arrival Time,1,Dark - Lighted,Clear,1,0,['Driver'],['Shoulder_Lapbelt'],1,1,Valid,1.0,1.0,54.0,54.0,['Male'],1,0,3,1,3,Dry,Straight,Level,Lowest,No
33690,48,Texas,482780,1,1,1,0,3,NOT APPLICABLE,September,23,Saturday,20,49,Urban,High Speed (Arterial),Yes,30.10631944,-97.78830833,Non-Intersection,Dark - Lighted,Clear,Unknown,Unknown,Unknown EMS Scene Arrival Hour,Unknown EMS Scene Arrival Minutes,Not Applicable (Not Transported),Not Applicable (Not Transported),1,Dark - Lighted,Clear,0,3,[],[],0,0,Valid,0.0,0.0,70.0,70.0,['Male'],0,0,3,1,4,Dry,Straight,Level,Lowest,No
33691,48,Texas,482781,1,1,1,0,1,SAN ANTONIO,September,28,Thursday,19,50,Urban,High Speed (Arterial),Yes,29.3851,-98.47050278,Non-Intersection,Dark - Lighted,Clear,Unknown,Unknown if Notified,Unknown EMS Scene Arrival Hour,Unknown if Arrived,Not Applicable (Not Transported),Not Applicable (Not Transported),1,Dark - Lighted,Clear,0,0,[],[],0,0,Invalid,0.0,0.0,999.0,999.0,['Male'],0,0,2,1,4,Dry,Straight,Level,Lowest,No
33692,48,Texas,482782,0,1,1,0,3,NOT APPLICABLE,September,3,Sunday,8,28,Rural,High Speed (Arterial),Yes,28.34416389,-97.86115556,Non-Intersection,Daylight,Clear,Unknown,Unknown,Unknown EMS Scene Arrival Hour,Unknown EMS Scene Arrival Minutes,Unknown,Unknown EMS Hospital Arrival Time,1,Daylight,Clear,1,2,['Rear_Seat'],['None_Used'],0,0,Valid,0.0,0.0,21.0,21.0,['Male'],0,0,3,4,3,Dry,Straight,Level,Lowest,No
33693,48,Texas,482783,1,1,1,0,2,GRAND PRAIRIE,September,23,Saturday,12,45,Urban,High Speed (Arterial),Yes,32.71168056,-97.04154167,Non-Intersection,Daylight,Clear,Unknown,Unknown,Unknown EMS Scene Arrival Hour,Unknown EMS Scene Arrival Minutes,Unknown,Unknown EMS Hospital Arrival Time,1,Daylight,Clear,0,2,[],[],0,0,Valid,5.0,3.0,24.0,24.0,['Male'],0,0,2,1,4,Dry,Straight,Grade/Hillcrest,Lowest,No
33694,48,Texas,482784,0,1,1,0,1,NOT APPLICABLE,August,20,Sunday,5,0,Urban,High Speed (Arterial),Yes,32.73359444,-100.906,Non-Intersection,Dark - Not Lighted,Clear,Unknown,Unknown,Unknown EMS Scene Arrival Hour,Unknown EMS Scene Arrival Minutes,Not Applicable (Not Transported),Not Applicable (Not Transported),1,Dark - Unlighted,Clear,1,0,['Driver'],['Shoulder_Lapbelt'],1,1,Valid,0.0,0.0,24.0,24.0,['Male'],0,0,2,1,3,Dry,Curve,Grade/Hillcrest,Lowest,No
33695,48,Texas,482785,1,2,1,1,1,AUSTIN,September,27,Wednesday,1,5,Urban,High Speed (Arterial),Yes,30.25101111,-97.804925,Non-Intersection,Dark - Not Lighted,Clear,Unknown,Unknown,Unknown EMS Scene Arrival Hour,Unknown EMS Scene Arrival Minutes,Unknown,Unknown EMS Hospital Arrival Time,1,Dark - Unlighted,Clear,1,0,['Driver'],['Shoulder_Lapbelt'],0,0,Valid,0.0,0.0,26.0,26.0,['Male'],1,0,2,1,5,Dry,Straight,Grade/Hillcrest,Lowest,No
33696,48,Texas,482786,0,1,1,0,1,NOT APPLICABLE,September,12,Tuesday,20,15,Rural,Medium Speed (Collector),No,33.10559722,-96.237975,Non-Intersection,Dark - Not Lighted,Clear,Unknown,Unknown if Notified,Unknown EMS Scene Arrival Hour,Unknown if Arrived,Not Applicable (Not Transported),Not Applicable (Not Transported),1,Dark - Unlighted,Clear,1,0,['Driver'],['None_Used'],1,1,Valid,0.0,0.0,30.0,30.0,['Male'],0,0,3,1,3,Dry,Curve,Level,Lowest,No
33697,48,Texas,482787,1,2,2,0,3,FORT WORTH,September,29,Friday,23,42,Urban,High Speed (Arterial),Yes,32.72973056,-97.18908611,Non-Intersection,Dark - Lighted,Clear,Unknown,Unknown if Notified,Unknown EMS Scene Arrival Hour,Unknown if Arrived,Not Applicable (Not Transported),Not Applicable (Not Transported),1,Dark - Lighted,Clear,0,3,[],[],0,0,Valid,0.0,0.0,52.0,34.0,"['Male', 'Male']",0,0,3,2,4,Dry,Straight,Level,Lowest,No
33698,48,Texas,482788,0,2,2,0,4,TEMPLE,September,28,Thursday,18,16,Rural,Medium Speed (Collector),No,31.16792778,-97.41739722,Simple Junction,Daylight,Clear,Unknown,Unknown,Unknown EMS Scene Arrival Hour,Unknown EMS Scene Arrival Minutes,Unknown,Unknown EMS Hospital Arrival Time,2,Daylight,Clear,2,2,"['Driver', 'Front_Passenger']","['Shoulder_Lapbelt', 'Shoulder_Lapbelt']",0,0,Valid,0.0,0.0,91.0,49.0,"['Male', 'Male']",0,0,3,1,5,Dry,Straight,Level,Lowest,No
33699,48,Texas,482789,1,1,1,0,1,DALLAS,September,21,Thursday,3,18,Urban,Medium Speed (Collector),No,32.64760556,-96.87585833,Non-Intersection,Dark - Lighted,Clear,Unknown,Unknown,Unknown EMS Scene Arrival Hour,Unknown EMS Scene Arrival Minutes,Not Applicable (Not Transported),Not Applicable (Not Transported),1,Dark - Lighted,Clear,0,1,[],[],0,0,Invalid,0.0,0.0,41.0,41.0,['Female'],0,0,2,1,4,Dry,Straight,Level,Lowest,No
33700,48,Texas,482790,1,1,1,0,1,DALLAS,September,22,Friday,6,14,Urban,Medium Speed (Collector),No,32.77839444,-96.89522222,Non-Intersection,Dark - Lighted,Cloudy,Unknown,Unknown,Unknown EMS Scene Arrival Hour,Unknown EMS Scene Arrival Minutes,Unknown,Unknown EMS Hospital Arrival Time,1,Dark - Lighted,Reduced Visibility,0,1,[],[],0,0,Valid,0.0,0.0,63.0,63.0,['Male'],0,0,2,2,4,Dry,Straight,Level,Lowest,No
33701,48,Texas,482791,0,1,1,0,2,DALLAS,September,19,Tuesday,22,35,Urban,Low Speed (Local),No,32.78966111,-96.825225,Simple Junction,Dark - Lighted,Rain,Unknown,Unknown,Unknown EMS Scene Arrival Hour,Unknown EMS Scene Arrival Minutes,Unknown,Unknown EMS Hospital Arrival Time,1,Dark - Lighted,Rain/Wind/Minor,1,1,['Front_Passenger'],['Shoulder_Lapbelt'],1,1,Valid,0.0,0.0,19.0,19.0,['Male'],0,0,2,1,3,Wet/Standing Water,Straight,Level,Lowest,No
33702,48,Texas,482792,0,2,2,0,2,NOT APPLICABLE,September,20,Wednesday,17,48,Urban,Medium Speed (Collector),No,30.22036667,-95.783575,Simple Junction,Daylight,Clear,Unknown,Unknown,Unknown EMS Scene Arrival Hour,Unknown EMS Scene Arrival Minutes,Unknown,Unknown EMS Hospital Arrival Time,1,Daylight,Clear,1,1,['Driver'],['None_Used'],0,0,Valid,1.0,0.0,65.0,22.0,"['Female', 'Male']",1,0,5,1,5,Dry,Straight,Level,Lowest,No
33703,48,Texas,482793,1,1,1,0,2,LIVINGSTON,September,29,Friday,5,45,Rural,High Speed (Arterial),Yes,30.713475,-94.95530278,Non-Intersection,Dark - Not Lighted,Clear,Unknown,Unknown,Unknown EMS Scene Arrival Hour,Unknown EMS Scene Arrival Minutes,Not Applicable (Not Transported),Not Applicable (Not Transported),1,Dark - Unlighted,Clear,0,2,[],[],0,0,Invalid,0.0,0.0,63.0,63.0,['Male'],0,0,2,2,4,Dry,Straight,Level,Lowest,No
33704,48,Texas,482795,1,3,3,0,6,IRVING,September,17,Sunday,2,32,Urban,High Speed (Arterial),Yes,32.80024444,-96.92183611,Non-Intersection,Dark - Not Lighted,Clear,Unknown,Unknown,Unknown EMS Scene Arrival Hour,Unknown EMS Scene Arrival Minutes,Unknown,Unknown EMS Hospital Arrival Time,1,Dark - Unlighted,Clear,0,6,[],[],0,0,Invalid,0.0,1.0,32.0,20.0,"['Male', 'Male']",0,0,3,1,5,Dry,Straight,Grade/Hillcrest,Lowest,No
33705,48,Texas,482796,0,3,3,0,3,ENNIS,September,21,Thursday,6,5,Urban,High Speed (Arterial),Yes,32.32655278,-96.61029167,Non-Intersection,Dark - Not Lighted,Clear,Unknown,Unknown if Notified,Unknown EMS Scene Arrival Hour,Unknown if Arrived,Not Applicable (Not Transported),Not Applicable (Not Transported),1,Dark - Unlighted,Clear,1,2,['Driver'],['Shoulder_Lapbelt'],0,0,Invalid,0.0,3.0,44.0,23.0,"['Female', 'Male', 'Male']",0,0,4,1,5,Dry,Straight,Level,Lowest,Yes
33706,48,Texas,482797,1,1,1,0,1,PARIS,September,29,Friday,5,44,Urban,High Speed (Arterial),Yes,33.66193611,-95.50315556,Non-Intersection,Dark - Not Lighted,Clear,Unknown,Unknown,Unknown EMS Scene Arrival Hour,Unknown EMS Scene Arrival Minutes,Unknown,Unknown EMS Hospital Arrival Time,1,Dark - Unlighted,Clear,0,0,[],[],0,0,Invalid,0.0,0.0,59.0,59.0,['Male'],0,0,2,2,4,Dry,Straight,Level,Lowest,No
33707,48,Texas,482798,0,2,2,0,2,NOT APPLICABLE,September,12,Tuesday,16,20,Rural,High Speed (Arterial),Yes,30.79546667,-96.25420833,Non-Intersection,Daylight,Clear,Unknown,Unknown,Unknown EMS Scene Arrival Hour,Unknown EMS Scene Arrival Minutes,Unknown,Unknown EMS Hospital Arrival Time,1,Daylight,Clear,1,1,['Driver'],['Shoulder_Lapbelt'],0,0,Valid,0.0,0.0,71.0,34.0,"['Male', 'Male']",0,0,4,2,5,Dry,Curve,Level,Lowest,No
33708,48,Texas,482799,0,1,1,0,1,NOT APPLICABLE,October,1,Sunday,0,14,Urban,High Speed (Arterial),Yes,29.93673611,-95.51653333,Non-Intersection,Dark - Lighted,Clear,Unknown,Unknown if Notified,Unknown EMS Scene Arrival Hour,Unknown if Arrived,Not Applicable (Not Transported),Not Applicable (Not Transported),1,Dark - Lighted,Clear,1,0,['Driver'],['None_Used'],0,0,Valid,2.0,0.0,33.0,33.0,['Male'],0,0,5,1,3,Dry,Curve,Grade/Hillcrest,Lowest,No
33709,48,Texas,482800,1,1,1,0,1,SAN ANGELO,September,15,Friday,7,44,Urban,High Speed (Arterial),Yes,31.47485833,-100.45219722,Complex/Circle,Daylight,Clear,Unknown,Unknown,Unknown EMS Scene Arrival Hour,Unknown EMS Scene Arrival Minutes,Unknown,Unknown EMS Hospital Arrival Time,1,Daylight,Clear,0,1,[],[],0,0,Valid,1.0,0.0,21.0,21.0,['Male'],0,0,3,1,4,Dry,Straight,Level,Lowest,No
33710,48,Texas,482801,0,1,1,0,1,NOT APPLICABLE,September,16,Saturday,4,0,Rural,Low Speed (Local),No,32.71898333,-100.88153889,Non-Intersection,Dark - Not Lighted,Rain,Unknown,Unknown,Unknown EMS Scene Arrival Hour,Unknown EMS Scene Arrival Minutes,Not Applicable (Not Transported),Not Applicable (Not Transported),1,Dark - Unlighted,Rain/Wind/Minor,1,0,['Driver'],['Shoulder_Lapbelt'],1,1,Invalid,0.0,0.0,16.0,16.0,['Male'],1,0,2,4,3,Wet/Standing Water,Curve,Level,Lowest,No
33711,48,Texas,482802,1,1,1,0,1,AMARILLO,September,30,Saturday,11,30,Urban,Medium Speed (Collector),No,35.19126944,-101.91275833,Simple Junction,Daylight,Clear,Unknown,Unknown,Unknown EMS Scene Arrival Hour,Unknown EMS Scene Arrival Minutes,Unknown,Unknown EMS Hospital Arrival Time,1,Daylight,Clear,0,1,[],[],0,0,Valid,0.0,0.0,78.0,78.0,['Female'],0,0,3,2,4,Dry,Straight,Level,Lowest,No
33712,48,Texas,482803,0,2,2,0,2,RICHARDSON,September,21,Thursday,6,42,Urban,High Speed (Arterial),Yes,32.98550278,-96.69980556,Complex/Circle,Daylight,Clear,Unknown,Unknown,Unknown EMS Scene Arrival Hour,Unknown EMS Scene Arrival Minutes,Unknown,Unknown EMS Hospital Arrival Time,1,Daylight,Clear,1,1,['Driver'],['None_Used'],0,0,Valid,0.0,0.0,59.0,53.0,"['Male', 'Male']",0,0,5,2,5,Dry,Straight,Level,Lowest,No
33713,48,Texas,482804,0,1,1,0,1,NOT APPLICABLE,September,16,Saturday,16,39,Rural,High Speed (Arterial),Yes,33.861825,-98.32986667,Non-Intersection,Daylight,Clear,Unknown,Unknown,Unknown EMS Scene Arrival Hour,Unknown EMS Scene Arrival Minutes,Unknown,Unknown EMS Hospital Arrival Time,1,Daylight,Clear,1,0,['Driver'],['None_Used'],1,1,Invalid,0.0,0.0,36.0,36.0,['Male'],1,0,3,1,3,Dry,Curve,Level,Lowest,No
33714,48,Texas,482806,0,1,1,0,1,AUSTIN,September,30,Saturday,5,32,Urban,High Speed (Arterial),Yes,30.22631667,-97.68154722,Non-Intersection,Dark - Lighted,Clear,Unknown,Unknown,Unknown EMS Scene Arrival Hour,Unknown EMS Scene Arrival Minutes,Unknown,Unknown EMS Hospital Arrival Time,1,Dark - Lighted,Clear,1,0,['Driver'],['None_Used'],0,0,Valid,0.0,5.0,21.0,21.0,['Male'],1,0,2,1,3,Dry,Curve,Grade/Hillcrest,Lowest,No
33715,48,Texas,482807,0,1,1,0,1,SACHSE,September,28,Thursday,13,35,Urban,High Speed (Arterial),Yes,32.95142222,-96.57958889,Non-Intersection,Daylight,Clear,Unknown,Unknown if Notified,Unknown EMS Scene Arrival Hour,Unknown if Arrived,Not Applicable (Not Transported),Not Applicable (Not Transported),1,Daylight,Clear,1,0,['Driver'],['None_Used'],0,0,Valid,0.0,0.0,38.0,38.0,['Male'],1,0,2,1,3,Dry,Curve,Level,Lowest,Yes
33716,48,Texas,482808,0,1,1,0,1,NOT APPLICABLE,September,19,Tuesday,19,18,Rural,Low Speed (Local),No,30.17935556,-97.26682222,Non-Intersection,Daylight,Clear,Unknown,Unknown if Notified,Unknown EMS Scene Arrival Hour,Unknown if Arrived,Not Applicable (Not Transported),Not Applicable (Not Transported),1,Daylight,Clear,1,0,['Driver'],['Shoulder_Lapbelt'],0,0,Valid,0.0,0.0,75.0,75.0,['Male'],1,0,2,1,3,Dry,Straight,Level,Lowest,No
33717,48,Texas,482809,0,1,1,0,4,NOT APPLICABLE,September,29,Friday,22,57,Rural,Low Speed (Local),No,31.03423889,-94.73438056,Non-Intersection,Dark - Not Lighted,Clear,Unknown,Unknown,Unknown EMS Scene Arrival Hour,Unknown EMS Scene Arrival Minutes,Unknown,Unknown EMS Hospital Arrival Time,1,Dark - Unlighted,Clear,1,3,['Driver'],['Shoulder_Lapbelt'],0,0,Valid,0.0,0.0,23.0,23.0,['Male'],4,0,2,1,3,Dry,Straight,Level,Lowest,No
33718,48,Texas,482810,1,2,2,0,3,DALLAS,September,18,Monday,13,56,Urban,High Speed (Arterial),Yes,32.92253889,-96.8035,Complex/Circle,Daylight,Clear,Unknown,Unknown,Unknown EMS Scene Arrival Hour,Unknown EMS Scene Arrival Minutes,Unknown,Unknown EMS Hospital Arrival Time,1,Daylight,Clear,0,3,[],[],0,0,Valid,0.0,1.0,70.0,31.0,"['Male', 'Female']",0,0,3,1,5,Dry,Straight,Level,Lowest,No