,State_Code,State_Name,Crash_ID,Count_Non_Motorists,Count_Vehicles_Total,Count_Vehicle_Forms,Count_PVH_Involved,Count_Occupants_MV,City_Name,Month_Name,Day_of_Month,Day_of_Week,Crash_Hour,Crash_Minute,Area_Rural_Urban,Road_Functional_Class,On_NHS_Road,Latitude,Longitude,Intersection_Type,Light_Condition,Weather_Condition,Notif_Hour,Notif_Minute,Arrival_Hour,Arrival_Minute,Hospital_Hour,Hospital_Minute,Fatalities_Count,Clean_Light_Condition,Clean_Weather_Condition,Total_Killed,Total_Alive,Fatal_Seats_List,Killed_Restraint_List,Any_Driver_Drinking,Total_Drinking_Drivers,Driver_License_Category,Driver_Max_Prev_Accident_Count,Driver_Max_Prev_Speeding_Count,Max_Driver_Age,Min_Driver_Age,Driver_Sex_List,Total_Exceeding_Limit_Vehicles,Total_Too_Fast_Vehicles,Max_Vehicle_Type_Severity_5,Max_Vehicle_Damage_Rank,Max_Harmful_Event_Severity,Crash_Road_Surface_Condition,Crash_Horizontal_Alignment,Crash_Vertical_Profile,Crash_Impairment_Category,Crash_Vehicle_Defect
33719,48,Texas,482811,0,2,2,0,5,NOT APPLICABLE,September,30,Saturday,20,40,Urban,High Speed (Arterial),Yes,29.93555833,-95.03145278,Complex/Circle,Dark - Not Lighted,Clear,Unknown,Unknown,Unknown EMS Scene Arrival Hour,Unknown EMS Scene Arrival Minutes,Unknown,Unknown EMS Hospital Arrival Time,1,Dark - Unlighted,Clear,1,4,['Driver'],['None_Used'],0,0,Valid,0.0,0.0,43.0,17.0,"['Male', 'Male']",0,0,5,1,5,Dry,Straight,Level,Lowest,No
33720,48,Texas,482812,1,1,1,0,1,SAN ANTONIO,October,2,Monday,20,25,Urban,High Speed (Arterial),Yes,29.41139167,-98.50725,Non-Intersection,Dark - Lighted,Clear,Unknown,Unknown if Notified,Unknown EMS Scene Arrival Hour,Unknown if Arrived,Not Applicable (Not Transported),Not Applicable (Not Transported),1,Dark - Lighted,Clear,0,0,[],[],0,0,Invalid,0.0,0.0,999.0,999.0,['Other'],1,0,1,0,4,Dry,Straight,Level,Lowest,No
33721,48,Texas,482813,0,2,2,0,2,Other,September,17,Sunday,20,22,Urban,High Speed (Arterial),Yes,30.30500556,-97.93613333,Complex/Circle,Dark - Lighted,Clear,Unknown,Unknown if Notified,Unknown EMS Scene Arrival Hour,Unknown if Arrived,Not Applicable (Not Transported),Not Applicable (Not Transported),1,Dark - Lighted,Clear,1,1,['Driver'],['None_Used'],0,0,Valid,0.0,0.0,54.0,28.0,"['Female', 'Male']",0,0,5,4,5,Dry,Straight,Level,Lowest,No
33722,48,Texas,482814,0,2,2,0,2,NOT APPLICABLE,October,1,Sunday,7,38,Urban,High Speed (Arterial),No,30.02326944,-95.39029167,Non-Intersection,Daylight,Clear,7:00am-7:59am,41,Unknown EMS Scene Arrival Hour,Unknown EMS Scene Arrival Minutes,8:00am-8:59am,20,1,Daylight,Clear,1,1,['Driver'],['None_Used'],0,0,Valid,0.0,1.0,37.0,34.0,"['Male', 'Female']",1,0,5,1,5,Dry,Straight,Level,Lowest,No
33723,48,Texas,482815,1,1,1,0,1,LUBBOCK,September,23,Saturday,22,12,Urban,Medium Speed (Collector),No,33.59196667,-101.87055278,Non-Intersection,Dark - Lighted,Clear,Unknown,Unknown,Unknown EMS Scene Arrival Hour,Unknown EMS Scene Arrival Minutes,Unknown,Unknown EMS Hospital Arrival Time,1,Dark - Lighted,Clear,0,1,[],[],0,0,Valid,0.0,0.0,20.0,20.0,['Female'],0,0,3,2,4,Dry,Straight,Level,Lowest,No
33724,48,Texas,482816,1,1,1,0,1,LONGVIEW,October,1,Sunday,1,21,Urban,High Speed (Arterial),Yes,32.50405278,-94.69496667,Non-Intersection,Dark - Not Lighted,Clear,Unknown,Unknown,Unknown EMS Scene Arrival Hour,Unknown EMS Scene Arrival Minutes,Unknown,Unknown EMS Hospital Arrival Time,1,Dark - Unlighted,Clear,0,1,[],[],1,1,Invalid,0.0,2.0,28.0,28.0,['Male'],0,0,3,1,4,Dry,Straight,Grade/Hillcrest,Lowest,No
33725,48,Texas,482817,0,2,2,0,3,NOT APPLICABLE,September,26,Tuesday,10,45,Rural,High Speed (Arterial),No,29.43731944,-99.11689444,Non-Intersection,Daylight,Cloudy,Unknown,Unknown,Unknown EMS Scene Arrival Hour,Unknown EMS Scene Arrival Minutes,Unknown,Unknown EMS Hospital Arrival Time,1,Daylight,Reduced Visibility,1,2,['Driver'],['None_Used'],1,1,Valid,0.0,0.0,70.0,43.0,"['Male', 'Male']",0,0,3,1,5,Dry,Straight,Level,Lowest,No
33726,48,Texas,482818,0,1,1,0,3,CORPUS CHRISTI,September,24,Sunday,7,7,Urban,High Speed (Arterial),Yes,27.81186667,-97.505625,Non-Intersection,Daylight,Clear,Unknown,Unknown,Unknown EMS Scene Arrival Hour,Unknown EMS Scene Arrival Minutes,Unknown,Unknown EMS Hospital Arrival Time,1,Daylight,Clear,1,2,['Rear_Seat'],['None_Used'],0,0,Valid,0.0,0.0,19.0,19.0,['Female'],0,0,3,1,3,Dry,Straight,Level,Medium,No
33727,48,Texas,482819,0,7,4,3,5,HOUSTON,August,27,Sunday,9,16,Urban,Medium Speed (Collector),No,29.83768056,-95.48900556,Simple Junction,Daylight,Clear,Unknown,Unknown,Unknown EMS Scene Arrival Hour,Unknown EMS Scene Arrival Minutes,Unknown,Unknown EMS Hospital Arrival Time,1,Daylight,Clear,1,4,['Front_Passenger'],['None_Used'],0,0,Valid,0.0,0.0,61.0,19.0,"['Male', 'Male', 'Male', 'Female']",0,0,3,1,5,Dry,Straight,Level,Lowest,No
33728,48,Texas,482820,0,1,1,0,1,NOT APPLICABLE,September,11,Monday,1,29,Rural,Medium Speed (Collector),No,33.20479722,-94.60535278,Non-Intersection,Dark - Not Lighted,Clear,Unknown,Unknown if Notified,Unknown EMS Scene Arrival Hour,Unknown if Arrived,Not Applicable (Not Transported),Not Applicable (Not Transported),1,Dark - Unlighted,Clear,1,0,['Driver'],['None_Used'],1,1,Valid,0.0,0.0,55.0,55.0,['Female'],0,0,3,1,2,Dry,Straight,Level,Lowest,No
33729,48,Texas,482821,0,1,1,0,2,NOT APPLICABLE,July,9,Sunday,22,7,Rural,Medium Speed (Collector),No,33.56180556,-95.89829167,Non-Intersection,Dark - Not Lighted,Clear,Unknown,Unknown,Unknown EMS Scene Arrival Hour,Unknown EMS Scene Arrival Minutes,Unknown,Unknown EMS Hospital Arrival Time,1,Dark - Unlighted,Clear,1,1,['Driver'],['Shoulder_Lapbelt'],0,0,Valid,1.0,1.0,18.0,18.0,['Male'],0,0,3,1,3,Dry,Straight,Level,Lowest,No
33730,48,Texas,482822,0,1,1,0,1,AMARILLO,September,30,Saturday,3,24,Urban,High Speed (Arterial),Yes,35.257375,-101.83323056,Non-Intersection,Dark - Not Lighted,Clear,Unknown,Unknown,Unknown EMS Scene Arrival Hour,Unknown EMS Scene Arrival Minutes,Unknown,Unknown EMS Hospital Arrival Time,1,Dark - Unlighted,Clear,1,0,['Driver'],['None_Used'],0,0,Valid,0.0,0.0,34.0,34.0,['Male'],0,0,3,1,3,Dry,Straight,Level,Lowest,No
33731,48,Texas,482823,0,1,1,0,1,BEAUMONT,September,29,Friday,12,39,Urban,High Speed (Arterial),Yes,30.06565278,-94.20404167,Non-Intersection,Daylight,Clear,12:00pm-12:59pm,39,12:00pm-12:59pm,44,1:00pm-1:59pm,13,1,Daylight,Clear,1,0,['Driver'],['None_Used'],0,0,Valid,0.0,1.0,22.0,22.0,['Male'],1,0,5,1,3,Dry,Straight,Level,Lowest,No
33732,48,Texas,482824,1,2,2,0,2,NOT APPLICABLE,September,25,Monday,15,10,Rural,Medium Speed (Collector),No,32.40293611,-94.76913333,Non-Intersection,Daylight,Clear,Unknown,Unknown,Unknown EMS Scene Arrival Hour,Unknown EMS Scene Arrival Minutes,Unknown,Unknown EMS Hospital Arrival Time,1,Daylight,Clear,0,2,[],[],0,0,Valid,1.0,0.0,65.0,39.0,"['Male', 'Male']",1,0,4,2,5,Dry,Curve,Grade/Hillcrest,Lowest,No
33733,48,Texas,482825,0,1,1,0,1,NOT APPLICABLE,September,28,Thursday,4,30,Rural,High Speed (Arterial),Yes,32.24589167,-94.35424444,Simple Junction,Dark - Not Lighted,Clear,Unknown,Unknown if Notified,Unknown EMS Scene Arrival Hour,Unknown if Arrived,Not Applicable (Not Transported),Not Applicable (Not Transported),1,Dark - Unlighted,Clear,1,0,['Driver'],['None_Used'],1,1,Invalid,1.0,1.0,34.0,34.0,['Male'],1,0,5,4,3,Dry,Curve,Grade/Hillcrest,Lowest,No
33734,48,Texas,482826,0,1,1,0,1,NOT APPLICABLE,September,25,Monday,3,31,Rural,Medium Speed (Collector),No,32.42009167,-98.93735278,Non-Intersection,Dark - Not Lighted,Clear,Unknown,Unknown if Notified,Unknown EMS Scene Arrival Hour,Unknown if Arrived,Not Applicable (Not Transported),Not Applicable (Not Transported),1,Dark - Unlighted,Clear,1,0,['Driver'],['None_Used'],0,0,Valid,0.0,0.0,43.0,43.0,['Male'],0,0,4,0,3,Dry,Straight,Level,Lowest,No
33735,48,Texas,482827,0,1,1,0,1,NOT APPLICABLE,September,24,Sunday,3,50,Urban,Medium Speed (Collector),No,29.88243611,-95.25705833,Non-Intersection,Dark - Not Lighted,Clear,Unknown,Unknown,Unknown EMS Scene Arrival Hour,Unknown EMS Scene Arrival Minutes,Not Applicable (Not Transported),Not Applicable (Not Transported),1,Dark - Unlighted,Clear,1,0,['Driver'],['None_Used'],1,1,Valid,0.0,0.0,23.0,23.0,['Male'],1,0,5,1,2,Dry,Curve,Level,Lowest,No
33736,48,Texas,482828,1,1,1,0,1,NOT APPLICABLE,September,23,Saturday,8,36,Urban,Medium Speed (Collector),No,26.21952222,-97.97573333,Non-Intersection,Daylight,Clear,Unknown,Unknown if Notified,Unknown EMS Scene Arrival Hour,Unknown if Arrived,Not Applicable (Not Transported),Not Applicable (Not Transported),1,Daylight,Clear,0,1,[],[],0,0,Valid,1.0,2.0,21.0,21.0,['Male'],0,0,3,2,4,Dry,Straight,Level,Lowest,No
33737,48,Texas,482829,0,2,2,0,2,SAN ANTONIO,October,1,Sunday,21,2,Urban,Medium Speed (Collector),No,29.36637778,-98.49501111,Simple Junction,Dark - Lighted,Clear,Unknown,Unknown,Unknown EMS Scene Arrival Hour,Unknown EMS Scene Arrival Minutes,Not Applicable (Not Transported),Not Applicable (Not Transported),1,Dark - Lighted,Clear,1,0,['Driver'],['Shoulder_Lapbelt'],1,1,Valid,0.0,0.0,58.0,43.0,"['Male', 'Male']",1,0,3,1,5,Dry,Straight,Level,Lowest,No
33738,48,Texas,482830,1,2,2,0,2,HORIZON CITY,September,25,Monday,2,50,Urban,High Speed (Arterial),Yes,31.68266944,-106.206425,Non-Intersection,Dark - Lighted,Clear,Unknown,Unknown,Unknown EMS Scene Arrival Hour,Unknown EMS Scene Arrival Minutes,Not Applicable (Not Transported),Not Applicable (Not Transported),1,Dark - Lighted,Clear,0,0,[],[],0,0,Valid,0.0,1.0,79.0,25.0,"['Female', 'Male']",0,0,2,1,4,Dry,Straight,Grade/Hillcrest,Lowest,No
33739,48,Texas,482831,1,2,2,0,3,HOUSTON,September,24,Sunday,4,59,Urban,High Speed (Arterial),Yes,29.62413889,-95.22493056,Non-Intersection,Dark - Lighted,Clear,Unknown,Unknown,Unknown EMS Scene Arrival Hour,Unknown EMS Scene Arrival Minutes,Not Applicable (Not Transported),Not Applicable (Not Transported),1,Dark - Lighted,Clear,0,3,[],[],0,0,Valid,1.0,0.0,35.0,33.0,"['Male', 'Female']",0,0,3,2,4,Dry,Straight,Level,Lowest,No
33740,48,Texas,482832,0,2,2,0,3,NOT APPLICABLE,September,30,Saturday,18,4,Rural,High Speed (Arterial),No,32.64765833,-94.75755833,Simple Junction,Daylight,Clear,Unknown,Unknown,Unknown EMS Scene Arrival Hour,Unknown EMS Scene Arrival Minutes,Unknown,Unknown EMS Hospital Arrival Time,1,Daylight,Clear,1,2,['Driver'],['Shoulder_Lapbelt'],1,1,Valid,0.0,0.0,68.0,31.0,"['Male', 'Male']",2,0,3,1,5,Dry,Straight,Grade/Hillcrest,Lowest,No
33741,48,Texas,482833,0,3,2,1,2,NORTH RICHLAND HILLS,September,28,Thursday,8,17,Urban,High Speed (Arterial),Yes,32.83664722,-97.13065556,Non-Intersection,Daylight,Clear,Unknown,Unknown if Notified,Unknown EMS Scene Arrival Hour,Unknown if Arrived,Not Applicable (Not Transported),Not Applicable (Not Transported),1,Daylight,Clear,1,1,['Driver'],['None_Used'],0,0,Valid,0.0,1.0,52.0,20.0,"['Male', 'Male']",0,0,5,1,5,Dry,Straight,Level,Lowest,No
33742,48,Texas,482834,0,3,3,0,3,FORT WORTH,October,2,Monday,21,30,Urban,High Speed (Arterial),Yes,32.908425,-97.31718611,Non-Intersection,Dark - Not Lighted,Clear,Unknown,Unknown if Notified,Unknown EMS Scene Arrival Hour,Unknown if Arrived,Not Applicable (Not Transported),Not Applicable (Not Transported),1,Dark - Unlighted,Clear,1,2,['Driver'],['None_Used'],0,0,Valid,2.0,1.0,34.0,21.0,"['Male', 'Male', 'Male']",1,0,5,1,5,Dry,Straight,Level,Lowest,No
33743,48,Texas,482836,1,1,1,0,1,HOUSTON,September,23,Saturday,18,26,Urban,High Speed (Arterial),No,29.70589167,-95.3904,Non-Intersection,Daylight,Clear,Unknown,Unknown if Notified,Unknown EMS Scene Arrival Hour,Unknown if Arrived,Not Applicable (Not Transported),Not Applicable (Not Transported),1,Daylight,Clear,0,1,[],[],0,0,Valid,0.0,0.0,42.0,42.0,['Female'],0,0,2,2,4,Dry,Straight,Level,Lowest,No
33744,48,Texas,482837,0,1,1,0,3,NOT APPLICABLE,October,1,Sunday,13,41,Rural,Medium Speed (Collector),No,30.33087222,-94.39970556,Non-Intersection,Daylight,Clear,Unknown,Unknown,Unknown EMS Scene Arrival Hour,Unknown EMS Scene Arrival Minutes,Unknown,Unknown EMS Hospital Arrival Time,1,Daylight,Clear,1,2,['Driver'],['Shoulder_Lapbelt'],0,0,Valid,0.0,1.0,72.0,72.0,['Female'],0,0,3,1,3,Dry,Curve,Level,Medium,No
33745,48,Texas,482838,0,2,2,0,2,NOT APPLICABLE,September,25,Monday,3,45,Urban,Medium Speed (Collector),No,31.09154444,-97.542525,Non-Intersection,Dark - Not Lighted,Clear,Unknown,Unknown if Notified,Unknown EMS Scene Arrival Hour,Unknown if Arrived,Not Applicable (Not Transported),Not Applicable (Not Transported),2,Dark - Unlighted,Clear,2,0,"['Driver', 'Driver']","['Shoulder_Lapbelt', 'Shoulder_Lapbelt']",1,1,Valid,1.0,0.0,46.0,30.0,"['Female', 'Male']",0,0,3,1,5,Dry,Straight,Level,Lowest,No
33746,48,Texas,482839,0,4,4,0,6,DALLAS,September,29,Friday,22,45,Urban,High Speed (Arterial),Yes,32.81471944,-96.86682222,Non-Intersection,Dark - Lighted,Clear,Unknown,Unknown,Unknown EMS Scene Arrival Hour,Unknown EMS Scene Arrival Minutes,Unknown,Unknown EMS Hospital Arrival Time,1,Dark - Lighted,Clear,1,5,['Driver'],['None_Used'],1,1,Invalid,0.0,3.0,42.0,19.0,"['Male', 'Female', 'Female', 'Male']",1,0,4,2,5,Dry,Straight,Grade/Hillcrest,Lowest,No
33747,48,Texas,482840,0,1,1,0,1,NOT APPLICABLE,September,19,Tuesday,14,38,Rural,Medium Speed (Collector),No,35.67211111,-102.30453611,Non-Intersection,Daylight,Clear,Unknown,Unknown,Unknown EMS Scene Arrival Hour,Unknown EMS Scene Arrival Minutes,Unknown,Unknown EMS Hospital Arrival Time,1,Daylight,Clear,1,0,['Driver'],['None_Used'],0,0,Invalid,0.0,0.0,56.0,56.0,['Male'],1,0,5,1,3,Dry,Curve,Grade/Hillcrest,Lowest,No
33748,48,Texas,482841,0,5,5,0,6,BUDA,September,15,Friday,3,35,Urban,High Speed (Arterial),Yes,30.08159167,-97.82273333,Non-Intersection,Dark - Not Lighted,Clear,Unknown,Unknown,Unknown EMS Scene Arrival Hour,Unknown EMS Scene Arrival Minutes,Unknown,Unknown EMS Hospital Arrival Time,1,Dark - Unlighted,Clear,1,5,['Driver'],['Shoulder_Lapbelt'],0,0,Valid,0.0,0.0,55.0,26.0,"['Male', 'Female', 'Female', 'Male', 'Male']",0,0,4,4,5,Dry,Straight,Level,Lowest,No
33749,48,Texas,482842,1,1,1,0,2,NOT APPLICABLE,September,28,Thursday,5,7,Rural,Medium Speed (Collector),No,30.8519,-97.81659444,Non-Intersection,Dark - Not Lighted,Clear,Unknown,Unknown,Unknown EMS Scene Arrival Hour,Unknown EMS Scene Arrival Minutes,Unknown,Unknown EMS Hospital Arrival Time,1,Dark - Unlighted,Clear,0,2,[],[],0,0,Valid,0.0,1.0,30.0,30.0,['Male'],0,0,2,2,4,Dry,Straight,Level,Lowest,No
33750,48,Texas,482843,1,1,1,0,1,DALLAS,September,29,Friday,1,33,Urban,Medium Speed (Collector),No,32.75173611,-96.64823333,Non-Intersection,Dark - Lighted,Clear,Unknown,Unknown,Unknown EMS Scene Arrival Hour,Unknown EMS Scene Arrival Minutes,Not Applicable (Not Transported),Not Applicable (Not Transported),1,Dark - Lighted,Clear,0,1,[],[],1,1,Valid,0.0,1.0,31.0,31.0,['Male'],0,0,3,2,4,Dry,Straight,Level,Lowest,No
33751,48,Texas,482844,0,2,2,0,4,NOT APPLICABLE,September,11,Monday,11,15,Urban,High Speed (Arterial),Yes,31.3885,-100.42073889,Complex/Circle,Daylight,Clear,11:00am-11:59am,36,11:00am-11:59am,45,11:00am-11:59am,59,1,Daylight,Clear,1,3,['Driver'],['Shoulder_Lapbelt'],0,0,Valid,1.0,0.0,78.0,23.0,"['Male', 'Male']",0,0,3,1,5,Dry,Straight,Level,Lowest,No
33752,48,Texas,482845,0,1,1,0,2,HOUSTON,October,3,Tuesday,22,30,Urban,High Speed (Arterial),No,29.65305,-95.52798056,Non-Intersection,Dark - Lighted,Rain,Unknown,Unknown,Unknown EMS Scene Arrival Hour,Unknown EMS Scene Arrival Minutes,Unknown,Unknown EMS Hospital Arrival Time,1,Dark - Lighted,Rain/Wind/Minor,1,1,['Front_Passenger'],['Shoulder_Lapbelt'],0,0,Valid,0.0,1.0,20.0,20.0,['Male'],2,0,2,1,3,Wet/Standing Water,Straight,Level,Lowest,No
33753,48,Texas,482846,0,3,3,0,7,SAN ANTONIO,September,24,Sunday,2,25,Urban,Medium Speed (Collector),No,29.55523333,-98.38254444,Non-Intersection,Dark - Lighted,Clear,Unknown,Unknown,Unknown EMS Scene Arrival Hour,Unknown EMS Scene Arrival Minutes,Unknown,Unknown EMS Hospital Arrival Time,1,Dark - Lighted,Clear,1,6,['Driver'],['None_Used'],1,2,Invalid,0.0,1.0,49.0,23.0,"['Male', 'Female', 'Male']",0,0,3,1,5,Dry,Curve,Grade/Hillcrest,Lowest,No
33754,48,Texas,482848,0,2,2,0,2,MESQUITE,October,3,Tuesday,19,24,Urban,Medium Speed (Collector),No,32.83363889,-96.65788611,Simple Junction,Daylight,Clear,Unknown,Unknown,Unknown EMS Scene Arrival Hour,Unknown EMS Scene Arrival Minutes,Unknown,Unknown EMS Hospital Arrival Time,1,Daylight,Clear,1,1,['Driver'],['None_Used'],1,1,Valid,0.0,1.0,57.0,55.0,"['Male', 'Female']",1,0,5,2,5,Dry,Straight,Level,Lowest,No
33755,48,Texas,482849,1,1,1,0,1,NOT APPLICABLE,September,29,Friday,19,40,Rural,High Speed (Arterial),Yes,30.74519167,-94.43058056,Non-Intersection,Dark - Not Lighted,Clear,Unknown,Unknown if Notified,Unknown EMS Scene Arrival Hour,Unknown if Arrived,Not Applicable (Not Transported),Not Applicable (Not Transported),1,Dark - Unlighted,Clear,0,1,[],[],0,0,Valid,0.0,0.0,18.0,18.0,['Male'],0,0,3,1,4,Dry,Straight,Grade/Hillcrest,Lowest,No
33756,48,Texas,482850,0,2,2,0,2,NOT APPLICABLE,September,26,Tuesday,19,56,Urban,High Speed (Arterial),Yes,31.78580278,-102.39202222,Non-Intersection,Dark - Not Lighted,Clear,Unknown,Unknown,Unknown EMS Scene Arrival Hour,Unknown EMS Scene Arrival Minutes,Unknown,Unknown EMS Hospital Arrival Time,1,Dark - Unlighted,Clear,1,1,['Driver'],['None_Used'],1,1,Valid,0.0,3.0,33.0,31.0,"['Male', 'Male']",0,0,3,1,5,Dry,Straight,Level,Lowest,No
33757,48,Texas,482851,0,1,1,0,1,NOT APPLICABLE,October,1,Sunday,15,25,Rural,Medium Speed (Collector),No,33.69416667,-102.46074444,Non-Intersection,Daylight,Clear,Unknown,Unknown,Unknown EMS Scene Arrival Hour,Unknown EMS Scene Arrival Minutes,Not Applicable (Not Transported),Not Applicable (Not Transported),1,Daylight,Clear,1,0,['Driver'],['None_Used'],0,0,Valid,0.0,0.0,15.0,15.0,['Male'],0,0,3,1,3,Dry,Straight,Level,Lowest,No
33758,48,Texas,482852,0,1,1,0,2,DENTON,September,29,Friday,9,23,Rural,High Speed (Arterial),Yes,33.29518056,-97.17800556,Non-Intersection,Daylight,Clear,Unknown,Unknown,Unknown EMS Scene Arrival Hour,Unknown EMS Scene Arrival Minutes,Unknown,Unknown EMS Hospital Arrival Time,1,Daylight,Clear,1,1,['Driver'],['None_Used'],0,0,Valid,0.0,2.0,23.0,23.0,['Male'],0,0,2,1,3,Dry,Straight,Grade/Hillcrest,Medium,No
33759,48,Texas,482853,1,1,1,0,1,NOT APPLICABLE,September,30,Saturday,4,45,Rural,Medium Speed (Collector),No,29.85154722,-94.995075,Non-Intersection,Dark - Not Lighted,Clear,Unknown,Unknown,Unknown EMS Scene Arrival Hour,Unknown EMS Scene Arrival Minutes,Unknown,Unknown EMS Hospital Arrival Time,1,Dark - Unlighted,Clear,0,0,[],[],0,0,Invalid,0.0,0.0,999.0,999.0,['Other'],0,0,1,1,4,Dry,Straight,Level,Lowest,No
33760,48,Texas,482854,1,1,1,0,1,GREENVILLE,October,2,Monday,20,23,Urban,Medium Speed (Collector),No,33.11866389,-96.09536111,Non-Intersection,Dark - Not Lighted,Clear,Unknown,Unknown,Unknown EMS Scene Arrival Hour,Unknown EMS Scene Arrival Minutes,Unknown,Unknown EMS Hospital Arrival Time,1,Dark - Unlighted,Clear,0,1,[],[],0,0,Invalid,1.0,1.0,24.0,24.0,['Female'],0,0,3,1,4,Dry,Straight,Grade/Hillcrest,Lowest,No
33761,48,Texas,482855,0,2,2,0,6,NOT APPLICABLE,September,23,Saturday,12,26,Rural,High Speed (Arterial),Yes,29.35528333,-98.83883889,Complex/Circle,Daylight,Clear,Unknown,Unknown,Unknown EMS Scene Arrival Hour,Unknown EMS Scene Arrival Minutes,Unknown,Unknown EMS Hospital Arrival Time,1,Daylight,Clear,1,5,['Rear_Seat'],['Shoulder_Lapbelt'],0,0,Invalid,0.0,0.0,46.0,21.0,"['Male', 'Female']",0,0,3,1,5,Dry,Straight,Level,Medium,No
33762,48,Texas,482856,0,1,1,0,1,NOT APPLICABLE,September,25,Monday,2,0,Rural,High Speed (Arterial),No,28.78719167,-99.12576944,Non-Intersection,Dark - Not Lighted,Clear,Unknown,Unknown,Unknown EMS Scene Arrival Hour,Unknown EMS Scene Arrival Minutes,Not Applicable (Not Transported),Not Applicable (Not Transported),1,Dark - Unlighted,Clear,1,0,['Driver'],['None_Used'],0,0,Valid,0.0,0.0,39.0,39.0,['Male'],0,0,2,1,3,Dry,Curve,Level,Medium,No
33763,48,Texas,482857,0,2,2,0,2,NOT APPLICABLE,September,23,Saturday,16,32,Rural,Medium Speed (Collector),No,32.40575,-95.65531389,Non-Intersection,Daylight,Clear,Unknown,Unknown if Notified,Unknown EMS Scene Arrival Hour,Unknown if Arrived,Not Applicable (Not Transported),Not Applicable (Not Transported),1,Daylight,Clear,1,1,['Driver'],['None_Used'],0,0,Invalid,0.0,0.0,63.0,58.0,"['Male', 'Female']",1,0,5,1,5,Dry,Curve,Grade/Hillcrest,Lowest,No
33764,48,Texas,482858,0,1,1,0,1,NOT APPLICABLE,October,1,Sunday,8,7,Rural,Medium Speed (Collector),No,29.07685833,-98.97289444,Non-Intersection,Daylight,Clear,Unknown,Unknown,Unknown EMS Scene Arrival Hour,Unknown EMS Scene Arrival Minutes,Not Applicable (Not Transported),Not Applicable (Not Transported),1,Daylight,Clear,1,0,['Driver'],['None_Used'],0,0,Valid,0.0,1.0,56.0,56.0,['Male'],0,0,2,1,3,Dry,Straight,Level,Lowest,No
33765,48,Texas,482859,0,1,1,0,1,PROSPER,October,1,Sunday,11,23,Urban,Medium Speed (Collector),No,33.25927222,-96.7675,Non-Intersection,Reported as Unknown,Clear,Unknown,Unknown if Notified,Unknown EMS Scene Arrival Hour,Unknown if Arrived,Not Applicable (Not Transported),Not Applicable (Not Transported),1,Dark - Unlighted,Clear,1,0,['Driver'],['Shoulder_Lapbelt'],0,0,Valid,1.0,0.0,94.0,94.0,['Male'],0,0,2,1,3,Dry,Curve,Level,Lowest,No
33766,48,Texas,482860,1,1,1,0,1,HOUSTON,September,27,Wednesday,14,38,Urban,Medium Speed (Collector),No,29.62475833,-95.50750278,Simple Junction,Daylight,Clear,Unknown,Unknown if Notified,Unknown EMS Scene Arrival Hour,Unknown if Arrived,Not Applicable (Not Transported),Not Applicable (Not Transported),1,Daylight,Clear,0,1,[],[],0,0,Valid,0.0,0.0,57.0,57.0,['Male'],0,0,3,2,4,Dry,Straight,Non-Trafficway,Lowest,No
33767,48,Texas,482861,0,2,2,0,6,NOT APPLICABLE,September,23,Saturday,16,15,Rural,High Speed (Arterial),Yes,31.71697778,-102.34970833,Simple Junction,Daylight,Clear,Unknown,Unknown,Unknown EMS Scene Arrival Hour,Unknown EMS Scene Arrival Minutes,Unknown,Unknown EMS Hospital Arrival Time,1,Daylight,Clear,1,5,['Driver'],['Shoulder_Lapbelt'],0,0,Valid,0.0,1.0,31.0,20.0,"['Female', 'Male']",4,0,3,1,5,Dry,Straight,Level,Lowest,No
33768,48,Texas,482862,0,2,2,0,4,NOT APPLICABLE,September,30,Saturday,13,15,Rural,High Speed (Arterial),Yes,33.60985833,-100.47271111,Non-Intersection,Daylight,Clear,Unknown,Unknown,Unknown EMS Scene Arrival Hour,Unknown EMS Scene Arrival Minutes,Unknown,Unknown EMS Hospital Arrival Time,3,Daylight,Clear,3,1,"['Driver', 'Front_Passenger', 'Rear_Seat']","['None_Used', 'Shoulder_Lapbelt', 'Child_Safety']",0,0,Valid,1.0,1.0,40.0,32.0,"['Male', 'Male']",0,0,3,1,5,Dry,Straight,Level,Lowest,No
33769,48,Texas,482863,0,2,2,0,4,FORT WORTH,September,14,Thursday,21,30,Urban,High Speed (Arterial),Yes,32.75042222,-97.17195556,Non-Intersection,Dark - Lighted,Cloudy,Unknown,Unknown if Notified,Unknown EMS Scene Arrival Hour,Unknown if Arrived,Not Applicable (Not Transported),Not Applicable (Not Transported),1,Dark - Lighted,Reduced Visibility,1,3,['Driver'],['None_Used'],0,0,Valid,0.0,0.0,47.0,37.0,"['Male', 'Male']",1,0,5,2,5,Dry,Straight,Grade/Hillcrest,Lowest,No