,State_Code,State_Name,Crash_ID,Count_Non_Motorists,Count_Vehicles_Total,Count_Vehicle_Forms,Count_PVH_Involved,Count_Occupants_MV,City_Name,Month_Name,Day_of_Month,Day_of_Week,Crash_Hour,Crash_Minute,Area_Rural_Urban,Road_Functional_Class,On_NHS_Road,Latitude,Longitude,Intersection_Type,Light_Condition,Weather_Condition,Notif_Hour,Notif_Minute,Arrival_Hour,Arrival_Minute,Hospital_Hour,Hospital_Minute,Fatalities_Count,Clean_Light_Condition,Clean_Weather_Condition,Total_Killed,Total_Alive,Fatal_Seats_List,Killed_Restraint_List,Any_Driver_Drinking,Total_Drinking_Drivers,Driver_License_Category,Driver_Max_Prev_Accident_Count,Driver_Max_Prev_Speeding_Count,Max_Driver_Age,Min_Driver_Age,Driver_Sex_List,Total_Exceeding_Limit_Vehicles,Total_Too_Fast_Vehicles,Max_Vehicle_Type_Severity_5,Max_Vehicle_Damage_Rank,Max_Harmful_Event_Severity,Crash_Road_Surface_Condition,Crash_Horizontal_Alignment,Crash_Vertical_Profile,Crash_Impairment_Category,Crash_Vehicle_Defect
33770,48,Texas,482864,0,3,3,0,4,NOT APPLICABLE,September,27,Wednesday,20,8,Urban,Medium Speed (Collector),No,32.39636389,-95.28274444,Non-Intersection,Dark - Not Lighted,Clear,Unknown,Unknown,Unknown EMS Scene Arrival Hour,Unknown EMS Scene Arrival Minutes,Unknown,Unknown EMS Hospital Arrival Time,1,Dark - Unlighted,Clear,1,3,['Driver'],['None_Used'],1,1,Valid,0.0,0.0,47.0,35.0,"['Male', 'Male', 'Female']",0,0,3,2,5,Dry,Curve,Level,Lowest,No
33771,48,Texas,482865,1,1,1,0,1,CORPUS CHRISTI,August,5,Saturday,0,23,Urban,High Speed (Arterial),Yes,27.76969444,-97.42027778,Non-Intersection,Dark - Lighted,Clear,Unknown,Unknown,Unknown EMS Scene Arrival Hour,Unknown EMS Scene Arrival Minutes,Unknown,Unknown EMS Hospital Arrival Time,1,Dark - Lighted,Clear,0,0,[],[],0,0,Invalid,0.0,0.0,999.0,999.0,['Other'],1,0,3,1,4,Dry,Straight,Level,Lowest,No
33772,48,Texas,482866,0,3,3,0,6,KAUFMAN,October,4,Wednesday,6,50,Urban,High Speed (Arterial),No,32.58408056,-96.301425,Complex/Circle,Dark - Unknown Lighting,Clear,Unknown,Unknown,Unknown EMS Scene Arrival Hour,Unknown EMS Scene Arrival Minutes,Unknown,Unknown EMS Hospital Arrival Time,1,Dark - Unlighted,Clear,1,5,['Driver'],['Shoulder_Lapbelt'],0,0,Valid,0.0,1.0,68.0,24.0,"['Female', 'Male', 'Male']",0,0,3,1,5,Dry,Straight,Level,Lowest,No
33773,48,Texas,482867,0,1,1,0,2,NOT APPLICABLE,September,26,Tuesday,6,33,Rural,High Speed (Arterial),Yes,32.17561389,-101.66173889,Simple Junction,Dawn,Clear,Unknown,Unknown,Unknown EMS Scene Arrival Hour,Unknown EMS Scene Arrival Minutes,Unknown,Unknown EMS Hospital Arrival Time,1,Twilight,Clear,1,1,['Driver'],['None_Used'],0,0,Valid,0.0,1.0,20.0,20.0,['Male'],2,0,3,1,3,Dry,Curve,Grade/Hillcrest,Lowest,No
33774,48,Texas,482868,0,1,1,0,1,SEYMOUR,September,27,Wednesday,13,16,Rural,High Speed (Arterial),Yes,33.49869722,-99.44948333,Non-Intersection,Daylight,Clear,Unknown,Unknown if Notified,Unknown EMS Scene Arrival Hour,Unknown if Arrived,Not Applicable (Not Transported),Not Applicable (Not Transported),1,Daylight,Clear,1,0,['Driver'],['None_Used'],0,0,Valid,0.0,0.0,62.0,62.0,['Male'],0,0,4,4,3,Dry,Straight,Grade/Hillcrest,Lowest,Yes
33775,48,Texas,482869,0,1,1,0,2,NOT APPLICABLE,September,18,Monday,15,42,Rural,Medium Speed (Collector),No,28.88465278,-99.60360833,Non-Intersection,Daylight,Clear,Unknown,Unknown,Unknown EMS Scene Arrival Hour,Unknown EMS Scene Arrival Minutes,Unknown,Unknown EMS Hospital Arrival Time,2,Daylight,Clear,2,0,"['Driver', 'Rear_Seat']","['None_Used', 'None_Used']",0,0,Invalid,0.0,0.0,47.0,47.0,['Male'],0,0,5,1,1,Dry,Straight,Level,Lowest,No
33776,48,Texas,482870,1,1,1,0,2,EULESS,October,6,Friday,9,6,Urban,Low Speed (Local),No,32.867675,-97.09508611,Complex/Circle,Daylight,Clear,Unknown,Unknown,Unknown EMS Scene Arrival Hour,Unknown EMS Scene Arrival Minutes,Unknown,Unknown EMS Hospital Arrival Time,1,Daylight,Clear,0,2,[],[],0,0,Valid,0.0,1.0,33.0,33.0,['Male'],0,0,2,1,4,Dry,Straight,Level,Lowest,No
33777,48,Texas,482871,0,2,2,0,4,NOT APPLICABLE,September,29,Friday,18,30,Rural,High Speed (Arterial),Yes,31.83962778,-102.4087,Complex/Circle,Daylight,Clear,Unknown,Unknown,Unknown EMS Scene Arrival Hour,Unknown EMS Scene Arrival Minutes,Unknown,Unknown EMS Hospital Arrival Time,1,Daylight,Clear,1,3,['Front_Passenger'],['Shoulder_Lapbelt'],0,0,Valid,0.0,0.0,72.0,22.0,"['Female', 'Male']",0,0,3,2,5,Dry,Straight,Level,Lowest,No
33778,48,Texas,482872,0,2,2,0,3,EDINBURG,September,9,Saturday,2,9,Urban,High Speed (Arterial),Yes,26.26191667,-98.17266667,Complex/Circle,Dark - Lighted,Clear,Unknown,Unknown,Unknown EMS Scene Arrival Hour,Unknown EMS Scene Arrival Minutes,Unknown,Unknown EMS Hospital Arrival Time,1,Dark - Lighted,Clear,1,2,['Driver'],['Shoulder_Lapbelt'],1,1,Valid,0.0,0.0,27.0,26.0,"['Male', 'Female']",0,0,3,1,5,Dry,Straight,Level,Lowest,No
33779,48,Texas,482873,0,2,2,0,2,NOT APPLICABLE,September,20,Wednesday,17,18,Rural,Medium Speed (Collector),No,29.84459722,-96.94624722,Simple Junction,Daylight,Clear,Unknown,Unknown,Unknown EMS Scene Arrival Hour,Unknown EMS Scene Arrival Minutes,Unknown,Unknown EMS Hospital Arrival Time,1,Daylight,Clear,1,1,['Driver'],['None_Used'],0,0,Invalid,0.0,0.0,96.0,75.0,"['Male', 'Female']",0,0,5,1,5,Dry,Straight,Non-Trafficway,Lowest,No
33780,48,Texas,482874,0,2,2,0,2,HOUSTON,September,30,Saturday,15,1,Urban,Medium Speed (Collector),No,29.83454444,-95.37153611,Complex/Circle,Daylight,Clear,Unknown,Unknown,Unknown EMS Scene Arrival Hour,Unknown EMS Scene Arrival Minutes,3:00pm-3:59pm,27,1,Daylight,Clear,1,1,['Front_Passenger'],['None_Used'],0,0,Invalid,0.0,0.0,43.0,43.0,['Male'],0,0,3,2,5,Dry,Straight,Level,Lowest,No
33781,48,Texas,482875,0,2,2,0,2,NOT APPLICABLE,October,4,Wednesday,5,34,Rural,High Speed (Arterial),Yes,31.57393056,-95.88225278,Non-Intersection,Dark - Not Lighted,Cloudy,Unknown,Unknown if Notified,Unknown EMS Scene Arrival Hour,Unknown if Arrived,Not Applicable (Not Transported),Not Applicable (Not Transported),1,Dark - Unlighted,Reduced Visibility,1,1,['Driver'],['Shoulder_Lapbelt'],0,0,Valid,1.0,1.0,59.0,52.0,"['Male', 'Male']",1,0,4,1,5,Wet/Standing Water,Curve,Grade/Hillcrest,Lowest,Yes
33782,48,Texas,482876,1,1,1,0,1,NOT APPLICABLE,September,29,Friday,9,10,Rural,Medium Speed (Collector),No,31.76143889,-93.8957,Non-Intersection,Daylight,Clear,Unknown,Unknown if Notified,Unknown EMS Scene Arrival Hour,Unknown if Arrived,Not Applicable (Not Transported),Not Applicable (Not Transported),1,Daylight,Clear,0,1,[],[],0,0,Valid,0.0,0.0,64.0,64.0,['Male'],0,0,1,2,4,Dry,Curve,Grade/Hillcrest,Highest,No
33783,48,Texas,482877,0,1,1,0,1,JARRELL,October,1,Sunday,7,0,Rural,High Speed (Arterial),Yes,30.83983333,-97.59733889,Non-Intersection,Dark - Not Lighted,Cloudy,Unknown,Unknown if Notified,Unknown EMS Scene Arrival Hour,Unknown if Arrived,Not Applicable (Not Transported),Not Applicable (Not Transported),1,Dark - Unlighted,Reduced Visibility,1,0,['Driver'],['None_Used'],0,0,Invalid,0.0,0.0,33.0,33.0,['Male'],0,0,3,1,3,Dry,Straight,Level,Lowest,No
33784,48,Texas,482878,1,1,1,0,1,NOT APPLICABLE,October,5,Thursday,20,20,Urban,Low Speed (Local),No,29.90178611,-95.48829722,Non-Intersection,Dark - Not Lighted,Cloudy,Unknown,Unknown,Unknown EMS Scene Arrival Hour,Unknown EMS Scene Arrival Minutes,Unknown,Unknown EMS Hospital Arrival Time,1,Dark - Unlighted,Reduced Visibility,0,1,[],[],1,1,Valid,0.0,0.0,30.0,30.0,['Male'],0,0,3,2,4,Dry,Straight,Level,Lowest,No
33785,48,Texas,482879,0,2,2,0,4,NOT APPLICABLE,October,7,Saturday,16,57,Urban,Medium Speed (Collector),No,29.44485556,-98.28255556,Complex/Circle,Daylight,Cloudy,Unknown,Unknown,Unknown EMS Scene Arrival Hour,Unknown EMS Scene Arrival Minutes,Not Applicable (Not Transported),Not Applicable (Not Transported),1,Daylight,Reduced Visibility,1,3,['Rear_Seat'],['Shoulder_Lapbelt'],0,0,Valid,0.0,0.0,19.0,17.0,"['Female', 'Male']",1,0,3,1,5,Dry,Straight,Level,Lowest,No
33786,48,Texas,482880,0,1,1,0,3,GLADEWATER,September,17,Sunday,2,50,Urban,Medium Speed (Collector),No,32.53698611,-94.94776944,Non-Intersection,Dark - Lighted,Clear,Unknown,Unknown,Unknown EMS Scene Arrival Hour,Unknown EMS Scene Arrival Minutes,Unknown,Unknown EMS Hospital Arrival Time,1,Dark - Lighted,Clear,1,2,['Front_Passenger'],['None_Used'],1,1,Valid,0.0,0.0,21.0,21.0,['Female'],0,0,2,1,3,Dry,Straight,Grade/Hillcrest,Lowest,No
33787,48,Texas,482881,0,1,1,0,2,DONNA,October,1,Sunday,7,16,Urban,Low Speed (Local),No,26.19029444,-98.05663889,Non-Intersection,Dark - Lighted,Clear,Unknown,Unknown,Unknown EMS Scene Arrival Hour,Unknown EMS Scene Arrival Minutes,Unknown,Unknown EMS Hospital Arrival Time,1,Dark - Lighted,Clear,1,1,['Front_Passenger'],['None_Used'],1,1,Invalid,0.0,0.0,19.0,19.0,['Female'],0,0,2,1,3,Dry,Straight,Level,Medium,No
33788,48,Texas,482882,0,2,2,0,2,NOT APPLICABLE,October,3,Tuesday,9,47,Urban,Medium Speed (Collector),No,29.92111667,-95.62861389,Complex/Circle,Daylight,Rain,Unknown,Unknown,Unknown EMS Scene Arrival Hour,Unknown EMS Scene Arrival Minutes,10:00am-10:59am,26,1,Daylight,Rain/Wind/Minor,1,1,['Driver'],['Shoulder_Lapbelt'],0,0,Valid,0.0,0.0,52.0,17.0,"['Male', 'Male']",0,0,3,1,5,Wet/Standing Water,Straight,Level,Lowest,No
33789,48,Texas,482883,0,1,1,0,1,NOT APPLICABLE,September,30,Saturday,15,26,Rural,Low Speed (Local),No,29.34327222,-95.89777778,Simple Junction,Daylight,Clear,Unknown,Unknown,Unknown EMS Scene Arrival Hour,Unknown EMS Scene Arrival Minutes,Not Applicable (Not Transported),Not Applicable (Not Transported),1,Daylight,Clear,1,0,['Driver'],['None_Used'],1,1,Valid,0.0,0.0,62.0,62.0,['Female'],0,0,3,1,3,Dry,Curve,Level,Lowest,No
33790,48,Texas,482884,0,1,1,0,2,SANTA FE,October,7,Saturday,4,0,Urban,Medium Speed (Collector),No,29.39126667,-95.07971944,Non-Intersection,Dark - Lighted,Clear,Unknown,Unknown if Notified,Unknown EMS Scene Arrival Hour,Unknown if Arrived,Not Applicable (Not Transported),Not Applicable (Not Transported),2,Dark - Lighted,Clear,2,0,"['Driver', 'Front_Passenger']","['None_Used', 'None_Used']",0,0,Valid,0.0,1.0,21.0,21.0,['Male'],2,0,3,1,3,Dry,Curve,Level,Lowest,No
33791,48,Texas,482885,0,2,2,0,2,NOT APPLICABLE,September,30,Saturday,13,5,Rural,Medium Speed (Collector),No,30.9828,-97.10238056,Non-Intersection,Daylight,Clear,Unknown,Unknown,Unknown EMS Scene Arrival Hour,Unknown EMS Scene Arrival Minutes,Unknown,Unknown EMS Hospital Arrival Time,1,Daylight,Clear,1,1,['Driver'],['Shoulder_Lapbelt'],0,0,Valid,0.0,0.0,55.0,28.0,"['Male', 'Male']",0,0,3,1,5,Dry,Straight,Level,Lowest,No
33792,48,Texas,482886,0,1,1,0,1,BELTON,October,3,Tuesday,6,33,Rural,High Speed (Arterial),Yes,31.00753056,-97.4879,Non-Intersection,Dark - Not Lighted,Clear,Unknown,Unknown if Notified,Unknown EMS Scene Arrival Hour,Unknown if Arrived,Not Applicable (Not Transported),Not Applicable (Not Transported),1,Dark - Unlighted,Clear,1,0,['Driver'],['Shoulder_Lapbelt'],0,0,Valid,1.0,0.0,21.0,21.0,['Female'],0,0,2,4,3,Dry,Straight,Level,Medium,No
33793,48,Texas,482887,0,4,3,1,4,ODESSA,September,19,Tuesday,14,49,Urban,Medium Speed (Collector),No,31.87760278,-102.33726667,Complex/Circle,Daylight,Clear,Unknown,Unknown,Unknown EMS Scene Arrival Hour,Unknown EMS Scene Arrival Minutes,Unknown,Unknown EMS Hospital Arrival Time,1,Daylight,Clear,1,3,['Driver'],['Shoulder_Lapbelt'],0,0,Valid,0.0,0.0,58.0,52.0,"['Female', 'Male', 'Female']",0,0,3,1,5,Dry,Straight,Level,Lowest,No
33794,48,Texas,482889,1,1,1,0,1,NOT APPLICABLE,September,28,Thursday,6,46,Urban,Medium Speed (Collector),No,29.71325556,-95.74398056,Non-Intersection,Dark - Lighted,Clear,Unknown,Unknown,Unknown EMS Scene Arrival Hour,Unknown EMS Scene Arrival Minutes,Unknown,Unknown EMS Hospital Arrival Time,1,Dark - Lighted,Clear,0,1,[],[],0,0,Valid,0.0,0.0,20.0,20.0,['Male'],1,0,2,2,4,Dry,Straight,Level,Lowest,No
33795,48,Texas,482890,0,1,1,0,1,NOT APPLICABLE,September,20,Wednesday,12,14,Rural,High Speed (Arterial),Yes,32.37571111,-99.09321389,Non-Intersection,Daylight,Clear,Unknown,Unknown if Notified,Unknown EMS Scene Arrival Hour,Unknown if Arrived,Not Applicable (Not Transported),Not Applicable (Not Transported),1,Daylight,Clear,1,0,['Driver'],['Shoulder_Lapbelt'],0,0,Valid,0.0,0.0,76.0,76.0,['Male'],0,0,3,1,3,Dry,Straight,Level,Lowest,No
33796,48,Texas,482891,0,2,2,0,2,NOT APPLICABLE,October,5,Thursday,13,38,Rural,Medium Speed (Collector),No,28.04585,-97.54773611,Non-Intersection,Daylight,Rain,Unknown,Unknown,Unknown EMS Scene Arrival Hour,Unknown EMS Scene Arrival Minutes,Unknown,Unknown EMS Hospital Arrival Time,1,Daylight,Rain/Wind/Minor,1,1,['Driver'],['Shoulder_Lapbelt'],0,0,Invalid,0.0,0.0,41.0,29.0,"['Female', 'Male']",1,0,2,4,5,Wet/Standing Water,Straight,Level,Lowest,Yes
33797,48,Texas,482892,0,3,3,0,4,NOT APPLICABLE,September,26,Tuesday,17,10,Urban,Medium Speed (Collector),No,26.13290556,-97.51754167,Complex/Circle,Daylight,Clear,Unknown,Unknown,Unknown EMS Scene Arrival Hour,Unknown EMS Scene Arrival Minutes,Unknown,Unknown EMS Hospital Arrival Time,2,Daylight,Clear,2,2,"['Driver', 'Rear_Seat']","['Shoulder_Lapbelt', 'Shoulder_Lapbelt']",0,0,Valid,1.0,2.0,66.0,24.0,"['Male', 'Female', 'Female']",0,0,3,4,5,Dry,Straight,Level,Lowest,No
33798,48,Texas,482893,1,1,1,0,1,NOT APPLICABLE,September,22,Friday,19,0,Rural,Medium Speed (Collector),No,31.77337778,-96.20645278,Non-Intersection,Daylight,Clear,Unknown,Unknown if Notified,Unknown EMS Scene Arrival Hour,Unknown if Arrived,Not Applicable (Not Transported),Not Applicable (Not Transported),1,Daylight,Clear,0,1,[],[],0,0,Valid,0.0,0.0,56.0,56.0,['Male'],0,0,3,2,4,Dry,Straight,Grade/Hillcrest,Lowest,No
33799,48,Texas,482894,0,1,1,0,1,NOT APPLICABLE,September,24,Sunday,12,5,Rural,Medium Speed (Collector),Yes,30.17499167,-102.79573611,Non-Intersection,Daylight,Clear,Unknown,Unknown,Unknown EMS Scene Arrival Hour,Unknown EMS Scene Arrival Minutes,Unknown,Unknown EMS Hospital Arrival Time,1,Daylight,Clear,1,0,['Driver'],['None_Used'],0,0,Valid,0.0,0.0,75.0,75.0,['Male'],1,0,5,1,3,Dry,Curve,Level,Lowest,Yes
33800,48,Texas,482895,0,2,2,0,2,NOT APPLICABLE,October,1,Sunday,21,5,Rural,High Speed (Arterial),Yes,32.18061944,-95.44206944,Non-Intersection,Dark - Not Lighted,Clear,Unknown,Unknown if Notified,Unknown EMS Scene Arrival Hour,Unknown if Arrived,Not Applicable (Not Transported),Not Applicable (Not Transported),1,Dark - Unlighted,Clear,1,1,['Driver'],['None_Used'],0,0,Valid,0.0,0.0,49.0,36.0,"['Female', 'Male']",1,0,4,1,5,Dry,Curve,Grade/Hillcrest,Lowest,No
33801,48,Texas,482896,0,2,2,0,2,NOT APPLICABLE,September,22,Friday,4,36,Rural,Medium Speed (Collector),No,29.14773611,-95.31625278,Non-Intersection,Dark - Not Lighted,Cloudy,Unknown,Unknown,Unknown EMS Scene Arrival Hour,Unknown EMS Scene Arrival Minutes,Unknown,Unknown EMS Hospital Arrival Time,1,Dark - Unlighted,Reduced Visibility,1,1,['Driver'],['Shoulder_Lapbelt'],0,0,Valid,0.0,0.0,24.0,23.0,"['Male', 'Male']",0,0,2,4,5,Dry,Straight,Grade/Hillcrest,Medium,No
33802,48,Texas,482897,1,2,1,1,1,NOT APPLICABLE,September,29,Friday,5,41,Rural,High Speed (Arterial),Yes,29.69012222,-96.93478333,Non-Intersection,Dark - Not Lighted,Clear,Unknown,Unknown,Unknown EMS Scene Arrival Hour,Unknown EMS Scene Arrival Minutes,Unknown,Unknown EMS Hospital Arrival Time,1,Dark - Unlighted,Clear,1,0,['Driver'],['None_Used'],0,0,Valid,0.0,0.0,52.0,52.0,['Male'],0,0,4,4,5,Dry,Straight,Level,Lowest,No
33803,48,Texas,482898,0,2,2,0,5,NOT APPLICABLE,September,27,Wednesday,17,30,Rural,High Speed (Arterial),Yes,31.80499444,-101.21964722,Non-Intersection,Daylight,Rain,Unknown,Unknown,Unknown EMS Scene Arrival Hour,Unknown EMS Scene Arrival Minutes,Unknown,Unknown EMS Hospital Arrival Time,1,Daylight,Rain/Wind/Minor,1,4,['Rear_Seat'],['Shoulder_Lapbelt'],0,0,Valid,1.0,1.0,38.0,20.0,"['Male', 'Female']",1,0,4,1,5,Wet/Standing Water,Curve,Grade/Hillcrest,Lowest,No
33804,48,Texas,482899,0,1,1,0,1,NOT APPLICABLE,September,12,Tuesday,15,1,Rural,Medium Speed (Collector),No,30.85391667,-95.10731111,Non-Intersection,Daylight,Clear,Unknown,Unknown if Notified,Unknown EMS Scene Arrival Hour,Unknown if Arrived,Not Applicable (Not Transported),Not Applicable (Not Transported),1,Daylight,Clear,1,0,['Driver'],['None_Used'],0,0,Valid,0.0,0.0,18.0,18.0,['Male'],1,0,2,1,3,Dry,Curve,Level,Lowest,No
33805,48,Texas,482900,2,2,1,1,1,FORT WORTH,October,5,Thursday,9,18,Urban,High Speed (Arterial),Yes,32.8027,-97.31894722,Non-Intersection,Daylight,Cloudy,Unknown,Unknown,Unknown EMS Scene Arrival Hour,Unknown EMS Scene Arrival Minutes,Unknown,Unknown EMS Hospital Arrival Time,1,Daylight,Reduced Visibility,0,1,[],[],0,0,Invalid,0.0,2.0,27.0,27.0,['Male'],1,0,2,1,4,Dry,Straight,Level,Lowest,No
33806,48,Texas,482901,0,2,2,0,4,ORANGE,October,7,Saturday,15,38,Urban,High Speed (Arterial),Yes,30.11711389,-93.7938,Non-Intersection,Daylight,Clear,Unknown,Unknown,Unknown EMS Scene Arrival Hour,Unknown EMS Scene Arrival Minutes,Unknown,Unknown EMS Hospital Arrival Time,2,Daylight,Clear,2,2,"['Driver', 'Front_Passenger']","['Shoulder_Lapbelt', 'Shoulder_Lapbelt']",0,0,Valid,0.0,0.0,65.0,30.0,"['Male', 'Female']",2,0,4,4,5,Dry,Straight,Level,Lowest,No
33807,48,Texas,482902,0,2,2,0,2,NOT APPLICABLE,September,24,Sunday,3,10,Rural,High Speed (Arterial),Yes,30.48219722,-96.17247778,Non-Intersection,Dark - Not Lighted,Clear,Unknown,Unknown,Unknown EMS Scene Arrival Hour,Unknown EMS Scene Arrival Minutes,Unknown,Unknown EMS Hospital Arrival Time,1,Dark - Unlighted,Clear,1,1,['Driver'],['None_Used'],1,1,Valid,0.0,0.0,48.0,26.0,"['Male', 'Female']",0,0,2,1,5,Dry,Straight,Level,Lowest,Yes
33808,48,Texas,482903,0,1,1,0,2,NOT APPLICABLE,September,4,Monday,15,9,Rural,Medium Speed (Collector),No,30.01182222,-97.64825,Non-Intersection,Daylight,Clear,Unknown,Unknown,Unknown EMS Scene Arrival Hour,Unknown EMS Scene Arrival Minutes,Unknown,Unknown EMS Hospital Arrival Time,1,Daylight,Clear,1,1,['Driver'],['None_Used'],0,0,Invalid,0.0,0.0,19.0,19.0,['Female'],0,0,3,1,3,Dry,Straight,Level,Lowest,No
33809,48,Texas,482904,0,2,2,0,3,NOT APPLICABLE,October,3,Tuesday,13,10,Urban,Medium Speed (Collector),No,29.94918056,-95.67542222,Non-Intersection,Daylight,Rain,Unknown,Unknown,Unknown EMS Scene Arrival Hour,Unknown EMS Scene Arrival Minutes,1:00pm-1:59pm,46,1,Daylight,Rain/Wind/Minor,1,2,['Driver'],['None_Used'],1,1,Valid,0.0,0.0,64.0,26.0,"['Female', 'Female']",0,0,4,1,5,Wet/Standing Water,Straight,Level,Lowest,No
33810,48,Texas,482905,0,1,1,0,1,NOT APPLICABLE,September,30,Saturday,17,5,Urban,Medium Speed (Collector),No,29.8803,-95.069,Non-Intersection,Daylight,Clear,Unknown,Unknown,Unknown EMS Scene Arrival Hour,Unknown EMS Scene Arrival Minutes,6:00pm-6:59pm,7,1,Daylight,Clear,1,0,['Driver'],['None_Used'],0,0,Invalid,0.0,0.0,14.0,14.0,['Male'],0,0,5,2,3,Dry,Straight,Level,Lowest,No
33811,48,Texas,482906,0,2,2,0,2,WACO,September,27,Wednesday,10,17,Urban,Medium Speed (Collector),No,31.59941111,-97.157925,Complex/Circle,Daylight,Clear,Unknown,Unknown,Unknown EMS Scene Arrival Hour,Unknown EMS Scene Arrival Minutes,Unknown,Unknown EMS Hospital Arrival Time,1,Daylight,Clear,1,1,['Driver'],['None_Used'],0,0,Valid,0.0,0.0,39.0,21.0,"['Male', 'Male']",0,0,5,1,5,Dry,Curve,Level,Lowest,No
33812,48,Texas,482907,0,3,3,0,3,AUSTIN,October,5,Thursday,4,42,Urban,High Speed (Arterial),Yes,30.22193889,-97.67581389,Non-Intersection,Dark - Lighted,Cloudy,Unknown,Unknown if Notified,Unknown EMS Scene Arrival Hour,Unknown if Arrived,Not Applicable (Not Transported),Not Applicable (Not Transported),1,Dark - Lighted,Reduced Visibility,1,2,['Driver'],['Shoulder_Lapbelt'],1,1,Invalid,0.0,0.0,63.0,27.0,"['Male', 'Male', 'Female']",1,0,3,4,5,Wet/Standing Water,Curve,Level,Lowest,No
33813,48,Texas,482908,1,2,2,0,1,CORINTH,October,9,Monday,9,13,Urban,Medium Speed (Collector),No,33.12975833,-97.06885278,Non-Intersection,Daylight,Clear,Unknown,Unknown,Unknown EMS Scene Arrival Hour,Unknown EMS Scene Arrival Minutes,Unknown,Unknown EMS Hospital Arrival Time,1,Daylight,Clear,0,1,[],[],0,0,Valid,0.0,0.0,24.0,24.0,['Male'],1,0,3,1,5,Dry,Straight,Level,Lowest,No
33814,48,Texas,482909,0,1,1,0,1,NOT APPLICABLE,October,1,Sunday,5,15,Rural,Medium Speed (Collector),No,28.78949167,-98.51736389,Non-Intersection,Dark - Not Lighted,Cloudy,Unknown,Unknown if Notified,Unknown EMS Scene Arrival Hour,Unknown if Arrived,Not Applicable (Not Transported),Not Applicable (Not Transported),1,Dark - Unlighted,Reduced Visibility,1,0,['Driver'],['None_Used'],1,1,Valid,0.0,0.0,19.0,19.0,['Male'],0,0,3,1,3,Dry,Straight,Grade/Hillcrest,Medium,No
33815,48,Texas,482910,0,1,1,0,1,DALLAS,September,15,Friday,16,20,Urban,Low Speed (Local),No,32.765275,-96.73938889,Non-Intersection,Daylight,Cloudy,Unknown,Unknown,Unknown EMS Scene Arrival Hour,Unknown EMS Scene Arrival Minutes,Unknown,Unknown EMS Hospital Arrival Time,1,Daylight,Reduced Visibility,1,0,['Driver'],['Shoulder_Lapbelt'],0,0,Invalid,0.0,0.0,60.0,60.0,['Male'],0,0,2,1,3,Dry,Straight,Level,Lowest,No
33816,48,Texas,482911,0,2,2,0,6,NOT APPLICABLE,September,17,Sunday,19,8,Rural,Low Speed (Local),No,32.31669444,-96.92142222,Complex/Circle,Daylight,Clear,Unknown,Unknown,Unknown EMS Scene Arrival Hour,Unknown EMS Scene Arrival Minutes,Unknown,Unknown EMS Hospital Arrival Time,2,Daylight,Clear,2,4,"['Driver', 'Rear_Seat']","['None_Used', 'None_Used']",0,0,Invalid,0.0,0.0,70.0,14.0,"['Male', 'Male']",0,0,5,4,5,Dry,Straight,Level,Lowest,No
33817,48,Texas,482912,0,2,2,0,3,NOT APPLICABLE,October,4,Wednesday,15,0,Rural,High Speed (Arterial),Yes,33.079425,-94.24739167,Non-Intersection,Daylight,Rain,Unknown,Unknown,Unknown EMS Scene Arrival Hour,Unknown EMS Scene Arrival Minutes,Unknown,Unknown EMS Hospital Arrival Time,1,Daylight,Rain/Wind/Minor,1,2,['Driver'],['None_Used'],0,0,Invalid,1.0,0.0,53.0,24.0,"['Female', 'Male']",2,0,4,4,5,Wet/Standing Water,Straight,Level,Lowest,Yes
33818,48,Texas,482913,0,2,2,0,2,FORT WORTH,September,27,Wednesday,0,32,Urban,High Speed (Arterial),No,32.63397222,-97.41444167,Non-Intersection,Dark - Lighted,Clear,Unknown,Unknown if Notified,Unknown EMS Scene Arrival Hour,Unknown if Arrived,Not Applicable (Not Transported),Not Applicable (Not Transported),1,Dark - Lighted,Clear,1,1,['Driver'],['Shoulder_Lapbelt'],1,1,Valid,0.0,0.0,32.0,22.0,"['Male', 'Female']",0,0,3,1,5,Dry,Straight,Grade/Hillcrest,Lowest,No
33819,48,Texas,482914,1,1,1,0,2,DALLAS,October,8,Sunday,1,50,Urban,High Speed (Arterial),Yes,32.79394722,-96.703375,Non-Intersection,Dark - Lighted,Clear,Unknown,Unknown if Notified,Unknown EMS Scene Arrival Hour,Unknown if Arrived,Not Applicable (Not Transported),Not Applicable (Not Transported),1,Dark - Lighted,Clear,0,2,[],[],0,0,Valid,0.0,0.0,32.0,32.0,['Male'],0,0,2,1,4,Dry,Straight,Level,Lowest,No