,State_Code,State_Name,Crash_ID,Count_Non_Motorists,Count_Vehicles_Total,Count_Vehicle_Forms,Count_PVH_Involved,Count_Occupants_MV,City_Name,Month_Name,Day_of_Month,Day_of_Week,Crash_Hour,Crash_Minute,Area_Rural_Urban,Road_Functional_Class,On_NHS_Road,Latitude,Longitude,Intersection_Type,Light_Condition,Weather_Condition,Notif_Hour,Notif_Minute,Arrival_Hour,Arrival_Minute,Hospital_Hour,Hospital_Minute,Fatalities_Count,Clean_Light_Condition,Clean_Weather_Condition,Total_Killed,Total_Alive,Fatal_Seats_List,Killed_Restraint_List,Any_Driver_Drinking,Total_Drinking_Drivers,Driver_License_Category,Driver_Max_Prev_Accident_Count,Driver_Max_Prev_Speeding_Count,Max_Driver_Age,Min_Driver_Age,Driver_Sex_List,Total_Exceeding_Limit_Vehicles,Total_Too_Fast_Vehicles,Max_Vehicle_Type_Severity_5,Max_Vehicle_Damage_Rank,Max_Harmful_Event_Severity,Crash_Road_Surface_Condition,Crash_Horizontal_Alignment,Crash_Vertical_Profile,Crash_Impairment_Category,Crash_Vehicle_Defect
33820,48,Texas,482915,0,1,1,0,1,DALLAS,October,8,Sunday,2,22,Urban,High Speed (Arterial),Yes,32.812075,-96.86256667,Non-Intersection,Dark - Lighted,Clear,Unknown,Unknown if Notified,Unknown EMS Scene Arrival Hour,Unknown if Arrived,Not Applicable (Not Transported),Not Applicable (Not Transported),1,Dark - Lighted,Clear,1,0,['Driver'],['Shoulder_Lapbelt'],1,1,Valid,2.0,0.0,23.0,23.0,['Male'],0,0,2,4,3,Dry,Straight,Grade/Hillcrest,Lowest,No
33821,48,Texas,482916,0,1,1,0,1,BULVERDE,October,1,Sunday,18,49,Urban,Medium Speed (Collector),No,29.74239444,-98.4427,Non-Intersection,Daylight,Clear,Unknown,Unknown,Unknown EMS Scene Arrival Hour,Unknown EMS Scene Arrival Minutes,Not Applicable (Not Transported),Not Applicable (Not Transported),1,Daylight,Clear,1,0,['Driver'],['Shoulder_Lapbelt'],0,0,Invalid,0.0,0.0,23.0,23.0,['Male'],1,0,2,1,3,Dry,Curve,Level,Lowest,No
33822,48,Texas,482917,1,1,1,0,1,VON ORMY,September,27,Wednesday,7,26,Urban,Medium Speed (Collector),No,29.28808056,-98.64628889,Non-Intersection,Reported as Unknown,Reported as Unknown,Unknown,Unknown if Notified,Unknown EMS Scene Arrival Hour,Unknown if Arrived,Not Applicable (Not Transported),Not Applicable (Not Transported),1,Dark - Unlighted,Clear,0,1,[],[],0,0,Valid,0.0,0.0,24.0,24.0,['Male'],1,0,3,1,4,Dry,Straight,Level,Lowest,No
33823,48,Texas,482918,0,1,1,0,2,SAN ANTONIO,October,8,Sunday,10,2,Rural,High Speed (Arterial),Yes,29.37440833,-98.77157222,Non-Intersection,Daylight,Clear,Unknown,Unknown,Unknown EMS Scene Arrival Hour,Unknown EMS Scene Arrival Minutes,Unknown,Unknown EMS Hospital Arrival Time,1,Daylight,Clear,1,1,['Driver'],['None_Used'],0,0,Valid,0.0,0.0,17.0,17.0,['Male'],2,0,3,1,3,Dry,Curve,Level,Lowest,Yes
33824,48,Texas,482919,0,1,1,0,2,NOT APPLICABLE,October,9,Monday,22,27,Urban,High Speed (Arterial),Yes,29.286575,-98.648725,Non-Intersection,Dark - Lighted,Clear,Unknown,Unknown if Notified,Unknown EMS Scene Arrival Hour,Unknown if Arrived,Not Applicable (Not Transported),Not Applicable (Not Transported),1,Dark - Lighted,Clear,1,1,['Non_Standard_Risk'],['None_Used'],0,0,Invalid,0.0,0.0,29.0,29.0,['Male'],0,0,4,1,1,Dry,Straight,Level,Lowest,No
33825,48,Texas,482920,1,1,1,0,1,PLANO,October,5,Thursday,22,58,Urban,Medium Speed (Collector),No,33.11740278,-96.75075,Non-Intersection,Dark - Lighted,Clear,Unknown,Unknown if Notified,Unknown EMS Scene Arrival Hour,Unknown if Arrived,Not Applicable (Not Transported),Not Applicable (Not Transported),1,Dark - Lighted,Clear,0,1,[],[],0,0,Invalid,0.0,2.0,34.0,34.0,['Male'],0,0,3,2,4,Dry,Straight,Level,Lowest,No
33826,48,Texas,482921,0,2,2,0,3,NOT APPLICABLE,October,7,Saturday,13,54,Rural,Low Speed (Local),No,29.78216944,-98.03611111,Non-Intersection,Daylight,Clear,Unknown,Unknown,Unknown EMS Scene Arrival Hour,Unknown EMS Scene Arrival Minutes,Unknown,Unknown EMS Hospital Arrival Time,1,Daylight,Clear,1,2,['Driver'],['None_Used'],0,0,Valid,0.0,0.0,64.0,43.0,"['Male', 'Female']",0,0,5,1,5,Dry,Straight,Level,Lowest,No
33827,48,Texas,482922,0,2,2,0,3,PLANO,September,19,Tuesday,12,55,Urban,Medium Speed (Collector),No,33.08756389,-96.80833333,Simple Junction,Daylight,Cloudy,Unknown,Unknown,Unknown EMS Scene Arrival Hour,Unknown EMS Scene Arrival Minutes,Unknown,Unknown EMS Hospital Arrival Time,1,Daylight,Reduced Visibility,1,2,['Front_Passenger'],['Shoulder_Only'],0,0,Valid,0.0,0.0,86.0,23.0,"['Male', 'Female']",1,0,3,1,5,Dry,Curve,Level,Lowest,No
33828,48,Texas,482923,0,2,2,0,2,NOT APPLICABLE,October,7,Saturday,18,2,Rural,Medium Speed (Collector),No,32.57155556,-97.49076944,Non-Intersection,Daylight,Clear,Unknown,Unknown,Unknown EMS Scene Arrival Hour,Unknown EMS Scene Arrival Minutes,Unknown,Unknown EMS Hospital Arrival Time,1,Daylight,Clear,1,1,['Driver'],['None_Used'],0,0,Valid,0.0,0.0,70.0,56.0,"['Male', 'Male']",1,0,5,2,3,Dry,Curve,Level,Lowest,No
33829,48,Texas,482924,0,2,2,0,2,LUCAS,October,5,Thursday,6,16,Urban,Medium Speed (Collector),No,33.08534722,-96.59752222,Simple Junction,Dark - Not Lighted,Clear,Unknown,Unknown,Unknown EMS Scene Arrival Hour,Unknown EMS Scene Arrival Minutes,Unknown,Unknown EMS Hospital Arrival Time,1,Dark - Unlighted,Clear,1,1,['Driver'],['None_Used'],0,0,Valid,0.0,0.0,47.0,17.0,"['Female', 'Male']",0,0,5,1,5,Wet/Standing Water,Straight,Level,Lowest,No
33830,48,Texas,482925,0,1,1,0,1,NOT APPLICABLE,September,30,Saturday,14,42,Rural,Medium Speed (Collector),No,30.34586389,-95.11631111,Non-Intersection,Daylight,Clear,Unknown,Unknown,Unknown EMS Scene Arrival Hour,Unknown EMS Scene Arrival Minutes,Unknown,Unknown EMS Hospital Arrival Time,1,Daylight,Clear,1,0,['Driver'],['None_Used'],0,0,Valid,0.0,0.0,42.0,42.0,['Male'],1,0,5,1,3,Dry,Curve,Level,Lowest,No
33831,48,Texas,482926,1,1,1,0,1,SAN ANTONIO,October,6,Friday,19,40,Urban,High Speed (Arterial),Yes,29.45455556,-98.55140833,Non-Intersection,Dark - Lighted,Clear,Unknown,Unknown,Unknown EMS Scene Arrival Hour,Unknown EMS Scene Arrival Minutes,Unknown,Unknown EMS Hospital Arrival Time,1,Dark - Lighted,Clear,0,1,[],[],0,0,Invalid,0.0,0.0,54.0,54.0,['Male'],0,0,1,2,4,Dry,Straight,Level,Lowest,No
33832,48,Texas,482927,1,2,2,0,2,IRVING,September,30,Saturday,4,8,Urban,High Speed (Arterial),Yes,32.83707778,-96.91373889,Non-Intersection,Dark - Not Lighted,Clear,Unknown,Unknown,Unknown EMS Scene Arrival Hour,Unknown EMS Scene Arrival Minutes,Unknown,Unknown EMS Hospital Arrival Time,1,Dark - Unlighted,Clear,0,2,[],[],0,0,Valid,0.0,0.0,45.0,45.0,['Male'],0,0,3,1,5,Dry,Straight,Grade/Hillcrest,Lowest,No
33833,48,Texas,482928,0,1,1,0,2,IRVING,October,1,Sunday,16,49,Urban,High Speed (Arterial),Yes,32.82163333,-96.99398333,Complex/Circle,Daylight,Clear,Unknown,Unknown,Unknown EMS Scene Arrival Hour,Unknown EMS Scene Arrival Minutes,Unknown,Unknown EMS Hospital Arrival Time,1,Daylight,Clear,1,1,['Front_Passenger'],['None_Used'],0,0,Valid,0.0,0.0,40.0,40.0,['Male'],0,0,3,1,3,Dry,Straight,Level,Lowest,No
33834,48,Texas,482929,0,2,2,0,2,ODESSA,September,7,Thursday,2,51,Urban,Medium Speed (Collector),No,31.92606111,-102.30607778,Non-Intersection,Dark - Not Lighted,Clear,Unknown,Unknown if Notified,Unknown EMS Scene Arrival Hour,Unknown if Arrived,Not Applicable (Not Transported),Not Applicable (Not Transported),2,Dark - Unlighted,Clear,2,0,"['Driver', 'Driver']","['Shoulder_Lapbelt', 'Shoulder_Lapbelt']",1,2,Invalid,0.0,3.0,30.0,19.0,"['Male', 'Female']",0,0,2,1,5,Dry,Curve,Level,Lowest,No
33835,48,Texas,482930,0,2,2,0,2,NOT APPLICABLE,October,5,Thursday,20,55,Rural,Medium Speed (Collector),No,30.532125,-95.91796944,Non-Intersection,Dark - Not Lighted,Clear,Unknown,Unknown,Unknown EMS Scene Arrival Hour,Unknown EMS Scene Arrival Minutes,Unknown,Unknown EMS Hospital Arrival Time,1,Dark - Unlighted,Clear,1,1,['Driver'],['None_Used'],1,1,Valid,0.0,1.0,65.0,23.0,"['Male', 'Male']",0,0,2,1,5,Dry,Straight,Grade/Hillcrest,Lowest,No
33836,48,Texas,482931,1,1,1,0,1,NOT APPLICABLE,October,8,Sunday,20,4,Rural,Medium Speed (Collector),No,34.86362778,-100.21975,Non-Intersection,Dark - Not Lighted,Clear,Unknown,Unknown if Notified,Unknown EMS Scene Arrival Hour,Unknown if Arrived,Not Applicable (Not Transported),Not Applicable (Not Transported),1,Dark - Unlighted,Clear,0,1,[],[],0,0,Valid,0.0,0.0,16.0,16.0,['Female'],1,0,2,1,4,Dry,Straight,Level,Lowest,No
33837,48,Texas,482932,0,1,1,0,1,NOT APPLICABLE,October,2,Monday,11,0,Rural,Medium Speed (Collector),No,32.35022778,-101.87358889,Simple Junction,Daylight,Clear,Unknown,Unknown if Notified,Unknown EMS Scene Arrival Hour,Unknown if Arrived,Not Applicable (Not Transported),Not Applicable (Not Transported),1,Daylight,Clear,1,0,['Driver'],['Shoulder_Lapbelt'],0,0,Valid,0.0,0.0,56.0,56.0,['Male'],1,0,4,1,3,Dry,Straight,Level,Lowest,No
33838,48,Texas,482933,0,2,2,0,3,NOT APPLICABLE,September,27,Wednesday,19,54,Urban,Medium Speed (Collector),No,30.05611944,-95.435675,Non-Intersection,Dark - Lighted,Clear,Unknown,Unknown if Notified,Unknown EMS Scene Arrival Hour,Unknown if Arrived,Not Applicable (Not Transported),Not Applicable (Not Transported),1,Dark - Lighted,Clear,1,2,['Driver'],['None_Used'],1,1,Valid,0.0,0.0,61.0,39.0,"['Male', 'Male']",1,0,5,2,5,Dry,Straight,Level,Lowest,No
33839,48,Texas,482934,1,1,1,0,1,CORPUS CHRISTI,October,10,Tuesday,19,38,Urban,Medium Speed (Collector),No,27.66785278,-97.28275,Non-Intersection,Dark - Lighted,Rain,Unknown,Unknown,Unknown EMS Scene Arrival Hour,Unknown EMS Scene Arrival Minutes,Unknown,Unknown EMS Hospital Arrival Time,1,Dark - Lighted,Rain/Wind/Minor,0,1,[],[],0,0,Valid,0.0,0.0,30.0,30.0,['Male'],0,0,2,2,4,Wet/Standing Water,Straight,Level,Lowest,No
33840,48,Texas,482935,1,1,1,0,1,CORPUS CHRISTI,October,11,Wednesday,5,41,Urban,High Speed (Arterial),No,27.73824722,-97.42569444,Non-Intersection,Dark - Lighted,Rain,Unknown,Unknown,Unknown EMS Scene Arrival Hour,Unknown EMS Scene Arrival Minutes,Unknown,Unknown EMS Hospital Arrival Time,1,Dark - Lighted,Rain/Wind/Minor,0,1,[],[],0,0,Valid,0.0,0.0,63.0,63.0,['Male'],0,0,3,2,4,Wet/Standing Water,Straight,Level,Lowest,No
33841,48,Texas,482936,0,1,1,0,1,NOT APPLICABLE,October,1,Sunday,16,0,Rural,Medium Speed (Collector),No,32.98324444,-96.18098056,Non-Intersection,Daylight,Clear,Unknown,Unknown,Unknown EMS Scene Arrival Hour,Unknown EMS Scene Arrival Minutes,Unknown,Unknown EMS Hospital Arrival Time,1,Daylight,Clear,1,0,['Driver'],['None_Used'],0,0,Valid,0.0,0.0,50.0,50.0,['Male'],1,0,5,1,3,Dry,Straight,Level,Lowest,No
33842,48,Texas,482937,0,1,1,0,1,ROUND ROCK,October,7,Saturday,5,41,Urban,Medium Speed (Collector),No,30.55547222,-97.60959444,Non-Intersection,Daylight,Clear,Unknown,Unknown if Notified,Unknown EMS Scene Arrival Hour,Unknown if Arrived,Not Applicable (Not Transported),Not Applicable (Not Transported),1,Daylight,Clear,1,0,['Driver'],['None_Used'],0,0,Valid,0.0,0.0,34.0,34.0,['Male'],1,0,5,1,2,Dry,Curve,Level,Lowest,No
33843,48,Texas,482938,0,2,1,1,1,LUBBOCK,August,5,Saturday,15,51,Urban,Low Speed (Local),No,33.53584167,-101.8575,Non-Intersection,Daylight,Clear,Unknown,Unknown,Unknown EMS Scene Arrival Hour,Unknown EMS Scene Arrival Minutes,Unknown,Unknown EMS Hospital Arrival Time,1,Daylight,Clear,1,0,['Driver'],['None_Used'],0,0,Valid,1.0,0.0,58.0,58.0,['Female'],1,0,5,1,5,Dry,Straight,Non-Trafficway,Lowest,No
33844,48,Texas,482939,1,1,1,0,1,SAN ANTONIO,October,12,Thursday,21,21,Urban,Medium Speed (Collector),No,29.49597778,-98.55547222,Complex/Circle,Dark - Lighted,Clear,Unknown,Unknown,Unknown EMS Scene Arrival Hour,Unknown EMS Scene Arrival Minutes,Unknown,Unknown EMS Hospital Arrival Time,1,Dark - Lighted,Clear,0,1,[],[],0,0,Valid,1.0,2.0,19.0,19.0,['Female'],1,0,3,2,4,Dry,Straight,Level,Lowest,No
33845,48,Texas,482940,0,2,2,0,4,TEXARKANA,October,10,Tuesday,6,39,Urban,Medium Speed (Collector),No,33.38709722,-94.06638056,Simple Junction,Dark - Lighted,Clear,Unknown,Unknown,Unknown EMS Scene Arrival Hour,Unknown EMS Scene Arrival Minutes,Unknown,Unknown EMS Hospital Arrival Time,1,Dark - Lighted,Clear,1,3,['Driver'],['None_Used'],0,0,Valid,0.0,0.0,47.0,31.0,"['Male', 'Male']",0,0,5,4,5,Dry,Straight,Level,Lowest,No
33846,48,Texas,482941,0,1,1,0,1,GALVESTON,September,30,Saturday,20,19,Urban,Medium Speed (Collector),No,29.25458889,-94.85319167,Non-Intersection,Dark - Not Lighted,Clear,Unknown,Unknown if Notified,Unknown EMS Scene Arrival Hour,Unknown if Arrived,Not Applicable (Not Transported),Not Applicable (Not Transported),1,Dark - Unlighted,Clear,1,0,['Driver'],['None_Used'],1,1,Valid,3.0,0.0,68.0,68.0,['Male'],0,0,3,1,3,Dry,Straight,Level,Lowest,No
33847,48,Texas,482942,0,2,1,1,2,CLEVELAND,October,11,Wednesday,16,12,Urban,High Speed (Arterial),Yes,30.32364167,-95.10196111,Non-Intersection,Daylight,Clear,Unknown,Unknown,Unknown EMS Scene Arrival Hour,Unknown EMS Scene Arrival Minutes,Unknown,Unknown EMS Hospital Arrival Time,1,Daylight,Clear,1,1,['Driver'],['None_Used'],0,0,Valid,0.0,3.0,26.0,26.0,['Male'],0,0,3,1,5,Dry,Straight,Level,Lowest,No
33848,48,Texas,482943,0,1,1,0,1,LANCASTER,September,25,Monday,21,47,Urban,Medium Speed (Collector),No,32.61518889,-96.8058,Simple Junction,Dark - Lighted,Clear,Unknown,Unknown,Unknown EMS Scene Arrival Hour,Unknown EMS Scene Arrival Minutes,Unknown,Unknown EMS Hospital Arrival Time,1,Dark - Lighted,Clear,1,0,['Driver'],['None_Used'],1,1,Valid,0.0,1.0,48.0,48.0,['Female'],0,0,5,1,2,Dry,Straight,Level,Lowest,No
33849,48,Texas,482944,1,3,3,0,3,BASTROP,September,22,Friday,1,44,Urban,High Speed (Arterial),Yes,30.11129722,-97.34990556,Non-Intersection,Dark - Lighted,Clear,Unknown,Unknown,Unknown EMS Scene Arrival Hour,Unknown EMS Scene Arrival Minutes,Not Applicable (Not Transported),Not Applicable (Not Transported),1,Dark - Lighted,Clear,0,3,[],[],0,0,Valid,0.0,0.0,43.0,42.0,"['Male', 'Male']",0,0,4,4,5,Dry,Straight,Grade/Hillcrest,Lowest,No
33850,48,Texas,482945,0,1,1,0,1,GARLAND,September,3,Sunday,16,2,Urban,High Speed (Arterial),Yes,32.95341944,-96.66534444,Non-Intersection,Daylight,Clear,Unknown,Unknown,Unknown EMS Scene Arrival Hour,Unknown EMS Scene Arrival Minutes,Unknown,Unknown EMS Hospital Arrival Time,1,Daylight,Clear,1,0,['Driver'],['Shoulder_Lapbelt'],0,0,Valid,0.0,0.0,66.0,66.0,['Male'],0,0,3,2,3,Dry,Straight,Level,Medium,No
33851,48,Texas,482946,0,1,1,0,1,NOT APPLICABLE,October,3,Tuesday,6,45,Rural,High Speed (Arterial),Yes,31.29866111,-100.45210556,Non-Intersection,Dark - Not Lighted,Cloudy,6:00am-6:59am,43,6:00am-6:59am,58,7:00am-7:59am,23,1,Dark - Unlighted,Reduced Visibility,1,0,['Driver'],['None_Used'],0,0,Valid,1.0,0.0,47.0,47.0,['Male'],0,0,4,4,3,Dry,Straight,Level,Lowest,Yes
33852,48,Texas,482947,2,1,1,0,1,MARSHALL,April,22,Saturday,2,15,Urban,High Speed (Arterial),Yes,32.49855833,-94.35729167,Non-Intersection,Dark - Not Lighted,Cloudy,Unknown,Unknown,Unknown EMS Scene Arrival Hour,Unknown EMS Scene Arrival Minutes,Unknown,Unknown EMS Hospital Arrival Time,1,Dark - Unlighted,Reduced Visibility,0,1,[],[],0,0,Valid,0.0,0.0,74.0,74.0,['Male'],0,0,4,1,4,Dry,Straight,Grade/Hillcrest,Lowest,No
33853,48,Texas,482948,0,1,1,0,3,SAN ANTONIO,October,14,Saturday,2,13,Urban,Medium Speed (Collector),Yes,29.52243056,-98.39546667,Non-Intersection,Dark - Not Lighted,Clear,Unknown,Unknown,Unknown EMS Scene Arrival Hour,Unknown EMS Scene Arrival Minutes,Unknown,Unknown EMS Hospital Arrival Time,1,Dark - Unlighted,Clear,1,2,['Driver'],['Shoulder_Lapbelt'],1,1,Valid,2.0,2.0,23.0,23.0,['Male'],3,0,2,1,3,Dry,Curve,Level,Lowest,No
33854,48,Texas,482949,1,1,1,0,1,ALICE,October,13,Friday,20,41,Rural,Low Speed (Local),No,27.74187778,-98.04350556,Non-Intersection,Dark - Not Lighted,Clear,Unknown,Unknown,Unknown EMS Scene Arrival Hour,Unknown EMS Scene Arrival Minutes,Unknown,Unknown EMS Hospital Arrival Time,1,Dark - Unlighted,Clear,0,1,[],[],0,0,Valid,0.0,0.0,43.0,43.0,['Female'],0,0,3,1,4,Dry,Straight,Level,Lowest,No
33855,48,Texas,482950,1,1,1,0,1,MCKINNEY,September,22,Friday,23,29,Urban,Medium Speed (Collector),No,33.13416111,-96.70901111,Non-Intersection,Dark - Not Lighted,Clear,Unknown,Unknown if Notified,Unknown EMS Scene Arrival Hour,Unknown if Arrived,Not Applicable (Not Transported),Not Applicable (Not Transported),1,Dark - Unlighted,Clear,0,0,[],[],0,0,Invalid,0.0,0.0,999.0,999.0,['Other'],0,0,2,3,4,Dry,Straight,Level,Lowest,No
33856,48,Texas,482951,1,1,1,0,1,MCKINNEY,September,27,Wednesday,15,55,Urban,High Speed (Arterial),Yes,33.21696389,-96.64048611,Non-Intersection,Daylight,Clear,Unknown,Unknown,Unknown EMS Scene Arrival Hour,Unknown EMS Scene Arrival Minutes,Unknown,Unknown EMS Hospital Arrival Time,1,Daylight,Clear,0,1,[],[],0,0,Valid,0.0,0.0,50.0,50.0,['Male'],0,0,2,2,4,Dry,Straight,Level,Lowest,No
33857,48,Texas,482952,0,2,2,0,3,NOT APPLICABLE,October,4,Wednesday,15,50,Urban,High Speed (Arterial),Yes,29.89640278,-95.203675,Complex/Circle,Daylight,Cloudy,Unknown,Unknown,Unknown EMS Scene Arrival Hour,Unknown EMS Scene Arrival Minutes,Unknown,Unknown EMS Hospital Arrival Time,1,Daylight,Reduced Visibility,1,2,['Front_Passenger'],['None_Used'],0,0,Valid,1.0,1.0,56.0,18.0,"['Male', 'Male']",0,0,4,4,5,Dry,Straight,Level,Lowest,No
33858,48,Texas,482953,0,1,1,0,1,NOT APPLICABLE,September,30,Saturday,3,4,Urban,Low Speed (Local),No,30.02065,-95.43913056,Simple Junction,Dark - Lighted,Clear,Unknown,Unknown if Notified,Unknown EMS Scene Arrival Hour,Unknown if Arrived,Not Applicable (Not Transported),Not Applicable (Not Transported),1,Dark - Lighted,Clear,1,0,['Driver'],['Shoulder_Lapbelt'],1,1,Valid,0.0,1.0,32.0,32.0,['Female'],0,0,3,4,3,Dry,Straight,Level,Lowest,No
33859,48,Texas,482954,0,2,2,0,2,NOT APPLICABLE,September,25,Monday,20,50,Urban,High Speed (Arterial),Yes,33.38828611,-94.10907222,Complex/Circle,Dark - Lighted,Clear,Unknown,Unknown,Unknown EMS Scene Arrival Hour,Unknown EMS Scene Arrival Minutes,Unknown,Unknown EMS Hospital Arrival Time,1,Dark - Lighted,Clear,1,1,['Driver'],['Shoulder_Lapbelt'],0,0,Valid,0.0,0.0,51.0,38.0,"['Female', 'Male']",0,0,4,1,5,Dry,Straight,Level,Lowest,No
33860,48,Texas,482955,0,2,2,0,2,SAN ANTONIO,October,15,Sunday,3,10,Urban,High Speed (Arterial),Yes,29.35873333,-98.62550833,Simple Junction,Dark - Lighted,Cloudy,Unknown,Unknown if Notified,Unknown EMS Scene Arrival Hour,Unknown if Arrived,Not Applicable (Not Transported),Not Applicable (Not Transported),1,Dark - Lighted,Reduced Visibility,1,1,['Front_Passenger'],['None_Used'],1,1,Valid,0.0,1.0,41.0,41.0,['Male'],0,0,4,3,5,Dry,Straight,Level,Lowest,No
33861,48,Texas,482956,1,1,1,0,1,HOUSTON,October,7,Saturday,22,38,Urban,High Speed (Arterial),Yes,29.87183611,-95.40904167,Non-Intersection,Dark - Lighted,Clear,Unknown,Unknown,Unknown EMS Scene Arrival Hour,Unknown EMS Scene Arrival Minutes,Unknown,Unknown EMS Hospital Arrival Time,1,Dark - Lighted,Clear,0,1,[],[],0,0,Valid,0.0,0.0,40.0,40.0,['Male'],0,0,3,1,4,Dry,Curve,Level,Lowest,No
33862,48,Texas,482957,1,1,1,0,1,PLEASANTON,October,6,Friday,0,38,Rural,Low Speed (Local),No,28.95104167,-98.48568611,Non-Intersection,Dark - Lighted,Clear,Unknown,Unknown,Unknown EMS Scene Arrival Hour,Unknown EMS Scene Arrival Minutes,Unknown,Unknown EMS Hospital Arrival Time,1,Dark - Lighted,Clear,0,1,[],[],0,0,Valid,0.0,0.0,46.0,46.0,['Male'],1,0,1,2,4,Dry,Straight,Level,Lowest,No
33863,48,Texas,482958,0,1,1,0,1,NOT APPLICABLE,October,5,Thursday,10,44,Rural,High Speed (Arterial),Yes,29.38333889,-95.42700278,Non-Intersection,Daylight,Rain,Unknown,Unknown if Notified,Unknown EMS Scene Arrival Hour,Unknown if Arrived,Not Applicable (Not Transported),Not Applicable (Not Transported),1,Daylight,Rain/Wind/Minor,1,0,['Driver'],['Shoulder_Lapbelt'],0,0,Valid,1.0,0.0,32.0,32.0,['Male'],0,0,3,1,3,Wet/Standing Water,Curve,Level,Lowest,No
33864,48,Texas,482959,0,1,1,0,1,NOT APPLICABLE,October,5,Thursday,8,1,Rural,Medium Speed (Collector),No,28.04626389,-99.31838889,Non-Intersection,Daylight,Cloudy,Unknown,Unknown if Notified,Unknown EMS Scene Arrival Hour,Unknown if Arrived,Not Applicable (Not Transported),Not Applicable (Not Transported),1,Daylight,Reduced Visibility,1,0,['Driver'],['None_Used'],0,0,Valid,0.0,0.0,32.0,32.0,['Male'],0,0,3,1,3,Dry,Straight,Level,Lowest,No
33865,48,Texas,482960,0,1,1,0,2,NOT APPLICABLE,March,29,Wednesday,23,0,Rural,High Speed (Arterial),Yes,31.77683056,-96.870375,Non-Intersection,Dark - Not Lighted,Clear,Unknown,Unknown,Unknown EMS Scene Arrival Hour,Unknown EMS Scene Arrival Minutes,Unknown,Unknown EMS Hospital Arrival Time,1,Dark - Unlighted,Clear,1,1,['Driver'],['Shoulder_Lapbelt'],0,0,Valid,0.0,0.0,43.0,43.0,['Male'],0,0,2,1,1,Dry,Straight,Level,Lowest,No
33866,48,Texas,482962,1,1,1,0,1,SAN ANTONIO,October,4,Wednesday,9,18,Urban,Medium Speed (Collector),No,29.47994167,-98.54151389,Complex/Circle,Daylight,Clear,Unknown,Unknown,Unknown EMS Scene Arrival Hour,Unknown EMS Scene Arrival Minutes,Unknown,Unknown EMS Hospital Arrival Time,1,Daylight,Clear,0,1,[],[],0,0,Invalid,0.0,0.0,51.0,51.0,['Male'],0,0,3,2,4,Dry,Straight,Level,Lowest,No
33867,48,Texas,482963,0,2,2,0,2,NOT APPLICABLE,October,2,Monday,20,15,Rural,Medium Speed (Collector),No,34.73725278,-102.35386944,Simple Junction,Dark - Not Lighted,Clear,Unknown,Unknown,Unknown EMS Scene Arrival Hour,Unknown EMS Scene Arrival Minutes,Unknown,Unknown EMS Hospital Arrival Time,1,Dark - Unlighted,Clear,1,1,['Driver'],['None_Used'],0,0,Valid,1.0,2.0,61.0,45.0,"['Male', 'Female']",0,0,4,4,5,Dry,Straight,Level,Lowest,No
33868,48,Texas,482964,0,1,1,0,1,KATY,October,1,Sunday,11,17,Urban,Low Speed (Local),No,29.77373889,-95.81555833,Complex/Circle,Daylight,Clear,Unknown,Unknown,Unknown EMS Scene Arrival Hour,Unknown EMS Scene Arrival Minutes,11:00am-11:59am,38,1,Daylight,Clear,1,0,['Driver'],['None_Used'],0,0,Valid,0.0,0.0,44.0,44.0,['Male'],0,0,5,1,2,Dry,Curve,Level,Lowest,No
33869,48,Texas,482965,1,1,1,0,1,NOT APPLICABLE,October,6,Friday,20,54,Rural,High Speed (Arterial),Yes,31.37957778,-94.35466389,Non-Intersection,Dark - Not Lighted,Clear,Unknown,Unknown if Notified,Unknown EMS Scene Arrival Hour,Unknown if Arrived,Not Applicable (Not Transported),Not Applicable (Not Transported),1,Dark - Unlighted,Clear,0,1,[],[],1,1,Valid,0.0,0.0,39.0,39.0,['Female'],0,0,3,1,4,Dry,Straight,Level,Lowest,No
33870,48,Texas,482966,0,2,2,0,2,NOT APPLICABLE,October,4,Wednesday,12,16,Rural,Medium Speed (Collector),No,32.387475,-99.56206389,Complex/Circle,Daylight,Clear,Unknown,Unknown,Unknown EMS Scene Arrival Hour,Unknown EMS Scene Arrival Minutes,Unknown,Unknown EMS Hospital Arrival Time,1,Daylight,Clear,1,1,['Driver'],['Shoulder_Lapbelt'],0,0,Valid,2.0,0.0,92.0,57.0,"['Female', 'Male']",0,0,3,1,5,Dry,Straight,Level,Lowest,No
33871,48,Texas,482967,1,1,1,0,1,NOT APPLICABLE,October,3,Tuesday,22,30,Rural,Medium Speed (Collector),No,32.01306389,-97.34540833,Non-Intersection,Dark - Not Lighted,Clear,Unknown,Unknown if Notified,Unknown EMS Scene Arrival Hour,Unknown if Arrived,Not Applicable (Not Transported),Not Applicable (Not Transported),1,Dark - Unlighted,Clear,0,1,[],[],0,0,Valid,0.0,2.0,25.0,25.0,['Male'],0,0,3,2,4,Dry,Straight,Grade/Hillcrest,Lowest,No