,State_Code,State_Name,Crash_ID,Count_Non_Motorists,Count_Vehicles_Total,Count_Vehicle_Forms,Count_PVH_Involved,Count_Occupants_MV,City_Name,Month_Name,Day_of_Month,Day_of_Week,Crash_Hour,Crash_Minute,Area_Rural_Urban,Road_Functional_Class,On_NHS_Road,Latitude,Longitude,Intersection_Type,Light_Condition,Weather_Condition,Notif_Hour,Notif_Minute,Arrival_Hour,Arrival_Minute,Hospital_Hour,Hospital_Minute,Fatalities_Count,Clean_Light_Condition,Clean_Weather_Condition,Total_Killed,Total_Alive,Fatal_Seats_List,Killed_Restraint_List,Any_Driver_Drinking,Total_Drinking_Drivers,Driver_License_Category,Driver_Max_Prev_Accident_Count,Driver_Max_Prev_Speeding_Count,Max_Driver_Age,Min_Driver_Age,Driver_Sex_List,Total_Exceeding_Limit_Vehicles,Total_Too_Fast_Vehicles,Max_Vehicle_Type_Severity_5,Max_Vehicle_Damage_Rank,Max_Harmful_Event_Severity,Crash_Road_Surface_Condition,Crash_Horizontal_Alignment,Crash_Vertical_Profile,Crash_Impairment_Category,Crash_Vehicle_Defect
33872,48,Texas,482968,0,4,4,0,9,EL PASO,October,15,Sunday,2,40,Urban,High Speed (Arterial),Yes,31.81370833,-106.26821944,Non-Intersection,Dark - Lighted,Clear,Unknown,Unknown,Unknown EMS Scene Arrival Hour,Unknown EMS Scene Arrival Minutes,Unknown,Unknown EMS Hospital Arrival Time,1,Dark - Lighted,Clear,1,8,['Driver'],['Shoulder_Lapbelt'],1,2,Invalid,0.0,1.0,45.0,20.0,"['Male', 'Male', 'Male', 'Female']",1,0,3,2,5,Dry,Straight,Level,Lowest,No
33873,48,Texas,482969,0,1,1,0,1,NOT APPLICABLE,October,14,Saturday,19,30,Rural,High Speed (Arterial),Yes,33.14705,-95.522625,Non-Intersection,Dark - Not Lighted,Clear,Unknown,Unknown if Notified,Unknown EMS Scene Arrival Hour,Unknown if Arrived,Not Applicable (Not Transported),Not Applicable (Not Transported),1,Dark - Unlighted,Clear,1,0,['Driver'],['None_Used'],1,1,Invalid,0.0,0.0,41.0,41.0,['Male'],1,0,3,1,3,Dry,Straight,Level,Lowest,No
33874,48,Texas,482970,0,3,3,0,3,NOT APPLICABLE,September,24,Sunday,19,35,Rural,High Speed (Arterial),Yes,30.32083056,-95.04283889,Non-Intersection,Dark - Not Lighted,Clear,Unknown,Unknown if Notified,Unknown EMS Scene Arrival Hour,Unknown if Arrived,Not Applicable (Not Transported),Not Applicable (Not Transported),1,Dark - Unlighted,Clear,1,2,['Driver'],['Shoulder_Lapbelt'],0,0,Valid,0.0,2.0,45.0,21.0,"['Male', 'Male', 'Male']",0,0,3,4,5,Dry,Curve,Level,Lowest,No
33875,48,Texas,482971,0,2,2,0,3,NOT APPLICABLE,October,5,Thursday,23,17,Rural,Medium Speed (Collector),No,28.72364722,-96.45431389,Complex/Circle,Dark - Lighted,Clear,Unknown,Unknown,Unknown EMS Scene Arrival Hour,Unknown EMS Scene Arrival Minutes,Unknown,Unknown EMS Hospital Arrival Time,1,Dark - Lighted,Clear,1,2,['Driver'],['None_Used'],0,0,Valid,0.0,0.0,67.0,60.0,"['Female', 'Male']",0,0,3,1,5,Dry,Straight,Level,Lowest,No
33876,48,Texas,482972,0,1,1,0,1,INGRAM,October,4,Wednesday,13,22,Urban,Medium Speed (Collector),No,30.07118889,-99.25623889,Non-Intersection,Daylight,Clear,Unknown,Unknown,Unknown EMS Scene Arrival Hour,Unknown EMS Scene Arrival Minutes,Unknown,Unknown EMS Hospital Arrival Time,1,Daylight,Clear,1,0,['Driver'],['None_Used'],0,0,Valid,1.0,0.0,83.0,83.0,['Female'],1,0,2,1,3,Dry,Straight,Level,Medium,No
33877,48,Texas,482973,1,1,1,0,3,LUBBOCK,October,11,Wednesday,20,2,Urban,Medium Speed (Collector),No,33.50524167,-101.92223889,Complex/Circle,Dark - Lighted,Clear,Unknown,Unknown if Notified,Unknown EMS Scene Arrival Hour,Unknown if Arrived,Not Applicable (Not Transported),Not Applicable (Not Transported),1,Dark - Lighted,Clear,0,3,[],[],0,0,Valid,0.0,0.0,17.0,17.0,['Male'],0,0,3,2,4,Dry,Straight,Level,Lowest,No
33878,48,Texas,482974,0,2,2,0,3,FORT WORTH,October,9,Monday,3,0,Urban,High Speed (Arterial),Yes,32.68219722,-97.39616389,Non-Intersection,Dark - Lighted,Clear,Unknown,Unknown,Unknown EMS Scene Arrival Hour,Unknown EMS Scene Arrival Minutes,Unknown,Unknown EMS Hospital Arrival Time,2,Dark - Lighted,Clear,2,1,"['Driver', 'Driver']","['None_Used', 'Shoulder_Lapbelt']",1,1,Valid,1.0,0.0,62.0,27.0,"['Male', 'Female']",0,0,3,1,5,Dry,Straight,Level,Lowest,No
33879,48,Texas,482975,1,1,1,0,1,MARSHALL,September,18,Monday,18,40,Urban,Low Speed (Local),No,32.550425,-94.34759444,Non-Intersection,Daylight,Clear,Unknown,Unknown,Unknown EMS Scene Arrival Hour,Unknown EMS Scene Arrival Minutes,Unknown,Unknown EMS Hospital Arrival Time,1,Daylight,Clear,0,1,[],[],0,0,Valid,0.0,0.0,20.0,20.0,['Male'],1,0,3,1,4,Dry,Curve,Grade/Hillcrest,Lowest,No
33880,48,Texas,482976,0,1,1,0,2,FORT WORTH,September,18,Monday,0,20,Urban,High Speed (Arterial),Yes,32.75965556,-97.19716944,Non-Intersection,Dark - Not Lighted,Clear,Unknown,Unknown if Notified,Unknown EMS Scene Arrival Hour,Unknown if Arrived,Not Applicable (Not Transported),Not Applicable (Not Transported),2,Dark - Unlighted,Clear,2,0,"['Driver', 'Rear_Seat']","['None_Used', 'None_Used']",0,0,Invalid,0.0,0.0,53.0,53.0,['Male'],0,0,5,1,1,Dry,Straight,Level,Lowest,No
33881,48,Texas,482977,1,1,1,0,4,BORGER,October,1,Sunday,21,18,Urban,Medium Speed (Collector),No,35.69108333,-101.39722222,Non-Intersection,Dark - Not Lighted,Clear,Unknown,Unknown if Notified,Unknown EMS Scene Arrival Hour,Unknown if Arrived,Not Applicable (Not Transported),Not Applicable (Not Transported),1,Dark - Unlighted,Clear,0,4,[],[],0,0,Valid,0.0,0.0,39.0,39.0,['Male'],0,0,3,2,4,Dry,Straight,Level,Lowest,No
33882,48,Texas,482978,0,2,2,0,2,GREENVILLE,October,14,Saturday,9,53,Urban,High Speed (Arterial),Yes,33.14750278,-96.13515,Simple Junction,Daylight,Clear,Unknown,Unknown if Notified,Unknown EMS Scene Arrival Hour,Unknown if Arrived,Not Applicable (Not Transported),Not Applicable (Not Transported),1,Daylight,Clear,1,1,['Driver'],['Shoulder_Lapbelt'],0,0,Invalid,0.0,0.0,53.0,30.0,"['Female', 'Male']",0,0,4,1,5,Dry,Curve,Level,Lowest,No
33883,48,Texas,482979,0,2,2,0,2,NOT APPLICABLE,October,13,Friday,11,28,Rural,Low Speed (Local),No,31.03853333,-95.95204167,Non-Intersection,Daylight,Clear,Unknown,Unknown,Unknown EMS Scene Arrival Hour,Unknown EMS Scene Arrival Minutes,Unknown,Unknown EMS Hospital Arrival Time,1,Daylight,Clear,1,1,['Driver'],['None_Used'],0,0,Invalid,0.0,1.0,52.0,42.0,"['Male', 'Male']",0,0,4,1,5,Dry,Curve,Level,Lowest,No
33884,48,Texas,482980,0,2,2,0,2,NOT APPLICABLE,October,5,Thursday,12,19,Rural,Medium Speed (Collector),No,31.66396944,-98.01603333,Non-Intersection,Daylight,Clear,Unknown,Unknown if Notified,Unknown EMS Scene Arrival Hour,Unknown if Arrived,Not Applicable (Not Transported),Not Applicable (Not Transported),1,Daylight,Clear,1,1,['Driver'],['None_Used'],1,1,Valid,0.0,0.0,51.0,20.0,"['Male', 'Male']",0,0,3,1,5,Dry,Curve,Grade/Hillcrest,Lowest,No
33885,48,Texas,482981,0,2,2,0,3,DALLAS,September,3,Sunday,14,39,Urban,Medium Speed (Collector),No,32.91116944,-96.71824444,Non-Intersection,Daylight,Cloudy,Unknown,Unknown,Unknown EMS Scene Arrival Hour,Unknown EMS Scene Arrival Minutes,Unknown,Unknown EMS Hospital Arrival Time,1,Daylight,Reduced Visibility,1,2,['Driver'],['None_Used'],0,0,Invalid,0.0,0.0,24.0,16.0,"['Female', 'Male']",0,0,3,1,5,Dry,Straight,Non-Trafficway,Lowest,No
33886,48,Texas,482982,0,2,2,0,2,NOT APPLICABLE,October,8,Sunday,6,15,Rural,High Speed (Arterial),Yes,28.67030278,-100.30788333,Non-Intersection,Dark - Not Lighted,Clear,Unknown,Unknown if Notified,Unknown EMS Scene Arrival Hour,Unknown if Arrived,Not Applicable (Not Transported),Not Applicable (Not Transported),2,Dark - Unlighted,Clear,2,0,"['Driver', 'Driver']","['None_Used', 'Shoulder_Lapbelt']",1,1,Valid,0.0,0.0,30.0,27.0,"['Male', 'Male']",0,0,3,1,5,Dry,Straight,Level,Lowest,No
33887,48,Texas,482983,0,3,3,0,3,NOT APPLICABLE,September,28,Thursday,9,50,Rural,High Speed (Arterial),No,30.30780833,-95.92494444,Non-Intersection,Daylight,Clear,Unknown,Unknown if Notified,Unknown EMS Scene Arrival Hour,Unknown if Arrived,Not Applicable (Not Transported),Not Applicable (Not Transported),1,Daylight,Clear,1,2,['Driver'],['Shoulder_Lapbelt'],0,0,Invalid,1.0,2.0,44.0,22.0,"['Male', 'Male', 'Female']",0,0,4,4,5,Dry,Curve,Grade/Hillcrest,Lowest,No
33888,48,Texas,482984,0,1,1,0,1,LEWISVILLE,October,15,Sunday,0,52,Urban,Medium Speed (Collector),No,33.00728056,-96.9723,Non-Intersection,Dark - Lighted,Clear,Unknown,Unknown if Notified,Unknown EMS Scene Arrival Hour,Unknown if Arrived,Not Applicable (Not Transported),Not Applicable (Not Transported),1,Dark - Lighted,Clear,1,0,['Driver'],['None_Used'],0,0,Valid,0.0,0.0,29.0,29.0,['Male'],1,0,5,1,3,Dry,Curve,Grade/Hillcrest,Lowest,No
33889,48,Texas,482985,0,2,2,0,2,ROANOKE,October,7,Saturday,22,16,Urban,High Speed (Arterial),Yes,32.99046667,-97.23480278,Non-Intersection,Dark - Lighted,Clear,Unknown,Unknown,Unknown EMS Scene Arrival Hour,Unknown EMS Scene Arrival Minutes,Unknown,Unknown EMS Hospital Arrival Time,1,Dark - Lighted,Clear,1,1,['Driver'],['None_Used'],0,0,Valid,1.0,1.0,50.0,18.0,"['Male', 'Male']",1,0,5,4,5,Dry,Straight,Level,Lowest,No
33890,48,Texas,482986,1,3,3,0,3,EL PASO,October,16,Monday,22,26,Urban,High Speed (Arterial),Yes,31.76022222,-106.50296389,Non-Intersection,Dark - Unknown Lighting,Clear,Unknown,Unknown if Notified,Unknown EMS Scene Arrival Hour,Unknown if Arrived,Not Applicable (Not Transported),Not Applicable (Not Transported),1,Dark - Unlighted,Clear,0,1,[],[],0,0,Valid,0.0,0.0,999.0,29.0,"['Male', 'Other', 'Other']",0,0,3,2,4,Dry,Curve,Grade/Hillcrest,Lowest,No
33891,48,Texas,482987,2,2,1,1,1,NOT APPLICABLE,September,25,Monday,15,20,Urban,High Speed (Arterial),Yes,30.89757778,-103.00166667,Non-Intersection,Daylight,Clear,Unknown,Unknown,Unknown EMS Scene Arrival Hour,Unknown EMS Scene Arrival Minutes,Unknown,Unknown EMS Hospital Arrival Time,1,Daylight,Clear,0,1,[],[],0,0,Valid,0.0,0.0,43.0,43.0,['Male'],0,0,3,1,4,Dry,Straight,Level,Lowest,No
33892,48,Texas,482988,0,2,2,0,3,DALLAS,September,17,Sunday,17,45,Urban,High Speed (Arterial),Yes,32.76623333,-96.68279167,Complex/Circle,Daylight,Clear,Unknown,Unknown,Unknown EMS Scene Arrival Hour,Unknown EMS Scene Arrival Minutes,Unknown,Unknown EMS Hospital Arrival Time,1,Daylight,Clear,1,2,['Driver'],['None_Used'],0,0,Valid,0.0,0.0,74.0,16.0,"['Male', 'Male']",2,0,2,1,5,Dry,Straight,Grade/Hillcrest,Lowest,No
33893,48,Texas,482989,0,1,1,0,1,NOT APPLICABLE,September,15,Friday,4,30,Urban,Low Speed (Local),No,31.84079444,-102.43790833,Non-Intersection,Dark - Not Lighted,Rain,Not Applicable (Not Notified),Not Applicable (Not Notified),Not Applicable,Not Applicable,Not Applicable (Not Transported),Not Applicable (Not Transported),1,Dark - Unlighted,Rain/Wind/Minor,1,0,['Driver'],['None_Used'],0,0,Valid,0.0,0.0,38.0,38.0,['Male'],1,0,5,1,3,Loose/Unpaved,Straight,Level,Lowest,No
33894,48,Texas,482990,1,1,1,0,2,MANOR,May,22,Monday,2,0,Urban,High Speed (Arterial),Yes,30.34821389,-97.56241111,Complex/Circle,Dark - Lighted,Clear,Unknown,Unknown if Notified,Unknown EMS Scene Arrival Hour,Unknown if Arrived,Not Applicable (Not Transported),Not Applicable (Not Transported),1,Dark - Lighted,Clear,0,1,[],[],0,0,Valid,0.0,0.0,19.0,19.0,['Male'],0,0,2,3,4,Dry,Straight,Level,Lowest,No
33895,48,Texas,482991,1,1,1,0,1,DALLAS,October,16,Monday,6,26,Urban,Medium Speed (Collector),No,32.78708056,-96.73738611,Non-Intersection,Dark - Lighted,Clear,Unknown,Unknown,Unknown EMS Scene Arrival Hour,Unknown EMS Scene Arrival Minutes,Not Applicable (Not Transported),Not Applicable (Not Transported),1,Dark - Lighted,Clear,0,1,[],[],0,0,Valid,0.0,0.0,65.0,65.0,['Female'],0,0,2,2,4,Dry,Straight,Level,Lowest,No
33896,48,Texas,482992,0,1,1,0,1,HOUSTON,October,9,Monday,1,31,Urban,Medium Speed (Collector),No,29.7604,-95.40141389,Non-Intersection,Dark - Lighted,Clear,Unknown,Unknown if Notified,Unknown EMS Scene Arrival Hour,Unknown if Arrived,Not Applicable (Not Transported),Not Applicable (Not Transported),1,Dark - Lighted,Clear,1,0,['Driver'],['None_Used'],1,1,Valid,0.0,1.0,23.0,23.0,['Male'],0,0,5,1,0,Dry,Curve,Level,Lowest,No
33897,48,Texas,482993,0,1,1,0,1,NOT APPLICABLE,October,6,Friday,7,10,Rural,Medium Speed (Collector),No,28.38072222,-98.55316667,Non-Intersection,Dark - Not Lighted,Cloudy,Unknown,Unknown if Notified,Unknown EMS Scene Arrival Hour,Unknown if Arrived,Not Applicable (Not Transported),Not Applicable (Not Transported),1,Dark - Unlighted,Reduced Visibility,1,0,['Driver'],['Shoulder_Lapbelt'],0,0,Valid,0.0,0.0,45.0,45.0,['Male'],0,0,4,1,3,Dry,Straight,Level,Lowest,No
33898,48,Texas,482994,0,2,2,0,3,DALLAS,September,24,Sunday,16,19,Urban,Medium Speed (Collector),No,32.82641944,-96.78356111,Complex/Circle,Daylight,Clear,Unknown,Unknown,Unknown EMS Scene Arrival Hour,Unknown EMS Scene Arrival Minutes,Unknown,Unknown EMS Hospital Arrival Time,1,Daylight,Clear,1,2,['Driver'],['Shoulder_Lapbelt'],1,1,Valid,0.0,0.0,27.0,19.0,"['Female', 'Female']",0,0,3,1,5,Dry,Straight,Level,Lowest,No
33899,48,Texas,482995,0,1,1,0,2,NOT APPLICABLE,October,14,Saturday,2,25,Rural,High Speed (Arterial),Yes,35.44249722,-101.86586111,Non-Intersection,Dark - Not Lighted,Clear,Unknown,Unknown if Notified,Unknown EMS Scene Arrival Hour,Unknown if Arrived,Not Applicable (Not Transported),Not Applicable (Not Transported),1,Dark - Unlighted,Clear,1,1,['Front_Passenger'],['None_Used'],1,1,Invalid,0.0,0.0,34.0,34.0,['Male'],0,0,3,1,3,Dry,Straight,Grade/Hillcrest,Lowest,No
33900,48,Texas,482996,0,2,2,0,3,NOT APPLICABLE,October,10,Tuesday,17,2,Urban,Medium Speed (Collector),No,32.51403056,-97.42944722,Non-Intersection,Daylight,Clear,Unknown,Unknown,Unknown EMS Scene Arrival Hour,Unknown EMS Scene Arrival Minutes,Unknown,Unknown EMS Hospital Arrival Time,1,Daylight,Clear,1,2,['Front_Passenger'],['Shoulder_Lapbelt'],0,0,Invalid,0.0,0.0,48.0,17.0,"['Male', 'Female']",0,0,3,1,5,Dry,Curve,Level,Lowest,No
33901,48,Texas,482997,1,1,1,0,1,EL PASO,October,17,Tuesday,13,16,Urban,Medium Speed (Collector),No,31.75514444,-106.48371389,Simple Junction,Daylight,Clear,Unknown,Unknown,Unknown EMS Scene Arrival Hour,Unknown EMS Scene Arrival Minutes,Unknown,Unknown EMS Hospital Arrival Time,1,Daylight,Clear,0,0,[],[],0,0,Invalid,0.0,0.0,999.0,999.0,['Other'],0,0,1,0,4,Dry,Straight,Level,Lowest,No
33902,48,Texas,482998,1,2,2,0,2,SAN ANTONIO,October,5,Thursday,5,14,Urban,High Speed (Arterial),Yes,29.38464722,-98.69008333,Non-Intersection,Dark - Lighted,Clear,Unknown,Unknown if Notified,Unknown EMS Scene Arrival Hour,Unknown if Arrived,Not Applicable (Not Transported),Not Applicable (Not Transported),1,Dark - Lighted,Clear,0,2,[],[],0,0,Valid,0.0,0.0,64.0,28.0,"['Male', 'Male']",0,0,2,2,4,Dry,Straight,Level,Lowest,No
33903,48,Texas,482999,0,1,1,0,1,NOT APPLICABLE,October,16,Monday,7,39,Urban,Medium Speed (Collector),No,29.88256389,-95.25729444,Non-Intersection,Daylight,Clear,Unknown,Unknown if Notified,Unknown EMS Scene Arrival Hour,Unknown if Arrived,Not Applicable (Not Transported),Not Applicable (Not Transported),1,Daylight,Clear,1,0,['Driver'],['None_Used'],0,0,Valid,2.0,0.0,69.0,69.0,['Male'],0,0,3,1,4,Dry,Curve,Level,Lowest,No
33904,48,Texas,483000,0,1,1,0,1,GEORGETOWN,October,10,Tuesday,4,23,Rural,High Speed (Arterial),Yes,30.63274444,-97.76498056,Simple Junction,Dark - Lighted,Cloudy,Unknown,Unknown if Notified,Unknown EMS Scene Arrival Hour,Unknown if Arrived,Not Applicable (Not Transported),Not Applicable (Not Transported),1,Dark - Lighted,Reduced Visibility,1,0,['Driver'],['Shoulder_Lapbelt'],0,0,Valid,0.0,0.0,39.0,39.0,['Male'],0,0,3,1,3,Dry,Straight,Level,Lowest,No
33905,48,Texas,483001,0,3,3,0,4,FRISCO,October,8,Sunday,6,38,Urban,High Speed (Arterial),Yes,33.17466111,-96.80291389,Complex/Circle,Dark - Lighted,Clear,Unknown,Unknown,Unknown EMS Scene Arrival Hour,Unknown EMS Scene Arrival Minutes,Unknown,Unknown EMS Hospital Arrival Time,1,Dark - Lighted,Clear,1,3,['Front_Passenger'],['Shoulder_Lapbelt'],1,1,Invalid,1.0,0.0,63.0,21.0,"['Male', 'Male', 'Male']",0,0,3,1,5,Dry,Straight,Level,Lowest,No
33906,48,Texas,483002,0,1,1,0,1,TYLER,October,6,Friday,23,19,Urban,Medium Speed (Collector),No,32.35624722,-95.28316944,Non-Intersection,Dark - Not Lighted,Clear,Unknown,Unknown,Unknown EMS Scene Arrival Hour,Unknown EMS Scene Arrival Minutes,Unknown,Unknown EMS Hospital Arrival Time,1,Dark - Unlighted,Clear,1,0,['Driver'],['None_Used'],0,0,Invalid,0.0,0.0,36.0,36.0,['Male'],0,0,5,1,2,Dry,Curve,Grade/Hillcrest,Lowest,No
33907,48,Texas,483003,0,1,1,0,1,TRENTON,October,2,Monday,19,45,Rural,Medium Speed (Collector),No,33.47913889,-96.34023611,Non-Intersection,Dark - Not Lighted,Clear,Unknown,Unknown if Notified,Unknown EMS Scene Arrival Hour,Unknown if Arrived,Not Applicable (Not Transported),Not Applicable (Not Transported),1,Dark - Unlighted,Clear,1,0,['Driver'],['None_Used'],0,0,Invalid,0.0,0.0,35.0,35.0,['Male'],1,0,5,1,2,Dry,Curve,Grade/Hillcrest,Lowest,No
33908,48,Texas,483004,0,1,1,0,1,NOT APPLICABLE,October,15,Sunday,8,15,Urban,High Speed (Arterial),Yes,26.16816111,-97.79243333,Non-Intersection,Daylight,Clear,Unknown,Unknown if Notified,Unknown EMS Scene Arrival Hour,Unknown if Arrived,Not Applicable (Not Transported),Not Applicable (Not Transported),1,Daylight,Clear,1,0,['Driver'],['None_Used'],0,0,Valid,0.0,0.0,83.0,83.0,['Male'],0,0,5,1,3,Dry,Straight,Level,Lowest,No
33909,48,Texas,483005,0,1,1,0,4,HOLLIDAY,October,9,Monday,2,26,Rural,Medium Speed (Collector),No,33.83137222,-98.67244167,Non-Intersection,Dark - Not Lighted,Clear,Unknown,Unknown,Unknown EMS Scene Arrival Hour,Unknown EMS Scene Arrival Minutes,Unknown,Unknown EMS Hospital Arrival Time,3,Dark - Unlighted,Clear,3,1,"['Front_Passenger', 'Front_Passenger', 'Front_Passenger']","['None_Used', 'None_Used', 'None_Used']",0,0,Valid,0.0,0.0,17.0,17.0,['Male'],4,0,2,4,3,Dry,Curve,Level,Lowest,No
33910,48,Texas,483006,0,3,3,0,6,NOT APPLICABLE,October,5,Thursday,19,50,Rural,Medium Speed (Collector),No,33.30063889,-97.50859167,Non-Intersection,Dark - Not Lighted,Clear,7:00pm-7:59pm,48,7:00pm-7:59pm,57,8:00pm-8:59pm,55,2,Dark - Unlighted,Clear,2,4,"['Driver', 'Front_Passenger']","['Shoulder_Lapbelt', 'Shoulder_Lapbelt']",1,1,Valid,0.0,1.0,72.0,21.0,"['Female', 'Male', 'Female']",0,0,3,1,5,Dry,Straight,Level,Lowest,No
33911,48,Texas,483008,0,2,2,0,3,NOT APPLICABLE,October,7,Saturday,12,55,Rural,Medium Speed (Collector),No,33.13127222,-98.50221111,Non-Intersection,Daylight,Clear,Unknown,Unknown,Unknown EMS Scene Arrival Hour,Unknown EMS Scene Arrival Minutes,Unknown,Unknown EMS Hospital Arrival Time,1,Daylight,Clear,1,2,['Driver'],['None_Used'],0,0,Valid,0.0,0.0,59.0,43.0,"['Female', 'Female']",0,0,3,1,5,Dry,Straight,Level,Lowest,No
33912,48,Texas,483009,1,1,1,0,1,ORANGE,October,11,Wednesday,1,41,Urban,High Speed (Arterial),Yes,30.12169167,-93.76151389,Non-Intersection,Dark - Not Lighted,Clear,Unknown,Unknown if Notified,Unknown EMS Scene Arrival Hour,Unknown if Arrived,Not Applicable (Not Transported),Not Applicable (Not Transported),1,Dark - Unlighted,Clear,0,1,[],[],0,0,Valid,0.0,0.0,27.0,27.0,['Male'],0,0,4,3,4,Dry,Straight,Level,Lowest,No
33913,48,Texas,483010,0,1,1,0,2,NOT APPLICABLE,October,5,Thursday,20,40,Rural,Low Speed (Local),No,30.29721389,-95.3125,Non-Intersection,Dark - Not Lighted,Clear,Unknown,Unknown,Unknown EMS Scene Arrival Hour,Unknown EMS Scene Arrival Minutes,Unknown,Unknown EMS Hospital Arrival Time,1,Dark - Unlighted,Clear,1,1,['Driver'],['None_Used'],1,1,Invalid,0.0,0.0,29.0,29.0,['Female'],0,0,3,1,3,Dry,Straight,Level,Lowest,No
33914,48,Texas,483011,0,3,3,0,7,FORT WORTH,October,7,Saturday,23,1,Urban,Medium Speed (Collector),No,32.68451389,-97.35306389,Complex/Circle,Dark - Lighted,Clear,Unknown,Unknown,Unknown EMS Scene Arrival Hour,Unknown EMS Scene Arrival Minutes,Unknown,Unknown EMS Hospital Arrival Time,1,Dark - Lighted,Clear,1,6,['Front_Passenger'],['Shoulder_Lapbelt'],0,0,Invalid,0.0,0.0,60.0,18.0,"['Male', 'Female', 'Female']",0,0,3,3,5,Dry,Straight,Level,Lowest,No
33915,48,Texas,483012,0,1,1,0,1,INGLESIDE,October,12,Thursday,20,56,Urban,Low Speed (Local),No,27.87966944,-97.19111111,Non-Intersection,Dark - Not Lighted,Clear,Unknown,Unknown if Notified,Unknown EMS Scene Arrival Hour,Unknown if Arrived,Not Applicable (Not Transported),Not Applicable (Not Transported),1,Dark - Unlighted,Clear,1,0,['Driver'],['Shoulder_Lapbelt'],0,0,Invalid,0.0,0.0,18.0,18.0,['Male'],1,0,2,4,3,Dry,Curve,Level,Lowest,No
33916,48,Texas,483013,0,2,2,0,3,NOT APPLICABLE,October,14,Saturday,6,55,Urban,Medium Speed (Collector),No,30.18158333,-95.54361667,Complex/Circle,Dark - Not Lighted,Clear,Unknown,Unknown if Notified,Unknown EMS Scene Arrival Hour,Unknown if Arrived,Not Applicable (Not Transported),Not Applicable (Not Transported),1,Dark - Unlighted,Clear,1,2,['Driver'],['None_Used'],0,0,Valid,0.0,0.0,65.0,16.0,"['Male', 'Male']",0,0,5,2,5,Dry,Straight,Grade/Hillcrest,Lowest,No
33917,48,Texas,483014,0,2,2,0,3,GREENVILLE,October,14,Saturday,9,50,Rural,Medium Speed (Collector),No,33.09054167,-96.158875,Non-Intersection,Daylight,Clear,Unknown,Unknown,Unknown EMS Scene Arrival Hour,Unknown EMS Scene Arrival Minutes,Unknown,Unknown EMS Hospital Arrival Time,1,Daylight,Clear,1,2,['Driver'],['Shoulder_Lapbelt'],0,0,Valid,0.0,0.0,61.0,34.0,"['Male', 'Female']",0,0,3,1,5,Dry,Curve,Level,Lowest,No
33918,48,Texas,483015,0,2,2,0,2,NOT APPLICABLE,October,10,Tuesday,20,17,Rural,Medium Speed (Collector),No,33.0753,-97.64938611,Complex/Circle,Dark - Not Lighted,Clear,8:00pm-8:59pm,16,8:00pm-8:59pm,23,Unknown,Unknown EMS Hospital Arrival Time,1,Dark - Unlighted,Clear,1,1,['Driver'],['None_Used'],0,0,Valid,0.0,0.0,67.0,49.0,"['Female', 'Male']",1,0,5,1,5,Dry,Straight,Level,Lowest,No
33919,48,Texas,483016,0,2,2,0,3,NOT APPLICABLE,October,16,Monday,5,6,Rural,High Speed (Arterial),Yes,30.92668333,-94.41583056,Non-Intersection,Dark - Not Lighted,Clear,Unknown,Unknown,Unknown EMS Scene Arrival Hour,Unknown EMS Scene Arrival Minutes,Unknown,Unknown EMS Hospital Arrival Time,2,Dark - Unlighted,Clear,2,1,"['Driver', 'Front_Passenger']","['Shoulder_Lapbelt', 'Shoulder_Lapbelt']",0,0,Valid,1.0,0.0,61.0,46.0,"['Male', 'Male']",0,0,3,1,5,Dry,Curve,Grade/Hillcrest,Medium,No
33920,48,Texas,483017,0,2,2,0,3,MIDLOTHIAN,October,15,Sunday,6,26,Urban,High Speed (Arterial),Yes,32.49338056,-97.04001944,Non-Intersection,Dark - Lighted,Clear,Unknown,Unknown,Unknown EMS Scene Arrival Hour,Unknown EMS Scene Arrival Minutes,Unknown,Unknown EMS Hospital Arrival Time,2,Dark - Lighted,Clear,2,1,"['Driver', 'Driver']","['Shoulder_Lapbelt', 'Shoulder_Lapbelt']",0,0,Valid,0.0,0.0,83.0,27.0,"['Male', 'Male']",0,0,3,1,5,Dry,Curve,Grade/Hillcrest,Lowest,No
33921,48,Texas,483018,0,2,2,0,5,NOT APPLICABLE,September,26,Tuesday,16,5,Rural,High Speed (Arterial),Yes,28.06592778,-99.34669444,Non-Intersection,Daylight,Clear,Unknown,Unknown,Unknown EMS Scene Arrival Hour,Unknown EMS Scene Arrival Minutes,Unknown,Unknown EMS Hospital Arrival Time,2,Daylight,Clear,2,3,"['Driver', 'Rear_Seat']","['Shoulder_Lapbelt', 'None_Used']",0,0,Valid,0.0,2.0,50.0,40.0,"['Female', 'Male']",3,0,4,4,5,Dry,Straight,Level,Lowest,No