,State_Code,State_Name,Crash_ID,Count_Non_Motorists,Count_Vehicles_Total,Count_Vehicle_Forms,Count_PVH_Involved,Count_Occupants_MV,City_Name,Month_Name,Day_of_Month,Day_of_Week,Crash_Hour,Crash_Minute,Area_Rural_Urban,Road_Functional_Class,On_NHS_Road,Latitude,Longitude,Intersection_Type,Light_Condition,Weather_Condition,Notif_Hour,Notif_Minute,Arrival_Hour,Arrival_Minute,Hospital_Hour,Hospital_Minute,Fatalities_Count,Clean_Light_Condition,Clean_Weather_Condition,Total_Killed,Total_Alive,Fatal_Seats_List,Killed_Restraint_List,Any_Driver_Drinking,Total_Drinking_Drivers,Driver_License_Category,Driver_Max_Prev_Accident_Count,Driver_Max_Prev_Speeding_Count,Max_Driver_Age,Min_Driver_Age,Driver_Sex_List,Total_Exceeding_Limit_Vehicles,Total_Too_Fast_Vehicles,Max_Vehicle_Type_Severity_5,Max_Vehicle_Damage_Rank,Max_Harmful_Event_Severity,Crash_Road_Surface_Condition,Crash_Horizontal_Alignment,Crash_Vertical_Profile,Crash_Impairment_Category,Crash_Vehicle_Defect
33922,48,Texas,483019,1,1,1,0,1,EL PASO,October,18,Wednesday,6,19,Urban,High Speed (Arterial),Yes,31.83157222,-106.30958333,Non-Intersection,Dark - Not Lighted,Clear,Unknown,Unknown if Notified,Unknown EMS Scene Arrival Hour,Unknown if Arrived,Not Applicable (Not Transported),Not Applicable (Not Transported),1,Dark - Unlighted,Clear,0,1,[],[],0,0,Valid,0.0,0.0,57.0,57.0,['Female'],0,0,2,2,4,Dry,Straight,Level,Lowest,No
33923,48,Texas,483020,0,2,2,0,2,PRINCETON,October,5,Thursday,16,54,Rural,Medium Speed (Collector),No,33.19078333,-96.50437778,Complex/Circle,Daylight,Clear,Unknown,Unknown,Unknown EMS Scene Arrival Hour,Unknown EMS Scene Arrival Minutes,Unknown,Unknown EMS Hospital Arrival Time,1,Daylight,Clear,1,1,['Driver'],['None_Used'],0,0,Invalid,0.0,0.0,63.0,52.0,"['Male', 'Male']",0,0,3,2,5,Dry,Straight,Level,Lowest,No
33924,48,Texas,483021,0,2,2,0,6,ENNIS,October,15,Sunday,1,50,Urban,High Speed (Arterial),Yes,32.29805833,-96.56971944,Non-Intersection,Dark - Not Lighted,Clear,Unknown,Unknown,Unknown EMS Scene Arrival Hour,Unknown EMS Scene Arrival Minutes,Unknown,Unknown EMS Hospital Arrival Time,1,Dark - Unlighted,Clear,1,5,['Rear_Seat'],['None_Used'],1,1,Valid,0.0,0.0,55.0,24.0,"['Male', 'Male']",2,0,3,1,5,Dry,Straight,Level,Lowest,No
33925,48,Texas,483022,1,1,1,0,1,DENTON,September,24,Sunday,22,19,Urban,Medium Speed (Collector),No,33.22981944,-97.17352778,Simple Junction,Dark - Lighted,Clear,Unknown,Unknown,Unknown EMS Scene Arrival Hour,Unknown EMS Scene Arrival Minutes,Unknown,Unknown EMS Hospital Arrival Time,1,Dark - Lighted,Clear,0,0,[],[],0,0,Invalid,0.0,0.0,999.0,999.0,['Other'],0,0,4,0,4,Dry,Straight,Level,Lowest,No
33926,48,Texas,483023,0,2,1,1,1,NOT APPLICABLE,October,9,Monday,10,43,Rural,Medium Speed (Collector),No,36.35448056,-101.1578,Non-Intersection,Daylight,Clear,Unknown,Unknown if Notified,Unknown EMS Scene Arrival Hour,Unknown if Arrived,Not Applicable (Not Transported),Not Applicable (Not Transported),1,Daylight,Clear,1,0,['Driver'],['None_Used'],0,0,Valid,0.0,0.0,55.0,55.0,['Male'],1,0,4,1,3,Dry,Curve,Grade/Hillcrest,Lowest,No
33927,48,Texas,483024,0,2,2,0,2,NOT APPLICABLE,October,12,Thursday,18,52,Rural,Medium Speed (Collector),No,35.21838611,-101.38256389,Complex/Circle,Daylight,Clear,Unknown,Unknown if Notified,Unknown EMS Scene Arrival Hour,Unknown if Arrived,Not Applicable (Not Transported),Not Applicable (Not Transported),1,Daylight,Clear,1,1,['Driver'],['Shoulder_Lapbelt'],0,0,Valid,0.0,0.0,70.0,65.0,"['Male', 'Male']",0,0,4,4,5,Dry,Straight,Grade/Hillcrest,Lowest,No
33928,48,Texas,483025,4,4,1,3,1,SANGER,October,18,Wednesday,23,51,Rural,High Speed (Arterial),Yes,33.39958333,-97.17641944,Non-Intersection,Dark - Not Lighted,Clear,Unknown,Unknown,Unknown EMS Scene Arrival Hour,Unknown EMS Scene Arrival Minutes,Unknown,Unknown EMS Hospital Arrival Time,1,Dark - Unlighted,Clear,0,1,[],[],1,1,Invalid,0.0,0.0,30.0,30.0,['Male'],0,0,3,1,4,Dry,Straight,Level,Lowest,No
33929,48,Texas,483026,1,1,1,0,1,SAN ANTONIO,October,11,Wednesday,17,40,Urban,Low Speed (Local),No,29.43924722,-98.50456667,Non-Intersection,Daylight,Cloudy,Unknown,Unknown,Unknown EMS Scene Arrival Hour,Unknown EMS Scene Arrival Minutes,Unknown,Unknown EMS Hospital Arrival Time,1,Daylight,Reduced Visibility,0,1,[],[],0,0,Invalid,0.0,0.0,25.0,25.0,['Male'],0,0,3,1,4,Dry,Curve,Level,Lowest,No
33930,48,Texas,483027,0,3,3,0,3,SAN ANTONIO,October,13,Friday,21,12,Urban,High Speed (Arterial),Yes,29.48666667,-98.67017778,Complex/Circle,Dark - Lighted,Clear,Unknown,Unknown,Unknown EMS Scene Arrival Hour,Unknown EMS Scene Arrival Minutes,Unknown,Unknown EMS Hospital Arrival Time,1,Dark - Lighted,Clear,1,2,['Driver'],['None_Used'],0,0,Valid,0.0,0.0,67.0,30.0,"['Male', 'Male', 'Male']",0,0,4,1,5,Dry,Straight,Non-Trafficway,Lowest,No
33931,48,Texas,483028,0,2,2,0,2,NOT APPLICABLE,October,13,Friday,14,53,Rural,Medium Speed (Collector),No,32.3321,-96.33049167,Simple Junction,Daylight,Clear,Unknown,Unknown,Unknown EMS Scene Arrival Hour,Unknown EMS Scene Arrival Minutes,Unknown,Unknown EMS Hospital Arrival Time,1,Daylight,Clear,1,1,['Driver'],['None_Used'],0,0,Valid,0.0,0.0,50.0,33.0,"['Male', 'Male']",0,0,5,2,5,Dry,Straight,Level,Lowest,No
33932,48,Texas,483029,0,2,2,0,6,NOT APPLICABLE,August,19,Saturday,23,50,Urban,Medium Speed (Collector),No,29.90256111,-95.40052778,Simple Junction,Dark - Not Lighted,Clear,Unknown,Unknown,Unknown EMS Scene Arrival Hour,Unknown EMS Scene Arrival Minutes,Unknown,Unknown EMS Hospital Arrival Time,2,Dark - Unlighted,Clear,2,3,"['Driver', 'Rear_Seat']","['Shoulder_Lapbelt', 'Child_Safety']",0,0,Invalid,0.0,0.0,31.0,30.0,"['Male', 'Male']",1,0,3,1,5,Dry,Straight,Level,Lowest,No
33933,48,Texas,483030,1,1,1,0,1,FORT WORTH,October,19,Thursday,21,1,Urban,High Speed (Arterial),Yes,32.69848333,-97.26125,Non-Intersection,Dark - Not Lighted,Clear,Unknown,Unknown if Notified,Unknown EMS Scene Arrival Hour,Unknown if Arrived,Not Applicable (Not Transported),Not Applicable (Not Transported),1,Dark - Unlighted,Clear,0,1,[],[],0,0,Invalid,0.0,0.0,40.0,40.0,['Female'],0,0,2,1,4,Wet/Standing Water,Straight,Level,Lowest,No
33934,48,Texas,483031,0,3,3,0,4,NOT APPLICABLE,October,9,Monday,20,11,Rural,High Speed (Arterial),Yes,30.00291667,-97.73697222,Non-Intersection,Dark - Not Lighted,Clear,Unknown,Unknown,Unknown EMS Scene Arrival Hour,Unknown EMS Scene Arrival Minutes,Unknown,Unknown EMS Hospital Arrival Time,1,Dark - Unlighted,Clear,1,3,['Driver'],['None_Used'],0,0,Valid,0.0,0.0,41.0,21.0,"['Male', 'Male', 'Female']",1,0,3,1,5,Dry,Straight,Level,Lowest,No
33935,48,Texas,483032,0,2,2,0,6,HOUSTON,August,24,Thursday,1,14,Urban,High Speed (Arterial),Yes,29.81426389,-95.37550833,Non-Intersection,Dark - Not Lighted,Clear,Unknown,Unknown,Unknown EMS Scene Arrival Hour,Unknown EMS Scene Arrival Minutes,Unknown,Unknown EMS Hospital Arrival Time,1,Dark - Unlighted,Clear,1,5,['Driver'],['None_Used'],1,1,Invalid,0.0,2.0,66.0,34.0,"['Female', 'Male']",1,0,2,1,5,Dry,Straight,Level,Lowest,No
33936,48,Texas,483033,0,1,1,0,1,HOUSTON,October,12,Thursday,10,40,Urban,High Speed (Arterial),Yes,29.79215,-95.45163333,Non-Intersection,Daylight,Cloudy,Unknown,Unknown if Notified,Unknown EMS Scene Arrival Hour,Unknown if Arrived,Not Applicable (Not Transported),Not Applicable (Not Transported),1,Daylight,Reduced Visibility,1,0,['Driver'],['Shoulder_Lapbelt'],1,1,Valid,1.0,0.0,45.0,45.0,['Male'],0,0,2,1,3,Dry,Straight,Level,Lowest,No
33937,48,Texas,483034,0,1,1,0,1,NOT APPLICABLE,October,3,Tuesday,14,55,Rural,Medium Speed (Collector),No,29.12466389,-99.639325,Non-Intersection,Daylight,Clear,Unknown,Unknown if Notified,Unknown EMS Scene Arrival Hour,Unknown if Arrived,Not Applicable (Not Transported),Not Applicable (Not Transported),1,Daylight,Clear,1,0,['Driver'],['None_Used'],0,0,Valid,0.0,0.0,29.0,29.0,['Male'],0,0,2,1,3,Dry,Curve,Grade/Hillcrest,Lowest,No
33938,48,Texas,483035,0,3,3,0,5,DALLAS,October,7,Saturday,13,10,Urban,High Speed (Arterial),Yes,32.76552222,-96.804525,Non-Intersection,Daylight,Clear,Unknown,Unknown,Unknown EMS Scene Arrival Hour,Unknown EMS Scene Arrival Minutes,Unknown,Unknown EMS Hospital Arrival Time,1,Daylight,Clear,1,4,['Front_Passenger'],['None_Used'],0,0,Valid,0.0,0.0,42.0,30.0,"['Female', 'Male', 'Male']",2,0,3,2,5,Dry,Straight,Level,Lowest,No
33939,48,Texas,483036,0,1,1,0,1,NOT APPLICABLE,October,9,Monday,2,0,Rural,Medium Speed (Collector),No,32.79423889,-95.61474444,Non-Intersection,Dark - Not Lighted,Clear,Unknown,Unknown if Notified,Unknown EMS Scene Arrival Hour,Unknown if Arrived,Not Applicable (Not Transported),Not Applicable (Not Transported),1,Dark - Unlighted,Clear,1,0,['Driver'],['None_Used'],1,1,Valid,0.0,1.0,36.0,36.0,['Female'],0,0,2,1,3,Dry,Straight,Level,Lowest,No
33940,48,Texas,483037,1,3,3,0,6,FORT WORTH,October,20,Friday,20,3,Urban,High Speed (Arterial),Yes,32.82861111,-97.38169444,Non-Intersection,Dark - Lighted,Clear,Unknown,Unknown if Notified,Unknown EMS Scene Arrival Hour,Unknown if Arrived,Not Applicable (Not Transported),Not Applicable (Not Transported),1,Dark - Lighted,Clear,0,6,[],[],0,0,Valid,1.0,0.0,39.0,26.0,"['Male', 'Male', 'Male']",0,0,3,1,4,Dry,Straight,Level,Lowest,No
33941,48,Texas,483038,0,3,3,0,7,NOT APPLICABLE,October,15,Sunday,1,13,Urban,Medium Speed (Collector),No,32.79567778,-97.78892222,Simple Junction,Dark - Not Lighted,Clear,Unknown,Unknown,Unknown EMS Scene Arrival Hour,Unknown EMS Scene Arrival Minutes,Unknown,Unknown EMS Hospital Arrival Time,1,Dark - Unlighted,Clear,1,6,['Driver'],['Shoulder_Lapbelt'],1,2,Valid,0.0,0.0,26.0,18.0,"['Female', 'Male', 'Female']",1,0,3,1,5,Dry,Straight,Grade/Hillcrest,Lowest,No
33942,48,Texas,483039,0,2,2,0,2,DALLAS,October,12,Thursday,10,52,Urban,Medium Speed (Collector),No,32.71936111,-96.63885833,Non-Intersection,Daylight,Cloudy,Unknown,Unknown,Unknown EMS Scene Arrival Hour,Unknown EMS Scene Arrival Minutes,Not Applicable (Not Transported),Not Applicable (Not Transported),1,Daylight,Reduced Visibility,1,1,['Driver'],['None_Used'],0,0,Valid,0.0,0.0,56.0,40.0,"['Male', 'Male']",1,0,3,1,3,Dry,Straight,Level,Lowest,No
33943,48,Texas,483040,1,1,1,0,1,DALLAS,October,13,Friday,11,55,Urban,Low Speed (Local),Yes,32.72041111,-96.87486944,Non-Intersection,Daylight,Clear,Unknown,Unknown,Unknown EMS Scene Arrival Hour,Unknown EMS Scene Arrival Minutes,Unknown,Unknown EMS Hospital Arrival Time,1,Daylight,Clear,0,1,[],[],0,0,Valid,0.0,0.0,47.0,47.0,['Male'],0,0,5,0,4,Dry,Straight,Level,Lowest,No
33944,48,Texas,483041,1,1,1,0,3,DALLAS,October,13,Friday,23,4,Urban,Medium Speed (Collector),No,32.78221944,-96.78304722,Complex/Circle,Dark - Lighted,Clear,Unknown,Unknown,Unknown EMS Scene Arrival Hour,Unknown EMS Scene Arrival Minutes,Unknown,Unknown EMS Hospital Arrival Time,1,Dark - Lighted,Clear,0,3,[],[],0,0,Valid,1.0,0.0,44.0,44.0,['Male'],0,0,2,2,4,Dry,Straight,Level,Lowest,No
33945,48,Texas,483042,0,1,1,0,1,NOT APPLICABLE,October,20,Friday,13,7,Rural,Medium Speed (Collector),No,29.73629722,-99.60378333,Non-Intersection,Daylight,Clear,Unknown,Unknown,Unknown EMS Scene Arrival Hour,Unknown EMS Scene Arrival Minutes,Unknown,Unknown EMS Hospital Arrival Time,1,Daylight,Clear,1,0,['Driver'],['None_Used'],0,0,Invalid,0.0,0.0,54.0,54.0,['Female'],1,0,5,1,2,Dry,Curve,Grade/Hillcrest,Lowest,No
33946,48,Texas,483043,0,2,2,0,2,SAN ANTONIO,October,19,Thursday,20,23,Urban,Medium Speed (Collector),No,29.496575,-98.41980833,Non-Intersection,Dark - Lighted,Clear,Unknown,Unknown,Unknown EMS Scene Arrival Hour,Unknown EMS Scene Arrival Minutes,Unknown,Unknown EMS Hospital Arrival Time,1,Dark - Lighted,Clear,1,1,['Driver'],['Shoulder_Lapbelt'],1,1,Invalid,0.0,0.0,24.0,22.0,"['Male', 'Male']",0,0,2,4,5,Dry,Straight,Level,Lowest,No
33947,48,Texas,483044,1,1,1,0,1,NOT APPLICABLE,October,17,Tuesday,15,30,Urban,Low Speed (Local),No,35.54476111,-100.93580278,Simple Junction,Daylight,Clear,Unknown,Unknown,Unknown EMS Scene Arrival Hour,Unknown EMS Scene Arrival Minutes,Unknown,Unknown EMS Hospital Arrival Time,1,Daylight,Clear,0,1,[],[],0,0,Valid,0.0,0.0,66.0,66.0,['Female'],0,0,2,2,4,Dry,Straight,Level,Lowest,No
33948,48,Texas,483045,0,2,2,0,2,RUSK,October,20,Friday,15,33,Rural,Medium Speed (Collector),No,31.79572222,-95.16001667,Non-Intersection,Daylight,Cloudy,Unknown,Unknown if Notified,Unknown EMS Scene Arrival Hour,Unknown if Arrived,Not Applicable (Not Transported),Not Applicable (Not Transported),1,Daylight,Reduced Visibility,1,1,['Driver'],['None_Used'],0,0,Valid,0.0,0.0,49.0,48.0,"['Male', 'Male']",1,0,5,1,5,Dry,Straight,Level,Lowest,No
33949,48,Texas,483046,0,1,1,0,1,BEAUMONT,October,22,Sunday,8,48,Urban,High Speed (Arterial),Yes,30.09613333,-94.10451667,Non-Intersection,Daylight,"Fog, Smog, Smoke",Unknown,Unknown if Notified,Unknown EMS Scene Arrival Hour,Unknown if Arrived,Not Applicable (Not Transported),Not Applicable (Not Transported),1,Daylight,Reduced Visibility,1,0,['Driver'],['None_Used'],0,0,Valid,0.0,1.0,53.0,53.0,['Female'],0,0,5,1,3,Dry,Curve,Grade/Hillcrest,Lowest,No
33950,48,Texas,483047,0,1,1,0,1,NOT APPLICABLE,October,13,Friday,4,54,Rural,High Speed (Arterial),Yes,30.46442778,-99.72950556,Non-Intersection,Dark - Not Lighted,Clear,Unknown,Unknown if Notified,Unknown EMS Scene Arrival Hour,Unknown if Arrived,Not Applicable (Not Transported),Not Applicable (Not Transported),1,Dark - Unlighted,Clear,1,0,['Driver'],['None_Used'],0,0,Valid,0.0,0.0,22.0,22.0,['Male'],0,0,4,1,0,Dry,Straight,Level,Medium,No
33951,48,Texas,483048,0,3,3,0,5,NOT APPLICABLE,October,13,Friday,15,12,Rural,High Speed (Arterial),Yes,30.06394444,-97.59081111,Non-Intersection,Daylight,Clear,Unknown,Unknown,Unknown EMS Scene Arrival Hour,Unknown EMS Scene Arrival Minutes,Unknown,Unknown EMS Hospital Arrival Time,1,Daylight,Clear,1,4,['Driver'],['Shoulder_Lapbelt'],0,0,Invalid,0.0,1.0,59.0,17.0,"['Male', 'Male', 'Female']",0,0,3,4,5,Dry,Straight,Level,Lowest,No
33952,48,Texas,483049,0,1,1,0,2,NOT APPLICABLE,October,21,Saturday,14,48,Rural,Medium Speed (Collector),No,30.15276111,-94.4031,Non-Intersection,Daylight,Clear,Unknown,Unknown,Unknown EMS Scene Arrival Hour,Unknown EMS Scene Arrival Minutes,Unknown,Unknown EMS Hospital Arrival Time,1,Daylight,Clear,1,1,['Rear_Seat'],['None_Used'],0,0,Valid,0.0,0.0,55.0,55.0,['Male'],2,0,5,1,3,Dry,Straight,Level,Lowest,No
33953,48,Texas,483050,0,1,1,0,1,NOT APPLICABLE,September,28,Thursday,1,11,Rural,Low Speed (Local),No,31.43228333,-103.59481111,Non-Intersection,Dark - Not Lighted,Clear,Unknown,Unknown,Unknown EMS Scene Arrival Hour,Unknown EMS Scene Arrival Minutes,Unknown,Unknown EMS Hospital Arrival Time,1,Dark - Unlighted,Clear,1,0,['Driver'],['Shoulder_Lapbelt'],1,1,Invalid,0.0,0.0,38.0,38.0,['Male'],0,0,3,1,3,Dry,Straight,Level,Lowest,No
33954,48,Texas,483051,0,1,1,0,15,NOT APPLICABLE,October,6,Friday,16,23,Urban,High Speed (Arterial),Yes,29.029625,-100.48325278,Non-Intersection,Daylight,Clear,Unknown,Unknown,Unknown EMS Scene Arrival Hour,Unknown EMS Scene Arrival Minutes,Unknown,Unknown EMS Hospital Arrival Time,1,Daylight,Clear,1,14,['Non_Standard_Risk'],['None_Used'],0,0,Invalid,0.0,0.0,27.0,27.0,['Male'],0,0,3,1,3,Dry,Straight,Level,Lowest,No
33955,48,Texas,483052,1,1,1,0,1,HOUSTON,October,14,Saturday,18,16,Urban,High Speed (Arterial),Yes,29.702325,-95.35816389,Complex/Circle,Daylight,Clear,Unknown,Unknown,Unknown EMS Scene Arrival Hour,Unknown EMS Scene Arrival Minutes,Unknown,Unknown EMS Hospital Arrival Time,1,Daylight,Clear,0,1,[],[],1,1,Valid,0.0,0.0,66.0,66.0,['Male'],0,0,3,2,4,Dry,Straight,Level,Lowest,No
33956,48,Texas,483053,0,1,1,0,1,NOT APPLICABLE,August,5,Saturday,22,1,Rural,Low Speed (Local),No,32.989475,-96.02586667,Non-Intersection,Dark - Not Lighted,Clear,Unknown,Unknown,Unknown EMS Scene Arrival Hour,Unknown EMS Scene Arrival Minutes,Unknown,Unknown EMS Hospital Arrival Time,1,Dark - Unlighted,Clear,1,0,['Driver'],['None_Used'],0,0,Valid,0.0,0.0,33.0,33.0,['Male'],1,0,5,1,3,Dry,Curve,Level,Lowest,No
33957,48,Texas,483054,1,1,1,0,2,BRENHAM,September,14,Thursday,6,38,Urban,High Speed (Arterial),Yes,30.17760278,-96.39380278,Non-Intersection,Dark - Not Lighted,Rain,Unknown,Unknown,Unknown EMS Scene Arrival Hour,Unknown EMS Scene Arrival Minutes,Unknown,Unknown EMS Hospital Arrival Time,1,Dark - Unlighted,Rain/Wind/Minor,0,2,[],[],0,0,Valid,0.0,0.0,41.0,41.0,['Female'],0,0,3,2,4,Wet/Standing Water,Straight,Level,Lowest,No
33958,48,Texas,483055,0,1,1,0,1,KILGORE,September,30,Saturday,21,24,Urban,High Speed (Arterial),Yes,32.38571667,-94.83079444,Non-Intersection,Dark - Not Lighted,Clear,Unknown,Unknown,Unknown EMS Scene Arrival Hour,Unknown EMS Scene Arrival Minutes,Unknown,Unknown EMS Hospital Arrival Time,1,Dark - Unlighted,Clear,1,0,['Driver'],['None_Used'],0,0,Valid,0.0,0.0,76.0,76.0,['Male'],0,0,3,1,3,Dry,Straight,Level,Lowest,No
33959,48,Texas,483056,0,2,2,0,2,KERRVILLE,October,17,Tuesday,13,48,Urban,High Speed (Arterial),Yes,30.06616111,-99.11782222,Non-Intersection,Daylight,Clear,Unknown,Unknown,Unknown EMS Scene Arrival Hour,Unknown EMS Scene Arrival Minutes,Unknown,Unknown EMS Hospital Arrival Time,1,Daylight,Clear,1,1,['Driver'],['None_Used'],0,0,Invalid,0.0,2.0,64.0,46.0,"['Male', 'Male']",0,0,3,1,5,Dry,Curve,Level,Lowest,No
33960,48,Texas,483057,0,2,2,0,4,BENJAMIN,October,11,Wednesday,16,57,Rural,High Speed (Arterial),Yes,33.58402778,-99.79258611,Complex/Circle,Daylight,Clear,Unknown,Unknown,Unknown EMS Scene Arrival Hour,Unknown EMS Scene Arrival Minutes,Unknown,Unknown EMS Hospital Arrival Time,1,Daylight,Clear,1,3,['Front_Passenger'],['None_Used'],0,0,Invalid,0.0,0.0,39.0,33.0,"['Male', 'Male']",2,0,3,1,5,Dry,Straight,Level,Lowest,No
33961,48,Texas,483058,0,2,2,0,2,NOT APPLICABLE,October,8,Sunday,20,30,Rural,Medium Speed (Collector),No,28.85528056,-97.83926667,Non-Intersection,Dark - Not Lighted,Cloudy,Unknown,Unknown,Unknown EMS Scene Arrival Hour,Unknown EMS Scene Arrival Minutes,Unknown,Unknown EMS Hospital Arrival Time,1,Dark - Unlighted,Reduced Visibility,1,1,['Driver'],['Shoulder_Lapbelt'],1,1,Valid,1.0,0.0,50.0,29.0,"['Male', 'Male']",0,0,3,1,5,Dry,Curve,Level,Lowest,No
33962,48,Texas,483059,0,2,2,0,2,NOT APPLICABLE,October,5,Thursday,11,31,Rural,High Speed (Arterial),Yes,31.73006111,-102.35386667,Non-Intersection,Daylight,Clear,Unknown,Unknown,Unknown EMS Scene Arrival Hour,Unknown EMS Scene Arrival Minutes,Unknown,Unknown EMS Hospital Arrival Time,1,Daylight,Clear,1,1,['Driver'],['None_Used'],0,0,Valid,1.0,0.0,35.0,28.0,"['Male', 'Female']",1,0,3,1,5,Dry,Straight,Level,Lowest,No
33963,48,Texas,483060,1,1,1,0,1,NOT APPLICABLE,October,15,Sunday,23,0,Urban,High Speed (Arterial),Yes,29.87391944,-95.06354444,Non-Intersection,Dark - Lighted,Clear,Unknown,Unknown if Notified,Unknown EMS Scene Arrival Hour,Unknown if Arrived,Not Applicable (Not Transported),Not Applicable (Not Transported),1,Dark - Lighted,Clear,0,0,[],[],0,0,Invalid,0.0,0.0,999.0,999.0,['Other'],0,0,1,0,4,Dry,Straight,Level,Lowest,No
33964,48,Texas,483062,0,2,2,0,2,NOT APPLICABLE,October,14,Saturday,13,7,Rural,Medium Speed (Collector),No,35.60241389,-101.22208889,Non-Intersection,Daylight,Clear,Unknown,Unknown if Notified,Unknown EMS Scene Arrival Hour,Unknown if Arrived,Not Applicable (Not Transported),Not Applicable (Not Transported),1,Daylight,Clear,1,1,['Driver'],['None_Used'],0,0,Valid,0.0,1.0,51.0,49.0,"['Male', 'Female']",0,0,4,1,5,Dry,Straight,Grade/Hillcrest,Medium,No
33965,48,Texas,483063,0,2,2,0,2,NOT APPLICABLE,October,15,Sunday,5,28,Rural,High Speed (Arterial),Yes,30.87789167,-97.91895,Non-Intersection,Dark - Not Lighted,Clear,Unknown,Unknown,Unknown EMS Scene Arrival Hour,Unknown EMS Scene Arrival Minutes,Unknown,Unknown EMS Hospital Arrival Time,1,Dark - Unlighted,Clear,1,1,['Driver'],['Shoulder_Lapbelt'],0,0,Invalid,3.0,0.0,62.0,37.0,"['Male', 'Male']",0,0,3,1,5,Dry,Straight,Level,Lowest,No
33966,48,Texas,483064,0,1,1,0,1,NOT APPLICABLE,October,12,Thursday,15,12,Rural,High Speed (Arterial),Yes,31.73351667,-102.60271389,Non-Intersection,Daylight,Clear,Unknown,Unknown if Notified,Unknown EMS Scene Arrival Hour,Unknown if Arrived,Not Applicable (Not Transported),Not Applicable (Not Transported),1,Daylight,Clear,1,0,['Driver'],['Shoulder_Lapbelt'],0,0,Invalid,0.0,0.0,48.0,48.0,['Male'],0,0,1,1,3,Dry,Straight,Level,Lowest,No
33967,48,Texas,483065,0,1,1,0,2,HOUSTON,October,1,Sunday,0,10,Urban,High Speed (Arterial),Yes,29.68143333,-95.45869722,Non-Intersection,Dark - Lighted,Clear,Unknown,Unknown if Notified,Unknown EMS Scene Arrival Hour,Unknown if Arrived,Not Applicable (Not Transported),Not Applicable (Not Transported),2,Dark - Lighted,Clear,2,0,"['Driver', 'Rear_Seat']","['None_Used', 'None_Used']",1,1,Valid,1.0,2.0,34.0,34.0,['Male'],0,0,5,1,3,Dry,Curve,Grade/Hillcrest,Lowest,No
33968,48,Texas,483066,0,1,1,0,1,DALLAS,September,24,Sunday,3,16,Urban,Medium Speed (Collector),No,32.76177222,-96.8231,Non-Intersection,Dark - Lighted,Clear,Unknown,Unknown if Notified,Unknown EMS Scene Arrival Hour,Unknown if Arrived,Not Applicable (Not Transported),Not Applicable (Not Transported),1,Dark - Lighted,Clear,1,0,['Driver'],['Shoulder_Lapbelt'],1,1,Invalid,0.0,0.0,20.0,20.0,['Male'],1,0,2,1,3,Dry,Straight,Grade/Hillcrest,Lowest,No
33969,48,Texas,483067,1,2,2,0,2,FORT WORTH,October,14,Saturday,5,4,Urban,High Speed (Arterial),Yes,32.76521389,-97.316425,Non-Intersection,Dark - Not Lighted,Clear,Unknown,Unknown,Unknown EMS Scene Arrival Hour,Unknown EMS Scene Arrival Minutes,Not Applicable (Not Transported),Not Applicable (Not Transported),1,Dark - Unlighted,Clear,0,2,[],[],0,0,Invalid,0.0,1.0,48.0,31.0,"['Female', 'Female']",0,0,3,2,4,Dry,Curve,Level,Lowest,No
33970,48,Texas,483068,1,1,1,0,1,MCALLEN,October,23,Monday,20,0,Urban,High Speed (Arterial),Yes,26.20362778,-98.24548056,Non-Intersection,Dark - Not Lighted,Clear,Unknown,Unknown,Unknown EMS Scene Arrival Hour,Unknown EMS Scene Arrival Minutes,Unknown,Unknown EMS Hospital Arrival Time,1,Dark - Unlighted,Clear,0,1,[],[],0,0,Valid,0.0,0.0,60.0,60.0,['Female'],0,0,3,2,4,Dry,Straight,Level,Lowest,No
33971,48,Texas,483069,0,2,2,0,5,NOT APPLICABLE,October,10,Tuesday,19,49,Rural,Medium Speed (Collector),No,31.71646111,-96.12610833,Non-Intersection,Dark - Not Lighted,Clear,Unknown,Unknown,Unknown EMS Scene Arrival Hour,Unknown EMS Scene Arrival Minutes,Unknown,Unknown EMS Hospital Arrival Time,1,Dark - Unlighted,Clear,1,4,['Driver'],['None_Used'],0,0,Invalid,0.0,1.0,45.0,17.0,"['Female', 'Male']",0,0,3,1,5,Dry,Straight,Level,Lowest,No
33972,48,Texas,483070,1,2,1,1,1,AUSTIN,October,15,Sunday,13,40,Urban,High Speed (Arterial),Yes,30.22243889,-97.74811667,Non-Intersection,Daylight,Clear,Unknown,Unknown if Notified,Unknown EMS Scene Arrival Hour,Unknown if Arrived,Not Applicable (Not Transported),Not Applicable (Not Transported),1,Daylight,Clear,0,1,[],[],0,0,Valid,1.0,0.0,43.0,43.0,['Male'],0,0,3,1,4,Dry,Straight,Level,Lowest,No