,State_Code,State_Name,Crash_ID,Count_Non_Motorists,Count_Vehicles_Total,Count_Vehicle_Forms,Count_PVH_Involved,Count_Occupants_MV,City_Name,Month_Name,Day_of_Month,Day_of_Week,Crash_Hour,Crash_Minute,Area_Rural_Urban,Road_Functional_Class,On_NHS_Road,Latitude,Longitude,Intersection_Type,Light_Condition,Weather_Condition,Notif_Hour,Notif_Minute,Arrival_Hour,Arrival_Minute,Hospital_Hour,Hospital_Minute,Fatalities_Count,Clean_Light_Condition,Clean_Weather_Condition,Total_Killed,Total_Alive,Fatal_Seats_List,Killed_Restraint_List,Any_Driver_Drinking,Total_Drinking_Drivers,Driver_License_Category,Driver_Max_Prev_Accident_Count,Driver_Max_Prev_Speeding_Count,Max_Driver_Age,Min_Driver_Age,Driver_Sex_List,Total_Exceeding_Limit_Vehicles,Total_Too_Fast_Vehicles,Max_Vehicle_Type_Severity_5,Max_Vehicle_Damage_Rank,Max_Harmful_Event_Severity,Crash_Road_Surface_Condition,Crash_Horizontal_Alignment,Crash_Vertical_Profile,Crash_Impairment_Category,Crash_Vehicle_Defect
33973,48,Texas,483071,1,1,1,0,1,AUSTIN,October,22,Sunday,5,2,Urban,Medium Speed (Collector),No,30.37718889,-97.67668056,Complex/Circle,Dark - Lighted,Clear,Unknown,Unknown if Notified,Unknown EMS Scene Arrival Hour,Unknown if Arrived,Not Applicable (Not Transported),Not Applicable (Not Transported),1,Dark - Lighted,Clear,0,1,[],[],0,0,Invalid,0.0,0.0,24.0,24.0,['Male'],0,0,3,1,4,Dry,Straight,Grade/Hillcrest,Lowest,No
33974,48,Texas,483072,1,1,1,0,1,BAYTOWN,October,20,Friday,4,45,Urban,High Speed (Arterial),Yes,29.801725,-95.00138889,Non-Intersection,Dark - Not Lighted,"Fog, Smog, Smoke",Unknown,Unknown if Notified,Unknown EMS Scene Arrival Hour,Unknown if Arrived,Not Applicable (Not Transported),Not Applicable (Not Transported),1,Dark - Unlighted,Reduced Visibility,0,0,[],[],0,0,Invalid,0.0,0.0,999.0,999.0,['Other'],0,0,1,0,4,Dry,Straight,Level,Lowest,No
33975,48,Texas,483073,0,1,1,0,1,GARLAND,October,17,Tuesday,1,22,Urban,High Speed (Arterial),Yes,32.910825,-96.61429444,Non-Intersection,Dark - Lighted,Clear,Unknown,Unknown if Notified,Unknown EMS Scene Arrival Hour,Unknown if Arrived,Not Applicable (Not Transported),Not Applicable (Not Transported),1,Dark - Lighted,Clear,1,0,['Driver'],['None_Used'],1,1,Valid,2.0,0.0,37.0,37.0,['Female'],1,0,2,1,3,Dry,Curve,Grade/Hillcrest,Lowest,No
33976,48,Texas,483074,0,1,1,0,1,NOT APPLICABLE,September,28,Thursday,7,0,Rural,Medium Speed (Collector),No,33.07978889,-94.52607222,Non-Intersection,Daylight,Clear,Unknown,Unknown,Unknown EMS Scene Arrival Hour,Unknown EMS Scene Arrival Minutes,Unknown,Unknown EMS Hospital Arrival Time,1,Daylight,Clear,1,0,['Driver'],['None_Used'],0,0,Valid,0.0,0.0,63.0,63.0,['Male'],1,0,3,1,2,Dry,Curve,Grade/Hillcrest,Lowest,No
33977,48,Texas,483075,1,1,1,0,1,BELTON,September,15,Friday,6,31,Urban,Medium Speed (Collector),No,31.053425,-97.50695278,Non-Intersection,Dark - Not Lighted,Clear,Unknown,Unknown,Unknown EMS Scene Arrival Hour,Unknown EMS Scene Arrival Minutes,Unknown,Unknown EMS Hospital Arrival Time,1,Dark - Unlighted,Clear,0,1,[],[],0,0,Valid,0.0,0.0,26.0,26.0,['Female'],0,0,2,2,4,Dry,Straight,Level,Lowest,No
33978,48,Texas,483076,0,1,1,0,1,NOT APPLICABLE,October,11,Wednesday,16,15,Rural,Medium Speed (Collector),No,29.36889722,-99.96781944,Non-Intersection,Daylight,Cloudy,Unknown,Unknown,Unknown EMS Scene Arrival Hour,Unknown EMS Scene Arrival Minutes,Unknown,Unknown EMS Hospital Arrival Time,1,Daylight,Reduced Visibility,1,0,['Driver'],['Shoulder_Lapbelt'],0,0,Valid,0.0,0.0,71.0,71.0,['Female'],0,0,3,1,3,Dry,Straight,Level,Lowest,No
33979,48,Texas,483077,0,2,2,0,2,AMARILLO,October,13,Friday,18,45,Urban,High Speed (Arterial),Yes,35.167775,-101.86859722,Non-Intersection,Daylight,Clear,Unknown,Unknown,Unknown EMS Scene Arrival Hour,Unknown EMS Scene Arrival Minutes,Unknown,Unknown EMS Hospital Arrival Time,1,Daylight,Clear,1,1,['Driver'],['None_Used'],0,0,Valid,0.0,1.0,47.0,27.0,"['Male', 'Male']",0,0,5,2,5,Dry,Straight,Level,Lowest,No
33980,48,Texas,483078,0,2,2,0,4,NOT APPLICABLE,October,15,Sunday,18,15,Rural,High Speed (Arterial),Yes,30.2953,-99.01574444,Non-Intersection,Daylight,Clear,Unknown,Unknown,Unknown EMS Scene Arrival Hour,Unknown EMS Scene Arrival Minutes,Unknown,Unknown EMS Hospital Arrival Time,2,Daylight,Clear,2,2,"['Driver', 'Front_Passenger']","['Shoulder_Lapbelt', 'Shoulder_Lapbelt']",1,1,Valid,0.0,0.0,55.0,24.0,"['Female', 'Male']",0,0,3,1,5,Dry,Curve,Grade/Hillcrest,Lowest,No
33981,48,Texas,483079,0,2,2,0,2,WOODVILLE,October,4,Wednesday,12,36,Rural,High Speed (Arterial),Yes,30.78135556,-94.4152,Non-Intersection,Daylight,Cloudy,Unknown,Unknown if Notified,Unknown EMS Scene Arrival Hour,Unknown if Arrived,Not Applicable (Not Transported),Not Applicable (Not Transported),1,Daylight,Reduced Visibility,1,1,['Driver'],['None_Used'],0,0,Valid,0.0,0.0,54.0,39.0,"['Male', 'Male']",0,0,4,1,5,Dry,Curve,Grade/Hillcrest,Lowest,No
33982,48,Texas,483080,0,2,2,0,4,ROCKWALL,October,12,Thursday,14,10,Urban,Medium Speed (Collector),No,32.92004722,-96.41811389,Complex/Circle,Daylight,Cloudy,Unknown,Unknown,Unknown EMS Scene Arrival Hour,Unknown EMS Scene Arrival Minutes,Unknown,Unknown EMS Hospital Arrival Time,1,Daylight,Reduced Visibility,1,3,['Driver'],['None_Used'],0,0,Valid,0.0,0.0,59.0,33.0,"['Male', 'Female']",0,0,5,1,5,Dry,Straight,Level,Lowest,No
33983,48,Texas,483081,1,1,1,0,1,HOUSTON,October,20,Friday,0,51,Urban,Medium Speed (Collector),No,29.863925,-95.404375,Non-Intersection,Dark - Lighted,Clear,Unknown,Unknown if Notified,Unknown EMS Scene Arrival Hour,Unknown if Arrived,Not Applicable (Not Transported),Not Applicable (Not Transported),1,Dark - Lighted,Clear,0,1,[],[],0,0,Valid,0.0,0.0,32.0,32.0,['Female'],0,0,3,1,4,Dry,Straight,Level,Lowest,No
33984,48,Texas,483082,1,1,1,0,1,SAN ANTONIO,June,19,Monday,16,33,Urban,High Speed (Arterial),Yes,29.52078056,-98.39389444,Non-Intersection,Daylight,Clear,Unknown,Unknown,Unknown EMS Scene Arrival Hour,Unknown EMS Scene Arrival Minutes,Unknown,Unknown EMS Hospital Arrival Time,1,Daylight,Clear,0,1,[],[],0,0,Valid,0.0,0.0,52.0,52.0,['Male'],0,0,2,1,4,Dry,Straight,Grade/Hillcrest,Lowest,No
33985,48,Texas,483083,0,2,2,0,3,SAN ANTONIO,July,14,Friday,14,21,Urban,Medium Speed (Collector),No,29.46403333,-98.64408611,Simple Junction,Daylight,Clear,Unknown,Unknown,Unknown EMS Scene Arrival Hour,Unknown EMS Scene Arrival Minutes,Unknown,Unknown EMS Hospital Arrival Time,1,Daylight,Clear,1,2,['Driver'],['None_Used'],0,0,Valid,0.0,0.0,80.0,62.0,"['Male', 'Male']",0,0,5,1,5,Dry,Straight,Non-Trafficway,Lowest,No
33986,48,Texas,483084,1,2,2,0,2,DALLAS,September,29,Friday,20,40,Urban,High Speed (Arterial),Yes,32.86431389,-96.82853333,Non-Intersection,Dark - Lighted,Clear,Unknown,Unknown,Unknown EMS Scene Arrival Hour,Unknown EMS Scene Arrival Minutes,Unknown,Unknown EMS Hospital Arrival Time,1,Dark - Lighted,Clear,0,1,[],[],0,0,Invalid,0.0,0.0,999.0,39.0,"['Male', 'Other']",0,0,2,1,4,Dry,Curve,Level,Lowest,No
33987,48,Texas,483085,1,1,1,0,1,HOUSTON,October,22,Sunday,21,17,Urban,Low Speed (Local),No,29.70508333,-95.28081667,Complex/Circle,Dark - Unknown Lighting,Clear,Unknown,Unknown,Unknown EMS Scene Arrival Hour,Unknown EMS Scene Arrival Minutes,Unknown,Unknown EMS Hospital Arrival Time,1,Dark - Unlighted,Clear,0,0,[],[],0,0,Invalid,0.0,0.0,999.0,999.0,['Other'],1,0,1,1,4,Dry,Straight,Level,Lowest,No
33988,48,Texas,483086,0,3,3,0,4,DALLAS,October,16,Monday,21,20,Urban,High Speed (Arterial),Yes,32.73409722,-96.66567778,Complex/Circle,Dark - Lighted,Clear,Unknown,Unknown,Unknown EMS Scene Arrival Hour,Unknown EMS Scene Arrival Minutes,Unknown,Unknown EMS Hospital Arrival Time,1,Dark - Lighted,Clear,1,3,['Driver'],['Shoulder_Lapbelt'],1,1,Invalid,0.0,0.0,38.0,19.0,"['Male', 'Male', 'Male']",0,0,3,1,5,Dry,Straight,Level,Lowest,No
33989,48,Texas,483087,0,2,2,0,2,NOT APPLICABLE,October,5,Thursday,21,56,Urban,High Speed (Arterial),Yes,30.02745556,-95.42896944,Non-Intersection,Dark - Lighted,Clear,Unknown,Unknown if Notified,Unknown EMS Scene Arrival Hour,Unknown if Arrived,Not Applicable (Not Transported),Not Applicable (Not Transported),1,Dark - Lighted,Clear,1,1,['Driver'],['None_Used'],1,1,Invalid,0.0,0.0,34.0,23.0,"['Female', 'Male']",1,0,2,1,5,Dry,Straight,Level,Lowest,No
33990,48,Texas,483088,0,2,2,0,2,NOT APPLICABLE,October,6,Friday,2,25,Urban,Medium Speed (Collector),No,30.03284722,-95.42875556,Non-Intersection,Dark - Lighted,Clear,Unknown,Unknown,Unknown EMS Scene Arrival Hour,Unknown EMS Scene Arrival Minutes,Not Applicable (Not Transported),Not Applicable (Not Transported),1,Dark - Lighted,Clear,1,1,['Driver'],['Shoulder_Lapbelt'],1,1,Valid,0.0,0.0,24.0,22.0,"['Female', 'Male']",1,0,2,2,5,Dry,Straight,Level,Lowest,No
33991,48,Texas,483089,0,2,2,0,6,TEMPLE,October,20,Friday,19,16,Urban,Medium Speed (Collector),No,31.08026389,-97.41646667,Simple Junction,Dark - Lighted,Clear,Unknown,Unknown,Unknown EMS Scene Arrival Hour,Unknown EMS Scene Arrival Minutes,Unknown,Unknown EMS Hospital Arrival Time,1,Dark - Lighted,Clear,1,5,['Driver'],['Shoulder_Lapbelt'],0,0,Valid,0.0,0.0,42.0,17.0,"['Male', 'Female']",0,0,3,1,5,Dry,Straight,Level,Lowest,No
33992,48,Texas,483090,0,2,2,0,2,NOT APPLICABLE,October,18,Wednesday,0,20,Rural,High Speed (Arterial),Yes,33.27275556,-94.152625,Non-Intersection,Dark - Not Lighted,Clear,Unknown,Unknown if Notified,Unknown EMS Scene Arrival Hour,Unknown if Arrived,Not Applicable (Not Transported),Not Applicable (Not Transported),1,Dark - Unlighted,Clear,1,1,['Driver'],['Shoulder_Lapbelt'],0,0,Valid,0.0,0.0,51.0,29.0,"['Male', 'Male']",1,0,4,4,5,Dry,Straight,Level,Lowest,No
33993,48,Texas,483091,0,1,1,0,1,HOUSTON,October,15,Sunday,10,40,Urban,High Speed (Arterial),Yes,29.65592778,-95.44235,Non-Intersection,Daylight,Clear,Unknown,Unknown if Notified,Unknown EMS Scene Arrival Hour,Unknown if Arrived,Not Applicable (Not Transported),Not Applicable (Not Transported),1,Daylight,Clear,1,0,['Driver'],['None_Used'],0,0,Valid,0.0,0.0,33.0,33.0,['Male'],1,0,5,1,3,Dry,Curve,Grade/Hillcrest,Lowest,No
33994,48,Texas,483092,0,1,1,0,1,NOT APPLICABLE,October,19,Thursday,19,48,Urban,Medium Speed (Collector),No,31.81143056,-106.16581667,Non-Intersection,Dark - Lighted,Clear,Unknown,Unknown if Notified,Unknown EMS Scene Arrival Hour,Unknown if Arrived,Not Applicable (Not Transported),Not Applicable (Not Transported),1,Dark - Lighted,Clear,1,0,['Driver'],['None_Used'],0,0,Invalid,0.0,0.0,19.0,19.0,['Male'],1,0,2,1,2,Dry,Straight,Level,Lowest,No
33995,48,Texas,483093,0,1,1,0,1,NOT APPLICABLE,October,15,Sunday,0,36,Rural,Medium Speed (Collector),No,31.68703889,-97.41954444,Non-Intersection,Dark - Not Lighted,Clear,Unknown,Unknown if Notified,Unknown EMS Scene Arrival Hour,Unknown if Arrived,Not Applicable (Not Transported),Not Applicable (Not Transported),1,Dark - Unlighted,Clear,1,0,['Driver'],['None_Used'],1,1,Valid,0.0,0.0,19.0,19.0,['Male'],1,0,3,1,3,Dry,Curve,Grade/Hillcrest,Lowest,No
33996,48,Texas,483094,0,1,1,0,1,NOT APPLICABLE,October,4,Wednesday,8,6,Rural,Medium Speed (Collector),No,28.96935556,-95.54901944,Non-Intersection,Daylight,Rain,Unknown,Unknown,Unknown EMS Scene Arrival Hour,Unknown EMS Scene Arrival Minutes,Unknown,Unknown EMS Hospital Arrival Time,1,Daylight,Rain/Wind/Minor,1,0,['Driver'],['None_Used'],0,0,Valid,0.0,0.0,39.0,39.0,['Male'],1,0,3,1,3,Wet/Standing Water,Straight,Level,Lowest,No
33997,48,Texas,483095,0,1,1,0,1,HOUSTON,October,21,Saturday,14,55,Urban,Medium Speed (Collector),No,29.82829167,-95.43581667,Non-Intersection,Daylight,Clear,Unknown,Unknown,Unknown EMS Scene Arrival Hour,Unknown EMS Scene Arrival Minutes,Unknown,Unknown EMS Hospital Arrival Time,1,Daylight,Clear,1,0,['Driver'],['None_Used'],1,1,Valid,1.0,0.0,51.0,51.0,['Male'],1,0,1,1,3,Dry,Curve,Level,Lowest,No
33998,48,Texas,483096,0,2,2,0,4,NOT APPLICABLE,October,12,Thursday,20,28,Rural,High Speed (Arterial),Yes,33.12940833,-95.986875,Non-Intersection,Dark - Lighted,Cloudy,Unknown,Unknown if Notified,Unknown EMS Scene Arrival Hour,Unknown if Arrived,Not Applicable (Not Transported),Not Applicable (Not Transported),3,Dark - Lighted,Reduced Visibility,3,1,"['Driver', 'Front_Passenger', 'Rear_Seat']","['Shoulder_Lapbelt', 'Shoulder_Lapbelt', 'Shoulder_Lapbelt']",0,0,Valid,0.0,0.0,57.0,28.0,"['Male', 'Male']",0,0,4,4,3,Dry,Straight,Level,Lowest,No
33999,48,Texas,483097,0,1,1,0,1,NOT APPLICABLE,October,12,Thursday,19,17,Urban,Low Speed (Local),No,31.848275,-102.50861667,Non-Intersection,Daylight,Clear,Unknown,Unknown,Unknown EMS Scene Arrival Hour,Unknown EMS Scene Arrival Minutes,Unknown,Unknown EMS Hospital Arrival Time,1,Daylight,Clear,1,0,['Driver'],['None_Used'],1,1,Invalid,0.0,0.0,28.0,28.0,['Male'],1,0,5,2,3,Dry,Straight,Non-Trafficway,Lowest,No
34000,48,Texas,483098,0,2,2,0,5,SAN ANTONIO,October,13,Friday,23,51,Urban,High Speed (Arterial),Yes,29.37745,-98.61424444,Simple Junction,Dark - Lighted,Clear,Unknown,Unknown,Unknown EMS Scene Arrival Hour,Unknown EMS Scene Arrival Minutes,Unknown,Unknown EMS Hospital Arrival Time,1,Dark - Lighted,Clear,1,4,['Driver'],['Shoulder_Lapbelt'],0,0,Valid,1.0,0.0,50.0,20.0,"['Male', 'Male']",0,0,2,4,5,Dry,Straight,Level,Lowest,No
34001,48,Texas,483099,0,2,2,0,2,BEAUMONT,October,22,Sunday,16,47,Urban,Medium Speed (Collector),No,30.09700556,-94.15150278,Simple Junction,Daylight,Clear,Unknown,Unknown,Unknown EMS Scene Arrival Hour,Unknown EMS Scene Arrival Minutes,Unknown,Unknown EMS Hospital Arrival Time,1,Daylight,Clear,1,1,['Driver'],['None_Used'],0,0,Invalid,0.0,0.0,54.0,25.0,"['Male', 'Male']",0,0,5,1,5,Dry,Straight,Level,Lowest,No
34002,48,Texas,483100,0,1,1,0,1,NOT APPLICABLE,August,2,Wednesday,5,44,Rural,Low Speed (Local),No,32.39760556,-96.59156944,Non-Intersection,Dark - Not Lighted,Clear,Unknown,Unknown if Notified,Unknown EMS Scene Arrival Hour,Unknown if Arrived,Not Applicable (Not Transported),Not Applicable (Not Transported),1,Dark - Unlighted,Clear,1,0,['Driver'],['None_Used'],0,0,Valid,0.0,3.0,29.0,29.0,['Male'],1,0,5,1,3,Dry,Curve,Level,Lowest,No
34003,48,Texas,483101,0,1,1,0,2,ROUND ROCK,October,17,Tuesday,10,23,Urban,Medium Speed (Collector),No,30.56566944,-97.69324444,Non-Intersection,Daylight,Clear,Unknown,Unknown,Unknown EMS Scene Arrival Hour,Unknown EMS Scene Arrival Minutes,Unknown,Unknown EMS Hospital Arrival Time,1,Daylight,Clear,1,1,['Front_Passenger'],['None_Used'],0,0,Valid,0.0,2.0,19.0,19.0,['Male'],2,0,2,1,3,Dry,Straight,Level,Lowest,No
34004,48,Texas,483102,1,1,1,0,1,NOT APPLICABLE,October,15,Sunday,11,56,Urban,Medium Speed (Collector),No,29.89095833,-95.32678333,Non-Intersection,Daylight,Clear,Unknown,Unknown,Unknown EMS Scene Arrival Hour,Unknown EMS Scene Arrival Minutes,Not Applicable (Not Transported),Not Applicable (Not Transported),1,Daylight,Clear,0,0,[],[],0,0,Invalid,0.0,0.0,999.0,999.0,['Other'],0,0,1,1,4,Dry,Straight,Level,Lowest,No
34005,48,Texas,483103,0,2,2,0,2,RENO,October,17,Tuesday,6,2,Urban,Medium Speed (Collector),No,32.95029167,-97.61275556,Complex/Circle,Dark - Not Lighted,Clear,Unknown,Unknown if Notified,Unknown EMS Scene Arrival Hour,Unknown if Arrived,Not Applicable (Not Transported),Not Applicable (Not Transported),1,Dark - Unlighted,Clear,1,1,['Driver'],['None_Used'],0,0,Valid,0.0,1.0,27.0,17.0,"['Male', 'Male']",1,0,5,1,5,Dry,Straight,Level,Lowest,No
34006,48,Texas,483104,0,1,1,0,1,NOT APPLICABLE,October,13,Friday,17,4,Rural,Medium Speed (Collector),No,30.16429444,-103.23448889,Non-Intersection,Daylight,Clear,Unknown,Unknown if Notified,Unknown EMS Scene Arrival Hour,Unknown if Arrived,Not Applicable (Not Transported),Not Applicable (Not Transported),1,Daylight,Clear,1,0,['Driver'],['None_Used'],0,0,Valid,0.0,0.0,49.0,49.0,['Male'],1,0,5,1,2,Dry,Curve,Level,Lowest,No
34007,48,Texas,483105,1,2,1,1,1,Other,October,15,Sunday,0,31,Rural,Medium Speed (Collector),No,29.32326389,-103.58798611,Non-Intersection,Dark - Lighted,Clear,Unknown,Unknown,Unknown EMS Scene Arrival Hour,Unknown EMS Scene Arrival Minutes,Unknown,Unknown EMS Hospital Arrival Time,1,Dark - Lighted,Clear,0,1,[],[],1,1,Valid,0.0,0.0,28.0,28.0,['Male'],0,0,2,1,5,Dry,Straight,Level,Lowest,No
34008,48,Texas,483106,0,3,3,0,8,SUGAR LAND,October,22,Sunday,14,15,Urban,High Speed (Arterial),Yes,29.57422778,-95.68069722,Complex/Circle,Daylight,Clear,Unknown,Unknown,Unknown EMS Scene Arrival Hour,Unknown EMS Scene Arrival Minutes,Unknown,Unknown EMS Hospital Arrival Time,2,Daylight,Clear,2,6,"['Rear_Seat', 'Rear_Seat']","['None_Used', 'None_Used']",0,0,Valid,0.0,0.0,65.0,19.0,"['Female', 'Male', 'Male']",0,0,3,2,5,Dry,Straight,Level,Lowest,No
34009,48,Texas,483107,1,2,2,0,3,NOT APPLICABLE,October,17,Tuesday,6,39,Urban,High Speed (Arterial),Yes,29.89811389,-95.41868056,Non-Intersection,Dark - Not Lighted,Clear,Unknown,Unknown if Notified,Unknown EMS Scene Arrival Hour,Unknown if Arrived,Not Applicable (Not Transported),Not Applicable (Not Transported),1,Dark - Unlighted,Clear,0,2,[],[],0,0,Invalid,1.0,0.0,999.0,44.0,"['Other', 'Female']",0,0,3,1,4,Dry,Straight,Level,Lowest,No
34010,48,Texas,483108,0,1,1,0,1,GRAND PRAIRIE,October,3,Tuesday,4,3,Urban,Medium Speed (Collector),No,32.76199167,-97.04495556,Non-Intersection,Dark - Lighted,Clear,Unknown,Unknown if Notified,Unknown EMS Scene Arrival Hour,Unknown if Arrived,Not Applicable (Not Transported),Not Applicable (Not Transported),1,Dark - Lighted,Clear,1,0,['Driver'],['None_Used'],0,0,Invalid,0.0,0.0,48.0,48.0,['Male'],1,0,2,1,3,Dry,Straight,Level,Lowest,No
34011,48,Texas,483109,0,2,2,0,3,NOT APPLICABLE,October,23,Monday,13,21,Urban,High Speed (Arterial),Yes,30.09301111,-97.67956944,Simple Junction,Daylight,Cloudy,Unknown,Unknown if Notified,Unknown EMS Scene Arrival Hour,Unknown if Arrived,Not Applicable (Not Transported),Not Applicable (Not Transported),1,Daylight,Reduced Visibility,1,2,['Rear_Seat'],['None_Used'],0,0,Valid,0.0,0.0,47.0,44.0,"['Male', 'Male']",0,0,3,2,5,Wet/Standing Water,Straight,Level,Lowest,No
34012,48,Texas,483110,0,1,1,0,1,BROWNSVILLE,October,25,Wednesday,1,33,Urban,High Speed (Arterial),Yes,25.96915833,-97.53878889,Non-Intersection,Dark - Lighted,Cloudy,Unknown,Unknown if Notified,Unknown EMS Scene Arrival Hour,Unknown if Arrived,Not Applicable (Not Transported),Not Applicable (Not Transported),1,Dark - Lighted,Reduced Visibility,1,0,['Driver'],['Shoulder_Lapbelt'],0,0,Valid,2.0,0.0,24.0,24.0,['Female'],0,0,3,1,3,Dry,Curve,Level,Lowest,No
34013,48,Texas,483111,0,2,2,0,2,ODESSA,October,10,Tuesday,6,47,Urban,High Speed (Arterial),Yes,31.91840556,-102.43260833,Non-Intersection,Dawn,Clear,Unknown,Unknown if Notified,Unknown EMS Scene Arrival Hour,Unknown if Arrived,Not Applicable (Not Transported),Not Applicable (Not Transported),2,Twilight,Clear,2,0,"['Driver', 'Driver']","['Shoulder_Lapbelt', 'None_Used']",0,0,Valid,1.0,0.0,44.0,33.0,"['Male', 'Male']",0,0,3,4,5,Dry,Straight,Level,Lowest,No
34014,48,Texas,483112,0,2,2,0,3,NOT APPLICABLE,October,18,Wednesday,14,55,Rural,High Speed (Arterial),Yes,32.45301111,-100.55224722,Complex/Circle,Daylight,Clear,Unknown,Unknown,Unknown EMS Scene Arrival Hour,Unknown EMS Scene Arrival Minutes,Unknown,Unknown EMS Hospital Arrival Time,1,Daylight,Clear,1,2,['Driver'],['Shoulder_Lapbelt'],0,0,Valid,0.0,1.0,67.0,62.0,"['Male', 'Male']",0,0,3,1,5,Dry,Straight,Level,Lowest,No
34015,48,Texas,483113,0,2,2,0,3,NOT APPLICABLE,October,22,Sunday,14,4,Rural,Medium Speed (Collector),No,28.78351944,-97.89438611,Non-Intersection,Daylight,Clear,Unknown,Unknown,Unknown EMS Scene Arrival Hour,Unknown EMS Scene Arrival Minutes,Unknown,Unknown EMS Hospital Arrival Time,1,Daylight,Clear,1,2,['Driver'],['None_Used'],0,0,Valid,0.0,0.0,74.0,67.0,"['Male', 'Male']",0,0,3,1,5,Dry,Curve,Level,Lowest,No
34016,48,Texas,483114,0,1,1,0,1,NOT APPLICABLE,October,22,Sunday,18,40,Rural,Low Speed (Local),No,35.29435,-101.76256667,Non-Intersection,Daylight,Clear,Unknown,Unknown if Notified,Unknown EMS Scene Arrival Hour,Unknown if Arrived,Not Applicable (Not Transported),Not Applicable (Not Transported),1,Daylight,Clear,1,0,['Driver'],['None_Used'],0,0,Invalid,0.0,0.0,18.0,18.0,['Male'],1,0,5,1,3,Dry,Straight,Grade/Hillcrest,Lowest,No
34017,48,Texas,483115,0,2,2,0,2,NOT APPLICABLE,October,22,Sunday,18,53,Rural,Medium Speed (Collector),No,32.38539444,-94.63983056,Simple Junction,Dusk,Cloudy,Unknown,Unknown,Unknown EMS Scene Arrival Hour,Unknown EMS Scene Arrival Minutes,Unknown,Unknown EMS Hospital Arrival Time,1,Twilight,Reduced Visibility,1,1,['Driver'],['None_Used'],1,1,Valid,0.0,0.0,67.0,46.0,"['Female', 'Male']",0,0,3,1,5,Dry,Straight,Level,Lowest,No
34018,48,Texas,483116,0,2,2,0,3,NOT APPLICABLE,October,25,Wednesday,18,48,Rural,High Speed (Arterial),Yes,30.29812778,-94.18494444,Simple Junction,Dusk,Clear,Unknown,Unknown,Unknown EMS Scene Arrival Hour,Unknown EMS Scene Arrival Minutes,Unknown,Unknown EMS Hospital Arrival Time,1,Twilight,Clear,1,2,['Driver'],['None_Used'],0,0,Valid,1.0,0.0,83.0,52.0,"['Male', 'Male']",0,0,5,1,5,Dry,Straight,Level,Lowest,No
34019,48,Texas,483117,0,1,1,0,1,GRAPEVINE,October,25,Wednesday,23,39,Urban,High Speed (Arterial),Yes,32.89455,-97.08509722,Non-Intersection,Dark - Lighted,Rain,Unknown,Unknown,Unknown EMS Scene Arrival Hour,Unknown EMS Scene Arrival Minutes,Unknown,Unknown EMS Hospital Arrival Time,1,Dark - Lighted,Rain/Wind/Minor,1,0,['Driver'],['Shoulder_Lapbelt'],0,0,Valid,0.0,0.0,27.0,27.0,['Female'],1,0,2,1,3,Wet/Standing Water,Curve,Level,Lowest,No
34020,48,Texas,483118,0,2,2,0,2,SAN ANTONIO,October,21,Saturday,12,15,Urban,Medium Speed (Collector),No,29.37417222,-98.40015,Non-Intersection,Daylight,Clear,Unknown,Unknown,Unknown EMS Scene Arrival Hour,Unknown EMS Scene Arrival Minutes,Unknown,Unknown EMS Hospital Arrival Time,1,Daylight,Clear,1,1,['Driver'],['None_Used'],0,0,Valid,0.0,0.0,63.0,20.0,"['Male', 'Male']",1,0,3,1,5,Dry,Straight,Level,Lowest,No
34021,48,Texas,483119,0,2,2,0,4,NOT APPLICABLE,October,8,Sunday,16,11,Urban,Low Speed (Local),No,31.75107222,-106.40244167,Non-Intersection,Daylight,Clear,Unknown,Unknown,Unknown EMS Scene Arrival Hour,Unknown EMS Scene Arrival Minutes,Unknown,Unknown EMS Hospital Arrival Time,1,Daylight,Clear,1,3,['Driver'],['None_Used'],0,0,Valid,1.0,0.0,60.0,54.0,"['Female', 'Male']",0,0,5,1,5,Dry,Straight,Level,Lowest,No
34022,48,Texas,483120,0,2,2,0,3,WICHITA FALLS,October,20,Friday,17,31,Urban,High Speed (Arterial),Yes,33.90896111,-98.48965278,Complex/Circle,Daylight,Clear,Unknown,Unknown,Unknown EMS Scene Arrival Hour,Unknown EMS Scene Arrival Minutes,Unknown,Unknown EMS Hospital Arrival Time,1,Daylight,Clear,1,2,['Driver'],['Shoulder_Lapbelt'],0,0,Valid,0.0,0.0,68.0,33.0,"['Female', 'Male']",0,0,3,2,5,Dry,Straight,Level,Lowest,No