,State_Code,State_Name,Crash_ID,Count_Non_Motorists,Count_Vehicles_Total,Count_Vehicle_Forms,Count_PVH_Involved,Count_Occupants_MV,City_Name,Month_Name,Day_of_Month,Day_of_Week,Crash_Hour,Crash_Minute,Area_Rural_Urban,Road_Functional_Class,On_NHS_Road,Latitude,Longitude,Intersection_Type,Light_Condition,Weather_Condition,Notif_Hour,Notif_Minute,Arrival_Hour,Arrival_Minute,Hospital_Hour,Hospital_Minute,Fatalities_Count,Clean_Light_Condition,Clean_Weather_Condition,Total_Killed,Total_Alive,Fatal_Seats_List,Killed_Restraint_List,Any_Driver_Drinking,Total_Drinking_Drivers,Driver_License_Category,Driver_Max_Prev_Accident_Count,Driver_Max_Prev_Speeding_Count,Max_Driver_Age,Min_Driver_Age,Driver_Sex_List,Total_Exceeding_Limit_Vehicles,Total_Too_Fast_Vehicles,Max_Vehicle_Type_Severity_5,Max_Vehicle_Damage_Rank,Max_Harmful_Event_Severity,Crash_Road_Surface_Condition,Crash_Horizontal_Alignment,Crash_Vertical_Profile,Crash_Impairment_Category,Crash_Vehicle_Defect
34023,48,Texas,483121,0,1,1,0,1,NOT APPLICABLE,October,25,Wednesday,3,16,Urban,High Speed (Arterial),Yes,29.57546389,-95.50610278,Non-Intersection,Dark - Unknown Lighting,Clear,Unknown,Unknown if Notified,Unknown EMS Scene Arrival Hour,Unknown if Arrived,Not Applicable (Not Transported),Not Applicable (Not Transported),1,Dark - Unlighted,Clear,1,0,['Driver'],['None_Used'],0,0,Invalid,0.0,0.0,18.0,18.0,['Male'],0,0,2,1,3,Dry,Straight,Level,Lowest,No
34024,48,Texas,483122,1,1,1,0,2,NOT APPLICABLE,October,9,Monday,6,36,Urban,Medium Speed (Collector),No,30.17133611,-95.23871111,Non-Intersection,Dark - Not Lighted,Clear,Unknown,Unknown if Notified,Unknown EMS Scene Arrival Hour,Unknown if Arrived,Not Applicable (Not Transported),Not Applicable (Not Transported),1,Dark - Unlighted,Clear,0,2,[],[],0,0,Valid,0.0,1.0,33.0,33.0,['Male'],0,0,3,2,4,Dry,Straight,Level,Lowest,No
34025,48,Texas,483123,0,2,2,0,3,NOT APPLICABLE,October,22,Sunday,15,37,Urban,High Speed (Arterial),Yes,30.4467,-97.74406667,Simple Junction,Daylight,Clear,Unknown,Unknown,Unknown EMS Scene Arrival Hour,Unknown EMS Scene Arrival Minutes,Unknown,Unknown EMS Hospital Arrival Time,1,Daylight,Clear,1,2,['Driver'],['Shoulder_Lapbelt'],0,0,Valid,0.0,0.0,44.0,28.0,"['Male', 'Female']",1,0,3,4,5,Dry,Curve,Grade/Hillcrest,Lowest,No
34026,48,Texas,483124,0,4,4,0,8,EL PASO,October,14,Saturday,8,25,Urban,Medium Speed (Collector),No,31.67463056,-106.33601667,Complex/Circle,Daylight,Clear,Unknown,Unknown,Unknown EMS Scene Arrival Hour,Unknown EMS Scene Arrival Minutes,Unknown,Unknown EMS Hospital Arrival Time,3,Daylight,Clear,3,5,"['Driver', 'Rear_Seat', 'Front_Passenger']","['Shoulder_Lapbelt', 'Shoulder_Lapbelt', 'Shoulder_Lapbelt']",1,1,Invalid,0.0,1.0,32.0,21.0,"['Male', 'Male', 'Female', 'Male']",0,0,3,4,5,Dry,Straight,Level,Lowest,No
34027,48,Texas,483125,1,1,1,0,1,SAN ANTONIO,October,25,Wednesday,6,30,Urban,High Speed (Arterial),Yes,29.42799167,-98.55453889,Non-Intersection,Dark - Not Lighted,Cloudy,Unknown,Unknown,Unknown EMS Scene Arrival Hour,Unknown EMS Scene Arrival Minutes,Not Applicable (Not Transported),Not Applicable (Not Transported),1,Dark - Unlighted,Reduced Visibility,0,0,[],[],0,0,Invalid,0.0,0.0,999.0,999.0,['Other'],0,0,3,0,4,Wet/Standing Water,Straight,Level,Lowest,No
34028,48,Texas,483126,0,2,2,0,6,NOT APPLICABLE,October,20,Friday,6,54,Rural,High Speed (Arterial),Yes,29.04282222,-96.20792222,Complex/Circle,Dark - Not Lighted,Clear,Unknown,Unknown,Unknown EMS Scene Arrival Hour,Unknown EMS Scene Arrival Minutes,Unknown,Unknown EMS Hospital Arrival Time,1,Dark - Unlighted,Clear,1,5,['Driver'],['Shoulder_Lapbelt'],0,0,Valid,0.0,0.0,40.0,21.0,"['Male', 'Male']",0,0,2,1,5,Dry,Straight,Level,Lowest,No
34029,48,Texas,483127,0,3,3,0,3,ARLINGTON,October,26,Thursday,12,26,Urban,High Speed (Arterial),Yes,32.73108611,-97.18015833,Simple Junction,Daylight,Clear,Unknown,Unknown,Unknown EMS Scene Arrival Hour,Unknown EMS Scene Arrival Minutes,Unknown,Unknown EMS Hospital Arrival Time,1,Daylight,Clear,1,2,['Driver'],['None_Used'],0,0,Valid,1.0,0.0,68.0,44.0,"['Female', 'Male', 'Male']",0,0,3,1,5,Dry,Straight,Level,Lowest,No
34030,48,Texas,483128,0,1,1,0,1,NOT APPLICABLE,October,21,Saturday,21,50,Rural,High Speed (Arterial),Yes,30.74975278,-96.89803056,Non-Intersection,Dark - Not Lighted,Clear,Unknown,Unknown if Notified,Unknown EMS Scene Arrival Hour,Unknown if Arrived,Not Applicable (Not Transported),Not Applicable (Not Transported),1,Dark - Unlighted,Clear,1,0,['Driver'],['Shoulder_Lapbelt'],0,0,Valid,0.0,0.0,24.0,24.0,['Male'],0,0,4,4,3,Dry,Straight,Level,Lowest,No
34031,48,Texas,483129,0,2,2,0,4,NOT APPLICABLE,October,21,Saturday,16,40,Rural,Medium Speed (Collector),No,30.97718056,-97.57469167,Non-Intersection,Daylight,Clear,Unknown,Unknown,Unknown EMS Scene Arrival Hour,Unknown EMS Scene Arrival Minutes,Unknown,Unknown EMS Hospital Arrival Time,2,Daylight,Clear,2,2,"['Driver', 'Front_Passenger']","['None_Used', 'None_Used']",0,0,Invalid,0.0,0.0,26.0,23.0,"['Male', 'Male']",0,0,3,1,5,Dry,Straight,Level,Lowest,No
34032,48,Texas,483130,0,1,1,0,1,HOUSTON,October,6,Friday,23,18,Rural,Medium Speed (Collector),No,29.71278056,-95.278225,Complex/Circle,Dark - Lighted,Cloudy,Unknown,Unknown if Notified,Unknown EMS Scene Arrival Hour,Unknown if Arrived,Not Applicable (Not Transported),Not Applicable (Not Transported),1,Dark - Lighted,Reduced Visibility,1,0,['Driver'],['None_Used'],1,1,Valid,0.0,0.0,67.0,67.0,['Male'],0,0,3,1,3,Dry,Straight,Level,Lowest,No
34033,48,Texas,483131,0,2,2,0,4,FORT WORTH,October,28,Saturday,20,20,Urban,Medium Speed (Collector),No,32.90948056,-97.33154167,Simple Junction,Dark - Lighted,"Fog, Smog, Smoke",Unknown,Unknown,Unknown EMS Scene Arrival Hour,Unknown EMS Scene Arrival Minutes,Unknown,Unknown EMS Hospital Arrival Time,1,Dark - Lighted,Reduced Visibility,1,3,['Driver'],['None_Used'],0,0,Valid,0.0,2.0,54.0,20.0,"['Male', 'Female']",1,0,5,2,5,Wet/Standing Water,Straight,Level,Lowest,No
34034,48,Texas,483132,0,1,1,0,1,SAN ANTONIO,October,23,Monday,19,3,Urban,Low Speed (Local),No,29.51639167,-98.54124722,Non-Intersection,Daylight,Cloudy,Unknown,Unknown,Unknown EMS Scene Arrival Hour,Unknown EMS Scene Arrival Minutes,Not Applicable (Not Transported),Not Applicable (Not Transported),1,Daylight,Reduced Visibility,1,0,['Driver'],['None_Used'],0,0,Valid,0.0,0.0,45.0,45.0,['Male'],0,0,5,2,2,Dry,Straight,Level,Lowest,No
34035,48,Texas,483133,0,2,2,0,2,BAYTOWN,July,11,Tuesday,21,0,Urban,Low Speed (Local),No,29.80914444,-94.98250833,Simple Junction,Dark - Lighted,Clear,Unknown,Unknown,Unknown EMS Scene Arrival Hour,Unknown EMS Scene Arrival Minutes,Unknown,Unknown EMS Hospital Arrival Time,1,Dark - Lighted,Clear,1,1,['Driver'],['Shoulder_Lapbelt'],0,0,Valid,1.0,0.0,67.0,32.0,"['Female', 'Male']",0,0,3,1,5,Dry,Straight,Level,Lowest,No
34036,48,Texas,483134,0,2,2,0,3,HOUSTON,July,1,Saturday,3,11,Urban,Low Speed (Local),No,29.77193056,-95.29196667,Non-Intersection,Dark - Lighted,Clear,Unknown,Unknown if Notified,Unknown EMS Scene Arrival Hour,Unknown if Arrived,Not Applicable (Not Transported),Not Applicable (Not Transported),1,Dark - Lighted,Clear,1,1,['Driver'],['Shoulder_Lapbelt'],1,1,Invalid,0.0,0.0,998.0,41.0,"['Female', 'Other']",0,0,2,4,5,Dry,Straight,Level,Lowest,No
34037,48,Texas,483135,1,1,1,0,1,SAN ANTONIO,October,11,Wednesday,4,21,Urban,Medium Speed (Collector),No,29.57545,-98.33923611,Non-Intersection,Dark - Not Lighted,Clear,Unknown,Unknown if Notified,Unknown EMS Scene Arrival Hour,Unknown if Arrived,Not Applicable (Not Transported),Not Applicable (Not Transported),1,Dark - Unlighted,Clear,0,1,[],[],0,0,Valid,0.0,0.0,38.0,38.0,['Male'],0,0,1,2,4,Dry,Straight,Grade/Hillcrest,Lowest,No
34038,48,Texas,483136,0,2,2,0,2,BUNA,October,14,Saturday,11,20,Rural,High Speed (Arterial),Yes,30.430775,-93.97835833,Non-Intersection,Daylight,Clear,Unknown,Unknown,Unknown EMS Scene Arrival Hour,Unknown EMS Scene Arrival Minutes,Unknown,Unknown EMS Hospital Arrival Time,1,Daylight,Clear,1,1,['Driver'],['None_Used'],0,0,Invalid,1.0,0.0,68.0,44.0,"['Male', 'Male']",0,0,3,1,5,Dry,Straight,Level,Lowest,No
34039,48,Texas,483137,0,1,1,0,1,NOT APPLICABLE,October,15,Sunday,0,40,Rural,Medium Speed (Collector),No,28.89280833,-97.18298056,Non-Intersection,Dark - Not Lighted,Clear,Unknown,Unknown if Notified,Unknown EMS Scene Arrival Hour,Unknown if Arrived,Not Applicable (Not Transported),Not Applicable (Not Transported),1,Dark - Unlighted,Clear,1,0,['Driver'],['None_Used'],0,0,Invalid,0.0,0.0,48.0,48.0,['Male'],0,0,5,1,3,Dry,Straight,Level,Lowest,No
34040,48,Texas,483138,0,1,1,0,1,LUBBOCK,October,23,Monday,1,37,Urban,Medium Speed (Collector),No,33.60693889,-101.958975,Complex/Circle,Dark - Not Lighted,Clear,Unknown,Unknown if Notified,Unknown EMS Scene Arrival Hour,Unknown if Arrived,Not Applicable (Not Transported),Not Applicable (Not Transported),1,Dark - Unlighted,Clear,1,0,['Driver'],['None_Used'],1,1,Valid,0.0,0.0,49.0,49.0,['Male'],1,0,2,1,3,Dry,Straight,Grade/Hillcrest,Lowest,No
34041,48,Texas,483139,1,1,1,0,3,SAN ANTONIO,October,24,Tuesday,19,10,Urban,Medium Speed (Collector),No,29.36559444,-98.49466111,Non-Intersection,Dark - Not Lighted,Clear,Unknown,Unknown,Unknown EMS Scene Arrival Hour,Unknown EMS Scene Arrival Minutes,Unknown,Unknown EMS Hospital Arrival Time,1,Dark - Unlighted,Clear,0,3,[],[],0,0,Valid,0.0,0.0,25.0,25.0,['Male'],0,0,3,1,4,Dry,Straight,Level,Lowest,No
34042,48,Texas,483140,0,1,1,0,1,MESQUITE,October,28,Saturday,2,6,Urban,High Speed (Arterial),Yes,32.79252222,-96.62617778,Non-Intersection,Dark - Lighted,Rain,Unknown,Unknown if Notified,Unknown EMS Scene Arrival Hour,Unknown if Arrived,Not Applicable (Not Transported),Not Applicable (Not Transported),1,Dark - Lighted,Rain/Wind/Minor,1,0,['Driver'],['None_Used'],1,1,Valid,2.0,0.0,38.0,38.0,['Female'],1,0,2,1,3,Wet/Standing Water,Straight,Level,Lowest,No
34043,48,Texas,483141,0,2,2,0,3,NOT APPLICABLE,October,24,Tuesday,8,5,Rural,Medium Speed (Collector),No,30.73862778,-99.03841389,Non-Intersection,Daylight,Rain,Unknown,Unknown,Unknown EMS Scene Arrival Hour,Unknown EMS Scene Arrival Minutes,Unknown,Unknown EMS Hospital Arrival Time,1,Daylight,Rain/Wind/Minor,1,2,['Driver'],['Shoulder_Lapbelt'],0,0,Valid,1.0,0.0,55.0,40.0,"['Male', 'Male']",0,0,3,4,5,Wet/Standing Water,Straight,Level,Lowest,No
34044,48,Texas,483142,0,2,2,0,2,NOT APPLICABLE,October,26,Thursday,19,13,Rural,High Speed (Arterial),Yes,33.09403611,-96.06294167,Non-Intersection,Dark - Not Lighted,Clear,Unknown,Unknown,Unknown EMS Scene Arrival Hour,Unknown EMS Scene Arrival Minutes,Unknown,Unknown EMS Hospital Arrival Time,1,Dark - Unlighted,Clear,1,1,['Driver'],['Shoulder_Lapbelt'],1,1,Valid,1.0,1.0,61.0,31.0,"['Female', 'Female']",0,0,3,1,5,Dry,Straight,Level,Lowest,No
34045,48,Texas,483143,0,2,2,0,2,NOT APPLICABLE,October,23,Monday,19,57,Rural,Medium Speed (Collector),No,32.92342222,-99.95201667,Complex/Circle,Dark - Not Lighted,Rain,Unknown,Unknown,Unknown EMS Scene Arrival Hour,Unknown EMS Scene Arrival Minutes,Unknown,Unknown EMS Hospital Arrival Time,1,Dark - Unlighted,Rain/Wind/Minor,1,1,['Driver'],['Shoulder_Lapbelt'],0,0,Invalid,0.0,1.0,49.0,38.0,"['Male', 'Male']",0,0,4,4,5,Wet/Standing Water,Straight,Level,Lowest,No
34046,48,Texas,483144,1,1,1,0,1,NOT APPLICABLE,October,21,Saturday,20,46,Rural,High Speed (Arterial),Yes,31.21874167,-101.59286389,Non-Intersection,Dark - Not Lighted,Clear,Unknown,Unknown if Notified,Unknown EMS Scene Arrival Hour,Unknown if Arrived,Not Applicable (Not Transported),Not Applicable (Not Transported),1,Dark - Unlighted,Clear,0,0,[],[],0,0,Invalid,0.0,0.0,999.0,999.0,['Other'],0,0,1,0,4,Dry,Straight,Level,Lowest,No
34047,48,Texas,483145,0,2,2,0,2,NOT APPLICABLE,October,26,Thursday,18,15,Rural,High Speed (Arterial),Yes,29.29783889,-97.29285278,Non-Intersection,Dusk,Rain,Unknown,Unknown,Unknown EMS Scene Arrival Hour,Unknown EMS Scene Arrival Minutes,Unknown,Unknown EMS Hospital Arrival Time,1,Twilight,Rain/Wind/Minor,1,1,['Driver'],['Shoulder_Lapbelt'],1,1,Valid,0.0,0.0,22.0,17.0,"['Female', 'Female']",1,0,2,1,5,Wet/Standing Water,Straight,Grade/Hillcrest,Lowest,No
34048,48,Texas,483146,0,1,1,0,1,NOT APPLICABLE,October,22,Sunday,0,48,Urban,Medium Speed (Collector),No,29.97910278,-95.71578611,Non-Intersection,Dark - Not Lighted,Clear,Unknown,Unknown,Unknown EMS Scene Arrival Hour,Unknown EMS Scene Arrival Minutes,Unknown,Unknown EMS Hospital Arrival Time,1,Dark - Unlighted,Clear,1,0,['Driver'],['Shoulder_Lapbelt'],0,0,Valid,0.0,1.0,20.0,20.0,['Male'],1,0,2,1,3,Dry,Straight,Level,Lowest,Yes
34049,48,Texas,483147,1,1,1,0,1,NOT APPLICABLE,October,19,Thursday,6,10,Rural,Medium Speed (Collector),No,31.88443889,-100.49417778,Non-Intersection,Dark - Not Lighted,Clear,Unknown,Unknown,Unknown EMS Scene Arrival Hour,Unknown EMS Scene Arrival Minutes,Unknown,Unknown EMS Hospital Arrival Time,1,Dark - Unlighted,Clear,0,1,[],[],0,0,Valid,0.0,0.0,66.0,66.0,['Female'],0,0,4,2,4,Dry,Straight,Grade/Hillcrest,Lowest,No
34050,48,Texas,483148,0,1,1,0,1,NOT APPLICABLE,October,19,Thursday,19,0,Rural,High Speed (Arterial),Yes,31.57017222,-100.25414444,Non-Intersection,Daylight,Clear,Unknown,Unknown,Unknown EMS Scene Arrival Hour,Unknown EMS Scene Arrival Minutes,Unknown,Unknown EMS Hospital Arrival Time,1,Daylight,Clear,1,0,['Driver'],['Shoulder_Lapbelt'],0,0,Valid,0.0,0.0,55.0,55.0,['Female'],0,0,3,4,3,Dry,Straight,Level,Lowest,No
34051,48,Texas,483150,0,1,1,0,1,NOT APPLICABLE,September,9,Saturday,23,2,Urban,High Speed (Arterial),Yes,26.08061389,-98.09399444,Non-Intersection,Dark - Not Lighted,Clear,Unknown,Unknown if Notified,Unknown EMS Scene Arrival Hour,Unknown if Arrived,Not Applicable (Not Transported),Not Applicable (Not Transported),1,Dark - Unlighted,Clear,1,0,['Driver'],['None_Used'],1,1,Invalid,0.0,0.0,32.0,32.0,['Male'],0,0,3,1,2,Dry,Curve,Grade/Hillcrest,Lowest,No
34052,48,Texas,483151,0,1,1,0,1,NOT APPLICABLE,September,30,Saturday,13,35,Urban,Low Speed (Local),No,26.24316389,-98.15518611,Simple Junction,Daylight,Clear,Unknown,Unknown,Unknown EMS Scene Arrival Hour,Unknown EMS Scene Arrival Minutes,Unknown,Unknown EMS Hospital Arrival Time,1,Daylight,Clear,1,0,['Driver'],['None_Used'],0,0,Valid,0.0,0.0,49.0,49.0,['Male'],0,0,2,1,2,Dry,Straight,Level,Lowest,No
34053,48,Texas,483152,0,2,2,0,3,NOT APPLICABLE,October,22,Sunday,23,1,Rural,High Speed (Arterial),Yes,31.45059444,-106.03749167,Non-Intersection,Dark - Lighted,Clear,Unknown,Unknown,Unknown EMS Scene Arrival Hour,Unknown EMS Scene Arrival Minutes,Unknown,Unknown EMS Hospital Arrival Time,1,Dark - Lighted,Clear,1,2,['Driver'],['Shoulder_Lapbelt'],0,0,Invalid,0.0,3.0,999.0,63.0,"['Male', 'Male']",0,0,4,1,5,Dry,Straight,Level,Lowest,No
34054,48,Texas,483153,1,1,1,0,1,ANAHUAC,October,14,Saturday,1,34,Rural,Low Speed (Local),No,29.77328611,-94.67336667,Simple Junction,Dark - Not Lighted,Clear,Unknown,Unknown if Notified,Unknown EMS Scene Arrival Hour,Unknown if Arrived,Not Applicable (Not Transported),Not Applicable (Not Transported),1,Dark - Unlighted,Clear,0,1,[],[],0,0,Valid,0.0,0.0,33.0,33.0,['Male'],0,0,3,2,4,Dry,Curve,Level,Lowest,No
34055,48,Texas,483154,0,1,1,0,1,LUCAS,October,24,Tuesday,21,46,Urban,Medium Speed (Collector),No,33.11996944,-96.60884444,Non-Intersection,Dark - Not Lighted,Rain,Unknown,Unknown if Notified,Unknown EMS Scene Arrival Hour,Unknown if Arrived,Not Applicable (Not Transported),Not Applicable (Not Transported),1,Dark - Unlighted,Rain/Wind/Minor,1,0,['Driver'],['None_Used'],0,0,Invalid,0.0,0.0,16.0,16.0,['Male'],1,0,2,1,2,Wet/Standing Water,Curve,Level,Lowest,No
34056,48,Texas,483155,1,1,1,0,1,NOT APPLICABLE,October,7,Saturday,3,5,Urban,Medium Speed (Collector),No,30.14096111,-97.70268056,Simple Junction,Dark - Not Lighted,Clear,Unknown,Unknown if Notified,Unknown EMS Scene Arrival Hour,Unknown if Arrived,Not Applicable (Not Transported),Not Applicable (Not Transported),1,Dark - Unlighted,Clear,0,0,[],[],0,0,Invalid,0.0,0.0,999.0,999.0,['Other'],0,0,1,1,4,Dry,Straight,Grade/Hillcrest,Lowest,No
34057,48,Texas,483156,1,1,1,0,3,SAN ANTONIO,October,26,Thursday,19,15,Urban,High Speed (Arterial),Yes,29.32167222,-98.457475,Non-Intersection,Dark - Lighted,Cloudy,Unknown,Unknown if Notified,Unknown EMS Scene Arrival Hour,Unknown if Arrived,Not Applicable (Not Transported),Not Applicable (Not Transported),1,Dark - Lighted,Reduced Visibility,0,3,[],[],0,0,Valid,2.0,1.0,21.0,21.0,['Male'],0,0,3,1,4,Dry,Straight,Level,Lowest,No
34058,48,Texas,483157,1,1,1,0,1,SAN ANTONIO,October,25,Wednesday,1,49,Urban,High Speed (Arterial),Yes,29.46984167,-98.47552778,Non-Intersection,Dark - Lighted,Clear,Unknown,Unknown if Notified,Unknown EMS Scene Arrival Hour,Unknown if Arrived,Not Applicable (Not Transported),Not Applicable (Not Transported),1,Dark - Lighted,Clear,0,0,[],[],0,0,Invalid,0.0,0.0,999.0,999.0,['Other'],0,0,1,3,4,Dry,Curve,Level,Lowest,No
34059,48,Texas,483158,1,1,1,0,1,BAYTOWN,October,25,Wednesday,13,0,Urban,Low Speed (Local),No,29.79205278,-94.98095556,Non-Intersection,Daylight,Clear,Unknown,Unknown if Notified,Unknown EMS Scene Arrival Hour,Unknown if Arrived,Not Applicable (Not Transported),Not Applicable (Not Transported),1,Daylight,Clear,0,1,[],[],0,0,Valid,1.0,0.0,47.0,47.0,['Female'],0,0,3,2,4,Dry,Curve,Level,Lowest,No
34060,48,Texas,483159,0,1,1,0,2,HOUSTON,September,25,Monday,4,15,Urban,High Speed (Arterial),Yes,29.84603889,-95.393125,Non-Intersection,Dark - Lighted,Clear,Unknown,Unknown,Unknown EMS Scene Arrival Hour,Unknown EMS Scene Arrival Minutes,Unknown,Unknown EMS Hospital Arrival Time,1,Dark - Lighted,Clear,1,1,['Driver'],['None_Used'],1,1,Invalid,0.0,0.0,46.0,46.0,['Male'],2,0,3,1,3,Dry,Straight,Level,Lowest,No
34061,48,Texas,483160,1,1,1,0,1,HOUSTON,September,11,Monday,6,45,Urban,Medium Speed (Collector),No,29.7939,-95.33726944,Complex/Circle,Daylight,Cloudy,Unknown,Unknown,Unknown EMS Scene Arrival Hour,Unknown EMS Scene Arrival Minutes,Unknown,Unknown EMS Hospital Arrival Time,1,Daylight,Reduced Visibility,0,1,[],[],0,0,Invalid,0.0,0.0,70.0,70.0,['Female'],0,0,3,1,4,Dry,Straight,Level,Lowest,No
34062,48,Texas,483161,1,1,1,0,1,GALVESTON,October,26,Thursday,21,19,Urban,High Speed (Arterial),Yes,29.28623611,-94.79364167,Simple Junction,Dark - Lighted,Clear,Unknown,Unknown,Unknown EMS Scene Arrival Hour,Unknown EMS Scene Arrival Minutes,Unknown,Unknown EMS Hospital Arrival Time,1,Dark - Lighted,Clear,0,1,[],[],1,1,Invalid,0.0,0.0,23.0,23.0,['Female'],0,0,3,2,4,Dry,Straight,Level,Lowest,No
34063,48,Texas,483162,0,2,2,0,5,FORT WORTH,July,14,Friday,15,28,Urban,Medium Speed (Collector),No,32.73264444,-97.36138611,Complex/Circle,Daylight,Clear,Unknown,Unknown if Notified,Unknown EMS Scene Arrival Hour,Unknown if Arrived,Not Applicable (Not Transported),Not Applicable (Not Transported),1,Daylight,Clear,1,4,['Driver'],['None_Used'],1,1,Valid,0.0,0.0,47.0,31.0,"['Female', 'Male']",0,0,5,1,5,Dry,Straight,Level,Lowest,No
34064,48,Texas,483163,0,1,1,0,2,NOT APPLICABLE,October,23,Monday,0,59,Rural,High Speed (Arterial),Yes,32.11484444,-96.34747778,Non-Intersection,Dark - Not Lighted,Cloudy,Unknown,Unknown if Notified,Unknown EMS Scene Arrival Hour,Unknown if Arrived,Not Applicable (Not Transported),Not Applicable (Not Transported),2,Dark - Unlighted,Reduced Visibility,2,0,"['Driver', 'Front_Passenger']","['None_Used', 'None_Used']",0,0,Valid,0.0,0.0,48.0,48.0,['Male'],0,0,3,1,3,Dry,Straight,Level,Lowest,No
34065,48,Texas,483164,0,1,1,0,1,NOT APPLICABLE,October,28,Saturday,16,20,Rural,Medium Speed (Collector),No,30.20172222,-93.81639444,Non-Intersection,Daylight,Clear,Unknown,Unknown if Notified,Unknown EMS Scene Arrival Hour,Unknown if Arrived,Not Applicable (Not Transported),Not Applicable (Not Transported),1,Daylight,Clear,1,0,['Driver'],['None_Used'],1,1,Valid,0.0,0.0,72.0,72.0,['Male'],0,0,3,1,3,Dry,Curve,Level,Lowest,No
34066,48,Texas,483165,0,2,2,0,2,NOT APPLICABLE,September,27,Wednesday,23,8,Rural,High Speed (Arterial),Yes,29.64588889,-97.69462778,Non-Intersection,Dark - Not Lighted,Clear,Unknown,Unknown if Notified,Unknown EMS Scene Arrival Hour,Unknown if Arrived,Not Applicable (Not Transported),Not Applicable (Not Transported),1,Dark - Unlighted,Clear,1,1,['Driver'],['Shoulder_Lapbelt'],0,0,Invalid,2.0,0.0,49.0,27.0,"['Male', 'Male']",0,0,4,1,5,Dry,Straight,Level,Lowest,No
34067,48,Texas,483166,0,1,1,0,1,NOT APPLICABLE,October,20,Friday,19,53,Rural,Medium Speed (Collector),No,32.99911667,-98.39347778,Non-Intersection,Dark - Not Lighted,Clear,Unknown,Unknown if Notified,Unknown EMS Scene Arrival Hour,Unknown if Arrived,Not Applicable (Not Transported),Not Applicable (Not Transported),1,Dark - Unlighted,Clear,1,0,['Driver'],['None_Used'],1,1,Invalid,0.0,0.0,52.0,52.0,['Male'],0,0,3,1,3,Dry,Straight,Level,Lowest,No
34068,48,Texas,483167,0,2,2,0,2,NOT APPLICABLE,October,20,Friday,7,37,Rural,Low Speed (Local),No,33.41885556,-96.74083056,Complex/Circle,Daylight,Clear,Unknown,Unknown if Notified,Unknown EMS Scene Arrival Hour,Unknown if Arrived,Not Applicable (Not Transported),Not Applicable (Not Transported),1,Daylight,Clear,1,1,['Driver'],['None_Used'],0,0,Valid,1.0,1.0,68.0,45.0,"['Male', 'Female']",1,0,5,1,5,Dry,Straight,Grade/Hillcrest,Lowest,No
34069,48,Texas,483168,0,2,2,0,2,NOT APPLICABLE,October,19,Thursday,6,40,Rural,High Speed (Arterial),Yes,33.08161111,-94.24465556,Non-Intersection,Dawn,Clear,Unknown,Unknown,Unknown EMS Scene Arrival Hour,Unknown EMS Scene Arrival Minutes,Unknown,Unknown EMS Hospital Arrival Time,1,Twilight,Clear,1,1,['Driver'],['Shoulder_Lapbelt'],0,0,Invalid,0.0,0.0,67.0,20.0,"['Male', 'Male']",1,0,3,1,5,Dry,Straight,Level,Lowest,No
34070,48,Texas,483169,0,2,2,0,4,RHOME,October,26,Thursday,20,47,Urban,High Speed (Arterial),Yes,33.03588056,-97.45266111,Simple Junction,Dark - Not Lighted,Clear,Unknown,Unknown,Unknown EMS Scene Arrival Hour,Unknown EMS Scene Arrival Minutes,Unknown,Unknown EMS Hospital Arrival Time,1,Dark - Unlighted,Clear,1,3,['Front_Passenger'],['Shoulder_Lapbelt'],0,0,Valid,2.0,1.0,65.0,42.0,"['Male', 'Male']",0,0,4,4,5,Dry,Straight,Level,Lowest,No
34071,48,Texas,483170,0,1,1,0,1,SUGAR LAND,October,29,Sunday,2,40,Urban,High Speed (Arterial),No,29.64563056,-95.60708056,Non-Intersection,Dark - Lighted,Cloudy,Unknown,Unknown if Notified,Unknown EMS Scene Arrival Hour,Unknown if Arrived,Not Applicable (Not Transported),Not Applicable (Not Transported),1,Dark - Lighted,Reduced Visibility,1,0,['Driver'],['None_Used'],1,1,Valid,0.0,0.0,24.0,24.0,['Male'],1,0,2,1,3,Dry,Curve,Level,Lowest,No
34072,48,Texas,483171,0,2,2,0,3,NOT APPLICABLE,October,25,Wednesday,20,24,Rural,Medium Speed (Collector),No,32.33938889,-94.63191111,Non-Intersection,Dark - Not Lighted,Cloudy,Unknown,Unknown,Unknown EMS Scene Arrival Hour,Unknown EMS Scene Arrival Minutes,Unknown,Unknown EMS Hospital Arrival Time,2,Dark - Unlighted,Reduced Visibility,2,1,"['Driver', 'Rear_Seat']","['None_Used', 'None_Used']",0,0,Valid,0.0,0.0,49.0,41.0,"['Female', 'Male']",0,0,5,1,5,Dry,Straight,Grade/Hillcrest,Lowest,No