,State_Code,State_Name,Crash_ID,Count_Non_Motorists,Count_Vehicles_Total,Count_Vehicle_Forms,Count_PVH_Involved,Count_Occupants_MV,City_Name,Month_Name,Day_of_Month,Day_of_Week,Crash_Hour,Crash_Minute,Area_Rural_Urban,Road_Functional_Class,On_NHS_Road,Latitude,Longitude,Intersection_Type,Light_Condition,Weather_Condition,Notif_Hour,Notif_Minute,Arrival_Hour,Arrival_Minute,Hospital_Hour,Hospital_Minute,Fatalities_Count,Clean_Light_Condition,Clean_Weather_Condition,Total_Killed,Total_Alive,Fatal_Seats_List,Killed_Restraint_List,Any_Driver_Drinking,Total_Drinking_Drivers,Driver_License_Category,Driver_Max_Prev_Accident_Count,Driver_Max_Prev_Speeding_Count,Max_Driver_Age,Min_Driver_Age,Driver_Sex_List,Total_Exceeding_Limit_Vehicles,Total_Too_Fast_Vehicles,Max_Vehicle_Type_Severity_5,Max_Vehicle_Damage_Rank,Max_Harmful_Event_Severity,Crash_Road_Surface_Condition,Crash_Horizontal_Alignment,Crash_Vertical_Profile,Crash_Impairment_Category,Crash_Vehicle_Defect
34073,48,Texas,483172,0,1,1,0,2,NOT APPLICABLE,October,28,Saturday,21,48,Rural,Medium Speed (Collector),No,32.11889722,-94.70518056,Non-Intersection,Dark - Not Lighted,Clear,Unknown,Unknown,Unknown EMS Scene Arrival Hour,Unknown EMS Scene Arrival Minutes,Unknown,Unknown EMS Hospital Arrival Time,1,Dark - Unlighted,Clear,1,1,['Driver'],['Shoulder_Lapbelt'],0,0,Valid,0.0,0.0,25.0,25.0,['Male'],2,0,3,1,3,Dry,Curve,Grade/Hillcrest,Lowest,No
34074,48,Texas,483173,1,1,1,0,1,HOUSTON,September,22,Friday,19,2,Urban,Medium Speed (Collector),No,29.76344722,-95.36089167,Non-Intersection,Daylight,Clear,Unknown,Unknown if Notified,Unknown EMS Scene Arrival Hour,Unknown if Arrived,Not Applicable (Not Transported),Not Applicable (Not Transported),1,Daylight,Clear,0,0,[],[],0,0,Invalid,0.0,0.0,999.0,999.0,['Other'],0,0,4,0,4,Dry,Straight,Level,Lowest,No
34075,48,Texas,483174,1,1,1,0,1,SAN ANTONIO,October,30,Monday,22,41,Urban,High Speed (Arterial),Yes,29.40724722,-98.60283056,Non-Intersection,Dark - Lighted,Rain,Unknown,Unknown,Unknown EMS Scene Arrival Hour,Unknown EMS Scene Arrival Minutes,Not Applicable (Not Transported),Not Applicable (Not Transported),1,Dark - Lighted,Rain/Wind/Minor,0,0,[],[],0,0,Invalid,0.0,0.0,999.0,999.0,['Other'],0,0,1,0,4,Wet/Standing Water,Straight,Level,Lowest,No
34076,48,Texas,483175,1,2,2,0,3,SAN ANTONIO,October,29,Sunday,21,26,Urban,High Speed (Arterial),Yes,29.54051111,-98.3784,Non-Intersection,Dark - Not Lighted,Cloudy,Unknown,Unknown if Notified,Unknown EMS Scene Arrival Hour,Unknown if Arrived,Not Applicable (Not Transported),Not Applicable (Not Transported),1,Dark - Unlighted,Reduced Visibility,0,3,[],[],0,0,Valid,0.0,0.0,46.0,24.0,"['Male', 'Male']",0,0,3,2,4,Wet/Standing Water,Straight,Level,Lowest,No
34077,48,Texas,483176,1,1,1,0,1,NOT APPLICABLE,October,26,Thursday,12,45,Rural,High Speed (Arterial),No,32.67396944,-95.65536944,Non-Intersection,Daylight,Rain,Unknown,Unknown if Notified,Unknown EMS Scene Arrival Hour,Unknown if Arrived,Not Applicable (Not Transported),Not Applicable (Not Transported),1,Daylight,Rain/Wind/Minor,0,1,[],[],0,0,Valid,0.0,1.0,37.0,37.0,['Male'],0,0,3,2,4,Wet/Standing Water,Straight,Grade/Hillcrest,Lowest,No
34078,48,Texas,483177,0,2,2,0,3,Other,October,18,Wednesday,6,0,Rural,High Speed (Arterial),Yes,30.03580556,-97.66225833,Non-Intersection,Dark - Not Lighted,Clear,Unknown,Unknown,Unknown EMS Scene Arrival Hour,Unknown EMS Scene Arrival Minutes,Unknown,Unknown EMS Hospital Arrival Time,1,Dark - Unlighted,Clear,1,2,['Driver'],['Shoulder_Lapbelt'],0,0,Valid,1.0,1.0,39.0,22.0,"['Male', 'Male']",1,0,3,1,5,Dry,Straight,Level,Lowest,No
34079,48,Texas,483178,1,1,1,0,1,ROSENBERG,October,26,Thursday,20,9,Urban,High Speed (Arterial),Yes,29.53547778,-95.80840556,Complex/Circle,Dark - Not Lighted,Cloudy,Unknown,Unknown,Unknown EMS Scene Arrival Hour,Unknown EMS Scene Arrival Minutes,Unknown,Unknown EMS Hospital Arrival Time,1,Dark - Unlighted,Reduced Visibility,0,1,[],[],0,0,Invalid,0.0,0.0,19.0,19.0,['Male'],1,0,2,1,4,Dry,Straight,Level,Lowest,No
34080,48,Texas,483179,1,1,1,0,3,AUSTIN,October,27,Friday,22,22,Urban,Medium Speed (Collector),No,30.17891111,-97.82069722,Non-Intersection,Dark - Lighted,Cloudy,Unknown,Unknown if Notified,Unknown EMS Scene Arrival Hour,Unknown if Arrived,Not Applicable (Not Transported),Not Applicable (Not Transported),1,Dark - Lighted,Reduced Visibility,0,3,[],[],0,0,Valid,0.0,1.0,20.0,20.0,['Female'],3,0,2,1,4,Dry,Straight,Level,Lowest,No
34081,48,Texas,483180,0,1,1,0,1,HOUSTON,September,11,Monday,1,50,Urban,Medium Speed (Collector),No,29.758125,-95.41458889,Non-Intersection,Dark - Lighted,Clear,Unknown,Unknown,Unknown EMS Scene Arrival Hour,Unknown EMS Scene Arrival Minutes,Unknown,Unknown EMS Hospital Arrival Time,1,Dark - Lighted,Clear,1,0,['Driver'],['None_Used'],1,1,Valid,0.0,0.0,23.0,23.0,['Female'],0,0,3,1,3,Dry,Curve,Level,Lowest,No
34082,48,Texas,483181,0,2,2,0,7,NOT APPLICABLE,October,22,Sunday,13,40,Rural,High Speed (Arterial),No,30.32898333,-95.25665556,Non-Intersection,Daylight,Clear,Unknown,Unknown,Unknown EMS Scene Arrival Hour,Unknown EMS Scene Arrival Minutes,Unknown,Unknown EMS Hospital Arrival Time,1,Daylight,Clear,1,6,['Front_Passenger'],['Shoulder_Lapbelt'],0,0,Valid,0.0,0.0,74.0,29.0,"['Male', 'Female']",0,0,3,1,5,Dry,Straight,Non-Trafficway,Lowest,No
34083,48,Texas,483182,0,2,2,0,5,NACOGDOCHES,October,30,Monday,19,7,Urban,Medium Speed (Collector),No,31.58584722,-94.60968889,Simple Junction,Dark - Lighted,Cloudy,Unknown,Unknown,Unknown EMS Scene Arrival Hour,Unknown EMS Scene Arrival Minutes,Unknown,Unknown EMS Hospital Arrival Time,1,Dark - Lighted,Reduced Visibility,1,4,['Front_Passenger'],['None_Used'],0,0,Valid,0.0,1.0,48.0,29.0,"['Male', 'Female']",1,0,3,1,5,Dry,Straight,Grade/Hillcrest,Lowest,No
34084,48,Texas,483183,0,2,2,0,2,IOWA COLONY,October,28,Saturday,6,37,Urban,High Speed (Arterial),Yes,29.49141111,-95.42728889,Simple Junction,Dark - Not Lighted,Clear,Unknown,Unknown if Notified,Unknown EMS Scene Arrival Hour,Unknown if Arrived,Not Applicable (Not Transported),Not Applicable (Not Transported),1,Dark - Unlighted,Clear,1,1,['Driver'],['None_Used'],0,0,Valid,0.0,0.0,58.0,31.0,"['Male', 'Male']",1,0,4,4,5,Dry,Straight,Level,Lowest,No
34085,48,Texas,483184,0,2,2,0,4,NOT APPLICABLE,October,11,Wednesday,8,9,Urban,Medium Speed (Collector),No,30.04805,-95.51358611,Non-Intersection,Daylight,Rain,Unknown,Unknown,Unknown EMS Scene Arrival Hour,Unknown EMS Scene Arrival Minutes,Unknown,Unknown EMS Hospital Arrival Time,1,Daylight,Rain/Wind/Minor,1,3,['Driver'],['Shoulder_Lapbelt'],0,0,Valid,0.0,0.0,52.0,19.0,"['Female', 'Male']",0,0,3,1,5,Wet/Standing Water,Curve,Level,Lowest,No
34086,48,Texas,483185,0,3,3,0,4,WINDTHORST,October,20,Friday,12,30,Rural,Medium Speed (Collector),No,33.58520556,-98.43680556,Non-Intersection,Daylight,Clear,Unknown,Unknown,Unknown EMS Scene Arrival Hour,Unknown EMS Scene Arrival Minutes,Unknown,Unknown EMS Hospital Arrival Time,1,Daylight,Clear,1,3,['Driver'],['None_Used'],0,0,Valid,1.0,1.0,65.0,18.0,"['Male', 'Female', 'Female']",2,0,3,1,5,Dry,Straight,Level,Lowest,No
34087,48,Texas,483186,0,2,2,0,2,AMARILLO,October,31,Tuesday,10,35,Urban,Medium Speed (Collector),No,35.16850833,-101.92019722,Non-Intersection,Daylight,Clear,Unknown,Unknown,Unknown EMS Scene Arrival Hour,Unknown EMS Scene Arrival Minutes,Unknown,Unknown EMS Hospital Arrival Time,1,Daylight,Clear,1,1,['Driver'],['Shoulder_Lapbelt'],0,0,Valid,0.0,0.0,73.0,38.0,"['Male', 'Female']",0,0,3,1,5,Dry,Straight,Level,Lowest,No
34088,48,Texas,483187,0,2,2,0,6,NOT APPLICABLE,October,24,Tuesday,19,45,Rural,Medium Speed (Collector),No,27.74245,-98.122625,Non-Intersection,Dark - Not Lighted,Clear,Unknown,Unknown,Unknown EMS Scene Arrival Hour,Unknown EMS Scene Arrival Minutes,Unknown,Unknown EMS Hospital Arrival Time,2,Dark - Unlighted,Clear,2,4,"['Driver', 'Front_Passenger']","['Shoulder_Lapbelt', 'None_Used']",0,0,Valid,0.0,0.0,24.0,19.0,"['Female', 'Male']",0,0,3,4,5,Dry,Straight,Level,Lowest,No
34089,48,Texas,483188,0,3,3,0,6,NOT APPLICABLE,October,15,Sunday,16,55,Rural,High Speed (Arterial),Yes,32.45305556,-100.47003333,Non-Intersection,Dusk,Clear,Unknown,Unknown,Unknown EMS Scene Arrival Hour,Unknown EMS Scene Arrival Minutes,Unknown,Unknown EMS Hospital Arrival Time,1,Twilight,Clear,1,5,['Non_Standard_Risk'],['None_Used'],0,0,Valid,1.0,0.0,51.0,21.0,"['Male', 'Male', 'Female']",2,0,3,1,5,Dry,Straight,Grade/Hillcrest,Lowest,No
34090,48,Texas,483189,0,2,2,0,4,NOT APPLICABLE,October,28,Saturday,21,0,Rural,Medium Speed (Collector),No,31.60253889,-95.14176944,Simple Junction,Dark - Not Lighted,Cloudy,Unknown,Unknown,Unknown EMS Scene Arrival Hour,Unknown EMS Scene Arrival Minutes,Unknown,Unknown EMS Hospital Arrival Time,1,Dark - Unlighted,Reduced Visibility,1,3,['Driver'],['None_Used'],0,0,Valid,0.0,0.0,71.0,45.0,"['Female', 'Male']",0,0,5,1,5,Dry,Straight,Level,Lowest,No
34091,48,Texas,483190,0,2,2,0,2,NOT APPLICABLE,October,22,Sunday,21,20,Rural,High Speed (Arterial),Yes,33.66709444,-101.59615,Complex/Circle,Dark - Not Lighted,Clear,Unknown,Unknown if Notified,Unknown EMS Scene Arrival Hour,Unknown if Arrived,Not Applicable (Not Transported),Not Applicable (Not Transported),1,Dark - Unlighted,Clear,1,1,['Driver'],['None_Used'],0,0,Valid,1.0,0.0,63.0,62.0,"['Male', 'Male']",0,0,4,1,5,Dry,Straight,Level,Lowest,No
34092,48,Texas,483191,0,1,1,0,2,ALTON,October,26,Thursday,12,7,Urban,Medium Speed (Collector),No,26.30161389,-98.31201667,Non-Intersection,Daylight,Cloudy,Unknown,Unknown,Unknown EMS Scene Arrival Hour,Unknown EMS Scene Arrival Minutes,Unknown,Unknown EMS Hospital Arrival Time,1,Daylight,Reduced Visibility,1,1,['Driver'],['Shoulder_Lapbelt'],0,0,Invalid,0.0,0.0,40.0,40.0,['Male'],0,0,2,1,3,Wet/Standing Water,Straight,Level,Medium,No
34093,48,Texas,483192,0,3,2,1,2,ARLINGTON,October,25,Wednesday,19,47,Urban,Low Speed (Local),No,32.74295278,-97.12700556,Non-Intersection,Dark - Lighted,Rain,Unknown,Unknown if Notified,Unknown EMS Scene Arrival Hour,Unknown if Arrived,Not Applicable (Not Transported),Not Applicable (Not Transported),1,Dark - Lighted,Rain/Wind/Minor,1,1,['Driver'],['Shoulder_Lapbelt'],0,0,Invalid,0.0,0.0,26.0,16.0,"['Male', 'Male']",0,0,3,1,5,Wet/Standing Water,Straight,Grade/Hillcrest,Lowest,No
34094,48,Texas,483193,1,1,1,0,1,TEXAS CITY,October,24,Tuesday,19,50,Urban,Medium Speed (Collector),No,29.39271111,-95.01048333,Non-Intersection,Dark - Not Lighted,Clear,Unknown,Unknown,Unknown EMS Scene Arrival Hour,Unknown EMS Scene Arrival Minutes,Unknown,Unknown EMS Hospital Arrival Time,1,Dark - Unlighted,Clear,0,1,[],[],0,0,Valid,0.0,0.0,24.0,24.0,['Female'],0,0,3,1,4,Dry,Straight,Level,Lowest,No
34095,48,Texas,483194,1,2,2,0,2,DALLAS,October,22,Sunday,3,27,Urban,High Speed (Arterial),Yes,32.72000556,-96.68309722,Non-Intersection,Dark - Lighted,Cloudy,Unknown,Unknown if Notified,Unknown EMS Scene Arrival Hour,Unknown if Arrived,Not Applicable (Not Transported),Not Applicable (Not Transported),1,Dark - Lighted,Reduced Visibility,0,0,[],[],0,0,Invalid,0.0,0.0,999.0,999.0,"['Other', 'Other']",0,0,1,0,4,Dry,Straight,Level,Lowest,No
34096,48,Texas,483195,1,2,2,0,2,DALLAS,October,16,Monday,0,14,Urban,High Speed (Arterial),Yes,32.92370278,-96.77457222,Non-Intersection,Dark - Lighted,Clear,Unknown,Unknown,Unknown EMS Scene Arrival Hour,Unknown EMS Scene Arrival Minutes,Not Applicable (Not Transported),Not Applicable (Not Transported),1,Dark - Lighted,Clear,0,1,[],[],0,0,Invalid,0.0,3.0,999.0,30.0,"['Other', 'Female']",0,0,2,1,4,Dry,Straight,Level,Lowest,No
34097,48,Texas,483196,1,2,2,0,6,NOT APPLICABLE,October,20,Friday,8,0,Urban,Medium Speed (Collector),No,26.26895,-98.07171389,Non-Intersection,Dark - Not Lighted,Clear,Unknown,Unknown if Notified,Unknown EMS Scene Arrival Hour,Unknown if Arrived,Not Applicable (Not Transported),Not Applicable (Not Transported),1,Dark - Unlighted,Clear,0,6,[],[],0,0,Invalid,0.0,0.0,34.0,29.0,"['Female', 'Female']",0,0,3,2,4,Dry,Straight,Level,Lowest,No
34098,48,Texas,483197,0,3,3,0,6,NOT APPLICABLE,October,28,Saturday,12,26,Rural,High Speed (Arterial),Yes,29.79661111,-96.66147778,Non-Intersection,Daylight,Clear,Unknown,Unknown,Unknown EMS Scene Arrival Hour,Unknown EMS Scene Arrival Minutes,Unknown,Unknown EMS Hospital Arrival Time,2,Daylight,Clear,2,4,"['Driver', 'Front_Passenger']","['Shoulder_Lapbelt', 'Shoulder_Lapbelt']",0,0,Valid,0.0,0.0,27.0,19.0,"['Male', 'Male', 'Male']",0,0,3,4,5,Dry,Straight,Grade/Hillcrest,Lowest,Yes
34099,48,Texas,483198,0,2,2,0,2,NOT APPLICABLE,October,29,Sunday,1,36,Rural,High Speed (Arterial),Yes,32.43275,-94.34658333,Complex/Circle,Dark - Lighted,Cloudy,Unknown,Unknown,Unknown EMS Scene Arrival Hour,Unknown EMS Scene Arrival Minutes,Unknown,Unknown EMS Hospital Arrival Time,1,Dark - Lighted,Reduced Visibility,1,1,['Driver'],['None_Used'],1,1,Valid,0.0,2.0,40.0,23.0,"['Male', 'Male']",0,0,4,4,5,Dry,Straight,Level,Lowest,No
34100,48,Texas,483199,0,1,1,0,8,HOUSTON,October,29,Sunday,23,50,Urban,High Speed (Arterial),Yes,29.73026389,-95.3718,Non-Intersection,Dark - Lighted,Clear,Unknown,Unknown,Unknown EMS Scene Arrival Hour,Unknown EMS Scene Arrival Minutes,Unknown,Unknown EMS Hospital Arrival Time,1,Dark - Lighted,Clear,1,7,['Rear_Seat'],['None_Used'],0,0,Valid,0.0,1.0,30.0,30.0,['Female'],0,0,3,1,3,Dry,Curve,Level,Lowest,No
34101,48,Texas,483200,1,1,1,0,1,HOUSTON,October,15,Sunday,2,15,Urban,Low Speed (Local),No,29.67552778,-95.33210833,Non-Intersection,Dark - Not Lighted,Clear,Unknown,Unknown,Unknown EMS Scene Arrival Hour,Unknown EMS Scene Arrival Minutes,Unknown,Unknown EMS Hospital Arrival Time,1,Dark - Unlighted,Clear,0,0,[],[],0,0,Invalid,0.0,0.0,999.0,999.0,['Other'],0,0,1,2,4,Dry,Straight,Level,Lowest,No
34102,48,Texas,483201,1,1,1,0,1,HOUSTON,October,13,Friday,5,49,Urban,High Speed (Arterial),Yes,29.76392778,-95.36910556,Non-Intersection,Dark - Lighted,Clear,Unknown,Unknown if Notified,Unknown EMS Scene Arrival Hour,Unknown if Arrived,Not Applicable (Not Transported),Not Applicable (Not Transported),1,Dark - Lighted,Clear,0,1,[],[],0,0,Valid,0.0,0.0,25.0,25.0,['Male'],0,0,3,2,4,Dry,Curve,Level,Lowest,No
34103,48,Texas,483202,0,2,2,0,2,NOT APPLICABLE,October,20,Friday,6,15,Rural,High Speed (Arterial),Yes,28.29331389,-99.61419444,Non-Intersection,Dark - Not Lighted,Clear,Unknown,Unknown if Notified,Unknown EMS Scene Arrival Hour,Unknown if Arrived,Not Applicable (Not Transported),Not Applicable (Not Transported),1,Dark - Unlighted,Clear,1,1,['Driver'],['None_Used'],0,0,Valid,0.0,0.0,54.0,41.0,"['Male', 'Male']",0,0,5,1,5,Dry,Straight,Level,Lowest,No
34104,48,Texas,483204,0,1,1,0,1,WICHITA FALLS,October,22,Sunday,23,25,Urban,Medium Speed (Collector),No,33.86468889,-98.52889722,Non-Intersection,Dark - Lighted,Clear,Unknown,Unknown,Unknown EMS Scene Arrival Hour,Unknown EMS Scene Arrival Minutes,Unknown,Unknown EMS Hospital Arrival Time,1,Dark - Lighted,Clear,1,0,['Driver'],['None_Used'],0,0,Valid,0.0,0.0,17.0,17.0,['Male'],1,0,2,2,4,Dry,Curve,Level,Lowest,No
34105,48,Texas,483205,0,2,2,0,3,NOT APPLICABLE,October,20,Friday,16,35,Rural,High Speed (Arterial),Yes,33.48018333,-95.58791111,Non-Intersection,Daylight,Clear,Unknown,Unknown,Unknown EMS Scene Arrival Hour,Unknown EMS Scene Arrival Minutes,Unknown,Unknown EMS Hospital Arrival Time,2,Daylight,Clear,2,1,"['Driver', 'Driver']","['Shoulder_Lapbelt', 'Shoulder_Lapbelt']",0,0,Invalid,0.0,0.0,55.0,54.0,"['Male', 'Male']",0,0,3,1,5,Dry,Straight,Level,Lowest,No
34106,48,Texas,483206,0,2,2,0,2,NOT APPLICABLE,October,27,Friday,15,10,Urban,Medium Speed (Collector),No,30.0514,-95.61440556,Complex/Circle,Daylight,Cloudy,Unknown,Unknown,Unknown EMS Scene Arrival Hour,Unknown EMS Scene Arrival Minutes,Unknown,Unknown EMS Hospital Arrival Time,1,Daylight,Reduced Visibility,1,1,['Driver'],['Shoulder_Lapbelt'],0,0,Invalid,0.0,0.0,57.0,29.0,"['Male', 'Female']",0,0,3,1,5,Dry,Straight,Level,Lowest,No
34107,48,Texas,483207,1,1,1,0,1,SAN ANTONIO,November,1,Wednesday,20,40,Urban,Medium Speed (Collector),No,29.60755278,-98.52717778,Non-Intersection,Dark - Not Lighted,Clear,Unknown,Unknown,Unknown EMS Scene Arrival Hour,Unknown EMS Scene Arrival Minutes,Not Applicable (Not Transported),Not Applicable (Not Transported),1,Dark - Unlighted,Clear,0,0,[],[],0,0,Invalid,0.0,0.0,999.0,999.0,['Other'],0,0,1,0,4,Dry,Straight,Grade/Hillcrest,Lowest,No
34108,48,Texas,483208,0,1,1,0,1,SAN ANTONIO,October,27,Friday,4,36,Urban,High Speed (Arterial),Yes,29.34321944,-98.54863333,Non-Intersection,Dark - Lighted,Clear,Unknown,Unknown,Unknown EMS Scene Arrival Hour,Unknown EMS Scene Arrival Minutes,Not Applicable (Not Transported),Not Applicable (Not Transported),1,Dark - Lighted,Clear,1,0,['Driver'],['None_Used'],0,0,Valid,0.0,2.0,20.0,20.0,['Female'],0,0,2,1,3,Dry,Curve,Grade/Hillcrest,Lowest,No
34109,48,Texas,483209,0,2,2,0,2,NOT APPLICABLE,October,28,Saturday,12,54,Rural,High Speed (Arterial),Yes,31.72196944,-102.351325,Non-Intersection,Daylight,Clear,Unknown,Unknown,Unknown EMS Scene Arrival Hour,Unknown EMS Scene Arrival Minutes,Unknown,Unknown EMS Hospital Arrival Time,1,Daylight,Clear,1,1,['Driver'],['Shoulder_Lapbelt'],1,1,Invalid,0.0,2.0,40.0,18.0,"['Female', 'Male']",0,0,3,1,5,Dry,Straight,Level,Lowest,No
34110,48,Texas,483210,0,3,3,0,6,NOT APPLICABLE,October,27,Friday,21,25,Rural,Medium Speed (Collector),No,27.95154722,-97.10936667,Non-Intersection,Dark - Not Lighted,Clear,Unknown,Unknown,Unknown EMS Scene Arrival Hour,Unknown EMS Scene Arrival Minutes,Unknown,Unknown EMS Hospital Arrival Time,1,Dark - Unlighted,Clear,1,5,['Driver'],['None_Used'],1,1,Valid,0.0,0.0,47.0,16.0,"['Female', 'Female', 'Female']",0,0,3,1,5,Dry,Straight,Level,Lowest,No
34111,48,Texas,483211,1,1,1,0,1,CORPUS CHRISTI,October,18,Wednesday,9,9,Urban,High Speed (Arterial),Yes,27.7524,-97.41694444,Non-Intersection,Daylight,Clear,Unknown,Unknown,Unknown EMS Scene Arrival Hour,Unknown EMS Scene Arrival Minutes,Unknown,Unknown EMS Hospital Arrival Time,1,Daylight,Clear,0,1,[],[],0,0,Valid,0.0,0.0,43.0,43.0,['Male'],0,0,3,2,4,Dry,Straight,Level,Lowest,No
34112,48,Texas,483212,0,2,2,0,2,NOT APPLICABLE,October,23,Monday,14,46,Rural,Medium Speed (Collector),No,30.52425556,-95.72964167,Simple Junction,Daylight,Cloudy,Unknown,Unknown,Unknown EMS Scene Arrival Hour,Unknown EMS Scene Arrival Minutes,Unknown,Unknown EMS Hospital Arrival Time,1,Daylight,Reduced Visibility,1,1,['Driver'],['None_Used'],0,0,Valid,0.0,0.0,72.0,31.0,"['Male', 'Male']",0,0,5,1,5,Dry,Curve,Level,Lowest,No
34113,48,Texas,483213,0,2,2,0,2,NOT APPLICABLE,October,25,Wednesday,9,0,Rural,Medium Speed (Collector),No,28.78446944,-98.44069167,Non-Intersection,Daylight,Cloudy,Unknown,Unknown,Unknown EMS Scene Arrival Hour,Unknown EMS Scene Arrival Minutes,Unknown,Unknown EMS Hospital Arrival Time,1,Daylight,Reduced Visibility,1,1,['Driver'],['Shoulder_Lapbelt'],0,0,Valid,0.0,0.0,43.0,35.0,"['Male', 'Male']",0,0,3,1,5,Dry,Straight,Grade/Hillcrest,Lowest,No
34114,48,Texas,483214,0,4,4,0,5,EL PASO,November,1,Wednesday,22,0,Urban,Medium Speed (Collector),No,31.77704444,-106.260875,Complex/Circle,Dark - Lighted,Clear,Unknown,Unknown,Unknown EMS Scene Arrival Hour,Unknown EMS Scene Arrival Minutes,Unknown,Unknown EMS Hospital Arrival Time,1,Dark - Lighted,Clear,1,4,['Driver'],['Shoulder_Lapbelt'],0,0,Valid,0.0,1.0,77.0,26.0,"['Male', 'Male', 'Male', 'Male']",1,0,3,2,5,Dry,Straight,Level,Lowest,No
34115,48,Texas,483215,0,3,3,0,6,NOT APPLICABLE,October,26,Thursday,16,55,Rural,High Speed (Arterial),Yes,31.37295556,-94.47560556,Non-Intersection,Daylight,Rain,Unknown,Unknown if Notified,Unknown EMS Scene Arrival Hour,Unknown if Arrived,Not Applicable (Not Transported),Not Applicable (Not Transported),2,Daylight,Rain/Wind/Minor,2,4,"['Driver', 'Driver']","['None_Used', 'Shoulder_Lapbelt']",0,0,Invalid,0.0,0.0,44.0,36.0,"['Male', 'Male', 'Male']",0,0,3,1,5,Wet/Standing Water,Straight,Level,Lowest,No
34116,48,Texas,483216,0,2,2,0,2,LAREDO,October,28,Saturday,1,24,Urban,High Speed (Arterial),Yes,27.55542778,-99.44956389,Non-Intersection,Dark - Lighted,Clear,Unknown,Unknown,Unknown EMS Scene Arrival Hour,Unknown EMS Scene Arrival Minutes,Unknown,Unknown EMS Hospital Arrival Time,1,Dark - Lighted,Clear,1,1,['Driver'],['None_Used'],0,0,Valid,1.0,1.0,27.0,22.0,"['Male', 'Female']",1,0,5,1,5,Dry,Straight,Level,Lowest,No
34117,48,Texas,483217,0,3,3,0,3,FULSHEAR,October,11,Wednesday,18,5,Rural,Medium Speed (Collector),No,29.69805556,-95.90318056,Non-Intersection,Daylight,Cloudy,Unknown,Unknown,Unknown EMS Scene Arrival Hour,Unknown EMS Scene Arrival Minutes,Unknown,Unknown EMS Hospital Arrival Time,1,Daylight,Reduced Visibility,1,2,['Driver'],['None_Used'],0,0,Valid,0.0,3.0,74.0,26.0,"['Male', 'Male', 'Male']",1,0,3,1,5,Dry,Curve,Level,Lowest,No
34118,48,Texas,483218,0,1,1,0,2,ORANGE,November,1,Wednesday,19,7,Rural,Medium Speed (Collector),No,30.18544167,-93.80301667,Non-Intersection,Dark - Lighted,Clear,Unknown,Unknown,Unknown EMS Scene Arrival Hour,Unknown EMS Scene Arrival Minutes,Unknown,Unknown EMS Hospital Arrival Time,1,Dark - Lighted,Clear,1,1,['Driver'],['None_Used'],0,0,Valid,0.0,0.0,29.0,29.0,['Male'],0,0,3,1,3,Dry,Curve,Level,Lowest,No
34119,48,Texas,483219,0,1,1,0,1,NOT APPLICABLE,October,3,Tuesday,10,41,Rural,Low Speed (Local),No,33.06512222,-96.38614167,Non-Intersection,Daylight,Clear,Unknown,Unknown if Notified,Unknown EMS Scene Arrival Hour,Unknown if Arrived,Not Applicable (Not Transported),Not Applicable (Not Transported),1,Daylight,Clear,1,0,['Driver'],['None_Used'],1,1,Valid,0.0,0.0,23.0,23.0,['Male'],1,0,2,4,3,Dry,Straight,Grade/Hillcrest,Lowest,No
34120,48,Texas,483220,1,2,2,0,2,SAN ANTONIO,October,29,Sunday,6,30,Urban,High Speed (Arterial),Yes,29.60345,-98.60137222,Non-Intersection,Dark - Not Lighted,Cloudy,Unknown,Unknown if Notified,Unknown EMS Scene Arrival Hour,Unknown if Arrived,Not Applicable (Not Transported),Not Applicable (Not Transported),1,Dark - Unlighted,Reduced Visibility,0,2,[],[],0,0,Valid,0.0,0.0,20.0,20.0,['Male'],2,0,3,1,5,Dry,Curve,Level,Lowest,No
34121,48,Texas,483221,0,1,1,0,1,DALLAS,October,16,Monday,14,34,Urban,Medium Speed (Collector),No,32.75949444,-96.84500556,Simple Junction,Daylight,Clear,Unknown,Unknown,Unknown EMS Scene Arrival Hour,Unknown EMS Scene Arrival Minutes,Not Applicable (Not Transported),Not Applicable (Not Transported),1,Daylight,Clear,1,0,['Driver'],['None_Used'],0,0,Valid,0.0,0.0,81.0,81.0,['Female'],1,0,3,1,3,Dry,Curve,Level,Lowest,No
34122,48,Texas,483222,1,1,1,0,1,SAN ANTONIO,November,5,Sunday,19,10,Urban,Medium Speed (Collector),No,29.42766944,-98.479125,Complex/Circle,Dark - Lighted,Clear,Unknown,Unknown,Unknown EMS Scene Arrival Hour,Unknown EMS Scene Arrival Minutes,Unknown,Unknown EMS Hospital Arrival Time,1,Dark - Lighted,Clear,0,1,[],[],0,0,Valid,0.0,0.0,57.0,57.0,['Male'],0,0,2,2,4,Dry,Straight,Level,Lowest,No