,State_Code,State_Name,Crash_ID,Count_Non_Motorists,Count_Vehicles_Total,Count_Vehicle_Forms,Count_PVH_Involved,Count_Occupants_MV,City_Name,Month_Name,Day_of_Month,Day_of_Week,Crash_Hour,Crash_Minute,Area_Rural_Urban,Road_Functional_Class,On_NHS_Road,Latitude,Longitude,Intersection_Type,Light_Condition,Weather_Condition,Notif_Hour,Notif_Minute,Arrival_Hour,Arrival_Minute,Hospital_Hour,Hospital_Minute,Fatalities_Count,Clean_Light_Condition,Clean_Weather_Condition,Total_Killed,Total_Alive,Fatal_Seats_List,Killed_Restraint_List,Any_Driver_Drinking,Total_Drinking_Drivers,Driver_License_Category,Driver_Max_Prev_Accident_Count,Driver_Max_Prev_Speeding_Count,Max_Driver_Age,Min_Driver_Age,Driver_Sex_List,Total_Exceeding_Limit_Vehicles,Total_Too_Fast_Vehicles,Max_Vehicle_Type_Severity_5,Max_Vehicle_Damage_Rank,Max_Harmful_Event_Severity,Crash_Road_Surface_Condition,Crash_Horizontal_Alignment,Crash_Vertical_Profile,Crash_Impairment_Category,Crash_Vehicle_Defect
34123,48,Texas,483223,0,1,1,0,7,NOT APPLICABLE,September,26,Tuesday,21,46,Rural,Medium Speed (Collector),No,29.343625,-100.804825,Simple Junction,Dark - Lighted,Clear,Unknown,Unknown,Unknown EMS Scene Arrival Hour,Unknown EMS Scene Arrival Minutes,Unknown,Unknown EMS Hospital Arrival Time,3,Dark - Lighted,Clear,3,4,"['Driver', 'Front_Passenger', 'Front_Passenger']","['None_Used', 'None_Used', 'None_Used']",0,0,Valid,3.0,1.0,19.0,19.0,['Male'],7,0,3,1,3,Dry,Curve,Level,Lowest,Yes
34124,48,Texas,483224,0,1,1,0,1,PEARLAND,November,3,Friday,23,45,Urban,Medium Speed (Collector),No,29.53959722,-95.2646,Non-Intersection,Dark - Lighted,"Fog, Smog, Smoke",Unknown,Unknown if Notified,Unknown EMS Scene Arrival Hour,Unknown if Arrived,Not Applicable (Not Transported),Not Applicable (Not Transported),1,Dark - Lighted,Reduced Visibility,1,0,['Driver'],['None_Used'],1,1,Valid,0.0,3.0,23.0,23.0,['Male'],1,0,5,1,2,Dry,Straight,Level,Lowest,No
34125,48,Texas,483225,0,2,2,0,2,NOT APPLICABLE,October,24,Tuesday,17,42,Rural,Medium Speed (Collector),No,30.44346111,-94.73385,Non-Intersection,Daylight,Clear,Unknown,Unknown,Unknown EMS Scene Arrival Hour,Unknown EMS Scene Arrival Minutes,Unknown,Unknown EMS Hospital Arrival Time,1,Daylight,Clear,1,1,['Driver'],['Shoulder_Lapbelt'],0,0,Valid,0.0,0.0,60.0,40.0,"['Male', 'Male']",0,0,3,1,5,Dry,Curve,Level,Lowest,No
34126,48,Texas,483226,0,2,2,0,2,DALLAS,October,29,Sunday,2,52,Urban,High Speed (Arterial),Yes,32.90718333,-96.81377222,Non-Intersection,Dark - Lighted,Rain,Unknown,Unknown,Unknown EMS Scene Arrival Hour,Unknown EMS Scene Arrival Minutes,Not Applicable (Not Transported),Not Applicable (Not Transported),1,Dark - Lighted,Rain/Wind/Minor,1,1,['Driver'],['Shoulder_Lapbelt'],0,0,Valid,0.0,1.0,35.0,29.0,"['Male', 'Male']",1,0,2,1,5,Wet/Standing Water,Straight,Level,Lowest,No
34127,48,Texas,483227,1,2,2,0,2,LITTLE ELM,November,1,Wednesday,20,14,Urban,High Speed (Arterial),Yes,33.22045,-96.92175,Non-Intersection,Dark - Not Lighted,Clear,Unknown,Unknown if Notified,Unknown EMS Scene Arrival Hour,Unknown if Arrived,Not Applicable (Not Transported),Not Applicable (Not Transported),1,Dark - Unlighted,Clear,0,1,[],[],0,0,Invalid,0.0,0.0,999.0,17.0,"['Other', 'Male']",0,0,3,1,4,Dry,Straight,Level,Lowest,No
34128,48,Texas,483229,0,1,1,0,2,NOT APPLICABLE,October,21,Saturday,22,32,Rural,Low Speed (Local),No,32.96245833,-96.14531389,Non-Intersection,Dark - Not Lighted,Clear,Unknown,Unknown,Unknown EMS Scene Arrival Hour,Unknown EMS Scene Arrival Minutes,Unknown,Unknown EMS Hospital Arrival Time,1,Dark - Unlighted,Clear,1,1,['Rear_Seat'],['None_Used'],0,0,Valid,0.0,0.0,30.0,30.0,['Male'],2,0,5,2,3,Dry,Curve,Level,Lowest,No
34129,48,Texas,483230,1,1,1,0,2,MARSHALL,November,3,Friday,19,29,Urban,High Speed (Arterial),Yes,32.54850278,-94.35543889,Non-Intersection,Dark - Lighted,Clear,Unknown,Unknown if Notified,Unknown EMS Scene Arrival Hour,Unknown if Arrived,Not Applicable (Not Transported),Not Applicable (Not Transported),1,Dark - Lighted,Clear,0,2,[],[],0,0,Valid,0.0,0.0,63.0,63.0,['Male'],0,0,3,1,4,Dry,Straight,Level,Lowest,No
34130,48,Texas,483231,0,2,2,0,2,HOUSTON,October,20,Friday,21,30,Urban,Medium Speed (Collector),No,29.76275833,-95.48026389,Non-Intersection,Dark - Lighted,Clear,Unknown,Unknown,Unknown EMS Scene Arrival Hour,Unknown EMS Scene Arrival Minutes,Not Applicable (Not Transported),Not Applicable (Not Transported),1,Dark - Lighted,Clear,1,0,['Driver'],['None_Used'],0,0,Valid,0.0,3.0,61.0,53.0,"['Male', 'Male']",0,0,5,2,5,Dry,Straight,Level,Lowest,No
34131,48,Texas,483232,0,3,3,0,3,NOT APPLICABLE,October,27,Friday,6,10,Urban,High Speed (Arterial),No,29.42956111,-98.73920278,Non-Intersection,Dark - Not Lighted,Cloudy,Unknown,Unknown,Unknown EMS Scene Arrival Hour,Unknown EMS Scene Arrival Minutes,Unknown,Unknown EMS Hospital Arrival Time,1,Dark - Unlighted,Reduced Visibility,1,2,['Driver'],['None_Used'],0,0,Valid,0.0,0.0,50.0,30.0,"['Male', 'Female', 'Male']",1,0,3,1,5,Wet/Standing Water,Straight,Level,Lowest,No
34132,48,Texas,483233,0,1,1,0,8,NOT APPLICABLE,April,22,Saturday,13,30,Rural,High Speed (Arterial),Yes,29.32091667,-100.45181944,Non-Intersection,Daylight,Clear,Unknown,Unknown,Unknown EMS Scene Arrival Hour,Unknown EMS Scene Arrival Minutes,Unknown,Unknown EMS Hospital Arrival Time,2,Daylight,Clear,2,6,"['Front_Passenger', 'Front_Passenger']","['None_Used', 'None_Used']",0,0,Valid,0.0,1.0,19.0,19.0,['Male'],0,0,3,1,3,Dry,Straight,Level,Lowest,No
34133,48,Texas,483234,1,1,1,0,1,ROCKDALE,November,4,Saturday,4,0,Urban,High Speed (Arterial),Yes,30.65463056,-97.00336111,Simple Junction,Dark - Lighted,Clear,Unknown,Unknown if Notified,Unknown EMS Scene Arrival Hour,Unknown if Arrived,Not Applicable (Not Transported),Not Applicable (Not Transported),1,Dark - Lighted,Clear,0,1,[],[],0,0,Valid,0.0,0.0,19.0,19.0,['Male'],1,0,2,2,4,Dry,Curve,Level,Medium,No
34134,48,Texas,483235,0,1,1,0,1,NOT APPLICABLE,October,14,Saturday,11,19,Rural,Medium Speed (Collector),No,32.73841389,-95.01847222,Non-Intersection,Daylight,Clear,Unknown,Unknown,Unknown EMS Scene Arrival Hour,Unknown EMS Scene Arrival Minutes,Unknown,Unknown EMS Hospital Arrival Time,1,Daylight,Clear,1,0,['Driver'],['None_Used'],0,0,Invalid,0.0,0.0,66.0,66.0,['Male'],0,0,5,1,1,Dry,Straight,Grade/Hillcrest,Lowest,No
34135,48,Texas,483236,0,1,1,0,1,DALLAS,August,27,Sunday,11,8,Urban,High Speed (Arterial),Yes,32.99516111,-96.76806111,Non-Intersection,Daylight,Cloudy,Unknown,Unknown,Unknown EMS Scene Arrival Hour,Unknown EMS Scene Arrival Minutes,Unknown,Unknown EMS Hospital Arrival Time,1,Daylight,Reduced Visibility,1,0,['Driver'],['Shoulder_Lapbelt'],0,0,Valid,0.0,0.0,67.0,67.0,['Male'],0,0,3,1,3,Dry,Straight,Level,Medium,No
34136,48,Texas,483237,0,1,1,0,2,HOUSTON,October,5,Thursday,19,58,Urban,High Speed (Arterial),Yes,29.65621667,-95.25370556,Non-Intersection,Dark - Lighted,Clear,Unknown,Unknown,Unknown EMS Scene Arrival Hour,Unknown EMS Scene Arrival Minutes,Unknown,Unknown EMS Hospital Arrival Time,1,Dark - Lighted,Clear,1,1,['Rear_Seat'],['None_Used'],0,0,Valid,0.0,0.0,55.0,55.0,['Male'],0,0,5,1,3,Dry,Straight,Level,Lowest,Yes
34137,48,Texas,483238,0,1,1,0,1,HOUSTON,October,18,Wednesday,8,1,Urban,High Speed (Arterial),Yes,29.90961389,-95.41211944,Non-Intersection,Dark - Not Lighted,Clear,Unknown,Unknown,Unknown EMS Scene Arrival Hour,Unknown EMS Scene Arrival Minutes,Not Applicable (Not Transported),Not Applicable (Not Transported),1,Dark - Unlighted,Clear,1,0,['Driver'],['None_Used'],0,0,Valid,0.0,0.0,58.0,58.0,['Male'],1,0,5,2,3,Dry,Straight,Level,Lowest,No
34138,48,Texas,483239,0,2,2,0,2,DALLAS,October,11,Wednesday,5,23,Urban,High Speed (Arterial),Yes,32.71441667,-96.92291111,Non-Intersection,Dark - Not Lighted,Cloudy,Unknown,Unknown,Unknown EMS Scene Arrival Hour,Unknown EMS Scene Arrival Minutes,Unknown,Unknown EMS Hospital Arrival Time,1,Dark - Unlighted,Reduced Visibility,1,0,['Driver'],['None_Used'],0,0,Valid,0.0,0.0,999.0,60.0,"['Male', 'Other']",1,0,5,1,5,Dry,Straight,Grade/Hillcrest,Lowest,No
34139,48,Texas,483240,1,1,1,0,1,DALLAS,October,30,Monday,18,45,Urban,High Speed (Arterial),Yes,32.80590833,-96.83926389,Non-Intersection,Dark - Lighted,Clear,Unknown,Unknown if Notified,Unknown EMS Scene Arrival Hour,Unknown if Arrived,Not Applicable (Not Transported),Not Applicable (Not Transported),1,Dark - Lighted,Clear,0,1,[],[],0,0,Valid,0.0,0.0,55.0,55.0,['Male'],0,0,3,1,4,Dry,Straight,Level,Lowest,No
34140,48,Texas,483241,0,1,1,0,2,SAN ANGELO,November,2,Thursday,15,6,Urban,High Speed (Arterial),Yes,31.39936944,-100.43545278,Non-Intersection,Daylight,Clear,Unknown,Unknown,Unknown EMS Scene Arrival Hour,Unknown EMS Scene Arrival Minutes,Unknown,Unknown EMS Hospital Arrival Time,1,Daylight,Clear,1,1,['Driver'],['None_Used'],0,0,Invalid,0.0,0.0,37.0,37.0,['Male'],2,0,3,1,3,Dry,Straight,Level,Lowest,No
34141,48,Texas,483242,0,2,2,0,3,GARLAND,October,25,Wednesday,20,9,Urban,Low Speed (Local),No,32.90100278,-96.62730278,Non-Intersection,Dark - Not Lighted,Rain,Unknown,Unknown,Unknown EMS Scene Arrival Hour,Unknown EMS Scene Arrival Minutes,Unknown,Unknown EMS Hospital Arrival Time,1,Dark - Unlighted,Rain/Wind/Minor,1,2,['Driver'],['None_Used'],0,0,Invalid,0.0,0.0,22.0,16.0,"['Male', 'Male']",0,0,5,2,5,Wet/Standing Water,Straight,Level,Lowest,No
34142,48,Texas,483243,1,1,1,0,1,EDINBURG,October,26,Thursday,21,41,Urban,Medium Speed (Collector),No,26.40428056,-98.13903889,Non-Intersection,Dark - Not Lighted,Clear,Unknown,Unknown if Notified,Unknown EMS Scene Arrival Hour,Unknown if Arrived,Not Applicable (Not Transported),Not Applicable (Not Transported),1,Dark - Unlighted,Clear,0,1,[],[],0,0,Valid,1.0,0.0,34.0,34.0,['Male'],0,0,3,1,4,Dry,Curve,Level,Lowest,No
34143,48,Texas,483244,0,1,1,0,1,GALVESTON,November,5,Sunday,2,0,Urban,Low Speed (Local),No,29.26413333,-94.89863333,Non-Intersection,Dark - Not Lighted,Clear,Unknown,Unknown,Unknown EMS Scene Arrival Hour,Unknown EMS Scene Arrival Minutes,Unknown,Unknown EMS Hospital Arrival Time,1,Dark - Unlighted,Clear,1,0,['Driver'],['None_Used'],1,1,Invalid,0.0,0.0,44.0,44.0,['Male'],1,0,5,1,2,Dry,Straight,Level,Lowest,No
34144,48,Texas,483245,1,1,1,0,1,NOT APPLICABLE,November,7,Tuesday,0,35,Rural,High Speed (Arterial),No,32.05337778,-95.48409167,Complex/Circle,Dark - Not Lighted,Cloudy,Unknown,Unknown if Notified,Unknown EMS Scene Arrival Hour,Unknown if Arrived,Not Applicable (Not Transported),Not Applicable (Not Transported),1,Dark - Unlighted,Reduced Visibility,0,1,[],[],0,0,Valid,0.0,0.0,48.0,48.0,['Male'],0,0,3,1,4,Dry,Straight,Level,Lowest,No
34145,48,Texas,483246,0,2,2,0,3,ABILENE,October,14,Saturday,20,37,Urban,Medium Speed (Collector),No,32.45001111,-99.74171111,Simple Junction,Dark - Lighted,Clear,Unknown,Unknown if Notified,Unknown EMS Scene Arrival Hour,Unknown if Arrived,Not Applicable (Not Transported),Not Applicable (Not Transported),1,Dark - Lighted,Clear,1,2,['Driver'],['None_Used'],0,0,Valid,1.0,1.0,28.0,24.0,"['Female', 'Male']",0,0,5,2,5,Dry,Straight,Level,Lowest,No
34146,48,Texas,483247,0,1,1,0,1,DALLAS,November,4,Saturday,2,20,Urban,High Speed (Arterial),Yes,32.78191944,-96.81176389,Non-Intersection,Dark - Lighted,Clear,Unknown,Unknown if Notified,Unknown EMS Scene Arrival Hour,Unknown if Arrived,Not Applicable (Not Transported),Not Applicable (Not Transported),1,Dark - Lighted,Clear,1,0,['Driver'],['None_Used'],1,1,Invalid,0.0,0.0,21.0,21.0,['Male'],1,0,3,1,3,Dry,Straight,Level,Lowest,No
34147,48,Texas,483248,1,1,1,0,2,DALLAS,November,6,Monday,1,35,Urban,High Speed (Arterial),Yes,32.80155833,-96.82552222,Non-Intersection,Dark - Lighted,Clear,Unknown,Unknown if Notified,Unknown EMS Scene Arrival Hour,Unknown if Arrived,Not Applicable (Not Transported),Not Applicable (Not Transported),1,Dark - Lighted,Clear,0,2,[],[],0,0,Valid,0.0,0.0,36.0,36.0,['Male'],0,0,3,1,4,Dry,Straight,Level,Lowest,No
34148,48,Texas,483249,2,2,2,0,1,AUSTIN,August,27,Sunday,3,43,Urban,Medium Speed (Collector),No,30.36991667,-97.69315556,Non-Intersection,Dark - Lighted,Clear,Unknown,Unknown,Unknown EMS Scene Arrival Hour,Unknown EMS Scene Arrival Minutes,Unknown,Unknown EMS Hospital Arrival Time,1,Dark - Lighted,Clear,0,1,[],[],1,1,Invalid,0.0,0.0,29.0,29.0,['Male'],0,0,3,2,5,Dry,Straight,Level,Lowest,No
34149,48,Texas,483250,0,1,1,0,1,NOT APPLICABLE,October,17,Tuesday,7,3,Rural,Medium Speed (Collector),No,30.75006944,-95.71568056,Non-Intersection,Dawn,Clear,Unknown,Unknown if Notified,Unknown EMS Scene Arrival Hour,Unknown if Arrived,Not Applicable (Not Transported),Not Applicable (Not Transported),1,Twilight,Clear,1,0,['Driver'],['None_Used'],0,0,Valid,0.0,0.0,17.0,17.0,['Female'],0,0,3,1,3,Dry,Straight,Level,Lowest,No
34150,48,Texas,483251,1,1,1,0,1,NOT APPLICABLE,November,2,Thursday,7,13,Rural,Medium Speed (Collector),No,31.51145556,-96.42246389,Non-Intersection,Dawn,Clear,Unknown,Unknown if Notified,Unknown EMS Scene Arrival Hour,Unknown if Arrived,Not Applicable (Not Transported),Not Applicable (Not Transported),1,Twilight,Clear,0,1,[],[],0,0,Valid,0.0,0.0,72.0,72.0,['Male'],0,0,3,2,4,Dry,Straight,Level,Lowest,No
34151,48,Texas,483252,0,2,2,0,3,NOT APPLICABLE,November,4,Saturday,23,50,Urban,High Speed (Arterial),Yes,29.77055,-95.17792778,Non-Intersection,Dark - Lighted,Clear,Unknown,Unknown,Unknown EMS Scene Arrival Hour,Unknown EMS Scene Arrival Minutes,Unknown,Unknown EMS Hospital Arrival Time,2,Dark - Lighted,Clear,2,1,"['Driver', 'Front_Passenger']","['Shoulder_Lapbelt', 'Shoulder_Lapbelt']",0,0,Valid,0.0,0.0,40.0,19.0,"['Male', 'Male']",0,0,3,1,5,Dry,Straight,Level,Lowest,No
34152,48,Texas,483253,0,2,2,0,3,NOT APPLICABLE,November,1,Wednesday,8,32,Rural,High Speed (Arterial),No,29.01418889,-99.11050278,Non-Intersection,Daylight,Cloudy,Unknown,Unknown,Unknown EMS Scene Arrival Hour,Unknown EMS Scene Arrival Minutes,Unknown,Unknown EMS Hospital Arrival Time,2,Daylight,Reduced Visibility,2,1,"['Driver', 'Front_Passenger']","['Shoulder_Lapbelt', 'Shoulder_Lapbelt']",0,0,Valid,1.0,0.0,53.0,31.0,"['Female', 'Male']",0,0,3,1,5,Dry,Straight,Grade/Hillcrest,Lowest,No
34153,48,Texas,483254,1,1,1,0,1,LEAGUE CITY,November,6,Monday,5,37,Urban,High Speed (Arterial),Yes,29.50484722,-95.04201111,Complex/Circle,Dark - Lighted,"Fog, Smog, Smoke",Unknown,Unknown if Notified,Unknown EMS Scene Arrival Hour,Unknown if Arrived,Not Applicable (Not Transported),Not Applicable (Not Transported),1,Dark - Lighted,Reduced Visibility,0,1,[],[],0,0,Valid,1.0,0.0,23.0,23.0,['Female'],0,0,2,1,4,Dry,Straight,Level,Lowest,No
34154,48,Texas,483255,0,2,2,0,3,DALLAS,November,3,Friday,10,42,Urban,High Speed (Arterial),Yes,32.77538611,-96.77881389,Non-Intersection,Daylight,Clear,Unknown,Unknown if Notified,Unknown EMS Scene Arrival Hour,Unknown if Arrived,Not Applicable (Not Transported),Not Applicable (Not Transported),1,Daylight,Clear,1,2,['Driver'],['Shoulder_Lapbelt'],0,0,Valid,1.0,2.0,57.0,24.0,"['Male', 'Male']",0,0,4,1,5,Dry,Curve,Level,Lowest,No
34155,48,Texas,483256,1,1,1,0,2,AUSTIN,October,18,Wednesday,19,28,Urban,Medium Speed (Collector),No,30.41461667,-97.70717778,Non-Intersection,Dark - Not Lighted,Clear,Unknown,Unknown if Notified,Unknown EMS Scene Arrival Hour,Unknown if Arrived,Not Applicable (Not Transported),Not Applicable (Not Transported),1,Dark - Unlighted,Clear,0,2,[],[],0,0,Valid,0.0,0.0,64.0,64.0,['Male'],0,0,3,1,4,Dry,Straight,Level,Lowest,No
34156,48,Texas,483257,0,1,1,0,1,NOT APPLICABLE,October,19,Thursday,9,25,Rural,Medium Speed (Collector),No,28.78765278,-98.26798611,Non-Intersection,Daylight,Clear,Unknown,Unknown if Notified,Unknown EMS Scene Arrival Hour,Unknown if Arrived,Not Applicable (Not Transported),Not Applicable (Not Transported),1,Daylight,Clear,1,0,['Driver'],['None_Used'],0,0,Invalid,0.0,0.0,22.0,22.0,['Male'],0,0,4,4,3,Dry,Curve,Level,Lowest,No
34157,48,Texas,483259,0,2,2,0,2,KNIPPA,October,31,Tuesday,6,45,Rural,High Speed (Arterial),Yes,29.29489722,-99.63645833,Complex/Circle,Dark - Not Lighted,Cloudy,Unknown,Unknown if Notified,Unknown EMS Scene Arrival Hour,Unknown if Arrived,Not Applicable (Not Transported),Not Applicable (Not Transported),1,Dark - Unlighted,Reduced Visibility,1,1,['Driver'],['None_Used'],0,0,Valid,0.0,2.0,64.0,25.0,"['Male', 'Male']",0,0,3,1,5,Wet/Standing Water,Straight,Level,Lowest,No
34158,48,Texas,483260,1,1,1,0,1,FORT WORTH,November,3,Friday,19,31,Urban,Medium Speed (Collector),No,32.69403889,-97.35301944,Non-Intersection,Dark - Lighted,Clear,Unknown,Unknown if Notified,Unknown EMS Scene Arrival Hour,Unknown if Arrived,Not Applicable (Not Transported),Not Applicable (Not Transported),1,Dark - Lighted,Clear,0,1,[],[],0,0,Valid,0.0,0.0,53.0,53.0,['Male'],0,0,3,1,4,Dry,Straight,Grade/Hillcrest,Lowest,No
34159,48,Texas,483261,0,3,3,0,5,NOT APPLICABLE,November,1,Wednesday,17,25,Rural,High Speed (Arterial),Yes,32.08598889,-94.88530278,Simple Junction,Daylight,Clear,Unknown,Unknown,Unknown EMS Scene Arrival Hour,Unknown EMS Scene Arrival Minutes,Unknown,Unknown EMS Hospital Arrival Time,2,Daylight,Clear,2,3,"['Driver', 'Front_Passenger']","['Shoulder_Lapbelt', 'Shoulder_Lapbelt']",0,0,Valid,0.0,0.0,63.0,18.0,"['Male', 'Female', 'Male']",2,0,3,1,5,Dry,Straight,Level,Lowest,No
34160,48,Texas,483263,0,1,1,0,1,HOUSTON,November,2,Thursday,12,51,Urban,High Speed (Arterial),Yes,29.67938611,-95.45110833,Non-Intersection,Daylight,Clear,12:00pm-12:59pm,54,12:00pm-12:59pm,58,1:00pm-1:59pm,15,1,Daylight,Clear,1,0,['Driver'],['None_Used'],0,0,Valid,0.0,0.0,21.0,21.0,['Male'],0,0,2,1,3,Dry,Straight,Level,Lowest,No
34161,48,Texas,483264,0,2,2,0,2,NOT APPLICABLE,November,7,Tuesday,12,14,Rural,High Speed (Arterial),Yes,31.11331667,-93.99005,Complex/Circle,Daylight,Clear,Unknown,Unknown,Unknown EMS Scene Arrival Hour,Unknown EMS Scene Arrival Minutes,Unknown,Unknown EMS Hospital Arrival Time,1,Daylight,Clear,1,1,['Driver'],['Shoulder_Lapbelt'],0,0,Valid,1.0,1.0,69.0,52.0,"['Female', 'Female']",1,0,3,1,5,Dry,Straight,Level,Lowest,No
34162,48,Texas,483265,1,1,1,0,1,EL PASO,November,7,Tuesday,17,37,Urban,High Speed (Arterial),Yes,31.77760556,-106.32258056,Non-Intersection,Dark - Not Lighted,Clear,Unknown,Unknown,Unknown EMS Scene Arrival Hour,Unknown EMS Scene Arrival Minutes,Unknown,Unknown EMS Hospital Arrival Time,1,Dark - Unlighted,Clear,0,1,[],[],0,0,Valid,0.0,0.0,56.0,56.0,['Male'],0,0,3,1,4,Dry,Straight,Level,Lowest,No
34163,48,Texas,483266,0,2,2,0,2,NOT APPLICABLE,October,29,Sunday,9,17,Rural,High Speed (Arterial),Yes,30.235725,-96.28542778,Simple Junction,Daylight,Cloudy,Unknown,Unknown,Unknown EMS Scene Arrival Hour,Unknown EMS Scene Arrival Minutes,Unknown,Unknown EMS Hospital Arrival Time,1,Daylight,Reduced Visibility,1,1,['Driver'],['None_Used'],0,0,Valid,0.0,0.0,61.0,47.0,"['Male', 'Male']",1,0,3,1,5,Dry,Straight,Level,Lowest,No
34164,48,Texas,483267,1,1,1,0,1,FORT WORTH,October,24,Tuesday,21,40,Urban,High Speed (Arterial),Yes,32.73131667,-97.29929444,Non-Intersection,Dark - Not Lighted,Cloudy,Unknown,Unknown if Notified,Unknown EMS Scene Arrival Hour,Unknown if Arrived,Not Applicable (Not Transported),Not Applicable (Not Transported),1,Dark - Unlighted,Reduced Visibility,0,0,[],[],0,0,Invalid,0.0,0.0,999.0,999.0,['Other'],0,0,1,0,4,Wet/Standing Water,Straight,Level,Lowest,No
34165,48,Texas,483268,0,1,1,0,1,AUSTIN,November,9,Thursday,1,46,Urban,High Speed (Arterial),Yes,30.39180556,-97.73389444,Non-Intersection,Dark - Lighted,Clear,Unknown,Unknown,Unknown EMS Scene Arrival Hour,Unknown EMS Scene Arrival Minutes,Unknown,Unknown EMS Hospital Arrival Time,1,Dark - Lighted,Clear,1,0,['Driver'],['None_Used'],0,0,Invalid,0.0,0.0,29.0,29.0,['Female'],0,0,3,1,3,Dry,Straight,Level,Lowest,Yes
34166,48,Texas,483269,0,2,2,0,2,NOT APPLICABLE,October,26,Thursday,18,39,Urban,High Speed (Arterial),Yes,35.16162778,-101.74247222,Non-Intersection,Daylight,Cloudy,Unknown,Unknown,Unknown EMS Scene Arrival Hour,Unknown EMS Scene Arrival Minutes,Not Applicable (Not Transported),Not Applicable (Not Transported),1,Daylight,Reduced Visibility,1,1,['Driver'],['None_Used'],0,0,Valid,0.0,0.0,56.0,55.0,"['Male', 'Male']",0,0,4,1,5,Dry,Straight,Level,Lowest,No
34167,48,Texas,483270,0,1,1,0,2,FORT WORTH,October,29,Sunday,18,57,Urban,High Speed (Arterial),Yes,32.73631944,-97.18044167,Non-Intersection,Dark - Lighted,Rain,Unknown,Unknown,Unknown EMS Scene Arrival Hour,Unknown EMS Scene Arrival Minutes,Unknown,Unknown EMS Hospital Arrival Time,1,Dark - Lighted,Rain/Wind/Minor,1,1,['Front_Passenger'],['Shoulder_Lapbelt'],0,0,Valid,0.0,0.0,17.0,17.0,['Male'],2,0,2,1,3,Wet/Standing Water,Curve,Level,Lowest,No
34168,48,Texas,483271,0,3,3,0,4,NOT APPLICABLE,November,6,Monday,10,59,Rural,Medium Speed (Collector),No,32.78785278,-94.88507778,Simple Junction,Daylight,Clear,Unknown,Unknown,Unknown EMS Scene Arrival Hour,Unknown EMS Scene Arrival Minutes,Unknown,Unknown EMS Hospital Arrival Time,2,Daylight,Clear,2,2,"['Driver', 'Front_Passenger']","['Shoulder_Lapbelt', 'Shoulder_Lapbelt']",0,0,Valid,1.0,0.0,59.0,20.0,"['Male', 'Male', 'Female']",1,0,4,4,5,Dry,Curve,Level,Lowest,No
34169,48,Texas,483272,0,2,2,0,2,NOT APPLICABLE,November,6,Monday,6,28,Urban,High Speed (Arterial),Yes,29.86122778,-95.05985556,Non-Intersection,Daylight,Clear,Unknown,Unknown if Notified,Unknown EMS Scene Arrival Hour,Unknown if Arrived,Not Applicable (Not Transported),Not Applicable (Not Transported),1,Daylight,Clear,1,1,['Driver'],['None_Used'],0,0,Valid,0.0,0.0,38.0,31.0,"['Male', 'Male']",1,0,4,2,5,Dry,Straight,Non-Trafficway,Lowest,No
34170,48,Texas,483273,0,2,2,0,2,NOT APPLICABLE,October,30,Monday,6,27,Rural,High Speed (Arterial),Yes,28.65996667,-100.257975,Non-Intersection,Dark - Not Lighted,Rain,Unknown,Unknown,Unknown EMS Scene Arrival Hour,Unknown EMS Scene Arrival Minutes,Unknown,Unknown EMS Hospital Arrival Time,1,Dark - Unlighted,Rain/Wind/Minor,1,1,['Driver'],['Shoulder_Lapbelt'],0,0,Valid,0.0,2.0,68.0,26.0,"['Male', 'Male']",0,0,3,1,5,Wet/Standing Water,Straight,Level,Lowest,No
34171,48,Texas,483274,1,1,1,0,3,MONAHANS,November,3,Friday,18,14,Urban,Medium Speed (Collector),No,31.59347778,-102.89272222,Simple Junction,Daylight,Clear,Unknown,Unknown,Unknown EMS Scene Arrival Hour,Unknown EMS Scene Arrival Minutes,Unknown,Unknown EMS Hospital Arrival Time,1,Daylight,Clear,0,3,[],[],0,0,Valid,1.0,2.0,24.0,24.0,['Male'],0,0,3,1,4,Dry,Straight,Level,Lowest,No
34172,48,Texas,483275,1,1,1,0,1,HOUSTON,October,22,Sunday,2,39,Urban,Medium Speed (Collector),No,29.81038889,-95.43646667,Non-Intersection,Dark - Lighted,Clear,Unknown,Unknown if Notified,Unknown EMS Scene Arrival Hour,Unknown if Arrived,Not Applicable (Not Transported),Not Applicable (Not Transported),1,Dark - Lighted,Clear,0,0,[],[],0,0,Invalid,0.0,0.0,999.0,999.0,['Other'],0,0,1,0,4,Dry,Straight,Level,Lowest,No