,State_Code,State_Name,Crash_ID,Count_Non_Motorists,Count_Vehicles_Total,Count_Vehicle_Forms,Count_PVH_Involved,Count_Occupants_MV,City_Name,Month_Name,Day_of_Month,Day_of_Week,Crash_Hour,Crash_Minute,Area_Rural_Urban,Road_Functional_Class,On_NHS_Road,Latitude,Longitude,Intersection_Type,Light_Condition,Weather_Condition,Notif_Hour,Notif_Minute,Arrival_Hour,Arrival_Minute,Hospital_Hour,Hospital_Minute,Fatalities_Count,Clean_Light_Condition,Clean_Weather_Condition,Total_Killed,Total_Alive,Fatal_Seats_List,Killed_Restraint_List,Any_Driver_Drinking,Total_Drinking_Drivers,Driver_License_Category,Driver_Max_Prev_Accident_Count,Driver_Max_Prev_Speeding_Count,Max_Driver_Age,Min_Driver_Age,Driver_Sex_List,Total_Exceeding_Limit_Vehicles,Total_Too_Fast_Vehicles,Max_Vehicle_Type_Severity_5,Max_Vehicle_Damage_Rank,Max_Harmful_Event_Severity,Crash_Road_Surface_Condition,Crash_Horizontal_Alignment,Crash_Vertical_Profile,Crash_Impairment_Category,Crash_Vehicle_Defect
34173,48,Texas,483276,0,2,2,0,3,NOT APPLICABLE,April,18,Tuesday,14,42,Urban,High Speed (Arterial),Yes,32.332775,-95.25398611,Simple Junction,Daylight,Clear,Unknown,Unknown,Unknown EMS Scene Arrival Hour,Unknown EMS Scene Arrival Minutes,Unknown,Unknown EMS Hospital Arrival Time,1,Daylight,Clear,1,2,['Front_Passenger'],['Shoulder_Lapbelt'],0,0,Valid,2.0,0.0,66.0,19.0,"['Female', 'Male']",0,0,3,1,5,Wet/Standing Water,Straight,Level,Lowest,No
34174,48,Texas,483277,0,2,2,0,3,THREE RIVERS,October,24,Tuesday,21,38,Rural,High Speed (Arterial),Yes,28.51780278,-98.185775,Non-Intersection,Dark - Not Lighted,Clear,Unknown,Unknown,Unknown EMS Scene Arrival Hour,Unknown EMS Scene Arrival Minutes,Unknown,Unknown EMS Hospital Arrival Time,1,Dark - Unlighted,Clear,1,2,['Driver'],['Shoulder_Lapbelt'],0,0,Invalid,0.0,0.0,73.0,43.0,"['Male', 'Male']",0,0,4,1,5,Dry,Straight,Level,Lowest,No
34175,48,Texas,483278,0,3,3,0,3,NOT APPLICABLE,November,3,Friday,8,7,Rural,High Speed (Arterial),No,31.87098889,-101.64585278,Non-Intersection,Dawn,Clear,Unknown,Unknown if Notified,Unknown EMS Scene Arrival Hour,Unknown if Arrived,Not Applicable (Not Transported),Not Applicable (Not Transported),1,Twilight,Clear,1,2,['Driver'],['Shoulder_Lapbelt'],0,0,Valid,0.0,0.0,36.0,28.0,"['Male', 'Male', 'Male']",1,0,4,4,5,Dry,Straight,Level,Lowest,No
34176,48,Texas,483279,0,2,2,0,2,NOT APPLICABLE,November,3,Friday,6,50,Rural,Medium Speed (Collector),No,30.33064444,-93.80286111,Non-Intersection,Dark - Not Lighted,Clear,Unknown,Unknown if Notified,Unknown EMS Scene Arrival Hour,Unknown if Arrived,Not Applicable (Not Transported),Not Applicable (Not Transported),1,Dark - Unlighted,Clear,1,1,['Driver'],['Shoulder_Lapbelt'],0,0,Invalid,0.0,0.0,44.0,19.0,"['Male', 'Male']",0,0,4,1,5,Dry,Straight,Level,Lowest,No
34177,48,Texas,483280,0,3,3,0,4,PARIS,November,9,Thursday,17,59,Urban,High Speed (Arterial),Yes,33.63321944,-95.57335556,Non-Intersection,Dark - Not Lighted,Rain,6:00pm-6:59pm,0,6:00pm-6:59pm,7,6:00pm-6:59pm,30,1,Dark - Unlighted,Rain/Wind/Minor,1,3,['Front_Passenger'],['Shoulder_Lapbelt'],1,1,Valid,0.0,2.0,45.0,23.0,"['Male', 'Male', 'Male']",1,0,4,4,5,Wet/Standing Water,Straight,Level,Lowest,No
34178,48,Texas,483281,0,1,1,0,1,NOT APPLICABLE,October,31,Tuesday,17,28,Rural,Medium Speed (Collector),No,32.79685278,-94.68616944,Non-Intersection,Daylight,Clear,Unknown,Unknown,Unknown EMS Scene Arrival Hour,Unknown EMS Scene Arrival Minutes,Unknown,Unknown EMS Hospital Arrival Time,1,Daylight,Clear,1,0,['Driver'],['None_Used'],0,0,Valid,0.0,0.0,76.0,76.0,['Male'],1,0,2,1,3,Dry,Curve,Level,Lowest,No
34179,48,Texas,483282,0,1,1,0,1,NOT APPLICABLE,November,7,Tuesday,18,15,Rural,Medium Speed (Collector),No,32.88911111,-95.59592778,Non-Intersection,Dark - Not Lighted,Clear,Unknown,Unknown if Notified,Unknown EMS Scene Arrival Hour,Unknown if Arrived,Not Applicable (Not Transported),Not Applicable (Not Transported),1,Dark - Unlighted,Clear,1,0,['Driver'],['None_Used'],0,0,Valid,0.0,0.0,50.0,50.0,['Male'],0,0,5,1,1,Dry,Straight,Level,Lowest,No
34180,48,Texas,483283,1,1,1,0,3,TERRELL,November,4,Saturday,21,40,Urban,High Speed (Arterial),Yes,32.73505,-96.26667778,Non-Intersection,Dark - Not Lighted,Clear,Unknown,Unknown,Unknown EMS Scene Arrival Hour,Unknown EMS Scene Arrival Minutes,Unknown,Unknown EMS Hospital Arrival Time,1,Dark - Unlighted,Clear,0,3,[],[],0,0,Valid,0.0,0.0,48.0,48.0,['Male'],0,0,2,2,4,Dry,Straight,Level,Lowest,No
34181,48,Texas,483284,1,1,1,0,1,NOT APPLICABLE,October,7,Saturday,5,30,Rural,High Speed (Arterial),Yes,30.18095,-97.53761667,Non-Intersection,Dark - Not Lighted,Clear,Unknown,Unknown if Notified,Unknown EMS Scene Arrival Hour,Unknown if Arrived,Not Applicable (Not Transported),Not Applicable (Not Transported),1,Dark - Unlighted,Clear,0,1,[],[],0,0,Valid,0.0,1.0,23.0,23.0,['Male'],0,0,3,1,4,Dry,Straight,Level,Lowest,No
34182,48,Texas,483285,0,1,1,0,1,NOT APPLICABLE,October,22,Sunday,99,99,Urban,Medium Speed (Collector),No,30.38037778,-97.57978333,Non-Intersection,Dark - Not Lighted,Clear,Unknown,Unknown if Notified,Unknown EMS Scene Arrival Hour,Unknown if Arrived,Not Applicable (Not Transported),Not Applicable (Not Transported),1,Dark - Unlighted,Clear,1,0,['Driver'],['None_Used'],0,0,Invalid,0.0,0.0,18.0,18.0,['Male'],0,0,2,1,2,Dry,Straight,Level,Lowest,No
34183,48,Texas,483286,0,1,1,0,2,SAN ANTONIO,November,9,Thursday,21,9,Urban,Medium Speed (Collector),No,29.43900556,-98.43594444,Non-Intersection,Dark - Lighted,Rain,Unknown,Unknown,Unknown EMS Scene Arrival Hour,Unknown EMS Scene Arrival Minutes,Unknown,Unknown EMS Hospital Arrival Time,1,Dark - Lighted,Rain/Wind/Minor,1,1,['Driver'],['Shoulder_Lapbelt'],0,0,Valid,0.0,2.0,25.0,25.0,['Male'],2,0,2,1,3,Wet/Standing Water,Straight,Level,Lowest,No
34184,48,Texas,483287,1,1,1,0,1,HOUSTON,October,25,Wednesday,8,8,Urban,Medium Speed (Collector),No,29.68844722,-95.5698,Non-Intersection,Dark - Lighted,Cloudy,Unknown,Unknown,Unknown EMS Scene Arrival Hour,Unknown EMS Scene Arrival Minutes,Not Applicable (Not Transported),Not Applicable (Not Transported),1,Dark - Lighted,Reduced Visibility,0,1,[],[],0,0,Invalid,0.0,0.0,61.0,61.0,['Male'],0,0,3,1,4,Dry,Straight,Level,Lowest,No
34185,48,Texas,483288,2,1,1,0,1,SAN ANTONIO,November,4,Saturday,21,26,Urban,Medium Speed (Collector),No,29.45158333,-98.56878611,Non-Intersection,Dark - Not Lighted,Clear,Unknown,Unknown,Unknown EMS Scene Arrival Hour,Unknown EMS Scene Arrival Minutes,Unknown,Unknown EMS Hospital Arrival Time,1,Dark - Unlighted,Clear,0,1,[],[],0,0,Invalid,0.0,2.0,27.0,27.0,['Male'],0,0,2,1,4,Dry,Straight,Level,Lowest,No
34186,48,Texas,483289,0,1,1,0,1,NOT APPLICABLE,November,2,Thursday,6,4,Rural,High Speed (Arterial),Yes,30.0652,-95.43454722,Non-Intersection,Dark - Lighted,Clear,Unknown,Unknown,Unknown EMS Scene Arrival Hour,Unknown EMS Scene Arrival Minutes,Not Applicable (Not Transported),Not Applicable (Not Transported),1,Dark - Lighted,Clear,1,0,['Driver'],['Shoulder_Lapbelt'],0,0,Valid,0.0,0.0,19.0,19.0,['Male'],0,0,3,4,3,Dry,Straight,Level,Lowest,No
34187,48,Texas,483290,1,1,1,0,1,DALLAS,November,2,Thursday,16,20,Urban,Medium Speed (Collector),No,32.84474722,-96.693125,Simple Junction,Daylight,Clear,Unknown,Unknown,Unknown EMS Scene Arrival Hour,Unknown EMS Scene Arrival Minutes,Not Applicable (Not Transported),Not Applicable (Not Transported),1,Daylight,Clear,0,1,[],[],0,0,Valid,0.0,0.0,43.0,43.0,['Male'],0,0,2,1,4,Dry,Straight,Level,Lowest,No
34188,48,Texas,483291,1,1,1,0,3,FORT WORTH,November,11,Saturday,20,42,Urban,High Speed (Arterial),Yes,32.95697222,-97.4022,Non-Intersection,Dark - Not Lighted,Cloudy,Unknown,Unknown if Notified,Unknown EMS Scene Arrival Hour,Unknown if Arrived,Not Applicable (Not Transported),Not Applicable (Not Transported),1,Dark - Unlighted,Reduced Visibility,0,3,[],[],0,0,Valid,0.0,0.0,42.0,42.0,['Male'],0,0,3,1,4,Dry,Straight,Level,Lowest,No
34189,48,Texas,483292,0,1,1,0,1,NOT APPLICABLE,November,11,Saturday,6,10,Rural,Medium Speed (Collector),No,30.05264167,-99.45222778,Non-Intersection,Dark - Not Lighted,Cloudy,Unknown,Unknown if Notified,Unknown EMS Scene Arrival Hour,Unknown if Arrived,Not Applicable (Not Transported),Not Applicable (Not Transported),1,Dark - Unlighted,Reduced Visibility,1,0,['Driver'],['Shoulder_Lapbelt'],0,0,Invalid,0.0,0.0,34.0,34.0,['Male'],1,0,3,1,3,Wet/Standing Water,Curve,Grade/Hillcrest,Medium,No
34190,48,Texas,483293,0,1,1,0,1,HOUSTON,October,30,Monday,4,41,Urban,Low Speed (Local),No,29.69477222,-95.35176389,Simple Junction,Dark - Not Lighted,Sleet or Hail,Unknown,Unknown,Unknown EMS Scene Arrival Hour,Unknown EMS Scene Arrival Minutes,Not Applicable (Not Transported),Not Applicable (Not Transported),1,Dark - Unlighted,Snow/Ice/Severe,1,0,['Driver'],['Shoulder_Lapbelt'],1,1,Invalid,0.0,0.0,37.0,37.0,['Female'],0,0,3,2,2,Wet/Standing Water,Straight,Level,Lowest,No
34191,48,Texas,483294,0,1,1,0,1,MCKINNEY,November,4,Saturday,3,3,Urban,High Speed (Arterial),Yes,33.23242222,-96.63188333,Non-Intersection,Dark - Not Lighted,Clear,Unknown,Unknown,Unknown EMS Scene Arrival Hour,Unknown EMS Scene Arrival Minutes,Unknown,Unknown EMS Hospital Arrival Time,1,Dark - Unlighted,Clear,1,0,['Driver'],['Shoulder_Lapbelt'],1,1,Valid,1.0,0.0,24.0,24.0,['Male'],0,0,2,4,3,Dry,Straight,Grade/Hillcrest,Lowest,No
34192,48,Texas,483295,0,1,1,0,1,NOT APPLICABLE,October,20,Friday,15,45,Rural,Medium Speed (Collector),No,30.63089722,-104.01373611,Non-Intersection,Daylight,Clear,Unknown,Unknown if Notified,Unknown EMS Scene Arrival Hour,Unknown if Arrived,Not Applicable (Not Transported),Not Applicable (Not Transported),1,Daylight,Clear,1,0,['Driver'],['None_Used'],0,0,Valid,0.0,0.0,66.0,66.0,['Male'],1,0,5,1,1,Dry,Curve,Grade/Hillcrest,Lowest,No
34193,48,Texas,483297,0,2,2,0,2,LONGVIEW,November,8,Wednesday,16,12,Urban,High Speed (Arterial),Yes,32.53956667,-94.76098611,Simple Junction,Daylight,Clear,Unknown,Unknown,Unknown EMS Scene Arrival Hour,Unknown EMS Scene Arrival Minutes,Unknown,Unknown EMS Hospital Arrival Time,1,Daylight,Clear,1,1,['Driver'],['None_Used'],0,0,Valid,0.0,0.0,60.0,27.0,"['Female', 'Male']",0,0,5,1,5,Dry,Straight,Level,Lowest,No
34194,48,Texas,483298,1,1,1,0,2,HOUSTON,November,6,Monday,22,43,Urban,High Speed (Arterial),No,29.73779444,-95.48064167,Non-Intersection,Dark - Lighted,Clear,Unknown,Unknown,Unknown EMS Scene Arrival Hour,Unknown EMS Scene Arrival Minutes,Not Applicable (Not Transported),Not Applicable (Not Transported),1,Dark - Lighted,Clear,0,2,[],[],0,0,Valid,0.0,3.0,28.0,28.0,['Female'],0,0,2,1,4,Dry,Straight,Level,Lowest,No
34195,48,Texas,483299,0,2,2,0,2,LEANDER,November,12,Sunday,11,50,Urban,Medium Speed (Collector),No,30.581175,-97.81828056,Non-Intersection,Daylight,Clear,Unknown,Unknown if Notified,Unknown EMS Scene Arrival Hour,Unknown if Arrived,Not Applicable (Not Transported),Not Applicable (Not Transported),1,Daylight,Clear,1,1,['Driver'],['Shoulder_Lapbelt'],0,0,Valid,0.0,0.0,51.0,18.0,"['Male', 'Male']",0,0,3,1,5,Dry,Curve,Level,Lowest,Yes
34196,48,Texas,483300,0,2,2,0,2,DECATUR,November,2,Thursday,9,58,Urban,High Speed (Arterial),Yes,33.22256667,-97.590125,Non-Intersection,Daylight,Clear,Unknown,Unknown,Unknown EMS Scene Arrival Hour,Unknown EMS Scene Arrival Minutes,Unknown,Unknown EMS Hospital Arrival Time,2,Daylight,Clear,2,0,"['Driver', 'Driver']","['None_Used', 'None_Used']",0,0,Valid,0.0,0.0,72.0,65.0,"['Male', 'Male']",0,0,3,1,5,Dry,Straight,Level,Medium,No
34197,48,Texas,483301,1,2,1,1,1,NOT APPLICABLE,November,2,Thursday,2,28,Rural,High Speed (Arterial),Yes,29.65735278,-97.42574167,Non-Intersection,Dark - Not Lighted,Clear,Unknown,Unknown if Notified,Unknown EMS Scene Arrival Hour,Unknown if Arrived,Not Applicable (Not Transported),Not Applicable (Not Transported),1,Dark - Unlighted,Clear,0,1,[],[],0,0,Valid,0.0,1.0,44.0,44.0,['Male'],0,0,4,1,4,Dry,Straight,Level,Lowest,No
34198,48,Texas,483302,1,1,1,0,1,TYLER,November,8,Wednesday,17,45,Urban,High Speed (Arterial),Yes,32.366475,-95.28944167,Simple Junction,Dark - Lighted,Clear,Unknown,Unknown,Unknown EMS Scene Arrival Hour,Unknown EMS Scene Arrival Minutes,Unknown,Unknown EMS Hospital Arrival Time,1,Dark - Lighted,Clear,0,1,[],[],0,0,Valid,0.0,0.0,39.0,39.0,['Male'],0,0,3,2,4,Dry,Straight,Grade/Hillcrest,Lowest,No
34199,48,Texas,483303,0,1,1,0,1,SAN ANTONIO,November,7,Tuesday,7,35,Urban,High Speed (Arterial),Yes,29.548125,-98.47240278,Complex/Circle,Daylight,Cloudy,Unknown,Unknown,Unknown EMS Scene Arrival Hour,Unknown EMS Scene Arrival Minutes,Not Applicable (Not Transported),Not Applicable (Not Transported),1,Daylight,Reduced Visibility,1,0,['Driver'],['None_Used'],0,0,Valid,0.0,0.0,83.0,83.0,['Male'],1,0,2,1,3,Dry,Straight,Level,Lowest,No
34200,48,Texas,483304,1,1,1,0,1,NOT APPLICABLE,November,2,Thursday,20,40,Rural,High Speed (Arterial),Yes,32.391375,-100.93103889,Non-Intersection,Dark - Not Lighted,Clear,Unknown,Unknown if Notified,Unknown EMS Scene Arrival Hour,Unknown if Arrived,Not Applicable (Not Transported),Not Applicable (Not Transported),1,Dark - Unlighted,Clear,0,1,[],[],0,0,Valid,0.0,0.0,22.0,22.0,['Male'],0,0,3,1,4,Dry,Straight,Level,Lowest,No
34201,48,Texas,483305,0,4,4,0,5,NORTH RICHLAND HILLS,October,30,Monday,19,42,Urban,High Speed (Arterial),Yes,32.87668611,-97.20477222,Non-Intersection,Dark - Not Lighted,Clear,Unknown,Unknown,Unknown EMS Scene Arrival Hour,Unknown EMS Scene Arrival Minutes,Unknown,Unknown EMS Hospital Arrival Time,1,Dark - Unlighted,Clear,1,4,['Driver'],['Shoulder_Lapbelt'],0,0,Valid,0.0,0.0,38.0,21.0,"['Male', 'Male', 'Male', 'Male']",2,0,3,1,5,Dry,Straight,Grade/Hillcrest,Lowest,No
34202,48,Texas,483306,0,2,2,0,2,FORT WORTH,October,22,Sunday,5,51,Urban,High Speed (Arterial),Yes,32.76043333,-97.167025,Non-Intersection,Dark - Unknown Lighting,Clear,Unknown,Unknown,Unknown EMS Scene Arrival Hour,Unknown EMS Scene Arrival Minutes,Unknown,Unknown EMS Hospital Arrival Time,1,Dark - Unlighted,Clear,1,1,['Driver'],['Shoulder_Lapbelt'],0,0,Valid,1.0,0.0,53.0,25.0,"['Male', 'Male']",0,0,3,1,5,Dry,Straight,Level,Lowest,No
34203,48,Texas,483307,0,2,2,0,3,NOT APPLICABLE,October,30,Monday,20,42,Urban,Medium Speed (Collector),No,31.52665,-100.47064444,Complex/Circle,Dark - Not Lighted,Clear,Unknown,Unknown,Unknown EMS Scene Arrival Hour,Unknown EMS Scene Arrival Minutes,Unknown,Unknown EMS Hospital Arrival Time,1,Dark - Unlighted,Clear,1,2,['Driver'],['Shoulder_Lapbelt'],0,0,Valid,0.0,0.0,36.0,26.0,"['Female', 'Male']",0,0,3,1,5,Dry,Straight,Level,Lowest,No
34204,48,Texas,483308,0,1,1,0,1,NOT APPLICABLE,October,23,Monday,23,31,Rural,Medium Speed (Collector),No,32.64665,-96.16526389,Non-Intersection,Dark - Not Lighted,Clear,Unknown,Unknown if Notified,Unknown EMS Scene Arrival Hour,Unknown if Arrived,Not Applicable (Not Transported),Not Applicable (Not Transported),1,Dark - Unlighted,Clear,1,0,['Driver'],['Shoulder_Lapbelt'],1,1,Valid,0.0,0.0,56.0,56.0,['Male'],0,0,3,1,2,Dry,Straight,Grade/Hillcrest,Lowest,No
34205,48,Texas,483309,0,2,2,0,2,CORPUS CHRISTI,November,2,Thursday,7,47,Rural,Medium Speed (Collector),No,27.68217778,-97.17037778,Non-Intersection,Daylight,Clear,Unknown,Unknown if Notified,Unknown EMS Scene Arrival Hour,Unknown if Arrived,Not Applicable (Not Transported),Not Applicable (Not Transported),1,Daylight,Clear,1,1,['Driver'],['None_Used'],0,0,Valid,0.0,0.0,61.0,31.0,"['Male', 'Male']",1,0,5,1,5,Dry,Straight,Level,Lowest,No
34206,48,Texas,483310,1,1,1,0,3,FORT WORTH,November,5,Sunday,21,52,Urban,High Speed (Arterial),No,32.79516667,-97.34848333,Non-Intersection,Dark - Lighted,Clear,Unknown,Unknown,Unknown EMS Scene Arrival Hour,Unknown EMS Scene Arrival Minutes,Unknown,Unknown EMS Hospital Arrival Time,1,Dark - Lighted,Clear,0,3,[],[],0,0,Valid,0.0,0.0,26.0,26.0,['Male'],0,0,3,2,4,Dry,Straight,Level,Lowest,No
34207,48,Texas,483311,0,1,1,0,5,NOT APPLICABLE,November,9,Thursday,15,40,Rural,High Speed (Arterial),Yes,31.90949444,-96.39104167,Non-Intersection,Daylight,Rain,Unknown,Unknown,Unknown EMS Scene Arrival Hour,Unknown EMS Scene Arrival Minutes,Unknown,Unknown EMS Hospital Arrival Time,1,Daylight,Rain/Wind/Minor,1,4,['Rear_Seat'],['None_Used'],0,0,Valid,0.0,0.0,51.0,51.0,['Male'],5,0,3,1,2,Wet/Standing Water,Straight,Grade/Hillcrest,Lowest,No
34208,48,Texas,483312,0,2,2,0,2,NOT APPLICABLE,November,12,Sunday,5,20,Rural,High Speed (Arterial),Yes,32.02301944,-95.39134167,Non-Intersection,Dark - Not Lighted,Cloudy,Unknown,Unknown,Unknown EMS Scene Arrival Hour,Unknown EMS Scene Arrival Minutes,Unknown,Unknown EMS Hospital Arrival Time,1,Dark - Unlighted,Reduced Visibility,1,1,['Driver'],['None_Used'],1,1,Invalid,0.0,1.0,59.0,41.0,"['Female', 'Male']",0,0,3,1,5,Dry,Straight,Grade/Hillcrest,Lowest,No
34209,48,Texas,483313,1,1,1,0,1,NOT APPLICABLE,November,11,Saturday,4,52,Urban,Medium Speed (Collector),No,32.5846,-97.24337222,Non-Intersection,Dark - Not Lighted,Cloudy,Unknown,Unknown if Notified,Unknown EMS Scene Arrival Hour,Unknown if Arrived,Not Applicable (Not Transported),Not Applicable (Not Transported),1,Dark - Unlighted,Reduced Visibility,0,0,[],[],0,0,Invalid,0.0,0.0,25.0,25.0,['Other'],0,0,1,0,4,Dry,Straight,Level,Lowest,No
34210,48,Texas,483314,0,1,1,0,1,NOT APPLICABLE,November,13,Monday,13,7,Urban,Medium Speed (Collector),No,32.90016111,-97.45963889,Non-Intersection,Daylight,Cloudy,Unknown,Unknown,Unknown EMS Scene Arrival Hour,Unknown EMS Scene Arrival Minutes,Unknown,Unknown EMS Hospital Arrival Time,1,Daylight,Reduced Visibility,1,0,['Driver'],['Shoulder_Lapbelt'],0,0,Valid,0.0,0.0,69.0,69.0,['Male'],0,0,3,1,3,Dry,Straight,Grade/Hillcrest,Lowest,No
34211,48,Texas,483315,0,2,2,0,2,NOT APPLICABLE,November,1,Wednesday,6,21,Rural,Medium Speed (Collector),No,31.94289167,-101.86881111,Complex/Circle,Dark - Not Lighted,Clear,Unknown,Unknown,Unknown EMS Scene Arrival Hour,Unknown EMS Scene Arrival Minutes,Unknown,Unknown EMS Hospital Arrival Time,1,Dark - Unlighted,Clear,1,1,['Driver'],['Shoulder_Lapbelt'],0,0,Valid,0.0,0.0,51.0,40.0,"['Male', 'Male']",0,0,4,1,5,Dry,Straight,Level,Lowest,No
34212,48,Texas,483316,0,1,1,0,1,NOT APPLICABLE,October,27,Friday,17,48,Rural,Medium Speed (Collector),No,33.00001389,-95.35495556,Non-Intersection,Daylight,Clear,Unknown,Unknown if Notified,Unknown EMS Scene Arrival Hour,Unknown if Arrived,Not Applicable (Not Transported),Not Applicable (Not Transported),1,Daylight,Clear,1,0,['Driver'],['None_Used'],0,0,Invalid,0.0,0.0,47.0,47.0,['Male'],0,0,5,1,2,Dry,Straight,Level,Lowest,No
34213,48,Texas,483317,0,2,2,0,2,ARLINGTON,November,11,Saturday,18,44,Urban,Medium Speed (Collector),No,32.67034444,-97.11488056,Complex/Circle,Dark - Lighted,Clear,Unknown,Unknown if Notified,Unknown EMS Scene Arrival Hour,Unknown if Arrived,Not Applicable (Not Transported),Not Applicable (Not Transported),1,Dark - Lighted,Clear,1,1,['Driver'],['None_Used'],0,0,Valid,2.0,1.0,65.0,45.0,"['Female', 'Male']",0,0,5,1,5,Dry,Straight,Level,Lowest,No
34214,48,Texas,483318,1,1,1,0,1,NOT APPLICABLE,October,12,Thursday,6,0,Rural,Low Speed (Local),No,27.71816667,-97.49083611,Non-Intersection,Dark - Not Lighted,Clear,Unknown,Unknown,Unknown EMS Scene Arrival Hour,Unknown EMS Scene Arrival Minutes,Not Applicable (Not Transported),Not Applicable (Not Transported),1,Dark - Unlighted,Clear,0,1,[],[],0,0,Valid,0.0,0.0,62.0,62.0,['Male'],0,0,3,1,4,Dry,Straight,Level,Lowest,No
34215,48,Texas,483319,0,1,1,0,2,NOT APPLICABLE,October,29,Sunday,3,23,Rural,Medium Speed (Collector),No,31.86472778,-98.47695278,Non-Intersection,Dark - Not Lighted,Rain,Unknown,Unknown if Notified,Unknown EMS Scene Arrival Hour,Unknown if Arrived,Not Applicable (Not Transported),Not Applicable (Not Transported),2,Dark - Unlighted,Rain/Wind/Minor,2,0,"['Driver', 'Front_Passenger']","['None_Used', 'None_Used']",1,1,Invalid,0.0,0.0,23.0,23.0,['Male'],2,0,1,1,2,Wet/Standing Water,Straight,Grade/Hillcrest,Lowest,No
34216,48,Texas,483320,0,2,2,0,4,DALLAS,June,21,Wednesday,4,30,Urban,High Speed (Arterial),Yes,32.65958889,-96.73073056,Non-Intersection,Dark - Lighted,Clear,Unknown,Unknown,Unknown EMS Scene Arrival Hour,Unknown EMS Scene Arrival Minutes,Unknown,Unknown EMS Hospital Arrival Time,1,Dark - Lighted,Clear,1,3,['Driver'],['Shoulder_Lapbelt'],0,0,Valid,0.0,0.0,60.0,27.0,"['Male', 'Male']",0,0,4,2,5,Dry,Straight,Level,Lowest,Yes
34217,48,Texas,483321,0,2,2,0,2,GRAPEVINE,November,9,Thursday,15,47,Urban,High Speed (Arterial),Yes,32.93983333,-97.039,Non-Intersection,Daylight,Rain,Unknown,Unknown if Notified,Unknown EMS Scene Arrival Hour,Unknown if Arrived,Not Applicable (Not Transported),Not Applicable (Not Transported),1,Daylight,Rain/Wind/Minor,1,1,['Driver'],['Shoulder_Lapbelt'],0,0,Valid,0.0,0.0,66.0,58.0,"['Male', 'Male']",0,0,4,2,5,Dry,Straight,Non-Trafficway,Medium,No
34218,48,Texas,483322,0,1,1,0,1,WAXAHACHIE,July,29,Saturday,15,46,Urban,High Speed (Arterial),Yes,32.34216389,-96.85597778,Non-Intersection,Daylight,Clear,Unknown,Unknown,Unknown EMS Scene Arrival Hour,Unknown EMS Scene Arrival Minutes,Unknown,Unknown EMS Hospital Arrival Time,1,Daylight,Clear,1,0,['Driver'],['Shoulder_Lapbelt'],0,0,Valid,0.0,0.0,37.0,37.0,['Male'],0,0,3,4,3,Dry,Straight,Level,Lowest,No
34219,48,Texas,483323,0,1,1,0,1,NOT APPLICABLE,October,25,Wednesday,16,28,Rural,Medium Speed (Collector),No,30.42757222,-95.31622778,Non-Intersection,Daylight,Cloudy,Unknown,Unknown if Notified,Unknown EMS Scene Arrival Hour,Unknown if Arrived,Not Applicable (Not Transported),Not Applicable (Not Transported),1,Daylight,Reduced Visibility,1,0,['Driver'],['None_Used'],0,0,Valid,0.0,0.0,35.0,35.0,['Male'],1,0,5,1,3,Dry,Curve,Grade/Hillcrest,Lowest,No
34220,48,Texas,483324,1,2,2,0,2,BELLMEAD,November,9,Thursday,2,21,Urban,High Speed (Arterial),Yes,31.60536111,-97.07893333,Non-Intersection,Dark - Not Lighted,Clear,Unknown,Unknown,Unknown EMS Scene Arrival Hour,Unknown EMS Scene Arrival Minutes,Unknown,Unknown EMS Hospital Arrival Time,1,Dark - Unlighted,Clear,0,2,[],[],0,0,Valid,2.0,0.0,44.0,40.0,"['Male', 'Male']",0,0,3,1,4,Dry,Straight,Level,Lowest,No
34221,48,Texas,483325,1,1,1,0,1,AUSTIN,November,2,Thursday,6,47,Urban,Low Speed (Local),No,30.34618889,-97.70018056,Simple Junction,Dark - Not Lighted,Clear,Unknown,Unknown if Notified,Unknown EMS Scene Arrival Hour,Unknown if Arrived,Not Applicable (Not Transported),Not Applicable (Not Transported),1,Dark - Unlighted,Clear,0,1,[],[],0,0,Invalid,0.0,0.0,18.0,18.0,['Male'],0,0,3,2,4,Dry,Straight,Grade/Hillcrest,Lowest,No
34222,48,Texas,483326,0,1,1,0,1,CORPUS CHRISTI,November,12,Sunday,16,2,Urban,Medium Speed (Collector),No,27.68638611,-97.36857778,Non-Intersection,Daylight,Rain,Unknown,Unknown,Unknown EMS Scene Arrival Hour,Unknown EMS Scene Arrival Minutes,Unknown,Unknown EMS Hospital Arrival Time,1,Daylight,Rain/Wind/Minor,1,0,['Driver'],['Shoulder_Lapbelt'],0,0,Invalid,0.0,0.0,17.0,17.0,['Female'],1,0,2,1,3,Wet/Standing Water,Straight,Level,Lowest,No