,State_Code,State_Name,Crash_ID,Count_Non_Motorists,Count_Vehicles_Total,Count_Vehicle_Forms,Count_PVH_Involved,Count_Occupants_MV,City_Name,Month_Name,Day_of_Month,Day_of_Week,Crash_Hour,Crash_Minute,Area_Rural_Urban,Road_Functional_Class,On_NHS_Road,Latitude,Longitude,Intersection_Type,Light_Condition,Weather_Condition,Notif_Hour,Notif_Minute,Arrival_Hour,Arrival_Minute,Hospital_Hour,Hospital_Minute,Fatalities_Count,Clean_Light_Condition,Clean_Weather_Condition,Total_Killed,Total_Alive,Fatal_Seats_List,Killed_Restraint_List,Any_Driver_Drinking,Total_Drinking_Drivers,Driver_License_Category,Driver_Max_Prev_Accident_Count,Driver_Max_Prev_Speeding_Count,Max_Driver_Age,Min_Driver_Age,Driver_Sex_List,Total_Exceeding_Limit_Vehicles,Total_Too_Fast_Vehicles,Max_Vehicle_Type_Severity_5,Max_Vehicle_Damage_Rank,Max_Harmful_Event_Severity,Crash_Road_Surface_Condition,Crash_Horizontal_Alignment,Crash_Vertical_Profile,Crash_Impairment_Category,Crash_Vehicle_Defect
34223,48,Texas,483327,0,2,2,0,3,VICTORIA,November,13,Monday,13,39,Urban,Medium Speed (Collector),No,28.85938056,-96.98931389,Non-Intersection,Daylight,Rain,Unknown,Unknown,Unknown EMS Scene Arrival Hour,Unknown EMS Scene Arrival Minutes,Unknown,Unknown EMS Hospital Arrival Time,1,Daylight,Rain/Wind/Minor,1,2,['Front_Passenger'],['Shoulder_Lapbelt'],0,0,Valid,1.0,0.0,48.0,37.0,"['Female', 'Female']",0,0,3,1,5,Wet/Standing Water,Straight,Level,Medium,No
34224,48,Texas,483328,0,2,2,0,3,ALVARADO,November,10,Friday,17,51,Rural,High Speed (Arterial),Yes,32.41607222,-97.20540556,Simple Junction,Dusk,Clear,Unknown,Unknown,Unknown EMS Scene Arrival Hour,Unknown EMS Scene Arrival Minutes,Unknown,Unknown EMS Hospital Arrival Time,1,Twilight,Clear,1,2,['Driver'],['None_Used'],0,0,Invalid,0.0,0.0,55.0,42.0,"['Female', 'Male']",0,0,2,1,5,Dry,Straight,Level,Lowest,No
34225,48,Texas,483329,0,2,2,0,2,NOT APPLICABLE,November,4,Saturday,21,8,Rural,High Speed (Arterial),Yes,32.72569167,-102.76039444,Simple Junction,Dark - Lighted,Clear,Unknown,Unknown if Notified,Unknown EMS Scene Arrival Hour,Unknown if Arrived,Not Applicable (Not Transported),Not Applicable (Not Transported),1,Dark - Lighted,Clear,1,1,['Driver'],['None_Used'],1,1,Valid,0.0,0.0,63.0,60.0,"['Male', 'Male']",0,0,5,2,5,Dry,Straight,Level,Lowest,Yes
34226,48,Texas,483330,0,2,2,0,4,BULVERDE,November,3,Friday,18,59,Rural,Medium Speed (Collector),No,29.7328,-98.35935,Non-Intersection,Dusk,Clear,Unknown,Unknown,Unknown EMS Scene Arrival Hour,Unknown EMS Scene Arrival Minutes,Unknown,Unknown EMS Hospital Arrival Time,1,Twilight,Clear,1,3,['Driver'],['Shoulder_Lapbelt'],0,0,Valid,1.0,0.0,53.0,46.0,"['Male', 'Male']",0,0,3,1,5,Dry,Curve,Grade/Hillcrest,Lowest,No
34227,48,Texas,483331,0,2,2,0,3,AUSTIN,November,15,Wednesday,5,48,Urban,High Speed (Arterial),Yes,30.21911111,-97.67038889,Non-Intersection,Dark - Not Lighted,Clear,Unknown,Unknown if Notified,Unknown EMS Scene Arrival Hour,Unknown if Arrived,Not Applicable (Not Transported),Not Applicable (Not Transported),1,Dark - Unlighted,Clear,1,2,['Driver'],['None_Used'],0,0,Valid,1.0,0.0,40.0,19.0,"['Male', 'Male']",1,0,5,2,5,Dry,Straight,Level,Lowest,No
34228,48,Texas,483332,0,3,3,0,6,GARLAND,November,9,Thursday,12,54,Urban,Medium Speed (Collector),No,32.89446111,-96.69035833,Non-Intersection,Daylight,Rain,Unknown,Unknown,Unknown EMS Scene Arrival Hour,Unknown EMS Scene Arrival Minutes,Unknown,Unknown EMS Hospital Arrival Time,1,Daylight,Rain/Wind/Minor,1,5,['Driver'],['Shoulder_Lapbelt'],0,0,Invalid,0.0,1.0,59.0,31.0,"['Male', 'Male', 'Male']",4,0,3,1,5,Wet/Standing Water,Straight,Level,Lowest,No
34229,48,Texas,483333,1,1,1,0,1,PALACIOS,November,8,Wednesday,6,8,Rural,Medium Speed (Collector),No,28.72203889,-96.26015833,Non-Intersection,Dark - Not Lighted,Cloudy,Unknown,Unknown if Notified,Unknown EMS Scene Arrival Hour,Unknown if Arrived,Not Applicable (Not Transported),Not Applicable (Not Transported),1,Dark - Unlighted,Reduced Visibility,0,1,[],[],0,0,Valid,1.0,1.0,44.0,44.0,['Male'],0,0,3,2,4,Dry,Straight,Level,Lowest,No
34230,48,Texas,483334,0,2,2,0,2,NOT APPLICABLE,October,15,Sunday,21,55,Urban,Medium Speed (Collector),No,29.87003611,-95.32963611,Complex/Circle,Dark - Not Lighted,Clear,Unknown,Unknown,Unknown EMS Scene Arrival Hour,Unknown EMS Scene Arrival Minutes,Not Applicable (Not Transported),Not Applicable (Not Transported),1,Dark - Unlighted,Clear,1,1,['Driver'],['None_Used'],0,0,Valid,0.0,0.0,28.0,19.0,"['Female', 'Male']",0,0,3,2,5,Dry,Straight,Level,Lowest,No
34231,48,Texas,483335,0,2,2,0,2,LIVE OAK,November,2,Thursday,23,30,Urban,High Speed (Arterial),Yes,29.56785,-98.33319167,Non-Intersection,Dark - Not Lighted,Clear,Unknown,Unknown,Unknown EMS Scene Arrival Hour,Unknown EMS Scene Arrival Minutes,Not Applicable (Not Transported),Not Applicable (Not Transported),1,Dark - Unlighted,Clear,1,1,['Driver'],['Shoulder_Lapbelt'],1,1,Valid,1.0,0.0,34.0,31.0,"['Female', 'Male']",1,0,3,1,5,Dry,Straight,Grade/Hillcrest,Lowest,No
34232,48,Texas,483336,0,2,2,0,2,CORPUS CHRISTI,November,1,Wednesday,16,54,Urban,High Speed (Arterial),Yes,27.72770833,-97.39476389,Complex/Circle,Daylight,Clear,Unknown,Unknown,Unknown EMS Scene Arrival Hour,Unknown EMS Scene Arrival Minutes,Unknown,Unknown EMS Hospital Arrival Time,1,Daylight,Clear,1,1,['Driver'],['None_Used'],0,0,Invalid,0.0,1.0,55.0,49.0,"['Male', 'Female']",1,0,5,1,5,Dry,Straight,Level,Lowest,No
34233,48,Texas,483337,0,1,1,0,1,NOT APPLICABLE,November,4,Saturday,6,37,Urban,High Speed (Arterial),Yes,32.91402778,-97.58790556,Non-Intersection,Dark - Not Lighted,Cloudy,Unknown,Unknown if Notified,Unknown EMS Scene Arrival Hour,Unknown if Arrived,Not Applicable (Not Transported),Not Applicable (Not Transported),1,Dark - Unlighted,Reduced Visibility,1,0,['Driver'],['Shoulder_Lapbelt'],0,0,Valid,0.0,1.0,30.0,30.0,['Male'],0,0,3,2,3,Dry,Straight,Grade/Hillcrest,Lowest,No
34234,48,Texas,483338,0,2,2,0,3,NOT APPLICABLE,November,12,Sunday,18,15,Rural,Medium Speed (Collector),No,33.48135,-96.99952778,Complex/Circle,Dark - Not Lighted,Clear,Unknown,Unknown if Notified,Unknown EMS Scene Arrival Hour,Unknown if Arrived,Not Applicable (Not Transported),Not Applicable (Not Transported),2,Dark - Unlighted,Clear,2,1,"['Driver', 'Rear_Seat']","['None_Used', 'None_Used']",0,0,Valid,1.0,1.0,61.0,45.0,"['Male', 'Male']",0,0,5,1,5,Dry,Straight,Level,Lowest,No
34235,48,Texas,483339,1,1,1,0,1,TYLER,November,13,Monday,21,49,Urban,High Speed (Arterial),Yes,32.370125,-95.29284167,Complex/Circle,Dark - Not Lighted,Cloudy,Unknown,Unknown,Unknown EMS Scene Arrival Hour,Unknown EMS Scene Arrival Minutes,Unknown,Unknown EMS Hospital Arrival Time,1,Dark - Unlighted,Reduced Visibility,0,0,[],[],0,0,Invalid,0.0,0.0,999.0,999.0,['Other'],0,0,1,0,4,Dry,Straight,Level,Lowest,No
34236,48,Texas,483340,0,2,2,0,4,HASLET,November,5,Sunday,16,21,Urban,Medium Speed (Collector),No,32.965625,-97.35373611,Non-Intersection,Daylight,Clear,Unknown,Unknown,Unknown EMS Scene Arrival Hour,Unknown EMS Scene Arrival Minutes,Unknown,Unknown EMS Hospital Arrival Time,1,Daylight,Clear,1,3,['Driver'],['Shoulder_Lapbelt'],0,0,Valid,0.0,2.0,82.0,31.0,"['Male', 'Male']",0,0,3,1,5,Dry,Curve,Grade/Hillcrest,Lowest,No
34237,48,Texas,483341,1,1,1,0,2,DALLAS,October,12,Thursday,18,17,Urban,Medium Speed (Collector),No,32.683225,-96.90868889,Non-Intersection,Daylight,Cloudy,Unknown,Unknown,Unknown EMS Scene Arrival Hour,Unknown EMS Scene Arrival Minutes,Unknown,Unknown EMS Hospital Arrival Time,1,Daylight,Reduced Visibility,0,2,[],[],0,0,Invalid,0.0,1.0,29.0,29.0,['Male'],0,0,3,1,4,Dry,Straight,Grade/Hillcrest,Lowest,No
34238,48,Texas,483342,0,2,2,0,3,NOT APPLICABLE,September,29,Friday,9,8,Urban,Medium Speed (Collector),No,29.57359722,-95.22583889,Complex/Circle,Daylight,Clear,Unknown,Unknown,Unknown EMS Scene Arrival Hour,Unknown EMS Scene Arrival Minutes,9:00am-9:59am,30,1,Daylight,Clear,1,2,['Front_Passenger'],['None_Used'],0,0,Invalid,0.0,0.0,87.0,41.0,"['Male', 'Male']",0,0,3,2,5,Dry,Straight,Level,Lowest,No
34239,48,Texas,483343,0,2,2,0,5,NOT APPLICABLE,November,8,Wednesday,17,52,Rural,High Speed (Arterial),Yes,27.58171389,-99.31841111,Non-Intersection,Daylight,Clear,Unknown,Unknown,Unknown EMS Scene Arrival Hour,Unknown EMS Scene Arrival Minutes,Unknown,Unknown EMS Hospital Arrival Time,1,Daylight,Clear,1,4,['Driver'],['Shoulder_Lapbelt'],0,0,Valid,0.0,0.0,46.0,35.0,"['Male', 'Female']",0,0,3,1,5,Dry,Straight,Level,Lowest,No
34240,48,Texas,483344,0,1,1,0,1,SAN ANTONIO,November,14,Tuesday,23,58,Urban,High Speed (Arterial),Yes,29.44540556,-98.39811944,Non-Intersection,Dark - Lighted,Clear,Unknown,Unknown,Unknown EMS Scene Arrival Hour,Unknown EMS Scene Arrival Minutes,Not Applicable (Not Transported),Not Applicable (Not Transported),1,Dark - Lighted,Clear,1,0,['Driver'],['None_Used'],1,1,Valid,0.0,3.0,36.0,36.0,['Male'],0,0,4,1,3,Dry,Curve,Level,Lowest,No
34241,48,Texas,483345,0,1,1,0,1,NOT APPLICABLE,November,7,Tuesday,5,50,Rural,High Speed (Arterial),Yes,31.36255,-100.43357222,Non-Intersection,Dark - Not Lighted,Clear,Unknown,Unknown if Notified,Unknown EMS Scene Arrival Hour,Unknown if Arrived,Not Applicable (Not Transported),Not Applicable (Not Transported),1,Dark - Unlighted,Clear,1,0,['Driver'],['Shoulder_Lapbelt'],0,0,Valid,0.0,0.0,70.0,70.0,['Male'],0,0,3,1,3,Dry,Straight,Level,Lowest,No
34242,48,Texas,483346,0,1,1,0,1,HOUSTON,October,24,Tuesday,22,35,Urban,Medium Speed (Collector),No,29.80340278,-95.44775278,Non-Intersection,Dark - Lighted,Clear,Unknown,Unknown if Notified,Unknown EMS Scene Arrival Hour,Unknown if Arrived,Not Applicable (Not Transported),Not Applicable (Not Transported),1,Dark - Lighted,Clear,1,0,['Driver'],['None_Used'],0,0,Valid,0.0,0.0,20.0,20.0,['Male'],1,0,5,1,3,Dry,Straight,Level,Lowest,No
34243,48,Texas,483347,0,1,1,0,1,NOT APPLICABLE,October,19,Thursday,14,35,Urban,High Speed (Arterial),No,29.7115,-95.63535833,Non-Intersection,Daylight,Clear,Unknown,Unknown,Unknown EMS Scene Arrival Hour,Unknown EMS Scene Arrival Minutes,2:00pm-2:59pm,46,1,Daylight,Clear,1,0,['Driver'],['Shoulder_Lapbelt'],0,0,Valid,0.0,0.0,75.0,75.0,['Female'],0,0,3,2,3,Dry,Straight,Level,Medium,No
34244,48,Texas,483348,0,1,1,0,1,NOT APPLICABLE,November,11,Saturday,23,49,Rural,Medium Speed (Collector),No,32.34805,-95.20900278,Non-Intersection,Dark - Not Lighted,Clear,Unknown,Unknown,Unknown EMS Scene Arrival Hour,Unknown EMS Scene Arrival Minutes,Unknown,Unknown EMS Hospital Arrival Time,1,Dark - Unlighted,Clear,1,0,['Driver'],['Shoulder_Lapbelt'],0,0,Valid,0.0,0.0,54.0,54.0,['Male'],1,0,3,1,3,Dry,Curve,Grade/Hillcrest,Lowest,No
34245,48,Texas,483349,0,2,2,0,2,DALLAS,October,29,Sunday,7,0,Urban,High Speed (Arterial),Yes,32.69386944,-96.84473056,Non-Intersection,Dawn,Cloudy,Unknown,Unknown,Unknown EMS Scene Arrival Hour,Unknown EMS Scene Arrival Minutes,Unknown,Unknown EMS Hospital Arrival Time,1,Twilight,Reduced Visibility,1,1,['Driver'],['Shoulder_Lapbelt'],0,0,Valid,0.0,0.0,67.0,36.0,"['Male', 'Male']",1,0,3,2,5,Wet/Standing Water,Straight,Level,Lowest,No
34246,48,Texas,483350,0,2,2,0,2,PEARLAND,November,6,Monday,15,47,Urban,Medium Speed (Collector),No,29.53143056,-95.24921111,Complex/Circle,Daylight,Clear,Unknown,Unknown if Notified,Unknown EMS Scene Arrival Hour,Unknown if Arrived,Not Applicable (Not Transported),Not Applicable (Not Transported),1,Daylight,Clear,1,1,['Driver'],['None_Used'],0,0,Valid,0.0,1.0,31.0,20.0,"['Male', 'Male']",0,0,5,2,5,Dry,Straight,Level,Lowest,No
34247,48,Texas,483351,0,2,2,0,3,KILLEEN,November,7,Tuesday,17,32,Urban,High Speed (Arterial),Yes,31.11585556,-97.67451667,Simple Junction,Daylight,Clear,Unknown,Unknown,Unknown EMS Scene Arrival Hour,Unknown EMS Scene Arrival Minutes,Unknown,Unknown EMS Hospital Arrival Time,1,Daylight,Clear,1,2,['Driver'],['Shoulder_Lapbelt'],0,0,Valid,0.0,0.0,32.0,21.0,"['Male', 'Male']",2,0,3,1,5,Dry,Straight,Level,Lowest,No
34248,48,Texas,483352,0,2,2,0,2,NOT APPLICABLE,October,31,Tuesday,16,59,Urban,Medium Speed (Collector),No,30.48520556,-97.69491111,Simple Junction,Daylight,Clear,Unknown,Unknown if Notified,Unknown EMS Scene Arrival Hour,Unknown if Arrived,Not Applicable (Not Transported),Not Applicable (Not Transported),1,Daylight,Clear,1,1,['Driver'],['None_Used'],0,0,Invalid,0.0,0.0,27.0,16.0,"['Male', 'Female']",0,0,5,1,5,Dry,Curve,Grade/Hillcrest,Lowest,No
34249,48,Texas,483353,0,1,1,0,4,NOT APPLICABLE,November,9,Thursday,7,15,Rural,High Speed (Arterial),Yes,30.92118056,-103.18415,Non-Intersection,Daylight,Rain,Unknown,Unknown,Unknown EMS Scene Arrival Hour,Unknown EMS Scene Arrival Minutes,Unknown,Unknown EMS Hospital Arrival Time,1,Daylight,Rain/Wind/Minor,1,3,['Rear_Seat'],['None_Used'],0,0,Valid,0.0,0.0,23.0,23.0,['Male'],4,0,2,1,3,Wet/Standing Water,Straight,Level,Lowest,No
34250,48,Texas,483354,0,1,1,0,1,PLANO,November,14,Tuesday,20,32,Urban,High Speed (Arterial),Yes,33.02640556,-96.82969722,Non-Intersection,Dark - Lighted,Cloudy,Unknown,Unknown if Notified,Unknown EMS Scene Arrival Hour,Unknown if Arrived,Not Applicable (Not Transported),Not Applicable (Not Transported),1,Dark - Lighted,Reduced Visibility,1,0,['Driver'],['None_Used'],0,0,Valid,1.0,2.0,23.0,23.0,['Male'],0,0,5,1,3,Dry,Curve,Grade/Hillcrest,Lowest,No
34251,48,Texas,483355,1,1,1,0,1,NOT APPLICABLE,November,15,Wednesday,17,40,Urban,High Speed (Arterial),Yes,29.89666667,-95.21125833,Complex/Circle,Dark - Lighted,Clear,Unknown,Unknown if Notified,Unknown EMS Scene Arrival Hour,Unknown if Arrived,Not Applicable (Not Transported),Not Applicable (Not Transported),1,Dark - Lighted,Clear,0,1,[],[],0,0,Valid,0.0,0.0,68.0,68.0,['Male'],0,0,3,2,4,Dry,Straight,Level,Lowest,No
34252,48,Texas,483356,1,1,1,0,1,SAN ANTONIO,September,7,Thursday,5,43,Urban,Low Speed (Local),No,29.38722778,-98.54811667,Simple Junction,Dark - Lighted,Clear,Unknown,Unknown,Unknown EMS Scene Arrival Hour,Unknown EMS Scene Arrival Minutes,Unknown,Unknown EMS Hospital Arrival Time,1,Dark - Lighted,Clear,0,0,[],[],0,0,Invalid,0.0,0.0,999.0,999.0,['Other'],0,0,1,2,4,Dry,Curve,Level,Lowest,No
34253,48,Texas,483357,0,2,2,0,6,NOT APPLICABLE,November,9,Thursday,22,17,Rural,Medium Speed (Collector),No,30.66383889,-94.89171111,Non-Intersection,Dark - Not Lighted,Rain,Unknown,Unknown,Unknown EMS Scene Arrival Hour,Unknown EMS Scene Arrival Minutes,Unknown,Unknown EMS Hospital Arrival Time,4,Dark - Unlighted,Rain/Wind/Minor,4,2,"['Driver', 'Rear_Seat', 'Rear_Seat', 'Rear_Seat']","['None_Used', 'None_Used', 'None_Used', 'None_Used']",1,1,Valid,0.0,1.0,34.0,30.0,"['Female', 'Male']",0,0,3,1,5,Wet/Standing Water,Straight,Level,Lowest,No
34254,48,Texas,483358,0,1,1,0,3,GRAND PRAIRIE,October,13,Friday,21,53,Urban,High Speed (Arterial),Yes,32.69859444,-97.015525,Complex/Circle,Dark - Lighted,Clear,Unknown,Unknown,Unknown EMS Scene Arrival Hour,Unknown EMS Scene Arrival Minutes,Unknown,Unknown EMS Hospital Arrival Time,2,Dark - Lighted,Clear,2,1,"['Front_Passenger', 'Rear_Seat']","['None_Used', 'None_Used']",1,1,Valid,0.0,0.0,85.0,85.0,['Female'],0,0,2,1,3,Dry,Curve,Level,Lowest,No
34255,48,Texas,483359,0,1,1,0,1,NOT APPLICABLE,November,10,Friday,13,50,Rural,Low Speed (Local),No,33.36386389,-96.69374722,Non-Intersection,Daylight,Cloudy,Unknown,Unknown if Notified,Unknown EMS Scene Arrival Hour,Unknown if Arrived,Not Applicable (Not Transported),Not Applicable (Not Transported),1,Daylight,Reduced Visibility,1,0,['Driver'],['None_Used'],0,0,Invalid,0.0,0.0,27.0,27.0,['Male'],0,0,4,1,3,Dry,Straight,Grade/Hillcrest,Lowest,No
34256,48,Texas,483360,0,2,2,0,8,NOT APPLICABLE,November,8,Wednesday,6,39,Rural,High Speed (Arterial),No,28.94856944,-99.67271389,Non-Intersection,Dawn,"Fog, Smog, Smoke",Unknown,Unknown if Notified,Unknown EMS Scene Arrival Hour,Unknown if Arrived,Not Applicable (Not Transported),Not Applicable (Not Transported),8,Twilight,Reduced Visibility,8,0,"['Driver', 'Front_Passenger', 'Front_Passenger', 'Front_Passenger', 'Front_Passenger', 'Front_Passenger', 'Driver', 'Front_Passenger']","['None_Used', 'None_Used', 'None_Used', 'None_Used', 'None_Used', 'None_Used', 'Shoulder_Lapbelt', 'Shoulder_Lapbelt']",0,0,Invalid,0.0,0.0,67.0,17.0,"['Male', 'Male']",6,0,3,1,5,Dry,Curve,Level,Lowest,Yes
34257,48,Texas,483361,1,1,1,0,1,HOUSTON,November,6,Monday,3,30,Urban,High Speed (Arterial),Yes,29.81400556,-95.35686111,Non-Intersection,Dark - Lighted,Clear,Unknown,Unknown if Notified,Unknown EMS Scene Arrival Hour,Unknown if Arrived,Not Applicable (Not Transported),Not Applicable (Not Transported),1,Dark - Lighted,Clear,0,1,[],[],0,0,Valid,0.0,0.0,31.0,31.0,['Male'],0,0,3,1,4,Dry,Straight,Level,Lowest,No
34258,48,Texas,483362,0,9,9,0,9,NOT APPLICABLE,November,8,Wednesday,17,29,Urban,High Speed (Arterial),Yes,31.81948611,-106.27240278,Non-Intersection,Daylight,Clear,Unknown,Unknown,Unknown EMS Scene Arrival Hour,Unknown EMS Scene Arrival Minutes,Unknown,Unknown EMS Hospital Arrival Time,1,Daylight,Clear,1,8,['Driver'],['Shoulder_Lapbelt'],0,0,Valid,1.0,4.0,56.0,28.0,"['Male', 'Male', 'Male', 'Male', 'Male', 'Male', 'Male', 'Female', 'Male']",1,0,4,2,5,Dry,Straight,Level,Lowest,No
34259,48,Texas,483363,2,3,1,2,1,NEW WAVERLY,September,30,Saturday,6,33,Rural,High Speed (Arterial),Yes,30.53773889,-95.495225,Non-Intersection,Dark - Not Lighted,Clear,Unknown,Unknown,Unknown EMS Scene Arrival Hour,Unknown EMS Scene Arrival Minutes,Unknown,Unknown EMS Hospital Arrival Time,1,Dark - Unlighted,Clear,0,1,[],[],1,1,Valid,0.0,0.0,22.0,22.0,['Male'],0,0,3,1,5,Dry,Straight,Grade/Hillcrest,Lowest,No
34260,48,Texas,483364,0,1,1,0,1,NOT APPLICABLE,August,25,Friday,0,50,Rural,High Speed (Arterial),Yes,30.88831389,-102.709225,Non-Intersection,Dark - Not Lighted,Clear,Unknown,Unknown,Unknown EMS Scene Arrival Hour,Unknown EMS Scene Arrival Minutes,Unknown,Unknown EMS Hospital Arrival Time,1,Dark - Unlighted,Clear,1,0,['Driver'],['None_Used'],0,0,Valid,0.0,1.0,33.0,33.0,['Male'],0,0,2,1,3,Dry,Curve,Level,Lowest,No
34261,48,Texas,483365,1,2,1,1,2,NOT APPLICABLE,October,26,Thursday,20,48,Rural,Medium Speed (Collector),No,31.88536389,-94.38312778,Non-Intersection,Dark - Not Lighted,Rain,Unknown,Unknown if Notified,Unknown EMS Scene Arrival Hour,Unknown if Arrived,Not Applicable (Not Transported),Not Applicable (Not Transported),1,Dark - Unlighted,Rain/Wind/Minor,1,1,['Driver'],['None_Used'],0,0,Invalid,0.0,0.0,29.0,29.0,['Female'],0,0,1,1,2,Wet/Standing Water,Straight,Grade/Hillcrest,Lowest,No
34262,48,Texas,483366,1,1,1,0,1,AMARILLO,November,7,Tuesday,18,45,Urban,Medium Speed (Collector),No,35.19064167,-101.79538056,Non-Intersection,Dark - Lighted,Clear,Unknown,Unknown,Unknown EMS Scene Arrival Hour,Unknown EMS Scene Arrival Minutes,Unknown,Unknown EMS Hospital Arrival Time,1,Dark - Lighted,Clear,0,1,[],[],0,0,Valid,0.0,0.0,70.0,70.0,['Female'],0,0,2,2,4,Dry,Straight,Level,Lowest,No
34263,48,Texas,483367,0,1,1,0,1,NOT APPLICABLE,November,8,Wednesday,22,56,Rural,High Speed (Arterial),Yes,30.52476667,-94.97964167,Non-Intersection,Dark - Not Lighted,Cloudy,Unknown,Unknown if Notified,Unknown EMS Scene Arrival Hour,Unknown if Arrived,Not Applicable (Not Transported),Not Applicable (Not Transported),1,Dark - Unlighted,Reduced Visibility,1,0,['Driver'],['None_Used'],1,1,Valid,0.0,0.0,35.0,35.0,['Male'],0,0,3,1,3,Dry,Straight,Level,Lowest,No
34264,48,Texas,483368,0,1,1,0,1,NOT APPLICABLE,November,12,Sunday,22,14,Urban,Medium Speed (Collector),No,29.6347,-95.714175,Non-Intersection,Dark - Lighted,Rain,Unknown,Unknown,Unknown EMS Scene Arrival Hour,Unknown EMS Scene Arrival Minutes,Unknown,Unknown EMS Hospital Arrival Time,1,Dark - Lighted,Rain/Wind/Minor,1,0,['Driver'],['None_Used'],0,0,Valid,0.0,0.0,22.0,22.0,['Male'],1,0,3,1,3,Wet/Standing Water,Curve,Level,Lowest,No
34265,48,Texas,483369,0,1,1,0,1,NOT APPLICABLE,November,9,Thursday,17,34,Rural,Medium Speed (Collector),No,33.57428333,-96.06388889,Non-Intersection,Dark - Not Lighted,Rain,Unknown,Unknown,Unknown EMS Scene Arrival Hour,Unknown EMS Scene Arrival Minutes,Not Applicable (Not Transported),Not Applicable (Not Transported),1,Dark - Unlighted,Rain/Wind/Minor,1,0,['Driver'],['Shoulder_Lapbelt'],0,0,Valid,0.0,0.0,74.0,74.0,['Male'],1,0,3,4,3,Wet/Standing Water,Straight,Grade/Hillcrest,Lowest,Yes
34266,48,Texas,483370,0,2,2,0,3,NOT APPLICABLE,November,8,Wednesday,21,13,Rural,High Speed (Arterial),Yes,31.76743056,-102.51725833,Simple Junction,Dark - Not Lighted,Clear,Unknown,Unknown,Unknown EMS Scene Arrival Hour,Unknown EMS Scene Arrival Minutes,Unknown,Unknown EMS Hospital Arrival Time,2,Dark - Unlighted,Clear,2,1,"['Driver', 'Front_Passenger']","['Shoulder_Lapbelt', 'None_Used']",1,1,Invalid,0.0,0.0,69.0,35.0,"['Male', 'Male']",0,0,4,1,5,Dry,Curve,Level,Lowest,No
34267,48,Texas,483371,1,1,1,0,1,EL PASO,November,17,Friday,4,25,Urban,High Speed (Arterial),Yes,31.77698333,-106.471225,Non-Intersection,Dark - Lighted,Clear,Unknown,Unknown,Unknown EMS Scene Arrival Hour,Unknown EMS Scene Arrival Minutes,Unknown,Unknown EMS Hospital Arrival Time,1,Dark - Lighted,Clear,0,1,[],[],0,0,Invalid,0.0,0.0,45.0,45.0,['Male'],0,0,3,1,4,Dry,Straight,Level,Lowest,No
34268,48,Texas,483372,0,2,2,0,2,EL PASO,November,17,Friday,23,27,Urban,High Speed (Arterial),Yes,31.77100278,-106.42511944,Complex/Circle,Dark - Lighted,Clear,Unknown,Unknown if Notified,Unknown EMS Scene Arrival Hour,Unknown if Arrived,Not Applicable (Not Transported),Not Applicable (Not Transported),1,Dark - Lighted,Clear,1,1,['Driver'],['None_Used'],1,1,Valid,0.0,0.0,46.0,28.0,"['Male', 'Male']",0,0,5,4,5,Dry,Straight,Level,Lowest,No
34269,48,Texas,483374,0,2,2,0,2,NOT APPLICABLE,November,14,Tuesday,20,42,Rural,Medium Speed (Collector),No,29.97605556,-94.73495833,Non-Intersection,Dark - Lighted,Cloudy,Unknown,Unknown if Notified,Unknown EMS Scene Arrival Hour,Unknown if Arrived,Not Applicable (Not Transported),Not Applicable (Not Transported),1,Dark - Lighted,Reduced Visibility,1,1,['Driver'],['Shoulder_Lapbelt'],1,1,Valid,0.0,0.0,75.0,25.0,"['Male', 'Male']",0,0,3,1,5,Dry,Straight,Level,Lowest,No
34270,48,Texas,483375,0,2,2,0,2,BAYTOWN,November,4,Saturday,14,12,Urban,Medium Speed (Collector),No,29.79714722,-95.03203333,Complex/Circle,Daylight,Clear,Unknown,Unknown if Notified,Unknown EMS Scene Arrival Hour,Unknown if Arrived,Not Applicable (Not Transported),Not Applicable (Not Transported),1,Daylight,Clear,1,1,['Driver'],['None_Used'],1,1,Invalid,1.0,0.0,35.0,29.0,"['Male', 'Female']",0,0,5,2,5,Dry,Straight,Level,Lowest,No
34271,48,Texas,483376,1,1,1,0,1,LONGVIEW,November,10,Friday,22,44,Urban,Medium Speed (Collector),No,32.51513333,-94.79857222,Non-Intersection,Dark - Lighted,Clear,Unknown,Unknown,Unknown EMS Scene Arrival Hour,Unknown EMS Scene Arrival Minutes,Unknown,Unknown EMS Hospital Arrival Time,1,Dark - Lighted,Clear,0,1,[],[],1,1,Valid,0.0,0.0,50.0,50.0,['Female'],0,0,3,2,4,Dry,Straight,Level,Lowest,No