,State_Code,State_Name,Crash_ID,Count_Non_Motorists,Count_Vehicles_Total,Count_Vehicle_Forms,Count_PVH_Involved,Count_Occupants_MV,City_Name,Month_Name,Day_of_Month,Day_of_Week,Crash_Hour,Crash_Minute,Area_Rural_Urban,Road_Functional_Class,On_NHS_Road,Latitude,Longitude,Intersection_Type,Light_Condition,Weather_Condition,Notif_Hour,Notif_Minute,Arrival_Hour,Arrival_Minute,Hospital_Hour,Hospital_Minute,Fatalities_Count,Clean_Light_Condition,Clean_Weather_Condition,Total_Killed,Total_Alive,Fatal_Seats_List,Killed_Restraint_List,Any_Driver_Drinking,Total_Drinking_Drivers,Driver_License_Category,Driver_Max_Prev_Accident_Count,Driver_Max_Prev_Speeding_Count,Max_Driver_Age,Min_Driver_Age,Driver_Sex_List,Total_Exceeding_Limit_Vehicles,Total_Too_Fast_Vehicles,Max_Vehicle_Type_Severity_5,Max_Vehicle_Damage_Rank,Max_Harmful_Event_Severity,Crash_Road_Surface_Condition,Crash_Horizontal_Alignment,Crash_Vertical_Profile,Crash_Impairment_Category,Crash_Vehicle_Defect
34272,48,Texas,483377,0,2,2,0,2,LEANDER,November,18,Saturday,14,15,Urban,High Speed (Arterial),Yes,30.60911389,-97.86048889,Non-Intersection,Daylight,Clear,Unknown,Unknown if Notified,Unknown EMS Scene Arrival Hour,Unknown if Arrived,Not Applicable (Not Transported),Not Applicable (Not Transported),1,Daylight,Clear,1,1,['Driver'],['None_Used'],0,0,Valid,0.0,1.0,58.0,29.0,"['Male', 'Male']",1,0,5,2,5,Dry,Straight,Level,Lowest,No
34273,48,Texas,483378,0,2,2,0,3,MESQUITE,November,16,Thursday,23,41,Urban,High Speed (Arterial),Yes,32.79305833,-96.65531111,Non-Intersection,Dark - Lighted,Clear,Unknown,Unknown,Unknown EMS Scene Arrival Hour,Unknown EMS Scene Arrival Minutes,Unknown,Unknown EMS Hospital Arrival Time,1,Dark - Lighted,Clear,1,2,['Driver'],['None_Used'],1,1,Valid,1.0,1.0,42.0,28.0,"['Male', 'Female']",0,0,5,2,2,Dry,Straight,Level,Lowest,No
34274,48,Texas,483379,0,2,2,0,2,NOT APPLICABLE,November,9,Thursday,0,5,Rural,High Speed (Arterial),Yes,30.28255556,-99.51080833,Non-Intersection,Dark - Not Lighted,Clear,Unknown,Unknown if Notified,Unknown EMS Scene Arrival Hour,Unknown if Arrived,Not Applicable (Not Transported),Not Applicable (Not Transported),1,Dark - Unlighted,Clear,1,1,['Driver'],['Shoulder_Lapbelt'],0,0,Valid,0.0,1.0,40.0,20.0,"['Male', 'Male']",1,0,4,4,5,Dry,Curve,Grade/Hillcrest,Lowest,No
34275,48,Texas,483380,0,2,2,0,5,LA PORTE,October,17,Tuesday,15,3,Urban,Medium Speed (Collector),No,29.65193333,-95.07371667,Simple Junction,Daylight,Clear,Unknown,Unknown,Unknown EMS Scene Arrival Hour,Unknown EMS Scene Arrival Minutes,Unknown,Unknown EMS Hospital Arrival Time,1,Daylight,Clear,1,4,['Rear_Seat'],['Shoulder_Lapbelt'],0,0,Invalid,0.0,1.0,72.0,50.0,"['Female', 'Male']",0,0,3,1,5,Dry,Curve,Level,Lowest,No
34276,48,Texas,483381,0,2,2,0,2,LA PORTE,November,13,Monday,21,55,Urban,High Speed (Arterial),Yes,29.664925,-95.05157778,Non-Intersection,Dark - Lighted,Cloudy,Unknown,Unknown,Unknown EMS Scene Arrival Hour,Unknown EMS Scene Arrival Minutes,Not Applicable (Not Transported),Not Applicable (Not Transported),2,Dark - Lighted,Reduced Visibility,2,0,"['Driver', 'Driver']","['None_Used', 'None_Used']",1,1,Valid,0.0,0.0,24.0,20.0,"['Female', 'Male']",0,0,3,1,5,Dry,Straight,Level,Lowest,No
34277,48,Texas,483382,0,2,2,0,2,Other,November,17,Friday,13,3,Urban,High Speed (Arterial),Yes,29.78523333,-94.91193889,Non-Intersection,Daylight,Clear,Unknown,Unknown,Unknown EMS Scene Arrival Hour,Unknown EMS Scene Arrival Minutes,Unknown,Unknown EMS Hospital Arrival Time,1,Daylight,Clear,1,1,['Driver'],['Shoulder_Lapbelt'],1,1,Valid,0.0,2.0,58.0,31.0,"['Male', 'Male']",0,0,3,1,5,Dry,Straight,Level,Lowest,No
34278,48,Texas,483383,0,2,2,0,2,NOT APPLICABLE,November,15,Wednesday,16,16,Urban,High Speed (Arterial),Yes,32.62216389,-97.52675,Simple Junction,Daylight,Clear,Unknown,Unknown,Unknown EMS Scene Arrival Hour,Unknown EMS Scene Arrival Minutes,Unknown,Unknown EMS Hospital Arrival Time,1,Daylight,Clear,1,1,['Driver'],['Shoulder_Lapbelt'],0,0,Valid,0.0,0.0,84.0,40.0,"['Male', 'Female']",0,0,3,2,5,Dry,Straight,Level,Lowest,No
34279,48,Texas,483384,0,1,1,0,1,NOT APPLICABLE,November,20,Monday,0,33,Rural,High Speed (Arterial),No,31.95955556,-95.52925556,Non-Intersection,Dark - Not Lighted,Cloudy,Unknown,Unknown if Notified,Unknown EMS Scene Arrival Hour,Unknown if Arrived,Not Applicable (Not Transported),Not Applicable (Not Transported),1,Dark - Unlighted,Reduced Visibility,1,0,['Driver'],['Shoulder_Lapbelt'],0,0,Valid,1.0,0.0,56.0,56.0,['Male'],0,0,3,1,3,Dry,Curve,Grade/Hillcrest,Lowest,No
34280,48,Texas,483385,1,1,1,0,1,EDINBURG,November,11,Saturday,19,20,Urban,High Speed (Arterial),Yes,26.29849444,-98.14249722,Non-Intersection,Dark - Lighted,Cloudy,Unknown,Unknown,Unknown EMS Scene Arrival Hour,Unknown EMS Scene Arrival Minutes,Unknown,Unknown EMS Hospital Arrival Time,1,Dark - Lighted,Reduced Visibility,0,1,[],[],0,0,Valid,0.0,0.0,52.0,52.0,['Female'],0,0,3,2,4,Dry,Straight,Level,Lowest,No
34281,48,Texas,483386,0,2,2,0,7,KEMP,November,15,Wednesday,17,50,Rural,High Speed (Arterial),Yes,32.45537778,-96.23527778,Complex/Circle,Dusk,Clear,Unknown,Unknown,Unknown EMS Scene Arrival Hour,Unknown EMS Scene Arrival Minutes,Unknown,Unknown EMS Hospital Arrival Time,1,Twilight,Clear,1,6,['Driver'],['None_Used'],0,0,Invalid,0.0,0.0,39.0,17.0,"['Male', 'Female']",4,0,3,4,5,Dry,Curve,Level,Lowest,No
34282,48,Texas,483387,1,1,1,0,1,HEMPSTEAD,October,23,Monday,11,55,Rural,Medium Speed (Collector),No,30.10890556,-96.03876111,Non-Intersection,Daylight,Clear,Unknown,Unknown if Notified,Unknown EMS Scene Arrival Hour,Unknown if Arrived,Not Applicable (Not Transported),Not Applicable (Not Transported),1,Daylight,Clear,0,1,[],[],0,0,Invalid,0.0,1.0,49.0,49.0,['Male'],0,0,3,1,4,Dry,Straight,Level,Lowest,No
34283,48,Texas,483388,4,1,1,0,2,HOUSTON,November,5,Sunday,1,10,Urban,High Speed (Arterial),Yes,29.77074167,-95.18785556,Non-Intersection,Dark - Lighted,Clear,Unknown,Unknown,Unknown EMS Scene Arrival Hour,Unknown EMS Scene Arrival Minutes,Unknown,Unknown EMS Hospital Arrival Time,2,Dark - Lighted,Clear,0,2,[],[],0,0,Invalid,0.0,0.0,999.0,999.0,['Other'],0,0,3,1,4,Dry,Straight,Grade/Hillcrest,Lowest,No
34284,48,Texas,483389,1,2,2,0,7,HOUSTON,November,11,Saturday,2,2,Urban,High Speed (Arterial),No,29.74901944,-95.36999722,Complex/Circle,Dark - Lighted,Clear,Unknown,Unknown,Unknown EMS Scene Arrival Hour,Unknown EMS Scene Arrival Minutes,Unknown,Unknown EMS Hospital Arrival Time,6,Dark - Lighted,Clear,5,2,"['Driver', 'Driver', 'Front_Passenger', 'Rear_Seat', 'Rear_Seat']","['None_Used', 'Shoulder_Lapbelt', 'Shoulder_Lapbelt', 'None_Used', 'None_Used']",1,2,Valid,1.0,1.0,32.0,25.0,"['Male', 'Female']",1,0,3,1,5,Dry,Straight,Grade/Hillcrest,Lowest,No
34285,48,Texas,483390,0,2,2,0,2,NOT APPLICABLE,November,11,Saturday,20,15,Rural,Medium Speed (Collector),No,30.95832778,-99.71266944,Non-Intersection,Dark - Not Lighted,Cloudy,Unknown,Unknown if Notified,Unknown EMS Scene Arrival Hour,Unknown if Arrived,Not Applicable (Not Transported),Not Applicable (Not Transported),1,Dark - Unlighted,Reduced Visibility,1,1,['Driver'],['Shoulder_Lapbelt'],0,0,Valid,0.0,1.0,73.0,30.0,"['Female', 'Male']",0,0,4,4,5,Dry,Straight,Level,Lowest,No
34286,48,Texas,483391,0,1,1,0,2,NOT APPLICABLE,November,1,Wednesday,20,27,Rural,Medium Speed (Collector),No,27.365725,-98.191525,Non-Intersection,Dark - Not Lighted,Cloudy,Unknown,Unknown if Notified,Unknown EMS Scene Arrival Hour,Unknown if Arrived,Not Applicable (Not Transported),Not Applicable (Not Transported),1,Dark - Unlighted,Reduced Visibility,1,0,['Front_Passenger'],['Shoulder_Lapbelt'],0,0,Invalid,0.0,0.0,37.0,37.0,['Male'],0,0,3,1,3,Dry,Straight,Level,Lowest,No
34287,48,Texas,483392,0,1,1,0,3,BAYTOWN,November,17,Friday,6,9,Urban,Medium Speed (Collector),No,29.82086667,-94.91506667,Non-Intersection,Dark - Not Lighted,Clear,Unknown,Unknown,Unknown EMS Scene Arrival Hour,Unknown EMS Scene Arrival Minutes,Unknown,Unknown EMS Hospital Arrival Time,1,Dark - Unlighted,Clear,1,2,['Rear_Seat'],['None_Used'],0,0,Valid,0.0,0.0,77.0,77.0,['Male'],3,0,3,1,3,Dry,Curve,Level,Lowest,No
34288,48,Texas,483393,0,7,7,0,9,MESQUITE,November,13,Monday,12,35,Urban,High Speed (Arterial),Yes,32.81575278,-96.64294444,Non-Intersection,Daylight,Cloudy,Unknown,Unknown,Unknown EMS Scene Arrival Hour,Unknown EMS Scene Arrival Minutes,Unknown,Unknown EMS Hospital Arrival Time,1,Daylight,Reduced Visibility,1,8,['Driver'],['Shoulder_Lapbelt'],0,0,Valid,1.0,0.0,74.0,24.0,"['Male', 'Female', 'Male', 'Male', 'Female', 'Female', 'Male']",0,0,4,4,5,Dry,Curve,Level,Lowest,No
34289,48,Texas,483394,0,2,2,0,2,ODESSA,November,16,Thursday,19,11,Urban,High Speed (Arterial),Yes,31.89320556,-102.38827778,Non-Intersection,Daylight,Clear,Unknown,Unknown,Unknown EMS Scene Arrival Hour,Unknown EMS Scene Arrival Minutes,Unknown,Unknown EMS Hospital Arrival Time,1,Daylight,Clear,1,1,['Driver'],['None_Used'],1,1,Valid,1.0,2.0,66.0,22.0,"['Male', 'Male']",1,0,3,1,5,Dry,Straight,Level,Lowest,No
34290,48,Texas,483395,0,4,4,0,10,NOT APPLICABLE,November,9,Thursday,21,10,Rural,Medium Speed (Collector),No,32.14291111,-101.49764722,Non-Intersection,Dark - Not Lighted,Rain,10:00pm-10:59pm,31,10:00pm-10:59pm,41,11:00pm-11:59pm,15,1,Dark - Unlighted,Rain/Wind/Minor,1,9,['Driver'],['Shoulder_Lapbelt'],0,0,Invalid,0.0,1.0,54.0,21.0,"['Male', 'Male', 'Male', 'Female']",0,0,4,4,5,Wet/Standing Water,Straight,Level,Lowest,No
34291,48,Texas,483396,1,1,1,0,1,DALLAS,October,21,Saturday,1,47,Urban,Medium Speed (Collector),No,32.81941944,-96.68121111,Non-Intersection,Dark - Lighted,Clear,Unknown,Unknown,Unknown EMS Scene Arrival Hour,Unknown EMS Scene Arrival Minutes,Not Applicable (Not Transported),Not Applicable (Not Transported),1,Dark - Lighted,Clear,0,1,[],[],1,1,Valid,1.0,1.0,21.0,21.0,['Male'],0,0,2,1,4,Dry,Curve,Level,Lowest,No
34292,48,Texas,483397,0,1,1,0,3,FORT WORTH,November,19,Sunday,20,36,Urban,Low Speed (Local),No,32.72131389,-97.31575,Non-Intersection,Dark - Not Lighted,Cloudy,Unknown,Unknown,Unknown EMS Scene Arrival Hour,Unknown EMS Scene Arrival Minutes,Unknown,Unknown EMS Hospital Arrival Time,1,Dark - Unlighted,Reduced Visibility,1,2,['Front_Passenger'],['None_Used'],0,0,Invalid,0.0,0.0,32.0,32.0,['Male'],3,0,3,1,3,Dry,Straight,Level,Lowest,No
34293,48,Texas,483398,1,1,1,0,1,HOUSTON,October,29,Sunday,22,20,Urban,Medium Speed (Collector),No,29.73542222,-95.48403333,Non-Intersection,Dark - Lighted,Clear,Unknown,Unknown if Notified,Unknown EMS Scene Arrival Hour,Unknown if Arrived,Not Applicable (Not Transported),Not Applicable (Not Transported),1,Dark - Lighted,Clear,0,1,[],[],0,0,Valid,0.0,0.0,45.0,45.0,['Male'],0,0,2,2,4,Dry,Straight,Level,Lowest,No
34294,48,Texas,483400,0,3,3,0,4,NOT APPLICABLE,November,5,Sunday,5,33,Rural,Medium Speed (Collector),No,30.13024167,-97.64388056,Non-Intersection,Dark - Not Lighted,"Fog, Smog, Smoke",5:00am-5:59am,35,5:00am-5:59am,44,6:00am-6:59am,39,1,Dark - Unlighted,Reduced Visibility,1,3,['Driver'],['Shoulder_Lapbelt'],1,1,Valid,0.0,1.0,39.0,20.0,"['Male', 'Female', 'Male']",0,0,3,2,5,Wet/Standing Water,Curve,Level,Lowest,No
34295,48,Texas,483401,0,4,4,0,6,NOT APPLICABLE,November,12,Sunday,8,14,Rural,High Speed (Arterial),Yes,35.22702778,-100.19005833,Non-Intersection,Daylight,"Fog, Smog, Smoke",Unknown,Unknown,Unknown EMS Scene Arrival Hour,Unknown EMS Scene Arrival Minutes,Unknown,Unknown EMS Hospital Arrival Time,1,Daylight,Reduced Visibility,1,5,['Driver'],['Shoulder_Lapbelt'],0,0,Invalid,1.0,1.0,59.0,26.0,"['Male', 'Male', 'Male', 'Male']",2,0,4,1,5,Dry,Straight,Level,Lowest,No
34296,48,Texas,483402,1,1,1,0,1,HARLINGEN,November,18,Saturday,4,23,Urban,High Speed (Arterial),Yes,26.17251944,-97.67389444,Non-Intersection,Dark - Lighted,"Fog, Smog, Smoke",Unknown,Unknown,Unknown EMS Scene Arrival Hour,Unknown EMS Scene Arrival Minutes,Unknown,Unknown EMS Hospital Arrival Time,1,Dark - Lighted,Reduced Visibility,0,1,[],[],0,0,Valid,0.0,0.0,65.0,65.0,['Male'],0,0,3,2,4,Dry,Straight,Level,Lowest,No
34297,48,Texas,483403,0,2,2,0,2,NOT APPLICABLE,November,5,Sunday,21,36,Rural,Medium Speed (Collector),No,31.88765833,-102.04712222,Complex/Circle,Dark - Lighted,Clear,9:00pm-9:59pm,29,9:00pm-9:59pm,39,10:00pm-10:59pm,42,1,Dark - Lighted,Clear,1,1,['Driver'],['Shoulder_Lapbelt'],0,0,Valid,0.0,1.0,38.0,21.0,"['Male', 'Male']",0,0,3,2,5,Dry,Straight,Level,Lowest,No
34298,48,Texas,483404,1,1,1,0,2,TEMPLE,November,14,Tuesday,2,29,Urban,High Speed (Arterial),Yes,31.11842778,-97.35358056,Non-Intersection,Dark - Not Lighted,Clear,Unknown,Unknown if Notified,Unknown EMS Scene Arrival Hour,Unknown if Arrived,Not Applicable (Not Transported),Not Applicable (Not Transported),1,Dark - Unlighted,Clear,0,2,[],[],0,0,Valid,0.0,0.0,61.0,61.0,['Male'],0,0,3,2,4,Dry,Straight,Level,Lowest,No
34299,48,Texas,483405,0,3,3,0,3,WHARTON,August,11,Friday,17,24,Urban,Medium Speed (Collector),No,29.32430833,-96.09115,Non-Intersection,Daylight,Clear,Unknown,Unknown,Unknown EMS Scene Arrival Hour,Unknown EMS Scene Arrival Minutes,Unknown,Unknown EMS Hospital Arrival Time,1,Daylight,Clear,1,2,['Driver'],['None_Used'],0,0,Valid,1.0,0.0,86.0,66.0,"['Female', 'Male', 'Male']",1,0,3,1,5,Dry,Straight,Level,Lowest,No
34300,48,Texas,483406,0,1,1,0,1,EL PASO,November,5,Sunday,3,43,Urban,High Speed (Arterial),Yes,31.77949167,-106.51742222,Non-Intersection,Dark - Lighted,Clear,Unknown,Unknown,Unknown EMS Scene Arrival Hour,Unknown EMS Scene Arrival Minutes,Unknown,Unknown EMS Hospital Arrival Time,1,Dark - Lighted,Clear,1,0,['Driver'],['Shoulder_Lapbelt'],0,0,Invalid,1.0,0.0,69.0,69.0,['Male'],0,0,3,1,2,Dry,Straight,Level,Lowest,No
34301,48,Texas,483407,0,2,2,0,2,IRVING,November,8,Wednesday,20,26,Urban,Medium Speed (Collector),No,32.83628889,-96.95923611,Complex/Circle,Dark - Lighted,Clear,Unknown,Unknown,Unknown EMS Scene Arrival Hour,Unknown EMS Scene Arrival Minutes,Unknown,Unknown EMS Hospital Arrival Time,1,Dark - Lighted,Clear,1,1,['Driver'],['Shoulder_Lapbelt'],0,0,Valid,0.0,0.0,56.0,28.0,"['Female', 'Male']",0,0,3,1,5,Dry,Straight,Level,Lowest,No
34302,48,Texas,483408,0,2,2,0,6,WILLOW PARK,November,18,Saturday,4,36,Urban,High Speed (Arterial),Yes,32.74948889,-97.67867778,Non-Intersection,Dark - Not Lighted,Cloudy,Unknown,Unknown,Unknown EMS Scene Arrival Hour,Unknown EMS Scene Arrival Minutes,Unknown,Unknown EMS Hospital Arrival Time,1,Dark - Unlighted,Reduced Visibility,1,5,['Front_Passenger'],['Shoulder_Lapbelt'],0,0,Valid,0.0,2.0,28.0,21.0,"['Female', 'Male']",3,0,3,1,5,Wet/Standing Water,Straight,Level,Lowest,No
34303,48,Texas,483409,1,1,1,0,1,PORT ARTHUR,November,20,Monday,17,48,Urban,Medium Speed (Collector),No,29.90690833,-93.90208333,Non-Intersection,Dark - Lighted,Clear,Unknown,Unknown,Unknown EMS Scene Arrival Hour,Unknown EMS Scene Arrival Minutes,Unknown,Unknown EMS Hospital Arrival Time,1,Dark - Lighted,Clear,0,1,[],[],0,0,Valid,0.0,0.0,41.0,41.0,['Male'],0,0,3,2,4,Dry,Straight,Level,Lowest,No
34304,48,Texas,483410,0,3,3,0,6,LEAGUE CITY,November,18,Saturday,20,55,Urban,High Speed (Arterial),Yes,29.48042778,-95.0699,Complex/Circle,Dark - Not Lighted,Clear,Unknown,Unknown,Unknown EMS Scene Arrival Hour,Unknown EMS Scene Arrival Minutes,Unknown,Unknown EMS Hospital Arrival Time,1,Dark - Unlighted,Clear,1,5,['Driver'],['None_Used'],0,0,Valid,1.0,1.0,29.0,19.0,"['Female', 'Male', 'Male']",0,0,5,1,5,Dry,Straight,Level,Lowest,No
34305,48,Texas,483411,0,1,1,0,1,LEAGUE CITY,November,19,Sunday,3,43,Urban,Low Speed (Local),No,29.50053889,-95.04794167,Complex/Circle,Dark - Lighted,"Fog, Smog, Smoke",Unknown,Unknown if Notified,Unknown EMS Scene Arrival Hour,Unknown if Arrived,Not Applicable (Not Transported),Not Applicable (Not Transported),1,Dark - Lighted,Reduced Visibility,1,0,['Driver'],['None_Used'],1,1,Invalid,0.0,2.0,21.0,21.0,['Male'],1,0,2,1,3,Dry,Curve,Level,Lowest,No
34306,48,Texas,483412,1,1,1,0,1,NOT APPLICABLE,November,15,Wednesday,6,18,Urban,Low Speed (Local),No,29.77587222,-95.16960556,Non-Intersection,Dark - Not Lighted,Clear,Unknown,Unknown if Notified,Unknown EMS Scene Arrival Hour,Unknown if Arrived,Not Applicable (Not Transported),Not Applicable (Not Transported),1,Dark - Unlighted,Clear,0,0,[],[],0,0,Invalid,0.0,0.0,999.0,999.0,['Other'],0,0,3,0,4,Dry,Straight,Level,Lowest,No
34307,48,Texas,483413,0,3,3,0,4,NOT APPLICABLE,November,19,Sunday,13,59,Urban,High Speed (Arterial),Yes,29.578625,-95.88860556,Simple Junction,Daylight,Cloudy,1:00pm-1:59pm,59,2:00pm-2:59pm,27,3:00pm-3:59pm,1,1,Daylight,Reduced Visibility,1,2,['Front_Passenger'],['Shoulder_Lapbelt'],0,0,Invalid,0.0,0.0,67.0,49.0,"['Female', 'Male', 'Male']",0,0,4,2,5,Dry,Straight,Level,Lowest,No
34308,48,Texas,483414,0,1,1,0,2,NOT APPLICABLE,November,15,Wednesday,22,14,Rural,High Speed (Arterial),Yes,35.03270556,-101.13704722,Non-Intersection,Dark - Not Lighted,Clear,Unknown,Unknown,Unknown EMS Scene Arrival Hour,Unknown EMS Scene Arrival Minutes,Unknown,Unknown EMS Hospital Arrival Time,1,Dark - Unlighted,Clear,1,1,['Driver'],['Shoulder_Lapbelt'],1,1,Invalid,0.0,0.0,77.0,77.0,['Male'],0,0,2,1,3,Dry,Straight,Level,Lowest,No
34309,48,Texas,483415,1,1,1,0,1,DEER PARK,November,14,Tuesday,15,25,Urban,Medium Speed (Collector),No,29.69204444,-95.13468889,Non-Intersection,Daylight,Cloudy,Unknown,Unknown,Unknown EMS Scene Arrival Hour,Unknown EMS Scene Arrival Minutes,Unknown,Unknown EMS Hospital Arrival Time,1,Daylight,Reduced Visibility,0,1,[],[],1,1,Valid,0.0,0.0,55.0,55.0,['Male'],0,0,3,2,3,Dry,Straight,Level,Lowest,No
34310,48,Texas,483416,0,2,2,0,2,NOT APPLICABLE,November,11,Saturday,18,12,Urban,Medium Speed (Collector),No,30.17311944,-95.42798056,Non-Intersection,Dark - Not Lighted,Cloudy,Unknown,Unknown,Unknown EMS Scene Arrival Hour,Unknown EMS Scene Arrival Minutes,Not Applicable (Not Transported),Not Applicable (Not Transported),1,Dark - Unlighted,Reduced Visibility,1,1,['Driver'],['None_Used'],0,0,Valid,0.0,1.0,38.0,29.0,"['Male', 'Male']",0,0,5,4,5,Dry,Straight,Level,Lowest,No
34311,48,Texas,483417,0,2,2,0,2,CLEVELAND,October,19,Thursday,8,27,Urban,High Speed (Arterial),Yes,30.31375556,-95.08892222,Non-Intersection,Daylight,Clear,Unknown,Unknown,Unknown EMS Scene Arrival Hour,Unknown EMS Scene Arrival Minutes,Unknown,Unknown EMS Hospital Arrival Time,1,Daylight,Clear,1,1,['Driver'],['Shoulder_Lapbelt'],0,0,Valid,0.0,1.0,55.0,33.0,"['Male', 'Male']",0,0,4,4,5,Dry,Straight,Grade/Hillcrest,Lowest,No
34312,48,Texas,483418,0,2,2,0,3,NOT APPLICABLE,October,21,Saturday,15,32,Urban,Medium Speed (Collector),No,30.376975,-97.58078056,Simple Junction,Daylight,Clear,Unknown,Unknown,Unknown EMS Scene Arrival Hour,Unknown EMS Scene Arrival Minutes,Unknown,Unknown EMS Hospital Arrival Time,1,Daylight,Clear,1,2,['Driver'],['Shoulder_Lapbelt'],0,0,Valid,0.0,0.0,46.0,25.0,"['Male', 'Female']",0,0,2,2,5,Dry,Straight,Level,Lowest,No
34313,48,Texas,483419,0,3,3,0,6,NOT APPLICABLE,November,4,Saturday,22,39,Urban,High Speed (Arterial),Yes,31.68561111,-97.09974444,Non-Intersection,Dark - Not Lighted,Clear,Unknown,Unknown,Unknown EMS Scene Arrival Hour,Unknown EMS Scene Arrival Minutes,Unknown,Unknown EMS Hospital Arrival Time,1,Dark - Unlighted,Clear,1,5,['Driver'],['None_Used'],0,0,Valid,1.0,0.0,55.0,37.0,"['Male', 'Female', 'Male']",0,0,4,1,5,Dry,Straight,Grade/Hillcrest,Lowest,No
34314,48,Texas,483420,0,2,2,0,3,NOT APPLICABLE,November,6,Monday,11,37,Rural,High Speed (Arterial),Yes,31.74530556,-96.1947,Non-Intersection,Daylight,Clear,Unknown,Unknown if Notified,Unknown EMS Scene Arrival Hour,Unknown if Arrived,Not Applicable (Not Transported),Not Applicable (Not Transported),1,Daylight,Clear,1,2,['Driver'],['Shoulder_Lapbelt'],0,0,Valid,0.0,2.0,68.0,54.0,"['Male', 'Male']",0,0,4,4,5,Dry,Straight,Level,Medium,No
34315,48,Texas,483421,0,1,1,0,2,NOT APPLICABLE,November,4,Saturday,16,18,Urban,High Speed (Arterial),Yes,32.59745833,-94.82859444,Non-Intersection,Daylight,Clear,Unknown,Unknown,Unknown EMS Scene Arrival Hour,Unknown EMS Scene Arrival Minutes,Unknown,Unknown EMS Hospital Arrival Time,1,Daylight,Clear,1,1,['Front_Passenger'],['None_Used'],0,0,Invalid,0.0,0.0,28.0,28.0,['Male'],0,0,2,4,3,Dry,Curve,Grade/Hillcrest,Lowest,Yes
34316,48,Texas,483422,1,1,1,0,1,DALLAS,November,7,Tuesday,18,50,Urban,High Speed (Arterial),Yes,32.69574722,-96.76888333,Non-Intersection,Dark - Lighted,Clear,Unknown,Unknown,Unknown EMS Scene Arrival Hour,Unknown EMS Scene Arrival Minutes,Unknown,Unknown EMS Hospital Arrival Time,1,Dark - Lighted,Clear,0,1,[],[],0,0,Valid,0.0,0.0,38.0,38.0,['Female'],0,0,3,2,4,Dry,Straight,Level,Lowest,No
34317,48,Texas,483423,0,2,2,0,2,NOT APPLICABLE,November,7,Tuesday,9,0,Rural,Medium Speed (Collector),No,31.98866667,-97.03136667,Non-Intersection,Daylight,Clear,Unknown,Unknown if Notified,Unknown EMS Scene Arrival Hour,Unknown if Arrived,Not Applicable (Not Transported),Not Applicable (Not Transported),1,Daylight,Clear,1,1,['Driver'],['Shoulder_Lapbelt'],0,0,Valid,0.0,0.0,59.0,29.0,"['Male', 'Male']",0,0,4,1,5,Dry,Straight,Level,Lowest,No
34318,48,Texas,483424,0,2,2,0,3,NOT APPLICABLE,November,10,Friday,4,45,Rural,High Speed (Arterial),Yes,27.14095,-99.42229444,Non-Intersection,Dark - Not Lighted,Rain,Unknown,Unknown,Unknown EMS Scene Arrival Hour,Unknown EMS Scene Arrival Minutes,Unknown,Unknown EMS Hospital Arrival Time,1,Dark - Unlighted,Rain/Wind/Minor,1,2,['Driver'],['Shoulder_Lapbelt'],0,0,Valid,0.0,0.0,65.0,33.0,"['Male', 'Male']",0,0,3,1,5,Wet/Standing Water,Curve,Level,Lowest,No
34319,48,Texas,483426,0,3,3,0,3,NOT APPLICABLE,November,14,Tuesday,6,5,Urban,High Speed (Arterial),Yes,31.82764722,-102.294175,Complex/Circle,Dark - Not Lighted,Rain,Unknown,Unknown if Notified,Unknown EMS Scene Arrival Hour,Unknown if Arrived,Not Applicable (Not Transported),Not Applicable (Not Transported),1,Dark - Unlighted,Rain/Wind/Minor,1,2,['Driver'],['Shoulder_Lapbelt'],0,0,Valid,0.0,1.0,64.0,43.0,"['Male', 'Male', 'Male']",0,0,4,2,5,Wet/Standing Water,Straight,Level,Lowest,No
34320,48,Texas,483427,0,3,3,0,4,NOT APPLICABLE,November,14,Tuesday,18,48,Rural,High Speed (Arterial),Yes,30.13587778,-97.45982778,Simple Junction,Dark - Not Lighted,Clear,Unknown,Unknown,Unknown EMS Scene Arrival Hour,Unknown EMS Scene Arrival Minutes,Unknown,Unknown EMS Hospital Arrival Time,1,Dark - Unlighted,Clear,1,3,['Driver'],['Shoulder_Lapbelt'],0,0,Invalid,0.0,0.0,49.0,17.0,"['Female', 'Female', 'Male']",0,0,3,4,5,Dry,Straight,Level,Lowest,No
34321,48,Texas,483428,0,3,3,0,5,NOT APPLICABLE,November,16,Thursday,8,12,Rural,High Speed (Arterial),Yes,30.08604722,-97.50867222,Non-Intersection,Daylight,Clear,Unknown,Unknown,Unknown EMS Scene Arrival Hour,Unknown EMS Scene Arrival Minutes,Unknown,Unknown EMS Hospital Arrival Time,1,Daylight,Clear,1,4,['Rear_Seat'],['Shoulder_Lapbelt'],0,0,Valid,1.0,0.0,35.0,18.0,"['Male', 'Male', 'Male']",3,0,4,3,5,Dry,Straight,Level,Lowest,No