,State_Code,State_Name,Crash_ID,Count_Non_Motorists,Count_Vehicles_Total,Count_Vehicle_Forms,Count_PVH_Involved,Count_Occupants_MV,City_Name,Month_Name,Day_of_Month,Day_of_Week,Crash_Hour,Crash_Minute,Area_Rural_Urban,Road_Functional_Class,On_NHS_Road,Latitude,Longitude,Intersection_Type,Light_Condition,Weather_Condition,Notif_Hour,Notif_Minute,Arrival_Hour,Arrival_Minute,Hospital_Hour,Hospital_Minute,Fatalities_Count,Clean_Light_Condition,Clean_Weather_Condition,Total_Killed,Total_Alive,Fatal_Seats_List,Killed_Restraint_List,Any_Driver_Drinking,Total_Drinking_Drivers,Driver_License_Category,Driver_Max_Prev_Accident_Count,Driver_Max_Prev_Speeding_Count,Max_Driver_Age,Min_Driver_Age,Driver_Sex_List,Total_Exceeding_Limit_Vehicles,Total_Too_Fast_Vehicles,Max_Vehicle_Type_Severity_5,Max_Vehicle_Damage_Rank,Max_Harmful_Event_Severity,Crash_Road_Surface_Condition,Crash_Horizontal_Alignment,Crash_Vertical_Profile,Crash_Impairment_Category,Crash_Vehicle_Defect
34322,48,Texas,483429,0,3,3,0,3,ARLINGTON,November,20,Monday,9,8,Urban,High Speed (Arterial),Yes,32.73245833,-97.16628056,Non-Intersection,Daylight,Clear,Unknown,Unknown,Unknown EMS Scene Arrival Hour,Unknown EMS Scene Arrival Minutes,Unknown,Unknown EMS Hospital Arrival Time,1,Daylight,Clear,1,2,['Driver'],['Shoulder_Lapbelt'],1,1,Valid,0.0,1.0,75.0,41.0,"['Male', 'Female', 'Male']",0,0,3,2,5,Wet/Standing Water,Curve,Grade/Hillcrest,Lowest,No
34323,48,Texas,483430,1,1,1,0,1,MCALLEN,November,21,Tuesday,6,9,Urban,High Speed (Arterial),Yes,26.20424167,-98.23464722,Non-Intersection,Dark - Not Lighted,Clear,Unknown,Unknown,Unknown EMS Scene Arrival Hour,Unknown EMS Scene Arrival Minutes,Unknown,Unknown EMS Hospital Arrival Time,1,Dark - Unlighted,Clear,0,1,[],[],0,0,Invalid,0.0,0.0,45.0,45.0,['Male'],0,0,3,2,4,Dry,Straight,Level,Lowest,No
34324,48,Texas,483431,0,2,2,0,3,NOT APPLICABLE,November,22,Wednesday,20,17,Rural,Medium Speed (Collector),No,30.900625,-98.94503889,Non-Intersection,Dark - Not Lighted,Clear,Unknown,Unknown,Unknown EMS Scene Arrival Hour,Unknown EMS Scene Arrival Minutes,Unknown,Unknown EMS Hospital Arrival Time,1,Dark - Unlighted,Clear,1,2,['Driver'],['Shoulder_Lapbelt'],0,0,Valid,1.0,0.0,27.0,19.0,"['Female', 'Male']",0,0,2,4,3,Dry,Curve,Grade/Hillcrest,Lowest,No
34325,48,Texas,483432,0,1,1,0,1,GALVESTON,November,26,Sunday,16,10,Urban,High Speed (Arterial),Yes,29.28900556,-94.83358333,Non-Intersection,Daylight,Clear,Unknown,Unknown,Unknown EMS Scene Arrival Hour,Unknown EMS Scene Arrival Minutes,Unknown,Unknown EMS Hospital Arrival Time,1,Daylight,Clear,1,0,['Driver'],['None_Used'],1,1,Valid,0.0,0.0,53.0,53.0,['Male'],1,0,2,1,3,Dry,Straight,Level,Lowest,No
34326,48,Texas,483433,0,1,1,0,1,HOUSTON,August,14,Monday,21,32,Urban,High Speed (Arterial),Yes,29.80722222,-95.33551944,Non-Intersection,Dark - Not Lighted,Clear,Unknown,Unknown,Unknown EMS Scene Arrival Hour,Unknown EMS Scene Arrival Minutes,Unknown,Unknown EMS Hospital Arrival Time,1,Dark - Unlighted,Clear,1,0,['Driver'],['None_Used'],1,1,Valid,0.0,0.0,28.0,28.0,['Male'],0,0,5,1,3,Dry,Curve,Grade/Hillcrest,Lowest,No
34327,48,Texas,483434,1,2,2,0,3,DALLAS,November,3,Friday,9,52,Urban,High Speed (Arterial),Yes,32.90914444,-96.72781667,Non-Intersection,Daylight,Clear,Unknown,Unknown,Unknown EMS Scene Arrival Hour,Unknown EMS Scene Arrival Minutes,Unknown,Unknown EMS Hospital Arrival Time,1,Daylight,Clear,0,3,[],[],0,0,Invalid,0.0,0.0,40.0,21.0,"['Female', 'Male']",0,0,3,1,5,Dry,Straight,Non-Trafficway,Lowest,No
34328,48,Texas,483435,1,1,1,0,2,SULLIVAN CITY,November,3,Friday,19,48,Urban,High Speed (Arterial),Yes,26.27511944,-98.55820278,Non-Intersection,Dark - Lighted,Clear,Unknown,Unknown if Notified,Unknown EMS Scene Arrival Hour,Unknown if Arrived,Not Applicable (Not Transported),Not Applicable (Not Transported),1,Dark - Lighted,Clear,0,2,[],[],0,0,Valid,0.0,0.0,27.0,27.0,['Female'],0,0,2,1,4,Dry,Straight,Level,Lowest,No
34329,48,Texas,483436,0,2,2,0,2,NOT APPLICABLE,November,12,Sunday,6,26,Rural,Medium Speed (Collector),No,28.45046944,-98.28658056,Non-Intersection,Dark - Not Lighted,"Fog, Smog, Smoke",Unknown,Unknown,Unknown EMS Scene Arrival Hour,Unknown EMS Scene Arrival Minutes,Unknown,Unknown EMS Hospital Arrival Time,1,Dark - Unlighted,Reduced Visibility,1,1,['Driver'],['Shoulder_Lapbelt'],1,1,Valid,0.0,0.0,52.0,19.0,"['Male', 'Male']",0,0,3,1,5,Wet/Standing Water,Straight,Level,Medium,No
34330,48,Texas,483437,0,2,2,0,3,SLATON,November,13,Monday,17,20,Urban,High Speed (Arterial),Yes,33.45313611,-101.6575,Complex/Circle,Dusk,Clear,Unknown,Unknown,Unknown EMS Scene Arrival Hour,Unknown EMS Scene Arrival Minutes,Unknown,Unknown EMS Hospital Arrival Time,1,Twilight,Clear,1,2,['Front_Passenger'],['Shoulder_Lapbelt'],0,0,Valid,0.0,0.0,86.0,18.0,"['Female', 'Male']",0,0,3,1,5,Dry,Straight,Level,Lowest,No
34331,48,Texas,483438,0,2,2,0,2,NOT APPLICABLE,November,14,Tuesday,13,0,Rural,Medium Speed (Collector),No,32.13674722,-97.46004444,Non-Intersection,Daylight,Clear,Unknown,Unknown,Unknown EMS Scene Arrival Hour,Unknown EMS Scene Arrival Minutes,Unknown,Unknown EMS Hospital Arrival Time,1,Daylight,Clear,1,1,['Driver'],['None_Used'],1,1,Valid,1.0,1.0,79.0,35.0,"['Female', 'Male']",0,0,5,2,5,Dry,Straight,Level,Lowest,No
34332,48,Texas,483439,0,1,1,0,1,NOT APPLICABLE,November,18,Saturday,0,54,Urban,Medium Speed (Collector),No,29.91575278,-95.39090278,Non-Intersection,Dark - Not Lighted,Cloudy,Unknown,Unknown if Notified,Unknown EMS Scene Arrival Hour,Unknown if Arrived,Not Applicable (Not Transported),Not Applicable (Not Transported),1,Dark - Unlighted,Reduced Visibility,1,0,['Driver'],['None_Used'],1,1,Invalid,0.0,0.0,46.0,46.0,['Male'],0,0,3,1,2,Dry,Curve,Level,Lowest,No
34333,48,Texas,483440,1,1,1,0,2,NOT APPLICABLE,November,18,Saturday,20,7,Urban,Medium Speed (Collector),No,29.80598889,-95.14219444,Non-Intersection,Dark - Not Lighted,Clear,Unknown,Unknown if Notified,Unknown EMS Scene Arrival Hour,Unknown if Arrived,Not Applicable (Not Transported),Not Applicable (Not Transported),1,Dark - Unlighted,Clear,0,2,[],[],0,0,Valid,0.0,0.0,31.0,31.0,['Male'],0,0,3,2,4,Dry,Straight,Level,Lowest,No
34334,48,Texas,483441,0,1,1,0,1,LINDALE,November,19,Sunday,17,57,Urban,High Speed (Arterial),Yes,32.46849722,-95.39181667,Non-Intersection,Dark - Lighted,Rain,Unknown,Unknown,Unknown EMS Scene Arrival Hour,Unknown EMS Scene Arrival Minutes,Unknown,Unknown EMS Hospital Arrival Time,1,Dark - Lighted,Rain/Wind/Minor,1,0,['Driver'],['Shoulder_Lapbelt'],0,0,Valid,0.0,0.0,40.0,40.0,['Male'],1,0,3,1,3,Wet/Standing Water,Curve,Grade/Hillcrest,Lowest,No
34335,48,Texas,483442,0,1,1,0,6,EL PASO,November,20,Monday,20,26,Urban,High Speed (Arterial),Yes,31.76206944,-106.39516944,Simple Junction,Dark - Lighted,Clear,Unknown,Unknown,Unknown EMS Scene Arrival Hour,Unknown EMS Scene Arrival Minutes,Unknown,Unknown EMS Hospital Arrival Time,2,Dark - Lighted,Clear,2,4,"['Rear_Seat', 'Rear_Seat']","['None_Used', 'None_Used']",0,0,Invalid,0.0,0.0,20.0,20.0,['Male'],6,0,2,4,3,Dry,Curve,Level,Lowest,No
34336,48,Texas,483443,1,1,1,0,1,HOUSTON,November,20,Monday,18,2,Urban,Medium Speed (Collector),No,29.67811111,-95.33671389,Complex/Circle,Daylight,Clear,Unknown,Unknown,Unknown EMS Scene Arrival Hour,Unknown EMS Scene Arrival Minutes,Unknown,Unknown EMS Hospital Arrival Time,1,Daylight,Clear,0,1,[],[],0,0,Valid,1.0,0.0,82.0,82.0,['Male'],0,0,2,1,4,Dry,Straight,Level,Lowest,No
34337,48,Texas,483444,0,2,2,0,2,NOT APPLICABLE,November,21,Tuesday,6,0,Rural,High Speed (Arterial),Yes,31.755,-99.49655278,Non-Intersection,Dark - Not Lighted,Cloudy,Unknown,Unknown,Unknown EMS Scene Arrival Hour,Unknown EMS Scene Arrival Minutes,Unknown,Unknown EMS Hospital Arrival Time,1,Dark - Unlighted,Reduced Visibility,1,1,['Driver'],['Shoulder_Lapbelt'],0,0,Valid,0.0,1.0,57.0,48.0,"['Male', 'Male']",0,0,4,4,5,Dry,Straight,Grade/Hillcrest,Lowest,No
34338,48,Texas,483445,0,1,1,0,1,ROPESVILLE,November,21,Tuesday,22,37,Rural,High Speed (Arterial),Yes,33.408675,-102.16163333,Non-Intersection,Dark - Not Lighted,Clear,Unknown,Unknown if Notified,Unknown EMS Scene Arrival Hour,Unknown if Arrived,Not Applicable (Not Transported),Not Applicable (Not Transported),1,Dark - Unlighted,Clear,1,0,['Driver'],['Shoulder_Lapbelt'],0,0,Valid,0.0,0.0,31.0,31.0,['Male'],1,0,3,4,3,Dry,Straight,Level,Lowest,No
34339,48,Texas,483446,0,1,1,0,1,CENTER,November,23,Thursday,4,2,Urban,Medium Speed (Collector),No,31.80894444,-94.17507778,Simple Junction,Dark - Lighted,Clear,Unknown,Unknown if Notified,Unknown EMS Scene Arrival Hour,Unknown if Arrived,Not Applicable (Not Transported),Not Applicable (Not Transported),1,Dark - Lighted,Clear,1,0,['Driver'],['None_Used'],1,1,Valid,0.0,1.0,24.0,24.0,['Male'],1,0,2,4,2,Dry,Straight,Level,Medium,No
34340,48,Texas,483447,0,3,3,0,6,FRISCO,November,23,Thursday,12,27,Urban,High Speed (Arterial),Yes,33.21110833,-96.81993611,Simple Junction,Daylight,Cloudy,Unknown,Unknown,Unknown EMS Scene Arrival Hour,Unknown EMS Scene Arrival Minutes,Unknown,Unknown EMS Hospital Arrival Time,1,Daylight,Reduced Visibility,1,5,['Driver'],['Shoulder_Lapbelt'],0,0,Valid,0.0,1.0,81.0,38.0,"['Female', 'Female', 'Male']",0,0,3,2,5,Dry,Straight,Grade/Hillcrest,Lowest,No
34341,48,Texas,483448,0,2,2,0,6,NOT APPLICABLE,November,25,Saturday,15,37,Rural,Medium Speed (Collector),No,33.08938056,-103.06277778,Complex/Circle,Daylight,Cloudy,Unknown,Unknown,Unknown EMS Scene Arrival Hour,Unknown EMS Scene Arrival Minutes,Unknown,Unknown EMS Hospital Arrival Time,3,Daylight,Reduced Visibility,3,3,"['Driver', 'Front_Passenger', 'Rear_Seat']","['Shoulder_Lapbelt', 'Shoulder_Lapbelt', 'None_Used']",0,0,Valid,0.0,4.0,23.0,20.0,"['Male', 'Female']",0,0,3,1,5,Dry,Straight,Level,Lowest,No
34342,48,Texas,483449,1,1,1,0,1,CONROE,November,17,Friday,2,34,Urban,High Speed (Arterial),Yes,30.28272222,-95.47581667,Non-Intersection,Dark - Not Lighted,Cloudy,Unknown,Unknown if Notified,Unknown EMS Scene Arrival Hour,Unknown if Arrived,Not Applicable (Not Transported),Not Applicable (Not Transported),1,Dark - Unlighted,Reduced Visibility,0,1,[],[],1,1,Valid,0.0,1.0,34.0,34.0,['Male'],0,0,3,2,4,Dry,Straight,Level,Lowest,No
34343,48,Texas,483450,1,1,1,0,1,AUSTIN,November,23,Thursday,21,40,Urban,High Speed (Arterial),Yes,30.30370833,-97.71606389,Simple Junction,Dark - Lighted,Clear,Unknown,Unknown if Notified,Unknown EMS Scene Arrival Hour,Unknown if Arrived,Not Applicable (Not Transported),Not Applicable (Not Transported),1,Dark - Lighted,Clear,0,0,[],[],0,0,Invalid,0.0,0.0,998.0,998.0,['Other'],0,0,1,0,4,Dry,Curve,Level,Lowest,No
34344,48,Texas,483451,1,1,1,0,1,NOT APPLICABLE,November,6,Monday,20,22,Urban,Medium Speed (Collector),No,30.18565833,-95.70902222,Complex/Circle,Dark - Not Lighted,Clear,Unknown,Unknown,Unknown EMS Scene Arrival Hour,Unknown EMS Scene Arrival Minutes,Unknown,Unknown EMS Hospital Arrival Time,1,Dark - Unlighted,Clear,0,1,[],[],0,0,Valid,0.0,0.0,46.0,46.0,['Female'],0,0,3,2,4,Dry,Straight,Level,Lowest,No
34345,48,Texas,483452,0,4,4,0,6,BOGATA,November,16,Thursday,6,30,Rural,High Speed (Arterial),Yes,33.46963333,-95.21373611,Complex/Circle,Dark - Lighted,Clear,Unknown,Unknown,Unknown EMS Scene Arrival Hour,Unknown EMS Scene Arrival Minutes,Unknown,Unknown EMS Hospital Arrival Time,1,Dark - Lighted,Clear,1,5,['Front_Passenger'],['Shoulder_Lapbelt'],0,0,Valid,0.0,2.0,52.0,28.0,"['Male', 'Male', 'Male', 'Male']",0,0,4,2,5,Dry,Straight,Level,Lowest,No
34346,48,Texas,483453,0,1,1,0,1,NOT APPLICABLE,November,10,Friday,7,15,Rural,High Speed (Arterial),Yes,35.20035556,-101.08619444,Non-Intersection,Daylight,Clear,Unknown,Unknown,Unknown EMS Scene Arrival Hour,Unknown EMS Scene Arrival Minutes,Unknown,Unknown EMS Hospital Arrival Time,1,Daylight,Clear,1,0,['Driver'],['None_Used'],0,0,Invalid,0.0,0.0,34.0,34.0,['Female'],0,0,3,1,3,Dry,Straight,Level,Lowest,No
34347,48,Texas,483454,0,2,2,0,3,NOT APPLICABLE,November,27,Monday,6,36,Rural,Medium Speed (Collector),No,28.04762778,-97.55134444,Non-Intersection,Dawn,Cloudy,Unknown,Unknown,Unknown EMS Scene Arrival Hour,Unknown EMS Scene Arrival Minutes,Unknown,Unknown EMS Hospital Arrival Time,1,Twilight,Reduced Visibility,1,2,['Driver'],['Shoulder_Lapbelt'],0,0,Valid,0.0,0.0,71.0,22.0,"['Male', 'Male']",0,0,3,1,5,Dry,Straight,Level,Medium,No
34348,48,Texas,483455,0,2,2,0,9,PHARR,November,18,Saturday,0,2,Urban,High Speed (Arterial),Yes,26.23404444,-98.18473333,Non-Intersection,Dark - Not Lighted,Clear,Unknown,Unknown,Unknown EMS Scene Arrival Hour,Unknown EMS Scene Arrival Minutes,Unknown,Unknown EMS Hospital Arrival Time,1,Dark - Unlighted,Clear,1,8,['Front_Passenger'],['None_Used'],1,1,Valid,1.0,1.0,28.0,22.0,"['Female', 'Male']",0,0,3,1,5,Dry,Straight,Non-Trafficway,Lowest,No
34349,48,Texas,483456,1,1,1,0,1,SHERMAN,November,22,Wednesday,12,50,Urban,Medium Speed (Collector),No,33.67504444,-96.60870833,Non-Intersection,Daylight,Clear,Unknown,Unknown if Notified,Unknown EMS Scene Arrival Hour,Unknown if Arrived,Not Applicable (Not Transported),Not Applicable (Not Transported),1,Daylight,Clear,0,1,[],[],0,0,Valid,0.0,0.0,49.0,49.0,['Male'],0,0,4,1,4,Dry,Straight,Level,Lowest,No
34350,48,Texas,483457,1,1,1,0,1,FORT WORTH,September,24,Sunday,0,47,Urban,High Speed (Arterial),Yes,32.71190556,-97.304075,Non-Intersection,Dark - Unknown Lighting,Clear,Unknown,Unknown if Notified,Unknown EMS Scene Arrival Hour,Unknown if Arrived,Not Applicable (Not Transported),Not Applicable (Not Transported),1,Dark - Unlighted,Clear,0,0,[],[],0,0,Invalid,0.0,0.0,998.0,998.0,['Other'],0,0,1,0,4,Dry,Straight,Level,Lowest,No
34351,48,Texas,483458,0,2,2,0,11,DALLAS,November,19,Sunday,1,4,Urban,High Speed (Arterial),Yes,32.65457222,-96.75273611,Non-Intersection,Dark - Not Lighted,Clear,Unknown,Unknown,Unknown EMS Scene Arrival Hour,Unknown EMS Scene Arrival Minutes,Unknown,Unknown EMS Hospital Arrival Time,1,Dark - Unlighted,Clear,1,10,['Driver'],['None_Used'],1,1,Valid,1.0,0.0,37.0,21.0,"['Female', 'Male']",2,0,3,1,5,Dry,Straight,Level,Lowest,No
34352,48,Texas,483459,0,2,2,0,2,NOT APPLICABLE,November,16,Thursday,17,24,Urban,High Speed (Arterial),Yes,32.03194444,-102.00421389,Complex/Circle,Daylight,Cloudy,Unknown,Unknown,Unknown EMS Scene Arrival Hour,Unknown EMS Scene Arrival Minutes,Unknown,Unknown EMS Hospital Arrival Time,1,Daylight,Reduced Visibility,1,1,['Driver'],['Shoulder_Lapbelt'],0,0,Valid,2.0,0.0,63.0,18.0,"['Female', 'Male']",0,0,3,1,5,Dry,Straight,Level,Lowest,No
34353,48,Texas,483460,0,1,1,0,1,NOT APPLICABLE,November,25,Saturday,12,20,Rural,Medium Speed (Collector),No,33.28983611,-98.49993056,Non-Intersection,Daylight,Cloudy,Unknown,Unknown if Notified,Unknown EMS Scene Arrival Hour,Unknown if Arrived,Not Applicable (Not Transported),Not Applicable (Not Transported),1,Daylight,Reduced Visibility,1,0,['Driver'],['None_Used'],0,0,Invalid,0.0,0.0,60.0,60.0,['Female'],0,0,3,1,3,Dry,Curve,Level,Lowest,No
34354,48,Texas,483461,1,1,1,0,2,HUNTSVILLE,November,21,Tuesday,23,25,Urban,Medium Speed (Collector),No,30.75413889,-95.54983056,Non-Intersection,Dark - Lighted,Clear,Unknown,Unknown,Unknown EMS Scene Arrival Hour,Unknown EMS Scene Arrival Minutes,Unknown,Unknown EMS Hospital Arrival Time,1,Dark - Lighted,Clear,0,2,[],[],0,0,Valid,0.0,1.0,31.0,31.0,['Male'],0,0,3,1,4,Dry,Straight,Grade/Hillcrest,Lowest,No
34355,48,Texas,483462,0,2,2,0,3,NOT APPLICABLE,November,16,Thursday,19,30,Rural,Low Speed (Local),No,33.43289722,-101.86633056,Non-Intersection,Dark - Not Lighted,Clear,Unknown,Unknown,Unknown EMS Scene Arrival Hour,Unknown EMS Scene Arrival Minutes,Unknown,Unknown EMS Hospital Arrival Time,1,Dark - Unlighted,Clear,1,2,['Front_Passenger'],['None_Used'],0,0,Valid,1.0,1.0,48.0,45.0,"['Male', 'Male']",0,0,2,1,5,Dry,Straight,Level,Lowest,No
34356,48,Texas,483463,0,2,2,0,2,FORT WORTH,November,6,Monday,16,30,Urban,High Speed (Arterial),Yes,32.69989444,-97.43290556,Simple Junction,Daylight,Clear,4:00pm-4:59pm,33,4:00pm-4:59pm,39,5:00pm-5:59pm,35,1,Daylight,Clear,1,0,['Driver'],['Shoulder_Lapbelt'],1,1,Valid,1.0,0.0,70.0,59.0,"['Male', 'Female']",0,0,3,1,5,Dry,Straight,Level,Lowest,No
34357,48,Texas,483464,1,1,1,0,1,NOT APPLICABLE,September,11,Monday,19,39,Urban,Low Speed (Local),No,29.48486111,-94.93614722,Non-Intersection,Dusk,Clear,Unknown,Unknown,Unknown EMS Scene Arrival Hour,Unknown EMS Scene Arrival Minutes,Unknown,Unknown EMS Hospital Arrival Time,1,Twilight,Clear,0,1,[],[],0,0,Valid,0.0,0.0,44.0,44.0,['Male'],0,0,3,0,4,Dry,Straight,Level,Lowest,No
34358,48,Texas,483465,1,1,1,0,4,HOUSTON,October,7,Saturday,23,46,Urban,High Speed (Arterial),Yes,29.77384167,-95.25191389,Non-Intersection,Dark - Lighted,Clear,Unknown,Unknown,Unknown EMS Scene Arrival Hour,Unknown EMS Scene Arrival Minutes,Unknown,Unknown EMS Hospital Arrival Time,1,Dark - Lighted,Clear,0,4,[],[],0,0,Invalid,0.0,0.0,36.0,36.0,['Female'],0,0,3,1,4,Dry,Straight,Level,Lowest,No
34359,48,Texas,483466,1,1,1,0,1,HUNTSVILLE,November,17,Friday,19,9,Urban,High Speed (Arterial),Yes,30.74185,-95.55961389,Non-Intersection,Dark - Not Lighted,Cloudy,Unknown,Unknown,Unknown EMS Scene Arrival Hour,Unknown EMS Scene Arrival Minutes,Unknown,Unknown EMS Hospital Arrival Time,1,Dark - Unlighted,Reduced Visibility,0,1,[],[],0,0,Valid,0.0,0.0,19.0,19.0,['Male'],1,0,2,1,4,Dry,Straight,Level,Lowest,No
34360,48,Texas,483467,1,1,1,0,1,HOUSTON,November,15,Wednesday,3,52,Urban,High Speed (Arterial),Yes,29.67760556,-95.42405833,Non-Intersection,Dark - Not Lighted,Cloudy,Unknown,Unknown if Notified,Unknown EMS Scene Arrival Hour,Unknown if Arrived,Not Applicable (Not Transported),Not Applicable (Not Transported),1,Dark - Unlighted,Reduced Visibility,0,0,[],[],0,0,Invalid,0.0,0.0,999.0,999.0,['Other'],0,0,1,2,4,Dry,Straight,Grade/Hillcrest,Lowest,No
34361,48,Texas,483468,0,2,2,0,3,NOT APPLICABLE,November,18,Saturday,8,14,Urban,Medium Speed (Collector),No,30.327875,-97.60480556,Non-Intersection,Daylight,Cloudy,Unknown,Unknown,Unknown EMS Scene Arrival Hour,Unknown EMS Scene Arrival Minutes,Unknown,Unknown EMS Hospital Arrival Time,1,Daylight,Reduced Visibility,1,2,['Driver'],['None_Used'],0,0,Valid,0.0,0.0,39.0,16.0,"['Male', 'Male']",2,0,3,1,5,Dry,Curve,Level,Lowest,No
34362,48,Texas,483469,1,1,1,0,1,AUSTIN,August,19,Saturday,22,58,Urban,Medium Speed (Collector),No,30.26753889,-97.75582222,Non-Intersection,Dark - Lighted,Clear,Unknown,Unknown,Unknown EMS Scene Arrival Hour,Unknown EMS Scene Arrival Minutes,Unknown,Unknown EMS Hospital Arrival Time,1,Dark - Lighted,Clear,0,1,[],[],0,0,Valid,0.0,0.0,19.0,19.0,['Female'],0,0,2,1,4,Dry,Straight,Level,Lowest,No
34363,48,Texas,483470,0,3,3,0,6,NOT APPLICABLE,November,22,Wednesday,18,45,Rural,High Speed (Arterial),Yes,30.47131111,-98.32506389,Non-Intersection,Dark - Not Lighted,Clear,Unknown,Unknown,Unknown EMS Scene Arrival Hour,Unknown EMS Scene Arrival Minutes,Unknown,Unknown EMS Hospital Arrival Time,4,Dark - Unlighted,Clear,4,2,"['Driver', 'Front_Passenger', 'Rear_Seat', 'Rear_Seat']","['Shoulder_Lapbelt', 'Shoulder_Lapbelt', 'Shoulder_Lapbelt', 'Shoulder_Lapbelt']",1,1,Valid,0.0,0.0,43.0,25.0,"['Male', 'Female', 'Female']",1,0,3,1,5,Dry,Curve,Level,Lowest,No
34364,48,Texas,483471,0,2,2,0,3,HARLINGEN,November,24,Friday,4,27,Urban,Medium Speed (Collector),Yes,26.19075556,-97.63955278,Non-Intersection,Dark - Not Lighted,Cloudy,Unknown,Unknown,Unknown EMS Scene Arrival Hour,Unknown EMS Scene Arrival Minutes,Unknown,Unknown EMS Hospital Arrival Time,1,Dark - Unlighted,Reduced Visibility,1,2,['Driver'],['None_Used'],0,0,Valid,0.0,1.0,53.0,52.0,"['Male', 'Male']",1,0,4,1,5,Dry,Straight,Non-Trafficway,Lowest,No
34365,48,Texas,483472,0,3,3,0,6,KILLEEN,November,24,Friday,16,15,Urban,Medium Speed (Collector),No,31.11408056,-97.79112222,Simple Junction,Daylight,Clear,Unknown,Unknown,Unknown EMS Scene Arrival Hour,Unknown EMS Scene Arrival Minutes,Unknown,Unknown EMS Hospital Arrival Time,1,Daylight,Clear,1,5,['Rear_Seat'],['None_Used'],0,0,Valid,0.0,0.0,29.0,21.0,"['Female', 'Male', 'Male']",2,0,5,1,5,Dry,Straight,Level,Lowest,No
34366,48,Texas,483473,0,2,2,0,3,ARLINGTON,November,25,Saturday,21,58,Urban,Medium Speed (Collector),No,32.61989444,-97.08288889,Complex/Circle,Dark - Lighted,Rain,Unknown,Unknown,Unknown EMS Scene Arrival Hour,Unknown EMS Scene Arrival Minutes,Unknown,Unknown EMS Hospital Arrival Time,1,Dark - Lighted,Rain/Wind/Minor,1,2,['Driver'],['Shoulder_Lapbelt'],0,0,Valid,1.0,0.0,47.0,19.0,"['Male', 'Male']",0,0,3,2,5,Wet/Standing Water,Straight,Level,Lowest,No
34367,48,Texas,483474,0,2,2,0,2,PALACIOS,November,26,Sunday,18,11,Rural,Medium Speed (Collector),No,28.7138,-96.21285278,Non-Intersection,Dark - Lighted,Cloudy,Unknown,Unknown,Unknown EMS Scene Arrival Hour,Unknown EMS Scene Arrival Minutes,Unknown,Unknown EMS Hospital Arrival Time,1,Dark - Lighted,Reduced Visibility,1,1,['Driver'],['None_Used'],1,1,Valid,0.0,2.0,93.0,35.0,"['Male', 'Male']",0,0,5,1,5,Dry,Straight,Level,Lowest,No
34368,48,Texas,483475,0,1,1,0,1,WAXAHACHIE,November,26,Sunday,1,25,Urban,Medium Speed (Collector),No,32.41435,-96.88424722,Non-Intersection,Dark - Not Lighted,Rain,Unknown,Unknown if Notified,Unknown EMS Scene Arrival Hour,Unknown if Arrived,Not Applicable (Not Transported),Not Applicable (Not Transported),1,Dark - Unlighted,Rain/Wind/Minor,1,0,['Driver'],['None_Used'],1,1,Valid,0.0,1.0,57.0,57.0,['Male'],1,0,3,4,3,Wet/Standing Water,Straight,Level,Lowest,No
34369,48,Texas,483476,0,2,2,0,3,JACKSONVILLE,October,22,Sunday,18,16,Urban,Medium Speed (Collector),No,31.94965556,-95.22458333,Complex/Circle,Dusk,Clear,Unknown,Unknown,Unknown EMS Scene Arrival Hour,Unknown EMS Scene Arrival Minutes,Unknown,Unknown EMS Hospital Arrival Time,1,Twilight,Clear,1,2,['Front_Passenger'],['Shoulder_Lapbelt'],0,0,Valid,0.0,0.0,74.0,20.0,"['Male', 'Female']",0,0,2,1,5,Dry,Straight,Level,Lowest,No
34370,48,Texas,483477,0,2,2,0,2,NOT APPLICABLE,October,26,Thursday,7,39,Rural,High Speed (Arterial),Yes,31.28074167,-97.07806944,Non-Intersection,Daylight,Rain,Unknown,Unknown if Notified,Unknown EMS Scene Arrival Hour,Unknown if Arrived,Not Applicable (Not Transported),Not Applicable (Not Transported),1,Daylight,Rain/Wind/Minor,1,1,['Driver'],['Shoulder_Lapbelt'],0,0,Valid,0.0,0.0,40.0,40.0,"['Male', 'Male']",1,0,3,1,5,Wet/Standing Water,Straight,Level,Lowest,Yes
34371,48,Texas,483479,0,2,2,0,6,HOUSTON,November,4,Saturday,13,50,Urban,Medium Speed (Collector),No,29.65749444,-95.48134167,Simple Junction,Daylight,Clear,Unknown,Unknown,Unknown EMS Scene Arrival Hour,Unknown EMS Scene Arrival Minutes,Unknown,Unknown EMS Hospital Arrival Time,1,Daylight,Clear,1,5,['Front_Passenger'],['None_Used'],0,0,Invalid,1.0,0.0,70.0,17.0,"['Male', 'Female']",5,0,3,2,5,Dry,Straight,Level,Lowest,No
34372,48,Texas,483480,0,2,2,0,5,HOUSTON,November,5,Sunday,0,47,Urban,High Speed (Arterial),Yes,29.89062222,-95.41208056,Non-Intersection,Dark - Lighted,Clear,Unknown,Unknown,Unknown EMS Scene Arrival Hour,Unknown EMS Scene Arrival Minutes,Unknown,Unknown EMS Hospital Arrival Time,1,Dark - Lighted,Clear,1,4,['Rear_Seat'],['Shoulder_Lapbelt'],1,1,Invalid,0.0,1.0,31.0,28.0,"['Male', 'Male']",1,0,3,1,5,Dry,Straight,Level,Lowest,No