,State_Code,State_Name,Crash_ID,Count_Non_Motorists,Count_Vehicles_Total,Count_Vehicle_Forms,Count_PVH_Involved,Count_Occupants_MV,City_Name,Month_Name,Day_of_Month,Day_of_Week,Crash_Hour,Crash_Minute,Area_Rural_Urban,Road_Functional_Class,On_NHS_Road,Latitude,Longitude,Intersection_Type,Light_Condition,Weather_Condition,Notif_Hour,Notif_Minute,Arrival_Hour,Arrival_Minute,Hospital_Hour,Hospital_Minute,Fatalities_Count,Clean_Light_Condition,Clean_Weather_Condition,Total_Killed,Total_Alive,Fatal_Seats_List,Killed_Restraint_List,Any_Driver_Drinking,Total_Drinking_Drivers,Driver_License_Category,Driver_Max_Prev_Accident_Count,Driver_Max_Prev_Speeding_Count,Max_Driver_Age,Min_Driver_Age,Driver_Sex_List,Total_Exceeding_Limit_Vehicles,Total_Too_Fast_Vehicles,Max_Vehicle_Type_Severity_5,Max_Vehicle_Damage_Rank,Max_Harmful_Event_Severity,Crash_Road_Surface_Condition,Crash_Horizontal_Alignment,Crash_Vertical_Profile,Crash_Impairment_Category,Crash_Vehicle_Defect
34373,48,Texas,483481,1,1,1,0,1,DALLAS,November,5,Sunday,22,31,Urban,High Speed (Arterial),Yes,32.79287222,-96.77568611,Non-Intersection,Dark - Lighted,Clear,Unknown,Unknown,Unknown EMS Scene Arrival Hour,Unknown EMS Scene Arrival Minutes,Unknown,Unknown EMS Hospital Arrival Time,1,Dark - Lighted,Clear,0,0,[],[],0,0,Invalid,0.0,0.0,999.0,999.0,['Other'],0,0,1,0,4,Dry,Straight,Level,Lowest,No
34374,48,Texas,483482,0,2,2,0,3,NOT APPLICABLE,November,8,Wednesday,4,50,Rural,Medium Speed (Collector),No,27.07264444,-98.84693333,Non-Intersection,Dark - Not Lighted,"Fog, Smog, Smoke",Unknown,Unknown if Notified,Unknown EMS Scene Arrival Hour,Unknown if Arrived,Not Applicable (Not Transported),Not Applicable (Not Transported),3,Dark - Unlighted,Reduced Visibility,3,0,"['Driver', 'Driver', 'Front_Passenger']","['None_Used', 'Shoulder_Lapbelt', 'Shoulder_Lapbelt']",0,0,Valid,0.0,0.0,66.0,27.0,"['Male', 'Male']",0,0,3,1,5,Dry,Straight,Level,Lowest,No
34375,48,Texas,483483,0,2,2,0,2,DALLAS,November,13,Monday,17,55,Urban,High Speed (Arterial),Yes,32.86424167,-96.69721111,Simple Junction,Dusk,Cloudy,Unknown,Unknown,Unknown EMS Scene Arrival Hour,Unknown EMS Scene Arrival Minutes,Unknown,Unknown EMS Hospital Arrival Time,1,Twilight,Reduced Visibility,1,1,['Driver'],['None_Used'],0,0,Valid,0.0,0.0,74.0,43.0,"['Male', 'Male']",0,0,5,2,5,Dry,Straight,Grade/Hillcrest,Lowest,No
34376,48,Texas,483484,1,1,1,0,1,HOUSTON,November,14,Tuesday,13,12,Urban,Medium Speed (Collector),No,29.69704167,-95.48860833,Complex/Circle,Daylight,Clear,Unknown,Unknown,Unknown EMS Scene Arrival Hour,Unknown EMS Scene Arrival Minutes,Unknown,Unknown EMS Hospital Arrival Time,1,Daylight,Clear,0,1,[],[],0,0,Invalid,0.0,0.0,43.0,43.0,['Female'],0,0,3,1,4,Dry,Straight,Level,Lowest,No
34377,48,Texas,483485,0,4,4,0,4,SEGUIN,November,18,Saturday,0,54,Urban,High Speed (Arterial),Yes,29.63025,-98.02633889,Non-Intersection,Dark - Not Lighted,Clear,Unknown,Unknown if Notified,Unknown EMS Scene Arrival Hour,Unknown if Arrived,Not Applicable (Not Transported),Not Applicable (Not Transported),2,Dark - Unlighted,Clear,2,2,"['Driver', 'Driver']","['Shoulder_Lapbelt', 'Shoulder_Lapbelt']",0,0,Valid,0.0,0.0,40.0,23.0,"['Female', 'Male', 'Female', 'Male']",0,0,3,4,5,Dry,Straight,Level,Lowest,No
34378,48,Texas,483486,1,1,1,0,1,CORPUS CHRISTI,November,19,Sunday,19,9,Urban,Medium Speed (Collector),No,27.74205556,-97.41483333,Non-Intersection,Dark - Lighted,Cloudy,Unknown,Unknown,Unknown EMS Scene Arrival Hour,Unknown EMS Scene Arrival Minutes,Unknown,Unknown EMS Hospital Arrival Time,1,Dark - Lighted,Reduced Visibility,0,0,[],[],0,0,Invalid,0.0,0.0,999.0,999.0,['Other'],1,0,1,0,4,Dry,Straight,Level,Lowest,No
34379,48,Texas,483487,1,1,1,0,1,HOUSTON,November,20,Monday,18,47,Urban,High Speed (Arterial),Yes,29.84026389,-95.333575,Non-Intersection,Dark - Lighted,Clear,Unknown,Unknown if Notified,Unknown EMS Scene Arrival Hour,Unknown if Arrived,Not Applicable (Not Transported),Not Applicable (Not Transported),1,Dark - Lighted,Clear,0,1,[],[],0,0,Valid,0.0,1.0,45.0,45.0,['Male'],0,0,3,1,4,Dry,Straight,Level,Lowest,No
34380,48,Texas,483488,0,1,1,0,2,MESQUITE,November,27,Monday,22,40,Urban,High Speed (Arterial),Yes,32.78015833,-96.62338333,Complex/Circle,Dark - Lighted,Cloudy,Unknown,Unknown,Unknown EMS Scene Arrival Hour,Unknown EMS Scene Arrival Minutes,Unknown,Unknown EMS Hospital Arrival Time,1,Dark - Lighted,Reduced Visibility,1,1,['Driver'],['None_Used'],0,0,Valid,0.0,0.0,18.0,18.0,['Male'],2,0,2,4,3,Dry,Curve,Grade/Hillcrest,Lowest,No
34381,48,Texas,483489,0,2,2,0,2,NOT APPLICABLE,November,27,Monday,11,29,Rural,High Speed (Arterial),Yes,31.58129722,-100.21873333,Non-Intersection,Daylight,Clear,Unknown,Unknown,Unknown EMS Scene Arrival Hour,Unknown EMS Scene Arrival Minutes,Unknown,Unknown EMS Hospital Arrival Time,1,Daylight,Clear,1,1,['Driver'],['None_Used'],0,0,Valid,1.0,2.0,33.0,27.0,"['Male', 'Male']",1,0,4,1,5,Dry,Straight,Level,Lowest,No
34382,48,Texas,483490,0,1,1,0,1,NOT APPLICABLE,November,28,Tuesday,7,12,Rural,Medium Speed (Collector),No,31.16296111,-98.71764444,Non-Intersection,Daylight,Cloudy,Unknown,Unknown if Notified,Unknown EMS Scene Arrival Hour,Unknown if Arrived,Not Applicable (Not Transported),Not Applicable (Not Transported),1,Daylight,Reduced Visibility,1,0,['Driver'],['Shoulder_Lapbelt'],0,0,Invalid,0.0,0.0,41.0,41.0,['Male'],0,0,3,4,3,Dry,Curve,Grade/Hillcrest,Medium,No
34383,48,Texas,483491,0,1,1,0,1,NOT APPLICABLE,November,24,Friday,22,17,Rural,Low Speed (Local),No,29.36616667,-95.78228611,Non-Intersection,Dark - Not Lighted,Clear,Unknown,Unknown,Unknown EMS Scene Arrival Hour,Unknown EMS Scene Arrival Minutes,Not Applicable (Not Transported),Not Applicable (Not Transported),1,Dark - Unlighted,Clear,1,0,['Driver'],['None_Used'],0,0,Valid,0.0,0.0,40.0,40.0,['Male'],0,0,5,1,1,Dry,Straight,Level,Lowest,No
34384,48,Texas,483492,0,1,1,0,1,NOT APPLICABLE,November,25,Saturday,1,10,Rural,Medium Speed (Collector),No,32.626825,-95.94766944,Non-Intersection,Dark - Not Lighted,Clear,Unknown,Unknown if Notified,Unknown EMS Scene Arrival Hour,Unknown if Arrived,Not Applicable (Not Transported),Not Applicable (Not Transported),1,Dark - Unlighted,Clear,1,0,['Driver'],['None_Used'],1,1,Valid,0.0,0.0,22.0,22.0,['Male'],0,0,3,1,3,Dry,Straight,Level,Lowest,No
34385,48,Texas,483493,0,2,2,0,2,EL PASO,November,27,Monday,1,29,Urban,High Speed (Arterial),Yes,31.73344722,-106.26755556,Non-Intersection,Dark - Lighted,Clear,1:00am-1:59am,29,1:00am-1:59am,37,1:00am-1:59am,53,1,Dark - Lighted,Clear,1,1,['Driver'],['None_Used'],0,0,Valid,0.0,1.0,29.0,19.0,"['Male', 'Male']",0,0,5,1,5,Dry,Straight,Level,Lowest,No
34386,48,Texas,483494,0,1,1,0,1,MANVEL,November,2,Thursday,15,1,Urban,High Speed (Arterial),Yes,29.47053889,-95.41043889,Non-Intersection,Daylight,Clear,Unknown,Unknown,Unknown EMS Scene Arrival Hour,Unknown EMS Scene Arrival Minutes,Unknown,Unknown EMS Hospital Arrival Time,1,Daylight,Clear,1,0,['Driver'],['Shoulder_Lapbelt'],0,0,Valid,0.0,0.0,54.0,54.0,['Male'],0,0,3,1,3,Dry,Straight,Level,Lowest,No
34387,48,Texas,483495,0,2,2,0,3,SAN ANTONIO,November,21,Tuesday,9,29,Urban,High Speed (Arterial),Yes,29.42362222,-98.40544167,Non-Intersection,Daylight,Clear,Unknown,Unknown,Unknown EMS Scene Arrival Hour,Unknown EMS Scene Arrival Minutes,Unknown,Unknown EMS Hospital Arrival Time,1,Daylight,Clear,1,2,['Driver'],['Shoulder_Lapbelt'],0,0,Valid,0.0,0.0,87.0,27.0,"['Male', 'Female']",0,0,3,1,5,Dry,Straight,Non-Trafficway,Lowest,No
34388,48,Texas,483496,0,1,1,0,1,EULESS,November,26,Sunday,15,50,Urban,High Speed (Arterial),Yes,32.83781944,-97.08833056,Non-Intersection,Daylight,Clear,Unknown,Unknown,Unknown EMS Scene Arrival Hour,Unknown EMS Scene Arrival Minutes,Unknown,Unknown EMS Hospital Arrival Time,1,Daylight,Clear,1,0,['Driver'],['None_Used'],0,0,Valid,1.0,0.0,37.0,37.0,['Male'],0,0,3,4,3,Dry,Curve,Grade/Hillcrest,Lowest,No
34389,48,Texas,483497,0,2,2,0,2,NOT APPLICABLE,November,23,Thursday,15,33,Urban,Medium Speed (Collector),No,30.4852,-97.69488056,Simple Junction,Daylight,Cloudy,Unknown,Unknown,Unknown EMS Scene Arrival Hour,Unknown EMS Scene Arrival Minutes,Unknown,Unknown EMS Hospital Arrival Time,1,Daylight,Reduced Visibility,1,1,['Driver'],['None_Used'],0,0,Valid,1.0,0.0,59.0,23.0,"['Female', 'Male']",0,0,5,1,5,Dry,Straight,Level,Lowest,No
34390,48,Texas,483498,1,1,1,0,2,SAN ANTONIO,November,28,Tuesday,19,0,Urban,Medium Speed (Collector),No,29.30275556,-98.50248056,Non-Intersection,Dark - Not Lighted,Clear,Unknown,Unknown if Notified,Unknown EMS Scene Arrival Hour,Unknown if Arrived,Not Applicable (Not Transported),Not Applicable (Not Transported),1,Dark - Unlighted,Clear,0,2,[],[],0,0,Valid,2.0,0.0,36.0,36.0,['Male'],0,0,3,2,4,Dry,Straight,Level,Lowest,No
34391,48,Texas,483499,0,2,2,0,3,NOT APPLICABLE,November,23,Thursday,10,7,Rural,Medium Speed (Collector),No,26.23039722,-97.55619444,Non-Intersection,Daylight,Cloudy,Unknown,Unknown,Unknown EMS Scene Arrival Hour,Unknown EMS Scene Arrival Minutes,Unknown,Unknown EMS Hospital Arrival Time,1,Daylight,Reduced Visibility,1,2,['Driver'],['Shoulder_Lapbelt'],0,0,Valid,0.0,0.0,42.0,19.0,"['Male', 'Male']",2,0,3,1,5,Dry,Straight,Level,Lowest,No
34392,48,Texas,483500,0,2,2,0,3,NOT APPLICABLE,November,17,Friday,23,47,Rural,Medium Speed (Collector),No,29.87668056,-95.01844444,Non-Intersection,Dark - Not Lighted,Clear,11:00pm-11:59pm,51,11:00pm-11:59pm,55,0:00am-0:59am,46,1,Dark - Unlighted,Clear,1,2,['Driver'],['Shoulder_Lapbelt'],1,1,Valid,0.0,0.0,28.0,21.0,"['Male', 'Female']",0,0,2,1,5,Dry,Curve,Grade/Hillcrest,Lowest,No
34393,48,Texas,483501,0,2,2,0,2,NOT APPLICABLE,November,19,Sunday,8,4,Urban,High Speed (Arterial),No,32.65161667,-95.43575556,Non-Intersection,Daylight,Clear,Unknown,Unknown,Unknown EMS Scene Arrival Hour,Unknown EMS Scene Arrival Minutes,Unknown,Unknown EMS Hospital Arrival Time,1,Daylight,Clear,1,1,['Driver'],['None_Used'],0,0,Valid,0.0,0.0,84.0,21.0,"['Male', 'Male']",0,0,3,1,5,Dry,Straight,Level,Lowest,No
34394,48,Texas,483502,1,1,1,0,3,NEW WAVERLY,November,17,Friday,18,44,Rural,Medium Speed (Collector),No,30.53863889,-95.48324722,Non-Intersection,Dark - Lighted,Clear,Unknown,Unknown,Unknown EMS Scene Arrival Hour,Unknown EMS Scene Arrival Minutes,Unknown,Unknown EMS Hospital Arrival Time,1,Dark - Lighted,Clear,0,3,[],[],0,0,Valid,0.0,0.0,32.0,32.0,['Female'],0,0,3,2,4,Dry,Straight,Level,Lowest,No
34395,48,Texas,483503,0,1,1,0,1,NOT APPLICABLE,October,17,Tuesday,23,16,Rural,High Speed (Arterial),Yes,32.66110833,-96.11558333,Non-Intersection,Dark - Not Lighted,Clear,Unknown,Unknown if Notified,Unknown EMS Scene Arrival Hour,Unknown if Arrived,Not Applicable (Not Transported),Not Applicable (Not Transported),1,Dark - Unlighted,Clear,1,0,['Driver'],['Shoulder_Lapbelt'],0,0,Valid,0.0,0.0,37.0,37.0,['Male'],0,0,4,4,3,Dry,Straight,Level,Medium,No
34396,48,Texas,483504,1,1,1,0,1,NOT APPLICABLE,November,21,Tuesday,3,5,Rural,Medium Speed (Collector),No,30.13790278,-97.65943333,Non-Intersection,Dark - Not Lighted,Clear,Unknown,Unknown,Unknown EMS Scene Arrival Hour,Unknown EMS Scene Arrival Minutes,Unknown,Unknown EMS Hospital Arrival Time,1,Dark - Unlighted,Clear,0,1,[],[],0,0,Valid,0.0,0.0,48.0,48.0,['Male'],0,0,3,1,4,Dry,Straight,Level,Lowest,No
34397,48,Texas,483505,0,2,2,0,2,NOT APPLICABLE,November,27,Monday,10,23,Rural,Medium Speed (Collector),No,31.41272222,-95.3474,Non-Intersection,Daylight,Cloudy,Unknown,Unknown if Notified,Unknown EMS Scene Arrival Hour,Unknown if Arrived,Not Applicable (Not Transported),Not Applicable (Not Transported),1,Daylight,Reduced Visibility,1,1,['Driver'],['Shoulder_Lapbelt'],0,0,Valid,1.0,0.0,89.0,57.0,"['Male', 'Male']",0,0,4,1,5,Dry,Straight,Level,Lowest,Yes
34398,48,Texas,483506,0,2,2,0,3,AUSTIN,November,20,Monday,0,12,Urban,High Speed (Arterial),Yes,30.22780833,-97.77904722,Non-Intersection,Dark - Lighted,Clear,Unknown,Unknown,Unknown EMS Scene Arrival Hour,Unknown EMS Scene Arrival Minutes,Unknown,Unknown EMS Hospital Arrival Time,1,Dark - Lighted,Clear,1,2,['Driver'],['Shoulder_Lapbelt'],1,1,Valid,0.0,0.0,64.0,35.0,"['Male', 'Male']",0,0,3,1,5,Dry,Straight,Level,Lowest,No
34399,48,Texas,483507,0,3,3,0,6,NOT APPLICABLE,November,26,Sunday,18,44,Rural,Medium Speed (Collector),No,30.78513056,-98.73549444,Non-Intersection,Dark - Not Lighted,Clear,Unknown,Unknown,Unknown EMS Scene Arrival Hour,Unknown EMS Scene Arrival Minutes,Unknown,Unknown EMS Hospital Arrival Time,1,Dark - Unlighted,Clear,1,5,['Driver'],['Shoulder_Lapbelt'],0,0,Valid,0.0,0.0,37.0,19.0,"['Female', 'Male', 'Male']",0,0,3,4,5,Dry,Straight,Level,Lowest,No
34400,48,Texas,483508,0,1,1,0,2,NOT APPLICABLE,November,22,Wednesday,22,20,Rural,Medium Speed (Collector),No,30.70571944,-98.38106111,Non-Intersection,Dark - Not Lighted,Clear,Unknown,Unknown if Notified,Unknown EMS Scene Arrival Hour,Unknown if Arrived,Not Applicable (Not Transported),Not Applicable (Not Transported),1,Dark - Unlighted,Clear,1,1,['Driver'],['Shoulder_Lapbelt'],0,0,Valid,0.0,0.0,29.0,29.0,['Female'],0,0,3,1,3,Dry,Straight,Level,Lowest,No
34401,48,Texas,483509,1,1,1,0,3,FORT WORTH,September,20,Wednesday,20,19,Urban,Low Speed (Local),No,32.70306667,-97.280075,Non-Intersection,Dark - Lighted,Clear,Unknown,Unknown,Unknown EMS Scene Arrival Hour,Unknown EMS Scene Arrival Minutes,Unknown,Unknown EMS Hospital Arrival Time,1,Dark - Lighted,Clear,0,3,[],[],0,0,Invalid,0.0,0.0,22.0,22.0,['Female'],0,0,2,1,4,Dry,Straight,Level,Lowest,No
34402,48,Texas,483510,0,2,2,0,2,AMARILLO,October,15,Sunday,14,29,Urban,Medium Speed (Collector),No,35.2041,-101.90246667,Simple Junction,Daylight,Clear,Unknown,Unknown,Unknown EMS Scene Arrival Hour,Unknown EMS Scene Arrival Minutes,Unknown,Unknown EMS Hospital Arrival Time,1,Daylight,Clear,1,1,['Driver'],['Shoulder_Lapbelt'],0,0,Valid,1.0,0.0,82.0,19.0,"['Female', 'Male']",0,0,3,1,5,Dry,Straight,Level,Lowest,No
34403,48,Texas,483511,1,1,1,0,1,SAN ANTONIO,November,17,Friday,18,33,Urban,Medium Speed (Collector),No,29.51189444,-98.49904444,Simple Junction,Dark - Lighted,Clear,Unknown,Unknown,Unknown EMS Scene Arrival Hour,Unknown EMS Scene Arrival Minutes,Unknown,Unknown EMS Hospital Arrival Time,1,Dark - Lighted,Clear,0,0,[],[],0,0,Invalid,0.0,0.0,999.0,999.0,['Other'],0,0,1,1,4,Dry,Straight,Level,Lowest,No
34404,48,Texas,483512,0,1,1,0,3,PARIS,November,21,Tuesday,12,22,Urban,Medium Speed (Collector),No,33.62854444,-95.50565,Non-Intersection,Daylight,Clear,Unknown,Unknown,Unknown EMS Scene Arrival Hour,Unknown EMS Scene Arrival Minutes,Unknown,Unknown EMS Hospital Arrival Time,2,Daylight,Clear,2,1,"['Driver', 'Rear_Seat']","['Shoulder_Lapbelt', 'Shoulder_Lapbelt']",0,0,Valid,0.0,0.0,20.0,20.0,['Male'],3,0,2,1,3,Dry,Straight,Level,Lowest,No
34405,48,Texas,483513,1,1,1,0,1,BEEVILLE,November,29,Wednesday,14,38,Urban,Low Speed (Local),No,28.39369167,-97.75948889,Complex/Circle,Daylight,Clear,Unknown,Unknown,Unknown EMS Scene Arrival Hour,Unknown EMS Scene Arrival Minutes,Unknown,Unknown EMS Hospital Arrival Time,1,Daylight,Clear,0,1,[],[],0,0,Valid,0.0,2.0,42.0,42.0,['Female'],0,0,2,2,4,Dry,Straight,Level,Lowest,No
34406,48,Texas,483514,0,1,1,0,1,HOUSTON,November,28,Tuesday,23,58,Urban,High Speed (Arterial),No,29.79935278,-95.41164167,Non-Intersection,Dark - Lighted,Cloudy,Unknown,Unknown,Unknown EMS Scene Arrival Hour,Unknown EMS Scene Arrival Minutes,Unknown,Unknown EMS Hospital Arrival Time,1,Dark - Lighted,Reduced Visibility,1,0,['Driver'],['None_Used'],1,1,Valid,0.0,0.0,29.0,29.0,['Male'],0,0,5,1,2,Dry,Straight,Level,Lowest,No
34407,48,Texas,483515,1,1,1,0,1,FORT WORTH,November,12,Sunday,18,28,Urban,High Speed (Arterial),Yes,32.79808056,-97.35002222,Non-Intersection,Dark - Not Lighted,Cloudy,Unknown,Unknown if Notified,Unknown EMS Scene Arrival Hour,Unknown if Arrived,Not Applicable (Not Transported),Not Applicable (Not Transported),1,Dark - Unlighted,Reduced Visibility,0,1,[],[],0,0,Valid,0.0,0.0,38.0,38.0,['Male'],0,0,3,1,4,Dry,Straight,Level,Lowest,No
34408,48,Texas,483516,0,1,1,0,1,NOT APPLICABLE,November,27,Monday,11,22,Rural,Medium Speed (Collector),No,31.66553333,-95.62924722,Non-Intersection,Daylight,Clear,Unknown,Unknown if Notified,Unknown EMS Scene Arrival Hour,Unknown if Arrived,Not Applicable (Not Transported),Not Applicable (Not Transported),1,Daylight,Clear,1,0,['Driver'],['None_Used'],1,1,Valid,1.0,3.0,29.0,29.0,['Male'],1,0,3,1,3,Dry,Straight,Grade/Hillcrest,Lowest,No
34409,48,Texas,483517,0,2,2,0,2,NOT APPLICABLE,November,22,Wednesday,16,40,Rural,High Speed (Arterial),Yes,32.1735,-94.28589167,Non-Intersection,Daylight,Clear,Unknown,Unknown,Unknown EMS Scene Arrival Hour,Unknown EMS Scene Arrival Minutes,Unknown,Unknown EMS Hospital Arrival Time,1,Daylight,Clear,1,1,['Driver'],['None_Used'],0,0,Invalid,1.0,0.0,31.0,29.0,"['Male', 'Male']",1,0,4,1,5,Dry,Straight,Level,Lowest,No
34410,48,Texas,483518,0,3,3,0,5,NOT APPLICABLE,November,23,Thursday,16,55,Rural,High Speed (Arterial),Yes,32.10079444,-94.32133333,Complex/Circle,Daylight,Rain,Unknown,Unknown,Unknown EMS Scene Arrival Hour,Unknown EMS Scene Arrival Minutes,Unknown,Unknown EMS Hospital Arrival Time,1,Daylight,Rain/Wind/Minor,1,4,['Rear_Seat'],['Shoulder_Lapbelt'],0,0,Valid,2.0,1.0,45.0,19.0,"['Male', 'Male', 'Female']",0,0,4,3,5,Wet/Standing Water,Curve,Level,Lowest,No
34411,48,Texas,483519,0,3,3,0,3,NOT APPLICABLE,November,27,Monday,18,34,Rural,Medium Speed (Collector),No,30.51599722,-98.332825,Non-Intersection,Dark - Not Lighted,Clear,Unknown,Unknown,Unknown EMS Scene Arrival Hour,Unknown EMS Scene Arrival Minutes,Unknown,Unknown EMS Hospital Arrival Time,1,Dark - Unlighted,Clear,1,2,['Driver'],['Shoulder_Lapbelt'],0,0,Valid,0.0,0.0,53.0,20.0,"['Male', 'Female', 'Male']",0,0,3,4,5,Dry,Straight,Grade/Hillcrest,Lowest,No
34412,48,Texas,483520,1,1,1,0,1,CORPUS CHRISTI,November,29,Wednesday,18,36,Urban,High Speed (Arterial),Yes,27.74679722,-97.39275833,Non-Intersection,Dark - Lighted,Cloudy,Unknown,Unknown,Unknown EMS Scene Arrival Hour,Unknown EMS Scene Arrival Minutes,Unknown,Unknown EMS Hospital Arrival Time,1,Dark - Lighted,Reduced Visibility,0,1,[],[],0,0,Valid,1.0,1.0,63.0,63.0,['Male'],0,0,3,2,4,Dry,Straight,Level,Lowest,No
34413,48,Texas,483521,1,1,1,0,3,NOT APPLICABLE,November,22,Wednesday,20,30,Rural,High Speed (Arterial),Yes,32.26835,-95.93901667,Non-Intersection,Daylight,Clear,Unknown,Unknown if Notified,Unknown EMS Scene Arrival Hour,Unknown if Arrived,Not Applicable (Not Transported),Not Applicable (Not Transported),1,Daylight,Clear,0,3,[],[],0,0,Valid,0.0,0.0,21.0,21.0,['Female'],0,0,3,1,4,Dry,Straight,Level,Lowest,No
34414,48,Texas,483522,1,3,2,1,3,NOT APPLICABLE,November,27,Monday,17,21,Rural,Medium Speed (Collector),No,29.20946944,-98.58465,Non-Intersection,Dusk,Clear,Unknown,Unknown,Unknown EMS Scene Arrival Hour,Unknown EMS Scene Arrival Minutes,Not Applicable (Not Transported),Not Applicable (Not Transported),2,Twilight,Clear,2,1,"['Driver', 'Front_Passenger']","['Shoulder_Lapbelt', 'Shoulder_Lapbelt']",0,0,Valid,0.0,0.0,64.0,40.0,"['Male', 'Female']",1,0,2,4,5,Dry,Curve,Level,Lowest,No
34415,48,Texas,483523,0,2,2,0,3,ARLINGTON,November,30,Thursday,13,29,Urban,High Speed (Arterial),Yes,32.73589444,-97.15386667,Non-Intersection,Daylight,Rain,Unknown,Unknown,Unknown EMS Scene Arrival Hour,Unknown EMS Scene Arrival Minutes,Unknown,Unknown EMS Hospital Arrival Time,1,Daylight,Rain/Wind/Minor,1,2,['Front_Passenger'],['None_Used'],0,0,Invalid,1.0,0.0,34.0,21.0,"['Male', 'Male']",2,0,3,1,5,Wet/Standing Water,Straight,Level,Lowest,Yes
34416,48,Texas,483524,0,2,2,0,2,HOUSTON,November,30,Thursday,23,39,Urban,High Speed (Arterial),No,29.78759722,-95.4099,Non-Intersection,Dark - Not Lighted,Clear,Unknown,Unknown,Unknown EMS Scene Arrival Hour,Unknown EMS Scene Arrival Minutes,Unknown,Unknown EMS Hospital Arrival Time,1,Dark - Unlighted,Clear,1,1,['Driver'],['None_Used'],1,1,Valid,0.0,1.0,34.0,32.0,"['Female', 'Male']",0,0,3,1,5,Dry,Straight,Level,Lowest,No
34417,48,Texas,483525,0,1,1,0,2,FORT WORTH,October,23,Monday,20,32,Urban,High Speed (Arterial),Yes,32.74981389,-97.34621944,Non-Intersection,Dark - Lighted,Rain,Unknown,Unknown,Unknown EMS Scene Arrival Hour,Unknown EMS Scene Arrival Minutes,Unknown,Unknown EMS Hospital Arrival Time,1,Dark - Lighted,Rain/Wind/Minor,1,0,['Front_Passenger'],['None_Used'],0,0,Invalid,0.0,0.0,998.0,998.0,['Female'],2,0,3,1,3,Wet/Standing Water,Curve,Level,Lowest,No
34418,48,Texas,483526,0,1,1,0,2,DALLAS,November,10,Friday,15,12,Urban,High Speed (Arterial),Yes,32.71076944,-96.82964167,Non-Intersection,Daylight,Cloudy,Unknown,Unknown,Unknown EMS Scene Arrival Hour,Unknown EMS Scene Arrival Minutes,Unknown,Unknown EMS Hospital Arrival Time,2,Daylight,Reduced Visibility,2,0,"['Driver', 'Front_Passenger']","['None_Used', 'None_Used']",1,1,Invalid,0.0,0.0,24.0,24.0,['Female'],2,0,2,1,3,Dry,Straight,Level,Lowest,No
34419,48,Texas,483527,5,2,1,1,1,DALLAS,November,12,Sunday,4,59,Urban,Medium Speed (Collector),No,32.77350556,-96.70515,Non-Intersection,Dark - Lighted,Clear,Unknown,Unknown,Unknown EMS Scene Arrival Hour,Unknown EMS Scene Arrival Minutes,Unknown,Unknown EMS Hospital Arrival Time,2,Dark - Lighted,Clear,0,1,[],[],1,1,Invalid,0.0,0.0,23.0,23.0,['Male'],1,0,2,1,4,Dry,Straight,Level,Lowest,No
34420,48,Texas,483528,1,1,1,0,1,KILLEEN,November,14,Tuesday,3,0,Urban,High Speed (Arterial),Yes,31.10545556,-97.74568889,Non-Intersection,Dark - Not Lighted,Clear,Unknown,Unknown if Notified,Unknown EMS Scene Arrival Hour,Unknown if Arrived,Not Applicable (Not Transported),Not Applicable (Not Transported),1,Dark - Unlighted,Clear,0,1,[],[],0,0,Invalid,0.0,0.0,32.0,32.0,['Male'],0,0,2,1,4,Dry,Straight,Level,Lowest,No
34421,48,Texas,483529,0,2,2,0,6,JEWETT,November,27,Monday,6,6,Rural,High Speed (Arterial),Yes,31.35223611,-96.14968611,Simple Junction,Dark - Not Lighted,Clear,Unknown,Unknown,Unknown EMS Scene Arrival Hour,Unknown EMS Scene Arrival Minutes,Unknown,Unknown EMS Hospital Arrival Time,2,Dark - Unlighted,Clear,2,4,"['Rear_Seat', 'Rear_Seat']","['None_Used', 'None_Used']",0,0,Valid,1.0,0.0,42.0,34.0,"['Male', 'Male']",0,0,4,1,5,Dry,Curve,Level,Lowest,No
34422,48,Texas,483531,0,1,1,0,1,NOT APPLICABLE,November,24,Friday,99,99,Rural,Medium Speed (Collector),No,31.99508333,-94.49966667,Non-Intersection,Dark - Not Lighted,Rain,Unknown,Unknown if Notified,Unknown EMS Scene Arrival Hour,Unknown if Arrived,Not Applicable (Not Transported),Not Applicable (Not Transported),1,Dark - Unlighted,Rain/Wind/Minor,1,0,['Driver'],['None_Used'],1,1,Valid,0.0,0.0,24.0,24.0,['Male'],1,0,3,1,3,Wet/Standing Water,Curve,Level,Lowest,No