,State_Code,State_Name,Crash_ID,Count_Non_Motorists,Count_Vehicles_Total,Count_Vehicle_Forms,Count_PVH_Involved,Count_Occupants_MV,City_Name,Month_Name,Day_of_Month,Day_of_Week,Crash_Hour,Crash_Minute,Area_Rural_Urban,Road_Functional_Class,On_NHS_Road,Latitude,Longitude,Intersection_Type,Light_Condition,Weather_Condition,Notif_Hour,Notif_Minute,Arrival_Hour,Arrival_Minute,Hospital_Hour,Hospital_Minute,Fatalities_Count,Clean_Light_Condition,Clean_Weather_Condition,Total_Killed,Total_Alive,Fatal_Seats_List,Killed_Restraint_List,Any_Driver_Drinking,Total_Drinking_Drivers,Driver_License_Category,Driver_Max_Prev_Accident_Count,Driver_Max_Prev_Speeding_Count,Max_Driver_Age,Min_Driver_Age,Driver_Sex_List,Total_Exceeding_Limit_Vehicles,Total_Too_Fast_Vehicles,Max_Vehicle_Type_Severity_5,Max_Vehicle_Damage_Rank,Max_Harmful_Event_Severity,Crash_Road_Surface_Condition,Crash_Horizontal_Alignment,Crash_Vertical_Profile,Crash_Impairment_Category,Crash_Vehicle_Defect
34423,48,Texas,483532,0,1,1,0,1,HELOTES,November,27,Monday,1,8,Urban,Medium Speed (Collector),No,29.56472222,-98.68950278,Non-Intersection,Dark - Lighted,Clear,Unknown,Unknown if Notified,Unknown EMS Scene Arrival Hour,Unknown if Arrived,Not Applicable (Not Transported),Not Applicable (Not Transported),1,Dark - Lighted,Clear,1,0,['Driver'],['None_Used'],1,1,Valid,0.0,0.0,45.0,45.0,['Male'],1,0,5,4,3,Dry,Curve,Grade/Hillcrest,Lowest,No
34424,48,Texas,483533,1,2,2,0,1,NOT APPLICABLE,November,19,Sunday,14,38,Urban,High Speed (Arterial),Yes,30.05006944,-95.6735,Non-Intersection,Daylight,Clear,Unknown,Unknown if Notified,Unknown EMS Scene Arrival Hour,Unknown if Arrived,Not Applicable (Not Transported),Not Applicable (Not Transported),1,Daylight,Clear,0,1,[],[],1,1,Valid,0.0,0.0,71.0,71.0,['Male'],0,0,3,2,5,Dry,Straight,Level,Lowest,No
34425,48,Texas,483534,0,2,2,0,2,HOUSTON,November,2,Thursday,0,51,Urban,Medium Speed (Collector),No,29.65241111,-95.25083056,Complex/Circle,Dark - Lighted,Clear,Unknown,Unknown,Unknown EMS Scene Arrival Hour,Unknown EMS Scene Arrival Minutes,Unknown,Unknown EMS Hospital Arrival Time,1,Dark - Lighted,Clear,1,1,['Driver'],['Shoulder_Lapbelt'],0,0,Invalid,0.0,0.0,62.0,45.0,"['Male', 'Female']",1,0,2,1,5,Dry,Straight,Level,Lowest,No
34426,48,Texas,483535,0,1,1,0,2,LEAGUE CITY,November,26,Sunday,1,32,Urban,High Speed (Arterial),Yes,29.49258889,-95.04213889,Non-Intersection,Dark - Not Lighted,Cloudy,Unknown,Unknown,Unknown EMS Scene Arrival Hour,Unknown EMS Scene Arrival Minutes,Unknown,Unknown EMS Hospital Arrival Time,1,Dark - Unlighted,Reduced Visibility,1,1,['Driver'],['None_Used'],1,1,Valid,0.0,0.0,27.0,27.0,['Male'],0,0,3,1,3,Dry,Straight,Level,Lowest,No
34427,48,Texas,483536,0,1,1,0,2,GAINESVILLE,November,18,Saturday,12,1,Rural,High Speed (Arterial),Yes,33.7084,-97.16186944,Non-Intersection,Daylight,Clear,Unknown,Unknown,Unknown EMS Scene Arrival Hour,Unknown EMS Scene Arrival Minutes,Unknown,Unknown EMS Hospital Arrival Time,1,Daylight,Clear,1,1,['Driver'],['Shoulder_Lapbelt'],0,0,Valid,0.0,0.0,51.0,51.0,['Female'],2,0,2,1,3,Dry,Straight,Level,Lowest,No
34428,48,Texas,483537,0,1,1,0,1,NOT APPLICABLE,December,2,Saturday,0,42,Rural,Medium Speed (Collector),No,33.17691944,-97.43833056,Non-Intersection,Dark - Not Lighted,Clear,Unknown,Unknown if Notified,Unknown EMS Scene Arrival Hour,Unknown if Arrived,Not Applicable (Not Transported),Not Applicable (Not Transported),1,Dark - Unlighted,Clear,1,0,['Driver'],['None_Used'],1,1,Valid,0.0,0.0,39.0,39.0,['Male'],0,0,5,1,3,Dry,Straight,Level,Lowest,No
34429,48,Texas,483538,0,2,2,0,2,HOUSTON,November,24,Friday,17,40,Urban,High Speed (Arterial),Yes,29.77569167,-95.21803333,Non-Intersection,Dark - Lighted,Clear,Unknown,Unknown,Unknown EMS Scene Arrival Hour,Unknown EMS Scene Arrival Minutes,Unknown,Unknown EMS Hospital Arrival Time,1,Dark - Lighted,Clear,1,1,['Driver'],['None_Used'],0,0,Invalid,0.0,1.0,41.0,27.0,"['Male', 'Male']",0,0,5,2,5,Dry,Curve,Level,Lowest,No
34430,48,Texas,483539,0,1,1,0,1,ROCKWALL,November,25,Saturday,2,31,Urban,High Speed (Arterial),No,32.90660833,-96.41653056,Non-Intersection,Dark - Not Lighted,Clear,Unknown,Unknown,Unknown EMS Scene Arrival Hour,Unknown EMS Scene Arrival Minutes,Unknown,Unknown EMS Hospital Arrival Time,1,Dark - Unlighted,Clear,1,0,['Driver'],['None_Used'],1,1,Valid,0.0,0.0,32.0,32.0,['Male'],0,0,5,1,2,Dry,Curve,Level,Lowest,No
34431,48,Texas,483540,0,1,1,0,1,HOUSTON,October,1,Sunday,4,28,Urban,Medium Speed (Collector),No,29.93490833,-95.41151111,Non-Intersection,Dark - Lighted,Clear,Unknown,Unknown if Notified,Unknown EMS Scene Arrival Hour,Unknown if Arrived,Not Applicable (Not Transported),Not Applicable (Not Transported),1,Dark - Lighted,Clear,1,0,['Driver'],['Shoulder_Lapbelt'],1,1,Invalid,0.0,0.0,24.0,24.0,['Female'],0,0,3,1,3,Dry,Straight,Level,Lowest,No
34432,48,Texas,483541,0,1,1,0,1,HOUSTON,November,6,Monday,22,22,Urban,Medium Speed (Collector),No,29.67465833,-95.42978056,Non-Intersection,Dark - Lighted,Clear,10:00pm-10:59pm,20,10:00pm-10:59pm,23,10:00pm-10:59pm,34,1,Dark - Lighted,Clear,1,0,['Driver'],['None_Used'],0,0,Valid,0.0,0.0,58.0,58.0,['Male'],0,0,5,1,2,Dry,Straight,Level,Lowest,No
34433,48,Texas,483542,0,2,2,0,3,DALLAS,November,11,Saturday,3,9,Urban,High Speed (Arterial),Yes,32.70214722,-96.75025833,Non-Intersection,Dark - Lighted,Cloudy,Unknown,Unknown,Unknown EMS Scene Arrival Hour,Unknown EMS Scene Arrival Minutes,Unknown,Unknown EMS Hospital Arrival Time,2,Dark - Lighted,Reduced Visibility,2,1,"['Driver', 'Front_Passenger']","['Shoulder_Lapbelt', 'Shoulder_Lapbelt']",1,1,Invalid,0.0,0.0,69.0,30.0,"['Male', 'Male']",2,0,2,1,5,Dry,Straight,Grade/Hillcrest,Lowest,No
34434,48,Texas,483543,0,3,3,0,3,NOT APPLICABLE,November,25,Saturday,19,5,Rural,Medium Speed (Collector),No,28.45821389,-96.90227778,Non-Intersection,Dark - Not Lighted,Clear,Unknown,Unknown,Unknown EMS Scene Arrival Hour,Unknown EMS Scene Arrival Minutes,Not Applicable (Not Transported),Not Applicable (Not Transported),1,Dark - Unlighted,Clear,1,2,['Driver'],['Shoulder_Lapbelt'],1,1,Valid,0.0,0.0,87.0,34.0,"['Male', 'Male', 'Male']",0,0,5,1,5,Dry,Straight,Level,Lowest,No
34435,48,Texas,483544,0,2,2,0,2,NOT APPLICABLE,November,26,Sunday,0,15,Rural,High Speed (Arterial),Yes,32.71803056,-97.90880278,Non-Intersection,Dark - Not Lighted,Rain,Unknown,Unknown if Notified,Unknown EMS Scene Arrival Hour,Unknown if Arrived,Not Applicable (Not Transported),Not Applicable (Not Transported),1,Dark - Unlighted,Rain/Wind/Minor,1,1,['Driver'],['Shoulder_Lapbelt'],0,0,Valid,0.0,0.0,35.0,33.0,"['Female', 'Female']",0,0,4,4,5,Wet/Standing Water,Curve,Grade/Hillcrest,Lowest,Yes
34436,48,Texas,483545,0,2,2,0,3,NOT APPLICABLE,November,30,Thursday,16,16,Rural,High Speed (Arterial),Yes,32.35780278,-94.09162222,Simple Junction,Daylight,Rain,Unknown,Unknown,Unknown EMS Scene Arrival Hour,Unknown EMS Scene Arrival Minutes,Unknown,Unknown EMS Hospital Arrival Time,1,Daylight,Rain/Wind/Minor,1,2,['Driver'],['Shoulder_Lapbelt'],0,0,Valid,0.0,0.0,60.0,52.0,"['Male', 'Male']",0,0,4,1,5,Dry,Straight,Level,Lowest,No
34437,48,Texas,483546,0,1,1,0,1,NOT APPLICABLE,November,30,Thursday,23,11,Rural,High Speed (Arterial),Yes,31.95725,-101.20285278,Non-Intersection,Dark - Not Lighted,Clear,Unknown,Unknown if Notified,Unknown EMS Scene Arrival Hour,Unknown if Arrived,Not Applicable (Not Transported),Not Applicable (Not Transported),1,Dark - Unlighted,Clear,1,0,['Driver'],['Shoulder_Lapbelt'],0,0,Valid,3.0,1.0,42.0,42.0,['Male'],0,0,3,1,3,Dry,Straight,Level,Lowest,No
34438,48,Texas,483547,0,1,1,0,1,NOT APPLICABLE,December,4,Monday,7,43,Urban,Low Speed (Local),No,35.14535556,-101.84853889,Non-Intersection,Dark - Not Lighted,Clear,Unknown,Unknown if Notified,Unknown EMS Scene Arrival Hour,Unknown if Arrived,Not Applicable (Not Transported),Not Applicable (Not Transported),1,Dark - Unlighted,Clear,1,0,['Driver'],['None_Used'],1,1,Valid,0.0,1.0,33.0,33.0,['Male'],1,0,5,1,3,Dry,Curve,Level,Lowest,No
34439,48,Texas,483548,0,2,2,0,3,PORT NECHES,November,19,Sunday,18,19,Urban,High Speed (Arterial),Yes,29.98899167,-93.97648056,Non-Intersection,Dark - Lighted,Clear,Unknown,Unknown,Unknown EMS Scene Arrival Hour,Unknown EMS Scene Arrival Minutes,Unknown,Unknown EMS Hospital Arrival Time,1,Dark - Lighted,Clear,1,2,['Rear_Seat'],['None_Used'],0,0,Invalid,0.0,0.0,50.0,31.0,"['Male', 'Male']",0,0,5,2,5,Dry,Straight,Non-Trafficway,Lowest,No
34440,48,Texas,483549,1,1,1,0,1,AUSTIN,December,2,Saturday,2,0,Urban,Medium Speed (Collector),No,30.21172222,-97.7296,Non-Intersection,Dark - Lighted,Clear,Unknown,Unknown if Notified,Unknown EMS Scene Arrival Hour,Unknown if Arrived,Not Applicable (Not Transported),Not Applicable (Not Transported),1,Dark - Lighted,Clear,0,1,[],[],1,1,Invalid,0.0,0.0,25.0,25.0,['Male'],1,0,2,3,4,Dry,Straight,Non-Trafficway,Lowest,No
34441,48,Texas,483550,0,2,2,0,3,HOUSTON,December,2,Saturday,17,55,Urban,Medium Speed (Collector),No,29.67658056,-95.248125,Non-Intersection,Dark - Lighted,Clear,Unknown,Unknown,Unknown EMS Scene Arrival Hour,Unknown EMS Scene Arrival Minutes,Unknown,Unknown EMS Hospital Arrival Time,1,Dark - Lighted,Clear,1,2,['Driver'],['Shoulder_Lapbelt'],0,0,Invalid,0.0,0.0,47.0,34.0,"['Male', 'Male']",0,0,3,1,5,Dry,Straight,Level,Lowest,No
34442,48,Texas,483551,1,1,1,0,1,DENTON,December,4,Monday,22,10,Rural,Medium Speed (Collector),No,33.28040556,-97.17836389,Non-Intersection,Dark - Not Lighted,Clear,Unknown,Unknown,Unknown EMS Scene Arrival Hour,Unknown EMS Scene Arrival Minutes,Not Applicable (Not Transported),Not Applicable (Not Transported),1,Dark - Unlighted,Clear,0,1,[],[],0,0,Valid,1.0,0.0,54.0,54.0,['Male'],0,0,3,1,4,Dry,Curve,Level,Lowest,No
34443,48,Texas,483552,0,1,1,0,1,NOT APPLICABLE,December,1,Friday,7,20,Rural,Medium Speed (Collector),No,30.90990833,-101.35500556,Non-Intersection,Dawn,Clear,Unknown,Unknown if Notified,Unknown EMS Scene Arrival Hour,Unknown if Arrived,Not Applicable (Not Transported),Not Applicable (Not Transported),1,Twilight,Clear,1,0,['Driver'],['Shoulder_Lapbelt'],0,0,Valid,0.0,1.0,43.0,43.0,['Male'],0,0,2,4,3,Dry,Straight,Level,Medium,No
34444,48,Texas,483553,0,3,3,0,4,ARLINGTON,November,22,Wednesday,20,46,Urban,High Speed (Arterial),Yes,32.68808056,-97.06247222,Non-Intersection,Dark - Not Lighted,Clear,Unknown,Unknown if Notified,Unknown EMS Scene Arrival Hour,Unknown if Arrived,Not Applicable (Not Transported),Not Applicable (Not Transported),1,Dark - Unlighted,Clear,1,3,['Driver'],['None_Used'],1,1,Valid,2.0,2.0,59.0,24.0,"['Male', 'Male', 'Male']",1,0,5,2,5,Dry,Straight,Level,Lowest,No
34445,48,Texas,483554,0,2,2,0,2,NOT APPLICABLE,December,1,Friday,14,55,Urban,High Speed (Arterial),Yes,29.97250278,-95.38779167,Non-Intersection,Daylight,Cloudy,Unknown,Unknown,Unknown EMS Scene Arrival Hour,Unknown EMS Scene Arrival Minutes,Unknown,Unknown EMS Hospital Arrival Time,2,Daylight,Reduced Visibility,2,0,"['Driver', 'Driver']","['Shoulder_Lapbelt', 'Shoulder_Lapbelt']",0,0,Invalid,0.0,0.0,56.0,41.0,"['Male', 'Female']",0,0,2,1,5,Dry,Curve,Grade/Hillcrest,Lowest,Yes
34446,48,Texas,483555,0,2,2,0,2,LUBBOCK,November,29,Wednesday,7,57,Urban,High Speed (Arterial),Yes,33.61724167,-101.89277778,Complex/Circle,Daylight,Cloudy,Unknown,Unknown if Notified,Unknown EMS Scene Arrival Hour,Unknown if Arrived,Not Applicable (Not Transported),Not Applicable (Not Transported),1,Daylight,Reduced Visibility,1,1,['Driver'],['None_Used'],0,0,Valid,2.0,0.0,54.0,51.0,"['Female', 'Male']",1,0,4,4,5,Dry,Straight,Level,Lowest,No
34447,48,Texas,483556,0,1,1,0,1,EL PASO,May,29,Monday,20,35,Urban,Low Speed (Local),No,31.88546111,-106.58573611,Non-Intersection,Dark - Not Lighted,Clear,Unknown,Unknown,Unknown EMS Scene Arrival Hour,Unknown EMS Scene Arrival Minutes,Unknown,Unknown EMS Hospital Arrival Time,1,Dark - Unlighted,Clear,1,0,['Driver'],['None_Used'],1,1,Valid,1.0,0.0,57.0,57.0,['Male'],1,0,5,1,2,Dry,Curve,Level,Lowest,No
34448,48,Texas,483557,0,2,2,0,2,NOT APPLICABLE,December,2,Saturday,14,44,Urban,High Speed (Arterial),Yes,29.40254167,-95.03343056,Complex/Circle,Daylight,Clear,Unknown,Unknown,Unknown EMS Scene Arrival Hour,Unknown EMS Scene Arrival Minutes,Unknown,Unknown EMS Hospital Arrival Time,1,Daylight,Clear,1,1,['Driver'],['Shoulder_Lapbelt'],0,0,Valid,0.0,0.0,60.0,27.0,"['Male', 'Male']",1,0,2,2,5,Dry,Straight,Level,Medium,No
34449,48,Texas,483558,0,2,2,0,5,NOT APPLICABLE,December,3,Sunday,2,8,Rural,Medium Speed (Collector),No,30.71425278,-98.62641667,Non-Intersection,Dark - Not Lighted,Clear,Unknown,Unknown,Unknown EMS Scene Arrival Hour,Unknown EMS Scene Arrival Minutes,Unknown,Unknown EMS Hospital Arrival Time,1,Dark - Unlighted,Clear,1,4,['Rear_Seat'],['Shoulder_Lapbelt'],1,1,Valid,0.0,0.0,24.0,20.0,"['Male', 'Male']",0,0,3,4,5,Dry,Straight,Level,Lowest,No
34450,48,Texas,483559,0,2,2,0,2,NOT APPLICABLE,November,28,Tuesday,9,47,Rural,High Speed (Arterial),Yes,29.99575833,-97.74683056,Complex/Circle,Daylight,Clear,Unknown,Unknown if Notified,Unknown EMS Scene Arrival Hour,Unknown if Arrived,Not Applicable (Not Transported),Not Applicable (Not Transported),1,Daylight,Clear,1,1,['Driver'],['None_Used'],0,0,Valid,0.0,0.0,40.0,32.0,"['Male', 'Male']",1,0,5,2,5,Dry,Straight,Level,Lowest,No
34451,48,Texas,483560,0,1,1,0,3,SOCORRO,November,4,Saturday,22,43,Urban,Low Speed (Local),No,31.62283056,-106.26050556,Non-Intersection,Dark - Not Lighted,Clear,Unknown,Unknown,Unknown EMS Scene Arrival Hour,Unknown EMS Scene Arrival Minutes,Unknown,Unknown EMS Hospital Arrival Time,1,Dark - Unlighted,Clear,1,2,['Front_Passenger'],['None_Used'],1,1,Invalid,0.0,0.0,23.0,23.0,['Female'],3,0,5,2,3,Dry,Curve,Level,Lowest,No
34452,48,Texas,483561,0,2,2,0,2,NOT APPLICABLE,November,21,Tuesday,17,14,Rural,High Speed (Arterial),Yes,30.68623889,-95.69423611,Non-Intersection,Daylight,Clear,Unknown,Unknown,Unknown EMS Scene Arrival Hour,Unknown EMS Scene Arrival Minutes,Unknown,Unknown EMS Hospital Arrival Time,1,Daylight,Clear,1,1,['Driver'],['Shoulder_Lapbelt'],0,0,Valid,0.0,1.0,67.0,33.0,"['Male', 'Female']",0,0,3,1,5,Dry,Straight,Level,Medium,No
34453,48,Texas,483562,1,1,1,0,1,RIO GRANDE CITY,November,27,Monday,21,25,Urban,High Speed (Arterial),Yes,26.35696389,-98.77686944,Non-Intersection,Dark - Not Lighted,Cloudy,Unknown,Unknown if Notified,Unknown EMS Scene Arrival Hour,Unknown if Arrived,Not Applicable (Not Transported),Not Applicable (Not Transported),1,Dark - Unlighted,Reduced Visibility,0,1,[],[],0,0,Valid,0.0,1.0,24.0,24.0,['Female'],0,0,3,1,4,Dry,Straight,Level,Lowest,No
34454,48,Texas,483563,0,2,2,0,2,NOT APPLICABLE,November,5,Sunday,15,33,Rural,Medium Speed (Collector),No,32.70270278,-97.96105833,Simple Junction,Daylight,Clear,Unknown,Unknown,Unknown EMS Scene Arrival Hour,Unknown EMS Scene Arrival Minutes,Unknown,Unknown EMS Hospital Arrival Time,1,Daylight,Clear,1,1,['Driver'],['None_Used'],0,0,Valid,0.0,1.0,73.0,71.0,"['Male', 'Male']",0,0,5,1,5,Dry,Curve,Level,Lowest,No
34455,48,Texas,483564,0,1,1,0,1,GARLAND,November,22,Wednesday,0,2,Urban,Medium Speed (Collector),No,32.85091667,-96.61054722,Non-Intersection,Dark - Lighted,Clear,Unknown,Unknown,Unknown EMS Scene Arrival Hour,Unknown EMS Scene Arrival Minutes,Not Applicable (Not Transported),Not Applicable (Not Transported),1,Dark - Lighted,Clear,1,0,['Driver'],['None_Used'],1,1,Valid,1.0,2.0,21.0,21.0,['Male'],1,0,2,1,3,Dry,Curve,Grade/Hillcrest,Lowest,No
34456,48,Texas,483565,0,1,1,0,1,MCALLEN,December,4,Monday,2,6,Urban,Medium Speed (Collector),No,26.19703333,-98.23901944,Simple Junction,Dark - Not Lighted,Clear,Unknown,Unknown if Notified,Unknown EMS Scene Arrival Hour,Unknown if Arrived,Not Applicable (Not Transported),Not Applicable (Not Transported),1,Dark - Unlighted,Clear,1,0,['Driver'],['None_Used'],0,0,Invalid,0.0,0.0,31.0,31.0,['Male'],1,0,3,1,3,Dry,Straight,Level,Lowest,No
34457,48,Texas,483566,1,1,1,0,1,DALLAS,November,24,Friday,4,30,Urban,Medium Speed (Collector),No,32.79293889,-96.73078333,Non-Intersection,Dark - Not Lighted,Clear,Unknown,Unknown if Notified,Unknown EMS Scene Arrival Hour,Unknown if Arrived,Not Applicable (Not Transported),Not Applicable (Not Transported),1,Dark - Unlighted,Clear,0,0,[],[],0,0,Invalid,0.0,0.0,999.0,999.0,['Other'],0,0,1,1,4,Dry,Straight,Level,Lowest,No
34458,48,Texas,483567,0,1,1,0,1,NOT APPLICABLE,December,1,Friday,6,0,Rural,High Speed (Arterial),Yes,29.65856111,-97.41427222,Non-Intersection,Dark - Not Lighted,"Fog, Smog, Smoke",Unknown,Unknown if Notified,Unknown EMS Scene Arrival Hour,Unknown if Arrived,Not Applicable (Not Transported),Not Applicable (Not Transported),1,Dark - Unlighted,Reduced Visibility,1,0,['Driver'],['None_Used'],0,0,Valid,0.0,0.0,37.0,37.0,['Male'],0,0,3,1,3,Dry,Straight,Grade/Hillcrest,Lowest,No
34459,48,Texas,483568,1,1,1,0,1,HOUSTON,December,3,Sunday,17,43,Urban,Medium Speed (Collector),No,29.77440556,-95.33585556,Non-Intersection,Dark - Lighted,Clear,Unknown,Unknown if Notified,Unknown EMS Scene Arrival Hour,Unknown if Arrived,Not Applicable (Not Transported),Not Applicable (Not Transported),1,Dark - Lighted,Clear,0,0,[],[],0,0,Invalid,0.0,0.0,999.0,999.0,['Other'],0,0,2,2,4,Dry,Straight,Level,Lowest,No
34460,48,Texas,483569,0,2,2,0,3,NOT APPLICABLE,December,6,Wednesday,16,51,Rural,Medium Speed (Collector),No,30.99784167,-97.40049167,Non-Intersection,Daylight,Clear,Unknown,Unknown if Notified,Unknown EMS Scene Arrival Hour,Unknown if Arrived,Not Applicable (Not Transported),Not Applicable (Not Transported),1,Daylight,Clear,1,2,['Driver'],['None_Used'],0,0,Valid,0.0,1.0,35.0,32.0,"['Male', 'Female']",0,0,5,4,5,Dry,Straight,Grade/Hillcrest,Lowest,No
34461,48,Texas,483570,1,1,1,0,3,SAN ANTONIO,December,6,Wednesday,18,14,Urban,High Speed (Arterial),Yes,29.487375,-98.43015833,Simple Junction,Dark - Not Lighted,Clear,Unknown,Unknown if Notified,Unknown EMS Scene Arrival Hour,Unknown if Arrived,Not Applicable (Not Transported),Not Applicable (Not Transported),1,Dark - Unlighted,Clear,0,3,[],[],0,0,Valid,0.0,0.0,47.0,47.0,['Male'],0,0,1,2,4,Dry,Straight,Grade/Hillcrest,Lowest,No
34462,48,Texas,483571,1,1,1,0,1,NOT APPLICABLE,November,29,Wednesday,2,57,Rural,High Speed (Arterial),Yes,33.77015833,-101.83766667,Non-Intersection,Dark - Not Lighted,Clear,Unknown,Unknown if Notified,Unknown EMS Scene Arrival Hour,Unknown if Arrived,Not Applicable (Not Transported),Not Applicable (Not Transported),1,Dark - Unlighted,Clear,0,1,[],[],0,0,Valid,0.0,0.0,38.0,38.0,['Male'],0,0,4,1,4,Dry,Straight,Level,Lowest,No
34463,48,Texas,483572,0,2,2,0,2,VICTORIA,December,5,Tuesday,18,0,Urban,High Speed (Arterial),Yes,28.79428333,-96.99017778,Complex/Circle,Dark - Lighted,Clear,Unknown,Unknown,Unknown EMS Scene Arrival Hour,Unknown EMS Scene Arrival Minutes,Unknown,Unknown EMS Hospital Arrival Time,1,Dark - Lighted,Clear,1,1,['Driver'],['None_Used'],0,0,Invalid,1.0,0.0,55.0,19.0,"['Male', 'Male']",0,0,5,1,5,Dry,Straight,Level,Lowest,No
34464,48,Texas,483573,0,2,2,0,2,FORT WORTH,December,4,Monday,22,24,Urban,Low Speed (Local),No,32.86428333,-97.31029167,Non-Intersection,Dark - Lighted,Clear,Unknown,Unknown if Notified,Unknown EMS Scene Arrival Hour,Unknown if Arrived,Not Applicable (Not Transported),Not Applicable (Not Transported),1,Dark - Lighted,Clear,1,1,['Driver'],['None_Used'],1,1,Valid,1.0,1.0,27.0,20.0,"['Male', 'Male']",1,0,5,1,5,Dry,Straight,Level,Lowest,No
34465,48,Texas,483574,0,2,2,0,3,DALLAS,November,18,Saturday,17,6,Urban,High Speed (Arterial),Yes,32.765725,-96.71791944,Simple Junction,Daylight,Clear,Unknown,Unknown,Unknown EMS Scene Arrival Hour,Unknown EMS Scene Arrival Minutes,Not Applicable (Not Transported),Not Applicable (Not Transported),1,Daylight,Clear,1,2,['Driver'],['None_Used'],1,1,Invalid,0.0,0.0,50.0,42.0,"['Male', 'Male']",0,0,5,2,5,Dry,Straight,Level,Lowest,No
34466,48,Texas,483576,0,1,1,0,3,AUSTIN,December,7,Thursday,12,40,Urban,High Speed (Arterial),Yes,30.25996667,-97.81414444,Non-Intersection,Daylight,Cloudy,Unknown,Unknown,Unknown EMS Scene Arrival Hour,Unknown EMS Scene Arrival Minutes,Not Applicable (Not Transported),Not Applicable (Not Transported),1,Daylight,Reduced Visibility,1,2,['Front_Passenger'],['Shoulder_Lapbelt'],0,0,Invalid,0.0,0.0,34.0,34.0,['Male'],3,0,3,2,3,Dry,Straight,Level,Lowest,No
34467,48,Texas,483577,0,1,1,0,1,GREENVILLE,December,3,Sunday,17,50,Urban,High Speed (Arterial),Yes,33.10845556,-96.07918889,Non-Intersection,Dark - Not Lighted,Clear,Unknown,Unknown if Notified,Unknown EMS Scene Arrival Hour,Unknown if Arrived,Not Applicable (Not Transported),Not Applicable (Not Transported),1,Dark - Unlighted,Clear,1,0,['Driver'],['None_Used'],1,1,Invalid,0.0,0.0,38.0,38.0,['Male'],1,0,3,1,3,Dry,Straight,Grade/Hillcrest,Lowest,No
34468,48,Texas,483578,0,2,2,0,3,NOT APPLICABLE,December,6,Wednesday,0,4,Urban,High Speed (Arterial),Yes,29.37472778,-98.76198333,Non-Intersection,Dark - Not Lighted,Clear,Unknown,Unknown,Unknown EMS Scene Arrival Hour,Unknown EMS Scene Arrival Minutes,Unknown,Unknown EMS Hospital Arrival Time,1,Dark - Unlighted,Clear,1,2,['Driver'],['Shoulder_Lapbelt'],1,1,Valid,0.0,0.0,33.0,31.0,"['Male', 'Female']",0,0,3,1,5,Dry,Curve,Level,Lowest,No
34469,48,Texas,483579,0,2,2,0,2,NOT APPLICABLE,November,17,Friday,15,52,Urban,Medium Speed (Collector),No,32.42135278,-97.37773611,Complex/Circle,Daylight,Cloudy,Unknown,Unknown,Unknown EMS Scene Arrival Hour,Unknown EMS Scene Arrival Minutes,Unknown,Unknown EMS Hospital Arrival Time,1,Daylight,Reduced Visibility,1,1,['Driver'],['None_Used'],0,0,Valid,0.0,1.0,58.0,31.0,"['Male', 'Male']",0,0,3,1,5,Dry,Straight,Level,Lowest,No
34470,48,Texas,483580,1,1,1,0,1,HOUSTON,November,25,Saturday,19,2,Urban,High Speed (Arterial),Yes,29.7023,-95.35876389,Non-Intersection,Dark - Lighted,Clear,Unknown,Unknown,Unknown EMS Scene Arrival Hour,Unknown EMS Scene Arrival Minutes,Unknown,Unknown EMS Hospital Arrival Time,1,Dark - Lighted,Clear,0,1,[],[],0,0,Valid,0.0,0.0,55.0,55.0,['Female'],0,0,3,1,4,Dry,Straight,Level,Lowest,No
34471,48,Texas,483581,0,2,2,0,3,FORT WORTH,December,3,Sunday,0,45,Urban,High Speed (Arterial),Yes,32.73951944,-97.34982222,Non-Intersection,Dark - Lighted,Clear,Unknown,Unknown,Unknown EMS Scene Arrival Hour,Unknown EMS Scene Arrival Minutes,Unknown,Unknown EMS Hospital Arrival Time,2,Dark - Lighted,Clear,2,1,"['Driver', 'Front_Passenger']","['Shoulder_Lapbelt', 'Shoulder_Lapbelt']",1,1,Valid,1.0,4.0,35.0,27.0,"['Female', 'Male']",0,0,3,1,5,Dry,Curve,Grade/Hillcrest,Lowest,No
34472,48,Texas,483582,0,2,2,0,4,NOT APPLICABLE,December,2,Saturday,14,16,Urban,Medium Speed (Collector),No,28.05791389,-97.50883056,Complex/Circle,Daylight,Cloudy,Unknown,Unknown,Unknown EMS Scene Arrival Hour,Unknown EMS Scene Arrival Minutes,Unknown,Unknown EMS Hospital Arrival Time,2,Daylight,Reduced Visibility,2,2,"['Driver', 'Front_Passenger']","['Shoulder_Lapbelt', 'Shoulder_Lapbelt']",0,0,Invalid,0.0,0.0,90.0,32.0,"['Male', 'Female']",0,0,3,1,5,Dry,Straight,Level,Lowest,No