,State_Code,State_Name,Crash_ID,Count_Non_Motorists,Count_Vehicles_Total,Count_Vehicle_Forms,Count_PVH_Involved,Count_Occupants_MV,City_Name,Month_Name,Day_of_Month,Day_of_Week,Crash_Hour,Crash_Minute,Area_Rural_Urban,Road_Functional_Class,On_NHS_Road,Latitude,Longitude,Intersection_Type,Light_Condition,Weather_Condition,Notif_Hour,Notif_Minute,Arrival_Hour,Arrival_Minute,Hospital_Hour,Hospital_Minute,Fatalities_Count,Clean_Light_Condition,Clean_Weather_Condition,Total_Killed,Total_Alive,Fatal_Seats_List,Killed_Restraint_List,Any_Driver_Drinking,Total_Drinking_Drivers,Driver_License_Category,Driver_Max_Prev_Accident_Count,Driver_Max_Prev_Speeding_Count,Max_Driver_Age,Min_Driver_Age,Driver_Sex_List,Total_Exceeding_Limit_Vehicles,Total_Too_Fast_Vehicles,Max_Vehicle_Type_Severity_5,Max_Vehicle_Damage_Rank,Max_Harmful_Event_Severity,Crash_Road_Surface_Condition,Crash_Horizontal_Alignment,Crash_Vertical_Profile,Crash_Impairment_Category,Crash_Vehicle_Defect
34473,48,Texas,483583,0,1,1,0,1,SNYDER,November,16,Thursday,21,0,Urban,Medium Speed (Collector),No,32.71715278,-100.920125,Simple Junction,Dark - Lighted,Clear,Unknown,Unknown if Notified,Unknown EMS Scene Arrival Hour,Unknown if Arrived,Not Applicable (Not Transported),Not Applicable (Not Transported),1,Dark - Lighted,Clear,1,0,['Driver'],['None_Used'],1,1,Valid,0.0,0.0,23.0,23.0,['Female'],1,0,2,1,3,Dry,Straight,Level,Lowest,No
34474,48,Texas,483584,0,1,1,0,3,HOUSTON,November,23,Thursday,1,29,Urban,Medium Speed (Collector),No,29.64330278,-95.33720556,Non-Intersection,Dark - Not Lighted,Cloudy,Unknown,Unknown,Unknown EMS Scene Arrival Hour,Unknown EMS Scene Arrival Minutes,Unknown,Unknown EMS Hospital Arrival Time,1,Dark - Unlighted,Reduced Visibility,1,2,['Driver'],['None_Used'],1,1,Invalid,0.0,0.0,42.0,42.0,['Female'],3,0,2,1,3,Dry,Curve,Level,Lowest,No
34475,48,Texas,483585,0,1,1,0,1,HOUSTON,November,23,Thursday,2,55,Urban,High Speed (Arterial),Yes,29.66016667,-95.38630278,Non-Intersection,Dark - Lighted,Clear,Unknown,Unknown if Notified,Unknown EMS Scene Arrival Hour,Unknown if Arrived,Not Applicable (Not Transported),Not Applicable (Not Transported),1,Dark - Lighted,Clear,1,0,['Driver'],['None_Used'],0,0,Valid,0.0,0.0,60.0,60.0,['Male'],0,0,2,1,3,Dry,Straight,Level,Lowest,No
34476,48,Texas,483586,0,2,2,0,4,SAN ANTONIO,December,2,Saturday,2,38,Urban,High Speed (Arterial),Yes,29.53194444,-98.39061944,Non-Intersection,Dark - Lighted,Clear,Unknown,Unknown,Unknown EMS Scene Arrival Hour,Unknown EMS Scene Arrival Minutes,Unknown,Unknown EMS Hospital Arrival Time,1,Dark - Lighted,Clear,1,2,['Rear_Seat'],['Shoulder_Lapbelt'],0,0,Invalid,0.0,0.0,999.0,30.0,"['Other', 'Male']",1,0,3,1,5,Dry,Straight,Level,Lowest,No
34477,48,Texas,483587,0,1,1,0,1,HOUSTON,November,20,Monday,20,27,Urban,Medium Speed (Collector),No,29.81368056,-95.35190556,Non-Intersection,Dark - Lighted,Clear,Unknown,Unknown if Notified,Unknown EMS Scene Arrival Hour,Unknown if Arrived,Not Applicable (Not Transported),Not Applicable (Not Transported),1,Dark - Lighted,Clear,1,0,['Driver'],['None_Used'],1,1,Invalid,0.0,0.0,32.0,32.0,['Male'],1,0,3,1,3,Dry,Curve,Level,Lowest,No
34478,48,Texas,483588,0,3,3,0,6,NOT APPLICABLE,December,2,Saturday,0,46,Urban,High Speed (Arterial),Yes,29.979025,-95.49161944,Complex/Circle,Dark - Not Lighted,Rain,Unknown,Unknown,Unknown EMS Scene Arrival Hour,Unknown EMS Scene Arrival Minutes,Unknown,Unknown EMS Hospital Arrival Time,1,Dark - Unlighted,Rain/Wind/Minor,1,5,['Rear_Seat'],['None_Used'],0,0,Invalid,0.0,1.0,62.0,16.0,"['Male', 'Female', 'Male']",4,0,3,2,5,Wet/Standing Water,Straight,Level,Lowest,No
34479,48,Texas,483589,0,2,2,0,2,NOT APPLICABLE,November,27,Monday,2,17,Urban,Medium Speed (Collector),No,30.02129167,-95.42834167,Complex/Circle,Dark - Not Lighted,Cloudy,Unknown,Unknown,Unknown EMS Scene Arrival Hour,Unknown EMS Scene Arrival Minutes,Not Applicable (Not Transported),Not Applicable (Not Transported),1,Dark - Unlighted,Reduced Visibility,1,1,['Driver'],['None_Used'],0,0,Invalid,0.0,0.0,19.0,16.0,"['Male', 'Male']",1,0,5,3,5,Dry,Straight,Level,Lowest,No
34480,48,Texas,483590,0,2,2,0,4,NOT APPLICABLE,December,3,Sunday,19,5,Urban,Medium Speed (Collector),No,29.80177222,-95.78718611,Simple Junction,Dark - Not Lighted,Clear,Unknown,Unknown,Unknown EMS Scene Arrival Hour,Unknown EMS Scene Arrival Minutes,Unknown,Unknown EMS Hospital Arrival Time,1,Dark - Unlighted,Clear,1,3,['Driver'],['None_Used'],0,0,Valid,0.0,0.0,43.0,23.0,"['Male', 'Female']",0,0,5,1,5,Dry,Straight,Level,Lowest,Yes
34481,48,Texas,483591,0,1,1,0,1,NOT APPLICABLE,December,9,Saturday,3,32,Rural,Medium Speed (Collector),No,32.18465556,-95.36758611,Non-Intersection,Dark - Not Lighted,Clear,Unknown,Unknown if Notified,Unknown EMS Scene Arrival Hour,Unknown if Arrived,Not Applicable (Not Transported),Not Applicable (Not Transported),1,Dark - Unlighted,Clear,1,0,['Driver'],['None_Used'],0,0,Valid,0.0,0.0,35.0,35.0,['Male'],1,0,3,1,3,Dry,Curve,Level,Lowest,No
34482,48,Texas,483592,1,1,1,0,2,SAN ANTONIO,December,8,Friday,19,50,Urban,High Speed (Arterial),No,29.55947222,-98.5154,Non-Intersection,Dark - Lighted,Clear,Unknown,Unknown,Unknown EMS Scene Arrival Hour,Unknown EMS Scene Arrival Minutes,Not Applicable (Not Transported),Not Applicable (Not Transported),1,Dark - Lighted,Clear,0,2,[],[],0,0,Valid,0.0,0.0,17.0,17.0,['Female'],0,0,2,1,4,Dry,Straight,Level,Lowest,No
34483,48,Texas,483593,1,1,1,0,2,SAN ANTONIO,December,8,Friday,21,0,Urban,High Speed (Arterial),Yes,29.31427778,-98.40310556,Non-Intersection,Dark - Lighted,Clear,Unknown,Unknown if Notified,Unknown EMS Scene Arrival Hour,Unknown if Arrived,Not Applicable (Not Transported),Not Applicable (Not Transported),1,Dark - Lighted,Clear,0,2,[],[],0,0,Valid,0.0,0.0,55.0,55.0,['Female'],0,0,3,2,4,Dry,Straight,Level,Lowest,No
34484,48,Texas,483594,0,2,2,0,2,HOUSTON,December,5,Tuesday,6,34,Urban,High Speed (Arterial),Yes,29.78618056,-95.28101944,Simple Junction,Dawn,Cloudy,Unknown,Unknown,Unknown EMS Scene Arrival Hour,Unknown EMS Scene Arrival Minutes,Unknown,Unknown EMS Hospital Arrival Time,1,Twilight,Reduced Visibility,1,1,['Driver'],['None_Used'],0,0,Valid,0.0,0.0,33.0,28.0,"['Male', 'Male']",1,0,4,4,5,Dry,Straight,Level,Lowest,No
34485,48,Texas,483595,0,2,2,0,2,NOT APPLICABLE,November,28,Tuesday,13,26,Rural,Medium Speed (Collector),No,31.96813889,-97.36823056,Non-Intersection,Daylight,Clear,Unknown,Unknown,Unknown EMS Scene Arrival Hour,Unknown EMS Scene Arrival Minutes,Unknown,Unknown EMS Hospital Arrival Time,1,Daylight,Clear,1,1,['Driver'],['None_Used'],0,0,Valid,0.0,0.0,73.0,29.0,"['Male', 'Male']",0,0,3,1,5,Dry,Straight,Level,Lowest,No
34486,48,Texas,483596,0,2,2,0,3,AMARILLO,December,6,Wednesday,21,23,Urban,Medium Speed (Collector),No,35.20907222,-101.67178056,Non-Intersection,Dark - Not Lighted,Clear,Unknown,Unknown,Unknown EMS Scene Arrival Hour,Unknown EMS Scene Arrival Minutes,Unknown,Unknown EMS Hospital Arrival Time,1,Dark - Unlighted,Clear,1,2,['Driver'],['Shoulder_Lapbelt'],0,0,Valid,2.0,0.0,35.0,18.0,"['Male', 'Female']",1,0,2,4,5,Dry,Straight,Level,Lowest,No
34487,48,Texas,483597,0,2,2,0,3,TEMPLE,December,7,Thursday,15,21,Urban,High Speed (Arterial),Yes,31.077875,-97.31426944,Non-Intersection,Daylight,Clear,Unknown,Unknown,Unknown EMS Scene Arrival Hour,Unknown EMS Scene Arrival Minutes,Unknown,Unknown EMS Hospital Arrival Time,1,Daylight,Clear,1,2,['Driver'],['Shoulder_Lapbelt'],0,0,Valid,0.0,0.0,66.0,56.0,"['Male', 'Male']",0,0,3,1,5,Dry,Straight,Level,Lowest,No
34488,48,Texas,483598,0,2,2,0,2,HOUSTON,December,2,Saturday,22,57,Urban,Medium Speed (Collector),No,29.71474722,-95.25998056,Non-Intersection,Dark - Not Lighted,Clear,Unknown,Unknown,Unknown EMS Scene Arrival Hour,Unknown EMS Scene Arrival Minutes,Unknown,Unknown EMS Hospital Arrival Time,1,Dark - Unlighted,Clear,1,1,['Driver'],['None_Used'],1,1,Invalid,0.0,0.0,51.0,43.0,"['Male', 'Male']",0,0,3,1,5,Dry,Curve,Level,Lowest,No
34489,48,Texas,483599,0,4,4,0,7,HOUSTON,November,5,Sunday,3,0,Urban,High Speed (Arterial),Yes,29.85840556,-95.33363056,Non-Intersection,Dark - Lighted,Clear,Unknown,Unknown if Notified,Unknown EMS Scene Arrival Hour,Unknown if Arrived,Not Applicable (Not Transported),Not Applicable (Not Transported),1,Dark - Lighted,Clear,1,6,['Driver'],['Shoulder_Lapbelt'],1,1,Invalid,0.0,0.0,63.0,18.0,"['Male', 'Male', 'Male', 'Male']",0,0,3,2,5,Dry,Straight,Grade/Hillcrest,Lowest,No
34490,48,Texas,483600,0,2,2,0,2,NOT APPLICABLE,November,24,Friday,16,55,Rural,Medium Speed (Collector),No,33.29261389,-97.73307222,Simple Junction,Daylight,Clear,Unknown,Unknown,Unknown EMS Scene Arrival Hour,Unknown EMS Scene Arrival Minutes,Unknown,Unknown EMS Hospital Arrival Time,1,Daylight,Clear,1,1,['Driver'],['None_Used'],1,1,Valid,1.0,1.0,54.0,46.0,"['Male', 'Male']",0,0,3,1,5,Dry,Straight,Level,Lowest,No
34491,48,Texas,483601,0,2,2,0,2,WALNUT SPRINGS,November,27,Monday,10,5,Rural,Medium Speed (Collector),No,32.06454722,-97.75205833,Non-Intersection,Daylight,Clear,Unknown,Unknown,Unknown EMS Scene Arrival Hour,Unknown EMS Scene Arrival Minutes,Unknown,Unknown EMS Hospital Arrival Time,1,Daylight,Clear,1,1,['Driver'],['Shoulder_Lapbelt'],0,0,Valid,0.0,0.0,76.0,32.0,"['Female', 'Male']",0,0,3,1,5,Dry,Curve,Level,Medium,No
34492,48,Texas,483602,1,1,1,0,1,GEORGETOWN,December,1,Friday,4,52,Urban,Medium Speed (Collector),No,30.64666667,-97.68162778,Non-Intersection,Dark - Not Lighted,Cloudy,Unknown,Unknown if Notified,Unknown EMS Scene Arrival Hour,Unknown if Arrived,Not Applicable (Not Transported),Not Applicable (Not Transported),1,Dark - Unlighted,Reduced Visibility,0,1,[],[],0,0,Invalid,0.0,3.0,30.0,30.0,['Male'],1,0,3,1,4,Wet/Standing Water,Straight,Grade/Hillcrest,Lowest,No
34493,48,Texas,483603,0,2,2,0,3,GUN BARREL CITY,November,21,Tuesday,16,55,Rural,High Speed (Arterial),Yes,32.33817222,-96.05350278,Complex/Circle,Daylight,Clear,Unknown,Unknown,Unknown EMS Scene Arrival Hour,Unknown EMS Scene Arrival Minutes,Unknown,Unknown EMS Hospital Arrival Time,1,Daylight,Clear,1,2,['Driver'],['Shoulder_Lapbelt'],0,0,Valid,0.0,0.0,72.0,43.0,"['Male', 'Male']",0,0,3,1,5,Dry,Straight,Level,Lowest,No
34494,48,Texas,483604,0,1,1,0,1,NOT APPLICABLE,November,25,Saturday,15,1,Rural,Medium Speed (Collector),No,28.2019,-98.94335278,Non-Intersection,Daylight,Cloudy,Unknown,Unknown if Notified,Unknown EMS Scene Arrival Hour,Unknown if Arrived,Not Applicable (Not Transported),Not Applicable (Not Transported),1,Daylight,Reduced Visibility,1,0,['Driver'],['Shoulder_Lapbelt'],0,0,Valid,0.0,1.0,33.0,33.0,['Male'],0,0,4,1,3,Wet/Standing Water,Straight,Level,Lowest,Yes
34495,48,Texas,483605,0,2,2,0,3,NOT APPLICABLE,November,22,Wednesday,22,57,Rural,Medium Speed (Collector),No,27.93281944,-97.87531667,Complex/Circle,Dark - Not Lighted,Clear,Unknown,Unknown,Unknown EMS Scene Arrival Hour,Unknown EMS Scene Arrival Minutes,Unknown,Unknown EMS Hospital Arrival Time,2,Dark - Unlighted,Clear,2,1,"['Front_Passenger', 'Driver']","['Shoulder_Lapbelt', 'Shoulder_Lapbelt']",0,0,Valid,0.0,2.0,48.0,18.0,"['Male', 'Male']",0,0,4,1,5,Dry,Straight,Level,Lowest,No
34496,48,Texas,483606,0,1,1,0,1,ARGYLE,November,19,Sunday,7,52,Urban,Medium Speed (Collector),No,33.10618889,-97.13114167,Non-Intersection,Daylight,Clear,Unknown,Unknown,Unknown EMS Scene Arrival Hour,Unknown EMS Scene Arrival Minutes,Unknown,Unknown EMS Hospital Arrival Time,1,Daylight,Clear,1,0,['Driver'],['None_Used'],0,0,Valid,0.0,0.0,19.0,19.0,['Male'],1,0,5,1,3,Dry,Straight,Level,Lowest,No
34497,48,Texas,483607,1,1,1,0,1,HOUSTON,December,11,Monday,5,34,Urban,High Speed (Arterial),Yes,29.89818889,-95.41809722,Non-Intersection,Dark - Lighted,Clear,Unknown,Unknown if Notified,Unknown EMS Scene Arrival Hour,Unknown if Arrived,Not Applicable (Not Transported),Not Applicable (Not Transported),1,Dark - Lighted,Clear,0,1,[],[],0,0,Valid,0.0,0.0,59.0,59.0,['Male'],0,0,3,2,4,Dry,Straight,Level,Lowest,No
34498,48,Texas,483608,1,1,1,0,1,FLOWER MOUND,December,5,Tuesday,18,31,Urban,High Speed (Arterial),Yes,33.03494167,-97.064725,Non-Intersection,Dark - Not Lighted,Clear,Unknown,Unknown,Unknown EMS Scene Arrival Hour,Unknown EMS Scene Arrival Minutes,Unknown,Unknown EMS Hospital Arrival Time,1,Dark - Unlighted,Clear,0,1,[],[],0,0,Valid,0.0,0.0,61.0,61.0,['Male'],0,0,2,1,4,Dry,Straight,Level,Lowest,No
34499,48,Texas,483609,0,2,2,0,3,HARKER HEIGHTS,November,26,Sunday,1,4,Urban,High Speed (Arterial),Yes,31.08855556,-97.66018056,Non-Intersection,Dark - Lighted,Cloudy,Unknown,Unknown if Notified,Unknown EMS Scene Arrival Hour,Unknown if Arrived,Not Applicable (Not Transported),Not Applicable (Not Transported),1,Dark - Lighted,Reduced Visibility,1,2,['Driver'],['None_Used'],0,0,Valid,2.0,1.0,25.0,23.0,"['Male', 'Male']",2,0,3,4,5,Dry,Straight,Level,Lowest,No
34500,48,Texas,483610,0,2,2,0,2,NOT APPLICABLE,December,1,Friday,17,12,Rural,High Speed (Arterial),Yes,32.10494444,-98.35071667,Complex/Circle,Daylight,Clear,Unknown,Unknown,Unknown EMS Scene Arrival Hour,Unknown EMS Scene Arrival Minutes,Unknown,Unknown EMS Hospital Arrival Time,1,Daylight,Clear,1,1,['Driver'],['None_Used'],0,0,Valid,0.0,1.0,71.0,22.0,"['Male', 'Female']",0,0,3,4,5,Dry,Straight,Level,Lowest,No
34501,48,Texas,483611,0,1,1,0,5,NOT APPLICABLE,December,4,Monday,10,58,Rural,Medium Speed (Collector),No,27.93975556,-97.44072778,Non-Intersection,Daylight,Clear,Unknown,Unknown,Unknown EMS Scene Arrival Hour,Unknown EMS Scene Arrival Minutes,Unknown,Unknown EMS Hospital Arrival Time,1,Daylight,Clear,1,4,['Front_Passenger'],['Shoulder_Lapbelt'],0,0,Valid,0.0,0.0,27.0,27.0,['Female'],5,0,2,1,3,Dry,Curve,Level,Lowest,No
34502,48,Texas,483612,0,2,2,0,2,NOT APPLICABLE,December,8,Friday,7,45,Rural,High Speed (Arterial),Yes,31.94720556,-98.47919444,Non-Intersection,Dawn,Clear,Unknown,Unknown,Unknown EMS Scene Arrival Hour,Unknown EMS Scene Arrival Minutes,Unknown,Unknown EMS Hospital Arrival Time,1,Twilight,Clear,1,1,['Driver'],['Shoulder_Lapbelt'],0,0,Valid,1.0,2.0,30.0,19.0,"['Male', 'Male']",1,0,3,1,5,Dry,Straight,Level,Lowest,No
34503,48,Texas,483613,0,4,4,0,10,NOT APPLICABLE,December,8,Friday,17,57,Rural,High Speed (Arterial),Yes,32.78970556,-94.95049167,Simple Junction,Dusk,Cloudy,Unknown,Unknown,Unknown EMS Scene Arrival Hour,Unknown EMS Scene Arrival Minutes,Unknown,Unknown EMS Hospital Arrival Time,1,Twilight,Reduced Visibility,1,9,['Driver'],['Shoulder_Lapbelt'],0,0,Valid,1.0,1.0,48.0,29.0,"['Male', 'Female', 'Male', 'Male']",1,0,4,2,5,Dry,Straight,Level,Lowest,No
34504,48,Texas,483614,0,1,1,0,1,NOT APPLICABLE,December,2,Saturday,2,32,Rural,Low Speed (Local),No,29.89470833,-97.276225,Simple Junction,Dark - Not Lighted,Clear,Unknown,Unknown if Notified,Unknown EMS Scene Arrival Hour,Unknown if Arrived,Not Applicable (Not Transported),Not Applicable (Not Transported),1,Dark - Unlighted,Clear,1,0,['Driver'],['None_Used'],1,1,Valid,0.0,0.0,21.0,21.0,['Male'],0,0,2,4,3,Dry,Curve,Grade/Hillcrest,Lowest,No
34505,48,Texas,483615,0,1,1,0,2,NOT APPLICABLE,December,3,Sunday,0,51,Rural,Low Speed (Local),No,33.16914444,-97.22951111,Non-Intersection,Dark - Not Lighted,Clear,Unknown,Unknown,Unknown EMS Scene Arrival Hour,Unknown EMS Scene Arrival Minutes,Not Applicable (Not Transported),Not Applicable (Not Transported),1,Dark - Unlighted,Clear,1,1,['Front_Passenger'],['None_Used'],0,0,Valid,2.0,5.0,26.0,26.0,['Male'],2,0,2,4,3,Dry,Curve,Grade/Hillcrest,Lowest,No
34506,48,Texas,483616,0,1,1,0,1,Other,December,9,Saturday,11,47,Urban,High Speed (Arterial),Yes,32.97673889,-97.02393056,Non-Intersection,Daylight,Clear,Unknown,Unknown if Notified,Unknown EMS Scene Arrival Hour,Unknown if Arrived,Not Applicable (Not Transported),Not Applicable (Not Transported),1,Daylight,Clear,1,0,['Driver'],['Shoulder_Lapbelt'],0,0,Valid,0.0,0.0,58.0,58.0,['Male'],0,0,3,1,3,Dry,Straight,Level,Lowest,No
34507,48,Texas,483617,0,2,2,0,3,IRVING,October,28,Saturday,23,28,Urban,High Speed (Arterial),Yes,32.84491389,-96.99227222,Complex/Circle,Dark - Lighted,Clear,Unknown,Unknown if Notified,Unknown EMS Scene Arrival Hour,Unknown if Arrived,Not Applicable (Not Transported),Not Applicable (Not Transported),1,Dark - Lighted,Clear,1,2,['Driver'],['Shoulder_Lapbelt'],1,1,Valid,1.0,0.0,65.0,32.0,"['Male', 'Male']",2,0,3,1,5,Dry,Straight,Level,Lowest,No
34508,48,Texas,483618,0,1,1,0,2,NOT APPLICABLE,December,7,Thursday,14,40,Rural,Medium Speed (Collector),No,32.84286944,-95.39793056,Non-Intersection,Daylight,Cloudy,Unknown,Unknown,Unknown EMS Scene Arrival Hour,Unknown EMS Scene Arrival Minutes,Unknown,Unknown EMS Hospital Arrival Time,1,Daylight,Reduced Visibility,1,1,['Front_Passenger'],['Shoulder_Lapbelt'],0,0,Valid,0.0,0.0,63.0,63.0,['Female'],0,0,2,1,3,Dry,Straight,Level,Medium,No
34509,48,Texas,483619,0,1,1,0,1,EL PASO,November,19,Sunday,4,23,Urban,Low Speed (Local),No,31.74454722,-106.27859722,Simple Junction,Dark - Not Lighted,Clear,Unknown,Unknown if Notified,Unknown EMS Scene Arrival Hour,Unknown if Arrived,Not Applicable (Not Transported),Not Applicable (Not Transported),1,Dark - Unlighted,Clear,1,0,['Driver'],['None_Used'],1,1,Valid,1.0,0.0,27.0,27.0,['Male'],1,0,5,1,3,Dry,Straight,Grade/Hillcrest,Lowest,No
34510,48,Texas,483620,0,2,2,0,3,NOT APPLICABLE,December,7,Thursday,18,0,Rural,Medium Speed (Collector),No,32.8255,-97.82354444,Non-Intersection,Dark - Not Lighted,Clear,Unknown,Unknown if Notified,Unknown EMS Scene Arrival Hour,Unknown if Arrived,Not Applicable (Not Transported),Not Applicable (Not Transported),1,Dark - Unlighted,Clear,1,2,['Driver'],['None_Used'],0,0,Valid,1.0,0.0,33.0,29.0,"['Female', 'Male']",2,0,5,1,5,Dry,Straight,Level,Lowest,No
34511,48,Texas,483621,1,1,1,0,1,HOUSTON,October,22,Sunday,20,12,Urban,Medium Speed (Collector),No,29.68521389,-95.29300833,Complex/Circle,Dark - Not Lighted,Cloudy,Unknown,Unknown,Unknown EMS Scene Arrival Hour,Unknown EMS Scene Arrival Minutes,Unknown,Unknown EMS Hospital Arrival Time,1,Dark - Unlighted,Reduced Visibility,0,0,[],[],0,0,Invalid,0.0,0.0,999.0,999.0,['Other'],0,0,1,2,4,Dry,Straight,Level,Lowest,No
34512,48,Texas,483622,0,1,1,0,1,KELLER,December,6,Wednesday,20,47,Urban,High Speed (Arterial),Yes,32.95678333,-97.25376944,Non-Intersection,Dark - Lighted,Clear,Unknown,Unknown,Unknown EMS Scene Arrival Hour,Unknown EMS Scene Arrival Minutes,Unknown,Unknown EMS Hospital Arrival Time,1,Dark - Lighted,Clear,1,0,['Driver'],['None_Used'],0,0,Valid,0.0,0.0,19.0,19.0,['Female'],1,0,5,1,3,Dry,Straight,Level,Lowest,No
34513,48,Texas,483623,0,2,2,0,3,NOT APPLICABLE,December,1,Friday,16,42,Rural,High Speed (Arterial),Yes,32.1083,-94.84912222,Non-Intersection,Daylight,Clear,Unknown,Unknown,Unknown EMS Scene Arrival Hour,Unknown EMS Scene Arrival Minutes,Unknown,Unknown EMS Hospital Arrival Time,1,Daylight,Clear,1,2,['Driver'],['Shoulder_Lapbelt'],0,0,Valid,0.0,1.0,74.0,47.0,"['Male', 'Male']",0,0,4,4,5,Dry,Straight,Grade/Hillcrest,Lowest,No
34514,48,Texas,483624,0,2,2,0,2,NOT APPLICABLE,November,19,Sunday,19,11,Rural,High Speed (Arterial),Yes,31.96726667,-101.98337778,Complex/Circle,Dark - Not Lighted,Clear,Unknown,Unknown if Notified,Unknown EMS Scene Arrival Hour,Unknown if Arrived,Not Applicable (Not Transported),Not Applicable (Not Transported),1,Dark - Unlighted,Clear,1,1,['Driver'],['Shoulder_Lapbelt'],0,0,Valid,0.0,0.0,68.0,48.0,"['Male', 'Male']",0,0,4,1,5,Dry,Straight,Level,Lowest,No
34515,48,Texas,483625,0,2,2,0,2,NOT APPLICABLE,November,17,Friday,9,9,Rural,Medium Speed (Collector),No,31.89958889,-102.21160278,Non-Intersection,Daylight,Clear,Unknown,Unknown,Unknown EMS Scene Arrival Hour,Unknown EMS Scene Arrival Minutes,Unknown,Unknown EMS Hospital Arrival Time,1,Daylight,Clear,1,1,['Driver'],['Shoulder_Lapbelt'],0,0,Valid,0.0,0.0,42.0,41.0,"['Male', 'Male']",1,0,3,2,5,Dry,Straight,Level,Lowest,No
34516,48,Texas,483626,0,3,3,0,3,AMARILLO,December,6,Wednesday,22,51,Urban,High Speed (Arterial),Yes,35.19406389,-101.74241667,Non-Intersection,Dark - Lighted,Clear,Unknown,Unknown if Notified,Unknown EMS Scene Arrival Hour,Unknown if Arrived,Not Applicable (Not Transported),Not Applicable (Not Transported),1,Dark - Lighted,Clear,1,2,['Driver'],['Shoulder_Lapbelt'],0,0,Valid,0.0,2.0,29.0,21.0,"['Male', 'Male', 'Male']",2,0,4,2,5,Dry,Straight,Non-Trafficway,Lowest,No
34517,48,Texas,483627,0,1,1,0,1,NOT APPLICABLE,December,2,Saturday,10,11,Rural,Medium Speed (Collector),No,30.02891944,-97.75177222,Non-Intersection,Daylight,Clear,Unknown,Unknown if Notified,Unknown EMS Scene Arrival Hour,Unknown if Arrived,Not Applicable (Not Transported),Not Applicable (Not Transported),1,Daylight,Clear,1,0,['Driver'],['Shoulder_Lapbelt'],0,0,Valid,0.0,0.0,83.0,83.0,['Male'],1,0,2,1,3,Dry,Curve,Grade/Hillcrest,Lowest,No
34518,48,Texas,483628,0,1,1,0,1,SOCORRO,November,20,Monday,23,37,Urban,Medium Speed (Collector),No,31.62216389,-106.243525,Non-Intersection,Dark - Lighted,Clear,Unknown,Unknown if Notified,Unknown EMS Scene Arrival Hour,Unknown if Arrived,Not Applicable (Not Transported),Not Applicable (Not Transported),1,Dark - Lighted,Clear,1,0,['Driver'],['None_Used'],0,0,Valid,0.0,0.0,54.0,54.0,['Male'],1,0,5,1,2,Dry,Curve,Level,Lowest,No
34519,48,Texas,483629,0,2,1,1,1,NOT APPLICABLE,October,29,Sunday,0,39,Rural,High Speed (Arterial),Yes,27.02861944,-98.13971667,Non-Intersection,Dark - Lighted,Cloudy,Unknown,Unknown,Unknown EMS Scene Arrival Hour,Unknown EMS Scene Arrival Minutes,Unknown,Unknown EMS Hospital Arrival Time,1,Dark - Lighted,Reduced Visibility,1,0,['Driver'],['Shoulder_Lapbelt'],0,0,Valid,0.0,0.0,53.0,53.0,['Male'],0,0,3,1,5,Dry,Straight,Level,Lowest,No
34520,48,Texas,483630,1,1,1,0,1,HOUSTON,November,12,Sunday,22,44,Urban,Medium Speed (Collector),No,29.84348611,-95.56998611,Non-Intersection,Dark - Not Lighted,Rain,Unknown,Unknown if Notified,Unknown EMS Scene Arrival Hour,Unknown if Arrived,Not Applicable (Not Transported),Not Applicable (Not Transported),1,Dark - Unlighted,Rain/Wind/Minor,0,0,[],[],0,0,Invalid,0.0,0.0,999.0,999.0,['Other'],0,0,1,0,4,Wet/Standing Water,Straight,Level,Lowest,No
34521,48,Texas,483631,1,1,1,0,1,COLEMAN,December,1,Friday,7,49,Rural,Medium Speed (Collector),No,31.82719167,-99.42322222,Complex/Circle,Dawn,Clear,Unknown,Unknown,Unknown EMS Scene Arrival Hour,Unknown EMS Scene Arrival Minutes,Unknown,Unknown EMS Hospital Arrival Time,1,Twilight,Clear,0,1,[],[],0,0,Invalid,0.0,0.0,17.0,17.0,['Male'],0,0,3,1,4,Dry,Straight,Level,Lowest,No
34522,48,Texas,483632,0,1,1,0,1,MIDLAND,December,5,Tuesday,2,10,Urban,High Speed (Arterial),No,32.03511667,-102.05891389,Non-Intersection,Dark - Lighted,Clear,Unknown,Unknown if Notified,Unknown EMS Scene Arrival Hour,Unknown if Arrived,Not Applicable (Not Transported),Not Applicable (Not Transported),1,Dark - Lighted,Clear,1,0,['Driver'],['Shoulder_Lapbelt'],0,0,Valid,0.0,1.0,34.0,34.0,['Male'],0,0,3,1,3,Dry,Straight,Level,Lowest,No