,State_Code,State_Name,Crash_ID,Count_Non_Motorists,Count_Vehicles_Total,Count_Vehicle_Forms,Count_PVH_Involved,Count_Occupants_MV,City_Name,Month_Name,Day_of_Month,Day_of_Week,Crash_Hour,Crash_Minute,Area_Rural_Urban,Road_Functional_Class,On_NHS_Road,Latitude,Longitude,Intersection_Type,Light_Condition,Weather_Condition,Notif_Hour,Notif_Minute,Arrival_Hour,Arrival_Minute,Hospital_Hour,Hospital_Minute,Fatalities_Count,Clean_Light_Condition,Clean_Weather_Condition,Total_Killed,Total_Alive,Fatal_Seats_List,Killed_Restraint_List,Any_Driver_Drinking,Total_Drinking_Drivers,Driver_License_Category,Driver_Max_Prev_Accident_Count,Driver_Max_Prev_Speeding_Count,Max_Driver_Age,Min_Driver_Age,Driver_Sex_List,Total_Exceeding_Limit_Vehicles,Total_Too_Fast_Vehicles,Max_Vehicle_Type_Severity_5,Max_Vehicle_Damage_Rank,Max_Harmful_Event_Severity,Crash_Road_Surface_Condition,Crash_Horizontal_Alignment,Crash_Vertical_Profile,Crash_Impairment_Category,Crash_Vehicle_Defect
34523,48,Texas,483633,1,1,1,0,1,CORPUS CHRISTI,December,7,Thursday,18,29,Urban,Medium Speed (Collector),No,27.74858333,-97.42853333,Simple Junction,Dark - Lighted,Cloudy,Unknown,Unknown,Unknown EMS Scene Arrival Hour,Unknown EMS Scene Arrival Minutes,Unknown,Unknown EMS Hospital Arrival Time,1,Dark - Lighted,Reduced Visibility,1,0,['Driver'],['Shoulder_Lapbelt'],1,1,Valid,0.0,0.0,80.0,80.0,['Male'],0,0,3,4,2,Dry,Straight,Level,Medium,No
34524,48,Texas,483634,0,1,1,0,1,HUNTSVILLE,November,23,Thursday,3,48,Rural,High Speed (Arterial),Yes,30.75363333,-95.614725,Non-Intersection,Dark - Not Lighted,Cloudy,Unknown,Unknown if Notified,Unknown EMS Scene Arrival Hour,Unknown if Arrived,Not Applicable (Not Transported),Not Applicable (Not Transported),1,Dark - Unlighted,Reduced Visibility,1,0,['Driver'],['Shoulder_Lapbelt'],1,1,Invalid,0.0,0.0,46.0,46.0,['Female'],0,0,3,1,3,Dry,Straight,Level,Lowest,No
34525,48,Texas,483635,1,1,1,0,1,HUNTSVILLE,November,26,Sunday,6,9,Urban,High Speed (Arterial),Yes,30.68988889,-95.545525,Non-Intersection,Dark - Not Lighted,Clear,Unknown,Unknown if Notified,Unknown EMS Scene Arrival Hour,Unknown if Arrived,Not Applicable (Not Transported),Not Applicable (Not Transported),1,Dark - Unlighted,Clear,0,1,[],[],0,0,Valid,0.0,2.0,46.0,46.0,['Male'],0,0,3,2,4,Dry,Straight,Grade/Hillcrest,Lowest,No
34526,48,Texas,483636,0,1,1,0,2,NOT APPLICABLE,November,30,Thursday,22,5,Rural,Medium Speed (Collector),No,29.97792222,-96.85161667,Non-Intersection,Dark - Not Lighted,"Fog, Smog, Smoke",Unknown,Unknown,Unknown EMS Scene Arrival Hour,Unknown EMS Scene Arrival Minutes,Unknown,Unknown EMS Hospital Arrival Time,1,Dark - Unlighted,Reduced Visibility,1,1,['Driver'],['Shoulder_Lapbelt'],1,1,Invalid,0.0,0.0,19.0,19.0,['Male'],0,0,2,1,3,Dry,Straight,Grade/Hillcrest,Lowest,No
34527,48,Texas,483637,0,2,2,0,3,NOT APPLICABLE,November,30,Thursday,7,35,Rural,High Speed (Arterial),Yes,30.07801944,-98.92051667,Non-Intersection,Daylight,Rain,Unknown,Unknown,Unknown EMS Scene Arrival Hour,Unknown EMS Scene Arrival Minutes,Unknown,Unknown EMS Hospital Arrival Time,1,Daylight,Rain/Wind/Minor,1,2,['Driver'],['Shoulder_Lapbelt'],0,0,Valid,0.0,0.0,65.0,28.0,"['Male', 'Female']",1,0,3,4,5,Wet/Standing Water,Curve,Grade/Hillcrest,Lowest,No
34528,48,Texas,483638,0,2,2,0,2,HOUSTON,November,21,Tuesday,23,2,Urban,High Speed (Arterial),Yes,29.78496111,-95.62775556,Non-Intersection,Dark - Not Lighted,Clear,Unknown,Unknown,Unknown EMS Scene Arrival Hour,Unknown EMS Scene Arrival Minutes,Unknown,Unknown EMS Hospital Arrival Time,1,Dark - Unlighted,Clear,1,1,['Driver'],['Shoulder_Lapbelt'],1,1,Valid,1.0,1.0,61.0,25.0,"['Male', 'Female']",0,0,4,1,5,Dry,Straight,Level,Lowest,Yes
34529,48,Texas,483639,0,1,1,0,2,ZAVALLA,December,8,Friday,21,25,Rural,Medium Speed (Collector),No,31.15701111,-94.41697222,Non-Intersection,Dark - Lighted,Cloudy,Unknown,Unknown,Unknown EMS Scene Arrival Hour,Unknown EMS Scene Arrival Minutes,Unknown,Unknown EMS Hospital Arrival Time,1,Dark - Lighted,Reduced Visibility,1,1,['Driver'],['Shoulder_Lapbelt'],0,0,Valid,0.0,0.0,79.0,79.0,['Male'],2,0,3,1,3,Dry,Curve,Grade/Hillcrest,Lowest,No
34530,48,Texas,483640,1,1,1,0,1,DALLAS,December,4,Monday,19,26,Urban,High Speed (Arterial),Yes,32.70278056,-96.83393333,Non-Intersection,Dark - Lighted,Clear,Unknown,Unknown,Unknown EMS Scene Arrival Hour,Unknown EMS Scene Arrival Minutes,Unknown,Unknown EMS Hospital Arrival Time,1,Dark - Lighted,Clear,0,1,[],[],0,0,Invalid,0.0,0.0,24.0,24.0,['Male'],0,0,2,1,4,Dry,Curve,Grade/Hillcrest,Lowest,No
34531,48,Texas,483641,2,3,3,0,1,LEWISVILLE,December,5,Tuesday,6,8,Urban,High Speed (Arterial),Yes,32.990575,-97.00915833,Non-Intersection,Dark - Lighted,Clear,Unknown,Unknown,Unknown EMS Scene Arrival Hour,Unknown EMS Scene Arrival Minutes,Unknown,Unknown EMS Hospital Arrival Time,1,Dark - Lighted,Clear,0,1,[],[],0,0,Valid,0.0,0.0,28.0,28.0,['Female'],0,0,2,1,5,Dry,Straight,Level,Lowest,No
34532,48,Texas,483642,0,1,1,0,2,CORPUS CHRISTI,December,9,Saturday,23,9,Urban,High Speed (Arterial),Yes,27.72021944,-97.39935278,Simple Junction,Dark - Lighted,Cloudy,Unknown,Unknown,Unknown EMS Scene Arrival Hour,Unknown EMS Scene Arrival Minutes,Unknown,Unknown EMS Hospital Arrival Time,1,Dark - Lighted,Reduced Visibility,1,1,['Driver'],['None_Used'],1,1,Valid,0.0,0.0,37.0,37.0,['Male'],2,0,3,1,3,Dry,Straight,Level,Lowest,No
34533,48,Texas,483643,0,5,2,3,3,LUBBOCK,December,9,Saturday,19,22,Urban,High Speed (Arterial),Yes,33.541575,-101.84879722,Complex/Circle,Dark - Lighted,Clear,Unknown,Unknown,Unknown EMS Scene Arrival Hour,Unknown EMS Scene Arrival Minutes,Unknown,Unknown EMS Hospital Arrival Time,2,Dark - Lighted,Clear,2,1,"['Driver', 'Rear_Seat']","['Shoulder_Lapbelt', 'Shoulder_Lapbelt']",1,2,Valid,1.0,1.0,41.0,24.0,"['Male', 'Female']",1,0,2,1,5,Dry,Straight,Level,Lowest,No
34534,48,Texas,483644,0,2,2,0,2,NOT APPLICABLE,December,4,Monday,14,49,Rural,High Speed (Arterial),Yes,30.37455,-98.37335,Non-Intersection,Daylight,Clear,Unknown,Unknown,Unknown EMS Scene Arrival Hour,Unknown EMS Scene Arrival Minutes,Unknown,Unknown EMS Hospital Arrival Time,1,Daylight,Clear,1,1,['Driver'],['Shoulder_Lapbelt'],0,0,Valid,0.0,0.0,63.0,34.0,"['Male', 'Male']",0,0,3,1,5,Dry,Curve,Level,Lowest,No
34535,48,Texas,483645,0,1,1,0,1,NOT APPLICABLE,December,2,Saturday,21,18,Rural,Medium Speed (Collector),No,31.98030833,-97.21736667,Non-Intersection,Dark - Not Lighted,Clear,Unknown,Unknown if Notified,Unknown EMS Scene Arrival Hour,Unknown if Arrived,Not Applicable (Not Transported),Not Applicable (Not Transported),1,Dark - Unlighted,Clear,1,0,['Driver'],['None_Used'],1,1,Valid,1.0,0.0,45.0,45.0,['Male'],0,0,5,1,3,Dry,Straight,Level,Lowest,No
34536,48,Texas,483646,0,2,2,0,2,NOT APPLICABLE,November,27,Monday,16,37,Rural,High Speed (Arterial),No,33.05858056,-96.10968611,Non-Intersection,Daylight,Clear,Unknown,Unknown if Notified,Unknown EMS Scene Arrival Hour,Unknown if Arrived,Not Applicable (Not Transported),Not Applicable (Not Transported),1,Daylight,Clear,1,1,['Driver'],['Shoulder_Lapbelt'],0,0,Valid,1.0,0.0,66.0,58.0,"['Male', 'Male']",0,0,3,1,5,Dry,Straight,Level,Lowest,No
34537,48,Texas,483647,1,1,1,0,1,FORT STOCKTON,December,2,Saturday,19,21,Urban,High Speed (Arterial),Yes,30.87794722,-102.86788056,Complex/Circle,Dark - Not Lighted,Clear,Unknown,Unknown,Unknown EMS Scene Arrival Hour,Unknown EMS Scene Arrival Minutes,Unknown,Unknown EMS Hospital Arrival Time,1,Dark - Unlighted,Clear,0,1,[],[],0,0,Valid,0.0,0.0,62.0,62.0,['Male'],0,0,4,1,4,Dry,Straight,Level,Lowest,No
34538,48,Texas,483648,0,1,1,0,1,EL PASO,December,5,Tuesday,3,13,Rural,High Speed (Arterial),Yes,31.91334167,-106.566575,Non-Intersection,Dark - Not Lighted,Clear,Unknown,Unknown,Unknown EMS Scene Arrival Hour,Unknown EMS Scene Arrival Minutes,Unknown,Unknown EMS Hospital Arrival Time,1,Dark - Unlighted,Clear,1,0,['Driver'],['Shoulder_Lapbelt'],0,0,Valid,0.0,0.0,44.0,44.0,['Male'],0,0,3,2,2,Dry,Curve,Level,Medium,No
34539,48,Texas,483649,0,1,1,0,3,HOUSTON,November,7,Tuesday,23,43,Urban,High Speed (Arterial),Yes,29.65758333,-95.25526389,Non-Intersection,Dark - Lighted,Clear,Unknown,Unknown,Unknown EMS Scene Arrival Hour,Unknown EMS Scene Arrival Minutes,Unknown,Unknown EMS Hospital Arrival Time,1,Dark - Lighted,Clear,1,2,['Rear_Seat'],['None_Used'],0,0,Invalid,0.0,0.0,23.0,23.0,['Male'],3,0,2,1,3,Dry,Straight,Grade/Hillcrest,Lowest,No
34540,48,Texas,483650,0,1,1,0,1,SAN ANTONIO,December,12,Tuesday,0,25,Urban,Medium Speed (Collector),No,29.46046944,-98.522175,Non-Intersection,Dark - Lighted,Cloudy,Unknown,Unknown,Unknown EMS Scene Arrival Hour,Unknown EMS Scene Arrival Minutes,Unknown,Unknown EMS Hospital Arrival Time,1,Dark - Lighted,Reduced Visibility,1,0,['Driver'],['Shoulder_Lapbelt'],0,0,Valid,0.0,0.0,61.0,61.0,['Male'],0,0,3,4,3,Dry,Straight,Level,Lowest,No
34541,48,Texas,483651,1,1,1,0,1,ORANGE,December,13,Wednesday,18,40,Rural,Medium Speed (Collector),No,30.13020833,-93.88821667,Non-Intersection,Dark - Not Lighted,Clear,Unknown,Unknown if Notified,Unknown EMS Scene Arrival Hour,Unknown if Arrived,Not Applicable (Not Transported),Not Applicable (Not Transported),1,Dark - Unlighted,Clear,0,1,[],[],0,0,Valid,0.0,0.0,51.0,51.0,['Male'],0,0,3,2,4,Dry,Straight,Level,Lowest,No
34542,48,Texas,483653,0,1,1,0,1,NOT APPLICABLE,December,10,Sunday,22,50,Rural,Medium Speed (Collector),No,30.38234722,-94.300875,Non-Intersection,Dark - Not Lighted,Clear,Unknown,Unknown if Notified,Unknown EMS Scene Arrival Hour,Unknown if Arrived,Not Applicable (Not Transported),Not Applicable (Not Transported),1,Dark - Unlighted,Clear,1,0,['Driver'],['None_Used'],0,0,Valid,0.0,0.0,41.0,41.0,['Male'],1,0,3,1,3,Dry,Curve,Level,Lowest,No
34543,48,Texas,483654,0,1,1,0,1,MINEOLA,November,14,Tuesday,21,36,Urban,Medium Speed (Collector),No,32.66552222,-95.50262778,Simple Junction,Dark - Lighted,Clear,Unknown,Unknown,Unknown EMS Scene Arrival Hour,Unknown EMS Scene Arrival Minutes,Unknown,Unknown EMS Hospital Arrival Time,1,Dark - Lighted,Clear,1,0,['Driver'],['Shoulder_Lapbelt'],0,0,Valid,0.0,0.0,72.0,72.0,['Male'],0,0,2,1,3,Dry,Straight,Level,Lowest,No
34544,48,Texas,483655,0,2,2,0,2,DALLAS,November,19,Sunday,15,33,Urban,Medium Speed (Collector),No,32.839975,-96.75290833,Non-Intersection,Daylight,Cloudy,Unknown,Unknown,Unknown EMS Scene Arrival Hour,Unknown EMS Scene Arrival Minutes,Unknown,Unknown EMS Hospital Arrival Time,1,Daylight,Reduced Visibility,1,1,['Driver'],['None_Used'],1,1,Valid,0.0,0.0,73.0,36.0,"['Male', 'Female']",1,0,3,1,5,Wet/Standing Water,Straight,Level,Lowest,No
34545,48,Texas,483656,0,1,1,0,3,HOUSTON,October,8,Sunday,4,30,Urban,Medium Speed (Collector),No,29.84851389,-95.34298611,Non-Intersection,Dark - Lighted,Clear,Unknown,Unknown if Notified,Unknown EMS Scene Arrival Hour,Unknown if Arrived,Not Applicable (Not Transported),Not Applicable (Not Transported),1,Dark - Lighted,Clear,1,2,['Front_Passenger'],['None_Used'],1,1,Valid,0.0,0.0,32.0,32.0,['Male'],3,0,3,1,3,Dry,Straight,Level,Lowest,No
34546,48,Texas,483657,0,1,1,0,1,HOUSTON,December,1,Friday,4,30,Urban,Medium Speed (Collector),No,29.68014444,-95.60287778,Non-Intersection,Dark - Not Lighted,Rain,Unknown,Unknown if Notified,Unknown EMS Scene Arrival Hour,Unknown if Arrived,Not Applicable (Not Transported),Not Applicable (Not Transported),1,Dark - Unlighted,Rain/Wind/Minor,1,0,['Driver'],['Shoulder_Lapbelt'],1,1,Valid,0.0,0.0,21.0,21.0,['Female'],1,0,2,4,3,Wet/Standing Water,Curve,Level,Lowest,No
34547,48,Texas,483658,0,3,3,0,5,NOT APPLICABLE,December,4,Monday,12,9,Rural,High Speed (Arterial),Yes,32.37313056,-95.03669722,Non-Intersection,Daylight,Cloudy,Unknown,Unknown,Unknown EMS Scene Arrival Hour,Unknown EMS Scene Arrival Minutes,Unknown,Unknown EMS Hospital Arrival Time,1,Daylight,Reduced Visibility,1,4,['Front_Passenger'],['None_Used'],0,0,Valid,0.0,0.0,67.0,18.0,"['Male', 'Male', 'Male']",0,0,4,1,5,Dry,Straight,Grade/Hillcrest,Medium,No
34548,48,Texas,483659,0,1,1,0,1,NOT APPLICABLE,December,3,Sunday,21,46,Rural,Medium Speed (Collector),No,29.19013333,-98.33750278,Non-Intersection,Dark - Not Lighted,Clear,Unknown,Unknown if Notified,Unknown EMS Scene Arrival Hour,Unknown if Arrived,Not Applicable (Not Transported),Not Applicable (Not Transported),1,Dark - Unlighted,Clear,1,0,['Driver'],['None_Used'],1,1,Valid,0.0,0.0,46.0,46.0,['Male'],1,0,3,1,3,Dry,Curve,Level,Lowest,No
34549,48,Texas,483660,0,2,2,0,6,NOT APPLICABLE,December,3,Sunday,16,5,Urban,Medium Speed (Collector),No,30.09177778,-97.67811944,Complex/Circle,Daylight,Clear,Unknown,Unknown,Unknown EMS Scene Arrival Hour,Unknown EMS Scene Arrival Minutes,Unknown,Unknown EMS Hospital Arrival Time,4,Daylight,Clear,4,2,"['Rear_Seat', 'Front_Passenger', 'Rear_Seat', 'Rear_Seat']","['Shoulder_Lapbelt', 'Shoulder_Lapbelt', 'Shoulder_Lapbelt', 'Shoulder_Lapbelt']",0,0,Invalid,0.0,0.0,41.0,19.0,"['Male', 'Male']",0,0,4,4,5,Dry,Straight,Level,Lowest,No
34550,48,Texas,483661,0,2,2,0,2,NOT APPLICABLE,December,13,Wednesday,6,33,Rural,High Speed (Arterial),Yes,31.46662778,-103.35975833,Non-Intersection,Dark - Not Lighted,Cloudy,Unknown,Unknown,Unknown EMS Scene Arrival Hour,Unknown EMS Scene Arrival Minutes,Unknown,Unknown EMS Hospital Arrival Time,1,Dark - Unlighted,Reduced Visibility,1,1,['Driver'],['None_Used'],0,0,Valid,0.0,1.0,38.0,32.0,"['Male', 'Male']",0,0,2,1,5,Dry,Straight,Level,Lowest,No
34551,48,Texas,483662,0,2,2,0,2,NOT APPLICABLE,December,13,Wednesday,14,32,Urban,High Speed (Arterial),Yes,31.65779167,-94.67845556,Non-Intersection,Daylight,Clear,Unknown,Unknown if Notified,Unknown EMS Scene Arrival Hour,Unknown if Arrived,Not Applicable (Not Transported),Not Applicable (Not Transported),1,Daylight,Clear,1,1,['Driver'],['Shoulder_Only'],0,0,Invalid,1.0,0.0,63.0,61.0,"['Female', 'Male']",0,0,4,1,5,Dry,Straight,Level,Lowest,No
34552,48,Texas,483663,0,2,2,0,3,ODESSA,August,18,Friday,10,2,Urban,High Speed (Arterial),Yes,31.880475,-102.393125,Complex/Circle,Daylight,Clear,Unknown,Unknown,Unknown EMS Scene Arrival Hour,Unknown EMS Scene Arrival Minutes,Unknown,Unknown EMS Hospital Arrival Time,1,Daylight,Clear,1,2,['Driver'],['Shoulder_Lapbelt'],0,0,Valid,0.0,0.0,83.0,46.0,"['Male', 'Male']",0,0,2,1,5,Dry,Straight,Level,Lowest,No
34553,48,Texas,483664,1,1,1,0,1,HOUSTON,October,24,Tuesday,19,40,Urban,Medium Speed (Collector),No,29.72780556,-95.53858056,Non-Intersection,Dark - Not Lighted,Clear,Unknown,Unknown,Unknown EMS Scene Arrival Hour,Unknown EMS Scene Arrival Minutes,Unknown,Unknown EMS Hospital Arrival Time,1,Dark - Unlighted,Clear,0,1,[],[],0,0,Valid,0.0,1.0,69.0,69.0,['Male'],0,0,2,2,4,Dry,Straight,Level,Lowest,No
34554,48,Texas,483665,0,1,1,0,1,Other,November,2,Thursday,7,57,Urban,High Speed (Arterial),Yes,32.98075833,-96.27894722,Non-Intersection,Daylight,Clear,Unknown,Unknown,Unknown EMS Scene Arrival Hour,Unknown EMS Scene Arrival Minutes,Unknown,Unknown EMS Hospital Arrival Time,1,Daylight,Clear,1,0,['Driver'],['Shoulder_Lapbelt'],0,0,Valid,0.0,0.0,60.0,60.0,['Female'],0,0,3,1,3,Dry,Straight,Level,Lowest,No
34555,48,Texas,483666,0,2,2,0,2,LAKE JACKSON,November,25,Saturday,17,29,Urban,Medium Speed (Collector),No,29.06423056,-95.43126944,Simple Junction,Daylight,Clear,Unknown,Unknown,Unknown EMS Scene Arrival Hour,Unknown EMS Scene Arrival Minutes,Not Applicable (Not Transported),Not Applicable (Not Transported),1,Daylight,Clear,1,1,['Driver'],['None_Used'],0,0,Valid,0.0,0.0,50.0,29.0,"['Female', 'Male']",0,0,5,4,5,Dry,Curve,Level,Lowest,No
34556,48,Texas,483667,0,2,2,0,2,NOT APPLICABLE,November,27,Monday,4,30,Urban,Medium Speed (Collector),No,30.24123889,-95.38265278,Non-Intersection,Dark - Not Lighted,Clear,Unknown,Unknown,Unknown EMS Scene Arrival Hour,Unknown EMS Scene Arrival Minutes,Unknown,Unknown EMS Hospital Arrival Time,1,Dark - Unlighted,Clear,1,1,['Driver'],['Shoulder_Only'],0,0,Valid,1.0,0.0,71.0,33.0,"['Male', 'Male']",0,0,4,4,5,Dry,Straight,Level,Lowest,No
34557,48,Texas,483668,0,1,1,0,1,KILLEEN,December,1,Friday,19,10,Urban,Medium Speed (Collector),No,31.05380278,-97.74795833,Complex/Circle,Dark - Lighted,Clear,Unknown,Unknown,Unknown EMS Scene Arrival Hour,Unknown EMS Scene Arrival Minutes,Unknown,Unknown EMS Hospital Arrival Time,1,Dark - Lighted,Clear,1,0,['Driver'],['None_Used'],1,1,Valid,0.0,0.0,48.0,48.0,['Female'],1,0,3,1,3,Dry,Curve,Level,Lowest,No
34558,48,Texas,483669,0,2,2,0,2,NOT APPLICABLE,December,2,Saturday,11,50,Urban,High Speed (Arterial),Yes,32.24224167,-95.37178889,Simple Junction,Daylight,Clear,Unknown,Unknown,Unknown EMS Scene Arrival Hour,Unknown EMS Scene Arrival Minutes,Unknown,Unknown EMS Hospital Arrival Time,1,Daylight,Clear,1,1,['Driver'],['Shoulder_Lapbelt'],0,0,Invalid,0.0,0.0,32.0,17.0,"['Female', 'Female']",0,0,3,1,5,Dry,Straight,Level,Lowest,No
34559,48,Texas,483670,0,2,2,0,3,NOT APPLICABLE,December,5,Tuesday,15,50,Rural,High Speed (Arterial),Yes,31.03915278,-94.40328056,Non-Intersection,Daylight,Clear,Unknown,Unknown if Notified,Unknown EMS Scene Arrival Hour,Unknown if Arrived,Not Applicable (Not Transported),Not Applicable (Not Transported),1,Daylight,Clear,1,2,['Driver'],['Shoulder_Lapbelt'],1,1,Invalid,0.0,0.0,49.0,34.0,"['Male', 'Male']",1,0,4,4,5,Dry,Straight,Level,Lowest,No
34560,48,Texas,483671,0,2,2,0,3,NOT APPLICABLE,December,6,Wednesday,12,50,Urban,High Speed (Arterial),Yes,32.38775833,-95.26754444,Complex/Circle,Daylight,Clear,Unknown,Unknown if Notified,Unknown EMS Scene Arrival Hour,Unknown if Arrived,Not Applicable (Not Transported),Not Applicable (Not Transported),2,Daylight,Clear,2,1,"['Driver', 'Front_Passenger']","['Shoulder_Lapbelt', 'Shoulder_Lapbelt']",0,0,Valid,0.0,0.0,73.0,71.0,"['Female', 'Male']",0,0,4,1,5,Dry,Straight,Level,Lowest,No
34561,48,Texas,483672,0,2,2,0,2,LUBBOCK,December,7,Thursday,7,31,Urban,High Speed (Arterial),Yes,33.57803333,-101.89641944,Complex/Circle,Daylight,Clear,Unknown,Unknown,Unknown EMS Scene Arrival Hour,Unknown EMS Scene Arrival Minutes,Unknown,Unknown EMS Hospital Arrival Time,1,Daylight,Clear,1,1,['Driver'],['None_Used'],0,0,Valid,0.0,3.0,38.0,29.0,"['Male', 'Male']",0,0,5,2,5,Dry,Straight,Level,Lowest,No
34562,48,Texas,483673,0,1,1,0,1,JUSTIN,December,7,Thursday,18,6,Rural,Medium Speed (Collector),No,33.08838611,-97.29480278,Non-Intersection,Dusk,Clear,Unknown,Unknown if Notified,Unknown EMS Scene Arrival Hour,Unknown if Arrived,Not Applicable (Not Transported),Not Applicable (Not Transported),1,Twilight,Clear,1,0,['Driver'],['Shoulder_Lapbelt'],0,0,Valid,2.0,0.0,35.0,35.0,['Male'],0,0,3,1,4,Dry,Straight,Level,Lowest,No
34563,48,Texas,483674,0,3,3,0,8,NOT APPLICABLE,December,8,Friday,16,15,Rural,High Speed (Arterial),Yes,32.02296111,-95.39070556,Non-Intersection,Daylight,Clear,Unknown,Unknown,Unknown EMS Scene Arrival Hour,Unknown EMS Scene Arrival Minutes,Unknown,Unknown EMS Hospital Arrival Time,3,Daylight,Clear,3,5,"['Driver', 'Driver', 'Front_Passenger']","['None_Used', 'Shoulder_Lapbelt', 'None_Used']",1,1,Invalid,1.0,1.0,69.0,23.0,"['Male', 'Male', 'Female']",0,0,3,2,5,Dry,Straight,Level,Lowest,No
34564,48,Texas,483675,0,1,1,0,1,LUBBOCK,December,8,Friday,1,11,Urban,Medium Speed (Collector),No,33.50286111,-101.870525,Non-Intersection,Dark - Not Lighted,Clear,Unknown,Unknown,Unknown EMS Scene Arrival Hour,Unknown EMS Scene Arrival Minutes,Unknown,Unknown EMS Hospital Arrival Time,1,Dark - Unlighted,Clear,1,0,['Driver'],['None_Used'],1,1,Valid,0.0,0.0,24.0,24.0,['Male'],0,0,3,1,3,Dry,Straight,Level,Lowest,No
34565,48,Texas,483676,1,1,1,0,1,NOT APPLICABLE,December,10,Sunday,0,0,Rural,Low Speed (Local),No,29.84306111,-98.082025,Non-Intersection,Dark - Not Lighted,Clear,Unknown,Unknown if Notified,Unknown EMS Scene Arrival Hour,Unknown if Arrived,Not Applicable (Not Transported),Not Applicable (Not Transported),1,Dark - Unlighted,Clear,0,0,[],[],0,0,Invalid,0.0,0.0,999.0,999.0,['Other'],1,0,1,0,4,Dry,Straight,Level,Lowest,No
34566,48,Texas,483677,0,2,2,0,2,NOT APPLICABLE,December,12,Tuesday,20,16,Rural,Medium Speed (Collector),No,31.79263889,-95.317675,Non-Intersection,Dark - Not Lighted,Clear,Unknown,Unknown,Unknown EMS Scene Arrival Hour,Unknown EMS Scene Arrival Minutes,Unknown,Unknown EMS Hospital Arrival Time,1,Dark - Unlighted,Clear,1,1,['Driver'],['None_Used'],1,1,Valid,0.0,2.0,46.0,23.0,"['Male', 'Female']",0,0,3,1,5,Dry,Straight,Grade/Hillcrest,Lowest,No
34567,48,Texas,483678,0,2,2,0,4,SAN ANTONIO,December,13,Wednesday,21,50,Urban,High Speed (Arterial),Yes,29.52008056,-98.48286389,Non-Intersection,Dark - Lighted,Clear,Unknown,Unknown,Unknown EMS Scene Arrival Hour,Unknown EMS Scene Arrival Minutes,Unknown,Unknown EMS Hospital Arrival Time,1,Dark - Lighted,Clear,1,3,['Driver'],['Shoulder_Lapbelt'],0,0,Valid,0.0,0.0,21.0,19.0,"['Male', 'Male']",0,0,2,2,5,Dry,Curve,Grade/Hillcrest,Lowest,No
34568,48,Texas,483680,0,2,2,0,2,TAYLOR,December,14,Thursday,15,15,Rural,Medium Speed (Collector),No,30.61535278,-97.42274167,Simple Junction,Daylight,Clear,Unknown,Unknown if Notified,Unknown EMS Scene Arrival Hour,Unknown if Arrived,Not Applicable (Not Transported),Not Applicable (Not Transported),1,Daylight,Clear,1,1,['Driver'],['None_Used'],0,0,Valid,0.0,0.0,80.0,44.0,"['Male', 'Male']",1,0,5,1,5,Dry,Straight,Level,Lowest,No
34569,48,Texas,483681,0,2,2,0,5,NOT APPLICABLE,December,14,Thursday,6,10,Urban,Medium Speed (Collector),No,30.12870556,-95.59398611,Non-Intersection,Dark - Not Lighted,Clear,Unknown,Unknown,Unknown EMS Scene Arrival Hour,Unknown EMS Scene Arrival Minutes,Unknown,Unknown EMS Hospital Arrival Time,1,Dark - Unlighted,Clear,1,4,['Rear_Seat'],['None_Used'],0,0,Invalid,0.0,0.0,63.0,35.0,"['Male', 'Male']",0,0,4,1,5,Dry,Straight,Level,Lowest,No
34570,48,Texas,483682,0,2,2,0,2,SAN ANTONIO,August,8,Tuesday,20,11,Urban,High Speed (Arterial),Yes,29.44589722,-98.53191944,Non-Intersection,Daylight,Clear,Unknown,Unknown,Unknown EMS Scene Arrival Hour,Unknown EMS Scene Arrival Minutes,Unknown,Unknown EMS Hospital Arrival Time,1,Daylight,Clear,1,1,['Driver'],['None_Used'],0,0,Valid,0.0,1.0,54.0,22.0,"['Male', 'Male']",1,0,5,1,5,Dry,Straight,Level,Lowest,No
34571,48,Texas,483683,1,1,1,0,1,HOUSTON,November,18,Saturday,19,30,Urban,Medium Speed (Collector),No,29.813125,-95.38235,Non-Intersection,Dark - Lighted,Clear,Unknown,Unknown,Unknown EMS Scene Arrival Hour,Unknown EMS Scene Arrival Minutes,Unknown,Unknown EMS Hospital Arrival Time,1,Dark - Lighted,Clear,0,1,[],[],0,0,Invalid,0.0,0.0,27.0,27.0,['Male'],0,0,3,2,4,Dry,Straight,Level,Lowest,No
34572,48,Texas,483684,1,1,1,0,1,NOT APPLICABLE,December,10,Sunday,3,12,Urban,Medium Speed (Collector),No,29.9658,-95.41266944,Non-Intersection,Dark - Not Lighted,Clear,Unknown,Unknown,Unknown EMS Scene Arrival Hour,Unknown EMS Scene Arrival Minutes,Not Applicable (Not Transported),Not Applicable (Not Transported),1,Dark - Unlighted,Clear,0,0,[],[],0,0,Invalid,0.0,0.0,999.0,999.0,['Other'],0,0,1,2,4,Dry,Straight,Level,Lowest,No