,State_Code,State_Name,Crash_ID,Count_Non_Motorists,Count_Vehicles_Total,Count_Vehicle_Forms,Count_PVH_Involved,Count_Occupants_MV,City_Name,Month_Name,Day_of_Month,Day_of_Week,Crash_Hour,Crash_Minute,Area_Rural_Urban,Road_Functional_Class,On_NHS_Road,Latitude,Longitude,Intersection_Type,Light_Condition,Weather_Condition,Notif_Hour,Notif_Minute,Arrival_Hour,Arrival_Minute,Hospital_Hour,Hospital_Minute,Fatalities_Count,Clean_Light_Condition,Clean_Weather_Condition,Total_Killed,Total_Alive,Fatal_Seats_List,Killed_Restraint_List,Any_Driver_Drinking,Total_Drinking_Drivers,Driver_License_Category,Driver_Max_Prev_Accident_Count,Driver_Max_Prev_Speeding_Count,Max_Driver_Age,Min_Driver_Age,Driver_Sex_List,Total_Exceeding_Limit_Vehicles,Total_Too_Fast_Vehicles,Max_Vehicle_Type_Severity_5,Max_Vehicle_Damage_Rank,Max_Harmful_Event_Severity,Crash_Road_Surface_Condition,Crash_Horizontal_Alignment,Crash_Vertical_Profile,Crash_Impairment_Category,Crash_Vehicle_Defect
34573,48,Texas,483685,0,1,1,0,1,NOT APPLICABLE,December,4,Monday,12,45,Rural,Medium Speed (Collector),No,32.34035,-94.63320278,Non-Intersection,Daylight,Clear,Unknown,Unknown,Unknown EMS Scene Arrival Hour,Unknown EMS Scene Arrival Minutes,Unknown,Unknown EMS Hospital Arrival Time,1,Daylight,Clear,1,0,['Driver'],['None_Used'],0,0,Valid,0.0,0.0,74.0,74.0,['Male'],1,0,5,2,3,Dry,Straight,Grade/Hillcrest,Lowest,No
34574,48,Texas,483686,0,2,2,0,2,NOT APPLICABLE,December,8,Friday,0,13,Rural,High Speed (Arterial),Yes,32.18806111,-94.33845,Non-Intersection,Dark - Not Lighted,Clear,Unknown,Unknown if Notified,Unknown EMS Scene Arrival Hour,Unknown if Arrived,Not Applicable (Not Transported),Not Applicable (Not Transported),1,Dark - Unlighted,Clear,1,1,['Driver'],['None_Used'],1,1,Valid,0.0,1.0,34.0,21.0,"['Male', 'Male']",0,0,4,1,5,Dry,Straight,Level,Lowest,No
34575,48,Texas,483687,0,2,2,0,3,NOT APPLICABLE,December,4,Monday,18,20,Rural,High Speed (Arterial),Yes,33.60126944,-99.32741111,Non-Intersection,Dark - Not Lighted,Clear,Unknown,Unknown,Unknown EMS Scene Arrival Hour,Unknown EMS Scene Arrival Minutes,Unknown,Unknown EMS Hospital Arrival Time,2,Dark - Unlighted,Clear,2,1,"['Driver', 'Front_Passenger']","['Shoulder_Lapbelt', 'Shoulder_Lapbelt']",1,1,Valid,0.0,0.0,34.0,28.0,"['Male', 'Male']",0,0,3,1,5,Dry,Curve,Level,Lowest,No
34576,48,Texas,483688,1,2,2,0,2,NOT APPLICABLE,December,7,Thursday,16,12,Urban,High Speed (Arterial),Yes,30.74375556,-94.92196389,Non-Intersection,Daylight,Clear,Unknown,Unknown if Notified,Unknown EMS Scene Arrival Hour,Unknown if Arrived,Not Applicable (Not Transported),Not Applicable (Not Transported),1,Daylight,Clear,0,2,[],[],0,0,Valid,0.0,0.0,41.0,28.0,"['Male', 'Female']",1,0,4,2,5,Dry,Straight,Level,Lowest,No
34577,48,Texas,483690,0,2,2,0,2,DENISON,December,14,Thursday,14,29,Urban,High Speed (Arterial),Yes,33.79443056,-96.55793889,Non-Intersection,Daylight,Clear,Unknown,Unknown,Unknown EMS Scene Arrival Hour,Unknown EMS Scene Arrival Minutes,Unknown,Unknown EMS Hospital Arrival Time,1,Daylight,Clear,1,1,['Driver'],['Shoulder_Lapbelt'],0,0,Valid,0.0,0.0,66.0,37.0,"['Male', 'Male']",0,0,4,1,5,Dry,Straight,Level,Medium,No
34578,48,Texas,483691,1,1,1,0,3,ROCKDALE,December,12,Tuesday,18,30,Urban,High Speed (Arterial),Yes,30.64448611,-97.03479444,Non-Intersection,Dark - Not Lighted,Clear,Unknown,Unknown if Notified,Unknown EMS Scene Arrival Hour,Unknown if Arrived,Not Applicable (Not Transported),Not Applicable (Not Transported),1,Dark - Unlighted,Clear,0,3,[],[],0,0,Valid,0.0,1.0,21.0,21.0,['Male'],0,0,2,2,4,Dry,Straight,Level,Lowest,No
34579,48,Texas,483692,0,2,2,0,5,NOT APPLICABLE,December,5,Tuesday,14,45,Urban,Medium Speed (Collector),No,27.92891389,-97.19306389,Simple Junction,Daylight,Clear,Unknown,Unknown,Unknown EMS Scene Arrival Hour,Unknown EMS Scene Arrival Minutes,Unknown,Unknown EMS Hospital Arrival Time,1,Daylight,Clear,1,4,['Driver'],['Shoulder_Lapbelt'],0,0,Valid,0.0,0.0,35.0,24.0,"['Female', 'Female']",1,0,3,1,5,Dry,Curve,Level,Lowest,No
34580,48,Texas,483693,0,2,2,0,2,ORANGE,December,13,Wednesday,18,0,Rural,Medium Speed (Collector),No,30.12381111,-93.821125,Simple Junction,Dark - Not Lighted,Clear,Unknown,Unknown,Unknown EMS Scene Arrival Hour,Unknown EMS Scene Arrival Minutes,Unknown,Unknown EMS Hospital Arrival Time,1,Dark - Unlighted,Clear,1,1,['Driver'],['Shoulder_Lapbelt'],0,0,Valid,0.0,2.0,71.0,54.0,"['Male', 'Male']",0,0,3,1,5,Dry,Straight,Level,Lowest,Yes
34581,48,Texas,483694,0,2,2,0,3,NOT APPLICABLE,December,15,Friday,8,52,Rural,High Speed (Arterial),Yes,31.26011944,-98.928725,Non-Intersection,Daylight,Rain,Unknown,Unknown if Notified,Unknown EMS Scene Arrival Hour,Unknown if Arrived,Not Applicable (Not Transported),Not Applicable (Not Transported),1,Daylight,Rain/Wind/Minor,1,2,['Driver'],['Shoulder_Lapbelt'],0,0,Valid,0.0,1.0,44.0,35.0,"['Male', 'Female']",2,0,3,1,5,Wet/Standing Water,Straight,Level,Lowest,No
34582,48,Texas,483695,0,1,1,0,1,NOT APPLICABLE,December,9,Saturday,20,7,Rural,Low Speed (Local),No,32.71887222,-94.13506111,Non-Intersection,Dark - Not Lighted,Cloudy,Unknown,Unknown if Notified,Unknown EMS Scene Arrival Hour,Unknown if Arrived,Not Applicable (Not Transported),Not Applicable (Not Transported),1,Dark - Unlighted,Reduced Visibility,1,0,['Driver'],['Shoulder_Lapbelt'],1,1,Valid,0.0,0.0,36.0,36.0,['Male'],1,0,3,1,3,Dry,Curve,Level,Lowest,No
34583,48,Texas,483696,7,2,1,1,4,AUSTIN,December,11,Monday,9,37,Urban,High Speed (Arterial),Yes,30.21002778,-97.65331111,Non-Intersection,Daylight,Clear,Unknown,Unknown,Unknown EMS Scene Arrival Hour,Unknown EMS Scene Arrival Minutes,Unknown,Unknown EMS Hospital Arrival Time,1,Daylight,Clear,1,3,['Rear_Seat'],['Shoulder_Lapbelt'],0,0,Valid,0.0,0.0,44.0,44.0,['Female'],0,0,3,1,5,Dry,Straight,Level,Lowest,No
34584,48,Texas,483697,0,2,2,0,2,WHITEHOUSE,December,16,Saturday,17,40,Urban,High Speed (Arterial),Yes,32.25288889,-95.23684722,Simple Junction,Dark - Not Lighted,Clear,Unknown,Unknown,Unknown EMS Scene Arrival Hour,Unknown EMS Scene Arrival Minutes,Unknown,Unknown EMS Hospital Arrival Time,1,Dark - Unlighted,Clear,1,1,['Driver'],['Shoulder_Lapbelt'],1,1,Valid,0.0,0.0,40.0,36.0,"['Male', 'Male']",0,0,3,1,5,Dry,Straight,Level,Lowest,No
34585,48,Texas,483700,0,2,2,0,3,NOT APPLICABLE,December,11,Monday,14,25,Rural,High Speed (Arterial),Yes,30.37101111,-96.12953056,Simple Junction,Daylight,Clear,Unknown,Unknown,Unknown EMS Scene Arrival Hour,Unknown EMS Scene Arrival Minutes,Unknown,Unknown EMS Hospital Arrival Time,1,Daylight,Clear,1,2,['Driver'],['Shoulder_Lapbelt'],0,0,Valid,0.0,0.0,21.0,20.0,"['Female', 'Male']",0,0,3,2,5,Dry,Curve,Level,Lowest,No
34586,48,Texas,483701,0,2,2,0,3,NOT APPLICABLE,December,4,Monday,12,20,Rural,Medium Speed (Collector),No,33.61634444,-102.36651111,Complex/Circle,Daylight,Clear,Unknown,Unknown,Unknown EMS Scene Arrival Hour,Unknown EMS Scene Arrival Minutes,Unknown,Unknown EMS Hospital Arrival Time,1,Daylight,Clear,1,2,['Driver'],['Shoulder_Lapbelt'],0,0,Valid,0.0,0.0,50.0,21.0,"['Male', 'Male']",0,0,3,1,5,Dry,Straight,Level,Lowest,No
34587,48,Texas,483702,0,1,1,0,1,NOT APPLICABLE,December,11,Monday,13,38,Rural,Medium Speed (Collector),No,33.17205,-94.06516944,Non-Intersection,Daylight,Clear,Unknown,Unknown if Notified,Unknown EMS Scene Arrival Hour,Unknown if Arrived,Not Applicable (Not Transported),Not Applicable (Not Transported),1,Daylight,Clear,1,0,['Driver'],['None_Used'],0,0,Valid,0.0,1.0,43.0,43.0,['Male'],0,0,1,4,3,Dry,Curve,Grade/Hillcrest,Lowest,No
34588,48,Texas,483703,0,3,3,0,4,HOUSTON,December,10,Sunday,6,29,Urban,Medium Speed (Collector),No,29.859425,-95.38475556,Complex/Circle,Dark - Lighted,Clear,Unknown,Unknown if Notified,Unknown EMS Scene Arrival Hour,Unknown if Arrived,Not Applicable (Not Transported),Not Applicable (Not Transported),1,Dark - Lighted,Clear,1,3,['Driver'],['Shoulder_Lapbelt'],1,1,Valid,0.0,0.0,24.0,19.0,"['Male', 'Male', 'Male']",1,0,3,2,5,Dry,Straight,Level,Lowest,No
34589,48,Texas,483704,0,4,4,0,7,SAN ANTONIO,December,12,Tuesday,16,52,Urban,Medium Speed (Collector),No,29.51031667,-98.40741111,Simple Junction,Daylight,Clear,Unknown,Unknown,Unknown EMS Scene Arrival Hour,Unknown EMS Scene Arrival Minutes,Unknown,Unknown EMS Hospital Arrival Time,1,Daylight,Clear,1,6,['Rear_Seat'],['Child_Safety'],0,0,Invalid,0.0,0.0,47.0,36.0,"['Male', 'Female', 'Female', 'Female']",0,0,3,2,5,Dry,Straight,Grade/Hillcrest,Lowest,No
34590,48,Texas,483705,0,1,1,0,1,PLANO,December,10,Sunday,5,30,Urban,Medium Speed (Collector),No,33.03338611,-96.839375,Non-Intersection,Dark - Lighted,Clear,5:00am-5:59am,30,5:00am-5:59am,36,5:00am-5:59am,44,1,Dark - Lighted,Clear,1,0,['Driver'],['None_Used'],1,1,Invalid,1.0,0.0,29.0,29.0,['Male'],0,0,2,1,3,Dry,Curve,Level,Lowest,No
34591,48,Texas,483707,0,2,2,0,2,WACO,December,15,Friday,14,55,Urban,Medium Speed (Collector),No,31.55631944,-97.20071389,Non-Intersection,Daylight,Rain,Unknown,Unknown,Unknown EMS Scene Arrival Hour,Unknown EMS Scene Arrival Minutes,Unknown,Unknown EMS Hospital Arrival Time,1,Daylight,Rain/Wind/Minor,1,1,['Driver'],['None_Used'],1,1,Invalid,0.0,0.0,59.0,44.0,"['Male', 'Female']",1,0,3,1,5,Wet/Standing Water,Curve,Grade/Hillcrest,Lowest,No
34592,48,Texas,483708,0,2,2,0,2,NOT APPLICABLE,December,14,Thursday,17,0,Rural,High Speed (Arterial),No,29.72882222,-97.95618333,Non-Intersection,Daylight,Cloudy,Unknown,Unknown,Unknown EMS Scene Arrival Hour,Unknown EMS Scene Arrival Minutes,Unknown,Unknown EMS Hospital Arrival Time,1,Daylight,Reduced Visibility,1,1,['Driver'],['None_Used'],0,0,Valid,0.0,0.0,71.0,55.0,"['Male', 'Male']",0,0,2,1,5,Dry,Straight,Level,Lowest,No
34593,48,Texas,483709,0,2,2,0,3,FORT WORTH,November,22,Wednesday,5,34,Urban,High Speed (Arterial),Yes,32.72908333,-97.19291667,Non-Intersection,Dark - Not Lighted,Clear,Unknown,Unknown if Notified,Unknown EMS Scene Arrival Hour,Unknown if Arrived,Not Applicable (Not Transported),Not Applicable (Not Transported),2,Dark - Unlighted,Clear,2,1,"['Driver', 'Front_Passenger']","['None_Used', 'None_Used']",0,0,Invalid,1.0,0.0,53.0,52.0,"['Male', 'Male']",2,0,4,1,5,Dry,Straight,Level,Lowest,No
34594,48,Texas,483710,1,1,1,0,2,FORT WORTH,November,21,Tuesday,19,11,Urban,High Speed (Arterial),Yes,32.73400278,-97.44076389,Complex/Circle,Dark - Not Lighted,Clear,Unknown,Unknown,Unknown EMS Scene Arrival Hour,Unknown EMS Scene Arrival Minutes,Unknown,Unknown EMS Hospital Arrival Time,1,Dark - Unlighted,Clear,0,2,[],[],0,0,Invalid,0.0,0.0,53.0,53.0,['Female'],0,0,2,1,4,Dry,Straight,Level,Lowest,No
34595,48,Texas,483711,0,3,3,0,3,FORT WORTH,November,21,Tuesday,22,1,Urban,High Speed (Arterial),Yes,32.722075,-97.293475,Non-Intersection,Dark - Not Lighted,Clear,Unknown,Unknown,Unknown EMS Scene Arrival Hour,Unknown EMS Scene Arrival Minutes,Not Applicable (Not Transported),Not Applicable (Not Transported),1,Dark - Unlighted,Clear,1,2,['Driver'],['None_Used'],0,0,Valid,1.0,0.0,67.0,18.0,"['Male', 'Male', 'Male']",1,0,5,2,5,Dry,Curve,Grade/Hillcrest,Lowest,No
34596,48,Texas,483712,1,1,1,0,1,AUSTIN,November,29,Wednesday,14,27,Urban,Medium Speed (Collector),No,30.33221111,-97.70283056,Non-Intersection,Daylight,Clear,Unknown,Unknown if Notified,Unknown EMS Scene Arrival Hour,Unknown if Arrived,Not Applicable (Not Transported),Not Applicable (Not Transported),1,Daylight,Clear,0,1,[],[],0,0,Valid,0.0,0.0,51.0,51.0,['Female'],0,0,2,2,4,Dry,Straight,Level,Lowest,No
34597,48,Texas,483713,1,1,1,0,1,AUSTIN,December,11,Monday,2,29,Urban,Medium Speed (Collector),No,30.26740278,-97.73674167,Complex/Circle,Dark - Lighted,Clear,Unknown,Unknown if Notified,Unknown EMS Scene Arrival Hour,Unknown if Arrived,Not Applicable (Not Transported),Not Applicable (Not Transported),1,Dark - Lighted,Clear,0,0,[],[],0,0,Invalid,0.0,0.0,998.0,998.0,['Other'],0,0,1,0,4,Dry,Straight,Level,Lowest,No
34598,48,Texas,483714,1,2,2,0,2,AUSTIN,December,12,Tuesday,1,33,Urban,High Speed (Arterial),Yes,30.36888611,-97.61553889,Non-Intersection,Dark - Not Lighted,Clear,Unknown,Unknown if Notified,Unknown EMS Scene Arrival Hour,Unknown if Arrived,Not Applicable (Not Transported),Not Applicable (Not Transported),1,Dark - Unlighted,Clear,0,2,[],[],0,0,Valid,0.0,0.0,38.0,19.0,"['Female', 'Male']",0,0,3,1,4,Dry,Straight,Grade/Hillcrest,Lowest,No
34599,48,Texas,483715,0,1,1,0,1,NOT APPLICABLE,December,8,Friday,19,47,Rural,Low Speed (Local),No,29.91623056,-96.57535,Non-Intersection,Dark - Not Lighted,Clear,Unknown,Unknown if Notified,Unknown EMS Scene Arrival Hour,Unknown if Arrived,Not Applicable (Not Transported),Not Applicable (Not Transported),1,Dark - Unlighted,Clear,1,0,['Driver'],['Shoulder_Lapbelt'],0,0,Valid,1.0,0.0,39.0,39.0,['Male'],1,0,4,1,3,Dry,Curve,Grade/Hillcrest,Lowest,No
34600,48,Texas,483717,0,1,1,0,1,PORT ARTHUR,December,19,Tuesday,4,21,Urban,High Speed (Arterial),Yes,29.88278333,-93.98621389,Non-Intersection,Dark - Not Lighted,Cloudy,Unknown,Unknown if Notified,Unknown EMS Scene Arrival Hour,Unknown if Arrived,Not Applicable (Not Transported),Not Applicable (Not Transported),1,Dark - Unlighted,Reduced Visibility,1,0,['Driver'],['Shoulder_Lapbelt'],0,0,Valid,1.0,1.0,38.0,38.0,['Male'],0,0,3,1,3,Dry,Curve,Level,Lowest,No
34601,48,Texas,483718,1,1,1,0,1,DALLAS,December,9,Saturday,16,57,Urban,High Speed (Arterial),Yes,32.75946111,-96.86228333,Non-Intersection,Daylight,Clear,Unknown,Unknown,Unknown EMS Scene Arrival Hour,Unknown EMS Scene Arrival Minutes,Unknown,Unknown EMS Hospital Arrival Time,1,Daylight,Clear,0,1,[],[],0,0,Valid,1.0,0.0,64.0,64.0,['Male'],0,0,3,2,4,Dry,Straight,Grade/Hillcrest,Lowest,No
34602,48,Texas,483719,0,2,2,0,5,SUGAR LAND,December,4,Monday,22,19,Urban,High Speed (Arterial),Yes,29.60139167,-95.63116389,Complex/Circle,Dark - Lighted,Clear,Unknown,Unknown,Unknown EMS Scene Arrival Hour,Unknown EMS Scene Arrival Minutes,Unknown,Unknown EMS Hospital Arrival Time,1,Dark - Lighted,Clear,1,4,['Driver'],['Shoulder_Lapbelt'],0,0,Valid,0.0,0.0,27.0,16.0,"['Female', 'Male']",0,0,3,1,5,Dry,Straight,Level,Lowest,No
34603,48,Texas,483720,1,1,1,0,1,NOT APPLICABLE,December,8,Friday,19,58,Rural,Medium Speed (Collector),No,32.80511667,-96.11728333,Non-Intersection,Dark - Not Lighted,Clear,Unknown,Unknown if Notified,Unknown EMS Scene Arrival Hour,Unknown if Arrived,Not Applicable (Not Transported),Not Applicable (Not Transported),1,Dark - Unlighted,Clear,0,1,[],[],0,0,Invalid,0.0,0.0,999.0,999.0,['Other'],0,0,1,0,4,Dry,Straight,Level,Lowest,No
34604,48,Texas,483721,0,4,4,0,6,HOUSTON,November,21,Tuesday,8,42,Urban,High Speed (Arterial),Yes,29.72559167,-95.48654444,Non-Intersection,Daylight,Cloudy,Unknown,Unknown,Unknown EMS Scene Arrival Hour,Unknown EMS Scene Arrival Minutes,Unknown,Unknown EMS Hospital Arrival Time,1,Daylight,Reduced Visibility,1,5,['Driver'],['None_Used'],0,0,Valid,0.0,0.0,74.0,20.0,"['Male', 'Female', 'Male', 'Male']",0,0,5,2,5,Dry,Straight,Level,Lowest,No
34605,48,Texas,483722,0,2,2,0,2,HOUSTON,December,10,Sunday,11,26,Urban,High Speed (Arterial),Yes,29.73059444,-95.42198333,Non-Intersection,Daylight,Clear,Unknown,Unknown,Unknown EMS Scene Arrival Hour,Unknown EMS Scene Arrival Minutes,Unknown,Unknown EMS Hospital Arrival Time,1,Daylight,Clear,1,1,['Driver'],['None_Used'],0,0,Valid,0.0,0.0,60.0,50.0,"['Male', 'Female']",1,0,5,1,5,Dry,Straight,Level,Lowest,No
34606,48,Texas,483723,1,2,2,0,5,ARLINGTON,December,14,Thursday,15,56,Urban,High Speed (Arterial),Yes,32.64899722,-97.16685556,Complex/Circle,Daylight,Clear,Unknown,Unknown,Unknown EMS Scene Arrival Hour,Unknown EMS Scene Arrival Minutes,Unknown,Unknown EMS Hospital Arrival Time,1,Daylight,Clear,0,5,[],[],0,0,Valid,0.0,0.0,29.0,18.0,"['Male', 'Female']",0,0,3,1,4,Dry,Straight,Level,Lowest,No
34607,48,Texas,483724,0,2,2,0,2,AUSTIN,December,10,Sunday,10,18,Urban,High Speed (Arterial),Yes,30.27813889,-97.64046944,Non-Intersection,Daylight,Clear,Unknown,Unknown,Unknown EMS Scene Arrival Hour,Unknown EMS Scene Arrival Minutes,Unknown,Unknown EMS Hospital Arrival Time,1,Daylight,Clear,1,1,['Driver'],['None_Used'],1,1,Invalid,0.0,2.0,31.0,26.0,"['Male', 'Male']",0,0,4,1,5,Dry,Straight,Level,Lowest,No
34608,48,Texas,483725,0,3,3,0,5,NOT APPLICABLE,December,10,Sunday,20,8,Rural,Medium Speed (Collector),No,29.46771389,-96.81090278,Non-Intersection,Dark - Not Lighted,Clear,Unknown,Unknown if Notified,Unknown EMS Scene Arrival Hour,Unknown if Arrived,Not Applicable (Not Transported),Not Applicable (Not Transported),3,Dark - Unlighted,Clear,3,2,"['Driver', 'Driver', 'Front_Passenger']","['None_Used', 'Shoulder_Lapbelt', 'Shoulder_Lapbelt']",1,2,Invalid,0.0,0.0,62.0,17.0,"['Female', 'Male', 'Female']",1,0,3,4,5,Dry,Straight,Level,Lowest,No
34609,48,Texas,483726,3,3,2,1,3,EL PASO,December,16,Saturday,19,35,Urban,High Speed (Arterial),Yes,31.76650556,-106.50806111,Non-Intersection,Dark - Lighted,Rain,Unknown,Unknown,Unknown EMS Scene Arrival Hour,Unknown EMS Scene Arrival Minutes,Unknown,Unknown EMS Hospital Arrival Time,1,Dark - Lighted,Rain/Wind/Minor,0,2,[],[],0,0,Invalid,1.0,0.0,999.0,17.0,"['Other', 'Female']",0,0,2,2,5,Dry,Straight,Grade/Hillcrest,Lowest,No
34610,48,Texas,483727,1,1,1,0,1,NOT APPLICABLE,December,13,Wednesday,6,37,Rural,Medium Speed (Collector),No,32.63199167,-95.05121667,Non-Intersection,Dark - Unknown Lighting,Cloudy,Unknown,Unknown if Notified,Unknown EMS Scene Arrival Hour,Unknown if Arrived,Not Applicable (Not Transported),Not Applicable (Not Transported),1,Dark - Unlighted,Reduced Visibility,0,1,[],[],0,0,Valid,0.0,0.0,47.0,47.0,['Male'],0,0,3,2,4,Dry,Straight,Grade/Hillcrest,Lowest,No
34611,48,Texas,483728,0,1,1,0,1,NOT APPLICABLE,December,17,Sunday,2,6,Rural,High Speed (Arterial),Yes,32.57596944,-95.06886111,Non-Intersection,Dark - Not Lighted,Clear,Unknown,Unknown if Notified,Unknown EMS Scene Arrival Hour,Unknown if Arrived,Not Applicable (Not Transported),Not Applicable (Not Transported),1,Dark - Unlighted,Clear,1,0,['Driver'],['Shoulder_Lapbelt'],0,0,Invalid,0.0,0.0,17.0,17.0,['Male'],0,0,3,1,3,Dry,Curve,Grade/Hillcrest,Medium,No
34612,48,Texas,483729,1,1,1,0,1,NOT APPLICABLE,December,17,Sunday,21,18,Urban,Medium Speed (Collector),No,30.46078611,-97.69471111,Complex/Circle,Dark - Not Lighted,Clear,Unknown,Unknown,Unknown EMS Scene Arrival Hour,Unknown EMS Scene Arrival Minutes,Unknown,Unknown EMS Hospital Arrival Time,1,Dark - Unlighted,Clear,0,1,[],[],0,0,Invalid,0.0,1.0,24.0,24.0,['Male'],0,0,3,2,4,Dry,Straight,Level,Lowest,No
34613,48,Texas,483730,0,1,1,0,1,NOT APPLICABLE,December,8,Friday,20,5,Rural,Medium Speed (Collector),No,29.69104722,-97.29249444,Non-Intersection,Dark - Not Lighted,Clear,Unknown,Unknown if Notified,Unknown EMS Scene Arrival Hour,Unknown if Arrived,Not Applicable (Not Transported),Not Applicable (Not Transported),1,Dark - Unlighted,Clear,1,0,['Driver'],['Shoulder_Lapbelt'],0,0,Valid,0.0,0.0,68.0,68.0,['Female'],0,0,2,1,3,Dry,Straight,Level,Lowest,No
34614,48,Texas,483731,0,2,2,0,2,NOT APPLICABLE,December,11,Monday,6,50,Rural,High Speed (Arterial),Yes,34.62385,-102.74538611,Simple Junction,Dark - Not Lighted,Clear,Unknown,Unknown if Notified,Unknown EMS Scene Arrival Hour,Unknown if Arrived,Not Applicable (Not Transported),Not Applicable (Not Transported),1,Dark - Unlighted,Clear,1,1,['Driver'],['None_Used'],0,0,Valid,0.0,2.0,30.0,26.0,"['Male', 'Female']",0,0,4,1,5,Dry,Straight,Level,Lowest,No
34615,48,Texas,483732,0,2,2,0,2,NOT APPLICABLE,December,16,Saturday,23,30,Rural,Medium Speed (Collector),No,29.58874444,-97.66686667,Non-Intersection,Dark - Not Lighted,Clear,Unknown,Unknown,Unknown EMS Scene Arrival Hour,Unknown EMS Scene Arrival Minutes,Unknown,Unknown EMS Hospital Arrival Time,1,Dark - Unlighted,Clear,1,1,['Driver'],['None_Used'],1,1,Valid,1.0,2.0,47.0,21.0,"['Female', 'Male']",0,0,2,4,3,Dry,Straight,Grade/Hillcrest,Lowest,No
34616,48,Texas,483733,2,1,1,0,2,RUN AWAY BAY,November,29,Wednesday,18,24,Rural,High Speed (Arterial),Yes,33.17105556,-97.86381667,Non-Intersection,Dark - Not Lighted,Clear,Unknown,Unknown,Unknown EMS Scene Arrival Hour,Unknown EMS Scene Arrival Minutes,Unknown,Unknown EMS Hospital Arrival Time,1,Dark - Unlighted,Clear,0,2,[],[],0,0,Valid,0.0,0.0,59.0,59.0,['Female'],0,0,2,3,4,Dry,Straight,Level,Lowest,No
34617,48,Texas,483734,0,2,1,1,1,BRUCEVILLE-EDDY,September,29,Friday,19,21,Rural,High Speed (Arterial),Yes,31.32374444,-97.230925,Non-Intersection,Dusk,Clear,Unknown,Unknown if Notified,Unknown EMS Scene Arrival Hour,Unknown if Arrived,Not Applicable (Not Transported),Not Applicable (Not Transported),1,Twilight,Clear,1,0,['Driver'],['Shoulder_Lapbelt'],1,1,Valid,1.0,0.0,31.0,31.0,['Male'],1,0,3,1,5,Dry,Curve,Level,Lowest,No
34618,48,Texas,483735,0,1,1,0,1,DALLAS,September,23,Saturday,22,58,Urban,High Speed (Arterial),Yes,32.80813333,-96.68299722,Non-Intersection,Dark - Not Lighted,Clear,Unknown,Unknown,Unknown EMS Scene Arrival Hour,Unknown EMS Scene Arrival Minutes,Unknown,Unknown EMS Hospital Arrival Time,1,Dark - Unlighted,Clear,1,0,['Driver'],['None_Used'],0,0,Invalid,1.0,0.0,55.0,55.0,['Male'],0,0,5,1,3,Dry,Straight,Level,Lowest,No
34619,48,Texas,483736,1,1,1,0,3,DICKINSON,December,19,Tuesday,22,29,Urban,Medium Speed (Collector),No,29.43924444,-95.09964722,Non-Intersection,Dark - Not Lighted,Clear,Unknown,Unknown,Unknown EMS Scene Arrival Hour,Unknown EMS Scene Arrival Minutes,Unknown,Unknown EMS Hospital Arrival Time,1,Dark - Unlighted,Clear,0,3,[],[],0,0,Valid,0.0,0.0,17.0,17.0,['Male'],0,0,2,1,4,Dry,Straight,Level,Lowest,No
34620,48,Texas,483737,1,1,1,0,1,NOT APPLICABLE,December,8,Friday,23,30,Urban,High Speed (Arterial),Yes,29.90671667,-95.631275,Non-Intersection,Dark - Not Lighted,Clear,Unknown,Unknown,Unknown EMS Scene Arrival Hour,Unknown EMS Scene Arrival Minutes,Not Applicable (Not Transported),Not Applicable (Not Transported),1,Dark - Unlighted,Clear,0,1,[],[],0,0,Invalid,0.0,0.0,22.0,22.0,['Female'],0,0,2,2,4,Dry,Straight,Level,Lowest,No
34621,48,Texas,483738,0,1,1,0,1,SPRING,December,10,Sunday,2,37,Urban,Medium Speed (Collector),No,30.08084444,-95.43734444,Non-Intersection,Dark - Lighted,Clear,Unknown,Unknown,Unknown EMS Scene Arrival Hour,Unknown EMS Scene Arrival Minutes,Not Applicable (Not Transported),Not Applicable (Not Transported),1,Dark - Lighted,Clear,1,0,['Driver'],['None_Used'],1,1,Valid,0.0,0.0,28.0,28.0,['Male'],0,0,3,1,3,Dry,Curve,Level,Lowest,No
34622,48,Texas,483739,0,2,2,0,3,NOT APPLICABLE,December,16,Saturday,19,36,Rural,Medium Speed (Collector),No,32.19396111,-99.32207778,Non-Intersection,Dark - Not Lighted,Cloudy,Unknown,Unknown,Unknown EMS Scene Arrival Hour,Unknown EMS Scene Arrival Minutes,Unknown,Unknown EMS Hospital Arrival Time,2,Dark - Unlighted,Reduced Visibility,2,1,"['Driver', 'Driver']","['None_Used', 'Shoulder_Lapbelt']",0,0,Valid,1.0,0.0,52.0,48.0,"['Male', 'Male']",0,0,3,1,5,Dry,Curve,Level,Lowest,No