,State_Code,State_Name,Crash_ID,Count_Non_Motorists,Count_Vehicles_Total,Count_Vehicle_Forms,Count_PVH_Involved,Count_Occupants_MV,City_Name,Month_Name,Day_of_Month,Day_of_Week,Crash_Hour,Crash_Minute,Area_Rural_Urban,Road_Functional_Class,On_NHS_Road,Latitude,Longitude,Intersection_Type,Light_Condition,Weather_Condition,Notif_Hour,Notif_Minute,Arrival_Hour,Arrival_Minute,Hospital_Hour,Hospital_Minute,Fatalities_Count,Clean_Light_Condition,Clean_Weather_Condition,Total_Killed,Total_Alive,Fatal_Seats_List,Killed_Restraint_List,Any_Driver_Drinking,Total_Drinking_Drivers,Driver_License_Category,Driver_Max_Prev_Accident_Count,Driver_Max_Prev_Speeding_Count,Max_Driver_Age,Min_Driver_Age,Driver_Sex_List,Total_Exceeding_Limit_Vehicles,Total_Too_Fast_Vehicles,Max_Vehicle_Type_Severity_5,Max_Vehicle_Damage_Rank,Max_Harmful_Event_Severity,Crash_Road_Surface_Condition,Crash_Horizontal_Alignment,Crash_Vertical_Profile,Crash_Impairment_Category,Crash_Vehicle_Defect
34623,48,Texas,483740,1,1,1,0,2,ARLINGTON,December,15,Friday,20,58,Urban,High Speed (Arterial),Yes,32.70160278,-97.12054167,Non-Intersection,Dark - Lighted,Clear,Unknown,Unknown,Unknown EMS Scene Arrival Hour,Unknown EMS Scene Arrival Minutes,Unknown,Unknown EMS Hospital Arrival Time,1,Dark - Lighted,Clear,0,2,[],[],0,0,Valid,0.0,0.0,42.0,42.0,['Female'],0,0,3,2,4,Wet/Standing Water,Straight,Level,Lowest,No
34624,48,Texas,483741,0,3,3,0,3,DALLAS,April,15,Saturday,9,30,Urban,Medium Speed (Collector),No,32.925675,-96.83891111,Complex/Circle,Daylight,Clear,Unknown,Unknown,Unknown EMS Scene Arrival Hour,Unknown EMS Scene Arrival Minutes,Unknown,Unknown EMS Hospital Arrival Time,1,Daylight,Clear,1,2,['Driver'],['Shoulder_Lapbelt'],0,0,Invalid,1.0,0.0,47.0,26.0,"['Male', 'Female', 'Male']",0,0,2,1,5,Dry,Straight,Level,Lowest,No
34625,48,Texas,483742,0,1,1,0,1,NOT APPLICABLE,November,10,Friday,12,9,Rural,Medium Speed (Collector),No,32.85394722,-101.41081944,Non-Intersection,Daylight,Cloudy,Unknown,Unknown,Unknown EMS Scene Arrival Hour,Unknown EMS Scene Arrival Minutes,Unknown,Unknown EMS Hospital Arrival Time,1,Daylight,Reduced Visibility,1,0,['Driver'],['None_Used'],0,0,Valid,0.0,0.0,57.0,57.0,['Male'],0,0,3,1,3,Dry,Straight,Level,Lowest,No
34626,48,Texas,483743,0,1,1,0,2,NOT APPLICABLE,December,15,Friday,18,20,Rural,Low Speed (Local),No,33.51152778,-96.05346667,Non-Intersection,Dark - Not Lighted,Rain,Unknown,Unknown if Notified,Unknown EMS Scene Arrival Hour,Unknown if Arrived,Not Applicable (Not Transported),Not Applicable (Not Transported),1,Dark - Unlighted,Rain/Wind/Minor,1,1,['Front_Passenger'],['None_Used'],0,0,Valid,0.0,1.0,31.0,31.0,['Male'],0,0,3,1,3,Dry,Straight,Non-Trafficway,Lowest,Yes
34627,48,Texas,483744,0,2,2,0,2,RICHARDSON,December,6,Wednesday,20,0,Urban,High Speed (Arterial),Yes,33.00192778,-96.70846667,Non-Intersection,Dark - Lighted,Clear,Unknown,Unknown,Unknown EMS Scene Arrival Hour,Unknown EMS Scene Arrival Minutes,Unknown,Unknown EMS Hospital Arrival Time,1,Dark - Lighted,Clear,1,1,['Driver'],['Shoulder_Lapbelt'],0,0,Valid,0.0,0.0,74.0,71.0,"['Female', 'Male']",0,0,3,4,5,Dry,Straight,Level,Lowest,No
34628,48,Texas,483745,1,1,1,0,1,NOT APPLICABLE,December,7,Thursday,18,35,Rural,High Speed (Arterial),Yes,30.90434444,-102.91493611,Non-Intersection,Dark - Not Lighted,Clear,Unknown,Unknown if Notified,Unknown EMS Scene Arrival Hour,Unknown if Arrived,Not Applicable (Not Transported),Not Applicable (Not Transported),1,Dark - Unlighted,Clear,0,1,[],[],0,0,Valid,0.0,1.0,41.0,41.0,['Male'],0,0,3,2,4,Dry,Straight,Level,Lowest,No
34629,48,Texas,483746,0,1,1,0,1,NOT APPLICABLE,December,19,Tuesday,10,41,Urban,Medium Speed (Collector),No,31.07805833,-97.88310833,Non-Intersection,Daylight,Clear,Unknown,Unknown if Notified,Unknown EMS Scene Arrival Hour,Unknown if Arrived,Not Applicable (Not Transported),Not Applicable (Not Transported),1,Daylight,Clear,1,0,['Driver'],['Shoulder_Lapbelt'],0,0,Valid,0.0,0.0,62.0,62.0,['Male'],0,0,3,2,3,Dry,Straight,Level,Medium,No
34630,48,Texas,483747,0,2,2,0,2,NOT APPLICABLE,December,13,Wednesday,6,36,Rural,Medium Speed (Collector),No,32.19185556,-97.74855278,Non-Intersection,Dark - Not Lighted,Rain,Unknown,Unknown if Notified,Unknown EMS Scene Arrival Hour,Unknown if Arrived,Not Applicable (Not Transported),Not Applicable (Not Transported),1,Dark - Unlighted,Rain/Wind/Minor,1,1,['Driver'],['Shoulder_Lapbelt'],0,0,Valid,0.0,0.0,53.0,16.0,"['Male', 'Male']",0,0,3,1,5,Wet/Standing Water,Straight,Grade/Hillcrest,Lowest,Yes
34631,48,Texas,483748,0,2,2,0,4,NOT APPLICABLE,December,7,Thursday,18,59,Urban,High Speed (Arterial),Yes,28.75962222,-97.08729167,Simple Junction,Dark - Lighted,Clear,Unknown,Unknown,Unknown EMS Scene Arrival Hour,Unknown EMS Scene Arrival Minutes,Unknown,Unknown EMS Hospital Arrival Time,1,Dark - Lighted,Clear,1,3,['Driver'],['Shoulder_Lapbelt'],0,0,Valid,0.0,0.0,67.0,62.0,"['Female', 'Male']",2,0,3,1,5,Dry,Straight,Level,Lowest,No
34632,48,Texas,483749,0,1,1,0,1,FORT WORTH,December,21,Thursday,2,0,Urban,High Speed (Arterial),Yes,32.96785,-97.41828333,Non-Intersection,Dark - Not Lighted,Clear,Unknown,Unknown if Notified,Unknown EMS Scene Arrival Hour,Unknown if Arrived,Not Applicable (Not Transported),Not Applicable (Not Transported),1,Dark - Unlighted,Clear,1,0,['Driver'],['Shoulder_Lapbelt'],1,1,Valid,0.0,0.0,30.0,30.0,['Male'],1,0,2,1,3,Dry,Curve,Grade/Hillcrest,Lowest,No
34633,48,Texas,483750,0,2,2,0,3,NOT APPLICABLE,December,9,Saturday,21,19,Rural,Medium Speed (Collector),No,30.07616389,-97.577775,Non-Intersection,Dark - Not Lighted,Cloudy,Unknown,Unknown,Unknown EMS Scene Arrival Hour,Unknown EMS Scene Arrival Minutes,Unknown,Unknown EMS Hospital Arrival Time,1,Dark - Unlighted,Reduced Visibility,1,2,['Driver'],['Shoulder_Lapbelt'],1,1,Invalid,0.0,0.0,37.0,31.0,"['Male', 'Male']",0,0,3,1,5,Dry,Straight,Grade/Hillcrest,Lowest,No
34634,48,Texas,483751,0,1,1,0,1,FORT WORTH,December,21,Thursday,20,36,Urban,Medium Speed (Collector),No,32.69017778,-97.35313611,Non-Intersection,Dark - Lighted,Rain,Unknown,Unknown if Notified,Unknown EMS Scene Arrival Hour,Unknown if Arrived,Not Applicable (Not Transported),Not Applicable (Not Transported),1,Dark - Lighted,Rain/Wind/Minor,1,0,['Driver'],['Shoulder_Lapbelt'],1,1,Valid,2.0,0.0,20.0,20.0,['Male'],1,0,3,4,3,Wet/Standing Water,Straight,Level,Lowest,No
34635,48,Texas,483752,0,2,2,0,3,NOT APPLICABLE,December,4,Monday,14,11,Rural,High Speed (Arterial),Yes,30.89166667,-98.237175,Non-Intersection,Daylight,Clear,Unknown,Unknown if Notified,Unknown EMS Scene Arrival Hour,Unknown if Arrived,Not Applicable (Not Transported),Not Applicable (Not Transported),1,Daylight,Clear,1,2,['Driver'],['Shoulder_Lapbelt'],0,0,Valid,0.0,0.0,50.0,33.0,"['Female', 'Male']",0,0,4,4,5,Dry,Straight,Level,Lowest,No
34636,48,Texas,483753,0,2,2,0,2,SOCORRO,December,13,Wednesday,19,25,Urban,Medium Speed (Collector),No,31.65698889,-106.30359444,Simple Junction,Dark - Lighted,Clear,Unknown,Unknown,Unknown EMS Scene Arrival Hour,Unknown EMS Scene Arrival Minutes,Unknown,Unknown EMS Hospital Arrival Time,1,Dark - Lighted,Clear,1,1,['Driver'],['None_Used'],0,0,Valid,0.0,0.0,19.0,17.0,"['Female', 'Male']",1,0,5,1,5,Dry,Straight,Level,Lowest,No
34637,48,Texas,483754,0,2,2,0,2,SAN ANTONIO,December,21,Thursday,2,19,Urban,High Speed (Arterial),Yes,29.40668333,-98.57520556,Non-Intersection,Dark - Lighted,Clear,Unknown,Unknown if Notified,Unknown EMS Scene Arrival Hour,Unknown if Arrived,Not Applicable (Not Transported),Not Applicable (Not Transported),1,Dark - Lighted,Clear,1,1,['Driver'],['Shoulder_Lapbelt'],1,1,Valid,1.0,2.0,43.0,24.0,"['Male', 'Male']",0,0,4,4,5,Dry,Straight,Grade/Hillcrest,Lowest,No
34638,48,Texas,483755,0,1,1,0,1,SAN ANTONIO,December,17,Sunday,2,19,Urban,High Speed (Arterial),Yes,29.60095556,-98.53769167,Non-Intersection,Dark - Not Lighted,Clear,Unknown,Unknown,Unknown EMS Scene Arrival Hour,Unknown EMS Scene Arrival Minutes,Not Applicable (Not Transported),Not Applicable (Not Transported),1,Dark - Unlighted,Clear,1,0,['Driver'],['None_Used'],0,0,Invalid,0.0,0.0,18.0,18.0,['Male'],1,0,5,1,3,Dry,Curve,Level,Lowest,No
34639,48,Texas,483756,1,1,1,0,1,HENDERSON,December,22,Friday,19,45,Urban,High Speed (Arterial),Yes,32.14316111,-94.79297222,Non-Intersection,Dark - Lighted,Clear,Unknown,Unknown,Unknown EMS Scene Arrival Hour,Unknown EMS Scene Arrival Minutes,Unknown,Unknown EMS Hospital Arrival Time,1,Dark - Lighted,Clear,0,1,[],[],0,0,Valid,0.0,0.0,70.0,70.0,['Male'],0,0,3,1,4,Dry,Straight,Level,Lowest,No
34640,48,Texas,483757,1,1,1,0,1,NOT APPLICABLE,December,24,Sunday,18,7,Urban,Medium Speed (Collector),No,29.81614722,-95.01695278,Non-Intersection,Dark - Not Lighted,Clear,Unknown,Unknown if Notified,Unknown EMS Scene Arrival Hour,Unknown if Arrived,Not Applicable (Not Transported),Not Applicable (Not Transported),1,Dark - Unlighted,Clear,0,1,[],[],0,0,Valid,0.0,0.0,58.0,58.0,['Female'],0,0,3,2,4,Dry,Straight,Level,Lowest,No
34641,48,Texas,483758,0,1,1,0,2,NOT APPLICABLE,December,10,Sunday,2,0,Rural,Medium Speed (Collector),No,31.25366111,-94.72118056,Non-Intersection,Dark - Lighted,Clear,Unknown,Unknown,Unknown EMS Scene Arrival Hour,Unknown EMS Scene Arrival Minutes,Unknown,Unknown EMS Hospital Arrival Time,1,Dark - Lighted,Clear,1,1,['Front_Passenger'],['None_Used'],1,1,Invalid,0.0,0.0,38.0,38.0,['Male'],0,0,3,1,3,Dry,Straight,Level,Lowest,No
34642,48,Texas,483759,0,2,2,0,2,NOT APPLICABLE,December,13,Wednesday,7,5,Rural,High Speed (Arterial),Yes,31.22843611,-99.63327778,Non-Intersection,Dark - Not Lighted,Cloudy,Unknown,Unknown if Notified,Unknown EMS Scene Arrival Hour,Unknown if Arrived,Not Applicable (Not Transported),Not Applicable (Not Transported),1,Dark - Unlighted,Reduced Visibility,1,1,['Driver'],['Shoulder_Lapbelt'],0,0,Valid,0.0,0.0,40.0,36.0,"['Male', 'Male']",0,0,4,1,5,Wet/Standing Water,Curve,Level,Lowest,No
34643,48,Texas,483760,0,2,2,0,2,DALLAS,December,7,Thursday,22,16,Urban,Low Speed (Local),No,32.69214444,-96.79944167,Complex/Circle,Dark - Not Lighted,Clear,Unknown,Unknown,Unknown EMS Scene Arrival Hour,Unknown EMS Scene Arrival Minutes,Unknown,Unknown EMS Hospital Arrival Time,1,Dark - Unlighted,Clear,1,1,['Driver'],['None_Used'],1,1,Invalid,0.0,0.0,34.0,19.0,"['Male', 'Female']",0,0,3,1,5,Dry,Straight,Level,Lowest,No
34644,48,Texas,483761,0,2,2,0,1,NOT APPLICABLE,December,9,Saturday,3,38,Rural,Medium Speed (Collector),No,32.51984444,-102.51458333,Non-Intersection,Dark - Not Lighted,Clear,Unknown,Unknown,Unknown EMS Scene Arrival Hour,Unknown EMS Scene Arrival Minutes,Unknown,Unknown EMS Hospital Arrival Time,1,Dark - Unlighted,Clear,1,0,['Driver'],['None_Used'],0,0,Valid,0.0,1.0,33.0,33.0,['Female'],0,0,4,2,5,Dry,Straight,Level,Lowest,Yes
34645,48,Texas,483762,0,2,2,0,5,MERCEDES,December,16,Saturday,22,52,Urban,Medium Speed (Collector),No,26.16566667,-97.87808889,Non-Intersection,Dark - Not Lighted,Clear,Unknown,Unknown,Unknown EMS Scene Arrival Hour,Unknown EMS Scene Arrival Minutes,Unknown,Unknown EMS Hospital Arrival Time,1,Dark - Unlighted,Clear,1,4,['Driver'],['None_Used'],1,1,Invalid,1.0,0.0,31.0,30.0,"['Male', 'Female']",0,0,3,1,5,Dry,Straight,Level,Lowest,No
34646,48,Texas,483763,0,1,1,0,1,NOT APPLICABLE,December,21,Thursday,23,25,Rural,High Speed (Arterial),Yes,34.87116944,-102.281975,Non-Intersection,Dark - Not Lighted,Clear,Unknown,Unknown if Notified,Unknown EMS Scene Arrival Hour,Unknown if Arrived,Not Applicable (Not Transported),Not Applicable (Not Transported),1,Dark - Unlighted,Clear,1,0,['Driver'],['None_Used'],1,1,Valid,0.0,0.0,24.0,24.0,['Male'],0,0,3,1,3,Dry,Straight,Level,Lowest,No
34647,48,Texas,483764,0,2,2,0,3,NOT APPLICABLE,December,16,Saturday,9,10,Rural,High Speed (Arterial),Yes,30.90733611,-93.91691389,Non-Intersection,Daylight,Cloudy,Unknown,Unknown,Unknown EMS Scene Arrival Hour,Unknown EMS Scene Arrival Minutes,Unknown,Unknown EMS Hospital Arrival Time,2,Daylight,Reduced Visibility,2,1,"['Front_Passenger', 'Driver']","['None_Used', 'Shoulder_Lapbelt']",0,0,Invalid,0.0,0.0,73.0,29.0,"['Male', 'Female']",0,0,2,1,5,Dry,Straight,Level,Lowest,No
34648,48,Texas,483765,0,1,1,0,1,DALLAS,December,10,Sunday,2,6,Urban,Medium Speed (Collector),No,32.85365278,-96.83665833,Simple Junction,Dark - Lighted,Clear,Unknown,Unknown,Unknown EMS Scene Arrival Hour,Unknown EMS Scene Arrival Minutes,Not Applicable (Not Transported),Not Applicable (Not Transported),1,Dark - Lighted,Clear,1,0,['Driver'],['None_Used'],1,1,Valid,0.0,1.0,66.0,66.0,['Male'],1,0,2,1,3,Dry,Curve,Level,Lowest,No
34649,48,Texas,483766,0,2,2,0,6,NOT APPLICABLE,December,18,Monday,19,32,Urban,Medium Speed (Collector),No,30.08281389,-95.45792222,Simple Junction,Dark - Not Lighted,Clear,Unknown,Unknown,Unknown EMS Scene Arrival Hour,Unknown EMS Scene Arrival Minutes,Unknown,Unknown EMS Hospital Arrival Time,1,Dark - Unlighted,Clear,1,5,['Driver'],['None_Used'],0,0,Valid,0.0,0.0,42.0,17.0,"['Male', 'Female']",0,0,5,1,5,Dry,Straight,Grade/Hillcrest,Lowest,No
34650,48,Texas,483767,1,1,1,0,1,DALLAS,December,7,Thursday,12,43,Urban,Low Speed (Local),No,32.81245,-96.82389722,Complex/Circle,Daylight,Clear,Unknown,Unknown,Unknown EMS Scene Arrival Hour,Unknown EMS Scene Arrival Minutes,Unknown,Unknown EMS Hospital Arrival Time,1,Daylight,Clear,0,1,[],[],0,0,Valid,1.0,0.0,50.0,50.0,['Male'],0,0,4,0,4,Dry,Straight,Level,Lowest,No
34651,48,Texas,483768,0,2,2,0,2,DALLAS,November,29,Wednesday,3,14,Urban,High Speed (Arterial),Yes,32.64755,-96.82314444,Non-Intersection,Dark - Lighted,Clear,Unknown,Unknown,Unknown EMS Scene Arrival Hour,Unknown EMS Scene Arrival Minutes,Not Applicable (Not Transported),Not Applicable (Not Transported),1,Dark - Lighted,Clear,1,1,['Driver'],['Shoulder_Lapbelt'],1,1,Valid,1.0,1.0,61.0,39.0,"['Female', 'Male']",0,0,4,1,5,Dry,Straight,Grade/Hillcrest,Lowest,No
34652,48,Texas,483769,0,2,2,0,3,DALLAS,December,8,Friday,19,3,Urban,Medium Speed (Collector),No,32.67517778,-96.80578889,Non-Intersection,Dark - Lighted,Clear,Unknown,Unknown,Unknown EMS Scene Arrival Hour,Unknown EMS Scene Arrival Minutes,Unknown,Unknown EMS Hospital Arrival Time,1,Dark - Lighted,Clear,1,2,['Driver'],['Shoulder_Lapbelt'],1,1,Invalid,0.0,0.0,67.0,41.0,"['Male', 'Male']",1,0,3,4,5,Dry,Straight,Level,Lowest,No
34653,48,Texas,483770,0,2,2,0,2,DALLAS,December,1,Friday,5,57,Urban,High Speed (Arterial),Yes,32.69568333,-96.74264444,Non-Intersection,Dark - Lighted,Clear,Unknown,Unknown if Notified,Unknown EMS Scene Arrival Hour,Unknown if Arrived,Not Applicable (Not Transported),Not Applicable (Not Transported),1,Dark - Lighted,Clear,1,1,['Driver'],['None_Used'],1,1,Invalid,0.0,0.0,51.0,31.0,"['Male', 'Male']",1,0,4,1,5,Wet/Standing Water,Straight,Level,Lowest,No
34654,48,Texas,483771,0,2,1,1,2,CLEVELAND,November,19,Sunday,7,47,Urban,High Speed (Arterial),Yes,30.32230556,-95.10110833,Non-Intersection,Daylight,Clear,Unknown,Unknown,Unknown EMS Scene Arrival Hour,Unknown EMS Scene Arrival Minutes,Unknown,Unknown EMS Hospital Arrival Time,1,Daylight,Clear,1,1,['Driver'],['None_Used'],0,0,Valid,0.0,0.0,46.0,46.0,['Male'],0,0,3,1,5,Dry,Straight,Level,Lowest,No
34655,48,Texas,483772,1,1,1,0,1,LAREDO,December,18,Monday,21,55,Urban,High Speed (Arterial),Yes,27.52356667,-99.50435278,Complex/Circle,Dark - Lighted,Clear,Unknown,Unknown,Unknown EMS Scene Arrival Hour,Unknown EMS Scene Arrival Minutes,Unknown,Unknown EMS Hospital Arrival Time,1,Dark - Lighted,Clear,0,1,[],[],0,0,Invalid,0.0,0.0,24.0,24.0,['Female'],0,0,2,2,4,Dry,Straight,Level,Lowest,No
34656,48,Texas,483773,0,2,2,0,4,MIDLOTHIAN,November,25,Saturday,0,3,Urban,High Speed (Arterial),Yes,32.462775,-96.94596667,Non-Intersection,Dark - Not Lighted,Clear,Unknown,Unknown,Unknown EMS Scene Arrival Hour,Unknown EMS Scene Arrival Minutes,Unknown,Unknown EMS Hospital Arrival Time,2,Dark - Unlighted,Clear,2,2,"['Driver', 'Front_Passenger']","['None_Used', 'None_Used']",1,1,Valid,0.0,0.0,40.0,38.0,"['Female', 'Female']",0,0,3,1,5,Dry,Straight,Grade/Hillcrest,Lowest,No
34657,48,Texas,483774,0,1,1,0,1,HONEY GROVE,December,2,Saturday,7,0,Rural,High Speed (Arterial),Yes,33.59504444,-95.86696667,Non-Intersection,Dark - Not Lighted,"Fog, Smog, Smoke",Unknown,Unknown,Unknown EMS Scene Arrival Hour,Unknown EMS Scene Arrival Minutes,Not Applicable (Not Transported),Not Applicable (Not Transported),1,Dark - Unlighted,Reduced Visibility,1,0,['Driver'],['None_Used'],0,0,Invalid,0.0,0.0,35.0,35.0,['Male'],0,0,3,1,3,Wet/Standing Water,Straight,Level,Lowest,No
34658,48,Texas,483775,0,2,2,0,3,NOT APPLICABLE,December,22,Friday,21,13,Urban,High Speed (Arterial),Yes,29.97895,-95.42198333,Non-Intersection,Dark - Lighted,Clear,Unknown,Unknown,Unknown EMS Scene Arrival Hour,Unknown EMS Scene Arrival Minutes,Unknown,Unknown EMS Hospital Arrival Time,1,Dark - Lighted,Clear,1,2,['Driver'],['Shoulder_Lapbelt'],0,0,Valid,0.0,0.0,52.0,25.0,"['Male', 'Male']",1,0,3,4,5,Dry,Straight,Grade/Hillcrest,Lowest,Yes
34659,48,Texas,483776,0,2,2,0,3,DONNA,December,25,Monday,6,49,Urban,High Speed (Arterial),Yes,26.16536111,-98.02295278,Non-Intersection,Dark - Not Lighted,Clear,Unknown,Unknown,Unknown EMS Scene Arrival Hour,Unknown EMS Scene Arrival Minutes,Unknown,Unknown EMS Hospital Arrival Time,1,Dark - Unlighted,Clear,1,1,['Driver'],['Shoulder_Lapbelt'],0,0,Invalid,0.0,0.0,42.0,36.0,"['Male', 'Female']",2,0,3,1,5,Dry,Straight,Level,Lowest,No
34660,48,Texas,483777,0,2,2,0,2,SAN ANTONIO,December,25,Monday,7,44,Urban,High Speed (Arterial),Yes,29.31322778,-98.40077222,Complex/Circle,Daylight,Clear,Unknown,Unknown,Unknown EMS Scene Arrival Hour,Unknown EMS Scene Arrival Minutes,Unknown,Unknown EMS Hospital Arrival Time,1,Daylight,Clear,1,1,['Driver'],['None_Used'],0,0,Valid,0.0,0.0,44.0,35.0,"['Male', 'Male']",0,0,5,1,5,Dry,Straight,Level,Lowest,No
34661,48,Texas,483778,1,1,1,0,5,BAYTOWN,December,15,Friday,18,12,Urban,Medium Speed (Collector),No,29.8001,-95.02550833,Non-Intersection,Dark - Not Lighted,Rain,Unknown,Unknown,Unknown EMS Scene Arrival Hour,Unknown EMS Scene Arrival Minutes,Not Applicable (Not Transported),Not Applicable (Not Transported),1,Dark - Unlighted,Rain/Wind/Minor,0,5,[],[],0,0,Valid,0.0,0.0,27.0,27.0,['Male'],0,0,3,2,4,Wet/Standing Water,Curve,Level,Lowest,No
34662,48,Texas,483779,0,1,1,0,1,MARSHALL,December,16,Saturday,17,46,Urban,Medium Speed (Collector),No,32.53838056,-94.33395,Simple Junction,Daylight,Clear,Unknown,Unknown,Unknown EMS Scene Arrival Hour,Unknown EMS Scene Arrival Minutes,Unknown,Unknown EMS Hospital Arrival Time,1,Daylight,Clear,1,0,['Driver'],['Shoulder_Lapbelt'],0,0,Valid,0.0,0.0,65.0,65.0,['Male'],0,0,3,1,3,Dry,Straight,Level,Medium,No
34663,48,Texas,483780,0,2,2,0,2,NOT APPLICABLE,December,16,Saturday,22,0,Urban,Medium Speed (Collector),No,29.94600278,-95.4552,Complex/Circle,Dark - Lighted,Clear,Unknown,Unknown,Unknown EMS Scene Arrival Hour,Unknown EMS Scene Arrival Minutes,Not Applicable (Not Transported),Not Applicable (Not Transported),1,Dark - Lighted,Clear,1,1,['Driver'],['None_Used'],1,1,Valid,0.0,0.0,39.0,22.0,"['Male', 'Male']",1,0,3,1,5,Dry,Straight,Level,Lowest,No
34664,48,Texas,483781,0,1,1,0,1,NOT APPLICABLE,December,19,Tuesday,20,20,Urban,Medium Speed (Collector),No,26.27801111,-98.35448056,Simple Junction,Dark - Lighted,Clear,Unknown,Unknown,Unknown EMS Scene Arrival Hour,Unknown EMS Scene Arrival Minutes,Unknown,Unknown EMS Hospital Arrival Time,1,Dark - Lighted,Clear,1,0,['Driver'],['None_Used'],0,0,Invalid,0.0,0.0,19.0,19.0,['Male'],0,0,3,1,3,Dry,Straight,Level,Lowest,No
34665,48,Texas,483782,0,1,1,0,2,ABILENE,December,21,Thursday,19,26,Urban,High Speed (Arterial),No,32.44861667,-99.71061389,Non-Intersection,Dark - Lighted,Cloudy,Unknown,Unknown,Unknown EMS Scene Arrival Hour,Unknown EMS Scene Arrival Minutes,Unknown,Unknown EMS Hospital Arrival Time,1,Dark - Lighted,Reduced Visibility,1,1,['Front_Passenger'],['None_Used'],1,1,Valid,1.0,0.0,40.0,40.0,['Male'],2,0,2,1,3,Wet/Standing Water,Straight,Level,Lowest,No
34666,48,Texas,483783,0,3,3,0,3,KENNARD,December,18,Monday,15,50,Rural,High Speed (Arterial),Yes,31.35985833,-95.18267778,Non-Intersection,Daylight,Clear,Unknown,Unknown,Unknown EMS Scene Arrival Hour,Unknown EMS Scene Arrival Minutes,Unknown,Unknown EMS Hospital Arrival Time,1,Daylight,Clear,1,2,['Driver'],['Shoulder_Lapbelt'],0,0,Valid,0.0,0.0,64.0,44.0,"['Male', 'Male', 'Female']",0,0,4,4,5,Dry,Curve,Level,Lowest,No
34667,48,Texas,483784,0,3,3,0,5,EDINBURG,December,19,Tuesday,7,59,Urban,High Speed (Arterial),Yes,26.25472778,-98.17380556,Complex/Circle,Daylight,Clear,Unknown,Unknown,Unknown EMS Scene Arrival Hour,Unknown EMS Scene Arrival Minutes,Unknown,Unknown EMS Hospital Arrival Time,1,Daylight,Clear,1,4,['Driver'],['Shoulder_Lapbelt'],0,0,Valid,0.0,0.0,48.0,16.0,"['Male', 'Female', 'Male']",2,0,3,1,5,Dry,Straight,Level,Lowest,No
34668,48,Texas,483785,0,2,2,0,3,NOT APPLICABLE,December,12,Tuesday,7,52,Rural,High Speed (Arterial),Yes,30.08657222,-95.43594722,Non-Intersection,Daylight,Clear,Unknown,Unknown,Unknown EMS Scene Arrival Hour,Unknown EMS Scene Arrival Minutes,Unknown,Unknown EMS Hospital Arrival Time,1,Daylight,Clear,1,2,['Driver'],['Shoulder_Lapbelt'],0,0,Valid,0.0,0.0,39.0,32.0,"['Male', 'Male']",0,0,4,2,5,Dry,Straight,Level,Lowest,No
34669,48,Texas,483786,1,1,1,0,1,AUSTIN,December,22,Friday,18,49,Urban,High Speed (Arterial),Yes,30.28581389,-97.70600556,Non-Intersection,Dark - Not Lighted,Clear,Unknown,Unknown if Notified,Unknown EMS Scene Arrival Hour,Unknown if Arrived,Not Applicable (Not Transported),Not Applicable (Not Transported),1,Dark - Unlighted,Clear,0,1,[],[],0,0,Valid,0.0,0.0,24.0,24.0,['Female'],0,0,2,1,4,Wet/Standing Water,Straight,Level,Lowest,No
34670,48,Texas,483787,0,1,1,0,2,NOT APPLICABLE,November,25,Saturday,16,4,Rural,Medium Speed (Collector),No,30.24655556,-98.03796944,Non-Intersection,Daylight,Cloudy,Unknown,Unknown,Unknown EMS Scene Arrival Hour,Unknown EMS Scene Arrival Minutes,Unknown,Unknown EMS Hospital Arrival Time,1,Daylight,Reduced Visibility,1,1,['Driver'],['None_Used'],0,0,Valid,0.0,0.0,19.0,19.0,['Male'],2,0,3,4,3,Wet/Standing Water,Curve,Grade/Hillcrest,Lowest,No
34671,48,Texas,483789,0,2,2,0,2,NOT APPLICABLE,December,14,Thursday,18,5,Urban,High Speed (Arterial),Yes,29.87992778,-95.60018889,Simple Junction,Dark - Not Lighted,Clear,Unknown,Unknown if Notified,Unknown EMS Scene Arrival Hour,Unknown if Arrived,Not Applicable (Not Transported),Not Applicable (Not Transported),1,Dark - Unlighted,Clear,1,1,['Driver'],['None_Used'],0,0,Valid,0.0,0.0,47.0,22.0,"['Male', 'Male']",0,0,5,2,5,Dry,Straight,Level,Lowest,No
34672,48,Texas,483791,0,2,2,0,2,TYLER,December,26,Tuesday,14,23,Urban,High Speed (Arterial),Yes,32.31525556,-95.31151111,Non-Intersection,Daylight,Clear,Unknown,Unknown,Unknown EMS Scene Arrival Hour,Unknown EMS Scene Arrival Minutes,Unknown,Unknown EMS Hospital Arrival Time,1,Daylight,Clear,1,1,['Driver'],['Lapbelt_Only'],0,0,Invalid,0.0,1.0,72.0,51.0,"['Male', 'Male']",1,0,3,1,5,Dry,Straight,Grade/Hillcrest,Lowest,No