,State_Code,State_Name,Crash_ID,Count_Non_Motorists,Count_Vehicles_Total,Count_Vehicle_Forms,Count_PVH_Involved,Count_Occupants_MV,City_Name,Month_Name,Day_of_Month,Day_of_Week,Crash_Hour,Crash_Minute,Area_Rural_Urban,Road_Functional_Class,On_NHS_Road,Latitude,Longitude,Intersection_Type,Light_Condition,Weather_Condition,Notif_Hour,Notif_Minute,Arrival_Hour,Arrival_Minute,Hospital_Hour,Hospital_Minute,Fatalities_Count,Clean_Light_Condition,Clean_Weather_Condition,Total_Killed,Total_Alive,Fatal_Seats_List,Killed_Restraint_List,Any_Driver_Drinking,Total_Drinking_Drivers,Driver_License_Category,Driver_Max_Prev_Accident_Count,Driver_Max_Prev_Speeding_Count,Max_Driver_Age,Min_Driver_Age,Driver_Sex_List,Total_Exceeding_Limit_Vehicles,Total_Too_Fast_Vehicles,Max_Vehicle_Type_Severity_5,Max_Vehicle_Damage_Rank,Max_Harmful_Event_Severity,Crash_Road_Surface_Condition,Crash_Horizontal_Alignment,Crash_Vertical_Profile,Crash_Impairment_Category,Crash_Vehicle_Defect
34673,48,Texas,483792,0,1,1,0,1,CISCO,December,21,Thursday,15,42,Urban,High Speed (Arterial),Yes,32.37465556,-98.97085,Non-Intersection,Daylight,Rain,Unknown,Unknown,Unknown EMS Scene Arrival Hour,Unknown EMS Scene Arrival Minutes,Unknown,Unknown EMS Hospital Arrival Time,1,Daylight,Rain/Wind/Minor,1,0,['Driver'],['Shoulder_Lapbelt'],0,0,Valid,0.0,0.0,37.0,37.0,['Female'],1,0,4,1,3,Wet/Standing Water,Straight,Grade/Hillcrest,Lowest,No
34674,48,Texas,483793,0,5,5,0,8,HOUSTON,December,17,Sunday,14,45,Urban,Medium Speed (Collector),No,29.87561111,-95.38661944,Complex/Circle,Daylight,Clear,Unknown,Unknown if Notified,Unknown EMS Scene Arrival Hour,Unknown if Arrived,Not Applicable (Not Transported),Not Applicable (Not Transported),1,Daylight,Clear,1,4,['Driver'],['None_Used'],0,0,Invalid,1.0,0.0,55.0,29.0,"['Male', 'Male', 'Male', 'Male', 'Male']",0,0,3,2,5,Dry,Straight,Level,Lowest,No
34675,48,Texas,483794,0,1,1,0,1,NOT APPLICABLE,December,26,Tuesday,14,0,Rural,Medium Speed (Collector),No,32.82019167,-95.37632222,Non-Intersection,Daylight,Clear,Unknown,Unknown if Notified,Unknown EMS Scene Arrival Hour,Unknown if Arrived,Not Applicable (Not Transported),Not Applicable (Not Transported),1,Daylight,Clear,1,0,['Driver'],['None_Used'],0,0,Valid,0.0,0.0,55.0,55.0,['Male'],0,0,3,1,2,Dry,Curve,Level,Lowest,No
34676,48,Texas,483795,0,2,2,0,3,ODESSA,December,20,Wednesday,19,37,Urban,Low Speed (Local),No,31.94462778,-102.38597222,Simple Junction,Dark - Lighted,Clear,Unknown,Unknown,Unknown EMS Scene Arrival Hour,Unknown EMS Scene Arrival Minutes,Unknown,Unknown EMS Hospital Arrival Time,1,Dark - Lighted,Clear,1,2,['Driver'],['None_Used'],0,0,Valid,0.0,0.0,65.0,30.0,"['Male', 'Male']",0,0,5,2,5,Dry,Straight,Level,Lowest,Yes
34677,48,Texas,483796,1,1,1,0,1,NOT APPLICABLE,December,21,Thursday,19,9,Urban,Medium Speed (Collector),No,30.20696111,-95.27158056,Non-Intersection,Dark - Not Lighted,Clear,Unknown,Unknown if Notified,Unknown EMS Scene Arrival Hour,Unknown if Arrived,Not Applicable (Not Transported),Not Applicable (Not Transported),1,Dark - Unlighted,Clear,0,1,[],[],0,0,Valid,0.0,0.0,56.0,56.0,['Male'],0,0,2,2,4,Dry,Curve,Level,Lowest,No
34678,48,Texas,483797,1,1,1,0,1,NOT APPLICABLE,December,16,Saturday,6,5,Urban,High Speed (Arterial),Yes,30.26466389,-97.62355556,Non-Intersection,Dawn,Clear,Unknown,Unknown if Notified,Unknown EMS Scene Arrival Hour,Unknown if Arrived,Not Applicable (Not Transported),Not Applicable (Not Transported),1,Twilight,Clear,0,1,[],[],0,0,Invalid,0.0,0.0,21.0,21.0,['Male'],0,0,3,2,4,Dry,Straight,Level,Lowest,No
34679,48,Texas,483798,0,1,1,0,1,NOT APPLICABLE,December,23,Saturday,15,25,Rural,High Speed (Arterial),Yes,31.87146389,-95.47528333,Non-Intersection,Daylight,Cloudy,Unknown,Unknown if Notified,Unknown EMS Scene Arrival Hour,Unknown if Arrived,Not Applicable (Not Transported),Not Applicable (Not Transported),1,Daylight,Reduced Visibility,1,0,['Driver'],['Shoulder_Lapbelt'],0,0,Invalid,0.0,0.0,34.0,34.0,['Male'],1,0,2,1,3,Dry,Straight,Grade/Hillcrest,Lowest,Yes
34680,48,Texas,483799,0,4,4,0,10,NOT APPLICABLE,December,21,Thursday,15,52,Rural,Medium Speed (Collector),No,32.11262222,-99.16573889,Non-Intersection,Daylight,Rain,Unknown,Unknown,Unknown EMS Scene Arrival Hour,Unknown EMS Scene Arrival Minutes,Unknown,Unknown EMS Hospital Arrival Time,2,Daylight,Rain/Wind/Minor,2,8,"['Driver', 'Front_Passenger']","['Shoulder_Lapbelt', 'Shoulder_Lapbelt']",0,0,Valid,1.0,3.0,41.0,19.0,"['Male', 'Male', 'Male', 'Male']",5,0,3,1,5,Wet/Standing Water,Straight,Level,Lowest,No
34681,48,Texas,483800,0,2,2,0,3,HOUSTON,December,10,Sunday,1,41,Urban,Medium Speed (Collector),No,29.83396111,-95.60495833,Complex/Circle,Dark - Not Lighted,Clear,1:00am-1:59am,53,2:00am-2:59am,5,3:00am-3:59am,38,1,Dark - Unlighted,Clear,1,2,['Driver'],['None_Used'],1,1,Valid,0.0,0.0,43.0,26.0,"['Male', 'Male']",0,0,3,1,5,Dry,Straight,Level,Lowest,No
34682,48,Texas,483801,0,2,2,0,4,DECATUR,December,7,Thursday,11,6,Rural,Medium Speed (Collector),No,33.25276111,-97.5656,Non-Intersection,Daylight,Clear,11:00am-11:59am,7,11:00am-11:59am,20,12:00pm-12:59pm,45,1,Daylight,Clear,1,3,['Driver'],['None_Used'],0,0,Valid,0.0,0.0,71.0,56.0,"['Male', 'Female']",0,0,3,1,5,Dry,Straight,Grade/Hillcrest,Lowest,No
34683,48,Texas,483802,1,1,1,0,1,DALLAS,December,16,Saturday,20,35,Urban,Medium Speed (Collector),No,32.766025,-96.89591389,Complex/Circle,Dark - Lighted,Clear,Unknown,Unknown if Notified,Unknown EMS Scene Arrival Hour,Unknown if Arrived,Not Applicable (Not Transported),Not Applicable (Not Transported),1,Dark - Lighted,Clear,0,1,[],[],1,1,Invalid,0.0,1.0,31.0,31.0,['Male'],1,0,2,1,4,Dry,Straight,Grade/Hillcrest,Lowest,No
34684,48,Texas,483803,0,1,1,0,2,NOT APPLICABLE,December,21,Thursday,15,33,Rural,High Speed (Arterial),Yes,35.44293056,-101.15706389,Non-Intersection,Daylight,Clear,Unknown,Unknown,Unknown EMS Scene Arrival Hour,Unknown EMS Scene Arrival Minutes,Unknown,Unknown EMS Hospital Arrival Time,1,Daylight,Clear,1,1,['Driver'],['None_Used'],0,0,Valid,1.0,0.0,37.0,37.0,['Female'],0,0,3,1,3,Dry,Straight,Level,Medium,No
34685,48,Texas,483804,0,1,1,0,1,HOUSTON,December,6,Wednesday,14,25,Urban,High Speed (Arterial),Yes,29.61034444,-95.46481389,Non-Intersection,Daylight,Clear,Unknown,Unknown,Unknown EMS Scene Arrival Hour,Unknown EMS Scene Arrival Minutes,Unknown,Unknown EMS Hospital Arrival Time,1,Daylight,Clear,1,0,['Driver'],['Shoulder_Lapbelt'],0,0,Valid,0.0,0.0,82.0,82.0,['Male'],0,0,2,1,3,Dry,Straight,Level,Lowest,No
34686,48,Texas,483805,0,2,2,0,2,GRAND PRAIRIE,December,17,Sunday,15,49,Urban,High Speed (Arterial),Yes,32.77788056,-96.99453056,Complex/Circle,Daylight,Clear,Unknown,Unknown if Notified,Unknown EMS Scene Arrival Hour,Unknown if Arrived,Not Applicable (Not Transported),Not Applicable (Not Transported),1,Daylight,Clear,1,1,['Driver'],['Shoulder_Lapbelt'],1,1,Invalid,0.0,0.0,41.0,35.0,"['Male', 'Female']",1,0,4,1,5,Dry,Straight,Level,Lowest,No
34687,48,Texas,483806,1,2,2,0,3,SAN ANTONIO,December,22,Friday,21,45,Urban,Medium Speed (Collector),No,29.46553611,-98.35938333,Non-Intersection,Dark - Lighted,Clear,Unknown,Unknown,Unknown EMS Scene Arrival Hour,Unknown EMS Scene Arrival Minutes,Unknown,Unknown EMS Hospital Arrival Time,1,Dark - Lighted,Clear,0,3,[],[],0,0,Valid,1.0,0.0,40.0,20.0,"['Male', 'Male']",0,0,3,1,5,Dry,Straight,Level,Lowest,No
34688,48,Texas,483807,1,2,2,0,6,LANCASTER,December,25,Monday,20,33,Urban,High Speed (Arterial),Yes,32.60474444,-96.82275833,Non-Intersection,Dark - Not Lighted,Clear,Unknown,Unknown,Unknown EMS Scene Arrival Hour,Unknown EMS Scene Arrival Minutes,Unknown,Unknown EMS Hospital Arrival Time,1,Dark - Unlighted,Clear,0,6,[],[],0,0,Valid,0.0,0.0,80.0,43.0,"['Male', 'Female']",0,0,3,2,5,Dry,Straight,Level,Lowest,No
34689,48,Texas,483808,0,1,1,0,1,NOT APPLICABLE,December,25,Monday,20,55,Rural,Medium Speed (Collector),No,33.59888333,-100.84418889,Non-Intersection,Dark - Not Lighted,Clear,Unknown,Unknown if Notified,Unknown EMS Scene Arrival Hour,Unknown if Arrived,Not Applicable (Not Transported),Not Applicable (Not Transported),1,Dark - Unlighted,Clear,1,0,['Driver'],['None_Used'],1,1,Invalid,0.0,0.0,42.0,42.0,['Female'],0,0,3,1,3,Dry,Straight,Grade/Hillcrest,Lowest,No
34690,48,Texas,483809,0,1,1,0,2,NOT APPLICABLE,December,21,Thursday,2,32,Urban,Low Speed (Local),No,29.90380556,-95.47771111,Non-Intersection,Dark - Not Lighted,Cloudy,Unknown,Unknown,Unknown EMS Scene Arrival Hour,Unknown EMS Scene Arrival Minutes,Unknown,Unknown EMS Hospital Arrival Time,1,Dark - Unlighted,Reduced Visibility,1,1,['Front_Passenger'],['Shoulder_Lapbelt'],1,1,Valid,1.0,0.0,22.0,22.0,['Male'],2,0,2,1,3,Dry,Straight,Level,Lowest,No
34691,48,Texas,483810,0,1,1,0,1,TEMPLE,December,30,Saturday,3,25,Urban,Medium Speed (Collector),No,31.05216111,-97.38516111,Non-Intersection,Dark - Lighted,Clear,Unknown,Unknown if Notified,Unknown EMS Scene Arrival Hour,Unknown if Arrived,Not Applicable (Not Transported),Not Applicable (Not Transported),1,Dark - Lighted,Clear,1,0,['Driver'],['Shoulder_Lapbelt'],1,1,Valid,0.0,1.0,29.0,29.0,['Male'],1,0,2,4,3,Dry,Curve,Level,Lowest,No
34692,48,Texas,483811,0,1,1,0,1,NOT APPLICABLE,December,19,Tuesday,16,34,Rural,High Speed (Arterial),Yes,32.00364167,-94.24830278,Non-Intersection,Daylight,Clear,Unknown,Unknown if Notified,Unknown EMS Scene Arrival Hour,Unknown if Arrived,Not Applicable (Not Transported),Not Applicable (Not Transported),1,Daylight,Clear,1,0,['Driver'],['Shoulder_Lapbelt'],1,1,Invalid,0.0,0.0,21.0,21.0,['Male'],1,0,2,4,3,Dry,Curve,Grade/Hillcrest,Lowest,No
34693,48,Texas,483812,1,1,1,0,1,HOUSTON,December,9,Saturday,19,59,Urban,High Speed (Arterial),Yes,29.67250833,-95.27703889,Complex/Circle,Dark - Lighted,Cloudy,Unknown,Unknown if Notified,Unknown EMS Scene Arrival Hour,Unknown if Arrived,Not Applicable (Not Transported),Not Applicable (Not Transported),1,Dark - Lighted,Reduced Visibility,0,0,[],[],0,0,Invalid,0.0,0.0,999.0,999.0,['Other'],1,0,1,1,4,Dry,Straight,Level,Lowest,No
34694,48,Texas,483813,1,1,1,0,1,HOUSTON,December,14,Thursday,21,34,Urban,High Speed (Arterial),No,29.84806944,-95.41120556,Non-Intersection,Dark - Not Lighted,Clear,Unknown,Unknown,Unknown EMS Scene Arrival Hour,Unknown EMS Scene Arrival Minutes,Not Applicable (Not Transported),Not Applicable (Not Transported),1,Dark - Unlighted,Clear,0,1,[],[],0,0,Valid,0.0,0.0,39.0,39.0,['Male'],0,0,2,1,4,Dry,Straight,Level,Lowest,No
34695,48,Texas,483814,1,1,1,0,1,LEAGUE CITY,December,28,Thursday,19,46,Urban,Medium Speed (Collector),No,29.52009167,-95.074925,Non-Intersection,Dark - Not Lighted,Clear,Unknown,Unknown if Notified,Unknown EMS Scene Arrival Hour,Unknown if Arrived,Not Applicable (Not Transported),Not Applicable (Not Transported),1,Dark - Unlighted,Clear,0,1,[],[],0,0,Valid,0.0,0.0,31.0,31.0,['Male'],0,0,3,1,4,Dry,Straight,Level,Lowest,No
34696,48,Texas,483815,0,2,2,0,3,HUNGERFORD,December,27,Wednesday,14,18,Rural,Medium Speed (Collector),No,29.39829167,-96.07720278,Simple Junction,Daylight,Clear,Unknown,Unknown,Unknown EMS Scene Arrival Hour,Unknown EMS Scene Arrival Minutes,Unknown,Unknown EMS Hospital Arrival Time,1,Daylight,Clear,1,2,['Front_Passenger'],['Shoulder_Lapbelt'],0,0,Valid,1.0,0.0,87.0,45.0,"['Female', 'Female']",0,0,3,1,5,Dry,Straight,Level,Lowest,No
34697,48,Texas,483816,0,3,3,0,3,TEXARKANA,December,18,Monday,19,26,Urban,High Speed (Arterial),Yes,33.43114722,-94.04320278,Complex/Circle,Dark - Lighted,Clear,Unknown,Unknown if Notified,Unknown EMS Scene Arrival Hour,Unknown if Arrived,Not Applicable (Not Transported),Not Applicable (Not Transported),1,Dark - Lighted,Clear,1,2,['Driver'],['Shoulder_Lapbelt'],0,0,Valid,0.0,3.0,66.0,22.0,"['Male', 'Male', 'Female']",2,0,3,2,5,Dry,Straight,Level,Lowest,No
34698,48,Texas,483817,0,2,2,0,3,SAN ANTONIO,December,29,Friday,2,39,Urban,Medium Speed (Collector),No,29.32967222,-98.42030556,Non-Intersection,Dark - Lighted,Clear,Unknown,Unknown,Unknown EMS Scene Arrival Hour,Unknown EMS Scene Arrival Minutes,Not Applicable (Not Transported),Not Applicable (Not Transported),1,Dark - Lighted,Clear,1,2,['Driver'],['None_Used'],1,2,Valid,0.0,0.0,46.0,28.0,"['Male', 'Male']",0,0,3,1,5,Dry,Curve,Level,Lowest,No
34699,48,Texas,483818,0,2,2,0,2,NOT APPLICABLE,December,18,Monday,15,50,Rural,Medium Speed (Collector),No,29.02989167,-97.55859722,Simple Junction,Daylight,Clear,Unknown,Unknown if Notified,Unknown EMS Scene Arrival Hour,Unknown if Arrived,Not Applicable (Not Transported),Not Applicable (Not Transported),1,Daylight,Clear,1,1,['Driver'],['None_Used'],0,0,Valid,0.0,1.0,65.0,54.0,"['Male', 'Male']",0,0,5,2,5,Dry,Straight,Level,Lowest,No
34700,48,Texas,483819,0,2,2,0,3,ROCKDALE,December,23,Saturday,21,58,Urban,High Speed (Arterial),Yes,30.64538056,-97.02857222,Non-Intersection,Dark - Not Lighted,Rain,Unknown,Unknown,Unknown EMS Scene Arrival Hour,Unknown EMS Scene Arrival Minutes,Unknown,Unknown EMS Hospital Arrival Time,1,Dark - Unlighted,Rain/Wind/Minor,1,2,['Driver'],['None_Used'],1,1,Valid,0.0,0.0,43.0,20.0,"['Male', 'Male']",1,0,2,1,5,Wet/Standing Water,Straight,Level,Lowest,No
34701,48,Texas,483820,0,2,2,0,4,DENTON,December,30,Saturday,3,16,Urban,High Speed (Arterial),Yes,33.17845833,-97.09700278,Non-Intersection,Dark - Lighted,Cloudy,Unknown,Unknown,Unknown EMS Scene Arrival Hour,Unknown EMS Scene Arrival Minutes,Unknown,Unknown EMS Hospital Arrival Time,1,Dark - Lighted,Reduced Visibility,1,3,['Rear_Seat'],['Shoulder_Lapbelt'],1,1,Invalid,0.0,0.0,38.0,18.0,"['Male', 'Female']",1,0,2,1,5,Dry,Straight,Level,Lowest,No
34702,48,Texas,483821,0,1,1,0,2,SAN ANGELO,December,30,Saturday,12,1,Urban,Low Speed (Local),No,31.45224167,-100.41938889,Non-Intersection,Not Reported,Clear,Unknown,Unknown if Notified,Unknown EMS Scene Arrival Hour,Unknown if Arrived,Not Applicable (Not Transported),Not Applicable (Not Transported),2,Dark - Unlighted,Clear,2,0,"['Driver', 'Front_Passenger']","['None_Used', 'None_Used']",0,0,Invalid,0.0,0.0,16.0,16.0,['Male'],2,0,2,1,3,Dry,Curve,Level,Lowest,No
34703,48,Texas,483822,1,2,1,1,2,EL PASO,December,17,Sunday,2,49,Urban,High Speed (Arterial),Yes,31.78783056,-106.52191111,Non-Intersection,Dark - Lighted,Clear,Unknown,Unknown,Unknown EMS Scene Arrival Hour,Unknown EMS Scene Arrival Minutes,Unknown,Unknown EMS Hospital Arrival Time,1,Dark - Lighted,Clear,1,1,['Rear_Seat'],['None_Used'],1,1,Invalid,0.0,0.0,31.0,31.0,['Male'],0,0,2,1,5,Dry,Curve,Level,Lowest,No
34704,48,Texas,483823,1,2,2,0,3,AUSTIN,October,12,Thursday,6,20,Urban,High Speed (Arterial),Yes,30.27349722,-97.69794722,Complex/Circle,Dark - Lighted,Clear,Unknown,Unknown if Notified,Unknown EMS Scene Arrival Hour,Unknown if Arrived,Not Applicable (Not Transported),Not Applicable (Not Transported),1,Dark - Lighted,Clear,0,3,[],[],0,0,Valid,0.0,0.0,76.0,22.0,"['Male', 'Male', 'Male']",0,0,3,2,4,Dry,Straight,Level,Lowest,No
34705,48,Texas,483824,0,1,1,0,1,NOT APPLICABLE,December,27,Wednesday,15,59,Rural,Medium Speed (Collector),No,32.5059,-95.78813056,Non-Intersection,Daylight,Clear,Unknown,Unknown,Unknown EMS Scene Arrival Hour,Unknown EMS Scene Arrival Minutes,Unknown,Unknown EMS Hospital Arrival Time,1,Daylight,Clear,1,0,['Driver'],['None_Used'],0,0,Valid,0.0,0.0,65.0,65.0,['Male'],0,0,2,2,3,Dry,Curve,Level,Medium,No
34706,48,Texas,483825,0,2,2,0,4,Other,December,22,Friday,12,49,Urban,High Speed (Arterial),Yes,30.08084722,-97.69189444,Complex/Circle,Daylight,Clear,Unknown,Unknown,Unknown EMS Scene Arrival Hour,Unknown EMS Scene Arrival Minutes,Unknown,Unknown EMS Hospital Arrival Time,1,Daylight,Clear,1,3,['Non_Standard_Risk'],['None_Used'],0,0,Valid,1.0,0.0,80.0,25.0,"['Male', 'Male']",0,0,4,1,5,Dry,Straight,Level,Lowest,No
34707,48,Texas,483826,1,1,1,0,1,SAN ANTONIO,December,17,Sunday,21,35,Urban,Medium Speed (Collector),No,29.34918333,-98.48120278,Non-Intersection,Dark - Lighted,Clear,Unknown,Unknown if Notified,Unknown EMS Scene Arrival Hour,Unknown if Arrived,Not Applicable (Not Transported),Not Applicable (Not Transported),1,Dark - Lighted,Clear,0,0,[],[],0,0,Invalid,0.0,0.0,999.0,999.0,['Other'],0,0,1,2,4,Dry,Straight,Level,Lowest,No
34708,48,Texas,483827,0,1,1,0,1,NOT APPLICABLE,December,26,Tuesday,6,5,Rural,High Speed (Arterial),Yes,31.85444722,-94.20636389,Non-Intersection,Dark - Not Lighted,Clear,Unknown,Unknown,Unknown EMS Scene Arrival Hour,Unknown EMS Scene Arrival Minutes,Unknown,Unknown EMS Hospital Arrival Time,1,Dark - Unlighted,Clear,1,0,['Driver'],['None_Used'],0,0,Valid,0.0,0.0,17.0,17.0,['Male'],0,0,3,1,3,Dry,Straight,Level,Lowest,No
34709,48,Texas,483828,0,1,1,0,2,NOT APPLICABLE,December,2,Saturday,14,10,Rural,High Speed (Arterial),Yes,28.55066667,-99.84024722,Non-Intersection,Daylight,Clear,Unknown,Unknown,Unknown EMS Scene Arrival Hour,Unknown EMS Scene Arrival Minutes,Unknown,Unknown EMS Hospital Arrival Time,1,Daylight,Clear,1,1,['Front_Passenger'],['Shoulder_Lapbelt'],0,0,Valid,0.0,0.0,19.0,19.0,['Male'],2,0,2,1,3,Dry,Curve,Level,Lowest,No
34710,48,Texas,483829,0,1,1,0,3,NOT APPLICABLE,December,21,Thursday,16,0,Rural,Medium Speed (Collector),No,30.67589167,-98.45776944,Non-Intersection,Daylight,Rain,Unknown,Unknown,Unknown EMS Scene Arrival Hour,Unknown EMS Scene Arrival Minutes,Unknown,Unknown EMS Hospital Arrival Time,1,Daylight,Rain/Wind/Minor,1,2,['Rear_Seat'],['Shoulder_Lapbelt'],0,0,Valid,0.0,0.0,18.0,18.0,['Male'],3,0,2,1,3,Wet/Standing Water,Straight,Level,Lowest,No
34711,48,Texas,483830,0,2,2,0,2,HOUSTON,December,23,Saturday,20,40,Urban,Medium Speed (Collector),No,29.66996389,-95.33719444,Complex/Circle,Dark - Lighted,Rain,Unknown,Unknown,Unknown EMS Scene Arrival Hour,Unknown EMS Scene Arrival Minutes,Unknown,Unknown EMS Hospital Arrival Time,1,Dark - Lighted,Rain/Wind/Minor,1,1,['Driver'],['None_Used'],0,0,Invalid,0.0,0.0,64.0,17.0,"['Male', 'Male']",1,0,3,1,5,Wet/Standing Water,Straight,Level,Lowest,No
34712,48,Texas,483831,0,1,1,0,1,NOT APPLICABLE,December,13,Wednesday,12,20,Rural,High Speed (Arterial),Yes,28.68833333,-100.43891389,Non-Intersection,Not Reported,Rain,Unknown,Unknown if Notified,Unknown EMS Scene Arrival Hour,Unknown if Arrived,Not Applicable (Not Transported),Not Applicable (Not Transported),1,Dark - Unlighted,Rain/Wind/Minor,1,0,['Driver'],['Shoulder_Lapbelt'],0,0,Valid,0.0,1.0,66.0,66.0,['Male'],0,0,4,4,3,Wet/Standing Water,Curve,Grade/Hillcrest,Lowest,No
34713,48,Texas,483832,0,2,2,0,4,NOT APPLICABLE,December,17,Sunday,0,33,Rural,High Speed (Arterial),Yes,34.91364722,-100.82098056,Non-Intersection,Dark - Lighted,Clear,Unknown,Unknown,Unknown EMS Scene Arrival Hour,Unknown EMS Scene Arrival Minutes,Unknown,Unknown EMS Hospital Arrival Time,2,Dark - Lighted,Clear,2,2,"['Front_Passenger', 'Rear_Seat']","['Shoulder_Lapbelt', 'None_Used']",1,1,Invalid,0.0,0.0,43.0,32.0,"['Male', 'Male']",3,0,3,1,5,Dry,Curve,Level,Lowest,Yes
34714,48,Texas,483833,0,3,3,0,4,SAN MARCOS,December,28,Thursday,6,52,Rural,High Speed (Arterial),Yes,29.81171667,-97.94400278,Non-Intersection,Dark - Not Lighted,Clear,Unknown,Unknown,Unknown EMS Scene Arrival Hour,Unknown EMS Scene Arrival Minutes,Unknown,Unknown EMS Hospital Arrival Time,2,Dark - Unlighted,Clear,2,2,"['Driver', 'Front_Passenger']","['Shoulder_Lapbelt', 'Shoulder_Lapbelt']",0,0,Valid,0.0,0.0,53.0,49.0,"['Female', 'Female', 'Male']",1,0,3,1,5,Dry,Straight,Grade/Hillcrest,Lowest,No
34715,48,Texas,483834,0,2,2,0,5,ROCKPORT,December,28,Thursday,22,18,Rural,Medium Speed (Collector),No,27.99283889,-97.11109167,Complex/Circle,Dark - Not Lighted,Cloudy,Unknown,Unknown,Unknown EMS Scene Arrival Hour,Unknown EMS Scene Arrival Minutes,Unknown,Unknown EMS Hospital Arrival Time,3,Dark - Unlighted,Reduced Visibility,3,2,"['Front_Passenger', 'Rear_Seat', 'Rear_Seat']","['Shoulder_Lapbelt', 'Shoulder_Lapbelt', 'Shoulder_Lapbelt']",1,1,Valid,0.0,1.0,34.0,25.0,"['Male', 'Female']",1,0,3,1,5,Dry,Straight,Level,Lowest,No
34716,48,Texas,483835,0,2,2,0,5,NOT APPLICABLE,December,26,Tuesday,11,54,Rural,Medium Speed (Collector),No,32.22920556,-98.27542222,Non-Intersection,Daylight,Clear,Unknown,Unknown,Unknown EMS Scene Arrival Hour,Unknown EMS Scene Arrival Minutes,Unknown,Unknown EMS Hospital Arrival Time,1,Daylight,Clear,1,4,['Front_Passenger'],['None_Used'],1,1,Invalid,0.0,0.0,66.0,41.0,"['Female', 'Male']",0,0,3,4,5,Dry,Curve,Level,Lowest,No
34717,48,Texas,483836,1,1,1,0,1,DENTON,December,27,Wednesday,8,6,Urban,High Speed (Arterial),Yes,33.23461389,-97.09766667,Non-Intersection,Daylight,Clear,Unknown,Unknown if Notified,Unknown EMS Scene Arrival Hour,Unknown if Arrived,Not Applicable (Not Transported),Not Applicable (Not Transported),1,Daylight,Clear,0,1,[],[],0,0,Valid,0.0,1.0,25.0,25.0,['Male'],0,0,3,1,4,Dry,Straight,Grade/Hillcrest,Lowest,No
34718,48,Texas,483837,1,1,1,0,1,NORTH RICHLAND HILLS,December,27,Wednesday,20,25,Urban,Medium Speed (Collector),No,32.82800556,-97.21229722,Non-Intersection,Dark - Lighted,Clear,8:00pm-8:59pm,26,8:00pm-8:59pm,31,8:00pm-8:59pm,48,1,Dark - Lighted,Clear,0,1,[],[],1,1,Valid,0.0,3.0,26.0,26.0,['Female'],0,0,3,2,4,Dry,Straight,Level,Lowest,No
34719,48,Texas,483838,0,3,3,0,7,NOT APPLICABLE,December,23,Saturday,18,31,Rural,High Speed (Arterial),Yes,32.10494722,-98.35071944,Complex/Circle,Dark - Not Lighted,Rain,Unknown,Unknown,Unknown EMS Scene Arrival Hour,Unknown EMS Scene Arrival Minutes,Unknown,Unknown EMS Hospital Arrival Time,1,Dark - Unlighted,Rain/Wind/Minor,1,6,['Driver'],['Shoulder_Lapbelt'],1,1,Valid,0.0,1.0,72.0,26.0,"['Male', 'Male', 'Female']",0,0,3,2,5,Dry,Straight,Level,Lowest,No
34720,48,Texas,483839,0,2,2,0,2,AMARILLO,December,29,Friday,15,51,Urban,High Speed (Arterial),Yes,35.22221111,-101.87562778,Non-Intersection,Daylight,Clear,Unknown,Unknown,Unknown EMS Scene Arrival Hour,Unknown EMS Scene Arrival Minutes,Unknown,Unknown EMS Hospital Arrival Time,1,Daylight,Clear,1,1,['Driver'],['Shoulder_Lapbelt'],0,0,Valid,1.0,0.0,61.0,26.0,"['Female', 'Female']",1,0,3,1,5,Dry,Straight,Level,Lowest,No
34721,48,Texas,483840,0,1,1,0,2,AUSTIN,December,30,Saturday,11,36,Urban,Medium Speed (Collector),No,30.35814167,-97.71610278,Non-Intersection,Daylight,Clear,Unknown,Unknown if Notified,Unknown EMS Scene Arrival Hour,Unknown if Arrived,Not Applicable (Not Transported),Not Applicable (Not Transported),2,Daylight,Clear,2,0,"['Driver', 'Front_Passenger']","['Shoulder_Lapbelt', 'Shoulder_Lapbelt']",0,0,Valid,0.0,0.0,20.0,20.0,['Male'],2,0,2,4,3,Dry,Straight,Level,Lowest,No
34722,48,Texas,483841,0,1,1,0,1,DALLAS,December,28,Thursday,23,10,Urban,High Speed (Arterial),Yes,32.66986944,-96.93730833,Simple Junction,Dark - Lighted,Clear,Unknown,Unknown,Unknown EMS Scene Arrival Hour,Unknown EMS Scene Arrival Minutes,Unknown,Unknown EMS Hospital Arrival Time,1,Dark - Lighted,Clear,1,0,['Driver'],['None_Used'],1,1,Invalid,0.0,0.0,44.0,44.0,['Female'],1,0,2,1,3,Dry,Curve,Level,Lowest,No