,State_Code,State_Name,Crash_ID,Count_Non_Motorists,Count_Vehicles_Total,Count_Vehicle_Forms,Count_PVH_Involved,Count_Occupants_MV,City_Name,Month_Name,Day_of_Month,Day_of_Week,Crash_Hour,Crash_Minute,Area_Rural_Urban,Road_Functional_Class,On_NHS_Road,Latitude,Longitude,Intersection_Type,Light_Condition,Weather_Condition,Notif_Hour,Notif_Minute,Arrival_Hour,Arrival_Minute,Hospital_Hour,Hospital_Minute,Fatalities_Count,Clean_Light_Condition,Clean_Weather_Condition,Total_Killed,Total_Alive,Fatal_Seats_List,Killed_Restraint_List,Any_Driver_Drinking,Total_Drinking_Drivers,Driver_License_Category,Driver_Max_Prev_Accident_Count,Driver_Max_Prev_Speeding_Count,Max_Driver_Age,Min_Driver_Age,Driver_Sex_List,Total_Exceeding_Limit_Vehicles,Total_Too_Fast_Vehicles,Max_Vehicle_Type_Severity_5,Max_Vehicle_Damage_Rank,Max_Harmful_Event_Severity,Crash_Road_Surface_Condition,Crash_Horizontal_Alignment,Crash_Vertical_Profile,Crash_Impairment_Category,Crash_Vehicle_Defect
34723,48,Texas,483842,0,1,1,0,1,FORT WORTH,August,9,Wednesday,19,25,Urban,High Speed (Arterial),Yes,32.66441667,-97.32193333,Non-Intersection,Dark - Lighted,Clear,Unknown,Unknown,Unknown EMS Scene Arrival Hour,Unknown EMS Scene Arrival Minutes,Unknown,Unknown EMS Hospital Arrival Time,1,Dark - Lighted,Clear,1,0,['Driver'],['Shoulder_Lapbelt'],0,0,Invalid,0.0,0.0,23.0,23.0,['Male'],1,0,2,1,3,Dry,Straight,Level,Lowest,No
34724,48,Texas,483844,0,1,1,0,1,NOT APPLICABLE,December,15,Friday,2,24,Rural,Medium Speed (Collector),No,33.69769722,-97.912375,Non-Intersection,Dark - Not Lighted,Rain,Unknown,Unknown if Notified,Unknown EMS Scene Arrival Hour,Unknown if Arrived,Not Applicable (Not Transported),Not Applicable (Not Transported),1,Dark - Unlighted,Rain/Wind/Minor,1,0,['Driver'],['None_Used'],0,0,Valid,1.0,0.0,59.0,59.0,['Male'],1,0,4,1,2,Wet/Standing Water,Curve,Level,Lowest,No
34725,48,Texas,483845,0,1,1,0,3,LACY LAKEVIEW,December,24,Sunday,1,31,Urban,Low Speed (Local),No,31.60220278,-97.11323333,Simple Junction,Dark - Lighted,Rain,Unknown,Unknown,Unknown EMS Scene Arrival Hour,Unknown EMS Scene Arrival Minutes,Unknown,Unknown EMS Hospital Arrival Time,1,Dark - Lighted,Rain/Wind/Minor,1,2,['Front_Passenger'],['Shoulder_Lapbelt'],0,0,Invalid,0.0,0.0,29.0,29.0,['Female'],3,0,3,1,3,Wet/Standing Water,Straight,Level,Lowest,No
34726,48,Texas,483846,0,4,4,0,12,NOT APPLICABLE,December,25,Monday,18,24,Urban,High Speed (Arterial),Yes,33.64416389,-101.93964722,Non-Intersection,Dark - Not Lighted,Clear,Unknown,Unknown,Unknown EMS Scene Arrival Hour,Unknown EMS Scene Arrival Minutes,Unknown,Unknown EMS Hospital Arrival Time,2,Dark - Unlighted,Clear,2,10,"['Driver', 'Front_Passenger']","['None_Used', 'Shoulder_Lapbelt']",0,0,Valid,0.0,0.0,87.0,30.0,"['Male', 'Male', 'Male', 'Male']",0,0,3,2,5,Dry,Straight,Grade/Hillcrest,Lowest,No
34727,48,Texas,483848,0,2,2,0,3,DALLAS,December,9,Saturday,3,40,Urban,Medium Speed (Collector),No,32.86211389,-96.90072778,Non-Intersection,Dark - Not Lighted,Clear,Unknown,Unknown,Unknown EMS Scene Arrival Hour,Unknown EMS Scene Arrival Minutes,Unknown,Unknown EMS Hospital Arrival Time,2,Dark - Unlighted,Clear,2,1,"['Driver', 'Rear_Seat']","['Shoulder_Lapbelt', 'Shoulder_Lapbelt']",1,1,Valid,1.0,1.0,51.0,32.0,"['Male', 'Male']",0,0,2,1,5,Dry,Straight,Level,Lowest,No
34728,48,Texas,483849,1,1,1,0,2,HOUSTON,December,17,Sunday,9,52,Urban,High Speed (Arterial),Yes,29.84572222,-95.50049722,Non-Intersection,Daylight,Clear,Unknown,Unknown,Unknown EMS Scene Arrival Hour,Unknown EMS Scene Arrival Minutes,Unknown,Unknown EMS Hospital Arrival Time,1,Daylight,Clear,0,2,[],[],0,0,Valid,0.0,0.0,38.0,38.0,['Male'],0,0,3,2,4,Dry,Straight,Level,Lowest,No
34729,48,Texas,483850,1,1,1,0,1,SAN ANTONIO,December,22,Friday,17,57,Urban,Medium Speed (Collector),No,29.39525833,-98.531875,Non-Intersection,Dark - Lighted,Clear,Unknown,Unknown,Unknown EMS Scene Arrival Hour,Unknown EMS Scene Arrival Minutes,Not Applicable (Not Transported),Not Applicable (Not Transported),1,Dark - Lighted,Clear,0,1,[],[],0,0,Valid,0.0,0.0,65.0,65.0,['Male'],0,0,3,3,4,Dry,Straight,Level,Lowest,No
34730,48,Texas,483851,0,1,1,0,1,DALLAS,December,17,Sunday,14,11,Urban,High Speed (Arterial),Yes,32.92706111,-96.82105556,Non-Intersection,Daylight,Clear,Unknown,Unknown if Notified,Unknown EMS Scene Arrival Hour,Unknown if Arrived,Not Applicable (Not Transported),Not Applicable (Not Transported),1,Daylight,Clear,1,0,['Driver'],['Shoulder_Lapbelt'],0,0,Valid,0.0,3.0,34.0,34.0,['Male'],1,0,2,1,3,Dry,Curve,Grade/Hillcrest,Lowest,No
34731,48,Texas,483852,0,1,1,0,1,HOUSTON,October,10,Tuesday,9,0,Urban,Medium Speed (Collector),No,29.82121111,-95.44942778,Non-Intersection,Daylight,Clear,Unknown,Unknown,Unknown EMS Scene Arrival Hour,Unknown EMS Scene Arrival Minutes,Unknown,Unknown EMS Hospital Arrival Time,1,Daylight,Clear,1,0,['Driver'],['None_Used'],0,0,Valid,1.0,0.0,74.0,74.0,['Male'],0,0,3,1,3,Dry,Curve,Level,Medium,No
34732,48,Texas,483853,1,1,1,0,3,DALLAS,December,12,Tuesday,18,9,Urban,Medium Speed (Collector),No,32.75005278,-96.64825,Non-Intersection,Dark - Lighted,Clear,Unknown,Unknown,Unknown EMS Scene Arrival Hour,Unknown EMS Scene Arrival Minutes,Unknown,Unknown EMS Hospital Arrival Time,1,Dark - Lighted,Clear,0,3,[],[],0,0,Valid,0.0,1.0,20.0,20.0,['Female'],0,0,2,2,4,Dry,Straight,Level,Lowest,No
34733,48,Texas,483854,1,5,2,3,3,ARLINGTON,December,18,Monday,21,16,Urban,Medium Speed (Collector),No,32.72076944,-97.05715556,Complex/Circle,Dark - Lighted,Clear,Unknown,Unknown,Unknown EMS Scene Arrival Hour,Unknown EMS Scene Arrival Minutes,Unknown,Unknown EMS Hospital Arrival Time,1,Dark - Lighted,Clear,0,3,[],[],0,0,Invalid,1.0,0.0,43.0,25.0,"['Female', 'Male']",0,0,2,2,5,Dry,Straight,Level,Lowest,No
34734,48,Texas,483855,0,1,1,0,3,NOT APPLICABLE,December,21,Thursday,10,10,Rural,High Speed (Arterial),Yes,30.07484167,-98.92100278,Non-Intersection,Daylight,Rain,Unknown,Unknown if Notified,Unknown EMS Scene Arrival Hour,Unknown if Arrived,Not Applicable (Not Transported),Not Applicable (Not Transported),1,Daylight,Rain/Wind/Minor,1,2,['Driver'],['Shoulder_Lapbelt'],0,0,Invalid,0.0,0.0,44.0,44.0,['Male'],3,0,3,1,3,Wet/Standing Water,Curve,Grade/Hillcrest,Lowest,No
34735,48,Texas,483856,0,1,1,0,1,NOT APPLICABLE,December,22,Friday,5,15,Rural,Medium Speed (Collector),No,30.18795556,-94.09918333,Non-Intersection,Daylight,Clear,Unknown,Unknown if Notified,Unknown EMS Scene Arrival Hour,Unknown if Arrived,Not Applicable (Not Transported),Not Applicable (Not Transported),1,Daylight,Clear,1,0,['Driver'],['None_Used'],0,0,Valid,1.0,2.0,32.0,32.0,['Male'],1,0,3,1,4,Dry,Curve,Level,Medium,Yes
34736,48,Texas,483857,0,1,1,0,1,PASADENA,December,28,Thursday,16,12,Urban,Low Speed (Local),No,29.64581944,-95.20108611,Simple Junction,Daylight,Clear,Unknown,Unknown if Notified,Unknown EMS Scene Arrival Hour,Unknown if Arrived,Not Applicable (Not Transported),Not Applicable (Not Transported),1,Daylight,Clear,1,0,['Driver'],['None_Used'],0,0,Invalid,0.0,0.0,41.0,41.0,['Female'],1,0,3,1,3,Dry,Straight,Level,Lowest,No
34737,48,Texas,483858,0,1,1,0,2,DUNCANVILLE,December,26,Tuesday,15,30,Urban,High Speed (Arterial),Yes,32.63805,-96.89466667,Non-Intersection,Daylight,Clear,Unknown,Unknown,Unknown EMS Scene Arrival Hour,Unknown EMS Scene Arrival Minutes,Unknown,Unknown EMS Hospital Arrival Time,1,Daylight,Clear,1,1,['Front_Passenger'],['None_Used'],0,0,Invalid,0.0,0.0,18.0,18.0,['Male'],2,0,2,1,2,Dry,Straight,Grade/Hillcrest,Lowest,No
34738,48,Texas,483859,0,2,2,0,2,NOT APPLICABLE,December,20,Wednesday,7,52,Rural,Medium Speed (Collector),No,31.67151667,-95.58522778,Non-Intersection,Daylight,Clear,Unknown,Unknown if Notified,Unknown EMS Scene Arrival Hour,Unknown if Arrived,Not Applicable (Not Transported),Not Applicable (Not Transported),2,Daylight,Clear,2,0,"['Driver', 'Driver']","['Shoulder_Lapbelt', 'Shoulder_Lapbelt']",0,0,Valid,1.0,1.0,62.0,32.0,"['Male', 'Female']",1,0,3,1,5,Dry,Curve,Grade/Hillcrest,Lowest,No
34739,48,Texas,483860,0,1,1,0,1,NOT APPLICABLE,December,16,Saturday,23,15,Rural,Medium Speed (Collector),No,30.78815,-95.68134444,Non-Intersection,Dark - Not Lighted,Clear,Unknown,Unknown if Notified,Unknown EMS Scene Arrival Hour,Unknown if Arrived,Not Applicable (Not Transported),Not Applicable (Not Transported),1,Dark - Unlighted,Clear,1,0,['Driver'],['None_Used'],1,1,Invalid,0.0,1.0,33.0,33.0,['Male'],1,0,2,1,3,Dry,Curve,Level,Medium,No
34740,48,Texas,483861,0,2,2,0,3,DALLAS,December,12,Tuesday,18,46,Rural,High Speed (Arterial),Yes,32.69966389,-96.82365556,Non-Intersection,Dark - Lighted,Clear,Unknown,Unknown,Unknown EMS Scene Arrival Hour,Unknown EMS Scene Arrival Minutes,Unknown,Unknown EMS Hospital Arrival Time,1,Dark - Lighted,Clear,1,1,['Non_Standard_Risk'],['None_Used'],0,0,Valid,0.0,0.0,999.0,35.0,"['Male', 'Other']",0,0,3,1,5,Dry,Curve,Grade/Hillcrest,Lowest,No
34741,48,Texas,483862,1,1,1,0,1,DALLAS,December,14,Thursday,2,34,Urban,High Speed (Arterial),Yes,32.85676389,-96.67593611,Non-Intersection,Dark - Lighted,Clear,Unknown,Unknown if Notified,Unknown EMS Scene Arrival Hour,Unknown if Arrived,Not Applicable (Not Transported),Not Applicable (Not Transported),1,Dark - Lighted,Clear,0,1,[],[],0,0,Valid,1.0,0.0,43.0,43.0,['Male'],0,0,3,2,4,Dry,Straight,Level,Lowest,No
34742,48,Texas,483863,0,2,2,0,2,NOT APPLICABLE,December,22,Friday,17,46,Rural,High Speed (Arterial),Yes,31.80310833,-105.62398333,Non-Intersection,Dark - Not Lighted,Clear,Unknown,Unknown,Unknown EMS Scene Arrival Hour,Unknown EMS Scene Arrival Minutes,Unknown,Unknown EMS Hospital Arrival Time,1,Dark - Unlighted,Clear,1,1,['Driver'],['Shoulder_Lapbelt'],0,0,Invalid,0.0,4.0,65.0,31.0,"['Male', 'Female']",1,0,3,4,5,Dry,Straight,Grade/Hillcrest,Lowest,No
34743,48,Texas,483864,0,2,2,0,2,NOT APPLICABLE,December,27,Wednesday,14,50,Rural,Medium Speed (Collector),No,33.85385833,-98.76334444,Complex/Circle,Daylight,Clear,Unknown,Unknown,Unknown EMS Scene Arrival Hour,Unknown EMS Scene Arrival Minutes,Unknown,Unknown EMS Hospital Arrival Time,1,Daylight,Clear,1,1,['Driver'],['None_Used'],0,0,Valid,0.0,1.0,59.0,25.0,"['Male', 'Male']",0,0,3,1,5,Dry,Straight,Level,Lowest,No
34744,48,Texas,483865,0,2,2,0,2,NOT APPLICABLE,December,29,Friday,18,30,Urban,High Speed (Arterial),Yes,32.34825278,-95.26126667,Non-Intersection,Dark - Not Lighted,Clear,Unknown,Unknown,Unknown EMS Scene Arrival Hour,Unknown EMS Scene Arrival Minutes,Unknown,Unknown EMS Hospital Arrival Time,1,Dark - Unlighted,Clear,1,1,['Driver'],['None_Used'],0,0,Valid,0.0,1.0,66.0,46.0,"['Male', 'Male']",0,0,5,2,5,Dry,Straight,Level,Lowest,No
34745,48,Texas,483866,0,1,1,0,1,ARLINGTON,December,31,Sunday,2,5,Urban,High Speed (Arterial),No,32.64888611,-97.14301389,Non-Intersection,Dark - Lighted,Clear,Unknown,Unknown if Notified,Unknown EMS Scene Arrival Hour,Unknown if Arrived,Not Applicable (Not Transported),Not Applicable (Not Transported),1,Dark - Lighted,Clear,1,0,['Driver'],['Shoulder_Lapbelt'],1,1,Valid,2.0,1.0,37.0,37.0,['Male'],1,0,2,1,3,Dry,Straight,Level,Lowest,No
34746,48,Texas,483867,0,1,1,0,1,NOT APPLICABLE,December,27,Wednesday,3,24,Rural,Low Speed (Local),No,32.303325,-95.16288333,Non-Intersection,Dark - Not Lighted,Clear,Unknown,Unknown if Notified,Unknown EMS Scene Arrival Hour,Unknown if Arrived,Not Applicable (Not Transported),Not Applicable (Not Transported),1,Dark - Unlighted,Clear,1,0,['Driver'],['None_Used'],0,0,Invalid,0.0,0.0,11.0,11.0,['Male'],1,0,3,1,3,Dry,Curve,Grade/Hillcrest,Lowest,No
34747,48,Texas,483868,0,2,2,0,2,NOT APPLICABLE,December,19,Tuesday,4,20,Rural,Medium Speed (Collector),No,29.38093333,-95.74343333,Complex/Circle,Dark - Not Lighted,Clear,Unknown,Unknown if Notified,Unknown EMS Scene Arrival Hour,Unknown if Arrived,Not Applicable (Not Transported),Not Applicable (Not Transported),1,Dark - Unlighted,Clear,1,1,['Driver'],['Shoulder_Lapbelt'],0,0,Valid,0.0,0.0,48.0,46.0,"['Male', 'Female']",0,0,3,4,5,Dry,Straight,Level,Lowest,Yes
34748,48,Texas,483869,0,3,3,0,13,WACO,December,21,Thursday,12,26,Urban,Medium Speed (Collector),No,31.57484722,-97.19132222,Non-Intersection,Daylight,Rain,Unknown,Unknown,Unknown EMS Scene Arrival Hour,Unknown EMS Scene Arrival Minutes,Unknown,Unknown EMS Hospital Arrival Time,1,Daylight,Rain/Wind/Minor,1,12,['Non_Standard_Risk'],['Shoulder_Lapbelt'],0,0,Valid,0.0,3.0,52.0,29.0,"['Male', 'Female', 'Male']",0,0,3,4,5,Wet/Standing Water,Curve,Level,Lowest,No
34749,48,Texas,483870,1,1,1,0,1,NOT APPLICABLE,December,27,Wednesday,21,6,Urban,Medium Speed (Collector),No,30.57074167,-97.60905278,Non-Intersection,Dark - Not Lighted,Clear,Unknown,Unknown if Notified,Unknown EMS Scene Arrival Hour,Unknown if Arrived,Not Applicable (Not Transported),Not Applicable (Not Transported),1,Dark - Unlighted,Clear,0,1,[],[],0,0,Valid,0.0,0.0,38.0,38.0,['Female'],0,0,3,1,4,Dry,Straight,Level,Lowest,No
34750,48,Texas,483871,0,1,1,0,1,FLOWER MOUND,December,24,Sunday,18,30,Urban,Low Speed (Local),No,33.07991944,-97.21612778,Simple Junction,Dark - Not Lighted,Clear,Unknown,Unknown if Notified,Unknown EMS Scene Arrival Hour,Unknown if Arrived,Not Applicable (Not Transported),Not Applicable (Not Transported),1,Dark - Unlighted,Clear,1,0,['Driver'],['Shoulder_Lapbelt'],0,0,Valid,0.0,0.0,80.0,80.0,['Male'],1,0,3,1,2,Dry,Straight,Non-Trafficway,Lowest,No
34751,48,Texas,483872,2,1,1,0,1,FORT WORTH,December,21,Thursday,19,7,Urban,High Speed (Arterial),Yes,32.84053056,-97.04191944,Non-Intersection,Dark - Lighted,Rain,Unknown,Unknown,Unknown EMS Scene Arrival Hour,Unknown EMS Scene Arrival Minutes,Unknown,Unknown EMS Hospital Arrival Time,1,Dark - Lighted,Rain/Wind/Minor,0,1,[],[],0,0,Valid,5.0,0.0,36.0,36.0,['Male'],1,0,3,2,4,Wet/Standing Water,Curve,Grade/Hillcrest,Lowest,No
34752,48,Texas,483873,1,1,1,0,2,DALLAS,December,12,Tuesday,23,0,Urban,High Speed (Arterial),Yes,32.80398611,-96.83091944,Non-Intersection,Dark - Lighted,Clear,Unknown,Unknown,Unknown EMS Scene Arrival Hour,Unknown EMS Scene Arrival Minutes,Unknown,Unknown EMS Hospital Arrival Time,1,Dark - Lighted,Clear,0,2,[],[],0,0,Invalid,0.0,0.0,47.0,47.0,['Male'],0,0,3,2,4,Dry,Straight,Level,Lowest,No
34753,48,Texas,483874,0,1,1,0,4,NOT APPLICABLE,December,24,Sunday,19,25,Rural,High Speed (Arterial),Yes,31.17686389,-93.97213333,Simple Junction,Dark - Not Lighted,Cloudy,Unknown,Unknown,Unknown EMS Scene Arrival Hour,Unknown EMS Scene Arrival Minutes,Unknown,Unknown EMS Hospital Arrival Time,1,Dark - Unlighted,Reduced Visibility,1,3,['Front_Passenger'],['None_Used'],1,1,Valid,0.0,0.0,60.0,60.0,['Male'],0,0,3,1,3,Wet/Standing Water,Curve,Level,Lowest,No
34754,48,Texas,483875,0,3,3,0,3,FARMERS BRANCH,December,18,Monday,22,10,Urban,High Speed (Arterial),Yes,32.94080278,-96.82205,Non-Intersection,Dark - Lighted,Clear,Unknown,Unknown,Unknown EMS Scene Arrival Hour,Unknown EMS Scene Arrival Minutes,Not Applicable (Not Transported),Not Applicable (Not Transported),1,Dark - Lighted,Clear,1,2,['Driver'],['None_Used'],1,1,Valid,1.0,0.0,62.0,25.0,"['Female', 'Male', 'Female']",1,0,2,1,5,Dry,Curve,Level,Lowest,No
34755,48,Texas,483876,0,3,3,0,3,HOUSTON,December,24,Sunday,5,35,Urban,High Speed (Arterial),Yes,29.71106667,-95.30949167,Non-Intersection,Dark - Lighted,Cloudy,Unknown,Unknown,Unknown EMS Scene Arrival Hour,Unknown EMS Scene Arrival Minutes,6:00am-6:59am,14,1,Dark - Lighted,Reduced Visibility,1,2,['Driver'],['Shoulder_Lapbelt'],0,0,Invalid,0.0,1.0,67.0,29.0,"['Female', 'Female', 'Male']",0,0,3,1,5,Wet/Standing Water,Straight,Level,Lowest,No
34756,48,Texas,483877,0,1,1,0,3,NOT APPLICABLE,December,23,Saturday,3,52,Rural,Low Speed (Local),No,33.72431111,-101.76736667,Non-Intersection,Dark - Not Lighted,Clear,Unknown,Unknown,Unknown EMS Scene Arrival Hour,Unknown EMS Scene Arrival Minutes,Unknown,Unknown EMS Hospital Arrival Time,1,Dark - Unlighted,Clear,1,2,['Rear_Seat'],['None_Used'],1,1,Valid,0.0,0.0,17.0,17.0,['Male'],3,0,3,1,3,Loose/Unpaved,Straight,Level,Lowest,No
34757,48,Texas,483878,0,2,2,0,4,HARLINGEN,December,23,Saturday,1,9,Urban,Medium Speed (Collector),No,26.24825833,-97.66992222,Complex/Circle,Dark - Lighted,"Fog, Smog, Smoke",Unknown,Unknown,Unknown EMS Scene Arrival Hour,Unknown EMS Scene Arrival Minutes,Unknown,Unknown EMS Hospital Arrival Time,1,Dark - Lighted,Reduced Visibility,1,3,['Driver'],['None_Used'],0,0,Invalid,0.0,0.0,40.0,38.0,"['Female', 'Male']",0,0,3,1,5,Dry,Straight,Level,Lowest,No
34758,48,Texas,483879,1,1,1,0,3,SAN ANTONIO,December,30,Saturday,21,48,Urban,High Speed (Arterial),Yes,29.52059722,-98.49649722,Non-Intersection,Dark - Lighted,Clear,Unknown,Unknown if Notified,Unknown EMS Scene Arrival Hour,Unknown if Arrived,Not Applicable (Not Transported),Not Applicable (Not Transported),1,Dark - Lighted,Clear,0,3,[],[],0,0,Valid,0.0,0.0,56.0,56.0,['Female'],0,0,3,1,4,Dry,Straight,Level,Lowest,No
34759,48,Texas,483880,0,2,2,0,4,NOT APPLICABLE,December,31,Sunday,20,47,Urban,Medium Speed (Collector),No,29.80485278,-95.38195278,Non-Intersection,Dark - Lighted,Clear,Unknown,Unknown if Notified,Unknown EMS Scene Arrival Hour,Unknown if Arrived,Not Applicable (Not Transported),Not Applicable (Not Transported),1,Dark - Lighted,Clear,1,3,['Driver'],['None_Used'],1,1,Invalid,0.0,1.0,55.0,24.0,"['Male', 'Male']",1,0,2,2,5,Dry,Straight,Level,Lowest,No
34760,48,Texas,483881,0,1,1,0,1,EL PASO,December,15,Friday,2,29,Urban,High Speed (Arterial),Yes,31.77202222,-106.44040278,Non-Intersection,Dark - Lighted,Clear,2:00am-2:59am,29,2:00am-2:59am,39,2:00am-2:59am,53,1,Dark - Lighted,Clear,1,0,['Driver'],['None_Used'],1,1,Valid,0.0,0.0,52.0,52.0,['Male'],1,0,3,1,2,Dry,Curve,Level,Lowest,No
34761,48,Texas,483883,1,1,1,0,1,NOT APPLICABLE,December,29,Friday,19,45,Urban,High Speed (Arterial),Yes,30.18111667,-95.45213056,Non-Intersection,Dark - Lighted,Clear,Unknown,Unknown if Notified,Unknown EMS Scene Arrival Hour,Unknown if Arrived,Not Applicable (Not Transported),Not Applicable (Not Transported),1,Dark - Lighted,Clear,0,0,[],[],0,0,Invalid,0.0,0.0,999.0,999.0,['Other'],0,0,1,0,4,Dry,Straight,Level,Lowest,No
34762,48,Texas,483884,0,2,2,0,9,NOT APPLICABLE,December,26,Tuesday,16,0,Rural,High Speed (Arterial),Yes,32.28581944,-97.59329167,Non-Intersection,Daylight,Clear,Unknown,Unknown,Unknown EMS Scene Arrival Hour,Unknown EMS Scene Arrival Minutes,Unknown,Unknown EMS Hospital Arrival Time,6,Daylight,Clear,6,3,"['Driver', 'Front_Passenger', 'Rear_Seat', 'Rear_Seat', 'Rear_Seat', 'Rear_Seat']","['Shoulder_Lapbelt', 'Shoulder_Lapbelt', 'None_Used', 'None_Used', 'None_Used', 'None_Used']",0,0,Valid,0.0,1.0,28.0,17.0,"['Male', 'Male']",0,0,3,1,5,Dry,Straight,Level,Lowest,No
34763,48,Texas,483885,1,2,1,1,1,MARLIN,December,30,Saturday,18,0,Urban,Medium Speed (Collector),No,31.30631111,-96.89836111,Non-Intersection,Dusk,Clear,Unknown,Unknown,Unknown EMS Scene Arrival Hour,Unknown EMS Scene Arrival Minutes,Unknown,Unknown EMS Hospital Arrival Time,1,Twilight,Clear,0,1,[],[],1,1,Valid,1.0,0.0,71.0,71.0,['Male'],0,0,2,1,4,Dry,Straight,Level,Lowest,No
34764,48,Texas,483886,2,2,1,1,1,NOT APPLICABLE,December,25,Monday,17,20,Rural,High Speed (Arterial),Yes,35.21139722,-101.12607222,Non-Intersection,Dusk,Clear,Unknown,Unknown if Notified,Unknown EMS Scene Arrival Hour,Unknown if Arrived,Not Applicable (Not Transported),Not Applicable (Not Transported),1,Twilight,Clear,1,0,['Driver'],['Shoulder_Lapbelt'],0,0,Valid,0.0,0.0,29.0,29.0,['Male'],0,0,4,4,5,Dry,Straight,Level,Lowest,No
34765,48,Texas,483887,0,2,2,0,2,NOT APPLICABLE,December,17,Sunday,21,37,Urban,High Speed (Arterial),Yes,28.34214167,-98.03024167,Non-Intersection,Dark - Not Lighted,Cloudy,Unknown,Unknown if Notified,Unknown EMS Scene Arrival Hour,Unknown if Arrived,Not Applicable (Not Transported),Not Applicable (Not Transported),1,Dark - Unlighted,Reduced Visibility,1,1,['Driver'],['None_Used'],0,0,Valid,0.0,0.0,28.0,25.0,"['Male', 'Female']",1,0,5,1,5,Dry,Straight,Level,Lowest,No
34766,48,Texas,483888,1,1,1,0,1,GARLAND,December,21,Thursday,18,6,Urban,High Speed (Arterial),Yes,32.94011944,-96.60520556,Non-Intersection,Dark - Lighted,Rain,Unknown,Unknown,Unknown EMS Scene Arrival Hour,Unknown EMS Scene Arrival Minutes,Unknown,Unknown EMS Hospital Arrival Time,1,Dark - Lighted,Rain/Wind/Minor,0,1,[],[],0,0,Valid,0.0,0.0,29.0,29.0,['Male'],0,0,3,0,4,Wet/Standing Water,Straight,Level,Lowest,No
34767,48,Texas,483889,1,1,1,0,1,NOT APPLICABLE,December,31,Sunday,22,7,Rural,Medium Speed (Collector),No,33.40944444,-94.41850833,Non-Intersection,Dark - Not Lighted,Clear,Unknown,Unknown,Unknown EMS Scene Arrival Hour,Unknown EMS Scene Arrival Minutes,Not Applicable (Not Transported),Not Applicable (Not Transported),1,Dark - Unlighted,Clear,0,1,[],[],1,1,Valid,0.0,0.0,53.0,53.0,['Female'],0,0,3,4,4,Dry,Curve,Grade/Hillcrest,Lowest,No
34768,48,Texas,483890,0,1,1,0,1,DALLAS,December,22,Friday,1,38,Urban,High Speed (Arterial),Yes,32.67934444,-96.78548889,Non-Intersection,Dark - Lighted,Rain,Unknown,Unknown if Notified,Unknown EMS Scene Arrival Hour,Unknown if Arrived,Not Applicable (Not Transported),Not Applicable (Not Transported),1,Dark - Lighted,Rain/Wind/Minor,1,0,['Driver'],['None_Used'],1,1,Invalid,0.0,0.0,45.0,45.0,['Male'],1,0,3,1,3,Wet/Standing Water,Curve,Grade/Hillcrest,Lowest,No
34769,48,Texas,483891,0,1,1,0,1,MIDLAND,December,28,Thursday,3,36,Urban,Medium Speed (Collector),No,31.96512222,-102.10675833,Non-Intersection,Dark - Not Lighted,Cloudy,Unknown,Unknown if Notified,Unknown EMS Scene Arrival Hour,Unknown if Arrived,Not Applicable (Not Transported),Not Applicable (Not Transported),1,Dark - Unlighted,Reduced Visibility,1,0,['Driver'],['None_Used'],0,0,Valid,0.0,1.0,28.0,28.0,['Female'],1,0,2,1,3,Dry,Curve,Level,Lowest,No
34770,48,Texas,483892,0,2,2,0,2,DALLAS,December,9,Saturday,7,12,Urban,High Speed (Arterial),Yes,32.7419,-96.91923611,Non-Intersection,Dawn,Clear,Unknown,Unknown,Unknown EMS Scene Arrival Hour,Unknown EMS Scene Arrival Minutes,Not Applicable (Not Transported),Not Applicable (Not Transported),1,Twilight,Clear,1,1,['Driver'],['None_Used'],1,1,Valid,1.0,0.0,52.0,28.0,"['Male', 'Male']",1,0,5,2,5,Dry,Straight,Level,Lowest,No
34771,48,Texas,483893,0,2,2,0,2,DEL VALLE,December,28,Thursday,11,3,Urban,Medium Speed (Collector),No,30.17975556,-97.61411111,Non-Intersection,Daylight,Clear,Unknown,Unknown if Notified,Unknown EMS Scene Arrival Hour,Unknown if Arrived,Not Applicable (Not Transported),Not Applicable (Not Transported),1,Daylight,Clear,1,1,['Driver'],['None_Used'],0,0,Valid,3.0,0.0,44.0,23.0,"['Male', 'Male']",1,0,5,2,5,Dry,Straight,Level,Lowest,No
34772,48,Texas,483894,1,1,1,0,1,EL PASO,December,26,Tuesday,14,38,Urban,Low Speed (Local),No,31.81989167,-106.44401944,Non-Intersection,Daylight,Clear,2:00pm-2:59pm,37,2:00pm-2:59pm,43,2:00pm-2:59pm,52,1,Daylight,Clear,0,1,[],[],0,0,Invalid,0.0,0.0,20.0,20.0,['Male'],0,0,3,1,4,Dry,Straight,Level,Lowest,No