,State_Code,State_Name,Crash_ID,Count_Non_Motorists,Count_Vehicles_Total,Count_Vehicle_Forms,Count_PVH_Involved,Count_Occupants_MV,City_Name,Month_Name,Day_of_Month,Day_of_Week,Crash_Hour,Crash_Minute,Area_Rural_Urban,Road_Functional_Class,On_NHS_Road,Latitude,Longitude,Intersection_Type,Light_Condition,Weather_Condition,Notif_Hour,Notif_Minute,Arrival_Hour,Arrival_Minute,Hospital_Hour,Hospital_Minute,Fatalities_Count,Clean_Light_Condition,Clean_Weather_Condition,Total_Killed,Total_Alive,Fatal_Seats_List,Killed_Restraint_List,Any_Driver_Drinking,Total_Drinking_Drivers,Driver_License_Category,Driver_Max_Prev_Accident_Count,Driver_Max_Prev_Speeding_Count,Max_Driver_Age,Min_Driver_Age,Driver_Sex_List,Total_Exceeding_Limit_Vehicles,Total_Too_Fast_Vehicles,Max_Vehicle_Type_Severity_5,Max_Vehicle_Damage_Rank,Max_Harmful_Event_Severity,Crash_Road_Surface_Condition,Crash_Horizontal_Alignment,Crash_Vertical_Profile,Crash_Impairment_Category,Crash_Vehicle_Defect
34773,48,Texas,483895,0,2,2,0,2,NOT APPLICABLE,December,22,Friday,17,34,Rural,High Speed (Arterial),Yes,28.95376111,-97.9095,Simple Junction,Dark - Lighted,Cloudy,Unknown,Unknown,Unknown EMS Scene Arrival Hour,Unknown EMS Scene Arrival Minutes,Unknown,Unknown EMS Hospital Arrival Time,1,Dark - Lighted,Reduced Visibility,1,1,['Driver'],['Shoulder_Lapbelt'],0,0,Valid,0.0,0.0,65.0,42.0,"['Male', 'Male']",0,0,3,1,5,Dry,Straight,Level,Lowest,No
34774,48,Texas,483896,0,2,2,0,4,NOT APPLICABLE,December,25,Monday,20,11,Rural,High Speed (Arterial),Yes,33.65105,-97.01882778,Simple Junction,Dark - Not Lighted,Clear,Unknown,Unknown,Unknown EMS Scene Arrival Hour,Unknown EMS Scene Arrival Minutes,Unknown,Unknown EMS Hospital Arrival Time,1,Dark - Unlighted,Clear,1,3,['Driver'],['Shoulder_Lapbelt'],1,1,Invalid,0.0,1.0,64.0,63.0,"['Male', 'Male']",0,0,3,1,5,Dry,Straight,Level,Lowest,No
34775,48,Texas,483897,0,1,1,0,2,HOUSTON,December,22,Friday,2,24,Urban,High Speed (Arterial),Yes,29.75055278,-95.37303056,Non-Intersection,Dark - Not Lighted,Cloudy,Unknown,Unknown,Unknown EMS Scene Arrival Hour,Unknown EMS Scene Arrival Minutes,Unknown,Unknown EMS Hospital Arrival Time,1,Dark - Unlighted,Reduced Visibility,1,1,['Front_Passenger'],['None_Used'],1,1,Valid,0.0,0.0,36.0,36.0,['Male'],0,0,3,1,3,Dry,Curve,Grade/Hillcrest,Lowest,No
34776,48,Texas,483898,0,2,2,0,4,PASADENA,December,29,Friday,2,16,Urban,High Speed (Arterial),Yes,29.71272222,-95.19494722,Non-Intersection,Other,Clear,Unknown,Unknown,Unknown EMS Scene Arrival Hour,Unknown EMS Scene Arrival Minutes,Unknown,Unknown EMS Hospital Arrival Time,1,Dark - Unlighted,Clear,1,3,['Front_Passenger'],['None_Used'],0,0,Valid,1.0,1.0,34.0,22.0,"['Male', 'Male']",3,0,2,1,5,Dry,Curve,Level,Lowest,Yes
34777,48,Texas,483899,0,2,2,0,3,MARSHALL,December,29,Friday,14,15,Urban,High Speed (Arterial),Yes,32.57528889,-94.34596667,Complex/Circle,Daylight,Clear,2:00pm-2:59pm,16,2:00pm-2:59pm,22,2:00pm-2:59pm,37,1,Daylight,Clear,1,1,['Driver'],['Shoulder_Lapbelt'],0,0,Valid,0.0,0.0,25.0,18.0,"['Male', 'Female']",2,0,3,1,5,Dry,Straight,Level,Lowest,No
34778,48,Texas,483900,0,2,2,0,2,NOT APPLICABLE,December,28,Thursday,13,26,Urban,Medium Speed (Collector),No,30.445325,-95.46087222,Simple Junction,Daylight,Clear,Unknown,Unknown if Notified,Unknown EMS Scene Arrival Hour,Unknown if Arrived,Not Applicable (Not Transported),Not Applicable (Not Transported),1,Daylight,Clear,1,1,['Driver'],['None_Used'],0,0,Invalid,0.0,0.0,61.0,13.0,"['Male', 'Male']",0,0,5,4,5,Dry,Straight,Level,Lowest,No
34779,48,Texas,483901,0,1,1,0,2,MCALLEN,December,29,Friday,2,4,Urban,High Speed (Arterial),Yes,26.21806389,-98.22989167,Non-Intersection,Dark - Lighted,Clear,Unknown,Unknown,Unknown EMS Scene Arrival Hour,Unknown EMS Scene Arrival Minutes,Unknown,Unknown EMS Hospital Arrival Time,2,Dark - Lighted,Clear,2,0,"['Driver', 'Front_Passenger']","['None_Used', 'Shoulder_Lapbelt']",0,0,Valid,0.0,0.0,22.0,22.0,['Male'],0,0,3,1,3,Dry,Straight,Level,Lowest,No
34780,48,Texas,483902,0,1,1,0,1,NOT APPLICABLE,December,27,Wednesday,16,2,Urban,Low Speed (Local),No,30.33488611,-95.39466389,Non-Intersection,Daylight,Clear,Unknown,Unknown,Unknown EMS Scene Arrival Hour,Unknown EMS Scene Arrival Minutes,Unknown,Unknown EMS Hospital Arrival Time,1,Daylight,Clear,1,0,['Driver'],['None_Used'],1,1,Valid,1.0,0.0,42.0,42.0,['Female'],1,0,5,1,3,Dry,Curve,Level,Lowest,No
34781,48,Texas,483903,0,2,2,0,4,NOT APPLICABLE,December,21,Thursday,18,10,Rural,High Speed (Arterial),No,31.43446389,-97.52906944,Non-Intersection,Dark - Not Lighted,Rain,Unknown,Unknown,Unknown EMS Scene Arrival Hour,Unknown EMS Scene Arrival Minutes,Unknown,Unknown EMS Hospital Arrival Time,1,Dark - Unlighted,Rain/Wind/Minor,1,3,['Driver'],['Shoulder_Lapbelt'],0,0,Valid,0.0,0.0,57.0,29.0,"['Male', 'Female']",2,0,3,1,5,Wet/Standing Water,Straight,Grade/Hillcrest,Lowest,No
34782,48,Texas,483904,0,2,2,0,3,NOT APPLICABLE,December,15,Friday,11,24,Rural,Medium Speed (Collector),No,32.54421667,-97.77096944,Non-Intersection,Daylight,Rain,Unknown,Unknown,Unknown EMS Scene Arrival Hour,Unknown EMS Scene Arrival Minutes,Unknown,Unknown EMS Hospital Arrival Time,1,Daylight,Rain/Wind/Minor,1,2,['Driver'],['Shoulder_Lapbelt'],0,0,Invalid,1.0,0.0,61.0,53.0,"['Male', 'Female']",2,0,3,1,5,Wet/Standing Water,Curve,Grade/Hillcrest,Lowest,No
34783,48,Texas,483905,0,2,2,0,2,NOT APPLICABLE,December,21,Thursday,5,25,Urban,High Speed (Arterial),No,25.98415278,-97.46775833,Complex/Circle,Dark - Not Lighted,Cloudy,Unknown,Unknown,Unknown EMS Scene Arrival Hour,Unknown EMS Scene Arrival Minutes,Unknown,Unknown EMS Hospital Arrival Time,1,Dark - Unlighted,Reduced Visibility,1,1,['Driver'],['Shoulder_Lapbelt'],0,0,Valid,1.0,1.0,57.0,27.0,"['Male', 'Male']",0,0,2,1,5,Dry,Straight,Level,Lowest,No
34784,48,Texas,483906,0,2,2,0,2,NOT APPLICABLE,December,21,Thursday,7,56,Urban,Medium Speed (Collector),No,29.49646667,-98.33854722,Non-Intersection,Daylight,Cloudy,Unknown,Unknown,Unknown EMS Scene Arrival Hour,Unknown EMS Scene Arrival Minutes,Unknown,Unknown EMS Hospital Arrival Time,1,Daylight,Reduced Visibility,1,1,['Driver'],['Shoulder_Lapbelt'],1,1,Valid,0.0,1.0,41.0,40.0,"['Male', 'Male']",0,0,4,1,5,Dry,Curve,Level,Lowest,No
34785,48,Texas,483907,0,2,2,0,3,DUMAS,December,30,Saturday,17,39,Urban,High Speed (Arterial),Yes,35.84666944,-101.97344722,Non-Intersection,Daylight,Clear,Unknown,Unknown if Notified,Unknown EMS Scene Arrival Hour,Unknown if Arrived,Not Applicable (Not Transported),Not Applicable (Not Transported),1,Daylight,Clear,1,2,['Driver'],['None_Used'],0,0,Valid,0.0,0.0,71.0,24.0,"['Male', 'Male']",1,0,5,4,5,Dry,Straight,Level,Lowest,No
34786,48,Texas,483908,0,2,2,0,4,TYLER,September,10,Sunday,8,55,Urban,High Speed (Arterial),Yes,32.39553056,-95.27004167,Non-Intersection,Daylight,Clear,Unknown,Unknown,Unknown EMS Scene Arrival Hour,Unknown EMS Scene Arrival Minutes,Unknown,Unknown EMS Hospital Arrival Time,1,Daylight,Clear,1,3,['Driver'],['None_Used'],1,1,Valid,1.0,3.0,48.0,24.0,"['Male', 'Male']",0,0,5,2,5,Dry,Straight,Non-Trafficway,Lowest,No
34787,48,Texas,483909,0,4,3,1,3,NOT APPLICABLE,December,23,Saturday,10,50,Rural,Medium Speed (Collector),No,33.16581667,-95.67948611,Simple Junction,Daylight,Cloudy,Unknown,Unknown,Unknown EMS Scene Arrival Hour,Unknown EMS Scene Arrival Minutes,Unknown,Unknown EMS Hospital Arrival Time,1,Daylight,Reduced Visibility,1,2,['Driver'],['Shoulder_Lapbelt'],0,0,Invalid,0.0,1.0,32.0,19.0,"['Male', 'Male', 'Male']",1,0,3,1,5,Dry,Curve,Level,Lowest,No
34788,48,Texas,483910,0,2,2,0,2,LITTLEFIELD,December,3,Sunday,19,58,Urban,High Speed (Arterial),Yes,33.90276111,-102.29794167,Complex/Circle,Dark - Not Lighted,Clear,Unknown,Unknown,Unknown EMS Scene Arrival Hour,Unknown EMS Scene Arrival Minutes,Unknown,Unknown EMS Hospital Arrival Time,1,Dark - Unlighted,Clear,1,1,['Driver'],['Shoulder_Lapbelt'],0,0,Valid,0.0,2.0,32.0,31.0,"['Male', 'Male']",0,0,4,1,5,Dry,Curve,Level,Lowest,No
34789,48,Texas,483911,0,2,2,0,2,NOT APPLICABLE,December,21,Thursday,19,0,Rural,High Speed (Arterial),No,28.92133333,-100.12114722,Non-Intersection,Dark - Not Lighted,Rain,Unknown,Unknown if Notified,Unknown EMS Scene Arrival Hour,Unknown if Arrived,Not Applicable (Not Transported),Not Applicable (Not Transported),1,Dark - Unlighted,Rain/Wind/Minor,1,1,['Driver'],['None_Used'],0,0,Valid,0.0,0.0,67.0,35.0,"['Male', 'Male']",0,0,4,1,5,Wet/Standing Water,Straight,Level,Lowest,No
34790,48,Texas,483912,0,2,2,0,3,WYLIE,December,20,Wednesday,13,57,Urban,High Speed (Arterial),Yes,33.02293056,-96.51942778,Complex/Circle,Daylight,Clear,Unknown,Unknown,Unknown EMS Scene Arrival Hour,Unknown EMS Scene Arrival Minutes,Unknown,Unknown EMS Hospital Arrival Time,1,Daylight,Clear,1,2,['Front_Passenger'],['Shoulder_Lapbelt'],0,0,Valid,0.0,0.0,87.0,47.0,"['Male', 'Male']",0,0,3,1,5,Dry,Curve,Level,Lowest,No
34791,48,Texas,483913,1,1,1,0,1,HOUSTON,August,13,Sunday,22,2,Urban,Medium Speed (Collector),No,29.70498333,-95.52139722,Complex/Circle,Dark - Lighted,Clear,Unknown,Unknown,Unknown EMS Scene Arrival Hour,Unknown EMS Scene Arrival Minutes,Unknown,Unknown EMS Hospital Arrival Time,1,Dark - Lighted,Clear,0,0,[],[],0,0,Invalid,0.0,0.0,998.0,998.0,['Other'],1,0,1,2,4,Dry,Straight,Level,Lowest,No
34792,48,Texas,483914,0,1,1,0,1,HOUSTON,December,24,Sunday,6,29,Urban,Medium Speed (Collector),No,29.88335833,-95.43015833,Non-Intersection,Dark - Lighted,Clear,Unknown,Unknown if Notified,Unknown EMS Scene Arrival Hour,Unknown if Arrived,Not Applicable (Not Transported),Not Applicable (Not Transported),1,Dark - Lighted,Clear,1,0,['Driver'],['Shoulder_Lapbelt'],0,0,Invalid,0.0,0.0,57.0,57.0,['Male'],1,0,2,4,3,Wet/Standing Water,Curve,Level,Lowest,No
34793,48,Texas,483916,1,1,1,0,1,NOT APPLICABLE,December,22,Friday,14,25,Urban,Medium Speed (Collector),No,30.02199444,-95.52704167,Non-Intersection,Daylight,Clear,Unknown,Unknown,Unknown EMS Scene Arrival Hour,Unknown EMS Scene Arrival Minutes,Unknown,Unknown EMS Hospital Arrival Time,1,Daylight,Clear,0,1,[],[],0,0,Valid,0.0,0.0,73.0,73.0,['Male'],0,0,3,1,4,Dry,Straight,Non-Trafficway,Lowest,No
34794,48,Texas,483917,1,1,1,0,1,HOUSTON,December,22,Friday,22,50,Urban,High Speed (Arterial),Yes,29.64678889,-95.465875,Non-Intersection,Dark - Not Lighted,Clear,Unknown,Unknown if Notified,Unknown EMS Scene Arrival Hour,Unknown if Arrived,Not Applicable (Not Transported),Not Applicable (Not Transported),1,Dark - Unlighted,Clear,0,1,[],[],0,0,Valid,0.0,0.0,72.0,72.0,['Female'],0,0,3,2,4,Dry,Straight,Grade/Hillcrest,Lowest,No
34795,48,Texas,483918,0,1,1,0,1,PARIS,December,29,Friday,16,50,Urban,High Speed (Arterial),Yes,33.68920833,-95.55407778,Non-Intersection,Daylight,Clear,Unknown,Unknown,Unknown EMS Scene Arrival Hour,Unknown EMS Scene Arrival Minutes,Unknown,Unknown EMS Hospital Arrival Time,1,Daylight,Clear,1,0,['Driver'],['None_Used'],0,0,Valid,0.0,0.0,65.0,65.0,['Male'],0,0,5,2,2,Dry,Curve,Level,Lowest,No
34796,48,Texas,483919,1,1,1,0,5,NOT APPLICABLE,December,25,Monday,2,38,Rural,Medium Speed (Collector),No,33.28191944,-97.28645278,Non-Intersection,Dark - Not Lighted,Clear,Unknown,Unknown,Unknown EMS Scene Arrival Hour,Unknown EMS Scene Arrival Minutes,Unknown,Unknown EMS Hospital Arrival Time,1,Dark - Unlighted,Clear,0,5,[],[],0,0,Valid,0.0,0.0,33.0,33.0,['Male'],0,0,2,1,4,Dry,Straight,Level,Lowest,No
34797,48,Texas,483920,0,2,2,0,3,NOT APPLICABLE,December,11,Monday,18,38,Urban,High Speed (Arterial),Yes,28.75480556,-97.00211389,Non-Intersection,Dark - Not Lighted,Clear,Unknown,Unknown,Unknown EMS Scene Arrival Hour,Unknown EMS Scene Arrival Minutes,Unknown,Unknown EMS Hospital Arrival Time,1,Dark - Unlighted,Clear,1,2,['Front_Passenger'],['None_Used'],0,0,Valid,0.0,1.0,74.0,50.0,"['Male', 'Male']",0,0,4,4,5,Dry,Straight,Non-Trafficway,Lowest,No
34798,48,Texas,483921,0,2,2,0,3,NOT APPLICABLE,December,29,Friday,13,13,Urban,Medium Speed (Collector),No,29.87943333,-95.32416667,Non-Intersection,Daylight,Clear,Unknown,Unknown,Unknown EMS Scene Arrival Hour,Unknown EMS Scene Arrival Minutes,Unknown,Unknown EMS Hospital Arrival Time,1,Daylight,Clear,1,2,['Driver'],['None_Used'],0,0,Valid,0.0,0.0,48.0,48.0,"['Female', 'Male']",1,0,3,2,5,Dry,Straight,Level,Lowest,No
34799,48,Texas,483922,0,3,3,0,5,RICHARDSON,December,22,Friday,21,0,Urban,High Speed (Arterial),Yes,32.97458333,-96.71682778,Non-Intersection,Dark - Lighted,Clear,9:00pm-9:59pm,6,9:00pm-9:59pm,31,9:00pm-9:59pm,58,1,Dark - Lighted,Clear,1,4,['Driver'],['Shoulder_Lapbelt'],0,0,Valid,0.0,3.0,46.0,39.0,"['Female', 'Male', 'Male']",0,0,3,2,5,Dry,Curve,Level,Lowest,No
34800,48,Texas,483923,0,1,1,0,1,DALLAS,December,25,Monday,1,44,Urban,Medium Speed (Collector),No,32.92456667,-96.83842778,Complex/Circle,Dark - Lighted,Clear,Unknown,Unknown,Unknown EMS Scene Arrival Hour,Unknown EMS Scene Arrival Minutes,Unknown,Unknown EMS Hospital Arrival Time,1,Dark - Lighted,Clear,1,0,['Driver'],['None_Used'],1,1,Invalid,1.0,6.0,25.0,25.0,['Male'],0,0,3,1,3,Dry,Straight,Level,Lowest,No
34801,48,Texas,483924,0,1,1,0,1,DALLAS,December,31,Sunday,17,53,Urban,High Speed (Arterial),Yes,32.70662222,-96.828225,Non-Intersection,Dark - Lighted,Cloudy,Unknown,Unknown if Notified,Unknown EMS Scene Arrival Hour,Unknown if Arrived,Not Applicable (Not Transported),Not Applicable (Not Transported),1,Dark - Lighted,Reduced Visibility,1,0,['Driver'],['None_Used'],1,1,Valid,0.0,0.0,35.0,35.0,['Male'],0,0,5,1,3,Dry,Curve,Level,Lowest,No
34802,48,Texas,483925,0,1,1,0,1,NOT APPLICABLE,December,29,Friday,0,0,Rural,High Speed (Arterial),Yes,30.23191667,-97.02491389,Simple Junction,Dark - Not Lighted,Clear,Unknown,Unknown if Notified,Unknown EMS Scene Arrival Hour,Unknown if Arrived,Not Applicable (Not Transported),Not Applicable (Not Transported),1,Dark - Unlighted,Clear,1,0,['Driver'],['Shoulder_Lapbelt'],1,1,Valid,0.0,0.0,36.0,36.0,['Male'],1,0,3,1,2,Dry,Straight,Level,Lowest,No
34803,48,Texas,483926,0,2,2,0,3,AUSTIN,December,17,Sunday,7,46,Urban,Medium Speed (Collector),No,30.19448056,-97.62345833,Complex/Circle,Daylight,Clear,Unknown,Unknown,Unknown EMS Scene Arrival Hour,Unknown EMS Scene Arrival Minutes,Unknown,Unknown EMS Hospital Arrival Time,1,Daylight,Clear,1,2,['Driver'],['Shoulder_Lapbelt'],0,0,Valid,0.0,0.0,76.0,32.0,"['Female', 'Male']",0,0,3,1,5,Dry,Straight,Level,Lowest,No
34804,48,Texas,483927,0,5,5,0,5,HOUSTON,November,21,Tuesday,14,50,Urban,High Speed (Arterial),Yes,29.77143333,-95.20520833,Non-Intersection,Daylight,Clear,Unknown,Unknown,Unknown EMS Scene Arrival Hour,Unknown EMS Scene Arrival Minutes,Unknown,Unknown EMS Hospital Arrival Time,1,Daylight,Clear,1,3,['Driver'],['None_Used'],0,0,Valid,1.0,1.0,999.0,20.0,"['Male', 'Other', 'Male', 'Male', 'Male']",0,0,5,3,5,Dry,Straight,Level,Lowest,No
34805,48,Texas,483928,0,1,1,0,2,SAN MARCOS,December,2,Saturday,18,26,Urban,High Speed (Arterial),Yes,29.87758889,-97.92788889,Non-Intersection,Dark - Lighted,Clear,Unknown,Unknown if Notified,Unknown EMS Scene Arrival Hour,Unknown if Arrived,Not Applicable (Not Transported),Not Applicable (Not Transported),1,Dark - Lighted,Clear,1,1,['Non_Standard_Risk'],['None_Used'],0,0,Valid,0.0,0.0,25.0,25.0,['Male'],0,0,4,1,1,Dry,Straight,Grade/Hillcrest,Lowest,No
34806,48,Texas,483929,1,1,1,0,1,NOT APPLICABLE,December,13,Wednesday,23,30,Rural,Medium Speed (Collector),No,30.39549722,-94.766175,Non-Intersection,Dark - Not Lighted,Rain,Unknown,Unknown if Notified,Unknown EMS Scene Arrival Hour,Unknown if Arrived,Not Applicable (Not Transported),Not Applicable (Not Transported),1,Dark - Unlighted,Rain/Wind/Minor,0,1,[],[],0,0,Invalid,0.0,0.0,42.0,42.0,['Female'],0,0,3,1,4,Wet/Standing Water,Straight,Level,Lowest,No
34807,48,Texas,483930,1,1,1,0,1,HOUSTON,December,23,Saturday,18,56,Urban,High Speed (Arterial),No,29.82210278,-95.54521667,Non-Intersection,Dark - Lighted,Rain,Unknown,Unknown,Unknown EMS Scene Arrival Hour,Unknown EMS Scene Arrival Minutes,Unknown,Unknown EMS Hospital Arrival Time,1,Dark - Lighted,Rain/Wind/Minor,0,0,[],[],0,0,Invalid,0.0,0.0,999.0,999.0,['Other'],0,0,1,2,4,Wet/Standing Water,Straight,Level,Lowest,No
34808,48,Texas,483931,0,1,1,0,1,NOT APPLICABLE,December,25,Monday,16,34,Rural,Low Speed (Local),No,29.95369444,-98.06243056,Non-Intersection,Daylight,Cloudy,Unknown,Unknown if Notified,Unknown EMS Scene Arrival Hour,Unknown if Arrived,Not Applicable (Not Transported),Not Applicable (Not Transported),1,Daylight,Reduced Visibility,1,0,['Driver'],['None_Used'],1,1,Valid,0.0,0.0,44.0,44.0,['Male'],1,0,5,1,3,Dry,Curve,Level,Lowest,No
34809,48,Texas,483932,1,1,1,0,1,NOT APPLICABLE,December,25,Monday,23,51,Rural,High Speed (Arterial),Yes,30.40738611,-98.10486944,Non-Intersection,Dark - Not Lighted,Clear,Unknown,Unknown,Unknown EMS Scene Arrival Hour,Unknown EMS Scene Arrival Minutes,Not Applicable (Not Transported),Not Applicable (Not Transported),1,Dark - Unlighted,Clear,0,0,[],[],0,0,Invalid,0.0,0.0,25.0,25.0,['Female'],0,0,3,3,4,Dry,Straight,Level,Lowest,No
34810,48,Texas,483933,0,1,1,0,1,NOT APPLICABLE,December,31,Sunday,23,35,Rural,Medium Speed (Collector),No,36.0038,-102.32983056,Non-Intersection,Dark - Not Lighted,Clear,Unknown,Unknown if Notified,Unknown EMS Scene Arrival Hour,Unknown if Arrived,Not Applicable (Not Transported),Not Applicable (Not Transported),1,Dark - Unlighted,Clear,1,0,['Driver'],['Shoulder_Lapbelt'],1,1,Invalid,0.0,0.0,17.0,17.0,['Male'],0,0,3,1,3,Dry,Straight,Level,Lowest,No
34811,48,Texas,483934,1,1,1,0,1,LA MARQUE,December,24,Sunday,18,27,Urban,High Speed (Arterial),Yes,29.37871944,-94.99365556,Non-Intersection,Dark - Not Lighted,Clear,Unknown,Unknown,Unknown EMS Scene Arrival Hour,Unknown EMS Scene Arrival Minutes,Unknown,Unknown EMS Hospital Arrival Time,1,Dark - Unlighted,Clear,0,1,[],[],1,1,Valid,0.0,0.0,69.0,69.0,['Female'],0,0,3,2,4,Dry,Straight,Level,Lowest,No
34812,48,Texas,483935,1,1,1,0,1,ROWLETT,December,15,Friday,18,25,Urban,Medium Speed (Collector),No,32.92,-96.51793333,Non-Intersection,Dark - Lighted,Rain,Unknown,Unknown,Unknown EMS Scene Arrival Hour,Unknown EMS Scene Arrival Minutes,Unknown,Unknown EMS Hospital Arrival Time,1,Dark - Lighted,Rain/Wind/Minor,0,1,[],[],0,0,Valid,0.0,0.0,31.0,31.0,['Male'],1,0,2,1,4,Wet/Standing Water,Straight,Level,Lowest,No
34813,48,Texas,483936,0,1,1,0,2,NOT APPLICABLE,December,26,Tuesday,22,38,Rural,Medium Speed (Collector),No,29.14981111,-98.68279722,Non-Intersection,Dark - Not Lighted,Clear,Unknown,Unknown,Unknown EMS Scene Arrival Hour,Unknown EMS Scene Arrival Minutes,Unknown,Unknown EMS Hospital Arrival Time,1,Dark - Unlighted,Clear,1,1,['Driver'],['None_Used'],0,0,Invalid,0.0,0.0,27.0,27.0,['Male'],2,0,3,1,3,Dry,Straight,Level,Lowest,No
34814,48,Texas,483937,1,1,1,0,1,SAN ANTONIO,December,8,Friday,14,2,Urban,Low Speed (Local),No,29.34288889,-98.49561111,Non-Intersection,Daylight,Clear,Unknown,Unknown,Unknown EMS Scene Arrival Hour,Unknown EMS Scene Arrival Minutes,Unknown,Unknown EMS Hospital Arrival Time,1,Daylight,Clear,0,1,[],[],0,0,Invalid,0.0,0.0,23.0,23.0,['Male'],0,0,3,1,4,Dry,Straight,Level,Lowest,No
34815,48,Texas,483938,1,1,1,0,1,DALLAS,December,22,Friday,6,47,Urban,High Speed (Arterial),Yes,32.77571389,-96.78181111,Non-Intersection,Dark - Lighted,Cloudy,Unknown,Unknown if Notified,Unknown EMS Scene Arrival Hour,Unknown if Arrived,Not Applicable (Not Transported),Not Applicable (Not Transported),1,Dark - Lighted,Reduced Visibility,0,1,[],[],0,0,Valid,2.0,0.0,61.0,61.0,['Female'],0,0,2,2,4,Wet/Standing Water,Straight,Grade/Hillcrest,Lowest,No
34816,48,Texas,483939,0,1,1,0,1,NOT APPLICABLE,December,24,Sunday,22,4,Rural,Medium Speed (Collector),No,31.51110833,-102.15634444,Non-Intersection,Dark - Not Lighted,Clear,Unknown,Unknown if Notified,Unknown EMS Scene Arrival Hour,Unknown if Arrived,Not Applicable (Not Transported),Not Applicable (Not Transported),1,Dark - Unlighted,Clear,1,0,['Driver'],['None_Used'],0,0,Valid,1.0,1.0,32.0,32.0,['Male'],0,0,3,1,3,Dry,Straight,Level,Lowest,No
34817,48,Texas,483940,0,1,1,0,1,HOUSTON,September,29,Friday,21,19,Urban,Low Speed (Local),No,29.71162778,-95.32125556,Non-Intersection,Dark - Not Lighted,Clear,Unknown,Unknown if Notified,Unknown EMS Scene Arrival Hour,Unknown if Arrived,Not Applicable (Not Transported),Not Applicable (Not Transported),1,Dark - Unlighted,Clear,1,0,['Driver'],['Shoulder_Lapbelt'],0,0,Invalid,0.0,0.0,29.0,29.0,['Male'],0,0,2,2,4,Dry,Straight,Level,Lowest,No
34818,48,Texas,483941,1,2,2,0,4,NOT APPLICABLE,December,24,Sunday,1,40,Urban,Medium Speed (Collector),No,30.10704444,-95.23591389,Non-Intersection,Dark - Lighted,Rain,Unknown,Unknown if Notified,Unknown EMS Scene Arrival Hour,Unknown if Arrived,Not Applicable (Not Transported),Not Applicable (Not Transported),1,Dark - Lighted,Rain/Wind/Minor,0,4,[],[],0,0,Valid,0.0,0.0,48.0,30.0,"['Male', 'Female']",0,0,3,1,4,Wet/Standing Water,Straight,Level,Lowest,No
34819,48,Texas,483942,0,2,2,0,3,HARKER HEIGHTS,November,17,Friday,18,12,Urban,High Speed (Arterial),Yes,31.08754722,-97.65683889,Non-Intersection,Dark - Lighted,Clear,Unknown,Unknown,Unknown EMS Scene Arrival Hour,Unknown EMS Scene Arrival Minutes,Unknown,Unknown EMS Hospital Arrival Time,1,Dark - Lighted,Clear,1,2,['Driver'],['None_Used'],1,1,Valid,0.0,0.0,55.0,39.0,"['Male', 'Male']",1,0,3,1,5,Dry,Straight,Level,Lowest,No
34820,48,Texas,483943,0,2,2,0,2,ARLINGTON,November,28,Tuesday,17,49,Urban,High Speed (Arterial),Yes,32.73905,-97.11959167,Non-Intersection,Dusk,Clear,Unknown,Unknown,Unknown EMS Scene Arrival Hour,Unknown EMS Scene Arrival Minutes,Unknown,Unknown EMS Hospital Arrival Time,1,Twilight,Clear,1,1,['Driver'],['None_Used'],0,0,Invalid,0.0,0.0,44.0,29.0,"['Male', 'Male']",0,0,3,1,5,Dry,Straight,Level,Lowest,Yes
34821,48,Texas,483944,1,1,1,0,2,HOUSTON,December,15,Friday,23,25,Urban,Medium Speed (Collector),No,29.78386389,-95.4678,Simple Junction,Dark - Lighted,Rain,Unknown,Unknown if Notified,Unknown EMS Scene Arrival Hour,Unknown if Arrived,Not Applicable (Not Transported),Not Applicable (Not Transported),1,Dark - Lighted,Rain/Wind/Minor,0,2,[],[],1,1,Valid,0.0,0.0,17.0,17.0,['Male'],2,0,3,1,4,Wet/Standing Water,Straight,Level,Lowest,No
34822,48,Texas,483945,2,2,1,1,1,HOUSTON,December,4,Monday,13,15,Urban,High Speed (Arterial),Yes,29.69093611,-95.37763889,Non-Intersection,Daylight,Clear,1:00pm-1:59pm,14,Unknown EMS Scene Arrival Hour,Unknown EMS Scene Arrival Minutes,2:00pm-2:59pm,11,1,Daylight,Clear,1,0,['Driver'],['Shoulder_Lapbelt'],0,0,Valid,0.0,0.0,22.0,22.0,['Male'],0,0,2,1,4,Dry,Straight,Level,Lowest,No
34823,48,Texas,483946,0,2,2,0,2,AUSTIN,December,9,Saturday,5,53,Urban,High Speed (Arterial),Yes,30.34870278,-97.69400833,Non-Intersection,Dark - Not Lighted,Clear,Unknown,Unknown if Notified,Unknown EMS Scene Arrival Hour,Unknown if Arrived,Not Applicable (Not Transported),Not Applicable (Not Transported),1,Dark - Unlighted,Clear,1,1,['Driver'],['Shoulder_Lapbelt'],0,0,Valid,1.0,1.0,52.0,44.0,"['Female', 'Male']",0,0,4,1,5,Dry,Straight,Level,Lowest,No