,State_Code,State_Name,Crash_ID,Count_Non_Motorists,Count_Vehicles_Total,Count_Vehicle_Forms,Count_PVH_Involved,Count_Occupants_MV,City_Name,Month_Name,Day_of_Month,Day_of_Week,Crash_Hour,Crash_Minute,Area_Rural_Urban,Road_Functional_Class,On_NHS_Road,Latitude,Longitude,Intersection_Type,Light_Condition,Weather_Condition,Notif_Hour,Notif_Minute,Arrival_Hour,Arrival_Minute,Hospital_Hour,Hospital_Minute,Fatalities_Count,Clean_Light_Condition,Clean_Weather_Condition,Total_Killed,Total_Alive,Fatal_Seats_List,Killed_Restraint_List,Any_Driver_Drinking,Total_Drinking_Drivers,Driver_License_Category,Driver_Max_Prev_Accident_Count,Driver_Max_Prev_Speeding_Count,Max_Driver_Age,Min_Driver_Age,Driver_Sex_List,Total_Exceeding_Limit_Vehicles,Total_Too_Fast_Vehicles,Max_Vehicle_Type_Severity_5,Max_Vehicle_Damage_Rank,Max_Harmful_Event_Severity,Crash_Road_Surface_Condition,Crash_Horizontal_Alignment,Crash_Vertical_Profile,Crash_Impairment_Category,Crash_Vehicle_Defect
34824,48,Texas,483948,0,2,2,0,2,HOUSTON,December,5,Tuesday,6,55,Urban,Medium Speed (Collector),No,29.89131667,-95.30104722,Complex/Circle,Dark - Lighted,Clear,Unknown,Unknown if Notified,Unknown EMS Scene Arrival Hour,Unknown if Arrived,Not Applicable (Not Transported),Not Applicable (Not Transported),1,Dark - Lighted,Clear,1,1,['Driver'],['None_Used'],0,0,Valid,0.0,1.0,42.0,38.0,"['Male', 'Female']",1,0,5,1,5,Dry,Straight,Level,Lowest,No
34825,48,Texas,483949,0,2,2,0,2,TRENTON,November,1,Wednesday,10,13,Rural,Medium Speed (Collector),No,33.46435556,-96.28076111,Simple Junction,Daylight,Clear,10:00am-10:59am,12,10:00am-10:59am,22,11:00am-11:59am,0,1,Daylight,Clear,1,1,['Driver'],['Shoulder_Lapbelt'],0,0,Invalid,0.0,0.0,35.0,30.0,"['Female', 'Female']",1,0,3,1,5,Dry,Straight,Level,Lowest,No
34826,48,Texas,483950,0,3,3,0,6,NOT APPLICABLE,November,9,Thursday,18,52,Rural,Medium Speed (Collector),No,33.49577778,-96.24670833,Non-Intersection,Dark - Not Lighted,Rain,6:00pm-6:59pm,46,6:00pm-6:59pm,59,8:00pm-8:59pm,0,1,Dark - Unlighted,Rain/Wind/Minor,1,5,['Driver'],['Shoulder_Lapbelt'],0,0,Valid,0.0,1.0,81.0,28.0,"['Male', 'Male', 'Female']",0,0,3,4,5,Wet/Standing Water,Straight,Level,Lowest,No
34827,48,Texas,483951,0,2,2,0,3,DALLAS,November,26,Sunday,23,56,Urban,Medium Speed (Collector),No,32.99511389,-96.84391389,Non-Intersection,Dark - Lighted,Clear,Unknown,Unknown,Unknown EMS Scene Arrival Hour,Unknown EMS Scene Arrival Minutes,Unknown,Unknown EMS Hospital Arrival Time,1,Dark - Lighted,Clear,1,2,['Driver'],['None_Used'],0,0,Valid,1.0,2.0,39.0,29.0,"['Male', 'Male']",1,0,5,1,5,Dry,Curve,Grade/Hillcrest,Lowest,No
34828,48,Texas,483952,0,1,1,0,1,GRAND PRAIRIE,December,21,Thursday,21,50,Urban,High Speed (Arterial),Yes,32.65245833,-97.06167222,Non-Intersection,Dark - Lighted,Rain,Unknown,Unknown,Unknown EMS Scene Arrival Hour,Unknown EMS Scene Arrival Minutes,Unknown,Unknown EMS Hospital Arrival Time,1,Dark - Lighted,Rain/Wind/Minor,1,0,['Driver'],['Shoulder_Lapbelt'],0,0,Valid,0.0,0.0,51.0,51.0,['Male'],1,0,2,1,3,Wet/Standing Water,Straight,Level,Lowest,No
34829,48,Texas,483953,1,1,1,0,2,CORPUS CHRISTI,November,15,Wednesday,18,52,Urban,High Speed (Arterial),Yes,27.75793056,-97.41357222,Simple Junction,Dark - Lighted,Clear,Unknown,Unknown,Unknown EMS Scene Arrival Hour,Unknown EMS Scene Arrival Minutes,Unknown,Unknown EMS Hospital Arrival Time,1,Dark - Lighted,Clear,0,2,[],[],0,0,Valid,0.0,0.0,48.0,48.0,['Female'],0,0,3,2,4,Dry,Straight,Level,Lowest,No
34830,48,Texas,483954,1,1,1,0,1,HOUSTON,December,15,Friday,1,20,Urban,Medium Speed (Collector),No,29.60275833,-95.38595278,Non-Intersection,Dark - Not Lighted,Clear,Unknown,Unknown,Unknown EMS Scene Arrival Hour,Unknown EMS Scene Arrival Minutes,Unknown,Unknown EMS Hospital Arrival Time,1,Dark - Unlighted,Clear,0,1,[],[],0,0,Valid,0.0,0.0,26.0,26.0,['Female'],0,0,2,2,4,Dry,Straight,Level,Lowest,No
34831,48,Texas,483955,1,1,1,0,1,NOT APPLICABLE,December,28,Thursday,4,40,Rural,Medium Speed (Collector),No,29.73781111,-96.35021944,Non-Intersection,Dark - Not Lighted,Clear,Unknown,Unknown if Notified,Unknown EMS Scene Arrival Hour,Unknown if Arrived,Not Applicable (Not Transported),Not Applicable (Not Transported),1,Dark - Unlighted,Clear,0,1,[],[],0,0,Valid,0.0,0.0,41.0,41.0,['Male'],0,0,3,1,4,Dry,Straight,Grade/Hillcrest,Lowest,No
34832,48,Texas,483956,0,3,3,0,11,KILLEEN,December,31,Sunday,19,28,Urban,High Speed (Arterial),Yes,31.02271667,-97.75493889,Non-Intersection,Dark - Lighted,Clear,Unknown,Unknown,Unknown EMS Scene Arrival Hour,Unknown EMS Scene Arrival Minutes,Unknown,Unknown EMS Hospital Arrival Time,1,Dark - Lighted,Clear,1,10,['Non_Standard_Risk'],['None_Used'],0,0,Valid,3.0,3.0,43.0,24.0,"['Male', 'Female', 'Female', 'Female']",6,0,3,1,5,Dry,Straight,Level,Lowest,No
34833,48,Texas,483957,0,2,2,0,5,HOUSTON,September,22,Friday,22,30,Urban,High Speed (Arterial),No,29.84709444,-95.41103889,Complex/Circle,Dark - Lighted,Cloudy,Unknown,Unknown,Unknown EMS Scene Arrival Hour,Unknown EMS Scene Arrival Minutes,Unknown,Unknown EMS Hospital Arrival Time,1,Dark - Lighted,Reduced Visibility,1,3,['Rear_Seat'],['None_Used'],0,0,Valid,0.0,0.0,26.0,23.0,"['Male', 'Female']",4,0,2,2,5,Dry,Straight,Level,Lowest,No
34834,48,Texas,483958,0,2,2,0,2,EL PASO,September,29,Friday,14,18,Urban,High Speed (Arterial),Yes,31.78255556,-106.50527778,Complex/Circle,Daylight,Clear,Unknown,Unknown,Unknown EMS Scene Arrival Hour,Unknown EMS Scene Arrival Minutes,Unknown,Unknown EMS Hospital Arrival Time,1,Daylight,Clear,1,1,['Driver'],['None_Used'],0,0,Valid,0.0,0.0,84.0,19.0,"['Female', 'Male']",1,0,5,1,5,Dry,Straight,Grade/Hillcrest,Lowest,No
34835,48,Texas,483959,0,2,2,0,3,FORT WORTH,March,26,Sunday,20,4,Urban,Medium Speed (Collector),No,32.71170278,-97.36044722,Complex/Circle,Dusk,Clear,Unknown,Unknown,Unknown EMS Scene Arrival Hour,Unknown EMS Scene Arrival Minutes,Unknown,Unknown EMS Hospital Arrival Time,1,Twilight,Clear,1,2,['Driver'],['None_Used'],0,0,Invalid,0.0,1.0,30.0,26.0,"['Male', 'Male']",0,0,5,2,5,Dry,Straight,Level,Lowest,No
34836,48,Texas,483961,0,1,1,0,3,NOT APPLICABLE,December,28,Thursday,16,30,Rural,Medium Speed (Collector),No,30.83405,-94.53469722,Non-Intersection,Daylight,Clear,Unknown,Unknown,Unknown EMS Scene Arrival Hour,Unknown EMS Scene Arrival Minutes,Unknown,Unknown EMS Hospital Arrival Time,1,Daylight,Clear,1,2,['Front_Passenger'],['None_Used'],0,0,Valid,0.0,0.0,19.0,19.0,['Male'],0,0,2,1,3,Dry,Curve,Grade/Hillcrest,Lowest,No
34837,48,Texas,483962,1,1,1,0,1,HOUSTON,November,19,Sunday,21,11,Urban,Medium Speed (Collector),No,29.77241111,-95.37246111,Non-Intersection,Dark - Lighted,Clear,Unknown,Unknown,Unknown EMS Scene Arrival Hour,Unknown EMS Scene Arrival Minutes,Unknown,Unknown EMS Hospital Arrival Time,1,Dark - Lighted,Clear,0,0,[],[],0,0,Invalid,0.0,0.0,999.0,999.0,['Other'],1,0,1,2,4,Dry,Straight,Level,Lowest,No
34838,48,Texas,483963,1,1,1,0,1,IRVING,December,3,Sunday,16,50,Urban,Medium Speed (Collector),No,32.865525,-96.98893611,Simple Junction,Daylight,Clear,Unknown,Unknown,Unknown EMS Scene Arrival Hour,Unknown EMS Scene Arrival Minutes,Unknown,Unknown EMS Hospital Arrival Time,1,Daylight,Clear,0,1,[],[],0,0,Valid,0.0,0.0,28.0,28.0,['Female'],0,0,3,2,4,Dry,Curve,Level,Lowest,No
34839,48,Texas,483964,1,3,2,1,2,HOUSTON,December,16,Saturday,3,5,Urban,High Speed (Arterial),Yes,29.78389444,-95.47885278,Non-Intersection,Dark - Lighted,Clear,Unknown,Unknown,Unknown EMS Scene Arrival Hour,Unknown EMS Scene Arrival Minutes,Unknown,Unknown EMS Hospital Arrival Time,1,Dark - Lighted,Clear,0,2,[],[],1,1,Valid,0.0,1.0,50.0,32.0,"['Female', 'Male']",1,0,3,2,5,Dry,Straight,Level,Lowest,No
34840,48,Texas,483965,1,1,1,0,1,DALLAS,October,9,Monday,6,58,Urban,Low Speed (Local),No,32.76971111,-96.75178056,Non-Intersection,Dark - Lighted,Clear,Unknown,Unknown,Unknown EMS Scene Arrival Hour,Unknown EMS Scene Arrival Minutes,Unknown,Unknown EMS Hospital Arrival Time,1,Dark - Lighted,Clear,0,1,[],[],0,0,Invalid,0.0,0.0,35.0,35.0,['Male'],0,0,3,1,4,Dry,Straight,Level,Lowest,No
34841,48,Texas,483966,0,1,1,0,3,SPLENDORA,December,8,Friday,16,23,Urban,Medium Speed (Collector),No,30.25214444,-95.14998889,Non-Intersection,Daylight,Cloudy,Unknown,Unknown,Unknown EMS Scene Arrival Hour,Unknown EMS Scene Arrival Minutes,Unknown,Unknown EMS Hospital Arrival Time,1,Daylight,Reduced Visibility,1,2,['Driver'],['Shoulder_Lapbelt'],0,0,Valid,0.0,0.0,23.0,23.0,['Female'],0,0,3,1,3,Dry,Straight,Level,Lowest,No
34842,48,Texas,483967,0,2,2,0,3,MERCEDES,December,15,Friday,18,19,Urban,High Speed (Arterial),Yes,26.15642778,-97.91406389,Simple Junction,Dark - Lighted,Clear,Unknown,Unknown,Unknown EMS Scene Arrival Hour,Unknown EMS Scene Arrival Minutes,Unknown,Unknown EMS Hospital Arrival Time,1,Dark - Lighted,Clear,1,2,['Front_Passenger'],['Shoulder_Lapbelt'],1,1,Valid,0.0,3.0,68.0,42.0,"['Female', 'Male']",0,0,3,1,5,Dry,Curve,Level,Lowest,No
34843,48,Texas,483968,0,1,1,0,7,EL PASO,October,30,Monday,1,11,Urban,High Speed (Arterial),Yes,31.7685,-106.42020556,Non-Intersection,Dark - Not Lighted,Clear,Unknown,Unknown,Unknown EMS Scene Arrival Hour,Unknown EMS Scene Arrival Minutes,Unknown,Unknown EMS Hospital Arrival Time,4,Dark - Unlighted,Clear,4,3,"['Front_Passenger', 'Front_Passenger', 'Front_Passenger', 'Front_Passenger']","['None_Used', 'None_Used', 'None_Used', 'None_Used']",0,0,Valid,0.0,0.0,49.0,34.0,Other,0,0,2,1,3,Dry,Curve,Grade/Hillcrest,Lowest,No
34844,48,Texas,483969,0,2,2,0,4,NOT APPLICABLE,December,2,Saturday,20,53,Rural,High Speed (Arterial),Yes,33.653325,-96.95232222,Complex/Circle,Dark - Not Lighted,Clear,Unknown,Unknown,Unknown EMS Scene Arrival Hour,Unknown EMS Scene Arrival Minutes,Unknown,Unknown EMS Hospital Arrival Time,1,Dark - Unlighted,Clear,1,3,['Front_Passenger'],['Shoulder_Lapbelt'],0,0,Valid,0.0,0.0,42.0,15.0,"['Male', 'Male']",0,0,3,1,5,Dry,Straight,Level,Lowest,No
34845,48,Texas,483970,0,1,1,0,1,EL PASO,December,15,Friday,21,57,Urban,Medium Speed (Collector),No,31.7403,-106.27055833,Non-Intersection,Dark - Lighted,Clear,Unknown,Unknown,Unknown EMS Scene Arrival Hour,Unknown EMS Scene Arrival Minutes,Unknown,Unknown EMS Hospital Arrival Time,1,Dark - Lighted,Clear,1,0,['Driver'],['Shoulder_Lapbelt'],1,1,Valid,0.0,1.0,26.0,26.0,['Male'],1,0,2,1,3,Dry,Straight,Level,Lowest,No
34846,48,Texas,483971,0,2,2,0,2,CORPUS CHRISTI,December,8,Friday,15,27,Urban,Medium Speed (Collector),No,27.85430556,-97.63086944,Non-Intersection,Daylight,Clear,Unknown,Unknown,Unknown EMS Scene Arrival Hour,Unknown EMS Scene Arrival Minutes,Unknown,Unknown EMS Hospital Arrival Time,1,Daylight,Clear,1,1,['Driver'],['None_Used'],0,0,Valid,0.0,3.0,69.0,66.0,"['Male', 'Male']",0,0,5,2,5,Dry,Straight,Grade/Hillcrest,Lowest,No
34847,48,Texas,483972,0,1,1,0,1,RIO GRANDE CITY,May,25,Thursday,23,58,Urban,High Speed (Arterial),Yes,26.31350278,-98.65596944,Simple Junction,Dark - Lighted,Clear,Unknown,Unknown,Unknown EMS Scene Arrival Hour,Unknown EMS Scene Arrival Minutes,Not Applicable (Not Transported),Not Applicable (Not Transported),1,Dark - Lighted,Clear,1,0,['Driver'],['Shoulder_Lapbelt'],0,0,Valid,1.0,0.0,25.0,25.0,['Male'],1,0,2,4,3,Dry,Straight,Level,Lowest,No
34848,48,Texas,483973,0,1,1,0,1,FORT WORTH,April,2,Sunday,0,30,Urban,High Speed (Arterial),Yes,32.83934444,-97.32226944,Non-Intersection,Dark - Not Lighted,Clear,Unknown,Unknown if Notified,Unknown EMS Scene Arrival Hour,Unknown if Arrived,Unknown,Unknown if Transported,1,Dark - Unlighted,Clear,1,0,['Driver'],['Shoulder_Lapbelt'],0,0,Valid,1.0,0.0,24.0,24.0,['Female'],0,0,2,1,3,Dry,Straight,Level,Lowest,No
34849,48,Texas,483976,1,1,1,0,2,FORT WORTH,March,19,Sunday,23,35,Urban,High Speed (Arterial),Yes,32.70651111,-97.27027222,Non-Intersection,Dark - Lighted,Clear,Unknown,Unknown,Unknown EMS Scene Arrival Hour,Unknown EMS Scene Arrival Minutes,Unknown,Unknown EMS Hospital Arrival Time,1,Dark - Lighted,Clear,0,2,[],[],0,0,Valid,1.0,1.0,27.0,27.0,['Male'],0,0,2,1,4,Dry,Straight,Level,Lowest,No
34850,48,Texas,483977,0,2,2,0,7,EL PASO,December,22,Friday,17,41,Urban,High Speed (Arterial),Yes,32.00116667,-106.32671389,Complex/Circle,Dark - Lighted,Clear,Unknown,Unknown,Unknown EMS Scene Arrival Hour,Unknown EMS Scene Arrival Minutes,Unknown,Unknown EMS Hospital Arrival Time,1,Dark - Lighted,Clear,1,6,['Driver'],['Shoulder_Lapbelt'],0,0,Valid,0.0,2.0,27.0,20.0,"['Female', 'Male']",0,0,3,1,5,Dry,Straight,Level,Lowest,No
34851,48,Texas,483978,1,1,1,0,1,NOT APPLICABLE,November,18,Saturday,22,24,Urban,Medium Speed (Collector),No,30.24664444,-95.38903056,Non-Intersection,Dark - Not Lighted,Clear,Unknown,Unknown if Notified,Unknown EMS Scene Arrival Hour,Unknown if Arrived,Not Applicable (Not Transported),Not Applicable (Not Transported),1,Dark - Unlighted,Clear,0,1,[],[],0,0,Valid,0.0,2.0,34.0,34.0,['Female'],0,0,4,2,4,Dry,Straight,Level,Lowest,Yes
34852,48,Texas,483979,0,2,2,0,4,NOT APPLICABLE,November,10,Friday,19,46,Rural,Medium Speed (Collector),No,29.18967222,-98.10476944,Non-Intersection,Dark - Not Lighted,Clear,Unknown,Unknown,Unknown EMS Scene Arrival Hour,Unknown EMS Scene Arrival Minutes,Unknown,Unknown EMS Hospital Arrival Time,1,Dark - Unlighted,Clear,1,3,['Rear_Seat'],['None_Used'],1,1,Valid,0.0,0.0,53.0,22.0,"['Male', 'Female']",0,0,3,1,5,Dry,Straight,Grade/Hillcrest,Lowest,No
34853,48,Texas,483980,0,2,2,0,4,EL PASO,December,17,Sunday,23,25,Urban,High Speed (Arterial),Yes,31.73558333,-106.26764167,Non-Intersection,Dark - Lighted,Clear,Unknown,Unknown,Unknown EMS Scene Arrival Hour,Unknown EMS Scene Arrival Minutes,Unknown,Unknown EMS Hospital Arrival Time,1,Dark - Lighted,Clear,1,3,['Driver'],['Shoulder_Lapbelt'],0,0,Valid,0.0,1.0,43.0,36.0,"['Female', 'Male']",3,0,3,1,5,Dry,Straight,Level,Medium,No
34854,48,Texas,483981,0,3,3,0,4,LAREDO,December,24,Sunday,2,36,Urban,High Speed (Arterial),Yes,27.55410833,-99.45070278,Non-Intersection,Dark - Not Lighted,Cloudy,Unknown,Unknown,Unknown EMS Scene Arrival Hour,Unknown EMS Scene Arrival Minutes,Unknown,Unknown EMS Hospital Arrival Time,1,Dark - Unlighted,Reduced Visibility,1,3,['Front_Passenger'],['Shoulder_Lapbelt'],1,1,Valid,1.0,3.0,44.0,24.0,"['Male', 'Male', 'Male']",0,0,3,1,5,Dry,Straight,Level,Lowest,No
34855,48,Texas,483982,0,1,1,0,1,NOT APPLICABLE,December,27,Wednesday,16,55,Rural,Medium Speed (Collector),No,30.76929722,-98.72093611,Non-Intersection,Daylight,Clear,Unknown,Unknown,Unknown EMS Scene Arrival Hour,Unknown EMS Scene Arrival Minutes,Unknown,Unknown EMS Hospital Arrival Time,1,Daylight,Clear,1,0,['Driver'],['Shoulder_Lapbelt'],0,0,Valid,0.0,0.0,54.0,54.0,['Male'],0,0,3,1,3,Dry,Curve,Grade/Hillcrest,Lowest,No
34856,48,Texas,483983,0,2,2,0,3,NOT APPLICABLE,December,7,Thursday,17,20,Rural,Medium Speed (Collector),No,32.37033056,-99.84443889,Complex/Circle,Daylight,Clear,Unknown,Unknown,Unknown EMS Scene Arrival Hour,Unknown EMS Scene Arrival Minutes,Unknown,Unknown EMS Hospital Arrival Time,1,Daylight,Clear,1,2,['Driver'],['None_Used'],0,0,Valid,0.0,1.0,81.0,55.0,"['Male', 'Male']",0,0,3,1,5,Dry,Straight,Level,Lowest,No
34857,48,Texas,483984,0,3,3,0,4,CARROLLTON,March,24,Friday,20,57,Urban,High Speed (Arterial),Yes,32.96797222,-96.91944167,Non-Intersection,Dark - Lighted,Clear,Unknown,Unknown,Unknown EMS Scene Arrival Hour,Unknown EMS Scene Arrival Minutes,Unknown,Unknown EMS Hospital Arrival Time,1,Dark - Lighted,Clear,1,3,['Driver'],['Shoulder_Lapbelt'],0,0,Valid,1.0,0.0,52.0,39.0,"['Male', 'Male', 'Male']",1,0,3,1,5,Dry,Straight,Level,Lowest,Yes
34858,48,Texas,483985,0,2,2,0,2,HOUSTON,December,3,Sunday,10,2,Urban,High Speed (Arterial),Yes,29.67796944,-95.41493333,Non-Intersection,Daylight,Clear,Unknown,Unknown,Unknown EMS Scene Arrival Hour,Unknown EMS Scene Arrival Minutes,Unknown,Unknown EMS Hospital Arrival Time,1,Daylight,Clear,1,0,['Driver'],['None_Used'],0,0,Invalid,0.0,0.0,37.0,30.0,"['Male', 'Male']",0,0,5,1,5,Dry,Straight,Grade/Hillcrest,Lowest,No
34859,48,Texas,483986,0,1,1,0,1,NOT APPLICABLE,December,18,Monday,0,1,Rural,High Speed (Arterial),Yes,32.07572222,-95.28319444,Non-Intersection,Dark - Not Lighted,Clear,Unknown,Unknown,Unknown EMS Scene Arrival Hour,Unknown EMS Scene Arrival Minutes,Unknown,Unknown EMS Hospital Arrival Time,1,Dark - Unlighted,Clear,1,0,['Driver'],['None_Used'],0,0,Valid,0.0,1.0,20.0,20.0,['Male'],0,0,3,1,3,Dry,Curve,Level,Medium,No
34860,48,Texas,483987,1,1,1,0,1,HOUSTON,March,9,Thursday,5,0,Urban,Medium Speed (Collector),No,29.8125,-95.38238056,Non-Intersection,Dark - Lighted,Clear,Unknown,Unknown,Unknown EMS Scene Arrival Hour,Unknown EMS Scene Arrival Minutes,Unknown,Unknown EMS Hospital Arrival Time,1,Dark - Lighted,Clear,0,1,[],[],0,0,Valid,0.0,0.0,77.0,77.0,['Male'],0,0,3,1,4,Dry,Straight,Level,Lowest,No
34861,48,Texas,483988,1,1,1,0,1,CORPUS CHRISTI,June,28,Wednesday,21,19,Urban,High Speed (Arterial),Yes,27.75113056,-97.42149167,Non-Intersection,Dark - Lighted,Clear,Unknown,Unknown,Unknown EMS Scene Arrival Hour,Unknown EMS Scene Arrival Minutes,Unknown,Unknown EMS Hospital Arrival Time,1,Dark - Lighted,Clear,0,1,[],[],1,1,Invalid,0.0,0.0,33.0,33.0,['Male'],0,0,3,4,4,Dry,Curve,Grade/Hillcrest,Lowest,No
34862,48,Texas,483989,0,1,1,0,3,AUSTIN,October,8,Sunday,3,7,Urban,Medium Speed (Collector),No,30.26116944,-97.71568611,Non-Intersection,Dark - Lighted,Clear,Unknown,Unknown if Notified,Unknown EMS Scene Arrival Hour,Unknown if Arrived,Not Applicable (Not Transported),Not Applicable (Not Transported),1,Dark - Lighted,Clear,1,2,['Front_Passenger'],['Shoulder_Lapbelt'],0,0,Valid,0.0,0.0,24.0,24.0,['Male'],0,0,1,0,1,Dry,Straight,Level,Lowest,No
34863,48,Texas,483990,0,6,4,2,5,SAN ANTONIO,December,22,Friday,17,7,Urban,Medium Speed (Collector),No,29.57463056,-98.5456,Non-Intersection,Daylight,Clear,Unknown,Unknown,Unknown EMS Scene Arrival Hour,Unknown EMS Scene Arrival Minutes,Unknown,Unknown EMS Hospital Arrival Time,1,Daylight,Clear,1,4,['Driver'],['Shoulder_Lapbelt'],0,0,Valid,0.0,0.0,95.0,22.0,"['Male', 'Female', 'Female', 'Male']",0,0,3,1,5,Dry,Straight,Level,Lowest,No
34864,48,Texas,483991,1,1,1,0,2,SAN ANTONIO,December,22,Friday,18,50,Urban,Medium Speed (Collector),Yes,29.53926667,-98.57008333,Non-Intersection,Dark - Not Lighted,Clear,Unknown,Unknown,Unknown EMS Scene Arrival Hour,Unknown EMS Scene Arrival Minutes,Unknown,Unknown EMS Hospital Arrival Time,1,Dark - Unlighted,Clear,0,2,[],[],0,0,Valid,0.0,0.0,53.0,53.0,['Male'],0,0,3,1,4,Dry,Straight,Level,Lowest,No
34865,48,Texas,483992,1,1,1,0,1,SAN ANTONIO,December,18,Monday,16,22,Urban,High Speed (Arterial),Yes,29.39833333,-98.40456667,Complex/Circle,Daylight,Clear,Unknown,Unknown,Unknown EMS Scene Arrival Hour,Unknown EMS Scene Arrival Minutes,Unknown,Unknown EMS Hospital Arrival Time,1,Daylight,Clear,0,1,[],[],0,0,Valid,0.0,0.0,61.0,61.0,['Male'],0,0,3,1,4,Dry,Straight,Level,Lowest,No
34866,48,Texas,483993,0,3,3,0,3,NOT APPLICABLE,December,27,Wednesday,5,49,Urban,High Speed (Arterial),Yes,33.19843333,-96.5761,Non-Intersection,Dark - Not Lighted,Clear,Unknown,Unknown,Unknown EMS Scene Arrival Hour,Unknown EMS Scene Arrival Minutes,Unknown,Unknown EMS Hospital Arrival Time,1,Dark - Unlighted,Clear,1,2,['Driver'],['Shoulder_Lapbelt'],1,1,Valid,0.0,0.0,34.0,19.0,"['Male', 'Male', 'Male']",1,0,3,4,5,Dry,Straight,Level,Lowest,No
34867,48,Texas,483994,1,1,1,0,3,GRAND PRAIRIE,October,18,Wednesday,17,31,Rural,Low Speed (Local),No,32.61995556,-97.069625,Non-Intersection,Daylight,Clear,Unknown,Unknown,Unknown EMS Scene Arrival Hour,Unknown EMS Scene Arrival Minutes,Unknown,Unknown EMS Hospital Arrival Time,1,Daylight,Clear,0,3,[],[],0,0,Valid,0.0,0.0,48.0,48.0,['Male'],0,0,3,2,4,Dry,Straight,Level,Lowest,No
34868,49,Utah,490001,0,2,2,0,2,ST. GEORGE,January,5,Thursday,13,39,Urban,Medium Speed (Collector),No,37.12343889,-113.52085278,Simple Junction,Daylight,Rain,1:00pm-1:59pm,40,1:00pm-1:59pm,43,Not Applicable (Not Transported),Not Applicable (Not Transported),1,Daylight,Rain/Wind/Minor,1,1,['Driver'],['None_Used'],0,0,Valid,0.0,1.0,56.0,38.0,"['Male', 'Female']",0,0,3,4,5,Wet/Standing Water,Straight,Level,Lowest,No
34869,49,Utah,490002,1,1,1,0,1,SALT LAKE CITY,January,15,Sunday,1,43,Urban,High Speed (Arterial),Yes,40.75834444,-111.87111389,Complex/Circle,Dark - Lighted,Clear,1:00am-1:59am,43,1:00am-1:59am,47,Not Applicable (Not Transported),Not Applicable (Not Transported),1,Dark - Lighted,Clear,0,1,[],[],0,0,Invalid,0.0,0.0,999.0,999.0,['Other'],0,0,1,0,4,Wet/Standing Water,Straight,Level,Lowest,No
34870,49,Utah,490003,2,1,1,0,1,TOOELE,January,16,Monday,11,23,Urban,High Speed (Arterial),Yes,40.533525,-112.29870556,Non-Intersection,Daylight,Cloudy,11:00am-11:59am,23,11:00am-11:59am,27,12:00pm-12:59pm,3,1,Daylight,Reduced Visibility,0,1,[],[],0,0,Valid,0.0,0.0,68.0,68.0,['Male'],0,0,3,4,4,Wet/Standing Water,Straight,Level,Lowest,No
34871,49,Utah,490004,0,2,2,0,11,OGDEN,January,14,Saturday,17,46,Urban,High Speed (Arterial),Yes,41.20575278,-111.99200278,Complex/Circle,Dark - Lighted,Clear,5:00pm-5:59pm,47,5:00pm-5:59pm,52,6:00pm-6:59pm,11,1,Dark - Lighted,Clear,1,10,['Front_Passenger'],['None_Used'],0,0,Valid,0.0,0.0,47.0,30.0,"['Male', 'Male']",0,0,3,4,5,Dry,Straight,Level,Medium,No
34872,49,Utah,490005,1,1,1,0,1,OGDEN,January,9,Monday,14,55,Urban,High Speed (Arterial),Yes,41.24420556,-111.96971944,Complex/Circle,Daylight,Rain,2:00pm-2:59pm,56,3:00pm-3:59pm,2,3:00pm-3:59pm,26,1,Daylight,Rain/Wind/Minor,0,1,[],[],0,0,Valid,0.0,0.0,59.0,59.0,['Female'],0,0,3,1,4,Wet/Standing Water,Straight,Level,Lowest,No
34873,49,Utah,490006,0,2,2,0,2,FOUNTAIN GREEN,January,16,Monday,8,53,Rural,High Speed (Arterial),No,39.64185556,-111.63599167,Non-Intersection,Daylight,Snow,8:00am-8:59am,55,9:00am-9:59am,4,9:00am-9:59am,52,1,Daylight,Snow/Ice/Severe,1,1,['Driver'],['Shoulder_Lapbelt'],0,0,Valid,0.0,1.0,56.0,20.0,"['Female', 'Male']",1,0,3,4,5,Icy/Snowy,Curve,Grade/Hillcrest,Lowest,Yes
34874,49,Utah,490007,0,2,2,0,2,GREEN RIVER,January,21,Saturday,6,18,Rural,High Speed (Arterial),Yes,38.98852778,-110.24460556,Complex/Circle,Dark - Not Lighted,Clear,6:00am-6:59am,19,6:00am-6:59am,35,Not Applicable (Not Transported),Not Applicable (Not Transported),1,Dark - Unlighted,Clear,1,1,['Driver'],['Shoulder_Lapbelt'],0,0,Invalid,1.0,1.0,58.0,57.0,"['Male', 'Male']",0,0,4,4,5,Dry,Straight,Grade/Hillcrest,Lowest,No
34875,49,Utah,490008,0,1,1,0,3,OGDEN,January,8,Sunday,5,28,Urban,High Speed (Arterial),Yes,41.20043056,-111.97077222,Simple Junction,Dark - Lighted,Cloudy,5:00am-5:59am,28,5:00am-5:59am,36,5:00am-5:59am,52,2,Dark - Lighted,Reduced Visibility,2,1,"['Driver', 'Front_Passenger']","['None_Used', 'None_Used']",1,1,Valid,0.0,3.0,20.0,20.0,['Male'],3,0,2,4,3,Dry,Straight,Level,Lowest,No