,State_Code,State_Name,Crash_ID,Count_Non_Motorists,Count_Vehicles_Total,Count_Vehicle_Forms,Count_PVH_Involved,Count_Occupants_MV,City_Name,Month_Name,Day_of_Month,Day_of_Week,Crash_Hour,Crash_Minute,Area_Rural_Urban,Road_Functional_Class,On_NHS_Road,Latitude,Longitude,Intersection_Type,Light_Condition,Weather_Condition,Notif_Hour,Notif_Minute,Arrival_Hour,Arrival_Minute,Hospital_Hour,Hospital_Minute,Fatalities_Count,Clean_Light_Condition,Clean_Weather_Condition,Total_Killed,Total_Alive,Fatal_Seats_List,Killed_Restraint_List,Any_Driver_Drinking,Total_Drinking_Drivers,Driver_License_Category,Driver_Max_Prev_Accident_Count,Driver_Max_Prev_Speeding_Count,Max_Driver_Age,Min_Driver_Age,Driver_Sex_List,Total_Exceeding_Limit_Vehicles,Total_Too_Fast_Vehicles,Max_Vehicle_Type_Severity_5,Max_Vehicle_Damage_Rank,Max_Harmful_Event_Severity,Crash_Road_Surface_Condition,Crash_Horizontal_Alignment,Crash_Vertical_Profile,Crash_Impairment_Category,Crash_Vehicle_Defect
34876,49,Utah,490009,1,1,1,0,1,SANDY CITY,January,27,Friday,12,58,Urban,High Speed (Arterial),Yes,40.59908611,-111.89077778,Complex/Circle,Daylight,Cloudy,1:00pm-1:59pm,2,1:00pm-1:59pm,4,Not Applicable (Not Transported),Not Applicable (Not Transported),1,Daylight,Reduced Visibility,0,1,[],[],0,0,Valid,0.0,0.0,70.0,70.0,['Male'],0,0,4,1,4,Dry,Straight,Level,Lowest,No
34877,49,Utah,490010,2,1,1,0,1,SALT LAKE CITY,January,31,Tuesday,8,17,Urban,Medium Speed (Collector),No,40.78238611,-111.925225,Complex/Circle,Daylight,Clear,8:00am-8:59am,17,8:00am-8:59am,21,Not Applicable (Not Transported),Not Applicable (Not Transported),1,Daylight,Clear,0,1,[],[],0,0,Valid,0.0,0.0,18.0,18.0,['Female'],0,0,3,1,4,Dry,Straight,Level,Lowest,No
34878,49,Utah,490011,0,1,1,0,1,NEPHI,January,25,Wednesday,20,42,Rural,High Speed (Arterial),Yes,39.45909444,-112.00609444,Non-Intersection,Dark - Not Lighted,Snow,8:00pm-8:59pm,46,9:00pm-9:59pm,6,Not Applicable (Not Transported),Not Applicable (Not Transported),1,Dark - Unlighted,Snow/Ice/Severe,1,0,['Driver'],['Shoulder_Lapbelt'],0,0,Valid,0.0,0.0,60.0,60.0,['Male'],0,0,4,3,3,Wet/Standing Water,Straight,Grade/Hillcrest,Lowest,No
34879,49,Utah,490012,0,2,2,0,3,SPANISH FORK,January,11,Wednesday,20,7,Rural,High Speed (Arterial),Yes,40.01475556,-111.49277778,Non-Intersection,Dark - Not Lighted,Clear,8:00pm-8:59pm,4,8:00pm-8:59pm,16,8:00pm-8:59pm,55,1,Dark - Unlighted,Clear,1,2,['Driver'],['Shoulder_Lapbelt'],0,0,Valid,0.0,0.0,44.0,24.0,"['Female', 'Male']",1,0,3,4,5,Icy/Snowy,Curve,Grade/Hillcrest,Lowest,No
34880,49,Utah,490013,0,3,3,0,3,WEST VALLEY CITY,January,16,Monday,8,51,Urban,High Speed (Arterial),Yes,40.69655833,-112.02941667,Complex/Circle,Daylight,Cloudy,8:00am-8:59am,58,9:00am-9:59am,0,9:00am-9:59am,18,2,Daylight,Reduced Visibility,2,1,"['Driver', 'Driver']","['Shoulder_Lapbelt', 'Shoulder_Lapbelt']",0,0,Valid,0.0,0.0,60.0,38.0,"['Male', 'Male', 'Female']",0,0,4,4,5,Dry,Straight,Level,Lowest,No
34881,49,Utah,490014,1,1,1,0,1,SALT LAKE CITY,February,14,Tuesday,19,12,Urban,High Speed (Arterial),Yes,40.78461389,-111.93943333,Complex/Circle,Dark - Lighted,Clear,7:00pm-7:59pm,12,7:00pm-7:59pm,16,Not Applicable (Not Transported),Not Applicable (Not Transported),1,Dark - Lighted,Clear,0,1,[],[],0,0,Valid,0.0,0.0,29.0,29.0,['Male'],0,0,2,3,4,Dry,Straight,Level,Lowest,No
34882,49,Utah,490015,1,1,1,0,1,LAYTON,February,15,Wednesday,19,7,Urban,Medium Speed (Collector),No,41.08913889,-111.98495278,Non-Intersection,Dark - Not Lighted,Clear,7:00pm-7:59pm,8,7:00pm-7:59pm,13,7:00pm-7:59pm,20,1,Dark - Unlighted,Clear,0,1,[],[],0,0,Valid,0.0,1.0,58.0,58.0,['Male'],0,0,2,3,4,Dry,Straight,Level,Lowest,No
34883,49,Utah,490016,1,3,3,0,3,EPHRAIM,January,27,Friday,19,30,Rural,High Speed (Arterial),Yes,39.33371944,-111.59807222,Simple Junction,Dark - Not Lighted,Cloudy,7:00pm-7:59pm,34,7:00pm-7:59pm,42,8:00pm-8:59pm,11,1,Dark - Unlighted,Reduced Visibility,0,3,[],[],0,0,Valid,0.0,2.0,46.0,19.0,"['Male', 'Male', 'Male']",0,0,3,3,5,Dry,Straight,Level,Lowest,No
34884,49,Utah,490017,0,2,2,0,3,JENSEN,January,23,Monday,5,23,Rural,High Speed (Arterial),Yes,40.37758611,-109.41396389,Non-Intersection,Dark - Not Lighted,Cloudy,5:00am-5:59am,25,5:00am-5:59am,39,Not Applicable (Not Transported),Not Applicable (Not Transported),1,Dark - Unlighted,Reduced Visibility,1,2,['Driver'],['None_Used'],0,0,Valid,0.0,0.0,55.0,28.0,"['Male', 'Female']",0,0,4,4,5,Dry,Straight,Grade/Hillcrest,Lowest,No
34885,49,Utah,490018,0,1,1,0,1,Other,February,5,Sunday,4,37,Urban,High Speed (Arterial),Yes,41.31179167,-112.02751944,Non-Intersection,Dark - Not Lighted,Clear,4:00am-4:59am,35,4:00am-4:59am,45,5:00am-5:59am,15,1,Dark - Unlighted,Clear,1,0,['Driver'],['None_Used'],1,1,Invalid,0.0,0.0,49.0,49.0,['Male'],0,0,3,4,3,Dry,Straight,Level,Lowest,No
34886,49,Utah,490019,0,1,1,0,1,AMERICAN FORK,February,2,Thursday,23,20,Urban,Low Speed (Local),No,40.36971111,-111.79879722,Non-Intersection,Dark - Not Lighted,Clear,11:00pm-11:59pm,21,11:00pm-11:59pm,24,0:00am-0:59am,1,1,Dark - Unlighted,Clear,1,0,['Driver'],['Shoulder_Lapbelt'],1,1,Valid,0.0,0.0,21.0,21.0,['Male'],1,0,2,4,3,Dry,Curve,Level,Lowest,No
34887,49,Utah,490020,0,2,2,0,2,SALT LAKE CITY,February,1,Wednesday,1,56,Urban,High Speed (Arterial),Yes,40.81295556,-111.92301667,Non-Intersection,Dark - Lighted,Cloudy,1:00am-1:59am,58,2:00am-2:59am,3,2:00am-2:59am,32,1,Dark - Lighted,Reduced Visibility,1,1,['Driver'],['Shoulder_Lapbelt'],1,1,Invalid,0.0,2.0,40.0,26.0,"['Female', 'Male']",0,0,2,4,5,Dry,Curve,Grade/Hillcrest,Lowest,No
34888,49,Utah,490021,0,4,4,0,4,HEBER CITY,February,7,Tuesday,10,54,Rural,High Speed (Arterial),Yes,40.55762778,-111.42564444,Complex/Circle,Daylight,Clear,10:00am-10:59am,55,10:00am-10:59am,58,11:00am-11:59am,21,1,Daylight,Clear,1,3,['Driver'],['None_Used'],0,0,Valid,0.0,1.0,68.0,42.0,"['Male', 'Male', 'Female', 'Male']",0,0,3,4,5,Dry,Straight,Grade/Hillcrest,Medium,No
34889,49,Utah,490022,0,2,2,0,2,LEEDS,February,12,Sunday,1,4,Rural,High Speed (Arterial),Yes,37.22917778,-113.37388056,Non-Intersection,Dark - Lighted,Clear,1:00am-1:59am,7,1:00am-1:59am,21,Not Applicable (Not Transported),Not Applicable (Not Transported),2,Dark - Lighted,Clear,2,0,"['Driver', 'Driver']","['Shoulder_Lapbelt', 'None_Used']",1,1,Valid,0.0,0.0,33.0,30.0,"['Male', 'Female']",0,0,2,4,5,Dry,Curve,Level,Lowest,No
34890,49,Utah,490023,0,2,2,0,2,OGDEN,February,25,Saturday,18,37,Urban,High Speed (Arterial),Yes,41.22036389,-111.94824167,Complex/Circle,Dark - Lighted,Clear,6:00pm-6:59pm,40,6:00pm-6:59pm,44,6:00pm-6:59pm,56,1,Dark - Lighted,Clear,1,1,['Driver'],['None_Used'],0,0,Valid,0.0,0.0,76.0,22.0,"['Female', 'Male']",0,0,5,4,5,Dry,Straight,Level,Lowest,No
34891,49,Utah,490024,0,2,2,0,4,MENDON,January,27,Friday,14,0,Rural,Medium Speed (Collector),No,41.760675,-112.00700278,Non-Intersection,Daylight,Snow,1:00pm-1:59pm,2,1:00pm-1:59pm,12,1:00pm-1:59pm,35,1,Daylight,Snow/Ice/Severe,1,3,['Driver'],['Shoulder_Lapbelt'],0,0,Valid,0.0,2.0,23.0,23.0,"['Female', 'Male']",1,0,3,4,5,Icy/Snowy,Straight,Grade/Hillcrest,Lowest,No
34892,49,Utah,490025,0,2,2,0,3,VERNAL,January,30,Monday,7,10,Rural,High Speed (Arterial),Yes,40.37508333,-109.60797222,Non-Intersection,Daylight,Snow,7:00am-7:59am,12,7:00am-7:59am,23,7:00am-7:59am,35,1,Daylight,Snow/Ice/Severe,1,2,['Driver'],['Shoulder_Lapbelt'],0,0,Valid,0.0,0.0,19.0,17.0,"['Male', 'Female']",1,0,3,4,5,Icy/Snowy,Straight,Grade/Hillcrest,Lowest,No
34893,49,Utah,490026,0,2,2,0,2,MURRAY,February,22,Wednesday,17,14,Urban,High Speed (Arterial),Yes,40.66254722,-111.90119167,Non-Intersection,Daylight,Snow,5:00pm-5:59pm,12,5:00pm-5:59pm,19,5:00pm-5:59pm,42,1,Daylight,Snow/Ice/Severe,1,1,['Driver'],['Shoulder_Lapbelt'],0,0,Valid,0.0,2.0,29.0,25.0,"['Male', 'Male']",1,0,4,4,5,Icy/Snowy,Straight,Level,Lowest,No
34894,49,Utah,490027,0,4,4,0,4,MYTON,February,13,Monday,6,45,Rural,High Speed (Arterial),Yes,40.18266389,-110.10480556,Simple Junction,Dark - Not Lighted,Clear,6:00am-6:59am,46,6:00am-6:59am,59,Not Applicable (Not Transported),Not Applicable (Not Transported),1,Dark - Unlighted,Clear,1,3,['Driver'],['Shoulder_Lapbelt'],0,0,Valid,0.0,3.0,50.0,28.0,"['Male', 'Female', 'Male', 'Female']",0,0,4,4,5,Dry,Straight,Level,Lowest,No
34895,49,Utah,490028,0,2,2,0,3,LAYTON,February,10,Friday,22,57,Urban,High Speed (Arterial),Yes,41.06610278,-111.91199722,Complex/Circle,Dark - Not Lighted,Clear,10:00pm-10:59pm,57,11:00pm-11:59pm,4,11:00pm-11:59pm,33,1,Dark - Unlighted,Clear,1,2,['Front_Passenger'],['Shoulder_Lapbelt'],0,0,Valid,0.0,0.0,73.0,18.0,"['Female', 'Male']",0,0,3,4,5,Dry,Straight,Level,Lowest,No
34896,49,Utah,490029,0,1,1,0,4,Other,March,18,Saturday,10,47,Rural,Medium Speed (Collector),No,39.72695278,-112.24382778,Non-Intersection,Daylight,Clear,10:00am-10:59am,48,11:00am-11:59am,15,12:00pm-12:59pm,11,1,Daylight,Clear,1,3,['Rear_Seat'],['None_Used'],0,0,Valid,0.0,0.0,18.0,18.0,['Male'],4,0,3,4,3,Dry,Curve,Grade/Hillcrest,Lowest,No
34897,49,Utah,490030,0,2,2,0,3,MOAB,February,28,Tuesday,15,28,Urban,High Speed (Arterial),Yes,38.54755278,-109.52253056,Non-Intersection,Daylight,Clear,3:00pm-3:59pm,28,3:00pm-3:59pm,33,3:00pm-3:59pm,54,1,Daylight,Clear,1,2,['Driver'],['Shoulder_Lapbelt'],0,0,Valid,0.0,1.0,60.0,17.0,"['Female', 'Male']",0,0,3,4,5,Dry,Straight,Grade/Hillcrest,Lowest,No
34898,49,Utah,490031,2,2,1,1,2,MONA,March,12,Sunday,14,39,Urban,High Speed (Arterial),Yes,39.93228611,-111.81164722,Non-Intersection,Daylight,Rain,2:00pm-2:59pm,36,2:00pm-2:59pm,48,3:00pm-3:59pm,28,1,Daylight,Rain/Wind/Minor,1,1,['Front_Passenger'],['Shoulder_Lapbelt'],0,0,Valid,0.0,0.0,60.0,60.0,['Female'],2,0,2,4,5,Wet/Standing Water,Curve,Grade/Hillcrest,Lowest,No
34899,49,Utah,490032,0,1,1,0,4,GREEN RIVER,March,20,Monday,14,13,Rural,High Speed (Arterial),Yes,39.13046111,-110.33735556,Non-Intersection,Daylight,Sleet or Hail,2:00pm-2:59pm,26,3:00pm-3:59pm,13,4:00pm-4:59pm,56,1,Daylight,Snow/Ice/Severe,1,3,['Rear_Seat'],['Child_Safety'],0,0,Valid,0.0,0.0,36.0,36.0,['Female'],4,0,3,4,3,Icy/Snowy,Curve,Grade/Hillcrest,Lowest,No
34900,49,Utah,490033,0,2,2,0,5,MAGNA,March,25,Saturday,20,6,Rural,Medium Speed (Collector),No,40.74392222,-112.18121667,Non-Intersection,Dark - Not Lighted,Cloudy,8:00pm-8:59pm,8,8:00pm-8:59pm,23,8:00pm-8:59pm,52,2,Dark - Unlighted,Reduced Visibility,2,3,"['Driver', 'Rear_Seat']","['None_Used', 'None_Used']",1,1,Valid,0.0,4.0,35.0,25.0,"['Male', 'Male']",0,0,4,4,5,Dry,Straight,Grade/Hillcrest,Lowest,No
34901,49,Utah,490035,0,2,2,0,6,Other,March,29,Wednesday,15,23,Rural,High Speed (Arterial),Yes,41.95920833,-111.50593889,Non-Intersection,Daylight,Cloudy,3:00pm-3:59pm,22,3:00pm-3:59pm,34,4:00pm-4:59pm,36,3,Daylight,Reduced Visibility,3,3,"['Driver', 'Front_Passenger', 'Rear_Seat']","['Shoulder_Lapbelt', 'None_Used', 'None_Used']",1,2,Valid,0.0,3.0,29.0,21.0,"['Female', 'Male']",0,0,3,4,5,Dry,Curve,Grade/Hillcrest,Lowest,No
34902,49,Utah,490036,0,1,1,0,1,PROVO,March,15,Wednesday,2,23,Urban,High Speed (Arterial),Yes,40.23135,-111.68338889,Simple Junction,Dark - Not Lighted,Cloudy,2:00am-2:59am,25,2:00am-2:59am,30,Not Applicable (Not Transported),Not Applicable (Not Transported),1,Dark - Unlighted,Reduced Visibility,1,0,['Driver'],['None_Used'],1,1,Valid,0.0,0.0,42.0,42.0,['Female'],1,0,3,4,3,Wet/Standing Water,Curve,Grade/Hillcrest,Lowest,No
34903,49,Utah,490037,0,1,1,0,1,SPANISH FORK,March,17,Friday,17,35,Rural,High Speed (Arterial),Yes,40.00846111,-111.49166389,Non-Intersection,Daylight,Clear,5:00pm-5:59pm,32,5:00pm-5:59pm,43,Not Applicable (Not Transported),Not Applicable (Not Transported),1,Daylight,Clear,1,0,['Driver'],['Shoulder_Lapbelt'],0,0,Valid,0.0,0.0,40.0,40.0,['Male'],1,0,2,4,2,Dry,Straight,Grade/Hillcrest,Lowest,No
34904,49,Utah,490038,0,3,3,0,4,WENDOVER,February,18,Saturday,2,59,Rural,High Speed (Arterial),Yes,40.73736667,-113.75296111,Non-Intersection,Dark - Not Lighted,Clear,2:00am-2:59am,59,3:00am-3:59am,35,Not Applicable (Not Transported),Not Applicable (Not Transported),1,Dark - Unlighted,Clear,1,3,['Driver'],['Shoulder_Lapbelt'],0,0,Invalid,1.0,0.0,54.0,34.0,"['Female', 'Male', 'Female']",0,0,4,4,5,Dry,Straight,Level,Lowest,No
34905,49,Utah,490039,0,2,2,0,2,NEPHI,February,27,Monday,8,47,Rural,Medium Speed (Collector),No,39.6661,-112.03853333,Non-Intersection,Daylight,Cloudy,Unknown,Unknown if Notified,Unknown EMS Scene Arrival Hour,Unknown if Arrived,Not Applicable (Not Transported),Not Applicable (Not Transported),1,Daylight,Reduced Visibility,1,1,['Driver'],['Shoulder_Lapbelt'],0,0,Valid,0.0,0.0,36.0,35.0,"['Female', 'Male']",1,0,4,4,5,Icy/Snowy,Curve,Level,Lowest,No
34906,49,Utah,490040,0,2,2,0,2,LOGAN,April,18,Tuesday,12,17,Urban,High Speed (Arterial),Yes,41.77803611,-111.85515833,Non-Intersection,Daylight,Rain,12:00pm-12:59pm,20,12:00pm-12:59pm,26,Not Applicable (Not Transported),Not Applicable (Not Transported),1,Daylight,Rain/Wind/Minor,1,1,['Driver'],['None_Used'],0,0,Valid,0.0,0.0,60.0,21.0,"['Male', 'Male']",0,0,3,4,5,Wet/Standing Water,Straight,Level,Lowest,No
34907,49,Utah,490041,0,1,1,0,1,DRAPER,April,13,Thursday,5,48,Urban,High Speed (Arterial),Yes,40.54123056,-111.89371389,Non-Intersection,Dark - Lighted,Clear,5:00am-5:59am,51,5:00am-5:59am,59,Not Applicable (Not Transported),Not Applicable (Not Transported),1,Dark - Lighted,Clear,1,0,['Driver'],['None_Used'],0,0,Valid,0.0,0.0,20.0,20.0,['Male'],0,0,2,4,3,Dry,Straight,Level,Lowest,Yes
34908,49,Utah,490042,1,1,1,0,1,SANDY CITY,April,6,Thursday,14,33,Urban,High Speed (Arterial),Yes,40.572725,-111.77652778,Simple Junction,Daylight,Clear,2:00pm-2:59pm,36,2:00pm-2:59pm,42,3:00pm-3:59pm,3,1,Daylight,Clear,0,1,[],[],0,0,Valid,0.0,1.0,50.0,50.0,['Male'],0,0,3,2,4,Dry,Straight,Level,Lowest,No
34909,49,Utah,490044,0,1,1,0,1,HIGHLAND,April,12,Wednesday,9,2,Rural,Medium Speed (Collector),No,40.43761111,-111.72377778,Non-Intersection,Daylight,Cloudy,9:00am-9:59am,1,9:00am-9:59am,9,Not Applicable (Not Transported),Not Applicable (Not Transported),1,Daylight,Reduced Visibility,1,0,['Driver'],['Shoulder_Lapbelt'],0,0,Valid,0.0,0.0,56.0,56.0,['Male'],1,0,2,4,2,Dry,Curve,Grade/Hillcrest,Lowest,No
34910,49,Utah,490045,1,3,3,0,3,MURRAY,February,9,Thursday,5,53,Urban,High Speed (Arterial),Yes,40.67483333,-111.90750278,Non-Intersection,Dark - Unknown Lighting,Clear,5:00am-5:59am,56,5:00am-5:59am,59,Not Applicable (Not Transported),Not Applicable (Not Transported),1,Dark - Unlighted,Clear,0,3,[],[],0,0,Valid,0.0,0.0,48.0,33.0,"['Female', 'Male', 'Male']",0,0,3,2,4,Dry,Straight,Level,Lowest,No
34911,49,Utah,490046,0,2,2,0,5,KANAB,March,21,Tuesday,17,35,Rural,High Speed (Arterial),Yes,37.08814444,-112.15018889,Non-Intersection,Daylight,Snow,5:00pm-5:59pm,29,5:00pm-5:59pm,55,8:00pm-8:59pm,12,3,Daylight,Snow/Ice/Severe,3,2,"['Rear_Seat', 'Driver', 'Front_Passenger']","['None_Used', 'Shoulder_Lapbelt', 'None_Used']",0,0,Valid,0.0,0.0,58.0,46.0,"['Female', 'Female']",3,0,3,4,5,Icy/Snowy,Straight,Level,Lowest,No
34912,49,Utah,490047,1,1,1,0,3,WEST HAVEN,April,5,Wednesday,3,26,Urban,High Speed (Arterial),Yes,41.20895278,-112.0259,Non-Intersection,Dark - Not Lighted,Snow,3:00am-3:59am,26,3:00am-3:59am,35,3:00am-3:59am,57,1,Dark - Unlighted,Snow/Ice/Severe,0,3,[],[],0,0,Valid,0.0,0.0,40.0,40.0,['Male'],0,0,3,1,4,Icy/Snowy,Straight,Level,Lowest,No
34913,49,Utah,490048,1,1,1,0,2,Other,April,28,Friday,17,11,Rural,Low Speed (Local),No,40.06081111,-112.01966111,Non-Intersection,Daylight,Clear,5:00pm-5:59pm,14,5:00pm-5:59pm,37,Not Applicable (Not Transported),Not Applicable (Not Transported),1,Daylight,Clear,0,2,[],[],1,1,Valid,0.0,3.0,26.0,26.0,['Male'],2,0,3,3,4,Dry,Straight,Level,Lowest,No
34914,49,Utah,490049,0,2,2,0,2,OGDEN,May,5,Friday,11,52,Urban,Medium Speed (Collector),No,41.27715833,-111.95050556,Simple Junction,Daylight,Cloudy,11:00am-11:59am,53,12:00pm-12:59pm,2,Not Applicable (Not Transported),Not Applicable (Not Transported),1,Daylight,Reduced Visibility,1,1,['Driver'],['None_Used'],0,0,Valid,0.0,1.0,67.0,21.0,"['Female', 'Male']",0,0,5,4,5,Dry,Straight,Grade/Hillcrest,Lowest,No
34915,49,Utah,490051,0,2,2,0,3,MARRIOTT,March,26,Sunday,3,5,Urban,High Speed (Arterial),Yes,41.27268611,-112.0264,Non-Intersection,Dark - Not Lighted,Clear,3:00am-3:59am,4,3:00am-3:59am,15,3:00am-3:59am,51,1,Dark - Unlighted,Clear,1,2,['Driver'],['Shoulder_Lapbelt'],1,1,Invalid,0.0,0.0,45.0,18.0,"['Male', 'Male']",0,0,4,4,5,Dry,Straight,Level,Lowest,No
34916,49,Utah,490052,0,2,2,0,7,LAYTON,May,14,Sunday,18,56,Urban,Medium Speed (Collector),No,41.07464722,-112.00901667,Non-Intersection,Daylight,Clear,6:00pm-6:59pm,58,7:00pm-7:59pm,5,7:00pm-7:59pm,16,1,Daylight,Clear,1,6,['Rear_Seat'],['Shoulder_Lapbelt'],0,0,Valid,0.0,4.0,31.0,15.0,"['Female', 'Male']",0,0,3,4,5,Dry,Straight,Level,Lowest,No
34917,49,Utah,490053,0,1,1,0,2,COLUMBIA,April,28,Friday,14,25,Rural,Medium Speed (Collector),No,39.489875,-110.40445278,Non-Intersection,Daylight,Clear,2:00pm-2:59pm,28,2:00pm-2:59pm,42,Unknown,Unknown EMS Hospital Arrival Time,1,Daylight,Clear,1,1,['Rear_Seat'],['None_Used'],1,1,Valid,0.0,0.0,52.0,52.0,['Male'],0,0,5,4,3,Dry,Curve,Grade/Hillcrest,Lowest,No
34918,49,Utah,490054,0,1,1,0,1,DEWEYVILLE,April,9,Sunday,1,55,Rural,Medium Speed (Collector),No,41.71533611,-112.097475,Non-Intersection,Dark - Not Lighted,Clear,2:00am-2:59am,0,2:00am-2:59am,8,2:00am-2:59am,34,1,Dark - Unlighted,Clear,1,0,['Driver'],['Shoulder_Lapbelt'],1,1,Valid,0.0,4.0,32.0,32.0,['Female'],0,0,2,4,4,Dry,Straight,Level,Lowest,No
34919,49,Utah,490055,0,4,4,0,4,CHARLESTON,April,18,Tuesday,14,27,Rural,High Speed (Arterial),Yes,40.41232778,-111.47826389,Non-Intersection,Daylight,Cloudy,2:00pm-2:59pm,27,2:00pm-2:59pm,35,Not Applicable (Not Transported),Not Applicable (Not Transported),2,Daylight,Reduced Visibility,2,2,"['Driver', 'Driver']","['Shoulder_Lapbelt', 'Shoulder_Lapbelt']",0,0,Valid,0.0,2.0,46.0,21.0,"['Male', 'Male', 'Male', 'Female']",1,0,3,4,5,Dry,Curve,Grade/Hillcrest,Lowest,No
34920,49,Utah,490056,0,1,1,0,3,RICHFIELD,May,2,Tuesday,19,58,Rural,Low Speed (Local),No,38.77819167,-112.10589167,Non-Intersection,Daylight,Clear,8:00pm-8:59pm,0,8:00pm-8:59pm,6,8:00pm-8:59pm,40,1,Daylight,Clear,1,2,['Rear_Seat'],['None_Used'],1,1,Invalid,0.0,0.0,14.0,14.0,['Male'],3,0,2,3,3,Dry,Curve,Grade/Hillcrest,Lowest,No
34921,49,Utah,490057,0,4,1,3,2,SALT LAKE CITY,May,19,Friday,22,34,Urban,Medium Speed (Collector),No,40.75183333,-111.91048889,Non-Intersection,Dark - Not Lighted,Clear,10:00pm-10:59pm,25,10:00pm-10:59pm,39,Not Applicable (Not Transported),Not Applicable (Not Transported),1,Dark - Unlighted,Clear,1,1,['Front_Passenger'],['None_Used'],1,1,Invalid,0.0,2.0,41.0,41.0,['Male'],2,0,3,4,5,Dry,Straight,Level,Lowest,No
34922,49,Utah,490058,1,1,1,0,1,MIDVALE,April,11,Tuesday,7,37,Urban,High Speed (Arterial),Yes,40.62057778,-111.89687778,Complex/Circle,Daylight,Clear,7:00am-7:59am,37,7:00am-7:59am,41,7:00am-7:59am,54,1,Daylight,Clear,0,1,[],[],0,0,Valid,0.0,0.0,67.0,67.0,['Male'],0,0,1,3,4,Dry,Straight,Level,Lowest,No
34923,49,Utah,490059,0,2,2,0,2,WEST HAVEN,April,28,Friday,8,46,Urban,High Speed (Arterial),Yes,41.20981667,-112.02580556,Complex/Circle,Daylight,Clear,8:00am-8:59am,46,8:00am-8:59am,50,9:00am-9:59am,20,1,Daylight,Clear,1,1,['Driver'],['Shoulder_Lapbelt'],0,0,Valid,0.0,0.0,77.0,35.0,"['Male', 'Male']",0,0,3,4,5,Dry,Straight,Level,Lowest,No
34924,49,Utah,490060,0,5,5,0,6,WILLARD,March,27,Monday,12,2,Urban,High Speed (Arterial),Yes,41.35289444,-112.04148056,Non-Intersection,Daylight,Cloudy,12:00pm-12:59pm,5,12:00pm-12:59pm,19,12:00pm-12:59pm,31,3,Daylight,Reduced Visibility,3,3,"['Driver', 'Driver', 'Front_Passenger']","['Shoulder_Lapbelt', 'Shoulder_Lapbelt', 'Shoulder_Lapbelt']",0,0,Invalid,0.0,1.0,76.0,20.0,"['Male', 'Male', 'Male', 'Male', 'Male']",1,0,4,4,5,Wet/Standing Water,Straight,Grade/Hillcrest,Lowest,No
34925,49,Utah,490061,0,2,2,0,2,MONTICELLO,May,20,Saturday,13,52,Rural,High Speed (Arterial),Yes,37.99108611,-109.35308611,Non-Intersection,Daylight,Cloudy,1:00pm-1:59pm,54,2:00pm-2:59pm,4,Not Applicable (Not Transported),Not Applicable (Not Transported),1,Daylight,Reduced Visibility,1,1,['Driver'],['Shoulder_Lapbelt'],0,0,Valid,0.0,1.0,59.0,21.0,"['Male', 'Male']",0,0,4,4,5,Dry,Curve,Grade/Hillcrest,Lowest,No
34926,49,Utah,490062,0,2,2,0,2,SALT LAKE CITY,June,5,Monday,22,20,Urban,High Speed (Arterial),Yes,40.76896944,-112.02509722,Complex/Circle,Dark - Lighted,Clear,10:00pm-10:59pm,21,10:00pm-10:59pm,28,Not Applicable (Not Transported),Not Applicable (Not Transported),1,Dark - Lighted,Clear,1,1,['Driver'],['None_Used'],0,0,Valid,0.0,2.0,56.0,27.0,"['Male', 'Male']",0,0,5,4,5,Dry,Straight,Grade/Hillcrest,Medium,No
34927,49,Utah,490063,0,4,4,0,5,EAGLE MOUNTAIN,June,4,Sunday,12,31,Urban,High Speed (Arterial),Yes,40.36985833,-112.02735278,Non-Intersection,Daylight,Clear,12:00pm-12:59pm,32,12:00pm-12:59pm,40,1:00pm-1:59pm,17,2,Daylight,Clear,2,3,"['Driver', 'Front_Passenger']","['Shoulder_Lapbelt', 'Shoulder_Lapbelt']",0,0,Valid,0.0,3.0,48.0,30.0,"['Male', 'Male', 'Male', 'Male']",0,0,3,4,5,Dry,Straight,Level,Lowest,No
34928,49,Utah,490064,0,1,1,0,5,DUGWAY,April,12,Wednesday,11,24,Rural,High Speed (Arterial),Yes,40.74863333,-112.68048333,Non-Intersection,Daylight,Cloudy,11:00am-11:59am,26,11:00am-11:59am,57,12:00pm-12:59pm,58,1,Daylight,Reduced Visibility,1,4,['Rear_Seat'],['None_Used'],0,0,Valid,0.0,0.0,18.0,18.0,['Female'],0,0,2,4,3,Dry,Straight,Level,Lowest,No
34929,49,Utah,490065,0,2,2,0,2,ECHO,January,12,Thursday,17,58,Rural,Medium Speed (Collector),No,40.99136667,-111.45535833,Non-Intersection,Dusk,Clear,5:00pm-5:59pm,58,6:00pm-6:59pm,13,6:00pm-6:59pm,42,1,Twilight,Clear,1,1,['Driver'],['None_Used'],0,0,Valid,0.0,1.0,70.0,14.0,"['Male', 'Male']",0,0,5,4,5,Dry,Straight,Level,Lowest,No
34930,49,Utah,490066,0,1,1,0,1,WELLINGTON,May,8,Monday,10,20,Rural,Medium Speed (Collector),Yes,39.52320556,-110.74532222,Non-Intersection,Daylight,Clear,10:00am-10:59am,21,10:00am-10:59am,32,Not Applicable (Not Transported),Not Applicable (Not Transported),1,Daylight,Clear,1,0,['Driver'],['None_Used'],1,1,Valid,0.0,3.0,30.0,30.0,['Male'],0,0,4,4,3,Dry,Curve,Level,Lowest,No
34931,49,Utah,490067,0,2,2,0,2,AMERICAN FORK,May,12,Friday,17,48,Urban,High Speed (Arterial),Yes,40.37966667,-111.813325,Non-Intersection,Daylight,Clear,5:00pm-5:59pm,48,5:00pm-5:59pm,52,6:00pm-6:59pm,1,1,Daylight,Clear,1,1,['Driver'],['None_Used'],1,1,Valid,0.0,0.0,51.0,32.0,"['Male', 'Male']",0,0,5,4,5,Dry,Straight,Non-Trafficway,Lowest,No
34932,49,Utah,490068,1,1,1,0,1,SOUTH SALT LAKE,March,1,Wednesday,7,41,Urban,Medium Speed (Collector),No,40.68690556,-111.90504722,Non-Intersection,Daylight,Snow,7:00am-7:59am,38,7:00am-7:59am,42,7:00am-7:59am,55,1,Daylight,Snow/Ice/Severe,0,1,[],[],0,0,Valid,0.0,0.0,18.0,18.0,['Female'],0,0,2,2,4,Icy/Snowy,Straight,Grade/Hillcrest,Lowest,No