,State_Code,State_Name,Crash_ID,Count_Non_Motorists,Count_Vehicles_Total,Count_Vehicle_Forms,Count_PVH_Involved,Count_Occupants_MV,City_Name,Month_Name,Day_of_Month,Day_of_Week,Crash_Hour,Crash_Minute,Area_Rural_Urban,Road_Functional_Class,On_NHS_Road,Latitude,Longitude,Intersection_Type,Light_Condition,Weather_Condition,Notif_Hour,Notif_Minute,Arrival_Hour,Arrival_Minute,Hospital_Hour,Hospital_Minute,Fatalities_Count,Clean_Light_Condition,Clean_Weather_Condition,Total_Killed,Total_Alive,Fatal_Seats_List,Killed_Restraint_List,Any_Driver_Drinking,Total_Drinking_Drivers,Driver_License_Category,Driver_Max_Prev_Accident_Count,Driver_Max_Prev_Speeding_Count,Max_Driver_Age,Min_Driver_Age,Driver_Sex_List,Total_Exceeding_Limit_Vehicles,Total_Too_Fast_Vehicles,Max_Vehicle_Type_Severity_5,Max_Vehicle_Damage_Rank,Max_Harmful_Event_Severity,Crash_Road_Surface_Condition,Crash_Horizontal_Alignment,Crash_Vertical_Profile,Crash_Impairment_Category,Crash_Vehicle_Defect
34933,49,Utah,490069,0,1,1,0,3,LEHI,March,5,Sunday,19,29,Urban,High Speed (Arterial),Yes,40.39620278,-111.84470556,Simple Junction,Dark - Not Lighted,Snow,7:00pm-7:59pm,29,7:00pm-7:59pm,35,9:00pm-9:59pm,9,1,Dark - Unlighted,Snow/Ice/Severe,1,2,['Driver'],['Shoulder_Lapbelt'],0,0,Valid,0.0,0.0,63.0,63.0,['Female'],3,0,2,4,3,Wet/Standing Water,Straight,Level,Medium,No
34934,49,Utah,490070,0,2,2,0,2,WILLARD,March,31,Friday,11,47,Urban,High Speed (Arterial),Yes,41.37743333,-112.03294722,Non-Intersection,Daylight,Cloudy,11:00am-11:59am,47,12:00pm-12:59pm,3,12:00pm-12:59pm,37,1,Daylight,Reduced Visibility,1,1,['Driver'],['Shoulder_Lapbelt'],0,0,Valid,0.0,2.0,62.0,38.0,"['Male', 'Male']",0,0,3,4,5,Wet/Standing Water,Straight,Level,Lowest,No
34935,49,Utah,490071,0,2,2,0,3,SALT LAKE CITY,May,4,Thursday,10,8,Urban,High Speed (Arterial),Yes,40.75630278,-111.89958611,Complex/Circle,Daylight,Clear,10:00am-10:59am,9,10:00am-10:59am,14,10:00am-10:59am,43,1,Daylight,Clear,1,2,['Rear_Seat'],['None_Used'],0,0,Valid,0.0,1.0,61.0,27.0,"['Female', 'Male']",0,0,3,4,5,Dry,Straight,Level,Lowest,No
34936,49,Utah,490072,1,2,2,0,2,WEST VALLEY CITY,March,1,Wednesday,14,49,Urban,Medium Speed (Collector),No,40.70013611,-111.97706389,Simple Junction,Daylight,Clear,2:00pm-2:59pm,54,3:00pm-3:59pm,0,3:00pm-3:59pm,42,1,Daylight,Clear,0,2,[],[],0,0,Invalid,0.0,0.0,35.0,21.0,"['Male', 'Male']",0,0,3,4,5,Dry,Straight,Level,Lowest,No
34937,49,Utah,490073,1,1,1,0,1,SALT LAKE CITY,May,12,Friday,15,26,Urban,High Speed (Arterial),Yes,40.74420278,-111.93917222,Non-Intersection,Daylight,Clear,3:00pm-3:59pm,25,3:00pm-3:59pm,31,3:00pm-3:59pm,54,1,Daylight,Clear,0,1,[],[],0,0,Valid,0.0,1.0,27.0,27.0,['Male'],0,0,4,1,4,Dry,Straight,Non-Trafficway,Lowest,No
34938,49,Utah,490074,0,2,2,0,2,WEST HAVEN,May,23,Tuesday,15,42,Urban,High Speed (Arterial),Yes,41.23632222,-112.01391111,Non-Intersection,Daylight,Cloudy,3:00pm-3:59pm,42,3:00pm-3:59pm,51,4:00pm-4:59pm,15,1,Daylight,Reduced Visibility,1,1,['Driver'],['None_Used'],0,0,Valid,0.0,0.0,63.0,27.0,"['Male', 'Male']",0,0,5,3,5,Dry,Straight,Level,Lowest,No
34939,49,Utah,490075,0,3,3,0,4,ST. GEORGE,May,24,Wednesday,11,16,Urban,High Speed (Arterial),No,37.11890278,-113.54387778,Simple Junction,Daylight,Clear,11:00am-11:59am,17,11:00am-11:59am,27,11:00am-11:59am,52,1,Daylight,Clear,1,3,['Driver'],['Shoulder_Lapbelt'],0,0,Valid,0.0,2.0,78.0,23.0,"['Female', 'Male', 'Male']",0,0,4,4,5,Dry,Straight,Level,Lowest,No
34940,49,Utah,490076,0,2,2,0,2,WEST VALLEY CITY,January,25,Wednesday,16,10,Urban,High Speed (Arterial),Yes,40.72238889,-112.02903889,Simple Junction,Daylight,Cloudy,4:00pm-4:59pm,10,4:00pm-4:59pm,22,Not Applicable (Not Transported),Not Applicable (Not Transported),1,Daylight,Reduced Visibility,1,1,['Driver'],['None_Used'],0,0,Invalid,0.0,1.0,51.0,43.0,"['Male', 'Male']",1,0,4,4,5,Wet/Standing Water,Straight,Grade/Hillcrest,Lowest,No
34941,49,Utah,490077,0,2,2,0,2,RIVERSIDE,March,21,Tuesday,9,8,Rural,Medium Speed (Collector),No,41.78259444,-112.09227778,Non-Intersection,Daylight,Clear,9:00am-9:59am,7,9:00am-9:59am,10,Not Applicable (Not Transported),Not Applicable (Not Transported),1,Daylight,Clear,1,1,['Driver'],['None_Used'],0,0,Valid,0.0,0.0,28.0,22.0,"['Male', 'Male']",0,0,3,4,5,Dry,Curve,Grade/Hillcrest,Lowest,Yes
34942,49,Utah,490078,0,1,1,0,3,MEXICAN HAT,May,26,Friday,13,55,Rural,Medium Speed (Collector),No,37.15130278,-109.86698333,Non-Intersection,Daylight,Clear,2:00pm-2:59pm,0,2:00pm-2:59pm,27,4:00pm-4:59pm,9,1,Daylight,Clear,1,2,['Driver'],['None_Used'],0,0,Valid,0.0,1.0,49.0,49.0,['Male'],0,0,2,4,2,Dry,Curve,Level,Lowest,No
34943,49,Utah,490079,0,1,1,0,1,HELPER,June,11,Sunday,11,47,Rural,Medium Speed (Collector),No,39.76841389,-110.80517222,Non-Intersection,Daylight,Cloudy,11:00am-11:59am,54,12:00pm-12:59pm,13,Not Applicable (Not Transported),Not Applicable (Not Transported),1,Daylight,Reduced Visibility,1,0,['Driver'],['None_Used'],0,0,Valid,0.0,0.0,40.0,40.0,['Male'],1,0,5,4,2,Dry,Curve,Grade/Hillcrest,Lowest,No
34944,49,Utah,490080,0,2,2,0,2,HELPER,June,13,Tuesday,6,39,Rural,High Speed (Arterial),Yes,39.74638611,-110.88298889,Non-Intersection,Daylight,Clear,6:00am-6:59am,40,6:00am-6:59am,58,Not Applicable (Not Transported),Not Applicable (Not Transported),1,Daylight,Clear,1,1,['Driver'],['Shoulder_Lapbelt'],0,0,Valid,0.0,0.0,62.0,36.0,"['Male', 'Male']",0,0,4,4,5,Dry,Curve,Grade/Hillcrest,Lowest,No
34945,49,Utah,490081,0,1,1,0,1,KANAB,May,27,Saturday,23,40,Rural,High Speed (Arterial),Yes,37.12624444,-111.97680556,Non-Intersection,Dark - Not Lighted,Clear,0:00am-0:59am,12,Unknown EMS Scene Arrival Hour,Unknown EMS Scene Arrival Minutes,Not Applicable (Not Transported),Not Applicable (Not Transported),1,Dark - Unlighted,Clear,1,0,['Driver'],['None_Used'],0,0,Valid,0.0,0.0,51.0,51.0,['Male'],1,0,3,4,3,Dry,Curve,Level,Lowest,No
34946,49,Utah,490082,0,1,1,0,1,TABIONA,May,30,Tuesday,9,20,Rural,Low Speed (Local),No,40.37138889,-110.72418889,Non-Intersection,Daylight,Clear,9:00am-9:59am,21,9:00am-9:59am,51,Not Applicable (Not Transported),Not Applicable (Not Transported),1,Daylight,Clear,1,0,['Driver'],['None_Used'],0,0,Invalid,0.0,0.0,14.0,14.0,['Female'],0,0,5,2,3,Dry,Straight,Level,Lowest,No
34947,49,Utah,490083,0,2,2,0,2,SPANISH FORK,June,19,Monday,12,48,Urban,High Speed (Arterial),Yes,40.11928333,-111.63857778,Complex/Circle,Daylight,Clear,12:00pm-12:59pm,50,12:00pm-12:59pm,54,Unknown,Unknown EMS Hospital Arrival Time,1,Daylight,Clear,1,1,['Driver'],['None_Used'],0,0,Valid,0.0,0.0,82.0,29.0,"['Male', 'Male']",0,0,5,4,5,Dry,Curve,Level,Medium,No
34948,49,Utah,490084,0,2,2,0,3,TOOELE,June,19,Monday,0,58,Urban,High Speed (Arterial),Yes,40.55108889,-112.29811944,Complex/Circle,Dark - Lighted,Clear,0:00am-0:59am,58,1:00am-1:59am,5,2:00am-2:59am,15,1,Dark - Lighted,Clear,1,2,['Driver'],['None_Used'],1,1,Invalid,0.0,4.0,23.0,22.0,"['Male', 'Female']",2,0,5,4,5,Dry,Straight,Level,Lowest,Yes
34949,49,Utah,490085,0,2,2,0,2,ROY,May,31,Wednesday,4,25,Urban,High Speed (Arterial),Yes,41.17626944,-112.02608333,Complex/Circle,Dark - Lighted,Clear,4:00am-4:59am,26,4:00am-4:59am,29,4:00am-4:59am,45,1,Dark - Lighted,Clear,1,1,['Driver'],['None_Used'],0,0,Valid,0.0,1.0,30.0,26.0,"['Male', 'Male']",0,0,5,4,5,Dry,Straight,Level,Lowest,No
34950,49,Utah,490086,1,1,1,0,2,WASHINGTON,April,6,Thursday,21,45,Urban,High Speed (Arterial),No,37.12639444,-113.52635,Simple Junction,Dark - Lighted,Clear,9:00pm-9:59pm,46,9:00pm-9:59pm,52,Not Applicable (Not Transported),Not Applicable (Not Transported),1,Dark - Lighted,Clear,0,2,[],[],0,0,Invalid,0.0,7.0,20.0,20.0,['Male'],2,0,3,3,4,Dry,Straight,Level,Lowest,No
34951,49,Utah,490087,0,2,2,0,2,SPANISH FORK,May,15,Monday,14,59,Rural,High Speed (Arterial),Yes,39.996875,-111.40730833,Non-Intersection,Daylight,Cloudy,2:00pm-2:59pm,58,3:00pm-3:59pm,19,4:00pm-4:59pm,6,1,Daylight,Reduced Visibility,1,1,['Driver'],['Shoulder_Lapbelt'],0,0,Invalid,0.0,0.0,34.0,30.0,"['Male', 'Male']",0,0,3,4,5,Dry,Straight,Level,Lowest,No
34952,49,Utah,490088,0,3,3,0,4,SPANISH FORK,May,19,Friday,13,47,Rural,High Speed (Arterial),Yes,40.06022778,-111.56761944,Non-Intersection,Daylight,Clear,1:00pm-1:59pm,45,1:00pm-1:59pm,57,2:00pm-2:59pm,38,1,Daylight,Clear,1,3,['Driver'],['Shoulder_Lapbelt'],0,0,Valid,0.0,0.0,48.0,20.0,"['Male', 'Female', 'Male']",0,0,3,4,5,Dry,Curve,Level,Lowest,No
34953,49,Utah,490089,0,2,2,0,2,CEDAR CITY,June,24,Saturday,7,30,Urban,Medium Speed (Collector),No,37.61678056,-113.15085,Non-Intersection,Daylight,Clear,7:00am-7:59am,39,7:00am-7:59am,54,8:00am-8:59am,30,1,Daylight,Clear,1,1,['Driver'],['Shoulder_Lapbelt'],0,0,Valid,0.0,0.0,39.0,19.0,"['Male', 'Female']",0,0,3,4,5,Dry,Straight,Level,Lowest,No
34954,49,Utah,490090,0,4,4,0,6,SPANISH FORK,July,1,Saturday,11,10,Urban,High Speed (Arterial),Yes,40.11605,-111.63619167,Non-Intersection,Daylight,Clear,11:00am-11:59am,10,11:00am-11:59am,15,11:00am-11:59am,54,1,Daylight,Clear,1,5,['Driver'],['None_Used'],0,0,Valid,0.0,0.0,77.0,33.0,"['Male', 'Male', 'Female', 'Male']",0,0,5,4,5,Dry,Straight,Grade/Hillcrest,Lowest,No
34955,49,Utah,490091,0,1,1,0,3,KANARRAVILLE,June,25,Sunday,22,40,Rural,Low Speed (Local),No,37.56113611,-113.18866944,Non-Intersection,Dark - Not Lighted,Clear,11:00pm-11:59pm,4,11:00pm-11:59pm,35,Not Applicable (Not Transported),Not Applicable (Not Transported),1,Dark - Unlighted,Clear,1,2,['Front_Passenger'],['None_Used'],0,0,Invalid,0.0,0.0,15.0,15.0,['Male'],3,0,3,4,3,Dry,Curve,Level,Lowest,No
34956,49,Utah,490092,1,1,1,0,1,CENTERVILLE,July,1,Saturday,23,18,Urban,Medium Speed (Collector),No,40.91096667,-111.89082222,Non-Intersection,Dark - Not Lighted,Cloudy,11:00pm-11:59pm,18,11:00pm-11:59pm,23,Not Applicable (Not Transported),Not Applicable (Not Transported),1,Dark - Unlighted,Reduced Visibility,0,1,[],[],1,1,Valid,0.0,0.0,43.0,43.0,['Male'],0,0,3,2,4,Dry,Straight,Level,Lowest,No
34957,49,Utah,490093,0,2,2,0,3,SPANISH FORK,July,3,Monday,22,7,Urban,High Speed (Arterial),Yes,40.09226944,-111.59932222,Non-Intersection,Dark - Not Lighted,Clear,10:00pm-10:59pm,7,10:00pm-10:59pm,13,10:00pm-10:59pm,39,1,Dark - Unlighted,Clear,1,2,['Driver'],['Shoulder_Lapbelt'],1,1,Invalid,0.0,0.0,65.0,36.0,"['Male', 'Male']",0,0,4,4,5,Dry,Curve,Level,Lowest,Yes
34958,49,Utah,490094,0,1,1,0,1,KANAB,June,3,Saturday,1,44,Rural,Medium Speed (Collector),No,37.10250556,-112.68155833,Non-Intersection,Dark - Not Lighted,Clear,Unknown,Unknown if Notified,Unknown EMS Scene Arrival Hour,Unknown if Arrived,Not Applicable (Not Transported),Not Applicable (Not Transported),1,Dark - Unlighted,Clear,1,0,['Driver'],['None_Used'],0,0,Valid,0.0,0.0,18.0,18.0,['Female'],0,0,2,4,3,Dry,Curve,Level,Lowest,No
34959,49,Utah,490095,0,2,2,0,2,TAYLORSVILLE,June,28,Wednesday,13,2,Urban,High Speed (Arterial),Yes,40.6676,-111.95233889,Non-Intersection,Daylight,Cloudy,1:00pm-1:59pm,5,1:00pm-1:59pm,10,Not Applicable (Not Transported),Not Applicable (Not Transported),1,Daylight,Reduced Visibility,1,1,['Driver'],['None_Used'],0,0,Invalid,0.0,0.0,54.0,46.0,"['Male', 'Male']",0,0,4,4,5,Dry,Straight,Level,Lowest,Yes
34960,49,Utah,490096,0,2,2,0,6,PLEASANT VIEW,May,24,Wednesday,2,44,Urban,High Speed (Arterial),Yes,41.30999167,-112.02594722,Non-Intersection,Dark - Not Lighted,Cloudy,2:00am-2:59am,43,2:00am-2:59am,59,3:00am-3:59am,34,3,Dark - Unlighted,Reduced Visibility,3,3,"['Rear_Seat', 'Rear_Seat', 'Rear_Seat']","['None_Used', 'None_Used', 'None_Used']",0,0,Valid,0.0,1.0,56.0,19.0,"['Male', 'Male']",0,0,4,4,5,Dry,Straight,Grade/Hillcrest,Lowest,No
34961,49,Utah,490097,0,1,1,0,1,MOAB,July,1,Saturday,13,10,Rural,Medium Speed (Collector),No,38.56268056,-109.65868611,Non-Intersection,Daylight,Clear,1:00pm-1:59pm,10,1:00pm-1:59pm,26,Not Applicable (Not Transported),Not Applicable (Not Transported),1,Daylight,Clear,1,0,['Driver'],['Shoulder_Lapbelt'],1,1,Valid,0.0,0.0,32.0,32.0,['Female'],1,0,3,4,3,Dry,Curve,Level,Lowest,No
34962,49,Utah,490098,0,1,1,0,1,SIGURD,April,28,Friday,18,12,Rural,Medium Speed (Collector),No,38.80231944,-111.98339167,Non-Intersection,Daylight,Clear,6:00pm-6:59pm,13,6:00pm-6:59pm,24,6:00pm-6:59pm,44,1,Daylight,Clear,1,0,['Driver'],['None_Used'],0,0,Valid,0.0,0.0,58.0,58.0,['Male'],1,0,5,0,3,Dry,Curve,Level,Lowest,No
34963,49,Utah,490099,0,1,1,0,1,THOMPSON SPRINGS,March,19,Sunday,99,99,Rural,Low Speed (Local),No,39.28309167,-109.31698056,Non-Intersection,Not Reported,Not Reported,Not Applicable (Not Notified),Not Applicable (Not Notified),Not Applicable,Not Applicable,Not Applicable (Not Transported),Not Applicable (Not Transported),1,Dark - Unlighted,Clear,1,0,['Driver'],['Shoulder_Lapbelt'],1,1,Valid,0.0,0.0,70.0,70.0,['Female'],0,0,3,4,2,Dry,Curve,Level,Lowest,No
34964,49,Utah,490100,0,2,2,0,2,MAPLETON,July,20,Thursday,12,41,Urban,High Speed (Arterial),Yes,40.08239722,-111.58741111,Simple Junction,Daylight,Clear,12:00pm-12:59pm,38,12:00pm-12:59pm,48,1:00pm-1:59pm,11,1,Daylight,Clear,1,1,['Driver'],['None_Used'],0,0,Valid,0.0,0.0,61.0,52.0,"['Female', 'Female']",1,0,5,3,5,Dry,Curve,Level,Lowest,No
34965,49,Utah,490101,0,1,1,0,5,PARAGONAH,July,7,Friday,20,15,Rural,High Speed (Arterial),Yes,38.01966111,-112.71666667,Non-Intersection,Daylight,Clear,8:00pm-8:59pm,18,8:00pm-8:59pm,37,Unknown,Unknown EMS Hospital Arrival Time,2,Daylight,Clear,2,3,"['Rear_Seat', 'Rear_Seat']","['None_Used', 'None_Used']",0,0,Valid,0.0,2.0,22.0,22.0,['Male'],0,0,2,4,3,Dry,Straight,Level,Lowest,No
34966,49,Utah,490102,0,3,3,0,5,WASHINGTON,June,30,Friday,17,35,Urban,Low Speed (Local),No,37.127725,-113.50821389,Complex/Circle,Daylight,Clear,5:00pm-5:59pm,36,5:00pm-5:59pm,37,6:00pm-6:59pm,2,1,Daylight,Clear,1,4,['Rear_Seat'],['Shoulder_Lapbelt'],1,1,Valid,0.0,0.0,46.0,19.0,"['Male', 'Male', 'Female']",1,0,3,4,5,Dry,Straight,Grade/Hillcrest,Lowest,No
34967,49,Utah,490103,0,1,1,0,1,PARK CITY,June,19,Monday,0,5,Urban,High Speed (Arterial),Yes,40.68778611,-111.54393611,Complex/Circle,Dark - Lighted,Cloudy,0:00am-0:59am,5,0:00am-0:59am,12,0:00am-0:59am,42,1,Dark - Lighted,Reduced Visibility,1,0,['Driver'],['None_Used'],1,1,Valid,0.0,0.0,29.0,29.0,['Male'],0,0,3,4,3,Dry,Curve,Grade/Hillcrest,Lowest,No
34968,49,Utah,490104,0,2,2,0,2,SOUTH OGDEN,February,11,Saturday,18,38,Urban,High Speed (Arterial),Yes,41.177375,-111.97147778,Simple Junction,Dark - Lighted,Cloudy,6:00pm-6:59pm,38,6:00pm-6:59pm,45,Not Applicable (Not Transported),Not Applicable (Not Transported),1,Dark - Lighted,Reduced Visibility,1,1,['Driver'],['None_Used'],0,0,Valid,0.0,0.0,38.0,28.0,"['Male', 'Male']",1,0,5,4,5,Dry,Straight,Grade/Hillcrest,Lowest,No
34969,49,Utah,490105,0,1,1,0,1,SALT LAKE CITY,June,19,Monday,21,10,Rural,High Speed (Arterial),Yes,40.74000556,-111.67464722,Non-Intersection,Dark - Not Lighted,Cloudy,9:00pm-9:59pm,25,9:00pm-9:59pm,38,Not Applicable (Not Transported),Not Applicable (Not Transported),1,Dark - Unlighted,Reduced Visibility,1,0,['Driver'],['Shoulder_Lapbelt'],0,0,Valid,0.0,2.0,29.0,29.0,['Male'],1,0,4,4,3,Dry,Curve,Grade/Hillcrest,Lowest,Yes
34970,49,Utah,490106,0,1,1,0,1,PARK VALLEY,July,26,Wednesday,18,1,Rural,Medium Speed (Collector),No,41.54896667,-113.58733611,Non-Intersection,Daylight,Cloudy,6:00pm-6:59pm,4,6:00pm-6:59pm,56,Not Applicable (Not Transported),Not Applicable (Not Transported),1,Daylight,Reduced Visibility,1,0,['Driver'],['None_Used'],0,0,Valid,2.0,0.0,58.0,58.0,['Male'],0,0,4,4,3,Dry,Straight,Level,Lowest,No
34971,49,Utah,490107,0,3,3,0,6,SPANISH FORK,June,25,Sunday,15,4,Rural,High Speed (Arterial),Yes,40.02892222,-111.50545,Simple Junction,Daylight,Clear,3:00pm-3:59pm,5,3:00pm-3:59pm,15,3:00pm-3:59pm,38,2,Daylight,Clear,2,4,"['Driver', 'Front_Passenger']","['Shoulder_Lapbelt', 'Shoulder_Lapbelt']",0,0,Invalid,0.0,7.0,55.0,24.0,"['Male', 'Male', 'Female']",0,0,3,4,5,Dry,Straight,Grade/Hillcrest,Lowest,No
34972,49,Utah,490108,0,2,2,0,5,WEST VALLEY CITY,August,4,Friday,22,0,Urban,Medium Speed (Collector),No,40.70388611,-111.96748611,Complex/Circle,Dark - Not Lighted,Clear,10:00pm-10:59pm,2,10:00pm-10:59pm,9,10:00pm-10:59pm,18,1,Dark - Unlighted,Clear,1,4,['Front_Passenger'],['Shoulder_Lapbelt'],1,1,Invalid,0.0,0.0,29.0,24.0,"['Male', 'Male']",1,0,3,4,5,Dry,Straight,Level,Lowest,Yes
34973,49,Utah,490109,0,1,1,0,1,BRYCE CANYON,July,27,Thursday,17,23,Rural,Low Speed (Local),No,37.64481944,-112.22553889,Non-Intersection,Daylight,Clear,5:00pm-5:59pm,25,5:00pm-5:59pm,38,Not Applicable (Not Transported),Not Applicable (Not Transported),1,Daylight,Clear,1,0,['Driver'],['None_Used'],1,1,Valid,0.0,0.0,54.0,54.0,['Male'],1,0,5,4,3,Dry,Straight,Level,Lowest,No
34974,49,Utah,490110,0,1,1,0,2,MAYFIELD,July,17,Monday,10,15,Rural,Low Speed (Local),No,39.10628056,-111.489,Non-Intersection,Daylight,Clear,10:00am-10:59am,21,11:00am-11:59am,25,12:00pm-12:59pm,37,1,Daylight,Clear,1,1,['Driver'],['None_Used'],0,0,Valid,0.0,0.0,41.0,41.0,['Male'],2,0,5,3,3,Loose/Unpaved,Straight,Grade/Hillcrest,Lowest,No
34975,49,Utah,490111,0,1,1,0,1,SALT LAKE CITY,July,21,Friday,12,58,Urban,Medium Speed (Collector),No,40.78133611,-112.01185,Non-Intersection,Daylight,Clear,12:00pm-12:59pm,58,1:00pm-1:59pm,6,Not Applicable (Not Transported),Not Applicable (Not Transported),1,Daylight,Clear,1,0,['Driver'],['Shoulder_Lapbelt'],0,0,Invalid,0.0,1.0,74.0,74.0,['Male'],0,0,3,4,3,Dry,Straight,Level,Lowest,No
34976,49,Utah,490112,0,1,1,0,1,ROOSEVELT,August,3,Thursday,13,53,Urban,Low Speed (Local),No,40.31663056,-110.02351111,Non-Intersection,Daylight,Clear,1:00pm-1:59pm,53,Unknown EMS Scene Arrival Hour,Unknown if Arrived,Not Applicable (Not Transported),Not Applicable (Not Transported),1,Daylight,Clear,1,0,['Driver'],['None_Used'],1,1,Valid,0.0,1.0,38.0,38.0,['Male'],1,0,3,4,3,Dry,Curve,Grade/Hillcrest,Lowest,No
34977,49,Utah,490113,1,1,1,0,2,HARRISVILLE,July,27,Thursday,17,23,Urban,High Speed (Arterial),No,41.26961944,-111.97756944,Non-Intersection,Daylight,Cloudy,5:00pm-5:59pm,23,5:00pm-5:59pm,30,6:00pm-6:59pm,1,1,Daylight,Reduced Visibility,0,2,[],[],0,0,Valid,0.0,0.0,36.0,36.0,['Female'],0,0,2,4,4,Dry,Straight,Level,Lowest,No
34978,49,Utah,490114,1,2,1,1,1,WEST VALLEY CITY,May,25,Thursday,19,0,Urban,Low Speed (Local),No,40.70122778,-111.95982222,Non-Intersection,Daylight,Clear,7:00pm-7:59pm,12,7:00pm-7:59pm,16,7:00pm-7:59pm,34,1,Daylight,Clear,0,1,[],[],0,0,Invalid,0.0,0.0,15.0,15.0,['Male'],1,0,3,4,4,Dry,Curve,Level,Lowest,No
34979,49,Utah,490115,0,1,1,0,1,WEST HAVEN,July,1,Saturday,1,44,Urban,High Speed (Arterial),Yes,41.22392222,-112.01120556,Non-Intersection,Dark - Lighted,Clear,1:00am-1:59am,44,1:00am-1:59am,53,Not Applicable (Not Transported),Not Applicable (Not Transported),1,Dark - Lighted,Clear,1,0,['Driver'],['None_Used'],1,1,Valid,0.0,1.0,23.0,23.0,['Male'],0,0,5,4,3,Dry,Curve,Level,Lowest,No
34980,49,Utah,490116,0,1,1,0,1,SALT LAKE CITY,July,14,Friday,9,35,Urban,High Speed (Arterial),Yes,40.81845556,-111.91645,Non-Intersection,Daylight,Clear,9:00am-9:59am,38,9:00am-9:59am,44,Not Applicable (Not Transported),Not Applicable (Not Transported),1,Daylight,Clear,1,0,['Driver'],['Shoulder_Lapbelt'],0,0,Valid,0.0,3.0,25.0,25.0,['Male'],0,0,1,4,3,Dry,Curve,Level,Medium,No
34981,49,Utah,490117,0,2,2,0,2,MOUNTAIN GREEN,July,15,Saturday,19,11,Rural,High Speed (Arterial),Yes,41.14017778,-111.84317778,Non-Intersection,Daylight,Clear,7:00pm-7:59pm,11,7:00pm-7:59pm,25,Not Applicable (Not Transported),Not Applicable (Not Transported),1,Daylight,Clear,1,1,['Driver'],['None_Used'],1,1,Valid,0.0,0.0,39.0,19.0,"['Male', 'Male']",1,0,5,3,5,Dry,Curve,Level,Lowest,No
34982,49,Utah,490118,0,2,2,0,3,PRICE,July,12,Wednesday,21,50,Urban,High Speed (Arterial),Yes,39.60095833,-110.82296111,Complex/Circle,Dark - Lighted,Clear,9:00pm-9:59pm,55,9:00pm-9:59pm,58,Not Applicable (Not Transported),Not Applicable (Not Transported),1,Dark - Lighted,Clear,1,2,['Driver'],['None_Used'],1,1,Invalid,0.0,2.0,39.0,26.0,"['Male', 'Male']",0,0,4,4,5,Dry,Straight,Level,Lowest,No
34983,49,Utah,490119,0,4,4,0,7,ROY,August,18,Friday,20,17,Urban,Medium Speed (Collector),No,41.16154722,-112.06448056,Complex/Circle,Daylight,Clear,8:00pm-8:59pm,17,8:00pm-8:59pm,26,8:00pm-8:59pm,38,1,Daylight,Clear,1,6,['Driver'],['None_Used'],0,0,Valid,0.0,3.0,37.0,19.0,"['Male', 'Male', 'Male', 'Male']",0,0,5,4,5,Dry,Straight,Level,Lowest,No
34984,49,Utah,490120,0,2,2,0,2,CACHE JUNCTION,July,5,Wednesday,7,44,Rural,Medium Speed (Collector),No,41.81537778,-111.99665833,Simple Junction,Daylight,Clear,8:00am-8:59am,2,8:00am-8:59am,19,Not Applicable (Not Transported),Not Applicable (Not Transported),1,Daylight,Clear,1,1,['Driver'],['None_Used'],0,0,Valid,0.0,0.0,45.0,39.0,"['Male', 'Male']",0,0,5,4,5,Dry,Straight,Level,Lowest,No
34985,49,Utah,490121,0,1,1,0,1,EDEN,July,21,Friday,15,40,Rural,Medium Speed (Collector),No,41.24863056,-111.77588056,Simple Junction,Daylight,Clear,3:00pm-3:59pm,40,3:00pm-3:59pm,50,Not Applicable (Not Transported),Not Applicable (Not Transported),1,Daylight,Clear,1,0,['Driver'],['None_Used'],0,0,Invalid,0.0,0.0,31.0,31.0,['Male'],1,0,4,4,4,Dry,Curve,Grade/Hillcrest,Lowest,Yes
34986,49,Utah,490122,0,1,1,0,1,FARMINGTON,May,19,Friday,12,37,Urban,High Speed (Arterial),Yes,40.98985,-111.90226389,Non-Intersection,Daylight,Clear,12:00pm-12:59pm,38,12:00pm-12:59pm,44,Not Applicable (Not Transported),Not Applicable (Not Transported),1,Daylight,Clear,1,0,['Driver'],['Shoulder_Lapbelt'],0,0,Valid,0.0,0.0,68.0,68.0,['Female'],0,0,3,4,3,Dry,Straight,Grade/Hillcrest,Lowest,No
34987,49,Utah,490123,0,4,4,0,4,ST. GEORGE,August,15,Tuesday,8,4,Urban,High Speed (Arterial),Yes,37.12478889,-113.60477222,Non-Intersection,Daylight,Cloudy,8:00am-8:59am,4,8:00am-8:59am,10,8:00am-8:59am,51,1,Daylight,Reduced Visibility,1,3,['Driver'],['Shoulder_Lapbelt'],1,1,Valid,0.0,1.0,64.0,37.0,"['Male', 'Male', 'Female', 'Female']",1,0,3,4,5,Dry,Straight,Level,Lowest,No
34988,49,Utah,490124,1,1,1,0,1,HILL AF BASE,April,10,Monday,6,18,Urban,Low Speed (Local),No,41.11885556,-112.01066111,Non-Intersection,Dawn,Clear,6:00am-6:59am,18,6:00am-6:59am,24,7:00am-7:59am,23,1,Twilight,Clear,0,1,[],[],0,0,Valid,0.0,0.0,24.0,24.0,['Male'],0,0,2,2,4,Dry,Curve,Grade/Hillcrest,Lowest,No
34989,49,Utah,490125,0,3,3,0,3,Other,June,28,Wednesday,15,9,Urban,High Speed (Arterial),Yes,40.40963611,-111.92214167,Non-Intersection,Daylight,Cloudy,3:00pm-3:59pm,9,3:00pm-3:59pm,19,Unknown,Unknown EMS Hospital Arrival Time,1,Daylight,Reduced Visibility,1,2,['Driver'],['Shoulder_Lapbelt'],0,0,Valid,0.0,0.0,63.0,32.0,"['Male', 'Male', 'Female']",0,0,3,4,5,Dry,Straight,Level,Medium,No
34990,49,Utah,490126,0,1,1,0,1,TREMONTON,July,20,Thursday,21,45,Urban,High Speed (Arterial),Yes,41.70048333,-112.19263333,Non-Intersection,Dark - Not Lighted,Clear,9:00pm-9:59pm,46,9:00pm-9:59pm,53,Not Applicable (Not Transported),Not Applicable (Not Transported),1,Dark - Unlighted,Clear,1,0,['Driver'],['Shoulder_Lapbelt'],0,0,Valid,0.0,0.0,73.0,73.0,['Female'],0,0,3,4,3,Dry,Curve,Level,Lowest,No
34991,49,Utah,490128,0,2,2,0,2,CEDAR CITY,August,11,Friday,21,39,Urban,High Speed (Arterial),Yes,37.73005278,-113.05508611,Simple Junction,Dark - Lighted,Clear,9:00pm-9:59pm,42,9:00pm-9:59pm,45,10:00pm-10:59pm,7,1,Dark - Lighted,Clear,1,1,['Driver'],['Shoulder_Lapbelt'],0,0,Valid,0.0,0.0,77.0,27.0,"['Male', 'Male']",0,0,5,4,5,Dry,Straight,Grade/Hillcrest,Lowest,No