,State_Code,State_Name,Crash_ID,Count_Non_Motorists,Count_Vehicles_Total,Count_Vehicle_Forms,Count_PVH_Involved,Count_Occupants_MV,City_Name,Month_Name,Day_of_Month,Day_of_Week,Crash_Hour,Crash_Minute,Area_Rural_Urban,Road_Functional_Class,On_NHS_Road,Latitude,Longitude,Intersection_Type,Light_Condition,Weather_Condition,Notif_Hour,Notif_Minute,Arrival_Hour,Arrival_Minute,Hospital_Hour,Hospital_Minute,Fatalities_Count,Clean_Light_Condition,Clean_Weather_Condition,Total_Killed,Total_Alive,Fatal_Seats_List,Killed_Restraint_List,Any_Driver_Drinking,Total_Drinking_Drivers,Driver_License_Category,Driver_Max_Prev_Accident_Count,Driver_Max_Prev_Speeding_Count,Max_Driver_Age,Min_Driver_Age,Driver_Sex_List,Total_Exceeding_Limit_Vehicles,Total_Too_Fast_Vehicles,Max_Vehicle_Type_Severity_5,Max_Vehicle_Damage_Rank,Max_Harmful_Event_Severity,Crash_Road_Surface_Condition,Crash_Horizontal_Alignment,Crash_Vertical_Profile,Crash_Impairment_Category,Crash_Vehicle_Defect
34992,49,Utah,490129,0,2,2,0,3,SOUTH WEBER,July,3,Monday,15,20,Urban,Medium Speed (Collector),No,41.13871389,-111.96288333,Non-Intersection,Daylight,Clear,3:00pm-3:59pm,25,3:00pm-3:59pm,29,Not Applicable (Not Transported),Not Applicable (Not Transported),2,Daylight,Clear,2,1,"['Driver', 'Front_Passenger']","['None_Used', 'None_Used']",0,0,Valid,0.0,0.0,54.0,33.0,"['Male', 'Male']",2,0,5,4,5,Dry,Curve,Level,Lowest,No
34993,49,Utah,490130,1,3,3,0,4,SOUTH SALT LAKE,July,16,Sunday,0,35,Urban,High Speed (Arterial),Yes,40.69331667,-111.90300556,Non-Intersection,Dark - Not Lighted,Clear,0:00am-0:59am,36,0:00am-0:59am,43,Not Applicable (Not Transported),Not Applicable (Not Transported),1,Dark - Unlighted,Clear,0,4,[],[],0,0,Valid,0.0,0.0,29.0,20.0,"['Female', 'Female', 'Male']",0,0,3,2,4,Dry,Straight,Level,Lowest,No
34994,49,Utah,490131,0,2,1,1,2,WEST JORDAN,July,2,Sunday,1,41,Urban,Medium Speed (Collector),No,40.62398056,-112.01628056,Non-Intersection,Dark - Lighted,Clear,1:00am-1:59am,43,1:00am-1:59am,48,2:00am-2:59am,9,2,Dark - Lighted,Clear,2,0,"['Driver', 'Front_Passenger']","['None_Used', 'None_Used']",0,0,Invalid,0.0,0.0,16.0,16.0,['Male'],2,0,2,4,5,Dry,Straight,Level,Lowest,No
34995,49,Utah,490132,0,2,2,0,2,STANSBURY PARK,May,17,Wednesday,14,55,Urban,High Speed (Arterial),Yes,40.63023056,-112.29096389,Complex/Circle,Daylight,Clear,2:00pm-2:59pm,54,3:00pm-3:59pm,0,Not Applicable (Not Transported),Not Applicable (Not Transported),1,Daylight,Clear,1,1,['Driver'],['Shoulder_Lapbelt'],0,0,Valid,0.0,1.0,56.0,38.0,"['Male', 'Male']",0,0,4,4,5,Dry,Straight,Level,Lowest,No
34996,49,Utah,490133,0,1,1,0,3,SALT LAKE CITY,July,29,Saturday,23,9,Urban,Medium Speed (Collector),No,40.78990556,-111.90180833,Non-Intersection,Dark - Lighted,Clear,11:00pm-11:59pm,9,11:00pm-11:59pm,15,Not Applicable (Not Transported),Not Applicable (Not Transported),3,Dark - Lighted,Clear,3,0,"['Driver', 'Front_Passenger', 'Rear_Seat']","['Shoulder_Lapbelt', 'Shoulder_Lapbelt', 'Shoulder_Lapbelt']",0,0,Valid,0.0,0.0,46.0,46.0,['Male'],3,0,3,4,3,Dry,Curve,Level,Lowest,No
34997,49,Utah,490134,0,2,1,1,1,SOUTH SALT LAKE,August,10,Thursday,19,0,Urban,Low Speed (Local),No,40.71498056,-111.90701667,Non-Intersection,Daylight,Clear,7:00pm-7:59pm,0,7:00pm-7:59pm,6,Not Applicable (Not Transported),Not Applicable (Not Transported),1,Daylight,Clear,1,0,['Driver'],['None_Used'],0,0,Invalid,0.0,0.0,37.0,37.0,['Female'],0,0,2,4,5,Dry,Straight,Level,Lowest,No
34998,49,Utah,490135,0,2,2,0,3,MURRAY,June,4,Sunday,19,45,Urban,High Speed (Arterial),Yes,40.67433889,-111.88823333,Complex/Circle,Daylight,Clear,7:00pm-7:59pm,45,7:00pm-7:59pm,48,8:00pm-8:59pm,0,1,Daylight,Clear,1,2,['Driver'],['None_Used'],1,1,Valid,0.0,0.0,49.0,26.0,"['Male', 'Female']",0,0,5,4,5,Dry,Straight,Level,Lowest,No
34999,49,Utah,490136,0,1,1,0,1,SANDY CITY,August,26,Saturday,6,7,Urban,Medium Speed (Collector),No,40.55913056,-111.85317778,Non-Intersection,Dark - Lighted,Clear,6:00am-6:59am,8,6:00am-6:59am,12,Not Applicable (Not Transported),Not Applicable (Not Transported),1,Dark - Lighted,Clear,1,0,['Driver'],['None_Used'],0,0,Valid,0.0,0.0,20.0,20.0,['Male'],1,0,5,4,3,Dry,Straight,Level,Lowest,No
35000,49,Utah,490137,0,2,2,0,2,WALLSBURG,July,29,Saturday,18,30,Rural,High Speed (Arterial),Yes,40.41101389,-111.478275,Complex/Circle,Daylight,Clear,6:00pm-6:59pm,30,6:00pm-6:59pm,39,Not Applicable (Not Transported),Not Applicable (Not Transported),1,Daylight,Clear,1,1,['Driver'],['None_Used'],0,0,Valid,0.0,0.0,56.0,24.0,"['Male', 'Male']",1,0,5,4,5,Dry,Straight,Level,Lowest,No
35001,49,Utah,490138,0,2,2,0,3,MYTON,July,5,Wednesday,11,45,Rural,High Speed (Arterial),Yes,40.211425,-110.06724722,Complex/Circle,Daylight,Clear,11:00am-11:59am,46,11:00am-11:59am,58,1:00pm-1:59pm,51,1,Daylight,Clear,1,2,['Driver'],['Shoulder_Lapbelt'],0,0,Valid,0.0,2.0,60.0,36.0,"['Male', 'Male']",0,0,4,4,5,Dry,Straight,Level,Lowest,No
35002,49,Utah,490139,0,2,2,0,3,WEST VALLEY CITY,June,18,Sunday,19,3,Urban,Medium Speed (Collector),No,40.68207778,-111.99490833,Simple Junction,Daylight,Clear,7:00pm-7:59pm,2,7:00pm-7:59pm,8,Not Applicable (Not Transported),Not Applicable (Not Transported),1,Daylight,Clear,1,2,['Driver'],['None_Used'],1,1,Valid,0.0,2.0,36.0,23.0,"['Male', 'Male']",1,0,5,4,5,Dry,Straight,Level,Lowest,No
35003,49,Utah,490140,1,2,2,0,1,PARAGONAH,August,10,Thursday,5,21,Rural,High Speed (Arterial),Yes,37.97378056,-112.74180833,Non-Intersection,Dark - Not Lighted,Cloudy,5:00am-5:59am,24,5:00am-5:59am,46,Unknown,Unknown EMS Hospital Arrival Time,1,Dark - Unlighted,Reduced Visibility,0,1,[],[],0,0,Valid,0.0,0.0,28.0,28.0,['Male'],0,0,4,4,5,Dry,Straight,Level,Lowest,No
35004,49,Utah,490141,0,2,2,0,2,MONTICELLO,August,17,Thursday,16,30,Rural,High Speed (Arterial),Yes,38.17043056,-109.37888333,Non-Intersection,Daylight,Clear,4:00pm-4:59pm,36,4:00pm-4:59pm,47,Not Applicable (Not Transported),Not Applicable (Not Transported),1,Daylight,Clear,1,1,['Driver'],['Shoulder_Lapbelt'],0,0,Valid,0.0,1.0,56.0,20.0,"['Female', 'Male']",0,0,4,4,5,Dry,Straight,Level,Lowest,No
35005,49,Utah,490142,1,1,1,0,3,Other,September,2,Saturday,16,15,Urban,Medium Speed (Collector),No,40.27177778,-109.97298611,Non-Intersection,Daylight,Cloudy,4:00pm-4:59pm,15,4:00pm-4:59pm,28,4:00pm-4:59pm,46,1,Daylight,Reduced Visibility,0,3,[],[],1,1,Valid,0.0,1.0,34.0,34.0,['Female'],0,0,2,3,4,Dry,Straight,Grade/Hillcrest,Lowest,No
35006,49,Utah,490143,1,1,1,0,1,TREMONTON,September,5,Tuesday,5,10,Urban,Medium Speed (Collector),No,41.71111667,-112.18813889,Non-Intersection,Dark - Not Lighted,Clear,5:00am-5:59am,10,5:00am-5:59am,15,Not Applicable (Not Transported),Not Applicable (Not Transported),1,Dark - Unlighted,Clear,0,1,[],[],0,0,Valid,0.0,0.0,61.0,61.0,['Male'],0,0,4,1,4,Dry,Straight,Non-Trafficway,Lowest,No
35007,49,Utah,490144,0,1,1,0,1,DRAPER,September,12,Tuesday,1,20,Urban,Medium Speed (Collector),No,40.50029444,-111.89036667,Non-Intersection,Dark - Not Lighted,Clear,1:00am-1:59am,23,1:00am-1:59am,31,Not Applicable (Not Transported),Not Applicable (Not Transported),1,Dark - Unlighted,Clear,1,0,['Driver'],['None_Used'],0,0,Valid,0.0,1.0,18.0,18.0,['Female'],1,0,5,4,2,Dry,Curve,Level,Lowest,No
35008,49,Utah,490145,0,1,1,0,2,MANTI,September,2,Saturday,11,47,Rural,Low Speed (Local),No,39.21069167,-111.48638889,Non-Intersection,Daylight,Clear,12:00pm-12:59pm,4,12:00pm-12:59pm,47,2:00pm-2:59pm,20,1,Daylight,Clear,1,1,['Driver'],['None_Used'],0,0,Valid,0.0,2.0,52.0,52.0,['Male'],2,0,5,3,3,Loose/Unpaved,Straight,Level,Lowest,No
35009,49,Utah,490147,0,2,2,0,3,PERRY,September,13,Wednesday,15,20,Urban,High Speed (Arterial),Yes,41.46090833,-112.0367,Complex/Circle,Daylight,Cloudy,3:00pm-3:59pm,20,3:00pm-3:59pm,27,4:00pm-4:59pm,9,1,Daylight,Reduced Visibility,1,2,['Driver'],['None_Used'],0,0,Valid,0.0,0.0,67.0,38.0,"['Female', 'Male']",0,0,5,4,5,Dry,Straight,Level,Lowest,No
35010,49,Utah,490148,0,2,2,0,5,HEBER CITY,August,3,Thursday,19,25,Rural,High Speed (Arterial),Yes,40.55763333,-111.42561667,Complex/Circle,Daylight,Clear,7:00pm-7:59pm,25,7:00pm-7:59pm,32,8:00pm-8:59pm,20,2,Daylight,Clear,2,3,"['Driver', 'Rear_Seat']","['None_Used', 'None_Used']",0,0,Valid,0.0,0.0,68.0,60.0,"['Male', 'Male']",0,0,5,3,5,Dry,Straight,Level,Lowest,No
35011,49,Utah,490149,0,2,2,0,3,GRANTSVILLE,September,13,Wednesday,13,54,Rural,High Speed (Arterial),Yes,40.57897778,-112.39476389,Non-Intersection,Daylight,Clear,1:00pm-1:59pm,54,2:00pm-2:59pm,5,2:00pm-2:59pm,40,1,Daylight,Clear,1,2,['Non_Standard_Risk'],['Shoulder_Lapbelt'],0,0,Valid,0.0,0.0,76.0,75.0,"['Female', 'Male']",0,0,3,4,5,Dry,Straight,Level,Lowest,No
35012,49,Utah,490150,0,1,1,0,4,HURRICANE,September,12,Tuesday,5,25,Rural,Medium Speed (Collector),No,37.12068889,-113.18485556,Non-Intersection,Dark - Not Lighted,Cloudy,5:00am-5:59am,22,5:00am-5:59am,41,6:00am-6:59am,24,1,Dark - Unlighted,Reduced Visibility,1,3,['Rear_Seat'],['None_Used'],0,0,Valid,0.0,0.0,16.0,16.0,['Male'],0,0,3,4,3,Dry,Straight,Level,Lowest,No
35013,49,Utah,490151,0,2,2,0,2,LOGAN,August,1,Tuesday,13,42,Urban,High Speed (Arterial),Yes,41.73565,-111.86042222,Non-Intersection,Daylight,Clear,1:00pm-1:59pm,42,1:00pm-1:59pm,46,2:00pm-2:59pm,8,1,Daylight,Clear,1,1,['Driver'],['Shoulder_Lapbelt'],0,0,Valid,0.0,0.0,37.0,35.0,"['Male', 'Male']",0,0,3,4,5,Dry,Straight,Level,Lowest,No
35014,49,Utah,490152,1,1,1,0,1,TOOELE,September,17,Sunday,21,18,Urban,High Speed (Arterial),Yes,40.56023889,-112.35305,Non-Intersection,Dark - Not Lighted,Clear,9:00pm-9:59pm,18,9:00pm-9:59pm,27,Not Applicable (Not Transported),Not Applicable (Not Transported),1,Dark - Unlighted,Clear,0,1,[],[],0,0,Valid,0.0,0.0,25.0,25.0,['Female'],0,0,3,3,4,Dry,Curve,Grade/Hillcrest,Lowest,No
35015,49,Utah,490153,0,1,1,0,1,VERNAL,September,22,Friday,18,45,Urban,Medium Speed (Collector),No,40.45197778,-109.528325,Non-Intersection,Daylight,Clear,6:00pm-6:59pm,46,6:00pm-6:59pm,50,7:00pm-7:59pm,3,1,Daylight,Clear,1,0,['Driver'],['None_Used'],1,1,Invalid,0.0,0.0,39.0,39.0,['Male'],0,0,3,4,3,Dry,Straight,Level,Lowest,No
35016,49,Utah,490154,0,2,2,0,2,MURRAY,June,13,Tuesday,21,44,Urban,High Speed (Arterial),Yes,40.65245278,-111.88834167,Complex/Circle,Dark - Lighted,Clear,9:00pm-9:59pm,44,9:00pm-9:59pm,48,9:00pm-9:59pm,57,2,Dark - Lighted,Clear,2,0,"['Driver', 'Driver']","['None_Used', 'Shoulder_Lapbelt']",0,0,Valid,0.0,0.0,73.0,18.0,"['Male', 'Male']",0,0,3,4,5,Dry,Straight,Level,Lowest,No
35017,49,Utah,490155,0,1,1,0,1,BLANDING,September,5,Tuesday,17,52,Rural,Medium Speed (Collector),No,37.55846667,-109.56224444,Non-Intersection,Daylight,Clear,5:00pm-5:59pm,54,6:00pm-6:59pm,20,Not Applicable (Not Transported),Not Applicable (Not Transported),1,Daylight,Clear,1,0,['Driver'],['None_Used'],0,0,Valid,0.0,0.0,75.0,75.0,['Male'],0,0,5,2,3,Dry,Curve,Grade/Hillcrest,Lowest,No
35018,49,Utah,490156,0,3,3,0,4,ENOCH,September,5,Tuesday,21,42,Rural,Medium Speed (Collector),No,37.82839722,-113.050375,Non-Intersection,Dark - Not Lighted,Cloudy,9:00pm-9:59pm,43,9:00pm-9:59pm,53,Not Applicable (Not Transported),Not Applicable (Not Transported),2,Dark - Unlighted,Reduced Visibility,2,2,"['Driver', 'Front_Passenger']","['None_Used', 'None_Used']",1,1,Invalid,1.0,4.0,46.0,25.0,"['Male', 'Male', 'Male']",0,0,5,4,5,Dry,Straight,Level,Lowest,No
35019,49,Utah,490157,0,1,1,0,1,VERNAL,September,9,Saturday,9,32,Rural,High Speed (Arterial),Yes,40.40317222,-109.59120278,Non-Intersection,Daylight,Clear,9:00am-9:59am,34,9:00am-9:59am,41,9:00am-9:59am,50,1,Daylight,Clear,1,0,['Driver'],['None_Used'],0,0,Valid,0.0,0.0,51.0,51.0,['Male'],0,0,2,4,3,Dry,Curve,Grade/Hillcrest,Lowest,No
35020,49,Utah,490158,0,1,1,0,1,JENSEN,September,25,Monday,14,22,Rural,Medium Speed (Collector),No,40.35855556,-109.40344722,Non-Intersection,Daylight,Clear,2:00pm-2:59pm,21,2:00pm-2:59pm,34,Not Applicable (Not Transported),Not Applicable (Not Transported),1,Daylight,Clear,1,0,['Driver'],['None_Used'],0,0,Invalid,0.0,0.0,14.0,14.0,['Female'],0,0,5,4,3,Dry,Straight,Level,Lowest,No
35021,49,Utah,490159,1,1,1,0,1,MURRAY,September,29,Friday,21,47,Urban,High Speed (Arterial),Yes,40.63487222,-111.86586389,Non-Intersection,Dark - Not Lighted,Clear,9:00pm-9:59pm,47,9:00pm-9:59pm,50,Not Applicable (Not Transported),Not Applicable (Not Transported),1,Dark - Unlighted,Clear,0,1,[],[],0,0,Invalid,0.0,0.0,999.0,999.0,['Other'],0,0,1,0,4,Dry,Straight,Level,Lowest,No
35022,49,Utah,490160,0,2,2,0,2,MONTICELLO,September,14,Thursday,0,47,Rural,High Speed (Arterial),Yes,38.15611667,-109.37537222,Non-Intersection,Dark - Not Lighted,Cloudy,0:00am-0:59am,58,1:00am-1:59am,10,Not Applicable (Not Transported),Not Applicable (Not Transported),2,Dark - Unlighted,Reduced Visibility,2,0,"['Driver', 'Driver']","['Shoulder_Lapbelt', 'Shoulder_Lapbelt']",0,0,Valid,0.0,1.0,83.0,59.0,"['Female', 'Male']",0,0,2,4,5,Dry,Straight,Level,Lowest,No
35023,49,Utah,490161,0,2,2,0,9,HANKSVILLE,August,9,Wednesday,7,27,Rural,Medium Speed (Collector),No,38.36701944,-110.89200833,Non-Intersection,Daylight,Clear,7:00am-7:59am,29,7:00am-7:59am,48,9:00am-9:59am,39,1,Daylight,Clear,1,8,['Driver'],['None_Used'],0,0,Valid,0.0,0.0,61.0,25.0,"['Male', 'Male']",0,0,5,4,5,Dry,Curve,Grade/Hillcrest,Lowest,No
35024,49,Utah,490162,2,3,1,2,2,HOOPER,August,27,Sunday,0,40,Rural,Low Speed (Local),No,41.26804167,-112.20562222,Non-Intersection,Dark - Not Lighted,Cloudy,0:00am-0:59am,40,0:00am-0:59am,41,0:00am-0:59am,55,1,Dark - Unlighted,Reduced Visibility,1,1,['Driver'],['None_Used'],1,1,Valid,0.0,0.0,18.0,18.0,['Male'],2,0,5,3,5,Dry,Straight,Level,Lowest,No
35025,49,Utah,490163,0,2,2,0,3,SPANISH FORK,September,9,Saturday,11,19,Rural,High Speed (Arterial),Yes,39.96871389,-111.32613333,Non-Intersection,Daylight,Clear,11:00am-11:59am,17,11:00am-11:59am,37,12:00pm-12:59pm,25,1,Daylight,Clear,1,2,['Driver'],['None_Used'],0,0,Valid,0.0,1.0,46.0,38.0,"['Male', 'Male']",0,0,3,4,5,Dry,Straight,Level,Lowest,No
35026,49,Utah,490164,1,1,1,0,2,SOUTH SALT LAKE,September,7,Thursday,20,12,Urban,High Speed (Arterial),Yes,40.68713611,-111.88839167,Complex/Circle,Dark - Lighted,Clear,8:00pm-8:59pm,12,8:00pm-8:59pm,16,8:00pm-8:59pm,38,1,Dark - Lighted,Clear,0,2,[],[],0,0,Invalid,0.0,1.0,36.0,36.0,['Female'],0,0,3,4,4,Dry,Straight,Level,Lowest,No
35027,49,Utah,490165,0,1,1,0,1,MONTICELLO,September,15,Friday,4,42,Rural,High Speed (Arterial),Yes,37.99906944,-109.35371111,Non-Intersection,Dark - Not Lighted,Clear,10:00am-10:59am,40,10:00am-10:59am,50,Not Applicable (Not Transported),Not Applicable (Not Transported),1,Dark - Unlighted,Clear,1,0,['Driver'],['None_Used'],1,1,Valid,0.0,3.0,22.0,22.0,['Male'],1,0,3,4,3,Dry,Curve,Grade/Hillcrest,Lowest,No
35028,49,Utah,490166,1,1,1,0,1,MIDWAY,September,29,Friday,9,51,Rural,Medium Speed (Collector),No,40.57116944,-111.50091667,Non-Intersection,Daylight,Clear,9:00am-9:59am,51,10:00am-10:59am,2,Unknown,Unknown EMS Hospital Arrival Time,1,Daylight,Clear,0,1,[],[],0,0,Valid,0.0,0.0,54.0,54.0,['Male'],0,0,1,2,4,Dry,Curve,Grade/Hillcrest,Lowest,No
35029,49,Utah,490167,0,2,2,0,2,SANDY CITY,October,8,Sunday,1,1,Urban,Medium Speed (Collector),No,40.612825,-111.85606667,Complex/Circle,Dark - Lighted,Clear,1:00am-1:59am,1,1:00am-1:59am,4,Not Applicable (Not Transported),Not Applicable (Not Transported),1,Dark - Lighted,Clear,1,1,['Driver'],['None_Used'],1,2,Invalid,0.0,0.0,22.0,21.0,"['Male', 'Male']",0,0,5,4,5,Dry,Straight,Level,Lowest,No
35030,49,Utah,490168,0,3,3,0,4,WEST HAVEN,June,26,Monday,20,17,Urban,High Speed (Arterial),Yes,41.204725,-112.02973333,Simple Junction,Daylight,Clear,8:00pm-8:59pm,17,8:00pm-8:59pm,25,Not Applicable (Not Transported),Not Applicable (Not Transported),1,Daylight,Clear,1,3,['Driver'],['None_Used'],0,0,Valid,0.0,0.0,62.0,18.0,"['Male', 'Female', 'Male']",0,0,5,4,5,Dry,Curve,Grade/Hillcrest,Lowest,No
35031,49,Utah,490169,1,1,1,0,1,SALT LAKE CITY,July,9,Sunday,4,38,Urban,High Speed (Arterial),Yes,40.75275833,-111.93890833,Non-Intersection,Dark - Lighted,Clear,4:00am-4:59am,38,4:00am-4:59am,45,Not Applicable (Not Transported),Not Applicable (Not Transported),1,Dark - Lighted,Clear,0,1,[],[],0,0,Invalid,0.0,0.0,27.0,27.0,['Male'],0,0,1,0,4,Dry,Straight,Level,Lowest,No
35032,49,Utah,490170,0,3,3,0,4,SALT LAKE CITY,August,1,Tuesday,21,10,Urban,High Speed (Arterial),Yes,40.71984722,-111.85205,Non-Intersection,Dark - Unknown Lighting,Cloudy,9:00pm-9:59pm,11,9:00pm-9:59pm,18,Not Applicable (Not Transported),Not Applicable (Not Transported),1,Dark - Unlighted,Reduced Visibility,1,3,['Driver'],['Shoulder_Lapbelt'],0,0,Valid,0.0,0.0,62.0,27.0,"['Male', 'Male', 'Male']",1,0,4,4,5,Dry,Straight,Grade/Hillcrest,Lowest,Yes
35033,49,Utah,490171,0,1,1,0,1,PARAGONAH,August,4,Friday,19,26,Rural,High Speed (Arterial),Yes,37.90918056,-112.77731111,Non-Intersection,Daylight,Clear,7:00pm-7:59pm,26,7:00pm-7:59pm,31,Not Applicable (Not Transported),Not Applicable (Not Transported),1,Daylight,Clear,1,0,['Driver'],['Shoulder_Lapbelt'],0,0,Valid,0.0,1.0,22.0,22.0,['Male'],0,0,3,4,3,Dry,Straight,Level,Lowest,Yes
35034,49,Utah,490172,1,1,1,0,0,KEARNS,July,29,Saturday,14,59,Urban,Medium Speed (Collector),No,40.66003889,-111.98700833,Non-Intersection,Daylight,Clear,2:00pm-2:59pm,59,3:00pm-3:59pm,3,3:00pm-3:59pm,21,1,Daylight,Clear,0,0,[],[],0,0,Valid,0.0,0.0,49.0,34.0,Other,0,0,3,2,4,Dry,Straight,Level,Lowest,No
35035,49,Utah,490173,0,2,2,0,3,TAYLORSVILLE,September,29,Friday,15,38,Urban,High Speed (Arterial),Yes,40.66678333,-111.98144444,Complex/Circle,Daylight,Clear,3:00pm-3:59pm,42,3:00pm-3:59pm,52,4:00pm-4:59pm,26,1,Daylight,Clear,1,2,['Front_Passenger'],['Shoulder_Lapbelt'],0,0,Valid,0.0,1.0,77.0,21.0,"['Female', 'Male']",0,0,3,4,5,Dry,Straight,Level,Lowest,No
35036,49,Utah,490174,1,1,1,0,1,SALT LAKE CITY,October,13,Friday,20,28,Urban,High Speed (Arterial),Yes,40.76486111,-111.93903056,Non-Intersection,Dark - Lighted,Clear,8:00pm-8:59pm,29,8:00pm-8:59pm,35,Not Applicable (Not Transported),Not Applicable (Not Transported),1,Dark - Lighted,Clear,0,0,[],[],0,0,Invalid,0.0,0.0,25.0,25.0,['Male'],0,0,1,0,4,Dry,Straight,Grade/Hillcrest,Lowest,No
35037,49,Utah,490175,0,1,1,0,5,MOAB,October,14,Saturday,20,53,Rural,Low Speed (Local),No,38.78502222,-109.26510556,Non-Intersection,Dark - Not Lighted,Clear,8:00pm-8:59pm,55,9:00pm-9:59pm,31,11:00pm-11:59pm,46,1,Dark - Unlighted,Clear,1,4,['Front_Passenger'],['Shoulder_Lapbelt'],0,0,Valid,0.0,0.0,40.0,40.0,['Male'],5,0,5,4,3,Loose/Unpaved,Curve,Grade/Hillcrest,Lowest,No
35038,49,Utah,490176,0,1,1,0,1,ST. GEORGE,September,14,Thursday,5,6,Urban,High Speed (Arterial),Yes,37.117675,-113.5482,Non-Intersection,Dark - Not Lighted,Clear,5:00am-5:59am,12,5:00am-5:59am,17,5:00am-5:59am,46,1,Dark - Unlighted,Clear,1,0,['Driver'],['None_Used'],0,0,Valid,0.0,0.0,62.0,62.0,['Male'],0,0,2,4,3,Dry,Straight,Level,Lowest,No
35039,49,Utah,490177,0,3,3,0,8,ORDERVILLE,September,27,Wednesday,20,44,Rural,High Speed (Arterial),Yes,37.16471944,-112.59798611,Non-Intersection,Dusk,Clear,7:00pm-7:59pm,27,7:00pm-7:59pm,41,8:00pm-8:59pm,37,2,Twilight,Clear,2,6,"['Driver', 'Front_Passenger']","['Shoulder_Lapbelt', 'Shoulder_Lapbelt']",0,0,Valid,0.0,0.0,83.0,33.0,"['Male', 'Male', 'Male']",0,0,4,4,5,Dry,Straight,Grade/Hillcrest,Lowest,No
35040,49,Utah,490178,1,1,1,0,1,Other,September,12,Tuesday,11,41,Urban,Medium Speed (Collector),No,40.29006667,-111.87786389,Non-Intersection,Daylight,Clear,11:00am-11:59am,41,11:00am-11:59am,46,Not Applicable (Not Transported),Not Applicable (Not Transported),1,Daylight,Clear,0,1,[],[],0,0,Valid,0.0,2.0,45.0,45.0,['Male'],0,0,4,3,4,Dry,Straight,Level,Lowest,No
35041,49,Utah,490179,0,2,2,0,2,PARK CITY,October,22,Sunday,11,54,Urban,Medium Speed (Collector),No,40.72774444,-111.54244167,Simple Junction,Daylight,Clear,11:00am-11:59am,54,12:00pm-12:59pm,0,Unknown,Unknown EMS Hospital Arrival Time,1,Daylight,Clear,1,1,['Driver'],['None_Used'],1,1,Valid,0.0,3.0,42.0,25.0,"['Male', 'Female']",1,0,3,4,5,Dry,Straight,Grade/Hillcrest,Lowest,No
35042,49,Utah,490180,0,1,1,0,1,PAROWAN,September,27,Wednesday,7,46,Rural,High Speed (Arterial),Yes,37.854725,-112.83387778,Non-Intersection,Daylight,Clear,8:00am-8:59am,1,8:00am-8:59am,14,9:00am-9:59am,40,1,Daylight,Clear,1,0,['Driver'],['Shoulder_Lapbelt'],0,0,Valid,0.0,0.0,60.0,60.0,['Male'],0,0,4,2,2,Dry,Curve,Level,Lowest,No
35043,49,Utah,490181,0,2,2,0,2,MILFORD,August,13,Sunday,17,7,Urban,Medium Speed (Collector),No,40.839725,-111.88358056,Simple Junction,Daylight,Clear,5:00pm-5:59pm,7,5:00pm-5:59pm,13,5:00pm-5:59pm,37,1,Daylight,Clear,1,1,['Driver'],['None_Used'],0,0,Valid,0.0,4.0,87.0,63.0,"['Male', 'Female']",0,0,5,4,5,Dry,Straight,Level,Lowest,No
35044,49,Utah,490182,0,1,1,0,1,RANDLETT,August,19,Saturday,20,8,Rural,Medium Speed (Collector),No,40.22912222,-109.75024167,Non-Intersection,Dusk,Cloudy,8:00pm-8:59pm,6,8:00pm-8:59pm,30,9:00pm-9:59pm,2,1,Twilight,Reduced Visibility,1,0,['Driver'],['None_Used'],1,1,Invalid,0.0,0.0,52.0,52.0,['Male'],1,0,3,4,3,Dry,Curve,Level,Lowest,No
35045,49,Utah,490183,1,1,1,0,1,SALT LAKE CITY,October,25,Wednesday,19,48,Urban,High Speed (Arterial),Yes,40.75426389,-111.88818333,Complex/Circle,Dark - Lighted,Clear,7:00pm-7:59pm,48,7:00pm-7:59pm,52,8:00pm-8:59pm,10,1,Dark - Lighted,Clear,0,1,[],[],0,0,Invalid,0.0,0.0,999.0,999.0,['Other'],0,0,1,3,4,Dry,Straight,Level,Lowest,No
35046,49,Utah,490184,0,2,2,0,3,HANKSVILLE,October,19,Thursday,6,33,Rural,Medium Speed (Collector),No,38.408125,-110.69353056,Non-Intersection,Dawn,Clear,6:00am-6:59am,33,6:00am-6:59am,51,Unknown,Unknown EMS Hospital Arrival Time,1,Twilight,Clear,1,2,['Driver'],['Shoulder_Lapbelt'],0,0,Valid,0.0,1.0,60.0,55.0,"['Male', 'Male']",0,0,3,4,5,Dry,Curve,Grade/Hillcrest,Lowest,No
35047,49,Utah,490185,0,2,2,0,4,LINDON,September,11,Monday,8,8,Urban,High Speed (Arterial),Yes,40.34075556,-111.75405833,Non-Intersection,Daylight,Clear,8:00am-8:59am,9,8:00am-8:59am,21,8:00am-8:59am,41,1,Daylight,Clear,1,3,['Driver'],['None_Used'],0,0,Valid,0.0,2.0,66.0,21.0,"['Male', 'Female']",3,0,3,4,5,Dry,Straight,Level,Lowest,No
35048,49,Utah,490186,0,1,1,0,1,MORGAN,September,24,Sunday,12,14,Rural,Medium Speed (Collector),No,40.92458611,-111.59474444,Non-Intersection,Daylight,Clear,12:00pm-12:59pm,13,12:00pm-12:59pm,34,Not Applicable (Not Transported),Not Applicable (Not Transported),1,Daylight,Clear,1,0,['Driver'],['None_Used'],0,0,Valid,0.0,3.0,26.0,26.0,['Male'],1,0,5,4,2,Dry,Curve,Level,Lowest,No
35050,49,Utah,490188,0,2,2,0,5,DUCHESNE,October,1,Sunday,7,14,Rural,High Speed (Arterial),Yes,40.16850833,-110.29845833,Non-Intersection,Dark - Not Lighted,Rain,7:00am-7:59am,14,7:00am-7:59am,25,8:00am-8:59am,13,2,Dark - Unlighted,Rain/Wind/Minor,2,3,"['Driver', 'Rear_Seat']","['Shoulder_Lapbelt', 'Shoulder_Lapbelt']",0,0,Invalid,0.0,3.0,22.0,22.0,"['Male', 'Male']",4,0,3,4,5,Wet/Standing Water,Straight,Level,Lowest,No