,State_Code,State_Name,Crash_ID,Count_Non_Motorists,Count_Vehicles_Total,Count_Vehicle_Forms,Count_PVH_Involved,Count_Occupants_MV,City_Name,Month_Name,Day_of_Month,Day_of_Week,Crash_Hour,Crash_Minute,Area_Rural_Urban,Road_Functional_Class,On_NHS_Road,Latitude,Longitude,Intersection_Type,Light_Condition,Weather_Condition,Notif_Hour,Notif_Minute,Arrival_Hour,Arrival_Minute,Hospital_Hour,Hospital_Minute,Fatalities_Count,Clean_Light_Condition,Clean_Weather_Condition,Total_Killed,Total_Alive,Fatal_Seats_List,Killed_Restraint_List,Any_Driver_Drinking,Total_Drinking_Drivers,Driver_License_Category,Driver_Max_Prev_Accident_Count,Driver_Max_Prev_Speeding_Count,Max_Driver_Age,Min_Driver_Age,Driver_Sex_List,Total_Exceeding_Limit_Vehicles,Total_Too_Fast_Vehicles,Max_Vehicle_Type_Severity_5,Max_Vehicle_Damage_Rank,Max_Harmful_Event_Severity,Crash_Road_Surface_Condition,Crash_Horizontal_Alignment,Crash_Vertical_Profile,Crash_Impairment_Category,Crash_Vehicle_Defect
35051,49,Utah,490189,0,2,2,0,5,WELLSVILLE,September,23,Saturday,20,10,Urban,High Speed (Arterial),Yes,41.61604722,-111.93351389,Complex/Circle,Dark - Lighted,Clear,7:00pm-7:59pm,9,7:00pm-7:59pm,18,7:00pm-7:59pm,50,1,Dark - Lighted,Clear,1,4,['Front_Passenger'],['None_Used'],0,0,Valid,0.0,0.0,31.0,16.0,"['Male', 'Male']",0,0,3,4,5,Dry,Straight,Grade/Hillcrest,Lowest,No
35052,49,Utah,490190,0,1,1,0,1,PRICE,October,15,Sunday,16,10,Urban,Low Speed (Local),No,39.58947778,-110.79540833,Non-Intersection,Daylight,Clear,4:00pm-4:59pm,10,4:00pm-4:59pm,15,Not Applicable (Not Transported),Not Applicable (Not Transported),1,Daylight,Clear,1,0,['Driver'],['None_Used'],0,0,Invalid,0.0,1.0,73.0,73.0,['Male'],0,0,3,4,4,Dry,Curve,Level,Lowest,No
35053,49,Utah,490191,1,1,1,0,1,COTTONWOOD,October,19,Thursday,19,11,Urban,Medium Speed (Collector),No,40.62396667,-111.82808056,Non-Intersection,Dark - Lighted,Clear,7:00pm-7:59pm,11,7:00pm-7:59pm,14,Not Applicable (Not Transported),Not Applicable (Not Transported),1,Dark - Lighted,Clear,0,1,[],[],0,0,Valid,0.0,4.0,39.0,39.0,['Male'],0,0,2,4,4,Dry,Straight,Grade/Hillcrest,Lowest,No
35054,49,Utah,490192,1,1,1,0,1,PROVO,October,27,Friday,4,15,Urban,High Speed (Arterial),Yes,40.23398056,-111.66738611,Complex/Circle,Dark - Not Lighted,Clear,4:00am-4:59am,27,4:00am-4:59am,34,Not Applicable (Not Transported),Not Applicable (Not Transported),1,Dark - Unlighted,Clear,0,1,[],[],0,0,Valid,0.0,0.0,53.0,53.0,['Male'],0,0,3,3,4,Dry,Straight,Level,Lowest,No
35055,49,Utah,490193,0,2,2,0,4,ERDA,August,12,Saturday,17,58,Urban,Medium Speed (Collector),Yes,40.601075,-112.37065833,Complex/Circle,Daylight,Clear,5:00pm-5:59pm,58,6:00pm-6:59pm,7,6:00pm-6:59pm,55,1,Daylight,Clear,1,3,['Driver'],['None_Used'],0,0,Valid,0.0,2.0,52.0,22.0,"['Male', 'Male']",2,0,3,4,5,Dry,Straight,Level,Lowest,No
35056,49,Utah,490194,0,1,1,0,1,WENDOVER,September,21,Thursday,22,5,Rural,High Speed (Arterial),Yes,40.72754167,-113.33428611,Non-Intersection,Dark - Not Lighted,Cloudy,10:00pm-10:59pm,11,Unknown EMS Scene Arrival Hour,Officially Cancelled,Unknown,Officially Canceled,1,Dark - Unlighted,Reduced Visibility,1,0,['Driver'],['Shoulder_Lapbelt'],0,0,Valid,0.0,0.0,73.0,73.0,['Male'],1,0,3,4,3,Dry,Straight,Level,Lowest,No
35057,49,Utah,490195,0,1,1,0,1,ALTA,November,6,Monday,99,99,Rural,Medium Speed (Collector),No,40.57274167,-111.70016389,Non-Intersection,Dark - Not Lighted,Reported as Unknown,9:00am-9:59am,37,9:00am-9:59am,49,Not Applicable (Not Transported),Not Applicable (Not Transported),1,Dark - Unlighted,Clear,1,0,['Driver'],['None_Used'],0,0,Valid,0.0,2.0,31.0,31.0,['Female'],1,0,3,4,2,Dry,Straight,Grade/Hillcrest,Lowest,No
35058,49,Utah,490196,0,1,1,0,4,GREEN RIVER,October,1,Sunday,3,48,Rural,High Speed (Arterial),Yes,38.89753611,-110.59818056,Non-Intersection,Dark - Not Lighted,Rain,3:00am-3:59am,47,4:00am-4:59am,23,Unknown,Unknown EMS Hospital Arrival Time,1,Dark - Unlighted,Rain/Wind/Minor,1,3,['Front_Passenger'],['None_Used'],0,0,Valid,0.0,0.0,45.0,45.0,['Male'],4,0,3,4,3,Wet/Standing Water,Curve,Level,Lowest,No
35059,49,Utah,490197,0,1,1,0,1,Other,September,22,Friday,22,57,Urban,Medium Speed (Collector),No,40.298225,-111.88355556,Non-Intersection,Dark - Unknown Lighting,Clear,10:00pm-10:59pm,58,11:00pm-11:59pm,1,11:00pm-11:59pm,32,1,Dark - Unlighted,Clear,1,0,['Driver'],['None_Used'],1,1,Valid,0.0,0.0,44.0,44.0,['Male'],0,0,2,4,3,Dry,Straight,Level,Medium,No
35060,49,Utah,490198,0,1,1,0,2,TAYLORSVILLE,November,9,Thursday,9,40,Urban,High Speed (Arterial),Yes,40.65735278,-111.98216667,Non-Intersection,Daylight,Clear,9:00am-9:59am,43,9:00am-9:59am,44,10:00am-10:59am,12,2,Daylight,Clear,2,0,"['Driver', 'Front_Passenger']","['Lapbelt_Only', 'Shoulder_Lapbelt']",0,0,Valid,0.0,0.0,82.0,82.0,['Male'],0,0,2,4,3,Dry,Straight,Level,Lowest,No
35061,49,Utah,490199,0,2,2,0,3,OGDEN,November,6,Monday,14,45,Urban,Medium Speed (Collector),No,41.22906111,-111.97593611,Complex/Circle,Daylight,Cloudy,2:00pm-2:59pm,45,2:00pm-2:59pm,47,3:00pm-3:59pm,3,1,Daylight,Reduced Visibility,1,2,['Driver'],['None_Used'],0,0,Valid,0.0,2.0,64.0,23.0,"['Male', 'Male']",0,0,5,4,5,Dry,Straight,Level,Lowest,No
35062,49,Utah,490200,0,2,2,0,2,WEST JORDAN,July,21,Friday,8,2,Urban,Medium Speed (Collector),No,40.61487222,-111.98299167,Complex/Circle,Daylight,Clear,8:00am-8:59am,2,8:00am-8:59am,4,8:00am-8:59am,23,1,Daylight,Clear,1,1,['Driver'],['None_Used'],0,0,Valid,0.0,0.0,26.0,19.0,"['Male', 'Male']",1,0,5,4,5,Dry,Straight,Level,Lowest,No
35063,49,Utah,490201,0,2,2,0,5,NEPHI,October,29,Sunday,12,22,Urban,High Speed (Arterial),Yes,39.74165278,-111.83000833,Non-Intersection,Daylight,Clear,12:00pm-12:59pm,28,12:00pm-12:59pm,40,12:00pm-12:59pm,56,1,Daylight,Clear,1,4,['Front_Passenger'],['Shoulder_Lapbelt'],0,0,Valid,0.0,0.0,68.0,37.0,"['Male', 'Female']",1,0,3,4,5,Dry,Straight,Grade/Hillcrest,Lowest,No
35064,49,Utah,490202,0,3,3,0,3,SALT LAKE CITY,November,9,Thursday,11,4,Urban,High Speed (Arterial),Yes,40.73063889,-111.98710278,Complex/Circle,Daylight,Clear,11:00am-11:59am,7,11:00am-11:59am,17,11:00am-11:59am,42,1,Daylight,Clear,1,2,['Driver'],['Shoulder_Lapbelt'],0,0,Valid,0.0,2.0,68.0,35.0,"['Female', 'Male', 'Male']",0,0,2,4,5,Dry,Straight,Level,Lowest,No
35065,49,Utah,490203,0,2,2,0,4,Other,November,18,Saturday,14,28,Urban,Medium Speed (Collector),No,40.36202778,-111.94405,Non-Intersection,Daylight,Clear,2:00pm-2:59pm,30,2:00pm-2:59pm,40,Unknown,Unknown EMS Hospital Arrival Time,1,Daylight,Clear,1,3,['Driver'],['Shoulder_Lapbelt'],0,0,Valid,0.0,0.0,70.0,55.0,"['Female', 'Female']",0,0,3,4,5,Dry,Straight,Grade/Hillcrest,Lowest,No
35066,49,Utah,490204,0,2,2,0,2,WALLSBURG,October,1,Sunday,12,4,Rural,High Speed (Arterial),Yes,40.40779444,-111.48466389,Non-Intersection,Daylight,Clear,12:00pm-12:59pm,3,12:00pm-12:59pm,16,1:00pm-1:59pm,12,1,Daylight,Clear,1,1,['Driver'],['Shoulder_Lapbelt'],0,0,Valid,0.0,0.0,77.0,62.0,"['Male', 'Male']",0,0,4,4,5,Dry,Straight,Level,Lowest,No
35067,49,Utah,490205,0,2,2,0,2,SPANISH FORK,October,26,Thursday,9,5,Rural,High Speed (Arterial),Yes,40.01981111,-111.49690278,Non-Intersection,Daylight,Snow,9:00am-9:59am,6,9:00am-9:59am,18,10:00am-10:59am,7,1,Daylight,Snow/Ice/Severe,1,1,['Driver'],['Shoulder_Lapbelt'],0,0,Valid,0.0,0.0,62.0,25.0,"['Female', 'Male']",1,0,3,4,5,Wet/Standing Water,Curve,Grade/Hillcrest,Lowest,No
35068,49,Utah,490206,1,1,1,0,1,SOUTH OGDEN,August,22,Tuesday,19,34,Urban,Low Speed (Local),No,41.15002222,-111.93025833,Non-Intersection,Dusk,Clear,7:00pm-7:59pm,34,7:00pm-7:59pm,39,8:00pm-8:59pm,2,1,Twilight,Clear,0,1,[],[],0,0,Valid,0.0,1.0,16.0,16.0,['Male'],0,0,3,3,4,Dry,Curve,Level,Lowest,No
35069,49,Utah,490207,0,1,1,0,1,HENEFER,October,10,Tuesday,12,2,Rural,High Speed (Arterial),Yes,40.99552222,-111.46356111,Non-Intersection,Daylight,Clear,12:00pm-12:59pm,4,12:00pm-12:59pm,15,Not Applicable (Not Transported),Not Applicable (Not Transported),1,Daylight,Clear,1,0,['Driver'],['Shoulder_Lapbelt'],0,0,Valid,0.0,0.0,57.0,57.0,['Male'],0,0,4,4,3,Dry,Curve,Level,Lowest,No
35070,49,Utah,490208,0,2,2,0,2,ELWOOD,November,4,Saturday,18,46,Urban,Medium Speed (Collector),No,41.68485833,-112.14137778,Non-Intersection,Dark - Not Lighted,Clear,6:00pm-6:59pm,46,6:00pm-6:59pm,54,7:00pm-7:59pm,4,1,Dark - Unlighted,Clear,1,1,['Driver'],['Shoulder_Lapbelt'],0,0,Valid,0.0,0.0,88.0,69.0,"['Male', 'Male']",0,0,2,3,5,Dry,Straight,Level,Lowest,No
35071,49,Utah,490209,1,1,1,0,1,LOGAN,November,6,Monday,17,34,Urban,Medium Speed (Collector),No,41.75727778,-111.81588333,Non-Intersection,Dark - Not Lighted,Cloudy,5:00pm-5:59pm,35,5:00pm-5:59pm,40,5:00pm-5:59pm,50,1,Dark - Unlighted,Reduced Visibility,0,1,[],[],0,0,Valid,0.0,0.0,67.0,67.0,['Male'],0,0,3,2,4,Dry,Straight,Level,Lowest,No
35072,49,Utah,490210,0,1,1,0,1,CENTRAL,November,27,Monday,5,18,Rural,Medium Speed (Collector),No,37.43869167,-113.62898056,Non-Intersection,Dark - Not Lighted,Clear,5:00am-5:59am,18,5:00am-5:59am,46,Not Applicable (Not Transported),Not Applicable (Not Transported),1,Dark - Unlighted,Clear,1,0,['Driver'],['Shoulder_Lapbelt'],0,0,Invalid,0.0,3.0,47.0,47.0,['Male'],1,0,3,4,3,Dry,Curve,Level,Lowest,No
35073,49,Utah,490211,1,2,1,1,1,LEHI,August,21,Monday,11,6,Urban,High Speed (Arterial),Yes,40.43233056,-111.863875,Non-Intersection,Daylight,Cloudy,11:00am-11:59am,8,11:00am-11:59am,13,Not Applicable (Not Transported),Not Applicable (Not Transported),1,Daylight,Reduced Visibility,1,0,['Driver'],['None_Used'],0,0,Valid,0.0,0.0,46.0,46.0,['Male'],0,0,3,4,5,Dry,Straight,Level,Lowest,No
35074,49,Utah,490212,0,2,2,0,2,OGDEN,November,10,Friday,17,31,Urban,High Speed (Arterial),No,41.24867778,-111.97813611,Complex/Circle,Dark - Lighted,Clear,5:00pm-5:59pm,31,5:00pm-5:59pm,34,5:00pm-5:59pm,54,1,Dark - Lighted,Clear,1,1,['Driver'],['None_Used'],0,0,Valid,0.0,0.0,54.0,19.0,"['Male', 'Male']",0,0,5,4,5,Dry,Straight,Level,Lowest,No
35075,49,Utah,490213,0,1,1,0,1,WEST VALLEY CITY,October,23,Monday,22,35,Urban,High Speed (Arterial),Yes,40.69987778,-111.95239722,Non-Intersection,Dark - Not Lighted,Clear,10:00pm-10:59pm,36,10:00pm-10:59pm,40,Not Applicable (Not Transported),Not Applicable (Not Transported),1,Dark - Unlighted,Clear,1,0,['Driver'],['None_Used'],1,1,Valid,0.0,0.0,60.0,60.0,['Male'],1,0,5,3,3,Dry,Curve,Grade/Hillcrest,Lowest,No
35076,49,Utah,490214,1,1,1,0,1,ST. GEORGE,November,1,Wednesday,19,34,Urban,High Speed (Arterial),Yes,37.11663333,-113.59673333,Complex/Circle,Dark - Lighted,Clear,7:00pm-7:59pm,34,7:00pm-7:59pm,39,Not Applicable (Not Transported),Not Applicable (Not Transported),1,Dark - Lighted,Clear,0,1,[],[],0,0,Valid,0.0,0.0,27.0,27.0,['Male'],0,0,3,3,4,Dry,Straight,Level,Lowest,No
35077,49,Utah,490215,1,1,1,0,1,ST. GEORGE,November,3,Friday,20,47,Urban,High Speed (Arterial),Yes,37.11658889,-113.59673889,Complex/Circle,Dark - Lighted,Clear,8:00pm-8:59pm,48,8:00pm-8:59pm,50,Not Applicable (Not Transported),Not Applicable (Not Transported),1,Dark - Lighted,Clear,0,1,[],[],0,0,Valid,0.0,2.0,28.0,28.0,['Female'],0,0,3,2,4,Dry,Straight,Grade/Hillcrest,Lowest,No
35078,49,Utah,490216,0,1,1,0,1,IVINS,November,24,Friday,11,30,Rural,Medium Speed (Collector),No,37.14578056,-113.81496111,Non-Intersection,Reported as Unknown,Reported as Unknown,11:00am-11:59am,33,11:00am-11:59am,45,Not Applicable (Not Transported),Not Applicable (Not Transported),1,Dark - Unlighted,Clear,1,0,['Driver'],['Shoulder_Lapbelt'],1,1,Valid,0.0,0.0,35.0,35.0,['Male'],1,0,3,4,3,Dry,Curve,Level,Lowest,No
35079,49,Utah,490218,0,1,1,0,3,ST. GEORGE,October,29,Sunday,17,19,Urban,Medium Speed (Collector),No,37.11868056,-113.62359722,Non-Intersection,Daylight,Clear,5:00pm-5:59pm,19,5:00pm-5:59pm,24,5:00pm-5:59pm,49,2,Daylight,Clear,2,1,"['Rear_Seat', 'Rear_Seat']","['Child_Safety', 'Shoulder_Lapbelt']",0,0,Valid,0.0,0.0,36.0,36.0,['Male'],3,0,2,4,3,Dry,Straight,Grade/Hillcrest,Lowest,No
35080,49,Utah,490219,0,2,1,1,2,VERNAL,December,6,Wednesday,0,50,Urban,Medium Speed (Collector),No,40.38999167,-109.511775,Non-Intersection,Dark - Not Lighted,Clear,0:00am-0:59am,58,1:00am-1:59am,13,1:00am-1:59am,43,1,Dark - Unlighted,Clear,1,1,['Driver'],['Shoulder_Lapbelt'],1,1,Valid,0.0,0.0,17.0,17.0,['Male'],2,0,2,4,5,Dry,Straight,Level,Lowest,No
35081,49,Utah,490220,0,1,1,0,1,SMITHFIELD,November,16,Thursday,14,38,Rural,Medium Speed (Collector),No,41.84496667,-111.91354167,Non-Intersection,Daylight,Clear,2:00pm-2:59pm,38,2:00pm-2:59pm,44,Unknown,Unknown EMS Hospital Arrival Time,1,Daylight,Clear,1,0,['Driver'],['Shoulder_Lapbelt'],0,0,Valid,0.0,0.0,54.0,54.0,['Female'],0,0,3,4,3,Dry,Straight,Level,Lowest,No
35082,49,Utah,490221,0,1,1,0,1,CLEARFIELD,November,11,Saturday,4,13,Urban,High Speed (Arterial),Yes,41.11246111,-112.01179722,Non-Intersection,Dark - Lighted,Clear,4:00am-4:59am,15,4:00am-4:59am,23,4:00am-4:59am,36,1,Dark - Lighted,Clear,1,0,['Driver'],['None_Used'],0,0,Valid,0.0,1.0,21.0,21.0,['Male'],0,0,2,4,3,Dry,Straight,Level,Lowest,No
35083,49,Utah,490222,1,1,1,0,1,MOAB,November,25,Saturday,18,0,Rural,High Speed (Arterial),Yes,38.67631111,-109.68908056,Non-Intersection,Dark - Not Lighted,Clear,Unknown,Unknown if Notified,Unknown EMS Scene Arrival Hour,Unknown if Arrived,Not Applicable (Not Transported),Not Applicable (Not Transported),1,Dark - Unlighted,Clear,0,1,[],[],0,0,Valid,0.0,0.0,44.0,44.0,['Male'],0,0,4,3,4,Dry,Straight,Grade/Hillcrest,Lowest,No
35084,49,Utah,490223,1,1,1,0,2,NORTH OGDEN,December,4,Monday,18,0,Urban,Medium Speed (Collector),No,41.30580278,-111.96330833,Complex/Circle,Dark - Not Lighted,Cloudy,6:00pm-6:59pm,0,6:00pm-6:59pm,2,6:00pm-6:59pm,31,1,Dark - Unlighted,Reduced Visibility,0,2,[],[],0,0,Valid,0.0,0.0,26.0,26.0,['Female'],0,0,3,3,4,Dry,Straight,Grade/Hillcrest,Lowest,No
35085,49,Utah,490224,0,3,3,0,3,SALT LAKE CITY,December,13,Wednesday,23,32,Rural,High Speed (Arterial),Yes,40.72238333,-111.775525,Non-Intersection,Dark - Not Lighted,Clear,11:00pm-11:59pm,34,11:00pm-11:59pm,42,0:00am-0:59am,34,1,Dark - Unlighted,Clear,1,2,['Driver'],['Shoulder_Lapbelt'],1,1,Valid,0.0,3.0,39.0,20.0,"['Male', 'Male', 'Male']",0,0,3,4,5,Dry,Straight,Grade/Hillcrest,Lowest,No
35086,49,Utah,490225,0,2,2,0,2,SOUTH SALT LAKE,December,24,Sunday,12,54,Urban,High Speed (Arterial),Yes,40.67444444,-111.87146667,Complex/Circle,Daylight,Clear,Unknown,Unknown,Unknown EMS Scene Arrival Hour,Unknown EMS Scene Arrival Minutes,Not Applicable (Not Transported),Not Applicable (Not Transported),1,Daylight,Clear,1,1,['Driver'],['Shoulder_Lapbelt'],0,0,Valid,0.0,1.0,68.0,33.0,"['Male', 'Male']",0,0,3,4,5,Dry,Straight,Level,Lowest,No
35087,49,Utah,490226,0,2,2,0,2,SPANISH FORK,October,18,Wednesday,18,49,Urban,Medium Speed (Collector),No,40.07936667,-111.65916389,Complex/Circle,Dark - Lighted,Clear,6:00pm-6:59pm,49,6:00pm-6:59pm,53,7:00pm-7:59pm,53,1,Dark - Lighted,Clear,1,1,['Driver'],['Shoulder_Lapbelt'],0,0,Invalid,0.0,0.0,76.0,59.0,"['Male', 'Female']",0,0,3,4,5,Dry,Curve,Level,Lowest,No
35088,49,Utah,490227,0,1,1,0,2,WENDOVER,October,13,Friday,20,27,Rural,High Speed (Arterial),Yes,40.73725556,-113.74757778,Non-Intersection,Dark - Not Lighted,Clear,8:00pm-8:59pm,30,9:00pm-9:59pm,3,Unknown,Unknown EMS Hospital Arrival Time,1,Dark - Unlighted,Clear,1,1,['Driver'],['None_Used'],0,0,Valid,0.0,0.0,22.0,22.0,['Male'],0,0,4,4,3,Dry,Straight,Level,Lowest,No
35089,49,Utah,490228,1,1,1,0,1,TAYLORSVILLE,December,31,Sunday,2,21,Urban,Medium Speed (Collector),No,40.66158333,-111.98698889,Non-Intersection,Dark - Unknown Lighting,Clear,2:00am-2:59am,21,2:00am-2:59am,27,Not Applicable (Not Transported),Not Applicable (Not Transported),1,Dark - Unlighted,Clear,0,1,[],[],1,1,Valid,0.0,7.0,19.0,19.0,['Male'],1,0,3,4,4,Dry,Straight,Level,Lowest,No
35090,49,Utah,490229,0,1,1,0,1,TAYLORSVILLE,December,29,Friday,6,41,Urban,Medium Speed (Collector),No,40.67450556,-111.92341944,Non-Intersection,Dark - Lighted,Clear,6:00am-6:59am,52,6:00am-6:59am,58,7:00am-7:59am,15,1,Dark - Lighted,Clear,1,0,['Driver'],['None_Used'],1,1,Invalid,0.0,1.0,38.0,38.0,['Male'],1,0,2,4,3,Dry,Curve,Level,Lowest,No
35091,49,Utah,490230,0,1,1,0,1,COALVILLE,December,24,Sunday,1,51,Rural,High Speed (Arterial),Yes,41.18482222,-111.13004167,Non-Intersection,Dark - Not Lighted,Clear,1:00am-1:59am,51,2:00am-2:59am,20,Not Applicable (Not Transported),Not Applicable (Not Transported),1,Dark - Unlighted,Clear,1,0,['Driver'],['None_Used'],1,1,Invalid,1.0,0.0,58.0,58.0,['Male'],0,0,3,4,3,Dry,Curve,Grade/Hillcrest,Lowest,Yes
35092,49,Utah,490231,0,2,2,0,3,HEBER CITY,November,24,Friday,16,43,Rural,High Speed (Arterial),Yes,40.19520833,-111.09168611,Non-Intersection,Dusk,Snow,4:00pm-4:59pm,39,5:00pm-5:59pm,10,6:00pm-6:59pm,33,2,Twilight,Snow/Ice/Severe,2,1,"['Driver', 'Front_Passenger']","['Shoulder_Lapbelt', 'Shoulder_Lapbelt']",1,1,Invalid,0.0,2.0,37.0,21.0,"['Male', 'Male']",1,0,3,4,5,Icy/Snowy,Straight,Grade/Hillcrest,Lowest,Yes
35093,49,Utah,490232,0,2,2,0,3,ROOSEVELT,December,14,Thursday,17,26,Rural,High Speed (Arterial),Yes,40.25801667,-110.06112778,Simple Junction,Dusk,Clear,4:00pm-4:59pm,27,4:00pm-4:59pm,42,4:00pm-4:59pm,55,1,Twilight,Clear,1,2,['Driver'],['None_Used'],0,0,Invalid,0.0,0.0,81.0,60.0,"['Female', 'Female']",0,0,2,4,5,Dry,Straight,Grade/Hillcrest,Lowest,No
35094,49,Utah,490233,0,1,1,0,1,WEST JORDAN,December,26,Tuesday,10,29,Urban,Medium Speed (Collector),No,40.60923611,-111.92267222,Non-Intersection,Daylight,Clear,10:00am-10:59am,29,10:00am-10:59am,31,10:00am-10:59am,48,1,Daylight,Clear,1,0,['Driver'],['Shoulder_Lapbelt'],0,0,Valid,0.0,0.0,55.0,55.0,['Male'],0,0,3,4,3,Dry,Straight,Level,Lowest,No
35095,49,Utah,490234,1,1,1,0,1,PERRY,November,18,Saturday,22,51,Urban,High Speed (Arterial),Yes,41.47886667,-112.05344444,Non-Intersection,Dark - Not Lighted,Clear,10:00pm-10:59pm,52,11:00pm-11:59pm,1,Not Applicable (Not Transported),Not Applicable (Not Transported),1,Dark - Unlighted,Clear,0,1,[],[],0,0,Valid,0.0,0.0,35.0,35.0,['Male'],0,0,4,3,4,Dry,Straight,Level,Lowest,No
35096,49,Utah,490235,0,2,2,0,2,SANDY CITY,May,4,Thursday,13,6,Urban,High Speed (Arterial),Yes,40.59631389,-111.89080556,Simple Junction,Daylight,Cloudy,1:00pm-1:59pm,5,1:00pm-1:59pm,5,Not Applicable (Not Transported),Not Applicable (Not Transported),1,Daylight,Reduced Visibility,1,1,['Driver'],['None_Used'],0,0,Valid,0.0,1.0,62.0,25.0,"['Female', 'Male']",1,0,5,4,5,Dry,Straight,Level,Lowest,No
35097,49,Utah,490236,0,1,1,0,3,SALT LAKE CITY,November,5,Sunday,3,3,Urban,Medium Speed (Collector),No,40.76945,-111.86209444,Non-Intersection,Dark - Lighted,Clear,3:00am-3:59am,1,3:00am-3:59am,9,3:00am-3:59am,24,1,Dark - Lighted,Clear,1,2,['Front_Passenger'],['Shoulder_Lapbelt'],1,1,Valid,0.0,0.0,24.0,24.0,['Male'],3,0,1,4,3,Dry,Straight,Grade/Hillcrest,Lowest,No
35098,49,Utah,490237,1,1,1,0,1,SALT LAKE CITY,October,20,Friday,22,56,Urban,High Speed (Arterial),Yes,40.74451667,-111.93908333,Non-Intersection,Dark - Lighted,Clear,10:00pm-10:59pm,55,11:00pm-11:59pm,3,Not Applicable (Not Transported),Not Applicable (Not Transported),1,Dark - Lighted,Clear,0,1,[],[],0,0,Invalid,0.0,0.0,34.0,34.0,['Male'],1,0,3,3,4,Dry,Straight,Level,Lowest,No
35099,49,Utah,490238,1,2,1,1,1,TOOELE,October,21,Saturday,8,8,Rural,High Speed (Arterial),Yes,40.76077222,-113.007025,Non-Intersection,Dawn,Clear,8:00am-8:59am,12,9:00am-9:59am,5,Not Applicable (Not Transported),Not Applicable (Not Transported),1,Twilight,Clear,0,1,[],[],0,0,Valid,0.0,2.0,43.0,43.0,['Male'],0,0,2,4,3,Dry,Straight,Level,Lowest,No
35100,49,Utah,490240,1,1,1,0,1,OREM,October,16,Monday,17,58,Urban,Medium Speed (Collector),No,40.28985278,-111.73635556,Non-Intersection,Daylight,Clear,5:00pm-5:59pm,58,6:00pm-6:59pm,3,Not Applicable (Not Transported),Not Applicable (Not Transported),1,Daylight,Clear,0,1,[],[],0,0,Valid,0.0,0.0,43.0,43.0,['Male'],0,0,3,2,4,Dry,Straight,Level,Lowest,No
35101,49,Utah,490241,0,2,2,0,2,WEST HAVEN,December,26,Tuesday,16,33,Urban,High Speed (Arterial),Yes,41.234675,-112.02561667,Non-Intersection,Daylight,Cloudy,4:00pm-4:59pm,33,4:00pm-4:59pm,43,5:00pm-5:59pm,23,1,Daylight,Reduced Visibility,1,1,['Driver'],['Shoulder_Lapbelt'],0,0,Invalid,0.0,1.0,38.0,18.0,"['Male', 'Female']",0,0,3,4,5,Dry,Straight,Grade/Hillcrest,Lowest,No
35102,49,Utah,490242,0,2,2,0,3,CEDAR CITY,December,29,Friday,8,57,Urban,High Speed (Arterial),Yes,37.60388056,-113.16051944,Non-Intersection,Daylight,Clear,9:00am-9:59am,0,9:00am-9:59am,7,Not Applicable (Not Transported),Not Applicable (Not Transported),1,Daylight,Clear,1,2,['Driver'],['None_Used'],0,0,Valid,0.0,0.0,44.0,27.0,"['Male', 'Male']",0,0,3,4,5,Dry,Straight,Grade/Hillcrest,Lowest,No
35103,49,Utah,490243,0,1,1,0,1,GRANTSVILLE,December,30,Saturday,17,19,Rural,High Speed (Arterial),Yes,40.81004444,-112.93013889,Non-Intersection,Dusk,Clear,5:00pm-5:59pm,19,6:00pm-6:59pm,0,Not Applicable (Not Transported),Not Applicable (Not Transported),1,Twilight,Clear,1,0,['Driver'],['None_Used'],1,1,Valid,0.0,0.0,41.0,41.0,['Male'],0,0,3,4,3,Dry,Curve,Level,Lowest,No
35104,49,Utah,490244,1,1,1,0,1,ST. GEORGE,December,8,Friday,13,59,Urban,Low Speed (Local),No,37.07259444,-113.56398889,Non-Intersection,Daylight,Clear,2:00pm-2:59pm,3,2:00pm-2:59pm,8,2:00pm-2:59pm,23,1,Daylight,Clear,0,1,[],[],0,0,Valid,0.0,1.0,21.0,21.0,['Female'],0,0,2,1,4,Dry,Straight,Non-Trafficway,Lowest,No
35105,49,Utah,490245,0,2,2,0,3,TAYLORSVILLE,November,4,Saturday,22,0,Urban,High Speed (Arterial),Yes,40.66764167,-111.96120833,Non-Intersection,Dark - Lighted,Clear,10:00pm-10:59pm,0,10:00pm-10:59pm,8,10:00pm-10:59pm,40,1,Dark - Lighted,Clear,1,2,['Driver'],['Shoulder_Lapbelt'],1,1,Invalid,0.0,0.0,41.0,30.0,"['Female', 'Female']",0,0,3,4,5,Dry,Straight,Level,Lowest,No
35106,49,Utah,490246,0,2,2,0,3,OREM,December,17,Sunday,1,51,Urban,High Speed (Arterial),Yes,40.30009722,-111.72595,Non-Intersection,Dark - Lighted,Clear,1:00am-1:59am,51,1:00am-1:59am,59,2:00am-2:59am,23,1,Dark - Lighted,Clear,1,2,['Driver'],['None_Used'],1,1,Invalid,0.0,0.0,26.0,23.0,"['Female', 'Male']",0,0,2,4,5,Dry,Straight,Grade/Hillcrest,Lowest,No
35107,49,Utah,490247,0,1,1,0,1,LOGAN,October,16,Monday,17,18,Rural,High Speed (Arterial),Yes,41.76445,-111.67574167,Non-Intersection,Daylight,Clear,5:00pm-5:59pm,18,5:00pm-5:59pm,32,Not Applicable (Not Transported),Not Applicable (Not Transported),1,Daylight,Clear,1,0,['Driver'],['None_Used'],0,0,Valid,0.0,1.0,45.0,45.0,['Male'],1,0,5,2,3,Dry,Curve,Grade/Hillcrest,Lowest,No
35108,49,Utah,490248,0,2,2,0,2,LINDON,April,26,Wednesday,19,28,Urban,High Speed (Arterial),Yes,40.35183889,-111.73173611,Complex/Circle,Daylight,Clear,7:00pm-7:59pm,28,7:00pm-7:59pm,39,Not Applicable (Not Transported),Not Applicable (Not Transported),1,Daylight,Clear,1,1,['Driver'],['None_Used'],0,0,Valid,0.0,1.0,34.0,18.0,"['Male', 'Male']",1,0,5,4,5,Dry,Straight,Level,Lowest,No