,State_Code,State_Name,Crash_ID,Count_Non_Motorists,Count_Vehicles_Total,Count_Vehicle_Forms,Count_PVH_Involved,Count_Occupants_MV,City_Name,Month_Name,Day_of_Month,Day_of_Week,Crash_Hour,Crash_Minute,Area_Rural_Urban,Road_Functional_Class,On_NHS_Road,Latitude,Longitude,Intersection_Type,Light_Condition,Weather_Condition,Notif_Hour,Notif_Minute,Arrival_Hour,Arrival_Minute,Hospital_Hour,Hospital_Minute,Fatalities_Count,Clean_Light_Condition,Clean_Weather_Condition,Total_Killed,Total_Alive,Fatal_Seats_List,Killed_Restraint_List,Any_Driver_Drinking,Total_Drinking_Drivers,Driver_License_Category,Driver_Max_Prev_Accident_Count,Driver_Max_Prev_Speeding_Count,Max_Driver_Age,Min_Driver_Age,Driver_Sex_List,Total_Exceeding_Limit_Vehicles,Total_Too_Fast_Vehicles,Max_Vehicle_Type_Severity_5,Max_Vehicle_Damage_Rank,Max_Harmful_Event_Severity,Crash_Road_Surface_Condition,Crash_Horizontal_Alignment,Crash_Vertical_Profile,Crash_Impairment_Category,Crash_Vehicle_Defect
35109,49,Utah,490249,0,1,1,0,4,MEXICAN HAT,September,15,Friday,14,53,Rural,Medium Speed (Collector),No,37.04239444,-110.09819722,Non-Intersection,Daylight,Clear,2:00pm-2:59pm,41,2:00pm-2:59pm,53,Unknown,Unknown EMS Hospital Arrival Time,1,Daylight,Clear,1,3,['Front_Passenger'],['Shoulder_Lapbelt'],1,1,Invalid,0.0,0.0,26.0,26.0,['Male'],0,0,3,0,3,Dry,Curve,Level,Lowest,No
35110,49,Utah,490250,0,1,1,0,1,WEST VALLEY CITY,December,9,Saturday,20,48,Urban,Low Speed (Local),No,40.71774444,-112.06044722,Non-Intersection,Dark - Lighted,Clear,8:00pm-8:59pm,52,8:00pm-8:59pm,59,9:00pm-9:59pm,20,1,Dark - Lighted,Clear,1,0,['Driver'],['None_Used'],1,1,Valid,0.0,0.0,29.0,29.0,['Male'],1,0,2,4,3,Dry,Curve,Level,Medium,No
35111,49,Utah,490251,1,1,1,0,1,HARRISVILLE,October,5,Thursday,20,22,Urban,Medium Speed (Collector),No,41.27946667,-111.96933889,Non-Intersection,Dark - Not Lighted,Clear,8:00pm-8:59pm,24,8:00pm-8:59pm,26,8:00pm-8:59pm,41,1,Dark - Unlighted,Clear,0,1,[],[],0,0,Valid,0.0,0.0,41.0,41.0,['Female'],0,0,2,3,4,Dry,Straight,Level,Lowest,No
35112,49,Utah,490252,0,1,1,0,2,SALT LAKE CITY,October,8,Sunday,0,18,Urban,Medium Speed (Collector),No,40.74974722,-111.85953889,Complex/Circle,Dark - Lighted,Clear,0:00am-0:59am,22,0:00am-0:59am,29,1:00am-1:59am,0,1,Dark - Lighted,Clear,1,1,['Front_Passenger'],['None_Used'],1,1,Invalid,0.0,1.0,20.0,20.0,['Male'],2,0,2,4,2,Dry,Curve,Grade/Hillcrest,Lowest,No
35113,49,Utah,490253,0,2,2,0,2,RIVERTON,December,27,Wednesday,19,27,Urban,Medium Speed (Collector),No,40.50790833,-112.01008056,Complex/Circle,Daylight,Clear,7:00pm-7:59pm,28,7:00pm-7:59pm,33,8:00pm-8:59pm,2,1,Daylight,Clear,1,1,['Driver'],['Shoulder_Lapbelt'],0,0,Valid,0.0,1.0,89.0,50.0,"['Female', 'Female']",0,0,3,4,5,Dry,Straight,Level,Lowest,No
35114,49,Utah,490254,0,2,2,0,4,GRANTSVILLE,December,19,Tuesday,17,10,Rural,High Speed (Arterial),Yes,40.81231389,-112.87218889,Non-Intersection,Dark - Not Lighted,Cloudy,5:00pm-5:59pm,10,5:00pm-5:59pm,40,6:00pm-6:59pm,52,1,Dark - Unlighted,Reduced Visibility,1,3,['Driver'],['Shoulder_Lapbelt'],0,0,Valid,0.0,0.0,63.0,33.0,"['Male', 'Male']",0,0,3,4,5,Dry,Straight,Level,Lowest,No
35115,49,Utah,490255,0,1,1,0,1,ROY,October,29,Sunday,6,30,Urban,High Speed (Arterial),Yes,41.16107222,-112.02196667,Non-Intersection,Dark - Lighted,Cloudy,6:00am-6:59am,30,6:00am-6:59am,52,Not Applicable (Not Transported),Not Applicable (Not Transported),1,Dark - Lighted,Reduced Visibility,1,0,['Driver'],['Shoulder_Lapbelt'],0,0,Valid,0.0,0.0,51.0,51.0,['Male'],0,0,3,2,3,Dry,Curve,Grade/Hillcrest,Medium,No
35116,49,Utah,490256,0,2,2,0,2,MOAB,November,21,Tuesday,5,19,Urban,High Speed (Arterial),Yes,38.59528611,-109.56872778,Non-Intersection,Dark - Not Lighted,Clear,5:00am-5:59am,17,5:00am-5:59am,27,5:00am-5:59am,56,1,Dark - Unlighted,Clear,1,1,['Driver'],['Shoulder_Lapbelt'],0,0,Valid,0.0,0.0,61.0,54.0,"['Male', 'Male']",0,0,4,4,5,Dry,Straight,Non-Trafficway,Lowest,No
35117,49,Utah,490257,0,2,2,0,2,GRANTSVILLE,November,20,Monday,17,46,Urban,Medium Speed (Collector),No,40.59953333,-112.42133611,Simple Junction,Dark - Not Lighted,Clear,5:00pm-5:59pm,46,6:00pm-6:59pm,1,Not Applicable (Not Transported),Not Applicable (Not Transported),1,Dark - Unlighted,Clear,1,1,['Driver'],['None_Used'],0,0,Valid,0.0,0.0,34.0,12.0,"['Male', 'Male']",0,0,5,3,5,Dry,Straight,Level,Lowest,Yes
35118,49,Utah,490259,1,2,1,1,1,ST. GEORGE,November,3,Friday,14,33,Urban,High Speed (Arterial),Yes,37.00818611,-113.61740556,Non-Intersection,Daylight,Clear,Unknown,Unknown,Unknown EMS Scene Arrival Hour,Unknown EMS Scene Arrival Minutes,Unknown,Unknown EMS Hospital Arrival Time,1,Daylight,Clear,0,1,[],[],1,1,Valid,0.0,0.0,36.0,36.0,['Male'],0,0,3,4,5,Dry,Straight,Level,Lowest,No
35119,50,Vermont,500001,0,1,1,0,1,PITTSFIELD,January,3,Tuesday,11,10,Rural,Medium Speed (Collector),No,43.71961944,-72.82315,Non-Intersection,Daylight,Sleet or Hail,11:00am-11:59am,15,11:00am-11:59am,38,1:00pm-1:59pm,42,1,Daylight,Snow/Ice/Severe,1,0,['Driver'],['None_Used'],0,0,Valid,1.0,2.0,77.0,77.0,['Female'],0,0,2,4,3,Icy/Snowy,Straight,Level,Lowest,No
35120,50,Vermont,500002,0,2,2,0,3,CHARLOTTE,April,22,Saturday,15,38,Rural,High Speed (Arterial),Yes,44.32091667,-73.24691111,Non-Intersection,Daylight,Cloudy,3:00pm-3:59pm,37,3:00pm-3:59pm,40,4:00pm-4:59pm,32,1,Daylight,Reduced Visibility,1,2,['Driver'],['None_Used'],0,0,Invalid,1.0,3.0,71.0,34.0,"['Male', 'Male']",1,0,5,4,5,Dry,Curve,Grade/Hillcrest,Lowest,No
35121,50,Vermont,500003,0,2,2,0,3,WEATHERSFIELD TOWN,January,19,Thursday,14,24,Rural,High Speed (Arterial),Yes,43.40216944,-72.41516111,Simple Junction,Daylight,Clear,2:00pm-2:59pm,24,2:00pm-2:59pm,29,2:00pm-2:59pm,43,1,Daylight,Clear,1,2,['Front_Passenger'],['Shoulder_Lapbelt'],0,0,Valid,1.0,0.0,56.0,41.0,"['Male', 'Male']",0,0,3,4,5,Dry,Straight,Level,Lowest,No
35122,50,Vermont,500004,0,1,1,0,1,FAIRFIELD,February,18,Saturday,3,50,Rural,Medium Speed (Collector),No,44.78303611,-72.85493333,Non-Intersection,Dark - Not Lighted,Cloudy,6:00am-6:59am,9,6:00am-6:59am,27,Not Applicable (Not Transported),Not Applicable (Not Transported),1,Dark - Unlighted,Reduced Visibility,1,0,['Driver'],['None_Used'],1,1,Valid,0.0,0.0,23.0,23.0,['Male'],0,0,3,4,3,Icy/Snowy,Curve,Level,Lowest,No
35123,50,Vermont,500005,0,1,1,0,3,HARTLAND,February,23,Thursday,11,7,Rural,High Speed (Arterial),Yes,43.58278611,-72.37913056,Non-Intersection,Daylight,Snow,11:00am-11:59am,8,11:00am-11:59am,20,11:00am-11:59am,42,2,Daylight,Snow/Ice/Severe,2,1,"['Driver', 'Rear_Seat']","['Shoulder_Lapbelt', 'None_Used']",0,0,Valid,1.0,0.0,83.0,83.0,['Male'],3,0,3,4,3,Icy/Snowy,Straight,Level,Lowest,No
35124,50,Vermont,500006,0,1,1,0,1,CAVENDISH,March,10,Friday,11,23,Rural,Low Speed (Local),No,43.39119722,-72.59905,Non-Intersection,Daylight,Clear,11:00am-11:59am,19,11:00am-11:59am,31,Not Applicable (Not Transported),Not Applicable (Not Transported),1,Daylight,Clear,1,0,['Driver'],['None_Used'],0,0,Valid,0.0,0.0,74.0,74.0,['Male'],0,0,5,4,3,Dry,Straight,Level,Lowest,No
35125,50,Vermont,500007,0,2,2,0,3,MARLBORO,March,17,Friday,11,5,Rural,High Speed (Arterial),Yes,42.86578333,-72.73425556,Non-Intersection,Daylight,Cloudy,11:00am-11:59am,7,11:00am-11:59am,21,12:00pm-12:59pm,8,1,Daylight,Reduced Visibility,1,2,['Driver'],['None_Used'],0,0,Invalid,0.0,1.0,52.0,48.0,"['Male', 'Male']",0,0,4,4,5,Dry,Straight,Level,Medium,No
35126,50,Vermont,500008,0,2,2,0,2,RIPTON,March,23,Thursday,16,40,Rural,Medium Speed (Collector),No,43.97219722,-73.05418333,Non-Intersection,Daylight,Rain,4:00pm-4:59pm,42,4:00pm-4:59pm,56,6:00pm-6:59pm,14,1,Daylight,Rain/Wind/Minor,1,1,['Driver'],['None_Used'],0,0,Valid,0.0,0.0,76.0,45.0,"['Male', 'Male']",0,0,3,4,5,Wet/Standing Water,Straight,Grade/Hillcrest,Lowest,No
35127,50,Vermont,500009,0,1,1,0,1,JAMAICA,April,11,Tuesday,16,56,Rural,Medium Speed (Collector),No,43.08990556,-72.76891389,Non-Intersection,Daylight,Cloudy,4:00pm-4:59pm,57,5:00pm-5:59pm,1,Not Applicable (Not Transported),Not Applicable (Not Transported),1,Daylight,Reduced Visibility,1,0,['Driver'],['None_Used'],0,0,Valid,0.0,0.0,61.0,61.0,['Male'],1,0,5,4,2,Dry,Curve,Grade/Hillcrest,Lowest,No
35128,50,Vermont,500010,0,1,1,0,1,EAST DOVER,April,18,Tuesday,8,45,Rural,Medium Speed (Collector),No,42.94483889,-72.7739,Non-Intersection,Daylight,Clear,Unknown,Unknown,Unknown EMS Scene Arrival Hour,Unknown EMS Scene Arrival Minutes,Not Applicable (Not Transported),Not Applicable (Not Transported),1,Daylight,Clear,1,0,['Driver'],['Shoulder_Lapbelt'],0,0,Invalid,0.0,0.0,35.0,35.0,['Male'],0,0,4,4,3,Dry,Curve,Grade/Hillcrest,Lowest,No
35129,50,Vermont,500011,0,1,1,0,1,MILTON,April,25,Tuesday,22,36,Urban,Medium Speed (Collector),No,44.62668056,-73.19718333,Non-Intersection,Dark - Not Lighted,Clear,10:00pm-10:59pm,36,10:00pm-10:59pm,49,Not Applicable (Not Transported),Not Applicable (Not Transported),1,Dark - Unlighted,Clear,1,0,['Driver'],['None_Used'],1,1,Valid,0.0,0.0,54.0,54.0,['Male'],1,0,3,4,2,Dry,Curve,Grade/Hillcrest,Lowest,No
35130,50,Vermont,500012,1,1,1,0,1,EAST BURKE,April,29,Saturday,9,15,Rural,Low Speed (Local),No,44.64400556,-71.93760556,Simple Junction,Daylight,Clear,9:00am-9:59am,20,9:00am-9:59am,33,Not Applicable (Not Transported),Not Applicable (Not Transported),1,Daylight,Clear,0,1,[],[],0,0,Valid,0.0,0.0,27.0,27.0,['Male'],0,0,3,2,4,Dry,Curve,Grade/Hillcrest,Lowest,No
35131,50,Vermont,500013,0,2,2,0,4,ALBANY,May,4,Thursday,15,30,Rural,Medium Speed (Collector),No,44.77387222,-72.32114167,Non-Intersection,Daylight,Cloudy,3:00pm-3:59pm,37,3:00pm-3:59pm,45,4:00pm-4:59pm,20,3,Daylight,Reduced Visibility,3,1,"['Driver', 'Front_Passenger', 'Driver']","['Shoulder_Lapbelt', 'None_Used', 'Shoulder_Lapbelt']",0,0,Valid,1.0,1.0,80.0,46.0,"['Female', 'Male']",0,0,2,4,5,Dry,Straight,Grade/Hillcrest,Lowest,No
35132,50,Vermont,500014,0,1,1,0,1,PERU,May,7,Sunday,10,51,Rural,Medium Speed (Collector),No,43.23421944,-72.87601667,Non-Intersection,Daylight,Clear,11:00am-11:59am,2,11:00am-11:59am,33,12:00pm-12:59pm,9,1,Daylight,Clear,1,0,['Driver'],['Shoulder_Lapbelt'],0,0,Valid,0.0,1.0,75.0,75.0,['Female'],0,0,3,4,3,Dry,Curve,Level,Lowest,Yes
35133,50,Vermont,500015,0,2,2,0,2,ENOSBURG FALLS,May,8,Monday,7,49,Rural,Medium Speed (Collector),No,44.91410833,-72.79447222,Non-Intersection,Daylight,Clear,7:00am-7:59am,48,7:00am-7:59am,52,Not Applicable (Not Transported),Not Applicable (Not Transported),1,Daylight,Clear,1,1,['Driver'],['None_Used'],0,0,Invalid,0.0,0.0,71.0,51.0,"['Female', 'Male']",0,0,4,4,5,Dry,Straight,Level,Lowest,No
35134,50,Vermont,500016,0,2,2,0,3,VERNON,May,11,Thursday,18,27,Rural,Medium Speed (Collector),No,42.77129444,-72.52011389,Non-Intersection,Daylight,Clear,6:00pm-6:59pm,25,6:00pm-6:59pm,33,Not Applicable (Not Transported),Not Applicable (Not Transported),1,Daylight,Clear,1,2,['Driver'],['None_Used'],0,0,Valid,1.0,0.0,62.0,23.0,"['Male', 'Male']",0,0,5,4,5,Dry,Straight,Grade/Hillcrest,Lowest,No
35135,50,Vermont,500017,0,1,1,0,1,GEORGIA CENTER,May,12,Friday,20,28,Rural,Medium Speed (Collector),No,44.74705,-73.15066389,Non-Intersection,Dark - Not Lighted,Cloudy,8:00pm-8:59pm,27,8:00pm-8:59pm,35,Not Applicable (Not Transported),Not Applicable (Not Transported),1,Dark - Unlighted,Reduced Visibility,1,0,['Driver'],['None_Used'],0,0,Valid,0.0,0.0,18.0,18.0,['Male'],1,0,5,4,3,Dry,Straight,Grade/Hillcrest,Lowest,No
35136,50,Vermont,500018,0,2,2,0,3,LOWELL,May,18,Thursday,14,39,Rural,Medium Speed (Collector),No,44.810025,-72.46028611,Non-Intersection,Daylight,Clear,Unknown,Unknown,Unknown EMS Scene Arrival Hour,Unknown EMS Scene Arrival Minutes,Not Applicable (Not Transported),Not Applicable (Not Transported),1,Daylight,Clear,1,2,['Driver'],['None_Used'],1,1,Invalid,0.0,0.0,52.0,20.0,"['Male', 'Male']",0,0,3,4,5,Dry,Curve,Grade/Hillcrest,Lowest,Yes
35137,50,Vermont,500020,0,1,1,0,1,FAIRLEE,May,24,Wednesday,20,36,Rural,Medium Speed (Collector),No,43.92634722,-72.122325,Non-Intersection,Dusk,Cloudy,8:00pm-8:59pm,30,8:00pm-8:59pm,36,9:00pm-9:59pm,13,1,Twilight,Reduced Visibility,1,0,['Driver'],['Shoulder_Lapbelt'],0,0,Valid,0.0,0.0,79.0,79.0,['Female'],1,0,2,4,3,Wet/Standing Water,Curve,Level,Lowest,No
35138,50,Vermont,500021,0,2,2,0,4,Other,May,25,Thursday,20,40,Rural,Medium Speed (Collector),No,44.72094722,-71.87160556,Simple Junction,Dark - Not Lighted,Clear,8:00pm-8:59pm,40,9:00pm-9:59pm,1,9:00pm-9:59pm,50,1,Dark - Unlighted,Clear,1,3,['Driver'],['None_Used'],0,0,Valid,1.0,0.0,54.0,32.0,"['Male', 'Male']",0,0,3,4,5,Dry,Straight,Level,Lowest,No
35139,50,Vermont,500022,0,2,2,0,2,BRANDON,May,26,Friday,20,9,Rural,High Speed (Arterial),Yes,43.818175,-73.103625,Non-Intersection,Dusk,Clear,8:00pm-8:59pm,10,8:00pm-8:59pm,15,Not Applicable (Not Transported),Not Applicable (Not Transported),1,Twilight,Clear,1,1,['Driver'],['Shoulder_Lapbelt'],0,0,Valid,0.0,2.0,57.0,21.0,"['Female', 'Male']",0,0,4,4,5,Dry,Straight,Grade/Hillcrest,Lowest,No
35140,50,Vermont,500023,0,2,2,0,4,SHELDON,May,27,Saturday,21,14,Rural,Medium Speed (Collector),No,44.90319444,-72.99426667,Non-Intersection,Dark - Not Lighted,Clear,9:00pm-9:59pm,15,9:00pm-9:59pm,23,9:00pm-9:59pm,41,2,Dark - Unlighted,Clear,2,2,"['Driver', 'Rear_Seat']","['Shoulder_Lapbelt', 'Child_Safety']",1,1,Valid,2.0,0.0,43.0,40.0,"['Male', 'Male']",0,0,2,4,5,Dry,Straight,Level,Lowest,No
35141,50,Vermont,500024,0,2,2,0,2,SHELDON,May,11,Thursday,20,32,Rural,Low Speed (Local),No,44.91073889,-72.96865556,Non-Intersection,Dark - Not Lighted,Clear,8:00pm-8:59pm,40,8:00pm-8:59pm,42,Not Applicable (Not Transported),Not Applicable (Not Transported),1,Dark - Unlighted,Clear,1,1,['Driver'],['None_Used'],1,2,Invalid,0.0,0.0,53.0,45.0,"['Male', 'Male']",0,0,5,4,5,Dry,Curve,Level,Lowest,No
35142,50,Vermont,500025,0,1,1,0,1,BRANDON,May,28,Sunday,20,23,Rural,Low Speed (Local),No,43.771925,-73.09887778,Non-Intersection,Dusk,Clear,8:00pm-8:59pm,24,8:00pm-8:59pm,31,Unknown,Terminated Transport,1,Twilight,Clear,1,0,['Driver'],['None_Used'],1,1,Valid,0.0,0.0,45.0,45.0,['Male'],1,0,5,4,3,Dry,Curve,Level,Lowest,Yes
35143,50,Vermont,500026,0,1,1,0,3,Other,June,7,Wednesday,7,3,Rural,Medium Speed (Collector),No,44.97729722,-72.51962222,Non-Intersection,Daylight,Rain,7:00am-7:59am,4,7:00am-7:59am,33,8:00am-8:59am,17,1,Daylight,Rain/Wind/Minor,1,2,['Driver'],['None_Used'],0,0,Valid,0.0,0.0,39.0,39.0,['Male'],0,0,2,4,3,Wet/Standing Water,Straight,Grade/Hillcrest,Lowest,No
35144,50,Vermont,500027,0,2,2,0,2,DORSET,June,12,Monday,16,53,Rural,Medium Speed (Collector),No,43.22364722,-73.07337778,Non-Intersection,Daylight,Cloudy,4:00pm-4:59pm,52,5:00pm-5:59pm,13,5:00pm-5:59pm,35,1,Daylight,Reduced Visibility,1,1,['Driver'],['None_Used'],0,0,Valid,0.0,0.0,71.0,35.0,"['Male', 'Male']",0,0,5,4,5,Dry,Straight,Level,Lowest,No
35145,50,Vermont,500028,0,1,1,0,1,Other,June,16,Friday,21,26,Rural,High Speed (Arterial),Yes,44.71975833,-72.17711667,Non-Intersection,Dark - Not Lighted,Rain,10:00pm-10:59pm,5,10:00pm-10:59pm,19,Not Applicable (Not Transported),Not Applicable (Not Transported),1,Dark - Unlighted,Rain/Wind/Minor,1,0,['Driver'],['Shoulder_Lapbelt'],1,1,Valid,2.0,0.0,39.0,39.0,['Male'],0,0,1,4,3,Wet/Standing Water,Straight,Grade/Hillcrest,Lowest,No
35146,50,Vermont,500029,0,1,1,0,1,"EAST FRANKLIN, BERKSHI",June,18,Sunday,4,47,Rural,Medium Speed (Collector),No,44.92603333,-72.79677222,Non-Intersection,Dark - Not Lighted,Rain,4:00am-4:59am,52,4:00am-4:59am,58,Not Applicable (Not Transported),Not Applicable (Not Transported),1,Dark - Unlighted,Rain/Wind/Minor,1,0,['Driver'],['None_Used'],1,1,Valid,0.0,0.0,16.0,16.0,['Male'],0,0,3,4,3,Wet/Standing Water,Straight,Grade/Hillcrest,Lowest,No
35147,50,Vermont,500031,0,1,1,0,1,Other,June,30,Friday,12,0,Rural,Low Speed (Local),No,44.63613889,-71.72248889,Non-Intersection,Daylight,Clear,12:00pm-12:59pm,12,1:00pm-1:59pm,3,2:00pm-2:59pm,17,1,Daylight,Clear,1,0,['Driver'],['None_Used'],0,0,Valid,0.0,0.0,49.0,49.0,['Male'],0,0,5,4,3,Dry,Curve,Grade/Hillcrest,Lowest,No
35148,50,Vermont,500032,0,1,1,0,7,NEWFANE,July,1,Saturday,19,0,Rural,Low Speed (Local),No,42.922275,-72.66400278,Non-Intersection,Daylight,Clear,Unknown,Unknown,Unknown EMS Scene Arrival Hour,Unknown EMS Scene Arrival Minutes,Unknown,Unknown EMS Hospital Arrival Time,1,Daylight,Clear,1,6,['Rear_Seat'],['None_Used'],0,0,Valid,0.0,0.0,40.0,40.0,['Male'],0,0,5,1,3,Loose/Unpaved,Curve,Grade/Hillcrest,Lowest,No
35149,50,Vermont,500033,0,1,1,0,3,Other,July,16,Sunday,7,29,Rural,High Speed (Arterial),Yes,43.00265,-73.14096111,Non-Intersection,Daylight,Rain,7:00am-7:59am,32,7:00am-7:59am,42,8:00am-8:59am,44,1,Daylight,Rain/Wind/Minor,1,2,['Rear_Seat'],['None_Used'],0,0,Valid,0.0,1.0,22.0,22.0,['Male'],0,0,2,4,2,Wet/Standing Water,Straight,Level,Lowest,No
35150,50,Vermont,500034,0,1,1,0,1,ORWELL,July,18,Tuesday,20,44,Rural,Medium Speed (Collector),No,43.76103889,-73.31249722,Non-Intersection,Dusk,Cloudy,8:00pm-8:59pm,45,9:00pm-9:59pm,0,Not Applicable (Not Transported),Not Applicable (Not Transported),1,Twilight,Reduced Visibility,1,0,['Driver'],['None_Used'],1,1,Valid,0.0,0.0,62.0,62.0,['Male'],0,0,5,4,2,Dry,Curve,Grade/Hillcrest,Lowest,No
35151,50,Vermont,500035,0,2,2,0,4,MENDON,July,24,Monday,10,19,Rural,High Speed (Arterial),Yes,43.652025,-72.89276667,Non-Intersection,Daylight,Clear,10:00am-10:59am,18,10:00am-10:59am,26,11:00am-11:59am,0,2,Daylight,Clear,2,2,"['Driver', 'Front_Passenger']","['None_Used', 'None_Used']",0,0,Valid,0.0,0.0,79.0,73.0,"['Male', 'Female']",0,0,3,4,5,Dry,Straight,Grade/Hillcrest,Lowest,No
35152,50,Vermont,500036,0,2,2,0,2,COLCHESTER,July,24,Monday,16,8,Rural,Low Speed (Local),No,44.59886389,-73.19966667,Complex/Circle,Daylight,Clear,4:00pm-4:59pm,12,4:00pm-4:59pm,24,5:00pm-5:59pm,6,1,Daylight,Clear,1,1,['Driver'],['None_Used'],0,0,Valid,0.0,0.0,38.0,33.0,"['Male', 'Male']",0,0,3,4,5,Dry,Straight,Level,Medium,No
35153,50,Vermont,500037,0,1,1,0,1,MILTON,July,25,Tuesday,20,46,Urban,High Speed (Arterial),Yes,44.67343889,-73.13236111,Non-Intersection,Dark - Not Lighted,Clear,8:00pm-8:59pm,46,9:00pm-9:59pm,0,Not Applicable (Not Transported),Not Applicable (Not Transported),1,Dark - Unlighted,Clear,1,0,['Driver'],['None_Used'],0,0,Valid,0.0,0.0,33.0,33.0,['Male'],0,0,5,4,2,Dry,Straight,Level,Lowest,No
35154,50,Vermont,500038,0,2,2,0,2,EAST MONTPELIER,July,30,Sunday,18,33,Rural,Medium Speed (Collector),No,44.29562222,-72.44364722,Non-Intersection,Daylight,Clear,7:00am-7:59am,0,7:00am-7:59am,2,Not Applicable (Not Transported),Not Applicable (Not Transported),1,Daylight,Clear,1,1,['Driver'],['None_Used'],1,2,Invalid,0.0,0.0,55.0,33.0,"['Male', 'Male']",0,0,5,4,5,Dry,Curve,Grade/Hillcrest,Lowest,No
35155,50,Vermont,500039,1,1,1,0,1,SHELBURNE,August,5,Saturday,22,0,Urban,High Speed (Arterial),Yes,44.36850833,-73.23211111,Non-Intersection,Dark - Not Lighted,Cloudy,10:00pm-10:59pm,11,10:00pm-10:59pm,14,Not Applicable (Not Transported),Not Applicable (Not Transported),1,Dark - Unlighted,Reduced Visibility,0,1,[],[],0,0,Valid,0.0,0.0,75.0,75.0,['Male'],0,0,3,2,4,Dry,Straight,Level,Lowest,No
35156,50,Vermont,500040,0,2,2,0,2,MENDON,August,11,Friday,19,22,Rural,High Speed (Arterial),Yes,43.66385556,-72.83866389,Non-Intersection,Dark - Not Lighted,Clear,7:00pm-7:59pm,24,7:00pm-7:59pm,32,Not Applicable (Not Transported),Not Applicable (Not Transported),1,Dark - Unlighted,Clear,1,1,['Driver'],['None_Used'],1,1,Valid,1.0,0.0,62.0,50.0,"['Male', 'Male']",0,0,3,4,3,Dry,Curve,Grade/Hillcrest,Medium,No
35157,50,Vermont,500041,0,1,1,0,1,SPRINGFIELD,August,12,Saturday,19,26,Rural,Medium Speed (Collector),No,43.29090278,-72.47310833,Simple Junction,Daylight,Clear,7:00pm-7:59pm,27,7:00pm-7:59pm,27,Not Applicable (Not Transported),Not Applicable (Not Transported),1,Daylight,Clear,1,0,['Driver'],['None_Used'],0,0,Invalid,0.0,1.0,27.0,27.0,['Male'],1,0,5,4,3,Dry,Curve,Level,Lowest,Yes
35158,50,Vermont,500042,0,2,2,0,2,WARREN,August,14,Monday,20,25,Rural,Medium Speed (Collector),No,44.06399167,-72.85521667,Non-Intersection,Dark - Not Lighted,Clear,8:00pm-8:59pm,30,8:00pm-8:59pm,47,Not Applicable (Not Transported),Not Applicable (Not Transported),2,Dark - Unlighted,Clear,2,0,"['Driver', 'Driver']","['Shoulder_Lapbelt', 'Shoulder_Lapbelt']",1,2,Valid,0.0,0.0,61.0,37.0,"['Male', 'Male']",1,0,3,4,5,Dry,Curve,Grade/Hillcrest,Lowest,No
35159,50,Vermont,500043,0,1,1,0,1,JAMAICA,August,27,Sunday,20,21,Rural,Medium Speed (Collector),No,43.07768889,-72.72571389,Non-Intersection,Dark - Not Lighted,Clear,8:00pm-8:59pm,26,9:00pm-9:59pm,2,9:00pm-9:59pm,54,1,Dark - Unlighted,Clear,1,0,['Driver'],['None_Used'],1,1,Valid,0.0,2.0,26.0,26.0,['Male'],0,0,5,3,2,Dry,Curve,Level,Lowest,No
35160,50,Vermont,500044,1,1,1,0,1,HARDWICK,September,6,Wednesday,3,26,Rural,Medium Speed (Collector),No,44.51867778,-72.30286944,Non-Intersection,Dark - Not Lighted,"Fog, Smog, Smoke",3:00am-3:59am,23,3:00am-3:59am,42,Not Applicable (Not Transported),Not Applicable (Not Transported),1,Dark - Unlighted,Reduced Visibility,0,1,[],[],0,0,Valid,0.0,0.0,31.0,31.0,['Male'],0,0,2,2,4,Dry,Straight,Level,Lowest,No
35161,50,Vermont,500045,0,1,1,0,1,MORRISVILLE,September,23,Saturday,14,38,Rural,Medium Speed (Collector),No,44.56674722,-72.56725556,Non-Intersection,Daylight,Clear,2:00pm-2:59pm,38,2:00pm-2:59pm,45,Not Applicable (Not Transported),Not Applicable (Not Transported),1,Daylight,Clear,1,0,['Driver'],['None_Used'],1,1,Valid,0.0,0.0,72.0,72.0,['Male'],0,0,5,4,3,Dry,Curve,Level,Lowest,No
35162,50,Vermont,500046,0,1,1,0,6,Other,August,12,Saturday,20,0,Rural,Low Speed (Local),No,43.94410833,-72.68676389,Non-Intersection,Dusk,Cloudy,8:00pm-8:59pm,46,8:00pm-8:59pm,54,9:00pm-9:59pm,35,1,Twilight,Reduced Visibility,1,5,['Rear_Seat'],['Shoulder_Lapbelt'],0,0,Invalid,0.0,0.0,28.0,28.0,['Male'],6,0,3,4,3,Wet/Standing Water,Straight,Grade/Hillcrest,Lowest,No
35163,50,Vermont,500047,0,2,2,0,3,MILTON,October,12,Thursday,12,10,Urban,High Speed (Arterial),No,44.62565,-73.14648333,Non-Intersection,Daylight,Cloudy,12:00pm-12:59pm,9,12:00pm-12:59pm,16,1:00pm-1:59pm,0,1,Daylight,Reduced Visibility,1,2,['Driver'],['Shoulder_Lapbelt'],0,0,Valid,1.0,0.0,72.0,56.0,"['Male', 'Male']",1,0,3,4,5,Dry,Straight,Grade/Hillcrest,Lowest,No
35164,50,Vermont,500048,1,1,1,0,2,RUTLAND,October,14,Saturday,19,50,Urban,High Speed (Arterial),No,43.61106944,-72.97065278,Non-Intersection,Dark - Not Lighted,Clear,7:00pm-7:59pm,50,7:00pm-7:59pm,54,Not Applicable (Not Transported),Not Applicable (Not Transported),1,Dark - Unlighted,Clear,0,1,[],[],0,0,Valid,1.0,0.0,36.0,36.0,['Male'],0,0,3,4,4,Dry,Straight,Grade/Hillcrest,Lowest,No
35165,50,Vermont,500049,0,2,2,0,2,CASTLETON,October,28,Saturday,9,34,Rural,Medium Speed (Collector),No,43.608625,-73.20840833,Complex/Circle,Daylight,Clear,9:00am-9:59am,34,9:00am-9:59am,38,10:00am-10:59am,6,1,Daylight,Clear,1,1,['Driver'],['None_Used'],0,0,Valid,0.0,0.0,69.0,56.0,"['Male', 'Male']",0,0,5,4,5,Dry,Straight,Level,Lowest,No