,State_Code,State_Name,Crash_ID,Count_Non_Motorists,Count_Vehicles_Total,Count_Vehicle_Forms,Count_PVH_Involved,Count_Occupants_MV,City_Name,Month_Name,Day_of_Month,Day_of_Week,Crash_Hour,Crash_Minute,Area_Rural_Urban,Road_Functional_Class,On_NHS_Road,Latitude,Longitude,Intersection_Type,Light_Condition,Weather_Condition,Notif_Hour,Notif_Minute,Arrival_Hour,Arrival_Minute,Hospital_Hour,Hospital_Minute,Fatalities_Count,Clean_Light_Condition,Clean_Weather_Condition,Total_Killed,Total_Alive,Fatal_Seats_List,Killed_Restraint_List,Any_Driver_Drinking,Total_Drinking_Drivers,Driver_License_Category,Driver_Max_Prev_Accident_Count,Driver_Max_Prev_Speeding_Count,Max_Driver_Age,Min_Driver_Age,Driver_Sex_List,Total_Exceeding_Limit_Vehicles,Total_Too_Fast_Vehicles,Max_Vehicle_Type_Severity_5,Max_Vehicle_Damage_Rank,Max_Harmful_Event_Severity,Crash_Road_Surface_Condition,Crash_Horizontal_Alignment,Crash_Vertical_Profile,Crash_Impairment_Category,Crash_Vehicle_Defect
35166,50,Vermont,500050,0,2,2,0,4,MARSHFIELD,October,26,Thursday,9,58,Rural,High Speed (Arterial),Yes,44.30740556,-72.39891667,Non-Intersection,Daylight,Cloudy,10:00am-10:59am,45,11:00am-11:59am,2,11:00am-11:59am,57,1,Daylight,Reduced Visibility,1,3,['Rear_Seat'],['None_Used'],0,0,Invalid,0.0,0.0,60.0,43.0,"['Male', 'Female']",0,0,5,4,5,Dry,Straight,Grade/Hillcrest,Medium,No
35167,50,Vermont,500051,0,1,1,0,1,WEST DUMMERSTON,December,4,Monday,15,11,Rural,High Speed (Arterial),Yes,42.92316667,-72.52647778,Non-Intersection,Daylight,Clear,Unknown,Unknown,Unknown EMS Scene Arrival Hour,Unknown EMS Scene Arrival Minutes,Unknown,Unknown EMS Hospital Arrival Time,1,Daylight,Clear,1,0,['Driver'],['Shoulder_Lapbelt'],0,0,Valid,0.0,0.0,77.0,77.0,['Male'],0,0,2,4,3,Wet/Standing Water,Curve,Level,Medium,No
35168,50,Vermont,500052,0,2,2,0,3,BENNINGTON,August,22,Tuesday,13,48,Urban,High Speed (Arterial),Yes,42.90179167,-73.18555278,Non-Intersection,Daylight,Clear,1:00pm-1:59pm,55,2:00pm-2:59pm,0,3:00pm-3:59pm,3,1,Daylight,Clear,1,2,['Driver'],['Shoulder_Lapbelt'],0,0,Invalid,0.0,0.0,66.0,39.0,"['Female', 'Male']",0,0,3,4,5,Dry,Straight,Level,Lowest,No
35169,50,Vermont,500053,0,2,2,0,2,BOLTON,November,22,Wednesday,7,11,Rural,High Speed (Arterial),Yes,44.38223889,-72.92371111,Non-Intersection,Daylight,Rain,7:00am-7:59am,44,7:00am-7:59am,55,Not Applicable (Not Transported),Not Applicable (Not Transported),1,Daylight,Rain/Wind/Minor,1,1,['Driver'],['None_Used'],0,0,Valid,0.0,0.0,34.0,19.0,"['Male', 'Female']",1,0,2,4,5,Wet/Standing Water,Curve,Grade/Hillcrest,Lowest,Yes
35170,50,Vermont,500054,1,1,1,0,1,SOUTH BURLINGTON,September,25,Monday,20,45,Urban,High Speed (Arterial),Yes,44.43718056,-73.210375,Complex/Circle,Dark - Lighted,Clear,8:00pm-8:59pm,45,8:00pm-8:59pm,50,9:00pm-9:59pm,14,1,Dark - Lighted,Clear,0,1,[],[],1,1,Valid,0.0,0.0,29.0,29.0,['Female'],0,0,3,4,4,Dry,Straight,Level,Lowest,No
35171,50,Vermont,500055,0,2,2,0,2,CLARENDON,October,1,Sunday,11,21,Urban,High Speed (Arterial),Yes,43.56695278,-72.96368889,Complex/Circle,Daylight,Clear,11:00am-11:59am,20,11:00am-11:59am,26,11:00am-11:59am,50,1,Daylight,Clear,1,1,['Driver'],['None_Used'],0,0,Valid,1.0,0.0,70.0,38.0,"['Male', 'Male']",0,0,5,4,5,Dry,Straight,Grade/Hillcrest,Lowest,No
35172,50,Vermont,500056,0,1,1,0,2,VERNON,October,6,Friday,17,7,Rural,Low Speed (Local),No,42.77345278,-72.5213,Non-Intersection,Daylight,Cloudy,Unknown,Unknown,Unknown EMS Scene Arrival Hour,Unknown EMS Scene Arrival Minutes,Unknown,Unknown EMS Hospital Arrival Time,1,Daylight,Reduced Visibility,1,1,['Driver'],['None_Used'],0,0,Invalid,0.0,0.0,53.0,53.0,['Male'],0,0,3,4,4,Dry,Straight,Grade/Hillcrest,Lowest,No
35173,50,Vermont,500057,0,1,1,0,3,Other,October,22,Sunday,12,43,Rural,High Speed (Arterial),Yes,44.72882222,-72.18004167,Non-Intersection,Daylight,Rain,12:00pm-12:59pm,58,1:00pm-1:59pm,11,1:00pm-1:59pm,57,1,Daylight,Rain/Wind/Minor,1,2,['Rear_Seat'],['None_Used'],0,0,Invalid,0.0,0.0,30.0,30.0,['Male'],3,0,3,4,3,Wet/Standing Water,Straight,Grade/Hillcrest,Lowest,No
35174,50,Vermont,500059,0,1,1,0,3,STOWE,November,23,Thursday,1,1,Rural,Low Speed (Local),No,44.43366667,-72.68391111,Simple Junction,Dark - Not Lighted,Clear,Unknown,Unknown,Unknown EMS Scene Arrival Hour,Unknown EMS Scene Arrival Minutes,Unknown,Unknown EMS Hospital Arrival Time,1,Dark - Unlighted,Clear,1,2,['Driver'],['Shoulder_Lapbelt'],1,1,Invalid,1.0,2.0,18.0,18.0,['Male'],3,0,2,4,3,Wet/Standing Water,Straight,Grade/Hillcrest,Lowest,No
35175,50,Vermont,500060,0,2,2,0,3,Other,November,28,Tuesday,12,26,Rural,High Speed (Arterial),Yes,43.66290833,-72.81689722,Non-Intersection,Daylight,Snow,12:00pm-12:59pm,26,12:00pm-12:59pm,32,1:00pm-1:59pm,15,1,Daylight,Snow/Ice/Severe,1,2,['Driver'],['None_Used'],0,0,Valid,0.0,0.0,82.0,71.0,"['Male', 'Male']",0,0,4,4,5,Icy/Snowy,Straight,Grade/Hillcrest,Lowest,No
35176,50,Vermont,500061,0,1,1,0,1,Other,December,12,Tuesday,12,0,Rural,Medium Speed (Collector),No,44.76951667,-72.12764444,Non-Intersection,Daylight,Cloudy,12:00pm-12:59pm,4,12:00pm-12:59pm,16,Not Applicable (Not Transported),Not Applicable (Not Transported),1,Daylight,Reduced Visibility,1,0,['Driver'],['None_Used'],0,0,Valid,0.0,0.0,73.0,73.0,['Female'],0,0,3,4,3,Wet/Standing Water,Curve,Level,Lowest,No
35177,50,Vermont,500062,0,1,1,0,1,ENOSBURG FALLS,December,17,Sunday,21,54,Rural,Medium Speed (Collector),No,44.91971111,-72.76565556,Non-Intersection,Dark - Not Lighted,Rain,9:00pm-9:59pm,53,9:00pm-9:59pm,59,Not Applicable (Not Transported),Not Applicable (Not Transported),1,Dark - Unlighted,Rain/Wind/Minor,1,0,['Driver'],['None_Used'],1,1,Valid,0.0,0.0,69.0,69.0,['Male'],0,0,3,4,2,Wet/Standing Water,Curve,Level,Lowest,No
35178,50,Vermont,500063,0,2,2,0,3,Other,October,28,Saturday,13,8,Rural,Low Speed (Local),No,43.66445833,-72.84295278,Complex/Circle,Daylight,Cloudy,1:00pm-1:59pm,5,1:00pm-1:59pm,24,Not Applicable (Not Transported),Not Applicable (Not Transported),1,Daylight,Reduced Visibility,1,1,['Driver'],['None_Used'],0,0,Valid,0.0,0.0,35.0,34.0,"['Male', 'Male']",1,0,5,4,5,Dry,Curve,Grade/Hillcrest,Lowest,No
35179,50,Vermont,500064,0,1,1,0,1,BRIDPORT,December,25,Monday,10,48,Rural,Low Speed (Local),No,43.96669167,-73.39892778,Non-Intersection,Daylight,Cloudy,10:00am-10:59am,33,10:00am-10:59am,40,Not Applicable (Not Transported),Not Applicable (Not Transported),1,Daylight,Reduced Visibility,1,0,['Driver'],['None_Used'],1,1,Valid,0.0,0.0,25.0,25.0,['Male'],1,0,2,4,3,Wet/Standing Water,Straight,Level,Lowest,No
35180,50,Vermont,500065,1,1,1,0,1,RUTLAND,December,6,Wednesday,22,11,Rural,Medium Speed (Collector),No,43.65202222,-72.95725833,Non-Intersection,Dark - Not Lighted,Cloudy,10:00pm-10:59pm,12,10:00pm-10:59pm,19,Not Applicable (Not Transported),Not Applicable (Not Transported),1,Dark - Unlighted,Reduced Visibility,0,1,[],[],0,0,Valid,0.0,0.0,20.0,20.0,['Male'],0,0,3,4,4,Wet/Standing Water,Curve,Grade/Hillcrest,Lowest,No
35181,50,Vermont,500066,0,2,2,0,4,MENDON,October,12,Thursday,15,44,Rural,High Speed (Arterial),Yes,43.65546667,-72.88557778,Simple Junction,Daylight,Clear,3:00pm-3:59pm,45,3:00pm-3:59pm,52,4:00pm-4:59pm,43,1,Daylight,Clear,1,3,['Front_Passenger'],['None_Used'],0,0,Valid,1.0,1.0,73.0,58.0,"['Male', 'Male']",2,0,3,4,5,Dry,Curve,Grade/Hillcrest,Lowest,No
35182,51,Virginia,510001,1,1,1,0,1,VIRGINIA BEACH,January,1,Sunday,18,0,Urban,Medium Speed (Collector),No,36.63200556,-76.03961944,Non-Intersection,Dark - Lighted,Not Reported,Unknown,Unknown if Notified,Unknown EMS Scene Arrival Hour,Unknown if Arrived,Not Applicable (Not Transported),Not Applicable (Not Transported),1,Dark - Lighted,Clear,0,1,[],[],0,0,Valid,0.0,0.0,32.0,32.0,['Male'],0,0,3,0,4,Dry,Straight,Level,Lowest,No
35183,51,Virginia,510002,0,2,2,0,2,NOT APPLICABLE,January,1,Sunday,16,54,Rural,High Speed (Arterial),Yes,37.875575,-75.55837222,Simple Junction,Daylight,Not Reported,Unknown,Unknown,Unknown EMS Scene Arrival Hour,Unknown EMS Scene Arrival Minutes,Unknown,Unknown EMS Hospital Arrival Time,1,Daylight,Clear,1,1,['Driver'],['None_Used'],0,0,Invalid,0.0,0.0,61.0,39.0,"['Male', 'Male']",0,0,5,4,5,Dry,Straight,Level,Lowest,No
35184,51,Virginia,510003,0,2,2,0,4,NOT APPLICABLE,January,2,Monday,21,32,Rural,High Speed (Arterial),Yes,37.70848611,-78.93292778,Complex/Circle,Dark - Not Lighted,Not Reported,Unknown,Unknown,Unknown EMS Scene Arrival Hour,Unknown EMS Scene Arrival Minutes,Unknown,Unknown EMS Hospital Arrival Time,1,Dark - Unlighted,Clear,1,3,['Front_Passenger'],['None_Used'],0,0,Invalid,0.0,1.0,40.0,37.0,"['Female', 'Female']",0,0,2,4,5,Dry,Straight,Level,Lowest,No
35185,51,Virginia,510004,0,1,1,0,1,NOT APPLICABLE,January,3,Tuesday,0,1,Rural,High Speed (Arterial),Yes,38.09081111,-77.29758611,Non-Intersection,Dark - Not Lighted,Not Reported,Unknown,Unknown if Notified,Unknown EMS Scene Arrival Hour,Unknown if Arrived,Not Applicable (Not Transported),Not Applicable (Not Transported),1,Dark - Unlighted,Clear,1,0,['Driver'],['Shoulder_Lapbelt'],1,1,Valid,0.0,0.0,30.0,30.0,['Male'],0,0,2,4,3,Dry,Curve,Level,Lowest,No
35186,51,Virginia,510005,0,1,1,0,1,NORFOLK,January,3,Tuesday,11,21,Urban,High Speed (Arterial),Yes,36.89891389,-76.27950833,Non-Intersection,Daylight,Not Reported,Unknown,Unknown,Unknown EMS Scene Arrival Hour,Unknown EMS Scene Arrival Minutes,Unknown,Unknown EMS Hospital Arrival Time,1,Daylight,Clear,1,0,['Driver'],['Shoulder_Lapbelt'],0,0,Valid,0.0,0.0,47.0,47.0,['Male'],0,0,2,4,3,Dry,Straight,Level,Lowest,No
35187,51,Virginia,510006,0,2,1,1,1,ROANOKE,January,5,Thursday,2,17,Urban,Medium Speed (Collector),No,37.24420556,-79.96292222,Non-Intersection,Dark - Lighted,Not Reported,Unknown,Unknown if Notified,Unknown EMS Scene Arrival Hour,Unknown if Arrived,Not Applicable (Not Transported),Not Applicable (Not Transported),1,Dark - Lighted,Clear,1,0,['Driver'],['None_Used'],1,1,Invalid,0.0,1.0,38.0,38.0,['Male'],1,0,3,1,3,Dry,Straight,Level,Lowest,No
35188,51,Virginia,510007,0,3,3,0,3,NOT APPLICABLE,January,6,Friday,7,22,Urban,High Speed (Arterial),Yes,37.19061111,-76.48805833,Non-Intersection,Daylight,Not Reported,Unknown,Unknown,Unknown EMS Scene Arrival Hour,Unknown EMS Scene Arrival Minutes,Unknown,Unknown EMS Hospital Arrival Time,1,Daylight,Clear,1,2,['Driver'],['None_Used'],0,0,Valid,0.0,3.0,84.0,26.0,"['Male', 'Male', 'Female']",1,0,3,4,5,Dry,Straight,Non-Trafficway,Lowest,No
35189,51,Virginia,510008,0,1,1,0,2,NOT APPLICABLE,January,5,Thursday,2,33,Urban,Medium Speed (Collector),No,37.52468889,-77.33240278,Non-Intersection,Dark - Not Lighted,Rain,Unknown,Unknown,Unknown EMS Scene Arrival Hour,Unknown EMS Scene Arrival Minutes,Unknown,Unknown EMS Hospital Arrival Time,1,Dark - Unlighted,Rain/Wind/Minor,1,1,['Front_Passenger'],['None_Used'],0,0,Invalid,0.0,0.0,30.0,30.0,['Male'],2,0,2,4,3,Wet/Standing Water,Straight,Level,Lowest,No
35190,51,Virginia,510009,0,2,2,0,6,NOT APPLICABLE,January,5,Thursday,14,40,Rural,High Speed (Arterial),Yes,36.98069722,-77.70321389,Non-Intersection,Daylight,Not Reported,Unknown,Unknown,Unknown EMS Scene Arrival Hour,Unknown EMS Scene Arrival Minutes,Unknown,Unknown EMS Hospital Arrival Time,1,Daylight,Clear,1,5,['Driver'],['None_Used'],0,0,Valid,0.0,2.0,41.0,35.0,"['Female', 'Male']",0,0,3,4,5,Dry,Straight,Level,Lowest,No
35191,51,Virginia,510010,0,2,2,0,2,NOT APPLICABLE,January,6,Friday,1,57,Rural,High Speed (Arterial),Yes,37.973775,-78.20561944,Non-Intersection,Dark - Not Lighted,Not Reported,Unknown,Unknown if Notified,Unknown EMS Scene Arrival Hour,Unknown if Arrived,Not Applicable (Not Transported),Not Applicable (Not Transported),1,Dark - Unlighted,Clear,1,1,['Driver'],['Shoulder_Lapbelt'],1,1,Valid,0.0,0.0,61.0,41.0,"['Female', 'Male']",0,0,4,4,5,Dry,Straight,Level,Lowest,No
35192,51,Virginia,510011,0,2,2,0,2,NOT APPLICABLE,January,7,Saturday,7,3,Rural,Medium Speed (Collector),No,37.70906944,-77.38319167,Non-Intersection,Dawn,Not Reported,Unknown,Unknown,Unknown EMS Scene Arrival Hour,Unknown EMS Scene Arrival Minutes,Unknown,Unknown EMS Hospital Arrival Time,1,Twilight,Clear,1,1,['Driver'],['None_Used'],0,0,Valid,0.0,1.0,30.0,27.0,"['Male', 'Male']",0,0,4,4,5,Dry,Curve,Grade/Hillcrest,Lowest,No
35193,51,Virginia,510012,0,1,1,0,1,NOT APPLICABLE,January,7,Saturday,19,58,Rural,Low Speed (Local),No,37.62061667,-77.49563333,Non-Intersection,Dark - Not Lighted,Not Reported,Unknown,Unknown if Notified,Unknown EMS Scene Arrival Hour,Unknown if Arrived,Not Applicable (Not Transported),Not Applicable (Not Transported),1,Dark - Unlighted,Clear,1,0,['Driver'],['None_Used'],1,1,Invalid,0.0,0.0,32.0,32.0,['Male'],0,0,3,4,2,Dry,Straight,Level,Lowest,No
35194,51,Virginia,510013,0,2,2,0,2,PORTSMOUTH,January,9,Monday,6,34,Urban,High Speed (Arterial),Yes,36.80380833,-76.36923056,Non-Intersection,Dawn,"Fog, Smog, Smoke",Unknown,Unknown,Unknown EMS Scene Arrival Hour,Unknown EMS Scene Arrival Minutes,Unknown,Unknown EMS Hospital Arrival Time,1,Twilight,Reduced Visibility,1,1,['Driver'],['Shoulder_Lapbelt'],0,0,Valid,0.0,0.0,59.0,25.0,"['Male', 'Male']",0,0,4,4,5,Wet/Standing Water,Straight,Level,Lowest,No
35195,51,Virginia,510014,0,2,1,1,1,NORFOLK,January,8,Sunday,19,35,Urban,High Speed (Arterial),No,36.91757222,-76.2602,Non-Intersection,Dark - Lighted,Rain,Unknown,Unknown,Unknown EMS Scene Arrival Hour,Unknown EMS Scene Arrival Minutes,Unknown,Unknown EMS Hospital Arrival Time,1,Dark - Lighted,Rain/Wind/Minor,1,0,['Driver'],['Shoulder_Lapbelt'],0,0,Valid,0.0,0.0,63.0,63.0,['Male'],0,0,2,1,5,Wet/Standing Water,Straight,Level,Lowest,No
35196,51,Virginia,510015,0,1,1,0,1,NOT APPLICABLE,January,8,Sunday,7,40,Rural,Medium Speed (Collector),No,37.08145833,-80.57647778,Non-Intersection,Daylight,Not Reported,Unknown,Unknown,Unknown EMS Scene Arrival Hour,Unknown EMS Scene Arrival Minutes,Unknown,Unknown EMS Hospital Arrival Time,1,Daylight,Clear,1,0,['Driver'],['None_Used'],1,1,Valid,0.0,0.0,19.0,19.0,['Male'],1,0,2,4,4,Wet/Standing Water,Curve,Grade/Hillcrest,Lowest,Yes
35197,51,Virginia,510016,0,1,1,0,1,NOT APPLICABLE,January,8,Sunday,16,32,Urban,Medium Speed (Collector),No,38.68385,-77.42100556,Non-Intersection,Dark - Not Lighted,Not Reported,Unknown,Unknown,Unknown EMS Scene Arrival Hour,Unknown EMS Scene Arrival Minutes,Unknown,Unknown EMS Hospital Arrival Time,1,Dark - Unlighted,Clear,1,0,['Driver'],['Shoulder_Lapbelt'],0,0,Valid,2.0,0.0,61.0,61.0,['Female'],0,0,3,4,2,Dry,Straight,Level,Lowest,No
35198,51,Virginia,510017,0,1,1,0,1,WINCHESTER,January,8,Sunday,18,38,Urban,Medium Speed (Collector),No,39.18021944,-78.14545556,Non-Intersection,Dark - Lighted,Not Reported,Unknown,Unknown,Unknown EMS Scene Arrival Hour,Unknown EMS Scene Arrival Minutes,Unknown,Unknown EMS Hospital Arrival Time,1,Dark - Lighted,Clear,1,0,['Driver'],['None_Used'],1,1,Valid,1.0,5.0,25.0,25.0,['Male'],1,0,5,4,3,Dry,Curve,Level,Lowest,No
35199,51,Virginia,510018,0,3,3,0,3,NOT APPLICABLE,January,9,Monday,17,55,Rural,High Speed (Arterial),Yes,38.13347778,-79.02797222,Non-Intersection,Dark - Not Lighted,Not Reported,Unknown,Unknown if Notified,Unknown EMS Scene Arrival Hour,Unknown if Arrived,Not Applicable (Not Transported),Not Applicable (Not Transported),1,Dark - Unlighted,Clear,1,2,['Driver'],['None_Used'],1,1,Valid,1.0,0.0,45.0,27.0,"['Other', 'Male', 'Male']",2,0,4,4,5,Dry,Curve,Level,Lowest,No
35200,51,Virginia,510019,0,2,2,0,2,NOT APPLICABLE,January,9,Monday,15,30,Rural,High Speed (Arterial),Yes,37.00979722,-80.795675,Non-Intersection,Daylight,Not Reported,Unknown,Unknown,Unknown EMS Scene Arrival Hour,Unknown EMS Scene Arrival Minutes,Unknown,Unknown EMS Hospital Arrival Time,1,Daylight,Clear,1,1,['Driver'],['Shoulder_Lapbelt'],0,0,Valid,0.0,2.0,90.0,31.0,"['Female', 'Male']",0,0,3,4,5,Dry,Curve,Grade/Hillcrest,Lowest,No
35201,51,Virginia,510020,1,1,1,0,1,VIRGINIA BEACH,January,8,Sunday,18,35,Urban,High Speed (Arterial),Yes,36.85165,-76.00904444,Non-Intersection,Dark - Lighted,Rain,Unknown,Unknown,Unknown EMS Scene Arrival Hour,Unknown EMS Scene Arrival Minutes,Unknown,Unknown EMS Hospital Arrival Time,1,Dark - Lighted,Rain/Wind/Minor,0,1,[],[],1,1,Valid,0.0,0.0,91.0,91.0,['Male'],0,0,3,1,4,Wet/Standing Water,Straight,Level,Lowest,No
35202,51,Virginia,510021,0,1,1,0,3,NOT APPLICABLE,January,10,Tuesday,21,26,Urban,Medium Speed (Collector),No,38.75134722,-77.27938056,Non-Intersection,Dark - Not Lighted,Not Reported,Unknown,Unknown,Unknown EMS Scene Arrival Hour,Unknown EMS Scene Arrival Minutes,Unknown,Unknown EMS Hospital Arrival Time,2,Dark - Unlighted,Clear,2,1,"['Driver', 'Rear_Seat']","['Shoulder_Lapbelt', 'None_Used']",0,0,Valid,0.0,0.0,16.0,16.0,['Female'],3,0,2,4,3,Dry,Straight,Grade/Hillcrest,Lowest,No
35203,51,Virginia,510022,0,1,1,0,1,DANVILLE,January,11,Wednesday,11,42,Urban,High Speed (Arterial),Yes,36.54190833,-79.46889722,Non-Intersection,Daylight,Not Reported,Unknown,Unknown if Notified,Unknown EMS Scene Arrival Hour,Unknown if Arrived,Not Applicable (Not Transported),Not Applicable (Not Transported),1,Daylight,Clear,1,0,['Driver'],['None_Used'],0,0,Valid,1.0,0.0,29.0,29.0,['Male'],0,0,2,1,3,Dry,Straight,Level,Lowest,No
35204,51,Virginia,510023,1,1,1,0,1,VIRGINIA BEACH,January,12,Thursday,17,48,Urban,High Speed (Arterial),Yes,36.84024167,-76.109025,Complex/Circle,Dark - Lighted,Not Reported,Unknown,Unknown,Unknown EMS Scene Arrival Hour,Unknown EMS Scene Arrival Minutes,Unknown,Unknown EMS Hospital Arrival Time,1,Dark - Lighted,Clear,0,1,[],[],0,0,Valid,0.0,2.0,49.0,49.0,['Female'],0,0,3,1,4,Dry,Straight,Level,Lowest,No
35205,51,Virginia,510024,0,1,1,0,1,NOT APPLICABLE,January,12,Thursday,17,5,Rural,Medium Speed (Collector),No,36.79843889,-80.16322778,Non-Intersection,Dusk,Rain,Unknown,Unknown,Unknown EMS Scene Arrival Hour,Unknown EMS Scene Arrival Minutes,Unknown,Unknown EMS Hospital Arrival Time,1,Twilight,Rain/Wind/Minor,1,0,['Driver'],['Shoulder_Lapbelt'],0,0,Valid,0.0,0.0,59.0,59.0,['Female'],0,0,2,4,3,Wet/Standing Water,Straight,Grade/Hillcrest,Lowest,No
35206,51,Virginia,510025,0,1,1,0,1,NOT APPLICABLE,January,13,Friday,12,45,Rural,High Speed (Arterial),Yes,38.14288611,-77.15685278,Non-Intersection,Daylight,Not Reported,Unknown,Unknown if Notified,Unknown EMS Scene Arrival Hour,Unknown if Arrived,Not Applicable (Not Transported),Not Applicable (Not Transported),1,Daylight,Clear,1,0,['Driver'],['Shoulder_Lapbelt'],0,0,Valid,0.0,2.0,70.0,70.0,['Female'],0,0,3,4,2,Dry,Curve,Grade/Hillcrest,Lowest,No
35207,51,Virginia,510026,0,2,2,0,2,NOT APPLICABLE,January,13,Friday,14,9,Rural,High Speed (Arterial),Yes,36.86506944,-78.58488889,Simple Junction,Daylight,Not Reported,Unknown,Unknown,Unknown EMS Scene Arrival Hour,Unknown EMS Scene Arrival Minutes,Unknown,Unknown EMS Hospital Arrival Time,1,Daylight,Clear,1,1,['Driver'],['None_Used'],0,0,Valid,0.0,1.0,76.0,53.0,"['Male', 'Male']",0,0,4,4,5,Dry,Straight,Level,Lowest,No
35208,51,Virginia,510027,0,2,2,0,2,NOT APPLICABLE,January,15,Sunday,17,59,Rural,Medium Speed (Collector),No,37.56788889,-79.65176944,Non-Intersection,Dusk,Not Reported,Unknown,Unknown if Notified,Unknown EMS Scene Arrival Hour,Unknown if Arrived,Not Applicable (Not Transported),Not Applicable (Not Transported),1,Twilight,Clear,1,1,['Driver'],['None_Used'],1,1,Valid,0.0,1.0,63.0,44.0,"['Male', 'Female']",0,0,5,4,5,Dry,Straight,Level,Lowest,No
35209,51,Virginia,510028,0,2,2,0,3,CHESAPEAKE,January,13,Friday,4,52,Rural,High Speed (Arterial),Yes,36.63551944,-76.21712778,Non-Intersection,Dark - Not Lighted,Rain,Unknown,Unknown,Unknown EMS Scene Arrival Hour,Unknown EMS Scene Arrival Minutes,Unknown,Unknown EMS Hospital Arrival Time,1,Dark - Unlighted,Rain/Wind/Minor,1,2,['Driver'],['None_Used'],0,0,Valid,0.0,1.0,37.0,24.0,"['Male', 'Male']",2,0,4,4,5,Wet/Standing Water,Straight,Level,Lowest,No
35210,51,Virginia,510029,0,1,1,0,1,RICHMOND,January,15,Sunday,12,42,Urban,Medium Speed (Collector),No,37.57389444,-77.45475,Non-Intersection,Daylight,Not Reported,Unknown,Unknown if Notified,Unknown EMS Scene Arrival Hour,Unknown if Arrived,Not Applicable (Not Transported),Not Applicable (Not Transported),1,Daylight,Clear,1,0,['Driver'],['None_Used'],1,1,Invalid,0.0,0.0,43.0,43.0,['Female'],0,0,3,4,3,Dry,Curve,Level,Lowest,No
35211,51,Virginia,510030,0,2,2,0,2,ROANOKE,January,16,Monday,5,56,Urban,High Speed (Arterial),Yes,37.26388056,-80.01603889,Non-Intersection,Dark - Lighted,Not Reported,Unknown,Unknown,Unknown EMS Scene Arrival Hour,Unknown EMS Scene Arrival Minutes,Unknown,Unknown EMS Hospital Arrival Time,1,Dark - Lighted,Clear,1,1,['Driver'],['None_Used'],0,0,Valid,0.0,1.0,45.0,35.0,"['Male', 'Male']",1,0,3,4,5,Dry,Straight,Level,Lowest,No
35212,51,Virginia,510031,0,2,2,0,5,NOT APPLICABLE,January,13,Friday,11,38,Rural,High Speed (Arterial),Yes,37.56550556,-76.61285833,Complex/Circle,Daylight,Not Reported,Unknown,Unknown,Unknown EMS Scene Arrival Hour,Unknown EMS Scene Arrival Minutes,Unknown,Unknown EMS Hospital Arrival Time,1,Daylight,Clear,1,4,['Front_Passenger'],['None_Used'],0,0,Valid,0.0,0.0,79.0,20.0,"['Female', 'Male']",0,0,3,4,5,Dry,Straight,Level,Lowest,No
35213,51,Virginia,510032,0,2,2,0,2,NOT APPLICABLE,January,16,Monday,8,31,Rural,High Speed (Arterial),Yes,36.58369722,-79.14761111,Non-Intersection,Daylight,Not Reported,Unknown,Unknown,Unknown EMS Scene Arrival Hour,Unknown EMS Scene Arrival Minutes,Unknown,Unknown EMS Hospital Arrival Time,1,Daylight,Clear,1,1,['Driver'],['None_Used'],0,0,Valid,0.0,0.0,61.0,22.0,"['Male', 'Male']",1,0,4,4,5,Dry,Straight,Grade/Hillcrest,Lowest,No
35214,51,Virginia,510033,0,1,1,0,1,NOT APPLICABLE,January,17,Tuesday,6,15,Rural,High Speed (Arterial),Yes,38.44154167,-79.53849722,Non-Intersection,Dark - Not Lighted,Rain,Unknown,Unknown,Unknown EMS Scene Arrival Hour,Unknown EMS Scene Arrival Minutes,Unknown,Unknown EMS Hospital Arrival Time,1,Dark - Unlighted,Rain/Wind/Minor,1,0,['Driver'],['None_Used'],0,0,Valid,0.0,0.0,65.0,65.0,['Male'],0,0,4,4,3,Icy/Snowy,Straight,Grade/Hillcrest,Lowest,No
35215,51,Virginia,510034,1,1,1,0,1,NOT APPLICABLE,January,15,Sunday,20,34,Urban,High Speed (Arterial),Yes,37.27116944,-76.67885556,Non-Intersection,Dark - Not Lighted,Not Reported,Unknown,Unknown,Unknown EMS Scene Arrival Hour,Unknown EMS Scene Arrival Minutes,Unknown,Unknown EMS Hospital Arrival Time,1,Dark - Unlighted,Clear,0,1,[],[],0,0,Valid,0.0,0.0,21.0,21.0,['Male'],0,0,2,4,4,Dry,Curve,Level,Lowest,No
35216,51,Virginia,510035,0,1,1,0,2,NOT APPLICABLE,January,19,Thursday,14,5,Urban,High Speed (Arterial),Yes,38.36048889,-77.76281944,Non-Intersection,Daylight,Rain,Unknown,Unknown if Notified,Unknown EMS Scene Arrival Hour,Unknown if Arrived,Not Applicable (Not Transported),Not Applicable (Not Transported),1,Daylight,Rain/Wind/Minor,1,1,['Front_Passenger'],['Shoulder_Lapbelt'],0,0,Valid,0.0,0.0,86.0,86.0,['Female'],2,0,2,4,3,Wet/Standing Water,Curve,Grade/Hillcrest,Lowest,No