,State_Code,State_Name,Crash_ID,Count_Non_Motorists,Count_Vehicles_Total,Count_Vehicle_Forms,Count_PVH_Involved,Count_Occupants_MV,City_Name,Month_Name,Day_of_Month,Day_of_Week,Crash_Hour,Crash_Minute,Area_Rural_Urban,Road_Functional_Class,On_NHS_Road,Latitude,Longitude,Intersection_Type,Light_Condition,Weather_Condition,Notif_Hour,Notif_Minute,Arrival_Hour,Arrival_Minute,Hospital_Hour,Hospital_Minute,Fatalities_Count,Clean_Light_Condition,Clean_Weather_Condition,Total_Killed,Total_Alive,Fatal_Seats_List,Killed_Restraint_List,Any_Driver_Drinking,Total_Drinking_Drivers,Driver_License_Category,Driver_Max_Prev_Accident_Count,Driver_Max_Prev_Speeding_Count,Max_Driver_Age,Min_Driver_Age,Driver_Sex_List,Total_Exceeding_Limit_Vehicles,Total_Too_Fast_Vehicles,Max_Vehicle_Type_Severity_5,Max_Vehicle_Damage_Rank,Max_Harmful_Event_Severity,Crash_Road_Surface_Condition,Crash_Horizontal_Alignment,Crash_Vertical_Profile,Crash_Impairment_Category,Crash_Vehicle_Defect
35217,51,Virginia,510036,0,1,1,0,1,NOT APPLICABLE,January,19,Thursday,19,37,Rural,Medium Speed (Collector),No,37.04353056,-78.21032778,Non-Intersection,Dark - Not Lighted,Not Reported,Unknown,Unknown if Notified,Unknown EMS Scene Arrival Hour,Unknown if Arrived,Not Applicable (Not Transported),Not Applicable (Not Transported),1,Dark - Unlighted,Clear,1,0,['Driver'],['None_Used'],0,0,Invalid,0.0,0.0,36.0,36.0,['Male'],1,0,2,4,3,Wet/Standing Water,Curve,Grade/Hillcrest,Lowest,No
35218,51,Virginia,510037,1,2,1,1,1,WYTHEVILLE,January,19,Thursday,0,54,Urban,High Speed (Arterial),Yes,36.95782222,-81.10592222,Non-Intersection,Dark - Not Lighted,Not Reported,Unknown,Unknown if Notified,Unknown EMS Scene Arrival Hour,Unknown if Arrived,Not Applicable (Not Transported),Not Applicable (Not Transported),1,Dark - Unlighted,Clear,1,0,['Driver'],['None_Used'],0,0,Valid,1.0,1.0,28.0,28.0,['Male'],0,0,4,4,3,Dry,Straight,Grade/Hillcrest,Lowest,No
35219,51,Virginia,510038,0,1,1,0,1,NOT APPLICABLE,January,19,Thursday,10,15,Rural,Medium Speed (Collector),No,38.51343333,-77.93523333,Non-Intersection,Daylight,Rain,Unknown,Unknown,Unknown EMS Scene Arrival Hour,Unknown EMS Scene Arrival Minutes,Unknown,Unknown EMS Hospital Arrival Time,1,Daylight,Rain/Wind/Minor,1,0,['Driver'],['None_Used'],0,0,Valid,0.0,0.0,26.0,26.0,['Female'],0,0,2,4,3,Wet/Standing Water,Curve,Grade/Hillcrest,Lowest,No
35220,51,Virginia,510039,1,1,1,0,1,NOT APPLICABLE,January,20,Friday,0,21,Urban,High Speed (Arterial),Yes,38.34930833,-77.05495556,Non-Intersection,Dark - Not Lighted,"Fog, Smog, Smoke",Unknown,Unknown if Notified,Unknown EMS Scene Arrival Hour,Unknown if Arrived,Not Applicable (Not Transported),Not Applicable (Not Transported),1,Dark - Unlighted,Reduced Visibility,0,1,[],[],0,0,Valid,0.0,0.0,63.0,63.0,['Male'],0,0,3,1,4,Wet/Standing Water,Straight,Level,Lowest,No
35221,51,Virginia,510040,0,1,1,0,2,NOT APPLICABLE,January,21,Saturday,2,1,Rural,Low Speed (Local),No,38.15334722,-78.98357778,Non-Intersection,Dark - Not Lighted,Not Reported,Unknown,Unknown if Notified,Unknown EMS Scene Arrival Hour,Unknown if Arrived,Not Applicable (Not Transported),Not Applicable (Not Transported),1,Dark - Unlighted,Clear,1,1,['Front_Passenger'],['None_Used'],1,1,Invalid,0.0,2.0,18.0,18.0,['Male'],2,0,3,4,3,Dry,Straight,Level,Lowest,Yes
35222,51,Virginia,510041,0,1,1,0,1,NOT APPLICABLE,January,14,Saturday,16,0,Rural,Medium Speed (Collector),No,36.58400833,-80.27821944,Non-Intersection,Daylight,Not Reported,Unknown,Unknown if Notified,Unknown EMS Scene Arrival Hour,Unknown if Arrived,Not Applicable (Not Transported),Not Applicable (Not Transported),1,Daylight,Clear,1,0,['Driver'],['Shoulder_Lapbelt'],1,1,Valid,0.0,0.0,55.0,55.0,['Male'],0,0,3,4,3,Dry,Straight,Level,Lowest,No
35223,51,Virginia,510042,0,2,2,0,2,NOT APPLICABLE,January,21,Saturday,11,36,Urban,Medium Speed (Collector),No,36.67387222,-79.41783056,Simple Junction,Daylight,Not Reported,Unknown,Unknown,Unknown EMS Scene Arrival Hour,Unknown EMS Scene Arrival Minutes,Unknown,Unknown EMS Hospital Arrival Time,1,Daylight,Clear,1,1,['Driver'],['Shoulder_Lapbelt'],0,0,Valid,1.0,0.0,66.0,17.0,"['Female', 'Female']",1,0,3,4,5,Dry,Straight,Non-Trafficway,Lowest,No
35224,51,Virginia,510043,0,2,2,0,3,NORFOLK,January,15,Sunday,4,13,Urban,Medium Speed (Collector),No,36.91633889,-76.26791389,Non-Intersection,Dark - Lighted,Not Reported,Unknown,Unknown if Notified,Unknown EMS Scene Arrival Hour,Unknown if Arrived,Not Applicable (Not Transported),Not Applicable (Not Transported),1,Dark - Lighted,Clear,1,2,['Front_Passenger'],['None_Used'],0,0,Invalid,0.0,0.0,25.0,15.0,"['Male', 'Male']",0,0,2,4,5,Dry,Straight,Level,Lowest,No
35225,51,Virginia,510044,0,1,1,0,1,NOT APPLICABLE,January,21,Saturday,2,51,Rural,Medium Speed (Collector),No,37.88479167,-78.41987222,Non-Intersection,Dark - Not Lighted,Not Reported,Unknown,Unknown if Notified,Unknown EMS Scene Arrival Hour,Unknown if Arrived,Not Applicable (Not Transported),Not Applicable (Not Transported),1,Dark - Unlighted,Clear,1,0,['Driver'],['None_Used'],1,1,Invalid,0.0,0.0,48.0,48.0,['Male'],0,0,3,4,3,Dry,Straight,Grade/Hillcrest,Lowest,No
35226,51,Virginia,510045,0,2,2,0,3,NOT APPLICABLE,January,21,Saturday,18,37,Rural,Medium Speed (Collector),No,38.29819167,-77.32541667,Non-Intersection,Dark - Not Lighted,Not Reported,Unknown,Unknown,Unknown EMS Scene Arrival Hour,Unknown EMS Scene Arrival Minutes,Unknown,Unknown EMS Hospital Arrival Time,1,Dark - Unlighted,Clear,1,2,['Driver'],['None_Used'],0,0,Valid,0.0,0.0,51.0,47.0,"['Female', 'Male']",0,0,3,4,5,Dry,Straight,Level,Lowest,No
35227,51,Virginia,510046,0,1,1,0,1,NEWPORT NEWS,January,22,Sunday,0,40,Urban,High Speed (Arterial),Yes,37.11635,-76.50160556,Non-Intersection,Dark - Lighted,Not Reported,Unknown,Unknown if Notified,Unknown EMS Scene Arrival Hour,Unknown if Arrived,Not Applicable (Not Transported),Not Applicable (Not Transported),1,Dark - Lighted,Clear,1,0,['Driver'],['None_Used'],0,0,Invalid,0.0,2.0,21.0,21.0,['Male'],1,0,2,4,3,Dry,Straight,Level,Lowest,No
35228,51,Virginia,510047,0,1,1,0,1,NOT APPLICABLE,January,22,Sunday,8,32,Rural,Medium Speed (Collector),No,37.981275,-78.44929444,Non-Intersection,Daylight,Sleet or Hail,Unknown,Unknown,Unknown EMS Scene Arrival Hour,Unknown EMS Scene Arrival Minutes,Unknown,Unknown EMS Hospital Arrival Time,1,Daylight,Snow/Ice/Severe,1,0,['Driver'],['None_Used'],1,1,Valid,0.0,0.0,37.0,37.0,['Male'],0,0,3,4,3,Wet/Standing Water,Curve,Grade/Hillcrest,Lowest,No
35229,51,Virginia,510048,0,1,1,0,1,NOT APPLICABLE,January,23,Monday,18,8,Rural,Medium Speed (Collector),No,36.80228889,-78.64264722,Non-Intersection,Dark - Not Lighted,Not Reported,Unknown,Unknown if Notified,Unknown EMS Scene Arrival Hour,Unknown if Arrived,Not Applicable (Not Transported),Not Applicable (Not Transported),1,Dark - Unlighted,Clear,1,0,['Driver'],['None_Used'],1,1,Invalid,0.0,0.0,64.0,64.0,['Male'],0,0,3,4,3,Dry,Straight,Grade/Hillcrest,Lowest,No
35230,51,Virginia,510049,0,2,2,0,2,NOT APPLICABLE,January,7,Saturday,6,20,Rural,Medium Speed (Collector),No,38.14771389,-77.71078056,Non-Intersection,Dark - Not Lighted,Not Reported,Unknown,Unknown,Unknown EMS Scene Arrival Hour,Unknown EMS Scene Arrival Minutes,Unknown,Unknown EMS Hospital Arrival Time,1,Dark - Unlighted,Clear,1,1,['Driver'],['Shoulder_Lapbelt'],0,0,Valid,0.0,1.0,86.0,34.0,"['Male', 'Male']",0,0,3,4,5,Dry,Straight,Level,Highest,No
35231,51,Virginia,510050,1,1,1,0,1,HAMPTON,January,21,Saturday,14,2,Urban,Low Speed (Local),No,37.03789167,-76.31423333,Complex/Circle,Daylight,Not Reported,Unknown,Unknown,Unknown EMS Scene Arrival Hour,Unknown EMS Scene Arrival Minutes,Unknown,Unknown EMS Hospital Arrival Time,1,Daylight,Clear,0,1,[],[],0,0,Valid,0.0,0.0,66.0,66.0,['Male'],0,0,3,1,4,Dry,Straight,Level,Lowest,No
35232,51,Virginia,510051,0,2,2,0,2,NOT APPLICABLE,January,26,Thursday,11,19,Urban,High Speed (Arterial),Yes,38.55794167,-77.80184444,Simple Junction,Daylight,Not Reported,Unknown,Unknown,Unknown EMS Scene Arrival Hour,Unknown EMS Scene Arrival Minutes,Unknown,Unknown EMS Hospital Arrival Time,1,Daylight,Clear,1,1,['Driver'],['Shoulder_Lapbelt'],0,0,Valid,0.0,2.0,62.0,20.0,"['Female', 'Male']",0,0,4,4,5,Dry,Straight,Level,Lowest,Yes
35233,51,Virginia,510052,0,2,2,0,2,NOT APPLICABLE,January,26,Thursday,19,7,Rural,Medium Speed (Collector),No,36.682625,-81.18691667,Non-Intersection,Dark - Not Lighted,Not Reported,Unknown,Unknown,Unknown EMS Scene Arrival Hour,Unknown EMS Scene Arrival Minutes,Unknown,Unknown EMS Hospital Arrival Time,1,Dark - Unlighted,Clear,1,1,['Driver'],['Shoulder_Lapbelt'],1,1,Valid,0.0,2.0,58.0,51.0,"['Female', 'Female']",0,0,3,4,5,Dry,Curve,Grade/Hillcrest,Lowest,No
35234,51,Virginia,510053,0,1,1,0,2,NOT APPLICABLE,January,23,Monday,3,20,Rural,Medium Speed (Collector),No,38.78273333,-78.60138611,Non-Intersection,Dark - Unknown Lighting,Not Reported,Unknown,Unknown,Unknown EMS Scene Arrival Hour,Unknown EMS Scene Arrival Minutes,Unknown,Unknown EMS Hospital Arrival Time,1,Dark - Unlighted,Clear,1,1,['Driver'],['None_Used'],0,0,Valid,0.0,0.0,65.0,65.0,['Male'],0,0,3,4,3,Dry,Straight,Level,Medium,No
35235,51,Virginia,510054,1,1,1,0,1,RICHMOND,January,27,Friday,8,57,Urban,Medium Speed (Collector),No,37.54583889,-77.45167222,Complex/Circle,Daylight,Not Reported,Unknown,Unknown,Unknown EMS Scene Arrival Hour,Unknown EMS Scene Arrival Minutes,Unknown,Unknown EMS Hospital Arrival Time,1,Daylight,Clear,0,1,[],[],0,0,Valid,1.0,0.0,20.0,20.0,['Female'],0,0,2,1,4,Dry,Straight,Level,Lowest,No
35236,51,Virginia,510055,0,1,1,0,2,DUMFRIES,January,28,Saturday,1,37,Urban,High Speed (Arterial),Yes,38.56519167,-77.32523889,Simple Junction,Dark - Not Lighted,Not Reported,Unknown,Unknown,Unknown EMS Scene Arrival Hour,Unknown EMS Scene Arrival Minutes,Unknown,Unknown EMS Hospital Arrival Time,1,Dark - Unlighted,Clear,1,1,['Front_Passenger'],['None_Used'],1,1,Valid,0.0,0.0,38.0,38.0,['Male'],0,0,3,1,1,Dry,Straight,Level,Lowest,No
35237,51,Virginia,510056,0,1,1,0,4,NOT APPLICABLE,January,28,Saturday,18,43,Rural,Medium Speed (Collector),No,38.16941111,-77.75163333,Non-Intersection,Dark - Not Lighted,Not Reported,Unknown,Unknown,Unknown EMS Scene Arrival Hour,Unknown EMS Scene Arrival Minutes,Unknown,Unknown EMS Hospital Arrival Time,1,Dark - Unlighted,Clear,1,3,['Driver'],['Shoulder_Lapbelt'],0,0,Valid,1.0,0.0,23.0,23.0,['Male'],0,0,3,4,3,Dry,Curve,Level,Lowest,No
35238,51,Virginia,510057,0,1,1,0,1,NOT APPLICABLE,January,28,Saturday,22,50,Urban,High Speed (Arterial),Yes,37.63118056,-77.36980833,Non-Intersection,Dark - Not Lighted,Not Reported,Unknown,Unknown if Notified,Unknown EMS Scene Arrival Hour,Unknown if Arrived,Not Applicable (Not Transported),Not Applicable (Not Transported),1,Dark - Unlighted,Clear,1,0,['Driver'],['Shoulder_Lapbelt'],1,1,Valid,1.0,0.0,41.0,41.0,['Male'],1,0,3,4,3,Dry,Curve,Grade/Hillcrest,Lowest,No
35239,51,Virginia,510058,0,2,2,0,3,NOT APPLICABLE,January,29,Sunday,6,55,Rural,Medium Speed (Collector),No,38.04731667,-79.05420833,Non-Intersection,Dark - Not Lighted,Not Reported,Unknown,Unknown,Unknown EMS Scene Arrival Hour,Unknown EMS Scene Arrival Minutes,Unknown,Unknown EMS Hospital Arrival Time,1,Dark - Unlighted,Clear,1,2,['Driver'],['None_Used'],0,0,Invalid,0.0,1.0,32.0,19.0,"['Male', 'Male']",0,0,3,4,5,Dry,Straight,Grade/Hillcrest,Medium,No
35240,51,Virginia,510059,0,1,1,0,1,NORFOLK,January,30,Monday,1,52,Urban,High Speed (Arterial),Yes,36.84593889,-76.19586944,Non-Intersection,Dark - Lighted,Rain,Unknown,Unknown if Notified,Unknown EMS Scene Arrival Hour,Unknown if Arrived,Not Applicable (Not Transported),Not Applicable (Not Transported),1,Dark - Lighted,Rain/Wind/Minor,1,0,['Driver'],['None_Used'],1,1,Invalid,0.0,0.0,28.0,28.0,['Male'],1,0,3,4,2,Wet/Standing Water,Straight,Level,Lowest,Yes
35241,51,Virginia,510060,0,2,2,0,2,HAMPTON,January,16,Monday,2,1,Urban,High Speed (Arterial),Yes,37.02831944,-76.42643889,Complex/Circle,Dark - Lighted,Not Reported,Unknown,Unknown,Unknown EMS Scene Arrival Hour,Unknown EMS Scene Arrival Minutes,Unknown,Unknown EMS Hospital Arrival Time,1,Dark - Lighted,Clear,1,1,['Driver'],['Shoulder_Lapbelt'],0,0,Valid,1.0,0.0,66.0,43.0,"['Female', 'Male']",0,0,2,4,5,Dry,Straight,Level,Lowest,No
35242,51,Virginia,510061,1,1,1,0,2,NOT APPLICABLE,January,30,Monday,11,41,Urban,Medium Speed (Collector),No,37.23349722,-76.54323611,Non-Intersection,Daylight,Not Reported,Unknown,Unknown if Notified,Unknown EMS Scene Arrival Hour,Unknown if Arrived,Not Applicable (Not Transported),Not Applicable (Not Transported),1,Daylight,Clear,0,2,[],[],0,0,Valid,0.0,1.0,42.0,42.0,['Female'],0,0,3,4,4,Dry,Straight,Level,Lowest,No
35243,51,Virginia,510062,0,1,1,0,2,NOT APPLICABLE,January,31,Tuesday,0,45,Rural,High Speed (Arterial),Yes,37.37028611,-76.53212778,Complex/Circle,Dark - Not Lighted,"Fog, Smog, Smoke",Unknown,Unknown,Unknown EMS Scene Arrival Hour,Unknown EMS Scene Arrival Minutes,Unknown,Unknown EMS Hospital Arrival Time,1,Dark - Unlighted,Reduced Visibility,1,1,['Driver'],['None_Used'],0,0,Valid,0.0,0.0,28.0,28.0,['Male'],0,0,1,4,3,Dry,Straight,Level,Lowest,No
35244,51,Virginia,510063,1,2,2,0,2,NOT APPLICABLE,January,30,Monday,20,20,Urban,High Speed (Arterial),Yes,39.13756944,-78.17562778,Non-Intersection,Dark - Not Lighted,Not Reported,Unknown,Unknown if Notified,Unknown EMS Scene Arrival Hour,Unknown if Arrived,Not Applicable (Not Transported),Not Applicable (Not Transported),1,Dark - Unlighted,Clear,0,2,[],[],0,0,Valid,0.0,1.0,52.0,30.0,"['Male', 'Other']",0,0,2,4,4,Dry,Straight,Level,Lowest,No
35245,51,Virginia,510064,0,2,2,0,3,NOT APPLICABLE,January,30,Monday,13,18,Rural,High Speed (Arterial),Yes,38.00788611,-79.16805278,Non-Intersection,Daylight,Not Reported,Unknown,Unknown,Unknown EMS Scene Arrival Hour,Unknown EMS Scene Arrival Minutes,Unknown,Unknown EMS Hospital Arrival Time,3,Daylight,Clear,3,0,"['Driver', 'Driver', 'Front_Passenger']","['None_Used', 'Shoulder_Lapbelt', 'Shoulder_Lapbelt']",0,0,Valid,0.0,0.0,59.0,51.0,"['Male', 'Male']",0,0,3,4,5,Dry,Straight,Level,Lowest,No
35246,51,Virginia,510065,0,1,1,0,1,NOT APPLICABLE,January,27,Friday,8,45,Rural,High Speed (Arterial),Yes,38.31147778,-78.31925556,Non-Intersection,Daylight,Not Reported,Unknown,Unknown,Unknown EMS Scene Arrival Hour,Unknown EMS Scene Arrival Minutes,Unknown,Unknown EMS Hospital Arrival Time,1,Daylight,Clear,1,0,['Driver'],['Shoulder_Lapbelt'],0,0,Valid,0.0,0.0,44.0,44.0,['Female'],1,0,3,4,3,Dry,Straight,Level,Lowest,No
35247,51,Virginia,510066,1,1,1,0,1,NOT APPLICABLE,January,31,Tuesday,18,20,Urban,High Speed (Arterial),Yes,37.62332778,-77.52815,Non-Intersection,Dark - Not Lighted,Rain,Unknown,Unknown,Unknown EMS Scene Arrival Hour,Unknown EMS Scene Arrival Minutes,Unknown,Unknown EMS Hospital Arrival Time,1,Dark - Unlighted,Rain/Wind/Minor,0,0,[],[],0,0,Invalid,0.0,0.0,998.0,998.0,['Other'],0,0,1,0,4,Wet/Standing Water,Straight,Level,Lowest,No
35248,51,Virginia,510067,1,1,1,0,1,NOT APPLICABLE,February,1,Wednesday,20,17,Urban,Medium Speed (Collector),No,38.255725,-77.42911944,Complex/Circle,Dark - Not Lighted,Not Reported,Unknown,Unknown if Notified,Unknown EMS Scene Arrival Hour,Unknown if Arrived,Not Applicable (Not Transported),Not Applicable (Not Transported),1,Dark - Unlighted,Clear,0,1,[],[],0,0,Valid,0.0,0.0,18.0,18.0,['Female'],0,0,2,4,4,Dry,Straight,Level,Lowest,No
35249,51,Virginia,510068,0,3,3,0,3,RICHMOND,January,27,Friday,12,0,Urban,Medium Speed (Collector),No,37.51398611,-77.44640833,Complex/Circle,Daylight,Not Reported,Unknown,Unknown,Unknown EMS Scene Arrival Hour,Unknown EMS Scene Arrival Minutes,Unknown,Unknown EMS Hospital Arrival Time,1,Daylight,Clear,1,1,['Driver'],['Shoulder_Lapbelt'],1,1,Valid,0.0,1.0,998.0,19.0,"['Male', 'Male', 'Male']",0,0,3,4,5,Dry,Straight,Level,Lowest,No
35250,51,Virginia,510069,1,1,1,0,1,NEWPORT NEWS,February,5,Sunday,2,3,Urban,High Speed (Arterial),Yes,37.07817222,-76.46429722,Non-Intersection,Dark - Lighted,Not Reported,Unknown,Unknown,Unknown EMS Scene Arrival Hour,Unknown EMS Scene Arrival Minutes,Unknown,Unknown EMS Hospital Arrival Time,1,Dark - Lighted,Clear,0,1,[],[],0,0,Invalid,0.0,0.0,40.0,40.0,['Male'],0,0,3,4,4,Dry,Straight,Level,Lowest,No
35251,51,Virginia,510070,0,2,2,0,2,NOT APPLICABLE,February,4,Saturday,2,30,Rural,High Speed (Arterial),Yes,37.73094444,-77.45145,Non-Intersection,Dark - Not Lighted,Not Reported,Unknown,Unknown,Unknown EMS Scene Arrival Hour,Unknown EMS Scene Arrival Minutes,Unknown,Unknown EMS Hospital Arrival Time,1,Dark - Unlighted,Clear,1,1,['Driver'],['None_Used'],1,2,Valid,1.0,1.0,36.0,29.0,"['Male', 'Male']",0,0,3,4,5,Dry,Straight,Level,Lowest,Yes
35252,51,Virginia,510071,0,1,1,0,2,HAMPTON,February,6,Monday,17,15,Urban,High Speed (Arterial),Yes,37.01479722,-76.38776389,Non-Intersection,Daylight,Not Reported,Unknown,Unknown,Unknown EMS Scene Arrival Hour,Unknown EMS Scene Arrival Minutes,Unknown,Unknown EMS Hospital Arrival Time,1,Daylight,Clear,1,1,['Front_Passenger'],['None_Used'],0,0,Invalid,0.0,0.0,44.0,44.0,['Male'],0,0,2,4,3,Dry,Straight,Level,Lowest,No
35253,51,Virginia,510072,0,1,1,0,1,PORTSMOUTH,February,7,Tuesday,13,7,Urban,High Speed (Arterial),Yes,36.80095556,-76.37853333,Non-Intersection,Daylight,Not Reported,Unknown,Unknown,Unknown EMS Scene Arrival Hour,Unknown EMS Scene Arrival Minutes,Unknown,Unknown EMS Hospital Arrival Time,1,Daylight,Clear,1,0,['Driver'],['None_Used'],0,0,Valid,0.0,0.0,19.0,19.0,['Female'],0,0,3,4,3,Dry,Curve,Grade/Hillcrest,Lowest,No
35254,51,Virginia,510073,1,1,1,0,1,NOT APPLICABLE,February,7,Tuesday,22,35,Urban,Medium Speed (Collector),No,38.22475278,-77.48510278,Non-Intersection,Dark - Not Lighted,Not Reported,Unknown,Unknown if Notified,Unknown EMS Scene Arrival Hour,Unknown if Arrived,Not Applicable (Not Transported),Not Applicable (Not Transported),1,Dark - Unlighted,Clear,0,1,[],[],0,0,Valid,0.0,0.0,61.0,61.0,['Female'],0,0,3,1,4,Dry,Straight,Level,Lowest,No
35255,51,Virginia,510074,0,1,1,0,1,NOT APPLICABLE,February,8,Wednesday,13,15,Rural,Medium Speed (Collector),No,38.339825,-77.84688611,Non-Intersection,Daylight,Not Reported,Unknown,Unknown if Notified,Unknown EMS Scene Arrival Hour,Unknown if Arrived,Not Applicable (Not Transported),Not Applicable (Not Transported),1,Daylight,Clear,1,0,['Driver'],['None_Used'],1,1,Valid,0.0,0.0,68.0,68.0,['Male'],0,0,3,4,3,Dry,Curve,Grade/Hillcrest,Lowest,No
35256,51,Virginia,510075,1,1,1,0,1,NOT APPLICABLE,February,9,Thursday,7,5,Urban,Medium Speed (Collector),No,38.29535278,-78.42910833,Non-Intersection,Daylight,Not Reported,Unknown,Unknown if Notified,Unknown EMS Scene Arrival Hour,Unknown if Arrived,Not Applicable (Not Transported),Not Applicable (Not Transported),1,Daylight,Clear,0,1,[],[],0,0,Valid,0.0,0.0,26.0,26.0,['Male'],0,0,2,1,4,Dry,Straight,Level,Lowest,No
35257,51,Virginia,510076,1,2,2,0,2,NOT APPLICABLE,February,7,Tuesday,18,15,Urban,Medium Speed (Collector),No,37.54109722,-77.37493056,Simple Junction,Dark - Not Lighted,Not Reported,Unknown,Unknown,Unknown EMS Scene Arrival Hour,Unknown EMS Scene Arrival Minutes,Unknown,Unknown EMS Hospital Arrival Time,1,Dark - Unlighted,Clear,0,2,[],[],0,0,Valid,0.0,1.0,51.0,27.0,"['Male', 'Male']",0,0,2,1,4,Dry,Straight,Level,Lowest,No
35258,51,Virginia,510077,1,1,1,0,1,NOT APPLICABLE,January,1,Sunday,23,4,Urban,High Speed (Arterial),Yes,37.635225,-77.50903611,Complex/Circle,Dark - Not Lighted,Not Reported,Unknown,Unknown if Notified,Unknown EMS Scene Arrival Hour,Unknown if Arrived,Not Applicable (Not Transported),Not Applicable (Not Transported),1,Dark - Unlighted,Clear,0,1,[],[],0,0,Valid,0.0,0.0,39.0,39.0,['Male'],0,0,3,1,4,Dry,Straight,Level,Lowest,No
35259,51,Virginia,510078,1,1,1,0,1,NOT APPLICABLE,January,10,Tuesday,7,30,Rural,Medium Speed (Collector),No,37.01284722,-77.39259722,Non-Intersection,Dark - Not Lighted,Not Reported,Unknown,Unknown if Notified,Unknown EMS Scene Arrival Hour,Unknown if Arrived,Not Applicable (Not Transported),Not Applicable (Not Transported),1,Dark - Unlighted,Clear,0,0,[],[],0,0,Invalid,0.0,0.0,998.0,998.0,['Other'],0,0,1,0,4,Dry,Straight,Level,Lowest,No
35260,51,Virginia,510079,1,1,1,0,1,CHARLOTTESVILLE,January,12,Thursday,22,55,Urban,High Speed (Arterial),Yes,38.04292222,-78.51228333,Non-Intersection,Dark - Not Lighted,Rain,Unknown,Unknown,Unknown EMS Scene Arrival Hour,Unknown EMS Scene Arrival Minutes,Unknown,Unknown EMS Hospital Arrival Time,1,Dark - Unlighted,Rain/Wind/Minor,0,1,[],[],0,0,Valid,0.0,0.0,54.0,54.0,['Male'],0,0,3,1,4,Wet/Standing Water,Straight,Level,Lowest,No
35261,51,Virginia,510080,1,1,1,0,1,NOT APPLICABLE,February,8,Wednesday,5,50,Rural,Medium Speed (Collector),No,37.18443056,-77.64096111,Non-Intersection,Dark - Not Lighted,Not Reported,Unknown,Unknown if Notified,Unknown EMS Scene Arrival Hour,Unknown if Arrived,Not Applicable (Not Transported),Not Applicable (Not Transported),1,Dark - Unlighted,Clear,0,1,[],[],0,0,Valid,0.0,0.0,47.0,47.0,['Female'],0,0,2,1,4,Dry,Straight,Level,Lowest,No
35262,51,Virginia,510081,0,1,1,0,1,NOT APPLICABLE,February,1,Wednesday,15,58,Rural,Medium Speed (Collector),No,37.46772778,-77.83613889,Non-Intersection,Daylight,Not Reported,Unknown,Unknown if Notified,Unknown EMS Scene Arrival Hour,Unknown if Arrived,Not Applicable (Not Transported),Not Applicable (Not Transported),1,Daylight,Clear,1,0,['Driver'],['Shoulder_Lapbelt'],0,0,Valid,0.0,0.0,18.0,18.0,['Female'],1,0,2,4,3,Dry,Straight,Level,Lowest,No
35263,51,Virginia,510082,0,1,1,0,2,NOT APPLICABLE,February,11,Saturday,2,23,Urban,High Speed (Arterial),Yes,37.34858056,-80.807875,Non-Intersection,Dark - Not Lighted,Not Reported,Unknown,Unknown,Unknown EMS Scene Arrival Hour,Unknown EMS Scene Arrival Minutes,Unknown,Unknown EMS Hospital Arrival Time,1,Dark - Unlighted,Clear,1,1,['Driver'],['None_Used'],0,0,Invalid,0.0,0.0,35.0,35.0,['Male'],2,0,2,4,3,Dry,Curve,Level,Lowest,No
35264,51,Virginia,510083,0,2,2,0,2,NOT APPLICABLE,February,12,Sunday,2,20,Rural,High Speed (Arterial),Yes,38.03518889,-77.50001667,Non-Intersection,Dark - Not Lighted,Not Reported,Unknown,Unknown if Notified,Unknown EMS Scene Arrival Hour,Unknown if Arrived,Not Applicable (Not Transported),Not Applicable (Not Transported),1,Dark - Unlighted,Clear,1,1,['Driver'],['Shoulder_Lapbelt'],1,1,Valid,1.0,1.0,48.0,23.0,"['Female', 'Male']",1,0,2,4,5,Dry,Straight,Level,Lowest,No
35265,51,Virginia,510084,0,2,2,0,2,CHESAPEAKE,February,12,Sunday,13,48,Rural,High Speed (Arterial),Yes,36.69370278,-76.35786944,Simple Junction,Daylight,Rain,Unknown,Unknown,Unknown EMS Scene Arrival Hour,Unknown EMS Scene Arrival Minutes,Unknown,Unknown EMS Hospital Arrival Time,1,Daylight,Rain/Wind/Minor,1,1,['Driver'],['Shoulder_Lapbelt'],0,0,Valid,0.0,0.0,69.0,34.0,"['Male', 'Female']",1,0,3,4,5,Wet/Standing Water,Curve,Level,Lowest,Yes
35266,51,Virginia,510085,1,1,1,0,1,NEWPORT NEWS,February,3,Friday,14,46,Urban,High Speed (Arterial),No,37.08591111,-76.48228056,Simple Junction,Daylight,Not Reported,Unknown,Unknown,Unknown EMS Scene Arrival Hour,Unknown EMS Scene Arrival Minutes,Unknown,Unknown EMS Hospital Arrival Time,1,Daylight,Clear,0,1,[],[],0,0,Valid,2.0,0.0,67.0,67.0,['Male'],0,0,3,1,4,Dry,Straight,Level,Lowest,No