,State_Code,State_Name,Crash_ID,Count_Non_Motorists,Count_Vehicles_Total,Count_Vehicle_Forms,Count_PVH_Involved,Count_Occupants_MV,City_Name,Month_Name,Day_of_Month,Day_of_Week,Crash_Hour,Crash_Minute,Area_Rural_Urban,Road_Functional_Class,On_NHS_Road,Latitude,Longitude,Intersection_Type,Light_Condition,Weather_Condition,Notif_Hour,Notif_Minute,Arrival_Hour,Arrival_Minute,Hospital_Hour,Hospital_Minute,Fatalities_Count,Clean_Light_Condition,Clean_Weather_Condition,Total_Killed,Total_Alive,Fatal_Seats_List,Killed_Restraint_List,Any_Driver_Drinking,Total_Drinking_Drivers,Driver_License_Category,Driver_Max_Prev_Accident_Count,Driver_Max_Prev_Speeding_Count,Max_Driver_Age,Min_Driver_Age,Driver_Sex_List,Total_Exceeding_Limit_Vehicles,Total_Too_Fast_Vehicles,Max_Vehicle_Type_Severity_5,Max_Vehicle_Damage_Rank,Max_Harmful_Event_Severity,Crash_Road_Surface_Condition,Crash_Horizontal_Alignment,Crash_Vertical_Profile,Crash_Impairment_Category,Crash_Vehicle_Defect
35267,51,Virginia,510086,0,1,1,0,1,NOT APPLICABLE,February,12,Sunday,22,20,Rural,High Speed (Arterial),Yes,38.35631944,-77.06878611,Non-Intersection,Dark - Not Lighted,Rain,Unknown,Unknown,Unknown EMS Scene Arrival Hour,Unknown EMS Scene Arrival Minutes,Unknown,Unknown EMS Hospital Arrival Time,1,Dark - Unlighted,Rain/Wind/Minor,1,0,['Driver'],['None_Used'],1,1,Valid,0.0,0.0,44.0,44.0,['Female'],1,0,3,4,3,Wet/Standing Water,Curve,Level,Lowest,No
35268,51,Virginia,510087,0,3,3,0,4,SUFFOLK,February,12,Sunday,22,43,Rural,High Speed (Arterial),Yes,36.87147222,-76.58267778,Non-Intersection,Dark - Not Lighted,Rain,Unknown,Unknown if Notified,Unknown EMS Scene Arrival Hour,Unknown if Arrived,Not Applicable (Not Transported),Not Applicable (Not Transported),1,Dark - Unlighted,Rain/Wind/Minor,1,1,['Front_Passenger'],['None_Used'],0,0,Invalid,0.0,0.0,998.0,29.0,"['Male', 'Other', 'Other']",0,0,2,1,5,Wet/Standing Water,Straight,Level,Lowest,No
35269,51,Virginia,510088,0,1,1,0,1,HAMPTON,February,15,Wednesday,22,51,Urban,Low Speed (Local),No,37.08141389,-76.39287778,Non-Intersection,Dark - Lighted,Not Reported,Unknown,Unknown,Unknown EMS Scene Arrival Hour,Unknown EMS Scene Arrival Minutes,Unknown,Unknown EMS Hospital Arrival Time,1,Dark - Lighted,Clear,1,0,['Driver'],['None_Used'],0,0,Valid,1.0,4.0,30.0,30.0,['Male'],1,0,5,4,2,Dry,Curve,Level,Lowest,No
35270,51,Virginia,510089,1,1,1,0,1,NOT APPLICABLE,February,16,Thursday,18,12,Rural,Low Speed (Local),No,37.02043056,-77.51466944,Non-Intersection,Dusk,Not Reported,Unknown,Unknown,Unknown EMS Scene Arrival Hour,Unknown EMS Scene Arrival Minutes,Unknown,Unknown EMS Hospital Arrival Time,1,Twilight,Clear,0,0,[],[],0,0,Valid,0.0,0.0,998.0,998.0,['Other'],0,0,1,0,4,Dry,Straight,Level,Lowest,No
35271,51,Virginia,510090,0,2,2,0,2,VIRGINIA BEACH,February,16,Thursday,21,37,Rural,Medium Speed (Collector),No,36.70409167,-76.02247778,Simple Junction,Dark - Lighted,Not Reported,Unknown,Unknown if Notified,Unknown EMS Scene Arrival Hour,Unknown if Arrived,Not Applicable (Not Transported),Not Applicable (Not Transported),1,Dark - Lighted,Clear,1,1,['Driver'],['None_Used'],0,0,Valid,0.0,0.0,58.0,38.0,"['Male', 'Female']",1,0,5,4,5,Dry,Straight,Level,Lowest,No
35272,51,Virginia,510091,0,1,1,0,1,NOT APPLICABLE,February,19,Sunday,3,20,Rural,Medium Speed (Collector),No,37.84671944,-76.58136111,Non-Intersection,Dark - Not Lighted,Not Reported,Unknown,Unknown if Notified,Unknown EMS Scene Arrival Hour,Unknown if Arrived,Not Applicable (Not Transported),Not Applicable (Not Transported),1,Dark - Unlighted,Clear,1,0,['Driver'],['Shoulder_Lapbelt'],1,1,Valid,0.0,1.0,25.0,25.0,['Male'],1,0,2,4,3,Dry,Straight,Level,Lowest,No
35273,51,Virginia,510092,0,1,1,0,2,NOT APPLICABLE,February,20,Monday,23,30,Rural,Medium Speed (Collector),No,36.77983333,-82.35398889,Non-Intersection,Dark - Not Lighted,"Fog, Smog, Smoke",Unknown,Unknown,Unknown EMS Scene Arrival Hour,Unknown EMS Scene Arrival Minutes,Unknown,Unknown EMS Hospital Arrival Time,2,Dark - Unlighted,Reduced Visibility,2,0,"['Driver', 'Front_Passenger']","['None_Used', 'None_Used']",0,0,Invalid,0.0,3.0,64.0,64.0,['Other'],2,0,2,4,3,Wet/Standing Water,Curve,Grade/Hillcrest,Lowest,No
35274,51,Virginia,510093,0,1,1,0,1,NOT APPLICABLE,February,21,Tuesday,1,46,Urban,Medium Speed (Collector),No,38.84478333,-77.09459167,Simple Junction,Dark - Lighted,Not Reported,Unknown,Unknown,Unknown EMS Scene Arrival Hour,Unknown EMS Scene Arrival Minutes,Unknown,Unknown EMS Hospital Arrival Time,1,Dark - Lighted,Clear,1,0,['Driver'],['None_Used'],1,1,Valid,0.0,1.0,20.0,20.0,['Female'],0,0,2,4,3,Oil/Contaminated,Straight,Level,Lowest,No
35275,51,Virginia,510094,0,1,1,0,1,NOT APPLICABLE,February,21,Tuesday,16,0,Rural,Medium Speed (Collector),No,37.77508056,-78.77103889,Non-Intersection,Daylight,Not Reported,Unknown,Unknown if Notified,Unknown EMS Scene Arrival Hour,Unknown if Arrived,Not Applicable (Not Transported),Not Applicable (Not Transported),1,Daylight,Clear,1,0,['Driver'],['None_Used'],0,0,Valid,0.0,0.0,86.0,86.0,['Male'],0,0,2,4,3,Dry,Straight,Grade/Hillcrest,Lowest,No
35276,51,Virginia,510095,0,1,1,0,1,NOT APPLICABLE,February,21,Tuesday,11,43,Rural,Low Speed (Local),No,37.93567778,-78.13998056,Non-Intersection,Daylight,Not Reported,Unknown,Unknown if Notified,Unknown EMS Scene Arrival Hour,Unknown if Arrived,Not Applicable (Not Transported),Not Applicable (Not Transported),1,Daylight,Clear,1,0,['Driver'],['None_Used'],0,0,Valid,0.0,0.0,55.0,55.0,['Male'],1,0,5,4,2,Dry,Curve,Level,Lowest,No
35277,51,Virginia,510096,0,2,2,0,2,NOT APPLICABLE,February,23,Thursday,17,48,Rural,Medium Speed (Collector),No,36.66114722,-79.29904722,Non-Intersection,Dusk,Not Reported,Unknown,Unknown,Unknown EMS Scene Arrival Hour,Unknown EMS Scene Arrival Minutes,Unknown,Unknown EMS Hospital Arrival Time,1,Twilight,Clear,1,1,['Driver'],['Shoulder_Lapbelt'],0,0,Valid,0.0,0.0,81.0,21.0,"['Male', 'Male']",0,0,3,4,5,Dry,Straight,Level,Lowest,No
35278,51,Virginia,510097,0,3,3,0,3,NOT APPLICABLE,February,23,Thursday,5,19,Urban,High Speed (Arterial),Yes,36.58075833,-79.30390833,Non-Intersection,Dark - Not Lighted,Not Reported,Unknown,Unknown if Notified,Unknown EMS Scene Arrival Hour,Unknown if Arrived,Not Applicable (Not Transported),Not Applicable (Not Transported),1,Dark - Unlighted,Clear,1,2,['Driver'],['None_Used'],0,0,Valid,1.0,0.0,50.0,36.0,"['Male', 'Male', 'Male']",0,0,4,4,5,Dry,Straight,Grade/Hillcrest,Lowest,No
35279,51,Virginia,510098,0,1,1,0,1,WISE,February,21,Tuesday,15,29,Urban,Low Speed (Local),No,36.98441944,-82.56577778,Non-Intersection,Daylight,Not Reported,Unknown,Unknown,Unknown EMS Scene Arrival Hour,Unknown EMS Scene Arrival Minutes,Unknown,Unknown EMS Hospital Arrival Time,1,Daylight,Clear,1,0,['Driver'],['None_Used'],0,0,Valid,1.0,0.0,40.0,40.0,['Female'],1,0,3,4,2,Dry,Curve,Level,Lowest,Yes
35280,51,Virginia,510099,0,2,2,0,2,NOT APPLICABLE,February,23,Thursday,14,40,Rural,High Speed (Arterial),Yes,37.25196944,-79.18721111,Non-Intersection,Daylight,Not Reported,Unknown,Unknown,Unknown EMS Scene Arrival Hour,Unknown EMS Scene Arrival Minutes,Unknown,Unknown EMS Hospital Arrival Time,1,Daylight,Clear,1,1,['Driver'],['None_Used'],0,0,Valid,0.0,0.0,86.0,65.0,"['Male', 'Male']",0,0,3,4,5,Dry,Straight,Non-Trafficway,Lowest,No
35281,51,Virginia,510100,0,1,1,0,2,NOT APPLICABLE,January,27,Friday,2,13,Urban,High Speed (Arterial),Yes,38.82997222,-77.19241944,Non-Intersection,Dark - Lighted,Not Reported,Unknown,Unknown,Unknown EMS Scene Arrival Hour,Unknown EMS Scene Arrival Minutes,Unknown,Unknown EMS Hospital Arrival Time,1,Dark - Lighted,Clear,1,1,['Non_Standard_Risk'],['None_Used'],1,1,Invalid,0.0,0.0,29.0,29.0,['Male'],0,0,1,4,3,Dry,Straight,Level,Lowest,No
35282,51,Virginia,510101,0,1,1,0,1,NOT APPLICABLE,February,9,Thursday,5,40,Rural,High Speed (Arterial),Yes,38.37391667,-77.45859444,Non-Intersection,Dark - Not Lighted,Not Reported,Unknown,Unknown,Unknown EMS Scene Arrival Hour,Unknown EMS Scene Arrival Minutes,Unknown,Unknown EMS Hospital Arrival Time,1,Dark - Unlighted,Clear,1,0,['Driver'],['None_Used'],0,0,Valid,0.0,0.0,62.0,62.0,['Male'],0,0,5,4,3,Dry,Straight,Grade/Hillcrest,Lowest,No
35283,51,Virginia,510102,1,1,1,0,1,VIRGINIA BEACH,February,11,Saturday,18,24,Urban,High Speed (Arterial),Yes,36.90607778,-76.14778889,Non-Intersection,Dark - Lighted,Not Reported,Unknown,Unknown,Unknown EMS Scene Arrival Hour,Unknown EMS Scene Arrival Minutes,Unknown,Unknown EMS Hospital Arrival Time,1,Dark - Lighted,Clear,0,1,[],[],0,0,Valid,0.0,0.0,42.0,42.0,['Male'],0,0,2,4,4,Dry,Straight,Level,Lowest,No
35284,51,Virginia,510103,1,1,1,0,1,WAYNESBORO,February,5,Sunday,18,55,Urban,High Speed (Arterial),Yes,38.06892222,-78.88296111,Non-Intersection,Dark - Lighted,Not Reported,Unknown,Unknown,Unknown EMS Scene Arrival Hour,Unknown EMS Scene Arrival Minutes,Unknown,Unknown EMS Hospital Arrival Time,1,Dark - Lighted,Clear,0,1,[],[],0,0,Invalid,0.0,0.0,56.0,56.0,['Male'],0,0,2,1,4,Dry,Curve,Grade/Hillcrest,Lowest,No
35285,51,Virginia,510104,0,1,1,0,1,NOT APPLICABLE,February,22,Wednesday,19,20,Rural,Medium Speed (Collector),No,38.06218333,-79.11351111,Non-Intersection,Dark - Not Lighted,Not Reported,Unknown,Unknown,Unknown EMS Scene Arrival Hour,Unknown EMS Scene Arrival Minutes,Unknown,Unknown EMS Hospital Arrival Time,1,Dark - Unlighted,Clear,1,0,['Driver'],['None_Used'],0,0,Valid,0.0,0.0,61.0,61.0,['Male'],0,0,3,4,2,Dry,Straight,Grade/Hillcrest,Lowest,No
35286,51,Virginia,510106,0,1,1,0,1,NOT APPLICABLE,January,16,Monday,23,13,Rural,Low Speed (Local),No,37.97503889,-76.59418333,Non-Intersection,Dark - Not Lighted,Not Reported,Unknown,Unknown if Notified,Unknown EMS Scene Arrival Hour,Unknown if Arrived,Not Applicable (Not Transported),Not Applicable (Not Transported),1,Dark - Unlighted,Clear,1,0,['Driver'],['None_Used'],1,1,Valid,0.0,0.0,50.0,50.0,['Male'],1,0,3,4,2,Dry,Curve,Grade/Hillcrest,Lowest,No
35287,51,Virginia,510107,1,1,1,0,1,NOT APPLICABLE,February,23,Thursday,5,5,Urban,High Speed (Arterial),No,37.31793333,-77.30319444,Non-Intersection,Dark - Not Lighted,Not Reported,Unknown,Unknown,Unknown EMS Scene Arrival Hour,Unknown EMS Scene Arrival Minutes,Unknown,Unknown EMS Hospital Arrival Time,1,Dark - Unlighted,Clear,0,1,[],[],0,0,Valid,0.0,1.0,21.0,21.0,['Male'],0,0,2,4,4,Dry,Straight,Level,Lowest,No
35288,51,Virginia,510108,0,2,2,0,4,NOT APPLICABLE,February,23,Thursday,14,34,Rural,Medium Speed (Collector),No,37.24243611,-79.05163889,Simple Junction,Daylight,Not Reported,Unknown,Unknown,Unknown EMS Scene Arrival Hour,Unknown EMS Scene Arrival Minutes,Unknown,Unknown EMS Hospital Arrival Time,1,Daylight,Clear,1,3,['Driver'],['None_Used'],0,0,Valid,0.0,1.0,78.0,40.0,"['Male', 'Male']",0,0,3,4,5,Dry,Straight,Level,Lowest,No
35289,51,Virginia,510109,0,2,2,0,2,NOT APPLICABLE,February,27,Monday,7,46,Urban,Medium Speed (Collector),No,36.60659444,-82.09919167,Non-Intersection,Daylight,Rain,Unknown,Unknown,Unknown EMS Scene Arrival Hour,Unknown EMS Scene Arrival Minutes,Unknown,Unknown EMS Hospital Arrival Time,1,Daylight,Rain/Wind/Minor,1,1,['Driver'],['Lapbelt_Only'],0,0,Valid,0.0,0.0,54.0,20.0,"['Female', 'Male']",0,0,3,4,5,Wet/Standing Water,Straight,Grade/Hillcrest,Lowest,No
35290,51,Virginia,510110,0,1,1,0,2,NOT APPLICABLE,February,28,Tuesday,11,20,Rural,High Speed (Arterial),Yes,38.13914167,-77.50827222,Non-Intersection,Daylight,Not Reported,Unknown,Unknown,Unknown EMS Scene Arrival Hour,Unknown EMS Scene Arrival Minutes,Unknown,Unknown EMS Hospital Arrival Time,1,Daylight,Clear,1,1,['Driver'],['None_Used'],0,0,Invalid,0.0,0.0,33.0,33.0,['Female'],0,0,2,4,3,Dry,Straight,Level,Lowest,No
35291,51,Virginia,510111,0,3,3,0,3,PORTSMOUTH,February,28,Tuesday,22,52,Urban,Medium Speed (Collector),No,36.8015,-76.38138889,Non-Intersection,Dark - Lighted,Not Reported,Unknown,Unknown,Unknown EMS Scene Arrival Hour,Unknown EMS Scene Arrival Minutes,Unknown,Unknown EMS Hospital Arrival Time,1,Dark - Lighted,Clear,1,2,['Driver'],['None_Used'],0,0,Invalid,0.0,3.0,46.0,24.0,"['Male', 'Female', 'Male']",0,0,3,1,5,Dry,Straight,Level,Medium,No
35292,51,Virginia,510112,0,3,1,2,2,HAMPTON,March,1,Wednesday,23,59,Urban,Medium Speed (Collector),No,37.04523056,-76.39598056,Non-Intersection,Dark - Lighted,Not Reported,Unknown,Unknown,Unknown EMS Scene Arrival Hour,Unknown EMS Scene Arrival Minutes,Unknown,Unknown EMS Hospital Arrival Time,1,Dark - Lighted,Clear,1,1,['Front_Passenger'],['Shoulder_Lapbelt'],1,1,Invalid,0.0,0.0,21.0,21.0,['Female'],2,0,2,4,3,Dry,Curve,Level,Lowest,No
35293,51,Virginia,510113,0,1,1,0,1,NOT APPLICABLE,February,24,Friday,4,30,Urban,High Speed (Arterial),Yes,38.89033056,-77.21777778,Non-Intersection,Dark - Not Lighted,Not Reported,Unknown,Unknown if Notified,Unknown EMS Scene Arrival Hour,Unknown if Arrived,Not Applicable (Not Transported),Not Applicable (Not Transported),1,Dark - Unlighted,Clear,1,0,['Driver'],['Shoulder_Lapbelt'],1,1,Valid,0.0,0.0,25.0,25.0,['Male'],1,0,2,4,3,Dry,Straight,Level,Lowest,No
35294,51,Virginia,510114,0,1,1,0,1,NOT APPLICABLE,February,24,Friday,20,35,Rural,High Speed (Arterial),Yes,36.80786111,-81.63703056,Non-Intersection,Dark - Not Lighted,Not Reported,Unknown,Unknown,Unknown EMS Scene Arrival Hour,Unknown EMS Scene Arrival Minutes,Unknown,Unknown EMS Hospital Arrival Time,1,Dark - Unlighted,Clear,1,0,['Driver'],['None_Used'],1,1,Valid,0.0,0.0,25.0,25.0,['Male'],0,0,3,4,3,Dry,Straight,Level,Lowest,No
35295,51,Virginia,510115,0,3,3,0,3,NOT APPLICABLE,February,13,Monday,6,19,Urban,Medium Speed (Collector),No,38.86465,-77.61512778,Complex/Circle,Dark - Not Lighted,Not Reported,Unknown,Unknown,Unknown EMS Scene Arrival Hour,Unknown EMS Scene Arrival Minutes,Unknown,Unknown EMS Hospital Arrival Time,1,Dark - Unlighted,Clear,1,2,['Driver'],['Shoulder_Lapbelt'],0,0,Valid,0.0,0.0,87.0,31.0,"['Male', 'Male', 'Male']",0,0,3,4,5,Wet/Standing Water,Straight,Grade/Hillcrest,Lowest,No
35296,51,Virginia,510116,0,1,1,0,3,SUFFOLK,February,12,Sunday,20,36,Rural,High Speed (Arterial),Yes,36.86168611,-76.45853333,Non-Intersection,Dark - Not Lighted,Rain,Unknown,Unknown,Unknown EMS Scene Arrival Hour,Unknown EMS Scene Arrival Minutes,Unknown,Unknown EMS Hospital Arrival Time,1,Dark - Unlighted,Rain/Wind/Minor,1,2,['Driver'],['None_Used'],0,0,Valid,0.0,0.0,47.0,47.0,['Male'],0,0,3,4,3,Wet/Standing Water,Straight,Level,Lowest,No
35297,51,Virginia,510117,1,1,1,0,1,ROANOKE,February,17,Friday,5,54,Urban,High Speed (Arterial),Yes,37.29835,-79.93956944,Non-Intersection,Dark - Lighted,Rain,Unknown,Unknown if Notified,Unknown EMS Scene Arrival Hour,Unknown if Arrived,Not Applicable (Not Transported),Not Applicable (Not Transported),1,Dark - Lighted,Rain/Wind/Minor,0,1,[],[],0,0,Valid,1.0,0.0,58.0,58.0,['Male'],1,0,3,1,4,Wet/Standing Water,Straight,Level,Lowest,No
35298,51,Virginia,510118,0,1,1,0,1,NOT APPLICABLE,January,12,Thursday,10,18,Rural,Low Speed (Local),No,37.36089167,-77.31610833,Non-Intersection,Daylight,Not Reported,Unknown,Unknown,Unknown EMS Scene Arrival Hour,Unknown EMS Scene Arrival Minutes,Unknown,Unknown EMS Hospital Arrival Time,1,Daylight,Clear,1,0,['Driver'],['None_Used'],0,0,Valid,0.0,1.0,52.0,52.0,['Male'],0,0,3,4,4,Dry,Straight,Level,Lowest,No
35299,51,Virginia,510119,2,1,1,0,1,NOT APPLICABLE,January,13,Friday,18,46,Urban,High Speed (Arterial),Yes,38.08009722,-78.47541667,Non-Intersection,Dark - Lighted,Not Reported,Unknown,Unknown,Unknown EMS Scene Arrival Hour,Unknown EMS Scene Arrival Minutes,Unknown,Unknown EMS Hospital Arrival Time,1,Dark - Lighted,Clear,0,1,[],[],0,0,Valid,0.0,0.0,53.0,53.0,['Female'],0,0,2,4,4,Dry,Straight,Grade/Hillcrest,Lowest,No
35300,51,Virginia,510120,0,1,1,0,3,NOT APPLICABLE,January,16,Monday,5,36,Urban,High Speed (Arterial),Yes,37.51520833,-77.52722222,Non-Intersection,Dark - Not Lighted,Not Reported,Unknown,Unknown,Unknown EMS Scene Arrival Hour,Unknown EMS Scene Arrival Minutes,Unknown,Unknown EMS Hospital Arrival Time,1,Dark - Unlighted,Clear,1,2,['Rear_Seat'],['None_Used'],0,0,Invalid,0.0,0.0,36.0,36.0,['Male'],3,0,3,4,3,Dry,Curve,Grade/Hillcrest,Lowest,No
35301,51,Virginia,510121,0,2,2,0,2,HAMPTON,January,27,Friday,22,47,Urban,Medium Speed (Collector),No,37.01664722,-76.37941111,Non-Intersection,Dark - Not Lighted,Not Reported,Unknown,Unknown,Unknown EMS Scene Arrival Hour,Unknown EMS Scene Arrival Minutes,Unknown,Unknown EMS Hospital Arrival Time,1,Dark - Unlighted,Clear,1,1,['Driver'],['None_Used'],1,2,Valid,1.0,0.0,69.0,20.0,"['Female', 'Male']",0,0,2,4,5,Dry,Straight,Level,Lowest,No
35302,51,Virginia,510122,0,1,1,0,1,NOT APPLICABLE,January,30,Monday,0,44,Urban,Low Speed (Local),No,37.39610833,-77.49972222,Non-Intersection,Dark - Not Lighted,Not Reported,Unknown,Unknown if Notified,Unknown EMS Scene Arrival Hour,Unknown if Arrived,Not Applicable (Not Transported),Not Applicable (Not Transported),1,Dark - Unlighted,Clear,1,0,['Driver'],['None_Used'],1,1,Invalid,0.0,0.0,21.0,21.0,['Male'],1,0,2,4,3,Wet/Standing Water,Curve,Grade/Hillcrest,Lowest,No
35303,51,Virginia,510123,0,1,1,0,2,HAYMARKET,February,6,Monday,18,27,Urban,Low Speed (Local),No,38.81269444,-77.64367778,Non-Intersection,Dark - Lighted,Not Reported,Unknown,Unknown,Unknown EMS Scene Arrival Hour,Unknown EMS Scene Arrival Minutes,Unknown,Unknown EMS Hospital Arrival Time,1,Dark - Lighted,Clear,1,1,['Front_Passenger'],['Shoulder_Lapbelt'],0,0,Valid,0.0,0.0,42.0,42.0,['Male'],0,0,3,4,4,Dry,Straight,Level,Lowest,No
35304,51,Virginia,510124,0,2,2,0,2,NORFOLK,February,1,Wednesday,12,54,Urban,Medium Speed (Collector),No,36.85255556,-76.19250278,Non-Intersection,Daylight,Not Reported,Unknown,Unknown,Unknown EMS Scene Arrival Hour,Unknown EMS Scene Arrival Minutes,Unknown,Unknown EMS Hospital Arrival Time,1,Daylight,Clear,1,1,['Driver'],['Shoulder_Lapbelt'],0,0,Valid,0.0,1.0,77.0,41.0,"['Male', 'Male']",0,0,4,4,5,Dry,Straight,Level,Lowest,No
35305,51,Virginia,510126,1,2,1,1,1,TAPPAHANNOCK,February,19,Sunday,1,37,Urban,High Speed (Arterial),Yes,37.92885,-76.86146944,Complex/Circle,Dark - Lighted,Not Reported,Unknown,Unknown if Notified,Unknown EMS Scene Arrival Hour,Unknown if Arrived,Not Applicable (Not Transported),Not Applicable (Not Transported),1,Dark - Lighted,Clear,1,0,['Driver'],['None_Used'],0,0,Invalid,0.0,0.0,29.0,29.0,['Male'],1,0,2,4,3,Dry,Straight,Level,Lowest,No
35306,51,Virginia,510127,0,1,1,0,5,NOT APPLICABLE,February,24,Friday,22,25,Rural,Low Speed (Local),No,38.08506111,-77.95672778,Non-Intersection,Dark - Not Lighted,Not Reported,Unknown,Unknown,Unknown EMS Scene Arrival Hour,Unknown EMS Scene Arrival Minutes,Unknown,Unknown EMS Hospital Arrival Time,1,Dark - Unlighted,Clear,1,4,['Rear_Seat'],['Shoulder_Lapbelt'],0,0,Valid,0.0,0.0,17.0,17.0,['Male'],5,0,3,4,3,Dry,Straight,Grade/Hillcrest,Lowest,No
35307,51,Virginia,510128,0,1,1,0,1,HOPEWELL,January,5,Thursday,15,38,Urban,High Speed (Arterial),Yes,37.28883889,-77.29823889,Non-Intersection,Daylight,Not Reported,Unknown,Unknown,Unknown EMS Scene Arrival Hour,Unknown EMS Scene Arrival Minutes,Unknown,Unknown EMS Hospital Arrival Time,1,Daylight,Clear,1,0,['Driver'],['None_Used'],0,0,Invalid,0.0,0.0,17.0,17.0,['Male'],1,0,5,4,1,Dry,Straight,Grade/Hillcrest,Lowest,No
35308,51,Virginia,510129,0,1,1,0,1,NOT APPLICABLE,March,24,Friday,13,30,Rural,Medium Speed (Collector),No,37.07688611,-79.09886944,Non-Intersection,Daylight,Not Reported,Unknown,Unknown,Unknown EMS Scene Arrival Hour,Unknown EMS Scene Arrival Minutes,Unknown,Unknown EMS Hospital Arrival Time,1,Daylight,Clear,1,0,['Driver'],['None_Used'],0,0,Valid,0.0,0.0,45.0,45.0,['Male'],0,0,5,4,2,Dry,Straight,Level,Lowest,Yes
35309,51,Virginia,510130,0,2,2,0,2,NOT APPLICABLE,February,23,Thursday,15,58,Urban,Medium Speed (Collector),No,38.09791944,-78.861675,Non-Intersection,Daylight,Not Reported,Unknown,Unknown,Unknown EMS Scene Arrival Hour,Unknown EMS Scene Arrival Minutes,Unknown,Unknown EMS Hospital Arrival Time,1,Daylight,Clear,1,1,['Driver'],['None_Used'],0,0,Valid,2.0,1.0,72.0,20.0,"['Male', 'Male']",0,0,5,1,5,Dry,Curve,Grade/Hillcrest,Lowest,No
35310,51,Virginia,510131,0,2,2,0,2,SPOTSYLVANIA,March,2,Thursday,5,39,Rural,Medium Speed (Collector),No,38.14793056,-77.69780278,Non-Intersection,Dark - Not Lighted,Rain,Unknown,Unknown,Unknown EMS Scene Arrival Hour,Unknown EMS Scene Arrival Minutes,Unknown,Unknown EMS Hospital Arrival Time,1,Dark - Unlighted,Rain/Wind/Minor,1,1,['Driver'],['Shoulder_Lapbelt'],0,0,Valid,0.0,2.0,29.0,29.0,"['Female', 'Male']",0,0,3,4,5,Wet/Standing Water,Curve,Grade/Hillcrest,Lowest,No
35311,51,Virginia,510132,1,1,1,0,1,NOT APPLICABLE,March,2,Thursday,6,40,Rural,Medium Speed (Collector),No,37.72634722,-77.022975,Non-Intersection,Dawn,Rain,Unknown,Unknown if Notified,Unknown EMS Scene Arrival Hour,Unknown if Arrived,Not Applicable (Not Transported),Not Applicable (Not Transported),1,Twilight,Rain/Wind/Minor,0,1,[],[],0,0,Valid,0.0,0.0,58.0,58.0,['Male'],0,0,4,1,4,Wet/Standing Water,Straight,Level,Lowest,No
35312,51,Virginia,510133,1,4,3,1,5,NEWPORT NEWS,March,3,Friday,14,22,Urban,High Speed (Arterial),No,37.07790556,-76.47713889,Non-Intersection,Daylight,Rain,Unknown,Unknown,Unknown EMS Scene Arrival Hour,Unknown EMS Scene Arrival Minutes,Unknown,Unknown EMS Hospital Arrival Time,1,Daylight,Rain/Wind/Minor,1,4,['Rear_Seat'],['None_Used'],0,0,Valid,0.0,0.0,57.0,16.0,"['Male', 'Male', 'Female']",0,0,3,4,5,Wet/Standing Water,Straight,Level,Lowest,No
35313,51,Virginia,510134,0,1,1,0,1,NOT APPLICABLE,March,4,Saturday,22,5,Rural,Low Speed (Local),No,38.87573889,-78.48513333,Non-Intersection,Dark - Not Lighted,Not Reported,Unknown,Unknown if Notified,Unknown EMS Scene Arrival Hour,Unknown if Arrived,Not Applicable (Not Transported),Not Applicable (Not Transported),1,Dark - Unlighted,Clear,1,0,['Driver'],['None_Used'],1,1,Valid,1.0,0.0,41.0,41.0,['Male'],0,0,3,4,3,Dry,Straight,Level,Lowest,No
35314,51,Virginia,510135,0,2,2,0,3,NOT APPLICABLE,March,5,Sunday,1,53,Rural,High Speed (Arterial),Yes,37.34200833,-76.719175,Non-Intersection,Dark - Not Lighted,Not Reported,Unknown,Unknown,Unknown EMS Scene Arrival Hour,Unknown EMS Scene Arrival Minutes,Unknown,Unknown EMS Hospital Arrival Time,1,Dark - Unlighted,Clear,1,2,['Driver'],['Shoulder_Lapbelt'],1,1,Invalid,3.0,3.0,65.0,26.0,"['Male', 'Male']",0,0,4,4,5,Dry,Straight,Level,Lowest,No
35315,51,Virginia,510136,0,1,1,0,2,NOT APPLICABLE,March,4,Saturday,3,30,Urban,High Speed (Arterial),Yes,38.89858611,-77.07016389,Non-Intersection,Dark - Lighted,Not Reported,Unknown,Unknown,Unknown EMS Scene Arrival Hour,Unknown EMS Scene Arrival Minutes,Unknown,Unknown EMS Hospital Arrival Time,1,Dark - Lighted,Clear,1,1,['Driver'],['None_Used'],1,1,Invalid,0.0,2.0,26.0,26.0,['Male'],2,0,3,4,3,Dry,Curve,Grade/Hillcrest,Lowest,No