,State_Code,State_Name,Crash_ID,Count_Non_Motorists,Count_Vehicles_Total,Count_Vehicle_Forms,Count_PVH_Involved,Count_Occupants_MV,City_Name,Month_Name,Day_of_Month,Day_of_Week,Crash_Hour,Crash_Minute,Area_Rural_Urban,Road_Functional_Class,On_NHS_Road,Latitude,Longitude,Intersection_Type,Light_Condition,Weather_Condition,Notif_Hour,Notif_Minute,Arrival_Hour,Arrival_Minute,Hospital_Hour,Hospital_Minute,Fatalities_Count,Clean_Light_Condition,Clean_Weather_Condition,Total_Killed,Total_Alive,Fatal_Seats_List,Killed_Restraint_List,Any_Driver_Drinking,Total_Drinking_Drivers,Driver_License_Category,Driver_Max_Prev_Accident_Count,Driver_Max_Prev_Speeding_Count,Max_Driver_Age,Min_Driver_Age,Driver_Sex_List,Total_Exceeding_Limit_Vehicles,Total_Too_Fast_Vehicles,Max_Vehicle_Type_Severity_5,Max_Vehicle_Damage_Rank,Max_Harmful_Event_Severity,Crash_Road_Surface_Condition,Crash_Horizontal_Alignment,Crash_Vertical_Profile,Crash_Impairment_Category,Crash_Vehicle_Defect
35316,51,Virginia,510137,0,1,1,0,1,NOT APPLICABLE,March,5,Sunday,23,7,Urban,Low Speed (Local),No,37.59858056,-77.347325,Non-Intersection,Dark - Not Lighted,Not Reported,Unknown,Unknown,Unknown EMS Scene Arrival Hour,Unknown EMS Scene Arrival Minutes,Unknown,Unknown EMS Hospital Arrival Time,1,Dark - Unlighted,Clear,1,0,['Driver'],['None_Used'],1,1,Valid,1.0,1.0,39.0,39.0,['Female'],0,0,2,4,3,Dry,Straight,Level,Lowest,No
35317,51,Virginia,510138,0,1,1,0,1,NOT APPLICABLE,March,7,Tuesday,7,43,Urban,Medium Speed (Collector),No,37.330575,-79.20671389,Non-Intersection,Daylight,Not Reported,Unknown,Unknown,Unknown EMS Scene Arrival Hour,Unknown EMS Scene Arrival Minutes,Unknown,Unknown EMS Hospital Arrival Time,1,Daylight,Clear,1,0,['Driver'],['Shoulder_Lapbelt'],0,0,Valid,0.0,0.0,48.0,48.0,['Male'],0,0,3,4,3,Dry,Straight,Level,Lowest,No
35318,51,Virginia,510139,0,3,3,0,3,NOT APPLICABLE,March,8,Wednesday,10,46,Rural,High Speed (Arterial),Yes,37.07325833,-81.71363611,Simple Junction,Daylight,Not Reported,Unknown,Unknown,Unknown EMS Scene Arrival Hour,Unknown EMS Scene Arrival Minutes,Unknown,Unknown EMS Hospital Arrival Time,1,Daylight,Clear,1,2,['Driver'],['Shoulder_Lapbelt'],0,0,Valid,1.0,2.0,53.0,42.0,"['Female', 'Male', 'Male']",0,0,3,4,5,Dry,Straight,Level,Lowest,No
35319,51,Virginia,510140,0,1,1,0,1,NOT APPLICABLE,March,8,Wednesday,15,26,Urban,High Speed (Arterial),Yes,37.62461944,-77.44655278,Non-Intersection,Daylight,Not Reported,Unknown,Unknown if Notified,Unknown EMS Scene Arrival Hour,Unknown if Arrived,Not Applicable (Not Transported),Not Applicable (Not Transported),1,Daylight,Clear,1,0,['Driver'],['None_Used'],1,1,Invalid,0.0,0.0,43.0,43.0,['Male'],0,0,3,4,3,Dry,Straight,Level,Lowest,No
35320,51,Virginia,510141,1,2,1,1,1,CHESAPEAKE,March,10,Friday,12,26,Urban,High Speed (Arterial),Yes,36.78548611,-76.39592222,Non-Intersection,Daylight,Not Reported,Unknown,Unknown,Unknown EMS Scene Arrival Hour,Unknown EMS Scene Arrival Minutes,Unknown,Unknown EMS Hospital Arrival Time,1,Daylight,Clear,1,0,['Driver'],['Shoulder_Lapbelt'],0,0,Valid,0.0,0.0,58.0,58.0,['Male'],0,0,4,4,5,Dry,Curve,Level,Lowest,No
35321,51,Virginia,510142,0,1,1,0,2,NOT APPLICABLE,March,10,Friday,22,15,Urban,Medium Speed (Collector),No,37.28145556,-76.505275,Non-Intersection,Dark - Not Lighted,Not Reported,Unknown,Unknown,Unknown EMS Scene Arrival Hour,Unknown EMS Scene Arrival Minutes,Unknown,Unknown EMS Hospital Arrival Time,1,Dark - Unlighted,Clear,1,1,['Front_Passenger'],['None_Used'],1,1,Valid,0.0,0.0,39.0,39.0,['Male'],2,0,3,4,3,Wet/Standing Water,Straight,Level,Lowest,No
35322,51,Virginia,510143,1,1,1,0,1,VIRGINIA BEACH,March,10,Friday,18,49,Urban,Medium Speed (Collector),No,36.85708333,-76.02576667,Complex/Circle,Dark - Lighted,Rain,Unknown,Unknown,Unknown EMS Scene Arrival Hour,Unknown EMS Scene Arrival Minutes,Unknown,Unknown EMS Hospital Arrival Time,1,Dark - Lighted,Rain/Wind/Minor,0,1,[],[],0,0,Valid,0.0,0.0,77.0,77.0,['Male'],0,0,3,1,4,Wet/Standing Water,Straight,Level,Highest,No
35323,51,Virginia,510144,0,1,1,0,4,NOT APPLICABLE,March,11,Saturday,22,23,Urban,Medium Speed (Collector),No,38.31575556,-77.61339444,Non-Intersection,Dark - Not Lighted,Not Reported,Unknown,Unknown,Unknown EMS Scene Arrival Hour,Unknown EMS Scene Arrival Minutes,Unknown,Unknown EMS Hospital Arrival Time,2,Dark - Unlighted,Clear,2,2,"['Rear_Seat', 'Rear_Seat']","['Shoulder_Lapbelt', 'Shoulder_Lapbelt']",0,0,Valid,0.0,0.0,18.0,18.0,['Male'],4,0,2,4,3,Dry,Curve,Level,Lowest,No
35324,51,Virginia,510145,0,1,1,0,2,NOT APPLICABLE,March,11,Saturday,13,25,Rural,Medium Speed (Collector),No,38.06826111,-79.89626389,Non-Intersection,Daylight,Not Reported,Unknown,Unknown,Unknown EMS Scene Arrival Hour,Unknown EMS Scene Arrival Minutes,Unknown,Unknown EMS Hospital Arrival Time,2,Daylight,Clear,2,0,"['Driver', 'Front_Passenger']","['None_Used', 'Shoulder_Lapbelt']",1,1,Valid,0.0,0.0,50.0,50.0,['Male'],0,0,3,4,3,Dry,Curve,Level,Lowest,Yes
35325,51,Virginia,510146,0,2,2,0,2,NOT APPLICABLE,March,11,Saturday,5,27,Rural,High Speed (Arterial),Yes,37.05355278,-78.47068889,Non-Intersection,Dark - Not Lighted,Not Reported,Unknown,Unknown,Unknown EMS Scene Arrival Hour,Unknown EMS Scene Arrival Minutes,Unknown,Unknown EMS Hospital Arrival Time,1,Dark - Unlighted,Clear,1,1,['Driver'],['Shoulder_Lapbelt'],1,1,Valid,1.0,0.0,61.0,25.0,"['Female', 'Male']",1,0,2,4,5,Dry,Straight,Level,Lowest,No
35326,51,Virginia,510147,0,3,3,0,3,NOT APPLICABLE,March,12,Sunday,17,45,Rural,High Speed (Arterial),Yes,36.61981667,-80.00730278,Complex/Circle,Daylight,Rain,Unknown,Unknown,Unknown EMS Scene Arrival Hour,Unknown EMS Scene Arrival Minutes,Unknown,Unknown EMS Hospital Arrival Time,1,Daylight,Rain/Wind/Minor,1,2,['Driver'],['None_Used'],0,0,Valid,0.0,0.0,62.0,37.0,"['Female', 'Male', 'Female']",0,0,3,4,5,Wet/Standing Water,Straight,Level,Lowest,No
35327,51,Virginia,510148,0,1,1,0,2,NOT APPLICABLE,March,14,Tuesday,16,45,Rural,High Speed (Arterial),Yes,37.84233889,-78.82598889,Non-Intersection,Daylight,Not Reported,Unknown,Unknown,Unknown EMS Scene Arrival Hour,Unknown EMS Scene Arrival Minutes,Unknown,Unknown EMS Hospital Arrival Time,1,Daylight,Clear,1,1,['Driver'],['None_Used'],0,0,Valid,0.0,0.0,35.0,35.0,['Male'],2,0,2,4,3,Dry,Curve,Level,Lowest,No
35328,51,Virginia,510149,0,2,2,0,3,NOT APPLICABLE,March,14,Tuesday,19,1,Rural,Medium Speed (Collector),No,38.309475,-77.39791389,Simple Junction,Dusk,Not Reported,Unknown,Unknown,Unknown EMS Scene Arrival Hour,Unknown EMS Scene Arrival Minutes,Unknown,Unknown EMS Hospital Arrival Time,2,Twilight,Clear,2,1,"['Driver', 'Front_Passenger']","['None_Used', 'None_Used']",1,1,Valid,0.0,0.0,42.0,18.0,"['Male', 'Male']",2,0,3,4,5,Dry,Straight,Level,Lowest,No
35329,51,Virginia,510150,0,2,2,0,3,NOT APPLICABLE,March,16,Thursday,11,20,Urban,Medium Speed (Collector),No,37.16401111,-77.51298611,Non-Intersection,Daylight,Not Reported,Unknown,Unknown,Unknown EMS Scene Arrival Hour,Unknown EMS Scene Arrival Minutes,Unknown,Unknown EMS Hospital Arrival Time,1,Daylight,Clear,1,2,['Driver'],['None_Used'],0,0,Valid,1.0,3.0,21.0,21.0,"['Male', 'Male']",1,0,3,4,5,Dry,Straight,Level,Lowest,Yes
35330,51,Virginia,510151,0,2,2,0,2,NOT APPLICABLE,March,7,Tuesday,17,53,Urban,High Speed (Arterial),Yes,37.36640833,-79.81681667,Complex/Circle,Daylight,Not Reported,Unknown,Unknown,Unknown EMS Scene Arrival Hour,Unknown EMS Scene Arrival Minutes,0:00am-0:59am,0,1,Daylight,Clear,1,1,['Driver'],['None_Used'],0,0,Valid,1.0,1.0,75.0,27.0,"['Male', 'Female']",0,0,3,4,5,Dry,Straight,Level,Lowest,No
35331,51,Virginia,510152,0,1,1,0,2,NOT APPLICABLE,March,16,Thursday,0,20,Rural,Medium Speed (Collector),No,37.94357778,-78.83587222,Non-Intersection,Dark - Not Lighted,Not Reported,Unknown,Unknown,Unknown EMS Scene Arrival Hour,Unknown EMS Scene Arrival Minutes,Unknown,Unknown EMS Hospital Arrival Time,1,Dark - Unlighted,Clear,1,1,['Front_Passenger'],['Shoulder_Lapbelt'],1,1,Valid,0.0,3.0,19.0,19.0,['Male'],2,0,2,4,3,Dry,Curve,Grade/Hillcrest,Lowest,No
35332,51,Virginia,510153,1,1,1,0,1,NOT APPLICABLE,March,18,Saturday,5,30,Rural,Low Speed (Local),No,38.11336111,-76.69676944,Non-Intersection,Dark - Not Lighted,Rain,Unknown,Unknown if Notified,Unknown EMS Scene Arrival Hour,Unknown if Arrived,Not Applicable (Not Transported),Not Applicable (Not Transported),1,Dark - Unlighted,Rain/Wind/Minor,0,1,[],[],0,0,Valid,0.0,0.0,72.0,72.0,['Female'],0,0,2,1,4,Wet/Standing Water,Straight,Level,Lowest,No
35333,51,Virginia,510154,0,2,2,0,2,NOT APPLICABLE,March,20,Monday,11,26,Rural,Medium Speed (Collector),No,37.72536944,-77.60309722,Simple Junction,Daylight,Not Reported,Unknown,Unknown,Unknown EMS Scene Arrival Hour,Unknown EMS Scene Arrival Minutes,Unknown,Unknown EMS Hospital Arrival Time,1,Daylight,Clear,1,1,['Driver'],['Shoulder_Lapbelt'],0,0,Valid,1.0,0.0,61.0,47.0,"['Female', 'Male']",0,0,4,4,5,Dry,Straight,Level,Lowest,No
35334,51,Virginia,510155,0,1,1,0,2,NOT APPLICABLE,March,20,Monday,16,30,Rural,Low Speed (Local),No,36.80018611,-78.35025833,Non-Intersection,Daylight,Not Reported,Unknown,Unknown,Unknown EMS Scene Arrival Hour,Unknown EMS Scene Arrival Minutes,Unknown,Unknown EMS Hospital Arrival Time,1,Daylight,Clear,1,1,['Rear_Seat'],['Child_Safety'],0,0,Valid,0.0,2.0,23.0,23.0,['Male'],0,0,2,4,3,Dry,Curve,Level,Lowest,No
35335,51,Virginia,510156,0,1,1,0,1,NOT APPLICABLE,March,19,Sunday,23,26,Rural,Medium Speed (Collector),No,37.67259167,-77.28243333,Non-Intersection,Dark - Not Lighted,Not Reported,Unknown,Unknown if Notified,Unknown EMS Scene Arrival Hour,Unknown if Arrived,Not Applicable (Not Transported),Not Applicable (Not Transported),1,Dark - Unlighted,Clear,1,0,['Driver'],['None_Used'],1,1,Valid,0.0,0.0,30.0,30.0,['Male'],1,0,2,4,3,Dry,Curve,Level,Lowest,No
35336,51,Virginia,510157,0,2,2,0,3,NOT APPLICABLE,March,20,Monday,11,15,Urban,Medium Speed (Collector),No,36.66183056,-79.41330833,Simple Junction,Daylight,Not Reported,Unknown,Unknown,Unknown EMS Scene Arrival Hour,Unknown EMS Scene Arrival Minutes,Unknown,Unknown EMS Hospital Arrival Time,1,Daylight,Clear,1,2,['Driver'],['Shoulder_Lapbelt'],0,0,Valid,0.0,0.0,76.0,76.0,"['Male', 'Male']",0,0,3,4,5,Dry,Straight,Level,Lowest,No
35337,51,Virginia,510158,0,1,1,0,1,NOT APPLICABLE,March,19,Sunday,21,20,Rural,High Speed (Arterial),Yes,37.84604722,-78.81866111,Non-Intersection,Dark - Not Lighted,Not Reported,Unknown,Unknown if Notified,Unknown EMS Scene Arrival Hour,Unknown if Arrived,Not Applicable (Not Transported),Not Applicable (Not Transported),1,Dark - Unlighted,Clear,1,0,['Driver'],['None_Used'],0,0,Valid,0.0,0.0,76.0,76.0,['Male'],0,0,3,4,3,Dry,Curve,Level,Lowest,No
35338,51,Virginia,510159,0,2,2,0,3,WINDSOR,March,20,Monday,20,20,Rural,High Speed (Arterial),Yes,36.80203611,-76.71754167,Simple Junction,Dark - Not Lighted,Not Reported,Unknown,Unknown,Unknown EMS Scene Arrival Hour,Unknown EMS Scene Arrival Minutes,Unknown,Unknown EMS Hospital Arrival Time,1,Dark - Unlighted,Clear,1,2,['Driver'],['None_Used'],0,0,Valid,0.0,0.0,76.0,16.0,"['Male', 'Female']",0,0,3,4,5,Dry,Straight,Level,Lowest,No
35339,51,Virginia,510160,0,2,2,0,3,NOT APPLICABLE,March,21,Tuesday,15,28,Rural,High Speed (Arterial),Yes,36.74673333,-78.8409,Complex/Circle,Daylight,Not Reported,Unknown,Unknown,Unknown EMS Scene Arrival Hour,Unknown EMS Scene Arrival Minutes,Unknown,Unknown EMS Hospital Arrival Time,1,Daylight,Clear,1,2,['Front_Passenger'],['None_Used'],0,0,Valid,0.0,0.0,73.0,54.0,"['Female', 'Male']",0,0,4,4,5,Dry,Straight,Level,Lowest,No
35340,51,Virginia,510161,0,1,1,0,2,NOT APPLICABLE,March,22,Wednesday,12,40,Rural,High Speed (Arterial),Yes,37.30138056,-79.3808,Non-Intersection,Daylight,Not Reported,Unknown,Unknown,Unknown EMS Scene Arrival Hour,Unknown EMS Scene Arrival Minutes,Unknown,Unknown EMS Hospital Arrival Time,1,Daylight,Clear,1,1,['Front_Passenger'],['Shoulder_Lapbelt'],0,0,Valid,0.0,0.0,65.0,65.0,['Female'],0,0,3,4,3,Dry,Curve,Level,Medium,No
35341,51,Virginia,510162,0,2,2,0,2,NOT APPLICABLE,March,22,Wednesday,10,10,Urban,High Speed (Arterial),Yes,37.44173611,-77.58663056,Non-Intersection,Daylight,Not Reported,Unknown,Unknown,Unknown EMS Scene Arrival Hour,Unknown EMS Scene Arrival Minutes,Unknown,Unknown EMS Hospital Arrival Time,1,Daylight,Clear,1,1,['Driver'],['None_Used'],0,0,Valid,0.0,2.0,65.0,19.0,"['Male', 'Male']",1,0,5,4,5,Dry,Straight,Level,Lowest,No
35342,51,Virginia,510163,0,2,2,0,4,NOT APPLICABLE,March,22,Wednesday,16,50,Rural,High Speed (Arterial),Yes,38.63996389,-78.73308611,Non-Intersection,Daylight,Not Reported,Unknown,Unknown,Unknown EMS Scene Arrival Hour,Unknown EMS Scene Arrival Minutes,Unknown,Unknown EMS Hospital Arrival Time,2,Daylight,Clear,2,2,"['Front_Passenger', 'Rear_Seat']","['Shoulder_Lapbelt', 'Shoulder_Lapbelt']",0,0,Valid,0.0,1.0,72.0,47.0,"['Female', 'Female']",0,0,3,4,5,Dry,Straight,Level,Lowest,No
35343,51,Virginia,510164,0,2,2,0,2,NOT APPLICABLE,March,23,Thursday,10,21,Rural,High Speed (Arterial),Yes,36.99001389,-77.02109444,Non-Intersection,Daylight,Not Reported,Unknown,Unknown,Unknown EMS Scene Arrival Hour,Unknown EMS Scene Arrival Minutes,Unknown,Unknown EMS Hospital Arrival Time,1,Daylight,Clear,1,1,['Driver'],['None_Used'],0,0,Invalid,0.0,3.0,54.0,34.0,"['Male', 'Male']",1,0,4,4,5,Dry,Straight,Level,Lowest,No
35344,51,Virginia,510165,0,2,2,0,2,NOT APPLICABLE,March,23,Thursday,18,50,Rural,High Speed (Arterial),Yes,37.81714722,-75.58951389,Non-Intersection,Dark - Not Lighted,Not Reported,Unknown,Unknown if Notified,Unknown EMS Scene Arrival Hour,Unknown if Arrived,Not Applicable (Not Transported),Not Applicable (Not Transported),1,Dark - Unlighted,Clear,1,1,['Driver'],['None_Used'],1,1,Valid,1.0,0.0,68.0,63.0,"['Male', 'Male']",1,0,4,4,5,Dry,Straight,Level,Lowest,No
35345,51,Virginia,510166,0,2,2,0,3,NOT APPLICABLE,March,25,Saturday,3,5,Urban,High Speed (Arterial),Yes,38.79588333,-77.13928611,Non-Intersection,Dark - Lighted,Not Reported,Unknown,Unknown,Unknown EMS Scene Arrival Hour,Unknown EMS Scene Arrival Minutes,Unknown,Unknown EMS Hospital Arrival Time,1,Dark - Lighted,Clear,1,2,['Driver'],['None_Used'],1,1,Invalid,1.0,1.0,26.0,26.0,"['Male', 'Female']",2,0,3,4,5,Wet/Standing Water,Straight,Level,Lowest,No
35346,51,Virginia,510167,1,1,1,0,1,NOT APPLICABLE,March,21,Tuesday,7,15,Rural,Medium Speed (Collector),No,38.39222222,-78.69856389,Non-Intersection,Daylight,Not Reported,Unknown,Unknown,Unknown EMS Scene Arrival Hour,Unknown EMS Scene Arrival Minutes,Unknown,Unknown EMS Hospital Arrival Time,1,Daylight,Clear,0,1,[],[],0,0,Valid,0.0,0.0,33.0,33.0,['Female'],0,0,3,1,4,Dry,Curve,Grade/Hillcrest,Lowest,No
35347,51,Virginia,510168,0,1,1,0,1,NOT APPLICABLE,March,20,Monday,17,16,Rural,Medium Speed (Collector),No,38.68136667,-78.92703889,Non-Intersection,Daylight,Not Reported,Unknown,Unknown,Unknown EMS Scene Arrival Hour,Unknown EMS Scene Arrival Minutes,Unknown,Unknown EMS Hospital Arrival Time,1,Daylight,Clear,1,0,['Driver'],['Shoulder_Lapbelt'],0,0,Valid,0.0,0.0,89.0,89.0,['Male'],0,0,3,4,3,Dry,Curve,Level,Lowest,No
35348,51,Virginia,510169,0,2,2,0,2,NOT APPLICABLE,March,28,Tuesday,7,57,Rural,Medium Speed (Collector),No,37.18161389,-79.08033333,Non-Intersection,Daylight,Not Reported,Unknown,Unknown,Unknown EMS Scene Arrival Hour,Unknown EMS Scene Arrival Minutes,Unknown,Unknown EMS Hospital Arrival Time,1,Daylight,Clear,1,1,['Driver'],['Shoulder_Lapbelt'],0,0,Invalid,0.0,0.0,29.0,17.0,"['Female', 'Male']",0,0,3,4,5,Dry,Straight,Level,Lowest,No
35349,51,Virginia,510170,0,2,2,0,2,NOT APPLICABLE,March,28,Tuesday,17,47,Rural,Low Speed (Local),No,36.67891389,-79.47693333,Non-Intersection,Daylight,Not Reported,Unknown,Unknown if Notified,Unknown EMS Scene Arrival Hour,Unknown if Arrived,Not Applicable (Not Transported),Not Applicable (Not Transported),1,Daylight,Clear,1,1,['Driver'],['Shoulder_Only'],0,0,Valid,1.0,1.0,47.0,33.0,"['Male', 'Male']",0,0,4,4,5,Dry,Curve,Grade/Hillcrest,Lowest,No
35350,51,Virginia,510171,0,3,3,0,5,NOT APPLICABLE,March,28,Tuesday,21,41,Rural,High Speed (Arterial),No,39.17703056,-78.06680556,Non-Intersection,Dark - Not Lighted,Not Reported,Unknown,Unknown,Unknown EMS Scene Arrival Hour,Unknown EMS Scene Arrival Minutes,Unknown,Unknown EMS Hospital Arrival Time,3,Dark - Unlighted,Clear,3,2,"['Driver', 'Front_Passenger', 'Driver']","['Shoulder_Lapbelt', 'Shoulder_Lapbelt', 'Shoulder_Lapbelt']",1,1,Valid,0.0,0.0,66.0,23.0,"['Male', 'Female', 'Male']",2,0,3,4,5,Dry,Straight,Grade/Hillcrest,Lowest,No
35351,51,Virginia,510172,0,1,1,0,2,NOT APPLICABLE,March,29,Wednesday,10,58,Urban,High Speed (Arterial),Yes,37.16983611,-77.49766667,Non-Intersection,Daylight,Not Reported,Unknown,Unknown,Unknown EMS Scene Arrival Hour,Unknown EMS Scene Arrival Minutes,Unknown,Unknown EMS Hospital Arrival Time,1,Daylight,Clear,1,1,['Front_Passenger'],['None_Used'],0,0,Valid,0.0,1.0,29.0,29.0,['Male'],2,0,3,4,3,Dry,Straight,Level,Medium,No
35352,51,Virginia,510173,0,1,1,0,1,NOT APPLICABLE,March,30,Thursday,0,50,Rural,High Speed (Arterial),Yes,36.99713056,-77.03384722,Non-Intersection,Dark - Not Lighted,Not Reported,Unknown,Unknown if Notified,Unknown EMS Scene Arrival Hour,Unknown if Arrived,Not Applicable (Not Transported),Not Applicable (Not Transported),1,Dark - Unlighted,Clear,1,0,['Driver'],['None_Used'],1,1,Valid,1.0,4.0,34.0,34.0,['Male'],1,0,5,4,1,Dry,Straight,Level,Lowest,No
35353,51,Virginia,510174,1,2,2,0,2,NOT APPLICABLE,March,31,Friday,19,50,Rural,High Speed (Arterial),Yes,37.94600556,-75.54028889,Complex/Circle,Dark - Lighted,Not Reported,Unknown,Unknown if Notified,Unknown EMS Scene Arrival Hour,Unknown if Arrived,Not Applicable (Not Transported),Not Applicable (Not Transported),1,Dark - Lighted,Clear,0,1,[],[],0,0,Valid,0.0,0.0,998.0,74.0,"['Male', 'Other']",0,0,2,1,4,Dry,Straight,Level,Lowest,Yes
35354,51,Virginia,510175,0,2,2,0,3,NOT APPLICABLE,March,31,Friday,2,9,Rural,Medium Speed (Collector),No,36.56068056,-79.82922222,Non-Intersection,Dark - Not Lighted,Not Reported,Unknown,Unknown,Unknown EMS Scene Arrival Hour,Unknown EMS Scene Arrival Minutes,Unknown,Unknown EMS Hospital Arrival Time,1,Dark - Unlighted,Clear,1,2,['Driver'],['None_Used'],0,0,Valid,0.0,1.0,42.0,26.0,"['Female', 'Male']",0,0,3,4,5,Dry,Straight,Level,Lowest,No
35355,51,Virginia,510176,0,1,1,0,1,NOT APPLICABLE,March,31,Friday,0,17,Rural,Medium Speed (Collector),No,37.44396389,-76.29294722,Non-Intersection,Dark - Not Lighted,Not Reported,Unknown,Unknown if Notified,Unknown EMS Scene Arrival Hour,Unknown if Arrived,Not Applicable (Not Transported),Not Applicable (Not Transported),1,Dark - Unlighted,Clear,1,0,['Driver'],['None_Used'],1,1,Valid,0.0,0.0,37.0,37.0,['Male'],0,0,2,4,3,Dry,Curve,Level,Lowest,No
35356,51,Virginia,510177,0,2,2,0,2,VIRGINIA BEACH,March,29,Wednesday,14,5,Urban,High Speed (Arterial),No,36.84108889,-76.13675,Complex/Circle,Daylight,Not Reported,Unknown,Unknown,Unknown EMS Scene Arrival Hour,Unknown EMS Scene Arrival Minutes,Unknown,Unknown EMS Hospital Arrival Time,1,Daylight,Clear,1,1,['Driver'],['None_Used'],0,0,Valid,1.0,0.0,30.0,23.0,"['Female', 'Male']",1,0,5,4,5,Dry,Straight,Level,Lowest,No
35357,51,Virginia,510178,0,1,1,0,1,NOT APPLICABLE,March,6,Monday,15,25,Urban,High Speed (Arterial),Yes,37.52154444,-77.52868056,Non-Intersection,Daylight,Not Reported,Unknown,Unknown if Notified,Unknown EMS Scene Arrival Hour,Unknown if Arrived,Not Applicable (Not Transported),Not Applicable (Not Transported),1,Daylight,Clear,1,0,['Driver'],['Shoulder_Lapbelt'],0,0,Valid,1.0,0.0,68.0,68.0,['Male'],0,0,2,4,2,Dry,Straight,Level,Lowest,No
35358,51,Virginia,510179,0,2,2,0,3,PETERSBURG,March,15,Wednesday,22,20,Urban,High Speed (Arterial),Yes,37.22810833,-77.40179167,Complex/Circle,Dark - Lighted,Not Reported,Unknown,Unknown,Unknown EMS Scene Arrival Hour,Unknown EMS Scene Arrival Minutes,Unknown,Unknown EMS Hospital Arrival Time,1,Dark - Lighted,Clear,1,2,['Front_Passenger'],['Shoulder_Lapbelt'],0,0,Invalid,0.0,2.0,38.0,28.0,"['Male', 'Male']",1,0,3,4,5,Dry,Straight,Level,Lowest,No
35359,51,Virginia,510180,1,1,1,0,1,RICHMOND,March,17,Friday,2,54,Urban,High Speed (Arterial),Yes,37.551725,-77.44453056,Complex/Circle,Dark - Lighted,Not Reported,Unknown,Unknown if Notified,Unknown EMS Scene Arrival Hour,Unknown if Arrived,Not Applicable (Not Transported),Not Applicable (Not Transported),1,Dark - Lighted,Clear,0,1,[],[],0,0,Valid,0.0,0.0,81.0,81.0,['Male'],0,0,3,1,4,Dry,Straight,Level,Lowest,No
35360,51,Virginia,510181,0,2,2,0,2,NOT APPLICABLE,March,24,Friday,5,19,Urban,High Speed (Arterial),Yes,37.33783056,-79.550775,Complex/Circle,Dawn,Not Reported,Unknown,Unknown,Unknown EMS Scene Arrival Hour,Unknown EMS Scene Arrival Minutes,Unknown,Unknown EMS Hospital Arrival Time,1,Twilight,Clear,1,1,['Driver'],['None_Used'],0,0,Valid,0.0,0.0,85.0,60.0,"['Male', 'Female']",0,0,2,4,5,Dry,Straight,Grade/Hillcrest,Lowest,No
35361,51,Virginia,510182,0,1,1,0,1,NOT APPLICABLE,March,24,Friday,20,25,Rural,Medium Speed (Collector),No,37.29836667,-76.94435833,Non-Intersection,Dark - Not Lighted,Not Reported,Unknown,Unknown if Notified,Unknown EMS Scene Arrival Hour,Unknown if Arrived,Not Applicable (Not Transported),Not Applicable (Not Transported),1,Dark - Unlighted,Clear,1,0,['Driver'],['None_Used'],1,1,Valid,0.0,3.0,60.0,60.0,['Male'],1,0,2,4,3,Dry,Straight,Level,Lowest,No
35362,51,Virginia,510183,0,2,2,0,2,NOT APPLICABLE,March,24,Friday,18,15,Rural,Medium Speed (Collector),No,36.74188056,-76.87595833,Complex/Circle,Daylight,Not Reported,Unknown,Unknown,Unknown EMS Scene Arrival Hour,Unknown EMS Scene Arrival Minutes,Unknown,Unknown EMS Hospital Arrival Time,1,Daylight,Clear,1,1,['Driver'],['None_Used'],0,0,Valid,2.0,6.0,64.0,24.0,"['Male', 'Male']",0,0,5,4,5,Dry,Straight,Grade/Hillcrest,Lowest,No
35363,51,Virginia,510184,1,1,1,0,1,NOT APPLICABLE,March,24,Friday,6,18,Urban,High Speed (Arterial),No,38.87340833,-77.14727778,Complex/Circle,Dark - Lighted,Rain,Unknown,Unknown,Unknown EMS Scene Arrival Hour,Unknown EMS Scene Arrival Minutes,Unknown,Unknown EMS Hospital Arrival Time,1,Dark - Lighted,Rain/Wind/Minor,0,1,[],[],0,0,Invalid,0.0,0.0,57.0,57.0,['Male'],0,0,2,1,4,Wet/Standing Water,Straight,Grade/Hillcrest,Lowest,No
35364,51,Virginia,510185,1,1,1,0,1,NOT APPLICABLE,March,31,Friday,20,48,Urban,High Speed (Arterial),No,37.51348611,-77.33553056,Non-Intersection,Daylight,Rain,Unknown,Unknown if Notified,Unknown EMS Scene Arrival Hour,Unknown if Arrived,Not Applicable (Not Transported),Not Applicable (Not Transported),1,Daylight,Rain/Wind/Minor,0,1,[],[],0,0,Valid,0.0,0.0,45.0,45.0,['Male'],0,0,3,1,4,Wet/Standing Water,Straight,Level,Lowest,No
35365,51,Virginia,510187,0,1,1,0,1,NORFOLK,March,28,Tuesday,14,30,Urban,High Speed (Arterial),Yes,36.87085,-76.19498056,Non-Intersection,Daylight,Not Reported,Unknown,Unknown,Unknown EMS Scene Arrival Hour,Unknown EMS Scene Arrival Minutes,Unknown,Unknown EMS Hospital Arrival Time,1,Daylight,Clear,1,0,['Driver'],['Shoulder_Lapbelt'],0,0,Valid,1.0,0.0,66.0,66.0,['Male'],0,0,2,4,3,Dry,Straight,Level,Lowest,No