,State_Code,State_Name,Crash_ID,Count_Non_Motorists,Count_Vehicles_Total,Count_Vehicle_Forms,Count_PVH_Involved,Count_Occupants_MV,City_Name,Month_Name,Day_of_Month,Day_of_Week,Crash_Hour,Crash_Minute,Area_Rural_Urban,Road_Functional_Class,On_NHS_Road,Latitude,Longitude,Intersection_Type,Light_Condition,Weather_Condition,Notif_Hour,Notif_Minute,Arrival_Hour,Arrival_Minute,Hospital_Hour,Hospital_Minute,Fatalities_Count,Clean_Light_Condition,Clean_Weather_Condition,Total_Killed,Total_Alive,Fatal_Seats_List,Killed_Restraint_List,Any_Driver_Drinking,Total_Drinking_Drivers,Driver_License_Category,Driver_Max_Prev_Accident_Count,Driver_Max_Prev_Speeding_Count,Max_Driver_Age,Min_Driver_Age,Driver_Sex_List,Total_Exceeding_Limit_Vehicles,Total_Too_Fast_Vehicles,Max_Vehicle_Type_Severity_5,Max_Vehicle_Damage_Rank,Max_Harmful_Event_Severity,Crash_Road_Surface_Condition,Crash_Horizontal_Alignment,Crash_Vertical_Profile,Crash_Impairment_Category,Crash_Vehicle_Defect
35366,51,Virginia,510188,0,1,1,0,1,NOT APPLICABLE,March,30,Thursday,11,53,Rural,Medium Speed (Collector),No,37.57373056,-78.85992222,Non-Intersection,Daylight,Not Reported,Unknown,Unknown if Notified,Unknown EMS Scene Arrival Hour,Unknown if Arrived,Not Applicable (Not Transported),Not Applicable (Not Transported),1,Daylight,Clear,1,0,['Driver'],['Shoulder_Lapbelt'],0,0,Valid,0.0,0.0,68.0,68.0,['Female'],0,0,3,4,3,Dry,Straight,Grade/Hillcrest,Lowest,No
35367,51,Virginia,510189,1,2,2,0,2,NOT APPLICABLE,March,30,Thursday,21,22,Urban,High Speed (Arterial),Yes,38.76823889,-77.082775,Complex/Circle,Dark - Lighted,Not Reported,Unknown,Unknown if Notified,Unknown EMS Scene Arrival Hour,Unknown if Arrived,Not Applicable (Not Transported),Not Applicable (Not Transported),1,Dark - Lighted,Clear,0,2,[],[],0,0,Valid,0.0,0.0,58.0,18.0,"['Male', 'Male']",1,0,3,4,5,Dry,Straight,Grade/Hillcrest,Lowest,No
35368,51,Virginia,510190,0,1,1,0,1,NOT APPLICABLE,April,1,Saturday,3,20,Rural,Medium Speed (Collector),No,37.43595556,-76.63918333,Non-Intersection,Dark - Not Lighted,Rain,Unknown,Unknown if Notified,Unknown EMS Scene Arrival Hour,Unknown if Arrived,Not Applicable (Not Transported),Not Applicable (Not Transported),1,Dark - Unlighted,Rain/Wind/Minor,1,0,['Driver'],['None_Used'],1,1,Valid,0.0,0.0,50.0,50.0,['Male'],0,0,5,4,3,Wet/Standing Water,Straight,Level,Lowest,No
35369,51,Virginia,510191,0,2,2,0,2,NOT APPLICABLE,April,1,Saturday,22,0,Rural,High Speed (Arterial),Yes,36.6957,-81.90385,Non-Intersection,Dark - Not Lighted,Not Reported,Unknown,Unknown,Unknown EMS Scene Arrival Hour,Unknown EMS Scene Arrival Minutes,Unknown,Unknown EMS Hospital Arrival Time,1,Dark - Unlighted,Clear,1,1,['Driver'],['Shoulder_Lapbelt'],1,1,Valid,1.0,1.0,47.0,18.0,"['Male', 'Male']",0,0,3,4,5,Dry,Straight,Grade/Hillcrest,Lowest,No
35370,51,Virginia,510192,0,2,2,0,2,NOT APPLICABLE,April,3,Monday,12,48,Rural,Medium Speed (Collector),No,38.404725,-78.86857222,Complex/Circle,Daylight,Not Reported,Unknown,Unknown if Notified,Unknown EMS Scene Arrival Hour,Unknown if Arrived,Not Applicable (Not Transported),Not Applicable (Not Transported),1,Daylight,Clear,1,1,['Driver'],['None_Used'],0,0,Valid,0.0,1.0,62.0,24.0,"['Male', 'Female']",1,0,5,4,5,Dry,Straight,Level,Lowest,No
35371,51,Virginia,510193,0,1,1,0,1,NOT APPLICABLE,April,2,Sunday,23,35,Rural,Medium Speed (Collector),No,37.66046667,-77.068575,Non-Intersection,Dark - Not Lighted,Not Reported,Unknown,Unknown if Notified,Unknown EMS Scene Arrival Hour,Unknown if Arrived,Not Applicable (Not Transported),Not Applicable (Not Transported),1,Dark - Unlighted,Clear,1,0,['Driver'],['None_Used'],1,1,Valid,0.0,2.0,21.0,21.0,['Male'],1,0,3,4,3,Dry,Straight,Level,Lowest,No
35372,51,Virginia,510195,0,1,1,0,3,NOT APPLICABLE,April,5,Wednesday,17,10,Rural,High Speed (Arterial),Yes,38.03016944,-78.67016389,Non-Intersection,Daylight,Not Reported,Unknown,Unknown if Notified,Unknown EMS Scene Arrival Hour,Unknown if Arrived,Not Applicable (Not Transported),Not Applicable (Not Transported),1,Daylight,Clear,1,2,['Driver'],['None_Used'],0,0,Invalid,0.0,0.0,46.0,46.0,['Male'],0,0,3,4,3,Dry,Straight,Level,Lowest,No
35373,51,Virginia,510196,0,2,2,0,4,NOT APPLICABLE,April,5,Wednesday,18,36,Urban,High Speed (Arterial),Yes,38.59546389,-77.33461111,Simple Junction,Daylight,Not Reported,Unknown,Unknown,Unknown EMS Scene Arrival Hour,Unknown EMS Scene Arrival Minutes,Unknown,Unknown EMS Hospital Arrival Time,2,Daylight,Clear,2,2,"['Front_Passenger', 'Rear_Seat']","['None_Used', 'Lapbelt_Only']",0,0,Valid,1.0,0.0,46.0,33.0,"['Male', 'Female']",0,0,3,4,5,Dry,Straight,Level,Lowest,No
35374,51,Virginia,510197,0,1,1,0,1,NOT APPLICABLE,April,6,Thursday,1,35,Rural,Medium Speed (Collector),No,36.77379722,-81.41375278,Non-Intersection,Dark - Not Lighted,Not Reported,Unknown,Unknown,Unknown EMS Scene Arrival Hour,Unknown EMS Scene Arrival Minutes,Unknown,Unknown EMS Hospital Arrival Time,1,Dark - Unlighted,Clear,1,0,['Driver'],['None_Used'],0,0,Valid,2.0,0.0,37.0,37.0,['Male'],1,0,3,4,3,Dry,Straight,Grade/Hillcrest,Lowest,No
35375,51,Virginia,510198,1,2,2,0,2,NOT APPLICABLE,April,7,Friday,5,55,Urban,High Speed (Arterial),Yes,38.70864167,-77.15953056,Non-Intersection,Dark - Not Lighted,Not Reported,Unknown,Unknown if Notified,Unknown EMS Scene Arrival Hour,Unknown if Arrived,Not Applicable (Not Transported),Not Applicable (Not Transported),1,Dark - Unlighted,Clear,0,2,[],[],0,0,Valid,0.0,0.0,62.0,34.0,"['Male', 'Male']",0,0,2,1,4,Dry,Straight,Level,Lowest,No
35376,51,Virginia,510199,1,2,1,1,1,WYTHEVILLE,April,7,Friday,15,7,Urban,High Speed (Arterial),Yes,36.95674722,-81.05735,Non-Intersection,Daylight,Rain,Unknown,Unknown,Unknown EMS Scene Arrival Hour,Unknown EMS Scene Arrival Minutes,Unknown,Unknown EMS Hospital Arrival Time,1,Daylight,Rain/Wind/Minor,0,1,[],[],0,0,Invalid,0.0,0.0,51.0,51.0,['Female'],0,0,2,4,4,Wet/Standing Water,Curve,Level,Lowest,No
35377,51,Virginia,510200,1,2,2,0,2,NOT APPLICABLE,April,6,Thursday,20,5,Urban,Medium Speed (Collector),No,38.28187222,-77.45380556,Simple Junction,Dark - Not Lighted,Not Reported,Unknown,Unknown,Unknown EMS Scene Arrival Hour,Unknown EMS Scene Arrival Minutes,Unknown,Unknown EMS Hospital Arrival Time,1,Dark - Unlighted,Clear,0,2,[],[],0,0,Valid,0.0,0.0,56.0,43.0,"['Female', 'Male']",0,0,3,1,4,Dry,Straight,Level,Lowest,No
35378,51,Virginia,510201,0,2,2,0,2,NOT APPLICABLE,April,7,Friday,7,15,Rural,Medium Speed (Collector),Yes,36.73865,-79.47411944,Simple Junction,Daylight,Rain,Unknown,Unknown if Notified,Unknown EMS Scene Arrival Hour,Unknown if Arrived,Not Applicable (Not Transported),Not Applicable (Not Transported),1,Daylight,Rain/Wind/Minor,1,1,['Driver'],['Shoulder_Lapbelt'],0,0,Valid,0.0,0.0,75.0,41.0,"['Male', 'Male']",0,0,4,4,5,Wet/Standing Water,Straight,Level,Lowest,No
35379,51,Virginia,510202,0,2,2,0,3,NOT APPLICABLE,April,7,Friday,20,15,Rural,Medium Speed (Collector),No,37.799925,-77.86583056,Non-Intersection,Dark - Not Lighted,Not Reported,Unknown,Unknown,Unknown EMS Scene Arrival Hour,Unknown EMS Scene Arrival Minutes,Unknown,Unknown EMS Hospital Arrival Time,1,Dark - Unlighted,Clear,1,2,['Driver'],['None_Used'],1,1,Valid,0.0,2.0,62.0,46.0,"['Female', 'Male']",0,0,3,4,5,Dry,Curve,Level,Lowest,No
35380,51,Virginia,510203,0,1,1,0,1,NOT APPLICABLE,April,8,Saturday,19,9,Rural,Medium Speed (Collector),No,37.79561111,-76.54003056,Non-Intersection,Dusk,Not Reported,Unknown,Unknown if Notified,Unknown EMS Scene Arrival Hour,Unknown if Arrived,Not Applicable (Not Transported),Not Applicable (Not Transported),1,Twilight,Clear,1,0,['Driver'],['None_Used'],1,1,Valid,0.0,0.0,74.0,74.0,['Male'],0,0,2,4,3,Dry,Straight,Level,Lowest,No
35381,51,Virginia,510204,0,1,1,0,1,NOT APPLICABLE,April,9,Sunday,8,19,Urban,Medium Speed (Collector),No,38.63066111,-77.25508333,Non-Intersection,Daylight,Not Reported,Unknown,Unknown,Unknown EMS Scene Arrival Hour,Unknown EMS Scene Arrival Minutes,Unknown,Unknown EMS Hospital Arrival Time,1,Daylight,Clear,1,0,['Driver'],['Shoulder_Lapbelt'],0,0,Invalid,0.0,0.0,17.0,17.0,['Male'],1,0,2,4,3,Dry,Straight,Level,Lowest,No
35382,51,Virginia,510205,0,2,2,0,3,SUFFOLK,April,9,Sunday,10,56,Urban,High Speed (Arterial),Yes,36.86358056,-76.44059444,Non-Intersection,Daylight,Not Reported,Unknown,Unknown,Unknown EMS Scene Arrival Hour,Unknown EMS Scene Arrival Minutes,Unknown,Unknown EMS Hospital Arrival Time,1,Daylight,Clear,1,2,['Driver'],['Shoulder_Lapbelt'],0,0,Invalid,0.0,0.0,60.0,21.0,"['Male', 'Female']",0,0,3,4,5,Dry,Straight,Level,Lowest,No
35383,51,Virginia,510206,0,1,1,0,1,NOT APPLICABLE,April,10,Monday,0,36,Urban,High Speed (Arterial),Yes,37.60958333,-77.45694444,Non-Intersection,Dark - Not Lighted,Not Reported,Unknown,Unknown if Notified,Unknown EMS Scene Arrival Hour,Unknown if Arrived,Not Applicable (Not Transported),Not Applicable (Not Transported),1,Dark - Unlighted,Clear,1,0,['Driver'],['None_Used'],0,0,Valid,1.0,2.0,53.0,53.0,['Male'],0,0,3,4,3,Dry,Curve,Level,Lowest,No
35384,51,Virginia,510207,0,1,1,0,1,NOT APPLICABLE,April,11,Tuesday,13,18,Rural,Medium Speed (Collector),No,37.30835833,-82.16888056,Non-Intersection,Daylight,Not Reported,Unknown,Unknown,Unknown EMS Scene Arrival Hour,Unknown EMS Scene Arrival Minutes,Unknown,Unknown EMS Hospital Arrival Time,1,Daylight,Clear,1,0,['Driver'],['Shoulder_Lapbelt'],0,0,Valid,0.0,1.0,44.0,44.0,['Male'],0,0,2,4,3,Dry,Straight,Level,Lowest,No
35385,51,Virginia,510208,1,1,1,0,1,NOT APPLICABLE,April,11,Tuesday,7,44,Rural,Medium Speed (Collector),No,38.42675278,-79.02798611,Non-Intersection,Daylight,Not Reported,Unknown,Unknown,Unknown EMS Scene Arrival Hour,Unknown EMS Scene Arrival Minutes,Unknown,Unknown EMS Hospital Arrival Time,1,Daylight,Clear,0,1,[],[],0,0,Valid,0.0,0.0,17.0,17.0,['Female'],0,0,3,1,4,Dry,Curve,Grade/Hillcrest,Lowest,No
35386,51,Virginia,510209,0,2,2,0,2,NOT APPLICABLE,April,12,Wednesday,14,25,Rural,High Speed (Arterial),Yes,37.36491944,-76.74545278,Non-Intersection,Daylight,Not Reported,Unknown,Unknown if Notified,Unknown EMS Scene Arrival Hour,Unknown if Arrived,Not Applicable (Not Transported),Not Applicable (Not Transported),1,Daylight,Clear,1,1,['Driver'],['Shoulder_Lapbelt'],0,0,Valid,0.0,1.0,80.0,62.0,"['Female', 'Male']",0,0,4,4,5,Dry,Straight,Grade/Hillcrest,Lowest,No
35387,51,Virginia,510210,0,1,1,0,2,NOT APPLICABLE,April,11,Tuesday,17,45,Urban,Medium Speed (Collector),No,37.53852778,-77.62355833,Non-Intersection,Daylight,Not Reported,Unknown,Unknown if Notified,Unknown EMS Scene Arrival Hour,Unknown if Arrived,Not Applicable (Not Transported),Not Applicable (Not Transported),2,Daylight,Clear,2,0,"['Driver', 'Front_Passenger']","['None_Used', 'Shoulder_Lapbelt']",0,0,Valid,0.0,0.0,17.0,17.0,['Male'],2,0,2,4,3,Dry,Curve,Grade/Hillcrest,Lowest,No
35388,51,Virginia,510211,0,2,2,0,2,LURAY,April,12,Wednesday,15,46,Urban,Medium Speed (Collector),No,38.67091111,-78.44778889,Non-Intersection,Daylight,Not Reported,Unknown,Unknown,Unknown EMS Scene Arrival Hour,Unknown EMS Scene Arrival Minutes,Unknown,Unknown EMS Hospital Arrival Time,1,Daylight,Clear,1,1,['Driver'],['None_Used'],0,0,Valid,0.0,0.0,74.0,55.0,"['Female', 'Female']",0,0,2,4,5,Dry,Curve,Grade/Hillcrest,Lowest,No
35389,51,Virginia,510212,0,2,2,0,2,NOT APPLICABLE,April,13,Thursday,8,40,Rural,High Speed (Arterial),Yes,38.11735,-77.52448333,Non-Intersection,Daylight,Not Reported,Unknown,Unknown if Notified,Unknown EMS Scene Arrival Hour,Unknown if Arrived,Not Applicable (Not Transported),Not Applicable (Not Transported),1,Daylight,Clear,1,1,['Driver'],['Shoulder_Lapbelt'],0,0,Valid,0.0,0.0,64.0,41.0,"['Male', 'Male']",0,0,4,4,5,Dry,Straight,Grade/Hillcrest,Lowest,No
35390,51,Virginia,510213,0,2,2,0,3,NOT APPLICABLE,April,13,Thursday,20,33,Rural,High Speed (Arterial),Yes,39.37255556,-78.29635556,Non-Intersection,Dark - Not Lighted,Not Reported,Unknown,Unknown,Unknown EMS Scene Arrival Hour,Unknown EMS Scene Arrival Minutes,Unknown,Unknown EMS Hospital Arrival Time,1,Dark - Unlighted,Clear,1,2,['Front_Passenger'],['None_Used'],0,0,Valid,0.0,0.0,51.0,26.0,"['Female', 'Female']",0,0,3,4,5,Dry,Straight,Grade/Hillcrest,Lowest,No
35391,51,Virginia,510214,1,1,1,0,1,NOT APPLICABLE,April,14,Friday,21,15,Rural,Medium Speed (Collector),No,36.67065556,-77.55751111,Non-Intersection,Dark - Lighted,Rain,Unknown,Unknown,Unknown EMS Scene Arrival Hour,Unknown EMS Scene Arrival Minutes,Not Applicable (Not Transported),Not Applicable (Not Transported),1,Dark - Lighted,Rain/Wind/Minor,0,1,[],[],0,0,Valid,0.0,1.0,44.0,44.0,['Male'],0,0,3,1,4,Wet/Standing Water,Straight,Level,Lowest,No
35392,51,Virginia,510215,0,1,1,0,1,NOT APPLICABLE,April,15,Saturday,1,20,Rural,Medium Speed (Collector),No,38.31842222,-77.21986944,Non-Intersection,Dark - Not Lighted,Not Reported,Unknown,Unknown if Notified,Unknown EMS Scene Arrival Hour,Unknown if Arrived,Not Applicable (Not Transported),Not Applicable (Not Transported),1,Dark - Unlighted,Clear,1,0,['Driver'],['None_Used'],0,0,Valid,0.0,0.0,29.0,29.0,['Male'],0,0,3,1,3,Dry,Straight,Level,Lowest,No
35393,51,Virginia,510216,0,2,2,0,2,MANASSAS,April,15,Saturday,10,34,Urban,Medium Speed (Collector),No,38.75566389,-77.46594444,Complex/Circle,Daylight,Not Reported,Unknown,Unknown,Unknown EMS Scene Arrival Hour,Unknown EMS Scene Arrival Minutes,Unknown,Unknown EMS Hospital Arrival Time,1,Daylight,Clear,1,1,['Driver'],['None_Used'],0,0,Valid,0.0,0.0,58.0,55.0,"['Male', 'Female']",1,0,5,4,5,Dry,Straight,Level,Lowest,Yes
35394,51,Virginia,510217,0,2,2,0,3,NEWPORT NEWS,April,11,Tuesday,21,30,Urban,High Speed (Arterial),No,37.11097222,-76.49855833,Complex/Circle,Dark - Unknown Lighting,Not Reported,Unknown,Unknown,Unknown EMS Scene Arrival Hour,Unknown EMS Scene Arrival Minutes,Unknown,Unknown EMS Hospital Arrival Time,1,Dark - Unlighted,Clear,1,2,['Driver'],['Shoulder_Lapbelt'],0,0,Invalid,1.0,1.0,40.0,39.0,"['Male', 'Female']",0,0,3,4,5,Dry,Straight,Level,Lowest,No
35395,51,Virginia,510218,1,1,1,0,1,NOT APPLICABLE,April,15,Saturday,23,46,Rural,Low Speed (Local),Yes,37.38296667,-76.75942778,Non-Intersection,Dark - Not Lighted,Not Reported,Unknown,Unknown if Notified,Unknown EMS Scene Arrival Hour,Unknown if Arrived,Not Applicable (Not Transported),Not Applicable (Not Transported),1,Dark - Unlighted,Clear,0,0,[],[],0,0,Invalid,0.0,0.0,998.0,998.0,['Other'],0,0,1,0,4,Dry,Curve,Level,Lowest,Yes
35396,51,Virginia,510219,1,1,1,0,1,NOT APPLICABLE,April,15,Saturday,22,19,Urban,Medium Speed (Collector),No,38.777925,-77.5074,Non-Intersection,Dark - Not Lighted,Not Reported,Unknown,Unknown if Notified,Unknown EMS Scene Arrival Hour,Unknown if Arrived,Not Applicable (Not Transported),Not Applicable (Not Transported),1,Dark - Unlighted,Clear,0,1,[],[],0,0,Valid,0.0,1.0,53.0,53.0,['Female'],0,0,3,1,4,Dry,Straight,Level,Highest,No
35397,51,Virginia,510220,0,2,2,0,3,NOT APPLICABLE,April,16,Sunday,12,18,Urban,High Speed (Arterial),Yes,37.41556944,-77.64237222,Simple Junction,Daylight,Not Reported,Unknown,Unknown,Unknown EMS Scene Arrival Hour,Unknown EMS Scene Arrival Minutes,Unknown,Unknown EMS Hospital Arrival Time,1,Daylight,Clear,1,2,['Driver'],['Shoulder_Lapbelt'],0,0,Invalid,0.0,0.0,70.0,35.0,"['Male', 'Female']",1,0,3,4,5,Dry,Straight,Level,Lowest,Yes
35398,51,Virginia,510221,1,2,2,0,2,HAMPTON,April,16,Sunday,20,14,Urban,High Speed (Arterial),Yes,37.04376389,-76.35492778,Non-Intersection,Dark - Lighted,Not Reported,Unknown,Unknown if Notified,Unknown EMS Scene Arrival Hour,Unknown if Arrived,Not Applicable (Not Transported),Not Applicable (Not Transported),1,Dark - Lighted,Clear,0,1,[],[],0,0,Invalid,0.0,0.0,998.0,41.0,"['Other', 'Female']",0,0,2,1,4,Wet/Standing Water,Straight,Level,Lowest,No
35399,51,Virginia,510222,0,1,1,0,1,NOT APPLICABLE,April,17,Monday,7,50,Rural,High Speed (Arterial),Yes,36.67055278,-78.77943056,Non-Intersection,Daylight,Not Reported,Unknown,Unknown if Notified,Unknown EMS Scene Arrival Hour,Unknown if Arrived,Not Applicable (Not Transported),Not Applicable (Not Transported),1,Daylight,Clear,1,0,['Driver'],['Shoulder_Lapbelt'],0,0,Valid,0.0,0.0,46.0,46.0,['Male'],0,0,3,4,3,Dry,Straight,Level,Lowest,No
35400,51,Virginia,510223,0,2,2,0,5,RICHMOND,April,18,Tuesday,14,55,Urban,High Speed (Arterial),Yes,37.52876944,-77.45110556,Non-Intersection,Daylight,Not Reported,Unknown,Unknown,Unknown EMS Scene Arrival Hour,Unknown EMS Scene Arrival Minutes,Unknown,Unknown EMS Hospital Arrival Time,1,Daylight,Clear,1,4,['Rear_Seat'],['None_Used'],0,0,Valid,0.0,0.0,61.0,41.0,"['Male', 'Other']",0,0,3,4,5,Dry,Straight,Level,Lowest,Yes
35401,51,Virginia,510224,1,1,1,0,1,NOT APPLICABLE,April,20,Thursday,15,18,Rural,Medium Speed (Collector),No,37.31801944,-76.69458611,Non-Intersection,Daylight,Not Reported,Unknown,Unknown,Unknown EMS Scene Arrival Hour,Unknown EMS Scene Arrival Minutes,Unknown,Unknown EMS Hospital Arrival Time,1,Daylight,Clear,0,1,[],[],0,0,Valid,0.0,1.0,23.0,23.0,['Male'],0,0,3,1,4,Dry,Straight,Level,Lowest,No
35402,51,Virginia,510225,0,1,1,0,1,NOT APPLICABLE,April,20,Thursday,1,0,Rural,Low Speed (Local),No,38.67129167,-78.78998611,Non-Intersection,Dark - Not Lighted,Not Reported,Unknown,Unknown if Notified,Unknown EMS Scene Arrival Hour,Unknown if Arrived,Not Applicable (Not Transported),Not Applicable (Not Transported),1,Dark - Unlighted,Clear,1,0,['Driver'],['None_Used'],1,1,Valid,1.0,2.0,62.0,62.0,['Male'],0,0,5,4,2,Dry,Curve,Grade/Hillcrest,Lowest,No
35403,51,Virginia,510226,0,2,2,0,2,NOT APPLICABLE,April,16,Sunday,19,53,Urban,Medium Speed (Collector),No,37.51754167,-77.59835556,Complex/Circle,Daylight,Not Reported,Unknown,Unknown,Unknown EMS Scene Arrival Hour,Unknown EMS Scene Arrival Minutes,Unknown,Unknown EMS Hospital Arrival Time,1,Daylight,Clear,1,1,['Driver'],['Shoulder_Lapbelt'],1,1,Invalid,0.0,4.0,56.0,24.0,"['Male', 'Male']",1,0,3,4,5,Dry,Straight,Level,Lowest,No
35404,51,Virginia,510227,0,1,1,0,3,NOT APPLICABLE,April,20,Thursday,22,45,Rural,High Speed (Arterial),Yes,37.33013889,-82.17514167,Non-Intersection,Dark - Not Lighted,Not Reported,Unknown,Unknown,Unknown EMS Scene Arrival Hour,Unknown EMS Scene Arrival Minutes,Unknown,Unknown EMS Hospital Arrival Time,1,Dark - Unlighted,Clear,1,2,['Front_Passenger'],['None_Used'],1,1,Valid,0.0,0.0,15.0,15.0,['Male'],3,0,2,4,2,Dry,Curve,Level,Lowest,No
35405,51,Virginia,510228,0,1,1,0,1,NOT APPLICABLE,April,22,Saturday,13,39,Urban,High Speed (Arterial),Yes,37.52549722,-77.28833611,Non-Intersection,Daylight,Rain,Unknown,Unknown if Notified,Unknown EMS Scene Arrival Hour,Unknown if Arrived,Not Applicable (Not Transported),Not Applicable (Not Transported),1,Daylight,Rain/Wind/Minor,1,0,['Driver'],['None_Used'],0,0,Valid,0.0,4.0,30.0,30.0,['Female'],1,0,3,4,3,Wet/Standing Water,Curve,Level,Lowest,No
35406,51,Virginia,510229,0,1,1,0,1,FREDERICKSBURG,April,22,Saturday,17,35,Urban,High Speed (Arterial),Yes,38.30837222,-77.50216111,Non-Intersection,Daylight,Rain,Unknown,Unknown,Unknown EMS Scene Arrival Hour,Unknown EMS Scene Arrival Minutes,Unknown,Unknown EMS Hospital Arrival Time,1,Daylight,Rain/Wind/Minor,1,0,['Driver'],['None_Used'],0,0,Valid,0.0,0.0,41.0,41.0,['Male'],0,0,5,4,2,Wet/Standing Water,Straight,Level,Lowest,No
35407,51,Virginia,510230,0,2,2,0,2,NOT APPLICABLE,April,21,Friday,17,35,Rural,Medium Speed (Collector),No,38.64657222,-77.88453889,Non-Intersection,Daylight,Not Reported,Unknown,Unknown,Unknown EMS Scene Arrival Hour,Unknown EMS Scene Arrival Minutes,Unknown,Unknown EMS Hospital Arrival Time,1,Daylight,Clear,1,1,['Driver'],['Shoulder_Lapbelt'],1,1,Valid,0.0,2.0,78.0,50.0,"['Male', 'Male']",0,0,3,4,5,Dry,Curve,Grade/Hillcrest,Lowest,No
35408,51,Virginia,510231,0,3,3,0,3,NOT APPLICABLE,April,22,Saturday,12,15,Rural,High Speed (Arterial),Yes,37.00902778,-82.58956667,Non-Intersection,Daylight,Not Reported,Unknown,Unknown,Unknown EMS Scene Arrival Hour,Unknown EMS Scene Arrival Minutes,Unknown,Unknown EMS Hospital Arrival Time,1,Daylight,Clear,1,2,['Driver'],['None_Used'],0,0,Invalid,0.0,0.0,79.0,45.0,"['Female', 'Male', 'Male']",0,0,5,4,5,Dry,Straight,Non-Trafficway,Lowest,No
35409,51,Virginia,510232,0,2,2,0,3,NOT APPLICABLE,April,22,Saturday,6,22,Urban,High Speed (Arterial),Yes,36.81223333,-81.609425,Non-Intersection,Dawn,Rain,Unknown,Unknown,Unknown EMS Scene Arrival Hour,Unknown EMS Scene Arrival Minutes,Unknown,Unknown EMS Hospital Arrival Time,2,Twilight,Rain/Wind/Minor,2,1,"['Front_Passenger', 'Driver']","['Shoulder_Lapbelt', 'Shoulder_Lapbelt']",0,0,Valid,0.0,0.0,66.0,30.0,"['Male', 'Female']",2,0,4,4,5,Wet/Standing Water,Curve,Grade/Hillcrest,Lowest,No
35410,51,Virginia,510233,0,4,4,0,4,NOT APPLICABLE,April,21,Friday,23,25,Urban,High Speed (Arterial),Yes,38.82009722,-77.46557222,Non-Intersection,Dark - Lighted,Not Reported,Unknown,Unknown,Unknown EMS Scene Arrival Hour,Unknown EMS Scene Arrival Minutes,Not Applicable (Not Transported),Not Applicable (Not Transported),1,Dark - Lighted,Clear,1,3,['Driver'],['None_Used'],1,1,Valid,4.0,1.0,50.0,28.0,"['Male', 'Male', 'Male', 'Male']",1,0,5,4,5,Dry,Straight,Level,Lowest,No
35411,51,Virginia,510234,0,2,2,0,3,NOT APPLICABLE,April,22,Saturday,1,18,Rural,High Speed (Arterial),Yes,38.82651389,-77.492375,Non-Intersection,Dark - Not Lighted,Not Reported,Unknown,Unknown if Notified,Unknown EMS Scene Arrival Hour,Unknown if Arrived,Not Applicable (Not Transported),Not Applicable (Not Transported),1,Dark - Unlighted,Clear,1,2,['Driver'],['None_Used'],1,1,Invalid,1.0,0.0,42.0,39.0,"['Male', 'Male']",1,0,3,4,5,Dry,Straight,Level,Lowest,No
35412,51,Virginia,510235,0,3,3,0,4,NOT APPLICABLE,April,23,Sunday,12,20,Rural,Medium Speed (Collector),No,38.44359444,-78.27220833,Non-Intersection,Daylight,Not Reported,Unknown,Unknown,Unknown EMS Scene Arrival Hour,Unknown EMS Scene Arrival Minutes,Unknown,Unknown EMS Hospital Arrival Time,2,Daylight,Clear,2,2,"['Driver', 'Rear_Seat']","['None_Used', 'None_Used']",0,0,Valid,0.0,1.0,68.0,56.0,"['Male', 'Male', 'Male']",0,0,5,4,5,Dry,Curve,Grade/Hillcrest,Lowest,Yes
35413,51,Virginia,510236,0,1,1,0,3,NOT APPLICABLE,April,23,Sunday,4,40,Rural,Medium Speed (Collector),No,37.17764444,-77.27289444,Non-Intersection,Dark - Not Lighted,Not Reported,Unknown,Unknown,Unknown EMS Scene Arrival Hour,Unknown EMS Scene Arrival Minutes,Unknown,Unknown EMS Hospital Arrival Time,2,Dark - Unlighted,Clear,2,1,"['Driver', 'Front_Passenger']","['None_Used', 'None_Used']",0,0,Valid,0.0,0.0,17.0,17.0,['Male'],3,0,3,4,3,Wet/Standing Water,Curve,Grade/Hillcrest,Lowest,No
35414,51,Virginia,510237,1,1,1,0,1,RICHMOND,April,23,Sunday,20,6,Urban,High Speed (Arterial),Yes,37.47846111,-77.444325,Non-Intersection,Dark - Lighted,Not Reported,Unknown,Unknown,Unknown EMS Scene Arrival Hour,Unknown EMS Scene Arrival Minutes,Unknown,Unknown EMS Hospital Arrival Time,1,Dark - Lighted,Clear,0,1,[],[],0,0,Valid,0.0,0.0,69.0,69.0,['Male'],0,0,3,1,4,Dry,Straight,Level,Lowest,No