,State_Code,State_Name,Crash_ID,Count_Non_Motorists,Count_Vehicles_Total,Count_Vehicle_Forms,Count_PVH_Involved,Count_Occupants_MV,City_Name,Month_Name,Day_of_Month,Day_of_Week,Crash_Hour,Crash_Minute,Area_Rural_Urban,Road_Functional_Class,On_NHS_Road,Latitude,Longitude,Intersection_Type,Light_Condition,Weather_Condition,Notif_Hour,Notif_Minute,Arrival_Hour,Arrival_Minute,Hospital_Hour,Hospital_Minute,Fatalities_Count,Clean_Light_Condition,Clean_Weather_Condition,Total_Killed,Total_Alive,Fatal_Seats_List,Killed_Restraint_List,Any_Driver_Drinking,Total_Drinking_Drivers,Driver_License_Category,Driver_Max_Prev_Accident_Count,Driver_Max_Prev_Speeding_Count,Max_Driver_Age,Min_Driver_Age,Driver_Sex_List,Total_Exceeding_Limit_Vehicles,Total_Too_Fast_Vehicles,Max_Vehicle_Type_Severity_5,Max_Vehicle_Damage_Rank,Max_Harmful_Event_Severity,Crash_Road_Surface_Condition,Crash_Horizontal_Alignment,Crash_Vertical_Profile,Crash_Impairment_Category,Crash_Vehicle_Defect
35415,51,Virginia,510238,0,4,4,0,6,HAMPTON,April,24,Monday,20,12,Urban,High Speed (Arterial),Yes,37.04379722,-76.35841389,Complex/Circle,Daylight,Not Reported,Unknown,Unknown,Unknown EMS Scene Arrival Hour,Unknown EMS Scene Arrival Minutes,Unknown,Unknown EMS Hospital Arrival Time,1,Daylight,Clear,1,5,['Driver'],['None_Used'],1,1,Invalid,1.0,3.0,62.0,18.0,"['Male', 'Male', 'Female', 'Female']",1,0,2,4,5,Dry,Straight,Level,Lowest,No
35416,51,Virginia,510239,0,1,1,0,1,NOT APPLICABLE,April,24,Monday,20,13,Urban,Low Speed (Local),No,38.27896389,-77.41458611,Non-Intersection,Daylight,Not Reported,Unknown,Unknown,Unknown EMS Scene Arrival Hour,Unknown EMS Scene Arrival Minutes,Not Applicable (Not Transported),Not Applicable (Not Transported),1,Daylight,Clear,1,0,['Driver'],['None_Used'],1,1,Invalid,0.0,0.0,27.0,27.0,['Male'],1,0,3,4,3,Dry,Straight,Grade/Hillcrest,Lowest,Yes
35417,51,Virginia,510240,0,3,3,0,3,NOT APPLICABLE,April,19,Wednesday,17,10,Urban,Medium Speed (Collector),No,37.52023889,-77.60594722,Complex/Circle,Daylight,Not Reported,Unknown,Unknown,Unknown EMS Scene Arrival Hour,Unknown EMS Scene Arrival Minutes,Unknown,Unknown EMS Hospital Arrival Time,1,Daylight,Clear,1,2,['Driver'],['None_Used'],0,0,Valid,0.0,0.0,54.0,23.0,"['Male', 'Female', 'Male']",1,0,5,4,5,Dry,Straight,Level,Lowest,No
35418,51,Virginia,510241,0,1,1,0,1,HAMPTON,April,26,Wednesday,14,5,Urban,High Speed (Arterial),Yes,37.04423889,-76.37726389,Complex/Circle,Daylight,Not Reported,Unknown,Unknown if Notified,Unknown EMS Scene Arrival Hour,Unknown if Arrived,Not Applicable (Not Transported),Not Applicable (Not Transported),1,Daylight,Clear,1,0,['Driver'],['None_Used'],1,1,Valid,1.0,0.0,52.0,52.0,['Male'],0,0,3,4,3,Dry,Straight,Level,Lowest,No
35419,51,Virginia,510242,0,1,1,0,1,NOT APPLICABLE,April,27,Thursday,13,25,Rural,Medium Speed (Collector),No,37.93428056,-78.20018611,Non-Intersection,Daylight,Not Reported,Unknown,Unknown if Notified,Unknown EMS Scene Arrival Hour,Unknown if Arrived,Not Applicable (Not Transported),Not Applicable (Not Transported),1,Daylight,Clear,1,0,['Driver'],['None_Used'],1,1,Valid,1.0,0.0,48.0,48.0,['Male'],1,0,3,4,3,Dry,Curve,Level,Lowest,No
35420,51,Virginia,510243,0,1,1,0,2,NOT APPLICABLE,April,24,Monday,6,41,Rural,Medium Speed (Collector),No,37.12985278,-81.61885278,Non-Intersection,Dawn,Not Reported,Unknown,Unknown,Unknown EMS Scene Arrival Hour,Unknown EMS Scene Arrival Minutes,Unknown,Unknown EMS Hospital Arrival Time,1,Twilight,Clear,1,1,['Front_Passenger'],['None_Used'],0,0,Valid,1.0,0.0,84.0,84.0,['Male'],0,0,3,1,2,Dry,Straight,Level,Lowest,No
35421,51,Virginia,510244,1,1,1,0,1,NOT APPLICABLE,April,10,Monday,18,0,Rural,Low Speed (Local),No,38.68748889,-77.3123,Non-Intersection,Daylight,Not Reported,Unknown,Unknown,Unknown EMS Scene Arrival Hour,Unknown EMS Scene Arrival Minutes,Unknown,Unknown EMS Hospital Arrival Time,1,Daylight,Clear,0,1,[],[],0,0,Valid,0.0,0.0,69.0,69.0,['Female'],0,0,2,2,4,Dry,Straight,Level,Lowest,No
35422,51,Virginia,510245,0,1,1,0,1,NOT APPLICABLE,April,29,Saturday,17,30,Rural,Low Speed (Local),No,36.75910556,-77.81813333,Non-Intersection,Daylight,Not Reported,Unknown,Unknown if Notified,Unknown EMS Scene Arrival Hour,Unknown if Arrived,Not Applicable (Not Transported),Not Applicable (Not Transported),1,Daylight,Clear,1,0,['Driver'],['None_Used'],1,1,Valid,0.0,0.0,45.0,45.0,['Male'],0,0,2,4,3,Dry,Curve,Level,Lowest,No
35423,51,Virginia,510246,0,1,1,0,2,NOT APPLICABLE,April,28,Friday,3,50,Urban,High Speed (Arterial),Yes,38.79684444,-77.13240278,Non-Intersection,Dark - Lighted,Not Reported,Unknown,Unknown,Unknown EMS Scene Arrival Hour,Unknown EMS Scene Arrival Minutes,Unknown,Unknown EMS Hospital Arrival Time,2,Dark - Lighted,Clear,2,0,"['Driver', 'Front_Passenger']","['Shoulder_Lapbelt', 'Shoulder_Lapbelt']",0,0,Invalid,0.0,0.0,20.0,20.0,['Male'],0,0,3,4,3,Dry,Straight,Level,Lowest,Yes
35424,51,Virginia,510247,1,1,1,0,1,NOT APPLICABLE,April,30,Sunday,23,5,Rural,High Speed (Arterial),Yes,38.10739722,-77.51832222,Non-Intersection,Dark - Not Lighted,Not Reported,Unknown,Unknown if Notified,Unknown EMS Scene Arrival Hour,Unknown if Arrived,Not Applicable (Not Transported),Not Applicable (Not Transported),1,Dark - Unlighted,Clear,0,1,[],[],0,0,Valid,0.0,0.0,39.0,39.0,['Male'],0,0,3,1,4,Dry,Straight,Level,Lowest,No
35425,51,Virginia,510248,1,1,1,0,1,ROANOKE,April,28,Friday,23,47,Urban,Medium Speed (Collector),No,37.25336111,-79.91583333,Non-Intersection,Dark - Not Lighted,Rain,Unknown,Unknown,Unknown EMS Scene Arrival Hour,Unknown EMS Scene Arrival Minutes,Unknown,Unknown EMS Hospital Arrival Time,1,Dark - Unlighted,Rain/Wind/Minor,0,1,[],[],0,0,Valid,2.0,0.0,18.0,18.0,['Female'],0,0,3,1,4,Wet/Standing Water,Straight,Level,Lowest,No
35426,51,Virginia,510249,0,3,3,0,8,NOT APPLICABLE,April,9,Sunday,9,15,Rural,Medium Speed (Collector),No,37.21931111,-79.79810556,Non-Intersection,Daylight,Not Reported,Unknown,Unknown,Unknown EMS Scene Arrival Hour,Unknown EMS Scene Arrival Minutes,Unknown,Unknown EMS Hospital Arrival Time,1,Daylight,Clear,1,7,['Driver'],['None_Used'],1,1,Valid,0.0,0.0,62.0,43.0,"['Male', 'Male', 'Female']",0,0,3,4,5,Dry,Curve,Level,Lowest,No
35427,51,Virginia,510250,1,1,1,0,1,NOT APPLICABLE,April,20,Thursday,21,2,Urban,High Speed (Arterial),No,38.79603056,-77.44703056,Non-Intersection,Dark - Lighted,Not Reported,Unknown,Unknown,Unknown EMS Scene Arrival Hour,Unknown EMS Scene Arrival Minutes,Unknown,Unknown EMS Hospital Arrival Time,1,Dark - Lighted,Clear,0,0,[],[],0,0,Invalid,0.0,0.0,998.0,998.0,['Other'],0,0,1,0,4,Dry,Straight,Level,Lowest,No
35428,51,Virginia,510251,0,1,1,0,1,NOT APPLICABLE,April,15,Saturday,0,30,Rural,High Speed (Arterial),Yes,37.050975,-77.38172222,Non-Intersection,Dark - Not Lighted,Not Reported,Unknown,Unknown if Notified,Unknown EMS Scene Arrival Hour,Unknown if Arrived,Not Applicable (Not Transported),Not Applicable (Not Transported),1,Dark - Unlighted,Clear,1,0,['Driver'],['Shoulder_Lapbelt'],0,0,Invalid,0.0,0.0,59.0,59.0,['Female'],1,0,1,4,3,Wet/Standing Water,Straight,Level,Lowest,No
35429,51,Virginia,510252,1,1,1,0,1,HAMPTON,April,23,Sunday,21,8,Rural,Low Speed (Local),No,37.04014167,-76.38746944,Non-Intersection,Dark - Lighted,Not Reported,Unknown,Unknown,Unknown EMS Scene Arrival Hour,Unknown EMS Scene Arrival Minutes,Unknown,Unknown EMS Hospital Arrival Time,1,Dark - Lighted,Clear,0,0,[],[],0,0,Invalid,0.0,0.0,998.0,998.0,['Other'],0,0,1,0,4,Dry,Straight,Level,Lowest,No
35430,51,Virginia,510253,0,3,3,0,4,VIRGINIA BEACH,April,22,Saturday,17,1,Urban,High Speed (Arterial),Yes,36.84683056,-76.03592222,Simple Junction,Daylight,Rain,Unknown,Unknown,Unknown EMS Scene Arrival Hour,Unknown EMS Scene Arrival Minutes,Unknown,Unknown EMS Hospital Arrival Time,1,Daylight,Rain/Wind/Minor,1,3,['Rear_Seat'],['None_Used'],0,0,Valid,1.0,0.0,59.0,21.0,"['Male', 'Male', 'Male']",0,0,5,4,5,Wet/Standing Water,Straight,Level,Lowest,No
35431,51,Virginia,510254,0,2,2,0,3,NOT APPLICABLE,April,29,Saturday,23,15,Urban,Low Speed (Local),No,38.67905278,-77.283125,Simple Junction,Dark - Not Lighted,Not Reported,Unknown,Unknown,Unknown EMS Scene Arrival Hour,Unknown EMS Scene Arrival Minutes,Unknown,Unknown EMS Hospital Arrival Time,1,Dark - Unlighted,Clear,1,2,['Front_Passenger'],['Shoulder_Lapbelt'],0,0,Invalid,0.0,0.0,55.0,52.0,"['Male', 'Female']",0,0,3,4,5,Dry,Straight,Grade/Hillcrest,Lowest,No
35432,51,Virginia,510255,0,4,4,0,4,NOT APPLICABLE,April,11,Tuesday,11,35,Rural,High Speed (Arterial),Yes,37.307075,-82.155175,Non-Intersection,Daylight,Not Reported,Unknown,Unknown,Unknown EMS Scene Arrival Hour,Unknown EMS Scene Arrival Minutes,Unknown,Unknown EMS Hospital Arrival Time,1,Daylight,Clear,1,3,['Driver'],['Shoulder_Lapbelt'],0,0,Valid,0.0,1.0,66.0,27.0,"['Male', 'Male', 'Male', 'Male']",0,0,4,4,5,Dry,Straight,Grade/Hillcrest,Lowest,No
35433,51,Virginia,510256,3,1,1,0,2,NOT APPLICABLE,April,12,Wednesday,18,28,Rural,Medium Speed (Collector),No,37.90549167,-75.50788056,Non-Intersection,Daylight,Not Reported,Unknown,Unknown,Unknown EMS Scene Arrival Hour,Unknown EMS Scene Arrival Minutes,Unknown,Unknown EMS Hospital Arrival Time,1,Daylight,Clear,0,2,[],[],0,0,Valid,0.0,0.0,36.0,36.0,['Female'],2,0,3,4,4,Dry,Straight,Level,Lowest,No
35434,51,Virginia,510257,0,1,1,0,2,NOT APPLICABLE,April,14,Friday,19,50,Rural,Medium Speed (Collector),No,36.88045278,-78.51421389,Non-Intersection,Dark - Not Lighted,Not Reported,Unknown,Unknown if Notified,Unknown EMS Scene Arrival Hour,Unknown if Arrived,Not Applicable (Not Transported),Not Applicable (Not Transported),2,Dark - Unlighted,Clear,2,0,"['Driver', 'Front_Passenger']","['None_Used', 'None_Used']",1,1,Valid,0.0,1.0,34.0,34.0,['Male'],2,0,2,4,3,Dry,Curve,Grade/Hillcrest,Lowest,No
35435,51,Virginia,510258,1,2,1,1,1,NOT APPLICABLE,April,23,Sunday,12,39,Rural,High Speed (Arterial),Yes,36.75838056,-81.85383611,Non-Intersection,Daylight,Not Reported,Unknown,Unknown,Unknown EMS Scene Arrival Hour,Unknown EMS Scene Arrival Minutes,Unknown,Unknown EMS Hospital Arrival Time,1,Daylight,Clear,1,0,['Driver'],['Shoulder_Lapbelt'],0,0,Valid,0.0,0.0,54.0,54.0,['Male'],1,0,3,4,5,Dry,Straight,Level,Lowest,No
35436,51,Virginia,510259,0,2,2,0,2,NOT APPLICABLE,April,26,Wednesday,15,42,Urban,High Speed (Arterial),Yes,37.20381111,-77.46071111,Non-Intersection,Daylight,Not Reported,Unknown,Unknown,Unknown EMS Scene Arrival Hour,Unknown EMS Scene Arrival Minutes,Unknown,Unknown EMS Hospital Arrival Time,1,Daylight,Clear,1,1,['Driver'],['Shoulder_Lapbelt'],0,0,Valid,0.0,1.0,79.0,29.0,"['Female', 'Female']",0,0,3,4,5,Dry,Straight,Level,Lowest,No
35437,51,Virginia,510260,0,1,1,0,1,NOT APPLICABLE,April,28,Friday,6,50,Rural,High Speed (Arterial),Yes,36.61363056,-81.178925,Non-Intersection,Dawn,Rain,Unknown,Unknown,Unknown EMS Scene Arrival Hour,Unknown EMS Scene Arrival Minutes,Unknown,Unknown EMS Hospital Arrival Time,1,Twilight,Rain/Wind/Minor,1,0,['Driver'],['Shoulder_Lapbelt'],0,0,Valid,0.0,0.0,81.0,81.0,['Male'],0,0,3,4,2,Wet/Standing Water,Curve,Grade/Hillcrest,Medium,No
35438,51,Virginia,510261,1,1,1,0,1,ROANOKE,April,4,Tuesday,9,15,Urban,High Speed (Arterial),Yes,37.26136944,-79.99847222,Non-Intersection,Daylight,Not Reported,Unknown,Unknown,Unknown EMS Scene Arrival Hour,Unknown EMS Scene Arrival Minutes,Unknown,Unknown EMS Hospital Arrival Time,1,Daylight,Clear,0,1,[],[],0,0,Valid,0.0,0.0,67.0,67.0,['Female'],0,0,3,1,4,Dry,Straight,Level,Lowest,No
35439,51,Virginia,510262,0,1,1,0,2,CHESAPEAKE,April,19,Wednesday,20,29,Urban,Low Speed (Local),No,36.73916667,-76.34779444,Non-Intersection,Dark - Lighted,Not Reported,Unknown,Unknown,Unknown EMS Scene Arrival Hour,Unknown EMS Scene Arrival Minutes,Unknown,Unknown EMS Hospital Arrival Time,1,Dark - Lighted,Clear,1,1,['Front_Passenger'],['None_Used'],1,1,Valid,1.0,1.0,23.0,23.0,['Male'],2,0,2,4,3,Dry,Curve,Level,Lowest,No
35440,51,Virginia,510263,0,1,1,0,2,NOT APPLICABLE,April,30,Sunday,16,3,Rural,High Speed (Arterial),Yes,37.14408333,-77.35565556,Non-Intersection,Daylight,Rain,Unknown,Unknown,Unknown EMS Scene Arrival Hour,Unknown EMS Scene Arrival Minutes,Unknown,Unknown EMS Hospital Arrival Time,1,Daylight,Rain/Wind/Minor,1,1,['Front_Passenger'],['None_Used'],0,0,Valid,0.0,0.0,18.0,18.0,['Female'],0,0,2,4,3,Wet/Standing Water,Straight,Level,Lowest,Yes
35441,51,Virginia,510264,0,2,2,0,3,NOT APPLICABLE,April,21,Friday,1,10,Urban,High Speed (Arterial),Yes,38.86769444,-77.14455,Non-Intersection,Dark - Lighted,Not Reported,Unknown,Unknown,Unknown EMS Scene Arrival Hour,Unknown EMS Scene Arrival Minutes,Unknown,Unknown EMS Hospital Arrival Time,1,Dark - Lighted,Clear,1,2,['Driver'],['None_Used'],0,0,Valid,0.0,1.0,41.0,26.0,"['Male', 'Other']",2,0,2,4,5,Dry,Straight,Level,Lowest,No
35442,51,Virginia,510266,0,1,1,0,1,NOT APPLICABLE,May,1,Monday,23,56,Rural,Medium Speed (Collector),No,37.60621667,-76.55624167,Non-Intersection,Dark - Not Lighted,Not Reported,Unknown,Unknown,Unknown EMS Scene Arrival Hour,Unknown EMS Scene Arrival Minutes,Unknown,Unknown EMS Hospital Arrival Time,1,Dark - Unlighted,Clear,1,0,['Driver'],['None_Used'],1,1,Valid,0.0,1.0,51.0,51.0,['Male'],1,0,3,4,3,Dry,Straight,Level,Lowest,No
35443,51,Virginia,510267,0,2,2,0,2,NOT APPLICABLE,May,4,Thursday,11,10,Urban,Medium Speed (Collector),No,38.20711667,-78.35794722,Non-Intersection,Daylight,Not Reported,Unknown,Unknown,Unknown EMS Scene Arrival Hour,Unknown EMS Scene Arrival Minutes,Unknown,Unknown EMS Hospital Arrival Time,1,Daylight,Clear,1,1,['Driver'],['Shoulder_Lapbelt'],0,0,Valid,0.0,2.0,89.0,26.0,"['Male', 'Male']",0,0,4,4,5,Dry,Curve,Grade/Hillcrest,Lowest,No
35444,51,Virginia,510268,1,2,2,0,2,RICHMOND,May,4,Thursday,18,39,Urban,High Speed (Arterial),Yes,37.54471389,-77.44701667,Complex/Circle,Dusk,Not Reported,Unknown,Unknown if Notified,Unknown EMS Scene Arrival Hour,Unknown if Arrived,Not Applicable (Not Transported),Not Applicable (Not Transported),1,Twilight,Clear,0,2,[],[],0,0,Valid,1.0,0.0,22.0,21.0,"['Male', 'Female']",0,0,3,4,5,Dry,Straight,Grade/Hillcrest,Lowest,No
35445,51,Virginia,510269,0,1,1,0,2,NOT APPLICABLE,May,4,Thursday,14,50,Rural,Medium Speed (Collector),No,36.61331389,-80.92139444,Non-Intersection,Daylight,Not Reported,Unknown,Unknown,Unknown EMS Scene Arrival Hour,Unknown EMS Scene Arrival Minutes,Unknown,Unknown EMS Hospital Arrival Time,2,Daylight,Clear,2,0,"['Driver', 'Front_Passenger']","['Shoulder_Lapbelt', 'Shoulder_Lapbelt']",0,0,Valid,0.0,0.0,82.0,82.0,['Female'],0,0,3,4,3,Dry,Straight,Level,Lowest,No
35446,51,Virginia,510270,1,1,1,0,1,NOT APPLICABLE,May,4,Thursday,22,10,Rural,High Speed (Arterial),Yes,36.95354722,-79.8808,Non-Intersection,Dark - Not Lighted,Not Reported,Unknown,Unknown if Notified,Unknown EMS Scene Arrival Hour,Unknown if Arrived,Not Applicable (Not Transported),Not Applicable (Not Transported),1,Dark - Unlighted,Clear,0,1,[],[],0,0,Valid,0.0,0.0,49.0,49.0,['Male'],0,0,2,4,4,Dry,Straight,Level,Lowest,No
35447,51,Virginia,510271,0,1,1,0,1,NOT APPLICABLE,May,6,Saturday,2,0,Rural,Medium Speed (Collector),No,38.36802778,-79.473825,Non-Intersection,Dark - Not Lighted,Not Reported,Unknown,Unknown if Notified,Unknown EMS Scene Arrival Hour,Unknown if Arrived,Not Applicable (Not Transported),Not Applicable (Not Transported),1,Dark - Unlighted,Clear,1,0,['Driver'],['None_Used'],1,1,Valid,0.0,3.0,23.0,23.0,['Male'],0,0,3,4,3,Dry,Straight,Grade/Hillcrest,Lowest,Yes
35448,51,Virginia,510272,0,1,1,0,1,NOT APPLICABLE,May,5,Friday,20,30,Urban,High Speed (Arterial),Yes,37.34881389,-80.80823333,Non-Intersection,Dusk,Not Reported,Unknown,Unknown if Notified,Unknown EMS Scene Arrival Hour,Unknown if Arrived,Not Applicable (Not Transported),Not Applicable (Not Transported),1,Twilight,Clear,1,0,['Driver'],['None_Used'],1,1,Valid,1.0,1.0,46.0,46.0,['Male'],1,0,5,4,2,Dry,Curve,Grade/Hillcrest,Lowest,No
35449,51,Virginia,510273,0,2,2,0,2,NOT APPLICABLE,May,7,Sunday,8,28,Rural,Medium Speed (Collector),No,37.90916111,-75.5723,Non-Intersection,Daylight,Not Reported,Unknown,Unknown if Notified,Unknown EMS Scene Arrival Hour,Unknown if Arrived,Not Applicable (Not Transported),Not Applicable (Not Transported),1,Daylight,Clear,1,1,['Driver'],['None_Used'],1,1,Valid,0.0,0.0,82.0,32.0,"['Male', 'Male']",0,0,3,4,5,Dry,Straight,Level,Lowest,No
35450,51,Virginia,510274,0,1,1,0,1,NOT APPLICABLE,May,7,Sunday,23,8,Rural,Low Speed (Local),No,37.90323889,-79.27496389,Non-Intersection,Dark - Not Lighted,Not Reported,Unknown,Unknown if Notified,Unknown EMS Scene Arrival Hour,Unknown if Arrived,Not Applicable (Not Transported),Not Applicable (Not Transported),1,Dark - Unlighted,Clear,1,0,['Driver'],['Shoulder_Lapbelt'],0,0,Valid,0.0,0.0,18.0,18.0,['Male'],1,0,3,4,3,Dry,Straight,Level,Lowest,No
35451,51,Virginia,510275,0,1,1,0,1,ROANOKE,May,8,Monday,18,5,Urban,Low Speed (Local),No,37.28106111,-79.91759444,Non-Intersection,Daylight,Not Reported,Unknown,Unknown,Unknown EMS Scene Arrival Hour,Unknown EMS Scene Arrival Minutes,Unknown,Unknown EMS Hospital Arrival Time,1,Daylight,Clear,1,0,['Driver'],['Shoulder_Lapbelt'],0,0,Valid,1.0,2.0,26.0,26.0,['Male'],0,0,2,4,4,Dry,Curve,Grade/Hillcrest,Lowest,Yes
35452,51,Virginia,510276,1,1,1,0,3,NOT APPLICABLE,May,8,Monday,22,54,Urban,Low Speed (Local),No,38.57198889,-77.28901944,Non-Intersection,Dark - Not Lighted,Not Reported,Unknown,Unknown if Notified,Unknown EMS Scene Arrival Hour,Unknown if Arrived,Not Applicable (Not Transported),Not Applicable (Not Transported),1,Dark - Unlighted,Clear,0,3,[],[],0,0,Valid,0.0,1.0,29.0,29.0,['Female'],0,0,3,1,4,Dry,Curve,Grade/Hillcrest,Lowest,No
35453,51,Virginia,510277,0,1,1,0,4,VIRGINIA BEACH,May,7,Sunday,2,15,Urban,High Speed (Arterial),Yes,36.84797222,-76.00869444,Non-Intersection,Dark - Lighted,Not Reported,Unknown,Unknown,Unknown EMS Scene Arrival Hour,Unknown EMS Scene Arrival Minutes,Unknown,Unknown EMS Hospital Arrival Time,1,Dark - Lighted,Clear,1,3,['Rear_Seat'],['None_Used'],0,0,Valid,1.0,0.0,25.0,25.0,['Male'],0,0,2,4,3,Dry,Straight,Level,Lowest,No
35454,51,Virginia,510278,0,2,2,0,3,NOT APPLICABLE,May,9,Tuesday,7,19,Urban,Medium Speed (Collector),No,37.33381667,-79.91803889,Non-Intersection,Daylight,Not Reported,Unknown,Unknown,Unknown EMS Scene Arrival Hour,Unknown EMS Scene Arrival Minutes,Unknown,Unknown EMS Hospital Arrival Time,1,Daylight,Clear,1,2,['Driver'],['None_Used'],0,0,Valid,0.0,1.0,23.0,22.0,"['Male', 'Female']",0,0,3,4,5,Dry,Curve,Grade/Hillcrest,Lowest,No
35455,51,Virginia,510279,0,1,1,0,1,MARTINSVILLE,May,9,Tuesday,12,6,Urban,Medium Speed (Collector),No,36.67115556,-79.85999444,Non-Intersection,Daylight,Not Reported,Unknown,Unknown if Notified,Unknown EMS Scene Arrival Hour,Unknown if Arrived,Not Applicable (Not Transported),Not Applicable (Not Transported),1,Daylight,Clear,1,0,['Driver'],['Shoulder_Lapbelt'],0,0,Valid,0.0,0.0,72.0,72.0,['Male'],1,0,2,4,3,Dry,Curve,Grade/Hillcrest,Lowest,No
35456,51,Virginia,510280,0,2,2,0,3,NOT APPLICABLE,May,10,Wednesday,16,35,Rural,High Speed (Arterial),Yes,37.09035278,-79.93589167,Non-Intersection,Daylight,Not Reported,Unknown,Unknown,Unknown EMS Scene Arrival Hour,Unknown EMS Scene Arrival Minutes,Unknown,Unknown EMS Hospital Arrival Time,1,Daylight,Clear,1,2,['Driver'],['Shoulder_Lapbelt'],1,1,Valid,0.0,0.0,87.0,25.0,"['Male', 'Male']",0,0,3,4,5,Dry,Straight,Level,Lowest,No
35457,51,Virginia,510281,1,1,1,0,1,APPOMATTOX,May,11,Thursday,22,55,Rural,Medium Speed (Collector),No,37.36541111,-78.83739722,Complex/Circle,Dark - Not Lighted,Not Reported,Unknown,Unknown,Unknown EMS Scene Arrival Hour,Unknown EMS Scene Arrival Minutes,Unknown,Unknown EMS Hospital Arrival Time,1,Dark - Unlighted,Clear,0,1,[],[],0,0,Valid,0.0,0.0,60.0,60.0,['Male'],0,0,2,1,4,Dry,Straight,Level,Lowest,No
35458,51,Virginia,510282,0,1,1,0,2,NOT APPLICABLE,May,12,Friday,4,15,Urban,High Speed (Arterial),Yes,37.37526111,-77.40641667,Non-Intersection,Dark - Not Lighted,Not Reported,Unknown,Unknown,Unknown EMS Scene Arrival Hour,Unknown EMS Scene Arrival Minutes,Unknown,Unknown EMS Hospital Arrival Time,1,Dark - Unlighted,Clear,1,1,['Driver'],['Shoulder_Lapbelt'],0,0,Valid,0.0,0.0,56.0,56.0,['Male'],2,0,2,4,3,Dry,Curve,Grade/Hillcrest,Lowest,No
35459,51,Virginia,510283,0,1,1,0,3,NOT APPLICABLE,May,12,Friday,17,53,Rural,High Speed (Arterial),Yes,37.07827778,-77.565425,Non-Intersection,Daylight,Not Reported,Unknown,Unknown,Unknown EMS Scene Arrival Hour,Unknown EMS Scene Arrival Minutes,Unknown,Unknown EMS Hospital Arrival Time,1,Daylight,Clear,1,2,['Driver'],['None_Used'],1,1,Invalid,0.0,0.0,35.0,35.0,['Male'],0,0,3,4,3,Dry,Straight,Level,Lowest,No
35460,51,Virginia,510284,0,1,1,0,2,NOT APPLICABLE,May,11,Thursday,18,35,Rural,Medium Speed (Collector),No,36.75101111,-83.01085,Non-Intersection,Daylight,Not Reported,Unknown,Unknown,Unknown EMS Scene Arrival Hour,Unknown EMS Scene Arrival Minutes,Unknown,Unknown EMS Hospital Arrival Time,1,Daylight,Clear,1,1,['Front_Passenger'],['None_Used'],0,0,Valid,1.0,0.0,57.0,57.0,['Male'],0,0,3,4,1,Dry,Straight,Level,Lowest,No
35461,51,Virginia,510285,1,1,1,0,1,NOT APPLICABLE,May,11,Thursday,15,19,Rural,Medium Speed (Collector),No,37.29505556,-79.16260833,Simple Junction,Daylight,Not Reported,Unknown,Unknown,Unknown EMS Scene Arrival Hour,Unknown EMS Scene Arrival Minutes,Unknown,Unknown EMS Hospital Arrival Time,1,Daylight,Clear,0,1,[],[],0,0,Valid,0.0,0.0,47.0,47.0,['Female'],0,0,2,4,4,Dry,Straight,Level,Lowest,No
35462,51,Virginia,510286,0,1,1,0,1,NOT APPLICABLE,May,12,Friday,3,15,Urban,High Speed (Arterial),Yes,36.68640278,-82.02781667,Non-Intersection,Dark - Not Lighted,Not Reported,Unknown,Unknown,Unknown EMS Scene Arrival Hour,Unknown EMS Scene Arrival Minutes,Not Applicable (Not Transported),Not Applicable (Not Transported),1,Dark - Unlighted,Clear,1,0,['Driver'],['None_Used'],0,0,Valid,0.0,0.0,71.0,71.0,['Male'],0,0,5,1,3,Dry,Straight,Grade/Hillcrest,Lowest,No
35463,51,Virginia,510287,0,2,2,0,6,NOT APPLICABLE,May,14,Sunday,16,49,Urban,Medium Speed (Collector),No,38.94756667,-77.56509167,Complex/Circle,Daylight,Not Reported,Unknown,Unknown,Unknown EMS Scene Arrival Hour,Unknown EMS Scene Arrival Minutes,Unknown,Unknown EMS Hospital Arrival Time,1,Daylight,Clear,1,5,['Driver'],['None_Used'],0,0,Invalid,2.0,0.0,40.0,33.0,"['Male', 'Female']",1,0,5,4,5,Dry,Straight,Level,Lowest,No
35464,51,Virginia,510288,1,1,1,0,4,NOT APPLICABLE,May,8,Monday,2,18,Urban,Medium Speed (Collector),No,38.94169722,-77.36947778,Non-Intersection,Dark - Not Lighted,Not Reported,Unknown,Unknown,Unknown EMS Scene Arrival Hour,Unknown EMS Scene Arrival Minutes,Unknown,Unknown EMS Hospital Arrival Time,1,Dark - Unlighted,Clear,0,4,[],[],0,0,Valid,0.0,0.0,39.0,39.0,['Male'],0,0,2,1,4,Wet/Standing Water,Straight,Level,Lowest,No