,State_Code,State_Name,Crash_ID,Count_Non_Motorists,Count_Vehicles_Total,Count_Vehicle_Forms,Count_PVH_Involved,Count_Occupants_MV,City_Name,Month_Name,Day_of_Month,Day_of_Week,Crash_Hour,Crash_Minute,Area_Rural_Urban,Road_Functional_Class,On_NHS_Road,Latitude,Longitude,Intersection_Type,Light_Condition,Weather_Condition,Notif_Hour,Notif_Minute,Arrival_Hour,Arrival_Minute,Hospital_Hour,Hospital_Minute,Fatalities_Count,Clean_Light_Condition,Clean_Weather_Condition,Total_Killed,Total_Alive,Fatal_Seats_List,Killed_Restraint_List,Any_Driver_Drinking,Total_Drinking_Drivers,Driver_License_Category,Driver_Max_Prev_Accident_Count,Driver_Max_Prev_Speeding_Count,Max_Driver_Age,Min_Driver_Age,Driver_Sex_List,Total_Exceeding_Limit_Vehicles,Total_Too_Fast_Vehicles,Max_Vehicle_Type_Severity_5,Max_Vehicle_Damage_Rank,Max_Harmful_Event_Severity,Crash_Road_Surface_Condition,Crash_Horizontal_Alignment,Crash_Vertical_Profile,Crash_Impairment_Category,Crash_Vehicle_Defect
35465,51,Virginia,510289,0,1,1,0,1,NOT APPLICABLE,May,15,Monday,9,5,Rural,Medium Speed (Collector),No,38.44482778,-77.98043611,Non-Intersection,Daylight,Not Reported,Unknown,Unknown if Notified,Unknown EMS Scene Arrival Hour,Unknown if Arrived,Not Applicable (Not Transported),Not Applicable (Not Transported),1,Daylight,Clear,1,0,['Driver'],['Shoulder_Lapbelt'],0,0,Valid,0.0,0.0,69.0,69.0,['Female'],0,0,2,4,2,Dry,Curve,Level,Lowest,No
35466,51,Virginia,510290,0,2,2,0,2,NOT APPLICABLE,May,6,Saturday,17,10,Urban,High Speed (Arterial),Yes,38.70867222,-77.20101667,Simple Junction,Daylight,Not Reported,Unknown,Unknown if Notified,Unknown EMS Scene Arrival Hour,Unknown if Arrived,Not Applicable (Not Transported),Not Applicable (Not Transported),1,Daylight,Clear,1,1,['Driver'],['None_Used'],0,0,Valid,0.0,3.0,37.0,22.0,"['Male', 'Female']",1,0,5,4,5,Dry,Straight,Grade/Hillcrest,Lowest,No
35467,51,Virginia,510291,0,1,1,0,1,NOT APPLICABLE,May,14,Sunday,9,24,Rural,Medium Speed (Collector),No,36.61312222,-83.15706111,Non-Intersection,Daylight,Not Reported,Unknown,Unknown,Unknown EMS Scene Arrival Hour,Unknown EMS Scene Arrival Minutes,Unknown,Unknown EMS Hospital Arrival Time,1,Daylight,Clear,1,0,['Driver'],['None_Used'],0,0,Valid,0.0,0.0,40.0,40.0,['Male'],0,0,5,4,2,Dry,Curve,Grade/Hillcrest,Lowest,No
35468,51,Virginia,510292,0,2,2,0,2,CHESAPEAKE,May,8,Monday,5,38,Rural,High Speed (Arterial),Yes,36.68863333,-76.34725556,Simple Junction,Dawn,Not Reported,Unknown,Unknown if Notified,Unknown EMS Scene Arrival Hour,Unknown if Arrived,Not Applicable (Not Transported),Not Applicable (Not Transported),1,Twilight,Clear,1,1,['Driver'],['Shoulder_Lapbelt'],0,0,Valid,0.0,1.0,63.0,61.0,"['Male', 'Male']",0,0,4,4,5,Dry,Straight,Level,Lowest,No
35469,51,Virginia,510293,0,1,1,0,3,NOT APPLICABLE,May,14,Sunday,21,30,Rural,Low Speed (Local),No,37.07252778,-76.94008611,Simple Junction,Dark - Not Lighted,Not Reported,Unknown,Unknown,Unknown EMS Scene Arrival Hour,Unknown EMS Scene Arrival Minutes,Unknown,Unknown EMS Hospital Arrival Time,1,Dark - Unlighted,Clear,1,2,['Rear_Seat'],['None_Used'],1,1,Valid,1.0,0.0,20.0,20.0,['Female'],3,0,2,4,3,Dry,Straight,Level,Lowest,No
35470,51,Virginia,510294,0,2,2,0,2,NOT APPLICABLE,May,14,Sunday,20,35,Rural,Medium Speed (Collector),No,37.12457222,-76.84213333,Simple Junction,Dark - Not Lighted,Not Reported,Unknown,Unknown,Unknown EMS Scene Arrival Hour,Unknown EMS Scene Arrival Minutes,Unknown,Unknown EMS Hospital Arrival Time,1,Dark - Unlighted,Clear,1,1,['Driver'],['None_Used'],0,0,Valid,0.0,0.0,65.0,40.0,"['Female', 'Male']",0,0,5,4,5,Dry,Straight,Level,Lowest,No
35471,51,Virginia,510295,0,2,2,0,5,NOT APPLICABLE,May,14,Sunday,20,17,Rural,Medium Speed (Collector),No,36.5429,-79.05661389,Non-Intersection,Dark - Not Lighted,Not Reported,Unknown,Unknown,Unknown EMS Scene Arrival Hour,Unknown EMS Scene Arrival Minutes,Unknown,Unknown EMS Hospital Arrival Time,3,Dark - Unlighted,Clear,3,2,"['Driver', 'Rear_Seat', 'Front_Passenger']","['Shoulder_Lapbelt', 'Shoulder_Lapbelt', 'None_Used']",1,1,Invalid,0.0,1.0,59.0,54.0,"['Male', 'Male']",2,0,3,4,5,Dry,Curve,Grade/Hillcrest,Lowest,No
35472,51,Virginia,510296,1,1,1,0,1,NOT APPLICABLE,May,6,Saturday,20,30,Urban,Medium Speed (Collector),No,37.59997222,-77.54770278,Non-Intersection,Dark - Not Lighted,Not Reported,Unknown,Unknown,Unknown EMS Scene Arrival Hour,Unknown EMS Scene Arrival Minutes,Unknown,Unknown EMS Hospital Arrival Time,1,Dark - Unlighted,Clear,0,0,[],[],0,0,Invalid,0.0,0.0,998.0,998.0,['Other'],0,0,1,0,4,Dry,Straight,Level,Lowest,No
35473,51,Virginia,510297,0,3,3,0,3,NOT APPLICABLE,May,1,Monday,8,37,Rural,High Speed (Arterial),Yes,37.19386667,-77.60124722,Complex/Circle,Daylight,Not Reported,Unknown,Unknown,Unknown EMS Scene Arrival Hour,Unknown EMS Scene Arrival Minutes,Unknown,Unknown EMS Hospital Arrival Time,1,Daylight,Clear,1,2,['Driver'],['Shoulder_Lapbelt'],0,0,Valid,1.0,1.0,85.0,28.0,"['Female', 'Female', 'Male']",0,0,3,4,5,Dry,Straight,Level,Lowest,No
35474,51,Virginia,510298,0,2,2,0,2,NOT APPLICABLE,May,16,Tuesday,14,11,Rural,Medium Speed (Collector),No,38.30613056,-77.9562,Non-Intersection,Daylight,Not Reported,Unknown,Unknown if Notified,Unknown EMS Scene Arrival Hour,Unknown if Arrived,Not Applicable (Not Transported),Not Applicable (Not Transported),1,Daylight,Clear,1,1,['Driver'],['Shoulder_Lapbelt'],1,1,Valid,2.0,0.0,68.0,31.0,"['Male', 'Male']",0,0,4,4,5,Dry,Straight,Grade/Hillcrest,Lowest,No
35475,51,Virginia,510299,0,2,2,0,2,NOT APPLICABLE,May,15,Monday,16,37,Urban,Medium Speed (Collector),No,39.080775,-78.20253889,Simple Junction,Daylight,Not Reported,Unknown,Unknown,Unknown EMS Scene Arrival Hour,Unknown EMS Scene Arrival Minutes,Unknown,Unknown EMS Hospital Arrival Time,1,Daylight,Clear,1,1,['Driver'],['None_Used'],0,0,Valid,0.0,0.0,70.0,58.0,"['Female', 'Male']",0,0,3,4,5,Dry,Straight,Level,Lowest,No
35476,51,Virginia,510300,0,2,2,0,3,VIRGINIA BEACH,May,17,Wednesday,20,57,Urban,Medium Speed (Collector),No,36.80668889,-76.09092222,Complex/Circle,Dark - Lighted,Not Reported,Unknown,Unknown,Unknown EMS Scene Arrival Hour,Unknown EMS Scene Arrival Minutes,0:00am-0:59am,0,1,Dark - Lighted,Clear,1,2,['Front_Passenger'],['Shoulder_Lapbelt'],0,0,Invalid,0.0,0.0,57.0,17.0,"['Male', 'Male']",1,0,3,4,5,Dry,Straight,Level,Lowest,No
35477,51,Virginia,510301,0,2,2,0,2,RICHMOND,May,19,Friday,6,25,Urban,High Speed (Arterial),Yes,37.48791111,-77.4948,Simple Junction,Daylight,Not Reported,Unknown,Unknown if Notified,Unknown EMS Scene Arrival Hour,Unknown if Arrived,Not Applicable (Not Transported),Not Applicable (Not Transported),1,Daylight,Clear,1,1,['Driver'],['None_Used'],0,0,Valid,3.0,2.0,44.0,35.0,"['Male', 'Female']",1,0,5,4,5,Dry,Straight,Level,Lowest,No
35478,51,Virginia,510302,0,1,1,0,1,NOT APPLICABLE,May,19,Friday,14,0,Rural,Medium Speed (Collector),No,38.00423056,-79.71198611,Non-Intersection,Daylight,Not Reported,Unknown,Unknown,Unknown EMS Scene Arrival Hour,Unknown EMS Scene Arrival Minutes,Unknown,Unknown EMS Hospital Arrival Time,1,Daylight,Clear,1,0,['Driver'],['None_Used'],1,1,Valid,0.0,0.0,67.0,67.0,['Male'],0,0,3,4,3,Dry,Curve,Grade/Hillcrest,Lowest,No
35479,51,Virginia,510303,0,2,2,0,2,MANASSAS,May,19,Friday,17,56,Urban,High Speed (Arterial),No,38.76336944,-77.45874167,Complex/Circle,Daylight,Not Reported,Unknown,Unknown,Unknown EMS Scene Arrival Hour,Unknown EMS Scene Arrival Minutes,Unknown,Unknown EMS Hospital Arrival Time,1,Daylight,Clear,1,1,['Driver'],['Shoulder_Lapbelt'],0,0,Invalid,0.0,1.0,80.0,28.0,"['Male', 'Female']",1,0,2,4,5,Dry,Straight,Level,Lowest,No
35480,51,Virginia,510304,1,2,2,0,2,NOT APPLICABLE,May,19,Friday,3,0,Urban,High Speed (Arterial),Yes,38.2176,-77.49909167,Non-Intersection,Dark - Not Lighted,Not Reported,Unknown,Unknown if Notified,Unknown EMS Scene Arrival Hour,Unknown if Arrived,Not Applicable (Not Transported),Not Applicable (Not Transported),1,Dark - Unlighted,Clear,0,2,[],[],0,0,Valid,0.0,0.0,56.0,39.0,"['Male', 'Male']",0,0,4,1,4,Dry,Straight,Level,Lowest,No
35481,51,Virginia,510305,0,1,1,0,2,NOT APPLICABLE,May,21,Sunday,9,30,Rural,Medium Speed (Collector),No,37.275375,-79.08867778,Non-Intersection,Daylight,Not Reported,Unknown,Unknown,Unknown EMS Scene Arrival Hour,Unknown EMS Scene Arrival Minutes,Unknown,Unknown EMS Hospital Arrival Time,1,Daylight,Clear,1,1,['Driver'],['None_Used'],0,0,Valid,0.0,0.0,72.0,72.0,['Male'],0,0,5,1,2,Dry,Straight,Level,Lowest,No
35482,51,Virginia,510306,0,2,2,0,2,VIRGINIA BEACH,May,21,Sunday,18,32,Urban,Medium Speed (Collector),No,36.86436389,-76.02842778,Complex/Circle,Daylight,Not Reported,Unknown,Unknown,Unknown EMS Scene Arrival Hour,Unknown EMS Scene Arrival Minutes,Unknown,Unknown EMS Hospital Arrival Time,1,Daylight,Clear,1,1,['Driver'],['None_Used'],1,1,Valid,0.0,0.0,69.0,53.0,"['Male', 'Male']",1,0,5,4,5,Dry,Straight,Level,Lowest,No
35483,51,Virginia,510307,1,1,1,0,1,NOT APPLICABLE,May,22,Monday,22,3,Urban,High Speed (Arterial),No,38.84334167,-77.1103,Simple Junction,Dark - Lighted,Not Reported,Unknown,Unknown,Unknown EMS Scene Arrival Hour,Unknown EMS Scene Arrival Minutes,Unknown,Unknown EMS Hospital Arrival Time,1,Dark - Lighted,Clear,0,1,[],[],1,1,Valid,0.0,2.0,39.0,39.0,['Male'],0,0,3,1,4,Dry,Straight,Level,Lowest,No
35484,51,Virginia,510308,0,1,1,0,1,NOT APPLICABLE,May,22,Monday,9,8,Urban,High Speed (Arterial),Yes,37.53950278,-77.38764167,Non-Intersection,Daylight,Not Reported,Unknown,Unknown if Notified,Unknown EMS Scene Arrival Hour,Unknown if Arrived,Not Applicable (Not Transported),Not Applicable (Not Transported),1,Daylight,Clear,1,0,['Driver'],['None_Used'],0,0,Valid,1.0,0.0,77.0,77.0,['Male'],0,0,3,4,3,Dry,Straight,Level,Lowest,No
35485,51,Virginia,510309,0,1,1,0,1,NOT APPLICABLE,May,22,Monday,13,10,Rural,High Speed (Arterial),Yes,37.04155556,-79.35919444,Non-Intersection,Daylight,Not Reported,Unknown,Unknown,Unknown EMS Scene Arrival Hour,Unknown EMS Scene Arrival Minutes,Unknown,Unknown EMS Hospital Arrival Time,1,Daylight,Clear,1,0,['Driver'],['None_Used'],0,0,Valid,1.0,1.0,22.0,22.0,['Male'],0,0,3,4,3,Dry,Straight,Level,Lowest,No
35486,51,Virginia,510310,0,1,1,0,3,NOT APPLICABLE,May,24,Wednesday,13,0,Rural,High Speed (Arterial),Yes,36.67152778,-78.2528,Non-Intersection,Daylight,Not Reported,Unknown,Unknown,Unknown EMS Scene Arrival Hour,Unknown EMS Scene Arrival Minutes,Unknown,Unknown EMS Hospital Arrival Time,1,Daylight,Clear,1,2,['Driver'],['None_Used'],0,0,Valid,0.0,1.0,50.0,50.0,['Female'],0,0,2,4,3,Dry,Straight,Level,Lowest,No
35487,51,Virginia,510311,0,1,1,0,1,NOT APPLICABLE,May,6,Saturday,0,15,Rural,Medium Speed (Collector),No,36.77034167,-80.81556111,Simple Junction,Dark - Not Lighted,Not Reported,Unknown,Unknown,Unknown EMS Scene Arrival Hour,Unknown EMS Scene Arrival Minutes,Unknown,Unknown EMS Hospital Arrival Time,1,Dark - Unlighted,Clear,1,0,['Driver'],['None_Used'],1,1,Valid,1.0,0.0,25.0,25.0,['Male'],1,0,2,4,3,Dry,Curve,Grade/Hillcrest,Lowest,No
35488,51,Virginia,510312,0,1,1,0,1,RICHMOND,May,25,Thursday,18,31,Urban,Medium Speed (Collector),No,37.53494722,-77.5377,Simple Junction,Dusk,Not Reported,Unknown,Unknown,Unknown EMS Scene Arrival Hour,Unknown EMS Scene Arrival Minutes,Not Applicable (Not Transported),Not Applicable (Not Transported),1,Twilight,Clear,1,0,['Driver'],['None_Used'],0,0,Invalid,0.0,0.0,33.0,33.0,['Male'],0,0,2,1,3,Dry,Straight,Level,Lowest,No
35489,51,Virginia,510313,0,1,1,0,1,NOT APPLICABLE,May,19,Friday,16,54,Urban,Medium Speed (Collector),No,38.72507778,-77.25279722,Non-Intersection,Daylight,Not Reported,Unknown,Unknown,Unknown EMS Scene Arrival Hour,Unknown EMS Scene Arrival Minutes,Unknown,Unknown EMS Hospital Arrival Time,1,Daylight,Clear,1,0,['Driver'],['None_Used'],1,1,Valid,0.0,1.0,46.0,46.0,['Male'],1,0,5,1,2,Dry,Curve,Level,Lowest,No
35490,51,Virginia,510314,0,1,1,0,1,NOT APPLICABLE,May,26,Friday,13,10,Rural,High Speed (Arterial),Yes,36.63028333,-79.88235,Non-Intersection,Daylight,Not Reported,Unknown,Unknown if Notified,Unknown EMS Scene Arrival Hour,Unknown if Arrived,Not Applicable (Not Transported),Not Applicable (Not Transported),1,Daylight,Clear,1,0,['Driver'],['Shoulder_Lapbelt'],0,0,Valid,0.0,0.0,57.0,57.0,['Male'],0,0,2,4,3,Dry,Straight,Grade/Hillcrest,Lowest,No
35491,51,Virginia,510315,0,3,3,0,3,NORFOLK,May,25,Thursday,16,36,Urban,High Speed (Arterial),No,36.91614444,-76.25413889,Non-Intersection,Daylight,Not Reported,Unknown,Unknown,Unknown EMS Scene Arrival Hour,Unknown EMS Scene Arrival Minutes,Unknown,Unknown EMS Hospital Arrival Time,1,Daylight,Clear,1,2,['Driver'],['None_Used'],0,0,Valid,2.0,0.0,65.0,28.0,"['Male', 'Male', 'Male']",0,0,5,4,5,Dry,Straight,Level,Lowest,No
35492,51,Virginia,510316,0,1,1,0,1,NOT APPLICABLE,May,26,Friday,14,37,Urban,Medium Speed (Collector),No,39.06973611,-77.48290833,Non-Intersection,Daylight,Not Reported,Unknown,Unknown,Unknown EMS Scene Arrival Hour,Unknown EMS Scene Arrival Minutes,Unknown,Unknown EMS Hospital Arrival Time,1,Daylight,Clear,1,0,['Driver'],['None_Used'],0,0,Valid,0.0,1.0,34.0,34.0,['Male'],1,0,5,4,2,Dry,Curve,Grade/Hillcrest,Lowest,No
35493,51,Virginia,510317,0,2,2,0,2,NOT APPLICABLE,May,28,Sunday,12,0,Rural,Medium Speed (Collector),No,38.71516389,-78.64696944,Non-Intersection,Daylight,Not Reported,Unknown,Unknown,Unknown EMS Scene Arrival Hour,Unknown EMS Scene Arrival Minutes,Unknown,Unknown EMS Hospital Arrival Time,1,Daylight,Clear,1,1,['Driver'],['None_Used'],1,2,Invalid,0.0,0.0,57.0,28.0,"['Male', 'Male']",0,0,5,4,5,Dry,Straight,Level,Lowest,No
35494,51,Virginia,510318,0,2,2,0,3,NOT APPLICABLE,May,28,Sunday,16,46,Urban,Medium Speed (Collector),No,36.74833889,-79.99453056,Non-Intersection,Daylight,Rain,Unknown,Unknown,Unknown EMS Scene Arrival Hour,Unknown EMS Scene Arrival Minutes,Unknown,Unknown EMS Hospital Arrival Time,2,Daylight,Rain/Wind/Minor,2,1,"['Driver', 'Driver']","['None_Used', 'None_Used']",0,0,Valid,0.0,1.0,53.0,22.0,"['Female', 'Female']",0,0,2,4,5,Wet/Standing Water,Curve,Level,Lowest,No
35495,51,Virginia,510319,0,3,3,0,4,NOT APPLICABLE,May,28,Sunday,14,45,Rural,High Speed (Arterial),Yes,39.01277778,-77.61379722,Non-Intersection,Daylight,Not Reported,Unknown,Unknown,Unknown EMS Scene Arrival Hour,Unknown EMS Scene Arrival Minutes,Unknown,Unknown EMS Hospital Arrival Time,2,Daylight,Clear,2,2,"['Driver', 'Driver']","['None_Used', 'None_Used']",0,0,Valid,2.0,0.0,68.0,61.0,"['Male', 'Male', 'Male']",0,0,5,4,5,Dry,Straight,Level,Lowest,No
35496,51,Virginia,510320,0,2,2,0,2,ORANGE,May,28,Sunday,21,30,Urban,Medium Speed (Collector),No,38.25042778,-78.11355278,Non-Intersection,Dark - Lighted,Not Reported,Unknown,Unknown if Notified,Unknown EMS Scene Arrival Hour,Unknown if Arrived,Not Applicable (Not Transported),Not Applicable (Not Transported),1,Dark - Lighted,Clear,1,1,['Driver'],['Shoulder_Lapbelt'],0,0,Valid,3.0,0.0,57.0,19.0,"['Male', 'Female']",0,0,3,4,5,Dry,Straight,Level,Lowest,No
35497,51,Virginia,510321,0,2,2,0,2,RICHMOND,May,29,Monday,21,22,Urban,High Speed (Arterial),Yes,37.54541667,-77.43738889,Complex/Circle,Dark - Lighted,Not Reported,Unknown,Unknown,Unknown EMS Scene Arrival Hour,Unknown EMS Scene Arrival Minutes,Unknown,Unknown EMS Hospital Arrival Time,1,Dark - Lighted,Clear,1,1,['Driver'],['None_Used'],1,1,Valid,0.0,1.0,37.0,23.0,"['Male', 'Female']",1,0,5,4,5,Wet/Standing Water,Straight,Level,Lowest,No
35498,51,Virginia,510322,0,2,2,0,2,HARRISONBURG,May,23,Tuesday,6,33,Urban,Medium Speed (Collector),No,38.42175,-78.89245,Non-Intersection,Daylight,Not Reported,Unknown,Unknown,Unknown EMS Scene Arrival Hour,Unknown EMS Scene Arrival Minutes,Unknown,Unknown EMS Hospital Arrival Time,1,Daylight,Clear,1,1,['Driver'],['Shoulder_Lapbelt'],0,0,Valid,1.0,0.0,76.0,29.0,"['Male', 'Male']",1,0,3,4,5,Dry,Straight,Level,Medium,No
35499,51,Virginia,510323,0,4,4,0,7,NOT APPLICABLE,May,30,Tuesday,3,35,Rural,High Speed (Arterial),Yes,37.14981111,-80.33313056,Non-Intersection,Dark - Not Lighted,Rain,Unknown,Unknown,Unknown EMS Scene Arrival Hour,Unknown EMS Scene Arrival Minutes,Unknown,Unknown EMS Hospital Arrival Time,4,Dark - Unlighted,Rain/Wind/Minor,4,3,"['Driver', 'Front_Passenger', 'Rear_Seat', 'Rear_Seat']","['None_Used', 'None_Used', 'None_Used', 'Shoulder_Lapbelt']",0,0,Valid,0.0,0.0,59.0,35.0,"['Female', 'Male', 'Male', 'Male']",0,0,4,4,5,Wet/Standing Water,Straight,Level,Lowest,No
35500,51,Virginia,510324,0,1,1,0,1,NOT APPLICABLE,May,30,Tuesday,14,18,Urban,Medium Speed (Collector),No,37.30825833,-80.07638889,Simple Junction,Daylight,Not Reported,Unknown,Unknown,Unknown EMS Scene Arrival Hour,Unknown EMS Scene Arrival Minutes,Unknown,Unknown EMS Hospital Arrival Time,1,Daylight,Clear,1,0,['Driver'],['None_Used'],0,0,Valid,1.0,0.0,58.0,58.0,['Female'],1,0,3,4,3,Dry,Straight,Grade/Hillcrest,Lowest,No
35501,51,Virginia,510325,0,2,1,1,1,NOT APPLICABLE,May,30,Tuesday,18,27,Urban,Medium Speed (Collector),No,37.53141111,-77.31472222,Non-Intersection,Daylight,Not Reported,Unknown,Unknown if Notified,Unknown EMS Scene Arrival Hour,Unknown if Arrived,Not Applicable (Not Transported),Not Applicable (Not Transported),1,Daylight,Clear,1,0,['Driver'],['None_Used'],1,1,Valid,0.0,0.0,27.0,27.0,['Male'],1,0,5,4,5,Dry,Curve,Level,Lowest,No
35502,51,Virginia,510326,1,1,1,0,1,NOT APPLICABLE,May,9,Tuesday,0,54,Urban,Medium Speed (Collector),No,37.51615833,-77.52801389,Non-Intersection,Dark - Not Lighted,Not Reported,Unknown,Unknown,Unknown EMS Scene Arrival Hour,Unknown EMS Scene Arrival Minutes,Unknown,Unknown EMS Hospital Arrival Time,1,Dark - Unlighted,Clear,0,1,[],[],0,0,Valid,0.0,0.0,22.0,22.0,['Other'],0,0,2,1,4,Dry,Straight,Grade/Hillcrest,Lowest,No
35503,51,Virginia,510327,0,1,1,0,2,NOT APPLICABLE,May,24,Wednesday,12,1,Urban,High Speed (Arterial),Yes,36.63744722,-82.10413056,Non-Intersection,Daylight,Not Reported,Unknown,Unknown,Unknown EMS Scene Arrival Hour,Unknown EMS Scene Arrival Minutes,Unknown,Unknown EMS Hospital Arrival Time,1,Daylight,Clear,1,1,['Driver'],['Shoulder_Lapbelt'],0,0,Valid,0.0,0.0,74.0,74.0,['Male'],0,0,3,4,3,Dry,Straight,Level,Lowest,Yes
35504,51,Virginia,510328,0,1,1,0,4,NOT APPLICABLE,May,30,Tuesday,15,50,Rural,Medium Speed (Collector),No,36.59604167,-82.73275556,Non-Intersection,Daylight,Not Reported,Unknown,Unknown,Unknown EMS Scene Arrival Hour,Unknown EMS Scene Arrival Minutes,Unknown,Unknown EMS Hospital Arrival Time,1,Daylight,Clear,1,3,['Driver'],['None_Used'],0,0,Invalid,0.0,0.0,21.0,21.0,['Male'],4,0,3,4,3,Dry,Curve,Grade/Hillcrest,Lowest,No
35505,51,Virginia,510329,0,1,1,0,1,NOT APPLICABLE,May,11,Thursday,6,27,Rural,Medium Speed (Collector),No,38.99880278,-77.90188056,Non-Intersection,Daylight,Not Reported,Unknown,Unknown,Unknown EMS Scene Arrival Hour,Unknown EMS Scene Arrival Minutes,Unknown,Unknown EMS Hospital Arrival Time,1,Daylight,Clear,1,0,['Driver'],['None_Used'],0,0,Valid,0.0,0.0,56.0,56.0,['Male'],0,0,5,4,2,Dry,Straight,Grade/Hillcrest,Lowest,No
35506,51,Virginia,510331,0,1,1,0,1,NOT APPLICABLE,May,12,Friday,8,50,Rural,Low Speed (Local),No,37.700425,-77.62558611,Non-Intersection,Daylight,Not Reported,Unknown,Unknown,Unknown EMS Scene Arrival Hour,Unknown EMS Scene Arrival Minutes,Unknown,Unknown EMS Hospital Arrival Time,1,Daylight,Clear,1,0,['Driver'],['None_Used'],1,1,Valid,0.0,0.0,54.0,54.0,['Male'],0,0,3,4,3,Dry,Curve,Grade/Hillcrest,Lowest,No
35507,51,Virginia,510332,0,2,2,0,4,NOT APPLICABLE,May,19,Friday,21,21,Rural,Medium Speed (Collector),No,37.28133056,-77.20801944,Non-Intersection,Dark - Not Lighted,Not Reported,Unknown,Unknown,Unknown EMS Scene Arrival Hour,Unknown EMS Scene Arrival Minutes,Unknown,Unknown EMS Hospital Arrival Time,2,Dark - Unlighted,Clear,2,2,"['Driver', 'Driver']","['None_Used', 'Shoulder_Lapbelt']",1,1,Invalid,0.0,0.0,56.0,40.0,"['Female', 'Female']",2,0,3,4,5,Dry,Straight,Grade/Hillcrest,Lowest,No
35508,51,Virginia,510335,1,1,1,0,1,NOT APPLICABLE,May,8,Monday,2,10,Urban,High Speed (Arterial),Yes,37.63288333,-77.38452222,Non-Intersection,Dark - Not Lighted,Not Reported,Unknown,Unknown if Notified,Unknown EMS Scene Arrival Hour,Unknown if Arrived,Not Applicable (Not Transported),Not Applicable (Not Transported),1,Dark - Unlighted,Clear,0,0,[],[],0,0,Invalid,0.0,0.0,998.0,998.0,['Other'],0,0,1,0,4,Dry,Straight,Level,Lowest,No
35509,51,Virginia,510336,0,2,2,0,2,CHESAPEAKE,May,7,Sunday,9,23,Urban,High Speed (Arterial),No,36.75201667,-76.24699167,Non-Intersection,Daylight,Not Reported,Unknown,Unknown,Unknown EMS Scene Arrival Hour,Unknown EMS Scene Arrival Minutes,Unknown,Unknown EMS Hospital Arrival Time,1,Daylight,Clear,1,1,['Driver'],['None_Used'],0,0,Valid,0.0,1.0,64.0,58.0,"['Male', 'Male']",0,0,3,4,5,Dry,Straight,Level,Lowest,No
35510,51,Virginia,510337,0,1,1,0,2,NOT APPLICABLE,May,5,Friday,4,33,Rural,Low Speed (Local),No,38.82568333,-77.89866389,Non-Intersection,Dark - Not Lighted,Not Reported,Unknown,Unknown,Unknown EMS Scene Arrival Hour,Unknown EMS Scene Arrival Minutes,Unknown,Unknown EMS Hospital Arrival Time,1,Dark - Unlighted,Clear,1,1,['Driver'],['None_Used'],0,0,Invalid,0.0,0.0,75.0,75.0,['Male'],2,0,3,1,3,Wet/Standing Water,Curve,Level,Lowest,No
35511,51,Virginia,510338,1,1,1,0,1,NOT APPLICABLE,May,5,Friday,21,4,Rural,Low Speed (Local),No,37.29488056,-80.09993056,Non-Intersection,Dark - Not Lighted,Not Reported,Unknown,Unknown,Unknown EMS Scene Arrival Hour,Unknown EMS Scene Arrival Minutes,Unknown,Unknown EMS Hospital Arrival Time,1,Dark - Unlighted,Clear,0,1,[],[],0,0,Valid,1.0,1.0,19.0,19.0,['Male'],0,0,3,1,4,Dry,Straight,Grade/Hillcrest,Lowest,No
35512,51,Virginia,510339,0,1,1,0,1,NOT APPLICABLE,May,2,Tuesday,1,19,Urban,High Speed (Arterial),Yes,38.79245278,-77.17198056,Non-Intersection,Dark - Lighted,Not Reported,Unknown,Unknown if Notified,Unknown EMS Scene Arrival Hour,Unknown if Arrived,Not Applicable (Not Transported),Not Applicable (Not Transported),1,Dark - Lighted,Clear,1,0,['Driver'],['Shoulder_Lapbelt'],0,0,Valid,0.0,1.0,59.0,59.0,['Male'],1,0,2,4,3,Dry,Curve,Grade/Hillcrest,Lowest,Yes
35513,51,Virginia,510340,1,1,1,0,1,NOT APPLICABLE,May,24,Wednesday,21,49,Urban,Medium Speed (Collector),No,38.15355,-79.12685556,Non-Intersection,Dark - Not Lighted,Not Reported,Unknown,Unknown if Notified,Unknown EMS Scene Arrival Hour,Unknown if Arrived,Not Applicable (Not Transported),Not Applicable (Not Transported),1,Dark - Unlighted,Clear,0,0,[],[],0,0,Invalid,0.0,0.0,998.0,998.0,['Other'],0,0,1,0,4,Dry,Straight,Grade/Hillcrest,Lowest,No
35514,51,Virginia,510341,0,1,1,0,1,NOT APPLICABLE,May,4,Thursday,11,36,Rural,Medium Speed (Collector),No,37.49818333,-77.02210833,Non-Intersection,Daylight,Not Reported,Unknown,Unknown,Unknown EMS Scene Arrival Hour,Unknown EMS Scene Arrival Minutes,Unknown,Unknown EMS Hospital Arrival Time,1,Daylight,Clear,1,0,['Driver'],['None_Used'],0,0,Valid,0.0,1.0,46.0,46.0,['Male'],0,0,3,4,3,Dry,Straight,Level,Lowest,No