,State_Code,State_Name,Crash_ID,Count_Non_Motorists,Count_Vehicles_Total,Count_Vehicle_Forms,Count_PVH_Involved,Count_Occupants_MV,City_Name,Month_Name,Day_of_Month,Day_of_Week,Crash_Hour,Crash_Minute,Area_Rural_Urban,Road_Functional_Class,On_NHS_Road,Latitude,Longitude,Intersection_Type,Light_Condition,Weather_Condition,Notif_Hour,Notif_Minute,Arrival_Hour,Arrival_Minute,Hospital_Hour,Hospital_Minute,Fatalities_Count,Clean_Light_Condition,Clean_Weather_Condition,Total_Killed,Total_Alive,Fatal_Seats_List,Killed_Restraint_List,Any_Driver_Drinking,Total_Drinking_Drivers,Driver_License_Category,Driver_Max_Prev_Accident_Count,Driver_Max_Prev_Speeding_Count,Max_Driver_Age,Min_Driver_Age,Driver_Sex_List,Total_Exceeding_Limit_Vehicles,Total_Too_Fast_Vehicles,Max_Vehicle_Type_Severity_5,Max_Vehicle_Damage_Rank,Max_Harmful_Event_Severity,Crash_Road_Surface_Condition,Crash_Horizontal_Alignment,Crash_Vertical_Profile,Crash_Impairment_Category,Crash_Vehicle_Defect
35515,51,Virginia,510342,0,1,1,0,1,NOT APPLICABLE,June,3,Saturday,16,24,Rural,Medium Speed (Collector),No,37.66125556,-78.105925,Non-Intersection,Daylight,Not Reported,Unknown,Unknown,Unknown EMS Scene Arrival Hour,Unknown EMS Scene Arrival Minutes,Unknown,Unknown EMS Hospital Arrival Time,1,Daylight,Clear,1,0,['Driver'],['None_Used'],1,1,Valid,0.0,0.0,28.0,28.0,['Female'],1,0,3,1,3,Dry,Curve,Level,Lowest,Yes
35516,51,Virginia,510343,0,2,2,0,2,NOT APPLICABLE,June,4,Sunday,17,50,Rural,Medium Speed (Collector),No,36.65354167,-81.79100556,Non-Intersection,Daylight,Not Reported,Unknown,Unknown,Unknown EMS Scene Arrival Hour,Unknown EMS Scene Arrival Minutes,Unknown,Unknown EMS Hospital Arrival Time,1,Daylight,Clear,1,1,['Driver'],['None_Used'],0,0,Valid,1.0,0.0,31.0,24.0,"['Male', 'Male']",1,0,5,1,5,Dry,Curve,Level,Lowest,No
35517,51,Virginia,510344,0,1,1,0,1,NOT APPLICABLE,June,5,Monday,12,19,Rural,High Speed (Arterial),Yes,37.31178611,-78.75733333,Non-Intersection,Daylight,Not Reported,Unknown,Unknown if Notified,Unknown EMS Scene Arrival Hour,Unknown if Arrived,Not Applicable (Not Transported),Not Applicable (Not Transported),1,Daylight,Clear,1,0,['Driver'],['None_Used'],0,0,Valid,1.0,1.0,31.0,31.0,['Male'],0,0,5,4,2,Dry,Straight,Level,Lowest,No
35518,51,Virginia,510345,0,1,1,0,1,NOT APPLICABLE,June,4,Sunday,14,36,Rural,Low Speed (Local),No,39.25265278,-77.66959167,Non-Intersection,Daylight,Not Reported,Unknown,Unknown,Unknown EMS Scene Arrival Hour,Unknown EMS Scene Arrival Minutes,Unknown,Unknown EMS Hospital Arrival Time,1,Daylight,Clear,1,0,['Driver'],['Shoulder_Lapbelt'],0,0,Valid,0.0,0.0,75.0,75.0,['Male'],0,0,3,4,3,Dry,Curve,Level,Lowest,No
35519,51,Virginia,510346,1,2,1,1,2,NOT APPLICABLE,June,5,Monday,14,23,Rural,High Speed (Arterial),Yes,37.39298056,-77.78980278,Non-Intersection,Daylight,Not Reported,Unknown,Unknown,Unknown EMS Scene Arrival Hour,Unknown EMS Scene Arrival Minutes,Unknown,Unknown EMS Hospital Arrival Time,1,Daylight,Clear,1,1,['Rear_Seat'],['Child_Safety'],0,0,Invalid,0.0,2.0,29.0,29.0,['Female'],0,0,2,4,5,Dry,Straight,Level,Lowest,No
35520,51,Virginia,510347,1,2,2,0,2,NOT APPLICABLE,June,3,Saturday,22,52,Urban,High Speed (Arterial),Yes,36.95397778,-76.52878056,Complex/Circle,Dark - Not Lighted,Not Reported,Unknown,Unknown,Unknown EMS Scene Arrival Hour,Unknown EMS Scene Arrival Minutes,Unknown,Unknown EMS Hospital Arrival Time,1,Dark - Unlighted,Clear,0,2,[],[],1,1,Valid,0.0,1.0,30.0,28.0,"['Male', 'Female']",0,0,2,1,4,Dry,Straight,Level,Lowest,No
35521,51,Virginia,510348,0,2,2,0,2,NOT APPLICABLE,June,6,Tuesday,9,55,Rural,Medium Speed (Collector),No,37.73545,-78.29341111,Non-Intersection,Daylight,Not Reported,Unknown,Unknown if Notified,Unknown EMS Scene Arrival Hour,Unknown if Arrived,Not Applicable (Not Transported),Not Applicable (Not Transported),1,Daylight,Clear,1,1,['Driver'],['Shoulder_Lapbelt'],0,0,Valid,0.0,0.0,70.0,33.0,"['Male', 'Male']",0,0,4,4,5,Dry,Curve,Grade/Hillcrest,Lowest,No
35522,51,Virginia,510349,0,2,2,0,2,NOT APPLICABLE,June,7,Wednesday,13,11,Urban,High Speed (Arterial),Yes,38.62254444,-77.29533611,Non-Intersection,Daylight,Not Reported,Unknown,Unknown,Unknown EMS Scene Arrival Hour,Unknown EMS Scene Arrival Minutes,Unknown,Unknown EMS Hospital Arrival Time,1,Daylight,Clear,1,1,['Driver'],['None_Used'],0,0,Valid,0.0,0.0,60.0,31.0,"['Male', 'Female']",1,0,5,4,5,Dry,Straight,Level,Lowest,No
35523,51,Virginia,510350,0,3,3,0,5,WYTHEVILLE,June,8,Thursday,20,10,Urban,High Speed (Arterial),Yes,36.95340278,-81.05495,Non-Intersection,Daylight,Not Reported,Unknown,Unknown,Unknown EMS Scene Arrival Hour,Unknown EMS Scene Arrival Minutes,Unknown,Unknown EMS Hospital Arrival Time,2,Daylight,Clear,2,3,"['Driver', 'Front_Passenger']","['None_Used', 'None_Used']",1,1,Valid,1.0,1.0,56.0,38.0,"['Female', 'Male', 'Male']",0,0,5,4,5,Dry,Straight,Level,Lowest,No
35524,51,Virginia,510351,0,3,2,1,2,ROANOKE,June,8,Thursday,19,22,Urban,Low Speed (Local),No,37.29176944,-79.96136389,Complex/Circle,Daylight,Not Reported,Unknown,Unknown,Unknown EMS Scene Arrival Hour,Unknown EMS Scene Arrival Minutes,Unknown,Unknown EMS Hospital Arrival Time,1,Daylight,Clear,1,1,['Driver'],['None_Used'],0,0,Invalid,2.0,2.0,38.0,22.0,"['Male', 'Male']",0,0,5,4,5,Dry,Straight,Level,Lowest,No
35525,51,Virginia,510352,0,2,2,0,4,STAUNTON,June,9,Friday,13,3,Urban,High Speed (Arterial),Yes,38.18565,-79.08258889,Complex/Circle,Daylight,Not Reported,Unknown,Unknown,Unknown EMS Scene Arrival Hour,Unknown EMS Scene Arrival Minutes,Unknown,Unknown EMS Hospital Arrival Time,1,Daylight,Clear,1,3,['Front_Passenger'],['None_Used'],0,0,Valid,0.0,0.0,58.0,19.0,"['Female', 'Male']",0,0,4,4,5,Dry,Straight,Level,Lowest,No
35526,51,Virginia,510353,0,1,1,0,1,NOT APPLICABLE,June,10,Saturday,2,0,Rural,Medium Speed (Collector),Yes,37.07348333,-77.86201389,Non-Intersection,Dark - Not Lighted,Not Reported,Unknown,Unknown if Notified,Unknown EMS Scene Arrival Hour,Unknown if Arrived,Not Applicable (Not Transported),Not Applicable (Not Transported),1,Dark - Unlighted,Clear,1,0,['Driver'],['None_Used'],1,1,Valid,0.0,0.0,29.0,29.0,['Male'],1,0,2,4,3,Dry,Curve,Grade/Hillcrest,Lowest,No
35527,51,Virginia,510354,1,1,1,0,1,NOT APPLICABLE,June,6,Tuesday,10,25,Urban,Medium Speed (Collector),No,38.84884722,-78.52995833,Non-Intersection,Daylight,Not Reported,Unknown,Unknown if Notified,Unknown EMS Scene Arrival Hour,Unknown if Arrived,Not Applicable (Not Transported),Not Applicable (Not Transported),1,Daylight,Clear,0,1,[],[],0,0,Valid,0.0,0.0,70.0,70.0,['Female'],0,0,2,1,4,Dry,Straight,Grade/Hillcrest,Lowest,No
35528,51,Virginia,510355,0,2,2,0,3,NEWPORT NEWS,June,10,Saturday,0,31,Urban,High Speed (Arterial),No,37.0153,-76.4419,Non-Intersection,Dark - Lighted,Not Reported,Unknown,Unknown,Unknown EMS Scene Arrival Hour,Unknown EMS Scene Arrival Minutes,Unknown,Unknown EMS Hospital Arrival Time,1,Dark - Lighted,Clear,1,2,['Driver'],['Shoulder_Lapbelt'],1,1,Valid,0.0,0.0,55.0,19.0,"['Male', 'Male']",1,0,4,4,5,Dry,Straight,Level,Lowest,No
35529,51,Virginia,510356,0,2,2,0,2,TROUTVILLE,June,10,Saturday,22,19,Urban,Medium Speed (Collector),No,37.42505,-79.87001111,Simple Junction,Dark - Not Lighted,Not Reported,Unknown,Unknown,Unknown EMS Scene Arrival Hour,Unknown EMS Scene Arrival Minutes,Not Applicable (Not Transported),Not Applicable (Not Transported),1,Dark - Unlighted,Clear,1,1,['Driver'],['None_Used'],0,0,Valid,0.0,0.0,69.0,46.0,"['Female', 'Male']",0,0,5,1,5,Dry,Straight,Level,Lowest,No
35530,51,Virginia,510357,0,2,2,0,4,NOT APPLICABLE,June,10,Saturday,11,15,Rural,Low Speed (Local),No,38.36083889,-77.97403889,Complex/Circle,Daylight,Not Reported,Unknown,Unknown,Unknown EMS Scene Arrival Hour,Unknown EMS Scene Arrival Minutes,Unknown,Unknown EMS Hospital Arrival Time,1,Daylight,Clear,1,3,['Driver'],['Shoulder_Lapbelt'],0,0,Valid,0.0,0.0,79.0,43.0,"['Female', 'Female']",0,0,3,4,5,Dry,Straight,Level,Lowest,No
35531,51,Virginia,510358,1,1,1,0,1,HAMPTON,June,11,Sunday,0,27,Urban,Medium Speed (Collector),No,37.023325,-76.36905556,Non-Intersection,Dark - Not Lighted,Not Reported,Unknown,Unknown if Notified,Unknown EMS Scene Arrival Hour,Unknown if Arrived,Not Applicable (Not Transported),Not Applicable (Not Transported),1,Dark - Unlighted,Clear,0,1,[],[],1,1,Valid,0.0,1.0,32.0,32.0,['Male'],0,0,2,1,4,Dry,Straight,Level,Lowest,No
35532,51,Virginia,510359,0,3,3,0,3,NOT APPLICABLE,June,12,Monday,19,49,Rural,Medium Speed (Collector),No,36.97658889,-79.94243056,Non-Intersection,Daylight,Not Reported,Unknown,Unknown,Unknown EMS Scene Arrival Hour,Unknown EMS Scene Arrival Minutes,Unknown,Unknown EMS Hospital Arrival Time,1,Daylight,Clear,1,2,['Driver'],['None_Used'],0,0,Invalid,0.0,0.0,31.0,19.0,"['Male', 'Male', 'Male']",1,0,5,4,5,Dry,Curve,Grade/Hillcrest,Lowest,No
35533,51,Virginia,510360,0,2,2,0,3,NOT APPLICABLE,June,14,Wednesday,2,7,Rural,Medium Speed (Collector),No,36.69323889,-83.02376944,Non-Intersection,Dark - Not Lighted,Not Reported,Unknown,Unknown,Unknown EMS Scene Arrival Hour,Unknown EMS Scene Arrival Minutes,Unknown,Unknown EMS Hospital Arrival Time,1,Dark - Unlighted,Clear,1,2,['Driver'],['None_Used'],0,0,Valid,0.0,0.0,51.0,17.0,"['Male', 'Male']",0,0,3,4,5,Dry,Curve,Grade/Hillcrest,Lowest,No
35534,51,Virginia,510361,0,1,1,0,1,NOT APPLICABLE,June,4,Sunday,18,7,Rural,Low Speed (Local),Yes,39.14434167,-77.79474444,Non-Intersection,Daylight,Not Reported,Unknown,Unknown,Unknown EMS Scene Arrival Hour,Unknown EMS Scene Arrival Minutes,Unknown,Unknown EMS Hospital Arrival Time,1,Daylight,Clear,1,0,['Driver'],['None_Used'],0,0,Valid,0.0,0.0,53.0,53.0,['Female'],0,0,5,1,3,Dry,Straight,Level,Lowest,No
35535,51,Virginia,510362,0,2,2,0,2,NOT APPLICABLE,June,6,Tuesday,11,10,Rural,Medium Speed (Collector),No,36.59467778,-80.31346111,Non-Intersection,Daylight,Not Reported,Unknown,Unknown,Unknown EMS Scene Arrival Hour,Unknown EMS Scene Arrival Minutes,Unknown,Unknown EMS Hospital Arrival Time,1,Daylight,Clear,1,1,['Driver'],['Shoulder_Lapbelt'],0,0,Valid,1.0,1.0,67.0,46.0,"['Male', 'Male']",0,0,3,4,5,Dry,Curve,Grade/Hillcrest,Medium,No
35536,51,Virginia,510363,1,1,1,0,1,NOT APPLICABLE,June,3,Saturday,21,25,Rural,Medium Speed (Collector),No,37.84805556,-75.56563056,Non-Intersection,Dark - Not Lighted,Not Reported,Unknown,Unknown if Notified,Unknown EMS Scene Arrival Hour,Unknown if Arrived,Not Applicable (Not Transported),Not Applicable (Not Transported),1,Dark - Unlighted,Clear,0,1,[],[],0,0,Valid,0.0,2.0,53.0,53.0,['Male'],0,0,3,4,4,Dry,Straight,Level,Lowest,No
35537,51,Virginia,510364,0,2,2,0,4,NOT APPLICABLE,June,9,Friday,8,24,Rural,Medium Speed (Collector),No,37.13421667,-81.420025,Non-Intersection,Daylight,Not Reported,Unknown,Unknown,Unknown EMS Scene Arrival Hour,Unknown EMS Scene Arrival Minutes,Unknown,Unknown EMS Hospital Arrival Time,1,Daylight,Clear,1,3,['Driver'],['None_Used'],0,0,Valid,0.0,0.0,53.0,49.0,"['Male', 'Female']",0,0,3,4,5,Dry,Straight,Level,Lowest,No
35538,51,Virginia,510365,0,1,1,0,1,NOT APPLICABLE,June,1,Thursday,15,48,Rural,Low Speed (Local),No,38.75819167,-77.69038333,Non-Intersection,Daylight,Not Reported,Unknown,Unknown,Unknown EMS Scene Arrival Hour,Unknown EMS Scene Arrival Minutes,Unknown,Unknown EMS Hospital Arrival Time,1,Daylight,Clear,1,0,['Driver'],['Shoulder_Lapbelt'],0,0,Valid,1.0,0.0,64.0,64.0,['Male'],1,0,2,4,3,Dry,Curve,Level,Lowest,No
35539,51,Virginia,510366,0,2,2,0,2,NOT APPLICABLE,June,15,Thursday,6,30,Rural,High Speed (Arterial),Yes,36.88943889,-79.40265556,Simple Junction,Daylight,Not Reported,Unknown,Unknown if Notified,Unknown EMS Scene Arrival Hour,Unknown if Arrived,Not Applicable (Not Transported),Not Applicable (Not Transported),1,Daylight,Clear,1,1,['Driver'],['Shoulder_Lapbelt'],0,0,Valid,1.0,0.0,25.0,18.0,"['Female', 'Male']",0,0,3,4,5,Dry,Straight,Level,Lowest,No
35540,51,Virginia,510367,0,1,1,0,1,NOT APPLICABLE,June,15,Thursday,3,30,Rural,Medium Speed (Collector),No,37.48346389,-75.86812778,Non-Intersection,Dark - Not Lighted,Not Reported,Unknown,Unknown if Notified,Unknown EMS Scene Arrival Hour,Unknown if Arrived,Not Applicable (Not Transported),Not Applicable (Not Transported),1,Dark - Unlighted,Clear,1,0,['Driver'],['None_Used'],0,0,Valid,0.0,0.0,55.0,55.0,['Female'],1,0,3,4,3,Dry,Curve,Level,Lowest,No
35541,51,Virginia,510368,1,1,1,0,1,NOT APPLICABLE,June,14,Wednesday,22,0,Urban,Medium Speed (Collector),No,37.36383333,-79.11134722,Non-Intersection,Dark - Not Lighted,Not Reported,Unknown,Unknown,Unknown EMS Scene Arrival Hour,Unknown EMS Scene Arrival Minutes,Unknown,Unknown EMS Hospital Arrival Time,1,Dark - Unlighted,Clear,0,1,[],[],0,0,Valid,0.0,0.0,24.0,24.0,['Male'],0,0,3,4,4,Dry,Straight,Grade/Hillcrest,Lowest,No
35542,51,Virginia,510369,0,2,2,0,2,NOT APPLICABLE,June,15,Thursday,11,50,Urban,High Speed (Arterial),Yes,38.3414,-77.74163611,Non-Intersection,Daylight,Not Reported,Unknown,Unknown,Unknown EMS Scene Arrival Hour,Unknown EMS Scene Arrival Minutes,Unknown,Unknown EMS Hospital Arrival Time,1,Daylight,Clear,1,1,['Driver'],['Shoulder_Lapbelt'],0,0,Valid,0.0,0.0,84.0,41.0,"['Female', 'Female']",0,0,4,4,5,Dry,Straight,Non-Trafficway,Lowest,No
35543,51,Virginia,510370,0,2,2,0,2,NOT APPLICABLE,June,16,Friday,14,50,Urban,Medium Speed (Collector),No,37.43651944,-77.59971944,Complex/Circle,Daylight,Rain,Unknown,Unknown,Unknown EMS Scene Arrival Hour,Unknown EMS Scene Arrival Minutes,Unknown,Unknown EMS Hospital Arrival Time,1,Daylight,Rain/Wind/Minor,1,1,['Driver'],['Shoulder_Lapbelt'],0,0,Valid,1.0,0.0,67.0,49.0,"['Female', 'Male']",1,0,3,4,5,Wet/Standing Water,Straight,Level,Lowest,No
35544,51,Virginia,510371,0,2,2,0,4,NOT APPLICABLE,June,16,Friday,21,40,Rural,High Speed (Arterial),Yes,37.35762222,-77.86954444,Non-Intersection,Dark - Not Lighted,Not Reported,Unknown,Unknown,Unknown EMS Scene Arrival Hour,Unknown EMS Scene Arrival Minutes,Unknown,Unknown EMS Hospital Arrival Time,1,Dark - Unlighted,Clear,1,3,['Front_Passenger'],['None_Used'],0,0,Valid,0.0,1.0,28.0,19.0,"['Male', 'Female']",0,0,2,4,5,Dry,Straight,Level,Medium,No
35545,51,Virginia,510372,0,1,1,0,1,NOT APPLICABLE,June,4,Sunday,5,20,Rural,High Speed (Arterial),Yes,37.082475,-77.56139167,Non-Intersection,Dark - Not Lighted,Not Reported,Unknown,Unknown,Unknown EMS Scene Arrival Hour,Unknown EMS Scene Arrival Minutes,Unknown,Unknown EMS Hospital Arrival Time,1,Dark - Unlighted,Clear,1,0,['Driver'],['None_Used'],1,1,Valid,3.0,5.0,22.0,22.0,['Male'],0,0,2,4,3,Dry,Straight,Level,Lowest,No
35546,51,Virginia,510373,0,2,2,0,2,HERNDON,June,16,Friday,19,53,Urban,High Speed (Arterial),Yes,38.95840556,-77.36840278,Complex/Circle,Daylight,Not Reported,Unknown,Unknown,Unknown EMS Scene Arrival Hour,Unknown EMS Scene Arrival Minutes,Unknown,Unknown EMS Hospital Arrival Time,1,Daylight,Clear,1,1,['Driver'],['None_Used'],1,1,Invalid,0.0,1.0,61.0,34.0,"['Male', 'Female']",0,0,5,4,5,Dry,Straight,Level,Lowest,No
35547,51,Virginia,510374,0,1,1,0,1,NOT APPLICABLE,June,16,Friday,14,10,Rural,Low Speed (Local),No,38.09957778,-77.48129167,Non-Intersection,Daylight,Not Reported,Unknown,Unknown,Unknown EMS Scene Arrival Hour,Unknown EMS Scene Arrival Minutes,Unknown,Unknown EMS Hospital Arrival Time,1,Daylight,Clear,1,0,['Driver'],['None_Used'],0,0,Valid,0.0,0.0,64.0,64.0,['Male'],0,0,3,4,3,Dry,Straight,Level,Medium,No
35548,51,Virginia,510375,0,1,1,0,1,NOT APPLICABLE,June,3,Saturday,19,20,Rural,Medium Speed (Collector),No,36.65352222,-80.57868889,Non-Intersection,Daylight,Not Reported,Unknown,Unknown,Unknown EMS Scene Arrival Hour,Unknown EMS Scene Arrival Minutes,Unknown,Unknown EMS Hospital Arrival Time,1,Daylight,Clear,1,0,['Driver'],['None_Used'],1,1,Invalid,2.0,0.0,33.0,33.0,['Male'],0,0,5,4,2,Dry,Curve,Grade/Hillcrest,Lowest,No
35549,51,Virginia,510376,0,1,1,0,1,NOT APPLICABLE,June,16,Friday,16,46,Rural,High Speed (Arterial),Yes,39.30863611,-78.28848889,Non-Intersection,Daylight,Not Reported,Unknown,Unknown,Unknown EMS Scene Arrival Hour,Unknown EMS Scene Arrival Minutes,Unknown,Unknown EMS Hospital Arrival Time,1,Daylight,Clear,1,0,['Driver'],['None_Used'],0,0,Valid,0.0,0.0,62.0,62.0,['Female'],0,0,2,4,3,Dry,Straight,Grade/Hillcrest,Lowest,No
35550,51,Virginia,510377,0,1,1,0,1,NOT APPLICABLE,June,17,Saturday,15,20,Urban,Medium Speed (Collector),No,36.60797222,-82.11078611,Non-Intersection,Daylight,Not Reported,Unknown,Unknown,Unknown EMS Scene Arrival Hour,Unknown EMS Scene Arrival Minutes,Unknown,Unknown EMS Hospital Arrival Time,1,Daylight,Clear,1,0,['Driver'],['None_Used'],1,1,Valid,0.0,0.0,55.0,55.0,['Male'],1,0,5,4,3,Dry,Straight,Grade/Hillcrest,Lowest,No
35551,51,Virginia,510378,0,2,2,0,2,NOT APPLICABLE,June,17,Saturday,14,23,Urban,High Speed (Arterial),Yes,37.40943333,-77.65325278,Complex/Circle,Daylight,Not Reported,Unknown,Unknown,Unknown EMS Scene Arrival Hour,Unknown EMS Scene Arrival Minutes,Unknown,Unknown EMS Hospital Arrival Time,1,Daylight,Clear,1,1,['Driver'],['None_Used'],0,0,Valid,0.0,0.0,51.0,36.0,"['Male', 'Female']",0,0,5,4,5,Dry,Straight,Level,Lowest,No
35552,51,Virginia,510379,0,1,1,0,1,NOT APPLICABLE,June,17,Saturday,21,4,Rural,Low Speed (Local),No,37.83893889,-75.56627222,Non-Intersection,Dusk,Not Reported,Unknown,Unknown if Notified,Unknown EMS Scene Arrival Hour,Unknown if Arrived,Not Applicable (Not Transported),Not Applicable (Not Transported),1,Twilight,Clear,1,0,['Driver'],['None_Used'],1,1,Valid,0.0,0.0,56.0,56.0,['Male'],0,0,3,4,3,Dry,Straight,Level,Lowest,No
35553,51,Virginia,510380,0,1,1,0,1,HAMPTON,June,20,Tuesday,4,59,Urban,High Speed (Arterial),Yes,37.06077778,-76.41587222,Non-Intersection,Dawn,Not Reported,Unknown,Unknown if Notified,Unknown EMS Scene Arrival Hour,Unknown if Arrived,Not Applicable (Not Transported),Not Applicable (Not Transported),1,Twilight,Clear,1,0,['Driver'],['Shoulder_Lapbelt'],0,0,Valid,0.0,0.0,55.0,55.0,['Male'],0,0,4,4,3,Dry,Curve,Grade/Hillcrest,Lowest,No
35554,51,Virginia,510381,0,1,1,0,1,NOT APPLICABLE,June,20,Tuesday,12,15,Urban,High Speed (Arterial),Yes,36.77951944,-77.81311667,Non-Intersection,Daylight,Not Reported,Unknown,Unknown if Notified,Unknown EMS Scene Arrival Hour,Unknown if Arrived,Not Applicable (Not Transported),Not Applicable (Not Transported),1,Daylight,Clear,1,0,['Driver'],['None_Used'],0,0,Valid,0.0,0.0,31.0,31.0,['Female'],0,0,2,4,3,Dry,Straight,Level,Lowest,No
35555,51,Virginia,510382,0,2,1,1,1,NOT APPLICABLE,June,21,Wednesday,2,6,Urban,Medium Speed (Collector),No,36.69998056,-78.91099444,Non-Intersection,Dark - Lighted,Rain,Unknown,Unknown if Notified,Unknown EMS Scene Arrival Hour,Unknown if Arrived,Not Applicable (Not Transported),Not Applicable (Not Transported),1,Dark - Lighted,Rain/Wind/Minor,1,0,['Driver'],['None_Used'],0,0,Valid,0.0,0.0,52.0,52.0,['Male'],0,0,2,4,5,Wet/Standing Water,Straight,Level,Lowest,No
35556,51,Virginia,510383,0,1,1,0,3,SUFFOLK,June,21,Wednesday,18,21,Rural,High Speed (Arterial),Yes,36.76401944,-76.48514167,Non-Intersection,Daylight,Rain,Unknown,Unknown,Unknown EMS Scene Arrival Hour,Unknown EMS Scene Arrival Minutes,Unknown,Unknown EMS Hospital Arrival Time,2,Daylight,Rain/Wind/Minor,2,1,"['Driver', 'Front_Passenger']","['Shoulder_Lapbelt', 'Shoulder_Lapbelt']",0,0,Valid,0.0,0.0,28.0,28.0,['Male'],0,0,2,4,3,Wet/Standing Water,Straight,Level,Lowest,No
35557,51,Virginia,510384,0,2,2,0,2,NOT APPLICABLE,June,21,Wednesday,19,20,Urban,Medium Speed (Collector),No,38.24735556,-77.42218889,Non-Intersection,Dark - Not Lighted,Rain,Unknown,Unknown,Unknown EMS Scene Arrival Hour,Unknown EMS Scene Arrival Minutes,Unknown,Unknown EMS Hospital Arrival Time,1,Dark - Unlighted,Rain/Wind/Minor,1,1,['Driver'],['None_Used'],0,0,Valid,0.0,0.0,68.0,27.0,"['Female', 'Female']",1,0,3,4,5,Wet/Standing Water,Straight,Level,Lowest,No
35558,51,Virginia,510385,1,2,2,0,2,NEWPORT NEWS,June,22,Thursday,22,15,Urban,High Speed (Arterial),Yes,37.18756111,-76.5593,Non-Intersection,Dark - Not Lighted,Not Reported,Unknown,Unknown,Unknown EMS Scene Arrival Hour,Unknown EMS Scene Arrival Minutes,Unknown,Unknown EMS Hospital Arrival Time,1,Dark - Unlighted,Clear,0,2,[],[],0,0,Valid,0.0,1.0,21.0,21.0,['Male'],0,0,3,4,5,Dry,Straight,Level,Lowest,No
35559,51,Virginia,510386,0,2,2,0,3,NOT APPLICABLE,June,23,Friday,2,3,Rural,High Speed (Arterial),Yes,38.15609444,-77.52147222,Non-Intersection,Dark - Not Lighted,Rain,Unknown,Unknown,Unknown EMS Scene Arrival Hour,Unknown EMS Scene Arrival Minutes,Unknown,Unknown EMS Hospital Arrival Time,1,Dark - Unlighted,Rain/Wind/Minor,1,2,['Front_Passenger'],['Shoulder_Lapbelt'],0,0,Invalid,0.0,0.0,55.0,46.0,"['Male', 'Female']",0,0,3,0,5,Wet/Standing Water,Straight,Level,Lowest,No
35560,51,Virginia,510387,0,2,2,0,2,NOT APPLICABLE,June,23,Friday,10,11,Rural,Medium Speed (Collector),No,37.09143333,-78.19653056,Non-Intersection,Daylight,Not Reported,Unknown,Unknown if Notified,Unknown EMS Scene Arrival Hour,Unknown if Arrived,Not Applicable (Not Transported),Not Applicable (Not Transported),2,Daylight,Clear,2,0,"['Driver', 'Driver']","['Shoulder_Lapbelt', 'Shoulder_Lapbelt']",0,0,Valid,0.0,0.0,69.0,69.0,"['Female', 'Female']",0,0,3,4,5,Wet/Standing Water,Curve,Level,Lowest,No
35561,51,Virginia,510388,0,1,1,0,1,NOT APPLICABLE,June,23,Friday,9,40,Rural,High Speed (Arterial),Yes,37.146275,-82.62056944,Non-Intersection,Daylight,Not Reported,Unknown,Unknown if Notified,Unknown EMS Scene Arrival Hour,Unknown if Arrived,Not Applicable (Not Transported),Not Applicable (Not Transported),1,Daylight,Clear,1,0,['Driver'],['Shoulder_Lapbelt'],0,0,Valid,0.0,0.0,47.0,47.0,['Male'],0,0,4,4,3,Dry,Straight,Grade/Hillcrest,Lowest,No
35562,51,Virginia,510389,0,2,2,0,2,RICHMOND,June,23,Friday,20,19,Urban,High Speed (Arterial),Yes,37.54193056,-77.4356,Complex/Circle,Dusk,Not Reported,Unknown,Unknown,Unknown EMS Scene Arrival Hour,Unknown EMS Scene Arrival Minutes,Unknown,Unknown EMS Hospital Arrival Time,1,Twilight,Clear,1,1,['Driver'],['None_Used'],0,0,Valid,0.0,1.0,41.0,27.0,"['Male', 'Male']",1,0,5,4,5,Dry,Straight,Level,Lowest,Yes
35563,51,Virginia,510390,0,1,1,0,2,NOT APPLICABLE,June,23,Friday,21,0,Rural,Medium Speed (Collector),No,36.77544722,-82.702325,Non-Intersection,Dark - Not Lighted,Not Reported,Unknown,Unknown,Unknown EMS Scene Arrival Hour,Unknown EMS Scene Arrival Minutes,Unknown,Unknown EMS Hospital Arrival Time,1,Dark - Unlighted,Clear,1,1,['Driver'],['None_Used'],0,0,Valid,0.0,1.0,19.0,19.0,['Male'],2,0,3,4,3,Dry,Straight,Grade/Hillcrest,Lowest,No
35564,51,Virginia,510391,0,1,1,0,1,NOT APPLICABLE,June,24,Saturday,18,11,Rural,Low Speed (Local),No,37.69466944,-76.44234167,Simple Junction,Daylight,Not Reported,Unknown,Unknown if Notified,Unknown EMS Scene Arrival Hour,Unknown if Arrived,Not Applicable (Not Transported),Not Applicable (Not Transported),1,Daylight,Clear,1,0,['Driver'],['None_Used'],1,1,Valid,0.0,0.0,66.0,66.0,['Female'],1,0,3,4,3,Dry,Curve,Level,Lowest,No