,State_Code,State_Name,Crash_ID,Count_Non_Motorists,Count_Vehicles_Total,Count_Vehicle_Forms,Count_PVH_Involved,Count_Occupants_MV,City_Name,Month_Name,Day_of_Month,Day_of_Week,Crash_Hour,Crash_Minute,Area_Rural_Urban,Road_Functional_Class,On_NHS_Road,Latitude,Longitude,Intersection_Type,Light_Condition,Weather_Condition,Notif_Hour,Notif_Minute,Arrival_Hour,Arrival_Minute,Hospital_Hour,Hospital_Minute,Fatalities_Count,Clean_Light_Condition,Clean_Weather_Condition,Total_Killed,Total_Alive,Fatal_Seats_List,Killed_Restraint_List,Any_Driver_Drinking,Total_Drinking_Drivers,Driver_License_Category,Driver_Max_Prev_Accident_Count,Driver_Max_Prev_Speeding_Count,Max_Driver_Age,Min_Driver_Age,Driver_Sex_List,Total_Exceeding_Limit_Vehicles,Total_Too_Fast_Vehicles,Max_Vehicle_Type_Severity_5,Max_Vehicle_Damage_Rank,Max_Harmful_Event_Severity,Crash_Road_Surface_Condition,Crash_Horizontal_Alignment,Crash_Vertical_Profile,Crash_Impairment_Category,Crash_Vehicle_Defect
35565,51,Virginia,510392,0,2,2,0,2,NOT APPLICABLE,June,23,Friday,3,26,Rural,High Speed (Arterial),Yes,36.68885,-77.36605,Non-Intersection,Dark - Not Lighted,Rain,Unknown,Unknown if Notified,Unknown EMS Scene Arrival Hour,Unknown if Arrived,Not Applicable (Not Transported),Not Applicable (Not Transported),1,Dark - Unlighted,Rain/Wind/Minor,1,1,['Driver'],['None_Used'],1,1,Valid,1.0,0.0,50.0,26.0,"['Male', 'Male']",0,0,4,4,5,Wet/Standing Water,Straight,Level,Lowest,No
35566,51,Virginia,510393,0,2,2,0,2,NOT APPLICABLE,June,26,Monday,6,20,Rural,Medium Speed (Collector),No,36.98684722,-79.64956667,Non-Intersection,Dawn,Not Reported,Unknown,Unknown,Unknown EMS Scene Arrival Hour,Unknown EMS Scene Arrival Minutes,Unknown,Unknown EMS Hospital Arrival Time,1,Twilight,Clear,1,1,['Driver'],['None_Used'],0,0,Valid,2.0,1.0,38.0,22.0,"['Female', 'Male']",0,0,3,4,5,Dry,Straight,Grade/Hillcrest,Lowest,No
35567,51,Virginia,510394,1,1,1,0,1,ROANOKE,June,20,Tuesday,21,51,Urban,Medium Speed (Collector),No,37.26925556,-79.94390833,Complex/Circle,Dark - Lighted,Not Reported,Unknown,Unknown,Unknown EMS Scene Arrival Hour,Unknown EMS Scene Arrival Minutes,Unknown,Unknown EMS Hospital Arrival Time,1,Dark - Lighted,Clear,0,1,[],[],0,0,Valid,0.0,0.0,20.0,20.0,['Female'],0,0,2,1,4,Dry,Straight,Level,Lowest,No
35568,51,Virginia,510395,0,2,2,0,3,VIRGINIA BEACH,June,22,Thursday,13,49,Rural,High Speed (Arterial),Yes,36.91913611,-76.12958056,Non-Intersection,Daylight,"Fog, Smog, Smoke",Unknown,Unknown,Unknown EMS Scene Arrival Hour,Unknown EMS Scene Arrival Minutes,Unknown,Unknown EMS Hospital Arrival Time,1,Daylight,Reduced Visibility,1,2,['Driver'],['None_Used'],1,1,Valid,0.0,1.0,37.0,36.0,"['Male', 'Male']",0,0,4,4,5,Dry,Straight,Level,Lowest,Yes
35569,51,Virginia,510396,0,1,1,0,1,VIRGINIA BEACH,June,27,Tuesday,10,42,Urban,High Speed (Arterial),Yes,36.84224722,-76.03716111,Non-Intersection,Daylight,Not Reported,Unknown,Unknown if Notified,Unknown EMS Scene Arrival Hour,Unknown if Arrived,Not Applicable (Not Transported),Not Applicable (Not Transported),1,Daylight,Clear,1,0,['Driver'],['Shoulder_Lapbelt'],0,0,Valid,0.0,1.0,64.0,64.0,['Male'],0,0,3,4,3,Dry,Straight,Level,Lowest,Yes
35570,51,Virginia,510397,0,2,2,0,2,NOT APPLICABLE,June,26,Monday,7,53,Urban,High Speed (Arterial),Yes,38.3446,-77.48759722,Non-Intersection,Daylight,Not Reported,Unknown,Unknown,Unknown EMS Scene Arrival Hour,Unknown EMS Scene Arrival Minutes,Unknown,Unknown EMS Hospital Arrival Time,1,Daylight,Clear,1,1,['Driver'],['None_Used'],0,0,Valid,0.0,1.0,52.0,36.0,"['Male', 'Male']",0,0,2,4,5,Dry,Straight,Level,Lowest,Yes
35571,51,Virginia,510398,0,1,1,0,1,NOT APPLICABLE,June,27,Tuesday,15,58,Urban,Medium Speed (Collector),No,37.49505833,-77.53976111,Non-Intersection,Daylight,Not Reported,Unknown,Unknown,Unknown EMS Scene Arrival Hour,Unknown EMS Scene Arrival Minutes,Unknown,Unknown EMS Hospital Arrival Time,1,Daylight,Clear,1,0,['Driver'],['None_Used'],1,1,Valid,0.0,0.0,33.0,33.0,['Male'],0,0,2,4,3,Dry,Curve,Grade/Hillcrest,Lowest,No
35572,51,Virginia,510399,0,2,2,0,2,NOT APPLICABLE,June,27,Tuesday,15,55,Urban,High Speed (Arterial),Yes,37.06584722,-81.75476667,Non-Intersection,Daylight,Not Reported,Unknown,Unknown,Unknown EMS Scene Arrival Hour,Unknown EMS Scene Arrival Minutes,Unknown,Unknown EMS Hospital Arrival Time,1,Daylight,Clear,1,1,['Driver'],['Shoulder_Lapbelt'],0,0,Valid,0.0,0.0,83.0,25.0,"['Female', 'Male']",1,0,3,4,5,Dry,Straight,Non-Trafficway,Lowest,No
35573,51,Virginia,510400,1,1,1,0,1,VIRGINIA BEACH,June,27,Tuesday,16,15,Urban,High Speed (Arterial),Yes,36.839825,-76.10316111,Simple Junction,Daylight,Rain,Unknown,Unknown if Notified,Unknown EMS Scene Arrival Hour,Unknown if Arrived,Not Applicable (Not Transported),Not Applicable (Not Transported),1,Daylight,Rain/Wind/Minor,0,1,[],[],0,0,Valid,0.0,0.0,57.0,57.0,['Male'],0,0,3,1,4,Wet/Standing Water,Straight,Level,Lowest,No
35574,51,Virginia,510401,0,2,2,0,3,NOT APPLICABLE,June,21,Wednesday,12,50,Rural,High Speed (Arterial),Yes,37.15583889,-79.22716667,Non-Intersection,Daylight,Rain,Unknown,Unknown,Unknown EMS Scene Arrival Hour,Unknown EMS Scene Arrival Minutes,Unknown,Unknown EMS Hospital Arrival Time,1,Daylight,Rain/Wind/Minor,1,2,['Driver'],['Shoulder_Lapbelt'],0,0,Valid,0.0,3.0,78.0,26.0,"['Male', 'Male']",0,0,4,4,5,Dry,Straight,Non-Trafficway,Lowest,No
35575,51,Virginia,510403,0,1,1,0,2,NOT APPLICABLE,June,24,Saturday,17,22,Rural,Medium Speed (Collector),No,36.61806389,-81.68062778,Non-Intersection,Daylight,Rain,Unknown,Unknown,Unknown EMS Scene Arrival Hour,Unknown EMS Scene Arrival Minutes,Unknown,Unknown EMS Hospital Arrival Time,1,Daylight,Rain/Wind/Minor,1,1,['Non_Standard_Risk'],['None_Used'],0,0,Valid,0.0,0.0,70.0,70.0,['Male'],0,0,3,1,1,Wet/Standing Water,Straight,Grade/Hillcrest,Lowest,No
35576,51,Virginia,510404,0,2,2,0,2,RICHMOND,June,23,Friday,7,3,Urban,High Speed (Arterial),Yes,37.55096111,-77.43825556,Non-Intersection,Daylight,Rain,Unknown,Unknown,Unknown EMS Scene Arrival Hour,Unknown EMS Scene Arrival Minutes,Unknown,Unknown EMS Hospital Arrival Time,1,Daylight,Rain/Wind/Minor,1,1,['Driver'],['None_Used'],0,0,Invalid,0.0,0.0,57.0,48.0,"['Female', 'Male']",0,0,5,4,5,Wet/Standing Water,Curve,Level,Lowest,No
35577,51,Virginia,510405,0,3,3,0,5,EMPORIA,June,17,Saturday,17,0,Urban,High Speed (Arterial),Yes,36.70271944,-77.54948889,Non-Intersection,Daylight,Not Reported,Unknown,Unknown,Unknown EMS Scene Arrival Hour,Unknown EMS Scene Arrival Minutes,Unknown,Unknown EMS Hospital Arrival Time,1,Daylight,Clear,1,4,['Rear_Seat'],['Shoulder_Lapbelt'],0,0,Invalid,0.0,0.0,60.0,19.0,"['Female', 'Male', 'Female']",0,0,4,4,5,Dry,Straight,Level,Lowest,No
35578,51,Virginia,510406,0,1,1,0,1,NOT APPLICABLE,June,21,Wednesday,12,0,Rural,Low Speed (Local),No,36.78510833,-78.42897222,Non-Intersection,Daylight,Rain,Unknown,Unknown,Unknown EMS Scene Arrival Hour,Unknown EMS Scene Arrival Minutes,Unknown,Unknown EMS Hospital Arrival Time,1,Daylight,Rain/Wind/Minor,1,0,['Driver'],['None_Used'],0,0,Valid,0.0,1.0,38.0,38.0,['Male'],1,0,2,4,3,Wet/Standing Water,Curve,Level,Lowest,No
35579,51,Virginia,510407,0,1,1,0,2,VIRGINIA BEACH,June,5,Monday,7,8,Urban,High Speed (Arterial),Yes,36.88423056,-76.13457222,Complex/Circle,Daylight,Not Reported,Unknown,Unknown,Unknown EMS Scene Arrival Hour,Unknown EMS Scene Arrival Minutes,Unknown,Unknown EMS Hospital Arrival Time,1,Daylight,Clear,1,1,['Front_Passenger'],['None_Used'],0,0,Invalid,1.0,0.0,24.0,24.0,['Male'],0,0,1,4,3,Dry,Straight,Level,Medium,No
35580,51,Virginia,510408,0,1,1,0,2,SOUTH HILL,June,29,Thursday,14,15,Rural,High Speed (Arterial),Yes,36.70567778,-78.11696667,Non-Intersection,Daylight,Not Reported,Unknown,Unknown,Unknown EMS Scene Arrival Hour,Unknown EMS Scene Arrival Minutes,Unknown,Unknown EMS Hospital Arrival Time,1,Daylight,Clear,1,1,['Driver'],['Shoulder_Lapbelt'],0,0,Valid,0.0,0.0,60.0,60.0,['Female'],2,0,2,4,2,Dry,Straight,Level,Lowest,No
35581,51,Virginia,510409,0,1,1,0,2,NOT APPLICABLE,June,30,Friday,21,20,Rural,Medium Speed (Collector),No,37.02241389,-78.98908611,Non-Intersection,Dark - Not Lighted,Not Reported,Unknown,Unknown if Notified,Unknown EMS Scene Arrival Hour,Unknown if Arrived,Not Applicable (Not Transported),Not Applicable (Not Transported),1,Dark - Unlighted,Clear,1,1,['Front_Passenger'],['None_Used'],1,1,Valid,0.0,0.0,23.0,23.0,['Male'],2,0,3,4,3,Dry,Curve,Grade/Hillcrest,Lowest,Yes
35582,51,Virginia,510410,0,1,1,0,1,NOT APPLICABLE,June,6,Tuesday,9,0,Rural,Medium Speed (Collector),No,38.17994722,-79.25242222,Non-Intersection,Daylight,Not Reported,Unknown,Unknown,Unknown EMS Scene Arrival Hour,Unknown EMS Scene Arrival Minutes,Unknown,Unknown EMS Hospital Arrival Time,1,Daylight,Clear,1,0,['Driver'],['Shoulder_Lapbelt'],0,0,Valid,0.0,0.0,70.0,70.0,['Male'],0,0,2,4,3,Dry,Curve,Level,Medium,No
35583,51,Virginia,510411,0,1,1,0,1,RICHMOND,June,7,Wednesday,17,59,Urban,High Speed (Arterial),Yes,37.58275556,-77.4696,Non-Intersection,Daylight,Rain,Unknown,Unknown,Unknown EMS Scene Arrival Hour,Unknown EMS Scene Arrival Minutes,Unknown,Unknown EMS Hospital Arrival Time,1,Daylight,Rain/Wind/Minor,1,0,['Driver'],['Shoulder_Lapbelt'],0,0,Valid,1.0,1.0,62.0,62.0,['Male'],0,0,3,4,3,Wet/Standing Water,Curve,Level,Lowest,No
35584,51,Virginia,510412,0,1,1,0,1,NOT APPLICABLE,June,13,Tuesday,12,25,Rural,Medium Speed (Collector),No,37.718525,-78.05655278,Non-Intersection,Daylight,Not Reported,Unknown,Unknown,Unknown EMS Scene Arrival Hour,Unknown EMS Scene Arrival Minutes,Unknown,Unknown EMS Hospital Arrival Time,1,Daylight,Clear,1,0,['Driver'],['None_Used'],0,0,Valid,1.0,1.0,72.0,72.0,['Male'],0,0,3,4,3,Dry,Straight,Level,Lowest,No
35585,51,Virginia,510413,0,1,1,0,1,NOT APPLICABLE,June,16,Friday,6,12,Rural,High Speed (Arterial),Yes,37.66133611,-77.65439167,Non-Intersection,Dawn,Not Reported,Unknown,Unknown if Notified,Unknown EMS Scene Arrival Hour,Unknown if Arrived,Not Applicable (Not Transported),Not Applicable (Not Transported),1,Twilight,Clear,1,0,['Driver'],['None_Used'],0,0,Valid,0.0,2.0,33.0,33.0,['Male'],0,0,5,4,2,Dry,Curve,Grade/Hillcrest,Lowest,No
35586,51,Virginia,510414,0,1,1,0,1,NOT APPLICABLE,May,13,Saturday,23,3,Rural,Low Speed (Local),No,37.64847222,-77.18140556,Non-Intersection,Dark - Not Lighted,Not Reported,Unknown,Unknown,Unknown EMS Scene Arrival Hour,Unknown EMS Scene Arrival Minutes,Unknown,Unknown EMS Hospital Arrival Time,1,Dark - Unlighted,Clear,1,0,['Driver'],['None_Used'],1,1,Valid,0.0,0.0,40.0,40.0,['Male'],0,0,5,1,2,Dry,Curve,Level,Lowest,No
35587,51,Virginia,510415,0,2,2,0,3,TROUTVILLE,July,14,Friday,16,32,Urban,Medium Speed (Collector),Yes,37.41105,-79.88335833,Non-Intersection,Daylight,Not Reported,Unknown,Unknown,Unknown EMS Scene Arrival Hour,Unknown EMS Scene Arrival Minutes,Unknown,Unknown EMS Hospital Arrival Time,1,Daylight,Clear,1,2,['Driver'],['None_Used'],0,0,Valid,0.0,0.0,62.0,61.0,"['Male', 'Male']",0,0,3,4,5,Dry,Straight,Level,Lowest,No
35588,51,Virginia,510416,0,2,2,0,2,NOT APPLICABLE,July,13,Thursday,20,0,Rural,High Speed (Arterial),Yes,37.09818333,-77.18595278,Non-Intersection,Dark - Not Lighted,Not Reported,Unknown,Unknown,Unknown EMS Scene Arrival Hour,Unknown EMS Scene Arrival Minutes,Unknown,Unknown EMS Hospital Arrival Time,1,Dark - Unlighted,Clear,1,1,['Driver'],['None_Used'],0,0,Valid,0.0,2.0,26.0,22.0,"['Male', 'Male']",0,0,5,4,5,Dry,Straight,Level,Lowest,No
35589,51,Virginia,510417,0,1,1,0,1,NOT APPLICABLE,July,15,Saturday,22,31,Rural,High Speed (Arterial),Yes,38.53200556,-77.35865556,Non-Intersection,Dark - Lighted,Rain,Unknown,Unknown if Notified,Unknown EMS Scene Arrival Hour,Unknown if Arrived,Not Applicable (Not Transported),Not Applicable (Not Transported),1,Dark - Lighted,Rain/Wind/Minor,1,0,['Driver'],['None_Used'],1,1,Valid,0.0,0.0,50.0,50.0,['Male'],1,0,5,4,3,Wet/Standing Water,Straight,Level,Lowest,No
35590,51,Virginia,510418,0,1,1,0,2,NOT APPLICABLE,July,1,Saturday,3,18,Rural,Medium Speed (Collector),No,37.22619722,-79.54153889,Non-Intersection,Dark - Not Lighted,Not Reported,Unknown,Unknown,Unknown EMS Scene Arrival Hour,Unknown EMS Scene Arrival Minutes,Unknown,Unknown EMS Hospital Arrival Time,1,Dark - Unlighted,Clear,1,1,['Driver'],['Shoulder_Lapbelt'],0,0,Valid,0.0,0.0,22.0,22.0,['Male'],0,0,3,4,3,Dry,Curve,Level,Lowest,No
35591,51,Virginia,510419,0,2,2,0,2,SUFFOLK,July,1,Saturday,23,1,Urban,Medium Speed (Collector),No,36.71605,-76.58080833,Non-Intersection,Dark - Lighted,Not Reported,Unknown,Unknown if Notified,Unknown EMS Scene Arrival Hour,Unknown if Arrived,Not Applicable (Not Transported),Not Applicable (Not Transported),1,Dark - Lighted,Clear,1,1,['Driver'],['None_Used'],1,1,Invalid,0.0,1.0,42.0,24.0,"['Male', 'Male']",1,0,5,4,5,Dry,Straight,Level,Lowest,No
35592,51,Virginia,510420,0,1,1,0,1,NOT APPLICABLE,July,3,Monday,0,30,Rural,Medium Speed (Collector),No,37.37269167,-77.07814722,Non-Intersection,Dark - Not Lighted,Not Reported,Unknown,Unknown if Notified,Unknown EMS Scene Arrival Hour,Unknown if Arrived,Not Applicable (Not Transported),Not Applicable (Not Transported),1,Dark - Unlighted,Clear,1,0,['Driver'],['None_Used'],1,1,Valid,0.0,0.0,55.0,55.0,['Male'],0,0,2,4,3,Dry,Straight,Level,Lowest,No
35593,51,Virginia,510421,0,2,2,0,3,NOT APPLICABLE,July,3,Monday,15,38,Rural,Medium Speed (Collector),No,37.31791944,-81.99789444,Non-Intersection,Daylight,Rain,Unknown,Unknown,Unknown EMS Scene Arrival Hour,Unknown EMS Scene Arrival Minutes,Unknown,Unknown EMS Hospital Arrival Time,1,Daylight,Rain/Wind/Minor,1,2,['Front_Passenger'],['None_Used'],0,0,Valid,1.0,1.0,45.0,28.0,"['Male', 'Female']",1,0,3,4,5,Wet/Standing Water,Straight,Level,Lowest,Yes
35594,51,Virginia,510422,0,1,1,0,1,NOT APPLICABLE,July,4,Tuesday,17,38,Rural,Medium Speed (Collector),No,37.498075,-80.16034444,Non-Intersection,Daylight,Not Reported,Unknown,Unknown if Notified,Unknown EMS Scene Arrival Hour,Unknown if Arrived,Not Applicable (Not Transported),Not Applicable (Not Transported),1,Daylight,Clear,1,0,['Driver'],['None_Used'],0,0,Valid,0.0,0.0,65.0,65.0,['Male'],1,0,5,4,2,Dry,Curve,Grade/Hillcrest,Lowest,No
35595,51,Virginia,510423,0,1,1,0,3,NOT APPLICABLE,July,4,Tuesday,2,45,Urban,Medium Speed (Collector),No,38.84296111,-77.10343333,Non-Intersection,Dark - Lighted,Rain,Unknown,Unknown,Unknown EMS Scene Arrival Hour,Unknown EMS Scene Arrival Minutes,Unknown,Unknown EMS Hospital Arrival Time,2,Dark - Lighted,Rain/Wind/Minor,2,1,"['Driver', 'Rear_Seat']","['Shoulder_Lapbelt', 'None_Used']",1,1,Valid,0.0,0.0,23.0,23.0,['Female'],3,0,2,4,3,Wet/Standing Water,Straight,Level,Lowest,No
35596,51,Virginia,510424,0,3,3,0,3,NOT APPLICABLE,July,5,Wednesday,4,42,Rural,High Speed (Arterial),Yes,38.37537222,-77.46085833,Non-Intersection,Dark - Not Lighted,Not Reported,Unknown,Unknown,Unknown EMS Scene Arrival Hour,Unknown EMS Scene Arrival Minutes,Unknown,Unknown EMS Hospital Arrival Time,2,Dark - Unlighted,Clear,2,1,"['Driver', 'Driver']","['Shoulder_Lapbelt', 'Shoulder_Lapbelt']",0,0,Valid,0.0,0.0,67.0,49.0,"['Male', 'Male', 'Male']",0,0,4,4,5,Dry,Straight,Grade/Hillcrest,Lowest,No
35597,51,Virginia,510425,0,2,2,0,3,NOT APPLICABLE,July,6,Thursday,11,52,Rural,High Speed (Arterial),Yes,38.45550833,-78.061425,Complex/Circle,Daylight,Not Reported,Unknown,Unknown,Unknown EMS Scene Arrival Hour,Unknown EMS Scene Arrival Minutes,Unknown,Unknown EMS Hospital Arrival Time,1,Daylight,Clear,1,2,['Driver'],['None_Used'],0,0,Valid,0.0,0.0,91.0,56.0,"['Female', 'Female']",0,0,3,4,5,Dry,Straight,Grade/Hillcrest,Lowest,No
35598,51,Virginia,510426,0,2,2,0,2,NOT APPLICABLE,July,4,Tuesday,21,34,Urban,Medium Speed (Collector),No,36.68221111,-78.89896667,Non-Intersection,Dark - Lighted,Not Reported,Unknown,Unknown,Unknown EMS Scene Arrival Hour,Unknown EMS Scene Arrival Minutes,Unknown,Unknown EMS Hospital Arrival Time,1,Dark - Lighted,Clear,1,1,['Driver'],['None_Used'],1,1,Invalid,0.0,1.0,80.0,52.0,"['Female', 'Male']",0,0,3,4,3,Dry,Straight,Grade/Hillcrest,Lowest,No
35599,51,Virginia,510427,0,1,1,0,1,NOT APPLICABLE,July,7,Friday,11,5,Urban,High Speed (Arterial),No,37.36671111,-79.88674722,Non-Intersection,Daylight,Not Reported,Unknown,Unknown,Unknown EMS Scene Arrival Hour,Unknown EMS Scene Arrival Minutes,Unknown,Unknown EMS Hospital Arrival Time,1,Daylight,Clear,1,0,['Driver'],['None_Used'],0,0,Valid,0.0,0.0,76.0,76.0,['Male'],0,0,5,4,2,Dry,Straight,Level,Lowest,No
35600,51,Virginia,510428,1,1,1,0,1,CHESAPEAKE,July,6,Thursday,21,8,Urban,Medium Speed (Collector),No,36.85506389,-76.39650833,Non-Intersection,Dark - Lighted,Rain,Unknown,Unknown if Notified,Unknown EMS Scene Arrival Hour,Unknown if Arrived,Not Applicable (Not Transported),Not Applicable (Not Transported),1,Dark - Lighted,Rain/Wind/Minor,0,1,[],[],0,0,Valid,0.0,1.0,55.0,55.0,['Male'],0,0,3,4,4,Wet/Standing Water,Straight,Level,Lowest,No
35601,51,Virginia,510429,0,1,1,0,1,NOT APPLICABLE,July,6,Thursday,23,40,Rural,Low Speed (Local),No,36.76508056,-78.11447778,Non-Intersection,Dark - Not Lighted,Not Reported,Unknown,Unknown if Notified,Unknown EMS Scene Arrival Hour,Unknown if Arrived,Not Applicable (Not Transported),Not Applicable (Not Transported),1,Dark - Unlighted,Clear,1,0,['Driver'],['None_Used'],1,1,Valid,0.0,0.0,43.0,43.0,['Female'],1,0,2,4,3,Dry,Straight,Level,Lowest,No
35602,51,Virginia,510430,0,1,1,0,1,NOT APPLICABLE,July,6,Thursday,17,13,Rural,Medium Speed (Collector),No,36.97249167,-79.08963611,Non-Intersection,Daylight,Not Reported,Unknown,Unknown,Unknown EMS Scene Arrival Hour,Unknown EMS Scene Arrival Minutes,Unknown,Unknown EMS Hospital Arrival Time,1,Daylight,Clear,1,0,['Driver'],['None_Used'],0,0,Valid,1.0,0.0,62.0,62.0,['Male'],0,0,3,4,3,Dry,Straight,Level,Lowest,No
35603,51,Virginia,510431,0,1,1,0,1,NOT APPLICABLE,July,7,Friday,20,24,Rural,Medium Speed (Collector),No,37.22462222,-76.78253611,Non-Intersection,Dusk,Not Reported,Unknown,Unknown if Notified,Unknown EMS Scene Arrival Hour,Unknown if Arrived,Not Applicable (Not Transported),Not Applicable (Not Transported),1,Twilight,Clear,1,0,['Driver'],['None_Used'],0,0,Valid,0.0,0.0,20.0,20.0,['Male'],1,0,5,4,3,Dry,Curve,Level,Lowest,No
35604,51,Virginia,510432,0,1,1,0,1,NOT APPLICABLE,July,8,Saturday,2,37,Rural,Medium Speed (Collector),No,37.64498056,-77.13888611,Non-Intersection,Dark - Not Lighted,Not Reported,Unknown,Unknown if Notified,Unknown EMS Scene Arrival Hour,Unknown if Arrived,Not Applicable (Not Transported),Not Applicable (Not Transported),1,Dark - Unlighted,Clear,1,0,['Driver'],['None_Used'],0,0,Valid,0.0,0.0,24.0,24.0,['Male'],0,0,2,4,3,Dry,Curve,Level,Lowest,No
35605,51,Virginia,510433,0,1,1,0,1,NOT APPLICABLE,July,9,Sunday,1,15,Rural,Medium Speed (Collector),No,36.74741944,-78.95213056,Non-Intersection,Dark - Not Lighted,Not Reported,Unknown,Unknown if Notified,Unknown EMS Scene Arrival Hour,Unknown if Arrived,Not Applicable (Not Transported),Not Applicable (Not Transported),1,Dark - Unlighted,Clear,1,0,['Driver'],['None_Used'],1,1,Invalid,0.0,0.0,39.0,39.0,['Male'],0,0,3,4,3,Dry,Straight,Level,Lowest,No
35606,51,Virginia,510434,0,2,2,0,7,NOT APPLICABLE,July,8,Saturday,21,20,Rural,Medium Speed (Collector),No,38.60666111,-78.48134444,Simple Junction,Dark - Not Lighted,Not Reported,Unknown,Unknown,Unknown EMS Scene Arrival Hour,Unknown EMS Scene Arrival Minutes,Unknown,Unknown EMS Hospital Arrival Time,1,Dark - Unlighted,Clear,1,6,['Driver'],['None_Used'],1,1,Invalid,0.0,0.0,28.0,16.0,"['Male', 'Male']",1,0,3,4,5,Dry,Curve,Level,Lowest,No
35607,51,Virginia,510435,0,2,2,0,2,NOT APPLICABLE,July,10,Monday,10,33,Rural,Medium Speed (Collector),No,37.75703056,-77.22880278,Simple Junction,Daylight,Not Reported,Unknown,Unknown,Unknown EMS Scene Arrival Hour,Unknown EMS Scene Arrival Minutes,Unknown,Unknown EMS Hospital Arrival Time,1,Daylight,Clear,1,1,['Driver'],['None_Used'],0,0,Valid,1.0,2.0,47.0,32.0,"['Male', 'Male']",0,0,4,4,5,Dry,Straight,Level,Lowest,No
35608,51,Virginia,510436,0,2,2,0,3,NOT APPLICABLE,July,10,Monday,16,0,Rural,Medium Speed (Collector),No,37.19181389,-79.29398611,Non-Intersection,Daylight,Not Reported,Unknown,Unknown,Unknown EMS Scene Arrival Hour,Unknown EMS Scene Arrival Minutes,Unknown,Unknown EMS Hospital Arrival Time,3,Daylight,Clear,3,0,"['Driver', 'Driver', 'Front_Passenger']","['Shoulder_Lapbelt', 'Shoulder_Lapbelt', 'None_Used']",0,0,Valid,1.0,0.0,74.0,66.0,"['Female', 'Female']",1,0,3,4,5,Dry,Straight,Level,Lowest,Yes
35609,51,Virginia,510437,0,1,1,0,1,NORFOLK,July,11,Tuesday,2,24,Urban,High Speed (Arterial),Yes,36.9149,-76.23811944,Non-Intersection,Dark - Lighted,Not Reported,Unknown,Unknown,Unknown EMS Scene Arrival Hour,Unknown EMS Scene Arrival Minutes,Unknown,Unknown EMS Hospital Arrival Time,1,Dark - Lighted,Clear,1,0,['Driver'],['None_Used'],1,1,Valid,1.0,0.0,27.0,27.0,['Female'],0,0,3,4,3,Dry,Straight,Level,Lowest,No
35610,51,Virginia,510438,0,1,1,0,1,NOT APPLICABLE,July,11,Tuesday,21,30,Rural,Medium Speed (Collector),No,37.30664722,-75.94211389,Non-Intersection,Dark - Not Lighted,Not Reported,Unknown,Unknown if Notified,Unknown EMS Scene Arrival Hour,Unknown if Arrived,Not Applicable (Not Transported),Not Applicable (Not Transported),1,Dark - Unlighted,Clear,1,0,['Driver'],['None_Used'],1,1,Valid,0.0,2.0,34.0,34.0,['Male'],0,0,3,4,3,Dry,Straight,Level,Lowest,No
35611,51,Virginia,510439,0,1,1,0,2,NOT APPLICABLE,July,1,Saturday,22,15,Rural,High Speed (Arterial),Yes,36.55985556,-80.65323889,Non-Intersection,Dark - Not Lighted,Not Reported,Unknown,Unknown,Unknown EMS Scene Arrival Hour,Unknown EMS Scene Arrival Minutes,Unknown,Unknown EMS Hospital Arrival Time,1,Dark - Unlighted,Clear,1,1,['Driver'],['None_Used'],0,0,Invalid,0.0,0.0,60.0,60.0,['Female'],0,0,2,4,2,Dry,Straight,Grade/Hillcrest,Medium,No
35612,51,Virginia,510440,0,1,1,0,1,NOT APPLICABLE,July,12,Wednesday,15,48,Rural,Medium Speed (Collector),No,36.79963611,-81.40386389,Non-Intersection,Daylight,Not Reported,Unknown,Unknown,Unknown EMS Scene Arrival Hour,Unknown EMS Scene Arrival Minutes,Not Applicable (Not Transported),Not Applicable (Not Transported),1,Daylight,Clear,1,0,['Driver'],['None_Used'],0,0,Valid,0.0,0.0,70.0,70.0,['Male'],1,0,5,4,3,Dry,Curve,Level,Lowest,No
35613,51,Virginia,510441,0,4,2,2,2,HAMPTON,July,2,Sunday,2,24,Urban,Medium Speed (Collector),No,37.00990278,-76.38168333,Complex/Circle,Dark - Not Lighted,Not Reported,Unknown,Unknown,Unknown EMS Scene Arrival Hour,Unknown EMS Scene Arrival Minutes,Unknown,Unknown EMS Hospital Arrival Time,1,Dark - Unlighted,Clear,1,1,['Driver'],['Shoulder_Lapbelt'],0,0,Valid,1.0,0.0,68.0,23.0,"['Male', 'Male']",1,0,2,4,5,Dry,Straight,Level,Lowest,No
35614,51,Virginia,510442,0,1,1,0,2,NOT APPLICABLE,July,16,Sunday,0,20,Rural,Low Speed (Local),No,38.49751944,-78.35150556,Non-Intersection,Dark - Not Lighted,Rain,Unknown,Unknown if Notified,Unknown EMS Scene Arrival Hour,Unknown if Arrived,Not Applicable (Not Transported),Not Applicable (Not Transported),1,Dark - Unlighted,Rain/Wind/Minor,1,1,['Front_Passenger'],['None_Used'],1,1,Valid,0.0,2.0,19.0,19.0,['Male'],2,0,3,4,3,Wet/Standing Water,Curve,Grade/Hillcrest,Lowest,Yes