,State_Code,State_Name,Crash_ID,Count_Non_Motorists,Count_Vehicles_Total,Count_Vehicle_Forms,Count_PVH_Involved,Count_Occupants_MV,City_Name,Month_Name,Day_of_Month,Day_of_Week,Crash_Hour,Crash_Minute,Area_Rural_Urban,Road_Functional_Class,On_NHS_Road,Latitude,Longitude,Intersection_Type,Light_Condition,Weather_Condition,Notif_Hour,Notif_Minute,Arrival_Hour,Arrival_Minute,Hospital_Hour,Hospital_Minute,Fatalities_Count,Clean_Light_Condition,Clean_Weather_Condition,Total_Killed,Total_Alive,Fatal_Seats_List,Killed_Restraint_List,Any_Driver_Drinking,Total_Drinking_Drivers,Driver_License_Category,Driver_Max_Prev_Accident_Count,Driver_Max_Prev_Speeding_Count,Max_Driver_Age,Min_Driver_Age,Driver_Sex_List,Total_Exceeding_Limit_Vehicles,Total_Too_Fast_Vehicles,Max_Vehicle_Type_Severity_5,Max_Vehicle_Damage_Rank,Max_Harmful_Event_Severity,Crash_Road_Surface_Condition,Crash_Horizontal_Alignment,Crash_Vertical_Profile,Crash_Impairment_Category,Crash_Vehicle_Defect
35615,51,Virginia,510443,0,1,1,0,5,NOT APPLICABLE,July,16,Sunday,20,18,Urban,Medium Speed (Collector),No,37.20851667,-77.33401667,Non-Intersection,Daylight,Not Reported,Unknown,Unknown,Unknown EMS Scene Arrival Hour,Unknown EMS Scene Arrival Minutes,Unknown,Unknown EMS Hospital Arrival Time,1,Daylight,Clear,1,4,['Rear_Seat'],['None_Used'],1,1,Valid,0.0,0.0,27.0,27.0,['Male'],5,0,2,4,3,Dry,Straight,Level,Lowest,No
35616,51,Virginia,510444,0,2,2,0,4,WEST POINT,July,17,Monday,14,23,Urban,Medium Speed (Collector),No,37.55586944,-76.81627778,Non-Intersection,Daylight,Not Reported,Unknown,Unknown,Unknown EMS Scene Arrival Hour,Unknown EMS Scene Arrival Minutes,Unknown,Unknown EMS Hospital Arrival Time,1,Daylight,Clear,1,3,['Driver'],['None_Used'],0,0,Valid,0.0,2.0,81.0,72.0,"['Male', 'Male']",0,0,3,4,5,Dry,Straight,Level,Medium,No
35617,51,Virginia,510445,0,2,2,0,2,NOT APPLICABLE,July,17,Monday,22,51,Rural,Medium Speed (Collector),No,38.74166667,-77.14791667,Non-Intersection,Dark - Not Lighted,Not Reported,Unknown,Unknown,Unknown EMS Scene Arrival Hour,Unknown EMS Scene Arrival Minutes,Unknown,Unknown EMS Hospital Arrival Time,1,Dark - Unlighted,Clear,1,1,['Driver'],['None_Used'],1,1,Valid,0.0,0.0,34.0,27.0,"['Female', 'Male']",0,0,3,4,5,Dry,Straight,Level,Lowest,No
35618,51,Virginia,510446,0,2,2,0,2,NORFOLK,July,17,Monday,19,32,Urban,Medium Speed (Collector),No,36.84648056,-76.190675,Simple Junction,Daylight,Not Reported,Unknown,Unknown,Unknown EMS Scene Arrival Hour,Unknown EMS Scene Arrival Minutes,Unknown,Unknown EMS Hospital Arrival Time,1,Daylight,Clear,1,1,['Driver'],['None_Used'],0,0,Valid,2.0,2.0,68.0,25.0,"['Female', 'Male']",0,0,5,4,5,Dry,Curve,Level,Lowest,No
35619,51,Virginia,510447,0,2,2,0,2,NOT APPLICABLE,July,10,Monday,21,9,Urban,High Speed (Arterial),Yes,38.53975556,-77.81362778,Non-Intersection,Dark - Not Lighted,Not Reported,Unknown,Unknown,Unknown EMS Scene Arrival Hour,Unknown EMS Scene Arrival Minutes,Unknown,Unknown EMS Hospital Arrival Time,1,Dark - Unlighted,Clear,1,1,['Driver'],['None_Used'],0,0,Valid,0.0,0.0,43.0,32.0,"['Male', 'Male']",1,0,3,4,5,Dry,Straight,Level,Lowest,No
35620,51,Virginia,510448,0,2,2,0,5,NOT APPLICABLE,July,18,Tuesday,21,0,Urban,Medium Speed (Collector),No,38.79815278,-77.31800278,Non-Intersection,Dusk,Not Reported,Unknown,Unknown,Unknown EMS Scene Arrival Hour,Unknown EMS Scene Arrival Minutes,Unknown,Unknown EMS Hospital Arrival Time,1,Twilight,Clear,1,4,['Driver'],['Shoulder_Lapbelt'],0,0,Valid,0.0,0.0,42.0,17.0,"['Male', 'Female']",1,0,2,4,5,Dry,Curve,Grade/Hillcrest,Lowest,No
35621,51,Virginia,510449,0,2,2,0,2,NOT APPLICABLE,July,19,Wednesday,18,31,Rural,High Speed (Arterial),Yes,38.631225,-77.80067222,Non-Intersection,Daylight,Not Reported,Unknown,Unknown,Unknown EMS Scene Arrival Hour,Unknown EMS Scene Arrival Minutes,Not Applicable (Not Transported),Not Applicable (Not Transported),1,Daylight,Clear,1,1,['Driver'],['Shoulder_Lapbelt'],0,0,Valid,0.0,0.0,58.0,57.0,"['Male', 'Male']",1,0,4,4,5,Dry,Straight,Grade/Hillcrest,Lowest,No
35622,51,Virginia,510450,0,1,1,0,1,NOT APPLICABLE,July,21,Friday,15,55,Rural,Medium Speed (Collector),No,37.18303056,-77.87611111,Non-Intersection,Daylight,Not Reported,Unknown,Unknown if Notified,Unknown EMS Scene Arrival Hour,Unknown if Arrived,Not Applicable (Not Transported),Not Applicable (Not Transported),1,Daylight,Clear,1,0,['Driver'],['Shoulder_Lapbelt'],1,1,Valid,0.0,0.0,73.0,73.0,['Male'],1,0,3,4,3,Dry,Curve,Level,Lowest,Yes
35623,51,Virginia,510451,0,2,2,0,2,NOT APPLICABLE,July,20,Thursday,21,47,Urban,High Speed (Arterial),No,39.18539167,-78.09825278,Complex/Circle,Dark - Not Lighted,Not Reported,Unknown,Unknown,Unknown EMS Scene Arrival Hour,Unknown EMS Scene Arrival Minutes,Unknown,Unknown EMS Hospital Arrival Time,1,Dark - Unlighted,Clear,1,1,['Driver'],['Shoulder_Lapbelt'],0,0,Valid,0.0,1.0,42.0,24.0,"['Male', 'Male']",1,0,2,4,5,Dry,Straight,Level,Lowest,No
35624,51,Virginia,510452,0,2,2,0,2,NOT APPLICABLE,July,21,Friday,5,45,Rural,Medium Speed (Collector),No,36.87159444,-77.73778611,Non-Intersection,Dawn,Not Reported,Unknown,Unknown,Unknown EMS Scene Arrival Hour,Unknown EMS Scene Arrival Minutes,Unknown,Unknown EMS Hospital Arrival Time,1,Twilight,Clear,1,1,['Driver'],['None_Used'],0,0,Valid,1.0,1.0,45.0,26.0,"['Male', 'Male']",1,0,2,4,5,Dry,Curve,Grade/Hillcrest,Lowest,No
35625,51,Virginia,510453,1,1,1,0,1,NOT APPLICABLE,July,8,Saturday,2,13,Urban,High Speed (Arterial),Yes,38.83633333,-77.15749167,Non-Intersection,Dark - Lighted,Not Reported,Unknown,Unknown if Notified,Unknown EMS Scene Arrival Hour,Unknown if Arrived,Not Applicable (Not Transported),Not Applicable (Not Transported),1,Dark - Lighted,Clear,0,1,[],[],1,1,Valid,0.0,0.0,33.0,33.0,['Male'],0,0,2,1,4,Dry,Straight,Level,Lowest,No
35626,51,Virginia,510454,1,1,1,0,1,NOT APPLICABLE,July,25,Tuesday,14,54,Rural,High Speed (Arterial),Yes,36.68301944,-80.71786389,Non-Intersection,Daylight,Not Reported,Unknown,Unknown if Notified,Unknown EMS Scene Arrival Hour,Unknown if Arrived,Not Applicable (Not Transported),Not Applicable (Not Transported),1,Daylight,Clear,0,1,[],[],0,0,Valid,0.0,0.0,69.0,69.0,['Male'],0,0,3,4,4,Dry,Straight,Grade/Hillcrest,Lowest,No
35627,51,Virginia,510455,0,2,2,0,2,NOT APPLICABLE,July,25,Tuesday,15,37,Rural,Medium Speed (Collector),No,36.62388889,-79.50074722,Non-Intersection,Daylight,Not Reported,Unknown,Unknown,Unknown EMS Scene Arrival Hour,Unknown EMS Scene Arrival Minutes,Unknown,Unknown EMS Hospital Arrival Time,1,Daylight,Clear,1,1,['Driver'],['Shoulder_Lapbelt'],0,0,Valid,1.0,0.0,57.0,22.0,"['Male', 'Male']",0,0,4,4,5,Dry,Curve,Level,Lowest,No
35628,51,Virginia,510456,0,2,2,0,3,NOT APPLICABLE,July,25,Tuesday,14,6,Rural,High Speed (Arterial),Yes,37.70325833,-77.44868889,Non-Intersection,Daylight,Not Reported,Unknown,Unknown,Unknown EMS Scene Arrival Hour,Unknown EMS Scene Arrival Minutes,Unknown,Unknown EMS Hospital Arrival Time,1,Daylight,Clear,1,2,['Front_Passenger'],['Shoulder_Lapbelt'],1,1,Invalid,0.0,0.0,47.0,26.0,"['Male', 'Male']",0,0,4,4,5,Dry,Straight,Level,Medium,No
35629,51,Virginia,510457,1,1,1,0,1,NOT APPLICABLE,July,27,Thursday,5,46,Urban,Medium Speed (Collector),No,38.91223889,-77.47543611,Complex/Circle,Dark - Not Lighted,Not Reported,Unknown,Unknown if Notified,Unknown EMS Scene Arrival Hour,Unknown if Arrived,Not Applicable (Not Transported),Not Applicable (Not Transported),1,Dark - Unlighted,Clear,0,1,[],[],0,0,Valid,0.0,1.0,50.0,50.0,['Male'],0,0,3,1,4,Dry,Straight,Level,Lowest,No
35630,51,Virginia,510458,0,1,1,0,1,RICHMOND,July,17,Monday,5,57,Urban,Medium Speed (Collector),No,37.55813611,-77.41035556,Non-Intersection,Daylight,Not Reported,Unknown,Unknown,Unknown EMS Scene Arrival Hour,Unknown EMS Scene Arrival Minutes,Unknown,Unknown EMS Hospital Arrival Time,1,Daylight,Clear,1,0,['Driver'],['Shoulder_Lapbelt'],0,0,Valid,1.0,0.0,53.0,53.0,['Female'],0,0,2,4,3,Dry,Straight,Level,Lowest,No
35631,51,Virginia,510459,0,2,2,0,2,HOPEWELL,July,28,Friday,23,39,Urban,High Speed (Arterial),No,37.27232222,-77.31518889,Complex/Circle,Dark - Not Lighted,Not Reported,Unknown,Unknown,Unknown EMS Scene Arrival Hour,Unknown EMS Scene Arrival Minutes,Unknown,Unknown EMS Hospital Arrival Time,1,Dark - Unlighted,Clear,1,1,['Driver'],['None_Used'],1,1,Valid,1.0,1.0,45.0,34.0,"['Male', 'Male']",0,0,3,4,5,Dry,Straight,Level,Lowest,No
35632,51,Virginia,510460,0,1,1,0,1,NOT APPLICABLE,July,29,Saturday,12,22,Rural,Medium Speed (Collector),No,37.49868889,-78.04099722,Non-Intersection,Daylight,Not Reported,Unknown,Unknown if Notified,Unknown EMS Scene Arrival Hour,Unknown if Arrived,Not Applicable (Not Transported),Not Applicable (Not Transported),1,Daylight,Clear,1,0,['Driver'],['None_Used'],0,0,Valid,0.0,0.0,61.0,61.0,['Female'],0,0,3,4,3,Dry,Curve,Level,Lowest,No
35633,51,Virginia,510461,0,2,2,0,5,NOT APPLICABLE,July,29,Saturday,20,0,Urban,Medium Speed (Collector),No,38.4424,-78.01787222,Non-Intersection,Daylight,Not Reported,Unknown,Unknown,Unknown EMS Scene Arrival Hour,Unknown EMS Scene Arrival Minutes,Unknown,Unknown EMS Hospital Arrival Time,1,Daylight,Clear,1,4,['Driver'],['Shoulder_Lapbelt'],0,0,Valid,3.0,1.0,45.0,20.0,"['Male', 'Female']",0,0,3,4,5,Dry,Curve,Level,Lowest,No
35634,51,Virginia,510462,1,1,1,0,1,NOT APPLICABLE,July,30,Sunday,10,47,Rural,Medium Speed (Collector),No,37.66726667,-78.23473333,Non-Intersection,Daylight,Not Reported,Unknown,Unknown if Notified,Unknown EMS Scene Arrival Hour,Unknown if Arrived,Not Applicable (Not Transported),Not Applicable (Not Transported),1,Daylight,Clear,0,1,[],[],0,0,Valid,0.0,0.0,74.0,74.0,['Male'],0,0,2,4,4,Dry,Straight,Level,Lowest,No
35635,51,Virginia,510463,0,1,1,0,1,NOT APPLICABLE,July,31,Monday,0,18,Urban,Medium Speed (Collector),No,39.09933611,-78.19150278,Non-Intersection,Dark - Not Lighted,Not Reported,Unknown,Unknown if Notified,Unknown EMS Scene Arrival Hour,Unknown if Arrived,Not Applicable (Not Transported),Not Applicable (Not Transported),1,Dark - Unlighted,Clear,1,0,['Driver'],['None_Used'],1,1,Valid,0.0,0.0,23.0,23.0,['Male'],0,0,3,4,3,Dry,Curve,Grade/Hillcrest,Lowest,No
35636,51,Virginia,510464,0,2,2,0,2,NOT APPLICABLE,July,19,Wednesday,14,5,Urban,High Speed (Arterial),Yes,36.72477222,-80.81431667,Complex/Circle,Daylight,Not Reported,Unknown,Unknown,Unknown EMS Scene Arrival Hour,Unknown EMS Scene Arrival Minutes,Unknown,Unknown EMS Hospital Arrival Time,1,Daylight,Clear,1,1,['Driver'],['Shoulder_Lapbelt'],0,0,Valid,1.0,1.0,77.0,60.0,"['Male', 'Male']",0,0,3,4,5,Dry,Straight,Grade/Hillcrest,Lowest,No
35637,51,Virginia,510465,1,1,1,0,1,PORTSMOUTH,July,13,Thursday,15,31,Urban,High Speed (Arterial),Yes,36.79765278,-76.32582778,Complex/Circle,Daylight,Not Reported,Unknown,Unknown,Unknown EMS Scene Arrival Hour,Unknown EMS Scene Arrival Minutes,Unknown,Unknown EMS Hospital Arrival Time,1,Daylight,Clear,0,1,[],[],0,0,Invalid,0.0,0.0,23.0,23.0,['Female'],0,0,2,1,4,Dry,Straight,Level,Lowest,No
35638,51,Virginia,510466,1,1,1,0,1,NOT APPLICABLE,July,31,Monday,23,48,Rural,Medium Speed (Collector),No,36.71282778,-82.81277778,Non-Intersection,Dark - Not Lighted,Not Reported,Unknown,Unknown if Notified,Unknown EMS Scene Arrival Hour,Unknown if Arrived,Not Applicable (Not Transported),Not Applicable (Not Transported),1,Dark - Unlighted,Clear,0,1,[],[],0,0,Valid,0.0,0.0,40.0,40.0,['Male'],0,0,3,4,4,Dry,Straight,Level,Lowest,No
35639,51,Virginia,510467,0,2,2,0,2,RICHMOND,July,31,Monday,14,0,Urban,Medium Speed (Collector),No,37.52635278,-77.51011667,Simple Junction,Daylight,Not Reported,Unknown,Unknown,Unknown EMS Scene Arrival Hour,Unknown EMS Scene Arrival Minutes,Unknown,Unknown EMS Hospital Arrival Time,1,Daylight,Clear,1,1,['Driver'],['Shoulder_Lapbelt'],0,0,Invalid,1.0,0.0,30.0,24.0,"['Male', 'Female']",1,0,3,4,5,Dry,Straight,Grade/Hillcrest,Lowest,No
35640,51,Virginia,510468,1,1,1,0,1,VIRGINIA BEACH,July,10,Monday,22,39,Urban,Medium Speed (Collector),No,36.88316111,-76.17672778,Simple Junction,Dark - Lighted,Not Reported,Unknown,Unknown if Notified,Unknown EMS Scene Arrival Hour,Unknown if Arrived,Not Applicable (Not Transported),Not Applicable (Not Transported),1,Dark - Lighted,Clear,0,1,[],[],0,0,Valid,0.0,0.0,60.0,60.0,['Female'],0,0,2,4,4,Dry,Straight,Level,Lowest,No
35641,51,Virginia,510469,0,2,2,0,3,NOT APPLICABLE,July,30,Sunday,20,18,Rural,Medium Speed (Collector),No,36.94915833,-77.17196111,Complex/Circle,Dusk,Not Reported,Unknown,Unknown,Unknown EMS Scene Arrival Hour,Unknown EMS Scene Arrival Minutes,Unknown,Unknown EMS Hospital Arrival Time,1,Twilight,Clear,1,2,['Driver'],['Shoulder_Lapbelt'],0,0,Valid,0.0,0.0,78.0,68.0,"['Male', 'Male']",0,0,3,4,5,Dry,Straight,Level,Medium,No
35642,51,Virginia,510470,0,2,2,0,4,VIRGINIA BEACH,July,25,Tuesday,8,28,Urban,Medium Speed (Collector),No,36.89804167,-76.13126667,Complex/Circle,Daylight,Not Reported,Unknown,Unknown,Unknown EMS Scene Arrival Hour,Unknown EMS Scene Arrival Minutes,Unknown,Unknown EMS Hospital Arrival Time,1,Daylight,Clear,1,3,['Driver'],['None_Used'],0,0,Invalid,0.0,1.0,47.0,24.0,"['Female', 'Male']",0,0,5,1,5,Dry,Straight,Level,Lowest,No
35643,51,Virginia,510471,0,1,1,0,1,VIRGINIA BEACH,July,11,Tuesday,19,18,Urban,High Speed (Arterial),Yes,36.80538056,-76.194675,Non-Intersection,Daylight,Not Reported,Unknown,Unknown,Unknown EMS Scene Arrival Hour,Unknown EMS Scene Arrival Minutes,Unknown,Unknown EMS Hospital Arrival Time,1,Daylight,Clear,1,0,['Driver'],['None_Used'],0,0,Invalid,0.0,1.0,66.0,66.0,['Male'],1,0,2,4,3,Dry,Straight,Level,Lowest,No
35644,51,Virginia,510472,0,1,1,0,3,NOT APPLICABLE,July,25,Tuesday,19,10,Rural,Low Speed (Local),No,37.99102778,-77.07702222,Non-Intersection,Daylight,Not Reported,Unknown,Unknown,Unknown EMS Scene Arrival Hour,Unknown EMS Scene Arrival Minutes,Unknown,Unknown EMS Hospital Arrival Time,1,Daylight,Clear,1,2,['Driver'],['None_Used'],0,0,Valid,0.0,0.0,17.0,17.0,['Male'],3,0,2,4,2,Dry,Curve,Grade/Hillcrest,Lowest,No
35645,51,Virginia,510473,1,1,1,0,1,NOT APPLICABLE,July,15,Saturday,23,55,Urban,High Speed (Arterial),Yes,37.58291111,-77.4951,Non-Intersection,Dark - Not Lighted,Not Reported,Unknown,Unknown if Notified,Unknown EMS Scene Arrival Hour,Unknown if Arrived,Not Applicable (Not Transported),Not Applicable (Not Transported),1,Dark - Unlighted,Clear,0,1,[],[],0,0,Valid,1.0,0.0,27.0,27.0,['Male'],0,0,2,1,4,Dry,Straight,Grade/Hillcrest,Lowest,No
35646,51,Virginia,510475,0,1,1,0,1,NOT APPLICABLE,July,13,Thursday,3,45,Rural,Medium Speed (Collector),No,37.04222222,-77.19106111,Non-Intersection,Dark - Not Lighted,Not Reported,Unknown,Unknown if Notified,Unknown EMS Scene Arrival Hour,Unknown if Arrived,Not Applicable (Not Transported),Not Applicable (Not Transported),1,Dark - Unlighted,Clear,1,0,['Driver'],['None_Used'],1,1,Invalid,0.0,0.0,27.0,27.0,['Male'],1,0,2,4,3,Dry,Curve,Level,Lowest,No
35647,51,Virginia,510477,1,1,1,0,1,NOT APPLICABLE,July,14,Friday,7,3,Urban,Medium Speed (Collector),No,38.80118611,-77.63407778,Complex/Circle,Daylight,Not Reported,Unknown,Unknown if Notified,Unknown EMS Scene Arrival Hour,Unknown if Arrived,Not Applicable (Not Transported),Not Applicable (Not Transported),1,Daylight,Clear,0,1,[],[],0,0,Valid,0.0,0.0,77.0,77.0,['Female'],0,0,3,4,4,Dry,Curve,Grade/Hillcrest,Lowest,No
35648,51,Virginia,510478,0,1,1,0,1,NOT APPLICABLE,July,22,Saturday,20,44,Rural,Medium Speed (Collector),No,37.42369167,-77.08846944,Non-Intersection,Dusk,Not Reported,Unknown,Unknown,Unknown EMS Scene Arrival Hour,Unknown EMS Scene Arrival Minutes,Unknown,Unknown EMS Hospital Arrival Time,1,Twilight,Clear,1,0,['Driver'],['None_Used'],1,1,Valid,0.0,0.0,61.0,61.0,['Male'],0,0,2,4,3,Dry,Curve,Level,Lowest,No
35649,51,Virginia,510479,0,1,1,0,1,NOT APPLICABLE,July,25,Tuesday,3,0,Rural,Medium Speed (Collector),No,38.102725,-79.09651944,Non-Intersection,Dark - Not Lighted,Not Reported,Unknown,Unknown,Unknown EMS Scene Arrival Hour,Unknown EMS Scene Arrival Minutes,Unknown,Unknown EMS Hospital Arrival Time,1,Dark - Unlighted,Clear,1,0,['Driver'],['None_Used'],0,0,Valid,1.0,1.0,29.0,29.0,['Male'],1,0,3,4,3,Dry,Curve,Grade/Hillcrest,Lowest,No
35650,51,Virginia,510480,1,1,1,0,1,PORTSMOUTH,July,5,Wednesday,22,19,Urban,Low Speed (Local),No,36.79501389,-76.36439722,Non-Intersection,Dark - Lighted,Not Reported,Unknown,Unknown,Unknown EMS Scene Arrival Hour,Unknown EMS Scene Arrival Minutes,Unknown,Unknown EMS Hospital Arrival Time,1,Dark - Lighted,Clear,0,0,[],[],0,0,Invalid,0.0,0.0,998.0,998.0,['Other'],0,0,1,0,4,Dry,Straight,Level,Lowest,No
35651,51,Virginia,510482,0,2,2,0,2,NOT APPLICABLE,July,2,Sunday,14,9,Rural,High Speed (Arterial),Yes,37.27273611,-78.28574167,Simple Junction,Daylight,Not Reported,Unknown,Unknown,Unknown EMS Scene Arrival Hour,Unknown EMS Scene Arrival Minutes,Unknown,Unknown EMS Hospital Arrival Time,1,Daylight,Clear,1,1,['Driver'],['Shoulder_Lapbelt'],0,0,Valid,1.0,2.0,46.0,17.0,"['Female', 'Female']",0,0,2,4,5,Dry,Curve,Level,Lowest,No
35652,51,Virginia,510483,0,2,2,0,2,MANASSAS,July,4,Tuesday,20,56,Rural,Low Speed (Local),No,38.75071944,-77.47917222,Simple Junction,Dark - Lighted,Not Reported,Unknown,Unknown if Notified,Unknown EMS Scene Arrival Hour,Unknown if Arrived,Not Applicable (Not Transported),Not Applicable (Not Transported),1,Dark - Lighted,Clear,1,1,['Driver'],['None_Used'],1,1,Valid,0.0,5.0,45.0,27.0,"['Male', 'Male']",1,0,5,4,5,Dry,Straight,Level,Lowest,No
35653,51,Virginia,510484,1,1,1,0,1,RICHMOND,May,10,Wednesday,3,15,Urban,Medium Speed (Collector),No,37.48063056,-77.48916944,Non-Intersection,Dark - Lighted,Not Reported,Unknown,Unknown if Notified,Unknown EMS Scene Arrival Hour,Unknown if Arrived,Not Applicable (Not Transported),Not Applicable (Not Transported),1,Dark - Lighted,Clear,0,0,[],[],0,0,Invalid,0.0,0.0,998.0,998.0,['Other'],0,0,2,1,4,Dry,Straight,Level,Lowest,No
35654,51,Virginia,510485,0,1,1,0,1,RICHMOND,June,16,Friday,17,50,Urban,Medium Speed (Collector),No,37.48226667,-77.46718056,Non-Intersection,Dusk,Not Reported,Unknown,Unknown,Unknown EMS Scene Arrival Hour,Unknown EMS Scene Arrival Minutes,Unknown,Unknown EMS Hospital Arrival Time,1,Twilight,Clear,1,0,['Driver'],['None_Used'],0,0,Valid,0.0,0.0,58.0,58.0,['Female'],0,0,2,4,3,Dry,Curve,Grade/Hillcrest,Lowest,No
35655,51,Virginia,510486,0,2,2,0,2,NOT APPLICABLE,August,1,Tuesday,10,30,Rural,Medium Speed (Collector),No,38.04759722,-78.97427222,Simple Junction,Daylight,Not Reported,Unknown,Unknown,Unknown EMS Scene Arrival Hour,Unknown EMS Scene Arrival Minutes,Unknown,Unknown EMS Hospital Arrival Time,1,Daylight,Clear,1,1,['Driver'],['None_Used'],0,0,Valid,1.0,0.0,83.0,61.0,"['Female', 'Male']",0,0,5,4,5,Dry,Straight,Level,Lowest,No
35656,51,Virginia,510487,0,2,2,0,2,NOT APPLICABLE,August,1,Tuesday,18,50,Rural,Medium Speed (Collector),No,37.25379722,-79.12013056,Non-Intersection,Daylight,Not Reported,Unknown,Unknown,Unknown EMS Scene Arrival Hour,Unknown EMS Scene Arrival Minutes,Unknown,Unknown EMS Hospital Arrival Time,1,Daylight,Clear,1,1,['Driver'],['None_Used'],1,1,Invalid,1.0,1.0,62.0,44.0,"['Male', 'Male']",1,0,5,4,5,Dry,Straight,Grade/Hillcrest,Lowest,No
35657,51,Virginia,510488,0,1,1,0,1,VIRGINIA BEACH,August,1,Tuesday,19,52,Urban,High Speed (Arterial),Yes,36.90029167,-76.13222778,Non-Intersection,Daylight,Not Reported,Unknown,Unknown if Notified,Unknown EMS Scene Arrival Hour,Unknown if Arrived,Not Applicable (Not Transported),Not Applicable (Not Transported),1,Daylight,Clear,1,0,['Driver'],['None_Used'],1,1,Valid,0.0,0.0,61.0,61.0,['Male'],0,0,5,4,3,Dry,Curve,Grade/Hillcrest,Lowest,No
35658,51,Virginia,510489,0,1,1,0,1,VIRGINIA BEACH,August,2,Wednesday,2,31,Urban,High Speed (Arterial),Yes,36.84166667,-76.04494444,Non-Intersection,Dark - Unknown Lighting,Not Reported,Unknown,Unknown if Notified,Unknown EMS Scene Arrival Hour,Unknown if Arrived,Not Applicable (Not Transported),Not Applicable (Not Transported),1,Dark - Unlighted,Clear,1,0,['Driver'],['None_Used'],0,0,Valid,0.0,1.0,23.0,23.0,['Male'],0,0,5,4,2,Dry,Curve,Level,Lowest,No
35659,51,Virginia,510490,0,1,1,0,1,FRANKLIN,August,3,Thursday,13,42,Urban,Medium Speed (Collector),No,36.67543333,-76.94139722,Simple Junction,Daylight,Not Reported,Unknown,Unknown,Unknown EMS Scene Arrival Hour,Unknown EMS Scene Arrival Minutes,Unknown,Unknown EMS Hospital Arrival Time,1,Daylight,Clear,1,0,['Driver'],['None_Used'],0,0,Valid,0.0,0.0,80.0,80.0,['Female'],1,0,3,4,3,Dry,Straight,Level,Lowest,No
35660,51,Virginia,510491,0,1,1,0,1,CHESTERFIELD,August,3,Thursday,14,50,Rural,High Speed (Arterial),Yes,37.30494722,-77.39373611,Non-Intersection,Daylight,Not Reported,Unknown,Unknown,Unknown EMS Scene Arrival Hour,Unknown EMS Scene Arrival Minutes,Unknown,Unknown EMS Hospital Arrival Time,1,Daylight,Clear,1,0,['Driver'],['Shoulder_Lapbelt'],0,0,Valid,0.0,0.0,49.0,49.0,['Male'],0,0,3,4,3,Dry,Straight,Level,Medium,No
35661,51,Virginia,510492,0,2,2,0,5,NOT APPLICABLE,August,3,Thursday,15,15,Rural,Medium Speed (Collector),No,38.00163333,-78.19245556,Non-Intersection,Daylight,Rain,Unknown,Unknown,Unknown EMS Scene Arrival Hour,Unknown EMS Scene Arrival Minutes,Unknown,Unknown EMS Hospital Arrival Time,1,Daylight,Rain/Wind/Minor,1,4,['Driver'],['Shoulder_Lapbelt'],0,0,Valid,0.0,0.0,34.0,32.0,"['Female', 'Male']",0,0,3,4,5,Wet/Standing Water,Straight,Grade/Hillcrest,Lowest,No
35662,51,Virginia,510493,0,1,1,0,1,RICHMOND,August,2,Wednesday,14,57,Urban,High Speed (Arterial),Yes,37.46392222,-77.44278611,Non-Intersection,Daylight,Not Reported,Unknown,Unknown,Unknown EMS Scene Arrival Hour,Unknown EMS Scene Arrival Minutes,Unknown,Unknown EMS Hospital Arrival Time,1,Daylight,Clear,1,0,['Driver'],['None_Used'],0,0,Valid,0.0,0.0,55.0,55.0,['Male'],0,0,3,4,3,Dry,Straight,Level,Lowest,No
35663,51,Virginia,510494,1,1,1,0,1,NOT APPLICABLE,August,6,Sunday,11,14,Urban,High Speed (Arterial),Yes,39.12538611,-78.18713056,Non-Intersection,Daylight,Not Reported,Unknown,Unknown if Notified,Unknown EMS Scene Arrival Hour,Unknown if Arrived,Not Applicable (Not Transported),Not Applicable (Not Transported),1,Daylight,Clear,0,1,[],[],0,0,Invalid,0.0,0.0,38.0,38.0,['Male'],0,0,4,1,4,Dry,Straight,Level,Lowest,No
35664,51,Virginia,510495,0,2,2,0,2,NOT APPLICABLE,August,6,Sunday,13,11,Rural,Medium Speed (Collector),No,37.86606111,-77.76984167,Non-Intersection,Daylight,Not Reported,Unknown,Unknown,Unknown EMS Scene Arrival Hour,Unknown EMS Scene Arrival Minutes,Unknown,Unknown EMS Hospital Arrival Time,1,Daylight,Clear,1,1,['Driver'],['None_Used'],0,0,Invalid,0.0,0.0,58.0,33.0,"['Male', 'Female']",0,0,3,4,5,Dry,Curve,Level,Lowest,No