,State_Code,State_Name,Crash_ID,Count_Non_Motorists,Count_Vehicles_Total,Count_Vehicle_Forms,Count_PVH_Involved,Count_Occupants_MV,City_Name,Month_Name,Day_of_Month,Day_of_Week,Crash_Hour,Crash_Minute,Area_Rural_Urban,Road_Functional_Class,On_NHS_Road,Latitude,Longitude,Intersection_Type,Light_Condition,Weather_Condition,Notif_Hour,Notif_Minute,Arrival_Hour,Arrival_Minute,Hospital_Hour,Hospital_Minute,Fatalities_Count,Clean_Light_Condition,Clean_Weather_Condition,Total_Killed,Total_Alive,Fatal_Seats_List,Killed_Restraint_List,Any_Driver_Drinking,Total_Drinking_Drivers,Driver_License_Category,Driver_Max_Prev_Accident_Count,Driver_Max_Prev_Speeding_Count,Max_Driver_Age,Min_Driver_Age,Driver_Sex_List,Total_Exceeding_Limit_Vehicles,Total_Too_Fast_Vehicles,Max_Vehicle_Type_Severity_5,Max_Vehicle_Damage_Rank,Max_Harmful_Event_Severity,Crash_Road_Surface_Condition,Crash_Horizontal_Alignment,Crash_Vertical_Profile,Crash_Impairment_Category,Crash_Vehicle_Defect
35665,51,Virginia,510496,0,1,1,0,2,HAMPTON,August,6,Sunday,11,48,Urban,High Speed (Arterial),No,37.06304722,-76.44509722,Non-Intersection,Daylight,Not Reported,Unknown,Unknown,Unknown EMS Scene Arrival Hour,Unknown EMS Scene Arrival Minutes,Unknown,Unknown EMS Hospital Arrival Time,1,Daylight,Clear,1,1,['Driver'],['Shoulder_Lapbelt'],0,0,Invalid,2.0,0.0,60.0,60.0,['Male'],2,0,3,4,3,Dry,Straight,Level,Lowest,No
35666,51,Virginia,510497,0,2,2,0,2,NOT APPLICABLE,August,5,Saturday,21,30,Rural,Medium Speed (Collector),No,37.94412222,-77.94925833,Non-Intersection,Dark - Not Lighted,Not Reported,Unknown,Unknown,Unknown EMS Scene Arrival Hour,Unknown EMS Scene Arrival Minutes,Unknown,Unknown EMS Hospital Arrival Time,1,Dark - Unlighted,Clear,1,1,['Driver'],['None_Used'],1,1,Valid,0.0,0.0,49.0,43.0,"['Male', 'Female']",1,0,2,4,5,Dry,Straight,Level,Lowest,No
35667,51,Virginia,510498,0,1,1,0,1,NEWPORT NEWS,August,6,Sunday,1,52,Urban,High Speed (Arterial),Yes,37.15803333,-76.53513056,Non-Intersection,Dark - Lighted,Not Reported,Unknown,Unknown if Notified,Unknown EMS Scene Arrival Hour,Unknown if Arrived,Not Applicable (Not Transported),Not Applicable (Not Transported),1,Dark - Lighted,Clear,1,0,['Driver'],['None_Used'],1,1,Valid,0.0,0.0,59.0,59.0,['Male'],0,0,5,4,2,Dry,Straight,Level,Lowest,No
35668,51,Virginia,510499,0,2,2,0,2,HAMPTON,August,6,Sunday,16,21,Urban,Medium Speed (Collector),No,37.04285278,-76.43307222,Non-Intersection,Daylight,Not Reported,Unknown,Unknown,Unknown EMS Scene Arrival Hour,Unknown EMS Scene Arrival Minutes,Unknown,Unknown EMS Hospital Arrival Time,1,Daylight,Clear,1,1,['Driver'],['None_Used'],0,0,Valid,0.0,0.0,53.0,53.0,"['Male', 'Male']",0,0,5,1,5,Dry,Straight,Level,Lowest,No
35669,51,Virginia,510500,0,1,1,0,2,NOT APPLICABLE,August,7,Monday,13,55,Rural,Medium Speed (Collector),No,37.210025,-82.20945556,Non-Intersection,Daylight,Rain,Unknown,Unknown,Unknown EMS Scene Arrival Hour,Unknown EMS Scene Arrival Minutes,Unknown,Unknown EMS Hospital Arrival Time,1,Daylight,Rain/Wind/Minor,1,1,['Driver'],['None_Used'],0,0,Invalid,0.0,0.0,44.0,44.0,['Male'],0,0,5,4,2,Wet/Standing Water,Straight,Level,Lowest,Yes
35670,51,Virginia,510501,0,2,2,0,2,NOT APPLICABLE,August,5,Saturday,9,56,Urban,Medium Speed (Collector),No,39.04026389,-77.39761111,Complex/Circle,Daylight,Not Reported,Unknown,Unknown,Unknown EMS Scene Arrival Hour,Unknown EMS Scene Arrival Minutes,Unknown,Unknown EMS Hospital Arrival Time,1,Daylight,Clear,1,1,['Driver'],['None_Used'],0,0,Valid,0.0,1.0,65.0,43.0,"['Male', 'Female']",1,0,5,4,5,Dry,Straight,Level,Lowest,No
35671,51,Virginia,510502,0,2,2,0,3,NOT APPLICABLE,August,5,Saturday,16,30,Rural,Medium Speed (Collector),No,36.94922222,-77.17199444,Complex/Circle,Daylight,Not Reported,Unknown,Unknown if Notified,Unknown EMS Scene Arrival Hour,Unknown if Arrived,Not Applicable (Not Transported),Not Applicable (Not Transported),2,Daylight,Clear,2,1,"['Driver', 'Front_Passenger']","['Shoulder_Lapbelt', 'Shoulder_Lapbelt']",0,0,Valid,0.0,0.0,62.0,53.0,"['Female', 'Male']",0,0,3,4,5,Dry,Straight,Level,Lowest,No
35672,51,Virginia,510503,0,2,2,0,1,HAMPTON,August,7,Monday,9,23,Urban,High Speed (Arterial),No,37.05473056,-76.38036944,Non-Intersection,Daylight,Not Reported,Unknown,Unknown,Unknown EMS Scene Arrival Hour,Unknown EMS Scene Arrival Minutes,Unknown,Unknown EMS Hospital Arrival Time,1,Daylight,Clear,1,0,['Driver'],['Shoulder_Lapbelt'],0,0,Valid,2.0,0.0,58.0,58.0,['Male'],0,0,3,4,5,Dry,Straight,Level,Lowest,No
35673,51,Virginia,510504,0,2,2,0,2,NOT APPLICABLE,August,8,Tuesday,12,54,Rural,High Speed (Arterial),Yes,38.39574444,-77.42950556,Complex/Circle,Daylight,Not Reported,Unknown,Unknown if Notified,Unknown EMS Scene Arrival Hour,Unknown if Arrived,Not Applicable (Not Transported),Not Applicable (Not Transported),1,Daylight,Clear,1,1,['Driver'],['None_Used'],0,0,Invalid,1.0,1.0,32.0,19.0,"['Male', 'Male']",1,0,5,4,5,Dry,Straight,Grade/Hillcrest,Lowest,No
35674,51,Virginia,510505,1,1,1,0,1,NOT APPLICABLE,August,7,Monday,22,34,Urban,Medium Speed (Collector),No,37.51846389,-77.36334722,Non-Intersection,Dark - Not Lighted,Not Reported,Unknown,Unknown,Unknown EMS Scene Arrival Hour,Unknown EMS Scene Arrival Minutes,Unknown,Unknown EMS Hospital Arrival Time,1,Dark - Unlighted,Clear,0,1,[],[],0,0,Invalid,0.0,0.0,16.0,16.0,['Male'],1,0,2,4,3,Dry,Straight,Level,Lowest,Yes
35675,51,Virginia,510506,0,2,2,0,2,NOT APPLICABLE,August,8,Tuesday,8,45,Rural,Medium Speed (Collector),No,38.00596667,-78.45698056,Non-Intersection,Daylight,Not Reported,Unknown,Unknown if Notified,Unknown EMS Scene Arrival Hour,Unknown if Arrived,Not Applicable (Not Transported),Not Applicable (Not Transported),1,Daylight,Clear,1,1,['Driver'],['Shoulder_Lapbelt'],0,0,Valid,0.0,0.0,59.0,47.0,"['Male', 'Female']",0,0,3,4,5,Dry,Curve,Grade/Hillcrest,Lowest,No
35676,51,Virginia,510507,0,2,2,0,3,NOT APPLICABLE,August,8,Tuesday,20,42,Rural,Low Speed (Local),No,38.46953333,-78.81694722,Non-Intersection,Dusk,Not Reported,Unknown,Unknown,Unknown EMS Scene Arrival Hour,Unknown EMS Scene Arrival Minutes,Unknown,Unknown EMS Hospital Arrival Time,1,Twilight,Clear,1,2,['Driver'],['Shoulder_Lapbelt'],0,0,Valid,0.0,0.0,42.0,17.0,"['Male', 'Male']",2,0,2,4,5,Dry,Straight,Level,Lowest,No
35677,51,Virginia,510508,0,2,2,0,4,NOT APPLICABLE,August,9,Wednesday,16,56,Rural,High Speed (Arterial),No,37.75895556,-79.78843889,Non-Intersection,Daylight,Not Reported,Unknown,Unknown,Unknown EMS Scene Arrival Hour,Unknown EMS Scene Arrival Minutes,Unknown,Unknown EMS Hospital Arrival Time,1,Daylight,Clear,1,3,['Driver'],['None_Used'],0,0,Valid,0.0,0.0,37.0,34.0,"['Female', 'Male']",0,0,3,4,5,Dry,Straight,Non-Trafficway,Lowest,No
35678,51,Virginia,510509,0,1,1,0,1,NOT APPLICABLE,August,10,Thursday,8,13,Urban,High Speed (Arterial),Yes,38.05145833,-78.52347222,Non-Intersection,Daylight,Not Reported,Unknown,Unknown if Notified,Unknown EMS Scene Arrival Hour,Unknown if Arrived,Not Applicable (Not Transported),Not Applicable (Not Transported),1,Daylight,Clear,1,0,['Driver'],['Shoulder_Lapbelt'],0,0,Valid,1.0,2.0,52.0,52.0,['Male'],0,0,3,4,3,Dry,Straight,Grade/Hillcrest,Lowest,No
35679,51,Virginia,510510,0,1,1,0,1,NOT APPLICABLE,August,11,Friday,16,4,Rural,High Speed (Arterial),Yes,38.63424167,-78.58257222,Non-Intersection,Daylight,Not Reported,Unknown,Unknown if Notified,Unknown EMS Scene Arrival Hour,Unknown if Arrived,Not Applicable (Not Transported),Not Applicable (Not Transported),1,Daylight,Clear,1,0,['Driver'],['None_Used'],1,1,Valid,0.0,1.0,21.0,21.0,['Male'],0,0,5,4,3,Dry,Curve,Grade/Hillcrest,Lowest,No
35680,51,Virginia,510511,0,1,1,0,1,NOT APPLICABLE,August,11,Friday,19,15,Rural,Medium Speed (Collector),No,36.67558056,-80.18436944,Non-Intersection,Daylight,Not Reported,Unknown,Unknown if Notified,Unknown EMS Scene Arrival Hour,Unknown if Arrived,Not Applicable (Not Transported),Not Applicable (Not Transported),1,Daylight,Clear,1,0,['Driver'],['None_Used'],1,1,Valid,0.0,0.0,20.0,20.0,['Male'],1,0,5,4,3,Dry,Curve,Grade/Hillcrest,Lowest,No
35681,51,Virginia,510512,0,2,2,0,2,NOT APPLICABLE,August,11,Friday,5,39,Rural,High Speed (Arterial),Yes,37.53466111,-76.77965556,Non-Intersection,Dark - Not Lighted,Not Reported,Unknown,Unknown,Unknown EMS Scene Arrival Hour,Unknown EMS Scene Arrival Minutes,Unknown,Unknown EMS Hospital Arrival Time,1,Dark - Unlighted,Clear,1,1,['Driver'],['Shoulder_Lapbelt'],0,0,Valid,0.0,0.0,46.0,18.0,"['Male', 'Male']",0,0,3,4,5,Dry,Straight,Level,Medium,No
35682,51,Virginia,510513,0,3,3,0,4,NOT APPLICABLE,August,11,Friday,11,44,Urban,High Speed (Arterial),Yes,38.86495,-77.26532778,Complex/Circle,Daylight,Not Reported,Unknown,Unknown,Unknown EMS Scene Arrival Hour,Unknown EMS Scene Arrival Minutes,Unknown,Unknown EMS Hospital Arrival Time,1,Daylight,Clear,1,3,['Front_Passenger'],['Shoulder_Lapbelt'],0,0,Valid,0.0,1.0,81.0,32.0,"['Female', 'Female', 'Female']",0,0,3,4,5,Dry,Straight,Level,Lowest,No
35683,51,Virginia,510514,1,1,1,0,1,NOT APPLICABLE,August,12,Saturday,4,53,Urban,High Speed (Arterial),Yes,37.373575,-77.41888611,Non-Intersection,Dark - Not Lighted,Not Reported,Unknown,Unknown if Notified,Unknown EMS Scene Arrival Hour,Unknown if Arrived,Not Applicable (Not Transported),Not Applicable (Not Transported),1,Dark - Unlighted,Clear,0,1,[],[],0,0,Valid,0.0,1.0,33.0,33.0,['Male'],0,0,2,4,4,Dry,Straight,Grade/Hillcrest,Lowest,No
35684,51,Virginia,510515,0,1,1,0,1,NOT APPLICABLE,August,12,Saturday,5,41,Urban,Medium Speed (Collector),No,37.33995833,-79.97011944,Non-Intersection,Dark - Lighted,Not Reported,Unknown,Unknown,Unknown EMS Scene Arrival Hour,Unknown EMS Scene Arrival Minutes,Unknown,Unknown EMS Hospital Arrival Time,1,Dark - Lighted,Clear,1,0,['Driver'],['None_Used'],1,1,Valid,0.0,1.0,25.0,25.0,['Male'],1,0,2,4,2,Dry,Curve,Grade/Hillcrest,Lowest,No
35685,51,Virginia,510516,1,1,1,0,1,COEBURN,August,2,Wednesday,23,0,Urban,High Speed (Arterial),Yes,36.94022222,-82.48404444,Non-Intersection,Dark - Not Lighted,Not Reported,Unknown,Unknown,Unknown EMS Scene Arrival Hour,Unknown EMS Scene Arrival Minutes,Unknown,Unknown EMS Hospital Arrival Time,1,Dark - Unlighted,Clear,0,1,[],[],0,0,Valid,0.0,0.0,36.0,36.0,['Female'],0,0,3,4,4,Dry,Straight,Level,Lowest,No
35686,51,Virginia,510517,0,1,1,0,1,NOT APPLICABLE,August,16,Wednesday,0,29,Urban,Medium Speed (Collector),No,38.556375,-77.32281944,Non-Intersection,Dark - Not Lighted,Not Reported,Unknown,Unknown if Notified,Unknown EMS Scene Arrival Hour,Unknown if Arrived,Not Applicable (Not Transported),Not Applicable (Not Transported),1,Dark - Unlighted,Clear,1,0,['Driver'],['None_Used'],1,1,Valid,0.0,1.0,58.0,58.0,['Male'],0,0,2,4,3,Wet/Standing Water,Curve,Level,Lowest,Yes
35687,51,Virginia,510518,0,2,2,0,3,NOT APPLICABLE,August,16,Wednesday,11,21,Urban,High Speed (Arterial),Yes,38.22589722,-78.37439167,Complex/Circle,Daylight,Not Reported,Unknown,Unknown,Unknown EMS Scene Arrival Hour,Unknown EMS Scene Arrival Minutes,Unknown,Unknown EMS Hospital Arrival Time,1,Daylight,Clear,1,2,['Driver'],['None_Used'],0,0,Valid,0.0,0.0,66.0,40.0,"['Male', 'Male']",0,0,3,4,5,Dry,Straight,Level,Lowest,No
35688,51,Virginia,510519,0,1,1,0,2,NOT APPLICABLE,August,7,Monday,6,45,Rural,High Speed (Arterial),Yes,36.94568889,-77.72694444,Non-Intersection,Daylight,Not Reported,Unknown,Unknown,Unknown EMS Scene Arrival Hour,Unknown EMS Scene Arrival Minutes,Unknown,Unknown EMS Hospital Arrival Time,1,Daylight,Clear,1,1,['Front_Passenger'],['Shoulder_Lapbelt'],0,0,Valid,0.0,1.0,26.0,26.0,['Male'],2,0,2,4,2,Dry,Straight,Level,Lowest,No
35689,51,Virginia,510520,0,1,1,0,3,NOT APPLICABLE,August,17,Thursday,4,20,Rural,High Speed (Arterial),Yes,37.11896111,-77.52681111,Non-Intersection,Dark - Not Lighted,Not Reported,Unknown,Unknown,Unknown EMS Scene Arrival Hour,Unknown EMS Scene Arrival Minutes,Unknown,Unknown EMS Hospital Arrival Time,1,Dark - Unlighted,Clear,1,2,['Driver'],['None_Used'],1,1,Valid,0.0,0.0,24.0,24.0,['Male'],0,0,3,4,3,Dry,Straight,Level,Lowest,No
35690,51,Virginia,510521,0,8,8,0,8,NOT APPLICABLE,August,16,Wednesday,15,31,Rural,High Speed (Arterial),Yes,37.51029167,-79.74103611,Non-Intersection,Daylight,Not Reported,Unknown,Unknown if Notified,Unknown EMS Scene Arrival Hour,Unknown if Arrived,Not Applicable (Not Transported),Not Applicable (Not Transported),1,Daylight,Clear,1,7,['Driver'],['Shoulder_Lapbelt'],0,0,Valid,2.0,0.0,61.0,19.0,"['Male', 'Male', 'Female', 'Male', 'Male', 'Female', 'Male', 'Male']",1,0,4,4,5,Dry,Straight,Level,Lowest,No
35691,51,Virginia,510522,0,2,2,0,2,NOT APPLICABLE,August,8,Tuesday,7,30,Rural,High Speed (Arterial),Yes,36.73800556,-80.79048889,Non-Intersection,Daylight,Not Reported,Unknown,Unknown,Unknown EMS Scene Arrival Hour,Unknown EMS Scene Arrival Minutes,Unknown,Unknown EMS Hospital Arrival Time,1,Daylight,Clear,1,1,['Driver'],['None_Used'],0,0,Invalid,0.0,0.0,54.0,31.0,"['Male', 'Female']",1,0,5,4,5,Dry,Straight,Grade/Hillcrest,Lowest,No
35692,51,Virginia,510523,0,2,2,0,2,RICHMOND,August,17,Thursday,8,51,Urban,High Speed (Arterial),No,37.571025,-77.46558333,Complex/Circle,Daylight,Not Reported,Unknown,Unknown if Notified,Unknown EMS Scene Arrival Hour,Unknown if Arrived,Not Applicable (Not Transported),Not Applicable (Not Transported),1,Daylight,Clear,1,1,['Driver'],['None_Used'],0,0,Valid,0.0,1.0,30.0,28.0,"['Male', 'Male']",1,0,5,4,5,Dry,Straight,Level,Lowest,No
35693,51,Virginia,510524,0,1,1,0,1,NOT APPLICABLE,August,19,Saturday,20,24,Urban,High Speed (Arterial),Yes,38.87718333,-77.27374444,Non-Intersection,Daylight,Not Reported,Unknown,Unknown,Unknown EMS Scene Arrival Hour,Unknown EMS Scene Arrival Minutes,Unknown,Unknown EMS Hospital Arrival Time,1,Daylight,Clear,1,0,['Driver'],['None_Used'],1,1,Valid,0.0,0.0,36.0,36.0,['Male'],1,0,5,4,1,Dry,Straight,Level,Lowest,No
35694,51,Virginia,510525,0,1,1,0,1,NOT APPLICABLE,August,19,Saturday,16,2,Rural,Low Speed (Local),No,37.48241389,-76.90529444,Non-Intersection,Reported as Unknown,Not Reported,Unknown,Unknown if Notified,Unknown EMS Scene Arrival Hour,Unknown if Arrived,Not Applicable (Not Transported),Not Applicable (Not Transported),1,Dark - Unlighted,Clear,1,0,['Driver'],['None_Used'],0,0,Valid,0.0,0.0,38.0,38.0,['Female'],1,0,5,4,3,Dry,Straight,Level,Lowest,Yes
35695,51,Virginia,510526,0,2,2,0,2,NOT APPLICABLE,August,20,Sunday,1,11,Urban,Medium Speed (Collector),No,38.62420556,-77.28900833,Simple Junction,Dark - Not Lighted,Not Reported,Unknown,Unknown if Notified,Unknown EMS Scene Arrival Hour,Unknown if Arrived,Not Applicable (Not Transported),Not Applicable (Not Transported),1,Dark - Unlighted,Clear,1,1,['Driver'],['None_Used'],0,0,Invalid,0.0,0.0,67.0,41.0,"['Female', 'Male']",0,0,5,4,5,Dry,Straight,Grade/Hillcrest,Lowest,No
35696,51,Virginia,510527,0,1,1,0,1,NOT APPLICABLE,August,6,Sunday,15,38,Rural,High Speed (Arterial),Yes,36.64032778,-81.745525,Non-Intersection,Daylight,Not Reported,Unknown,Unknown,Unknown EMS Scene Arrival Hour,Unknown EMS Scene Arrival Minutes,Unknown,Unknown EMS Hospital Arrival Time,1,Daylight,Clear,1,0,['Driver'],['None_Used'],0,0,Valid,0.0,0.0,73.0,73.0,['Female'],0,0,5,4,2,Dry,Straight,Level,Lowest,No
35697,51,Virginia,510528,0,1,1,0,4,NOT APPLICABLE,August,18,Friday,18,0,Rural,Medium Speed (Collector),Yes,38.33868889,-78.12426111,Non-Intersection,Daylight,Not Reported,Unknown,Unknown,Unknown EMS Scene Arrival Hour,Unknown EMS Scene Arrival Minutes,Unknown,Unknown EMS Hospital Arrival Time,3,Daylight,Clear,3,1,"['Driver', 'Front_Passenger', 'Rear_Seat']","['Shoulder_Lapbelt', 'None_Used', 'None_Used']",0,0,Valid,1.0,1.0,74.0,74.0,['Male'],0,0,3,4,3,Dry,Straight,Grade/Hillcrest,Lowest,Yes
35698,51,Virginia,510529,0,2,2,0,2,NOT APPLICABLE,August,19,Saturday,13,58,Rural,Medium Speed (Collector),No,36.91631944,-76.75700833,Non-Intersection,Daylight,Not Reported,Unknown,Unknown if Notified,Unknown EMS Scene Arrival Hour,Unknown if Arrived,Not Applicable (Not Transported),Not Applicable (Not Transported),1,Daylight,Clear,1,1,['Driver'],['None_Used'],0,0,Valid,0.0,1.0,84.0,71.0,"['Male', 'Male']",0,0,5,4,5,Dry,Curve,Grade/Hillcrest,Lowest,No
35699,51,Virginia,510530,0,2,2,0,2,NOT APPLICABLE,August,17,Thursday,14,47,Urban,Medium Speed (Collector),No,37.25465,-80.17375,Simple Junction,Daylight,Not Reported,Unknown,Unknown if Notified,Unknown EMS Scene Arrival Hour,Unknown if Arrived,Not Applicable (Not Transported),Not Applicable (Not Transported),1,Daylight,Clear,1,1,['Driver'],['None_Used'],1,1,Valid,1.0,0.0,61.0,49.0,"['Male', 'Male']",0,0,5,4,5,Dry,Straight,Level,Lowest,No
35700,51,Virginia,510531,1,2,2,0,4,NOT APPLICABLE,August,19,Saturday,2,12,Rural,High Speed (Arterial),Yes,37.70186389,-77.44878333,Non-Intersection,Dark - Not Lighted,Not Reported,Unknown,Unknown,Unknown EMS Scene Arrival Hour,Unknown EMS Scene Arrival Minutes,Unknown,Unknown EMS Hospital Arrival Time,3,Dark - Unlighted,Clear,3,1,"['Driver', 'Rear_Seat', 'Front_Passenger']","['Shoulder_Lapbelt', 'Shoulder_Lapbelt', 'Shoulder_Lapbelt']",0,0,Invalid,1.0,0.0,51.0,24.0,"['Male', 'Male']",0,0,3,4,5,Dry,Straight,Grade/Hillcrest,Medium,No
35701,51,Virginia,510532,1,2,2,0,2,NOT APPLICABLE,August,22,Tuesday,5,39,Rural,High Speed (Arterial),Yes,38.95836667,-78.18850833,Non-Intersection,Dark - Not Lighted,Not Reported,Unknown,Unknown if Notified,Unknown EMS Scene Arrival Hour,Unknown if Arrived,Not Applicable (Not Transported),Not Applicable (Not Transported),1,Dark - Unlighted,Clear,0,1,[],[],0,0,Invalid,0.0,0.0,999.0,50.0,"['Other', 'Female']",0,0,2,1,4,Dry,Straight,Level,Lowest,No
35702,51,Virginia,510533,1,1,1,0,1,CHESAPEAKE,August,21,Monday,21,51,Urban,Medium Speed (Collector),No,36.79856389,-76.39459167,Non-Intersection,Dark - Not Lighted,Not Reported,Unknown,Unknown,Unknown EMS Scene Arrival Hour,Unknown EMS Scene Arrival Minutes,Unknown,Unknown EMS Hospital Arrival Time,1,Dark - Unlighted,Clear,0,1,[],[],0,0,Valid,0.0,1.0,37.0,37.0,['Male'],0,0,2,1,4,Dry,Straight,Level,Lowest,No
35703,51,Virginia,510534,0,1,1,0,1,NOT APPLICABLE,August,22,Tuesday,9,0,Rural,Medium Speed (Collector),No,37.21048611,-79.88470278,Non-Intersection,Daylight,Not Reported,Unknown,Unknown if Notified,Unknown EMS Scene Arrival Hour,Unknown if Arrived,Not Applicable (Not Transported),Not Applicable (Not Transported),1,Daylight,Clear,1,0,['Driver'],['Shoulder_Lapbelt'],0,0,Valid,0.0,0.0,52.0,52.0,['Male'],0,0,4,4,3,Dry,Curve,Grade/Hillcrest,Lowest,Yes
35704,51,Virginia,510535,1,1,1,0,1,NOT APPLICABLE,August,22,Tuesday,6,36,Rural,Medium Speed (Collector),No,37.92696111,-77.47886944,Non-Intersection,Dark - Not Lighted,Not Reported,Unknown,Unknown if Notified,Unknown EMS Scene Arrival Hour,Unknown if Arrived,Not Applicable (Not Transported),Not Applicable (Not Transported),1,Dark - Unlighted,Clear,0,0,[],[],0,0,Invalid,0.0,0.0,998.0,998.0,['Other'],0,0,1,0,4,Dry,Straight,Level,Lowest,No
35705,51,Virginia,510536,1,1,1,0,1,NOT APPLICABLE,August,23,Wednesday,3,55,Rural,High Speed (Arterial),Yes,36.96128333,-81.92763333,Non-Intersection,Dark - Not Lighted,"Fog, Smog, Smoke",Unknown,Unknown if Notified,Unknown EMS Scene Arrival Hour,Unknown if Arrived,Not Applicable (Not Transported),Not Applicable (Not Transported),1,Dark - Unlighted,Reduced Visibility,0,1,[],[],0,0,Valid,0.0,0.0,47.0,47.0,['Male'],0,0,3,4,4,Dry,Straight,Level,Lowest,No
35706,51,Virginia,510537,0,1,1,0,1,NOT APPLICABLE,August,23,Wednesday,9,55,Rural,Medium Speed (Collector),No,36.91250833,-78.97838889,Non-Intersection,Daylight,Not Reported,Unknown,Unknown if Notified,Unknown EMS Scene Arrival Hour,Unknown if Arrived,Not Applicable (Not Transported),Not Applicable (Not Transported),1,Daylight,Clear,1,0,['Driver'],['None_Used'],1,1,Valid,0.0,0.0,57.0,57.0,['Male'],0,0,3,4,3,Dry,Straight,Level,Lowest,No
35707,51,Virginia,510538,0,1,1,0,1,NOT APPLICABLE,August,22,Tuesday,22,22,Urban,Medium Speed (Collector),No,38.72638333,-77.44891111,Non-Intersection,Dark - Not Lighted,Not Reported,Unknown,Unknown,Unknown EMS Scene Arrival Hour,Unknown EMS Scene Arrival Minutes,Unknown,Unknown EMS Hospital Arrival Time,1,Dark - Unlighted,Clear,1,0,['Driver'],['None_Used'],0,0,Valid,0.0,0.0,30.0,30.0,['Male'],1,0,5,4,3,Dry,Curve,Grade/Hillcrest,Lowest,No
35708,51,Virginia,510539,1,1,1,0,1,VIRGINIA BEACH,August,12,Saturday,22,38,Urban,High Speed (Arterial),Yes,36.85201389,-75.97736111,Complex/Circle,Dark - Lighted,Not Reported,Unknown,Unknown,Unknown EMS Scene Arrival Hour,Unknown EMS Scene Arrival Minutes,Unknown,Unknown EMS Hospital Arrival Time,1,Dark - Lighted,Clear,0,1,[],[],1,1,Valid,0.0,1.0,53.0,53.0,['Male'],0,0,2,1,4,Dry,Straight,Level,Lowest,No
35709,51,Virginia,510540,0,3,3,0,4,NOT APPLICABLE,August,24,Thursday,13,58,Rural,High Speed (Arterial),Yes,37.35988056,-76.52421111,Complex/Circle,Daylight,Not Reported,Unknown,Unknown,Unknown EMS Scene Arrival Hour,Unknown EMS Scene Arrival Minutes,Unknown,Unknown EMS Hospital Arrival Time,1,Daylight,Clear,1,3,['Driver'],['None_Used'],0,0,Valid,2.0,4.0,41.0,25.0,"['Male', 'Female', 'Male']",0,0,4,4,5,Dry,Straight,Level,Medium,No
35710,51,Virginia,510541,0,1,1,0,1,NOT APPLICABLE,August,14,Monday,19,41,Rural,High Speed (Arterial),Yes,37.35807778,-76.73744167,Non-Intersection,Daylight,Not Reported,Unknown,Unknown,Unknown EMS Scene Arrival Hour,Unknown EMS Scene Arrival Minutes,Unknown,Unknown EMS Hospital Arrival Time,1,Daylight,Clear,1,0,['Driver'],['Shoulder_Lapbelt'],0,0,Valid,0.0,1.0,29.0,29.0,['Male'],1,0,2,4,3,Dry,Straight,Level,Lowest,No
35711,51,Virginia,510542,0,1,1,0,1,NOT APPLICABLE,August,26,Saturday,3,4,Rural,Medium Speed (Collector),No,37.63234722,-77.181875,Non-Intersection,Dark - Not Lighted,Not Reported,Unknown,Unknown if Notified,Unknown EMS Scene Arrival Hour,Unknown if Arrived,Not Applicable (Not Transported),Not Applicable (Not Transported),1,Dark - Unlighted,Clear,1,0,['Driver'],['None_Used'],1,1,Valid,1.0,1.0,24.0,24.0,['Male'],1,0,3,4,3,Dry,Straight,Level,Lowest,No
35712,51,Virginia,510543,0,3,3,0,4,NOT APPLICABLE,August,26,Saturday,1,3,Urban,Medium Speed (Collector),No,38.83579444,-77.59614167,Non-Intersection,Dark - Not Lighted,Not Reported,Unknown,Unknown,Unknown EMS Scene Arrival Hour,Unknown EMS Scene Arrival Minutes,Unknown,Unknown EMS Hospital Arrival Time,1,Dark - Unlighted,Clear,1,3,['Driver'],['None_Used'],0,0,Valid,0.0,0.0,50.0,16.0,"['Male', 'Male', 'Female']",3,0,2,4,5,Dry,Curve,Grade/Hillcrest,Lowest,No
35713,51,Virginia,510544,0,2,2,0,3,NOT APPLICABLE,August,27,Sunday,14,58,Rural,Low Speed (Local),Yes,37.663875,-78.527975,Non-Intersection,Daylight,Not Reported,Unknown,Unknown,Unknown EMS Scene Arrival Hour,Unknown EMS Scene Arrival Minutes,Unknown,Unknown EMS Hospital Arrival Time,1,Daylight,Clear,1,2,['Driver'],['Shoulder_Lapbelt'],0,0,Valid,1.0,2.0,39.0,37.0,"['Male', 'Male']",0,0,3,4,5,Wet/Standing Water,Curve,Level,Lowest,No