,State_Code,State_Name,Crash_ID,Count_Non_Motorists,Count_Vehicles_Total,Count_Vehicle_Forms,Count_PVH_Involved,Count_Occupants_MV,City_Name,Month_Name,Day_of_Month,Day_of_Week,Crash_Hour,Crash_Minute,Area_Rural_Urban,Road_Functional_Class,On_NHS_Road,Latitude,Longitude,Intersection_Type,Light_Condition,Weather_Condition,Notif_Hour,Notif_Minute,Arrival_Hour,Arrival_Minute,Hospital_Hour,Hospital_Minute,Fatalities_Count,Clean_Light_Condition,Clean_Weather_Condition,Total_Killed,Total_Alive,Fatal_Seats_List,Killed_Restraint_List,Any_Driver_Drinking,Total_Drinking_Drivers,Driver_License_Category,Driver_Max_Prev_Accident_Count,Driver_Max_Prev_Speeding_Count,Max_Driver_Age,Min_Driver_Age,Driver_Sex_List,Total_Exceeding_Limit_Vehicles,Total_Too_Fast_Vehicles,Max_Vehicle_Type_Severity_5,Max_Vehicle_Damage_Rank,Max_Harmful_Event_Severity,Crash_Road_Surface_Condition,Crash_Horizontal_Alignment,Crash_Vertical_Profile,Crash_Impairment_Category,Crash_Vehicle_Defect
35714,51,Virginia,510545,0,1,1,0,3,NOT APPLICABLE,August,27,Sunday,16,27,Rural,High Speed (Arterial),Yes,37.06326111,-78.47096389,Non-Intersection,Daylight,Not Reported,Unknown,Unknown,Unknown EMS Scene Arrival Hour,Unknown EMS Scene Arrival Minutes,Unknown,Unknown EMS Hospital Arrival Time,1,Daylight,Clear,1,2,['Rear_Seat'],['Shoulder_Lapbelt'],0,0,Valid,0.0,0.0,62.0,62.0,['Male'],0,0,2,4,3,Dry,Curve,Level,Medium,No
35715,51,Virginia,510546,0,1,1,0,4,NOT APPLICABLE,August,27,Sunday,20,0,Rural,Low Speed (Local),Yes,36.92006667,-79.83847778,Non-Intersection,Dark - Not Lighted,Not Reported,Unknown,Unknown,Unknown EMS Scene Arrival Hour,Unknown EMS Scene Arrival Minutes,Unknown,Unknown EMS Hospital Arrival Time,1,Dark - Unlighted,Clear,1,3,['Driver'],['None_Used'],0,0,Invalid,0.0,0.0,24.0,24.0,['Male'],0,0,3,4,2,Dry,Straight,Level,Medium,No
35716,51,Virginia,510547,0,2,2,0,2,NOT APPLICABLE,August,27,Sunday,16,55,Rural,Medium Speed (Collector),Yes,36.71109444,-82.79918056,Non-Intersection,Daylight,Not Reported,Unknown,Unknown if Notified,Unknown EMS Scene Arrival Hour,Unknown if Arrived,Not Applicable (Not Transported),Not Applicable (Not Transported),1,Daylight,Clear,1,1,['Driver'],['None_Used'],0,0,Invalid,0.0,0.0,56.0,25.0,"['Male', 'Male']",1,0,5,4,5,Dry,Straight,Level,Lowest,No
35717,51,Virginia,510548,0,2,2,0,2,CHESAPEAKE,August,25,Friday,0,44,Urban,High Speed (Arterial),Yes,36.79611667,-76.385175,Non-Intersection,Dark - Lighted,Not Reported,Unknown,Unknown,Unknown EMS Scene Arrival Hour,Unknown EMS Scene Arrival Minutes,Unknown,Unknown EMS Hospital Arrival Time,1,Dark - Lighted,Clear,1,1,['Driver'],['None_Used'],1,1,Valid,0.0,0.0,33.0,27.0,"['Male', 'Male']",0,0,2,4,5,Dry,Straight,Level,Lowest,No
35718,51,Virginia,510549,0,1,1,0,1,NOT APPLICABLE,August,28,Monday,16,9,Rural,Low Speed (Local),Yes,37.37770833,-76.867675,Non-Intersection,Daylight,Rain,Unknown,Unknown if Notified,Unknown EMS Scene Arrival Hour,Unknown if Arrived,Not Applicable (Not Transported),Not Applicable (Not Transported),1,Daylight,Rain/Wind/Minor,1,0,['Driver'],['None_Used'],1,1,Valid,0.0,0.0,30.0,30.0,['Male'],0,0,3,4,3,Wet/Standing Water,Straight,Level,Lowest,No
35719,51,Virginia,510550,0,2,2,0,7,NOT APPLICABLE,August,23,Wednesday,5,22,Rural,High Speed (Arterial),Yes,37.96790278,-78.61626389,Complex/Circle,Dark - Not Lighted,Not Reported,Unknown,Unknown,Unknown EMS Scene Arrival Hour,Unknown EMS Scene Arrival Minutes,Unknown,Unknown EMS Hospital Arrival Time,2,Dark - Unlighted,Clear,2,5,"['Rear_Seat', 'Rear_Seat']","['None_Used', 'None_Used']",0,0,Valid,0.0,2.0,53.0,30.0,"['Female', 'Male']",3,0,3,4,5,Dry,Straight,Level,Lowest,No
35720,51,Virginia,510551,0,2,2,0,2,NOT APPLICABLE,August,28,Monday,21,9,Urban,Medium Speed (Collector),No,37.37192222,-77.51022222,Non-Intersection,Dark - Not Lighted,Not Reported,Unknown,Unknown,Unknown EMS Scene Arrival Hour,Unknown EMS Scene Arrival Minutes,Unknown,Unknown EMS Hospital Arrival Time,1,Dark - Unlighted,Clear,1,1,['Driver'],['None_Used'],0,0,Valid,0.0,0.0,59.0,25.0,"['Male', 'Female']",0,0,3,4,5,Wet/Standing Water,Curve,Grade/Hillcrest,Lowest,No
35721,51,Virginia,510552,1,1,1,0,1,NOT APPLICABLE,August,29,Tuesday,14,15,Urban,High Speed (Arterial),Yes,36.85601944,-82.75575278,Non-Intersection,Daylight,Not Reported,Unknown,Unknown,Unknown EMS Scene Arrival Hour,Unknown EMS Scene Arrival Minutes,Unknown,Unknown EMS Hospital Arrival Time,1,Daylight,Clear,0,1,[],[],0,0,Valid,0.0,1.0,58.0,58.0,['Female'],0,0,3,1,4,Dry,Straight,Level,Lowest,No
35722,51,Virginia,510553,0,2,2,0,2,NOT APPLICABLE,August,30,Wednesday,18,30,Urban,Medium Speed (Collector),No,38.19410556,-77.48083333,Non-Intersection,Dusk,Not Reported,Unknown,Unknown if Notified,Unknown EMS Scene Arrival Hour,Unknown if Arrived,Not Applicable (Not Transported),Not Applicable (Not Transported),1,Twilight,Clear,1,1,['Driver'],['None_Used'],0,0,Valid,0.0,0.0,41.0,27.0,"['Male', 'Female']",1,0,5,4,5,Dry,Curve,Level,Lowest,No
35723,51,Virginia,510554,1,1,1,0,1,NOT APPLICABLE,August,30,Wednesday,21,3,Urban,Medium Speed (Collector),Yes,38.46712222,-78.83367778,Non-Intersection,Dark - Not Lighted,Not Reported,Unknown,Unknown if Notified,Unknown EMS Scene Arrival Hour,Unknown if Arrived,Not Applicable (Not Transported),Not Applicable (Not Transported),1,Dark - Unlighted,Clear,0,1,[],[],0,0,Valid,0.0,0.0,19.0,19.0,['Male'],0,0,2,4,4,Dry,Straight,Grade/Hillcrest,Lowest,No
35724,51,Virginia,510555,0,2,2,0,2,NOT APPLICABLE,August,30,Wednesday,19,1,Urban,Medium Speed (Collector),No,38.65094722,-77.32629444,Non-Intersection,Daylight,Not Reported,Unknown,Unknown,Unknown EMS Scene Arrival Hour,Unknown EMS Scene Arrival Minutes,Unknown,Unknown EMS Hospital Arrival Time,1,Daylight,Clear,1,1,['Driver'],['None_Used'],0,0,Invalid,0.0,2.0,23.0,18.0,"['Male', 'Male']",2,0,2,4,5,Dry,Curve,Level,Lowest,No
35725,51,Virginia,510556,0,2,2,0,2,ROANOKE,August,21,Monday,15,7,Urban,High Speed (Arterial),Yes,37.30671111,-79.88901389,Complex/Circle,Daylight,Not Reported,Unknown,Unknown,Unknown EMS Scene Arrival Hour,Unknown EMS Scene Arrival Minutes,Unknown,Unknown EMS Hospital Arrival Time,1,Daylight,Clear,1,1,['Driver'],['None_Used'],0,0,Valid,0.0,0.0,86.0,26.0,"['Male', 'Male']",0,0,2,0,5,Dry,Straight,Level,Lowest,No
35726,51,Virginia,510557,0,1,1,0,1,NOT APPLICABLE,August,31,Thursday,13,22,Urban,Medium Speed (Collector),No,38.75226389,-77.30769167,Non-Intersection,Daylight,Not Reported,Unknown,Unknown,Unknown EMS Scene Arrival Hour,Unknown EMS Scene Arrival Minutes,Unknown,Unknown EMS Hospital Arrival Time,1,Daylight,Clear,1,0,['Driver'],['None_Used'],0,0,Valid,0.0,5.0,22.0,22.0,['Male'],1,0,5,4,1,Dry,Straight,Grade/Hillcrest,Lowest,No
35727,51,Virginia,510558,0,1,1,0,1,COLONIAL HEIGHTS,August,18,Friday,20,56,Urban,High Speed (Arterial),Yes,37.26898333,-77.39481667,Non-Intersection,Dark - Not Lighted,Not Reported,Unknown,Unknown,Unknown EMS Scene Arrival Hour,Unknown EMS Scene Arrival Minutes,Unknown,Unknown EMS Hospital Arrival Time,1,Dark - Unlighted,Clear,1,0,['Driver'],['None_Used'],0,0,Valid,1.0,4.0,31.0,31.0,['Male'],1,0,5,4,3,Dry,Straight,Level,Lowest,No
35728,51,Virginia,510560,1,1,1,0,1,NORFOLK,August,16,Wednesday,20,23,Urban,High Speed (Arterial),No,36.88586389,-76.26034167,Non-Intersection,Dark - Lighted,Not Reported,Unknown,Unknown,Unknown EMS Scene Arrival Hour,Unknown EMS Scene Arrival Minutes,Unknown,Unknown EMS Hospital Arrival Time,1,Dark - Lighted,Clear,0,1,[],[],1,1,Valid,0.0,0.0,73.0,73.0,['Male'],0,0,3,1,4,Dry,Straight,Level,Lowest,No
35729,51,Virginia,510561,1,1,1,0,1,NEWPORT NEWS,August,30,Wednesday,21,3,Urban,High Speed (Arterial),No,37.113,-76.49981944,Non-Intersection,Dark - Lighted,Not Reported,Unknown,Unknown if Notified,Unknown EMS Scene Arrival Hour,Unknown if Arrived,Not Applicable (Not Transported),Not Applicable (Not Transported),1,Dark - Lighted,Clear,0,1,[],[],1,1,Valid,0.0,4.0,32.0,32.0,['Female'],0,0,3,4,4,Dry,Straight,Level,Lowest,No
35730,51,Virginia,510562,1,1,1,0,1,MANASSAS,August,12,Saturday,2,21,Urban,Medium Speed (Collector),No,38.77036389,-77.49545,Simple Junction,Dark - Lighted,Not Reported,Unknown,Unknown if Notified,Unknown EMS Scene Arrival Hour,Unknown if Arrived,Not Applicable (Not Transported),Not Applicable (Not Transported),1,Dark - Lighted,Clear,0,1,[],[],1,1,Valid,0.0,0.0,33.0,33.0,['Male'],1,0,2,1,4,Dry,Straight,Level,Lowest,No
35731,51,Virginia,510563,0,1,1,0,1,NOT APPLICABLE,August,11,Friday,21,44,Urban,High Speed (Arterial),Yes,38.89195556,-77.08103333,Simple Junction,Dark - Lighted,Not Reported,Unknown,Unknown if Notified,Unknown EMS Scene Arrival Hour,Unknown if Arrived,Not Applicable (Not Transported),Not Applicable (Not Transported),1,Dark - Lighted,Clear,1,0,['Driver'],['None_Used'],1,1,Invalid,0.0,0.0,44.0,44.0,['Male'],1,0,5,1,3,Dry,Curve,Grade/Hillcrest,Lowest,No
35732,51,Virginia,510564,1,2,2,0,2,PORTSMOUTH,August,3,Thursday,20,28,Urban,High Speed (Arterial),Yes,36.80722222,-76.31935,Non-Intersection,Dark - Lighted,Not Reported,Unknown,Unknown,Unknown EMS Scene Arrival Hour,Unknown EMS Scene Arrival Minutes,Unknown,Unknown EMS Hospital Arrival Time,1,Dark - Lighted,Clear,0,1,[],[],0,0,Valid,0.0,3.0,998.0,29.0,"['Male', 'Other']",0,0,3,1,4,Dry,Straight,Level,Lowest,No
35733,51,Virginia,510565,1,1,1,0,1,NOT APPLICABLE,August,4,Friday,22,37,Urban,High Speed (Arterial),No,37.58531944,-77.42986389,Non-Intersection,Dark - Not Lighted,Not Reported,Unknown,Unknown,Unknown EMS Scene Arrival Hour,Unknown EMS Scene Arrival Minutes,Unknown,Unknown EMS Hospital Arrival Time,1,Dark - Unlighted,Clear,0,1,[],[],0,0,Valid,0.0,0.0,26.0,26.0,['Male'],0,0,2,4,4,Dry,Straight,Level,Lowest,No
35734,51,Virginia,510566,1,1,1,0,1,NOT APPLICABLE,August,9,Wednesday,11,21,Rural,Low Speed (Local),No,37.42561944,-76.82467222,Non-Intersection,Daylight,Not Reported,Unknown,Unknown if Notified,Unknown EMS Scene Arrival Hour,Unknown if Arrived,Not Applicable (Not Transported),Not Applicable (Not Transported),1,Daylight,Clear,0,1,[],[],0,0,Valid,1.0,0.0,73.0,73.0,['Male'],0,0,4,1,4,Dry,Straight,Non-Trafficway,Lowest,No
35735,51,Virginia,510567,0,1,1,0,1,NOT APPLICABLE,August,11,Friday,20,0,Urban,Medium Speed (Collector),No,38.996475,-77.37656389,Non-Intersection,Dark - Not Lighted,Not Reported,Unknown,Unknown,Unknown EMS Scene Arrival Hour,Unknown EMS Scene Arrival Minutes,Unknown,Unknown EMS Hospital Arrival Time,1,Dark - Unlighted,Clear,1,0,['Driver'],['Shoulder_Lapbelt'],0,0,Valid,0.0,0.0,70.0,70.0,['Female'],0,0,2,0,3,Dry,Straight,Level,Lowest,No
35736,51,Virginia,510568,1,1,1,0,1,RICHMOND,August,12,Saturday,6,30,Urban,Low Speed (Local),No,37.545175,-77.41927222,Non-Intersection,Daylight,Not Reported,Unknown,Unknown,Unknown EMS Scene Arrival Hour,Unknown EMS Scene Arrival Minutes,Unknown,Unknown EMS Hospital Arrival Time,1,Daylight,Clear,0,1,[],[],0,0,Valid,0.0,2.0,35.0,35.0,['Female'],0,0,3,1,4,Dry,Straight,Level,Lowest,No
35737,51,Virginia,510570,1,2,1,1,1,NOT APPLICABLE,August,24,Thursday,4,15,Urban,High Speed (Arterial),Yes,37.643875,-77.45224722,Non-Intersection,Dark - Not Lighted,Not Reported,Unknown,Unknown,Unknown EMS Scene Arrival Hour,Unknown EMS Scene Arrival Minutes,Unknown,Unknown EMS Hospital Arrival Time,1,Dark - Unlighted,Clear,1,0,['Driver'],['Shoulder_Lapbelt'],0,0,Valid,1.0,0.0,37.0,37.0,['Male'],0,0,4,4,5,Dry,Straight,Level,Medium,No
35738,51,Virginia,510571,0,1,1,0,1,NOT APPLICABLE,August,25,Friday,13,5,Rural,Medium Speed (Collector),No,37.37196389,-78.04655,Non-Intersection,Daylight,Not Reported,Unknown,Unknown,Unknown EMS Scene Arrival Hour,Unknown EMS Scene Arrival Minutes,Unknown,Unknown EMS Hospital Arrival Time,1,Daylight,Clear,1,0,['Driver'],['Shoulder_Lapbelt'],0,0,Valid,0.0,0.0,83.0,83.0,['Male'],0,0,3,4,3,Dry,Curve,Level,Lowest,No
35739,51,Virginia,510572,0,1,1,0,2,NOT APPLICABLE,August,30,Wednesday,19,42,Rural,High Speed (Arterial),Yes,37.79343611,-77.45925833,Non-Intersection,Dusk,Not Reported,Unknown,Unknown,Unknown EMS Scene Arrival Hour,Unknown EMS Scene Arrival Minutes,Unknown,Unknown EMS Hospital Arrival Time,1,Twilight,Clear,1,1,['Rear_Seat'],['None_Used'],1,1,Valid,0.0,0.0,72.0,72.0,['Male'],2,0,5,4,2,Dry,Straight,Level,Lowest,Yes
35740,51,Virginia,510573,0,1,1,0,2,NOT APPLICABLE,August,16,Wednesday,8,10,Rural,Medium Speed (Collector),No,38.87060556,-77.51483611,Non-Intersection,Daylight,Not Reported,Unknown,Unknown,Unknown EMS Scene Arrival Hour,Unknown EMS Scene Arrival Minutes,Unknown,Unknown EMS Hospital Arrival Time,1,Daylight,Clear,1,1,['Driver'],['Shoulder_Lapbelt'],1,1,Invalid,0.0,0.0,22.0,22.0,['Male'],2,0,2,4,3,Dry,Straight,Level,Lowest,No
35741,51,Virginia,510574,1,1,1,0,1,CHESAPEAKE,August,7,Monday,0,10,Urban,Medium Speed (Collector),No,36.71433056,-76.18970833,Non-Intersection,Dark - Lighted,Not Reported,Unknown,Unknown,Unknown EMS Scene Arrival Hour,Unknown EMS Scene Arrival Minutes,Unknown,Unknown EMS Hospital Arrival Time,1,Dark - Lighted,Clear,0,1,[],[],0,0,Valid,0.0,1.0,52.0,52.0,['Male'],0,0,2,1,4,Dry,Straight,Level,Lowest,No
35742,51,Virginia,510575,0,1,1,0,2,HAMPTON,October,2,Monday,16,42,Rural,Low Speed (Local),No,37.05280278,-76.30929444,Non-Intersection,Daylight,Not Reported,Unknown,Unknown,Unknown EMS Scene Arrival Hour,Unknown EMS Scene Arrival Minutes,Unknown,Unknown EMS Hospital Arrival Time,1,Daylight,Clear,1,1,['Non_Standard_Risk'],['None_Used'],0,0,Invalid,0.0,0.0,18.0,18.0,['Female'],2,0,3,1,1,Dry,Straight,Level,Lowest,No
35743,51,Virginia,510576,0,1,1,0,3,NOT APPLICABLE,August,2,Wednesday,0,22,Rural,Medium Speed (Collector),No,38.91469444,-77.92196111,Non-Intersection,Dark - Not Lighted,Not Reported,Unknown,Unknown,Unknown EMS Scene Arrival Hour,Unknown EMS Scene Arrival Minutes,Unknown,Unknown EMS Hospital Arrival Time,1,Dark - Unlighted,Clear,1,2,['Front_Passenger'],['None_Used'],0,0,Invalid,0.0,0.0,19.0,19.0,['Male'],3,0,2,4,4,Dry,Straight,Grade/Hillcrest,Lowest,No
35744,51,Virginia,510577,1,1,1,0,1,NORFOLK,August,4,Friday,21,13,Urban,Medium Speed (Collector),No,36.87711667,-76.26136389,Non-Intersection,Dark - Not Lighted,Rain,Unknown,Unknown,Unknown EMS Scene Arrival Hour,Unknown EMS Scene Arrival Minutes,Unknown,Unknown EMS Hospital Arrival Time,1,Dark - Unlighted,Rain/Wind/Minor,0,1,[],[],0,0,Valid,0.0,0.0,20.0,20.0,['Female'],0,0,2,1,4,Wet/Standing Water,Straight,Level,Lowest,No
35745,51,Virginia,510578,1,1,1,0,1,NOT APPLICABLE,August,11,Friday,6,3,Urban,Medium Speed (Collector),No,38.91991944,-77.15494722,Complex/Circle,Dark - Lighted,Not Reported,Unknown,Unknown,Unknown EMS Scene Arrival Hour,Unknown EMS Scene Arrival Minutes,Unknown,Unknown EMS Hospital Arrival Time,1,Dark - Lighted,Clear,0,1,[],[],0,0,Valid,0.0,0.0,80.0,80.0,['Male'],0,0,3,1,4,Dry,Straight,Level,Lowest,No
35746,51,Virginia,510579,0,1,1,0,1,SUFFOLK,May,3,Wednesday,12,30,Urban,High Speed (Arterial),Yes,36.73974167,-76.56066944,Non-Intersection,Daylight,Not Reported,Unknown,Unknown,Unknown EMS Scene Arrival Hour,Unknown EMS Scene Arrival Minutes,Unknown,Unknown EMS Hospital Arrival Time,1,Daylight,Clear,1,0,['Driver'],['Shoulder_Lapbelt'],0,0,Valid,0.0,0.0,69.0,69.0,['Male'],0,0,3,4,3,Dry,Straight,Level,Lowest,No
35747,51,Virginia,510580,0,1,1,0,2,NOT APPLICABLE,May,17,Wednesday,20,21,Urban,High Speed (Arterial),Yes,38.93495556,-77.24183056,Non-Intersection,Dark - Not Lighted,Not Reported,Unknown,Unknown,Unknown EMS Scene Arrival Hour,Unknown EMS Scene Arrival Minutes,Unknown,Unknown EMS Hospital Arrival Time,1,Dark - Unlighted,Clear,1,1,['Driver'],['Shoulder_Lapbelt'],0,0,Valid,0.0,0.0,47.0,47.0,['Male'],0,0,3,4,1,Dry,Straight,Level,Lowest,No
35748,51,Virginia,510582,0,1,1,0,3,NOT APPLICABLE,August,18,Friday,2,9,Urban,Low Speed (Local),No,37.33604444,-77.42397778,Non-Intersection,Dark - Not Lighted,Not Reported,Unknown,Unknown,Unknown EMS Scene Arrival Hour,Unknown EMS Scene Arrival Minutes,Unknown,Unknown EMS Hospital Arrival Time,1,Dark - Unlighted,Clear,1,2,['Front_Passenger'],['Shoulder_Lapbelt'],0,0,Valid,0.0,0.0,18.0,18.0,['Male'],3,0,2,4,3,Dry,Curve,Grade/Hillcrest,Lowest,No
35749,51,Virginia,510583,0,2,2,0,2,NOT APPLICABLE,July,28,Friday,16,7,Urban,Medium Speed (Collector),No,38.44166111,-78.02208333,Simple Junction,Daylight,Not Reported,Unknown,Unknown,Unknown EMS Scene Arrival Hour,Unknown EMS Scene Arrival Minutes,Unknown,Unknown EMS Hospital Arrival Time,1,Daylight,Clear,1,1,['Driver'],['Shoulder_Lapbelt'],0,0,Valid,0.0,0.0,94.0,38.0,"['Male', 'Male']",0,0,3,4,5,Dry,Straight,Grade/Hillcrest,Lowest,No
35750,51,Virginia,510584,1,1,1,0,1,RICHMOND,August,5,Saturday,7,33,Urban,Medium Speed (Collector),No,37.54976944,-77.45961667,Complex/Circle,Daylight,Not Reported,Unknown,Unknown,Unknown EMS Scene Arrival Hour,Unknown EMS Scene Arrival Minutes,Unknown,Unknown EMS Hospital Arrival Time,1,Daylight,Clear,0,1,[],[],0,0,Valid,0.0,0.0,35.0,35.0,['Female'],0,0,3,1,4,Dry,Straight,Level,Lowest,No
35751,51,Virginia,510585,0,1,1,0,5,NOT APPLICABLE,September,1,Friday,12,55,Rural,High Speed (Arterial),Yes,37.85429722,-79.48107222,Non-Intersection,Daylight,Not Reported,Unknown,Unknown,Unknown EMS Scene Arrival Hour,Unknown EMS Scene Arrival Minutes,Unknown,Unknown EMS Hospital Arrival Time,1,Daylight,Clear,1,4,['Rear_Seat'],['None_Used'],0,0,Valid,0.0,0.0,59.0,59.0,['Male'],0,0,3,4,2,Dry,Straight,Level,Medium,No
35752,51,Virginia,510586,0,1,1,0,2,NOT APPLICABLE,September,1,Friday,21,40,Rural,Medium Speed (Collector),No,37.07904722,-79.33626389,Non-Intersection,Dark - Not Lighted,Not Reported,Unknown,Unknown if Notified,Unknown EMS Scene Arrival Hour,Unknown if Arrived,Not Applicable (Not Transported),Not Applicable (Not Transported),2,Dark - Unlighted,Clear,2,0,"['Driver', 'Rear_Seat']","['None_Used', 'None_Used']",1,1,Valid,0.0,0.0,38.0,38.0,['Male'],2,0,5,4,3,Dry,Curve,Level,Lowest,No
35753,51,Virginia,510587,0,1,1,0,1,VIRGINIA BEACH,September,2,Saturday,2,7,Urban,Medium Speed (Collector),No,36.83016389,-76.17326389,Non-Intersection,Dark - Lighted,Not Reported,Unknown,Unknown if Notified,Unknown EMS Scene Arrival Hour,Unknown if Arrived,Not Applicable (Not Transported),Not Applicable (Not Transported),1,Dark - Lighted,Clear,1,0,['Driver'],['None_Used'],1,1,Valid,0.0,0.0,35.0,35.0,['Male'],1,0,5,4,2,Dry,Straight,Level,Lowest,No
35754,51,Virginia,510588,0,1,1,0,1,BLACKSBURG,September,2,Saturday,3,30,Urban,Low Speed (Local),No,37.20538333,-80.41207778,Non-Intersection,Dark - Lighted,Not Reported,Unknown,Unknown if Notified,Unknown EMS Scene Arrival Hour,Unknown if Arrived,Not Applicable (Not Transported),Not Applicable (Not Transported),1,Dark - Lighted,Clear,1,0,['Driver'],['None_Used'],1,1,Valid,0.0,0.0,20.0,20.0,['Male'],0,0,2,4,3,Dry,Curve,Level,Lowest,No
35755,51,Virginia,510589,0,2,2,0,2,NOT APPLICABLE,September,3,Sunday,11,12,Urban,Medium Speed (Collector),No,37.630175,-77.2983,Complex/Circle,Daylight,Not Reported,Unknown,Unknown,Unknown EMS Scene Arrival Hour,Unknown EMS Scene Arrival Minutes,Unknown,Unknown EMS Hospital Arrival Time,1,Daylight,Clear,1,1,['Driver'],['None_Used'],0,0,Valid,0.0,0.0,72.0,39.0,"['Female', 'Male']",0,0,5,4,5,Dry,Curve,Level,Lowest,No
35756,51,Virginia,510590,0,2,2,0,3,NOT APPLICABLE,September,3,Sunday,13,22,Rural,High Speed (Arterial),Yes,36.631175,-82.31811111,Non-Intersection,Daylight,Not Reported,Unknown,Unknown,Unknown EMS Scene Arrival Hour,Unknown EMS Scene Arrival Minutes,Unknown,Unknown EMS Hospital Arrival Time,2,Daylight,Clear,2,1,"['Driver', 'Rear_Seat']","['None_Used', 'None_Used']",0,0,Valid,0.0,0.0,73.0,61.0,"['Female', 'Male']",0,0,5,4,5,Dry,Curve,Grade/Hillcrest,Lowest,No
35757,51,Virginia,510591,0,1,1,0,2,NOT APPLICABLE,September,3,Sunday,16,10,Rural,Medium Speed (Collector),No,37.42846667,-76.82986667,Non-Intersection,Daylight,Not Reported,Unknown,Unknown,Unknown EMS Scene Arrival Hour,Unknown EMS Scene Arrival Minutes,Unknown,Unknown EMS Hospital Arrival Time,1,Daylight,Clear,1,1,['Rear_Seat'],['Lapbelt_Only'],0,0,Valid,0.0,0.0,43.0,43.0,['Female'],0,0,3,1,3,Dry,Straight,Level,Lowest,No
35758,51,Virginia,510592,0,1,1,0,1,NOT APPLICABLE,September,3,Sunday,20,6,Rural,Medium Speed (Collector),No,36.85022222,-80.91815,Non-Intersection,Dusk,Not Reported,Unknown,Unknown,Unknown EMS Scene Arrival Hour,Unknown EMS Scene Arrival Minutes,Unknown,Unknown EMS Hospital Arrival Time,1,Twilight,Clear,1,0,['Driver'],['None_Used'],0,0,Invalid,2.0,0.0,18.0,18.0,['Male'],0,0,5,4,2,Dry,Curve,Grade/Hillcrest,Lowest,No
35759,51,Virginia,510593,0,2,2,0,2,NOT APPLICABLE,September,4,Monday,14,56,Rural,Medium Speed (Collector),No,38.03283333,-78.85296111,Non-Intersection,Daylight,Not Reported,Unknown,Unknown if Notified,Unknown EMS Scene Arrival Hour,Unknown if Arrived,Not Applicable (Not Transported),Not Applicable (Not Transported),1,Daylight,Clear,1,1,['Driver'],['None_Used'],0,0,Valid,0.0,3.0,72.0,40.0,"['Male', 'Male']",0,0,5,4,5,Dry,Straight,Grade/Hillcrest,Lowest,No
35760,51,Virginia,510594,0,2,2,0,6,NOT APPLICABLE,September,4,Monday,22,20,Rural,Medium Speed (Collector),No,37.29689167,-79.20961389,Complex/Circle,Dark - Not Lighted,Not Reported,Unknown,Unknown,Unknown EMS Scene Arrival Hour,Unknown EMS Scene Arrival Minutes,Unknown,Unknown EMS Hospital Arrival Time,2,Dark - Unlighted,Clear,2,4,"['Driver', 'Front_Passenger']","['None_Used', 'None_Used']",0,0,Valid,0.0,1.0,45.0,35.0,"['Female', 'Male']",4,0,3,4,5,Dry,Straight,Level,Lowest,No
35761,51,Virginia,510595,0,2,2,0,2,NOT APPLICABLE,September,6,Wednesday,8,57,Rural,Medium Speed (Collector),No,38.40834167,-78.01017778,Non-Intersection,Daylight,Not Reported,Unknown,Unknown,Unknown EMS Scene Arrival Hour,Unknown EMS Scene Arrival Minutes,Unknown,Unknown EMS Hospital Arrival Time,1,Daylight,Clear,1,1,['Driver'],['Shoulder_Lapbelt'],0,0,Valid,0.0,0.0,42.0,27.0,"['Male', 'Male']",0,0,4,4,5,Dry,Straight,Grade/Hillcrest,Lowest,Yes
35762,51,Virginia,510596,0,3,3,0,3,NOT APPLICABLE,September,6,Wednesday,17,30,Rural,Medium Speed (Collector),No,38.33334444,-77.12575833,Non-Intersection,Daylight,Not Reported,Unknown,Unknown if Notified,Unknown EMS Scene Arrival Hour,Unknown if Arrived,Not Applicable (Not Transported),Not Applicable (Not Transported),1,Daylight,Clear,1,2,['Driver'],['None_Used'],1,1,Valid,1.0,6.0,60.0,28.0,"['Male', 'Male', 'Female']",0,0,5,4,5,Dry,Straight,Level,Lowest,No
35763,51,Virginia,510597,0,2,2,0,2,NOT APPLICABLE,September,7,Thursday,19,21,Rural,Low Speed (Local),No,37.70711944,-75.69779444,Complex/Circle,Daylight,Not Reported,Unknown,Unknown if Notified,Unknown EMS Scene Arrival Hour,Unknown if Arrived,Not Applicable (Not Transported),Not Applicable (Not Transported),1,Daylight,Clear,1,1,['Driver'],['None_Used'],1,1,Valid,0.0,0.0,43.0,37.0,"['Male', 'Male']",0,0,4,4,5,Dry,Straight,Level,Lowest,No
35764,51,Virginia,510598,1,1,1,0,1,NOT APPLICABLE,September,8,Friday,10,37,Urban,High Speed (Arterial),Yes,38.93023889,-77.52063333,Non-Intersection,Daylight,Not Reported,Unknown,Unknown if Notified,Unknown EMS Scene Arrival Hour,Unknown if Arrived,Not Applicable (Not Transported),Not Applicable (Not Transported),1,Daylight,Clear,0,1,[],[],0,0,Valid,0.0,0.0,60.0,60.0,['Male'],0,0,4,1,4,Dry,Straight,Level,Lowest,No