,State_Code,State_Name,Crash_ID,Count_Non_Motorists,Count_Vehicles_Total,Count_Vehicle_Forms,Count_PVH_Involved,Count_Occupants_MV,City_Name,Month_Name,Day_of_Month,Day_of_Week,Crash_Hour,Crash_Minute,Area_Rural_Urban,Road_Functional_Class,On_NHS_Road,Latitude,Longitude,Intersection_Type,Light_Condition,Weather_Condition,Notif_Hour,Notif_Minute,Arrival_Hour,Arrival_Minute,Hospital_Hour,Hospital_Minute,Fatalities_Count,Clean_Light_Condition,Clean_Weather_Condition,Total_Killed,Total_Alive,Fatal_Seats_List,Killed_Restraint_List,Any_Driver_Drinking,Total_Drinking_Drivers,Driver_License_Category,Driver_Max_Prev_Accident_Count,Driver_Max_Prev_Speeding_Count,Max_Driver_Age,Min_Driver_Age,Driver_Sex_List,Total_Exceeding_Limit_Vehicles,Total_Too_Fast_Vehicles,Max_Vehicle_Type_Severity_5,Max_Vehicle_Damage_Rank,Max_Harmful_Event_Severity,Crash_Road_Surface_Condition,Crash_Horizontal_Alignment,Crash_Vertical_Profile,Crash_Impairment_Category,Crash_Vehicle_Defect
35765,51,Virginia,510599,0,1,1,0,2,NOT APPLICABLE,September,8,Friday,19,40,Rural,Medium Speed (Collector),No,37.39990556,-82.00739722,Non-Intersection,Dark - Not Lighted,Rain,Unknown,Unknown,Unknown EMS Scene Arrival Hour,Unknown EMS Scene Arrival Minutes,Unknown,Unknown EMS Hospital Arrival Time,1,Dark - Unlighted,Rain/Wind/Minor,1,1,['Driver'],['None_Used'],0,0,Valid,0.0,0.0,35.0,35.0,['Female'],2,0,3,4,3,Wet/Standing Water,Curve,Level,Lowest,No
35766,51,Virginia,510600,0,1,1,0,1,NOT APPLICABLE,September,8,Friday,19,34,Urban,Medium Speed (Collector),No,36.63022778,-79.88010833,Non-Intersection,Daylight,Not Reported,Unknown,Unknown if Notified,Unknown EMS Scene Arrival Hour,Unknown if Arrived,Not Applicable (Not Transported),Not Applicable (Not Transported),1,Daylight,Clear,1,0,['Driver'],['None_Used'],0,0,Valid,0.0,2.0,60.0,60.0,['Female'],0,0,3,4,3,Dry,Straight,Level,Lowest,No
35767,51,Virginia,510601,0,2,2,0,3,NOT APPLICABLE,September,8,Friday,14,45,Rural,High Speed (Arterial),Yes,37.63690278,-79.11784167,Non-Intersection,Daylight,Not Reported,Unknown,Unknown,Unknown EMS Scene Arrival Hour,Unknown EMS Scene Arrival Minutes,Unknown,Unknown EMS Hospital Arrival Time,1,Daylight,Clear,1,2,['Driver'],['None_Used'],0,0,Valid,0.0,1.0,64.0,22.0,"['Male', 'Male']",0,0,2,4,5,Dry,Curve,Level,Lowest,No
35768,51,Virginia,510602,1,1,1,0,1,VIRGINIA BEACH,September,8,Friday,0,24,Urban,Medium Speed (Collector),No,36.84278056,-76.01546944,Non-Intersection,Dark - Not Lighted,Not Reported,Unknown,Unknown,Unknown EMS Scene Arrival Hour,Unknown EMS Scene Arrival Minutes,Unknown,Unknown EMS Hospital Arrival Time,1,Dark - Unlighted,Clear,0,1,[],[],0,0,Invalid,0.0,0.0,62.0,62.0,['Male'],0,0,3,1,4,Dry,Curve,Level,Lowest,No
35769,51,Virginia,510603,0,2,2,0,3,SMITHFIELD,September,9,Saturday,10,45,Urban,Medium Speed (Collector),No,36.95862222,-76.60356111,Complex/Circle,Daylight,Not Reported,Unknown,Unknown,Unknown EMS Scene Arrival Hour,Unknown EMS Scene Arrival Minutes,Unknown,Unknown EMS Hospital Arrival Time,1,Daylight,Clear,1,2,['Front_Passenger'],['Shoulder_Lapbelt'],0,0,Valid,0.0,0.0,81.0,33.0,"['Male', 'Female']",1,0,3,4,5,Dry,Straight,Level,Lowest,No
35770,51,Virginia,510604,0,1,1,0,1,NOT APPLICABLE,September,9,Saturday,19,11,Rural,Medium Speed (Collector),No,37.28927222,-79.18583056,Non-Intersection,Dusk,Not Reported,Unknown,Unknown,Unknown EMS Scene Arrival Hour,Unknown EMS Scene Arrival Minutes,Unknown,Unknown EMS Hospital Arrival Time,1,Twilight,Clear,1,0,['Driver'],['None_Used'],1,1,Valid,0.0,0.0,66.0,66.0,['Male'],1,0,2,4,3,Dry,Curve,Grade/Hillcrest,Lowest,No
35771,51,Virginia,510605,0,5,5,0,6,NOT APPLICABLE,September,9,Saturday,22,9,Urban,High Speed (Arterial),Yes,37.27474167,-80.13952222,Non-Intersection,Dark - Not Lighted,Not Reported,Unknown,Unknown,Unknown EMS Scene Arrival Hour,Unknown EMS Scene Arrival Minutes,Unknown,Unknown EMS Hospital Arrival Time,1,Dark - Unlighted,Clear,1,5,['Driver'],['Shoulder_Lapbelt'],0,0,Valid,4.0,0.0,29.0,18.0,"['Male', 'Male', 'Male', 'Male', 'Male']",0,0,4,4,5,Dry,Straight,Level,Medium,No
35772,51,Virginia,510606,0,1,1,0,1,NOT APPLICABLE,September,11,Monday,4,30,Rural,High Speed (Arterial),Yes,38.658725,-78.22743889,Non-Intersection,Dark - Not Lighted,Not Reported,Unknown,Unknown if Notified,Unknown EMS Scene Arrival Hour,Unknown if Arrived,Not Applicable (Not Transported),Not Applicable (Not Transported),1,Dark - Unlighted,Clear,1,0,['Driver'],['None_Used'],0,0,Invalid,0.0,0.0,35.0,35.0,['Male'],0,0,2,4,3,Wet/Standing Water,Curve,Level,Lowest,No
35773,51,Virginia,510607,0,2,2,0,2,NOT APPLICABLE,September,11,Monday,13,54,Rural,Medium Speed (Collector),No,37.17960278,-78.70068333,Non-Intersection,Daylight,Not Reported,Unknown,Unknown,Unknown EMS Scene Arrival Hour,Unknown EMS Scene Arrival Minutes,Unknown,Unknown EMS Hospital Arrival Time,1,Daylight,Clear,1,1,['Driver'],['None_Used'],0,0,Valid,0.0,0.0,70.0,18.0,"['Male', 'Male']",0,0,5,4,5,Dry,Curve,Grade/Hillcrest,Lowest,No
35774,51,Virginia,510608,0,2,2,0,2,ALEXANDRIA,September,12,Tuesday,0,30,Urban,High Speed (Arterial),Yes,38.801825,-77.11179167,Non-Intersection,Dark - Lighted,Not Reported,Unknown,Unknown,Unknown EMS Scene Arrival Hour,Unknown EMS Scene Arrival Minutes,Unknown,Unknown EMS Hospital Arrival Time,1,Dark - Lighted,Clear,1,1,['Driver'],['None_Used'],0,0,Valid,0.0,2.0,51.0,36.0,"['Male', 'Male']",0,0,4,4,5,Dry,Straight,Level,Lowest,Yes
35775,51,Virginia,510609,0,1,1,0,1,NOT APPLICABLE,September,12,Tuesday,18,55,Rural,Low Speed (Local),No,37.38741667,-81.97937222,Non-Intersection,Daylight,Not Reported,Unknown,Unknown if Notified,Unknown EMS Scene Arrival Hour,Unknown if Arrived,Not Applicable (Not Transported),Not Applicable (Not Transported),1,Daylight,Clear,1,0,['Driver'],['None_Used'],0,0,Valid,0.0,0.0,71.0,71.0,['Male'],1,0,5,4,2,Dry,Curve,Grade/Hillcrest,Lowest,No
35776,51,Virginia,510610,0,1,1,0,1,RICHMOND,September,7,Thursday,13,41,Rural,Low Speed (Local),No,37.56233056,-77.47708333,Non-Intersection,Daylight,Not Reported,Unknown,Unknown,Unknown EMS Scene Arrival Hour,Unknown EMS Scene Arrival Minutes,Unknown,Unknown EMS Hospital Arrival Time,1,Daylight,Clear,1,0,['Driver'],['None_Used'],0,0,Valid,0.0,0.0,89.0,89.0,['Male'],1,0,3,4,3,Dry,Straight,Non-Trafficway,Lowest,No
35777,51,Virginia,510611,0,1,1,0,2,NOT APPLICABLE,September,12,Tuesday,21,30,Rural,Medium Speed (Collector),No,38.29553056,-79.79325556,Non-Intersection,Dark - Lighted,Not Reported,Unknown,Unknown,Unknown EMS Scene Arrival Hour,Unknown EMS Scene Arrival Minutes,Unknown,Unknown EMS Hospital Arrival Time,1,Dark - Lighted,Clear,1,1,['Driver'],['Shoulder_Lapbelt'],0,0,Valid,0.0,0.0,75.0,75.0,['Male'],2,0,3,4,3,Dry,Curve,Grade/Hillcrest,Lowest,No
35778,51,Virginia,510612,1,1,1,0,1,NOT APPLICABLE,September,11,Monday,22,50,Urban,High Speed (Arterial),Yes,37.65214722,-77.61588056,Complex/Circle,Dark - Not Lighted,Not Reported,Unknown,Unknown if Notified,Unknown EMS Scene Arrival Hour,Unknown if Arrived,Not Applicable (Not Transported),Not Applicable (Not Transported),1,Dark - Unlighted,Clear,0,0,[],[],0,0,Invalid,0.0,0.0,998.0,998.0,['Other'],0,0,2,0,4,Dry,Straight,Level,Lowest,Yes
35779,51,Virginia,510613,0,1,1,0,1,NOT APPLICABLE,September,15,Friday,6,17,Urban,High Speed (Arterial),Yes,37.62550833,-77.36809167,Non-Intersection,Dawn,Not Reported,Unknown,Unknown if Notified,Unknown EMS Scene Arrival Hour,Unknown if Arrived,Not Applicable (Not Transported),Not Applicable (Not Transported),1,Twilight,Clear,1,0,['Driver'],['None_Used'],0,0,Valid,0.0,0.0,32.0,32.0,['Male'],0,0,1,4,3,Dry,Straight,Level,Lowest,No
35780,51,Virginia,510614,0,1,1,0,1,HAMPTON,September,16,Saturday,16,38,Urban,Medium Speed (Collector),No,37.03409167,-76.40643056,Non-Intersection,Daylight,Not Reported,Unknown,Unknown,Unknown EMS Scene Arrival Hour,Unknown EMS Scene Arrival Minutes,Unknown,Unknown EMS Hospital Arrival Time,1,Daylight,Clear,1,0,['Driver'],['None_Used'],0,0,Valid,1.0,0.0,62.0,62.0,['Male'],0,0,5,4,3,Dry,Curve,Grade/Hillcrest,Lowest,No
35781,51,Virginia,510615,0,1,1,0,2,NOT APPLICABLE,September,16,Saturday,14,52,Rural,High Speed (Arterial),Yes,37.74488889,-77.45509722,Non-Intersection,Daylight,Not Reported,Unknown,Unknown,Unknown EMS Scene Arrival Hour,Unknown EMS Scene Arrival Minutes,Unknown,Unknown EMS Hospital Arrival Time,1,Daylight,Clear,1,1,['Front_Passenger'],['None_Used'],0,0,Valid,0.0,3.0,30.0,30.0,['Female'],0,0,2,4,3,Dry,Straight,Level,Lowest,No
35782,51,Virginia,510616,0,1,1,0,2,STAUNTON,September,16,Saturday,22,24,Urban,High Speed (Arterial),Yes,38.16206667,-79.08493056,Non-Intersection,Dark - Lighted,Not Reported,Unknown,Unknown if Notified,Unknown EMS Scene Arrival Hour,Unknown if Arrived,Not Applicable (Not Transported),Not Applicable (Not Transported),1,Dark - Lighted,Clear,1,0,['Driver'],['None_Used'],0,0,Valid,0.0,0.0,20.0,20.0,['Male'],0,0,3,4,3,Dry,Straight,Level,Lowest,No
35783,51,Virginia,510617,0,2,2,0,5,SUFFOLK,September,17,Sunday,2,16,Rural,High Speed (Arterial),Yes,36.758875,-76.50059167,Non-Intersection,Dark - Not Lighted,Not Reported,Unknown,Unknown,Unknown EMS Scene Arrival Hour,Unknown EMS Scene Arrival Minutes,Unknown,Unknown EMS Hospital Arrival Time,2,Dark - Unlighted,Clear,2,3,"['Driver', 'Driver']","['None_Used', 'Shoulder_Lapbelt']",1,2,Valid,1.0,1.0,32.0,31.0,"['Male', 'Male']",0,0,2,4,5,Dry,Straight,Level,Lowest,No
35784,51,Virginia,510618,0,1,1,0,1,NOT APPLICABLE,September,18,Monday,1,10,Rural,High Speed (Arterial),Yes,37.95164722,-78.13577222,Non-Intersection,Dark - Not Lighted,Not Reported,Unknown,Unknown,Unknown EMS Scene Arrival Hour,Unknown EMS Scene Arrival Minutes,Unknown,Unknown EMS Hospital Arrival Time,1,Dark - Unlighted,Clear,1,0,['Driver'],['None_Used'],1,1,Valid,0.0,3.0,29.0,29.0,['Male'],1,0,3,4,2,Wet/Standing Water,Straight,Level,Lowest,No
35785,51,Virginia,510619,0,2,2,0,2,NOT APPLICABLE,September,17,Sunday,21,20,Rural,High Speed (Arterial),Yes,36.67144722,-78.25599722,Non-Intersection,Dark - Not Lighted,Not Reported,Unknown,Unknown,Unknown EMS Scene Arrival Hour,Unknown EMS Scene Arrival Minutes,Unknown,Unknown EMS Hospital Arrival Time,1,Dark - Unlighted,Clear,1,1,['Driver'],['Shoulder_Lapbelt'],1,1,Valid,0.0,0.0,67.0,54.0,"['Male', 'Male']",0,0,3,1,5,Wet/Standing Water,Straight,Level,Lowest,No
35786,51,Virginia,510620,0,2,2,0,4,NOT APPLICABLE,September,18,Monday,8,50,Rural,Medium Speed (Collector),Yes,36.85278889,-79.00158056,Complex/Circle,Daylight,Not Reported,Unknown,Unknown,Unknown EMS Scene Arrival Hour,Unknown EMS Scene Arrival Minutes,Unknown,Unknown EMS Hospital Arrival Time,2,Daylight,Clear,2,2,"['Driver', 'Rear_Seat']","['Shoulder_Lapbelt', 'None_Used']",0,0,Valid,0.0,0.0,75.0,18.0,"['Female', 'Female']",0,0,2,4,5,Dry,Straight,Level,Lowest,No
35787,51,Virginia,510621,0,2,2,0,2,VIRGINIA BEACH,September,18,Monday,9,46,Urban,Medium Speed (Collector),No,36.80206389,-76.11206111,Complex/Circle,Daylight,Rain,Unknown,Unknown if Notified,Unknown EMS Scene Arrival Hour,Unknown if Arrived,Not Applicable (Not Transported),Not Applicable (Not Transported),1,Daylight,Rain/Wind/Minor,1,1,['Driver'],['None_Used'],1,1,Valid,0.0,0.0,34.0,29.0,"['Male', 'Female']",1,0,5,4,5,Wet/Standing Water,Straight,Level,Lowest,No
35788,51,Virginia,510622,0,2,2,0,2,PORTSMOUTH,September,7,Thursday,21,14,Urban,High Speed (Arterial),Yes,36.83828611,-76.32898056,Non-Intersection,Dark - Lighted,Not Reported,Unknown,Unknown,Unknown EMS Scene Arrival Hour,Unknown EMS Scene Arrival Minutes,Unknown,Unknown EMS Hospital Arrival Time,1,Dark - Lighted,Clear,1,1,['Driver'],['None_Used'],0,0,Valid,0.0,0.0,46.0,34.0,"['Male', 'Male']",2,0,5,1,5,Dry,Straight,Grade/Hillcrest,Lowest,No
35789,51,Virginia,510623,0,1,1,0,1,RICHMOND,September,18,Monday,3,56,Urban,High Speed (Arterial),Yes,37.58969167,-77.46975,Non-Intersection,Dark - Lighted,Rain,Unknown,Unknown,Unknown EMS Scene Arrival Hour,Unknown EMS Scene Arrival Minutes,Unknown,Unknown EMS Hospital Arrival Time,1,Dark - Lighted,Rain/Wind/Minor,1,0,['Driver'],['None_Used'],0,0,Valid,1.0,0.0,61.0,61.0,['Male'],0,0,2,4,3,Wet/Standing Water,Curve,Level,Lowest,No
35790,51,Virginia,510624,0,1,1,0,1,DANVILLE,September,9,Saturday,16,45,Urban,High Speed (Arterial),Yes,36.57324722,-79.43542778,Non-Intersection,Daylight,Not Reported,Unknown,Unknown,Unknown EMS Scene Arrival Hour,Unknown EMS Scene Arrival Minutes,Unknown,Unknown EMS Hospital Arrival Time,1,Daylight,Clear,1,0,['Driver'],['None_Used'],0,0,Invalid,1.0,0.0,36.0,36.0,['Male'],1,0,5,4,2,Dry,Straight,Grade/Hillcrest,Lowest,No
35791,51,Virginia,510625,0,1,1,0,1,NOT APPLICABLE,September,19,Tuesday,17,20,Rural,Medium Speed (Collector),No,38.06405556,-76.56404444,Non-Intersection,Daylight,Not Reported,Unknown,Unknown if Notified,Unknown EMS Scene Arrival Hour,Unknown if Arrived,Not Applicable (Not Transported),Not Applicable (Not Transported),1,Daylight,Clear,1,0,['Driver'],['None_Used'],1,1,Valid,0.0,0.0,31.0,31.0,['Male'],0,0,3,4,3,Dry,Curve,Level,Lowest,No
35792,51,Virginia,510626,0,2,1,1,3,NOT APPLICABLE,September,19,Tuesday,17,57,Urban,Medium Speed (Collector),No,37.63940556,-77.52884722,Non-Intersection,Daylight,Not Reported,Unknown,Unknown,Unknown EMS Scene Arrival Hour,Unknown EMS Scene Arrival Minutes,Unknown,Unknown EMS Hospital Arrival Time,1,Daylight,Clear,1,2,['Front_Passenger'],['None_Used'],0,0,Invalid,0.0,0.0,14.0,14.0,['Male'],3,0,2,4,3,Dry,Curve,Grade/Hillcrest,Lowest,No
35793,51,Virginia,510627,0,1,1,0,1,NOT APPLICABLE,September,20,Wednesday,7,57,Rural,Medium Speed (Collector),No,37.69886389,-77.10486111,Non-Intersection,Daylight,Not Reported,Unknown,Unknown if Notified,Unknown EMS Scene Arrival Hour,Unknown if Arrived,Not Applicable (Not Transported),Not Applicable (Not Transported),1,Daylight,Clear,1,0,['Driver'],['Shoulder_Lapbelt'],0,0,Valid,0.0,0.0,53.0,53.0,['Male'],0,0,4,4,2,Dry,Curve,Grade/Hillcrest,Lowest,No
35794,51,Virginia,510628,0,3,3,0,3,SMITHFIELD,September,15,Friday,18,10,Rural,Medium Speed (Collector),No,36.96533056,-76.61328889,Non-Intersection,Daylight,Not Reported,Unknown,Unknown,Unknown EMS Scene Arrival Hour,Unknown EMS Scene Arrival Minutes,Unknown,Unknown EMS Hospital Arrival Time,1,Daylight,Clear,1,2,['Driver'],['Shoulder_Lapbelt'],0,0,Invalid,0.0,0.0,61.0,24.0,"['Female', 'Male', 'Male']",0,0,3,4,5,Dry,Straight,Level,Lowest,No
35795,51,Virginia,510629,0,1,1,0,1,NOT APPLICABLE,September,20,Wednesday,20,45,Urban,Low Speed (Local),No,37.39803333,-77.45875,Non-Intersection,Dark - Not Lighted,Not Reported,Unknown,Unknown,Unknown EMS Scene Arrival Hour,Unknown EMS Scene Arrival Minutes,Unknown,Unknown EMS Hospital Arrival Time,1,Dark - Unlighted,Clear,1,0,['Driver'],['Lapbelt_Only'],1,1,Valid,1.0,1.0,35.0,35.0,['Female'],1,0,2,4,3,Dry,Curve,Level,Lowest,No
35796,51,Virginia,510630,0,1,1,0,1,NOT APPLICABLE,September,21,Thursday,16,55,Rural,Medium Speed (Collector),No,36.81414444,-83.05058056,Non-Intersection,Daylight,Not Reported,Unknown,Unknown if Notified,Unknown EMS Scene Arrival Hour,Unknown if Arrived,Not Applicable (Not Transported),Not Applicable (Not Transported),1,Daylight,Clear,1,0,['Driver'],['None_Used'],0,0,Valid,0.0,0.0,45.0,45.0,['Female'],1,0,2,4,3,Dry,Curve,Level,Lowest,No
35797,51,Virginia,510631,0,2,2,0,2,NOT APPLICABLE,September,22,Friday,7,54,Rural,Medium Speed (Collector),No,38.26011111,-77.675475,Non-Intersection,Daylight,Not Reported,Unknown,Unknown,Unknown EMS Scene Arrival Hour,Unknown EMS Scene Arrival Minutes,Unknown,Unknown EMS Hospital Arrival Time,1,Daylight,Clear,1,1,['Driver'],['None_Used'],0,0,Valid,0.0,0.0,70.0,36.0,"['Female', 'Female']",0,0,3,4,5,Dry,Curve,Level,Lowest,No
35798,51,Virginia,510632,0,1,1,0,3,RICHMOND,September,22,Friday,14,52,Urban,High Speed (Arterial),Yes,37.49841389,-77.479675,Non-Intersection,Daylight,Not Reported,Unknown,Unknown,Unknown EMS Scene Arrival Hour,Unknown EMS Scene Arrival Minutes,Unknown,Unknown EMS Hospital Arrival Time,1,Daylight,Clear,1,2,['Driver'],['None_Used'],0,0,Invalid,0.0,1.0,17.0,17.0,['Male'],3,0,2,4,3,Dry,Straight,Grade/Hillcrest,Lowest,No
35799,51,Virginia,510633,0,1,1,0,2,VIRGINIA BEACH,September,23,Saturday,2,12,Urban,Medium Speed (Collector),No,36.77596389,-76.12230278,Non-Intersection,Dark - Lighted,Rain,Unknown,Unknown,Unknown EMS Scene Arrival Hour,Unknown EMS Scene Arrival Minutes,Unknown,Unknown EMS Hospital Arrival Time,1,Dark - Lighted,Rain/Wind/Minor,1,1,['Driver'],['None_Used'],1,1,Valid,1.0,1.0,53.0,53.0,['Male'],2,0,3,4,3,Wet/Standing Water,Curve,Level,Lowest,No
35800,51,Virginia,510634,0,1,1,0,1,NOT APPLICABLE,September,23,Saturday,2,0,Urban,Medium Speed (Collector),No,37.35258333,-79.91675278,Non-Intersection,Dark - Not Lighted,Not Reported,Unknown,Unknown if Notified,Unknown EMS Scene Arrival Hour,Unknown if Arrived,Not Applicable (Not Transported),Not Applicable (Not Transported),1,Dark - Unlighted,Clear,1,0,['Driver'],['None_Used'],0,0,Valid,0.0,0.0,18.0,18.0,['Male'],0,0,5,4,2,Dry,Curve,Grade/Hillcrest,Lowest,No
35801,51,Virginia,510635,0,2,2,0,2,NOT APPLICABLE,September,23,Saturday,0,47,Rural,High Speed (Arterial),Yes,38.34827778,-78.52562222,Non-Intersection,Dark - Not Lighted,Rain,Unknown,Unknown if Notified,Unknown EMS Scene Arrival Hour,Unknown if Arrived,Not Applicable (Not Transported),Not Applicable (Not Transported),1,Dark - Unlighted,Rain/Wind/Minor,1,1,['Driver'],['Shoulder_Lapbelt'],1,1,Valid,0.0,0.0,30.0,28.0,"['Female', 'Male']",0,0,3,4,5,Wet/Standing Water,Curve,Grade/Hillcrest,Lowest,No
35802,51,Virginia,510636,0,3,3,0,4,LYNCHBURG,September,24,Sunday,14,24,Urban,Medium Speed (Collector),No,37.34248611,-79.20691111,Simple Junction,Daylight,Not Reported,Unknown,Unknown,Unknown EMS Scene Arrival Hour,Unknown EMS Scene Arrival Minutes,Unknown,Unknown EMS Hospital Arrival Time,1,Daylight,Clear,1,3,['Driver'],['Shoulder_Lapbelt'],0,0,Valid,1.0,0.0,86.0,17.0,"['Female', 'Male', 'Male']",0,0,3,4,5,Dry,Straight,Grade/Hillcrest,Lowest,No
35803,51,Virginia,510637,1,1,1,0,1,NOT APPLICABLE,September,24,Sunday,21,14,Urban,High Speed (Arterial),Yes,38.85954722,-77.21958611,Non-Intersection,Dark - Not Lighted,Rain,Unknown,Unknown if Notified,Unknown EMS Scene Arrival Hour,Unknown if Arrived,Not Applicable (Not Transported),Not Applicable (Not Transported),1,Dark - Unlighted,Rain/Wind/Minor,0,1,[],[],0,0,Valid,1.0,0.0,46.0,46.0,['Male'],0,0,3,1,4,Wet/Standing Water,Straight,Level,Lowest,No
35804,51,Virginia,510638,0,4,4,0,4,NOT APPLICABLE,September,6,Wednesday,6,40,Rural,High Speed (Arterial),Yes,38.901125,-77.92557778,Non-Intersection,Daylight,Not Reported,Unknown,Unknown,Unknown EMS Scene Arrival Hour,Unknown EMS Scene Arrival Minutes,Unknown,Unknown EMS Hospital Arrival Time,1,Daylight,Clear,1,3,['Driver'],['Shoulder_Lapbelt'],0,0,Valid,0.0,3.0,62.0,27.0,"['Male', 'Male', 'Male', 'Male']",0,0,3,4,5,Dry,Straight,Level,Lowest,No
35805,51,Virginia,510639,0,1,1,0,1,NOT APPLICABLE,September,24,Sunday,20,34,Urban,Low Speed (Local),No,37.45248611,-79.12412778,Simple Junction,Dark - Not Lighted,Not Reported,Unknown,Unknown,Unknown EMS Scene Arrival Hour,Unknown EMS Scene Arrival Minutes,Unknown,Unknown EMS Hospital Arrival Time,1,Dark - Unlighted,Clear,1,0,['Driver'],['None_Used'],1,1,Invalid,0.0,1.0,22.0,22.0,['Male'],1,0,3,4,2,Dry,Straight,Level,Lowest,No
35806,51,Virginia,510640,0,1,1,0,2,NOT APPLICABLE,September,26,Tuesday,10,5,Rural,Medium Speed (Collector),No,36.81760278,-81.46928056,Non-Intersection,Daylight,Not Reported,Unknown,Unknown,Unknown EMS Scene Arrival Hour,Unknown EMS Scene Arrival Minutes,Unknown,Unknown EMS Hospital Arrival Time,1,Daylight,Clear,1,1,['Driver'],['None_Used'],0,0,Invalid,0.0,1.0,36.0,36.0,['Male'],2,0,3,4,3,Dry,Straight,Level,Lowest,Yes
35807,51,Virginia,510641,0,3,3,0,5,NOT APPLICABLE,September,26,Tuesday,22,50,Urban,High Speed (Arterial),Yes,37.55317222,-77.40189444,Non-Intersection,Dark - Not Lighted,Not Reported,Unknown,Unknown,Unknown EMS Scene Arrival Hour,Unknown EMS Scene Arrival Minutes,Unknown,Unknown EMS Hospital Arrival Time,1,Dark - Unlighted,Clear,1,4,['Driver'],['None_Used'],1,1,Valid,1.0,1.0,70.0,32.0,"['Female', 'Male', 'Male']",1,0,3,4,5,Dry,Curve,Level,Lowest,No
35808,51,Virginia,510642,0,3,2,1,2,NOT APPLICABLE,September,27,Wednesday,16,32,Urban,High Speed (Arterial),Yes,38.61156111,-77.30237222,Non-Intersection,Daylight,Not Reported,Unknown,Unknown if Notified,Unknown EMS Scene Arrival Hour,Unknown if Arrived,Not Applicable (Not Transported),Not Applicable (Not Transported),1,Daylight,Clear,1,1,['Driver'],['None_Used'],0,0,Valid,1.0,7.0,37.0,30.0,"['Male', 'Male']",1,0,5,4,5,Dry,Straight,Grade/Hillcrest,Lowest,No
35809,51,Virginia,510643,1,2,2,0,2,NOT APPLICABLE,September,28,Thursday,10,0,Rural,Medium Speed (Collector),No,37.17290556,-82.26586944,Non-Intersection,Daylight,Not Reported,Unknown,Unknown,Unknown EMS Scene Arrival Hour,Unknown EMS Scene Arrival Minutes,Unknown,Unknown EMS Hospital Arrival Time,1,Daylight,Clear,1,1,['Driver'],['None_Used'],0,0,Valid,0.0,0.0,72.0,59.0,"['Female', 'Male']",0,0,3,4,5,Dry,Straight,Grade/Hillcrest,Lowest,No
35810,51,Virginia,510644,0,2,2,0,2,CHESAPEAKE,September,28,Thursday,9,0,Rural,High Speed (Arterial),Yes,36.68863056,-76.34726667,Simple Junction,Daylight,Not Reported,Unknown,Unknown if Notified,Unknown EMS Scene Arrival Hour,Unknown if Arrived,Not Applicable (Not Transported),Not Applicable (Not Transported),1,Daylight,Clear,1,1,['Driver'],['None_Used'],0,0,Valid,1.0,3.0,55.0,43.0,"['Female', 'Female']",1,0,4,4,5,Dry,Straight,Level,Lowest,No
35811,51,Virginia,510645,0,3,3,0,3,VIRGINIA BEACH,September,29,Friday,16,14,Rural,High Speed (Arterial),Yes,36.91203889,-76.00679444,Non-Intersection,Daylight,Not Reported,Unknown,Unknown,Unknown EMS Scene Arrival Hour,Unknown EMS Scene Arrival Minutes,Unknown,Unknown EMS Hospital Arrival Time,1,Daylight,Clear,1,2,['Driver'],['None_Used'],1,1,Valid,1.0,2.0,56.0,23.0,"['Male', 'Female', 'Male']",2,0,3,4,5,Dry,Straight,Level,Lowest,No
35812,51,Virginia,510646,0,2,2,0,2,NOT APPLICABLE,September,14,Thursday,16,48,Rural,Low Speed (Local),No,38.36323611,-78.82570556,Non-Intersection,Daylight,Not Reported,Unknown,Unknown,Unknown EMS Scene Arrival Hour,Unknown EMS Scene Arrival Minutes,Unknown,Unknown EMS Hospital Arrival Time,1,Daylight,Clear,1,1,['Driver'],['Shoulder_Lapbelt'],0,0,Valid,0.0,1.0,89.0,25.0,"['Male', 'Male']",0,0,3,4,5,Dry,Curve,Grade/Hillcrest,Lowest,No
35813,51,Virginia,510647,0,1,1,0,1,NOT APPLICABLE,September,29,Friday,4,0,Urban,Medium Speed (Collector),No,37.48114722,-77.55463611,Non-Intersection,Dark - Not Lighted,Rain,Unknown,Unknown if Notified,Unknown EMS Scene Arrival Hour,Unknown if Arrived,Not Applicable (Not Transported),Not Applicable (Not Transported),1,Dark - Unlighted,Rain/Wind/Minor,1,0,['Driver'],['None_Used'],1,1,Valid,1.0,1.0,35.0,35.0,['Male'],1,0,2,4,3,Wet/Standing Water,Straight,Grade/Hillcrest,Lowest,No