,State_Code,State_Name,Crash_ID,Count_Non_Motorists,Count_Vehicles_Total,Count_Vehicle_Forms,Count_PVH_Involved,Count_Occupants_MV,City_Name,Month_Name,Day_of_Month,Day_of_Week,Crash_Hour,Crash_Minute,Area_Rural_Urban,Road_Functional_Class,On_NHS_Road,Latitude,Longitude,Intersection_Type,Light_Condition,Weather_Condition,Notif_Hour,Notif_Minute,Arrival_Hour,Arrival_Minute,Hospital_Hour,Hospital_Minute,Fatalities_Count,Clean_Light_Condition,Clean_Weather_Condition,Total_Killed,Total_Alive,Fatal_Seats_List,Killed_Restraint_List,Any_Driver_Drinking,Total_Drinking_Drivers,Driver_License_Category,Driver_Max_Prev_Accident_Count,Driver_Max_Prev_Speeding_Count,Max_Driver_Age,Min_Driver_Age,Driver_Sex_List,Total_Exceeding_Limit_Vehicles,Total_Too_Fast_Vehicles,Max_Vehicle_Type_Severity_5,Max_Vehicle_Damage_Rank,Max_Harmful_Event_Severity,Crash_Road_Surface_Condition,Crash_Horizontal_Alignment,Crash_Vertical_Profile,Crash_Impairment_Category,Crash_Vehicle_Defect
35814,51,Virginia,510648,0,2,2,0,2,NOT APPLICABLE,September,29,Friday,13,56,Rural,High Speed (Arterial),No,39.11483889,-77.86515833,Non-Intersection,Daylight,Not Reported,Unknown,Unknown,Unknown EMS Scene Arrival Hour,Unknown EMS Scene Arrival Minutes,Unknown,Unknown EMS Hospital Arrival Time,1,Daylight,Clear,1,1,['Driver'],['None_Used'],0,0,Valid,0.0,0.0,33.0,32.0,"['Male', 'Male']",0,0,5,1,5,Dry,Curve,Grade/Hillcrest,Lowest,No
35815,51,Virginia,510649,0,1,1,0,1,NOT APPLICABLE,September,30,Saturday,19,10,Rural,Medium Speed (Collector),No,38.64736667,-77.92319167,Non-Intersection,Dusk,Not Reported,Unknown,Unknown,Unknown EMS Scene Arrival Hour,Unknown EMS Scene Arrival Minutes,Unknown,Unknown EMS Hospital Arrival Time,1,Twilight,Clear,1,0,['Driver'],['None_Used'],1,1,Valid,1.0,0.0,64.0,64.0,['Male'],0,0,5,4,3,Dry,Curve,Grade/Hillcrest,Lowest,No
35816,51,Virginia,510650,0,3,3,0,3,NOT APPLICABLE,September,18,Monday,18,50,Urban,High Speed (Arterial),Yes,38.98860278,-77.43155,Non-Intersection,Daylight,Not Reported,Unknown,Unknown,Unknown EMS Scene Arrival Hour,Unknown EMS Scene Arrival Minutes,Unknown,Unknown EMS Hospital Arrival Time,1,Daylight,Clear,1,2,['Driver'],['Shoulder_Lapbelt'],0,0,Valid,0.0,0.0,33.0,18.0,"['Male', 'Male', 'Male']",1,0,4,4,5,Dry,Straight,Level,Lowest,No
35817,51,Virginia,510651,0,3,3,0,3,NOT APPLICABLE,September,8,Friday,10,28,Urban,High Speed (Arterial),No,38.73813333,-77.18933889,Simple Junction,Daylight,Not Reported,Unknown,Unknown,Unknown EMS Scene Arrival Hour,Unknown EMS Scene Arrival Minutes,Unknown,Unknown EMS Hospital Arrival Time,1,Daylight,Clear,1,2,['Driver'],['Shoulder_Lapbelt'],0,0,Valid,1.0,0.0,82.0,53.0,"['Male', 'Male', 'Male']",0,0,4,0,5,Dry,Straight,Level,Lowest,No
35818,51,Virginia,510652,0,1,1,0,1,RICHMOND,September,10,Sunday,2,1,Urban,High Speed (Arterial),Yes,37.52635833,-77.43520278,Non-Intersection,Dark - Lighted,Not Reported,Unknown,Unknown if Notified,Unknown EMS Scene Arrival Hour,Unknown if Arrived,Not Applicable (Not Transported),Not Applicable (Not Transported),1,Dark - Lighted,Clear,1,0,['Driver'],['Shoulder_Lapbelt'],1,1,Valid,0.0,1.0,31.0,31.0,['Male'],1,0,2,4,3,Dry,Curve,Grade/Hillcrest,Lowest,No
35819,51,Virginia,510653,0,2,2,0,5,NOT APPLICABLE,September,23,Saturday,9,42,Urban,High Speed (Arterial),No,38.69946667,-77.25683611,Non-Intersection,Daylight,Rain,Unknown,Unknown,Unknown EMS Scene Arrival Hour,Unknown EMS Scene Arrival Minutes,Unknown,Unknown EMS Hospital Arrival Time,1,Daylight,Rain/Wind/Minor,1,4,['Driver'],['None_Used'],0,0,Valid,0.0,0.0,89.0,46.0,"['Male', 'Male']",4,0,3,0,5,Wet/Standing Water,Straight,Level,Lowest,No
35820,51,Virginia,510654,0,1,1,0,1,SUFFOLK,September,19,Tuesday,20,45,Rural,Medium Speed (Collector),No,36.58633889,-76.67023333,Non-Intersection,Dark - Not Lighted,Not Reported,Unknown,Unknown if Notified,Unknown EMS Scene Arrival Hour,Unknown if Arrived,Not Applicable (Not Transported),Not Applicable (Not Transported),1,Dark - Unlighted,Clear,1,0,['Driver'],['None_Used'],1,1,Valid,0.0,1.0,63.0,63.0,['Male'],0,0,2,4,3,Dry,Straight,Level,Lowest,No
35821,51,Virginia,510655,0,1,1,0,1,NOT APPLICABLE,September,27,Wednesday,9,35,Rural,High Speed (Arterial),Yes,37.14334167,-79.23880556,Non-Intersection,Daylight,Not Reported,Unknown,Unknown,Unknown EMS Scene Arrival Hour,Unknown EMS Scene Arrival Minutes,Unknown,Unknown EMS Hospital Arrival Time,1,Daylight,Clear,1,0,['Driver'],['None_Used'],0,0,Valid,0.0,0.0,83.0,83.0,['Female'],0,0,2,4,2,Dry,Straight,Level,Lowest,No
35822,51,Virginia,510656,0,1,1,0,1,NOT APPLICABLE,September,23,Saturday,2,45,Urban,Medium Speed (Collector),No,38.67588056,-77.31679167,Non-Intersection,Dark - Lighted,Rain,Unknown,Unknown if Notified,Unknown EMS Scene Arrival Hour,Unknown if Arrived,Not Applicable (Not Transported),Not Applicable (Not Transported),1,Dark - Lighted,Rain/Wind/Minor,1,0,['Driver'],['Shoulder_Lapbelt'],1,1,Invalid,0.0,0.0,36.0,36.0,['Male'],1,0,2,4,2,Wet/Standing Water,Curve,Grade/Hillcrest,Lowest,No
35823,51,Virginia,510657,1,1,1,0,1,CHESAPEAKE,August,20,Sunday,0,24,Urban,Medium Speed (Collector),No,36.77847778,-76.32695556,Non-Intersection,Dark - Lighted,Not Reported,Unknown,Unknown if Notified,Unknown EMS Scene Arrival Hour,Unknown if Arrived,Not Applicable (Not Transported),Not Applicable (Not Transported),1,Dark - Lighted,Clear,0,0,[],[],0,0,Invalid,0.0,0.0,998.0,998.0,['Other'],0,0,2,1,4,Dry,Straight,Level,Lowest,No
35824,51,Virginia,510658,0,1,1,0,1,BLUEFIELD,September,26,Tuesday,7,37,Urban,High Speed (Arterial),Yes,37.23903889,-81.24635556,Non-Intersection,Daylight,Not Reported,Unknown,Unknown,Unknown EMS Scene Arrival Hour,Unknown EMS Scene Arrival Minutes,Unknown,Unknown EMS Hospital Arrival Time,1,Daylight,Clear,1,0,['Driver'],['None_Used'],0,0,Invalid,0.0,0.0,27.0,27.0,['Male'],1,0,3,4,2,Dry,Straight,Level,Lowest,Yes
35825,51,Virginia,510659,0,1,1,0,1,NOT APPLICABLE,September,22,Friday,6,46,Rural,Low Speed (Local),No,38.186925,-77.46845833,Non-Intersection,Dawn,Not Reported,Unknown,Unknown if Notified,Unknown EMS Scene Arrival Hour,Unknown if Arrived,Not Applicable (Not Transported),Not Applicable (Not Transported),1,Twilight,Clear,1,0,['Driver'],['None_Used'],0,0,Valid,0.0,0.0,24.0,24.0,['Male'],1,0,2,4,3,Dry,Curve,Grade/Hillcrest,Lowest,Yes
35826,51,Virginia,510660,0,1,1,0,1,NOT APPLICABLE,September,10,Sunday,1,33,Rural,Medium Speed (Collector),No,37.14894444,-77.41405278,Non-Intersection,Dark - Not Lighted,Not Reported,Unknown,Unknown if Notified,Unknown EMS Scene Arrival Hour,Unknown if Arrived,Not Applicable (Not Transported),Not Applicable (Not Transported),1,Dark - Unlighted,Clear,1,0,['Driver'],['Shoulder_Lapbelt'],0,0,Valid,1.0,0.0,55.0,55.0,['Female'],1,0,2,4,3,Dry,Straight,Grade/Hillcrest,Lowest,No
35827,51,Virginia,510661,0,2,2,0,2,NOT APPLICABLE,September,7,Thursday,4,45,Rural,High Speed (Arterial),Yes,38.47586389,-79.51144722,Non-Intersection,Dark - Not Lighted,Not Reported,Unknown,Unknown if Notified,Unknown EMS Scene Arrival Hour,Unknown if Arrived,Not Applicable (Not Transported),Not Applicable (Not Transported),1,Dark - Unlighted,Clear,1,1,['Driver'],['None_Used'],0,0,Valid,0.0,2.0,33.0,33.0,"['Male', 'Male']",0,0,5,4,5,Dry,Straight,Level,Lowest,No
35828,51,Virginia,510662,0,1,1,0,1,NOT APPLICABLE,September,6,Wednesday,11,13,Rural,Medium Speed (Collector),No,38.06335556,-78.17298056,Non-Intersection,Daylight,Not Reported,Unknown,Unknown if Notified,Unknown EMS Scene Arrival Hour,Unknown if Arrived,Not Applicable (Not Transported),Not Applicable (Not Transported),1,Daylight,Clear,1,0,['Driver'],['Shoulder_Lapbelt'],0,0,Valid,0.0,0.0,18.0,18.0,['Female'],0,0,2,4,3,Dry,Curve,Level,Lowest,No
35829,51,Virginia,510664,0,1,1,0,2,NOT APPLICABLE,September,19,Tuesday,23,30,Rural,Medium Speed (Collector),No,37.39324167,-82.125025,Non-Intersection,Dark - Not Lighted,Not Reported,Unknown,Unknown,Unknown EMS Scene Arrival Hour,Unknown EMS Scene Arrival Minutes,Unknown,Unknown EMS Hospital Arrival Time,1,Dark - Unlighted,Clear,1,1,['Driver'],['None_Used'],0,0,Invalid,0.0,0.0,36.0,36.0,['Female'],2,0,3,4,1,Dry,Curve,Grade/Hillcrest,Lowest,Yes
35830,51,Virginia,510665,1,1,1,0,1,NOT APPLICABLE,September,23,Saturday,14,30,Rural,Medium Speed (Collector),No,36.824425,-79.79474444,Non-Intersection,Daylight,Rain,Unknown,Unknown,Unknown EMS Scene Arrival Hour,Unknown EMS Scene Arrival Minutes,Unknown,Unknown EMS Hospital Arrival Time,1,Daylight,Rain/Wind/Minor,0,1,[],[],0,0,Valid,1.0,0.0,55.0,55.0,['Male'],0,0,3,1,4,Wet/Standing Water,Straight,Grade/Hillcrest,Lowest,No
35831,51,Virginia,510666,0,1,1,0,1,NOT APPLICABLE,September,25,Monday,19,20,Rural,Low Speed (Local),No,38.24895278,-77.63997778,Non-Intersection,Dark - Not Lighted,Not Reported,Unknown,Unknown if Notified,Unknown EMS Scene Arrival Hour,Unknown if Arrived,Not Applicable (Not Transported),Not Applicable (Not Transported),1,Dark - Unlighted,Clear,1,0,['Driver'],['Shoulder_Lapbelt'],1,1,Valid,0.0,0.0,63.0,63.0,['Female'],1,0,3,4,3,Dry,Straight,Level,Lowest,No
35832,51,Virginia,510667,0,1,1,0,1,Not Reported,September,27,Wednesday,18,12,Rural,High Speed (Arterial),Yes,37.14524722,-77.74001389,Non-Intersection,Dusk,Not Reported,Unknown,Unknown if Notified,Unknown EMS Scene Arrival Hour,Unknown if Arrived,Not Applicable (Not Transported),Not Applicable (Not Transported),1,Twilight,Clear,1,0,['Driver'],['Shoulder_Lapbelt'],0,0,Valid,0.0,0.0,59.0,59.0,['Female'],0,0,3,4,3,Dry,Straight,Level,Lowest,No
35833,51,Virginia,510669,0,2,2,0,2,NOT APPLICABLE,September,8,Friday,8,30,Rural,Low Speed (Local),No,38.27346389,-77.329925,Non-Intersection,Daylight,Not Reported,Unknown,Unknown,Unknown EMS Scene Arrival Hour,Unknown EMS Scene Arrival Minutes,Unknown,Unknown EMS Hospital Arrival Time,1,Daylight,Clear,1,1,['Driver'],['Shoulder_Lapbelt'],0,0,Valid,0.0,0.0,45.0,23.0,"['Male', 'Male']",1,0,2,4,5,Dry,Curve,Grade/Hillcrest,Lowest,No
35834,51,Virginia,510670,0,1,1,0,1,NOT APPLICABLE,September,16,Saturday,13,38,Rural,Medium Speed (Collector),No,38.27446667,-78.07106389,Non-Intersection,Daylight,Not Reported,Unknown,Unknown,Unknown EMS Scene Arrival Hour,Unknown EMS Scene Arrival Minutes,Unknown,Unknown EMS Hospital Arrival Time,1,Daylight,Clear,1,0,['Driver'],['Shoulder_Lapbelt'],0,0,Valid,0.0,0.0,39.0,39.0,['Male'],0,0,2,4,3,Dry,Curve,Grade/Hillcrest,Medium,No
35835,51,Virginia,510671,0,1,1,0,2,NOT APPLICABLE,October,1,Sunday,0,10,Rural,Medium Speed (Collector),No,37.50162778,-76.940425,Non-Intersection,Dark - Not Lighted,Not Reported,Unknown,Unknown if Notified,Unknown EMS Scene Arrival Hour,Unknown if Arrived,Not Applicable (Not Transported),Not Applicable (Not Transported),2,Dark - Unlighted,Clear,2,0,"['Driver', 'Front_Passenger']","['None_Used', 'Shoulder_Lapbelt']",1,1,Valid,1.0,0.0,20.0,20.0,['Male'],2,0,3,4,3,Dry,Curve,Grade/Hillcrest,Lowest,No
35836,51,Virginia,510672,0,2,2,0,2,NOT APPLICABLE,October,1,Sunday,12,22,Urban,High Speed (Arterial),Yes,37.27439444,-76.65951944,Non-Intersection,Daylight,Not Reported,Unknown,Unknown if Notified,Unknown EMS Scene Arrival Hour,Unknown if Arrived,Not Applicable (Not Transported),Not Applicable (Not Transported),1,Daylight,Clear,1,1,['Driver'],['Shoulder_Lapbelt'],0,0,Valid,0.0,0.0,53.0,34.0,"['Female', 'Female']",0,0,3,4,5,Dry,Straight,Level,Lowest,Yes
35837,51,Virginia,510673,0,2,2,0,2,NOT APPLICABLE,October,2,Monday,16,38,Urban,High Speed (Arterial),Yes,37.65649722,-77.44749722,Non-Intersection,Daylight,Not Reported,Unknown,Unknown if Notified,Unknown EMS Scene Arrival Hour,Unknown if Arrived,Not Applicable (Not Transported),Not Applicable (Not Transported),1,Daylight,Clear,1,1,['Driver'],['None_Used'],0,0,Invalid,1.0,0.0,51.0,45.0,"['Male', 'Female']",0,0,3,4,5,Dry,Straight,Level,Lowest,No
35838,51,Virginia,510674,0,2,2,0,3,NOT APPLICABLE,October,3,Tuesday,6,58,Urban,Medium Speed (Collector),No,37.24624167,-80.17614167,Simple Junction,Dark - Unknown Lighting,Not Reported,Unknown,Unknown,Unknown EMS Scene Arrival Hour,Unknown EMS Scene Arrival Minutes,Unknown,Unknown EMS Hospital Arrival Time,2,Dark - Unlighted,Clear,2,1,"['Driver', 'Front_Passenger']","['None_Used', 'None_Used']",1,1,Valid,0.0,1.0,62.0,22.0,"['Female', 'Female']",1,0,3,4,5,Dry,Straight,Grade/Hillcrest,Lowest,No
35839,51,Virginia,510675,0,2,2,0,2,NOT APPLICABLE,October,4,Wednesday,10,44,Rural,Medium Speed (Collector),No,38.15225556,-77.68719444,Non-Intersection,Daylight,Not Reported,Unknown,Unknown,Unknown EMS Scene Arrival Hour,Unknown EMS Scene Arrival Minutes,Unknown,Unknown EMS Hospital Arrival Time,1,Daylight,Clear,1,1,['Driver'],['None_Used'],0,0,Valid,1.0,0.0,44.0,21.0,"['Male', 'Male']",0,0,3,4,5,Dry,Curve,Level,Lowest,No
35840,51,Virginia,510676,1,1,1,0,1,CHESAPEAKE,October,3,Tuesday,16,15,Rural,Medium Speed (Collector),No,36.66180278,-76.22504722,Non-Intersection,Daylight,Not Reported,Unknown,Unknown,Unknown EMS Scene Arrival Hour,Unknown EMS Scene Arrival Minutes,Unknown,Unknown EMS Hospital Arrival Time,1,Daylight,Clear,0,1,[],[],0,0,Valid,0.0,2.0,38.0,38.0,['Male'],0,0,2,1,4,Dry,Straight,Level,Lowest,No
35841,51,Virginia,510677,0,2,2,0,2,NOT APPLICABLE,October,5,Thursday,14,41,Urban,High Speed (Arterial),Yes,36.68739444,-78.89998056,Complex/Circle,Daylight,Not Reported,Unknown,Unknown,Unknown EMS Scene Arrival Hour,Unknown EMS Scene Arrival Minutes,Unknown,Unknown EMS Hospital Arrival Time,1,Daylight,Clear,1,1,['Driver'],['None_Used'],0,0,Invalid,0.0,0.0,81.0,67.0,"['Male', 'Male']",1,0,3,4,5,Dry,Straight,Level,Lowest,No
35842,51,Virginia,510678,0,1,1,0,1,VIRGINIA BEACH,October,4,Wednesday,10,18,Urban,High Speed (Arterial),Yes,36.84194167,-76.11336111,Non-Intersection,Daylight,Not Reported,Unknown,Unknown,Unknown EMS Scene Arrival Hour,Unknown EMS Scene Arrival Minutes,Unknown,Unknown EMS Hospital Arrival Time,1,Daylight,Clear,1,0,['Driver'],['Shoulder_Lapbelt'],0,0,Valid,0.0,0.0,32.0,32.0,['Male'],0,0,2,4,3,Dry,Straight,Level,Medium,No
35843,51,Virginia,510679,0,5,5,0,7,NOT APPLICABLE,October,4,Wednesday,18,7,Rural,High Speed (Arterial),Yes,38.678025,-77.91691111,Complex/Circle,Daylight,Not Reported,Unknown,Unknown,Unknown EMS Scene Arrival Hour,Unknown EMS Scene Arrival Minutes,Unknown,Unknown EMS Hospital Arrival Time,1,Daylight,Clear,1,6,['Driver'],['Shoulder_Lapbelt'],1,1,Valid,0.0,2.0,61.0,23.0,"['Male', 'Female', 'Male', 'Female', 'Male']",2,0,3,4,5,Dry,Straight,Level,Lowest,No
35844,51,Virginia,510680,0,1,1,0,1,NOT APPLICABLE,October,6,Friday,23,40,Rural,Medium Speed (Collector),No,36.887,-79.30178056,Non-Intersection,Dark - Not Lighted,Not Reported,Unknown,Unknown if Notified,Unknown EMS Scene Arrival Hour,Unknown if Arrived,Not Applicable (Not Transported),Not Applicable (Not Transported),1,Dark - Unlighted,Clear,1,0,['Driver'],['None_Used'],1,1,Valid,0.0,0.0,68.0,68.0,['Male'],1,0,2,4,3,Dry,Curve,Grade/Hillcrest,Lowest,No
35845,51,Virginia,510681,1,1,1,0,1,NOT APPLICABLE,October,6,Friday,22,10,Urban,High Speed (Arterial),Yes,38.72887778,-77.10834722,Non-Intersection,Dark - Lighted,Not Reported,Unknown,Unknown,Unknown EMS Scene Arrival Hour,Unknown EMS Scene Arrival Minutes,Unknown,Unknown EMS Hospital Arrival Time,1,Dark - Lighted,Clear,0,0,[],[],0,0,Invalid,0.0,0.0,998.0,998.0,['Other'],0,0,3,0,4,Dry,Straight,Level,Lowest,No
35846,51,Virginia,510682,0,3,3,0,4,PETERSBURG,October,6,Friday,19,14,Urban,High Speed (Arterial),Yes,37.20001944,-77.33410278,Complex/Circle,Dark - Not Lighted,Not Reported,Unknown,Unknown,Unknown EMS Scene Arrival Hour,Unknown EMS Scene Arrival Minutes,Unknown,Unknown EMS Hospital Arrival Time,1,Dark - Unlighted,Clear,1,3,['Driver'],['Shoulder_Lapbelt'],0,0,Valid,2.0,3.0,58.0,25.0,"['Male', 'Female', 'Male']",2,0,2,4,5,Dry,Straight,Level,Lowest,No
35847,51,Virginia,510683,0,1,1,0,2,NOT APPLICABLE,October,6,Friday,21,47,Rural,Medium Speed (Collector),No,38.35330278,-78.27960556,Simple Junction,Dark - Not Lighted,Not Reported,Unknown,Unknown if Notified,Unknown EMS Scene Arrival Hour,Unknown if Arrived,Not Applicable (Not Transported),Not Applicable (Not Transported),1,Dark - Unlighted,Clear,1,1,['Front_Passenger'],['None_Used'],1,1,Invalid,0.0,0.0,44.0,44.0,['Male'],2,0,2,4,2,Dry,Straight,Level,Lowest,No
35848,51,Virginia,510684,0,2,2,0,3,NOT APPLICABLE,October,7,Saturday,16,31,Urban,High Speed (Arterial),Yes,37.31802222,-79.26014444,Complex/Circle,Daylight,Not Reported,Unknown,Unknown,Unknown EMS Scene Arrival Hour,Unknown EMS Scene Arrival Minutes,Unknown,Unknown EMS Hospital Arrival Time,1,Daylight,Clear,1,2,['Driver'],['None_Used'],0,0,Valid,0.0,1.0,59.0,25.0,"['Male', 'Female']",1,0,5,4,5,Dry,Straight,Level,Lowest,Yes
35849,51,Virginia,510685,0,2,2,0,2,NOT APPLICABLE,October,7,Saturday,15,26,Rural,Medium Speed (Collector),No,39.08486389,-77.61710833,Simple Junction,Daylight,Not Reported,Unknown,Unknown,Unknown EMS Scene Arrival Hour,Unknown EMS Scene Arrival Minutes,Unknown,Unknown EMS Hospital Arrival Time,1,Daylight,Clear,1,1,['Driver'],['None_Used'],0,0,Valid,2.0,0.0,65.0,48.0,"['Male', 'Male']",1,0,5,4,5,Dry,Straight,Grade/Hillcrest,Lowest,No
35850,51,Virginia,510686,1,2,1,1,1,HAMPTON,October,8,Sunday,1,14,Urban,High Speed (Arterial),Yes,37.06660833,-76.42911111,Non-Intersection,Dark - Lighted,Not Reported,Unknown,Unknown if Notified,Unknown EMS Scene Arrival Hour,Unknown if Arrived,Not Applicable (Not Transported),Not Applicable (Not Transported),1,Dark - Lighted,Clear,0,1,[],[],1,1,Valid,1.0,1.0,27.0,27.0,['Female'],1,0,3,4,4,Dry,Straight,Level,Lowest,No
35851,51,Virginia,510687,2,1,1,0,2,NOT APPLICABLE,October,9,Monday,19,37,Rural,High Speed (Arterial),Yes,36.94859167,-79.88162778,Non-Intersection,Dark - Not Lighted,Rain,Unknown,Unknown,Unknown EMS Scene Arrival Hour,Unknown EMS Scene Arrival Minutes,Unknown,Unknown EMS Hospital Arrival Time,2,Dark - Unlighted,Rain/Wind/Minor,0,2,[],[],0,0,Valid,0.0,0.0,52.0,52.0,['Male'],2,0,3,4,4,Wet/Standing Water,Curve,Grade/Hillcrest,Lowest,No
35852,51,Virginia,510688,0,2,1,1,2,HARRISONBURG,October,8,Sunday,8,35,Urban,Medium Speed (Collector),No,38.46395278,-78.87650278,Non-Intersection,Daylight,Not Reported,Unknown,Unknown,Unknown EMS Scene Arrival Hour,Unknown EMS Scene Arrival Minutes,Unknown,Unknown EMS Hospital Arrival Time,1,Daylight,Clear,1,1,['Driver'],['None_Used'],1,1,Valid,0.0,1.0,22.0,22.0,['Male'],2,0,3,4,2,Dry,Straight,Level,Lowest,No
35853,51,Virginia,510689,0,2,2,0,2,NOT APPLICABLE,October,10,Tuesday,8,33,Rural,Medium Speed (Collector),No,38.07637778,-79.00011389,Complex/Circle,Daylight,Not Reported,Unknown,Unknown,Unknown EMS Scene Arrival Hour,Unknown EMS Scene Arrival Minutes,Unknown,Unknown EMS Hospital Arrival Time,1,Daylight,Clear,1,1,['Driver'],['Shoulder_Lapbelt'],0,0,Invalid,0.0,0.0,68.0,37.0,"['Male', 'Female']",0,0,2,4,5,Dry,Straight,Level,Lowest,No
35854,51,Virginia,510690,0,1,1,0,1,NOT APPLICABLE,October,11,Wednesday,4,50,Urban,High Speed (Arterial),Yes,38.50150833,-77.37956944,Non-Intersection,Dark - Not Lighted,Not Reported,Unknown,Unknown,Unknown EMS Scene Arrival Hour,Unknown EMS Scene Arrival Minutes,Unknown,Unknown EMS Hospital Arrival Time,1,Dark - Unlighted,Clear,1,0,['Driver'],['Shoulder_Lapbelt'],0,0,Valid,0.0,0.0,60.0,60.0,['Male'],0,0,4,4,2,Dry,Straight,Level,Medium,No
35855,51,Virginia,510691,0,2,2,0,3,HAMPTON,October,11,Wednesday,15,41,Urban,Medium Speed (Collector),No,37.00139167,-76.40263611,Complex/Circle,Daylight,Not Reported,Unknown,Unknown if Notified,Unknown EMS Scene Arrival Hour,Unknown if Arrived,Not Applicable (Not Transported),Not Applicable (Not Transported),2,Daylight,Clear,2,1,"['Driver', 'Front_Passenger']","['None_Used', 'None_Used']",0,0,Valid,0.0,0.0,89.0,30.0,"['Male', 'Male']",0,0,4,4,5,Dry,Straight,Level,Lowest,No
35856,51,Virginia,510692,1,1,1,0,1,GLADE SPRING,October,12,Thursday,19,45,Rural,Medium Speed (Collector),No,36.79073889,-81.76499167,Non-Intersection,Dark - Not Lighted,Not Reported,Unknown,Unknown if Notified,Unknown EMS Scene Arrival Hour,Unknown if Arrived,Not Applicable (Not Transported),Not Applicable (Not Transported),1,Dark - Unlighted,Clear,0,1,[],[],0,0,Valid,0.0,0.0,42.0,42.0,['Male'],0,0,3,1,4,Dry,Straight,Level,Lowest,No
35857,51,Virginia,510693,1,1,1,0,1,VIRGINIA BEACH,October,9,Monday,20,22,Urban,Medium Speed (Collector),No,36.79504444,-76.11712222,Complex/Circle,Dark - Lighted,Not Reported,Unknown,Unknown,Unknown EMS Scene Arrival Hour,Unknown EMS Scene Arrival Minutes,Unknown,Unknown EMS Hospital Arrival Time,1,Dark - Lighted,Clear,0,1,[],[],0,0,Valid,0.0,0.0,17.0,17.0,['Female'],0,0,3,1,4,Dry,Straight,Level,Lowest,No
35858,51,Virginia,510694,2,2,1,1,1,NOT APPLICABLE,October,14,Saturday,17,0,Rural,High Speed (Arterial),Yes,37.91011389,-79.25822778,Non-Intersection,Daylight,Not Reported,Unknown,Unknown,Unknown EMS Scene Arrival Hour,Unknown EMS Scene Arrival Minutes,Unknown,Unknown EMS Hospital Arrival Time,1,Daylight,Clear,0,1,[],[],0,0,Valid,0.0,0.0,66.0,66.0,['Male'],0,0,4,4,4,Dry,Straight,Level,Medium,No
35859,51,Virginia,510695,1,1,1,0,1,NOT APPLICABLE,October,13,Friday,19,45,Urban,High Speed (Arterial),Yes,37.24905833,-76.66023611,Non-Intersection,Dark - Not Lighted,Not Reported,Unknown,Unknown if Notified,Unknown EMS Scene Arrival Hour,Unknown if Arrived,Not Applicable (Not Transported),Not Applicable (Not Transported),1,Dark - Unlighted,Clear,0,1,[],[],0,0,Valid,0.0,0.0,57.0,57.0,['Male'],0,0,3,1,4,Dry,Straight,Level,Lowest,No
35860,51,Virginia,510696,0,1,1,0,1,NOT APPLICABLE,October,11,Wednesday,23,27,Urban,High Speed (Arterial),Yes,37.67788333,-77.55944722,Non-Intersection,Dark - Not Lighted,Not Reported,Unknown,Unknown if Notified,Unknown EMS Scene Arrival Hour,Unknown if Arrived,Not Applicable (Not Transported),Not Applicable (Not Transported),1,Dark - Unlighted,Clear,1,0,['Driver'],['Shoulder_Lapbelt'],1,1,Valid,1.0,0.0,70.0,70.0,['Male'],0,0,2,4,2,Dry,Curve,Level,Lowest,No
35861,51,Virginia,510697,0,2,2,0,2,NOT APPLICABLE,October,2,Monday,23,30,Urban,High Speed (Arterial),Yes,36.63906944,-79.86024167,Non-Intersection,Dark - Unknown Lighting,Not Reported,Unknown,Unknown,Unknown EMS Scene Arrival Hour,Unknown EMS Scene Arrival Minutes,Unknown,Unknown EMS Hospital Arrival Time,1,Dark - Unlighted,Clear,1,1,['Driver'],['None_Used'],0,0,Valid,0.0,1.0,77.0,19.0,"['Male', 'Male']",0,0,5,4,5,Dry,Straight,Level,Lowest,No
35862,51,Virginia,510698,0,1,1,0,1,NOT APPLICABLE,October,15,Sunday,16,58,Urban,Medium Speed (Collector),No,38.712525,-77.44405,Non-Intersection,Dusk,Not Reported,Unknown,Unknown if Notified,Unknown EMS Scene Arrival Hour,Unknown if Arrived,Not Applicable (Not Transported),Not Applicable (Not Transported),1,Twilight,Clear,1,0,['Driver'],['None_Used'],1,1,Valid,0.0,2.0,22.0,22.0,['Male'],1,0,2,4,3,Dry,Curve,Grade/Hillcrest,Lowest,No