,State_Code,State_Name,Crash_ID,Count_Non_Motorists,Count_Vehicles_Total,Count_Vehicle_Forms,Count_PVH_Involved,Count_Occupants_MV,City_Name,Month_Name,Day_of_Month,Day_of_Week,Crash_Hour,Crash_Minute,Area_Rural_Urban,Road_Functional_Class,On_NHS_Road,Latitude,Longitude,Intersection_Type,Light_Condition,Weather_Condition,Notif_Hour,Notif_Minute,Arrival_Hour,Arrival_Minute,Hospital_Hour,Hospital_Minute,Fatalities_Count,Clean_Light_Condition,Clean_Weather_Condition,Total_Killed,Total_Alive,Fatal_Seats_List,Killed_Restraint_List,Any_Driver_Drinking,Total_Drinking_Drivers,Driver_License_Category,Driver_Max_Prev_Accident_Count,Driver_Max_Prev_Speeding_Count,Max_Driver_Age,Min_Driver_Age,Driver_Sex_List,Total_Exceeding_Limit_Vehicles,Total_Too_Fast_Vehicles,Max_Vehicle_Type_Severity_5,Max_Vehicle_Damage_Rank,Max_Harmful_Event_Severity,Crash_Road_Surface_Condition,Crash_Horizontal_Alignment,Crash_Vertical_Profile,Crash_Impairment_Category,Crash_Vehicle_Defect
35863,51,Virginia,510699,0,2,2,0,3,NOT APPLICABLE,October,14,Saturday,21,16,Rural,Medium Speed (Collector),No,38.035925,-78.75823889,Non-Intersection,Dark - Not Lighted,Not Reported,Unknown,Unknown,Unknown EMS Scene Arrival Hour,Unknown EMS Scene Arrival Minutes,Unknown,Unknown EMS Hospital Arrival Time,1,Dark - Unlighted,Clear,1,2,['Driver'],['Shoulder_Lapbelt'],0,0,Valid,0.0,1.0,39.0,23.0,"['Male', 'Male']",0,0,3,4,5,Wet/Standing Water,Straight,Grade/Hillcrest,Lowest,No
35864,51,Virginia,510700,0,1,1,0,1,CHESAPEAKE,October,2,Monday,23,41,Urban,Medium Speed (Collector),No,36.733725,-76.23878889,Non-Intersection,Dark - Lighted,Not Reported,Unknown,Unknown,Unknown EMS Scene Arrival Hour,Unknown EMS Scene Arrival Minutes,Unknown,Unknown EMS Hospital Arrival Time,1,Dark - Lighted,Clear,1,0,['Driver'],['None_Used'],0,0,Valid,0.0,0.0,31.0,31.0,['Male'],1,0,5,1,2,Dry,Curve,Grade/Hillcrest,Lowest,No
35865,51,Virginia,510701,0,1,1,0,1,NOT APPLICABLE,October,18,Wednesday,13,27,Rural,Medium Speed (Collector),No,36.90498333,-80.92290278,Non-Intersection,Daylight,Not Reported,Unknown,Unknown if Notified,Unknown EMS Scene Arrival Hour,Unknown if Arrived,Not Applicable (Not Transported),Not Applicable (Not Transported),1,Daylight,Clear,1,0,['Driver'],['None_Used'],1,1,Valid,0.0,0.0,26.0,26.0,['Male'],1,0,3,4,2,Dry,Straight,Level,Lowest,No
35866,51,Virginia,510702,0,1,1,0,1,NEWPORT NEWS,October,18,Wednesday,23,45,Urban,Medium Speed (Collector),No,37.17523333,-76.51486944,Non-Intersection,Dark - Not Lighted,Not Reported,Unknown,Unknown if Notified,Unknown EMS Scene Arrival Hour,Unknown if Arrived,Not Applicable (Not Transported),Not Applicable (Not Transported),1,Dark - Unlighted,Clear,1,0,['Driver'],['None_Used'],0,0,Valid,0.0,0.0,31.0,31.0,['Male'],1,0,2,4,3,Dry,Curve,Grade/Hillcrest,Lowest,No
35867,51,Virginia,510703,0,1,1,0,2,NOT APPLICABLE,October,13,Friday,19,33,Rural,High Speed (Arterial),Yes,37.70255278,-77.44887778,Non-Intersection,Dark - Not Lighted,Not Reported,Unknown,Unknown if Notified,Unknown EMS Scene Arrival Hour,Unknown if Arrived,Not Applicable (Not Transported),Not Applicable (Not Transported),2,Dark - Unlighted,Clear,2,0,"['Driver', 'Front_Passenger']","['Shoulder_Lapbelt', 'Shoulder_Lapbelt']",0,0,Valid,1.0,2.0,56.0,56.0,['Male'],2,0,3,4,3,Dry,Straight,Level,Lowest,No
35868,51,Virginia,510704,0,1,1,0,2,NOT APPLICABLE,October,19,Thursday,17,24,Rural,Medium Speed (Collector),No,36.63459722,-81.99532222,Non-Intersection,Dusk,Not Reported,Unknown,Unknown if Notified,Unknown EMS Scene Arrival Hour,Unknown if Arrived,Not Applicable (Not Transported),Not Applicable (Not Transported),1,Twilight,Clear,1,1,['Front_Passenger'],['Shoulder_Lapbelt'],0,0,Valid,0.0,0.0,38.0,38.0,['Male'],0,0,2,4,3,Dry,Curve,Grade/Hillcrest,Lowest,No
35869,51,Virginia,510705,0,1,1,0,1,NOT APPLICABLE,October,19,Thursday,0,1,Urban,Medium Speed (Collector),No,37.36858056,-79.11331111,Non-Intersection,Dark - Not Lighted,Not Reported,Unknown,Unknown if Notified,Unknown EMS Scene Arrival Hour,Unknown if Arrived,Not Applicable (Not Transported),Not Applicable (Not Transported),1,Dark - Unlighted,Clear,1,0,['Driver'],['None_Used'],0,0,Valid,1.0,1.0,27.0,27.0,['Male'],1,0,5,4,1,Dry,Straight,Level,Lowest,Yes
35870,51,Virginia,510706,0,1,1,0,1,NOT APPLICABLE,October,20,Friday,0,20,Rural,Medium Speed (Collector),No,37.45195833,-79.14184722,Non-Intersection,Dark - Not Lighted,Not Reported,Unknown,Unknown,Unknown EMS Scene Arrival Hour,Unknown EMS Scene Arrival Minutes,Not Applicable (Not Transported),Not Applicable (Not Transported),1,Dark - Unlighted,Clear,1,0,['Driver'],['None_Used'],0,0,Valid,1.0,0.0,53.0,53.0,['Male'],0,0,3,4,3,Dry,Curve,Level,Lowest,No
35871,51,Virginia,510707,0,2,2,0,2,NOT APPLICABLE,October,21,Saturday,2,7,Urban,High Speed (Arterial),Yes,38.84653611,-77.21995278,Non-Intersection,Dark - Lighted,Not Reported,Unknown,Unknown,Unknown EMS Scene Arrival Hour,Unknown EMS Scene Arrival Minutes,Unknown,Unknown EMS Hospital Arrival Time,1,Dark - Lighted,Clear,1,1,['Driver'],['Shoulder_Lapbelt'],1,1,Valid,0.0,1.0,44.0,34.0,"['Female', 'Female']",0,0,2,4,5,Wet/Standing Water,Straight,Level,Lowest,No
35872,51,Virginia,510708,0,2,2,0,2,NOT APPLICABLE,October,11,Wednesday,13,50,Rural,Medium Speed (Collector),No,36.94932222,-80.89396111,Simple Junction,Daylight,Not Reported,Unknown,Unknown,Unknown EMS Scene Arrival Hour,Unknown EMS Scene Arrival Minutes,Unknown,Unknown EMS Hospital Arrival Time,1,Daylight,Clear,1,1,['Driver'],['Shoulder_Lapbelt'],0,0,Valid,0.0,1.0,86.0,30.0,"['Male', 'Male']",0,0,3,4,5,Dry,Straight,Level,Lowest,No
35873,51,Virginia,510709,0,1,1,0,1,NOT APPLICABLE,October,20,Friday,18,36,Urban,High Speed (Arterial),Yes,37.25794722,-76.64791667,Non-Intersection,Dark - Not Lighted,Rain,Unknown,Unknown if Notified,Unknown EMS Scene Arrival Hour,Unknown if Arrived,Not Applicable (Not Transported),Not Applicable (Not Transported),1,Dark - Unlighted,Rain/Wind/Minor,1,0,['Driver'],['Shoulder_Lapbelt'],1,1,Valid,0.0,0.0,48.0,48.0,['Male'],0,0,3,4,3,Wet/Standing Water,Curve,Level,Lowest,No
35874,51,Virginia,510710,0,1,1,0,1,NOT APPLICABLE,October,21,Saturday,0,35,Rural,Low Speed (Local),No,37.21578056,-79.00823056,Non-Intersection,Dark - Not Lighted,Not Reported,Unknown,Unknown,Unknown EMS Scene Arrival Hour,Unknown EMS Scene Arrival Minutes,Unknown,Unknown EMS Hospital Arrival Time,1,Dark - Unlighted,Clear,1,0,['Driver'],['None_Used'],0,0,Valid,0.0,0.0,52.0,52.0,['Male'],0,0,3,4,3,Dry,Curve,Level,Lowest,No
35875,51,Virginia,510711,0,1,1,0,2,SOUTH HILL,October,22,Sunday,1,7,Urban,Medium Speed (Collector),No,36.72603611,-78.13081389,Non-Intersection,Dark - Lighted,Not Reported,Unknown,Unknown if Notified,Unknown EMS Scene Arrival Hour,Unknown if Arrived,Not Applicable (Not Transported),Not Applicable (Not Transported),2,Dark - Lighted,Clear,2,0,"['Driver', 'Front_Passenger']","['Shoulder_Lapbelt', 'Shoulder_Lapbelt']",1,1,Valid,0.0,2.0,28.0,28.0,['Male'],2,0,2,4,3,Dry,Straight,Level,Lowest,No
35876,51,Virginia,510712,1,2,1,1,1,NOT APPLICABLE,October,21,Saturday,18,8,Urban,Low Speed (Local),No,37.43608056,-77.50598333,Non-Intersection,Daylight,Not Reported,Unknown,Unknown,Unknown EMS Scene Arrival Hour,Unknown EMS Scene Arrival Minutes,Unknown,Unknown EMS Hospital Arrival Time,1,Daylight,Clear,1,0,['Driver'],['None_Used'],1,1,Invalid,0.0,0.0,31.0,31.0,['Male'],0,0,5,1,5,Dry,Curve,Level,Lowest,No
35877,51,Virginia,510713,1,1,1,0,1,NOT APPLICABLE,October,23,Monday,17,46,Urban,Low Speed (Local),No,38.99248889,-77.50869167,Complex/Circle,Daylight,Not Reported,Unknown,Unknown,Unknown EMS Scene Arrival Hour,Unknown EMS Scene Arrival Minutes,Unknown,Unknown EMS Hospital Arrival Time,1,Daylight,Clear,0,1,[],[],0,0,Valid,0.0,0.0,49.0,49.0,['Male'],0,0,3,1,4,Dry,Curve,Grade/Hillcrest,Lowest,No
35878,51,Virginia,510714,0,1,1,0,1,NOT APPLICABLE,October,25,Wednesday,15,1,Rural,Medium Speed (Collector),No,36.81636389,-79.02463333,Non-Intersection,Daylight,Not Reported,Unknown,Unknown if Notified,Unknown EMS Scene Arrival Hour,Unknown if Arrived,Not Applicable (Not Transported),Not Applicable (Not Transported),1,Daylight,Clear,1,0,['Driver'],['None_Used'],0,0,Valid,0.0,0.0,82.0,82.0,['Male'],0,0,3,4,3,Dry,Straight,Level,Lowest,No
35879,51,Virginia,510715,0,1,1,0,2,NOT APPLICABLE,October,25,Wednesday,14,10,Rural,Medium Speed (Collector),No,36.72618056,-80.06551111,Non-Intersection,Daylight,Not Reported,Unknown,Unknown,Unknown EMS Scene Arrival Hour,Unknown EMS Scene Arrival Minutes,Unknown,Unknown EMS Hospital Arrival Time,1,Daylight,Clear,1,1,['Driver'],['None_Used'],1,1,Valid,0.0,0.0,54.0,54.0,['Male'],2,0,5,4,3,Dry,Curve,Level,Lowest,No
35880,51,Virginia,510716,1,1,1,0,1,NOT APPLICABLE,October,23,Monday,20,21,Urban,Medium Speed (Collector),No,38.96647778,-77.35689722,Non-Intersection,Dark - Lighted,Not Reported,Unknown,Unknown,Unknown EMS Scene Arrival Hour,Unknown EMS Scene Arrival Minutes,Unknown,Unknown EMS Hospital Arrival Time,1,Dark - Lighted,Clear,0,1,[],[],0,0,Valid,1.0,0.0,56.0,56.0,['Male'],0,0,3,1,4,Dry,Straight,Level,Lowest,No
35881,51,Virginia,510717,0,1,1,0,1,NOT APPLICABLE,October,26,Thursday,9,3,Rural,Medium Speed (Collector),No,37.10084722,-81.93265278,Non-Intersection,Daylight,Not Reported,Unknown,Unknown,Unknown EMS Scene Arrival Hour,Unknown EMS Scene Arrival Minutes,Unknown,Unknown EMS Hospital Arrival Time,1,Daylight,Clear,1,0,['Driver'],['Shoulder_Lapbelt'],0,0,Valid,0.0,2.0,21.0,21.0,['Male'],0,0,4,4,3,Dry,Curve,Grade/Hillcrest,Lowest,No
35882,51,Virginia,510718,0,1,1,0,3,HARRISONBURG,October,28,Saturday,3,24,Urban,Medium Speed (Collector),No,38.46040556,-78.84753889,Non-Intersection,Dark - Lighted,Not Reported,Unknown,Unknown,Unknown EMS Scene Arrival Hour,Unknown EMS Scene Arrival Minutes,Unknown,Unknown EMS Hospital Arrival Time,1,Dark - Lighted,Clear,1,2,['Driver'],['Shoulder_Lapbelt'],1,1,Valid,1.0,0.0,18.0,18.0,['Female'],3,0,2,4,3,Dry,Curve,Grade/Hillcrest,Lowest,No
35883,51,Virginia,510719,0,2,2,0,2,PETERSBURG,October,26,Thursday,11,55,Rural,Medium Speed (Collector),No,37.16759722,-77.415825,Simple Junction,Daylight,Not Reported,Unknown,Unknown,Unknown EMS Scene Arrival Hour,Unknown EMS Scene Arrival Minutes,Unknown,Unknown EMS Hospital Arrival Time,1,Daylight,Clear,1,1,['Driver'],['Lapbelt_Only'],0,0,Valid,0.0,0.0,70.0,56.0,"['Female', 'Male']",0,0,4,4,5,Dry,Straight,Level,Lowest,No
35884,51,Virginia,510720,0,1,1,0,1,VIRGINIA BEACH,October,28,Saturday,15,9,Urban,Medium Speed (Collector),No,36.75074722,-76.10877222,Non-Intersection,Daylight,Not Reported,Unknown,Unknown if Notified,Unknown EMS Scene Arrival Hour,Unknown if Arrived,Not Applicable (Not Transported),Not Applicable (Not Transported),1,Daylight,Clear,1,0,['Driver'],['None_Used'],1,1,Valid,0.0,0.0,61.0,61.0,['Male'],1,0,2,4,3,Dry,Curve,Level,Lowest,No
35885,51,Virginia,510721,0,3,3,0,4,NOT APPLICABLE,October,29,Sunday,12,14,Rural,High Speed (Arterial),Yes,37.47796389,-76.61618611,Complex/Circle,Daylight,Not Reported,Unknown,Unknown,Unknown EMS Scene Arrival Hour,Unknown EMS Scene Arrival Minutes,Unknown,Unknown EMS Hospital Arrival Time,1,Daylight,Clear,1,3,['Driver'],['None_Used'],0,0,Valid,0.0,1.0,68.0,42.0,"['Male', 'Male', 'Female']",0,0,5,4,5,Dry,Straight,Level,Lowest,No
35886,51,Virginia,510722,0,2,2,0,3,VIRGINIA BEACH,October,29,Sunday,18,22,Urban,Medium Speed (Collector),No,36.82992222,-76.095425,Complex/Circle,Dusk,Not Reported,Unknown,Unknown,Unknown EMS Scene Arrival Hour,Unknown EMS Scene Arrival Minutes,Unknown,Unknown EMS Hospital Arrival Time,1,Twilight,Clear,1,2,['Driver'],['None_Used'],0,0,Valid,0.0,0.0,37.0,29.0,"['Male', 'Female']",1,0,5,4,5,Dry,Straight,Level,Lowest,No
35887,51,Virginia,510723,0,2,2,0,2,NORFOLK,October,25,Wednesday,18,45,Urban,Low Speed (Local),No,36.88780556,-76.30598056,Simple Junction,Dark - Lighted,Not Reported,Unknown,Unknown,Unknown EMS Scene Arrival Hour,Unknown EMS Scene Arrival Minutes,Unknown,Unknown EMS Hospital Arrival Time,1,Dark - Lighted,Clear,1,1,['Driver'],['None_Used'],0,0,Valid,0.0,1.0,80.0,29.0,"['Male', 'Male']",0,0,3,4,5,Dry,Straight,Level,Lowest,No
35888,51,Virginia,510724,0,2,2,0,2,NOT APPLICABLE,October,24,Tuesday,14,21,Rural,High Speed (Arterial),Yes,36.65000556,-81.83616667,Non-Intersection,Daylight,Not Reported,Unknown,Unknown,Unknown EMS Scene Arrival Hour,Unknown EMS Scene Arrival Minutes,Unknown,Unknown EMS Hospital Arrival Time,1,Daylight,Clear,1,1,['Driver'],['Shoulder_Lapbelt'],0,0,Valid,0.0,0.0,77.0,60.0,"['Male', 'Male']",0,0,4,4,5,Dry,Straight,Level,Lowest,No
35889,51,Virginia,510725,0,2,2,0,3,NOT APPLICABLE,October,25,Wednesday,22,50,Urban,Medium Speed (Collector),No,39.00186111,-77.47548611,Non-Intersection,Dark - Not Lighted,Not Reported,Unknown,Unknown if Notified,Unknown EMS Scene Arrival Hour,Unknown if Arrived,Not Applicable (Not Transported),Not Applicable (Not Transported),3,Dark - Unlighted,Clear,3,0,"['Driver', 'Driver', 'Rear_Seat']","['None_Used', 'Shoulder_Lapbelt', 'Shoulder_Lapbelt']",0,0,Valid,0.0,0.0,56.0,51.0,"['Male', 'Male']",1,0,3,4,5,Dry,Straight,Level,Lowest,No
35890,51,Virginia,510726,0,1,1,0,1,NOT APPLICABLE,October,28,Saturday,17,10,Rural,Medium Speed (Collector),No,37.88458333,-77.46519444,Non-Intersection,Daylight,Not Reported,Unknown,Unknown if Notified,Unknown EMS Scene Arrival Hour,Unknown if Arrived,Not Applicable (Not Transported),Not Applicable (Not Transported),1,Daylight,Clear,1,0,['Driver'],['None_Used'],1,1,Valid,6.0,1.0,57.0,57.0,['Male'],0,0,3,4,3,Dry,Straight,Grade/Hillcrest,Lowest,Yes
35891,51,Virginia,510727,0,1,1,0,1,CHESAPEAKE,October,28,Saturday,23,21,Rural,Low Speed (Local),No,36.69466667,-76.11303889,Non-Intersection,Dark - Not Lighted,Not Reported,Unknown,Unknown if Notified,Unknown EMS Scene Arrival Hour,Unknown if Arrived,Not Applicable (Not Transported),Not Applicable (Not Transported),1,Dark - Unlighted,Clear,1,0,['Driver'],['None_Used'],1,1,Valid,0.0,0.0,18.0,18.0,['Male'],1,0,3,4,3,Dry,Straight,Level,Lowest,No
35892,51,Virginia,510728,0,2,2,0,2,NEWPORT NEWS,October,20,Friday,18,34,Urban,Medium Speed (Collector),No,37.15224167,-76.50755833,Complex/Circle,Dusk,Rain,Unknown,Unknown,Unknown EMS Scene Arrival Hour,Unknown EMS Scene Arrival Minutes,Unknown,Unknown EMS Hospital Arrival Time,1,Twilight,Rain/Wind/Minor,1,1,['Driver'],['None_Used'],0,0,Valid,0.0,0.0,57.0,17.0,"['Male', 'Male']",1,0,2,4,5,Wet/Standing Water,Straight,Level,Lowest,No
35893,51,Virginia,510729,0,1,1,0,2,NOT APPLICABLE,October,31,Tuesday,19,15,Rural,Medium Speed (Collector),No,37.64803889,-76.60448056,Non-Intersection,Dark - Not Lighted,Rain,Unknown,Unknown,Unknown EMS Scene Arrival Hour,Unknown EMS Scene Arrival Minutes,Unknown,Unknown EMS Hospital Arrival Time,1,Dark - Unlighted,Rain/Wind/Minor,1,1,['Rear_Seat'],['None_Used'],0,0,Valid,0.0,0.0,58.0,58.0,['Male'],0,0,5,1,1,Wet/Standing Water,Straight,Level,Lowest,No
35894,51,Virginia,510730,1,1,1,0,1,NEWPORT NEWS,October,15,Sunday,18,10,Urban,High Speed (Arterial),Yes,37.10717222,-76.47431111,Non-Intersection,Daylight,Not Reported,Unknown,Unknown,Unknown EMS Scene Arrival Hour,Unknown EMS Scene Arrival Minutes,Unknown,Unknown EMS Hospital Arrival Time,1,Daylight,Clear,0,1,[],[],0,0,Valid,0.0,0.0,20.0,20.0,['Female'],0,0,2,4,4,Dry,Straight,Level,Lowest,No
35895,51,Virginia,510731,0,2,2,0,2,NOT APPLICABLE,October,31,Tuesday,18,41,Urban,Medium Speed (Collector),No,38.72940556,-77.17609722,Complex/Circle,Dusk,Not Reported,Unknown,Unknown,Unknown EMS Scene Arrival Hour,Unknown EMS Scene Arrival Minutes,Unknown,Unknown EMS Hospital Arrival Time,1,Twilight,Clear,1,1,['Driver'],['Shoulder_Lapbelt'],1,1,Valid,0.0,0.0,54.0,17.0,"['Female', 'Female']",0,0,3,4,5,Dry,Straight,Level,Lowest,No
35896,51,Virginia,510732,0,1,1,0,1,NOT APPLICABLE,October,19,Thursday,20,3,Rural,Low Speed (Local),No,36.89486111,-76.56411389,Non-Intersection,Dark - Not Lighted,Rain,Unknown,Unknown,Unknown EMS Scene Arrival Hour,Unknown EMS Scene Arrival Minutes,Unknown,Unknown EMS Hospital Arrival Time,1,Dark - Unlighted,Rain/Wind/Minor,1,0,['Driver'],['None_Used'],1,1,Valid,0.0,0.0,55.0,55.0,['Male'],0,0,3,4,3,Wet/Standing Water,Straight,Level,Lowest,No
35897,51,Virginia,510733,0,1,1,0,1,BEALETON,October,4,Wednesday,14,28,Rural,High Speed (Arterial),Yes,38.48472778,-77.68114167,Non-Intersection,Daylight,Not Reported,Unknown,Unknown if Notified,Unknown EMS Scene Arrival Hour,Unknown if Arrived,Not Applicable (Not Transported),Not Applicable (Not Transported),1,Daylight,Clear,1,0,['Driver'],['None_Used'],0,0,Valid,0.0,1.0,35.0,35.0,['Male'],0,0,1,4,3,Dry,Straight,Level,Lowest,No
35898,51,Virginia,510734,1,1,1,0,1,NOT APPLICABLE,October,7,Saturday,3,25,Rural,High Speed (Arterial),Yes,38.64143889,-77.80440278,Non-Intersection,Dark - Not Lighted,Not Reported,Unknown,Unknown,Unknown EMS Scene Arrival Hour,Unknown EMS Scene Arrival Minutes,Unknown,Unknown EMS Hospital Arrival Time,1,Dark - Unlighted,Clear,0,1,[],[],0,0,Valid,0.0,1.0,53.0,53.0,['Male'],0,0,4,1,4,Dry,Straight,Level,Lowest,No
35899,51,Virginia,510735,0,2,2,0,2,RICHMOND,October,11,Wednesday,8,45,Urban,High Speed (Arterial),Yes,37.55823611,-77.41401389,Non-Intersection,Daylight,Not Reported,Unknown,Unknown,Unknown EMS Scene Arrival Hour,Unknown EMS Scene Arrival Minutes,Unknown,Unknown EMS Hospital Arrival Time,1,Daylight,Clear,1,1,['Driver'],['Shoulder_Lapbelt'],0,0,Valid,0.0,0.0,80.0,52.0,"['Male', 'Male']",0,0,3,4,5,Dry,Straight,Level,Medium,No
35900,51,Virginia,510738,0,1,1,0,1,NOT APPLICABLE,September,12,Tuesday,15,37,Rural,Low Speed (Local),No,38.92701667,-78.10745556,Non-Intersection,Daylight,Not Reported,Unknown,Unknown,Unknown EMS Scene Arrival Hour,Unknown EMS Scene Arrival Minutes,Unknown,Unknown EMS Hospital Arrival Time,1,Daylight,Clear,1,0,['Driver'],['None_Used'],1,1,Valid,0.0,0.0,63.0,63.0,['Male'],0,0,5,0,3,Dry,Straight,Level,Lowest,No
35901,51,Virginia,510739,0,1,1,0,1,NOT APPLICABLE,October,22,Sunday,0,10,Rural,Low Speed (Local),No,36.57166667,-78.27085278,Non-Intersection,Dark - Unknown Lighting,Not Reported,Unknown,Unknown if Notified,Unknown EMS Scene Arrival Hour,Unknown if Arrived,Not Applicable (Not Transported),Not Applicable (Not Transported),1,Dark - Unlighted,Clear,1,0,['Driver'],['None_Used'],1,1,Valid,0.0,0.0,65.0,65.0,['Female'],0,0,5,0,3,Dry,Straight,Level,Lowest,No
35902,51,Virginia,510740,1,2,2,0,3,RICHMOND,September,1,Friday,23,19,Urban,High Speed (Arterial),Yes,37.5731,-77.48324444,Non-Intersection,Dark - Lighted,Not Reported,Unknown,Unknown if Notified,Unknown EMS Scene Arrival Hour,Unknown if Arrived,Not Applicable (Not Transported),Not Applicable (Not Transported),1,Dark - Lighted,Clear,0,3,[],[],0,0,Valid,0.0,3.0,42.0,24.0,"['Male', 'Male']",0,0,2,4,4,Dry,Straight,Level,Lowest,No
35903,51,Virginia,510742,0,1,1,0,1,NOT APPLICABLE,November,3,Friday,16,1,Rural,Low Speed (Local),No,37.21325556,-78.26936111,Non-Intersection,Daylight,Not Reported,Unknown,Unknown if Notified,Unknown EMS Scene Arrival Hour,Unknown if Arrived,Not Applicable (Not Transported),Not Applicable (Not Transported),1,Daylight,Clear,1,0,['Driver'],['None_Used'],0,0,Valid,0.0,0.0,71.0,71.0,['Male'],0,0,3,4,3,Dry,Straight,Level,Lowest,No
35904,51,Virginia,510743,0,1,1,0,2,NOT APPLICABLE,November,6,Monday,11,20,Rural,High Speed (Arterial),Yes,37.98743056,-78.23727778,Non-Intersection,Daylight,Not Reported,Unknown,Unknown,Unknown EMS Scene Arrival Hour,Unknown EMS Scene Arrival Minutes,Unknown,Unknown EMS Hospital Arrival Time,1,Daylight,Clear,1,1,['Front_Passenger'],['None_Used'],0,0,Valid,0.0,0.0,49.0,49.0,['Male'],0,0,3,4,3,Dry,Straight,Grade/Hillcrest,Lowest,No
35905,51,Virginia,510744,0,1,1,0,2,PEARISBURG,November,5,Sunday,18,15,Rural,High Speed (Arterial),Yes,37.33550833,-80.74219722,Non-Intersection,Dark - Not Lighted,Not Reported,Unknown,Unknown,Unknown EMS Scene Arrival Hour,Unknown EMS Scene Arrival Minutes,Unknown,Unknown EMS Hospital Arrival Time,1,Dark - Unlighted,Clear,1,1,['Driver'],['None_Used'],0,0,Valid,0.0,0.0,49.0,49.0,['Male'],0,0,5,4,1,Dry,Straight,Grade/Hillcrest,Lowest,No
35906,51,Virginia,510745,1,1,1,0,1,PORTSMOUTH,November,15,Wednesday,22,39,Urban,Medium Speed (Collector),No,36.79528056,-76.32828056,Non-Intersection,Dark - Not Lighted,Not Reported,Unknown,Unknown,Unknown EMS Scene Arrival Hour,Unknown EMS Scene Arrival Minutes,Unknown,Unknown EMS Hospital Arrival Time,1,Dark - Unlighted,Clear,0,0,[],[],0,0,Invalid,0.0,0.0,998.0,998.0,['Other'],0,0,1,0,4,Dry,Straight,Level,Lowest,No
35907,51,Virginia,510746,0,1,1,0,1,NOT APPLICABLE,November,16,Thursday,13,40,Rural,High Speed (Arterial),Yes,37.67038889,-77.64605833,Non-Intersection,Daylight,Not Reported,Unknown,Unknown,Unknown EMS Scene Arrival Hour,Unknown EMS Scene Arrival Minutes,Unknown,Unknown EMS Hospital Arrival Time,1,Daylight,Clear,1,0,['Driver'],['None_Used'],0,0,Valid,0.0,0.0,58.0,58.0,['Male'],0,0,1,4,2,Dry,Straight,Level,Lowest,No
35908,51,Virginia,510747,0,1,1,0,4,BOWLING GREEN,November,2,Thursday,13,50,Rural,High Speed (Arterial),Yes,38.04908611,-77.33998889,Non-Intersection,Daylight,Not Reported,Unknown,Unknown,Unknown EMS Scene Arrival Hour,Unknown EMS Scene Arrival Minutes,Unknown,Unknown EMS Hospital Arrival Time,1,Daylight,Clear,1,3,['Rear_Seat'],['None_Used'],0,0,Valid,0.0,0.0,28.0,28.0,['Female'],0,0,3,4,3,Dry,Curve,Level,Lowest,No
35909,51,Virginia,510748,0,3,3,0,5,NOT APPLICABLE,November,1,Wednesday,17,12,Rural,High Speed (Arterial),Yes,37.51531667,-77.24911389,Non-Intersection,Daylight,Not Reported,Unknown,Unknown,Unknown EMS Scene Arrival Hour,Unknown EMS Scene Arrival Minutes,Unknown,Unknown EMS Hospital Arrival Time,2,Daylight,Clear,2,3,"['Driver', 'Front_Passenger']","['Shoulder_Lapbelt', 'Shoulder_Lapbelt']",0,0,Valid,1.0,0.0,57.0,41.0,"['Female', 'Female', 'Male']",0,0,3,4,5,Dry,Straight,Level,Lowest,No
35910,51,Virginia,510749,0,1,1,0,2,NOT APPLICABLE,November,3,Friday,15,45,Rural,Medium Speed (Collector),No,37.30621389,-78.86096389,Non-Intersection,Daylight,Not Reported,Unknown,Unknown if Notified,Unknown EMS Scene Arrival Hour,Unknown if Arrived,Not Applicable (Not Transported),Not Applicable (Not Transported),1,Daylight,Clear,1,1,['Driver'],['None_Used'],0,0,Valid,0.0,0.0,17.0,17.0,['Male'],0,0,3,4,3,Dry,Curve,Level,Lowest,No
35911,51,Virginia,510750,0,2,2,0,2,NOT APPLICABLE,November,3,Friday,15,50,Rural,Medium Speed (Collector),No,37.29396667,-78.95669444,Non-Intersection,Daylight,Not Reported,Unknown,Unknown,Unknown EMS Scene Arrival Hour,Unknown EMS Scene Arrival Minutes,Unknown,Unknown EMS Hospital Arrival Time,1,Daylight,Clear,1,1,['Driver'],['None_Used'],1,1,Valid,0.0,1.0,63.0,34.0,"['Male', 'Male']",0,0,3,4,5,Dry,Curve,Level,Lowest,No
35912,51,Virginia,510751,0,1,1,0,1,NOT APPLICABLE,November,4,Saturday,23,40,Rural,Low Speed (Local),No,37.64368889,-76.59797778,Simple Junction,Dark - Not Lighted,Not Reported,Unknown,Unknown if Notified,Unknown EMS Scene Arrival Hour,Unknown if Arrived,Not Applicable (Not Transported),Not Applicable (Not Transported),1,Dark - Unlighted,Clear,1,0,['Driver'],['None_Used'],1,1,Valid,0.0,0.0,46.0,46.0,['Male'],0,0,5,4,3,Dry,Straight,Level,Lowest,No