,State_Code,State_Name,Crash_ID,Count_Non_Motorists,Count_Vehicles_Total,Count_Vehicle_Forms,Count_PVH_Involved,Count_Occupants_MV,City_Name,Month_Name,Day_of_Month,Day_of_Week,Crash_Hour,Crash_Minute,Area_Rural_Urban,Road_Functional_Class,On_NHS_Road,Latitude,Longitude,Intersection_Type,Light_Condition,Weather_Condition,Notif_Hour,Notif_Minute,Arrival_Hour,Arrival_Minute,Hospital_Hour,Hospital_Minute,Fatalities_Count,Clean_Light_Condition,Clean_Weather_Condition,Total_Killed,Total_Alive,Fatal_Seats_List,Killed_Restraint_List,Any_Driver_Drinking,Total_Drinking_Drivers,Driver_License_Category,Driver_Max_Prev_Accident_Count,Driver_Max_Prev_Speeding_Count,Max_Driver_Age,Min_Driver_Age,Driver_Sex_List,Total_Exceeding_Limit_Vehicles,Total_Too_Fast_Vehicles,Max_Vehicle_Type_Severity_5,Max_Vehicle_Damage_Rank,Max_Harmful_Event_Severity,Crash_Road_Surface_Condition,Crash_Horizontal_Alignment,Crash_Vertical_Profile,Crash_Impairment_Category,Crash_Vehicle_Defect
35913,51,Virginia,510752,0,1,1,0,1,NOT APPLICABLE,November,5,Sunday,8,0,Rural,Medium Speed (Collector),No,36.64152222,-77.05318333,Non-Intersection,Daylight,Not Reported,Unknown,Unknown,Unknown EMS Scene Arrival Hour,Unknown EMS Scene Arrival Minutes,Unknown,Unknown EMS Hospital Arrival Time,1,Daylight,Clear,1,0,['Driver'],['None_Used'],0,0,Valid,0.0,0.0,56.0,56.0,['Male'],0,0,2,4,3,Dry,Straight,Level,Lowest,No
35914,51,Virginia,510753,0,2,2,0,5,VIRGINIA BEACH,November,4,Saturday,13,50,Urban,Medium Speed (Collector),Yes,36.84394722,-76.03298611,Simple Junction,Daylight,Not Reported,Unknown,Unknown,Unknown EMS Scene Arrival Hour,Unknown EMS Scene Arrival Minutes,Unknown,Unknown EMS Hospital Arrival Time,1,Daylight,Clear,1,4,['Driver'],['Shoulder_Lapbelt'],1,1,Valid,0.0,1.0,29.0,28.0,"['Male', 'Female']",0,0,3,4,5,Dry,Straight,Level,Lowest,No
35915,51,Virginia,510754,3,4,1,3,1,NOT APPLICABLE,November,4,Saturday,4,31,Urban,High Speed (Arterial),Yes,38.85512778,-77.07320556,Non-Intersection,Dark - Lighted,Not Reported,Unknown,Unknown,Unknown EMS Scene Arrival Hour,Unknown EMS Scene Arrival Minutes,Unknown,Unknown EMS Hospital Arrival Time,1,Dark - Lighted,Clear,0,1,[],[],0,0,Valid,0.0,0.0,51.0,51.0,['Female'],0,0,3,4,5,Dry,Straight,Level,Medium,No
35916,51,Virginia,510755,0,1,1,0,1,NOT APPLICABLE,November,6,Monday,16,1,Urban,High Speed (Arterial),Yes,36.56090278,-79.88221944,Non-Intersection,Daylight,Not Reported,Unknown,Unknown if Notified,Unknown EMS Scene Arrival Hour,Unknown if Arrived,Not Applicable (Not Transported),Not Applicable (Not Transported),1,Daylight,Clear,1,0,['Driver'],['Shoulder_Lapbelt'],0,0,Valid,0.0,0.0,56.0,56.0,['Male'],0,0,4,4,3,Dry,Curve,Level,Lowest,No
35917,51,Virginia,510756,1,1,1,0,1,NOT APPLICABLE,November,7,Tuesday,18,34,Rural,High Speed (Arterial),Yes,37.80713333,-75.59464722,Non-Intersection,Dark - Not Lighted,Not Reported,Unknown,Unknown if Notified,Unknown EMS Scene Arrival Hour,Unknown if Arrived,Not Applicable (Not Transported),Not Applicable (Not Transported),1,Dark - Unlighted,Clear,0,1,[],[],0,0,Valid,0.0,0.0,63.0,63.0,['Male'],0,0,3,4,4,Dry,Straight,Level,Lowest,No
35918,51,Virginia,510757,0,2,2,0,2,ROANOKE,November,1,Wednesday,14,32,Urban,Medium Speed (Collector),No,37.26694167,-79.94848889,Complex/Circle,Daylight,Not Reported,Unknown,Unknown,Unknown EMS Scene Arrival Hour,Unknown EMS Scene Arrival Minutes,Unknown,Unknown EMS Hospital Arrival Time,1,Daylight,Clear,1,1,['Driver'],['None_Used'],0,0,Valid,1.0,0.0,64.0,59.0,"['Male', 'Male']",1,0,5,4,5,Dry,Straight,Grade/Hillcrest,Lowest,No
35919,51,Virginia,510758,0,1,1,0,1,NOT APPLICABLE,November,8,Wednesday,13,10,Rural,High Speed (Arterial),Yes,36.84414722,-77.43745,Non-Intersection,Daylight,Not Reported,Unknown,Unknown if Notified,Unknown EMS Scene Arrival Hour,Unknown if Arrived,Not Applicable (Not Transported),Not Applicable (Not Transported),1,Daylight,Clear,1,0,['Driver'],['None_Used'],0,0,Valid,0.0,0.0,73.0,73.0,['Female'],0,0,2,4,3,Dry,Straight,Level,Lowest,No
35920,51,Virginia,510759,0,1,1,0,1,NOT APPLICABLE,November,2,Thursday,16,0,Rural,Medium Speed (Collector),No,36.92241944,-81.53221111,Non-Intersection,Daylight,Not Reported,Unknown,Unknown,Unknown EMS Scene Arrival Hour,Unknown EMS Scene Arrival Minutes,Unknown,Unknown EMS Hospital Arrival Time,1,Daylight,Clear,1,0,['Driver'],['Shoulder_Lapbelt'],0,0,Valid,0.0,0.0,71.0,71.0,['Other'],0,0,3,4,3,Dry,Curve,Grade/Hillcrest,Lowest,No
35921,51,Virginia,510760,0,2,2,0,2,NOT APPLICABLE,November,9,Thursday,0,20,Urban,High Speed (Arterial),Yes,38.80188611,-77.08908611,Non-Intersection,Dark - Lighted,Not Reported,Unknown,Unknown if Notified,Unknown EMS Scene Arrival Hour,Unknown if Arrived,Not Applicable (Not Transported),Not Applicable (Not Transported),1,Dark - Lighted,Clear,1,1,['Driver'],['Shoulder_Lapbelt'],0,0,Valid,0.0,2.0,40.0,30.0,"['Female', 'Male']",0,0,4,4,5,Dry,Straight,Level,Lowest,Yes
35922,51,Virginia,510761,0,2,2,0,2,NOT APPLICABLE,November,9,Thursday,18,3,Urban,Medium Speed (Collector),No,36.626075,-79.41353056,Non-Intersection,Dark - Not Lighted,Not Reported,Unknown,Unknown,Unknown EMS Scene Arrival Hour,Unknown EMS Scene Arrival Minutes,Unknown,Unknown EMS Hospital Arrival Time,1,Dark - Unlighted,Clear,1,1,['Driver'],['Shoulder_Lapbelt'],0,0,Valid,1.0,5.0,57.0,23.0,"['Male', 'Female']",1,0,3,4,5,Dry,Straight,Level,Lowest,No
35923,51,Virginia,510763,0,1,1,0,3,VIRGINIA BEACH,November,12,Sunday,3,3,Urban,Medium Speed (Collector),Yes,36.84333056,-76.02736111,Non-Intersection,Dark - Lighted,Not Reported,Unknown,Unknown,Unknown EMS Scene Arrival Hour,Unknown EMS Scene Arrival Minutes,Unknown,Unknown EMS Hospital Arrival Time,1,Dark - Lighted,Clear,1,2,['Driver'],['Shoulder_Lapbelt'],0,0,Valid,1.0,0.0,23.0,23.0,['Male'],3,0,2,4,3,Dry,Straight,Level,Lowest,No
35924,51,Virginia,510764,0,1,1,0,1,SUFFOLK,November,12,Sunday,19,52,Rural,Medium Speed (Collector),No,36.70013611,-76.56139722,Non-Intersection,Dark - Lighted,Not Reported,Unknown,Unknown if Notified,Unknown EMS Scene Arrival Hour,Unknown if Arrived,Not Applicable (Not Transported),Not Applicable (Not Transported),1,Dark - Lighted,Clear,1,0,['Driver'],['None_Used'],0,0,Valid,1.0,1.0,62.0,62.0,['Male'],1,0,2,4,3,Dry,Straight,Level,Lowest,No
35925,51,Virginia,510765,0,1,1,0,2,NOT APPLICABLE,November,11,Saturday,16,5,Urban,High Speed (Arterial),Yes,38.41664444,-77.425925,Non-Intersection,Daylight,Not Reported,Unknown,Unknown if Notified,Unknown EMS Scene Arrival Hour,Unknown if Arrived,Not Applicable (Not Transported),Not Applicable (Not Transported),1,Daylight,Clear,1,1,['Front_Passenger'],['None_Used'],0,0,Valid,0.0,0.0,49.0,34.0,Other,0,0,3,4,3,Dry,Straight,Level,Lowest,No
35926,51,Virginia,510766,0,1,1,0,1,NOT APPLICABLE,November,14,Tuesday,17,0,Rural,High Speed (Arterial),Yes,38.03375,-77.8899,Non-Intersection,Dusk,Not Reported,Unknown,Unknown if Notified,Unknown EMS Scene Arrival Hour,Unknown if Arrived,Not Applicable (Not Transported),Not Applicable (Not Transported),1,Twilight,Clear,1,0,['Driver'],['Shoulder_Lapbelt'],0,0,Valid,0.0,0.0,61.0,61.0,['Male'],0,0,3,4,3,Dry,Curve,Grade/Hillcrest,Lowest,No
35927,51,Virginia,510767,0,1,1,0,1,NOT APPLICABLE,November,15,Wednesday,20,15,Rural,Medium Speed (Collector),No,37.1499,-80.51053056,Non-Intersection,Dark - Unknown Lighting,Not Reported,Unknown,Unknown if Notified,Unknown EMS Scene Arrival Hour,Unknown if Arrived,Not Applicable (Not Transported),Not Applicable (Not Transported),1,Dark - Unlighted,Clear,1,0,['Driver'],['Shoulder_Lapbelt'],0,0,Invalid,0.0,0.0,48.0,48.0,['Male'],1,0,2,4,2,Dry,Straight,Grade/Hillcrest,Lowest,No
35928,51,Virginia,510768,0,1,1,0,2,NOT APPLICABLE,November,15,Wednesday,20,19,Rural,Medium Speed (Collector),No,36.79051111,-78.90591389,Non-Intersection,Dark - Not Lighted,Not Reported,Unknown,Unknown if Notified,Unknown EMS Scene Arrival Hour,Unknown if Arrived,Not Applicable (Not Transported),Not Applicable (Not Transported),2,Dark - Unlighted,Clear,2,0,"['Driver', 'Front_Passenger']","['None_Used', 'None_Used']",1,1,Valid,0.0,1.0,28.0,28.0,['Male'],2,0,3,4,3,Dry,Straight,Grade/Hillcrest,Lowest,No
35929,51,Virginia,510769,0,2,2,0,4,PETERSBURG,November,17,Friday,14,20,Urban,High Speed (Arterial),Yes,37.21276111,-77.37538611,Non-Intersection,Daylight,Not Reported,Unknown,Unknown,Unknown EMS Scene Arrival Hour,Unknown EMS Scene Arrival Minutes,Unknown,Unknown EMS Hospital Arrival Time,1,Daylight,Clear,1,3,['Rear_Seat'],['None_Used'],0,0,Valid,2.0,2.0,59.0,24.0,"['Male', 'Male']",3,0,3,4,5,Dry,Curve,Level,Lowest,No
35930,51,Virginia,510770,0,1,1,0,1,JARRATT,November,17,Friday,12,49,Rural,Low Speed (Local),No,36.81038056,-77.46826389,Non-Intersection,Daylight,Not Reported,Unknown,Unknown,Unknown EMS Scene Arrival Hour,Unknown EMS Scene Arrival Minutes,Not Applicable (Not Transported),Not Applicable (Not Transported),1,Daylight,Clear,1,0,['Driver'],['Shoulder_Lapbelt'],0,0,Valid,1.0,0.0,67.0,67.0,['Female'],0,0,3,4,4,Dry,Straight,Grade/Hillcrest,Lowest,No
35931,51,Virginia,510771,0,2,2,0,2,NOT APPLICABLE,November,16,Thursday,21,0,Urban,High Speed (Arterial),No,38.86821944,-77.44193889,Non-Intersection,Dark - Lighted,Not Reported,Unknown,Unknown if Notified,Unknown EMS Scene Arrival Hour,Unknown if Arrived,Not Applicable (Not Transported),Not Applicable (Not Transported),1,Dark - Lighted,Clear,1,1,['Driver'],['None_Used'],0,0,Valid,0.0,3.0,53.0,27.0,"['Male', 'Male']",1,0,5,4,5,Dry,Straight,Level,Lowest,No
35932,51,Virginia,510772,0,2,2,0,2,NOT APPLICABLE,November,16,Thursday,9,25,Urban,Medium Speed (Collector),No,37.44101111,-77.34330278,Non-Intersection,Daylight,Not Reported,Unknown,Unknown if Notified,Unknown EMS Scene Arrival Hour,Unknown if Arrived,Not Applicable (Not Transported),Not Applicable (Not Transported),1,Daylight,Clear,1,1,['Driver'],['None_Used'],0,0,Invalid,0.0,0.0,60.0,41.0,"['Male', 'Male']",0,0,4,4,5,Dry,Straight,Level,Lowest,No
35933,51,Virginia,510773,0,3,3,0,3,VIRGINIA BEACH,November,17,Friday,18,31,Urban,Medium Speed (Collector),No,36.82631389,-76.14540833,Simple Junction,Dark - Lighted,Not Reported,Unknown,Unknown if Notified,Unknown EMS Scene Arrival Hour,Unknown if Arrived,Not Applicable (Not Transported),Not Applicable (Not Transported),1,Dark - Lighted,Clear,1,2,['Driver'],['None_Used'],1,1,Invalid,0.0,1.0,42.0,23.0,"['Male', 'Male', 'Female']",1,0,5,4,5,Dry,Straight,Level,Lowest,No
35934,51,Virginia,510774,0,1,1,0,1,NOT APPLICABLE,November,18,Saturday,15,53,Rural,Medium Speed (Collector),No,37.89414722,-77.82765278,Non-Intersection,Daylight,Not Reported,Unknown,Unknown if Notified,Unknown EMS Scene Arrival Hour,Unknown if Arrived,Not Applicable (Not Transported),Not Applicable (Not Transported),1,Daylight,Clear,1,0,['Driver'],['Shoulder_Lapbelt'],0,0,Valid,0.0,0.0,18.0,18.0,['Male'],1,0,2,4,3,Dry,Straight,Level,Lowest,No
35935,51,Virginia,510775,0,2,2,0,7,NOT APPLICABLE,November,18,Saturday,20,19,Rural,Medium Speed (Collector),No,37.01603056,-78.96086389,Non-Intersection,Dark - Not Lighted,Not Reported,Unknown,Unknown,Unknown EMS Scene Arrival Hour,Unknown EMS Scene Arrival Minutes,Unknown,Unknown EMS Hospital Arrival Time,1,Dark - Unlighted,Clear,1,6,['Front_Passenger'],['Shoulder_Lapbelt'],0,0,Invalid,1.0,7.0,29.0,25.0,"['Male', 'Male']",5,0,3,4,5,Dry,Curve,Grade/Hillcrest,Lowest,No
35936,51,Virginia,510776,0,1,1,0,1,NOT APPLICABLE,November,19,Sunday,1,19,Urban,Medium Speed (Collector),No,38.77918333,-77.18456667,Simple Junction,Dark - Lighted,Not Reported,Unknown,Unknown if Notified,Unknown EMS Scene Arrival Hour,Unknown if Arrived,Not Applicable (Not Transported),Not Applicable (Not Transported),1,Dark - Lighted,Clear,1,0,['Driver'],['None_Used'],0,0,Valid,0.0,0.0,21.0,21.0,['Male'],1,0,2,4,3,Dry,Straight,Level,Lowest,No
35937,51,Virginia,510777,0,2,2,0,2,NOT APPLICABLE,November,19,Sunday,5,5,Urban,High Speed (Arterial),Yes,38.62836111,-77.29326667,Non-Intersection,Dark - Lighted,Not Reported,Unknown,Unknown if Notified,Unknown EMS Scene Arrival Hour,Unknown if Arrived,Not Applicable (Not Transported),Not Applicable (Not Transported),1,Dark - Lighted,Clear,1,1,['Driver'],['Shoulder_Lapbelt'],0,0,Valid,0.0,1.0,48.0,31.0,"['Male', 'Male']",1,0,4,4,5,Dry,Straight,Level,Lowest,No
35938,51,Virginia,510778,0,1,1,0,1,NOT APPLICABLE,November,20,Monday,16,29,Rural,Medium Speed (Collector),No,37.37321111,-76.84112778,Non-Intersection,Dusk,Not Reported,Unknown,Unknown if Notified,Unknown EMS Scene Arrival Hour,Unknown if Arrived,Not Applicable (Not Transported),Not Applicable (Not Transported),1,Twilight,Clear,1,0,['Driver'],['None_Used'],0,0,Valid,0.0,0.0,64.0,64.0,['Male'],0,0,2,4,3,Dry,Curve,Level,Lowest,No
35939,51,Virginia,510779,0,2,2,0,3,WYTHEVILLE,November,22,Wednesday,7,5,Rural,High Speed (Arterial),Yes,36.97615278,-81.06863611,Non-Intersection,Dawn,"Fog, Smog, Smoke",Unknown,Unknown if Notified,Unknown EMS Scene Arrival Hour,Unknown if Arrived,Not Applicable (Not Transported),Not Applicable (Not Transported),2,Twilight,Reduced Visibility,2,1,"['Driver', 'Front_Passenger']","['Shoulder_Lapbelt', 'Shoulder_Lapbelt']",0,0,Valid,0.0,1.0,64.0,41.0,"['Male', 'Male']",0,0,4,4,5,Dry,Straight,Grade/Hillcrest,Lowest,Yes
35940,51,Virginia,510780,0,2,2,0,4,NOT APPLICABLE,November,21,Tuesday,16,12,Rural,High Speed (Arterial),Yes,37.81684722,-75.58941667,Non-Intersection,Dark - Not Lighted,Rain,Unknown,Unknown,Unknown EMS Scene Arrival Hour,Unknown EMS Scene Arrival Minutes,Unknown,Unknown EMS Hospital Arrival Time,2,Dark - Unlighted,Rain/Wind/Minor,2,2,"['Driver', 'Rear_Seat']","['Shoulder_Lapbelt', 'Shoulder_Lapbelt']",0,0,Valid,0.0,0.0,69.0,63.0,"['Male', 'Male']",0,0,4,4,5,Wet/Standing Water,Straight,Level,Lowest,No
35941,51,Virginia,510781,0,1,1,0,3,NORFOLK,November,21,Tuesday,22,16,Urban,Medium Speed (Collector),No,36.90347778,-76.23980278,Non-Intersection,Dark - Lighted,Rain,Unknown,Unknown,Unknown EMS Scene Arrival Hour,Unknown EMS Scene Arrival Minutes,Unknown,Unknown EMS Hospital Arrival Time,1,Dark - Lighted,Rain/Wind/Minor,1,2,['Front_Passenger'],['None_Used'],1,1,Invalid,0.0,0.0,23.0,23.0,['Male'],0,0,2,4,3,Wet/Standing Water,Straight,Level,Lowest,No
35942,51,Virginia,510782,0,1,1,0,1,NOT APPLICABLE,November,22,Wednesday,7,0,Rural,Medium Speed (Collector),No,37.30142778,-82.02864167,Non-Intersection,Dawn,Rain,Unknown,Unknown if Notified,Unknown EMS Scene Arrival Hour,Unknown if Arrived,Not Applicable (Not Transported),Not Applicable (Not Transported),1,Twilight,Rain/Wind/Minor,1,0,['Driver'],['None_Used'],0,0,Valid,0.0,0.0,20.0,20.0,['Male'],1,0,3,4,3,Wet/Standing Water,Curve,Level,Lowest,No
35943,51,Virginia,510783,0,2,2,0,4,HAMPTON,November,21,Tuesday,16,43,Urban,Medium Speed (Collector),No,37.02379167,-76.3753,Non-Intersection,Dusk,Not Reported,Unknown,Unknown,Unknown EMS Scene Arrival Hour,Unknown EMS Scene Arrival Minutes,Unknown,Unknown EMS Hospital Arrival Time,1,Twilight,Clear,1,3,['Front_Passenger'],['None_Used'],0,0,Invalid,0.0,0.0,49.0,44.0,"['Male', 'Female']",0,0,3,4,5,Wet/Standing Water,Curve,Level,Lowest,No
35944,51,Virginia,510784,1,2,2,0,1,NOT APPLICABLE,November,21,Tuesday,18,11,Urban,High Speed (Arterial),Yes,36.81243056,-81.60934722,Non-Intersection,Dark - Not Lighted,Rain,Unknown,Unknown,Unknown EMS Scene Arrival Hour,Unknown EMS Scene Arrival Minutes,Unknown,Unknown EMS Hospital Arrival Time,1,Dark - Unlighted,Rain/Wind/Minor,0,1,[],[],0,0,Valid,0.0,0.0,64.0,64.0,['Other'],1,0,4,4,5,Wet/Standing Water,Curve,Grade/Hillcrest,Lowest,No
35945,51,Virginia,510785,0,1,1,0,2,NOT APPLICABLE,November,24,Friday,12,30,Rural,Medium Speed (Collector),No,36.69482778,-79.96287222,Non-Intersection,Daylight,Not Reported,Unknown,Unknown,Unknown EMS Scene Arrival Hour,Unknown EMS Scene Arrival Minutes,Unknown,Unknown EMS Hospital Arrival Time,1,Daylight,Clear,1,1,['Front_Passenger'],['None_Used'],0,0,Invalid,0.0,0.0,16.0,16.0,['Male'],2,0,3,4,3,Dry,Curve,Level,Lowest,No
35946,51,Virginia,510786,0,2,2,0,2,NOT APPLICABLE,November,23,Thursday,23,10,Rural,Medium Speed (Collector),No,37.44596667,-77.99960278,Non-Intersection,Dark - Not Lighted,Not Reported,Unknown,Unknown,Unknown EMS Scene Arrival Hour,Unknown EMS Scene Arrival Minutes,Unknown,Unknown EMS Hospital Arrival Time,1,Dark - Unlighted,Clear,1,1,['Driver'],['None_Used'],0,0,Invalid,0.0,0.0,43.0,39.0,"['Female', 'Male']",0,0,2,4,5,Dry,Straight,Grade/Hillcrest,Lowest,No
35947,51,Virginia,510787,0,1,1,0,1,NOT APPLICABLE,November,23,Thursday,7,55,Rural,Low Speed (Local),No,38.34668333,-78.20064722,Non-Intersection,Daylight,Not Reported,Unknown,Unknown,Unknown EMS Scene Arrival Hour,Unknown EMS Scene Arrival Minutes,Unknown,Unknown EMS Hospital Arrival Time,1,Daylight,Clear,1,0,['Driver'],['None_Used'],0,0,Valid,3.0,0.0,89.0,89.0,['Male'],0,0,3,4,3,Dry,Curve,Level,Lowest,No
35948,51,Virginia,510788,0,1,1,0,2,NOT APPLICABLE,November,26,Sunday,14,25,Urban,Medium Speed (Collector),No,37.64568056,-77.52162778,Non-Intersection,Daylight,Rain,Unknown,Unknown,Unknown EMS Scene Arrival Hour,Unknown EMS Scene Arrival Minutes,Unknown,Unknown EMS Hospital Arrival Time,1,Daylight,Rain/Wind/Minor,1,1,['Front_Passenger'],['Shoulder_Lapbelt'],0,0,Valid,0.0,0.0,64.0,64.0,['Female'],0,0,3,4,3,Wet/Standing Water,Curve,Level,Lowest,No
35949,51,Virginia,510789,0,1,1,0,1,NOT APPLICABLE,November,26,Sunday,3,57,Rural,Medium Speed (Collector),No,38.88210278,-77.48656944,Non-Intersection,Dark - Not Lighted,Not Reported,Unknown,Unknown if Notified,Unknown EMS Scene Arrival Hour,Unknown if Arrived,Not Applicable (Not Transported),Not Applicable (Not Transported),1,Dark - Unlighted,Clear,1,0,['Driver'],['Shoulder_Lapbelt'],1,1,Valid,0.0,2.0,28.0,28.0,['Male'],1,0,2,4,3,Dry,Straight,Grade/Hillcrest,Lowest,No
35950,51,Virginia,510790,0,1,1,0,1,NOT APPLICABLE,November,27,Monday,16,28,Rural,High Speed (Arterial),Yes,37.4561,-79.82619722,Non-Intersection,Daylight,Not Reported,Unknown,Unknown if Notified,Unknown EMS Scene Arrival Hour,Unknown if Arrived,Not Applicable (Not Transported),Not Applicable (Not Transported),1,Daylight,Clear,1,0,['Driver'],['None_Used'],0,0,Valid,0.0,0.0,63.0,63.0,['Female'],1,0,3,4,3,Dry,Curve,Level,Medium,No
35951,51,Virginia,510791,0,1,1,0,2,NOT APPLICABLE,November,27,Monday,15,24,Urban,High Speed (Arterial),Yes,38.19643056,-78.99528333,Non-Intersection,Daylight,Not Reported,Unknown,Unknown,Unknown EMS Scene Arrival Hour,Unknown EMS Scene Arrival Minutes,Unknown,Unknown EMS Hospital Arrival Time,1,Daylight,Clear,1,1,['Front_Passenger'],['Shoulder_Lapbelt'],0,0,Valid,0.0,0.0,86.0,86.0,['Male'],0,0,3,4,3,Dry,Straight,Level,Lowest,No
35952,51,Virginia,510792,1,1,1,0,1,NOT APPLICABLE,November,10,Friday,5,30,Urban,Medium Speed (Collector),No,36.86701111,-81.42201389,Non-Intersection,Dark - Not Lighted,Rain,Unknown,Unknown,Unknown EMS Scene Arrival Hour,Unknown EMS Scene Arrival Minutes,Unknown,Unknown EMS Hospital Arrival Time,1,Dark - Unlighted,Rain/Wind/Minor,0,1,[],[],0,0,Valid,0.0,0.0,29.0,29.0,['Male'],0,0,3,1,4,Wet/Standing Water,Straight,Level,Lowest,No
35953,51,Virginia,510793,1,1,1,0,1,RICHMOND,November,24,Friday,16,30,Urban,High Speed (Arterial),Yes,37.50353056,-77.47150556,Non-Intersection,Daylight,Not Reported,Unknown,Unknown,Unknown EMS Scene Arrival Hour,Unknown EMS Scene Arrival Minutes,Unknown,Unknown EMS Hospital Arrival Time,1,Daylight,Clear,0,1,[],[],0,0,Valid,0.0,0.0,56.0,56.0,['Female'],0,0,2,4,4,Dry,Straight,Level,Lowest,No
35954,51,Virginia,510795,0,4,4,0,4,ALEXANDRIA,November,2,Thursday,17,34,Urban,High Speed (Arterial),Yes,38.83225833,-77.10595556,Non-Intersection,Dusk,Not Reported,Unknown,Unknown,Unknown EMS Scene Arrival Hour,Unknown EMS Scene Arrival Minutes,Unknown,Unknown EMS Hospital Arrival Time,1,Twilight,Clear,1,3,['Driver'],['Shoulder_Lapbelt'],0,0,Valid,0.0,1.0,58.0,28.0,"['Male', 'Male', 'Male', 'Female']",0,0,3,4,5,Dry,Straight,Level,Lowest,No
35955,51,Virginia,510796,0,1,1,0,1,NOT APPLICABLE,November,25,Saturday,18,48,Urban,Medium Speed (Collector),No,38.69750833,-77.36981944,Non-Intersection,Dark - Not Lighted,Not Reported,Unknown,Unknown,Unknown EMS Scene Arrival Hour,Unknown EMS Scene Arrival Minutes,Unknown,Unknown EMS Hospital Arrival Time,1,Dark - Unlighted,Clear,1,0,['Driver'],['Shoulder_Lapbelt'],0,0,Valid,0.0,0.0,35.0,35.0,['Male'],1,0,2,4,3,Dry,Curve,Grade/Hillcrest,Lowest,No
35956,51,Virginia,510797,0,2,2,0,2,SOUTH HILL,November,13,Monday,6,0,Rural,High Speed (Arterial),Yes,36.751175,-78.09281389,Simple Junction,Dawn,Not Reported,Unknown,Unknown,Unknown EMS Scene Arrival Hour,Unknown EMS Scene Arrival Minutes,Unknown,Unknown EMS Hospital Arrival Time,1,Twilight,Clear,1,1,['Driver'],['Shoulder_Lapbelt'],0,0,Valid,0.0,0.0,57.0,31.0,"['Female', 'Male']",0,0,4,4,5,Dry,Straight,Level,Lowest,No
35957,51,Virginia,510798,1,1,1,0,1,NOT APPLICABLE,November,30,Thursday,14,36,Rural,Medium Speed (Collector),No,37.27089167,-75.9807,Non-Intersection,Daylight,Not Reported,Unknown,Unknown,Unknown EMS Scene Arrival Hour,Unknown EMS Scene Arrival Minutes,Unknown,Unknown EMS Hospital Arrival Time,1,Daylight,Clear,0,1,[],[],0,0,Invalid,0.0,0.0,21.0,21.0,['Male'],0,0,2,4,4,Dry,Straight,Level,Lowest,No
35958,51,Virginia,510799,0,1,1,0,1,NOT APPLICABLE,November,29,Wednesday,22,10,Rural,Medium Speed (Collector),No,38.61318611,-77.76254444,Non-Intersection,Dark - Not Lighted,Not Reported,Unknown,Unknown,Unknown EMS Scene Arrival Hour,Unknown EMS Scene Arrival Minutes,Unknown,Unknown EMS Hospital Arrival Time,1,Dark - Unlighted,Clear,1,0,['Driver'],['None_Used'],1,1,Valid,0.0,1.0,25.0,25.0,['Male'],1,0,3,4,3,Dry,Straight,Level,Lowest,No
35959,51,Virginia,510800,0,2,2,0,2,NOT APPLICABLE,November,30,Thursday,14,24,Rural,Low Speed (Local),No,36.92901111,-80.04099722,Non-Intersection,Daylight,Not Reported,Unknown,Unknown if Notified,Unknown EMS Scene Arrival Hour,Unknown if Arrived,Not Applicable (Not Transported),Not Applicable (Not Transported),1,Daylight,Clear,1,1,['Driver'],['None_Used'],0,0,Valid,0.0,0.0,65.0,35.0,"['Male', 'Male']",1,0,5,4,5,Dry,Straight,Grade/Hillcrest,Lowest,No
35960,51,Virginia,510801,1,2,2,0,2,NOT APPLICABLE,November,30,Thursday,20,8,Urban,High Speed (Arterial),Yes,37.3257,-79.19020833,Complex/Circle,Dark - Not Lighted,Not Reported,Unknown,Unknown,Unknown EMS Scene Arrival Hour,Unknown EMS Scene Arrival Minutes,Unknown,Unknown EMS Hospital Arrival Time,1,Dark - Unlighted,Clear,0,2,[],[],0,0,Valid,0.0,2.0,58.0,35.0,"['Male', 'Male']",0,0,3,4,4,Dry,Straight,Grade/Hillcrest,Lowest,No