,State_Code,State_Name,Crash_ID,Count_Non_Motorists,Count_Vehicles_Total,Count_Vehicle_Forms,Count_PVH_Involved,Count_Occupants_MV,City_Name,Month_Name,Day_of_Month,Day_of_Week,Crash_Hour,Crash_Minute,Area_Rural_Urban,Road_Functional_Class,On_NHS_Road,Latitude,Longitude,Intersection_Type,Light_Condition,Weather_Condition,Notif_Hour,Notif_Minute,Arrival_Hour,Arrival_Minute,Hospital_Hour,Hospital_Minute,Fatalities_Count,Clean_Light_Condition,Clean_Weather_Condition,Total_Killed,Total_Alive,Fatal_Seats_List,Killed_Restraint_List,Any_Driver_Drinking,Total_Drinking_Drivers,Driver_License_Category,Driver_Max_Prev_Accident_Count,Driver_Max_Prev_Speeding_Count,Max_Driver_Age,Min_Driver_Age,Driver_Sex_List,Total_Exceeding_Limit_Vehicles,Total_Too_Fast_Vehicles,Max_Vehicle_Type_Severity_5,Max_Vehicle_Damage_Rank,Max_Harmful_Event_Severity,Crash_Road_Surface_Condition,Crash_Horizontal_Alignment,Crash_Vertical_Profile,Crash_Impairment_Category,Crash_Vehicle_Defect
35961,51,Virginia,510802,0,3,2,1,2,CHRISTIANSBURG,November,28,Tuesday,15,36,Urban,Medium Speed (Collector),Yes,37.13883611,-80.41454167,Non-Intersection,Daylight,Not Reported,Unknown,Unknown,Unknown EMS Scene Arrival Hour,Unknown EMS Scene Arrival Minutes,Unknown,Unknown EMS Hospital Arrival Time,1,Daylight,Clear,1,1,['Driver'],['None_Used'],0,0,Valid,2.0,0.0,88.0,49.0,"['Male', 'Female']",0,0,3,4,5,Dry,Straight,Level,Medium,No
35962,51,Virginia,510803,0,4,4,0,4,ASHLAND,November,16,Thursday,6,24,Urban,High Speed (Arterial),Yes,37.76059444,-77.46000556,Non-Intersection,Dawn,Not Reported,Unknown,Unknown,Unknown EMS Scene Arrival Hour,Unknown EMS Scene Arrival Minutes,Unknown,Unknown EMS Hospital Arrival Time,1,Twilight,Clear,1,3,['Driver'],['Shoulder_Lapbelt'],0,0,Valid,0.0,1.0,71.0,22.0,"['Male', 'Male', 'Male', 'Male']",0,0,4,4,5,Dry,Straight,Level,Lowest,No
35963,51,Virginia,510804,0,2,2,0,3,VIRGINIA BEACH,November,3,Friday,11,0,Urban,High Speed (Arterial),Yes,36.81102778,-76.13871667,Complex/Circle,Daylight,Not Reported,Unknown,Unknown,Unknown EMS Scene Arrival Hour,Unknown EMS Scene Arrival Minutes,Unknown,Unknown EMS Hospital Arrival Time,1,Daylight,Clear,1,2,['Driver'],['Shoulder_Lapbelt'],0,0,Valid,0.0,0.0,86.0,30.0,"['Female', 'Female']",0,0,3,4,5,Dry,Straight,Level,Lowest,No
35964,51,Virginia,510805,0,2,2,0,2,NOT APPLICABLE,November,4,Saturday,1,25,Rural,High Speed (Arterial),Yes,37.87919167,-79.3004,Non-Intersection,Dark - Not Lighted,Not Reported,Unknown,Unknown if Notified,Unknown EMS Scene Arrival Hour,Unknown if Arrived,Not Applicable (Not Transported),Not Applicable (Not Transported),1,Dark - Unlighted,Clear,1,1,['Driver'],['Shoulder_Lapbelt'],1,1,Valid,1.0,0.0,60.0,36.0,"['Male', 'Male']",0,0,4,4,5,Dry,Straight,Level,Lowest,No
35965,51,Virginia,510806,0,1,1,0,1,NORFOLK,November,17,Friday,6,43,Urban,Medium Speed (Collector),No,36.84996111,-76.24860833,Complex/Circle,Daylight,Not Reported,Unknown,Unknown,Unknown EMS Scene Arrival Hour,Unknown EMS Scene Arrival Minutes,Unknown,Unknown EMS Hospital Arrival Time,1,Daylight,Clear,1,0,['Driver'],['None_Used'],0,0,Valid,1.0,1.0,37.0,37.0,['Male'],1,0,2,4,3,Dry,Straight,Level,Lowest,No
35966,51,Virginia,510807,0,2,2,0,4,NOT APPLICABLE,November,29,Wednesday,7,27,Rural,Medium Speed (Collector),No,37.19170278,-80.36449722,Non-Intersection,Daylight,Not Reported,Unknown,Unknown,Unknown EMS Scene Arrival Hour,Unknown EMS Scene Arrival Minutes,Unknown,Unknown EMS Hospital Arrival Time,1,Daylight,Clear,1,3,['Rear_Seat'],['None_Used'],0,0,Valid,0.0,1.0,60.0,34.0,"['Male', 'Female']",0,0,3,1,5,Dry,Straight,Level,Lowest,No
35967,51,Virginia,510808,0,3,1,2,7,NOT APPLICABLE,November,20,Monday,4,54,Urban,Medium Speed (Collector),No,38.88225556,-77.21911111,Non-Intersection,Dark - Not Lighted,Not Reported,Unknown,Unknown,Unknown EMS Scene Arrival Hour,Unknown EMS Scene Arrival Minutes,Unknown,Unknown EMS Hospital Arrival Time,1,Dark - Unlighted,Clear,1,6,['Rear_Seat'],['None_Used'],1,1,Valid,0.0,0.0,17.0,17.0,['Male'],7,0,3,4,3,Dry,Straight,Grade/Hillcrest,Lowest,No
35968,51,Virginia,510809,1,1,1,0,1,NOT APPLICABLE,November,5,Sunday,16,20,Urban,Medium Speed (Collector),No,37.46990833,-77.64694444,Non-Intersection,Daylight,Not Reported,Unknown,Unknown,Unknown EMS Scene Arrival Hour,Unknown EMS Scene Arrival Minutes,Unknown,Unknown EMS Hospital Arrival Time,1,Daylight,Clear,0,1,[],[],0,0,Valid,0.0,0.0,55.0,55.0,['Male'],1,0,2,1,4,Dry,Straight,Level,Lowest,No
35969,51,Virginia,510810,0,1,1,0,3,RICHMOND,July,21,Friday,2,12,Urban,High Speed (Arterial),Yes,37.46925833,-77.48350556,Non-Intersection,Dark - Lighted,Not Reported,Unknown,Unknown if Notified,Unknown EMS Scene Arrival Hour,Unknown if Arrived,Not Applicable (Not Transported),Not Applicable (Not Transported),1,Dark - Lighted,Clear,1,2,['Front_Passenger'],['None_Used'],0,0,Invalid,0.0,0.0,999.0,999.0,['Other'],0,0,3,4,3,Dry,Straight,Level,Lowest,No
35970,51,Virginia,510811,0,1,1,0,1,NOT APPLICABLE,November,3,Friday,14,5,Rural,High Speed (Arterial),Yes,37.81161667,-75.59353611,Non-Intersection,Daylight,Not Reported,Unknown,Unknown if Notified,Unknown EMS Scene Arrival Hour,Unknown if Arrived,Not Applicable (Not Transported),Not Applicable (Not Transported),1,Daylight,Clear,1,0,['Driver'],['None_Used'],0,0,Valid,0.0,0.0,84.0,84.0,['Male'],0,0,2,4,3,Dry,Curve,Level,Lowest,No
35971,51,Virginia,510812,0,2,2,0,2,CHESAPEAKE,November,24,Friday,13,16,Urban,High Speed (Arterial),Yes,36.77248333,-76.34256667,Complex/Circle,Daylight,Not Reported,Unknown,Unknown,Unknown EMS Scene Arrival Hour,Unknown EMS Scene Arrival Minutes,Unknown,Unknown EMS Hospital Arrival Time,1,Daylight,Clear,1,1,['Driver'],['None_Used'],0,0,Invalid,1.0,1.0,36.0,23.0,"['Male', 'Female']",1,0,3,4,5,Dry,Straight,Level,Lowest,No
35972,51,Virginia,510813,1,1,1,0,1,NOT APPLICABLE,April,21,Friday,17,41,Urban,Low Speed (Local),No,38.220525,-77.51420556,Non-Intersection,Daylight,Not Reported,Unknown,Unknown,Unknown EMS Scene Arrival Hour,Unknown EMS Scene Arrival Minutes,Unknown,Unknown EMS Hospital Arrival Time,1,Daylight,Clear,0,1,[],[],0,0,Valid,0.0,0.0,29.0,29.0,['Female'],0,0,3,1,4,Dry,Straight,Level,Lowest,No
35973,51,Virginia,510814,0,2,2,0,4,NOT APPLICABLE,October,25,Wednesday,4,24,Urban,High Speed (Arterial),Yes,38.93401667,-77.23603611,Non-Intersection,Dark - Not Lighted,Not Reported,Unknown,Unknown,Unknown EMS Scene Arrival Hour,Unknown EMS Scene Arrival Minutes,Unknown,Unknown EMS Hospital Arrival Time,1,Dark - Unlighted,Clear,1,3,['Rear_Seat'],['None_Used'],0,0,Valid,0.0,0.0,48.0,45.0,"['Male', 'Female']",0,0,3,4,5,Dry,Straight,Level,Medium,No
35974,51,Virginia,510815,0,1,1,0,1,NOT APPLICABLE,November,10,Friday,7,50,Rural,Medium Speed (Collector),No,36.76222778,-77.05160278,Non-Intersection,Daylight,Not Reported,Unknown,Unknown if Notified,Unknown EMS Scene Arrival Hour,Unknown if Arrived,Not Applicable (Not Transported),Not Applicable (Not Transported),1,Daylight,Clear,1,0,['Driver'],['None_Used'],0,0,Valid,0.0,1.0,48.0,48.0,['Male'],1,0,2,4,3,Dry,Curve,Level,Lowest,No
35975,51,Virginia,510816,0,3,1,2,1,SUFFOLK,October,5,Thursday,9,49,Urban,Medium Speed (Collector),No,36.87488611,-76.41499444,Non-Intersection,Daylight,Not Reported,Unknown,Unknown,Unknown EMS Scene Arrival Hour,Unknown EMS Scene Arrival Minutes,Unknown,Unknown EMS Hospital Arrival Time,1,Daylight,Clear,1,0,['Driver'],['None_Used'],0,0,Invalid,0.0,0.0,38.0,38.0,['Female'],0,0,2,4,5,Dry,Straight,Level,Lowest,No
35976,51,Virginia,510817,0,2,2,0,2,FRONT ROYAL,November,19,Sunday,17,51,Urban,High Speed (Arterial),Yes,38.93794167,-78.19925,Non-Intersection,Dark - Lighted,Not Reported,Unknown,Unknown,Unknown EMS Scene Arrival Hour,Unknown EMS Scene Arrival Minutes,Unknown,Unknown EMS Hospital Arrival Time,1,Dark - Lighted,Clear,1,1,['Driver'],['None_Used'],0,0,Valid,0.0,0.0,72.0,61.0,"['Female', 'Male']",0,0,2,4,5,Dry,Straight,Level,Lowest,No
35977,51,Virginia,510818,1,1,1,0,2,NOT APPLICABLE,December,17,Sunday,4,25,Urban,High Speed (Arterial),Yes,37.44076111,-77.45648056,Non-Intersection,Dark - Not Lighted,Not Reported,Unknown,Unknown,Unknown EMS Scene Arrival Hour,Unknown EMS Scene Arrival Minutes,Unknown,Unknown EMS Hospital Arrival Time,1,Dark - Unlighted,Clear,0,2,[],[],0,0,Valid,1.0,1.0,28.0,28.0,['Male'],0,0,2,4,3,Dry,Straight,Grade/Hillcrest,Lowest,No
35978,51,Virginia,510819,0,3,3,0,4,NOT APPLICABLE,December,1,Friday,20,3,Rural,High Speed (Arterial),Yes,37.23693333,-76.62968056,Non-Intersection,Dark - Not Lighted,Rain,Unknown,Unknown,Unknown EMS Scene Arrival Hour,Unknown EMS Scene Arrival Minutes,Unknown,Unknown EMS Hospital Arrival Time,1,Dark - Unlighted,Rain/Wind/Minor,1,3,['Driver'],['Shoulder_Lapbelt'],0,0,Valid,0.0,0.0,72.0,30.0,"['Female', 'Female', 'Male']",0,0,3,4,5,Wet/Standing Water,Straight,Level,Lowest,No
35979,51,Virginia,510820,1,1,1,0,1,MANASSAS,December,2,Saturday,23,1,Urban,High Speed (Arterial),No,38.75143889,-77.46910833,Non-Intersection,Dark - Lighted,Rain,Unknown,Unknown,Unknown EMS Scene Arrival Hour,Unknown EMS Scene Arrival Minutes,Not Applicable (Not Transported),Not Applicable (Not Transported),1,Dark - Lighted,Rain/Wind/Minor,0,1,[],[],1,1,Valid,0.0,0.0,47.0,47.0,['Male'],1,0,3,1,4,Wet/Standing Water,Straight,Level,Lowest,No
35980,51,Virginia,510821,0,1,1,0,1,NOT APPLICABLE,December,6,Wednesday,11,50,Rural,Medium Speed (Collector),No,37.18300278,-81.16093056,Non-Intersection,Daylight,Not Reported,Unknown,Unknown,Unknown EMS Scene Arrival Hour,Unknown EMS Scene Arrival Minutes,Unknown,Unknown EMS Hospital Arrival Time,1,Daylight,Clear,1,0,['Driver'],['Shoulder_Lapbelt'],0,0,Valid,0.0,0.0,69.0,69.0,['Female'],0,0,3,1,2,Dry,Curve,Level,Lowest,No
35981,51,Virginia,510823,0,2,2,0,2,NOT APPLICABLE,December,6,Wednesday,19,36,Rural,Medium Speed (Collector),No,38.19162222,-78.30103333,Non-Intersection,Dark - Not Lighted,Not Reported,Unknown,Unknown,Unknown EMS Scene Arrival Hour,Unknown EMS Scene Arrival Minutes,Unknown,Unknown EMS Hospital Arrival Time,1,Dark - Unlighted,Clear,1,1,['Driver'],['None_Used'],0,0,Valid,0.0,0.0,43.0,20.0,"['Male', 'Female']",0,0,3,4,5,Dry,Straight,Level,Lowest,No
35982,51,Virginia,510824,0,2,2,0,2,NOT APPLICABLE,December,7,Thursday,9,10,Rural,Medium Speed (Collector),No,37.01239722,-78.25141667,Non-Intersection,Daylight,Not Reported,Unknown,Unknown,Unknown EMS Scene Arrival Hour,Unknown EMS Scene Arrival Minutes,Unknown,Unknown EMS Hospital Arrival Time,1,Daylight,Clear,1,1,['Driver'],['None_Used'],0,0,Valid,0.0,4.0,74.0,40.0,"['Male', 'Male']",1,0,2,4,3,Dry,Curve,Level,Lowest,Yes
35983,51,Virginia,510825,0,1,1,0,1,NOT APPLICABLE,December,7,Thursday,20,26,Rural,High Speed (Arterial),Yes,37.38621944,-76.763425,Non-Intersection,Dark - Not Lighted,Not Reported,Unknown,Unknown if Notified,Unknown EMS Scene Arrival Hour,Unknown if Arrived,Not Applicable (Not Transported),Not Applicable (Not Transported),1,Dark - Unlighted,Clear,1,0,['Driver'],['Shoulder_Lapbelt'],1,1,Valid,0.0,0.0,44.0,44.0,['Male'],0,0,3,4,3,Dry,Curve,Level,Lowest,No
35984,51,Virginia,510826,0,1,1,0,1,FREDERICKSBURG,December,9,Saturday,11,49,Urban,High Speed (Arterial),No,38.29653889,-77.49944167,Complex/Circle,Daylight,Not Reported,Unknown,Unknown,Unknown EMS Scene Arrival Hour,Unknown EMS Scene Arrival Minutes,Unknown,Unknown EMS Hospital Arrival Time,1,Daylight,Clear,1,0,['Driver'],['None_Used'],0,0,Valid,0.0,0.0,83.0,83.0,['Female'],0,0,3,4,3,Dry,Straight,Level,Lowest,No
35985,51,Virginia,510827,0,1,1,0,1,NOT APPLICABLE,December,9,Saturday,18,8,Rural,Medium Speed (Collector),No,36.71298056,-77.74966389,Non-Intersection,Dark - Not Lighted,Not Reported,Unknown,Unknown,Unknown EMS Scene Arrival Hour,Unknown EMS Scene Arrival Minutes,Not Applicable (Not Transported),Not Applicable (Not Transported),1,Dark - Unlighted,Clear,1,0,['Driver'],['None_Used'],0,0,Valid,0.0,0.0,32.0,32.0,['Female'],1,0,2,4,3,Dry,Curve,Grade/Hillcrest,Lowest,No
35986,51,Virginia,510828,0,1,1,0,1,VIRGINIA BEACH,December,10,Sunday,6,31,Urban,High Speed (Arterial),Yes,36.81891389,-76.19483056,Non-Intersection,Dawn,Not Reported,Unknown,Unknown,Unknown EMS Scene Arrival Hour,Unknown EMS Scene Arrival Minutes,Not Applicable (Not Transported),Not Applicable (Not Transported),1,Twilight,Clear,1,0,['Driver'],['None_Used'],0,0,Valid,0.0,0.0,47.0,47.0,['Male'],0,0,2,4,3,Dry,Straight,Level,Medium,No
35987,51,Virginia,510829,0,1,1,0,1,NOT APPLICABLE,December,9,Saturday,22,29,Rural,High Speed (Arterial),Yes,37.23543889,-81.09640556,Non-Intersection,Dark - Not Lighted,Not Reported,Unknown,Unknown,Unknown EMS Scene Arrival Hour,Unknown EMS Scene Arrival Minutes,Not Applicable (Not Transported),Not Applicable (Not Transported),1,Dark - Unlighted,Clear,1,0,['Driver'],['Shoulder_Lapbelt'],1,1,Valid,0.0,0.0,79.0,79.0,['Female'],0,0,3,4,3,Dry,Straight,Level,Lowest,No
35988,51,Virginia,510830,0,1,1,0,1,NOT APPLICABLE,December,3,Sunday,5,10,Urban,High Speed (Arterial),Yes,38.60284167,-77.31240278,Non-Intersection,Dark - Lighted,Rain,Unknown,Unknown,Unknown EMS Scene Arrival Hour,Unknown EMS Scene Arrival Minutes,Unknown,Unknown EMS Hospital Arrival Time,1,Dark - Lighted,Rain/Wind/Minor,1,0,['Driver'],['None_Used'],1,1,Valid,0.0,1.0,43.0,43.0,['Male'],1,0,3,4,2,Wet/Standing Water,Straight,Level,Lowest,No
35989,51,Virginia,510831,0,1,1,0,1,NOT APPLICABLE,December,10,Sunday,22,31,Rural,Medium Speed (Collector),No,37.75706667,-77.36345278,Non-Intersection,Dark - Not Lighted,Rain,Unknown,Unknown,Unknown EMS Scene Arrival Hour,Unknown EMS Scene Arrival Minutes,Not Applicable (Not Transported),Not Applicable (Not Transported),1,Dark - Unlighted,Rain/Wind/Minor,1,0,['Driver'],['Shoulder_Lapbelt'],0,0,Valid,0.0,0.0,18.0,18.0,['Male'],0,0,2,4,3,Wet/Standing Water,Straight,Level,Lowest,No
35990,51,Virginia,510832,0,1,1,0,1,NOT APPLICABLE,December,12,Tuesday,1,21,Urban,Medium Speed (Collector),No,38.07219444,-78.59269444,Non-Intersection,Dark - Not Lighted,Not Reported,Unknown,Unknown,Unknown EMS Scene Arrival Hour,Unknown EMS Scene Arrival Minutes,Not Applicable (Not Transported),Not Applicable (Not Transported),1,Dark - Unlighted,Clear,1,0,['Driver'],['None_Used'],1,1,Valid,0.0,1.0,47.0,47.0,['Male'],0,0,3,4,3,Dry,Straight,Grade/Hillcrest,Lowest,No
35991,51,Virginia,510833,0,2,2,0,2,NOT APPLICABLE,December,12,Tuesday,6,30,Rural,Medium Speed (Collector),No,36.96116111,-76.66480278,Complex/Circle,Dawn,Not Reported,Unknown,Unknown,Unknown EMS Scene Arrival Hour,Unknown EMS Scene Arrival Minutes,Not Applicable (Not Transported),Not Applicable (Not Transported),1,Twilight,Clear,1,1,['Driver'],['None_Used'],0,0,Valid,1.0,0.0,63.0,60.0,"['Female', 'Male']",0,0,4,4,5,Dry,Straight,Level,Lowest,No
35992,51,Virginia,510834,0,3,3,0,3,NOT APPLICABLE,December,2,Saturday,14,17,Urban,High Speed (Arterial),Yes,38.07378333,-78.48096389,Complex/Circle,Daylight,Not Reported,Unknown,Unknown,Unknown EMS Scene Arrival Hour,Unknown EMS Scene Arrival Minutes,Unknown,Unknown EMS Hospital Arrival Time,1,Daylight,Clear,1,2,['Driver'],['Shoulder_Lapbelt'],0,0,Valid,0.0,0.0,93.0,38.0,"['Male', 'Female', 'Female']",0,0,3,4,5,Dry,Straight,Grade/Hillcrest,Lowest,No
35993,51,Virginia,510835,1,1,1,0,1,NOT APPLICABLE,December,15,Friday,7,27,Rural,Medium Speed (Collector),No,36.94265556,-81.14545833,Non-Intersection,Dark - Not Lighted,Not Reported,Unknown,Unknown if Notified,Unknown EMS Scene Arrival Hour,Unknown if Arrived,Not Applicable (Not Transported),Not Applicable (Not Transported),1,Dark - Unlighted,Clear,0,1,[],[],0,0,Valid,0.0,0.0,47.0,47.0,['Male'],0,0,3,4,4,Dry,Straight,Level,Lowest,No
35994,51,Virginia,510836,0,2,2,0,2,NOT APPLICABLE,December,15,Friday,13,52,Rural,High Speed (Arterial),Yes,37.75866111,-79.78839722,Non-Intersection,Daylight,Not Reported,Unknown,Unknown,Unknown EMS Scene Arrival Hour,Unknown EMS Scene Arrival Minutes,Unknown,Unknown EMS Hospital Arrival Time,1,Daylight,Clear,1,1,['Driver'],['Shoulder_Lapbelt'],0,0,Valid,0.0,2.0,36.0,24.0,"['Female', 'Male']",1,0,4,4,5,Dry,Curve,Level,Lowest,Yes
35995,51,Virginia,510837,2,3,2,1,1,NOT APPLICABLE,December,15,Friday,1,40,Rural,High Speed (Arterial),Yes,37.10051389,-80.548325,Non-Intersection,Dark - Not Lighted,Not Reported,Unknown,Unknown,Unknown EMS Scene Arrival Hour,Unknown EMS Scene Arrival Minutes,Unknown,Unknown EMS Hospital Arrival Time,1,Dark - Unlighted,Clear,0,1,[],[],0,0,Valid,1.0,0.0,60.0,60.0,['Male'],0,0,4,4,5,Dry,Straight,Level,Lowest,No
35996,51,Virginia,510838,0,1,1,0,1,NOT APPLICABLE,December,15,Friday,22,15,Urban,Medium Speed (Collector),No,37.62091667,-77.43800833,Non-Intersection,Dark - Not Lighted,Not Reported,Unknown,Unknown if Notified,Unknown EMS Scene Arrival Hour,Unknown if Arrived,Not Applicable (Not Transported),Not Applicable (Not Transported),1,Dark - Unlighted,Clear,1,0,['Driver'],['None_Used'],1,1,Valid,0.0,1.0,39.0,39.0,['Female'],0,0,2,4,3,Dry,Straight,Level,Lowest,No
35997,51,Virginia,510839,0,1,1,0,1,NOT APPLICABLE,December,16,Saturday,7,30,Rural,Medium Speed (Collector),No,36.82943611,-77.83731667,Non-Intersection,Daylight,Not Reported,Unknown,Unknown if Notified,Unknown EMS Scene Arrival Hour,Unknown if Arrived,Not Applicable (Not Transported),Not Applicable (Not Transported),1,Daylight,Clear,1,0,['Driver'],['None_Used'],0,0,Valid,0.0,0.0,54.0,54.0,['Male'],1,0,3,4,3,Dry,Straight,Level,Lowest,No
35998,51,Virginia,510840,0,5,5,0,6,WYTHEVILLE,December,15,Friday,15,42,Urban,High Speed (Arterial),Yes,36.95303056,-81.07491111,Complex/Circle,Daylight,Not Reported,Unknown,Unknown,Unknown EMS Scene Arrival Hour,Unknown EMS Scene Arrival Minutes,Unknown,Unknown EMS Hospital Arrival Time,1,Daylight,Clear,1,5,['Front_Passenger'],['Shoulder_Lapbelt'],0,0,Valid,0.0,2.0,62.0,31.0,"['Male', 'Male', 'Female', 'Female', 'Female']",1,0,3,4,5,Dry,Straight,Grade/Hillcrest,Lowest,No
35999,51,Virginia,510841,0,1,1,0,2,BERRYVILLE,December,17,Sunday,1,32,Urban,Medium Speed (Collector),No,39.14683056,-77.97561389,Non-Intersection,Dark - Not Lighted,Not Reported,Unknown,Unknown,Unknown EMS Scene Arrival Hour,Unknown EMS Scene Arrival Minutes,Unknown,Unknown EMS Hospital Arrival Time,1,Dark - Unlighted,Clear,1,1,['Driver'],['None_Used'],1,1,Valid,0.0,0.0,26.0,26.0,['Female'],0,0,5,4,2,Dry,Straight,Level,Lowest,No
36000,51,Virginia,510842,0,1,1,0,1,PORTSMOUTH,December,19,Tuesday,0,20,Urban,High Speed (Arterial),Yes,36.80036944,-76.37532222,Non-Intersection,Dark - Lighted,Rain,Unknown,Unknown,Unknown EMS Scene Arrival Hour,Unknown EMS Scene Arrival Minutes,Not Applicable (Not Transported),Not Applicable (Not Transported),1,Dark - Lighted,Rain/Wind/Minor,1,0,['Driver'],['Shoulder_Lapbelt'],1,1,Valid,1.0,0.0,21.0,21.0,['Male'],1,0,2,4,3,Wet/Standing Water,Straight,Level,Lowest,No
36001,51,Virginia,510843,0,1,1,0,1,NOT APPLICABLE,December,16,Saturday,7,16,Rural,High Speed (Arterial),Yes,38.72163056,-78.073775,Non-Intersection,Dark - Not Lighted,Not Reported,Unknown,Unknown if Notified,Unknown EMS Scene Arrival Hour,Unknown if Arrived,Not Applicable (Not Transported),Not Applicable (Not Transported),1,Dark - Unlighted,Clear,1,0,['Driver'],['None_Used'],1,1,Valid,0.0,1.0,22.0,22.0,['Male'],1,0,2,4,3,Dry,Curve,Grade/Hillcrest,Lowest,No
36002,51,Virginia,510844,0,2,2,0,3,NOT APPLICABLE,December,20,Wednesday,12,6,Rural,Medium Speed (Collector),No,37.30325556,-76.68499444,Non-Intersection,Daylight,Not Reported,Unknown,Unknown,Unknown EMS Scene Arrival Hour,Unknown EMS Scene Arrival Minutes,Unknown,Unknown EMS Hospital Arrival Time,1,Daylight,Clear,1,2,['Driver'],['None_Used'],0,0,Valid,0.0,0.0,76.0,45.0,"['Female', 'Female']",2,0,3,4,5,Dry,Curve,Level,Lowest,No
36003,51,Virginia,510845,0,3,3,0,3,NOT APPLICABLE,December,21,Thursday,16,17,Rural,Medium Speed (Collector),No,36.5801,-80.35558056,Non-Intersection,Daylight,Not Reported,Unknown,Unknown,Unknown EMS Scene Arrival Hour,Unknown EMS Scene Arrival Minutes,Unknown,Unknown EMS Hospital Arrival Time,1,Daylight,Clear,1,2,['Driver'],['Shoulder_Lapbelt'],1,1,Valid,1.0,0.0,49.0,42.0,"['Male', 'Male', 'Female']",1,0,3,4,5,Dry,Straight,Level,Lowest,No
36004,51,Virginia,510846,0,1,1,0,2,NOT APPLICABLE,December,16,Saturday,20,32,Rural,High Speed (Arterial),Yes,36.60470556,-80.73601667,Non-Intersection,Dark - Not Lighted,Not Reported,Unknown,Unknown,Unknown EMS Scene Arrival Hour,Unknown EMS Scene Arrival Minutes,Unknown,Unknown EMS Hospital Arrival Time,1,Dark - Unlighted,Clear,1,1,['Front_Passenger'],['None_Used'],0,0,Invalid,0.0,0.0,67.0,67.0,['Male'],0,0,3,4,2,Dry,Straight,Grade/Hillcrest,Lowest,No
36005,51,Virginia,510847,0,2,2,0,3,NOT APPLICABLE,December,21,Thursday,10,40,Rural,Medium Speed (Collector),No,37.63930833,-77.90276667,Non-Intersection,Daylight,Not Reported,Unknown,Unknown,Unknown EMS Scene Arrival Hour,Unknown EMS Scene Arrival Minutes,Unknown,Unknown EMS Hospital Arrival Time,1,Daylight,Clear,1,2,['Driver'],['None_Used'],0,0,Valid,0.0,0.0,43.0,31.0,"['Male', 'Male']",0,0,3,4,5,Dry,Straight,Level,Lowest,No
36006,51,Virginia,510848,1,1,1,0,1,NOT APPLICABLE,December,21,Thursday,22,41,Urban,High Speed (Arterial),No,38.29479167,-77.51723333,Simple Junction,Dark - Not Lighted,Not Reported,Unknown,Unknown,Unknown EMS Scene Arrival Hour,Unknown EMS Scene Arrival Minutes,Unknown,Unknown EMS Hospital Arrival Time,1,Dark - Unlighted,Clear,0,1,[],[],0,0,Valid,0.0,0.0,17.0,17.0,['Female'],0,0,2,1,4,Dry,Straight,Level,Lowest,No
36007,51,Virginia,510849,0,2,2,0,2,DANVILLE,December,20,Wednesday,19,9,Rural,Medium Speed (Collector),No,36.54515278,-79.377075,Non-Intersection,Dark - Lighted,Not Reported,Unknown,Unknown,Unknown EMS Scene Arrival Hour,Unknown EMS Scene Arrival Minutes,Unknown,Unknown EMS Hospital Arrival Time,1,Dark - Lighted,Clear,1,1,['Driver'],['None_Used'],0,0,Valid,1.0,1.0,52.0,26.0,"['Male', 'Other']",1,0,3,1,5,Dry,Curve,Level,Lowest,No
36008,51,Virginia,510850,1,1,1,0,1,NOT APPLICABLE,December,12,Tuesday,17,33,Urban,Medium Speed (Collector),No,38.67608056,-77.36872778,Complex/Circle,Dark - Lighted,Not Reported,Unknown,Unknown,Unknown EMS Scene Arrival Hour,Unknown EMS Scene Arrival Minutes,Unknown,Unknown EMS Hospital Arrival Time,1,Dark - Lighted,Clear,0,1,[],[],0,0,Valid,2.0,1.0,25.0,25.0,['Male'],0,0,2,0,4,Dry,Straight,Level,Lowest,No
36009,51,Virginia,510851,0,1,1,0,1,NOT APPLICABLE,December,23,Saturday,6,8,Rural,Medium Speed (Collector),No,37.14946389,-77.5308,Non-Intersection,Dark - Not Lighted,Not Reported,Unknown,Unknown if Notified,Unknown EMS Scene Arrival Hour,Unknown if Arrived,Not Applicable (Not Transported),Not Applicable (Not Transported),1,Dark - Unlighted,Clear,1,0,['Driver'],['Shoulder_Lapbelt'],0,0,Valid,0.0,0.0,41.0,41.0,['Male'],0,0,2,4,3,Dry,Curve,Level,Lowest,Yes
36010,51,Virginia,510852,0,2,2,0,2,NOT APPLICABLE,December,22,Friday,22,15,Urban,Medium Speed (Collector),No,37.63514167,-77.58197778,Non-Intersection,Dark - Lighted,Not Reported,Unknown,Unknown if Notified,Unknown EMS Scene Arrival Hour,Unknown if Arrived,Unknown,Unknown if Transported,1,Dark - Lighted,Clear,1,1,['Driver'],['Shoulder_Lapbelt'],0,0,Valid,0.0,1.0,57.0,30.0,"['Male', 'Female']",0,0,3,4,5,Dry,Straight,Level,Lowest,No