,State_Code,State_Name,Crash_ID,Count_Non_Motorists,Count_Vehicles_Total,Count_Vehicle_Forms,Count_PVH_Involved,Count_Occupants_MV,City_Name,Month_Name,Day_of_Month,Day_of_Week,Crash_Hour,Crash_Minute,Area_Rural_Urban,Road_Functional_Class,On_NHS_Road,Latitude,Longitude,Intersection_Type,Light_Condition,Weather_Condition,Notif_Hour,Notif_Minute,Arrival_Hour,Arrival_Minute,Hospital_Hour,Hospital_Minute,Fatalities_Count,Clean_Light_Condition,Clean_Weather_Condition,Total_Killed,Total_Alive,Fatal_Seats_List,Killed_Restraint_List,Any_Driver_Drinking,Total_Drinking_Drivers,Driver_License_Category,Driver_Max_Prev_Accident_Count,Driver_Max_Prev_Speeding_Count,Max_Driver_Age,Min_Driver_Age,Driver_Sex_List,Total_Exceeding_Limit_Vehicles,Total_Too_Fast_Vehicles,Max_Vehicle_Type_Severity_5,Max_Vehicle_Damage_Rank,Max_Harmful_Event_Severity,Crash_Road_Surface_Condition,Crash_Horizontal_Alignment,Crash_Vertical_Profile,Crash_Impairment_Category,Crash_Vehicle_Defect
36011,51,Virginia,510853,0,1,1,0,3,NOT APPLICABLE,December,24,Sunday,19,55,Urban,High Speed (Arterial),Yes,37.60713333,-77.44614722,Non-Intersection,Dark - Not Lighted,Not Reported,Unknown,Unknown,Unknown EMS Scene Arrival Hour,Unknown EMS Scene Arrival Minutes,Unknown,Unknown EMS Hospital Arrival Time,1,Dark - Unlighted,Clear,1,2,['Front_Passenger'],['None_Used'],1,1,Invalid,0.0,0.0,27.0,27.0,['Female'],0,0,2,4,3,Dry,Straight,Grade/Hillcrest,Lowest,No
36012,51,Virginia,510854,1,1,1,0,1,NOT APPLICABLE,December,24,Sunday,19,33,Rural,High Speed (Arterial),Yes,37.99573611,-78.27557222,Non-Intersection,Dark - Not Lighted,Not Reported,Unknown,Unknown,Unknown EMS Scene Arrival Hour,Unknown EMS Scene Arrival Minutes,Unknown,Unknown EMS Hospital Arrival Time,1,Dark - Unlighted,Clear,0,1,[],[],0,0,Valid,0.0,0.0,37.0,37.0,['Male'],0,0,3,4,4,Dry,Straight,Grade/Hillcrest,Lowest,No
36013,51,Virginia,510855,0,1,1,0,1,NOT APPLICABLE,December,26,Tuesday,6,15,Rural,Medium Speed (Collector),No,38.27841111,-77.74394444,Non-Intersection,Dark - Not Lighted,Rain,Unknown,Unknown if Notified,Unknown EMS Scene Arrival Hour,Unknown if Arrived,Not Applicable (Not Transported),Not Applicable (Not Transported),1,Dark - Unlighted,Rain/Wind/Minor,1,0,['Driver'],['None_Used'],0,0,Valid,0.0,2.0,31.0,31.0,['Male'],0,0,2,4,3,Wet/Standing Water,Straight,Level,Lowest,No
36014,51,Virginia,510856,0,1,1,0,1,NOT APPLICABLE,December,26,Tuesday,10,51,Rural,Medium Speed (Collector),No,38.57466944,-78.79983056,Non-Intersection,Daylight,Not Reported,Unknown,Unknown,Unknown EMS Scene Arrival Hour,Unknown EMS Scene Arrival Minutes,Unknown,Unknown EMS Hospital Arrival Time,1,Daylight,Clear,1,0,['Driver'],['None_Used'],0,0,Valid,0.0,1.0,24.0,24.0,['Female'],1,0,2,4,3,Wet/Standing Water,Curve,Level,Lowest,Yes
36015,51,Virginia,510857,1,1,1,0,1,NOT APPLICABLE,December,26,Tuesday,7,12,Urban,Medium Speed (Collector),No,38.95859444,-77.35473889,Simple Junction,Dawn,"Fog, Smog, Smoke",Unknown,Unknown,Unknown EMS Scene Arrival Hour,Unknown EMS Scene Arrival Minutes,Unknown,Unknown EMS Hospital Arrival Time,1,Twilight,Reduced Visibility,0,1,[],[],0,0,Valid,0.0,0.0,64.0,64.0,['Male'],0,0,3,4,4,Wet/Standing Water,Curve,Grade/Hillcrest,Lowest,No
36016,51,Virginia,510858,0,1,1,0,1,NOT APPLICABLE,December,27,Wednesday,0,11,Rural,Medium Speed (Collector),No,36.67663056,-78.91041944,Non-Intersection,Dark - Not Lighted,Rain,Unknown,Unknown,Unknown EMS Scene Arrival Hour,Unknown EMS Scene Arrival Minutes,Unknown,Unknown EMS Hospital Arrival Time,1,Dark - Unlighted,Rain/Wind/Minor,1,0,['Driver'],['Shoulder_Lapbelt'],0,0,Valid,0.0,0.0,17.0,17.0,['Male'],1,0,3,4,3,Wet/Standing Water,Curve,Level,Lowest,No
36017,51,Virginia,510859,1,1,1,0,1,VIRGINIA BEACH,December,1,Friday,19,34,Urban,High Speed (Arterial),Yes,36.84351944,-76.14383889,Simple Junction,Dark - Lighted,Not Reported,Unknown,Unknown if Notified,Unknown EMS Scene Arrival Hour,Unknown if Arrived,Not Applicable (Not Transported),Not Applicable (Not Transported),1,Dark - Lighted,Clear,0,1,[],[],0,0,Valid,0.0,0.0,18.0,18.0,['Male'],0,0,2,1,4,Dry,Straight,Level,Lowest,No
36018,51,Virginia,510860,0,2,2,0,3,NOT APPLICABLE,December,25,Monday,12,12,Urban,Medium Speed (Collector),No,38.46656667,-78.83534722,Non-Intersection,Daylight,Not Reported,Unknown,Unknown,Unknown EMS Scene Arrival Hour,Unknown EMS Scene Arrival Minutes,Unknown,Unknown EMS Hospital Arrival Time,1,Daylight,Clear,1,2,['Driver'],['None_Used'],1,1,Invalid,0.0,0.0,24.0,22.0,"['Male', 'Male']",1,0,3,4,5,Dry,Curve,Grade/Hillcrest,Lowest,No
36019,51,Virginia,510861,0,3,3,0,5,NOT APPLICABLE,December,27,Wednesday,18,47,Urban,Medium Speed (Collector),No,37.59361389,-77.32533333,Non-Intersection,Dark - Not Lighted,Rain,Unknown,Unknown,Unknown EMS Scene Arrival Hour,Unknown EMS Scene Arrival Minutes,Unknown,Unknown EMS Hospital Arrival Time,1,Dark - Unlighted,Rain/Wind/Minor,1,4,['Driver'],['None_Used'],0,0,Valid,0.0,1.0,66.0,22.0,"['Female', 'Female', 'Female']",0,0,3,1,5,Wet/Standing Water,Curve,Level,Lowest,No
36020,51,Virginia,510862,0,1,1,0,1,NOT APPLICABLE,December,28,Thursday,2,20,Urban,High Speed (Arterial),Yes,38.27823333,-77.42725833,Non-Intersection,Dark - Not Lighted,Rain,Unknown,Unknown if Notified,Unknown EMS Scene Arrival Hour,Unknown if Arrived,Not Applicable (Not Transported),Not Applicable (Not Transported),1,Dark - Unlighted,Rain/Wind/Minor,1,0,['Driver'],['None_Used'],0,0,Valid,0.0,1.0,28.0,28.0,['Male'],1,0,3,4,2,Wet/Standing Water,Straight,Level,Lowest,No
36021,51,Virginia,510863,0,2,2,0,2,NORFOLK,December,30,Saturday,3,6,Urban,High Speed (Arterial),Yes,36.83322222,-76.29116944,Non-Intersection,Dark - Lighted,Not Reported,Unknown,Unknown,Unknown EMS Scene Arrival Hour,Unknown EMS Scene Arrival Minutes,Unknown,Unknown EMS Hospital Arrival Time,1,Dark - Lighted,Clear,1,1,['Driver'],['None_Used'],1,1,Valid,0.0,0.0,43.0,27.0,"['Female', 'Female']",1,0,3,4,5,Dry,Straight,Level,Lowest,No
36022,51,Virginia,510864,0,1,1,0,2,NOT APPLICABLE,December,31,Sunday,2,10,Rural,Medium Speed (Collector),No,38.90011944,-78.20819167,Non-Intersection,Dark - Not Lighted,Not Reported,Unknown,Unknown,Unknown EMS Scene Arrival Hour,Unknown EMS Scene Arrival Minutes,Unknown,Unknown EMS Hospital Arrival Time,1,Dark - Unlighted,Clear,1,1,['Front_Passenger'],['Shoulder_Lapbelt'],1,1,Valid,0.0,1.0,24.0,24.0,['Male'],2,0,2,4,3,Dry,Curve,Grade/Hillcrest,Lowest,No
36023,51,Virginia,510865,0,1,1,0,5,NOT APPLICABLE,December,30,Saturday,0,13,Urban,Medium Speed (Collector),No,37.44289444,-77.66254722,Simple Junction,Dark - Not Lighted,Rain,Unknown,Unknown,Unknown EMS Scene Arrival Hour,Unknown EMS Scene Arrival Minutes,Unknown,Unknown EMS Hospital Arrival Time,1,Dark - Unlighted,Rain/Wind/Minor,1,4,['Front_Passenger'],['Shoulder_Lapbelt'],0,0,Valid,0.0,0.0,16.0,16.0,['Female'],5,0,2,4,2,Wet/Standing Water,Curve,Level,Lowest,No
36024,51,Virginia,510866,1,1,1,0,1,NOT APPLICABLE,December,24,Sunday,0,34,Urban,High Speed (Arterial),Yes,37.36398056,-76.76696944,Non-Intersection,Dark - Lighted,Not Reported,Unknown,Unknown,Unknown EMS Scene Arrival Hour,Unknown EMS Scene Arrival Minutes,Unknown,Unknown EMS Hospital Arrival Time,1,Dark - Lighted,Clear,0,1,[],[],0,0,Valid,0.0,0.0,45.0,45.0,['Male'],0,0,4,1,4,Dry,Curve,Level,Lowest,No
36025,51,Virginia,510867,0,1,1,0,2,PORTSMOUTH,December,31,Sunday,7,59,Urban,High Speed (Arterial),Yes,36.85414722,-76.34003611,Non-Intersection,Daylight,Not Reported,Unknown,Unknown if Notified,Unknown EMS Scene Arrival Hour,Unknown if Arrived,Not Applicable (Not Transported),Not Applicable (Not Transported),2,Daylight,Clear,2,0,"['Driver', 'Front_Passenger']","['None_Used', 'None_Used']",1,1,Invalid,0.0,0.0,27.0,27.0,['Male'],2,0,5,1,2,Dry,Curve,Level,Lowest,No
36026,51,Virginia,510868,1,1,1,0,1,NOT APPLICABLE,December,25,Monday,20,44,Urban,Medium Speed (Collector),No,38.39348056,-78.85679722,Non-Intersection,Dark - Not Lighted,Rain,Unknown,Unknown,Unknown EMS Scene Arrival Hour,Unknown EMS Scene Arrival Minutes,Unknown,Unknown EMS Hospital Arrival Time,1,Dark - Unlighted,Rain/Wind/Minor,0,1,[],[],0,0,Valid,0.0,0.0,22.0,22.0,['Female'],0,0,2,4,4,Wet/Standing Water,Curve,Level,Lowest,No
36027,51,Virginia,510869,0,1,1,0,1,NOT APPLICABLE,December,24,Sunday,23,19,Urban,Low Speed (Local),No,36.77026667,-77.82777222,Simple Junction,Dark - Not Lighted,Not Reported,Unknown,Unknown,Unknown EMS Scene Arrival Hour,Unknown EMS Scene Arrival Minutes,Unknown,Unknown EMS Hospital Arrival Time,1,Dark - Unlighted,Clear,1,0,['Driver'],['Shoulder_Lapbelt'],0,0,Invalid,0.0,0.0,83.0,83.0,['Male'],0,0,3,4,2,Dry,Straight,Level,Lowest,No
36028,51,Virginia,510870,0,1,1,0,2,NOT APPLICABLE,December,15,Friday,21,20,Rural,Medium Speed (Collector),No,37.83126111,-76.42906389,Non-Intersection,Dark - Not Lighted,Not Reported,Unknown,Unknown if Notified,Unknown EMS Scene Arrival Hour,Unknown if Arrived,Not Applicable (Not Transported),Not Applicable (Not Transported),2,Dark - Unlighted,Clear,2,0,"['Driver', 'Front_Passenger']","['Shoulder_Lapbelt', 'Shoulder_Lapbelt']",1,1,Invalid,0.0,0.0,34.0,34.0,['Male'],2,0,2,4,3,Dry,Straight,Grade/Hillcrest,Lowest,Yes
36029,51,Virginia,510871,0,1,1,0,1,PORTSMOUTH,December,15,Friday,17,48,Urban,Medium Speed (Collector),No,36.81612222,-76.36281944,Simple Junction,Dark - Lighted,Not Reported,Unknown,Unknown if Notified,Unknown EMS Scene Arrival Hour,Unknown if Arrived,Not Applicable (Not Transported),Not Applicable (Not Transported),1,Dark - Lighted,Clear,1,0,['Driver'],['None_Used'],1,1,Invalid,1.0,0.0,35.0,35.0,['Male'],1,0,2,4,3,Dry,Straight,Level,Lowest,No
36030,51,Virginia,510872,0,2,2,0,2,NOT APPLICABLE,December,16,Saturday,14,20,Rural,Medium Speed (Collector),No,37.85945,-78.81202222,Simple Junction,Daylight,Not Reported,Unknown,Unknown,Unknown EMS Scene Arrival Hour,Unknown EMS Scene Arrival Minutes,Unknown,Unknown EMS Hospital Arrival Time,1,Daylight,Clear,1,1,['Driver'],['None_Used'],0,0,Valid,1.0,0.0,78.0,71.0,"['Female', 'Female']",0,0,3,4,5,Dry,Curve,Grade/Hillcrest,Lowest,No
36031,51,Virginia,510873,1,1,1,0,1,SMITHFIELD,December,18,Monday,17,50,Urban,Medium Speed (Collector),No,36.97452778,-76.64838056,Non-Intersection,Dark - Not Lighted,Not Reported,Unknown,Unknown,Unknown EMS Scene Arrival Hour,Unknown EMS Scene Arrival Minutes,Unknown,Unknown EMS Hospital Arrival Time,1,Dark - Unlighted,Clear,0,1,[],[],0,0,Valid,0.0,0.0,64.0,64.0,['Male'],0,0,2,1,4,Dry,Straight,Level,Lowest,No
36032,51,Virginia,510874,0,1,1,0,1,CHESAPEAKE,December,19,Tuesday,23,11,Urban,Medium Speed (Collector),No,36.65598333,-76.23583611,Complex/Circle,Dark - Lighted,Not Reported,Unknown,Unknown,Unknown EMS Scene Arrival Hour,Unknown EMS Scene Arrival Minutes,Unknown,Unknown EMS Hospital Arrival Time,1,Dark - Lighted,Clear,1,0,['Driver'],['Shoulder_Lapbelt'],1,1,Valid,0.0,1.0,21.0,21.0,['Female'],0,0,2,4,4,Dry,Straight,Level,Lowest,No
36033,51,Virginia,510875,0,2,2,0,2,NOT APPLICABLE,December,24,Sunday,15,37,Urban,High Speed (Arterial),Yes,38.24976389,-77.49861111,Complex/Circle,Daylight,Not Reported,Unknown,Unknown,Unknown EMS Scene Arrival Hour,Unknown EMS Scene Arrival Minutes,Unknown,Unknown EMS Hospital Arrival Time,1,Daylight,Clear,1,1,['Driver'],['None_Used'],0,0,Valid,0.0,0.0,42.0,19.0,"['Male', 'Male']",0,0,5,4,5,Dry,Straight,Level,Lowest,No
36034,51,Virginia,510876,0,2,2,0,2,VIRGINIA BEACH,November,13,Monday,8,52,Urban,Medium Speed (Collector),No,36.826375,-76.14531389,Simple Junction,Daylight,Not Reported,Unknown,Unknown,Unknown EMS Scene Arrival Hour,Unknown EMS Scene Arrival Minutes,Unknown,Unknown EMS Hospital Arrival Time,1,Daylight,Clear,1,1,['Driver'],['Shoulder_Lapbelt'],0,0,Valid,0.0,0.0,85.0,41.0,"['Female', 'Male']",0,0,3,1,5,Dry,Straight,Level,Lowest,No
36035,51,Virginia,510877,0,2,2,0,2,NOT APPLICABLE,December,5,Tuesday,0,24,Urban,High Speed (Arterial),Yes,38.84006944,-77.40465,Complex/Circle,Dark - Not Lighted,Not Reported,Unknown,Unknown,Unknown EMS Scene Arrival Hour,Unknown EMS Scene Arrival Minutes,Unknown,Unknown EMS Hospital Arrival Time,1,Dark - Unlighted,Clear,1,1,['Driver'],['None_Used'],1,1,Valid,0.0,0.0,30.0,22.0,"['Male', 'Male']",1,0,2,4,5,Dry,Straight,Grade/Hillcrest,Lowest,No
36036,51,Virginia,510878,0,1,1,0,1,NOT APPLICABLE,December,24,Sunday,12,0,Rural,Medium Speed (Collector),No,37.07967222,-79.82241389,Non-Intersection,Daylight,Not Reported,Unknown,Unknown,Unknown EMS Scene Arrival Hour,Unknown EMS Scene Arrival Minutes,Unknown,Unknown EMS Hospital Arrival Time,1,Daylight,Clear,1,0,['Driver'],['Shoulder_Lapbelt'],0,0,Valid,0.0,0.0,71.0,71.0,['Male'],0,0,2,4,2,Dry,Curve,Level,Medium,No
36037,53,Washington,530001,1,1,1,0,1,TUKWILA,January,1,Sunday,2,58,Urban,High Speed (Arterial),Yes,47.46721389,-122.26721944,Non-Intersection,Dark - Lighted,Cloudy,Unknown,Unknown,Unknown EMS Scene Arrival Hour,Unknown EMS Scene Arrival Minutes,Unknown,Unknown EMS Hospital Arrival Time,1,Dark - Lighted,Reduced Visibility,0,1,[],[],0,0,Valid,0.0,0.0,66.0,66.0,['Female'],0,0,2,4,4,Wet/Standing Water,Straight,Level,Lowest,No
36038,53,Washington,530002,0,2,2,0,3,NOT APPLICABLE,January,3,Tuesday,14,21,Rural,High Speed (Arterial),Yes,47.39568333,-117.39144167,Non-Intersection,Daylight,Clear,Unknown,Unknown,Unknown EMS Scene Arrival Hour,Unknown EMS Scene Arrival Minutes,Unknown,Unknown EMS Hospital Arrival Time,2,Daylight,Clear,2,1,"['Driver', 'Front_Passenger']","['Shoulder_Lapbelt', 'Shoulder_Lapbelt']",0,0,Valid,0.0,0.0,54.0,32.0,"['Female', 'Male']",2,0,4,4,5,Icy/Snowy,Straight,Grade/Hillcrest,Lowest,No
36039,53,Washington,530005,0,1,1,0,1,NOT APPLICABLE,January,7,Saturday,16,36,Rural,High Speed (Arterial),No,46.75061111,-118.26992778,Non-Intersection,Dusk,Cloudy,Unknown,Unknown,Unknown EMS Scene Arrival Hour,Unknown EMS Scene Arrival Minutes,Not Applicable (Not Transported),Not Applicable (Not Transported),1,Twilight,Reduced Visibility,1,0,['Driver'],['None_Used'],0,0,Valid,4.0,1.0,57.0,57.0,['Male'],0,0,3,4,3,Dry,Curve,Level,Lowest,No
36040,53,Washington,530006,1,1,1,0,1,KENT,January,5,Thursday,17,27,Urban,High Speed (Arterial),No,47.35793611,-122.13580278,Non-Intersection,Dark - Lighted,Clear,Unknown,Unknown,Unknown EMS Scene Arrival Hour,Unknown EMS Scene Arrival Minutes,Not Applicable (Not Transported),Not Applicable (Not Transported),1,Dark - Lighted,Clear,0,1,[],[],0,0,Valid,0.0,0.0,49.0,49.0,['Male'],0,0,2,4,4,Dry,Straight,Level,Lowest,No
36041,53,Washington,530007,0,1,1,0,1,VANCOUVER,January,9,Monday,6,29,Urban,High Speed (Arterial),No,45.62297778,-122.67068611,Non-Intersection,Dark - Lighted,Rain,Unknown,Unknown,Unknown EMS Scene Arrival Hour,Unknown EMS Scene Arrival Minutes,Not Applicable (Not Transported),Not Applicable (Not Transported),1,Dark - Lighted,Rain/Wind/Minor,1,0,['Driver'],['None_Used'],1,1,Valid,0.0,0.0,63.0,63.0,['Male'],1,0,3,4,3,Wet/Standing Water,Curve,Grade/Hillcrest,Lowest,No
36042,53,Washington,530008,1,2,2,0,3,KENT,January,8,Sunday,5,45,Urban,Medium Speed (Collector),No,47.39395556,-122.16540556,Non-Intersection,Dark - Not Lighted,Rain,Unknown,Unknown,Unknown EMS Scene Arrival Hour,Unknown EMS Scene Arrival Minutes,Not Applicable (Not Transported),Not Applicable (Not Transported),1,Dark - Unlighted,Rain/Wind/Minor,0,3,[],[],0,0,Valid,0.0,1.0,52.0,29.0,"['Female', 'Male']",0,0,3,1,4,Wet/Standing Water,Straight,Grade/Hillcrest,Lowest,No
36043,53,Washington,530009,0,2,2,0,3,TACOMA,January,1,Sunday,3,7,Urban,High Speed (Arterial),No,47.22106667,-122.40781389,Complex/Circle,Dark - Lighted,Clear,Unknown,Unknown,Unknown EMS Scene Arrival Hour,Unknown EMS Scene Arrival Minutes,Unknown,Unknown EMS Hospital Arrival Time,1,Dark - Lighted,Clear,1,1,['Driver'],['Shoulder_Lapbelt'],0,0,Invalid,2.0,0.0,999.0,51.0,"['Other', 'Male']",0,0,3,4,5,Dry,Straight,Level,Lowest,No
36044,53,Washington,530010,0,3,3,0,3,NOT APPLICABLE,January,12,Thursday,14,14,Rural,Medium Speed (Collector),No,46.85879444,-122.80278056,Non-Intersection,Daylight,Rain,Unknown,Unknown,Unknown EMS Scene Arrival Hour,Unknown EMS Scene Arrival Minutes,Not Applicable (Not Transported),Not Applicable (Not Transported),1,Daylight,Rain/Wind/Minor,1,2,['Driver'],['None_Used'],0,0,Valid,0.0,0.0,56.0,27.0,"['Female', 'Male', 'Male']",1,0,3,4,5,Wet/Standing Water,Curve,Grade/Hillcrest,Lowest,No
36045,53,Washington,530011,1,1,1,0,1,SHELTON,January,14,Saturday,17,15,Urban,High Speed (Arterial),No,47.22355556,-123.12158889,Non-Intersection,Dark - Unknown Lighting,Rain,Unknown,Unknown,Unknown EMS Scene Arrival Hour,Unknown EMS Scene Arrival Minutes,Not Applicable (Not Transported),Not Applicable (Not Transported),1,Dark - Unlighted,Rain/Wind/Minor,0,1,[],[],0,0,Valid,0.0,1.0,29.0,29.0,['Male'],0,0,3,1,4,Wet/Standing Water,Straight,Level,Lowest,No
36046,53,Washington,530012,1,1,1,0,1,FEDERAL WAY,January,16,Monday,21,26,Rural,Low Speed (Local),No,47.31590556,-122.31239167,Non-Intersection,Dark - Lighted,Clear,Unknown,Unknown,Unknown EMS Scene Arrival Hour,Unknown EMS Scene Arrival Minutes,Not Applicable (Not Transported),Not Applicable (Not Transported),1,Dark - Lighted,Clear,0,1,[],[],0,0,Valid,1.0,0.0,68.0,68.0,['Male'],0,0,3,1,4,Dry,Straight,Level,Lowest,No
36047,53,Washington,530013,1,2,1,1,1,NOT APPLICABLE,January,11,Wednesday,18,15,Rural,High Speed (Arterial),Yes,48.82455556,-118.17111111,Non-Intersection,Dark - Not Lighted,Cloudy,Unknown,Unknown,Unknown EMS Scene Arrival Hour,Unknown EMS Scene Arrival Minutes,Unknown,Unknown EMS Hospital Arrival Time,1,Dark - Unlighted,Reduced Visibility,0,1,[],[],0,0,Valid,0.0,0.0,72.0,72.0,['Male'],0,0,3,4,4,Icy/Snowy,Straight,Level,Lowest,No
36048,53,Washington,530014,1,6,6,0,6,BOTHELL,January,17,Tuesday,4,10,Urban,High Speed (Arterial),Yes,47.79852222,-122.22174167,Non-Intersection,Dark - Not Lighted,Rain,Unknown,Unknown,Unknown EMS Scene Arrival Hour,Unknown EMS Scene Arrival Minutes,Not Applicable (Not Transported),Not Applicable (Not Transported),1,Dark - Unlighted,Rain/Wind/Minor,0,6,[],[],0,0,Valid,1.0,1.0,66.0,19.0,"['Male', 'Female', 'Male', 'Male', 'Male']",0,0,4,4,5,Wet/Standing Water,Curve,Grade/Hillcrest,Lowest,No
36049,53,Washington,530015,0,2,2,0,4,TACOMA,January,18,Wednesday,4,17,Urban,High Speed (Arterial),No,47.22308333,-122.43402778,Complex/Circle,Dark - Lighted,Cloudy,Unknown,Unknown,Unknown EMS Scene Arrival Hour,Unknown EMS Scene Arrival Minutes,Unknown,Unknown EMS Hospital Arrival Time,2,Dark - Lighted,Reduced Visibility,2,2,"['Front_Passenger', 'Rear_Seat']","['Shoulder_Lapbelt', 'Shoulder_Lapbelt']",0,0,Invalid,0.0,0.0,50.0,15.0,"['Male', 'Male']",3,0,2,4,5,Wet/Standing Water,Straight,Level,Lowest,No
36050,53,Washington,530016,1,1,1,0,1,NOT APPLICABLE,January,18,Wednesday,19,24,Rural,Medium Speed (Collector),No,47.82146944,-117.587875,Non-Intersection,Dark - Not Lighted,Rain,Unknown,Unknown,Unknown EMS Scene Arrival Hour,Unknown EMS Scene Arrival Minutes,Not Applicable (Not Transported),Not Applicable (Not Transported),1,Dark - Unlighted,Rain/Wind/Minor,0,1,[],[],1,1,Valid,0.0,0.0,59.0,59.0,['Male'],0,0,3,1,4,Wet/Standing Water,Straight,Level,Lowest,No
36051,53,Washington,530017,0,1,1,0,3,NOT APPLICABLE,January,16,Monday,16,56,Urban,Medium Speed (Collector),No,47.62893333,-117.60403333,Non-Intersection,Dark - Unknown Lighting,Cloudy,Unknown,Unknown,Unknown EMS Scene Arrival Hour,Unknown EMS Scene Arrival Minutes,Unknown,Unknown EMS Hospital Arrival Time,1,Dark - Unlighted,Reduced Visibility,1,1,['Driver'],['Shoulder_Lapbelt'],0,0,Valid,0.0,0.0,29.0,29.0,['Female'],0,0,3,4,3,Wet/Standing Water,Straight,Level,Lowest,No
36052,53,Washington,530019,0,2,2,0,2,SPOKANE VALLEY,January,20,Friday,23,58,Urban,High Speed (Arterial),Yes,47.65441111,-117.32646111,Non-Intersection,Dark - Lighted,Cloudy,Unknown,Unknown,Unknown EMS Scene Arrival Hour,Unknown EMS Scene Arrival Minutes,Unknown,Unknown EMS Hospital Arrival Time,1,Dark - Lighted,Reduced Visibility,1,0,['Driver'],['None_Used'],1,1,Valid,0.0,1.0,999.0,59.0,"['Male', 'Other']",1,0,5,1,5,Dry,Curve,Grade/Hillcrest,Lowest,No
36053,53,Washington,530020,0,1,1,0,1,NOT APPLICABLE,January,22,Sunday,18,30,Urban,High Speed (Arterial),No,47.52815,-122.67727778,Non-Intersection,Dark - Not Lighted,Cloudy,Unknown,Unknown,Unknown EMS Scene Arrival Hour,Unknown EMS Scene Arrival Minutes,Unknown,Unknown EMS Hospital Arrival Time,1,Dark - Unlighted,Reduced Visibility,1,0,['Driver'],['None_Used'],0,0,Valid,0.0,0.0,52.0,52.0,['Male'],0,0,5,4,3,Dry,Curve,Grade/Hillcrest,Lowest,No
36054,53,Washington,530021,1,2,2,0,2,ABERDEEN,January,4,Wednesday,17,13,Urban,High Speed (Arterial),Yes,46.97508611,-123.83632778,Complex/Circle,Dark - Lighted,Rain,Unknown,Unknown,Unknown EMS Scene Arrival Hour,Unknown EMS Scene Arrival Minutes,Unknown,Unknown EMS Hospital Arrival Time,1,Dark - Lighted,Rain/Wind/Minor,0,2,[],[],1,1,Valid,0.0,2.0,49.0,46.0,"['Male', 'Male']",0,0,3,0,4,Wet/Standing Water,Straight,Level,Lowest,No
36055,53,Washington,530022,1,1,1,0,2,NOT APPLICABLE,January,16,Monday,4,8,Urban,Medium Speed (Collector),No,47.68863611,-122.06481111,Non-Intersection,Dark - Not Lighted,Cloudy,Unknown,Unknown,Unknown EMS Scene Arrival Hour,Unknown EMS Scene Arrival Minutes,Not Applicable (Not Transported),Not Applicable (Not Transported),1,Dark - Unlighted,Reduced Visibility,0,2,[],[],0,0,Valid,0.0,2.0,21.0,21.0,['Male'],0,0,2,0,4,Wet/Standing Water,Straight,Grade/Hillcrest,Lowest,No
36056,53,Washington,530023,0,1,1,0,1,YAKIMA,January,22,Sunday,4,0,Urban,Medium Speed (Collector),No,46.61830833,-120.552925,Non-Intersection,Dark - Not Lighted,Cloudy,Unknown,Unknown,Unknown EMS Scene Arrival Hour,Unknown EMS Scene Arrival Minutes,Not Applicable (Not Transported),Not Applicable (Not Transported),1,Dark - Unlighted,Reduced Visibility,1,0,['Driver'],['None_Used'],1,1,Invalid,0.0,0.0,32.0,32.0,['Female'],1,0,2,4,3,Dry,Curve,Level,Lowest,No
36057,53,Washington,530024,2,1,1,0,1,SAMMAMISH,January,23,Monday,17,56,Urban,Medium Speed (Collector),No,47.60163056,-122.01944722,Complex/Circle,Dark - Lighted,Clear,Unknown,Unknown,Unknown EMS Scene Arrival Hour,Unknown EMS Scene Arrival Minutes,Unknown,Unknown EMS Hospital Arrival Time,1,Dark - Lighted,Clear,0,1,[],[],0,0,Valid,0.0,0.0,45.0,45.0,['Female'],0,0,3,1,4,Dry,Straight,Level,Lowest,No
36058,53,Washington,530025,0,1,1,0,1,NOT APPLICABLE,January,22,Sunday,18,14,Rural,Medium Speed (Collector),No,46.41886944,-120.42271389,Non-Intersection,Reported as Unknown,Clear,Unknown,Unknown,Unknown EMS Scene Arrival Hour,Unknown EMS Scene Arrival Minutes,Not Applicable (Not Transported),Not Applicable (Not Transported),1,Dark - Unlighted,Clear,1,0,['Driver'],['None_Used'],1,1,Invalid,0.0,0.0,30.0,30.0,['Male'],1,0,2,4,3,Dry,Straight,Level,Lowest,No