,State_Code,State_Name,Crash_ID,Count_Non_Motorists,Count_Vehicles_Total,Count_Vehicle_Forms,Count_PVH_Involved,Count_Occupants_MV,City_Name,Month_Name,Day_of_Month,Day_of_Week,Crash_Hour,Crash_Minute,Area_Rural_Urban,Road_Functional_Class,On_NHS_Road,Latitude,Longitude,Intersection_Type,Light_Condition,Weather_Condition,Notif_Hour,Notif_Minute,Arrival_Hour,Arrival_Minute,Hospital_Hour,Hospital_Minute,Fatalities_Count,Clean_Light_Condition,Clean_Weather_Condition,Total_Killed,Total_Alive,Fatal_Seats_List,Killed_Restraint_List,Any_Driver_Drinking,Total_Drinking_Drivers,Driver_License_Category,Driver_Max_Prev_Accident_Count,Driver_Max_Prev_Speeding_Count,Max_Driver_Age,Min_Driver_Age,Driver_Sex_List,Total_Exceeding_Limit_Vehicles,Total_Too_Fast_Vehicles,Max_Vehicle_Type_Severity_5,Max_Vehicle_Damage_Rank,Max_Harmful_Event_Severity,Crash_Road_Surface_Condition,Crash_Horizontal_Alignment,Crash_Vertical_Profile,Crash_Impairment_Category,Crash_Vehicle_Defect
36059,53,Washington,530026,0,1,1,0,1,NOT APPLICABLE,January,16,Monday,16,27,Rural,High Speed (Arterial),Yes,46.11912222,-118.21466944,Non-Intersection,Dusk,Clear,Unknown,Unknown,Unknown EMS Scene Arrival Hour,Unknown EMS Scene Arrival Minutes,Not Applicable (Not Transported),Not Applicable (Not Transported),1,Twilight,Clear,1,0,['Driver'],['None_Used'],1,1,Valid,0.0,0.0,68.0,68.0,['Female'],0,0,3,4,2,Dry,Straight,Grade/Hillcrest,Lowest,No
36060,53,Washington,530027,1,1,1,0,1,KENT,January,21,Saturday,17,7,Urban,High Speed (Arterial),No,47.36152222,-122.17269167,Non-Intersection,Dark - Lighted,Rain,Unknown,Unknown,Unknown EMS Scene Arrival Hour,Unknown EMS Scene Arrival Minutes,Unknown,Unknown EMS Hospital Arrival Time,1,Dark - Lighted,Rain/Wind/Minor,0,1,[],[],0,0,Valid,1.0,0.0,56.0,56.0,['Male'],0,0,3,1,4,Wet/Standing Water,Straight,Level,Lowest,No
36061,53,Washington,530028,0,1,1,0,1,NOT APPLICABLE,January,21,Saturday,3,5,Rural,Medium Speed (Collector),No,47.51693333,-117.52735833,Non-Intersection,Dark - Not Lighted,Clear,Unknown,Unknown,Unknown EMS Scene Arrival Hour,Unknown EMS Scene Arrival Minutes,Not Applicable (Not Transported),Not Applicable (Not Transported),1,Dark - Unlighted,Clear,1,0,['Driver'],['None_Used'],1,1,Valid,0.0,0.0,27.0,27.0,['Male'],1,0,3,1,3,Icy/Snowy,Curve,Level,Lowest,No
36062,53,Washington,530029,0,4,4,0,7,KENT,January,21,Saturday,10,38,Urban,Medium Speed (Collector),No,47.36337222,-122.22989722,Complex/Circle,Daylight,Rain,Unknown,Unknown,Unknown EMS Scene Arrival Hour,Unknown EMS Scene Arrival Minutes,Unknown,Unknown EMS Hospital Arrival Time,1,Daylight,Rain/Wind/Minor,1,6,['Driver'],['Shoulder_Lapbelt'],0,0,Valid,1.0,1.0,65.0,18.0,"['Male', 'Male', 'Male', 'Female']",1,0,3,4,5,Wet/Standing Water,Straight,Level,Lowest,No
36063,53,Washington,530030,0,2,2,0,2,NOT APPLICABLE,January,6,Friday,13,45,Urban,Medium Speed (Collector),No,45.69413333,-122.66908333,Non-Intersection,Daylight,Cloudy,Unknown,Unknown,Unknown EMS Scene Arrival Hour,Unknown EMS Scene Arrival Minutes,Not Applicable (Not Transported),Not Applicable (Not Transported),1,Daylight,Reduced Visibility,1,1,['Driver'],['None_Used'],0,0,Valid,1.0,1.0,39.0,22.0,"['Female', 'Male']",1,0,5,4,5,Dry,Straight,Non-Trafficway,Lowest,No
36064,53,Washington,530031,0,2,2,0,2,NOT APPLICABLE,January,26,Thursday,3,30,Rural,Medium Speed (Collector),No,46.63185833,-119.72684444,Non-Intersection,Dark - Not Lighted,"Fog, Smog, Smoke",Unknown,Unknown,Unknown EMS Scene Arrival Hour,Unknown EMS Scene Arrival Minutes,Unknown,Unknown EMS Hospital Arrival Time,1,Dark - Unlighted,Reduced Visibility,1,1,['Driver'],['Shoulder_Lapbelt'],1,1,Valid,0.0,1.0,40.0,34.0,"['Male', 'Male']",0,0,3,4,5,Icy/Snowy,Curve,Grade/Hillcrest,Lowest,No
36065,53,Washington,530032,0,2,2,0,3,AUBURN,January,1,Sunday,2,1,Urban,High Speed (Arterial),No,47.3339,-122.222125,Complex/Circle,Dark - Lighted,Clear,Unknown,Unknown,Unknown EMS Scene Arrival Hour,Unknown EMS Scene Arrival Minutes,Unknown,Unknown EMS Hospital Arrival Time,1,Dark - Lighted,Clear,1,2,['Front_Passenger'],['Shoulder_Lapbelt'],1,1,Valid,1.0,1.0,58.0,22.0,"['Male', 'Male']",0,0,2,4,5,Wet/Standing Water,Straight,Level,Lowest,No
36066,53,Washington,530033,0,1,1,0,2,NOT APPLICABLE,January,20,Friday,12,10,Rural,High Speed (Arterial),Yes,46.68384444,-120.95323056,Non-Intersection,Daylight,Clear,Unknown,Unknown,Unknown EMS Scene Arrival Hour,Unknown EMS Scene Arrival Minutes,Unknown,Unknown EMS Hospital Arrival Time,1,Daylight,Clear,1,1,['Driver'],['Shoulder_Lapbelt'],0,0,Invalid,0.0,0.0,14.0,14.0,['Male'],0,0,3,4,3,Wet/Standing Water,Curve,Level,Lowest,No
36067,53,Washington,530034,1,1,1,0,2,TACOMA,January,28,Saturday,19,10,Urban,High Speed (Arterial),No,47.20376944,-122.43394444,Non-Intersection,Dark - Lighted,Rain,Unknown,Unknown,Unknown EMS Scene Arrival Hour,Unknown EMS Scene Arrival Minutes,Not Applicable (Not Transported),Not Applicable (Not Transported),1,Dark - Lighted,Rain/Wind/Minor,0,2,[],[],0,0,Invalid,0.0,1.0,45.0,45.0,['Male'],0,0,3,4,4,Wet/Standing Water,Straight,Level,Lowest,No
36068,53,Washington,530036,0,2,2,0,2,BELLINGHAM,January,6,Friday,21,45,Urban,High Speed (Arterial),No,48.79738889,-122.48596944,Non-Intersection,Dark - Not Lighted,Rain,Unknown,Unknown,Unknown EMS Scene Arrival Hour,Unknown EMS Scene Arrival Minutes,Unknown,Unknown EMS Hospital Arrival Time,1,Dark - Unlighted,Rain/Wind/Minor,1,1,['Driver'],['Shoulder_Lapbelt'],1,1,Valid,0.0,1.0,49.0,36.0,"['Male', 'Female']",1,0,3,4,5,Wet/Standing Water,Straight,Level,Lowest,No
36069,53,Washington,530037,0,1,1,0,2,VANCOUVER,February,1,Wednesday,23,15,Urban,High Speed (Arterial),Yes,45.65765278,-122.57251667,Non-Intersection,Dark - Lighted,Clear,Unknown,Unknown,Unknown EMS Scene Arrival Hour,Unknown EMS Scene Arrival Minutes,Unknown,Unknown EMS Hospital Arrival Time,1,Dark - Lighted,Clear,1,1,['Front_Passenger'],['Shoulder_Lapbelt'],1,1,Valid,0.0,1.0,48.0,48.0,['Male'],0,0,2,4,3,Dry,Curve,Grade/Hillcrest,Lowest,No
36070,53,Washington,530038,0,2,2,0,6,TOPPENISH,January,21,Saturday,1,0,Urban,High Speed (Arterial),No,46.37855833,-120.31525556,Simple Junction,Dark - Lighted,Clear,Unknown,Unknown,Unknown EMS Scene Arrival Hour,Unknown EMS Scene Arrival Minutes,Unknown,Unknown EMS Hospital Arrival Time,1,Dark - Lighted,Clear,1,3,['Rear_Seat'],['Shoulder_Lapbelt'],0,0,Invalid,0.0,1.0,51.0,22.0,"['Male', 'Male']",4,0,3,4,5,Dry,Curve,Level,Lowest,No
36071,53,Washington,530039,0,1,1,0,1,NOT APPLICABLE,January,31,Tuesday,7,0,Rural,Medium Speed (Collector),No,46.34545,-120.00145,Non-Intersection,Dark - Not Lighted,Cloudy,Unknown,Unknown,Unknown EMS Scene Arrival Hour,Unknown EMS Scene Arrival Minutes,Not Applicable (Not Transported),Not Applicable (Not Transported),1,Dark - Unlighted,Reduced Visibility,1,0,['Driver'],['Shoulder_Lapbelt'],0,0,Invalid,0.0,0.0,52.0,52.0,['Male'],1,0,2,4,3,Dry,Straight,Level,Lowest,No
36072,53,Washington,530042,1,1,1,0,1,KENNEWICK,January,31,Tuesday,2,47,Urban,Medium Speed (Collector),No,46.19584722,-119.1379,Simple Junction,Dark - Lighted,Clear,Unknown,Unknown,Unknown EMS Scene Arrival Hour,Unknown EMS Scene Arrival Minutes,Unknown,Unknown EMS Hospital Arrival Time,1,Dark - Lighted,Clear,0,1,[],[],0,0,Valid,1.0,0.0,46.0,46.0,['Male'],0,0,3,4,4,Dry,Straight,Level,Lowest,No
36073,53,Washington,530043,0,2,2,0,2,NOT APPLICABLE,January,19,Thursday,6,0,Rural,High Speed (Arterial),Yes,47.55668333,-120.25465278,Non-Intersection,Dark - Not Lighted,Cloudy,Unknown,Unknown,Unknown EMS Scene Arrival Hour,Unknown EMS Scene Arrival Minutes,Not Applicable (Not Transported),Not Applicable (Not Transported),2,Dark - Unlighted,Reduced Visibility,2,0,"['Driver', 'Driver']","['Shoulder_Lapbelt', 'Shoulder_Lapbelt']",0,0,Valid,1.0,1.0,61.0,33.0,"['Male', 'Male']",1,0,2,4,5,Icy/Snowy,Curve,Level,Lowest,No
36074,53,Washington,530044,0,1,1,0,1,NOT APPLICABLE,January,30,Monday,9,23,Rural,High Speed (Arterial),No,47.42168889,-121.99913889,Non-Intersection,Daylight,Clear,Unknown,Unknown,Unknown EMS Scene Arrival Hour,Unknown EMS Scene Arrival Minutes,Not Applicable (Not Transported),Not Applicable (Not Transported),1,Daylight,Clear,1,0,['Driver'],['None_Used'],0,0,Valid,0.0,2.0,32.0,32.0,['Male'],0,0,3,4,3,Dry,Curve,Level,Lowest,No
36075,53,Washington,530045,0,2,2,0,2,NOT APPLICABLE,February,1,Wednesday,6,9,Urban,Medium Speed (Collector),No,46.98652222,-122.5484,Non-Intersection,Dark - Not Lighted,Clear,Unknown,Unknown,Unknown EMS Scene Arrival Hour,Unknown EMS Scene Arrival Minutes,Not Applicable (Not Transported),Not Applicable (Not Transported),1,Dark - Unlighted,Clear,1,1,['Driver'],['Shoulder_Lapbelt'],0,0,Valid,1.0,0.0,79.0,30.0,"['Female', 'Male']",0,0,3,4,5,Dry,Straight,Level,Lowest,No
36076,53,Washington,530046,0,1,1,0,3,TACOMA,February,1,Wednesday,13,21,Urban,High Speed (Arterial),Yes,47.24347222,-122.43416667,Simple Junction,Daylight,Clear,Unknown,Unknown,Unknown EMS Scene Arrival Hour,Unknown EMS Scene Arrival Minutes,Unknown,Unknown EMS Hospital Arrival Time,1,Daylight,Clear,1,1,['Rear_Seat'],['Shoulder_Lapbelt'],1,1,Invalid,2.0,2.0,26.0,26.0,['Male'],3,0,2,4,3,Dry,Curve,Level,Lowest,No
36077,53,Washington,530047,0,2,2,0,5,NOT APPLICABLE,February,3,Friday,20,45,Rural,High Speed (Arterial),Yes,47.03028056,-120.62097222,Non-Intersection,Dark - Unknown Lighting,Clear,Unknown,Unknown,Unknown EMS Scene Arrival Hour,Unknown EMS Scene Arrival Minutes,Unknown,Unknown EMS Hospital Arrival Time,1,Dark - Unlighted,Clear,1,4,['Driver'],['None_Used'],0,0,Invalid,2.0,0.0,58.0,26.0,"['Female', 'Male']",0,0,4,4,5,Dry,Straight,Level,Lowest,No
36078,53,Washington,530048,0,1,1,0,2,PORT ORCHARD,February,5,Sunday,23,29,Urban,Medium Speed (Collector),No,47.53221111,-122.62687222,Non-Intersection,Dark - Lighted,Cloudy,Unknown,Unknown,Unknown EMS Scene Arrival Hour,Unknown EMS Scene Arrival Minutes,Not Applicable (Not Transported),Not Applicable (Not Transported),1,Dark - Lighted,Reduced Visibility,1,1,['Front_Passenger'],['None_Used'],1,1,Valid,0.0,1.0,30.0,30.0,['Male'],0,0,2,4,3,Dry,Straight,Level,Lowest,No
36079,53,Washington,530049,0,2,2,0,3,KENT,February,5,Sunday,14,28,Urban,High Speed (Arterial),No,47.43893889,-122.24558889,Non-Intersection,Daylight,Rain,Unknown,Unknown,Unknown EMS Scene Arrival Hour,Unknown EMS Scene Arrival Minutes,Not Applicable (Not Transported),Not Applicable (Not Transported),1,Daylight,Rain/Wind/Minor,1,2,['Driver'],['None_Used'],0,0,Valid,3.0,1.0,56.0,42.0,"['Female', 'Male']",0,0,2,4,5,Wet/Standing Water,Curve,Level,Lowest,Yes
36080,53,Washington,530050,0,1,1,0,1,NOT APPLICABLE,February,1,Wednesday,0,30,Rural,Medium Speed (Collector),No,46.36699722,-120.16765556,Non-Intersection,Dark - Not Lighted,Clear,Unknown,Unknown,Unknown EMS Scene Arrival Hour,Unknown EMS Scene Arrival Minutes,Not Applicable (Not Transported),Not Applicable (Not Transported),1,Dark - Unlighted,Clear,1,0,['Driver'],['None_Used'],1,1,Valid,1.0,2.0,19.0,19.0,['Male'],1,0,2,4,3,Dry,Straight,Level,Lowest,No
36081,53,Washington,530051,1,1,1,0,1,SPOKANE VALLEY,January,27,Friday,22,14,Urban,High Speed (Arterial),No,47.65711944,-117.23300833,Non-Intersection,Dark - Lighted,Cloudy,Unknown,Unknown,Unknown EMS Scene Arrival Hour,Unknown EMS Scene Arrival Minutes,Not Applicable (Not Transported),Not Applicable (Not Transported),1,Dark - Lighted,Reduced Visibility,0,0,[],[],0,0,Valid,0.0,0.0,16.0,16.0,['Male'],0,0,3,0,4,Dry,Straight,Level,Lowest,No
36082,53,Washington,530052,0,2,2,0,2,NOT APPLICABLE,January,25,Wednesday,18,0,Rural,High Speed (Arterial),No,46.19123333,-123.14446389,Non-Intersection,Dark - Not Lighted,Clear,Unknown,Unknown,Unknown EMS Scene Arrival Hour,Unknown EMS Scene Arrival Minutes,Unknown,Unknown EMS Hospital Arrival Time,1,Dark - Unlighted,Clear,1,1,['Driver'],['Shoulder_Lapbelt'],0,0,Valid,1.0,2.0,66.0,36.0,"['Male', 'Male']",1,0,3,4,3,Dry,Straight,Level,Lowest,No
36083,53,Washington,530053,0,1,1,0,1,NOT APPLICABLE,February,4,Saturday,22,49,Rural,Medium Speed (Collector),No,46.30267222,-120.11476111,Non-Intersection,Dark - Not Lighted,Clear,Unknown,Unknown,Unknown EMS Scene Arrival Hour,Unknown EMS Scene Arrival Minutes,Unknown,Unknown EMS Hospital Arrival Time,1,Dark - Unlighted,Clear,1,0,['Driver'],['Shoulder_Lapbelt'],0,0,Valid,0.0,0.0,23.0,23.0,['Male'],0,0,3,4,2,Dry,Curve,Level,Lowest,No
36084,53,Washington,530055,1,2,1,1,1,NOT APPLICABLE,January,30,Monday,11,10,Rural,Medium Speed (Collector),No,47.33532778,-122.93729444,Non-Intersection,Daylight,Cloudy,Unknown,Unknown,Unknown EMS Scene Arrival Hour,Unknown EMS Scene Arrival Minutes,Not Applicable (Not Transported),Not Applicable (Not Transported),1,Daylight,Reduced Visibility,1,0,['Driver'],['Shoulder_Lapbelt'],0,0,Valid,5.0,0.0,48.0,48.0,['Male'],1,0,2,4,5,Dry,Straight,Level,Lowest,No
36085,53,Washington,530056,1,1,1,0,1,NOT APPLICABLE,February,6,Monday,21,39,Rural,High Speed (Arterial),Yes,47.51511667,-121.83821944,Non-Intersection,Dark - Not Lighted,Rain,Unknown,Unknown,Unknown EMS Scene Arrival Hour,Unknown EMS Scene Arrival Minutes,Not Applicable (Not Transported),Not Applicable (Not Transported),1,Dark - Unlighted,Rain/Wind/Minor,0,1,[],[],0,0,Valid,0.0,0.0,27.0,27.0,['Female'],0,0,2,4,4,Wet/Standing Water,Curve,Level,Lowest,No
36086,53,Washington,530057,0,2,2,0,2,TACOMA,February,12,Sunday,9,25,Urban,High Speed (Arterial),No,47.26035556,-122.35661389,Non-Intersection,Daylight,Clear,Unknown,Unknown,Unknown EMS Scene Arrival Hour,Unknown EMS Scene Arrival Minutes,Unknown,Unknown EMS Hospital Arrival Time,1,Daylight,Clear,1,1,['Driver'],['Shoulder_Lapbelt'],0,0,Valid,4.0,5.0,30.0,25.0,"['Male', 'Female']",0,0,3,4,5,Wet/Standing Water,Curve,Level,Lowest,No
36087,53,Washington,530058,0,1,1,0,1,NOT APPLICABLE,February,2,Thursday,23,19,Rural,Low Speed (Local),No,47.20018333,-119.70636111,Non-Intersection,Dark - Not Lighted,Cloudy,Unknown,Unknown,Unknown EMS Scene Arrival Hour,Unknown EMS Scene Arrival Minutes,Not Applicable (Not Transported),Not Applicable (Not Transported),1,Dark - Unlighted,Reduced Visibility,1,0,['Driver'],['None_Used'],1,1,Valid,0.0,3.0,29.0,29.0,['Male'],1,0,3,4,3,Dry,Curve,Level,Lowest,No
36088,53,Washington,530059,0,1,1,0,1,NOT APPLICABLE,February,3,Friday,22,56,Rural,Medium Speed (Collector),No,46.34571944,-120.09352778,Non-Intersection,Dark - Not Lighted,Clear,Unknown,Unknown,Unknown EMS Scene Arrival Hour,Unknown EMS Scene Arrival Minutes,Not Applicable (Not Transported),Not Applicable (Not Transported),1,Dark - Unlighted,Clear,1,0,['Driver'],['None_Used'],1,1,Valid,2.0,3.0,21.0,21.0,['Male'],1,0,2,4,2,Dry,Straight,Level,Lowest,No
36089,53,Washington,530060,0,1,1,0,1,NOT APPLICABLE,February,9,Thursday,18,37,Urban,High Speed (Arterial),No,45.683025,-122.5849,Non-Intersection,Dark - Not Lighted,Clear,Unknown,Unknown,Unknown EMS Scene Arrival Hour,Unknown EMS Scene Arrival Minutes,Not Applicable (Not Transported),Not Applicable (Not Transported),1,Dark - Unlighted,Clear,1,0,['Driver'],['Shoulder_Lapbelt'],1,1,Valid,0.0,0.0,60.0,60.0,['Male'],1,0,3,4,3,Dry,Curve,Grade/Hillcrest,Lowest,No
36090,53,Washington,530061,0,2,2,0,5,NOT APPLICABLE,February,8,Wednesday,8,36,Rural,High Speed (Arterial),Yes,47.58708056,-120.68000833,Non-Intersection,Daylight,Cloudy,Unknown,Unknown,Unknown EMS Scene Arrival Hour,Unknown EMS Scene Arrival Minutes,Unknown,Unknown EMS Hospital Arrival Time,2,Daylight,Reduced Visibility,2,3,"['Front_Passenger', 'Rear_Seat']","['Shoulder_Lapbelt', 'Shoulder_Lapbelt']",0,0,Invalid,0.0,0.0,68.0,55.0,"['Female', 'Male']",3,0,3,4,5,Icy/Snowy,Curve,Level,Lowest,No
36091,53,Washington,530062,0,1,1,0,1,NOT APPLICABLE,February,7,Tuesday,23,27,Rural,Low Speed (Local),No,45.78755278,-122.50075556,Non-Intersection,Dark - Not Lighted,Cloudy,Unknown,Unknown,Unknown EMS Scene Arrival Hour,Unknown EMS Scene Arrival Minutes,Unknown,Unknown EMS Hospital Arrival Time,1,Dark - Unlighted,Reduced Visibility,1,0,['Driver'],['None_Used'],0,0,Valid,0.0,0.0,21.0,21.0,['Male'],1,0,5,4,3,Wet/Standing Water,Curve,Grade/Hillcrest,Lowest,No
36092,53,Washington,530063,0,1,1,0,2,LACEY,January,7,Saturday,21,29,Urban,High Speed (Arterial),No,47.04157222,-122.83388889,Non-Intersection,Dark - Lighted,Cloudy,Unknown,Unknown,Unknown EMS Scene Arrival Hour,Unknown EMS Scene Arrival Minutes,Unknown,Unknown EMS Hospital Arrival Time,1,Dark - Lighted,Reduced Visibility,1,1,['Front_Passenger'],['None_Used'],0,0,Valid,0.0,0.0,35.0,35.0,['Female'],0,0,3,1,1,Wet/Standing Water,Straight,Level,Lowest,No
36093,53,Washington,530064,0,1,1,0,1,NOT APPLICABLE,February,4,Saturday,14,30,Rural,Low Speed (Local),No,47.59501944,-118.47486944,Non-Intersection,Daylight,Cloudy,Unknown,Unknown,Unknown EMS Scene Arrival Hour,Unknown EMS Scene Arrival Minutes,Not Applicable (Not Transported),Not Applicable (Not Transported),1,Daylight,Reduced Visibility,1,0,['Driver'],['None_Used'],1,1,Valid,2.0,1.0,33.0,33.0,['Male'],1,0,3,4,3,Loose/Unpaved,Curve,Level,Lowest,No
36094,53,Washington,530066,0,1,1,0,1,NOT APPLICABLE,February,18,Saturday,5,26,Rural,High Speed (Arterial),Yes,47.20584167,-118.23719722,Non-Intersection,Dark - Not Lighted,Cloudy,Unknown,Unknown,Unknown EMS Scene Arrival Hour,Unknown EMS Scene Arrival Minutes,Not Applicable (Not Transported),Not Applicable (Not Transported),1,Dark - Unlighted,Reduced Visibility,1,0,['Driver'],['Shoulder_Lapbelt'],1,1,Valid,0.0,3.0,18.0,18.0,['Male'],0,0,3,4,3,Dry,Curve,Level,Lowest,No
36095,53,Washington,530067,0,2,2,0,2,RICHLAND,February,14,Tuesday,12,18,Urban,Medium Speed (Collector),No,46.23466389,-119.26265833,Complex/Circle,Daylight,Clear,Unknown,Unknown,Unknown EMS Scene Arrival Hour,Unknown EMS Scene Arrival Minutes,Unknown,Unknown EMS Hospital Arrival Time,1,Daylight,Clear,1,1,['Driver'],['Shoulder_Lapbelt'],0,0,Invalid,0.0,0.0,93.0,71.0,"['Female', 'Male']",0,0,3,4,5,Dry,Curve,Grade/Hillcrest,Lowest,No
36096,53,Washington,530068,0,2,2,0,2,KENT,February,20,Monday,4,32,Urban,Medium Speed (Collector),No,47.42678333,-122.22805,Non-Intersection,Dark - Lighted,Cloudy,Unknown,Unknown,Unknown EMS Scene Arrival Hour,Unknown EMS Scene Arrival Minutes,Unknown,Unknown EMS Hospital Arrival Time,1,Dark - Lighted,Reduced Visibility,1,1,['Driver'],['None_Used'],0,0,Valid,1.0,0.0,48.0,26.0,"['Male', 'Male']",0,0,2,4,5,Wet/Standing Water,Straight,Level,Lowest,No
36097,53,Washington,530069,0,2,2,0,3,MERCER ISLAND,February,2,Thursday,12,29,Urban,High Speed (Arterial),Yes,47.58781944,-122.23120833,Non-Intersection,Daylight,Clear,Unknown,Unknown,Unknown EMS Scene Arrival Hour,Unknown EMS Scene Arrival Minutes,Unknown,Unknown EMS Hospital Arrival Time,1,Daylight,Clear,1,2,['Front_Passenger'],['None_Used'],0,0,Invalid,5.0,2.0,67.0,53.0,"['Male', 'Female']",2,0,3,4,5,Dry,Straight,Grade/Hillcrest,Lowest,No
36098,53,Washington,530070,0,2,2,0,3,NOT APPLICABLE,February,10,Friday,22,20,Rural,Medium Speed (Collector),No,47.14556389,-119.23561944,Complex/Circle,Dark - Not Lighted,Clear,Unknown,Unknown,Unknown EMS Scene Arrival Hour,Unknown EMS Scene Arrival Minutes,Unknown,Unknown EMS Hospital Arrival Time,1,Dark - Unlighted,Clear,1,2,['Driver'],['Shoulder_Lapbelt'],0,0,Valid,0.0,0.0,55.0,18.0,"['Male', 'Male']",0,0,3,4,5,Dry,Straight,Level,Lowest,No
36099,53,Washington,530071,0,2,2,0,2,NOT APPLICABLE,February,22,Wednesday,4,36,Rural,Low Speed (Local),No,46.88907222,-122.95028056,Simple Junction,Dark - Not Lighted,Cloudy,Unknown,Unknown,Unknown EMS Scene Arrival Hour,Unknown EMS Scene Arrival Minutes,Unknown,Unknown EMS Hospital Arrival Time,1,Dark - Unlighted,Reduced Visibility,1,1,['Driver'],['None_Used'],0,0,Valid,2.0,0.0,36.0,30.0,"['Male', 'Male']",0,0,5,4,5,Dry,Straight,Grade/Hillcrest,Lowest,No
36100,53,Washington,530072,1,1,1,0,4,YELM,February,21,Tuesday,19,49,Urban,Medium Speed (Collector),No,46.94500278,-122.61213611,Non-Intersection,Dark - Not Lighted,Clear,Unknown,Unknown,Unknown EMS Scene Arrival Hour,Unknown EMS Scene Arrival Minutes,Not Applicable (Not Transported),Not Applicable (Not Transported),1,Dark - Unlighted,Clear,0,4,[],[],0,0,Valid,0.0,1.0,25.0,25.0,['Male'],0,0,3,1,4,Dry,Straight,Level,Lowest,No
36101,53,Washington,530073,0,1,1,0,1,NOT APPLICABLE,February,7,Tuesday,2,31,Rural,Medium Speed (Collector),No,48.22433889,-122.204675,Simple Junction,Dark - Not Lighted,Clear,Unknown,Unknown,Unknown EMS Scene Arrival Hour,Unknown EMS Scene Arrival Minutes,Not Applicable (Not Transported),Not Applicable (Not Transported),1,Dark - Unlighted,Clear,1,0,['Driver'],['Shoulder_Lapbelt'],1,1,Invalid,1.0,0.0,23.0,23.0,['Female'],0,0,2,1,3,Dry,Curve,Level,Lowest,No
36102,53,Washington,530074,0,2,2,0,2,NOT APPLICABLE,February,12,Sunday,13,37,Rural,High Speed (Arterial),No,48.96362778,-122.35218056,Complex/Circle,Daylight,Cloudy,Unknown,Unknown,Unknown EMS Scene Arrival Hour,Unknown EMS Scene Arrival Minutes,Unknown,Unknown EMS Hospital Arrival Time,1,Daylight,Reduced Visibility,1,1,['Driver'],['Shoulder_Lapbelt'],0,0,Valid,0.0,0.0,79.0,48.0,"['Female', 'Male']",0,0,3,4,5,Wet/Standing Water,Straight,Level,Lowest,No
36103,53,Washington,530075,0,1,1,0,1,NOT APPLICABLE,February,22,Wednesday,21,15,Rural,Low Speed (Local),No,45.81674167,-120.8489,Non-Intersection,Dark - Not Lighted,Cloudy,Unknown,Unknown,Unknown EMS Scene Arrival Hour,Unknown EMS Scene Arrival Minutes,Unknown,Unknown EMS Hospital Arrival Time,1,Dark - Unlighted,Reduced Visibility,1,0,['Driver'],['Shoulder_Lapbelt'],1,1,Invalid,0.0,2.0,32.0,32.0,['Male'],0,0,2,4,3,Dry,Straight,Level,Lowest,No
36104,53,Washington,530076,0,2,2,0,2,NOT APPLICABLE,February,21,Tuesday,21,0,Rural,Medium Speed (Collector),No,46.99228333,-122.65440278,Non-Intersection,Dark - Not Lighted,Clear,Unknown,Unknown,Unknown EMS Scene Arrival Hour,Unknown EMS Scene Arrival Minutes,Not Applicable (Not Transported),Not Applicable (Not Transported),1,Dark - Unlighted,Clear,1,1,['Driver'],['Shoulder_Lapbelt'],0,0,Valid,1.0,1.0,36.0,30.0,"['Male', 'Male']",0,0,2,4,5,Dry,Straight,Level,Lowest,No
36105,53,Washington,530077,1,2,2,0,2,NOT APPLICABLE,February,23,Thursday,23,45,Urban,Medium Speed (Collector),No,47.53402222,-122.55406111,Non-Intersection,Dark - Not Lighted,Clear,Unknown,Unknown,Unknown EMS Scene Arrival Hour,Unknown EMS Scene Arrival Minutes,Not Applicable (Not Transported),Not Applicable (Not Transported),1,Dark - Unlighted,Clear,0,2,[],[],0,0,Valid,0.0,0.0,57.0,52.0,"['Female', 'Male']",0,0,3,1,4,Dry,Straight,Grade/Hillcrest,Lowest,No
36106,53,Washington,530078,1,3,3,0,4,SEATTLE,February,26,Sunday,3,6,Urban,High Speed (Arterial),Yes,47.56704722,-122.32086111,Non-Intersection,Dark - Lighted,Snow,Unknown,Unknown,Unknown EMS Scene Arrival Hour,Unknown EMS Scene Arrival Minutes,Unknown,Unknown EMS Hospital Arrival Time,2,Dark - Lighted,Snow/Ice/Severe,2,0,"['Driver', 'Front_Passenger']","['Shoulder_Lapbelt', 'Shoulder_Lapbelt']",1,1,Valid,0.0,0.0,999.0,34.0,"['Male', 'Other']",0,0,3,4,5,Icy/Snowy,Straight,Level,Lowest,No