,State_Code,State_Name,Crash_ID,Count_Non_Motorists,Count_Vehicles_Total,Count_Vehicle_Forms,Count_PVH_Involved,Count_Occupants_MV,City_Name,Month_Name,Day_of_Month,Day_of_Week,Crash_Hour,Crash_Minute,Area_Rural_Urban,Road_Functional_Class,On_NHS_Road,Latitude,Longitude,Intersection_Type,Light_Condition,Weather_Condition,Notif_Hour,Notif_Minute,Arrival_Hour,Arrival_Minute,Hospital_Hour,Hospital_Minute,Fatalities_Count,Clean_Light_Condition,Clean_Weather_Condition,Total_Killed,Total_Alive,Fatal_Seats_List,Killed_Restraint_List,Any_Driver_Drinking,Total_Drinking_Drivers,Driver_License_Category,Driver_Max_Prev_Accident_Count,Driver_Max_Prev_Speeding_Count,Max_Driver_Age,Min_Driver_Age,Driver_Sex_List,Total_Exceeding_Limit_Vehicles,Total_Too_Fast_Vehicles,Max_Vehicle_Type_Severity_5,Max_Vehicle_Damage_Rank,Max_Harmful_Event_Severity,Crash_Road_Surface_Condition,Crash_Horizontal_Alignment,Crash_Vertical_Profile,Crash_Impairment_Category,Crash_Vehicle_Defect
36107,53,Washington,530079,0,2,2,0,2,NOT APPLICABLE,February,25,Saturday,15,20,Urban,High Speed (Arterial),No,47.10753889,-122.45858056,Non-Intersection,Daylight,Clear,Unknown,Unknown,Unknown EMS Scene Arrival Hour,Unknown EMS Scene Arrival Minutes,Unknown,Unknown EMS Hospital Arrival Time,1,Daylight,Clear,1,1,['Driver'],['Shoulder_Lapbelt'],1,2,Valid,0.0,0.0,54.0,51.0,"['Male', 'Female']",1,0,3,4,5,Dry,Curve,Level,Lowest,No
36108,53,Washington,530080,1,2,2,0,2,RICHLAND,February,5,Sunday,2,15,Urban,High Speed (Arterial),No,46.24976389,-119.25438611,Non-Intersection,Dark - Not Lighted,Rain,Unknown,Unknown,Unknown EMS Scene Arrival Hour,Unknown EMS Scene Arrival Minutes,Not Applicable (Not Transported),Not Applicable (Not Transported),1,Dark - Unlighted,Rain/Wind/Minor,0,1,[],[],0,0,Invalid,1.0,2.0,999.0,33.0,"['Other', 'Male']",0,0,3,1,4,Wet/Standing Water,Straight,Level,Lowest,No
36109,53,Washington,530081,0,2,2,0,2,NOT APPLICABLE,February,10,Friday,9,50,Urban,Medium Speed (Collector),No,45.93333333,-122.72062778,Non-Intersection,Daylight,Rain,Unknown,Unknown,Unknown EMS Scene Arrival Hour,Unknown EMS Scene Arrival Minutes,Unknown,Unknown EMS Hospital Arrival Time,1,Daylight,Rain/Wind/Minor,1,1,['Driver'],['None_Used'],0,0,Valid,0.0,1.0,53.0,32.0,"['Male', 'Male']",0,0,3,4,5,Wet/Standing Water,Curve,Level,Lowest,No
36110,53,Washington,530082,0,2,2,0,2,NOT APPLICABLE,February,27,Monday,16,45,Rural,Medium Speed (Collector),No,46.60889167,-122.57726389,Non-Intersection,Daylight,Clear,Unknown,Unknown,Unknown EMS Scene Arrival Hour,Unknown EMS Scene Arrival Minutes,Not Applicable (Not Transported),Not Applicable (Not Transported),1,Daylight,Clear,1,1,['Driver'],['None_Used'],0,0,Valid,0.0,2.0,38.0,37.0,"['Male', 'Male']",0,0,5,4,5,Wet/Standing Water,Straight,Level,Lowest,No
36111,53,Washington,530083,0,2,2,0,2,NOT APPLICABLE,February,19,Sunday,1,38,Rural,High Speed (Arterial),Yes,46.44744444,-120.35285278,Non-Intersection,Dark - Not Lighted,Clear,Unknown,Unknown,Unknown EMS Scene Arrival Hour,Unknown EMS Scene Arrival Minutes,Not Applicable (Not Transported),Not Applicable (Not Transported),1,Dark - Unlighted,Clear,1,1,['Driver'],['Shoulder_Lapbelt'],1,1,Valid,1.0,1.0,26.0,26.0,"['Male', 'Male']",0,0,3,4,5,Dry,Straight,Level,Lowest,No
36112,53,Washington,530084,0,2,2,0,2,AUBURN,February,23,Thursday,16,17,Urban,High Speed (Arterial),No,47.328525,-122.24983889,Non-Intersection,Daylight,Clear,Unknown,Unknown,Unknown EMS Scene Arrival Hour,Unknown EMS Scene Arrival Minutes,Not Applicable (Not Transported),Not Applicable (Not Transported),1,Daylight,Clear,1,1,['Driver'],['Shoulder_Lapbelt'],0,0,Valid,1.0,0.0,49.0,18.0,"['Male', 'Male']",1,0,4,4,5,Dry,Straight,Level,Lowest,No
36113,53,Washington,530085,1,1,1,0,1,KENT,February,28,Tuesday,21,49,Urban,Medium Speed (Collector),No,47.39679722,-122.22805,Non-Intersection,Dark - Lighted,Clear,Unknown,Unknown,Unknown EMS Scene Arrival Hour,Unknown EMS Scene Arrival Minutes,Not Applicable (Not Transported),Not Applicable (Not Transported),1,Dark - Lighted,Clear,0,1,[],[],0,0,Valid,0.0,0.0,38.0,38.0,['Female'],0,0,3,4,4,Dry,Straight,Level,Lowest,No
36114,53,Washington,530087,0,1,1,0,1,SEATTLE,February,28,Tuesday,14,34,Urban,High Speed (Arterial),No,47.54428056,-122.33319722,Non-Intersection,Daylight,Cloudy,Unknown,Unknown,Unknown EMS Scene Arrival Hour,Unknown EMS Scene Arrival Minutes,Not Applicable (Not Transported),Not Applicable (Not Transported),1,Daylight,Reduced Visibility,1,0,['Driver'],['Shoulder_Lapbelt'],1,1,Valid,0.0,0.0,50.0,50.0,['Male'],1,0,2,4,3,Wet/Standing Water,Curve,Grade/Hillcrest,Lowest,No
36115,53,Washington,530088,1,2,2,0,2,VANCOUVER,February,28,Tuesday,19,22,Urban,High Speed (Arterial),No,45.62827222,-122.557725,Complex/Circle,Dark - Lighted,Cloudy,Unknown,Unknown,Unknown EMS Scene Arrival Hour,Unknown EMS Scene Arrival Minutes,Not Applicable (Not Transported),Not Applicable (Not Transported),1,Dark - Lighted,Reduced Visibility,0,2,[],[],0,0,Valid,1.0,0.0,45.0,38.0,"['Female', 'Female']",0,0,2,4,4,Wet/Standing Water,Straight,Level,Lowest,No
36116,53,Washington,530089,0,1,1,0,2,EVERETT,March,6,Monday,3,56,Urban,High Speed (Arterial),No,48.007625,-122.18891111,Non-Intersection,Dark - Lighted,Clear,Unknown,Unknown,Unknown EMS Scene Arrival Hour,Unknown EMS Scene Arrival Minutes,Unknown,Unknown EMS Hospital Arrival Time,1,Dark - Lighted,Clear,1,1,['Front_Passenger'],['Shoulder_Lapbelt'],1,1,Valid,0.0,1.0,20.0,20.0,['Male'],2,0,2,1,3,Dry,Straight,Level,Lowest,No
36117,53,Washington,530090,0,2,2,0,4,NOT APPLICABLE,February,21,Tuesday,9,50,Rural,Medium Speed (Collector),No,46.64237222,-123.08264167,Non-Intersection,Daylight,Rain,Unknown,Unknown,Unknown EMS Scene Arrival Hour,Unknown EMS Scene Arrival Minutes,Unknown,Unknown EMS Hospital Arrival Time,1,Daylight,Rain/Wind/Minor,1,3,['Front_Passenger'],['Shoulder_Lapbelt'],0,0,Valid,1.0,2.0,42.0,26.0,"['Male', 'Male']",0,0,3,4,5,Wet/Standing Water,Straight,Level,Lowest,No
36118,53,Washington,530091,0,2,2,0,3,NOT APPLICABLE,March,4,Saturday,17,43,Rural,Medium Speed (Collector),No,46.88798889,-122.70561111,Non-Intersection,Dusk,Rain,Unknown,Unknown,Unknown EMS Scene Arrival Hour,Unknown EMS Scene Arrival Minutes,Not Applicable (Not Transported),Not Applicable (Not Transported),1,Twilight,Rain/Wind/Minor,1,2,['Front_Passenger'],['Shoulder_Lapbelt'],1,1,Valid,0.0,1.0,23.0,18.0,"['Male', 'Female']",2,0,2,1,5,Wet/Standing Water,Curve,Level,Lowest,No
36119,53,Washington,530093,1,1,1,0,2,ARLINGTON,March,7,Tuesday,20,0,Urban,Medium Speed (Collector),No,48.15221389,-122.16773889,Non-Intersection,Dark - Lighted,Clear,Unknown,Unknown,Unknown EMS Scene Arrival Hour,Unknown EMS Scene Arrival Minutes,Unknown,Unknown EMS Hospital Arrival Time,1,Dark - Lighted,Clear,0,2,[],[],0,0,Valid,1.0,0.0,41.0,41.0,['Other'],0,0,3,4,4,Dry,Straight,Level,Lowest,No
36120,53,Washington,530095,1,2,2,0,2,BELLINGHAM,February,18,Saturday,19,42,Urban,High Speed (Arterial),No,48.73461667,-122.46988611,Non-Intersection,Dark - Lighted,Clear,Unknown,Unknown,Unknown EMS Scene Arrival Hour,Unknown EMS Scene Arrival Minutes,Not Applicable (Not Transported),Not Applicable (Not Transported),1,Dark - Lighted,Clear,0,2,[],[],0,0,Valid,1.0,1.0,67.0,22.0,"['Female', 'Female']",0,0,3,1,4,Wet/Standing Water,Straight,Level,Lowest,No
36121,53,Washington,530096,0,2,2,0,5,NOT APPLICABLE,February,28,Tuesday,19,38,Rural,High Speed (Arterial),Yes,46.30913889,-120.04694444,Non-Intersection,Dark - Not Lighted,Clear,Unknown,Unknown,Unknown EMS Scene Arrival Hour,Unknown EMS Scene Arrival Minutes,Unknown,Unknown EMS Hospital Arrival Time,2,Dark - Unlighted,Clear,2,3,"['Front_Passenger', 'Front_Passenger']","['Shoulder_Lapbelt', 'Child_Safety']",0,0,Valid,0.0,0.0,23.0,20.0,"['Male', 'Male']",0,0,2,4,5,Dry,Curve,Level,Lowest,No
36122,53,Washington,530098,1,1,1,0,2,EVERETT,March,1,Wednesday,22,23,Urban,High Speed (Arterial),No,47.95238056,-122.21353889,Non-Intersection,Dark - Lighted,Rain,Unknown,Unknown,Unknown EMS Scene Arrival Hour,Unknown EMS Scene Arrival Minutes,Not Applicable (Not Transported),Not Applicable (Not Transported),1,Dark - Lighted,Rain/Wind/Minor,0,2,[],[],1,1,Valid,0.0,2.0,25.0,25.0,['Male'],0,0,2,4,4,Wet/Standing Water,Straight,Level,Lowest,No
36123,53,Washington,530099,1,1,1,0,1,PORT ORCHARD,March,1,Wednesday,23,48,Urban,High Speed (Arterial),No,47.53577778,-122.66487778,Non-Intersection,Dark - Not Lighted,Rain,Unknown,Unknown,Unknown EMS Scene Arrival Hour,Unknown EMS Scene Arrival Minutes,Not Applicable (Not Transported),Not Applicable (Not Transported),1,Dark - Unlighted,Rain/Wind/Minor,0,1,[],[],0,0,Valid,0.0,0.0,59.0,59.0,['Male'],0,0,3,1,4,Wet/Standing Water,Straight,Level,Lowest,No
36124,53,Washington,530100,0,1,1,0,3,NOT APPLICABLE,February,26,Sunday,3,36,Rural,Medium Speed (Collector),No,48.28501389,-119.69643333,Non-Intersection,Dark - Not Lighted,Clear,Unknown,Unknown,Unknown EMS Scene Arrival Hour,Unknown EMS Scene Arrival Minutes,Unknown,Unknown EMS Hospital Arrival Time,2,Dark - Unlighted,Clear,2,1,"['Driver', 'Front_Passenger']","['None_Used', 'None_Used']",0,0,Invalid,1.0,0.0,29.0,29.0,['Male'],3,0,2,4,3,Dry,Curve,Level,Lowest,No
36125,53,Washington,530101,0,2,2,0,3,NOT APPLICABLE,March,7,Tuesday,15,18,Rural,High Speed (Arterial),No,46.18268611,-123.06238611,Non-Intersection,Daylight,Clear,Unknown,Unknown,Unknown EMS Scene Arrival Hour,Unknown EMS Scene Arrival Minutes,Unknown,Unknown EMS Hospital Arrival Time,1,Daylight,Clear,1,2,['Front_Passenger'],['Shoulder_Lapbelt'],1,1,Valid,1.0,2.0,35.0,20.0,"['Male', 'Male']",0,0,3,4,5,Dry,Straight,Level,Lowest,No
36126,53,Washington,530103,0,1,1,0,1,NOT APPLICABLE,March,3,Friday,13,13,Rural,Medium Speed (Collector),No,46.54345,-122.94312222,Non-Intersection,Daylight,Cloudy,Unknown,Unknown,Unknown EMS Scene Arrival Hour,Unknown EMS Scene Arrival Minutes,Not Applicable (Not Transported),Not Applicable (Not Transported),1,Daylight,Reduced Visibility,1,0,['Driver'],['None_Used'],1,1,Valid,2.0,0.0,70.0,70.0,['Male'],0,0,3,4,3,Wet/Standing Water,Straight,Level,Lowest,No
36127,53,Washington,530104,0,2,2,0,3,KENNEWICK,March,11,Saturday,16,40,Urban,High Speed (Arterial),No,46.20608889,-119.10614722,Simple Junction,Daylight,Clear,Unknown,Unknown,Unknown EMS Scene Arrival Hour,Unknown EMS Scene Arrival Minutes,Not Applicable (Not Transported),Not Applicable (Not Transported),1,Daylight,Clear,1,2,['Driver'],['None_Used'],0,0,Valid,1.0,0.0,41.0,35.0,"['Male', 'Male']",1,0,5,4,5,Dry,Straight,Level,Lowest,No
36128,53,Washington,530105,0,1,1,0,1,PUYALLUP,March,8,Wednesday,17,17,Urban,Medium Speed (Collector),No,47.16971667,-122.26953056,Non-Intersection,Daylight,Cloudy,Unknown,Unknown,Unknown EMS Scene Arrival Hour,Unknown EMS Scene Arrival Minutes,Not Applicable (Not Transported),Not Applicable (Not Transported),1,Daylight,Reduced Visibility,1,0,['Driver'],['Shoulder_Lapbelt'],0,0,Valid,1.0,0.0,19.0,19.0,['Male'],1,0,2,4,2,Wet/Standing Water,Straight,Level,Lowest,No
36129,53,Washington,530106,0,1,1,0,1,NOT APPLICABLE,March,14,Tuesday,10,24,Rural,Medium Speed (Collector),No,46.65741667,-122.98651944,Non-Intersection,Reported as Unknown,Other,Unknown,Unknown,Unknown EMS Scene Arrival Hour,Unknown EMS Scene Arrival Minutes,Not Applicable (Not Transported),Not Applicable (Not Transported),1,Dark - Unlighted,Reduced Visibility,1,0,['Driver'],['None_Used'],0,0,Valid,0.0,0.0,69.0,69.0,['Male'],0,0,3,4,3,Dry,Straight,Level,Lowest,No
36130,53,Washington,530107,0,1,1,0,2,SEATAC,March,16,Thursday,3,30,Urban,High Speed (Arterial),Yes,47.42362222,-122.28315833,Non-Intersection,Dark - Not Lighted,Clear,Unknown,Unknown,Unknown EMS Scene Arrival Hour,Unknown EMS Scene Arrival Minutes,Unknown,Unknown EMS Hospital Arrival Time,1,Dark - Unlighted,Clear,1,1,['Front_Passenger'],['None_Used'],0,0,Valid,0.0,0.0,22.0,22.0,['Male'],0,0,2,4,3,Dry,Curve,Level,Lowest,No
36131,53,Washington,530108,0,2,2,0,4,NOT APPLICABLE,March,15,Wednesday,13,55,Urban,High Speed (Arterial),No,47.14780556,-122.46059444,Non-Intersection,Daylight,Cloudy,Unknown,Unknown,Unknown EMS Scene Arrival Hour,Unknown EMS Scene Arrival Minutes,Unknown,Unknown EMS Hospital Arrival Time,1,Daylight,Reduced Visibility,1,3,['Driver'],['Shoulder_Lapbelt'],0,0,Valid,2.0,1.0,39.0,22.0,"['Female', 'Male']",0,0,3,1,5,Dry,Straight,Level,Lowest,No
36132,53,Washington,530109,1,1,1,0,1,REDMOND,March,14,Tuesday,3,0,Urban,Medium Speed (Collector),No,47.666425,-122.14817778,Non-Intersection,Dark - Lighted,Clear,Unknown,Unknown,Unknown EMS Scene Arrival Hour,Unknown EMS Scene Arrival Minutes,Not Applicable (Not Transported),Not Applicable (Not Transported),1,Dark - Lighted,Clear,0,0,[],[],0,0,Invalid,0.0,0.0,999.0,999.0,['Other'],0,0,1,1,4,Dry,Straight,Level,Lowest,No
36133,53,Washington,530110,0,1,1,0,1,NOT APPLICABLE,March,15,Wednesday,16,30,Rural,Medium Speed (Collector),No,47.20423889,-123.13721389,Non-Intersection,Daylight,Clear,Unknown,Unknown,Unknown EMS Scene Arrival Hour,Unknown EMS Scene Arrival Minutes,Not Applicable (Not Transported),Not Applicable (Not Transported),1,Daylight,Clear,1,0,['Driver'],['Shoulder_Lapbelt'],0,0,Valid,0.0,0.0,86.0,86.0,['Male'],1,0,3,4,3,Dry,Straight,Grade/Hillcrest,Lowest,No
36134,53,Washington,530111,0,2,2,0,2,NOT APPLICABLE,March,10,Friday,5,18,Rural,Medium Speed (Collector),No,48.87009167,-122.37557222,Non-Intersection,Dark - Not Lighted,Rain,Unknown,Unknown,Unknown EMS Scene Arrival Hour,Unknown EMS Scene Arrival Minutes,Not Applicable (Not Transported),Not Applicable (Not Transported),1,Dark - Unlighted,Rain/Wind/Minor,1,1,['Driver'],['Shoulder_Lapbelt'],0,0,Valid,0.0,1.0,62.0,62.0,"['Female', 'Male']",1,0,2,4,5,Wet/Standing Water,Straight,Level,Lowest,No
36135,53,Washington,530112,0,2,2,0,6,NOT APPLICABLE,March,16,Thursday,0,33,Rural,High Speed (Arterial),Yes,47.21612222,-121.12466389,Non-Intersection,Dark - Lighted,Clear,Unknown,Unknown,Unknown EMS Scene Arrival Hour,Unknown EMS Scene Arrival Minutes,Not Applicable (Not Transported),Not Applicable (Not Transported),3,Dark - Lighted,Clear,3,3,"['Driver', 'Rear_Seat', 'Rear_Seat']","['Shoulder_Lapbelt', 'None_Used', 'None_Used']",0,0,Valid,1.0,1.0,43.0,40.0,"['Male', 'Male']",0,0,4,4,5,Dry,Curve,Level,Medium,No
36136,53,Washington,530114,0,1,1,0,3,PUYALLUP,March,18,Saturday,4,57,Urban,Low Speed (Local),No,47.17214722,-122.29109167,Non-Intersection,Dark - Unknown Lighting,Clear,Unknown,Unknown,Unknown EMS Scene Arrival Hour,Unknown EMS Scene Arrival Minutes,Not Applicable (Not Transported),Not Applicable (Not Transported),3,Dark - Unlighted,Clear,3,0,"['Driver', 'Non_Standard_Risk', 'Non_Standard_Risk']","['Shoulder_Lapbelt', 'Shoulder_Lapbelt', 'Shoulder_Lapbelt']",1,1,Valid,1.0,1.0,24.0,24.0,['Female'],0,0,3,4,3,Dry,Straight,Level,Lowest,No
36137,53,Washington,530115,1,1,1,0,1,FEDERAL WAY,March,1,Wednesday,17,55,Urban,High Speed (Arterial),No,47.33834722,-122.31208056,Non-Intersection,Daylight,Clear,Unknown,Unknown,Unknown EMS Scene Arrival Hour,Unknown EMS Scene Arrival Minutes,Not Applicable (Not Transported),Not Applicable (Not Transported),1,Daylight,Clear,0,0,[],[],0,0,Invalid,0.0,0.0,999.0,999.0,['Other'],0,0,3,1,4,Dry,Straight,Level,Lowest,No
36138,53,Washington,530116,0,1,1,0,1,RENTON,March,18,Saturday,8,55,Urban,High Speed (Arterial),No,47.48096111,-122.23568056,Non-Intersection,Daylight,Clear,Unknown,Unknown,Unknown EMS Scene Arrival Hour,Unknown EMS Scene Arrival Minutes,Not Applicable (Not Transported),Not Applicable (Not Transported),1,Daylight,Clear,1,0,['Driver'],['None_Used'],1,1,Valid,0.0,0.0,37.0,37.0,['Male'],0,0,3,4,3,Dry,Curve,Grade/Hillcrest,Lowest,No
36139,53,Washington,530117,0,1,1,0,1,MARYSVILLE,March,18,Saturday,16,39,Urban,High Speed (Arterial),No,48.07442778,-122.13289722,Non-Intersection,Daylight,Clear,Unknown,Unknown,Unknown EMS Scene Arrival Hour,Unknown EMS Scene Arrival Minutes,Not Applicable (Not Transported),Not Applicable (Not Transported),1,Daylight,Clear,1,0,['Driver'],['None_Used'],1,1,Valid,1.0,1.0,58.0,58.0,['Male'],0,0,5,4,3,Dry,Curve,Grade/Hillcrest,Lowest,No
36140,53,Washington,530118,0,1,1,0,1,NOT APPLICABLE,March,7,Tuesday,18,14,Rural,Medium Speed (Collector),No,46.78926389,-120.63626111,Simple Junction,Dark - Not Lighted,Clear,Unknown,Unknown,Unknown EMS Scene Arrival Hour,Unknown EMS Scene Arrival Minutes,Unknown,Unknown EMS Hospital Arrival Time,1,Dark - Unlighted,Clear,1,0,['Driver'],['Shoulder_Lapbelt'],0,0,Valid,0.0,0.0,17.0,17.0,['Male'],1,0,2,4,2,Dry,Straight,Grade/Hillcrest,Lowest,No
36141,53,Washington,530119,0,1,1,0,2,NOT APPLICABLE,March,23,Thursday,23,44,Rural,Medium Speed (Collector),No,46.85753611,-122.7221,Non-Intersection,Dark - Not Lighted,Rain,Unknown,Unknown,Unknown EMS Scene Arrival Hour,Unknown EMS Scene Arrival Minutes,Not Applicable (Not Transported),Not Applicable (Not Transported),2,Dark - Unlighted,Rain/Wind/Minor,2,0,"['Driver', 'Front_Passenger']","['Shoulder_Lapbelt', 'Shoulder_Lapbelt']",1,1,Valid,0.0,0.0,22.0,22.0,['Male'],0,0,2,4,3,Wet/Standing Water,Curve,Level,Lowest,No
36142,53,Washington,530121,0,2,2,0,3,KENNEWICK,March,26,Sunday,5,30,Urban,Medium Speed (Collector),No,46.20061944,-119.14839167,Complex/Circle,Dark - Lighted,Clear,Unknown,Unknown,Unknown EMS Scene Arrival Hour,Unknown EMS Scene Arrival Minutes,Not Applicable (Not Transported),Not Applicable (Not Transported),1,Dark - Lighted,Clear,1,2,['Front_Passenger'],['Shoulder_Lapbelt'],0,0,Invalid,1.0,2.0,35.0,22.0,"['Male', 'Male']",2,0,2,4,5,Dry,Straight,Grade/Hillcrest,Lowest,Yes
36143,53,Washington,530122,0,2,2,0,3,MOUNTLAKE TERRACE,March,27,Monday,15,59,Urban,Medium Speed (Collector),No,47.80643333,-122.29234444,Complex/Circle,Daylight,Clear,Unknown,Unknown,Unknown EMS Scene Arrival Hour,Unknown EMS Scene Arrival Minutes,Not Applicable (Not Transported),Not Applicable (Not Transported),1,Daylight,Clear,1,2,['Driver'],['None_Used'],0,0,Valid,0.0,0.0,37.0,32.0,"['Male', 'Female']",1,0,5,4,5,Dry,Straight,Level,Lowest,No
36144,53,Washington,530123,0,4,4,0,4,FEDERAL WAY,March,6,Monday,5,21,Urban,High Speed (Arterial),Yes,47.34053056,-122.29319722,Non-Intersection,Dark - Not Lighted,Cloudy,Unknown,Unknown,Unknown EMS Scene Arrival Hour,Unknown EMS Scene Arrival Minutes,Unknown,Unknown EMS Hospital Arrival Time,1,Dark - Unlighted,Reduced Visibility,1,3,['Driver'],['Shoulder_Lapbelt'],0,0,Valid,0.0,0.0,62.0,40.0,"['Male', 'Male', 'Male', 'Female']",1,0,4,4,5,Icy/Snowy,Straight,Level,Lowest,Yes
36145,53,Washington,530124,1,1,1,0,1,NOT APPLICABLE,March,12,Sunday,3,32,Rural,Medium Speed (Collector),No,45.72036389,-122.48677778,Non-Intersection,Dark - Not Lighted,Clear,Unknown,Unknown,Unknown EMS Scene Arrival Hour,Unknown EMS Scene Arrival Minutes,Not Applicable (Not Transported),Not Applicable (Not Transported),1,Dark - Unlighted,Clear,0,1,[],[],0,0,Valid,0.0,2.0,34.0,34.0,['Male'],0,0,3,4,4,Wet/Standing Water,Straight,Level,Lowest,No
36146,53,Washington,530125,0,1,1,0,1,NOT APPLICABLE,March,28,Tuesday,12,39,Rural,Low Speed (Local),No,48.84576389,-122.39698889,Non-Intersection,Daylight,Clear,Unknown,Unknown,Unknown EMS Scene Arrival Hour,Unknown EMS Scene Arrival Minutes,Unknown,Unknown EMS Hospital Arrival Time,1,Daylight,Clear,1,0,['Driver'],['None_Used'],0,0,Valid,0.0,0.0,75.0,75.0,['Male'],1,0,5,4,2,Dry,Curve,Grade/Hillcrest,Lowest,No
36147,53,Washington,530126,0,1,1,0,3,NOT APPLICABLE,January,16,Monday,21,12,Rural,Medium Speed (Collector),No,47.89914444,-121.94326667,Simple Junction,Dark - Not Lighted,Clear,Unknown,Unknown,Unknown EMS Scene Arrival Hour,Unknown EMS Scene Arrival Minutes,Unknown,Unknown EMS Hospital Arrival Time,1,Dark - Unlighted,Clear,1,2,['Front_Passenger'],['Shoulder_Lapbelt'],0,0,Valid,0.0,0.0,17.0,17.0,['Male'],3,0,2,4,3,Dry,Straight,Level,Lowest,No
36148,53,Washington,530127,0,1,1,0,1,NOT APPLICABLE,March,26,Sunday,0,34,Rural,Medium Speed (Collector),No,45.62287222,-122.30556389,Non-Intersection,Dark - Not Lighted,Cloudy,Unknown,Unknown,Unknown EMS Scene Arrival Hour,Unknown EMS Scene Arrival Minutes,Unknown,Unknown EMS Hospital Arrival Time,1,Dark - Unlighted,Reduced Visibility,1,0,['Driver'],['None_Used'],0,0,Invalid,1.0,0.0,31.0,31.0,['Male'],1,0,3,4,3,Wet/Standing Water,Curve,Level,Lowest,No
36149,53,Washington,530128,1,1,1,0,1,NOT APPLICABLE,April,1,Saturday,2,30,Urban,High Speed (Arterial),No,47.21015556,-122.0447,Non-Intersection,Dark - Not Lighted,Rain,Unknown,Unknown,Unknown EMS Scene Arrival Hour,Unknown EMS Scene Arrival Minutes,Not Applicable (Not Transported),Not Applicable (Not Transported),1,Dark - Unlighted,Rain/Wind/Minor,0,0,[],[],1,1,Valid,0.0,0.0,999.0,999.0,['Female'],0,0,3,1,4,Wet/Standing Water,Straight,Level,Lowest,No
36150,53,Washington,530129,0,1,1,0,3,NOT APPLICABLE,April,2,Sunday,1,55,Rural,High Speed (Arterial),No,48.23411111,-122.73416944,Non-Intersection,Dark - Not Lighted,Clear,Unknown,Unknown,Unknown EMS Scene Arrival Hour,Unknown EMS Scene Arrival Minutes,Unknown,Unknown EMS Hospital Arrival Time,1,Dark - Unlighted,Clear,1,2,['Front_Passenger'],['Shoulder_Lapbelt'],1,1,Valid,0.0,0.0,21.0,21.0,['Male'],3,0,3,4,3,Dry,Curve,Level,Lowest,No
36151,53,Washington,530130,0,2,2,0,5,TACOMA,April,2,Sunday,0,47,Urban,High Speed (Arterial),Yes,47.23330556,-122.43228889,Non-Intersection,Dark - Lighted,Rain,Unknown,Unknown,Unknown EMS Scene Arrival Hour,Unknown EMS Scene Arrival Minutes,Unknown,Unknown EMS Hospital Arrival Time,2,Dark - Lighted,Rain/Wind/Minor,2,3,"['Driver', 'Front_Passenger']","['None_Used', 'None_Used']",1,1,Invalid,0.0,1.0,37.0,20.0,"['Male', 'Male']",0,0,3,4,5,Wet/Standing Water,Curve,Grade/Hillcrest,Lowest,No
36152,53,Washington,530131,0,1,1,0,1,VANCOUVER,April,2,Sunday,3,59,Urban,High Speed (Arterial),No,45.62549167,-122.50560833,Non-Intersection,Dark - Lighted,Cloudy,Unknown,Unknown,Unknown EMS Scene Arrival Hour,Unknown EMS Scene Arrival Minutes,Not Applicable (Not Transported),Not Applicable (Not Transported),1,Dark - Lighted,Reduced Visibility,1,0,['Driver'],['None_Used'],1,1,Valid,0.0,2.0,41.0,41.0,['Male'],0,0,2,4,2,Dry,Curve,Level,Lowest,No
36153,53,Washington,530132,0,2,2,0,5,TACOMA,April,1,Saturday,7,35,Urban,Medium Speed (Collector),No,47.26700556,-122.36216111,Non-Intersection,Dawn,Cloudy,Unknown,Unknown,Unknown EMS Scene Arrival Hour,Unknown EMS Scene Arrival Minutes,Unknown,Unknown EMS Hospital Arrival Time,1,Twilight,Reduced Visibility,1,0,['Driver'],['Shoulder_Lapbelt'],0,0,Valid,2.0,1.0,28.0,23.0,"['Male', 'Male']",0,0,2,4,5,Wet/Standing Water,Straight,Level,Lowest,No
36154,53,Washington,530133,0,3,3,0,3,NOT APPLICABLE,March,27,Monday,16,30,Urban,High Speed (Arterial),No,47.93128611,-122.10466111,Non-Intersection,Daylight,Clear,Unknown,Unknown,Unknown EMS Scene Arrival Hour,Unknown EMS Scene Arrival Minutes,Unknown,Unknown EMS Hospital Arrival Time,1,Daylight,Clear,1,2,['Driver'],['Shoulder_Lapbelt'],0,0,Valid,0.0,0.0,61.0,39.0,"['Male', 'Male', 'Female']",0,0,4,4,5,Dry,Curve,Level,Lowest,No