,State_Code,State_Name,Crash_ID,Count_Non_Motorists,Count_Vehicles_Total,Count_Vehicle_Forms,Count_PVH_Involved,Count_Occupants_MV,City_Name,Month_Name,Day_of_Month,Day_of_Week,Crash_Hour,Crash_Minute,Area_Rural_Urban,Road_Functional_Class,On_NHS_Road,Latitude,Longitude,Intersection_Type,Light_Condition,Weather_Condition,Notif_Hour,Notif_Minute,Arrival_Hour,Arrival_Minute,Hospital_Hour,Hospital_Minute,Fatalities_Count,Clean_Light_Condition,Clean_Weather_Condition,Total_Killed,Total_Alive,Fatal_Seats_List,Killed_Restraint_List,Any_Driver_Drinking,Total_Drinking_Drivers,Driver_License_Category,Driver_Max_Prev_Accident_Count,Driver_Max_Prev_Speeding_Count,Max_Driver_Age,Min_Driver_Age,Driver_Sex_List,Total_Exceeding_Limit_Vehicles,Total_Too_Fast_Vehicles,Max_Vehicle_Type_Severity_5,Max_Vehicle_Damage_Rank,Max_Harmful_Event_Severity,Crash_Road_Surface_Condition,Crash_Horizontal_Alignment,Crash_Vertical_Profile,Crash_Impairment_Category,Crash_Vehicle_Defect
36155,53,Washington,530134,0,1,1,0,4,AUBURN,April,5,Wednesday,2,46,Urban,High Speed (Arterial),No,47.28663611,-122.17539167,Non-Intersection,Dark - Lighted,Clear,Unknown,Unknown,Unknown EMS Scene Arrival Hour,Unknown EMS Scene Arrival Minutes,Unknown,Unknown EMS Hospital Arrival Time,1,Dark - Lighted,Clear,1,3,['Driver'],['None_Used'],0,0,Invalid,1.0,0.0,35.0,35.0,['Female'],4,0,3,4,3,Dry,Straight,Level,Lowest,No
36156,53,Washington,530135,1,1,1,0,1,TACOMA,April,5,Wednesday,5,19,Urban,High Speed (Arterial),No,47.21316111,-122.43396111,Non-Intersection,Dark - Lighted,Clear,Unknown,Unknown,Unknown EMS Scene Arrival Hour,Unknown EMS Scene Arrival Minutes,Not Applicable (Not Transported),Not Applicable (Not Transported),1,Dark - Lighted,Clear,0,1,[],[],0,0,Invalid,0.0,0.0,43.0,43.0,['Female'],0,0,3,4,4,Dry,Straight,Level,Lowest,No
36157,53,Washington,530136,0,2,2,0,4,SPOKANE,April,4,Tuesday,20,20,Urban,High Speed (Arterial),No,47.66440556,-117.35281389,Non-Intersection,Dark - Lighted,Clear,Unknown,Unknown,Unknown EMS Scene Arrival Hour,Unknown EMS Scene Arrival Minutes,Unknown,Unknown EMS Hospital Arrival Time,1,Dark - Lighted,Clear,1,3,['Front_Passenger'],['Shoulder_Lapbelt'],0,0,Invalid,0.0,0.0,52.0,34.0,"['Male', 'Male']",3,0,3,4,5,Dry,Curve,Level,Lowest,No
36158,53,Washington,530137,0,2,2,0,3,NOT APPLICABLE,April,2,Sunday,13,35,Rural,Medium Speed (Collector),No,46.60690278,-120.6568,Non-Intersection,Daylight,Cloudy,Unknown,Unknown,Unknown EMS Scene Arrival Hour,Unknown EMS Scene Arrival Minutes,Unknown,Unknown EMS Hospital Arrival Time,1,Daylight,Reduced Visibility,1,2,['Front_Passenger'],['None_Used'],0,0,Valid,0.0,0.0,71.0,18.0,"['Male', 'Male']",2,0,3,4,5,Icy/Snowy,Straight,Level,Lowest,No
36159,53,Washington,530138,1,2,2,0,3,DES MOINES,April,4,Tuesday,16,41,Urban,High Speed (Arterial),No,47.40459444,-122.29835556,Complex/Circle,Daylight,Clear,Unknown,Unknown,Unknown EMS Scene Arrival Hour,Unknown EMS Scene Arrival Minutes,Not Applicable (Not Transported),Not Applicable (Not Transported),1,Daylight,Clear,0,3,[],[],0,0,Valid,0.0,0.0,41.0,37.0,"['Male', 'Male']",0,0,2,4,5,Dry,Straight,Grade/Hillcrest,Lowest,No
36160,53,Washington,530139,1,1,1,0,1,LIBERTY LAKE,April,2,Sunday,8,17,Rural,Low Speed (Local),No,47.66933333,-117.10405,Simple Junction,Daylight,Clear,Unknown,Unknown,Unknown EMS Scene Arrival Hour,Unknown EMS Scene Arrival Minutes,Unknown,Unknown EMS Hospital Arrival Time,1,Daylight,Clear,0,1,[],[],0,0,Valid,0.0,1.0,64.0,64.0,['Male'],0,0,3,4,4,Dry,Straight,Non-Trafficway,Lowest,No
36161,53,Washington,530140,0,1,1,0,1,NOT APPLICABLE,March,30,Thursday,21,52,Rural,High Speed (Arterial),Yes,46.94089444,-120.08045278,Non-Intersection,Dark - Not Lighted,Clear,Unknown,Unknown,Unknown EMS Scene Arrival Hour,Unknown EMS Scene Arrival Minutes,Unknown,Unknown EMS Hospital Arrival Time,1,Dark - Unlighted,Clear,1,0,['Driver'],['None_Used'],0,0,Valid,0.0,0.0,29.0,29.0,['Male'],0,0,3,4,3,Dry,Straight,Grade/Hillcrest,Lowest,No
36162,53,Washington,530141,0,2,2,0,3,NOT APPLICABLE,April,8,Saturday,15,30,Rural,Medium Speed (Collector),No,46.85915833,-122.50411111,Non-Intersection,Daylight,Rain,Unknown,Unknown,Unknown EMS Scene Arrival Hour,Unknown EMS Scene Arrival Minutes,Unknown,Unknown EMS Hospital Arrival Time,1,Daylight,Rain/Wind/Minor,1,2,['Driver'],['Shoulder_Lapbelt'],1,1,Valid,1.0,0.0,34.0,34.0,"['Female', 'Male']",0,0,3,4,5,Wet/Standing Water,Curve,Grade/Hillcrest,Lowest,No
36163,53,Washington,530142,0,1,1,0,1,KENNEWICK,March,28,Tuesday,3,30,Urban,High Speed (Arterial),No,46.22277778,-119.16340556,Non-Intersection,Dark - Not Lighted,Clear,Unknown,Unknown,Unknown EMS Scene Arrival Hour,Unknown EMS Scene Arrival Minutes,Not Applicable (Not Transported),Not Applicable (Not Transported),1,Dark - Unlighted,Clear,1,0,['Driver'],['None_Used'],0,0,Invalid,0.0,0.0,20.0,20.0,['Male'],0,0,2,4,3,Dry,Straight,Level,Lowest,No
36164,53,Washington,530143,0,1,1,0,1,NOT APPLICABLE,April,8,Saturday,23,34,Rural,Medium Speed (Collector),No,48.93538333,-122.57856667,Non-Intersection,Dark - Not Lighted,Clear,Unknown,Unknown,Unknown EMS Scene Arrival Hour,Unknown EMS Scene Arrival Minutes,Not Applicable (Not Transported),Not Applicable (Not Transported),1,Dark - Unlighted,Clear,1,0,['Driver'],['None_Used'],1,1,Invalid,0.0,0.0,18.0,18.0,['Male'],1,0,2,4,3,Dry,Straight,Level,Lowest,No
36165,53,Washington,530144,1,1,1,0,1,KIRKLAND,April,3,Monday,9,7,Urban,High Speed (Arterial),No,47.68461667,-122.17601667,Non-Intersection,Daylight,Rain,Unknown,Unknown,Unknown EMS Scene Arrival Hour,Unknown EMS Scene Arrival Minutes,Not Applicable (Not Transported),Not Applicable (Not Transported),1,Daylight,Rain/Wind/Minor,0,1,[],[],0,0,Valid,0.0,0.0,36.0,36.0,['Male'],0,0,2,1,4,Wet/Standing Water,Straight,Level,Lowest,No
36166,53,Washington,530145,1,1,1,0,1,NOT APPLICABLE,March,7,Tuesday,5,31,Urban,Medium Speed (Collector),Yes,46.37413333,-120.32759167,Non-Intersection,Dark - Not Lighted,Clear,Unknown,Unknown,Unknown EMS Scene Arrival Hour,Unknown EMS Scene Arrival Minutes,Unknown,Unknown EMS Hospital Arrival Time,1,Dark - Unlighted,Clear,0,1,[],[],0,0,Valid,0.0,0.0,58.0,58.0,['Male'],0,0,3,1,4,Dry,Straight,Level,Lowest,No
36167,53,Washington,530146,0,1,1,0,1,NOT APPLICABLE,March,29,Wednesday,22,2,Urban,Medium Speed (Collector),No,47.14421389,-119.35488889,Non-Intersection,Dark - Not Lighted,Clear,Unknown,Unknown,Unknown EMS Scene Arrival Hour,Unknown EMS Scene Arrival Minutes,Not Applicable (Not Transported),Not Applicable (Not Transported),1,Dark - Unlighted,Clear,1,0,['Driver'],['None_Used'],1,1,Valid,0.0,1.0,52.0,52.0,['Male'],1,0,2,4,3,Dry,Curve,Level,Lowest,No
36168,53,Washington,530147,0,1,1,0,1,NOT APPLICABLE,April,8,Saturday,16,28,Rural,Medium Speed (Collector),No,47.95936667,-122.78356111,Non-Intersection,Daylight,Cloudy,Unknown,Unknown,Unknown EMS Scene Arrival Hour,Unknown EMS Scene Arrival Minutes,Not Applicable (Not Transported),Not Applicable (Not Transported),1,Daylight,Reduced Visibility,1,0,['Driver'],['Shoulder_Lapbelt'],0,0,Valid,0.0,2.0,19.0,19.0,['Male'],0,0,2,4,3,Dry,Curve,Level,Lowest,No
36169,53,Washington,530148,0,2,2,0,2,NOT APPLICABLE,April,12,Wednesday,2,26,Rural,Medium Speed (Collector),No,46.89992778,-122.54196111,Non-Intersection,Dark - Not Lighted,Rain,Unknown,Unknown,Unknown EMS Scene Arrival Hour,Unknown EMS Scene Arrival Minutes,Not Applicable (Not Transported),Not Applicable (Not Transported),1,Dark - Unlighted,Rain/Wind/Minor,1,0,['Driver'],['None_Used'],0,0,Invalid,1.0,1.0,999.0,55.0,"['Other', 'Male']",0,0,5,4,5,Wet/Standing Water,Curve,Level,Lowest,No
36170,53,Washington,530149,1,1,1,0,1,TOPPENISH,April,6,Thursday,5,30,Urban,Medium Speed (Collector),No,46.37505833,-120.32091389,Non-Intersection,Dark - Lighted,Clear,Unknown,Unknown,Unknown EMS Scene Arrival Hour,Unknown EMS Scene Arrival Minutes,Unknown,Unknown EMS Hospital Arrival Time,1,Dark - Lighted,Clear,0,1,[],[],0,0,Valid,0.0,2.0,37.0,37.0,['Male'],0,0,3,1,4,Dry,Straight,Level,Lowest,No
36171,53,Washington,530150,0,1,1,0,2,NOT APPLICABLE,January,29,Sunday,12,28,Rural,Medium Speed (Collector),No,45.84633611,-121.94818056,Non-Intersection,Daylight,Clear,Unknown,Unknown,Unknown EMS Scene Arrival Hour,Unknown EMS Scene Arrival Minutes,Unknown,Unknown EMS Hospital Arrival Time,1,Daylight,Clear,1,1,['Driver'],['None_Used'],0,0,Valid,0.0,0.0,39.0,39.0,['Male'],2,0,2,4,3,Icy/Snowy,Curve,Level,Lowest,No
36172,53,Washington,530151,0,2,2,0,2,WEST RICHLAND,April,14,Friday,12,45,Urban,High Speed (Arterial),No,46.27694722,-119.34640556,Complex/Circle,Daylight,Clear,Unknown,Unknown,Unknown EMS Scene Arrival Hour,Unknown EMS Scene Arrival Minutes,Unknown,Unknown EMS Hospital Arrival Time,1,Daylight,Clear,1,1,['Driver'],['None_Used'],0,0,Valid,1.0,2.0,43.0,30.0,"['Male', 'Male']",1,0,5,4,5,Dry,Straight,Level,Lowest,No
36173,53,Washington,530152,0,1,1,0,1,NOT APPLICABLE,April,15,Saturday,23,4,Rural,Low Speed (Local),No,47.80137222,-122.57373056,Non-Intersection,Dark - Not Lighted,Clear,Unknown,Unknown,Unknown EMS Scene Arrival Hour,Unknown EMS Scene Arrival Minutes,Not Applicable (Not Transported),Not Applicable (Not Transported),1,Dark - Unlighted,Clear,1,0,['Driver'],['Shoulder_Lapbelt'],1,1,Valid,0.0,0.0,53.0,53.0,['Female'],1,0,3,4,3,Dry,Curve,Level,Lowest,No
36174,53,Washington,530155,0,3,3,0,4,NOT APPLICABLE,March,22,Wednesday,18,28,Rural,High Speed (Arterial),Yes,47.18845833,-123.111275,Non-Intersection,Daylight,Cloudy,Unknown,Unknown,Unknown EMS Scene Arrival Hour,Unknown EMS Scene Arrival Minutes,Unknown,Unknown EMS Hospital Arrival Time,1,Daylight,Reduced Visibility,1,3,['Driver'],['None_Used'],1,1,Invalid,1.0,1.0,64.0,27.0,"['Male', 'Female', 'Female']",2,0,3,4,5,Dry,Straight,Grade/Hillcrest,Lowest,No
36175,53,Washington,530158,0,1,1,0,1,NOT APPLICABLE,April,15,Saturday,16,22,Rural,High Speed (Arterial),No,45.58708056,-122.18841667,Non-Intersection,Daylight,Clear,Unknown,Unknown,Unknown EMS Scene Arrival Hour,Unknown EMS Scene Arrival Minutes,Not Applicable (Not Transported),Not Applicable (Not Transported),1,Daylight,Clear,1,0,['Driver'],['Lapbelt_Only'],1,1,Valid,0.0,0.0,56.0,56.0,['Male'],0,0,2,4,2,Dry,Curve,Level,Lowest,No
36176,53,Washington,530159,0,1,1,0,2,SPOKANE VALLEY,April,14,Friday,5,15,Urban,Low Speed (Local),No,47.66071667,-117.22774444,Complex/Circle,Dark - Lighted,Cloudy,Unknown,Unknown,Unknown EMS Scene Arrival Hour,Unknown EMS Scene Arrival Minutes,Unknown,Unknown EMS Hospital Arrival Time,1,Dark - Lighted,Reduced Visibility,1,1,['Driver'],['Shoulder_Lapbelt'],0,0,Invalid,0.0,0.0,14.0,14.0,['Male'],2,0,2,4,3,Dry,Straight,Level,Lowest,No
36177,53,Washington,530160,1,1,1,0,1,RENTON,April,20,Thursday,22,21,Urban,High Speed (Arterial),No,47.46518056,-122.136925,Non-Intersection,Dark - Lighted,Rain,Unknown,Unknown,Unknown EMS Scene Arrival Hour,Unknown EMS Scene Arrival Minutes,Not Applicable (Not Transported),Not Applicable (Not Transported),1,Dark - Lighted,Rain/Wind/Minor,0,0,[],[],0,0,Invalid,0.0,0.0,999.0,999.0,['Other'],0,0,1,1,4,Wet/Standing Water,Straight,Level,Lowest,No
36178,53,Washington,530161,0,1,1,0,1,NOT APPLICABLE,February,4,Saturday,18,27,Rural,Medium Speed (Collector),No,47.76954722,-122.5633,Non-Intersection,Dark - Not Lighted,Cloudy,Unknown,Unknown,Unknown EMS Scene Arrival Hour,Unknown EMS Scene Arrival Minutes,Unknown,Unknown EMS Hospital Arrival Time,1,Dark - Unlighted,Reduced Visibility,1,0,['Driver'],['Shoulder_Lapbelt'],0,0,Valid,0.0,0.0,71.0,71.0,['Female'],0,0,2,4,2,Wet/Standing Water,Curve,Grade/Hillcrest,Medium,No
36179,53,Washington,530162,0,2,2,0,2,NOT APPLICABLE,February,15,Wednesday,16,38,Rural,Low Speed (Local),No,46.80805833,-123.29183889,Non-Intersection,Daylight,Clear,Unknown,Unknown,Unknown EMS Scene Arrival Hour,Unknown EMS Scene Arrival Minutes,Not Applicable (Not Transported),Not Applicable (Not Transported),1,Daylight,Clear,1,1,['Driver'],['None_Used'],0,0,Valid,1.0,1.0,66.0,54.0,"['Male', 'Male']",0,0,5,4,5,Loose/Unpaved,Curve,Grade/Hillcrest,Lowest,Yes
36180,53,Washington,530163,0,2,2,0,2,TACOMA,April,22,Saturday,10,35,Urban,High Speed (Arterial),No,47.19181389,-122.42095833,Complex/Circle,Daylight,Cloudy,Unknown,Unknown,Unknown EMS Scene Arrival Hour,Unknown EMS Scene Arrival Minutes,Not Applicable (Not Transported),Not Applicable (Not Transported),1,Daylight,Reduced Visibility,1,1,['Driver'],['None_Used'],0,0,Valid,1.0,1.0,41.0,41.0,"['Male', 'Female']",0,0,5,4,5,Dry,Straight,Level,Lowest,No
36181,53,Washington,530165,1,1,1,0,1,YAKIMA,March,20,Monday,19,42,Urban,High Speed (Arterial),Yes,46.62605556,-120.51187778,Non-Intersection,Dark - Unknown Lighting,Rain,Unknown,Unknown,Unknown EMS Scene Arrival Hour,Unknown EMS Scene Arrival Minutes,Unknown,Unknown EMS Hospital Arrival Time,1,Dark - Unlighted,Rain/Wind/Minor,0,1,[],[],0,0,Valid,0.0,0.0,51.0,51.0,['Female'],0,0,3,4,4,Wet/Standing Water,Straight,Level,Lowest,No
36182,53,Washington,530166,1,1,1,0,1,NOT APPLICABLE,April,1,Saturday,19,0,Rural,Medium Speed (Collector),No,47.38356389,-119.42105833,Non-Intersection,Daylight,Clear,Unknown,Unknown,Unknown EMS Scene Arrival Hour,Unknown EMS Scene Arrival Minutes,Unknown,Unknown EMS Hospital Arrival Time,1,Daylight,Clear,0,0,[],[],0,0,Invalid,0.0,0.0,999.0,999.0,['Other'],0,0,1,1,4,Dry,Straight,Level,Lowest,No
36183,53,Washington,530167,1,1,1,0,1,SHORELINE,March,30,Thursday,1,55,Urban,High Speed (Arterial),No,47.75080833,-122.34542222,Non-Intersection,Dark - Lighted,Cloudy,Unknown,Unknown,Unknown EMS Scene Arrival Hour,Unknown EMS Scene Arrival Minutes,Not Applicable (Not Transported),Not Applicable (Not Transported),1,Dark - Lighted,Reduced Visibility,0,1,[],[],0,0,Valid,0.0,0.0,34.0,34.0,['Other'],0,0,2,1,4,Dry,Straight,Level,Lowest,No
36184,53,Washington,530168,0,2,2,0,2,TUMWATER,April,26,Wednesday,0,14,Urban,High Speed (Arterial),Yes,46.97090278,-122.93209167,Non-Intersection,Dark - Not Lighted,Clear,Unknown,Unknown,Unknown EMS Scene Arrival Hour,Unknown EMS Scene Arrival Minutes,Not Applicable (Not Transported),Not Applicable (Not Transported),1,Dark - Unlighted,Clear,1,1,['Driver'],['None_Used'],0,0,Valid,0.0,0.0,30.0,22.0,"['Male', 'Male']",0,0,4,4,5,Dry,Straight,Grade/Hillcrest,Lowest,No
36185,53,Washington,530169,0,1,1,0,1,NOT APPLICABLE,April,9,Sunday,8,30,Urban,High Speed (Arterial),No,47.85576111,-122.29005833,Non-Intersection,Daylight,Rain,Unknown,Unknown,Unknown EMS Scene Arrival Hour,Unknown EMS Scene Arrival Minutes,Not Applicable (Not Transported),Not Applicable (Not Transported),1,Daylight,Rain/Wind/Minor,1,0,['Driver'],['Shoulder_Lapbelt'],0,0,Valid,2.0,3.0,30.0,30.0,['Male'],1,0,3,4,3,Wet/Standing Water,Straight,Grade/Hillcrest,Lowest,No
36186,53,Washington,530170,0,2,2,0,2,AUBURN,April,27,Thursday,18,11,Urban,High Speed (Arterial),No,47.30976389,-122.24805556,Non-Intersection,Daylight,Clear,Unknown,Unknown,Unknown EMS Scene Arrival Hour,Unknown EMS Scene Arrival Minutes,Not Applicable (Not Transported),Not Applicable (Not Transported),1,Daylight,Clear,1,1,['Driver'],['None_Used'],0,0,Valid,0.0,4.0,51.0,39.0,"['Female', 'Male']",1,0,5,1,5,Dry,Straight,Grade/Hillcrest,Lowest,No
36187,53,Washington,530172,0,2,2,0,2,NOT APPLICABLE,April,26,Wednesday,16,28,Urban,Medium Speed (Collector),No,47.16215833,-122.37828056,Complex/Circle,Daylight,Clear,Unknown,Unknown,Unknown EMS Scene Arrival Hour,Unknown EMS Scene Arrival Minutes,Unknown,Unknown EMS Hospital Arrival Time,1,Daylight,Clear,1,1,['Driver'],['None_Used'],1,1,Valid,0.0,0.0,67.0,49.0,"['Male', 'Male']",0,0,5,4,5,Dry,Straight,Grade/Hillcrest,Lowest,No
36188,53,Washington,530174,0,1,1,0,1,NOT APPLICABLE,April,29,Saturday,23,40,Rural,Medium Speed (Collector),No,48.52920556,-121.97924722,Non-Intersection,Dark - Not Lighted,Clear,Unknown,Unknown,Unknown EMS Scene Arrival Hour,Unknown EMS Scene Arrival Minutes,Not Applicable (Not Transported),Not Applicable (Not Transported),1,Dark - Unlighted,Clear,1,0,['Driver'],['Shoulder_Lapbelt'],1,1,Valid,0.0,0.0,64.0,64.0,['Male'],0,0,3,4,3,Dry,Curve,Level,Lowest,No
36189,53,Washington,530175,0,2,2,0,2,RENTON,April,30,Sunday,2,50,Urban,High Speed (Arterial),Yes,47.47123611,-122.20486389,Non-Intersection,Dark - Lighted,Clear,Unknown,Unknown,Unknown EMS Scene Arrival Hour,Unknown EMS Scene Arrival Minutes,Unknown,Unknown EMS Hospital Arrival Time,1,Dark - Lighted,Clear,1,1,['Driver'],['Shoulder_Lapbelt'],1,1,Invalid,0.0,2.0,63.0,35.0,"['Male', 'Male']",0,0,3,4,5,Dry,Curve,Grade/Hillcrest,Lowest,No
36190,53,Washington,530176,0,1,1,0,1,NOT APPLICABLE,April,26,Wednesday,23,30,Rural,Low Speed (Local),No,47.31269722,-122.08569444,Non-Intersection,Dark - Not Lighted,Clear,Unknown,Unknown,Unknown EMS Scene Arrival Hour,Unknown EMS Scene Arrival Minutes,Unknown,Unknown EMS Hospital Arrival Time,1,Dark - Unlighted,Clear,1,0,['Driver'],['None_Used'],0,0,Invalid,0.0,0.0,19.0,19.0,['Male'],0,0,5,1,3,Dry,Straight,Level,Lowest,No
36191,53,Washington,530177,0,1,1,0,1,NOT APPLICABLE,May,3,Wednesday,17,54,Rural,Medium Speed (Collector),No,47.36539722,-117.18066389,Non-Intersection,Daylight,Clear,Unknown,Unknown,Unknown EMS Scene Arrival Hour,Unknown EMS Scene Arrival Minutes,Not Applicable (Not Transported),Not Applicable (Not Transported),1,Daylight,Clear,1,0,['Driver'],['None_Used'],1,1,Valid,0.0,0.0,51.0,51.0,['Male'],0,0,3,4,3,Dry,Curve,Level,Lowest,No
36192,53,Washington,530178,0,1,1,0,2,NOT APPLICABLE,May,4,Thursday,2,19,Urban,Medium Speed (Collector),No,47.05180833,-122.36864444,Non-Intersection,Dark - Lighted,Clear,Unknown,Unknown,Unknown EMS Scene Arrival Hour,Unknown EMS Scene Arrival Minutes,Not Applicable (Not Transported),Not Applicable (Not Transported),1,Dark - Lighted,Clear,1,1,['Driver'],['None_Used'],1,1,Valid,1.0,1.0,18.0,18.0,['Female'],2,0,2,4,3,Dry,Straight,Grade/Hillcrest,Lowest,No
36193,53,Washington,530179,0,2,2,0,3,TACOMA,March,11,Saturday,2,33,Urban,High Speed (Arterial),No,47.25693611,-122.35969444,Complex/Circle,Dark - Lighted,Cloudy,Unknown,Unknown,Unknown EMS Scene Arrival Hour,Unknown EMS Scene Arrival Minutes,Not Applicable (Not Transported),Not Applicable (Not Transported),1,Dark - Lighted,Reduced Visibility,1,2,['Driver'],['Shoulder_Lapbelt'],1,1,Valid,1.0,1.0,35.0,28.0,"['Male', 'Male']",2,0,4,4,5,Wet/Standing Water,Straight,Level,Lowest,No
36194,53,Washington,530180,0,2,2,0,7,VANCOUVER,April,20,Thursday,21,50,Urban,High Speed (Arterial),No,45.59487222,-122.51518333,Non-Intersection,Dark - Not Lighted,Clear,Unknown,Unknown,Unknown EMS Scene Arrival Hour,Unknown EMS Scene Arrival Minutes,Unknown,Unknown EMS Hospital Arrival Time,1,Dark - Unlighted,Clear,1,6,['Rear_Seat'],['Shoulder_Lapbelt'],0,0,Valid,0.0,0.0,79.0,38.0,"['Male', 'Female']",0,0,3,4,5,Dry,Straight,Level,Lowest,No
36195,53,Washington,530181,0,1,1,0,3,NOT APPLICABLE,April,27,Thursday,0,18,Rural,Medium Speed (Collector),No,46.45759167,-119.9383,Non-Intersection,Dark - Not Lighted,Other,Unknown,Unknown,Unknown EMS Scene Arrival Hour,Unknown EMS Scene Arrival Minutes,Unknown,Unknown EMS Hospital Arrival Time,1,Dark - Unlighted,Reduced Visibility,1,2,['Front_Passenger'],['None_Used'],0,0,Invalid,0.0,0.0,17.0,17.0,['Female'],0,0,2,4,3,Dry,Curve,Grade/Hillcrest,Lowest,No
36196,53,Washington,530182,0,2,2,0,2,NOT APPLICABLE,May,5,Friday,9,20,Urban,Medium Speed (Collector),No,47.03526944,-122.73956389,Non-Intersection,Daylight,Rain,Unknown,Unknown,Unknown EMS Scene Arrival Hour,Unknown EMS Scene Arrival Minutes,Not Applicable (Not Transported),Not Applicable (Not Transported),1,Daylight,Rain/Wind/Minor,1,1,['Driver'],['Shoulder_Lapbelt'],0,0,Valid,0.0,0.0,66.0,49.0,"['Female', 'Female']",0,0,3,4,5,Wet/Standing Water,Curve,Level,Lowest,No
36197,53,Washington,530183,0,1,1,0,1,SEATTLE,May,5,Friday,11,7,Urban,High Speed (Arterial),Yes,47.62385833,-122.32863611,Non-Intersection,Daylight,Rain,Unknown,Unknown,Unknown EMS Scene Arrival Hour,Unknown EMS Scene Arrival Minutes,Not Applicable (Not Transported),Not Applicable (Not Transported),1,Daylight,Rain/Wind/Minor,1,0,['Driver'],['Shoulder_Lapbelt'],0,0,Valid,1.0,0.0,63.0,63.0,['Male'],0,0,4,4,3,Wet/Standing Water,Straight,Level,Medium,No
36198,53,Washington,530185,2,1,1,0,1,NOT APPLICABLE,April,29,Saturday,23,42,Rural,Medium Speed (Collector),No,47.67248056,-117.53959722,Non-Intersection,Dark - Lighted,Clear,Unknown,Unknown,Unknown EMS Scene Arrival Hour,Unknown EMS Scene Arrival Minutes,Not Applicable (Not Transported),Not Applicable (Not Transported),2,Dark - Lighted,Clear,0,1,[],[],1,1,Valid,1.0,0.0,29.0,29.0,['Female'],0,0,3,4,4,Dry,Straight,Level,Lowest,No
36199,53,Washington,530186,0,1,1,0,1,NOT APPLICABLE,May,7,Sunday,15,47,Rural,Medium Speed (Collector),No,46.53160556,-120.77579167,Non-Intersection,Daylight,Clear,Unknown,Unknown,Unknown EMS Scene Arrival Hour,Unknown EMS Scene Arrival Minutes,Not Applicable (Not Transported),Not Applicable (Not Transported),1,Daylight,Clear,1,0,['Driver'],['None_Used'],0,0,Valid,0.0,0.0,50.0,50.0,['Male'],0,0,5,1,1,Dry,Straight,Level,Lowest,Yes
36200,53,Washington,530187,0,2,2,0,2,SPOKANE VALLEY,May,6,Saturday,11,5,Urban,High Speed (Arterial),No,47.64971667,-117.27803056,Complex/Circle,Daylight,Clear,Unknown,Unknown,Unknown EMS Scene Arrival Hour,Unknown EMS Scene Arrival Minutes,Not Applicable (Not Transported),Not Applicable (Not Transported),1,Daylight,Clear,1,1,['Driver'],['None_Used'],0,0,Valid,1.0,2.0,59.0,18.0,"['Male', 'Female']",1,0,5,4,5,Dry,Straight,Level,Lowest,No
36201,53,Washington,530188,0,1,1,0,2,UNIVERSITY PLACE,May,7,Sunday,2,46,Urban,High Speed (Arterial),No,47.23165833,-122.53711667,Non-Intersection,Dark - Lighted,Cloudy,Unknown,Unknown,Unknown EMS Scene Arrival Hour,Unknown EMS Scene Arrival Minutes,Not Applicable (Not Transported),Not Applicable (Not Transported),1,Dark - Lighted,Reduced Visibility,1,1,['Front_Passenger'],['Shoulder_Lapbelt'],1,1,Invalid,1.0,1.0,20.0,20.0,['Male'],0,0,2,4,3,Wet/Standing Water,Straight,Grade/Hillcrest,Lowest,No
36202,53,Washington,530189,0,1,1,0,1,NOT APPLICABLE,May,6,Saturday,6,25,Urban,High Speed (Arterial),No,46.63662222,-120.52662778,Non-Intersection,Daylight,Cloudy,Unknown,Unknown,Unknown EMS Scene Arrival Hour,Unknown EMS Scene Arrival Minutes,Not Applicable (Not Transported),Not Applicable (Not Transported),1,Daylight,Reduced Visibility,1,0,['Driver'],['None_Used'],1,1,Valid,0.0,2.0,31.0,31.0,['Male'],1,0,5,4,3,Dry,Curve,Grade/Hillcrest,Lowest,No
36203,53,Washington,530190,1,1,1,0,1,EVERETT,April,24,Monday,5,7,Urban,High Speed (Arterial),No,47.91798889,-122.23174167,Non-Intersection,Dark - Lighted,Rain,Unknown,Unknown,Unknown EMS Scene Arrival Hour,Unknown EMS Scene Arrival Minutes,Unknown,Unknown EMS Hospital Arrival Time,1,Dark - Lighted,Rain/Wind/Minor,0,1,[],[],0,0,Valid,0.0,0.0,70.0,70.0,['Male'],0,0,3,1,4,Wet/Standing Water,Straight,Level,Lowest,No