,State_Code,State_Name,Crash_ID,Count_Non_Motorists,Count_Vehicles_Total,Count_Vehicle_Forms,Count_PVH_Involved,Count_Occupants_MV,City_Name,Month_Name,Day_of_Month,Day_of_Week,Crash_Hour,Crash_Minute,Area_Rural_Urban,Road_Functional_Class,On_NHS_Road,Latitude,Longitude,Intersection_Type,Light_Condition,Weather_Condition,Notif_Hour,Notif_Minute,Arrival_Hour,Arrival_Minute,Hospital_Hour,Hospital_Minute,Fatalities_Count,Clean_Light_Condition,Clean_Weather_Condition,Total_Killed,Total_Alive,Fatal_Seats_List,Killed_Restraint_List,Any_Driver_Drinking,Total_Drinking_Drivers,Driver_License_Category,Driver_Max_Prev_Accident_Count,Driver_Max_Prev_Speeding_Count,Max_Driver_Age,Min_Driver_Age,Driver_Sex_List,Total_Exceeding_Limit_Vehicles,Total_Too_Fast_Vehicles,Max_Vehicle_Type_Severity_5,Max_Vehicle_Damage_Rank,Max_Harmful_Event_Severity,Crash_Road_Surface_Condition,Crash_Horizontal_Alignment,Crash_Vertical_Profile,Crash_Impairment_Category,Crash_Vehicle_Defect
36204,53,Washington,530191,0,1,1,0,1,NOT APPLICABLE,April,28,Friday,14,45,Urban,Medium Speed (Collector),No,47.11400278,-122.26554167,Non-Intersection,Daylight,Clear,Unknown,Unknown,Unknown EMS Scene Arrival Hour,Unknown EMS Scene Arrival Minutes,Unknown,Unknown EMS Hospital Arrival Time,1,Daylight,Clear,1,0,['Driver'],['Shoulder_Lapbelt'],0,0,Valid,0.0,0.0,69.0,69.0,['Male'],0,0,3,4,4,Dry,Curve,Level,Lowest,No
36205,53,Washington,530192,0,2,2,0,3,NOT APPLICABLE,April,28,Friday,14,27,Rural,Medium Speed (Collector),No,47.164725,-121.75427222,Non-Intersection,Daylight,Clear,Unknown,Unknown,Unknown EMS Scene Arrival Hour,Unknown EMS Scene Arrival Minutes,Unknown,Unknown EMS Hospital Arrival Time,2,Daylight,Clear,2,1,"['Driver', 'Front_Passenger']","['Shoulder_Lapbelt', 'Shoulder_Lapbelt']",0,0,Valid,0.0,2.0,39.0,36.0,"['Male', 'Male']",0,0,3,4,5,Dry,Curve,Level,Lowest,No
36206,53,Washington,530193,1,1,1,0,1,SEATTLE,January,23,Monday,20,7,Urban,Medium Speed (Collector),No,47.62110833,-122.34238333,Non-Intersection,Dark - Lighted,Clear,Unknown,Unknown,Unknown EMS Scene Arrival Hour,Unknown EMS Scene Arrival Minutes,Unknown,Unknown EMS Hospital Arrival Time,1,Dark - Lighted,Clear,0,1,[],[],0,0,Valid,0.0,0.0,34.0,34.0,['Male'],0,0,3,4,4,Dry,Straight,Level,Lowest,No
36207,53,Washington,530194,0,1,1,0,1,SPOKANE,April,22,Saturday,2,9,Urban,High Speed (Arterial),Yes,47.64293333,-117.502725,Non-Intersection,Dark - Not Lighted,Cloudy,Unknown,Unknown,Unknown EMS Scene Arrival Hour,Unknown EMS Scene Arrival Minutes,Unknown,Unknown EMS Hospital Arrival Time,1,Dark - Unlighted,Reduced Visibility,1,0,['Driver'],['None_Used'],1,1,Valid,0.0,0.0,42.0,42.0,['Male'],0,0,5,1,3,Dry,Curve,Grade/Hillcrest,Lowest,No
36208,53,Washington,530195,0,2,2,0,2,NOT APPLICABLE,May,4,Thursday,18,10,Urban,High Speed (Arterial),Yes,47.76321389,-117.40661667,Complex/Circle,Daylight,Clear,Unknown,Unknown,Unknown EMS Scene Arrival Hour,Unknown EMS Scene Arrival Minutes,Not Applicable (Not Transported),Not Applicable (Not Transported),1,Daylight,Clear,1,1,['Driver'],['None_Used'],0,0,Valid,1.0,0.0,84.0,21.0,"['Male', 'Female']",1,0,5,4,5,Dry,Straight,Level,Lowest,No
36209,53,Washington,530196,0,1,1,0,2,NOT APPLICABLE,May,5,Friday,23,22,Urban,Medium Speed (Collector),No,47.34054167,-122.10190556,Non-Intersection,Dark - Not Lighted,Cloudy,Unknown,Unknown,Unknown EMS Scene Arrival Hour,Unknown EMS Scene Arrival Minutes,Unknown,Unknown EMS Hospital Arrival Time,1,Dark - Unlighted,Reduced Visibility,1,1,['Front_Passenger'],['Shoulder_Lapbelt'],1,1,Valid,0.0,0.0,18.0,18.0,['Other'],0,0,3,4,3,Wet/Standing Water,Straight,Level,Lowest,No
36210,53,Washington,530198,0,2,2,0,2,NOT APPLICABLE,May,11,Thursday,23,51,Urban,High Speed (Arterial),No,47.32081667,-122.16363611,Non-Intersection,Dark - Not Lighted,Clear,Unknown,Unknown,Unknown EMS Scene Arrival Hour,Unknown EMS Scene Arrival Minutes,Unknown,Unknown EMS Hospital Arrival Time,1,Dark - Unlighted,Clear,1,1,['Driver'],['Shoulder_Lapbelt'],1,1,Invalid,0.0,0.0,38.0,27.0,"['Male', 'Male']",0,0,3,4,5,Dry,Straight,Grade/Hillcrest,Lowest,No
36211,53,Washington,530199,0,1,1,0,4,AUBURN,May,12,Friday,23,50,Urban,High Speed (Arterial),No,47.29953333,-122.18195278,Non-Intersection,Dark - Not Lighted,Clear,Unknown,Unknown,Unknown EMS Scene Arrival Hour,Unknown EMS Scene Arrival Minutes,Unknown,Unknown EMS Hospital Arrival Time,1,Dark - Unlighted,Clear,1,3,['Rear_Seat'],['None_Used'],0,0,Valid,0.0,0.0,18.0,18.0,['Male'],4,0,2,4,3,Dry,Curve,Grade/Hillcrest,Lowest,No
36212,53,Washington,530200,0,3,3,0,3,SEATTLE,May,13,Saturday,12,35,Urban,High Speed (Arterial),No,47.53447778,-122.33509722,Non-Intersection,Daylight,Clear,Unknown,Unknown,Unknown EMS Scene Arrival Hour,Unknown EMS Scene Arrival Minutes,Not Applicable (Not Transported),Not Applicable (Not Transported),1,Daylight,Clear,1,2,['Driver'],['None_Used'],0,0,Valid,1.0,2.0,67.0,28.0,"['Male', 'Male', 'Male']",1,0,5,4,5,Dry,Curve,Level,Lowest,No
36213,53,Washington,530201,0,2,2,0,2,NOT APPLICABLE,May,13,Saturday,16,20,Rural,High Speed (Arterial),No,47.87365,-122.69479444,Simple Junction,Daylight,Clear,Unknown,Unknown,Unknown EMS Scene Arrival Hour,Unknown EMS Scene Arrival Minutes,Not Applicable (Not Transported),Not Applicable (Not Transported),1,Daylight,Clear,1,1,['Driver'],['None_Used'],0,0,Valid,0.0,0.0,69.0,38.0,"['Female', 'Male']",0,0,5,4,5,Dry,Straight,Level,Lowest,No
36214,53,Washington,530202,0,1,1,0,1,NOT APPLICABLE,May,7,Sunday,3,1,Rural,Medium Speed (Collector),No,46.30313889,-122.79815,Non-Intersection,Dark - Not Lighted,Cloudy,Unknown,Unknown,Unknown EMS Scene Arrival Hour,Unknown EMS Scene Arrival Minutes,Not Applicable (Not Transported),Not Applicable (Not Transported),1,Dark - Unlighted,Reduced Visibility,1,0,['Driver'],['Shoulder_Lapbelt'],1,1,Invalid,0.0,0.0,36.0,36.0,['Male'],0,0,2,4,3,Dry,Straight,Grade/Hillcrest,Medium,No
36215,53,Washington,530203,0,1,1,0,1,ANACORTES,May,15,Monday,5,44,Urban,High Speed (Arterial),No,48.51272222,-122.62830278,Non-Intersection,Dark - Lighted,Clear,Unknown,Unknown,Unknown EMS Scene Arrival Hour,Unknown EMS Scene Arrival Minutes,Not Applicable (Not Transported),Not Applicable (Not Transported),1,Dark - Lighted,Clear,1,0,['Driver'],['None_Used'],0,0,Invalid,1.0,0.0,33.0,33.0,['Male'],0,0,5,4,3,Dry,Straight,Level,Lowest,No
36216,53,Washington,530204,0,1,1,0,2,NOT APPLICABLE,May,14,Sunday,23,43,Urban,High Speed (Arterial),No,47.73485833,-117.50717222,Non-Intersection,Dark - Not Lighted,Clear,Unknown,Unknown,Unknown EMS Scene Arrival Hour,Unknown EMS Scene Arrival Minutes,Unknown,Unknown EMS Hospital Arrival Time,1,Dark - Unlighted,Clear,1,1,['Driver'],['Shoulder_Lapbelt'],1,1,Invalid,0.0,1.0,26.0,26.0,['Male'],2,0,2,4,3,Dry,Curve,Level,Lowest,No
36217,53,Washington,530205,0,1,1,0,1,NOT APPLICABLE,May,11,Thursday,23,34,Rural,Medium Speed (Collector),No,46.95780833,-119.40695278,Non-Intersection,Dark - Not Lighted,Clear,Unknown,Unknown,Unknown EMS Scene Arrival Hour,Unknown EMS Scene Arrival Minutes,Not Applicable (Not Transported),Not Applicable (Not Transported),1,Dark - Unlighted,Clear,1,0,['Driver'],['None_Used'],1,1,Valid,0.0,0.0,69.0,69.0,['Male'],0,0,2,4,3,Dry,Curve,Level,Lowest,No
36218,53,Washington,530206,0,2,2,0,2,RICHLAND,April,9,Sunday,17,40,Urban,High Speed (Arterial),No,46.26774722,-119.3024,Complex/Circle,Daylight,Rain,Unknown,Unknown,Unknown EMS Scene Arrival Hour,Unknown EMS Scene Arrival Minutes,Unknown,Unknown EMS Hospital Arrival Time,1,Daylight,Rain/Wind/Minor,1,1,['Driver'],['None_Used'],0,0,Valid,0.0,0.0,38.0,31.0,"['Male', 'Male']",0,0,5,4,5,Wet/Standing Water,Straight,Level,Lowest,No
36219,53,Washington,530207,0,1,1,0,1,NOT APPLICABLE,May,13,Saturday,22,10,Urban,High Speed (Arterial),Yes,46.24426667,-119.35916944,Non-Intersection,Dark - Lighted,Clear,Unknown,Unknown,Unknown EMS Scene Arrival Hour,Unknown EMS Scene Arrival Minutes,Unknown,Unknown EMS Hospital Arrival Time,1,Dark - Lighted,Clear,1,0,['Driver'],['None_Used'],1,1,Valid,0.0,0.0,37.0,37.0,['Male'],0,0,3,4,2,Dry,Straight,Grade/Hillcrest,Lowest,No
36220,53,Washington,530208,0,2,2,0,2,EVERETT,May,7,Sunday,17,3,Urban,Medium Speed (Collector),No,47.93539167,-122.241325,Non-Intersection,Daylight,Clear,Unknown,Unknown,Unknown EMS Scene Arrival Hour,Unknown EMS Scene Arrival Minutes,Not Applicable (Not Transported),Not Applicable (Not Transported),1,Daylight,Clear,1,1,['Driver'],['None_Used'],0,0,Invalid,2.0,2.0,52.0,49.0,"['Male', 'Male']",1,0,5,4,5,Dry,Straight,Level,Lowest,No
36221,53,Washington,530209,0,2,2,0,3,SEATTLE,March,22,Wednesday,20,17,Urban,High Speed (Arterial),No,47.57108333,-122.35233333,Non-Intersection,Dark - Lighted,Clear,Unknown,Unknown,Unknown EMS Scene Arrival Hour,Unknown EMS Scene Arrival Minutes,Unknown,Unknown EMS Hospital Arrival Time,2,Dark - Lighted,Clear,2,1,"['Driver', 'Front_Passenger']","['Shoulder_Lapbelt', 'Shoulder_Lapbelt']",0,0,Invalid,0.0,0.0,36.0,18.0,"['Male', 'Male']",0,0,3,4,5,Dry,Straight,Grade/Hillcrest,Lowest,Yes
36222,53,Washington,530210,0,2,2,0,7,LONGVIEW,May,11,Thursday,7,45,Urban,Medium Speed (Collector),No,46.12574722,-122.956825,Complex/Circle,Daylight,Clear,Unknown,Unknown,Unknown EMS Scene Arrival Hour,Unknown EMS Scene Arrival Minutes,Unknown,Unknown EMS Hospital Arrival Time,1,Daylight,Clear,1,6,['Driver'],['None_Used'],0,0,Invalid,3.0,0.0,37.0,26.0,"['Male', 'Female']",1,0,5,4,5,Dry,Straight,Level,Lowest,No
36223,53,Washington,530211,0,3,1,2,1,ANACORTES,May,20,Saturday,20,36,Urban,Low Speed (Local),No,48.51538889,-122.61572222,Non-Intersection,Daylight,Clear,Unknown,Unknown,Unknown EMS Scene Arrival Hour,Unknown EMS Scene Arrival Minutes,Not Applicable (Not Transported),Not Applicable (Not Transported),1,Daylight,Clear,1,0,['Driver'],['Shoulder_Lapbelt'],0,0,Valid,0.0,0.0,50.0,50.0,['Male'],1,0,2,4,5,Dry,Straight,Level,Lowest,No
36224,53,Washington,530212,0,1,1,0,1,NOT APPLICABLE,May,14,Sunday,17,8,Rural,Medium Speed (Collector),No,47.49721667,-119.71553056,Non-Intersection,Daylight,Clear,Unknown,Unknown,Unknown EMS Scene Arrival Hour,Unknown EMS Scene Arrival Minutes,Not Applicable (Not Transported),Not Applicable (Not Transported),1,Daylight,Clear,1,0,['Driver'],['None_Used'],0,0,Valid,0.0,0.0,57.0,57.0,['Male'],0,0,3,4,3,Dry,Curve,Level,Lowest,No
36225,53,Washington,530213,0,1,1,0,1,NOT APPLICABLE,May,6,Saturday,18,43,Rural,Medium Speed (Collector),No,45.90756944,-121.047675,Non-Intersection,Daylight,Clear,Unknown,Unknown,Unknown EMS Scene Arrival Hour,Unknown EMS Scene Arrival Minutes,Not Applicable (Not Transported),Not Applicable (Not Transported),1,Daylight,Clear,1,0,['Driver'],['None_Used'],1,1,Valid,1.0,5.0,24.0,24.0,['Male'],1,0,3,4,3,Dry,Curve,Grade/Hillcrest,Lowest,No
36226,53,Washington,530214,0,1,1,0,4,NOT APPLICABLE,April,29,Saturday,2,30,Rural,Medium Speed (Collector),No,46.561025,-119.13247778,Non-Intersection,Dark - Not Lighted,Clear,Unknown,Unknown,Unknown EMS Scene Arrival Hour,Unknown EMS Scene Arrival Minutes,Unknown,Unknown EMS Hospital Arrival Time,1,Dark - Unlighted,Clear,1,3,['Rear_Seat'],['None_Used'],1,1,Invalid,0.0,2.0,25.0,25.0,['Male'],0,0,2,4,3,Dry,Curve,Level,Lowest,No
36227,53,Washington,530215,0,3,3,0,4,NOT APPLICABLE,May,17,Wednesday,17,19,Rural,High Speed (Arterial),No,47.18127778,-120.83519444,Simple Junction,Daylight,Clear,Unknown,Unknown,Unknown EMS Scene Arrival Hour,Unknown EMS Scene Arrival Minutes,Not Applicable (Not Transported),Not Applicable (Not Transported),1,Daylight,Clear,1,3,['Driver'],['None_Used'],0,0,Valid,0.0,0.0,37.0,34.0,"['Female', 'Male', 'Male']",0,0,2,4,5,Dry,Straight,Level,Lowest,No
36228,53,Washington,530216,0,2,2,0,3,NOT APPLICABLE,May,13,Saturday,13,28,Rural,Medium Speed (Collector),No,46.28418056,-118.88605556,Non-Intersection,Daylight,Clear,Unknown,Unknown,Unknown EMS Scene Arrival Hour,Unknown EMS Scene Arrival Minutes,Unknown,Unknown EMS Hospital Arrival Time,1,Daylight,Clear,1,2,['Front_Passenger'],['Shoulder_Lapbelt'],1,1,Valid,2.0,1.0,91.0,38.0,"['Male', 'Male']",0,0,3,4,5,Dry,Straight,Level,Lowest,No
36229,53,Washington,530217,0,2,2,0,2,NOT APPLICABLE,May,21,Sunday,18,16,Rural,High Speed (Arterial),Yes,47.96145,-117.49812222,Non-Intersection,Daylight,Clear,Unknown,Unknown,Unknown EMS Scene Arrival Hour,Unknown EMS Scene Arrival Minutes,Not Applicable (Not Transported),Not Applicable (Not Transported),1,Daylight,Clear,1,1,['Driver'],['Shoulder_Lapbelt'],1,1,Valid,1.0,2.0,27.0,21.0,"['Female', 'Male']",0,0,3,4,5,Dry,Straight,Level,Lowest,No
36230,53,Washington,530218,0,2,2,0,2,NOT APPLICABLE,May,8,Monday,20,8,Urban,High Speed (Arterial),No,47.12565278,-122.29306111,Complex/Circle,Dusk,Clear,Unknown,Unknown,Unknown EMS Scene Arrival Hour,Unknown EMS Scene Arrival Minutes,Unknown,Unknown EMS Hospital Arrival Time,1,Twilight,Clear,1,1,['Driver'],['None_Used'],0,0,Valid,0.0,3.0,39.0,37.0,"['Male', 'Male']",0,0,5,4,5,Dry,Straight,Level,Lowest,No
36231,53,Washington,530219,0,2,2,0,3,CENTRALIA,April,28,Friday,20,57,Urban,Medium Speed (Collector),No,46.71355833,-122.95675556,Complex/Circle,Dusk,Clear,Unknown,Unknown,Unknown EMS Scene Arrival Hour,Unknown EMS Scene Arrival Minutes,Not Applicable (Not Transported),Not Applicable (Not Transported),1,Twilight,Clear,1,2,['Driver'],['None_Used'],1,1,Valid,1.0,5.0,55.0,33.0,"['Male', 'Male']",2,0,5,4,5,Dry,Straight,Level,Lowest,No
36232,53,Washington,530220,0,3,3,0,4,SEATTLE,February,7,Tuesday,15,27,Urban,High Speed (Arterial),No,47.69899722,-122.34461111,Non-Intersection,Daylight,Cloudy,Unknown,Unknown,Unknown EMS Scene Arrival Hour,Unknown EMS Scene Arrival Minutes,Unknown,Unknown EMS Hospital Arrival Time,1,Daylight,Reduced Visibility,1,3,['Front_Passenger'],['None_Used'],1,2,Valid,0.0,8.0,54.0,25.0,"['Male', 'Male', 'Male']",0,0,3,4,5,Dry,Straight,Non-Trafficway,Lowest,No
36233,53,Washington,530221,0,2,2,0,2,NOT APPLICABLE,May,19,Friday,11,59,Urban,Medium Speed (Collector),No,46.37338333,-117.07324167,Simple Junction,Daylight,Clear,Unknown,Unknown,Unknown EMS Scene Arrival Hour,Unknown EMS Scene Arrival Minutes,Unknown,Unknown EMS Hospital Arrival Time,1,Daylight,Clear,1,1,['Driver'],['None_Used'],0,0,Valid,0.0,1.0,73.0,64.0,"['Male', 'Male']",0,0,5,4,5,Dry,Straight,Grade/Hillcrest,Lowest,No
36234,53,Washington,530222,0,1,1,0,1,NOT APPLICABLE,May,20,Saturday,22,20,Rural,Medium Speed (Collector),No,46.41920833,-120.46324167,Non-Intersection,Dark - Not Lighted,Clear,Unknown,Unknown,Unknown EMS Scene Arrival Hour,Unknown EMS Scene Arrival Minutes,Not Applicable (Not Transported),Not Applicable (Not Transported),1,Dark - Unlighted,Clear,1,0,['Driver'],['None_Used'],0,0,Invalid,1.0,0.0,22.0,22.0,['Male'],1,0,5,4,3,Dry,Straight,Level,Lowest,No
36235,53,Washington,530223,0,3,3,0,5,NOT APPLICABLE,May,13,Saturday,20,39,Urban,Medium Speed (Collector),No,47.88121389,-122.25711111,Complex/Circle,Daylight,Clear,Unknown,Unknown,Unknown EMS Scene Arrival Hour,Unknown EMS Scene Arrival Minutes,Not Applicable (Not Transported),Not Applicable (Not Transported),1,Daylight,Clear,1,4,['Driver'],['None_Used'],0,0,Valid,0.0,0.0,40.0,18.0,"['Male', 'Female', 'Female']",0,0,5,1,5,Dry,Straight,Level,Lowest,No
36236,53,Washington,530224,1,1,1,0,1,NOT APPLICABLE,May,13,Saturday,21,24,Urban,Medium Speed (Collector),No,47.83687222,-122.270875,Non-Intersection,Dark - Not Lighted,Clear,Unknown,Unknown,Unknown EMS Scene Arrival Hour,Unknown EMS Scene Arrival Minutes,Not Applicable (Not Transported),Not Applicable (Not Transported),1,Dark - Unlighted,Clear,0,0,[],[],0,0,Valid,0.0,0.0,44.0,44.0,['Male'],0,0,3,4,4,Dry,Straight,Level,Lowest,No
36237,53,Washington,530226,1,1,1,0,1,SPOKANE,May,26,Friday,21,14,Urban,High Speed (Arterial),Yes,47.65560278,-117.411225,Complex/Circle,Dark - Lighted,Clear,Unknown,Unknown,Unknown EMS Scene Arrival Hour,Unknown EMS Scene Arrival Minutes,Unknown,Unknown EMS Hospital Arrival Time,1,Dark - Lighted,Clear,0,1,[],[],0,0,Invalid,0.0,1.0,30.0,30.0,['Male'],0,0,2,1,4,Dry,Straight,Level,Lowest,No
36238,53,Washington,530227,0,3,3,0,4,NOT APPLICABLE,May,27,Saturday,20,15,Urban,Medium Speed (Collector),No,47.63983611,-122.01034444,Simple Junction,Daylight,Clear,Unknown,Unknown,Unknown EMS Scene Arrival Hour,Unknown EMS Scene Arrival Minutes,Not Applicable (Not Transported),Not Applicable (Not Transported),1,Daylight,Clear,1,3,['Driver'],['None_Used'],0,0,Valid,0.0,0.0,93.0,31.0,"['Female', 'Male', 'Male']",0,0,5,4,5,Dry,Straight,Level,Lowest,No
36239,53,Washington,530229,0,2,2,0,2,SPOKANE VALLEY,April,15,Saturday,11,35,Urban,High Speed (Arterial),No,47.69674722,-117.17537778,Complex/Circle,Daylight,Clear,Unknown,Unknown,Unknown EMS Scene Arrival Hour,Unknown EMS Scene Arrival Minutes,Not Applicable (Not Transported),Not Applicable (Not Transported),1,Daylight,Clear,1,1,['Driver'],['None_Used'],0,0,Valid,1.0,0.0,65.0,60.0,"['Female', 'Male']",0,0,5,4,5,Dry,Straight,Level,Lowest,No
36240,53,Washington,530230,1,1,1,0,1,TACOMA,May,8,Monday,15,16,Urban,Medium Speed (Collector),No,47.24212778,-122.44503889,Complex/Circle,Daylight,Clear,Unknown,Unknown,Unknown EMS Scene Arrival Hour,Unknown EMS Scene Arrival Minutes,Unknown,Unknown EMS Hospital Arrival Time,1,Daylight,Clear,0,1,[],[],0,0,Valid,0.0,1.0,57.0,57.0,['Male'],0,0,3,1,4,Dry,Straight,Grade/Hillcrest,Lowest,No
36241,53,Washington,530231,0,3,3,0,5,TACOMA,May,18,Thursday,12,30,Urban,High Speed (Arterial),No,47.24245,-122.44208611,Complex/Circle,Daylight,Clear,Unknown,Unknown,Unknown EMS Scene Arrival Hour,Unknown EMS Scene Arrival Minutes,Unknown,Unknown EMS Hospital Arrival Time,1,Daylight,Clear,1,4,['Driver'],['None_Used'],0,0,Valid,0.0,1.0,73.0,36.0,"['Female', 'Female', 'Male']",0,0,5,4,5,Dry,Straight,Grade/Hillcrest,Lowest,No
36242,53,Washington,530232,0,2,2,0,3,NOT APPLICABLE,May,4,Thursday,14,29,Rural,High Speed (Arterial),Yes,46.71645,-120.86335833,Non-Intersection,Daylight,Cloudy,Unknown,Unknown,Unknown EMS Scene Arrival Hour,Unknown EMS Scene Arrival Minutes,Unknown,Unknown EMS Hospital Arrival Time,2,Daylight,Reduced Visibility,2,1,"['Driver', 'Front_Passenger']","['Shoulder_Lapbelt', 'Shoulder_Lapbelt']",0,0,Valid,0.0,0.0,23.0,22.0,"['Male', 'Male']",2,0,3,4,5,Dry,Straight,Level,Lowest,No
36243,53,Washington,530233,0,2,2,0,2,NOT APPLICABLE,May,19,Friday,14,38,Rural,High Speed (Arterial),Yes,47.59750278,-120.22885,Non-Intersection,Daylight,Clear,Unknown,Unknown,Unknown EMS Scene Arrival Hour,Unknown EMS Scene Arrival Minutes,Not Applicable (Not Transported),Not Applicable (Not Transported),1,Daylight,Clear,1,1,['Driver'],['Shoulder_Lapbelt'],0,0,Valid,0.0,4.0,51.0,42.0,"['Male', 'Male']",0,0,4,4,5,Dry,Straight,Level,Lowest,No
36244,53,Washington,530234,0,1,1,0,1,NOT APPLICABLE,April,28,Friday,7,43,Rural,High Speed (Arterial),Yes,47.41551667,-121.58573056,Non-Intersection,Daylight,Clear,Unknown,Unknown,Unknown EMS Scene Arrival Hour,Unknown EMS Scene Arrival Minutes,Not Applicable (Not Transported),Not Applicable (Not Transported),1,Daylight,Clear,1,0,['Driver'],['Shoulder_Lapbelt'],0,0,Valid,0.0,0.0,49.0,49.0,['Male'],0,0,2,1,3,Dry,Curve,Level,Lowest,No
36245,53,Washington,530235,1,1,1,0,1,NOT APPLICABLE,May,27,Saturday,10,54,Rural,Medium Speed (Collector),No,47.78831944,-117.73398611,Simple Junction,Daylight,Clear,Unknown,Unknown,Unknown EMS Scene Arrival Hour,Unknown EMS Scene Arrival Minutes,Not Applicable (Not Transported),Not Applicable (Not Transported),1,Daylight,Clear,0,1,[],[],1,1,Valid,0.0,0.0,21.0,21.0,['Male'],0,0,4,1,4,Dry,Straight,Grade/Hillcrest,Lowest,No
36246,53,Washington,530236,0,1,1,0,1,NOT APPLICABLE,June,1,Thursday,12,48,Rural,Medium Speed (Collector),No,46.56406389,-122.30648056,Non-Intersection,Daylight,Clear,Unknown,Unknown,Unknown EMS Scene Arrival Hour,Unknown EMS Scene Arrival Minutes,Not Applicable (Not Transported),Not Applicable (Not Transported),1,Daylight,Clear,1,0,['Driver'],['None_Used'],1,1,Valid,0.0,0.0,69.0,69.0,['Male'],1,0,5,4,3,Dry,Curve,Level,Lowest,No
36247,53,Washington,530237,0,1,1,0,1,CAMAS,May,31,Wednesday,15,58,Urban,Medium Speed (Collector),No,45.65396111,-122.46708611,Non-Intersection,Daylight,Clear,Unknown,Unknown,Unknown EMS Scene Arrival Hour,Unknown EMS Scene Arrival Minutes,Unknown,Unknown EMS Hospital Arrival Time,1,Daylight,Clear,1,0,['Driver'],['None_Used'],0,0,Valid,0.0,0.0,61.0,61.0,['Male'],0,0,5,4,2,Dry,Curve,Level,Lowest,No
36248,53,Washington,530238,0,2,2,0,3,NOT APPLICABLE,May,29,Monday,17,38,Rural,Medium Speed (Collector),No,46.54118333,-120.87471111,Non-Intersection,Daylight,Clear,Unknown,Unknown,Unknown EMS Scene Arrival Hour,Unknown EMS Scene Arrival Minutes,Unknown,Unknown EMS Hospital Arrival Time,1,Daylight,Clear,1,2,['Driver'],['None_Used'],1,1,Valid,0.0,0.0,53.0,24.0,"['Male', 'Female']",0,0,5,4,5,Dry,Straight,Level,Lowest,No
36249,53,Washington,530240,0,1,1,0,1,NOT APPLICABLE,May,8,Monday,21,46,Urban,Medium Speed (Collector),No,48.7399,-122.38098889,Non-Intersection,Dark - Not Lighted,Clear,Unknown,Unknown,Unknown EMS Scene Arrival Hour,Unknown EMS Scene Arrival Minutes,Not Applicable (Not Transported),Not Applicable (Not Transported),1,Dark - Unlighted,Clear,1,0,['Driver'],['Shoulder_Lapbelt'],1,1,Valid,1.0,1.0,61.0,61.0,['Male'],0,0,3,1,3,Dry,Straight,Level,Lowest,No
36250,53,Washington,530241,1,1,1,0,3,SPOKANE,June,12,Monday,22,9,Urban,High Speed (Arterial),Yes,47.72009167,-117.41124722,Non-Intersection,Dark - Lighted,Clear,Unknown,Unknown,Unknown EMS Scene Arrival Hour,Unknown EMS Scene Arrival Minutes,Unknown,Unknown EMS Hospital Arrival Time,1,Dark - Lighted,Clear,0,3,[],[],0,0,Valid,0.0,0.0,58.0,58.0,['Male'],0,0,2,1,4,Dry,Straight,Level,Lowest,No
36251,53,Washington,530242,1,1,1,0,1,NOT APPLICABLE,June,6,Tuesday,9,57,Urban,High Speed (Arterial),Yes,47.69430556,-117.05389444,Non-Intersection,Daylight,Clear,Unknown,Unknown,Unknown EMS Scene Arrival Hour,Unknown EMS Scene Arrival Minutes,Unknown,Unknown EMS Hospital Arrival Time,1,Daylight,Clear,0,1,[],[],0,0,Valid,0.0,0.0,34.0,34.0,['Male'],0,0,3,1,4,Dry,Straight,Level,Lowest,No
36252,53,Washington,530243,0,2,2,0,3,NOT APPLICABLE,May,26,Friday,11,23,Rural,High Speed (Arterial),Yes,47.73690278,-122.88153056,Non-Intersection,Daylight,Clear,Unknown,Unknown,Unknown EMS Scene Arrival Hour,Unknown EMS Scene Arrival Minutes,Not Applicable (Not Transported),Not Applicable (Not Transported),1,Daylight,Clear,1,2,['Driver'],['None_Used'],0,0,Valid,0.0,0.0,62.0,33.0,"['Male', 'Male']",0,0,5,4,5,Dry,Straight,Level,Lowest,No
36253,53,Washington,530244,0,2,2,0,2,BURIEN,May,28,Sunday,16,58,Urban,Medium Speed (Collector),No,47.492225,-122.30992778,Simple Junction,Daylight,Clear,Unknown,Unknown,Unknown EMS Scene Arrival Hour,Unknown EMS Scene Arrival Minutes,Not Applicable (Not Transported),Not Applicable (Not Transported),1,Daylight,Clear,1,1,['Driver'],['None_Used'],0,0,Invalid,0.0,0.0,52.0,15.0,"['Male', 'Female']",1,0,5,4,5,Dry,Straight,Grade/Hillcrest,Lowest,No