,State_Code,State_Name,Crash_ID,Count_Non_Motorists,Count_Vehicles_Total,Count_Vehicle_Forms,Count_PVH_Involved,Count_Occupants_MV,City_Name,Month_Name,Day_of_Month,Day_of_Week,Crash_Hour,Crash_Minute,Area_Rural_Urban,Road_Functional_Class,On_NHS_Road,Latitude,Longitude,Intersection_Type,Light_Condition,Weather_Condition,Notif_Hour,Notif_Minute,Arrival_Hour,Arrival_Minute,Hospital_Hour,Hospital_Minute,Fatalities_Count,Clean_Light_Condition,Clean_Weather_Condition,Total_Killed,Total_Alive,Fatal_Seats_List,Killed_Restraint_List,Any_Driver_Drinking,Total_Drinking_Drivers,Driver_License_Category,Driver_Max_Prev_Accident_Count,Driver_Max_Prev_Speeding_Count,Max_Driver_Age,Min_Driver_Age,Driver_Sex_List,Total_Exceeding_Limit_Vehicles,Total_Too_Fast_Vehicles,Max_Vehicle_Type_Severity_5,Max_Vehicle_Damage_Rank,Max_Harmful_Event_Severity,Crash_Road_Surface_Condition,Crash_Horizontal_Alignment,Crash_Vertical_Profile,Crash_Impairment_Category,Crash_Vehicle_Defect
36254,53,Washington,530245,4,1,1,0,3,SPOKANE VALLEY,May,23,Tuesday,20,8,Urban,High Speed (Arterial),No,47.63491944,-117.22882778,Complex/Circle,Daylight,Clear,Unknown,Unknown,Unknown EMS Scene Arrival Hour,Unknown EMS Scene Arrival Minutes,Unknown,Unknown EMS Hospital Arrival Time,1,Daylight,Clear,0,3,[],[],0,0,Valid,0.0,1.0,16.0,16.0,['Female'],0,0,2,1,4,Dry,Straight,Grade/Hillcrest,Lowest,No
36255,53,Washington,530246,0,1,1,0,1,NOT APPLICABLE,June,4,Sunday,7,36,Rural,High Speed (Arterial),Yes,47.15743333,-123.09548056,Complex/Circle,Daylight,Clear,Unknown,Unknown,Unknown EMS Scene Arrival Hour,Unknown EMS Scene Arrival Minutes,Unknown,Unknown EMS Hospital Arrival Time,1,Daylight,Clear,1,0,['Driver'],['None_Used'],0,0,Invalid,1.0,0.0,18.0,18.0,['Male'],1,0,2,4,2,Dry,Straight,Level,Lowest,No
36256,53,Washington,530247,0,2,2,0,2,NOT APPLICABLE,June,1,Thursday,21,27,Rural,Medium Speed (Collector),No,45.72129167,-122.49581111,Non-Intersection,Dark - Not Lighted,Clear,Unknown,Unknown,Unknown EMS Scene Arrival Hour,Unknown EMS Scene Arrival Minutes,Unknown,Unknown EMS Hospital Arrival Time,1,Dark - Unlighted,Clear,1,1,['Driver'],['None_Used'],1,1,Valid,0.0,4.0,23.0,19.0,"['Male', 'Male']",0,0,5,4,5,Dry,Straight,Level,Lowest,No
36257,53,Washington,530248,0,2,2,0,4,RENTON,June,5,Monday,14,58,Urban,High Speed (Arterial),Yes,47.48422222,-122.196175,Non-Intersection,Daylight,Clear,Unknown,Unknown,Unknown EMS Scene Arrival Hour,Unknown EMS Scene Arrival Minutes,Unknown,Unknown EMS Hospital Arrival Time,1,Daylight,Clear,1,3,['Rear_Seat'],['None_Used'],0,0,Valid,2.0,1.0,63.0,39.0,"['Male', 'Male']",0,0,4,4,5,Dry,Straight,Level,Lowest,No
36258,53,Washington,530249,1,1,1,0,3,NOT APPLICABLE,June,9,Friday,10,3,Rural,Medium Speed (Collector),No,46.60514444,-122.23306944,Non-Intersection,Daylight,Rain,Unknown,Unknown,Unknown EMS Scene Arrival Hour,Unknown EMS Scene Arrival Minutes,Unknown,Unknown EMS Hospital Arrival Time,1,Daylight,Rain/Wind/Minor,0,3,[],[],0,0,Valid,0.0,0.0,65.0,65.0,['Male'],0,0,2,1,4,Wet/Standing Water,Straight,Level,Lowest,No
36259,53,Washington,530250,0,1,1,0,2,VANCOUVER,June,4,Sunday,21,2,Urban,Medium Speed (Collector),No,45.61757778,-122.63886389,Non-Intersection,Daylight,Clear,Unknown,Unknown,Unknown EMS Scene Arrival Hour,Unknown EMS Scene Arrival Minutes,Unknown,Unknown EMS Hospital Arrival Time,1,Daylight,Clear,1,1,['Front_Passenger'],['Shoulder_Lapbelt'],0,0,Valid,0.0,2.0,21.0,21.0,['Male'],2,0,2,4,3,Dry,Straight,Level,Lowest,No
36260,53,Washington,530251,1,1,1,0,1,NOT APPLICABLE,May,7,Sunday,20,41,Rural,Medium Speed (Collector),No,46.46163611,-124.05272778,Non-Intersection,Dusk,Clear,Unknown,Unknown,Unknown EMS Scene Arrival Hour,Unknown EMS Scene Arrival Minutes,Unknown,Unknown EMS Hospital Arrival Time,1,Twilight,Clear,0,1,[],[],0,0,Valid,1.0,0.0,66.0,66.0,['Male'],0,0,2,1,4,Dry,Straight,Level,Lowest,No
36261,53,Washington,530252,0,2,2,0,3,MOUNT VERNON,May,21,Sunday,0,47,Urban,Medium Speed (Collector),No,48.42823333,-122.30265833,Complex/Circle,Dark - Lighted,Clear,Unknown,Unknown,Unknown EMS Scene Arrival Hour,Unknown EMS Scene Arrival Minutes,Unknown,Unknown EMS Hospital Arrival Time,1,Dark - Lighted,Clear,1,2,['Front_Passenger'],['Shoulder_Lapbelt'],1,1,Invalid,1.0,3.0,23.0,19.0,"['Male', 'Female']",0,0,2,4,5,Dry,Straight,Level,Lowest,No
36262,53,Washington,530253,0,1,1,0,1,BOTHELL,April,28,Friday,17,52,Urban,High Speed (Arterial),No,47.75058056,-122.213875,Non-Intersection,Daylight,Clear,Unknown,Unknown,Unknown EMS Scene Arrival Hour,Unknown EMS Scene Arrival Minutes,Not Applicable (Not Transported),Not Applicable (Not Transported),1,Daylight,Clear,1,0,['Driver'],['None_Used'],1,1,Valid,0.0,0.0,54.0,54.0,['Male'],1,0,5,4,3,Dry,Curve,Level,Lowest,No
36263,53,Washington,530254,0,1,1,0,1,NOT APPLICABLE,June,12,Monday,9,55,Rural,High Speed (Arterial),Yes,48.11109444,-117.22561667,Non-Intersection,Daylight,Clear,Unknown,Unknown,Unknown EMS Scene Arrival Hour,Unknown EMS Scene Arrival Minutes,Unknown,Unknown EMS Hospital Arrival Time,1,Daylight,Clear,1,0,['Driver'],['None_Used'],0,0,Valid,0.0,0.0,66.0,66.0,['Male'],0,0,5,4,3,Dry,Straight,Level,Lowest,No
36264,53,Washington,530255,0,1,1,0,1,NOT APPLICABLE,May,14,Sunday,23,24,Rural,High Speed (Arterial),No,47.41575278,-122.01704444,Non-Intersection,Dark - Not Lighted,Clear,Unknown,Unknown,Unknown EMS Scene Arrival Hour,Unknown EMS Scene Arrival Minutes,Not Applicable (Not Transported),Not Applicable (Not Transported),1,Dark - Unlighted,Clear,1,0,['Driver'],['None_Used'],1,1,Invalid,0.0,2.0,44.0,44.0,['Female'],1,0,2,4,3,Dry,Curve,Level,Lowest,No
36265,53,Washington,530256,1,1,1,0,1,SPOKANE VALLEY,February,6,Monday,20,23,Urban,Medium Speed (Collector),No,47.64240278,-117.213225,Non-Intersection,Dark - Lighted,Clear,Unknown,Unknown,Unknown EMS Scene Arrival Hour,Unknown EMS Scene Arrival Minutes,Unknown,Unknown EMS Hospital Arrival Time,1,Dark - Lighted,Clear,0,1,[],[],0,0,Valid,0.0,0.0,17.0,17.0,['Female'],0,0,2,1,4,Dry,Straight,Level,Lowest,No
36266,53,Washington,530257,0,1,1,0,1,NOT APPLICABLE,March,5,Sunday,20,39,Rural,Low Speed (Local),No,48.91354444,-122.45185,Non-Intersection,Dark - Not Lighted,Clear,Unknown,Unknown,Unknown EMS Scene Arrival Hour,Unknown EMS Scene Arrival Minutes,Unknown,Unknown EMS Hospital Arrival Time,1,Dark - Unlighted,Clear,1,0,['Driver'],['Shoulder_Lapbelt'],1,1,Invalid,1.0,0.0,19.0,19.0,['Female'],1,0,2,4,3,Dry,Straight,Level,Lowest,No
36267,53,Washington,530258,1,1,1,0,1,SEATTLE,February,5,Sunday,16,45,Urban,High Speed (Arterial),No,47.61809167,-122.30416111,Complex/Circle,Daylight,Cloudy,Unknown,Unknown,Unknown EMS Scene Arrival Hour,Unknown EMS Scene Arrival Minutes,Unknown,Unknown EMS Hospital Arrival Time,1,Daylight,Reduced Visibility,0,0,[],[],0,0,Invalid,0.0,0.0,999.0,999.0,['Other'],0,0,1,0,4,Wet/Standing Water,Straight,Level,Lowest,No
36268,53,Washington,530259,0,2,2,0,2,SEATTLE,January,20,Friday,18,28,Urban,High Speed (Arterial),No,47.55464167,-122.37628889,Non-Intersection,Dark - Lighted,Clear,Unknown,Unknown,Unknown EMS Scene Arrival Hour,Unknown EMS Scene Arrival Minutes,Unknown,Unknown EMS Hospital Arrival Time,1,Dark - Lighted,Clear,1,1,['Driver'],['None_Used'],0,0,Valid,2.0,2.0,29.0,24.0,"['Male', 'Female']",1,0,5,4,5,Dry,Straight,Level,Lowest,No
36269,53,Washington,530260,0,2,2,0,2,NOT APPLICABLE,June,8,Thursday,12,19,Rural,High Speed (Arterial),No,46.79400278,-118.89913056,Complex/Circle,Daylight,Clear,Unknown,Unknown,Unknown EMS Scene Arrival Hour,Unknown EMS Scene Arrival Minutes,Not Applicable (Not Transported),Not Applicable (Not Transported),1,Daylight,Clear,1,1,['Driver'],['Shoulder_Lapbelt'],0,0,Valid,0.0,0.0,52.0,36.0,"['Male', 'Male']",0,0,4,4,5,Dry,Straight,Level,Lowest,No
36270,53,Washington,530261,0,2,2,0,3,NOT APPLICABLE,June,6,Tuesday,15,3,Urban,Medium Speed (Collector),No,48.94302778,-122.72621944,Complex/Circle,Daylight,Clear,Unknown,Unknown,Unknown EMS Scene Arrival Hour,Unknown EMS Scene Arrival Minutes,Unknown,Unknown EMS Hospital Arrival Time,1,Daylight,Clear,1,2,['Driver'],['None_Used'],0,0,Invalid,1.0,2.0,58.0,50.0,"['Male', 'Male']",1,0,5,4,5,Dry,Straight,Level,Lowest,No
36271,53,Washington,530262,0,1,1,0,2,NOT APPLICABLE,March,16,Thursday,20,22,Rural,High Speed (Arterial),Yes,47.535775,-122.00526389,Non-Intersection,Dark - Not Lighted,Clear,Unknown,Unknown,Unknown EMS Scene Arrival Hour,Unknown EMS Scene Arrival Minutes,Unknown,Unknown EMS Hospital Arrival Time,1,Dark - Unlighted,Clear,1,1,['Front_Passenger'],['None_Used'],0,0,Valid,0.0,0.0,36.0,36.0,['Male'],0,0,3,4,3,Dry,Curve,Grade/Hillcrest,Lowest,No
36272,53,Washington,530263,0,2,2,0,4,NOT APPLICABLE,June,4,Sunday,15,4,Rural,Medium Speed (Collector),No,46.63942778,-119.76928611,Non-Intersection,Daylight,Clear,Unknown,Unknown,Unknown EMS Scene Arrival Hour,Unknown EMS Scene Arrival Minutes,Unknown,Unknown EMS Hospital Arrival Time,1,Daylight,Clear,1,3,['Front_Passenger'],['Shoulder_Lapbelt'],0,0,Valid,0.0,0.0,58.0,31.0,"['Female', 'Male']",0,0,3,4,5,Dry,Straight,Level,Medium,No
36273,53,Washington,530264,1,1,1,0,1,NOT APPLICABLE,June,1,Thursday,22,58,Rural,High Speed (Arterial),No,47.00097222,-119.12796667,Non-Intersection,Dark - Not Lighted,Clear,Unknown,Unknown,Unknown EMS Scene Arrival Hour,Unknown EMS Scene Arrival Minutes,Not Applicable (Not Transported),Not Applicable (Not Transported),1,Dark - Unlighted,Clear,0,1,[],[],0,0,Valid,1.0,0.0,53.0,53.0,['Male'],0,0,2,4,4,Dry,Straight,Level,Lowest,No
36274,53,Washington,530265,0,1,1,0,1,NOT APPLICABLE,June,14,Wednesday,1,35,Rural,Medium Speed (Collector),No,45.66488889,-122.43474444,Simple Junction,Dark - Not Lighted,Cloudy,Unknown,Unknown,Unknown EMS Scene Arrival Hour,Unknown EMS Scene Arrival Minutes,Not Applicable (Not Transported),Not Applicable (Not Transported),1,Dark - Unlighted,Reduced Visibility,1,0,['Driver'],['Shoulder_Lapbelt'],1,1,Valid,2.0,1.0,29.0,29.0,['Male'],1,0,2,4,3,Dry,Curve,Grade/Hillcrest,Lowest,No
36275,53,Washington,530266,0,1,1,0,1,NOT APPLICABLE,June,10,Saturday,21,16,Rural,Low Speed (Local),No,46.43815278,-120.47818056,Non-Intersection,Dusk,Clear,Unknown,Unknown,Unknown EMS Scene Arrival Hour,Unknown EMS Scene Arrival Minutes,Not Applicable (Not Transported),Not Applicable (Not Transported),1,Twilight,Clear,1,0,['Driver'],['None_Used'],1,1,Invalid,0.0,0.0,17.0,17.0,['Male'],1,0,5,0,3,Dry,Straight,Level,Lowest,No
36276,53,Washington,530267,0,1,1,0,1,NOT APPLICABLE,June,14,Wednesday,0,33,Urban,High Speed (Arterial),No,47.191625,-122.36975,Non-Intersection,Dark - Lighted,Clear,Unknown,Unknown,Unknown EMS Scene Arrival Hour,Unknown EMS Scene Arrival Minutes,Not Applicable (Not Transported),Not Applicable (Not Transported),1,Dark - Lighted,Clear,1,0,['Driver'],['None_Used'],1,1,Invalid,0.0,2.0,24.0,24.0,['Male'],1,0,2,4,3,Dry,Straight,Level,Lowest,No
36277,53,Washington,530268,1,1,1,0,1,PORT ANGELES,June,6,Tuesday,22,2,Urban,Medium Speed (Collector),No,48.10508056,-123.42938333,Simple Junction,Dark - Lighted,Clear,Unknown,Unknown,Unknown EMS Scene Arrival Hour,Unknown EMS Scene Arrival Minutes,Unknown,Unknown EMS Hospital Arrival Time,1,Dark - Lighted,Clear,0,1,[],[],0,0,Valid,1.0,0.0,35.0,35.0,['Male'],0,0,3,1,4,Dry,Straight,Grade/Hillcrest,Lowest,No
36278,53,Washington,530269,0,4,4,0,4,CASTLE ROCK,June,16,Friday,2,45,Rural,High Speed (Arterial),Yes,46.28005556,-122.89983333,Non-Intersection,Dark - Lighted,Clear,Unknown,Unknown,Unknown EMS Scene Arrival Hour,Unknown EMS Scene Arrival Minutes,Unknown,Unknown EMS Hospital Arrival Time,2,Dark - Lighted,Clear,2,2,"['Driver', 'Driver']","['None_Used', 'Shoulder_Lapbelt']",1,1,Invalid,1.0,0.0,41.0,20.0,"['Male', 'Male', 'Male', 'Male']",0,0,3,4,5,Dry,Straight,Grade/Hillcrest,Lowest,No
36279,53,Washington,530270,1,1,1,0,1,NOT APPLICABLE,June,11,Sunday,16,19,Rural,Medium Speed (Collector),No,47.56882222,-117.358025,Non-Intersection,Daylight,Clear,Unknown,Unknown,Unknown EMS Scene Arrival Hour,Unknown EMS Scene Arrival Minutes,Not Applicable (Not Transported),Not Applicable (Not Transported),1,Daylight,Clear,0,1,[],[],0,0,Valid,0.0,0.0,27.0,27.0,['Male'],0,0,2,1,4,Dry,Straight,Level,Lowest,No
36280,53,Washington,530271,0,2,2,0,2,NOT APPLICABLE,June,5,Monday,13,20,Rural,Low Speed (Local),No,48.47450556,-119.93472222,Non-Intersection,Daylight,Clear,Unknown,Unknown,Unknown EMS Scene Arrival Hour,Unknown EMS Scene Arrival Minutes,Not Applicable (Not Transported),Not Applicable (Not Transported),1,Daylight,Clear,1,1,['Driver'],['None_Used'],0,0,Valid,0.0,0.0,66.0,64.0,"['Male', 'Male']",0,0,5,2,5,Dry,Curve,Grade/Hillcrest,Lowest,No
36281,53,Washington,530273,1,1,1,0,1,SEATAC,June,8,Thursday,18,59,Urban,Low Speed (Local),No,47.45813889,-122.29739444,Non-Intersection,Daylight,Clear,Unknown,Unknown,Unknown EMS Scene Arrival Hour,Unknown EMS Scene Arrival Minutes,Not Applicable (Not Transported),Not Applicable (Not Transported),1,Daylight,Clear,0,1,[],[],0,0,Valid,1.0,0.0,46.0,46.0,['Male'],0,0,4,1,4,Dry,Curve,Grade/Hillcrest,Lowest,No
36282,53,Washington,530274,0,2,2,0,8,NOT APPLICABLE,June,11,Sunday,14,44,Urban,High Speed (Arterial),No,47.89608333,-122.26326111,Non-Intersection,Daylight,Clear,Unknown,Unknown,Unknown EMS Scene Arrival Hour,Unknown EMS Scene Arrival Minutes,Unknown,Unknown EMS Hospital Arrival Time,1,Daylight,Clear,1,7,['Driver'],['None_Used'],0,0,Valid,0.0,0.0,62.0,18.0,"['Male', 'Female']",0,0,5,4,5,Dry,Straight,Level,Lowest,No
36283,53,Washington,530275,0,2,2,0,2,NOT APPLICABLE,June,11,Sunday,17,35,Rural,High Speed (Arterial),No,47.23293611,-119.94841667,Non-Intersection,Daylight,Clear,Unknown,Unknown,Unknown EMS Scene Arrival Hour,Unknown EMS Scene Arrival Minutes,Unknown,Unknown EMS Hospital Arrival Time,1,Daylight,Clear,1,1,['Driver'],['None_Used'],1,1,Valid,0.0,0.0,59.0,28.0,"['Male', 'Male']",0,0,5,4,5,Dry,Straight,Level,Lowest,No
36284,53,Washington,530276,0,1,1,0,3,NOT APPLICABLE,June,7,Wednesday,16,4,Rural,Medium Speed (Collector),No,46.37418611,-123.70079722,Non-Intersection,Daylight,Clear,Unknown,Unknown,Unknown EMS Scene Arrival Hour,Unknown EMS Scene Arrival Minutes,Unknown,Unknown EMS Hospital Arrival Time,1,Daylight,Clear,1,2,['Driver'],['None_Used'],1,1,Valid,0.0,1.0,50.0,50.0,['Male'],3,0,2,4,3,Dry,Curve,Grade/Hillcrest,Lowest,No
36285,53,Washington,530277,1,1,1,0,1,LIBERTY LAKE,June,16,Friday,21,14,Urban,Medium Speed (Collector),No,47.67997778,-117.081375,Non-Intersection,Dark - Unknown Lighting,Rain,Unknown,Unknown,Unknown EMS Scene Arrival Hour,Unknown EMS Scene Arrival Minutes,Not Applicable (Not Transported),Not Applicable (Not Transported),1,Dark - Unlighted,Rain/Wind/Minor,0,1,[],[],0,0,Valid,0.0,0.0,23.0,23.0,['Male'],0,0,3,4,4,Wet/Standing Water,Straight,Level,Lowest,No
36286,53,Washington,530278,0,2,2,0,2,NOT APPLICABLE,June,11,Sunday,17,5,Rural,High Speed (Arterial),No,47.34899444,-122.85241667,Non-Intersection,Daylight,Clear,Unknown,Unknown,Unknown EMS Scene Arrival Hour,Unknown EMS Scene Arrival Minutes,Not Applicable (Not Transported),Not Applicable (Not Transported),1,Daylight,Clear,1,1,['Driver'],['None_Used'],0,0,Invalid,2.0,1.0,35.0,34.0,"['Male', 'Male']",0,0,5,4,5,Dry,Curve,Grade/Hillcrest,Lowest,No
36287,53,Washington,530279,0,2,2,0,3,NOT APPLICABLE,June,10,Saturday,0,35,Rural,High Speed (Arterial),Yes,46.7765,-123.74193611,Non-Intersection,Dark - Not Lighted,Rain,Unknown,Unknown,Unknown EMS Scene Arrival Hour,Unknown EMS Scene Arrival Minutes,Not Applicable (Not Transported),Not Applicable (Not Transported),1,Dark - Unlighted,Rain/Wind/Minor,1,2,['Driver'],['Shoulder_Lapbelt'],1,1,Valid,0.0,1.0,34.0,25.0,"['Male', 'Male']",1,0,3,4,5,Wet/Standing Water,Straight,Grade/Hillcrest,Lowest,No
36288,53,Washington,530280,0,2,2,0,2,NOT APPLICABLE,June,25,Sunday,12,44,Rural,Medium Speed (Collector),No,46.84829444,-122.25292222,Non-Intersection,Daylight,Cloudy,Unknown,Unknown,Unknown EMS Scene Arrival Hour,Unknown EMS Scene Arrival Minutes,Not Applicable (Not Transported),Not Applicable (Not Transported),1,Daylight,Reduced Visibility,1,1,['Driver'],['None_Used'],1,1,Valid,1.0,0.0,54.0,52.0,"['Female', 'Male']",0,0,5,4,5,Dry,Curve,Grade/Hillcrest,Lowest,No
36289,53,Washington,530281,0,2,2,0,2,NOT APPLICABLE,June,22,Thursday,19,41,Rural,High Speed (Arterial),Yes,46.84129722,-117.33911111,Non-Intersection,Daylight,Clear,Unknown,Unknown,Unknown EMS Scene Arrival Hour,Unknown EMS Scene Arrival Minutes,Not Applicable (Not Transported),Not Applicable (Not Transported),1,Daylight,Clear,1,1,['Driver'],['None_Used'],1,1,Valid,0.0,0.0,58.0,36.0,"['Male', 'Male']",0,0,5,4,5,Dry,Straight,Level,Lowest,No
36290,53,Washington,530282,0,1,1,0,1,NOT APPLICABLE,June,23,Friday,11,58,Rural,Medium Speed (Collector),No,48.68920833,-117.42738333,Non-Intersection,Daylight,Clear,Unknown,Unknown,Unknown EMS Scene Arrival Hour,Unknown EMS Scene Arrival Minutes,Unknown,Unknown EMS Hospital Arrival Time,1,Daylight,Clear,1,0,['Driver'],['None_Used'],0,0,Invalid,0.0,0.0,61.0,61.0,['Male'],1,0,5,1,2,Dry,Curve,Grade/Hillcrest,Lowest,No
36291,53,Washington,530283,0,1,1,0,1,NOT APPLICABLE,May,30,Tuesday,1,48,Rural,Medium Speed (Collector),No,47.03666667,-123.9374,Non-Intersection,Dark - Not Lighted,Clear,Unknown,Unknown,Unknown EMS Scene Arrival Hour,Unknown EMS Scene Arrival Minutes,Not Applicable (Not Transported),Not Applicable (Not Transported),1,Dark - Unlighted,Clear,1,0,['Driver'],['None_Used'],0,0,Valid,1.0,6.0,32.0,32.0,['Male'],0,0,3,4,3,Dry,Straight,Level,Medium,No
36292,53,Washington,530284,0,2,2,0,3,NOT APPLICABLE,June,18,Sunday,11,50,Rural,High Speed (Arterial),Yes,46.27751667,-120.39154167,Non-Intersection,Daylight,Clear,Unknown,Unknown,Unknown EMS Scene Arrival Hour,Unknown EMS Scene Arrival Minutes,Unknown,Unknown EMS Hospital Arrival Time,1,Daylight,Clear,1,2,['Driver'],['Shoulder_Lapbelt'],0,0,Valid,0.0,0.0,72.0,38.0,"['Female', 'Male']",0,0,3,4,5,Dry,Curve,Grade/Hillcrest,Lowest,No
36293,53,Washington,530285,1,1,1,0,1,PASCO,June,24,Saturday,3,45,Urban,High Speed (Arterial),Yes,46.25168889,-119.08639444,Non-Intersection,Dark - Not Lighted,Clear,Unknown,Unknown,Unknown EMS Scene Arrival Hour,Unknown EMS Scene Arrival Minutes,Not Applicable (Not Transported),Not Applicable (Not Transported),1,Dark - Unlighted,Clear,0,1,[],[],0,0,Valid,0.0,0.0,51.0,51.0,['Male'],0,0,3,4,4,Dry,Curve,Grade/Hillcrest,Lowest,No
36294,53,Washington,530286,0,2,2,0,3,NOT APPLICABLE,June,16,Friday,22,0,Urban,High Speed (Arterial),No,46.12234444,-122.96229444,Non-Intersection,Dark - Not Lighted,Clear,Unknown,Unknown,Unknown EMS Scene Arrival Hour,Unknown EMS Scene Arrival Minutes,Unknown,Unknown EMS Hospital Arrival Time,1,Dark - Unlighted,Clear,1,2,['Driver'],['None_Used'],1,1,Invalid,1.0,2.0,34.0,28.0,"['Male', 'Female']",1,0,5,4,5,Dry,Straight,Level,Lowest,No
36295,53,Washington,530287,0,2,2,0,3,NOT APPLICABLE,May,12,Friday,18,20,Rural,High Speed (Arterial),No,46.93108889,-119.95691667,Simple Junction,Daylight,Clear,Unknown,Unknown,Unknown EMS Scene Arrival Hour,Unknown EMS Scene Arrival Minutes,Unknown,Unknown EMS Hospital Arrival Time,1,Daylight,Clear,1,1,['Driver'],['Shoulder_Lapbelt'],0,0,Valid,2.0,2.0,47.0,32.0,"['Male', 'Male']",0,0,4,4,5,Dry,Straight,Level,Lowest,No
36296,53,Washington,530288,0,1,1,0,2,NOT APPLICABLE,June,21,Wednesday,20,20,Rural,Medium Speed (Collector),No,46.42976111,-117.06501667,Non-Intersection,Dusk,Clear,Unknown,Unknown,Unknown EMS Scene Arrival Hour,Unknown EMS Scene Arrival Minutes,Unknown,Unknown EMS Hospital Arrival Time,1,Twilight,Clear,1,1,['Front_Passenger'],['Shoulder_Lapbelt'],1,1,Valid,0.0,1.0,19.0,19.0,['Male'],0,0,2,4,3,Dry,Curve,Level,Lowest,No
36297,53,Washington,530289,1,1,1,0,2,REDMOND,May,10,Wednesday,10,19,Urban,High Speed (Arterial),No,47.64339722,-122.14289167,Non-Intersection,Daylight,Clear,Unknown,Unknown,Unknown EMS Scene Arrival Hour,Unknown EMS Scene Arrival Minutes,Unknown,Unknown EMS Hospital Arrival Time,1,Daylight,Clear,0,2,[],[],0,0,Valid,0.0,0.0,81.0,81.0,['Female'],0,0,2,1,4,Dry,Straight,Level,Lowest,No
36298,53,Washington,530290,0,2,2,0,3,LACEY,April,26,Wednesday,15,28,Urban,High Speed (Arterial),No,47.05478333,-122.76454167,Non-Intersection,Daylight,Clear,Unknown,Unknown,Unknown EMS Scene Arrival Hour,Unknown EMS Scene Arrival Minutes,Unknown,Unknown EMS Hospital Arrival Time,1,Daylight,Clear,1,2,['Driver'],['None_Used'],0,0,Valid,0.0,0.0,79.0,30.0,"['Male', 'Male']",0,0,5,4,5,Dry,Straight,Non-Trafficway,Lowest,No
36299,53,Washington,530291,0,1,1,0,1,NOT APPLICABLE,June,22,Thursday,0,42,Urban,High Speed (Arterial),No,47.750775,-122.66766389,Non-Intersection,Dark - Lighted,Clear,Unknown,Unknown,Unknown EMS Scene Arrival Hour,Unknown EMS Scene Arrival Minutes,Not Applicable (Not Transported),Not Applicable (Not Transported),1,Dark - Lighted,Clear,1,0,['Driver'],['None_Used'],1,1,Valid,0.0,0.0,45.0,45.0,['Male'],1,0,5,1,3,Dry,Curve,Level,Lowest,No
36300,53,Washington,530292,0,2,2,0,3,NOT APPLICABLE,June,27,Tuesday,14,57,Rural,High Speed (Arterial),Yes,46.35791389,-119.08604444,Complex/Circle,Daylight,Clear,Unknown,Unknown,Unknown EMS Scene Arrival Hour,Unknown EMS Scene Arrival Minutes,Unknown,Unknown EMS Hospital Arrival Time,2,Daylight,Clear,2,1,"['Driver', 'Front_Passenger']","['Shoulder_Lapbelt', 'Shoulder_Lapbelt']",0,0,Valid,0.0,0.0,73.0,20.0,"['Male', 'Male']",0,0,3,4,5,Dry,Straight,Level,Lowest,No
36301,53,Washington,530293,0,1,1,0,1,NOT APPLICABLE,June,27,Tuesday,14,0,Rural,Low Speed (Local),No,47.66130833,-118.31040833,Non-Intersection,Daylight,Clear,Unknown,Unknown,Unknown EMS Scene Arrival Hour,Unknown EMS Scene Arrival Minutes,Not Applicable (Not Transported),Not Applicable (Not Transported),1,Daylight,Clear,1,0,['Driver'],['None_Used'],0,0,Valid,0.0,0.0,62.0,62.0,['Male'],0,0,5,1,3,Dry,Straight,Level,Lowest,No
36302,53,Washington,530294,0,1,1,0,1,NOT APPLICABLE,June,14,Wednesday,23,39,Rural,Medium Speed (Collector),No,48.42181389,-122.6604,Non-Intersection,Dark - Not Lighted,Clear,Unknown,Unknown,Unknown EMS Scene Arrival Hour,Unknown EMS Scene Arrival Minutes,Not Applicable (Not Transported),Not Applicable (Not Transported),1,Dark - Unlighted,Clear,1,0,['Driver'],['None_Used'],1,1,Valid,0.0,0.0,46.0,46.0,['Male'],1,0,5,4,2,Dry,Curve,Grade/Hillcrest,Lowest,No
36303,53,Washington,530295,0,1,1,0,1,NOT APPLICABLE,June,16,Friday,22,58,Rural,Medium Speed (Collector),No,46.99624722,-122.2956,Non-Intersection,Dark - Not Lighted,Rain,Unknown,Unknown,Unknown EMS Scene Arrival Hour,Unknown EMS Scene Arrival Minutes,Unknown,Unknown EMS Hospital Arrival Time,1,Dark - Unlighted,Rain/Wind/Minor,1,0,['Driver'],['Shoulder_Lapbelt'],0,0,Valid,0.0,0.0,18.0,18.0,['Female'],0,0,2,4,3,Wet/Standing Water,Straight,Level,Lowest,No
36304,53,Washington,530296,0,1,1,0,1,NOT APPLICABLE,June,24,Saturday,1,15,Rural,High Speed (Arterial),Yes,47.33023333,-120.64700278,Non-Intersection,Dark - Not Lighted,Clear,Unknown,Unknown,Unknown EMS Scene Arrival Hour,Unknown EMS Scene Arrival Minutes,Not Applicable (Not Transported),Not Applicable (Not Transported),1,Dark - Unlighted,Clear,1,0,['Driver'],['None_Used'],0,0,Valid,0.0,3.0,57.0,57.0,['Female'],0,0,3,4,3,Dry,Curve,Grade/Hillcrest,Medium,No