,State_Code,State_Name,Crash_ID,Count_Non_Motorists,Count_Vehicles_Total,Count_Vehicle_Forms,Count_PVH_Involved,Count_Occupants_MV,City_Name,Month_Name,Day_of_Month,Day_of_Week,Crash_Hour,Crash_Minute,Area_Rural_Urban,Road_Functional_Class,On_NHS_Road,Latitude,Longitude,Intersection_Type,Light_Condition,Weather_Condition,Notif_Hour,Notif_Minute,Arrival_Hour,Arrival_Minute,Hospital_Hour,Hospital_Minute,Fatalities_Count,Clean_Light_Condition,Clean_Weather_Condition,Total_Killed,Total_Alive,Fatal_Seats_List,Killed_Restraint_List,Any_Driver_Drinking,Total_Drinking_Drivers,Driver_License_Category,Driver_Max_Prev_Accident_Count,Driver_Max_Prev_Speeding_Count,Max_Driver_Age,Min_Driver_Age,Driver_Sex_List,Total_Exceeding_Limit_Vehicles,Total_Too_Fast_Vehicles,Max_Vehicle_Type_Severity_5,Max_Vehicle_Damage_Rank,Max_Harmful_Event_Severity,Crash_Road_Surface_Condition,Crash_Horizontal_Alignment,Crash_Vertical_Profile,Crash_Impairment_Category,Crash_Vehicle_Defect
36305,53,Washington,530297,0,1,1,0,6,NOT APPLICABLE,June,23,Friday,23,10,Rural,Medium Speed (Collector),No,47.77496667,-118.69968333,Non-Intersection,Dark - Not Lighted,Clear,Unknown,Unknown,Unknown EMS Scene Arrival Hour,Unknown EMS Scene Arrival Minutes,Unknown,Unknown EMS Hospital Arrival Time,1,Dark - Unlighted,Clear,1,5,['Driver'],['Shoulder_Lapbelt'],1,1,Invalid,0.0,0.0,16.0,16.0,['Female'],6,0,3,4,3,Dry,Straight,Grade/Hillcrest,Lowest,No
36306,53,Washington,530298,0,1,1,0,1,NOT APPLICABLE,March,11,Saturday,15,1,Rural,Medium Speed (Collector),No,46.40410278,-120.70616111,Non-Intersection,Daylight,Clear,Unknown,Unknown,Unknown EMS Scene Arrival Hour,Unknown EMS Scene Arrival Minutes,Not Applicable (Not Transported),Not Applicable (Not Transported),1,Daylight,Clear,1,0,['Driver'],['None_Used'],1,1,Invalid,0.0,0.0,30.0,30.0,['Female'],1,0,3,4,3,Dry,Straight,Level,Lowest,No
36307,53,Washington,530299,1,1,1,0,1,SEATTLE,March,16,Thursday,22,42,Urban,High Speed (Arterial),No,47.57980278,-122.32909444,Complex/Circle,Dark - Lighted,Cloudy,Unknown,Unknown,Unknown EMS Scene Arrival Hour,Unknown EMS Scene Arrival Minutes,Not Applicable (Not Transported),Not Applicable (Not Transported),1,Dark - Lighted,Reduced Visibility,0,0,[],[],0,0,Invalid,0.0,0.0,999.0,999.0,['Other'],1,0,1,0,4,Dry,Straight,Level,Lowest,No
36308,53,Washington,530302,0,1,1,0,1,NOT APPLICABLE,May,4,Thursday,13,58,Urban,Medium Speed (Collector),No,47.52639444,-122.60968889,Non-Intersection,Daylight,Clear,Unknown,Unknown,Unknown EMS Scene Arrival Hour,Unknown EMS Scene Arrival Minutes,Unknown,Unknown EMS Hospital Arrival Time,1,Daylight,Clear,1,0,['Driver'],['Shoulder_Lapbelt'],1,1,Valid,0.0,0.0,65.0,65.0,['Male'],0,0,3,4,3,Dry,Straight,Grade/Hillcrest,Lowest,No
36309,53,Washington,530303,0,2,2,0,4,NOT APPLICABLE,May,20,Saturday,20,9,Urban,High Speed (Arterial),No,47.11045556,-122.29338889,Complex/Circle,Daylight,Clear,Unknown,Unknown,Unknown EMS Scene Arrival Hour,Unknown EMS Scene Arrival Minutes,Unknown,Unknown EMS Hospital Arrival Time,1,Daylight,Clear,1,3,['Rear_Seat'],['Shoulder_Lapbelt'],0,0,Valid,5.0,1.0,78.0,47.0,"['Male', 'Male']",1,0,3,4,5,Dry,Straight,Level,Lowest,No
36310,53,Washington,530304,1,1,1,0,1,SEATTLE,May,18,Thursday,23,53,Urban,Medium Speed (Collector),No,47.62326389,-122.35671944,Complex/Circle,Dark - Lighted,Clear,Unknown,Unknown,Unknown EMS Scene Arrival Hour,Unknown EMS Scene Arrival Minutes,Not Applicable (Not Transported),Not Applicable (Not Transported),1,Dark - Lighted,Clear,0,0,[],[],0,0,Invalid,0.0,0.0,999.0,999.0,['Other'],0,0,3,0,4,Dry,Straight,Level,Lowest,No
36311,53,Washington,530305,1,1,1,0,1,NOT APPLICABLE,March,17,Friday,5,2,Rural,Medium Speed (Collector),No,47.4378,-122.86396111,Non-Intersection,Dark - Not Lighted,Clear,Unknown,Unknown,Unknown EMS Scene Arrival Hour,Unknown EMS Scene Arrival Minutes,Not Applicable (Not Transported),Not Applicable (Not Transported),1,Dark - Unlighted,Clear,0,1,[],[],0,0,Valid,1.0,0.0,27.0,27.0,['Male'],0,0,2,1,4,Dry,Straight,Level,Lowest,No
36312,53,Washington,530306,0,2,2,0,3,VANCOUVER,June,29,Thursday,6,55,Urban,High Speed (Arterial),No,45.66299722,-122.5662,Non-Intersection,Dawn,Clear,Unknown,Unknown,Unknown EMS Scene Arrival Hour,Unknown EMS Scene Arrival Minutes,Not Applicable (Not Transported),Not Applicable (Not Transported),1,Twilight,Clear,1,2,['Driver'],['None_Used'],0,0,Valid,0.0,0.0,48.0,22.0,"['Male', 'Male']",1,0,5,4,5,Dry,Straight,Level,Lowest,No
36313,53,Washington,530307,0,2,2,0,2,NOT APPLICABLE,June,25,Sunday,18,20,Urban,Medium Speed (Collector),No,47.55322778,-122.54473056,Complex/Circle,Daylight,Clear,Unknown,Unknown,Unknown EMS Scene Arrival Hour,Unknown EMS Scene Arrival Minutes,Unknown,Unknown EMS Hospital Arrival Time,1,Daylight,Clear,1,1,['Driver'],['None_Used'],0,0,Valid,0.0,1.0,63.0,22.0,"['Male', 'Male']",1,0,5,4,5,Dry,Straight,Grade/Hillcrest,Lowest,No
36314,53,Washington,530308,0,2,2,0,3,NOT APPLICABLE,June,29,Thursday,5,35,Urban,High Speed (Arterial),Yes,47.11878333,-122.55729167,Complex/Circle,Daylight,Clear,Unknown,Unknown,Unknown EMS Scene Arrival Hour,Unknown EMS Scene Arrival Minutes,Unknown,Unknown EMS Hospital Arrival Time,1,Daylight,Clear,1,1,['Driver'],['None_Used'],0,0,Invalid,2.0,1.0,57.0,16.0,"['Male', 'Male']",0,0,4,4,5,Dry,Straight,Level,Lowest,No
36315,53,Washington,530309,0,1,1,0,4,MARYSVILLE,July,4,Tuesday,0,9,Urban,Medium Speed (Collector),No,48.11853333,-122.16906111,Non-Intersection,Dark - Lighted,Clear,Unknown,Unknown,Unknown EMS Scene Arrival Hour,Unknown EMS Scene Arrival Minutes,Unknown,Unknown EMS Hospital Arrival Time,1,Dark - Lighted,Clear,1,3,['Front_Passenger'],['Shoulder_Lapbelt'],0,0,Invalid,0.0,0.0,15.0,15.0,['Male'],4,0,3,4,3,Dry,Straight,Grade/Hillcrest,Lowest,No
36316,53,Washington,530310,0,2,2,0,2,NOT APPLICABLE,June,26,Monday,11,20,Rural,High Speed (Arterial),Yes,47.83140556,-117.41926667,Complex/Circle,Daylight,Clear,Unknown,Unknown,Unknown EMS Scene Arrival Hour,Unknown EMS Scene Arrival Minutes,Unknown,Unknown EMS Hospital Arrival Time,1,Daylight,Clear,1,1,['Driver'],['None_Used'],0,0,Valid,0.0,1.0,76.0,56.0,"['Male', 'Male']",0,0,5,4,5,Dry,Straight,Level,Lowest,No
36317,53,Washington,530311,1,1,1,0,1,NOT APPLICABLE,July,1,Saturday,21,36,Rural,Low Speed (Local),No,47.81998333,-117.41110278,Non-Intersection,Dusk,Clear,Unknown,Unknown,Unknown EMS Scene Arrival Hour,Unknown EMS Scene Arrival Minutes,Not Applicable (Not Transported),Not Applicable (Not Transported),1,Twilight,Clear,0,1,[],[],0,0,Valid,0.0,0.0,21.0,21.0,['Female'],0,0,3,4,4,Dry,Straight,Level,Lowest,No
36318,53,Washington,530312,0,1,1,0,1,NOT APPLICABLE,June,30,Friday,21,50,Rural,Medium Speed (Collector),No,46.87561389,-122.54175556,Non-Intersection,Dark - Not Lighted,Clear,Unknown,Unknown,Unknown EMS Scene Arrival Hour,Unknown EMS Scene Arrival Minutes,Not Applicable (Not Transported),Not Applicable (Not Transported),1,Dark - Unlighted,Clear,1,0,['Driver'],['None_Used'],0,0,Valid,1.0,2.0,58.0,58.0,['Male'],0,0,5,1,3,Dry,Straight,Level,Lowest,No
36319,53,Washington,530313,0,2,2,0,2,TACOMA,July,2,Sunday,23,53,Urban,High Speed (Arterial),No,47.23546944,-122.43868333,Non-Intersection,Dark - Lighted,Cloudy,Unknown,Unknown,Unknown EMS Scene Arrival Hour,Unknown EMS Scene Arrival Minutes,Not Applicable (Not Transported),Not Applicable (Not Transported),1,Dark - Lighted,Reduced Visibility,1,0,['Driver'],['Shoulder_Lapbelt'],1,1,Invalid,1.0,1.0,67.0,22.0,"['Female', 'Male']",0,0,3,4,5,Dry,Straight,Grade/Hillcrest,Lowest,No
36320,53,Washington,530314,0,2,2,0,4,NOT APPLICABLE,June,30,Friday,13,18,Rural,High Speed (Arterial),No,46.794425,-118.67596389,Non-Intersection,Daylight,Clear,Unknown,Unknown,Unknown EMS Scene Arrival Hour,Unknown EMS Scene Arrival Minutes,Unknown,Unknown EMS Hospital Arrival Time,3,Daylight,Clear,3,1,"['Driver', 'Front_Passenger', 'Front_Passenger']","['Shoulder_Lapbelt', 'Shoulder_Lapbelt', 'Shoulder_Lapbelt']",0,0,Valid,0.0,0.0,65.0,53.0,"['Male', 'Male']",0,0,3,4,5,Dry,Straight,Level,Lowest,Yes
36321,53,Washington,530315,0,2,1,1,1,LACEY,June,23,Friday,4,46,Urban,High Speed (Arterial),Yes,47.05733056,-122.80432778,Non-Intersection,Dawn,Clear,Unknown,Unknown,Unknown EMS Scene Arrival Hour,Unknown EMS Scene Arrival Minutes,Not Applicable (Not Transported),Not Applicable (Not Transported),1,Twilight,Clear,1,0,['Driver'],['Shoulder_Lapbelt'],0,0,Valid,0.0,0.0,36.0,36.0,['Male'],1,0,3,4,5,Dry,Straight,Level,Lowest,No
36322,53,Washington,530316,0,2,2,0,2,SPOKANE,June,30,Friday,16,53,Urban,High Speed (Arterial),No,47.71538889,-117.46903333,Complex/Circle,Daylight,Clear,Unknown,Unknown,Unknown EMS Scene Arrival Hour,Unknown EMS Scene Arrival Minutes,Not Applicable (Not Transported),Not Applicable (Not Transported),1,Daylight,Clear,1,1,['Driver'],['None_Used'],0,0,Valid,1.0,3.0,43.0,31.0,"['Male', 'Male']",1,0,5,4,5,Dry,Straight,Grade/Hillcrest,Lowest,No
36323,53,Washington,530317,0,1,1,0,1,NOT APPLICABLE,June,27,Tuesday,22,0,Rural,Medium Speed (Collector),No,47.69950556,-121.97893611,Non-Intersection,Dark - Not Lighted,Clear,Unknown,Unknown,Unknown EMS Scene Arrival Hour,Unknown EMS Scene Arrival Minutes,Not Applicable (Not Transported),Not Applicable (Not Transported),1,Dark - Unlighted,Clear,1,0,['Driver'],['None_Used'],1,1,Valid,0.0,0.0,48.0,48.0,['Male'],0,0,5,4,2,Dry,Curve,Level,Lowest,No
36324,53,Washington,530318,0,2,2,0,2,NOT APPLICABLE,June,28,Wednesday,13,30,Urban,High Speed (Arterial),No,47.20394167,-122.25993333,Non-Intersection,Daylight,Clear,Unknown,Unknown,Unknown EMS Scene Arrival Hour,Unknown EMS Scene Arrival Minutes,Not Applicable (Not Transported),Not Applicable (Not Transported),1,Daylight,Clear,1,1,['Driver'],['Shoulder_Lapbelt'],1,1,Valid,1.0,0.0,63.0,59.0,"['Male', 'Male']",0,0,4,4,5,Dry,Straight,Level,Lowest,No
36325,53,Washington,530319,0,1,1,0,1,NOT APPLICABLE,June,24,Saturday,11,42,Rural,High Speed (Arterial),Yes,46.94651389,-119.96086111,Non-Intersection,Daylight,Clear,Unknown,Unknown,Unknown EMS Scene Arrival Hour,Unknown EMS Scene Arrival Minutes,Not Applicable (Not Transported),Not Applicable (Not Transported),1,Daylight,Clear,1,0,['Driver'],['None_Used'],0,0,Valid,0.0,0.0,63.0,63.0,['Male'],1,0,5,4,3,Dry,Curve,Grade/Hillcrest,Lowest,No
36326,53,Washington,530320,0,1,1,0,1,NOT APPLICABLE,June,29,Thursday,15,39,Rural,High Speed (Arterial),No,47.32293333,-122.89956667,Non-Intersection,Daylight,Clear,Unknown,Unknown,Unknown EMS Scene Arrival Hour,Unknown EMS Scene Arrival Minutes,Not Applicable (Not Transported),Not Applicable (Not Transported),1,Daylight,Clear,1,0,['Driver'],['Shoulder_Lapbelt'],0,0,Valid,1.0,0.0,67.0,67.0,['Male'],0,0,2,4,3,Dry,Straight,Grade/Hillcrest,Lowest,No
36327,53,Washington,530322,1,1,1,0,1,NOT APPLICABLE,July,2,Sunday,0,30,Rural,Medium Speed (Collector),No,46.40460833,-120.44610556,Non-Intersection,Dark - Not Lighted,Clear,Unknown,Unknown,Unknown EMS Scene Arrival Hour,Unknown EMS Scene Arrival Minutes,Not Applicable (Not Transported),Not Applicable (Not Transported),1,Dark - Unlighted,Clear,0,0,[],[],0,0,Invalid,0.0,0.0,999.0,999.0,['Other'],0,0,2,1,4,Dry,Straight,Level,Lowest,No
36328,53,Washington,530323,0,4,4,0,4,NOT APPLICABLE,June,29,Thursday,13,4,Rural,Medium Speed (Collector),No,47.34605278,-121.99590278,Non-Intersection,Daylight,Clear,Unknown,Unknown,Unknown EMS Scene Arrival Hour,Unknown EMS Scene Arrival Minutes,Unknown,Unknown EMS Hospital Arrival Time,2,Daylight,Clear,2,2,"['Driver', 'Driver']","['None_Used', 'None_Used']",1,3,Valid,0.0,1.0,75.0,21.0,"['Male', 'Male', 'Male', 'Male']",0,0,5,4,5,Dry,Straight,Level,Lowest,No
36329,53,Washington,530324,0,2,2,0,2,BOTHELL,June,24,Saturday,16,21,Urban,Medium Speed (Collector),No,47.76039167,-122.17636944,Non-Intersection,Daylight,Clear,Unknown,Unknown,Unknown EMS Scene Arrival Hour,Unknown EMS Scene Arrival Minutes,Not Applicable (Not Transported),Not Applicable (Not Transported),1,Daylight,Clear,1,1,['Driver'],['None_Used'],0,0,Valid,0.0,1.0,82.0,22.0,"['Female', 'Male']",0,0,5,1,5,Dry,Straight,Level,Lowest,No
36330,53,Washington,530325,0,2,2,0,2,BREMERTON,July,7,Friday,19,50,Urban,High Speed (Arterial),No,47.50394444,-122.752175,Complex/Circle,Daylight,Clear,Unknown,Unknown,Unknown EMS Scene Arrival Hour,Unknown EMS Scene Arrival Minutes,Not Applicable (Not Transported),Not Applicable (Not Transported),1,Daylight,Clear,1,1,['Driver'],['None_Used'],1,1,Valid,0.0,1.0,49.0,41.0,"['Male', 'Female']",1,0,5,4,5,Dry,Curve,Level,Lowest,No
36331,53,Washington,530326,0,1,1,0,1,NOT APPLICABLE,July,8,Saturday,2,54,Urban,Medium Speed (Collector),No,47.18086111,-122.37418333,Non-Intersection,Dark - Not Lighted,Clear,Unknown,Unknown,Unknown EMS Scene Arrival Hour,Unknown EMS Scene Arrival Minutes,Not Applicable (Not Transported),Not Applicable (Not Transported),1,Dark - Unlighted,Clear,1,0,['Driver'],['None_Used'],1,1,Invalid,0.0,0.0,65.0,65.0,['Male'],0,0,2,4,3,Dry,Straight,Grade/Hillcrest,Lowest,No
36332,53,Washington,530327,0,2,2,0,4,FEDERAL WAY,July,9,Sunday,3,40,Urban,High Speed (Arterial),Yes,47.28650556,-122.30740278,Non-Intersection,Dark - Lighted,Clear,Unknown,Unknown,Unknown EMS Scene Arrival Hour,Unknown EMS Scene Arrival Minutes,Not Applicable (Not Transported),Not Applicable (Not Transported),3,Dark - Lighted,Clear,3,1,"['Driver', 'Front_Passenger', 'Rear_Seat']","['None_Used', 'None_Used', 'None_Used']",1,1,Valid,1.0,1.0,31.0,25.0,"['Male', 'Male']",3,0,4,4,5,Dry,Straight,Level,Lowest,No
36333,53,Washington,530328,1,1,1,0,1,SPOKANE,July,11,Tuesday,17,4,Urban,Medium Speed (Collector),No,47.65068056,-117.37519167,Complex/Circle,Daylight,Clear,Unknown,Unknown,Unknown EMS Scene Arrival Hour,Unknown EMS Scene Arrival Minutes,Unknown,Unknown EMS Hospital Arrival Time,1,Daylight,Clear,0,1,[],[],0,0,Invalid,0.0,0.0,33.0,33.0,['Male'],0,0,3,1,4,Dry,Straight,Level,Lowest,No
36334,53,Washington,530329,1,3,1,2,3,KENT,July,11,Tuesday,18,58,Urban,Medium Speed (Collector),No,47.39686944,-122.16538333,Non-Intersection,Daylight,Clear,Unknown,Unknown,Unknown EMS Scene Arrival Hour,Unknown EMS Scene Arrival Minutes,Unknown,Unknown EMS Hospital Arrival Time,1,Daylight,Clear,0,3,[],[],1,1,Valid,0.0,0.0,19.0,19.0,['Male'],3,0,3,4,4,Dry,Straight,Grade/Hillcrest,Lowest,No
36335,53,Washington,530330,0,1,1,0,1,NOT APPLICABLE,July,8,Saturday,20,36,Rural,Medium Speed (Collector),No,47.43649167,-122.57611944,Non-Intersection,Daylight,Clear,Unknown,Unknown,Unknown EMS Scene Arrival Hour,Unknown EMS Scene Arrival Minutes,Not Applicable (Not Transported),Not Applicable (Not Transported),1,Daylight,Clear,1,0,['Driver'],['None_Used'],0,0,Invalid,0.0,0.0,35.0,35.0,['Male'],1,0,5,4,3,Dry,Curve,Level,Lowest,No
36336,53,Washington,530332,0,3,3,0,10,LAKEWOOD,July,13,Thursday,20,11,Urban,High Speed (Arterial),No,47.16033056,-122.52058333,Simple Junction,Daylight,Clear,Unknown,Unknown,Unknown EMS Scene Arrival Hour,Unknown EMS Scene Arrival Minutes,Unknown,Unknown EMS Hospital Arrival Time,3,Daylight,Clear,3,7,"['Rear_Seat', 'Driver', 'Front_Passenger']","['None_Used', 'Shoulder_Lapbelt', 'Shoulder_Lapbelt']",1,1,Invalid,1.0,1.0,92.0,22.0,"['Male', 'Male', 'Female']",0,0,3,4,5,Dry,Straight,Level,Lowest,No
36337,53,Washington,530333,0,2,2,0,3,NOT APPLICABLE,July,7,Friday,16,41,Rural,High Speed (Arterial),Yes,48.03416389,-122.87023056,Non-Intersection,Daylight,Clear,Unknown,Unknown,Unknown EMS Scene Arrival Hour,Unknown EMS Scene Arrival Minutes,Unknown,Unknown EMS Hospital Arrival Time,2,Daylight,Clear,2,1,"['Driver', 'Front_Passenger']","['None_Used', 'None_Used']",0,0,Valid,0.0,0.0,66.0,33.0,"['Female', 'Female']",2,0,3,4,5,Dry,Straight,Level,Lowest,No
36338,53,Washington,530335,0,1,1,0,1,NOT APPLICABLE,February,6,Monday,8,24,Rural,Medium Speed (Collector),Yes,47.70722222,-120.21524722,Non-Intersection,Daylight,Clear,Unknown,Unknown,Unknown EMS Scene Arrival Hour,Unknown EMS Scene Arrival Minutes,Unknown,Unknown EMS Hospital Arrival Time,1,Daylight,Clear,1,0,['Driver'],['None_Used'],0,0,Valid,0.0,0.0,83.0,83.0,['Male'],0,0,3,4,2,Dry,Straight,Level,Lowest,No
36339,53,Washington,530336,0,2,2,0,2,SPOKANE VALLEY,July,15,Saturday,22,24,Urban,High Speed (Arterial),No,47.64984444,-117.23984444,Complex/Circle,Dark - Lighted,Clear,Unknown,Unknown,Unknown EMS Scene Arrival Hour,Unknown EMS Scene Arrival Minutes,Unknown,Unknown EMS Hospital Arrival Time,1,Dark - Lighted,Clear,1,1,['Driver'],['None_Used'],0,0,Valid,0.0,2.0,69.0,20.0,"['Male', 'Female']",1,0,5,4,5,Dry,Straight,Level,Lowest,No
36340,53,Washington,530337,0,2,2,0,3,NOT APPLICABLE,July,14,Friday,12,3,Urban,Medium Speed (Collector),No,47.08215,-122.39106111,Simple Junction,Daylight,Clear,Unknown,Unknown,Unknown EMS Scene Arrival Hour,Unknown EMS Scene Arrival Minutes,Unknown,Unknown EMS Hospital Arrival Time,1,Daylight,Clear,1,2,['Driver'],['None_Used'],0,0,Valid,0.0,0.0,50.0,42.0,"['Male', 'Female']",0,0,5,4,5,Dry,Straight,Grade/Hillcrest,Lowest,No
36341,53,Washington,530338,0,1,1,0,1,NOT APPLICABLE,July,9,Sunday,21,35,Rural,Medium Speed (Collector),No,47.42974167,-122.88751944,Non-Intersection,Dusk,Clear,Unknown,Unknown,Unknown EMS Scene Arrival Hour,Unknown EMS Scene Arrival Minutes,Not Applicable (Not Transported),Not Applicable (Not Transported),1,Twilight,Clear,1,0,['Driver'],['None_Used'],1,1,Valid,0.0,0.0,66.0,66.0,['Other'],0,0,3,4,3,Dry,Curve,Level,Lowest,No
36342,53,Washington,530339,0,4,4,0,7,NOT APPLICABLE,July,12,Wednesday,12,54,Urban,High Speed (Arterial),Yes,47.04240833,-122.97785278,Non-Intersection,Daylight,Clear,Unknown,Unknown,Unknown EMS Scene Arrival Hour,Unknown EMS Scene Arrival Minutes,Unknown,Unknown EMS Hospital Arrival Time,1,Daylight,Clear,1,6,['Driver'],['None_Used'],0,0,Valid,0.0,0.0,46.0,41.0,"['Male', 'Male', 'Male', 'Male']",0,0,5,4,5,Dry,Straight,Level,Lowest,No
36343,53,Washington,530340,0,1,1,0,2,EVERETT,July,5,Wednesday,7,17,Urban,High Speed (Arterial),No,47.90408056,-122.24449167,Complex/Circle,Daylight,Clear,Unknown,Unknown,Unknown EMS Scene Arrival Hour,Unknown EMS Scene Arrival Minutes,Not Applicable (Not Transported),Not Applicable (Not Transported),1,Daylight,Clear,1,1,['Front_Passenger'],['None_Used'],0,0,Valid,1.0,1.0,35.0,35.0,['Male'],2,0,3,1,3,Dry,Straight,Level,Lowest,No
36344,53,Washington,530341,0,1,1,0,2,NOT APPLICABLE,July,23,Sunday,21,45,Urban,Medium Speed (Collector),No,47.1558,-122.05924167,Non-Intersection,Dark - Not Lighted,Clear,Unknown,Unknown,Unknown EMS Scene Arrival Hour,Unknown EMS Scene Arrival Minutes,Not Applicable (Not Transported),Not Applicable (Not Transported),1,Dark - Unlighted,Clear,1,1,['Front_Passenger'],['None_Used'],0,0,Valid,0.0,0.0,18.0,18.0,['Male'],0,0,3,4,3,Dry,Straight,Level,Lowest,No
36345,53,Washington,530342,0,1,1,0,1,NOT APPLICABLE,July,18,Tuesday,23,0,Rural,Medium Speed (Collector),No,48.11816667,-121.9358,Non-Intersection,Reported as Unknown,Other,Unknown,Unknown,Unknown EMS Scene Arrival Hour,Unknown EMS Scene Arrival Minutes,Not Applicable (Not Transported),Not Applicable (Not Transported),1,Dark - Unlighted,Reduced Visibility,1,0,['Driver'],['Shoulder_Lapbelt'],1,1,Valid,0.0,0.0,23.0,23.0,['Male'],0,0,2,4,3,Dry,Straight,Level,Lowest,No
36346,53,Washington,530343,1,1,1,0,1,RICHLAND,March,15,Wednesday,3,50,Urban,Low Speed (Local),No,46.33831111,-119.28322222,Non-Intersection,Dark - Unknown Lighting,Clear,Unknown,Unknown,Unknown EMS Scene Arrival Hour,Unknown EMS Scene Arrival Minutes,Not Applicable (Not Transported),Not Applicable (Not Transported),1,Dark - Unlighted,Clear,0,1,[],[],1,1,Valid,0.0,0.0,64.0,64.0,['Male'],0,0,3,1,4,Dry,Straight,Level,Lowest,No
36347,53,Washington,530344,0,1,1,0,1,RICHLAND,July,14,Friday,2,7,Urban,High Speed (Arterial),No,46.23771389,-119.24278889,Non-Intersection,Dark - Not Lighted,Clear,Unknown,Unknown,Unknown EMS Scene Arrival Hour,Unknown EMS Scene Arrival Minutes,Not Applicable (Not Transported),Not Applicable (Not Transported),1,Dark - Unlighted,Clear,1,0,['Driver'],['None_Used'],1,1,Valid,0.0,1.0,30.0,30.0,['Male'],1,0,5,4,3,Dry,Curve,Grade/Hillcrest,Lowest,No
36348,53,Washington,530345,0,2,2,0,9,TACOMA,July,16,Sunday,11,17,Urban,High Speed (Arterial),No,47.24733056,-122.373025,Complex/Circle,Daylight,Clear,Unknown,Unknown,Unknown EMS Scene Arrival Hour,Unknown EMS Scene Arrival Minutes,Unknown,Unknown EMS Hospital Arrival Time,6,Daylight,Clear,6,3,"['Driver', 'Front_Passenger', 'Front_Passenger', 'Front_Passenger', 'Front_Passenger', 'Front_Passenger']","['Shoulder_Lapbelt', 'Shoulder_Lapbelt', 'Shoulder_Lapbelt', 'Shoulder_Lapbelt', 'Shoulder_Lapbelt', 'Shoulder_Lapbelt']",0,0,Valid,0.0,0.0,42.0,19.0,"['Female', 'Male']",0,0,3,4,5,Dry,Straight,Level,Lowest,No
36349,53,Washington,530346,0,1,1,0,2,LAKE STEVENS,July,21,Friday,2,20,Urban,Medium Speed (Collector),No,48.03025556,-122.07864444,Complex/Circle,Dark - Lighted,Clear,Unknown,Unknown,Unknown EMS Scene Arrival Hour,Unknown EMS Scene Arrival Minutes,Unknown,Unknown EMS Hospital Arrival Time,1,Dark - Lighted,Clear,1,1,['Driver'],['None_Used'],0,0,Invalid,0.0,1.0,44.0,44.0,['Male'],2,0,5,1,2,Dry,Straight,Grade/Hillcrest,Lowest,No
36350,53,Washington,530347,0,2,2,0,2,NOT APPLICABLE,July,18,Tuesday,22,29,Urban,High Speed (Arterial),Yes,47.64297778,-117.61739167,Complex/Circle,Dark - Lighted,Clear,Unknown,Unknown,Unknown EMS Scene Arrival Hour,Unknown EMS Scene Arrival Minutes,Not Applicable (Not Transported),Not Applicable (Not Transported),1,Dark - Lighted,Clear,1,1,['Driver'],['None_Used'],1,1,Valid,0.0,7.0,47.0,41.0,"['Male', 'Male']",1,0,5,4,5,Dry,Curve,Level,Lowest,No
36351,53,Washington,530348,1,3,3,0,4,EVERETT,June,21,Wednesday,4,37,Urban,High Speed (Arterial),No,47.90565,-122.24327222,Non-Intersection,Dark - Lighted,Clear,Unknown,Unknown,Unknown EMS Scene Arrival Hour,Unknown EMS Scene Arrival Minutes,Not Applicable (Not Transported),Not Applicable (Not Transported),1,Dark - Lighted,Clear,0,4,[],[],0,0,Invalid,0.0,0.0,76.0,41.0,"['Female', 'Female', 'Male']",0,0,3,1,4,Dry,Straight,Level,Lowest,No
36352,53,Washington,530349,0,2,2,0,3,NOT APPLICABLE,July,15,Saturday,23,51,Rural,High Speed (Arterial),Yes,47.50964722,-121.879975,Non-Intersection,Dark - Not Lighted,Clear,Unknown,Unknown,Unknown EMS Scene Arrival Hour,Unknown EMS Scene Arrival Minutes,Unknown,Unknown EMS Hospital Arrival Time,1,Dark - Unlighted,Clear,1,2,['Driver'],['None_Used'],1,1,Valid,0.0,2.0,30.0,23.0,"['Male', 'Female']",0,0,5,4,5,Dry,Straight,Level,Lowest,No
36353,53,Washington,530350,0,4,1,3,1,BURLINGTON,July,20,Thursday,17,47,Urban,Medium Speed (Collector),No,48.45214167,-122.34510833,Complex/Circle,Daylight,Clear,Unknown,Unknown,Unknown EMS Scene Arrival Hour,Unknown EMS Scene Arrival Minutes,Not Applicable (Not Transported),Not Applicable (Not Transported),1,Daylight,Clear,1,0,['Driver'],['Shoulder_Lapbelt'],0,0,Valid,0.0,0.0,67.0,67.0,['Male'],1,0,3,4,2,Dry,Straight,Level,Lowest,No