,State_Code,State_Name,Crash_ID,Count_Non_Motorists,Count_Vehicles_Total,Count_Vehicle_Forms,Count_PVH_Involved,Count_Occupants_MV,City_Name,Month_Name,Day_of_Month,Day_of_Week,Crash_Hour,Crash_Minute,Area_Rural_Urban,Road_Functional_Class,On_NHS_Road,Latitude,Longitude,Intersection_Type,Light_Condition,Weather_Condition,Notif_Hour,Notif_Minute,Arrival_Hour,Arrival_Minute,Hospital_Hour,Hospital_Minute,Fatalities_Count,Clean_Light_Condition,Clean_Weather_Condition,Total_Killed,Total_Alive,Fatal_Seats_List,Killed_Restraint_List,Any_Driver_Drinking,Total_Drinking_Drivers,Driver_License_Category,Driver_Max_Prev_Accident_Count,Driver_Max_Prev_Speeding_Count,Max_Driver_Age,Min_Driver_Age,Driver_Sex_List,Total_Exceeding_Limit_Vehicles,Total_Too_Fast_Vehicles,Max_Vehicle_Type_Severity_5,Max_Vehicle_Damage_Rank,Max_Harmful_Event_Severity,Crash_Road_Surface_Condition,Crash_Horizontal_Alignment,Crash_Vertical_Profile,Crash_Impairment_Category,Crash_Vehicle_Defect
36354,53,Washington,530351,0,2,2,0,2,NOT APPLICABLE,July,19,Wednesday,11,55,Rural,High Speed (Arterial),Yes,46.13434722,-118.17375278,Non-Intersection,Daylight,Clear,Unknown,Unknown,Unknown EMS Scene Arrival Hour,Unknown EMS Scene Arrival Minutes,Not Applicable (Not Transported),Not Applicable (Not Transported),1,Daylight,Clear,1,1,['Driver'],['None_Used'],0,0,Valid,0.0,1.0,46.0,33.0,"['Male', 'Female']",0,0,5,4,5,Dry,Straight,Level,Lowest,No
36355,53,Washington,530352,0,2,2,0,4,NOT APPLICABLE,July,15,Saturday,23,20,Rural,High Speed (Arterial),No,46.83845556,-119.41203333,Simple Junction,Dark - Not Lighted,Clear,Unknown,Unknown,Unknown EMS Scene Arrival Hour,Unknown EMS Scene Arrival Minutes,Unknown,Unknown EMS Hospital Arrival Time,3,Dark - Unlighted,Clear,3,1,"['Driver', 'Front_Passenger', 'Rear_Seat']","['Shoulder_Lapbelt', 'Shoulder_Lapbelt', 'None_Used']",1,2,Valid,0.0,0.0,78.0,30.0,"['Male', 'Male']",0,0,3,4,5,Dry,Straight,Level,Lowest,No
36356,53,Washington,530353,0,2,2,0,2,SEATTLE,July,25,Tuesday,20,52,Urban,High Speed (Arterial),Yes,47.61041944,-122.33139722,Non-Intersection,Dark - Lighted,Clear,Unknown,Unknown,Unknown EMS Scene Arrival Hour,Unknown EMS Scene Arrival Minutes,Unknown,Unknown EMS Hospital Arrival Time,1,Dark - Lighted,Clear,1,1,['Driver'],['None_Used'],0,0,Valid,0.0,0.0,47.0,35.0,"['Male', 'Male']",1,0,5,4,5,Dry,Curve,Grade/Hillcrest,Lowest,No
36357,53,Washington,530354,0,2,2,0,2,TACOMA,July,28,Friday,19,33,Urban,High Speed (Arterial),No,47.22965278,-122.47357222,Complex/Circle,Daylight,Clear,Unknown,Unknown,Unknown EMS Scene Arrival Hour,Unknown EMS Scene Arrival Minutes,Unknown,Unknown EMS Hospital Arrival Time,1,Daylight,Clear,1,1,['Driver'],['None_Used'],1,1,Valid,1.0,0.0,69.0,66.0,"['Female', 'Male']",0,0,5,4,5,Dry,Straight,Level,Lowest,No
36358,53,Washington,530356,0,1,1,0,3,NOT APPLICABLE,July,16,Sunday,16,32,Rural,Medium Speed (Collector),No,46.21460278,-119.93109167,Non-Intersection,Daylight,Clear,Unknown,Unknown,Unknown EMS Scene Arrival Hour,Unknown EMS Scene Arrival Minutes,Unknown,Unknown EMS Hospital Arrival Time,2,Daylight,Clear,2,1,"['Front_Passenger', 'Rear_Seat']","['Shoulder_Lapbelt', 'None_Used']",0,0,Invalid,0.0,0.0,20.0,20.0,['Male'],0,0,3,4,3,Dry,Straight,Level,Lowest,No
36359,53,Washington,530357,1,1,1,0,1,LAKE FOREST PARK,July,31,Monday,20,25,Urban,High Speed (Arterial),No,47.76651389,-122.29746111,Simple Junction,Daylight,Clear,Unknown,Unknown,Unknown EMS Scene Arrival Hour,Unknown EMS Scene Arrival Minutes,Not Applicable (Not Transported),Not Applicable (Not Transported),1,Daylight,Clear,0,1,[],[],0,0,Valid,0.0,0.0,43.0,43.0,['Male'],0,0,3,4,4,Dry,Straight,Grade/Hillcrest,Lowest,No
36360,53,Washington,530358,0,1,1,0,1,NOT APPLICABLE,July,14,Friday,23,18,Rural,Medium Speed (Collector),No,48.07605833,-122.506675,Non-Intersection,Dark - Not Lighted,Clear,Unknown,Unknown,Unknown EMS Scene Arrival Hour,Unknown EMS Scene Arrival Minutes,Not Applicable (Not Transported),Not Applicable (Not Transported),1,Dark - Unlighted,Clear,1,0,['Driver'],['None_Used'],1,1,Valid,0.0,0.0,47.0,47.0,['Male'],0,0,3,4,3,Dry,Straight,Level,Lowest,No
36361,53,Washington,530359,0,2,2,0,2,NOT APPLICABLE,August,2,Wednesday,6,4,Rural,High Speed (Arterial),Yes,47.98279167,-117.34957778,Non-Intersection,Daylight,Clear,Unknown,Unknown,Unknown EMS Scene Arrival Hour,Unknown EMS Scene Arrival Minutes,Unknown,Unknown EMS Hospital Arrival Time,1,Daylight,Clear,1,1,['Driver'],['Shoulder_Lapbelt'],0,0,Valid,0.0,0.0,43.0,33.0,"['Male', 'Female']",0,0,3,4,5,Dry,Straight,Level,Lowest,No
36362,53,Washington,530360,0,2,2,0,3,NOT APPLICABLE,August,2,Wednesday,8,46,Rural,High Speed (Arterial),Yes,46.74769722,-117.23471111,Non-Intersection,Daylight,Clear,Unknown,Unknown,Unknown EMS Scene Arrival Hour,Unknown EMS Scene Arrival Minutes,Not Applicable (Not Transported),Not Applicable (Not Transported),1,Daylight,Clear,1,2,['Driver'],['Shoulder_Lapbelt'],0,0,Valid,1.0,1.0,51.0,28.0,"['Female', 'Male']",0,0,4,4,5,Dry,Curve,Grade/Hillcrest,Lowest,No
36363,53,Washington,530361,1,1,1,0,1,SPOKANE,June,16,Friday,19,41,Urban,Medium Speed (Collector),No,47.65793333,-117.42211111,Complex/Circle,Daylight,Cloudy,Unknown,Unknown,Unknown EMS Scene Arrival Hour,Unknown EMS Scene Arrival Minutes,Unknown,Unknown EMS Hospital Arrival Time,1,Daylight,Reduced Visibility,0,1,[],[],1,1,Valid,0.0,0.0,32.0,32.0,['Other'],0,0,2,4,4,Dry,Straight,Level,Lowest,No
36364,53,Washington,530362,0,1,1,0,2,FEDERAL WAY,June,17,Saturday,0,18,Urban,Medium Speed (Collector),No,47.35166667,-122.29651667,Simple Junction,Dark - Lighted,Cloudy,Unknown,Unknown,Unknown EMS Scene Arrival Hour,Unknown EMS Scene Arrival Minutes,Unknown,Unknown EMS Hospital Arrival Time,1,Dark - Lighted,Reduced Visibility,1,1,['Front_Passenger'],['None_Used'],1,1,Valid,0.0,1.0,22.0,22.0,['Other'],2,0,3,1,3,Wet/Standing Water,Straight,Level,Lowest,No
36365,53,Washington,530363,0,2,2,0,2,NOT APPLICABLE,July,15,Saturday,3,45,Urban,Medium Speed (Collector),Yes,46.38376944,-120.34659444,Non-Intersection,Dark - Unknown Lighting,Clear,Unknown,Unknown,Unknown EMS Scene Arrival Hour,Unknown EMS Scene Arrival Minutes,Not Applicable (Not Transported),Not Applicable (Not Transported),1,Dark - Unlighted,Clear,1,1,['Driver'],['Shoulder_Lapbelt'],1,1,Invalid,0.0,0.0,70.0,34.0,"['Male', 'Male']",1,0,3,4,5,Dry,Straight,Level,Lowest,No
36366,53,Washington,530364,1,1,1,0,2,NOT APPLICABLE,July,17,Monday,7,9,Rural,Low Speed (Local),No,48.32564722,-122.37892778,Non-Intersection,Daylight,Clear,Unknown,Unknown,Unknown EMS Scene Arrival Hour,Unknown EMS Scene Arrival Minutes,Not Applicable (Not Transported),Not Applicable (Not Transported),1,Daylight,Clear,0,2,[],[],0,0,Valid,0.0,0.0,61.0,61.0,['Male'],0,0,1,1,4,Dry,Straight,Level,Lowest,No
36367,53,Washington,530365,0,1,1,0,1,REDMOND,July,15,Saturday,1,47,Urban,Medium Speed (Collector),No,47.64051944,-122.10095278,Non-Intersection,Dark - Not Lighted,Clear,Unknown,Unknown,Unknown EMS Scene Arrival Hour,Unknown EMS Scene Arrival Minutes,Not Applicable (Not Transported),Not Applicable (Not Transported),1,Dark - Unlighted,Clear,1,0,['Driver'],['Shoulder_Lapbelt'],0,0,Valid,0.0,0.0,17.0,17.0,['Male'],1,0,2,4,3,Dry,Straight,Level,Lowest,No
36368,53,Washington,530366,0,2,2,0,6,NOT APPLICABLE,April,15,Saturday,10,54,Rural,Medium Speed (Collector),No,47.32995556,-119.60141667,Complex/Circle,Daylight,Clear,Unknown,Unknown,Unknown EMS Scene Arrival Hour,Unknown EMS Scene Arrival Minutes,Unknown,Unknown EMS Hospital Arrival Time,2,Daylight,Clear,2,4,"['Front_Passenger', 'Rear_Seat']","['Shoulder_Lapbelt', 'None_Used']",0,0,Valid,1.0,1.0,49.0,18.0,"['Male', 'Male']",4,0,3,4,5,Dry,Straight,Grade/Hillcrest,Lowest,No
36369,53,Washington,530367,0,1,1,0,1,TACOMA,August,5,Saturday,20,55,Urban,Medium Speed (Collector),No,47.22319722,-122.49335556,Simple Junction,Dusk,Clear,Unknown,Unknown,Unknown EMS Scene Arrival Hour,Unknown EMS Scene Arrival Minutes,Not Applicable (Not Transported),Not Applicable (Not Transported),1,Twilight,Clear,1,0,['Driver'],['None_Used'],1,1,Valid,0.0,0.0,35.0,35.0,['Male'],1,0,5,1,3,Dry,Straight,Level,Lowest,No
36370,53,Washington,530368,0,2,2,0,3,MOSES LAKE,July,31,Monday,11,22,Urban,High Speed (Arterial),No,47.12090556,-119.29313611,Non-Intersection,Daylight,Clear,Unknown,Unknown,Unknown EMS Scene Arrival Hour,Unknown EMS Scene Arrival Minutes,Unknown,Unknown EMS Hospital Arrival Time,1,Daylight,Clear,1,2,['Driver'],['None_Used'],1,1,Valid,1.0,1.0,65.0,30.0,"['Male', 'Female']",1,0,5,4,5,Dry,Straight,Level,Lowest,No
36371,53,Washington,530369,0,1,1,0,3,NOT APPLICABLE,August,5,Saturday,23,59,Urban,Medium Speed (Collector),No,47.16532222,-122.4421,Non-Intersection,Dark - Lighted,Rain,Unknown,Unknown,Unknown EMS Scene Arrival Hour,Unknown EMS Scene Arrival Minutes,Unknown,Unknown EMS Hospital Arrival Time,1,Dark - Lighted,Rain/Wind/Minor,1,0,['Rear_Seat'],['None_Used'],0,0,Invalid,0.0,4.0,21.0,21.0,['Male'],0,0,3,1,3,Wet/Standing Water,Curve,Grade/Hillcrest,Lowest,No
36372,53,Washington,530370,0,4,1,3,1,RENTON,August,5,Saturday,0,28,Urban,High Speed (Arterial),No,47.44567222,-122.17430833,Non-Intersection,Dark - Lighted,Clear,Unknown,Unknown,Unknown EMS Scene Arrival Hour,Unknown EMS Scene Arrival Minutes,Not Applicable (Not Transported),Not Applicable (Not Transported),1,Dark - Lighted,Clear,1,0,['Driver'],['Shoulder_Lapbelt'],0,0,Valid,1.0,1.0,999.0,999.0,['Male'],1,0,2,4,3,Dry,Curve,Grade/Hillcrest,Lowest,No
36373,53,Washington,530371,0,2,2,0,3,LAKE STEVENS,August,3,Thursday,18,3,Urban,High Speed (Arterial),No,47.99787778,-122.10552222,Complex/Circle,Daylight,Clear,Unknown,Unknown,Unknown EMS Scene Arrival Hour,Unknown EMS Scene Arrival Minutes,Unknown,Unknown EMS Hospital Arrival Time,1,Daylight,Clear,1,2,['Driver'],['Shoulder_Lapbelt'],0,0,Valid,0.0,2.0,83.0,22.0,"['Male', 'Female']",2,0,3,4,5,Dry,Straight,Level,Lowest,No
36374,53,Washington,530372,0,1,1,0,1,NOT APPLICABLE,August,1,Tuesday,19,14,Rural,Low Speed (Local),No,48.53420278,-120.19019444,Non-Intersection,Daylight,Clear,Unknown,Unknown,Unknown EMS Scene Arrival Hour,Unknown EMS Scene Arrival Minutes,Not Applicable (Not Transported),Not Applicable (Not Transported),1,Daylight,Clear,1,0,['Driver'],['None_Used'],0,0,Valid,1.0,0.0,64.0,64.0,['Male'],0,0,5,4,2,Dry,Straight,Level,Lowest,No
36375,53,Washington,530373,0,2,2,0,2,NOT APPLICABLE,July,28,Friday,13,23,Rural,Medium Speed (Collector),No,46.44933333,-122.85553056,Complex/Circle,Daylight,Clear,Unknown,Unknown,Unknown EMS Scene Arrival Hour,Unknown EMS Scene Arrival Minutes,Unknown,Unknown EMS Hospital Arrival Time,1,Daylight,Clear,1,1,['Driver'],['None_Used'],1,1,Valid,0.0,1.0,63.0,31.0,"['Male', 'Female']",0,0,5,4,5,Dry,Straight,Grade/Hillcrest,Lowest,No
36376,53,Washington,530374,0,2,2,0,4,NOT APPLICABLE,August,2,Wednesday,16,36,Urban,Medium Speed (Collector),No,47.26002778,-122.29228889,Non-Intersection,Daylight,Clear,Unknown,Unknown,Unknown EMS Scene Arrival Hour,Unknown EMS Scene Arrival Minutes,Unknown,Unknown EMS Hospital Arrival Time,1,Daylight,Clear,1,3,['Driver'],['None_Used'],1,1,Valid,0.0,0.0,48.0,46.0,"['Male', 'Female']",0,0,2,4,5,Dry,Straight,Grade/Hillcrest,Lowest,Yes
36377,53,Washington,530375,0,2,2,0,2,TACOMA,August,3,Thursday,12,51,Urban,Medium Speed (Collector),No,47.22473611,-122.42079167,Complex/Circle,Daylight,Clear,Unknown,Unknown,Unknown EMS Scene Arrival Hour,Unknown EMS Scene Arrival Minutes,Unknown,Unknown EMS Hospital Arrival Time,1,Daylight,Clear,1,1,['Driver'],['None_Used'],0,0,Valid,0.0,1.0,43.0,39.0,"['Male', 'Male']",0,0,5,4,5,Dry,Straight,Level,Lowest,No
36378,53,Washington,530376,1,1,1,0,1,KENT,March,11,Saturday,21,8,Rural,Low Speed (Local),No,47.38521944,-122.20246111,Non-Intersection,Dark - Lighted,Clear,Unknown,Unknown,Unknown EMS Scene Arrival Hour,Unknown EMS Scene Arrival Minutes,Not Applicable (Not Transported),Not Applicable (Not Transported),1,Dark - Lighted,Clear,0,1,[],[],0,0,Invalid,0.0,0.0,999.0,999.0,['Other'],0,0,1,4,4,Dry,Straight,Grade/Hillcrest,Lowest,No
36379,53,Washington,530378,1,1,1,0,1,VANCOUVER,August,3,Thursday,18,38,Urban,High Speed (Arterial),No,45.64053611,-122.69258889,Complex/Circle,Daylight,Clear,Unknown,Unknown,Unknown EMS Scene Arrival Hour,Unknown EMS Scene Arrival Minutes,Unknown,Unknown EMS Hospital Arrival Time,1,Daylight,Clear,0,1,[],[],1,1,Valid,0.0,1.0,52.0,52.0,['Female'],1,0,2,4,3,Dry,Straight,Level,Lowest,No
36380,53,Washington,530379,0,1,1,0,1,NOT APPLICABLE,July,30,Sunday,18,53,Rural,Medium Speed (Collector),No,48.97016111,-122.20760278,Non-Intersection,Daylight,Clear,Unknown,Unknown,Unknown EMS Scene Arrival Hour,Unknown EMS Scene Arrival Minutes,Not Applicable (Not Transported),Not Applicable (Not Transported),1,Daylight,Clear,1,0,['Driver'],['None_Used'],1,1,Valid,0.0,0.0,63.0,63.0,['Male'],0,0,3,4,3,Dry,Curve,Level,Lowest,No
36381,53,Washington,530380,0,1,1,0,1,NOT APPLICABLE,April,8,Saturday,16,19,Rural,Low Speed (Local),No,48.0397,-117.21104444,Non-Intersection,Daylight,Clear,Unknown,Unknown,Unknown EMS Scene Arrival Hour,Unknown EMS Scene Arrival Minutes,Unknown,Unknown EMS Hospital Arrival Time,1,Daylight,Clear,1,0,['Driver'],['None_Used'],0,0,Valid,0.0,0.0,16.0,16.0,['Male'],0,0,5,1,1,Dry,Straight,Level,Lowest,No
36382,53,Washington,530381,0,1,1,0,2,NOT APPLICABLE,May,20,Saturday,21,17,Rural,Low Speed (Local),No,48.50625,-122.0111,Non-Intersection,Dusk,Clear,Unknown,Unknown,Unknown EMS Scene Arrival Hour,Unknown EMS Scene Arrival Minutes,Unknown,Unknown EMS Hospital Arrival Time,1,Twilight,Clear,1,1,['Driver'],['None_Used'],0,0,Invalid,1.0,0.0,21.0,21.0,['Male'],0,0,5,1,3,Oil/Contaminated,Straight,Grade/Hillcrest,Lowest,No
36383,53,Washington,530382,0,2,2,0,4,NOT APPLICABLE,May,26,Friday,12,45,Rural,Medium Speed (Collector),No,47.61281944,-117.69141389,Non-Intersection,Daylight,Clear,Unknown,Unknown,Unknown EMS Scene Arrival Hour,Unknown EMS Scene Arrival Minutes,Unknown,Unknown EMS Hospital Arrival Time,1,Daylight,Clear,1,3,['Rear_Seat'],['Shoulder_Lapbelt'],0,0,Valid,1.0,3.0,84.0,31.0,"['Male', 'Male']",1,0,3,4,5,Dry,Curve,Level,Lowest,No
36384,53,Washington,530383,0,1,1,0,1,NOT APPLICABLE,May,15,Monday,9,57,Rural,Low Speed (Local),No,46.17859167,-122.97749722,Non-Intersection,Reported as Unknown,Cloudy,Unknown,Unknown,Unknown EMS Scene Arrival Hour,Unknown EMS Scene Arrival Minutes,Unknown,Unknown EMS Hospital Arrival Time,1,Dark - Unlighted,Reduced Visibility,1,0,['Driver'],['Shoulder_Lapbelt'],1,1,Invalid,0.0,0.0,56.0,56.0,['Male'],0,0,3,4,2,Dry,Curve,Grade/Hillcrest,Lowest,No
36385,53,Washington,530384,0,2,2,0,2,TOPPENISH,May,27,Saturday,15,8,Urban,High Speed (Arterial),No,46.38087778,-120.31500278,Complex/Circle,Daylight,Clear,Unknown,Unknown,Unknown EMS Scene Arrival Hour,Unknown EMS Scene Arrival Minutes,Unknown,Unknown EMS Hospital Arrival Time,1,Daylight,Clear,1,1,['Driver'],['None_Used'],0,0,Valid,4.0,1.0,68.0,34.0,"['Male', 'Male']",0,0,3,4,5,Dry,Straight,Level,Lowest,No
36386,53,Washington,530385,0,1,1,0,1,TACOMA,June,11,Sunday,22,59,Urban,Low Speed (Local),No,47.23005278,-122.39606389,Non-Intersection,Dark - Lighted,Clear,Unknown,Unknown,Unknown EMS Scene Arrival Hour,Unknown EMS Scene Arrival Minutes,Unknown,Unknown EMS Hospital Arrival Time,1,Dark - Lighted,Clear,1,0,['Driver'],['None_Used'],0,0,Invalid,0.0,0.0,63.0,63.0,['Male'],0,0,5,4,1,Dry,Straight,Level,Lowest,No
36387,53,Washington,530386,0,1,1,0,1,TACOMA,July,7,Friday,17,5,Urban,High Speed (Arterial),Yes,47.23138056,-122.46253333,Non-Intersection,Daylight,Clear,Unknown,Unknown,Unknown EMS Scene Arrival Hour,Unknown EMS Scene Arrival Minutes,Not Applicable (Not Transported),Not Applicable (Not Transported),1,Daylight,Clear,1,0,['Driver'],['None_Used'],1,1,Valid,1.0,4.0,60.0,60.0,['Female'],0,0,2,4,3,Dry,Curve,Grade/Hillcrest,Lowest,No
36388,53,Washington,530387,0,2,2,0,4,RENTON,August,8,Tuesday,7,29,Urban,High Speed (Arterial),No,47.48851667,-122.15628889,Complex/Circle,Daylight,Clear,Unknown,Unknown,Unknown EMS Scene Arrival Hour,Unknown EMS Scene Arrival Minutes,Not Applicable (Not Transported),Not Applicable (Not Transported),1,Daylight,Clear,1,3,['Driver'],['None_Used'],0,0,Valid,1.0,0.0,42.0,19.0,"['Female', 'Male']",1,0,5,4,5,Dry,Straight,Level,Lowest,No
36389,53,Washington,530388,0,2,2,0,2,NOT APPLICABLE,August,2,Wednesday,9,51,Rural,Medium Speed (Collector),No,45.95758333,-122.56916944,Non-Intersection,Daylight,Clear,Unknown,Unknown,Unknown EMS Scene Arrival Hour,Unknown EMS Scene Arrival Minutes,Not Applicable (Not Transported),Not Applicable (Not Transported),1,Daylight,Clear,1,1,['Driver'],['None_Used'],0,0,Valid,0.0,1.0,78.0,34.0,"['Female', 'Male']",0,0,5,4,5,Dry,Curve,Level,Lowest,No
36390,53,Washington,530389,0,2,2,0,2,NOT APPLICABLE,August,1,Tuesday,15,46,Urban,Medium Speed (Collector),No,46.75995,-123.00301389,Simple Junction,Daylight,Clear,Unknown,Unknown,Unknown EMS Scene Arrival Hour,Unknown EMS Scene Arrival Minutes,Not Applicable (Not Transported),Not Applicable (Not Transported),1,Daylight,Clear,1,1,['Driver'],['None_Used'],0,0,Valid,2.0,0.0,63.0,40.0,"['Male', 'Male']",1,0,5,4,5,Dry,Straight,Level,Lowest,No
36391,53,Washington,530390,1,1,1,0,1,SEATTLE,April,29,Saturday,2,8,Urban,High Speed (Arterial),No,47.64686944,-122.30460278,Non-Intersection,Dark - Lighted,Clear,Unknown,Unknown,Unknown EMS Scene Arrival Hour,Unknown EMS Scene Arrival Minutes,Unknown,Unknown EMS Hospital Arrival Time,1,Dark - Lighted,Clear,0,1,[],[],0,0,Valid,0.0,0.0,58.0,58.0,['Male'],0,0,2,1,4,Dry,Straight,Grade/Hillcrest,Lowest,No
36392,53,Washington,530391,1,3,1,2,2,SEATTLE,June,7,Wednesday,23,8,Urban,High Speed (Arterial),No,47.62450833,-122.36554722,Simple Junction,Dark - Lighted,Clear,Unknown,Unknown,Unknown EMS Scene Arrival Hour,Unknown EMS Scene Arrival Minutes,Unknown,Unknown EMS Hospital Arrival Time,1,Dark - Lighted,Clear,0,2,[],[],0,0,Valid,3.0,2.0,38.0,38.0,['Female'],2,0,2,4,4,Dry,Straight,Level,Lowest,No
36393,53,Washington,530392,1,1,1,0,1,NOT APPLICABLE,July,18,Tuesday,23,15,Rural,Medium Speed (Collector),No,46.44809722,-120.47364167,Non-Intersection,Dark - Not Lighted,Clear,Unknown,Unknown,Unknown EMS Scene Arrival Hour,Unknown EMS Scene Arrival Minutes,Not Applicable (Not Transported),Not Applicable (Not Transported),1,Dark - Unlighted,Clear,0,1,[],[],0,0,Valid,0.0,0.0,19.0,19.0,['Male'],0,0,2,4,4,Dry,Straight,Level,Lowest,No
36394,53,Washington,530393,0,3,3,0,5,NOT APPLICABLE,February,7,Tuesday,17,40,Rural,Medium Speed (Collector),No,47.21415,-123.02806111,Complex/Circle,Dark - Not Lighted,Cloudy,Unknown,Unknown,Unknown EMS Scene Arrival Hour,Unknown EMS Scene Arrival Minutes,Unknown,Unknown EMS Hospital Arrival Time,1,Dark - Unlighted,Reduced Visibility,1,4,['Driver'],['Shoulder_Lapbelt'],1,1,Valid,0.0,0.0,61.0,39.0,"['Female', 'Male', 'Male']",1,0,3,4,5,Wet/Standing Water,Straight,Grade/Hillcrest,Lowest,No
36395,53,Washington,530394,0,2,2,0,3,NOT APPLICABLE,February,22,Wednesday,10,8,Urban,High Speed (Arterial),No,47.09650556,-122.33595278,Simple Junction,Daylight,Clear,Unknown,Unknown,Unknown EMS Scene Arrival Hour,Unknown EMS Scene Arrival Minutes,Unknown,Unknown EMS Hospital Arrival Time,1,Daylight,Clear,1,2,['Front_Passenger'],['Shoulder_Lapbelt'],0,0,Valid,0.0,0.0,67.0,32.0,"['Female', 'Female']",0,0,3,4,5,Dry,Straight,Level,Lowest,No
36396,53,Washington,530395,0,2,2,0,3,RICHLAND,February,15,Wednesday,16,26,Urban,Medium Speed (Collector),No,46.27495833,-119.29008611,Complex/Circle,Daylight,Clear,Unknown,Unknown,Unknown EMS Scene Arrival Hour,Unknown EMS Scene Arrival Minutes,Unknown,Unknown EMS Hospital Arrival Time,1,Daylight,Clear,1,2,['Driver'],['Shoulder_Lapbelt'],0,0,Valid,0.0,1.0,87.0,33.0,"['Male', 'Female']",0,0,3,1,5,Dry,Straight,Level,Lowest,No
36397,53,Washington,530396,0,2,2,0,4,NOT APPLICABLE,August,8,Tuesday,4,6,Rural,High Speed (Arterial),Yes,48.61073056,-122.34890833,Non-Intersection,Dark - Not Lighted,Clear,Unknown,Unknown,Unknown EMS Scene Arrival Hour,Unknown EMS Scene Arrival Minutes,Unknown,Unknown EMS Hospital Arrival Time,1,Dark - Unlighted,Clear,1,3,['Driver'],['None_Used'],0,0,Invalid,0.0,4.0,49.0,25.0,"['Male', 'Male']",0,0,5,4,5,Dry,Straight,Level,Lowest,No
36398,53,Washington,530397,0,3,3,0,9,NOT APPLICABLE,August,9,Wednesday,14,21,Rural,High Speed (Arterial),Yes,47.08604722,-119.06351389,Non-Intersection,Daylight,Clear,Unknown,Unknown,Unknown EMS Scene Arrival Hour,Unknown EMS Scene Arrival Minutes,Unknown,Unknown EMS Hospital Arrival Time,1,Daylight,Clear,1,8,['Driver'],['None_Used'],0,0,Valid,1.0,3.0,54.0,30.0,"['Male', 'Male', 'Female']",0,0,3,4,5,Dry,Straight,Level,Lowest,No
36399,53,Washington,530398,0,2,2,0,3,NOT APPLICABLE,July,7,Friday,20,38,Urban,Medium Speed (Collector),No,45.707625,-122.62779167,Simple Junction,Daylight,Clear,Unknown,Unknown,Unknown EMS Scene Arrival Hour,Unknown EMS Scene Arrival Minutes,Unknown,Unknown EMS Hospital Arrival Time,1,Daylight,Clear,1,2,['Front_Passenger'],['Shoulder_Lapbelt'],0,0,Valid,0.0,0.0,83.0,17.0,"['Male', 'Male']",0,0,3,1,5,Dry,Straight,Level,Lowest,No
36400,53,Washington,530399,0,1,1,0,4,NOT APPLICABLE,July,18,Tuesday,23,31,Rural,Medium Speed (Collector),No,48.37755556,-120.215875,Non-Intersection,Dark - Not Lighted,Clear,Unknown,Unknown,Unknown EMS Scene Arrival Hour,Unknown EMS Scene Arrival Minutes,Unknown,Unknown EMS Hospital Arrival Time,1,Dark - Unlighted,Clear,1,3,['Rear_Seat'],['None_Used'],1,1,Valid,0.0,0.0,19.0,19.0,['Male'],0,0,2,4,3,Dry,Curve,Grade/Hillcrest,Lowest,No
36401,53,Washington,530400,0,3,3,0,5,SPOKANE,August,11,Friday,15,22,Urban,High Speed (Arterial),No,47.67281389,-117.339875,Non-Intersection,Daylight,Clear,Unknown,Unknown,Unknown EMS Scene Arrival Hour,Unknown EMS Scene Arrival Minutes,Not Applicable (Not Transported),Not Applicable (Not Transported),2,Daylight,Clear,2,3,"['Driver', 'Front_Passenger']","['Shoulder_Lapbelt', 'Shoulder_Lapbelt']",0,0,Valid,0.0,0.0,45.0,26.0,"['Male', 'Male', 'Male']",0,0,4,4,5,Dry,Straight,Non-Trafficway,Lowest,No
36402,53,Washington,530401,0,1,1,0,1,NOT APPLICABLE,August,7,Monday,18,45,Rural,High Speed (Arterial),Yes,48.03809444,-123.03069444,Non-Intersection,Daylight,Clear,Unknown,Unknown,Unknown EMS Scene Arrival Hour,Unknown EMS Scene Arrival Minutes,Not Applicable (Not Transported),Not Applicable (Not Transported),1,Daylight,Clear,1,0,['Driver'],['None_Used'],0,0,Valid,1.0,0.0,61.0,61.0,['Female'],0,0,2,4,3,Dry,Curve,Level,Lowest,No
36403,53,Washington,530402,0,2,2,0,3,SPOKANE,August,13,Sunday,0,37,Urban,Low Speed (Local),No,47.708775,-117.39006667,Complex/Circle,Dark - Lighted,Clear,Unknown,Unknown,Unknown EMS Scene Arrival Hour,Unknown EMS Scene Arrival Minutes,Unknown,Unknown EMS Hospital Arrival Time,1,Dark - Lighted,Clear,1,2,['Driver'],['None_Used'],0,0,Invalid,0.0,3.0,59.0,24.0,"['Male', 'Female']",0,0,5,1,5,Dry,Straight,Level,Lowest,No