,State_Code,State_Name,Crash_ID,Count_Non_Motorists,Count_Vehicles_Total,Count_Vehicle_Forms,Count_PVH_Involved,Count_Occupants_MV,City_Name,Month_Name,Day_of_Month,Day_of_Week,Crash_Hour,Crash_Minute,Area_Rural_Urban,Road_Functional_Class,On_NHS_Road,Latitude,Longitude,Intersection_Type,Light_Condition,Weather_Condition,Notif_Hour,Notif_Minute,Arrival_Hour,Arrival_Minute,Hospital_Hour,Hospital_Minute,Fatalities_Count,Clean_Light_Condition,Clean_Weather_Condition,Total_Killed,Total_Alive,Fatal_Seats_List,Killed_Restraint_List,Any_Driver_Drinking,Total_Drinking_Drivers,Driver_License_Category,Driver_Max_Prev_Accident_Count,Driver_Max_Prev_Speeding_Count,Max_Driver_Age,Min_Driver_Age,Driver_Sex_List,Total_Exceeding_Limit_Vehicles,Total_Too_Fast_Vehicles,Max_Vehicle_Type_Severity_5,Max_Vehicle_Damage_Rank,Max_Harmful_Event_Severity,Crash_Road_Surface_Condition,Crash_Horizontal_Alignment,Crash_Vertical_Profile,Crash_Impairment_Category,Crash_Vehicle_Defect
36404,53,Washington,530403,0,1,1,0,5,RENTON,August,5,Saturday,1,18,Urban,High Speed (Arterial),No,47.48854722,-122.21796389,Non-Intersection,Dark - Lighted,Clear,Unknown,Unknown,Unknown EMS Scene Arrival Hour,Unknown EMS Scene Arrival Minutes,Unknown,Unknown EMS Hospital Arrival Time,4,Dark - Lighted,Clear,4,1,"['Driver', 'Front_Passenger', 'Front_Passenger', 'Front_Passenger']","['None_Used', 'None_Used', 'None_Used', 'None_Used']",1,1,Valid,0.0,0.0,19.0,19.0,['Female'],5,0,2,4,3,Dry,Curve,Level,Lowest,No
36405,53,Washington,530404,0,3,3,0,3,FIFE,July,19,Wednesday,3,12,Urban,High Speed (Arterial),Yes,47.24098611,-122.34745833,Non-Intersection,Dark - Lighted,Clear,Unknown,Unknown,Unknown EMS Scene Arrival Hour,Unknown EMS Scene Arrival Minutes,Not Applicable (Not Transported),Not Applicable (Not Transported),1,Dark - Lighted,Clear,1,2,['Driver'],['None_Used'],0,0,Invalid,1.0,2.0,48.0,20.0,"['Male', 'Female', 'Male']",0,0,5,4,5,Dry,Straight,Level,Lowest,No
36406,53,Washington,530405,0,2,2,0,2,NOT APPLICABLE,August,3,Thursday,17,8,Rural,High Speed (Arterial),Yes,47.26136667,-121.21174722,Non-Intersection,Daylight,Clear,Unknown,Unknown,Unknown EMS Scene Arrival Hour,Unknown EMS Scene Arrival Minutes,Not Applicable (Not Transported),Not Applicable (Not Transported),1,Daylight,Clear,1,1,['Driver'],['None_Used'],0,0,Valid,0.0,1.0,44.0,34.0,"['Male', 'Male']",0,0,5,4,5,Dry,Straight,Grade/Hillcrest,Lowest,No
36407,53,Washington,530406,0,2,2,0,4,NOT APPLICABLE,March,5,Sunday,4,24,Rural,High Speed (Arterial),No,48.44755833,-122.59726389,Non-Intersection,Dark - Not Lighted,Clear,Unknown,Unknown,Unknown EMS Scene Arrival Hour,Unknown EMS Scene Arrival Minutes,Unknown,Unknown EMS Hospital Arrival Time,1,Dark - Unlighted,Clear,1,3,['Rear_Seat'],['Shoulder_Lapbelt'],1,1,Valid,1.0,0.0,56.0,28.0,"['Male', 'Male']",0,0,3,4,5,Dry,Curve,Grade/Hillcrest,Lowest,No
36408,53,Washington,530408,0,1,1,0,1,NOT APPLICABLE,August,13,Sunday,12,55,Rural,High Speed (Arterial),Yes,47.22271667,-118.18772778,Non-Intersection,Daylight,Clear,Unknown,Unknown,Unknown EMS Scene Arrival Hour,Unknown EMS Scene Arrival Minutes,Not Applicable (Not Transported),Not Applicable (Not Transported),1,Daylight,Clear,1,0,['Driver'],['None_Used'],0,0,Valid,0.0,0.0,64.0,64.0,['Male'],0,0,5,4,2,Dry,Straight,Level,Lowest,No
36409,53,Washington,530409,0,2,2,0,3,NOT APPLICABLE,August,9,Wednesday,23,58,Rural,High Speed (Arterial),Yes,48.07960556,-117.62984444,Non-Intersection,Dark - Not Lighted,Cloudy,Unknown,Unknown,Unknown EMS Scene Arrival Hour,Unknown EMS Scene Arrival Minutes,Unknown,Unknown EMS Hospital Arrival Time,1,Dark - Unlighted,Reduced Visibility,1,2,['Driver'],['Shoulder_Lapbelt'],1,1,Valid,0.0,0.0,27.0,26.0,"['Male', 'Female']",1,0,3,4,5,Dry,Straight,Level,Lowest,No
36410,53,Washington,530410,1,1,1,0,1,NOT APPLICABLE,July,20,Thursday,12,12,Urban,Medium Speed (Collector),No,47.78709722,-117.35234722,Non-Intersection,Daylight,Clear,Unknown,Unknown,Unknown EMS Scene Arrival Hour,Unknown EMS Scene Arrival Minutes,Not Applicable (Not Transported),Not Applicable (Not Transported),1,Daylight,Clear,0,1,[],[],0,0,Valid,0.0,0.0,54.0,54.0,['Male'],0,0,4,1,4,Dry,Straight,Non-Trafficway,Lowest,No
36411,53,Washington,530411,0,2,2,0,3,AUBURN,August,11,Friday,20,33,Urban,High Speed (Arterial),No,47.32910278,-122.22155833,Non-Intersection,Dark - Lighted,Clear,Unknown,Unknown,Unknown EMS Scene Arrival Hour,Unknown EMS Scene Arrival Minutes,Unknown,Unknown EMS Hospital Arrival Time,1,Dark - Lighted,Clear,1,2,['Driver'],['None_Used'],1,1,Valid,1.0,0.0,57.0,25.0,"['Male', 'Male']",0,0,2,4,5,Dry,Straight,Non-Trafficway,Lowest,No
36412,53,Washington,530412,0,1,1,0,2,NOT APPLICABLE,August,15,Tuesday,14,50,Rural,Medium Speed (Collector),No,47.73240278,-118.16268056,Non-Intersection,Daylight,Clear,Unknown,Unknown,Unknown EMS Scene Arrival Hour,Unknown EMS Scene Arrival Minutes,Unknown,Unknown EMS Hospital Arrival Time,1,Daylight,Clear,1,1,['Driver'],['None_Used'],0,0,Valid,0.0,0.0,53.0,53.0,['Female'],0,0,3,4,3,Dry,Straight,Level,Lowest,No
36413,53,Washington,530413,0,1,1,0,1,KELSO,August,15,Tuesday,16,25,Urban,High Speed (Arterial),Yes,46.10622778,-122.87660278,Non-Intersection,Daylight,Clear,Unknown,Unknown,Unknown EMS Scene Arrival Hour,Unknown EMS Scene Arrival Minutes,Not Applicable (Not Transported),Not Applicable (Not Transported),1,Daylight,Clear,1,0,['Driver'],['None_Used'],0,0,Valid,1.0,0.0,81.0,81.0,['Male'],0,0,5,4,2,Dry,Curve,Grade/Hillcrest,Lowest,No
36414,53,Washington,530414,0,5,5,0,9,NOT APPLICABLE,August,7,Monday,12,40,Rural,High Speed (Arterial),No,46.6018,-119.00627778,Non-Intersection,Daylight,Cloudy,Unknown,Unknown,Unknown EMS Scene Arrival Hour,Unknown EMS Scene Arrival Minutes,Unknown,Unknown EMS Hospital Arrival Time,1,Daylight,Reduced Visibility,1,8,['Rear_Seat'],['None_Used'],0,0,Valid,0.0,1.0,48.0,24.0,"['Male', 'Male', 'Male', 'Female', 'Male']",0,0,3,4,5,Wet/Standing Water,Straight,Grade/Hillcrest,Medium,No
36415,53,Washington,530415,1,1,1,0,3,KENT,August,15,Tuesday,22,12,Urban,Medium Speed (Collector),No,47.37801111,-122.20234722,Non-Intersection,Dark - Lighted,Clear,Unknown,Unknown,Unknown EMS Scene Arrival Hour,Unknown EMS Scene Arrival Minutes,Unknown,Unknown EMS Hospital Arrival Time,1,Dark - Lighted,Clear,0,3,[],[],0,0,Valid,0.0,1.0,62.0,62.0,['Male'],0,0,3,0,4,Dry,Straight,Level,Lowest,No
36416,53,Washington,530416,1,1,1,0,1,TUMWATER,August,15,Tuesday,21,32,Urban,Low Speed (Local),No,47.01813056,-122.91251389,Non-Intersection,Dark - Lighted,Clear,Unknown,Unknown,Unknown EMS Scene Arrival Hour,Unknown EMS Scene Arrival Minutes,Not Applicable (Not Transported),Not Applicable (Not Transported),1,Dark - Lighted,Clear,0,0,[],[],0,0,Invalid,0.0,0.0,999.0,999.0,['Other'],0,0,1,1,4,Dry,Straight,Grade/Hillcrest,Lowest,No
36417,53,Washington,530417,0,1,1,0,1,NOT APPLICABLE,August,13,Sunday,18,20,Urban,Medium Speed (Collector),No,46.17279444,-122.97489167,Non-Intersection,Daylight,Clear,Unknown,Unknown,Unknown EMS Scene Arrival Hour,Unknown EMS Scene Arrival Minutes,Not Applicable (Not Transported),Not Applicable (Not Transported),1,Daylight,Clear,1,0,['Driver'],['Shoulder_Lapbelt'],1,1,Valid,1.0,0.0,44.0,44.0,['Other'],1,0,2,4,3,Dry,Curve,Grade/Hillcrest,Lowest,Yes
36418,53,Washington,530418,0,1,1,0,1,RAYMOND,July,16,Sunday,17,0,Rural,High Speed (Arterial),Yes,46.69800833,-123.73831111,Non-Intersection,Daylight,Clear,Unknown,Unknown,Unknown EMS Scene Arrival Hour,Unknown EMS Scene Arrival Minutes,Not Applicable (Not Transported),Not Applicable (Not Transported),1,Daylight,Clear,1,0,['Driver'],['None_Used'],0,0,Valid,0.0,0.0,65.0,65.0,['Male'],0,0,5,4,3,Dry,Curve,Grade/Hillcrest,Lowest,No
36419,53,Washington,530419,0,1,1,0,1,DES MOINES,May,5,Friday,14,8,Urban,High Speed (Arterial),No,47.39684167,-122.32283889,Non-Intersection,Daylight,Cloudy,Unknown,Unknown,Unknown EMS Scene Arrival Hour,Unknown EMS Scene Arrival Minutes,Unknown,Unknown EMS Hospital Arrival Time,1,Daylight,Reduced Visibility,1,0,['Driver'],['Shoulder_Lapbelt'],0,0,Valid,2.0,0.0,67.0,67.0,['Female'],0,0,2,4,3,Wet/Standing Water,Curve,Level,Lowest,No
36420,53,Washington,530420,0,2,2,0,3,NOT APPLICABLE,August,18,Friday,10,16,Rural,Medium Speed (Collector),No,46.33708611,-122.93588889,Non-Intersection,Daylight,Clear,Unknown,Unknown,Unknown EMS Scene Arrival Hour,Unknown EMS Scene Arrival Minutes,Unknown,Unknown EMS Hospital Arrival Time,1,Daylight,Clear,1,2,['Driver'],['Shoulder_Lapbelt'],0,0,Valid,0.0,0.0,70.0,31.0,"['Male', 'Female']",0,0,3,1,5,Dry,Curve,Level,Lowest,No
36421,53,Washington,530421,0,2,2,0,3,LACEY,August,1,Tuesday,6,58,Urban,High Speed (Arterial),Yes,47.06308611,-122.76734167,Non-Intersection,Daylight,Clear,Unknown,Unknown,Unknown EMS Scene Arrival Hour,Unknown EMS Scene Arrival Minutes,Unknown,Unknown EMS Hospital Arrival Time,1,Daylight,Clear,1,2,['Driver'],['None_Used'],1,1,Valid,0.0,0.0,81.0,54.0,"['Male', 'Male']",0,0,3,4,5,Dry,Straight,Level,Lowest,No
36422,53,Washington,530422,0,2,2,0,3,NOT APPLICABLE,August,12,Saturday,10,6,Rural,Medium Speed (Collector),No,46.79993889,-122.27542778,Simple Junction,Daylight,Clear,Unknown,Unknown,Unknown EMS Scene Arrival Hour,Unknown EMS Scene Arrival Minutes,Unknown,Unknown EMS Hospital Arrival Time,2,Daylight,Clear,2,1,"['Driver', 'Rear_Seat']","['None_Used', 'None_Used']",0,0,Valid,0.0,1.0,67.0,55.0,"['Male', 'Male']",0,0,5,4,5,Dry,Straight,Level,Lowest,No
36423,53,Washington,530423,0,4,4,0,5,TACOMA,August,16,Wednesday,17,0,Urban,High Speed (Arterial),Yes,47.23232778,-122.46153889,Non-Intersection,Daylight,Clear,Unknown,Unknown,Unknown EMS Scene Arrival Hour,Unknown EMS Scene Arrival Minutes,Not Applicable (Not Transported),Not Applicable (Not Transported),1,Daylight,Clear,1,4,['Driver'],['None_Used'],0,0,Valid,1.0,1.0,84.0,31.0,"['Male', 'Male', 'Male', 'Male']",1,0,5,4,5,Dry,Curve,Grade/Hillcrest,Lowest,No
36424,53,Washington,530424,0,1,1,0,2,NOT APPLICABLE,August,7,Monday,14,33,Rural,High Speed (Arterial),Yes,46.66680556,-121.10108056,Non-Intersection,Daylight,Cloudy,Unknown,Unknown,Unknown EMS Scene Arrival Hour,Unknown EMS Scene Arrival Minutes,Not Applicable (Not Transported),Not Applicable (Not Transported),1,Daylight,Reduced Visibility,1,1,['Driver'],['Shoulder_Lapbelt'],0,0,Valid,0.0,0.0,58.0,58.0,['Male'],0,0,3,4,3,Dry,Straight,Level,Lowest,No
36425,53,Washington,530425,0,2,2,0,3,NOT APPLICABLE,August,8,Tuesday,21,54,Rural,Medium Speed (Collector),No,46.34656111,-120.16755,Complex/Circle,Dark - Not Lighted,Clear,Unknown,Unknown,Unknown EMS Scene Arrival Hour,Unknown EMS Scene Arrival Minutes,Unknown,Unknown EMS Hospital Arrival Time,1,Dark - Unlighted,Clear,1,2,['Front_Passenger'],['None_Used'],0,0,Valid,0.0,0.0,46.0,32.0,"['Other', 'Male']",0,0,3,4,5,Dry,Straight,Level,Lowest,No
36426,53,Washington,530426,0,1,1,0,1,NOT APPLICABLE,August,11,Friday,18,18,Urban,Medium Speed (Collector),No,47.89061389,-122.14778889,Non-Intersection,Daylight,Clear,Unknown,Unknown,Unknown EMS Scene Arrival Hour,Unknown EMS Scene Arrival Minutes,Unknown,Unknown EMS Hospital Arrival Time,1,Daylight,Clear,1,0,['Driver'],['Shoulder_Lapbelt'],0,0,Valid,0.0,0.0,53.0,53.0,['Male'],0,0,3,4,3,Dry,Curve,Grade/Hillcrest,Lowest,No
36427,53,Washington,530427,0,1,1,0,1,NOT APPLICABLE,August,12,Saturday,19,54,Rural,High Speed (Arterial),Yes,47.71579722,-121.27282778,Non-Intersection,Dusk,Clear,Unknown,Unknown,Unknown EMS Scene Arrival Hour,Unknown EMS Scene Arrival Minutes,Not Applicable (Not Transported),Not Applicable (Not Transported),1,Twilight,Clear,1,0,['Driver'],['None_Used'],1,1,Valid,0.0,0.0,37.0,37.0,['Male'],0,0,5,4,2,Dry,Curve,Level,Lowest,No
36428,53,Washington,530428,0,2,2,0,2,NOT APPLICABLE,August,18,Friday,17,17,Rural,High Speed (Arterial),Yes,48.57926111,-117.95535278,Simple Junction,Daylight,"Fog, Smog, Smoke",Unknown,Unknown,Unknown EMS Scene Arrival Hour,Unknown EMS Scene Arrival Minutes,Not Applicable (Not Transported),Not Applicable (Not Transported),1,Daylight,Reduced Visibility,1,1,['Driver'],['None_Used'],0,0,Valid,0.0,0.0,79.0,31.0,"['Male', 'Male']",0,0,5,4,5,Dry,Curve,Level,Lowest,No
36429,53,Washington,530429,0,1,1,0,3,NOT APPLICABLE,August,18,Friday,5,39,Rural,Low Speed (Local),No,47.13425,-121.607825,Non-Intersection,Daylight,Clear,Unknown,Unknown,Unknown EMS Scene Arrival Hour,Unknown EMS Scene Arrival Minutes,Not Applicable (Not Transported),Not Applicable (Not Transported),3,Daylight,Clear,3,0,"['Driver', 'Front_Passenger', 'Rear_Seat']","['Shoulder_Lapbelt', 'Shoulder_Lapbelt', 'Shoulder_Lapbelt']",1,1,Valid,0.0,1.0,21.0,21.0,['Male'],3,0,3,4,3,Dry,Straight,Level,Lowest,No
36430,53,Washington,530430,0,1,1,0,1,NOT APPLICABLE,August,21,Monday,17,43,Rural,High Speed (Arterial),No,48.07825556,-122.56994722,Simple Junction,Daylight,Clear,Unknown,Unknown,Unknown EMS Scene Arrival Hour,Unknown EMS Scene Arrival Minutes,Not Applicable (Not Transported),Not Applicable (Not Transported),1,Daylight,Clear,1,0,['Driver'],['None_Used'],0,0,Valid,1.0,0.0,61.0,61.0,['Male'],0,0,5,4,2,Dry,Curve,Level,Lowest,No
36431,53,Washington,530431,0,2,2,0,2,DES MOINES,May,11,Thursday,14,13,Urban,Medium Speed (Collector),No,47.35014444,-122.32360833,Non-Intersection,Daylight,Clear,Unknown,Unknown,Unknown EMS Scene Arrival Hour,Unknown EMS Scene Arrival Minutes,Unknown,Unknown EMS Hospital Arrival Time,1,Daylight,Clear,1,1,['Driver'],['Shoulder_Lapbelt'],0,0,Valid,0.0,0.0,76.0,37.0,"['Male', 'Female']",0,0,3,1,5,Dry,Straight,Grade/Hillcrest,Lowest,No
36432,53,Washington,530432,0,4,4,0,5,NOT APPLICABLE,August,20,Sunday,15,16,Rural,Medium Speed (Collector),No,47.06981944,-122.44170278,Non-Intersection,Daylight,"Fog, Smog, Smoke",Unknown,Unknown,Unknown EMS Scene Arrival Hour,Unknown EMS Scene Arrival Minutes,Unknown,Unknown EMS Hospital Arrival Time,1,Daylight,Reduced Visibility,1,4,['Driver'],['Shoulder_Lapbelt'],0,0,Valid,1.0,1.0,87.0,26.0,"['Male', 'Female', 'Male', 'Male']",1,0,3,4,5,Dry,Straight,Level,Lowest,No
36433,53,Washington,530433,0,2,2,0,6,NOT APPLICABLE,May,27,Saturday,22,10,Urban,High Speed (Arterial),Yes,45.71833056,-122.64991667,Non-Intersection,Dark - Lighted,Clear,Unknown,Unknown,Unknown EMS Scene Arrival Hour,Unknown EMS Scene Arrival Minutes,Not Applicable (Not Transported),Not Applicable (Not Transported),1,Dark - Lighted,Clear,1,5,['Driver'],['None_Used'],0,0,Valid,2.0,1.0,34.0,22.0,"['Male', 'Female']",1,0,5,4,5,Dry,Straight,Level,Lowest,No
36434,53,Washington,530434,0,2,2,0,2,EVERETT,May,2,Tuesday,23,9,Urban,High Speed (Arterial),No,47.91773333,-122.27168333,Non-Intersection,Dark - Lighted,Clear,Unknown,Unknown,Unknown EMS Scene Arrival Hour,Unknown EMS Scene Arrival Minutes,Unknown,Unknown EMS Hospital Arrival Time,1,Dark - Lighted,Clear,1,1,['Driver'],['None_Used'],0,0,Valid,0.0,1.0,61.0,51.0,"['Male', 'Male']",0,0,5,1,5,Dry,Straight,Level,Lowest,No
36435,53,Washington,530435,0,1,1,0,2,KENT,August,26,Saturday,0,52,Urban,Medium Speed (Collector),No,47.383075,-122.239175,Non-Intersection,Dark - Lighted,Clear,Unknown,Unknown,Unknown EMS Scene Arrival Hour,Unknown EMS Scene Arrival Minutes,Unknown,Unknown EMS Hospital Arrival Time,1,Dark - Lighted,Clear,1,1,['Front_Passenger'],['None_Used'],1,1,Invalid,0.0,0.0,18.0,18.0,['Male'],2,0,2,4,3,Dry,Straight,Level,Lowest,No
36436,53,Washington,530436,0,1,1,0,1,TACOMA,August,26,Saturday,21,49,Urban,High Speed (Arterial),No,47.21566667,-122.40768333,Non-Intersection,Dark - Lighted,Clear,Unknown,Unknown,Unknown EMS Scene Arrival Hour,Unknown EMS Scene Arrival Minutes,Not Applicable (Not Transported),Not Applicable (Not Transported),1,Dark - Lighted,Clear,1,0,['Driver'],['None_Used'],1,1,Valid,0.0,0.0,42.0,42.0,['Male'],0,0,3,4,3,Dry,Straight,Grade/Hillcrest,Lowest,No
36437,53,Washington,530437,0,3,3,0,9,NOT APPLICABLE,August,18,Friday,22,50,Rural,Medium Speed (Collector),No,47.99514722,-117.72576111,Non-Intersection,Dark - Not Lighted,"Fog, Smog, Smoke",Unknown,Unknown,Unknown EMS Scene Arrival Hour,Unknown EMS Scene Arrival Minutes,Not Applicable (Not Transported),Not Applicable (Not Transported),1,Dark - Unlighted,Reduced Visibility,1,8,['Driver'],['None_Used'],1,1,Valid,2.0,1.0,43.0,20.0,"['Male', 'Male', 'Male']",0,0,2,4,5,Dry,Curve,Level,Lowest,No
36438,53,Washington,530438,0,1,1,0,4,NOT APPLICABLE,May,27,Saturday,21,20,Rural,Medium Speed (Collector),No,48.08449444,-118.26289444,Non-Intersection,Dark - Not Lighted,Clear,Unknown,Unknown,Unknown EMS Scene Arrival Hour,Unknown EMS Scene Arrival Minutes,Unknown,Unknown EMS Hospital Arrival Time,1,Dark - Unlighted,Clear,1,3,['Rear_Seat'],['Child_Safety'],1,1,Valid,0.0,2.0,24.0,24.0,['Male'],0,0,3,4,2,Dry,Straight,Level,Lowest,No
36439,53,Washington,530439,0,1,1,0,4,NOT APPLICABLE,August,21,Monday,14,30,Rural,High Speed (Arterial),Yes,47.16192222,-120.84868611,Non-Intersection,Daylight,Clear,Unknown,Unknown,Unknown EMS Scene Arrival Hour,Unknown EMS Scene Arrival Minutes,Unknown,Unknown EMS Hospital Arrival Time,3,Daylight,Clear,3,1,"['Driver', 'Front_Passenger', 'Rear_Seat']","['Shoulder_Lapbelt', 'Shoulder_Lapbelt', 'None_Used']",0,0,Valid,0.0,2.0,20.0,20.0,['Male'],0,0,2,4,3,Dry,Curve,Level,Lowest,No
36440,53,Washington,530440,1,1,1,0,2,NOT APPLICABLE,August,26,Saturday,20,27,Urban,High Speed (Arterial),No,48.83045278,-122.48596944,Non-Intersection,Dark - Not Lighted,Clear,Unknown,Unknown,Unknown EMS Scene Arrival Hour,Unknown EMS Scene Arrival Minutes,Not Applicable (Not Transported),Not Applicable (Not Transported),1,Dark - Unlighted,Clear,0,2,[],[],0,0,Valid,0.0,0.0,74.0,74.0,['Male'],0,0,2,4,4,Dry,Straight,Level,Lowest,No
36441,53,Washington,530441,0,2,2,0,3,NOT APPLICABLE,August,27,Sunday,0,54,Urban,High Speed (Arterial),No,47.51563611,-122.73513889,Non-Intersection,Dark - Not Lighted,Clear,Unknown,Unknown,Unknown EMS Scene Arrival Hour,Unknown EMS Scene Arrival Minutes,Unknown,Unknown EMS Hospital Arrival Time,1,Dark - Unlighted,Clear,1,2,['Driver'],['Shoulder_Lapbelt'],1,1,Invalid,0.0,0.0,52.0,26.0,"['Male', 'Male']",0,0,3,4,5,Dry,Straight,Grade/Hillcrest,Lowest,No
36442,53,Washington,530442,0,1,1,0,2,BOTHELL,August,23,Wednesday,21,19,Urban,High Speed (Arterial),No,47.75916944,-122.19971389,Complex/Circle,Dark - Lighted,Clear,Unknown,Unknown,Unknown EMS Scene Arrival Hour,Unknown EMS Scene Arrival Minutes,Unknown,Unknown EMS Hospital Arrival Time,1,Dark - Lighted,Clear,1,1,['Front_Passenger'],['Shoulder_Lapbelt'],0,0,Valid,0.0,0.0,62.0,62.0,['Female'],0,0,2,4,3,Dry,Curve,Level,Lowest,No
36443,53,Washington,530443,0,1,1,0,1,NOT APPLICABLE,August,9,Wednesday,14,36,Rural,Medium Speed (Collector),No,47.80023889,-120.63381944,Non-Intersection,Daylight,Clear,Unknown,Unknown,Unknown EMS Scene Arrival Hour,Unknown EMS Scene Arrival Minutes,Unknown,Unknown EMS Hospital Arrival Time,1,Daylight,Clear,1,0,['Driver'],['None_Used'],0,0,Valid,1.0,1.0,23.0,23.0,['Male'],0,0,5,4,2,Dry,Curve,Level,Lowest,No
36444,53,Washington,530444,0,3,3,0,4,FEDERAL WAY,August,23,Wednesday,5,26,Urban,High Speed (Arterial),No,47.28262778,-122.32778889,Non-Intersection,Dark - Lighted,Rain,Unknown,Unknown,Unknown EMS Scene Arrival Hour,Unknown EMS Scene Arrival Minutes,Not Applicable (Not Transported),Not Applicable (Not Transported),1,Dark - Lighted,Rain/Wind/Minor,1,3,['Driver'],['None_Used'],1,1,Valid,2.0,0.0,50.0,35.0,"['Male', 'Male', 'Male']",0,0,3,4,5,Wet/Standing Water,Straight,Level,Lowest,No
36445,53,Washington,530445,0,1,1,0,1,NOT APPLICABLE,August,24,Thursday,17,13,Urban,Medium Speed (Collector),No,47.02729167,-122.73164444,Non-Intersection,Daylight,Clear,Unknown,Unknown,Unknown EMS Scene Arrival Hour,Unknown EMS Scene Arrival Minutes,Not Applicable (Not Transported),Not Applicable (Not Transported),1,Daylight,Clear,1,0,['Driver'],['Shoulder_Lapbelt'],0,0,Valid,0.0,0.0,48.0,48.0,['Female'],0,0,3,4,3,Dry,Straight,Level,Medium,No
36446,53,Washington,530446,0,1,1,0,2,NOT APPLICABLE,August,12,Saturday,1,59,Rural,Medium Speed (Collector),No,47.35396944,-122.91368889,Non-Intersection,Dark - Not Lighted,Clear,Unknown,Unknown,Unknown EMS Scene Arrival Hour,Unknown EMS Scene Arrival Minutes,Not Applicable (Not Transported),Not Applicable (Not Transported),2,Dark - Unlighted,Clear,2,0,"['Driver', 'Front_Passenger']","['Shoulder_Lapbelt', 'Shoulder_Lapbelt']",1,1,Invalid,0.0,0.0,22.0,22.0,['Male'],0,0,3,4,3,Dry,Curve,Grade/Hillcrest,Lowest,No
36447,53,Washington,530447,0,1,1,0,1,NOT APPLICABLE,August,27,Sunday,19,2,Rural,Low Speed (Local),No,47.25683611,-123.09699167,Non-Intersection,Daylight,Clear,Unknown,Unknown,Unknown EMS Scene Arrival Hour,Unknown EMS Scene Arrival Minutes,Not Applicable (Not Transported),Not Applicable (Not Transported),1,Daylight,Clear,1,0,['Driver'],['None_Used'],1,1,Valid,0.0,0.0,32.0,32.0,['Male'],0,0,5,1,3,Dry,Straight,Level,Lowest,No
36448,53,Washington,530448,0,2,2,0,3,AUBURN,August,25,Friday,23,24,Urban,High Speed (Arterial),No,47.27815556,-122.16224722,Non-Intersection,Dark - Not Lighted,Clear,Unknown,Unknown,Unknown EMS Scene Arrival Hour,Unknown EMS Scene Arrival Minutes,Unknown,Unknown EMS Hospital Arrival Time,2,Dark - Unlighted,Clear,2,1,"['Driver', 'Front_Passenger']","['None_Used', 'Shoulder_Lapbelt']",1,1,Invalid,1.0,0.0,60.0,40.0,"['Female', 'Female']",1,0,3,4,5,Dry,Straight,Level,Lowest,No
36449,53,Washington,530449,0,1,1,0,1,NOT APPLICABLE,August,17,Thursday,3,36,Rural,High Speed (Arterial),Yes,47.63091944,-120.22733333,Non-Intersection,Dark - Not Lighted,Clear,Unknown,Unknown,Unknown EMS Scene Arrival Hour,Unknown EMS Scene Arrival Minutes,Not Applicable (Not Transported),Not Applicable (Not Transported),1,Dark - Unlighted,Clear,1,0,['Driver'],['Shoulder_Lapbelt'],0,0,Valid,0.0,0.0,45.0,45.0,['Male'],1,0,3,4,3,Dry,Curve,Level,Lowest,No
36450,53,Washington,530450,0,2,2,0,3,KENT,August,28,Monday,18,44,Urban,High Speed (Arterial),No,47.37992222,-122.21763611,Non-Intersection,Daylight,Cloudy,Unknown,Unknown,Unknown EMS Scene Arrival Hour,Unknown EMS Scene Arrival Minutes,Unknown,Unknown EMS Hospital Arrival Time,1,Daylight,Reduced Visibility,1,2,['Driver'],['Shoulder_Lapbelt'],1,1,Valid,1.0,0.0,49.0,22.0,"['Male', 'Male']",1,0,3,4,5,Dry,Curve,Level,Lowest,No
36451,53,Washington,530451,1,1,1,0,2,KENT,August,30,Wednesday,5,40,Urban,High Speed (Arterial),No,47.35798333,-122.16548889,Complex/Circle,Dark - Lighted,Rain,Unknown,Unknown,Unknown EMS Scene Arrival Hour,Unknown EMS Scene Arrival Minutes,Not Applicable (Not Transported),Not Applicable (Not Transported),1,Dark - Lighted,Rain/Wind/Minor,0,2,[],[],0,0,Valid,0.0,0.0,41.0,41.0,['Male'],0,0,4,1,4,Wet/Standing Water,Straight,Level,Lowest,No
36452,53,Washington,530452,0,2,2,0,3,NOT APPLICABLE,July,31,Monday,12,40,Rural,High Speed (Arterial),No,47.42576944,-122.84568889,Non-Intersection,Daylight,Clear,Unknown,Unknown,Unknown EMS Scene Arrival Hour,Unknown EMS Scene Arrival Minutes,Unknown,Unknown EMS Hospital Arrival Time,1,Daylight,Clear,1,2,['Front_Passenger'],['Shoulder_Lapbelt'],0,0,Valid,0.0,1.0,85.0,65.0,"['Female', 'Male']",0,0,3,4,5,Dry,Straight,Grade/Hillcrest,Lowest,No