,State_Code,State_Name,Crash_ID,Count_Non_Motorists,Count_Vehicles_Total,Count_Vehicle_Forms,Count_PVH_Involved,Count_Occupants_MV,City_Name,Month_Name,Day_of_Month,Day_of_Week,Crash_Hour,Crash_Minute,Area_Rural_Urban,Road_Functional_Class,On_NHS_Road,Latitude,Longitude,Intersection_Type,Light_Condition,Weather_Condition,Notif_Hour,Notif_Minute,Arrival_Hour,Arrival_Minute,Hospital_Hour,Hospital_Minute,Fatalities_Count,Clean_Light_Condition,Clean_Weather_Condition,Total_Killed,Total_Alive,Fatal_Seats_List,Killed_Restraint_List,Any_Driver_Drinking,Total_Drinking_Drivers,Driver_License_Category,Driver_Max_Prev_Accident_Count,Driver_Max_Prev_Speeding_Count,Max_Driver_Age,Min_Driver_Age,Driver_Sex_List,Total_Exceeding_Limit_Vehicles,Total_Too_Fast_Vehicles,Max_Vehicle_Type_Severity_5,Max_Vehicle_Damage_Rank,Max_Harmful_Event_Severity,Crash_Road_Surface_Condition,Crash_Horizontal_Alignment,Crash_Vertical_Profile,Crash_Impairment_Category,Crash_Vehicle_Defect
36453,53,Washington,530453,1,1,1,0,1,TACOMA,September,2,Saturday,21,36,Urban,High Speed (Arterial),No,47.19228056,-122.43400556,Non-Intersection,Dark - Not Lighted,Clear,Unknown,Unknown,Unknown EMS Scene Arrival Hour,Unknown EMS Scene Arrival Minutes,Not Applicable (Not Transported),Not Applicable (Not Transported),1,Dark - Unlighted,Clear,0,1,[],[],0,0,Valid,1.0,0.0,56.0,56.0,['Female'],0,0,3,1,4,Dry,Straight,Level,Lowest,No
36454,53,Washington,530456,0,2,2,0,5,TACOMA,September,3,Sunday,21,23,Urban,High Speed (Arterial),Yes,47.23028889,-122.4478,Non-Intersection,Dark - Lighted,Cloudy,Unknown,Unknown,Unknown EMS Scene Arrival Hour,Unknown EMS Scene Arrival Minutes,Unknown,Unknown EMS Hospital Arrival Time,2,Dark - Lighted,Reduced Visibility,2,3,"['Rear_Seat', 'Rear_Seat']","['Shoulder_Lapbelt', 'Shoulder_Lapbelt']",0,0,Valid,0.0,0.0,24.0,17.0,"['Male', 'Male']",0,0,3,4,5,Dry,Curve,Level,Lowest,No
36455,53,Washington,530457,1,1,1,0,1,BURIEN,September,2,Saturday,14,48,Urban,High Speed (Arterial),No,47.44692222,-122.33104722,Simple Junction,Daylight,Clear,Unknown,Unknown,Unknown EMS Scene Arrival Hour,Unknown EMS Scene Arrival Minutes,Not Applicable (Not Transported),Not Applicable (Not Transported),1,Daylight,Clear,0,1,[],[],0,0,Invalid,0.0,0.0,19.0,19.0,['Male'],0,0,3,1,4,Dry,Curve,Grade/Hillcrest,Lowest,No
36456,53,Washington,530458,0,2,2,0,2,NOT APPLICABLE,August,31,Thursday,15,15,Rural,High Speed (Arterial),Yes,47.52931111,-123.05028611,Non-Intersection,Daylight,Clear,Unknown,Unknown,Unknown EMS Scene Arrival Hour,Unknown EMS Scene Arrival Minutes,Not Applicable (Not Transported),Not Applicable (Not Transported),1,Daylight,Clear,1,1,['Driver'],['Shoulder_Lapbelt'],0,0,Valid,1.0,2.0,43.0,25.0,"['Male', 'Male']",0,0,4,4,5,Dry,Curve,Grade/Hillcrest,Lowest,No
36457,53,Washington,530459,0,3,3,0,5,NOT APPLICABLE,September,2,Saturday,16,17,Rural,Medium Speed (Collector),No,47.04460278,-124.15803611,Simple Junction,Daylight,Clear,Unknown,Unknown,Unknown EMS Scene Arrival Hour,Unknown EMS Scene Arrival Minutes,Unknown,Unknown EMS Hospital Arrival Time,1,Daylight,Clear,1,4,['Rear_Seat'],['None_Used'],0,0,Valid,0.0,0.0,47.0,46.0,"['Female', 'Male', 'Male']",0,0,5,4,5,Dry,Straight,Level,Lowest,No
36458,53,Washington,530460,0,2,2,0,5,NOT APPLICABLE,August,23,Wednesday,10,50,Rural,Medium Speed (Collector),No,48.170975,-122.06768889,Non-Intersection,Daylight,Clear,Unknown,Unknown,Unknown EMS Scene Arrival Hour,Unknown EMS Scene Arrival Minutes,Unknown,Unknown EMS Hospital Arrival Time,3,Daylight,Clear,3,2,"['Driver', 'Front_Passenger', 'Rear_Seat']","['None_Used', 'None_Used', 'None_Used']",0,0,Valid,0.0,0.0,61.0,31.0,"['Female', 'Male']",4,0,4,4,5,Oil/Contaminated,Curve,Level,Lowest,No
36459,53,Washington,530461,0,2,2,0,3,LAKE STEVENS,August,20,Sunday,21,3,Urban,Low Speed (Local),No,48.00596111,-122.10595,Simple Junction,Dark - Lighted,Clear,Unknown,Unknown,Unknown EMS Scene Arrival Hour,Unknown EMS Scene Arrival Minutes,Unknown,Unknown EMS Hospital Arrival Time,1,Dark - Lighted,Clear,1,2,['Front_Passenger'],['Shoulder_Lapbelt'],1,1,Valid,1.0,0.0,59.0,49.0,"['Female', 'Male']",0,0,3,4,5,Dry,Curve,Level,Lowest,No
36460,53,Washington,530462,0,1,1,0,2,SEATTLE,September,2,Saturday,13,0,Urban,High Speed (Arterial),Yes,47.61087778,-122.33091111,Non-Intersection,Daylight,Clear,Unknown,Unknown,Unknown EMS Scene Arrival Hour,Unknown EMS Scene Arrival Minutes,Unknown,Unknown EMS Hospital Arrival Time,1,Daylight,Clear,1,1,['Rear_Seat'],['None_Used'],0,0,Invalid,0.0,0.0,53.0,53.0,['Male'],0,0,5,1,3,Wet/Standing Water,Curve,Grade/Hillcrest,Lowest,No
36461,53,Washington,530463,1,1,1,0,1,NOT APPLICABLE,September,3,Sunday,2,40,Urban,Medium Speed (Collector),No,47.11384444,-122.38914444,Non-Intersection,Dark - Lighted,Clear,Unknown,Unknown,Unknown EMS Scene Arrival Hour,Unknown EMS Scene Arrival Minutes,Unknown,Unknown EMS Hospital Arrival Time,1,Dark - Lighted,Clear,0,1,[],[],0,0,Valid,0.0,0.0,80.0,80.0,['Female'],0,0,2,1,4,Dry,Straight,Grade/Hillcrest,Lowest,No
36462,53,Washington,530464,0,1,1,0,1,NOT APPLICABLE,July,31,Monday,23,21,Rural,Medium Speed (Collector),No,46.73859722,-119.198525,Non-Intersection,Dark - Not Lighted,Clear,Unknown,Unknown,Unknown EMS Scene Arrival Hour,Unknown EMS Scene Arrival Minutes,Not Applicable (Not Transported),Not Applicable (Not Transported),1,Dark - Unlighted,Clear,1,0,['Driver'],['None_Used'],1,1,Valid,0.0,1.0,70.0,70.0,['Male'],1,0,3,4,2,Dry,Straight,Grade/Hillcrest,Lowest,No
36463,53,Washington,530465,0,1,1,0,1,TEKOA,September,4,Monday,17,39,Rural,Medium Speed (Collector),No,47.22695556,-117.06758056,Non-Intersection,Daylight,Clear,Unknown,Unknown,Unknown EMS Scene Arrival Hour,Unknown EMS Scene Arrival Minutes,Not Applicable (Not Transported),Not Applicable (Not Transported),1,Daylight,Clear,1,0,['Driver'],['None_Used'],0,0,Valid,0.0,0.0,69.0,69.0,['Male'],1,0,3,4,3,Dry,Curve,Level,Lowest,No
36464,53,Washington,530466,1,1,1,0,1,SPOKANE,September,8,Friday,20,19,Urban,High Speed (Arterial),No,47.71506389,-117.41725833,Complex/Circle,Dark - Not Lighted,Clear,Unknown,Unknown,Unknown EMS Scene Arrival Hour,Unknown EMS Scene Arrival Minutes,Not Applicable (Not Transported),Not Applicable (Not Transported),1,Dark - Unlighted,Clear,0,1,[],[],0,0,Valid,0.0,0.0,57.0,57.0,['Male'],0,0,3,1,4,Dry,Straight,Level,Lowest,No
36465,53,Washington,530467,2,1,1,0,1,SPOKANE,September,6,Wednesday,18,38,Urban,Medium Speed (Collector),No,47.65252778,-117.43605,Non-Intersection,Daylight,Clear,Unknown,Unknown,Unknown EMS Scene Arrival Hour,Unknown EMS Scene Arrival Minutes,Unknown,Unknown EMS Hospital Arrival Time,1,Daylight,Clear,0,1,[],[],0,0,Valid,0.0,3.0,36.0,36.0,['Male'],0,0,3,1,4,Dry,Straight,Level,Lowest,No
36466,53,Washington,530468,1,1,1,0,1,NOT APPLICABLE,September,2,Saturday,21,0,Urban,High Speed (Arterial),No,47.0775,-122.29406667,Non-Intersection,Dark - Not Lighted,Clear,Unknown,Unknown,Unknown EMS Scene Arrival Hour,Unknown EMS Scene Arrival Minutes,Unknown,Unknown EMS Hospital Arrival Time,1,Dark - Unlighted,Clear,0,0,[],[],0,0,Invalid,0.0,0.0,999.0,999.0,['Other'],0,0,3,1,4,Dry,Straight,Level,Lowest,No
36467,53,Washington,530469,0,1,1,0,2,NOT APPLICABLE,August,20,Sunday,4,10,Rural,Low Speed (Local),No,48.13522222,-123.53301944,Non-Intersection,Dark - Not Lighted,Clear,Unknown,Unknown,Unknown EMS Scene Arrival Hour,Unknown EMS Scene Arrival Minutes,Not Applicable (Not Transported),Not Applicable (Not Transported),1,Dark - Unlighted,Clear,1,1,['Front_Passenger'],['None_Used'],1,1,Valid,1.0,3.0,34.0,34.0,['Male'],0,0,3,1,1,Dry,Straight,Grade/Hillcrest,Lowest,No
36468,53,Washington,530470,0,2,2,0,2,NOT APPLICABLE,September,9,Saturday,17,1,Rural,Medium Speed (Collector),No,46.67535,-120.71066389,Simple Junction,Daylight,Clear,Unknown,Unknown,Unknown EMS Scene Arrival Hour,Unknown EMS Scene Arrival Minutes,Unknown,Unknown EMS Hospital Arrival Time,1,Daylight,Clear,1,1,['Driver'],['Lapbelt_Only'],1,1,Valid,0.0,2.0,55.0,49.0,"['Male', 'Male']",1,0,3,4,5,Dry,Curve,Grade/Hillcrest,Lowest,No
36469,53,Washington,530471,0,1,1,0,1,NOT APPLICABLE,September,8,Friday,5,35,Rural,Medium Speed (Collector),No,48.52488333,-121.94273333,Non-Intersection,Dawn,"Fog, Smog, Smoke",Unknown,Unknown,Unknown EMS Scene Arrival Hour,Unknown EMS Scene Arrival Minutes,Not Applicable (Not Transported),Not Applicable (Not Transported),1,Twilight,Reduced Visibility,1,0,['Driver'],['None_Used'],0,0,Valid,0.0,0.0,29.0,29.0,['Male'],0,0,2,4,3,Dry,Straight,Level,Lowest,No
36470,53,Washington,530472,0,2,2,0,4,NOT APPLICABLE,September,8,Friday,12,20,Rural,Medium Speed (Collector),No,46.29068333,-118.25908611,Non-Intersection,Daylight,Clear,Unknown,Unknown,Unknown EMS Scene Arrival Hour,Unknown EMS Scene Arrival Minutes,Not Applicable (Not Transported),Not Applicable (Not Transported),1,Daylight,Clear,1,3,['Driver'],['None_Used'],1,1,Valid,0.0,2.0,70.0,26.0,"['Male', 'Male']",1,0,3,4,5,Dry,Straight,Level,Lowest,No
36471,53,Washington,530473,1,1,1,0,1,SPOKANE VALLEY,September,9,Saturday,20,5,Urban,High Speed (Arterial),No,47.65713889,-117.21411944,Non-Intersection,Dark - Lighted,Clear,Unknown,Unknown,Unknown EMS Scene Arrival Hour,Unknown EMS Scene Arrival Minutes,Not Applicable (Not Transported),Not Applicable (Not Transported),1,Dark - Lighted,Clear,0,1,[],[],0,0,Valid,0.0,0.0,54.0,54.0,['Female'],0,0,3,1,4,Dry,Straight,Level,Lowest,No
36472,53,Washington,530474,0,2,2,0,2,NOT APPLICABLE,September,1,Friday,11,28,Rural,Medium Speed (Collector),No,47.81249722,-117.56925278,Complex/Circle,Daylight,Clear,Unknown,Unknown,Unknown EMS Scene Arrival Hour,Unknown EMS Scene Arrival Minutes,Unknown,Unknown EMS Hospital Arrival Time,1,Daylight,Clear,1,1,['Driver'],['None_Used'],0,0,Invalid,0.0,0.0,76.0,19.0,"['Male', 'Male']",0,0,5,4,5,Dry,Straight,Grade/Hillcrest,Lowest,No
36473,53,Washington,530475,0,2,2,0,2,NOT APPLICABLE,September,8,Friday,16,4,Rural,Medium Speed (Collector),No,46.36538611,-119.19786111,Non-Intersection,Daylight,Clear,Unknown,Unknown,Unknown EMS Scene Arrival Hour,Unknown EMS Scene Arrival Minutes,Unknown,Unknown EMS Hospital Arrival Time,1,Daylight,Clear,1,1,['Driver'],['Shoulder_Lapbelt'],0,0,Valid,2.0,3.0,34.0,17.0,"['Male', 'Male']",0,0,3,4,5,Dry,Straight,Grade/Hillcrest,Lowest,No
36474,53,Washington,530476,1,2,2,0,2,SEATTLE,August,5,Saturday,22,47,Urban,High Speed (Arterial),No,47.73412778,-122.34776389,Simple Junction,Dark - Lighted,Clear,Unknown,Unknown,Unknown EMS Scene Arrival Hour,Unknown EMS Scene Arrival Minutes,Unknown,Unknown EMS Hospital Arrival Time,1,Dark - Lighted,Clear,0,0,[],[],0,0,Invalid,0.0,0.0,998.0,998.0,"['Other', 'Other']",0,0,1,0,4,Dry,Straight,Level,Lowest,No
36475,53,Washington,530477,0,1,1,0,3,NOT APPLICABLE,June,3,Saturday,22,31,Rural,Medium Speed (Collector),No,48.59653333,-118.08537222,Non-Intersection,Dark - Not Lighted,Clear,Unknown,Unknown,Unknown EMS Scene Arrival Hour,Unknown EMS Scene Arrival Minutes,Unknown,Unknown EMS Hospital Arrival Time,2,Dark - Unlighted,Clear,2,1,"['Driver', 'Front_Passenger']","['Shoulder_Lapbelt', 'Shoulder_Lapbelt']",1,1,Valid,0.0,0.0,27.0,27.0,['Male'],3,0,2,4,3,Dry,Curve,Level,Lowest,No
36476,53,Washington,530478,0,1,1,0,1,SEATTLE,June,2,Friday,16,51,Urban,High Speed (Arterial),No,47.591625,-122.30240556,Complex/Circle,Daylight,Clear,Unknown,Unknown,Unknown EMS Scene Arrival Hour,Unknown EMS Scene Arrival Minutes,Not Applicable (Not Transported),Not Applicable (Not Transported),1,Daylight,Clear,1,0,['Driver'],['None_Used'],1,1,Valid,0.0,0.0,57.0,57.0,['Female'],1,0,2,4,3,Dry,Straight,Grade/Hillcrest,Lowest,No
36477,53,Washington,530479,0,1,1,0,1,SEATTLE,August,24,Thursday,4,3,Urban,High Speed (Arterial),No,47.55340833,-122.32118333,Simple Junction,Dark - Lighted,Clear,Unknown,Unknown,Unknown EMS Scene Arrival Hour,Unknown EMS Scene Arrival Minutes,Unknown,Unknown EMS Hospital Arrival Time,1,Dark - Lighted,Clear,1,0,['Driver'],['None_Used'],0,0,Valid,5.0,1.0,28.0,28.0,['Male'],0,0,2,4,3,Dry,Curve,Grade/Hillcrest,Lowest,No
36478,53,Washington,530480,0,1,1,0,1,TUKWILA,July,12,Wednesday,4,2,Urban,High Speed (Arterial),Yes,47.45689167,-122.26361111,Non-Intersection,Dark - Lighted,Clear,Unknown,Unknown,Unknown EMS Scene Arrival Hour,Unknown EMS Scene Arrival Minutes,Unknown,Unknown EMS Hospital Arrival Time,1,Dark - Lighted,Clear,1,0,['Driver'],['Shoulder_Lapbelt'],0,0,Valid,0.0,0.0,59.0,59.0,['Male'],0,0,2,4,3,Dry,Straight,Level,Lowest,No
36479,53,Washington,530481,0,1,1,0,1,NOT APPLICABLE,September,17,Sunday,23,17,Rural,Medium Speed (Collector),No,47.01495556,-120.46558333,Non-Intersection,Dark - Not Lighted,Clear,Unknown,Unknown,Unknown EMS Scene Arrival Hour,Unknown EMS Scene Arrival Minutes,Not Applicable (Not Transported),Not Applicable (Not Transported),1,Dark - Unlighted,Clear,1,0,['Driver'],['Shoulder_Lapbelt'],0,0,Valid,1.0,2.0,22.0,22.0,['Male'],0,0,3,4,3,Dry,Straight,Level,Lowest,No
36480,53,Washington,530482,0,1,1,0,1,VANCOUVER,September,17,Sunday,4,56,Urban,High Speed (Arterial),No,45.61251111,-122.59260556,Non-Intersection,Dark - Lighted,Clear,Unknown,Unknown,Unknown EMS Scene Arrival Hour,Unknown EMS Scene Arrival Minutes,Not Applicable (Not Transported),Not Applicable (Not Transported),1,Dark - Lighted,Clear,1,0,['Driver'],['None_Used'],1,1,Valid,0.0,0.0,25.0,25.0,['Female'],0,0,3,4,3,Dry,Straight,Level,Lowest,No
36481,53,Washington,530483,0,1,1,0,1,KENT,September,6,Wednesday,12,30,Urban,High Speed (Arterial),No,47.37943611,-122.24436944,Non-Intersection,Daylight,Clear,Unknown,Unknown,Unknown EMS Scene Arrival Hour,Unknown EMS Scene Arrival Minutes,Not Applicable (Not Transported),Not Applicable (Not Transported),1,Daylight,Clear,1,0,['Driver'],['None_Used'],0,0,Valid,0.0,0.0,54.0,54.0,['Male'],0,0,4,4,3,Dry,Straight,Level,Lowest,Yes
36482,53,Washington,530484,0,2,2,0,2,NOT APPLICABLE,September,7,Thursday,16,10,Urban,Medium Speed (Collector),No,47.22554722,-122.38804722,Non-Intersection,Daylight,Cloudy,Unknown,Unknown,Unknown EMS Scene Arrival Hour,Unknown EMS Scene Arrival Minutes,Unknown,Unknown EMS Hospital Arrival Time,1,Daylight,Reduced Visibility,1,1,['Driver'],['Shoulder_Lapbelt'],0,0,Valid,1.0,3.0,55.0,29.0,"['Male', 'Male']",0,0,3,4,5,Dry,Curve,Grade/Hillcrest,Lowest,No
36483,53,Washington,530485,0,1,1,0,1,NOT APPLICABLE,September,1,Friday,17,24,Rural,Low Speed (Local),No,46.31944167,-119.87352778,Non-Intersection,Daylight,Clear,Unknown,Unknown,Unknown EMS Scene Arrival Hour,Unknown EMS Scene Arrival Minutes,Not Applicable (Not Transported),Not Applicable (Not Transported),1,Daylight,Clear,1,0,['Driver'],['None_Used'],1,1,Invalid,0.0,1.0,43.0,43.0,['Male'],1,0,3,4,3,Dry,Straight,Grade/Hillcrest,Lowest,No
36484,53,Washington,530486,0,1,1,0,3,NOT APPLICABLE,August,29,Tuesday,0,50,Urban,Medium Speed (Collector),No,47.33596389,-122.04588333,Simple Junction,Dark - Not Lighted,Clear,Unknown,Unknown,Unknown EMS Scene Arrival Hour,Unknown EMS Scene Arrival Minutes,Unknown,Unknown EMS Hospital Arrival Time,1,Dark - Unlighted,Clear,1,2,['Driver'],['None_Used'],0,0,Invalid,1.0,0.0,18.0,18.0,['Male'],3,0,2,4,3,Dry,Curve,Grade/Hillcrest,Lowest,Yes
36485,53,Washington,530487,0,2,2,0,4,NOT APPLICABLE,September,1,Friday,14,5,Urban,High Speed (Arterial),No,47.28233611,-122.56102778,Non-Intersection,Daylight,Clear,Unknown,Unknown,Unknown EMS Scene Arrival Hour,Unknown EMS Scene Arrival Minutes,Unknown,Unknown EMS Hospital Arrival Time,2,Daylight,Clear,2,2,"['Driver', 'Front_Passenger']","['Shoulder_Lapbelt', 'Shoulder_Lapbelt']",0,0,Valid,1.0,0.0,61.0,33.0,"['Female', 'Male']",0,0,3,4,5,Dry,Straight,Level,Medium,Yes
36486,53,Washington,530488,1,1,1,0,2,CHEHALIS,September,14,Thursday,0,46,Urban,High Speed (Arterial),Yes,46.66031667,-122.97829444,Non-Intersection,Dark - Not Lighted,Clear,Unknown,Unknown,Unknown EMS Scene Arrival Hour,Unknown EMS Scene Arrival Minutes,Not Applicable (Not Transported),Not Applicable (Not Transported),1,Dark - Unlighted,Clear,0,2,[],[],0,0,Invalid,0.0,0.0,27.0,27.0,['Male'],0,0,4,1,4,Dry,Straight,Level,Lowest,No
36487,53,Washington,530489,0,1,1,0,1,NOT APPLICABLE,September,10,Sunday,12,2,Rural,Medium Speed (Collector),No,47.44068611,-117.08291667,Non-Intersection,Daylight,Clear,Unknown,Unknown,Unknown EMS Scene Arrival Hour,Unknown EMS Scene Arrival Minutes,Not Applicable (Not Transported),Not Applicable (Not Transported),1,Daylight,Clear,1,0,['Driver'],['None_Used'],0,0,Invalid,0.0,0.0,60.0,60.0,['Male'],0,0,3,4,3,Dry,Straight,Level,Lowest,No
36488,53,Washington,530491,0,2,2,0,2,PUYALLUP,September,17,Sunday,2,59,Urban,High Speed (Arterial),No,47.21175278,-122.30518333,Non-Intersection,Dark - Lighted,Clear,Unknown,Unknown,Unknown EMS Scene Arrival Hour,Unknown EMS Scene Arrival Minutes,Not Applicable (Not Transported),Not Applicable (Not Transported),1,Dark - Lighted,Clear,1,1,['Driver'],['None_Used'],0,0,Valid,1.0,0.0,38.0,34.0,"['Male', 'Male']",0,0,5,4,5,Dry,Straight,Level,Lowest,No
36489,53,Washington,530492,0,1,1,0,1,NOT APPLICABLE,August,27,Sunday,1,43,Urban,High Speed (Arterial),Yes,47.7233,-117.35777222,Complex/Circle,Dark - Lighted,Clear,Unknown,Unknown,Unknown EMS Scene Arrival Hour,Unknown EMS Scene Arrival Minutes,Not Applicable (Not Transported),Not Applicable (Not Transported),1,Dark - Lighted,Clear,1,0,['Driver'],['None_Used'],0,0,Valid,1.0,1.0,55.0,55.0,['Male'],0,0,5,1,3,Dry,Curve,Level,Lowest,No
36490,53,Washington,530493,0,1,1,0,1,NOT APPLICABLE,September,18,Monday,21,30,Rural,Medium Speed (Collector),No,46.862225,-122.30993611,Non-Intersection,Dark - Not Lighted,Clear,Unknown,Unknown,Unknown EMS Scene Arrival Hour,Unknown EMS Scene Arrival Minutes,Not Applicable (Not Transported),Not Applicable (Not Transported),1,Dark - Unlighted,Clear,1,0,['Driver'],['Shoulder_Lapbelt'],1,1,Valid,1.0,0.0,31.0,31.0,['Male'],1,0,2,4,3,Dry,Straight,Level,Lowest,No
36491,53,Washington,530494,0,2,2,0,2,NOT APPLICABLE,June,16,Friday,17,1,Urban,Medium Speed (Collector),No,46.36446389,-117.06468611,Non-Intersection,Daylight,Clear,Unknown,Unknown,Unknown EMS Scene Arrival Hour,Unknown EMS Scene Arrival Minutes,Unknown,Unknown EMS Hospital Arrival Time,1,Daylight,Clear,1,1,['Driver'],['None_Used'],1,1,Valid,1.0,0.0,90.0,61.0,"['Female', 'Male']",0,0,5,4,5,Dry,Straight,Level,Lowest,No
36492,53,Washington,530495,0,2,2,0,3,LONGVIEW,September,18,Monday,13,20,Urban,High Speed (Arterial),No,46.138825,-122.93651667,Complex/Circle,Daylight,Clear,Unknown,Unknown,Unknown EMS Scene Arrival Hour,Unknown EMS Scene Arrival Minutes,Unknown,Unknown EMS Hospital Arrival Time,1,Daylight,Clear,1,2,['Driver'],['None_Used'],1,1,Valid,0.0,1.0,74.0,28.0,"['Male', 'Male']",1,0,5,4,5,Dry,Straight,Level,Lowest,No
36493,53,Washington,530496,0,1,1,0,1,WESTPORT,May,1,Monday,22,30,Urban,Low Speed (Local),No,46.90002222,-124.11160278,Simple Junction,Dark - Not Lighted,Clear,Unknown,Unknown,Unknown EMS Scene Arrival Hour,Unknown EMS Scene Arrival Minutes,Not Applicable (Not Transported),Not Applicable (Not Transported),1,Dark - Unlighted,Clear,1,0,['Driver'],['None_Used'],0,0,Valid,0.0,0.0,33.0,33.0,['Male'],0,0,3,4,3,Dry,Curve,Level,Lowest,No
36494,53,Washington,530498,0,2,2,0,3,NOT APPLICABLE,June,2,Friday,19,55,Rural,High Speed (Arterial),No,47.32628333,-122.89172778,Non-Intersection,Daylight,Clear,Unknown,Unknown,Unknown EMS Scene Arrival Hour,Unknown EMS Scene Arrival Minutes,Unknown,Unknown EMS Hospital Arrival Time,1,Daylight,Clear,1,2,['Driver'],['Shoulder_Lapbelt'],1,1,Valid,1.0,0.0,37.0,36.0,"['Male', 'Female']",0,0,3,4,5,Dry,Straight,Level,Lowest,No
36495,53,Washington,530499,0,2,2,0,6,FEDERAL WAY,June,9,Friday,2,38,Urban,High Speed (Arterial),No,47.29319167,-122.33816389,Non-Intersection,Dark - Lighted,Rain,Unknown,Unknown,Unknown EMS Scene Arrival Hour,Unknown EMS Scene Arrival Minutes,Unknown,Unknown EMS Hospital Arrival Time,1,Dark - Lighted,Rain/Wind/Minor,1,2,['Rear_Seat'],['Shoulder_Lapbelt'],1,1,Valid,2.0,1.0,53.0,18.0,"['Female', 'Female']",4,0,3,1,5,Wet/Standing Water,Curve,Grade/Hillcrest,Lowest,No
36496,53,Washington,530500,0,1,1,0,1,NOT APPLICABLE,September,16,Saturday,13,12,Rural,High Speed (Arterial),Yes,47.84655,-117.42180556,Non-Intersection,Daylight,Clear,Unknown,Unknown,Unknown EMS Scene Arrival Hour,Unknown EMS Scene Arrival Minutes,Not Applicable (Not Transported),Not Applicable (Not Transported),1,Daylight,Clear,1,0,['Driver'],['Shoulder_Lapbelt'],0,0,Valid,0.0,1.0,85.0,85.0,['Female'],1,0,3,4,3,Dry,Straight,Level,Lowest,No
36497,53,Washington,530501,0,1,1,0,1,NOT APPLICABLE,September,22,Friday,22,39,Rural,Medium Speed (Collector),No,46.27414722,-118.12219167,Non-Intersection,Dark - Not Lighted,Cloudy,Unknown,Unknown,Unknown EMS Scene Arrival Hour,Unknown EMS Scene Arrival Minutes,Not Applicable (Not Transported),Not Applicable (Not Transported),1,Dark - Unlighted,Reduced Visibility,1,0,['Driver'],['Shoulder_Lapbelt'],0,0,Valid,1.0,0.0,41.0,41.0,['Male'],1,0,3,4,3,Dry,Curve,Level,Lowest,No
36498,53,Washington,530502,0,1,1,0,1,NOT APPLICABLE,September,23,Saturday,22,0,Rural,Medium Speed (Collector),No,48.11596389,-121.94868333,Non-Intersection,Dark - Not Lighted,Rain,Unknown,Unknown,Unknown EMS Scene Arrival Hour,Unknown EMS Scene Arrival Minutes,Not Applicable (Not Transported),Not Applicable (Not Transported),1,Dark - Unlighted,Rain/Wind/Minor,1,0,['Driver'],['None_Used'],1,1,Valid,3.0,1.0,21.0,21.0,['Male'],1,0,3,4,3,Wet/Standing Water,Curve,Grade/Hillcrest,Lowest,No
36499,53,Washington,530503,0,2,2,0,3,NOT APPLICABLE,September,16,Saturday,14,5,Rural,Medium Speed (Collector),No,47.622975,-120.64736944,Non-Intersection,Daylight,Clear,Unknown,Unknown,Unknown EMS Scene Arrival Hour,Unknown EMS Scene Arrival Minutes,Not Applicable (Not Transported),Not Applicable (Not Transported),1,Daylight,Clear,1,2,['Driver'],['None_Used'],0,0,Valid,0.0,0.0,64.0,30.0,"['Female', 'Male']",0,0,5,4,5,Dry,Curve,Level,Lowest,No
36500,53,Washington,530504,0,2,2,0,5,LAKEWOOD,September,22,Friday,21,59,Urban,High Speed (Arterial),No,47.18937778,-122.50874444,Non-Intersection,Dark - Lighted,Clear,Unknown,Unknown,Unknown EMS Scene Arrival Hour,Unknown EMS Scene Arrival Minutes,Unknown,Unknown EMS Hospital Arrival Time,2,Dark - Lighted,Clear,2,3,"['Front_Passenger', 'Rear_Seat']","['Shoulder_Lapbelt', 'Child_Safety']",0,0,Valid,2.0,0.0,33.0,32.0,"['Male', 'Male']",0,0,3,4,5,Dry,Straight,Level,Lowest,No
36501,53,Washington,530505,0,1,1,0,1,KENT,September,15,Friday,21,1,Urban,High Speed (Arterial),No,47.37985556,-122.27488056,Non-Intersection,Dark - Not Lighted,Clear,Unknown,Unknown,Unknown EMS Scene Arrival Hour,Unknown EMS Scene Arrival Minutes,Not Applicable (Not Transported),Not Applicable (Not Transported),1,Dark - Unlighted,Clear,1,0,['Driver'],['None_Used'],0,0,Valid,0.0,2.0,20.0,20.0,['Male'],0,0,2,4,3,Dry,Curve,Grade/Hillcrest,Lowest,No