,State_Code,State_Name,Crash_ID,Count_Non_Motorists,Count_Vehicles_Total,Count_Vehicle_Forms,Count_PVH_Involved,Count_Occupants_MV,City_Name,Month_Name,Day_of_Month,Day_of_Week,Crash_Hour,Crash_Minute,Area_Rural_Urban,Road_Functional_Class,On_NHS_Road,Latitude,Longitude,Intersection_Type,Light_Condition,Weather_Condition,Notif_Hour,Notif_Minute,Arrival_Hour,Arrival_Minute,Hospital_Hour,Hospital_Minute,Fatalities_Count,Clean_Light_Condition,Clean_Weather_Condition,Total_Killed,Total_Alive,Fatal_Seats_List,Killed_Restraint_List,Any_Driver_Drinking,Total_Drinking_Drivers,Driver_License_Category,Driver_Max_Prev_Accident_Count,Driver_Max_Prev_Speeding_Count,Max_Driver_Age,Min_Driver_Age,Driver_Sex_List,Total_Exceeding_Limit_Vehicles,Total_Too_Fast_Vehicles,Max_Vehicle_Type_Severity_5,Max_Vehicle_Damage_Rank,Max_Harmful_Event_Severity,Crash_Road_Surface_Condition,Crash_Horizontal_Alignment,Crash_Vertical_Profile,Crash_Impairment_Category,Crash_Vehicle_Defect
36502,53,Washington,530506,0,1,1,0,1,NOT APPLICABLE,September,23,Saturday,8,0,Rural,Medium Speed (Collector),No,45.85135278,-122.52278056,Non-Intersection,Daylight,Clear,Unknown,Unknown,Unknown EMS Scene Arrival Hour,Unknown EMS Scene Arrival Minutes,Not Applicable (Not Transported),Not Applicable (Not Transported),1,Daylight,Clear,1,0,['Driver'],['None_Used'],1,1,Valid,0.0,0.0,19.0,19.0,['Male'],0,0,3,4,3,Dry,Curve,Level,Lowest,No
36503,53,Washington,530507,0,1,1,0,2,NOT APPLICABLE,September,2,Saturday,18,55,Rural,Low Speed (Local),No,47.77313611,-123.98273333,Non-Intersection,Daylight,Clear,Unknown,Unknown,Unknown EMS Scene Arrival Hour,Unknown EMS Scene Arrival Minutes,Not Applicable (Not Transported),Not Applicable (Not Transported),1,Daylight,Clear,1,1,['Driver'],['None_Used'],0,0,Valid,0.0,0.0,16.0,16.0,['Male'],2,0,3,4,3,Dry,Straight,Level,Lowest,No
36504,53,Washington,530508,0,2,2,0,2,NOT APPLICABLE,September,26,Tuesday,14,0,Urban,High Speed (Arterial),Yes,46.63364444,-122.94154444,Non-Intersection,Daylight,Rain,Unknown,Unknown,Unknown EMS Scene Arrival Hour,Unknown EMS Scene Arrival Minutes,Not Applicable (Not Transported),Not Applicable (Not Transported),1,Daylight,Rain/Wind/Minor,1,1,['Driver'],['Shoulder_Lapbelt'],0,0,Valid,1.0,0.0,44.0,23.0,"['Male', 'Male']",0,0,4,4,5,Wet/Standing Water,Straight,Level,Lowest,No
36505,53,Washington,530509,1,1,1,0,1,NOT APPLICABLE,September,22,Friday,20,9,Urban,Medium Speed (Collector),No,47.18585833,-122.40779167,Non-Intersection,Dark - Not Lighted,Clear,Unknown,Unknown,Unknown EMS Scene Arrival Hour,Unknown EMS Scene Arrival Minutes,Not Applicable (Not Transported),Not Applicable (Not Transported),1,Dark - Unlighted,Clear,0,0,[],[],0,0,Invalid,0.0,0.0,999.0,999.0,['Other'],0,0,3,0,4,Dry,Straight,Level,Lowest,No
36506,53,Washington,530510,1,1,1,0,1,SPOKANE,September,10,Sunday,20,10,Urban,High Speed (Arterial),Yes,47.66406111,-117.41105,Complex/Circle,Dark - Lighted,Clear,Unknown,Unknown,Unknown EMS Scene Arrival Hour,Unknown EMS Scene Arrival Minutes,Unknown,Unknown EMS Hospital Arrival Time,1,Dark - Lighted,Clear,0,1,[],[],0,0,Valid,1.0,1.0,21.0,21.0,['Male'],0,0,3,1,4,Dry,Straight,Level,Lowest,No
36507,53,Washington,530511,0,1,1,0,2,NOT APPLICABLE,August,7,Monday,17,32,Rural,High Speed (Arterial),Yes,47.54203889,-117.63561944,Non-Intersection,Daylight,Cloudy,Unknown,Unknown,Unknown EMS Scene Arrival Hour,Unknown EMS Scene Arrival Minutes,Unknown,Unknown EMS Hospital Arrival Time,1,Daylight,Reduced Visibility,1,1,['Front_Passenger'],['Shoulder_Lapbelt'],1,1,Valid,1.0,2.0,53.0,53.0,['Female'],0,0,3,4,3,Dry,Straight,Level,Lowest,No
36508,53,Washington,530512,0,2,2,0,3,BOTHELL,September,16,Saturday,2,17,Urban,High Speed (Arterial),Yes,47.74734444,-122.187225,Non-Intersection,Dark - Lighted,Clear,Unknown,Unknown,Unknown EMS Scene Arrival Hour,Unknown EMS Scene Arrival Minutes,Not Applicable (Not Transported),Not Applicable (Not Transported),2,Dark - Lighted,Clear,2,1,"['Driver', 'Driver']","['Shoulder_Lapbelt', 'Shoulder_Lapbelt']",1,1,Valid,0.0,0.0,48.0,32.0,"['Female', 'Male']",0,0,2,4,5,Dry,Straight,Level,Lowest,No
36509,53,Washington,530514,0,3,3,0,3,NOT APPLICABLE,September,29,Friday,10,19,Urban,High Speed (Arterial),No,47.05311667,-122.7827,Complex/Circle,Daylight,Clear,Unknown,Unknown,Unknown EMS Scene Arrival Hour,Unknown EMS Scene Arrival Minutes,Unknown,Unknown EMS Hospital Arrival Time,1,Daylight,Clear,1,2,['Driver'],['None_Used'],0,0,Invalid,0.0,0.0,72.0,34.0,"['Male', 'Female', 'Male']",1,0,5,4,5,Dry,Straight,Level,Lowest,No
36510,53,Washington,530515,1,1,1,0,1,BREMERTON,September,30,Saturday,3,27,Urban,High Speed (Arterial),No,47.50869444,-122.74526111,Non-Intersection,Dark - Not Lighted,Clear,Unknown,Unknown,Unknown EMS Scene Arrival Hour,Unknown EMS Scene Arrival Minutes,Not Applicable (Not Transported),Not Applicable (Not Transported),1,Dark - Unlighted,Clear,0,1,[],[],0,0,Valid,0.0,1.0,19.0,19.0,['Male'],1,0,3,1,4,Dry,Straight,Grade/Hillcrest,Lowest,No
36511,53,Washington,530516,0,2,2,0,9,LAKEWOOD,September,21,Thursday,5,30,Urban,High Speed (Arterial),Yes,47.14476667,-122.50870556,Non-Intersection,Dark - Lighted,Clear,Unknown,Unknown,Unknown EMS Scene Arrival Hour,Unknown EMS Scene Arrival Minutes,Unknown,Unknown EMS Hospital Arrival Time,2,Dark - Lighted,Clear,2,7,"['Rear_Seat', 'Rear_Seat']","['Shoulder_Lapbelt', 'Shoulder_Lapbelt']",0,0,Valid,0.0,5.0,999.0,43.0,"['Male', 'Other']",0,0,3,4,5,Dry,Straight,Level,Lowest,Yes
36512,53,Washington,530517,0,2,2,0,5,NOT APPLICABLE,September,24,Sunday,20,59,Urban,High Speed (Arterial),Yes,47.60294722,-117.54035278,Non-Intersection,Dark - Unknown Lighting,Clear,Unknown,Unknown,Unknown EMS Scene Arrival Hour,Unknown EMS Scene Arrival Minutes,Unknown,Unknown EMS Hospital Arrival Time,1,Dark - Unlighted,Clear,1,4,['Front_Passenger'],['None_Used'],1,1,Valid,0.0,0.0,23.0,23.0,"['Male', 'Female']",1,0,3,4,5,Dry,Straight,Level,Lowest,No
36513,53,Washington,530518,0,1,1,0,1,NOT APPLICABLE,September,23,Saturday,1,48,Urban,Medium Speed (Collector),No,47.37051389,-122.00809444,Non-Intersection,Dark - Not Lighted,Clear,Unknown,Unknown,Unknown EMS Scene Arrival Hour,Unknown EMS Scene Arrival Minutes,Not Applicable (Not Transported),Not Applicable (Not Transported),1,Dark - Unlighted,Clear,1,0,['Driver'],['Shoulder_Lapbelt'],1,1,Valid,0.0,0.0,26.0,26.0,['Male'],1,0,2,4,3,Dry,Curve,Level,Lowest,No
36514,53,Washington,530519,0,2,2,0,6,NOT APPLICABLE,October,1,Sunday,3,22,Rural,Medium Speed (Collector),No,48.913625,-122.44200833,Complex/Circle,Dark - Not Lighted,"Fog, Smog, Smoke",Unknown,Unknown,Unknown EMS Scene Arrival Hour,Unknown EMS Scene Arrival Minutes,Unknown,Unknown EMS Hospital Arrival Time,1,Dark - Unlighted,Reduced Visibility,1,5,['Front_Passenger'],['None_Used'],1,1,Invalid,0.0,0.0,56.0,22.0,"['Male', 'Female']",0,0,3,4,5,Dry,Straight,Level,Lowest,No
36515,53,Washington,530520,0,1,1,0,2,BELLEVUE,September,30,Saturday,4,9,Urban,High Speed (Arterial),No,47.63912222,-122.19623611,Non-Intersection,Dark - Lighted,Clear,Unknown,Unknown,Unknown EMS Scene Arrival Hour,Unknown EMS Scene Arrival Minutes,Unknown,Unknown EMS Hospital Arrival Time,1,Dark - Lighted,Clear,1,1,['Front_Passenger'],['Shoulder_Lapbelt'],0,0,Valid,0.0,0.0,26.0,26.0,['Female'],2,0,2,4,3,Dry,Curve,Grade/Hillcrest,Lowest,No
36516,53,Washington,530521,0,2,2,0,2,NOT APPLICABLE,September,25,Monday,10,29,Rural,Medium Speed (Collector),No,47.55415833,-121.83563333,Non-Intersection,Daylight,Rain,Unknown,Unknown,Unknown EMS Scene Arrival Hour,Unknown EMS Scene Arrival Minutes,Unknown,Unknown EMS Hospital Arrival Time,1,Daylight,Rain/Wind/Minor,1,1,['Driver'],['Shoulder_Lapbelt'],0,0,Valid,0.0,2.0,70.0,51.0,"['Female', 'Male']",1,0,3,4,5,Wet/Standing Water,Curve,Grade/Hillcrest,Lowest,No
36517,53,Washington,530522,0,2,2,0,2,LACEY,October,1,Sunday,1,51,Urban,High Speed (Arterial),Yes,47.04715278,-122.82159444,Non-Intersection,Dark - Not Lighted,"Fog, Smog, Smoke",Unknown,Unknown,Unknown EMS Scene Arrival Hour,Unknown EMS Scene Arrival Minutes,Not Applicable (Not Transported),Not Applicable (Not Transported),1,Dark - Unlighted,Reduced Visibility,1,1,['Driver'],['None_Used'],1,1,Valid,0.0,1.0,38.0,21.0,"['Female', 'Male']",0,0,4,4,5,Dry,Curve,Grade/Hillcrest,Lowest,No
36518,53,Washington,530523,0,2,2,0,2,LYNNWOOD,October,1,Sunday,14,42,Urban,High Speed (Arterial),No,47.82498056,-122.31179722,Non-Intersection,Daylight,Clear,Unknown,Unknown,Unknown EMS Scene Arrival Hour,Unknown EMS Scene Arrival Minutes,Not Applicable (Not Transported),Not Applicable (Not Transported),1,Daylight,Clear,1,1,['Driver'],['Shoulder_Lapbelt'],0,0,Valid,0.0,0.0,74.0,19.0,"['Male', 'Female']",0,0,2,4,5,Dry,Straight,Level,Lowest,No
36519,53,Washington,530524,0,1,1,0,1,NOT APPLICABLE,September,22,Friday,17,0,Rural,Low Speed (Local),No,47.93953056,-122.41759444,Non-Intersection,Daylight,Clear,Unknown,Unknown,Unknown EMS Scene Arrival Hour,Unknown EMS Scene Arrival Minutes,Not Applicable (Not Transported),Not Applicable (Not Transported),1,Daylight,Clear,1,0,['Driver'],['None_Used'],0,0,Valid,1.0,0.0,61.0,61.0,['Male'],1,0,5,4,2,Dry,Curve,Level,Lowest,No
36520,53,Washington,530525,0,2,2,0,3,KENNEWICK,September,19,Tuesday,17,25,Urban,High Speed (Arterial),No,46.23230833,-119.24382778,Non-Intersection,Daylight,Clear,Unknown,Unknown,Unknown EMS Scene Arrival Hour,Unknown EMS Scene Arrival Minutes,Unknown,Unknown EMS Hospital Arrival Time,1,Daylight,Clear,1,2,['Front_Passenger'],['Shoulder_Lapbelt'],0,0,Valid,2.0,1.0,25.0,21.0,"['Female', 'Male']",0,0,3,4,5,Dry,Straight,Level,Lowest,No
36521,53,Washington,530526,0,1,1,0,1,NOT APPLICABLE,October,1,Sunday,21,40,Rural,Medium Speed (Collector),No,46.62388889,-123.27726667,Non-Intersection,Dark - Not Lighted,Clear,Unknown,Unknown,Unknown EMS Scene Arrival Hour,Unknown EMS Scene Arrival Minutes,Not Applicable (Not Transported),Not Applicable (Not Transported),1,Dark - Unlighted,Clear,1,0,['Driver'],['None_Used'],1,1,Invalid,0.0,0.0,57.0,57.0,['Male'],0,0,2,4,3,Dry,Curve,Grade/Hillcrest,Lowest,No
36522,53,Washington,530527,0,1,1,0,1,NOT APPLICABLE,October,1,Sunday,18,43,Rural,Medium Speed (Collector),No,47.34864167,-119.54386944,Non-Intersection,Daylight,Clear,Unknown,Unknown,Unknown EMS Scene Arrival Hour,Unknown EMS Scene Arrival Minutes,Not Applicable (Not Transported),Not Applicable (Not Transported),1,Daylight,Clear,1,0,['Driver'],['None_Used'],1,1,Invalid,0.0,0.0,48.0,48.0,['Male'],1,0,5,4,3,Dry,Curve,Level,Lowest,No
36523,53,Washington,530529,0,3,3,0,9,RENTON,April,29,Saturday,21,56,Urban,Medium Speed (Collector),No,47.45831667,-122.18594444,Non-Intersection,Dark - Lighted,Clear,Unknown,Unknown,Unknown EMS Scene Arrival Hour,Unknown EMS Scene Arrival Minutes,Unknown,Unknown EMS Hospital Arrival Time,1,Dark - Lighted,Clear,1,7,['Front_Passenger'],['None_Used'],1,1,Invalid,1.0,1.0,38.0,22.0,"['Male', 'Male', 'Male']",0,0,3,4,5,Dry,Straight,Level,Lowest,No
36524,53,Washington,530532,0,2,2,0,3,NOT APPLICABLE,October,2,Monday,8,14,Rural,Medium Speed (Collector),No,46.84757222,-122.98140833,Non-Intersection,Daylight,Rain,Unknown,Unknown,Unknown EMS Scene Arrival Hour,Unknown EMS Scene Arrival Minutes,Not Applicable (Not Transported),Not Applicable (Not Transported),1,Daylight,Rain/Wind/Minor,1,2,['Driver'],['None_Used'],0,0,Valid,0.0,0.0,66.0,55.0,"['Female', 'Female']",0,0,2,4,5,Wet/Standing Water,Curve,Level,Lowest,No
36525,53,Washington,530533,0,2,2,0,2,LACEY,August,25,Friday,11,25,Urban,Medium Speed (Collector),No,47.07471944,-122.75019167,Non-Intersection,Daylight,Clear,Unknown,Unknown,Unknown EMS Scene Arrival Hour,Unknown EMS Scene Arrival Minutes,Unknown,Unknown EMS Hospital Arrival Time,1,Daylight,Clear,1,1,['Driver'],['Shoulder_Lapbelt'],0,0,Valid,2.0,1.0,77.0,43.0,"['Male', 'Male']",0,0,3,4,5,Wet/Standing Water,Curve,Level,Lowest,No
36526,53,Washington,530534,0,1,1,0,2,BURIEN,September,23,Saturday,3,54,Urban,Medium Speed (Collector),No,47.47387222,-122.31678889,Non-Intersection,Dark - Lighted,Clear,Unknown,Unknown,Unknown EMS Scene Arrival Hour,Unknown EMS Scene Arrival Minutes,Unknown,Unknown EMS Hospital Arrival Time,1,Dark - Lighted,Clear,1,1,['Front_Passenger'],['None_Used'],1,1,Invalid,0.0,0.0,31.0,31.0,['Male'],0,0,2,4,3,Dry,Curve,Level,Lowest,No
36527,53,Washington,530535,0,3,3,0,4,TUKWILA,October,4,Wednesday,12,5,Urban,High Speed (Arterial),No,47.46877222,-122.28709444,Complex/Circle,Daylight,Clear,Unknown,Unknown,Unknown EMS Scene Arrival Hour,Unknown EMS Scene Arrival Minutes,Unknown,Unknown EMS Hospital Arrival Time,1,Daylight,Clear,1,3,['Driver'],['None_Used'],0,0,Valid,2.0,2.0,77.0,43.0,"['Female', 'Male', 'Male']",2,0,3,4,5,Dry,Straight,Level,Lowest,No
36528,53,Washington,530536,0,2,2,0,2,TACOMA,October,8,Sunday,12,38,Urban,Medium Speed (Collector),No,47.27895833,-122.38729722,Simple Junction,Daylight,Clear,Unknown,Unknown,Unknown EMS Scene Arrival Hour,Unknown EMS Scene Arrival Minutes,Not Applicable (Not Transported),Not Applicable (Not Transported),1,Daylight,Clear,1,1,['Driver'],['None_Used'],0,0,Valid,0.0,0.0,31.0,22.0,"['Female', 'Female']",0,0,5,4,5,Dry,Straight,Level,Lowest,No
36529,53,Washington,530537,0,1,1,0,6,NOT APPLICABLE,October,6,Friday,21,20,Rural,Low Speed (Local),No,46.16891389,-119.3452,Non-Intersection,Dark - Not Lighted,Clear,Unknown,Unknown,Unknown EMS Scene Arrival Hour,Unknown EMS Scene Arrival Minutes,Unknown,Unknown EMS Hospital Arrival Time,2,Dark - Unlighted,Clear,2,4,"['Rear_Seat', 'Rear_Seat']","['None_Used', 'None_Used']",0,0,Valid,0.0,0.0,16.0,16.0,['Female'],6,0,2,4,3,Dry,Curve,Grade/Hillcrest,Lowest,No
36530,53,Washington,530538,0,2,2,0,2,NOT APPLICABLE,October,8,Sunday,0,55,Urban,Medium Speed (Collector),No,47.15113333,-122.43699722,Complex/Circle,Dark - Lighted,Clear,Unknown,Unknown,Unknown EMS Scene Arrival Hour,Unknown EMS Scene Arrival Minutes,Unknown,Unknown EMS Hospital Arrival Time,1,Dark - Lighted,Clear,1,1,['Driver'],['None_Used'],0,0,Invalid,0.0,0.0,45.0,38.0,"['Female', 'Male']",0,0,5,4,5,Dry,Straight,Level,Lowest,No
36531,53,Washington,530539,0,1,1,0,2,NOT APPLICABLE,October,8,Sunday,1,44,Rural,Medium Speed (Collector),No,47.27436944,-122.76918889,Non-Intersection,Dark - Not Lighted,Clear,Unknown,Unknown,Unknown EMS Scene Arrival Hour,Unknown EMS Scene Arrival Minutes,Not Applicable (Not Transported),Not Applicable (Not Transported),2,Dark - Unlighted,Clear,2,0,"['Driver', 'Front_Passenger']","['Shoulder_Lapbelt', 'Shoulder_Lapbelt']",0,0,Valid,2.0,2.0,62.0,62.0,['Female'],2,0,2,4,3,Dry,Curve,Level,Lowest,No
36532,53,Washington,530540,0,5,5,0,5,MILL CREEK,September,7,Thursday,19,24,Urban,High Speed (Arterial),No,47.85925556,-122.21895556,Complex/Circle,Dusk,Clear,Unknown,Unknown,Unknown EMS Scene Arrival Hour,Unknown EMS Scene Arrival Minutes,Not Applicable (Not Transported),Not Applicable (Not Transported),1,Twilight,Clear,1,4,['Driver'],['None_Used'],0,0,Valid,1.0,1.0,59.0,24.0,"['Male', 'Male', 'Female', 'Male', 'Male']",1,0,5,4,5,Dry,Straight,Level,Lowest,No
36533,53,Washington,530541,0,1,1,0,2,NOT APPLICABLE,September,12,Tuesday,19,18,Rural,Low Speed (Local),No,48.745075,-117.49793889,Non-Intersection,Dusk,Clear,Unknown,Unknown,Unknown EMS Scene Arrival Hour,Unknown EMS Scene Arrival Minutes,Not Applicable (Not Transported),Not Applicable (Not Transported),1,Twilight,Clear,1,1,['Driver'],['None_Used'],1,1,Valid,0.0,0.0,60.0,60.0,['Male'],2,0,3,4,3,Dry,Curve,Level,Lowest,No
36534,53,Washington,530542,0,1,1,0,1,NOT APPLICABLE,October,6,Friday,18,51,Rural,High Speed (Arterial),No,45.64848333,-121.11830833,Non-Intersection,Dark - Not Lighted,Clear,Unknown,Unknown,Unknown EMS Scene Arrival Hour,Unknown EMS Scene Arrival Minutes,Not Applicable (Not Transported),Not Applicable (Not Transported),1,Dark - Unlighted,Clear,1,0,['Driver'],['None_Used'],1,1,Valid,0.0,0.0,53.0,53.0,['Male'],1,0,5,4,2,Dry,Curve,Level,Lowest,No
36535,53,Washington,530543,0,1,1,0,1,KENT,October,7,Saturday,1,55,Urban,High Speed (Arterial),No,47.41565,-122.21228056,Non-Intersection,Dark - Lighted,Clear,Unknown,Unknown,Unknown EMS Scene Arrival Hour,Unknown EMS Scene Arrival Minutes,Not Applicable (Not Transported),Not Applicable (Not Transported),1,Dark - Lighted,Clear,1,0,['Driver'],['Shoulder_Lapbelt'],1,1,Valid,0.0,0.0,22.0,22.0,['Female'],1,0,2,4,3,Dry,Curve,Grade/Hillcrest,Lowest,No
36536,53,Washington,530544,0,1,1,0,2,NOT APPLICABLE,August,22,Tuesday,2,30,Rural,Medium Speed (Collector),No,48.65829722,-122.95225556,Non-Intersection,Dark - Not Lighted,Clear,Unknown,Unknown,Unknown EMS Scene Arrival Hour,Unknown EMS Scene Arrival Minutes,Not Applicable (Not Transported),Not Applicable (Not Transported),2,Dark - Unlighted,Clear,2,0,"['Driver', 'Front_Passenger']","['Shoulder_Lapbelt', 'Lapbelt_Only']",1,1,Invalid,0.0,0.0,22.0,22.0,['Male'],2,0,2,4,3,Dry,Curve,Grade/Hillcrest,Lowest,No
36537,53,Washington,530546,0,3,3,0,3,SEATTLE,June,8,Thursday,17,25,Urban,High Speed (Arterial),No,47.57438611,-122.32910278,Complex/Circle,Daylight,Clear,Unknown,Unknown,Unknown EMS Scene Arrival Hour,Unknown EMS Scene Arrival Minutes,Unknown,Unknown EMS Hospital Arrival Time,1,Daylight,Clear,1,2,['Driver'],['None_Used'],1,1,Valid,0.0,0.0,59.0,40.0,"['Male', 'Female', 'Male']",1,0,5,4,5,Dry,Straight,Level,Lowest,No
36538,53,Washington,530547,0,2,2,0,3,SEATTLE,July,9,Sunday,21,25,Urban,Medium Speed (Collector),No,47.58553611,-122.28750556,Simple Junction,Dusk,Clear,Unknown,Unknown,Unknown EMS Scene Arrival Hour,Unknown EMS Scene Arrival Minutes,Unknown,Unknown EMS Hospital Arrival Time,1,Twilight,Clear,1,2,['Driver'],['None_Used'],1,2,Invalid,0.0,0.0,34.0,22.0,"['Male', 'Female']",2,0,5,4,5,Dry,Curve,Grade/Hillcrest,Lowest,No
36539,53,Washington,530548,0,2,2,0,2,NOT APPLICABLE,September,6,Wednesday,16,27,Rural,High Speed (Arterial),Yes,47.08255,-122.67178333,Non-Intersection,Daylight,Cloudy,Unknown,Unknown,Unknown EMS Scene Arrival Hour,Unknown EMS Scene Arrival Minutes,Unknown,Unknown EMS Hospital Arrival Time,1,Daylight,Reduced Visibility,1,1,['Driver'],['None_Used'],0,0,Valid,2.0,0.0,84.0,73.0,"['Female', 'Male']",1,0,3,4,5,Dry,Straight,Level,Lowest,No
36540,53,Washington,530549,1,1,1,0,1,EVERETT,October,9,Monday,5,31,Urban,High Speed (Arterial),No,47.9664,-122.20098889,Non-Intersection,Dark - Lighted,Clear,Unknown,Unknown,Unknown EMS Scene Arrival Hour,Unknown EMS Scene Arrival Minutes,Unknown,Unknown EMS Hospital Arrival Time,1,Dark - Lighted,Clear,0,0,[],[],0,0,Invalid,0.0,0.0,999.0,999.0,['Other'],0,0,1,0,4,Dry,Straight,Grade/Hillcrest,Lowest,No
36541,53,Washington,530550,1,1,1,0,1,PACIFIC,October,8,Sunday,10,47,Urban,Medium Speed (Collector),No,47.27246389,-122.25618611,Complex/Circle,Daylight,Clear,Unknown,Unknown,Unknown EMS Scene Arrival Hour,Unknown EMS Scene Arrival Minutes,Not Applicable (Not Transported),Not Applicable (Not Transported),1,Daylight,Clear,0,1,[],[],0,0,Invalid,0.0,0.0,24.0,24.0,['Male'],0,0,4,1,4,Dry,Straight,Level,Lowest,No
36542,53,Washington,530551,0,1,1,0,4,SEATAC,October,9,Monday,23,33,Urban,Medium Speed (Collector),No,47.48871667,-122.29695,Complex/Circle,Dark - Lighted,Clear,Unknown,Unknown,Unknown EMS Scene Arrival Hour,Unknown EMS Scene Arrival Minutes,Unknown,Unknown EMS Hospital Arrival Time,3,Dark - Lighted,Clear,3,1,"['Driver', 'Front_Passenger', 'Rear_Seat']","['None_Used', 'None_Used', 'None_Used']",0,0,Valid,0.0,1.0,23.0,23.0,['Male'],0,0,2,4,3,Dry,Straight,Grade/Hillcrest,Lowest,No
36543,53,Washington,530552,1,1,1,0,2,TACOMA,October,10,Tuesday,19,49,Urban,High Speed (Arterial),No,47.07354444,-122.42147778,Non-Intersection,Dark - Lighted,Rain,Unknown,Unknown,Unknown EMS Scene Arrival Hour,Unknown EMS Scene Arrival Minutes,Not Applicable (Not Transported),Not Applicable (Not Transported),1,Dark - Lighted,Rain/Wind/Minor,0,2,[],[],0,0,Invalid,1.0,4.0,58.0,58.0,['Male'],0,0,2,1,4,Wet/Standing Water,Straight,Level,Lowest,No
36544,53,Washington,530553,0,1,1,0,1,MARYSVILLE,October,6,Friday,2,24,Urban,High Speed (Arterial),Yes,48.05300833,-122.18526389,Non-Intersection,Dark - Lighted,Clear,Unknown,Unknown,Unknown EMS Scene Arrival Hour,Unknown EMS Scene Arrival Minutes,Unknown,Unknown EMS Hospital Arrival Time,1,Dark - Lighted,Clear,1,0,['Driver'],['None_Used'],0,0,Invalid,0.0,0.0,32.0,32.0,['Female'],1,0,3,4,3,Dry,Straight,Level,Lowest,No
36545,53,Washington,530554,1,1,1,0,1,MARYSVILLE,October,4,Wednesday,8,11,Urban,High Speed (Arterial),Yes,48.04404167,-122.18096111,Non-Intersection,Daylight,Rain,Unknown,Unknown,Unknown EMS Scene Arrival Hour,Unknown EMS Scene Arrival Minutes,Not Applicable (Not Transported),Not Applicable (Not Transported),1,Daylight,Rain/Wind/Minor,0,0,[],[],0,0,Invalid,0.0,0.0,999.0,999.0,['Other'],0,0,1,0,4,Wet/Standing Water,Straight,Level,Lowest,No
36546,53,Washington,530555,0,1,1,0,1,NOT APPLICABLE,October,9,Monday,14,34,Rural,Medium Speed (Collector),No,46.72090556,-123.03418611,Non-Intersection,Daylight,Clear,Unknown,Unknown,Unknown EMS Scene Arrival Hour,Unknown EMS Scene Arrival Minutes,Unknown,Unknown EMS Hospital Arrival Time,1,Daylight,Clear,1,0,['Driver'],['Shoulder_Lapbelt'],1,1,Valid,0.0,0.0,53.0,53.0,['Female'],1,0,3,4,3,Dry,Curve,Level,Lowest,No
36547,53,Washington,530556,1,1,1,0,1,SEATAC,September,23,Saturday,22,27,Urban,High Speed (Arterial),No,47.41854722,-122.2968,Non-Intersection,Dark - Lighted,Rain,Unknown,Unknown,Unknown EMS Scene Arrival Hour,Unknown EMS Scene Arrival Minutes,Unknown,Unknown EMS Hospital Arrival Time,1,Dark - Lighted,Rain/Wind/Minor,0,1,[],[],0,0,Valid,0.0,0.0,47.0,47.0,['Male'],0,0,3,4,4,Wet/Standing Water,Straight,Level,Lowest,No
36548,53,Washington,530557,0,2,2,0,4,NOT APPLICABLE,October,10,Tuesday,15,15,Rural,Medium Speed (Collector),No,48.51451389,-121.67388056,Non-Intersection,Daylight,Rain,Unknown,Unknown,Unknown EMS Scene Arrival Hour,Unknown EMS Scene Arrival Minutes,Not Applicable (Not Transported),Not Applicable (Not Transported),1,Daylight,Rain/Wind/Minor,1,3,['Driver'],['Shoulder_Lapbelt'],0,0,Valid,0.0,0.0,42.0,17.0,"['Male', 'Female']",1,0,3,4,5,Wet/Standing Water,Curve,Grade/Hillcrest,Lowest,Yes
36549,53,Washington,530558,0,2,2,0,2,GIG HARBOR,October,7,Saturday,1,7,Urban,High Speed (Arterial),No,47.32843889,-122.59741111,Non-Intersection,Dark - Not Lighted,Clear,Unknown,Unknown,Unknown EMS Scene Arrival Hour,Unknown EMS Scene Arrival Minutes,Not Applicable (Not Transported),Not Applicable (Not Transported),1,Dark - Unlighted,Clear,1,1,['Driver'],['None_Used'],1,1,Valid,1.0,0.0,54.0,30.0,"['Female', 'Female']",0,0,5,4,5,Dry,Straight,Level,Lowest,No