,State_Code,State_Name,Crash_ID,Count_Non_Motorists,Count_Vehicles_Total,Count_Vehicle_Forms,Count_PVH_Involved,Count_Occupants_MV,City_Name,Month_Name,Day_of_Month,Day_of_Week,Crash_Hour,Crash_Minute,Area_Rural_Urban,Road_Functional_Class,On_NHS_Road,Latitude,Longitude,Intersection_Type,Light_Condition,Weather_Condition,Notif_Hour,Notif_Minute,Arrival_Hour,Arrival_Minute,Hospital_Hour,Hospital_Minute,Fatalities_Count,Clean_Light_Condition,Clean_Weather_Condition,Total_Killed,Total_Alive,Fatal_Seats_List,Killed_Restraint_List,Any_Driver_Drinking,Total_Drinking_Drivers,Driver_License_Category,Driver_Max_Prev_Accident_Count,Driver_Max_Prev_Speeding_Count,Max_Driver_Age,Min_Driver_Age,Driver_Sex_List,Total_Exceeding_Limit_Vehicles,Total_Too_Fast_Vehicles,Max_Vehicle_Type_Severity_5,Max_Vehicle_Damage_Rank,Max_Harmful_Event_Severity,Crash_Road_Surface_Condition,Crash_Horizontal_Alignment,Crash_Vertical_Profile,Crash_Impairment_Category,Crash_Vehicle_Defect
36550,53,Washington,530559,0,2,2,0,3,NOT APPLICABLE,October,13,Friday,11,55,Urban,Medium Speed (Collector),No,46.680775,-120.48266667,Simple Junction,Daylight,Clear,Unknown,Unknown,Unknown EMS Scene Arrival Hour,Unknown EMS Scene Arrival Minutes,Unknown,Unknown EMS Hospital Arrival Time,1,Daylight,Clear,1,2,['Driver'],['Shoulder_Lapbelt'],0,0,Valid,0.0,1.0,54.0,26.0,"['Female', 'Female']",0,0,3,4,5,Dry,Straight,Level,Lowest,Yes
36551,53,Washington,530562,1,1,1,0,1,NOT APPLICABLE,September,29,Friday,14,14,Rural,Medium Speed (Collector),No,46.52955556,-120.816475,Non-Intersection,Daylight,Cloudy,Unknown,Unknown,Unknown EMS Scene Arrival Hour,Unknown EMS Scene Arrival Minutes,Unknown,Unknown EMS Hospital Arrival Time,1,Daylight,Reduced Visibility,0,0,[],[],0,0,Invalid,0.0,0.0,999.0,999.0,['Other'],0,0,1,0,4,Dry,Straight,Grade/Hillcrest,Lowest,No
36552,53,Washington,530563,0,2,2,0,3,KENNEWICK,August,23,Wednesday,23,20,Urban,Medium Speed (Collector),No,46.20220833,-119.1484,Complex/Circle,Dark - Lighted,Clear,Unknown,Unknown,Unknown EMS Scene Arrival Hour,Unknown EMS Scene Arrival Minutes,Not Applicable (Not Transported),Not Applicable (Not Transported),1,Dark - Lighted,Clear,1,2,['Driver'],['None_Used'],1,1,Valid,1.0,1.0,40.0,20.0,"['Male', 'Male']",1,0,5,4,5,Dry,Straight,Grade/Hillcrest,Lowest,No
36553,53,Washington,530564,0,2,2,0,5,PASCO,October,12,Thursday,19,6,Urban,Low Speed (Local),No,46.26278056,-119.16135278,Non-Intersection,Dark - Lighted,Clear,Unknown,Unknown,Unknown EMS Scene Arrival Hour,Unknown EMS Scene Arrival Minutes,Unknown,Unknown EMS Hospital Arrival Time,1,Dark - Lighted,Clear,1,4,['Front_Passenger'],['Shoulder_Lapbelt'],0,0,Valid,0.0,1.0,36.0,22.0,"['Male', 'Female']",0,0,3,4,5,Dry,Straight,Level,Lowest,No
36554,53,Washington,530565,0,1,1,0,1,NOT APPLICABLE,October,23,Monday,13,0,Rural,Medium Speed (Collector),No,46.95161111,-122.29979722,Non-Intersection,Daylight,Cloudy,Unknown,Unknown,Unknown EMS Scene Arrival Hour,Unknown EMS Scene Arrival Minutes,Unknown,Unknown EMS Hospital Arrival Time,1,Daylight,Reduced Visibility,1,0,['Driver'],['Shoulder_Lapbelt'],0,0,Valid,0.0,0.0,16.0,16.0,['Male'],0,0,3,4,3,Dry,Curve,Level,Lowest,No
36555,53,Washington,530566,0,2,2,0,3,TACOMA,October,23,Monday,11,13,Urban,High Speed (Arterial),No,47.19049167,-122.49033333,Complex/Circle,Daylight,Clear,Unknown,Unknown,Unknown EMS Scene Arrival Hour,Unknown EMS Scene Arrival Minutes,Unknown,Unknown EMS Hospital Arrival Time,1,Daylight,Clear,1,2,['Driver'],['Shoulder_Lapbelt'],0,0,Valid,1.0,1.0,35.0,32.0,"['Male', 'Female']",0,0,2,4,5,Dry,Straight,Level,Lowest,No
36556,53,Washington,530567,0,2,2,0,2,NOT APPLICABLE,October,15,Sunday,1,46,Urban,High Speed (Arterial),Yes,45.73126944,-122.65658611,Non-Intersection,Dark - Not Lighted,Cloudy,Unknown,Unknown,Unknown EMS Scene Arrival Hour,Unknown EMS Scene Arrival Minutes,Not Applicable (Not Transported),Not Applicable (Not Transported),2,Dark - Unlighted,Reduced Visibility,2,0,"['Driver', 'Driver']","['Shoulder_Lapbelt', 'Shoulder_Lapbelt']",1,1,Valid,1.0,0.0,63.0,37.0,"['Male', 'Male']",0,0,3,4,5,Wet/Standing Water,Straight,Grade/Hillcrest,Lowest,No
36557,53,Washington,530568,0,1,1,0,1,NOT APPLICABLE,October,16,Monday,1,55,Rural,Medium Speed (Collector),No,45.73668611,-122.57878889,Simple Junction,Dark - Not Lighted,Clear,Unknown,Unknown,Unknown EMS Scene Arrival Hour,Unknown EMS Scene Arrival Minutes,Not Applicable (Not Transported),Not Applicable (Not Transported),1,Dark - Unlighted,Clear,1,0,['Driver'],['None_Used'],1,1,Invalid,0.0,1.0,34.0,34.0,['Female'],1,0,5,1,3,Dry,Straight,Level,Lowest,Yes
36558,53,Washington,530569,0,2,2,0,2,RENTON,October,20,Friday,20,30,Urban,High Speed (Arterial),No,47.46526667,-122.13750556,Simple Junction,Dark - Lighted,Clear,Unknown,Unknown,Unknown EMS Scene Arrival Hour,Unknown EMS Scene Arrival Minutes,Unknown,Unknown EMS Hospital Arrival Time,1,Dark - Lighted,Clear,1,1,['Driver'],['Shoulder_Lapbelt'],0,0,Valid,0.0,1.0,72.0,39.0,"['Male', 'Female']",0,0,3,4,5,Dry,Straight,Level,Lowest,No
36559,53,Washington,530570,1,1,1,0,1,NOT APPLICABLE,October,20,Friday,6,35,Urban,Medium Speed (Collector),No,45.68229722,-122.625625,Non-Intersection,Dark - Lighted,"Fog, Smog, Smoke",Unknown,Unknown,Unknown EMS Scene Arrival Hour,Unknown EMS Scene Arrival Minutes,Not Applicable (Not Transported),Not Applicable (Not Transported),1,Dark - Lighted,Reduced Visibility,0,1,[],[],0,0,Valid,0.0,0.0,19.0,19.0,['Male'],0,0,2,1,4,Dry,Straight,Grade/Hillcrest,Lowest,No
36560,53,Washington,530571,0,2,1,1,1,KENNEWICK,October,8,Sunday,19,13,Urban,Medium Speed (Collector),No,46.22681944,-119.22097778,Non-Intersection,Daylight,Clear,Unknown,Unknown,Unknown EMS Scene Arrival Hour,Unknown EMS Scene Arrival Minutes,Not Applicable (Not Transported),Not Applicable (Not Transported),1,Daylight,Clear,1,0,['Driver'],['None_Used'],1,1,Valid,0.0,3.0,50.0,50.0,['Female'],1,0,5,4,2,Dry,Curve,Level,Lowest,No
36561,53,Washington,530572,0,1,1,0,2,NOT APPLICABLE,October,23,Monday,22,17,Urban,Medium Speed (Collector),No,46.99154167,-122.73857222,Non-Intersection,Dark - Lighted,Clear,Unknown,Unknown,Unknown EMS Scene Arrival Hour,Unknown EMS Scene Arrival Minutes,Unknown,Unknown EMS Hospital Arrival Time,1,Dark - Lighted,Clear,1,1,['Front_Passenger'],['Shoulder_Lapbelt'],0,0,Valid,1.0,2.0,21.0,21.0,['Male'],2,0,2,4,2,Dry,Straight,Level,Lowest,No
36562,53,Washington,530573,1,1,1,0,4,CHEHALIS,October,18,Wednesday,18,59,Urban,Medium Speed (Collector),No,46.646,-122.95546667,Non-Intersection,Dark - Lighted,Cloudy,Unknown,Unknown,Unknown EMS Scene Arrival Hour,Unknown EMS Scene Arrival Minutes,Not Applicable (Not Transported),Not Applicable (Not Transported),1,Dark - Lighted,Reduced Visibility,0,3,[],[],0,0,Valid,0.0,1.0,31.0,31.0,['Male'],0,0,3,1,4,Dry,Straight,Level,Lowest,No
36563,53,Washington,530574,0,2,2,0,4,NOT APPLICABLE,October,15,Sunday,14,31,Rural,High Speed (Arterial),Yes,46.35791667,-119.08605833,Complex/Circle,Daylight,Clear,Unknown,Unknown,Unknown EMS Scene Arrival Hour,Unknown EMS Scene Arrival Minutes,Unknown,Unknown EMS Hospital Arrival Time,2,Daylight,Clear,2,2,"['Driver', 'Front_Passenger']","['Shoulder_Lapbelt', 'Shoulder_Lapbelt']",0,0,Valid,0.0,0.0,50.0,31.0,"['Female', 'Female']",0,0,3,4,5,Dry,Straight,Level,Lowest,No
36564,53,Washington,530575,0,1,1,0,3,NOT APPLICABLE,October,17,Tuesday,21,35,Rural,High Speed (Arterial),Yes,47.81186667,-121.56903889,Non-Intersection,Dark - Not Lighted,Cloudy,Unknown,Unknown,Unknown EMS Scene Arrival Hour,Unknown EMS Scene Arrival Minutes,Unknown,Unknown EMS Hospital Arrival Time,1,Dark - Unlighted,Reduced Visibility,1,2,['Driver'],['None_Used'],0,0,Valid,0.0,0.0,38.0,38.0,['Male'],3,0,3,4,3,Wet/Standing Water,Curve,Level,Lowest,No
36565,53,Washington,530576,0,1,1,0,3,NOT APPLICABLE,October,12,Thursday,0,16,Urban,Medium Speed (Collector),No,47.34345556,-122.08006944,Non-Intersection,Dark - Not Lighted,Cloudy,Unknown,Unknown,Unknown EMS Scene Arrival Hour,Unknown EMS Scene Arrival Minutes,Unknown,Unknown EMS Hospital Arrival Time,1,Dark - Unlighted,Reduced Visibility,1,2,['Driver'],['Shoulder_Lapbelt'],1,1,Valid,0.0,0.0,19.0,19.0,['Female'],0,0,2,4,3,Wet/Standing Water,Curve,Grade/Hillcrest,Lowest,No
36566,53,Washington,530577,1,1,1,0,1,AUBURN,October,22,Sunday,0,44,Urban,Medium Speed (Collector),No,47.325625,-122.1764,Non-Intersection,Dark - Lighted,Clear,Unknown,Unknown,Unknown EMS Scene Arrival Hour,Unknown EMS Scene Arrival Minutes,Not Applicable (Not Transported),Not Applicable (Not Transported),1,Dark - Lighted,Clear,0,0,[],[],0,0,Invalid,0.0,0.0,999.0,999.0,['Other'],0,0,2,1,4,Dry,Straight,Level,Lowest,No
36567,53,Washington,530578,0,1,1,0,1,NOT APPLICABLE,October,21,Saturday,2,10,Urban,Medium Speed (Collector),No,45.60443056,-122.34207778,Non-Intersection,Dark - Not Lighted,Clear,Unknown,Unknown,Unknown EMS Scene Arrival Hour,Unknown EMS Scene Arrival Minutes,Not Applicable (Not Transported),Not Applicable (Not Transported),1,Dark - Unlighted,Clear,1,0,['Driver'],['None_Used'],1,1,Valid,0.0,0.0,21.0,21.0,['Male'],0,0,5,4,2,Wet/Standing Water,Curve,Level,Lowest,No
36568,53,Washington,530579,0,2,2,0,2,NOT APPLICABLE,October,19,Thursday,13,9,Rural,High Speed (Arterial),Yes,46.32178611,-119.09283333,Complex/Circle,Daylight,Clear,Unknown,Unknown,Unknown EMS Scene Arrival Hour,Unknown EMS Scene Arrival Minutes,Unknown,Unknown EMS Hospital Arrival Time,1,Daylight,Clear,1,1,['Driver'],['None_Used'],1,1,Valid,1.0,0.0,35.0,23.0,"['Male', 'Male']",0,0,4,4,5,Dry,Straight,Level,Lowest,No
36569,53,Washington,530580,0,1,1,0,1,VANCOUVER,July,6,Thursday,16,52,Urban,High Speed (Arterial),No,45.62677778,-122.60179167,Complex/Circle,Daylight,Clear,Unknown,Unknown,Unknown EMS Scene Arrival Hour,Unknown EMS Scene Arrival Minutes,Unknown,Unknown EMS Hospital Arrival Time,1,Daylight,Clear,1,0,['Driver'],['Shoulder_Lapbelt'],0,0,Valid,0.0,0.0,80.0,80.0,['Female'],0,0,2,4,3,Dry,Straight,Level,Medium,No
36570,53,Washington,530581,0,1,1,0,1,TACOMA,October,28,Saturday,13,7,Urban,High Speed (Arterial),No,47.24322778,-122.40094722,Non-Intersection,Daylight,Clear,Unknown,Unknown,Unknown EMS Scene Arrival Hour,Unknown EMS Scene Arrival Minutes,Not Applicable (Not Transported),Not Applicable (Not Transported),1,Daylight,Clear,1,0,['Driver'],['Shoulder_Lapbelt'],0,0,Valid,0.0,1.0,48.0,48.0,['Male'],1,0,3,4,0,Dry,Straight,Grade/Hillcrest,Lowest,No
36571,53,Washington,530582,0,1,1,0,2,TACOMA,October,29,Sunday,2,10,Urban,Medium Speed (Collector),No,47.25525556,-122.47772222,Complex/Circle,Dark - Lighted,Clear,Unknown,Unknown,Unknown EMS Scene Arrival Hour,Unknown EMS Scene Arrival Minutes,Unknown,Unknown EMS Hospital Arrival Time,1,Dark - Lighted,Clear,1,1,['Driver'],['Shoulder_Lapbelt'],1,1,Invalid,0.0,0.0,24.0,24.0,['Male'],2,0,2,1,3,Dry,Straight,Level,Lowest,No
36572,53,Washington,530583,1,1,1,0,1,NOT APPLICABLE,October,30,Monday,3,41,Rural,High Speed (Arterial),Yes,46.98330278,-118.56131667,Non-Intersection,Dark - Not Lighted,Clear,Unknown,Unknown,Unknown EMS Scene Arrival Hour,Unknown EMS Scene Arrival Minutes,Not Applicable (Not Transported),Not Applicable (Not Transported),1,Dark - Unlighted,Clear,0,0,[],[],0,0,Invalid,0.0,0.0,999.0,999.0,['Other'],0,0,1,1,4,Dry,Straight,Level,Lowest,No
36573,53,Washington,530584,0,1,1,0,1,NOT APPLICABLE,October,21,Saturday,19,0,Rural,Low Speed (Local),No,48.54106389,-120.08718333,Non-Intersection,Dusk,Clear,Unknown,Unknown,Unknown EMS Scene Arrival Hour,Unknown EMS Scene Arrival Minutes,Not Applicable (Not Transported),Not Applicable (Not Transported),1,Twilight,Clear,1,0,['Driver'],['None_Used'],0,0,Valid,0.0,0.0,65.0,65.0,['Male'],0,0,5,1,3,Dry,Straight,Grade/Hillcrest,Lowest,No
36574,53,Washington,530585,0,1,1,0,1,NOT APPLICABLE,October,27,Friday,0,1,Urban,High Speed (Arterial),Yes,46.24569722,-119.36851389,Non-Intersection,Dark - Unknown Lighting,Clear,Unknown,Unknown,Unknown EMS Scene Arrival Hour,Unknown EMS Scene Arrival Minutes,Not Applicable (Not Transported),Not Applicable (Not Transported),1,Dark - Unlighted,Clear,1,0,['Driver'],['None_Used'],1,1,Valid,0.0,1.0,27.0,27.0,['Male'],0,0,3,4,3,Dry,Curve,Level,Lowest,No
36575,53,Washington,530586,1,1,1,0,1,OLYMPIA,September,13,Wednesday,22,5,Urban,Medium Speed (Collector),No,47.03978611,-122.889075,Non-Intersection,Dark - Lighted,Clear,Unknown,Unknown,Unknown EMS Scene Arrival Hour,Unknown EMS Scene Arrival Minutes,Unknown,Unknown EMS Hospital Arrival Time,1,Dark - Lighted,Clear,0,1,[],[],0,0,Valid,0.0,0.0,28.0,28.0,['Male'],0,0,2,1,4,Dry,Straight,Level,Lowest,No
36576,53,Washington,530587,0,2,2,0,3,NOT APPLICABLE,October,25,Wednesday,12,57,Rural,Medium Speed (Collector),Yes,46.47735278,-120.44657222,Complex/Circle,Daylight,Cloudy,Unknown,Unknown,Unknown EMS Scene Arrival Hour,Unknown EMS Scene Arrival Minutes,Unknown,Unknown EMS Hospital Arrival Time,1,Daylight,Reduced Visibility,1,2,['Front_Passenger'],['Shoulder_Lapbelt'],0,0,Valid,0.0,0.0,52.0,46.0,"['Male', 'Female']",0,0,3,4,5,Dry,Straight,Level,Lowest,No
36577,53,Washington,530588,0,1,1,0,1,NOT APPLICABLE,September,3,Sunday,11,0,Rural,Low Speed (Local),No,47.00017222,-123.226525,Non-Intersection,Other,Rain,Unknown,Unknown,Unknown EMS Scene Arrival Hour,Unknown EMS Scene Arrival Minutes,Not Applicable (Not Transported),Not Applicable (Not Transported),1,Dark - Unlighted,Rain/Wind/Minor,1,0,['Driver'],['None_Used'],0,0,Valid,0.0,0.0,59.0,59.0,['Male'],0,0,5,0,2,Loose/Unpaved,Straight,Grade/Hillcrest,Lowest,No
36578,53,Washington,530589,1,1,1,0,1,NOT APPLICABLE,June,30,Friday,1,57,Rural,Low Speed (Local),No,46.38561667,-120.33576944,Non-Intersection,Dark - Not Lighted,Clear,Unknown,Unknown,Unknown EMS Scene Arrival Hour,Unknown EMS Scene Arrival Minutes,Not Applicable (Not Transported),Not Applicable (Not Transported),1,Dark - Unlighted,Clear,0,1,[],[],0,0,Valid,0.0,0.0,56.0,56.0,['Male'],0,0,3,1,4,Dry,Straight,Level,Lowest,No
36579,53,Washington,530590,1,1,1,0,2,MAPLE VALLEY,September,30,Saturday,10,21,Urban,Medium Speed (Collector),No,47.35796389,-122.04353333,Complex/Circle,Daylight,Cloudy,Unknown,Unknown,Unknown EMS Scene Arrival Hour,Unknown EMS Scene Arrival Minutes,Unknown,Unknown EMS Hospital Arrival Time,1,Daylight,Reduced Visibility,0,2,[],[],0,0,Valid,0.0,1.0,80.0,80.0,['Male'],0,0,3,1,4,Dry,Straight,Grade/Hillcrest,Lowest,No
36580,53,Washington,530591,0,2,2,0,2,NOT APPLICABLE,October,24,Tuesday,13,33,Rural,Medium Speed (Collector),No,46.34641667,-119.92666667,Complex/Circle,Daylight,Cloudy,Unknown,Unknown,Unknown EMS Scene Arrival Hour,Unknown EMS Scene Arrival Minutes,Not Applicable (Not Transported),Not Applicable (Not Transported),1,Daylight,Reduced Visibility,1,1,['Driver'],['Shoulder_Lapbelt'],0,0,Invalid,1.0,4.0,30.0,25.0,"['Male', 'Female']",0,0,4,4,5,Dry,Straight,Level,Lowest,No
36581,53,Washington,530592,1,1,1,0,1,ALGONA,November,1,Wednesday,12,14,Urban,High Speed (Arterial),No,47.280525,-122.25848333,Non-Intersection,Daylight,Cloudy,Unknown,Unknown,Unknown EMS Scene Arrival Hour,Unknown EMS Scene Arrival Minutes,Unknown,Unknown EMS Hospital Arrival Time,1,Daylight,Reduced Visibility,0,1,[],[],0,0,Valid,0.0,0.0,38.0,38.0,['Male'],0,0,1,1,4,Dry,Straight,Level,Lowest,No
36582,53,Washington,530593,0,1,1,0,2,NOT APPLICABLE,October,7,Saturday,23,20,Rural,Medium Speed (Collector),No,48.88425,-122.32055,Simple Junction,Dark - Unknown Lighting,Clear,Unknown,Unknown,Unknown EMS Scene Arrival Hour,Unknown EMS Scene Arrival Minutes,Unknown,Unknown EMS Hospital Arrival Time,1,Dark - Unlighted,Clear,1,1,['Front_Passenger'],['Shoulder_Lapbelt'],1,1,Invalid,0.0,0.0,21.0,21.0,['Male'],0,0,2,4,3,Dry,Curve,Level,Lowest,No
36583,53,Washington,530594,1,1,1,0,1,NOT APPLICABLE,October,16,Monday,6,30,Urban,High Speed (Arterial),No,47.46311111,-122.10929167,Non-Intersection,Dark - Not Lighted,Cloudy,Unknown,Unknown,Unknown EMS Scene Arrival Hour,Unknown EMS Scene Arrival Minutes,Not Applicable (Not Transported),Not Applicable (Not Transported),1,Dark - Unlighted,Reduced Visibility,0,1,[],[],0,0,Valid,0.0,0.0,92.0,92.0,['Male'],0,0,2,1,4,Wet/Standing Water,Straight,Level,Lowest,No
36584,53,Washington,530595,0,5,5,0,8,SPOKANE,November,2,Thursday,17,10,Urban,High Speed (Arterial),Yes,47.65397778,-117.3844,Non-Intersection,Daylight,Cloudy,Unknown,Unknown,Unknown EMS Scene Arrival Hour,Unknown EMS Scene Arrival Minutes,Unknown,Unknown EMS Hospital Arrival Time,1,Daylight,Reduced Visibility,1,6,['Driver'],['Shoulder_Lapbelt'],0,0,Invalid,1.0,0.0,999.0,26.0,"['Other', 'Male', 'Male', 'Male', 'Female']",0,0,3,4,5,Dry,Straight,Level,Lowest,Yes
36585,53,Washington,530596,0,2,2,0,2,LAKEWOOD,November,4,Saturday,19,51,Urban,High Speed (Arterial),No,47.16720278,-122.51095556,Complex/Circle,Dark - Lighted,Cloudy,Unknown,Unknown,Unknown EMS Scene Arrival Hour,Unknown EMS Scene Arrival Minutes,Not Applicable (Not Transported),Not Applicable (Not Transported),1,Dark - Lighted,Reduced Visibility,1,0,['Driver'],['None_Used'],0,0,Valid,1.0,0.0,999.0,20.0,"['Male', 'Male']",0,0,5,4,5,Dry,Straight,Level,Lowest,No
36586,53,Washington,530597,0,1,1,0,1,NOT APPLICABLE,November,4,Saturday,3,34,Urban,High Speed (Arterial),No,47.20193056,-122.25496667,Non-Intersection,Dark - Lighted,Rain,Unknown,Unknown,Unknown EMS Scene Arrival Hour,Unknown EMS Scene Arrival Minutes,Not Applicable (Not Transported),Not Applicable (Not Transported),1,Dark - Lighted,Rain/Wind/Minor,1,0,['Driver'],['Shoulder_Lapbelt'],1,1,Valid,0.0,1.0,28.0,28.0,['Male'],1,0,2,4,3,Wet/Standing Water,Curve,Grade/Hillcrest,Lowest,No
36587,53,Washington,530598,1,1,1,0,2,NOT APPLICABLE,October,30,Monday,19,5,Urban,Medium Speed (Collector),No,47.72285,-121.98616111,Non-Intersection,Dark - Lighted,Clear,Unknown,Unknown,Unknown EMS Scene Arrival Hour,Unknown EMS Scene Arrival Minutes,Not Applicable (Not Transported),Not Applicable (Not Transported),1,Dark - Lighted,Clear,0,2,[],[],0,0,Invalid,0.0,0.0,30.0,30.0,['Male'],0,0,1,1,4,Dry,Straight,Grade/Hillcrest,Lowest,No
36588,53,Washington,530599,1,1,1,0,1,NOT APPLICABLE,November,1,Wednesday,20,19,Urban,High Speed (Arterial),No,47.07973056,-122.29393056,Non-Intersection,Dark - Not Lighted,Rain,Unknown,Unknown,Unknown EMS Scene Arrival Hour,Unknown EMS Scene Arrival Minutes,Not Applicable (Not Transported),Not Applicable (Not Transported),1,Dark - Unlighted,Rain/Wind/Minor,0,1,[],[],0,0,Valid,0.0,0.0,41.0,41.0,['Female'],0,0,3,1,4,Wet/Standing Water,Straight,Grade/Hillcrest,Lowest,No
36589,53,Washington,530600,1,3,3,0,4,FEDERAL WAY,November,2,Thursday,20,21,Urban,High Speed (Arterial),No,47.33587222,-122.31202778,Simple Junction,Dark - Lighted,Cloudy,Unknown,Unknown,Unknown EMS Scene Arrival Hour,Unknown EMS Scene Arrival Minutes,Not Applicable (Not Transported),Not Applicable (Not Transported),1,Dark - Lighted,Reduced Visibility,0,0,[],[],0,0,Invalid,1.0,1.0,44.0,23.0,"['Male', 'Female', 'Male']",0,0,3,1,4,Wet/Standing Water,Straight,Level,Lowest,No
36590,53,Washington,530601,0,2,2,0,2,NOT APPLICABLE,October,29,Sunday,15,40,Rural,Medium Speed (Collector),No,46.73810556,-119.53791944,Non-Intersection,Daylight,Clear,Unknown,Unknown,Unknown EMS Scene Arrival Hour,Unknown EMS Scene Arrival Minutes,Not Applicable (Not Transported),Not Applicable (Not Transported),1,Daylight,Clear,1,1,['Driver'],['Shoulder_Lapbelt'],0,0,Valid,0.0,0.0,21.0,19.0,"['Female', 'Male']",0,0,2,4,5,Dry,Straight,Level,Lowest,No
36591,53,Washington,530602,0,1,1,0,3,VANCOUVER,November,5,Sunday,0,32,Urban,High Speed (Arterial),No,45.65273333,-122.59066111,Non-Intersection,Dark - Lighted,Clear,Unknown,Unknown,Unknown EMS Scene Arrival Hour,Unknown EMS Scene Arrival Minutes,Unknown,Unknown EMS Hospital Arrival Time,2,Dark - Lighted,Clear,2,1,"['Front_Passenger', 'Front_Passenger']","['Shoulder_Lapbelt', 'Shoulder_Lapbelt']",1,1,Valid,0.0,0.0,20.0,20.0,['Female'],0,0,3,4,3,Dry,Straight,Level,Lowest,No
36592,53,Washington,530603,0,2,2,0,2,NOT APPLICABLE,November,1,Wednesday,17,20,Urban,High Speed (Arterial),No,47.09640556,-122.36283056,Complex/Circle,Dusk,Rain,Unknown,Unknown,Unknown EMS Scene Arrival Hour,Unknown EMS Scene Arrival Minutes,Unknown,Unknown EMS Hospital Arrival Time,1,Twilight,Rain/Wind/Minor,1,1,['Driver'],['None_Used'],1,1,Valid,0.0,0.0,50.0,39.0,"['Male', 'Female']",0,0,5,4,5,Wet/Standing Water,Straight,Grade/Hillcrest,Lowest,No
36593,53,Washington,530604,0,2,2,0,3,AUBURN,November,1,Wednesday,23,46,Urban,High Speed (Arterial),No,47.25008889,-122.19879167,Non-Intersection,Dark - Not Lighted,Rain,Unknown,Unknown,Unknown EMS Scene Arrival Hour,Unknown EMS Scene Arrival Minutes,Unknown,Unknown EMS Hospital Arrival Time,1,Dark - Unlighted,Rain/Wind/Minor,1,2,['Rear_Seat'],['Shoulder_Lapbelt'],1,1,Invalid,1.0,0.0,52.0,29.0,"['Male', 'Male']",0,0,3,4,5,Wet/Standing Water,Straight,Level,Lowest,No
36594,53,Washington,530605,0,1,1,0,2,SEATTLE,August,29,Tuesday,7,28,Urban,High Speed (Arterial),No,47.57162778,-122.36411944,Non-Intersection,Daylight,Cloudy,Unknown,Unknown,Unknown EMS Scene Arrival Hour,Unknown EMS Scene Arrival Minutes,Unknown,Unknown EMS Hospital Arrival Time,1,Daylight,Reduced Visibility,1,1,['Front_Passenger'],['Shoulder_Lapbelt'],1,1,Valid,1.0,0.0,20.0,20.0,['Male'],0,0,2,4,3,Dry,Straight,Level,Lowest,No
36595,53,Washington,530606,0,1,1,0,1,SEATTLE,September,25,Monday,12,18,Urban,Low Speed (Local),No,47.71157778,-122.37350556,Non-Intersection,Daylight,Rain,Unknown,Unknown,Unknown EMS Scene Arrival Hour,Unknown EMS Scene Arrival Minutes,Not Applicable (Not Transported),Not Applicable (Not Transported),1,Daylight,Rain/Wind/Minor,1,0,['Driver'],['Shoulder_Lapbelt'],0,0,Valid,0.0,0.0,53.0,53.0,['Male'],1,0,3,4,3,Wet/Standing Water,Straight,Grade/Hillcrest,Lowest,No
36596,53,Washington,530607,0,2,2,0,2,TACOMA,October,2,Monday,12,19,Urban,High Speed (Arterial),No,47.19017778,-122.47572222,Complex/Circle,Daylight,Rain,Unknown,Unknown,Unknown EMS Scene Arrival Hour,Unknown EMS Scene Arrival Minutes,Unknown,Unknown EMS Hospital Arrival Time,1,Daylight,Rain/Wind/Minor,1,1,['Driver'],['Shoulder_Lapbelt'],0,0,Valid,2.0,7.0,90.0,37.0,"['Male', 'Male']",0,0,3,4,5,Wet/Standing Water,Straight,Level,Lowest,No
36597,53,Washington,530608,1,1,1,0,1,SEATTLE,September,28,Thursday,5,41,Urban,High Speed (Arterial),No,47.55343611,-122.33422222,Complex/Circle,Dark - Lighted,Rain,Unknown,Unknown,Unknown EMS Scene Arrival Hour,Unknown EMS Scene Arrival Minutes,Not Applicable (Not Transported),Not Applicable (Not Transported),1,Dark - Lighted,Rain/Wind/Minor,0,0,[],[],0,0,Valid,0.0,0.0,64.0,64.0,['Male'],1,0,2,4,4,Wet/Standing Water,Straight,Level,Lowest,No
36598,53,Washington,530611,0,3,3,0,3,SHELTON,October,26,Thursday,7,38,Urban,High Speed (Arterial),Yes,47.22695833,-123.12745556,Non-Intersection,Daylight,Clear,Unknown,Unknown,Unknown EMS Scene Arrival Hour,Unknown EMS Scene Arrival Minutes,Not Applicable (Not Transported),Not Applicable (Not Transported),1,Daylight,Clear,1,2,['Driver'],['Shoulder_Lapbelt'],0,0,Valid,1.0,3.0,67.0,29.0,"['Male', 'Female', 'Male']",0,0,3,4,5,Dry,Straight,Level,Lowest,No