,State_Code,State_Name,Crash_ID,Count_Non_Motorists,Count_Vehicles_Total,Count_Vehicle_Forms,Count_PVH_Involved,Count_Occupants_MV,City_Name,Month_Name,Day_of_Month,Day_of_Week,Crash_Hour,Crash_Minute,Area_Rural_Urban,Road_Functional_Class,On_NHS_Road,Latitude,Longitude,Intersection_Type,Light_Condition,Weather_Condition,Notif_Hour,Notif_Minute,Arrival_Hour,Arrival_Minute,Hospital_Hour,Hospital_Minute,Fatalities_Count,Clean_Light_Condition,Clean_Weather_Condition,Total_Killed,Total_Alive,Fatal_Seats_List,Killed_Restraint_List,Any_Driver_Drinking,Total_Drinking_Drivers,Driver_License_Category,Driver_Max_Prev_Accident_Count,Driver_Max_Prev_Speeding_Count,Max_Driver_Age,Min_Driver_Age,Driver_Sex_List,Total_Exceeding_Limit_Vehicles,Total_Too_Fast_Vehicles,Max_Vehicle_Type_Severity_5,Max_Vehicle_Damage_Rank,Max_Harmful_Event_Severity,Crash_Road_Surface_Condition,Crash_Horizontal_Alignment,Crash_Vertical_Profile,Crash_Impairment_Category,Crash_Vehicle_Defect
36599,53,Washington,530612,0,1,1,0,2,SPRAGUE,November,11,Saturday,12,19,Rural,High Speed (Arterial),Yes,47.31333056,-117.96130278,Non-Intersection,Daylight,Clear,Unknown,Unknown,Unknown EMS Scene Arrival Hour,Unknown EMS Scene Arrival Minutes,Not Applicable (Not Transported),Not Applicable (Not Transported),1,Daylight,Clear,1,1,['Driver'],['None_Used'],0,0,Invalid,0.0,2.0,42.0,42.0,['Male'],0,0,3,4,3,Wet/Standing Water,Straight,Level,Lowest,No
36600,53,Washington,530613,0,1,1,0,1,EVERETT,August,31,Thursday,13,47,Rural,Low Speed (Local),No,47.90760833,-122.25229722,Non-Intersection,Daylight,Clear,Unknown,Unknown,Unknown EMS Scene Arrival Hour,Unknown EMS Scene Arrival Minutes,Unknown,Unknown EMS Hospital Arrival Time,1,Daylight,Clear,1,0,['Driver'],['None_Used'],0,0,Invalid,0.0,0.0,60.0,60.0,['Male'],1,0,5,4,3,Dry,Straight,Level,Lowest,Yes
36601,53,Washington,530614,0,1,1,0,4,NOT APPLICABLE,November,5,Sunday,2,26,Rural,Low Speed (Local),No,46.72490278,-123.03004444,Non-Intersection,Dark - Not Lighted,Clear,Unknown,Unknown,Unknown EMS Scene Arrival Hour,Unknown EMS Scene Arrival Minutes,Unknown,Unknown EMS Hospital Arrival Time,1,Dark - Unlighted,Clear,1,3,['Driver'],['None_Used'],1,1,Valid,1.0,0.0,23.0,23.0,['Male'],0,0,3,4,3,Wet/Standing Water,Curve,Grade/Hillcrest,Lowest,No
36602,53,Washington,530615,1,1,1,0,1,YAKIMA,October,25,Wednesday,7,7,Urban,High Speed (Arterial),No,46.59297222,-120.60430833,Complex/Circle,Dawn,Cloudy,Unknown,Unknown,Unknown EMS Scene Arrival Hour,Unknown EMS Scene Arrival Minutes,Unknown,Unknown EMS Hospital Arrival Time,1,Twilight,Reduced Visibility,0,1,[],[],0,0,Valid,0.0,0.0,52.0,52.0,['Female'],0,0,3,1,4,Wet/Standing Water,Straight,Level,Lowest,No
36603,53,Washington,530616,1,1,1,0,1,VANCOUVER,November,13,Monday,6,0,Urban,High Speed (Arterial),No,45.62835278,-122.64841389,Complex/Circle,Dark - Lighted,Cloudy,Unknown,Unknown,Unknown EMS Scene Arrival Hour,Unknown EMS Scene Arrival Minutes,Not Applicable (Not Transported),Not Applicable (Not Transported),1,Dark - Lighted,Reduced Visibility,0,1,[],[],0,0,Valid,1.0,0.0,21.0,21.0,['Male'],0,0,3,4,4,Wet/Standing Water,Straight,Level,Lowest,No
36604,53,Washington,530617,0,2,2,0,2,NOT APPLICABLE,September,20,Wednesday,18,52,Urban,High Speed (Arterial),No,47.26781944,-122.14555278,Non-Intersection,Daylight,Clear,Unknown,Unknown,Unknown EMS Scene Arrival Hour,Unknown EMS Scene Arrival Minutes,Not Applicable (Not Transported),Not Applicable (Not Transported),1,Daylight,Clear,1,1,['Driver'],['None_Used'],0,0,Valid,0.0,0.0,34.0,24.0,"['Male', 'Male']",1,0,5,4,5,Dry,Straight,Level,Lowest,No
36605,53,Washington,530618,0,2,2,0,3,NOT APPLICABLE,November,14,Tuesday,14,8,Rural,High Speed (Arterial),No,47.86772222,-122.63924444,Complex/Circle,Daylight,Clear,Unknown,Unknown,Unknown EMS Scene Arrival Hour,Unknown EMS Scene Arrival Minutes,Unknown,Unknown EMS Hospital Arrival Time,2,Daylight,Clear,2,1,"['Driver', 'Front_Passenger']","['Shoulder_Lapbelt', 'Shoulder_Lapbelt']",0,0,Invalid,0.0,2.0,83.0,58.0,"['Male', 'Male']",0,0,3,4,5,Dry,Straight,Grade/Hillcrest,Lowest,No
36606,53,Washington,530619,1,1,1,0,1,SPOKANE,November,4,Saturday,6,49,Urban,High Speed (Arterial),No,47.65796944,-117.41123889,Complex/Circle,Dark - Lighted,Rain,Unknown,Unknown,Unknown EMS Scene Arrival Hour,Unknown EMS Scene Arrival Minutes,Unknown,Unknown EMS Hospital Arrival Time,1,Dark - Lighted,Rain/Wind/Minor,0,1,[],[],0,0,Valid,0.0,0.0,44.0,44.0,['Female'],0,0,3,1,4,Wet/Standing Water,Straight,Level,Lowest,No
36607,53,Washington,530620,0,2,2,0,2,NOT APPLICABLE,November,14,Tuesday,10,54,Rural,High Speed (Arterial),Yes,45.87361944,-120.75460833,Non-Intersection,Daylight,Clear,Unknown,Unknown,Unknown EMS Scene Arrival Hour,Unknown EMS Scene Arrival Minutes,Unknown,Unknown EMS Hospital Arrival Time,1,Daylight,Clear,1,1,['Driver'],['Shoulder_Lapbelt'],1,1,Valid,1.0,1.0,77.0,61.0,"['Female', 'Female']",0,0,3,4,5,Dry,Straight,Grade/Hillcrest,Lowest,No
36608,53,Washington,530621,1,1,1,0,1,BURIEN,June,22,Thursday,22,30,Urban,Medium Speed (Collector),No,47.49578889,-122.30739722,Complex/Circle,Dark - Lighted,Clear,Unknown,Unknown,Unknown EMS Scene Arrival Hour,Unknown EMS Scene Arrival Minutes,Unknown,Unknown EMS Hospital Arrival Time,1,Dark - Lighted,Clear,0,0,[],[],0,0,Invalid,0.0,0.0,999.0,999.0,['Other'],1,0,2,0,4,Dry,Straight,Level,Lowest,No
36609,53,Washington,530622,0,1,1,0,4,SPOKANE,June,13,Tuesday,15,14,Urban,Medium Speed (Collector),No,47.64995278,-117.403175,Complex/Circle,Daylight,Clear,Unknown,Unknown,Unknown EMS Scene Arrival Hour,Unknown EMS Scene Arrival Minutes,Unknown,Unknown EMS Hospital Arrival Time,1,Daylight,Clear,1,3,['Rear_Seat'],['Shoulder_Lapbelt'],0,0,Valid,0.0,0.0,66.0,66.0,['Female'],0,0,1,4,3,Dry,Straight,Level,Medium,No
36610,53,Washington,530623,1,1,1,0,1,SHELTON,August,26,Saturday,13,55,Urban,Medium Speed (Collector),No,47.23145278,-123.12479722,Complex/Circle,Daylight,Clear,Unknown,Unknown,Unknown EMS Scene Arrival Hour,Unknown EMS Scene Arrival Minutes,Unknown,Unknown EMS Hospital Arrival Time,1,Daylight,Clear,0,1,[],[],0,0,Valid,0.0,0.0,29.0,29.0,['Male'],0,0,3,1,4,Dry,Straight,Level,Lowest,No
36611,53,Washington,530624,0,1,1,0,1,NOT APPLICABLE,August,30,Wednesday,16,0,Urban,Medium Speed (Collector),No,47.14874167,-122.16639722,Complex/Circle,Daylight,Cloudy,Unknown,Unknown,Unknown EMS Scene Arrival Hour,Unknown EMS Scene Arrival Minutes,Unknown,Unknown EMS Hospital Arrival Time,1,Daylight,Reduced Visibility,1,0,['Driver'],['None_Used'],1,1,Valid,1.0,1.0,43.0,43.0,['Male'],1,0,5,1,3,Dry,Straight,Grade/Hillcrest,Lowest,No
36612,53,Washington,530625,1,1,1,0,1,TACOMA,October,29,Sunday,7,18,Urban,Medium Speed (Collector),No,47.24128611,-122.41092778,Non-Intersection,Dark - Lighted,Cloudy,Unknown,Unknown,Unknown EMS Scene Arrival Hour,Unknown EMS Scene Arrival Minutes,Not Applicable (Not Transported),Not Applicable (Not Transported),1,Dark - Lighted,Reduced Visibility,0,1,[],[],0,0,Valid,0.0,0.0,71.0,71.0,['Male'],0,0,3,4,4,Wet/Standing Water,Straight,Grade/Hillcrest,Lowest,No
36613,53,Washington,530626,0,2,2,0,3,MERCER ISLAND,October,30,Monday,0,10,Urban,High Speed (Arterial),Yes,47.58196944,-122.21932222,Non-Intersection,Dark - Lighted,Cloudy,Unknown,Unknown,Unknown EMS Scene Arrival Hour,Unknown EMS Scene Arrival Minutes,Not Applicable (Not Transported),Not Applicable (Not Transported),3,Dark - Lighted,Reduced Visibility,3,0,"['Driver', 'Driver', 'Front_Passenger']","['Shoulder_Lapbelt', 'Shoulder_Lapbelt', 'Shoulder_Lapbelt']",0,0,Valid,2.0,2.0,30.0,22.0,"['Male', 'Male']",1,0,2,4,5,Dry,Curve,Grade/Hillcrest,Lowest,No
36614,53,Washington,530627,0,2,2,0,3,NOT APPLICABLE,November,17,Friday,12,41,Rural,Medium Speed (Collector),No,47.423,-122.75305278,Non-Intersection,Daylight,Clear,Unknown,Unknown,Unknown EMS Scene Arrival Hour,Unknown EMS Scene Arrival Minutes,Unknown,Unknown EMS Hospital Arrival Time,1,Daylight,Clear,1,2,['Front_Passenger'],['Shoulder_Lapbelt'],0,0,Valid,1.0,2.0,79.0,23.0,"['Male', 'Male']",1,0,3,4,5,Dry,Curve,Grade/Hillcrest,Lowest,No
36615,53,Washington,530628,0,1,1,0,1,NOT APPLICABLE,November,14,Tuesday,18,7,Rural,Low Speed (Local),No,47.46884444,-122.55655,Simple Junction,Dark - Not Lighted,Clear,Unknown,Unknown,Unknown EMS Scene Arrival Hour,Unknown EMS Scene Arrival Minutes,Unknown,Unknown EMS Hospital Arrival Time,1,Dark - Unlighted,Clear,1,0,['Driver'],['None_Used'],0,0,Invalid,0.0,0.0,39.0,39.0,['Female'],1,0,2,4,3,Dry,Straight,Level,Lowest,No
36616,53,Washington,530629,0,4,4,0,5,NOT APPLICABLE,November,12,Sunday,2,20,Rural,High Speed (Arterial),Yes,46.25868889,-119.43103889,Non-Intersection,Dark - Not Lighted,Clear,Unknown,Unknown,Unknown EMS Scene Arrival Hour,Unknown EMS Scene Arrival Minutes,Unknown,Unknown EMS Hospital Arrival Time,2,Dark - Unlighted,Clear,2,3,"['Driver', 'Driver']","['None_Used', 'Shoulder_Lapbelt']",1,3,Valid,2.0,1.0,76.0,20.0,"['Male', 'Male', 'Male', 'Male']",0,0,3,4,5,Dry,Straight,Level,Lowest,No
36617,53,Washington,530630,0,1,1,0,3,NOT APPLICABLE,November,18,Saturday,2,23,Rural,Medium Speed (Collector),No,46.51869167,-119.67020556,Non-Intersection,Dark - Not Lighted,Clear,Unknown,Unknown,Unknown EMS Scene Arrival Hour,Unknown EMS Scene Arrival Minutes,Unknown,Unknown EMS Hospital Arrival Time,1,Dark - Unlighted,Clear,1,2,['Rear_Seat'],['None_Used'],1,1,Valid,0.0,0.0,22.0,22.0,['Male'],0,0,2,4,3,Dry,Straight,Level,Medium,No
36618,53,Washington,530631,0,3,3,0,8,NOT APPLICABLE,November,13,Monday,20,54,Rural,High Speed (Arterial),Yes,46.06975278,-118.81815278,Non-Intersection,Dark - Not Lighted,Cloudy,Unknown,Unknown,Unknown EMS Scene Arrival Hour,Unknown EMS Scene Arrival Minutes,Unknown,Unknown EMS Hospital Arrival Time,1,Dark - Unlighted,Reduced Visibility,1,7,['Driver'],['Shoulder_Lapbelt'],0,0,Invalid,0.0,2.0,51.0,22.0,"['Male', 'Female', 'Female']",0,0,3,4,5,Wet/Standing Water,Curve,Level,Lowest,No
36619,53,Washington,530632,0,2,2,0,4,DEEP CREEK,November,14,Tuesday,17,26,Urban,Medium Speed (Collector),No,47.95440278,-117.45883889,Simple Junction,Dark - Lighted,Clear,Unknown,Unknown,Unknown EMS Scene Arrival Hour,Unknown EMS Scene Arrival Minutes,Not Applicable (Not Transported),Not Applicable (Not Transported),1,Dark - Lighted,Clear,1,3,['Driver'],['None_Used'],0,0,Invalid,1.0,3.0,35.0,32.0,"['Male', 'Female']",1,0,5,4,5,Dry,Straight,Grade/Hillcrest,Lowest,Yes
36620,53,Washington,530633,2,1,1,0,3,NOT APPLICABLE,September,10,Sunday,20,48,Rural,High Speed (Arterial),Yes,47.24820833,-121.18724167,Non-Intersection,Dark - Lighted,Clear,Unknown,Unknown,Unknown EMS Scene Arrival Hour,Unknown EMS Scene Arrival Minutes,Not Applicable (Not Transported),Not Applicable (Not Transported),2,Dark - Lighted,Clear,0,3,[],[],0,0,Valid,0.0,1.0,30.0,30.0,['Male'],0,0,3,4,4,Dry,Straight,Level,Lowest,No
36621,53,Washington,530634,1,1,1,0,1,SEATTLE,September,28,Thursday,6,59,Urban,High Speed (Arterial),No,47.54431944,-122.28482778,Simple Junction,Dawn,Cloudy,Unknown,Unknown,Unknown EMS Scene Arrival Hour,Unknown EMS Scene Arrival Minutes,Not Applicable (Not Transported),Not Applicable (Not Transported),1,Twilight,Reduced Visibility,0,1,[],[],0,0,Valid,1.0,0.0,65.0,65.0,['Male'],0,0,3,1,4,Wet/Standing Water,Straight,Level,Lowest,No
36622,53,Washington,530635,1,1,1,0,1,LACEY,November,6,Monday,17,48,Urban,High Speed (Arterial),Yes,47.05735833,-122.80219167,Non-Intersection,Dark - Lighted,Rain,Unknown,Unknown,Unknown EMS Scene Arrival Hour,Unknown EMS Scene Arrival Minutes,Not Applicable (Not Transported),Not Applicable (Not Transported),1,Dark - Lighted,Rain/Wind/Minor,0,1,[],[],0,0,Invalid,1.0,0.0,48.0,48.0,['Male'],0,0,3,4,4,Wet/Standing Water,Straight,Grade/Hillcrest,Lowest,No
36623,53,Washington,530636,0,2,2,0,3,KENT,November,17,Friday,0,4,Urban,High Speed (Arterial),No,47.35797778,-122.13333056,Non-Intersection,Dark - Lighted,Clear,Unknown,Unknown,Unknown EMS Scene Arrival Hour,Unknown EMS Scene Arrival Minutes,Unknown,Unknown EMS Hospital Arrival Time,2,Dark - Lighted,Clear,2,1,"['Driver', 'Front_Passenger']","['None_Used', 'None_Used']",0,0,Invalid,2.0,0.0,39.0,28.0,"['Male', 'Female']",0,0,3,4,5,Dry,Straight,Level,Lowest,No
36624,53,Washington,530637,0,1,1,0,1,NOT APPLICABLE,November,20,Monday,23,31,Rural,Medium Speed (Collector),No,48.89432778,-121.96848333,Non-Intersection,Dark - Not Lighted,Clear,Unknown,Unknown,Unknown EMS Scene Arrival Hour,Unknown EMS Scene Arrival Minutes,Not Applicable (Not Transported),Not Applicable (Not Transported),1,Dark - Unlighted,Clear,1,0,['Driver'],['None_Used'],1,1,Valid,1.0,0.0,21.0,21.0,['Female'],0,0,2,4,3,Dry,Straight,Level,Lowest,No
36625,53,Washington,530638,1,1,1,0,1,NOT APPLICABLE,November,15,Wednesday,17,15,Urban,Medium Speed (Collector),No,47.70120278,-122.67520833,Complex/Circle,Dark - Not Lighted,Cloudy,Unknown,Unknown,Unknown EMS Scene Arrival Hour,Unknown EMS Scene Arrival Minutes,Unknown,Unknown EMS Hospital Arrival Time,1,Dark - Unlighted,Reduced Visibility,0,1,[],[],0,0,Valid,0.0,1.0,35.0,35.0,['Female'],0,0,3,1,4,Dry,Straight,Grade/Hillcrest,Lowest,No
36626,53,Washington,530639,0,2,2,0,5,NOT APPLICABLE,November,22,Wednesday,16,19,Urban,Medium Speed (Collector),No,48.49148889,-122.246575,Non-Intersection,Dusk,Cloudy,Unknown,Unknown,Unknown EMS Scene Arrival Hour,Unknown EMS Scene Arrival Minutes,Unknown,Unknown EMS Hospital Arrival Time,1,Twilight,Reduced Visibility,1,3,['Front_Passenger'],['None_Used'],0,0,Invalid,0.0,3.0,41.0,33.0,"['Male', 'Male']",0,0,3,4,5,Dry,Straight,Level,Lowest,No
36627,53,Washington,530640,1,1,1,0,1,SEATTLE,November,21,Tuesday,19,39,Urban,High Speed (Arterial),Yes,47.60116111,-122.32353889,Non-Intersection,Dark - Not Lighted,Rain,Unknown,Unknown,Unknown EMS Scene Arrival Hour,Unknown EMS Scene Arrival Minutes,Not Applicable (Not Transported),Not Applicable (Not Transported),1,Dark - Unlighted,Rain/Wind/Minor,0,1,[],[],0,0,Valid,0.0,1.0,67.0,67.0,['Male'],0,0,4,4,4,Wet/Standing Water,Straight,Grade/Hillcrest,Lowest,No
36628,53,Washington,530641,1,1,1,0,1,KENT,November,22,Wednesday,12,33,Urban,Medium Speed (Collector),No,47.3745,-122.23030833,Non-Intersection,Daylight,Cloudy,Unknown,Unknown,Unknown EMS Scene Arrival Hour,Unknown EMS Scene Arrival Minutes,Not Applicable (Not Transported),Not Applicable (Not Transported),1,Daylight,Reduced Visibility,0,1,[],[],0,0,Valid,0.0,3.0,24.0,24.0,['Male'],0,0,3,1,4,Dry,Straight,Level,Lowest,No
36629,53,Washington,530642,0,1,1,0,2,NOT APPLICABLE,November,22,Wednesday,7,44,Rural,High Speed (Arterial),Yes,47.2961,-118.03041111,Non-Intersection,Daylight,Cloudy,Unknown,Unknown,Unknown EMS Scene Arrival Hour,Unknown EMS Scene Arrival Minutes,Unknown,Unknown EMS Hospital Arrival Time,1,Daylight,Reduced Visibility,1,1,['Driver'],['Shoulder_Lapbelt'],0,0,Valid,0.0,0.0,82.0,82.0,['Male'],0,0,3,4,3,Wet/Standing Water,Curve,Grade/Hillcrest,Lowest,No
36630,53,Washington,530643,0,1,1,0,3,RICHLAND,November,21,Tuesday,15,0,Urban,High Speed (Arterial),Yes,46.25845278,-119.27736667,Non-Intersection,Daylight,Clear,Unknown,Unknown,Unknown EMS Scene Arrival Hour,Unknown EMS Scene Arrival Minutes,Unknown,Unknown EMS Hospital Arrival Time,1,Daylight,Clear,1,2,['Front_Passenger'],['Shoulder_Lapbelt'],0,0,Invalid,1.0,0.0,18.0,18.0,['Male'],0,0,2,4,3,Dry,Curve,Level,Lowest,No
36631,53,Washington,530644,0,2,2,0,2,SHELTON,November,14,Tuesday,14,12,Urban,High Speed (Arterial),Yes,47.233825,-123.12969167,Non-Intersection,Daylight,Clear,Unknown,Unknown,Unknown EMS Scene Arrival Hour,Unknown EMS Scene Arrival Minutes,Not Applicable (Not Transported),Not Applicable (Not Transported),1,Daylight,Clear,1,1,['Driver'],['Shoulder_Lapbelt'],0,0,Valid,1.0,1.0,43.0,40.0,"['Male', 'Female']",1,0,2,1,5,Dry,Curve,Level,Lowest,No
36632,53,Washington,530646,0,2,2,0,2,NOT APPLICABLE,November,23,Thursday,0,20,Urban,High Speed (Arterial),No,47.51881667,-122.73046944,Non-Intersection,Dark - Not Lighted,Clear,Unknown,Unknown,Unknown EMS Scene Arrival Hour,Unknown EMS Scene Arrival Minutes,Not Applicable (Not Transported),Not Applicable (Not Transported),1,Dark - Unlighted,Clear,1,1,['Driver'],['Shoulder_Lapbelt'],1,1,Valid,0.0,0.0,62.0,26.0,"['Female', 'Male']",0,0,3,4,5,Dry,Curve,Grade/Hillcrest,Lowest,No
36633,53,Washington,530647,0,1,1,0,1,NOT APPLICABLE,November,9,Thursday,0,15,Rural,Medium Speed (Collector),No,46.57154722,-122.31676389,Non-Intersection,Dark - Not Lighted,Clear,Unknown,Unknown,Unknown EMS Scene Arrival Hour,Unknown EMS Scene Arrival Minutes,Not Applicable (Not Transported),Not Applicable (Not Transported),1,Dark - Unlighted,Clear,1,0,['Driver'],['None_Used'],1,1,Valid,0.0,0.0,53.0,53.0,['Male'],0,0,3,4,3,Dry,Straight,Level,Lowest,No
36634,53,Washington,530648,0,2,2,0,2,MILTON,November,14,Tuesday,8,20,Urban,High Speed (Arterial),No,47.26235556,-122.33629722,Non-Intersection,Daylight,"Fog, Smog, Smoke",Unknown,Unknown,Unknown EMS Scene Arrival Hour,Unknown EMS Scene Arrival Minutes,Unknown,Unknown EMS Hospital Arrival Time,1,Daylight,Reduced Visibility,1,1,['Driver'],['Shoulder_Only'],0,0,Valid,1.0,2.0,78.0,24.0,"['Male', 'Male']",0,0,3,4,5,Dry,Straight,Non-Trafficway,Lowest,No
36635,53,Washington,530649,0,2,2,0,4,TUMWATER,November,10,Friday,22,48,Urban,High Speed (Arterial),Yes,47.02041944,-122.90641667,Non-Intersection,Dark - Lighted,Rain,Unknown,Unknown,Unknown EMS Scene Arrival Hour,Unknown EMS Scene Arrival Minutes,Unknown,Unknown EMS Hospital Arrival Time,2,Dark - Lighted,Rain/Wind/Minor,2,2,"['Driver', 'Rear_Seat']","['Shoulder_Lapbelt', 'Child_Safety']",1,1,Valid,1.0,0.0,31.0,27.0,"['Female', 'Male']",0,0,3,4,5,Wet/Standing Water,Curve,Level,Lowest,No
36636,53,Washington,530650,0,1,1,0,1,NOT APPLICABLE,November,18,Saturday,6,3,Rural,Medium Speed (Collector),No,46.33052778,-120.17419444,Non-Intersection,Reported as Unknown,Clear,Unknown,Unknown,Unknown EMS Scene Arrival Hour,Unknown EMS Scene Arrival Minutes,Not Applicable (Not Transported),Not Applicable (Not Transported),1,Dark - Unlighted,Clear,1,0,['Driver'],['None_Used'],1,1,Invalid,0.0,0.0,31.0,31.0,['Male'],0,0,3,4,4,Dry,Straight,Level,Lowest,No
36637,53,Washington,530651,0,2,2,0,2,NOT APPLICABLE,November,16,Thursday,9,32,Rural,Medium Speed (Collector),No,46.8923,-124.00347778,Non-Intersection,Daylight,Clear,Unknown,Unknown,Unknown EMS Scene Arrival Hour,Unknown EMS Scene Arrival Minutes,Unknown,Unknown EMS Hospital Arrival Time,1,Daylight,Clear,1,1,['Driver'],['None_Used'],0,0,Valid,0.0,0.0,76.0,56.0,"['Male', 'Male']",1,0,3,4,5,Dry,Curve,Level,Lowest,No
36638,53,Washington,530652,2,1,1,0,1,BOTHELL,October,28,Saturday,17,24,Urban,Low Speed (Local),No,47.74141944,-122.18130556,Non-Intersection,Dusk,Clear,Unknown,Unknown,Unknown EMS Scene Arrival Hour,Unknown EMS Scene Arrival Minutes,Unknown,Unknown EMS Hospital Arrival Time,1,Twilight,Clear,0,1,[],[],0,0,Valid,0.0,0.0,56.0,56.0,['Male'],0,0,2,4,4,Dry,Straight,Level,Lowest,No
36639,53,Washington,530653,0,1,1,0,1,KENNEWICK,April,14,Friday,18,51,Urban,Low Speed (Local),No,46.22045833,-119.14303611,Non-Intersection,Dusk,Clear,Unknown,Unknown,Unknown EMS Scene Arrival Hour,Unknown EMS Scene Arrival Minutes,Not Applicable (Not Transported),Not Applicable (Not Transported),1,Twilight,Clear,1,0,['Driver'],['None_Used'],1,1,Valid,1.0,4.0,21.0,21.0,['Male'],1,0,5,4,2,Dry,Curve,Level,Lowest,No
36640,53,Washington,530654,0,1,1,0,3,NOT APPLICABLE,November,24,Friday,7,44,Rural,High Speed (Arterial),Yes,48.02950556,-117.5999,Non-Intersection,Daylight,Clear,Unknown,Unknown,Unknown EMS Scene Arrival Hour,Unknown EMS Scene Arrival Minutes,Not Applicable (Not Transported),Not Applicable (Not Transported),1,Daylight,Clear,1,2,['Driver'],['None_Used'],0,0,Invalid,0.0,1.0,39.0,39.0,['Female'],3,0,3,4,3,Icy/Snowy,Curve,Grade/Hillcrest,Lowest,No
36641,53,Washington,530655,1,1,1,0,0,NOT APPLICABLE,July,6,Thursday,18,14,Rural,Low Speed (Local),No,48.40120833,-122.62259444,Non-Intersection,Daylight,Clear,Unknown,Unknown,Unknown EMS Scene Arrival Hour,Unknown EMS Scene Arrival Minutes,Unknown,Unknown EMS Hospital Arrival Time,1,Daylight,Clear,0,0,[],[],0,0,Valid,0.0,0.0,49.0,34.0,Other,0,0,3,1,4,Dry,Straight,Non-Trafficway,Lowest,No
36642,53,Washington,530656,0,1,1,0,1,MOUNT VERNON,November,25,Saturday,22,22,Urban,Medium Speed (Collector),No,48.43939167,-122.30254444,Simple Junction,Dark - Lighted,"Fog, Smog, Smoke",Unknown,Unknown,Unknown EMS Scene Arrival Hour,Unknown EMS Scene Arrival Minutes,Unknown,Unknown EMS Hospital Arrival Time,1,Dark - Lighted,Reduced Visibility,1,0,['Driver'],['None_Used'],0,0,Valid,0.0,1.0,40.0,40.0,['Male'],0,0,5,4,3,Oil/Contaminated,Straight,Level,Lowest,No
36643,53,Washington,530657,1,1,1,0,1,NORTH BEND,November,7,Tuesday,19,42,Urban,Medium Speed (Collector),No,47.48561944,-121.77086667,Simple Junction,Dark - Not Lighted,Rain,Unknown,Unknown,Unknown EMS Scene Arrival Hour,Unknown EMS Scene Arrival Minutes,Unknown,Unknown EMS Hospital Arrival Time,1,Dark - Unlighted,Rain/Wind/Minor,0,1,[],[],0,0,Valid,0.0,0.0,43.0,43.0,['Male'],0,0,3,1,4,Wet/Standing Water,Straight,Level,Lowest,No
36644,53,Washington,530658,0,2,2,0,2,VANCOUVER,November,24,Friday,17,9,Urban,High Speed (Arterial),No,45.63743889,-122.55793889,Non-Intersection,Dark - Lighted,Clear,Unknown,Unknown,Unknown EMS Scene Arrival Hour,Unknown EMS Scene Arrival Minutes,Unknown,Unknown EMS Hospital Arrival Time,1,Dark - Lighted,Clear,1,1,['Driver'],['None_Used'],1,1,Valid,0.0,0.0,38.0,26.0,"['Male', 'Female']",1,0,5,4,5,Dry,Straight,Grade/Hillcrest,Lowest,No
36645,53,Washington,530659,0,2,2,0,2,NOT APPLICABLE,December,1,Friday,9,53,Rural,High Speed (Arterial),No,47.185875,-123.91900278,Non-Intersection,Daylight,Clear,Unknown,Unknown,Unknown EMS Scene Arrival Hour,Unknown EMS Scene Arrival Minutes,Not Applicable (Not Transported),Not Applicable (Not Transported),1,Daylight,Clear,1,1,['Driver'],['Shoulder_Lapbelt'],0,0,Valid,2.0,3.0,76.0,66.0,"['Male', 'Male']",0,0,4,4,5,Wet/Standing Water,Straight,Level,Lowest,No
36646,53,Washington,530660,0,2,2,0,2,NOT APPLICABLE,December,1,Friday,18,48,Rural,High Speed (Arterial),No,46.93152222,-119.94775278,Non-Intersection,Dark - Not Lighted,Clear,Unknown,Unknown,Unknown EMS Scene Arrival Hour,Unknown EMS Scene Arrival Minutes,Not Applicable (Not Transported),Not Applicable (Not Transported),1,Dark - Unlighted,Clear,1,1,['Driver'],['Shoulder_Lapbelt'],1,1,Invalid,0.0,2.0,79.0,40.0,"['Female', 'Male']",0,0,4,4,5,Icy/Snowy,Straight,Grade/Hillcrest,Lowest,No
36647,53,Washington,530661,1,1,1,0,2,NOT APPLICABLE,December,3,Sunday,19,10,Urban,High Speed (Arterial),No,46.98464722,-122.76848889,Non-Intersection,Dark - Lighted,Clear,Unknown,Unknown,Unknown EMS Scene Arrival Hour,Unknown EMS Scene Arrival Minutes,Unknown,Unknown EMS Hospital Arrival Time,1,Dark - Lighted,Clear,0,2,[],[],0,0,Valid,0.0,0.0,53.0,53.0,['Female'],0,0,2,1,4,Wet/Standing Water,Straight,Level,Lowest,No