,State_Code,State_Name,Crash_ID,Count_Non_Motorists,Count_Vehicles_Total,Count_Vehicle_Forms,Count_PVH_Involved,Count_Occupants_MV,City_Name,Month_Name,Day_of_Month,Day_of_Week,Crash_Hour,Crash_Minute,Area_Rural_Urban,Road_Functional_Class,On_NHS_Road,Latitude,Longitude,Intersection_Type,Light_Condition,Weather_Condition,Notif_Hour,Notif_Minute,Arrival_Hour,Arrival_Minute,Hospital_Hour,Hospital_Minute,Fatalities_Count,Clean_Light_Condition,Clean_Weather_Condition,Total_Killed,Total_Alive,Fatal_Seats_List,Killed_Restraint_List,Any_Driver_Drinking,Total_Drinking_Drivers,Driver_License_Category,Driver_Max_Prev_Accident_Count,Driver_Max_Prev_Speeding_Count,Max_Driver_Age,Min_Driver_Age,Driver_Sex_List,Total_Exceeding_Limit_Vehicles,Total_Too_Fast_Vehicles,Max_Vehicle_Type_Severity_5,Max_Vehicle_Damage_Rank,Max_Harmful_Event_Severity,Crash_Road_Surface_Condition,Crash_Horizontal_Alignment,Crash_Vertical_Profile,Crash_Impairment_Category,Crash_Vehicle_Defect
36648,53,Washington,530662,0,2,2,0,3,NOT APPLICABLE,November,30,Thursday,17,36,Rural,Medium Speed (Collector),No,46.95639722,-122.44264167,Non-Intersection,Dark - Not Lighted,Rain,Unknown,Unknown,Unknown EMS Scene Arrival Hour,Unknown EMS Scene Arrival Minutes,Not Applicable (Not Transported),Not Applicable (Not Transported),1,Dark - Unlighted,Rain/Wind/Minor,1,2,['Front_Passenger'],['Lapbelt_Only'],0,0,Invalid,1.0,2.0,32.0,18.0,"['Male', 'Male']",0,0,3,4,5,Wet/Standing Water,Straight,Grade/Hillcrest,Lowest,Yes
36649,53,Washington,530663,0,1,1,0,1,NOT APPLICABLE,December,1,Friday,14,57,Rural,High Speed (Arterial),No,48.57207778,-117.94390833,Non-Intersection,Daylight,Snow,Unknown,Unknown,Unknown EMS Scene Arrival Hour,Unknown EMS Scene Arrival Minutes,Not Applicable (Not Transported),Not Applicable (Not Transported),1,Daylight,Snow/Ice/Severe,1,0,['Driver'],['None_Used'],1,1,Valid,0.0,0.0,68.0,68.0,['Male'],1,0,3,4,3,Icy/Snowy,Straight,Level,Lowest,No
36650,53,Washington,530664,0,2,2,0,2,NOT APPLICABLE,December,1,Friday,21,58,Rural,Medium Speed (Collector),No,48.53050278,-122.22528056,Non-Intersection,Dark - Not Lighted,Rain,Unknown,Unknown,Unknown EMS Scene Arrival Hour,Unknown EMS Scene Arrival Minutes,Unknown,Unknown EMS Hospital Arrival Time,1,Dark - Unlighted,Rain/Wind/Minor,1,1,['Driver'],['Shoulder_Lapbelt'],1,1,Valid,1.0,0.0,56.0,20.0,"['Male', 'Female']",0,0,3,4,5,Wet/Standing Water,Straight,Level,Lowest,No
36651,53,Washington,530665,0,2,2,0,3,NOT APPLICABLE,December,4,Monday,11,45,Rural,Medium Speed (Collector),No,46.91646111,-122.56905278,Non-Intersection,Daylight,Rain,Unknown,Unknown,Unknown EMS Scene Arrival Hour,Unknown EMS Scene Arrival Minutes,Unknown,Unknown EMS Hospital Arrival Time,1,Daylight,Rain/Wind/Minor,1,2,['Driver'],['Shoulder_Lapbelt'],0,0,Valid,2.0,1.0,73.0,46.0,"['Male', 'Female']",0,0,3,4,5,Wet/Standing Water,Straight,Level,Medium,No
36652,53,Washington,530666,0,1,1,0,4,NOT APPLICABLE,December,4,Monday,5,48,Rural,Medium Speed (Collector),No,46.91285833,-119.04675833,Non-Intersection,Dark - Not Lighted,Cloudy,Unknown,Unknown,Unknown EMS Scene Arrival Hour,Unknown EMS Scene Arrival Minutes,Unknown,Unknown EMS Hospital Arrival Time,1,Dark - Unlighted,Reduced Visibility,1,3,['Rear_Seat'],['None_Used'],0,0,Invalid,0.0,0.0,31.0,31.0,['Female'],4,0,3,4,3,Icy/Snowy,Straight,Grade/Hillcrest,Lowest,No
36653,53,Washington,530667,1,1,1,0,1,LAKEWOOD,December,5,Tuesday,6,27,Urban,High Speed (Arterial),No,47.16289722,-122.48376111,Simple Junction,Dark - Lighted,Rain,Unknown,Unknown,Unknown EMS Scene Arrival Hour,Unknown EMS Scene Arrival Minutes,Unknown,Unknown EMS Hospital Arrival Time,1,Dark - Lighted,Rain/Wind/Minor,0,1,[],[],0,0,Valid,1.0,0.0,34.0,34.0,['Male'],0,0,3,4,4,Wet/Standing Water,Curve,Grade/Hillcrest,Lowest,No
36654,53,Washington,530668,1,1,1,0,1,DES MOINES,December,2,Saturday,21,38,Urban,High Speed (Arterial),No,47.39458333,-122.2948,Non-Intersection,Dark - Lighted,Clear,Unknown,Unknown,Unknown EMS Scene Arrival Hour,Unknown EMS Scene Arrival Minutes,Unknown,Unknown EMS Hospital Arrival Time,1,Dark - Lighted,Clear,0,1,[],[],0,0,Invalid,2.0,0.0,27.0,27.0,['Male'],0,0,3,4,4,Dry,Straight,Level,Lowest,No
36655,53,Washington,530669,0,1,1,0,1,NOT APPLICABLE,December,5,Tuesday,4,1,Rural,Medium Speed (Collector),No,46.70200278,-122.92918611,Simple Junction,Dark - Not Lighted,Rain,Unknown,Unknown,Unknown EMS Scene Arrival Hour,Unknown EMS Scene Arrival Minutes,Not Applicable (Not Transported),Not Applicable (Not Transported),1,Dark - Unlighted,Rain/Wind/Minor,1,0,['Driver'],['Shoulder_Lapbelt'],0,0,Valid,0.0,0.0,58.0,58.0,['Male'],0,0,2,4,2,Wet/Standing Water,Straight,Level,Lowest,No
36656,53,Washington,530670,1,1,1,0,1,ABERDEEN,December,5,Tuesday,7,14,Urban,High Speed (Arterial),No,46.97534444,-123.81336111,Non-Intersection,Dark - Lighted,Rain,Unknown,Unknown,Unknown EMS Scene Arrival Hour,Unknown EMS Scene Arrival Minutes,Not Applicable (Not Transported),Not Applicable (Not Transported),1,Dark - Lighted,Rain/Wind/Minor,0,1,[],[],0,0,Valid,1.0,1.0,52.0,52.0,['Female'],0,0,3,1,4,Wet/Standing Water,Straight,Grade/Hillcrest,Lowest,No
36657,53,Washington,530671,0,1,1,0,1,NOT APPLICABLE,December,5,Tuesday,17,57,Rural,Medium Speed (Collector),No,47.02455833,-118.49339722,Non-Intersection,Dark - Not Lighted,Cloudy,Unknown,Unknown,Unknown EMS Scene Arrival Hour,Unknown EMS Scene Arrival Minutes,Not Applicable (Not Transported),Not Applicable (Not Transported),1,Dark - Unlighted,Reduced Visibility,1,0,['Driver'],['Shoulder_Lapbelt'],0,0,Valid,0.0,0.0,57.0,57.0,['Female'],1,0,4,4,3,Wet/Standing Water,Straight,Grade/Hillcrest,Lowest,No
36658,53,Washington,530672,0,2,2,0,7,NOT APPLICABLE,December,6,Wednesday,16,35,Urban,Medium Speed (Collector),No,47.68553611,-117.33615278,Non-Intersection,Dark - Lighted,Rain,Unknown,Unknown,Unknown EMS Scene Arrival Hour,Unknown EMS Scene Arrival Minutes,Unknown,Unknown EMS Hospital Arrival Time,1,Dark - Lighted,Rain/Wind/Minor,1,6,['Driver'],['Shoulder_Lapbelt'],1,1,Invalid,0.0,1.0,39.0,37.0,"['Female', 'Female']",0,0,3,4,5,Wet/Standing Water,Straight,Level,Lowest,No
36659,53,Washington,530673,0,1,1,0,3,NOT APPLICABLE,December,7,Thursday,7,43,Rural,High Speed (Arterial),Yes,47.33730556,-117.911875,Non-Intersection,Daylight,Rain,Unknown,Unknown,Unknown EMS Scene Arrival Hour,Unknown EMS Scene Arrival Minutes,Unknown,Unknown EMS Hospital Arrival Time,1,Daylight,Rain/Wind/Minor,1,2,['Rear_Seat'],['Shoulder_Lapbelt'],1,1,Valid,0.0,1.0,22.0,22.0,['Female'],0,0,3,4,2,Wet/Standing Water,Straight,Level,Lowest,Yes
36660,53,Washington,530674,0,1,1,0,2,TACOMA,January,7,Saturday,13,15,Urban,High Speed (Arterial),No,47.20623611,-122.48510278,Complex/Circle,Daylight,Rain,Unknown,Unknown,Unknown EMS Scene Arrival Hour,Unknown EMS Scene Arrival Minutes,Unknown,Unknown EMS Hospital Arrival Time,1,Daylight,Rain/Wind/Minor,1,1,['Front_Passenger'],['Shoulder_Lapbelt'],0,0,Valid,0.0,0.0,51.0,51.0,['Male'],2,0,2,4,3,Wet/Standing Water,Straight,Level,Lowest,No
36661,53,Washington,530675,1,1,1,0,1,KENNEWICK,May,20,Saturday,4,2,Urban,Medium Speed (Collector),No,46.20618056,-119.15869444,Non-Intersection,Daylight,Clear,Unknown,Unknown,Unknown EMS Scene Arrival Hour,Unknown EMS Scene Arrival Minutes,Not Applicable (Not Transported),Not Applicable (Not Transported),1,Daylight,Clear,0,0,[],[],0,0,Invalid,0.0,0.0,999.0,999.0,['Other'],0,0,1,0,4,Dry,Straight,Grade/Hillcrest,Lowest,No
36662,53,Washington,530676,0,2,2,0,2,TACOMA,October,29,Sunday,3,52,Urban,High Speed (Arterial),Yes,47.24006667,-122.43293056,Non-Intersection,Dark - Lighted,Clear,Unknown,Unknown,Unknown EMS Scene Arrival Hour,Unknown EMS Scene Arrival Minutes,Unknown,Unknown EMS Hospital Arrival Time,2,Dark - Lighted,Clear,2,0,"['Driver', 'Driver']","['Shoulder_Only', 'Shoulder_Lapbelt']",1,1,Valid,0.0,0.0,43.0,24.0,"['Male', 'Male']",0,0,2,4,5,Dry,Straight,Grade/Hillcrest,Lowest,No
36663,53,Washington,530677,1,1,1,0,1,MOUNT VERNON,April,6,Thursday,16,43,Urban,Medium Speed (Collector),No,48.42171944,-122.34626111,Complex/Circle,Daylight,Clear,Unknown,Unknown,Unknown EMS Scene Arrival Hour,Unknown EMS Scene Arrival Minutes,Not Applicable (Not Transported),Not Applicable (Not Transported),1,Daylight,Clear,0,1,[],[],0,0,Valid,0.0,2.0,61.0,61.0,['Male'],0,0,3,1,4,Dry,Straight,Grade/Hillcrest,Lowest,No
36664,53,Washington,530678,1,1,1,0,1,SPOKANE,November,19,Sunday,17,0,Urban,High Speed (Arterial),No,47.62820556,-117.36980556,Non-Intersection,Dark - Lighted,Clear,Unknown,Unknown,Unknown EMS Scene Arrival Hour,Unknown EMS Scene Arrival Minutes,Unknown,Unknown EMS Hospital Arrival Time,1,Dark - Lighted,Clear,0,1,[],[],0,0,Valid,0.0,0.0,32.0,32.0,['Male'],0,0,3,1,4,Wet/Standing Water,Straight,Level,Lowest,No
36665,53,Washington,530679,0,2,2,0,2,NOT APPLICABLE,November,24,Friday,22,29,Urban,High Speed (Arterial),No,47.87180278,-122.27483333,Non-Intersection,Dark - Lighted,Clear,Unknown,Unknown,Unknown EMS Scene Arrival Hour,Unknown EMS Scene Arrival Minutes,Unknown,Unknown EMS Hospital Arrival Time,1,Dark - Lighted,Clear,1,1,['Driver'],['Shoulder_Lapbelt'],1,1,Valid,1.0,0.0,32.0,32.0,"['Male', 'Male']",0,0,3,4,5,Dry,Straight,Level,Lowest,No
36666,53,Washington,530680,0,2,2,0,3,NOT APPLICABLE,November,26,Sunday,2,57,Urban,High Speed (Arterial),No,47.06456111,-122.40984444,Non-Intersection,Dark - Lighted,Rain,Unknown,Unknown,Unknown EMS Scene Arrival Hour,Unknown EMS Scene Arrival Minutes,Unknown,Unknown EMS Hospital Arrival Time,1,Dark - Lighted,Rain/Wind/Minor,1,2,['Driver'],['None_Used'],0,0,Invalid,2.0,4.0,50.0,14.0,"['Male', 'Male']",1,0,3,4,5,Wet/Standing Water,Straight,Level,Lowest,No
36667,53,Washington,530681,0,3,3,0,4,FEDERAL WAY,December,5,Tuesday,19,45,Urban,High Speed (Arterial),Yes,47.27958056,-122.31061389,Non-Intersection,Dark - Lighted,Rain,Unknown,Unknown,Unknown EMS Scene Arrival Hour,Unknown EMS Scene Arrival Minutes,Unknown,Unknown EMS Hospital Arrival Time,1,Dark - Lighted,Rain/Wind/Minor,1,3,['Driver'],['Shoulder_Lapbelt'],0,0,Valid,0.0,0.0,53.0,24.0,"['Female', 'Female', 'Female']",0,0,3,4,5,Wet/Standing Water,Straight,Level,Lowest,No
36668,53,Washington,530682,1,1,1,0,1,EVERETT,December,9,Saturday,17,10,Urban,High Speed (Arterial),No,47.98178333,-122.19694444,Non-Intersection,Dusk,Rain,Unknown,Unknown,Unknown EMS Scene Arrival Hour,Unknown EMS Scene Arrival Minutes,Not Applicable (Not Transported),Not Applicable (Not Transported),1,Twilight,Rain/Wind/Minor,0,1,[],[],0,0,Valid,0.0,0.0,29.0,29.0,['Male'],0,0,3,1,4,Wet/Standing Water,Straight,Level,Lowest,No
36669,53,Washington,530683,1,2,2,0,3,NOT APPLICABLE,December,1,Friday,20,54,Urban,Medium Speed (Collector),No,47.63397222,-117.33461667,Non-Intersection,Dark - Not Lighted,Clear,Unknown,Unknown,Unknown EMS Scene Arrival Hour,Unknown EMS Scene Arrival Minutes,Unknown,Unknown EMS Hospital Arrival Time,1,Dark - Unlighted,Clear,0,3,[],[],0,0,Valid,0.0,0.0,44.0,44.0,['Male'],0,0,3,1,5,Icy/Snowy,Straight,Level,Lowest,Yes
36670,53,Washington,530684,1,1,1,0,1,SPOKANE,December,8,Friday,14,33,Urban,High Speed (Arterial),No,47.65240278,-117.43556944,Complex/Circle,Daylight,Clear,Unknown,Unknown,Unknown EMS Scene Arrival Hour,Unknown EMS Scene Arrival Minutes,Unknown,Unknown EMS Hospital Arrival Time,1,Daylight,Clear,0,1,[],[],0,0,Valid,0.0,0.0,75.0,75.0,['Female'],0,0,3,1,4,Dry,Straight,Level,Lowest,No
36671,53,Washington,530685,1,1,1,0,3,LACEY,November,3,Friday,10,32,Urban,Medium Speed (Collector),No,47.01031389,-122.81327222,Simple Junction,Daylight,Cloudy,Unknown,Unknown,Unknown EMS Scene Arrival Hour,Unknown EMS Scene Arrival Minutes,Unknown,Unknown EMS Hospital Arrival Time,1,Daylight,Reduced Visibility,0,3,[],[],0,0,Valid,0.0,0.0,43.0,43.0,['Male'],0,0,3,1,4,Dry,Straight,Level,Lowest,No
36672,53,Washington,530686,0,1,1,0,1,YAKIMA,December,6,Wednesday,23,4,Rural,Medium Speed (Collector),No,46.56393889,-120.63771667,Non-Intersection,Dark - Not Lighted,Rain,Unknown,Unknown,Unknown EMS Scene Arrival Hour,Unknown EMS Scene Arrival Minutes,Not Applicable (Not Transported),Not Applicable (Not Transported),1,Dark - Unlighted,Rain/Wind/Minor,1,0,['Driver'],['None_Used'],1,1,Invalid,0.0,2.0,26.0,26.0,['Female'],1,0,2,4,2,Wet/Standing Water,Straight,Level,Lowest,No
36673,53,Washington,530687,0,1,1,0,1,NOT APPLICABLE,December,1,Friday,11,34,Rural,High Speed (Arterial),Yes,47.20174722,-121.07281944,Non-Intersection,Daylight,Snow,Unknown,Unknown,Unknown EMS Scene Arrival Hour,Unknown EMS Scene Arrival Minutes,Not Applicable (Not Transported),Not Applicable (Not Transported),1,Daylight,Snow/Ice/Severe,1,0,['Driver'],['None_Used'],0,0,Invalid,0.0,0.0,45.0,45.0,['Male'],1,0,3,4,3,Dry,Straight,Grade/Hillcrest,Lowest,No
36674,53,Washington,530688,1,1,1,0,1,NOT APPLICABLE,December,9,Saturday,0,0,Urban,High Speed (Arterial),No,47.75075278,-122.66746389,Non-Intersection,Dark - Not Lighted,Cloudy,Unknown,Unknown,Unknown EMS Scene Arrival Hour,Unknown EMS Scene Arrival Minutes,Not Applicable (Not Transported),Not Applicable (Not Transported),1,Dark - Unlighted,Reduced Visibility,0,0,[],[],0,0,Invalid,0.0,0.0,999.0,999.0,['Other'],0,0,1,1,4,Wet/Standing Water,Curve,Grade/Hillcrest,Lowest,No
36675,53,Washington,530689,0,1,1,0,1,TACOMA,December,15,Friday,23,44,Urban,Medium Speed (Collector),No,47.21722778,-122.46399444,Non-Intersection,Dark - Lighted,Clear,Unknown,Unknown,Unknown EMS Scene Arrival Hour,Unknown EMS Scene Arrival Minutes,Not Applicable (Not Transported),Not Applicable (Not Transported),1,Dark - Lighted,Clear,1,0,['Driver'],['None_Used'],0,0,Invalid,0.0,2.0,29.0,29.0,['Male'],0,0,5,4,2,Dry,Straight,Level,Lowest,No
36676,53,Washington,530690,0,2,2,0,3,NOT APPLICABLE,December,16,Saturday,22,12,Rural,High Speed (Arterial),Yes,46.96409722,-120.50725556,Non-Intersection,Dark - Unknown Lighting,Clear,Unknown,Unknown,Unknown EMS Scene Arrival Hour,Unknown EMS Scene Arrival Minutes,Unknown,Unknown EMS Hospital Arrival Time,1,Dark - Unlighted,Clear,1,2,['Driver'],['Shoulder_Lapbelt'],1,1,Valid,0.0,1.0,57.0,40.0,"['Male', 'Male']",0,0,3,4,5,Dry,Straight,Grade/Hillcrest,Lowest,No
36677,53,Washington,530691,0,1,1,0,2,NOT APPLICABLE,December,10,Sunday,21,25,Rural,Low Speed (Local),No,47.20333333,-122.03739444,Non-Intersection,Dark - Not Lighted,Rain,Unknown,Unknown,Unknown EMS Scene Arrival Hour,Unknown EMS Scene Arrival Minutes,Not Applicable (Not Transported),Not Applicable (Not Transported),1,Dark - Unlighted,Rain/Wind/Minor,1,1,['Driver'],['None_Used'],1,1,Valid,0.0,0.0,65.0,65.0,['Male'],0,0,3,4,3,Wet/Standing Water,Straight,Level,Lowest,No
36678,53,Washington,530692,0,2,2,0,3,NOT APPLICABLE,October,30,Monday,13,23,Urban,High Speed (Arterial),No,46.39756111,-117.04550833,Non-Intersection,Daylight,Clear,Unknown,Unknown,Unknown EMS Scene Arrival Hour,Unknown EMS Scene Arrival Minutes,Unknown,Unknown EMS Hospital Arrival Time,1,Daylight,Clear,1,1,['Driver'],['None_Used'],0,0,Valid,0.0,1.0,38.0,30.0,"['Male', 'Male']",0,0,3,1,5,Dry,Straight,Level,Lowest,No
36679,53,Washington,530693,0,2,2,0,3,NOT APPLICABLE,September,9,Saturday,14,16,Rural,Medium Speed (Collector),No,46.41681389,-120.36931667,Non-Intersection,Daylight,Clear,Unknown,Unknown,Unknown EMS Scene Arrival Hour,Unknown EMS Scene Arrival Minutes,Unknown,Unknown EMS Hospital Arrival Time,1,Daylight,Clear,1,2,['Driver'],['Shoulder_Lapbelt'],1,1,Invalid,0.0,0.0,43.0,34.0,"['Male', 'Male']",1,0,3,4,5,Dry,Straight,Level,Lowest,No
36680,53,Washington,530694,0,4,4,0,7,VANCOUVER,December,20,Wednesday,21,40,Urban,High Speed (Arterial),No,45.606925,-122.5653,Non-Intersection,Dark - Lighted,Clear,Unknown,Unknown,Unknown EMS Scene Arrival Hour,Unknown EMS Scene Arrival Minutes,Unknown,Unknown EMS Hospital Arrival Time,1,Dark - Lighted,Clear,1,6,['Driver'],['Shoulder_Lapbelt'],0,0,Valid,0.0,2.0,68.0,25.0,"['Female', 'Male', 'Female', 'Male']",0,0,2,4,5,Dry,Straight,Level,Lowest,No
36681,53,Washington,530695,0,1,1,0,3,NOT APPLICABLE,December,23,Saturday,0,28,Rural,High Speed (Arterial),No,46.428925,-119.02626944,Non-Intersection,Dark - Not Lighted,Cloudy,Unknown,Unknown,Unknown EMS Scene Arrival Hour,Unknown EMS Scene Arrival Minutes,Unknown,Unknown EMS Hospital Arrival Time,1,Dark - Unlighted,Reduced Visibility,1,2,['Rear_Seat'],['None_Used'],0,0,Valid,1.0,0.0,18.0,18.0,['Male'],3,0,3,4,3,Wet/Standing Water,Straight,Level,Lowest,No
36682,53,Washington,530696,1,1,1,0,1,NOT APPLICABLE,December,20,Wednesday,6,4,Urban,High Speed (Arterial),No,47.85794167,-122.28790278,Non-Intersection,Dark - Not Lighted,Clear,Unknown,Unknown,Unknown EMS Scene Arrival Hour,Unknown EMS Scene Arrival Minutes,Unknown,Unknown EMS Hospital Arrival Time,1,Dark - Unlighted,Clear,0,1,[],[],0,0,Valid,1.0,0.0,58.0,58.0,['Male'],0,0,4,1,4,Dry,Straight,Level,Lowest,No
36683,53,Washington,530697,0,2,2,0,7,RENTON,December,19,Tuesday,12,6,Urban,High Speed (Arterial),No,47.48544444,-122.19382222,Non-Intersection,Daylight,Rain,Unknown,Unknown,Unknown EMS Scene Arrival Hour,Unknown EMS Scene Arrival Minutes,Unknown,Unknown EMS Hospital Arrival Time,1,Daylight,Rain/Wind/Minor,1,3,['Front_Passenger'],['Shoulder_Lapbelt'],0,0,Invalid,0.0,0.0,58.0,20.0,"['Male', 'Female']",3,0,2,4,5,Wet/Standing Water,Curve,Grade/Hillcrest,Lowest,No
36684,53,Washington,530699,1,1,1,0,1,NOT APPLICABLE,December,2,Saturday,0,44,Urban,High Speed (Arterial),No,45.68113333,-122.661725,Non-Intersection,Dark - Lighted,Rain,Unknown,Unknown,Unknown EMS Scene Arrival Hour,Unknown EMS Scene Arrival Minutes,Not Applicable (Not Transported),Not Applicable (Not Transported),1,Dark - Lighted,Rain/Wind/Minor,0,0,[],[],0,0,Invalid,0.0,0.0,999.0,999.0,['Other'],0,0,4,0,4,Wet/Standing Water,Straight,Grade/Hillcrest,Lowest,No
36685,53,Washington,530700,0,2,2,0,3,NOT APPLICABLE,December,7,Thursday,15,10,Urban,Medium Speed (Collector),No,47.62801667,-121.95826111,Non-Intersection,Daylight,Rain,Unknown,Unknown,Unknown EMS Scene Arrival Hour,Unknown EMS Scene Arrival Minutes,Unknown,Unknown EMS Hospital Arrival Time,1,Daylight,Rain/Wind/Minor,1,2,['Front_Passenger'],['Shoulder_Lapbelt'],0,0,Valid,0.0,0.0,79.0,68.0,"['Male', 'Female']",0,0,3,4,5,Wet/Standing Water,Curve,Grade/Hillcrest,Medium,No
36686,53,Washington,530701,0,2,2,0,2,NOT APPLICABLE,December,20,Wednesday,22,51,Urban,Medium Speed (Collector),No,47.83784444,-122.2367,Non-Intersection,Dark - Lighted,"Fog, Smog, Smoke",Unknown,Unknown,Unknown EMS Scene Arrival Hour,Unknown EMS Scene Arrival Minutes,Unknown,Unknown EMS Hospital Arrival Time,1,Dark - Lighted,Reduced Visibility,1,1,['Driver'],['None_Used'],1,1,Invalid,0.0,0.0,38.0,23.0,"['Female', 'Other']",0,0,3,1,5,Wet/Standing Water,Straight,Grade/Hillcrest,Lowest,No
36687,53,Washington,530702,0,2,2,0,2,NOT APPLICABLE,November,26,Sunday,9,52,Urban,High Speed (Arterial),Yes,46.21130278,-119.73195,Non-Intersection,Daylight,Clear,Unknown,Unknown,Unknown EMS Scene Arrival Hour,Unknown EMS Scene Arrival Minutes,Unknown,Unknown EMS Hospital Arrival Time,1,Daylight,Clear,1,0,['Driver'],['None_Used'],0,0,Invalid,1.0,0.0,36.0,35.0,"['Male', 'Male']",0,0,4,4,5,Dry,Straight,Level,Lowest,No
36688,53,Washington,530703,1,1,1,0,1,VANCOUVER,September,21,Thursday,12,31,Urban,Low Speed (Local),No,45.61993889,-122.59828056,Non-Intersection,Daylight,Clear,Unknown,Unknown,Unknown EMS Scene Arrival Hour,Unknown EMS Scene Arrival Minutes,Unknown,Unknown EMS Hospital Arrival Time,1,Daylight,Clear,0,1,[],[],0,0,Valid,0.0,0.0,49.0,34.0,Other,0,0,3,1,4,Dry,Straight,Level,Lowest,No
36689,53,Washington,530704,0,2,2,0,4,DES MOINES,September,2,Saturday,18,26,Urban,High Speed (Arterial),No,47.39648889,-122.32191389,Non-Intersection,Daylight,Clear,Unknown,Unknown,Unknown EMS Scene Arrival Hour,Unknown EMS Scene Arrival Minutes,Unknown,Unknown EMS Hospital Arrival Time,1,Daylight,Clear,1,3,['Front_Passenger'],['None_Used'],1,1,Valid,2.0,5.0,53.0,28.0,"['Male', 'Female']",0,0,3,4,5,Dry,Curve,Level,Lowest,No
36690,53,Washington,530705,1,1,1,0,1,NOT APPLICABLE,October,16,Monday,21,33,Urban,High Speed (Arterial),Yes,47.64292778,-117.60604167,Non-Intersection,Dark - Lighted,Cloudy,Unknown,Unknown,Unknown EMS Scene Arrival Hour,Unknown EMS Scene Arrival Minutes,Unknown,Unknown EMS Hospital Arrival Time,1,Dark - Lighted,Reduced Visibility,0,1,[],[],0,0,Valid,0.0,0.0,20.0,20.0,['Female'],0,0,2,1,4,Wet/Standing Water,Straight,Level,Lowest,No
36691,53,Washington,530706,1,1,1,0,1,SPOKANE,October,21,Saturday,18,40,Urban,High Speed (Arterial),Yes,47.66141111,-117.41111389,Simple Junction,Dark - Not Lighted,Clear,Unknown,Unknown,Unknown EMS Scene Arrival Hour,Unknown EMS Scene Arrival Minutes,Unknown,Unknown EMS Hospital Arrival Time,1,Dark - Unlighted,Clear,0,1,[],[],0,0,Valid,0.0,0.0,46.0,46.0,['Male'],0,0,3,1,4,Dry,Straight,Level,Lowest,No
36692,53,Washington,530707,1,1,1,0,1,VANCOUVER,October,20,Friday,17,0,Urban,Medium Speed (Collector),No,45.64288611,-122.64626944,Non-Intersection,Daylight,Clear,Unknown,Unknown,Unknown EMS Scene Arrival Hour,Unknown EMS Scene Arrival Minutes,Unknown,Unknown EMS Hospital Arrival Time,1,Daylight,Clear,0,1,[],[],0,0,Valid,0.0,0.0,38.0,38.0,['Male'],0,0,3,4,4,Dry,Straight,Level,Lowest,No
36693,53,Washington,530708,1,1,1,0,1,FEDERAL WAY,November,7,Tuesday,18,43,Urban,High Speed (Arterial),Yes,47.28970278,-122.30117778,Non-Intersection,Dark - Lighted,Clear,Unknown,Unknown,Unknown EMS Scene Arrival Hour,Unknown EMS Scene Arrival Minutes,Unknown,Unknown EMS Hospital Arrival Time,1,Dark - Lighted,Clear,0,1,[],[],0,0,Valid,0.0,0.0,63.0,63.0,['Male'],0,0,3,4,4,Dry,Curve,Level,Lowest,No
36694,53,Washington,530709,0,2,2,0,2,NOT APPLICABLE,November,11,Saturday,10,3,Urban,Medium Speed (Collector),No,46.316925,-119.98425278,Complex/Circle,Daylight,Clear,Unknown,Unknown,Unknown EMS Scene Arrival Hour,Unknown EMS Scene Arrival Minutes,Unknown,Unknown EMS Hospital Arrival Time,1,Daylight,Clear,1,1,['Driver'],['Shoulder_Lapbelt'],0,0,Valid,0.0,0.0,84.0,65.0,"['Male', 'Male']",0,0,3,4,5,Dry,Straight,Level,Lowest,No
36695,53,Washington,530710,1,4,4,0,18,SEATTLE,November,4,Saturday,15,40,Urban,High Speed (Arterial),No,47.616825,-122.34439444,Complex/Circle,Daylight,Cloudy,Unknown,Unknown,Unknown EMS Scene Arrival Hour,Unknown EMS Scene Arrival Minutes,Unknown,Unknown EMS Hospital Arrival Time,1,Daylight,Reduced Visibility,0,18,[],[],0,0,Invalid,1.0,1.0,41.0,29.0,"['Male', 'Male', 'Male', 'Male']",0,0,4,4,5,Dry,Straight,Level,Lowest,No
36696,53,Washington,530712,1,1,1,0,2,BREMERTON,November,7,Tuesday,8,35,Urban,High Speed (Arterial),No,47.56878333,-122.678375,Non-Intersection,Daylight,Clear,Unknown,Unknown,Unknown EMS Scene Arrival Hour,Unknown EMS Scene Arrival Minutes,Not Applicable (Not Transported),Not Applicable (Not Transported),1,Daylight,Clear,0,1,[],[],0,0,Valid,0.0,0.0,32.0,32.0,['Female'],0,0,3,1,4,Wet/Standing Water,Straight,Level,Lowest,No