,State_Code,State_Name,Crash_ID,Count_Non_Motorists,Count_Vehicles_Total,Count_Vehicle_Forms,Count_PVH_Involved,Count_Occupants_MV,City_Name,Month_Name,Day_of_Month,Day_of_Week,Crash_Hour,Crash_Minute,Area_Rural_Urban,Road_Functional_Class,On_NHS_Road,Latitude,Longitude,Intersection_Type,Light_Condition,Weather_Condition,Notif_Hour,Notif_Minute,Arrival_Hour,Arrival_Minute,Hospital_Hour,Hospital_Minute,Fatalities_Count,Clean_Light_Condition,Clean_Weather_Condition,Total_Killed,Total_Alive,Fatal_Seats_List,Killed_Restraint_List,Any_Driver_Drinking,Total_Drinking_Drivers,Driver_License_Category,Driver_Max_Prev_Accident_Count,Driver_Max_Prev_Speeding_Count,Max_Driver_Age,Min_Driver_Age,Driver_Sex_List,Total_Exceeding_Limit_Vehicles,Total_Too_Fast_Vehicles,Max_Vehicle_Type_Severity_5,Max_Vehicle_Damage_Rank,Max_Harmful_Event_Severity,Crash_Road_Surface_Condition,Crash_Horizontal_Alignment,Crash_Vertical_Profile,Crash_Impairment_Category,Crash_Vehicle_Defect
36697,53,Washington,530713,0,1,1,0,2,KENT,December,29,Friday,4,16,Urban,Low Speed (Local),No,47.36457778,-122.27216944,Non-Intersection,Dark - Lighted,Cloudy,Unknown,Unknown,Unknown EMS Scene Arrival Hour,Unknown EMS Scene Arrival Minutes,Unknown,Unknown EMS Hospital Arrival Time,1,Dark - Lighted,Reduced Visibility,1,0,['Front_Passenger'],['Shoulder_Lapbelt'],0,0,Invalid,0.0,0.0,19.0,19.0,['Male'],2,0,2,4,3,Wet/Standing Water,Straight,Level,Lowest,No
36698,53,Washington,530714,0,2,2,0,4,KENT,December,30,Saturday,1,47,Urban,Medium Speed (Collector),No,47.37240556,-122.17608611,Complex/Circle,Dark - Lighted,Cloudy,Unknown,Unknown,Unknown EMS Scene Arrival Hour,Unknown EMS Scene Arrival Minutes,Unknown,Unknown EMS Hospital Arrival Time,1,Dark - Lighted,Reduced Visibility,1,0,['Front_Passenger'],['Shoulder_Lapbelt'],0,0,Valid,2.0,1.0,31.0,25.0,"['Male', 'Male']",0,0,3,4,5,Wet/Standing Water,Straight,Grade/Hillcrest,Lowest,No
36699,53,Washington,530715,1,1,1,0,1,NOT APPLICABLE,April,4,Tuesday,4,47,Urban,High Speed (Arterial),No,47.13951944,-122.35738333,Non-Intersection,Dark - Lighted,Clear,Unknown,Unknown,Unknown EMS Scene Arrival Hour,Unknown EMS Scene Arrival Minutes,Unknown,Unknown EMS Hospital Arrival Time,1,Dark - Lighted,Clear,0,1,[],[],0,0,Valid,0.0,0.0,22.0,22.0,['Male'],0,0,3,1,4,Dry,Straight,Level,Lowest,No
36700,53,Washington,530716,0,1,1,0,1,NOT APPLICABLE,May,9,Tuesday,19,56,Rural,Medium Speed (Collector),No,46.93333889,-122.99218056,Non-Intersection,Daylight,Clear,Unknown,Unknown,Unknown EMS Scene Arrival Hour,Unknown EMS Scene Arrival Minutes,Unknown,Unknown EMS Hospital Arrival Time,1,Daylight,Clear,1,0,['Driver'],['Shoulder_Lapbelt'],0,0,Valid,0.0,0.0,54.0,54.0,['Female'],1,0,3,4,3,Dry,Curve,Grade/Hillcrest,Lowest,No
36701,53,Washington,530717,1,1,1,0,1,NOT APPLICABLE,May,10,Wednesday,11,54,Urban,High Speed (Arterial),No,47.15239722,-122.43427222,Non-Intersection,Daylight,Clear,Unknown,Unknown,Unknown EMS Scene Arrival Hour,Unknown EMS Scene Arrival Minutes,Unknown,Unknown EMS Hospital Arrival Time,1,Daylight,Clear,0,1,[],[],0,0,Invalid,1.0,2.0,56.0,56.0,['Male'],0,0,3,1,4,Dry,Straight,Level,Lowest,No
36702,53,Washington,530718,1,2,1,1,2,NOT APPLICABLE,December,29,Friday,21,45,Urban,High Speed (Arterial),No,47.06510278,-122.41033333,Non-Intersection,Dark - Lighted,Clear,Unknown,Unknown,Unknown EMS Scene Arrival Hour,Unknown EMS Scene Arrival Minutes,Unknown,Unknown EMS Hospital Arrival Time,1,Dark - Lighted,Clear,0,2,[],[],1,1,Valid,5.0,3.0,26.0,26.0,['Female'],2,0,2,4,4,Wet/Standing Water,Straight,Level,Lowest,No
36703,53,Washington,530719,0,2,2,0,4,YAKIMA,December,30,Saturday,11,8,Urban,High Speed (Arterial),No,46.60398889,-120.49838333,Complex/Circle,Daylight,Rain,Unknown,Unknown,Unknown EMS Scene Arrival Hour,Unknown EMS Scene Arrival Minutes,Unknown,Unknown EMS Hospital Arrival Time,1,Daylight,Rain/Wind/Minor,1,3,['Rear_Seat'],['Shoulder_Lapbelt'],0,0,Valid,0.0,0.0,86.0,19.0,"['Female', 'Male']",0,0,3,1,5,Wet/Standing Water,Straight,Level,Lowest,No
36704,53,Washington,530720,0,3,3,0,3,MOUNT VERNON,March,18,Saturday,20,10,Urban,Medium Speed (Collector),No,48.42490556,-122.33844722,Non-Intersection,Dark - Unknown Lighting,Not Reported,Unknown,Unknown,Unknown EMS Scene Arrival Hour,Unknown EMS Scene Arrival Minutes,Not Applicable (Not Transported),Not Applicable (Not Transported),1,Dark - Unlighted,Clear,1,2,['Driver'],['None_Used'],0,0,Valid,0.0,0.0,46.0,21.0,"['Male', 'Male', 'Male']",1,0,5,4,5,Dry,Straight,Grade/Hillcrest,Lowest,No
36705,53,Washington,530721,0,1,1,0,2,NOT APPLICABLE,April,8,Saturday,20,18,Rural,Medium Speed (Collector),No,47.66326944,-120.24710833,Non-Intersection,Dark - Not Lighted,Cloudy,Unknown,Unknown,Unknown EMS Scene Arrival Hour,Unknown EMS Scene Arrival Minutes,Not Applicable (Not Transported),Not Applicable (Not Transported),2,Dark - Unlighted,Reduced Visibility,2,0,"['Driver', 'Rear_Seat']","['None_Used', 'None_Used']",1,1,Valid,0.0,0.0,45.0,45.0,['Male'],2,0,5,4,3,Dry,Curve,Grade/Hillcrest,Lowest,No
36706,53,Washington,530722,1,1,1,0,1,SEATTLE,November,27,Monday,17,4,Urban,High Speed (Arterial),No,47.61765556,-122.30256667,Non-Intersection,Dusk,Clear,Unknown,Unknown,Unknown EMS Scene Arrival Hour,Unknown EMS Scene Arrival Minutes,Unknown,Unknown EMS Hospital Arrival Time,1,Twilight,Clear,0,1,[],[],0,0,Valid,0.0,1.0,30.0,30.0,['Female'],0,0,2,4,4,Dry,Straight,Level,Lowest,No
36707,53,Washington,530723,0,1,1,0,2,BELLINGHAM,December,28,Thursday,20,1,Urban,Medium Speed (Collector),No,48.77270556,-122.49606111,Non-Intersection,Dark - Not Lighted,Clear,Unknown,Unknown,Unknown EMS Scene Arrival Hour,Unknown EMS Scene Arrival Minutes,Unknown,Unknown EMS Hospital Arrival Time,2,Dark - Unlighted,Clear,2,0,"['Driver', 'Front_Passenger']","['Shoulder_Lapbelt', 'Shoulder_Lapbelt']",1,1,Valid,0.0,0.0,31.0,31.0,['Male'],2,0,2,4,2,Wet/Standing Water,Curve,Level,Lowest,No
36708,53,Washington,530724,1,1,1,0,1,NOT APPLICABLE,December,28,Thursday,17,42,Rural,High Speed (Arterial),No,47.2028,-119.36917778,Non-Intersection,Dark - Not Lighted,Clear,Unknown,Unknown,Unknown EMS Scene Arrival Hour,Unknown EMS Scene Arrival Minutes,Unknown,Unknown EMS Hospital Arrival Time,1,Dark - Unlighted,Clear,0,1,[],[],0,0,Valid,0.0,1.0,28.0,28.0,['Male'],0,0,2,1,4,Dry,Straight,Level,Lowest,No
36709,53,Washington,530725,0,1,1,0,1,AUBURN,December,27,Wednesday,18,8,Urban,Medium Speed (Collector),No,47.34185556,-122.17604722,Non-Intersection,Dark - Lighted,Cloudy,Unknown,Unknown,Unknown EMS Scene Arrival Hour,Unknown EMS Scene Arrival Minutes,Unknown,Unknown EMS Hospital Arrival Time,1,Dark - Lighted,Reduced Visibility,1,0,['Driver'],['Shoulder_Lapbelt'],0,0,Invalid,0.0,0.0,43.0,43.0,['Male'],1,0,2,4,3,Dry,Straight,Level,Lowest,No
36710,53,Washington,530726,1,1,1,0,1,REDMOND,December,6,Wednesday,14,24,Urban,Medium Speed (Collector),No,47.63121389,-122.1053,Non-Intersection,Daylight,Cloudy,Unknown,Unknown,Unknown EMS Scene Arrival Hour,Unknown EMS Scene Arrival Minutes,Unknown,Unknown EMS Hospital Arrival Time,1,Daylight,Reduced Visibility,0,0,[],[],0,0,Invalid,0.0,0.0,15.0,15.0,['Male'],1,0,3,1,4,Wet/Standing Water,Straight,Grade/Hillcrest,Lowest,No
36711,53,Washington,530727,0,2,2,0,2,NOT APPLICABLE,December,20,Wednesday,18,8,Urban,Medium Speed (Collector),No,45.70136389,-122.59923333,Simple Junction,Dark - Not Lighted,"Fog, Smog, Smoke",Unknown,Unknown,Unknown EMS Scene Arrival Hour,Unknown EMS Scene Arrival Minutes,Unknown,Unknown EMS Hospital Arrival Time,2,Dark - Unlighted,Reduced Visibility,2,0,"['Driver', 'Driver']","['None_Used', 'None_Used']",0,0,Valid,2.0,0.0,37.0,21.0,"['Other', 'Other']",1,0,5,4,5,Dry,Straight,Grade/Hillcrest,Lowest,No
36712,53,Washington,530728,1,1,1,0,1,SEATTLE,December,23,Saturday,18,27,Urban,High Speed (Arterial),No,47.63895278,-122.345425,Non-Intersection,Dark - Lighted,Cloudy,Unknown,Unknown,Unknown EMS Scene Arrival Hour,Unknown EMS Scene Arrival Minutes,Unknown,Unknown EMS Hospital Arrival Time,1,Dark - Lighted,Reduced Visibility,0,1,[],[],0,0,Valid,0.0,0.0,45.0,45.0,['Male'],0,0,3,1,4,Dry,Straight,Level,Lowest,No
36713,53,Washington,530730,0,2,2,0,2,SEATTLE,November,4,Saturday,23,27,Urban,High Speed (Arterial),No,47.57413611,-122.37365,Non-Intersection,Dark - Lighted,Cloudy,Unknown,Unknown,Unknown EMS Scene Arrival Hour,Unknown EMS Scene Arrival Minutes,Unknown,Unknown EMS Hospital Arrival Time,1,Dark - Lighted,Reduced Visibility,1,1,['Driver'],['None_Used'],1,1,Valid,2.0,1.0,34.0,23.0,"['Female', 'Male']",1,0,3,4,5,Wet/Standing Water,Straight,Grade/Hillcrest,Lowest,No
36714,53,Washington,530731,1,1,1,0,2,NOT APPLICABLE,December,27,Wednesday,20,39,Urban,Medium Speed (Collector),No,46.44796667,-120.44050556,Non-Intersection,Dark - Not Lighted,Rain,Unknown,Unknown,Unknown EMS Scene Arrival Hour,Unknown EMS Scene Arrival Minutes,Unknown,Unknown EMS Hospital Arrival Time,1,Dark - Unlighted,Rain/Wind/Minor,0,2,[],[],0,0,Invalid,0.0,0.0,36.0,36.0,['Male'],0,0,2,1,4,Wet/Standing Water,Straight,Level,Lowest,No
36715,53,Washington,530732,0,2,2,0,3,NOT APPLICABLE,December,1,Friday,12,40,Rural,High Speed (Arterial),No,46.43669444,-117.432,Non-Intersection,Daylight,Cloudy,Unknown,Unknown,Unknown EMS Scene Arrival Hour,Unknown EMS Scene Arrival Minutes,Unknown,Unknown EMS Hospital Arrival Time,1,Daylight,Reduced Visibility,1,2,['Front_Passenger'],['Shoulder_Lapbelt'],0,0,Valid,1.0,0.0,49.0,33.0,"['Female', 'Female']",2,0,3,4,5,Dry,Curve,Grade/Hillcrest,Lowest,No
36716,53,Washington,530734,0,2,2,0,2,NOT APPLICABLE,August,31,Thursday,8,44,Rural,Medium Speed (Collector),No,48.84786944,-122.44290556,Complex/Circle,Daylight,Clear,Unknown,Unknown,Unknown EMS Scene Arrival Hour,Unknown EMS Scene Arrival Minutes,Not Applicable (Not Transported),Not Applicable (Not Transported),1,Daylight,Clear,1,1,['Driver'],['None_Used'],0,0,Valid,1.0,1.0,81.0,24.0,"['Female', 'Male']",0,0,4,4,5,Dry,Straight,Level,Lowest,No
36717,53,Washington,530735,0,2,2,0,6,NOT APPLICABLE,September,19,Tuesday,17,27,Rural,Medium Speed (Collector),No,48.83333611,-122.5188,Complex/Circle,Daylight,Clear,Unknown,Unknown,Unknown EMS Scene Arrival Hour,Unknown EMS Scene Arrival Minutes,Unknown,Unknown EMS Hospital Arrival Time,1,Daylight,Clear,1,5,['Driver'],['Shoulder_Lapbelt'],0,0,Valid,1.0,1.0,87.0,47.0,"['Female', 'Male']",0,0,3,4,5,Wet/Standing Water,Straight,Level,Lowest,No
36718,53,Washington,530736,0,2,2,0,3,PASCO,November,15,Wednesday,14,39,Rural,Medium Speed (Collector),No,46.30020278,-119.22063333,Complex/Circle,Daylight,Clear,Unknown,Unknown,Unknown EMS Scene Arrival Hour,Unknown EMS Scene Arrival Minutes,Unknown,Unknown EMS Hospital Arrival Time,1,Daylight,Clear,1,2,['Rear_Seat'],['None_Used'],0,0,Valid,1.0,0.0,61.0,53.0,"['Female', 'Female']",0,0,3,4,5,Dry,Straight,Grade/Hillcrest,Lowest,No
36719,53,Washington,530737,0,1,1,0,4,NOT APPLICABLE,December,21,Thursday,23,39,Rural,Low Speed (Local),No,48.31305833,-124.66208611,Non-Intersection,Dark - Not Lighted,Rain,Unknown,Unknown,Unknown EMS Scene Arrival Hour,Unknown EMS Scene Arrival Minutes,Unknown,Unknown EMS Hospital Arrival Time,1,Dark - Unlighted,Rain/Wind/Minor,1,3,['Rear_Seat'],['None_Used'],1,1,Invalid,0.0,0.0,21.0,21.0,['Male'],0,0,3,4,2,Loose/Unpaved,Straight,Level,Lowest,Yes
36720,53,Washington,530738,0,3,3,0,3,EVERETT,December,17,Sunday,7,31,Urban,High Speed (Arterial),No,47.93856944,-122.2183,Non-Intersection,Dawn,Clear,Unknown,Unknown,Unknown EMS Scene Arrival Hour,Unknown EMS Scene Arrival Minutes,Unknown,Unknown EMS Hospital Arrival Time,1,Twilight,Clear,1,2,['Driver'],['None_Used'],0,0,Valid,1.0,0.0,44.0,21.0,"['Male', 'Female', 'Male']",0,0,3,4,5,Dry,Straight,Level,Lowest,No
36721,53,Washington,530739,1,1,1,0,1,BELLINGHAM,October,22,Sunday,20,47,Urban,High Speed (Arterial),No,48.73681667,-122.46986389,Non-Intersection,Dark - Lighted,Clear,Unknown,Unknown,Unknown EMS Scene Arrival Hour,Unknown EMS Scene Arrival Minutes,Unknown,Unknown EMS Hospital Arrival Time,1,Dark - Lighted,Clear,0,1,[],[],0,0,Valid,0.0,0.0,19.0,19.0,['Female'],0,0,3,1,4,Dry,Straight,Level,Lowest,No
36722,53,Washington,530740,0,1,1,0,2,BAINBRIDGE ISLAND,April,28,Friday,14,15,Urban,Medium Speed (Collector),No,47.63048333,-122.52102778,Non-Intersection,Daylight,Not Reported,Unknown,Unknown,Unknown EMS Scene Arrival Hour,Unknown EMS Scene Arrival Minutes,Unknown,Unknown EMS Hospital Arrival Time,1,Daylight,Clear,1,1,['Front_Passenger'],['None_Used'],1,1,Valid,1.0,0.0,45.0,45.0,['Male'],0,0,3,1,1,Dry,Straight,Level,Lowest,No
36723,53,Washington,530741,1,1,1,0,1,GIG HARBOR,April,21,Friday,23,0,Urban,Low Speed (Local),No,47.30576111,-122.57170556,Non-Intersection,Dark - Not Lighted,Rain,Unknown,Unknown,Unknown EMS Scene Arrival Hour,Unknown EMS Scene Arrival Minutes,Unknown,Unknown EMS Hospital Arrival Time,1,Dark - Unlighted,Rain/Wind/Minor,0,1,[],[],0,0,Valid,0.0,0.0,43.0,43.0,['Male'],0,0,3,1,4,Dry,Straight,Level,Lowest,No
36724,53,Washington,530742,0,1,1,0,1,NOT APPLICABLE,July,21,Friday,22,41,Rural,Low Speed (Local),No,47.07418611,-123.01788889,Non-Intersection,Daylight,Clear,Unknown,Unknown,Unknown EMS Scene Arrival Hour,Unknown EMS Scene Arrival Minutes,Not Applicable (Not Transported),Not Applicable (Not Transported),1,Daylight,Clear,1,0,['Driver'],['Shoulder_Lapbelt'],1,1,Valid,0.0,0.0,31.0,31.0,['Male'],1,0,3,4,3,Dry,Straight,Level,Lowest,No
36725,53,Washington,530743,0,1,1,0,1,ILWACO,July,1,Saturday,13,10,Rural,Medium Speed (Collector),Yes,46.30476389,-123.96726944,Non-Intersection,Daylight,Not Reported,Unknown,Unknown,Unknown EMS Scene Arrival Hour,Unknown EMS Scene Arrival Minutes,Not Applicable (Not Transported),Not Applicable (Not Transported),1,Daylight,Clear,1,0,['Driver'],['Shoulder_Lapbelt'],0,0,Valid,0.0,0.0,68.0,68.0,['Female'],0,0,2,4,3,Dry,Curve,Grade/Hillcrest,Lowest,No
36726,53,Washington,530744,2,1,1,0,1,FEDERAL WAY,December,22,Friday,11,55,Urban,Medium Speed (Collector),No,47.35273056,-122.29533056,Non-Intersection,Daylight,Clear,Unknown,Unknown,Unknown EMS Scene Arrival Hour,Unknown EMS Scene Arrival Minutes,Unknown,Unknown EMS Hospital Arrival Time,2,Daylight,Clear,0,1,[],[],0,0,Invalid,0.0,0.0,37.0,37.0,['Other'],0,0,3,4,4,Dry,Straight,Level,Lowest,No
36727,53,Washington,530746,0,1,1,0,1,NOT APPLICABLE,October,6,Friday,15,53,Rural,High Speed (Arterial),Yes,48.86662222,-118.20715278,Non-Intersection,Daylight,Clear,Unknown,Unknown,Unknown EMS Scene Arrival Hour,Unknown EMS Scene Arrival Minutes,Unknown,Unknown EMS Hospital Arrival Time,1,Daylight,Clear,1,0,['Driver'],['None_Used'],0,0,Valid,0.0,0.0,68.0,68.0,['Male'],0,0,5,4,3,Dry,Straight,Level,Medium,No
36728,53,Washington,530747,0,1,1,0,2,NOT APPLICABLE,March,29,Wednesday,17,3,Rural,Medium Speed (Collector),No,46.53294722,-124.03069444,Non-Intersection,Daylight,Cloudy,Unknown,Unknown,Unknown EMS Scene Arrival Hour,Unknown EMS Scene Arrival Minutes,Unknown,Unknown EMS Hospital Arrival Time,1,Daylight,Reduced Visibility,1,1,['Front_Passenger'],['Shoulder_Lapbelt'],0,0,Invalid,1.0,0.0,31.0,31.0,['Male'],0,0,3,4,3,Dry,Straight,Level,Lowest,No
36729,53,Washington,530748,0,2,2,0,7,SEATTLE,March,25,Saturday,1,33,Urban,High Speed (Arterial),No,47.61197222,-122.338325,Non-Intersection,Dark - Lighted,Cloudy,Unknown,Unknown,Unknown EMS Scene Arrival Hour,Unknown EMS Scene Arrival Minutes,Unknown,Unknown EMS Hospital Arrival Time,1,Dark - Lighted,Reduced Visibility,1,0,['Driver'],['None_Used'],1,1,Valid,0.0,0.0,44.0,27.0,"['Male', 'Male']",0,0,3,4,5,Wet/Standing Water,Straight,Level,Lowest,No
36730,53,Washington,530750,1,1,1,0,1,MOUNTLAKE TERRACE,September,28,Thursday,17,36,Urban,Medium Speed (Collector),No,47.80647222,-122.29559444,Non-Intersection,Daylight,Cloudy,Unknown,Unknown,Unknown EMS Scene Arrival Hour,Unknown EMS Scene Arrival Minutes,Unknown,Unknown EMS Hospital Arrival Time,1,Daylight,Reduced Visibility,0,1,[],[],0,0,Valid,0.0,1.0,22.0,22.0,['Female'],0,0,3,1,4,Dry,Straight,Level,Lowest,No
36731,53,Washington,530751,0,3,3,0,4,NOT APPLICABLE,August,22,Tuesday,9,40,Urban,Medium Speed (Collector),No,45.66858333,-122.56387222,Complex/Circle,Daylight,Clear,Unknown,Unknown,Unknown EMS Scene Arrival Hour,Unknown EMS Scene Arrival Minutes,Unknown,Unknown EMS Hospital Arrival Time,1,Daylight,Clear,1,3,['Front_Passenger'],['Shoulder_Lapbelt'],0,0,Invalid,0.0,0.0,74.0,48.0,"['Male', 'Male', 'Male']",0,0,3,4,5,Dry,Straight,Level,Lowest,No
36732,53,Washington,530752,0,2,2,0,4,AUBURN,December,26,Tuesday,14,38,Urban,High Speed (Arterial),No,47.27306944,-122.15086111,Non-Intersection,Daylight,Clear,Unknown,Unknown,Unknown EMS Scene Arrival Hour,Unknown EMS Scene Arrival Minutes,Unknown,Unknown EMS Hospital Arrival Time,1,Daylight,Clear,1,3,['Front_Passenger'],['Shoulder_Lapbelt'],0,0,Invalid,0.0,0.0,51.0,26.0,"['Female', 'Female']",1,0,2,4,5,Wet/Standing Water,Curve,Level,Lowest,Yes
36733,53,Washington,530753,1,1,1,0,1,NOT APPLICABLE,August,10,Thursday,0,15,Urban,Medium Speed (Collector),No,47.37859722,-120.25003333,Non-Intersection,Not Reported,Other,Unknown,Unknown,Unknown EMS Scene Arrival Hour,Unknown EMS Scene Arrival Minutes,Not Applicable (Not Transported),Not Applicable (Not Transported),1,Dark - Unlighted,Reduced Visibility,0,1,[],[],0,0,Valid,1.0,1.0,34.0,34.0,['Male'],0,0,3,2,4,Dry,Straight,Grade/Hillcrest,Lowest,No
36734,53,Washington,530754,0,1,1,0,1,NOT APPLICABLE,August,26,Saturday,1,34,Rural,Low Speed (Local),No,47.885175,-120.11649444,Non-Intersection,Dark - Not Lighted,Clear,Unknown,Unknown,Unknown EMS Scene Arrival Hour,Unknown EMS Scene Arrival Minutes,Not Applicable (Not Transported),Not Applicable (Not Transported),1,Dark - Unlighted,Clear,1,0,['Driver'],['None_Used'],1,1,Valid,0.0,0.0,40.0,40.0,['Male'],0,0,2,1,3,Dry,Straight,Grade/Hillcrest,Lowest,No
36735,53,Washington,530755,0,1,1,0,2,BAINBRIDGE ISLAND,August,22,Tuesday,9,0,Urban,Medium Speed (Collector),No,47.60965,-122.57417778,Simple Junction,Reported as Unknown,Clear,Unknown,Unknown,Unknown EMS Scene Arrival Hour,Unknown EMS Scene Arrival Minutes,Unknown,Unknown EMS Hospital Arrival Time,1,Dark - Unlighted,Clear,1,1,['Driver'],['None_Used'],0,0,Valid,0.0,0.0,80.0,80.0,['Male'],0,0,3,1,1,Dry,Straight,Grade/Hillcrest,Lowest,No
36736,53,Washington,530756,0,2,1,1,1,KENNEWICK,July,22,Saturday,20,20,Urban,Low Speed (Local),No,46.21599444,-119.23047778,Non-Intersection,Daylight,Clear,Unknown,Unknown,Unknown EMS Scene Arrival Hour,Unknown EMS Scene Arrival Minutes,Unknown,Unknown EMS Hospital Arrival Time,1,Daylight,Clear,1,0,['Driver'],['Shoulder_Lapbelt'],1,1,Valid,0.0,0.0,58.0,58.0,['Male'],0,0,5,4,5,Dry,Straight,Level,Lowest,No
36737,53,Washington,530757,0,1,1,0,1,BREMERTON,July,15,Saturday,23,35,Urban,Medium Speed (Collector),No,47.58298611,-122.63595833,Non-Intersection,Dark - Lighted,Clear,Unknown,Unknown,Unknown EMS Scene Arrival Hour,Unknown EMS Scene Arrival Minutes,Unknown,Unknown EMS Hospital Arrival Time,1,Dark - Lighted,Clear,1,0,['Driver'],['None_Used'],0,0,Valid,0.0,2.0,28.0,28.0,['Male'],1,0,5,4,3,Dry,Curve,Level,Lowest,No
36738,53,Washington,530758,0,4,2,2,4,TACOMA,September,26,Tuesday,18,42,Urban,Medium Speed (Collector),No,47.19903333,-122.41349722,Complex/Circle,Dusk,Cloudy,Unknown,Unknown,Unknown EMS Scene Arrival Hour,Unknown EMS Scene Arrival Minutes,Unknown,Unknown EMS Hospital Arrival Time,1,Twilight,Reduced Visibility,1,3,['Driver'],['None_Used'],0,0,Valid,0.0,0.0,64.0,23.0,"['Male', 'Male']",0,0,3,4,5,Wet/Standing Water,Straight,Grade/Hillcrest,Lowest,No
36739,53,Washington,530759,0,1,1,0,1,NOT APPLICABLE,September,4,Monday,23,6,Rural,Medium Speed (Collector),No,47.16389722,-119.00200278,Non-Intersection,Dark - Not Lighted,Cloudy,Unknown,Unknown,Unknown EMS Scene Arrival Hour,Unknown EMS Scene Arrival Minutes,Not Applicable (Not Transported),Not Applicable (Not Transported),1,Dark - Unlighted,Reduced Visibility,1,0,['Driver'],['Shoulder_Lapbelt'],0,0,Valid,0.0,0.0,37.0,37.0,['Male'],0,0,2,4,3,Dry,Straight,Level,Lowest,No
36740,53,Washington,530760,0,1,1,0,1,ORTING,September,7,Thursday,0,58,Urban,Medium Speed (Collector),No,47.09208333,-122.21198056,Non-Intersection,Dark - Unknown Lighting,Not Reported,Unknown,Unknown,Unknown EMS Scene Arrival Hour,Unknown EMS Scene Arrival Minutes,Not Applicable (Not Transported),Not Applicable (Not Transported),1,Dark - Unlighted,Clear,1,0,['Driver'],['Shoulder_Lapbelt'],1,1,Valid,0.0,0.0,23.0,23.0,['Male'],0,0,3,4,3,Dry,Curve,Level,Lowest,No
36741,53,Washington,530761,1,1,1,0,1,TACOMA,October,28,Saturday,6,51,Urban,High Speed (Arterial),No,47.19993333,-122.43393056,Non-Intersection,Reported as Unknown,Reported as Unknown,Unknown,Unknown,Unknown EMS Scene Arrival Hour,Unknown EMS Scene Arrival Minutes,Not Applicable (Not Transported),Not Applicable (Not Transported),1,Dark - Unlighted,Clear,0,0,[],[],0,0,Invalid,0.0,0.0,999.0,999.0,['Other'],0,0,1,0,4,Dry,Straight,Level,Lowest,No
36742,53,Washington,530762,0,2,2,0,3,WALLA WALLA,November,29,Wednesday,17,40,Urban,High Speed (Arterial),Yes,46.08582222,-118.26989722,Non-Intersection,Dark - Unknown Lighting,Clear,Unknown,Unknown,Unknown EMS Scene Arrival Hour,Unknown EMS Scene Arrival Minutes,Unknown,Unknown EMS Hospital Arrival Time,1,Dark - Unlighted,Clear,1,1,['Front_Passenger'],['Shoulder_Lapbelt'],0,0,Valid,1.0,0.0,43.0,41.0,"['Male', 'Female']",0,0,3,1,5,Dry,Straight,Level,Lowest,No
36743,53,Washington,530763,0,2,2,0,2,KENNEWICK,December,14,Thursday,14,32,Urban,High Speed (Arterial),Yes,46.20946389,-119.15879167,Complex/Circle,Daylight,Clear,Unknown,Unknown,Unknown EMS Scene Arrival Hour,Unknown EMS Scene Arrival Minutes,Unknown,Unknown EMS Hospital Arrival Time,1,Daylight,Clear,1,1,['Driver'],['Shoulder_Lapbelt'],0,0,Valid,1.0,1.0,82.0,51.0,"['Female', 'Male']",0,0,3,4,5,Dry,Straight,Level,Lowest,No
36744,53,Washington,530766,1,1,1,0,0,SPOKANE,September,22,Friday,14,40,Urban,Low Speed (Local),No,47.636,-117.39681389,Non-Intersection,Daylight,Cloudy,Unknown,Unknown,Unknown EMS Scene Arrival Hour,Unknown EMS Scene Arrival Minutes,Not Applicable (Not Transported),Not Applicable (Not Transported),1,Daylight,Reduced Visibility,0,0,[],[],0,0,Valid,0.0,0.0,49.0,34.0,Other,0,0,3,4,4,Dry,Straight,Grade/Hillcrest,Lowest,No
36745,53,Washington,530767,0,1,1,0,1,NOT APPLICABLE,October,28,Saturday,0,3,Rural,Medium Speed (Collector),No,46.00084167,-118.43637778,Non-Intersection,Dark - Not Lighted,Clear,Unknown,Unknown,Unknown EMS Scene Arrival Hour,Unknown EMS Scene Arrival Minutes,Unknown,Unknown EMS Hospital Arrival Time,1,Dark - Unlighted,Clear,1,0,['Driver'],['None_Used'],1,1,Invalid,0.0,0.0,19.0,19.0,['Male'],1,0,2,4,3,Dry,Straight,Grade/Hillcrest,Lowest,No
36746,53,Washington,530768,1,1,1,0,1,BURIEN,February,2,Thursday,20,56,Urban,Medium Speed (Collector),No,47.45746111,-122.34097778,Non-Intersection,Dark - Lighted,Clear,Unknown,Unknown,Unknown EMS Scene Arrival Hour,Unknown EMS Scene Arrival Minutes,Unknown,Unknown EMS Hospital Arrival Time,1,Dark - Lighted,Clear,0,1,[],[],1,1,Valid,0.0,0.0,43.0,43.0,['Male'],0,0,2,0,4,Dry,Straight,Level,Lowest,No