,State_Code,State_Name,Crash_ID,Count_Non_Motorists,Count_Vehicles_Total,Count_Vehicle_Forms,Count_PVH_Involved,Count_Occupants_MV,City_Name,Month_Name,Day_of_Month,Day_of_Week,Crash_Hour,Crash_Minute,Area_Rural_Urban,Road_Functional_Class,On_NHS_Road,Latitude,Longitude,Intersection_Type,Light_Condition,Weather_Condition,Notif_Hour,Notif_Minute,Arrival_Hour,Arrival_Minute,Hospital_Hour,Hospital_Minute,Fatalities_Count,Clean_Light_Condition,Clean_Weather_Condition,Total_Killed,Total_Alive,Fatal_Seats_List,Killed_Restraint_List,Any_Driver_Drinking,Total_Drinking_Drivers,Driver_License_Category,Driver_Max_Prev_Accident_Count,Driver_Max_Prev_Speeding_Count,Max_Driver_Age,Min_Driver_Age,Driver_Sex_List,Total_Exceeding_Limit_Vehicles,Total_Too_Fast_Vehicles,Max_Vehicle_Type_Severity_5,Max_Vehicle_Damage_Rank,Max_Harmful_Event_Severity,Crash_Road_Surface_Condition,Crash_Horizontal_Alignment,Crash_Vertical_Profile,Crash_Impairment_Category,Crash_Vehicle_Defect
36747,53,Washington,530769,0,1,1,0,2,NOT APPLICABLE,September,11,Monday,1,10,Rural,Medium Speed (Collector),No,47.27281944,-122.89924722,Non-Intersection,Dark - Not Lighted,Clear,Unknown,Unknown,Unknown EMS Scene Arrival Hour,Unknown EMS Scene Arrival Minutes,Not Applicable (Not Transported),Not Applicable (Not Transported),1,Dark - Unlighted,Clear,1,1,['Front_Passenger'],['Shoulder_Lapbelt'],0,0,Invalid,0.0,0.0,37.0,37.0,['Female'],0,0,3,1,1,Dry,Curve,Grade/Hillcrest,Lowest,No
36748,53,Washington,530770,1,1,1,0,2,NOT APPLICABLE,November,26,Sunday,2,6,Urban,High Speed (Arterial),No,47.15459444,-122.3666,Non-Intersection,Dark - Lighted,Clear,Unknown,Unknown,Unknown EMS Scene Arrival Hour,Unknown EMS Scene Arrival Minutes,Unknown,Unknown EMS Hospital Arrival Time,1,Dark - Lighted,Clear,0,2,[],[],0,0,Valid,1.0,0.0,60.0,60.0,['Female'],0,0,2,4,4,Dry,Straight,Grade/Hillcrest,Lowest,No
36749,53,Washington,530771,0,2,2,0,4,AUBURN,November,30,Thursday,6,39,Urban,Medium Speed (Collector),No,47.22367222,-122.22740833,Non-Intersection,Dark - Not Lighted,Rain,Unknown,Unknown,Unknown EMS Scene Arrival Hour,Unknown EMS Scene Arrival Minutes,Unknown,Unknown EMS Hospital Arrival Time,1,Dark - Unlighted,Rain/Wind/Minor,1,3,['Driver'],['Shoulder_Lapbelt'],0,0,Invalid,0.0,0.0,53.0,33.0,"['Male', 'Female']",0,0,2,4,5,Wet/Standing Water,Curve,Level,Lowest,No
36750,53,Washington,530772,0,2,2,0,2,NOT APPLICABLE,November,28,Tuesday,8,24,Rural,Medium Speed (Collector),No,47.14856944,-119.25691667,Non-Intersection,Daylight,Clear,Unknown,Unknown,Unknown EMS Scene Arrival Hour,Unknown EMS Scene Arrival Minutes,Not Applicable (Not Transported),Not Applicable (Not Transported),1,Daylight,Clear,1,1,['Driver'],['Shoulder_Lapbelt'],0,0,Valid,0.0,1.0,58.0,24.0,"['Female', 'Male']",0,0,4,4,5,Icy/Snowy,Straight,Level,Lowest,No
36751,53,Washington,530773,0,4,4,0,6,BELLINGHAM,December,6,Wednesday,13,2,Urban,High Speed (Arterial),Yes,48.76388611,-122.46178056,Non-Intersection,Daylight,Cloudy,Unknown,Unknown,Unknown EMS Scene Arrival Hour,Unknown EMS Scene Arrival Minutes,Unknown,Unknown EMS Hospital Arrival Time,1,Daylight,Reduced Visibility,1,5,['Driver'],['None_Used'],0,0,Valid,1.0,1.0,78.0,21.0,"['Male', 'Male', 'Male', 'Female']",0,0,5,1,5,Dry,Straight,Grade/Hillcrest,Lowest,No
36752,53,Washington,530774,1,1,1,0,1,SEATTLE,December,8,Friday,20,35,Urban,High Speed (Arterial),No,47.51439167,-122.28849444,Non-Intersection,Dark - Lighted,Clear,Unknown,Unknown,Unknown EMS Scene Arrival Hour,Unknown EMS Scene Arrival Minutes,Unknown,Unknown EMS Hospital Arrival Time,1,Dark - Lighted,Clear,0,1,[],[],0,0,Valid,0.0,0.0,61.0,61.0,['Male'],0,0,2,1,4,Dry,Straight,Level,Lowest,No
36753,53,Washington,530775,1,1,1,0,1,SEATTLE,April,1,Saturday,13,31,Urban,High Speed (Arterial),No,47.57182222,-122.29318889,Non-Intersection,Daylight,Clear,Unknown,Unknown,Unknown EMS Scene Arrival Hour,Unknown EMS Scene Arrival Minutes,Unknown,Unknown EMS Hospital Arrival Time,1,Daylight,Clear,0,1,[],[],0,0,Valid,0.0,0.0,33.0,33.0,['Female'],0,0,3,1,4,Dry,Straight,Level,Lowest,No
36754,53,Washington,530776,0,1,1,0,2,OLYMPIA,November,18,Saturday,1,37,Urban,Low Speed (Local),No,46.85486389,-122.85666667,Non-Intersection,Dark - Unknown Lighting,Reported as Unknown,Unknown,Unknown,Unknown EMS Scene Arrival Hour,Unknown EMS Scene Arrival Minutes,Unknown,Unknown EMS Hospital Arrival Time,1,Dark - Unlighted,Clear,1,1,['Front_Passenger'],['Shoulder_Lapbelt'],1,1,Invalid,0.0,0.0,33.0,33.0,['Male'],0,0,3,1,1,Dry,Straight,Level,Lowest,No
36755,53,Washington,530777,0,1,1,0,1,RICHLAND,November,7,Tuesday,23,30,Rural,Low Speed (Local),No,46.26406944,-119.25043333,Non-Intersection,Dark - Unknown Lighting,Not Reported,Unknown,Unknown,Unknown EMS Scene Arrival Hour,Unknown EMS Scene Arrival Minutes,Not Applicable (Not Transported),Not Applicable (Not Transported),1,Dark - Unlighted,Clear,1,0,['Driver'],['Shoulder_Lapbelt'],0,0,Valid,0.0,0.0,55.0,55.0,['Male'],0,0,2,4,4,Dry,Straight,Grade/Hillcrest,Lowest,No
36756,53,Washington,530779,2,1,1,0,1,EDGEWOOD,November,26,Sunday,13,35,Urban,Medium Speed (Collector),No,47.25005278,-122.28799444,Non-Intersection,Daylight,Clear,Unknown,Unknown,Unknown EMS Scene Arrival Hour,Unknown EMS Scene Arrival Minutes,Unknown,Unknown EMS Hospital Arrival Time,2,Daylight,Clear,0,1,[],[],0,0,Valid,0.0,0.0,34.0,34.0,['Male'],0,0,2,4,4,Dry,Straight,Grade/Hillcrest,Lowest,No
36757,53,Washington,530780,1,1,1,0,1,SEATTLE,December,21,Thursday,18,8,Urban,Medium Speed (Collector),No,47.51486111,-122.39143056,Simple Junction,Dark - Lighted,Clear,Unknown,Unknown,Unknown EMS Scene Arrival Hour,Unknown EMS Scene Arrival Minutes,Unknown,Unknown EMS Hospital Arrival Time,1,Dark - Lighted,Clear,0,1,[],[],0,0,Invalid,0.0,0.0,53.0,53.0,['Male'],0,0,3,1,4,Dry,Straight,Grade/Hillcrest,Lowest,No
36758,53,Washington,530781,0,1,1,0,1,NOT APPLICABLE,December,25,Monday,2,20,Rural,Medium Speed (Collector),No,48.22444444,-122.26953056,Non-Intersection,Dark - Not Lighted,Cloudy,Unknown,Unknown,Unknown EMS Scene Arrival Hour,Unknown EMS Scene Arrival Minutes,Not Applicable (Not Transported),Not Applicable (Not Transported),1,Dark - Unlighted,Reduced Visibility,1,0,['Driver'],['Shoulder_Lapbelt'],1,1,Invalid,0.0,0.0,35.0,35.0,['Male'],0,0,2,4,3,Wet/Standing Water,Curve,Level,Lowest,No
36759,53,Washington,530782,0,1,1,0,1,INCHELIUM,December,25,Monday,10,23,Rural,Low Speed (Local),No,99.9999,999.9999,Non-Intersection,Daylight,Cloudy,Unknown,Unknown,Unknown EMS Scene Arrival Hour,Unknown EMS Scene Arrival Minutes,Not Applicable (Not Transported),Not Applicable (Not Transported),1,Daylight,Reduced Visibility,1,0,['Driver'],['None_Used'],0,0,Valid,0.0,3.0,41.0,41.0,['Male'],0,0,5,1,3,Loose/Unpaved,Straight,Level,Lowest,No
36760,53,Washington,530783,0,1,1,0,1,RENTON,December,23,Saturday,0,33,Urban,High Speed (Arterial),No,47.47684167,-122.18404167,Non-Intersection,Dark - Lighted,Clear,Unknown,Unknown,Unknown EMS Scene Arrival Hour,Unknown EMS Scene Arrival Minutes,Not Applicable (Not Transported),Not Applicable (Not Transported),1,Dark - Lighted,Clear,1,0,['Driver'],['Shoulder_Lapbelt'],1,1,Valid,0.0,0.0,40.0,40.0,['Male'],0,0,2,1,3,Wet/Standing Water,Curve,Level,Lowest,No
36761,53,Washington,530784,0,1,1,0,2,KALAMA,December,17,Sunday,1,32,Urban,High Speed (Arterial),Yes,45.97176944,-122.81691111,Non-Intersection,Dark - Not Lighted,"Fog, Smog, Smoke",Unknown,Unknown,Unknown EMS Scene Arrival Hour,Unknown EMS Scene Arrival Minutes,Not Applicable (Not Transported),Not Applicable (Not Transported),2,Dark - Unlighted,Reduced Visibility,2,0,"['Driver', 'Front_Passenger']","['None_Used', 'Shoulder_Lapbelt']",1,1,Valid,0.0,0.0,33.0,33.0,['Male'],2,0,2,4,4,Dry,Straight,Level,Lowest,Yes
36762,53,Washington,530785,1,1,1,0,1,KENT,December,15,Friday,12,32,Urban,High Speed (Arterial),No,47.31497222,-122.34221944,Non-Intersection,Daylight,Clear,Unknown,Unknown,Unknown EMS Scene Arrival Hour,Unknown EMS Scene Arrival Minutes,Not Applicable (Not Transported),Not Applicable (Not Transported),1,Daylight,Clear,0,1,[],[],0,0,Valid,1.0,0.0,66.0,66.0,['Other'],0,0,2,4,4,Dry,Straight,Grade/Hillcrest,Lowest,No
36763,53,Washington,530786,0,1,1,0,2,KENT,December,23,Saturday,7,5,Urban,Low Speed (Local),No,47.39233611,-122.18463333,Simple Junction,Dark - Lighted,"Fog, Smog, Smoke",Unknown,Unknown,Unknown EMS Scene Arrival Hour,Unknown EMS Scene Arrival Minutes,Not Applicable (Not Transported),Not Applicable (Not Transported),1,Dark - Lighted,Reduced Visibility,1,0,['Front_Passenger'],['Shoulder_Lapbelt'],0,0,Invalid,0.0,0.0,999.0,999.0,['Other'],0,0,3,4,3,Icy/Snowy,Straight,Grade/Hillcrest,Lowest,No
36764,53,Washington,530787,0,1,1,0,4,NOT APPLICABLE,June,23,Friday,15,47,Rural,Medium Speed (Collector),No,46.82375,-121.54638333,Non-Intersection,Daylight,Rain,Unknown,Unknown,Unknown EMS Scene Arrival Hour,Unknown EMS Scene Arrival Minutes,Unknown,Unknown EMS Hospital Arrival Time,1,Daylight,Rain/Wind/Minor,1,0,['Non_Standard_Risk'],['Shoulder_Lapbelt'],0,0,Invalid,0.0,0.0,998.0,998.0,['Other'],0,0,2,4,3,Wet/Standing Water,Curve,Level,Lowest,No
36765,53,Washington,530788,0,1,1,0,1,DARRINGTON,August,19,Saturday,0,20,Urban,Low Speed (Local),No,48.25283333,-121.60170556,Non-Intersection,Dark - Lighted,Clear,Unknown,Unknown,Unknown EMS Scene Arrival Hour,Unknown EMS Scene Arrival Minutes,Not Applicable (Not Transported),Not Applicable (Not Transported),1,Dark - Lighted,Clear,1,0,['Driver'],['Shoulder_Lapbelt'],1,1,Invalid,0.0,0.0,15.0,15.0,['Male'],1,0,2,4,2,Dry,Curve,Level,Lowest,No
36766,53,Washington,530789,1,1,1,0,1,LACEY,December,14,Thursday,17,32,Urban,High Speed (Arterial),No,47.05148056,-122.79089167,Non-Intersection,Dark - Unknown Lighting,Not Reported,Unknown,Unknown,Unknown EMS Scene Arrival Hour,Unknown EMS Scene Arrival Minutes,Not Applicable (Not Transported),Not Applicable (Not Transported),1,Dark - Unlighted,Clear,0,1,[],[],0,0,Valid,0.0,0.0,21.0,21.0,['Female'],0,0,3,1,4,Dry,Straight,Level,Lowest,No
36767,53,Washington,530790,0,1,1,0,1,DAYTON,October,28,Saturday,16,16,Rural,Low Speed (Local),No,46.101,-117.78553333,Non-Intersection,Daylight,Not Reported,Unknown,Unknown,Unknown EMS Scene Arrival Hour,Unknown EMS Scene Arrival Minutes,Not Applicable (Not Transported),Not Applicable (Not Transported),1,Daylight,Clear,1,0,['Driver'],['None_Used'],0,0,Invalid,0.0,0.0,67.0,67.0,['Male'],1,0,3,1,3,Icy/Snowy,Curve,Grade/Hillcrest,Lowest,No
36768,53,Washington,530791,1,1,1,0,1,GIG HARBOR,December,19,Tuesday,6,7,Urban,Medium Speed (Collector),No,47.30195,-122.579175,Non-Intersection,Dark - Not Lighted,Rain,Unknown,Unknown,Unknown EMS Scene Arrival Hour,Unknown EMS Scene Arrival Minutes,Unknown,Unknown EMS Hospital Arrival Time,1,Dark - Unlighted,Rain/Wind/Minor,0,1,[],[],0,0,Valid,0.0,0.0,54.0,54.0,['Female'],0,0,3,1,4,Wet/Standing Water,Straight,Level,Lowest,No
36769,53,Washington,530793,1,1,1,0,1,TACOMA,September,25,Monday,7,45,Urban,Medium Speed (Collector),No,47.15788333,-122.38896944,Non-Intersection,Daylight,Cloudy,Unknown,Unknown,Unknown EMS Scene Arrival Hour,Unknown EMS Scene Arrival Minutes,Not Applicable (Not Transported),Not Applicable (Not Transported),1,Daylight,Reduced Visibility,0,0,[],[],0,0,Invalid,0.0,0.0,999.0,999.0,['Other'],0,0,3,1,4,Wet/Standing Water,Straight,Level,Lowest,No
36770,54,West Virginia,540001,0,3,3,0,3,CAPON BRIDGE,January,4,Wednesday,19,55,Rural,Medium Speed (Collector),No,39.16169722,-78.53303056,Non-Intersection,Dark - Not Lighted,Clear,Unknown,Unknown,Unknown EMS Scene Arrival Hour,Unknown EMS Scene Arrival Minutes,Unknown,Unknown EMS Hospital Arrival Time,1,Dark - Unlighted,Clear,1,2,['Driver'],['None_Used'],0,0,Valid,1.0,0.0,78.0,47.0,"['Female', 'Male', 'Male']",0,0,3,4,5,Dry,Straight,Level,Lowest,No
36771,54,West Virginia,540002,0,2,2,0,3,WINFIELD,January,9,Monday,18,0,Rural,High Speed (Arterial),Yes,38.54868056,-81.98025278,Complex/Circle,Dark - Lighted,Clear,Unknown,Unknown,Unknown EMS Scene Arrival Hour,Unknown EMS Scene Arrival Minutes,Unknown,Unknown EMS Hospital Arrival Time,1,Dark - Lighted,Clear,1,2,['Driver'],['Shoulder_Lapbelt'],0,0,Valid,0.0,0.0,80.0,52.0,"['Female', 'Female']",0,0,4,4,5,Dry,Straight,Level,Lowest,No
36772,54,West Virginia,540003,0,1,1,0,1,ROCK CAVE,January,9,Monday,19,0,Rural,Medium Speed (Collector),No,38.82038056,-80.33960556,Non-Intersection,Dark - Not Lighted,Cloudy,7:00pm-7:59pm,6,7:00pm-7:59pm,24,7:00pm-7:59pm,47,1,Dark - Unlighted,Reduced Visibility,1,0,['Driver'],['Shoulder_Lapbelt'],1,1,Valid,0.0,0.0,71.0,71.0,['Male'],0,0,3,4,3,Dry,Curve,Grade/Hillcrest,Lowest,No
36773,54,West Virginia,540004,0,2,2,0,2,SMITHBURG,January,12,Thursday,18,10,Rural,High Speed (Arterial),Yes,39.28305833,-80.69450278,Complex/Circle,Dark - Not Lighted,Rain,6:00pm-6:59pm,12,6:00pm-6:59pm,17,Not Applicable (Not Transported),Not Applicable (Not Transported),1,Dark - Unlighted,Rain/Wind/Minor,1,1,['Driver'],['None_Used'],0,0,Valid,1.0,0.0,63.0,55.0,"['Male', 'Male']",0,0,4,4,5,Wet/Standing Water,Straight,Grade/Hillcrest,Lowest,No
36774,54,West Virginia,540005,0,1,1,0,1,NOT APPLICABLE,January,12,Thursday,12,35,Rural,Medium Speed (Collector),No,39.42863056,-78.92735,Non-Intersection,Daylight,Clear,Unknown,Unknown,Unknown EMS Scene Arrival Hour,Unknown EMS Scene Arrival Minutes,Unknown,Unknown EMS Hospital Arrival Time,1,Daylight,Clear,1,0,['Driver'],['Shoulder_Lapbelt'],0,0,Valid,0.0,0.0,66.0,66.0,['Male'],0,0,3,4,3,Dry,Straight,Grade/Hillcrest,Medium,No
36775,54,West Virginia,540006,0,1,1,0,5,MEADOW BRIDGE,January,13,Friday,17,40,Rural,Medium Speed (Collector),No,37.8724,-80.84326667,Non-Intersection,Dark - Not Lighted,Snow,Unknown,Unknown,Unknown EMS Scene Arrival Hour,Unknown EMS Scene Arrival Minutes,Unknown,Unknown EMS Hospital Arrival Time,1,Dark - Unlighted,Snow/Ice/Severe,1,4,['Driver'],['Shoulder_Lapbelt'],1,1,Valid,0.0,0.0,79.0,79.0,['Female'],5,0,2,4,3,Icy/Snowy,Curve,Level,Lowest,No
36776,54,West Virginia,540007,0,1,1,0,1,HUNTINGTON,January,13,Friday,2,58,Urban,High Speed (Arterial),Yes,38.42820278,-82.40778611,Non-Intersection,Dark - Not Lighted,Clear,Unknown,Unknown,Unknown EMS Scene Arrival Hour,Unknown EMS Scene Arrival Minutes,Unknown,Unknown EMS Hospital Arrival Time,1,Dark - Unlighted,Clear,1,0,['Driver'],['Shoulder_Lapbelt'],1,1,Valid,1.0,1.0,28.0,28.0,['Male'],0,0,3,4,3,Wet/Standing Water,Straight,Level,Lowest,No
36777,54,West Virginia,540008,0,1,1,0,1,MOOREFIELD,January,13,Friday,19,0,Rural,Medium Speed (Collector),No,39.02408611,-79.05705278,Non-Intersection,Dark - Not Lighted,Clear,7:00pm-7:59pm,10,7:00pm-7:59pm,23,Not Applicable (Not Transported),Not Applicable (Not Transported),1,Dark - Unlighted,Clear,1,0,['Driver'],['None_Used'],0,0,Valid,0.0,0.0,17.0,17.0,['Male'],1,0,3,4,3,Dry,Curve,Level,Lowest,No
36778,54,West Virginia,540009,0,2,2,0,2,PARKERSBURG,January,13,Friday,13,18,Urban,Medium Speed (Collector),No,39.25602222,-81.55405278,Non-Intersection,Daylight,Cloudy,Unknown,Unknown,Unknown EMS Scene Arrival Hour,Unknown EMS Scene Arrival Minutes,1:00pm-1:59pm,56,1,Daylight,Reduced Visibility,1,1,['Driver'],['Shoulder_Lapbelt'],0,0,Valid,0.0,0.0,83.0,47.0,"['Female', 'Male']",0,0,4,4,5,Wet/Standing Water,Curve,Level,Lowest,No
36779,54,West Virginia,540010,0,3,1,2,1,BOOMER,January,15,Sunday,0,33,Rural,Medium Speed (Collector),No,38.15161944,-81.28797778,Non-Intersection,Dark - Lighted,Clear,Unknown,Unknown,Unknown EMS Scene Arrival Hour,Unknown EMS Scene Arrival Minutes,Not Applicable (Not Transported),Not Applicable (Not Transported),1,Dark - Lighted,Clear,1,0,['Driver'],['None_Used'],1,1,Valid,0.0,1.0,34.0,34.0,['Female'],1,0,3,4,3,Wet/Standing Water,Curve,Grade/Hillcrest,Lowest,No
36780,54,West Virginia,540011,0,2,2,0,2,SALT ROCK,January,16,Monday,5,50,Rural,Medium Speed (Collector),No,38.31811389,-82.19941111,Non-Intersection,Dark - Not Lighted,Cloudy,5:00am-5:59am,51,6:00am-6:59am,0,6:00am-6:59am,50,1,Dark - Unlighted,Reduced Visibility,1,1,['Driver'],['Shoulder_Lapbelt'],1,1,Valid,0.0,0.0,41.0,18.0,"['Male', 'Female']",1,0,3,4,5,Dry,Straight,Level,Lowest,No
36781,54,West Virginia,540012,0,1,1,0,1,RUSSELLVILLE,January,20,Friday,0,0,Rural,Low Speed (Local),No,38.07802222,-80.89064722,Non-Intersection,Dark - Not Lighted,Clear,3:00am-3:59am,8,3:00am-3:59am,40,Not Applicable (Not Transported),Not Applicable (Not Transported),1,Dark - Unlighted,Clear,1,0,['Driver'],['None_Used'],0,0,Invalid,0.0,0.0,64.0,64.0,['Male'],0,0,5,3,3,Loose/Unpaved,Curve,Level,Lowest,No
36782,54,West Virginia,540013,0,1,1,0,1,HUNTINGTON,January,20,Friday,14,40,Rural,Medium Speed (Collector),No,38.39718611,-82.51025833,Non-Intersection,Daylight,Sleet or Hail,Unknown,Unknown,Unknown EMS Scene Arrival Hour,Unknown EMS Scene Arrival Minutes,Not Applicable (Not Transported),Not Applicable (Not Transported),1,Daylight,Snow/Ice/Severe,1,0,['Driver'],['Shoulder_Lapbelt'],1,1,Valid,0.0,1.0,59.0,59.0,['Male'],0,0,2,4,3,Wet/Standing Water,Curve,Level,Lowest,No
36783,54,West Virginia,540014,0,1,1,0,1,BIG CREEK,January,23,Monday,7,50,Rural,Medium Speed (Collector),No,38.00132222,-82.03957778,Non-Intersection,Daylight,Cloudy,Unknown,Unknown,Unknown EMS Scene Arrival Hour,Unknown EMS Scene Arrival Minutes,Unknown,Unknown EMS Hospital Arrival Time,1,Daylight,Reduced Visibility,1,0,['Driver'],['Shoulder_Lapbelt'],0,0,Valid,0.0,0.0,20.0,20.0,['Male'],0,0,3,4,3,Icy/Snowy,Straight,Level,Lowest,No
36784,54,West Virginia,540015,1,1,1,0,1,LOWER BELLE,January,3,Tuesday,1,7,Urban,High Speed (Arterial),Yes,38.20253611,-81.48253611,Non-Intersection,Dark - Lighted,Clear,1:00am-1:59am,9,1:00am-1:59am,19,3:00am-3:59am,54,1,Dark - Lighted,Clear,0,1,[],[],0,0,Valid,0.0,0.0,39.0,39.0,['Male'],0,0,3,3,4,Dry,Straight,Level,Lowest,No
36785,54,West Virginia,540016,0,2,2,0,3,WHITE SULPHUR SPGS,January,6,Friday,19,32,Rural,High Speed (Arterial),Yes,37.7957,-80.28833056,Non-Intersection,Dark - Not Lighted,Clear,7:00pm-7:59pm,32,8:00pm-8:59pm,1,9:00pm-9:59pm,0,2,Dark - Unlighted,Clear,2,1,"['Driver', 'Driver']","['Shoulder_Lapbelt', 'Shoulder_Lapbelt']",1,1,Valid,0.0,0.0,44.0,33.0,"['Male', 'Male']",0,0,2,4,5,Dry,Straight,Grade/Hillcrest,Lowest,No
36786,54,West Virginia,540017,0,1,1,0,1,LYBURN,February,2,Thursday,13,50,Urban,High Speed (Arterial),Yes,37.77361111,-81.9325,Non-Intersection,Daylight,Cloudy,Unknown,Unknown,Unknown EMS Scene Arrival Hour,Unknown EMS Scene Arrival Minutes,Not Applicable (Not Transported),Not Applicable (Not Transported),1,Daylight,Reduced Visibility,1,0,['Driver'],['Shoulder_Lapbelt'],0,0,Valid,0.0,0.0,63.0,63.0,['Male'],0,0,3,4,2,Dry,Curve,Level,Medium,No
36787,54,West Virginia,540018,0,2,2,0,5,HUNTINGTON,February,4,Saturday,20,0,Urban,Medium Speed (Collector),No,38.35551111,-82.45311944,Non-Intersection,Dark - Lighted,Clear,Unknown,Unknown,Unknown EMS Scene Arrival Hour,Unknown EMS Scene Arrival Minutes,Unknown,Unknown EMS Hospital Arrival Time,1,Dark - Lighted,Clear,1,4,['Driver'],['None_Used'],1,1,Valid,0.0,0.0,38.0,24.0,"['Male', 'Male']",0,0,3,4,5,Dry,Curve,Grade/Hillcrest,Lowest,No
36788,54,West Virginia,540019,1,1,1,0,1,OAK HILL,February,8,Wednesday,5,24,Urban,High Speed (Arterial),Yes,37.97414167,-81.14172222,Non-Intersection,Dark - Not Lighted,Rain,Unknown,Unknown,Unknown EMS Scene Arrival Hour,Unknown EMS Scene Arrival Minutes,Unknown,Unknown EMS Hospital Arrival Time,1,Dark - Unlighted,Rain/Wind/Minor,0,1,[],[],0,0,Invalid,0.0,0.0,57.0,57.0,['Female'],0,0,3,3,4,Wet/Standing Water,Straight,Level,Lowest,Yes
36789,54,West Virginia,540020,1,1,1,0,2,PRINCETON,February,12,Sunday,18,25,Urban,Medium Speed (Collector),No,37.36936944,-81.08031111,Non-Intersection,Dark - Lighted,Cloudy,6:00pm-6:59pm,25,Unknown EMS Scene Arrival Hour,Unknown EMS Scene Arrival Minutes,Not Applicable (Not Transported),Not Applicable (Not Transported),1,Dark - Lighted,Reduced Visibility,0,2,[],[],0,0,Valid,0.0,1.0,38.0,38.0,['Male'],2,0,2,4,4,Wet/Standing Water,Straight,Level,Lowest,No
36790,54,West Virginia,540021,0,2,2,0,2,MARTINSBURG,February,15,Wednesday,18,51,Urban,High Speed (Arterial),Yes,39.43981944,-77.9642,Complex/Circle,Dark - Lighted,Clear,7:00pm-7:59pm,0,7:00pm-7:59pm,2,7:00pm-7:59pm,17,1,Dark - Lighted,Clear,1,1,['Driver'],['None_Used'],0,0,Valid,0.0,0.0,31.0,31.0,"['Male', 'Male']",0,0,5,4,5,Dry,Straight,Level,Lowest,No
36791,54,West Virginia,540022,0,1,1,0,1,SALEM,February,16,Thursday,12,1,Rural,Medium Speed (Collector),No,39.25740833,-80.44641111,Non-Intersection,Daylight,Rain,Unknown,Unknown,Unknown EMS Scene Arrival Hour,Unknown EMS Scene Arrival Minutes,Not Applicable (Not Transported),Not Applicable (Not Transported),1,Daylight,Rain/Wind/Minor,1,0,['Driver'],['None_Used'],0,0,Valid,0.0,1.0,27.0,27.0,['Male'],0,0,2,4,3,Wet/Standing Water,Straight,Level,Lowest,No
36792,54,West Virginia,540023,0,2,2,0,3,CROWN,February,19,Sunday,20,24,Rural,Medium Speed (Collector),No,37.76154167,-81.84235,Non-Intersection,Dark - Not Lighted,Clear,Unknown,Unknown,Unknown EMS Scene Arrival Hour,Unknown EMS Scene Arrival Minutes,Unknown,Unknown EMS Hospital Arrival Time,2,Dark - Unlighted,Clear,2,1,"['Driver', 'Driver']","['None_Used', 'Shoulder_Lapbelt']",1,1,Valid,0.0,0.0,63.0,31.0,"['Male', 'Male']",0,0,3,4,5,Dry,Curve,Level,Lowest,No
36793,54,West Virginia,540024,0,1,1,0,4,CEDAR GROVE,February,21,Tuesday,18,25,Urban,Medium Speed (Collector),No,38.22967222,-81.41999444,Non-Intersection,Daylight,Clear,6:00pm-6:59pm,32,6:00pm-6:59pm,53,8:00pm-8:59pm,13,2,Daylight,Clear,2,2,"['Driver', 'Front_Passenger']","['None_Used', 'None_Used']",0,0,Valid,0.0,0.0,52.0,52.0,['Male'],4,0,3,4,3,Dry,Curve,Level,Lowest,No
36794,54,West Virginia,540025,0,2,2,0,3,MADISON,February,24,Friday,21,32,Rural,Medium Speed (Collector),No,38.04380556,-81.80411944,Non-Intersection,Dark - Lighted,Clear,9:00pm-9:59pm,37,9:00pm-9:59pm,41,10:00pm-10:59pm,9,1,Dark - Lighted,Clear,1,2,['Front_Passenger'],['None_Used'],1,1,Valid,0.0,2.0,41.0,38.0,"['Male', 'Male']",0,0,3,4,5,Dry,Curve,Grade/Hillcrest,Lowest,No
36795,54,West Virginia,540026,0,1,1,0,1,NOT APPLICABLE,February,24,Friday,14,0,Rural,Low Speed (Local),No,37.63595,-80.802675,Non-Intersection,Daylight,Clear,Unknown,Unknown,Unknown EMS Scene Arrival Hour,Unknown EMS Scene Arrival Minutes,Unknown,Unknown EMS Hospital Arrival Time,1,Daylight,Clear,1,0,['Driver'],['Shoulder_Lapbelt'],0,0,Valid,0.0,0.0,76.0,76.0,['Male'],0,0,3,4,2,Dry,Straight,Level,Lowest,No
36796,54,West Virginia,540027,0,2,2,0,3,NOT APPLICABLE,February,25,Saturday,15,32,Rural,Medium Speed (Collector),No,39.70664444,-79.80991111,Non-Intersection,Daylight,Clear,Unknown,Unknown,Unknown EMS Scene Arrival Hour,Unknown EMS Scene Arrival Minutes,Unknown,Unknown EMS Hospital Arrival Time,1,Daylight,Clear,1,2,['Driver'],['None_Used'],1,1,Valid,0.0,0.0,44.0,25.0,"['Male', 'Male']",0,0,5,4,5,Dry,Straight,Grade/Hillcrest,Lowest,No