,State_Code,State_Name,Crash_ID,Count_Non_Motorists,Count_Vehicles_Total,Count_Vehicle_Forms,Count_PVH_Involved,Count_Occupants_MV,City_Name,Month_Name,Day_of_Month,Day_of_Week,Crash_Hour,Crash_Minute,Area_Rural_Urban,Road_Functional_Class,On_NHS_Road,Latitude,Longitude,Intersection_Type,Light_Condition,Weather_Condition,Notif_Hour,Notif_Minute,Arrival_Hour,Arrival_Minute,Hospital_Hour,Hospital_Minute,Fatalities_Count,Clean_Light_Condition,Clean_Weather_Condition,Total_Killed,Total_Alive,Fatal_Seats_List,Killed_Restraint_List,Any_Driver_Drinking,Total_Drinking_Drivers,Driver_License_Category,Driver_Max_Prev_Accident_Count,Driver_Max_Prev_Speeding_Count,Max_Driver_Age,Min_Driver_Age,Driver_Sex_List,Total_Exceeding_Limit_Vehicles,Total_Too_Fast_Vehicles,Max_Vehicle_Type_Severity_5,Max_Vehicle_Damage_Rank,Max_Harmful_Event_Severity,Crash_Road_Surface_Condition,Crash_Horizontal_Alignment,Crash_Vertical_Profile,Crash_Impairment_Category,Crash_Vehicle_Defect
36797,54,West Virginia,540028,0,1,1,0,1,MYRA,February,26,Sunday,3,35,Rural,Low Speed (Local),No,38.18496111,-82.087625,Non-Intersection,Dark - Not Lighted,Clear,3:00am-3:59am,52,4:00am-4:59am,12,5:00am-5:59am,31,1,Dark - Unlighted,Clear,1,0,['Driver'],['Shoulder_Lapbelt'],1,1,Valid,0.0,0.0,25.0,25.0,['Male'],0,0,2,4,3,Dry,Straight,Level,Lowest,No
36798,54,West Virginia,540029,0,1,1,0,2,SANDYVILLE,January,22,Sunday,10,0,Rural,Medium Speed (Collector),No,38.89136667,-81.68169167,Non-Intersection,Daylight,Sleet or Hail,Unknown,Unknown,Unknown EMS Scene Arrival Hour,Unknown EMS Scene Arrival Minutes,Unknown,Unknown EMS Hospital Arrival Time,1,Daylight,Snow/Ice/Severe,1,1,['Front_Passenger'],['Shoulder_Lapbelt'],0,0,Valid,0.0,0.0,43.0,43.0,['Female'],2,0,3,4,3,Icy/Snowy,Straight,Level,Lowest,No
36799,54,West Virginia,540030,0,1,1,0,1,NOT APPLICABLE,January,28,Saturday,13,50,Rural,Medium Speed (Collector),No,38.32589722,-82.22428333,Non-Intersection,Daylight,Clear,Unknown,Unknown,Unknown EMS Scene Arrival Hour,Unknown EMS Scene Arrival Minutes,Not Applicable (Not Transported),Not Applicable (Not Transported),1,Daylight,Clear,1,0,['Driver'],['Shoulder_Lapbelt'],1,1,Invalid,0.0,0.0,53.0,53.0,['Male'],0,0,3,4,3,Dry,Straight,Grade/Hillcrest,Medium,No
36800,54,West Virginia,540031,0,1,1,0,5,MATHIAS,February,2,Thursday,22,35,Rural,Medium Speed (Collector),No,38.78401944,-78.89544167,Non-Intersection,Dark - Not Lighted,Clear,11:00pm-11:59pm,37,10:00pm-10:59pm,58,Unknown,Unknown EMS Hospital Arrival Time,3,Dark - Unlighted,Clear,3,2,"['Rear_Seat', 'Rear_Seat', 'Front_Passenger']","['Shoulder_Lapbelt', 'Shoulder_Lapbelt', 'Shoulder_Lapbelt']",0,0,Valid,0.0,0.0,19.0,19.0,['Male'],5,0,2,4,3,Dry,Straight,Level,Lowest,No
36801,54,West Virginia,540032,1,2,2,0,2,GRAFTON,February,17,Friday,6,55,Rural,Medium Speed (Collector),No,39.346575,-80.10985278,Non-Intersection,Dark - Not Lighted,Cloudy,6:00am-6:59am,57,7:00am-7:59am,3,Not Applicable (Not Transported),Not Applicable (Not Transported),1,Dark - Unlighted,Reduced Visibility,0,2,[],[],0,0,Valid,1.0,1.0,24.0,24.0,['Male'],1,0,4,4,5,Dry,Straight,Grade/Hillcrest,Lowest,No
36802,54,West Virginia,540033,0,2,2,0,3,SPRINGFIELD,February,18,Saturday,16,0,Rural,Medium Speed (Collector),No,39.43660833,-78.70793333,Non-Intersection,Daylight,Clear,Unknown,Unknown,Unknown EMS Scene Arrival Hour,Unknown EMS Scene Arrival Minutes,Not Applicable (Not Transported),Not Applicable (Not Transported),2,Daylight,Clear,2,1,"['Driver', 'Front_Passenger']","['Shoulder_Lapbelt', 'Shoulder_Lapbelt']",1,2,Invalid,0.0,0.0,63.0,61.0,"['Female', 'Female']",0,0,3,4,5,Dry,Straight,Grade/Hillcrest,Lowest,No
36803,54,West Virginia,540034,1,2,1,1,1,INSTITUTE,March,1,Wednesday,9,40,Urban,High Speed (Arterial),Yes,38.38637778,-81.76654444,Non-Intersection,Daylight,Clear,Unknown,Unknown,Unknown EMS Scene Arrival Hour,Unknown EMS Scene Arrival Minutes,Unknown,Unknown EMS Hospital Arrival Time,1,Daylight,Clear,1,0,['Driver'],['Shoulder_Lapbelt'],0,0,Valid,0.0,0.0,19.0,19.0,['Male'],0,0,3,4,5,Dry,Straight,Level,Lowest,No
36804,54,West Virginia,540035,0,2,2,0,2,NOT APPLICABLE,March,2,Thursday,9,46,Rural,High Speed (Arterial),Yes,37.98127778,-81.99245833,Non-Intersection,Daylight,Clear,Unknown,Unknown,Unknown EMS Scene Arrival Hour,Unknown EMS Scene Arrival Minutes,Unknown,Unknown EMS Hospital Arrival Time,1,Daylight,Clear,1,1,['Driver'],['Shoulder_Lapbelt'],0,0,Valid,0.0,0.0,85.0,55.0,"['Male', 'Male']",0,0,3,4,5,Dry,Straight,Non-Trafficway,Lowest,No
36805,54,West Virginia,540036,0,1,1,0,3,NOT APPLICABLE,March,4,Saturday,18,5,Rural,Medium Speed (Collector),No,39.37601389,-78.20636389,Non-Intersection,Dusk,Clear,Unknown,Unknown,Unknown EMS Scene Arrival Hour,Unknown EMS Scene Arrival Minutes,Unknown,Unknown EMS Hospital Arrival Time,1,Twilight,Clear,1,2,['Driver'],['Shoulder_Lapbelt'],0,0,Valid,0.0,0.0,20.0,20.0,['Male'],3,0,2,4,3,Dry,Curve,Grade/Hillcrest,Lowest,No
36806,54,West Virginia,540037,0,2,2,0,5,NOT APPLICABLE,March,5,Sunday,19,32,Urban,Medium Speed (Collector),No,37.83669722,-81.429925,Non-Intersection,Dark - Not Lighted,Clear,Unknown,Unknown,Unknown EMS Scene Arrival Hour,Unknown EMS Scene Arrival Minutes,Unknown,Unknown EMS Hospital Arrival Time,2,Dark - Unlighted,Clear,2,3,"['Driver', 'Rear_Seat']","['Shoulder_Lapbelt', 'Child_Safety']",0,0,Invalid,0.0,0.0,54.0,30.0,"['Male', 'Female']",0,0,3,4,5,Dry,Curve,Grade/Hillcrest,Lowest,No
36807,54,West Virginia,540038,0,1,1,0,1,NOT APPLICABLE,March,7,Tuesday,11,58,Rural,High Speed (Arterial),Yes,39.30833056,-81.48285,Non-Intersection,Daylight,Clear,6:00am-6:59am,41,6:00am-6:59am,48,Not Applicable (Not Transported),Not Applicable (Not Transported),1,Daylight,Clear,1,0,['Driver'],['Shoulder_Lapbelt'],0,0,Valid,0.0,0.0,35.0,35.0,['Male'],0,0,4,4,2,Dry,Curve,Level,Lowest,No
36808,54,West Virginia,540039,0,1,1,0,1,DUNLOW,March,8,Wednesday,9,14,Rural,Medium Speed (Collector),No,37.98268056,-82.35598611,Non-Intersection,Daylight,Clear,10:00am-10:59am,31,Unknown EMS Scene Arrival Hour,Unknown EMS Scene Arrival Minutes,Not Applicable (Not Transported),Not Applicable (Not Transported),1,Daylight,Clear,1,0,['Driver'],['Shoulder_Lapbelt'],0,0,Valid,0.0,0.0,83.0,83.0,['Male'],0,0,3,4,2,Dry,Straight,Level,Lowest,No
36809,54,West Virginia,540040,0,1,1,0,1,NOT APPLICABLE,March,10,Friday,5,34,Rural,Medium Speed (Collector),No,37.50959444,-80.968725,Non-Intersection,Dark - Not Lighted,Rain,5:00am-5:59am,35,5:00am-5:59am,38,6:00am-6:59am,45,1,Dark - Unlighted,Rain/Wind/Minor,1,0,['Driver'],['Shoulder_Lapbelt'],1,1,Valid,0.0,0.0,42.0,42.0,['Male'],0,0,2,4,3,Wet/Standing Water,Straight,Grade/Hillcrest,Lowest,No
36810,54,West Virginia,540041,0,2,2,0,3,GRAFTON,March,13,Monday,6,17,Urban,Medium Speed (Collector),No,39.37555833,-79.96722778,Non-Intersection,Dark - Not Lighted,Rain,Unknown,Unknown,Unknown EMS Scene Arrival Hour,Unknown EMS Scene Arrival Minutes,Unknown,Unknown EMS Hospital Arrival Time,1,Dark - Unlighted,Rain/Wind/Minor,1,2,['Front_Passenger'],['Shoulder_Lapbelt'],0,0,Valid,0.0,0.0,48.0,37.0,"['Male', 'Male']",0,0,3,4,5,Wet/Standing Water,Straight,Level,Lowest,No
36811,54,West Virginia,540042,0,3,3,0,3,HENDERSON,March,14,Tuesday,13,38,Urban,High Speed (Arterial),Yes,38.83273611,-82.14489167,Non-Intersection,Daylight,Cloudy,Unknown,Unknown,Unknown EMS Scene Arrival Hour,Unknown EMS Scene Arrival Minutes,Not Applicable (Not Transported),Not Applicable (Not Transported),1,Daylight,Reduced Visibility,1,2,['Driver'],['Shoulder_Lapbelt'],0,0,Valid,0.0,0.0,54.0,48.0,"['Male', 'Male', 'Male']",0,0,4,4,5,Dry,Straight,Level,Lowest,No
36812,54,West Virginia,540043,0,2,2,0,2,BOLT,March,15,Wednesday,15,5,Rural,Medium Speed (Collector),No,37.76991667,-81.41985556,Complex/Circle,Daylight,Clear,Unknown,Unknown,Unknown EMS Scene Arrival Hour,Unknown EMS Scene Arrival Minutes,Unknown,Unknown EMS Hospital Arrival Time,1,Daylight,Clear,1,1,['Driver'],['Shoulder_Lapbelt'],0,0,Valid,0.0,0.0,91.0,54.0,"['Male', 'Male']",0,0,3,4,5,Dry,Straight,Level,Lowest,No
36813,54,West Virginia,540044,0,4,4,0,9,BLUEFIELD,March,16,Thursday,14,0,Urban,High Speed (Arterial),Yes,37.24418611,-81.22643611,Complex/Circle,Daylight,Clear,2:00pm-2:59pm,2,2:00pm-2:59pm,6,3:00pm-3:59pm,4,2,Daylight,Clear,2,7,"['Driver', 'Front_Passenger']","['Shoulder_Lapbelt', 'Shoulder_Lapbelt']",0,0,Valid,0.0,2.0,82.0,26.0,"['Female', 'Female', 'Male', 'Male']",0,0,3,4,5,Dry,Straight,Grade/Hillcrest,Lowest,No
36814,54,West Virginia,540045,0,2,2,0,3,BIRCH RIVER,March,16,Thursday,14,56,Rural,High Speed (Arterial),Yes,38.44591111,-80.78846944,Complex/Circle,Daylight,Clear,Unknown,Unknown,Unknown EMS Scene Arrival Hour,Unknown EMS Scene Arrival Minutes,Unknown,Unknown EMS Hospital Arrival Time,2,Daylight,Clear,2,1,"['Driver', 'Rear_Seat']","['None_Used', 'None_Used']",0,0,Valid,0.0,0.0,55.0,19.0,"['Male', 'Male']",2,0,5,4,5,Dry,Straight,Level,Lowest,No
36815,54,West Virginia,540046,0,2,2,0,2,HANOVER,March,18,Saturday,7,5,Rural,High Speed (Arterial),Yes,37.577275,-81.80336389,Non-Intersection,Daylight,Clear,Unknown,Unknown,Unknown EMS Scene Arrival Hour,Unknown EMS Scene Arrival Minutes,Unknown,Unknown EMS Hospital Arrival Time,1,Daylight,Clear,1,1,['Driver'],['Shoulder_Lapbelt'],1,1,Valid,0.0,0.0,48.0,31.0,"['Male', 'Male']",0,0,4,4,5,Dry,Curve,Level,Lowest,No
36816,54,West Virginia,540047,0,3,3,0,6,SOUTH CHARLESTON,March,25,Saturday,14,0,Urban,High Speed (Arterial),Yes,38.29731389,-81.74818611,Complex/Circle,Daylight,Clear,Unknown,Unknown,Unknown EMS Scene Arrival Hour,Unknown EMS Scene Arrival Minutes,Unknown,Unknown EMS Hospital Arrival Time,1,Daylight,Clear,1,5,['Driver'],['None_Used'],1,1,Valid,0.0,0.0,63.0,58.0,"['Male', 'Female', 'Male']",0,0,5,4,5,Dry,Straight,Level,Lowest,No
36817,54,West Virginia,540048,0,1,1,0,2,RIPLEY,March,25,Saturday,18,6,Rural,Medium Speed (Collector),No,38.77102778,-81.74135,Non-Intersection,Daylight,Clear,Unknown,Unknown,Unknown EMS Scene Arrival Hour,Unknown EMS Scene Arrival Minutes,Unknown,Unknown EMS Hospital Arrival Time,1,Daylight,Clear,1,1,['Driver'],['None_Used'],1,1,Valid,0.0,0.0,43.0,43.0,['Male'],0,0,5,4,3,Dry,Curve,Grade/Hillcrest,Lowest,No
36818,54,West Virginia,540049,0,1,1,0,1,MCCONNELL,March,27,Monday,5,11,Rural,Medium Speed (Collector),No,37.83083611,-81.96798889,Non-Intersection,Dark - Not Lighted,Clear,Unknown,Unknown,Unknown EMS Scene Arrival Hour,Unknown EMS Scene Arrival Minutes,Not Applicable (Not Transported),Not Applicable (Not Transported),1,Dark - Unlighted,Clear,1,0,['Driver'],['None_Used'],0,0,Valid,0.0,0.0,29.0,29.0,['Male'],0,0,5,3,2,Loose/Unpaved,Straight,Level,Lowest,No
36819,54,West Virginia,540050,0,2,1,1,1,WESTON,April,4,Tuesday,9,47,Urban,Medium Speed (Collector),No,39.04479722,-80.47398889,Non-Intersection,Daylight,Clear,9:00am-9:59am,47,9:00am-9:59am,50,9:00am-9:59am,58,1,Daylight,Clear,1,0,['Driver'],['None_Used'],0,0,Valid,0.0,0.0,80.0,80.0,['Male'],0,0,3,4,3,Dry,Straight,Level,Lowest,No
36820,54,West Virginia,540051,0,1,1,0,1,ELK GARDEN,April,4,Tuesday,18,53,Rural,Medium Speed (Collector),No,39.363375,-79.14476389,Non-Intersection,Daylight,Clear,6:00pm-6:59pm,53,7:00pm-7:59pm,3,Not Applicable (Not Transported),Not Applicable (Not Transported),1,Daylight,Clear,1,0,['Driver'],['None_Used'],1,1,Valid,0.0,0.0,50.0,50.0,['Male'],1,0,2,4,3,Dry,Straight,Level,Lowest,No
36821,54,West Virginia,540052,0,3,3,0,3,FORT ASHBY,April,5,Wednesday,22,48,Rural,Medium Speed (Collector),No,39.53034444,-78.794725,Non-Intersection,Dark - Not Lighted,Rain,Unknown,Unknown,Unknown EMS Scene Arrival Hour,Unknown EMS Scene Arrival Minutes,Not Applicable (Not Transported),Not Applicable (Not Transported),1,Dark - Unlighted,Rain/Wind/Minor,1,2,['Driver'],['Shoulder_Lapbelt'],0,0,Valid,0.0,0.0,30.0,17.0,"['Male', 'Male', 'Male']",1,0,3,4,5,Wet/Standing Water,Curve,Level,Lowest,No
36822,54,West Virginia,540053,0,2,2,0,5,NOT APPLICABLE,April,7,Friday,7,25,Rural,Medium Speed (Collector),No,38.65115833,-80.38815,Non-Intersection,Daylight,Cloudy,Unknown,Unknown,Unknown EMS Scene Arrival Hour,Unknown EMS Scene Arrival Minutes,Unknown,Unknown EMS Hospital Arrival Time,1,Daylight,Reduced Visibility,1,4,['Driver'],['None_Used'],0,0,Valid,0.0,0.0,25.0,17.0,"['Female', 'Male']",1,0,3,4,5,Wet/Standing Water,Curve,Level,Lowest,No
36823,54,West Virginia,540054,0,2,2,0,3,MARLINTON,April,10,Monday,17,10,Rural,High Speed (Arterial),Yes,38.3067,-80.09431944,Simple Junction,Daylight,Clear,Unknown,Unknown,Unknown EMS Scene Arrival Hour,Unknown EMS Scene Arrival Minutes,Not Applicable (Not Transported),Not Applicable (Not Transported),2,Daylight,Clear,2,1,"['Driver', 'Front_Passenger']","['Shoulder_Lapbelt', 'Shoulder_Lapbelt']",0,0,Valid,0.0,0.0,57.0,51.0,"['Male', 'Male']",0,0,4,4,5,Dry,Straight,Grade/Hillcrest,Lowest,No
36824,54,West Virginia,540055,1,1,1,0,1,LOWER BELLE,April,12,Wednesday,4,36,Urban,High Speed (Arterial),Yes,38.26726944,-81.56446667,Non-Intersection,Dark - Not Lighted,Clear,Unknown,Unknown,Unknown EMS Scene Arrival Hour,Unknown EMS Scene Arrival Minutes,Not Applicable (Not Transported),Not Applicable (Not Transported),1,Dark - Unlighted,Clear,0,1,[],[],0,0,Valid,0.0,0.0,40.0,40.0,['Male'],0,0,3,4,4,Dry,Straight,Level,Lowest,No
36825,54,West Virginia,540056,0,1,1,0,1,BECKLEY,April,13,Thursday,18,32,Rural,Medium Speed (Collector),No,37.77218056,-81.19471944,Non-Intersection,Daylight,Clear,Unknown,Unknown,Unknown EMS Scene Arrival Hour,Unknown EMS Scene Arrival Minutes,Unknown,Unknown EMS Hospital Arrival Time,1,Daylight,Clear,1,0,['Driver'],['None_Used'],1,1,Invalid,0.0,0.0,49.0,49.0,['Male'],1,0,2,4,0,Dry,Curve,Level,Lowest,No
36826,54,West Virginia,540057,0,2,2,0,4,NOT APPLICABLE,April,13,Thursday,18,33,Urban,High Speed (Arterial),Yes,37.86325,-81.25923056,Non-Intersection,Daylight,Clear,Unknown,Unknown,Unknown EMS Scene Arrival Hour,Unknown EMS Scene Arrival Minutes,Unknown,Unknown EMS Hospital Arrival Time,2,Daylight,Clear,2,2,"['Driver', 'Front_Passenger']","['Shoulder_Lapbelt', 'Shoulder_Lapbelt']",1,1,Invalid,0.0,0.0,49.0,32.0,"['Male', 'Male']",2,0,4,4,5,Dry,Curve,Level,Lowest,No
36827,54,West Virginia,540058,1,1,1,0,1,ST. ALBANS,April,13,Thursday,23,50,Urban,High Speed (Arterial),Yes,38.39358611,-81.84346389,Complex/Circle,Dark - Lighted,Clear,Unknown,Unknown,Unknown EMS Scene Arrival Hour,Unknown EMS Scene Arrival Minutes,Unknown,Unknown EMS Hospital Arrival Time,1,Dark - Lighted,Clear,0,1,[],[],0,0,Valid,0.0,1.0,22.0,22.0,['Male'],0,0,3,4,4,Dry,Straight,Level,Lowest,No
36828,54,West Virginia,540059,0,1,1,0,1,POINT PLEASANT,April,16,Sunday,19,0,Rural,Low Speed (Local),No,38.85713056,-82.11553333,Non-Intersection,Daylight,Rain,7:00pm-7:59pm,2,7:00pm-7:59pm,14,Not Applicable (Not Transported),Not Applicable (Not Transported),1,Daylight,Rain/Wind/Minor,1,0,['Driver'],['None_Used'],1,1,Valid,0.0,0.0,56.0,56.0,['Male'],1,0,3,4,2,Wet/Standing Water,Curve,Level,Lowest,No
36829,54,West Virginia,540060,0,3,3,0,5,CHARLES TOWN,April,18,Tuesday,17,42,Urban,High Speed (Arterial),Yes,39.30296944,-77.83184444,Complex/Circle,Daylight,Clear,5:00pm-5:59pm,46,5:00pm-5:59pm,51,7:00pm-7:59pm,6,2,Daylight,Clear,2,3,"['Driver', 'Front_Passenger']","['None_Used', 'None_Used']",0,0,Valid,0.0,1.0,68.0,24.0,"['Male', 'Male', 'Male']",3,0,4,4,5,Dry,Straight,Level,Lowest,No
36830,54,West Virginia,540061,0,2,2,0,2,ELKINS,April,19,Wednesday,14,24,Urban,High Speed (Arterial),Yes,38.91251111,-79.83293611,Non-Intersection,Daylight,Clear,Unknown,Unknown,Unknown EMS Scene Arrival Hour,Unknown EMS Scene Arrival Minutes,Unknown,Unknown EMS Hospital Arrival Time,1,Daylight,Clear,1,1,['Driver'],['Shoulder_Lapbelt'],1,1,Invalid,0.0,0.0,75.0,36.0,"['Male', 'Female']",0,0,3,4,5,Dry,Straight,Level,Lowest,No
36831,54,West Virginia,540062,0,1,1,0,1,MORGANTOWN,April,20,Thursday,7,47,Urban,Medium Speed (Collector),No,39.67036944,-79.95961667,Non-Intersection,Daylight,Clear,7:00am-7:59am,51,7:00am-7:59am,56,8:00am-8:59am,22,1,Daylight,Clear,1,0,['Driver'],['None_Used'],0,0,Valid,0.0,0.0,75.0,75.0,['Male'],0,0,3,4,3,Dry,Curve,Grade/Hillcrest,Lowest,No
36832,54,West Virginia,540063,0,1,1,0,1,SPENCER,April,20,Thursday,10,21,Rural,Medium Speed (Collector),No,38.7921,-81.3208,Non-Intersection,Daylight,Clear,10:00am-10:59am,22,10:00am-10:59am,27,Not Applicable (Not Transported),Not Applicable (Not Transported),1,Daylight,Clear,1,0,['Driver'],['None_Used'],0,0,Valid,0.0,0.0,40.0,40.0,['Male'],0,0,3,4,2,Dry,Straight,Grade/Hillcrest,Lowest,No
36833,54,West Virginia,540064,0,1,1,0,1,SHENANDOAH JUNCTION,April,20,Thursday,17,43,Urban,Low Speed (Local),No,39.33359167,-77.83728611,Non-Intersection,Daylight,Clear,5:00pm-5:59pm,47,5:00pm-5:59pm,55,6:00pm-6:59pm,30,1,Daylight,Clear,1,0,['Driver'],['Shoulder_Lapbelt'],0,0,Valid,0.0,0.0,82.0,82.0,['Male'],0,0,3,4,3,Dry,Straight,Level,Lowest,No
36834,54,West Virginia,540065,0,2,2,0,2,BUCKHANNON,April,25,Tuesday,15,2,Urban,High Speed (Arterial),Yes,38.98080278,-80.17505278,Complex/Circle,Daylight,Clear,Unknown,Unknown,Unknown EMS Scene Arrival Hour,Unknown EMS Scene Arrival Minutes,Unknown,Unknown EMS Hospital Arrival Time,1,Daylight,Clear,1,1,['Driver'],['Shoulder_Lapbelt'],0,0,Valid,0.0,0.0,67.0,65.0,"['Male', 'Female']",0,0,3,4,5,Dry,Straight,Level,Lowest,No
36835,54,West Virginia,540066,0,4,4,0,9,EAST BANK,April,28,Friday,16,0,Urban,High Speed (Arterial),Yes,38.19560556,-81.48014167,Non-Intersection,Daylight,Rain,Unknown,Unknown,Unknown EMS Scene Arrival Hour,Unknown EMS Scene Arrival Minutes,Unknown,Unknown EMS Hospital Arrival Time,1,Daylight,Rain/Wind/Minor,1,8,['Driver'],['Shoulder_Lapbelt'],0,0,Valid,0.0,0.0,52.0,21.0,"['Male', 'Male', 'Female', 'Male']",1,0,4,4,5,Wet/Standing Water,Curve,Grade/Hillcrest,Lowest,No
36836,54,West Virginia,540067,0,1,1,0,1,ONA,April,28,Friday,18,46,Rural,Medium Speed (Collector),No,38.44041111,-82.24638889,Non-Intersection,Daylight,Rain,Unknown,Unknown,Unknown EMS Scene Arrival Hour,Unknown EMS Scene Arrival Minutes,Not Applicable (Not Transported),Not Applicable (Not Transported),1,Daylight,Rain/Wind/Minor,1,0,['Driver'],['None_Used'],0,0,Valid,0.0,0.0,26.0,26.0,['Female'],1,0,3,4,3,Wet/Standing Water,Curve,Grade/Hillcrest,Lowest,No
36837,54,West Virginia,540069,0,1,1,0,3,NOT APPLICABLE,April,30,Sunday,1,30,Rural,Medium Speed (Collector),No,39.4546,-78.867,Non-Intersection,Dark - Not Lighted,Cloudy,Unknown,Unknown,Unknown EMS Scene Arrival Hour,Unknown EMS Scene Arrival Minutes,Unknown,Unknown EMS Hospital Arrival Time,1,Dark - Unlighted,Reduced Visibility,1,2,['Driver'],['None_Used'],1,1,Invalid,1.0,0.0,28.0,28.0,['Male'],3,0,3,4,3,Dry,Curve,Grade/Hillcrest,Lowest,No
36838,54,West Virginia,540070,0,1,1,0,1,BALD KNOB,April,1,Saturday,7,38,Rural,Medium Speed (Collector),No,37.89168889,-81.67246389,Non-Intersection,Dawn,Rain,Unknown,Unknown,Unknown EMS Scene Arrival Hour,Unknown EMS Scene Arrival Minutes,Not Applicable (Not Transported),Not Applicable (Not Transported),1,Twilight,Rain/Wind/Minor,1,0,['Driver'],['None_Used'],0,0,Valid,0.0,1.0,70.0,70.0,['Male'],1,0,4,4,3,Wet/Standing Water,Straight,Level,Lowest,No
36839,54,West Virginia,540071,0,1,1,0,2,NETTIE,April,6,Thursday,16,41,Rural,Medium Speed (Collector),No,38.22407222,-80.69003056,Non-Intersection,Daylight,Clear,4:00pm-4:59pm,42,5:00pm-5:59pm,0,5:00pm-5:59pm,36,1,Daylight,Clear,1,1,['Front_Passenger'],['Shoulder_Lapbelt'],0,0,Valid,0.0,0.0,41.0,41.0,['Male'],2,0,3,4,3,Dry,Straight,Level,Lowest,No
36840,54,West Virginia,540072,0,2,2,0,4,ELLENBORO,April,16,Sunday,16,37,Rural,Medium Speed (Collector),No,39.31056111,-81.08056111,Non-Intersection,Daylight,Rain,Unknown,Unknown,Unknown EMS Scene Arrival Hour,Unknown EMS Scene Arrival Minutes,Unknown,Unknown EMS Hospital Arrival Time,2,Daylight,Rain/Wind/Minor,2,2,"['Front_Passenger', 'Driver']","['None_Used', 'Shoulder_Lapbelt']",0,0,Valid,0.0,0.0,20.0,19.0,"['Male', 'Male']",2,0,3,4,5,Wet/Standing Water,Curve,Level,Lowest,No
36841,54,West Virginia,540073,0,2,2,0,2,NOT APPLICABLE,May,2,Tuesday,11,35,Urban,Medium Speed (Collector),No,37.89011389,-81.16872778,Non-Intersection,Daylight,Clear,Unknown,Unknown,Unknown EMS Scene Arrival Hour,Unknown EMS Scene Arrival Minutes,Unknown,Unknown EMS Hospital Arrival Time,1,Daylight,Clear,1,1,['Driver'],['Shoulder_Lapbelt'],0,0,Valid,0.0,0.0,63.0,51.0,"['Female', 'Male']",0,0,3,4,5,Dry,Curve,Level,Lowest,No
36842,54,West Virginia,540074,0,2,2,0,2,NOT APPLICABLE,May,3,Wednesday,6,56,Urban,Medium Speed (Collector),No,39.31390278,-81.47565833,Non-Intersection,Daylight,Clear,6:00am-6:59am,58,7:00am-7:59am,5,7:00am-7:59am,32,1,Daylight,Clear,1,1,['Driver'],['Shoulder_Lapbelt'],0,0,Valid,0.0,0.0,57.0,27.0,"['Male', 'Male']",0,0,3,4,5,Dry,Straight,Level,Lowest,No
36843,54,West Virginia,540075,0,2,2,0,2,GALLIPOLIS FERRY,May,4,Thursday,21,48,Rural,High Speed (Arterial),Yes,38.77523056,-82.20029722,Non-Intersection,Dark - Lighted,Clear,Unknown,Unknown,Unknown EMS Scene Arrival Hour,Unknown EMS Scene Arrival Minutes,Not Applicable (Not Transported),Not Applicable (Not Transported),1,Dark - Lighted,Clear,1,1,['Driver'],['None_Used'],0,0,Valid,0.0,0.0,60.0,51.0,"['Male', 'Male']",0,0,4,4,5,Dry,Curve,Level,Lowest,No
36844,54,West Virginia,540076,0,2,2,0,2,AUGUSTA,May,6,Saturday,20,40,Rural,Medium Speed (Collector),No,39.26773333,-78.54895,Simple Junction,Dark - Not Lighted,Clear,8:00pm-8:59pm,45,9:00pm-9:59pm,0,Not Applicable (Not Transported),Not Applicable (Not Transported),1,Dark - Unlighted,Clear,1,1,['Driver'],['None_Used'],0,0,Valid,0.0,0.0,54.0,22.0,"['Male', 'Male']",0,0,5,4,5,Dry,Straight,Level,Lowest,No
36845,54,West Virginia,540077,0,1,1,0,1,WAYNE,May,8,Monday,12,4,Rural,Medium Speed (Collector),No,38.18665556,-82.43372222,Non-Intersection,Daylight,Clear,Unknown,Unknown,Unknown EMS Scene Arrival Hour,Unknown EMS Scene Arrival Minutes,Unknown,Unknown EMS Hospital Arrival Time,1,Daylight,Clear,1,0,['Driver'],['None_Used'],1,1,Valid,2.0,0.0,63.0,63.0,['Male'],0,0,3,4,3,Dry,Straight,Level,Lowest,No
36846,54,West Virginia,540078,0,2,2,0,2,LINN,May,8,Monday,17,15,Rural,Medium Speed (Collector),No,38.96425278,-80.72410556,Non-Intersection,Daylight,Clear,Unknown,Unknown,Unknown EMS Scene Arrival Hour,Unknown EMS Scene Arrival Minutes,Not Applicable (Not Transported),Not Applicable (Not Transported),1,Daylight,Clear,1,1,['Driver'],['None_Used'],0,0,Valid,0.0,0.0,55.0,52.0,"['Male', 'Male']",0,0,5,4,5,Dry,Straight,Grade/Hillcrest,Lowest,No
36847,54,West Virginia,540079,0,2,2,0,3,NOT APPLICABLE,May,8,Monday,18,44,Urban,High Speed (Arterial),Yes,38.5856,-82.2476,Non-Intersection,Daylight,Cloudy,6:00pm-6:59pm,44,7:00pm-7:59pm,8,7:00pm-7:59pm,24,2,Daylight,Reduced Visibility,2,1,"['Driver', 'Front_Passenger']","['Shoulder_Lapbelt', 'Shoulder_Lapbelt']",0,0,Valid,0.0,0.0,79.0,62.0,"['Male', 'Female']",0,0,2,4,5,Dry,Straight,Level,Medium,No