,State_Code,State_Name,Crash_ID,Count_Non_Motorists,Count_Vehicles_Total,Count_Vehicle_Forms,Count_PVH_Involved,Count_Occupants_MV,City_Name,Month_Name,Day_of_Month,Day_of_Week,Crash_Hour,Crash_Minute,Area_Rural_Urban,Road_Functional_Class,On_NHS_Road,Latitude,Longitude,Intersection_Type,Light_Condition,Weather_Condition,Notif_Hour,Notif_Minute,Arrival_Hour,Arrival_Minute,Hospital_Hour,Hospital_Minute,Fatalities_Count,Clean_Light_Condition,Clean_Weather_Condition,Total_Killed,Total_Alive,Fatal_Seats_List,Killed_Restraint_List,Any_Driver_Drinking,Total_Drinking_Drivers,Driver_License_Category,Driver_Max_Prev_Accident_Count,Driver_Max_Prev_Speeding_Count,Max_Driver_Age,Min_Driver_Age,Driver_Sex_List,Total_Exceeding_Limit_Vehicles,Total_Too_Fast_Vehicles,Max_Vehicle_Type_Severity_5,Max_Vehicle_Damage_Rank,Max_Harmful_Event_Severity,Crash_Road_Surface_Condition,Crash_Horizontal_Alignment,Crash_Vertical_Profile,Crash_Impairment_Category,Crash_Vehicle_Defect
36848,54,West Virginia,540080,0,3,3,0,5,GRAFTON,May,9,Tuesday,12,0,Rural,Medium Speed (Collector),No,39.31698333,-80.12973611,Non-Intersection,Daylight,Clear,12:00pm-12:59pm,5,12:00pm-12:59pm,13,12:00pm-12:59pm,52,1,Daylight,Clear,1,4,['Front_Passenger'],['Shoulder_Lapbelt'],0,0,Valid,0.0,0.0,77.0,67.0,"['Male', 'Female', 'Female']",0,0,3,4,5,Dry,Straight,Grade/Hillcrest,Lowest,No
36849,54,West Virginia,540081,0,1,1,0,1,NOT APPLICABLE,May,10,Wednesday,2,5,Rural,Low Speed (Local),No,38.42138333,-82.12624722,Non-Intersection,Dark - Lighted,Cloudy,2:00am-2:59am,5,2:00am-2:59am,14,3:00am-3:59am,7,1,Dark - Lighted,Reduced Visibility,1,0,['Driver'],['None_Used'],1,1,Invalid,0.0,0.0,19.0,19.0,['Male'],0,0,5,3,3,Dry,Straight,Level,Lowest,No
36850,54,West Virginia,540082,0,2,2,0,4,MORGANTOWN,May,13,Saturday,3,22,Urban,Medium Speed (Collector),No,39.66475278,-80.06099167,Non-Intersection,Dark - Not Lighted,Rain,Unknown,Unknown,Unknown EMS Scene Arrival Hour,Unknown EMS Scene Arrival Minutes,Unknown,Unknown EMS Hospital Arrival Time,2,Dark - Unlighted,Rain/Wind/Minor,2,2,"['Driver', 'Rear_Seat']","['None_Used', 'None_Used']",1,1,Valid,0.0,0.0,74.0,24.0,"['Male', 'Male']",3,0,4,4,5,Wet/Standing Water,Straight,Level,Lowest,No
36851,54,West Virginia,540083,0,1,1,0,2,NOT APPLICABLE,May,21,Sunday,16,31,Rural,Medium Speed (Collector),No,37.55083889,-81.36726389,Non-Intersection,Daylight,Clear,Unknown,Unknown,Unknown EMS Scene Arrival Hour,Unknown EMS Scene Arrival Minutes,Unknown,Unknown EMS Hospital Arrival Time,1,Daylight,Clear,1,1,['Driver'],['Shoulder_Lapbelt'],0,0,Invalid,0.0,0.0,15.0,15.0,['Male'],2,0,5,4,3,Dry,Curve,Grade/Hillcrest,Lowest,No
36852,54,West Virginia,540084,0,2,2,0,3,CRAWLEY,May,23,Tuesday,14,58,Rural,Medium Speed (Collector),No,37.94027778,-80.65122222,Non-Intersection,Daylight,Cloudy,3:00pm-3:59pm,0,3:00pm-3:59pm,14,3:00pm-3:59pm,58,1,Daylight,Reduced Visibility,1,2,['Rear_Seat'],['None_Used'],1,1,Invalid,0.0,0.0,39.0,27.0,"['Male', 'Male']",2,0,5,4,5,Dry,Straight,Level,Lowest,No
36853,54,West Virginia,540085,1,1,1,0,1,NETTIE,May,24,Wednesday,4,23,Rural,Medium Speed (Collector),No,38.22945833,-80.69475,Non-Intersection,Dark - Not Lighted,Cloudy,4:00am-4:59am,26,4:00am-4:59am,40,5:00am-5:59am,3,1,Dark - Unlighted,Reduced Visibility,0,1,[],[],0,0,Valid,1.0,0.0,52.0,52.0,['Male'],0,0,4,2,4,Dry,Straight,Level,Lowest,No
36854,54,West Virginia,540086,1,2,2,0,3,FAIRMONT,May,30,Tuesday,11,25,Urban,Medium Speed (Collector),No,39.48244167,-80.15668611,Simple Junction,Daylight,Clear,11:00am-11:59am,29,11:00am-11:59am,33,11:00am-11:59am,52,1,Daylight,Clear,1,2,['Front_Passenger'],['Shoulder_Lapbelt'],0,0,Valid,1.0,1.0,63.0,26.0,"['Male', 'Male']",2,0,3,4,5,Dry,Straight,Grade/Hillcrest,Lowest,No
36855,54,West Virginia,540087,0,1,1,0,1,NOT APPLICABLE,June,3,Saturday,3,30,Urban,High Speed (Arterial),Yes,39.67560278,-79.848725,Non-Intersection,Dark - Not Lighted,Clear,9:00am-9:59am,35,Unknown EMS Scene Arrival Hour,Unknown EMS Scene Arrival Minutes,Not Applicable (Not Transported),Not Applicable (Not Transported),1,Dark - Unlighted,Clear,1,0,['Driver'],['Shoulder_Lapbelt'],1,1,Valid,0.0,0.0,34.0,34.0,['Male'],0,0,3,4,3,Dry,Straight,Grade/Hillcrest,Lowest,No
36856,54,West Virginia,540088,0,2,2,0,3,NOT APPLICABLE,June,3,Saturday,18,43,Rural,High Speed (Arterial),Yes,37.63768056,-81.47058056,Non-Intersection,Daylight,Rain,Unknown,Unknown,Unknown EMS Scene Arrival Hour,Unknown EMS Scene Arrival Minutes,Unknown,Unknown EMS Hospital Arrival Time,1,Daylight,Rain/Wind/Minor,1,2,['Driver'],['Shoulder_Lapbelt'],0,0,Invalid,2.0,1.0,31.0,30.0,"['Male', 'Male']",1,0,3,4,5,Wet/Standing Water,Curve,Level,Lowest,No
36857,54,West Virginia,540089,0,1,1,0,2,DUNBAR,June,4,Sunday,16,18,Urban,High Speed (Arterial),Yes,38.370625,-81.74710556,Non-Intersection,Daylight,Clear,4:00pm-4:59pm,19,4:00pm-4:59pm,27,4:00pm-4:59pm,44,1,Daylight,Clear,1,1,['Front_Passenger'],['None_Used'],0,0,Valid,0.0,1.0,33.0,33.0,['Male'],2,0,3,4,3,Dry,Straight,Level,Lowest,No
36858,54,West Virginia,540090,0,2,2,0,4,FORT GAY,June,5,Monday,14,26,Rural,High Speed (Arterial),Yes,38.11460833,-82.581525,Simple Junction,Daylight,Clear,Unknown,Unknown,Unknown EMS Scene Arrival Hour,Unknown EMS Scene Arrival Minutes,Not Applicable (Not Transported),Not Applicable (Not Transported),2,Daylight,Clear,2,2,"['Driver', 'Front_Passenger']","['Shoulder_Lapbelt', 'Shoulder_Lapbelt']",0,0,Valid,0.0,0.0,83.0,71.0,"['Male', 'Male']",0,0,3,4,5,Dry,Straight,Level,Lowest,No
36859,54,West Virginia,540091,0,1,1,0,1,NOT APPLICABLE,June,6,Tuesday,18,24,Rural,Medium Speed (Collector),No,39.54146667,-80.89812222,Non-Intersection,Dark - Not Lighted,Clear,Unknown,Unknown,Unknown EMS Scene Arrival Hour,Unknown EMS Scene Arrival Minutes,Not Applicable (Not Transported),Not Applicable (Not Transported),1,Dark - Unlighted,Clear,1,0,['Driver'],['None_Used'],1,1,Valid,0.0,0.0,67.0,67.0,['Male'],1,0,5,4,3,Dry,Curve,Level,Lowest,No
36860,54,West Virginia,540092,0,2,2,0,2,PETERSBURG,June,8,Thursday,16,15,Rural,Medium Speed (Collector),No,38.99818056,-79.10284167,Non-Intersection,Daylight,Clear,4:00pm-4:59pm,16,5:00pm-5:59pm,15,6:00pm-6:59pm,36,1,Daylight,Clear,1,1,['Driver'],['Shoulder_Lapbelt'],0,0,Valid,0.0,0.0,59.0,30.0,"['Female', 'Male']",1,0,2,4,5,Dry,Curve,Level,Lowest,No
36861,54,West Virginia,540093,0,1,1,0,2,WHEELING,June,9,Friday,1,20,Urban,High Speed (Arterial),Yes,40.07329722,-80.71495556,Non-Intersection,Dark - Lighted,Clear,Unknown,Unknown,Unknown EMS Scene Arrival Hour,Unknown EMS Scene Arrival Minutes,Unknown,Unknown EMS Hospital Arrival Time,1,Dark - Lighted,Clear,1,1,['Rear_Seat'],['None_Used'],1,1,Valid,0.0,0.0,49.0,49.0,['Male'],2,0,5,4,3,Dry,Curve,Grade/Hillcrest,Lowest,No
36862,54,West Virginia,540094,0,1,1,0,2,NOT APPLICABLE,June,10,Saturday,20,0,Rural,High Speed (Arterial),Yes,37.78625833,-80.87882778,Non-Intersection,Daylight,Clear,Unknown,Unknown,Unknown EMS Scene Arrival Hour,Unknown EMS Scene Arrival Minutes,Not Applicable (Not Transported),Not Applicable (Not Transported),2,Daylight,Clear,2,0,"['Driver', 'Rear_Seat']","['None_Used', 'None_Used']",1,1,Valid,0.0,0.0,56.0,56.0,['Male'],0,0,5,4,1,Dry,Curve,Grade/Hillcrest,Lowest,No
36863,54,West Virginia,540095,0,1,1,0,1,RIPLEY,June,11,Sunday,16,43,Rural,High Speed (Arterial),Yes,38.79913333,-81.73162778,Non-Intersection,Daylight,Rain,Unknown,Unknown,Unknown EMS Scene Arrival Hour,Unknown EMS Scene Arrival Minutes,Unknown,Unknown EMS Hospital Arrival Time,1,Daylight,Rain/Wind/Minor,1,0,['Driver'],['None_Used'],0,0,Valid,0.0,1.0,47.0,47.0,['Male'],0,0,5,4,3,Wet/Standing Water,Curve,Grade/Hillcrest,Lowest,No
36864,54,West Virginia,540096,0,3,3,0,5,HARRISVILLE,June,11,Sunday,16,7,Rural,Medium Speed (Collector),No,39.2212,-81.0346,Non-Intersection,Daylight,Rain,Unknown,Unknown,Unknown EMS Scene Arrival Hour,Unknown EMS Scene Arrival Minutes,Unknown,Unknown EMS Hospital Arrival Time,1,Daylight,Rain/Wind/Minor,1,4,['Rear_Seat'],['None_Used'],0,0,Valid,0.0,0.0,77.0,31.0,"['Male', 'Female', 'Male']",1,0,5,4,5,Wet/Standing Water,Curve,Grade/Hillcrest,Lowest,No
36865,54,West Virginia,540097,1,1,1,0,1,HUNTINGTON,June,13,Tuesday,1,45,Urban,High Speed (Arterial),Yes,38.42776944,-82.39519444,Complex/Circle,Dark - Not Lighted,Clear,Unknown,Unknown,Unknown EMS Scene Arrival Hour,Unknown EMS Scene Arrival Minutes,Not Applicable (Not Transported),Not Applicable (Not Transported),1,Dark - Unlighted,Clear,0,0,[],[],0,0,Invalid,0.0,0.0,998.0,998.0,['Other'],0,0,1,0,4,Dry,Straight,Level,Lowest,No
36866,54,West Virginia,540098,0,1,1,0,1,GAP MILLS,June,17,Saturday,22,20,Rural,Low Speed (Local),No,37.571275,-80.40855833,Non-Intersection,Dark - Not Lighted,Clear,10:00pm-10:59pm,34,11:00pm-11:59pm,13,Not Applicable (Not Transported),Not Applicable (Not Transported),1,Dark - Unlighted,Clear,1,0,['Driver'],['None_Used'],1,1,Valid,0.0,0.0,57.0,57.0,['Male'],0,0,3,4,3,Dry,Straight,Level,Lowest,No
36867,54,West Virginia,540099,0,2,2,0,2,NOT APPLICABLE,June,18,Sunday,17,23,Rural,Medium Speed (Collector),No,37.57010556,-81.94813889,Simple Junction,Daylight,Clear,Unknown,Unknown,Unknown EMS Scene Arrival Hour,Unknown EMS Scene Arrival Minutes,Unknown,Terminated Transport,1,Daylight,Clear,1,1,['Driver'],['None_Used'],0,0,Valid,0.0,0.0,55.0,49.0,"['Male', 'Male']",0,0,5,3,5,Dry,Curve,Grade/Hillcrest,Lowest,No
36868,54,West Virginia,540100,1,1,1,0,2,RAVENSWOOD,June,24,Saturday,15,50,Rural,Medium Speed (Collector),No,38.95779167,-81.7692,Non-Intersection,Daylight,Clear,Unknown,Unknown,Unknown EMS Scene Arrival Hour,Unknown EMS Scene Arrival Minutes,Unknown,Unknown EMS Hospital Arrival Time,1,Daylight,Clear,0,2,[],[],0,0,Valid,0.0,0.0,79.0,79.0,['Female'],0,0,2,4,4,Dry,Straight,Level,Lowest,No
36869,54,West Virginia,540101,0,1,1,0,3,NOT APPLICABLE,June,26,Monday,14,40,Rural,Low Speed (Local),No,37.88108056,-82.41533056,Non-Intersection,Daylight,Rain,Unknown,Unknown,Unknown EMS Scene Arrival Hour,Unknown EMS Scene Arrival Minutes,Unknown,Unknown EMS Hospital Arrival Time,1,Daylight,Rain/Wind/Minor,1,2,['Non_Standard_Risk'],['None_Used'],0,0,Valid,0.0,0.0,18.0,18.0,['Male'],0,0,5,4,3,Wet/Standing Water,Straight,Level,Lowest,No
36870,54,West Virginia,540102,0,2,2,0,2,WALTON,June,26,Monday,16,45,Rural,Medium Speed (Collector),No,38.60574167,-81.45284167,Non-Intersection,Daylight,Cloudy,4:00pm-4:59pm,47,5:00pm-5:59pm,26,Unknown,Unknown EMS Hospital Arrival Time,1,Daylight,Reduced Visibility,1,1,['Driver'],['None_Used'],1,1,Valid,1.0,0.0,48.0,42.0,"['Male', 'Male']",1,0,5,4,5,Dry,Curve,Level,Lowest,No
36871,54,West Virginia,540103,0,2,2,0,2,CHARMCO,June,27,Tuesday,16,55,Rural,Medium Speed (Collector),No,38.00038333,-80.73655,Non-Intersection,Daylight,Cloudy,4:00pm-4:59pm,57,Unknown EMS Scene Arrival Hour,Unknown EMS Scene Arrival Minutes,Unknown,Unknown EMS Hospital Arrival Time,1,Daylight,Reduced Visibility,1,1,['Driver'],['Shoulder_Lapbelt'],0,0,Valid,0.0,0.0,27.0,20.0,"['Male', 'Female']",0,0,3,4,5,Dry,Straight,Level,Lowest,No
36872,54,West Virginia,540104,0,2,2,0,2,NOT APPLICABLE,January,23,Monday,7,33,Rural,Medium Speed (Collector),No,38.92418333,-78.84140833,Non-Intersection,Daylight,Rain,Unknown,Unknown,Unknown EMS Scene Arrival Hour,Unknown EMS Scene Arrival Minutes,Unknown,Unknown EMS Hospital Arrival Time,1,Daylight,Rain/Wind/Minor,1,1,['Driver'],['Shoulder_Lapbelt'],0,0,Valid,0.0,0.0,62.0,43.0,"['Female', 'Female']",1,0,3,4,5,Icy/Snowy,Straight,Level,Lowest,No
36873,54,West Virginia,540105,0,1,1,0,2,MASONTOWN,July,1,Saturday,18,27,Rural,Low Speed (Local),No,39.59009722,-79.76084444,Non-Intersection,Daylight,Rain,Unknown,Unknown,Unknown EMS Scene Arrival Hour,Unknown EMS Scene Arrival Minutes,Unknown,Unknown EMS Hospital Arrival Time,1,Daylight,Rain/Wind/Minor,1,1,['Driver'],['None_Used'],1,1,Invalid,0.0,0.0,29.0,29.0,['Male'],0,0,3,4,3,Wet/Standing Water,Curve,Grade/Hillcrest,Lowest,No
36874,54,West Virginia,540106,0,1,1,0,1,BEAVER,July,4,Tuesday,19,19,Rural,High Speed (Arterial),Yes,37.77503889,-80.97771944,Non-Intersection,Dusk,Clear,Unknown,Unknown,Unknown EMS Scene Arrival Hour,Unknown EMS Scene Arrival Minutes,Not Applicable (Not Transported),Not Applicable (Not Transported),1,Twilight,Clear,1,0,['Driver'],['None_Used'],0,0,Valid,0.0,0.0,58.0,58.0,['Male'],0,0,3,4,2,Dry,Straight,Grade/Hillcrest,Medium,No
36875,54,West Virginia,540107,0,2,2,0,2,NOT APPLICABLE,July,5,Wednesday,16,31,Rural,Medium Speed (Collector),No,38.55991389,-81.86085,Non-Intersection,Daylight,Clear,Unknown,Unknown,Unknown EMS Scene Arrival Hour,Unknown EMS Scene Arrival Minutes,Unknown,Unknown EMS Hospital Arrival Time,1,Daylight,Clear,1,1,['Driver'],['Shoulder_Lapbelt'],1,1,Valid,0.0,0.0,61.0,61.0,"['Female', 'Female']",0,0,3,4,5,Dry,Curve,Level,Lowest,No
36876,54,West Virginia,540108,0,1,1,0,1,BARBOURSVILLE,July,12,Wednesday,12,39,Urban,High Speed (Arterial),Yes,38.418475,-82.28650556,Non-Intersection,Daylight,Clear,12:00pm-12:59pm,15,12:00pm-12:59pm,27,12:00pm-12:59pm,53,1,Daylight,Clear,1,0,['Driver'],['None_Used'],0,0,Valid,1.0,0.0,22.0,22.0,['Male'],0,0,2,4,3,Dry,Straight,Level,Lowest,No
36877,54,West Virginia,540109,0,1,1,0,1,PROCTOR,July,12,Wednesday,9,46,Rural,Medium Speed (Collector),No,39.71143889,-80.74790556,Non-Intersection,Daylight,Clear,Unknown,Unknown,Unknown EMS Scene Arrival Hour,Unknown EMS Scene Arrival Minutes,Not Applicable (Not Transported),Not Applicable (Not Transported),1,Daylight,Clear,1,0,['Driver'],['Shoulder_Lapbelt'],0,0,Valid,1.0,0.0,53.0,53.0,['Male'],0,0,4,4,3,Dry,Straight,Level,Lowest,No
36878,54,West Virginia,540110,0,1,1,0,1,PARKERSBURG,July,15,Saturday,14,18,Urban,High Speed (Arterial),Yes,39.28764444,-81.49653333,Non-Intersection,Daylight,Clear,2:00pm-2:59pm,22,2:00pm-2:59pm,29,Not Applicable (Not Transported),Not Applicable (Not Transported),1,Daylight,Clear,1,0,['Driver'],['Shoulder_Lapbelt'],0,0,Valid,0.0,0.0,40.0,40.0,['Male'],1,0,4,4,3,Dry,Curve,Grade/Hillcrest,Lowest,No
36879,54,West Virginia,540111,0,3,3,0,4,NOT APPLICABLE,July,16,Sunday,14,9,Urban,High Speed (Arterial),Yes,39.60196944,-79.99178056,Non-Intersection,Daylight,Clear,Unknown,Unknown,Unknown EMS Scene Arrival Hour,Unknown EMS Scene Arrival Minutes,Unknown,Unknown EMS Hospital Arrival Time,1,Daylight,Clear,1,3,['Driver'],['None_Used'],0,0,Valid,0.0,0.0,55.0,39.0,"['Female', 'Male', 'Female']",0,0,5,4,5,Dry,Straight,Level,Lowest,No
36880,54,West Virginia,540112,0,3,3,0,6,WESTON,July,17,Monday,19,28,Urban,Medium Speed (Collector),No,39.05926111,-80.45936389,Non-Intersection,Daylight,Cloudy,Unknown,Unknown,Unknown EMS Scene Arrival Hour,Unknown EMS Scene Arrival Minutes,Unknown,Unknown EMS Hospital Arrival Time,1,Daylight,Reduced Visibility,1,5,['Driver'],['None_Used'],1,1,Valid,0.0,0.0,59.0,23.0,"['Male', 'Male', 'Male']",0,0,5,4,5,Wet/Standing Water,Curve,Level,Lowest,No
36881,54,West Virginia,540113,0,1,1,0,3,NOT APPLICABLE,July,18,Tuesday,3,12,Urban,High Speed (Arterial),Yes,40.08601389,-80.69160833,Non-Intersection,Dark - Lighted,Clear,Unknown,Unknown,Unknown EMS Scene Arrival Hour,Unknown EMS Scene Arrival Minutes,4:00am-4:59am,5,1,Dark - Lighted,Clear,1,2,['Rear_Seat'],['Shoulder_Lapbelt'],1,1,Valid,0.0,1.0,18.0,18.0,['Male'],3,0,2,4,3,Wet/Standing Water,Curve,Level,Lowest,No
36882,54,West Virginia,540114,0,1,1,0,1,MONTCALM,July,20,Thursday,12,56,Urban,Medium Speed (Collector),No,37.35405278,-81.25647222,Non-Intersection,Daylight,Clear,Unknown,Unknown,Unknown EMS Scene Arrival Hour,Unknown EMS Scene Arrival Minutes,Not Applicable (Not Transported),Not Applicable (Not Transported),1,Daylight,Clear,1,0,['Driver'],['None_Used'],0,0,Invalid,0.0,0.0,63.0,63.0,['Male'],0,0,3,4,2,Dry,Straight,Level,Lowest,No
36883,54,West Virginia,540115,0,1,1,0,1,NOT APPLICABLE,July,26,Wednesday,21,45,Rural,Medium Speed (Collector),No,39.53000833,-80.3407,Non-Intersection,Dark - Not Lighted,Clear,Unknown,Unknown,Unknown EMS Scene Arrival Hour,Unknown EMS Scene Arrival Minutes,Not Applicable (Not Transported),Not Applicable (Not Transported),1,Dark - Unlighted,Clear,1,0,['Driver'],['None_Used'],0,0,Valid,0.0,0.0,22.0,22.0,['Male'],1,0,5,4,2,Dry,Curve,Grade/Hillcrest,Lowest,No
36884,54,West Virginia,540116,0,2,2,0,2,NEW CREEK,July,27,Thursday,5,29,Rural,High Speed (Arterial),Yes,39.33663889,-79.06819167,Non-Intersection,Daylight,Clear,5:00am-5:59am,33,5:00am-5:59am,37,Not Applicable (Not Transported),Not Applicable (Not Transported),1,Daylight,Clear,1,1,['Driver'],['None_Used'],0,0,Invalid,0.0,0.0,43.0,20.0,"['Female', 'Male']",0,0,3,4,5,Dry,Straight,Level,Lowest,No
36885,54,West Virginia,540117,0,1,1,0,1,INWOOD,July,27,Thursday,13,5,Urban,Low Speed (Local),No,39.41486389,-78.02696111,Non-Intersection,Daylight,Clear,1:00pm-1:59pm,5,1:00pm-1:59pm,13,Not Applicable (Not Transported),Not Applicable (Not Transported),1,Daylight,Clear,1,0,['Driver'],['None_Used'],0,0,Valid,1.0,0.0,42.0,42.0,['Male'],1,0,5,4,3,Dry,Curve,Level,Lowest,No
36886,54,West Virginia,540118,0,2,2,0,5,WYATT,July,30,Sunday,15,24,Rural,Medium Speed (Collector),No,39.44021944,-80.3727,Non-Intersection,Daylight,Clear,3:00pm-3:59pm,55,4:00pm-4:59pm,14,Unknown,Unknown EMS Hospital Arrival Time,1,Daylight,Clear,1,4,['Driver'],['None_Used'],0,0,Valid,0.0,4.0,28.0,20.0,"['Male', 'Female']",0,0,3,4,5,Dry,Straight,Level,Lowest,No
36887,54,West Virginia,540119,0,1,1,0,3,SUMMERSVILLE,March,25,Saturday,21,29,Rural,Medium Speed (Collector),No,38.32419444,-80.78523889,Non-Intersection,Dark - Not Lighted,Clear,Unknown,Unknown,Unknown EMS Scene Arrival Hour,Unknown EMS Scene Arrival Minutes,Unknown,Unknown EMS Hospital Arrival Time,1,Dark - Unlighted,Clear,1,2,['Rear_Seat'],['None_Used'],0,0,Invalid,0.0,0.0,20.0,20.0,['Female'],0,0,2,4,3,Dry,Curve,Level,Lowest,No
36888,54,West Virginia,540120,0,1,1,0,1,INWOOD,January,6,Friday,13,8,Urban,Medium Speed (Collector),No,39.37761111,-78.02105,Non-Intersection,Daylight,Clear,1:00pm-1:59pm,10,1:00pm-1:59pm,16,1:00pm-1:59pm,40,1,Daylight,Clear,1,0,['Driver'],['Shoulder_Lapbelt'],0,0,Valid,0.0,0.0,70.0,70.0,['Male'],0,0,3,4,3,Dry,Straight,Level,Lowest,No
36889,54,West Virginia,540121,0,3,3,0,5,NOT APPLICABLE,August,1,Tuesday,14,30,Rural,High Speed (Arterial),Yes,39.28793889,-80.76838611,Complex/Circle,Daylight,Clear,Unknown,Unknown,Unknown EMS Scene Arrival Hour,Unknown EMS Scene Arrival Minutes,Unknown,Unknown EMS Hospital Arrival Time,1,Daylight,Clear,1,4,['Driver'],['Shoulder_Lapbelt'],0,0,Valid,0.0,0.0,48.0,29.0,"['Male', 'Male', 'Male']",0,0,4,4,5,Dry,Straight,Grade/Hillcrest,Lowest,No
36890,54,West Virginia,540122,0,1,1,0,1,AUGUSTA,August,2,Wednesday,15,40,Rural,Medium Speed (Collector),No,39.36286944,-78.5514,Non-Intersection,Daylight,Clear,Unknown,Unknown,Unknown EMS Scene Arrival Hour,Unknown EMS Scene Arrival Minutes,Unknown,Unknown EMS Hospital Arrival Time,1,Daylight,Clear,1,0,['Driver'],['None_Used'],0,0,Valid,0.0,0.0,73.0,73.0,['Male'],0,0,5,2,1,Dry,Straight,Level,Lowest,No
36891,54,West Virginia,540123,1,2,1,1,1,NOT APPLICABLE,August,3,Thursday,1,40,Urban,High Speed (Arterial),Yes,38.44131667,-82.12848333,Non-Intersection,Dark - Unknown Lighting,Clear,Unknown,Unknown,Unknown EMS Scene Arrival Hour,Unknown EMS Scene Arrival Minutes,Not Applicable (Not Transported),Not Applicable (Not Transported),1,Dark - Unlighted,Clear,1,0,['Driver'],['Shoulder_Lapbelt'],0,0,Invalid,2.0,0.0,40.0,40.0,['Male'],0,0,1,4,5,Dry,Straight,Level,Lowest,No
36892,54,West Virginia,540124,0,1,1,0,1,FOLLANSBEE,August,3,Thursday,10,29,Urban,Medium Speed (Collector),No,40.3332,-80.5834,Non-Intersection,Daylight,Clear,Unknown,Unknown,Unknown EMS Scene Arrival Hour,Unknown EMS Scene Arrival Minutes,Not Applicable (Not Transported),Not Applicable (Not Transported),1,Daylight,Clear,1,0,['Driver'],['Shoulder_Lapbelt'],1,1,Valid,0.0,0.0,66.0,66.0,['Male'],0,0,3,4,3,Dry,Curve,Grade/Hillcrest,Medium,No
36893,54,West Virginia,540125,0,2,2,0,3,NOT APPLICABLE,August,4,Friday,16,40,Rural,Medium Speed (Collector),No,38.9637,-79.1559,Complex/Circle,Daylight,Clear,Unknown,Unknown,Unknown EMS Scene Arrival Hour,Unknown EMS Scene Arrival Minutes,Unknown,Unknown EMS Hospital Arrival Time,1,Daylight,Clear,1,2,['Driver'],['None_Used'],0,0,Valid,0.0,0.0,51.0,42.0,"['Male', 'Female']",1,0,5,4,5,Dry,Straight,Level,Lowest,No
36894,54,West Virginia,540126,0,2,2,0,5,FORT ASHBY,August,8,Tuesday,14,8,Rural,Medium Speed (Collector),No,39.51759722,-78.76679444,Non-Intersection,Daylight,Clear,2:00pm-2:59pm,10,2:00pm-2:59pm,17,2:00pm-2:59pm,36,1,Daylight,Clear,1,4,['Rear_Seat'],['Child_Safety'],0,0,Valid,0.0,0.0,71.0,39.0,"['Female', 'Male']",2,0,3,4,5,Dry,Curve,Grade/Hillcrest,Lowest,No
36895,54,West Virginia,540127,0,2,2,0,3,NOT APPLICABLE,August,10,Thursday,17,24,Rural,High Speed (Arterial),Yes,37.87388889,-81.26333056,Non-Intersection,Daylight,Cloudy,Unknown,Unknown,Unknown EMS Scene Arrival Hour,Unknown EMS Scene Arrival Minutes,Unknown,Unknown EMS Hospital Arrival Time,1,Daylight,Reduced Visibility,1,2,['Driver'],['None_Used'],0,0,Valid,0.0,0.0,49.0,40.0,"['Female', 'Male']",0,0,4,4,5,Dry,Straight,Grade/Hillcrest,Lowest,No
36896,54,West Virginia,540128,0,1,1,0,1,ABRAHAM,August,15,Tuesday,11,44,Rural,High Speed (Arterial),Yes,37.78082778,-80.96957222,Non-Intersection,Daylight,Clear,Unknown,Unknown,Unknown EMS Scene Arrival Hour,Unknown EMS Scene Arrival Minutes,Not Applicable (Not Transported),Not Applicable (Not Transported),1,Daylight,Clear,1,0,['Driver'],['Shoulder_Lapbelt'],0,0,Valid,0.0,0.0,28.0,28.0,['Male'],0,0,4,4,2,Dry,Straight,Grade/Hillcrest,Lowest,No
36897,54,West Virginia,540129,0,1,1,0,1,SOUTH CHARLESTON,August,16,Wednesday,17,33,Urban,High Speed (Arterial),Yes,38.358125,-81.71972222,Non-Intersection,Daylight,Clear,Unknown,Unknown,Unknown EMS Scene Arrival Hour,Unknown EMS Scene Arrival Minutes,Not Applicable (Not Transported),Not Applicable (Not Transported),1,Daylight,Clear,1,0,['Driver'],['None_Used'],0,0,Valid,0.0,0.0,46.0,46.0,['Male'],0,0,3,4,3,Dry,Straight,Level,Medium,No
36898,54,West Virginia,540130,0,1,1,0,1,FRANKLIN,August,17,Thursday,12,0,Rural,Medium Speed (Collector),No,38.66781111,-79.29221389,Non-Intersection,Daylight,Clear,Unknown,Unknown,Unknown EMS Scene Arrival Hour,Unknown EMS Scene Arrival Minutes,Not Applicable (Not Transported),Not Applicable (Not Transported),1,Daylight,Clear,1,0,['Driver'],['None_Used'],0,0,Valid,2.0,0.0,66.0,66.0,['Male'],0,0,5,4,3,Dry,Straight,Grade/Hillcrest,Lowest,No
36899,54,West Virginia,540131,0,1,1,0,4,SMITHFIELD,August,19,Saturday,16,33,Rural,Low Speed (Local),No,39.540575,-80.54662778,Non-Intersection,Daylight,Clear,Unknown,Unknown,Unknown EMS Scene Arrival Hour,Unknown EMS Scene Arrival Minutes,Unknown,Unknown EMS Hospital Arrival Time,1,Daylight,Clear,1,3,['Rear_Seat'],['None_Used'],0,0,Valid,0.0,1.0,25.0,25.0,['Male'],0,0,1,4,3,Dry,Straight,Level,Lowest,No