,State_Code,State_Name,Crash_ID,Count_Non_Motorists,Count_Vehicles_Total,Count_Vehicle_Forms,Count_PVH_Involved,Count_Occupants_MV,City_Name,Month_Name,Day_of_Month,Day_of_Week,Crash_Hour,Crash_Minute,Area_Rural_Urban,Road_Functional_Class,On_NHS_Road,Latitude,Longitude,Intersection_Type,Light_Condition,Weather_Condition,Notif_Hour,Notif_Minute,Arrival_Hour,Arrival_Minute,Hospital_Hour,Hospital_Minute,Fatalities_Count,Clean_Light_Condition,Clean_Weather_Condition,Total_Killed,Total_Alive,Fatal_Seats_List,Killed_Restraint_List,Any_Driver_Drinking,Total_Drinking_Drivers,Driver_License_Category,Driver_Max_Prev_Accident_Count,Driver_Max_Prev_Speeding_Count,Max_Driver_Age,Min_Driver_Age,Driver_Sex_List,Total_Exceeding_Limit_Vehicles,Total_Too_Fast_Vehicles,Max_Vehicle_Type_Severity_5,Max_Vehicle_Damage_Rank,Max_Harmful_Event_Severity,Crash_Road_Surface_Condition,Crash_Horizontal_Alignment,Crash_Vertical_Profile,Crash_Impairment_Category,Crash_Vehicle_Defect
36900,54,West Virginia,540132,0,1,1,0,3,TERRA ALTA,August,20,Sunday,3,49,Rural,Low Speed (Local),No,39.44974722,-79.65811111,Non-Intersection,Dark - Not Lighted,Clear,Unknown,Unknown,Unknown EMS Scene Arrival Hour,Unknown EMS Scene Arrival Minutes,Unknown,Unknown EMS Hospital Arrival Time,2,Dark - Unlighted,Clear,2,1,"['Front_Passenger', 'Rear_Seat']","['None_Used', 'None_Used']",1,1,Valid,0.0,0.0,52.0,52.0,['Male'],0,0,3,4,3,Dry,Curve,Grade/Hillcrest,Lowest,No
36901,54,West Virginia,540133,0,1,1,0,1,SOPHIA,August,20,Sunday,14,4,Rural,Low Speed (Local),No,37.70534444,-81.24933889,Non-Intersection,Daylight,Clear,2:00pm-2:59pm,4,2:00pm-2:59pm,16,Unknown,Unknown EMS Hospital Arrival Time,1,Daylight,Clear,1,0,['Driver'],['Shoulder_Lapbelt'],0,0,Valid,0.0,0.0,72.0,72.0,['Male'],0,0,2,4,3,Dry,Straight,Level,Lowest,No
36902,54,West Virginia,540134,0,1,1,0,2,PICKAWAY,August,23,Wednesday,11,50,Rural,Medium Speed (Collector),No,37.66447222,-80.56884722,Non-Intersection,Daylight,Clear,Unknown,Unknown,Unknown EMS Scene Arrival Hour,Unknown EMS Scene Arrival Minutes,Not Applicable (Not Transported),Not Applicable (Not Transported),2,Daylight,Clear,2,0,"['Driver', 'Front_Passenger']","['None_Used', 'None_Used']",0,0,Valid,0.0,0.0,75.0,75.0,['Male'],0,0,5,4,3,Dry,Straight,Level,Lowest,No
36903,54,West Virginia,540135,0,2,2,0,3,MORGANTOWN,August,24,Thursday,5,47,Rural,Medium Speed (Collector),No,39.4883,-79.9214,Complex/Circle,Dark - Not Lighted,Rain,Unknown,Unknown,Unknown EMS Scene Arrival Hour,Unknown EMS Scene Arrival Minutes,Unknown,Unknown EMS Hospital Arrival Time,2,Dark - Unlighted,Rain/Wind/Minor,2,1,"['Driver', 'Front_Passenger']","['Shoulder_Lapbelt', 'Shoulder_Lapbelt']",0,0,Valid,0.0,0.0,51.0,49.0,"['Male', 'Male']",0,0,3,4,5,Wet/Standing Water,Straight,Level,Lowest,No
36904,54,West Virginia,540136,0,2,2,0,2,BARBOURSVILLE,August,24,Thursday,20,19,Urban,High Speed (Arterial),Yes,38.41283333,-82.34378889,Complex/Circle,Dark - Lighted,Clear,8:00pm-8:59pm,20,8:00pm-8:59pm,27,8:00pm-8:59pm,43,1,Dark - Lighted,Clear,1,1,['Driver'],['None_Used'],0,0,Valid,0.0,2.0,76.0,44.0,"['Male', 'Female']",0,0,5,4,5,Dry,Straight,Grade/Hillcrest,Lowest,No
36905,54,West Virginia,540137,0,2,2,0,6,CHARLES TOWN,August,26,Saturday,15,46,Urban,High Speed (Arterial),Yes,39.26234444,-77.86600278,Complex/Circle,Daylight,Clear,4:00pm-4:59pm,12,4:00pm-4:59pm,17,4:00pm-4:59pm,40,1,Daylight,Clear,1,5,['Front_Passenger'],['Shoulder_Lapbelt'],0,0,Valid,0.0,0.0,76.0,33.0,"['Male', 'Female']",0,0,3,4,5,Dry,Straight,Level,Lowest,No
36906,54,West Virginia,540138,0,1,1,0,1,OAK HILL,August,26,Saturday,15,50,Urban,Low Speed (Local),No,37.97811389,-81.14960278,Non-Intersection,Daylight,Clear,Unknown,Unknown,Unknown EMS Scene Arrival Hour,Unknown EMS Scene Arrival Minutes,Unknown,Unknown EMS Hospital Arrival Time,1,Daylight,Clear,1,0,['Driver'],['None_Used'],0,0,Invalid,0.0,0.0,65.0,65.0,['Male'],0,0,5,4,3,Dry,Straight,Level,Medium,No
36907,54,West Virginia,540139,0,1,1,0,3,NOT APPLICABLE,August,28,Monday,9,10,Rural,High Speed (Arterial),Yes,37.29603889,-81.10361389,Non-Intersection,Daylight,Cloudy,Unknown,Unknown,Unknown EMS Scene Arrival Hour,Unknown EMS Scene Arrival Minutes,Unknown,Unknown EMS Hospital Arrival Time,2,Daylight,Reduced Visibility,2,1,"['Driver', 'Rear_Seat']","['None_Used', 'None_Used']",0,0,Invalid,0.0,4.0,29.0,29.0,['Male'],3,0,2,4,3,Dry,Curve,Level,Lowest,No
36908,54,West Virginia,540140,0,1,1,0,1,RAVENSWOOD,February,9,Thursday,22,50,Rural,High Speed (Arterial),Yes,38.90118056,-81.72407778,Non-Intersection,Dark - Not Lighted,Clear,Unknown,Unknown,Unknown EMS Scene Arrival Hour,Unknown EMS Scene Arrival Minutes,Unknown,Unknown EMS Hospital Arrival Time,1,Dark - Unlighted,Clear,1,0,['Driver'],['Shoulder_Lapbelt'],0,0,Valid,1.0,1.0,54.0,54.0,['Male'],0,0,4,4,3,Dry,Curve,Grade/Hillcrest,Lowest,No
36909,54,West Virginia,540141,0,2,2,0,5,WESTON,March,2,Thursday,23,25,Urban,High Speed (Arterial),Yes,39.01942778,-80.41944444,Complex/Circle,Dark - Lighted,Clear,Unknown,Unknown,Unknown EMS Scene Arrival Hour,Unknown EMS Scene Arrival Minutes,Unknown,Unknown EMS Hospital Arrival Time,1,Dark - Lighted,Clear,1,4,['Rear_Seat'],['Shoulder_Lapbelt'],0,0,Invalid,1.0,0.0,53.0,33.0,"['Female', 'Male']",0,0,3,4,5,Dry,Straight,Level,Lowest,No
36910,54,West Virginia,540142,0,3,3,0,4,MARTINSBURG,August,30,Wednesday,8,7,Urban,High Speed (Arterial),Yes,39.47994167,-77.95842222,Non-Intersection,Daylight,Clear,Unknown,Unknown,Unknown EMS Scene Arrival Hour,Unknown EMS Scene Arrival Minutes,Not Applicable (Not Transported),Not Applicable (Not Transported),1,Daylight,Clear,1,3,['Driver'],['None_Used'],0,0,Valid,1.0,2.0,56.0,18.0,"['Male', 'Female', 'Male']",0,0,4,4,5,Dry,Straight,Level,Lowest,No
36911,54,West Virginia,540143,1,1,1,0,1,WEST LOGAN,September,1,Friday,6,51,Rural,Low Speed (Local),No,37.86298333,-81.98791111,Non-Intersection,Dark - Not Lighted,Clear,6:00am-6:59am,54,7:00am-7:59am,2,7:00am-7:59am,6,1,Dark - Unlighted,Clear,0,1,[],[],0,0,Valid,0.0,0.0,38.0,38.0,['Female'],0,0,3,2,4,Dry,Straight,Grade/Hillcrest,Lowest,No
36912,54,West Virginia,540144,1,1,1,0,1,CROSS LANES,September,3,Sunday,1,19,Urban,Medium Speed (Collector),No,38.41480833,-81.79478889,Non-Intersection,Dark - Not Lighted,Clear,1:00am-1:59am,19,1:00am-1:59am,23,1:00am-1:59am,23,1,Dark - Unlighted,Clear,0,1,[],[],1,1,Valid,0.0,0.0,63.0,63.0,['Male'],0,0,3,4,4,Dry,Straight,Grade/Hillcrest,Lowest,No
36913,54,West Virginia,540145,1,1,1,0,1,WEIRTON,September,5,Tuesday,3,23,Urban,High Speed (Arterial),Yes,40.39290556,-80.55728889,Non-Intersection,Dark - Not Lighted,Clear,Unknown,Unknown,Unknown EMS Scene Arrival Hour,Unknown EMS Scene Arrival Minutes,Not Applicable (Not Transported),Not Applicable (Not Transported),1,Dark - Unlighted,Clear,0,1,[],[],0,0,Valid,2.0,0.0,46.0,46.0,['Female'],0,0,3,4,4,Dry,Straight,Level,Lowest,No
36914,54,West Virginia,540146,0,4,4,0,4,WEIRTON,September,6,Wednesday,15,55,Urban,High Speed (Arterial),Yes,40.38105,-80.60624444,Non-Intersection,Daylight,Clear,Unknown,Unknown,Unknown EMS Scene Arrival Hour,Unknown EMS Scene Arrival Minutes,Unknown,Terminated Transport,1,Daylight,Clear,1,3,['Driver'],['Shoulder_Lapbelt'],0,0,Valid,1.0,2.0,71.0,31.0,"['Male', 'Female', 'Male', 'Male']",1,0,3,4,5,Dry,Straight,Level,Lowest,No
36915,54,West Virginia,540147,0,2,2,0,3,KENOVA,September,6,Wednesday,19,59,Urban,High Speed (Arterial),Yes,38.34285833,-82.59028056,Non-Intersection,Dark - Not Lighted,Clear,8:00pm-8:59pm,12,8:00pm-8:59pm,20,8:00pm-8:59pm,55,1,Dark - Unlighted,Clear,1,2,['Driver'],['Shoulder_Lapbelt'],0,0,Invalid,0.0,0.0,44.0,22.0,"['Male', 'Female']",0,0,3,4,5,Dry,Straight,Level,Lowest,No
36916,54,West Virginia,540148,0,1,1,0,2,NOT APPLICABLE,September,6,Wednesday,19,23,Rural,Medium Speed (Collector),No,38.16591944,-81.71204167,Non-Intersection,Daylight,Clear,Unknown,Unknown,Unknown EMS Scene Arrival Hour,Unknown EMS Scene Arrival Minutes,Unknown,Unknown EMS Hospital Arrival Time,1,Daylight,Clear,1,1,['Rear_Seat'],['None_Used'],0,0,Invalid,0.0,0.0,18.0,18.0,['Male'],2,0,5,4,3,Dry,Curve,Level,Lowest,No
36917,54,West Virginia,540149,0,2,2,0,2,MOUNT NEBO,September,10,Sunday,14,40,Rural,High Speed (Arterial),Yes,38.1905,-80.8724,Non-Intersection,Daylight,Rain,2:00pm-2:59pm,43,2:00pm-2:59pm,56,3:00pm-3:59pm,13,1,Daylight,Rain/Wind/Minor,1,1,['Driver'],['Shoulder_Lapbelt'],0,0,Valid,0.0,1.0,48.0,25.0,"['Male', 'Male']",0,0,2,4,5,Wet/Standing Water,Straight,Grade/Hillcrest,Lowest,No
36918,54,West Virginia,540150,0,1,1,0,1,RUSSELLVILLE,September,12,Tuesday,6,56,Rural,Medium Speed (Collector),No,38.05330556,-80.92633056,Non-Intersection,Daylight,Clear,Unknown,Unknown,Unknown EMS Scene Arrival Hour,Unknown EMS Scene Arrival Minutes,Not Applicable (Not Transported),Not Applicable (Not Transported),1,Daylight,Clear,1,0,['Driver'],['Shoulder_Lapbelt'],0,0,Valid,0.0,0.0,16.0,16.0,['Male'],0,0,3,4,3,Dry,Curve,Level,Lowest,No
36919,54,West Virginia,540151,0,1,1,0,1,GRAFTON,September,11,Monday,19,1,Urban,Medium Speed (Collector),No,39.34213056,-79.97971944,Non-Intersection,Daylight,Clear,Unknown,Unknown,Unknown EMS Scene Arrival Hour,Unknown EMS Scene Arrival Minutes,Unknown,Unknown EMS Hospital Arrival Time,1,Daylight,Clear,1,0,['Driver'],['None_Used'],0,0,Valid,0.0,0.0,17.0,17.0,['Male'],0,0,2,4,3,Dry,Straight,Level,Lowest,No
36920,54,West Virginia,540152,0,2,2,0,2,PRICHARD,September,13,Wednesday,6,10,Rural,High Speed (Arterial),Yes,38.24336389,-82.58645556,Complex/Circle,Dark - Not Lighted,"Fog, Smog, Smoke",Unknown,Unknown,Unknown EMS Scene Arrival Hour,Unknown EMS Scene Arrival Minutes,Unknown,Unknown EMS Hospital Arrival Time,1,Dark - Unlighted,Reduced Visibility,1,1,['Driver'],['None_Used'],0,0,Valid,0.0,0.0,49.0,34.0,"['Male', 'Male']",0,0,5,4,5,Dry,Straight,Grade/Hillcrest,Lowest,No
36921,54,West Virginia,540153,0,2,2,0,4,NOT APPLICABLE,September,14,Thursday,6,24,Rural,Medium Speed (Collector),No,39.24846389,-81.61407778,Non-Intersection,Dark - Not Lighted,Clear,6:00am-6:59am,27,6:00am-6:59am,32,6:00am-6:59am,50,1,Dark - Unlighted,Clear,1,3,['Driver'],['None_Used'],1,1,Invalid,0.0,0.0,33.0,32.0,"['Female', 'Female']",0,0,3,4,5,Dry,Curve,Level,Lowest,No
36922,54,West Virginia,540154,0,2,2,0,2,GRAFTON,September,15,Friday,16,17,Rural,Medium Speed (Collector),No,39.37803056,-80.03106944,Non-Intersection,Daylight,Clear,Unknown,Unknown,Unknown EMS Scene Arrival Hour,Unknown EMS Scene Arrival Minutes,Not Applicable (Not Transported),Not Applicable (Not Transported),1,Daylight,Clear,1,1,['Driver'],['None_Used'],0,0,Valid,0.0,0.0,71.0,51.0,"['Male', 'Female']",0,0,5,4,5,Dry,Straight,Level,Lowest,No
36923,54,West Virginia,540155,0,1,1,0,1,ROCK CAVE,September,16,Saturday,19,5,Rural,Low Speed (Local),No,38.77176944,-80.3184,Non-Intersection,Daylight,Clear,Unknown,Unknown,Unknown EMS Scene Arrival Hour,Unknown EMS Scene Arrival Minutes,Not Applicable (Not Transported),Not Applicable (Not Transported),1,Daylight,Clear,1,0,['Driver'],['Shoulder_Lapbelt'],0,0,Valid,0.0,0.0,71.0,71.0,['Female'],0,0,3,4,3,Dry,Straight,Level,Lowest,No
36924,54,West Virginia,540156,0,3,3,0,4,HARTS,September,17,Sunday,20,21,Rural,Medium Speed (Collector),No,38.03101111,-82.12964722,Non-Intersection,Dark - Lighted,Clear,8:00pm-8:59pm,13,8:00pm-8:59pm,20,9:00pm-9:59pm,10,1,Dark - Lighted,Clear,1,3,['Driver'],['None_Used'],0,0,Valid,0.0,0.0,64.0,17.0,"['Male', 'Female', 'Male']",0,0,5,4,5,Dry,Straight,Level,Lowest,Yes
36925,54,West Virginia,540157,0,1,1,0,2,POINT PLEASANT,September,18,Monday,14,30,Rural,Medium Speed (Collector),No,38.83936389,-82.13078889,Non-Intersection,Daylight,Clear,Unknown,Unknown,Unknown EMS Scene Arrival Hour,Unknown EMS Scene Arrival Minutes,Unknown,Unknown EMS Hospital Arrival Time,1,Daylight,Clear,1,1,['Driver'],['Lapbelt_Only'],0,0,Valid,0.0,0.0,64.0,64.0,['Male'],0,0,3,4,2,Dry,Straight,Grade/Hillcrest,Medium,No
36926,54,West Virginia,540158,0,2,2,0,4,FAIRMONT,September,29,Friday,17,10,Urban,High Speed (Arterial),Yes,39.45851667,-80.14389722,Non-Intersection,Daylight,Clear,Unknown,Unknown,Unknown EMS Scene Arrival Hour,Unknown EMS Scene Arrival Minutes,Unknown,Unknown EMS Hospital Arrival Time,1,Daylight,Clear,1,3,['Front_Passenger'],['Shoulder_Lapbelt'],0,0,Valid,0.0,0.0,80.0,39.0,"['Male', 'Female']",0,0,3,4,5,Dry,Straight,Grade/Hillcrest,Lowest,No
36927,54,West Virginia,540159,0,2,2,0,2,MORGANTOWN,September,15,Friday,3,54,Rural,Medium Speed (Collector),No,39.61828333,-80.02003889,Non-Intersection,Dark - Not Lighted,Clear,Unknown,Unknown,Unknown EMS Scene Arrival Hour,Unknown EMS Scene Arrival Minutes,Unknown,Unknown EMS Hospital Arrival Time,1,Dark - Unlighted,Clear,1,1,['Driver'],['None_Used'],1,1,Invalid,1.0,1.0,49.0,30.0,"['Male', 'Male']",0,0,4,4,5,Dry,Curve,Grade/Hillcrest,Lowest,No
36928,54,West Virginia,540160,0,1,1,0,1,MILL POINT,September,19,Tuesday,13,34,Rural,High Speed (Arterial),Yes,38.16305833,-80.17059444,Non-Intersection,Daylight,Clear,Unknown,Unknown,Unknown EMS Scene Arrival Hour,Unknown EMS Scene Arrival Minutes,Unknown,Unknown EMS Hospital Arrival Time,1,Daylight,Clear,1,0,['Driver'],['None_Used'],0,0,Valid,0.0,0.0,58.0,58.0,['Male'],0,0,5,4,2,Dry,Curve,Level,Lowest,No
36929,54,West Virginia,540161,0,2,2,0,4,SOUTH CHARLESTON,September,21,Thursday,16,5,Urban,High Speed (Arterial),Yes,38.29715556,-81.74803611,Simple Junction,Daylight,Clear,4:00pm-4:59pm,9,4:00pm-4:59pm,12,4:00pm-4:59pm,45,1,Daylight,Clear,1,3,['Driver'],['Shoulder_Lapbelt'],1,1,Valid,0.0,0.0,46.0,22.0,"['Male', 'Male']",0,0,2,4,5,Dry,Straight,Level,Lowest,No
36930,54,West Virginia,540162,0,2,2,0,2,PARKERSBURG,September,22,Friday,20,33,Urban,High Speed (Arterial),Yes,39.28752222,-81.54628056,Non-Intersection,Dark - Lighted,Cloudy,Unknown,Unknown,Unknown EMS Scene Arrival Hour,Unknown EMS Scene Arrival Minutes,Unknown,Unknown EMS Hospital Arrival Time,1,Dark - Lighted,Reduced Visibility,1,1,['Driver'],['None_Used'],0,0,Valid,0.0,1.0,32.0,18.0,"['Male', 'Male']",0,0,5,4,5,Dry,Straight,Level,Medium,No
36931,54,West Virginia,540163,0,2,2,0,7,BARBOURSVILLE,September,23,Saturday,14,23,Urban,Medium Speed (Collector),No,38.36473611,-82.32162222,Non-Intersection,Daylight,Cloudy,Unknown,Unknown,Unknown EMS Scene Arrival Hour,Unknown EMS Scene Arrival Minutes,Unknown,Unknown EMS Hospital Arrival Time,1,Daylight,Reduced Visibility,1,6,['Driver'],['None_Used'],0,0,Invalid,0.0,2.0,50.0,37.0,"['Male', 'Male']",0,0,3,4,5,Dry,Curve,Level,Lowest,No
36932,54,West Virginia,540164,0,1,1,0,1,PRINCETON,September,23,Saturday,13,41,Urban,Medium Speed (Collector),No,37.39415556,-81.08875,Non-Intersection,Daylight,Clear,Unknown,Unknown,Unknown EMS Scene Arrival Hour,Unknown EMS Scene Arrival Minutes,Not Applicable (Not Transported),Not Applicable (Not Transported),1,Daylight,Clear,1,0,['Driver'],['None_Used'],0,0,Valid,0.0,0.0,20.0,20.0,['Male'],1,0,5,4,3,Wet/Standing Water,Curve,Grade/Hillcrest,Lowest,No
36933,54,West Virginia,540165,0,2,2,0,4,LESAGE,September,25,Monday,16,4,Urban,High Speed (Arterial),Yes,38.50721111,-82.29851111,Non-Intersection,Daylight,Cloudy,Unknown,Unknown,Unknown EMS Scene Arrival Hour,Unknown EMS Scene Arrival Minutes,Unknown,Unknown EMS Hospital Arrival Time,1,Daylight,Reduced Visibility,1,3,['Driver'],['None_Used'],0,0,Valid,0.0,1.0,62.0,44.0,"['Male', 'Male']",0,0,5,4,5,Dry,Straight,Level,Lowest,No
36934,54,West Virginia,540166,0,2,2,0,2,NOT APPLICABLE,September,27,Wednesday,7,24,Urban,High Speed (Arterial),No,39.59833333,-77.929025,Non-Intersection,Daylight,Cloudy,Unknown,Unknown,Unknown EMS Scene Arrival Hour,Unknown EMS Scene Arrival Minutes,Unknown,Unknown EMS Hospital Arrival Time,1,Daylight,Reduced Visibility,1,1,['Driver'],['Shoulder_Lapbelt'],0,0,Valid,0.0,0.0,55.0,52.0,"['Female', 'Female']",0,0,3,4,5,Dry,Straight,Grade/Hillcrest,Lowest,No
36935,54,West Virginia,540167,0,3,3,0,10,CAPON BRIDGE,September,27,Wednesday,5,42,Rural,High Speed (Arterial),No,39.29574444,-78.40655278,Non-Intersection,Dark - Not Lighted,Rain,5:00am-5:59am,50,5:00am-5:59am,52,6:00am-6:59am,55,1,Dark - Unlighted,Rain/Wind/Minor,1,9,['Driver'],['Shoulder_Lapbelt'],0,0,Valid,0.0,0.0,59.0,25.0,"['Male', 'Male', 'Male']",0,0,2,4,5,Wet/Standing Water,Straight,Grade/Hillcrest,Lowest,No
36936,54,West Virginia,540168,0,1,1,0,1,PROCIOUS,August,31,Thursday,5,0,Rural,Medium Speed (Collector),No,38.49946667,-81.18725278,Non-Intersection,Dark - Not Lighted,Clear,Unknown,Unknown,Unknown EMS Scene Arrival Hour,Unknown EMS Scene Arrival Minutes,Unknown,Unknown EMS Hospital Arrival Time,1,Dark - Unlighted,Clear,1,0,['Driver'],['Shoulder_Lapbelt'],0,0,Valid,0.0,1.0,45.0,45.0,['Male'],0,0,3,4,2,Dry,Straight,Level,Lowest,No
36937,54,West Virginia,540169,0,2,2,0,2,WELLSBURG,October,1,Sunday,7,43,Urban,High Speed (Arterial),Yes,40.28708333,-80.60807778,Simple Junction,Daylight,"Fog, Smog, Smoke",Unknown,Unknown,Unknown EMS Scene Arrival Hour,Unknown EMS Scene Arrival Minutes,Unknown,Unknown EMS Hospital Arrival Time,1,Daylight,Reduced Visibility,1,1,['Driver'],['None_Used'],1,1,Valid,0.0,0.0,89.0,37.0,"['Male', 'Male']",0,0,5,4,5,Dry,Straight,Level,Lowest,No
36938,54,West Virginia,540170,1,1,1,0,1,WALLACE,October,2,Monday,6,27,Rural,Medium Speed (Collector),No,39.41257222,-80.49023611,Non-Intersection,Dark - Not Lighted,"Fog, Smog, Smoke",Unknown,Unknown,Unknown EMS Scene Arrival Hour,Unknown EMS Scene Arrival Minutes,Unknown,Terminated Transport,1,Dark - Unlighted,Reduced Visibility,0,1,[],[],0,0,Valid,0.0,0.0,55.0,55.0,['Female'],0,0,3,2,4,Dry,Straight,Level,Lowest,No
36939,54,West Virginia,540171,0,2,2,0,3,NOT APPLICABLE,October,4,Wednesday,10,7,Rural,High Speed (Arterial),Yes,39.2975,-80.59828611,Complex/Circle,Daylight,Clear,Unknown,Unknown,Unknown EMS Scene Arrival Hour,Unknown EMS Scene Arrival Minutes,Unknown,Unknown EMS Hospital Arrival Time,1,Daylight,Clear,1,2,['Front_Passenger'],['None_Used'],0,0,Valid,0.0,0.0,71.0,36.0,"['Female', 'Female']",0,0,3,4,5,Dry,Straight,Grade/Hillcrest,Medium,No
36940,54,West Virginia,540172,0,2,2,0,2,BERWIND,October,4,Wednesday,12,13,Rural,Medium Speed (Collector),No,37.28586111,-81.66154167,Simple Junction,Daylight,Clear,Unknown,Unknown,Unknown EMS Scene Arrival Hour,Unknown EMS Scene Arrival Minutes,Unknown,Unknown EMS Hospital Arrival Time,1,Daylight,Clear,1,1,['Driver'],['Shoulder_Lapbelt'],0,0,Valid,0.0,0.0,88.0,54.0,"['Male', 'Male']",0,0,4,4,5,Dry,Straight,Grade/Hillcrest,Lowest,No
36941,54,West Virginia,540173,0,1,1,0,2,SISSONVILLE,October,7,Saturday,23,5,Rural,Low Speed (Local),No,38.495475,-81.64516389,Non-Intersection,Dark - Not Lighted,Clear,11:00pm-11:59pm,11,11:00pm-11:59pm,25,0:00am-0:59am,9,1,Dark - Unlighted,Clear,1,1,['Front_Passenger'],['None_Used'],1,1,Valid,0.0,0.0,27.0,27.0,['Male'],0,0,3,4,3,Dry,Curve,Level,Lowest,No
36942,54,West Virginia,540174,0,2,2,0,4,MILTON,October,13,Friday,22,35,Urban,High Speed (Arterial),Yes,38.44010556,-82.14349444,Non-Intersection,Dark - Not Lighted,Clear,Unknown,Unknown,Unknown EMS Scene Arrival Hour,Unknown EMS Scene Arrival Minutes,Unknown,Unknown EMS Hospital Arrival Time,1,Dark - Unlighted,Clear,1,3,['Front_Passenger'],['Shoulder_Lapbelt'],0,0,Valid,1.0,1.0,60.0,21.0,"['Male', 'Male']",2,0,3,4,5,Dry,Straight,Level,Lowest,No
36943,54,West Virginia,540175,0,1,1,0,1,NOT APPLICABLE,October,15,Sunday,10,20,Rural,Medium Speed (Collector),No,39.65809167,-78.1273,Non-Intersection,Daylight,Cloudy,Unknown,Unknown,Unknown EMS Scene Arrival Hour,Unknown EMS Scene Arrival Minutes,Unknown,Unknown EMS Hospital Arrival Time,1,Daylight,Reduced Visibility,1,0,['Driver'],['None_Used'],0,0,Valid,0.0,0.0,61.0,61.0,['Male'],1,0,5,2,1,Wet/Standing Water,Straight,Level,Lowest,No
36944,54,West Virginia,540176,0,1,1,0,1,NOT APPLICABLE,October,15,Sunday,16,12,Rural,Low Speed (Local),No,39.6694,-78.16419722,Non-Intersection,Daylight,Clear,Unknown,Unknown,Unknown EMS Scene Arrival Hour,Unknown EMS Scene Arrival Minutes,Not Applicable (Not Transported),Not Applicable (Not Transported),1,Daylight,Clear,1,0,['Driver'],['Shoulder_Lapbelt'],1,1,Valid,0.0,0.0,50.0,50.0,['Male'],0,0,2,4,3,Dry,Curve,Grade/Hillcrest,Lowest,No
36945,54,West Virginia,540177,0,1,1,0,1,CLARKSBURG,October,16,Monday,1,55,Rural,Low Speed (Local),No,39.28041667,-80.31406389,Non-Intersection,Dark - Not Lighted,Clear,Unknown,Unknown,Unknown EMS Scene Arrival Hour,Unknown EMS Scene Arrival Minutes,Unknown,Terminated Transport,1,Dark - Unlighted,Clear,1,0,['Driver'],['None_Used'],0,0,Invalid,0.0,0.0,27.0,27.0,['Male'],1,0,5,4,2,Dry,Curve,Level,Lowest,No
36946,54,West Virginia,540178,0,1,1,0,1,ARNOLDSBURG,October,20,Friday,3,30,Rural,Medium Speed (Collector),No,38.77409722,-81.10381389,Non-Intersection,Dark - Not Lighted,Rain,4:00am-4:59am,40,4:00am-4:59am,52,Not Applicable (Not Transported),Not Applicable (Not Transported),1,Dark - Unlighted,Rain/Wind/Minor,1,0,['Driver'],['None_Used'],0,0,Invalid,0.0,0.0,39.0,39.0,['Female'],1,0,3,4,3,Wet/Standing Water,Straight,Level,Lowest,No
36947,54,West Virginia,540179,0,2,2,0,5,KERMIT,October,20,Friday,12,50,Rural,High Speed (Arterial),Yes,37.81931944,-82.3875,Non-Intersection,Daylight,Rain,Unknown,Unknown,Unknown EMS Scene Arrival Hour,Unknown EMS Scene Arrival Minutes,Unknown,Unknown EMS Hospital Arrival Time,1,Daylight,Rain/Wind/Minor,1,4,['Driver'],['None_Used'],0,0,Valid,0.0,0.0,78.0,35.0,"['Male', 'Female']",3,0,3,4,5,Wet/Standing Water,Curve,Grade/Hillcrest,Lowest,No
36948,54,West Virginia,540180,0,2,2,0,2,WALKER,October,21,Saturday,17,0,Rural,Medium Speed (Collector),No,39.15065556,-81.43434167,Non-Intersection,Daylight,Rain,5:00pm-5:59pm,21,5:00pm-5:59pm,33,6:00pm-6:59pm,10,1,Daylight,Rain/Wind/Minor,1,1,['Driver'],['None_Used'],1,1,Invalid,0.0,0.0,20.0,20.0,"['Male', 'Female']",1,0,5,4,5,Wet/Standing Water,Curve,Grade/Hillcrest,Lowest,No
36949,54,West Virginia,540181,0,2,2,0,2,GLASGOW,October,23,Monday,7,48,Rural,High Speed (Arterial),Yes,38.21418333,-81.38169722,Non-Intersection,Daylight,Clear,7:00am-7:59am,50,7:00am-7:59am,55,9:00am-9:59am,11,1,Daylight,Clear,1,1,['Driver'],['None_Used'],0,0,Valid,0.0,0.0,52.0,19.0,"['Male', 'Male']",0,0,2,4,5,Dry,Curve,Level,Lowest,No
36950,54,West Virginia,540182,0,2,2,0,2,FRAZIERS BOTTOM,October,25,Wednesday,17,4,Rural,High Speed (Arterial),Yes,38.5487,-81.9802,Complex/Circle,Daylight,Clear,5:00pm-5:59pm,20,5:00pm-5:59pm,37,Unknown,Unknown EMS Hospital Arrival Time,1,Daylight,Clear,1,1,['Driver'],['None_Used'],0,0,Valid,0.0,0.0,81.0,57.0,"['Male', 'Male']",0,0,3,4,5,Dry,Straight,Level,Lowest,No
36951,54,West Virginia,540183,0,1,1,0,1,ATHENS,October,25,Wednesday,10,47,Urban,High Speed (Arterial),Yes,37.41971389,-81.06614722,Non-Intersection,Daylight,Clear,Unknown,Unknown,Unknown EMS Scene Arrival Hour,Unknown EMS Scene Arrival Minutes,Not Applicable (Not Transported),Not Applicable (Not Transported),1,Daylight,Clear,1,0,['Driver'],['None_Used'],0,0,Invalid,0.0,1.0,39.0,39.0,['Male'],0,0,3,4,3,Dry,Straight,Level,Lowest,No