,State_Code,State_Name,Crash_ID,Count_Non_Motorists,Count_Vehicles_Total,Count_Vehicle_Forms,Count_PVH_Involved,Count_Occupants_MV,City_Name,Month_Name,Day_of_Month,Day_of_Week,Crash_Hour,Crash_Minute,Area_Rural_Urban,Road_Functional_Class,On_NHS_Road,Latitude,Longitude,Intersection_Type,Light_Condition,Weather_Condition,Notif_Hour,Notif_Minute,Arrival_Hour,Arrival_Minute,Hospital_Hour,Hospital_Minute,Fatalities_Count,Clean_Light_Condition,Clean_Weather_Condition,Total_Killed,Total_Alive,Fatal_Seats_List,Killed_Restraint_List,Any_Driver_Drinking,Total_Drinking_Drivers,Driver_License_Category,Driver_Max_Prev_Accident_Count,Driver_Max_Prev_Speeding_Count,Max_Driver_Age,Min_Driver_Age,Driver_Sex_List,Total_Exceeding_Limit_Vehicles,Total_Too_Fast_Vehicles,Max_Vehicle_Type_Severity_5,Max_Vehicle_Damage_Rank,Max_Harmful_Event_Severity,Crash_Road_Surface_Condition,Crash_Horizontal_Alignment,Crash_Vertical_Profile,Crash_Impairment_Category,Crash_Vehicle_Defect
36952,54,West Virginia,540184,0,1,1,0,3,BRIDGEPORT,October,27,Friday,23,19,Rural,Medium Speed (Collector),No,39.3287,-80.2886,Non-Intersection,Dark - Not Lighted,Clear,11:00pm-11:59pm,26,11:00pm-11:59pm,36,Not Applicable (Not Transported),Not Applicable (Not Transported),3,Dark - Unlighted,Clear,3,0,"['Driver', 'Front_Passenger', 'Rear_Seat']","['Shoulder_Lapbelt', 'Shoulder_Lapbelt', 'Shoulder_Lapbelt']",0,0,Valid,0.0,1.0,27.0,27.0,['Male'],3,0,2,4,3,Dry,Curve,Grade/Hillcrest,Lowest,No
36953,54,West Virginia,540185,0,2,2,0,2,NITRO,October,24,Tuesday,9,0,Urban,High Speed (Arterial),Yes,38.39238056,-81.82338056,Non-Intersection,Daylight,Clear,Unknown,Unknown,Unknown EMS Scene Arrival Hour,Unknown EMS Scene Arrival Minutes,Unknown,Unknown EMS Hospital Arrival Time,1,Daylight,Clear,1,1,['Driver'],['None_Used'],0,0,Valid,0.0,2.0,77.0,23.0,"['Female', 'Male']",0,0,2,4,5,Dry,Straight,Non-Trafficway,Lowest,No
36954,54,West Virginia,540186,0,2,2,0,2,GALLIPOLIS FERRY,July,11,Tuesday,15,55,Rural,High Speed (Arterial),Yes,38.74155,-82.18361389,Non-Intersection,Daylight,Clear,Unknown,Unknown,Unknown EMS Scene Arrival Hour,Unknown EMS Scene Arrival Minutes,Not Applicable (Not Transported),Not Applicable (Not Transported),1,Daylight,Clear,1,1,['Driver'],['Shoulder_Lapbelt'],0,0,Valid,0.0,0.0,48.0,48.0,"['Male', 'Male']",0,0,4,4,5,Dry,Straight,Level,Lowest,No
36955,54,West Virginia,540187,1,1,1,0,1,JEFFREY,August,19,Saturday,16,0,Rural,Medium Speed (Collector),No,37.97461667,-81.82069722,Non-Intersection,Daylight,Clear,4:00pm-4:59pm,4,4:00pm-4:59pm,55,Not Applicable (Not Transported),Not Applicable (Not Transported),1,Daylight,Clear,0,1,[],[],0,0,Valid,0.0,0.0,56.0,56.0,['Male'],0,0,3,3,4,Dry,Curve,Level,Lowest,No
36956,54,West Virginia,540188,0,2,2,0,5,PINEVILLE,October,30,Monday,11,45,Rural,High Speed (Arterial),Yes,37.55455278,-81.54466111,Non-Intersection,Daylight,Cloudy,Unknown,Unknown,Unknown EMS Scene Arrival Hour,Unknown EMS Scene Arrival Minutes,Unknown,Unknown EMS Hospital Arrival Time,1,Daylight,Reduced Visibility,1,4,['Driver'],['None_Used'],0,0,Valid,0.0,0.0,62.0,58.0,"['Male', 'Male']",2,0,3,4,5,Wet/Standing Water,Curve,Grade/Hillcrest,Medium,No
36957,54,West Virginia,540189,0,1,1,0,1,NOT APPLICABLE,July,20,Thursday,2,35,Rural,High Speed (Arterial),Yes,39.51623333,-80.05745556,Non-Intersection,Dark - Not Lighted,Clear,Unknown,Unknown,Unknown EMS Scene Arrival Hour,Unknown EMS Scene Arrival Minutes,Not Applicable (Not Transported),Not Applicable (Not Transported),1,Dark - Unlighted,Clear,1,0,['Driver'],['None_Used'],0,0,Valid,0.0,0.0,35.0,35.0,['Male'],0,0,5,4,1,Dry,Curve,Level,Lowest,No
36958,54,West Virginia,540190,0,2,2,0,3,BLOOMERY,August,8,Tuesday,13,8,Rural,Medium Speed (Collector),No,39.4018,-78.4496,Non-Intersection,Daylight,Clear,1:00pm-1:59pm,37,2:00pm-2:59pm,36,Unknown,Unknown EMS Hospital Arrival Time,2,Daylight,Clear,2,1,"['Driver', 'Front_Passenger']","['Shoulder_Lapbelt', 'Shoulder_Lapbelt']",0,0,Valid,0.0,0.0,86.0,67.0,"['Male', 'Female']",1,0,3,4,5,Dry,Curve,Level,Lowest,No
36959,54,West Virginia,540191,0,1,1,0,1,WAITEVILLE,September,23,Saturday,21,3,Rural,Medium Speed (Collector),No,37.5156,-80.3857,Non-Intersection,Dark - Not Lighted,Rain,8:00pm-8:59pm,38,9:00pm-9:59pm,3,Not Applicable (Not Transported),Not Applicable (Not Transported),1,Dark - Unlighted,Rain/Wind/Minor,1,0,['Driver'],['Shoulder_Lapbelt'],0,0,Valid,0.0,0.0,18.0,18.0,['Male'],1,0,3,4,3,Wet/Standing Water,Curve,Level,Lowest,No
36960,54,West Virginia,540192,1,1,1,0,1,FAIRLEA,November,1,Wednesday,20,17,Urban,High Speed (Arterial),Yes,37.78702778,-80.4534,Non-Intersection,Dark - Lighted,Clear,Unknown,Unknown,Unknown EMS Scene Arrival Hour,Unknown EMS Scene Arrival Minutes,Not Applicable (Not Transported),Not Applicable (Not Transported),1,Dark - Lighted,Clear,0,1,[],[],0,0,Valid,0.0,0.0,61.0,61.0,['Female'],0,0,3,4,4,Dry,Straight,Level,Lowest,No
36961,54,West Virginia,540193,0,2,2,0,5,MINERAL WELLS,November,4,Saturday,1,37,Urban,Medium Speed (Collector),No,39.16790278,-81.53691389,Non-Intersection,Dark - Not Lighted,Clear,1:00am-1:59am,40,1:00am-1:59am,50,2:00am-2:59am,22,1,Dark - Unlighted,Clear,1,4,['Front_Passenger'],['Shoulder_Lapbelt'],1,1,Valid,0.0,0.0,37.0,25.0,"['Male', 'Male']",3,0,3,4,5,Dry,Straight,Grade/Hillcrest,Lowest,No
36962,54,West Virginia,540194,0,1,1,0,7,NOT APPLICABLE,November,4,Saturday,16,45,Rural,Medium Speed (Collector),No,39.28843611,-78.39821944,Non-Intersection,Daylight,Clear,Unknown,Unknown,Unknown EMS Scene Arrival Hour,Unknown EMS Scene Arrival Minutes,Unknown,Unknown EMS Hospital Arrival Time,1,Daylight,Clear,1,6,['Driver'],['Shoulder_Lapbelt'],0,0,Valid,0.0,0.0,38.0,38.0,['Male'],0,0,3,4,3,Dry,Straight,Level,Lowest,No
36963,54,West Virginia,540195,1,1,1,0,1,FAIRLEA,November,6,Monday,4,41,Urban,High Speed (Arterial),Yes,37.77438333,-80.46105556,Non-Intersection,Dark - Not Lighted,Clear,Unknown,Unknown,Unknown EMS Scene Arrival Hour,Unknown EMS Scene Arrival Minutes,Not Applicable (Not Transported),Not Applicable (Not Transported),1,Dark - Unlighted,Clear,0,1,[],[],0,0,Valid,0.0,0.0,67.0,67.0,['Male'],0,0,3,4,4,Dry,Straight,Level,Lowest,No
36964,54,West Virginia,540196,0,2,2,0,2,LESAGE,November,6,Monday,5,40,Rural,High Speed (Arterial),Yes,38.52269722,-82.2976,Non-Intersection,Dark - Not Lighted,Cloudy,5:00am-5:59am,42,5:00am-5:59am,56,6:00am-6:59am,35,1,Dark - Unlighted,Reduced Visibility,1,1,['Driver'],['Shoulder_Lapbelt'],0,0,Valid,0.0,1.0,59.0,34.0,"['Male', 'Male']",1,0,2,4,5,Dry,Curve,Level,Lowest,No
36965,54,West Virginia,540197,0,2,2,0,2,MORGANTOWN,November,9,Thursday,15,8,Rural,Low Speed (Local),No,39.68578889,-80.12123333,Non-Intersection,Daylight,Clear,Unknown,Unknown,Unknown EMS Scene Arrival Hour,Unknown EMS Scene Arrival Minutes,Unknown,Unknown EMS Hospital Arrival Time,1,Daylight,Clear,1,1,['Driver'],['None_Used'],1,1,Valid,0.0,0.0,38.0,29.0,"['Male', 'Male']",1,0,5,4,5,Dry,Curve,Level,Lowest,No
36966,54,West Virginia,540198,0,1,1,0,1,MORGANTOWN,November,11,Saturday,9,24,Urban,Medium Speed (Collector),No,39.59310278,-79.96331111,Non-Intersection,Daylight,Clear,Unknown,Unknown,Unknown EMS Scene Arrival Hour,Unknown EMS Scene Arrival Minutes,Not Applicable (Not Transported),Not Applicable (Not Transported),1,Daylight,Clear,1,0,['Driver'],['Shoulder_Lapbelt'],1,1,Valid,0.0,0.0,42.0,42.0,['Male'],0,0,3,3,2,Dry,Curve,Level,Lowest,No
36967,54,West Virginia,540199,0,2,2,0,2,PARKERSBURG,November,13,Monday,18,59,Rural,High Speed (Arterial),Yes,39.31449444,-81.46764167,Non-Intersection,Dark - Not Lighted,Clear,7:00pm-7:59pm,4,7:00pm-7:59pm,16,7:00pm-7:59pm,32,1,Dark - Unlighted,Clear,1,1,['Driver'],['Shoulder_Lapbelt'],0,0,Valid,1.0,0.0,51.0,19.0,"['Male', 'Male']",1,0,3,4,5,Dry,Curve,Grade/Hillcrest,Lowest,No
36968,54,West Virginia,540200,2,1,1,0,1,DANVILLE,November,20,Monday,20,14,Rural,High Speed (Arterial),Yes,38.102675,-81.841675,Non-Intersection,Dark - Lighted,Clear,Unknown,Unknown,Unknown EMS Scene Arrival Hour,Unknown EMS Scene Arrival Minutes,Unknown,Unknown EMS Hospital Arrival Time,1,Dark - Lighted,Clear,0,1,[],[],0,0,Valid,0.0,0.0,74.0,74.0,['Female'],0,0,3,4,4,Dry,Straight,Level,Lowest,No
36969,54,West Virginia,540201,0,3,3,0,4,ATHENS,November,25,Saturday,3,33,Urban,Medium Speed (Collector),No,37.42173333,-81.01578333,Non-Intersection,Dark - Not Lighted,Clear,Unknown,Unknown,Unknown EMS Scene Arrival Hour,Unknown EMS Scene Arrival Minutes,Unknown,Unknown EMS Hospital Arrival Time,1,Dark - Unlighted,Clear,1,3,['Driver'],['None_Used'],1,1,Valid,0.0,4.0,31.0,16.0,"['Male', 'Male', 'Female']",0,0,5,4,5,Dry,Straight,Grade/Hillcrest,Lowest,No
36970,54,West Virginia,540202,0,1,1,0,1,GRAFTON,November,29,Wednesday,17,48,Urban,Medium Speed (Collector),No,39.35191667,-80.03799167,Non-Intersection,Dark - Lighted,Clear,Unknown,Unknown,Unknown EMS Scene Arrival Hour,Unknown EMS Scene Arrival Minutes,Not Applicable (Not Transported),Not Applicable (Not Transported),1,Dark - Lighted,Clear,1,0,['Driver'],['Shoulder_Lapbelt'],0,0,Valid,0.0,0.0,53.0,53.0,['Male'],0,0,3,4,2,Dry,Curve,Level,Lowest,No
36971,54,West Virginia,540203,0,2,2,0,2,NOT APPLICABLE,November,29,Wednesday,23,45,Urban,High Speed (Arterial),Yes,39.48629444,-80.09588611,Non-Intersection,Dark - Lighted,Clear,Unknown,Unknown,Unknown EMS Scene Arrival Hour,Unknown EMS Scene Arrival Minutes,Not Applicable (Not Transported),Not Applicable (Not Transported),1,Dark - Lighted,Clear,1,1,['Driver'],['None_Used'],1,1,Valid,0.0,0.0,79.0,33.0,"['Male', 'Male']",0,0,4,4,5,Dry,Straight,Grade/Hillcrest,Lowest,No
36972,54,West Virginia,540204,0,1,1,0,3,CEDAR GROVE,November,30,Thursday,15,0,Urban,Medium Speed (Collector),No,38.22983333,-81.42003333,Non-Intersection,Daylight,Clear,3:00pm-3:59pm,6,3:00pm-3:59pm,9,3:00pm-3:59pm,29,1,Daylight,Clear,1,2,['Driver'],['None_Used'],0,0,Valid,0.0,0.0,63.0,63.0,['Female'],0,0,3,4,3,Dry,Curve,Level,Lowest,No
36973,54,West Virginia,540205,0,1,1,0,1,KERMIT,October,19,Thursday,14,6,Rural,Medium Speed (Collector),No,37.88525,-82.33681389,Non-Intersection,Daylight,Clear,Unknown,Unknown,Unknown EMS Scene Arrival Hour,Unknown EMS Scene Arrival Minutes,Not Applicable (Not Transported),Not Applicable (Not Transported),1,Daylight,Clear,1,0,['Driver'],['None_Used'],0,0,Valid,0.0,0.0,84.0,84.0,['Male'],0,0,5,4,3,Dry,Straight,Level,Lowest,No
36974,54,West Virginia,540206,0,1,1,0,2,HAZELGREEN,November,9,Thursday,18,0,Rural,Medium Speed (Collector),No,39.08761389,-81.00098333,Non-Intersection,Dark - Not Lighted,Rain,Unknown,Unknown,Unknown EMS Scene Arrival Hour,Unknown EMS Scene Arrival Minutes,Unknown,Unknown EMS Hospital Arrival Time,1,Dark - Unlighted,Rain/Wind/Minor,1,1,['Front_Passenger'],['None_Used'],0,0,Valid,0.0,0.0,66.0,66.0,['Female'],2,0,3,4,3,Wet/Standing Water,Curve,Level,Lowest,No
36975,54,West Virginia,540207,0,1,1,0,2,RIPPON,December,3,Sunday,11,52,Rural,High Speed (Arterial),Yes,39.19320833,-77.91801944,Non-Intersection,Daylight,Cloudy,8:00am-8:59am,26,8:00am-8:59am,37,9:00am-9:59am,40,1,Daylight,Reduced Visibility,1,1,['Driver'],['Shoulder_Lapbelt'],0,0,Invalid,0.0,0.0,24.0,24.0,['Male'],0,0,2,4,3,Wet/Standing Water,Curve,Grade/Hillcrest,Lowest,No
36976,54,West Virginia,540208,0,2,2,0,2,NOT APPLICABLE,December,5,Tuesday,16,15,Rural,Medium Speed (Collector),No,39.28643889,-78.89753056,Simple Junction,Daylight,Rain,Unknown,Unknown,Unknown EMS Scene Arrival Hour,Unknown EMS Scene Arrival Minutes,Not Applicable (Not Transported),Not Applicable (Not Transported),1,Daylight,Rain/Wind/Minor,1,1,['Driver'],['None_Used'],0,0,Valid,0.0,0.0,55.0,51.0,"['Male', 'Male']",0,0,4,4,5,Wet/Standing Water,Curve,Level,Lowest,No
36977,54,West Virginia,540209,0,1,1,0,1,PETERSBURG,December,7,Thursday,19,28,Rural,Medium Speed (Collector),No,39.02733889,-79.12763056,Non-Intersection,Dark - Lighted,Clear,Unknown,Unknown,Unknown EMS Scene Arrival Hour,Unknown EMS Scene Arrival Minutes,Unknown,Unknown EMS Hospital Arrival Time,1,Dark - Lighted,Clear,1,0,['Driver'],['Shoulder_Lapbelt'],1,1,Valid,0.0,0.0,47.0,47.0,['Male'],1,0,3,4,3,Dry,Curve,Grade/Hillcrest,Lowest,No
36978,54,West Virginia,540210,0,2,2,0,2,NOT APPLICABLE,December,9,Saturday,20,16,Rural,Low Speed (Local),No,38.49331111,-81.395,Non-Intersection,Dark - Not Lighted,Cloudy,Unknown,Unknown,Unknown EMS Scene Arrival Hour,Unknown EMS Scene Arrival Minutes,Not Applicable (Not Transported),Not Applicable (Not Transported),2,Dark - Unlighted,Reduced Visibility,2,0,"['Driver', 'Driver']","['None_Used', 'None_Used']",1,1,Valid,0.0,0.0,26.0,24.0,"['Male', 'Male']",2,0,5,4,5,Wet/Standing Water,Curve,Level,Lowest,No
36979,54,West Virginia,540211,0,2,2,0,4,NOT APPLICABLE,December,12,Tuesday,12,39,Urban,Medium Speed (Collector),No,37.818525,-81.15121111,Non-Intersection,Daylight,Clear,Unknown,Unknown,Unknown EMS Scene Arrival Hour,Unknown EMS Scene Arrival Minutes,Unknown,Unknown EMS Hospital Arrival Time,1,Daylight,Clear,1,3,['Driver'],['Shoulder_Lapbelt'],0,0,Valid,0.0,0.0,92.0,36.0,"['Female', 'Female']",0,0,3,4,5,Dry,Curve,Grade/Hillcrest,Lowest,No
36980,54,West Virginia,540212,0,2,2,0,2,NOT APPLICABLE,December,14,Thursday,7,41,Rural,High Speed (Arterial),Yes,39.63354722,-78.16753333,Non-Intersection,Daylight,Clear,Unknown,Unknown,Unknown EMS Scene Arrival Hour,Unknown EMS Scene Arrival Minutes,Unknown,Unknown EMS Hospital Arrival Time,1,Daylight,Clear,1,1,['Driver'],['Shoulder_Lapbelt'],0,0,Invalid,0.0,0.0,65.0,31.0,"['Male', 'Male']",0,0,3,4,5,Dry,Straight,Grade/Hillcrest,Lowest,No
36981,54,West Virginia,540213,0,1,1,0,1,SISSONVILLE,December,14,Thursday,23,10,Rural,High Speed (Arterial),Yes,38.53679167,-81.64425833,Non-Intersection,Dark - Not Lighted,Clear,11:00pm-11:59pm,11,11:00pm-11:59pm,22,0:00am-0:59am,36,1,Dark - Unlighted,Clear,1,0,['Driver'],['None_Used'],1,1,Valid,0.0,1.0,72.0,72.0,['Male'],0,0,2,3,2,Dry,Curve,Level,Medium,No
36982,54,West Virginia,540214,0,2,2,0,2,AUGUSTA,December,18,Monday,9,40,Rural,Medium Speed (Collector),No,39.2998,-78.60695556,Non-Intersection,Daylight,Clear,Unknown,Unknown,Unknown EMS Scene Arrival Hour,Unknown EMS Scene Arrival Minutes,Unknown,Unknown EMS Hospital Arrival Time,1,Daylight,Clear,1,1,['Driver'],['Shoulder_Lapbelt'],0,0,Valid,0.0,0.0,79.0,33.0,"['Male', 'Female']",1,0,3,4,5,Wet/Standing Water,Curve,Grade/Hillcrest,Lowest,No
36983,54,West Virginia,540215,0,1,1,0,1,WEIRTON,December,18,Monday,10,30,Rural,Low Speed (Local),No,40.40362222,-80.55485556,Non-Intersection,Daylight,Sleet or Hail,12:00pm-12:59pm,44,12:00pm-12:59pm,50,Not Applicable (Not Transported),Not Applicable (Not Transported),1,Daylight,Snow/Ice/Severe,1,0,['Driver'],['Shoulder_Lapbelt'],0,0,Valid,0.0,0.0,83.0,83.0,['Female'],0,0,2,4,3,Wet/Standing Water,Straight,Grade/Hillcrest,Lowest,No
36984,54,West Virginia,540216,0,2,2,0,2,NOT APPLICABLE,December,20,Wednesday,10,55,Rural,High Speed (Arterial),Yes,38.03365,-81.87385833,Complex/Circle,Daylight,Clear,Unknown,Unknown,Unknown EMS Scene Arrival Hour,Unknown EMS Scene Arrival Minutes,Unknown,Unknown EMS Hospital Arrival Time,1,Daylight,Clear,1,1,['Driver'],['None_Used'],0,0,Valid,0.0,0.0,76.0,37.0,"['Male', 'Female']",0,0,3,4,5,Dry,Straight,Level,Lowest,No
36985,54,West Virginia,540217,0,3,3,0,3,ALUM CREEK,December,20,Wednesday,13,22,Rural,High Speed (Arterial),Yes,38.26666944,-81.80657222,Complex/Circle,Daylight,Clear,Unknown,Unknown,Unknown EMS Scene Arrival Hour,Unknown EMS Scene Arrival Minutes,Unknown,Unknown EMS Hospital Arrival Time,1,Daylight,Clear,1,2,['Driver'],['None_Used'],0,0,Valid,0.0,0.0,75.0,49.0,"['Male', 'Female', 'Male']",0,0,3,4,5,Dry,Straight,Grade/Hillcrest,Lowest,No
36986,54,West Virginia,540218,0,4,4,0,8,NOT APPLICABLE,December,20,Wednesday,18,24,Urban,Medium Speed (Collector),No,38.22077778,-81.83460556,Non-Intersection,Dark - Not Lighted,Clear,Unknown,Unknown,Unknown EMS Scene Arrival Hour,Unknown EMS Scene Arrival Minutes,Unknown,Unknown EMS Hospital Arrival Time,2,Dark - Unlighted,Clear,2,6,"['Driver', 'Rear_Seat']","['Shoulder_Lapbelt', 'Shoulder_Lapbelt']",0,0,Valid,0.0,1.0,70.0,24.0,"['Female', 'Male', 'Male', 'Male']",3,0,3,4,5,Dry,Straight,Level,Lowest,No
36987,54,West Virginia,540219,0,1,1,0,2,NAOMA,December,21,Thursday,22,39,Rural,Medium Speed (Collector),No,37.86914722,-81.48729444,Non-Intersection,Dark - Not Lighted,Clear,Unknown,Unknown,Unknown EMS Scene Arrival Hour,Unknown EMS Scene Arrival Minutes,Unknown,Unknown EMS Hospital Arrival Time,1,Dark - Unlighted,Clear,1,1,['Front_Passenger'],['None_Used'],1,1,Invalid,0.0,0.0,50.0,50.0,['Male'],0,0,3,4,2,Dry,Straight,Level,Lowest,No
36988,54,West Virginia,540220,0,2,2,0,2,GERRARDSTOWN,December,24,Sunday,8,23,Urban,Medium Speed (Collector),No,39.39068889,-78.10786944,Non-Intersection,Dark - Not Lighted,Clear,Unknown,Unknown,Unknown EMS Scene Arrival Hour,Unknown EMS Scene Arrival Minutes,Unknown,Unknown EMS Hospital Arrival Time,2,Dark - Unlighted,Clear,2,0,"['Driver', 'Driver']","['None_Used', 'None_Used']",1,1,Valid,0.0,0.0,46.0,29.0,"['Male', 'Male']",0,0,2,4,5,Dry,Straight,Grade/Hillcrest,Lowest,No
36989,54,West Virginia,540221,0,1,1,0,3,MARTINSBURG,December,24,Sunday,17,15,Urban,Medium Speed (Collector),No,39.47148056,-77.96610833,Non-Intersection,Dark - Not Lighted,Clear,Unknown,Unknown,Unknown EMS Scene Arrival Hour,Unknown EMS Scene Arrival Minutes,Unknown,Unknown EMS Hospital Arrival Time,1,Dark - Unlighted,Clear,1,2,['Rear_Seat'],['None_Used'],0,0,Valid,0.0,0.0,49.0,49.0,['Male'],0,0,3,1,1,Dry,Straight,Grade/Hillcrest,Lowest,No
36990,54,West Virginia,540222,0,2,2,0,2,NOT APPLICABLE,December,26,Tuesday,4,37,Rural,Medium Speed (Collector),No,37.8376,-82.02567778,Non-Intersection,Dark - Not Lighted,Clear,Unknown,Unknown,Unknown EMS Scene Arrival Hour,Unknown EMS Scene Arrival Minutes,Unknown,Unknown EMS Hospital Arrival Time,1,Dark - Unlighted,Clear,1,1,['Driver'],['None_Used'],1,1,Valid,0.0,0.0,72.0,21.0,"['Male', 'Male']",0,0,3,4,5,Wet/Standing Water,Curve,Level,Lowest,Yes
36991,54,West Virginia,540223,0,1,1,0,1,SPRINGFIELD,December,26,Tuesday,17,36,Rural,Medium Speed (Collector),No,39.45076111,-78.69405833,Non-Intersection,Dark - Not Lighted,Rain,Unknown,Unknown,Unknown EMS Scene Arrival Hour,Unknown EMS Scene Arrival Minutes,Not Applicable (Not Transported),Not Applicable (Not Transported),1,Dark - Unlighted,Rain/Wind/Minor,1,0,['Driver'],['None_Used'],0,0,Valid,0.0,2.0,77.0,77.0,['Male'],0,0,4,4,3,Wet/Standing Water,Curve,Level,Lowest,No
36992,54,West Virginia,540224,0,1,1,0,2,CHARLESTON,November,10,Friday,9,35,Urban,High Speed (Arterial),Yes,38.36,-81.635,Non-Intersection,Daylight,Rain,Unknown,Unknown,Unknown EMS Scene Arrival Hour,Unknown EMS Scene Arrival Minutes,Unknown,Unknown EMS Hospital Arrival Time,1,Daylight,Rain/Wind/Minor,1,1,['Driver'],['None_Used'],0,0,Valid,0.0,1.0,46.0,46.0,['Male'],2,0,3,4,2,Wet/Standing Water,Curve,Grade/Hillcrest,Lowest,No
36993,54,West Virginia,540225,0,1,1,0,1,RUSSELLVILLE,December,10,Sunday,0,43,Rural,Medium Speed (Collector),No,38.01926944,-81.21009722,Non-Intersection,Dark - Not Lighted,Cloudy,Unknown,Unknown,Unknown EMS Scene Arrival Hour,Unknown EMS Scene Arrival Minutes,Unknown,Unknown EMS Hospital Arrival Time,1,Dark - Unlighted,Reduced Visibility,1,0,['Driver'],['Shoulder_Lapbelt'],0,0,Valid,0.0,1.0,37.0,37.0,['Male'],0,0,4,4,3,Dry,Curve,Level,Lowest,No
36994,54,West Virginia,540226,0,1,1,0,1,NOT APPLICABLE,December,14,Thursday,6,40,Rural,Medium Speed (Collector),No,40.58273889,-80.53662222,Non-Intersection,Dark - Not Lighted,Clear,Unknown,Unknown,Unknown EMS Scene Arrival Hour,Unknown EMS Scene Arrival Minutes,Unknown,Unknown EMS Hospital Arrival Time,1,Dark - Unlighted,Clear,1,0,['Driver'],['Shoulder_Lapbelt'],0,0,Valid,0.0,0.0,19.0,19.0,['Male'],0,0,3,4,3,Dry,Straight,Level,Lowest,No
36995,54,West Virginia,540227,0,1,1,0,4,DANVILLE,December,31,Sunday,1,10,Rural,Low Speed (Local),No,38.09084167,-81.95081389,Non-Intersection,Dark - Not Lighted,Rain,1:00am-1:59am,16,1:00am-1:59am,40,2:00am-2:59am,36,1,Dark - Unlighted,Rain/Wind/Minor,1,3,['Front_Passenger'],['None_Used'],0,0,Valid,0.0,0.0,23.0,23.0,['Female'],4,0,3,4,3,Wet/Standing Water,Straight,Level,Lowest,No
36996,54,West Virginia,540228,0,1,1,0,1,CHARLESTON,July,11,Tuesday,23,50,Urban,Medium Speed (Collector),No,38.35710556,-81.63925833,Non-Intersection,Dark - Lighted,Clear,Unknown,Unknown,Unknown EMS Scene Arrival Hour,Unknown EMS Scene Arrival Minutes,Unknown,Unknown EMS Hospital Arrival Time,1,Dark - Lighted,Clear,1,0,['Driver'],['None_Used'],1,1,Valid,0.0,0.0,55.0,55.0,['Male'],1,0,5,4,2,Dry,Curve,Level,Lowest,No
36997,54,West Virginia,540229,0,2,2,0,6,CHARLESTON,August,30,Wednesday,19,25,Urban,Medium Speed (Collector),No,38.359775,-81.64060556,Complex/Circle,Daylight,Clear,Unknown,Unknown,Unknown EMS Scene Arrival Hour,Unknown EMS Scene Arrival Minutes,Unknown,Unknown EMS Hospital Arrival Time,1,Daylight,Clear,1,5,['Rear_Seat'],['None_Used'],1,1,Invalid,0.0,0.0,48.0,43.0,"['Female', 'Male']",0,0,3,4,5,Dry,Straight,Level,Lowest,No
36998,54,West Virginia,540230,0,1,1,0,1,CHARLESTON,October,19,Thursday,14,4,Rural,Medium Speed (Collector),No,38.34142778,-81.70291944,Non-Intersection,Daylight,Clear,Unknown,Unknown,Unknown EMS Scene Arrival Hour,Unknown EMS Scene Arrival Minutes,Unknown,Unknown EMS Hospital Arrival Time,1,Daylight,Clear,1,0,['Driver'],['None_Used'],1,1,Valid,0.0,1.0,60.0,60.0,['Male'],1,0,3,4,3,Dry,Curve,Grade/Hillcrest,Lowest,No
36999,54,West Virginia,540231,1,1,1,0,2,LEON,October,7,Saturday,22,0,Rural,Medium Speed (Collector),No,38.73299444,-81.95298056,Non-Intersection,Dark - Not Lighted,Clear,10:00pm-10:59pm,8,10:00pm-10:59pm,18,Not Applicable (Not Transported),Not Applicable (Not Transported),1,Dark - Unlighted,Clear,0,2,[],[],0,0,Valid,0.0,1.0,24.0,24.0,['Male'],0,0,3,3,4,Dry,Curve,Level,Lowest,No
37000,54,West Virginia,540232,0,4,4,0,4,SUMMERSVILLE,October,15,Sunday,18,58,Rural,Medium Speed (Collector),No,38.32208333,-80.75187222,Non-Intersection,Daylight,Clear,Unknown,Unknown,Unknown EMS Scene Arrival Hour,Unknown EMS Scene Arrival Minutes,Unknown,Unknown EMS Hospital Arrival Time,1,Daylight,Clear,1,3,['Driver'],['Shoulder_Lapbelt'],0,0,Valid,0.0,1.0,55.0,24.0,"['Male', 'Male', 'Male', 'Male']",1,0,3,4,5,Dry,Straight,Grade/Hillcrest,Lowest,No
37001,54,West Virginia,540233,0,2,2,0,5,HUNTINGTON,October,23,Monday,18,24,Urban,Low Speed (Local),No,38.41869444,-82.42130556,Complex/Circle,Daylight,Clear,6:00pm-6:59pm,27,6:00pm-6:59pm,31,7:00pm-7:59pm,5,1,Daylight,Clear,1,4,['Rear_Seat'],['Shoulder_Lapbelt'],0,0,Invalid,0.0,0.0,68.0,46.0,"['Male', 'Male']",1,0,3,4,5,Dry,Straight,Level,Lowest,No
37002,54,West Virginia,540234,1,1,1,0,1,NOT APPLICABLE,October,30,Monday,19,0,Urban,High Speed (Arterial),Yes,38.20288611,-81.48100833,Non-Intersection,Daylight,Not Reported,12:00pm-12:59pm,5,12:00pm-12:59pm,13,Not Applicable (Not Transported),Not Applicable (Not Transported),1,Daylight,Clear,0,0,[],[],0,0,Invalid,1.0,0.0,55.0,55.0,['Male'],0,0,3,3,4,Dry,Straight,Level,Lowest,No