,State_Code,State_Name,Crash_ID,Count_Non_Motorists,Count_Vehicles_Total,Count_Vehicle_Forms,Count_PVH_Involved,Count_Occupants_MV,City_Name,Month_Name,Day_of_Month,Day_of_Week,Crash_Hour,Crash_Minute,Area_Rural_Urban,Road_Functional_Class,On_NHS_Road,Latitude,Longitude,Intersection_Type,Light_Condition,Weather_Condition,Notif_Hour,Notif_Minute,Arrival_Hour,Arrival_Minute,Hospital_Hour,Hospital_Minute,Fatalities_Count,Clean_Light_Condition,Clean_Weather_Condition,Total_Killed,Total_Alive,Fatal_Seats_List,Killed_Restraint_List,Any_Driver_Drinking,Total_Drinking_Drivers,Driver_License_Category,Driver_Max_Prev_Accident_Count,Driver_Max_Prev_Speeding_Count,Max_Driver_Age,Min_Driver_Age,Driver_Sex_List,Total_Exceeding_Limit_Vehicles,Total_Too_Fast_Vehicles,Max_Vehicle_Type_Severity_5,Max_Vehicle_Damage_Rank,Max_Harmful_Event_Severity,Crash_Road_Surface_Condition,Crash_Horizontal_Alignment,Crash_Vertical_Profile,Crash_Impairment_Category,Crash_Vehicle_Defect
37003,55,Wisconsin,550001,1,1,1,0,1,NOT APPLICABLE,January,1,Sunday,4,0,Rural,Low Speed (Local),No,43.9893,-88.66418333,Non-Intersection,Dark - Not Lighted,Clear,4:00am-4:59am,3,4:00am-4:59am,17,Not Applicable (Not Transported),Not Applicable (Not Transported),1,Dark - Unlighted,Clear,0,1,[],[],1,1,Valid,0.0,4.0,29.0,29.0,['Female'],0,0,3,1,4,Icy/Snowy,Straight,Level,Lowest,No
37004,55,Wisconsin,550002,1,1,1,0,1,FITCHBURG,January,3,Tuesday,6,33,Urban,Medium Speed (Collector),No,43.01450833,-89.39574722,Simple Junction,Dark - Not Lighted,Rain,6:00am-6:59am,33,6:00am-6:59am,37,7:00am-7:59am,0,1,Dark - Unlighted,Rain/Wind/Minor,0,1,[],[],0,0,Valid,0.0,1.0,24.0,24.0,['Male'],0,0,2,3,4,Wet/Standing Water,Straight,Grade/Hillcrest,Lowest,No
37005,55,Wisconsin,550003,0,2,2,0,3,NOT APPLICABLE,January,4,Wednesday,18,5,Rural,Medium Speed (Collector),No,43.82431389,-90.6047,Non-Intersection,Dark - Not Lighted,Snow,6:00pm-6:59pm,9,6:00pm-6:59pm,29,7:00pm-7:59pm,0,1,Dark - Unlighted,Snow/Ice/Severe,1,2,['Driver'],['Shoulder_Lapbelt'],0,0,Invalid,0.0,0.0,57.0,25.0,"['Male', 'Male']",2,0,3,4,5,Icy/Snowy,Curve,Level,Lowest,No
37006,55,Wisconsin,550005,0,3,3,0,3,NOT APPLICABLE,January,13,Friday,8,8,Rural,High Speed (Arterial),Yes,42.83079722,-89.63497778,Non-Intersection,Daylight,Cloudy,8:00am-8:59am,10,8:00am-8:59am,20,Unknown,Unknown EMS Hospital Arrival Time,1,Daylight,Reduced Visibility,1,2,['Driver'],['Shoulder_Lapbelt'],0,0,Valid,0.0,0.0,62.0,57.0,"['Male', 'Female', 'Female']",0,0,3,4,5,Wet/Standing Water,Straight,Level,Lowest,No
37007,55,Wisconsin,550006,0,1,1,0,1,MENOMONEE FALLS,January,14,Saturday,2,45,Rural,High Speed (Arterial),Yes,43.17744722,-88.08901667,Non-Intersection,Dark - Lighted,Cloudy,2:00am-2:59am,45,2:00am-2:59am,52,Not Applicable (Not Transported),Not Applicable (Not Transported),1,Dark - Lighted,Reduced Visibility,1,0,['Driver'],['None_Used'],1,1,Valid,0.0,0.0,31.0,31.0,['Male'],1,0,2,4,3,Dry,Curve,Level,Lowest,No
37008,55,Wisconsin,550007,0,1,1,0,1,NOT APPLICABLE,January,14,Saturday,7,0,Rural,Medium Speed (Collector),No,45.06511944,-87.99956944,Non-Intersection,Dawn,Clear,Not Applicable (Not Notified),Not Applicable (Not Notified),Not Applicable,Not Applicable,Not Applicable (Not Transported),Not Applicable (Not Transported),1,Twilight,Clear,1,0,['Driver'],['None_Used'],1,1,Invalid,0.0,0.0,36.0,36.0,['Male'],1,0,2,4,3,Dry,Straight,Level,Lowest,No
37009,55,Wisconsin,550008,1,1,1,0,1,NOT APPLICABLE,January,14,Saturday,8,25,Rural,Medium Speed (Collector),No,44.73248889,-92.18563333,Non-Intersection,Daylight,Clear,8:00am-8:59am,25,8:00am-8:59am,30,Unknown,Unknown EMS Hospital Arrival Time,1,Daylight,Clear,0,1,[],[],0,0,Invalid,0.0,0.0,66.0,66.0,['Male'],0,0,4,1,4,Dry,Straight,Level,Lowest,No
37010,55,Wisconsin,550009,0,1,1,0,2,NOT APPLICABLE,January,15,Sunday,99,99,Rural,Medium Speed (Collector),No,44.87199167,-92.19557222,Non-Intersection,Dark - Not Lighted,Clear,10:00pm-10:59pm,40,11:00pm-11:59pm,13,Unknown,Unknown EMS Hospital Arrival Time,1,Dark - Unlighted,Clear,1,1,['Driver'],['None_Used'],0,0,Valid,0.0,0.0,55.0,55.0,['Male'],0,0,2,4,3,Dry,Curve,Level,Lowest,No
37011,55,Wisconsin,550010,0,2,2,0,3,NOT APPLICABLE,January,10,Tuesday,20,40,Rural,High Speed (Arterial),No,42.87886389,-88.42988889,Non-Intersection,Dark - Not Lighted,Clear,Unknown,Unknown,Unknown EMS Scene Arrival Hour,Unknown EMS Scene Arrival Minutes,9:00pm-9:59pm,36,1,Dark - Unlighted,Clear,1,2,['Driver'],['Shoulder_Lapbelt'],0,0,Valid,1.0,0.0,70.0,68.0,"['Male', 'Male']",1,0,3,4,5,Dry,Straight,Level,Lowest,No
37012,55,Wisconsin,550011,0,2,2,0,4,NOT APPLICABLE,January,11,Wednesday,17,29,Rural,Medium Speed (Collector),No,43.23658611,-88.34076111,Complex/Circle,Dark - Not Lighted,"Fog, Smog, Smoke",Unknown,Unknown,Unknown EMS Scene Arrival Hour,Unknown EMS Scene Arrival Minutes,Unknown,Unknown EMS Hospital Arrival Time,1,Dark - Unlighted,Reduced Visibility,1,3,['Driver'],['None_Used'],0,0,Valid,0.0,0.0,88.0,37.0,"['Male', 'Male']",0,0,3,4,5,Dry,Straight,Level,Lowest,No
37013,55,Wisconsin,550012,0,2,2,0,3,NOT APPLICABLE,January,18,Wednesday,11,28,Rural,High Speed (Arterial),Yes,43.18804167,-88.182425,Non-Intersection,Daylight,Cloudy,11:00am-11:59am,30,11:00am-11:59am,39,Unknown,Unknown EMS Hospital Arrival Time,1,Daylight,Reduced Visibility,1,2,['Front_Passenger'],['Shoulder_Only'],1,1,Invalid,2.0,3.0,26.0,24.0,"['Male', 'Male']",2,0,3,4,5,Dry,Straight,Level,Lowest,No
37014,55,Wisconsin,550013,0,1,1,0,1,NOT APPLICABLE,January,10,Tuesday,6,35,Rural,Medium Speed (Collector),No,42.65486944,-90.36111944,Non-Intersection,Dark - Not Lighted,Clear,6:00am-6:59am,53,Unknown EMS Scene Arrival Hour,Unknown EMS Scene Arrival Minutes,Not Applicable (Not Transported),Not Applicable (Not Transported),1,Dark - Unlighted,Clear,1,0,['Driver'],['None_Used'],0,0,Valid,1.0,1.0,31.0,31.0,['Female'],1,0,3,4,3,Icy/Snowy,Curve,Level,Lowest,Yes
37015,55,Wisconsin,550014,0,1,1,0,1,NOT APPLICABLE,January,13,Friday,22,18,Rural,Medium Speed (Collector),No,42.96233333,-88.89397778,Non-Intersection,Dark - Not Lighted,Clear,Unknown,Unknown,Unknown EMS Scene Arrival Hour,Unknown if Arrived,Not Applicable (Not Transported),Not Applicable (Not Transported),1,Dark - Unlighted,Clear,1,0,['Driver'],['None_Used'],0,0,Invalid,1.0,0.0,20.0,20.0,['Male'],1,0,2,4,3,Dry,Curve,Grade/Hillcrest,Lowest,No
37016,55,Wisconsin,550015,0,1,1,0,2,NOT APPLICABLE,January,22,Sunday,23,40,Rural,Medium Speed (Collector),No,43.44661111,-89.81962778,Non-Intersection,Dark - Not Lighted,Cloudy,11:00pm-11:59pm,47,11:00pm-11:59pm,57,0:00am-0:59am,51,1,Dark - Unlighted,Reduced Visibility,1,1,['Front_Passenger'],['Shoulder_Lapbelt'],1,1,Valid,1.0,0.0,22.0,22.0,['Male'],0,0,2,4,3,Dry,Curve,Grade/Hillcrest,Lowest,No
37017,55,Wisconsin,550016,0,3,3,0,6,FOND DU LAC,January,14,Saturday,17,42,Rural,High Speed (Arterial),Yes,43.73748611,-88.44335278,Non-Intersection,Dark - Lighted,Clear,5:00pm-5:59pm,44,5:00pm-5:59pm,50,Unknown,Unknown EMS Hospital Arrival Time,1,Dark - Lighted,Clear,1,5,['Driver'],['Shoulder_Lapbelt'],1,1,Valid,0.0,0.0,58.0,33.0,"['Male', 'Male', 'Male']",1,0,3,4,5,Dry,Straight,Level,Medium,No
37018,55,Wisconsin,550017,0,2,2,0,4,MILWAUKEE,January,26,Thursday,2,14,Urban,Medium Speed (Collector),No,43.08565278,-87.96724444,Complex/Circle,Dark - Lighted,Snow,Unknown,Unknown,Unknown EMS Scene Arrival Hour,Unknown EMS Scene Arrival Minutes,Unknown,Unknown EMS Hospital Arrival Time,1,Dark - Lighted,Snow/Ice/Severe,1,3,['Front_Passenger'],['Shoulder_Lapbelt'],0,0,Valid,0.0,0.0,49.0,42.0,"['Male', 'Female']",0,0,3,4,5,Icy/Snowy,Straight,Level,Lowest,No
37019,55,Wisconsin,550018,0,1,1,0,5,MILWAUKEE,January,10,Tuesday,2,43,Urban,Medium Speed (Collector),No,43.08193611,-87.95719722,Non-Intersection,Dark - Lighted,Cloudy,2:00am-2:59am,44,3:00am-3:59am,0,Not Applicable (Not Transported),Not Applicable (Not Transported),1,Dark - Lighted,Reduced Visibility,1,4,['Driver'],['None_Used'],1,1,Invalid,1.0,0.0,23.0,23.0,['Female'],5,0,3,4,3,Dry,Straight,Level,Lowest,No
37020,55,Wisconsin,550019,0,1,1,0,1,MILWAUKEE,January,23,Monday,9,23,Urban,High Speed (Arterial),Yes,43.04816667,-87.94777222,Non-Intersection,Daylight,Cloudy,9:00am-9:59am,Unknown,9:00am-9:59am,Unknown EMS Scene Arrival Minutes,Not Applicable (Not Transported),Not Applicable (Not Transported),1,Daylight,Reduced Visibility,1,0,['Driver'],['None_Used'],0,0,Valid,1.0,0.0,30.0,30.0,['Male'],0,0,2,4,3,Dry,Straight,Level,Lowest,No
37021,55,Wisconsin,550020,0,2,2,0,2,NOT APPLICABLE,January,25,Wednesday,7,40,Rural,High Speed (Arterial),Yes,42.95023333,-88.87855278,Non-Intersection,Daylight,Snow,7:00am-7:59am,41,7:00am-7:59am,48,Unknown,Unknown EMS Hospital Arrival Time,1,Daylight,Snow/Ice/Severe,1,1,['Driver'],['Shoulder_Lapbelt'],0,0,Valid,0.0,1.0,50.0,23.0,"['Female', 'Male']",0,0,4,4,5,Icy/Snowy,Straight,Level,Lowest,Yes
37022,55,Wisconsin,550021,0,3,3,0,4,MOUNT PLEASANT,January,26,Thursday,2,42,Rural,High Speed (Arterial),Yes,42.72928333,-87.95376667,Non-Intersection,Dark - Not Lighted,Snow,2:00am-2:59am,42,2:00am-2:59am,57,3:00am-3:59am,40,2,Dark - Unlighted,Snow/Ice/Severe,2,2,"['Driver', 'Front_Passenger']","['Shoulder_Lapbelt', 'Shoulder_Lapbelt']",0,0,Valid,0.0,0.0,69.0,31.0,"['Female', 'Male', 'Female']",2,0,4,4,5,Icy/Snowy,Straight,Grade/Hillcrest,Lowest,No
37023,55,Wisconsin,550022,0,2,2,0,2,NOT APPLICABLE,January,26,Thursday,17,29,Rural,Medium Speed (Collector),No,45.73118056,-89.52590833,Complex/Circle,Dark - Not Lighted,Clear,Unknown,Unknown,Unknown EMS Scene Arrival Hour,Unknown if Arrived,Not Applicable (Not Transported),Not Applicable (Not Transported),1,Dark - Unlighted,Clear,1,1,['Driver'],['None_Used'],0,0,Valid,0.0,0.0,65.0,57.0,"['Male', 'Male']",0,0,5,4,5,Dry,Curve,Grade/Hillcrest,Lowest,No
37024,55,Wisconsin,550023,0,1,1,0,1,NOT APPLICABLE,January,28,Saturday,99,99,Rural,Medium Speed (Collector),No,45.24915,-87.08216667,Non-Intersection,Dark - Not Lighted,Cloudy,5:00am-5:59am,8,5:00am-5:59am,18,Not Applicable (Not Transported),Not Applicable (Not Transported),1,Dark - Unlighted,Reduced Visibility,1,0,['Driver'],['None_Used'],0,0,Valid,0.0,0.0,33.0,33.0,['Male'],0,0,3,4,3,Dry,Curve,Grade/Hillcrest,Lowest,No
37025,55,Wisconsin,550024,0,1,1,0,1,NOT APPLICABLE,February,3,Friday,12,32,Rural,Low Speed (Local),No,44.44098056,-87.92776111,Non-Intersection,Daylight,Clear,12:00pm-12:59pm,35,12:00pm-12:59pm,45,1:00pm-1:59pm,33,1,Daylight,Clear,1,0,['Driver'],['Shoulder_Lapbelt'],0,0,Valid,0.0,1.0,64.0,64.0,['Male'],0,0,3,4,2,Dry,Straight,Grade/Hillcrest,Lowest,No
37026,55,Wisconsin,550025,0,1,1,0,1,NOT APPLICABLE,February,2,Thursday,99,99,Rural,Low Speed (Local),No,43.37001111,-88.38414722,Non-Intersection,Reported as Unknown,Reported as Unknown,8:00am-8:59am,32,8:00am-8:59am,44,Not Applicable (Not Transported),Not Applicable (Not Transported),1,Dark - Unlighted,Clear,1,0,['Driver'],['Shoulder_Lapbelt'],0,0,Valid,0.0,1.0,33.0,33.0,['Male'],0,0,2,4,3,Dry,Straight,Level,Lowest,No
37027,55,Wisconsin,550026,0,1,1,0,3,NOT APPLICABLE,January,21,Saturday,3,20,Rural,Low Speed (Local),No,43.79059722,-88.33629444,Non-Intersection,Dark - Not Lighted,Clear,3:00am-3:59am,25,3:00am-3:59am,38,4:00am-4:59am,0,2,Dark - Unlighted,Clear,2,1,"['Driver', 'Front_Passenger']","['Shoulder_Lapbelt', 'Shoulder_Lapbelt']",1,1,Invalid,0.0,0.0,16.0,16.0,['Male'],3,0,2,4,3,Dry,Curve,Grade/Hillcrest,Lowest,No
37028,55,Wisconsin,550027,0,2,2,0,3,MILWAUKEE,January,27,Friday,23,33,Urban,Medium Speed (Collector),No,43.09433056,-87.95695833,Non-Intersection,Dark - Lighted,Clear,Unknown,Unknown,Unknown EMS Scene Arrival Hour,Unknown EMS Scene Arrival Minutes,Unknown,Unknown EMS Hospital Arrival Time,1,Dark - Lighted,Clear,1,2,['Rear_Seat'],['Shoulder_Lapbelt'],1,1,Invalid,1.0,0.0,999.0,31.0,"['Female', 'Other']",2,0,3,4,5,Dry,Straight,Level,Lowest,No
37029,55,Wisconsin,550028,0,4,3,1,6,NOT APPLICABLE,February,6,Monday,19,47,Rural,Medium Speed (Collector),No,44.72754722,-92.72955,Non-Intersection,Dark - Not Lighted,Snow,7:00pm-7:59pm,56,8:00pm-8:59pm,9,9:00pm-9:59pm,20,1,Dark - Unlighted,Snow/Ice/Severe,1,5,['Driver'],['None_Used'],0,0,Valid,0.0,0.0,49.0,24.0,"['Male', 'Male', 'Female']",0,0,4,4,5,Icy/Snowy,Curve,Grade/Hillcrest,Lowest,No
37030,55,Wisconsin,550029,0,2,2,0,5,MILWAUKEE,January,17,Tuesday,11,43,Urban,High Speed (Arterial),Yes,43.11197778,-87.96640556,Complex/Circle,Daylight,Cloudy,Unknown,Unknown,Unknown EMS Scene Arrival Hour,Unknown EMS Scene Arrival Minutes,Unknown,Unknown EMS Hospital Arrival Time,1,Daylight,Reduced Visibility,1,4,['Driver'],['None_Used'],0,0,Invalid,0.0,0.0,18.0,18.0,"['Male', 'Male']",5,0,3,4,5,Dry,Straight,Level,Lowest,No
37031,55,Wisconsin,550030,0,2,2,0,7,MILWAUKEE,January,22,Sunday,19,26,Urban,Medium Speed (Collector),No,43.06055556,-87.9376,Complex/Circle,Dark - Lighted,Cloudy,Unknown,Unknown,Unknown EMS Scene Arrival Hour,Unknown EMS Scene Arrival Minutes,Unknown,Unknown EMS Hospital Arrival Time,1,Dark - Lighted,Reduced Visibility,1,6,['Front_Passenger'],['None_Used'],0,0,Invalid,2.0,0.0,40.0,14.0,"['Male', 'Female']",5,0,3,4,5,Dry,Straight,Level,Lowest,No
37032,55,Wisconsin,550031,0,2,2,0,3,MADISON,February,5,Sunday,18,20,Urban,Low Speed (Local),No,43.14131667,-89.35516667,Simple Junction,Dark - Lighted,Clear,6:00pm-6:59pm,20,6:00pm-6:59pm,24,6:00pm-6:59pm,57,1,Dark - Lighted,Clear,1,2,['Driver'],['Shoulder_Lapbelt'],0,0,Invalid,0.0,0.0,67.0,49.0,"['Male', 'Female']",0,0,3,4,5,Dry,Straight,Level,Lowest,No
37033,55,Wisconsin,550032,0,2,2,0,3,NOT APPLICABLE,February,9,Thursday,21,19,Rural,High Speed (Arterial),Yes,42.64455,-88.59385556,Non-Intersection,Dark - Not Lighted,Cloudy,9:00pm-9:59pm,19,9:00pm-9:59pm,28,10:00pm-10:59pm,9,1,Dark - Unlighted,Reduced Visibility,1,2,['Front_Passenger'],['None_Used'],1,1,Valid,1.0,5.0,43.0,32.0,"['Male', 'Male']",1,0,3,4,5,Wet/Standing Water,Straight,Level,Lowest,No
37034,55,Wisconsin,550033,0,1,1,0,1,NOT APPLICABLE,February,8,Wednesday,2,0,Rural,High Speed (Arterial),Yes,44.21786389,-88.53836944,Non-Intersection,Dark - Not Lighted,Clear,Unknown,Unknown,Unknown EMS Scene Arrival Hour,Unknown EMS Scene Arrival Minutes,Unknown,Unknown EMS Hospital Arrival Time,1,Dark - Unlighted,Clear,1,0,['Driver'],['None_Used'],1,1,Valid,0.0,0.0,36.0,36.0,['Male'],0,0,3,4,3,Icy/Snowy,Straight,Level,Lowest,No
37035,55,Wisconsin,550034,0,1,1,0,1,FITCHBURG,February,12,Sunday,19,18,Urban,High Speed (Arterial),Yes,43.01651111,-89.42248056,Complex/Circle,Dark - Lighted,Clear,7:00pm-7:59pm,18,7:00pm-7:59pm,23,7:00pm-7:59pm,49,1,Dark - Lighted,Clear,1,0,['Driver'],['Shoulder_Lapbelt'],1,1,Invalid,0.0,1.0,38.0,38.0,['Male'],1,0,3,4,3,Dry,Straight,Level,Lowest,Yes
37036,55,Wisconsin,550035,1,1,1,0,1,NOT APPLICABLE,February,7,Tuesday,18,44,Rural,Medium Speed (Collector),No,43.27853056,-90.29715556,Non-Intersection,Dark - Not Lighted,Clear,6:00pm-6:59pm,45,6:00pm-6:59pm,55,Unknown,Unknown EMS Hospital Arrival Time,1,Dark - Unlighted,Clear,0,1,[],[],0,0,Valid,1.0,0.0,33.0,33.0,['Male'],0,0,2,4,4,Dry,Straight,Level,Lowest,No
37037,55,Wisconsin,550036,0,2,2,0,3,NOT APPLICABLE,February,5,Sunday,12,2,Rural,High Speed (Arterial),Yes,44.05510833,-89.18860556,Complex/Circle,Daylight,Cloudy,12:00pm-12:59pm,5,12:00pm-12:59pm,16,1:00pm-1:59pm,34,1,Daylight,Reduced Visibility,1,2,['Driver'],['None_Used'],1,1,Valid,2.0,0.0,80.0,31.0,"['Male', 'Female']",2,0,3,4,5,Dry,Straight,Level,Lowest,No
37038,55,Wisconsin,550037,1,1,1,0,1,MILWAUKEE,January,27,Friday,21,39,Urban,Medium Speed (Collector),No,43.07521111,-87.95563333,Non-Intersection,Dark - Lighted,Clear,Unknown,Unknown,Unknown EMS Scene Arrival Hour,Unknown EMS Scene Arrival Minutes,Not Applicable (Not Transported),Not Applicable (Not Transported),1,Dark - Lighted,Clear,0,1,[],[],0,0,Valid,0.0,1.0,46.0,46.0,['Male'],0,0,2,2,4,Dry,Straight,Level,Lowest,No
37039,55,Wisconsin,550038,0,3,3,0,9,NOT APPLICABLE,February,11,Saturday,14,57,Rural,Medium Speed (Collector),No,45.25385833,-92.49883056,Non-Intersection,Daylight,Clear,3:00pm-3:59pm,11,3:00pm-3:59pm,30,4:00pm-4:59pm,10,1,Daylight,Clear,1,8,['Rear_Seat'],['Shoulder_Lapbelt'],0,0,Valid,0.0,0.0,55.0,19.0,"['Male', 'Female', 'Female']",5,0,3,4,5,Dry,Straight,Grade/Hillcrest,Lowest,No
37040,55,Wisconsin,550039,0,2,2,0,2,NOT APPLICABLE,February,17,Friday,8,26,Rural,High Speed (Arterial),Yes,42.55693056,-89.28860556,Non-Intersection,Daylight,Cloudy,8:00am-8:59am,27,8:00am-8:59am,41,9:00am-9:59am,28,1,Daylight,Reduced Visibility,1,1,['Driver'],['Shoulder_Lapbelt'],0,0,Valid,0.0,1.0,71.0,70.0,"['Female', 'Male']",1,0,4,4,5,Icy/Snowy,Curve,Level,Lowest,No
37041,55,Wisconsin,550040,0,2,2,0,2,NOT APPLICABLE,January,27,Friday,19,7,Rural,High Speed (Arterial),Yes,42.65426667,-88.98344444,Non-Intersection,Dark - Not Lighted,Cloudy,7:00pm-7:59pm,9,7:00pm-7:59pm,19,Not Applicable (Not Transported),Not Applicable (Not Transported),1,Dark - Unlighted,Reduced Visibility,1,1,['Driver'],['Shoulder_Lapbelt'],0,0,Valid,0.0,0.0,69.0,18.0,"['Male', 'Male']",0,0,4,4,5,Wet/Standing Water,Straight,Level,Lowest,No
37042,55,Wisconsin,550041,0,2,2,0,2,NOT APPLICABLE,February,15,Wednesday,10,16,Rural,Medium Speed (Collector),No,45.04763611,-90.02336944,Non-Intersection,Daylight,Rain,10:00am-10:59am,19,10:00am-10:59am,28,11:00am-11:59am,26,1,Daylight,Rain/Wind/Minor,1,1,['Driver'],['None_Used'],0,0,Valid,2.0,0.0,28.0,18.0,"['Female', 'Male']",0,0,3,4,5,Wet/Standing Water,Straight,Grade/Hillcrest,Lowest,No
37043,55,Wisconsin,550042,0,2,2,0,3,NOT APPLICABLE,February,9,Thursday,16,0,Rural,High Speed (Arterial),Yes,45.53238611,-89.75502778,Complex/Circle,Daylight,Clear,4:00pm-4:59pm,4,4:00pm-4:59pm,10,Unknown,Unknown EMS Hospital Arrival Time,1,Daylight,Clear,1,2,['Driver'],['Shoulder_Lapbelt'],0,0,Valid,0.0,0.0,85.0,37.0,"['Female', 'Male']",0,0,4,4,5,Dry,Straight,Level,Lowest,No
37044,55,Wisconsin,550043,0,2,2,0,2,CHENEQUA,February,18,Saturday,14,33,Urban,High Speed (Arterial),Yes,43.10234444,-88.38348889,Non-Intersection,Daylight,Clear,2:00pm-2:59pm,30,2:00pm-2:59pm,35,Unknown,Unknown EMS Hospital Arrival Time,1,Daylight,Clear,1,1,['Driver'],['Shoulder_Lapbelt'],1,1,Valid,0.0,0.0,47.0,19.0,"['Female', 'Female']",0,0,3,4,5,Dry,Straight,Level,Lowest,No
37045,55,Wisconsin,550044,0,1,1,0,1,NOT APPLICABLE,February,19,Sunday,2,44,Rural,Medium Speed (Collector),No,42.95909722,-89.64098889,Non-Intersection,Dark - Not Lighted,Clear,Unknown,Unknown,Unknown EMS Scene Arrival Hour,Unknown EMS Scene Arrival Minutes,Unknown,Unknown EMS Hospital Arrival Time,1,Dark - Unlighted,Clear,1,0,['Driver'],['None_Used'],1,1,Invalid,2.0,3.0,25.0,25.0,['Male'],0,0,2,4,3,Dry,Curve,Grade/Hillcrest,Lowest,No
37046,55,Wisconsin,550045,0,2,2,0,4,MILWAUKEE,January,30,Monday,12,49,Urban,Medium Speed (Collector),No,43.04865278,-87.94788333,Complex/Circle,Daylight,Cloudy,Unknown,Unknown,Unknown EMS Scene Arrival Hour,Unknown EMS Scene Arrival Minutes,Unknown,Unknown EMS Hospital Arrival Time,1,Daylight,Reduced Visibility,1,3,['Front_Passenger'],['Shoulder_Lapbelt'],0,0,Invalid,1.0,0.0,56.0,17.0,"['Male', 'Male']",2,0,2,4,5,Dry,Straight,Level,Lowest,No
37047,55,Wisconsin,550046,0,2,2,0,4,NOT APPLICABLE,February,21,Tuesday,11,52,Rural,Medium Speed (Collector),No,45.77790556,-89.19490556,Non-Intersection,Daylight,Clear,11:00am-11:59am,52,11:00am-11:59am,56,Unknown,Unknown EMS Hospital Arrival Time,2,Daylight,Clear,2,2,"['Driver', 'Front_Passenger']","['Shoulder_Lapbelt', 'Shoulder_Lapbelt']",0,0,Valid,0.0,0.0,69.0,65.0,"['Female', 'Female']",2,0,3,4,5,Icy/Snowy,Straight,Level,Lowest,No
37048,55,Wisconsin,550047,1,1,1,0,1,MILWAUKEE,February,14,Tuesday,19,42,Urban,Medium Speed (Collector),No,43.15441667,-88.03485,Non-Intersection,Dark - Lighted,Rain,Unknown,Unknown,Unknown EMS Scene Arrival Hour,Unknown EMS Scene Arrival Minutes,Not Applicable (Not Transported),Not Applicable (Not Transported),1,Dark - Lighted,Rain/Wind/Minor,0,1,[],[],0,0,Invalid,0.0,0.0,999.0,999.0,['Other'],0,0,1,0,4,Wet/Standing Water,Straight,Level,Lowest,No
37049,55,Wisconsin,550048,0,2,2,0,2,NOT APPLICABLE,February,19,Sunday,17,45,Rural,High Speed (Arterial),Yes,43.67191944,-88.68251944,Non-Intersection,Dark - Not Lighted,Clear,5:00pm-5:59pm,45,5:00pm-5:59pm,52,6:00pm-6:59pm,0,1,Dark - Unlighted,Clear,1,1,['Driver'],['Shoulder_Lapbelt'],0,0,Valid,0.0,0.0,60.0,22.0,"['Female', 'Female']",0,0,3,4,5,Dry,Straight,Level,Lowest,No
37050,55,Wisconsin,550049,0,2,2,0,3,NOT APPLICABLE,February,28,Tuesday,5,50,Rural,High Speed (Arterial),Yes,46.14143056,-91.33896667,Non-Intersection,Dark - Not Lighted,Clear,5:00am-5:59am,56,6:00am-6:59am,15,6:00am-6:59am,56,1,Dark - Unlighted,Clear,1,2,['Driver'],['None_Used'],0,0,Invalid,2.0,2.0,55.0,27.0,"['Male', 'Male']",0,0,4,4,5,Icy/Snowy,Curve,Level,Lowest,No
37051,55,Wisconsin,550050,0,3,3,0,4,SUN PRAIRIE,January,14,Saturday,20,40,Rural,High Speed (Arterial),Yes,43.164775,-89.26333333,Non-Intersection,Dark - Not Lighted,Cloudy,Unknown,Unknown,Unknown EMS Scene Arrival Hour,Unknown EMS Scene Arrival Minutes,Unknown,Unknown EMS Hospital Arrival Time,1,Dark - Unlighted,Reduced Visibility,1,3,['Driver'],['None_Used'],0,0,Valid,1.0,3.0,68.0,22.0,"['Female', 'Male', 'Male']",0,0,3,4,5,Dry,Straight,Level,Lowest,No
37052,55,Wisconsin,550051,0,2,2,0,2,NOT APPLICABLE,February,24,Friday,17,38,Rural,Low Speed (Local),No,44.50232222,-88.72105556,Complex/Circle,Dusk,Clear,Unknown,Unknown,Unknown EMS Scene Arrival Hour,Unknown EMS Scene Arrival Minutes,Unknown,Unknown EMS Hospital Arrival Time,1,Twilight,Clear,1,1,['Driver'],['None_Used'],1,1,Valid,0.0,0.0,45.0,41.0,"['Male', 'Male']",0,0,3,4,5,Dry,Straight,Level,Lowest,No
37053,55,Wisconsin,550052,0,2,2,0,2,NOT APPLICABLE,March,5,Sunday,7,10,Rural,Medium Speed (Collector),No,42.5068,-88.81928889,Non-Intersection,Dawn,Cloudy,7:00am-7:59am,11,7:00am-7:59am,24,7:00am-7:59am,59,1,Twilight,Reduced Visibility,1,1,['Driver'],['Shoulder_Lapbelt'],0,0,Valid,0.0,1.0,24.0,19.0,"['Male', 'Male']",0,0,3,4,5,Icy/Snowy,Straight,Level,Lowest,No
37054,55,Wisconsin,550053,0,2,2,0,4,MILWAUKEE,January,1,Sunday,7,30,Urban,High Speed (Arterial),Yes,43.14846667,-88.03458333,Non-Intersection,Dawn,Cloudy,Unknown,Unknown,Unknown EMS Scene Arrival Hour,Unknown EMS Scene Arrival Minutes,Unknown,Unknown EMS Hospital Arrival Time,1,Twilight,Reduced Visibility,1,3,['Front_Passenger'],['Shoulder_Lapbelt'],1,1,Invalid,0.0,0.0,76.0,21.0,"['Male', 'Male']",1,0,3,4,5,Wet/Standing Water,Straight,Level,Lowest,No
37055,55,Wisconsin,550054,0,1,1,0,1,LAKE DELTON,March,4,Saturday,2,48,Urban,Low Speed (Local),No,43.57575278,-89.77890556,Complex/Circle,Dark - Lighted,Clear,2:00am-2:59am,49,2:00am-2:59am,55,Unknown,Unknown EMS Hospital Arrival Time,1,Dark - Lighted,Clear,1,0,['Driver'],['Shoulder_Lapbelt'],1,1,Invalid,1.0,1.0,24.0,24.0,['Male'],1,0,2,4,3,Dry,Straight,Level,Lowest,No