,State_Code,State_Name,Crash_ID,Count_Non_Motorists,Count_Vehicles_Total,Count_Vehicle_Forms,Count_PVH_Involved,Count_Occupants_MV,City_Name,Month_Name,Day_of_Month,Day_of_Week,Crash_Hour,Crash_Minute,Area_Rural_Urban,Road_Functional_Class,On_NHS_Road,Latitude,Longitude,Intersection_Type,Light_Condition,Weather_Condition,Notif_Hour,Notif_Minute,Arrival_Hour,Arrival_Minute,Hospital_Hour,Hospital_Minute,Fatalities_Count,Clean_Light_Condition,Clean_Weather_Condition,Total_Killed,Total_Alive,Fatal_Seats_List,Killed_Restraint_List,Any_Driver_Drinking,Total_Drinking_Drivers,Driver_License_Category,Driver_Max_Prev_Accident_Count,Driver_Max_Prev_Speeding_Count,Max_Driver_Age,Min_Driver_Age,Driver_Sex_List,Total_Exceeding_Limit_Vehicles,Total_Too_Fast_Vehicles,Max_Vehicle_Type_Severity_5,Max_Vehicle_Damage_Rank,Max_Harmful_Event_Severity,Crash_Road_Surface_Condition,Crash_Horizontal_Alignment,Crash_Vertical_Profile,Crash_Impairment_Category,Crash_Vehicle_Defect
37056,55,Wisconsin,550055,0,2,2,0,3,MILWAUKEE,February,27,Monday,23,38,Urban,Medium Speed (Collector),No,43.08503056,-87.92596389,Complex/Circle,Dark - Lighted,Cloudy,Unknown,Unknown,Unknown EMS Scene Arrival Hour,Unknown EMS Scene Arrival Minutes,Unknown,Unknown EMS Hospital Arrival Time,1,Dark - Lighted,Reduced Visibility,1,2,['Driver'],['Shoulder_Lapbelt'],0,0,Invalid,0.0,1.0,21.0,17.0,"['Male', 'Male']",0,0,3,4,5,Wet/Standing Water,Straight,Level,Lowest,No
37057,55,Wisconsin,550056,0,3,1,2,5,RACINE,February,28,Tuesday,22,28,Urban,Low Speed (Local),No,42.70844444,-87.79255,Non-Intersection,Dark - Lighted,Clear,10:00pm-10:59pm,29,10:00pm-10:59pm,32,10:00pm-10:59pm,57,1,Dark - Lighted,Clear,1,4,['Rear_Seat'],['Shoulder_Lapbelt'],1,1,Invalid,0.0,0.0,18.0,18.0,['Male'],5,0,3,4,5,Dry,Straight,Level,Lowest,No
37058,55,Wisconsin,550057,0,2,2,0,2,Other,March,6,Monday,18,0,Urban,High Speed (Arterial),No,42.66980833,-88.05164167,Complex/Circle,Dark - Not Lighted,Cloudy,6:00pm-6:59pm,40,6:00pm-6:59pm,46,Not Applicable (Not Transported),Not Applicable (Not Transported),1,Dark - Unlighted,Reduced Visibility,1,1,['Driver'],['Shoulder_Lapbelt'],1,1,Valid,0.0,1.0,80.0,50.0,"['Female', 'Male']",0,0,3,4,5,Dry,Straight,Level,Lowest,No
37059,55,Wisconsin,550058,0,1,1,0,3,MADISON,March,2,Thursday,12,15,Urban,Medium Speed (Collector),No,43.04811389,-89.50317778,Non-Intersection,Daylight,Clear,12:00pm-12:59pm,15,12:00pm-12:59pm,19,Unknown,Unknown EMS Hospital Arrival Time,1,Daylight,Clear,1,2,['Driver'],['Shoulder_Lapbelt'],0,0,Invalid,3.0,0.0,43.0,43.0,['Female'],3,0,2,4,3,Dry,Straight,Grade/Hillcrest,Lowest,No
37060,55,Wisconsin,550059,0,3,3,0,4,MILWAUKEE,February,5,Sunday,10,5,Urban,High Speed (Arterial),Yes,43.09007222,-87.98704444,Complex/Circle,Daylight,Clear,Unknown,Unknown,Unknown EMS Scene Arrival Hour,Unknown EMS Scene Arrival Minutes,Not Applicable (Not Transported),Not Applicable (Not Transported),1,Daylight,Clear,1,3,['Driver'],['Shoulder_Lapbelt'],0,0,Invalid,0.0,1.0,44.0,23.0,"['Male', 'Male', 'Male']",2,0,3,4,5,Wet/Standing Water,Straight,Level,Lowest,No
37061,55,Wisconsin,550060,0,1,1,0,1,NOT APPLICABLE,February,27,Monday,99,99,Rural,High Speed (Arterial),No,45.28713333,-92.69766389,Non-Intersection,Dark - Not Lighted,Snow,5:00am-5:59am,13,5:00am-5:59am,21,5:00am-5:59am,39,1,Dark - Unlighted,Snow/Ice/Severe,1,0,['Driver'],['None_Used'],0,0,Valid,0.0,0.0,49.0,49.0,['Female'],1,0,2,4,3,Icy/Snowy,Straight,Level,Lowest,No
37062,55,Wisconsin,550061,1,1,1,0,2,MILWAUKEE,March,1,Wednesday,19,21,Urban,High Speed (Arterial),Yes,42.94274722,-87.94923333,Non-Intersection,Dark - Lighted,Clear,Unknown,Unknown,Unknown EMS Scene Arrival Hour,Unknown if Arrived,Not Applicable (Not Transported),Not Applicable (Not Transported),1,Dark - Lighted,Clear,0,2,[],[],0,0,Valid,0.0,0.0,56.0,56.0,['Male'],0,0,3,2,4,Dry,Straight,Level,Lowest,No
37063,55,Wisconsin,550062,0,2,2,0,2,GREENFIELD,January,20,Friday,9,36,Urban,High Speed (Arterial),Yes,42.97369444,-88.03828056,Non-Intersection,Daylight,Cloudy,Unknown,Unknown,Unknown EMS Scene Arrival Hour,Unknown EMS Scene Arrival Minutes,Unknown,Unknown EMS Hospital Arrival Time,1,Daylight,Reduced Visibility,1,1,['Driver'],['Shoulder_Lapbelt'],0,0,Valid,1.0,0.0,71.0,36.0,"['Male', 'Male']",0,0,4,4,5,Dry,Straight,Level,Lowest,No
37064,55,Wisconsin,550063,0,2,2,0,3,NOT APPLICABLE,March,10,Friday,4,7,Rural,High Speed (Arterial),Yes,43.83140278,-88.54041944,Non-Intersection,Dark - Not Lighted,Snow,4:00am-4:59am,13,4:00am-4:59am,30,5:00am-5:59am,14,1,Dark - Unlighted,Snow/Ice/Severe,1,2,['Driver'],['Shoulder_Lapbelt'],0,0,Valid,0.0,0.0,55.0,31.0,"['Male', 'Male']",3,0,4,4,5,Icy/Snowy,Straight,Level,Lowest,No
37065,55,Wisconsin,550064,0,1,1,0,1,NOT APPLICABLE,March,17,Friday,99,99,Rural,High Speed (Arterial),Yes,43.02974167,-88.40410556,Non-Intersection,Dark - Not Lighted,Rain,5:00am-5:59am,41,5:00am-5:59am,45,6:00am-6:59am,37,1,Dark - Unlighted,Rain/Wind/Minor,1,0,['Driver'],['Shoulder_Lapbelt'],0,0,Invalid,1.0,1.0,53.0,53.0,['Male'],0,0,1,4,3,Wet/Standing Water,Straight,Level,Lowest,No
37066,55,Wisconsin,550065,0,2,2,0,2,NOT APPLICABLE,March,16,Thursday,10,47,Rural,Medium Speed (Collector),No,43.89748889,-90.48972222,Complex/Circle,Daylight,Cloudy,Not Applicable (Not Notified),Not Applicable (Not Notified),Not Applicable,Not Applicable,Not Applicable (Not Transported),Not Applicable (Not Transported),1,Daylight,Reduced Visibility,1,1,['Driver'],['Shoulder_Lapbelt'],0,0,Valid,0.0,0.0,73.0,57.0,"['Male', 'Male']",0,0,4,4,5,Dry,Straight,Level,Lowest,No
37067,55,Wisconsin,550066,1,1,1,0,1,CALEDONIA,February,25,Saturday,0,17,Urban,High Speed (Arterial),Yes,42.80574167,-87.83581944,Non-Intersection,Dark - Not Lighted,Snow,0:00am-0:59am,17,0:00am-0:59am,22,Unknown,Terminated Transport,1,Dark - Unlighted,Snow/Ice/Severe,0,1,[],[],0,0,Valid,0.0,0.0,60.0,60.0,['Male'],0,0,3,4,4,Wet/Standing Water,Straight,Level,Lowest,No
37068,55,Wisconsin,550067,0,2,2,0,6,NOT APPLICABLE,March,16,Thursday,16,3,Rural,Medium Speed (Collector),No,45.31208611,-88.12330833,Complex/Circle,Daylight,Cloudy,4:00pm-4:59pm,15,4:00pm-4:59pm,30,5:00pm-5:59pm,7,1,Daylight,Reduced Visibility,1,5,['Rear_Seat'],['None_Used'],0,0,Valid,1.0,0.0,48.0,29.0,"['Male', 'Male']",0,0,3,4,5,Wet/Standing Water,Straight,Level,Lowest,No
37069,55,Wisconsin,550068,0,1,1,0,1,NOT APPLICABLE,March,15,Wednesday,99,99,Rural,Low Speed (Local),No,42.94534722,-90.118425,Non-Intersection,Reported as Unknown,Clear,9:00am-9:59am,11,9:00am-9:59am,21,Not Applicable (Not Transported),Not Applicable (Not Transported),1,Dark - Unlighted,Clear,1,0,['Driver'],['None_Used'],1,1,Valid,0.0,0.0,38.0,38.0,['Male'],0,0,3,4,3,Dry,Straight,Grade/Hillcrest,Lowest,No
37070,55,Wisconsin,550069,0,2,2,0,3,NOT APPLICABLE,March,17,Friday,8,0,Rural,High Speed (Arterial),No,44.071275,-91.31381944,Non-Intersection,Daylight,Cloudy,Unknown,Unknown,Unknown EMS Scene Arrival Hour,Unknown EMS Scene Arrival Minutes,Unknown,Unknown EMS Hospital Arrival Time,1,Daylight,Reduced Visibility,1,2,['Driver'],['Shoulder_Lapbelt'],0,0,Valid,0.0,0.0,64.0,25.0,"['Male', 'Female']",0,0,3,4,5,Dry,Straight,Level,Lowest,No
37071,55,Wisconsin,550070,0,2,2,0,2,NEW BERLIN,March,13,Monday,10,55,Urban,High Speed (Arterial),Yes,42.99541111,-88.11349722,Simple Junction,Daylight,Clear,Unknown,Unknown,Unknown EMS Scene Arrival Hour,Unknown EMS Scene Arrival Minutes,Unknown,Unknown EMS Hospital Arrival Time,1,Daylight,Clear,1,1,['Driver'],['None_Used'],0,0,Valid,1.0,0.0,79.0,33.0,"['Male', 'Male']",0,0,3,4,5,Dry,Straight,Level,Lowest,No
37072,55,Wisconsin,550072,0,1,1,0,1,MILWAUKEE,March,12,Sunday,15,5,Urban,High Speed (Arterial),Yes,43.03583333,-87.94061389,Non-Intersection,Daylight,Cloudy,3:00pm-3:59pm,22,3:00pm-3:59pm,31,Not Applicable (Not Transported),Not Applicable (Not Transported),1,Daylight,Reduced Visibility,1,0,['Driver'],['None_Used'],0,0,Valid,0.0,0.0,40.0,40.0,['Male'],0,0,3,4,3,Wet/Standing Water,Straight,Level,Lowest,No
37073,55,Wisconsin,550073,0,1,1,0,1,SOUTH MILWAUKEE,March,22,Wednesday,3,17,Urban,Medium Speed (Collector),No,42.91629444,-87.85944722,Non-Intersection,Dark - Lighted,Cloudy,4:00am-4:59am,39,4:00am-4:59am,47,Not Applicable (Not Transported),Not Applicable (Not Transported),1,Dark - Lighted,Reduced Visibility,1,0,['Driver'],['None_Used'],0,0,Invalid,0.0,0.0,23.0,23.0,['Male'],1,0,2,4,3,Wet/Standing Water,Curve,Grade/Hillcrest,Lowest,No
37074,55,Wisconsin,550074,0,2,2,0,4,Other,March,11,Saturday,20,4,Urban,High Speed (Arterial),Yes,44.21204444,-88.4043,Complex/Circle,Dark - Lighted,Cloudy,8:00pm-8:59pm,10,8:00pm-8:59pm,16,Unknown,Unknown EMS Hospital Arrival Time,1,Dark - Lighted,Reduced Visibility,1,3,['Driver'],['Shoulder_Lapbelt'],1,1,Valid,0.0,2.0,59.0,19.0,"['Female', 'Male']",1,0,3,4,5,Dry,Straight,Level,Lowest,No
37075,55,Wisconsin,550075,0,1,1,0,1,NOT APPLICABLE,March,17,Friday,18,43,Rural,High Speed (Arterial),Yes,43.00443611,-89.69174722,Non-Intersection,Dusk,Clear,Unknown,Unknown,Unknown EMS Scene Arrival Hour,Unknown EMS Scene Arrival Minutes,Not Applicable (Not Transported),Not Applicable (Not Transported),1,Twilight,Clear,1,0,['Driver'],['None_Used'],0,0,Valid,1.0,1.0,36.0,36.0,['Female'],0,0,3,4,2,Dry,Straight,Level,Lowest,No
37076,55,Wisconsin,550076,0,1,1,0,1,BEAVER DAM,March,19,Sunday,0,26,Rural,Medium Speed (Collector),No,43.48666944,-88.81351667,Complex/Circle,Dark - Lighted,Cloudy,0:00am-0:59am,27,0:00am-0:59am,36,1:00am-1:59am,3,1,Dark - Lighted,Reduced Visibility,1,0,['Driver'],['None_Used'],0,0,Valid,0.0,0.0,64.0,64.0,['Male'],0,0,3,4,3,Dry,Straight,Level,Lowest,No
37077,55,Wisconsin,550077,0,2,2,0,2,HURLEY,March,15,Wednesday,13,0,Rural,High Speed (Arterial),No,46.43776944,-90.18251111,Non-Intersection,Daylight,Clear,Unknown,Unknown,Unknown EMS Scene Arrival Hour,Unknown EMS Scene Arrival Minutes,Not Applicable (Not Transported),Not Applicable (Not Transported),1,Daylight,Clear,1,1,['Driver'],['Shoulder_Lapbelt'],0,0,Valid,0.0,0.0,76.0,30.0,"['Female', 'Male']",0,0,4,4,5,Dry,Curve,Level,Medium,No
37078,55,Wisconsin,550078,0,2,2,0,6,ONALASKA,March,19,Sunday,14,3,Urban,High Speed (Arterial),Yes,43.876425,-91.209875,Complex/Circle,Daylight,Clear,Unknown,Unknown,Unknown EMS Scene Arrival Hour,Unknown EMS Scene Arrival Minutes,Unknown,Unknown EMS Hospital Arrival Time,1,Daylight,Clear,1,5,['Driver'],['Shoulder_Lapbelt'],0,0,Valid,0.0,0.0,41.0,35.0,"['Female', 'Male']",0,0,3,4,5,Dry,Straight,Level,Lowest,No
37079,55,Wisconsin,550079,0,1,1,0,1,NOT APPLICABLE,March,5,Sunday,15,52,Rural,Medium Speed (Collector),No,43.54662778,-88.22053889,Non-Intersection,Daylight,Clear,3:00pm-3:59pm,53,4:00pm-4:59pm,0,Unknown,Unknown EMS Hospital Arrival Time,1,Daylight,Clear,1,0,['Driver'],['None_Used'],0,0,Valid,0.0,0.0,68.0,68.0,['Female'],0,0,3,4,2,Dry,Straight,Level,Lowest,No
37080,55,Wisconsin,550080,0,1,1,0,1,BROOKFIELD,March,24,Friday,19,5,Urban,High Speed (Arterial),Yes,43.02428611,-88.10954167,Non-Intersection,Daylight,Clear,7:00pm-7:59pm,8,7:00pm-7:59pm,14,Not Applicable (Not Transported),Not Applicable (Not Transported),1,Daylight,Clear,1,0,['Driver'],['None_Used'],0,0,Invalid,2.0,1.0,24.0,24.0,['Male'],0,0,2,4,3,Dry,Straight,Level,Lowest,No
37081,55,Wisconsin,550081,1,1,1,0,2,MILWAUKEE,March,2,Thursday,14,20,Urban,High Speed (Arterial),Yes,43.01688611,-87.94783611,Complex/Circle,Daylight,Cloudy,Unknown,Unknown,Unknown EMS Scene Arrival Hour,Unknown EMS Scene Arrival Minutes,Unknown,Unknown EMS Hospital Arrival Time,1,Daylight,Reduced Visibility,0,2,[],[],0,0,Invalid,0.0,0.0,36.0,36.0,['Male'],0,0,2,3,4,Dry,Straight,Level,Lowest,No
37082,55,Wisconsin,550082,0,1,1,0,1,NOT APPLICABLE,March,28,Tuesday,19,23,Rural,Medium Speed (Collector),No,43.17859444,-88.38608333,Non-Intersection,Dusk,Cloudy,7:00pm-7:59pm,25,7:00pm-7:59pm,37,Not Applicable (Not Transported),Not Applicable (Not Transported),1,Twilight,Reduced Visibility,1,0,['Driver'],['Shoulder_Lapbelt'],0,0,Valid,0.0,0.0,62.0,62.0,['Male'],0,0,3,4,3,Dry,Straight,Grade/Hillcrest,Lowest,No
37083,55,Wisconsin,550083,0,1,1,0,1,NOT APPLICABLE,March,30,Thursday,15,32,Rural,High Speed (Arterial),No,44.04773611,-88.77061389,Non-Intersection,Daylight,Cloudy,3:00pm-3:59pm,32,3:00pm-3:59pm,45,Not Applicable (Not Transported),Not Applicable (Not Transported),1,Daylight,Reduced Visibility,1,0,['Driver'],['None_Used'],1,1,Invalid,1.0,0.0,29.0,29.0,['Male'],1,0,3,4,3,Dry,Curve,Level,Lowest,No
37084,55,Wisconsin,550084,1,1,1,0,3,NOT APPLICABLE,March,27,Monday,0,45,Rural,Low Speed (Local),No,45.09323333,-92.64705,Non-Intersection,Dark - Not Lighted,Clear,Not Applicable (Not Notified),Not Applicable (Not Notified),Not Applicable,Not Applicable,Not Applicable (Not Transported),Not Applicable (Not Transported),1,Dark - Unlighted,Clear,0,3,[],[],0,0,Valid,0.0,0.0,49.0,34.0,Other,0,0,3,1,4,Icy/Snowy,Straight,Level,Lowest,Yes
37085,55,Wisconsin,550085,0,3,3,0,4,WAUKESHA,March,29,Wednesday,20,5,Urban,High Speed (Arterial),Yes,42.97714444,-88.2357,Complex/Circle,Dark - Lighted,Clear,Unknown,Unknown,Unknown EMS Scene Arrival Hour,Unknown EMS Scene Arrival Minutes,Unknown,Unknown EMS Hospital Arrival Time,1,Dark - Lighted,Clear,1,3,['Rear_Seat'],['Child_Safety'],0,0,Valid,1.0,1.0,48.0,31.0,"['Male', 'Female', 'Male']",0,0,4,4,5,Dry,Straight,Level,Lowest,No
37086,55,Wisconsin,550086,0,3,3,0,4,NOT APPLICABLE,March,23,Thursday,18,43,Urban,High Speed (Arterial),Yes,43.08330278,-88.17831389,Non-Intersection,Daylight,Clear,6:00pm-6:59pm,44,6:00pm-6:59pm,53,7:00pm-7:59pm,27,1,Daylight,Clear,1,3,['Driver'],['Shoulder_Lapbelt'],0,0,Valid,1.0,4.0,70.0,25.0,"['Male', 'Male', 'Female']",1,0,3,4,5,Dry,Straight,Level,Lowest,No
37087,55,Wisconsin,550087,0,1,1,0,2,NOT APPLICABLE,April,1,Saturday,20,36,Rural,Medium Speed (Collector),No,42.88954444,-88.60398889,Non-Intersection,Dark - Not Lighted,Clear,8:00pm-8:59pm,36,8:00pm-8:59pm,44,Not Applicable (Not Transported),Not Applicable (Not Transported),2,Dark - Unlighted,Clear,2,0,"['Driver', 'Front_Passenger']","['Shoulder_Lapbelt', 'None_Used']",1,1,Valid,0.0,1.0,62.0,62.0,['Male'],2,0,3,4,3,Dry,Curve,Level,Lowest,No
37088,55,Wisconsin,550088,0,1,1,0,1,FITCHBURG,April,1,Saturday,99,99,Urban,High Speed (Arterial),Yes,42.94589722,-89.37075833,Non-Intersection,Reported as Unknown,Reported as Unknown,7:00am-7:59am,21,7:00am-7:59am,30,8:00am-8:59am,24,1,Dark - Unlighted,Clear,1,0,['Driver'],['Shoulder_Lapbelt'],1,1,Valid,1.0,0.0,26.0,26.0,['Male'],0,0,2,4,3,Dry,Curve,Level,Lowest,No
37089,55,Wisconsin,550089,1,1,1,0,1,MILWAUKEE,March,30,Thursday,21,28,Urban,High Speed (Arterial),Yes,43.089725,-88.02274167,Complex/Circle,Dark - Lighted,Clear,Unknown,Unknown,Unknown EMS Scene Arrival Hour,Unknown EMS Scene Arrival Minutes,Unknown,Unknown EMS Hospital Arrival Time,1,Dark - Lighted,Clear,0,1,[],[],0,0,Invalid,0.0,0.0,27.0,27.0,['Male'],0,0,2,3,4,Dry,Straight,Level,Lowest,No
37090,55,Wisconsin,550090,0,1,1,0,1,NOT APPLICABLE,March,29,Wednesday,9,27,Rural,Medium Speed (Collector),No,44.24043056,-87.57523889,Non-Intersection,Daylight,Cloudy,9:00am-9:59am,31,9:00am-9:59am,42,Not Applicable (Not Transported),Not Applicable (Not Transported),1,Daylight,Reduced Visibility,1,0,['Driver'],['Shoulder_Lapbelt'],0,0,Valid,1.0,0.0,36.0,36.0,['Male'],0,0,4,4,3,Dry,Straight,Level,Lowest,No
37091,55,Wisconsin,550091,0,2,2,0,2,NOT APPLICABLE,April,7,Friday,6,4,Rural,High Speed (Arterial),Yes,43.16158056,-89.94508056,Non-Intersection,Dawn,Clear,6:00am-6:59am,6,6:00am-6:59am,14,Unknown,Unknown EMS Hospital Arrival Time,1,Twilight,Clear,1,1,['Driver'],['None_Used'],0,0,Valid,0.0,2.0,35.0,19.0,"['Male', 'Male']",0,0,3,4,5,Dry,Straight,Level,Lowest,No
37092,55,Wisconsin,550092,0,1,1,0,2,LAKE MILLS,April,6,Thursday,19,23,Rural,High Speed (Arterial),Yes,43.09053611,-88.90066667,Non-Intersection,Daylight,Clear,7:00pm-7:59pm,30,7:00pm-7:59pm,34,Unknown,Unknown EMS Hospital Arrival Time,1,Daylight,Clear,1,1,['Front_Passenger'],['None_Used'],1,1,Invalid,1.0,1.0,41.0,41.0,['Male'],0,0,3,4,3,Dry,Straight,Level,Lowest,No
37093,55,Wisconsin,550093,0,1,1,0,1,NOT APPLICABLE,March,30,Thursday,19,54,Rural,Medium Speed (Collector),No,43.553275,-88.07721111,Non-Intersection,Dark - Not Lighted,Cloudy,7:00pm-7:59pm,57,Unknown EMS Scene Arrival Hour,Unknown EMS Scene Arrival Minutes,Not Applicable (Not Transported),Not Applicable (Not Transported),1,Dark - Unlighted,Reduced Visibility,1,0,['Driver'],['Shoulder_Lapbelt'],0,0,Valid,3.0,0.0,30.0,30.0,['Male'],1,0,3,4,3,Dry,Curve,Level,Lowest,No
37094,55,Wisconsin,550094,0,2,2,0,2,KENOSHA,April,12,Wednesday,12,4,Urban,Low Speed (Local),No,42.57028611,-87.88658333,Non-Intersection,Daylight,Clear,12:00pm-12:59pm,4,12:00pm-12:59pm,13,Not Applicable (Not Transported),Not Applicable (Not Transported),1,Daylight,Clear,1,1,['Driver'],['None_Used'],0,0,Valid,0.0,0.0,67.0,38.0,"['Male', 'Male']",1,0,5,4,5,Dry,Straight,Level,Lowest,No
37095,55,Wisconsin,550095,0,2,2,0,2,MADISON,April,7,Friday,2,46,Rural,High Speed (Arterial),Yes,43.082825,-89.28290833,Non-Intersection,Dark - Not Lighted,Clear,2:00am-2:59am,48,2:00am-2:59am,59,Unknown,Unknown EMS Hospital Arrival Time,1,Dark - Unlighted,Clear,1,1,['Driver'],['None_Used'],1,1,Invalid,1.0,5.0,58.0,26.0,"['Male', 'Male']",0,0,3,4,5,Dry,Straight,Level,Lowest,Yes
37096,55,Wisconsin,550096,0,1,1,0,1,NOT APPLICABLE,April,7,Friday,0,13,Rural,Low Speed (Local),No,43.48486667,-88.24015833,Non-Intersection,Dark - Not Lighted,Cloudy,0:00am-0:59am,15,0:00am-0:59am,35,Not Applicable (Not Transported),Not Applicable (Not Transported),1,Dark - Unlighted,Reduced Visibility,1,0,['Driver'],['Shoulder_Lapbelt'],1,1,Valid,2.0,0.0,30.0,30.0,['Male'],0,0,3,4,3,Dry,Straight,Grade/Hillcrest,Lowest,No
37097,55,Wisconsin,550097,0,1,1,0,1,NOT APPLICABLE,April,10,Monday,8,50,Rural,High Speed (Arterial),Yes,42.81775,-88.36188611,Non-Intersection,Daylight,Clear,8:00am-8:59am,50,8:00am-8:59am,56,Not Applicable (Not Transported),Not Applicable (Not Transported),1,Daylight,Clear,1,0,['Driver'],['None_Used'],0,0,Valid,0.0,0.0,61.0,61.0,['Male'],0,0,3,4,3,Dry,Straight,Level,Lowest,No
37098,55,Wisconsin,550098,1,1,1,0,3,MADISON,February,15,Wednesday,21,27,Urban,Medium Speed (Collector),No,43.04628333,-89.49385,Non-Intersection,Dark - Lighted,Clear,9:00pm-9:59pm,37,Unknown EMS Scene Arrival Hour,Unknown EMS Scene Arrival Minutes,Not Applicable (Not Transported),Not Applicable (Not Transported),1,Dark - Lighted,Clear,0,3,[],[],0,0,Valid,0.0,1.0,21.0,21.0,['Female'],3,0,2,3,4,Dry,Straight,Level,Lowest,No
37099,55,Wisconsin,550099,0,2,2,0,3,NOT APPLICABLE,April,12,Wednesday,21,15,Urban,Medium Speed (Collector),No,44.39558333,-88.15455,Non-Intersection,Dark - Not Lighted,Cloudy,9:00pm-9:59pm,15,Unknown EMS Scene Arrival Hour,Unknown EMS Scene Arrival Minutes,Unknown,Unknown EMS Hospital Arrival Time,1,Dark - Unlighted,Reduced Visibility,1,2,['Driver'],['Shoulder_Lapbelt'],1,1,Valid,0.0,2.0,47.0,46.0,"['Female', 'Male']",0,0,3,4,5,Dry,Straight,Grade/Hillcrest,Lowest,No
37100,55,Wisconsin,550100,1,1,1,0,1,MILWAUKEE,April,14,Friday,8,27,Urban,Medium Speed (Collector),No,43.14962222,-88.02514722,Non-Intersection,Daylight,Clear,8:00am-8:59am,27,Unknown EMS Scene Arrival Hour,Unknown EMS Scene Arrival Minutes,Unknown,Unknown EMS Hospital Arrival Time,1,Daylight,Clear,0,1,[],[],0,0,Invalid,1.0,4.0,25.0,25.0,['Male'],0,0,2,2,4,Dry,Straight,Level,Lowest,No
37101,55,Wisconsin,550101,0,1,1,0,1,NOT APPLICABLE,April,14,Friday,15,45,Rural,Low Speed (Local),No,44.72437778,-87.48884722,Non-Intersection,Daylight,Clear,3:00pm-3:59pm,46,3:00pm-3:59pm,57,4:00pm-4:59pm,32,1,Daylight,Clear,1,0,['Driver'],['None_Used'],1,1,Invalid,0.0,0.0,32.0,32.0,['Male'],0,0,3,4,3,Dry,Straight,Grade/Hillcrest,Lowest,No
37102,55,Wisconsin,550102,0,3,2,1,2,MILWAUKEE,April,4,Tuesday,0,26,Urban,High Speed (Arterial),Yes,43.00316944,-87.94812778,Complex/Circle,Dark - Lighted,Cloudy,Unknown,Unknown,Unknown EMS Scene Arrival Hour,Unknown EMS Scene Arrival Minutes,Unknown,Unknown EMS Hospital Arrival Time,1,Dark - Lighted,Reduced Visibility,1,1,['Driver'],['Shoulder_Lapbelt'],0,0,Invalid,0.0,0.0,39.0,28.0,"['Male', 'Male']",1,0,3,4,5,Wet/Standing Water,Straight,Level,Lowest,No
37103,55,Wisconsin,550103,2,1,1,0,2,NOT APPLICABLE,April,9,Sunday,16,23,Rural,Low Speed (Local),No,43.67573056,-90.65067778,Non-Intersection,Daylight,Clear,4:00pm-4:59pm,28,4:00pm-4:59pm,40,Not Applicable (Not Transported),Not Applicable (Not Transported),1,Daylight,Clear,1,1,['Rear_Seat'],['None_Used'],0,0,Valid,0.0,0.0,53.0,53.0,['Male'],0,0,5,2,1,Dry,Straight,Level,Lowest,No
37104,55,Wisconsin,550104,0,2,2,0,2,NOT APPLICABLE,April,12,Wednesday,18,25,Rural,Medium Speed (Collector),No,42.93255278,-88.66016944,Complex/Circle,Daylight,Clear,6:00pm-6:59pm,26,6:00pm-6:59pm,29,Not Applicable (Not Transported),Not Applicable (Not Transported),1,Daylight,Clear,1,1,['Driver'],['None_Used'],0,0,Valid,1.0,3.0,35.0,21.0,"['Male', 'Female']",1,0,5,4,5,Dry,Straight,Level,Lowest,No
37105,55,Wisconsin,550105,0,2,2,0,2,NOT APPLICABLE,April,14,Friday,18,10,Rural,High Speed (Arterial),Yes,43.44415278,-88.60799167,Non-Intersection,Daylight,Clear,6:00pm-6:59pm,11,6:00pm-6:59pm,20,Not Applicable (Not Transported),Not Applicable (Not Transported),1,Daylight,Clear,1,1,['Driver'],['None_Used'],0,0,Valid,0.0,0.0,74.0,58.0,"['Male', 'Male']",0,0,5,4,5,Dry,Straight,Non-Trafficway,Lowest,No
37106,55,Wisconsin,550106,0,1,1,0,1,N FOND DU LAC,April,16,Sunday,0,31,Rural,Medium Speed (Collector),No,43.80721667,-88.49591389,Non-Intersection,Dark - Lighted,Cloudy,Unknown,Unknown,Unknown EMS Scene Arrival Hour,Unknown EMS Scene Arrival Minutes,Unknown,Unknown EMS Hospital Arrival Time,1,Dark - Lighted,Reduced Visibility,1,0,['Driver'],['None_Used'],1,1,Invalid,0.0,0.0,33.0,33.0,['Male'],0,0,5,4,2,Dry,Curve,Grade/Hillcrest,Lowest,No
37107,55,Wisconsin,550107,0,1,1,0,2,NOT APPLICABLE,April,15,Saturday,15,37,Rural,Medium Speed (Collector),No,42.65672778,-88.188125,Non-Intersection,Daylight,Cloudy,3:00pm-3:59pm,38,3:00pm-3:59pm,44,4:00pm-4:59pm,0,1,Daylight,Reduced Visibility,1,1,['Driver'],['None_Used'],1,1,Valid,0.0,0.0,54.0,54.0,['Male'],2,0,5,4,3,Wet/Standing Water,Curve,Grade/Hillcrest,Lowest,No
37108,55,Wisconsin,550108,0,3,3,0,3,DANE,April,17,Monday,12,11,Urban,Medium Speed (Collector),No,43.25042222,-89.50158333,Complex/Circle,Daylight,Cloudy,Unknown,Unknown,Unknown EMS Scene Arrival Hour,Unknown EMS Scene Arrival Minutes,Not Applicable (Not Transported),Not Applicable (Not Transported),1,Daylight,Reduced Visibility,1,2,['Driver'],['Shoulder_Lapbelt'],0,0,Valid,0.0,1.0,73.0,22.0,"['Male', 'Male', 'Male']",0,0,3,4,5,Wet/Standing Water,Straight,Level,Lowest,No
37109,55,Wisconsin,550109,0,2,2,0,3,MILWAUKEE,April,10,Monday,0,40,Urban,High Speed (Arterial),Yes,43.11951389,-88.02583611,Complex/Circle,Dark - Lighted,Clear,0:00am-0:59am,43,Unknown EMS Scene Arrival Hour,Unknown EMS Scene Arrival Minutes,Unknown,Unknown EMS Hospital Arrival Time,2,Dark - Lighted,Clear,2,1,"['Driver', 'Front_Passenger']","['None_Used', 'None_Used']",0,0,Invalid,1.0,5.0,33.0,22.0,"['Male', 'Female']",1,0,2,4,5,Dry,Straight,Level,Lowest,No