,State_Code,State_Name,Crash_ID,Count_Non_Motorists,Count_Vehicles_Total,Count_Vehicle_Forms,Count_PVH_Involved,Count_Occupants_MV,City_Name,Month_Name,Day_of_Month,Day_of_Week,Crash_Hour,Crash_Minute,Area_Rural_Urban,Road_Functional_Class,On_NHS_Road,Latitude,Longitude,Intersection_Type,Light_Condition,Weather_Condition,Notif_Hour,Notif_Minute,Arrival_Hour,Arrival_Minute,Hospital_Hour,Hospital_Minute,Fatalities_Count,Clean_Light_Condition,Clean_Weather_Condition,Total_Killed,Total_Alive,Fatal_Seats_List,Killed_Restraint_List,Any_Driver_Drinking,Total_Drinking_Drivers,Driver_License_Category,Driver_Max_Prev_Accident_Count,Driver_Max_Prev_Speeding_Count,Max_Driver_Age,Min_Driver_Age,Driver_Sex_List,Total_Exceeding_Limit_Vehicles,Total_Too_Fast_Vehicles,Max_Vehicle_Type_Severity_5,Max_Vehicle_Damage_Rank,Max_Harmful_Event_Severity,Crash_Road_Surface_Condition,Crash_Horizontal_Alignment,Crash_Vertical_Profile,Crash_Impairment_Category,Crash_Vehicle_Defect
37110,55,Wisconsin,550110,1,1,1,0,3,BROWN DEER,April,11,Tuesday,18,52,Urban,High Speed (Arterial),Yes,43.17760278,-87.98434167,Complex/Circle,Daylight,Clear,Unknown,Unknown,Unknown EMS Scene Arrival Hour,Unknown EMS Scene Arrival Minutes,Unknown,Unknown EMS Hospital Arrival Time,1,Daylight,Clear,0,3,[],[],0,0,Valid,0.0,0.0,49.0,49.0,['Male'],0,0,3,2,4,Dry,Straight,Level,Lowest,No
37111,55,Wisconsin,550111,0,2,2,0,2,NOT APPLICABLE,April,23,Sunday,5,57,Rural,Medium Speed (Collector),No,42.65597222,-89.06228611,Non-Intersection,Dawn,Cloudy,5:00am-5:59am,57,6:00am-6:59am,4,6:00am-6:59am,29,1,Twilight,Reduced Visibility,1,1,['Driver'],['Shoulder_Lapbelt'],1,1,Valid,1.0,0.0,55.0,49.0,"['Male', 'Female']",0,0,3,4,5,Dry,Straight,Level,Lowest,No
37112,55,Wisconsin,550112,0,1,1,0,1,NOT APPLICABLE,April,12,Wednesday,13,13,Rural,Medium Speed (Collector),No,43.82041667,-89.20631111,Non-Intersection,Daylight,Clear,1:00pm-1:59pm,15,1:00pm-1:59pm,25,Unknown,Unknown EMS Hospital Arrival Time,1,Daylight,Clear,1,0,['Driver'],['None_Used'],0,0,Valid,0.0,0.0,67.0,67.0,['Male'],0,0,5,4,3,Dry,Curve,Level,Lowest,No
37113,55,Wisconsin,550113,1,1,1,0,1,PRAIRIE DU SAC,April,14,Friday,14,46,Urban,Low Speed (Local),No,43.29541667,-89.74492222,Simple Junction,Daylight,Clear,2:00pm-2:59pm,47,2:00pm-2:59pm,53,3:00pm-3:59pm,11,1,Daylight,Clear,0,1,[],[],0,0,Valid,0.0,0.0,51.0,51.0,['Male'],0,0,3,2,4,Dry,Straight,Grade/Hillcrest,Lowest,No
37114,55,Wisconsin,550114,1,1,1,0,1,GREEN BAY,April,18,Tuesday,13,13,Urban,High Speed (Arterial),Yes,44.51505556,-88.03944444,Simple Junction,Daylight,Clear,1:00pm-1:59pm,13,1:00pm-1:59pm,15,1:00pm-1:59pm,25,1,Daylight,Clear,0,1,[],[],1,1,Valid,0.0,0.0,23.0,23.0,['Male'],1,0,2,3,4,Dry,Straight,Level,Lowest,No
37115,55,Wisconsin,550115,0,2,2,0,3,NOT APPLICABLE,April,19,Wednesday,14,17,Rural,Medium Speed (Collector),No,43.36973611,-89.39179444,Non-Intersection,Daylight,Sleet or Hail,2:00pm-2:59pm,20,2:00pm-2:59pm,37,3:00pm-3:59pm,34,1,Daylight,Snow/Ice/Severe,1,2,['Driver'],['Shoulder_Lapbelt'],0,0,Valid,0.0,0.0,85.0,73.0,"['Male', 'Male']",0,0,3,4,5,Icy/Snowy,Straight,Grade/Hillcrest,Lowest,No
37116,55,Wisconsin,550116,2,2,2,0,3,WEST ALLIS,April,23,Sunday,0,29,Urban,Medium Speed (Collector),No,43.01021389,-87.98737778,Complex/Circle,Dark - Lighted,Clear,0:00am-0:59am,Unknown,0:00am-0:59am,51,1:00am-1:59am,0,1,Dark - Lighted,Clear,1,2,['Front_Passenger'],['None_Used'],1,1,Valid,0.0,2.0,20.0,18.0,"['Male', 'Female']",2,0,3,4,5,Dry,Straight,Level,Lowest,No
37117,55,Wisconsin,550117,0,1,1,0,3,NOT APPLICABLE,March,20,Monday,12,34,Rural,High Speed (Arterial),Yes,43.16756667,-88.652325,Non-Intersection,Daylight,Cloudy,12:00pm-12:59pm,35,Unknown EMS Scene Arrival Hour,Unknown EMS Scene Arrival Minutes,Unknown,Unknown EMS Hospital Arrival Time,1,Daylight,Reduced Visibility,1,2,['Rear_Seat'],['None_Used'],0,0,Invalid,0.0,0.0,16.0,16.0,['Male'],3,0,2,4,3,Dry,Straight,Grade/Hillcrest,Lowest,No
37118,55,Wisconsin,550118,0,1,1,0,2,SLINGER,April,26,Wednesday,19,47,Urban,High Speed (Arterial),Yes,43.32461944,-88.29043889,Complex/Circle,Daylight,Clear,7:00pm-7:59pm,51,7:00pm-7:59pm,54,8:00pm-8:59pm,36,1,Daylight,Clear,1,1,['Driver'],['None_Used'],1,1,Valid,0.0,0.0,62.0,62.0,['Male'],0,0,3,4,2,Dry,Straight,Level,Lowest,No
37119,55,Wisconsin,550119,5,2,2,0,2,SHEBOYGAN,April,12,Wednesday,16,48,Urban,Low Speed (Local),No,43.76432222,-87.73388611,Complex/Circle,Daylight,Clear,4:00pm-4:59pm,48,4:00pm-4:59pm,52,Unknown,Unknown EMS Hospital Arrival Time,1,Daylight,Clear,0,2,[],[],1,1,Invalid,1.0,7.0,76.0,23.0,"['Male', 'Female']",0,0,3,4,5,Dry,Straight,Level,Lowest,No
37120,55,Wisconsin,550120,0,2,2,0,2,MILWAUKEE,April,23,Sunday,0,6,Urban,High Speed (Arterial),Yes,43.09003056,-87.99703889,Complex/Circle,Dark - Lighted,Clear,Unknown,Unknown,Unknown EMS Scene Arrival Hour,Unknown EMS Scene Arrival Minutes,Not Applicable (Not Transported),Not Applicable (Not Transported),1,Dark - Lighted,Clear,1,1,['Driver'],['Shoulder_Lapbelt'],0,0,Invalid,0.0,0.0,998.0,74.0,"['Other', 'Male']",0,0,2,4,5,Dry,Straight,Level,Lowest,No
37121,55,Wisconsin,550121,0,1,1,0,2,NOT APPLICABLE,April,28,Friday,22,0,Rural,Medium Speed (Collector),No,45.30946667,-92.11721111,Non-Intersection,Dark - Not Lighted,Rain,10:00pm-10:59pm,10,Unknown EMS Scene Arrival Hour,Unknown EMS Scene Arrival Minutes,11:00pm-11:59pm,0,1,Dark - Unlighted,Rain/Wind/Minor,1,1,['Driver'],['None_Used'],0,0,Valid,1.0,2.0,21.0,21.0,['Male'],2,0,2,4,3,Wet/Standing Water,Straight,Grade/Hillcrest,Lowest,No
37122,55,Wisconsin,550122,0,2,2,0,4,NOT APPLICABLE,April,10,Monday,18,24,Rural,Medium Speed (Collector),No,44.10617222,-91.63921111,Non-Intersection,Daylight,Clear,6:00pm-6:59pm,24,6:00pm-6:59pm,40,7:00pm-7:59pm,13,2,Daylight,Clear,2,2,"['Front_Passenger', 'Rear_Seat']","['Shoulder_Lapbelt', 'None_Used']",0,0,Valid,0.0,0.0,51.0,18.0,"['Male', 'Female']",0,0,3,4,5,Dry,Straight,Grade/Hillcrest,Lowest,No
37123,55,Wisconsin,550123,0,1,1,0,1,NOT APPLICABLE,April,21,Friday,11,10,Rural,Low Speed (Local),No,44.81431667,-90.38713056,Non-Intersection,Daylight,Cloudy,11:00am-11:59am,19,11:00am-11:59am,38,Not Applicable (Not Transported),Not Applicable (Not Transported),1,Daylight,Reduced Visibility,1,0,['Driver'],['None_Used'],0,0,Valid,0.0,0.0,74.0,74.0,['Male'],0,0,3,4,4,Dry,Straight,Grade/Hillcrest,Lowest,No
37124,55,Wisconsin,550124,0,2,2,0,2,NOT APPLICABLE,April,26,Wednesday,15,49,Rural,Medium Speed (Collector),No,44.73916389,-91.38525833,Non-Intersection,Daylight,Clear,3:00pm-3:59pm,49,4:00pm-4:59pm,0,Not Applicable (Not Transported),Not Applicable (Not Transported),1,Daylight,Clear,1,1,['Driver'],['Shoulder_Lapbelt'],0,0,Valid,0.0,0.0,44.0,40.0,"['Female', 'Male']",1,0,3,4,5,Dry,Curve,Level,Lowest,No
37125,55,Wisconsin,550125,0,1,1,0,1,WAUSAU,April,27,Thursday,19,31,Urban,Medium Speed (Collector),No,44.95485556,-89.68104722,Simple Junction,Daylight,Cloudy,7:00pm-7:59pm,33,7:00pm-7:59pm,37,Not Applicable (Not Transported),Not Applicable (Not Transported),1,Daylight,Reduced Visibility,1,0,['Driver'],['Shoulder_Lapbelt'],0,0,Invalid,0.0,0.0,40.0,40.0,['Male'],1,0,2,4,2,Dry,Straight,Level,Lowest,No
37126,55,Wisconsin,550126,0,1,1,0,1,NOT APPLICABLE,May,4,Thursday,99,99,Rural,High Speed (Arterial),Yes,42.88802778,-90.1641,Non-Intersection,Dark - Not Lighted,Clear,3:00am-3:59am,58,4:00am-4:59am,11,Not Applicable (Not Transported),Not Applicable (Not Transported),1,Dark - Unlighted,Clear,1,0,['Driver'],['None_Used'],0,0,Valid,0.0,1.0,37.0,37.0,['Male'],0,0,5,4,1,Dry,Straight,Grade/Hillcrest,Lowest,No
37127,55,Wisconsin,550127,0,2,2,0,2,NOT APPLICABLE,April,27,Thursday,14,0,Rural,Medium Speed (Collector),No,42.83164722,-88.46394167,Non-Intersection,Daylight,Clear,2:00pm-2:59pm,1,2:00pm-2:59pm,7,3:00pm-3:59pm,28,1,Daylight,Clear,1,1,['Driver'],['None_Used'],0,0,Valid,0.0,0.0,67.0,18.0,"['Male', 'Male']",0,0,3,4,5,Dry,Curve,Grade/Hillcrest,Lowest,No
37128,55,Wisconsin,550128,0,2,2,0,3,OSHKOSH,April,29,Saturday,21,3,Urban,Low Speed (Local),No,44.03209444,-88.55626389,Complex/Circle,Dark - Lighted,Rain,9:00pm-9:59pm,7,9:00pm-9:59pm,13,Not Applicable (Not Transported),Not Applicable (Not Transported),1,Dark - Lighted,Rain/Wind/Minor,1,2,['Driver'],['None_Used'],0,0,Valid,0.0,0.0,25.0,16.0,"['Male', 'Female']",1,0,5,4,5,Wet/Standing Water,Straight,Level,Lowest,No
37129,55,Wisconsin,550129,0,1,1,0,1,NOT APPLICABLE,April,27,Thursday,0,10,Rural,Low Speed (Local),No,44.82680833,-89.19313889,Non-Intersection,Dark - Not Lighted,Reported as Unknown,Unknown,Unknown,Unknown EMS Scene Arrival Hour,Unknown EMS Scene Arrival Minutes,Unknown,Unknown EMS Hospital Arrival Time,1,Dark - Unlighted,Clear,1,0,['Driver'],['None_Used'],0,0,Invalid,0.0,0.0,34.0,34.0,['Female'],1,0,2,4,2,Dry,Curve,Level,Lowest,No
37130,55,Wisconsin,550130,0,2,2,0,2,SUPERIOR,April,29,Saturday,13,34,Urban,High Speed (Arterial),Yes,46.68709444,-92.02241667,Complex/Circle,Daylight,Cloudy,1:00pm-1:59pm,35,Unknown EMS Scene Arrival Hour,Unknown EMS Scene Arrival Minutes,Not Applicable (Not Transported),Not Applicable (Not Transported),1,Daylight,Reduced Visibility,1,1,['Driver'],['None_Used'],0,0,Valid,0.0,1.0,78.0,21.0,"['Male', 'Male']",1,0,4,4,5,Wet/Standing Water,Straight,Level,Lowest,No
37131,55,Wisconsin,550131,0,2,2,0,2,JANESVILLE,April,29,Saturday,14,12,Urban,Medium Speed (Collector),No,42.66683333,-89.00799722,Non-Intersection,Daylight,Cloudy,2:00pm-2:59pm,12,2:00pm-2:59pm,18,2:00pm-2:59pm,44,1,Daylight,Reduced Visibility,1,1,['Driver'],['None_Used'],1,1,Valid,0.0,1.0,60.0,41.0,"['Female', 'Male']",0,0,5,3,5,Dry,Straight,Level,Lowest,No
37132,55,Wisconsin,550132,0,1,1,0,1,Other,April,8,Saturday,0,2,Urban,High Speed (Arterial),Yes,42.56137778,-88.35576944,Non-Intersection,Dark - Not Lighted,Clear,Unknown,Unknown,Unknown EMS Scene Arrival Hour,Unknown EMS Scene Arrival Minutes,Unknown,Unknown EMS Hospital Arrival Time,1,Dark - Unlighted,Clear,1,0,['Driver'],['Shoulder_Lapbelt'],1,1,Valid,1.0,1.0,67.0,67.0,['Male'],1,0,3,4,3,Dry,Straight,Level,Lowest,No
37133,55,Wisconsin,550134,0,1,1,0,1,GREEN BAY,May,6,Saturday,18,56,Urban,High Speed (Arterial),Yes,44.51848889,-88.01732222,Non-Intersection,Dusk,Cloudy,6:00pm-6:59pm,57,7:00pm-7:59pm,5,Not Applicable (Not Transported),Not Applicable (Not Transported),1,Twilight,Reduced Visibility,1,0,['Driver'],['Shoulder_Lapbelt'],0,0,Valid,0.0,0.0,39.0,39.0,['Female'],0,0,2,4,4,Dry,Curve,Grade/Hillcrest,Lowest,No
37134,55,Wisconsin,550135,1,1,1,0,1,MILWAUKEE,February,10,Friday,5,44,Urban,Medium Speed (Collector),No,42.99716389,-87.93359167,Non-Intersection,Dawn,Clear,Unknown,Unknown,Unknown EMS Scene Arrival Hour,Unknown EMS Scene Arrival Minutes,Not Applicable (Not Transported),Not Applicable (Not Transported),1,Twilight,Clear,0,1,[],[],0,0,Valid,0.0,0.0,65.0,65.0,['Male'],0,0,3,3,4,Dry,Straight,Level,Lowest,No
37135,55,Wisconsin,550136,1,2,2,0,2,NOT APPLICABLE,May,12,Friday,7,20,Rural,High Speed (Arterial),Yes,43.53304167,-89.92487778,Non-Intersection,Daylight,Cloudy,7:00am-7:59am,24,7:00am-7:59am,35,Not Applicable (Not Transported),Not Applicable (Not Transported),1,Daylight,Reduced Visibility,0,2,[],[],0,0,Valid,1.0,0.0,47.0,17.0,"['Male', 'Male']",0,0,4,4,5,Dry,Straight,Level,Lowest,No
37136,55,Wisconsin,550137,0,2,2,0,4,NOT APPLICABLE,May,9,Tuesday,15,7,Rural,High Speed (Arterial),Yes,43.42734444,-88.89126111,Complex/Circle,Daylight,Clear,3:00pm-3:59pm,7,3:00pm-3:59pm,15,3:00pm-3:59pm,38,1,Daylight,Clear,1,3,['Driver'],['Shoulder_Lapbelt'],0,0,Valid,0.0,0.0,83.0,57.0,"['Male', 'Female']",0,0,2,4,5,Dry,Straight,Level,Lowest,No
37137,55,Wisconsin,550138,0,1,1,0,1,MADISON,April,25,Tuesday,14,1,Urban,Low Speed (Local),No,43.04442778,-89.39299167,Non-Intersection,Daylight,Clear,2:00pm-2:59pm,1,2:00pm-2:59pm,6,2:00pm-2:59pm,38,1,Daylight,Clear,1,0,['Driver'],['Shoulder_Lapbelt'],1,1,Valid,0.0,0.0,64.0,64.0,['Male'],0,0,2,4,3,Dry,Curve,Level,Lowest,No
37138,55,Wisconsin,550139,0,3,3,0,3,NOT APPLICABLE,March,27,Monday,13,14,Rural,High Speed (Arterial),Yes,43.42746111,-88.29193889,Complex/Circle,Daylight,Clear,1:00pm-1:59pm,29,1:00pm-1:59pm,26,2:00pm-2:59pm,49,1,Daylight,Clear,1,2,['Driver'],['Shoulder_Lapbelt'],0,0,Valid,0.0,0.0,61.0,34.0,"['Male', 'Male', 'Male']",0,0,3,4,5,Dry,Straight,Grade/Hillcrest,Lowest,No
37139,55,Wisconsin,550140,0,1,1,0,1,NOT APPLICABLE,May,5,Friday,1,12,Rural,Low Speed (Local),No,43.80368056,-89.87151111,Non-Intersection,Dark - Not Lighted,Cloudy,1:00am-1:59am,17,1:00am-1:59am,30,Not Applicable (Not Transported),Not Applicable (Not Transported),1,Dark - Unlighted,Reduced Visibility,1,0,['Driver'],['Shoulder_Lapbelt'],1,1,Valid,0.0,0.0,22.0,22.0,['Male'],1,0,2,4,3,Dry,Straight,Level,Lowest,No
37140,55,Wisconsin,550141,0,1,1,0,2,NOT APPLICABLE,May,5,Friday,15,50,Rural,High Speed (Arterial),Yes,43.08651667,-88.73331667,Non-Intersection,Daylight,Cloudy,Unknown,Unknown,4:00pm-4:59pm,1,4:00pm-4:59pm,50,1,Daylight,Reduced Visibility,1,1,['Driver'],['None_Used'],0,0,Valid,0.0,5.0,35.0,35.0,['Male'],2,0,2,4,3,Dry,Straight,Level,Lowest,No
37141,55,Wisconsin,550142,0,2,2,0,2,NOT APPLICABLE,May,7,Sunday,14,49,Rural,Medium Speed (Collector),No,43.30877222,-89.46240278,Complex/Circle,Daylight,Clear,2:00pm-2:59pm,49,3:00pm-3:59pm,6,Unknown,Terminated Transport,1,Daylight,Clear,1,1,['Driver'],['None_Used'],0,0,Valid,0.0,0.0,77.0,16.0,"['Male', 'Male']",0,0,5,4,5,Dry,Straight,Level,Lowest,No
37142,55,Wisconsin,550143,0,2,2,0,2,BELOIT,April,29,Saturday,19,25,Urban,Low Speed (Local),No,42.50175833,-89.05638056,Complex/Circle,Daylight,Cloudy,Unknown,Unknown,Unknown EMS Scene Arrival Hour,Unknown EMS Scene Arrival Minutes,Unknown,Unknown EMS Hospital Arrival Time,1,Daylight,Reduced Visibility,1,1,['Driver'],['None_Used'],1,1,Invalid,1.0,1.0,57.0,18.0,"['Male', 'Male']",1,0,3,4,5,Wet/Standing Water,Straight,Level,Lowest,No
37143,55,Wisconsin,550144,0,2,2,0,2,EAU CLAIRE,May,12,Friday,22,45,Urban,High Speed (Arterial),Yes,44.79434722,-91.46859444,Complex/Circle,Dark - Lighted,Clear,10:00pm-10:59pm,49,10:00pm-10:59pm,57,11:00pm-11:59pm,20,1,Dark - Lighted,Clear,1,1,['Driver'],['Shoulder_Lapbelt'],1,1,Valid,0.0,0.0,56.0,40.0,"['Male', 'Female']",1,0,3,4,5,Dry,Straight,Level,Lowest,No
37144,55,Wisconsin,550145,0,2,2,0,2,NOT APPLICABLE,May,11,Thursday,8,19,Rural,Medium Speed (Collector),No,43.14271389,-88.46063889,Complex/Circle,Daylight,Clear,8:00am-8:59am,20,8:00am-8:59am,26,Unknown,Unknown EMS Hospital Arrival Time,1,Daylight,Clear,1,1,['Driver'],['None_Used'],0,0,Valid,2.0,0.0,28.0,20.0,"['Male', 'Male']",0,0,5,4,5,Dry,Straight,Level,Lowest,No
37145,55,Wisconsin,550146,0,2,2,0,2,NOT APPLICABLE,May,10,Wednesday,17,23,Rural,High Speed (Arterial),Yes,43.41823611,-91.19788056,Non-Intersection,Daylight,Clear,Unknown,Unknown,Unknown EMS Scene Arrival Hour,Unknown EMS Scene Arrival Minutes,Unknown,Unknown EMS Hospital Arrival Time,1,Daylight,Clear,1,1,['Driver'],['None_Used'],0,0,Valid,2.0,0.0,80.0,45.0,"['Male', 'Male']",0,0,3,4,5,Dry,Straight,Level,Lowest,No
37146,55,Wisconsin,550147,0,1,1,0,1,NOT APPLICABLE,May,20,Saturday,14,15,Rural,Medium Speed (Collector),No,43.20028333,-89.9996,Non-Intersection,Daylight,Clear,2:00pm-2:59pm,21,2:00pm-2:59pm,34,Unknown,Terminated Transport,1,Daylight,Clear,1,0,['Driver'],['None_Used'],0,0,Valid,0.0,2.0,22.0,22.0,['Female'],0,0,5,4,2,Dry,Curve,Level,Lowest,No
37147,55,Wisconsin,550148,1,1,1,0,1,MADISON,May,20,Saturday,20,50,Urban,High Speed (Arterial),Yes,43.11067778,-89.34678056,Complex/Circle,Dark - Lighted,Clear,8:00pm-8:59pm,50,8:00pm-8:59pm,53,Not Applicable (Not Transported),Not Applicable (Not Transported),1,Dark - Lighted,Clear,0,1,[],[],0,0,Valid,1.0,3.0,23.0,23.0,['Male'],1,0,2,3,4,Dry,Straight,Level,Lowest,No
37148,55,Wisconsin,550149,0,2,2,0,2,NOT APPLICABLE,May,10,Wednesday,20,30,Rural,Medium Speed (Collector),No,45.33611944,-89.46500278,Non-Intersection,Daylight,Clear,8:00pm-8:59pm,35,8:00pm-8:59pm,53,Not Applicable (Not Transported),Not Applicable (Not Transported),2,Daylight,Clear,2,0,"['Driver', 'Driver']","['None_Used', 'Shoulder_Lapbelt']",1,1,Valid,0.0,1.0,59.0,22.0,"['Female', 'Female']",0,0,3,4,5,Dry,Curve,Level,Lowest,No
37149,55,Wisconsin,550150,1,1,1,0,1,NOT APPLICABLE,May,11,Thursday,9,47,Rural,Medium Speed (Collector),No,44.72436389,-90.59809444,Non-Intersection,Daylight,Cloudy,9:00am-9:59am,50,9:00am-9:59am,59,Not Applicable (Not Transported),Not Applicable (Not Transported),1,Daylight,Reduced Visibility,0,1,[],[],0,0,Valid,0.0,0.0,58.0,58.0,['Female'],0,0,3,2,4,Dry,Straight,Level,Lowest,No
37150,55,Wisconsin,550151,1,2,1,1,4,NOT APPLICABLE,May,20,Saturday,8,29,Rural,High Speed (Arterial),Yes,43.58147222,-88.755275,Non-Intersection,Daylight,Clear,8:00am-8:59am,29,8:00am-8:59am,41,Unknown,Unknown EMS Hospital Arrival Time,1,Daylight,Clear,1,3,['Front_Passenger'],['Shoulder_Lapbelt'],0,0,Valid,1.0,1.0,59.0,59.0,['Male'],0,0,2,4,5,Dry,Straight,Level,Lowest,No
37151,55,Wisconsin,550152,0,1,1,0,1,NOT APPLICABLE,May,20,Saturday,22,55,Rural,High Speed (Arterial),No,42.59057222,-89.39854722,Complex/Circle,Dark - Not Lighted,Clear,11:00pm-11:59pm,1,11:00pm-11:59pm,15,Not Applicable (Not Transported),Not Applicable (Not Transported),1,Dark - Unlighted,Clear,1,0,['Driver'],['None_Used'],1,1,Valid,0.0,2.0,52.0,52.0,['Male'],0,0,2,4,3,Dry,Straight,Level,Lowest,No
37152,55,Wisconsin,550153,0,1,1,0,1,NOT APPLICABLE,May,22,Monday,18,46,Rural,Medium Speed (Collector),No,44.21373056,-89.67201944,Non-Intersection,Daylight,Clear,6:00pm-6:59pm,50,Unknown EMS Scene Arrival Hour,Officially Cancelled,Unknown,Officially Canceled,1,Daylight,Clear,1,0,['Driver'],['None_Used'],1,1,Valid,0.0,0.0,34.0,34.0,['Male'],0,0,2,4,4,Dry,Straight,Level,Lowest,No
37153,55,Wisconsin,550154,0,1,1,0,4,CUDAHY,May,21,Sunday,2,7,Urban,High Speed (Arterial),Yes,42.95260556,-87.88314167,Non-Intersection,Dark - Lighted,Clear,2:00am-2:59am,8,2:00am-2:59am,18,Unknown,Unknown EMS Hospital Arrival Time,1,Dark - Lighted,Clear,1,3,['Front_Passenger'],['Shoulder_Lapbelt'],1,1,Invalid,1.0,1.0,17.0,17.0,['Female'],4,0,2,4,3,Dry,Curve,Level,Lowest,No
37154,55,Wisconsin,550155,0,1,1,0,1,NOT APPLICABLE,May,13,Saturday,15,43,Rural,Medium Speed (Collector),No,44.96633056,-91.34874444,Non-Intersection,Daylight,Cloudy,3:00pm-3:59pm,45,3:00pm-3:59pm,51,Not Applicable (Not Transported),Not Applicable (Not Transported),1,Daylight,Reduced Visibility,1,0,['Driver'],['None_Used'],1,1,Valid,1.0,0.0,54.0,54.0,['Male'],1,0,2,4,3,Dry,Curve,Level,Lowest,No
37155,55,Wisconsin,550156,0,2,2,0,2,NOT APPLICABLE,May,9,Tuesday,13,56,Rural,Low Speed (Local),No,43.87715278,-88.09521667,Non-Intersection,Daylight,Clear,2:00pm-2:59pm,8,2:00pm-2:59pm,29,Unknown,Unknown EMS Hospital Arrival Time,1,Daylight,Clear,1,1,['Driver'],['None_Used'],0,0,Valid,0.0,0.0,74.0,18.0,"['Male', 'Male']",0,0,4,4,5,Dry,Straight,Level,Lowest,No
37156,55,Wisconsin,550157,0,2,2,0,5,NEW RICHMOND,May,13,Saturday,10,15,Urban,High Speed (Arterial),Yes,45.13070833,-92.556425,Complex/Circle,Daylight,Rain,Unknown,Unknown,Unknown EMS Scene Arrival Hour,Unknown EMS Scene Arrival Minutes,Unknown,Unknown EMS Hospital Arrival Time,1,Daylight,Rain/Wind/Minor,1,4,['Driver'],['Shoulder_Lapbelt'],0,0,Valid,0.0,0.0,87.0,68.0,"['Female', 'Male']",0,0,3,4,5,Wet/Standing Water,Straight,Level,Lowest,No
37157,55,Wisconsin,550158,0,2,2,0,2,NOT APPLICABLE,May,18,Thursday,13,0,Rural,High Speed (Arterial),Yes,43.79893333,-88.59793333,Non-Intersection,Daylight,Cloudy,1:00pm-1:59pm,0,1:00pm-1:59pm,10,Not Applicable (Not Transported),Not Applicable (Not Transported),2,Daylight,Reduced Visibility,2,0,"['Driver', 'Driver']","['None_Used', 'Shoulder_Lapbelt']",0,0,Valid,0.0,0.0,64.0,19.0,"['Female', 'Male']",0,0,3,4,5,Dry,Straight,Level,Lowest,No
37158,55,Wisconsin,550159,0,2,2,0,5,RACINE,May,19,Friday,21,10,Urban,High Speed (Arterial),Yes,42.73158333,-87.79032778,Complex/Circle,Dark - Lighted,Clear,9:00pm-9:59pm,11,9:00pm-9:59pm,14,Unknown,Unknown EMS Hospital Arrival Time,1,Dark - Lighted,Clear,1,4,['Driver'],['None_Used'],1,1,Valid,2.0,1.0,40.0,36.0,"['Female', 'Male']",0,0,5,4,5,Dry,Straight,Grade/Hillcrest,Lowest,No
37159,55,Wisconsin,550160,0,1,1,0,1,NOT APPLICABLE,May,16,Tuesday,7,54,Rural,Medium Speed (Collector),No,43.68946389,-88.37646111,Non-Intersection,Daylight,Clear,7:00am-7:59am,55,8:00am-8:59am,9,Not Applicable (Not Transported),Not Applicable (Not Transported),1,Daylight,Clear,1,0,['Driver'],['Shoulder_Lapbelt'],0,0,Valid,0.0,0.0,50.0,50.0,['Female'],0,0,2,4,3,Dry,Straight,Grade/Hillcrest,Medium,No
37160,55,Wisconsin,550161,0,2,2,0,2,DRESSER,May,8,Monday,11,10,Urban,High Speed (Arterial),Yes,45.36535833,-92.63648333,Complex/Circle,Daylight,Clear,11:00am-11:59am,11,11:00am-11:59am,23,Not Applicable (Not Transported),Not Applicable (Not Transported),1,Daylight,Clear,1,1,['Driver'],['None_Used'],0,0,Invalid,0.0,0.0,62.0,27.0,"['Male', 'Male']",0,0,3,4,5,Dry,Straight,Level,Lowest,No
37161,55,Wisconsin,550162,0,2,2,0,3,NOT APPLICABLE,May,21,Sunday,12,33,Rural,High Speed (Arterial),Yes,44.63325556,-87.80437222,Complex/Circle,Daylight,Clear,Unknown,Unknown,Unknown EMS Scene Arrival Hour,Unknown EMS Scene Arrival Minutes,Unknown,Unknown EMS Hospital Arrival Time,1,Daylight,Clear,1,2,['Driver'],['Shoulder_Lapbelt'],0,0,Valid,0.0,0.0,76.0,20.0,"['Male', 'Female']",0,0,3,4,5,Dry,Straight,Level,Lowest,No
37162,55,Wisconsin,550163,0,1,1,0,4,NOT APPLICABLE,May,23,Tuesday,9,4,Rural,Medium Speed (Collector),No,46.17389722,-92.21968889,Non-Intersection,Daylight,Cloudy,Unknown,Unknown,Unknown EMS Scene Arrival Hour,Unknown EMS Scene Arrival Minutes,Unknown,Unknown EMS Hospital Arrival Time,1,Daylight,Reduced Visibility,1,3,['Rear_Seat'],['None_Used'],0,0,Invalid,0.0,0.0,23.0,23.0,['Male'],4,0,2,4,3,Dry,Curve,Grade/Hillcrest,Lowest,No
37163,55,Wisconsin,550164,0,1,1,0,1,NOT APPLICABLE,May,24,Wednesday,18,40,Rural,Medium Speed (Collector),No,45.113875,-88.64758611,Non-Intersection,Daylight,Clear,6:00pm-6:59pm,47,7:00pm-7:59pm,7,Unknown,Terminated Transport,1,Daylight,Clear,1,0,['Driver'],['Shoulder_Lapbelt'],0,0,Valid,0.0,0.0,81.0,81.0,['Male'],0,0,3,4,3,Dry,Curve,Grade/Hillcrest,Lowest,No
37164,55,Wisconsin,550165,0,1,1,0,1,MERRILL,May,27,Saturday,9,50,Urban,High Speed (Arterial),Yes,45.18094722,-89.68629444,Complex/Circle,Daylight,Clear,9:00am-9:59am,51,9:00am-9:59am,54,10:00am-10:59am,12,1,Daylight,Clear,1,0,['Driver'],['Shoulder_Lapbelt'],0,0,Valid,0.0,0.0,73.0,73.0,['Male'],0,0,3,4,3,Dry,Straight,Grade/Hillcrest,Medium,No
37165,55,Wisconsin,550167,1,1,1,0,1,KIEL,May,31,Wednesday,10,1,Urban,High Speed (Arterial),No,43.9238,-88.0225,Complex/Circle,Daylight,Clear,10:00am-10:59am,3,10:00am-10:59am,9,Unknown,Terminated Transport,1,Daylight,Clear,0,1,[],[],0,0,Valid,0.0,0.0,59.0,59.0,['Female'],0,0,3,1,4,Dry,Straight,Level,Lowest,No