,State_Code,State_Name,Crash_ID,Count_Non_Motorists,Count_Vehicles_Total,Count_Vehicle_Forms,Count_PVH_Involved,Count_Occupants_MV,City_Name,Month_Name,Day_of_Month,Day_of_Week,Crash_Hour,Crash_Minute,Area_Rural_Urban,Road_Functional_Class,On_NHS_Road,Latitude,Longitude,Intersection_Type,Light_Condition,Weather_Condition,Notif_Hour,Notif_Minute,Arrival_Hour,Arrival_Minute,Hospital_Hour,Hospital_Minute,Fatalities_Count,Clean_Light_Condition,Clean_Weather_Condition,Total_Killed,Total_Alive,Fatal_Seats_List,Killed_Restraint_List,Any_Driver_Drinking,Total_Drinking_Drivers,Driver_License_Category,Driver_Max_Prev_Accident_Count,Driver_Max_Prev_Speeding_Count,Max_Driver_Age,Min_Driver_Age,Driver_Sex_List,Total_Exceeding_Limit_Vehicles,Total_Too_Fast_Vehicles,Max_Vehicle_Type_Severity_5,Max_Vehicle_Damage_Rank,Max_Harmful_Event_Severity,Crash_Road_Surface_Condition,Crash_Horizontal_Alignment,Crash_Vertical_Profile,Crash_Impairment_Category,Crash_Vehicle_Defect
37166,55,Wisconsin,550168,0,1,1,0,2,NOT APPLICABLE,May,9,Tuesday,20,23,Rural,High Speed (Arterial),Yes,43.94010278,-87.74424167,Non-Intersection,Dusk,Clear,8:00pm-8:59pm,26,8:00pm-8:59pm,38,9:00pm-9:59pm,0,1,Twilight,Clear,1,1,['Driver'],['Shoulder_Lapbelt'],0,0,Invalid,0.0,0.0,53.0,53.0,['Female'],0,0,2,4,3,Dry,Curve,Level,Lowest,No
37167,55,Wisconsin,550169,0,1,1,0,2,HAYWARD,May,22,Monday,19,0,Urban,Medium Speed (Collector),No,46.00918333,-91.48178611,Non-Intersection,Daylight,Clear,7:00pm-7:59pm,1,7:00pm-7:59pm,6,7:00pm-7:59pm,16,2,Daylight,Clear,2,0,"['Driver', 'Rear_Seat']","['None_Used', 'None_Used']",1,1,Invalid,0.0,0.0,47.0,47.0,['Male'],2,0,5,0,3,Dry,Straight,Level,Lowest,No
37168,55,Wisconsin,550170,0,2,2,0,3,PLEASANT PRAIRIE,May,30,Tuesday,22,8,Urban,High Speed (Arterial),Yes,42.5136,-87.823175,Simple Junction,Dark - Not Lighted,Clear,Unknown,Unknown,Unknown EMS Scene Arrival Hour,Unknown EMS Scene Arrival Minutes,Unknown,Unknown EMS Hospital Arrival Time,1,Dark - Unlighted,Clear,1,2,['Driver'],['None_Used'],0,0,Invalid,0.0,0.0,61.0,24.0,"['Male', 'Female']",0,0,5,4,5,Dry,Straight,Level,Lowest,No
37169,55,Wisconsin,550171,0,1,1,0,1,NOT APPLICABLE,June,4,Sunday,99,99,Rural,Medium Speed (Collector),No,45.79461944,-92.62349444,Non-Intersection,Dark - Not Lighted,Clear,1:00am-1:59am,35,1:00am-1:59am,51,Not Applicable (Not Transported),Not Applicable (Not Transported),1,Dark - Unlighted,Clear,1,0,['Driver'],['None_Used'],1,1,Invalid,0.0,0.0,31.0,31.0,['Male'],0,0,3,4,3,Dry,Curve,Level,Lowest,No
37170,55,Wisconsin,550172,0,2,2,0,5,WAUKESHA,June,4,Sunday,10,2,Urban,High Speed (Arterial),No,42.98081389,-88.2738,Complex/Circle,Daylight,Clear,10:00am-10:59am,Unknown,10:00am-10:59am,Unknown EMS Scene Arrival Minutes,10:00am-10:59am,28,1,Daylight,Clear,1,4,['Driver'],['Shoulder_Lapbelt'],0,0,Valid,1.0,0.0,76.0,29.0,"['Male', 'Female']",0,0,3,4,5,Dry,Straight,Level,Lowest,No
37171,55,Wisconsin,550173,0,1,1,0,4,MILWAUKEE,May,15,Monday,1,16,Urban,High Speed (Arterial),Yes,43.08970556,-87.95019167,Non-Intersection,Dark - Lighted,Clear,Unknown,Unknown,Unknown EMS Scene Arrival Hour,Unknown EMS Scene Arrival Minutes,Unknown,Unknown EMS Hospital Arrival Time,1,Dark - Lighted,Clear,1,3,['Driver'],['None_Used'],0,0,Valid,1.0,0.0,68.0,68.0,['Male'],0,0,2,4,3,Dry,Straight,Level,Lowest,No
37172,55,Wisconsin,550174,0,2,2,0,14,NOT APPLICABLE,May,29,Monday,17,52,Rural,High Speed (Arterial),Yes,45.23162222,-91.88063056,Simple Junction,Daylight,Cloudy,7:00pm-7:59pm,40,Unknown EMS Scene Arrival Hour,Unknown EMS Scene Arrival Minutes,Unknown,Unknown EMS Hospital Arrival Time,3,Daylight,Reduced Visibility,3,11,"['Rear_Seat', 'Rear_Seat', 'Front_Passenger']","['Shoulder_Lapbelt', 'Shoulder_Lapbelt', 'Shoulder_Lapbelt']",0,0,Valid,1.0,1.0,54.0,17.0,"['Male', 'Male']",0,0,3,4,3,Dry,Straight,Level,Lowest,No
37173,55,Wisconsin,550175,0,2,2,0,2,NOT APPLICABLE,June,7,Wednesday,22,21,Rural,Medium Speed (Collector),No,44.34339722,-88.35015833,Simple Junction,Dark - Not Lighted,Clear,10:00pm-10:59pm,22,10:00pm-10:59pm,27,Unknown,Unknown EMS Hospital Arrival Time,1,Dark - Unlighted,Clear,1,1,['Driver'],['None_Used'],1,1,Valid,1.0,0.0,52.0,40.0,"['Male', 'Male']",0,0,5,4,5,Dry,Straight,Level,Lowest,No
37174,55,Wisconsin,550176,1,1,1,0,1,MILWAUKEE,May,22,Monday,17,49,Urban,Medium Speed (Collector),No,43.05493056,-87.95988889,Complex/Circle,Daylight,Clear,Unknown,Unknown,Unknown EMS Scene Arrival Hour,Unknown EMS Scene Arrival Minutes,Unknown,Unknown EMS Hospital Arrival Time,1,Daylight,Clear,0,1,[],[],0,0,Invalid,0.0,0.0,998.0,998.0,['Other'],0,0,1,0,4,Dry,Straight,Level,Lowest,No
37175,55,Wisconsin,550177,0,1,1,0,1,NOT APPLICABLE,June,1,Thursday,17,20,Rural,High Speed (Arterial),Yes,45.68428056,-89.12241667,Non-Intersection,Daylight,Cloudy,5:00pm-5:59pm,21,5:00pm-5:59pm,53,Not Applicable (Not Transported),Not Applicable (Not Transported),1,Daylight,Reduced Visibility,1,0,['Driver'],['Shoulder_Lapbelt'],1,1,Valid,0.0,0.0,60.0,60.0,['Male'],0,0,3,4,3,Dry,Curve,Level,Lowest,No
37176,55,Wisconsin,550178,0,2,2,0,2,NOT APPLICABLE,June,8,Thursday,12,56,Rural,Medium Speed (Collector),No,42.74204444,-90.95506389,Complex/Circle,Daylight,Clear,Not Applicable (Not Notified),Not Applicable (Not Notified),Not Applicable,Not Applicable,Not Applicable (Not Transported),Not Applicable (Not Transported),1,Daylight,Clear,1,1,['Driver'],['None_Used'],1,1,Valid,0.0,0.0,52.0,33.0,"['Female', 'Male']",0,0,3,4,5,Dry,Straight,Level,Lowest,No
37177,55,Wisconsin,550179,0,1,1,0,1,NOT APPLICABLE,June,8,Thursday,19,3,Rural,Medium Speed (Collector),No,44.90181111,-89.97871389,Non-Intersection,Daylight,Clear,7:00pm-7:59pm,5,7:00pm-7:59pm,16,8:00pm-8:59pm,4,1,Daylight,Clear,1,0,['Driver'],['Shoulder_Lapbelt'],1,1,Invalid,0.0,0.0,18.0,18.0,['Male'],0,0,3,4,2,Dry,Straight,Level,Lowest,No
37178,55,Wisconsin,550180,1,2,2,0,2,SCHOFIELD,May,16,Tuesday,11,38,Urban,High Speed (Arterial),Yes,44.91997222,-89.61286111,Complex/Circle,Daylight,Clear,Unknown,Unknown,Unknown EMS Scene Arrival Hour,Unknown EMS Scene Arrival Minutes,Unknown,Unknown EMS Hospital Arrival Time,1,Daylight,Clear,0,2,[],[],0,0,Valid,0.0,0.0,84.0,23.0,"['Male', 'Female']",0,0,2,3,5,Dry,Straight,Level,Lowest,No
37179,55,Wisconsin,550181,0,1,1,0,1,NOT APPLICABLE,May,27,Saturday,23,39,Rural,Medium Speed (Collector),No,45.3125,-92.57106111,Non-Intersection,Dark - Not Lighted,Clear,11:00pm-11:59pm,40,11:00pm-11:59pm,57,0:00am-0:59am,5,1,Dark - Unlighted,Clear,1,0,['Driver'],['Shoulder_Lapbelt'],1,1,Valid,0.0,0.0,47.0,47.0,['Male'],0,0,3,4,4,Dry,Curve,Level,Lowest,No
37180,55,Wisconsin,550182,0,2,2,0,3,NOT APPLICABLE,May,31,Wednesday,17,27,Rural,Medium Speed (Collector),No,44.35736111,-90.89418889,Non-Intersection,Daylight,Clear,5:00pm-5:59pm,28,Unknown EMS Scene Arrival Hour,Unknown EMS Scene Arrival Minutes,Unknown,Unknown EMS Hospital Arrival Time,1,Daylight,Clear,1,2,['Driver'],['Shoulder_Lapbelt'],1,1,Invalid,1.0,0.0,69.0,27.0,"['Female', 'Male']",1,0,3,4,5,Dry,Curve,Level,Lowest,No
37181,55,Wisconsin,550183,1,1,1,0,1,MOUNT PLEASANT,May,26,Friday,22,5,Urban,High Speed (Arterial),Yes,42.69231111,-87.79821944,Non-Intersection,Dark - Not Lighted,Clear,10:00pm-10:59pm,8,10:00pm-10:59pm,14,Not Applicable (Not Transported),Not Applicable (Not Transported),1,Dark - Unlighted,Clear,0,0,[],[],0,0,Invalid,0.0,0.0,999.0,999.0,['Other'],0,0,1,0,4,Dry,Straight,Level,Lowest,No
37182,55,Wisconsin,550184,0,1,1,0,2,MILWAUKEE,June,11,Sunday,22,50,Urban,Medium Speed (Collector),No,43.11198333,-87.98910833,Non-Intersection,Dark - Lighted,Cloudy,Unknown,Unknown,Unknown EMS Scene Arrival Hour,Unknown EMS Scene Arrival Minutes,Unknown,Unknown EMS Hospital Arrival Time,1,Dark - Lighted,Reduced Visibility,1,1,['Driver'],['Shoulder_Lapbelt'],0,0,Invalid,0.0,0.0,24.0,24.0,['Male'],2,0,2,4,3,Dry,Straight,Level,Lowest,No
37183,55,Wisconsin,550185,0,1,1,0,1,NOT APPLICABLE,June,14,Wednesday,99,99,Rural,Medium Speed (Collector),No,45.32098611,-91.78794167,Non-Intersection,Daylight,Clear,8:00pm-8:59pm,25,Unknown EMS Scene Arrival Hour,Unknown EMS Scene Arrival Minutes,Unknown,Unknown EMS Hospital Arrival Time,1,Daylight,Clear,1,0,['Driver'],['None_Used'],0,0,Valid,0.0,0.0,44.0,44.0,['Male'],0,0,5,3,1,Dry,Straight,Level,Lowest,No
37184,55,Wisconsin,550186,1,1,1,0,1,KIMBERLY,June,2,Friday,15,14,Rural,High Speed (Arterial),Yes,44.26595,-88.32421667,Simple Junction,Daylight,Clear,Unknown,Unknown,Unknown EMS Scene Arrival Hour,Unknown EMS Scene Arrival Minutes,Unknown,Unknown EMS Hospital Arrival Time,1,Daylight,Clear,0,1,[],[],0,0,Valid,0.0,0.0,59.0,59.0,['Male'],0,0,4,1,4,Dry,Straight,Level,Lowest,No
37185,55,Wisconsin,550187,0,2,2,0,2,Other,June,9,Friday,18,50,Rural,Medium Speed (Collector),No,42.72775833,-88.051975,Complex/Circle,Daylight,Clear,6:00pm-6:59pm,51,6:00pm-6:59pm,54,8:00pm-8:59pm,14,1,Daylight,Clear,1,1,['Driver'],['None_Used'],0,0,Valid,1.0,1.0,25.0,22.0,"['Female', 'Male']",1,0,5,4,5,Dry,Straight,Level,Lowest,No
37186,55,Wisconsin,550188,1,2,1,1,2,BRUCE,June,12,Monday,8,59,Rural,Medium Speed (Collector),No,45.45711111,-91.28663611,Non-Intersection,Daylight,Cloudy,8:00am-8:59am,59,9:00am-9:59am,5,Unknown,Unknown EMS Hospital Arrival Time,1,Daylight,Reduced Visibility,1,1,['Front_Passenger'],['Shoulder_Lapbelt'],0,0,Valid,1.0,0.0,73.0,73.0,['Female'],2,0,3,4,5,Dry,Straight,Level,Lowest,No
37187,55,Wisconsin,550189,0,2,2,0,4,PORTAGE,June,17,Saturday,15,20,Urban,Medium Speed (Collector),No,43.54980833,-89.44461944,Non-Intersection,Daylight,Clear,3:00pm-3:59pm,22,3:00pm-3:59pm,27,4:00pm-4:59pm,11,1,Daylight,Clear,1,3,['Driver'],['Shoulder_Lapbelt'],1,1,Valid,1.0,0.0,87.0,29.0,"['Male', 'Female']",1,0,3,4,5,Dry,Curve,Level,Lowest,No
37188,55,Wisconsin,550190,1,1,1,0,1,SAINT FRANCIS,June,13,Tuesday,8,56,Urban,Medium Speed (Collector),No,42.98025278,-87.87918889,Non-Intersection,Daylight,Cloudy,9:00am-9:59am,1,9:00am-9:59am,9,9:00am-9:59am,9,1,Daylight,Reduced Visibility,0,1,[],[],0,0,Valid,0.0,0.0,42.0,42.0,['Male'],0,0,3,2,4,Dry,Straight,Level,Lowest,No
37189,55,Wisconsin,550191,0,1,1,0,1,NOT APPLICABLE,June,11,Sunday,18,39,Rural,Medium Speed (Collector),No,44.98290556,-91.26779167,Non-Intersection,Daylight,Clear,6:00pm-6:59pm,39,6:00pm-6:59pm,51,7:00pm-7:59pm,11,1,Daylight,Clear,1,0,['Driver'],['None_Used'],0,0,Valid,0.0,1.0,40.0,40.0,['Male'],0,0,5,4,1,Dry,Straight,Level,Lowest,No
37190,55,Wisconsin,550192,0,2,2,0,3,MILWAUKEE,May,11,Thursday,12,59,Urban,High Speed (Arterial),Yes,43.05787222,-87.87729444,Complex/Circle,Daylight,Clear,1:00pm-1:59pm,0,1:00pm-1:59pm,9,Unknown,Unknown EMS Hospital Arrival Time,1,Daylight,Clear,1,2,['Driver'],['None_Used'],0,0,Valid,2.0,0.0,64.0,19.0,"['Male', 'Male']",1,0,2,4,5,Dry,Straight,Level,Lowest,No
37191,55,Wisconsin,550193,0,2,2,0,5,NOT APPLICABLE,June,25,Sunday,18,15,Rural,High Speed (Arterial),Yes,42.96433611,-90.98684167,Non-Intersection,Daylight,Cloudy,6:00pm-6:59pm,20,6:00pm-6:59pm,Unknown EMS Scene Arrival Minutes,6:00pm-6:59pm,50,1,Daylight,Reduced Visibility,1,4,['Front_Passenger'],['Shoulder_Lapbelt'],1,1,Valid,0.0,0.0,73.0,57.0,"['Male', 'Male']",0,0,3,4,5,Dry,Straight,Grade/Hillcrest,Lowest,No
37192,55,Wisconsin,550194,0,2,2,0,2,MILWAUKEE,May,28,Sunday,16,48,Urban,Medium Speed (Collector),No,43.0093,-87.93313611,Complex/Circle,Dusk,Clear,Unknown,Unknown,Unknown EMS Scene Arrival Hour,Unknown EMS Scene Arrival Minutes,Unknown,Unknown EMS Hospital Arrival Time,1,Twilight,Clear,1,1,['Driver'],['None_Used'],0,0,Invalid,0.0,0.0,999.0,29.0,"['Other', 'Male']",0,0,5,4,5,Dry,Straight,Level,Lowest,No
37193,55,Wisconsin,550195,0,2,2,0,3,NOT APPLICABLE,June,7,Wednesday,16,5,Rural,High Speed (Arterial),No,43.61579167,-87.94136944,Complex/Circle,Daylight,Clear,4:00pm-4:59pm,6,4:00pm-4:59pm,57,Unknown,Unknown EMS Hospital Arrival Time,1,Daylight,Clear,1,2,['Driver'],['Shoulder_Lapbelt'],0,0,Valid,0.0,0.0,82.0,22.0,"['Male', 'Male']",1,0,3,4,5,Dry,Straight,Level,Lowest,No
37194,55,Wisconsin,550196,0,1,1,0,1,NOT APPLICABLE,June,20,Tuesday,10,0,Rural,Low Speed (Local),No,45.84932222,-92.71165,Non-Intersection,Daylight,Clear,10:00am-10:59am,2,Unknown EMS Scene Arrival Hour,Unknown EMS Scene Arrival Minutes,Unknown,Unknown EMS Hospital Arrival Time,1,Daylight,Clear,1,0,['Driver'],['None_Used'],0,0,Valid,1.0,0.0,67.0,67.0,['Male'],0,0,5,4,1,Dry,Straight,Level,Lowest,No
37195,55,Wisconsin,550197,0,1,1,0,1,NOT APPLICABLE,June,21,Wednesday,21,25,Rural,Low Speed (Local),No,42.76882222,-88.38126389,Non-Intersection,Dark - Not Lighted,Clear,9:00pm-9:59pm,28,9:00pm-9:59pm,35,10:00pm-10:59pm,25,1,Dark - Unlighted,Clear,1,0,['Driver'],['None_Used'],0,0,Valid,1.0,0.0,51.0,51.0,['Male'],0,0,5,2,2,Dry,Straight,Level,Lowest,No
37196,55,Wisconsin,550198,0,1,1,0,1,NOT APPLICABLE,June,22,Thursday,99,99,Rural,Medium Speed (Collector),No,43.94299167,-90.98162778,Non-Intersection,Dark - Not Lighted,Clear,10:00pm-10:59pm,36,10:00pm-10:59pm,49,Not Applicable (Not Transported),Not Applicable (Not Transported),1,Dark - Unlighted,Clear,1,0,['Driver'],['None_Used'],1,1,Valid,0.0,0.0,44.0,44.0,['Male'],0,0,5,3,2,Dry,Curve,Level,Lowest,No
37197,55,Wisconsin,550199,0,1,1,0,1,GERMANTOWN,June,22,Thursday,18,18,Urban,Medium Speed (Collector),No,43.20891944,-88.16235278,Non-Intersection,Daylight,Clear,6:00pm-6:59pm,18,6:00pm-6:59pm,22,Unknown,Unknown EMS Hospital Arrival Time,1,Daylight,Clear,1,0,['Driver'],['None_Used'],0,0,Valid,1.0,0.0,47.0,47.0,['Male'],0,0,5,2,3,Dry,Straight,Grade/Hillcrest,Lowest,No
37198,55,Wisconsin,550200,1,1,1,0,1,NOT APPLICABLE,June,25,Sunday,2,22,Urban,High Speed (Arterial),No,42.58920833,-87.91489167,Complex/Circle,Dark - Lighted,Rain,2:00am-2:59am,23,2:00am-2:59am,26,Not Applicable (Not Transported),Not Applicable (Not Transported),1,Dark - Lighted,Rain/Wind/Minor,0,1,[],[],0,0,Invalid,0.0,0.0,998.0,998.0,['Other'],0,0,1,0,4,Wet/Standing Water,Straight,Level,Lowest,No
37199,55,Wisconsin,550201,0,1,1,0,2,MEQUON,July,2,Sunday,1,59,Urban,Medium Speed (Collector),No,43.19756944,-87.96075833,Non-Intersection,Dark - Not Lighted,Cloudy,2:00am-2:59am,2,2:00am-2:59am,16,Not Applicable (Not Transported),Not Applicable (Not Transported),1,Dark - Unlighted,Reduced Visibility,1,1,['Front_Passenger'],['Shoulder_Lapbelt'],1,1,Valid,0.0,0.0,18.0,18.0,['Male'],2,0,2,4,3,Dry,Curve,Level,Lowest,No
37200,55,Wisconsin,550202,0,1,1,0,1,Other,June,30,Friday,10,16,Urban,Medium Speed (Collector),No,42.65341111,-87.82001389,Non-Intersection,Daylight,Clear,10:00am-10:59am,28,10:00am-10:59am,35,11:00am-11:59am,28,1,Daylight,Clear,1,0,['Driver'],['Shoulder_Lapbelt'],0,0,Valid,2.0,1.0,33.0,33.0,['Male'],0,0,4,4,3,Dry,Straight,Level,Lowest,No
37201,55,Wisconsin,550203,0,1,1,0,1,NOT APPLICABLE,July,2,Sunday,99,99,Rural,Medium Speed (Collector),No,45.95401667,-89.48827222,Simple Junction,Dark - Not Lighted,Clear,1:00am-1:59am,4,1:00am-1:59am,18,Not Applicable (Not Transported),Not Applicable (Not Transported),1,Dark - Unlighted,Clear,1,0,['Driver'],['Shoulder_Lapbelt'],1,1,Valid,0.0,0.0,33.0,33.0,['Female'],0,0,2,4,3,Dry,Curve,Level,Lowest,No
37202,55,Wisconsin,550204,0,3,3,0,5,NOT APPLICABLE,July,4,Tuesday,13,55,Rural,High Speed (Arterial),No,43.314775,-89.75909722,Complex/Circle,Daylight,Clear,1:00pm-1:59pm,57,2:00pm-2:59pm,7,3:00pm-3:59pm,5,1,Daylight,Clear,1,4,['Driver'],['None_Used'],0,0,Valid,2.0,3.0,59.0,27.0,"['Male', 'Male', 'Female']",0,0,5,4,5,Dry,Straight,Level,Lowest,No
37203,55,Wisconsin,550205,0,3,2,1,2,MILWAUKEE,June,13,Tuesday,0,46,Urban,High Speed (Arterial),No,42.98888611,-87.96798611,Complex/Circle,Dark - Lighted,Clear,Unknown,Unknown,Unknown EMS Scene Arrival Hour,Unknown EMS Scene Arrival Minutes,Not Applicable (Not Transported),Not Applicable (Not Transported),1,Dark - Lighted,Clear,1,1,['Driver'],['Shoulder_Lapbelt'],0,0,Valid,0.0,2.0,41.0,24.0,"['Male', 'Female']",1,0,3,4,5,Dry,Straight,Level,Lowest,No
37204,55,Wisconsin,550206,0,3,3,0,6,MILWAUKEE,June,26,Monday,12,55,Urban,High Speed (Arterial),Yes,43.12693889,-88.00587778,Complex/Circle,Daylight,Rain,Unknown,Unknown,Unknown EMS Scene Arrival Hour,Unknown EMS Scene Arrival Minutes,Unknown,Unknown EMS Hospital Arrival Time,1,Daylight,Rain/Wind/Minor,1,5,['Driver'],['None_Used'],0,0,Invalid,0.0,9.0,59.0,22.0,"['Male', 'Male', 'Female']",5,0,3,4,5,Wet/Standing Water,Straight,Level,Lowest,No
37205,55,Wisconsin,550207,0,1,1,0,2,NOT APPLICABLE,July,4,Tuesday,9,57,Rural,Medium Speed (Collector),No,45.77041944,-91.249575,Non-Intersection,Daylight,Cloudy,10:00am-10:59am,0,10:00am-10:59am,5,12:00pm-12:59pm,7,1,Daylight,Reduced Visibility,1,1,['Driver'],['None_Used'],0,0,Valid,0.0,0.0,63.0,63.0,['Male'],0,0,5,2,3,Dry,Straight,Grade/Hillcrest,Lowest,No
37206,55,Wisconsin,550208,0,2,2,0,6,NOT APPLICABLE,May,20,Saturday,12,20,Rural,Medium Speed (Collector),No,43.49851389,-88.13556111,Complex/Circle,Daylight,Clear,12:00pm-12:59pm,24,12:00pm-12:59pm,33,1:00pm-1:59pm,13,2,Daylight,Clear,2,4,"['Rear_Seat', 'Rear_Seat']","['Shoulder_Lapbelt', 'Shoulder_Lapbelt']",0,0,Valid,0.0,0.0,19.0,18.0,"['Male', 'Female']",0,0,4,4,5,Dry,Straight,Level,Lowest,No
37207,55,Wisconsin,550209,1,1,1,0,1,MILWAUKEE,May,26,Friday,23,50,Urban,High Speed (Arterial),Yes,43.10103056,-87.99029167,Complex/Circle,Dark - Lighted,Clear,Not Applicable (Not Notified),Not Applicable (Not Notified),Not Applicable,Not Applicable,Not Applicable (Not Transported),Not Applicable (Not Transported),1,Dark - Lighted,Clear,0,1,[],[],0,0,Invalid,0.0,0.0,998.0,998.0,['Other'],1,0,1,0,4,Dry,Straight,Level,Lowest,No
37208,55,Wisconsin,550210,0,1,1,0,1,NOT APPLICABLE,June,10,Saturday,14,18,Rural,Low Speed (Local),No,44.08803056,-89.54255278,Non-Intersection,Daylight,Cloudy,2:00pm-2:59pm,22,2:00pm-2:59pm,28,Not Applicable (Not Transported),Not Applicable (Not Transported),1,Daylight,Reduced Visibility,1,0,['Driver'],['Shoulder_Lapbelt'],1,1,Valid,0.0,0.0,71.0,71.0,['Male'],1,0,2,4,3,Dry,Straight,Level,Lowest,No
37209,55,Wisconsin,550211,0,2,2,0,5,NOT APPLICABLE,June,11,Sunday,0,9,Rural,High Speed (Arterial),Yes,44.90878611,-91.96254167,Non-Intersection,Dark - Not Lighted,Cloudy,0:00am-0:59am,12,0:00am-0:59am,20,1:00am-1:59am,0,2,Dark - Unlighted,Reduced Visibility,2,3,"['Driver', 'Front_Passenger']","['Shoulder_Lapbelt', 'Shoulder_Lapbelt']",1,1,Valid,0.0,0.0,33.0,28.0,"['Male', 'Male']",0,0,3,4,5,Dry,Straight,Level,Lowest,No
37210,55,Wisconsin,550212,0,1,1,0,1,EAU CLAIRE,June,14,Wednesday,7,37,Urban,High Speed (Arterial),Yes,44.76610833,-91.46671667,Non-Intersection,Daylight,Cloudy,Unknown,Unknown,Unknown EMS Scene Arrival Hour,Unknown EMS Scene Arrival Minutes,Unknown,Unknown EMS Hospital Arrival Time,1,Daylight,Reduced Visibility,1,0,['Driver'],['None_Used'],0,0,Valid,1.0,0.0,56.0,56.0,['Male'],0,0,5,4,3,Dry,Straight,Grade/Hillcrest,Lowest,No
37211,55,Wisconsin,550213,0,1,1,0,1,NOT APPLICABLE,June,16,Friday,23,35,Rural,High Speed (Arterial),Yes,43.83127222,-88.78866389,Non-Intersection,Dark - Not Lighted,Cloudy,11:00pm-11:59pm,35,11:00pm-11:59pm,42,Not Applicable (Not Transported),Not Applicable (Not Transported),1,Dark - Unlighted,Reduced Visibility,1,0,['Driver'],['None_Used'],0,0,Valid,1.0,0.0,48.0,48.0,['Male'],0,0,5,4,1,Dry,Straight,Level,Lowest,No
37212,55,Wisconsin,550214,0,2,2,0,3,NOT APPLICABLE,June,17,Saturday,15,20,Rural,Medium Speed (Collector),No,44.24155833,-88.17250833,Complex/Circle,Daylight,Clear,3:00pm-3:59pm,20,3:00pm-3:59pm,28,4:00pm-4:59pm,4,1,Daylight,Clear,1,2,['Driver'],['None_Used'],0,0,Valid,0.0,0.0,73.0,37.0,"['Male', 'Male']",0,0,3,4,5,Dry,Straight,Level,Lowest,No
37213,55,Wisconsin,550215,0,2,2,0,7,NOT APPLICABLE,June,18,Sunday,18,22,Rural,High Speed (Arterial),Yes,44.24863611,-90.74912222,Non-Intersection,Daylight,Rain,6:00pm-6:59pm,22,6:00pm-6:59pm,35,7:00pm-7:59pm,Unknown EMS Hospital Arrival Time,1,Daylight,Rain/Wind/Minor,1,6,['Rear_Seat'],['Shoulder_Lapbelt'],0,0,Valid,0.0,0.0,47.0,25.0,"['Male', 'Male']",1,0,3,4,5,Wet/Standing Water,Straight,Level,Lowest,No
37214,55,Wisconsin,550216,0,2,2,0,2,NOT APPLICABLE,June,21,Wednesday,14,40,Rural,Low Speed (Local),No,42.60556389,-88.82808056,Simple Junction,Daylight,Clear,2:00pm-2:59pm,42,2:00pm-2:59pm,48,Not Applicable (Not Transported),Not Applicable (Not Transported),1,Daylight,Clear,1,1,['Driver'],['None_Used'],0,0,Valid,0.0,0.0,74.0,16.0,"['Male', 'Male']",1,0,5,4,5,Dry,Curve,Grade/Hillcrest,Lowest,No
37215,55,Wisconsin,550217,0,2,2,0,2,NOT APPLICABLE,June,21,Wednesday,23,37,Rural,Medium Speed (Collector),No,43.25193056,-88.34101667,Non-Intersection,Dark - Not Lighted,Clear,11:00pm-11:59pm,47,11:00pm-11:59pm,58,Not Applicable (Not Transported),Not Applicable (Not Transported),1,Dark - Unlighted,Clear,1,1,['Driver'],['None_Used'],1,2,Valid,2.0,1.0,51.0,37.0,"['Male', 'Male']",0,0,5,4,5,Dry,Straight,Level,Lowest,No
37216,55,Wisconsin,550218,0,2,2,0,3,NOT APPLICABLE,June,22,Thursday,4,30,Rural,High Speed (Arterial),No,42.67907778,-89.0857,Non-Intersection,Dark - Not Lighted,Clear,4:00am-4:59am,30,4:00am-4:59am,36,Unknown,Unknown EMS Hospital Arrival Time,1,Dark - Unlighted,Clear,1,2,['Driver'],['None_Used'],0,0,Valid,2.0,0.0,53.0,43.0,"['Male', 'Male']",2,0,5,4,5,Dry,Curve,Level,Lowest,No
37217,55,Wisconsin,550219,0,2,2,0,2,NOT APPLICABLE,June,24,Saturday,22,54,Rural,High Speed (Arterial),No,43.68650556,-87.94084722,Non-Intersection,Dark - Not Lighted,Clear,11:00pm-11:59pm,1,11:00pm-11:59pm,6,0:00am-0:59am,40,1,Dark - Unlighted,Clear,1,1,['Driver'],['Shoulder_Lapbelt'],0,0,Invalid,0.0,0.0,69.0,57.0,"['Male', 'Female']",0,0,2,4,5,Dry,Straight,Grade/Hillcrest,Lowest,No
37218,55,Wisconsin,550220,0,2,2,0,2,NOT APPLICABLE,June,23,Friday,11,7,Rural,High Speed (Arterial),Yes,45.89852222,-88.16153611,Non-Intersection,Daylight,Clear,11:00am-11:59am,8,11:00am-11:59am,17,11:00am-11:59am,51,1,Daylight,Clear,1,1,['Driver'],['Shoulder_Lapbelt'],0,0,Invalid,0.0,0.0,63.0,16.0,"['Male', 'Male']",0,0,3,4,5,Dry,Straight,Level,Lowest,No
37219,55,Wisconsin,550221,1,1,1,0,1,FOND DU LAC,June,23,Friday,18,21,Urban,Medium Speed (Collector),No,43.75500556,-88.42510278,Non-Intersection,Daylight,Clear,Unknown,Unknown,Unknown EMS Scene Arrival Hour,Unknown EMS Scene Arrival Minutes,Unknown,Unknown EMS Hospital Arrival Time,1,Daylight,Clear,0,1,[],[],0,0,Valid,1.0,0.0,53.0,53.0,['Female'],0,0,3,2,4,Dry,Straight,Level,Lowest,No
37220,55,Wisconsin,550222,0,2,2,0,2,MENOMONEE FALLS,June,27,Tuesday,12,52,Urban,Medium Speed (Collector),No,43.18683889,-88.11038889,Non-Intersection,Daylight,"Fog, Smog, Smoke",12:00pm-12:59pm,52,12:00pm-12:59pm,56,1:00pm-1:59pm,37,1,Daylight,Reduced Visibility,1,1,['Driver'],['None_Used'],0,0,Valid,0.0,0.0,59.0,18.0,"['Male', 'Male']",1,0,5,4,5,Dry,Straight,Level,Lowest,No
37221,55,Wisconsin,550223,0,1,1,0,1,NOT APPLICABLE,June,27,Tuesday,19,18,Rural,Medium Speed (Collector),No,45.232075,-87.09836944,Non-Intersection,Daylight,Cloudy,7:00pm-7:59pm,22,7:00pm-7:59pm,28,Unknown,Unknown EMS Hospital Arrival Time,1,Daylight,Reduced Visibility,1,0,['Driver'],['None_Used'],1,1,Valid,0.0,0.0,54.0,54.0,['Male'],0,0,5,3,1,Dry,Straight,Level,Lowest,No