,State_Code,State_Name,Crash_ID,Count_Non_Motorists,Count_Vehicles_Total,Count_Vehicle_Forms,Count_PVH_Involved,Count_Occupants_MV,City_Name,Month_Name,Day_of_Month,Day_of_Week,Crash_Hour,Crash_Minute,Area_Rural_Urban,Road_Functional_Class,On_NHS_Road,Latitude,Longitude,Intersection_Type,Light_Condition,Weather_Condition,Notif_Hour,Notif_Minute,Arrival_Hour,Arrival_Minute,Hospital_Hour,Hospital_Minute,Fatalities_Count,Clean_Light_Condition,Clean_Weather_Condition,Total_Killed,Total_Alive,Fatal_Seats_List,Killed_Restraint_List,Any_Driver_Drinking,Total_Drinking_Drivers,Driver_License_Category,Driver_Max_Prev_Accident_Count,Driver_Max_Prev_Speeding_Count,Max_Driver_Age,Min_Driver_Age,Driver_Sex_List,Total_Exceeding_Limit_Vehicles,Total_Too_Fast_Vehicles,Max_Vehicle_Type_Severity_5,Max_Vehicle_Damage_Rank,Max_Harmful_Event_Severity,Crash_Road_Surface_Condition,Crash_Horizontal_Alignment,Crash_Vertical_Profile,Crash_Impairment_Category,Crash_Vehicle_Defect
37222,55,Wisconsin,550224,1,5,2,3,2,MILWAUKEE,June,29,Thursday,13,45,Urban,High Speed (Arterial),Yes,43.143325,-88.00546111,Simple Junction,Daylight,Cloudy,Unknown,Unknown,Unknown EMS Scene Arrival Hour,Unknown EMS Scene Arrival Minutes,Unknown,Unknown EMS Hospital Arrival Time,1,Daylight,Reduced Visibility,0,2,[],[],0,0,Valid,1.0,1.0,80.0,22.0,"['Male', 'Male']",1,0,3,4,5,Dry,Straight,Level,Lowest,No
37223,55,Wisconsin,550225,0,1,1,0,1,NOT APPLICABLE,July,1,Saturday,4,0,Urban,Medium Speed (Collector),No,42.71762222,-88.74904167,Non-Intersection,Dark - Unknown Lighting,Cloudy,5:00am-5:59am,0,5:00am-5:59am,10,Not Applicable (Not Transported),Not Applicable (Not Transported),1,Dark - Unlighted,Reduced Visibility,1,0,['Driver'],['None_Used'],1,1,Invalid,0.0,1.0,36.0,36.0,['Male'],1,0,5,4,3,Dry,Curve,Level,Lowest,No
37224,55,Wisconsin,550226,0,2,2,0,3,NOT APPLICABLE,July,6,Thursday,15,56,Rural,Low Speed (Local),No,43.96426667,-87.9423,Simple Junction,Daylight,Clear,4:00pm-4:59pm,1,4:00pm-4:59pm,10,5:00pm-5:59pm,36,1,Daylight,Clear,1,2,['Driver'],['Shoulder_Lapbelt'],0,0,Valid,1.0,1.0,69.0,32.0,"['Male', 'Male']",0,0,3,4,5,Dry,Straight,Level,Lowest,No
37225,55,Wisconsin,550228,0,2,2,0,12,MILWAUKEE,May,14,Sunday,23,45,Urban,High Speed (Arterial),Yes,43.09821389,-87.986725,Complex/Circle,Dark - Lighted,Clear,Unknown,Unknown,Unknown EMS Scene Arrival Hour,Unknown EMS Scene Arrival Minutes,Unknown,Unknown EMS Hospital Arrival Time,5,Dark - Lighted,Clear,5,7,"['Front_Passenger', 'Front_Passenger', 'Front_Passenger', 'Front_Passenger', 'Front_Passenger']","['Shoulder_Lapbelt', 'Shoulder_Lapbelt', 'Shoulder_Lapbelt', 'Shoulder_Lapbelt', 'Shoulder_Lapbelt']",1,1,Valid,1.0,2.0,32.0,20.0,"['Female', 'Female']",7,0,3,4,5,Dry,Straight,Level,Lowest,No
37226,55,Wisconsin,550229,1,1,1,0,1,MILWAUKEE,June,18,Sunday,15,58,Urban,High Speed (Arterial),No,43.00076111,-87.948475,Complex/Circle,Daylight,Clear,Unknown,Unknown,Unknown EMS Scene Arrival Hour,Unknown EMS Scene Arrival Minutes,Unknown,Unknown EMS Hospital Arrival Time,1,Daylight,Clear,0,1,[],[],0,0,Valid,1.0,2.0,20.0,20.0,['Male'],0,0,5,4,4,Dry,Straight,Level,Lowest,No
37227,55,Wisconsin,550230,0,1,1,0,1,NOT APPLICABLE,July,1,Saturday,14,10,Rural,Medium Speed (Collector),No,44.22319167,-91.08586389,Non-Intersection,Daylight,Clear,Unknown,Unknown,Unknown EMS Scene Arrival Hour,Unknown EMS Scene Arrival Minutes,Not Applicable (Not Transported),Not Applicable (Not Transported),1,Daylight,Clear,1,0,['Driver'],['None_Used'],0,0,Valid,0.0,0.0,56.0,56.0,['Male'],0,0,2,4,1,Dry,Curve,Level,Lowest,No
37228,55,Wisconsin,550231,3,2,1,1,1,EAU CLAIRE,July,9,Sunday,19,34,Urban,High Speed (Arterial),Yes,44.84121389,-91.44071389,Non-Intersection,Daylight,Clear,7:00pm-7:59pm,36,7:00pm-7:59pm,37,Not Applicable (Not Transported),Not Applicable (Not Transported),1,Daylight,Clear,0,1,[],[],0,0,Valid,0.0,0.0,69.0,69.0,['Male'],0,0,3,4,4,Dry,Curve,Grade/Hillcrest,Lowest,No
37229,55,Wisconsin,550232,1,1,1,0,1,CHILTON,June,17,Saturday,21,13,Rural,Medium Speed (Collector),No,44.02890833,-88.16258611,Complex/Circle,Dark - Lighted,Clear,Unknown,Unknown,Unknown EMS Scene Arrival Hour,Unknown EMS Scene Arrival Minutes,Unknown,Unknown EMS Hospital Arrival Time,1,Dark - Lighted,Clear,0,1,[],[],0,0,Valid,2.0,0.0,77.0,77.0,['Male'],0,0,3,2,4,Dry,Straight,Level,Lowest,No
37230,55,Wisconsin,550233,0,2,2,0,3,NOT APPLICABLE,June,30,Friday,19,11,Rural,High Speed (Arterial),Yes,44.98997778,-87.85811389,Non-Intersection,Daylight,Clear,7:00pm-7:59pm,11,7:00pm-7:59pm,20,7:00pm-7:59pm,40,1,Daylight,Clear,1,2,['Rear_Seat'],['None_Used'],0,0,Valid,1.0,0.0,23.0,21.0,"['Male', 'Male']",0,0,5,3,5,Dry,Straight,Level,Lowest,No
37231,55,Wisconsin,550234,0,1,1,0,1,NOT APPLICABLE,June,16,Friday,17,58,Rural,Low Speed (Local),No,42.58018333,-89.35064167,Non-Intersection,Daylight,Clear,5:00pm-5:59pm,58,6:00pm-6:59pm,6,7:00pm-7:59pm,2,1,Daylight,Clear,1,0,['Driver'],['None_Used'],0,0,Valid,2.0,0.0,54.0,54.0,['Male'],0,0,2,4,3,Dry,Straight,Level,Lowest,No
37232,55,Wisconsin,550235,1,3,3,0,4,SLINGER,June,9,Friday,10,17,Urban,High Speed (Arterial),Yes,43.32450833,-88.25235278,Simple Junction,Daylight,Clear,10:00am-10:59am,18,10:00am-10:59am,22,Unknown,Unknown EMS Hospital Arrival Time,1,Daylight,Clear,0,4,[],[],0,0,Valid,0.0,0.0,66.0,30.0,"['Male', 'Male', 'Male']",0,0,4,4,5,Dry,Straight,Level,Lowest,No
37233,55,Wisconsin,550236,0,1,1,0,1,BELLEVUE,June,18,Sunday,20,20,Urban,High Speed (Arterial),Yes,44.46977778,-87.96275833,Complex/Circle,Dusk,Clear,8:00pm-8:59pm,21,8:00pm-8:59pm,26,8:00pm-8:59pm,34,1,Twilight,Clear,1,0,['Driver'],['None_Used'],1,1,Valid,0.0,0.0,37.0,37.0,['Female'],1,0,5,3,2,Dry,Curve,Level,Lowest,No
37234,55,Wisconsin,550237,0,2,2,0,2,MILWAUKEE,June,12,Monday,19,10,Urban,Medium Speed (Collector),No,43.10477222,-87.98643611,Complex/Circle,Daylight,Clear,Unknown,Unknown,Unknown EMS Scene Arrival Hour,Unknown EMS Scene Arrival Minutes,Unknown,Unknown EMS Hospital Arrival Time,1,Daylight,Clear,1,1,['Driver'],['None_Used'],0,0,Valid,1.0,2.0,23.0,19.0,"['Male', 'Male']",0,0,3,4,5,Dry,Straight,Level,Lowest,No
37235,55,Wisconsin,550238,0,1,1,0,1,NOT APPLICABLE,June,9,Friday,19,31,Rural,Medium Speed (Collector),No,45.08085278,-89.49224444,Non-Intersection,Daylight,Clear,7:00pm-7:59pm,35,7:00pm-7:59pm,45,Unknown,Unknown EMS Hospital Arrival Time,1,Daylight,Clear,1,0,['Driver'],['None_Used'],0,0,Valid,0.0,0.0,54.0,54.0,['Male'],0,0,5,4,1,Dry,Straight,Level,Lowest,No
37236,55,Wisconsin,550239,0,1,1,0,1,NOT APPLICABLE,June,22,Thursday,15,38,Rural,Medium Speed (Collector),No,44.11694722,-89.93938611,Non-Intersection,Daylight,Clear,3:00pm-3:59pm,41,3:00pm-3:59pm,52,Unknown,Unknown EMS Hospital Arrival Time,1,Daylight,Clear,1,0,['Driver'],['None_Used'],0,0,Valid,0.0,0.0,85.0,85.0,['Male'],0,0,5,3,1,Dry,Straight,Level,Lowest,No
37237,55,Wisconsin,550240,0,2,2,0,3,NOT APPLICABLE,July,9,Sunday,17,35,Rural,Medium Speed (Collector),No,45.04758889,-87.13268889,Complex/Circle,Daylight,Clear,Unknown,Unknown,Unknown EMS Scene Arrival Hour,Unknown EMS Scene Arrival Minutes,Unknown,Unknown EMS Hospital Arrival Time,1,Daylight,Clear,1,2,['Driver'],['None_Used'],0,0,Valid,0.0,0.0,83.0,23.0,"['Male', 'Male']",0,0,5,4,5,Dry,Straight,Level,Lowest,No
37238,55,Wisconsin,550241,0,2,2,0,2,NOT APPLICABLE,July,8,Saturday,12,36,Rural,High Speed (Arterial),Yes,42.79659722,-89.63236389,Simple Junction,Daylight,Cloudy,12:00pm-12:59pm,36,12:00pm-12:59pm,42,Unknown,Unknown EMS Hospital Arrival Time,1,Daylight,Reduced Visibility,1,1,['Driver'],['None_Used'],0,0,Valid,0.0,0.0,61.0,60.0,"['Female', 'Female']",0,0,5,3,5,Dry,Straight,Level,Lowest,No
37239,55,Wisconsin,550242,0,1,1,0,2,NOT APPLICABLE,July,7,Friday,17,25,Rural,Medium Speed (Collector),No,45.88800833,-90.04347778,Non-Intersection,Daylight,Cloudy,Unknown,Unknown,Unknown EMS Scene Arrival Hour,Unknown EMS Scene Arrival Minutes,Unknown,Unknown EMS Hospital Arrival Time,2,Daylight,Reduced Visibility,2,0,"['Driver', 'Rear_Seat']","['None_Used', 'None_Used']",0,0,Valid,0.0,0.0,84.0,84.0,['Male'],0,0,5,2,1,Dry,Straight,Level,Lowest,No
37240,55,Wisconsin,550243,0,3,1,2,1,GREENFIELD,July,9,Sunday,2,56,Urban,High Speed (Arterial),Yes,42.95853333,-87.969975,Non-Intersection,Dark - Not Lighted,Clear,2:00am-2:59am,56,3:00am-3:59am,5,Not Applicable (Not Transported),Not Applicable (Not Transported),1,Dark - Unlighted,Clear,1,0,['Driver'],['None_Used'],1,1,Valid,0.0,0.0,34.0,34.0,['Male'],1,0,5,4,5,Dry,Curve,Grade/Hillcrest,Lowest,No
37241,55,Wisconsin,550244,0,2,2,0,2,NOT APPLICABLE,July,12,Wednesday,15,37,Rural,High Speed (Arterial),Yes,45.39582778,-92.44601667,Simple Junction,Daylight,Clear,3:00pm-3:59pm,40,3:00pm-3:59pm,49,Unknown,Unknown EMS Hospital Arrival Time,1,Daylight,Clear,1,1,['Driver'],['None_Used'],0,0,Valid,1.0,0.0,33.0,28.0,"['Male', 'Male']",0,0,4,4,5,Dry,Straight,Level,Lowest,No
37242,55,Wisconsin,550245,1,1,1,0,2,NOT APPLICABLE,July,4,Tuesday,8,1,Urban,Low Speed (Local),No,43.79825556,-87.74662222,Non-Intersection,Daylight,Clear,8:00am-8:59am,3,8:00am-8:59am,16,Not Applicable (Not Transported),Not Applicable (Not Transported),1,Daylight,Clear,0,2,[],[],0,0,Invalid,0.0,0.0,37.0,37.0,['Male'],0,0,3,3,4,Dry,Curve,Level,Lowest,No
37243,55,Wisconsin,550246,0,1,1,0,1,NOT APPLICABLE,July,9,Sunday,10,35,Rural,Medium Speed (Collector),No,42.707275,-90.84851667,Non-Intersection,Daylight,Clear,10:00am-10:59am,38,10:00am-10:59am,54,Not Applicable (Not Transported),Not Applicable (Not Transported),1,Daylight,Clear,1,0,['Driver'],['None_Used'],1,1,Valid,1.0,0.0,44.0,44.0,['Male'],0,0,3,4,3,Dry,Curve,Level,Lowest,No
37244,55,Wisconsin,550247,0,1,1,0,1,NOT APPLICABLE,July,15,Saturday,17,26,Rural,Medium Speed (Collector),No,46.40877222,-92.16500278,Non-Intersection,Daylight,Clear,5:00pm-5:59pm,28,Unknown EMS Scene Arrival Hour,Unknown EMS Scene Arrival Minutes,Not Applicable (Not Transported),Not Applicable (Not Transported),1,Daylight,Clear,1,0,['Driver'],['Shoulder_Lapbelt'],0,0,Valid,0.0,0.0,68.0,68.0,['Female'],0,0,2,4,3,Dry,Straight,Level,Lowest,No
37245,55,Wisconsin,550248,2,1,1,0,1,NOT APPLICABLE,June,19,Monday,3,10,Rural,Medium Speed (Collector),No,42.66800833,-90.178125,Non-Intersection,Dark - Not Lighted,Clear,3:00am-3:59am,11,3:00am-3:59am,17,3:00am-3:59am,57,1,Dark - Unlighted,Clear,0,1,[],[],0,0,Valid,0.0,0.0,39.0,39.0,['Male'],0,0,4,3,1,Dry,Straight,Level,Lowest,No
37246,55,Wisconsin,550249,0,2,2,0,2,MILWAUKEE,June,19,Monday,10,7,Urban,Medium Speed (Collector),No,43.01701111,-87.94635833,Complex/Circle,Daylight,Clear,Unknown,Unknown,Unknown EMS Scene Arrival Hour,Unknown EMS Scene Arrival Minutes,Unknown,Unknown EMS Hospital Arrival Time,1,Daylight,Clear,1,1,['Driver'],['None_Used'],0,0,Invalid,0.0,0.0,53.0,16.0,"['Male', 'Male']",1,0,5,4,5,Dry,Straight,Level,Lowest,No
37247,55,Wisconsin,550250,0,1,1,0,1,MILWAUKEE,July,4,Tuesday,22,49,Urban,Medium Speed (Collector),No,42.98972222,-87.90933611,Non-Intersection,Dark - Lighted,Clear,Unknown,Unknown,Unknown EMS Scene Arrival Hour,Unknown EMS Scene Arrival Minutes,Not Applicable (Not Transported),Not Applicable (Not Transported),1,Dark - Lighted,Clear,1,0,['Driver'],['None_Used'],0,0,Valid,0.0,1.0,39.0,39.0,['Male'],0,0,5,3,2,Dry,Straight,Level,Lowest,No
37248,55,Wisconsin,550251,0,2,2,0,4,NOT APPLICABLE,July,7,Friday,13,54,Rural,High Speed (Arterial),Yes,44.04125278,-89.02070278,Non-Intersection,Daylight,Clear,1:00pm-1:59pm,59,2:00pm-2:59pm,8,Unknown,Unknown EMS Hospital Arrival Time,3,Daylight,Clear,3,1,"['Driver', 'Driver', 'Front_Passenger']","['Shoulder_Lapbelt', 'Shoulder_Lapbelt', 'Shoulder_Lapbelt']",0,0,Valid,0.0,1.0,72.0,18.0,"['Male', 'Male']",0,0,3,4,5,Dry,Straight,Level,Lowest,No
37249,55,Wisconsin,550253,0,1,1,0,2,NOT APPLICABLE,July,16,Sunday,2,19,Urban,Medium Speed (Collector),No,42.59719722,-88.46950833,Non-Intersection,Dark - Not Lighted,Clear,2:00am-2:59am,23,Unknown EMS Scene Arrival Hour,Unknown EMS Scene Arrival Minutes,Unknown,Unknown EMS Hospital Arrival Time,1,Dark - Unlighted,Clear,1,1,['Front_Passenger'],['Shoulder_Lapbelt'],1,1,Valid,0.0,1.0,25.0,25.0,['Male'],2,0,2,4,3,Dry,Curve,Grade/Hillcrest,Lowest,No
37250,55,Wisconsin,550255,1,1,1,0,1,TOMAH,June,7,Wednesday,14,43,Urban,High Speed (Arterial),Yes,44.00108333,-90.50476667,Complex/Circle,Daylight,Clear,2:00pm-2:59pm,44,2:00pm-2:59pm,45,3:00pm-3:59pm,53,1,Daylight,Clear,0,1,[],[],0,0,Valid,0.0,0.0,23.0,23.0,['Female'],0,0,3,1,4,Dry,Straight,Level,Lowest,No
37251,55,Wisconsin,550256,0,1,1,0,1,NOT APPLICABLE,June,30,Friday,20,14,Rural,Medium Speed (Collector),No,42.60013611,-89.99331389,Non-Intersection,Daylight,Clear,8:00pm-8:59pm,21,8:00pm-8:59pm,52,Unknown,Unknown EMS Hospital Arrival Time,1,Daylight,Clear,1,0,['Driver'],['Shoulder_Lapbelt'],0,0,Valid,0.0,1.0,44.0,44.0,['Male'],0,0,2,4,3,Dry,Curve,Grade/Hillcrest,Lowest,No
37252,55,Wisconsin,550257,0,2,2,0,3,NOT APPLICABLE,July,18,Tuesday,16,24,Rural,Medium Speed (Collector),No,44.32976389,-88.45557778,Simple Junction,Daylight,Clear,4:00pm-4:59pm,26,Unknown EMS Scene Arrival Hour,Unknown EMS Scene Arrival Minutes,Unknown,Unknown EMS Hospital Arrival Time,1,Daylight,Clear,1,2,['Driver'],['Shoulder_Lapbelt'],0,0,Valid,1.0,0.0,84.0,45.0,"['Male', 'Female']",0,0,3,4,5,Dry,Curve,Grade/Hillcrest,Lowest,No
37253,55,Wisconsin,550258,0,2,2,0,2,NOT APPLICABLE,July,19,Wednesday,8,24,Rural,Medium Speed (Collector),No,43.40911389,-90.15271111,Complex/Circle,Daylight,Clear,8:00am-8:59am,28,8:00am-8:59am,48,Not Applicable (Not Transported),Not Applicable (Not Transported),1,Daylight,Clear,1,1,['Driver'],['None_Used'],0,0,Valid,1.0,0.0,84.0,32.0,"['Male', 'Male']",0,0,4,4,5,Dry,Straight,Level,Lowest,No
37254,55,Wisconsin,550259,0,2,2,0,3,NOT APPLICABLE,July,5,Wednesday,7,15,Urban,High Speed (Arterial),No,45.65054722,-89.45060556,Non-Intersection,Daylight,Cloudy,7:00am-7:59am,16,7:00am-7:59am,24,7:00am-7:59am,57,1,Daylight,Reduced Visibility,1,2,['Front_Passenger'],['Shoulder_Lapbelt'],0,0,Valid,0.0,0.0,78.0,49.0,"['Male', 'Female']",0,0,3,4,5,Dry,Straight,Level,Medium,No
37255,55,Wisconsin,550260,0,2,2,0,5,NOT APPLICABLE,July,19,Wednesday,16,47,Rural,High Speed (Arterial),Yes,44.72014167,-88.05101111,Non-Intersection,Daylight,Cloudy,5:00pm-5:59pm,20,5:00pm-5:59pm,34,5:00pm-5:59pm,52,1,Daylight,Reduced Visibility,1,4,['Front_Passenger'],['Shoulder_Lapbelt'],0,0,Valid,1.0,1.0,70.0,47.0,"['Male', 'Male']",5,0,3,4,5,Dry,Straight,Level,Lowest,No
37256,55,Wisconsin,550261,0,1,1,0,1,NOT APPLICABLE,July,22,Saturday,3,55,Rural,Low Speed (Local),No,44.958675,-90.57919444,Non-Intersection,Dark - Not Lighted,Clear,3:00am-3:59am,59,4:00am-4:59am,16,Not Applicable (Not Transported),Not Applicable (Not Transported),1,Dark - Unlighted,Clear,1,0,['Driver'],['None_Used'],1,1,Valid,1.0,0.0,38.0,38.0,['Male'],0,0,5,3,2,Dry,Straight,Level,Lowest,No
37257,55,Wisconsin,550262,1,2,2,0,3,MILWAUKEE,July,15,Saturday,22,20,Urban,Medium Speed (Collector),No,43.01702222,-87.94213611,Complex/Circle,Dark - Lighted,Clear,Unknown,Unknown,Unknown EMS Scene Arrival Hour,Unknown EMS Scene Arrival Minutes,Unknown,Unknown EMS Hospital Arrival Time,1,Dark - Lighted,Clear,0,3,[],[],0,0,Invalid,2.0,0.0,998.0,52.0,"['Other', 'Male']",0,0,4,1,4,Dry,Straight,Level,Lowest,No
37258,55,Wisconsin,550263,0,1,1,0,1,RACINE,July,6,Thursday,16,50,Urban,Medium Speed (Collector),No,42.76146944,-87.78725556,Non-Intersection,Daylight,Clear,Unknown,Unknown,Unknown EMS Scene Arrival Hour,Unknown EMS Scene Arrival Minutes,Not Applicable (Not Transported),Not Applicable (Not Transported),1,Daylight,Clear,1,0,['Driver'],['None_Used'],0,0,Valid,0.0,3.0,27.0,27.0,['Male'],1,0,5,4,2,Dry,Straight,Level,Lowest,No
37259,55,Wisconsin,550264,0,1,1,0,1,RICHFIELD,July,3,Monday,11,47,Urban,Medium Speed (Collector),No,43.23324167,-88.27233889,Non-Intersection,Daylight,Clear,11:00am-11:59am,51,11:00am-11:59am,55,Not Applicable (Not Transported),Not Applicable (Not Transported),1,Daylight,Clear,1,0,['Driver'],['None_Used'],0,0,Valid,0.0,0.0,22.0,22.0,['Male'],1,0,5,4,3,Dry,Curve,Level,Lowest,No
37260,55,Wisconsin,550265,0,2,2,0,2,NOT APPLICABLE,July,20,Thursday,23,4,Urban,High Speed (Arterial),Yes,43.369525,-88.29666944,Complex/Circle,Dark - Not Lighted,Clear,11:00pm-11:59pm,18,11:00pm-11:59pm,33,Unknown,Unknown EMS Hospital Arrival Time,1,Dark - Unlighted,Clear,1,1,['Driver'],['None_Used'],1,1,Valid,1.0,5.0,64.0,21.0,"['Male', 'Female']",1,0,3,4,5,Dry,Straight,Grade/Hillcrest,Lowest,No
37261,55,Wisconsin,550266,0,2,2,0,3,MILWAUKEE,July,9,Sunday,1,44,Urban,High Speed (Arterial),Yes,43.091375,-88.00508056,Complex/Circle,Dark - Lighted,Clear,Unknown,Unknown,Unknown EMS Scene Arrival Hour,Unknown EMS Scene Arrival Minutes,Unknown,Unknown EMS Hospital Arrival Time,1,Dark - Lighted,Clear,1,2,['Driver'],['None_Used'],0,0,Invalid,1.0,13.0,70.0,24.0,"['Male', 'Male']",2,0,2,4,5,Dry,Straight,Grade/Hillcrest,Lowest,No
37262,55,Wisconsin,550267,1,1,1,0,1,MADISON,July,21,Friday,21,6,Urban,High Speed (Arterial),Yes,43.12649167,-89.31018056,Complex/Circle,Dusk,Clear,9:00pm-9:59pm,6,9:00pm-9:59pm,8,Not Applicable (Not Transported),Not Applicable (Not Transported),2,Twilight,Clear,1,0,['Driver'],['None_Used'],0,0,Invalid,2.0,3.0,20.0,20.0,['Male'],1,0,5,4,4,Dry,Straight,Level,Lowest,No
37263,55,Wisconsin,550268,0,2,2,0,2,BROOKFIELD,July,27,Thursday,12,39,Urban,High Speed (Arterial),Yes,43.03638611,-88.12693611,Complex/Circle,Daylight,Clear,12:00pm-12:59pm,40,12:00pm-12:59pm,40,1:00pm-1:59pm,19,1,Daylight,Clear,1,1,['Driver'],['Shoulder_Lapbelt'],0,0,Valid,0.0,0.0,74.0,22.0,"['Male', 'Female']",0,0,3,4,5,Dry,Straight,Level,Lowest,No
37264,55,Wisconsin,550269,0,2,2,0,6,ALLOUEZ,July,21,Friday,23,40,Urban,High Speed (Arterial),No,44.48035556,-88.02460278,Complex/Circle,Dark - Lighted,Clear,11:00pm-11:59pm,42,11:00pm-11:59pm,47,11:00pm-11:59pm,55,2,Dark - Lighted,Clear,2,4,"['Rear_Seat', 'Driver']","['None_Used', 'Shoulder_Lapbelt']",1,1,Valid,2.0,5.0,28.0,21.0,"['Male', 'Male']",5,0,2,4,5,Dry,Straight,Level,Lowest,No
37265,55,Wisconsin,550270,0,2,2,0,2,NOT APPLICABLE,July,28,Friday,15,5,Rural,Medium Speed (Collector),No,45.37051667,-91.34243611,Non-Intersection,Daylight,Clear,3:00pm-3:59pm,6,3:00pm-3:59pm,11,Not Applicable (Not Transported),Not Applicable (Not Transported),1,Daylight,Clear,1,1,['Driver'],['Shoulder_Lapbelt'],0,0,Valid,1.0,2.0,54.0,52.0,"['Male', 'Male']",0,0,4,4,5,Dry,Curve,Level,Lowest,No
37266,55,Wisconsin,550271,1,1,1,0,1,NOT APPLICABLE,August,1,Tuesday,6,29,Rural,Medium Speed (Collector),No,42.65689167,-88.59041389,Complex/Circle,Daylight,Clear,6:00am-6:59am,31,6:00am-6:59am,34,Not Applicable (Not Transported),Not Applicable (Not Transported),1,Daylight,Clear,0,1,[],[],0,0,Valid,0.0,1.0,29.0,29.0,['Male'],0,0,3,2,4,Dry,Straight,Level,Lowest,No
37267,55,Wisconsin,550272,0,2,2,0,3,GREEN BAY,August,1,Tuesday,7,13,Urban,Medium Speed (Collector),No,44.50671111,-88.02777222,Non-Intersection,Daylight,Clear,7:00am-7:59am,14,7:00am-7:59am,18,7:00am-7:59am,31,1,Daylight,Clear,1,2,['Driver'],['None_Used'],0,0,Valid,0.0,0.0,51.0,50.0,"['Male', 'Male']",0,0,4,4,5,Dry,Straight,Level,Lowest,No
37268,55,Wisconsin,550273,0,2,2,0,2,NOT APPLICABLE,July,27,Thursday,11,17,Rural,High Speed (Arterial),Yes,43.00955833,-89.92656667,Non-Intersection,Daylight,Clear,Not Applicable (Not Notified),Not Applicable (Not Notified),Not Applicable,Not Applicable,Not Applicable (Not Transported),Not Applicable (Not Transported),1,Daylight,Clear,1,1,['Driver'],['None_Used'],0,0,Valid,0.0,0.0,70.0,67.0,"['Male', 'Male']",0,0,4,4,5,Dry,Straight,Level,Lowest,No
37269,55,Wisconsin,550274,0,1,1,0,3,MILWAUKEE,June,28,Wednesday,0,54,Urban,Medium Speed (Collector),No,43.07895833,-87.9412,Non-Intersection,Dark - Lighted,Clear,Unknown,Unknown,Unknown EMS Scene Arrival Hour,Unknown EMS Scene Arrival Minutes,Not Applicable (Not Transported),Not Applicable (Not Transported),2,Dark - Lighted,Clear,2,1,"['Front_Passenger', 'Rear_Seat']","['Shoulder_Lapbelt', 'Shoulder_Lapbelt']",0,0,Invalid,0.0,0.0,998.0,998.0,['Other'],3,0,3,4,3,Dry,Straight,Grade/Hillcrest,Lowest,No
37270,55,Wisconsin,550275,0,2,2,0,2,NOT APPLICABLE,July,23,Sunday,15,28,Urban,High Speed (Arterial),Yes,45.39661667,-92.52058333,Complex/Circle,Daylight,Cloudy,Unknown,Unknown,Unknown EMS Scene Arrival Hour,Unknown EMS Scene Arrival Minutes,Unknown,Unknown EMS Hospital Arrival Time,1,Daylight,Reduced Visibility,1,1,['Driver'],['Shoulder_Lapbelt'],0,0,Valid,0.0,0.0,83.0,57.0,"['Male', 'Male']",0,0,3,4,5,Dry,Straight,Level,Lowest,No
37271,55,Wisconsin,550276,0,1,1,0,1,NOT APPLICABLE,August,4,Friday,2,0,Rural,Low Speed (Local),No,45.18743333,-92.57375,Non-Intersection,Dark - Not Lighted,Clear,2:00am-2:59am,16,2:00am-2:59am,28,Unknown,Unknown EMS Hospital Arrival Time,1,Dark - Unlighted,Clear,1,0,['Driver'],['None_Used'],1,1,Valid,0.0,0.0,43.0,43.0,['Male'],0,0,5,4,3,Dry,Straight,Level,Lowest,No
37272,55,Wisconsin,550277,0,1,1,0,1,NOT APPLICABLE,August,4,Friday,20,17,Rural,Low Speed (Local),No,44.83953056,-88.74754167,Non-Intersection,Daylight,Clear,Not Applicable (Not Notified),Not Applicable (Not Notified),Not Applicable,Not Applicable,Not Applicable (Not Transported),Not Applicable (Not Transported),1,Daylight,Clear,1,0,['Driver'],['None_Used'],1,1,Invalid,0.0,0.0,41.0,41.0,['Male'],1,0,2,4,3,Dry,Straight,Level,Lowest,No
37273,55,Wisconsin,550278,0,1,1,0,6,MILWAUKEE,June,30,Friday,5,7,Urban,Medium Speed (Collector),No,43.08206111,-87.91665278,Non-Intersection,Daylight,Clear,Unknown,Unknown,Unknown EMS Scene Arrival Hour,Unknown EMS Scene Arrival Minutes,Not Applicable (Not Transported),Not Applicable (Not Transported),1,Daylight,Clear,1,5,['Rear_Seat'],['Shoulder_Lapbelt'],0,0,Invalid,0.0,3.0,23.0,23.0,['Male'],0,0,2,4,3,Dry,Straight,Level,Lowest,No
37274,55,Wisconsin,550279,0,2,2,0,3,NOT APPLICABLE,July,1,Saturday,21,43,Rural,Medium Speed (Collector),No,44.31349722,-88.03016944,Complex/Circle,Dark - Unknown Lighting,Cloudy,9:00pm-9:59pm,Unknown,10:00pm-10:59pm,Unknown EMS Scene Arrival Minutes,10:00pm-10:59pm,Unknown EMS Hospital Arrival Time,1,Dark - Unlighted,Reduced Visibility,1,2,['Driver'],['Shoulder_Lapbelt'],1,2,Valid,0.0,5.0,42.0,39.0,"['Female', 'Female']",1,0,3,4,5,Dry,Straight,Level,Lowest,No
37275,55,Wisconsin,550280,1,1,1,0,1,MILWAUKEE,July,7,Friday,0,30,Urban,High Speed (Arterial),Yes,43.09463056,-87.98214444,Complex/Circle,Dark - Lighted,Clear,0:00am-0:59am,35,Unknown EMS Scene Arrival Hour,Unknown EMS Scene Arrival Minutes,Unknown,Unknown EMS Hospital Arrival Time,1,Dark - Lighted,Clear,0,1,[],[],0,0,Invalid,0.0,0.0,998.0,998.0,['Other'],0,0,4,0,4,Dry,Straight,Level,Lowest,No