,State_Code,State_Name,Crash_ID,Count_Non_Motorists,Count_Vehicles_Total,Count_Vehicle_Forms,Count_PVH_Involved,Count_Occupants_MV,City_Name,Month_Name,Day_of_Month,Day_of_Week,Crash_Hour,Crash_Minute,Area_Rural_Urban,Road_Functional_Class,On_NHS_Road,Latitude,Longitude,Intersection_Type,Light_Condition,Weather_Condition,Notif_Hour,Notif_Minute,Arrival_Hour,Arrival_Minute,Hospital_Hour,Hospital_Minute,Fatalities_Count,Clean_Light_Condition,Clean_Weather_Condition,Total_Killed,Total_Alive,Fatal_Seats_List,Killed_Restraint_List,Any_Driver_Drinking,Total_Drinking_Drivers,Driver_License_Category,Driver_Max_Prev_Accident_Count,Driver_Max_Prev_Speeding_Count,Max_Driver_Age,Min_Driver_Age,Driver_Sex_List,Total_Exceeding_Limit_Vehicles,Total_Too_Fast_Vehicles,Max_Vehicle_Type_Severity_5,Max_Vehicle_Damage_Rank,Max_Harmful_Event_Severity,Crash_Road_Surface_Condition,Crash_Horizontal_Alignment,Crash_Vertical_Profile,Crash_Impairment_Category,Crash_Vehicle_Defect
37276,55,Wisconsin,550281,1,1,1,0,1,GREENFIELD,July,27,Thursday,18,30,Urban,Low Speed (Local),No,42.95359722,-87.957075,Non-Intersection,Daylight,Clear,6:00pm-6:59pm,30,6:00pm-6:59pm,37,6:00pm-6:59pm,58,1,Daylight,Clear,0,1,[],[],0,0,Valid,1.0,0.0,43.0,43.0,['Female'],0,0,3,1,4,Dry,Straight,Level,Lowest,No
37277,55,Wisconsin,550282,1,1,1,0,1,MADISON,August,1,Tuesday,13,40,Urban,Medium Speed (Collector),No,43.03176944,-89.48861389,Complex/Circle,Daylight,Clear,1:00pm-1:59pm,42,1:00pm-1:59pm,45,2:00pm-2:59pm,20,1,Daylight,Clear,0,1,[],[],0,0,Valid,0.0,2.0,23.0,23.0,['Male'],0,0,3,1,4,Dry,Straight,Level,Lowest,No
37278,55,Wisconsin,550283,0,2,2,0,3,JANESVILLE,August,6,Sunday,18,52,Urban,High Speed (Arterial),Yes,42.64661111,-89.03122778,Simple Junction,Daylight,Clear,Unknown,Unknown,Unknown EMS Scene Arrival Hour,Unknown EMS Scene Arrival Minutes,Unknown,Unknown EMS Hospital Arrival Time,1,Daylight,Clear,1,2,['Driver'],['None_Used'],1,1,Valid,0.0,0.0,64.0,62.0,"['Female', 'Male']",0,0,5,3,5,Dry,Straight,Non-Trafficway,Lowest,No
37279,55,Wisconsin,550284,1,1,1,0,1,MARINETTE,July,15,Saturday,2,17,Urban,High Speed (Arterial),Yes,45.10066944,-87.62973333,Non-Intersection,Dark - Lighted,Rain,2:00am-2:59am,17,Unknown EMS Scene Arrival Hour,Unknown EMS Scene Arrival Minutes,Not Applicable (Not Transported),Not Applicable (Not Transported),1,Dark - Lighted,Rain/Wind/Minor,0,1,[],[],1,1,Valid,0.0,0.0,24.0,24.0,['Female'],0,0,2,0,4,Wet/Standing Water,Straight,Level,Lowest,No
37280,55,Wisconsin,550285,0,2,2,0,5,NOT APPLICABLE,August,4,Friday,14,42,Rural,Medium Speed (Collector),No,44.64086389,-92.11170556,Non-Intersection,Daylight,Clear,2:00pm-2:59pm,43,2:00pm-2:59pm,56,Unknown,Unknown EMS Hospital Arrival Time,2,Daylight,Clear,2,3,"['Driver', 'Rear_Seat']","['Shoulder_Lapbelt', 'Lapbelt_Only']",0,0,Valid,0.0,0.0,40.0,18.0,"['Male', 'Male']",0,0,3,4,5,Dry,Curve,Grade/Hillcrest,Lowest,No
37281,55,Wisconsin,550286,0,3,3,0,3,NOT APPLICABLE,July,26,Wednesday,21,19,Rural,Medium Speed (Collector),No,44.85754722,-88.34986111,Non-Intersection,Dark - Not Lighted,Cloudy,9:00pm-9:59pm,22,9:00pm-9:59pm,38,11:00pm-11:59pm,4,1,Dark - Unlighted,Reduced Visibility,1,2,['Driver'],['None_Used'],0,0,Invalid,0.0,1.0,43.0,18.0,"['Male', 'Male', 'Male']",0,0,5,4,5,Dry,Straight,Level,Lowest,No
37282,55,Wisconsin,550287,0,1,1,0,5,KENOSHA,July,28,Friday,3,25,Urban,High Speed (Arterial),Yes,42.56617222,-87.85730556,Non-Intersection,Dark - Lighted,Rain,3:00am-3:59am,28,3:00am-3:59am,33,4:00am-4:59am,4,2,Dark - Lighted,Rain/Wind/Minor,2,3,"['Rear_Seat', 'Rear_Seat']","['None_Used', 'None_Used']",1,1,Valid,0.0,0.0,20.0,20.0,['Male'],5,0,3,4,3,Wet/Standing Water,Straight,Level,Lowest,No
37283,55,Wisconsin,550288,1,1,1,0,1,NOT APPLICABLE,August,2,Wednesday,22,21,Rural,Medium Speed (Collector),No,46.84580556,-90.79360278,Non-Intersection,Dark - Unknown Lighting,Clear,10:00pm-10:59pm,21,10:00pm-10:59pm,40,Not Applicable (Not Transported),Not Applicable (Not Transported),1,Dark - Unlighted,Clear,0,1,[],[],0,0,Valid,0.0,2.0,24.0,24.0,['Male'],0,0,3,3,4,Dry,Straight,Level,Lowest,No
37284,55,Wisconsin,550290,0,1,1,0,1,NOT APPLICABLE,August,8,Tuesday,12,20,Rural,Medium Speed (Collector),No,45.23525278,-89.45535833,Non-Intersection,Daylight,Cloudy,12:00pm-12:59pm,24,12:00pm-12:59pm,39,1:00pm-1:59pm,5,1,Daylight,Reduced Visibility,1,0,['Driver'],['Shoulder_Lapbelt'],0,0,Invalid,0.0,0.0,35.0,35.0,['Female'],0,0,3,4,3,Dry,Straight,Level,Lowest,No
37285,55,Wisconsin,550291,0,1,1,0,1,NEENAH,August,12,Saturday,19,23,Rural,Medium Speed (Collector),No,44.17512778,-88.47235556,Non-Intersection,Daylight,Clear,7:00pm-7:59pm,25,7:00pm-7:59pm,33,7:00pm-7:59pm,43,1,Daylight,Clear,1,0,['Driver'],['None_Used'],0,0,Valid,1.0,1.0,50.0,50.0,['Male'],1,0,5,4,3,Dry,Curve,Level,Lowest,No
37286,55,Wisconsin,550292,0,1,1,0,3,NOT APPLICABLE,July,9,Sunday,11,40,Rural,High Speed (Arterial),Yes,44.15355,-89.53263889,Non-Intersection,Daylight,Clear,11:00am-11:59am,40,11:00am-11:59am,42,Unknown,Unknown EMS Hospital Arrival Time,1,Daylight,Clear,1,2,['Front_Passenger'],['None_Used'],0,0,Valid,0.0,0.0,31.0,31.0,['Male'],0,0,3,4,3,Dry,Straight,Level,Lowest,No
37287,55,Wisconsin,550293,0,3,3,0,3,NOT APPLICABLE,July,30,Sunday,15,55,Rural,Medium Speed (Collector),No,43.29588889,-88.30455278,Non-Intersection,Daylight,Clear,3:00pm-3:59pm,58,4:00pm-4:59pm,5,4:00pm-4:59pm,58,1,Daylight,Clear,1,2,['Driver'],['None_Used'],0,0,Valid,1.0,1.0,61.0,22.0,"['Male', 'Female', 'Male']",0,0,5,4,5,Dry,Straight,Grade/Hillcrest,Lowest,No
37288,55,Wisconsin,550294,0,2,2,0,2,MADISON,August,9,Wednesday,21,7,Urban,High Speed (Arterial),Yes,43.06317222,-89.40083056,Complex/Circle,Dark - Lighted,Clear,9:00pm-9:59pm,8,9:00pm-9:59pm,11,9:00pm-9:59pm,23,1,Dark - Lighted,Clear,1,1,['Driver'],['Shoulder_Lapbelt'],1,1,Valid,1.0,0.0,83.0,25.0,"['Male', 'Male']",1,0,2,4,5,Dry,Straight,Level,Lowest,No
37289,55,Wisconsin,550295,0,1,1,0,1,NOT APPLICABLE,August,8,Tuesday,12,16,Rural,High Speed (Arterial),Yes,45.564625,-88.72718333,Non-Intersection,Daylight,Clear,Unknown,Unknown,Unknown EMS Scene Arrival Hour,Unknown EMS Scene Arrival Minutes,Unknown,Unknown EMS Hospital Arrival Time,1,Daylight,Clear,1,0,['Driver'],['None_Used'],0,0,Valid,0.0,0.0,70.0,70.0,['Male'],0,0,5,4,1,Dry,Straight,Level,Lowest,No
37290,55,Wisconsin,550296,0,1,1,0,1,MOUNT PLEASANT,August,15,Tuesday,21,0,Urban,Medium Speed (Collector),No,42.71946944,-87.87194444,Non-Intersection,Dark - Lighted,Cloudy,Unknown,Unknown if Notified,Unknown EMS Scene Arrival Hour,Unknown if Arrived,Not Applicable (Not Transported),Not Applicable (Not Transported),1,Dark - Lighted,Reduced Visibility,1,0,['Driver'],['Shoulder_Lapbelt'],1,1,Valid,0.0,1.0,24.0,24.0,['Male'],0,0,2,4,3,Dry,Curve,Level,Lowest,No
37291,55,Wisconsin,550297,0,2,2,0,2,NOT APPLICABLE,August,17,Thursday,6,44,Rural,High Speed (Arterial),Yes,45.39581389,-92.40055,Non-Intersection,Daylight,Clear,6:00am-6:59am,50,6:00am-6:59am,57,Not Applicable (Not Transported),Not Applicable (Not Transported),2,Daylight,Clear,2,0,"['Driver', 'Driver']","['Shoulder_Lapbelt', 'Shoulder_Lapbelt']",0,0,Valid,2.0,1.0,80.0,57.0,"['Male', 'Male']",0,0,3,4,5,Dry,Straight,Level,Lowest,No
37292,55,Wisconsin,550298,0,1,1,0,1,NOT APPLICABLE,August,12,Saturday,3,24,Rural,Medium Speed (Collector),No,44.74648333,-91.67451389,Non-Intersection,Dark - Not Lighted,Clear,3:00am-3:59am,24,3:00am-3:59am,41,Not Applicable (Not Transported),Not Applicable (Not Transported),1,Dark - Unlighted,Clear,1,0,['Driver'],['None_Used'],1,1,Valid,0.0,1.0,27.0,27.0,['Male'],0,0,2,4,3,Dry,Curve,Level,Lowest,No
37293,55,Wisconsin,550299,0,1,1,0,1,MUSKEGO,August,12,Saturday,21,56,Urban,Medium Speed (Collector),No,42.92892778,-88.15301944,Non-Intersection,Dark - Not Lighted,Clear,9:00pm-9:59pm,56,10:00pm-10:59pm,0,Not Applicable (Not Transported),Not Applicable (Not Transported),1,Dark - Unlighted,Clear,1,0,['Driver'],['Shoulder_Lapbelt'],1,1,Valid,0.0,0.0,38.0,38.0,['Male'],0,0,2,4,3,Dry,Straight,Level,Lowest,No
37294,55,Wisconsin,550300,0,1,1,0,1,MENOMONEE FALLS,August,13,Sunday,99,99,Urban,High Speed (Arterial),Yes,43.14475556,-88.17265,Non-Intersection,Dark - Lighted,Clear,0:00am-0:59am,22,0:00am-0:59am,29,Not Applicable (Not Transported),Not Applicable (Not Transported),1,Dark - Lighted,Clear,1,0,['Driver'],['None_Used'],1,1,Valid,0.0,1.0,21.0,21.0,['Male'],0,0,3,4,3,Dry,Straight,Level,Lowest,No
37295,55,Wisconsin,550301,0,2,2,0,2,NOT APPLICABLE,August,13,Sunday,1,53,Rural,High Speed (Arterial),Yes,44.71987778,-88.41348333,Non-Intersection,Dark - Not Lighted,Clear,1:00am-1:59am,58,2:00am-2:59am,8,2:00am-2:59am,46,1,Dark - Unlighted,Clear,1,1,['Driver'],['None_Used'],1,1,Valid,0.0,0.0,51.0,28.0,"['Male', 'Male']",0,0,5,4,5,Dry,Straight,Grade/Hillcrest,Lowest,No
37296,55,Wisconsin,550302,0,2,2,0,2,NOT APPLICABLE,August,16,Wednesday,22,48,Rural,High Speed (Arterial),Yes,45.15102222,-92.2821,Complex/Circle,Dark - Not Lighted,Cloudy,10:00pm-10:59pm,51,11:00pm-11:59pm,0,Not Applicable (Not Transported),Not Applicable (Not Transported),1,Dark - Unlighted,Reduced Visibility,1,1,['Driver'],['Shoulder_Lapbelt'],1,1,Valid,0.0,0.0,57.0,23.0,"['Male', 'Male']",0,0,2,4,5,Dry,Straight,Level,Lowest,No
37297,55,Wisconsin,550303,0,1,1,0,1,NOT APPLICABLE,August,5,Saturday,16,12,Rural,Medium Speed (Collector),No,45.46430278,-90.81180556,Non-Intersection,Daylight,Clear,4:00pm-4:59pm,12,4:00pm-4:59pm,50,Not Applicable (Not Transported),Not Applicable (Not Transported),1,Daylight,Clear,1,0,['Driver'],['None_Used'],1,1,Invalid,0.0,0.0,45.0,45.0,['Male'],0,0,2,4,3,Dry,Curve,Level,Lowest,No
37298,55,Wisconsin,550304,0,1,1,0,3,MADISON,August,10,Thursday,0,25,Urban,Medium Speed (Collector),No,43.07135833,-89.3887,Complex/Circle,Dark - Lighted,Clear,0:00am-0:59am,25,0:00am-0:59am,30,0:00am-0:59am,56,1,Dark - Lighted,Clear,1,2,['Driver'],['Shoulder_Lapbelt'],0,0,Invalid,1.0,3.0,32.0,32.0,['Male'],0,0,3,4,3,Dry,Straight,Level,Lowest,No
37299,55,Wisconsin,550305,0,3,3,0,4,NOT APPLICABLE,August,19,Saturday,10,51,Rural,High Speed (Arterial),Yes,44.42694722,-91.3997,Simple Junction,Daylight,Clear,Unknown,Unknown,11:00am-11:59am,Unknown EMS Scene Arrival Minutes,Not Applicable (Not Transported),Not Applicable (Not Transported),1,Daylight,Clear,1,3,['Driver'],['None_Used'],0,0,Valid,0.0,1.0,55.0,18.0,"['Female', 'Male', 'Male']",0,0,5,4,5,Dry,Straight,Level,Lowest,Yes
37300,55,Wisconsin,550306,0,2,2,0,3,NOT APPLICABLE,August,7,Monday,16,55,Rural,Medium Speed (Collector),No,44.67010278,-90.02516667,Complex/Circle,Daylight,Cloudy,4:00pm-4:59pm,55,5:00pm-5:59pm,4,Unknown,Unknown EMS Hospital Arrival Time,1,Daylight,Reduced Visibility,1,2,['Driver'],['Shoulder_Lapbelt'],0,0,Valid,0.0,0.0,52.0,45.0,"['Female', 'Male']",0,0,3,4,5,Dry,Straight,Level,Lowest,No
37301,55,Wisconsin,550307,0,2,2,0,2,NOT APPLICABLE,August,3,Thursday,16,4,Rural,Medium Speed (Collector),No,43.303875,-89.32503611,Non-Intersection,Daylight,Clear,4:00pm-4:59pm,4,4:00pm-4:59pm,19,5:00pm-5:59pm,4,1,Daylight,Clear,1,1,['Driver'],['None_Used'],0,0,Valid,0.0,0.0,64.0,59.0,"['Male', 'Male']",0,0,5,4,5,Dry,Straight,Level,Lowest,No
37302,55,Wisconsin,550308,0,2,2,0,2,KEWAUNEE,August,16,Wednesday,12,0,Rural,Medium Speed (Collector),No,44.47351389,-87.50160278,Non-Intersection,Daylight,Clear,12:00pm-12:59pm,1,12:00pm-12:59pm,9,12:00pm-12:59pm,41,1,Daylight,Clear,1,1,['Driver'],['None_Used'],0,0,Valid,0.0,0.0,71.0,67.0,"['Male', 'Male']",0,0,5,4,5,Dry,Straight,Grade/Hillcrest,Lowest,No
37303,55,Wisconsin,550309,0,2,2,0,2,NOT APPLICABLE,August,19,Saturday,22,15,Rural,Medium Speed (Collector),No,45.49188056,-91.70419444,Non-Intersection,Dark - Not Lighted,Cloudy,10:00pm-10:59pm,18,10:00pm-10:59pm,26,Unknown,Unknown EMS Hospital Arrival Time,1,Dark - Unlighted,Reduced Visibility,1,1,['Driver'],['None_Used'],1,1,Valid,1.0,3.0,37.0,31.0,"['Male', 'Male']",0,0,5,4,5,Dry,Straight,Level,Lowest,No
37304,55,Wisconsin,550310,1,1,1,0,1,MOUNT PLEASANT,August,20,Sunday,21,23,Urban,High Speed (Arterial),Yes,42.72021944,-87.84553056,Non-Intersection,Dark - Lighted,Clear,9:00pm-9:59pm,24,9:00pm-9:59pm,28,9:00pm-9:59pm,46,1,Dark - Lighted,Clear,0,1,[],[],0,0,Invalid,0.0,0.0,999.0,999.0,['Other'],0,0,3,3,4,Dry,Straight,Level,Lowest,No
37305,55,Wisconsin,550311,0,2,2,0,3,NOT APPLICABLE,August,19,Saturday,17,15,Rural,High Speed (Arterial),Yes,44.58965556,-92.54251389,Complex/Circle,Daylight,Clear,5:00pm-5:59pm,15,5:00pm-5:59pm,21,Not Applicable (Not Transported),Not Applicable (Not Transported),1,Daylight,Clear,1,2,['Driver'],['None_Used'],0,0,Valid,0.0,0.0,58.0,35.0,"['Male', 'Male']",0,0,5,4,5,Dry,Straight,Level,Lowest,No
37306,55,Wisconsin,550312,0,1,1,0,1,NOT APPLICABLE,August,21,Monday,16,34,Rural,Medium Speed (Collector),No,46.05165,-89.10867778,Non-Intersection,Daylight,Clear,4:00pm-4:59pm,30,4:00pm-4:59pm,35,Not Applicable (Not Transported),Not Applicable (Not Transported),1,Daylight,Clear,1,0,['Driver'],['None_Used'],1,1,Valid,0.0,0.0,23.0,23.0,['Male'],1,0,2,4,3,Dry,Curve,Level,Lowest,No
37307,55,Wisconsin,550313,0,2,2,0,2,NOT APPLICABLE,August,23,Wednesday,3,45,Rural,High Speed (Arterial),Yes,46.60975556,-91.92261944,Non-Intersection,Dark - Not Lighted,"Fog, Smog, Smoke",3:00am-3:59am,47,4:00am-4:59am,1,Not Applicable (Not Transported),Not Applicable (Not Transported),1,Dark - Unlighted,Reduced Visibility,1,1,['Driver'],['None_Used'],1,2,Invalid,0.0,1.0,61.0,34.0,"['Male', 'Male']",1,0,4,4,5,Wet/Standing Water,Straight,Level,Lowest,No
37308,55,Wisconsin,550314,0,1,1,0,1,MARSHFIELD,July,27,Thursday,0,50,Urban,Low Speed (Local),No,44.66579167,-90.17094167,Non-Intersection,Dark - Lighted,Cloudy,0:00am-0:59am,51,0:00am-0:59am,55,1:00am-1:59am,12,1,Dark - Lighted,Reduced Visibility,1,0,['Driver'],['Shoulder_Lapbelt'],1,1,Valid,1.0,1.0,18.0,18.0,['Male'],0,0,2,4,2,Dry,Straight,Level,Lowest,No
37309,55,Wisconsin,550315,0,2,2,0,6,MILWAUKEE,August,12,Saturday,15,44,Urban,Medium Speed (Collector),No,43.07290833,-87.90516667,Complex/Circle,Daylight,Clear,Unknown,Unknown,Unknown EMS Scene Arrival Hour,Unknown EMS Scene Arrival Minutes,Not Applicable (Not Transported),Not Applicable (Not Transported),1,Daylight,Clear,1,5,['Driver'],['None_Used'],0,0,Invalid,0.0,1.0,42.0,18.0,"['Male', 'Male']",0,0,5,4,5,Dry,Straight,Level,Lowest,No
37310,55,Wisconsin,550316,0,1,1,0,1,NOT APPLICABLE,August,25,Friday,13,33,Rural,High Speed (Arterial),Yes,44.94186111,-92.45488889,Non-Intersection,Daylight,Clear,1:00pm-1:59pm,35,1:00pm-1:59pm,45,Not Applicable (Not Transported),Not Applicable (Not Transported),1,Daylight,Clear,1,0,['Driver'],['None_Used'],0,0,Invalid,0.0,0.0,24.0,24.0,['Male'],1,0,5,4,3,Dry,Curve,Level,Lowest,No
37311,55,Wisconsin,550317,0,1,1,0,1,NOT APPLICABLE,August,28,Monday,5,2,Rural,High Speed (Arterial),Yes,43.94350833,-90.31325,Non-Intersection,Dark - Not Lighted,Clear,5:00am-5:59am,4,5:00am-5:59am,20,Not Applicable (Not Transported),Not Applicable (Not Transported),1,Dark - Unlighted,Clear,1,0,['Driver'],['None_Used'],0,0,Valid,2.0,0.0,55.0,55.0,['Male'],0,0,4,4,3,Dry,Straight,Grade/Hillcrest,Lowest,No
37312,55,Wisconsin,550318,0,1,1,0,1,NOT APPLICABLE,August,19,Saturday,18,17,Rural,Medium Speed (Collector),No,45.73111389,-89.52580278,Non-Intersection,Daylight,Clear,6:00pm-6:59pm,17,6:00pm-6:59pm,31,Not Applicable (Not Transported),Not Applicable (Not Transported),1,Daylight,Clear,1,0,['Driver'],['None_Used'],1,1,Valid,1.0,1.0,37.0,37.0,['Male'],1,0,5,4,3,Dry,Curve,Level,Lowest,No
37313,55,Wisconsin,550319,0,2,2,0,2,MILWAUKEE,July,19,Wednesday,9,12,Urban,Medium Speed (Collector),No,43.06789167,-87.957475,Complex/Circle,Daylight,Clear,9:00am-9:59am,14,Unknown EMS Scene Arrival Hour,Unknown EMS Scene Arrival Minutes,Unknown,Unknown EMS Hospital Arrival Time,1,Daylight,Clear,1,1,['Driver'],['None_Used'],0,0,Invalid,1.0,1.0,27.0,18.0,"['Male', 'Female']",1,0,3,4,5,Dry,Straight,Level,Lowest,No
37314,55,Wisconsin,550320,0,1,1,0,2,ALMA,August,9,Wednesday,7,15,Rural,Medium Speed (Collector),No,44.29097778,-91.90172778,Non-Intersection,Daylight,Clear,7:00am-7:59am,18,7:00am-7:59am,34,Unknown,Unknown EMS Hospital Arrival Time,1,Daylight,Clear,1,1,['Front_Passenger'],['None_Used'],0,0,Valid,0.0,0.0,19.0,19.0,['Female'],2,0,3,4,3,Dry,Straight,Level,Lowest,No
37315,55,Wisconsin,550321,0,1,1,0,1,NOT APPLICABLE,August,31,Thursday,18,27,Rural,Medium Speed (Collector),No,46.64791389,-91.75955833,Non-Intersection,Daylight,Clear,6:00pm-6:59pm,33,6:00pm-6:59pm,56,Not Applicable (Not Transported),Not Applicable (Not Transported),1,Daylight,Clear,1,0,['Driver'],['None_Used'],0,0,Valid,0.0,0.0,52.0,52.0,['Male'],0,0,5,4,3,Dry,Straight,Level,Lowest,No
37316,55,Wisconsin,550322,0,2,2,0,2,LA CROSSE,September,1,Friday,14,56,Urban,Medium Speed (Collector),No,43.83697778,-91.23525833,Non-Intersection,Daylight,Clear,Unknown,Unknown,Unknown EMS Scene Arrival Hour,Officially Cancelled,Unknown,Officially Canceled,1,Daylight,Clear,1,1,['Driver'],['None_Used'],1,1,Valid,0.0,1.0,43.0,41.0,"['Male', 'Male']",1,0,5,4,5,Dry,Curve,Level,Lowest,No
37317,55,Wisconsin,550323,0,2,2,0,2,NOT APPLICABLE,September,2,Saturday,13,5,Rural,High Speed (Arterial),Yes,45.39361667,-91.78686111,Complex/Circle,Daylight,Clear,1:00pm-1:59pm,Unknown,1:00pm-1:59pm,17,2:00pm-2:59pm,0,1,Daylight,Clear,1,1,['Driver'],['None_Used'],0,0,Valid,0.0,0.0,73.0,68.0,"['Male', 'Female']",0,0,5,3,5,Dry,Straight,Level,Lowest,No
37318,55,Wisconsin,550324,0,1,1,0,1,NOT APPLICABLE,August,13,Sunday,8,24,Rural,High Speed (Arterial),Yes,45.97078889,-91.82726667,Non-Intersection,Daylight,Clear,8:00am-8:59am,24,8:00am-8:59am,35,8:00am-8:59am,51,1,Daylight,Clear,1,0,['Driver'],['Shoulder_Lapbelt'],0,0,Invalid,0.0,0.0,36.0,36.0,['Male'],0,0,3,4,1,Dry,Straight,Level,Lowest,Yes
37319,55,Wisconsin,550325,0,1,1,0,1,NOT APPLICABLE,September,1,Friday,18,13,Rural,Low Speed (Local),No,44.24628611,-87.84696111,Non-Intersection,Dusk,Cloudy,7:00pm-7:59pm,11,7:00pm-7:59pm,19,Not Applicable (Not Transported),Not Applicable (Not Transported),1,Twilight,Reduced Visibility,1,0,['Driver'],['Shoulder_Lapbelt'],1,1,Valid,0.0,0.0,29.0,29.0,['Male'],0,0,3,4,3,Dry,Curve,Level,Lowest,Yes
37320,55,Wisconsin,550326,0,2,2,0,5,WEST ALLIS,August,27,Sunday,7,8,Urban,High Speed (Arterial),Yes,42.99529167,-88.04692778,Complex/Circle,Daylight,Clear,Unknown,Unknown,Unknown EMS Scene Arrival Hour,Unknown EMS Scene Arrival Minutes,Unknown,Unknown EMS Hospital Arrival Time,1,Daylight,Clear,1,4,['Driver'],['None_Used'],0,0,Valid,1.0,0.0,80.0,26.0,"['Female', 'Male']",0,0,3,4,5,Dry,Straight,Level,Lowest,No
37321,55,Wisconsin,550327,0,1,1,0,2,ARPIN,August,26,Saturday,10,9,Rural,Low Speed (Local),No,44.54494722,-90.02958889,Non-Intersection,Daylight,Severe Crosswinds,10:00am-10:59am,10,10:00am-10:59am,32,11:00am-11:59am,15,1,Daylight,Rain/Wind/Minor,1,1,['Non_Standard_Risk'],['None_Used'],0,0,Valid,0.0,0.0,62.0,62.0,['Male'],0,0,3,1,1,Dry,Straight,Level,Lowest,No
37322,55,Wisconsin,550328,1,1,1,0,2,MILWAUKEE,August,27,Sunday,15,14,Urban,High Speed (Arterial),No,43.08828611,-87.974375,Non-Intersection,Daylight,Clear,Unknown,Unknown,Unknown EMS Scene Arrival Hour,Unknown EMS Scene Arrival Minutes,Unknown,Unknown EMS Hospital Arrival Time,1,Daylight,Clear,0,2,[],[],0,0,Valid,0.0,0.0,30.0,30.0,['Male'],2,0,2,0,4,Dry,Straight,Level,Lowest,No
37323,55,Wisconsin,550329,1,1,1,0,2,NOT APPLICABLE,September,6,Wednesday,20,15,Rural,Medium Speed (Collector),No,44.33834167,-88.29200278,Non-Intersection,Dark - Not Lighted,Clear,8:00pm-8:59pm,19,8:00pm-8:59pm,Unknown EMS Scene Arrival Minutes,Not Applicable (Not Transported),Not Applicable (Not Transported),1,Dark - Unlighted,Clear,0,2,[],[],0,0,Valid,0.0,0.0,78.0,78.0,['Male'],0,0,2,4,4,Dry,Straight,Level,Lowest,No
37324,55,Wisconsin,550330,0,1,1,0,2,SHEBOYGAN,September,4,Monday,23,24,Urban,Medium Speed (Collector),No,43.77361389,-87.70603056,Non-Intersection,Dark - Lighted,Clear,11:00pm-11:59pm,41,11:00pm-11:59pm,47,0:00am-0:59am,13,1,Dark - Lighted,Clear,1,1,['Front_Passenger'],['None_Used'],1,1,Invalid,0.0,1.0,25.0,25.0,['Female'],2,0,2,4,3,Dry,Curve,Level,Lowest,No
37325,55,Wisconsin,550331,0,1,1,0,1,NOT APPLICABLE,September,10,Sunday,4,50,Rural,Medium Speed (Collector),No,45.71244167,-92.39610556,Non-Intersection,Dark - Not Lighted,Cloudy,Not Applicable (Not Notified),Not Applicable (Not Notified),Not Applicable,Not Applicable,Not Applicable (Not Transported),Not Applicable (Not Transported),1,Dark - Unlighted,Reduced Visibility,1,0,['Driver'],['None_Used'],0,0,Valid,1.0,0.0,27.0,27.0,['Male'],1,0,5,4,3,Dry,Curve,Grade/Hillcrest,Lowest,No
37326,55,Wisconsin,550332,0,1,1,0,2,NOT APPLICABLE,September,8,Friday,12,0,Rural,Medium Speed (Collector),No,43.52218056,-90.89496667,Non-Intersection,Daylight,Clear,1:00pm-1:59pm,19,1:00pm-1:59pm,28,Not Applicable (Not Transported),Not Applicable (Not Transported),1,Daylight,Clear,1,1,['Front_Passenger'],['Shoulder_Lapbelt'],0,0,Valid,1.0,0.0,77.0,77.0,['Male'],0,0,3,4,3,Dry,Straight,Level,Medium,No
37327,55,Wisconsin,550333,0,3,3,0,4,MILWAUKEE,August,30,Wednesday,14,27,Urban,Medium Speed (Collector),No,43.10471944,-87.98913333,Non-Intersection,Daylight,Clear,Unknown,Unknown,Unknown EMS Scene Arrival Hour,Unknown EMS Scene Arrival Minutes,Unknown,Unknown EMS Hospital Arrival Time,1,Daylight,Clear,1,3,['Driver'],['None_Used'],0,0,Valid,0.0,1.0,42.0,23.0,"['Male', 'Male', 'Male']",0,0,3,4,5,Dry,Straight,Level,Lowest,No
37328,55,Wisconsin,550335,0,2,2,0,2,NOT APPLICABLE,September,10,Sunday,5,23,Rural,High Speed (Arterial),Yes,44.14839722,-87.89853889,Non-Intersection,Dark - Lighted,Cloudy,5:00am-5:59am,27,5:00am-5:59am,34,Unknown,Unknown EMS Hospital Arrival Time,2,Dark - Lighted,Reduced Visibility,2,0,"['Driver', 'Driver']","['Shoulder_Lapbelt', 'Shoulder_Lapbelt']",0,0,Valid,0.0,1.0,21.0,17.0,"['Female', 'Female']",0,0,3,4,5,Dry,Straight,Grade/Hillcrest,Lowest,No
37329,55,Wisconsin,550337,0,1,1,0,1,NOT APPLICABLE,July,21,Friday,19,45,Rural,Medium Speed (Collector),No,42.77702778,-88.64175,Non-Intersection,Daylight,Clear,Unknown,Unknown,Unknown EMS Scene Arrival Hour,Unknown EMS Scene Arrival Minutes,Unknown,Unknown EMS Hospital Arrival Time,1,Daylight,Clear,1,0,['Driver'],['None_Used'],1,1,Valid,0.0,0.0,36.0,36.0,['Male'],0,0,5,4,3,Dry,Straight,Level,Lowest,No
37330,55,Wisconsin,550338,0,1,1,0,1,NOT APPLICABLE,September,9,Saturday,21,4,Rural,Low Speed (Local),No,42.77708611,-90.66775556,Non-Intersection,Dark - Not Lighted,Clear,9:00pm-9:59pm,8,9:00pm-9:59pm,18,9:00pm-9:59pm,34,1,Dark - Unlighted,Clear,1,0,['Driver'],['None_Used'],0,0,Valid,1.0,1.0,29.0,29.0,['Female'],1,0,5,4,3,Dry,Straight,Level,Lowest,No
37331,55,Wisconsin,550339,1,2,2,0,2,BELLEVUE,July,31,Monday,0,58,Urban,High Speed (Arterial),Yes,44.44481111,-87.92539722,Non-Intersection,Dark - Not Lighted,Clear,0:00am-0:59am,58,1:00am-1:59am,6,Not Applicable (Not Transported),Not Applicable (Not Transported),1,Dark - Unlighted,Clear,0,2,[],[],0,0,Valid,1.0,0.0,998.0,18.0,"['Male', 'Other']",0,0,4,1,4,Dry,Straight,Level,Lowest,No