,State_Code,State_Name,Crash_ID,Count_Non_Motorists,Count_Vehicles_Total,Count_Vehicle_Forms,Count_PVH_Involved,Count_Occupants_MV,City_Name,Month_Name,Day_of_Month,Day_of_Week,Crash_Hour,Crash_Minute,Area_Rural_Urban,Road_Functional_Class,On_NHS_Road,Latitude,Longitude,Intersection_Type,Light_Condition,Weather_Condition,Notif_Hour,Notif_Minute,Arrival_Hour,Arrival_Minute,Hospital_Hour,Hospital_Minute,Fatalities_Count,Clean_Light_Condition,Clean_Weather_Condition,Total_Killed,Total_Alive,Fatal_Seats_List,Killed_Restraint_List,Any_Driver_Drinking,Total_Drinking_Drivers,Driver_License_Category,Driver_Max_Prev_Accident_Count,Driver_Max_Prev_Speeding_Count,Max_Driver_Age,Min_Driver_Age,Driver_Sex_List,Total_Exceeding_Limit_Vehicles,Total_Too_Fast_Vehicles,Max_Vehicle_Type_Severity_5,Max_Vehicle_Damage_Rank,Max_Harmful_Event_Severity,Crash_Road_Surface_Condition,Crash_Horizontal_Alignment,Crash_Vertical_Profile,Crash_Impairment_Category,Crash_Vehicle_Defect
37332,55,Wisconsin,550340,0,2,2,0,3,NOT APPLICABLE,August,31,Thursday,14,22,Rural,Medium Speed (Collector),No,43.092975,-88.68180278,Complex/Circle,Daylight,Clear,2:00pm-2:59pm,23,2:00pm-2:59pm,32,2:00pm-2:59pm,58,1,Daylight,Clear,1,2,['Driver'],['None_Used'],0,0,Valid,0.0,0.0,61.0,56.0,"['Male', 'Female']",1,0,5,4,5,Dry,Straight,Level,Lowest,No
37333,55,Wisconsin,550341,0,3,3,0,4,NOT APPLICABLE,August,31,Thursday,19,0,Rural,Medium Speed (Collector),No,44.111875,-89.80795,Complex/Circle,Dusk,Clear,7:00pm-7:59pm,3,7:00pm-7:59pm,10,8:00pm-8:59pm,1,1,Twilight,Clear,1,3,['Front_Passenger'],['Shoulder_Lapbelt'],0,0,Valid,1.0,1.0,76.0,27.0,"['Male', 'Male', 'Female']",0,0,4,4,5,Dry,Straight,Level,Lowest,No
37334,55,Wisconsin,550342,0,1,1,0,3,NOT APPLICABLE,September,6,Wednesday,19,50,Rural,Medium Speed (Collector),No,44.00818056,-88.02308056,Simple Junction,Dark - Not Lighted,Cloudy,7:00pm-7:59pm,54,8:00pm-8:59pm,5,Not Applicable (Not Transported),Not Applicable (Not Transported),3,Dark - Unlighted,Reduced Visibility,3,0,"['Driver', 'Front_Passenger', 'Rear_Seat']","['Shoulder_Lapbelt', 'Shoulder_Lapbelt', 'Shoulder_Lapbelt']",0,0,Valid,0.0,0.0,38.0,38.0,['Male'],0,0,2,4,3,Dry,Straight,Grade/Hillcrest,Lowest,No
37335,55,Wisconsin,550343,0,3,2,1,2,JANESVILLE,September,16,Saturday,14,55,Urban,Medium Speed (Collector),No,42.68572222,-89.01240833,Non-Intersection,Daylight,Clear,Unknown,Unknown,Unknown EMS Scene Arrival Hour,Unknown EMS Scene Arrival Minutes,Unknown,Unknown EMS Hospital Arrival Time,1,Daylight,Clear,1,1,['Driver'],['None_Used'],1,2,Valid,0.0,0.0,61.0,60.0,"['Female', 'Male']",0,0,5,4,5,Dry,Straight,Level,Lowest,No
37336,55,Wisconsin,550344,0,2,2,0,10,MILWAUKEE,August,13,Sunday,23,25,Urban,High Speed (Arterial),No,43.11958889,-87.99607222,Complex/Circle,Dark - Lighted,Clear,11:00pm-11:59pm,27,Unknown EMS Scene Arrival Hour,Unknown EMS Scene Arrival Minutes,Unknown,Unknown EMS Hospital Arrival Time,1,Dark - Lighted,Clear,1,9,['Front_Passenger'],['None_Used'],0,0,Invalid,1.0,3.0,25.0,16.0,"['Male', 'Female']",8,0,2,4,5,Dry,Straight,Level,Lowest,No
37337,55,Wisconsin,550345,0,1,1,0,1,NOT APPLICABLE,September,16,Saturday,99,99,Urban,High Speed (Arterial),Yes,43.03159722,-88.40402222,Non-Intersection,Dark - Not Lighted,Clear,3:00am-3:59am,39,3:00am-3:59am,44,4:00am-4:59am,5,1,Dark - Unlighted,Clear,1,0,['Driver'],['Shoulder_Lapbelt'],0,0,Valid,0.0,0.0,24.0,24.0,['Female'],0,0,3,4,3,Dry,Straight,Level,Lowest,No
37338,55,Wisconsin,550346,0,1,1,0,1,WAUKESHA,September,17,Sunday,8,22,Urban,High Speed (Arterial),Yes,43.04558889,-88.26620278,Non-Intersection,Daylight,Rain,Unknown,Unknown,Unknown EMS Scene Arrival Hour,Unknown EMS Scene Arrival Minutes,Unknown,Unknown EMS Hospital Arrival Time,1,Daylight,Rain/Wind/Minor,1,0,['Driver'],['Shoulder_Lapbelt'],0,0,Valid,0.0,0.0,46.0,46.0,['Male'],0,0,3,4,3,Wet/Standing Water,Curve,Level,Lowest,No
37339,55,Wisconsin,550347,1,1,1,0,2,MILWAUKEE,September,1,Friday,18,29,Urban,Medium Speed (Collector),No,43.01424444,-87.91857778,Complex/Circle,Daylight,Clear,Unknown,Unknown,Unknown EMS Scene Arrival Hour,Unknown EMS Scene Arrival Minutes,Unknown,Unknown EMS Hospital Arrival Time,1,Daylight,Clear,0,2,[],[],0,0,Valid,0.0,0.0,20.0,20.0,['Female'],0,0,3,1,4,Dry,Straight,Level,Lowest,No
37340,55,Wisconsin,550348,0,2,2,0,2,MILWAUKEE,September,8,Friday,20,24,Urban,Medium Speed (Collector),No,43.010725,-87.939575,Non-Intersection,Dark - Lighted,Clear,Unknown,Unknown,Unknown EMS Scene Arrival Hour,Unknown EMS Scene Arrival Minutes,Not Applicable (Not Transported),Not Applicable (Not Transported),1,Dark - Lighted,Clear,1,1,['Driver'],['None_Used'],0,0,Valid,1.0,1.0,39.0,24.0,"['Male', 'Female']",0,0,5,4,5,Dry,Straight,Level,Lowest,No
37341,55,Wisconsin,550349,0,2,2,0,2,WEST ALLIS,September,14,Thursday,17,41,Urban,Medium Speed (Collector),No,42.99998056,-88.02715833,Simple Junction,Daylight,Clear,5:00pm-5:59pm,41,5:00pm-5:59pm,46,Not Applicable (Not Transported),Not Applicable (Not Transported),1,Daylight,Clear,1,1,['Driver'],['None_Used'],0,0,Invalid,0.0,2.0,44.0,21.0,"['Male', 'Male']",1,0,5,4,5,Dry,Straight,Level,Lowest,No
37342,55,Wisconsin,550350,0,3,3,0,9,NOT APPLICABLE,September,16,Saturday,22,0,Urban,Medium Speed (Collector),No,42.62120278,-89.66083056,Complex/Circle,Dark - Not Lighted,Cloudy,10:00pm-10:59pm,4,10:00pm-10:59pm,14,10:00pm-10:59pm,41,1,Dark - Unlighted,Reduced Visibility,1,8,['Driver'],['Shoulder_Lapbelt'],0,0,Valid,1.0,1.0,61.0,17.0,"['Male', 'Female', 'Male']",0,0,3,4,5,Dry,Straight,Level,Lowest,No
37343,55,Wisconsin,550351,0,1,1,0,1,MADISON,September,16,Saturday,19,32,Urban,Medium Speed (Collector),No,43.04151111,-89.47761111,Non-Intersection,Dark - Lighted,Clear,7:00pm-7:59pm,32,7:00pm-7:59pm,37,8:00pm-8:59pm,9,1,Dark - Lighted,Clear,1,0,['Driver'],['None_Used'],1,1,Valid,1.0,2.0,30.0,30.0,['Male'],1,0,5,4,2,Dry,Curve,Level,Lowest,No
37344,55,Wisconsin,550352,0,1,1,0,1,MADISON,September,19,Tuesday,21,50,Urban,High Speed (Arterial),Yes,43.10433056,-89.29656944,Non-Intersection,Dark - Lighted,Clear,9:00pm-9:59pm,51,9:00pm-9:59pm,55,10:00pm-10:59pm,31,1,Dark - Lighted,Clear,1,0,['Driver'],['None_Used'],0,0,Invalid,1.0,3.0,22.0,22.0,['Male'],1,0,5,3,3,Dry,Straight,Level,Lowest,No
37345,55,Wisconsin,550353,1,1,1,0,1,MILWAUKEE,August,31,Thursday,20,45,Urban,Medium Speed (Collector),No,43.09713611,-87.95935,Simple Junction,Dark - Lighted,Clear,Unknown,Unknown,Unknown EMS Scene Arrival Hour,Unknown EMS Scene Arrival Minutes,Not Applicable (Not Transported),Not Applicable (Not Transported),1,Dark - Lighted,Clear,0,1,[],[],0,0,Invalid,0.0,0.0,998.0,998.0,['Other'],0,0,2,0,4,Dry,Straight,Level,Lowest,No
37346,55,Wisconsin,550354,0,1,1,0,1,NOT APPLICABLE,July,16,Sunday,13,53,Rural,Medium Speed (Collector),No,45.67652778,-91.25375278,Non-Intersection,Daylight,Clear,1:00pm-1:59pm,56,2:00pm-2:59pm,10,Not Applicable (Not Transported),Not Applicable (Not Transported),1,Daylight,Clear,1,0,['Driver'],['None_Used'],1,1,Valid,0.0,0.0,53.0,53.0,['Male'],0,0,5,4,2,Dry,Curve,Level,Lowest,No
37347,55,Wisconsin,550355,0,1,1,0,1,NOT APPLICABLE,September,22,Friday,16,47,Rural,High Speed (Arterial),Yes,43.52700278,-88.70701944,Non-Intersection,Daylight,Clear,4:00pm-4:59pm,48,5:00pm-5:59pm,5,Not Applicable (Not Transported),Not Applicable (Not Transported),1,Daylight,Clear,1,0,['Driver'],['Shoulder_Lapbelt'],0,0,Valid,0.0,1.0,39.0,39.0,['Female'],1,0,2,4,3,Dry,Curve,Level,Lowest,No
37348,55,Wisconsin,550356,1,1,1,0,2,NOT APPLICABLE,September,23,Saturday,6,18,Rural,High Speed (Arterial),Yes,46.18387222,-90.11841389,Non-Intersection,Dark - Not Lighted,Rain,6:00am-6:59am,18,6:00am-6:59am,37,7:00am-7:59am,19,1,Dark - Unlighted,Rain/Wind/Minor,0,2,[],[],0,0,Valid,1.0,0.0,54.0,54.0,['Male'],0,0,3,2,4,Wet/Standing Water,Straight,Level,Lowest,No
37349,55,Wisconsin,550357,0,1,1,0,1,NOT APPLICABLE,September,27,Wednesday,20,53,Rural,Medium Speed (Collector),No,44.86986944,-89.80741944,Non-Intersection,Dark - Not Lighted,Cloudy,Not Applicable (Not Notified),Not Applicable (Not Notified),Not Applicable,Not Applicable,Not Applicable (Not Transported),Not Applicable (Not Transported),1,Dark - Unlighted,Reduced Visibility,1,0,['Driver'],['Shoulder_Lapbelt'],1,1,Valid,0.0,0.0,38.0,38.0,['Male'],1,0,3,4,3,Dry,Curve,Level,Lowest,No
37350,55,Wisconsin,550358,0,2,2,0,3,NOT APPLICABLE,August,29,Tuesday,16,55,Rural,High Speed (Arterial),Yes,45.23775,-92.69751111,Non-Intersection,Daylight,Clear,Unknown,Unknown,Unknown EMS Scene Arrival Hour,Unknown EMS Scene Arrival Minutes,Unknown,Unknown EMS Hospital Arrival Time,1,Daylight,Clear,1,2,['Driver'],['None_Used'],0,0,Valid,0.0,0.0,73.0,53.0,"['Male', 'Male']",0,0,5,4,5,Dry,Straight,Non-Trafficway,Lowest,No
37351,55,Wisconsin,550359,0,1,1,0,1,NOT APPLICABLE,September,29,Friday,23,20,Rural,Medium Speed (Collector),No,44.30556389,-89.47336944,Non-Intersection,Dark - Not Lighted,Clear,11:00pm-11:59pm,21,11:00pm-11:59pm,32,Not Applicable (Not Transported),Not Applicable (Not Transported),1,Dark - Unlighted,Clear,1,0,['Driver'],['None_Used'],0,0,Invalid,0.0,0.0,46.0,46.0,['Male'],0,0,5,4,1,Dry,Straight,Level,Lowest,No
37352,55,Wisconsin,550360,1,1,1,0,1,MILWAUKEE,September,11,Monday,2,30,Urban,High Speed (Arterial),Yes,43.11946111,-87.99147778,Non-Intersection,Dark - Unknown Lighting,Rain,Unknown,Unknown,Unknown EMS Scene Arrival Hour,Unknown EMS Scene Arrival Minutes,Not Applicable (Not Transported),Not Applicable (Not Transported),1,Dark - Unlighted,Rain/Wind/Minor,0,1,[],[],0,0,Invalid,0.0,0.0,998.0,998.0,['Other'],0,0,1,0,4,Wet/Standing Water,Straight,Level,Lowest,No
37353,55,Wisconsin,550361,0,3,3,0,5,NOT APPLICABLE,September,13,Wednesday,17,15,Rural,High Speed (Arterial),Yes,45.39561389,-92.22164722,Non-Intersection,Daylight,Clear,Unknown,Unknown,Unknown EMS Scene Arrival Hour,Unknown EMS Scene Arrival Minutes,Unknown,Unknown EMS Hospital Arrival Time,3,Daylight,Clear,3,2,"['Driver', 'Driver', 'Rear_Seat']","['Shoulder_Lapbelt', 'Shoulder_Lapbelt', 'Shoulder_Lapbelt']",0,0,Valid,1.0,0.0,79.0,44.0,"['Male', 'Male', 'Male']",0,0,3,4,5,Dry,Straight,Level,Lowest,No
37354,55,Wisconsin,550362,0,2,2,0,3,NOT APPLICABLE,September,14,Thursday,7,22,Rural,Low Speed (Local),No,43.92071944,-88.10251667,Complex/Circle,Daylight,Cloudy,7:00am-7:59am,29,7:00am-7:59am,37,8:00am-8:59am,57,1,Daylight,Reduced Visibility,1,2,['Driver'],['Shoulder_Lapbelt'],0,0,Valid,0.0,1.0,16.0,16.0,"['Female', 'Male']",0,0,2,4,5,Dry,Straight,Level,Lowest,No
37355,55,Wisconsin,550363,0,2,2,0,3,RACINE,September,16,Saturday,17,1,Urban,Medium Speed (Collector),No,42.74451111,-87.80321944,Non-Intersection,Daylight,Clear,5:00pm-5:59pm,2,5:00pm-5:59pm,4,5:00pm-5:59pm,37,1,Daylight,Clear,1,2,['Driver'],['None_Used'],1,1,Valid,2.0,14.0,48.0,26.0,"['Male', 'Female']",1,0,5,4,5,Dry,Straight,Level,Lowest,No
37356,55,Wisconsin,550364,0,2,2,0,3,NOT APPLICABLE,September,23,Saturday,17,26,Rural,Medium Speed (Collector),No,45.03216667,-92.25783611,Complex/Circle,Daylight,Cloudy,5:00pm-5:59pm,29,5:00pm-5:59pm,34,6:00pm-6:59pm,13,1,Daylight,Reduced Visibility,1,2,['Driver'],['None_Used'],1,1,Valid,1.0,0.0,54.0,26.0,"['Male', 'Male']",0,0,3,4,5,Dry,Straight,Level,Lowest,No
37357,55,Wisconsin,550365,0,2,2,0,3,Other,September,24,Sunday,9,7,Rural,Low Speed (Local),No,42.77876944,-87.95750556,Complex/Circle,Daylight,Clear,9:00am-9:59am,8,9:00am-9:59am,20,Unknown,Unknown EMS Hospital Arrival Time,1,Daylight,Clear,1,2,['Driver'],['None_Used'],0,0,Valid,0.0,2.0,45.0,31.0,"['Male', 'Male']",0,0,5,4,5,Dry,Straight,Level,Lowest,No
37358,55,Wisconsin,550366,0,3,3,0,3,NOT APPLICABLE,September,28,Thursday,5,45,Rural,Medium Speed (Collector),No,44.38684167,-88.37463333,Complex/Circle,Dark - Not Lighted,Cloudy,5:00am-5:59am,0,6:00am-6:59am,0,Unknown,Unknown EMS Hospital Arrival Time,1,Dark - Unlighted,Reduced Visibility,1,2,['Driver'],['None_Used'],0,0,Valid,1.0,3.0,60.0,18.0,"['Male', 'Male', 'Male']",0,0,4,4,5,Dry,Straight,Level,Lowest,No
37359,55,Wisconsin,550367,1,1,1,0,1,MADISON,September,29,Friday,23,7,Urban,High Speed (Arterial),Yes,43.04665,-89.47431667,Non-Intersection,Dark - Lighted,Clear,11:00pm-11:59pm,11,11:00pm-11:59pm,21,Not Applicable (Not Transported),Not Applicable (Not Transported),1,Dark - Lighted,Clear,0,1,[],[],0,0,Invalid,0.0,3.0,20.0,20.0,['Female'],0,0,2,4,4,Dry,Straight,Level,Lowest,No
37360,55,Wisconsin,550368,0,1,1,0,2,NOT APPLICABLE,August,14,Monday,8,30,Rural,High Speed (Arterial),Yes,44.55023056,-91.16586111,Non-Intersection,Daylight,Rain,8:00am-8:59am,34,8:00am-8:59am,38,Unknown,Unknown EMS Hospital Arrival Time,1,Daylight,Rain/Wind/Minor,1,1,['Rear_Seat'],['Shoulder_Lapbelt'],0,0,Invalid,0.0,0.0,41.0,41.0,['Female'],2,0,3,4,3,Wet/Standing Water,Curve,Level,Lowest,Yes
37361,55,Wisconsin,550369,0,1,1,0,1,MILWAUKEE,September,30,Saturday,20,5,Urban,Medium Speed (Collector),No,43.08948611,-87.93733889,Non-Intersection,Dark - Lighted,Clear,Unknown,Unknown,Unknown EMS Scene Arrival Hour,Unknown EMS Scene Arrival Minutes,Unknown,Unknown EMS Hospital Arrival Time,1,Dark - Lighted,Clear,1,0,['Driver'],['Shoulder_Lapbelt'],0,0,Invalid,0.0,3.0,40.0,40.0,['Male'],0,0,2,4,3,Dry,Straight,Level,Lowest,No
37362,55,Wisconsin,550370,0,1,1,0,1,MCFARLAND,May,19,Friday,9,51,Urban,Low Speed (Local),No,43.01356389,-89.30365833,Non-Intersection,Daylight,Cloudy,10:00am-10:59am,0,10:00am-10:59am,4,Unknown,Unknown EMS Hospital Arrival Time,1,Daylight,Reduced Visibility,1,0,['Driver'],['Shoulder_Lapbelt'],0,0,Valid,0.0,0.0,83.0,83.0,['Female'],0,0,2,4,3,Dry,Straight,Level,Lowest,No
37363,55,Wisconsin,550371,0,2,2,0,2,NOT APPLICABLE,May,31,Wednesday,4,9,Rural,High Speed (Arterial),Yes,46.53130833,-91.08991944,Non-Intersection,Dawn,Clear,4:00am-4:59am,9,4:00am-4:59am,25,Not Applicable (Not Transported),Not Applicable (Not Transported),1,Twilight,Clear,1,1,['Driver'],['None_Used'],0,0,Invalid,0.0,1.0,49.0,39.0,"['Male', 'Male']",0,0,4,4,5,Dry,Straight,Level,Medium,No
37364,55,Wisconsin,550372,0,1,1,0,1,NOT APPLICABLE,September,9,Saturday,14,25,Rural,Low Speed (Local),No,43.505775,-90.500575,Non-Intersection,Daylight,Clear,2:00pm-2:59pm,40,3:00pm-3:59pm,11,Unknown,Unknown EMS Hospital Arrival Time,1,Daylight,Clear,1,0,['Driver'],['None_Used'],0,0,Valid,1.0,0.0,40.0,40.0,['Female'],0,0,5,3,3,Dry,Straight,Level,Lowest,No
37365,55,Wisconsin,550373,0,1,1,0,1,NOT APPLICABLE,October,1,Sunday,17,41,Rural,Medium Speed (Collector),No,43.61005278,-90.245925,Non-Intersection,Daylight,Clear,5:00pm-5:59pm,45,5:00pm-5:59pm,56,Unknown,Unknown EMS Hospital Arrival Time,1,Daylight,Clear,1,0,['Driver'],['None_Used'],1,1,Valid,0.0,0.0,62.0,62.0,['Male'],0,0,5,4,2,Dry,Curve,Level,Lowest,No
37366,55,Wisconsin,550374,0,1,1,0,1,NOT APPLICABLE,September,8,Friday,17,38,Rural,Medium Speed (Collector),No,45.35994167,-92.21953056,Non-Intersection,Daylight,Clear,Unknown,Unknown,Unknown EMS Scene Arrival Hour,Unknown EMS Scene Arrival Minutes,Unknown,Unknown EMS Hospital Arrival Time,1,Daylight,Clear,1,0,['Driver'],['None_Used'],0,0,Valid,0.0,0.0,68.0,68.0,['Male'],0,0,5,3,2,Dry,Curve,Level,Lowest,No
37367,55,Wisconsin,550375,0,2,2,0,4,NOT APPLICABLE,September,26,Tuesday,13,54,Rural,High Speed (Arterial),Yes,42.56644444,-89.97528056,Non-Intersection,Daylight,Cloudy,1:00pm-1:59pm,55,2:00pm-2:59pm,0,Unknown,Unknown EMS Hospital Arrival Time,2,Daylight,Reduced Visibility,2,2,"['Driver', 'Rear_Seat']","['Shoulder_Lapbelt', 'Child_Safety']",0,0,Invalid,0.0,0.0,30.0,27.0,"['Male', 'Male']",0,0,4,4,5,Dry,Straight,Grade/Hillcrest,Lowest,No
37368,55,Wisconsin,550376,0,2,2,0,2,NOT APPLICABLE,September,29,Friday,6,43,Urban,High Speed (Arterial),Yes,43.7849,-88.50270278,Complex/Circle,Daylight,"Fog, Smog, Smoke",Unknown,Unknown,Unknown EMS Scene Arrival Hour,Unknown EMS Scene Arrival Minutes,Not Applicable (Not Transported),Not Applicable (Not Transported),1,Daylight,Reduced Visibility,1,1,['Driver'],['Shoulder_Lapbelt'],0,0,Invalid,0.0,0.0,67.0,64.0,"['Female', 'Male']",0,0,4,4,5,Dry,Straight,Level,Lowest,No
37369,55,Wisconsin,550377,0,1,1,0,1,NOT APPLICABLE,September,3,Sunday,17,34,Rural,Low Speed (Local),No,43.99556667,-89.56163611,Non-Intersection,Daylight,Clear,Unknown,Unknown,Unknown EMS Scene Arrival Hour,Unknown EMS Scene Arrival Minutes,Unknown,Unknown EMS Hospital Arrival Time,1,Daylight,Clear,1,0,['Driver'],['None_Used'],1,1,Valid,0.0,1.0,58.0,58.0,['Male'],1,0,3,4,3,Dry,Curve,Level,Lowest,No
37370,55,Wisconsin,550378,0,2,2,0,2,LAKE GENEVA,October,1,Sunday,12,57,Urban,High Speed (Arterial),Yes,42.60551667,-88.4282,Simple Junction,Daylight,Clear,12:00pm-12:59pm,57,1:00pm-1:59pm,0,Not Applicable (Not Transported),Not Applicable (Not Transported),1,Daylight,Clear,1,1,['Driver'],['None_Used'],0,0,Valid,0.0,1.0,61.0,51.0,"['Male', 'Male']",0,0,5,4,5,Dry,Straight,Level,Lowest,No
37371,55,Wisconsin,550379,0,1,1,0,3,NOT APPLICABLE,October,4,Wednesday,2,49,Rural,Medium Speed (Collector),No,45.98189167,-92.36607222,Non-Intersection,Dark - Not Lighted,Clear,2:00am-2:59am,59,3:00am-3:59am,5,Unknown,Unknown EMS Hospital Arrival Time,1,Dark - Unlighted,Clear,1,2,['Rear_Seat'],['None_Used'],1,1,Invalid,0.0,0.0,19.0,19.0,['Female'],0,0,3,4,3,Wet/Standing Water,Straight,Level,Lowest,No
37372,55,Wisconsin,550380,0,1,1,0,2,NOT APPLICABLE,October,5,Thursday,17,48,Urban,Medium Speed (Collector),No,43.17332222,-88.29224167,Non-Intersection,Daylight,Clear,5:00pm-5:59pm,50,6:00pm-6:59pm,0,6:00pm-6:59pm,35,1,Daylight,Clear,1,1,['Front_Passenger'],['None_Used'],0,0,Valid,0.0,1.0,20.0,20.0,['Male'],0,0,3,4,3,Dry,Straight,Level,Medium,No
37373,55,Wisconsin,550381,0,2,2,0,2,NOT APPLICABLE,October,2,Monday,16,57,Urban,High Speed (Arterial),No,42.66988056,-88.52034722,Simple Junction,Daylight,Other,Unknown,Unknown,Unknown EMS Scene Arrival Hour,Unknown EMS Scene Arrival Minutes,Unknown,Unknown EMS Hospital Arrival Time,1,Daylight,Reduced Visibility,1,1,['Driver'],['None_Used'],0,0,Valid,1.0,2.0,60.0,52.0,"['Male', 'Male']",0,0,5,4,5,Dry,Straight,Level,Lowest,No
37374,55,Wisconsin,550382,0,2,2,0,2,MILWAUKEE,September,28,Thursday,22,48,Urban,High Speed (Arterial),Yes,43.02821944,-88.02590833,Non-Intersection,Dark - Lighted,Clear,10:00pm-10:59pm,54,11:00pm-11:59pm,10,Not Applicable (Not Transported),Not Applicable (Not Transported),1,Dark - Lighted,Clear,1,1,['Driver'],['None_Used'],1,1,Valid,0.0,0.0,39.0,24.0,"['Male', 'Male']",1,0,5,4,5,Dry,Straight,Level,Lowest,No
37375,55,Wisconsin,550384,0,2,2,0,5,NOT APPLICABLE,October,6,Friday,16,33,Rural,High Speed (Arterial),Yes,45.05093333,-87.79977778,Complex/Circle,Daylight,Cloudy,4:00pm-4:59pm,38,4:00pm-4:59pm,50,5:00pm-5:59pm,22,1,Daylight,Reduced Visibility,1,4,['Rear_Seat'],['Child_Safety'],0,0,Valid,0.0,1.0,46.0,30.0,"['Male', 'Male']",0,0,2,4,5,Dry,Straight,Level,Lowest,No
37376,55,Wisconsin,550385,0,2,2,0,2,NOT APPLICABLE,September,22,Friday,5,44,Rural,Low Speed (Local),No,44.67021389,-90.04533611,Complex/Circle,Dark - Not Lighted,"Fog, Smog, Smoke",5:00am-5:59am,45,5:00am-5:59am,55,6:00am-6:59am,5,1,Dark - Unlighted,Reduced Visibility,1,1,['Driver'],['Shoulder_Lapbelt'],0,0,Valid,1.0,4.0,46.0,17.0,"['Female', 'Male']",0,0,3,4,5,Dry,Straight,Level,Lowest,No
37377,55,Wisconsin,550386,0,2,2,0,2,OSCEOLA,October,6,Friday,8,16,Rural,High Speed (Arterial),Yes,45.30495556,-92.69810556,Non-Intersection,Daylight,Rain,8:00am-8:59am,18,8:00am-8:59am,27,8:00am-8:59am,40,1,Daylight,Rain/Wind/Minor,1,1,['Driver'],['None_Used'],0,0,Valid,0.0,2.0,40.0,19.0,"['Male', 'Male']",0,0,2,4,5,Wet/Standing Water,Straight,Level,Lowest,No
37378,55,Wisconsin,550387,0,1,1,0,2,NOT APPLICABLE,October,17,Tuesday,15,15,Rural,Medium Speed (Collector),No,43.93518056,-88.73936389,Non-Intersection,Daylight,Clear,3:00pm-3:59pm,18,3:00pm-3:59pm,34,Not Applicable (Not Transported),Not Applicable (Not Transported),2,Daylight,Clear,2,0,"['Driver', 'Front_Passenger']","['None_Used', 'None_Used']",1,1,Valid,0.0,0.0,28.0,28.0,['Female'],0,0,2,4,2,Dry,Curve,Level,Lowest,No
37379,55,Wisconsin,550388,0,2,2,0,2,NOT APPLICABLE,October,19,Thursday,12,2,Rural,High Speed (Arterial),Yes,42.96945833,-90.04496111,Complex/Circle,Daylight,Cloudy,12:00pm-12:59pm,4,12:00pm-12:59pm,17,Not Applicable (Not Transported),Not Applicable (Not Transported),1,Daylight,Reduced Visibility,1,1,['Driver'],['None_Used'],0,0,Valid,1.0,1.0,74.0,54.0,"['Male', 'Male']",0,0,4,4,5,Dry,Straight,Level,Lowest,No
37380,55,Wisconsin,550389,6,1,1,0,1,NOT APPLICABLE,October,8,Sunday,19,5,Rural,Medium Speed (Collector),No,42.66794722,-90.16131667,Non-Intersection,Dusk,Clear,7:00pm-7:59pm,9,7:00pm-7:59pm,13,7:00pm-7:59pm,32,1,Twilight,Clear,0,1,[],[],0,0,Valid,0.0,0.0,22.0,22.0,['Male'],0,0,3,4,1,Dry,Straight,Level,Lowest,No
37381,55,Wisconsin,550390,0,1,1,0,1,NOT APPLICABLE,October,21,Saturday,99,99,Rural,Low Speed (Local),No,45.37166667,-88.01927778,Simple Junction,Reported as Unknown,Reported as Unknown,8:00am-8:59am,54,9:00am-9:59am,23,Not Applicable (Not Transported),Not Applicable (Not Transported),1,Dark - Unlighted,Clear,1,0,['Driver'],['None_Used'],0,0,Invalid,1.0,0.0,22.0,22.0,['Male'],0,0,2,4,2,Dry,Curve,Grade/Hillcrest,Lowest,No
37382,55,Wisconsin,550391,0,1,1,0,4,NOT APPLICABLE,October,22,Sunday,20,23,Urban,Low Speed (Local),No,43.87216111,-91.14068889,Non-Intersection,Dark - Not Lighted,Clear,8:00pm-8:59pm,25,8:00pm-8:59pm,40,9:00pm-9:59pm,0,1,Dark - Unlighted,Clear,1,3,['Front_Passenger'],['None_Used'],1,1,Valid,1.0,1.0,24.0,24.0,['Female'],0,0,3,4,2,Dry,Curve,Level,Lowest,No
37383,55,Wisconsin,550392,0,1,1,0,1,NOT APPLICABLE,October,15,Sunday,16,41,Urban,Medium Speed (Collector),No,43.13,-88.33921944,Non-Intersection,Daylight,Clear,4:00pm-4:59pm,41,4:00pm-4:59pm,47,Not Applicable (Not Transported),Not Applicable (Not Transported),1,Daylight,Clear,1,0,['Driver'],['Shoulder_Lapbelt'],0,0,Valid,0.0,0.0,71.0,71.0,['Male'],0,0,3,4,3,Dry,Straight,Level,Lowest,No
37384,55,Wisconsin,550393,0,1,1,0,1,NOT APPLICABLE,October,21,Saturday,23,5,Rural,Low Speed (Local),No,42.50028889,-89.38212222,Simple Junction,Dark - Not Lighted,Clear,11:00pm-11:59pm,24,11:00pm-11:59pm,39,Unknown,Unknown EMS Hospital Arrival Time,1,Dark - Unlighted,Clear,1,0,['Driver'],['Shoulder_Lapbelt'],1,1,Valid,0.0,0.0,29.0,29.0,['Male'],0,0,2,4,2,Dry,Straight,Level,Lowest,No
37385,55,Wisconsin,550394,0,2,2,0,2,NOT APPLICABLE,October,6,Friday,10,51,Urban,High Speed (Arterial),No,42.56468889,-88.41391111,Complex/Circle,Daylight,Cloudy,10:00am-10:59am,51,Unknown EMS Scene Arrival Hour,Unknown EMS Scene Arrival Minutes,Not Applicable (Not Transported),Not Applicable (Not Transported),1,Daylight,Reduced Visibility,1,1,['Driver'],['Shoulder_Lapbelt'],0,0,Valid,0.0,2.0,59.0,41.0,"['Female', 'Male']",0,0,4,4,5,Dry,Straight,Level,Lowest,No