,State_Code,State_Name,Crash_ID,Count_Non_Motorists,Count_Vehicles_Total,Count_Vehicle_Forms,Count_PVH_Involved,Count_Occupants_MV,City_Name,Month_Name,Day_of_Month,Day_of_Week,Crash_Hour,Crash_Minute,Area_Rural_Urban,Road_Functional_Class,On_NHS_Road,Latitude,Longitude,Intersection_Type,Light_Condition,Weather_Condition,Notif_Hour,Notif_Minute,Arrival_Hour,Arrival_Minute,Hospital_Hour,Hospital_Minute,Fatalities_Count,Clean_Light_Condition,Clean_Weather_Condition,Total_Killed,Total_Alive,Fatal_Seats_List,Killed_Restraint_List,Any_Driver_Drinking,Total_Drinking_Drivers,Driver_License_Category,Driver_Max_Prev_Accident_Count,Driver_Max_Prev_Speeding_Count,Max_Driver_Age,Min_Driver_Age,Driver_Sex_List,Total_Exceeding_Limit_Vehicles,Total_Too_Fast_Vehicles,Max_Vehicle_Type_Severity_5,Max_Vehicle_Damage_Rank,Max_Harmful_Event_Severity,Crash_Road_Surface_Condition,Crash_Horizontal_Alignment,Crash_Vertical_Profile,Crash_Impairment_Category,Crash_Vehicle_Defect
37386,55,Wisconsin,550395,0,2,2,0,2,WAUKESHA,October,13,Friday,9,40,Urban,High Speed (Arterial),Yes,42.97727778,-88.22755833,Complex/Circle,Daylight,Rain,9:00am-9:59am,42,9:00am-9:59am,45,10:00am-10:59am,16,1,Daylight,Rain/Wind/Minor,1,1,['Driver'],['Shoulder_Lapbelt'],0,0,Valid,1.0,0.0,76.0,18.0,"['Male', 'Female']",0,0,3,4,5,Wet/Standing Water,Straight,Level,Lowest,No
37387,55,Wisconsin,550396,0,3,3,0,8,NOT APPLICABLE,October,25,Wednesday,2,50,Rural,High Speed (Arterial),Yes,43.62058611,-88.71733333,Non-Intersection,Dark - Not Lighted,Rain,2:00am-2:59am,52,3:00am-3:59am,20,3:00am-3:59am,39,2,Dark - Unlighted,Rain/Wind/Minor,2,6,"['Driver', 'Rear_Seat']","['Shoulder_Lapbelt', 'None_Used']",0,0,Valid,0.0,0.0,69.0,25.0,"['Male', 'Male', 'Female']",0,0,4,4,5,Wet/Standing Water,Straight,Level,Lowest,No
37388,55,Wisconsin,550397,0,2,2,0,4,NOT APPLICABLE,October,9,Monday,3,40,Rural,High Speed (Arterial),No,44.45356111,-90.16113333,Complex/Circle,Dark - Not Lighted,Clear,Not Applicable (Not Notified),Not Applicable (Not Notified),Not Applicable,Not Applicable,Not Applicable (Not Transported),Not Applicable (Not Transported),2,Dark - Unlighted,Clear,2,2,"['Driver', 'Front_Passenger']","['None_Used', 'Shoulder_Lapbelt']",0,0,Invalid,0.0,0.0,36.0,14.0,"['Male', 'Male']",0,0,4,4,5,Dry,Straight,Level,Lowest,No
37389,55,Wisconsin,550398,0,2,2,0,2,NOT APPLICABLE,October,18,Wednesday,14,4,Rural,Medium Speed (Collector),No,44.09273056,-90.53981944,Non-Intersection,Daylight,Clear,2:00pm-2:59pm,7,2:00pm-2:59pm,29,2:00pm-2:59pm,48,1,Daylight,Clear,1,1,['Driver'],['None_Used'],0,0,Valid,0.0,0.0,78.0,54.0,"['Male', 'Male']",0,0,5,4,5,Dry,Straight,Level,Lowest,No
37390,55,Wisconsin,550399,0,1,1,0,4,NOT APPLICABLE,October,25,Wednesday,20,48,Rural,Medium Speed (Collector),No,45.11233889,-89.62443611,Non-Intersection,Dark - Not Lighted,Rain,Unknown,Unknown,Unknown EMS Scene Arrival Hour,Unknown EMS Scene Arrival Minutes,Unknown,Unknown EMS Hospital Arrival Time,1,Dark - Unlighted,Rain/Wind/Minor,1,3,['Driver'],['None_Used'],1,1,Valid,0.0,0.0,16.0,16.0,['Male'],0,0,3,4,3,Wet/Standing Water,Straight,Level,Lowest,No
37391,55,Wisconsin,550400,0,1,1,0,1,NOT APPLICABLE,October,26,Thursday,99,99,Rural,Medium Speed (Collector),No,43.58348333,-90.08362778,Non-Intersection,Dark - Not Lighted,Rain,7:00am-7:59am,0,7:00am-7:59am,0,Not Applicable (Not Transported),Not Applicable (Not Transported),1,Dark - Unlighted,Rain/Wind/Minor,1,0,['Driver'],['Shoulder_Lapbelt'],1,1,Valid,0.0,0.0,26.0,26.0,['Male'],1,0,3,4,3,Wet/Standing Water,Curve,Grade/Hillcrest,Lowest,No
37392,55,Wisconsin,550401,0,2,2,0,2,NOT APPLICABLE,October,5,Thursday,16,7,Rural,Medium Speed (Collector),No,43.15619444,-90.19036944,Non-Intersection,Daylight,Cloudy,4:00pm-4:59pm,7,4:00pm-4:59pm,18,Unknown,Unknown EMS Hospital Arrival Time,1,Daylight,Reduced Visibility,1,1,['Driver'],['Shoulder_Lapbelt'],0,0,Valid,1.0,0.0,57.0,28.0,"['Male', 'Female']",1,0,3,4,5,Dry,Curve,Level,Lowest,No
37393,55,Wisconsin,550402,0,2,2,0,3,NOT APPLICABLE,October,5,Thursday,18,40,Rural,Medium Speed (Collector),No,43.66103889,-88.77529722,Non-Intersection,Dusk,Clear,6:00pm-6:59pm,40,6:00pm-6:59pm,45,7:00pm-7:59pm,30,1,Twilight,Clear,1,2,['Driver'],['None_Used'],0,0,Valid,1.0,0.0,84.0,28.0,"['Female', 'Male']",1,0,5,4,5,Dry,Straight,Grade/Hillcrest,Lowest,No
37394,55,Wisconsin,550403,0,3,3,0,6,NOT APPLICABLE,October,11,Wednesday,8,38,Rural,High Speed (Arterial),Yes,43.54049167,-89.60724444,Non-Intersection,Daylight,Clear,Unknown,Unknown,Unknown EMS Scene Arrival Hour,Unknown EMS Scene Arrival Minutes,Unknown,Unknown EMS Hospital Arrival Time,1,Daylight,Clear,1,5,['Rear_Seat'],['Shoulder_Lapbelt'],0,0,Invalid,0.0,0.0,63.0,21.0,"['Male', 'Male', 'Male']",0,0,4,4,5,Dry,Straight,Level,Lowest,No
37395,55,Wisconsin,550404,0,2,2,0,3,NOT APPLICABLE,October,17,Tuesday,16,59,Rural,Medium Speed (Collector),No,43.633225,-88.68756389,Non-Intersection,Daylight,Clear,5:00pm-5:59pm,2,5:00pm-5:59pm,5,Unknown,Unknown EMS Hospital Arrival Time,1,Daylight,Clear,1,2,['Driver'],['None_Used'],0,0,Valid,1.0,1.0,75.0,20.0,"['Male', 'Female']",0,0,5,4,5,Dry,Straight,Level,Lowest,No
37396,55,Wisconsin,550405,0,2,2,0,2,NOT APPLICABLE,October,23,Monday,19,30,Rural,High Speed (Arterial),Yes,42.59043889,-89.39876667,Complex/Circle,Dark - Not Lighted,Cloudy,7:00pm-7:59pm,30,7:00pm-7:59pm,37,Not Applicable (Not Transported),Not Applicable (Not Transported),1,Dark - Unlighted,Reduced Visibility,1,1,['Driver'],['None_Used'],0,0,Valid,0.0,1.0,49.0,18.0,"['Male', 'Male']",0,0,5,4,5,Dry,Straight,Level,Lowest,No
37397,55,Wisconsin,550407,0,1,1,0,1,NOT APPLICABLE,October,25,Wednesday,11,11,Rural,Low Speed (Local),No,42.51035556,-89.57219167,Simple Junction,Daylight,Cloudy,3:00pm-3:59pm,21,3:00pm-3:59pm,35,Not Applicable (Not Transported),Not Applicable (Not Transported),1,Daylight,Reduced Visibility,1,0,['Driver'],['None_Used'],0,0,Valid,1.0,1.0,17.0,17.0,['Male'],1,0,2,4,3,Wet/Standing Water,Straight,Grade/Hillcrest,Lowest,No
37398,55,Wisconsin,550408,0,1,1,0,1,GERMANTOWN,October,20,Friday,23,55,Urban,Low Speed (Local),No,43.21686944,-88.11441944,Non-Intersection,Dark - Not Lighted,Clear,Unknown,Unknown,Unknown EMS Scene Arrival Hour,Unknown EMS Scene Arrival Minutes,Not Applicable (Not Transported),Not Applicable (Not Transported),1,Dark - Unlighted,Clear,1,0,['Driver'],['None_Used'],1,1,Valid,0.0,0.0,32.0,32.0,['Male'],0,0,5,4,2,Dry,Straight,Level,Lowest,No
37399,55,Wisconsin,550409,0,1,1,0,1,NOT APPLICABLE,October,21,Saturday,21,6,Rural,Medium Speed (Collector),No,45.03208611,-91.28627222,Non-Intersection,Dark - Not Lighted,Clear,9:00pm-9:59pm,9,9:00pm-9:59pm,20,Not Applicable (Not Transported),Not Applicable (Not Transported),1,Dark - Unlighted,Clear,1,0,['Driver'],['None_Used'],0,0,Valid,0.0,0.0,21.0,21.0,['Female'],1,0,3,4,3,Dry,Curve,Level,Lowest,No
37400,55,Wisconsin,550410,0,1,1,0,1,OCONOMOWOC,September,9,Saturday,14,29,Urban,Medium Speed (Collector),No,43.10271667,-88.53580556,Non-Intersection,Daylight,Clear,2:00pm-2:59pm,29,2:00pm-2:59pm,35,Unknown,Unknown EMS Hospital Arrival Time,1,Daylight,Clear,1,0,['Driver'],['None_Used'],0,0,Valid,0.0,0.0,44.0,44.0,['Male'],0,0,5,3,3,Dry,Curve,Level,Lowest,No
37401,55,Wisconsin,550411,1,1,1,0,1,NOT APPLICABLE,October,19,Thursday,21,9,Rural,High Speed (Arterial),Yes,45.56246944,-88.67403611,Non-Intersection,Dark - Lighted,Cloudy,9:00pm-9:59pm,11,Unknown EMS Scene Arrival Hour,Unknown EMS Scene Arrival Minutes,Not Applicable (Not Transported),Not Applicable (Not Transported),1,Dark - Lighted,Reduced Visibility,0,1,[],[],1,1,Valid,0.0,0.0,48.0,48.0,['Female'],0,0,3,2,4,Dry,Straight,Level,Lowest,No
37402,55,Wisconsin,550412,1,1,1,0,1,EAU CLAIRE,October,19,Thursday,21,54,Urban,High Speed (Arterial),Yes,44.79462778,-91.46318889,Complex/Circle,Dark - Lighted,Rain,9:00pm-9:59pm,56,9:00pm-9:59pm,59,10:00pm-10:59pm,30,1,Dark - Lighted,Rain/Wind/Minor,0,1,[],[],0,0,Invalid,0.0,0.0,20.0,20.0,['Female'],0,0,3,3,4,Wet/Standing Water,Straight,Level,Lowest,No
37403,55,Wisconsin,550413,0,7,7,0,12,NOT APPLICABLE,October,23,Monday,17,35,Rural,High Speed (Arterial),Yes,44.94686944,-92.53734167,Non-Intersection,Daylight,Cloudy,5:00pm-5:59pm,38,5:00pm-5:59pm,45,Unknown,Unknown EMS Hospital Arrival Time,2,Daylight,Reduced Visibility,2,10,"['Driver', 'Driver']","['Shoulder_Lapbelt', 'Shoulder_Lapbelt']",0,0,Valid,0.0,0.0,76.0,28.0,"['Male', 'Male', 'Male', 'Male', 'Female', 'Male', 'Male']",0,0,4,4,5,Dry,Straight,Level,Lowest,No
37404,55,Wisconsin,550414,0,1,1,0,1,NOT APPLICABLE,October,28,Saturday,21,15,Rural,Medium Speed (Collector),No,44.04561944,-89.80800833,Non-Intersection,Dark - Not Lighted,Clear,9:00pm-9:59pm,20,9:00pm-9:59pm,31,Not Applicable (Not Transported),Not Applicable (Not Transported),1,Dark - Unlighted,Clear,1,0,['Driver'],['None_Used'],1,1,Valid,0.0,0.0,32.0,32.0,['Female'],1,0,2,4,3,Dry,Curve,Level,Lowest,No
37405,55,Wisconsin,550416,0,1,1,0,3,NOT APPLICABLE,October,24,Tuesday,0,45,Rural,Low Speed (Local),No,44.010175,-90.09930833,Non-Intersection,Dark - Not Lighted,Cloudy,0:00am-0:59am,52,0:00am-0:59am,57,2:00am-2:59am,30,1,Dark - Unlighted,Reduced Visibility,1,2,['Rear_Seat'],['Shoulder_Lapbelt'],0,0,Invalid,0.0,0.0,30.0,30.0,['Male'],3,0,3,4,3,Dry,Straight,Level,Lowest,No
37406,55,Wisconsin,550417,0,2,2,0,3,NOT APPLICABLE,October,29,Sunday,11,10,Rural,High Speed (Arterial),No,42.94438333,-89.51492222,Non-Intersection,Daylight,Cloudy,Unknown,Unknown,Unknown EMS Scene Arrival Hour,Unknown EMS Scene Arrival Minutes,Unknown,Unknown EMS Hospital Arrival Time,1,Daylight,Reduced Visibility,1,2,['Front_Passenger'],['Shoulder_Lapbelt'],0,0,Valid,0.0,0.0,47.0,46.0,"['Female', 'Male']",0,0,3,4,5,Dry,Straight,Level,Lowest,No
37407,55,Wisconsin,550418,0,1,1,0,1,GRANTSBURG,August,22,Tuesday,15,35,Rural,High Speed (Arterial),Yes,45.77305278,-92.68144444,Non-Intersection,Daylight,Clear,3:00pm-3:59pm,35,Unknown EMS Scene Arrival Hour,Unknown EMS Scene Arrival Minutes,3:00pm-3:59pm,59,1,Daylight,Clear,1,0,['Driver'],['None_Used'],0,0,Valid,0.0,0.0,49.0,49.0,['Male'],0,0,4,4,3,Dry,Straight,Level,Lowest,No
37408,55,Wisconsin,550419,0,2,2,0,2,NOT APPLICABLE,November,1,Wednesday,7,47,Rural,High Speed (Arterial),Yes,44.03538611,-88.69445556,Non-Intersection,Daylight,Clear,8:00am-8:59am,0,8:00am-8:59am,0,Not Applicable (Not Transported),Not Applicable (Not Transported),1,Daylight,Clear,1,1,['Driver'],['None_Used'],0,0,Valid,0.0,0.0,57.0,25.0,"['Male', 'Female']",0,0,2,4,5,Dry,Straight,Level,Lowest,No
37409,55,Wisconsin,550422,0,1,1,0,1,WAUWATOSA,November,1,Wednesday,2,21,Urban,Medium Speed (Collector),No,43.09235278,-88.047625,Non-Intersection,Dark - Lighted,Cloudy,2:00am-2:59am,24,2:00am-2:59am,31,Not Applicable (Not Transported),Not Applicable (Not Transported),1,Dark - Lighted,Reduced Visibility,1,0,['Driver'],['None_Used'],1,1,Invalid,0.0,0.0,43.0,43.0,['Male'],1,0,3,4,2,Wet/Standing Water,Curve,Level,Lowest,No
37410,55,Wisconsin,550423,0,3,3,0,3,NOT APPLICABLE,October,26,Thursday,14,31,Rural,High Speed (Arterial),Yes,44.03321667,-88.65325278,Complex/Circle,Daylight,Rain,2:00pm-2:59pm,32,Unknown EMS Scene Arrival Hour,Unknown EMS Scene Arrival Minutes,Unknown,Unknown EMS Hospital Arrival Time,1,Daylight,Rain/Wind/Minor,1,2,['Driver'],['Shoulder_Lapbelt'],0,0,Valid,1.0,0.0,57.0,33.0,"['Male', 'Female', 'Female']",0,0,3,4,5,Wet/Standing Water,Straight,Level,Lowest,No
37411,55,Wisconsin,550424,0,1,1,0,3,MILWAUKEE,October,28,Saturday,16,7,Urban,Low Speed (Local),No,43.12604167,-88.00631667,Non-Intersection,Daylight,Cloudy,Unknown,Unknown,Unknown EMS Scene Arrival Hour,Unknown EMS Scene Arrival Minutes,Unknown,Unknown EMS Hospital Arrival Time,1,Daylight,Reduced Visibility,1,2,['Rear_Seat'],['Shoulder_Lapbelt'],0,0,Invalid,2.0,1.0,30.0,30.0,['Female'],0,0,2,4,3,Dry,Straight,Level,Lowest,No
37412,55,Wisconsin,550425,0,2,2,0,6,MILWAUKEE,October,29,Sunday,21,11,Urban,Medium Speed (Collector),No,43.03286389,-87.95773333,Non-Intersection,Dark - Lighted,Cloudy,Unknown,Unknown,Unknown EMS Scene Arrival Hour,Unknown EMS Scene Arrival Minutes,Unknown,Unknown EMS Hospital Arrival Time,1,Dark - Lighted,Reduced Visibility,1,5,['Driver'],['Shoulder_Lapbelt'],0,0,Valid,0.0,0.0,57.0,27.0,"['Male', 'Male']",0,0,3,4,5,Dry,Straight,Level,Lowest,No
37413,55,Wisconsin,550426,0,2,2,0,2,NOT APPLICABLE,November,6,Monday,17,21,Rural,High Speed (Arterial),Yes,45.63460278,-88.33248056,Non-Intersection,Dark - Not Lighted,Rain,5:00pm-5:59pm,21,5:00pm-5:59pm,30,Not Applicable (Not Transported),Not Applicable (Not Transported),1,Dark - Unlighted,Rain/Wind/Minor,1,1,['Driver'],['Shoulder_Lapbelt'],1,1,Valid,0.0,0.0,69.0,65.0,"['Male', 'Male']",0,0,3,4,5,Dry,Straight,Non-Trafficway,Lowest,No
37414,55,Wisconsin,550427,0,1,1,0,1,NOT APPLICABLE,November,2,Thursday,9,16,Rural,Low Speed (Local),No,44.17444444,-89.31271389,Non-Intersection,Reported as Unknown,Reported as Unknown,9:00am-9:59am,20,Unknown EMS Scene Arrival Hour,Officially Cancelled,Unknown,Officially Canceled,1,Dark - Unlighted,Clear,1,0,['Driver'],['None_Used'],1,1,Valid,0.0,5.0,28.0,28.0,['Male'],0,0,2,4,3,Dry,Curve,Grade/Hillcrest,Lowest,No
37415,55,Wisconsin,550428,0,2,2,0,2,MILWAUKEE,November,2,Thursday,10,42,Urban,High Speed (Arterial),Yes,43.08957222,-88.03775278,Complex/Circle,Daylight,Clear,10:00am-10:59am,41,Unknown EMS Scene Arrival Hour,Unknown EMS Scene Arrival Minutes,Not Applicable (Not Transported),Not Applicable (Not Transported),1,Daylight,Clear,1,1,['Driver'],['Shoulder_Lapbelt'],0,0,Invalid,0.0,0.0,32.0,20.0,"['Male', 'Female']",1,0,3,4,5,Dry,Straight,Level,Lowest,No
37416,55,Wisconsin,550429,0,2,2,0,2,Other,November,12,Sunday,3,3,Rural,High Speed (Arterial),Yes,42.62743611,-87.95265,Non-Intersection,Dark - Not Lighted,Cloudy,3:00am-3:59am,5,3:00am-3:59am,13,Unknown,Unknown EMS Hospital Arrival Time,1,Dark - Unlighted,Reduced Visibility,1,1,['Driver'],['None_Used'],1,1,Valid,1.0,0.0,54.0,21.0,"['Male', 'Male']",0,0,4,4,5,Dry,Straight,Level,Lowest,No
37417,55,Wisconsin,550430,0,2,2,0,4,ONALASKA,November,4,Saturday,15,12,Urban,High Speed (Arterial),Yes,43.86826389,-91.20061111,Simple Junction,Daylight,Clear,Unknown,Unknown,Unknown EMS Scene Arrival Hour,Unknown EMS Scene Arrival Minutes,Unknown,Unknown EMS Hospital Arrival Time,1,Daylight,Clear,1,3,['Front_Passenger'],['Shoulder_Lapbelt'],0,0,Valid,1.0,0.0,69.0,67.0,"['Male', 'Female']",0,0,3,4,5,Dry,Straight,Level,Lowest,No
37418,55,Wisconsin,550431,0,1,1,0,1,MOUNT PLEASANT,October,29,Sunday,1,13,Urban,High Speed (Arterial),No,42.70972222,-87.84988056,Complex/Circle,Dark - Lighted,Clear,Unknown,Unknown,Unknown EMS Scene Arrival Hour,Unknown EMS Scene Arrival Minutes,Not Applicable (Not Transported),Not Applicable (Not Transported),1,Dark - Lighted,Clear,1,0,['Driver'],['Shoulder_Lapbelt'],0,0,Valid,0.0,0.0,40.0,40.0,['Male'],0,0,3,4,3,Dry,Straight,Level,Lowest,No
37419,55,Wisconsin,550432,0,2,2,0,2,NOT APPLICABLE,November,13,Monday,20,30,Rural,High Speed (Arterial),Yes,44.89885,-91.67085278,Complex/Circle,Dark - Not Lighted,Clear,8:00pm-8:59pm,34,8:00pm-8:59pm,48,Not Applicable (Not Transported),Not Applicable (Not Transported),1,Dark - Unlighted,Clear,1,1,['Driver'],['Shoulder_Lapbelt'],1,1,Valid,0.0,0.0,70.0,41.0,"['Male', 'Female']",0,0,3,4,5,Dry,Straight,Grade/Hillcrest,Lowest,No
37420,55,Wisconsin,550433,0,2,2,0,2,NOT APPLICABLE,November,19,Sunday,10,43,Rural,High Speed (Arterial),Yes,45.64496667,-89.70499722,Complex/Circle,Daylight,Clear,Not Applicable (Not Notified),Not Applicable (Not Notified),Not Applicable,Not Applicable,Not Applicable (Not Transported),Not Applicable (Not Transported),1,Daylight,Clear,1,1,['Driver'],['Shoulder_Lapbelt'],0,0,Valid,0.0,0.0,76.0,61.0,"['Male', 'Male']",0,0,4,4,5,Dry,Straight,Level,Lowest,No
37421,55,Wisconsin,550434,0,5,5,0,5,PLEASANT PRAIRIE,November,14,Tuesday,8,10,Urban,High Speed (Arterial),Yes,42.566925,-87.89434444,Non-Intersection,Daylight,Clear,8:00am-8:59am,10,8:00am-8:59am,16,8:00am-8:59am,35,1,Daylight,Clear,1,4,['Driver'],['None_Used'],0,0,Valid,1.0,0.0,87.0,34.0,"['Male', 'Male', 'Female', 'Female', 'Female']",1,0,3,4,5,Dry,Straight,Grade/Hillcrest,Lowest,No
37422,55,Wisconsin,550435,0,2,2,0,3,ANTIGO,November,15,Wednesday,17,15,Urban,Medium Speed (Collector),No,45.14058889,-89.15766667,Complex/Circle,Dusk,Clear,5:00pm-5:59pm,16,5:00pm-5:59pm,18,5:00pm-5:59pm,37,1,Twilight,Clear,1,2,['Rear_Seat'],['None_Used'],0,0,Valid,1.0,0.0,38.0,29.0,"['Female', 'Male']",0,0,5,4,5,Dry,Straight,Level,Lowest,No
37423,55,Wisconsin,550436,0,1,1,0,1,NOT APPLICABLE,November,15,Wednesday,20,3,Rural,Low Speed (Local),No,45.88019444,-89.25285833,Non-Intersection,Dark - Not Lighted,Clear,8:00pm-8:59pm,3,8:00pm-8:59pm,12,Not Applicable (Not Transported),Not Applicable (Not Transported),1,Dark - Unlighted,Clear,1,0,['Driver'],['Shoulder_Lapbelt'],0,0,Valid,0.0,0.0,34.0,34.0,['Male'],1,0,3,4,3,Dry,Straight,Level,Lowest,No
37424,55,Wisconsin,550437,0,1,1,0,1,NOT APPLICABLE,November,12,Sunday,19,36,Rural,High Speed (Arterial),Yes,46.54563056,-90.85426667,Non-Intersection,Dark - Not Lighted,Clear,Unknown,Unknown,Unknown EMS Scene Arrival Hour,Unknown EMS Scene Arrival Minutes,Unknown,Unknown EMS Hospital Arrival Time,1,Dark - Unlighted,Clear,1,0,['Driver'],['None_Used'],0,0,Valid,0.0,0.0,63.0,63.0,['Male'],0,0,3,4,3,Dry,Straight,Level,Lowest,No
37425,55,Wisconsin,550438,0,2,2,0,2,NOT APPLICABLE,November,23,Thursday,4,13,Urban,High Speed (Arterial),Yes,42.85174167,-89.03380833,Non-Intersection,Dark - Not Lighted,Clear,4:00am-4:59am,27,4:00am-4:59am,40,Not Applicable (Not Transported),Not Applicable (Not Transported),1,Dark - Unlighted,Clear,1,1,['Driver'],['None_Used'],0,0,Invalid,0.0,0.0,53.0,52.0,"['Male', 'Male']",0,0,4,4,5,Dry,Curve,Grade/Hillcrest,Lowest,Yes
37426,55,Wisconsin,550439,0,1,1,0,1,NOT APPLICABLE,November,25,Saturday,3,0,Rural,Medium Speed (Collector),No,44.88399722,-88.33696667,Non-Intersection,Dark - Not Lighted,Clear,3:00am-3:59am,18,3:00am-3:59am,29,Not Applicable (Not Transported),Not Applicable (Not Transported),1,Dark - Unlighted,Clear,1,0,['Driver'],['None_Used'],1,1,Invalid,0.0,1.0,22.0,22.0,['Male'],1,0,3,4,3,Dry,Straight,Level,Lowest,No
37427,55,Wisconsin,550440,0,1,1,0,1,NOT APPLICABLE,December,1,Friday,23,26,Rural,Low Speed (Local),No,43.012075,-90.69049722,Non-Intersection,Dark - Not Lighted,Clear,11:00pm-11:59pm,36,11:00pm-11:59pm,45,0:00am-0:59am,8,1,Dark - Unlighted,Clear,1,0,['Driver'],['None_Used'],0,0,Valid,1.0,0.0,18.0,18.0,['Male'],1,0,3,4,3,Loose/Unpaved,Straight,Level,Lowest,No
37428,55,Wisconsin,550441,0,2,2,0,5,NOT APPLICABLE,November,22,Wednesday,13,28,Rural,High Speed (Arterial),No,45.53944167,-89.73175833,Simple Junction,Daylight,Cloudy,1:00pm-1:59pm,30,1:00pm-1:59pm,41,Not Applicable (Not Transported),Not Applicable (Not Transported),1,Daylight,Reduced Visibility,1,4,['Driver'],['Shoulder_Lapbelt'],0,0,Valid,0.0,1.0,78.0,30.0,"['Male', 'Male']",4,0,3,4,5,Dry,Curve,Level,Lowest,No
37429,55,Wisconsin,550442,0,2,2,0,3,RACINE,November,16,Thursday,19,50,Urban,Medium Speed (Collector),No,42.70845278,-87.80765278,Simple Junction,Dark - Lighted,Cloudy,7:00pm-7:59pm,51,7:00pm-7:59pm,56,8:00pm-8:59pm,19,1,Dark - Lighted,Reduced Visibility,1,2,['Front_Passenger'],['Shoulder_Lapbelt'],0,0,Valid,0.0,2.0,23.0,17.0,"['Male', 'Male']",0,0,2,4,5,Dry,Straight,Level,Lowest,No
37430,55,Wisconsin,550443,0,1,1,0,2,NOT APPLICABLE,December,1,Friday,11,24,Rural,Medium Speed (Collector),No,44.78563056,-91.23441667,Non-Intersection,Daylight,Clear,11:00am-11:59am,25,11:00am-11:59am,30,Not Applicable (Not Transported),Not Applicable (Not Transported),2,Daylight,Clear,2,0,"['Driver', 'Front_Passenger']","['None_Used', 'Child_Safety']",0,0,Valid,2.0,2.0,33.0,33.0,['Male'],2,0,2,4,2,Dry,Curve,Level,Lowest,No
37431,55,Wisconsin,550444,0,1,1,0,1,NOT APPLICABLE,December,2,Saturday,99,99,Rural,Medium Speed (Collector),No,45.899875,-91.00365833,Non-Intersection,Reported as Unknown,Cloudy,7:00pm-7:59pm,14,7:00pm-7:59pm,24,Not Applicable (Not Transported),Not Applicable (Not Transported),1,Dark - Unlighted,Reduced Visibility,1,0,['Driver'],['None_Used'],0,0,Valid,0.0,0.0,77.0,77.0,['Male'],0,0,3,3,3,Dry,Curve,Level,Lowest,No
37432,55,Wisconsin,550445,0,2,2,0,2,NOT APPLICABLE,November,17,Friday,21,18,Rural,High Speed (Arterial),Yes,44.94082778,-92.41782778,Non-Intersection,Dark - Not Lighted,Cloudy,9:00pm-9:59pm,22,Unknown EMS Scene Arrival Hour,Unknown EMS Scene Arrival Minutes,Unknown,Unknown EMS Hospital Arrival Time,1,Dark - Unlighted,Reduced Visibility,1,1,['Driver'],['None_Used'],0,0,Valid,0.0,0.0,59.0,26.0,"['Female', 'Male']",0,0,4,4,5,Dry,Straight,Level,Lowest,No
37433,55,Wisconsin,550446,0,1,1,0,2,NOT APPLICABLE,November,29,Wednesday,6,51,Rural,High Speed (Arterial),Yes,45.1364,-92.34310556,Non-Intersection,Daylight,Cloudy,6:00am-6:59am,57,7:00am-7:59am,11,8:00am-8:59am,19,1,Daylight,Reduced Visibility,1,1,['Driver'],['Shoulder_Lapbelt'],0,0,Invalid,0.0,0.0,28.0,28.0,['Male'],0,0,3,4,3,Wet/Standing Water,Straight,Level,Lowest,No
37434,55,Wisconsin,550447,0,1,1,0,1,NOT APPLICABLE,December,5,Tuesday,19,3,Urban,Medium Speed (Collector),No,44.78023333,-89.184125,Non-Intersection,Dark - Not Lighted,Clear,8:00pm-8:59pm,42,Unknown EMS Scene Arrival Hour,Officially Cancelled,Unknown,Officially Canceled,1,Dark - Unlighted,Clear,1,0,['Driver'],['None_Used'],1,1,Valid,1.0,0.0,74.0,74.0,['Male'],0,0,3,4,3,Icy/Snowy,Straight,Grade/Hillcrest,Lowest,No
37435,55,Wisconsin,550448,0,1,1,0,1,NOT APPLICABLE,November,13,Monday,17,32,Urban,High Speed (Arterial),Yes,42.78291667,-88.92332778,Non-Intersection,Daylight,Cloudy,Not Applicable (Not Notified),Not Applicable (Not Notified),Not Applicable,Not Applicable,Not Applicable (Not Transported),Not Applicable (Not Transported),1,Daylight,Reduced Visibility,1,0,['Driver'],['Shoulder_Lapbelt'],0,0,Valid,0.0,0.0,71.0,71.0,['Male'],0,0,2,4,3,Dry,Straight,Level,Lowest,No
37436,55,Wisconsin,550449,0,1,1,0,1,NOT APPLICABLE,December,6,Wednesday,99,99,Rural,Medium Speed (Collector),No,45.92052778,-92.33013056,Non-Intersection,Daylight,Cloudy,2:00pm-2:59pm,5,2:00pm-2:59pm,14,Not Applicable (Not Transported),Not Applicable (Not Transported),1,Daylight,Reduced Visibility,1,0,['Driver'],['Shoulder_Lapbelt'],1,1,Valid,0.0,0.0,38.0,38.0,['Male'],1,0,3,4,2,Dry,Curve,Level,Lowest,No
37437,55,Wisconsin,550450,0,1,1,0,1,NOT APPLICABLE,November,30,Thursday,22,43,Rural,Medium Speed (Collector),No,45.23761389,-92.49860556,Non-Intersection,Dark - Not Lighted,Clear,10:00pm-10:59pm,46,11:00pm-11:59pm,2,Not Applicable (Not Transported),Not Applicable (Not Transported),1,Dark - Unlighted,Clear,1,0,['Driver'],['None_Used'],0,0,Valid,0.0,1.0,21.0,21.0,['Male'],1,0,3,4,3,Dry,Straight,Grade/Hillcrest,Lowest,No
37438,55,Wisconsin,550451,0,2,2,0,3,NOT APPLICABLE,November,29,Wednesday,14,35,Rural,Medium Speed (Collector),No,43.95219167,-89.62779722,Complex/Circle,Daylight,Clear,2:00pm-2:59pm,38,2:00pm-2:59pm,53,Unknown,Unknown EMS Hospital Arrival Time,2,Daylight,Clear,2,1,"['Driver', 'Front_Passenger']","['Shoulder_Lapbelt', 'Shoulder_Lapbelt']",0,0,Valid,0.0,0.0,83.0,74.0,"['Female', 'Male']",0,0,3,4,5,Dry,Straight,Level,Lowest,No