,State_Code,State_Name,Crash_ID,Count_Non_Motorists,Count_Vehicles_Total,Count_Vehicle_Forms,Count_PVH_Involved,Count_Occupants_MV,City_Name,Month_Name,Day_of_Month,Day_of_Week,Crash_Hour,Crash_Minute,Area_Rural_Urban,Road_Functional_Class,On_NHS_Road,Latitude,Longitude,Intersection_Type,Light_Condition,Weather_Condition,Notif_Hour,Notif_Minute,Arrival_Hour,Arrival_Minute,Hospital_Hour,Hospital_Minute,Fatalities_Count,Clean_Light_Condition,Clean_Weather_Condition,Total_Killed,Total_Alive,Fatal_Seats_List,Killed_Restraint_List,Any_Driver_Drinking,Total_Drinking_Drivers,Driver_License_Category,Driver_Max_Prev_Accident_Count,Driver_Max_Prev_Speeding_Count,Max_Driver_Age,Min_Driver_Age,Driver_Sex_List,Total_Exceeding_Limit_Vehicles,Total_Too_Fast_Vehicles,Max_Vehicle_Type_Severity_5,Max_Vehicle_Damage_Rank,Max_Harmful_Event_Severity,Crash_Road_Surface_Condition,Crash_Horizontal_Alignment,Crash_Vertical_Profile,Crash_Impairment_Category,Crash_Vehicle_Defect
37439,55,Wisconsin,550452,0,2,2,0,3,NOT APPLICABLE,December,2,Saturday,16,59,Rural,Medium Speed (Collector),No,43.71986667,-88.45220833,Non-Intersection,Dark - Not Lighted,Clear,4:00pm-4:59pm,59,Unknown EMS Scene Arrival Hour,Unknown EMS Scene Arrival Minutes,Unknown,Unknown EMS Hospital Arrival Time,2,Dark - Unlighted,Clear,2,1,"['Driver', 'Front_Passenger']","['Shoulder_Lapbelt', 'Shoulder_Lapbelt']",0,0,Valid,0.0,0.0,87.0,51.0,"['Male', 'Male']",0,0,4,4,5,Dry,Straight,Level,Lowest,No
37440,55,Wisconsin,550454,0,2,2,0,2,NOT APPLICABLE,December,8,Friday,14,47,Rural,High Speed (Arterial),Yes,43.71998056,-91.20152778,Non-Intersection,Daylight,Clear,2:00pm-2:59pm,52,Unknown EMS Scene Arrival Hour,Unknown EMS Scene Arrival Minutes,Not Applicable (Not Transported),Not Applicable (Not Transported),1,Daylight,Clear,1,1,['Driver'],['Shoulder_Lapbelt'],0,0,Valid,1.0,0.0,59.0,47.0,"['Female', 'Male']",0,0,4,4,5,Dry,Straight,Level,Lowest,No
37441,55,Wisconsin,550455,0,4,4,0,5,MILWAUKEE,April,13,Thursday,10,6,Urban,Medium Speed (Collector),No,43.06799444,-87.97366111,Complex/Circle,Daylight,Clear,Unknown,Unknown,Unknown EMS Scene Arrival Hour,Unknown EMS Scene Arrival Minutes,Unknown,Unknown EMS Hospital Arrival Time,1,Daylight,Clear,1,4,['Driver'],['Shoulder_Lapbelt'],0,0,Invalid,1.0,3.0,56.0,27.0,"['Male', 'Male', 'Male', 'Male']",1,0,3,4,5,Dry,Straight,Level,Lowest,No
37442,55,Wisconsin,550456,0,3,3,0,3,GERMANTOWN,December,1,Friday,8,10,Rural,Medium Speed (Collector),No,43.242725,-88.12321389,Simple Junction,Daylight,Cloudy,8:00am-8:59am,14,8:00am-8:59am,17,8:00am-8:59am,52,1,Daylight,Reduced Visibility,1,2,['Driver'],['Shoulder_Lapbelt'],0,0,Valid,2.0,0.0,76.0,17.0,"['Male', 'Male', 'Male']",0,0,3,4,5,Dry,Straight,Level,Lowest,No
37443,55,Wisconsin,550457,0,1,1,0,1,DELAFIELD,December,6,Wednesday,99,99,Urban,Low Speed (Local),No,43.052925,-88.38913333,Non-Intersection,Dark - Not Lighted,Clear,Unknown,Unknown,Unknown EMS Scene Arrival Hour,Unknown EMS Scene Arrival Minutes,Not Applicable (Not Transported),Not Applicable (Not Transported),1,Dark - Unlighted,Clear,1,0,['Driver'],['None_Used'],0,0,Valid,1.0,0.0,71.0,71.0,['Male'],0,0,2,4,3,Dry,Curve,Level,Lowest,No
37444,55,Wisconsin,550458,0,1,1,0,1,NOT APPLICABLE,November,26,Sunday,13,15,Rural,Medium Speed (Collector),No,45.43785556,-89.70091667,Non-Intersection,Daylight,Snow,7:00pm-7:59pm,23,7:00pm-7:59pm,38,Not Applicable (Not Transported),Not Applicable (Not Transported),1,Daylight,Snow/Ice/Severe,1,0,['Driver'],['Shoulder_Lapbelt'],0,0,Valid,1.0,0.0,60.0,60.0,['Male'],0,0,2,4,3,Icy/Snowy,Straight,Level,Lowest,No
37445,55,Wisconsin,550459,1,1,1,0,1,NOT APPLICABLE,December,14,Thursday,15,24,Rural,Medium Speed (Collector),No,43.28325833,-90.35859444,Non-Intersection,Daylight,Clear,3:00pm-3:59pm,25,3:00pm-3:59pm,33,3:00pm-3:59pm,51,1,Daylight,Clear,0,1,[],[],0,0,Valid,0.0,0.0,64.0,64.0,['Male'],0,0,3,2,4,Dry,Straight,Grade/Hillcrest,Lowest,No
37446,55,Wisconsin,550460,1,1,1,0,1,RACINE,October,23,Monday,19,58,Urban,High Speed (Arterial),Yes,42.725975,-87.78261944,Complex/Circle,Dark - Lighted,Clear,7:00pm-7:59pm,59,8:00pm-8:59pm,2,8:00pm-8:59pm,29,1,Dark - Lighted,Clear,0,1,[],[],0,0,Valid,0.0,0.0,68.0,68.0,['Male'],0,0,2,3,4,Dry,Straight,Level,Lowest,No
37447,55,Wisconsin,550461,0,1,1,0,1,NOT APPLICABLE,December,3,Sunday,99,99,Rural,Medium Speed (Collector),No,43.50815556,-90.69139444,Non-Intersection,Dark - Not Lighted,Clear,Unknown,Unknown if Notified,Unknown EMS Scene Arrival Hour,Unknown if Arrived,Not Applicable (Not Transported),Not Applicable (Not Transported),1,Dark - Unlighted,Clear,1,0,['Driver'],['None_Used'],0,0,Valid,2.0,0.0,43.0,43.0,['Male'],1,0,3,4,3,Wet/Standing Water,Straight,Grade/Hillcrest,Lowest,Yes
37448,55,Wisconsin,550462,0,1,1,0,1,NOT APPLICABLE,December,23,Saturday,20,25,Rural,Low Speed (Local),No,44.99075,-92.32920556,Non-Intersection,Dark - Not Lighted,Cloudy,8:00pm-8:59pm,30,8:00pm-8:59pm,44,Not Applicable (Not Transported),Not Applicable (Not Transported),1,Dark - Unlighted,Reduced Visibility,1,0,['Driver'],['None_Used'],1,1,Valid,0.0,0.0,58.0,58.0,['Female'],0,0,3,4,3,Wet/Standing Water,Straight,Level,Lowest,No
37449,55,Wisconsin,550463,0,2,2,0,6,NOT APPLICABLE,December,25,Monday,14,45,Rural,High Speed (Arterial),Yes,43.93564167,-87.74923056,Non-Intersection,Daylight,Cloudy,2:00pm-2:59pm,52,3:00pm-3:59pm,25,3:00pm-3:59pm,51,2,Daylight,Reduced Visibility,2,4,"['Front_Passenger', 'Rear_Seat']","['Shoulder_Lapbelt', 'Shoulder_Lapbelt']",0,0,Invalid,0.0,2.0,60.0,38.0,"['Male', 'Male']",0,0,3,4,3,Dry,Straight,Grade/Hillcrest,Lowest,Yes
37450,55,Wisconsin,550464,0,1,1,0,1,NOT APPLICABLE,December,28,Thursday,99,99,Rural,High Speed (Arterial),Yes,44.12723889,-87.73226667,Non-Intersection,Reported as Unknown,Reported as Unknown,1:00pm-1:59pm,36,1:00pm-1:59pm,43,Not Applicable (Not Transported),Not Applicable (Not Transported),1,Dark - Unlighted,Clear,1,0,['Driver'],['None_Used'],0,0,Invalid,1.0,2.0,56.0,56.0,['Male'],0,0,3,4,2,Dry,Straight,Grade/Hillcrest,Lowest,No
37451,55,Wisconsin,550465,1,1,1,0,2,MILWAUKEE,October,12,Thursday,19,0,Urban,High Speed (Arterial),No,43.07633611,-87.95901944,Non-Intersection,Dark - Lighted,Rain,7:00pm-7:59pm,0,7:00pm-7:59pm,5,Not Applicable (Not Transported),Not Applicable (Not Transported),1,Dark - Lighted,Rain/Wind/Minor,0,2,[],[],0,0,Valid,0.0,0.0,46.0,46.0,['Male'],0,0,3,2,4,Wet/Standing Water,Straight,Level,Lowest,No
37452,55,Wisconsin,550466,0,2,2,0,3,MILWAUKEE,October,29,Sunday,23,35,Urban,Medium Speed (Collector),No,43.01416389,-87.91697222,Complex/Circle,Dark - Lighted,Clear,Unknown,Unknown,Unknown EMS Scene Arrival Hour,Unknown EMS Scene Arrival Minutes,Unknown,Unknown EMS Hospital Arrival Time,1,Dark - Lighted,Clear,1,2,['Front_Passenger'],['Shoulder_Lapbelt'],0,0,Invalid,1.0,1.0,54.0,17.0,"['Male', 'Male']",1,0,3,4,5,Dry,Straight,Level,Lowest,No
37453,55,Wisconsin,550467,0,2,2,0,2,NOT APPLICABLE,November,22,Wednesday,17,35,Rural,Medium Speed (Collector),No,43.95681389,-88.30524444,Non-Intersection,Dark - Not Lighted,Clear,5:00pm-5:59pm,35,Unknown EMS Scene Arrival Hour,Unknown EMS Scene Arrival Minutes,Unknown,Unknown EMS Hospital Arrival Time,1,Dark - Unlighted,Clear,1,1,['Driver'],['Shoulder_Lapbelt'],0,0,Invalid,0.0,0.0,28.0,19.0,"['Male', 'Male']",0,0,3,4,5,Dry,Straight,Level,Lowest,No
37454,55,Wisconsin,550468,0,2,2,0,5,NOT APPLICABLE,December,16,Saturday,21,14,Rural,High Speed (Arterial),Yes,44.31058611,-88.93510556,Non-Intersection,Dark - Not Lighted,Rain,9:00pm-9:59pm,18,9:00pm-9:59pm,34,10:00pm-10:59pm,9,4,Dark - Unlighted,Rain/Wind/Minor,4,1,"['Driver', 'Front_Passenger', 'Rear_Seat', 'Rear_Seat']","['Shoulder_Lapbelt', 'Shoulder_Lapbelt', 'Shoulder_Lapbelt', 'Shoulder_Lapbelt']",1,1,Invalid,0.0,0.0,47.0,25.0,"['Male', 'Male']",1,0,3,4,5,Wet/Standing Water,Curve,Grade/Hillcrest,Lowest,No
37455,55,Wisconsin,550469,0,2,1,1,1,NOT APPLICABLE,December,23,Saturday,20,38,Rural,High Speed (Arterial),No,44.83778889,-89.25510833,Non-Intersection,Dark - Not Lighted,"Fog, Smog, Smoke",Unknown,Unknown,Unknown EMS Scene Arrival Hour,Unknown EMS Scene Arrival Minutes,Not Applicable (Not Transported),Not Applicable (Not Transported),1,Dark - Unlighted,Reduced Visibility,1,0,['Driver'],['None_Used'],0,0,Valid,0.0,3.0,40.0,40.0,['Female'],0,0,3,4,5,Wet/Standing Water,Straight,Level,Lowest,No
37456,55,Wisconsin,550470,0,1,1,0,1,RACINE,December,30,Saturday,0,39,Urban,Low Speed (Local),No,42.73386944,-87.78226667,Non-Intersection,Dark - Lighted,Cloudy,0:00am-0:59am,39,0:00am-0:59am,41,Not Applicable (Not Transported),Not Applicable (Not Transported),1,Dark - Lighted,Reduced Visibility,1,0,['Driver'],['Shoulder_Lapbelt'],0,0,Valid,0.0,0.0,78.0,78.0,['Male'],0,0,3,4,2,Dry,Straight,Level,Lowest,No
37457,55,Wisconsin,550471,0,1,1,0,2,MENASHA,December,31,Sunday,8,40,Urban,High Speed (Arterial),No,44.19776111,-88.45308333,Simple Junction,Daylight,Cloudy,8:00am-8:59am,43,8:00am-8:59am,48,9:00am-9:59am,7,1,Daylight,Reduced Visibility,1,1,['Front_Passenger'],['Shoulder_Lapbelt'],0,0,Valid,0.0,0.0,85.0,85.0,['Female'],0,0,3,4,3,Wet/Standing Water,Curve,Grade/Hillcrest,Lowest,No
37458,55,Wisconsin,550472,2,2,1,1,1,NOT APPLICABLE,December,16,Saturday,18,5,Rural,High Speed (Arterial),Yes,43.523225,-89.54026667,Non-Intersection,Dark - Not Lighted,Rain,6:00pm-6:59pm,11,6:00pm-6:59pm,20,Not Applicable (Not Transported),Not Applicable (Not Transported),1,Dark - Unlighted,Rain/Wind/Minor,1,0,['Driver'],['Shoulder_Lapbelt'],0,0,Valid,0.0,0.0,25.0,25.0,['Male'],0,0,2,4,5,Wet/Standing Water,Straight,Level,Lowest,Yes
37459,55,Wisconsin,550473,0,1,1,0,1,CLEVELAND,December,26,Tuesday,8,28,Rural,High Speed (Arterial),Yes,43.92576111,-87.76148056,Non-Intersection,Daylight,Cloudy,8:00am-8:59am,29,8:00am-8:59am,43,Not Applicable (Not Transported),Not Applicable (Not Transported),1,Daylight,Reduced Visibility,1,0,['Driver'],['Shoulder_Lapbelt'],0,0,Valid,0.0,0.0,19.0,19.0,['Male'],0,0,2,4,3,Wet/Standing Water,Straight,Grade/Hillcrest,Lowest,No
37460,55,Wisconsin,550474,0,2,2,0,3,NOT APPLICABLE,December,30,Saturday,17,31,Rural,High Speed (Arterial),Yes,44.41176389,-89.51926944,Non-Intersection,Dark - Not Lighted,Freezing Rain or Drizzle,5:00pm-5:59pm,31,5:00pm-5:59pm,45,Unknown,Unknown EMS Hospital Arrival Time,1,Dark - Unlighted,Snow/Ice/Severe,1,2,['Driver'],['Shoulder_Lapbelt'],0,0,Valid,0.0,0.0,73.0,25.0,"['Female', 'Male']",1,0,3,4,5,Icy/Snowy,Straight,Level,Lowest,No
37461,55,Wisconsin,550476,0,2,2,0,2,EAU CLAIRE,May,26,Friday,19,0,Urban,High Speed (Arterial),Yes,44.767125,-91.459025,Complex/Circle,Daylight,Cloudy,Unknown,Unknown,Unknown EMS Scene Arrival Hour,Unknown if Arrived,Not Applicable (Not Transported),Not Applicable (Not Transported),1,Daylight,Reduced Visibility,1,1,['Driver'],['None_Used'],0,0,Valid,1.0,0.0,64.0,30.0,"['Female', 'Male']",1,0,5,4,5,Dry,Straight,Level,Lowest,No
37462,55,Wisconsin,550477,0,1,1,0,2,NOT APPLICABLE,July,1,Saturday,19,22,Rural,Medium Speed (Collector),No,43.30878611,-89.46188333,Non-Intersection,Daylight,Clear,7:00pm-7:59pm,25,7:00pm-7:59pm,37,Unknown,Unknown EMS Hospital Arrival Time,1,Daylight,Clear,1,1,['Driver'],['None_Used'],1,1,Valid,0.0,0.0,51.0,51.0,['Male'],0,0,5,4,2,Dry,Curve,Level,Lowest,No
37463,55,Wisconsin,550478,0,1,1,0,1,NOT APPLICABLE,July,1,Saturday,22,46,Rural,Medium Speed (Collector),No,43.78861111,-89.60292778,Non-Intersection,Dark - Not Lighted,Clear,10:00pm-10:59pm,49,10:00pm-10:59pm,55,Not Applicable (Not Transported),Not Applicable (Not Transported),1,Dark - Unlighted,Clear,1,0,['Driver'],['None_Used'],0,0,Valid,0.0,0.0,47.0,47.0,['Male'],0,0,5,3,3,Dry,Curve,Level,Lowest,Yes
37464,55,Wisconsin,550479,0,3,3,0,3,NOT APPLICABLE,July,9,Sunday,21,38,Rural,High Speed (Arterial),Yes,44.91544722,-91.99759722,Non-Intersection,Dark - Not Lighted,Cloudy,9:00pm-9:59pm,41,9:00pm-9:59pm,49,Unknown,Unknown EMS Hospital Arrival Time,2,Dark - Unlighted,Reduced Visibility,2,1,"['Driver', 'Driver']","['Shoulder_Lapbelt', 'Shoulder_Lapbelt']",0,0,Valid,0.0,0.0,38.0,21.0,"['Female', 'Male', 'Male']",0,0,3,4,5,Dry,Straight,Level,Lowest,No
37465,55,Wisconsin,550480,0,1,1,0,2,NOT APPLICABLE,July,11,Tuesday,18,57,Rural,Low Speed (Local),No,45.34990833,-90.20875,Non-Intersection,Daylight,Clear,6:00pm-6:59pm,58,7:00pm-7:59pm,5,Unknown,Unknown EMS Hospital Arrival Time,1,Daylight,Clear,1,1,['Driver'],['Shoulder_Lapbelt'],1,1,Invalid,0.0,1.0,21.0,21.0,['Male'],2,0,3,4,3,Dry,Curve,Grade/Hillcrest,Lowest,No
37466,55,Wisconsin,550481,0,1,1,0,1,NOT APPLICABLE,July,15,Saturday,18,48,Rural,Medium Speed (Collector),No,45.495925,-89.61346667,Non-Intersection,Daylight,Clear,6:00pm-6:59pm,51,6:00pm-6:59pm,57,Not Applicable (Not Transported),Not Applicable (Not Transported),1,Daylight,Clear,1,0,['Driver'],['None_Used'],1,1,Valid,0.0,0.0,39.0,39.0,['Male'],1,0,3,4,2,Dry,Curve,Level,Lowest,No
37467,55,Wisconsin,550482,0,3,3,0,3,NOT APPLICABLE,August,3,Thursday,15,20,Rural,Medium Speed (Collector),No,45.01608889,-92.43626111,Non-Intersection,Daylight,Clear,3:00pm-3:59pm,20,3:00pm-3:59pm,31,Not Applicable (Not Transported),Not Applicable (Not Transported),1,Daylight,Clear,1,2,['Driver'],['None_Used'],0,0,Valid,0.0,0.0,69.0,29.0,"['Male', 'Male', 'Male']",0,0,5,4,5,Dry,Straight,Grade/Hillcrest,Lowest,No
37468,55,Wisconsin,550483,0,1,1,0,1,NOT APPLICABLE,August,4,Friday,5,0,Rural,Medium Speed (Collector),No,44.8674,-91.14572222,Non-Intersection,Reported as Unknown,Clear,Unknown,Unknown,Unknown EMS Scene Arrival Hour,Unknown EMS Scene Arrival Minutes,Not Applicable (Not Transported),Not Applicable (Not Transported),1,Dark - Unlighted,Clear,1,0,['Driver'],['None_Used'],0,0,Valid,1.0,0.0,30.0,30.0,['Male'],0,0,2,4,3,Dry,Straight,Level,Lowest,No
37469,55,Wisconsin,550484,0,2,2,0,2,NOT APPLICABLE,August,5,Saturday,13,53,Rural,Medium Speed (Collector),No,44.347,-88.53676111,Non-Intersection,Daylight,Clear,Unknown,Unknown,Unknown EMS Scene Arrival Hour,Unknown EMS Scene Arrival Minutes,Unknown,Unknown EMS Hospital Arrival Time,1,Daylight,Clear,1,1,['Driver'],['None_Used'],0,0,Valid,0.0,0.0,49.0,31.0,"['Female', 'Male']",0,0,5,4,5,Dry,Straight,Level,Lowest,No
37470,55,Wisconsin,550485,0,2,2,0,3,NOT APPLICABLE,August,14,Monday,16,24,Urban,High Speed (Arterial),Yes,43.75139167,-87.76378889,Non-Intersection,Daylight,Rain,4:00pm-4:59pm,26,4:00pm-4:59pm,35,Unknown,Unknown EMS Hospital Arrival Time,1,Daylight,Rain/Wind/Minor,1,2,['Driver'],['Shoulder_Lapbelt'],0,0,Valid,1.0,0.0,31.0,29.0,"['Male', 'Male']",0,0,4,4,5,Wet/Standing Water,Straight,Level,Lowest,No
37471,55,Wisconsin,550486,0,2,2,0,3,NOT APPLICABLE,August,12,Saturday,12,44,Urban,High Speed (Arterial),Yes,42.72566667,-88.54272222,Complex/Circle,Daylight,Clear,Unknown,Unknown,Unknown EMS Scene Arrival Hour,Unknown EMS Scene Arrival Minutes,Unknown,Unknown EMS Hospital Arrival Time,1,Daylight,Clear,1,2,['Driver'],['Shoulder_Lapbelt'],0,0,Valid,1.0,0.0,68.0,58.0,"['Male', 'Female']",0,0,4,4,5,Dry,Straight,Level,Lowest,No
37472,55,Wisconsin,550487,0,2,2,0,3,NOT APPLICABLE,September,1,Friday,18,49,Urban,Medium Speed (Collector),No,43.83540556,-88.50387222,Complex/Circle,Daylight,Clear,6:00pm-6:59pm,49,6:00pm-6:59pm,54,Unknown,Unknown EMS Hospital Arrival Time,2,Daylight,Clear,2,1,"['Driver', 'Rear_Seat']","['None_Used', 'None_Used']",0,0,Valid,2.0,0.0,58.0,17.0,"['Female', 'Male']",0,0,5,4,5,Dry,Straight,Level,Lowest,No
37473,55,Wisconsin,550488,0,1,1,0,1,NOT APPLICABLE,September,17,Sunday,6,39,Rural,Low Speed (Local),No,44.42427778,-88.82770556,Non-Intersection,Dark - Not Lighted,Reported as Unknown,6:00am-6:59am,42,Unknown EMS Scene Arrival Hour,Unknown if Arrived,Not Applicable (Not Transported),Not Applicable (Not Transported),1,Dark - Unlighted,Clear,1,0,['Driver'],['Shoulder_Lapbelt'],1,1,Valid,0.0,0.0,39.0,39.0,['Male'],0,0,3,4,3,Dry,Curve,Level,Lowest,No
37474,55,Wisconsin,550489,0,1,1,0,1,NOT APPLICABLE,September,19,Tuesday,99,99,Rural,Medium Speed (Collector),No,46.05605833,-91.62516667,Non-Intersection,Dark - Not Lighted,Clear,2:00am-2:59am,6,2:00am-2:59am,35,Not Applicable (Not Transported),Not Applicable (Not Transported),1,Dark - Unlighted,Clear,1,0,['Driver'],['None_Used'],1,1,Invalid,0.0,0.0,28.0,28.0,['Male'],0,0,2,4,3,Dry,Curve,Grade/Hillcrest,Lowest,No
37475,55,Wisconsin,550490,0,2,2,0,2,NOT APPLICABLE,September,23,Saturday,1,30,Rural,High Speed (Arterial),No,44.89911667,-91.67892778,Non-Intersection,Dark - Not Lighted,Rain,2:00am-2:59am,50,Unknown EMS Scene Arrival Hour,Unknown EMS Scene Arrival Minutes,Unknown,Unknown EMS Hospital Arrival Time,1,Dark - Unlighted,Rain/Wind/Minor,1,1,['Driver'],['Shoulder_Lapbelt'],0,0,Valid,0.0,1.0,35.0,17.0,"['Female', 'Male']",0,0,4,4,5,Wet/Standing Water,Straight,Grade/Hillcrest,Lowest,No
37476,55,Wisconsin,550491,0,1,1,0,3,NOT APPLICABLE,September,26,Tuesday,14,54,Rural,Low Speed (Local),No,45.12631389,-90.29068611,Non-Intersection,Daylight,Cloudy,3:00pm-3:59pm,0,3:00pm-3:59pm,23,Unknown,Unknown EMS Hospital Arrival Time,1,Daylight,Reduced Visibility,1,2,['Front_Passenger'],['None_Used'],0,0,Invalid,0.0,0.0,18.0,18.0,['Male'],3,0,3,4,3,Wet/Standing Water,Straight,Grade/Hillcrest,Lowest,No
37477,55,Wisconsin,550492,0,1,1,0,2,MILWAUKEE,October,4,Wednesday,11,27,Urban,High Speed (Arterial),No,43.07107778,-87.90826389,Non-Intersection,Daylight,Clear,Unknown,Unknown,Unknown EMS Scene Arrival Hour,Unknown EMS Scene Arrival Minutes,Unknown,Unknown EMS Hospital Arrival Time,1,Daylight,Clear,1,1,['Front_Passenger'],['Shoulder_Lapbelt'],0,0,Invalid,0.0,0.0,34.0,34.0,['Male'],0,0,2,4,3,Dry,Straight,Grade/Hillcrest,Lowest,No
37478,55,Wisconsin,550493,1,1,1,0,1,MILWAUKEE,September,23,Saturday,1,58,Urban,Medium Speed (Collector),No,43.03146944,-87.93963889,Non-Intersection,Dark - Lighted,Cloudy,Unknown,Unknown,Unknown EMS Scene Arrival Hour,Unknown EMS Scene Arrival Minutes,Not Applicable (Not Transported),Not Applicable (Not Transported),1,Dark - Lighted,Reduced Visibility,0,1,[],[],0,0,Invalid,0.0,0.0,998.0,998.0,['Other'],0,0,3,2,4,Dry,Straight,Level,Lowest,No
37479,55,Wisconsin,550494,0,1,1,0,3,NOT APPLICABLE,October,20,Friday,22,10,Rural,Medium Speed (Collector),No,44.55981944,-88.55749444,Non-Intersection,Dark - Not Lighted,Clear,Unknown,Unknown,Unknown EMS Scene Arrival Hour,Unknown EMS Scene Arrival Minutes,Unknown,Unknown EMS Hospital Arrival Time,1,Dark - Unlighted,Clear,1,2,['Front_Passenger'],['None_Used'],1,1,Valid,0.0,0.0,19.0,19.0,['Male'],3,0,3,3,3,Dry,Straight,Level,Lowest,No
37480,55,Wisconsin,550495,0,2,2,0,2,MADISON,October,28,Saturday,15,33,Urban,High Speed (Arterial),Yes,43.05125833,-89.277825,Non-Intersection,Daylight,Cloudy,3:00pm-3:59pm,34,3:00pm-3:59pm,41,Not Applicable (Not Transported),Not Applicable (Not Transported),1,Daylight,Reduced Visibility,1,1,['Driver'],['None_Used'],0,0,Valid,1.0,1.0,21.0,20.0,"['Male', 'Male']",2,0,5,4,5,Dry,Straight,Level,Lowest,No
37481,55,Wisconsin,550496,1,1,1,0,1,NOT APPLICABLE,October,29,Sunday,0,6,Rural,Medium Speed (Collector),No,44.28750833,-88.76978889,Non-Intersection,Dark - Not Lighted,Cloudy,0:00am-0:59am,8,0:00am-0:59am,21,Not Applicable (Not Transported),Not Applicable (Not Transported),1,Dark - Unlighted,Reduced Visibility,0,1,[],[],1,1,Invalid,1.0,0.0,20.0,20.0,['Male'],0,0,3,3,4,Dry,Straight,Level,Lowest,No
37482,55,Wisconsin,550497,0,2,2,0,3,NOT APPLICABLE,November,3,Friday,14,7,Rural,Low Speed (Local),No,44.01142222,-88.75612222,Non-Intersection,Daylight,Cloudy,2:00pm-2:59pm,7,2:00pm-2:59pm,18,Not Applicable (Not Transported),Not Applicable (Not Transported),1,Daylight,Reduced Visibility,1,2,['Driver'],['None_Used'],0,0,Valid,0.0,1.0,65.0,43.0,"['Male', 'Male']",0,0,3,4,5,Dry,Straight,Grade/Hillcrest,Lowest,No
37483,55,Wisconsin,550498,0,2,2,0,3,NOT APPLICABLE,November,5,Sunday,16,4,Rural,Medium Speed (Collector),No,43.08781111,-89.07878333,Non-Intersection,Daylight,Clear,4:00pm-4:59pm,6,4:00pm-4:59pm,6,Unknown,Unknown EMS Hospital Arrival Time,2,Daylight,Clear,2,1,"['Driver', 'Driver']","['Shoulder_Lapbelt', 'Shoulder_Lapbelt']",1,1,Invalid,0.0,0.0,44.0,35.0,"['Male', 'Female']",1,0,2,4,5,Dry,Curve,Grade/Hillcrest,Lowest,No
37484,55,Wisconsin,550499,0,2,2,0,4,MILWAUKEE,November,3,Friday,2,8,Urban,Low Speed (Local),No,43.126625,-87.96647222,Complex/Circle,Dark - Lighted,Clear,Unknown,Unknown,Unknown EMS Scene Arrival Hour,Unknown EMS Scene Arrival Minutes,2:00am-2:59am,46,3,Dark - Lighted,Clear,3,1,"['Driver', 'Front_Passenger', 'Rear_Seat']","['Shoulder_Lapbelt', 'Shoulder_Lapbelt', 'Shoulder_Lapbelt']",1,1,Invalid,1.0,0.0,28.0,23.0,"['Male', 'Female']",1,0,2,4,5,Dry,Straight,Level,Lowest,No
37485,55,Wisconsin,550500,1,1,1,0,1,RACINE,November,9,Thursday,20,3,Urban,Medium Speed (Collector),No,42.72447778,-87.78255833,Complex/Circle,Dark - Lighted,Cloudy,8:00pm-8:59pm,6,8:00pm-8:59pm,9,8:00pm-8:59pm,26,1,Dark - Lighted,Reduced Visibility,0,1,[],[],0,0,Valid,1.0,1.0,28.0,28.0,['Male'],0,0,3,3,4,Dry,Straight,Level,Lowest,No
37486,55,Wisconsin,550501,0,2,2,0,4,WATERTOWN,November,11,Saturday,18,57,Urban,High Speed (Arterial),Yes,43.21163056,-88.76154444,Non-Intersection,Dark - Not Lighted,Clear,6:00pm-6:59pm,57,7:00pm-7:59pm,5,Unknown,Unknown EMS Hospital Arrival Time,2,Dark - Unlighted,Clear,2,2,"['Driver', 'Driver']","['Shoulder_Lapbelt', 'Shoulder_Lapbelt']",0,0,Valid,0.0,0.0,32.0,30.0,"['Male', 'Male']",1,0,3,4,5,Dry,Curve,Level,Lowest,No
37487,55,Wisconsin,550502,0,3,2,1,2,MADISON,November,10,Friday,12,41,Urban,High Speed (Arterial),No,43.12397778,-89.35521667,Complex/Circle,Daylight,Cloudy,12:00pm-12:59pm,41,12:00pm-12:59pm,44,Unknown,Unknown EMS Hospital Arrival Time,1,Daylight,Reduced Visibility,1,1,['Driver'],['Shoulder_Lapbelt'],0,0,Valid,0.0,9.0,77.0,39.0,"['Male', 'Male']",1,0,3,4,5,Dry,Straight,Level,Lowest,No
37488,55,Wisconsin,550504,0,2,2,0,2,NOT APPLICABLE,November,17,Friday,16,5,Rural,Medium Speed (Collector),No,43.98219167,-88.66423889,Complex/Circle,Daylight,Clear,4:00pm-4:59pm,4,Unknown EMS Scene Arrival Hour,Officially Cancelled,Unknown,Officially Canceled,1,Daylight,Clear,1,1,['Driver'],['None_Used'],0,0,Valid,0.0,0.0,27.0,15.0,"['Male', 'Male']",0,0,5,4,5,Dry,Straight,Level,Lowest,No
37489,55,Wisconsin,550505,0,1,1,0,2,NOT APPLICABLE,November,18,Saturday,20,10,Rural,High Speed (Arterial),Yes,44.63369444,-87.79325,Non-Intersection,Dark - Not Lighted,Clear,8:00pm-8:59pm,24,8:00pm-8:59pm,47,9:00pm-9:59pm,40,1,Dark - Unlighted,Clear,1,1,['Front_Passenger'],['Shoulder_Lapbelt'],0,0,Valid,0.0,0.0,54.0,54.0,['Male'],0,0,3,4,3,Dry,Straight,Level,Lowest,No