,State_Code,State_Name,Crash_ID,Count_Non_Motorists,Count_Vehicles_Total,Count_Vehicle_Forms,Count_PVH_Involved,Count_Occupants_MV,City_Name,Month_Name,Day_of_Month,Day_of_Week,Crash_Hour,Crash_Minute,Area_Rural_Urban,Road_Functional_Class,On_NHS_Road,Latitude,Longitude,Intersection_Type,Light_Condition,Weather_Condition,Notif_Hour,Notif_Minute,Arrival_Hour,Arrival_Minute,Hospital_Hour,Hospital_Minute,Fatalities_Count,Clean_Light_Condition,Clean_Weather_Condition,Total_Killed,Total_Alive,Fatal_Seats_List,Killed_Restraint_List,Any_Driver_Drinking,Total_Drinking_Drivers,Driver_License_Category,Driver_Max_Prev_Accident_Count,Driver_Max_Prev_Speeding_Count,Max_Driver_Age,Min_Driver_Age,Driver_Sex_List,Total_Exceeding_Limit_Vehicles,Total_Too_Fast_Vehicles,Max_Vehicle_Type_Severity_5,Max_Vehicle_Damage_Rank,Max_Harmful_Event_Severity,Crash_Road_Surface_Condition,Crash_Horizontal_Alignment,Crash_Vertical_Profile,Crash_Impairment_Category,Crash_Vehicle_Defect
37490,55,Wisconsin,550506,0,2,2,0,2,MILWAUKEE,November,18,Saturday,8,38,Urban,High Speed (Arterial),Yes,43.08999444,-88.00426667,Complex/Circle,Daylight,Clear,Unknown,Unknown,Unknown EMS Scene Arrival Hour,Unknown EMS Scene Arrival Minutes,Unknown,Unknown EMS Hospital Arrival Time,1,Daylight,Clear,1,1,['Driver'],['Shoulder_Lapbelt'],0,0,Invalid,4.0,8.0,40.0,34.0,"['Male', 'Male']",0,0,2,4,5,Dry,Straight,Level,Lowest,No
37491,55,Wisconsin,550507,0,1,1,0,1,MILWAUKEE,November,26,Sunday,2,30,Urban,High Speed (Arterial),Yes,43.12862222,-88.02301389,Non-Intersection,Dark - Lighted,Clear,2:00am-2:59am,44,2:00am-2:59am,46,Not Applicable (Not Transported),Not Applicable (Not Transported),1,Dark - Lighted,Clear,1,0,['Driver'],['None_Used'],0,0,Invalid,0.0,1.0,38.0,38.0,['Female'],1,0,2,4,2,Wet/Standing Water,Straight,Level,Lowest,No
37492,55,Wisconsin,550508,0,2,2,0,2,LOMIRA,November,29,Wednesday,18,23,Rural,High Speed (Arterial),Yes,43.59506667,-88.43093889,Non-Intersection,Dark - Not Lighted,Clear,6:00pm-6:59pm,25,6:00pm-6:59pm,39,Not Applicable (Not Transported),Not Applicable (Not Transported),2,Dark - Unlighted,Clear,2,0,"['Driver', 'Driver']","['Shoulder_Lapbelt', 'Shoulder_Lapbelt']",0,0,Valid,0.0,0.0,82.0,34.0,"['Female', 'Male']",0,0,3,4,5,Dry,Straight,Level,Lowest,No
37493,55,Wisconsin,550509,1,1,1,0,1,MILWAUKEE,November,27,Monday,20,33,Urban,Medium Speed (Collector),No,43.06756944,-87.91601389,Non-Intersection,Dark - Lighted,Clear,Unknown,Unknown,Unknown EMS Scene Arrival Hour,Unknown EMS Scene Arrival Minutes,Not Applicable (Not Transported),Not Applicable (Not Transported),1,Dark - Lighted,Clear,0,1,[],[],0,0,Valid,5.0,6.0,50.0,50.0,['Male'],0,0,3,3,4,Dry,Straight,Level,Lowest,No
37494,55,Wisconsin,550510,0,2,2,0,2,NOT APPLICABLE,December,5,Tuesday,11,25,Rural,Medium Speed (Collector),No,42.81984722,-89.85777778,Non-Intersection,Daylight,Cloudy,11:00am-11:59am,31,11:00am-11:59am,55,12:00pm-12:59pm,52,1,Daylight,Reduced Visibility,1,1,['Driver'],['Shoulder_Lapbelt'],1,1,Valid,1.0,0.0,69.0,54.0,"['Male', 'Male']",0,0,3,4,5,Wet/Standing Water,Curve,Level,Lowest,No
37495,55,Wisconsin,550511,0,2,2,0,3,SOUTH MILWAUKEE,December,3,Sunday,22,30,Urban,High Speed (Arterial),Yes,42.922675,-87.88135,Complex/Circle,Dark - Lighted,Clear,10:00pm-10:59pm,32,10:00pm-10:59pm,37,11:00pm-11:59pm,8,1,Dark - Lighted,Clear,1,2,['Driver'],['Shoulder_Lapbelt'],0,0,Valid,2.0,0.0,35.0,30.0,"['Female', 'Male']",0,0,4,4,5,Dry,Straight,Level,Lowest,No
37496,55,Wisconsin,550512,0,2,2,0,3,NOT APPLICABLE,December,7,Thursday,13,33,Rural,Medium Speed (Collector),No,43.79068889,-87.82023333,Complex/Circle,Daylight,Clear,1:00pm-1:59pm,35,1:00pm-1:59pm,42,Not Applicable (Not Transported),Not Applicable (Not Transported),2,Daylight,Clear,2,1,"['Driver', 'Front_Passenger']","['Shoulder_Lapbelt', 'Shoulder_Lapbelt']",0,0,Valid,1.0,0.0,67.0,26.0,"['Female', 'Male']",0,0,4,4,5,Dry,Straight,Level,Lowest,No
37497,55,Wisconsin,550513,0,2,2,0,2,NOT APPLICABLE,December,14,Thursday,19,18,Rural,Medium Speed (Collector),No,45.00263889,-92.19665833,Complex/Circle,Dark - Not Lighted,Clear,7:00pm-7:59pm,20,7:00pm-7:59pm,32,Not Applicable (Not Transported),Not Applicable (Not Transported),1,Dark - Unlighted,Clear,1,1,['Driver'],['None_Used'],0,0,Valid,1.0,0.0,54.0,39.0,"['Male', 'Female']",0,0,3,4,5,Dry,Straight,Level,Lowest,No
37498,55,Wisconsin,550514,0,2,2,0,4,TWIN LAKES,December,17,Sunday,2,48,Urban,Medium Speed (Collector),No,42.523875,-88.28042778,Complex/Circle,Dark - Not Lighted,Clear,3:00am-3:59am,0,3:00am-3:59am,0,Unknown,Unknown EMS Hospital Arrival Time,1,Dark - Unlighted,Clear,1,3,['Driver'],['Shoulder_Lapbelt'],1,1,Valid,1.0,0.0,58.0,39.0,"['Male', 'Male']",0,0,3,4,5,Wet/Standing Water,Straight,Level,Lowest,No
37499,55,Wisconsin,550515,0,3,3,0,4,NOT APPLICABLE,December,26,Tuesday,13,30,Rural,High Speed (Arterial),Yes,44.62538889,-90.07373333,Non-Intersection,Daylight,Rain,1:00pm-1:59pm,31,1:00pm-1:59pm,41,Unknown,Unknown EMS Hospital Arrival Time,1,Daylight,Rain/Wind/Minor,1,3,['Driver'],['Shoulder_Lapbelt'],0,0,Valid,0.0,0.0,70.0,25.0,"['Female', 'Male', 'Male']",0,0,4,4,5,Wet/Standing Water,Straight,Level,Lowest,No
37500,55,Wisconsin,550516,0,1,1,0,6,NOT APPLICABLE,December,20,Wednesday,23,51,Urban,Medium Speed (Collector),No,43.05095556,-88.35979167,Non-Intersection,Dark - Not Lighted,Cloudy,11:00pm-11:59pm,52,11:00pm-11:59pm,55,Unknown,Unknown EMS Hospital Arrival Time,2,Dark - Unlighted,Reduced Visibility,2,4,"['Rear_Seat', 'Rear_Seat']","['None_Used', 'None_Used']",0,0,Invalid,0.0,1.0,29.0,29.0,['Male'],6,0,2,4,3,Dry,Curve,Grade/Hillcrest,Lowest,No
37501,55,Wisconsin,550517,1,1,1,0,1,Other,December,28,Thursday,16,53,Urban,High Speed (Arterial),No,44.193575,-88.28972222,Non-Intersection,Dusk,Rain,5:00pm-5:59pm,1,Unknown EMS Scene Arrival Hour,Unknown EMS Scene Arrival Minutes,Not Applicable (Not Transported),Not Applicable (Not Transported),1,Twilight,Rain/Wind/Minor,0,1,[],[],0,0,Valid,0.0,0.0,40.0,40.0,['Male'],0,0,3,2,4,Wet/Standing Water,Straight,Level,Lowest,No
37502,55,Wisconsin,550518,0,1,1,0,1,PLEASANT PRAIRIE,September,4,Monday,17,14,Urban,High Speed (Arterial),No,42.52261111,-87.87121944,Non-Intersection,Daylight,Clear,5:00pm-5:59pm,15,5:00pm-5:59pm,19,Unknown,Unknown EMS Hospital Arrival Time,1,Daylight,Clear,1,0,['Driver'],['Shoulder_Lapbelt'],0,0,Valid,1.0,0.0,74.0,74.0,['Male'],0,0,3,4,3,Dry,Straight,Level,Lowest,No
37503,55,Wisconsin,550519,0,3,3,0,3,WAUKESHA,December,7,Thursday,13,20,Urban,High Speed (Arterial),Yes,43.01314444,-88.28611111,Complex/Circle,Daylight,Clear,1:00pm-1:59pm,20,1:00pm-1:59pm,29,1:00pm-1:59pm,46,1,Daylight,Clear,1,2,['Driver'],['Shoulder_Lapbelt'],0,0,Valid,0.0,1.0,56.0,22.0,"['Male', 'Male', 'Male']",0,0,3,4,5,Dry,Straight,Grade/Hillcrest,Lowest,No
37504,55,Wisconsin,550520,0,2,2,0,3,MILWAUKEE,December,29,Friday,3,25,Urban,Medium Speed (Collector),No,43.1122,-87.94178889,Non-Intersection,Dark - Lighted,Reported as Unknown,Unknown,Unknown,Unknown EMS Scene Arrival Hour,Unknown EMS Scene Arrival Minutes,Unknown,Unknown EMS Hospital Arrival Time,1,Dark - Lighted,Clear,1,2,['Rear_Seat'],['Child_Safety'],0,0,Valid,0.0,1.0,36.0,32.0,"['Female', 'Male']",0,0,4,4,5,Wet/Standing Water,Curve,Level,Lowest,No
37505,55,Wisconsin,550521,1,1,1,0,1,MILWAUKEE,December,8,Friday,22,28,Urban,Medium Speed (Collector),No,43.11336944,-87.95007222,Non-Intersection,Dark - Lighted,Clear,10:00pm-10:59pm,29,Unknown EMS Scene Arrival Hour,Unknown EMS Scene Arrival Minutes,Not Applicable (Not Transported),Not Applicable (Not Transported),1,Dark - Lighted,Clear,0,1,[],[],0,0,Invalid,0.0,1.0,54.0,54.0,['Male'],0,0,3,3,4,Dry,Straight,Level,Lowest,No
37506,55,Wisconsin,550522,4,4,2,2,4,MILWAUKEE,December,12,Tuesday,21,31,Urban,High Speed (Arterial),Yes,42.98856944,-87.94816389,Complex/Circle,Dark - Lighted,Clear,Unknown,Unknown,Unknown EMS Scene Arrival Hour,Unknown EMS Scene Arrival Minutes,Unknown,Unknown EMS Hospital Arrival Time,1,Dark - Lighted,Clear,1,3,['Front_Passenger'],['None_Used'],0,0,Invalid,0.0,0.0,46.0,35.0,"['Male', 'Female']",0,0,3,4,5,Dry,Straight,Level,Lowest,No
37507,55,Wisconsin,550523,0,1,1,0,1,MILWAUKEE,December,12,Tuesday,17,33,Urban,High Speed (Arterial),No,43.11631389,-87.96673056,Non-Intersection,Dark - Lighted,Clear,Unknown,Unknown,Unknown EMS Scene Arrival Hour,Unknown EMS Scene Arrival Minutes,Not Applicable (Not Transported),Not Applicable (Not Transported),1,Dark - Lighted,Clear,1,0,['Driver'],['Shoulder_Lapbelt'],0,0,Invalid,0.0,0.0,33.0,33.0,['Male'],1,0,2,4,3,Dry,Curve,Grade/Hillcrest,Lowest,No
37508,55,Wisconsin,550524,0,3,2,1,3,MILWAUKEE,December,31,Sunday,18,36,Urban,High Speed (Arterial),Yes,43.02321389,-87.92715278,Non-Intersection,Dark - Lighted,Snow,Unknown,Unknown,Unknown EMS Scene Arrival Hour,Unknown EMS Scene Arrival Minutes,Unknown,Unknown EMS Hospital Arrival Time,1,Dark - Lighted,Snow/Ice/Severe,1,2,['Front_Passenger'],['Shoulder_Lapbelt'],1,1,Invalid,1.0,0.0,66.0,27.0,"['Male', 'Male']",0,0,3,4,5,Wet/Standing Water,Straight,Level,Lowest,No
37509,55,Wisconsin,550525,2,1,1,0,1,NOT APPLICABLE,December,31,Sunday,1,10,Rural,Medium Speed (Collector),No,43.54753056,-88.24065278,Non-Intersection,Dark - Not Lighted,Clear,1:00am-1:59am,19,1:00am-1:59am,32,2:00am-2:59am,26,1,Dark - Unlighted,Clear,0,1,[],[],0,0,Valid,0.0,0.0,19.0,19.0,['Male'],0,0,2,3,4,Dry,Curve,Level,Lowest,No
37510,55,Wisconsin,550526,1,1,1,0,2,MADISON,December,16,Saturday,4,33,Urban,High Speed (Arterial),Yes,43.11875,-89.354975,Simple Junction,Dark - Not Lighted,Clear,4:00am-4:59am,34,4:00am-4:59am,38,Not Applicable (Not Transported),Not Applicable (Not Transported),1,Dark - Unlighted,Clear,0,2,[],[],0,0,Valid,2.0,0.0,46.0,46.0,['Male'],0,0,3,2,4,Dry,Straight,Level,Lowest,No
37511,55,Wisconsin,550527,1,1,1,0,1,GERMANTOWN,November,29,Wednesday,18,36,Urban,High Speed (Arterial),Yes,43.220875,-88.11560833,Non-Intersection,Dark - Lighted,Clear,Unknown,Unknown,Unknown EMS Scene Arrival Hour,Unknown EMS Scene Arrival Minutes,Unknown,Unknown EMS Hospital Arrival Time,1,Dark - Lighted,Clear,0,1,[],[],0,0,Valid,0.0,0.0,49.0,49.0,['Female'],0,0,3,3,4,Dry,Straight,Level,Lowest,No
37512,55,Wisconsin,550528,0,2,2,0,2,MILWAUKEE,June,17,Saturday,2,32,Urban,High Speed (Arterial),Yes,43.03214167,-87.95405833,Non-Intersection,Dark - Lighted,Clear,2:00am-2:59am,39,2:00am-2:59am,50,3:00am-3:59am,16,2,Dark - Lighted,Clear,2,0,"['Driver', 'Driver']","['Shoulder_Lapbelt', 'Shoulder_Lapbelt']",1,1,Valid,0.0,1.0,46.0,36.0,"['Male', 'Male']",0,0,3,4,5,Dry,Curve,Level,Lowest,No
37513,55,Wisconsin,550529,0,1,1,0,4,NOT APPLICABLE,October,7,Saturday,21,25,Rural,Low Speed (Local),No,43.90738056,-88.96698056,Simple Junction,Dark - Not Lighted,Clear,9:00pm-9:59pm,28,9:00pm-9:59pm,36,10:00pm-10:59pm,44,1,Dark - Unlighted,Clear,1,3,['Driver'],['None_Used'],0,0,Valid,0.0,2.0,17.0,17.0,['Male'],4,0,2,4,3,Dry,Curve,Grade/Hillcrest,Lowest,No
37514,55,Wisconsin,550530,1,1,1,0,1,MILWAUKEE,December,29,Friday,17,11,Urban,High Speed (Arterial),Yes,43.0961,-88.00891667,Non-Intersection,Dark - Lighted,Cloudy,Unknown,Unknown,Unknown EMS Scene Arrival Hour,Unknown EMS Scene Arrival Minutes,Not Applicable (Not Transported),Not Applicable (Not Transported),1,Dark - Lighted,Reduced Visibility,0,1,[],[],0,0,Valid,0.0,0.0,41.0,41.0,['Male'],0,0,3,4,4,Dry,Straight,Level,Lowest,No
37515,55,Wisconsin,550531,0,1,1,0,1,NOT APPLICABLE,December,29,Friday,15,50,Rural,Medium Speed (Collector),No,44.37085556,-90.82102778,Non-Intersection,Daylight,Clear,Unknown,Unknown,Unknown EMS Scene Arrival Hour,Unknown EMS Scene Arrival Minutes,Unknown,Unknown EMS Hospital Arrival Time,1,Daylight,Clear,1,0,['Driver'],['None_Used'],0,0,Valid,0.0,0.0,62.0,62.0,['Female'],0,0,3,4,2,Dry,Straight,Level,Lowest,No
37516,55,Wisconsin,550533,0,2,2,0,2,NOT APPLICABLE,May,27,Saturday,20,4,Rural,Medium Speed (Collector),No,43.77061944,-89.21188333,Non-Intersection,Daylight,Clear,8:00pm-8:59pm,59,9:00pm-9:59pm,8,Unknown,Unknown EMS Hospital Arrival Time,1,Daylight,Clear,1,1,['Driver'],['None_Used'],1,1,Valid,0.0,0.0,72.0,60.0,"['Male', 'Male']",0,0,5,4,5,Dry,Curve,Level,Lowest,No
37517,55,Wisconsin,550534,0,1,1,0,1,NOT APPLICABLE,June,21,Wednesday,17,29,Rural,Low Speed (Local),No,45.37921944,-89.19253889,Non-Intersection,Daylight,Clear,5:00pm-5:59pm,50,6:00pm-6:59pm,9,Unknown,Unknown EMS Hospital Arrival Time,1,Daylight,Clear,1,0,['Driver'],['None_Used'],0,0,Valid,0.0,0.0,57.0,57.0,['Female'],1,0,5,4,3,Dry,Curve,Level,Lowest,No
37518,55,Wisconsin,550535,0,1,1,0,1,NOT APPLICABLE,June,2,Friday,21,35,Rural,Low Speed (Local),No,43.99579722,-90.12230556,Complex/Circle,Dark - Lighted,Clear,Unknown,Unknown,Unknown EMS Scene Arrival Hour,Unknown EMS Scene Arrival Minutes,Not Applicable (Not Transported),Not Applicable (Not Transported),1,Dark - Lighted,Clear,1,0,['Driver'],['None_Used'],1,1,Valid,0.0,0.0,32.0,32.0,['Male'],1,0,5,3,3,Dry,Straight,Level,Lowest,No
37519,55,Wisconsin,550536,0,1,1,0,2,NOT APPLICABLE,July,30,Sunday,16,34,Rural,Low Speed (Local),No,45.22876389,-87.872275,Non-Intersection,Daylight,Clear,Unknown,Unknown,Unknown EMS Scene Arrival Hour,Unknown EMS Scene Arrival Minutes,Unknown,Unknown EMS Hospital Arrival Time,1,Daylight,Clear,1,1,['Driver'],['Shoulder_Lapbelt'],1,1,Valid,0.0,0.0,54.0,54.0,['Male'],2,0,5,4,3,Dry,Straight,Level,Lowest,No
37520,55,Wisconsin,550537,0,1,1,0,1,NOT APPLICABLE,July,10,Monday,21,7,Rural,Low Speed (Local),No,43.94259444,-90.54857222,Non-Intersection,Dark - Not Lighted,Cloudy,Unknown,Unknown,Unknown EMS Scene Arrival Hour,Unknown EMS Scene Arrival Minutes,Unknown,Unknown EMS Hospital Arrival Time,1,Dark - Unlighted,Reduced Visibility,1,0,['Driver'],['None_Used'],1,1,Valid,0.0,0.0,31.0,31.0,['Female'],0,0,5,4,3,Dry,Straight,Level,Lowest,No
37521,55,Wisconsin,550538,0,1,1,0,2,NOT APPLICABLE,July,6,Thursday,19,54,Rural,Medium Speed (Collector),No,46.14053889,-90.15664444,Non-Intersection,Dusk,Clear,Unknown,Unknown,Unknown EMS Scene Arrival Hour,Unknown EMS Scene Arrival Minutes,Unknown,Unknown EMS Hospital Arrival Time,1,Twilight,Clear,1,1,['Driver'],['Shoulder_Lapbelt'],1,1,Valid,0.0,0.0,26.0,26.0,['Female'],2,0,5,1,3,Dry,Curve,Level,Lowest,No
37522,55,Wisconsin,550539,0,1,1,0,1,NOT APPLICABLE,August,26,Saturday,17,15,Rural,Low Speed (Local),No,42.67064722,-90.62034167,Non-Intersection,Daylight,Clear,Unknown,Unknown,Unknown EMS Scene Arrival Hour,Unknown EMS Scene Arrival Minutes,Not Applicable (Not Transported),Not Applicable (Not Transported),1,Daylight,Clear,1,0,['Driver'],['None_Used'],1,1,Valid,1.0,0.0,47.0,47.0,['Male'],1,0,5,4,3,Dry,Curve,Level,Lowest,No
37523,55,Wisconsin,550540,0,1,1,0,1,NOT APPLICABLE,August,25,Friday,18,1,Rural,Low Speed (Local),No,43.21996944,-90.59480278,Non-Intersection,Daylight,Clear,Unknown,Unknown,Unknown EMS Scene Arrival Hour,Unknown EMS Scene Arrival Minutes,Not Applicable (Not Transported),Not Applicable (Not Transported),1,Daylight,Clear,1,0,['Driver'],['None_Used'],1,1,Invalid,0.0,0.0,36.0,36.0,['Male'],0,0,5,0,3,Dry,Straight,Level,Lowest,No
37524,55,Wisconsin,550541,0,1,1,0,1,NOT APPLICABLE,August,19,Saturday,18,23,Rural,Medium Speed (Collector),No,42.86722222,-88.542375,Non-Intersection,Daylight,Clear,Unknown,Unknown,Unknown EMS Scene Arrival Hour,Unknown EMS Scene Arrival Minutes,Unknown,Unknown EMS Hospital Arrival Time,1,Daylight,Clear,1,0,['Driver'],['None_Used'],1,1,Valid,0.0,0.0,29.0,29.0,['Male'],0,0,5,4,3,Dry,Curve,Level,Lowest,No
37525,55,Wisconsin,550542,0,1,1,0,1,RIB LAKE,August,12,Saturday,12,45,Urban,Low Speed (Local),No,45.31622222,-90.18931389,Non-Intersection,Daylight,Clear,Unknown,Unknown,Unknown EMS Scene Arrival Hour,Unknown EMS Scene Arrival Minutes,Unknown,Unknown EMS Hospital Arrival Time,1,Daylight,Clear,1,0,['Driver'],['None_Used'],0,0,Valid,0.0,0.0,48.0,48.0,['Male'],1,0,5,4,3,Dry,Curve,Level,Lowest,No
37526,55,Wisconsin,550543,0,1,1,0,1,NOT APPLICABLE,September,4,Monday,19,58,Rural,Low Speed (Local),No,45.15899167,-92.64875,Non-Intersection,Dusk,Clear,Unknown,Unknown,Unknown EMS Scene Arrival Hour,Unknown EMS Scene Arrival Minutes,Unknown,Unknown EMS Hospital Arrival Time,1,Twilight,Clear,1,0,['Driver'],['None_Used'],0,0,Invalid,0.0,0.0,54.0,54.0,['Male'],0,0,5,3,1,Dry,Straight,Grade/Hillcrest,Lowest,No
37527,55,Wisconsin,550545,0,1,1,0,1,NOT APPLICABLE,September,2,Saturday,16,53,Rural,Low Speed (Local),No,44.41456944,-90.18012222,Non-Intersection,Daylight,Clear,Unknown,Unknown,Unknown EMS Scene Arrival Hour,Unknown EMS Scene Arrival Minutes,Unknown,Unknown EMS Hospital Arrival Time,1,Daylight,Clear,1,0,['Driver'],['None_Used'],1,1,Invalid,1.0,0.0,71.0,71.0,['Male'],0,0,5,1,1,Dry,Straight,Level,Lowest,No
37528,55,Wisconsin,550546,0,1,1,0,1,NOT APPLICABLE,November,16,Thursday,12,12,Rural,Low Speed (Local),No,44.77890278,-90.61061944,Non-Intersection,Daylight,Clear,Unknown,Unknown,Unknown EMS Scene Arrival Hour,Unknown EMS Scene Arrival Minutes,Not Applicable (Not Transported),Not Applicable (Not Transported),1,Daylight,Clear,1,0,['Driver'],['Shoulder_Lapbelt'],0,0,Invalid,0.0,0.0,42.0,42.0,['Male'],0,0,5,2,3,Dry,Curve,Level,Medium,No
37529,55,Wisconsin,550547,0,1,1,0,2,NOT APPLICABLE,December,31,Sunday,1,32,Rural,Low Speed (Local),No,45.16854167,-89.73422778,Non-Intersection,Dark - Not Lighted,Cloudy,Unknown,Unknown,Unknown EMS Scene Arrival Hour,Unknown EMS Scene Arrival Minutes,Unknown,Unknown EMS Hospital Arrival Time,1,Dark - Unlighted,Reduced Visibility,1,1,['Driver'],['None_Used'],1,1,Valid,0.0,0.0,48.0,48.0,['Male'],2,0,5,4,3,Icy/Snowy,Straight,Level,Lowest,No
37530,55,Wisconsin,550548,0,1,1,0,1,NOT APPLICABLE,March,30,Thursday,19,35,Rural,Low Speed (Local),No,46.46018333,-91.86208611,Non-Intersection,Dark - Not Lighted,Snow,Unknown,Unknown,Unknown EMS Scene Arrival Hour,Unknown EMS Scene Arrival Minutes,Not Applicable (Not Transported),Not Applicable (Not Transported),1,Dark - Unlighted,Snow/Ice/Severe,1,0,['Driver'],['None_Used'],1,1,Valid,0.0,0.0,61.0,61.0,['Male'],1,0,5,2,3,Icy/Snowy,Straight,Level,Lowest,No
37531,55,Wisconsin,550549,0,1,1,0,1,NOT APPLICABLE,May,20,Saturday,20,4,Rural,Low Speed (Local),No,44.58757222,-89.52841389,Non-Intersection,Dark - Not Lighted,Clear,Unknown,Unknown,Unknown EMS Scene Arrival Hour,Unknown EMS Scene Arrival Minutes,Not Applicable (Not Transported),Not Applicable (Not Transported),1,Dark - Unlighted,Clear,1,0,['Driver'],['None_Used'],1,1,Valid,0.0,1.0,39.0,39.0,['Male'],1,0,5,3,3,Dry,Straight,Level,Lowest,No
37532,55,Wisconsin,550550,0,1,1,0,1,WAUKESHA,June,28,Wednesday,9,20,Urban,Low Speed (Local),No,42.97845278,-88.275375,Non-Intersection,Daylight,"Fog, Smog, Smoke",9:00am-9:59am,22,9:00am-9:59am,25,9:00am-9:59am,46,1,Daylight,Reduced Visibility,1,0,['Driver'],['None_Used'],0,0,Valid,1.0,0.0,72.0,72.0,['Male'],0,0,5,3,2,Dry,Curve,Level,Medium,No
37533,56,Wyoming,560001,0,2,2,0,3,NOT APPLICABLE,January,1,Sunday,12,9,Rural,Medium Speed (Collector),No,42.46261944,-108.85101944,Non-Intersection,Daylight,Snow,12:00pm-12:59pm,9,12:00pm-12:59pm,56,2:00pm-2:59pm,17,1,Daylight,Snow/Ice/Severe,1,2,['Driver'],['Shoulder_Lapbelt'],0,0,Valid,0.0,2.0,56.0,23.0,"['Male', 'Male']",0,0,3,4,5,Icy/Snowy,Straight,Level,Lowest,No
37534,56,Wyoming,560002,0,2,2,0,2,NOT APPLICABLE,January,11,Wednesday,16,51,Rural,High Speed (Arterial),Yes,42.86929722,-108.62066944,Non-Intersection,Daylight,Clear,Unknown,Unknown,Unknown EMS Scene Arrival Hour,Unknown EMS Scene Arrival Minutes,Unknown,Unknown EMS Hospital Arrival Time,1,Daylight,Clear,1,1,['Driver'],['Shoulder_Lapbelt'],0,0,Valid,0.0,0.0,65.0,50.0,"['Female', 'Male']",0,0,3,4,5,Icy/Snowy,Straight,Grade/Hillcrest,Lowest,No
37535,56,Wyoming,560003,0,2,2,0,2,NOT APPLICABLE,January,11,Wednesday,17,37,Rural,High Speed (Arterial),Yes,43.03950556,-107.031075,Non-Intersection,Dark - Not Lighted,Clear,5:00pm-5:59pm,40,6:00pm-6:59pm,40,7:00pm-7:59pm,55,1,Dark - Unlighted,Clear,1,1,['Driver'],['Shoulder_Lapbelt'],0,0,Valid,0.0,1.0,73.0,24.0,"['Male', 'Male']",1,0,4,4,5,Icy/Snowy,Curve,Level,Lowest,No
37536,56,Wyoming,560004,0,2,2,0,5,NOT APPLICABLE,January,17,Tuesday,14,5,Rural,High Speed (Arterial),Yes,43.37880833,-104.22253056,Simple Junction,Daylight,Clear,2:00pm-2:59pm,10,2:00pm-2:59pm,50,3:00pm-3:59pm,54,1,Daylight,Clear,1,4,['Driver'],['Shoulder_Lapbelt'],0,0,Valid,0.0,0.0,75.0,71.0,"['Male', 'Male']",0,0,3,4,5,Dry,Straight,Level,Lowest,No
37537,56,Wyoming,560005,0,1,1,0,3,NOT APPLICABLE,January,21,Saturday,17,6,Rural,High Speed (Arterial),Yes,41.89774167,-104.90245278,Non-Intersection,Dusk,Snow,5:00pm-5:59pm,6,5:00pm-5:59pm,37,6:00pm-6:59pm,21,1,Twilight,Snow/Ice/Severe,1,2,['Front_Passenger'],['None_Used'],0,0,Valid,0.0,0.0,15.0,15.0,['Male'],0,0,3,4,3,Icy/Snowy,Straight,Grade/Hillcrest,Lowest,No
37538,56,Wyoming,560006,0,1,1,0,2,NOT APPLICABLE,January,22,Sunday,2,15,Rural,High Speed (Arterial),Yes,41.32727778,-110.46065278,Non-Intersection,Dark - Not Lighted,Clear,5:00am-5:59am,40,5:00am-5:59am,59,Not Applicable (Not Transported),Not Applicable (Not Transported),2,Dark - Unlighted,Clear,2,0,"['Driver', 'Non_Standard_Risk']","['Shoulder_Lapbelt', 'None_Used']",0,0,Valid,0.0,1.0,39.0,39.0,['Male'],0,0,4,4,3,Dry,Straight,Level,Lowest,No
37539,56,Wyoming,560007,0,5,5,0,12,SINCLAIR,January,22,Sunday,18,56,Urban,High Speed (Arterial),Yes,41.7751,-107.11863056,Non-Intersection,Daylight,Clear,7:00pm-7:59pm,0,7:00pm-7:59pm,11,Unknown,Unknown EMS Hospital Arrival Time,5,Daylight,Clear,5,7,"['Driver', 'Front_Passenger', 'Front_Passenger', 'Rear_Seat', 'Front_Passenger']","['Shoulder_Lapbelt', 'Shoulder_Lapbelt', 'Shoulder_Lapbelt', 'Shoulder_Lapbelt', 'Shoulder_Lapbelt']",0,0,Invalid,0.0,1.0,57.0,21.0,"['Male', 'Male', 'Female', 'Female', 'Male']",0,0,4,4,5,Dry,Straight,Level,Lowest,No
37540,56,Wyoming,560008,0,4,4,0,4,GILLETTE,January,23,Monday,7,18,Urban,High Speed (Arterial),Yes,44.24016667,-105.46584444,Non-Intersection,Daylight,Cloudy,7:00am-7:59am,17,7:00am-7:59am,24,7:00am-7:59am,57,1,Daylight,Reduced Visibility,1,3,['Driver'],['None_Used'],0,0,Valid,0.0,2.0,60.0,24.0,"['Female', 'Female', 'Female', 'Female']",1,0,3,4,5,Icy/Snowy,Straight,Grade/Hillcrest,Lowest,No
37541,56,Wyoming,560009,0,2,2,0,3,NOT APPLICABLE,January,24,Tuesday,19,44,Rural,High Speed (Arterial),Yes,41.53629167,-109.36388889,Non-Intersection,Dark - Not Lighted,Clear,7:00pm-7:59pm,49,7:00pm-7:59pm,59,8:00pm-8:59pm,41,1,Dark - Unlighted,Clear,1,2,['Driver'],['None_Used'],0,0,Valid,0.0,1.0,62.0,54.0,"['Male', 'Female']",0,0,4,4,5,Icy/Snowy,Straight,Level,Lowest,No
37542,56,Wyoming,560010,1,2,1,1,1,NOT APPLICABLE,January,25,Wednesday,23,45,Rural,High Speed (Arterial),Yes,42.7508,-104.57793333,Non-Intersection,Dark - Not Lighted,Blowing Snow,11:00pm-11:59pm,42,11:00pm-11:59pm,59,0:00am-0:59am,16,1,Dark - Unlighted,Snow/Ice/Severe,0,1,[],[],0,0,Valid,0.0,2.0,29.0,29.0,['Male'],0,0,4,4,5,Icy/Snowy,Curve,Level,Lowest,No