,State_Code,State_Name,Crash_ID,Count_Non_Motorists,Count_Vehicles_Total,Count_Vehicle_Forms,Count_PVH_Involved,Count_Occupants_MV,City_Name,Month_Name,Day_of_Month,Day_of_Week,Crash_Hour,Crash_Minute,Area_Rural_Urban,Road_Functional_Class,On_NHS_Road,Latitude,Longitude,Intersection_Type,Light_Condition,Weather_Condition,Notif_Hour,Notif_Minute,Arrival_Hour,Arrival_Minute,Hospital_Hour,Hospital_Minute,Fatalities_Count,Clean_Light_Condition,Clean_Weather_Condition,Total_Killed,Total_Alive,Fatal_Seats_List,Killed_Restraint_List,Any_Driver_Drinking,Total_Drinking_Drivers,Driver_License_Category,Driver_Max_Prev_Accident_Count,Driver_Max_Prev_Speeding_Count,Max_Driver_Age,Min_Driver_Age,Driver_Sex_List,Total_Exceeding_Limit_Vehicles,Total_Too_Fast_Vehicles,Max_Vehicle_Type_Severity_5,Max_Vehicle_Damage_Rank,Max_Harmful_Event_Severity,Crash_Road_Surface_Condition,Crash_Horizontal_Alignment,Crash_Vertical_Profile,Crash_Impairment_Category,Crash_Vehicle_Defect
37543,56,Wyoming,560011,1,3,3,0,2,NOT APPLICABLE,January,28,Saturday,13,41,Rural,High Speed (Arterial),Yes,41.64083056,-106.29870556,Non-Intersection,Daylight,Blowing Snow,Unknown,Unknown,Unknown EMS Scene Arrival Hour,Unknown EMS Scene Arrival Minutes,Not Applicable (Not Transported),Not Applicable (Not Transported),1,Daylight,Snow/Ice/Severe,0,2,[],[],0,0,Valid,0.0,0.0,63.0,33.0,"['Male', 'Male']",0,0,4,4,5,Icy/Snowy,Straight,Grade/Hillcrest,Lowest,No
37544,56,Wyoming,560012,2,2,1,1,1,NOT APPLICABLE,February,4,Saturday,14,20,Rural,High Speed (Arterial),Yes,41.44811944,-105.96861111,Non-Intersection,Daylight,Severe Crosswinds,2:00pm-2:59pm,23,2:00pm-2:59pm,48,Unknown,Unknown EMS Hospital Arrival Time,1,Daylight,Rain/Wind/Minor,1,0,['Driver'],['Shoulder_Lapbelt'],0,0,Invalid,0.0,0.0,79.0,79.0,['Male'],1,0,3,4,1,Icy/Snowy,Straight,Level,Lowest,No
37545,56,Wyoming,560013,0,1,1,0,1,NOT APPLICABLE,February,4,Saturday,13,0,Rural,Low Speed (Local),No,41.26798056,-106.27463333,Non-Intersection,Daylight,Clear,1:00pm-1:59pm,29,1:00pm-1:59pm,50,Not Applicable (Not Transported),Not Applicable (Not Transported),1,Daylight,Clear,1,0,['Driver'],['None_Used'],0,0,Valid,0.0,1.0,47.0,47.0,['Male'],0,0,5,1,3,Icy/Snowy,Straight,Level,Lowest,No
37546,56,Wyoming,560014,0,2,2,0,2,ROCK SPRINGS,February,8,Wednesday,18,14,Urban,Medium Speed (Collector),No,41.56722222,-109.29,Non-Intersection,Dark - Not Lighted,Clear,6:00pm-6:59pm,11,6:00pm-6:59pm,13,6:00pm-6:59pm,38,1,Dark - Unlighted,Clear,1,1,['Driver'],['None_Used'],0,0,Valid,0.0,2.0,43.0,28.0,"['Male', 'Male']",0,0,3,4,5,Dry,Curve,Level,Lowest,No
37547,56,Wyoming,560015,0,1,1,0,2,NOT APPLICABLE,February,9,Thursday,15,45,Rural,High Speed (Arterial),Yes,41.68272222,-104.83230278,Non-Intersection,Daylight,Clear,3:00pm-3:59pm,45,4:00pm-4:59pm,8,Not Applicable (Not Transported),Not Applicable (Not Transported),2,Daylight,Clear,2,0,"['Driver', 'Front_Passenger']","['Shoulder_Lapbelt', 'Shoulder_Lapbelt']",0,0,Valid,0.0,0.0,44.0,44.0,['Male'],0,0,3,4,3,Dry,Straight,Grade/Hillcrest,Lowest,No
37548,56,Wyoming,560016,0,2,2,0,3,NOT APPLICABLE,February,19,Sunday,8,59,Rural,Medium Speed (Collector),No,44.70477778,-106.97528889,Complex/Circle,Daylight,Clear,9:00am-9:59am,1,9:00am-9:59am,11,Unknown,Unknown EMS Hospital Arrival Time,1,Daylight,Clear,1,2,['Front_Passenger'],['None_Used'],0,0,Valid,0.0,0.0,81.0,31.0,"['Female', 'Male']",0,0,4,4,5,Icy/Snowy,Straight,Level,Lowest,No
37549,56,Wyoming,560017,0,1,1,0,2,NOT APPLICABLE,February,20,Monday,17,49,Rural,High Speed (Arterial),Yes,42.56109722,-105.04848611,Non-Intersection,Dark - Not Lighted,Clear,5:00pm-5:59pm,49,6:00pm-6:59pm,7,6:00pm-6:59pm,55,1,Dark - Unlighted,Clear,1,1,['Driver'],['None_Used'],0,0,Valid,1.0,0.0,49.0,49.0,['Male'],2,0,2,4,3,Dry,Curve,Level,Lowest,No
37550,56,Wyoming,560018,0,2,2,0,2,Other,February,21,Tuesday,16,10,Urban,Low Speed (Local),No,42.97874444,-110.96020278,Complex/Circle,Daylight,Snow,Unknown,Unknown,Unknown EMS Scene Arrival Hour,Unknown EMS Scene Arrival Minutes,Unknown,Unknown EMS Hospital Arrival Time,1,Daylight,Snow/Ice/Severe,1,1,['Driver'],['None_Used'],0,0,Valid,0.0,0.0,56.0,50.0,"['Male', 'Male']",1,0,5,4,5,Icy/Snowy,Straight,Level,Lowest,No
37551,56,Wyoming,560019,0,2,2,0,3,NOT APPLICABLE,February,24,Friday,12,45,Urban,High Speed (Arterial),Yes,44.67404722,-108.93258611,Non-Intersection,Daylight,Clear,12:00pm-12:59pm,53,1:00pm-1:59pm,1,Not Applicable (Not Transported),Not Applicable (Not Transported),2,Daylight,Clear,2,1,"['Driver', 'Front_Passenger']","['None_Used', 'None_Used']",0,0,Valid,0.0,0.0,41.0,22.0,"['Male', 'Female']",2,0,4,4,5,Icy/Snowy,Straight,Level,Lowest,No
37552,56,Wyoming,560020,0,2,2,0,3,NOT APPLICABLE,February,26,Sunday,12,20,Rural,High Speed (Arterial),Yes,42.98561389,-106.70048611,Non-Intersection,Daylight,Clear,12:00pm-12:59pm,26,12:00pm-12:59pm,52,1:00pm-1:59pm,29,1,Daylight,Clear,1,2,['Front_Passenger'],['Shoulder_Lapbelt'],0,0,Valid,0.0,2.0,53.0,28.0,"['Female', 'Male']",2,0,3,4,5,Icy/Snowy,Straight,Level,Lowest,Yes
37553,56,Wyoming,560021,0,2,2,0,2,NOT APPLICABLE,February,28,Tuesday,11,40,Rural,Medium Speed (Collector),No,42.48119444,-108.84121111,Non-Intersection,Daylight,Snow,11:00am-11:59am,40,12:00pm-12:59pm,19,1:00pm-1:59pm,30,1,Daylight,Snow/Ice/Severe,1,1,['Driver'],['Shoulder_Lapbelt'],0,0,Valid,1.0,1.0,53.0,29.0,"['Male', 'Male']",1,0,4,4,5,Icy/Snowy,Curve,Level,Lowest,No
37554,56,Wyoming,560022,0,2,2,0,3,NOT APPLICABLE,February,28,Tuesday,16,3,Rural,High Speed (Arterial),Yes,43.30426111,-104.05443056,Non-Intersection,Daylight,Clear,4:00pm-4:59pm,3,4:00pm-4:59pm,20,Unknown,Unknown EMS Hospital Arrival Time,1,Daylight,Clear,1,2,['Driver'],['Shoulder_Lapbelt'],0,0,Valid,0.0,0.0,82.0,54.0,"['Male', 'Male']",0,0,3,4,5,Dry,Straight,Level,Lowest,No
37555,56,Wyoming,560023,0,2,2,0,4,NOT APPLICABLE,March,3,Friday,18,59,Rural,High Speed (Arterial),Yes,43.84027222,-105.46526667,Non-Intersection,Dark - Not Lighted,Snow,Unknown,Unknown,Unknown EMS Scene Arrival Hour,Unknown EMS Scene Arrival Minutes,Unknown,Unknown EMS Hospital Arrival Time,1,Dark - Unlighted,Snow/Ice/Severe,1,3,['Driver'],['None_Used'],0,0,Valid,0.0,0.0,42.0,33.0,"['Female', 'Female']",3,0,3,4,5,Icy/Snowy,Straight,Grade/Hillcrest,Lowest,No
37556,56,Wyoming,560024,0,2,2,0,3,KEMMERER,March,17,Friday,14,50,Urban,High Speed (Arterial),Yes,41.77191111,-110.55255833,Complex/Circle,Daylight,Clear,2:00pm-2:59pm,54,3:00pm-3:59pm,6,3:00pm-3:59pm,20,1,Daylight,Clear,1,2,['Driver'],['Shoulder_Lapbelt'],0,0,Valid,0.0,1.0,77.0,37.0,"['Male', 'Male']",3,0,3,4,5,Dry,Straight,Level,Lowest,No
37557,56,Wyoming,560025,0,1,1,0,1,CHEYENNE,March,29,Wednesday,5,23,Urban,Medium Speed (Collector),No,41.14538611,-104.73224167,Non-Intersection,Dark - Not Lighted,Clear,Unknown,Unknown,Unknown EMS Scene Arrival Hour,Unknown EMS Scene Arrival Minutes,Not Applicable (Not Transported),Not Applicable (Not Transported),1,Dark - Unlighted,Clear,1,0,['Driver'],['None_Used'],0,0,Valid,0.0,0.0,17.0,17.0,['Male'],1,0,2,4,3,Dry,Curve,Level,Lowest,No
37558,56,Wyoming,560026,1,1,1,0,1,NOT APPLICABLE,March,31,Friday,3,3,Rural,High Speed (Arterial),Yes,41.56040833,-109.56603889,Non-Intersection,Dark - Not Lighted,Clear,Unknown,Unknown,Unknown EMS Scene Arrival Hour,Unknown EMS Scene Arrival Minutes,Not Applicable (Not Transported),Not Applicable (Not Transported),1,Dark - Unlighted,Clear,0,1,[],[],0,0,Valid,0.0,0.0,67.0,67.0,['Male'],0,0,4,3,4,Dry,Straight,Grade/Hillcrest,Lowest,No
37559,56,Wyoming,560027,2,3,1,2,1,NOT APPLICABLE,April,3,Monday,3,10,Rural,High Speed (Arterial),Yes,41.71471389,-107.78938889,Non-Intersection,Dark - Not Lighted,Clear,3:00am-3:59am,11,3:00am-3:59am,27,Unknown,Unknown EMS Hospital Arrival Time,2,Dark - Unlighted,Clear,1,0,['Driver'],['None_Used'],0,0,Valid,0.0,0.0,41.0,41.0,['Male'],1,0,4,4,3,Icy/Snowy,Straight,Grade/Hillcrest,Lowest,No
37560,56,Wyoming,560028,0,3,3,0,5,NOT APPLICABLE,April,11,Tuesday,14,50,Rural,High Speed (Arterial),Yes,42.21316667,-111.04262778,Simple Junction,Daylight,Clear,2:00pm-2:59pm,56,3:00pm-3:59pm,14,4:00pm-4:59pm,48,1,Daylight,Clear,1,4,['Rear_Seat'],['None_Used'],0,0,Valid,0.0,0.0,62.0,26.0,"['Male', 'Male', 'Male']",0,0,4,4,5,Dry,Straight,Grade/Hillcrest,Lowest,No
37561,56,Wyoming,560029,0,1,1,0,4,NOT APPLICABLE,April,15,Saturday,13,46,Rural,Medium Speed (Collector),No,41.20391667,-106.66011944,Non-Intersection,Daylight,Clear,1:00pm-1:59pm,47,2:00pm-2:59pm,20,4:00pm-4:59pm,31,1,Daylight,Clear,1,3,['Front_Passenger'],['None_Used'],0,0,Invalid,0.0,0.0,33.0,33.0,['Male'],4,0,3,4,3,Dry,Curve,Grade/Hillcrest,Lowest,No
37562,56,Wyoming,560030,1,1,1,0,1,NOT APPLICABLE,April,18,Tuesday,0,2,Rural,Medium Speed (Collector),No,43.00540278,-108.83903056,Non-Intersection,Dark - Not Lighted,Clear,Not Applicable (Not Notified),Not Applicable (Not Notified),Not Applicable,Not Applicable,Not Applicable (Not Transported),Not Applicable (Not Transported),1,Dark - Unlighted,Clear,0,1,[],[],0,0,Invalid,0.0,0.0,21.0,21.0,['Male'],0,0,2,3,4,Dry,Straight,Level,Lowest,No
37563,56,Wyoming,560031,1,1,1,0,1,CHEYENNE,April,18,Tuesday,20,41,Urban,High Speed (Arterial),Yes,41.11645833,-104.82900278,Non-Intersection,Dark - Not Lighted,Clear,Unknown,Unknown if Notified,Unknown EMS Scene Arrival Hour,Unknown if Arrived,Not Applicable (Not Transported),Not Applicable (Not Transported),1,Dark - Unlighted,Clear,0,0,[],[],0,0,Invalid,0.0,0.0,999.0,999.0,['Other'],0,0,1,0,4,Dry,Straight,Level,Lowest,No
37564,56,Wyoming,560032,0,1,1,0,1,NOT APPLICABLE,April,19,Wednesday,0,0,Rural,High Speed (Arterial),Yes,41.59054167,-106.18405,Non-Intersection,Dark - Not Lighted,Snow,0:00am-0:59am,5,0:00am-0:59am,45,Not Applicable (Not Transported),Not Applicable (Not Transported),1,Dark - Unlighted,Snow/Ice/Severe,1,0,['Driver'],['None_Used'],0,0,Valid,0.0,0.0,67.0,67.0,['Male'],1,0,3,4,3,Icy/Snowy,Straight,Grade/Hillcrest,Lowest,No
37565,56,Wyoming,560033,0,1,1,0,1,NOT APPLICABLE,April,19,Wednesday,18,58,Rural,High Speed (Arterial),Yes,44.2863,-105.13057778,Non-Intersection,Daylight,Clear,6:00pm-6:59pm,58,7:00pm-7:59pm,16,7:00pm-7:59pm,31,1,Daylight,Clear,1,0,['Driver'],['None_Used'],1,1,Valid,0.0,0.0,37.0,37.0,['Male'],0,0,2,4,3,Dry,Curve,Level,Lowest,No
37566,56,Wyoming,560034,0,2,2,0,2,WHEATLAND,April,28,Friday,13,23,Urban,High Speed (Arterial),Yes,42.06060278,-104.96543611,Non-Intersection,Daylight,Clear,1:00pm-1:59pm,24,1:00pm-1:59pm,42,1:00pm-1:59pm,55,1,Daylight,Clear,1,1,['Driver'],['Shoulder_Lapbelt'],0,0,Valid,0.0,0.0,74.0,39.0,"['Male', 'Male']",0,0,4,4,5,Dry,Straight,Level,Lowest,Yes
37567,56,Wyoming,560035,0,2,2,0,3,NOT APPLICABLE,May,1,Monday,8,45,Rural,Medium Speed (Collector),No,42.85461944,-106.14963611,Non-Intersection,Daylight,Clear,8:00am-8:59am,49,8:00am-8:59am,59,9:00am-9:59am,17,3,Daylight,Clear,3,0,"['Driver', 'Front_Passenger', 'Driver']","['None_Used', 'Shoulder_Lapbelt', 'None_Used']",0,0,Valid,0.0,1.0,34.0,28.0,"['Male', 'Male']",0,0,3,4,5,Dry,Straight,Level,Lowest,No
37568,56,Wyoming,560036,0,2,2,0,7,NOT APPLICABLE,May,13,Saturday,21,24,Rural,High Speed (Arterial),Yes,43.09739167,-111.02309722,Non-Intersection,Dark - Not Lighted,Clear,9:00pm-9:59pm,20,9:00pm-9:59pm,29,10:00pm-10:59pm,13,1,Dark - Unlighted,Clear,1,6,['Driver'],['None_Used'],1,1,Valid,0.0,0.0,47.0,31.0,"['Male', 'Female']",1,0,3,4,5,Dry,Straight,Level,Lowest,No
37569,56,Wyoming,560037,0,2,2,0,3,NOT APPLICABLE,May,17,Wednesday,16,4,Rural,High Speed (Arterial),Yes,42.7295,-104.438475,Non-Intersection,Daylight,Clear,4:00pm-4:59pm,4,4:00pm-4:59pm,15,4:00pm-4:59pm,30,2,Daylight,Clear,2,1,"['Front_Passenger', 'Driver']","['Shoulder_Lapbelt', 'Shoulder_Lapbelt']",0,0,Valid,0.0,0.0,85.0,83.0,"['Male', 'Male']",0,0,3,4,5,Dry,Curve,Level,Medium,No
37570,56,Wyoming,560038,0,1,1,0,1,NOT APPLICABLE,May,5,Friday,20,47,Rural,Low Speed (Local),No,44.50121389,-107.97737778,Non-Intersection,Dusk,Clear,8:00pm-8:59pm,32,8:00pm-8:59pm,42,9:00pm-9:59pm,35,1,Twilight,Clear,1,0,['Driver'],['None_Used'],1,1,Valid,0.0,0.0,78.0,78.0,['Male'],0,0,2,4,3,Dry,Straight,Level,Medium,No
37571,56,Wyoming,560039,0,2,2,0,3,NOT APPLICABLE,May,17,Wednesday,9,20,Rural,High Speed (Arterial),Yes,41.589575,-106.18302222,Non-Intersection,Daylight,Clear,Unknown,Unknown if Notified,Unknown EMS Scene Arrival Hour,Unknown if Arrived,Not Applicable (Not Transported),Not Applicable (Not Transported),1,Daylight,Clear,1,2,['Driver'],['None_Used'],0,0,Valid,0.0,0.0,75.0,38.0,"['Male', 'Male']",0,0,4,4,5,Dry,Straight,Grade/Hillcrest,Lowest,No
37572,56,Wyoming,560040,0,1,1,0,1,ROCK SPRINGS,May,21,Sunday,16,44,Urban,Medium Speed (Collector),No,41.56987778,-109.27538056,Non-Intersection,Daylight,Clear,4:00pm-4:59pm,46,4:00pm-4:59pm,52,5:00pm-5:59pm,33,1,Daylight,Clear,1,0,['Driver'],['None_Used'],0,0,Valid,0.0,0.0,71.0,71.0,['Male'],0,0,5,4,2,Dry,Curve,Level,Lowest,No
37573,56,Wyoming,560041,0,1,1,0,4,CASPER,May,23,Tuesday,1,25,Urban,Medium Speed (Collector),No,42.84870556,-106.32254444,Non-Intersection,Dark - Lighted,Clear,1:00am-1:59am,26,1:00am-1:59am,27,1:00am-1:59am,42,1,Dark - Lighted,Clear,1,3,['Rear_Seat'],['None_Used'],1,1,Invalid,0.0,0.0,18.0,18.0,['Male'],4,0,2,4,3,Dry,Straight,Level,Lowest,Yes
37574,56,Wyoming,560042,0,3,3,0,6,NOT APPLICABLE,May,24,Wednesday,21,30,Rural,Medium Speed (Collector),No,42.73275,-110.99755,Non-Intersection,Dark - Not Lighted,Clear,9:00pm-9:59pm,45,9:00pm-9:59pm,50,11:00pm-11:59pm,24,3,Dark - Unlighted,Clear,3,3,"['Driver', 'Driver', 'Rear_Seat']","['None_Used', 'Shoulder_Lapbelt', 'None_Used']",1,1,Invalid,0.0,1.0,40.0,28.0,"['Female', 'Male', 'Female']",1,0,3,4,5,Dry,Straight,Level,Lowest,No
37575,56,Wyoming,560043,0,2,2,0,2,GREEN RIVER,May,27,Saturday,11,25,Urban,High Speed (Arterial),Yes,41.5269,-109.46349722,Non-Intersection,Daylight,Clear,11:00am-11:59am,27,11:00am-11:59am,35,12:00pm-12:59pm,4,1,Daylight,Clear,1,1,['Driver'],['None_Used'],0,0,Valid,0.0,0.0,65.0,44.0,"['Male', 'Male']",1,0,3,4,5,Dry,Straight,Level,Lowest,No
37576,56,Wyoming,560044,0,1,1,0,1,CASPER,May,27,Saturday,22,30,Urban,High Speed (Arterial),Yes,42.84826944,-106.33620278,Non-Intersection,Dark - Not Lighted,Clear,Unknown,Unknown,Unknown EMS Scene Arrival Hour,Unknown EMS Scene Arrival Minutes,Not Applicable (Not Transported),Not Applicable (Not Transported),1,Dark - Unlighted,Clear,1,0,['Driver'],['None_Used'],1,1,Invalid,1.0,3.0,23.0,23.0,['Male'],1,0,5,4,2,Dry,Curve,Level,Lowest,No
37577,56,Wyoming,560045,0,1,1,0,1,NOT APPLICABLE,June,1,Thursday,21,47,Urban,High Speed (Arterial),Yes,44.51863611,-106.80096389,Non-Intersection,Dark - Not Lighted,Rain,Unknown,Unknown if Notified,Unknown EMS Scene Arrival Hour,Unknown if Arrived,Not Applicable (Not Transported),Not Applicable (Not Transported),1,Dark - Unlighted,Rain/Wind/Minor,1,0,['Driver'],['Shoulder_Lapbelt'],1,1,Valid,0.0,0.0,40.0,40.0,['Female'],1,0,3,4,3,Wet/Standing Water,Curve,Grade/Hillcrest,Lowest,No
37578,56,Wyoming,560046,0,1,1,0,5,RIVERTON,June,14,Wednesday,5,9,Urban,Low Speed (Local),No,43.05221111,-108.46304444,Non-Intersection,Dawn,Clear,5:00am-5:59am,15,5:00am-5:59am,24,Unknown,Unknown EMS Hospital Arrival Time,1,Twilight,Clear,1,2,['Front_Passenger'],['None_Used'],1,1,Invalid,0.0,0.0,15.0,15.0,['Female'],5,0,2,4,3,Dry,Curve,Level,Lowest,No
37579,56,Wyoming,560047,0,1,1,0,2,NOT APPLICABLE,June,17,Saturday,14,30,Rural,Low Speed (Local),No,41.05548333,-106.29183333,Non-Intersection,Daylight,Clear,3:00pm-3:59pm,17,3:00pm-3:59pm,46,Unknown,Unknown EMS Hospital Arrival Time,1,Daylight,Clear,1,1,['Front_Passenger'],['None_Used'],1,1,Valid,0.0,0.0,30.0,30.0,['Male'],2,0,5,2,3,Dry,Curve,Grade/Hillcrest,Lowest,No
37580,56,Wyoming,560048,0,1,1,0,2,Other,June,17,Saturday,23,17,Urban,Low Speed (Local),No,44.34497222,-104.81998611,Non-Intersection,Dark - Not Lighted,Clear,11:00pm-11:59pm,21,11:00pm-11:59pm,31,Not Applicable (Not Transported),Not Applicable (Not Transported),1,Dark - Unlighted,Clear,1,1,['Driver'],['None_Used'],1,1,Valid,0.0,1.0,24.0,24.0,['Male'],2,0,5,4,3,Dry,Curve,Grade/Hillcrest,Lowest,No
37581,56,Wyoming,560049,0,1,1,0,1,NOT APPLICABLE,June,19,Monday,19,50,Rural,Medium Speed (Collector),No,41.92825,-104.20769722,Non-Intersection,Daylight,Clear,7:00pm-7:59pm,58,8:00pm-8:59pm,15,Not Applicable (Not Transported),Not Applicable (Not Transported),1,Daylight,Clear,1,0,['Driver'],['None_Used'],1,1,Valid,0.0,0.0,67.0,67.0,['Male'],1,0,5,4,3,Dry,Curve,Level,Lowest,No
37582,56,Wyoming,560050,0,3,3,0,3,NOT APPLICABLE,June,23,Friday,9,34,Rural,High Speed (Arterial),Yes,43.37236667,-108.12522222,Non-Intersection,Daylight,Clear,Unknown,Unknown,Unknown EMS Scene Arrival Hour,Unknown EMS Scene Arrival Minutes,Not Applicable (Not Transported),Not Applicable (Not Transported),2,Daylight,Clear,2,1,"['Driver', 'Driver']","['Shoulder_Lapbelt', 'Shoulder_Lapbelt']",1,1,Valid,0.0,1.0,74.0,46.0,"['Male', 'Female', 'Male']",0,0,3,4,5,Dry,Straight,Level,Lowest,No
37583,56,Wyoming,560051,0,1,1,0,1,CHEYENNE,June,24,Saturday,18,27,Urban,Medium Speed (Collector),No,41.06448333,-104.87848611,Non-Intersection,Daylight,Clear,6:00pm-6:59pm,27,6:00pm-6:59pm,31,6:00pm-6:59pm,40,1,Daylight,Clear,1,0,['Driver'],['None_Used'],0,0,Valid,0.0,1.0,58.0,58.0,['Male'],0,0,5,4,2,Dry,Curve,Level,Medium,No
37584,56,Wyoming,560052,0,1,1,0,1,CASPER,June,25,Sunday,22,50,Urban,High Speed (Arterial),Yes,42.86950278,-106.345625,Non-Intersection,Dark - Lighted,Clear,Unknown,Unknown,Unknown EMS Scene Arrival Hour,Unknown EMS Scene Arrival Minutes,Not Applicable (Not Transported),Not Applicable (Not Transported),1,Dark - Lighted,Clear,1,0,['Driver'],['None_Used'],1,1,Valid,0.0,2.0,20.0,20.0,['Male'],1,0,3,4,3,Dry,Curve,Grade/Hillcrest,Lowest,No
37585,56,Wyoming,560053,0,1,1,0,1,NOT APPLICABLE,July,2,Sunday,10,34,Rural,High Speed (Arterial),Yes,44.29341111,-105.17406944,Non-Intersection,Daylight,Clear,10:00am-10:59am,34,10:00am-10:59am,49,11:00am-11:59am,17,1,Daylight,Clear,1,0,['Driver'],['None_Used'],0,0,Valid,0.0,0.0,18.0,18.0,['Male'],0,0,3,4,3,Dry,Straight,Level,Lowest,No
37586,56,Wyoming,560054,0,2,2,0,4,NOT APPLICABLE,July,5,Wednesday,12,17,Rural,High Speed (Arterial),Yes,42.87593333,-110.98365,Non-Intersection,Daylight,Clear,12:00pm-12:59pm,18,12:00pm-12:59pm,31,1:00pm-1:59pm,4,1,Daylight,Clear,1,3,['Driver'],['Shoulder_Lapbelt'],0,0,Valid,2.0,0.0,65.0,48.0,"['Female', 'Male']",0,0,3,4,5,Dry,Curve,Level,Lowest,No
37587,56,Wyoming,560055,0,2,2,0,2,NOT APPLICABLE,July,9,Sunday,7,20,Rural,High Speed (Arterial),Yes,43.67532778,-105.46940556,Non-Intersection,Daylight,Clear,7:00am-7:59am,26,7:00am-7:59am,38,9:00am-9:59am,23,1,Daylight,Clear,1,1,['Driver'],['Shoulder_Lapbelt'],0,0,Valid,0.0,1.0,60.0,25.0,"['Male', 'Male']",0,0,4,4,5,Dry,Straight,Grade/Hillcrest,Medium,No
37588,56,Wyoming,560056,1,1,1,0,1,ROCK SPRINGS,July,12,Wednesday,15,28,Urban,High Speed (Arterial),Yes,41.60993611,-109.22292778,Non-Intersection,Daylight,Clear,Unknown,Unknown,Unknown EMS Scene Arrival Hour,Unknown EMS Scene Arrival Minutes,Not Applicable (Not Transported),Not Applicable (Not Transported),1,Daylight,Clear,0,1,[],[],0,0,Valid,0.0,0.0,50.0,50.0,['Male'],0,0,4,3,4,Dry,Curve,Grade/Hillcrest,Medium,No
37589,56,Wyoming,560057,0,2,2,0,3,NOT APPLICABLE,July,13,Thursday,1,52,Rural,High Speed (Arterial),Yes,41.52878611,-109.40198889,Non-Intersection,Dark - Not Lighted,Clear,2:00am-2:59am,4,2:00am-2:59am,12,2:00am-2:59am,45,1,Dark - Unlighted,Clear,1,2,['Driver'],['Shoulder_Lapbelt'],0,0,Valid,0.0,1.0,35.0,34.0,"['Male', 'Male']",0,0,4,4,5,Dry,Straight,Level,Medium,No
37590,56,Wyoming,560058,0,1,1,0,2,NOT APPLICABLE,July,17,Monday,12,0,Rural,Low Speed (Local),No,41.425475,-108.43939444,Non-Intersection,Daylight,Clear,12:00pm-12:59pm,14,1:00pm-1:59pm,20,Not Applicable (Not Transported),Not Applicable (Not Transported),1,Daylight,Clear,1,1,['Driver'],['Shoulder_Lapbelt'],0,0,Valid,0.0,0.0,23.0,23.0,['Male'],2,0,4,4,3,Dry,Curve,Level,Lowest,No
37591,56,Wyoming,560059,0,1,1,0,3,NOT APPLICABLE,July,21,Friday,13,44,Rural,High Speed (Arterial),Yes,44.29315556,-105.17468333,Non-Intersection,Daylight,Clear,1:00pm-1:59pm,45,2:00pm-2:59pm,1,2:00pm-2:59pm,47,1,Daylight,Clear,1,2,['Rear_Seat'],['None_Used'],0,0,Invalid,0.0,0.0,47.0,47.0,['Male'],0,0,2,4,2,Dry,Straight,Level,Medium,No
37592,56,Wyoming,560060,0,2,2,0,2,NOT APPLICABLE,July,21,Friday,11,0,Rural,High Speed (Arterial),Yes,43.40492222,-110.758875,Non-Intersection,Daylight,Clear,11:00am-11:59am,14,11:00am-11:59am,15,Unknown,Unknown EMS Hospital Arrival Time,1,Daylight,Clear,1,1,['Driver'],['Shoulder_Lapbelt'],0,0,Valid,0.0,0.0,36.0,29.0,"['Male', 'Male']",0,0,3,4,5,Dry,Straight,Grade/Hillcrest,Lowest,No
37593,56,Wyoming,560061,0,1,1,0,1,WRIGHT,July,21,Friday,19,49,Urban,Low Speed (Local),No,43.75501389,-105.48629722,Simple Junction,Daylight,Clear,7:00pm-7:59pm,49,7:00pm-7:59pm,55,Not Applicable (Not Transported),Not Applicable (Not Transported),1,Daylight,Clear,1,0,['Driver'],['None_Used'],0,0,Valid,0.0,0.0,54.0,54.0,['Male'],1,0,5,3,3,Dry,Curve,Level,Lowest,No
37594,56,Wyoming,560062,0,2,2,0,3,NOT APPLICABLE,July,24,Monday,1,12,Rural,High Speed (Arterial),Yes,41.472075,-106.00090556,Non-Intersection,Dark - Not Lighted,Clear,1:00am-1:59am,14,1:00am-1:59am,39,2:00am-2:59am,43,1,Dark - Unlighted,Clear,1,2,['Driver'],['None_Used'],1,1,Invalid,0.0,2.0,53.0,24.0,"['Male', 'Female']",1,0,4,4,5,Dry,Straight,Level,Lowest,No
37595,56,Wyoming,560063,0,1,1,0,1,NOT APPLICABLE,July,24,Monday,5,0,Rural,High Speed (Arterial),Yes,42.69630556,-105.10060833,Non-Intersection,Dark - Not Lighted,Clear,5:00am-5:59am,28,5:00am-5:59am,48,Not Applicable (Not Transported),Not Applicable (Not Transported),1,Dark - Unlighted,Clear,1,0,['Driver'],['Shoulder_Lapbelt'],0,0,Valid,0.0,1.0,22.0,22.0,['Male'],0,0,3,4,3,Dry,Curve,Level,Lowest,No
37596,56,Wyoming,560064,0,2,2,0,7,RIVERTON,July,28,Friday,12,13,Urban,High Speed (Arterial),Yes,43.05588056,-108.38076944,Complex/Circle,Daylight,Clear,12:00pm-12:59pm,13,12:00pm-12:59pm,20,Unknown,Unknown EMS Hospital Arrival Time,1,Daylight,Clear,1,6,['Driver'],['None_Used'],0,0,Valid,0.0,1.0,82.0,56.0,"['Male', 'Female']",0,0,3,4,3,Dry,Straight,Level,Lowest,No
37597,56,Wyoming,560065,0,1,1,0,1,NOT APPLICABLE,July,29,Saturday,11,10,Rural,Medium Speed (Collector),No,41.77840278,-110.33182778,Non-Intersection,Daylight,Clear,11:00am-11:59am,12,11:00am-11:59am,40,Not Applicable (Not Transported),Not Applicable (Not Transported),1,Daylight,Clear,1,0,['Driver'],['None_Used'],1,1,Valid,0.0,1.0,39.0,39.0,['Male'],1,0,3,4,3,Dry,Curve,Grade/Hillcrest,Lowest,No
37598,56,Wyoming,560066,0,1,1,0,2,NOT APPLICABLE,July,29,Saturday,15,40,Rural,High Speed (Arterial),Yes,41.64840556,-108.14307778,Non-Intersection,Daylight,Clear,3:00pm-3:59pm,41,3:00pm-3:59pm,57,Unknown,Unknown EMS Hospital Arrival Time,1,Daylight,Clear,1,0,['Driver'],['None_Used'],0,0,Valid,1.0,0.0,33.0,33.0,['Male'],2,0,3,4,3,Dry,Straight,Level,Lowest,No
37599,56,Wyoming,560067,0,1,1,0,2,NOT APPLICABLE,July,31,Monday,12,20,Rural,High Speed (Arterial),Yes,41.69223056,-108.89648056,Non-Intersection,Daylight,Clear,12:00pm-12:59pm,22,12:00pm-12:59pm,40,Unknown,Unknown EMS Hospital Arrival Time,1,Daylight,Clear,1,1,['Front_Passenger'],['Shoulder_Lapbelt'],0,0,Valid,0.0,0.0,72.0,72.0,['Female'],0,0,3,4,3,Dry,Curve,Level,Lowest,No