,State_Code,State_Name,Crash_ID,Count_Non_Motorists,Count_Vehicles_Total,Count_Vehicle_Forms,Count_PVH_Involved,Count_Occupants_MV,City_Name,Month_Name,Day_of_Month,Day_of_Week,Crash_Hour,Crash_Minute,Area_Rural_Urban,Road_Functional_Class,On_NHS_Road,Latitude,Longitude,Intersection_Type,Light_Condition,Weather_Condition,Notif_Hour,Notif_Minute,Arrival_Hour,Arrival_Minute,Hospital_Hour,Hospital_Minute,Fatalities_Count,Clean_Light_Condition,Clean_Weather_Condition,Total_Killed,Total_Alive,Fatal_Seats_List,Killed_Restraint_List,Any_Driver_Drinking,Total_Drinking_Drivers,Driver_License_Category,Driver_Max_Prev_Accident_Count,Driver_Max_Prev_Speeding_Count,Max_Driver_Age,Min_Driver_Age,Driver_Sex_List,Total_Exceeding_Limit_Vehicles,Total_Too_Fast_Vehicles,Max_Vehicle_Type_Severity_5,Max_Vehicle_Damage_Rank,Max_Harmful_Event_Severity,Crash_Road_Surface_Condition,Crash_Horizontal_Alignment,Crash_Vertical_Profile,Crash_Impairment_Category,Crash_Vehicle_Defect
37600,56,Wyoming,560068,0,2,2,0,4,NOT APPLICABLE,July,31,Monday,12,33,Rural,High Speed (Arterial),Yes,44.43306667,-104.835,Non-Intersection,Daylight,Clear,12:00pm-12:59pm,41,1:00pm-1:59pm,0,Not Applicable (Not Transported),Not Applicable (Not Transported),2,Daylight,Clear,2,2,"['Driver', 'Rear_Seat']","['None_Used', 'None_Used']",0,0,Valid,0.0,0.0,84.0,69.0,"['Male', 'Male']",0,0,5,4,5,Dry,Straight,Non-Trafficway,Lowest,No
37601,56,Wyoming,560069,0,1,1,0,2,NOT APPLICABLE,August,5,Saturday,7,39,Rural,Medium Speed (Collector),No,41.23963056,-109.19853611,Non-Intersection,Daylight,Clear,7:00am-7:59am,35,8:00am-8:59am,30,Unknown,Unknown EMS Hospital Arrival Time,1,Daylight,Clear,1,1,['Driver'],['None_Used'],0,0,Valid,0.0,0.0,75.0,75.0,['Male'],0,0,3,4,3,Dry,Straight,Level,Lowest,No
37602,56,Wyoming,560070,1,1,1,0,4,GILLETTE,August,5,Saturday,14,23,Urban,High Speed (Arterial),Yes,44.28011111,-105.47752778,Non-Intersection,Daylight,Rain,2:00pm-2:59pm,25,2:00pm-2:59pm,29,2:00pm-2:59pm,42,1,Daylight,Rain/Wind/Minor,0,4,[],[],0,0,Valid,0.0,4.0,53.0,53.0,['Male'],0,0,1,2,4,Wet/Standing Water,Curve,Level,Lowest,No
37603,56,Wyoming,560071,0,1,1,0,1,NOT APPLICABLE,August,7,Monday,10,5,Rural,High Speed (Arterial),Yes,42.47783056,-105.02911389,Non-Intersection,Daylight,Clear,10:00am-10:59am,8,10:00am-10:59am,18,Not Applicable (Not Transported),Not Applicable (Not Transported),1,Daylight,Clear,1,0,['Driver'],['Shoulder_Lapbelt'],0,0,Valid,1.0,1.0,62.0,62.0,['Male'],1,0,3,4,3,Dry,Curve,Grade/Hillcrest,Lowest,No
37604,56,Wyoming,560072,0,2,2,0,4,NOT APPLICABLE,August,11,Friday,17,36,Rural,High Speed (Arterial),Yes,41.96366389,-104.24055556,Non-Intersection,Daylight,Clear,5:00pm-5:59pm,37,5:00pm-5:59pm,59,6:00pm-6:59pm,8,2,Daylight,Clear,2,2,"['Driver', 'Rear_Seat']","['None_Used', 'None_Used']",1,1,Invalid,0.0,0.0,74.0,25.0,"['Male', 'Male']",2,0,5,4,5,Dry,Straight,Level,Lowest,No
37605,56,Wyoming,560073,1,1,1,0,1,NOT APPLICABLE,August,12,Saturday,4,30,Rural,High Speed (Arterial),Yes,43.25241111,-108.11045556,Non-Intersection,Dark - Not Lighted,Reported as Unknown,Unknown,Unknown,Unknown EMS Scene Arrival Hour,Unknown EMS Scene Arrival Minutes,Not Applicable (Not Transported),Not Applicable (Not Transported),1,Dark - Unlighted,Clear,0,0,[],[],0,0,Invalid,0.0,0.0,999.0,999.0,['Other'],0,0,1,0,4,Dry,Straight,Level,Lowest,No
37606,56,Wyoming,560074,0,1,1,0,1,NOT APPLICABLE,August,12,Saturday,19,40,Rural,High Speed (Arterial),Yes,41.86320833,-104.87028056,Non-Intersection,Daylight,Clear,Unknown,Unknown if Notified,Unknown EMS Scene Arrival Hour,Unknown if Arrived,Not Applicable (Not Transported),Not Applicable (Not Transported),1,Daylight,Clear,1,0,['Driver'],['None_Used'],0,0,Valid,0.0,0.0,49.0,49.0,['Female'],0,0,2,4,3,Dry,Curve,Grade/Hillcrest,Lowest,No
37607,56,Wyoming,560075,2,2,1,1,2,NOT APPLICABLE,August,14,Monday,15,39,Rural,High Speed (Arterial),Yes,42.70393056,-105.26346667,Non-Intersection,Daylight,Clear,3:00pm-3:59pm,42,3:00pm-3:59pm,55,4:00pm-4:59pm,13,1,Daylight,Clear,0,2,[],[],0,0,Valid,0.0,1.0,37.0,37.0,['Female'],0,0,3,4,5,Dry,Straight,Grade/Hillcrest,Medium,No
37608,56,Wyoming,560076,0,1,1,0,1,NOT APPLICABLE,August,14,Monday,21,25,Rural,Medium Speed (Collector),No,41.076675,-106.08837222,Non-Intersection,Dark - Not Lighted,Clear,Unknown,Unknown,Unknown EMS Scene Arrival Hour,Unknown EMS Scene Arrival Minutes,Unknown,Unknown EMS Hospital Arrival Time,1,Dark - Unlighted,Clear,1,0,['Driver'],['None_Used'],0,0,Valid,0.0,2.0,41.0,41.0,['Male'],1,0,5,4,3,Dry,Curve,Grade/Hillcrest,Lowest,No
37609,56,Wyoming,560077,0,2,2,0,2,NOT APPLICABLE,August,16,Wednesday,20,39,Rural,High Speed (Arterial),Yes,43.41116111,-104.19905556,Non-Intersection,Dark - Not Lighted,Clear,8:00pm-8:59pm,39,9:00pm-9:59pm,11,Not Applicable (Not Transported),Not Applicable (Not Transported),1,Dark - Unlighted,Clear,1,1,['Driver'],['None_Used'],1,2,Valid,0.0,0.0,65.0,50.0,"['Male', 'Female']",0,0,5,4,5,Dry,Straight,Level,Lowest,No
37610,56,Wyoming,560078,0,1,1,0,1,GREEN RIVER,August,18,Friday,1,23,Urban,High Speed (Arterial),Yes,41.54225556,-109.47904722,Non-Intersection,Dark - Not Lighted,Clear,Unknown,Unknown,Unknown EMS Scene Arrival Hour,Unknown EMS Scene Arrival Minutes,Not Applicable (Not Transported),Not Applicable (Not Transported),1,Dark - Unlighted,Clear,1,0,['Driver'],['None_Used'],0,0,Valid,0.0,0.0,54.0,54.0,['Male'],1,0,4,4,3,Dry,Curve,Grade/Hillcrest,Lowest,No
37611,56,Wyoming,560079,0,1,1,0,1,NOT APPLICABLE,August,21,Monday,18,0,Rural,High Speed (Arterial),Yes,41.54405,-109.91185,Non-Intersection,Daylight,Clear,6:00pm-6:59pm,4,6:00pm-6:59pm,30,Not Applicable (Not Transported),Not Applicable (Not Transported),1,Daylight,Clear,1,0,['Driver'],['None_Used'],0,0,Valid,0.0,0.0,56.0,56.0,['Male'],0,0,4,4,2,Dry,Curve,Level,Lowest,No
37612,56,Wyoming,560080,0,1,1,0,1,NOT APPLICABLE,August,24,Thursday,21,12,Rural,Medium Speed (Collector),No,41.05739722,-104.50526667,Non-Intersection,Dark - Not Lighted,Clear,9:00pm-9:59pm,19,9:00pm-9:59pm,30,Not Applicable (Not Transported),Not Applicable (Not Transported),1,Dark - Unlighted,Clear,1,0,['Driver'],['None_Used'],1,1,Valid,0.0,1.0,43.0,43.0,['Male'],1,0,5,4,2,Loose/Unpaved,Curve,Level,Lowest,No
37613,56,Wyoming,560081,0,2,2,0,3,NOT APPLICABLE,August,25,Friday,18,8,Rural,Medium Speed (Collector),No,41.22093611,-107.69329167,Non-Intersection,Daylight,Clear,5:00pm-5:59pm,51,6:00pm-6:59pm,16,Unknown,Unknown EMS Hospital Arrival Time,1,Daylight,Clear,1,2,['Driver'],['None_Used'],0,0,Valid,0.0,0.0,78.0,24.0,"['Female', 'Male']",0,0,3,4,5,Dry,Straight,Level,Lowest,No
37614,56,Wyoming,560082,0,2,2,0,2,NOT APPLICABLE,August,29,Tuesday,14,25,Rural,Low Speed (Local),No,41.11518611,-104.40809444,Complex/Circle,Daylight,Clear,2:00pm-2:59pm,35,3:00pm-3:59pm,3,Not Applicable (Not Transported),Not Applicable (Not Transported),1,Daylight,Clear,1,1,['Driver'],['Shoulder_Lapbelt'],0,0,Valid,0.0,0.0,35.0,16.0,"['Female', 'Female']",1,0,4,4,3,Dry,Straight,Level,Lowest,No
37615,56,Wyoming,560083,0,2,2,0,3,NOT APPLICABLE,September,1,Friday,15,45,Rural,High Speed (Arterial),Yes,42.26001944,-104.29341944,Non-Intersection,Daylight,Clear,Unknown,Unknown,Unknown EMS Scene Arrival Hour,Unknown EMS Scene Arrival Minutes,Not Applicable (Not Transported),Not Applicable (Not Transported),3,Daylight,Clear,3,0,"['Driver', 'Driver', 'Front_Passenger']","['Shoulder_Lapbelt', 'Shoulder_Lapbelt', 'Shoulder_Lapbelt']",1,1,Valid,0.0,4.0,84.0,44.0,"['Female', 'Male']",0,0,3,4,5,Dry,Straight,Level,Lowest,No
37616,56,Wyoming,560084,0,1,1,0,2,NOT APPLICABLE,September,2,Saturday,16,10,Rural,Medium Speed (Collector),No,44.75576111,-109.38389444,Non-Intersection,Daylight,Clear,4:00pm-4:59pm,14,4:00pm-4:59pm,39,5:00pm-5:59pm,38,1,Daylight,Clear,1,1,['Driver'],['None_Used'],1,1,Valid,0.0,0.0,53.0,53.0,['Female'],0,0,5,2,2,Dry,Curve,Grade/Hillcrest,Lowest,No
37617,56,Wyoming,560085,1,1,1,0,2,CASPER,September,4,Monday,21,49,Urban,High Speed (Arterial),Yes,42.819525,-106.36848056,Simple Junction,Dark - Not Lighted,Rain,Unknown,Unknown,Unknown EMS Scene Arrival Hour,Unknown EMS Scene Arrival Minutes,Unknown,Unknown EMS Hospital Arrival Time,1,Dark - Unlighted,Rain/Wind/Minor,0,2,[],[],0,0,Valid,0.0,0.0,18.0,18.0,['Female'],0,0,3,2,4,Wet/Standing Water,Straight,Grade/Hillcrest,Lowest,No
37618,56,Wyoming,560086,0,1,1,0,2,NOT APPLICABLE,September,11,Monday,23,0,Rural,Medium Speed (Collector),No,44.28468333,-105.20591944,Non-Intersection,Dark - Not Lighted,Clear,11:00pm-11:59pm,13,11:00pm-11:59pm,28,11:00pm-11:59pm,52,1,Dark - Unlighted,Clear,1,1,['Front_Passenger'],['None_Used'],0,0,Invalid,0.0,0.0,17.0,17.0,['Male'],0,0,3,4,3,Dry,Straight,Level,Lowest,No
37619,56,Wyoming,560087,0,2,2,0,2,NOT APPLICABLE,September,18,Monday,9,5,Rural,High Speed (Arterial),Yes,41.67941944,-108.78676944,Non-Intersection,Daylight,Clear,Unknown,Unknown,Unknown EMS Scene Arrival Hour,Unknown EMS Scene Arrival Minutes,Not Applicable (Not Transported),Not Applicable (Not Transported),1,Daylight,Clear,1,1,['Driver'],['Shoulder_Lapbelt'],1,1,Invalid,0.0,0.0,42.0,41.0,"['Male', 'Male']",0,0,4,4,5,Dry,Straight,Level,Lowest,No
37620,56,Wyoming,560088,0,1,1,0,1,NOT APPLICABLE,September,20,Wednesday,18,32,Rural,Medium Speed (Collector),No,44.42526944,-104.60485278,Non-Intersection,Dusk,Clear,6:00pm-6:59pm,36,6:00pm-6:59pm,49,Not Applicable (Not Transported),Not Applicable (Not Transported),1,Twilight,Clear,1,0,['Driver'],['Shoulder_Lapbelt'],0,0,Valid,0.0,0.0,41.0,41.0,['Male'],1,0,3,4,3,Dry,Curve,Grade/Hillcrest,Medium,No
37621,56,Wyoming,560089,0,1,1,0,1,NOT APPLICABLE,September,21,Thursday,8,50,Rural,Low Speed (Local),No,44.68906944,-104.62812222,Non-Intersection,Daylight,Clear,8:00am-8:59am,55,9:00am-9:59am,0,Not Applicable (Not Transported),Not Applicable (Not Transported),1,Daylight,Clear,1,0,['Driver'],['None_Used'],0,0,Valid,0.0,1.0,29.0,29.0,['Male'],0,0,1,4,3,Dry,Straight,Level,Lowest,No
37622,56,Wyoming,560090,0,2,1,1,3,NOT APPLICABLE,September,23,Saturday,15,35,Rural,High Speed (Arterial),Yes,41.42668889,-105.87775833,Non-Intersection,Daylight,Clear,3:00pm-3:59pm,41,3:00pm-3:59pm,58,4:00pm-4:59pm,37,2,Daylight,Clear,2,1,"['Front_Passenger', 'Rear_Seat']","['Shoulder_Lapbelt', 'None_Used']",0,0,Valid,0.0,1.0,63.0,63.0,['Male'],0,0,3,4,5,Dry,Straight,Level,Lowest,No
37623,56,Wyoming,560091,0,1,1,0,1,CHEYENNE,September,26,Tuesday,16,20,Urban,Medium Speed (Collector),No,41.05728611,-104.89188889,Non-Intersection,Daylight,Clear,4:00pm-4:59pm,23,4:00pm-4:59pm,31,Not Applicable (Not Transported),Not Applicable (Not Transported),1,Daylight,Clear,1,0,['Driver'],['None_Used'],0,0,Valid,0.0,1.0,39.0,39.0,['Male'],1,0,5,4,2,Dry,Curve,Level,Lowest,No
37624,56,Wyoming,560092,0,1,1,0,1,LARAMIE,October,6,Friday,22,7,Rural,Medium Speed (Collector),No,41.31146944,-105.61203333,Non-Intersection,Dark - Not Lighted,Clear,10:00pm-10:59pm,8,10:00pm-10:59pm,13,Not Applicable (Not Transported),Not Applicable (Not Transported),1,Dark - Unlighted,Clear,1,0,['Driver'],['None_Used'],0,0,Invalid,0.0,0.0,48.0,48.0,['Male'],1,0,5,4,2,Dry,Curve,Level,Lowest,No
37625,56,Wyoming,560093,0,2,2,0,2,NOT APPLICABLE,October,13,Friday,13,11,Rural,High Speed (Arterial),Yes,42.49088333,-107.80681944,Non-Intersection,Daylight,Cloudy,Unknown,Unknown,Unknown EMS Scene Arrival Hour,Unknown EMS Scene Arrival Minutes,Not Applicable (Not Transported),Not Applicable (Not Transported),1,Daylight,Reduced Visibility,1,1,['Driver'],['None_Used'],0,0,Valid,0.0,0.0,39.0,22.0,"['Male', 'Male']",1,0,3,4,5,Dry,Straight,Level,Lowest,No
37626,56,Wyoming,560094,0,1,1,0,1,NOT APPLICABLE,October,14,Saturday,16,7,Rural,High Speed (Arterial),Yes,41.39243611,-110.185,Non-Intersection,Daylight,Clear,4:00pm-4:59pm,8,4:00pm-4:59pm,25,5:00pm-5:59pm,42,1,Daylight,Clear,1,0,['Driver'],['Shoulder_Lapbelt'],0,0,Valid,0.0,0.0,74.0,74.0,['Male'],0,0,4,4,2,Dry,Straight,Level,Lowest,No
37627,56,Wyoming,560095,0,1,1,0,2,NOT APPLICABLE,October,16,Monday,2,55,Rural,High Speed (Arterial),Yes,44.51844167,-106.80073056,Non-Intersection,Dark - Lighted,Clear,Unknown,Unknown if Notified,Unknown EMS Scene Arrival Hour,Unknown if Arrived,Not Applicable (Not Transported),Not Applicable (Not Transported),2,Dark - Lighted,Clear,2,0,"['Driver', 'Front_Passenger']","['Shoulder_Lapbelt', 'Shoulder_Lapbelt']",0,0,Valid,1.0,0.0,55.0,55.0,['Female'],0,0,3,4,3,Dry,Curve,Grade/Hillcrest,Medium,No
37628,56,Wyoming,560096,0,1,1,0,1,NOT APPLICABLE,October,20,Friday,1,55,Rural,High Speed (Arterial),Yes,44.45833056,-106.77813889,Non-Intersection,Dark - Not Lighted,Clear,2:00am-2:59am,7,2:00am-2:59am,17,Not Applicable (Not Transported),Not Applicable (Not Transported),1,Dark - Unlighted,Clear,1,0,['Driver'],['None_Used'],1,1,Invalid,0.0,1.0,43.0,43.0,['Male'],0,0,3,4,3,Dry,Straight,Level,Medium,No
37629,56,Wyoming,560097,0,1,1,0,1,NOT APPLICABLE,October,21,Saturday,7,57,Rural,High Speed (Arterial),Yes,42.76038889,-105.41915,Non-Intersection,Daylight,Clear,7:00am-7:59am,40,8:00am-8:59am,30,Unknown,Unknown EMS Hospital Arrival Time,1,Daylight,Clear,1,0,['Driver'],['None_Used'],0,0,Valid,0.0,0.0,77.0,77.0,['Male'],0,0,3,4,3,Dry,Curve,Level,Lowest,No
37630,56,Wyoming,560098,0,1,1,0,1,NOT APPLICABLE,October,21,Saturday,14,4,Rural,Medium Speed (Collector),No,42.77740833,-108.77886944,Non-Intersection,Daylight,Clear,Unknown,Unknown,Unknown EMS Scene Arrival Hour,Unknown EMS Scene Arrival Minutes,Not Applicable (Not Transported),Not Applicable (Not Transported),1,Daylight,Clear,1,0,['Driver'],['Shoulder_Lapbelt'],0,0,Valid,0.0,0.0,46.0,46.0,['Female'],0,0,3,4,3,Dry,Straight,Grade/Hillcrest,Lowest,No
37631,56,Wyoming,560099,0,1,1,0,1,NOT APPLICABLE,October,26,Thursday,14,45,Rural,Medium Speed (Collector),No,44.33388611,-104.31463611,Non-Intersection,Daylight,Snow,2:00pm-2:59pm,49,3:00pm-3:59pm,1,Not Applicable (Not Transported),Not Applicable (Not Transported),1,Daylight,Snow/Ice/Severe,1,0,['Driver'],['None_Used'],0,0,Valid,0.0,0.0,42.0,42.0,['Male'],1,0,3,4,3,Icy/Snowy,Straight,Level,Lowest,No
37632,56,Wyoming,560100,0,1,1,0,1,NOT APPLICABLE,October,29,Sunday,1,25,Rural,High Speed (Arterial),Yes,44.46066667,-108.58646111,Non-Intersection,Dark - Not Lighted,Clear,1:00am-1:59am,33,1:00am-1:59am,50,Not Applicable (Not Transported),Not Applicable (Not Transported),1,Dark - Unlighted,Clear,1,0,['Driver'],['None_Used'],1,1,Valid,0.0,1.0,24.0,24.0,['Male'],0,0,3,4,3,Dry,Straight,Level,Medium,No
37633,56,Wyoming,560101,0,2,2,0,2,NOT APPLICABLE,November,4,Saturday,14,14,Rural,Medium Speed (Collector),No,44.37503889,-105.52505556,Non-Intersection,Daylight,Clear,2:00pm-2:59pm,15,2:00pm-2:59pm,21,2:00pm-2:59pm,42,1,Daylight,Clear,1,1,['Driver'],['None_Used'],0,0,Valid,0.0,0.0,70.0,53.0,"['Female', 'Male']",0,0,5,4,5,Dry,Straight,Level,Lowest,No
37634,56,Wyoming,560102,0,1,1,0,1,NOT APPLICABLE,November,6,Monday,5,25,Rural,High Speed (Arterial),Yes,41.56050278,-109.53409722,Non-Intersection,Dark - Lighted,Clear,5:00am-5:59am,30,6:00am-6:59am,4,Not Applicable (Not Transported),Not Applicable (Not Transported),1,Dark - Lighted,Clear,1,0,['Driver'],['None_Used'],0,0,Valid,0.0,0.0,50.0,50.0,['Male'],0,0,2,4,3,Dry,Curve,Grade/Hillcrest,Medium,No
37635,56,Wyoming,560103,0,1,1,0,2,NOT APPLICABLE,November,8,Wednesday,0,1,Rural,High Speed (Arterial),Yes,41.35661944,-110.33924167,Non-Intersection,Dark - Not Lighted,Cloudy,7:00am-7:59am,25,7:00am-7:59am,30,8:00am-8:59am,16,2,Dark - Unlighted,Reduced Visibility,2,0,"['Driver', 'Front_Passenger']","['None_Used', 'None_Used']",0,0,Valid,0.0,0.0,72.0,72.0,['Male'],2,0,3,4,3,Icy/Snowy,Straight,Level,Lowest,No
37636,56,Wyoming,560104,0,1,1,0,1,NOT APPLICABLE,November,11,Saturday,2,0,Rural,Medium Speed (Collector),No,42.85719167,-108.72548056,Simple Junction,Dark - Not Lighted,Clear,Not Applicable (Not Notified),Not Applicable (Not Notified),Not Applicable,Not Applicable,Not Applicable (Not Transported),Not Applicable (Not Transported),1,Dark - Unlighted,Clear,1,0,['Driver'],['None_Used'],1,1,Valid,0.0,1.0,32.0,32.0,['Female'],0,0,2,4,4,Dry,Straight,Level,Lowest,No
37637,56,Wyoming,560105,0,1,1,0,1,ROCK SPRINGS,November,16,Thursday,8,18,Rural,High Speed (Arterial),Yes,41.59733056,-109.19970556,Non-Intersection,Daylight,Rain,8:00am-8:59am,21,8:00am-8:59am,28,Not Applicable (Not Transported),Not Applicable (Not Transported),1,Daylight,Rain/Wind/Minor,1,0,['Driver'],['None_Used'],0,0,Valid,0.0,1.0,26.0,26.0,['Male'],0,0,4,4,3,Wet/Standing Water,Curve,Grade/Hillcrest,Medium,No
37638,56,Wyoming,560106,0,1,1,0,3,NOT APPLICABLE,November,18,Saturday,21,41,Rural,Low Speed (Local),No,42.92831389,-108.77539167,Non-Intersection,Dark - Not Lighted,Clear,8:00pm-8:59pm,53,9:00pm-9:59pm,6,Unknown,Unknown EMS Hospital Arrival Time,1,Dark - Unlighted,Clear,1,2,['Driver'],['None_Used'],1,1,Invalid,0.0,0.0,31.0,31.0,['Male'],0,0,3,4,3,Dry,Curve,Level,Lowest,No
37639,56,Wyoming,560107,0,1,1,0,2,TORRINGTON,November,19,Sunday,4,15,Urban,Medium Speed (Collector),No,42.08835833,-104.18798333,Non-Intersection,Dark - Not Lighted,Clear,4:00am-4:59am,18,4:00am-4:59am,24,4:00am-4:59am,40,1,Dark - Unlighted,Clear,1,1,['Front_Passenger'],['None_Used'],1,1,Valid,0.0,1.0,19.0,19.0,['Female'],2,0,2,4,2,Dry,Straight,Level,Lowest,No
37640,56,Wyoming,560108,0,1,1,0,4,NOT APPLICABLE,November,19,Sunday,20,40,Rural,High Speed (Arterial),Yes,41.08053889,-105.50736389,Non-Intersection,Dark - Lighted,Clear,8:00pm-8:59pm,43,9:00pm-9:59pm,0,9:00pm-9:59pm,45,1,Dark - Lighted,Clear,1,3,['Front_Passenger'],['None_Used'],0,0,Valid,0.0,0.0,18.0,18.0,['Male'],4,0,2,4,3,Icy/Snowy,Curve,Level,Lowest,No
37641,56,Wyoming,560109,0,1,1,0,2,NOT APPLICABLE,November,23,Thursday,18,14,Rural,High Speed (Arterial),Yes,41.72394167,-107.74700278,Non-Intersection,Dark - Not Lighted,Snow,6:00pm-6:59pm,14,6:00pm-6:59pm,42,7:00pm-7:59pm,33,1,Dark - Unlighted,Snow/Ice/Severe,1,1,['Driver'],['None_Used'],0,0,Valid,0.0,3.0,41.0,41.0,['Male'],2,0,3,4,3,Icy/Snowy,Straight,Level,Lowest,No
37642,56,Wyoming,560110,0,2,2,0,4,CODY,November,23,Thursday,19,45,Urban,High Speed (Arterial),Yes,44.53638333,-109.00525,Non-Intersection,Dark - Not Lighted,Snow,5:00pm-5:59pm,45,5:00pm-5:59pm,53,6:00pm-6:59pm,26,2,Dark - Unlighted,Snow/Ice/Severe,2,2,"['Driver', 'Front_Passenger']","['Shoulder_Lapbelt', 'Shoulder_Lapbelt']",0,0,Valid,0.0,0.0,63.0,60.0,"['Female', 'Female']",2,0,3,4,5,Icy/Snowy,Straight,Grade/Hillcrest,Lowest,No
37643,56,Wyoming,560111,0,1,1,0,1,NOT APPLICABLE,November,25,Saturday,13,50,Rural,High Speed (Arterial),Yes,41.38875833,-110.20125833,Non-Intersection,Daylight,Clear,1:00pm-1:59pm,53,2:00pm-2:59pm,1,Not Applicable (Not Transported),Not Applicable (Not Transported),1,Daylight,Clear,1,0,['Driver'],['Shoulder_Lapbelt'],0,0,Valid,0.0,0.0,73.0,73.0,['Male'],0,0,3,4,3,Dry,Straight,Level,Medium,No
37644,56,Wyoming,560112,0,1,1,0,1,NOT APPLICABLE,November,29,Wednesday,7,40,Rural,Medium Speed (Collector),No,41.12941389,-108.81446667,Non-Intersection,Daylight,Clear,7:00am-7:59am,40,8:00am-8:59am,21,Not Applicable (Not Transported),Not Applicable (Not Transported),1,Daylight,Clear,1,0,['Driver'],['None_Used'],1,1,Valid,0.0,0.0,19.0,19.0,['Male'],0,0,2,4,3,Dry,Straight,Grade/Hillcrest,Medium,No
37645,56,Wyoming,560113,0,2,2,0,3,NOT APPLICABLE,November,30,Thursday,6,47,Rural,High Speed (Arterial),Yes,41.88756944,-106.16423333,Non-Intersection,Dawn,Clear,7:00am-7:59am,2,7:00am-7:59am,15,Unknown,Unknown EMS Hospital Arrival Time,2,Twilight,Clear,2,1,"['Driver', 'Driver']","['None_Used', 'Shoulder_Lapbelt']",1,1,Valid,0.0,0.0,31.0,25.0,"['Male', 'Male']",0,0,3,4,5,Dry,Straight,Level,Lowest,No
37646,56,Wyoming,560114,0,1,1,0,1,CASPER,December,2,Saturday,7,25,Urban,High Speed (Arterial),Yes,42.79842222,-106.43853889,Non-Intersection,Daylight,Clear,7:00am-7:59am,28,7:00am-7:59am,35,Not Applicable (Not Transported),Not Applicable (Not Transported),1,Daylight,Clear,1,0,['Driver'],['None_Used'],0,0,Valid,0.0,0.0,85.0,85.0,['Male'],1,0,3,4,3,Dry,Straight,Level,Lowest,No
37647,56,Wyoming,560115,1,1,1,0,1,CHEYENNE,December,17,Sunday,18,17,Urban,High Speed (Arterial),No,41.13292222,-104.76463889,Non-Intersection,Dark - Not Lighted,Clear,6:00pm-6:59pm,19,6:00pm-6:59pm,22,6:00pm-6:59pm,45,1,Dark - Unlighted,Clear,0,1,[],[],0,0,Valid,0.0,0.0,40.0,40.0,['Male'],0,0,3,4,4,Dry,Straight,Grade/Hillcrest,Lowest,No
37648,56,Wyoming,560116,1,1,1,0,2,CHEYENNE,December,21,Thursday,18,10,Urban,High Speed (Arterial),No,41.16264167,-104.76124722,Non-Intersection,Dark - Not Lighted,Clear,6:00pm-6:59pm,12,6:00pm-6:59pm,20,6:00pm-6:59pm,30,1,Dark - Unlighted,Clear,0,2,[],[],0,0,Valid,0.0,0.0,58.0,58.0,['Female'],0,0,3,3,4,Dry,Straight,Level,Lowest,No
37649,56,Wyoming,560117,0,5,5,0,6,NOT APPLICABLE,December,23,Saturday,19,34,Rural,High Speed (Arterial),Yes,43.10587778,-105.26117778,Non-Intersection,Dark - Not Lighted,Blowing Snow,7:00pm-7:59pm,34,8:00pm-8:59pm,16,9:00pm-9:59pm,57,1,Dark - Unlighted,Snow/Ice/Severe,1,5,['Driver'],['Shoulder_Lapbelt'],0,0,Valid,0.0,1.0,70.0,27.0,"['Male', 'Male', 'Male', 'Male', 'Male']",4,0,3,4,5,Icy/Snowy,Straight,Grade/Hillcrest,Lowest,No
37650,56,Wyoming,560118,0,1,1,0,1,NOT APPLICABLE,December,26,Tuesday,23,45,Rural,High Speed (Arterial),Yes,44.90467222,-108.60121944,Non-Intersection,Dark - Not Lighted,Clear,Unknown,Unknown if Notified,Unknown EMS Scene Arrival Hour,Unknown if Arrived,Not Applicable (Not Transported),Not Applicable (Not Transported),1,Dark - Unlighted,Clear,1,0,['Driver'],['Shoulder_Lapbelt'],1,1,Valid,0.0,0.0,50.0,50.0,['Male'],1,0,3,4,3,Dry,Curve,Level,Lowest,No
37651,56,Wyoming,560119,1,1,1,0,1,NOT APPLICABLE,December,27,Wednesday,9,50,Rural,High Speed (Arterial),Yes,41.20034167,-105.43346111,Non-Intersection,Daylight,Clear,Unknown,Unknown if Notified,Unknown EMS Scene Arrival Hour,Unknown if Arrived,Not Applicable (Not Transported),Not Applicable (Not Transported),1,Daylight,Clear,0,1,[],[],0,0,Valid,0.0,0.0,45.0,45.0,['Male'],0,0,4,4,3,Dry,Straight,Level,Lowest,No
37652,56,Wyoming,560120,0,2,2,0,6,NOT APPLICABLE,December,29,Friday,8,36,Rural,High Speed (Arterial),Yes,42.75665278,-104.82255556,Non-Intersection,Daylight,Clear,8:00am-8:59am,43,9:00am-9:59am,1,9:00am-9:59am,37,1,Daylight,Clear,1,5,['Rear_Seat'],['Shoulder_Lapbelt'],0,0,Valid,0.0,0.0,40.0,38.0,"['Female', 'Male']",0,0,3,4,5,Dry,Curve,Level,Lowest,No
37653,56,Wyoming,560121,0,1,1,0,1,NOT APPLICABLE,December,31,Sunday,15,2,Rural,Medium Speed (Collector),No,43.650825,-105.42554722,Non-Intersection,Daylight,Clear,Unknown,Unknown,Unknown EMS Scene Arrival Hour,Unknown EMS Scene Arrival Minutes,Unknown,Unknown EMS Hospital Arrival Time,1,Daylight,Clear,1,0,['Driver'],['None_Used'],0,0,Invalid,0.0,0.0,47.0,47.0,['Male'],1,0,4,4,3,Dry,Curve,Grade/Hillcrest,Lowest,No