,State_Code,State_Name,Crash_ID,Count_Non_Motorists,Count_Vehicles_Total,Count_Vehicle_Forms,Count_PVH_Involved,Count_Occupants_MV,City_Name,Month_Name,Day_of_Month,Day_of_Week,Crash_Hour,Crash_Minute,Area_Rural_Urban,Road_Functional_Class,On_NHS_Road,Latitude,Longitude,Intersection_Type,Light_Condition,Weather_Condition,Notif_Hour,Notif_Minute,Arrival_Hour,Arrival_Minute,Hospital_Hour,Hospital_Minute,Fatalities_Count,Clean_Light_Condition,Clean_Weather_Condition,Total_Killed,Total_Alive,Fatal_Seats_List,Killed_Restraint_List,Any_Driver_Drinking,Total_Drinking_Drivers,Driver_License_Category,Driver_Max_Prev_Accident_Count,Driver_Max_Prev_Speeding_Count,Max_Driver_Age,Min_Driver_Age,Driver_Sex_List,Total_Exceeding_Limit_Vehicles,Total_Too_Fast_Vehicles,Max_Vehicle_Type_Severity_5,Max_Vehicle_Damage_Rank,Max_Harmful_Event_Severity,Crash_Road_Surface_Condition,Crash_Horizontal_Alignment,Crash_Vertical_Profile,Crash_Impairment_Category,Crash_Vehicle_Defect
2710,6,California,60025,0,2,2,0,2,NOT APPLICABLE,January,17,Tuesday,17,48,Urban,High Speed (Arterial),Yes,39.15933056,-121.05980278,Non-Intersection,Dark - Not Lighted,Clear,Unknown,Unknown,Unknown EMS Scene Arrival Hour,Unknown EMS Scene Arrival Minutes,Unknown,Unknown EMS Hospital Arrival Time,1,Dark - Unlighted,Clear,1,1,['Driver'],['Shoulder_Lapbelt'],0,0,Valid,0.0,0.0,83.0,70.0,"['Female', 'Female']",0,0,3,1,5,Dry,Straight,Grade/Hillcrest,Lowest,No
2711,6,California,60026,0,2,2,0,2,NOT APPLICABLE,January,19,Thursday,10,39,Rural,Medium Speed (Collector),No,37.225325,-120.56066389,Non-Intersection,Daylight,Cloudy,Unknown,Unknown,Unknown EMS Scene Arrival Hour,Unknown EMS Scene Arrival Minutes,Not Applicable (Not Transported),Not Applicable (Not Transported),1,Daylight,Reduced Visibility,1,1,['Driver'],['None_Used'],0,0,Valid,0.0,0.0,24.0,22.0,"['Female', 'Male']",0,0,3,4,5,Dry,Straight,Level,Lowest,No
2712,6,California,60027,0,1,1,0,4,NOT APPLICABLE,January,31,Tuesday,9,51,Rural,High Speed (Arterial),Yes,34.51996944,-118.63835,Non-Intersection,Daylight,Clear,9:00am-9:59am,Unknown,Unknown EMS Scene Arrival Hour,Unknown EMS Scene Arrival Minutes,Not Applicable (Not Transported),Not Applicable (Not Transported),1,Daylight,Clear,1,3,['Rear_Seat'],['Shoulder_Lapbelt'],0,0,Valid,0.0,2.0,20.0,20.0,['Male'],0,0,2,1,2,Dry,Straight,Level,Lowest,No
2713,6,California,60028,0,1,1,0,1,NOT APPLICABLE,January,31,Tuesday,1,6,Rural,High Speed (Arterial),Yes,36.01370833,-120.92316389,Non-Intersection,Dark - Not Lighted,Clear,Unknown,Unknown if Notified,Unknown EMS Scene Arrival Hour,Unknown if Arrived,Not Applicable (Not Transported),Not Applicable (Not Transported),1,Dark - Unlighted,Clear,1,0,['Driver'],['None_Used'],0,0,Valid,0.0,0.0,19.0,19.0,['Male'],0,0,2,1,3,Dry,Straight,Level,Lowest,No
2714,6,California,60029,0,2,2,0,3,NOT APPLICABLE,January,17,Tuesday,11,44,Rural,Medium Speed (Collector),No,38.19435556,-120.97801944,Non-Intersection,Daylight,Clear,11:00am-11:59am,Unknown,11:00am-11:59am,Unknown EMS Scene Arrival Minutes,Unknown,Unknown EMS Hospital Arrival Time,1,Daylight,Clear,1,2,['Front_Passenger'],['Shoulder_Lapbelt'],1,1,Valid,0.0,0.0,74.0,26.0,"['Male', 'Male']",2,0,2,4,5,Dry,Curve,Level,Lowest,No
2715,6,California,60030,1,1,1,0,3,NOT APPLICABLE,January,10,Tuesday,15,15,Urban,Low Speed (Local),No,37.46688056,-121.08566111,Non-Intersection,Daylight,Cloudy,Unknown,Unknown,Unknown EMS Scene Arrival Hour,Unknown EMS Scene Arrival Minutes,Not Applicable (Not Transported),Not Applicable (Not Transported),1,Daylight,Reduced Visibility,0,3,[],[],0,0,Valid,0.0,0.0,33.0,33.0,['Female'],0,0,2,3,4,Wet/Standing Water,Straight,Level,Lowest,No
2716,6,California,60031,0,1,1,0,1,LOS ANGELES,January,13,Friday,6,0,Urban,High Speed (Arterial),Yes,33.98945,-118.28029444,Non-Intersection,Dark - Lighted,Clear,Unknown,Unknown,Unknown EMS Scene Arrival Hour,Unknown EMS Scene Arrival Minutes,Not Applicable (Not Transported),Not Applicable (Not Transported),1,Dark - Lighted,Clear,1,0,['Driver'],['None_Used'],0,0,Valid,0.0,0.0,23.0,23.0,['Male'],0,0,5,4,3,Dry,Straight,Level,Lowest,No
2717,6,California,60032,0,2,2,0,3,NOT APPLICABLE,January,17,Tuesday,16,9,Rural,Low Speed (Local),No,37.69586389,-121.13214167,Complex/Circle,Daylight,Clear,4:00pm-4:59pm,Unknown,4:00pm-4:59pm,Unknown EMS Scene Arrival Minutes,Unknown,Unknown EMS Hospital Arrival Time,2,Daylight,Clear,2,1,"['Driver', 'Front_Passenger']","['None_Used', 'None_Used']",0,0,Valid,0.0,0.0,62.0,19.0,"['Male', 'Male']",0,0,3,4,5,Dry,Straight,Level,Lowest,No
2718,6,California,60033,0,1,1,0,1,NOT APPLICABLE,January,21,Saturday,14,50,Rural,Medium Speed (Collector),No,35.34030278,-117.63176111,Non-Intersection,Daylight,Clear,Unknown,Unknown,Unknown EMS Scene Arrival Hour,Unknown EMS Scene Arrival Minutes,Unknown,Unknown EMS Hospital Arrival Time,1,Daylight,Clear,1,0,['Driver'],['None_Used'],0,0,Valid,0.0,0.0,19.0,19.0,['Male'],1,0,5,2,2,Dry,Curve,Level,Lowest,No
2719,6,California,60034,1,1,1,0,1,SAN DIEGO,February,3,Friday,20,55,Urban,High Speed (Arterial),Yes,32.55846111,-117.04268056,Non-Intersection,Dark - Not Lighted,Clear,8:00pm-8:59pm,Unknown,Unknown EMS Scene Arrival Hour,Unknown EMS Scene Arrival Minutes,Not Applicable (Not Transported),Not Applicable (Not Transported),1,Dark - Unlighted,Clear,0,1,[],[],0,0,Valid,0.0,0.0,20.0,20.0,['Female'],0,0,2,1,4,Dry,Straight,Level,Lowest,No
2720,6,California,60035,0,2,2,0,2,NOT APPLICABLE,February,15,Wednesday,6,48,Rural,Medium Speed (Collector),No,36.16721111,-119.09035833,Complex/Circle,Dawn,Clear,Unknown,Unknown,Unknown EMS Scene Arrival Hour,Unknown EMS Scene Arrival Minutes,Unknown,Unknown EMS Hospital Arrival Time,1,Twilight,Clear,1,1,['Driver'],['Shoulder_Lapbelt'],0,0,Invalid,0.0,0.0,47.0,37.0,"['Male', 'Male']",0,0,4,4,5,Dry,Straight,Level,Lowest,No
2721,6,California,60036,0,2,2,0,2,NOT APPLICABLE,January,9,Monday,23,13,Rural,High Speed (Arterial),Yes,37.20398333,-121.07829167,Non-Intersection,Dark - Not Lighted,Clear,Unknown,Unknown,Unknown EMS Scene Arrival Hour,Unknown EMS Scene Arrival Minutes,Not Applicable (Not Transported),Not Applicable (Not Transported),1,Dark - Unlighted,Clear,1,1,['Driver'],['Shoulder_Lapbelt'],1,1,Valid,0.0,0.0,65.0,49.0,"['Male', 'Male']",1,0,4,4,5,Wet/Standing Water,Straight,Level,Lowest,No
2722,6,California,60037,0,2,2,0,3,NOT APPLICABLE,January,14,Saturday,18,16,Rural,Medium Speed (Collector),No,38.13881389,-121.39872222,Non-Intersection,Dark - Not Lighted,Rain,6:00pm-6:59pm,Unknown,6:00pm-6:59pm,Unknown EMS Scene Arrival Minutes,Unknown,Unknown EMS Hospital Arrival Time,1,Dark - Unlighted,Rain/Wind/Minor,1,2,['Driver'],['Shoulder_Lapbelt'],1,1,Invalid,0.0,0.0,30.0,20.0,"['Male', 'Male']",0,0,4,4,5,Wet/Standing Water,Straight,Level,Lowest,No
2723,6,California,60038,0,2,2,0,4,NOT APPLICABLE,January,28,Saturday,10,20,Rural,Medium Speed (Collector),No,34.08543333,-114.75847222,Non-Intersection,Daylight,Clear,10:00am-10:59am,Unknown,10:00am-10:59am,Unknown EMS Scene Arrival Minutes,Unknown,Unknown EMS Hospital Arrival Time,1,Daylight,Clear,1,3,['Front_Passenger'],['Shoulder_Lapbelt'],0,0,Invalid,0.0,0.0,69.0,57.0,"['Male', 'Female']",0,0,2,1,5,Dry,Straight,Level,Lowest,No
2724,6,California,60039,0,1,1,0,4,NOT APPLICABLE,January,14,Saturday,99,99,Rural,Low Speed (Local),No,35.15056111,-118.89333889,Non-Intersection,Dark - Not Lighted,Cloudy,8:00pm-8:59pm,Unknown,8:00pm-8:59pm,Unknown EMS Scene Arrival Minutes,Unknown,Unknown EMS Hospital Arrival Time,1,Dark - Unlighted,Reduced Visibility,1,3,['Front_Passenger'],['None_Used'],0,0,Invalid,0.0,0.0,22.0,22.0,['Male'],4,0,2,4,3,Wet/Standing Water,Straight,Level,Lowest,No
2725,6,California,60040,0,2,2,0,2,NOT APPLICABLE,January,20,Friday,9,40,Rural,High Speed (Arterial),No,37.89650556,-121.67073056,Simple Junction,Daylight,Clear,Unknown,Unknown,Unknown EMS Scene Arrival Hour,Unknown EMS Scene Arrival Minutes,Unknown,Unknown EMS Hospital Arrival Time,1,Daylight,Clear,1,1,['Driver'],['None_Used'],0,0,Valid,1.0,0.0,79.0,60.0,"['Male', 'Male']",0,0,4,4,5,Dry,Straight,Level,Lowest,No
2726,6,California,60041,1,1,1,0,1,NOT APPLICABLE,February,6,Monday,4,39,Rural,Medium Speed (Collector),No,39.05609167,-121.51512778,Non-Intersection,Dark - Not Lighted,Clear,4:00am-4:59am,Unknown,4:00am-4:59am,Unknown EMS Scene Arrival Minutes,Not Applicable (Not Transported),Not Applicable (Not Transported),1,Dark - Unlighted,Clear,0,1,[],[],0,0,Valid,0.0,0.0,30.0,30.0,['Male'],0,0,2,1,4,Dry,Straight,Level,Lowest,No
2727,6,California,60042,1,1,1,0,1,BALDWIN PARK,February,4,Saturday,4,40,Urban,High Speed (Arterial),Yes,34.06775556,-117.97908056,Non-Intersection,Dark - Not Lighted,Clear,4:00am-4:59am,Unknown,4:00am-4:59am,Unknown EMS Scene Arrival Minutes,Not Applicable (Not Transported),Not Applicable (Not Transported),1,Dark - Unlighted,Clear,0,1,[],[],0,0,Valid,1.0,0.0,78.0,78.0,['Male'],0,0,4,1,4,Dry,Straight,Level,Lowest,No
2728,6,California,60043,1,1,1,0,5,BAKERSFIELD,February,9,Thursday,20,28,Urban,High Speed (Arterial),Yes,35.29612222,-119.03045278,Non-Intersection,Dark - Not Lighted,Clear,8:00pm-8:59pm,Unknown,8:00pm-8:59pm,Unknown EMS Scene Arrival Minutes,Not Applicable (Not Transported),Not Applicable (Not Transported),1,Dark - Unlighted,Clear,0,5,[],[],0,0,Valid,0.0,0.0,23.0,23.0,['Male'],0,0,3,4,4,Dry,Straight,Level,Lowest,No
2729,6,California,60044,0,1,1,0,1,NOT APPLICABLE,February,10,Friday,99,99,Rural,Medium Speed (Collector),No,34.24893611,-117.86527778,Non-Intersection,Dark - Not Lighted,Clear,Unknown,Unknown if Notified,Unknown EMS Scene Arrival Hour,Unknown if Arrived,Not Applicable (Not Transported),Not Applicable (Not Transported),1,Dark - Unlighted,Clear,1,0,['Driver'],['None_Used'],0,0,Valid,0.0,0.0,30.0,30.0,['Male'],0,0,5,4,2,Dry,Curve,Level,Lowest,No
2730,6,California,60045,0,1,1,0,1,NOT APPLICABLE,February,17,Friday,12,5,Rural,High Speed (Arterial),Yes,35.75608056,-119.05326111,Non-Intersection,Daylight,Clear,Unknown,Unknown,Unknown EMS Scene Arrival Hour,Unknown EMS Scene Arrival Minutes,Not Applicable (Not Transported),Not Applicable (Not Transported),1,Daylight,Clear,1,0,['Driver'],['None_Used'],0,0,Valid,0.0,0.0,75.0,75.0,['Male'],0,0,2,4,3,Dry,Straight,Level,Lowest,No
2731,6,California,60046,1,1,1,0,1,COMPTON,January,4,Wednesday,18,14,Urban,High Speed (Arterial),Yes,33.874075,-118.22566944,Non-Intersection,Dark - Not Lighted,Rain,6:00pm-6:59pm,Unknown,6:00pm-6:59pm,Unknown EMS Scene Arrival Minutes,Not Applicable (Not Transported),Not Applicable (Not Transported),1,Dark - Unlighted,Rain/Wind/Minor,0,1,[],[],0,0,Valid,0.0,0.0,25.0,25.0,['Male'],0,0,2,3,4,Wet/Standing Water,Straight,Grade/Hillcrest,Lowest,No
2732,6,California,60047,0,2,2,0,2,NOT APPLICABLE,January,5,Thursday,22,55,Rural,High Speed (Arterial),Yes,39.01516111,-121.63468889,Non-Intersection,Dark - Not Lighted,Cloudy,Unknown,Unknown,Unknown EMS Scene Arrival Hour,Unknown EMS Scene Arrival Minutes,Not Applicable (Not Transported),Not Applicable (Not Transported),1,Dark - Unlighted,Reduced Visibility,1,1,['Driver'],['Shoulder_Lapbelt'],0,0,Invalid,3.0,1.0,39.0,38.0,"['Male', 'Male']",0,0,4,4,5,Dry,Straight,Level,Lowest,No
2733,6,California,60048,1,1,1,0,1,Not Reported,January,23,Monday,0,3,Urban,High Speed (Arterial),Yes,36.67900833,-121.64134722,Non-Intersection,Dark - Lighted,Cloudy,Unknown,Unknown,Unknown EMS Scene Arrival Hour,Unknown EMS Scene Arrival Minutes,Not Applicable (Not Transported),Not Applicable (Not Transported),1,Dark - Lighted,Reduced Visibility,0,1,[],[],0,0,Valid,0.0,0.0,27.0,27.0,['Female'],0,0,2,3,4,Dry,Curve,Level,Lowest,No
2734,6,California,60049,1,2,1,1,1,VICTORVILLE,February,6,Monday,19,10,Urban,High Speed (Arterial),Yes,34.50800278,-117.32254444,Non-Intersection,Dark - Lighted,Clear,7:00pm-7:59pm,Unknown,7:00pm-7:59pm,Unknown EMS Scene Arrival Minutes,Not Applicable (Not Transported),Not Applicable (Not Transported),1,Dark - Lighted,Clear,0,1,[],[],1,1,Valid,0.0,0.0,46.0,46.0,['Female'],0,0,2,4,4,Dry,Curve,Level,Lowest,No
2735,6,California,60050,1,1,1,0,1,POMONA,January,20,Friday,3,30,Urban,High Speed (Arterial),Yes,34.05786944,-117.78543333,Non-Intersection,Dark - Lighted,Clear,3:00am-3:59am,Unknown,3:00am-3:59am,Unknown EMS Scene Arrival Minutes,Not Applicable (Not Transported),Not Applicable (Not Transported),1,Dark - Lighted,Clear,0,1,[],[],0,0,Valid,0.0,0.0,51.0,51.0,['Male'],0,0,3,3,4,Dry,Straight,Level,Lowest,No
2736,6,California,60051,1,1,1,0,1,NOT APPLICABLE,February,5,Sunday,21,35,Urban,Low Speed (Local),No,33.38644722,-117.25076667,Non-Intersection,Dark - Lighted,Clear,9:00pm-9:59pm,Unknown,9:00pm-9:59pm,Unknown EMS Scene Arrival Minutes,Not Applicable (Not Transported),Not Applicable (Not Transported),1,Dark - Lighted,Clear,0,1,[],[],0,0,Invalid,0.0,0.0,998.0,998.0,['Other'],0,0,2,0,4,Dry,Straight,Level,Lowest,No
2737,6,California,60052,0,1,1,0,1,NOT APPLICABLE,March,3,Friday,16,2,Urban,High Speed (Arterial),Yes,39.44501111,-121.59665556,Non-Intersection,Daylight,Cloudy,4:00pm-4:59pm,Unknown,4:00pm-4:59pm,Unknown EMS Scene Arrival Minutes,Not Applicable (Not Transported),Not Applicable (Not Transported),1,Daylight,Reduced Visibility,1,0,['Driver'],['None_Used'],0,0,Valid,0.0,0.0,22.0,22.0,['Male'],1,0,5,4,2,Dry,Straight,Level,Lowest,No
2738,6,California,60053,0,1,1,0,1,SANTA CLARITA,January,15,Sunday,99,99,Urban,High Speed (Arterial),Yes,34.40074444,-118.57269722,Non-Intersection,Dark - Not Lighted,Rain,Unknown,Unknown,Unknown EMS Scene Arrival Hour,Unknown EMS Scene Arrival Minutes,Not Applicable (Not Transported),Not Applicable (Not Transported),1,Dark - Unlighted,Rain/Wind/Minor,1,0,['Driver'],['Shoulder_Lapbelt'],0,0,Valid,0.0,0.0,27.0,27.0,['Male'],0,0,2,4,3,Wet/Standing Water,Straight,Level,Lowest,No
2739,6,California,60054,0,2,2,0,3,NOT APPLICABLE,February,3,Friday,15,5,Rural,High Speed (Arterial),Yes,39.75259722,-121.97998333,Non-Intersection,Daylight,Clear,3:00pm-3:59pm,Unknown,3:00pm-3:59pm,Unknown EMS Scene Arrival Minutes,Unknown,Unknown EMS Hospital Arrival Time,1,Daylight,Clear,1,2,['Front_Passenger'],['Shoulder_Lapbelt'],1,1,Valid,1.0,2.0,38.0,27.0,"['Male', 'Male']",0,0,3,4,5,Dry,Straight,Level,Lowest,No
2740,6,California,60055,1,1,1,0,1,NOT APPLICABLE,February,10,Friday,20,5,Urban,Medium Speed (Collector),No,37.35490278,-120.63023611,Non-Intersection,Dark - Not Lighted,Clear,8:00pm-8:59pm,Unknown,8:00pm-8:59pm,Unknown EMS Scene Arrival Minutes,Unknown,Unknown EMS Hospital Arrival Time,1,Dark - Unlighted,Clear,0,1,[],[],0,0,Valid,0.0,0.0,24.0,24.0,['Male'],0,0,2,3,4,Dry,Straight,Level,Lowest,No
2741,6,California,60057,0,1,1,0,1,NOT APPLICABLE,February,23,Thursday,99,99,Rural,Medium Speed (Collector),No,39.42518333,-122.522225,Non-Intersection,Reported as Unknown,Reported as Unknown,Unknown,Unknown,Unknown EMS Scene Arrival Hour,Unknown EMS Scene Arrival Minutes,Not Applicable (Not Transported),Not Applicable (Not Transported),1,Dark - Unlighted,Clear,1,0,['Driver'],['None_Used'],0,0,Valid,0.0,0.0,61.0,61.0,['Male'],0,0,5,4,2,Dry,Curve,Level,Lowest,No
2742,6,California,60058,1,1,1,0,1,NOT APPLICABLE,January,8,Sunday,17,27,Urban,Medium Speed (Collector),No,34.24464167,-119.23053333,Non-Intersection,Dusk,Cloudy,Unknown,Unknown,Unknown EMS Scene Arrival Hour,Unknown EMS Scene Arrival Minutes,Unknown,Unknown EMS Hospital Arrival Time,1,Twilight,Reduced Visibility,0,1,[],[],0,0,Valid,0.0,0.0,61.0,61.0,['Female'],0,0,2,1,4,Dry,Straight,Level,Lowest,No
2743,6,California,60059,0,1,1,0,1,LOS ANGELES,January,22,Sunday,99,99,Urban,High Speed (Arterial),Yes,33.87365556,-118.28472222,Non-Intersection,Dark - Not Lighted,Clear,Unknown,Unknown,Unknown EMS Scene Arrival Hour,Unknown EMS Scene Arrival Minutes,Not Applicable (Not Transported),Not Applicable (Not Transported),1,Dark - Unlighted,Clear,1,0,['Driver'],['None_Used'],0,0,Valid,0.0,0.0,54.0,54.0,['Male'],1,0,3,1,2,Dry,Curve,Level,Lowest,No
2744,6,California,60060,0,2,2,0,2,ANAHEIM,February,17,Friday,12,15,Urban,High Speed (Arterial),Yes,33.87405833,-117.80278889,Complex/Circle,Daylight,Clear,Unknown,Unknown,Unknown EMS Scene Arrival Hour,Unknown EMS Scene Arrival Minutes,Unknown,Unknown EMS Hospital Arrival Time,1,Daylight,Clear,1,1,['Driver'],['None_Used'],0,0,Valid,0.0,0.0,78.0,51.0,"['Male', 'Female']",0,0,5,4,5,Dry,Straight,Level,Lowest,No
2745,6,California,60061,1,1,1,0,1,ANAHEIM,February,27,Monday,7,28,Urban,High Speed (Arterial),Yes,33.80337778,-117.89922778,Non-Intersection,Daylight,Cloudy,Unknown,Unknown,Unknown EMS Scene Arrival Hour,Unknown EMS Scene Arrival Minutes,Not Applicable (Not Transported),Not Applicable (Not Transported),1,Daylight,Reduced Visibility,0,1,[],[],0,0,Valid,0.0,0.0,21.0,21.0,['Female'],0,0,2,3,4,Dry,Straight,Level,Lowest,No
2746,6,California,60062,0,2,2,0,5,NOT APPLICABLE,January,6,Friday,14,43,Rural,Medium Speed (Collector),No,34.49024722,-119.30546667,Non-Intersection,Daylight,Clear,Unknown,Unknown,Unknown EMS Scene Arrival Hour,Unknown EMS Scene Arrival Minutes,Not Applicable (Not Transported),Not Applicable (Not Transported),1,Daylight,Clear,1,4,['Driver'],['None_Used'],0,0,Valid,0.0,0.0,48.0,27.0,"['Male', 'Male']",1,0,5,4,5,Dry,Curve,Grade/Hillcrest,Lowest,No
2747,6,California,60063,0,2,2,0,3,WEST COVINA,January,25,Wednesday,2,13,Urban,High Speed (Arterial),Yes,34.07248889,-117.93836667,Non-Intersection,Dark - Lighted,Clear,2:00am-2:59am,Unknown,2:00am-2:59am,Unknown EMS Scene Arrival Minutes,Not Applicable (Not Transported),Not Applicable (Not Transported),1,Dark - Lighted,Clear,1,2,['Driver'],['None_Used'],0,0,Valid,0.0,0.0,58.0,50.0,"['Male', 'Male']",0,0,4,1,5,Dry,Straight,Level,Lowest,No
2748,6,California,60064,1,1,1,0,1,NOT APPLICABLE,February,7,Tuesday,20,20,Urban,High Speed (Arterial),No,37.71105278,-121.02069167,Non-Intersection,Dark - Not Lighted,Clear,Unknown,Unknown,Unknown EMS Scene Arrival Hour,Unknown EMS Scene Arrival Minutes,Unknown,Unknown EMS Hospital Arrival Time,1,Dark - Unlighted,Clear,0,1,[],[],0,0,Valid,0.0,0.0,17.0,17.0,['Male'],0,0,2,2,4,Dry,Straight,Level,Lowest,No
2749,6,California,60065,1,1,1,0,1,SANTA ANA,February,20,Monday,3,28,Urban,High Speed (Arterial),Yes,33.74517778,-117.91876667,Non-Intersection,Dark - Lighted,Clear,3:00am-3:59am,46,5:00am-5:59am,23,Not Applicable (Not Transported),Not Applicable (Not Transported),1,Dark - Lighted,Clear,0,1,[],[],1,1,Valid,0.0,0.0,23.0,23.0,['Male'],0,0,2,3,4,Dry,Straight,Level,Lowest,No
2750,6,California,60066,1,1,1,0,1,LOS ANGELES,January,30,Monday,23,7,Urban,High Speed (Arterial),Yes,33.92779444,-118.27020833,Non-Intersection,Dark - Not Lighted,Clear,11:00pm-11:59pm,Unknown,11:00pm-11:59pm,Unknown EMS Scene Arrival Minutes,Not Applicable (Not Transported),Not Applicable (Not Transported),1,Dark - Unlighted,Clear,0,1,[],[],0,0,Invalid,0.0,0.0,34.0,34.0,['Male'],0,0,2,1,4,Dry,Straight,Level,Lowest,No
2751,6,California,60067,0,2,2,0,2,NOT APPLICABLE,February,4,Saturday,18,0,Urban,High Speed (Arterial),Yes,36.23675278,-119.13640833,Non-Intersection,Dark - Not Lighted,Clear,6:00pm-6:59pm,0,6:00pm-6:59pm,0,Unknown,Unknown EMS Hospital Arrival Time,1,Dark - Unlighted,Clear,1,1,['Driver'],['Shoulder_Lapbelt'],1,1,Valid,0.0,0.0,43.0,30.0,"['Male', 'Male']",0,0,2,1,5,Dry,Straight,Level,Lowest,No
2752,6,California,60068,0,2,2,0,4,NOT APPLICABLE,January,31,Tuesday,19,35,Rural,Medium Speed (Collector),No,34.55961111,-115.67344722,Non-Intersection,Dark - Not Lighted,Clear,7:00pm-7:59pm,Unknown,Unknown EMS Scene Arrival Hour,Unknown EMS Scene Arrival Minutes,Unknown,Unknown EMS Hospital Arrival Time,1,Dark - Unlighted,Clear,1,3,['Driver'],['Shoulder_Lapbelt'],0,0,Valid,1.0,0.0,52.0,51.0,"['Male', 'Male']",0,0,3,4,5,Dry,Straight,Level,Lowest,No
2753,6,California,60069,0,1,1,0,1,NOT APPLICABLE,February,4,Saturday,12,15,Rural,Medium Speed (Collector),No,33.64425833,-117.420275,Non-Intersection,Daylight,Clear,12:00pm-12:59pm,Unknown,12:00pm-12:59pm,Unknown EMS Scene Arrival Minutes,Unknown,Unknown EMS Hospital Arrival Time,1,Daylight,Clear,1,0,['Driver'],['None_Used'],0,0,Invalid,0.0,0.0,60.0,60.0,['Male'],0,0,5,1,2,Dry,Curve,Level,Lowest,No
2754,6,California,60070,0,2,2,0,2,CORONA,February,6,Monday,8,39,Urban,High Speed (Arterial),Yes,33.883325,-117.53633056,Non-Intersection,Daylight,Clear,Unknown,Unknown,Unknown EMS Scene Arrival Hour,Unknown EMS Scene Arrival Minutes,Unknown,Unknown EMS Hospital Arrival Time,1,Daylight,Clear,1,1,['Driver'],['None_Used'],0,0,Valid,1.0,0.0,36.0,31.0,"['Male', 'Male']",1,0,5,2,5,Dry,Straight,Level,Lowest,No
2755,6,California,60071,1,1,1,0,1,NOT APPLICABLE,January,30,Monday,5,10,Urban,High Speed (Arterial),Yes,37.69038889,-122.101875,Non-Intersection,Dark - Not Lighted,Cloudy,5:00am-5:59am,Unknown,5:00am-5:59am,Unknown EMS Scene Arrival Minutes,Not Applicable (Not Transported),Not Applicable (Not Transported),1,Dark - Unlighted,Reduced Visibility,0,1,[],[],0,0,Valid,0.0,0.0,70.0,70.0,['Female'],0,0,3,1,4,Dry,Curve,Level,Lowest,No
2756,6,California,60072,0,2,2,0,2,NOT APPLICABLE,February,9,Thursday,3,28,Urban,High Speed (Arterial),Yes,34.42497222,-118.640225,Non-Intersection,Dark - Not Lighted,Clear,3:00am-3:59am,Unknown,3:00am-3:59am,Unknown EMS Scene Arrival Minutes,Not Applicable (Not Transported),Not Applicable (Not Transported),1,Dark - Unlighted,Clear,1,1,['Driver'],['Shoulder_Lapbelt'],0,0,Valid,1.0,0.0,48.0,30.0,"['Male', 'Male']",0,0,4,4,5,Dry,Straight,Level,Lowest,No
2757,6,California,60073,0,2,2,0,2,GARNET,February,5,Sunday,22,30,Urban,High Speed (Arterial),Yes,33.90471667,-116.55458889,Non-Intersection,Dark - Lighted,Severe Crosswinds,10:00pm-10:59pm,Unknown,10:00pm-10:59pm,Unknown EMS Scene Arrival Minutes,Not Applicable (Not Transported),Not Applicable (Not Transported),1,Dark - Lighted,Rain/Wind/Minor,1,1,['Driver'],['None_Used'],0,0,Valid,0.0,1.0,55.0,31.0,"['Male', 'Male']",0,0,2,1,5,Dry,Straight,Level,Lowest,No
2758,6,California,60074,1,1,1,0,1,SANTA MONICA,January,2,Monday,18,21,Urban,High Speed (Arterial),No,34.04488889,-118.48782778,Non-Intersection,Dark - Lighted,Clear,Unknown,Unknown,Unknown EMS Scene Arrival Hour,Unknown EMS Scene Arrival Minutes,Unknown,Unknown EMS Hospital Arrival Time,1,Dark - Lighted,Clear,0,1,[],[],0,0,Valid,1.0,0.0,66.0,66.0,['Female'],0,0,3,3,4,Wet/Standing Water,Straight,Level,Lowest,No
2759,6,California,60075,1,1,1,0,1,FRESNO,January,3,Tuesday,18,20,Urban,Medium Speed (Collector),No,36.77961111,-119.78048056,Non-Intersection,Dark - Lighted,Clear,Unknown,Unknown,Unknown EMS Scene Arrival Hour,Unknown EMS Scene Arrival Minutes,Unknown,Unknown EMS Hospital Arrival Time,1,Dark - Lighted,Clear,0,1,[],[],0,0,Valid,1.0,0.0,63.0,63.0,['Male'],0,0,3,3,4,Dry,Straight,Level,Lowest,No