,State_Code,State_Name,Crash_ID,Count_Non_Motorists,Count_Vehicles_Total,Count_Vehicle_Forms,Count_PVH_Involved,Count_Occupants_MV,City_Name,Month_Name,Day_of_Month,Day_of_Week,Crash_Hour,Crash_Minute,Area_Rural_Urban,Road_Functional_Class,On_NHS_Road,Latitude,Longitude,Intersection_Type,Light_Condition,Weather_Condition,Notif_Hour,Notif_Minute,Arrival_Hour,Arrival_Minute,Hospital_Hour,Hospital_Minute,Fatalities_Count,Clean_Light_Condition,Clean_Weather_Condition,Total_Killed,Total_Alive,Fatal_Seats_List,Killed_Restraint_List,Any_Driver_Drinking,Total_Drinking_Drivers,Driver_License_Category,Driver_Max_Prev_Accident_Count,Driver_Max_Prev_Speeding_Count,Max_Driver_Age,Min_Driver_Age,Driver_Sex_List,Total_Exceeding_Limit_Vehicles,Total_Too_Fast_Vehicles,Max_Vehicle_Type_Severity_5,Max_Vehicle_Damage_Rank,Max_Harmful_Event_Severity,Crash_Road_Surface_Condition,Crash_Horizontal_Alignment,Crash_Vertical_Profile,Crash_Impairment_Category,Crash_Vehicle_Defect
2859,6,California,60176,1,1,1,0,1,NOT APPLICABLE,April,20,Thursday,20,55,Urban,High Speed (Arterial),Yes,35.42223333,-119.03907778,Non-Intersection,Dark - Lighted,Clear,Unknown,Unknown,Unknown EMS Scene Arrival Hour,Unknown EMS Scene Arrival Minutes,Unknown,Unknown EMS Hospital Arrival Time,1,Dark - Lighted,Clear,0,1,[],[],0,0,Invalid,0.0,0.0,37.0,37.0,['Male'],0,0,3,3,4,Dry,Straight,Level,Lowest,No
2860,6,California,60177,0,3,3,0,3,LOS ANGELES,February,21,Tuesday,19,53,Urban,High Speed (Arterial),Yes,34.17111667,-118.50676944,Non-Intersection,Dark - Not Lighted,Clear,Unknown,Unknown,Unknown EMS Scene Arrival Hour,Unknown EMS Scene Arrival Minutes,Not Applicable (Not Transported),Not Applicable (Not Transported),1,Dark - Unlighted,Clear,1,2,['Driver'],['None_Used'],0,0,Valid,0.0,0.0,75.0,26.0,"['Male', 'Male', 'Female']",1,0,5,4,5,Dry,Straight,Level,Lowest,No
2861,6,California,60178,0,1,1,0,1,NOT APPLICABLE,March,31,Friday,18,28,Rural,Medium Speed (Collector),No,39.020075,-123.37533333,Non-Intersection,Daylight,Cloudy,Unknown,Unknown,Unknown EMS Scene Arrival Hour,Unknown EMS Scene Arrival Minutes,Not Applicable (Not Transported),Not Applicable (Not Transported),1,Daylight,Reduced Visibility,1,0,['Driver'],['None_Used'],0,0,Valid,0.0,0.0,46.0,46.0,['Male'],1,0,5,4,3,Dry,Curve,Level,Lowest,No
2862,6,California,60179,0,2,2,0,3,NOT APPLICABLE,January,12,Thursday,17,33,Rural,Medium Speed (Collector),No,35.20934444,-118.77004167,Non-Intersection,Dark - Not Lighted,Clear,5:00pm-5:59pm,Unknown,5:00pm-5:59pm,Unknown EMS Scene Arrival Minutes,Unknown,Unknown EMS Hospital Arrival Time,1,Dark - Unlighted,Clear,1,2,['Driver'],['Shoulder_Lapbelt'],1,1,Valid,2.0,1.0,31.0,27.0,"['Male', 'Male']",0,0,4,4,5,Dry,Straight,Level,Lowest,No
2863,6,California,60180,0,1,1,0,1,NOT APPLICABLE,March,14,Tuesday,15,30,Rural,High Speed (Arterial),Yes,35.26258056,-118.62303611,Non-Intersection,Daylight,Rain,3:00pm-3:59pm,Unknown,3:00pm-3:59pm,Unknown EMS Scene Arrival Minutes,Not Applicable (Not Transported),Not Applicable (Not Transported),1,Daylight,Rain/Wind/Minor,1,0,['Driver'],['None_Used'],0,0,Valid,0.0,0.0,20.0,20.0,['Female'],1,0,3,4,3,Wet/Standing Water,Straight,Grade/Hillcrest,Lowest,No
2864,6,California,60181,0,2,2,0,3,NOT APPLICABLE,March,7,Tuesday,13,52,Rural,High Speed (Arterial),Yes,35.01242778,-117.91696111,Simple Junction,Daylight,Clear,Unknown,Unknown,Unknown EMS Scene Arrival Hour,Unknown EMS Scene Arrival Minutes,Not Applicable (Not Transported),Not Applicable (Not Transported),1,Daylight,Clear,1,2,['Driver'],['Shoulder_Lapbelt'],1,1,Valid,0.0,1.0,63.0,25.0,"['Male', 'Male']",0,0,4,4,5,Dry,Straight,Level,Lowest,No
2865,6,California,60182,1,1,1,0,1,NOT APPLICABLE,January,4,Wednesday,17,23,Rural,Low Speed (Local),No,36.83525833,-119.59194167,Non-Intersection,Dark - Not Lighted,Clear,Unknown,Unknown,Unknown EMS Scene Arrival Hour,Unknown EMS Scene Arrival Minutes,Unknown,Unknown EMS Hospital Arrival Time,1,Dark - Unlighted,Clear,0,1,[],[],0,0,Valid,0.0,0.0,46.0,46.0,['Female'],0,0,2,3,4,Dry,Straight,Level,Lowest,No
2866,6,California,60183,1,1,1,0,1,GARDEN GROVE,February,8,Wednesday,5,35,Urban,High Speed (Arterial),Yes,33.77084722,-117.98456667,Non-Intersection,Dark - Not Lighted,Clear,5:00am-5:59am,Unknown,5:00am-5:59am,Unknown EMS Scene Arrival Minutes,Not Applicable (Not Transported),Not Applicable (Not Transported),1,Dark - Unlighted,Clear,0,1,[],[],0,0,Valid,1.0,0.0,28.0,28.0,['Male'],0,0,2,3,4,Dry,Straight,Level,Lowest,No
2867,6,California,60184,0,2,2,0,4,NOT APPLICABLE,March,4,Saturday,22,20,Urban,Medium Speed (Collector),No,36.93881667,-121.75900556,Non-Intersection,Dark - Not Lighted,Cloudy,10:00pm-10:59pm,Unknown,10:00pm-10:59pm,Unknown EMS Scene Arrival Minutes,Unknown,Unknown EMS Hospital Arrival Time,1,Dark - Unlighted,Reduced Visibility,1,3,['Driver'],['Shoulder_Lapbelt'],1,1,Invalid,0.0,1.0,37.0,25.0,"['Female', 'Female']",2,0,3,4,5,Dry,Curve,Level,Lowest,No
2868,6,California,60185,0,1,1,0,2,NOT APPLICABLE,April,6,Thursday,11,53,Urban,High Speed (Arterial),Yes,37.10050556,-121.60665278,Non-Intersection,Daylight,Clear,Unknown,Unknown,Unknown EMS Scene Arrival Hour,Unknown EMS Scene Arrival Minutes,Unknown,Unknown EMS Hospital Arrival Time,1,Daylight,Clear,1,1,['Driver'],['Shoulder_Lapbelt'],0,0,Valid,0.0,0.0,72.0,72.0,['Male'],0,0,3,4,3,Dry,Curve,Level,Lowest,No
2869,6,California,60186,0,2,2,0,4,LOS ANGELES,January,16,Monday,13,24,Urban,High Speed (Arterial),Yes,34.15461944,-118.38153056,Non-Intersection,Daylight,Clear,Unknown,Unknown,Unknown EMS Scene Arrival Hour,Unknown EMS Scene Arrival Minutes,Unknown,Unknown EMS Hospital Arrival Time,1,Daylight,Clear,1,3,['Rear_Seat'],['None_Used'],0,0,Valid,1.0,1.0,67.0,27.0,"['Male', 'Male']",0,0,4,4,5,Dry,Straight,Level,Lowest,No
2870,6,California,60187,0,2,2,0,2,CALABASAS,January,16,Monday,21,11,Urban,High Speed (Arterial),Yes,34.15097778,-118.69390833,Non-Intersection,Dark - Not Lighted,Clear,9:00pm-9:59pm,Unknown,9:00pm-9:59pm,Unknown EMS Scene Arrival Minutes,Unknown,Unknown EMS Hospital Arrival Time,1,Dark - Unlighted,Clear,1,1,['Driver'],['Shoulder_Lapbelt'],0,0,Valid,0.0,2.0,84.0,21.0,"['Male', 'Male']",0,0,3,4,5,Dry,Curve,Grade/Hillcrest,Lowest,No
2871,6,California,60188,0,2,2,0,2,NOT APPLICABLE,February,11,Saturday,15,30,Rural,Medium Speed (Collector),No,34.09840278,-118.67323611,Simple Junction,Daylight,Clear,3:00pm-3:59pm,34,3:00pm-3:59pm,46,Unknown,Unknown EMS Hospital Arrival Time,1,Daylight,Clear,1,1,['Driver'],['None_Used'],0,0,Valid,1.0,1.0,56.0,33.0,"['Male', 'Male']",1,0,5,4,5,Dry,Straight,Level,Lowest,No
2872,6,California,60189,0,2,2,0,2,NOT APPLICABLE,March,26,Sunday,14,30,Rural,Medium Speed (Collector),No,37.00914722,-119.52877778,Non-Intersection,Daylight,Clear,2:00pm-2:59pm,Unknown,2:00pm-2:59pm,Unknown EMS Scene Arrival Minutes,Not Applicable (Not Transported),Not Applicable (Not Transported),1,Daylight,Clear,1,1,['Driver'],['None_Used'],0,0,Valid,0.0,0.0,59.0,17.0,"['Male', 'Female']",0,0,5,1,5,Dry,Curve,Level,Lowest,No
2873,6,California,60191,0,2,2,0,3,NOT APPLICABLE,January,30,Monday,13,53,Rural,High Speed (Arterial),Yes,38.35998611,-120.74508889,Non-Intersection,Daylight,Clear,1:00pm-1:59pm,Unknown,Unknown EMS Scene Arrival Hour,Unknown EMS Scene Arrival Minutes,Unknown,Unknown EMS Hospital Arrival Time,1,Daylight,Clear,1,2,['Driver'],['Shoulder_Lapbelt'],1,1,Valid,0.0,3.0,67.0,30.0,"['Female', 'Male']",0,0,3,1,5,Dry,Curve,Level,Lowest,No
2874,6,California,60193,0,2,2,0,2,NOT APPLICABLE,February,15,Wednesday,14,5,Rural,Medium Speed (Collector),No,35.06929444,-118.39633056,Non-Intersection,Daylight,Clear,Unknown,Unknown,Unknown EMS Scene Arrival Hour,Unknown EMS Scene Arrival Minutes,Unknown,Unknown EMS Hospital Arrival Time,1,Daylight,Clear,1,1,['Driver'],['Shoulder_Lapbelt'],0,0,Valid,1.0,0.0,67.0,34.0,"['Male', 'Male']",0,0,2,4,5,Dry,Straight,Level,Lowest,No
2875,6,California,60194,0,2,2,0,2,FONTANA,March,26,Sunday,2,52,Urban,High Speed (Arterial),Yes,34.14634167,-117.48420833,Non-Intersection,Dark - Lighted,Clear,Unknown,Unknown,Unknown EMS Scene Arrival Hour,Unknown EMS Scene Arrival Minutes,Unknown,Unknown EMS Hospital Arrival Time,1,Dark - Lighted,Clear,1,1,['Driver'],['None_Used'],0,0,Invalid,0.0,0.0,47.0,26.0,"['Male', 'Male']",1,0,4,1,5,Dry,Straight,Level,Lowest,No
2876,6,California,60195,0,3,3,0,3,NOT APPLICABLE,March,9,Thursday,13,58,Rural,High Speed (Arterial),Yes,38.12216944,-121.6912,Non-Intersection,Daylight,Rain,Unknown,Unknown,Unknown EMS Scene Arrival Hour,Unknown EMS Scene Arrival Minutes,Not Applicable (Not Transported),Not Applicable (Not Transported),1,Daylight,Rain/Wind/Minor,1,2,['Driver'],['None_Used'],1,1,Valid,0.0,0.0,52.0,36.0,"['Male', 'Male', 'Male']",0,0,4,4,5,Wet/Standing Water,Straight,Level,Lowest,No
2877,6,California,60196,0,1,1,0,1,HESPERIA,March,13,Monday,3,5,Urban,High Speed (Arterial),Yes,34.41701389,-117.38763333,Non-Intersection,Dark - Not Lighted,Clear,3:00am-3:59am,Unknown,Unknown EMS Scene Arrival Hour,Unknown EMS Scene Arrival Minutes,Unknown,Unknown EMS Hospital Arrival Time,1,Dark - Unlighted,Clear,1,0,['Driver'],['Shoulder_Lapbelt'],0,0,Valid,1.0,0.0,35.0,35.0,['Female'],0,0,2,4,3,Dry,Straight,Level,Lowest,No
2878,6,California,60197,0,3,3,0,7,NOT APPLICABLE,January,27,Friday,16,3,Urban,High Speed (Arterial),Yes,38.84053611,-121.16061111,Non-Intersection,Daylight,Clear,4:00pm-4:59pm,Unknown,4:00pm-4:59pm,Unknown EMS Scene Arrival Minutes,Unknown,Unknown EMS Hospital Arrival Time,1,Daylight,Clear,1,6,['Driver'],['Shoulder_Lapbelt'],1,1,Valid,0.0,0.0,66.0,44.0,"['Male', 'Male', 'Male']",1,0,3,1,5,Dry,Straight,Grade/Hillcrest,Lowest,No
2879,6,California,60198,0,1,1,0,1,NOT APPLICABLE,February,13,Monday,13,37,Rural,Medium Speed (Collector),No,38.52643611,-121.33494444,Non-Intersection,Daylight,Clear,1:00pm-1:59pm,Unknown,1:00pm-1:59pm,Unknown EMS Scene Arrival Minutes,Not Applicable (Not Transported),Not Applicable (Not Transported),1,Daylight,Clear,1,0,['Driver'],['None_Used'],1,1,Invalid,0.0,0.0,54.0,54.0,['Male'],0,0,2,3,2,Dry,Straight,Level,Lowest,No
2880,6,California,60199,0,2,2,0,7,NOT APPLICABLE,March,26,Sunday,16,12,Rural,High Speed (Arterial),Yes,38.09704722,-120.58555833,Non-Intersection,Daylight,Clear,4:00pm-4:59pm,Unknown,4:00pm-4:59pm,Unknown EMS Scene Arrival Minutes,Unknown,Unknown EMS Hospital Arrival Time,1,Daylight,Clear,1,6,['Rear_Seat'],['Shoulder_Lapbelt'],1,1,Valid,0.0,0.0,65.0,18.0,"['Female', 'Male']",0,0,3,1,5,Dry,Straight,Level,Lowest,No
2881,6,California,60200,1,1,1,0,1,NOT APPLICABLE,January,7,Saturday,20,37,Urban,High Speed (Arterial),Yes,37.38246667,-120.60821667,Non-Intersection,Dark - Not Lighted,Rain,Unknown,Unknown if Notified,Unknown EMS Scene Arrival Hour,Unknown if Arrived,Not Applicable (Not Transported),Not Applicable (Not Transported),1,Dark - Unlighted,Rain/Wind/Minor,0,1,[],[],0,0,Invalid,0.0,0.0,999.0,999.0,['Other'],0,0,1,0,4,Wet/Standing Water,Straight,Level,Lowest,No
2882,6,California,60201,0,2,2,0,2,MERCED,March,6,Monday,23,21,Urban,High Speed (Arterial),Yes,37.29934722,-120.49056111,Non-Intersection,Dark - Not Lighted,Cloudy,Unknown,Unknown,Unknown EMS Scene Arrival Hour,Unknown EMS Scene Arrival Minutes,Not Applicable (Not Transported),Not Applicable (Not Transported),1,Dark - Unlighted,Reduced Visibility,1,1,['Driver'],['Shoulder_Lapbelt'],1,1,Invalid,0.0,0.0,55.0,35.0,"['Male', 'Male']",0,0,4,4,5,Dry,Straight,Level,Lowest,No
2883,6,California,60202,1,1,1,0,1,FREMONT,January,12,Thursday,22,2,Urban,High Speed (Arterial),Yes,37.46305278,-121.92611667,Non-Intersection,Dark - Lighted,Clear,Unknown,Unknown,Unknown EMS Scene Arrival Hour,Unknown EMS Scene Arrival Minutes,Not Applicable (Not Transported),Not Applicable (Not Transported),1,Dark - Lighted,Clear,0,1,[],[],0,0,Valid,0.0,0.0,24.0,24.0,['Male'],1,0,2,3,4,Dry,Straight,Level,Lowest,No
2884,6,California,60203,1,1,1,0,1,NOT APPLICABLE,April,8,Saturday,7,0,Rural,Medium Speed (Collector),No,38.98061944,-121.44123611,Non-Intersection,Daylight,Clear,Unknown,Unknown,Unknown EMS Scene Arrival Hour,Unknown EMS Scene Arrival Minutes,Unknown,Unknown EMS Hospital Arrival Time,1,Daylight,Clear,0,1,[],[],0,0,Valid,0.0,0.0,35.0,35.0,['Male'],1,0,3,3,4,Dry,Straight,Level,Lowest,No
2885,6,California,60204,0,2,2,0,4,ANAHEIM,April,9,Sunday,0,24,Urban,Medium Speed (Collector),No,33.83072778,-117.76111111,Non-Intersection,Dark - Lighted,Cloudy,0:00am-0:59am,Unknown,0:00am-0:59am,Unknown EMS Scene Arrival Minutes,0:00am-0:59am,Unknown EMS Hospital Arrival Time,2,Dark - Lighted,Reduced Visibility,2,2,"['Driver', 'Driver']","['Shoulder_Lapbelt', 'None_Used']",0,0,Valid,0.0,0.0,39.0,23.0,"['Male', 'Male']",0,0,2,1,5,Dry,Straight,Level,Lowest,No
2886,6,California,60205,1,1,1,0,1,NOT APPLICABLE,April,10,Monday,23,20,Urban,High Speed (Arterial),Yes,38.84713333,-121.54360833,Non-Intersection,Dark - Lighted,Clear,11:00pm-11:59pm,Unknown,11:00pm-11:59pm,Unknown EMS Scene Arrival Minutes,Not Applicable (Not Transported),Not Applicable (Not Transported),1,Dark - Lighted,Clear,0,1,[],[],0,0,Valid,0.0,0.0,20.0,20.0,['Male'],0,0,2,1,4,Dry,Straight,Level,Lowest,No
2887,6,California,60206,1,1,1,0,1,ANAHEIM,April,22,Saturday,1,20,Urban,Medium Speed (Collector),No,33.84596667,-117.90520278,Non-Intersection,Dark - Lighted,Clear,1:00am-1:59am,Unknown,1:00am-1:59am,Unknown EMS Scene Arrival Minutes,Unknown,Unknown EMS Hospital Arrival Time,1,Dark - Lighted,Clear,0,1,[],[],0,0,Valid,0.0,0.0,24.0,24.0,['Male'],1,0,3,4,4,Dry,Straight,Level,Lowest,No
2888,6,California,60207,1,1,1,0,1,ORANGE,April,22,Saturday,22,50,Urban,High Speed (Arterial),Yes,33.78773056,-117.80246944,Non-Intersection,Dark - Lighted,Clear,Unknown,Unknown,Unknown EMS Scene Arrival Hour,Unknown EMS Scene Arrival Minutes,Not Applicable (Not Transported),Not Applicable (Not Transported),1,Dark - Lighted,Clear,0,1,[],[],0,0,Valid,0.0,0.0,37.0,37.0,['Male'],0,0,3,2,4,Dry,Straight,Level,Lowest,No
2889,6,California,60208,0,4,4,0,6,NOT APPLICABLE,January,9,Monday,10,46,Rural,High Speed (Arterial),Yes,38.99366667,-122.87861944,Non-Intersection,Daylight,Cloudy,Unknown,Unknown,Unknown EMS Scene Arrival Hour,Unknown EMS Scene Arrival Minutes,Unknown,Unknown EMS Hospital Arrival Time,1,Daylight,Reduced Visibility,1,5,['Rear_Seat'],['Shoulder_Lapbelt'],1,1,Valid,0.0,1.0,67.0,20.0,"['Male', 'Male', 'Male', 'Male']",0,0,3,4,5,Wet/Standing Water,Straight,Level,Lowest,No
2890,6,California,60209,0,2,2,0,2,NOT APPLICABLE,February,22,Wednesday,16,49,Urban,High Speed (Arterial),Yes,41.81774167,-124.145975,Non-Intersection,Daylight,Snow,Unknown,Unknown,Unknown EMS Scene Arrival Hour,Unknown EMS Scene Arrival Minutes,Unknown,Unknown EMS Hospital Arrival Time,1,Daylight,Snow/Ice/Severe,1,1,['Driver'],['Shoulder_Lapbelt'],1,1,Valid,0.0,0.0,72.0,61.0,"['Male', 'Female']",1,0,3,4,5,Icy/Snowy,Straight,Level,Lowest,No
2891,6,California,60210,0,3,3,0,3,NOT APPLICABLE,April,1,Saturday,13,13,Rural,Medium Speed (Collector),No,37.93468611,-122.69754167,Complex/Circle,Daylight,Clear,Unknown,Unknown,Unknown EMS Scene Arrival Hour,Unknown EMS Scene Arrival Minutes,Unknown,Unknown EMS Hospital Arrival Time,1,Daylight,Clear,1,2,['Driver'],['None_Used'],0,0,Valid,1.0,0.0,83.0,24.0,"['Female', 'Male', 'Male']",0,0,5,4,5,Dry,Straight,Level,Lowest,No
2892,6,California,60211,0,1,1,0,1,NOT APPLICABLE,February,11,Saturday,20,16,Rural,Low Speed (Local),No,37.75903056,-121.53786389,Complex/Circle,Dark - Lighted,Clear,8:00pm-8:59pm,Unknown,Unknown EMS Scene Arrival Hour,Unknown EMS Scene Arrival Minutes,Not Applicable (Not Transported),Not Applicable (Not Transported),1,Dark - Lighted,Clear,1,0,['Driver'],['None_Used'],1,1,Valid,0.0,1.0,34.0,34.0,['Male'],1,0,3,4,3,Dry,Straight,Level,Lowest,No
2893,6,California,60212,0,2,2,0,3,NOT APPLICABLE,April,12,Wednesday,20,15,Rural,High Speed (Arterial),Yes,37.78863889,-120.86388889,Simple Junction,Dark - Not Lighted,Clear,Unknown,Unknown,Unknown EMS Scene Arrival Hour,Unknown EMS Scene Arrival Minutes,Unknown,Unknown EMS Hospital Arrival Time,1,Dark - Unlighted,Clear,1,2,['Driver'],['None_Used'],0,0,Valid,0.0,1.0,22.0,20.0,"['Male', 'Male']",2,0,5,3,5,Dry,Straight,Level,Lowest,No
2894,6,California,60213,0,1,1,0,4,NOT APPLICABLE,April,14,Friday,21,45,Rural,Low Speed (Local),No,37.66640833,-120.774725,Non-Intersection,Dark - Not Lighted,Clear,Unknown,Unknown,Unknown EMS Scene Arrival Hour,Unknown EMS Scene Arrival Minutes,Unknown,Unknown EMS Hospital Arrival Time,1,Dark - Unlighted,Clear,1,3,['Driver'],['None_Used'],1,1,Invalid,2.0,0.0,25.0,25.0,['Male'],0,0,2,4,3,Dry,Curve,Level,Lowest,No
2895,6,California,60214,1,1,1,0,1,NOT APPLICABLE,April,16,Sunday,5,10,Urban,High Speed (Arterial),Yes,34.13489444,-116.32164167,Non-Intersection,Dark - Not Lighted,Clear,5:00am-5:59am,Unknown,5:00am-5:59am,Unknown EMS Scene Arrival Minutes,5:00am-5:59am,Unknown EMS Hospital Arrival Time,1,Dark - Unlighted,Clear,0,1,[],[],0,0,Valid,0.0,0.0,69.0,69.0,['Male'],0,0,3,3,4,Dry,Straight,Level,Lowest,No
2896,6,California,60215,0,1,1,0,1,NOT APPLICABLE,March,21,Tuesday,7,1,Rural,High Speed (Arterial),Yes,39.29984444,-123.28720833,Non-Intersection,Daylight,Rain,7:00am-7:59am,Unknown,7:00am-7:59am,Unknown EMS Scene Arrival Minutes,Unknown,Unknown EMS Hospital Arrival Time,1,Daylight,Rain/Wind/Minor,1,0,['Driver'],['None_Used'],0,0,Invalid,0.0,0.0,46.0,46.0,['Female'],0,0,3,1,3,Wet/Standing Water,Straight,Level,Lowest,No
2897,6,California,60216,0,3,3,0,4,NOT APPLICABLE,April,25,Tuesday,12,50,Rural,High Speed (Arterial),Yes,39.142975,-121.77598611,Non-Intersection,Daylight,Clear,Unknown,Unknown,Unknown EMS Scene Arrival Hour,Unknown EMS Scene Arrival Minutes,Unknown,Unknown EMS Hospital Arrival Time,2,Daylight,Clear,2,2,"['Driver', 'Driver']","['Shoulder_Lapbelt', 'Shoulder_Lapbelt']",0,0,Valid,0.0,1.0,88.0,40.0,"['Male', 'Female', 'Female']",0,0,3,4,5,Dry,Curve,Level,Lowest,No
2898,6,California,60217,0,2,2,0,2,NOT APPLICABLE,April,26,Wednesday,20,37,Urban,High Speed (Arterial),Yes,39.05930278,-121.63355278,Non-Intersection,Dark - Not Lighted,Clear,8:00pm-8:59pm,Unknown,8:00pm-8:59pm,Unknown EMS Scene Arrival Minutes,Not Applicable (Not Transported),Not Applicable (Not Transported),2,Dark - Unlighted,Clear,2,0,"['Driver', 'Driver']","['Shoulder_Lapbelt', 'Shoulder_Lapbelt']",0,0,Valid,0.0,0.0,74.0,69.0,"['Male', 'Female']",0,0,3,4,5,Dry,Straight,Level,Lowest,No
2899,6,California,60218,1,2,2,0,2,NOT APPLICABLE,April,7,Friday,22,48,Urban,High Speed (Arterial),Yes,36.78929444,-121.66771667,Non-Intersection,Dark - Not Lighted,Cloudy,10:00pm-10:59pm,Unknown,Unknown EMS Scene Arrival Hour,Unknown EMS Scene Arrival Minutes,Not Applicable (Not Transported),Not Applicable (Not Transported),1,Dark - Unlighted,Reduced Visibility,0,2,[],[],0,0,Valid,0.0,1.0,48.0,30.0,"['Male', 'Male']",0,0,4,3,5,Dry,Straight,Level,Lowest,No
2900,6,California,60219,0,1,1,0,1,NOT APPLICABLE,April,9,Sunday,19,53,Rural,Medium Speed (Collector),No,36.38427778,-119.13541944,Non-Intersection,Dark - Not Lighted,Clear,7:00pm-7:59pm,Unknown,Unknown EMS Scene Arrival Hour,Unknown EMS Scene Arrival Minutes,Not Applicable (Not Transported),Not Applicable (Not Transported),1,Dark - Unlighted,Clear,1,0,['Driver'],['Shoulder_Lapbelt'],1,1,Valid,0.0,0.0,51.0,51.0,['Male'],0,0,3,1,3,Dry,Straight,Level,Lowest,No
2901,6,California,60220,1,1,1,0,6,ORANGE,January,4,Wednesday,18,28,Urban,High Speed (Arterial),No,33.78040278,-117.87135,Complex/Circle,Dark - Lighted,Rain,Unknown,Unknown,Unknown EMS Scene Arrival Hour,Unknown EMS Scene Arrival Minutes,Unknown,Unknown EMS Hospital Arrival Time,1,Dark - Lighted,Rain/Wind/Minor,0,6,[],[],0,0,Invalid,0.0,0.0,28.0,28.0,['Female'],0,0,2,3,4,Wet/Standing Water,Straight,Level,Lowest,No
2902,6,California,60221,2,2,2,0,2,NOT APPLICABLE,February,3,Friday,1,36,Urban,High Speed (Arterial),Yes,34.00481111,-117.41079167,Non-Intersection,Dark - Not Lighted,Clear,1:00am-1:59am,Unknown,1:00am-1:59am,Unknown EMS Scene Arrival Minutes,Unknown,Unknown EMS Hospital Arrival Time,1,Dark - Unlighted,Clear,0,2,[],[],0,0,Valid,1.0,0.0,55.0,23.0,"['Male', 'Female']",0,0,3,1,4,Dry,Curve,Level,Lowest,No
2903,6,California,60222,0,1,1,0,4,NOT APPLICABLE,February,23,Thursday,0,5,Rural,High Speed (Arterial),Yes,35.491725,-117.66026389,Non-Intersection,Dark - Not Lighted,Snow,Unknown,Unknown,Unknown EMS Scene Arrival Hour,Unknown EMS Scene Arrival Minutes,Unknown,Unknown EMS Hospital Arrival Time,1,Dark - Unlighted,Snow/Ice/Severe,1,3,['Driver'],['None_Used'],1,1,Invalid,0.0,0.0,32.0,32.0,['Male'],0,0,3,4,3,Icy/Snowy,Straight,Level,Lowest,No
2904,6,California,60224,0,2,2,0,3,NOT APPLICABLE,February,15,Wednesday,5,17,Rural,High Speed (Arterial),Yes,41.95721667,-121.92159167,Non-Intersection,Dark - Not Lighted,Clear,Unknown,Unknown,Unknown EMS Scene Arrival Hour,Unknown EMS Scene Arrival Minutes,Unknown,Unknown EMS Hospital Arrival Time,1,Dark - Unlighted,Clear,1,2,['Front_Passenger'],['None_Used'],1,1,Valid,0.0,1.0,68.0,52.0,"['Male', 'Male']",2,0,4,4,5,Dry,Straight,Level,Lowest,No
2905,6,California,60225,0,2,2,0,2,NOT APPLICABLE,March,30,Thursday,19,47,Urban,High Speed (Arterial),Yes,37.029275,-121.57060556,Non-Intersection,Dusk,Clear,Unknown,Unknown,Unknown EMS Scene Arrival Hour,Unknown EMS Scene Arrival Minutes,Not Applicable (Not Transported),Not Applicable (Not Transported),1,Twilight,Clear,1,1,['Driver'],['Shoulder_Lapbelt'],1,1,Valid,0.0,0.0,47.0,33.0,"['Female', 'Male']",1,0,2,4,5,Dry,Straight,Level,Lowest,No
2906,6,California,60226,0,2,2,0,3,NOT APPLICABLE,March,2,Thursday,15,18,Rural,High Speed (Arterial),Yes,38.77631944,-120.46446667,Non-Intersection,Daylight,Clear,Unknown,Unknown,Unknown EMS Scene Arrival Hour,Unknown EMS Scene Arrival Minutes,Unknown,Unknown EMS Hospital Arrival Time,2,Daylight,Clear,2,1,"['Driver', 'Front_Passenger']","['Shoulder_Lapbelt', 'Shoulder_Lapbelt']",0,0,Valid,0.0,0.0,83.0,52.0,"['Male', 'Male']",1,0,3,4,5,Dry,Curve,Level,Lowest,No
2907,6,California,60227,0,1,1,0,2,NOT APPLICABLE,March,8,Wednesday,2,20,Rural,Medium Speed (Collector),No,34.45810278,-117.67070278,Non-Intersection,Dark - Not Lighted,Clear,Unknown,Unknown,Unknown EMS Scene Arrival Hour,Unknown EMS Scene Arrival Minutes,Unknown,Unknown EMS Hospital Arrival Time,1,Dark - Unlighted,Clear,1,1,['Driver'],['None_Used'],0,0,Invalid,1.0,0.0,24.0,24.0,['Male'],2,0,2,4,3,Dry,Straight,Level,Lowest,No
2908,6,California,60228,0,1,1,0,1,HESPERIA,March,17,Friday,2,28,Urban,High Speed (Arterial),Yes,34.40595556,-117.39630278,Non-Intersection,Dark - Not Lighted,Clear,Unknown,Unknown,Unknown EMS Scene Arrival Hour,Unknown EMS Scene Arrival Minutes,Not Applicable (Not Transported),Not Applicable (Not Transported),1,Dark - Unlighted,Clear,1,0,['Driver'],['Shoulder_Lapbelt'],1,1,Valid,0.0,0.0,24.0,24.0,['Male'],0,0,2,4,3,Dry,Straight,Level,Lowest,No