,State_Code,State_Name,Crash_ID,Count_Non_Motorists,Count_Vehicles_Total,Count_Vehicle_Forms,Count_PVH_Involved,Count_Occupants_MV,City_Name,Month_Name,Day_of_Month,Day_of_Week,Crash_Hour,Crash_Minute,Area_Rural_Urban,Road_Functional_Class,On_NHS_Road,Latitude,Longitude,Intersection_Type,Light_Condition,Weather_Condition,Notif_Hour,Notif_Minute,Arrival_Hour,Arrival_Minute,Hospital_Hour,Hospital_Minute,Fatalities_Count,Clean_Light_Condition,Clean_Weather_Condition,Total_Killed,Total_Alive,Fatal_Seats_List,Killed_Restraint_List,Any_Driver_Drinking,Total_Drinking_Drivers,Driver_License_Category,Driver_Max_Prev_Accident_Count,Driver_Max_Prev_Speeding_Count,Max_Driver_Age,Min_Driver_Age,Driver_Sex_List,Total_Exceeding_Limit_Vehicles,Total_Too_Fast_Vehicles,Max_Vehicle_Type_Severity_5,Max_Vehicle_Damage_Rank,Max_Harmful_Event_Severity,Crash_Road_Surface_Condition,Crash_Horizontal_Alignment,Crash_Vertical_Profile,Crash_Impairment_Category,Crash_Vehicle_Defect
3259,6,California,60583,0,1,1,0,1,SAN DIEGO,March,12,Sunday,11,10,Urban,High Speed (Arterial),Yes,32.73264167,-117.11213333,Non-Intersection,Daylight,Clear,11:00am-11:59am,Unknown,11:00am-11:59am,Unknown EMS Scene Arrival Minutes,Not Applicable (Not Transported),Not Applicable (Not Transported),1,Daylight,Clear,1,0,['Driver'],['None_Used'],0,0,Valid,0.0,0.0,23.0,23.0,['Male'],1,0,5,4,3,Dry,Curve,Level,Lowest,No
3260,6,California,60584,1,2,2,0,2,SACRAMENTO,May,30,Tuesday,4,40,Urban,High Speed (Arterial),Yes,38.55178611,-121.41755,Non-Intersection,Dark - Lighted,Clear,4:00am-4:59am,41,4:00am-4:59am,Unknown EMS Scene Arrival Minutes,Not Applicable (Not Transported),Not Applicable (Not Transported),1,Dark - Lighted,Clear,0,2,[],[],0,0,Valid,0.0,0.0,998.0,45.0,"['Male', 'Other']",0,0,2,3,5,Dry,Straight,Level,Lowest,No
3261,6,California,60585,1,1,1,0,1,MODESTO,February,2,Thursday,23,42,Urban,High Speed (Arterial),Yes,37.64309444,-121.01209722,Non-Intersection,Dark - Not Lighted,Clear,11:00pm-11:59pm,Unknown,11:00pm-11:59pm,Unknown EMS Scene Arrival Minutes,Not Applicable (Not Transported),Not Applicable (Not Transported),1,Dark - Unlighted,Clear,0,1,[],[],0,0,Valid,0.0,0.0,31.0,31.0,['Male'],0,0,4,1,4,Dry,Straight,Level,Lowest,No
3262,6,California,60586,0,1,1,0,1,JURUPA VALLEY,April,25,Tuesday,3,20,Urban,Medium Speed (Collector),No,34.03306111,-117.39268889,Complex/Circle,Dark - Not Lighted,Clear,Unknown,Unknown,Unknown EMS Scene Arrival Hour,Unknown EMS Scene Arrival Minutes,Not Applicable (Not Transported),Not Applicable (Not Transported),1,Dark - Unlighted,Clear,1,0,['Driver'],['None_Used'],1,1,Valid,0.0,1.0,27.0,27.0,['Male'],0,0,3,4,3,Dry,Straight,Level,Lowest,No
3263,6,California,60587,0,1,1,0,1,NOT APPLICABLE,May,10,Wednesday,12,22,Rural,High Speed (Arterial),Yes,33.66211944,-115.83544722,Non-Intersection,Daylight,Clear,12:00pm-12:59pm,24,12:00pm-12:59pm,Unknown EMS Scene Arrival Minutes,Not Applicable (Not Transported),Not Applicable (Not Transported),1,Daylight,Clear,1,0,['Driver'],['Shoulder_Lapbelt'],0,0,Valid,2.0,0.0,57.0,57.0,['Male'],0,0,4,1,2,Dry,Straight,Level,Lowest,No
3264,6,California,60588,0,2,2,0,4,NOT APPLICABLE,May,27,Saturday,13,49,Rural,Medium Speed (Collector),No,38.42116389,-121.52475556,Non-Intersection,Daylight,Clear,Unknown,Unknown,Unknown EMS Scene Arrival Hour,Unknown EMS Scene Arrival Minutes,Not Applicable (Not Transported),Not Applicable (Not Transported),1,Daylight,Clear,1,3,['Driver'],['None_Used'],0,0,Valid,1.0,0.0,69.0,49.0,"['Male', 'Male']",0,0,5,4,5,Dry,Straight,Level,Lowest,No
3265,6,California,60589,0,3,3,0,9,NOT APPLICABLE,February,14,Tuesday,16,5,Rural,High Speed (Arterial),Yes,37.05697222,-121.00376389,Non-Intersection,Daylight,Severe Crosswinds,4:00pm-4:59pm,Unknown,4:00pm-4:59pm,Unknown EMS Scene Arrival Minutes,Unknown,Unknown EMS Hospital Arrival Time,3,Daylight,Rain/Wind/Minor,3,6,"['Driver', 'Front_Passenger', 'Rear_Seat']","['Shoulder_Lapbelt', 'Shoulder_Lapbelt', 'Shoulder_Lapbelt']",0,0,Valid,0.0,1.0,38.0,21.0,"['Male', 'Male', 'Female']",0,0,3,4,5,Dry,Straight,Level,Lowest,No
3266,6,California,60590,3,1,1,0,1,NOT APPLICABLE,April,2,Sunday,16,15,Urban,High Speed (Arterial),No,33.58901944,-117.62853056,Non-Intersection,Daylight,Clear,4:00pm-4:59pm,Unknown,4:00pm-4:59pm,Unknown EMS Scene Arrival Minutes,4:00pm-4:59pm,Unknown EMS Hospital Arrival Time,1,Daylight,Clear,0,1,[],[],0,0,Valid,0.0,0.0,54.0,54.0,['Male'],0,0,2,1,4,Dry,Straight,Level,Lowest,No
3267,6,California,60591,1,1,1,0,3,NOT APPLICABLE,May,27,Saturday,21,24,Urban,High Speed (Arterial),No,35.41209722,-119.020975,Non-Intersection,Dark - Not Lighted,Clear,9:00pm-9:59pm,25,9:00pm-9:59pm,Unknown EMS Scene Arrival Minutes,Not Applicable (Not Transported),Not Applicable (Not Transported),1,Dark - Unlighted,Clear,0,3,[],[],0,0,Valid,2.0,0.0,26.0,26.0,['Male'],0,0,3,3,4,Dry,Straight,Level,Lowest,No
3268,6,California,60592,0,2,2,0,2,SAN DIEGO,March,31,Friday,4,2,Rural,High Speed (Arterial),No,32.71324444,-117.14386667,Non-Intersection,Dark - Not Lighted,Clear,4:00am-4:59am,Unknown,4:00am-4:59am,Unknown EMS Scene Arrival Minutes,Unknown,Unknown EMS Hospital Arrival Time,1,Dark - Unlighted,Clear,1,1,['Driver'],['Shoulder_Lapbelt'],0,0,Valid,0.0,1.0,49.0,21.0,"['Male', 'Male']",1,0,3,4,5,Dry,Curve,Grade/Hillcrest,Lowest,No
3269,6,California,60593,0,1,1,0,1,NOT APPLICABLE,July,16,Sunday,18,30,Rural,High Speed (Arterial),Yes,40.76067778,-123.28167778,Non-Intersection,Daylight,Clear,6:00pm-6:59pm,Unknown,Unknown EMS Scene Arrival Hour,Unknown EMS Scene Arrival Minutes,Not Applicable (Not Transported),Not Applicable (Not Transported),1,Daylight,Clear,1,0,['Driver'],['None_Used'],1,1,Valid,0.0,0.0,57.0,57.0,['Male'],1,0,5,4,2,Dry,Curve,Level,Lowest,No
3270,6,California,60594,0,2,2,0,2,SAN JOSE,January,14,Saturday,1,0,Urban,High Speed (Arterial),Yes,37.37151389,-121.91549444,Non-Intersection,Dark - Lighted,Rain,1:00am-1:59am,Unknown,1:00am-1:59am,Unknown EMS Scene Arrival Minutes,Not Applicable (Not Transported),Not Applicable (Not Transported),1,Dark - Lighted,Rain/Wind/Minor,1,1,['Driver'],['Shoulder_Lapbelt'],1,1,Invalid,0.0,0.0,45.0,40.0,"['Male', 'Male']",1,0,3,4,5,Wet/Standing Water,Curve,Grade/Hillcrest,Lowest,No
3271,6,California,60595,0,4,4,0,6,SAN DIEGO,January,13,Friday,22,45,Urban,High Speed (Arterial),Yes,32.96275,-117.09692778,Non-Intersection,Dark - Lighted,Clear,Unknown,Unknown,Unknown EMS Scene Arrival Hour,Unknown EMS Scene Arrival Minutes,Not Applicable (Not Transported),Not Applicable (Not Transported),1,Dark - Lighted,Clear,1,5,['Driver'],['None_Used'],0,0,Valid,0.0,0.0,39.0,20.0,"['Male', 'Male', 'Male', 'Female']",3,0,5,4,5,Dry,Straight,Level,Lowest,No
3272,6,California,60596,0,3,3,0,4,NOT APPLICABLE,January,19,Thursday,10,15,Rural,High Speed (Arterial),No,38.49615556,-121.39053889,Complex/Circle,Daylight,Clear,10:00am-10:59am,Unknown,10:00am-10:59am,Unknown EMS Scene Arrival Minutes,Not Applicable (Not Transported),Not Applicable (Not Transported),2,Daylight,Clear,2,2,"['Driver', 'Front_Passenger']","['Shoulder_Lapbelt', 'Shoulder_Lapbelt']",0,0,Valid,0.0,0.0,65.0,22.0,"['Male', 'Female', 'Male']",1,0,3,4,5,Dry,Straight,Level,Lowest,No
3273,6,California,60597,0,1,1,0,1,NOT APPLICABLE,March,8,Wednesday,5,50,Rural,Medium Speed (Collector),No,32.8196,-116.52591667,Non-Intersection,Dawn,Clear,5:00am-5:59am,58,Unknown EMS Scene Arrival Hour,Unknown EMS Scene Arrival Minutes,Not Applicable (Not Transported),Not Applicable (Not Transported),1,Twilight,Clear,1,0,['Driver'],['None_Used'],0,0,Valid,0.0,0.0,45.0,45.0,['Male'],0,0,3,4,3,Dry,Straight,Grade/Hillcrest,Lowest,No
3274,6,California,60598,0,2,2,0,3,ANAHEIM,March,5,Sunday,8,45,Urban,High Speed (Arterial),Yes,33.854175,-117.88996667,Non-Intersection,Daylight,Cloudy,Unknown,Unknown,Unknown EMS Scene Arrival Hour,Unknown EMS Scene Arrival Minutes,Unknown,Unknown EMS Hospital Arrival Time,1,Daylight,Reduced Visibility,1,2,['Front_Passenger'],['Shoulder_Lapbelt'],0,0,Valid,0.0,0.0,32.0,22.0,"['Female', 'Male']",1,0,3,4,5,Dry,Straight,Level,Lowest,No
3275,6,California,60599,0,1,1,0,1,NOT APPLICABLE,April,5,Wednesday,99,99,Rural,High Speed (Arterial),Yes,37.82793889,-120.18972222,Non-Intersection,Daylight,Clear,Unknown,Unknown,Unknown EMS Scene Arrival Hour,Unknown EMS Scene Arrival Minutes,Not Applicable (Not Transported),Not Applicable (Not Transported),1,Daylight,Clear,1,0,['Driver'],['Shoulder_Lapbelt'],0,0,Valid,0.0,0.0,59.0,59.0,['Female'],0,0,3,4,3,Dry,Curve,Grade/Hillcrest,Lowest,No
3276,6,California,60600,0,1,1,0,1,NOT APPLICABLE,July,2,Sunday,5,54,Urban,High Speed (Arterial),Yes,37.65509444,-121.02585,Non-Intersection,Dawn,Clear,5:00am-5:59am,57,Unknown EMS Scene Arrival Hour,Unknown EMS Scene Arrival Minutes,Not Applicable (Not Transported),Not Applicable (Not Transported),1,Twilight,Clear,1,0,['Driver'],['Shoulder_Lapbelt'],0,0,Invalid,0.0,0.0,21.0,21.0,['Male'],1,0,2,4,3,Dry,Curve,Level,Lowest,No
3277,6,California,60601,1,1,1,0,3,NOT APPLICABLE,April,12,Wednesday,0,40,Urban,High Speed (Arterial),Yes,36.72775556,-119.79546944,Non-Intersection,Dark - Lighted,Clear,Unknown,Unknown,Unknown EMS Scene Arrival Hour,Unknown EMS Scene Arrival Minutes,Not Applicable (Not Transported),Not Applicable (Not Transported),1,Dark - Lighted,Clear,0,3,[],[],0,0,Invalid,0.0,0.0,34.0,34.0,['Male'],0,0,3,3,4,Dry,Straight,Level,Lowest,No
3278,6,California,60602,0,2,2,0,2,NOT APPLICABLE,July,13,Thursday,8,55,Rural,High Speed (Arterial),No,34.13509167,-116.21533333,Non-Intersection,Daylight,Clear,9:00am-9:59am,0,9:00am-9:59am,Unknown EMS Scene Arrival Minutes,Unknown,Unknown EMS Hospital Arrival Time,1,Daylight,Clear,1,1,['Driver'],['Shoulder_Lapbelt'],1,1,Invalid,0.0,0.0,55.0,32.0,"['Male', 'Male']",0,0,4,1,5,Dry,Straight,Level,Lowest,No
3279,6,California,60603,0,1,1,0,1,NOT APPLICABLE,April,21,Friday,19,10,Urban,Medium Speed (Collector),No,41.76734167,-124.20928333,Simple Junction,Daylight,Cloudy,7:00pm-7:59pm,16,Unknown EMS Scene Arrival Hour,Unknown EMS Scene Arrival Minutes,Unknown,Unknown EMS Hospital Arrival Time,1,Daylight,Reduced Visibility,1,0,['Driver'],['None_Used'],1,1,Valid,0.0,0.0,29.0,29.0,['Male'],1,0,2,4,3,Dry,Straight,Level,Lowest,No
3280,6,California,60604,0,1,1,0,1,NOT APPLICABLE,April,28,Friday,23,24,Urban,High Speed (Arterial),Yes,36.72947778,-121.65788333,Non-Intersection,Dark - Not Lighted,Clear,11:00pm-11:59pm,Unknown,11:00pm-11:59pm,Unknown EMS Scene Arrival Minutes,Unknown,Unknown EMS Hospital Arrival Time,1,Dark - Unlighted,Clear,1,0,['Driver'],['Shoulder_Lapbelt'],0,0,Valid,0.0,0.0,85.0,85.0,['Female'],0,0,2,4,3,Dry,Straight,Level,Lowest,No
3281,6,California,60605,0,2,2,0,2,NOT APPLICABLE,June,3,Saturday,13,46,Rural,Medium Speed (Collector),No,35.39087222,-120.57751944,Non-Intersection,Daylight,Clear,1:00pm-1:59pm,50,Unknown EMS Scene Arrival Hour,Unknown EMS Scene Arrival Minutes,Unknown,Unknown EMS Hospital Arrival Time,1,Daylight,Clear,1,1,['Driver'],['None_Used'],0,0,Valid,0.0,0.0,74.0,52.0,"['Female', 'Male']",0,0,5,3,5,Dry,Curve,Grade/Hillcrest,Lowest,No
3282,6,California,60606,0,2,2,0,2,LIVERMORE,June,13,Tuesday,15,48,Urban,High Speed (Arterial),Yes,37.69443056,-121.74700278,Complex/Circle,Daylight,Clear,Unknown,Unknown,Unknown EMS Scene Arrival Hour,Unknown EMS Scene Arrival Minutes,Unknown,Unknown EMS Hospital Arrival Time,1,Daylight,Clear,1,1,['Driver'],['None_Used'],0,0,Valid,0.0,0.0,62.0,30.0,"['Male', 'Female']",0,0,2,4,5,Dry,Straight,Level,Lowest,No
3283,6,California,60607,0,2,2,0,6,NOT APPLICABLE,June,18,Sunday,3,30,Urban,High Speed (Arterial),Yes,36.50738611,-121.434725,Non-Intersection,Dark - Not Lighted,Clear,3:00am-3:59am,34,3:00am-3:59am,Unknown EMS Scene Arrival Minutes,Unknown,Unknown EMS Hospital Arrival Time,2,Dark - Unlighted,Clear,2,4,"['Driver', 'Rear_Seat']","['Shoulder_Lapbelt', 'None_Used']",1,1,Invalid,0.0,0.0,30.0,25.0,"['Male', 'Male']",0,0,2,1,5,Dry,Straight,Level,Lowest,No
3284,6,California,60608,2,1,1,0,1,VISTA,June,18,Sunday,18,14,Urban,High Speed (Arterial),Yes,33.17777778,-117.22828333,Non-Intersection,Daylight,Clear,6:00pm-6:59pm,15,Unknown EMS Scene Arrival Hour,Unknown EMS Scene Arrival Minutes,Not Applicable (Not Transported),Not Applicable (Not Transported),2,Daylight,Clear,0,1,[],[],0,0,Valid,0.0,0.0,41.0,41.0,['Female'],0,0,2,4,4,Dry,Straight,Grade/Hillcrest,Lowest,No
3285,6,California,60609,0,2,2,0,2,NOT APPLICABLE,July,5,Wednesday,13,40,Rural,Medium Speed (Collector),No,39.270275,-121.05876667,Non-Intersection,Daylight,Clear,Unknown,Unknown,Unknown EMS Scene Arrival Hour,Unknown EMS Scene Arrival Minutes,Unknown,Unknown EMS Hospital Arrival Time,1,Daylight,Clear,1,1,['Driver'],['None_Used'],0,0,Invalid,3.0,0.0,45.0,35.0,"['Male', 'Female']",1,0,5,1,5,Dry,Straight,Grade/Hillcrest,Lowest,No
3286,6,California,60610,1,1,1,0,1,NOT APPLICABLE,February,3,Friday,18,50,Urban,Medium Speed (Collector),No,34.09924167,-117.46076389,Non-Intersection,Dark - Not Lighted,Clear,Unknown,Unknown,Unknown EMS Scene Arrival Hour,Unknown EMS Scene Arrival Minutes,Unknown,Unknown EMS Hospital Arrival Time,1,Dark - Unlighted,Clear,0,1,[],[],0,0,Valid,0.0,1.0,50.0,50.0,['Male'],0,0,2,3,4,Dry,Straight,Level,Lowest,No
3287,6,California,60611,0,2,2,0,3,NOT APPLICABLE,May,14,Sunday,18,0,Rural,Medium Speed (Collector),No,34.47238333,-117.12832222,Non-Intersection,Daylight,Clear,6:00pm-6:59pm,4,6:00pm-6:59pm,Unknown EMS Scene Arrival Minutes,Not Applicable (Not Transported),Not Applicable (Not Transported),1,Daylight,Clear,1,2,['Driver'],['Shoulder_Lapbelt'],1,1,Invalid,0.0,0.0,62.0,40.0,"['Male', 'Male']",0,0,2,1,5,Dry,Curve,Level,Lowest,No
3288,6,California,60612,0,1,1,0,1,POMONA,May,18,Thursday,17,50,Urban,High Speed (Arterial),Yes,34.06674444,-117.80791111,Non-Intersection,Daylight,Clear,5:00pm-5:59pm,53,6:00pm-6:59pm,8,Not Applicable (Not Transported),Not Applicable (Not Transported),1,Daylight,Clear,1,0,['Driver'],['None_Used'],1,1,Valid,0.0,0.0,27.0,27.0,['Male'],0,0,5,4,2,Dry,Curve,Level,Lowest,No
3289,6,California,60613,0,2,2,0,15,NOT APPLICABLE,June,14,Wednesday,5,18,Rural,Medium Speed (Collector),No,36.89618889,-121.67573889,Non-Intersection,Dark - Not Lighted,Rain,5:00am-5:59am,19,5:00am-5:59am,Unknown EMS Scene Arrival Minutes,Unknown,Unknown EMS Hospital Arrival Time,1,Dark - Unlighted,Rain/Wind/Minor,1,14,['Driver'],['Shoulder_Lapbelt'],1,1,Valid,1.0,0.0,67.0,62.0,"['Male', 'Male']",0,0,3,4,5,Dry,Curve,Level,Lowest,No
3290,6,California,60614,1,1,1,0,1,NOT APPLICABLE,July,3,Monday,21,3,Rural,Medium Speed (Collector),No,40.92545556,-121.61983889,Non-Intersection,Dark - Not Lighted,Clear,9:00pm-9:59pm,5,9:00pm-9:59pm,Unknown EMS Scene Arrival Minutes,Not Applicable (Not Transported),Not Applicable (Not Transported),1,Dark - Unlighted,Clear,0,1,[],[],0,0,Invalid,0.0,0.0,100.0,100.0,['Male'],0,0,3,4,4,Dry,Straight,Level,Lowest,No
3291,6,California,60615,0,1,1,0,1,NOT APPLICABLE,July,15,Saturday,9,0,Rural,Low Speed (Local),No,38.95828889,-123.63567222,Non-Intersection,Daylight,Clear,Unknown,Unknown,Unknown EMS Scene Arrival Hour,Unknown EMS Scene Arrival Minutes,Not Applicable (Not Transported),Not Applicable (Not Transported),1,Daylight,Clear,1,0,['Driver'],['Shoulder_Lapbelt'],0,0,Valid,0.0,0.0,39.0,39.0,['Male'],0,0,3,4,3,Dry,Curve,Level,Lowest,No
3292,6,California,60616,1,1,1,0,1,NOT APPLICABLE,July,3,Monday,19,15,Urban,Low Speed (Local),No,37.62608056,-121.01485278,Complex/Circle,Daylight,Clear,7:00pm-7:59pm,20,Unknown EMS Scene Arrival Hour,Unknown EMS Scene Arrival Minutes,Unknown,Unknown EMS Hospital Arrival Time,1,Daylight,Clear,0,1,[],[],0,0,Invalid,0.0,0.0,38.0,38.0,['Male'],1,0,3,1,4,Dry,Straight,Level,Lowest,No
3293,6,California,60617,0,2,2,0,2,ANAHEIM,February,20,Monday,22,48,Urban,High Speed (Arterial),Yes,33.84953333,-117.81586111,Non-Intersection,Dark - Not Lighted,Clear,10:00pm-10:59pm,48,Unknown EMS Scene Arrival Hour,Unknown EMS Scene Arrival Minutes,Unknown,Unknown EMS Hospital Arrival Time,1,Dark - Unlighted,Clear,1,1,['Driver'],['None_Used'],0,0,Valid,1.0,0.0,31.0,23.0,"['Male', 'Female']",1,0,2,4,5,Dry,Straight,Level,Lowest,No
3294,6,California,60618,0,3,3,0,3,NOT APPLICABLE,March,31,Friday,11,20,Rural,High Speed (Arterial),Yes,35.04164444,-118.170125,Non-Intersection,Daylight,Clear,Unknown,Unknown,Unknown EMS Scene Arrival Hour,Unknown EMS Scene Arrival Minutes,Unknown,Unknown EMS Hospital Arrival Time,1,Daylight,Clear,1,2,['Driver'],['None_Used'],0,0,Valid,0.0,0.0,67.0,51.0,"['Male', 'Male', 'Male']",0,0,3,4,5,Dry,Straight,Level,Lowest,No
3295,6,California,60619,0,1,1,0,1,NOT APPLICABLE,March,17,Friday,16,20,Rural,High Speed (Arterial),Yes,32.75166944,-117.00478889,Non-Intersection,Daylight,Clear,Unknown,Unknown,Unknown EMS Scene Arrival Hour,Unknown EMS Scene Arrival Minutes,Unknown,Unknown EMS Hospital Arrival Time,1,Daylight,Clear,1,0,['Driver'],['None_Used'],1,1,Valid,0.0,0.0,42.0,42.0,['Male'],0,0,5,4,2,Dry,Curve,Level,Lowest,No
3296,6,California,60620,0,2,2,0,4,NOT APPLICABLE,March,28,Tuesday,18,34,Urban,Medium Speed (Collector),No,33.36449444,-117.16383889,Complex/Circle,Daylight,Clear,6:00pm-6:59pm,41,Unknown EMS Scene Arrival Hour,Unknown EMS Scene Arrival Minutes,Unknown,Unknown EMS Hospital Arrival Time,1,Daylight,Clear,1,3,['Rear_Seat'],['Shoulder_Lapbelt'],0,0,Valid,0.0,0.0,64.0,22.0,"['Female', 'Male']",0,0,3,4,5,Dry,Curve,Level,Lowest,No
3297,6,California,60621,0,2,2,0,3,MURRIETA,June,1,Thursday,4,8,Urban,High Speed (Arterial),Yes,33.54984167,-117.14130556,Complex/Circle,Dark - Lighted,Clear,Unknown,Unknown,Unknown EMS Scene Arrival Hour,Unknown EMS Scene Arrival Minutes,Unknown,Unknown EMS Hospital Arrival Time,1,Dark - Lighted,Clear,1,2,['Driver'],['None_Used'],0,0,Valid,1.0,0.0,30.0,20.0,"['Male', 'Male']",1,0,5,4,5,Dry,Straight,Grade/Hillcrest,Lowest,No
3298,6,California,60623,1,1,1,0,1,NOT APPLICABLE,March,26,Sunday,21,41,Urban,Medium Speed (Collector),No,37.08941667,-122.09200556,Non-Intersection,Dark - Lighted,Clear,Unknown,Unknown,Unknown EMS Scene Arrival Hour,Unknown EMS Scene Arrival Minutes,Unknown,Unknown EMS Hospital Arrival Time,1,Dark - Lighted,Clear,0,1,[],[],0,0,Invalid,0.0,0.0,999.0,999.0,['Other'],0,0,1,0,4,Dry,Curve,Level,Lowest,No
3299,6,California,60624,0,1,1,0,1,LIVERMORE,January,21,Saturday,13,48,Urban,Medium Speed (Collector),No,37.69981111,-121.79774167,Non-Intersection,Daylight,Cloudy,Unknown,Unknown,Unknown EMS Scene Arrival Hour,Unknown EMS Scene Arrival Minutes,Not Applicable (Not Transported),Not Applicable (Not Transported),1,Daylight,Reduced Visibility,1,0,['Driver'],['None_Used'],1,1,Valid,0.0,0.0,39.0,39.0,['Male'],1,0,2,4,3,Dry,Curve,Level,Lowest,No
3300,6,California,60625,1,1,1,0,1,SANTA MONICA,April,14,Friday,19,52,Urban,High Speed (Arterial),No,34.01310278,-118.48388333,Non-Intersection,Dark - Lighted,Clear,Unknown,Unknown,Unknown EMS Scene Arrival Hour,Unknown EMS Scene Arrival Minutes,Unknown,Unknown EMS Hospital Arrival Time,1,Dark - Lighted,Clear,0,1,[],[],0,0,Valid,1.0,0.0,70.0,70.0,['Male'],0,0,3,2,4,Dry,Straight,Level,Lowest,No
3301,6,California,60626,0,2,2,0,3,NOT APPLICABLE,April,16,Sunday,23,15,Urban,Medium Speed (Collector),No,33.92394722,-118.30026667,Complex/Circle,Dark - Lighted,Clear,Unknown,Unknown,Unknown EMS Scene Arrival Hour,Unknown EMS Scene Arrival Minutes,Unknown,Unknown EMS Hospital Arrival Time,1,Dark - Lighted,Clear,1,2,['Front_Passenger'],['Shoulder_Lapbelt'],1,1,Invalid,0.0,0.0,50.0,22.0,"['Male', 'Female']",0,0,3,1,5,Dry,Straight,Level,Lowest,No
3302,6,California,60627,0,3,3,0,4,STOCKTON,May,3,Wednesday,14,25,Urban,Medium Speed (Collector),No,37.99605833,-121.29535556,Simple Junction,Daylight,Clear,2:00pm-2:59pm,25,Unknown EMS Scene Arrival Hour,Unknown EMS Scene Arrival Minutes,Unknown,Unknown EMS Hospital Arrival Time,1,Daylight,Clear,1,3,['Driver'],['Shoulder_Lapbelt'],0,0,Invalid,0.0,0.0,64.0,20.0,"['Male', 'Female', 'Female']",1,0,3,4,5,Dry,Straight,Level,Lowest,No
3303,6,California,60628,0,2,1,1,1,NOT APPLICABLE,May,7,Sunday,5,9,Urban,Medium Speed (Collector),No,36.64643056,-119.78178889,Non-Intersection,Dark - Not Lighted,Clear,5:00am-5:59am,13,5:00am-5:59am,Unknown EMS Scene Arrival Minutes,Not Applicable (Not Transported),Not Applicable (Not Transported),1,Dark - Unlighted,Clear,1,0,['Driver'],['Shoulder_Lapbelt'],1,1,Valid,0.0,0.0,26.0,26.0,['Male'],0,0,2,1,5,Dry,Straight,Level,Lowest,No
3304,6,California,60629,0,2,2,0,2,NOT APPLICABLE,May,20,Saturday,18,27,Urban,Medium Speed (Collector),No,34.42637778,-117.59007222,Complex/Circle,Daylight,Clear,6:00pm-6:59pm,28,6:00pm-6:59pm,Unknown EMS Scene Arrival Minutes,Unknown,Unknown EMS Hospital Arrival Time,1,Daylight,Clear,1,1,['Driver'],['Shoulder_Lapbelt'],0,0,Valid,1.0,0.0,76.0,70.0,"['Male', 'Male']",0,0,3,1,5,Dry,Straight,Level,Lowest,No
3305,6,California,60630,0,2,2,0,5,NOT APPLICABLE,May,21,Sunday,1,10,Rural,High Speed (Arterial),Yes,34.49845833,-117.74033056,Non-Intersection,Dark - Lighted,Cloudy,1:00am-1:59am,14,1:00am-1:59am,Unknown EMS Scene Arrival Minutes,Unknown,Unknown EMS Hospital Arrival Time,1,Dark - Lighted,Reduced Visibility,1,4,['Driver'],['Shoulder_Lapbelt'],0,0,Valid,0.0,0.0,38.0,23.0,"['Female', 'Male']",0,0,3,1,5,Dry,Straight,Level,Lowest,No
3306,6,California,60631,0,2,2,0,4,LOS ANGELES,May,26,Friday,2,48,Urban,High Speed (Arterial),Yes,34.02046111,-118.27825,Non-Intersection,Dark - Lighted,Clear,2:00am-2:59am,49,Unknown EMS Scene Arrival Hour,Unknown EMS Scene Arrival Minutes,Unknown,Unknown EMS Hospital Arrival Time,1,Dark - Lighted,Clear,1,3,['Driver'],['Shoulder_Lapbelt'],1,1,Valid,1.0,0.0,71.0,23.0,"['Female', 'Male']",0,0,2,4,5,Dry,Straight,Level,Lowest,No
3307,6,California,60632,0,1,1,0,1,NOT APPLICABLE,June,2,Friday,4,58,Urban,High Speed (Arterial),Yes,36.5362,-119.58376667,Non-Intersection,Dawn,Clear,5:00am-5:59am,4,Unknown EMS Scene Arrival Hour,Unknown EMS Scene Arrival Minutes,Not Applicable (Not Transported),Not Applicable (Not Transported),1,Twilight,Clear,1,0,['Driver'],['None_Used'],1,1,Invalid,1.0,1.0,20.0,20.0,['Male'],0,0,2,4,3,Dry,Straight,Level,Lowest,No
3308,6,California,60633,1,1,1,0,1,STOCKTON,June,3,Saturday,3,3,Urban,High Speed (Arterial),Yes,37.95341667,-121.27365556,Complex/Circle,Dark - Lighted,Clear,Unknown,Unknown,Unknown EMS Scene Arrival Hour,Unknown EMS Scene Arrival Minutes,Not Applicable (Not Transported),Not Applicable (Not Transported),1,Dark - Lighted,Clear,0,1,[],[],0,0,Invalid,0.0,0.0,998.0,998.0,['Other'],0,0,1,0,4,Dry,Straight,Level,Lowest,No