,State_Code,State_Name,Crash_ID,Count_Non_Motorists,Count_Vehicles_Total,Count_Vehicle_Forms,Count_PVH_Involved,Count_Occupants_MV,City_Name,Month_Name,Day_of_Month,Day_of_Week,Crash_Hour,Crash_Minute,Area_Rural_Urban,Road_Functional_Class,On_NHS_Road,Latitude,Longitude,Intersection_Type,Light_Condition,Weather_Condition,Notif_Hour,Notif_Minute,Arrival_Hour,Arrival_Minute,Hospital_Hour,Hospital_Minute,Fatalities_Count,Clean_Light_Condition,Clean_Weather_Condition,Total_Killed,Total_Alive,Fatal_Seats_List,Killed_Restraint_List,Any_Driver_Drinking,Total_Drinking_Drivers,Driver_License_Category,Driver_Max_Prev_Accident_Count,Driver_Max_Prev_Speeding_Count,Max_Driver_Age,Min_Driver_Age,Driver_Sex_List,Total_Exceeding_Limit_Vehicles,Total_Too_Fast_Vehicles,Max_Vehicle_Type_Severity_5,Max_Vehicle_Damage_Rank,Max_Harmful_Event_Severity,Crash_Road_Surface_Condition,Crash_Horizontal_Alignment,Crash_Vertical_Profile,Crash_Impairment_Category,Crash_Vehicle_Defect
3462,6,California,60793,0,2,2,0,2,NOT APPLICABLE,May,31,Wednesday,15,35,Urban,High Speed (Arterial),Yes,36.592875,-121.87868056,Non-Intersection,Daylight,Cloudy,3:00pm-3:59pm,39,Unknown EMS Scene Arrival Hour,Unknown EMS Scene Arrival Minutes,Unknown,Unknown EMS Hospital Arrival Time,1,Daylight,Reduced Visibility,1,1,['Driver'],['Lapbelt_Only'],0,0,Valid,0.0,0.0,62.0,32.0,"['Male', 'Male']",0,0,3,4,5,Dry,Curve,Level,Lowest,No
3463,6,California,60794,0,1,1,0,2,NOT APPLICABLE,June,7,Wednesday,22,24,Urban,High Speed (Arterial),Yes,36.80045,-121.66316111,Non-Intersection,Dark - Lighted,Clear,10:00pm-10:59pm,26,Unknown EMS Scene Arrival Hour,Unknown EMS Scene Arrival Minutes,Not Applicable (Not Transported),Not Applicable (Not Transported),1,Dark - Lighted,Clear,1,1,['Driver'],['Shoulder_Lapbelt'],1,1,Valid,0.0,0.0,21.0,21.0,['Male'],0,0,3,4,3,Dry,Straight,Level,Lowest,No
3464,6,California,60795,0,2,2,0,2,NOT APPLICABLE,June,9,Friday,7,43,Rural,Medium Speed (Collector),No,36.21148611,-119.81334444,Non-Intersection,Daylight,Clear,Unknown,Unknown,Unknown EMS Scene Arrival Hour,Unknown EMS Scene Arrival Minutes,Not Applicable (Not Transported),Not Applicable (Not Transported),1,Daylight,Clear,1,1,['Driver'],['Shoulder_Lapbelt'],0,0,Valid,0.0,0.0,59.0,50.0,"['Female', 'Female']",0,0,4,1,5,Dry,Straight,Level,Lowest,No
3465,6,California,60796,0,2,1,1,4,NOT APPLICABLE,July,9,Sunday,4,15,Urban,Medium Speed (Collector),No,37.63015833,-120.92987778,Non-Intersection,Dark - Lighted,Clear,4:00am-4:59am,18,4:00am-4:59am,Unknown EMS Scene Arrival Minutes,Unknown,Unknown EMS Hospital Arrival Time,1,Dark - Lighted,Clear,1,3,['Driver'],['Shoulder_Lapbelt'],1,1,Valid,0.0,0.0,34.0,34.0,['Male'],0,0,3,1,5,Dry,Straight,Level,Lowest,No
3466,6,California,60797,0,2,2,0,2,NOT APPLICABLE,July,27,Thursday,15,10,Rural,Medium Speed (Collector),Yes,39.87333611,-121.682275,Non-Intersection,Daylight,Clear,3:00pm-3:59pm,15,Unknown EMS Scene Arrival Hour,Unknown EMS Scene Arrival Minutes,Unknown,Unknown EMS Hospital Arrival Time,1,Daylight,Clear,1,1,['Driver'],['Shoulder_Lapbelt'],0,0,Valid,0.0,0.0,87.0,74.0,"['Female', 'Male']",0,0,3,1,5,Dry,Curve,Level,Lowest,No
3467,6,California,60798,0,2,2,0,5,NOT APPLICABLE,August,6,Sunday,14,15,Rural,High Speed (Arterial),Yes,39.61716111,-121.68424167,Non-Intersection,Daylight,Clear,2:00pm-2:59pm,Unknown,2:00pm-2:59pm,Unknown EMS Scene Arrival Minutes,Unknown,Unknown EMS Hospital Arrival Time,2,Daylight,Clear,2,3,"['Driver', 'Front_Passenger']","['Shoulder_Lapbelt', 'Shoulder_Lapbelt']",0,0,Invalid,0.0,0.0,54.0,25.0,"['Male', 'Male']",3,0,3,4,5,Dry,Straight,Level,Lowest,No
3468,6,California,60799,0,3,3,0,3,NOT APPLICABLE,March,16,Thursday,8,45,Rural,High Speed (Arterial),Yes,33.92318333,-116.700875,Non-Intersection,Daylight,Clear,Unknown,Unknown,Unknown EMS Scene Arrival Hour,Unknown EMS Scene Arrival Minutes,Not Applicable (Not Transported),Not Applicable (Not Transported),1,Daylight,Clear,1,2,['Driver'],['None_Used'],0,0,Valid,3.0,0.0,47.0,34.0,"['Male', 'Male', 'Female']",1,0,4,4,5,Dry,Straight,Level,Lowest,No
3469,6,California,60800,1,1,1,0,1,CAMPBELL,February,15,Wednesday,22,23,Urban,High Speed (Arterial),Yes,37.29090833,-121.93681667,Non-Intersection,Dark - Lighted,Clear,Unknown,Unknown,Unknown EMS Scene Arrival Hour,Unknown EMS Scene Arrival Minutes,Unknown,Unknown EMS Hospital Arrival Time,1,Dark - Lighted,Clear,0,1,[],[],0,0,Valid,0.0,0.0,22.0,22.0,['Female'],0,0,3,1,4,Dry,Straight,Level,Lowest,No
3470,6,California,60801,2,2,1,1,1,NOT APPLICABLE,February,25,Saturday,2,5,Rural,High Speed (Arterial),Yes,34.9454,-117.40503056,Non-Intersection,Dark - Not Lighted,Cloudy,2:00am-2:59am,10,2:00am-2:59am,32,Not Applicable (Not Transported),Not Applicable (Not Transported),1,Dark - Unlighted,Reduced Visibility,1,0,['Driver'],['Shoulder_Lapbelt'],0,0,Invalid,0.0,0.0,33.0,33.0,['Male'],0,0,2,1,5,Dry,Straight,Level,Lowest,No
3471,6,California,60802,0,1,1,0,1,NOT APPLICABLE,June,16,Friday,1,50,Rural,High Speed (Arterial),Yes,35.41303611,-115.76205,Non-Intersection,Dark - Not Lighted,Clear,Unknown,Unknown,Unknown EMS Scene Arrival Hour,Unknown EMS Scene Arrival Minutes,Not Applicable (Not Transported),Not Applicable (Not Transported),1,Dark - Unlighted,Clear,1,0,['Driver'],['None_Used'],0,0,Invalid,0.0,0.0,62.0,62.0,['Male'],0,0,2,4,3,Dry,Straight,Level,Lowest,No
3472,6,California,60803,0,2,2,0,4,NOT APPLICABLE,July,2,Sunday,18,20,Rural,Medium Speed (Collector),No,33.27515278,-116.83590556,Non-Intersection,Dusk,Clear,6:00pm-6:59pm,Unknown,6:00pm-6:59pm,Unknown EMS Scene Arrival Minutes,Not Applicable (Not Transported),Not Applicable (Not Transported),1,Twilight,Clear,1,3,['Driver'],['None_Used'],1,1,Valid,0.0,0.0,56.0,33.0,"['Male', 'Male']",1,0,5,4,5,Dry,Curve,Level,Lowest,No
3473,6,California,60804,0,3,3,0,3,NOT APPLICABLE,May,5,Friday,12,53,Urban,Medium Speed (Collector),No,36.34733333,-119.60293056,Non-Intersection,Daylight,Clear,Unknown,Unknown,Unknown EMS Scene Arrival Hour,Unknown EMS Scene Arrival Minutes,Not Applicable (Not Transported),Not Applicable (Not Transported),1,Daylight,Clear,1,2,['Driver'],['Shoulder_Lapbelt'],1,1,Invalid,1.0,0.0,59.0,25.0,"['Male', 'Male', 'Male']",1,0,4,4,5,Dry,Curve,Level,Lowest,No
3474,6,California,60805,1,1,1,0,1,NOT APPLICABLE,April,25,Tuesday,99,99,Urban,Low Speed (Local),No,38.20688333,-121.26498056,Non-Intersection,Dark - Lighted,Clear,Unknown,Unknown,Unknown EMS Scene Arrival Hour,Unknown EMS Scene Arrival Minutes,Not Applicable (Not Transported),Not Applicable (Not Transported),1,Dark - Lighted,Clear,0,1,[],[],0,0,Invalid,0.0,0.0,999.0,999.0,['Other'],0,0,1,0,4,Dry,Straight,Level,Lowest,No
3475,6,California,60806,0,1,1,0,1,NOT APPLICABLE,July,26,Wednesday,8,2,Rural,High Speed (Arterial),Yes,37.06255833,-121.23121389,Non-Intersection,Daylight,Clear,Unknown,Unknown,Unknown EMS Scene Arrival Hour,Unknown EMS Scene Arrival Minutes,Unknown,Unknown EMS Hospital Arrival Time,1,Daylight,Clear,1,0,['Driver'],['Shoulder_Lapbelt'],0,0,Valid,1.0,0.0,49.0,49.0,['Male'],0,0,2,4,3,Dry,Straight,Level,Lowest,No
3476,6,California,60807,1,2,1,1,1,RIVERSIDE,August,7,Monday,1,45,Urban,High Speed (Arterial),Yes,33.99234722,-117.35544444,Non-Intersection,Dark - Not Lighted,Clear,Unknown,Unknown,Unknown EMS Scene Arrival Hour,Unknown EMS Scene Arrival Minutes,Not Applicable (Not Transported),Not Applicable (Not Transported),1,Dark - Unlighted,Clear,0,1,[],[],1,1,Invalid,0.0,0.0,31.0,31.0,['Male'],0,0,3,3,4,Dry,Straight,Level,Lowest,No
3477,6,California,60809,0,1,1,0,3,NOT APPLICABLE,April,4,Tuesday,6,10,Urban,High Speed (Arterial),Yes,39.20754167,-123.20548333,Non-Intersection,Dawn,Cloudy,6:00am-6:59am,14,6:00am-6:59am,Unknown EMS Scene Arrival Minutes,Not Applicable (Not Transported),Not Applicable (Not Transported),3,Twilight,Reduced Visibility,3,0,"['Driver', 'Front_Passenger', 'Rear_Seat']","['Shoulder_Lapbelt', 'Shoulder_Lapbelt', 'Shoulder_Lapbelt']",1,1,Invalid,0.0,0.0,30.0,30.0,['Male'],0,0,2,4,3,Dry,Straight,Level,Lowest,No
3478,6,California,60810,0,1,1,0,2,LOS ANGELES,April,20,Thursday,22,33,Urban,High Speed (Arterial),Yes,34.03863056,-118.21990833,Non-Intersection,Dark - Lighted,Clear,10:00pm-10:59pm,40,Unknown EMS Scene Arrival Hour,Unknown EMS Scene Arrival Minutes,Unknown,Unknown EMS Hospital Arrival Time,1,Dark - Lighted,Clear,1,1,['Front_Passenger'],['None_Used'],0,0,Invalid,0.0,0.0,19.0,19.0,['Female'],2,0,2,1,3,Dry,Straight,Level,Lowest,No
3479,6,California,60811,0,2,2,0,3,LOS ANGELES,May,6,Saturday,20,50,Urban,High Speed (Arterial),Yes,34.13843889,-118.27649722,Non-Intersection,Dark - Lighted,Clear,8:00pm-8:59pm,55,Unknown EMS Scene Arrival Hour,Unknown EMS Scene Arrival Minutes,Not Applicable (Not Transported),Not Applicable (Not Transported),1,Dark - Lighted,Clear,1,2,['Driver'],['Shoulder_Lapbelt'],0,0,Invalid,1.0,0.0,58.0,54.0,"['Male', 'Male']",1,0,3,1,5,Dry,Straight,Level,Lowest,No
3480,6,California,60812,0,3,3,0,4,NOT APPLICABLE,July,13,Thursday,15,45,Rural,High Speed (Arterial),Yes,34.64998333,-120.18341667,Non-Intersection,Daylight,Clear,3:00pm-3:59pm,Unknown,3:00pm-3:59pm,Unknown EMS Scene Arrival Minutes,Unknown,Unknown EMS Hospital Arrival Time,1,Daylight,Clear,1,3,['Driver'],['Shoulder_Lapbelt'],0,0,Valid,2.0,1.0,65.0,39.0,"['Male', 'Male', 'Male']",1,0,3,4,5,Dry,Straight,Level,Lowest,No
3481,6,California,60813,0,2,2,0,2,NOT APPLICABLE,July,27,Thursday,8,1,Rural,Medium Speed (Collector),No,37.3285,-120.61453056,Non-Intersection,Daylight,Clear,8:00am-8:59am,3,8:00am-8:59am,Unknown EMS Scene Arrival Minutes,Not Applicable (Not Transported),Not Applicable (Not Transported),1,Daylight,Clear,1,1,['Driver'],['None_Used'],0,0,Valid,1.0,0.0,61.0,42.0,"['Male', 'Female']",0,0,5,1,5,Dry,Straight,Level,Lowest,No
3482,6,California,60814,0,1,1,0,1,NOT APPLICABLE,August,1,Tuesday,17,55,Rural,Medium Speed (Collector),No,37.09823056,-120.70747222,Non-Intersection,Daylight,Cloudy,Unknown,Unknown,Unknown EMS Scene Arrival Hour,Unknown EMS Scene Arrival Minutes,Not Applicable (Not Transported),Not Applicable (Not Transported),1,Daylight,Reduced Visibility,1,0,['Driver'],['Shoulder_Lapbelt'],0,0,Valid,0.0,0.0,20.0,20.0,['Male'],0,0,2,4,4,Dry,Straight,Level,Lowest,No
3483,6,California,60815,1,1,1,0,1,SAN JOSE,February,1,Wednesday,1,30,Urban,High Speed (Arterial),No,37.37798889,-121.81967778,Simple Junction,Dark - Not Lighted,Clear,Unknown,Unknown,Unknown EMS Scene Arrival Hour,Unknown EMS Scene Arrival Minutes,Not Applicable (Not Transported),Not Applicable (Not Transported),1,Dark - Unlighted,Clear,0,1,[],[],0,0,Valid,0.0,0.0,52.0,52.0,['Female'],0,0,3,1,4,Dry,Straight,Grade/Hillcrest,Lowest,No
3484,6,California,60816,0,1,1,0,2,NOT APPLICABLE,June,4,Sunday,6,40,Rural,Low Speed (Local),No,37.98223611,-121.16747222,Non-Intersection,Daylight,Clear,6:00am-6:59am,48,Unknown EMS Scene Arrival Hour,Unknown EMS Scene Arrival Minutes,Unknown,Unknown EMS Hospital Arrival Time,1,Daylight,Clear,1,1,['Driver'],['None_Used'],1,1,Invalid,0.0,0.0,18.0,18.0,['Male'],2,0,2,4,3,Dry,Straight,Level,Lowest,No
3485,6,California,60817,0,2,2,0,3,LATHROP,June,18,Sunday,18,50,Urban,High Speed (Arterial),Yes,37.78965556,-121.29649167,Non-Intersection,Daylight,Clear,Unknown,Unknown,Unknown EMS Scene Arrival Hour,Unknown EMS Scene Arrival Minutes,Unknown,Unknown EMS Hospital Arrival Time,1,Daylight,Clear,1,2,['Driver'],['Shoulder_Lapbelt'],1,1,Valid,0.0,0.0,57.0,57.0,"['Male', 'Male']",0,0,3,1,5,Dry,Curve,Level,Lowest,No
3486,6,California,60818,0,2,2,0,2,NOT APPLICABLE,July,6,Thursday,8,50,Rural,Medium Speed (Collector),No,37.18390278,-120.97015,Non-Intersection,Daylight,Clear,Unknown,Unknown,Unknown EMS Scene Arrival Hour,Unknown EMS Scene Arrival Minutes,Not Applicable (Not Transported),Not Applicable (Not Transported),1,Daylight,Clear,1,1,['Driver'],['None_Used'],0,0,Invalid,1.0,0.0,62.0,60.0,"['Male', 'Male']",0,0,4,4,5,Dry,Straight,Level,Lowest,No
3487,6,California,60819,0,1,1,0,2,NOT APPLICABLE,July,7,Friday,19,23,Urban,High Speed (Arterial),Yes,38.59101389,-122.84705833,Non-Intersection,Daylight,Clear,7:00pm-7:59pm,28,7:00pm-7:59pm,Unknown EMS Scene Arrival Minutes,Unknown,Unknown EMS Hospital Arrival Time,1,Daylight,Clear,1,1,['Driver'],['None_Used'],1,1,Valid,1.0,0.0,23.0,23.0,['Female'],0,0,2,4,3,Dry,Curve,Level,Lowest,No
3488,6,California,60820,0,1,1,0,1,NOT APPLICABLE,August,5,Saturday,23,58,Rural,High Speed (Arterial),Yes,37.19552222,-120.3404,Non-Intersection,Dark - Not Lighted,Clear,0:00am-0:59am,Unknown,0:00am-0:59am,Unknown EMS Scene Arrival Minutes,Not Applicable (Not Transported),Not Applicable (Not Transported),1,Dark - Unlighted,Clear,1,0,['Driver'],['Shoulder_Lapbelt'],0,0,Valid,0.0,0.0,65.0,65.0,['Male'],0,0,3,4,3,Dry,Straight,Level,Lowest,No
3489,6,California,60821,0,1,1,0,1,NOT APPLICABLE,May,21,Sunday,18,45,Urban,Medium Speed (Collector),No,34.21533333,-117.40279444,Non-Intersection,Daylight,Clear,7:00pm-7:59pm,47,6:00pm-6:59pm,Unknown EMS Scene Arrival Minutes,Not Applicable (Not Transported),Not Applicable (Not Transported),1,Daylight,Clear,1,0,['Driver'],['None_Used'],0,0,Valid,0.0,1.0,51.0,51.0,['Male'],1,0,5,4,2,Dry,Curve,Level,Lowest,No
3490,6,California,60822,0,2,2,0,2,PERRIS,July,12,Wednesday,15,45,Urban,High Speed (Arterial),Yes,33.84726944,-117.22609167,Non-Intersection,Daylight,Clear,Unknown,Unknown,Unknown EMS Scene Arrival Hour,Unknown EMS Scene Arrival Minutes,Unknown,Unknown EMS Hospital Arrival Time,1,Daylight,Clear,1,1,['Driver'],['None_Used'],1,1,Valid,0.0,0.0,52.0,29.0,"['Female', 'Female']",0,0,3,4,5,Dry,Straight,Non-Trafficway,Lowest,No
3491,6,California,60823,0,1,1,0,1,NOT APPLICABLE,March,26,Sunday,21,43,Rural,High Speed (Arterial),Yes,34.20680278,-117.41387222,Non-Intersection,Dark - Lighted,Clear,9:00pm-9:59pm,48,Unknown EMS Scene Arrival Hour,Unknown EMS Scene Arrival Minutes,Not Applicable (Not Transported),Not Applicable (Not Transported),1,Dark - Lighted,Clear,1,0,['Driver'],['Shoulder_Lapbelt'],1,1,Invalid,0.0,0.0,39.0,39.0,['Male'],0,0,2,4,3,Dry,Straight,Level,Lowest,No
3492,6,California,60824,0,1,1,0,1,NOT APPLICABLE,March,3,Friday,6,5,Rural,Medium Speed (Collector),No,36.40110556,-119.65075556,Non-Intersection,Dark - Not Lighted,Clear,6:00am-6:59am,12,Unknown EMS Scene Arrival Hour,Unknown EMS Scene Arrival Minutes,Unknown,Unknown EMS Hospital Arrival Time,1,Dark - Unlighted,Clear,1,0,['Driver'],['Shoulder_Lapbelt'],0,0,Valid,0.0,1.0,57.0,57.0,['Male'],0,0,3,1,3,Dry,Straight,Level,Lowest,No
3493,6,California,60825,0,1,1,0,1,WESTMINSTER,April,30,Sunday,4,50,Urban,High Speed (Arterial),Yes,33.74747222,-118.00863333,Non-Intersection,Dark - Lighted,Cloudy,Unknown,Unknown,Unknown EMS Scene Arrival Hour,Unknown EMS Scene Arrival Minutes,Unknown,Unknown EMS Hospital Arrival Time,1,Dark - Lighted,Reduced Visibility,1,0,['Driver'],['None_Used'],0,0,Valid,0.0,0.0,22.0,22.0,['Male'],0,0,5,4,3,Dry,Straight,Level,Lowest,No
3494,6,California,60826,0,1,1,0,1,LOS ANGELES,August,23,Wednesday,2,35,Urban,High Speed (Arterial),Yes,34.18514722,-118.47376667,Non-Intersection,Dark - Lighted,Clear,3:00am-3:59am,Unknown,Unknown EMS Scene Arrival Hour,Unknown EMS Scene Arrival Minutes,Unknown,Unknown EMS Hospital Arrival Time,1,Dark - Lighted,Clear,1,0,['Driver'],['Shoulder_Lapbelt'],0,0,Valid,1.0,0.0,23.0,23.0,['Female'],0,0,2,4,3,Dry,Straight,Level,Lowest,No
3495,6,California,60827,0,2,2,0,2,NOT APPLICABLE,February,13,Monday,11,29,Urban,High Speed (Arterial),Yes,33.88981667,-117.64642778,Complex/Circle,Daylight,Clear,11:00am-11:59am,30,Unknown EMS Scene Arrival Hour,Unknown EMS Scene Arrival Minutes,Not Applicable (Not Transported),Not Applicable (Not Transported),1,Daylight,Clear,1,1,['Driver'],['None_Used'],0,0,Valid,1.0,0.0,49.0,29.0,"['Male', 'Male']",1,0,5,4,5,Dry,Straight,Level,Lowest,No
3496,6,California,60828,1,1,1,0,2,COLTON,April,21,Friday,23,40,Urban,High Speed (Arterial),Yes,34.06490278,-117.30403889,Non-Intersection,Dark - Lighted,Clear,11:00pm-11:59pm,43,Unknown EMS Scene Arrival Hour,Unknown EMS Scene Arrival Minutes,Not Applicable (Not Transported),Not Applicable (Not Transported),1,Dark - Lighted,Clear,0,2,[],[],0,0,Valid,0.0,0.0,19.0,19.0,['Female'],0,0,2,4,4,Dry,Straight,Level,Lowest,No
3497,6,California,60829,0,2,2,0,3,TURLOCK,June,20,Tuesday,3,17,Urban,High Speed (Arterial),Yes,37.47619444,-120.8547,Non-Intersection,Dark - Lighted,Clear,Unknown,Unknown,Unknown EMS Scene Arrival Hour,Unknown EMS Scene Arrival Minutes,Unknown,Unknown EMS Hospital Arrival Time,1,Dark - Lighted,Clear,1,2,['Driver'],['Shoulder_Lapbelt'],1,1,Invalid,0.0,0.0,54.0,37.0,"['Male', 'Male']",0,0,3,1,5,Dry,Straight,Level,Lowest,No
3498,6,California,60830,0,2,2,0,2,NOT APPLICABLE,July,12,Wednesday,12,20,Rural,High Speed (Arterial),Yes,37.05565278,-120.7622,Simple Junction,Daylight,Clear,Unknown,Unknown,Unknown EMS Scene Arrival Hour,Unknown EMS Scene Arrival Minutes,Unknown,Unknown EMS Hospital Arrival Time,1,Daylight,Clear,1,1,['Driver'],['Shoulder_Lapbelt'],0,0,Valid,1.0,1.0,85.0,16.0,"['Male', 'Male']",0,0,2,4,5,Dry,Straight,Level,Lowest,No
3499,6,California,60831,0,2,2,0,2,NOT APPLICABLE,July,13,Thursday,21,48,Rural,High Speed (Arterial),Yes,38.72948333,-122.94157778,Non-Intersection,Dark - Not Lighted,Clear,9:00pm-9:59pm,Unknown,9:00pm-9:59pm,Unknown EMS Scene Arrival Minutes,Unknown,Unknown EMS Hospital Arrival Time,1,Dark - Unlighted,Clear,1,1,['Driver'],['Shoulder_Lapbelt'],1,1,Valid,0.0,0.0,45.0,36.0,"['Male', 'Male']",0,0,3,4,5,Dry,Curve,Level,Lowest,Yes
3500,6,California,60832,0,2,2,0,3,NOT APPLICABLE,August,3,Thursday,11,50,Urban,High Speed (Arterial),Yes,38.74808611,-121.22633056,Simple Junction,Daylight,Clear,Unknown,Unknown,Unknown EMS Scene Arrival Hour,Unknown EMS Scene Arrival Minutes,Not Applicable (Not Transported),Not Applicable (Not Transported),1,Daylight,Clear,1,2,['Driver'],['None_Used'],0,0,Valid,1.0,0.0,76.0,72.0,"['Male', 'Male']",0,0,5,4,5,Dry,Straight,Level,Lowest,No
3501,6,California,60833,0,1,1,0,1,NOT APPLICABLE,August,21,Monday,18,55,Rural,Low Speed (Local),No,36.81492778,-120.015675,Simple Junction,Daylight,Clear,Unknown,Unknown,Unknown EMS Scene Arrival Hour,Unknown EMS Scene Arrival Minutes,Unknown,Unknown EMS Hospital Arrival Time,1,Daylight,Clear,1,0,['Driver'],['Shoulder_Lapbelt'],1,1,Valid,1.0,1.0,43.0,43.0,['Male'],1,0,2,4,4,Dry,Straight,Level,Lowest,No
3502,6,California,60834,0,2,2,0,2,ONTARIO,February,21,Tuesday,0,5,Urban,High Speed (Arterial),Yes,34.03062222,-117.62499722,Non-Intersection,Dark - Lighted,Clear,0:00am-0:59am,5,0:00am-0:59am,16,Not Applicable (Not Transported),Not Applicable (Not Transported),1,Dark - Lighted,Clear,1,1,['Driver'],['None_Used'],1,1,Valid,0.0,0.0,78.0,56.0,"['Male', 'Female']",0,0,2,1,5,Dry,Straight,Level,Lowest,No
3503,6,California,60835,0,2,2,0,2,NOT APPLICABLE,May,31,Wednesday,15,4,Urban,High Speed (Arterial),Yes,41.85915,-124.14174167,Simple Junction,Daylight,Clear,3:00pm-3:59pm,7,Unknown EMS Scene Arrival Hour,Unknown EMS Scene Arrival Minutes,Unknown,Unknown EMS Hospital Arrival Time,1,Daylight,Clear,1,1,['Driver'],['Shoulder_Lapbelt'],0,0,Valid,0.0,0.0,56.0,19.0,"['Female', 'Male']",0,0,4,1,5,Dry,Straight,Level,Lowest,No
3504,6,California,60836,0,2,2,0,3,NOT APPLICABLE,April,21,Friday,4,30,Rural,High Speed (Arterial),Yes,34.32604722,-117.48205833,Non-Intersection,Dark - Not Lighted,Clear,4:00am-4:59am,33,Unknown EMS Scene Arrival Hour,Unknown EMS Scene Arrival Minutes,Unknown,Unknown EMS Hospital Arrival Time,1,Dark - Unlighted,Clear,1,2,['Front_Passenger'],['Shoulder_Lapbelt'],1,1,Valid,0.0,0.0,56.0,21.0,"['Male', 'Male']",2,0,4,1,5,Dry,Straight,Grade/Hillcrest,Lowest,No
3505,6,California,60837,0,2,2,0,2,NOT APPLICABLE,July,27,Thursday,12,5,Urban,High Speed (Arterial),Yes,33.83208333,-118.29031944,Non-Intersection,Daylight,Clear,12:00pm-12:59pm,8,Unknown EMS Scene Arrival Hour,Unknown EMS Scene Arrival Minutes,Unknown,Unknown EMS Hospital Arrival Time,1,Daylight,Clear,1,1,['Driver'],['Shoulder_Lapbelt'],1,1,Valid,1.0,0.0,81.0,20.0,"['Female', 'Female']",0,0,3,1,5,Dry,Straight,Level,Lowest,No
3506,6,California,60838,0,2,2,0,2,NOT APPLICABLE,August,3,Thursday,11,54,Urban,High Speed (Arterial),Yes,34.82468333,-118.17054444,Non-Intersection,Daylight,Clear,11:00am-11:59am,Unknown,11:00am-11:59am,Unknown EMS Scene Arrival Minutes,11:00am-11:59am,Unknown EMS Hospital Arrival Time,1,Daylight,Clear,1,1,['Driver'],['None_Used'],0,0,Invalid,1.0,0.0,59.0,56.0,"['Female', 'Male']",0,0,4,4,5,Dry,Straight,Level,Lowest,No
3507,6,California,60839,0,2,2,0,3,NOT APPLICABLE,August,22,Tuesday,15,45,Rural,High Speed (Arterial),Yes,37.78862222,-120.86388611,Simple Junction,Daylight,Clear,Unknown,Unknown,Unknown EMS Scene Arrival Hour,Unknown EMS Scene Arrival Minutes,Unknown,Unknown EMS Hospital Arrival Time,2,Daylight,Clear,2,1,"['Driver', 'Front_Passenger']","['Shoulder_Lapbelt', 'Shoulder_Lapbelt']",0,0,Valid,1.0,0.0,85.0,35.0,"['Male', 'Female']",0,0,4,4,5,Dry,Straight,Level,Lowest,No
3508,6,California,60840,1,1,1,0,2,NOT APPLICABLE,July,3,Monday,12,5,Urban,Medium Speed (Collector),No,33.99013611,-117.88901389,Complex/Circle,Daylight,Clear,Unknown,Unknown,Unknown EMS Scene Arrival Hour,Unknown EMS Scene Arrival Minutes,Unknown,Unknown EMS Hospital Arrival Time,1,Daylight,Clear,0,2,[],[],0,0,Valid,0.0,0.0,67.0,67.0,['Female'],0,0,3,2,4,Dry,Straight,Level,Lowest,No
3509,6,California,60841,0,4,2,2,1,LA MESA,February,25,Saturday,11,47,Urban,High Speed (Arterial),Yes,32.77285,-117.01669722,Non-Intersection,Daylight,Rain,Unknown,Unknown,Unknown EMS Scene Arrival Hour,Unknown EMS Scene Arrival Minutes,Unknown,Unknown EMS Hospital Arrival Time,1,Daylight,Rain/Wind/Minor,1,0,['Driver'],['None_Used'],0,0,Valid,0.0,0.0,18.0,18.0,['Male'],1,0,2,1,5,Wet/Standing Water,Straight,Grade/Hillcrest,Lowest,Yes
3510,6,California,60842,0,2,2,0,2,FRESNO,May,6,Saturday,15,51,Urban,Medium Speed (Collector),No,36.7477,-119.74544444,Complex/Circle,Daylight,Clear,Unknown,Unknown,Unknown EMS Scene Arrival Hour,Unknown EMS Scene Arrival Minutes,Not Applicable (Not Transported),Not Applicable (Not Transported),1,Daylight,Clear,1,1,['Driver'],['None_Used'],0,0,Valid,0.0,0.0,51.0,44.0,"['Male', 'Female']",1,0,5,2,5,Dry,Straight,Level,Lowest,No
3511,6,California,60843,0,2,2,0,2,ANAHEIM,August,7,Monday,15,3,Urban,High Speed (Arterial),Yes,33.84201111,-117.94164167,Non-Intersection,Daylight,Clear,Unknown,Unknown,Unknown EMS Scene Arrival Hour,Unknown EMS Scene Arrival Minutes,Unknown,Unknown EMS Hospital Arrival Time,1,Daylight,Clear,1,1,['Driver'],['None_Used'],0,0,Valid,0.0,0.0,63.0,49.0,"['Male', 'Male']",0,0,5,4,5,Dry,Straight,Level,Lowest,No