,State_Code,State_Name,Crash_ID,Count_Non_Motorists,Count_Vehicles_Total,Count_Vehicle_Forms,Count_PVH_Involved,Count_Occupants_MV,City_Name,Month_Name,Day_of_Month,Day_of_Week,Crash_Hour,Crash_Minute,Area_Rural_Urban,Road_Functional_Class,On_NHS_Road,Latitude,Longitude,Intersection_Type,Light_Condition,Weather_Condition,Notif_Hour,Notif_Minute,Arrival_Hour,Arrival_Minute,Hospital_Hour,Hospital_Minute,Fatalities_Count,Clean_Light_Condition,Clean_Weather_Condition,Total_Killed,Total_Alive,Fatal_Seats_List,Killed_Restraint_List,Any_Driver_Drinking,Total_Drinking_Drivers,Driver_License_Category,Driver_Max_Prev_Accident_Count,Driver_Max_Prev_Speeding_Count,Max_Driver_Age,Min_Driver_Age,Driver_Sex_List,Total_Exceeding_Limit_Vehicles,Total_Too_Fast_Vehicles,Max_Vehicle_Type_Severity_5,Max_Vehicle_Damage_Rank,Max_Harmful_Event_Severity,Crash_Road_Surface_Condition,Crash_Horizontal_Alignment,Crash_Vertical_Profile,Crash_Impairment_Category,Crash_Vehicle_Defect
4480,6,California,61828,1,1,1,0,1,LOS ANGELES,August,27,Sunday,1,30,Urban,Medium Speed (Collector),No,34.22848889,-118.49927222,Simple Junction,Dark - Lighted,Not Reported,Unknown,Unknown,Unknown EMS Scene Arrival Hour,Unknown EMS Scene Arrival Minutes,Not Applicable (Not Transported),Not Applicable (Not Transported),1,Dark - Lighted,Clear,0,0,[],[],0,0,Invalid,0.0,0.0,998.0,998.0,['Other'],0,0,1,0,4,Dry,Straight,Level,Lowest,No
4481,6,California,61829,0,1,1,0,1,ELK GROVE,August,28,Monday,0,44,Urban,Medium Speed (Collector),No,38.37886944,-121.44698611,Simple Junction,Dark - Lighted,Clear,Unknown,Unknown,Unknown EMS Scene Arrival Hour,Unknown EMS Scene Arrival Minutes,Not Applicable (Not Transported),Not Applicable (Not Transported),1,Dark - Lighted,Clear,1,0,['Driver'],['Shoulder_Lapbelt'],0,0,Invalid,0.0,0.0,19.0,19.0,['Male'],1,0,2,4,3,Dry,Curve,Level,Lowest,No
4482,6,California,61830,1,1,1,0,1,SAN BERNARDINO,August,29,Tuesday,20,25,Urban,Medium Speed (Collector),No,34.13588056,-117.24825278,Non-Intersection,Dark - Lighted,Clear,Unknown,Unknown,Unknown EMS Scene Arrival Hour,Unknown EMS Scene Arrival Minutes,Not Applicable (Not Transported),Not Applicable (Not Transported),1,Dark - Lighted,Clear,0,1,[],[],1,1,Invalid,0.0,0.0,16.0,16.0,['Male'],1,0,3,4,4,Dry,Straight,Level,Lowest,No
4483,6,California,61831,0,1,1,0,1,DIAMOND BAR,August,30,Wednesday,3,22,Urban,Medium Speed (Collector),No,33.97291667,-117.851375,Non-Intersection,Dark - Lighted,Clear,Unknown,Unknown,Unknown EMS Scene Arrival Hour,Unknown EMS Scene Arrival Minutes,Unknown,Unknown EMS Hospital Arrival Time,1,Dark - Lighted,Clear,1,0,['Driver'],['None_Used'],0,0,Valid,1.0,0.0,44.0,44.0,['Male'],0,0,3,4,3,Dry,Curve,Grade/Hillcrest,Lowest,No
4484,6,California,61832,0,2,2,0,2,NOT APPLICABLE,October,8,Sunday,16,27,Urban,High Speed (Arterial),Yes,38.70269167,-120.07258333,Non-Intersection,Daylight,Clear,Unknown,Unknown,Unknown EMS Scene Arrival Hour,Unknown EMS Scene Arrival Minutes,Not Applicable (Not Transported),Not Applicable (Not Transported),1,Daylight,Clear,1,1,['Driver'],['Shoulder_Lapbelt'],0,0,Valid,0.0,0.0,68.0,37.0,"['Male', 'Male']",2,0,4,1,5,Dry,Curve,Level,Lowest,No
4485,6,California,61833,0,1,1,0,1,NOT APPLICABLE,October,26,Thursday,15,35,Rural,Medium Speed (Collector),No,41.08324722,-122.72623056,Non-Intersection,Daylight,Cloudy,3:00pm-3:59pm,42,4:00pm-4:59pm,22,Not Applicable (Not Transported),Not Applicable (Not Transported),1,Daylight,Reduced Visibility,1,0,['Driver'],['None_Used'],0,0,Invalid,0.0,0.0,53.0,53.0,['Male'],0,0,3,4,3,Dry,Curve,Level,Lowest,No
4486,6,California,61834,0,1,1,0,1,NOT APPLICABLE,November,24,Friday,11,35,Urban,Medium Speed (Collector),No,33.85839444,-117.32271389,Non-Intersection,Daylight,Cloudy,11:00am-11:59am,37,Unknown EMS Scene Arrival Hour,Unknown EMS Scene Arrival Minutes,Unknown,Unknown EMS Hospital Arrival Time,1,Daylight,Reduced Visibility,1,0,['Driver'],['None_Used'],0,0,Valid,0.0,0.0,19.0,19.0,['Male'],1,0,5,1,3,Dry,Curve,Level,Lowest,No
4487,6,California,61835,0,3,3,0,4,BEAUMONT,January,20,Friday,22,23,Urban,High Speed (Arterial),Yes,33.93381389,-117.03283889,Non-Intersection,Dark - Not Lighted,Clear,10:00pm-10:59pm,Unknown,10:00pm-10:59pm,Unknown EMS Scene Arrival Minutes,Unknown,Unknown EMS Hospital Arrival Time,1,Dark - Unlighted,Clear,1,3,['Driver'],['Shoulder_Lapbelt'],1,1,Valid,0.0,0.0,47.0,20.0,"['Female', 'Female', 'Female']",1,0,3,3,5,Dry,Straight,Level,Lowest,No
4488,6,California,61836,0,1,1,0,2,NOT APPLICABLE,March,10,Friday,19,56,Urban,Medium Speed (Collector),No,33.85086944,-117.29641667,Non-Intersection,Dark - Not Lighted,Cloudy,Unknown,Unknown,Unknown EMS Scene Arrival Hour,Unknown EMS Scene Arrival Minutes,Unknown,Unknown EMS Hospital Arrival Time,1,Dark - Unlighted,Reduced Visibility,1,1,['Driver'],['None_Used'],1,1,Invalid,0.0,0.0,33.0,33.0,['Male'],2,0,3,4,3,Dry,Straight,Level,Lowest,No
4489,6,California,61837,0,2,2,0,2,NOT APPLICABLE,July,4,Tuesday,7,0,Urban,High Speed (Arterial),Yes,38.63231944,-121.39586111,Non-Intersection,Daylight,Clear,7:00am-7:59am,Unknown,7:00am-7:59am,Unknown EMS Scene Arrival Minutes,Unknown,Unknown EMS Hospital Arrival Time,1,Daylight,Clear,1,1,['Driver'],['Shoulder_Lapbelt'],1,1,Invalid,1.0,0.0,53.0,37.0,"['Male', 'Male']",0,0,3,4,5,Dry,Straight,Level,Lowest,No
4490,6,California,61838,0,1,1,0,1,ARCATA,July,19,Wednesday,99,99,Urban,High Speed (Arterial),Yes,40.89004167,-124.0802,Non-Intersection,Dawn,Cloudy,Unknown,Unknown,Unknown EMS Scene Arrival Hour,Unknown EMS Scene Arrival Minutes,Not Applicable (Not Transported),Not Applicable (Not Transported),1,Twilight,Reduced Visibility,1,0,['Driver'],['Shoulder_Lapbelt'],1,1,Valid,1.0,0.0,25.0,25.0,['Male'],1,0,2,4,3,Dry,Curve,Grade/Hillcrest,Lowest,No
4491,6,California,61839,1,1,1,0,2,DALY CITY,August,30,Wednesday,6,52,Urban,Medium Speed (Collector),No,37.70109444,-122.41560278,Complex/Circle,Dawn,Clear,Unknown,Unknown,Unknown EMS Scene Arrival Hour,Unknown EMS Scene Arrival Minutes,Unknown,Unknown EMS Hospital Arrival Time,1,Twilight,Clear,0,2,[],[],0,0,Valid,2.0,2.0,45.0,45.0,['Male'],0,0,1,1,4,Dry,Straight,Level,Lowest,No
4492,6,California,61840,1,1,1,0,1,SEASIDE,August,30,Wednesday,7,46,Urban,Medium Speed (Collector),No,36.60389722,-121.83786111,Simple Junction,Daylight,Clear,Unknown,Unknown,Unknown EMS Scene Arrival Hour,Unknown EMS Scene Arrival Minutes,Not Applicable (Not Transported),Not Applicable (Not Transported),1,Daylight,Clear,0,1,[],[],0,0,Valid,0.0,0.0,46.0,46.0,['Male'],0,0,3,2,4,Dry,Straight,Grade/Hillcrest,Lowest,No
4493,6,California,61841,0,2,2,0,4,SCOTTS VALLEY,August,30,Wednesday,16,52,Urban,Medium Speed (Collector),No,37.04765556,-122.03361667,Non-Intersection,Daylight,Clear,Unknown,Unknown,Unknown EMS Scene Arrival Hour,Unknown EMS Scene Arrival Minutes,Unknown,Unknown EMS Hospital Arrival Time,2,Daylight,Clear,2,2,"['Driver', 'Rear_Seat']","['None_Used', 'None_Used']",0,0,Invalid,2.0,0.0,62.0,29.0,"['Male', 'Male']",0,0,2,4,5,Dry,Straight,Grade/Hillcrest,Lowest,No
4494,6,California,61842,0,2,2,0,2,RIVERSIDE,August,29,Tuesday,19,51,Urban,High Speed (Arterial),Yes,33.94655833,-117.46894444,Complex/Circle,Dusk,Clear,7:00pm-7:59pm,Unknown,7:00pm-7:59pm,Unknown EMS Scene Arrival Minutes,Not Applicable (Not Transported),Not Applicable (Not Transported),1,Twilight,Clear,1,1,['Driver'],['None_Used'],1,1,Invalid,1.0,0.0,51.0,29.0,"['Male', 'Male']",1,0,5,1,5,Dry,Straight,Level,Lowest,No
4495,6,California,61843,0,2,2,0,3,PERRIS,August,30,Wednesday,16,15,Urban,Medium Speed (Collector),No,33.84226111,-117.20860833,Non-Intersection,Daylight,Clear,Unknown,Unknown,Unknown EMS Scene Arrival Hour,Unknown EMS Scene Arrival Minutes,Unknown,Unknown EMS Hospital Arrival Time,1,Daylight,Clear,1,2,['Front_Passenger'],['None_Used'],0,0,Valid,1.0,0.0,52.0,20.0,"['Male', 'Male']",1,0,3,4,5,Dry,Curve,Level,Lowest,No
4496,6,California,61844,1,1,1,0,1,GOLETA,September,20,Wednesday,15,1,Urban,High Speed (Arterial),Yes,34.42766389,-119.869825,Non-Intersection,Daylight,Clear,Unknown,Unknown,Unknown EMS Scene Arrival Hour,Unknown EMS Scene Arrival Minutes,Not Applicable (Not Transported),Not Applicable (Not Transported),1,Daylight,Clear,0,1,[],[],0,0,Valid,0.0,0.0,29.0,29.0,['Male'],0,0,2,1,4,Dry,Straight,Level,Medium,No
4497,6,California,61845,0,1,1,0,1,ONTARIO,October,5,Thursday,23,49,Urban,Low Speed (Local),No,34.06276667,-117.545875,Simple Junction,Dark - Lighted,Clear,Unknown,Unknown,Unknown EMS Scene Arrival Hour,Unknown EMS Scene Arrival Minutes,Not Applicable (Not Transported),Not Applicable (Not Transported),1,Dark - Lighted,Clear,1,0,['Driver'],['None_Used'],1,1,Valid,1.0,2.0,23.0,23.0,['Male'],0,0,2,4,3,Dry,Straight,Level,Lowest,No
4498,6,California,61846,0,2,2,0,5,FRESNO,October,9,Monday,18,31,Urban,Medium Speed (Collector),Yes,36.76861111,-119.73636111,Complex/Circle,Daylight,Clear,Unknown,Unknown,Unknown EMS Scene Arrival Hour,Unknown EMS Scene Arrival Minutes,Not Applicable (Not Transported),Not Applicable (Not Transported),1,Daylight,Clear,1,4,['Driver'],['None_Used'],0,0,Valid,0.0,1.0,45.0,29.0,"['Male', 'Male']",0,0,5,1,5,Dry,Straight,Level,Lowest,No
4499,6,California,61847,0,2,2,0,2,DIAMOND BAR,October,10,Tuesday,1,44,Urban,High Speed (Arterial),Yes,34.03326944,-117.80880833,Non-Intersection,Dark - Not Lighted,Clear,1:00am-1:59am,45,Unknown EMS Scene Arrival Hour,Unknown EMS Scene Arrival Minutes,Not Applicable (Not Transported),Not Applicable (Not Transported),1,Dark - Unlighted,Clear,1,1,['Driver'],['None_Used'],0,0,Valid,0.0,4.0,30.0,24.0,"['Male', 'Male']",1,0,5,4,5,Dry,Straight,Level,Lowest,No
4500,6,California,61848,0,1,1,0,2,FRESNO,October,13,Friday,21,21,Urban,High Speed (Arterial),Yes,36.87754167,-119.77834167,Non-Intersection,Dark - Not Lighted,Clear,Unknown,Unknown,Unknown EMS Scene Arrival Hour,Unknown EMS Scene Arrival Minutes,Not Applicable (Not Transported),Not Applicable (Not Transported),2,Dark - Unlighted,Clear,2,0,"['Driver', 'Front_Passenger']","['Shoulder_Lapbelt', 'Shoulder_Lapbelt']",1,1,Valid,0.0,0.0,50.0,50.0,['Male'],2,0,2,4,3,Dry,Straight,Level,Lowest,No
4501,6,California,61849,0,1,1,0,1,SIMI VALLEY,October,14,Saturday,12,56,Urban,Medium Speed (Collector),No,34.26096389,-118.75714722,Non-Intersection,Daylight,Clear,Unknown,Unknown,Unknown EMS Scene Arrival Hour,Unknown EMS Scene Arrival Minutes,Not Applicable (Not Transported),Not Applicable (Not Transported),1,Daylight,Clear,1,0,['Driver'],['None_Used'],0,0,Valid,0.0,0.0,60.0,60.0,['Male'],0,0,3,4,3,Dry,Curve,Level,Lowest,No
4502,6,California,61850,1,1,1,0,1,FRESNO,October,14,Saturday,19,22,Urban,Medium Speed (Collector),No,36.75044444,-119.79174444,Non-Intersection,Dark - Not Lighted,Clear,7:00pm-7:59pm,22,7:00pm-7:59pm,30,Not Applicable (Not Transported),Not Applicable (Not Transported),1,Dark - Unlighted,Clear,0,1,[],[],0,0,Valid,0.0,0.0,41.0,41.0,['Male'],0,0,3,2,4,Dry,Straight,Level,Lowest,No
4503,6,California,61851,0,1,1,0,1,FRESNO,October,15,Sunday,16,39,Urban,Medium Speed (Collector),No,36.84429722,-119.88428611,Non-Intersection,Daylight,Clear,Unknown,Unknown,Unknown EMS Scene Arrival Hour,Unknown EMS Scene Arrival Minutes,Unknown,Unknown EMS Hospital Arrival Time,1,Daylight,Clear,1,0,['Driver'],['None_Used'],1,1,Valid,0.0,0.0,17.0,17.0,['Male'],1,0,5,2,3,Dry,Straight,Level,Lowest,No
4504,6,California,61852,1,1,1,0,1,FRESNO,October,20,Friday,19,4,Urban,Medium Speed (Collector),Yes,36.73685556,-119.67766111,Complex/Circle,Dark - Lighted,Clear,7:00pm-7:59pm,Unknown,7:00pm-7:59pm,Unknown EMS Scene Arrival Minutes,Not Applicable (Not Transported),Not Applicable (Not Transported),1,Dark - Lighted,Clear,0,1,[],[],0,0,Valid,0.0,0.0,43.0,43.0,['Male'],0,0,3,1,4,Dry,Straight,Level,Lowest,No
4505,6,California,61853,1,1,1,0,1,FRESNO,October,21,Saturday,21,53,Urban,Medium Speed (Collector),No,36.74331389,-119.78602222,Non-Intersection,Dark - Lighted,Clear,Unknown,Unknown,Unknown EMS Scene Arrival Hour,Unknown EMS Scene Arrival Minutes,Unknown,Unknown EMS Hospital Arrival Time,1,Dark - Lighted,Clear,0,1,[],[],0,0,Valid,0.0,0.0,42.0,42.0,['Female'],0,0,3,1,4,Dry,Straight,Level,Lowest,No
4506,6,California,61854,1,1,1,0,1,FRESNO,October,23,Monday,19,3,Urban,Medium Speed (Collector),No,36.83863056,-119.79028889,Non-Intersection,Dark - Lighted,Clear,Unknown,Unknown,Unknown EMS Scene Arrival Hour,Unknown EMS Scene Arrival Minutes,Unknown,Unknown EMS Hospital Arrival Time,1,Dark - Lighted,Clear,0,1,[],[],0,0,Valid,0.0,0.0,32.0,32.0,['Male'],0,0,3,1,4,Dry,Straight,Level,Lowest,No
4507,6,California,61856,0,1,1,0,4,FRESNO,November,12,Sunday,6,10,Urban,Medium Speed (Collector),No,36.78536667,-119.71825278,Non-Intersection,Dawn,Clear,Unknown,Unknown,Unknown EMS Scene Arrival Hour,Unknown EMS Scene Arrival Minutes,Unknown,Unknown EMS Hospital Arrival Time,1,Twilight,Clear,1,3,['Rear_Seat'],['None_Used'],1,1,Invalid,0.0,0.0,29.0,29.0,['Male'],4,0,2,4,2,Dry,Curve,Level,Lowest,No
4508,6,California,61857,0,2,2,0,3,CONCORD,November,23,Thursday,18,50,Urban,High Speed (Arterial),Yes,37.94002778,-122.02629722,Non-Intersection,Dark - Lighted,Clear,6:00pm-6:59pm,50,6:00pm-6:59pm,57,Unknown,Unknown EMS Hospital Arrival Time,1,Dark - Lighted,Clear,1,2,['Front_Passenger'],['Shoulder_Lapbelt'],1,1,Invalid,0.0,0.0,82.0,19.0,"['Male', 'Female']",0,0,2,1,5,Dry,Straight,Level,Lowest,No
4509,6,California,61858,0,1,1,0,3,FAIRFIELD,February,22,Wednesday,0,37,Urban,High Speed (Arterial),Yes,38.22173611,-122.12844722,Non-Intersection,Dark - Lighted,Clear,Unknown,Unknown,Unknown EMS Scene Arrival Hour,Unknown EMS Scene Arrival Minutes,Unknown,Unknown EMS Hospital Arrival Time,3,Dark - Lighted,Clear,3,0,"['Driver', 'Front_Passenger', 'Front_Passenger']","['None_Used', 'None_Used', 'None_Used']",0,0,Invalid,0.0,0.0,18.0,18.0,['Male'],3,0,2,4,3,Dry,Curve,Level,Lowest,No
4510,6,California,61859,0,2,2,0,6,NOT APPLICABLE,July,29,Saturday,12,44,Rural,High Speed (Arterial),Yes,39.855875,-122.20021111,Non-Intersection,Daylight,Clear,12:00pm-12:59pm,Unknown,Unknown EMS Scene Arrival Hour,Unknown EMS Scene Arrival Minutes,Unknown,Unknown EMS Hospital Arrival Time,5,Daylight,Clear,5,1,"['Driver', 'Front_Passenger', 'Front_Passenger', 'Front_Passenger', 'Driver']","['None_Used', 'None_Used', 'None_Used', 'None_Used', 'Shoulder_Lapbelt']",0,0,Invalid,0.0,0.0,52.0,46.0,"['Male', 'Male']",4,0,3,4,5,Dry,Straight,Level,Lowest,No
4511,6,California,61860,1,2,2,0,2,MORENO VALLEY,August,8,Tuesday,5,21,Urban,Medium Speed (Collector),No,33.91729444,-117.25151111,Non-Intersection,Dark - Lighted,Clear,Unknown,Unknown,Unknown EMS Scene Arrival Hour,Unknown EMS Scene Arrival Minutes,5:00am-5:59am,26,1,Dark - Lighted,Clear,0,2,[],[],0,0,Invalid,1.0,0.0,36.0,21.0,"['Male', 'Male']",0,0,3,3,4,Dry,Straight,Level,Lowest,No
4512,6,California,61861,0,1,1,0,1,NOT APPLICABLE,October,24,Tuesday,99,99,Urban,High Speed (Arterial),Yes,40.44090278,-124.03806667,Non-Intersection,Daylight,Cloudy,Unknown,Unknown,Unknown EMS Scene Arrival Hour,Unknown EMS Scene Arrival Minutes,Not Applicable (Not Transported),Not Applicable (Not Transported),1,Daylight,Reduced Visibility,1,0,['Driver'],['Shoulder_Lapbelt'],1,1,Invalid,1.0,0.0,48.0,48.0,['Male'],0,0,3,4,2,Dry,Curve,Grade/Hillcrest,Lowest,No
4513,6,California,61862,1,1,1,0,1,ROCKLIN,May,19,Friday,20,17,Urban,Medium Speed (Collector),No,38.81448333,-121.25816667,Non-Intersection,Daylight,Clear,Unknown,Unknown,Unknown EMS Scene Arrival Hour,Unknown EMS Scene Arrival Minutes,Not Applicable (Not Transported),Not Applicable (Not Transported),1,Daylight,Clear,0,1,[],[],0,0,Valid,0.0,0.0,17.0,17.0,['Female'],0,0,3,1,4,Dry,Straight,Level,Lowest,No
4514,6,California,61863,0,2,2,0,3,SAN BERNARDINO,July,20,Thursday,20,18,Urban,Medium Speed (Collector),No,34.06851667,-117.252425,Complex/Circle,Dark - Lighted,Clear,8:00pm-8:59pm,Unknown,8:00pm-8:59pm,Unknown EMS Scene Arrival Minutes,Unknown,Unknown EMS Hospital Arrival Time,1,Dark - Lighted,Clear,1,2,['Driver'],['None_Used'],0,0,Invalid,0.0,0.0,34.0,21.0,"['Male', 'Male']",2,0,5,4,5,Dry,Straight,Level,Lowest,No
4515,6,California,61864,0,2,2,0,5,VICTORVILLE,August,14,Monday,2,34,Urban,Medium Speed (Collector),No,34.48492222,-117.36315833,Non-Intersection,Dark - Lighted,Clear,2:00am-2:59am,Unknown,2:00am-2:59am,Unknown EMS Scene Arrival Minutes,Unknown,Unknown EMS Hospital Arrival Time,1,Dark - Lighted,Clear,1,4,['Driver'],['Shoulder_Lapbelt'],1,1,Invalid,2.0,0.0,35.0,26.0,"['Male', 'Female']",0,0,3,4,5,Dry,Straight,Level,Lowest,No
4516,6,California,61865,0,1,1,0,1,FRESNO,January,19,Thursday,1,52,Urban,High Speed (Arterial),Yes,36.79304722,-119.74642778,Non-Intersection,Dark - Lighted,Cloudy,Unknown,Unknown,Unknown EMS Scene Arrival Hour,Unknown EMS Scene Arrival Minutes,Unknown,Unknown EMS Hospital Arrival Time,1,Dark - Lighted,Reduced Visibility,1,0,['Driver'],['None_Used'],1,1,Invalid,0.0,0.0,46.0,46.0,['Male'],1,0,2,4,3,Wet/Standing Water,Curve,Grade/Hillcrest,Lowest,No
4517,6,California,61866,0,2,2,0,2,SAN JACINTO,May,12,Friday,2,14,Urban,Medium Speed (Collector),No,33.77289444,-116.97185833,Complex/Circle,Dark - Lighted,Cloudy,Unknown,Unknown,Unknown EMS Scene Arrival Hour,Unknown EMS Scene Arrival Minutes,Unknown,Unknown EMS Hospital Arrival Time,1,Dark - Lighted,Reduced Visibility,1,1,['Driver'],['None_Used'],0,0,Valid,0.0,0.0,54.0,27.0,"['Male', 'Female']",0,0,3,4,5,Dry,Straight,Level,Lowest,No
4518,6,California,61867,0,3,3,0,3,NOT APPLICABLE,July,1,Saturday,18,20,Urban,High Speed (Arterial),Yes,38.68538889,-121.22558333,Non-Intersection,Daylight,Clear,6:00pm-6:59pm,Unknown,6:00pm-6:59pm,Unknown EMS Scene Arrival Minutes,Unknown,Unknown EMS Hospital Arrival Time,1,Daylight,Clear,1,2,['Driver'],['None_Used'],1,1,Invalid,0.0,0.0,49.0,42.0,"['Male', 'Female', 'Male']",0,0,5,4,5,Dry,Straight,Level,Lowest,No
4519,6,California,61868,0,1,1,0,2,NOT APPLICABLE,July,15,Saturday,23,2,Rural,High Speed (Arterial),Yes,37.83496389,-121.60923333,Non-Intersection,Dark - Not Lighted,Clear,11:00pm-11:59pm,Unknown,11:00pm-11:59pm,Unknown EMS Scene Arrival Minutes,Unknown,Unknown EMS Hospital Arrival Time,1,Dark - Unlighted,Clear,1,1,['Front_Passenger'],['Shoulder_Lapbelt'],1,1,Valid,1.0,0.0,33.0,33.0,['Male'],2,0,3,4,2,Dry,Curve,Level,Lowest,No
4520,6,California,61869,0,2,2,0,3,RIVERSIDE,September,5,Tuesday,18,28,Urban,Low Speed (Local),No,34.01133333,-117.34558889,Non-Intersection,Daylight,Clear,Unknown,Unknown,Unknown EMS Scene Arrival Hour,Unknown EMS Scene Arrival Minutes,Unknown,Unknown EMS Hospital Arrival Time,1,Daylight,Clear,1,2,['Front_Passenger'],['None_Used'],0,0,Valid,1.0,1.0,62.0,19.0,"['Male', 'Male']",0,0,3,1,5,Dry,Straight,Level,Lowest,No
4521,6,California,61870,0,2,2,0,2,MODESTO,May,30,Tuesday,15,45,Urban,Medium Speed (Collector),No,37.65091111,-120.97555278,Simple Junction,Daylight,Clear,3:00pm-3:59pm,46,4:00pm-4:59pm,2,Unknown,Unknown EMS Hospital Arrival Time,1,Daylight,Clear,1,1,['Driver'],['None_Used'],0,0,Invalid,0.0,0.0,51.0,31.0,"['Male', 'Female']",1,0,5,4,5,Dry,Straight,Level,Lowest,No
4522,6,California,61871,0,2,2,0,2,WESTMINSTER,July,26,Wednesday,14,44,Urban,High Speed (Arterial),No,33.74458611,-117.99671111,Simple Junction,Daylight,Clear,Unknown,Unknown,Unknown EMS Scene Arrival Hour,Unknown EMS Scene Arrival Minutes,Not Applicable (Not Transported),Not Applicable (Not Transported),1,Daylight,Clear,1,1,['Driver'],['None_Used'],0,0,Valid,0.0,0.0,78.0,27.0,"['Female', 'Male']",0,0,5,4,5,Dry,Straight,Level,Lowest,No
4523,6,California,61872,0,3,3,0,7,WESTMINSTER,September,4,Monday,12,25,Urban,Medium Speed (Collector),No,33.74418333,-117.96352222,Complex/Circle,Daylight,Clear,Unknown,Unknown,Unknown EMS Scene Arrival Hour,Unknown EMS Scene Arrival Minutes,Unknown,Unknown EMS Hospital Arrival Time,1,Daylight,Clear,1,6,['Rear_Seat'],['Shoulder_Lapbelt'],0,0,Valid,1.0,0.0,67.0,28.0,"['Female', 'Female', 'Male']",4,0,3,4,5,Dry,Straight,Level,Lowest,No
4524,6,California,61873,1,1,1,0,1,SANTA FE SPRINGS,August,30,Wednesday,20,26,Urban,Low Speed (Local),No,33.94294722,-118.09083056,Complex/Circle,Dark - Lighted,Clear,Unknown,Unknown,Unknown EMS Scene Arrival Hour,Unknown EMS Scene Arrival Minutes,Unknown,Unknown EMS Hospital Arrival Time,1,Dark - Lighted,Clear,0,1,[],[],0,0,Valid,0.0,0.0,45.0,45.0,['Male'],0,0,3,1,4,Dry,Straight,Level,Lowest,No
4525,6,California,61874,0,1,1,0,1,CATHEDRAL CITY,March,25,Saturday,2,53,Urban,High Speed (Arterial),Yes,33.79030278,-116.48520556,Non-Intersection,Dark - Lighted,Clear,3:00am-3:59am,14,3:00am-3:59am,40,Not Applicable (Not Transported),Not Applicable (Not Transported),1,Dark - Lighted,Clear,1,0,['Driver'],['Shoulder_Lapbelt'],1,1,Valid,0.0,0.0,44.0,44.0,['Male'],1,0,3,4,2,Dry,Curve,Level,Lowest,No
4526,6,California,61875,1,1,1,0,1,VICTORVILLE,April,15,Saturday,20,55,Urban,High Speed (Arterial),Yes,34.47059167,-117.33048333,Non-Intersection,Dark - Lighted,Clear,8:00pm-8:59pm,50,8:00pm-8:59pm,55,Unknown,Unknown EMS Hospital Arrival Time,1,Dark - Lighted,Clear,0,1,[],[],0,0,Valid,0.0,0.0,28.0,28.0,['Female'],0,0,2,3,4,Dry,Straight,Level,Lowest,No
4527,6,California,61876,0,2,2,0,3,BREA,March,20,Monday,20,1,Urban,High Speed (Arterial),Yes,33.93210278,-117.79609167,Non-Intersection,Dark - Not Lighted,Cloudy,Unknown,Unknown,Unknown EMS Scene Arrival Hour,Unknown EMS Scene Arrival Minutes,Unknown,Unknown EMS Hospital Arrival Time,1,Dark - Unlighted,Reduced Visibility,1,2,['Driver'],['Shoulder_Lapbelt'],0,0,Valid,0.0,0.0,20.0,20.0,"['Male', 'Female']",0,0,2,4,5,Dry,Curve,Level,Lowest,No
4528,6,California,61877,1,1,1,0,1,CATHEDRAL CITY,August,28,Monday,3,15,Urban,Medium Speed (Collector),No,33.800425,-116.46681667,Non-Intersection,Dark - Lighted,Clear,Unknown,Unknown,Unknown EMS Scene Arrival Hour,Unknown EMS Scene Arrival Minutes,Unknown,Unknown EMS Hospital Arrival Time,1,Dark - Lighted,Clear,0,1,[],[],0,0,Invalid,0.0,0.0,998.0,998.0,['Other'],1,0,1,0,4,Dry,Straight,Level,Lowest,No
4529,6,California,61878,1,1,1,0,1,STANTON,August,4,Friday,23,50,Urban,High Speed (Arterial),Yes,33.80291667,-117.99313056,Complex/Circle,Dark - Lighted,Clear,11:00pm-11:59pm,52,11:00pm-11:59pm,56,Not Applicable (Not Transported),Not Applicable (Not Transported),1,Dark - Lighted,Clear,0,1,[],[],0,0,Valid,0.0,0.0,64.0,64.0,['Male'],0,0,3,4,4,Dry,Straight,Level,Lowest,No
4530,6,California,61879,0,2,2,0,5,OAKLAND,July,1,Saturday,14,57,Urban,Medium Speed (Collector),No,37.75105556,-122.17120556,Complex/Circle,Daylight,Clear,Unknown,Unknown,Unknown EMS Scene Arrival Hour,Unknown EMS Scene Arrival Minutes,Unknown,Unknown EMS Hospital Arrival Time,1,Daylight,Clear,1,4,['Driver'],['None_Used'],1,1,Invalid,0.0,0.0,44.0,37.0,"['Male', 'Female']",0,0,5,4,5,Dry,Straight,Level,Lowest,No