,State_Code,State_Name,Crash_ID,Count_Non_Motorists,Count_Vehicles_Total,Count_Vehicle_Forms,Count_PVH_Involved,Count_Occupants_MV,City_Name,Month_Name,Day_of_Month,Day_of_Week,Crash_Hour,Crash_Minute,Area_Rural_Urban,Road_Functional_Class,On_NHS_Road,Latitude,Longitude,Intersection_Type,Light_Condition,Weather_Condition,Notif_Hour,Notif_Minute,Arrival_Hour,Arrival_Minute,Hospital_Hour,Hospital_Minute,Fatalities_Count,Clean_Light_Condition,Clean_Weather_Condition,Total_Killed,Total_Alive,Fatal_Seats_List,Killed_Restraint_List,Any_Driver_Drinking,Total_Drinking_Drivers,Driver_License_Category,Driver_Max_Prev_Accident_Count,Driver_Max_Prev_Speeding_Count,Max_Driver_Age,Min_Driver_Age,Driver_Sex_List,Total_Exceeding_Limit_Vehicles,Total_Too_Fast_Vehicles,Max_Vehicle_Type_Severity_5,Max_Vehicle_Damage_Rank,Max_Harmful_Event_Severity,Crash_Road_Surface_Condition,Crash_Horizontal_Alignment,Crash_Vertical_Profile,Crash_Impairment_Category,Crash_Vehicle_Defect
4837,6,California,62191,0,1,1,0,1,NOT APPLICABLE,October,18,Wednesday,11,10,Urban,High Speed (Arterial),Yes,35.11823611,-118.22251944,Non-Intersection,Daylight,Clear,Unknown,Unknown,Unknown EMS Scene Arrival Hour,Unknown EMS Scene Arrival Minutes,Not Applicable (Not Transported),Not Applicable (Not Transported),1,Daylight,Clear,1,0,['Driver'],['None_Used'],1,1,Valid,0.0,0.0,68.0,68.0,['Male'],0,0,5,4,3,Dry,Straight,Level,Lowest,No
4838,6,California,62192,0,2,2,0,3,TULARE,October,18,Wednesday,7,45,Urban,Medium Speed (Collector),No,36.21067778,-119.3843,Complex/Circle,Daylight,Clear,Unknown,Unknown,Unknown EMS Scene Arrival Hour,Unknown EMS Scene Arrival Minutes,Unknown,Unknown EMS Hospital Arrival Time,1,Daylight,Clear,1,2,['Driver'],['Shoulder_Lapbelt'],0,0,Invalid,0.0,0.0,73.0,16.0,"['Female', 'Female']",0,0,3,1,5,Dry,Straight,Level,Lowest,No
4839,6,California,62193,0,2,2,0,6,NOT APPLICABLE,January,14,Saturday,17,15,Rural,High Speed (Arterial),Yes,33.46251667,-116.0915,Complex/Circle,Dusk,Cloudy,5:00pm-5:59pm,17,Unknown EMS Scene Arrival Hour,Unknown EMS Scene Arrival Minutes,Not Applicable (Not Transported),Not Applicable (Not Transported),5,Twilight,Reduced Visibility,5,1,"['Driver', 'Rear_Seat', 'Rear_Seat', 'Front_Passenger', 'Rear_Seat']","['Shoulder_Lapbelt', 'None_Used', 'None_Used', 'None_Used', 'None_Used']",0,0,Valid,0.0,0.0,27.0,26.0,"['Female', 'Male']",0,0,4,4,5,Dry,Straight,Level,Lowest,No
4840,6,California,62194,1,1,1,0,1,PITTSBURG,January,6,Friday,18,0,Urban,Medium Speed (Collector),No,38.01145278,-121.86782778,Complex/Circle,Dark - Lighted,Cloudy,5:00pm-5:59pm,59,Unknown EMS Scene Arrival Hour,Unknown EMS Scene Arrival Minutes,Unknown,Unknown EMS Hospital Arrival Time,1,Dark - Lighted,Reduced Visibility,0,1,[],[],0,0,Valid,0.0,0.0,54.0,54.0,['Female'],0,0,3,1,4,Dry,Straight,Level,Lowest,No
4841,6,California,62195,0,2,2,0,2,BAKERSFIELD,January,10,Tuesday,17,40,Urban,Low Speed (Local),No,35.32558611,-118.96765556,Non-Intersection,Dark - Not Lighted,Cloudy,Unknown,Unknown,Unknown EMS Scene Arrival Hour,Unknown EMS Scene Arrival Minutes,Unknown,Unknown EMS Hospital Arrival Time,1,Dark - Unlighted,Reduced Visibility,1,1,['Driver'],['None_Used'],1,1,Valid,1.0,0.0,26.0,22.0,"['Male', 'Male']",0,0,2,1,5,Dry,Straight,Level,Lowest,No
4842,6,California,62196,0,1,1,0,1,WESTMINSTER,February,28,Tuesday,22,21,Urban,High Speed (Arterial),No,33.75049444,-118.04177778,Simple Junction,Dark - Lighted,Rain,10:00pm-10:59pm,22,10:00pm-10:59pm,29,Not Applicable (Not Transported),Not Applicable (Not Transported),1,Dark - Lighted,Rain/Wind/Minor,1,0,['Driver'],['Shoulder_Lapbelt'],1,1,Invalid,0.0,0.0,44.0,44.0,['Male'],1,0,2,1,2,Wet/Standing Water,Straight,Level,Lowest,No
4843,6,California,62197,0,1,1,0,1,NOT APPLICABLE,March,10,Friday,0,5,Urban,High Speed (Arterial),Yes,33.58453611,-117.63505556,Non-Intersection,Dark - Lighted,Clear,0:00am-0:59am,10,Unknown EMS Scene Arrival Hour,Unknown EMS Scene Arrival Minutes,Not Applicable (Not Transported),Not Applicable (Not Transported),1,Dark - Lighted,Clear,1,0,['Driver'],['Shoulder_Lapbelt'],1,1,Valid,0.0,0.0,37.0,37.0,['Male'],0,0,3,4,3,Dry,Curve,Grade/Hillcrest,Lowest,No
4844,6,California,62198,0,1,1,0,1,SAN JOSE,April,24,Monday,2,57,Urban,High Speed (Arterial),Yes,37.35027778,-121.83808889,Non-Intersection,Dark - Lighted,Clear,3:00am-3:59am,21,Unknown EMS Scene Arrival Hour,Unknown EMS Scene Arrival Minutes,Not Applicable (Not Transported),Not Applicable (Not Transported),1,Dark - Lighted,Clear,1,0,['Driver'],['Shoulder_Lapbelt'],1,1,Invalid,0.0,0.0,23.0,23.0,['Male'],1,0,2,4,3,Dry,Curve,Level,Lowest,No
4845,6,California,62199,1,1,1,0,1,MODESTO,January,17,Tuesday,21,38,Urban,Medium Speed (Collector),No,37.68776667,-121.03150556,Non-Intersection,Dark - Lighted,Clear,9:00pm-9:59pm,38,10:00pm-10:59pm,16,Not Applicable (Not Transported),Not Applicable (Not Transported),1,Dark - Lighted,Clear,0,1,[],[],1,1,Valid,0.0,0.0,60.0,60.0,['Male'],0,0,3,1,4,Dry,Straight,Level,Lowest,No
4846,6,California,62200,0,1,1,0,1,NOT APPLICABLE,April,30,Sunday,12,34,Rural,Medium Speed (Collector),No,38.64674444,-122.59244167,Non-Intersection,Daylight,Clear,12:00pm-12:59pm,38,1:00pm-1:59pm,2,Unknown,Unknown EMS Hospital Arrival Time,1,Daylight,Clear,1,0,['Driver'],['None_Used'],1,1,Valid,0.0,0.0,42.0,42.0,['Male'],1,0,5,4,2,Dry,Curve,Grade/Hillcrest,Lowest,No
4847,6,California,62201,1,1,1,0,7,CERES,August,8,Tuesday,20,52,Urban,High Speed (Arterial),No,37.59473333,-120.94313889,Simple Junction,Dark - Lighted,Clear,9:00pm-9:59pm,0,9:00pm-9:59pm,1,Unknown,Unknown EMS Hospital Arrival Time,1,Dark - Lighted,Clear,0,7,[],[],0,0,Valid,0.0,0.0,30.0,30.0,['Female'],0,0,3,1,4,Dry,Straight,Level,Lowest,No
4848,6,California,62202,0,1,1,0,1,SIMI VALLEY,September,28,Thursday,20,0,Urban,High Speed (Arterial),Yes,34.27043889,-118.79637778,Non-Intersection,Dark - Lighted,Clear,Unknown,Unknown,Unknown EMS Scene Arrival Hour,Unknown EMS Scene Arrival Minutes,Unknown,Unknown EMS Hospital Arrival Time,1,Dark - Lighted,Clear,1,0,['Driver'],['None_Used'],0,0,Invalid,0.0,0.0,21.0,21.0,['Male'],0,0,5,1,2,Dry,Straight,Level,Lowest,No
4849,6,California,62203,1,1,1,0,1,SIMI VALLEY,November,29,Wednesday,14,47,Urban,Medium Speed (Collector),No,34.28083889,-118.662025,Simple Junction,Daylight,Clear,Unknown,Unknown,Unknown EMS Scene Arrival Hour,Unknown EMS Scene Arrival Minutes,Unknown,Unknown EMS Hospital Arrival Time,1,Daylight,Clear,0,1,[],[],0,0,Valid,0.0,0.0,44.0,44.0,['Female'],0,0,2,3,4,Dry,Straight,Level,Lowest,No
4850,6,California,62204,1,1,1,0,1,NOT APPLICABLE,November,11,Saturday,21,6,Rural,Low Speed (Local),No,36.19022778,-121.07858056,Non-Intersection,Dark - Not Lighted,Clear,Unknown,Unknown,Unknown EMS Scene Arrival Hour,Unknown EMS Scene Arrival Minutes,Unknown,Unknown EMS Hospital Arrival Time,1,Dark - Unlighted,Clear,0,1,[],[],0,0,Valid,0.0,0.0,47.0,47.0,['Female'],0,0,3,1,4,Dry,Straight,Level,Lowest,No
4851,6,California,62205,1,1,1,0,1,NOT APPLICABLE,November,23,Thursday,16,55,Rural,High Speed (Arterial),Yes,38.11610833,-121.41133333,Non-Intersection,Dusk,Clear,Unknown,Unknown,Unknown EMS Scene Arrival Hour,Unknown EMS Scene Arrival Minutes,Not Applicable (Not Transported),Not Applicable (Not Transported),1,Twilight,Clear,0,1,[],[],0,0,Valid,0.0,0.0,19.0,19.0,['Female'],0,0,2,4,4,Dry,Straight,Level,Lowest,No
4852,6,California,62206,0,1,1,0,1,NOT APPLICABLE,December,2,Saturday,2,20,Urban,High Speed (Arterial),Yes,37.65733611,-121.02584167,Non-Intersection,Dark - Lighted,Cloudy,2:00am-2:59am,Unknown,2:00am-2:59am,Unknown EMS Scene Arrival Minutes,Not Applicable (Not Transported),Not Applicable (Not Transported),1,Dark - Lighted,Reduced Visibility,1,0,['Driver'],['None_Used'],0,0,Valid,0.0,1.0,42.0,42.0,['Male'],0,0,2,4,3,Dry,Straight,Level,Lowest,No
4853,6,California,62207,0,1,1,0,2,NOT APPLICABLE,December,6,Wednesday,19,35,Rural,Medium Speed (Collector),No,37.67725278,-120.84822222,Non-Intersection,Dark - Not Lighted,Cloudy,Unknown,Unknown,Unknown EMS Scene Arrival Hour,Unknown EMS Scene Arrival Minutes,Unknown,Unknown EMS Hospital Arrival Time,1,Dark - Unlighted,Reduced Visibility,1,1,['Driver'],['None_Used'],1,1,Invalid,0.0,0.0,27.0,27.0,['Male'],0,0,3,4,3,Wet/Standing Water,Straight,Level,Lowest,No
4854,6,California,62208,1,2,2,0,1,LOS ANGELES,January,6,Friday,2,6,Urban,High Speed (Arterial),Yes,34.04613333,-118.4463,Non-Intersection,Dark - Not Lighted,Clear,2:00am-2:59am,11,2:00am-2:59am,17,Unknown,Unknown EMS Hospital Arrival Time,1,Dark - Unlighted,Clear,0,1,[],[],0,0,Valid,0.0,0.0,56.0,56.0,['Male'],0,0,2,4,5,Dry,Straight,Level,Lowest,No
4855,6,California,62209,0,2,2,0,4,COACHELLA,April,8,Saturday,21,45,Urban,High Speed (Arterial),No,33.67041389,-116.18154167,Non-Intersection,Dark - Lighted,Clear,Unknown,Unknown,Unknown EMS Scene Arrival Hour,Unknown EMS Scene Arrival Minutes,Not Applicable (Not Transported),Not Applicable (Not Transported),1,Dark - Lighted,Clear,1,3,['Driver'],['None_Used'],0,0,Valid,0.0,0.0,27.0,19.0,"['Male', 'Female']",0,0,5,4,5,Dry,Straight,Level,Lowest,No
4856,6,California,62210,0,2,2,0,2,RANCHO CUCAMONGA,May,26,Friday,10,24,Urban,High Speed (Arterial),Yes,34.08838889,-117.54486111,Non-Intersection,Daylight,Clear,10:00am-10:59am,25,Unknown EMS Scene Arrival Hour,Unknown EMS Scene Arrival Minutes,Unknown,Unknown EMS Hospital Arrival Time,1,Daylight,Clear,1,1,['Driver'],['Shoulder_Lapbelt'],0,0,Invalid,1.0,1.0,62.0,55.0,"['Male', 'Male']",1,0,4,1,5,Dry,Straight,Grade/Hillcrest,Lowest,No
4857,6,California,62211,1,1,1,0,1,STOCKTON,October,8,Sunday,23,20,Urban,High Speed (Arterial),Yes,38.03444722,-121.338,Non-Intersection,Dark - Lighted,Clear,11:00pm-11:59pm,32,11:00pm-11:59pm,36,Not Applicable (Not Transported),Not Applicable (Not Transported),1,Dark - Lighted,Clear,0,1,[],[],0,0,Valid,0.0,0.0,64.0,64.0,['Female'],0,0,3,1,4,Dry,Straight,Level,Lowest,No
4858,6,California,62212,0,2,2,0,7,NOT APPLICABLE,October,31,Tuesday,19,0,Rural,Medium Speed (Collector),No,36.37869444,-119.2157,Simple Junction,Dark - Lighted,Clear,Unknown,Unknown,Unknown EMS Scene Arrival Hour,Unknown EMS Scene Arrival Minutes,Unknown,Unknown EMS Hospital Arrival Time,1,Dark - Lighted,Clear,1,6,['Driver'],['None_Used'],1,1,Invalid,1.0,0.0,41.0,29.0,"['Male', 'Male']",0,0,3,1,5,Dry,Straight,Level,Lowest,No
4859,6,California,62213,1,1,1,0,1,RIALTO,July,3,Monday,1,23,Urban,High Speed (Arterial),Yes,34.13622222,-117.36673611,Non-Intersection,Dark - Lighted,Clear,1:00am-1:59am,25,1:00am-1:59am,Unknown EMS Scene Arrival Minutes,Not Applicable (Not Transported),Not Applicable (Not Transported),1,Dark - Lighted,Clear,0,1,[],[],0,0,Valid,0.0,1.0,68.0,68.0,['Male'],0,0,3,4,4,Dry,Straight,Level,Lowest,No
4860,6,California,62214,0,5,5,0,7,NOT APPLICABLE,June,30,Friday,18,1,Rural,High Speed (Arterial),Yes,35.01208889,-117.91122222,Non-Intersection,Daylight,Clear,6:00pm-6:59pm,Unknown,6:00pm-6:59pm,Unknown EMS Scene Arrival Minutes,Not Applicable (Not Transported),Not Applicable (Not Transported),1,Daylight,Clear,1,6,['Driver'],['Shoulder_Lapbelt'],0,0,Valid,1.0,0.0,999.0,34.0,"['Male', 'Male', 'Male', 'Other', 'Male']",1,0,4,4,5,Dry,Straight,Level,Lowest,No
4861,6,California,62215,1,1,1,0,2,NOT APPLICABLE,July,2,Sunday,18,2,Urban,High Speed (Arterial),Yes,33.74328056,-117.12172778,Non-Intersection,Daylight,Clear,6:00pm-6:59pm,25,6:00pm-6:59pm,Unknown EMS Scene Arrival Minutes,Not Applicable (Not Transported),Not Applicable (Not Transported),1,Daylight,Clear,0,2,[],[],0,0,Valid,0.0,0.0,22.0,22.0,['Male'],0,0,2,4,4,Dry,Straight,Level,Lowest,No
4862,6,California,62216,2,1,1,0,1,NOT APPLICABLE,October,17,Tuesday,11,3,Rural,Medium Speed (Collector),No,38.38200833,-122.31135,Non-Intersection,Daylight,Clear,11:00am-11:59am,10,Unknown EMS Scene Arrival Hour,Unknown EMS Scene Arrival Minutes,Unknown,Unknown EMS Hospital Arrival Time,2,Daylight,Clear,0,1,[],[],0,0,Valid,1.0,0.0,55.0,55.0,['Male'],0,0,4,1,4,Dry,Straight,Level,Lowest,No
4863,6,California,62217,1,3,3,0,5,NOT APPLICABLE,November,20,Monday,19,20,Urban,High Speed (Arterial),Yes,37.16459167,-121.98941667,Non-Intersection,Dark - Not Lighted,Clear,Unknown,Unknown,Unknown EMS Scene Arrival Hour,Unknown EMS Scene Arrival Minutes,Unknown,Unknown EMS Hospital Arrival Time,1,Dark - Unlighted,Clear,0,5,[],[],0,0,Valid,0.0,0.0,60.0,18.0,"['Male', 'Male']",0,0,3,1,5,Dry,Curve,Grade/Hillcrest,Lowest,No
4864,6,California,62218,0,1,1,0,1,NOT APPLICABLE,October,9,Monday,23,49,Urban,Medium Speed (Collector),No,38.70181944,-121.10531944,Non-Intersection,Dark - Not Lighted,Cloudy,Unknown,Unknown,Unknown EMS Scene Arrival Hour,Unknown EMS Scene Arrival Minutes,Unknown,Unknown EMS Hospital Arrival Time,1,Dark - Unlighted,Reduced Visibility,1,0,['Driver'],['Shoulder_Lapbelt'],0,0,Valid,0.0,0.0,23.0,23.0,['Male'],1,0,2,4,2,Dry,Straight,Level,Lowest,No
4865,6,California,62219,0,2,2,0,2,SAN JOSE,July,8,Saturday,17,10,Urban,High Speed (Arterial),Yes,37.41880833,-121.96366111,Non-Intersection,Daylight,Clear,5:00pm-5:59pm,Unknown,5:00pm-5:59pm,Unknown EMS Scene Arrival Minutes,5:00pm-5:59pm,Unknown EMS Hospital Arrival Time,1,Daylight,Clear,1,1,['Driver'],['Shoulder_Lapbelt'],0,0,Valid,0.0,0.0,52.0,47.0,"['Male', 'Male']",0,0,3,4,5,Dry,Straight,Level,Lowest,No
4866,6,California,62220,0,1,1,0,1,NOT APPLICABLE,October,21,Saturday,22,35,Rural,Medium Speed (Collector),No,36.1585,-120.98223889,Non-Intersection,Dark - Not Lighted,Clear,10:00pm-10:59pm,37,10:00pm-10:59pm,Unknown EMS Scene Arrival Minutes,Not Applicable (Not Transported),Not Applicable (Not Transported),1,Dark - Unlighted,Clear,1,0,['Driver'],['None_Used'],1,1,Invalid,0.0,0.0,26.0,26.0,['Male'],0,0,3,4,3,Dry,Curve,Level,Lowest,No
4867,6,California,62221,0,1,1,0,1,LOS ANGELES,December,11,Monday,7,51,Urban,High Speed (Arterial),No,33.873225,-118.27386389,Non-Intersection,Daylight,Clear,Unknown,Unknown,Unknown EMS Scene Arrival Hour,Unknown EMS Scene Arrival Minutes,Unknown,Unknown EMS Hospital Arrival Time,1,Daylight,Clear,1,0,['Driver'],['None_Used'],1,1,Invalid,0.0,0.0,34.0,34.0,['Male'],1,0,3,4,3,Dry,Curve,Level,Lowest,No
4868,6,California,62222,0,1,1,0,3,NOT APPLICABLE,June,21,Wednesday,17,30,Rural,Medium Speed (Collector),No,37.40282222,-122.29911944,Non-Intersection,Daylight,Clear,5:00pm-5:59pm,Unknown,5:00pm-5:59pm,Unknown EMS Scene Arrival Minutes,Unknown,Unknown EMS Hospital Arrival Time,2,Daylight,Clear,2,1,"['Front_Passenger', 'Front_Passenger']","['Shoulder_Lapbelt', 'Shoulder_Lapbelt']",1,1,Valid,0.0,0.0,51.0,51.0,['Male'],3,0,2,4,3,Dry,Curve,Level,Lowest,No
4869,6,California,62223,1,3,2,1,3,NOT APPLICABLE,August,27,Sunday,2,35,Rural,High Speed (Arterial),Yes,37.70351944,-121.99793333,Non-Intersection,Dark - Not Lighted,Clear,2:00am-2:59am,Unknown,2:00am-2:59am,Unknown EMS Scene Arrival Minutes,Unknown,Unknown EMS Hospital Arrival Time,1,Dark - Unlighted,Clear,0,3,[],[],1,1,Invalid,0.0,1.0,31.0,22.0,"['Female', 'Male']",0,0,4,3,5,Dry,Straight,Grade/Hillcrest,Lowest,No
4870,6,California,62224,0,1,1,0,1,NOT APPLICABLE,October,31,Tuesday,12,15,Urban,Medium Speed (Collector),No,37.15091389,-121.99550556,Non-Intersection,Daylight,Clear,Unknown,Unknown,Unknown EMS Scene Arrival Hour,Unknown EMS Scene Arrival Minutes,Unknown,Unknown EMS Hospital Arrival Time,1,Daylight,Clear,1,0,['Driver'],['Shoulder_Lapbelt'],0,0,Valid,0.0,0.0,80.0,80.0,['Male'],1,0,2,4,3,Dry,Curve,Grade/Hillcrest,Lowest,No
4871,6,California,62225,1,2,1,1,1,LOS ANGELES,November,5,Sunday,3,50,Urban,High Speed (Arterial),Yes,34.14902222,-118.67148056,Non-Intersection,Dark - Not Lighted,Clear,Unknown,Unknown,Unknown EMS Scene Arrival Hour,Unknown EMS Scene Arrival Minutes,Not Applicable (Not Transported),Not Applicable (Not Transported),1,Dark - Unlighted,Clear,1,0,['Driver'],['Shoulder_Lapbelt'],0,0,Valid,0.0,0.0,34.0,34.0,['Male'],0,0,2,1,5,Dry,Straight,Level,Lowest,No
4872,6,California,62226,0,1,1,0,1,NOT APPLICABLE,November,18,Saturday,1,10,Rural,High Speed (Arterial),Yes,39.65767778,-123.47738056,Non-Intersection,Dark - Not Lighted,Rain,1:00am-1:59am,16,1:00am-1:59am,Unknown EMS Scene Arrival Minutes,Not Applicable (Not Transported),Not Applicable (Not Transported),1,Dark - Unlighted,Rain/Wind/Minor,1,0,['Driver'],['Shoulder_Lapbelt'],0,0,Valid,0.0,0.0,44.0,44.0,['Male'],0,0,3,4,3,Wet/Standing Water,Curve,Level,Lowest,No
4873,6,California,62227,2,2,2,0,3,NOT APPLICABLE,December,8,Friday,18,15,Urban,High Speed (Arterial),No,37.62374444,-120.98644722,Non-Intersection,Dark - Not Lighted,Cloudy,6:00pm-6:59pm,Unknown,6:00pm-6:59pm,Unknown EMS Scene Arrival Minutes,Unknown,Unknown EMS Hospital Arrival Time,2,Dark - Unlighted,Reduced Visibility,0,3,[],[],0,0,Valid,0.0,0.0,34.0,27.0,"['Male', 'Male']",0,0,3,3,4,Dry,Straight,Level,Lowest,No
4874,6,California,62228,1,1,1,0,1,CORONA,June,25,Sunday,2,3,Urban,High Speed (Arterial),Yes,33.88310556,-117.54273611,Non-Intersection,Dark - Lighted,Clear,2:00am-2:59am,Unknown,2:00am-2:59am,Unknown EMS Scene Arrival Minutes,Not Applicable (Not Transported),Not Applicable (Not Transported),1,Dark - Lighted,Clear,0,1,[],[],0,0,Valid,0.0,0.0,19.0,19.0,['Male'],0,0,3,3,4,Dry,Straight,Level,Lowest,No
4875,6,California,62229,1,1,1,0,1,CITRUS HEIGHTS,December,23,Saturday,2,40,Urban,High Speed (Arterial),Yes,38.69395556,-121.32386111,Non-Intersection,Dark - Not Lighted,Clear,Unknown,Unknown,Unknown EMS Scene Arrival Hour,Unknown EMS Scene Arrival Minutes,Not Applicable (Not Transported),Not Applicable (Not Transported),1,Dark - Unlighted,Clear,0,1,[],[],1,1,Valid,0.0,0.0,27.0,27.0,['Female'],0,0,3,1,4,Dry,Straight,Level,Lowest,No
4876,6,California,62230,1,1,1,0,1,BARSTOW,June,1,Thursday,20,41,Urban,Medium Speed (Collector),No,34.88809444,-117.02129722,Non-Intersection,Dusk,Clear,Unknown,Unknown,Unknown EMS Scene Arrival Hour,Unknown EMS Scene Arrival Minutes,Unknown,Unknown EMS Hospital Arrival Time,1,Twilight,Clear,0,1,[],[],0,0,Valid,0.0,0.0,71.0,71.0,['Female'],0,0,3,1,4,Dry,Straight,Level,Lowest,No
4877,6,California,62231,1,1,1,0,1,BAKERSFIELD,December,2,Saturday,17,1,Urban,Medium Speed (Collector),No,35.36237778,-118.98520833,Simple Junction,Dusk,Clear,Unknown,Unknown,Unknown EMS Scene Arrival Hour,Unknown EMS Scene Arrival Minutes,Unknown,Unknown EMS Hospital Arrival Time,1,Twilight,Clear,0,1,[],[],0,0,Invalid,0.0,0.0,52.0,52.0,['Male'],0,0,3,1,4,Dry,Straight,Level,Lowest,No
4878,6,California,62232,1,1,1,0,1,NOT APPLICABLE,December,4,Monday,20,20,Rural,Medium Speed (Collector),No,35.638275,-118.48184722,Non-Intersection,Dark - Not Lighted,Clear,Unknown,Unknown,Unknown EMS Scene Arrival Hour,Unknown EMS Scene Arrival Minutes,Not Applicable (Not Transported),Not Applicable (Not Transported),1,Dark - Unlighted,Clear,0,1,[],[],0,0,Valid,0.0,0.0,87.0,87.0,['Male'],0,0,3,1,4,Dry,Straight,Grade/Hillcrest,Lowest,No
4879,6,California,62233,1,1,1,0,2,STOCKTON,September,25,Monday,13,9,Urban,High Speed (Arterial),No,37.95188333,-121.27056389,Complex/Circle,Daylight,Clear,1:00pm-1:59pm,Unknown,1:00pm-1:59pm,Unknown EMS Scene Arrival Minutes,Not Applicable (Not Transported),Not Applicable (Not Transported),1,Daylight,Clear,0,2,[],[],0,0,Invalid,0.0,0.0,998.0,998.0,['Other'],0,0,3,0,4,Dry,Straight,Level,Lowest,No
4880,6,California,62234,0,2,2,0,2,OAKLAND,April,6,Thursday,2,1,Urban,High Speed (Arterial),Yes,37.82243056,-122.32185833,Non-Intersection,Dark - Lighted,Clear,Unknown,Unknown,Unknown EMS Scene Arrival Hour,Unknown EMS Scene Arrival Minutes,Not Applicable (Not Transported),Not Applicable (Not Transported),1,Dark - Lighted,Clear,1,1,['Driver'],['Shoulder_Lapbelt'],0,0,Valid,0.0,1.0,46.0,41.0,"['Male', 'Male']",1,0,4,1,5,Dry,Straight,Level,Lowest,No
4881,6,California,62235,0,1,1,0,1,GLENDALE,September,26,Tuesday,2,52,Urban,High Speed (Arterial),Yes,34.15286111,-118.22445,Non-Intersection,Dark - Lighted,Clear,2:00am-2:59am,56,Unknown EMS Scene Arrival Hour,Unknown EMS Scene Arrival Minutes,Not Applicable (Not Transported),Not Applicable (Not Transported),1,Dark - Lighted,Clear,1,0,['Driver'],['None_Used'],1,1,Valid,0.0,0.0,22.0,22.0,['Male'],0,0,2,4,3,Dry,Curve,Grade/Hillcrest,Lowest,No
4882,6,California,62236,0,2,2,0,2,NOT APPLICABLE,December,30,Saturday,22,27,Urban,Medium Speed (Collector),No,39.37026389,-121.66000278,Non-Intersection,Dark - Not Lighted,Clear,Unknown,Unknown,Unknown EMS Scene Arrival Hour,Unknown EMS Scene Arrival Minutes,Unknown,Unknown EMS Hospital Arrival Time,1,Dark - Unlighted,Clear,1,1,['Driver'],['None_Used'],1,1,Valid,1.0,0.0,33.0,18.0,"['Male', 'Male']",2,0,2,4,5,Wet/Standing Water,Curve,Level,Lowest,No
4883,6,California,62237,1,1,1,0,1,LOS ANGELES,August,18,Friday,4,22,Urban,High Speed (Arterial),Yes,34.02270556,-118.19950278,Non-Intersection,Dark - Not Lighted,Clear,Unknown,Unknown,Unknown EMS Scene Arrival Hour,Unknown EMS Scene Arrival Minutes,Not Applicable (Not Transported),Not Applicable (Not Transported),1,Dark - Unlighted,Clear,0,1,[],[],0,0,Valid,0.0,0.0,27.0,27.0,['Male'],0,0,4,1,4,Dry,Straight,Level,Lowest,No
4884,6,California,62239,0,1,1,0,1,NOT APPLICABLE,September,30,Saturday,22,51,Rural,High Speed (Arterial),Yes,34.40809444,-118.78948889,Non-Intersection,Dark - Not Lighted,Cloudy,10:00pm-10:59pm,52,Unknown EMS Scene Arrival Hour,Unknown EMS Scene Arrival Minutes,Not Applicable (Not Transported),Not Applicable (Not Transported),1,Dark - Unlighted,Reduced Visibility,1,0,['Driver'],['Shoulder_Lapbelt'],0,0,Valid,0.0,0.0,43.0,43.0,['Male'],0,0,2,4,3,Dry,Straight,Level,Lowest,No
4885,6,California,62240,0,1,1,0,1,NOT APPLICABLE,November,8,Wednesday,18,30,Urban,High Speed (Arterial),Yes,37.99864722,-121.25553611,Non-Intersection,Dark - Not Lighted,Clear,6:00pm-6:59pm,34,6:00pm-6:59pm,Unknown EMS Scene Arrival Minutes,Not Applicable (Not Transported),Not Applicable (Not Transported),1,Dark - Unlighted,Clear,1,0,['Driver'],['None_Used'],1,1,Invalid,1.0,0.0,53.0,53.0,['Male'],0,0,3,4,2,Dry,Straight,Level,Lowest,No
4886,6,California,62241,0,2,2,0,2,NOT APPLICABLE,November,19,Sunday,13,17,Rural,High Speed (Arterial),Yes,34.53986667,-120.19690278,Non-Intersection,Daylight,Clear,1:00pm-1:59pm,Unknown,1:00pm-1:59pm,Unknown EMS Scene Arrival Minutes,Not Applicable (Not Transported),Not Applicable (Not Transported),1,Daylight,Clear,1,1,['Driver'],['Shoulder_Lapbelt'],0,0,Valid,0.0,0.0,66.0,34.0,"['Female', 'Female']",0,0,3,4,5,Dry,Curve,Grade/Hillcrest,Lowest,No