,State_Code,State_Name,Crash_ID,Count_Non_Motorists,Count_Vehicles_Total,Count_Vehicle_Forms,Count_PVH_Involved,Count_Occupants_MV,City_Name,Month_Name,Day_of_Month,Day_of_Week,Crash_Hour,Crash_Minute,Area_Rural_Urban,Road_Functional_Class,On_NHS_Road,Latitude,Longitude,Intersection_Type,Light_Condition,Weather_Condition,Notif_Hour,Notif_Minute,Arrival_Hour,Arrival_Minute,Hospital_Hour,Hospital_Minute,Fatalities_Count,Clean_Light_Condition,Clean_Weather_Condition,Total_Killed,Total_Alive,Fatal_Seats_List,Killed_Restraint_List,Any_Driver_Drinking,Total_Drinking_Drivers,Driver_License_Category,Driver_Max_Prev_Accident_Count,Driver_Max_Prev_Speeding_Count,Max_Driver_Age,Min_Driver_Age,Driver_Sex_List,Total_Exceeding_Limit_Vehicles,Total_Too_Fast_Vehicles,Max_Vehicle_Type_Severity_5,Max_Vehicle_Damage_Rank,Max_Harmful_Event_Severity,Crash_Road_Surface_Condition,Crash_Horizontal_Alignment,Crash_Vertical_Profile,Crash_Impairment_Category,Crash_Vehicle_Defect
4987,6,California,62342,0,2,2,0,2,NOT APPLICABLE,January,31,Tuesday,20,1,Rural,Medium Speed (Collector),No,36.92310833,-119.82603889,Non-Intersection,Dark - Not Lighted,Clear,8:00pm-8:59pm,Unknown,8:00pm-8:59pm,Unknown EMS Scene Arrival Minutes,8:00pm-8:59pm,Unknown EMS Hospital Arrival Time,1,Dark - Unlighted,Clear,1,1,['Driver'],['None_Used'],0,0,Valid,1.0,0.0,82.0,35.0,"['Male', 'Male']",0,0,4,1,5,Dry,Straight,Non-Trafficway,Lowest,No
4988,6,California,62343,0,1,1,0,2,NOT APPLICABLE,November,24,Friday,6,58,Rural,High Speed (Arterial),Yes,33.9152,-116.60911667,Non-Intersection,Daylight,Clear,7:00am-7:59am,1,7:00am-7:59am,Unknown EMS Scene Arrival Minutes,Unknown,Unknown EMS Hospital Arrival Time,1,Daylight,Clear,1,1,['Driver'],['Shoulder_Lapbelt'],0,0,Valid,1.0,0.0,61.0,61.0,['Male'],0,0,3,4,2,Dry,Straight,Grade/Hillcrest,Lowest,No
4989,6,California,62344,0,1,1,0,2,WEST SACRAMENTO,November,20,Monday,0,10,Urban,High Speed (Arterial),Yes,38.57510556,-121.53615,Non-Intersection,Dark - Not Lighted,Clear,0:00am-0:59am,13,0:00am-0:59am,Unknown EMS Scene Arrival Minutes,Unknown,Unknown EMS Hospital Arrival Time,1,Dark - Unlighted,Clear,1,1,['Front_Passenger'],['Shoulder_Lapbelt'],1,1,Valid,0.0,0.0,30.0,30.0,['Female'],2,0,2,4,2,Dry,Straight,Level,Lowest,No
4990,6,California,62345,0,1,1,0,2,NOT APPLICABLE,September,7,Thursday,11,20,Urban,High Speed (Arterial),Yes,33.87062778,-116.49306667,Non-Intersection,Daylight,Clear,11:00am-11:59am,24,Unknown EMS Scene Arrival Hour,Unknown EMS Scene Arrival Minutes,Unknown,Unknown EMS Hospital Arrival Time,1,Daylight,Clear,1,1,['Front_Passenger'],['None_Used'],0,0,Valid,0.0,0.0,63.0,63.0,['Male'],0,0,5,4,3,Dry,Straight,Level,Lowest,No
4991,6,California,62346,0,1,1,0,1,NOT APPLICABLE,December,12,Tuesday,14,3,Urban,Medium Speed (Collector),No,38.62871944,-121.37850833,Complex/Circle,Daylight,Clear,Unknown,Unknown,Unknown EMS Scene Arrival Hour,Unknown EMS Scene Arrival Minutes,Unknown,Unknown EMS Hospital Arrival Time,1,Daylight,Clear,1,0,['Driver'],['Shoulder_Lapbelt'],0,0,Valid,0.0,0.0,82.0,82.0,['Male'],0,0,3,1,3,Dry,Straight,Level,Lowest,No
4992,6,California,62347,0,1,1,0,1,BAKERSFIELD,September,29,Friday,1,37,Urban,Low Speed (Local),No,35.37699722,-118.98451944,Simple Junction,Dark - Lighted,Clear,Unknown,Unknown,Unknown EMS Scene Arrival Hour,Unknown EMS Scene Arrival Minutes,Unknown,Unknown EMS Hospital Arrival Time,1,Dark - Lighted,Clear,1,0,['Driver'],['None_Used'],0,0,Invalid,1.0,0.0,34.0,34.0,['Male'],1,0,5,4,3,Dry,Straight,Level,Lowest,No
4993,6,California,62348,1,1,1,0,1,LOS ANGELES,July,3,Monday,0,32,Urban,High Speed (Arterial),Yes,34.22316667,-118.41044444,Non-Intersection,Dark - Lighted,Clear,0:00am-0:59am,35,0:00am-0:59am,48,Not Applicable (Not Transported),Not Applicable (Not Transported),1,Dark - Lighted,Clear,0,1,[],[],0,0,Invalid,0.0,0.0,999.0,999.0,['Other'],1,0,1,0,4,Dry,Straight,Level,Lowest,No
4994,6,California,62349,0,2,2,0,4,LOS ANGELES,February,26,Sunday,19,0,Urban,High Speed (Arterial),Yes,34.16500556,-118.38211389,Non-Intersection,Dark - Lighted,Cloudy,7:00pm-7:59pm,6,7:00pm-7:59pm,19,Unknown,Unknown EMS Hospital Arrival Time,2,Dark - Lighted,Reduced Visibility,2,2,"['Driver', 'Front_Passenger']","['Shoulder_Lapbelt', 'Shoulder_Lapbelt']",0,0,Valid,0.0,0.0,34.0,31.0,"['Male', 'Female']",3,0,2,4,5,Dry,Straight,Grade/Hillcrest,Lowest,No
4995,6,California,62350,0,2,2,0,2,CORONA,October,2,Monday,0,10,Urban,High Speed (Arterial),Yes,33.88075278,-117.55135833,Non-Intersection,Dark - Not Lighted,Clear,Unknown,Unknown,Unknown EMS Scene Arrival Hour,Unknown EMS Scene Arrival Minutes,Not Applicable (Not Transported),Not Applicable (Not Transported),2,Dark - Unlighted,Clear,2,0,"['Driver', 'Driver']","['Shoulder_Lapbelt', 'Shoulder_Lapbelt']",1,1,Valid,1.0,0.0,47.0,22.0,"['Male', 'Male']",0,0,2,4,5,Dry,Straight,Level,Lowest,No
4996,6,California,62351,0,2,2,0,6,NOT APPLICABLE,August,19,Saturday,1,24,Rural,Medium Speed (Collector),No,34.47690833,-119.76915833,Non-Intersection,Dark - Not Lighted,Clear,1:00am-1:59am,26,1:00am-1:59am,37,Unknown,Unknown EMS Hospital Arrival Time,1,Dark - Unlighted,Clear,1,5,['Driver'],['Lapbelt_Only'],1,1,Invalid,3.0,0.0,57.0,22.0,"['Male', 'Female']",0,0,3,4,5,Dry,Curve,Level,Lowest,No
4997,6,California,62352,0,1,1,0,1,NOT APPLICABLE,November,1,Wednesday,99,99,Urban,Medium Speed (Collector),No,33.90638889,-116.87206111,Non-Intersection,Daylight,Clear,Unknown,Unknown,Unknown EMS Scene Arrival Hour,Unknown EMS Scene Arrival Minutes,Not Applicable (Not Transported),Not Applicable (Not Transported),1,Daylight,Clear,1,0,['Driver'],['Shoulder_Lapbelt'],1,1,Valid,0.0,0.0,45.0,45.0,['Male'],0,0,2,4,3,Dry,Curve,Level,Lowest,No
4998,6,California,62353,0,2,2,0,3,NOT APPLICABLE,May,30,Tuesday,18,38,Rural,Medium Speed (Collector),No,37.22447222,-122.40731667,Non-Intersection,Daylight,Clear,6:00pm-6:59pm,43,7:00pm-7:59pm,28,Unknown,Unknown EMS Hospital Arrival Time,2,Daylight,Clear,2,1,"['Driver', 'Driver']","['Shoulder_Lapbelt', 'Shoulder_Lapbelt']",0,0,Valid,0.0,0.0,66.0,29.0,"['Male', 'Male']",0,0,3,4,5,Dry,Curve,Grade/Hillcrest,Lowest,No
4999,6,California,62354,1,1,1,0,2,BARSTOW,May,30,Tuesday,21,48,Urban,High Speed (Arterial),Yes,34.88771667,-116.99422222,Non-Intersection,Dark - Lighted,Clear,10:00pm-10:59pm,46,10:00pm-10:59pm,51,Unknown,Unknown EMS Hospital Arrival Time,1,Dark - Lighted,Clear,0,2,[],[],0,0,Valid,0.0,0.0,65.0,65.0,['Male'],0,0,3,2,4,Dry,Straight,Grade/Hillcrest,Lowest,No
5000,6,California,62355,1,1,1,0,1,BAKERSFIELD,May,3,Wednesday,21,29,Rural,High Speed (Arterial),No,35.36778333,-119.04371667,Non-Intersection,Dark - Lighted,Rain,9:00pm-9:59pm,Unknown,9:00pm-9:59pm,Unknown EMS Scene Arrival Minutes,Not Applicable (Not Transported),Not Applicable (Not Transported),1,Dark - Lighted,Rain/Wind/Minor,0,1,[],[],0,0,Valid,0.0,0.0,55.0,55.0,['Male'],0,0,3,1,4,Wet/Standing Water,Straight,Level,Lowest,No
5001,6,California,62356,0,2,2,0,6,EAST IRVINE,June,3,Saturday,17,52,Urban,High Speed (Arterial),Yes,33.69705278,-117.73634167,Simple Junction,Daylight,Clear,Unknown,Unknown,Unknown EMS Scene Arrival Hour,Unknown EMS Scene Arrival Minutes,Unknown,Unknown EMS Hospital Arrival Time,1,Daylight,Clear,1,5,['Rear_Seat'],['None_Used'],0,0,Valid,0.0,0.0,45.0,22.0,"['Female', 'Male']",0,0,3,1,5,Dry,Straight,Level,Lowest,No
5002,6,California,62357,0,3,3,0,6,RIVERSIDE,July,25,Tuesday,17,25,Urban,High Speed (Arterial),Yes,33.96426389,-117.37757222,Non-Intersection,Daylight,Clear,5:00pm-5:59pm,29,Unknown EMS Scene Arrival Hour,Unknown EMS Scene Arrival Minutes,Not Applicable (Not Transported),Not Applicable (Not Transported),1,Daylight,Clear,1,5,['Driver'],['None_Used'],0,0,Invalid,0.0,0.0,23.0,14.0,"['Male', 'Male', 'Female']",0,0,5,2,5,Dry,Straight,Level,Lowest,No
5003,6,California,62358,0,1,1,0,1,NOT APPLICABLE,December,10,Sunday,16,0,Urban,High Speed (Arterial),Yes,35.47933889,-118.74204167,Non-Intersection,Daylight,Clear,4:00pm-4:59pm,Unknown,4:00pm-4:59pm,Unknown EMS Scene Arrival Minutes,Not Applicable (Not Transported),Not Applicable (Not Transported),1,Daylight,Clear,1,0,['Driver'],['None_Used'],0,0,Invalid,0.0,0.0,54.0,54.0,['Male'],0,0,5,4,2,Dry,Straight,Level,Lowest,No
5004,6,California,62359,0,3,3,0,6,NOT APPLICABLE,May,27,Saturday,21,40,Rural,Medium Speed (Collector),No,36.41185833,-119.63678889,Non-Intersection,Dark - Not Lighted,Clear,9:00pm-9:59pm,Unknown,Unknown EMS Scene Arrival Hour,Unknown EMS Scene Arrival Minutes,Unknown,Unknown EMS Hospital Arrival Time,1,Dark - Unlighted,Clear,1,5,['Driver'],['None_Used'],0,0,Valid,0.0,2.0,68.0,24.0,"['Male', 'Male', 'Male']",2,0,5,1,5,Dry,Straight,Level,Lowest,No
5005,6,California,62360,0,1,1,0,2,PERRIS,November,18,Saturday,0,54,Urban,Medium Speed (Collector),No,33.8231,-117.23489167,Complex/Circle,Dark - Lighted,Clear,0:00am-0:59am,Unknown,Unknown EMS Scene Arrival Hour,Unknown EMS Scene Arrival Minutes,Unknown,Unknown EMS Hospital Arrival Time,1,Dark - Lighted,Clear,1,1,['Driver'],['None_Used'],1,1,Invalid,0.0,0.0,20.0,20.0,['Male'],0,0,3,4,3,Dry,Straight,Grade/Hillcrest,Lowest,No
5006,6,California,62361,0,2,2,0,2,NOT APPLICABLE,October,14,Saturday,23,5,Rural,Low Speed (Local),No,37.81313333,-121.01540556,Complex/Circle,Dark - Not Lighted,Clear,11:00pm-11:59pm,11,Unknown EMS Scene Arrival Hour,Unknown EMS Scene Arrival Minutes,Not Applicable (Not Transported),Not Applicable (Not Transported),1,Dark - Unlighted,Clear,1,1,['Driver'],['Shoulder_Lapbelt'],0,0,Valid,1.0,0.0,39.0,19.0,"['Male', 'Male']",0,0,4,4,5,Dry,Straight,Level,Lowest,No
5007,6,California,62362,0,1,1,0,1,MANTECA,October,20,Friday,5,26,Urban,High Speed (Arterial),Yes,37.78342222,-121.25165833,Non-Intersection,Dark - Lighted,Clear,5:00am-5:59am,30,5:00am-5:59am,Unknown EMS Scene Arrival Minutes,Not Applicable (Not Transported),Not Applicable (Not Transported),1,Dark - Lighted,Clear,1,0,['Driver'],['None_Used'],1,1,Valid,2.0,0.0,18.0,18.0,['Male'],0,0,2,4,3,Dry,Straight,Level,Lowest,No
5008,6,California,62363,0,1,1,0,1,LOS ANGELES,October,22,Sunday,18,20,Urban,Medium Speed (Collector),No,34.59243056,-118.27759167,Non-Intersection,Dusk,Clear,Unknown,Unknown,Unknown EMS Scene Arrival Hour,Unknown EMS Scene Arrival Minutes,Unknown,Unknown EMS Hospital Arrival Time,1,Twilight,Clear,1,0,['Driver'],['None_Used'],0,0,Valid,0.0,2.0,34.0,34.0,['Male'],1,0,5,4,2,Dry,Curve,Grade/Hillcrest,Lowest,No
5009,6,California,62364,1,1,1,0,1,MORENO VALLEY,September,1,Friday,16,48,Urban,Medium Speed (Collector),No,33.94667222,-117.24498056,Non-Intersection,Daylight,Cloudy,Unknown,Unknown if Notified,Unknown EMS Scene Arrival Hour,Unknown if Arrived,Not Applicable (Not Transported),Not Applicable (Not Transported),1,Daylight,Reduced Visibility,0,1,[],[],0,0,Valid,0.0,0.0,39.0,39.0,['Male'],0,0,2,1,4,Dry,Straight,Level,Lowest,No
5010,6,California,62365,1,1,1,0,2,RIALTO,November,30,Thursday,23,21,Urban,High Speed (Arterial),Yes,34.06837778,-117.38914167,Non-Intersection,Dark - Not Lighted,Cloudy,Unknown,Unknown,Unknown EMS Scene Arrival Hour,Unknown EMS Scene Arrival Minutes,Not Applicable (Not Transported),Not Applicable (Not Transported),1,Dark - Unlighted,Reduced Visibility,0,2,[],[],0,0,Valid,1.0,0.0,46.0,46.0,['Male'],0,0,2,1,4,Dry,Straight,Level,Lowest,No
5011,6,California,62366,0,2,2,0,2,PALMDALE,September,9,Saturday,2,55,Urban,High Speed (Arterial),Yes,34.60450556,-118.14663056,Non-Intersection,Dark - Not Lighted,Clear,2:00am-2:59am,59,3:00am-3:59am,13,Unknown,Unknown EMS Hospital Arrival Time,1,Dark - Unlighted,Clear,1,1,['Driver'],['Shoulder_Lapbelt'],0,0,Valid,1.0,0.0,58.0,45.0,"['Male', 'Female']",1,0,4,4,5,Dry,Straight,Level,Lowest,No
5012,6,California,62367,0,1,1,0,1,LOS ANGELES,December,23,Saturday,23,27,Urban,High Speed (Arterial),Yes,34.13943889,-118.47118333,Non-Intersection,Dark - Not Lighted,Clear,Unknown,Unknown,Unknown EMS Scene Arrival Hour,Unknown EMS Scene Arrival Minutes,Not Applicable (Not Transported),Not Applicable (Not Transported),1,Dark - Unlighted,Clear,1,0,['Driver'],['None_Used'],0,0,Valid,1.0,0.0,28.0,28.0,['Male'],0,0,2,4,3,Dry,Straight,Level,Lowest,No
5013,6,California,62368,1,1,1,0,1,NOT APPLICABLE,October,14,Saturday,19,26,Urban,High Speed (Arterial),No,33.90187778,-118.26523611,Non-Intersection,Dark - Lighted,Clear,7:00pm-7:59pm,27,7:00pm-7:59pm,Unknown EMS Scene Arrival Minutes,Not Applicable (Not Transported),Not Applicable (Not Transported),1,Dark - Lighted,Clear,0,1,[],[],1,1,Invalid,0.0,0.0,34.0,34.0,['Male'],0,0,2,1,4,Dry,Straight,Level,Lowest,No
5014,6,California,62369,1,3,2,1,2,NOT APPLICABLE,March,23,Thursday,14,50,Rural,High Speed (Arterial),Yes,39.27431389,-120.71705833,Non-Intersection,Daylight,Snow,Unknown,Unknown,Unknown EMS Scene Arrival Hour,Unknown EMS Scene Arrival Minutes,Unknown,Unknown EMS Hospital Arrival Time,1,Daylight,Snow/Ice/Severe,0,2,[],[],0,0,Valid,0.0,1.0,59.0,18.0,"['Male', 'Female']",1,0,4,1,5,Icy/Snowy,Straight,Grade/Hillcrest,Lowest,No
5015,6,California,62370,0,1,1,0,4,NOT APPLICABLE,May,20,Saturday,1,55,Rural,Medium Speed (Collector),No,38.47621944,-122.43538333,Non-Intersection,Dark - Not Lighted,Clear,2:00am-2:59am,1,Unknown EMS Scene Arrival Hour,Unknown EMS Scene Arrival Minutes,Unknown,Unknown EMS Hospital Arrival Time,2,Dark - Unlighted,Clear,2,2,"['Driver', 'Front_Passenger']","['Shoulder_Lapbelt', 'Shoulder_Lapbelt']",1,1,Valid,1.0,0.0,28.0,28.0,['Male'],4,0,2,4,3,Dry,Straight,Level,Lowest,No
5016,6,California,62371,0,2,2,0,3,LOS ANGELES,February,17,Friday,5,0,Urban,High Speed (Arterial),Yes,34.23472778,-118.41203889,Non-Intersection,Dark - Lighted,Clear,5:00am-5:59am,Unknown,5:00am-5:59am,Unknown EMS Scene Arrival Minutes,Not Applicable (Not Transported),Not Applicable (Not Transported),2,Dark - Lighted,Clear,2,1,"['Driver', 'Rear_Seat']","['Shoulder_Lapbelt', 'Shoulder_Lapbelt']",0,0,Valid,1.0,0.0,54.0,28.0,"['Male', 'Male']",1,0,4,4,5,Dry,Straight,Level,Lowest,No
5017,6,California,62372,0,3,3,0,5,SAN DIEGO,August,27,Sunday,1,33,Urban,High Speed (Arterial),Yes,32.79308889,-117.11235,Non-Intersection,Dark - Not Lighted,Clear,1:00am-1:59am,34,Unknown EMS Scene Arrival Hour,Unknown EMS Scene Arrival Minutes,Unknown,Unknown EMS Hospital Arrival Time,1,Dark - Unlighted,Clear,1,4,['Driver'],['Shoulder_Lapbelt'],1,1,Valid,1.0,1.0,48.0,25.0,"['Male', 'Female', 'Female']",0,0,2,4,5,Dry,Curve,Level,Lowest,No
5018,6,California,62373,1,1,1,0,1,RIALTO,October,7,Saturday,19,2,Urban,High Speed (Arterial),No,34.05738889,-117.370325,Non-Intersection,Dark - Lighted,Clear,7:00pm-7:59pm,Unknown,7:00pm-7:59pm,Unknown EMS Scene Arrival Minutes,Not Applicable (Not Transported),Not Applicable (Not Transported),1,Dark - Lighted,Clear,0,1,[],[],0,0,Valid,0.0,0.0,46.0,46.0,['Male'],0,0,2,1,4,Dry,Straight,Grade/Hillcrest,Lowest,No
5019,6,California,62374,0,1,1,0,3,NOT APPLICABLE,July,20,Thursday,21,50,Rural,High Speed (Arterial),Yes,38.17907222,-121.26254167,Non-Intersection,Dark - Not Lighted,Clear,Unknown,Unknown,Unknown EMS Scene Arrival Hour,Unknown EMS Scene Arrival Minutes,Unknown,Unknown EMS Hospital Arrival Time,1,Dark - Unlighted,Clear,1,2,['Rear_Seat'],['None_Used'],0,0,Valid,0.0,0.0,25.0,25.0,['Male'],0,0,3,4,3,Dry,Straight,Level,Lowest,Yes
5020,6,California,62375,1,1,1,0,1,NOT APPLICABLE,September,4,Monday,3,35,Urban,High Speed (Arterial),Yes,37.87179167,-121.27889722,Non-Intersection,Dark - Not Lighted,Clear,3:00am-3:59am,37,Unknown EMS Scene Arrival Hour,Unknown EMS Scene Arrival Minutes,Not Applicable (Not Transported),Not Applicable (Not Transported),1,Dark - Unlighted,Clear,0,1,[],[],0,0,Invalid,0.0,0.0,999.0,999.0,['Other'],1,0,1,0,4,Dry,Curve,Level,Lowest,No
5021,6,California,62376,0,1,1,0,1,ESCONDIDO,October,13,Friday,3,5,Urban,High Speed (Arterial),Yes,33.15655,-117.10391944,Non-Intersection,Dark - Not Lighted,Clear,3:00am-3:59am,14,3:00am-3:59am,Unknown EMS Scene Arrival Minutes,Not Applicable (Not Transported),Not Applicable (Not Transported),1,Dark - Unlighted,Clear,1,0,['Driver'],['Shoulder_Lapbelt'],1,1,Valid,0.0,0.0,29.0,29.0,['Female'],0,0,3,4,2,Dry,Straight,Grade/Hillcrest,Lowest,No
5022,6,California,62378,2,1,1,0,1,ENCINITAS,January,1,Sunday,0,24,Urban,Medium Speed (Collector),No,33.04876667,-117.29400278,Complex/Circle,Dark - Lighted,Rain,Unknown,Unknown,Unknown EMS Scene Arrival Hour,Unknown EMS Scene Arrival Minutes,Unknown,Unknown EMS Hospital Arrival Time,1,Dark - Lighted,Rain/Wind/Minor,0,1,[],[],0,0,Invalid,0.0,0.0,998.0,998.0,['Other'],0,0,3,0,4,Wet/Standing Water,Straight,Level,Lowest,No
5023,6,California,62379,1,1,1,0,1,RICHMOND,February,18,Saturday,6,30,Urban,High Speed (Arterial),Yes,37.92533333,-122.33811111,Complex/Circle,Dawn,Clear,Unknown,Unknown,Unknown EMS Scene Arrival Hour,Unknown EMS Scene Arrival Minutes,Not Applicable (Not Transported),Not Applicable (Not Transported),1,Twilight,Clear,0,1,[],[],0,0,Invalid,0.0,0.0,998.0,998.0,['Other'],0,0,1,0,4,Dry,Straight,Level,Lowest,No
5024,6,California,62380,1,1,1,0,1,CLOVIS,January,6,Friday,6,37,Urban,Medium Speed (Collector),No,36.85199444,-119.720275,Complex/Circle,Dawn,Cloudy,6:00am-6:59am,Unknown,Unknown EMS Scene Arrival Hour,Unknown EMS Scene Arrival Minutes,Unknown,Unknown EMS Hospital Arrival Time,1,Twilight,Reduced Visibility,0,1,[],[],0,0,Valid,0.0,0.0,62.0,62.0,['Male'],0,0,3,2,4,Wet/Standing Water,Straight,Level,Lowest,No
5025,6,California,62381,1,1,1,0,1,FRESNO,January,16,Monday,19,58,Urban,Medium Speed (Collector),No,36.77036667,-119.844225,Non-Intersection,Dark - Not Lighted,Rain,7:00pm-7:59pm,59,8:00pm-8:59pm,Unknown EMS Scene Arrival Minutes,Not Applicable (Not Transported),Not Applicable (Not Transported),1,Dark - Unlighted,Rain/Wind/Minor,0,1,[],[],0,0,Invalid,0.0,1.0,24.0,24.0,['Female'],0,0,2,1,4,Wet/Standing Water,Straight,Level,Lowest,No
5026,6,California,62382,0,2,2,0,3,SAN FRANCISCO,January,22,Sunday,2,11,Urban,High Speed (Arterial),Yes,37.76575,-122.40785,Complex/Circle,Dark - Lighted,Clear,2:00am-2:59am,Unknown,2:00am-2:59am,Unknown EMS Scene Arrival Minutes,2:00am-2:59am,Unknown EMS Hospital Arrival Time,1,Dark - Lighted,Clear,1,2,['Front_Passenger'],['Shoulder_Lapbelt'],1,1,Valid,1.0,0.0,46.0,22.0,"['Male', 'Male']",1,0,3,4,5,Dry,Straight,Level,Lowest,Yes
5027,6,California,62383,1,1,1,0,1,LOS ANGELES,January,25,Wednesday,11,37,Rural,Low Speed (Local),No,34.17157222,-118.46206111,Non-Intersection,Daylight,Clear,11:00am-11:59am,Unknown,11:00am-11:59am,Unknown EMS Scene Arrival Minutes,Not Applicable (Not Transported),Not Applicable (Not Transported),1,Daylight,Clear,0,1,[],[],0,0,Valid,1.0,0.0,44.0,44.0,['Male'],0,0,4,1,4,Dry,Straight,Level,Lowest,No
5028,6,California,62384,1,2,2,0,4,CHULA VISTA,January,26,Thursday,18,42,Urban,Medium Speed (Collector),No,32.60373889,-117.08441111,Simple Junction,Dark - Lighted,Clear,Unknown,Unknown,Unknown EMS Scene Arrival Hour,Unknown EMS Scene Arrival Minutes,Not Applicable (Not Transported),Not Applicable (Not Transported),1,Dark - Lighted,Clear,0,4,[],[],0,0,Valid,0.0,0.0,62.0,52.0,"['Male', 'Male']",0,0,2,1,4,Dry,Straight,Level,Lowest,No
5029,6,California,62385,1,1,1,0,1,FONTANA,January,30,Monday,1,11,Urban,Medium Speed (Collector),No,34.11050556,-117.45362222,Simple Junction,Dark - Lighted,Rain,1:00am-1:59am,Unknown,1:00am-1:59am,Unknown EMS Scene Arrival Minutes,Not Applicable (Not Transported),Not Applicable (Not Transported),1,Dark - Lighted,Rain/Wind/Minor,0,1,[],[],0,0,Valid,1.0,1.0,21.0,21.0,['Female'],0,0,2,3,4,Wet/Standing Water,Straight,Level,Lowest,No
5030,6,California,62386,1,1,1,0,1,REDLANDS,June,16,Friday,21,30,Urban,High Speed (Arterial),Yes,34.06671389,-117.21090556,Non-Intersection,Dark - Lighted,Clear,9:00pm-9:59pm,35,9:00pm-9:59pm,Unknown EMS Scene Arrival Minutes,Not Applicable (Not Transported),Not Applicable (Not Transported),1,Dark - Lighted,Clear,0,1,[],[],1,1,Valid,0.0,0.0,41.0,41.0,['Male'],0,0,3,1,4,Dry,Straight,Level,Lowest,No
5031,6,California,62387,1,1,1,0,1,NOT APPLICABLE,May,31,Wednesday,18,55,Urban,Medium Speed (Collector),No,36.83743056,-119.63476111,Non-Intersection,Daylight,Clear,6:00pm-6:59pm,58,Unknown EMS Scene Arrival Hour,Unknown EMS Scene Arrival Minutes,Not Applicable (Not Transported),Not Applicable (Not Transported),1,Daylight,Clear,0,1,[],[],1,1,Valid,2.0,0.0,36.0,36.0,['Male'],0,0,3,1,4,Dry,Straight,Level,Lowest,No
5032,6,California,62388,0,1,1,0,1,NOT APPLICABLE,October,18,Wednesday,4,22,Rural,High Speed (Arterial),Yes,39.34153056,-120.31294722,Non-Intersection,Dark - Not Lighted,Clear,4:00am-4:59am,23,4:00am-4:59am,Unknown EMS Scene Arrival Minutes,Not Applicable (Not Transported),Not Applicable (Not Transported),1,Dark - Unlighted,Clear,1,0,['Driver'],['None_Used'],0,0,Valid,0.0,0.0,85.0,85.0,['Female'],0,0,3,4,3,Dry,Curve,Grade/Hillcrest,Lowest,No
5033,6,California,62389,0,1,1,0,1,NOT APPLICABLE,November,4,Saturday,99,99,Rural,Medium Speed (Collector),No,40.44427778,-122.86952222,Non-Intersection,Dark - Not Lighted,Clear,Unknown,Unknown,Unknown EMS Scene Arrival Hour,Unknown EMS Scene Arrival Minutes,Not Applicable (Not Transported),Not Applicable (Not Transported),1,Dark - Unlighted,Clear,1,0,['Driver'],['None_Used'],0,0,Invalid,0.0,0.0,36.0,36.0,['Male'],0,0,2,4,3,Dry,Curve,Level,Lowest,No
5034,6,California,62390,0,1,1,0,2,TUSTIN,November,6,Monday,3,8,Urban,Medium Speed (Collector),No,33.74566667,-117.81502778,Complex/Circle,Dark - Lighted,Clear,Unknown,Unknown,Unknown EMS Scene Arrival Hour,Unknown EMS Scene Arrival Minutes,Not Applicable (Not Transported),Not Applicable (Not Transported),2,Dark - Lighted,Clear,2,0,"['Driver', 'Front_Passenger']","['Shoulder_Lapbelt', 'Shoulder_Lapbelt']",0,0,Invalid,1.0,1.0,23.0,23.0,['Male'],2,0,2,1,3,Dry,Curve,Level,Lowest,No
5035,6,California,62391,0,2,2,0,2,WEST COVINA,November,24,Friday,19,29,Urban,High Speed (Arterial),Yes,34.02745,-117.90663333,Complex/Circle,Dark - Lighted,Clear,5:00pm-5:59pm,11,Unknown EMS Scene Arrival Hour,Unknown EMS Scene Arrival Minutes,Not Applicable (Not Transported),Not Applicable (Not Transported),1,Dark - Lighted,Clear,1,1,['Driver'],['None_Used'],0,0,Valid,0.0,0.0,55.0,29.0,"['Male', 'Male']",0,0,5,1,5,Dry,Curve,Grade/Hillcrest,Lowest,No
5036,6,California,62392,1,1,1,0,2,NOT APPLICABLE,July,21,Friday,23,5,Urban,High Speed (Arterial),Yes,34.22212778,-119.10999167,Non-Intersection,Dark - Not Lighted,Clear,11:00pm-11:59pm,6,11:00pm-11:59pm,13,Not Applicable (Not Transported),Not Applicable (Not Transported),1,Dark - Unlighted,Clear,0,2,[],[],0,0,Valid,1.0,0.0,58.0,58.0,['Male'],0,0,4,1,4,Dry,Straight,Level,Lowest,No