,State_Code,State_Name,Crash_ID,Count_Non_Motorists,Count_Vehicles_Total,Count_Vehicle_Forms,Count_PVH_Involved,Count_Occupants_MV,City_Name,Month_Name,Day_of_Month,Day_of_Week,Crash_Hour,Crash_Minute,Area_Rural_Urban,Road_Functional_Class,On_NHS_Road,Latitude,Longitude,Intersection_Type,Light_Condition,Weather_Condition,Notif_Hour,Notif_Minute,Arrival_Hour,Arrival_Minute,Hospital_Hour,Hospital_Minute,Fatalities_Count,Clean_Light_Condition,Clean_Weather_Condition,Total_Killed,Total_Alive,Fatal_Seats_List,Killed_Restraint_List,Any_Driver_Drinking,Total_Drinking_Drivers,Driver_License_Category,Driver_Max_Prev_Accident_Count,Driver_Max_Prev_Speeding_Count,Max_Driver_Age,Min_Driver_Age,Driver_Sex_List,Total_Exceeding_Limit_Vehicles,Total_Too_Fast_Vehicles,Max_Vehicle_Type_Severity_5,Max_Vehicle_Damage_Rank,Max_Harmful_Event_Severity,Crash_Road_Surface_Condition,Crash_Horizontal_Alignment,Crash_Vertical_Profile,Crash_Impairment_Category,Crash_Vehicle_Defect
5140,6,California,62497,1,1,1,0,1,STANTON,August,28,Monday,19,50,Urban,High Speed (Arterial),Yes,33.80291389,-117.99862778,Non-Intersection,Dusk,Clear,7:00pm-7:59pm,51,7:00pm-7:59pm,54,Unknown,Unknown EMS Hospital Arrival Time,1,Twilight,Clear,0,1,[],[],0,0,Valid,0.0,0.0,39.0,39.0,['Male'],0,0,2,3,4,Dry,Straight,Level,Lowest,No
5141,6,California,62498,1,1,1,0,1,NOT APPLICABLE,August,22,Tuesday,5,21,Urban,Medium Speed (Collector),No,32.71586667,-117.15927778,Non-Intersection,Dark - Lighted,Clear,Unknown,Unknown,Unknown EMS Scene Arrival Hour,Unknown EMS Scene Arrival Minutes,Not Applicable (Not Transported),Not Applicable (Not Transported),1,Dark - Lighted,Clear,0,1,[],[],0,0,Valid,0.0,0.0,59.0,59.0,['Male'],0,0,4,1,4,Dry,Straight,Level,Lowest,No
5142,6,California,62499,0,2,2,0,6,LANCASTER,August,11,Friday,23,37,Rural,Medium Speed (Collector),No,34.71868611,-118.18369722,Complex/Circle,Dark - Lighted,Clear,Unknown,Unknown,Unknown EMS Scene Arrival Hour,Unknown EMS Scene Arrival Minutes,Not Applicable (Not Transported),Not Applicable (Not Transported),1,Dark - Lighted,Clear,1,5,['Driver'],['None_Used'],1,1,Valid,0.0,0.0,35.0,29.0,"['Male', 'Female']",1,0,5,4,5,Dry,Straight,Level,Lowest,No
5143,6,California,62500,0,2,2,0,3,UNION CITY,August,15,Tuesday,14,37,Urban,Medium Speed (Collector),No,37.60596389,-122.04698056,Non-Intersection,Daylight,Clear,2:00pm-2:59pm,Unknown,Unknown EMS Scene Arrival Hour,Unknown EMS Scene Arrival Minutes,Unknown,Unknown EMS Hospital Arrival Time,1,Daylight,Clear,1,2,['Front_Passenger'],['None_Used'],0,0,Valid,0.0,0.0,49.0,26.0,"['Male', 'Male']",2,0,5,4,5,Dry,Straight,Level,Lowest,Yes
5144,6,California,62501,0,2,2,0,2,CLOVIS,August,30,Wednesday,12,1,Urban,Medium Speed (Collector),No,36.85206944,-119.72308056,Complex/Circle,Daylight,Clear,12:00pm-12:59pm,Unknown,12:00pm-12:59pm,Unknown EMS Scene Arrival Minutes,12:00pm-12:59pm,Unknown EMS Hospital Arrival Time,1,Daylight,Clear,1,1,['Driver'],['None_Used'],0,0,Valid,1.0,1.0,41.0,20.0,"['Female', 'Male']",1,0,5,4,5,Dry,Straight,Level,Lowest,No
5145,6,California,62502,1,1,1,0,1,LOS ANGELES,September,1,Friday,5,0,Urban,High Speed (Arterial),Yes,34.05578333,-118.42644167,Non-Intersection,Dawn,Clear,5:00am-5:59am,Unknown,5:00am-5:59am,Unknown EMS Scene Arrival Minutes,Not Applicable (Not Transported),Not Applicable (Not Transported),1,Twilight,Clear,0,1,[],[],0,0,Invalid,0.0,0.0,33.0,33.0,['Male'],1,0,2,3,4,Dry,Straight,Level,Lowest,No
5146,6,California,62503,1,1,1,0,2,DOWNEY,September,10,Sunday,1,38,Urban,Low Speed (Local),No,33.94996111,-118.15209167,Non-Intersection,Dark - Lighted,Clear,1:00am-1:59am,Unknown,1:00am-1:59am,Unknown EMS Scene Arrival Minutes,Unknown,Unknown EMS Hospital Arrival Time,1,Dark - Lighted,Clear,0,2,[],[],0,0,Valid,0.0,0.0,24.0,24.0,['Male'],0,0,2,2,4,Dry,Straight,Level,Lowest,No
5147,6,California,62504,1,1,1,0,1,DOWNEY,September,12,Tuesday,21,9,Urban,High Speed (Arterial),Yes,33.95680833,-118.12770556,Complex/Circle,Dark - Lighted,Clear,9:00pm-9:59pm,Unknown,9:00pm-9:59pm,Unknown EMS Scene Arrival Minutes,Not Applicable (Not Transported),Not Applicable (Not Transported),1,Dark - Lighted,Clear,0,1,[],[],0,0,Valid,0.0,0.0,31.0,31.0,['Male'],0,0,2,2,4,Dry,Straight,Level,Lowest,No
5148,6,California,62505,0,1,1,0,2,CONCORD,July,2,Sunday,1,50,Urban,High Speed (Arterial),Yes,37.98211111,-122.04206667,Non-Intersection,Dark - Lighted,Clear,Unknown,Unknown,Unknown EMS Scene Arrival Hour,Unknown EMS Scene Arrival Minutes,Unknown,Unknown EMS Hospital Arrival Time,1,Dark - Lighted,Clear,1,1,['Driver'],['Shoulder_Lapbelt'],1,1,Invalid,1.0,0.0,38.0,38.0,['Male'],0,0,2,4,2,Dry,Straight,Level,Lowest,No
5149,6,California,62506,0,1,1,0,1,NOT APPLICABLE,September,17,Sunday,2,2,Urban,High Speed (Arterial),Yes,37.99628611,-122.11755278,Non-Intersection,Dark - Not Lighted,Cloudy,2:00am-2:59am,4,Unknown EMS Scene Arrival Hour,Unknown EMS Scene Arrival Minutes,Not Applicable (Not Transported),Not Applicable (Not Transported),1,Dark - Unlighted,Reduced Visibility,1,0,['Driver'],['None_Used'],0,0,Valid,0.0,0.0,57.0,57.0,['Male'],1,0,5,4,2,Dry,Curve,Level,Lowest,No
5150,6,California,62507,0,1,1,0,1,NOT APPLICABLE,December,17,Sunday,15,50,Rural,Low Speed (Local),No,33.55338333,-116.67261667,Complex/Circle,Not Reported,Clear,Unknown,Unknown,Unknown EMS Scene Arrival Hour,Unknown EMS Scene Arrival Minutes,Not Applicable (Not Transported),Not Applicable (Not Transported),1,Dark - Unlighted,Clear,1,0,['Driver'],['None_Used'],0,0,Valid,0.0,0.0,72.0,72.0,['Male'],0,0,3,1,2,Dry,Straight,Level,Lowest,No
5151,6,California,62508,1,1,1,0,2,NOT APPLICABLE,October,7,Saturday,20,10,Urban,High Speed (Arterial),Yes,34.642925,-120.43304722,Non-Intersection,Dark - Not Lighted,Clear,Unknown,Unknown,Unknown EMS Scene Arrival Hour,Unknown EMS Scene Arrival Minutes,Unknown,Unknown EMS Hospital Arrival Time,1,Dark - Unlighted,Clear,0,2,[],[],0,0,Valid,0.0,0.0,73.0,73.0,['Female'],0,0,3,4,4,Dry,Straight,Level,Lowest,No
5152,6,California,62509,0,2,2,0,3,NOT APPLICABLE,October,22,Sunday,17,12,Rural,Medium Speed (Collector),No,34.60340556,-120.20701389,Non-Intersection,Daylight,Clear,Unknown,Unknown,Unknown EMS Scene Arrival Hour,Unknown EMS Scene Arrival Minutes,Unknown,Unknown EMS Hospital Arrival Time,2,Daylight,Clear,2,1,"['Driver', 'Front_Passenger']","['Shoulder_Lapbelt', 'Shoulder_Lapbelt']",1,1,Valid,0.0,0.0,23.0,22.0,"['Female', 'Male']",0,0,3,1,5,Dry,Curve,Level,Lowest,No
5153,6,California,62510,0,2,2,0,2,NOT APPLICABLE,December,20,Wednesday,4,35,Urban,High Speed (Arterial),Yes,35.331525,-119.03971944,Non-Intersection,Dark - Lighted,Clear,4:00am-4:59am,Unknown,4:00am-4:59am,Unknown EMS Scene Arrival Minutes,Not Applicable (Not Transported),Not Applicable (Not Transported),1,Dark - Lighted,Clear,1,1,['Driver'],['None_Used'],0,0,Invalid,1.0,0.0,53.0,21.0,"['Male', 'Male']",1,0,5,4,5,Dry,Straight,Level,Lowest,No
5154,6,California,62511,1,1,1,0,1,LOS ANGELES,November,1,Wednesday,4,30,Urban,High Speed (Arterial),Yes,34.07866389,-118.29025556,Non-Intersection,Dark - Lighted,Clear,Unknown,Unknown,Unknown EMS Scene Arrival Hour,Unknown EMS Scene Arrival Minutes,Not Applicable (Not Transported),Not Applicable (Not Transported),1,Dark - Lighted,Clear,0,1,[],[],0,0,Invalid,0.0,0.0,998.0,998.0,['Other'],0,0,1,0,4,Dry,Straight,Level,Lowest,No
5155,6,California,62512,0,1,1,0,2,UKIAH,September,17,Sunday,17,24,Rural,Low Speed (Local),No,39.15503611,-123.2206,Non-Intersection,Daylight,Clear,Unknown,Unknown,Unknown EMS Scene Arrival Hour,Unknown EMS Scene Arrival Minutes,Unknown,Unknown EMS Hospital Arrival Time,1,Daylight,Clear,1,1,['Driver'],['Shoulder_Lapbelt'],1,1,Valid,0.0,0.0,52.0,52.0,['Male'],2,0,2,4,3,Dry,Curve,Level,Lowest,No
5156,6,California,62513,1,1,1,0,2,PITTSBURG,April,13,Thursday,1,15,Rural,High Speed (Arterial),Yes,37.98033611,-121.89979167,Non-Intersection,Dark - Not Lighted,Clear,1:00am-1:59am,36,3:00am-3:59am,2,Not Applicable (Not Transported),Not Applicable (Not Transported),1,Dark - Unlighted,Clear,0,2,[],[],0,0,Invalid,0.0,0.0,40.0,40.0,['Male'],2,0,2,4,4,Dry,Straight,Level,Lowest,No
5157,6,California,62514,0,2,2,0,2,LOS ANGELES,September,23,Saturday,12,30,Urban,Medium Speed (Collector),No,34.08076667,-118.32720833,Non-Intersection,Daylight,Clear,Unknown,Unknown,Unknown EMS Scene Arrival Hour,Unknown EMS Scene Arrival Minutes,Unknown,Unknown EMS Hospital Arrival Time,1,Daylight,Clear,1,1,['Driver'],['None_Used'],0,0,Valid,0.0,0.0,26.0,25.0,"['Female', 'Male']",1,0,5,4,5,Dry,Straight,Level,Lowest,No
5158,6,California,62515,1,1,1,0,1,LOS ANGELES,September,23,Saturday,20,30,Urban,High Speed (Arterial),Yes,34.04769444,-118.28411111,Non-Intersection,Dark - Lighted,Clear,Unknown,Unknown,Unknown EMS Scene Arrival Hour,Unknown EMS Scene Arrival Minutes,Unknown,Unknown EMS Hospital Arrival Time,1,Dark - Lighted,Clear,0,0,[],[],0,0,Invalid,0.0,0.0,998.0,998.0,['Other'],1,0,1,0,4,Dry,Straight,Level,Lowest,No
5159,6,California,62516,1,1,1,0,1,RANCHO CUCAMONGA,September,25,Monday,7,37,Urban,High Speed (Arterial),Yes,34.08893333,-117.52393333,Non-Intersection,Dark - Not Lighted,Clear,Unknown,Unknown,Unknown EMS Scene Arrival Hour,Unknown EMS Scene Arrival Minutes,Not Applicable (Not Transported),Not Applicable (Not Transported),1,Dark - Unlighted,Clear,0,0,[],[],0,0,Invalid,0.0,0.0,998.0,998.0,['Other'],0,0,1,0,4,Dry,Straight,Level,Lowest,No
5160,6,California,62517,0,1,1,0,1,HESPERIA,September,29,Friday,14,33,Urban,Medium Speed (Collector),No,34.46047222,-117.28458333,Non-Intersection,Daylight,Clear,Unknown,Unknown,Unknown EMS Scene Arrival Hour,Unknown EMS Scene Arrival Minutes,Not Applicable (Not Transported),Not Applicable (Not Transported),1,Daylight,Clear,1,0,['Driver'],['None_Used'],1,1,Invalid,0.0,0.0,37.0,37.0,['Female'],0,0,3,4,3,Dry,Straight,Level,Lowest,No
5161,6,California,62518,1,1,1,0,1,FOUNTAIN VALLEY,October,3,Tuesday,13,46,Urban,High Speed (Arterial),Yes,33.73058056,-117.954725,Complex/Circle,Daylight,Clear,Unknown,Unknown,Unknown EMS Scene Arrival Hour,Unknown EMS Scene Arrival Minutes,Not Applicable (Not Transported),Not Applicable (Not Transported),1,Daylight,Clear,0,1,[],[],0,0,Valid,0.0,0.0,62.0,62.0,['Male'],0,0,1,1,4,Dry,Straight,Level,Lowest,No
5162,6,California,62519,0,1,1,0,1,RICHMOND,October,6,Friday,21,45,Urban,High Speed (Arterial),Yes,37.979175,-122.35428611,Non-Intersection,Dark - Lighted,Clear,Unknown,Unknown,Unknown EMS Scene Arrival Hour,Unknown EMS Scene Arrival Minutes,Not Applicable (Not Transported),Not Applicable (Not Transported),1,Dark - Lighted,Clear,1,0,['Driver'],['Shoulder_Lapbelt'],1,1,Valid,2.0,0.0,60.0,60.0,['Female'],1,0,2,4,3,Dry,Curve,Grade/Hillcrest,Lowest,No
5163,6,California,62520,0,2,2,0,3,LOS ANGELES,October,9,Monday,18,0,Urban,High Speed (Arterial),Yes,34.21419167,-118.46612222,Complex/Circle,Dark - Lighted,Clear,Unknown,Unknown,Unknown EMS Scene Arrival Hour,Unknown EMS Scene Arrival Minutes,Unknown,Unknown EMS Hospital Arrival Time,1,Dark - Lighted,Clear,1,2,['Front_Passenger'],['Shoulder_Lapbelt'],0,0,Invalid,0.0,0.0,34.0,25.0,"['Female', 'Male']",1,0,2,4,5,Dry,Straight,Level,Lowest,No
5164,6,California,62521,0,1,1,0,1,BARSTOW,October,9,Monday,18,47,Rural,High Speed (Arterial),Yes,34.895175,-117.04281389,Non-Intersection,Dusk,Clear,Unknown,Unknown,Unknown EMS Scene Arrival Hour,Unknown EMS Scene Arrival Minutes,Unknown,Unknown EMS Hospital Arrival Time,1,Twilight,Clear,1,0,['Driver'],['None_Used'],0,0,Invalid,1.0,0.0,42.0,42.0,['Male'],0,0,5,3,1,Dry,Straight,Level,Lowest,No
5165,6,California,62522,0,2,2,0,2,ELK GROVE,October,13,Friday,17,26,Urban,High Speed (Arterial),Yes,38.42894167,-121.37156667,Simple Junction,Daylight,Clear,5:00pm-5:59pm,Unknown,5:00pm-5:59pm,Unknown EMS Scene Arrival Minutes,Unknown,Unknown EMS Hospital Arrival Time,1,Daylight,Clear,1,1,['Driver'],['None_Used'],0,0,Valid,0.0,0.0,57.0,40.0,"['Male', 'Male']",1,0,5,4,5,Dry,Straight,Level,Lowest,No
5166,6,California,62523,1,1,1,0,1,ONTARIO,June,30,Friday,8,33,Urban,High Speed (Arterial),Yes,34.02998056,-117.59304722,Complex/Circle,Daylight,Clear,8:00am-8:59am,34,8:00am-8:59am,46,Not Applicable (Not Transported),Not Applicable (Not Transported),1,Daylight,Clear,0,1,[],[],0,0,Valid,0.0,1.0,50.0,50.0,['Male'],0,0,4,1,4,Dry,Straight,Level,Lowest,No
5167,6,California,62524,1,1,1,0,1,SAN DIEGO,August,3,Thursday,20,18,Urban,High Speed (Arterial),Yes,32.71311944,-117.14266111,Non-Intersection,Dark - Lighted,Clear,8:00pm-8:59pm,Unknown,8:00pm-8:59pm,Unknown EMS Scene Arrival Minutes,Not Applicable (Not Transported),Not Applicable (Not Transported),1,Dark - Lighted,Clear,0,1,[],[],0,0,Valid,0.0,0.0,50.0,50.0,['Male'],0,0,3,3,4,Dry,Straight,Grade/Hillcrest,Lowest,No
5168,6,California,62525,0,2,2,0,4,SANTA BARBARA,October,13,Friday,21,41,Urban,High Speed (Arterial),Yes,34.42834444,-119.73779167,Non-Intersection,Dark - Not Lighted,Clear,Unknown,Unknown,Unknown EMS Scene Arrival Hour,Unknown EMS Scene Arrival Minutes,Unknown,Unknown EMS Hospital Arrival Time,1,Dark - Unlighted,Clear,1,3,['Driver'],['Shoulder_Lapbelt'],1,1,Valid,0.0,0.0,53.0,43.0,"['Male', 'Female']",0,0,3,1,5,Dry,Curve,Level,Lowest,No
5169,6,California,62526,1,1,1,0,3,SANTA BARBARA,October,28,Saturday,22,16,Urban,High Speed (Arterial),Yes,34.41233056,-119.7019,Non-Intersection,Dark - Lighted,Clear,10:00pm-10:59pm,Unknown,10:00pm-10:59pm,Unknown EMS Scene Arrival Minutes,10:00pm-10:59pm,Unknown EMS Hospital Arrival Time,1,Dark - Lighted,Clear,0,3,[],[],0,0,Valid,0.0,0.0,56.0,56.0,['Male'],0,0,2,4,4,Dry,Straight,Grade/Hillcrest,Lowest,No
5170,6,California,62527,0,1,1,0,1,NOT APPLICABLE,November,7,Tuesday,11,50,Urban,High Speed (Arterial),Yes,33.606,-117.11151389,Non-Intersection,Daylight,Cloudy,Unknown,Unknown,Unknown EMS Scene Arrival Hour,Unknown EMS Scene Arrival Minutes,Not Applicable (Not Transported),Not Applicable (Not Transported),1,Daylight,Reduced Visibility,1,0,['Driver'],['Shoulder_Lapbelt'],0,0,Valid,0.0,0.0,45.0,45.0,['Female'],0,0,2,4,3,Dry,Straight,Level,Lowest,No
5171,6,California,62528,1,1,1,0,1,LONG BEACH,December,20,Wednesday,5,42,Urban,High Speed (Arterial),Yes,33.83376111,-118.20863611,Non-Intersection,Dark - Lighted,Rain,Unknown,Unknown,Unknown EMS Scene Arrival Hour,Unknown EMS Scene Arrival Minutes,Not Applicable (Not Transported),Not Applicable (Not Transported),1,Dark - Lighted,Rain/Wind/Minor,0,1,[],[],0,0,Valid,1.0,0.0,50.0,50.0,['Male'],0,0,4,1,4,Wet/Standing Water,Straight,Level,Lowest,No
5172,6,California,62529,0,3,3,0,3,NOT APPLICABLE,May,21,Sunday,4,48,Rural,Medium Speed (Collector),No,33.94107222,-116.54520278,Non-Intersection,Dark - Not Lighted,Clear,4:00am-4:59am,54,Unknown EMS Scene Arrival Hour,Unknown EMS Scene Arrival Minutes,Not Applicable (Not Transported),Not Applicable (Not Transported),1,Dark - Unlighted,Clear,1,2,['Driver'],['None_Used'],0,0,Valid,0.0,0.0,58.0,22.0,"['Male', 'Male', 'Female']",1,0,5,1,5,Dry,Straight,Level,Lowest,No
5173,6,California,62530,0,1,1,0,1,SAN CLEMENTE,June,10,Saturday,5,10,Urban,High Speed (Arterial),Yes,33.45656389,-117.65284722,Non-Intersection,Dark - Lighted,Rain,5:00am-5:59am,50,Unknown EMS Scene Arrival Hour,Unknown EMS Scene Arrival Minutes,Unknown,Unknown EMS Hospital Arrival Time,1,Dark - Lighted,Rain/Wind/Minor,1,0,['Driver'],['Shoulder_Lapbelt'],0,0,Valid,0.0,0.0,20.0,20.0,['Male'],0,0,3,4,3,Wet/Standing Water,Straight,Level,Lowest,No
5174,6,California,62531,0,2,2,0,2,NOT APPLICABLE,August,20,Sunday,23,33,Urban,High Speed (Arterial),No,33.77845,-117.24533333,Non-Intersection,Dark - Not Lighted,Cloudy,11:00pm-11:59pm,35,Unknown EMS Scene Arrival Hour,Unknown EMS Scene Arrival Minutes,Not Applicable (Not Transported),Not Applicable (Not Transported),2,Dark - Unlighted,Reduced Visibility,2,0,"['Driver', 'Driver']","['Shoulder_Lapbelt', 'Shoulder_Lapbelt']",1,1,Valid,0.0,0.0,23.0,20.0,"['Male', 'Female']",0,0,3,4,5,Wet/Standing Water,Straight,Level,Lowest,No
5175,6,California,62532,0,3,3,0,4,HUNTINGTON BEACH,August,23,Wednesday,10,33,Urban,Medium Speed (Collector),No,33.68673056,-117.96981944,Non-Intersection,Daylight,Clear,Unknown,Unknown,Unknown EMS Scene Arrival Hour,Unknown EMS Scene Arrival Minutes,Unknown,Unknown EMS Hospital Arrival Time,1,Daylight,Clear,1,3,['Driver'],['Shoulder_Lapbelt'],0,0,Valid,0.0,0.0,59.0,39.0,"['Female', 'Female', 'Male']",0,0,3,1,5,Dry,Straight,Non-Trafficway,Lowest,No
5176,6,California,62533,0,1,1,0,7,NOT APPLICABLE,October,13,Friday,3,40,Urban,High Speed (Arterial),Yes,39.50143333,-122.20053611,Non-Intersection,Dark - Not Lighted,Clear,3:00am-3:59am,Unknown,3:00am-3:59am,Unknown EMS Scene Arrival Minutes,Unknown,Unknown EMS Hospital Arrival Time,1,Dark - Unlighted,Clear,1,6,['Rear_Seat'],['None_Used'],0,0,Valid,1.0,1.0,31.0,31.0,['Male'],0,0,3,4,3,Dry,Curve,Level,Lowest,No
5177,6,California,62534,0,2,2,0,6,NOT APPLICABLE,November,29,Wednesday,13,1,Urban,High Speed (Arterial),Yes,34.092975,-117.84637778,Complex/Circle,Daylight,Clear,1:00pm-1:59pm,Unknown,1:00pm-1:59pm,Unknown EMS Scene Arrival Minutes,Unknown,Unknown EMS Hospital Arrival Time,1,Daylight,Clear,1,5,['Rear_Seat'],['Shoulder_Lapbelt'],0,0,Invalid,0.0,0.0,65.0,23.0,"['Male', 'Male']",0,0,2,1,5,Dry,Straight,Level,Lowest,No
5178,6,California,62535,0,2,2,0,3,LOS ANGELES,November,30,Thursday,18,10,Urban,High Speed (Arterial),Yes,34.12716667,-118.34533889,Non-Intersection,Dark - Not Lighted,Clear,Unknown,Unknown,Unknown EMS Scene Arrival Hour,Unknown EMS Scene Arrival Minutes,Not Applicable (Not Transported),Not Applicable (Not Transported),1,Dark - Unlighted,Clear,1,2,['Driver'],['None_Used'],0,0,Valid,1.0,0.0,34.0,24.0,"['Male', 'Male']",0,0,5,4,5,Dry,Straight,Level,Lowest,No
5179,6,California,62536,1,1,1,0,2,RANCHO CUCAMONGA,October,13,Friday,23,2,Urban,Medium Speed (Collector),No,34.09561389,-117.62855,Complex/Circle,Dark - Lighted,Clear,Unknown,Unknown,Unknown EMS Scene Arrival Hour,Unknown EMS Scene Arrival Minutes,Not Applicable (Not Transported),Not Applicable (Not Transported),1,Dark - Lighted,Clear,0,2,[],[],1,1,Valid,0.0,0.0,25.0,25.0,['Male'],0,0,2,2,4,Dry,Straight,Level,Lowest,No
5180,6,California,62537,0,2,2,0,2,LONG BEACH,October,14,Saturday,17,35,Urban,High Speed (Arterial),Yes,33.80329444,-118.10797778,Complex/Circle,Daylight,Clear,Unknown,Unknown,Unknown EMS Scene Arrival Hour,Unknown EMS Scene Arrival Minutes,Unknown,Unknown EMS Hospital Arrival Time,1,Daylight,Clear,1,1,['Driver'],['None_Used'],0,0,Invalid,0.0,0.0,68.0,63.0,"['Male', 'Female']",0,0,5,4,5,Dry,Straight,Level,Lowest,No
5181,6,California,62538,0,2,2,0,4,VICTORVILLE,October,14,Saturday,20,20,Urban,Medium Speed (Collector),No,34.48314722,-117.33726667,Non-Intersection,Dark - Lighted,Clear,Unknown,Unknown,Unknown EMS Scene Arrival Hour,Unknown EMS Scene Arrival Minutes,Not Applicable (Not Transported),Not Applicable (Not Transported),2,Dark - Lighted,Clear,2,2,"['Driver', 'Rear_Seat']","['None_Used', 'None_Used']",0,0,Valid,0.0,0.0,63.0,34.0,"['Female', 'Male']",0,0,5,3,5,Dry,Straight,Non-Trafficway,Lowest,No
5182,6,California,62539,1,1,1,0,1,EL CAJON,October,16,Monday,6,19,Urban,Medium Speed (Collector),No,32.79498611,-116.95486944,Simple Junction,Daylight,Clear,Unknown,Unknown,Unknown EMS Scene Arrival Hour,Unknown EMS Scene Arrival Minutes,Unknown,Unknown EMS Hospital Arrival Time,1,Daylight,Clear,0,1,[],[],0,0,Valid,1.0,0.0,66.0,66.0,['Male'],0,0,3,4,4,Dry,Straight,Level,Lowest,No
5183,6,California,62540,1,1,1,0,1,CLOVIS,October,18,Wednesday,0,33,Urban,High Speed (Arterial),No,36.80837222,-119.72718056,Complex/Circle,Dark - Lighted,Clear,Unknown,Unknown,Unknown EMS Scene Arrival Hour,Unknown EMS Scene Arrival Minutes,Unknown,Unknown EMS Hospital Arrival Time,1,Dark - Lighted,Clear,0,1,[],[],0,0,Valid,0.0,0.0,35.0,35.0,['Male'],0,0,3,2,4,Dry,Straight,Level,Lowest,No
5184,6,California,62541,0,2,2,0,3,LANCASTER,October,18,Wednesday,15,30,Urban,High Speed (Arterial),Yes,34.67509444,-118.10344722,Complex/Circle,Daylight,Clear,Unknown,Unknown,Unknown EMS Scene Arrival Hour,Unknown EMS Scene Arrival Minutes,Unknown,Unknown EMS Hospital Arrival Time,1,Daylight,Clear,1,2,['Driver'],['None_Used'],0,0,Valid,0.0,0.0,45.0,34.0,"['Female', 'Male']",0,0,5,4,5,Dry,Straight,Level,Lowest,No
5185,6,California,62542,1,1,1,0,1,HANFORD,October,18,Wednesday,19,24,Urban,Medium Speed (Collector),No,36.31351389,-119.65513056,Complex/Circle,Dark - Lighted,Clear,Unknown,Unknown,Unknown EMS Scene Arrival Hour,Unknown EMS Scene Arrival Minutes,Unknown,Unknown EMS Hospital Arrival Time,1,Dark - Lighted,Clear,0,1,[],[],0,0,Valid,0.0,0.0,71.0,71.0,['Male'],0,0,3,2,4,Dry,Straight,Level,Lowest,No
5186,6,California,62543,3,1,1,0,1,HANFORD,October,20,Friday,19,0,Urban,Medium Speed (Collector),No,36.32175833,-119.64948889,Complex/Circle,Dark - Lighted,Clear,Unknown,Unknown,Unknown EMS Scene Arrival Hour,Unknown EMS Scene Arrival Minutes,Unknown,Unknown EMS Hospital Arrival Time,2,Dark - Lighted,Clear,0,1,[],[],0,0,Valid,0.0,0.0,50.0,50.0,['Female'],0,0,3,2,4,Dry,Straight,Level,Lowest,No
5187,6,California,62544,0,2,2,0,3,SAN DIMAS,October,21,Saturday,16,8,Urban,High Speed (Arterial),Yes,34.09939167,-117.82887222,Complex/Circle,Daylight,Clear,Unknown,Unknown,Unknown EMS Scene Arrival Hour,Unknown EMS Scene Arrival Minutes,Unknown,Unknown EMS Hospital Arrival Time,1,Daylight,Clear,1,2,['Rear_Seat'],['None_Used'],0,0,Valid,0.0,1.0,80.0,37.0,"['Female', 'Male']",0,0,5,1,5,Dry,Straight,Level,Lowest,No
5188,6,California,62545,0,2,2,0,3,ROSEVILLE,October,23,Monday,16,29,Urban,Medium Speed (Collector),No,38.75974444,-121.34265833,Complex/Circle,Daylight,Clear,Unknown,Unknown,Unknown EMS Scene Arrival Hour,Unknown EMS Scene Arrival Minutes,Unknown,Unknown EMS Hospital Arrival Time,1,Daylight,Clear,1,2,['Driver'],['None_Used'],0,0,Valid,0.0,0.0,59.0,21.0,"['Male', 'Male']",1,0,5,4,5,Dry,Straight,Level,Lowest,No
5189,6,California,62546,1,1,1,0,3,HIGHLAND,October,26,Thursday,19,14,Urban,Medium Speed (Collector),No,34.13220278,-117.22614722,Non-Intersection,Dark - Not Lighted,Clear,Unknown,Unknown,Unknown EMS Scene Arrival Hour,Unknown EMS Scene Arrival Minutes,Unknown,Unknown EMS Hospital Arrival Time,1,Dark - Unlighted,Clear,0,1,[],[],0,0,Valid,0.0,0.0,27.0,27.0,['Female'],0,0,2,3,4,Dry,Straight,Level,Lowest,No
5190,6,California,62547,0,2,2,0,3,LOS ANGELES,October,27,Friday,20,20,Urban,High Speed (Arterial),Yes,34.05783056,-118.48062778,Non-Intersection,Dark - Lighted,Clear,Unknown,Unknown,Unknown EMS Scene Arrival Hour,Unknown EMS Scene Arrival Minutes,Unknown,Unknown EMS Hospital Arrival Time,1,Dark - Lighted,Clear,1,2,['Driver'],['Shoulder_Lapbelt'],0,0,Valid,0.0,0.0,41.0,32.0,"['Male', 'Male']",1,0,3,4,5,Dry,Straight,Grade/Hillcrest,Lowest,No