,State_Code,State_Name,Crash_ID,Count_Non_Motorists,Count_Vehicles_Total,Count_Vehicle_Forms,Count_PVH_Involved,Count_Occupants_MV,City_Name,Month_Name,Day_of_Month,Day_of_Week,Crash_Hour,Crash_Minute,Area_Rural_Urban,Road_Functional_Class,On_NHS_Road,Latitude,Longitude,Intersection_Type,Light_Condition,Weather_Condition,Notif_Hour,Notif_Minute,Arrival_Hour,Arrival_Minute,Hospital_Hour,Hospital_Minute,Fatalities_Count,Clean_Light_Condition,Clean_Weather_Condition,Total_Killed,Total_Alive,Fatal_Seats_List,Killed_Restraint_List,Any_Driver_Drinking,Total_Drinking_Drivers,Driver_License_Category,Driver_Max_Prev_Accident_Count,Driver_Max_Prev_Speeding_Count,Max_Driver_Age,Min_Driver_Age,Driver_Sex_List,Total_Exceeding_Limit_Vehicles,Total_Too_Fast_Vehicles,Max_Vehicle_Type_Severity_5,Max_Vehicle_Damage_Rank,Max_Harmful_Event_Severity,Crash_Road_Surface_Condition,Crash_Horizontal_Alignment,Crash_Vertical_Profile,Crash_Impairment_Category,Crash_Vehicle_Defect
5998,6,California,63362,1,1,1,0,1,CERRITOS,June,24,Saturday,3,16,Urban,High Speed (Arterial),Yes,33.85515278,-118.09555278,Non-Intersection,Dark - Not Lighted,Clear,Unknown,Unknown,Unknown EMS Scene Arrival Hour,Unknown EMS Scene Arrival Minutes,Not Applicable (Not Transported),Not Applicable (Not Transported),1,Dark - Unlighted,Clear,0,1,[],[],0,0,Valid,0.0,0.0,59.0,59.0,['Female'],0,0,2,1,4,Dry,Straight,Level,Lowest,No
5999,6,California,63363,1,1,1,0,1,NOT APPLICABLE,June,24,Saturday,23,55,Urban,High Speed (Arterial),Yes,33.92379167,-118.29158333,Complex/Circle,Dark - Lighted,Clear,Unknown,Unknown,Unknown EMS Scene Arrival Hour,Unknown EMS Scene Arrival Minutes,Not Applicable (Not Transported),Not Applicable (Not Transported),1,Dark - Lighted,Clear,0,1,[],[],0,0,Valid,0.0,0.0,67.0,67.0,['Male'],0,0,3,1,4,Dry,Straight,Level,Lowest,No
6000,6,California,63364,0,3,3,0,9,NOT APPLICABLE,April,22,Saturday,15,0,Rural,High Speed (Arterial),Yes,35.37064722,-120.64124722,Complex/Circle,Daylight,Clear,3:00pm-3:59pm,Unknown,Unknown EMS Scene Arrival Hour,Unknown EMS Scene Arrival Minutes,Unknown,Unknown EMS Hospital Arrival Time,1,Daylight,Clear,1,8,['Driver'],['Shoulder_Lapbelt'],0,0,Valid,0.0,1.0,70.0,27.0,"['Male', 'Male', 'Male']",0,0,3,1,5,Dry,Straight,Level,Lowest,No
6001,6,California,63365,0,2,2,0,2,ORANGE,August,30,Wednesday,7,34,Urban,High Speed (Arterial),Yes,33.77746667,-117.85746389,Non-Intersection,Daylight,Clear,7:00am-7:59am,Unknown,Unknown EMS Scene Arrival Hour,Unknown EMS Scene Arrival Minutes,Not Applicable (Not Transported),Not Applicable (Not Transported),1,Daylight,Clear,1,1,['Driver'],['None_Used'],0,0,Invalid,1.0,0.0,59.0,29.0,"['Male', 'Male']",0,0,3,4,5,Dry,Straight,Level,Lowest,No
6002,6,California,63366,0,1,1,0,1,NOT APPLICABLE,October,2,Monday,4,15,Rural,High Speed (Arterial),Yes,38.1791,-122.18862778,Non-Intersection,Dark - Lighted,Clear,4:00am-4:59am,Unknown,Unknown EMS Scene Arrival Hour,Unknown EMS Scene Arrival Minutes,Not Applicable (Not Transported),Not Applicable (Not Transported),1,Dark - Lighted,Clear,1,0,['Driver'],['None_Used'],0,0,Valid,1.0,0.0,33.0,33.0,['Female'],0,0,3,4,3,Dry,Straight,Level,Lowest,No
6003,6,California,63367,0,2,2,0,2,NOT APPLICABLE,October,25,Wednesday,17,43,Urban,High Speed (Arterial),Yes,34.63411389,-120.43242778,Non-Intersection,Daylight,Clear,2:00pm-2:59pm,Unknown,2:00pm-2:59pm,Unknown EMS Scene Arrival Minutes,Not Applicable (Not Transported),Not Applicable (Not Transported),1,Daylight,Clear,1,1,['Driver'],['None_Used'],0,0,Invalid,0.0,0.0,38.0,23.0,"['Male', 'Female']",1,0,5,1,5,Dry,Curve,Grade/Hillcrest,Lowest,No
6004,6,California,63368,0,2,2,0,3,NATIONAL CITY,February,9,Thursday,11,36,Urban,Medium Speed (Collector),No,32.68183611,-117.10920556,Complex/Circle,Daylight,Clear,11:00am-11:59am,Unknown,11:00am-11:59am,Unknown EMS Scene Arrival Minutes,11:00am-11:59am,Unknown EMS Hospital Arrival Time,1,Daylight,Clear,1,2,['Rear_Seat'],['Shoulder_Lapbelt'],0,0,Valid,0.0,0.0,59.0,25.0,"['Male', 'Female']",0,0,3,1,5,Dry,Straight,Level,Lowest,No
6005,6,California,63369,1,1,1,0,2,FRESNO,January,12,Thursday,23,9,Urban,Medium Speed (Collector),No,36.79546111,-119.86381944,Non-Intersection,Dark - Not Lighted,Clear,Unknown,Unknown,Unknown EMS Scene Arrival Hour,Unknown EMS Scene Arrival Minutes,Not Applicable (Not Transported),Not Applicable (Not Transported),1,Dark - Unlighted,Clear,0,2,[],[],0,0,Valid,0.0,0.0,60.0,60.0,['Male'],0,0,3,1,4,Dry,Straight,Level,Lowest,No
6006,6,California,63370,0,1,1,0,6,LONG BEACH,June,26,Monday,4,10,Urban,High Speed (Arterial),Yes,33.871275,-118.19413056,Non-Intersection,Dark - Not Lighted,Clear,Unknown,Unknown,Unknown EMS Scene Arrival Hour,Unknown EMS Scene Arrival Minutes,Unknown,Unknown EMS Hospital Arrival Time,5,Dark - Unlighted,Clear,5,1,"['Front_Passenger', 'Non_Standard_Risk', 'Non_Standard_Risk', 'Non_Standard_Risk', 'Non_Standard_Risk']","['Shoulder_Lapbelt', 'Shoulder_Lapbelt', 'None_Used', 'None_Used', 'None_Used']",0,0,Invalid,0.0,0.0,16.0,16.0,['Male'],6,0,2,4,2,Dry,Straight,Level,Lowest,No
6007,6,California,63371,1,1,1,0,1,CLOVIS,July,4,Tuesday,20,57,Urban,Low Speed (Local),No,36.81715556,-119.70026389,Simple Junction,Dark - Unknown Lighting,Not Reported,Unknown,Unknown,Unknown EMS Scene Arrival Hour,Unknown EMS Scene Arrival Minutes,Not Applicable (Not Transported),Not Applicable (Not Transported),1,Dark - Unlighted,Clear,0,0,[],[],0,0,Valid,0.0,0.0,50.0,50.0,['Male'],0,0,3,1,4,Dry,Straight,Level,Lowest,No
6008,6,California,63372,0,1,1,0,1,BALDWIN PARK,July,9,Sunday,1,55,Urban,High Speed (Arterial),Yes,34.063525,-118.00001944,Non-Intersection,Dark - Not Lighted,Clear,Unknown,Unknown,Unknown EMS Scene Arrival Hour,Unknown EMS Scene Arrival Minutes,Not Applicable (Not Transported),Not Applicable (Not Transported),1,Dark - Unlighted,Clear,1,0,['Driver'],['None_Used'],0,0,Invalid,1.0,0.0,34.0,34.0,['Male'],0,0,5,4,1,Dry,Straight,Level,Lowest,No
6009,6,California,63373,0,2,2,0,2,CORONA,September,20,Wednesday,13,46,Urban,Medium Speed (Collector),No,33.86323889,-117.61418056,Non-Intersection,Daylight,Clear,Unknown,Unknown,Unknown EMS Scene Arrival Hour,Unknown EMS Scene Arrival Minutes,Unknown,Unknown EMS Hospital Arrival Time,1,Daylight,Clear,1,1,['Driver'],['None_Used'],1,1,Valid,0.0,0.0,38.0,35.0,"['Male', 'Male']",0,0,5,1,5,Dry,Straight,Level,Lowest,No
6010,6,California,63374,1,1,1,0,1,NOT APPLICABLE,September,30,Saturday,19,23,Urban,Medium Speed (Collector),No,38.67675,-121.20241667,Non-Intersection,Dark - Lighted,Clear,7:00pm-7:59pm,Unknown,7:00pm-7:59pm,Unknown EMS Scene Arrival Minutes,Not Applicable (Not Transported),Not Applicable (Not Transported),1,Dark - Lighted,Clear,0,1,[],[],0,0,Valid,0.0,0.0,67.0,67.0,['Male'],1,0,2,1,4,Dry,Straight,Level,Lowest,No
6011,6,California,63375,0,1,1,0,1,SAN BERNARDINO,December,11,Monday,23,56,Urban,High Speed (Arterial),Yes,34.14577778,-117.31781111,Non-Intersection,Dark - Lighted,Clear,Unknown,Unknown,Unknown EMS Scene Arrival Hour,Unknown EMS Scene Arrival Minutes,Not Applicable (Not Transported),Not Applicable (Not Transported),1,Dark - Lighted,Clear,1,0,['Driver'],['Shoulder_Lapbelt'],0,0,Valid,0.0,0.0,31.0,31.0,['Male'],0,0,2,4,3,Dry,Curve,Grade/Hillcrest,Lowest,No
6012,6,California,63376,1,1,1,0,1,CORONA,December,26,Tuesday,17,54,Urban,High Speed (Arterial),No,33.88675833,-117.56461389,Complex/Circle,Dark - Lighted,Clear,5:00pm-5:59pm,Unknown,Unknown EMS Scene Arrival Hour,Unknown EMS Scene Arrival Minutes,Unknown,Unknown EMS Hospital Arrival Time,1,Dark - Lighted,Clear,0,1,[],[],0,0,Valid,0.0,1.0,22.0,22.0,['Male'],0,0,3,2,4,Dry,Curve,Level,Lowest,No
6013,6,California,63377,0,2,2,0,2,NOT APPLICABLE,November,22,Wednesday,15,30,Urban,High Speed (Arterial),Yes,33.96864167,-118.05649722,Simple Junction,Daylight,Clear,Unknown,Unknown,Unknown EMS Scene Arrival Hour,Unknown EMS Scene Arrival Minutes,Unknown,Unknown EMS Hospital Arrival Time,1,Daylight,Clear,1,1,['Driver'],['None_Used'],0,0,Valid,0.0,1.0,76.0,37.0,"['Male', 'Male']",0,0,5,1,5,Dry,Straight,Level,Lowest,No
6014,6,California,63378,0,1,1,0,2,NOT APPLICABLE,September,9,Saturday,8,28,Rural,High Speed (Arterial),Yes,38.42523056,-120.59658056,Non-Intersection,Daylight,Clear,Unknown,Unknown,Unknown EMS Scene Arrival Hour,Unknown EMS Scene Arrival Minutes,Unknown,Unknown EMS Hospital Arrival Time,1,Daylight,Clear,1,1,['Front_Passenger'],['Shoulder_Lapbelt'],0,0,Valid,0.0,0.0,77.0,77.0,['Female'],2,0,3,4,3,Dry,Curve,Grade/Hillcrest,Lowest,Yes
6015,6,California,63379,0,1,1,0,1,NOT APPLICABLE,September,2,Saturday,11,35,Rural,Medium Speed (Collector),No,37.16192222,-119.64267778,Non-Intersection,Daylight,Cloudy,Unknown,Unknown,Unknown EMS Scene Arrival Hour,Unknown EMS Scene Arrival Minutes,Unknown,Unknown EMS Hospital Arrival Time,1,Daylight,Reduced Visibility,1,0,['Driver'],['None_Used'],0,0,Valid,0.0,0.0,49.0,49.0,['Male'],0,0,5,4,3,Dry,Curve,Level,Lowest,Yes
6016,6,California,63380,0,2,2,0,4,LOS ANGELES,July,12,Wednesday,23,55,Urban,High Speed (Arterial),Yes,34.04091667,-118.4417,Non-Intersection,Dark - Not Lighted,Clear,Unknown,Unknown,Unknown EMS Scene Arrival Hour,Unknown EMS Scene Arrival Minutes,Unknown,Unknown EMS Hospital Arrival Time,1,Dark - Unlighted,Clear,1,3,['Rear_Seat'],['Shoulder_Lapbelt'],0,0,Valid,0.0,0.0,54.0,22.0,"['Male', 'Female']",1,0,3,1,5,Dry,Straight,Grade/Hillcrest,Lowest,No
6017,6,California,63381,0,2,2,0,2,LOS ANGELES,August,21,Monday,18,30,Urban,High Speed (Arterial),Yes,34.03058056,-118.25781667,Non-Intersection,Daylight,Clear,Unknown,Unknown,Unknown EMS Scene Arrival Hour,Unknown EMS Scene Arrival Minutes,Unknown,Unknown EMS Hospital Arrival Time,1,Daylight,Clear,1,1,['Driver'],['Shoulder_Lapbelt'],0,0,Valid,1.0,0.0,57.0,39.0,"['Female', 'Male']",1,0,3,1,5,Dry,Straight,Level,Lowest,No
6018,6,California,63382,1,1,1,0,1,NOT APPLICABLE,August,14,Monday,22,45,Urban,High Speed (Arterial),No,34.66016389,-118.20556389,Complex/Circle,Dark - Lighted,Cloudy,Unknown,Unknown,Unknown EMS Scene Arrival Hour,Unknown EMS Scene Arrival Minutes,Unknown,Unknown EMS Hospital Arrival Time,1,Dark - Lighted,Reduced Visibility,0,1,[],[],0,0,Valid,0.0,1.0,24.0,24.0,['Male'],1,0,2,1,4,Dry,Straight,Level,Lowest,No
6019,6,California,63383,0,2,2,0,4,NOT APPLICABLE,August,26,Saturday,11,16,Urban,High Speed (Arterial),Yes,38.66791111,-121.21021944,Simple Junction,Daylight,Clear,11:00am-11:59am,Unknown,Unknown EMS Scene Arrival Hour,Unknown EMS Scene Arrival Minutes,Not Applicable (Not Transported),Not Applicable (Not Transported),1,Daylight,Clear,1,3,['Driver'],['None_Used'],0,0,Valid,0.0,0.0,54.0,21.0,"['Male', 'Female']",1,0,5,4,5,Dry,Straight,Level,Lowest,No
6020,6,California,63384,1,1,1,0,5,RIALTO,March,11,Saturday,18,35,Urban,High Speed (Arterial),Yes,34.16245,-117.40963889,Non-Intersection,Dark - Lighted,Cloudy,Unknown,Unknown,Unknown EMS Scene Arrival Hour,Unknown EMS Scene Arrival Minutes,Unknown,Unknown EMS Hospital Arrival Time,1,Dark - Lighted,Reduced Visibility,0,5,[],[],0,0,Valid,0.0,0.0,40.0,40.0,['Male'],0,0,3,1,4,Dry,Straight,Grade/Hillcrest,Lowest,No
6021,6,California,63385,0,2,2,0,4,NOT APPLICABLE,July,29,Saturday,18,24,Rural,Medium Speed (Collector),No,35.06175556,-119.97192222,Non-Intersection,Daylight,Clear,Unknown,Unknown,Unknown EMS Scene Arrival Hour,Unknown EMS Scene Arrival Minutes,Unknown,Unknown EMS Hospital Arrival Time,1,Daylight,Clear,1,3,['Front_Passenger'],['None_Used'],1,1,Valid,0.0,3.0,68.0,52.0,"['Male', 'Male']",0,0,5,1,5,Dry,Curve,Grade/Hillcrest,Lowest,No
6022,6,California,63386,0,1,1,0,1,NOT APPLICABLE,September,9,Saturday,21,45,Rural,Medium Speed (Collector),No,38.27801389,-121.54325556,Non-Intersection,Dark - Not Lighted,Clear,9:00pm-9:59pm,Unknown,Unknown EMS Scene Arrival Hour,Unknown EMS Scene Arrival Minutes,Not Applicable (Not Transported),Not Applicable (Not Transported),1,Dark - Unlighted,Clear,1,0,['Driver'],['Shoulder_Lapbelt'],1,1,Valid,0.0,0.0,40.0,40.0,['Male'],0,0,2,1,4,Dry,Straight,Level,Lowest,No
6023,6,California,63387,0,2,1,1,1,NOT APPLICABLE,October,15,Sunday,7,22,Rural,High Speed (Arterial),Yes,35.95662778,-119.290975,Non-Intersection,Daylight,Clear,Unknown,Unknown,Unknown EMS Scene Arrival Hour,Unknown EMS Scene Arrival Minutes,Unknown,Unknown EMS Hospital Arrival Time,1,Daylight,Clear,1,0,['Driver'],['Shoulder_Lapbelt'],0,0,Valid,0.0,0.0,39.0,39.0,['Female'],0,0,3,1,5,Dry,Straight,Level,Lowest,No
6024,6,California,63388,0,1,1,0,1,NOT APPLICABLE,September,4,Monday,16,15,Rural,Medium Speed (Collector),No,34.19968889,-117.44675,Non-Intersection,Daylight,Clear,Unknown,Unknown,Unknown EMS Scene Arrival Hour,Unknown EMS Scene Arrival Minutes,Unknown,Unknown EMS Hospital Arrival Time,1,Daylight,Clear,1,0,['Driver'],['None_Used'],0,0,Valid,0.0,0.0,75.0,75.0,['Male'],1,0,5,4,3,Dry,Straight,Level,Lowest,No
6025,6,California,63389,0,1,1,0,2,POMONA,September,30,Saturday,0,5,Urban,High Speed (Arterial),Yes,34.04658611,-117.80124167,Non-Intersection,Dark - Lighted,Cloudy,Unknown,Unknown,Unknown EMS Scene Arrival Hour,Unknown EMS Scene Arrival Minutes,Unknown,Unknown EMS Hospital Arrival Time,1,Dark - Lighted,Reduced Visibility,1,1,['Front_Passenger'],['Shoulder_Lapbelt'],1,1,Valid,1.0,0.0,33.0,33.0,['Male'],2,0,2,4,2,Dry,Curve,Level,Lowest,No
6026,6,California,63390,1,1,1,0,1,FULLERTON,November,17,Friday,19,13,Urban,Medium Speed (Collector),No,33.86118889,-117.95937222,Complex/Circle,Dark - Lighted,Clear,7:00pm-7:59pm,Unknown,7:00pm-7:59pm,Unknown EMS Scene Arrival Minutes,Not Applicable (Not Transported),Not Applicable (Not Transported),1,Dark - Lighted,Clear,0,1,[],[],0,0,Valid,0.0,0.0,77.0,77.0,['Male'],0,0,3,3,4,Dry,Straight,Level,Lowest,No
6027,6,California,63391,1,1,1,0,1,SAN DIEGO,October,3,Tuesday,4,37,Urban,High Speed (Arterial),Yes,32.73246944,-117.11079722,Non-Intersection,Dark - Not Lighted,Clear,4:00am-4:59am,Unknown,Unknown EMS Scene Arrival Hour,Unknown EMS Scene Arrival Minutes,Not Applicable (Not Transported),Not Applicable (Not Transported),1,Dark - Unlighted,Clear,0,0,[],[],0,0,Invalid,0.0,0.0,999.0,999.0,['Other'],0,0,1,0,4,Dry,Curve,Level,Lowest,No
6028,6,California,63392,1,1,1,0,1,SEASIDE,January,12,Thursday,17,59,Urban,Medium Speed (Collector),No,36.60164167,-121.85304167,Non-Intersection,Dusk,Clear,Unknown,Unknown,Unknown EMS Scene Arrival Hour,Unknown EMS Scene Arrival Minutes,Unknown,Unknown EMS Hospital Arrival Time,1,Twilight,Clear,0,1,[],[],0,0,Invalid,0.0,0.0,62.0,62.0,['Male'],1,0,2,3,4,Dry,Straight,Level,Lowest,No
6029,6,California,63393,0,1,1,0,1,TURLOCK,March,8,Wednesday,15,15,Rural,Medium Speed (Collector),No,37.47810278,-120.89644722,Non-Intersection,Daylight,Clear,Unknown,Unknown,Unknown EMS Scene Arrival Hour,Unknown EMS Scene Arrival Minutes,Unknown,Unknown EMS Hospital Arrival Time,1,Daylight,Clear,1,0,['Driver'],['Shoulder_Lapbelt'],0,0,Invalid,0.0,0.0,40.0,40.0,['Female'],0,0,3,4,3,Dry,Straight,Level,Lowest,No
6030,6,California,63394,0,3,3,0,10,NOT APPLICABLE,July,26,Wednesday,21,35,Urban,Medium Speed (Collector),No,34.048525,-117.92563333,Non-Intersection,Dark - Lighted,Clear,Unknown,Unknown,Unknown EMS Scene Arrival Hour,Unknown EMS Scene Arrival Minutes,Unknown,Unknown EMS Hospital Arrival Time,1,Dark - Lighted,Clear,1,9,['Driver'],['Shoulder_Lapbelt'],0,0,Invalid,0.0,0.0,47.0,22.0,"['Male', 'Female', 'Male']",0,0,2,4,5,Dry,Straight,Level,Lowest,No
6031,6,California,63395,1,1,1,0,3,NOT APPLICABLE,September,11,Monday,21,18,Urban,High Speed (Arterial),Yes,37.75858056,-120.86609722,Non-Intersection,Dark - Lighted,Clear,9:00pm-9:59pm,Unknown,Unknown EMS Scene Arrival Hour,Unknown EMS Scene Arrival Minutes,Not Applicable (Not Transported),Not Applicable (Not Transported),1,Dark - Lighted,Clear,0,3,[],[],0,0,Valid,0.0,0.0,46.0,46.0,['Male'],0,0,3,1,4,Dry,Straight,Level,Lowest,No
6032,6,California,63396,1,2,1,1,1,GRAND TERRACE,September,9,Saturday,15,5,Urban,High Speed (Arterial),Yes,34.03655,-117.32164722,Non-Intersection,Daylight,Clear,3:00pm-3:59pm,Unknown,3:00pm-3:59pm,Unknown EMS Scene Arrival Minutes,3:00pm-3:59pm,Unknown EMS Hospital Arrival Time,1,Daylight,Clear,0,1,[],[],0,0,Invalid,0.0,0.0,998.0,998.0,['Male'],0,0,3,3,4,Dry,Straight,Level,Lowest,No
6033,6,California,63397,0,2,2,0,2,MODESTO,February,11,Saturday,18,12,Urban,Medium Speed (Collector),No,37.66983333,-120.97569444,Complex/Circle,Dark - Lighted,Clear,6:00pm-6:59pm,Unknown,Unknown EMS Scene Arrival Hour,Unknown EMS Scene Arrival Minutes,Not Applicable (Not Transported),Not Applicable (Not Transported),1,Dark - Lighted,Clear,1,1,['Driver'],['None_Used'],0,0,Valid,0.0,0.0,28.0,26.0,"['Male', 'Female']",1,0,5,4,5,Dry,Straight,Level,Lowest,No
6034,6,California,63398,0,2,2,0,4,NOT APPLICABLE,September,15,Friday,1,20,Rural,High Speed (Arterial),Yes,38.13802222,-121.1992,Non-Intersection,Dark - Not Lighted,Cloudy,Unknown,Unknown,Unknown EMS Scene Arrival Hour,Unknown EMS Scene Arrival Minutes,Unknown,Unknown EMS Hospital Arrival Time,2,Dark - Unlighted,Reduced Visibility,2,2,"['Front_Passenger', 'Rear_Seat']","['Shoulder_Lapbelt', 'Shoulder_Lapbelt']",1,1,Valid,1.0,0.0,25.0,20.0,"['Female', 'Female']",1,0,3,4,5,Dry,Straight,Level,Lowest,No
6035,6,California,63399,0,2,2,0,8,NOT APPLICABLE,September,16,Saturday,20,25,Urban,Medium Speed (Collector),No,38.65310278,-121.23870556,Simple Junction,Dark - Lighted,Clear,8:00pm-8:59pm,Unknown,8:00pm-8:59pm,Unknown EMS Scene Arrival Minutes,8:00pm-8:59pm,Unknown EMS Hospital Arrival Time,1,Dark - Lighted,Clear,1,7,['Driver'],['None_Used'],0,0,Valid,0.0,0.0,37.0,27.0,"['Male', 'Male']",0,0,5,4,5,Dry,Straight,Level,Lowest,No
6036,6,California,63400,0,2,2,0,2,PALM SPRINGS,February,12,Sunday,16,39,Urban,High Speed (Arterial),Yes,33.815875,-116.53688889,Simple Junction,Dusk,Cloudy,4:00pm-4:59pm,Unknown,Unknown EMS Scene Arrival Hour,Unknown EMS Scene Arrival Minutes,Not Applicable (Not Transported),Not Applicable (Not Transported),1,Twilight,Reduced Visibility,1,1,['Driver'],['None_Used'],0,0,Valid,0.0,0.0,51.0,33.0,"['Male', 'Male']",1,0,5,4,5,Dry,Straight,Level,Lowest,No
6037,6,California,63401,0,2,2,0,3,FRESNO,January,11,Wednesday,2,48,Urban,Medium Speed (Collector),No,36.76510556,-119.77243889,Complex/Circle,Dark - Lighted,Cloudy,Unknown,Unknown,Unknown EMS Scene Arrival Hour,Unknown EMS Scene Arrival Minutes,Unknown,Unknown EMS Hospital Arrival Time,1,Dark - Lighted,Reduced Visibility,1,2,['Front_Passenger'],['Shoulder_Lapbelt'],1,1,Invalid,0.0,0.0,47.0,33.0,"['Male', 'Male']",0,0,3,4,5,Dry,Straight,Level,Lowest,No
6038,6,California,63402,0,2,2,0,2,LOS ANGELES,September,21,Thursday,4,40,Urban,High Speed (Arterial),Yes,34.13017222,-118.47391111,Non-Intersection,Dark - Not Lighted,Clear,4:00am-4:59am,Unknown,Unknown EMS Scene Arrival Hour,Unknown EMS Scene Arrival Minutes,Not Applicable (Not Transported),Not Applicable (Not Transported),1,Dark - Unlighted,Clear,1,1,['Driver'],['Shoulder_Lapbelt'],0,0,Valid,1.0,0.0,42.0,38.0,"['Male', 'Male']",1,0,4,1,5,Dry,Straight,Grade/Hillcrest,Lowest,No
6039,6,California,63403,0,2,2,0,2,NOT APPLICABLE,September,23,Saturday,22,55,Urban,High Speed (Arterial),Yes,33.73883611,-117.08721667,Non-Intersection,Dark - Unknown Lighting,Not Reported,10:00pm-10:59pm,Unknown,Unknown EMS Scene Arrival Hour,Unknown EMS Scene Arrival Minutes,Not Applicable (Not Transported),Not Applicable (Not Transported),1,Dark - Unlighted,Clear,1,1,['Driver'],['None_Used'],0,0,Valid,0.0,0.0,35.0,22.0,"['Male', 'Female']",0,0,5,4,5,Dry,Straight,Level,Lowest,No
6040,6,California,63404,0,2,2,0,3,ORANGE,March,3,Friday,18,20,Urban,Low Speed (Local),No,33.83617778,-117.84804722,Simple Junction,Dark - Lighted,Clear,6:00pm-6:59pm,Unknown,Unknown EMS Scene Arrival Hour,Unknown EMS Scene Arrival Minutes,Not Applicable (Not Transported),Not Applicable (Not Transported),1,Dark - Lighted,Clear,1,2,['Driver'],['None_Used'],1,1,Invalid,0.0,0.0,36.0,34.0,"['Male', 'Male']",0,0,5,1,5,Dry,Straight,Level,Lowest,No
6041,6,California,63405,0,1,1,0,1,LOS ALTOS HILLS,October,28,Saturday,3,30,Urban,High Speed (Arterial),Yes,37.36833611,-122.14011667,Non-Intersection,Dark - Not Lighted,Clear,Unknown,Unknown,Unknown EMS Scene Arrival Hour,Unknown EMS Scene Arrival Minutes,Not Applicable (Not Transported),Not Applicable (Not Transported),1,Dark - Unlighted,Clear,1,0,['Driver'],['Lapbelt_Only'],0,0,Valid,0.0,0.0,58.0,58.0,['Male'],0,0,2,1,3,Dry,Straight,Level,Lowest,No
6042,6,California,63406,1,1,1,0,1,PALM DESERT,October,10,Tuesday,3,39,Rural,Low Speed (Local),No,33.69633056,-116.23266667,Non-Intersection,Dark - Not Lighted,Clear,Unknown,Unknown,Unknown EMS Scene Arrival Hour,Unknown EMS Scene Arrival Minutes,Not Applicable (Not Transported),Not Applicable (Not Transported),1,Dark - Unlighted,Clear,0,1,[],[],0,0,Valid,0.0,0.0,46.0,46.0,['Male'],0,0,3,1,4,Dry,Straight,Level,Lowest,No
6043,6,California,63407,1,2,2,0,3,NOT APPLICABLE,October,1,Sunday,5,20,Urban,High Speed (Arterial),Yes,38.68091944,-121.32841111,Non-Intersection,Dark - Not Lighted,Clear,5:00am-5:59am,Unknown,5:00am-5:59am,Unknown EMS Scene Arrival Minutes,Not Applicable (Not Transported),Not Applicable (Not Transported),1,Dark - Unlighted,Clear,0,3,[],[],0,0,Valid,1.0,0.0,68.0,48.0,"['Male', 'Male']",0,0,3,1,4,Dry,Straight,Level,Lowest,No
6044,6,California,63408,0,3,3,0,3,MANTECA,June,19,Monday,8,52,Urban,High Speed (Arterial),Yes,37.79726111,-121.24811944,Complex/Circle,Daylight,Clear,8:00am-8:59am,Unknown,8:00am-8:59am,Unknown EMS Scene Arrival Minutes,Not Applicable (Not Transported),Not Applicable (Not Transported),1,Daylight,Clear,1,2,['Driver'],['None_Used'],0,0,Valid,0.0,0.0,81.0,47.0,"['Male', 'Female', 'Male']",1,0,5,3,5,Dry,Straight,Level,Lowest,No
6045,6,California,63409,0,2,2,0,2,ELK GROVE,April,27,Thursday,5,18,Urban,High Speed (Arterial),Yes,38.40264444,-121.33141667,Non-Intersection,Daylight,Clear,5:00am-5:59am,Unknown,5:00am-5:59am,Unknown EMS Scene Arrival Minutes,Unknown,Unknown EMS Hospital Arrival Time,1,Daylight,Clear,1,1,['Driver'],['Shoulder_Lapbelt'],0,0,Valid,0.0,1.0,24.0,23.0,"['Male', 'Male']",1,0,3,4,5,Dry,Straight,Level,Lowest,No
6046,6,California,63410,1,2,2,0,2,HAYWARD,September,17,Sunday,0,47,Urban,Medium Speed (Collector),No,37.63540833,-122.06636667,Non-Intersection,Dark - Lighted,Clear,Unknown,Unknown,Unknown EMS Scene Arrival Hour,Unknown EMS Scene Arrival Minutes,Unknown,Unknown EMS Hospital Arrival Time,1,Dark - Lighted,Clear,0,2,[],[],1,1,Valid,0.0,0.0,24.0,24.0,['Male'],1,0,3,2,5,Dry,Straight,Level,Lowest,No