,State_Code,State_Name,Crash_ID,Count_Non_Motorists,Count_Vehicles_Total,Count_Vehicle_Forms,Count_PVH_Involved,Count_Occupants_MV,City_Name,Month_Name,Day_of_Month,Day_of_Week,Crash_Hour,Crash_Minute,Area_Rural_Urban,Road_Functional_Class,On_NHS_Road,Latitude,Longitude,Intersection_Type,Light_Condition,Weather_Condition,Notif_Hour,Notif_Minute,Arrival_Hour,Arrival_Minute,Hospital_Hour,Hospital_Minute,Fatalities_Count,Clean_Light_Condition,Clean_Weather_Condition,Total_Killed,Total_Alive,Fatal_Seats_List,Killed_Restraint_List,Any_Driver_Drinking,Total_Drinking_Drivers,Driver_License_Category,Driver_Max_Prev_Accident_Count,Driver_Max_Prev_Speeding_Count,Max_Driver_Age,Min_Driver_Age,Driver_Sex_List,Total_Exceeding_Limit_Vehicles,Total_Too_Fast_Vehicles,Max_Vehicle_Type_Severity_5,Max_Vehicle_Damage_Rank,Max_Harmful_Event_Severity,Crash_Road_Surface_Condition,Crash_Horizontal_Alignment,Crash_Vertical_Profile,Crash_Impairment_Category,Crash_Vehicle_Defect
6047,6,California,63411,1,1,1,0,1,MODESTO,September,17,Sunday,21,9,Urban,High Speed (Arterial),Yes,37.67445833,-120.99418056,Simple Junction,Dark - Lighted,Clear,9:00pm-9:59pm,Unknown,9:00pm-9:59pm,Unknown EMS Scene Arrival Minutes,Not Applicable (Not Transported),Not Applicable (Not Transported),1,Dark - Lighted,Clear,0,1,[],[],0,0,Invalid,0.0,0.0,17.0,17.0,['Male'],1,0,2,4,4,Dry,Straight,Level,Lowest,No
6048,6,California,63412,0,3,3,0,5,NOT APPLICABLE,August,2,Wednesday,17,43,Rural,Medium Speed (Collector),No,36.66302222,-119.69967778,Complex/Circle,Daylight,Clear,Unknown,Unknown,Unknown EMS Scene Arrival Hour,Unknown EMS Scene Arrival Minutes,Unknown,Unknown EMS Hospital Arrival Time,1,Daylight,Clear,1,4,['Front_Passenger'],['Shoulder_Lapbelt'],1,1,Invalid,0.0,1.0,57.0,24.0,"['Male', 'Male', 'Male']",2,0,4,4,5,Dry,Straight,Level,Lowest,No
6049,6,California,63413,0,2,2,0,3,APPLE VALLEY,September,14,Thursday,22,38,Urban,High Speed (Arterial),Yes,34.47129722,-117.22092778,Complex/Circle,Dark - Not Lighted,Clear,10:00pm-10:59pm,Unknown,10:00pm-10:59pm,Unknown EMS Scene Arrival Minutes,Not Applicable (Not Transported),Not Applicable (Not Transported),1,Dark - Unlighted,Clear,1,2,['Driver'],['None_Used'],0,0,Invalid,0.0,0.0,28.0,23.0,"['Male', 'Male']",0,0,5,1,5,Dry,Straight,Grade/Hillcrest,Lowest,No
6050,6,California,63414,1,1,1,0,1,ROSEMEAD,October,9,Monday,23,40,Urban,High Speed (Arterial),Yes,34.07180278,-118.09284444,Non-Intersection,Dark - Not Lighted,Clear,Unknown,Unknown,Unknown EMS Scene Arrival Hour,Unknown EMS Scene Arrival Minutes,Not Applicable (Not Transported),Not Applicable (Not Transported),1,Dark - Unlighted,Clear,0,1,[],[],0,0,Invalid,0.0,0.0,998.0,998.0,['Other'],0,0,1,0,4,Dry,Straight,Level,Lowest,No
6051,6,California,63415,1,1,1,0,1,MODESTO,October,27,Friday,19,9,Urban,Medium Speed (Collector),No,37.64579722,-120.99885,Complex/Circle,Dark - Lighted,Clear,7:00pm-7:59pm,Unknown,7:00pm-7:59pm,Unknown EMS Scene Arrival Minutes,7:00pm-7:59pm,Unknown EMS Hospital Arrival Time,1,Dark - Lighted,Clear,0,1,[],[],0,0,Valid,2.0,0.0,29.0,29.0,['Male'],0,0,3,3,4,Dry,Straight,Level,Lowest,No
6052,6,California,63416,0,2,2,0,2,LOS ANGELES,November,19,Sunday,6,15,Urban,High Speed (Arterial),Yes,33.97459167,-118.28713889,Complex/Circle,Dark - Lighted,Clear,6:00am-6:59am,17,6:00am-6:59am,Unknown EMS Scene Arrival Minutes,6:00am-6:59am,Unknown EMS Hospital Arrival Time,1,Dark - Lighted,Clear,1,1,['Driver'],['Shoulder_Lapbelt'],0,0,Invalid,0.0,0.0,62.0,23.0,"['Male', 'Male']",1,0,2,1,5,Dry,Straight,Level,Lowest,No
6053,6,California,63417,0,2,2,0,2,APPLE VALLEY,September,3,Sunday,19,13,Urban,High Speed (Arterial),Yes,34.47156667,-117.191075,Non-Intersection,Daylight,Clear,Unknown,Unknown,Unknown EMS Scene Arrival Hour,Unknown EMS Scene Arrival Minutes,Unknown,Unknown EMS Hospital Arrival Time,1,Daylight,Clear,1,1,['Driver'],['None_Used'],1,1,Valid,0.0,0.0,24.0,22.0,"['Male', 'Male']",0,0,5,4,5,Dry,Straight,Level,Lowest,No
6054,6,California,63418,0,5,3,2,8,NOT APPLICABLE,September,5,Tuesday,0,31,Urban,High Speed (Arterial),No,33.89521111,-118.26537222,Complex/Circle,Dark - Lighted,Clear,0:00am-0:59am,Unknown,Unknown EMS Scene Arrival Hour,Unknown EMS Scene Arrival Minutes,Not Applicable (Not Transported),Not Applicable (Not Transported),2,Dark - Lighted,Clear,2,6,"['Driver', 'Front_Passenger']","['None_Used', 'Shoulder_Lapbelt']",0,0,Invalid,1.0,0.0,34.0,27.0,"['Male', 'Male', 'Female']",0,0,3,1,5,Dry,Straight,Level,Lowest,No
6055,6,California,63419,0,3,3,0,7,RIALTO,September,5,Tuesday,14,25,Urban,High Speed (Arterial),Yes,34.13577778,-117.39600556,Non-Intersection,Daylight,Clear,Unknown,Unknown,Unknown EMS Scene Arrival Hour,Unknown EMS Scene Arrival Minutes,Unknown,Unknown EMS Hospital Arrival Time,1,Daylight,Clear,1,6,['Rear_Seat'],['Shoulder_Lapbelt'],0,0,Valid,0.0,1.0,79.0,24.0,"['Male', 'Male', 'Male']",1,0,3,4,5,Dry,Straight,Level,Lowest,Yes
6056,6,California,63420,0,1,1,0,2,SAN FRANCISCO,September,30,Saturday,16,10,Urban,High Speed (Arterial),Yes,37.721775,-122.40080556,Non-Intersection,Daylight,Clear,Unknown,Unknown,Unknown EMS Scene Arrival Hour,Unknown EMS Scene Arrival Minutes,Unknown,Unknown EMS Hospital Arrival Time,1,Daylight,Clear,1,1,['Driver'],['None_Used'],0,0,Valid,0.0,0.0,26.0,26.0,['Male'],0,0,2,1,3,Dry,Straight,Grade/Hillcrest,Lowest,Yes
6057,6,California,63421,2,1,1,0,2,NOT APPLICABLE,October,31,Tuesday,19,10,Rural,Low Speed (Local),No,37.75614167,-121.54263333,Non-Intersection,Dark - Lighted,Clear,Unknown,Unknown,Unknown EMS Scene Arrival Hour,Unknown EMS Scene Arrival Minutes,Not Applicable (Not Transported),Not Applicable (Not Transported),1,Dark - Lighted,Clear,0,2,[],[],0,0,Valid,0.0,0.0,47.0,47.0,['Other'],0,0,3,1,4,Dry,Straight,Non-Trafficway,Lowest,Yes
6058,6,California,63422,1,1,1,0,1,NOT APPLICABLE,November,15,Wednesday,21,0,Urban,High Speed (Arterial),Yes,33.91706389,-118.03867222,Non-Intersection,Dark - Not Lighted,Rain,Unknown,Unknown,Unknown EMS Scene Arrival Hour,Unknown EMS Scene Arrival Minutes,Unknown,Unknown EMS Hospital Arrival Time,1,Dark - Unlighted,Rain/Wind/Minor,0,1,[],[],1,1,Valid,0.0,0.0,46.0,46.0,['Male'],0,0,2,1,4,Wet/Standing Water,Straight,Level,Lowest,No
6059,6,California,63423,1,1,1,0,1,NOT APPLICABLE,September,17,Sunday,0,35,Urban,Low Speed (Local),No,36.24618056,-119.09113889,Non-Intersection,Dark - Not Lighted,Clear,Unknown,Unknown,Unknown EMS Scene Arrival Hour,Unknown EMS Scene Arrival Minutes,Not Applicable (Not Transported),Not Applicable (Not Transported),1,Dark - Unlighted,Clear,0,1,[],[],0,0,Invalid,0.0,0.0,999.0,999.0,['Other'],1,0,1,0,4,Dry,Straight,Level,Lowest,No
6060,6,California,63424,1,1,1,0,1,SOUTH SAN FRANCISCO,October,5,Thursday,6,15,Urban,High Speed (Arterial),Yes,37.65836389,-122.40567222,Non-Intersection,Dark - Lighted,Clear,Unknown,Unknown,Unknown EMS Scene Arrival Hour,Unknown EMS Scene Arrival Minutes,Not Applicable (Not Transported),Not Applicable (Not Transported),1,Dark - Lighted,Clear,0,1,[],[],0,0,Invalid,0.0,0.0,998.0,998.0,['Other'],0,0,1,0,4,Dry,Straight,Level,Lowest,No
6061,6,California,63425,1,3,3,0,5,NOT APPLICABLE,December,7,Thursday,23,25,Urban,High Speed (Arterial),Yes,33.64961944,-116.14753889,Non-Intersection,Dark - Not Lighted,Clear,Unknown,Unknown,Unknown EMS Scene Arrival Hour,Unknown EMS Scene Arrival Minutes,Not Applicable (Not Transported),Not Applicable (Not Transported),1,Dark - Unlighted,Clear,0,5,[],[],0,0,Invalid,0.0,0.0,998.0,45.0,"['Other', 'Male', 'Other']",1,0,3,2,5,Dry,Straight,Level,Lowest,No
6062,6,California,63426,0,2,2,0,2,NOT APPLICABLE,December,22,Friday,12,40,Urban,High Speed (Arterial),Yes,34.02003611,-118.15549167,Simple Junction,Daylight,Clear,Unknown,Unknown,Unknown EMS Scene Arrival Hour,Unknown EMS Scene Arrival Minutes,Unknown,Unknown EMS Hospital Arrival Time,1,Daylight,Clear,1,1,['Driver'],['None_Used'],0,0,Invalid,1.0,0.0,48.0,22.0,"['Male', 'Male']",1,0,5,1,5,Dry,Straight,Level,Lowest,No
6063,6,California,63427,0,1,1,0,2,NOT APPLICABLE,December,31,Sunday,4,10,Rural,High Speed (Arterial),Yes,38.37202778,-122.34110556,Non-Intersection,Dark - Not Lighted,Clear,4:00am-4:59am,Unknown,4:00am-4:59am,Unknown EMS Scene Arrival Minutes,Unknown,Unknown EMS Hospital Arrival Time,1,Dark - Unlighted,Clear,1,1,['Driver'],['None_Used'],1,1,Invalid,0.0,1.0,26.0,26.0,['Male'],0,0,3,4,3,Dry,Straight,Level,Lowest,No
6064,6,California,63428,1,1,1,0,1,NOT APPLICABLE,October,24,Tuesday,19,7,Urban,Medium Speed (Collector),No,34.02515278,-118.18015833,Non-Intersection,Dark - Lighted,Clear,7:00pm-7:59pm,Unknown,7:00pm-7:59pm,Unknown EMS Scene Arrival Minutes,Unknown,Unknown EMS Hospital Arrival Time,1,Dark - Lighted,Clear,0,1,[],[],0,0,Invalid,0.0,0.0,998.0,998.0,['Other'],0,0,3,0,4,Dry,Straight,Level,Lowest,No
6065,6,California,63429,1,1,1,0,1,TUSTIN,October,2,Monday,11,33,Urban,High Speed (Arterial),Yes,33.74713889,-117.83251944,Non-Intersection,Daylight,Clear,11:00am-11:59am,Unknown,11:00am-11:59am,Unknown EMS Scene Arrival Minutes,Not Applicable (Not Transported),Not Applicable (Not Transported),1,Daylight,Clear,0,1,[],[],0,0,Valid,0.0,0.0,43.0,43.0,['Male'],0,0,3,3,4,Dry,Straight,Level,Lowest,No
6066,6,California,63430,0,4,4,0,8,MOUNTAIN VIEW,September,17,Sunday,1,15,Urban,High Speed (Arterial),Yes,37.34619444,-121.85826389,Non-Intersection,Dark - Not Lighted,Clear,1:00am-1:59am,Unknown,1:00am-1:59am,Unknown EMS Scene Arrival Minutes,1:00am-1:59am,Unknown EMS Hospital Arrival Time,1,Dark - Unlighted,Clear,1,7,['Driver'],['None_Used'],1,2,Invalid,1.0,0.0,35.0,18.0,"['Male', 'Male', 'Male', 'Male']",5,0,3,4,5,Dry,Straight,Level,Lowest,No
6067,6,California,63431,0,2,2,0,2,NOT APPLICABLE,October,7,Saturday,23,10,Urban,Medium Speed (Collector),No,34.15053333,-117.33545556,Simple Junction,Dark - Lighted,Clear,11:00pm-11:59pm,Unknown,11:00pm-11:59pm,Unknown EMS Scene Arrival Minutes,11:00pm-11:59pm,Unknown EMS Hospital Arrival Time,1,Dark - Lighted,Clear,1,1,['Driver'],['None_Used'],0,0,Valid,1.0,0.0,40.0,32.0,"['Male', 'Male']",1,0,5,2,5,Dry,Straight,Level,Lowest,No
6068,6,California,63432,0,3,3,0,4,CORCORAN,October,11,Wednesday,16,10,Urban,Medium Speed (Collector),No,36.11043333,-119.56316111,Complex/Circle,Daylight,Clear,4:00pm-4:59pm,Unknown,4:00pm-4:59pm,Unknown EMS Scene Arrival Minutes,4:00pm-4:59pm,Unknown EMS Hospital Arrival Time,1,Daylight,Clear,1,3,['Front_Passenger'],['Shoulder_Lapbelt'],0,0,Invalid,0.0,0.0,64.0,16.0,"['Male', 'Male', 'Male']",0,0,3,2,5,Dry,Straight,Level,Lowest,No
6069,6,California,63433,0,2,2,0,8,GUSTINE,October,13,Friday,23,5,Rural,High Speed (Arterial),Yes,37.26031944,-120.96910833,Non-Intersection,Dark - Not Lighted,Clear,11:00pm-11:59pm,Unknown,11:00pm-11:59pm,Unknown EMS Scene Arrival Minutes,11:00pm-11:59pm,Unknown EMS Hospital Arrival Time,3,Dark - Unlighted,Clear,3,5,"['Driver', 'Rear_Seat', 'Rear_Seat']","['Shoulder_Lapbelt', 'None_Used', 'Child_Safety']",1,1,Valid,0.0,0.0,67.0,40.0,"['Male', 'Male']",0,0,3,1,5,Dry,Curve,Level,Lowest,No
6070,6,California,63434,1,1,1,0,1,SAN FRANCISCO,October,14,Saturday,0,25,Urban,High Speed (Arterial),Yes,37.73211111,-122.43035556,Non-Intersection,Dark - Not Lighted,Clear,0:00am-0:59am,Unknown,0:00am-0:59am,Unknown EMS Scene Arrival Minutes,Not Applicable (Not Transported),Not Applicable (Not Transported),1,Dark - Unlighted,Clear,0,0,[],[],0,0,Invalid,0.0,0.0,998.0,998.0,['Female'],1,0,1,0,4,Dry,Straight,Level,Lowest,No
6071,6,California,63435,0,2,2,0,3,NOT APPLICABLE,October,17,Tuesday,16,19,Urban,High Speed (Arterial),No,34.17658611,-119.12311944,Complex/Circle,Daylight,Clear,4:00pm-4:59pm,Unknown,4:00pm-4:59pm,Unknown EMS Scene Arrival Minutes,4:00pm-4:59pm,Unknown EMS Hospital Arrival Time,1,Daylight,Clear,1,2,['Driver'],['Shoulder_Lapbelt'],1,1,Invalid,0.0,1.0,47.0,32.0,"['Female', 'Male']",0,0,3,1,5,Dry,Straight,Level,Lowest,No
6072,6,California,63436,0,2,2,0,4,LOS ANGELES,October,19,Thursday,4,35,Urban,High Speed (Arterial),Yes,34.02849167,-118.22898889,Non-Intersection,Dark - Lighted,"Fog, Smog, Smoke",4:00am-4:59am,Unknown,4:00am-4:59am,Unknown EMS Scene Arrival Minutes,Unknown,Unknown EMS Hospital Arrival Time,1,Dark - Lighted,Reduced Visibility,1,3,['Driver'],['Shoulder_Lapbelt'],1,1,Invalid,0.0,0.0,34.0,25.0,"['Male', 'Male']",0,0,2,1,5,Dry,Straight,Level,Lowest,No
6073,6,California,63437,1,1,1,0,1,SACRAMENTO,October,19,Thursday,19,55,Urban,High Speed (Arterial),Yes,38.54445556,-121.47402778,Non-Intersection,Dark - Lighted,Clear,7:00pm-7:59pm,Unknown,7:00pm-7:59pm,Unknown EMS Scene Arrival Minutes,Unknown,Unknown EMS Hospital Arrival Time,1,Dark - Lighted,Clear,0,0,[],[],0,0,Invalid,0.0,0.0,998.0,998.0,['Other'],0,0,1,1,4,Dry,Straight,Level,Lowest,No
6074,6,California,63438,1,3,3,0,8,NOT APPLICABLE,October,19,Thursday,23,25,Urban,High Speed (Arterial),Yes,34.03142222,-118.19223056,Non-Intersection,Dark - Lighted,Clear,11:00pm-11:59pm,Unknown,11:00pm-11:59pm,Unknown EMS Scene Arrival Minutes,Not Applicable (Not Transported),Not Applicable (Not Transported),1,Dark - Lighted,Clear,0,8,[],[],0,0,Invalid,1.0,0.0,30.0,20.0,"['Female', 'Male', 'Male']",0,0,2,1,4,Dry,Straight,Level,Lowest,No
6075,6,California,63439,0,3,3,0,3,PALO ALTO,October,21,Saturday,2,30,Urban,High Speed (Arterial),Yes,37.43493333,-122.108075,Non-Intersection,Dark - Not Lighted,Clear,2:00am-2:59am,Unknown,2:00am-2:59am,Unknown EMS Scene Arrival Minutes,Not Applicable (Not Transported),Not Applicable (Not Transported),1,Dark - Unlighted,Clear,1,2,['Driver'],['None_Used'],1,1,Valid,0.0,0.0,58.0,28.0,"['Male', 'Male', 'Female']",1,0,5,4,5,Dry,Straight,Level,Lowest,No
6076,6,California,63440,1,3,1,2,1,NOT APPLICABLE,September,17,Sunday,16,57,Urban,High Speed (Arterial),Yes,32.65940833,-117.07430556,Non-Intersection,Daylight,Cloudy,Unknown,Unknown,Unknown EMS Scene Arrival Hour,Unknown EMS Scene Arrival Minutes,Unknown,Unknown EMS Hospital Arrival Time,1,Daylight,Reduced Visibility,0,1,[],[],0,0,Valid,0.0,0.0,17.0,17.0,['Male'],1,0,3,1,4,Dry,Curve,Level,Lowest,No
6077,6,California,63441,2,2,2,0,3,SAN DIEGO,October,22,Sunday,20,28,Urban,High Speed (Arterial),Yes,32.71871667,-117.14769444,Non-Intersection,Dark - Lighted,Clear,8:00pm-8:59pm,Unknown,8:00pm-8:59pm,Unknown EMS Scene Arrival Minutes,Unknown,Unknown EMS Hospital Arrival Time,1,Dark - Lighted,Clear,0,3,[],[],0,0,Valid,0.0,0.0,38.0,38.0,['Male'],0,0,2,4,4,Dry,Curve,Level,Lowest,No
6078,6,California,63442,0,3,1,2,1,NOT APPLICABLE,September,23,Saturday,23,40,Urban,Medium Speed (Collector),No,33.94343056,-118.3177,Non-Intersection,Dark - Lighted,Clear,Unknown,Unknown,Unknown EMS Scene Arrival Hour,Unknown EMS Scene Arrival Minutes,Unknown,Unknown EMS Hospital Arrival Time,1,Dark - Lighted,Clear,1,0,['Driver'],['None_Used'],0,0,Invalid,0.0,0.0,33.0,33.0,['Male'],1,0,2,4,5,Dry,Straight,Level,Lowest,No
6079,6,California,63443,0,1,1,0,2,NOT APPLICABLE,October,23,Monday,14,28,Rural,High Speed (Arterial),Yes,39.88499722,-123.73586944,Non-Intersection,Daylight,Clear,2:00pm-2:59pm,Unknown,2:00pm-2:59pm,Unknown EMS Scene Arrival Minutes,Unknown,Unknown EMS Hospital Arrival Time,1,Daylight,Clear,1,1,['Driver'],['None_Used'],0,0,Invalid,0.0,0.0,28.0,28.0,['Male'],0,0,3,4,3,Dry,Straight,Level,Lowest,No
6080,6,California,63444,0,2,2,0,3,MONTEBELLO,October,23,Monday,23,4,Urban,High Speed (Arterial),Yes,34.03320833,-118.14016389,Non-Intersection,Dark - Not Lighted,Clear,11:00pm-11:59pm,Unknown,11:00pm-11:59pm,Unknown EMS Scene Arrival Minutes,Unknown,Unknown EMS Hospital Arrival Time,1,Dark - Unlighted,Clear,1,2,['Driver'],['Shoulder_Lapbelt'],0,0,Valid,1.0,1.0,56.0,20.0,"['Male', 'Male']",1,0,2,1,5,Dry,Straight,Level,Lowest,No
6081,6,California,63445,0,2,2,0,5,NOT APPLICABLE,September,24,Sunday,22,4,Urban,High Speed (Arterial),Yes,38.53233889,-121.74513056,Non-Intersection,Dark - Lighted,Clear,10:00pm-10:59pm,Unknown,10:00pm-10:59pm,Unknown EMS Scene Arrival Minutes,Unknown,Unknown EMS Hospital Arrival Time,1,Dark - Lighted,Clear,1,4,['Rear_Seat'],['None_Used'],0,0,Valid,2.0,1.0,27.0,27.0,"['Male', 'Male']",1,0,2,1,5,Dry,Straight,Level,Lowest,No
6082,6,California,63446,1,2,1,1,1,NOT APPLICABLE,November,1,Wednesday,16,2,Rural,High Speed (Arterial),Yes,34.50612778,-117.86025556,Non-Intersection,Daylight,Clear,4:00pm-4:59pm,Unknown,4:00pm-4:59pm,Unknown EMS Scene Arrival Minutes,Not Applicable (Not Transported),Not Applicable (Not Transported),1,Daylight,Clear,0,1,[],[],0,0,Valid,1.0,0.0,48.0,48.0,['Male'],0,0,3,4,4,Dry,Straight,Level,Medium,No
6083,6,California,63447,0,3,3,0,7,NOT APPLICABLE,November,4,Saturday,16,35,Rural,High Speed (Arterial),Yes,37.96784444,-120.37842222,Complex/Circle,Daylight,Clear,4:00pm-4:59pm,35,4:00pm-4:59pm,35,Unknown,Unknown EMS Hospital Arrival Time,2,Daylight,Clear,2,5,"['Driver', 'Rear_Seat']","['None_Used', 'None_Used']",1,1,Valid,1.0,1.0,48.0,38.0,"['Male', 'Female', 'Female']",0,0,5,4,5,Dry,Straight,Level,Lowest,No
6084,6,California,63448,3,4,1,3,1,HAWTHORNE,September,29,Friday,22,36,Urban,High Speed (Arterial),Yes,33.89509167,-118.36746667,Non-Intersection,Dark - Lighted,Cloudy,Unknown,Unknown,Unknown EMS Scene Arrival Hour,Unknown EMS Scene Arrival Minutes,Unknown,Unknown EMS Hospital Arrival Time,1,Dark - Lighted,Reduced Visibility,0,1,[],[],1,1,Valid,0.0,0.0,41.0,41.0,['Female'],0,0,3,1,4,Dry,Straight,Level,Lowest,No
6085,6,California,63449,1,2,2,0,1,NATIONAL CITY,October,5,Thursday,2,32,Urban,High Speed (Arterial),Yes,32.65713611,-117.10697778,Non-Intersection,Dark - Lighted,Clear,Unknown,Unknown,Unknown EMS Scene Arrival Hour,Unknown EMS Scene Arrival Minutes,Unknown,Unknown EMS Hospital Arrival Time,1,Dark - Lighted,Clear,0,1,[],[],1,1,Valid,0.0,0.0,37.0,37.0,['Male'],1,0,3,1,5,Dry,Straight,Level,Lowest,No
6086,6,California,63450,2,3,1,2,1,SAN JUAN CAPISTRANO,October,7,Saturday,19,42,Urban,High Speed (Arterial),Yes,33.48837222,-117.66466667,Non-Intersection,Dark - Lighted,Clear,7:00pm-7:59pm,Unknown,7:00pm-7:59pm,Unknown EMS Scene Arrival Minutes,Not Applicable (Not Transported),Not Applicable (Not Transported),1,Dark - Lighted,Clear,0,1,[],[],0,0,Valid,0.0,2.0,29.0,29.0,['Female'],0,0,3,1,4,Dry,Straight,Level,Lowest,No
6087,6,California,63451,0,10,1,9,1,NATIONAL CITY,May,12,Friday,0,3,Urban,Medium Speed (Collector),No,32.65843333,-117.10030833,Complex/Circle,Dark - Lighted,Clear,0:00am-0:59am,Unknown,0:00am-0:59am,Unknown EMS Scene Arrival Minutes,Not Applicable (Not Transported),Not Applicable (Not Transported),1,Dark - Lighted,Clear,1,0,['Driver'],['Shoulder_Lapbelt'],0,0,Valid,0.0,0.0,26.0,26.0,['Male'],1,0,2,1,5,Dry,Straight,Level,Lowest,No
6088,6,California,63452,1,1,1,0,1,NOT APPLICABLE,October,7,Saturday,20,26,Urban,Medium Speed (Collector),No,38.66111944,-121.38069722,Simple Junction,Dark - Lighted,Clear,8:00pm-8:59pm,Unknown,8:00pm-8:59pm,Unknown EMS Scene Arrival Minutes,Not Applicable (Not Transported),Not Applicable (Not Transported),1,Dark - Lighted,Clear,0,1,[],[],0,0,Invalid,0.0,0.0,998.0,998.0,['Male'],0,0,2,1,4,Dry,Straight,Level,Lowest,No
6089,6,California,63453,0,1,1,0,1,LA PUENTE,October,13,Friday,17,0,Urban,Medium Speed (Collector),No,34.02531944,-117.92355556,Non-Intersection,Daylight,Clear,5:00pm-5:59pm,15,5:00pm-5:59pm,28,Unknown,Unknown EMS Hospital Arrival Time,1,Daylight,Clear,1,0,['Driver'],['Shoulder_Lapbelt'],1,1,Valid,0.0,0.0,20.0,20.0,['Female'],0,0,2,4,3,Dry,Straight,Level,Lowest,No
6090,6,California,63454,0,1,1,0,1,NOT APPLICABLE,November,6,Monday,23,38,Urban,Low Speed (Local),No,33.52641111,-117.61893333,Simple Junction,Dark - Lighted,Clear,Unknown,Unknown,Unknown EMS Scene Arrival Hour,Unknown EMS Scene Arrival Minutes,Unknown,Unknown EMS Hospital Arrival Time,1,Dark - Lighted,Clear,1,0,['Driver'],['None_Used'],1,1,Invalid,0.0,0.0,43.0,43.0,['Male'],1,0,5,4,3,Dry,Straight,Level,Lowest,No
6091,6,California,63455,0,4,4,0,4,SAN DIEGO,November,6,Monday,20,58,Urban,High Speed (Arterial),Yes,32.90744444,-117.226175,Non-Intersection,Dark - Lighted,Clear,Unknown,Unknown,Unknown EMS Scene Arrival Hour,Unknown EMS Scene Arrival Minutes,Not Applicable (Not Transported),Not Applicable (Not Transported),1,Dark - Lighted,Clear,1,2,['Driver'],['None_Used'],0,0,Invalid,1.0,0.0,998.0,21.0,"['Male', 'Male', 'Other', 'Female']",0,0,5,1,5,Dry,Straight,Grade/Hillcrest,Lowest,No
6092,6,California,63456,0,6,6,0,7,RICHMOND,October,22,Sunday,5,54,Urban,High Speed (Arterial),Yes,37.93003056,-122.32400556,Non-Intersection,Dark - Not Lighted,Rain,Unknown,Unknown,Unknown EMS Scene Arrival Hour,Unknown EMS Scene Arrival Minutes,Unknown,Unknown EMS Hospital Arrival Time,1,Dark - Unlighted,Rain/Wind/Minor,1,6,['Driver'],['None_Used'],0,0,Valid,0.0,0.0,51.0,22.0,"['Male', 'Male', 'Male', 'Male', 'Male', 'Male']",2,0,3,1,5,Wet/Standing Water,Straight,Level,Lowest,No
6093,6,California,63457,2,3,2,1,2,FREMONT,May,14,Sunday,2,45,Urban,High Speed (Arterial),Yes,37.480075,-121.93404444,Non-Intersection,Dark - Lighted,Clear,2:00am-2:59am,Unknown,2:00am-2:59am,Unknown EMS Scene Arrival Minutes,Not Applicable (Not Transported),Not Applicable (Not Transported),1,Dark - Lighted,Clear,0,2,[],[],0,0,Valid,1.0,0.0,57.0,35.0,"['Male', 'Male']",0,0,3,2,5,Dry,Straight,Level,Lowest,No
6094,6,California,63458,0,1,1,0,2,NOT APPLICABLE,September,24,Sunday,11,17,Urban,Low Speed (Local),No,38.43228333,-122.85677222,Non-Intersection,Daylight,Clear,11:00am-11:59am,Unknown,11:00am-11:59am,Unknown EMS Scene Arrival Minutes,Unknown,Unknown EMS Hospital Arrival Time,1,Daylight,Clear,1,1,['Front_Passenger'],['Shoulder_Lapbelt'],1,1,Invalid,1.0,0.0,18.0,18.0,['Male'],0,0,2,4,3,Dry,Curve,Level,Lowest,No
6095,6,California,63459,0,1,1,0,1,NOT APPLICABLE,November,25,Saturday,17,15,Urban,High Speed (Arterial),Yes,34.544175,-117.30238889,Non-Intersection,Dusk,Clear,Unknown,Unknown,Unknown EMS Scene Arrival Hour,Unknown EMS Scene Arrival Minutes,Unknown,Unknown EMS Hospital Arrival Time,1,Twilight,Clear,1,0,['Driver'],['Shoulder_Lapbelt'],0,0,Invalid,0.0,0.0,46.0,46.0,['Male'],0,0,2,4,3,Dry,Straight,Level,Lowest,No
6096,6,California,63461,0,1,1,0,1,LAKE ELSINORE,October,1,Sunday,3,42,Urban,Low Speed (Local),No,33.69658056,-117.32213611,Simple Junction,Dark - Lighted,Clear,Unknown,Unknown,Unknown EMS Scene Arrival Hour,Unknown EMS Scene Arrival Minutes,Not Applicable (Not Transported),Not Applicable (Not Transported),1,Dark - Lighted,Clear,1,0,['Driver'],['Shoulder_Lapbelt'],1,1,Valid,0.0,0.0,40.0,40.0,['Male'],1,0,3,1,3,Dry,Straight,Level,Lowest,No
6097,6,California,63462,0,1,1,0,1,NORCO,December,17,Sunday,1,40,Urban,High Speed (Arterial),Yes,33.93602222,-117.55646389,Non-Intersection,Dark - Not Lighted,Clear,Unknown,Unknown,Unknown EMS Scene Arrival Hour,Unknown EMS Scene Arrival Minutes,Not Applicable (Not Transported),Not Applicable (Not Transported),1,Dark - Unlighted,Clear,1,0,['Driver'],['None_Used'],1,1,Valid,0.0,0.0,18.0,18.0,['Male'],0,0,2,4,3,Dry,Straight,Level,Lowest,No