,State_Code,State_Name,Crash_ID,Count_Non_Motorists,Count_Vehicles_Total,Count_Vehicle_Forms,Count_PVH_Involved,Count_Occupants_MV,City_Name,Month_Name,Day_of_Month,Day_of_Week,Crash_Hour,Crash_Minute,Area_Rural_Urban,Road_Functional_Class,On_NHS_Road,Latitude,Longitude,Intersection_Type,Light_Condition,Weather_Condition,Notif_Hour,Notif_Minute,Arrival_Hour,Arrival_Minute,Hospital_Hour,Hospital_Minute,Fatalities_Count,Clean_Light_Condition,Clean_Weather_Condition,Total_Killed,Total_Alive,Fatal_Seats_List,Killed_Restraint_List,Any_Driver_Drinking,Total_Drinking_Drivers,Driver_License_Category,Driver_Max_Prev_Accident_Count,Driver_Max_Prev_Speeding_Count,Max_Driver_Age,Min_Driver_Age,Driver_Sex_List,Total_Exceeding_Limit_Vehicles,Total_Too_Fast_Vehicles,Max_Vehicle_Type_Severity_5,Max_Vehicle_Damage_Rank,Max_Harmful_Event_Severity,Crash_Road_Surface_Condition,Crash_Horizontal_Alignment,Crash_Vertical_Profile,Crash_Impairment_Category,Crash_Vehicle_Defect
6301,6,California,63670,0,1,1,0,2,MENIFEE,October,14,Saturday,15,38,Urban,Low Speed (Local),No,33.74291111,-117.17125278,Non-Intersection,Daylight,Clear,Unknown,Unknown,Unknown EMS Scene Arrival Hour,Unknown EMS Scene Arrival Minutes,Unknown,Unknown EMS Hospital Arrival Time,1,Daylight,Clear,1,1,['Driver'],['Shoulder_Lapbelt'],0,0,Valid,0.0,0.0,49.0,49.0,['Male'],2,0,3,4,3,Dry,Curve,Level,Lowest,No
6302,6,California,63671,1,1,1,0,1,CITRUS HEIGHTS,September,29,Friday,12,21,Urban,High Speed (Arterial),Yes,38.68029722,-121.29093889,Non-Intersection,Daylight,Clear,12:00pm-12:59pm,Unknown,12:00pm-12:59pm,Unknown EMS Scene Arrival Minutes,Not Applicable (Not Transported),Not Applicable (Not Transported),1,Daylight,Clear,0,1,[],[],0,0,Valid,0.0,0.0,51.0,51.0,['Male'],0,0,3,3,4,Dry,Curve,Level,Lowest,No
6303,6,California,63672,0,1,1,0,1,EAST PALO ALTO,September,29,Friday,11,2,Urban,High Speed (Arterial),Yes,37.46245,-122.14374722,Non-Intersection,Daylight,Clear,11:00am-11:59am,Unknown,Unknown EMS Scene Arrival Hour,Unknown EMS Scene Arrival Minutes,Unknown,Unknown EMS Hospital Arrival Time,1,Daylight,Clear,1,0,['Driver'],['None_Used'],0,0,Invalid,0.0,0.0,69.0,69.0,['Male'],0,0,5,4,1,Dry,Curve,Level,Lowest,No
6304,6,California,63673,0,2,2,0,2,SAN JOSE,September,8,Friday,8,23,Urban,Medium Speed (Collector),No,37.32498056,-121.79698611,Complex/Circle,Daylight,Clear,Unknown,Unknown,Unknown EMS Scene Arrival Hour,Unknown EMS Scene Arrival Minutes,Unknown,Unknown EMS Hospital Arrival Time,1,Daylight,Clear,1,1,['Driver'],['Shoulder_Lapbelt'],0,0,Valid,0.0,0.0,83.0,33.0,"['Female', 'Male']",0,0,3,1,5,Dry,Straight,Level,Lowest,No
6305,6,California,63674,1,1,1,0,1,SAN BERNARDINO,December,5,Tuesday,17,14,Urban,Medium Speed (Collector),No,34.12134722,-117.34093889,Non-Intersection,Dark - Lighted,Clear,Unknown,Unknown,Unknown EMS Scene Arrival Hour,Unknown EMS Scene Arrival Minutes,Unknown,Unknown EMS Hospital Arrival Time,1,Dark - Lighted,Clear,0,1,[],[],0,0,Valid,0.0,0.0,80.0,80.0,['Female'],0,0,3,1,4,Dry,Straight,Level,Lowest,No
6306,6,California,63675,1,1,1,0,1,NOT APPLICABLE,July,26,Wednesday,21,5,Urban,High Speed (Arterial),Yes,38.64855556,-121.38305833,Non-Intersection,Dark - Lighted,Clear,9:00pm-9:59pm,Unknown,9:00pm-9:59pm,Unknown EMS Scene Arrival Minutes,Unknown,Unknown EMS Hospital Arrival Time,1,Dark - Lighted,Clear,0,1,[],[],0,0,Invalid,0.0,2.0,31.0,31.0,['Male'],1,0,2,1,4,Dry,Straight,Level,Lowest,No
6307,6,California,63676,0,1,1,0,1,SAN DIEGO,December,22,Friday,1,25,Urban,High Speed (Arterial),Yes,32.73583056,-117.11313611,Non-Intersection,Dark - Not Lighted,Rain,1:00am-1:59am,Unknown,1:00am-1:59am,Unknown EMS Scene Arrival Minutes,Not Applicable (Not Transported),Not Applicable (Not Transported),1,Dark - Unlighted,Rain/Wind/Minor,1,0,['Driver'],['Shoulder_Lapbelt'],0,0,Valid,0.0,0.0,49.0,49.0,['Female'],1,0,4,4,2,Wet/Standing Water,Straight,Level,Lowest,No
6308,6,California,63677,0,2,2,0,3,FOLSOM,August,4,Friday,21,13,Urban,High Speed (Arterial),Yes,38.69523056,-121.17258889,Simple Junction,Dark - Lighted,Clear,Unknown,Unknown,Unknown EMS Scene Arrival Hour,Unknown EMS Scene Arrival Minutes,Unknown,Unknown EMS Hospital Arrival Time,1,Dark - Lighted,Clear,1,2,['Driver'],['None_Used'],0,0,Valid,0.0,0.0,38.0,20.0,"['Male', 'Male']",0,0,5,1,5,Dry,Straight,Grade/Hillcrest,Lowest,No
6309,6,California,63678,0,2,2,0,2,FOLSOM,November,6,Monday,16,6,Urban,Medium Speed (Collector),No,38.68977778,-121.12409444,Non-Intersection,Daylight,Cloudy,4:00pm-4:59pm,Unknown,4:00pm-4:59pm,Unknown EMS Scene Arrival Minutes,Unknown,Unknown EMS Hospital Arrival Time,1,Daylight,Reduced Visibility,1,1,['Driver'],['None_Used'],0,0,Valid,0.0,0.0,33.0,21.0,"['Male', 'Male']",1,0,5,1,5,Dry,Straight,Level,Lowest,No
6310,6,California,63679,1,1,1,0,1,OAKLAND,November,19,Sunday,22,45,Urban,High Speed (Arterial),Yes,37.80903889,-122.19581944,Non-Intersection,Dark - Not Lighted,Clear,Unknown,Unknown,Unknown EMS Scene Arrival Hour,Unknown EMS Scene Arrival Minutes,Not Applicable (Not Transported),Not Applicable (Not Transported),1,Dark - Unlighted,Clear,0,1,[],[],0,0,Invalid,0.0,0.0,998.0,998.0,['Other'],1,0,1,0,4,Dry,Straight,Level,Lowest,No
6311,6,California,63680,1,1,1,0,2,COLTON,December,6,Wednesday,19,30,Urban,High Speed (Arterial),Yes,34.04877778,-117.30923889,Non-Intersection,Dark - Lighted,Clear,Unknown,Unknown,Unknown EMS Scene Arrival Hour,Unknown EMS Scene Arrival Minutes,Unknown,Unknown EMS Hospital Arrival Time,1,Dark - Lighted,Clear,0,2,[],[],0,0,Valid,0.0,0.0,30.0,30.0,['Female'],0,0,2,1,4,Dry,Straight,Level,Lowest,No
6312,6,California,63681,1,1,1,0,1,NOT APPLICABLE,October,20,Friday,3,30,Urban,High Speed (Arterial),Yes,32.75344167,-117.00889722,Non-Intersection,Dark - Not Lighted,Clear,3:00am-3:59am,Unknown,3:00am-3:59am,Unknown EMS Scene Arrival Minutes,Not Applicable (Not Transported),Not Applicable (Not Transported),1,Dark - Unlighted,Clear,0,0,[],[],0,0,Invalid,0.0,0.0,998.0,998.0,['Other'],0,0,1,0,4,Dry,Curve,Level,Lowest,No
6313,6,California,63682,0,2,2,0,3,LA HABRA,November,4,Saturday,0,28,Urban,Medium Speed (Collector),No,33.93186944,-117.94612778,Complex/Circle,Dark - Lighted,Clear,Unknown,Unknown,Unknown EMS Scene Arrival Hour,Unknown EMS Scene Arrival Minutes,Unknown,Unknown EMS Hospital Arrival Time,1,Dark - Lighted,Clear,1,2,['Front_Passenger'],['Shoulder_Lapbelt'],1,1,Valid,1.0,0.0,41.0,40.0,"['Female', 'Male']",0,0,2,1,5,Dry,Straight,Level,Lowest,No
6314,6,California,63683,1,2,2,0,1,NOT APPLICABLE,December,16,Saturday,23,10,Urban,High Speed (Arterial),Yes,34.15100833,-119.11739722,Non-Intersection,Dark - Not Lighted,Cloudy,11:00pm-11:59pm,Unknown,11:00pm-11:59pm,Unknown EMS Scene Arrival Minutes,Unknown,Unknown EMS Hospital Arrival Time,1,Dark - Unlighted,Reduced Visibility,0,1,[],[],1,1,Valid,0.0,0.0,28.0,28.0,['Male'],1,0,2,1,5,Dry,Straight,Level,Lowest,No
6315,6,California,63684,0,2,2,0,3,NOT APPLICABLE,December,16,Saturday,23,0,Urban,High Speed (Arterial),Yes,34.15101389,-119.11739444,Non-Intersection,Dark - Not Lighted,Clear,Unknown,Unknown,Unknown EMS Scene Arrival Hour,Unknown EMS Scene Arrival Minutes,Unknown,Unknown EMS Hospital Arrival Time,2,Dark - Unlighted,Clear,2,1,"['Driver', 'Front_Passenger']","['Shoulder_Lapbelt', 'Shoulder_Lapbelt']",0,0,Valid,0.0,0.0,44.0,34.0,"['Male', 'Male']",1,0,2,4,5,Dry,Straight,Level,Lowest,No
6316,6,California,63685,1,1,1,0,1,REDDING,December,30,Saturday,6,17,Urban,Medium Speed (Collector),No,40.58004167,-122.35780278,Non-Intersection,Dark - Lighted,Rain,Unknown,Unknown,Unknown EMS Scene Arrival Hour,Unknown EMS Scene Arrival Minutes,Unknown,Unknown EMS Hospital Arrival Time,1,Dark - Lighted,Rain/Wind/Minor,0,1,[],[],0,0,Valid,0.0,0.0,38.0,38.0,['Female'],0,0,2,1,4,Wet/Standing Water,Straight,Level,Lowest,No
6317,6,California,63686,0,2,2,0,2,EASTVALE,December,16,Saturday,11,5,Urban,Low Speed (Local),No,33.98868333,-117.55811944,Complex/Circle,Daylight,Clear,Unknown,Unknown,Unknown EMS Scene Arrival Hour,Unknown EMS Scene Arrival Minutes,Unknown,Unknown EMS Hospital Arrival Time,1,Daylight,Clear,1,1,['Driver'],['Shoulder_Lapbelt'],0,0,Valid,0.0,0.0,68.0,23.0,"['Male', 'Male']",0,0,3,1,5,Dry,Straight,Level,Lowest,No
6318,6,California,63687,0,1,1,0,1,NOT APPLICABLE,December,25,Monday,13,55,Urban,High Speed (Arterial),Yes,34.85748889,-120.38931667,Non-Intersection,Daylight,Clear,Unknown,Unknown,Unknown EMS Scene Arrival Hour,Unknown EMS Scene Arrival Minutes,Unknown,Unknown EMS Hospital Arrival Time,1,Daylight,Clear,1,0,['Driver'],['Shoulder_Lapbelt'],0,0,Valid,0.0,0.0,59.0,59.0,['Male'],0,0,3,1,3,Dry,Straight,Level,Medium,No
6319,6,California,63688,0,2,2,0,4,OROVILLE,November,26,Sunday,17,2,Urban,High Speed (Arterial),Yes,39.50386111,-121.55225833,Non-Intersection,Dusk,Clear,Unknown,Unknown,Unknown EMS Scene Arrival Hour,Unknown EMS Scene Arrival Minutes,Unknown,Unknown EMS Hospital Arrival Time,1,Twilight,Clear,1,3,['Driver'],['None_Used'],0,0,Valid,0.0,0.0,69.0,57.0,"['Male', 'Male']",0,0,5,4,5,Dry,Straight,Level,Lowest,No
6320,6,California,63689,0,1,1,0,2,NOT APPLICABLE,December,27,Wednesday,11,50,Rural,Low Speed (Local),No,33.83066944,-116.84249722,Non-Intersection,Daylight,Cloudy,Unknown,Unknown,Unknown EMS Scene Arrival Hour,Unknown EMS Scene Arrival Minutes,Unknown,Unknown EMS Hospital Arrival Time,1,Daylight,Reduced Visibility,1,1,['Front_Passenger'],['Shoulder_Lapbelt'],0,0,Valid,0.0,0.0,47.0,47.0,['Male'],0,0,5,4,3,Dry,Straight,Level,Lowest,No
6321,6,California,63690,0,2,2,0,6,SAN JOSE,May,21,Sunday,13,38,Urban,Medium Speed (Collector),No,37.31071667,-121.92328333,Complex/Circle,Daylight,Clear,Unknown,Unknown,Unknown EMS Scene Arrival Hour,Unknown EMS Scene Arrival Minutes,Unknown,Unknown EMS Hospital Arrival Time,1,Daylight,Clear,1,5,['Driver'],['Shoulder_Lapbelt'],1,1,Valid,1.0,0.0,26.0,26.0,"['Male', 'Male']",3,0,2,4,5,Dry,Curve,Level,Lowest,No
6322,6,California,63691,0,1,1,0,1,INDIO,December,29,Friday,1,12,Urban,Medium Speed (Collector),No,33.69181944,-116.25146111,Non-Intersection,Dark - Not Lighted,Clear,1:00am-1:59am,Unknown,1:00am-1:59am,Unknown EMS Scene Arrival Minutes,Not Applicable (Not Transported),Not Applicable (Not Transported),1,Dark - Unlighted,Clear,1,0,['Driver'],['None_Used'],1,1,Invalid,0.0,0.0,23.0,23.0,['Male'],1,0,2,4,2,Dry,Straight,Level,Lowest,No
6323,6,California,63692,1,1,1,0,1,RIALTO,January,26,Thursday,21,3,Urban,Medium Speed (Collector),No,34.08502222,-117.36849167,Simple Junction,Dark - Not Lighted,Clear,Unknown,Unknown,Unknown EMS Scene Arrival Hour,Unknown EMS Scene Arrival Minutes,Unknown,Unknown EMS Hospital Arrival Time,1,Dark - Unlighted,Clear,0,1,[],[],0,0,Valid,2.0,0.0,27.0,27.0,['Female'],0,0,2,1,4,Dry,Straight,Grade/Hillcrest,Lowest,No
6324,6,California,63693,1,1,1,0,1,REDLANDS,December,30,Saturday,5,30,Urban,High Speed (Arterial),Yes,34.07007222,-117.17469167,Non-Intersection,Dark - Lighted,Cloudy,5:00am-5:59am,Unknown,5:00am-5:59am,Unknown EMS Scene Arrival Minutes,Not Applicable (Not Transported),Not Applicable (Not Transported),1,Dark - Lighted,Reduced Visibility,0,1,[],[],0,0,Valid,1.0,0.0,61.0,61.0,['Male'],0,0,3,4,4,Dry,Straight,Level,Lowest,No
6325,6,California,63694,1,1,1,0,1,OROVILLE,December,29,Friday,23,37,Urban,Medium Speed (Collector),No,39.49090833,-121.57324167,Non-Intersection,Dark - Lighted,Rain,11:00pm-11:59pm,Unknown,11:00pm-11:59pm,Unknown EMS Scene Arrival Minutes,Not Applicable (Not Transported),Not Applicable (Not Transported),1,Dark - Lighted,Rain/Wind/Minor,0,1,[],[],0,0,Valid,0.0,0.0,33.0,33.0,['Female'],1,0,2,0,4,Wet/Standing Water,Straight,Level,Lowest,No
6326,6,California,63695,0,1,1,0,1,STOCKTON,December,29,Friday,19,38,Urban,Medium Speed (Collector),No,37.90036667,-121.28579722,Non-Intersection,Dark - Unknown Lighting,Rain,7:00pm-7:59pm,Unknown,7:00pm-7:59pm,Unknown EMS Scene Arrival Minutes,Unknown,Unknown EMS Hospital Arrival Time,1,Dark - Unlighted,Rain/Wind/Minor,1,0,['Driver'],['None_Used'],1,1,Valid,0.0,0.0,17.0,17.0,['Female'],1,0,2,4,2,Wet/Standing Water,Curve,Level,Lowest,No
6327,6,California,63696,0,1,1,0,1,RICHMOND,December,26,Tuesday,15,20,Urban,High Speed (Arterial),No,37.92896667,-122.38671944,Non-Intersection,Daylight,Clear,Unknown,Unknown,Unknown EMS Scene Arrival Hour,Unknown EMS Scene Arrival Minutes,Not Applicable (Not Transported),Not Applicable (Not Transported),1,Daylight,Clear,1,0,['Driver'],['None_Used'],0,0,Invalid,2.0,0.0,54.0,54.0,['Male'],1,0,5,4,3,Dry,Curve,Level,Lowest,No
6328,6,California,63697,0,5,5,0,14,PLACENTIA,January,25,Wednesday,20,45,Urban,High Speed (Arterial),Yes,33.862025,-117.87486944,Complex/Circle,Dark - Lighted,Clear,Unknown,Unknown,Unknown EMS Scene Arrival Hour,Unknown EMS Scene Arrival Minutes,Unknown,Unknown EMS Hospital Arrival Time,3,Dark - Lighted,Clear,3,11,"['Front_Passenger', 'Front_Passenger', 'Front_Passenger']","['Shoulder_Lapbelt', 'Shoulder_Lapbelt', 'Shoulder_Lapbelt']",1,1,Valid,0.0,0.0,54.0,24.0,"['Male', 'Male', 'Female', 'Female', 'Female']",0,0,3,1,5,Dry,Straight,Level,Lowest,No
6329,6,California,63698,1,1,1,0,1,WESTMINSTER,December,23,Saturday,4,43,Urban,Medium Speed (Collector),No,33.74129167,-117.95982778,Non-Intersection,Dark - Lighted,Clear,4:00am-4:59am,Unknown,4:00am-4:59am,Unknown EMS Scene Arrival Minutes,Not Applicable (Not Transported),Not Applicable (Not Transported),1,Dark - Lighted,Clear,0,1,[],[],0,0,Invalid,0.0,0.0,998.0,998.0,['Other'],0,0,2,0,4,Dry,Straight,Level,Lowest,No
6330,6,California,63699,1,1,1,0,1,CORONA,December,27,Wednesday,3,49,Urban,Medium Speed (Collector),No,33.85793889,-117.58414167,Non-Intersection,Dark - Lighted,Cloudy,Unknown,Unknown,Unknown EMS Scene Arrival Hour,Unknown EMS Scene Arrival Minutes,Not Applicable (Not Transported),Not Applicable (Not Transported),1,Dark - Lighted,Reduced Visibility,0,1,[],[],0,0,Valid,0.0,0.0,52.0,52.0,['Male'],0,0,3,2,4,Dry,Straight,Level,Lowest,No
6331,6,California,63700,0,1,1,0,1,DAVIS,February,23,Thursday,21,28,Urban,Medium Speed (Collector),No,38.54766111,-121.73906944,Non-Intersection,Dark - Lighted,Cloudy,9:00pm-9:59pm,Unknown,9:00pm-9:59pm,Unknown EMS Scene Arrival Minutes,Not Applicable (Not Transported),Not Applicable (Not Transported),1,Dark - Lighted,Reduced Visibility,1,0,['Driver'],['Shoulder_Lapbelt'],0,0,Invalid,0.0,0.0,36.0,36.0,['Female'],1,0,3,4,2,Dry,Straight,Level,Lowest,No
6332,6,California,63701,0,1,1,0,1,COALINGA,December,20,Wednesday,17,27,Urban,Medium Speed (Collector),No,36.13667778,-120.36132222,Complex/Circle,Dark - Lighted,Rain,Unknown,Unknown,Unknown EMS Scene Arrival Hour,Unknown EMS Scene Arrival Minutes,Unknown,Unknown EMS Hospital Arrival Time,1,Dark - Lighted,Rain/Wind/Minor,1,0,['Driver'],['Shoulder_Lapbelt'],0,0,Valid,0.0,0.0,64.0,64.0,['Female'],0,0,3,1,2,Wet/Standing Water,Straight,Level,Lowest,No
6333,6,California,63702,1,1,1,0,1,SAN JOSE,December,18,Monday,18,5,Rural,Low Speed (Local),No,37.23684444,-121.80186389,Non-Intersection,Dusk,Rain,Unknown,Unknown,Unknown EMS Scene Arrival Hour,Unknown EMS Scene Arrival Minutes,Unknown,Unknown EMS Hospital Arrival Time,1,Twilight,Rain/Wind/Minor,0,1,[],[],1,1,Valid,0.0,0.0,32.0,32.0,['Male'],0,0,2,1,4,Dry,Straight,Non-Trafficway,Lowest,No
6334,6,California,63703,0,1,1,0,2,CAMPBELL,December,18,Monday,13,4,Urban,High Speed (Arterial),No,37.28394722,-121.96063889,Non-Intersection,Daylight,Rain,Unknown,Unknown,Unknown EMS Scene Arrival Hour,Unknown EMS Scene Arrival Minutes,Not Applicable (Not Transported),Not Applicable (Not Transported),2,Daylight,Rain/Wind/Minor,2,0,"['Driver', 'Front_Passenger']","['Shoulder_Lapbelt', 'Shoulder_Lapbelt']",1,1,Valid,0.0,0.0,35.0,35.0,['Male'],2,0,2,1,3,Wet/Standing Water,Curve,Level,Lowest,No
6335,6,California,63704,0,2,2,0,2,APPLE VALLEY,January,22,Sunday,6,3,Urban,High Speed (Arterial),Yes,34.51445556,-117.20683333,Complex/Circle,Dark - Not Lighted,Clear,Unknown,Unknown,Unknown EMS Scene Arrival Hour,Unknown EMS Scene Arrival Minutes,Unknown,Unknown EMS Hospital Arrival Time,1,Dark - Unlighted,Clear,1,1,['Driver'],['Shoulder_Lapbelt'],0,0,Valid,0.0,0.0,86.0,24.0,"['Female', 'Male']",1,0,3,1,5,Dry,Straight,Level,Lowest,No
6336,6,California,63705,0,2,2,0,2,LINCOLN,December,8,Friday,16,52,Urban,Medium Speed (Collector),No,38.85013333,-121.24935278,Non-Intersection,Dusk,Clear,Unknown,Unknown,Unknown EMS Scene Arrival Hour,Unknown EMS Scene Arrival Minutes,Unknown,Unknown EMS Hospital Arrival Time,1,Twilight,Clear,1,1,['Driver'],['Shoulder_Lapbelt'],0,0,Valid,0.0,0.0,43.0,25.0,"['Male', 'Male']",1,0,5,1,5,Oil/Contaminated,Straight,Level,Lowest,No
6337,6,California,63706,0,1,1,0,1,SAN DIEGO,December,30,Saturday,8,10,Urban,High Speed (Arterial),Yes,32.736775,-117.11503056,Non-Intersection,Daylight,Rain,8:00am-8:59am,Unknown,8:00am-8:59am,Unknown EMS Scene Arrival Minutes,8:00am-8:59am,Unknown EMS Hospital Arrival Time,1,Daylight,Rain/Wind/Minor,1,0,['Driver'],['Shoulder_Lapbelt'],0,0,Valid,0.0,0.0,65.0,65.0,['Male'],1,0,3,1,3,Wet/Standing Water,Curve,Grade/Hillcrest,Lowest,No
6338,6,California,63707,0,2,2,0,2,NOT APPLICABLE,December,16,Saturday,17,10,Rural,Medium Speed (Collector),No,38.31447778,-122.74713611,Non-Intersection,Dusk,Cloudy,5:00pm-5:59pm,33,5:00pm-5:59pm,33,Unknown,Unknown EMS Hospital Arrival Time,1,Twilight,Reduced Visibility,1,1,['Driver'],['Shoulder_Lapbelt'],1,1,Valid,0.0,0.0,74.0,53.0,"['Female', 'Male']",0,0,3,1,5,Dry,Curve,Grade/Hillcrest,Lowest,No
6339,6,California,63708,0,1,1,0,1,INDIO,September,16,Saturday,16,41,Urban,Medium Speed (Collector),No,33.72935278,-116.26013611,Complex/Circle,Daylight,Clear,Unknown,Unknown,Unknown EMS Scene Arrival Hour,Unknown EMS Scene Arrival Minutes,Unknown,Unknown EMS Hospital Arrival Time,1,Daylight,Clear,1,0,['Driver'],['None_Used'],1,1,Valid,0.0,0.0,56.0,56.0,['Male'],0,0,3,1,3,Dry,Straight,Level,Lowest,No
6340,6,California,63709,0,2,2,0,4,EAST IRVINE,September,19,Tuesday,22,6,Urban,High Speed (Arterial),Yes,33.70803056,-117.78423056,Complex/Circle,Dark - Lighted,Clear,10:00pm-10:59pm,Unknown,10:00pm-10:59pm,Unknown EMS Scene Arrival Minutes,Not Applicable (Not Transported),Not Applicable (Not Transported),1,Dark - Lighted,Clear,1,3,['Driver'],['None_Used'],0,0,Valid,0.0,0.0,54.0,50.0,"['Male', 'Female']",1,0,5,1,5,Dry,Straight,Level,Lowest,No
6341,6,California,63710,1,1,1,0,1,SAN FRANCISCO,December,26,Tuesday,6,37,Urban,Medium Speed (Collector),No,37.73279444,-122.40468611,Complex/Circle,Dark - Lighted,Clear,6:00am-6:59am,Unknown,6:00am-6:59am,Unknown EMS Scene Arrival Minutes,Unknown,Unknown EMS Hospital Arrival Time,1,Dark - Lighted,Clear,0,1,[],[],0,0,Valid,1.0,0.0,46.0,46.0,['Male'],1,0,2,4,4,Dry,Straight,Level,Lowest,No
6342,6,California,63711,1,1,1,0,3,HUNTINGTON BEACH,July,23,Sunday,22,53,Urban,High Speed (Arterial),Yes,33.68137222,-117.98863889,Non-Intersection,Dark - Lighted,Clear,10:00pm-10:59pm,Unknown,Unknown EMS Scene Arrival Hour,Unknown EMS Scene Arrival Minutes,Not Applicable (Not Transported),Not Applicable (Not Transported),1,Dark - Lighted,Clear,0,3,[],[],0,0,Valid,0.0,0.0,18.0,18.0,['Female'],3,0,3,4,4,Dry,Straight,Level,Lowest,No
6343,6,California,63712,1,4,4,0,4,PALM DESERT,August,9,Wednesday,22,13,Urban,Medium Speed (Collector),No,33.75818056,-116.31088611,Complex/Circle,Dark - Lighted,Clear,Unknown,Unknown,Unknown EMS Scene Arrival Hour,Unknown EMS Scene Arrival Minutes,Not Applicable (Not Transported),Not Applicable (Not Transported),1,Dark - Lighted,Clear,0,4,[],[],0,0,Valid,0.0,0.0,999.0,21.0,"['Male', 'Female', 'Male', 'Other']",1,0,3,1,4,Dry,Straight,Level,Lowest,No
6344,6,California,63713,0,4,3,1,3,ATWATER,December,27,Wednesday,16,2,Urban,High Speed (Arterial),Yes,37.35458333,-120.61379167,Complex/Circle,Daylight,Clear,Unknown,Unknown,Unknown EMS Scene Arrival Hour,Unknown EMS Scene Arrival Minutes,Unknown,Unknown EMS Hospital Arrival Time,1,Daylight,Clear,1,2,['Driver'],['Shoulder_Lapbelt'],0,0,Valid,1.0,1.0,88.0,31.0,"['Male', 'Male', 'Male']",1,0,2,1,5,Dry,Straight,Level,Lowest,No
6345,6,California,63714,0,2,2,0,4,BAKERSFIELD,May,12,Friday,16,19,Urban,Medium Speed (Collector),No,35.28146389,-119.06561389,Complex/Circle,Daylight,Clear,Unknown,Unknown,Unknown EMS Scene Arrival Hour,Unknown EMS Scene Arrival Minutes,Unknown,Unknown EMS Hospital Arrival Time,1,Daylight,Clear,1,3,['Rear_Seat'],['Shoulder_Lapbelt'],0,0,Valid,1.0,1.0,34.0,32.0,"['Female', 'Female']",1,0,2,1,5,Dry,Straight,Level,Lowest,No
6346,6,California,63715,0,4,4,0,4,FORT BRAGG,September,2,Saturday,10,15,Urban,Medium Speed (Collector),No,39.43249722,-123.80613611,Complex/Circle,Daylight,Cloudy,10:00am-10:59am,Unknown,10:00am-10:59am,Unknown EMS Scene Arrival Minutes,Not Applicable (Not Transported),Not Applicable (Not Transported),1,Daylight,Reduced Visibility,1,3,['Driver'],['None_Used'],0,0,Valid,0.0,1.0,81.0,21.0,"['Male', 'Male', 'Male', 'Male']",0,0,5,1,5,Dry,Straight,Level,Lowest,No
6347,6,California,63716,1,1,1,0,1,NOT APPLICABLE,July,28,Friday,22,26,Urban,Low Speed (Local),No,37.47521944,-122.14588333,Simple Junction,Dark - Lighted,Clear,Unknown,Unknown,Unknown EMS Scene Arrival Hour,Unknown EMS Scene Arrival Minutes,Not Applicable (Not Transported),Not Applicable (Not Transported),1,Dark - Lighted,Clear,0,1,[],[],0,0,Invalid,0.0,0.0,998.0,998.0,['Other'],0,0,1,1,4,Dry,Straight,Grade/Hillcrest,Lowest,No
6348,6,California,63717,1,1,1,0,1,SAN JOSE,March,22,Wednesday,18,27,Urban,High Speed (Arterial),Yes,37.34071389,-121.880925,Complex/Circle,Daylight,Cloudy,Unknown,Unknown,Unknown EMS Scene Arrival Hour,Unknown EMS Scene Arrival Minutes,Unknown,Unknown EMS Hospital Arrival Time,1,Daylight,Reduced Visibility,0,1,[],[],0,0,Invalid,0.0,0.0,998.0,998.0,['Other'],0,0,2,3,4,Dry,Straight,Level,Lowest,No
6349,6,California,63718,2,1,1,0,1,BAKERSFIELD,August,27,Sunday,0,9,Urban,Medium Speed (Collector),No,35.36781111,-118.99588611,Non-Intersection,Dark - Lighted,Clear,Unknown,Unknown,Unknown EMS Scene Arrival Hour,Unknown EMS Scene Arrival Minutes,Unknown,Unknown EMS Hospital Arrival Time,1,Dark - Lighted,Clear,0,0,[],[],0,0,Invalid,0.0,0.0,998.0,998.0,['Other'],0,0,1,0,4,Dry,Straight,Level,Lowest,No
6350,6,California,63719,0,3,3,0,4,ADELANTO,October,13,Friday,20,19,Rural,High Speed (Arterial),Yes,34.55497222,-117.40374722,Non-Intersection,Dark - Unknown Lighting,Clear,Unknown,Unknown,Unknown EMS Scene Arrival Hour,Unknown EMS Scene Arrival Minutes,Unknown,Unknown EMS Hospital Arrival Time,2,Dark - Unlighted,Clear,2,2,"['Driver', 'Driver']","['Shoulder_Lapbelt', 'Shoulder_Lapbelt']",0,0,Invalid,1.0,2.0,998.0,23.0,"['Male', 'Male', 'Other']",0,0,2,4,5,Dry,Straight,Level,Lowest,No
6351,6,California,63720,1,1,1,0,1,SAN DIEGO,July,28,Friday,12,9,Urban,High Speed (Arterial),Yes,32.84941111,-117.17878611,Non-Intersection,Daylight,Clear,12:00pm-12:59pm,Unknown,12:00pm-12:59pm,Unknown EMS Scene Arrival Minutes,Not Applicable (Not Transported),Not Applicable (Not Transported),1,Daylight,Clear,0,0,[],[],0,0,Invalid,0.0,0.0,998.0,998.0,['Other'],0,0,3,0,4,Dry,Curve,Grade/Hillcrest,Lowest,No