,State_Code,State_Name,Crash_ID,Count_Non_Motorists,Count_Vehicles_Total,Count_Vehicle_Forms,Count_PVH_Involved,Count_Occupants_MV,City_Name,Month_Name,Day_of_Month,Day_of_Week,Crash_Hour,Crash_Minute,Area_Rural_Urban,Road_Functional_Class,On_NHS_Road,Latitude,Longitude,Intersection_Type,Light_Condition,Weather_Condition,Notif_Hour,Notif_Minute,Arrival_Hour,Arrival_Minute,Hospital_Hour,Hospital_Minute,Fatalities_Count,Clean_Light_Condition,Clean_Weather_Condition,Total_Killed,Total_Alive,Fatal_Seats_List,Killed_Restraint_List,Any_Driver_Drinking,Total_Drinking_Drivers,Driver_License_Category,Driver_Max_Prev_Accident_Count,Driver_Max_Prev_Speeding_Count,Max_Driver_Age,Min_Driver_Age,Driver_Sex_List,Total_Exceeding_Limit_Vehicles,Total_Too_Fast_Vehicles,Max_Vehicle_Type_Severity_5,Max_Vehicle_Damage_Rank,Max_Harmful_Event_Severity,Crash_Road_Surface_Condition,Crash_Horizontal_Alignment,Crash_Vertical_Profile,Crash_Impairment_Category,Crash_Vehicle_Defect
21366,32,Nevada,320254,1,1,1,0,1,NOT APPLICABLE,October,15,Sunday,23,24,Rural,High Speed (Arterial),Yes,36.10080556,-115.16978889,Complex/Circle,Dark - Lighted,Clear,11:00pm-11:59pm,26,11:00pm-11:59pm,32,11:00pm-11:59pm,49,1,Dark - Lighted,Clear,0,1,[],[],0,0,Valid,0.0,0.0,49.0,49.0,['Male'],0,0,3,3,4,Dry,Straight,Level,Lowest,No
21367,32,Nevada,320255,0,2,2,0,3,NORTH LAS VEGAS,October,16,Monday,6,4,Urban,Medium Speed (Collector),No,36.20003056,-115.14025833,Non-Intersection,Dawn,Clear,Unknown,Unknown,Unknown EMS Scene Arrival Hour,Unknown EMS Scene Arrival Minutes,Unknown,Unknown EMS Hospital Arrival Time,1,Twilight,Clear,1,2,['Driver'],['None_Used'],1,1,Invalid,0.0,0.0,60.0,38.0,"['Male', 'Male']",0,0,5,4,5,Dry,Straight,Level,Lowest,No
21368,32,Nevada,320256,0,2,2,0,3,NOT APPLICABLE,October,16,Monday,9,52,Rural,Medium Speed (Collector),No,39.47057222,-118.84249167,Complex/Circle,Daylight,Clear,Unknown,Unknown,Unknown EMS Scene Arrival Hour,Unknown EMS Scene Arrival Minutes,Unknown,Unknown EMS Hospital Arrival Time,2,Daylight,Clear,2,1,"['Driver', 'Front_Passenger']","['Shoulder_Lapbelt', 'Shoulder_Lapbelt']",0,0,Valid,0.0,0.0,73.0,53.0,"['Female', 'Male']",0,0,4,4,5,Dry,Straight,Level,Lowest,No
21369,32,Nevada,320257,0,1,1,0,2,NORTH LAS VEGAS,October,20,Friday,2,1,Urban,Low Speed (Local),No,36.22499722,-115.10376111,Non-Intersection,Dark - Lighted,Clear,Unknown,Unknown,Unknown EMS Scene Arrival Hour,Unknown EMS Scene Arrival Minutes,Unknown,Unknown EMS Hospital Arrival Time,1,Dark - Lighted,Clear,1,1,['Front_Passenger'],['None_Used'],1,1,Valid,0.0,0.0,42.0,42.0,['Female'],2,0,3,4,3,Dry,Straight,Level,Lowest,No
21370,32,Nevada,320258,1,1,1,0,1,NOT APPLICABLE,October,20,Friday,0,58,Urban,Medium Speed (Collector),No,36.06115833,-115.17250278,Non-Intersection,Dark - Not Lighted,Clear,Unknown,Unknown,Unknown EMS Scene Arrival Hour,Unknown EMS Scene Arrival Minutes,Not Applicable (Not Transported),Not Applicable (Not Transported),1,Dark - Unlighted,Clear,0,1,[],[],1,1,Valid,0.0,0.0,37.0,37.0,['Male'],0,0,3,2,4,Dry,Straight,Level,Lowest,No
21371,32,Nevada,320259,1,1,1,0,1,NOT APPLICABLE,July,2,Sunday,21,12,Urban,Medium Speed (Collector),No,36.12206944,-115.14511111,Non-Intersection,Dark - Lighted,Clear,9:00pm-9:59pm,14,9:00pm-9:59pm,19,9:00pm-9:59pm,29,1,Dark - Lighted,Clear,0,0,[],[],0,0,Invalid,0.0,0.0,999.0,999.0,['Other'],0,0,2,0,4,Dry,Curve,Level,Lowest,No
21372,32,Nevada,320260,1,1,1,0,1,NOT APPLICABLE,July,8,Saturday,1,35,Urban,High Speed (Arterial),Yes,36.19564722,-115.15226944,Complex/Circle,Dark - Lighted,Clear,1:00am-1:59am,38,1:00am-1:59am,43,1:00am-1:59am,54,1,Dark - Lighted,Clear,0,1,[],[],0,0,Valid,0.0,0.0,51.0,51.0,['Female'],0,0,3,3,4,Dry,Straight,Level,Lowest,No
21373,32,Nevada,320261,0,1,1,0,1,RENO,September,30,Saturday,18,54,Urban,Medium Speed (Collector),No,39.64852778,-119.82866111,Non-Intersection,Dusk,Clear,Unknown,Unknown,Unknown EMS Scene Arrival Hour,Unknown EMS Scene Arrival Minutes,Not Applicable (Not Transported),Not Applicable (Not Transported),1,Twilight,Clear,1,0,['Driver'],['None_Used'],0,0,Valid,0.0,0.0,58.0,58.0,['Male'],0,0,3,4,3,Dry,Curve,Level,Lowest,No
21374,32,Nevada,320262,1,1,1,0,1,HENDERSON,October,17,Tuesday,6,42,Rural,Low Speed (Local),No,36.11636111,-114.92656389,Complex/Circle,Daylight,Clear,Unknown,Unknown,Unknown EMS Scene Arrival Hour,Unknown EMS Scene Arrival Minutes,Unknown,Unknown EMS Hospital Arrival Time,1,Daylight,Clear,0,1,[],[],0,0,Valid,1.0,0.0,44.0,44.0,['Male'],0,0,4,1,4,Dry,Curve,Grade/Hillcrest,Lowest,No
21375,32,Nevada,320263,1,1,1,0,1,HENDERSON,October,18,Wednesday,19,29,Urban,High Speed (Arterial),Yes,36.06159722,-115.00661389,Complex/Circle,Dark - Lighted,Clear,Unknown,Unknown,Unknown EMS Scene Arrival Hour,Unknown EMS Scene Arrival Minutes,Unknown,Unknown EMS Hospital Arrival Time,1,Dark - Lighted,Clear,0,1,[],[],0,0,Valid,0.0,1.0,40.0,40.0,['Male'],0,0,3,2,4,Dry,Straight,Grade/Hillcrest,Lowest,No
21376,32,Nevada,320264,0,1,1,0,1,NOT APPLICABLE,October,20,Friday,7,27,Rural,Medium Speed (Collector),No,39.65406944,-119.32872778,Non-Intersection,Daylight,Not Reported,Unknown,Unknown,Unknown EMS Scene Arrival Hour,Unknown EMS Scene Arrival Minutes,Unknown,Unknown EMS Hospital Arrival Time,1,Daylight,Clear,1,0,['Driver'],['None_Used'],0,0,Valid,0.0,0.0,26.0,26.0,['Male'],0,0,3,4,3,Dry,Curve,Grade/Hillcrest,Lowest,No
21377,32,Nevada,320265,0,1,1,0,1,LAS VEGAS,October,22,Sunday,11,4,Rural,Medium Speed (Collector),No,36.04863333,-115.39762778,Non-Intersection,Other,Clear,Unknown,Unknown if Notified,Unknown EMS Scene Arrival Hour,Unknown if Arrived,Not Applicable (Not Transported),Not Applicable (Not Transported),1,Dark - Unlighted,Clear,1,0,['Driver'],['None_Used'],0,0,Valid,0.0,0.0,32.0,32.0,['Male'],0,0,5,4,2,Dry,Curve,Grade/Hillcrest,Lowest,No
21378,32,Nevada,320266,1,1,1,0,1,NOT APPLICABLE,October,26,Thursday,20,18,Urban,High Speed (Arterial),Yes,36.11706111,-115.06893889,Non-Intersection,Dark - Lighted,Clear,Unknown,Unknown,Unknown EMS Scene Arrival Hour,Unknown EMS Scene Arrival Minutes,Unknown,Unknown EMS Hospital Arrival Time,1,Dark - Lighted,Clear,0,0,[],[],0,0,Invalid,0.0,0.0,999.0,999.0,['Other'],0,0,1,0,4,Dry,Straight,Level,Lowest,No
21379,32,Nevada,320267,0,2,2,0,5,NOT APPLICABLE,October,27,Friday,19,30,Urban,High Speed (Arterial),Yes,36.14073889,-115.065575,Non-Intersection,Dark - Lighted,Clear,7:00pm-7:59pm,36,7:00pm-7:59pm,39,8:00pm-8:59pm,8,1,Dark - Lighted,Clear,1,2,['Front_Passenger'],['Shoulder_Lapbelt'],1,1,Valid,0.0,0.0,34.0,20.0,"['Male', 'Male']",0,0,2,4,5,Dry,Straight,Grade/Hillcrest,Lowest,No
21380,32,Nevada,320268,0,1,1,0,2,NOT APPLICABLE,October,28,Saturday,4,33,Urban,Medium Speed (Collector),No,36.19736667,-115.02633611,Non-Intersection,Dark - Lighted,Clear,Unknown,Unknown,Unknown EMS Scene Arrival Hour,Unknown EMS Scene Arrival Minutes,Unknown,Unknown EMS Hospital Arrival Time,1,Dark - Lighted,Clear,1,1,['Driver'],['Shoulder_Lapbelt'],0,0,Invalid,0.0,0.0,18.0,18.0,['Female'],2,0,2,4,3,Dry,Straight,Level,Lowest,No
21381,32,Nevada,320269,0,2,2,0,3,NORTH LAS VEGAS,October,28,Saturday,18,58,Urban,High Speed (Arterial),Yes,36.23938056,-115.14843056,Simple Junction,Dark - Lighted,Clear,Unknown,Unknown,Unknown EMS Scene Arrival Hour,Unknown EMS Scene Arrival Minutes,Unknown,Unknown EMS Hospital Arrival Time,1,Dark - Lighted,Clear,1,2,['Driver'],['None_Used'],0,0,Valid,0.0,0.0,34.0,17.0,"['Male', 'Male']",1,0,5,4,5,Dry,Straight,Level,Lowest,No
21382,32,Nevada,320270,0,2,2,0,3,LAS VEGAS,October,29,Sunday,21,35,Urban,Medium Speed (Collector),No,36.18098056,-115.09833333,Complex/Circle,Dark - Lighted,Clear,9:00pm-9:59pm,36,9:00pm-9:59pm,40,10:00pm-10:59pm,2,1,Dark - Lighted,Clear,1,2,['Driver'],['None_Used'],0,0,Valid,0.0,0.0,33.0,23.0,"['Male', 'Male']",0,0,5,4,5,Dry,Straight,Level,Lowest,No
21383,32,Nevada,320271,0,1,1,0,1,NOT APPLICABLE,October,16,Monday,4,15,Rural,High Speed (Arterial),Yes,40.64672778,-118.18060556,Non-Intersection,Dark - Not Lighted,Cloudy,Unknown,Unknown,Unknown EMS Scene Arrival Hour,Unknown EMS Scene Arrival Minutes,Not Applicable (Not Transported),Not Applicable (Not Transported),1,Dark - Unlighted,Reduced Visibility,1,0,['Driver'],['Shoulder_Lapbelt'],0,0,Valid,0.0,0.0,23.0,23.0,['Male'],0,0,3,4,3,Dry,Curve,Grade/Hillcrest,Lowest,No
21384,32,Nevada,320272,0,1,1,0,1,NOT APPLICABLE,August,18,Friday,16,55,Rural,Medium Speed (Collector),No,38.07612778,-117.05594722,Non-Intersection,Daylight,Clear,Unknown,Unknown if Notified,Unknown EMS Scene Arrival Hour,Unknown if Arrived,Not Applicable (Not Transported),Not Applicable (Not Transported),1,Daylight,Clear,1,0,['Driver'],['Shoulder_Lapbelt'],0,0,Valid,0.0,0.0,41.0,41.0,['Female'],0,0,3,4,3,Dry,Straight,Grade/Hillcrest,Lowest,No
21385,32,Nevada,320273,1,2,2,0,1,NOT APPLICABLE,August,7,Monday,8,55,Urban,High Speed (Arterial),No,36.27871389,-115.19436944,Non-Intersection,Daylight,Clear,Unknown,Unknown,Unknown EMS Scene Arrival Hour,Unknown EMS Scene Arrival Minutes,Unknown,Unknown EMS Hospital Arrival Time,1,Daylight,Clear,0,1,[],[],0,0,Valid,0.0,0.0,41.0,41.0,['Male'],1,0,3,4,4,Dry,Curve,Grade/Hillcrest,Lowest,No
21386,32,Nevada,320274,0,1,1,0,1,NOT APPLICABLE,August,13,Sunday,12,4,Urban,Low Speed (Local),No,36.13482222,-115.124,Non-Intersection,Daylight,Clear,12:00pm-12:59pm,6,12:00pm-12:59pm,10,12:00pm-12:59pm,14,1,Daylight,Clear,1,0,['Driver'],['None_Used'],0,0,Invalid,0.0,0.0,9.0,9.0,['Male'],0,0,5,2,3,Dry,Straight,Level,Lowest,No
21387,32,Nevada,320275,1,1,1,0,1,NOT APPLICABLE,May,11,Thursday,20,49,Urban,Medium Speed (Collector),No,36.0559,-115.24096111,Non-Intersection,Dark - Lighted,Clear,Unknown,Unknown,Unknown EMS Scene Arrival Hour,Unknown EMS Scene Arrival Minutes,Not Applicable (Not Transported),Not Applicable (Not Transported),1,Dark - Lighted,Clear,0,1,[],[],0,0,Valid,0.0,0.0,53.0,53.0,['Male'],0,0,3,2,4,Dry,Straight,Level,Lowest,No
21388,32,Nevada,320276,0,1,1,0,1,NOT APPLICABLE,October,29,Sunday,8,32,Rural,High Speed (Arterial),Yes,39.73411389,-119.07411667,Non-Intersection,Daylight,Clear,Unknown,Unknown,Unknown EMS Scene Arrival Hour,Unknown EMS Scene Arrival Minutes,Unknown,Unknown EMS Hospital Arrival Time,1,Daylight,Clear,1,0,['Driver'],['Shoulder_Lapbelt'],0,0,Valid,0.0,0.0,66.0,66.0,['Female'],0,0,3,4,3,Dry,Straight,Level,Lowest,No
21389,32,Nevada,320277,0,1,1,0,1,NOT APPLICABLE,November,5,Sunday,10,59,Urban,Medium Speed (Collector),No,36.21591944,-114.63646944,Non-Intersection,Daylight,Clear,Unknown,Unknown,Unknown EMS Scene Arrival Hour,Unknown EMS Scene Arrival Minutes,Not Applicable (Not Transported),Not Applicable (Not Transported),1,Daylight,Clear,1,0,['Driver'],['None_Used'],0,0,Valid,0.0,0.0,36.0,36.0,['Male'],1,0,5,4,3,Dry,Curve,Grade/Hillcrest,Lowest,No
21390,32,Nevada,320278,0,3,3,0,8,LAS VEGAS,November,5,Sunday,15,14,Urban,Medium Speed (Collector),No,36.12639167,-115.18058056,Non-Intersection,Daylight,Clear,Unknown,Unknown,Unknown EMS Scene Arrival Hour,Unknown EMS Scene Arrival Minutes,Unknown,Unknown EMS Hospital Arrival Time,1,Daylight,Clear,1,7,['Driver'],['None_Used'],0,0,Valid,0.0,0.0,59.0,20.0,"['Male', 'Male', 'Male']",1,0,5,4,5,Dry,Curve,Grade/Hillcrest,Lowest,No
21391,32,Nevada,320279,0,2,2,0,2,NOT APPLICABLE,November,7,Tuesday,13,8,Urban,Medium Speed (Collector),No,36.14911111,-115.08308333,Complex/Circle,Daylight,Clear,1:00pm-1:59pm,10,1:00pm-1:59pm,14,1:00pm-1:59pm,35,1,Daylight,Clear,1,1,['Driver'],['Shoulder_Lapbelt'],0,0,Valid,0.0,1.0,66.0,49.0,"['Male', 'Male']",0,0,4,3,5,Dry,Straight,Level,Lowest,No
21392,32,Nevada,320280,1,1,1,0,1,NOT APPLICABLE,November,8,Wednesday,3,33,Urban,Medium Speed (Collector),No,36.02331389,-115.18346667,Non-Intersection,Dark - Not Lighted,Clear,Unknown,Unknown,Unknown EMS Scene Arrival Hour,Unknown EMS Scene Arrival Minutes,Not Applicable (Not Transported),Not Applicable (Not Transported),1,Dark - Unlighted,Clear,0,0,[],[],0,0,Invalid,0.0,0.0,999.0,999.0,['Other'],0,0,1,0,4,Dry,Straight,Level,Lowest,No
21393,32,Nevada,320281,0,2,2,0,2,NOT APPLICABLE,November,12,Sunday,3,10,Urban,Medium Speed (Collector),No,36.11542222,-115.19000833,Complex/Circle,Dark - Lighted,Clear,3:00am-3:59am,12,3:00am-3:59am,17,3:00am-3:59am,33,1,Dark - Lighted,Clear,1,1,['Driver'],['Shoulder_Lapbelt'],1,1,Valid,0.0,0.0,49.0,35.0,"['Male', 'Male']",0,0,3,4,5,Dry,Straight,Level,Lowest,No
21394,32,Nevada,320282,0,2,2,0,3,LAS VEGAS,November,12,Sunday,13,55,Urban,Medium Speed (Collector),No,36.15900833,-115.2848,Complex/Circle,Daylight,Clear,Unknown,Unknown,Unknown EMS Scene Arrival Hour,Unknown EMS Scene Arrival Minutes,Unknown,Unknown EMS Hospital Arrival Time,1,Daylight,Clear,1,1,['Rear_Seat'],['None_Used'],1,1,Valid,0.0,0.0,80.0,35.0,"['Male', 'Male']",1,0,2,3,5,Dry,Straight,Level,Lowest,No
21395,32,Nevada,320283,0,1,1,0,2,NORTH LAS VEGAS,November,12,Sunday,16,49,Urban,Low Speed (Local),No,36.30445833,-115.18853333,Simple Junction,Dark - Lighted,Clear,Unknown,Unknown,Unknown EMS Scene Arrival Hour,Unknown EMS Scene Arrival Minutes,Unknown,Unknown EMS Hospital Arrival Time,1,Dark - Lighted,Clear,1,1,['Driver'],['Shoulder_Lapbelt'],0,0,Valid,0.0,0.0,79.0,79.0,['Female'],0,0,2,3,3,Dry,Straight,Level,Medium,No
21396,32,Nevada,320284,0,2,2,0,3,NORTH LAS VEGAS,November,12,Sunday,19,54,Urban,Medium Speed (Collector),No,36.26542222,-115.09882778,Simple Junction,Dark - Lighted,Clear,Unknown,Unknown,Unknown EMS Scene Arrival Hour,Unknown EMS Scene Arrival Minutes,Unknown,Unknown EMS Hospital Arrival Time,1,Dark - Lighted,Clear,1,2,['Rear_Seat'],['None_Used'],0,0,Valid,0.0,0.0,36.0,29.0,"['Male', 'Male']",1,0,3,4,5,Dry,Straight,Level,Lowest,No
21397,32,Nevada,320285,0,1,1,0,1,NOT APPLICABLE,November,13,Monday,11,14,Rural,Medium Speed (Collector),No,36.5196,-115.55525,Non-Intersection,Daylight,Clear,Unknown,Unknown,Unknown EMS Scene Arrival Hour,Unknown EMS Scene Arrival Minutes,Not Applicable (Not Transported),Not Applicable (Not Transported),1,Daylight,Clear,1,0,['Driver'],['Shoulder_Lapbelt'],0,0,Valid,0.0,0.0,62.0,62.0,['Male'],0,0,4,4,2,Dry,Straight,Grade/Hillcrest,Lowest,No
21398,32,Nevada,320286,0,2,2,0,3,NOT APPLICABLE,November,14,Tuesday,14,50,Urban,Medium Speed (Collector),No,36.18733611,-114.74147222,Non-Intersection,Daylight,Clear,Unknown,Unknown,Unknown EMS Scene Arrival Hour,Unknown EMS Scene Arrival Minutes,Not Applicable (Not Transported),Not Applicable (Not Transported),2,Daylight,Clear,2,1,"['Driver', 'Front_Passenger']","['Shoulder_Lapbelt', 'Shoulder_Lapbelt']",0,0,Valid,0.0,0.0,58.0,50.0,"['Female', 'Male']",0,0,4,4,5,Dry,Curve,Grade/Hillcrest,Lowest,No
21399,32,Nevada,320287,1,1,1,0,1,NOT APPLICABLE,November,17,Friday,14,56,Urban,High Speed (Arterial),Yes,36.10014722,-115.06413889,Complex/Circle,Daylight,Clear,2:00pm-2:59pm,57,3:00pm-3:59pm,1,3:00pm-3:59pm,23,1,Daylight,Clear,0,1,[],[],0,0,Valid,0.0,0.0,46.0,46.0,['Female'],0,0,4,3,4,Dry,Straight,Level,Lowest,No
21400,32,Nevada,320288,0,1,1,0,2,NOT APPLICABLE,November,18,Saturday,20,47,Urban,Low Speed (Local),No,36.09675278,-115.082525,Simple Junction,Dark - Lighted,Clear,Unknown,Unknown,Unknown EMS Scene Arrival Hour,Unknown EMS Scene Arrival Minutes,Unknown,Unknown EMS Hospital Arrival Time,1,Dark - Lighted,Clear,1,1,['Driver'],['Shoulder_Lapbelt'],0,0,Valid,0.0,1.0,37.0,37.0,['Male'],2,0,3,4,3,Dry,Straight,Level,Lowest,No
21401,32,Nevada,320289,0,1,1,0,2,NOT APPLICABLE,November,18,Saturday,21,49,Rural,Medium Speed (Collector),No,35.80198056,-115.37245,Non-Intersection,Dark - Not Lighted,Clear,Unknown,Unknown,Unknown EMS Scene Arrival Hour,Unknown EMS Scene Arrival Minutes,Not Applicable (Not Transported),Not Applicable (Not Transported),1,Dark - Unlighted,Clear,1,1,['Front_Passenger'],['None_Used'],1,1,Valid,0.0,1.0,22.0,22.0,['Male'],0,0,3,4,3,Dry,Straight,Grade/Hillcrest,Lowest,No
21402,32,Nevada,320290,1,2,2,0,4,NOT APPLICABLE,November,19,Sunday,20,0,Urban,Medium Speed (Collector),No,36.11494444,-115.21633889,Complex/Circle,Dark - Lighted,Clear,Unknown,Unknown,Unknown EMS Scene Arrival Hour,Unknown EMS Scene Arrival Minutes,Not Applicable (Not Transported),Not Applicable (Not Transported),1,Dark - Lighted,Clear,0,4,[],[],0,0,Valid,0.0,0.0,74.0,41.0,"['Male', 'Male']",0,0,3,3,4,Dry,Straight,Level,Lowest,No
21403,32,Nevada,320291,1,1,1,0,1,NOT APPLICABLE,November,21,Tuesday,22,42,Urban,Medium Speed (Collector),No,36.114725,-115.26081667,Complex/Circle,Dark - Lighted,Clear,Unknown,Unknown,Unknown EMS Scene Arrival Hour,Unknown EMS Scene Arrival Minutes,Not Applicable (Not Transported),Not Applicable (Not Transported),1,Dark - Lighted,Clear,0,1,[],[],1,1,Valid,0.0,0.0,62.0,62.0,['Male'],0,0,3,3,4,Dry,Straight,Level,Lowest,No
21404,32,Nevada,320292,1,2,2,0,2,NOT APPLICABLE,November,22,Wednesday,7,51,Urban,Medium Speed (Collector),No,36.10030278,-115.13678056,Complex/Circle,Daylight,Clear,7:00am-7:59am,53,7:00am-7:59am,56,8:00am-8:59am,7,1,Daylight,Clear,0,2,[],[],0,0,Valid,0.0,0.0,45.0,26.0,"['Female', 'Female']",0,0,2,3,5,Dry,Straight,Level,Lowest,No
21405,32,Nevada,320293,0,2,2,0,2,NOT APPLICABLE,November,24,Friday,18,20,Rural,High Speed (Arterial),Yes,39.22306667,-114.95595556,Non-Intersection,Dark - Not Lighted,Snow,Unknown,Unknown if Notified,Unknown EMS Scene Arrival Hour,Unknown if Arrived,Not Applicable (Not Transported),Not Applicable (Not Transported),1,Dark - Unlighted,Snow/Ice/Severe,1,1,['Driver'],['Shoulder_Lapbelt'],0,0,Valid,0.0,1.0,40.0,33.0,"['Male', 'Male']",1,0,4,4,5,Icy/Snowy,Curve,Grade/Hillcrest,Lowest,No
21406,32,Nevada,320294,0,1,1,0,5,NOT APPLICABLE,November,16,Thursday,21,51,Urban,High Speed (Arterial),Yes,39.52931944,-118.97479722,Non-Intersection,Dark - Not Lighted,Cloudy,Unknown,Unknown,Unknown EMS Scene Arrival Hour,Unknown EMS Scene Arrival Minutes,Unknown,Unknown EMS Hospital Arrival Time,1,Dark - Unlighted,Reduced Visibility,1,4,['Driver'],['None_Used'],0,0,Invalid,0.0,3.0,24.0,24.0,['Female'],0,0,3,4,3,Dry,Straight,Level,Lowest,No
21407,32,Nevada,320295,1,1,1,0,1,NOT APPLICABLE,November,22,Wednesday,18,49,Urban,Medium Speed (Collector),No,36.10796667,-115.16022778,Non-Intersection,Dark - Lighted,Clear,6:00pm-6:59pm,50,6:00pm-6:59pm,56,7:00pm-7:59pm,9,1,Dark - Lighted,Clear,0,1,[],[],0,0,Valid,0.0,0.0,64.0,64.0,['Male'],0,0,2,3,4,Dry,Straight,Level,Lowest,No
21408,32,Nevada,320296,0,3,3,0,6,NOT APPLICABLE,October,19,Thursday,20,54,Rural,High Speed (Arterial),Yes,36.86406389,-116.75646389,Non-Intersection,Dark - Not Lighted,Clear,Unknown,Unknown,Unknown EMS Scene Arrival Hour,Unknown EMS Scene Arrival Minutes,Unknown,Unknown EMS Hospital Arrival Time,4,Dark - Unlighted,Clear,4,2,"['Front_Passenger', 'Rear_Seat', 'Driver', 'Front_Passenger']","['Shoulder_Lapbelt', 'Shoulder_Lapbelt', 'Shoulder_Lapbelt', 'Shoulder_Lapbelt']",0,0,Invalid,0.0,0.0,999.0,21.0,"['Male', 'Male', 'Male']",0,0,4,4,5,Dry,Straight,Grade/Hillcrest,Lowest,No
21409,32,Nevada,320298,0,2,2,0,2,NOT APPLICABLE,November,18,Saturday,10,0,Rural,Medium Speed (Collector),No,37.64721944,-115.74500556,Simple Junction,Daylight,Cloudy,Unknown,Unknown,Unknown EMS Scene Arrival Hour,Unknown EMS Scene Arrival Minutes,Unknown,Unknown EMS Hospital Arrival Time,1,Daylight,Reduced Visibility,1,1,['Driver'],['Shoulder_Lapbelt'],0,0,Valid,0.0,1.0,87.0,61.0,"['Male', 'Male']",0,0,4,4,5,Dry,Straight,Grade/Hillcrest,Lowest,Yes
21410,32,Nevada,320299,0,1,1,0,2,NOT APPLICABLE,November,26,Sunday,19,14,Rural,High Speed (Arterial),Yes,36.76382778,-114.351325,Non-Intersection,Dark - Not Lighted,Clear,Unknown,Unknown,Unknown EMS Scene Arrival Hour,Unknown EMS Scene Arrival Minutes,Not Applicable (Not Transported),Not Applicable (Not Transported),2,Dark - Unlighted,Clear,2,0,"['Driver', 'Front_Passenger']","['None_Used', 'None_Used']",0,0,Invalid,0.0,0.0,35.0,35.0,['Male'],0,0,2,4,3,Dry,Straight,Level,Lowest,No
21411,32,Nevada,320300,1,1,1,0,1,NOT APPLICABLE,November,26,Sunday,21,10,Urban,High Speed (Arterial),Yes,36.25333056,-115.24478333,Non-Intersection,Dark - Lighted,Clear,Unknown,Unknown,Unknown EMS Scene Arrival Hour,Unknown EMS Scene Arrival Minutes,Not Applicable (Not Transported),Not Applicable (Not Transported),1,Dark - Lighted,Clear,0,1,[],[],0,0,Valid,0.0,0.0,78.0,78.0,['Female'],0,0,2,3,4,Dry,Straight,Grade/Hillcrest,Lowest,No
21412,32,Nevada,320301,3,3,1,2,1,LAS VEGAS,November,30,Thursday,3,33,Urban,High Speed (Arterial),Yes,36.178325,-115.14861389,Non-Intersection,Dark - Lighted,Clear,Unknown,Unknown,Unknown EMS Scene Arrival Hour,Unknown EMS Scene Arrival Minutes,Unknown,Unknown EMS Hospital Arrival Time,2,Dark - Lighted,Clear,0,1,[],[],1,1,Valid,0.0,0.0,46.0,46.0,['Male'],0,0,3,3,4,Dry,Curve,Level,Lowest,No
21413,32,Nevada,320303,1,1,1,0,1,NOT APPLICABLE,December,2,Saturday,5,14,Urban,Medium Speed (Collector),No,36.12979167,-115.12074167,Non-Intersection,Dark - Lighted,Clear,Unknown,Unknown,Unknown EMS Scene Arrival Hour,Unknown EMS Scene Arrival Minutes,Not Applicable (Not Transported),Not Applicable (Not Transported),1,Dark - Lighted,Clear,0,1,[],[],0,0,Valid,0.0,0.0,49.0,49.0,['Male'],0,0,2,3,4,Dry,Straight,Level,Lowest,No
21414,32,Nevada,320304,0,2,2,0,2,NOT APPLICABLE,December,2,Saturday,11,40,Urban,Medium Speed (Collector),No,36.11488889,-115.109925,Complex/Circle,Daylight,Clear,11:00am-11:59am,42,11:00am-11:59am,48,12:00pm-12:59pm,0,1,Daylight,Clear,1,1,['Driver'],['None_Used'],0,0,Valid,0.0,0.0,52.0,29.0,"['Male', 'Male']",1,0,5,4,5,Dry,Straight,Grade/Hillcrest,Lowest,No
21415,32,Nevada,320305,0,5,5,0,6,NOT APPLICABLE,December,3,Sunday,19,16,Urban,High Speed (Arterial),Yes,36.11397778,-115.24282778,Complex/Circle,Dark - Lighted,Clear,7:00pm-7:59pm,18,7:00pm-7:59pm,23,7:00pm-7:59pm,44,1,Dark - Lighted,Clear,1,5,['Driver'],['None_Used'],1,1,Valid,0.0,0.0,63.0,24.0,"['Male', 'Male', 'Female', 'Female', 'Female']",1,0,3,4,5,Dry,Straight,Level,Lowest,No
21416,32,Nevada,320306,0,2,2,0,2,RENO,December,6,Wednesday,16,23,Urban,High Speed (Arterial),Yes,39.51433889,-119.78911111,Non-Intersection,Dusk,Cloudy,Unknown,Unknown,Unknown EMS Scene Arrival Hour,Unknown EMS Scene Arrival Minutes,Unknown,Unknown EMS Hospital Arrival Time,1,Twilight,Reduced Visibility,1,1,['Driver'],['None_Used'],0,0,Invalid,0.0,0.0,70.0,57.0,"['Male', 'Male']",0,0,5,4,5,Dry,Straight,Non-Trafficway,Lowest,No
21417,32,Nevada,320307,0,1,1,0,1,NOT APPLICABLE,December,12,Tuesday,22,29,Urban,Medium Speed (Collector),No,36.15953333,-115.04736389,Complex/Circle,Dark - Lighted,Clear,Unknown,Unknown,Unknown EMS Scene Arrival Hour,Unknown EMS Scene Arrival Minutes,Not Applicable (Not Transported),Not Applicable (Not Transported),1,Dark - Lighted,Clear,1,0,['Driver'],['None_Used'],0,0,Invalid,0.0,0.0,24.0,24.0,['Male'],0,0,3,4,2,Dry,Straight,Level,Lowest,No